loja_id,produto_id,categoria_id,is_medicamento,curva,data,estoque,venda,custo,preco,dia_semana_abrev,dia_do_mes,abreviacao_mes,fim_de_semana,inicio_fim_mes,media_leg7_estoque,pred_venda
7,27,1,False,0,2025-02-22,2,0.0,0.07,0.08,5,22,0,1,0,,0.0
7,982,1,False,0,2025-02-22,2,0.0,0.2,0.23,5,22,0,1,0,2.0,0.0
7,1030,1,False,0,2025-02-22,2,0.0,0.29,0.34,5,22,0,1,0,2.0,0.0
7,1304,1,False,0,2025-02-22,1,1.0,0.04,0.05,5,22,0,1,0,2.0,0.0
7,1590,1,False,0,2025-02-22,4,0.0,0.06,0.07,5,22,0,1,0,1.75,0.0
7,1752,1,False,0,2025-02-22,2,0.0,0.16,0.2,5,22,0,1,0,2.2,0.0
7,1840,1,False,0,2025-02-22,2,0.0,0.13,0.15,5,22,0,1,0,2.1666666666666665,0.0
7,1853,1,False,0,2025-02-22,0,0.0,0.18,0.19,5,22,0,1,0,2.142857142857143,0.0
7,1874,1,False,0,2025-02-22,3,0.0,0.03,0.04,5,22,0,1,0,1.8571428571428572,0.0
7,2850,1,False,0,2025-02-22,2,0.0,0.18,0.2,5,22,0,1,0,2.0,0.0
7,3058,1,False,0,2025-02-22,3,0.0,0.16,0.22,5,22,0,1,0,2.0,0.0
7,3120,1,False,0,2025-02-22,3,0.0,0.16,0.17,5,22,0,1,0,2.2857142857142856,0.0
7,3621,1,False,0,2025-02-22,2,0.0,0.03,0.04,5,22,0,1,0,2.142857142857143,0.0
7,3625,1,False,0,2025-02-22,2,0.0,0.16,0.19,5,22,0,1,0,2.142857142857143,0.0
7,4088,1,False,0,2025-02-22,0,3.0,0.33,0.4,5,22,0,1,0,2.142857142857143,0.0
7,4089,1,False,0,2025-02-22,1,0.0,0.16,0.24,5,22,0,1,0,2.142857142857143,0.0
7,4206,1,False,0,2025-02-22,2,0.0,0.5,0.65,5,22,0,1,0,1.8571428571428572,0.0
7,4693,1,False,0,2025-02-22,2,0.0,0.09,0.12,5,22,0,1,0,1.8571428571428572,0.0
7,5035,1,False,0,2025-02-22,3,0.0,0.13,0.15,5,22,0,1,0,1.7142857142857142,0.0
7,9,3,True,0,2025-02-22,0,0.0,0.11,0.16,5,22,0,1,0,1.7142857142857142,0.0
7,42,3,True,0,2025-02-22,7,0.0,0.05,0.06,5,22,0,1,0,1.4285714285714286,0.0
7,54,3,True,0,2025-02-22,0,0.0,0.18,0.2,5,22,0,1,0,2.142857142857143,0.0
7,63,3,True,0,2025-02-22,0,0.0,0.14,0.17,5,22,0,1,0,2.142857142857143,0.0
7,71,3,True,0,2025-02-22,1,0.0,0.03,0.03,5,22,0,1,0,2.0,0.0
7,73,3,True,0,2025-02-22,0,0.0,0.15,0.19,5,22,0,1,0,1.8571428571428572,0.0
7,118,3,True,0,2025-02-22,7,0.0,0.05,0.07,5,22,0,1,0,1.5714285714285714,0.0
7,151,3,True,0,2025-02-22,0,0.0,0.21,0.29,5,22,0,1,0,2.142857142857143,0.0
7,154,3,True,0,2025-02-22,0,0.0,0.18,0.24,5,22,0,1,0,2.142857142857143,0.0
7,156,3,True,0,2025-02-22,0,0.0,0.04,0.05,5,22,0,1,0,1.1428571428571428,0.0
7,224,3,True,0,2025-02-22,1,0.0,0.06,0.08,5,22,0,1,0,1.1428571428571428,0.0
7,230,3,True,0,2025-02-22,16,0.0,0.03,0.05,5,22,0,1,0,1.2857142857142858,0.0
7,258,3,True,0,2025-02-22,1,0.0,0.03,0.04,5,22,0,1,0,3.4285714285714284,0.0
7,304,3,True,0,2025-02-22,0,0.0,0.1,0.12,5,22,0,1,0,3.5714285714285716,0.0
7,307,3,True,0,2025-02-22,0,0.0,0.16,0.19,5,22,0,1,0,2.5714285714285716,0.0
7,319,3,True,0,2025-02-22,1,0.0,0.35,0.44,5,22,0,1,0,2.5714285714285716,0.0
7,323,3,True,0,2025-02-22,1,0.0,0.28,0.32,5,22,0,1,0,2.7142857142857144,0.0
7,347,3,True,0,2025-02-22,0,0.0,0.06,0.07,5,22,0,1,0,2.857142857142857,0.0
7,377,3,True,0,2025-02-22,0,0.0,0.14,0.16,5,22,0,1,0,2.7142857142857144,0.0
7,384,3,True,0,2025-02-22,0,0.0,0.04,0.06,5,22,0,1,0,0.42857142857142855,0.0
7,396,3,True,0,2025-02-22,0,0.0,0.22,0.26,5,22,0,1,0,0.2857142857142857,0.0
7,400,3,True,0,2025-02-22,1,0.0,0.19,0.21,5,22,0,1,0,0.2857142857142857,0.0
7,409,3,True,0,2025-02-22,0,0.0,0.1,0.13,5,22,0,1,0,0.42857142857142855,0.0
7,414,3,True,0,2025-02-22,0,0.0,0.08,0.1,5,22,0,1,0,0.2857142857142857,0.0
7,424,3,True,0,2025-02-22,1,0.0,0.09,0.11,5,22,0,1,0,0.14285714285714285,0.0
7,430,3,True,0,2025-02-22,0,0.0,0.13,0.1,5,22,0,1,0,0.2857142857142857,0.0
7,452,3,True,0,2025-02-22,1,0.0,0.07,0.08,5,22,0,1,0,0.2857142857142857,0.0
7,514,3,True,0,2025-02-22,0,0.0,0.16,0.22,5,22,0,1,0,0.42857142857142855,0.0
7,541,3,True,0,2025-02-22,1,0.0,0.07,0.1,5,22,0,1,0,0.42857142857142855,0.0
7,550,3,True,0,2025-02-22,0,0.0,0.13,0.15,5,22,0,1,0,0.42857142857142855,0.0
7,570,3,True,0,2025-02-22,0,1.0,0.15,0.17,5,22,0,1,0,0.42857142857142855,0.0
7,571,3,True,0,2025-02-22,0,0.0,0.11,0.12,5,22,0,1,0,0.42857142857142855,0.0
7,604,3,True,0,2025-02-22,0,0.0,0.3,0.35,5,22,0,1,0,0.2857142857142857,0.0
7,618,3,True,0,2025-02-22,0,0.0,0.13,0.14,5,22,0,1,0,0.2857142857142857,0.0
7,630,3,True,0,2025-02-22,0,0.0,0.06,0.08,5,22,0,1,0,0.14285714285714285,0.0
7,642,3,True,0,2025-02-22,2,0.0,0.07,0.09,5,22,0,1,0,0.14285714285714285,0.0
7,643,3,True,0,2025-02-22,0,0.0,0.06,0.07,5,22,0,1,0,0.2857142857142857,0.0
7,664,3,True,0,2025-02-22,0,0.0,0.14,0.17,5,22,0,1,0,0.2857142857142857,0.0
7,674,3,True,0,2025-02-22,0,0.0,0.15,0.19,5,22,0,1,0,0.2857142857142857,0.0
7,679,3,True,0,2025-02-22,2,0.0,0.06,0.07,5,22,0,1,0,0.2857142857142857,0.0
7,713,3,True,0,2025-02-22,0,0.0,0.06,0.07,5,22,0,1,0,0.5714285714285714,0.0
7,725,3,True,0,2025-02-22,0,0.0,0.18,0.21,5,22,0,1,0,0.5714285714285714,0.0
7,766,3,True,0,2025-02-22,0,1.0,0.06,0.07,5,22,0,1,0,0.5714285714285714,0.0
7,767,3,True,0,2025-02-22,0,0.0,0.17,0.24,5,22,0,1,0,0.2857142857142857,0.0
7,775,3,True,0,2025-02-22,0,0.0,0.12,0.15,5,22,0,1,0,0.2857142857142857,0.0
7,800,3,True,0,2025-02-22,1,0.0,0.26,0.35,5,22,0,1,0,0.2857142857142857,0.0
7,804,3,True,0,2025-02-22,0,0.0,0.1,0.17,5,22,0,1,0,0.42857142857142855,0.0
7,806,3,True,0,2025-02-22,0,0.0,0.08,0.1,5,22,0,1,0,0.14285714285714285,0.0
7,807,3,True,0,2025-02-22,0,0.0,0.13,0.15,5,22,0,1,0,0.14285714285714285,0.0
7,808,3,True,0,2025-02-22,1,0.0,0.06,0.07,5,22,0,1,0,0.14285714285714285,0.0
7,832,3,True,0,2025-02-22,0,0.0,0.12,0.15,5,22,0,1,0,0.2857142857142857,0.0
7,836,3,True,0,2025-02-22,0,0.0,0.07,0.08,5,22,0,1,0,0.2857142857142857,0.0
7,841,3,True,0,2025-02-22,0,0.0,0.13,0.15,5,22,0,1,0,0.2857142857142857,0.0
7,847,3,True,0,2025-02-22,1,0.0,0.08,0.13,5,22,0,1,0,0.14285714285714285,0.0
7,850,3,True,0,2025-02-22,0,0.0,0.49,0.51,5,22,0,1,0,0.2857142857142857,0.0
7,874,3,True,0,2025-02-22,0,1.0,0.03,0.04,5,22,0,1,0,0.2857142857142857,0.0
7,897,3,True,0,2025-02-22,0,0.0,0.05,0.06,5,22,0,1,0,0.2857142857142857,0.0
7,903,3,True,0,2025-02-22,1,0.0,0.05,0.08,5,22,0,1,0,0.14285714285714285,0.0
7,905,3,True,0,2025-02-22,0,0.0,0.12,0.17,5,22,0,1,0,0.2857142857142857,0.0
7,921,3,True,0,2025-02-22,0,0.0,0.09,0.12,5,22,0,1,0,0.2857142857142857,0.0
7,922,3,True,0,2025-02-22,0,0.0,0.07,0.1,5,22,0,1,0,0.2857142857142857,0.0
7,937,3,True,0,2025-02-22,14,0.0,0.03,0.05,5,22,0,1,0,0.14285714285714285,0.0
7,940,3,True,0,2025-02-22,1,0.0,0.2,0.24,5,22,0,1,0,2.142857142857143,0.0
7,965,3,True,0,2025-02-22,2,0.0,0.36,0.43,5,22,0,1,0,2.2857142857142856,0.0
7,971,3,True,0,2025-02-22,2,0.0,0.08,0.1,5,22,0,1,0,2.5714285714285716,0.0
7,978,3,True,0,2025-02-22,0,0.0,0.11,0.16,5,22,0,1,0,2.7142857142857144,0.0
7,983,3,True,0,2025-02-22,0,0.0,0.11,0.13,5,22,0,1,0,2.7142857142857144,0.0
7,1005,3,True,0,2025-02-22,3,0.0,0.07,0.09,5,22,0,1,0,2.7142857142857144,0.0
7,1006,3,True,0,2025-02-22,0,0.0,0.03,0.04,5,22,0,1,0,3.142857142857143,0.0
7,1022,3,True,0,2025-02-22,1,0.0,0.09,0.11,5,22,0,1,0,1.1428571428571428,0.0
7,1046,3,True,0,2025-02-22,0,0.0,0.06,0.1,5,22,0,1,0,1.1428571428571428,0.0
7,1074,3,True,0,2025-02-22,2,0.0,0.11,0.13,5,22,0,1,0,0.8571428571428571,0.0
7,1080,3,True,0,2025-02-22,0,0.0,0.15,0.17,5,22,0,1,0,0.8571428571428571,0.0
7,1089,3,True,0,2025-02-22,0,0.0,0.11,0.14,5,22,0,1,0,0.8571428571428571,0.0
7,1094,3,True,0,2025-02-22,1,0.0,0.18,0.19,5,22,0,1,0,0.8571428571428571,0.0
7,1106,3,True,0,2025-02-22,6,0.0,0.08,0.12,5,22,0,1,0,0.5714285714285714,0.0
7,1141,3,True,0,2025-02-22,1,0.0,0.09,0.14,5,22,0,1,0,1.4285714285714286,0.0
7,1142,3,True,0,2025-02-22,0,0.0,0.28,0.26,5,22,0,1,0,1.4285714285714286,0.0
7,1150,3,True,0,2025-02-22,0,0.0,0.04,0.05,5,22,0,1,0,1.4285714285714286,0.0
7,1153,3,True,0,2025-02-22,0,0.0,0.07,0.08,5,22,0,1,0,1.1428571428571428,0.0
7,1173,3,True,0,2025-02-22,0,0.0,0.05,0.05,5,22,0,1,0,1.1428571428571428,0.0
7,1208,3,True,0,2025-02-22,1,0.0,0.1,0.12,5,22,0,1,0,1.1428571428571428,0.0
7,1246,3,True,0,2025-02-22,0,0.0,0.04,0.07,5,22,0,1,0,1.1428571428571428,0.0
7,1254,3,True,0,2025-02-22,0,0.0,0.23,0.29,5,22,0,1,0,0.2857142857142857,0.0
7,1280,3,True,0,2025-02-22,0,0.0,0.14,0.1,5,22,0,1,0,0.14285714285714285,0.0
7,1315,3,True,0,2025-02-22,0,0.0,0.14,0.19,5,22,0,1,0,0.14285714285714285,0.0
7,1322,3,True,0,2025-02-22,0,0.0,0.25,0.35,5,22,0,1,0,0.14285714285714285,0.0
7,1337,3,True,0,2025-02-22,0,0.0,0.04,0.05,5,22,0,1,0,0.14285714285714285,0.0
7,1348,3,True,0,2025-02-22,0,0.0,0.14,0.19,5,22,0,1,0,0.14285714285714285,0.0
7,1353,3,True,0,2025-02-22,2,0.0,0.12,0.15,5,22,0,1,0,0.0,0.0
7,1387,3,True,0,2025-02-22,0,0.0,0.04,0.05,5,22,0,1,0,0.2857142857142857,0.0
7,1413,3,True,0,2025-02-22,0,0.0,0.51,0.6,5,22,0,1,0,0.2857142857142857,0.0
7,1446,3,True,0,2025-02-22,15,0.0,0.01,0.01,5,22,0,1,0,0.2857142857142857,0.0
7,1450,3,True,0,2025-02-22,1,0.0,0.05,0.07,5,22,0,1,0,2.4285714285714284,0.0
7,1458,3,True,0,2025-02-22,2,0.0,0.05,0.06,5,22,0,1,0,2.5714285714285716,0.0
7,1460,3,True,0,2025-02-22,7,0.0,0.05,0.08,5,22,0,1,0,2.857142857142857,0.0
7,1486,3,True,0,2025-02-22,0,0.0,0.07,0.1,5,22,0,1,0,3.857142857142857,0.0
7,1514,3,True,0,2025-02-22,0,0.0,0.19,0.24,5,22,0,1,0,3.5714285714285716,0.0
7,1518,3,True,0,2025-02-22,0,0.0,0.17,0.23,5,22,0,1,0,3.5714285714285716,0.0
7,1520,3,True,0,2025-02-22,1,0.0,0.05,0.07,5,22,0,1,0,3.5714285714285716,0.0
7,1577,3,True,0,2025-02-22,1,0.0,0.07,0.09,5,22,0,1,0,1.5714285714285714,0.0
7,1604,3,True,0,2025-02-22,1,0.0,0.36,0.49,5,22,0,1,0,1.5714285714285714,0.0
7,1651,3,True,0,2025-02-22,2,0.0,0.22,0.25,5,22,0,1,0,1.4285714285714286,0.0
7,1660,3,True,0,2025-02-22,0,0.0,0.1,0.13,5,22,0,1,0,0.7142857142857143,0.0
7,1667,3,True,0,2025-02-22,0,0.0,0.07,0.08,5,22,0,1,0,0.7142857142857143,0.0
7,1689,3,True,0,2025-02-22,2,0.0,0.05,0.06,5,22,0,1,0,0.7142857142857143,0.0
7,1691,3,True,0,2025-02-22,2,0.0,0.03,0.05,5,22,0,1,0,1.0,0.0
7,1717,3,True,0,2025-02-22,0,0.0,0.27,0.31,5,22,0,1,0,1.1428571428571428,0.0
7,1736,3,True,0,2025-02-22,0,0.0,0.06,0.09,5,22,0,1,0,1.0,0.0
7,1781,3,True,0,2025-02-22,0,0.0,0.04,0.05,5,22,0,1,0,0.8571428571428571,0.0
7,1791,3,True,0,2025-02-22,0,0.0,0.3,0.44,5,22,0,1,0,0.5714285714285714,0.0
7,1798,3,True,0,2025-02-22,12,0.0,0.22,0.24,5,22,0,1,0,0.5714285714285714,0.0
7,1800,3,True,0,2025-02-22,1,0.0,0.24,0.36,5,22,0,1,0,2.2857142857142856,0.0
7,1803,3,True,0,2025-02-22,1,0.0,0.07,0.11,5,22,0,1,0,2.142857142857143,0.0
7,1804,3,True,0,2025-02-22,1,0.0,0.09,0.12,5,22,0,1,0,2.0,0.0
7,1843,3,True,0,2025-02-22,2,0.0,0.04,0.05,5,22,0,1,0,2.142857142857143,0.0
7,1852,3,True,0,2025-02-22,0,0.0,0.05,0.07,5,22,0,1,0,2.4285714285714284,0.0
7,1871,3,True,0,2025-02-22,0,0.0,0.17,0.23,5,22,0,1,0,2.4285714285714284,0.0
7,1876,3,True,0,2025-02-22,2,1.0,0.07,0.08,5,22,0,1,0,2.4285714285714284,0.0
7,1881,3,True,0,2025-02-22,1,0.0,0.18,0.26,5,22,0,1,0,1.0,0.0
7,1903,3,True,0,2025-02-22,0,0.0,0.05,0.06,5,22,0,1,0,1.0,0.0
7,1908,3,True,0,2025-02-22,1,0.0,0.03,0.05,5,22,0,1,0,0.8571428571428571,0.0
7,1918,3,True,0,2025-02-22,2,0.0,0.03,0.04,5,22,0,1,0,0.8571428571428571,0.0
7,1932,3,True,0,2025-02-22,0,0.0,0.1,0.11,5,22,0,1,0,0.8571428571428571,0.0
7,1936,3,True,0,2025-02-22,1,0.0,0.43,0.53,5,22,0,1,0,0.8571428571428571,0.0
7,1947,3,True,0,2025-02-22,6,0.0,0.09,0.11,5,22,0,1,0,1.0,0.0
7,1962,3,True,0,2025-02-22,0,0.0,0.06,0.09,5,22,0,1,0,1.5714285714285714,0.0
7,1965,3,True,0,2025-02-22,0,0.0,0.24,0.29,5,22,0,1,0,1.4285714285714286,0.0
7,1992,3,True,0,2025-02-22,0,0.0,0.08,0.11,5,22,0,1,0,1.4285714285714286,0.0
7,1994,3,True,0,2025-02-22,0,0.0,0.03,0.03,5,22,0,1,0,1.2857142857142858,0.0
7,2017,3,True,0,2025-02-22,1,0.0,0.11,0.21,5,22,0,1,0,1.0,0.0
7,2019,3,True,0,2025-02-22,0,0.0,0.15,0.18,5,22,0,1,0,1.1428571428571428,0.0
7,2041,3,True,0,2025-02-22,0,0.0,0.06,0.08,5,22,0,1,0,1.0,0.0
7,2043,3,True,0,2025-02-22,0,0.0,0.07,0.09,5,22,0,1,0,0.14285714285714285,0.0
7,2047,3,True,0,2025-02-22,0,0.0,0.12,0.16,5,22,0,1,0,0.14285714285714285,0.0
7,2055,3,True,0,2025-02-22,2,0.0,0.1,0.15,5,22,0,1,0,0.14285714285714285,0.0
7,2084,3,True,0,2025-02-22,1,0.0,0.05,0.07,5,22,0,1,0,0.42857142857142855,0.0
7,2111,3,True,0,2025-02-22,0,0.0,0.29,0.34,5,22,0,1,0,0.5714285714285714,0.0
7,2114,3,True,0,2025-02-22,0,0.0,0.06,0.08,5,22,0,1,0,0.42857142857142855,0.0
7,2115,3,True,0,2025-02-22,0,0.0,0.49,0.72,5,22,0,1,0,0.42857142857142855,0.0
7,2117,3,True,0,2025-02-22,0,0.0,0.14,0.15,5,22,0,1,0,0.42857142857142855,0.0
7,2136,3,True,0,2025-02-22,0,0.0,0.28,0.31,5,22,0,1,0,0.42857142857142855,0.0
7,2146,3,True,0,2025-02-22,0,0.0,0.2,0.25,5,22,0,1,0,0.42857142857142855,0.0
7,2173,3,True,0,2025-02-22,0,0.0,0.04,0.04,5,22,0,1,0,0.14285714285714285,0.0
7,2186,3,True,0,2025-02-22,0,0.0,0.25,0.34,5,22,0,1,0,0.0,0.0
7,2192,3,True,0,2025-02-22,0,0.0,0.07,0.1,5,22,0,1,0,0.0,0.0
7,2201,3,True,0,2025-02-22,0,0.0,0.12,0.16,5,22,0,1,0,0.0,0.0
7,2203,3,True,0,2025-02-22,0,0.0,0.15,0.2,5,22,0,1,0,0.0,0.0
7,2206,3,True,0,2025-02-22,97,0.0,0.02,0.03,5,22,0,1,0,0.0,0.0
7,2228,3,True,0,2025-02-22,0,0.0,0.16,0.19,5,22,0,1,0,13.857142857142858,0.0
7,2245,3,True,0,2025-02-22,0,0.0,0.2,0.26,5,22,0,1,0,13.857142857142858,0.0
7,2249,3,True,0,2025-02-22,0,1.0,0.06,0.07,5,22,0,1,0,13.857142857142858,0.0
7,2265,3,True,0,2025-02-22,1,0.0,0.03,0.04,5,22,0,1,0,13.857142857142858,0.0
7,2268,3,True,0,2025-02-22,0,0.0,0.14,0.2,5,22,0,1,0,14.0,0.0
7,2282,3,True,0,2025-02-22,0,0.0,0.08,0.11,5,22,0,1,0,14.0,0.0
7,2289,3,True,0,2025-02-22,15,0.0,0.08,0.11,5,22,0,1,0,14.0,0.0
7,2300,3,True,0,2025-02-22,0,0.0,0.23,0.28,5,22,0,1,0,2.2857142857142856,0.0
7,2314,3,True,0,2025-02-22,0,0.0,0.06,0.08,5,22,0,1,0,2.2857142857142856,0.0
7,2316,3,True,0,2025-02-22,0,0.0,0.08,0.1,5,22,0,1,0,2.2857142857142856,0.0
7,2347,3,True,0,2025-02-22,0,0.0,0.16,0.19,5,22,0,1,0,2.2857142857142856,0.0
7,2350,3,True,0,2025-02-22,0,0.0,0.04,0.06,5,22,0,1,0,2.142857142857143,0.0
7,2385,3,True,0,2025-02-22,0,0.0,0.02,0.03,5,22,0,1,0,2.142857142857143,0.0
7,2387,3,True,0,2025-02-22,0,0.0,0.1,0.14,5,22,0,1,0,2.142857142857143,0.0
7,2394,3,True,0,2025-02-22,0,0.0,0.12,0.16,5,22,0,1,0,0.0,0.0
7,2402,3,True,0,2025-02-22,0,0.0,0.07,0.1,5,22,0,1,0,0.0,0.0
7,2406,3,True,0,2025-02-22,0,0.0,0.29,0.32,5,22,0,1,0,0.0,0.0
7,2411,3,True,0,2025-02-22,3,0.0,0.16,0.2,5,22,0,1,0,0.0,0.0
7,2422,3,True,0,2025-02-22,0,0.0,0.27,0.32,5,22,0,1,0,0.42857142857142855,0.0
7,2426,3,True,0,2025-02-22,0,0.0,0.15,0.14,5,22,0,1,0,0.42857142857142855,0.0
7,2472,3,True,0,2025-02-22,0,0.0,0.09,0.13,5,22,0,1,0,0.42857142857142855,0.0
7,2496,3,True,0,2025-02-22,0,0.0,0.22,0.27,5,22,0,1,0,0.42857142857142855,0.0
7,2501,3,True,0,2025-02-22,0,0.0,0.09,0.11,5,22,0,1,0,0.42857142857142855,0.0
7,2505,3,True,0,2025-02-22,0,0.0,0.09,0.1,5,22,0,1,0,0.42857142857142855,0.0
7,2521,3,True,0,2025-02-22,0,0.0,0.43,0.53,5,22,0,1,0,0.42857142857142855,0.0
7,2524,3,True,0,2025-02-22,2,0.0,0.29,0.38,5,22,0,1,0,0.0,0.0
7,2532,3,True,0,2025-02-22,1,0.0,0.12,0.11,5,22,0,1,0,0.2857142857142857,0.0
7,2533,3,True,0,2025-02-22,0,0.0,0.34,0.38,5,22,0,1,0,0.42857142857142855,0.0
7,2555,3,True,0,2025-02-22,0,0.0,0.03,0.04,5,22,0,1,0,0.42857142857142855,0.0
7,2572,3,True,0,2025-02-22,0,0.0,0.34,0.4,5,22,0,1,0,0.42857142857142855,0.0
7,2573,3,True,0,2025-02-22,1,0.0,0.23,0.31,5,22,0,1,0,0.42857142857142855,0.0
7,2575,3,True,0,2025-02-22,0,0.0,0.02,0.03,5,22,0,1,0,0.5714285714285714,0.0
7,2578,3,True,0,2025-02-22,0,0.0,0.04,0.06,5,22,0,1,0,0.5714285714285714,0.0
7,2593,3,True,0,2025-02-22,2,0.0,0.01,0.02,5,22,0,1,0,0.2857142857142857,0.0
7,2594,3,True,0,2025-02-22,0,0.0,0.24,0.31,5,22,0,1,0,0.42857142857142855,0.0
7,2596,3,True,0,2025-02-22,2,0.0,0.22,0.19,5,22,0,1,0,0.42857142857142855,0.0
7,2626,3,True,0,2025-02-22,1,0.0,0.25,0.32,5,22,0,1,0,0.7142857142857143,0.0
7,2637,3,True,0,2025-02-22,0,1.0,0.15,0.19,5,22,0,1,0,0.8571428571428571,0.0
7,2650,3,True,0,2025-02-22,0,0.0,0.07,0.09,5,22,0,1,0,0.7142857142857143,0.0
7,2663,3,True,0,2025-02-22,0,0.0,0.54,0.67,5,22,0,1,0,0.7142857142857143,0.0
7,2664,3,True,0,2025-02-22,0,0.0,0.19,0.22,5,22,0,1,0,0.7142857142857143,0.0
7,2668,3,True,0,2025-02-22,0,0.0,0.22,0.27,5,22,0,1,0,0.42857142857142855,0.0
7,2710,3,True,0,2025-02-22,1,0.0,0.06,0.1,5,22,0,1,0,0.42857142857142855,0.0
7,2715,3,True,0,2025-02-22,0,0.0,0.04,0.05,5,22,0,1,0,0.2857142857142857,0.0
7,2741,3,True,0,2025-02-22,0,0.0,0.17,0.21,5,22,0,1,0,0.14285714285714285,0.0
7,2746,3,True,0,2025-02-22,0,0.0,0.15,0.19,5,22,0,1,0,0.14285714285714285,0.0
7,2768,3,True,0,2025-02-22,1,0.0,0.08,0.12,5,22,0,1,0,0.14285714285714285,0.0
7,2814,3,True,0,2025-02-22,0,0.0,0.1,0.14,5,22,0,1,0,0.2857142857142857,0.0
7,2826,3,True,0,2025-02-22,4,0.0,0.06,0.11,5,22,0,1,0,0.2857142857142857,0.0
7,2827,3,True,0,2025-02-22,0,0.0,0.34,0.41,5,22,0,1,0,0.8571428571428571,0.0
7,2861,3,True,0,2025-02-22,1,0.0,0.09,0.12,5,22,0,1,0,0.7142857142857143,0.0
7,2862,3,True,0,2025-02-22,0,0.0,0.32,0.48,5,22,0,1,0,0.8571428571428571,0.0
7,2864,3,True,0,2025-02-22,0,0.0,0.06,0.07,5,22,0,1,0,0.8571428571428571,0.0
7,2866,3,True,0,2025-02-22,0,0.0,0.25,0.34,5,22,0,1,0,0.8571428571428571,0.0
7,2902,3,True,0,2025-02-22,2,0.0,0.04,0.06,5,22,0,1,0,0.7142857142857143,0.0
7,2910,3,True,0,2025-02-22,0,0.0,0.25,0.29,5,22,0,1,0,1.0,0.0
7,2911,3,True,0,2025-02-22,0,0.0,0.27,0.32,5,22,0,1,0,0.42857142857142855,0.0
7,2951,3,True,0,2025-02-22,0,0.0,0.07,0.09,5,22,0,1,0,0.42857142857142855,0.0
7,2954,3,True,0,2025-02-22,0,0.0,0.05,0.06,5,22,0,1,0,0.2857142857142857,0.0
7,2958,3,True,0,2025-02-22,1,0.0,0.04,0.06,5,22,0,1,0,0.2857142857142857,0.0
7,2974,3,True,0,2025-02-22,0,0.0,0.12,0.15,5,22,0,1,0,0.42857142857142855,0.0
7,2975,3,True,0,2025-02-22,0,0.0,0.14,0.19,5,22,0,1,0,0.42857142857142855,0.0
7,2980,3,True,0,2025-02-22,0,0.0,0.06,0.07,5,22,0,1,0,0.14285714285714285,0.0
7,3022,3,True,0,2025-02-22,0,0.0,0.2,0.24,5,22,0,1,0,0.14285714285714285,0.0
7,3052,3,True,0,2025-02-22,0,0.0,0.16,0.22,5,22,0,1,0,0.14285714285714285,0.0
7,3061,3,True,0,2025-02-22,1,0.0,0.03,0.05,5,22,0,1,0,0.14285714285714285,0.0
7,3069,3,True,0,2025-02-22,0,0.0,0.14,0.2,5,22,0,1,0,0.2857142857142857,0.0
7,3074,3,True,0,2025-02-22,0,0.0,0.12,0.17,5,22,0,1,0,0.14285714285714285,0.0
7,3077,3,True,0,2025-02-22,0,0.0,0.44,0.67,5,22,0,1,0,0.14285714285714285,0.0
7,3079,3,True,0,2025-02-22,1,0.0,0.1,0.12,5,22,0,1,0,0.14285714285714285,0.0
7,3083,3,True,0,2025-02-22,0,0.0,0.06,0.06,5,22,0,1,0,0.2857142857142857,0.0
7,3104,3,True,0,2025-02-22,0,0.0,0.24,0.28,5,22,0,1,0,0.2857142857142857,0.0
7,3116,3,True,0,2025-02-22,0,0.0,0.09,0.12,5,22,0,1,0,0.2857142857142857,0.0
7,3117,3,True,0,2025-02-22,4,0.0,0.05,0.08,5,22,0,1,0,0.14285714285714285,0.0
7,3119,3,True,0,2025-02-22,0,0.0,0.09,0.11,5,22,0,1,0,0.7142857142857143,0.0
7,3165,3,True,0,2025-02-22,0,0.0,0.07,0.1,5,22,0,1,0,0.7142857142857143,0.0
7,3208,3,True,0,2025-02-22,0,0.0,0.07,0.11,5,22,0,1,0,0.7142857142857143,0.0
7,3212,3,True,0,2025-02-22,0,0.0,0.08,0.11,5,22,0,1,0,0.5714285714285714,0.0
7,3219,3,True,0,2025-02-22,0,0.0,0.08,0.1,5,22,0,1,0,0.5714285714285714,0.0
7,3234,3,True,0,2025-02-22,0,0.0,0.13,0.16,5,22,0,1,0,0.5714285714285714,0.0
7,3242,3,True,0,2025-02-22,4,0.0,0.05,0.07,5,22,0,1,0,0.5714285714285714,0.0
7,3263,3,True,0,2025-02-22,0,0.0,0.31,0.34,5,22,0,1,0,0.5714285714285714,0.0
7,3266,3,True,0,2025-02-22,1,0.0,0.08,0.12,5,22,0,1,0,0.5714285714285714,0.0
7,3276,3,True,0,2025-02-22,0,0.0,0.1,0.12,5,22,0,1,0,0.7142857142857143,0.0
7,3286,3,True,0,2025-02-22,0,0.0,0.22,0.28,5,22,0,1,0,0.7142857142857143,0.0
7,3347,3,True,0,2025-02-22,2,0.0,0.1,0.12,5,22,0,1,0,0.7142857142857143,0.0
7,3358,3,True,0,2025-02-22,2,0.0,0.17,0.29,5,22,0,1,0,1.0,0.0
7,3363,3,True,0,2025-02-22,1,0.0,0.18,0.23,5,22,0,1,0,1.2857142857142858,0.0
7,3369,3,True,0,2025-02-22,0,0.0,0.06,0.1,5,22,0,1,0,0.8571428571428571,0.0
7,3393,3,True,0,2025-02-22,0,0.0,0.07,0.09,5,22,0,1,0,0.8571428571428571,0.0
7,3452,3,True,0,2025-02-22,1,0.0,0.14,0.16,5,22,0,1,0,0.7142857142857143,0.0
7,3495,3,True,0,2025-02-22,1,0.0,0.08,0.11,5,22,0,1,0,0.8571428571428571,0.0
7,3502,3,True,0,2025-02-22,0,0.0,0.08,0.1,5,22,0,1,0,1.0,0.0
7,3523,3,True,0,2025-02-22,0,0.0,0.17,0.22,5,22,0,1,0,0.7142857142857143,0.0
7,3527,3,True,0,2025-02-22,0,0.0,0.15,0.2,5,22,0,1,0,0.42857142857142855,0.0
7,3538,3,True,0,2025-02-22,0,0.0,0.02,0.05,5,22,0,1,0,0.2857142857142857,0.0
7,3546,3,True,0,2025-02-22,1,0.0,0.12,0.17,5,22,0,1,0,0.2857142857142857,0.0
7,3549,3,True,0,2025-02-22,0,0.0,0.15,0.18,5,22,0,1,0,0.42857142857142855,0.0
7,3560,3,True,0,2025-02-22,0,0.0,0.2,0.23,5,22,0,1,0,0.2857142857142857,0.0
7,3589,3,True,0,2025-02-22,0,0.0,0.09,0.12,5,22,0,1,0,0.14285714285714285,0.0
7,3609,3,True,0,2025-02-22,0,0.0,0.04,0.05,5,22,0,1,0,0.14285714285714285,0.0
7,3641,3,True,0,2025-02-22,3,0.0,0.07,0.1,5,22,0,1,0,0.14285714285714285,0.0
7,3642,3,True,0,2025-02-22,0,0.0,0.42,0.55,5,22,0,1,0,0.5714285714285714,0.0
7,3653,3,True,0,2025-02-22,0,0.0,0.25,0.32,5,22,0,1,0,0.5714285714285714,0.0
7,3701,3,True,0,2025-02-22,0,0.0,0.23,0.25,5,22,0,1,0,0.42857142857142855,0.0
7,3708,3,True,0,2025-02-22,0,0.0,0.02,0.03,5,22,0,1,0,0.42857142857142855,0.0
7,3726,3,True,0,2025-02-22,0,0.0,0.1,0.13,5,22,0,1,0,0.42857142857142855,0.0
7,3746,3,True,0,2025-02-22,2,0.0,0.06,0.07,5,22,0,1,0,0.42857142857142855,0.0
7,3749,3,True,0,2025-02-22,0,0.0,0.08,0.11,5,22,0,1,0,0.7142857142857143,0.0
7,3769,3,True,0,2025-02-22,0,0.0,0.27,0.29,5,22,0,1,0,0.2857142857142857,0.0
7,3798,3,True,0,2025-02-22,0,0.0,0.04,0.05,5,22,0,1,0,0.2857142857142857,0.0
7,3803,3,True,0,2025-02-22,0,0.0,0.14,0.17,5,22,0,1,0,0.2857142857142857,0.0
7,3834,3,True,0,2025-02-22,1,0.0,0.04,0.06,5,22,0,1,0,0.2857142857142857,0.0
7,3839,3,True,0,2025-02-22,1,0.0,0.05,0.08,5,22,0,1,0,0.42857142857142855,0.0
7,3852,3,True,0,2025-02-22,0,0.0,0.24,0.27,5,22,0,1,0,0.5714285714285714,0.0
7,3864,3,True,0,2025-02-22,0,0.0,0.05,0.07,5,22,0,1,0,0.2857142857142857,0.0
7,3877,3,True,0,2025-02-22,0,0.0,0.01,0.02,5,22,0,1,0,0.2857142857142857,0.0
7,3891,3,True,0,2025-02-22,2,0.0,0.17,0.22,5,22,0,1,0,0.2857142857142857,0.0
7,3893,3,True,0,2025-02-22,0,0.0,0.08,0.1,5,22,0,1,0,0.5714285714285714,0.0
7,3909,3,True,0,2025-02-22,6,0.0,0.08,0.1,5,22,0,1,0,0.5714285714285714,0.0
7,3911,3,True,0,2025-02-22,0,0.0,0.08,0.1,5,22,0,1,0,1.2857142857142858,0.0
7,3915,3,True,0,2025-02-22,0,0.0,0.1,0.13,5,22,0,1,0,1.1428571428571428,0.0
7,3922,3,True,0,2025-02-22,1,0.0,0.03,0.04,5,22,0,1,0,1.1428571428571428,0.0
7,3934,3,True,0,2025-02-22,0,0.0,0.38,0.43,5,22,0,1,0,1.2857142857142858,0.0
7,3951,3,True,0,2025-02-22,0,0.0,0.4,0.62,5,22,0,1,0,1.2857142857142858,0.0
7,3982,3,True,0,2025-02-22,1,0.0,0.17,0.2,5,22,0,1,0,1.0,0.0
7,4002,3,True,0,2025-02-22,1,0.0,0.05,0.06,5,22,0,1,0,1.1428571428571428,0.0
7,4011,3,True,0,2025-02-22,1,0.0,0.07,0.11,5,22,0,1,0,0.42857142857142855,0.0
7,4033,3,True,0,2025-02-22,0,0.0,0.11,0.15,5,22,0,1,0,0.5714285714285714,0.0
7,4041,3,True,0,2025-02-22,3,1.0,0.04,0.06,5,22,0,1,0,0.5714285714285714,0.0
7,4062,3,True,0,2025-02-22,9,0.0,0.12,0.15,5,22,0,1,0,0.8571428571428571,0.0
7,4097,3,True,0,2025-02-22,1,0.0,0.03,0.04,5,22,0,1,0,2.142857142857143,0.0
7,4119,3,True,0,2025-02-22,1,0.0,0.16,0.19,5,22,0,1,0,2.2857142857142856,0.0
7,4120,3,True,0,2025-02-22,2,0.0,0.16,0.19,5,22,0,1,0,2.2857142857142856,0.0
7,4167,3,True,0,2025-02-22,0,0.0,0.33,0.44,5,22,0,1,0,2.4285714285714284,0.0
7,4179,3,True,0,2025-02-22,1,0.0,0.12,0.16,5,22,0,1,0,2.2857142857142856,0.0
7,4191,3,True,0,2025-02-22,1,0.0,0.12,0.17,5,22,0,1,0,2.4285714285714284,0.0
7,4192,3,True,0,2025-02-22,0,0.0,0.18,0.18,5,22,0,1,0,2.142857142857143,0.0
7,4203,3,True,0,2025-02-22,7,0.0,0.04,0.06,5,22,0,1,0,0.8571428571428571,0.0
7,4207,3,True,0,2025-02-22,2,0.0,0.11,0.15,5,22,0,1,0,1.7142857142857142,0.0
7,4210,3,True,0,2025-02-22,0,0.0,0.28,0.3,5,22,0,1,0,1.8571428571428572,0.0
7,4230,3,True,0,2025-02-22,0,0.0,0.13,0.17,5,22,0,1,0,1.5714285714285714,0.0
7,4239,3,True,0,2025-02-22,0,0.0,0.05,0.1,5,22,0,1,0,1.5714285714285714,0.0
7,4242,3,True,0,2025-02-22,0,0.0,0.32,0.37,5,22,0,1,0,1.4285714285714286,0.0
7,4246,3,True,0,2025-02-22,2,0.0,0.26,0.33,5,22,0,1,0,1.2857142857142858,0.0
7,4248,3,True,0,2025-02-22,0,0.0,0.24,0.29,5,22,0,1,0,1.5714285714285714,0.0
7,4260,3,True,0,2025-02-22,0,0.0,0.06,0.06,5,22,0,1,0,0.5714285714285714,0.0
7,4269,3,True,0,2025-02-22,0,0.0,0.08,0.1,5,22,0,1,0,0.2857142857142857,0.0
7,4277,3,True,0,2025-02-22,0,0.0,0.04,0.05,5,22,0,1,0,0.2857142857142857,0.0
7,4302,3,True,0,2025-02-22,2,0.0,0.57,0.6,5,22,0,1,0,0.2857142857142857,0.0
7,4315,3,True,0,2025-02-22,0,0.0,0.12,0.16,5,22,0,1,0,0.5714285714285714,0.0
7,4339,3,True,0,2025-02-22,3,0.0,0.23,0.27,5,22,0,1,0,0.5714285714285714,0.0
7,4357,3,True,0,2025-02-22,1,0.0,0.07,0.1,5,22,0,1,0,0.7142857142857143,0.0
7,4369,3,True,0,2025-02-22,8,0.0,0.38,0.46,5,22,0,1,0,0.8571428571428571,0.0
7,4381,3,True,0,2025-02-22,0,0.0,0.14,0.18,5,22,0,1,0,2.0,0.0
7,4397,3,True,0,2025-02-22,0,0.0,0.09,0.15,5,22,0,1,0,2.0,0.0
7,4409,3,True,0,2025-02-22,0,0.0,0.09,0.11,5,22,0,1,0,2.0,0.0
7,4469,3,True,0,2025-02-22,1,0.0,0.25,0.34,5,22,0,1,0,1.7142857142857142,0.0
7,4475,3,True,0,2025-02-22,0,0.0,0.06,0.1,5,22,0,1,0,1.8571428571428572,0.0
7,4517,3,True,0,2025-02-22,0,0.0,0.29,0.37,5,22,0,1,0,1.4285714285714286,0.0
7,4521,3,True,0,2025-02-22,0,0.0,0.22,0.28,5,22,0,1,0,1.2857142857142858,0.0
7,4524,3,True,0,2025-02-22,1,0.0,0.17,0.21,5,22,0,1,0,0.14285714285714285,0.0
7,4527,3,True,0,2025-02-22,0,0.0,0.1,0.12,5,22,0,1,0,0.2857142857142857,0.0
7,4539,3,True,0,2025-02-22,31,0.0,0.01,0.01,5,22,0,1,0,0.2857142857142857,0.0
7,4540,3,True,0,2025-02-22,0,0.0,0.04,0.06,5,22,0,1,0,4.714285714285714,0.0
7,4546,3,True,0,2025-02-22,0,0.0,0.1,0.16,5,22,0,1,0,4.571428571428571,0.0
7,4563,3,True,0,2025-02-22,0,0.0,0.15,0.2,5,22,0,1,0,4.571428571428571,0.0
7,4572,3,True,0,2025-02-22,0,0.0,0.09,0.09,5,22,0,1,0,4.571428571428571,0.0
7,4582,3,True,0,2025-02-22,3,0.0,0.4,0.49,5,22,0,1,0,4.571428571428571,0.0
7,4640,3,True,0,2025-02-22,0,0.0,0.25,0.31,5,22,0,1,0,4.857142857142857,0.0
7,4675,3,True,0,2025-02-22,0,0.0,0.12,0.15,5,22,0,1,0,4.857142857142857,0.0
7,4683,3,True,0,2025-02-22,1,0.0,0.03,0.05,5,22,0,1,0,0.42857142857142855,0.0
7,4689,3,True,0,2025-02-22,0,0.0,0.11,0.12,5,22,0,1,0,0.5714285714285714,0.0
7,4699,3,True,0,2025-02-22,0,0.0,0.07,0.1,5,22,0,1,0,0.5714285714285714,0.0
7,4704,3,True,0,2025-02-22,0,0.0,0.24,0.33,5,22,0,1,0,0.5714285714285714,0.0
7,4725,3,True,0,2025-02-22,0,0.0,0.09,0.1,5,22,0,1,0,0.5714285714285714,0.0
7,4744,3,True,0,2025-02-22,0,0.0,0.04,0.05,5,22,0,1,0,0.14285714285714285,0.0
7,4757,3,True,0,2025-02-22,0,0.0,0.16,0.18,5,22,0,1,0,0.14285714285714285,0.0
7,4765,3,True,0,2025-02-22,1,0.0,0.12,0.15,5,22,0,1,0,0.14285714285714285,0.0
7,4769,3,True,0,2025-02-22,0,0.0,0.5,0.6,5,22,0,1,0,0.14285714285714285,0.0
7,4782,3,True,0,2025-02-22,0,0.0,0.14,0.18,5,22,0,1,0,0.14285714285714285,0.0
7,4783,3,True,0,2025-02-22,0,0.0,0.27,0.31,5,22,0,1,0,0.14285714285714285,0.0
7,4790,3,True,0,2025-02-22,0,0.0,0.09,0.11,5,22,0,1,0,0.14285714285714285,0.0
7,4794,3,True,0,2025-02-22,1,0.0,0.06,0.08,5,22,0,1,0,0.14285714285714285,0.0
7,4802,3,True,0,2025-02-22,1,0.0,0.16,0.19,5,22,0,1,0,0.2857142857142857,0.0
7,4803,3,True,0,2025-02-22,0,0.0,0.65,0.74,5,22,0,1,0,0.42857142857142855,0.0
7,4816,3,True,0,2025-02-22,7,0.0,0.11,0.12,5,22,0,1,0,0.2857142857142857,0.0
7,4820,3,True,0,2025-02-22,0,0.0,0.06,0.09,5,22,0,1,0,1.2857142857142858,0.0
7,4833,3,True,0,2025-02-22,1,0.0,0.22,0.23,5,22,0,1,0,1.2857142857142858,0.0
7,4848,3,True,0,2025-02-22,0,0.0,0.07,0.09,5,22,0,1,0,1.4285714285714286,0.0
7,4852,3,True,0,2025-02-22,0,0.0,0.2,0.21,5,22,0,1,0,1.4285714285714286,0.0
7,4859,3,True,0,2025-02-22,0,0.0,0.05,0.05,5,22,0,1,0,1.2857142857142858,0.0
7,4870,3,True,0,2025-02-22,0,0.0,0.1,0.13,5,22,0,1,0,1.1428571428571428,0.0
7,4878,3,True,0,2025-02-22,0,0.0,0.1,0.12,5,22,0,1,0,1.1428571428571428,0.0
7,4883,3,True,0,2025-02-22,0,0.0,0.12,0.13,5,22,0,1,0,0.14285714285714285,0.0
7,4885,3,True,0,2025-02-22,0,0.0,0.06,0.08,5,22,0,1,0,0.14285714285714285,0.0
7,4886,3,True,0,2025-02-22,0,0.0,0.16,0.21,5,22,0,1,0,0.0,0.0
7,4888,3,True,0,2025-02-22,0,0.0,0.17,0.25,5,22,0,1,0,0.0,0.0
7,4908,3,True,0,2025-02-22,0,0.0,0.16,0.19,5,22,0,1,0,0.0,0.0
7,4934,3,True,0,2025-02-22,0,0.0,0.07,0.09,5,22,0,1,0,0.0,0.0
7,4938,3,True,0,2025-02-22,2,0.0,0.54,0.65,5,22,0,1,0,0.0,0.0
7,4948,3,True,0,2025-02-22,0,0.0,0.12,0.16,5,22,0,1,0,0.2857142857142857,0.0
7,4957,3,True,0,2025-02-22,0,0.0,0.11,0.14,5,22,0,1,0,0.2857142857142857,0.0
7,4971,3,True,0,2025-02-22,0,0.0,0.29,0.37,5,22,0,1,0,0.2857142857142857,0.0
7,4976,3,True,0,2025-02-22,1,0.0,0.04,0.06,5,22,0,1,0,0.2857142857142857,0.0
7,4981,3,True,0,2025-02-22,0,0.0,0.15,0.2,5,22,0,1,0,0.42857142857142855,0.0
7,4984,3,True,0,2025-02-22,0,0.0,0.06,0.08,5,22,0,1,0,0.42857142857142855,0.0
7,4986,3,True,0,2025-02-22,1,0.0,0.05,0.06,5,22,0,1,0,0.42857142857142855,0.0
7,5004,3,True,0,2025-02-22,0,0.0,0.05,0.07,5,22,0,1,0,0.2857142857142857,0.0
7,5024,3,True,0,2025-02-22,0,0.0,0.1,0.12,5,22,0,1,0,0.2857142857142857,0.0
7,5074,3,True,0,2025-02-22,0,0.0,0.23,0.25,5,22,0,1,0,0.2857142857142857,0.0
7,5094,3,True,0,2025-02-22,2,0.0,0.05,0.08,5,22,0,1,0,0.2857142857142857,0.0
7,5095,3,True,0,2025-02-22,4,0.0,0.03,0.04,5,22,0,1,0,0.42857142857142855,0.0
7,5101,3,True,0,2025-02-22,0,0.0,0.01,0.02,5,22,0,1,0,1.0,0.0
7,5105,3,True,0,2025-02-22,0,0.0,0.15,0.19,5,22,0,1,0,1.0,0.0
7,5119,3,True,0,2025-02-22,0,0.0,0.06,0.09,5,22,0,1,0,0.8571428571428571,0.0
7,5125,3,True,0,2025-02-22,0,0.0,0.06,0.07,5,22,0,1,0,0.8571428571428571,0.0
7,5139,3,True,0,2025-02-22,0,0.0,0.2,0.24,5,22,0,1,0,0.8571428571428571,0.0
7,5209,3,True,0,2025-02-22,0,0.0,0.35,0.43,5,22,0,1,0,0.8571428571428571,0.0
7,5221,3,True,0,2025-02-22,0,0.0,0.05,0.06,5,22,0,1,0,0.5714285714285714,0.0
7,5261,3,True,0,2025-02-22,0,0.0,0.15,0.15,5,22,0,1,0,0.0,0.0
7,5262,3,True,0,2025-02-22,3,0.0,0.04,0.05,5,22,0,1,0,0.0,0.0
7,5280,3,True,0,2025-02-22,0,0.0,0.09,0.12,5,22,0,1,0,0.42857142857142855,0.0
7,5281,3,True,0,2025-02-22,0,1.0,0.27,0.35,5,22,0,1,0,0.42857142857142855,0.0
7,2,4,False,0,2025-02-22,3,0.0,0.02,0.04,5,22,0,1,0,0.42857142857142855,0.0
7,17,4,False,0,2025-02-22,2,0.0,0.06,0.08,5,22,0,1,0,0.8571428571428571,0.0
7,26,4,False,0,2025-02-22,3,0.0,0.04,0.06,5,22,0,1,0,1.1428571428571428,0.0
7,38,4,False,0,2025-02-22,1,0.0,0.12,0.17,5,22,0,1,0,1.5714285714285714,0.0
7,64,4,False,0,2025-02-22,3,0.0,0.01,0.02,5,22,0,1,0,1.7142857142857142,0.0
7,88,4,False,0,2025-02-22,0,0.0,0.02,0.03,5,22,0,1,0,1.7142857142857142,0.0
7,99,4,False,0,2025-02-22,2,0.0,0.02,0.04,5,22,0,1,0,1.7142857142857142,0.0
7,100,4,False,0,2025-02-22,2,0.0,0.04,0.05,5,22,0,1,0,2.0,0.0
7,145,4,False,0,2025-02-22,4,0.0,0.06,0.09,5,22,0,1,0,1.8571428571428572,0.0
7,161,4,False,0,2025-02-22,1,1.0,0.03,0.04,5,22,0,1,0,2.142857142857143,0.0
7,168,4,False,0,2025-02-22,4,0.0,0.04,0.06,5,22,0,1,0,1.8571428571428572,0.0
7,175,4,False,0,2025-02-22,10,0.0,0.03,0.06,5,22,0,1,0,2.2857142857142856,0.0
7,178,4,False,0,2025-02-22,0,0.0,0.0,0.0,5,22,0,1,0,3.2857142857142856,0.0
7,182,4,False,0,2025-02-22,2,0.0,0.03,0.05,5,22,0,1,0,3.2857142857142856,0.0
7,185,4,False,0,2025-02-22,2,0.0,0.02,0.03,5,22,0,1,0,3.2857142857142856,0.0
7,205,4,False,0,2025-02-22,2,0.0,0.1,0.13,5,22,0,1,0,3.2857142857142856,0.0
7,235,4,False,0,2025-02-22,2,0.0,0.06,0.08,5,22,0,1,0,3.0,0.0
7,255,4,False,0,2025-02-22,2,0.0,0.03,0.04,5,22,0,1,0,3.142857142857143,0.0
7,272,4,False,0,2025-02-22,2,0.0,0.03,0.05,5,22,0,1,0,2.857142857142857,0.0
7,290,4,False,0,2025-02-22,4,0.0,0.06,0.07,5,22,0,1,0,1.7142857142857142,0.0
7,292,4,False,0,2025-02-22,4,0.0,0.04,0.04,5,22,0,1,0,2.2857142857142856,0.0
7,306,4,False,0,2025-02-22,2,0.0,0.04,0.06,5,22,0,1,0,2.5714285714285716,0.0
7,314,4,False,0,2025-02-22,3,0.0,0.03,0.05,5,22,0,1,0,2.5714285714285716,0.0
7,328,4,False,0,2025-02-22,2,0.0,0.07,0.09,5,22,0,1,0,2.7142857142857144,0.0
7,338,4,False,0,2025-02-22,2,0.0,0.05,0.07,5,22,0,1,0,2.7142857142857144,0.0
7,350,4,False,0,2025-02-22,4,0.0,0.03,0.04,5,22,0,1,0,2.7142857142857144,0.0
7,362,4,False,0,2025-02-22,1,0.0,0.02,0.03,5,22,0,1,0,3.0,0.0
7,370,4,False,0,2025-02-22,3,0.0,0.03,0.04,5,22,0,1,0,2.5714285714285716,0.0
7,372,4,False,0,2025-02-22,1,0.0,0.02,0.04,5,22,0,1,0,2.4285714285714284,0.0
7,447,4,False,0,2025-02-22,2,0.0,0.06,0.06,5,22,0,1,0,2.2857142857142856,0.0
7,464,4,False,0,2025-02-22,1,0.0,0.02,0.03,5,22,0,1,0,2.142857142857143,0.0
7,482,4,False,0,2025-02-22,1,0.0,0.02,0.04,5,22,0,1,0,2.0,0.0
7,524,4,False,0,2025-02-22,3,0.0,0.02,0.03,5,22,0,1,0,1.8571428571428572,0.0
7,552,4,False,0,2025-02-22,4,0.0,0.07,0.09,5,22,0,1,0,1.7142857142857142,0.0
7,560,4,False,0,2025-02-22,1,0.0,0.02,0.03,5,22,0,1,0,2.142857142857143,0.0
7,584,4,False,0,2025-02-22,4,0.0,0.05,0.08,5,22,0,1,0,1.8571428571428572,0.0
7,595,4,False,0,2025-02-22,4,0.0,0.07,0.1,5,22,0,1,0,2.2857142857142856,0.0
7,613,4,False,0,2025-02-22,3,0.0,0.02,0.04,5,22,0,1,0,2.5714285714285716,0.0
7,621,4,False,0,2025-02-22,2,0.0,0.05,0.09,5,22,0,1,0,2.857142857142857,0.0
7,622,4,False,0,2025-02-22,3,0.0,0.02,0.04,5,22,0,1,0,3.0,0.0
7,676,4,False,0,2025-02-22,3,0.0,0.08,0.14,5,22,0,1,0,3.0,0.0
7,700,4,False,0,2025-02-22,3,0.0,0.03,0.05,5,22,0,1,0,2.857142857142857,0.0
7,723,4,False,0,2025-02-22,1,0.0,0.03,0.04,5,22,0,1,0,3.142857142857143,0.0
7,726,4,False,0,2025-02-22,4,0.0,0.04,0.05,5,22,0,1,0,2.7142857142857144,0.0
7,731,4,False,0,2025-02-22,6,0.0,0.19,0.23,5,22,0,1,0,2.7142857142857144,0.0
7,736,4,False,0,2025-02-22,3,0.0,0.04,0.04,5,22,0,1,0,3.142857142857143,0.0
7,749,4,False,0,2025-02-22,3,0.0,0.08,0.12,5,22,0,1,0,3.2857142857142856,0.0
7,761,4,False,0,2025-02-22,0,0.0,0.02,0.02,5,22,0,1,0,3.2857142857142856,0.0
7,824,4,False,0,2025-02-22,4,0.0,0.01,0.01,5,22,0,1,0,2.857142857142857,0.0
7,826,4,False,0,2025-02-22,2,0.0,0.05,0.08,5,22,0,1,0,3.0,0.0
7,845,4,False,0,2025-02-22,4,0.0,0.07,0.1,5,22,0,1,0,3.142857142857143,0.0
7,849,4,False,0,2025-02-22,2,0.0,0.04,0.06,5,22,0,1,0,3.142857142857143,0.0
7,852,4,False,0,2025-02-22,0,0.0,0.02,0.04,5,22,0,1,0,2.5714285714285716,0.0
7,871,4,False,0,2025-02-22,2,0.0,0.05,0.08,5,22,0,1,0,2.142857142857143,0.0
7,880,4,False,0,2025-02-22,2,0.0,0.04,0.07,5,22,0,1,0,2.0,0.0
7,883,4,False,0,2025-02-22,3,0.0,0.02,0.05,5,22,0,1,0,2.2857142857142856,0.0
7,892,4,False,0,2025-02-22,3,0.0,0.02,0.03,5,22,0,1,0,2.142857142857143,0.0
7,953,4,False,0,2025-02-22,2,0.0,0.01,0.02,5,22,0,1,0,2.2857142857142856,0.0
7,963,4,False,0,2025-02-22,2,0.0,0.05,0.07,5,22,0,1,0,2.0,0.0
7,989,4,False,0,2025-02-22,1,0.0,0.02,0.03,5,22,0,1,0,2.0,0.0
7,1003,4,False,0,2025-02-22,1,0.0,0.02,0.03,5,22,0,1,0,2.142857142857143,0.0
7,1009,4,False,0,2025-02-22,2,0.0,0.21,0.31,5,22,0,1,0,2.0,0.0
7,1013,4,False,0,2025-02-22,6,0.0,0.08,0.11,5,22,0,1,0,2.0,0.0
7,1040,4,False,0,2025-02-22,3,0.0,0.03,0.04,5,22,0,1,0,2.4285714285714284,0.0
7,1041,4,False,0,2025-02-22,2,0.0,0.05,0.06,5,22,0,1,0,2.4285714285714284,0.0
7,1066,4,False,0,2025-02-22,3,0.0,0.01,0.02,5,22,0,1,0,2.4285714285714284,0.0
7,1069,4,False,0,2025-02-22,1,0.0,0.07,0.09,5,22,0,1,0,2.5714285714285716,0.0
7,1077,4,False,0,2025-02-22,2,0.0,0.06,0.09,5,22,0,1,0,2.5714285714285716,0.0
7,1090,4,False,0,2025-02-22,1,0.0,0.04,0.05,5,22,0,1,0,2.7142857142857144,0.0
7,1092,4,False,0,2025-02-22,2,0.0,0.02,0.03,5,22,0,1,0,2.5714285714285716,0.0
7,1111,4,False,0,2025-02-22,2,0.0,0.06,0.06,5,22,0,1,0,2.0,0.0
7,1119,4,False,0,2025-02-22,1,0.0,0.04,0.08,5,22,0,1,0,1.8571428571428572,0.0
7,1123,4,False,0,2025-02-22,2,0.0,0.0,0.01,5,22,0,1,0,1.7142857142857142,0.0
7,1137,4,False,0,2025-02-22,2,0.0,0.03,0.04,5,22,0,1,0,1.5714285714285714,0.0
7,1182,4,False,0,2025-02-22,3,0.0,0.02,0.02,5,22,0,1,0,1.7142857142857142,0.0
7,1245,4,False,0,2025-02-22,2,0.0,0.04,0.06,5,22,0,1,0,1.8571428571428572,0.0
7,1248,4,False,0,2025-02-22,4,0.0,0.01,0.01,5,22,0,1,0,2.0,0.0
7,1257,4,False,0,2025-02-22,1,0.0,0.1,0.14,5,22,0,1,0,2.2857142857142856,0.0
7,1268,4,False,0,2025-02-22,2,0.0,0.06,0.08,5,22,0,1,0,2.142857142857143,0.0
7,1274,4,False,0,2025-02-22,2,0.0,0.09,0.11,5,22,0,1,0,2.2857142857142856,0.0
7,1316,4,False,0,2025-02-22,3,0.0,0.03,0.04,5,22,0,1,0,2.2857142857142856,0.0
7,1321,4,False,0,2025-02-22,1,0.0,0.03,0.04,5,22,0,1,0,2.4285714285714284,0.0
7,1329,4,False,0,2025-02-22,3,0.0,0.01,0.02,5,22,0,1,0,2.142857142857143,0.0
7,1369,4,False,0,2025-02-22,2,0.0,0.02,0.03,5,22,0,1,0,2.2857142857142856,0.0
7,1373,4,False,0,2025-02-22,3,0.0,0.05,0.06,5,22,0,1,0,2.0,0.0
7,1394,4,False,0,2025-02-22,3,0.0,0.02,0.03,5,22,0,1,0,2.2857142857142856,0.0
7,1402,4,False,0,2025-02-22,3,0.0,0.03,0.05,5,22,0,1,0,2.4285714285714284,0.0
7,1417,4,False,0,2025-02-22,2,0.0,0.06,0.08,5,22,0,1,0,2.5714285714285716,0.0
7,1420,4,False,0,2025-02-22,0,0.0,0.04,0.05,5,22,0,1,0,2.4285714285714284,0.0
7,1428,4,False,0,2025-02-22,0,0.0,0.03,0.04,5,22,0,1,0,2.2857142857142856,0.0
7,1436,4,False,0,2025-02-22,1,0.0,0.05,0.07,5,22,0,1,0,1.8571428571428572,0.0
7,1473,4,False,0,2025-02-22,3,0.0,0.06,0.1,5,22,0,1,0,1.7142857142857142,0.0
7,1481,4,False,0,2025-02-22,2,0.0,0.04,0.07,5,22,0,1,0,1.7142857142857142,0.0
7,1493,4,False,0,2025-02-22,1,0.0,0.06,0.07,5,22,0,1,0,1.5714285714285714,0.0
7,1497,4,False,0,2025-02-22,2,0.0,0.05,0.08,5,22,0,1,0,1.2857142857142858,0.0
7,1506,4,False,0,2025-02-22,3,0.0,0.02,0.04,5,22,0,1,0,1.2857142857142858,0.0
7,1519,4,False,0,2025-02-22,3,0.0,0.05,0.07,5,22,0,1,0,1.7142857142857142,0.0
7,1539,4,False,0,2025-02-22,1,0.0,0.02,0.03,5,22,0,1,0,2.142857142857143,0.0
7,1546,4,False,0,2025-02-22,2,0.0,0.03,0.05,5,22,0,1,0,2.142857142857143,0.0
7,1563,4,False,0,2025-02-22,0,0.0,0.04,0.05,5,22,0,1,0,2.0,0.0
7,1570,4,False,0,2025-02-22,1,0.0,0.02,0.03,5,22,0,1,0,1.7142857142857142,0.0
7,1573,4,False,0,2025-02-22,2,0.0,0.07,0.11,5,22,0,1,0,1.7142857142857142,0.0
7,1574,4,False,0,2025-02-22,2,0.0,0.07,0.11,5,22,0,1,0,1.7142857142857142,0.0
7,1594,4,False,0,2025-02-22,3,0.0,0.02,0.02,5,22,0,1,0,1.5714285714285714,0.0
7,1607,4,False,0,2025-02-22,4,0.0,0.07,0.1,5,22,0,1,0,1.5714285714285714,0.0
7,1626,4,False,0,2025-02-22,5,0.0,0.06,0.08,5,22,0,1,0,2.0,0.0
7,1644,4,False,0,2025-02-22,2,0.0,0.07,0.12,5,22,0,1,0,2.4285714285714284,0.0
7,1652,4,False,0,2025-02-22,1,0.0,0.05,0.07,5,22,0,1,0,2.7142857142857144,0.0
7,1673,4,False,0,2025-02-22,2,0.0,0.06,0.08,5,22,0,1,0,2.7142857142857144,0.0
7,1675,4,False,0,2025-02-22,3,0.0,0.05,0.07,5,22,0,1,0,2.7142857142857144,0.0
7,1686,4,False,0,2025-02-22,2,0.0,0.07,0.11,5,22,0,1,0,2.857142857142857,0.0
7,1706,4,False,0,2025-02-22,2,0.0,0.01,0.03,5,22,0,1,0,2.7142857142857144,0.0
7,1716,4,False,0,2025-02-22,3,0.0,0.03,0.05,5,22,0,1,0,2.4285714285714284,0.0
7,1732,4,False,0,2025-02-22,2,0.0,0.08,0.08,5,22,0,1,0,2.142857142857143,0.0
7,1738,4,False,0,2025-02-22,0,0.0,0.02,0.04,5,22,0,1,0,2.142857142857143,0.0
7,1745,4,False,0,2025-02-22,2,0.0,0.05,0.08,5,22,0,1,0,2.0,0.0
7,1759,4,False,0,2025-02-22,0,0.0,0.03,0.04,5,22,0,1,0,2.0,0.0
7,1776,4,False,0,2025-02-22,2,0.0,0.14,0.2,5,22,0,1,0,1.5714285714285714,0.0
7,1790,4,False,0,2025-02-22,1,0.0,0.04,0.06,5,22,0,1,0,1.5714285714285714,0.0
7,1826,4,False,0,2025-02-22,3,0.0,0.07,0.08,5,22,0,1,0,1.4285714285714286,0.0
7,1830,4,False,0,2025-02-22,4,0.0,0.15,0.23,5,22,0,1,0,1.4285714285714286,0.0
7,1863,4,False,0,2025-02-22,7,0.0,0.04,0.02,5,22,0,1,0,1.7142857142857142,0.0
7,1866,4,False,0,2025-02-22,0,0.0,0.02,0.02,5,22,0,1,0,2.7142857142857144,0.0
7,1922,4,False,0,2025-02-22,3,0.0,0.02,0.04,5,22,0,1,0,2.4285714285714284,0.0
7,1934,4,False,0,2025-02-22,3,0.0,0.02,0.04,5,22,0,1,0,2.857142857142857,0.0
7,1975,4,False,0,2025-02-22,1,0.0,0.03,0.05,5,22,0,1,0,3.0,0.0
7,1984,4,False,0,2025-02-22,2,0.0,0.06,0.08,5,22,0,1,0,3.0,0.0
7,2005,4,False,0,2025-02-22,2,0.0,0.16,0.26,5,22,0,1,0,2.857142857142857,0.0
7,2013,4,False,0,2025-02-22,4,0.0,0.03,0.04,5,22,0,1,0,2.5714285714285716,0.0
7,2025,4,False,0,2025-02-22,3,0.0,0.03,0.04,5,22,0,1,0,2.142857142857143,0.0
7,2028,4,False,0,2025-02-22,1,0.0,0.03,0.04,5,22,0,1,0,2.5714285714285716,0.0
7,2033,4,False,0,2025-02-22,1,0.0,0.11,0.16,5,22,0,1,0,2.2857142857142856,0.0
7,2035,4,False,0,2025-02-22,0,1.0,0.02,0.04,5,22,0,1,0,2.0,0.0
7,2042,4,False,0,2025-02-22,6,0.0,0.03,0.06,5,22,0,1,0,1.8571428571428572,0.0
7,2051,4,False,0,2025-02-22,2,0.0,0.03,0.04,5,22,0,1,0,2.4285714285714284,0.0
7,2061,4,False,0,2025-02-22,4,0.0,0.02,0.04,5,22,0,1,0,2.4285714285714284,0.0
7,2069,4,False,0,2025-02-22,1,0.0,0.07,0.1,5,22,0,1,0,2.4285714285714284,0.0
7,2083,4,False,0,2025-02-22,2,0.0,0.06,0.09,5,22,0,1,0,2.142857142857143,0.0
7,2088,4,False,0,2025-02-22,1,0.0,0.03,0.04,5,22,0,1,0,2.2857142857142856,0.0
7,2129,4,False,0,2025-02-22,6,0.0,0.03,0.04,5,22,0,1,0,2.2857142857142856,0.0
7,2144,4,False,0,2025-02-22,2,0.0,0.03,0.05,5,22,0,1,0,3.142857142857143,0.0
7,2149,4,False,0,2025-02-22,1,0.0,0.04,0.07,5,22,0,1,0,2.5714285714285716,0.0
7,2167,4,False,0,2025-02-22,3,0.0,0.05,0.07,5,22,0,1,0,2.4285714285714284,0.0
7,2193,4,False,0,2025-02-22,2,0.0,0.08,0.12,5,22,0,1,0,2.2857142857142856,0.0
7,2230,4,False,0,2025-02-22,2,0.0,0.02,0.03,5,22,0,1,0,2.4285714285714284,0.0
7,2233,4,False,0,2025-02-22,1,0.0,0.06,0.08,5,22,0,1,0,2.4285714285714284,0.0
7,2238,4,False,0,2025-02-22,2,0.0,0.04,0.05,5,22,0,1,0,2.4285714285714284,0.0
7,2257,4,False,0,2025-02-22,0,0.0,0.04,0.06,5,22,0,1,0,1.8571428571428572,0.0
7,2279,4,False,0,2025-02-22,3,0.0,0.11,0.15,5,22,0,1,0,1.5714285714285714,0.0
7,2283,4,False,0,2025-02-22,2,0.0,0.04,0.07,5,22,0,1,0,1.8571428571428572,0.0
7,2286,4,False,0,2025-02-22,1,0.0,0.11,0.14,5,22,0,1,0,1.7142857142857142,0.0
7,2306,4,False,0,2025-02-22,3,0.0,0.04,0.05,5,22,0,1,0,1.5714285714285714,0.0
7,2315,4,False,0,2025-02-22,1,0.0,0.07,0.1,5,22,0,1,0,1.7142857142857142,0.0
7,2392,4,False,0,2025-02-22,2,0.0,0.04,0.06,5,22,0,1,0,1.7142857142857142,0.0
7,2397,4,False,0,2025-02-22,2,0.0,0.02,0.03,5,22,0,1,0,1.7142857142857142,0.0
7,2398,4,False,0,2025-02-22,6,0.0,0.12,0.17,5,22,0,1,0,2.0,0.0
7,2438,4,False,0,2025-02-22,0,0.0,0.02,0.04,5,22,0,1,0,2.4285714285714284,0.0
7,2443,4,False,0,2025-02-22,2,0.0,0.05,0.08,5,22,0,1,0,2.142857142857143,0.0
7,2448,4,False,0,2025-02-22,3,0.0,0.04,0.06,5,22,0,1,0,2.2857142857142856,0.0
7,2469,4,False,0,2025-02-22,2,0.0,0.07,0.1,5,22,0,1,0,2.2857142857142856,0.0
7,2473,4,False,0,2025-02-22,3,0.0,0.04,0.06,5,22,0,1,0,2.4285714285714284,0.0
7,2478,4,False,0,2025-02-22,3,0.0,0.02,0.03,5,22,0,1,0,2.5714285714285716,0.0
7,2487,4,False,0,2025-02-22,2,0.0,0.02,0.04,5,22,0,1,0,2.7142857142857144,0.0
7,2497,4,False,0,2025-02-22,3,0.0,0.03,0.04,5,22,0,1,0,2.142857142857143,0.0
7,2506,4,False,0,2025-02-22,1,0.0,0.03,0.04,5,22,0,1,0,2.5714285714285716,0.0
7,2522,4,False,0,2025-02-22,4,0.0,0.11,0.16,5,22,0,1,0,2.4285714285714284,0.0
7,2567,4,False,0,2025-02-22,2,0.0,0.04,0.05,5,22,0,1,0,2.5714285714285716,0.0
7,2581,4,False,0,2025-02-22,2,0.0,0.06,0.07,5,22,0,1,0,2.5714285714285716,0.0
7,2624,4,False,0,2025-02-22,4,0.0,0.06,0.08,5,22,0,1,0,2.4285714285714284,0.0
7,2630,4,False,0,2025-02-22,2,0.0,0.03,0.04,5,22,0,1,0,2.5714285714285716,0.0
7,2631,4,False,0,2025-02-22,2,0.0,0.02,0.04,5,22,0,1,0,2.5714285714285716,0.0
7,2642,4,False,0,2025-02-22,3,0.0,0.03,0.05,5,22,0,1,0,2.4285714285714284,0.0
7,2658,4,False,0,2025-02-22,3,0.0,0.02,0.04,5,22,0,1,0,2.7142857142857144,0.0
7,2672,4,False,0,2025-02-22,2,0.0,0.02,0.03,5,22,0,1,0,2.5714285714285716,0.0
7,2688,4,False,0,2025-02-22,3,0.0,0.03,0.04,5,22,0,1,0,2.5714285714285716,0.0
7,2725,4,False,0,2025-02-22,1,0.0,0.08,0.14,5,22,0,1,0,2.7142857142857144,0.0
7,2744,4,False,0,2025-02-22,3,0.0,0.06,0.09,5,22,0,1,0,2.2857142857142856,0.0
7,2788,4,False,0,2025-02-22,3,0.0,0.02,0.03,5,22,0,1,0,2.4285714285714284,0.0
7,2801,4,False,0,2025-02-22,3,0.0,0.06,0.09,5,22,0,1,0,2.5714285714285716,0.0
7,2804,4,False,0,2025-02-22,2,0.0,0.06,0.07,5,22,0,1,0,2.5714285714285716,0.0
7,2818,4,False,0,2025-02-22,3,0.0,0.02,0.03,5,22,0,1,0,2.4285714285714284,0.0
7,2825,4,False,0,2025-02-22,1,0.0,0.18,0.23,5,22,0,1,0,2.5714285714285716,0.0
7,2830,4,False,0,2025-02-22,2,0.0,0.04,0.07,5,22,0,1,0,2.2857142857142856,0.0
7,2832,4,False,0,2025-02-22,3,0.0,0.01,0.03,5,22,0,1,0,2.4285714285714284,0.0
7,2838,4,False,0,2025-02-22,3,0.0,0.02,0.03,5,22,0,1,0,2.4285714285714284,0.0
7,2844,4,False,0,2025-02-22,2,0.0,0.03,0.05,5,22,0,1,0,2.4285714285714284,0.0
7,2860,4,False,0,2025-02-22,4,0.0,0.07,0.1,5,22,0,1,0,2.2857142857142856,0.0
7,2870,4,False,0,2025-02-22,2,0.0,0.06,0.09,5,22,0,1,0,2.5714285714285716,0.0
7,2871,4,False,0,2025-02-22,2,0.0,0.04,0.05,5,22,0,1,0,2.4285714285714284,0.0
7,2892,4,False,0,2025-02-22,1,0.0,0.09,0.13,5,22,0,1,0,2.5714285714285716,0.0
7,2894,4,False,0,2025-02-22,0,0.0,0.04,0.1,5,22,0,1,0,2.4285714285714284,0.0
7,2957,4,False,0,2025-02-22,6,0.0,0.02,0.03,5,22,0,1,0,2.0,0.0
7,2961,4,False,0,2025-02-22,3,0.0,0.05,0.06,5,22,0,1,0,2.4285714285714284,0.0
7,2963,4,False,0,2025-02-22,4,0.0,0.06,0.08,5,22,0,1,0,2.5714285714285716,0.0
7,2970,4,False,0,2025-02-22,2,0.0,0.03,0.05,5,22,0,1,0,2.5714285714285716,0.0
7,2979,4,False,0,2025-02-22,1,0.0,0.06,0.08,5,22,0,1,0,2.5714285714285716,0.0
7,2992,4,False,0,2025-02-22,2,0.0,0.05,0.08,5,22,0,1,0,2.4285714285714284,0.0
7,3000,4,False,0,2025-02-22,2,0.0,0.1,0.16,5,22,0,1,0,2.5714285714285716,0.0
7,3012,4,False,0,2025-02-22,0,0.0,0.02,0.03,5,22,0,1,0,2.857142857142857,0.0
7,3044,4,False,0,2025-02-22,1,0.0,0.02,0.02,5,22,0,1,0,2.0,0.0
7,3086,4,False,0,2025-02-22,2,0.0,0.04,0.07,5,22,0,1,0,1.7142857142857142,0.0
7,3145,4,False,0,2025-02-22,1,0.0,0.04,0.05,5,22,0,1,0,1.4285714285714286,0.0
7,3146,4,False,0,2025-02-22,3,0.0,0.01,0.01,5,22,0,1,0,1.2857142857142858,0.0
7,3162,4,False,0,2025-02-22,3,0.0,0.01,0.02,5,22,0,1,0,1.5714285714285714,0.0
7,3178,4,False,0,2025-02-22,1,0.0,0.12,0.16,5,22,0,1,0,1.7142857142857142,0.0
7,3185,4,False,0,2025-02-22,3,0.0,0.04,0.04,5,22,0,1,0,1.5714285714285714,0.0
7,3196,4,False,0,2025-02-22,6,0.0,0.02,0.03,5,22,0,1,0,2.0,0.0
7,3209,4,False,0,2025-02-22,1,0.0,0.02,0.04,5,22,0,1,0,2.7142857142857144,0.0
7,3224,4,False,0,2025-02-22,3,0.0,0.04,0.07,5,22,0,1,0,2.5714285714285716,0.0
7,3262,4,False,0,2025-02-22,2,0.0,0.09,0.14,5,22,0,1,0,2.857142857142857,0.0
7,3267,4,False,0,2025-02-22,2,1.0,0.01,0.01,5,22,0,1,0,2.7142857142857144,0.0
7,3293,4,False,0,2025-02-22,3,0.0,0.0,0.01,5,22,0,1,0,2.5714285714285716,0.0
7,3312,4,False,0,2025-02-22,3,0.0,0.01,0.01,5,22,0,1,0,2.857142857142857,0.0
7,3317,4,False,0,2025-02-22,3,0.0,0.01,0.02,5,22,0,1,0,2.857142857142857,0.0
7,3327,4,False,0,2025-02-22,4,1.0,0.01,0.02,5,22,0,1,0,2.4285714285714284,0.0
7,3377,4,False,0,2025-02-22,2,0.0,0.02,0.05,5,22,0,1,0,2.857142857142857,0.0
7,3420,4,False,0,2025-02-22,2,0.0,0.07,0.09,5,22,0,1,0,2.7142857142857144,0.0
7,3453,4,False,0,2025-02-22,2,0.0,0.02,0.04,5,22,0,1,0,2.7142857142857144,0.0
7,3455,4,False,0,2025-02-22,0,0.0,0.02,0.03,5,22,0,1,0,2.7142857142857144,0.0
7,3465,4,False,0,2025-02-22,1,0.0,0.06,0.07,5,22,0,1,0,2.2857142857142856,0.0
7,3466,4,False,0,2025-02-22,2,0.0,0.03,0.05,5,22,0,1,0,2.0,0.0
7,3472,4,False,0,2025-02-22,0,0.0,0.04,0.06,5,22,0,1,0,1.8571428571428572,0.0
7,3473,4,False,0,2025-02-22,2,0.0,0.01,0.03,5,22,0,1,0,1.2857142857142858,0.0
7,3493,4,False,0,2025-02-22,2,0.0,0.04,0.07,5,22,0,1,0,1.2857142857142858,0.0
7,3552,4,False,0,2025-02-22,0,0.0,0.03,0.03,5,22,0,1,0,1.2857142857142858,0.0
7,3562,4,False,0,2025-02-22,2,0.0,0.05,0.06,5,22,0,1,0,1.0,0.0
7,3569,4,False,0,2025-02-22,3,0.0,0.03,0.06,5,22,0,1,0,1.2857142857142858,0.0
7,3577,4,False,0,2025-02-22,2,0.0,0.04,0.06,5,22,0,1,0,1.5714285714285714,0.0
7,3590,4,False,0,2025-02-22,4,0.0,0.02,0.03,5,22,0,1,0,1.5714285714285714,0.0
7,3620,4,False,0,2025-02-22,10,0.0,0.02,0.03,5,22,0,1,0,2.142857142857143,0.0
7,3627,4,False,0,2025-02-22,5,0.0,0.06,0.1,5,22,0,1,0,3.2857142857142856,0.0
7,3628,4,False,0,2025-02-22,1,0.0,0.06,0.09,5,22,0,1,0,3.7142857142857144,0.0
7,3633,4,False,0,2025-02-22,3,0.0,0.07,0.09,5,22,0,1,0,3.857142857142857,0.0
7,3645,4,False,0,2025-02-22,1,0.0,0.07,0.07,5,22,0,1,0,4.0,0.0
7,3651,4,False,0,2025-02-22,4,0.0,0.04,0.07,5,22,0,1,0,3.7142857142857144,0.0
7,3692,4,False,0,2025-02-22,2,0.0,0.1,0.12,5,22,0,1,0,4.0,0.0
7,3698,4,False,0,2025-02-22,2,0.0,0.05,0.08,5,22,0,1,0,3.7142857142857144,0.0
7,3700,4,False,0,2025-02-22,2,0.0,0.02,0.03,5,22,0,1,0,2.5714285714285716,0.0
7,3721,4,False,0,2025-02-22,0,0.0,0.03,0.05,5,22,0,1,0,2.142857142857143,0.0
7,3728,4,False,0,2025-02-22,2,0.0,0.03,0.05,5,22,0,1,0,2.0,0.0
7,3733,4,False,0,2025-02-22,4,0.0,0.01,0.03,5,22,0,1,0,1.8571428571428572,0.0
7,3753,4,False,0,2025-02-22,3,0.0,0.04,0.07,5,22,0,1,0,2.2857142857142856,0.0
7,3772,4,False,0,2025-02-22,3,0.0,0.03,0.06,5,22,0,1,0,2.142857142857143,0.0
7,3818,4,False,0,2025-02-22,4,0.0,0.06,0.09,5,22,0,1,0,2.2857142857142856,0.0
7,3843,4,False,0,2025-02-22,2,0.0,0.02,0.04,5,22,0,1,0,2.5714285714285716,0.0
7,3847,4,False,0,2025-02-22,2,0.0,0.01,0.03,5,22,0,1,0,2.5714285714285716,0.0
7,3850,4,False,0,2025-02-22,3,0.0,0.07,0.11,5,22,0,1,0,2.857142857142857,0.0
7,3853,4,False,0,2025-02-22,1,0.0,0.1,0.17,5,22,0,1,0,3.0,0.0
7,3879,4,False,0,2025-02-22,2,0.0,0.05,0.08,5,22,0,1,0,2.5714285714285716,0.0
7,3888,4,False,0,2025-02-22,6,0.0,0.01,0.01,5,22,0,1,0,2.4285714285714284,0.0
7,3903,4,False,0,2025-02-22,2,0.0,0.04,0.07,5,22,0,1,0,2.857142857142857,0.0
7,3906,4,False,0,2025-02-22,2,0.0,0.11,0.2,5,22,0,1,0,2.5714285714285716,0.0
7,3939,4,False,0,2025-02-22,0,0.0,0.04,0.06,5,22,0,1,0,2.5714285714285716,0.0
7,3968,4,False,0,2025-02-22,0,0.0,0.01,0.02,5,22,0,1,0,2.2857142857142856,0.0
7,3971,4,False,0,2025-02-22,6,0.0,0.08,0.11,5,22,0,1,0,1.8571428571428572,0.0
7,3974,4,False,0,2025-02-22,1,0.0,0.09,0.13,5,22,0,1,0,2.5714285714285716,0.0
7,3987,4,False,0,2025-02-22,1,0.0,0.03,0.05,5,22,0,1,0,2.4285714285714284,0.0
7,4019,4,False,0,2025-02-22,4,0.0,0.04,0.04,5,22,0,1,0,1.7142857142857142,0.0
7,4028,4,False,0,2025-02-22,2,0.0,0.02,0.03,5,22,0,1,0,2.0,0.0
7,4071,4,False,0,2025-02-22,2,0.0,0.05,0.07,5,22,0,1,0,2.0,0.0
7,4108,4,False,0,2025-02-22,2,0.0,0.02,0.03,5,22,0,1,0,2.2857142857142856,0.0
7,4133,4,False,0,2025-02-22,3,0.0,0.08,0.14,5,22,0,1,0,2.5714285714285716,0.0
7,4135,4,False,0,2025-02-22,1,0.0,0.03,0.04,5,22,0,1,0,2.142857142857143,0.0
7,4170,4,False,0,2025-02-22,1,0.0,0.02,0.03,5,22,0,1,0,2.142857142857143,0.0
7,4184,4,False,0,2025-02-22,2,0.0,0.06,0.09,5,22,0,1,0,2.142857142857143,0.0
7,4186,4,False,0,2025-02-22,0,0.0,0.03,0.06,5,22,0,1,0,1.8571428571428572,0.0
7,4212,4,False,0,2025-02-22,4,0.0,0.06,0.08,5,22,0,1,0,1.5714285714285714,0.0
7,4243,4,False,0,2025-02-22,2,0.0,0.09,0.1,5,22,0,1,0,1.8571428571428572,0.0
7,4268,4,False,0,2025-02-22,2,0.0,0.02,0.03,5,22,0,1,0,1.8571428571428572,0.0
7,4275,4,False,0,2025-02-22,2,0.0,0.01,0.02,5,22,0,1,0,1.7142857142857142,0.0
7,4281,4,False,0,2025-02-22,2,0.0,0.02,0.04,5,22,0,1,0,1.8571428571428572,0.0
7,4293,4,False,0,2025-02-22,1,0.0,0.12,0.17,5,22,0,1,0,2.0,0.0
7,4305,4,False,0,2025-02-22,2,0.0,0.07,0.1,5,22,0,1,0,1.8571428571428572,0.0
7,4335,4,False,0,2025-02-22,1,0.0,0.04,0.07,5,22,0,1,0,2.142857142857143,0.0
7,4342,4,False,0,2025-02-22,0,0.0,0.02,0.04,5,22,0,1,0,1.7142857142857142,0.0
7,4372,4,False,0,2025-02-22,3,0.0,0.02,0.03,5,22,0,1,0,1.4285714285714286,0.0
7,4373,4,False,0,2025-02-22,3,0.0,0.07,0.12,5,22,0,1,0,1.5714285714285714,0.0
7,4392,4,False,0,2025-02-22,4,0.0,0.09,0.1,5,22,0,1,0,1.7142857142857142,0.0
7,4395,4,False,0,2025-02-22,2,0.0,0.05,0.08,5,22,0,1,0,2.0,0.0
7,4422,4,False,0,2025-02-22,2,0.0,0.01,0.03,5,22,0,1,0,2.142857142857143,0.0
7,4438,4,False,0,2025-02-22,5,0.0,0.01,0.02,5,22,0,1,0,2.142857142857143,0.0
7,4451,4,False,0,2025-02-22,2,0.0,0.04,0.06,5,22,0,1,0,2.7142857142857144,0.0
7,4456,4,False,0,2025-02-22,2,0.0,0.02,0.03,5,22,0,1,0,3.0,0.0
7,4480,4,False,0,2025-02-22,3,0.0,0.06,0.1,5,22,0,1,0,2.857142857142857,0.0
7,4520,4,False,0,2025-02-22,1,0.0,0.1,0.16,5,22,0,1,0,2.857142857142857,0.0
7,4522,4,False,0,2025-02-22,1,0.0,0.02,0.04,5,22,0,1,0,2.4285714285714284,0.0
7,4550,4,False,0,2025-02-22,2,0.0,0.13,0.17,5,22,0,1,0,2.2857142857142856,0.0
7,4571,4,False,0,2025-02-22,2,0.0,0.03,0.06,5,22,0,1,0,2.2857142857142856,0.0
7,4577,4,False,0,2025-02-22,3,0.0,0.04,0.06,5,22,0,1,0,1.8571428571428572,0.0
7,4598,4,False,0,2025-02-22,3,0.0,0.07,0.1,5,22,0,1,0,2.0,0.0
7,4621,4,False,0,2025-02-22,4,0.0,0.01,0.01,5,22,0,1,0,2.142857142857143,0.0
7,4662,4,False,0,2025-02-22,0,0.0,0.02,0.04,5,22,0,1,0,2.2857142857142856,0.0
7,4663,4,False,0,2025-02-22,2,0.0,0.04,0.07,5,22,0,1,0,2.142857142857143,0.0
7,4672,4,False,0,2025-02-22,2,0.0,0.03,0.03,5,22,0,1,0,2.2857142857142856,0.0
7,4715,4,False,0,2025-02-22,2,0.0,0.05,0.06,5,22,0,1,0,2.2857142857142856,0.0
7,4778,4,False,0,2025-02-22,3,0.0,0.04,0.06,5,22,0,1,0,2.2857142857142856,0.0
7,4785,4,False,0,2025-02-22,3,0.0,0.06,0.09,5,22,0,1,0,2.2857142857142856,0.0
7,4806,4,False,0,2025-02-22,3,0.0,0.02,0.03,5,22,0,1,0,2.2857142857142856,0.0
7,4808,4,False,0,2025-02-22,1,0.0,0.03,0.05,5,22,0,1,0,2.142857142857143,0.0
7,4823,4,False,0,2025-02-22,3,0.0,0.01,0.01,5,22,0,1,0,2.2857142857142856,0.0
7,4842,4,False,0,2025-02-22,2,0.0,0.03,0.05,5,22,0,1,0,2.4285714285714284,0.0
7,4851,4,False,0,2025-02-22,1,0.0,0.06,0.09,5,22,0,1,0,2.4285714285714284,0.0
7,4855,4,False,0,2025-02-22,2,0.0,0.02,0.02,5,22,0,1,0,2.2857142857142856,0.0
7,4895,4,False,0,2025-02-22,2,0.0,0.04,0.06,5,22,0,1,0,2.142857142857143,0.0
7,4898,4,False,0,2025-02-22,2,0.0,0.03,0.03,5,22,0,1,0,2.0,0.0
7,4928,4,False,0,2025-02-22,3,0.0,0.03,0.05,5,22,0,1,0,1.8571428571428572,0.0
7,4936,4,False,0,2025-02-22,2,0.0,0.03,0.04,5,22,0,1,0,2.142857142857143,0.0
7,4955,4,False,0,2025-02-22,2,0.0,0.03,0.04,5,22,0,1,0,2.0,0.0
7,4958,4,False,0,2025-02-22,2,0.0,0.05,0.07,5,22,0,1,0,2.0,0.0
7,4967,4,False,0,2025-02-22,2,0.0,0.05,0.08,5,22,0,1,0,2.142857142857143,0.0
7,4978,4,False,0,2025-02-22,6,0.0,0.04,0.05,5,22,0,1,0,2.142857142857143,0.0
7,5005,4,False,0,2025-02-22,3,0.0,0.04,0.06,5,22,0,1,0,2.7142857142857144,0.0
7,5063,4,False,0,2025-02-22,3,0.0,0.01,0.01,5,22,0,1,0,2.857142857142857,0.0
7,5088,4,False,0,2025-02-22,3,0.0,0.01,0.02,5,22,0,1,0,2.857142857142857,0.0
7,5113,4,False,0,2025-02-22,3,0.0,0.03,0.06,5,22,0,1,0,3.0,0.0
7,5146,4,False,0,2025-02-22,3,0.0,0.03,0.05,5,22,0,1,0,3.142857142857143,0.0
7,5154,4,False,0,2025-02-22,0,0.0,0.04,0.06,5,22,0,1,0,3.2857142857142856,0.0
7,5162,4,False,0,2025-02-22,1,0.0,0.09,0.13,5,22,0,1,0,3.0,0.0
7,5186,4,False,0,2025-02-22,7,0.0,0.02,0.03,5,22,0,1,0,2.2857142857142856,0.0
7,5191,4,False,0,2025-02-22,2,0.0,0.02,0.04,5,22,0,1,0,2.857142857142857,0.0
7,5202,4,False,0,2025-02-22,2,0.0,0.09,0.13,5,22,0,1,0,2.7142857142857144,0.0
7,5208,4,False,0,2025-02-22,2,0.0,0.02,0.04,5,22,0,1,0,2.5714285714285716,0.0
7,5228,4,False,0,2025-02-22,1,0.0,0.01,0.02,5,22,0,1,0,2.4285714285714284,0.0
7,5229,4,False,0,2025-02-22,3,0.0,0.03,0.05,5,22,0,1,0,2.142857142857143,0.0
7,5263,4,False,0,2025-02-22,3,0.0,0.02,0.04,5,22,0,1,0,2.5714285714285716,0.0
7,5266,4,False,0,2025-02-22,2,0.0,0.06,0.09,5,22,0,1,0,2.857142857142857,0.0
7,5286,4,False,0,2025-02-22,2,0.0,0.05,0.07,5,22,0,1,0,2.142857142857143,0.0
7,74,5,True,0,2025-02-22,1,0.0,0.02,0.04,5,22,0,1,0,2.142857142857143,0.0
7,213,5,True,0,2025-02-22,0,0.0,0.01,0.03,5,22,0,1,0,2.0,0.0
7,284,5,True,0,2025-02-22,4,0.0,0.05,0.08,5,22,0,1,0,1.7142857142857142,0.0
7,567,5,True,0,2025-02-22,0,0.0,0.01,0.03,5,22,0,1,0,2.142857142857143,0.0
7,783,5,True,0,2025-02-22,11,0.0,0.03,0.06,5,22,0,1,0,1.7142857142857142,0.0
7,821,5,True,0,2025-02-22,2,0.0,0.03,0.05,5,22,0,1,0,2.857142857142857,0.0
7,873,5,True,0,2025-02-22,8,0.0,0.03,0.05,5,22,0,1,0,2.857142857142857,0.0
7,929,5,True,0,2025-02-22,0,0.0,0.07,0.22,5,22,0,1,0,3.7142857142857144,0.0
7,1037,5,True,0,2025-02-22,1,0.0,0.01,0.02,5,22,0,1,0,3.5714285714285716,0.0
7,1163,5,True,0,2025-02-22,0,0.0,0.08,0.2,5,22,0,1,0,3.7142857142857144,0.0
7,1247,5,True,0,2025-02-22,3,0.0,0.04,0.05,5,22,0,1,0,3.142857142857143,0.0
7,1333,5,True,0,2025-02-22,4,0.0,0.02,0.04,5,22,0,1,0,3.5714285714285716,0.0
7,1427,5,True,0,2025-02-22,0,0.0,0.01,0.05,5,22,0,1,0,2.5714285714285716,0.0
7,1746,5,True,0,2025-02-22,0,0.0,0.02,0.08,5,22,0,1,0,2.2857142857142856,0.0
7,1882,5,True,0,2025-02-22,0,0.0,0.17,0.37,5,22,0,1,0,1.1428571428571428,0.0
7,2066,5,True,0,2025-02-22,0,0.0,0.1,0.12,5,22,0,1,0,1.1428571428571428,0.0
7,2104,5,True,0,2025-02-22,0,0.0,0.03,0.03,5,22,0,1,0,1.0,0.0
7,2120,5,True,0,2025-02-22,2,0.0,0.03,0.07,5,22,0,1,0,1.0,0.0
7,2132,5,True,0,2025-02-22,1,0.0,0.01,0.04,5,22,0,1,0,0.8571428571428571,0.0
7,2141,5,True,0,2025-02-22,0,0.0,0.01,0.06,5,22,0,1,0,0.42857142857142855,0.0
7,2219,5,True,0,2025-02-22,0,0.0,0.11,0.13,5,22,0,1,0,0.42857142857142855,0.0
7,2224,5,True,0,2025-02-22,2,0.0,0.03,0.03,5,22,0,1,0,0.42857142857142855,0.0
7,2325,5,True,0,2025-02-22,5,0.0,0.03,0.07,5,22,0,1,0,0.7142857142857143,0.0
7,2418,5,True,0,2025-02-22,3,0.0,0.03,0.05,5,22,0,1,0,1.4285714285714286,0.0
7,2880,5,True,0,2025-02-22,3,0.0,0.02,0.05,5,22,0,1,0,1.8571428571428572,0.0
7,3085,5,True,0,2025-02-22,3,0.0,0.02,0.04,5,22,0,1,0,2.0,0.0
7,3087,5,True,0,2025-02-22,1,0.0,0.04,0.1,5,22,0,1,0,2.2857142857142856,0.0
7,3164,5,True,0,2025-02-22,0,0.0,0.05,0.1,5,22,0,1,0,2.4285714285714284,0.0
7,3218,5,True,0,2025-02-22,2,0.0,0.02,0.06,5,22,0,1,0,2.4285714285714284,0.0
7,3229,5,True,0,2025-02-22,1,0.0,0.04,0.11,5,22,0,1,0,2.4285714285714284,0.0
7,3292,5,True,0,2025-02-22,4,1.0,0.03,0.05,5,22,0,1,0,1.8571428571428572,0.0
7,3330,5,True,0,2025-02-22,5,0.0,0.06,0.11,5,22,0,1,0,2.0,0.0
7,3424,5,True,0,2025-02-22,2,0.0,0.01,0.02,5,22,0,1,0,2.2857142857142856,0.0
7,3439,5,True,0,2025-02-22,3,0.0,0.02,0.02,5,22,0,1,0,2.142857142857143,0.0
7,3463,5,True,0,2025-02-22,3,0.0,0.03,0.05,5,22,0,1,0,2.4285714285714284,0.0
7,3558,5,True,0,2025-02-22,6,0.0,0.03,0.06,5,22,0,1,0,2.857142857142857,0.0
7,3624,5,True,0,2025-02-22,0,0.0,0.06,0.15,5,22,0,1,0,3.4285714285714284,0.0
7,3807,5,True,0,2025-02-22,2,0.0,0.08,0.1,5,22,0,1,0,3.2857142857142856,0.0
7,3984,5,True,0,2025-02-22,0,0.0,0.02,0.04,5,22,0,1,0,3.0,0.0
7,3996,5,True,0,2025-02-22,0,0.0,0.03,0.06,5,22,0,1,0,2.2857142857142856,0.0
7,4036,5,True,0,2025-02-22,2,0.0,0.01,0.02,5,22,0,1,0,2.0,0.0
7,4081,5,True,0,2025-02-22,2,0.0,0.03,0.06,5,22,0,1,0,1.8571428571428572,0.0
7,4175,5,True,0,2025-02-22,3,1.0,0.03,0.06,5,22,0,1,0,1.7142857142857142,0.0
7,4544,5,True,0,2025-02-22,0,2.0,0.04,0.07,5,22,0,1,0,1.2857142857142858,0.0
7,4565,5,True,0,2025-02-22,0,0.0,0.01,0.04,5,22,0,1,0,1.2857142857142858,0.0
7,4749,5,True,0,2025-02-22,2,0.0,0.01,0.04,5,22,0,1,0,1.0,0.0
7,4789,5,True,0,2025-02-22,8,0.0,0.02,0.05,5,22,0,1,0,1.2857142857142858,0.0
7,4939,5,True,0,2025-02-22,0,0.0,0.02,0.06,5,22,0,1,0,2.4285714285714284,0.0
7,4942,5,True,0,2025-02-22,0,0.0,0.07,0.14,5,22,0,1,0,2.142857142857143,0.0
7,5006,5,True,0,2025-02-22,3,0.0,0.03,0.03,5,22,0,1,0,1.8571428571428572,0.0
7,5049,5,True,0,2025-02-22,3,0.0,0.02,0.06,5,22,0,1,0,1.8571428571428572,0.0
7,5098,5,True,0,2025-02-22,0,0.0,0.02,0.06,5,22,0,1,0,2.2857142857142856,0.0
7,5217,5,True,0,2025-02-22,3,0.0,0.02,0.04,5,22,0,1,0,2.2857142857142856,0.0
7,139,6,False,0,2025-02-22,0,0.0,0.17,0.24,5,22,0,1,0,2.4285714285714284,0.0
7,173,6,False,0,2025-02-22,1,0.0,0.09,0.12,5,22,0,1,0,1.2857142857142858,0.0
7,337,6,False,0,2025-02-22,0,0.0,0.12,0.17,5,22,0,1,0,1.4285714285714286,0.0
7,366,6,False,0,2025-02-22,1,0.0,0.08,0.1,5,22,0,1,0,1.4285714285714286,0.0
7,386,6,False,0,2025-02-22,1,0.0,0.17,0.24,5,22,0,1,0,1.1428571428571428,0.0
7,449,6,False,0,2025-02-22,3,0.0,0.28,0.38,5,22,0,1,0,0.8571428571428571,0.0
7,594,6,False,0,2025-02-22,0,0.0,0.19,0.23,5,22,0,1,0,1.2857142857142858,0.0
7,820,6,False,0,2025-02-22,0,0.0,0.16,0.2,5,22,0,1,0,0.8571428571428571,0.0
7,988,6,False,0,2025-02-22,1,0.0,0.16,0.23,5,22,0,1,0,0.8571428571428571,0.0
7,1031,6,False,0,2025-02-22,1,0.0,0.1,0.14,5,22,0,1,0,0.8571428571428571,0.0
7,1124,6,False,0,2025-02-22,2,0.0,0.12,0.17,5,22,0,1,0,1.0,0.0
7,1276,6,False,0,2025-02-22,1,0.0,0.13,0.2,5,22,0,1,0,1.1428571428571428,0.0
7,1340,6,False,0,2025-02-22,2,0.0,0.17,0.23,5,22,0,1,0,1.1428571428571428,0.0
7,1429,6,False,0,2025-02-22,0,0.0,0.08,0.09,5,22,0,1,0,1.0,0.0
7,1534,6,False,0,2025-02-22,2,0.0,0.15,0.22,5,22,0,1,0,1.0,0.0
7,1544,6,False,0,2025-02-22,2,0.0,0.08,0.11,5,22,0,1,0,1.2857142857142858,0.0
7,1611,6,False,0,2025-02-22,0,0.0,0.11,0.16,5,22,0,1,0,1.4285714285714286,0.0
7,1650,6,False,0,2025-02-22,0,0.0,0.24,0.32,5,22,0,1,0,1.2857142857142858,0.0
7,1702,6,False,0,2025-02-22,0,0.0,0.31,0.43,5,22,0,1,0,1.0,0.0
7,1767,6,False,0,2025-02-22,1,0.0,0.12,0.15,5,22,0,1,0,0.8571428571428571,0.0
7,1807,6,False,0,2025-02-22,1,0.0,0.12,0.17,5,22,0,1,0,0.7142857142857143,0.0
7,1811,6,False,0,2025-02-22,0,0.0,0.04,0.06,5,22,0,1,0,0.8571428571428571,0.0
7,1828,6,False,0,2025-02-22,1,0.0,0.26,0.33,5,22,0,1,0,0.5714285714285714,0.0
7,1868,6,False,0,2025-02-22,1,0.0,0.12,0.14,5,22,0,1,0,0.42857142857142855,0.0
7,1901,6,False,0,2025-02-22,0,0.0,0.16,0.23,5,22,0,1,0,0.5714285714285714,0.0
7,1924,6,False,0,2025-02-22,0,0.0,0.07,0.09,5,22,0,1,0,0.5714285714285714,0.0
7,2680,6,False,0,2025-02-22,0,0.0,0.13,0.21,5,22,0,1,0,0.5714285714285714,0.0
7,2712,6,False,0,2025-02-22,3,0.0,0.12,0.14,5,22,0,1,0,0.42857142857142855,0.0
7,2912,6,False,0,2025-02-22,1,0.0,0.12,0.18,5,22,0,1,0,0.7142857142857143,0.0
7,3034,6,False,0,2025-02-22,2,0.0,0.11,0.16,5,22,0,1,0,0.8571428571428571,0.0
7,3088,6,False,0,2025-02-22,0,0.0,0.06,0.07,5,22,0,1,0,1.0,0.0
7,3187,6,False,0,2025-02-22,0,0.0,0.26,0.31,5,22,0,1,0,0.8571428571428571,0.0
7,3202,6,False,0,2025-02-22,1,0.0,0.14,0.21,5,22,0,1,0,0.8571428571428571,0.0
7,3604,6,False,0,2025-02-22,1,0.0,0.32,0.36,5,22,0,1,0,1.0,0.0
7,3648,6,False,0,2025-02-22,0,0.0,0.2,0.26,5,22,0,1,0,1.1428571428571428,0.0
7,3687,6,False,0,2025-02-22,1,0.0,0.14,0.22,5,22,0,1,0,0.7142857142857143,0.0
7,3842,6,False,0,2025-02-22,0,0.0,0.39,0.46,5,22,0,1,0,0.7142857142857143,0.0
7,3902,6,False,0,2025-02-22,1,0.0,0.17,0.22,5,22,0,1,0,0.42857142857142855,0.0
7,3912,6,False,0,2025-02-22,1,0.0,0.06,0.1,5,22,0,1,0,0.5714285714285714,0.0
7,4177,6,False,0,2025-02-22,1,0.0,0.06,0.08,5,22,0,1,0,0.7142857142857143,0.0
7,4234,6,False,0,2025-02-22,2,0.0,0.12,0.16,5,22,0,1,0,0.7142857142857143,0.0
7,4288,6,False,0,2025-02-22,1,0.0,0.13,0.21,5,22,0,1,0,0.8571428571428571,0.0
7,4376,6,False,0,2025-02-22,1,0.0,0.08,0.1,5,22,0,1,0,1.0,0.0
7,4386,6,False,0,2025-02-22,0,0.0,0.09,0.11,5,22,0,1,0,1.0,0.0
7,4468,6,False,0,2025-02-22,0,0.0,0.34,0.42,5,22,0,1,0,1.0,0.0
7,4892,6,False,0,2025-02-22,0,0.0,0.2,0.26,5,22,0,1,0,0.8571428571428571,0.0
7,4899,6,False,0,2025-02-22,2,0.0,0.06,0.1,5,22,0,1,0,0.7142857142857143,0.0
7,4917,6,False,0,2025-02-22,8,0.0,0.15,0.22,5,22,0,1,0,0.8571428571428571,0.0
7,5150,6,False,0,2025-02-22,0,0.0,0.18,0.26,5,22,0,1,0,1.7142857142857142,0.0
7,5193,6,False,0,2025-02-22,0,0.0,0.27,0.39,5,22,0,1,0,1.5714285714285714,0.0
7,188,7,False,0,2025-02-22,1,0.0,0.03,0.04,5,22,0,1,0,1.4285714285714286,0.0
7,348,7,False,0,2025-02-22,1,0.0,0.02,0.03,5,22,0,1,0,1.5714285714285714,0.0
7,392,7,False,0,2025-02-22,3,0.0,0.01,0.01,5,22,0,1,0,1.7142857142857142,0.0
7,503,7,False,0,2025-02-22,22,0.0,0.01,0.01,5,22,0,1,0,2.142857142857143,0.0
7,680,7,False,0,2025-02-22,20,0.0,0.01,0.01,5,22,0,1,0,5.0,0.0
7,743,7,False,0,2025-02-22,4,0.0,0.02,0.04,5,22,0,1,0,6.714285714285714,0.0
7,840,7,False,0,2025-02-22,4,0.0,0.02,0.03,5,22,0,1,0,7.285714285714286,0.0
7,966,7,False,0,2025-02-22,2,0.0,0.03,0.04,5,22,0,1,0,7.857142857142857,0.0
7,1084,7,False,0,2025-02-22,1,0.0,0.01,0.01,5,22,0,1,0,8.0,0.0
7,1108,7,False,0,2025-02-22,4,0.0,0.05,0.09,5,22,0,1,0,8.0,0.0
7,1128,7,False,0,2025-02-22,0,0.0,0.02,0.02,5,22,0,1,0,8.142857142857142,0.0
7,1253,7,False,0,2025-02-22,7,0.0,0.01,0.02,5,22,0,1,0,5.0,0.0
7,1445,7,False,0,2025-02-22,4,0.0,0.04,0.05,5,22,0,1,0,3.142857142857143,0.0
7,1488,7,False,0,2025-02-22,1,0.0,0.01,0.01,5,22,0,1,0,3.142857142857143,0.0
7,1556,7,False,0,2025-02-22,4,0.0,0.02,0.03,5,22,0,1,0,2.7142857142857144,0.0
7,1591,7,False,0,2025-02-22,3,0.0,0.05,0.09,5,22,0,1,0,3.0,0.0
7,1677,7,False,0,2025-02-22,1,0.0,0.02,0.04,5,22,0,1,0,3.2857142857142856,0.0
7,1697,7,False,0,2025-02-22,1,0.0,0.05,0.07,5,22,0,1,0,2.857142857142857,0.0
7,1895,7,False,0,2025-02-22,1,0.0,0.02,0.02,5,22,0,1,0,3.0,0.0
7,1905,7,False,0,2025-02-22,3,0.0,0.02,0.02,5,22,0,1,0,2.142857142857143,0.0
7,1981,7,False,0,2025-02-22,1,0.0,0.01,0.01,5,22,0,1,0,2.0,0.0
7,2105,7,False,0,2025-02-22,4,0.0,0.02,0.03,5,22,0,1,0,2.0,0.0
7,2182,7,False,0,2025-02-22,2,0.0,0.2,0.23,5,22,0,1,0,2.0,0.0
7,2202,7,False,0,2025-02-22,4,0.0,0.11,0.14,5,22,0,1,0,1.8571428571428572,0.0
7,2232,7,False,0,2025-02-22,2,0.0,0.04,0.08,5,22,0,1,0,2.2857142857142856,0.0
7,2340,7,False,0,2025-02-22,3,0.0,0.02,0.02,5,22,0,1,0,2.4285714285714284,0.0
7,2380,7,False,0,2025-02-22,2,0.0,0.03,0.05,5,22,0,1,0,2.7142857142857144,0.0
7,2439,7,False,0,2025-02-22,5,0.0,0.03,0.04,5,22,0,1,0,2.5714285714285716,0.0
7,2645,7,False,0,2025-02-22,1,1.0,0.03,0.04,5,22,0,1,0,3.142857142857143,0.0
7,2792,7,False,0,2025-02-22,1,0.0,0.02,0.04,5,22,0,1,0,2.7142857142857144,0.0
7,2989,7,False,0,2025-02-22,17,0.0,0.0,0.0,5,22,0,1,0,2.5714285714285716,0.0
7,3025,7,False,0,2025-02-22,7,0.0,0.01,0.01,5,22,0,1,0,4.428571428571429,0.0
7,3078,7,False,0,2025-02-22,0,0.0,0.07,0.1,5,22,0,1,0,5.142857142857143,0.0
7,3111,7,False,0,2025-02-22,1,0.0,0.03,0.04,5,22,0,1,0,4.714285714285714,0.0
7,3125,7,False,0,2025-02-22,1,0.0,0.02,0.03,5,22,0,1,0,4.571428571428571,0.0
7,4069,7,False,0,2025-02-22,0,0.0,0.02,0.02,5,22,0,1,0,4.0,0.0
7,4233,7,False,0,2025-02-22,0,0.0,0.06,0.07,5,22,0,1,0,3.857142857142857,0.0
7,4424,7,False,0,2025-02-22,15,0.0,0.02,0.05,5,22,0,1,0,3.7142857142857144,0.0
7,4454,7,False,0,2025-02-22,3,0.0,0.01,0.02,5,22,0,1,0,3.4285714285714284,0.0
7,4484,7,False,0,2025-02-22,20,0.0,0.02,0.05,5,22,0,1,0,2.857142857142857,0.0
7,4599,7,False,0,2025-02-22,3,0.0,0.01,0.02,5,22,0,1,0,5.714285714285714,0.0
7,4624,7,False,0,2025-02-22,0,0.0,0.03,0.04,5,22,0,1,0,6.0,0.0
7,4763,7,False,0,2025-02-22,1,0.0,0.01,0.02,5,22,0,1,0,5.857142857142857,0.0
7,4788,7,False,0,2025-02-22,5,0.0,0.02,0.04,5,22,0,1,0,6.0,0.0
7,4841,7,False,0,2025-02-22,1,0.0,0.01,0.02,5,22,0,1,0,6.714285714285714,0.0
7,4910,7,False,0,2025-02-22,1,0.0,0.2,0.23,5,22,0,1,0,4.714285714285714,0.0
7,5031,7,False,0,2025-02-22,1,0.0,0.3,0.46,5,22,0,1,0,4.428571428571429,0.0
7,5141,7,False,0,2025-02-22,2,1.0,0.02,0.03,5,22,0,1,0,1.7142857142857142,0.0
7,55,8,False,0,2025-02-22,6,0.0,0.04,0.08,5,22,0,1,0,1.5714285714285714,0.0
7,367,8,False,0,2025-02-22,15,0.0,0.02,0.04,5,22,0,1,0,2.4285714285714284,0.0
7,494,8,False,0,2025-02-22,8,0.0,0.01,0.03,5,22,0,1,0,4.428571428571429,0.0
7,566,8,False,0,2025-02-22,15,0.0,0.01,0.01,5,22,0,1,0,4.857142857142857,0.0
7,658,8,False,0,2025-02-22,2,0.0,0.1,0.17,5,22,0,1,0,6.857142857142857,0.0
7,675,8,False,0,2025-02-22,0,0.0,0.01,0.02,5,22,0,1,0,7.0,0.0
7,790,8,False,0,2025-02-22,3,0.0,0.01,0.02,5,22,0,1,0,6.857142857142857,0.0
7,868,8,False,0,2025-02-22,1,0.0,0.14,0.21,5,22,0,1,0,7.0,0.0
7,870,8,False,0,2025-02-22,3,0.0,0.01,0.01,5,22,0,1,0,6.285714285714286,0.0
7,1004,8,False,0,2025-02-22,8,0.0,0.02,0.06,5,22,0,1,0,4.571428571428571,0.0
7,1076,8,False,0,2025-02-22,9,0.0,0.01,0.02,5,22,0,1,0,4.571428571428571,0.0
7,1116,8,False,0,2025-02-22,11,0.0,0.02,0.02,5,22,0,1,0,3.7142857142857144,0.0
7,1134,8,False,0,2025-02-22,19,0.0,0.0,0.01,5,22,0,1,0,5.0,0.0
7,1285,8,False,0,2025-02-22,8,0.0,0.03,0.05,5,22,0,1,0,7.714285714285714,0.0
7,1541,8,False,0,2025-02-22,4,0.0,0.02,0.03,5,22,0,1,0,8.428571428571429,0.0
7,1748,8,False,0,2025-02-22,11,0.0,0.03,0.04,5,22,0,1,0,8.857142857142858,0.0
7,1819,8,False,0,2025-02-22,7,0.0,0.01,0.02,5,22,0,1,0,10.0,0.0
7,1923,8,False,0,2025-02-22,2,0.0,0.01,0.02,5,22,0,1,0,9.857142857142858,0.0
7,1930,8,False,0,2025-02-22,1,0.0,0.03,0.05,5,22,0,1,0,8.857142857142858,0.0
7,2029,8,False,0,2025-02-22,2,0.0,0.04,0.06,5,22,0,1,0,7.428571428571429,0.0
7,2288,8,False,0,2025-02-22,17,0.0,0.01,0.02,5,22,0,1,0,5.0,0.0
7,3028,8,False,0,2025-02-22,3,0.0,0.01,0.02,5,22,0,1,0,6.285714285714286,0.0
7,3180,8,False,0,2025-02-22,13,0.0,0.01,0.03,5,22,0,1,0,6.142857142857143,0.0
7,3326,8,False,0,2025-02-22,6,0.0,0.03,0.04,5,22,0,1,0,6.428571428571429,0.0
7,3450,8,False,0,2025-02-22,9,0.0,0.02,0.04,5,22,0,1,0,6.285714285714286,0.0
7,3476,8,False,0,2025-02-22,2,0.0,0.07,0.11,5,22,0,1,0,7.285714285714286,0.0
7,3574,8,False,0,2025-02-22,6,0.0,0.02,0.03,5,22,0,1,0,7.428571428571429,0.0
7,3592,8,False,0,2025-02-22,5,0.0,0.02,0.04,5,22,0,1,0,8.0,0.0
7,3750,8,False,0,2025-02-22,12,0.0,0.01,0.02,5,22,0,1,0,6.285714285714286,0.0
7,3770,8,False,0,2025-02-22,5,0.0,0.01,0.02,5,22,0,1,0,7.571428571428571,0.0
7,3890,8,False,0,2025-02-22,16,0.0,0.02,0.04,5,22,0,1,0,6.428571428571429,0.0
7,3963,8,False,0,2025-02-22,6,0.0,0.01,0.01,5,22,0,1,0,7.857142857142857,0.0
7,4115,8,False,0,2025-02-22,5,0.0,0.02,0.04,5,22,0,1,0,7.428571428571429,0.0
7,4538,8,False,0,2025-02-22,5,3.0,0.02,0.03,5,22,0,1,0,7.857142857142857,0.0
7,4609,8,False,0,2025-02-22,9,0.0,0.05,0.08,5,22,0,1,0,7.714285714285714,0.0
7,4666,8,False,0,2025-02-22,11,0.0,0.01,0.02,5,22,0,1,0,8.285714285714286,0.0
7,4668,8,False,0,2025-02-22,2,0.0,0.01,0.02,5,22,0,1,0,8.142857142857142,0.0
7,4676,8,False,0,2025-02-22,13,0.0,0.01,0.01,5,22,0,1,0,7.714285714285714,0.0
7,4751,8,False,0,2025-02-22,0,0.0,0.02,0.03,5,22,0,1,0,7.285714285714286,0.0
7,4807,8,False,0,2025-02-22,13,0.0,0.01,0.01,5,22,0,1,0,6.428571428571429,0.0
7,4862,8,False,0,2025-02-22,2,0.0,0.18,0.29,5,22,0,1,0,7.571428571428571,0.0
7,5001,8,False,0,2025-02-22,11,0.0,0.01,0.03,5,22,0,1,0,7.142857142857143,0.0
7,5203,8,False,0,2025-02-22,17,0.0,0.01,0.03,5,22,0,1,0,7.428571428571429,0.0
7,3,9,True,0,2025-02-22,0,0.0,0.02,0.06,5,22,0,1,0,8.285714285714286,0.0
7,29,9,True,0,2025-02-22,0,0.0,0.05,0.07,5,22,0,1,0,8.0,0.0
7,67,9,True,0,2025-02-22,0,0.0,0.01,0.03,5,22,0,1,0,6.142857142857143,0.0
7,68,9,True,0,2025-02-22,0,0.0,0.02,0.04,5,22,0,1,0,6.142857142857143,0.0
7,75,9,True,0,2025-02-22,3,0.0,0.03,0.05,5,22,0,1,0,4.285714285714286,0.0
7,162,9,True,0,2025-02-22,0,0.0,0.03,0.06,5,22,0,1,0,4.428571428571429,0.0
7,176,9,True,0,2025-02-22,0,0.0,0.02,0.05,5,22,0,1,0,2.857142857142857,0.0
7,266,9,True,0,2025-02-22,0,0.0,0.03,0.07,5,22,0,1,0,0.42857142857142855,0.0
7,322,9,True,0,2025-02-22,0,0.0,0.05,0.07,5,22,0,1,0,0.42857142857142855,0.0
7,335,9,True,0,2025-02-22,0,0.0,0.02,0.03,5,22,0,1,0,0.42857142857142855,0.0
7,342,9,True,0,2025-02-22,0,0.0,0.02,0.1,5,22,0,1,0,0.42857142857142855,0.0
7,379,9,True,0,2025-02-22,0,0.0,0.06,0.08,5,22,0,1,0,0.42857142857142855,0.0
7,426,9,True,0,2025-02-22,0,0.0,0.05,0.14,5,22,0,1,0,0.0,0.0
7,469,9,True,0,2025-02-22,0,0.0,0.02,0.03,5,22,0,1,0,0.0,0.0
7,487,9,True,0,2025-02-22,0,0.0,0.03,0.07,5,22,0,1,0,0.0,0.0
7,500,9,True,0,2025-02-22,0,0.0,0.01,0.06,5,22,0,1,0,0.0,0.0
7,520,9,True,0,2025-02-22,0,0.0,0.04,0.1,5,22,0,1,0,0.0,0.0
7,546,9,True,0,2025-02-22,1,0.0,0.02,0.05,5,22,0,1,0,0.0,0.0
7,562,9,True,0,2025-02-22,0,0.0,0.03,0.05,5,22,0,1,0,0.14285714285714285,0.0
7,589,9,True,0,2025-02-22,0,0.0,0.03,0.05,5,22,0,1,0,0.14285714285714285,0.0
7,591,9,True,0,2025-02-22,0,0.0,0.04,0.09,5,22,0,1,0,0.14285714285714285,0.0
7,654,9,True,0,2025-02-22,0,0.0,0.03,0.08,5,22,0,1,0,0.14285714285714285,0.0
7,673,9,True,0,2025-02-22,0,0.0,0.02,0.06,5,22,0,1,0,0.14285714285714285,0.0
7,687,9,True,0,2025-02-22,0,0.0,0.04,0.09,5,22,0,1,0,0.14285714285714285,0.0
7,698,9,True,0,2025-02-22,0,0.0,0.04,0.14,5,22,0,1,0,0.14285714285714285,0.0
7,708,9,True,0,2025-02-22,0,0.0,0.04,0.1,5,22,0,1,0,0.0,0.0
7,715,9,True,0,2025-02-22,1,0.0,0.02,0.03,5,22,0,1,0,0.0,0.0
7,738,9,True,0,2025-02-22,1,0.0,0.03,0.11,5,22,0,1,0,0.14285714285714285,0.0
7,856,9,True,0,2025-02-22,1,0.0,0.01,0.02,5,22,0,1,0,0.2857142857142857,0.0
7,884,9,True,0,2025-02-22,0,0.0,0.05,0.07,5,22,0,1,0,0.42857142857142855,0.0
7,893,9,True,0,2025-02-22,0,0.0,0.02,0.05,5,22,0,1,0,0.42857142857142855,0.0
7,908,9,True,0,2025-02-22,0,0.0,0.05,0.09,5,22,0,1,0,0.42857142857142855,0.0
7,920,9,True,0,2025-02-22,0,0.0,0.04,0.05,5,22,0,1,0,0.42857142857142855,0.0
7,942,9,True,0,2025-02-22,2,0.0,0.01,0.05,5,22,0,1,0,0.42857142857142855,0.0
7,955,9,True,0,2025-02-22,0,0.0,0.06,0.08,5,22,0,1,0,0.5714285714285714,0.0
7,957,9,True,0,2025-02-22,0,0.0,0.05,0.15,5,22,0,1,0,0.42857142857142855,0.0
7,977,9,True,0,2025-02-22,0,0.0,0.1,0.16,5,22,0,1,0,0.2857142857142857,0.0
7,1016,9,True,0,2025-02-22,0,0.0,0.02,0.07,5,22,0,1,0,0.2857142857142857,0.0
7,1039,9,True,0,2025-02-22,0,0.0,0.01,0.04,5,22,0,1,0,0.2857142857142857,0.0
7,1050,9,True,0,2025-02-22,0,0.0,0.07,0.19,5,22,0,1,0,0.2857142857142857,0.0
7,1075,9,True,0,2025-02-22,3,0.0,0.03,0.04,5,22,0,1,0,0.2857142857142857,0.0
7,1081,9,True,0,2025-02-22,0,0.0,0.02,0.1,5,22,0,1,0,0.42857142857142855,0.0
7,1157,9,True,0,2025-02-22,0,0.0,0.04,0.1,5,22,0,1,0,0.42857142857142855,0.0
7,1168,9,True,0,2025-02-22,0,0.0,0.09,0.15,5,22,0,1,0,0.42857142857142855,0.0
7,1241,9,True,0,2025-02-22,0,0.0,0.05,0.13,5,22,0,1,0,0.42857142857142855,0.0
7,1243,9,True,0,2025-02-22,0,0.0,0.04,0.08,5,22,0,1,0,0.42857142857142855,0.0
7,1281,9,True,0,2025-02-22,0,0.0,0.02,0.03,5,22,0,1,0,0.42857142857142855,0.0
7,1334,9,True,0,2025-02-22,0,0.0,0.02,0.04,5,22,0,1,0,0.42857142857142855,0.0
7,1364,9,True,0,2025-02-22,0,0.0,0.03,0.12,5,22,0,1,0,0.0,0.0
7,1453,9,True,0,2025-02-22,0,0.0,0.04,0.07,5,22,0,1,0,0.0,0.0
7,1504,9,True,0,2025-02-22,0,0.0,0.1,0.12,5,22,0,1,0,0.0,0.0
7,1615,9,True,0,2025-02-22,0,0.0,0.02,0.04,5,22,0,1,0,0.0,0.0
7,1699,9,True,0,2025-02-22,0,0.0,0.04,0.08,5,22,0,1,0,0.0,0.0
7,1701,9,True,0,2025-02-22,0,0.0,0.03,0.04,5,22,0,1,0,0.0,0.0
7,1713,9,True,0,2025-02-22,0,2.0,0.01,0.02,5,22,0,1,0,0.0,0.0
7,1728,9,True,0,2025-02-22,0,0.0,0.02,0.09,5,22,0,1,0,0.0,0.0
7,1774,9,True,0,2025-02-22,0,0.0,0.04,0.06,5,22,0,1,0,0.0,0.0
7,1872,9,True,0,2025-02-22,1,1.0,0.04,0.12,5,22,0,1,0,0.0,0.0
7,1885,9,True,0,2025-02-22,93,0.0,0.01,0.01,5,22,0,1,0,0.14285714285714285,0.0
7,1890,9,True,0,2025-02-22,0,0.0,0.02,0.06,5,22,0,1,0,13.428571428571429,0.0
7,2007,9,True,0,2025-02-22,0,0.0,0.02,0.07,5,22,0,1,0,13.428571428571429,0.0
7,2009,9,True,0,2025-02-22,0,0.0,0.01,0.03,5,22,0,1,0,13.428571428571429,0.0
7,2067,9,True,0,2025-02-22,0,0.0,0.04,0.09,5,22,0,1,0,13.428571428571429,0.0
7,2068,9,True,0,2025-02-22,0,0.0,0.02,0.05,5,22,0,1,0,13.428571428571429,0.0
7,2073,9,True,0,2025-02-22,0,0.0,0.01,0.03,5,22,0,1,0,13.428571428571429,0.0
7,2076,9,True,0,2025-02-22,0,0.0,0.04,0.08,5,22,0,1,0,13.285714285714286,0.0
7,2121,9,True,0,2025-02-22,0,0.0,0.02,0.05,5,22,0,1,0,0.0,0.0
7,2138,9,True,0,2025-02-22,0,0.0,0.05,0.09,5,22,0,1,0,0.0,0.0
7,2184,9,True,0,2025-02-22,0,0.0,0.02,0.07,5,22,0,1,0,0.0,0.0
7,2220,9,True,0,2025-02-22,0,0.0,0.01,0.05,5,22,0,1,0,0.0,0.0
7,2225,9,True,0,2025-02-22,0,0.0,0.03,0.09,5,22,0,1,0,0.0,0.0
7,2299,9,True,0,2025-02-22,0,0.0,0.02,0.05,5,22,0,1,0,0.0,0.0
7,2353,9,True,0,2025-02-22,0,0.0,0.01,0.01,5,22,0,1,0,0.0,0.0
7,2356,9,True,0,2025-02-22,0,0.0,0.01,0.01,5,22,0,1,0,0.0,0.0
7,2388,9,True,0,2025-02-22,0,0.0,0.03,0.11,5,22,0,1,0,0.0,0.0
7,2409,9,True,0,2025-02-22,0,0.0,0.05,0.09,5,22,0,1,0,0.0,0.0
7,2427,9,True,0,2025-02-22,1,0.0,0.01,0.03,5,22,0,1,0,0.0,0.0
7,2449,9,True,0,2025-02-22,0,0.0,0.05,0.1,5,22,0,1,0,0.14285714285714285,0.0
7,2493,9,True,0,2025-02-22,0,0.0,0.02,0.04,5,22,0,1,0,0.14285714285714285,0.0
7,2540,9,True,0,2025-02-22,0,0.0,0.05,0.15,5,22,0,1,0,0.14285714285714285,0.0
7,2552,9,True,0,2025-02-22,0,0.0,0.04,0.06,5,22,0,1,0,0.14285714285714285,0.0
7,2597,9,True,0,2025-02-22,0,0.0,0.01,0.03,5,22,0,1,0,0.14285714285714285,0.0
7,2608,9,True,0,2025-02-22,0,0.0,0.04,0.09,5,22,0,1,0,0.14285714285714285,0.0
7,2629,9,True,0,2025-02-22,0,0.0,0.02,0.1,5,22,0,1,0,0.14285714285714285,0.0
7,2633,9,True,0,2025-02-22,0,0.0,0.01,0.01,5,22,0,1,0,0.0,0.0
7,2684,9,True,0,2025-02-22,0,0.0,0.04,0.09,5,22,0,1,0,0.0,0.0
7,2694,9,True,0,2025-02-22,0,0.0,0.04,0.1,5,22,0,1,0,0.0,0.0
7,2724,9,True,0,2025-02-22,0,1.0,0.01,0.04,5,22,0,1,0,0.0,0.0
7,2791,9,True,0,2025-02-22,0,0.0,0.1,0.2,5,22,0,1,0,0.0,0.0
7,2796,9,True,0,2025-02-22,0,0.0,0.03,0.08,5,22,0,1,0,0.0,0.0
7,2828,9,True,0,2025-02-22,4,0.0,0.02,0.05,5,22,0,1,0,0.0,0.0
7,2868,9,True,0,2025-02-22,0,0.0,0.03,0.04,5,22,0,1,0,0.5714285714285714,0.0
7,2869,9,True,0,2025-02-22,0,0.0,0.05,0.09,5,22,0,1,0,0.5714285714285714,0.0
7,2877,9,True,0,2025-02-22,0,0.0,0.1,0.2,5,22,0,1,0,0.5714285714285714,0.0
7,2895,9,True,0,2025-02-22,0,0.0,0.06,0.08,5,22,0,1,0,0.5714285714285714,0.0
7,2896,9,True,0,2025-02-22,0,2.0,0.04,0.07,5,22,0,1,0,0.5714285714285714,0.0
7,2921,9,True,0,2025-02-22,0,0.0,0.07,0.29,5,22,0,1,0,0.5714285714285714,0.0
7,2937,9,True,0,2025-02-22,0,0.0,0.03,0.08,5,22,0,1,0,0.5714285714285714,0.0
7,2945,9,True,0,2025-02-22,0,0.0,0.06,0.09,5,22,0,1,0,0.0,0.0
7,2967,9,True,0,2025-02-22,0,0.0,0.13,0.19,5,22,0,1,0,0.0,0.0
7,2986,9,True,0,2025-02-22,0,0.0,0.03,0.03,5,22,0,1,0,0.0,0.0
7,2998,9,True,0,2025-02-22,0,0.0,0.01,0.05,5,22,0,1,0,0.0,0.0
7,3036,9,True,0,2025-02-22,0,0.0,0.03,0.09,5,22,0,1,0,0.0,0.0
7,3059,9,True,0,2025-02-22,0,0.0,0.06,0.1,5,22,0,1,0,0.0,0.0
7,3160,9,True,0,2025-02-22,0,0.0,0.01,0.02,5,22,0,1,0,0.0,0.0
7,3191,9,True,0,2025-02-22,0,0.0,0.06,0.1,5,22,0,1,0,0.0,0.0
7,3291,9,True,0,2025-02-22,0,0.0,0.05,0.1,5,22,0,1,0,0.0,0.0
7,3332,9,True,0,2025-02-22,0,1.0,0.02,0.09,5,22,0,1,0,0.0,0.0
7,3367,9,True,0,2025-02-22,0,0.0,0.06,0.07,5,22,0,1,0,0.0,0.0
7,3405,9,True,0,2025-02-22,0,0.0,0.01,0.04,5,22,0,1,0,0.0,0.0
7,3412,9,True,0,2025-02-22,0,0.0,0.01,0.02,5,22,0,1,0,0.0,0.0
7,3477,9,True,0,2025-02-22,0,0.0,0.03,0.05,5,22,0,1,0,0.0,0.0
7,3491,9,True,0,2025-02-22,0,0.0,0.03,0.12,5,22,0,1,0,0.0,0.0
7,3503,9,True,0,2025-02-22,0,0.0,0.01,0.04,5,22,0,1,0,0.0,0.0
7,3505,9,True,0,2025-02-22,0,0.0,0.04,0.1,5,22,0,1,0,0.0,0.0
7,3531,9,True,0,2025-02-22,0,1.0,0.02,0.06,5,22,0,1,0,0.0,0.0
7,3584,9,True,0,2025-02-22,0,0.0,0.02,0.09,5,22,0,1,0,0.0,0.0
7,3699,9,True,0,2025-02-22,1,0.0,0.01,0.02,5,22,0,1,0,0.0,0.0
7,3702,9,True,0,2025-02-22,0,0.0,0.02,0.03,5,22,0,1,0,0.14285714285714285,0.0
7,3794,9,True,0,2025-02-22,0,0.0,0.03,0.03,5,22,0,1,0,0.14285714285714285,0.0
7,3836,9,True,0,2025-02-22,0,0.0,0.05,0.1,5,22,0,1,0,0.14285714285714285,0.0
7,3872,9,True,0,2025-02-22,4,0.0,0.04,0.07,5,22,0,1,0,0.14285714285714285,0.0
7,3884,9,True,0,2025-02-22,0,0.0,0.01,0.03,5,22,0,1,0,0.7142857142857143,0.0
7,3962,9,True,0,2025-02-22,0,0.0,0.05,0.14,5,22,0,1,0,0.7142857142857143,0.0
7,3998,9,True,0,2025-02-22,0,0.0,0.04,0.09,5,22,0,1,0,0.7142857142857143,0.0
7,4008,9,True,0,2025-02-22,0,0.0,0.04,0.18,5,22,0,1,0,0.5714285714285714,0.0
7,4056,9,True,0,2025-02-22,0,0.0,0.02,0.05,5,22,0,1,0,0.5714285714285714,0.0
7,4075,9,True,0,2025-02-22,0,0.0,0.06,0.2,5,22,0,1,0,0.5714285714285714,0.0
7,4083,9,True,0,2025-02-22,0,0.0,0.09,0.19,5,22,0,1,0,0.5714285714285714,0.0
7,4232,9,True,0,2025-02-22,0,0.0,0.13,0.18,5,22,0,1,0,0.0,0.0
7,4259,9,True,0,2025-02-22,0,0.0,0.26,0.31,5,22,0,1,0,0.0,0.0
7,4262,9,True,0,2025-02-22,0,0.0,0.02,0.05,5,22,0,1,0,0.0,0.0
7,4279,9,True,0,2025-02-22,0,0.0,0.05,0.1,5,22,0,1,0,0.0,0.0
7,4296,9,True,0,2025-02-22,0,0.0,0.04,0.07,5,22,0,1,0,0.0,0.0
7,4332,9,True,0,2025-02-22,0,0.0,0.04,0.1,5,22,0,1,0,0.0,0.0
7,4353,9,True,0,2025-02-22,0,0.0,0.01,0.07,5,22,0,1,0,0.0,0.0
7,4363,9,True,0,2025-02-22,0,0.0,0.05,0.12,5,22,0,1,0,0.0,0.0
7,4393,9,True,0,2025-02-22,1,0.0,0.09,0.13,5,22,0,1,0,0.0,0.0
7,4406,9,True,0,2025-02-22,0,0.0,0.02,0.07,5,22,0,1,0,0.14285714285714285,0.0
7,4459,9,True,0,2025-02-22,4,0.0,0.02,0.04,5,22,0,1,0,0.14285714285714285,0.0
7,4477,9,True,0,2025-02-22,0,0.0,0.03,0.03,5,22,0,1,0,0.7142857142857143,0.0
7,4532,9,True,0,2025-02-22,0,0.0,0.02,0.04,5,22,0,1,0,0.7142857142857143,0.0
7,4574,9,True,0,2025-02-22,0,0.0,0.01,0.02,5,22,0,1,0,0.7142857142857143,0.0
7,4623,9,True,0,2025-02-22,0,0.0,0.03,0.08,5,22,0,1,0,0.7142857142857143,0.0
7,4677,9,True,0,2025-02-22,0,0.0,0.12,0.24,5,22,0,1,0,0.7142857142857143,0.0
7,4695,9,True,0,2025-02-22,0,0.0,0.04,0.07,5,22,0,1,0,0.5714285714285714,0.0
7,4709,9,True,0,2025-02-22,1,0.0,0.08,0.12,5,22,0,1,0,0.5714285714285714,0.0
7,4728,9,True,0,2025-02-22,0,0.0,0.02,0.02,5,22,0,1,0,0.14285714285714285,0.0
7,4737,9,True,0,2025-02-22,5,0.0,0.01,0.03,5,22,0,1,0,0.14285714285714285,0.0
7,4775,9,True,0,2025-02-22,0,0.0,0.04,0.1,5,22,0,1,0,0.8571428571428571,0.0
7,4784,9,True,0,2025-02-22,0,0.0,0.01,0.03,5,22,0,1,0,0.8571428571428571,0.0
7,4858,9,True,0,2025-02-22,1,1.0,0.15,0.21,5,22,0,1,0,0.8571428571428571,0.0
7,4863,9,True,0,2025-02-22,1,0.0,0.02,0.05,5,22,0,1,0,1.0,0.0
7,4927,9,True,0,2025-02-22,0,0.0,0.06,0.1,5,22,0,1,0,1.1428571428571428,0.0
7,4974,9,True,0,2025-02-22,0,0.0,0.02,0.05,5,22,0,1,0,1.0,0.0
7,5011,9,True,0,2025-02-22,0,0.0,0.06,0.11,5,22,0,1,0,1.0,0.0
7,5012,9,True,0,2025-02-22,0,0.0,0.01,0.03,5,22,0,1,0,0.2857142857142857,0.0
7,5070,9,True,0,2025-02-22,0,0.0,0.05,0.08,5,22,0,1,0,0.2857142857142857,0.0
7,5226,9,True,0,2025-02-22,0,0.0,0.05,0.1,5,22,0,1,0,0.2857142857142857,0.0
7,5242,9,True,0,2025-02-22,0,0.0,0.04,0.06,5,22,0,1,0,0.14285714285714285,0.0
7,5252,9,True,0,2025-02-22,0,0.0,0.01,0.01,5,22,0,1,0,0.0,0.0
7,15,10,False,0,2025-02-22,10,0.0,0.03,0.13,5,22,0,1,0,0.0,0.0
7,149,10,False,0,2025-02-22,15,0.0,0.02,0.07,5,22,0,1,0,1.4285714285714286,0.0
7,2636,10,False,0,2025-02-22,9,0.0,0.09,0.19,5,22,0,1,0,3.5714285714285716,0.0
7,3122,10,False,0,2025-02-22,13,0.0,0.01,0.04,5,22,0,1,0,4.857142857142857,0.0
7,3904,10,False,0,2025-02-22,22,0.0,0.03,0.09,5,22,0,1,0,6.714285714285714,0.0
7,4959,10,False,0,2025-02-22,23,0.0,0.01,0.02,5,22,0,1,0,9.857142857142858,0.0
7,518,11,False,0,2025-02-22,2,0.0,0.16,0.15,5,22,0,1,0,13.142857142857142,0.0
7,669,11,False,0,2025-02-22,3,0.0,0.07,0.09,5,22,0,1,0,13.428571428571429,0.0
7,926,11,False,0,2025-02-22,3,0.0,0.14,0.18,5,22,0,1,0,12.428571428571429,0.0
7,934,11,False,0,2025-02-22,3,0.0,0.18,0.22,5,22,0,1,0,10.714285714285714,0.0
7,1341,11,False,0,2025-02-22,2,0.0,0.16,0.17,5,22,0,1,0,9.857142857142858,0.0
7,1710,11,False,0,2025-02-22,3,0.0,0.12,0.15,5,22,0,1,0,8.285714285714286,0.0
7,1735,11,False,0,2025-02-22,3,0.0,0.1,0.14,5,22,0,1,0,5.571428571428571,0.0
7,1879,11,False,0,2025-02-22,4,0.0,0.1,0.15,5,22,0,1,0,2.7142857142857144,0.0
7,3084,11,False,0,2025-02-22,3,0.0,0.12,0.15,5,22,0,1,0,3.0,0.0
7,3602,11,False,0,2025-02-22,2,0.0,0.12,0.15,5,22,0,1,0,3.0,0.0
7,3829,11,False,0,2025-02-22,6,0.0,0.1,0.15,5,22,0,1,0,2.857142857142857,0.0
7,3961,11,False,0,2025-02-22,3,1.0,0.09,0.12,5,22,0,1,0,3.2857142857142856,0.0
7,4171,11,False,0,2025-02-22,3,0.0,0.14,0.2,5,22,0,1,0,3.4285714285714284,0.0
7,4322,11,False,0,2025-02-22,4,0.0,0.1,0.12,5,22,0,1,0,3.4285714285714284,0.0
7,4441,11,False,0,2025-02-22,3,0.0,0.12,0.16,5,22,0,1,0,3.5714285714285716,0.0
7,4930,11,False,0,2025-02-22,4,0.0,0.09,0.12,5,22,0,1,0,3.4285714285714284,0.0
7,27,1,False,0,2025-02-27,2,0.0,0.07,0.08,3,27,0,0,1,3.5714285714285716,0.0
7,982,1,False,0,2025-02-27,2,0.0,0.2,0.23,3,27,0,0,1,3.5714285714285716,0.0
7,1030,1,False,0,2025-02-27,2,0.0,0.29,0.34,3,27,0,0,1,3.0,0.0
7,1304,1,False,0,2025-02-27,1,0.0,0.04,0.05,3,27,0,0,1,2.857142857142857,0.0
7,1590,1,False,0,2025-02-27,4,0.0,0.06,0.07,3,27,0,0,1,2.5714285714285716,0.0
7,1752,1,False,0,2025-02-27,2,0.0,0.16,0.2,3,27,0,0,1,2.5714285714285716,0.0
7,1840,1,False,0,2025-02-27,2,0.0,0.13,0.15,3,27,0,0,1,2.4285714285714284,0.0
7,1853,1,False,0,2025-02-27,0,0.0,0.18,0.19,3,27,0,0,1,2.142857142857143,0.0
7,1874,1,False,0,2025-02-27,3,0.0,0.03,0.04,3,27,0,0,1,1.8571428571428572,0.0
7,2850,1,False,0,2025-02-27,2,0.0,0.18,0.2,3,27,0,0,1,2.0,0.0
7,3058,1,False,0,2025-02-27,3,0.0,0.16,0.22,3,27,0,0,1,2.0,0.0
7,3120,1,False,0,2025-02-27,2,0.0,0.16,0.18,3,27,0,0,1,2.2857142857142856,0.0
7,3326,1,False,0,2025-02-27,5,0.0,0.03,0.04,3,27,0,0,1,2.0,0.0
7,3621,1,False,0,2025-02-27,2,0.0,0.03,0.04,3,27,0,0,1,2.4285714285714284,0.0
7,3625,1,False,0,2025-02-27,2,0.0,0.16,0.19,3,27,0,0,1,2.4285714285714284,0.0
7,4088,1,False,0,2025-02-27,4,0.0,0.33,0.4,3,27,0,0,1,2.7142857142857144,0.0
7,4089,1,False,0,2025-02-27,1,0.0,0.16,0.24,3,27,0,0,1,2.857142857142857,0.0
7,4206,1,False,0,2025-02-27,2,0.0,0.5,0.66,3,27,0,0,1,2.7142857142857144,0.0
7,4693,1,False,0,2025-02-27,1,1.0,0.09,0.11,3,27,0,0,1,2.5714285714285716,0.0
7,5035,1,False,0,2025-02-27,3,0.0,0.13,0.15,3,27,0,0,1,2.4285714285714284,0.0
7,9,3,True,0,2025-02-27,0,0.0,0.11,0.16,3,27,0,0,1,2.142857142857143,0.0
7,42,3,True,0,2025-02-27,7,0.0,0.05,0.06,3,27,0,0,1,1.8571428571428572,0.0
7,54,3,True,0,2025-02-27,0,0.0,0.18,0.2,3,27,0,0,1,2.5714285714285716,0.0
7,63,3,True,0,2025-02-27,0,0.0,0.14,0.17,3,27,0,0,1,2.0,0.0
7,71,3,True,0,2025-02-27,1,0.0,0.03,0.03,3,27,0,0,1,1.8571428571428572,0.0
7,73,3,True,0,2025-02-27,0,0.0,0.15,0.19,3,27,0,0,1,1.7142857142857142,0.0
7,118,3,True,0,2025-02-27,6,0.0,0.05,0.07,3,27,0,0,1,1.5714285714285714,0.0
7,151,3,True,0,2025-02-27,0,0.0,0.21,0.29,3,27,0,0,1,2.0,0.0
7,154,3,True,0,2025-02-27,0,0.0,0.18,0.24,3,27,0,0,1,2.0,0.0
7,156,3,True,0,2025-02-27,0,0.0,0.04,0.05,3,27,0,0,1,1.0,0.0
7,224,3,True,0,2025-02-27,1,0.0,0.06,0.08,3,27,0,0,1,1.0,0.0
7,230,3,True,0,2025-02-27,20,0.0,0.03,0.05,3,27,0,0,1,1.1428571428571428,0.0
7,258,3,True,0,2025-02-27,1,0.0,0.03,0.04,3,27,0,0,1,3.857142857142857,0.0
7,304,3,True,0,2025-02-27,0,0.0,0.1,0.11,3,27,0,0,1,4.0,0.0
7,307,3,True,0,2025-02-27,0,0.0,0.16,0.19,3,27,0,0,1,3.142857142857143,0.0
7,319,3,True,0,2025-02-27,1,0.0,0.35,0.39,3,27,0,0,1,3.142857142857143,0.0
7,323,3,True,0,2025-02-27,1,0.0,0.28,0.32,3,27,0,0,1,3.2857142857142856,0.0
7,347,3,True,0,2025-02-27,0,0.0,0.06,0.07,3,27,0,0,1,3.4285714285714284,0.0
7,377,3,True,0,2025-02-27,0,0.0,0.12,0.16,3,27,0,0,1,3.2857142857142856,0.0
7,384,3,True,0,2025-02-27,0,0.0,0.04,0.06,3,27,0,0,1,0.42857142857142855,0.0
7,396,3,True,0,2025-02-27,0,0.0,0.22,0.26,3,27,0,0,1,0.2857142857142857,0.0
7,400,3,True,0,2025-02-27,0,0.0,0.19,0.21,3,27,0,0,1,0.2857142857142857,0.0
7,409,3,True,0,2025-02-27,0,0.0,0.1,0.13,3,27,0,0,1,0.2857142857142857,0.0
7,414,3,True,0,2025-02-27,0,0.0,0.08,0.1,3,27,0,0,1,0.14285714285714285,0.0
7,424,3,True,0,2025-02-27,0,0.0,0.09,0.11,3,27,0,0,1,0.0,0.0
7,430,3,True,0,2025-02-27,0,0.0,0.13,0.23,3,27,0,0,1,0.0,0.0
7,452,3,True,0,2025-02-27,0,1.0,0.07,0.08,3,27,0,0,1,0.0,0.0
7,514,3,True,0,2025-02-27,0,0.0,0.16,0.22,3,27,0,0,1,0.0,0.0
7,541,3,True,0,2025-02-27,1,0.0,0.07,0.1,3,27,0,0,1,0.0,0.0
7,550,3,True,0,2025-02-27,1,1.0,0.13,0.15,3,27,0,0,1,0.14285714285714285,0.0
7,570,3,True,0,2025-02-27,0,0.0,0.15,0.17,3,27,0,0,1,0.2857142857142857,0.0
7,571,3,True,0,2025-02-27,0,0.0,0.11,0.12,3,27,0,0,1,0.2857142857142857,0.0
7,604,3,True,0,2025-02-27,0,0.0,0.3,0.35,3,27,0,0,1,0.2857142857142857,0.0
7,618,3,True,0,2025-02-27,0,0.0,0.13,0.14,3,27,0,0,1,0.2857142857142857,0.0
7,630,3,True,0,2025-02-27,0,0.0,0.06,0.08,3,27,0,0,1,0.2857142857142857,0.0
7,642,3,True,0,2025-02-27,2,0.0,0.07,0.09,3,27,0,0,1,0.2857142857142857,0.0
7,643,3,True,0,2025-02-27,0,0.0,0.06,0.07,3,27,0,0,1,0.42857142857142855,0.0
7,664,3,True,0,2025-02-27,0,0.0,0.14,0.17,3,27,0,0,1,0.2857142857142857,0.0
7,674,3,True,0,2025-02-27,0,0.0,0.15,0.19,3,27,0,0,1,0.2857142857142857,0.0
7,679,3,True,0,2025-02-27,2,0.0,0.06,0.07,3,27,0,0,1,0.2857142857142857,0.0
7,713,3,True,0,2025-02-27,0,0.0,0.06,0.07,3,27,0,0,1,0.5714285714285714,0.0
7,725,3,True,0,2025-02-27,0,0.0,0.18,0.21,3,27,0,0,1,0.5714285714285714,0.0
7,766,3,True,0,2025-02-27,0,0.0,0.06,0.07,3,27,0,0,1,0.5714285714285714,0.0
7,767,3,True,0,2025-02-27,0,0.0,0.17,0.24,3,27,0,0,1,0.2857142857142857,0.0
7,775,3,True,0,2025-02-27,0,0.0,0.12,0.15,3,27,0,0,1,0.2857142857142857,0.0
7,800,3,True,0,2025-02-27,1,0.0,0.26,0.35,3,27,0,0,1,0.2857142857142857,0.0
7,804,3,True,0,2025-02-27,0,0.0,0.1,0.17,3,27,0,0,1,0.42857142857142855,0.0
7,806,3,True,0,2025-02-27,0,0.0,0.08,0.1,3,27,0,0,1,0.14285714285714285,0.0
7,807,3,True,0,2025-02-27,0,0.0,0.13,0.15,3,27,0,0,1,0.14285714285714285,0.0
7,808,3,True,0,2025-02-27,1,0.0,0.06,0.07,3,27,0,0,1,0.14285714285714285,0.0
7,832,3,True,0,2025-02-27,0,0.0,0.12,0.15,3,27,0,0,1,0.2857142857142857,0.0
7,836,3,True,0,2025-02-27,0,0.0,0.07,0.08,3,27,0,0,1,0.2857142857142857,0.0
7,841,3,True,0,2025-02-27,0,0.0,0.13,0.16,3,27,0,0,1,0.2857142857142857,0.0
7,847,3,True,0,2025-02-27,1,0.0,0.08,0.13,3,27,0,0,1,0.14285714285714285,0.0
7,850,3,True,0,2025-02-27,0,0.0,0.49,0.51,3,27,0,0,1,0.2857142857142857,0.0
7,874,3,True,0,2025-02-27,2,0.0,0.03,0.04,3,27,0,0,1,0.2857142857142857,0.0
7,897,3,True,0,2025-02-27,0,0.0,0.05,0.06,3,27,0,0,1,0.5714285714285714,0.0
7,903,3,True,0,2025-02-27,1,0.0,0.05,0.08,3,27,0,0,1,0.42857142857142855,0.0
7,905,3,True,0,2025-02-27,0,0.0,0.11,0.17,3,27,0,0,1,0.5714285714285714,0.0
7,921,3,True,0,2025-02-27,0,0.0,0.09,0.12,3,27,0,0,1,0.5714285714285714,0.0
7,922,3,True,0,2025-02-27,0,0.0,0.07,0.1,3,27,0,0,1,0.5714285714285714,0.0
7,937,3,True,0,2025-02-27,14,0.0,0.03,0.05,3,27,0,0,1,0.42857142857142855,0.0
7,940,3,True,0,2025-02-27,0,0.0,0.2,0.23,3,27,0,0,1,2.4285714285714284,0.0
7,965,3,True,0,2025-02-27,2,0.0,0.36,0.43,3,27,0,0,1,2.142857142857143,0.0
7,971,3,True,0,2025-02-27,5,0.0,0.08,0.1,3,27,0,0,1,2.4285714285714284,0.0
7,978,3,True,0,2025-02-27,0,0.0,0.11,0.16,3,27,0,0,1,3.0,0.0
7,983,3,True,0,2025-02-27,0,0.0,0.11,0.13,3,27,0,0,1,3.0,0.0
7,1005,3,True,0,2025-02-27,0,2.0,0.07,0.09,3,27,0,0,1,3.0,0.0
7,1006,3,True,0,2025-02-27,0,0.0,0.03,0.04,3,27,0,0,1,3.0,0.0
7,1022,3,True,0,2025-02-27,1,0.0,0.09,0.11,3,27,0,0,1,1.0,0.0
7,1046,3,True,0,2025-02-27,0,0.0,0.06,0.1,3,27,0,0,1,1.1428571428571428,0.0
7,1074,3,True,0,2025-02-27,2,0.0,0.11,0.13,3,27,0,0,1,0.8571428571428571,0.0
7,1080,3,True,0,2025-02-27,0,0.0,0.15,0.17,3,27,0,0,1,0.42857142857142855,0.0
7,1089,3,True,0,2025-02-27,0,0.0,0.11,0.14,3,27,0,0,1,0.42857142857142855,0.0
7,1094,3,True,0,2025-02-27,1,0.0,0.18,0.19,3,27,0,0,1,0.42857142857142855,0.0
7,1106,3,True,0,2025-02-27,6,0.0,0.08,0.12,3,27,0,0,1,0.5714285714285714,0.0
7,1141,3,True,0,2025-02-27,1,0.0,0.09,0.14,3,27,0,0,1,1.4285714285714286,0.0
7,1142,3,True,0,2025-02-27,0,0.0,0.28,0.26,3,27,0,0,1,1.4285714285714286,0.0
7,1150,3,True,0,2025-02-27,0,0.0,0.04,0.05,3,27,0,0,1,1.4285714285714286,0.0
7,1153,3,True,0,2025-02-27,0,0.0,0.07,0.08,3,27,0,0,1,1.1428571428571428,0.0
7,1173,3,True,0,2025-02-27,0,0.0,0.05,0.05,3,27,0,0,1,1.1428571428571428,0.0
7,1208,3,True,0,2025-02-27,1,1.0,0.1,0.11,3,27,0,0,1,1.1428571428571428,0.0
7,1246,3,True,0,2025-02-27,0,0.0,0.04,0.07,3,27,0,0,1,1.1428571428571428,0.0
7,1254,3,True,0,2025-02-27,0,0.0,0.23,0.29,3,27,0,0,1,0.2857142857142857,0.0
7,1280,3,True,0,2025-02-27,0,0.0,0.14,0.1,3,27,0,0,1,0.14285714285714285,0.0
7,1315,3,True,0,2025-02-27,0,0.0,0.14,0.19,3,27,0,0,1,0.14285714285714285,0.0
7,1322,3,True,0,2025-02-27,0,0.0,0.25,0.35,3,27,0,0,1,0.14285714285714285,0.0
7,1337,3,True,0,2025-02-27,0,0.0,0.04,0.05,3,27,0,0,1,0.14285714285714285,0.0
7,1348,3,True,0,2025-02-27,0,0.0,0.14,0.19,3,27,0,0,1,0.14285714285714285,0.0
7,1353,3,True,0,2025-02-27,2,0.0,0.12,0.15,3,27,0,0,1,0.0,0.0
7,1387,3,True,0,2025-02-27,0,0.0,0.04,0.05,3,27,0,0,1,0.2857142857142857,0.0
7,1413,3,True,0,2025-02-27,0,0.0,0.51,0.6,3,27,0,0,1,0.2857142857142857,0.0
7,1446,3,True,0,2025-02-27,13,0.0,0.01,0.01,3,27,0,0,1,0.2857142857142857,0.0
7,1450,3,True,0,2025-02-27,1,0.0,0.05,0.07,3,27,0,0,1,2.142857142857143,0.0
7,1458,3,True,0,2025-02-27,2,0.0,0.05,0.06,3,27,0,0,1,2.2857142857142856,0.0
7,1460,3,True,0,2025-02-27,7,0.0,0.05,0.08,3,27,0,0,1,2.5714285714285716,0.0
7,1486,3,True,0,2025-02-27,0,0.0,0.07,0.1,3,27,0,0,1,3.5714285714285716,0.0
7,1514,3,True,0,2025-02-27,0,0.0,0.19,0.24,3,27,0,0,1,3.2857142857142856,0.0
7,1518,3,True,0,2025-02-27,0,0.0,0.17,0.23,3,27,0,0,1,3.2857142857142856,0.0
7,1520,3,True,0,2025-02-27,1,0.0,0.05,0.07,3,27,0,0,1,3.2857142857142856,0.0
7,1577,3,True,0,2025-02-27,1,0.0,0.07,0.09,3,27,0,0,1,1.5714285714285714,0.0
7,1604,3,True,0,2025-02-27,1,0.0,0.36,0.49,3,27,0,0,1,1.5714285714285714,0.0
7,1651,3,True,0,2025-02-27,1,0.0,0.22,0.26,3,27,0,0,1,1.4285714285714286,0.0
7,1660,3,True,0,2025-02-27,0,0.0,0.1,0.13,3,27,0,0,1,0.5714285714285714,0.0
7,1667,3,True,0,2025-02-27,0,0.0,0.07,0.08,3,27,0,0,1,0.5714285714285714,0.0
7,1689,3,True,0,2025-02-27,2,0.0,0.05,0.06,3,27,0,0,1,0.5714285714285714,0.0
7,1691,3,True,0,2025-02-27,2,0.0,0.03,0.05,3,27,0,0,1,0.8571428571428571,0.0
7,1717,3,True,0,2025-02-27,0,0.0,0.27,0.31,3,27,0,0,1,1.0,0.0
7,1736,3,True,0,2025-02-27,0,0.0,0.06,0.09,3,27,0,0,1,0.8571428571428571,0.0
7,1781,3,True,0,2025-02-27,0,0.0,0.04,0.05,3,27,0,0,1,0.7142857142857143,0.0
7,1791,3,True,0,2025-02-27,0,0.0,0.3,0.44,3,27,0,0,1,0.5714285714285714,0.0
7,1798,3,True,0,2025-02-27,12,0.0,0.22,0.24,3,27,0,0,1,0.5714285714285714,0.0
7,1800,3,True,0,2025-02-27,1,0.0,0.24,0.36,3,27,0,0,1,2.2857142857142856,0.0
7,1803,3,True,0,2025-02-27,1,0.0,0.07,0.11,3,27,0,0,1,2.142857142857143,0.0
7,1804,3,True,0,2025-02-27,1,0.0,0.09,0.12,3,27,0,0,1,2.0,0.0
7,1843,3,True,0,2025-02-27,2,0.0,0.04,0.05,3,27,0,0,1,2.142857142857143,0.0
7,1852,3,True,0,2025-02-27,0,0.0,0.05,0.07,3,27,0,0,1,2.4285714285714284,0.0
7,1871,3,True,0,2025-02-27,0,0.0,0.17,0.23,3,27,0,0,1,2.4285714285714284,0.0
7,1876,3,True,0,2025-02-27,1,1.0,0.07,0.1,3,27,0,0,1,2.4285714285714284,0.0
7,1881,3,True,0,2025-02-27,1,0.0,0.18,0.26,3,27,0,0,1,0.8571428571428571,0.0
7,1903,3,True,0,2025-02-27,0,0.0,0.05,0.06,3,27,0,0,1,0.8571428571428571,0.0
7,1908,3,True,0,2025-02-27,1,0.0,0.03,0.05,3,27,0,0,1,0.7142857142857143,0.0
7,1918,3,True,0,2025-02-27,2,0.0,0.03,0.04,3,27,0,0,1,0.7142857142857143,0.0
7,1932,3,True,0,2025-02-27,0,0.0,0.1,0.11,3,27,0,0,1,0.7142857142857143,0.0
7,1936,3,True,0,2025-02-27,1,0.0,0.43,0.56,3,27,0,0,1,0.7142857142857143,0.0
7,1947,3,True,0,2025-02-27,6,0.0,0.09,0.11,3,27,0,0,1,0.8571428571428571,0.0
7,1962,3,True,0,2025-02-27,0,0.0,0.06,0.09,3,27,0,0,1,1.5714285714285714,0.0
7,1965,3,True,0,2025-02-27,0,0.0,0.24,0.29,3,27,0,0,1,1.4285714285714286,0.0
7,1992,3,True,0,2025-02-27,0,0.0,0.08,0.11,3,27,0,0,1,1.4285714285714286,0.0
7,1994,3,True,0,2025-02-27,0,0.0,0.03,0.03,3,27,0,0,1,1.2857142857142858,0.0
7,2017,3,True,0,2025-02-27,1,0.0,0.11,0.21,3,27,0,0,1,1.0,0.0
7,2019,3,True,0,2025-02-27,0,0.0,0.15,0.18,3,27,0,0,1,1.1428571428571428,0.0
7,2041,3,True,0,2025-02-27,0,0.0,0.06,0.08,3,27,0,0,1,1.0,0.0
7,2043,3,True,0,2025-02-27,0,0.0,0.06,0.09,3,27,0,0,1,0.14285714285714285,0.0
7,2047,3,True,0,2025-02-27,0,0.0,0.12,0.16,3,27,0,0,1,0.14285714285714285,0.0
7,2055,3,True,0,2025-02-27,2,0.0,0.1,0.15,3,27,0,0,1,0.14285714285714285,0.0
7,2084,3,True,0,2025-02-27,1,0.0,0.05,0.07,3,27,0,0,1,0.42857142857142855,0.0
7,2111,3,True,0,2025-02-27,0,0.0,0.29,0.35,3,27,0,0,1,0.5714285714285714,0.0
7,2114,3,True,0,2025-02-27,0,1.0,0.06,0.08,3,27,0,0,1,0.42857142857142855,0.0
7,2115,3,True,0,2025-02-27,0,0.0,0.49,0.72,3,27,0,0,1,0.42857142857142855,0.0
7,2117,3,True,0,2025-02-27,0,0.0,0.14,0.15,3,27,0,0,1,0.42857142857142855,0.0
7,2136,3,True,0,2025-02-27,0,0.0,0.27,0.31,3,27,0,0,1,0.42857142857142855,0.0
7,2146,3,True,0,2025-02-27,0,0.0,0.2,0.25,3,27,0,0,1,0.42857142857142855,0.0
7,2173,3,True,0,2025-02-27,0,0.0,0.03,0.05,3,27,0,0,1,0.14285714285714285,0.0
7,2186,3,True,0,2025-02-27,0,0.0,0.25,0.34,3,27,0,0,1,0.0,0.0
7,2192,3,True,0,2025-02-27,0,0.0,0.07,0.09,3,27,0,0,1,0.0,0.0
7,2201,3,True,0,2025-02-27,0,0.0,0.12,0.16,3,27,0,0,1,0.0,0.0
7,2203,3,True,0,2025-02-27,0,0.0,0.15,0.2,3,27,0,0,1,0.0,0.0
7,2206,3,True,0,2025-02-27,97,0.0,0.02,0.03,3,27,0,0,1,0.0,0.0
7,2228,3,True,0,2025-02-27,0,0.0,0.16,0.19,3,27,0,0,1,13.857142857142858,0.0
7,2245,3,True,0,2025-02-27,0,0.0,0.2,0.26,3,27,0,0,1,13.857142857142858,0.0
7,2249,3,True,0,2025-02-27,0,0.0,0.06,0.07,3,27,0,0,1,13.857142857142858,0.0
7,2265,3,True,0,2025-02-27,1,0.0,0.03,0.04,3,27,0,0,1,13.857142857142858,0.0
7,2268,3,True,0,2025-02-27,0,0.0,0.14,0.2,3,27,0,0,1,14.0,0.0
7,2282,3,True,0,2025-02-27,0,0.0,0.08,0.11,3,27,0,0,1,14.0,0.0
7,2289,3,True,0,2025-02-27,15,0.0,0.08,0.11,3,27,0,0,1,14.0,0.0
7,2300,3,True,0,2025-02-27,0,1.0,0.23,0.29,3,27,0,0,1,2.2857142857142856,0.0
7,2314,3,True,0,2025-02-27,0,0.0,0.06,0.08,3,27,0,0,1,2.2857142857142856,0.0
7,2316,3,True,0,2025-02-27,0,0.0,0.08,0.1,3,27,0,0,1,2.2857142857142856,0.0
7,2347,3,True,0,2025-02-27,0,0.0,0.16,0.19,3,27,0,0,1,2.2857142857142856,0.0
7,2350,3,True,0,2025-02-27,0,0.0,0.04,0.06,3,27,0,0,1,2.142857142857143,0.0
7,2385,3,True,0,2025-02-27,0,0.0,0.02,0.03,3,27,0,0,1,2.142857142857143,0.0
7,2387,3,True,0,2025-02-27,0,0.0,0.1,0.14,3,27,0,0,1,2.142857142857143,0.0
7,2394,3,True,0,2025-02-27,0,0.0,0.12,0.16,3,27,0,0,1,0.0,0.0
7,2402,3,True,0,2025-02-27,0,0.0,0.07,0.1,3,27,0,0,1,0.0,0.0
7,2406,3,True,0,2025-02-27,0,0.0,0.29,0.32,3,27,0,0,1,0.0,0.0
7,2411,3,True,0,2025-02-27,3,0.0,0.16,0.2,3,27,0,0,1,0.0,0.0
7,2422,3,True,0,2025-02-27,0,0.0,0.28,0.32,3,27,0,0,1,0.42857142857142855,0.0
7,2426,3,True,0,2025-02-27,0,0.0,0.15,0.14,3,27,0,0,1,0.42857142857142855,0.0
7,2472,3,True,0,2025-02-27,0,0.0,0.09,0.13,3,27,0,0,1,0.42857142857142855,0.0
7,2496,3,True,0,2025-02-27,0,0.0,0.22,0.27,3,27,0,0,1,0.42857142857142855,0.0
7,2501,3,True,0,2025-02-27,0,0.0,0.09,0.11,3,27,0,0,1,0.42857142857142855,0.0
7,2505,3,True,0,2025-02-27,0,0.0,0.09,0.1,3,27,0,0,1,0.42857142857142855,0.0
7,2521,3,True,0,2025-02-27,0,0.0,0.43,0.53,3,27,0,0,1,0.42857142857142855,0.0
7,2524,3,True,0,2025-02-27,2,0.0,0.29,0.38,3,27,0,0,1,0.0,0.0
7,2532,3,True,0,2025-02-27,1,0.0,0.12,0.11,3,27,0,0,1,0.2857142857142857,0.0
7,2533,3,True,0,2025-02-27,0,0.0,0.34,0.38,3,27,0,0,1,0.42857142857142855,0.0
7,2555,3,True,0,2025-02-27,0,0.0,0.03,0.04,3,27,0,0,1,0.42857142857142855,0.0
7,2572,3,True,0,2025-02-27,0,0.0,0.34,0.4,3,27,0,0,1,0.42857142857142855,0.0
7,2573,3,True,0,2025-02-27,0,0.0,0.23,0.29,3,27,0,0,1,0.42857142857142855,0.0
7,2575,3,True,0,2025-02-27,0,0.0,0.02,0.03,3,27,0,0,1,0.42857142857142855,0.0
7,2578,3,True,0,2025-02-27,0,0.0,0.04,0.06,3,27,0,0,1,0.42857142857142855,0.0
7,2593,3,True,0,2025-02-27,2,0.0,0.01,0.02,3,27,0,0,1,0.14285714285714285,0.0
7,2594,3,True,0,2025-02-27,0,0.0,0.24,0.31,3,27,0,0,1,0.2857142857142857,0.0
7,2596,3,True,0,2025-02-27,2,0.0,0.22,0.19,3,27,0,0,1,0.2857142857142857,0.0
7,2626,3,True,0,2025-02-27,1,0.0,0.25,0.32,3,27,0,0,1,0.5714285714285714,0.0
7,2637,3,True,0,2025-02-27,0,0.0,0.15,0.19,3,27,0,0,1,0.7142857142857143,0.0
7,2650,3,True,0,2025-02-27,0,0.0,0.07,0.09,3,27,0,0,1,0.7142857142857143,0.0
7,2663,3,True,0,2025-02-27,0,0.0,0.54,0.67,3,27,0,0,1,0.7142857142857143,0.0
7,2664,3,True,0,2025-02-27,0,0.0,0.19,0.22,3,27,0,0,1,0.7142857142857143,0.0
7,2668,3,True,0,2025-02-27,0,0.0,0.22,0.27,3,27,0,0,1,0.42857142857142855,0.0
7,2710,3,True,0,2025-02-27,1,0.0,0.06,0.1,3,27,0,0,1,0.42857142857142855,0.0
7,2715,3,True,0,2025-02-27,0,0.0,0.04,0.05,3,27,0,0,1,0.2857142857142857,0.0
7,2741,3,True,0,2025-02-27,0,0.0,0.17,0.21,3,27,0,0,1,0.14285714285714285,0.0
7,2746,3,True,0,2025-02-27,0,0.0,0.15,0.19,3,27,0,0,1,0.14285714285714285,0.0
7,2768,3,True,0,2025-02-27,1,0.0,0.08,0.12,3,27,0,0,1,0.14285714285714285,0.0
7,2814,3,True,0,2025-02-27,0,1.0,0.1,0.14,3,27,0,0,1,0.2857142857142857,0.0
7,2826,3,True,0,2025-02-27,4,0.0,0.06,0.11,3,27,0,0,1,0.2857142857142857,0.0
7,2827,3,True,0,2025-02-27,0,0.0,0.34,0.41,3,27,0,0,1,0.8571428571428571,0.0
7,2861,3,True,0,2025-02-27,1,0.0,0.09,0.12,3,27,0,0,1,0.7142857142857143,0.0
7,2862,3,True,0,2025-02-27,0,0.0,0.32,0.48,3,27,0,0,1,0.8571428571428571,0.0
7,2864,3,True,0,2025-02-27,0,0.0,0.06,0.07,3,27,0,0,1,0.8571428571428571,0.0
7,2866,3,True,0,2025-02-27,0,0.0,0.25,0.34,3,27,0,0,1,0.8571428571428571,0.0
7,2902,3,True,0,2025-02-27,2,0.0,0.04,0.06,3,27,0,0,1,0.7142857142857143,0.0
7,2910,3,True,0,2025-02-27,0,0.0,0.25,0.29,3,27,0,0,1,1.0,0.0
7,2911,3,True,0,2025-02-27,0,0.0,0.27,0.33,3,27,0,0,1,0.42857142857142855,0.0
7,2951,3,True,0,2025-02-27,0,0.0,0.07,0.09,3,27,0,0,1,0.42857142857142855,0.0
7,2954,3,True,0,2025-02-27,0,0.0,0.05,0.06,3,27,0,0,1,0.2857142857142857,0.0
7,2958,3,True,0,2025-02-27,1,0.0,0.04,0.06,3,27,0,0,1,0.2857142857142857,0.0
7,2974,3,True,0,2025-02-27,0,0.0,0.12,0.15,3,27,0,0,1,0.42857142857142855,0.0
7,2975,3,True,0,2025-02-27,0,0.0,0.14,0.19,3,27,0,0,1,0.42857142857142855,0.0
7,2980,3,True,0,2025-02-27,0,0.0,0.06,0.07,3,27,0,0,1,0.14285714285714285,0.0
7,3022,3,True,0,2025-02-27,0,0.0,0.2,0.24,3,27,0,0,1,0.14285714285714285,0.0
7,3052,3,True,0,2025-02-27,0,0.0,0.16,0.22,3,27,0,0,1,0.14285714285714285,0.0
7,3061,3,True,0,2025-02-27,1,0.0,0.03,0.05,3,27,0,0,1,0.14285714285714285,0.0
7,3069,3,True,0,2025-02-27,0,0.0,0.14,0.2,3,27,0,0,1,0.2857142857142857,0.0
7,3074,3,True,0,2025-02-27,0,0.0,0.12,0.17,3,27,0,0,1,0.14285714285714285,0.0
7,3077,3,True,0,2025-02-27,0,0.0,0.44,0.67,3,27,0,0,1,0.14285714285714285,0.0
7,3079,3,True,0,2025-02-27,1,0.0,0.1,0.12,3,27,0,0,1,0.14285714285714285,0.0
7,3083,3,True,0,2025-02-27,0,0.0,0.06,0.06,3,27,0,0,1,0.2857142857142857,0.0
7,3104,3,True,0,2025-02-27,0,0.0,0.24,0.28,3,27,0,0,1,0.2857142857142857,0.0
7,3116,3,True,0,2025-02-27,0,0.0,0.09,0.12,3,27,0,0,1,0.2857142857142857,0.0
7,3117,3,True,0,2025-02-27,4,0.0,0.05,0.08,3,27,0,0,1,0.14285714285714285,0.0
7,3119,3,True,0,2025-02-27,0,0.0,0.09,0.11,3,27,0,0,1,0.7142857142857143,0.0
7,3165,3,True,0,2025-02-27,0,0.0,0.07,0.1,3,27,0,0,1,0.7142857142857143,0.0
7,3208,3,True,0,2025-02-27,0,0.0,0.07,0.11,3,27,0,0,1,0.7142857142857143,0.0
7,3212,3,True,0,2025-02-27,0,0.0,0.08,0.11,3,27,0,0,1,0.5714285714285714,0.0
7,3219,3,True,0,2025-02-27,0,0.0,0.08,0.1,3,27,0,0,1,0.5714285714285714,0.0
7,3234,3,True,0,2025-02-27,0,0.0,0.13,0.16,3,27,0,0,1,0.5714285714285714,0.0
7,3242,3,True,0,2025-02-27,4,0.0,0.05,0.07,3,27,0,0,1,0.5714285714285714,0.0
7,3263,3,True,0,2025-02-27,0,0.0,0.3,0.34,3,27,0,0,1,0.5714285714285714,0.0
7,3266,3,True,0,2025-02-27,1,0.0,0.08,0.12,3,27,0,0,1,0.5714285714285714,0.0
7,3276,3,True,0,2025-02-27,0,0.0,0.1,0.12,3,27,0,0,1,0.7142857142857143,0.0
7,3286,3,True,0,2025-02-27,0,0.0,0.22,0.28,3,27,0,0,1,0.7142857142857143,0.0
7,3347,3,True,0,2025-02-27,2,0.0,0.1,0.12,3,27,0,0,1,0.7142857142857143,0.0
7,3358,3,True,0,2025-02-27,2,0.0,0.17,0.29,3,27,0,0,1,1.0,0.0
7,3363,3,True,0,2025-02-27,1,0.0,0.18,0.23,3,27,0,0,1,1.2857142857142858,0.0
7,3369,3,True,0,2025-02-27,0,0.0,0.06,0.1,3,27,0,0,1,0.8571428571428571,0.0
7,3393,3,True,0,2025-02-27,0,0.0,0.07,0.09,3,27,0,0,1,0.8571428571428571,0.0
7,3452,3,True,0,2025-02-27,1,0.0,0.14,0.16,3,27,0,0,1,0.7142857142857143,0.0
7,3495,3,True,0,2025-02-27,1,0.0,0.08,0.11,3,27,0,0,1,0.8571428571428571,0.0
7,3502,3,True,0,2025-02-27,0,0.0,0.08,0.1,3,27,0,0,1,1.0,0.0
7,3523,3,True,0,2025-02-27,0,0.0,0.17,0.22,3,27,0,0,1,0.7142857142857143,0.0
7,3527,3,True,0,2025-02-27,0,0.0,0.15,0.2,3,27,0,0,1,0.42857142857142855,0.0
7,3538,3,True,0,2025-02-27,0,0.0,0.02,0.05,3,27,0,0,1,0.2857142857142857,0.0
7,3546,3,True,0,2025-02-27,1,0.0,0.12,0.17,3,27,0,0,1,0.2857142857142857,0.0
7,3549,3,True,0,2025-02-27,0,0.0,0.15,0.18,3,27,0,0,1,0.42857142857142855,0.0
7,3560,3,True,0,2025-02-27,0,0.0,0.2,0.23,3,27,0,0,1,0.2857142857142857,0.0
7,3589,3,True,0,2025-02-27,0,0.0,0.09,0.12,3,27,0,0,1,0.14285714285714285,0.0
7,3609,3,True,0,2025-02-27,0,0.0,0.04,0.05,3,27,0,0,1,0.14285714285714285,0.0
7,3641,3,True,0,2025-02-27,3,0.0,0.07,0.1,3,27,0,0,1,0.14285714285714285,0.0
7,3642,3,True,0,2025-02-27,0,0.0,0.42,0.55,3,27,0,0,1,0.5714285714285714,0.0
7,3653,3,True,0,2025-02-27,0,0.0,0.25,0.32,3,27,0,0,1,0.5714285714285714,0.0
7,3701,3,True,0,2025-02-27,0,0.0,0.23,0.25,3,27,0,0,1,0.42857142857142855,0.0
7,3708,3,True,0,2025-02-27,0,0.0,0.02,0.03,3,27,0,0,1,0.42857142857142855,0.0
7,3726,3,True,0,2025-02-27,0,0.0,0.1,0.13,3,27,0,0,1,0.42857142857142855,0.0
7,3746,3,True,0,2025-02-27,2,0.0,0.06,0.07,3,27,0,0,1,0.42857142857142855,0.0
7,3749,3,True,0,2025-02-27,0,0.0,0.08,0.11,3,27,0,0,1,0.7142857142857143,0.0
7,3769,3,True,0,2025-02-27,0,0.0,0.27,0.29,3,27,0,0,1,0.2857142857142857,0.0
7,3798,3,True,0,2025-02-27,0,0.0,0.04,0.05,3,27,0,0,1,0.2857142857142857,0.0
7,3803,3,True,0,2025-02-27,0,0.0,0.14,0.17,3,27,0,0,1,0.2857142857142857,0.0
7,3834,3,True,0,2025-02-27,0,0.0,0.04,0.06,3,27,0,0,1,0.2857142857142857,0.0
7,3839,3,True,0,2025-02-27,1,0.0,0.05,0.08,3,27,0,0,1,0.2857142857142857,0.0
7,3852,3,True,0,2025-02-27,0,0.0,0.24,0.27,3,27,0,0,1,0.42857142857142855,0.0
7,3864,3,True,0,2025-02-27,0,0.0,0.06,0.07,3,27,0,0,1,0.14285714285714285,0.0
7,3877,3,True,0,2025-02-27,0,0.0,0.01,0.02,3,27,0,0,1,0.14285714285714285,0.0
7,3891,3,True,0,2025-02-27,2,0.0,0.17,0.22,3,27,0,0,1,0.14285714285714285,0.0
7,3893,3,True,0,2025-02-27,0,0.0,0.08,0.1,3,27,0,0,1,0.42857142857142855,0.0
7,3909,3,True,0,2025-02-27,6,0.0,0.08,0.1,3,27,0,0,1,0.42857142857142855,0.0
7,3911,3,True,0,2025-02-27,0,0.0,0.08,0.1,3,27,0,0,1,1.2857142857142858,0.0
7,3915,3,True,0,2025-02-27,0,0.0,0.1,0.13,3,27,0,0,1,1.1428571428571428,0.0
7,3922,3,True,0,2025-02-27,1,0.0,0.03,0.04,3,27,0,0,1,1.1428571428571428,0.0
7,3934,3,True,0,2025-02-27,0,0.0,0.38,0.44,3,27,0,0,1,1.2857142857142858,0.0
7,3951,3,True,0,2025-02-27,0,0.0,0.39,0.62,3,27,0,0,1,1.2857142857142858,0.0
7,3982,3,True,0,2025-02-27,0,0.0,0.17,0.2,3,27,0,0,1,1.0,0.0
7,4002,3,True,0,2025-02-27,1,0.0,0.05,0.06,3,27,0,0,1,1.0,0.0
7,4011,3,True,0,2025-02-27,1,0.0,0.07,0.11,3,27,0,0,1,0.2857142857142857,0.0
7,4033,3,True,0,2025-02-27,0,0.0,0.11,0.15,3,27,0,0,1,0.42857142857142855,0.0
7,4041,3,True,0,2025-02-27,3,0.0,0.04,0.06,3,27,0,0,1,0.42857142857142855,0.0
7,4062,3,True,0,2025-02-27,10,0.0,0.12,0.15,3,27,0,0,1,0.7142857142857143,0.0
7,4097,3,True,0,2025-02-27,1,0.0,0.03,0.04,3,27,0,0,1,2.142857142857143,0.0
7,4119,3,True,0,2025-02-27,1,0.0,0.16,0.19,3,27,0,0,1,2.2857142857142856,0.0
7,4120,3,True,0,2025-02-27,2,0.0,0.16,0.19,3,27,0,0,1,2.4285714285714284,0.0
7,4167,3,True,0,2025-02-27,0,0.0,0.33,0.44,3,27,0,0,1,2.5714285714285716,0.0
7,4179,3,True,0,2025-02-27,1,0.0,0.12,0.16,3,27,0,0,1,2.4285714285714284,0.0
7,4191,3,True,0,2025-02-27,1,0.0,0.12,0.17,3,27,0,0,1,2.5714285714285716,0.0
7,4192,3,True,0,2025-02-27,0,0.0,0.18,0.18,3,27,0,0,1,2.2857142857142856,0.0
7,4203,3,True,0,2025-02-27,7,0.0,0.04,0.06,3,27,0,0,1,0.8571428571428571,0.0
7,4207,3,True,0,2025-02-27,2,0.0,0.11,0.15,3,27,0,0,1,1.7142857142857142,0.0
7,4210,3,True,0,2025-02-27,0,0.0,0.28,0.3,3,27,0,0,1,1.8571428571428572,0.0
7,4230,3,True,0,2025-02-27,0,0.0,0.13,0.17,3,27,0,0,1,1.5714285714285714,0.0
7,4239,3,True,0,2025-02-27,0,0.0,0.05,0.1,3,27,0,0,1,1.5714285714285714,0.0
7,4242,3,True,0,2025-02-27,0,0.0,0.32,0.37,3,27,0,0,1,1.4285714285714286,0.0
7,4246,3,True,0,2025-02-27,1,0.0,0.26,0.33,3,27,0,0,1,1.2857142857142858,0.0
7,4248,3,True,0,2025-02-27,0,0.0,0.24,0.29,3,27,0,0,1,1.4285714285714286,0.0
7,4260,3,True,0,2025-02-27,0,0.0,0.06,0.06,3,27,0,0,1,0.42857142857142855,0.0
7,4269,3,True,0,2025-02-27,0,0.0,0.08,0.1,3,27,0,0,1,0.14285714285714285,0.0
7,4277,3,True,0,2025-02-27,0,0.0,0.04,0.05,3,27,0,0,1,0.14285714285714285,0.0
7,4302,3,True,0,2025-02-27,0,4.0,0.57,0.66,3,27,0,0,1,0.14285714285714285,0.0
7,4315,3,True,0,2025-02-27,0,0.0,0.12,0.16,3,27,0,0,1,0.14285714285714285,0.0
7,4339,3,True,0,2025-02-27,3,0.0,0.23,0.27,3,27,0,0,1,0.14285714285714285,0.0
7,4357,3,True,0,2025-02-27,1,0.0,0.07,0.1,3,27,0,0,1,0.42857142857142855,0.0
7,4369,3,True,0,2025-02-27,10,0.0,0.38,0.46,3,27,0,0,1,0.5714285714285714,0.0
7,4381,3,True,0,2025-02-27,0,0.0,0.14,0.18,3,27,0,0,1,2.0,0.0
7,4397,3,True,0,2025-02-27,0,0.0,0.09,0.15,3,27,0,0,1,2.0,0.0
7,4409,3,True,0,2025-02-27,0,0.0,0.09,0.11,3,27,0,0,1,2.0,0.0
7,4469,3,True,0,2025-02-27,1,0.0,0.26,0.34,3,27,0,0,1,2.0,0.0
7,4475,3,True,0,2025-02-27,0,0.0,0.06,0.1,3,27,0,0,1,2.142857142857143,0.0
7,4517,3,True,0,2025-02-27,0,0.0,0.29,0.37,3,27,0,0,1,1.7142857142857142,0.0
7,4521,3,True,0,2025-02-27,0,0.0,0.22,0.28,3,27,0,0,1,1.5714285714285714,0.0
7,4524,3,True,0,2025-02-27,3,0.0,0.17,0.2,3,27,0,0,1,0.14285714285714285,0.0
7,4527,3,True,0,2025-02-27,0,0.0,0.1,0.12,3,27,0,0,1,0.5714285714285714,0.0
7,4539,3,True,0,2025-02-27,31,0.0,0.01,0.01,3,27,0,0,1,0.5714285714285714,0.0
7,4540,3,True,0,2025-02-27,0,0.0,0.04,0.06,3,27,0,0,1,5.0,0.0
7,4546,3,True,0,2025-02-27,0,0.0,0.1,0.16,3,27,0,0,1,4.857142857142857,0.0
7,4563,3,True,0,2025-02-27,0,0.0,0.15,0.2,3,27,0,0,1,4.857142857142857,0.0
7,4572,3,True,0,2025-02-27,0,0.0,0.09,0.09,3,27,0,0,1,4.857142857142857,0.0
7,4582,3,True,0,2025-02-27,3,0.0,0.4,0.49,3,27,0,0,1,4.857142857142857,0.0
7,4640,3,True,0,2025-02-27,0,0.0,0.25,0.31,3,27,0,0,1,4.857142857142857,0.0
7,4675,3,True,0,2025-02-27,0,0.0,0.1,0.15,3,27,0,0,1,4.857142857142857,0.0
7,4683,3,True,0,2025-02-27,1,0.0,0.03,0.05,3,27,0,0,1,0.42857142857142855,0.0
7,4689,3,True,0,2025-02-27,0,0.0,0.11,0.12,3,27,0,0,1,0.5714285714285714,0.0
7,4699,3,True,0,2025-02-27,0,0.0,0.07,0.1,3,27,0,0,1,0.5714285714285714,0.0
7,4704,3,True,0,2025-02-27,0,0.0,0.24,0.33,3,27,0,0,1,0.5714285714285714,0.0
7,4725,3,True,0,2025-02-27,0,0.0,0.09,0.1,3,27,0,0,1,0.5714285714285714,0.0
7,4744,3,True,0,2025-02-27,0,0.0,0.04,0.05,3,27,0,0,1,0.14285714285714285,0.0
7,4757,3,True,0,2025-02-27,0,0.0,0.16,0.18,3,27,0,0,1,0.14285714285714285,0.0
7,4765,3,True,0,2025-02-27,1,0.0,0.12,0.15,3,27,0,0,1,0.14285714285714285,0.0
7,4769,3,True,0,2025-02-27,0,0.0,0.5,0.6,3,27,0,0,1,0.14285714285714285,0.0
7,4782,3,True,0,2025-02-27,0,0.0,0.14,0.18,3,27,0,0,1,0.14285714285714285,0.0
7,4783,3,True,0,2025-02-27,0,0.0,0.27,0.31,3,27,0,0,1,0.14285714285714285,0.0
7,4790,3,True,0,2025-02-27,0,0.0,0.09,0.11,3,27,0,0,1,0.14285714285714285,0.0
7,4794,3,True,0,2025-02-27,0,0.0,0.06,0.08,3,27,0,0,1,0.14285714285714285,0.0
7,4802,3,True,0,2025-02-27,1,0.0,0.16,0.19,3,27,0,0,1,0.14285714285714285,0.0
7,4803,3,True,0,2025-02-27,0,0.0,0.66,0.74,3,27,0,0,1,0.2857142857142857,0.0
7,4816,3,True,0,2025-02-27,7,0.0,0.11,0.12,3,27,0,0,1,0.14285714285714285,0.0
7,4820,3,True,0,2025-02-27,0,0.0,0.06,0.09,3,27,0,0,1,1.1428571428571428,0.0
7,4833,3,True,0,2025-02-27,0,0.0,0.22,0.23,3,27,0,0,1,1.1428571428571428,0.0
7,4848,3,True,0,2025-02-27,0,0.0,0.07,0.09,3,27,0,0,1,1.1428571428571428,0.0
7,4852,3,True,0,2025-02-27,0,0.0,0.2,0.21,3,27,0,0,1,1.1428571428571428,0.0
7,4859,3,True,0,2025-02-27,0,0.0,0.05,0.05,3,27,0,0,1,1.1428571428571428,0.0
7,4870,3,True,0,2025-02-27,0,0.0,0.1,0.13,3,27,0,0,1,1.0,0.0
7,4878,3,True,0,2025-02-27,0,0.0,0.1,0.12,3,27,0,0,1,1.0,0.0
7,4883,3,True,0,2025-02-27,0,0.0,0.12,0.13,3,27,0,0,1,0.0,0.0
7,4885,3,True,0,2025-02-27,0,0.0,0.06,0.08,3,27,0,0,1,0.0,0.0
7,4886,3,True,0,2025-02-27,0,0.0,0.16,0.21,3,27,0,0,1,0.0,0.0
7,4888,3,True,0,2025-02-27,0,0.0,0.17,0.25,3,27,0,0,1,0.0,0.0
7,4908,3,True,0,2025-02-27,0,0.0,0.16,0.19,3,27,0,0,1,0.0,0.0
7,4934,3,True,0,2025-02-27,0,0.0,0.07,0.09,3,27,0,0,1,0.0,0.0
7,4938,3,True,0,2025-02-27,2,0.0,0.54,0.65,3,27,0,0,1,0.0,0.0
7,4948,3,True,0,2025-02-27,0,0.0,0.12,0.16,3,27,0,0,1,0.2857142857142857,0.0
7,4957,3,True,0,2025-02-27,0,0.0,0.11,0.14,3,27,0,0,1,0.2857142857142857,0.0
7,4971,3,True,0,2025-02-27,0,0.0,0.29,0.37,3,27,0,0,1,0.2857142857142857,0.0
7,4976,3,True,0,2025-02-27,1,0.0,0.04,0.06,3,27,0,0,1,0.2857142857142857,0.0
7,4981,3,True,0,2025-02-27,0,0.0,0.15,0.2,3,27,0,0,1,0.42857142857142855,0.0
7,4984,3,True,0,2025-02-27,0,0.0,0.06,0.08,3,27,0,0,1,0.42857142857142855,0.0
7,4986,3,True,0,2025-02-27,1,0.0,0.05,0.06,3,27,0,0,1,0.42857142857142855,0.0
7,5004,3,True,0,2025-02-27,0,0.0,0.05,0.07,3,27,0,0,1,0.2857142857142857,0.0
7,5024,3,True,0,2025-02-27,0,0.0,0.1,0.12,3,27,0,0,1,0.2857142857142857,0.0
7,5074,3,True,0,2025-02-27,0,0.0,0.23,0.25,3,27,0,0,1,0.2857142857142857,0.0
7,5094,3,True,0,2025-02-27,2,0.0,0.05,0.08,3,27,0,0,1,0.2857142857142857,0.0
7,5095,3,True,0,2025-02-27,4,0.0,0.03,0.04,3,27,0,0,1,0.42857142857142855,0.0
7,5101,3,True,0,2025-02-27,0,0.0,0.01,0.02,3,27,0,0,1,1.0,0.0
7,5105,3,True,0,2025-02-27,0,0.0,0.15,0.19,3,27,0,0,1,1.0,0.0
7,5119,3,True,0,2025-02-27,0,0.0,0.06,0.09,3,27,0,0,1,0.8571428571428571,0.0
7,5125,3,True,0,2025-02-27,0,0.0,0.06,0.07,3,27,0,0,1,0.8571428571428571,0.0
7,5139,3,True,0,2025-02-27,0,0.0,0.2,0.24,3,27,0,0,1,0.8571428571428571,0.0
7,5209,3,True,0,2025-02-27,0,0.0,0.35,0.43,3,27,0,0,1,0.8571428571428571,0.0
7,5221,3,True,0,2025-02-27,0,0.0,0.05,0.05,3,27,0,0,1,0.5714285714285714,0.0
7,5261,3,True,0,2025-02-27,0,0.0,0.15,0.15,3,27,0,0,1,0.0,0.0
7,5262,3,True,0,2025-02-27,3,0.0,0.04,0.05,3,27,0,0,1,0.0,0.0
7,5280,3,True,0,2025-02-27,0,0.0,0.09,0.12,3,27,0,0,1,0.42857142857142855,0.0
7,5281,3,True,0,2025-02-27,0,1.0,0.27,0.28,3,27,0,0,1,0.42857142857142855,0.0
7,2,4,False,0,2025-02-27,3,0.0,0.02,0.04,3,27,0,0,1,0.42857142857142855,0.0
7,17,4,False,0,2025-02-27,2,0.0,0.06,0.09,3,27,0,0,1,0.8571428571428571,0.0
7,26,4,False,0,2025-02-27,3,0.0,0.04,0.06,3,27,0,0,1,1.1428571428571428,0.0
7,38,4,False,0,2025-02-27,0,0.0,0.12,0.17,3,27,0,0,1,1.5714285714285714,0.0
7,64,4,False,0,2025-02-27,3,0.0,0.01,0.02,3,27,0,0,1,1.5714285714285714,0.0
7,88,4,False,0,2025-02-27,0,0.0,0.02,0.03,3,27,0,0,1,1.5714285714285714,0.0
7,99,4,False,0,2025-02-27,2,0.0,0.02,0.04,3,27,0,0,1,1.5714285714285714,0.0
7,100,4,False,0,2025-02-27,2,0.0,0.04,0.05,3,27,0,0,1,1.8571428571428572,0.0
7,145,4,False,0,2025-02-27,4,0.0,0.06,0.09,3,27,0,0,1,1.7142857142857142,0.0
7,161,4,False,0,2025-02-27,2,0.0,0.03,0.04,3,27,0,0,1,2.0,0.0
7,168,4,False,0,2025-02-27,4,0.0,0.04,0.06,3,27,0,0,1,1.8571428571428572,0.0
7,175,4,False,0,2025-02-27,10,0.0,0.03,0.06,3,27,0,0,1,2.4285714285714284,0.0
7,178,4,False,0,2025-02-27,0,0.0,0.0,0.0,3,27,0,0,1,3.4285714285714284,0.0
7,182,4,False,0,2025-02-27,2,0.0,0.03,0.05,3,27,0,0,1,3.4285714285714284,0.0
7,185,4,False,0,2025-02-27,2,0.0,0.02,0.03,3,27,0,0,1,3.4285714285714284,0.0
7,205,4,False,0,2025-02-27,5,0.0,0.1,0.13,3,27,0,0,1,3.4285714285714284,0.0
7,235,4,False,0,2025-02-27,2,0.0,0.06,0.08,3,27,0,0,1,3.5714285714285716,0.0
7,255,4,False,0,2025-02-27,2,0.0,0.03,0.04,3,27,0,0,1,3.5714285714285716,0.0
7,272,4,False,0,2025-02-27,2,0.0,0.03,0.05,3,27,0,0,1,3.2857142857142856,0.0
7,290,4,False,0,2025-02-27,4,0.0,0.06,0.07,3,27,0,0,1,2.142857142857143,0.0
7,292,4,False,0,2025-02-27,4,0.0,0.04,0.04,3,27,0,0,1,2.7142857142857144,0.0
7,306,4,False,0,2025-02-27,2,0.0,0.04,0.06,3,27,0,0,1,3.0,0.0
7,314,4,False,0,2025-02-27,2,1.0,0.03,0.05,3,27,0,0,1,3.0,0.0
7,328,4,False,0,2025-02-27,2,0.0,0.07,0.09,3,27,0,0,1,2.5714285714285716,0.0
7,338,4,False,0,2025-02-27,3,0.0,0.05,0.07,3,27,0,0,1,2.5714285714285716,0.0
7,350,4,False,0,2025-02-27,3,0.0,0.03,0.03,3,27,0,0,1,2.7142857142857144,0.0
7,362,4,False,0,2025-02-27,1,0.0,0.02,0.03,3,27,0,0,1,2.857142857142857,0.0
7,370,4,False,0,2025-02-27,3,0.0,0.03,0.04,3,27,0,0,1,2.4285714285714284,0.0
7,372,4,False,0,2025-02-27,1,0.0,0.02,0.04,3,27,0,0,1,2.2857142857142856,0.0
7,447,4,False,0,2025-02-27,2,0.0,0.06,0.06,3,27,0,0,1,2.142857142857143,0.0
7,464,4,False,0,2025-02-27,1,0.0,0.02,0.03,3,27,0,0,1,2.142857142857143,0.0
7,482,4,False,0,2025-02-27,1,0.0,0.02,0.04,3,27,0,0,1,2.0,0.0
7,524,4,False,0,2025-02-27,3,0.0,0.02,0.03,3,27,0,0,1,1.7142857142857142,0.0
7,552,4,False,0,2025-02-27,4,0.0,0.07,0.09,3,27,0,0,1,1.7142857142857142,0.0
7,560,4,False,0,2025-02-27,1,0.0,0.02,0.03,3,27,0,0,1,2.142857142857143,0.0
7,584,4,False,0,2025-02-27,3,0.0,0.05,0.07,3,27,0,0,1,1.8571428571428572,0.0
7,595,4,False,0,2025-02-27,4,0.0,0.07,0.1,3,27,0,0,1,2.142857142857143,0.0
7,613,4,False,0,2025-02-27,3,0.0,0.02,0.04,3,27,0,0,1,2.4285714285714284,0.0
7,621,4,False,0,2025-02-27,2,0.0,0.05,0.09,3,27,0,0,1,2.7142857142857144,0.0
7,622,4,False,0,2025-02-27,3,0.0,0.02,0.04,3,27,0,0,1,2.857142857142857,0.0
7,676,4,False,0,2025-02-27,3,0.0,0.08,0.14,3,27,0,0,1,2.857142857142857,0.0
7,700,4,False,0,2025-02-27,3,0.0,0.03,0.05,3,27,0,0,1,2.7142857142857144,0.0
7,723,4,False,0,2025-02-27,1,0.0,0.03,0.04,3,27,0,0,1,3.0,0.0
7,726,4,False,0,2025-02-27,4,0.0,0.04,0.05,3,27,0,0,1,2.7142857142857144,0.0
7,731,4,False,0,2025-02-27,6,0.0,0.19,0.23,3,27,0,0,1,2.7142857142857144,0.0
7,736,4,False,0,2025-02-27,3,0.0,0.04,0.04,3,27,0,0,1,3.142857142857143,0.0
7,749,4,False,0,2025-02-27,3,0.0,0.08,0.12,3,27,0,0,1,3.2857142857142856,0.0
7,761,4,False,0,2025-02-27,0,0.0,0.02,0.02,3,27,0,0,1,3.2857142857142856,0.0
7,824,4,False,0,2025-02-27,4,0.0,0.01,0.01,3,27,0,0,1,2.857142857142857,0.0
7,826,4,False,0,2025-02-27,2,0.0,0.05,0.08,3,27,0,0,1,3.0,0.0
7,845,4,False,0,2025-02-27,4,0.0,0.07,0.1,3,27,0,0,1,3.142857142857143,0.0
7,849,4,False,0,2025-02-27,2,0.0,0.04,0.06,3,27,0,0,1,3.142857142857143,0.0
7,852,4,False,0,2025-02-27,0,0.0,0.02,0.04,3,27,0,0,1,2.5714285714285716,0.0
7,871,4,False,0,2025-02-27,2,0.0,0.05,0.08,3,27,0,0,1,2.142857142857143,0.0
7,880,4,False,0,2025-02-27,2,0.0,0.04,0.07,3,27,0,0,1,2.0,0.0
7,883,4,False,0,2025-02-27,3,0.0,0.02,0.05,3,27,0,0,1,2.2857142857142856,0.0
7,892,4,False,0,2025-02-27,3,0.0,0.02,0.03,3,27,0,0,1,2.142857142857143,0.0
7,953,4,False,0,2025-02-27,2,0.0,0.01,0.02,3,27,0,0,1,2.2857142857142856,0.0
7,963,4,False,0,2025-02-27,1,0.0,0.05,0.07,3,27,0,0,1,2.0,0.0
7,989,4,False,0,2025-02-27,1,0.0,0.02,0.03,3,27,0,0,1,1.8571428571428572,0.0
7,1003,4,False,0,2025-02-27,1,0.0,0.02,0.03,3,27,0,0,1,2.0,0.0
7,1009,4,False,0,2025-02-27,2,0.0,0.21,0.31,3,27,0,0,1,1.8571428571428572,0.0
7,1013,4,False,0,2025-02-27,6,0.0,0.08,0.11,3,27,0,0,1,1.8571428571428572,0.0
7,1040,4,False,0,2025-02-27,3,0.0,0.03,0.04,3,27,0,0,1,2.2857142857142856,0.0
7,1041,4,False,0,2025-02-27,2,0.0,0.05,0.06,3,27,0,0,1,2.2857142857142856,0.0
7,1066,4,False,0,2025-02-27,3,0.0,0.01,0.02,3,27,0,0,1,2.2857142857142856,0.0
7,1069,4,False,0,2025-02-27,1,0.0,0.07,0.09,3,27,0,0,1,2.5714285714285716,0.0
7,1077,4,False,0,2025-02-27,2,0.0,0.06,0.09,3,27,0,0,1,2.5714285714285716,0.0
7,1090,4,False,0,2025-02-27,1,0.0,0.04,0.05,3,27,0,0,1,2.7142857142857144,0.0
7,1092,4,False,0,2025-02-27,2,0.0,0.02,0.03,3,27,0,0,1,2.5714285714285716,0.0
7,1111,4,False,0,2025-02-27,2,0.0,0.06,0.06,3,27,0,0,1,2.0,0.0
7,1119,4,False,0,2025-02-27,1,0.0,0.04,0.08,3,27,0,0,1,1.8571428571428572,0.0
7,1123,4,False,0,2025-02-27,2,0.0,0.0,0.01,3,27,0,0,1,1.7142857142857142,0.0
7,1137,4,False,0,2025-02-27,2,0.0,0.03,0.04,3,27,0,0,1,1.5714285714285714,0.0
7,1182,4,False,0,2025-02-27,3,0.0,0.02,0.02,3,27,0,0,1,1.7142857142857142,0.0
7,1245,4,False,0,2025-02-27,2,0.0,0.04,0.06,3,27,0,0,1,1.8571428571428572,0.0
7,1248,4,False,0,2025-02-27,4,0.0,0.01,0.01,3,27,0,0,1,2.0,0.0
7,1257,4,False,0,2025-02-27,1,0.0,0.1,0.14,3,27,0,0,1,2.2857142857142856,0.0
7,1268,4,False,0,2025-02-27,1,0.0,0.06,0.08,3,27,0,0,1,2.142857142857143,0.0
7,1274,4,False,0,2025-02-27,2,0.0,0.09,0.11,3,27,0,0,1,2.142857142857143,0.0
7,1316,4,False,0,2025-02-27,3,0.0,0.03,0.04,3,27,0,0,1,2.142857142857143,0.0
7,1321,4,False,0,2025-02-27,1,0.0,0.03,0.04,3,27,0,0,1,2.2857142857142856,0.0
7,1329,4,False,0,2025-02-27,3,0.0,0.01,0.02,3,27,0,0,1,2.0,0.0
7,1369,4,False,0,2025-02-27,2,0.0,0.02,0.03,3,27,0,0,1,2.142857142857143,0.0
7,1373,4,False,0,2025-02-27,3,0.0,0.05,0.06,3,27,0,0,1,1.8571428571428572,0.0
7,1394,4,False,0,2025-02-27,3,0.0,0.02,0.03,3,27,0,0,1,2.142857142857143,0.0
7,1402,4,False,0,2025-02-27,3,0.0,0.03,0.05,3,27,0,0,1,2.4285714285714284,0.0
7,1417,4,False,0,2025-02-27,2,0.0,0.06,0.08,3,27,0,0,1,2.5714285714285716,0.0
7,1420,4,False,0,2025-02-27,0,0.0,0.04,0.05,3,27,0,0,1,2.4285714285714284,0.0
7,1428,4,False,0,2025-02-27,0,0.0,0.03,0.04,3,27,0,0,1,2.2857142857142856,0.0
7,1436,4,False,0,2025-02-27,1,0.0,0.05,0.07,3,27,0,0,1,1.8571428571428572,0.0
7,1473,4,False,0,2025-02-27,3,0.0,0.06,0.1,3,27,0,0,1,1.7142857142857142,0.0
7,1481,4,False,0,2025-02-27,2,0.0,0.04,0.07,3,27,0,0,1,1.7142857142857142,0.0
7,1493,4,False,0,2025-02-27,1,0.0,0.06,0.07,3,27,0,0,1,1.5714285714285714,0.0
7,1497,4,False,0,2025-02-27,2,0.0,0.05,0.08,3,27,0,0,1,1.2857142857142858,0.0
7,1506,4,False,0,2025-02-27,3,0.0,0.02,0.04,3,27,0,0,1,1.2857142857142858,0.0
7,1519,4,False,0,2025-02-27,3,0.0,0.05,0.07,3,27,0,0,1,1.7142857142857142,0.0
7,1539,4,False,0,2025-02-27,1,0.0,0.02,0.03,3,27,0,0,1,2.142857142857143,0.0
7,1546,4,False,0,2025-02-27,2,0.0,0.03,0.05,3,27,0,0,1,2.142857142857143,0.0
7,1563,4,False,0,2025-02-27,0,0.0,0.04,0.05,3,27,0,0,1,2.0,0.0
7,1570,4,False,0,2025-02-27,1,0.0,0.02,0.03,3,27,0,0,1,1.7142857142857142,0.0
7,1573,4,False,0,2025-02-27,2,0.0,0.07,0.11,3,27,0,0,1,1.7142857142857142,0.0
7,1574,4,False,0,2025-02-27,2,0.0,0.07,0.11,3,27,0,0,1,1.7142857142857142,0.0
7,1594,4,False,0,2025-02-27,3,0.0,0.02,0.02,3,27,0,0,1,1.5714285714285714,0.0
7,1607,4,False,0,2025-02-27,4,0.0,0.07,0.1,3,27,0,0,1,1.5714285714285714,0.0
7,1626,4,False,0,2025-02-27,5,0.0,0.06,0.08,3,27,0,0,1,2.0,0.0
7,1644,4,False,0,2025-02-27,2,0.0,0.07,0.12,3,27,0,0,1,2.4285714285714284,0.0
7,1652,4,False,0,2025-02-27,1,0.0,0.05,0.07,3,27,0,0,1,2.7142857142857144,0.0
7,1673,4,False,0,2025-02-27,2,0.0,0.06,0.08,3,27,0,0,1,2.7142857142857144,0.0
7,1675,4,False,0,2025-02-27,3,0.0,0.05,0.07,3,27,0,0,1,2.7142857142857144,0.0
7,1686,4,False,0,2025-02-27,2,0.0,0.07,0.11,3,27,0,0,1,2.857142857142857,0.0
7,1706,4,False,0,2025-02-27,2,0.0,0.01,0.03,3,27,0,0,1,2.7142857142857144,0.0
7,1716,4,False,0,2025-02-27,3,0.0,0.03,0.05,3,27,0,0,1,2.4285714285714284,0.0
7,1732,4,False,0,2025-02-27,2,0.0,0.08,0.08,3,27,0,0,1,2.142857142857143,0.0
7,1738,4,False,0,2025-02-27,0,0.0,0.02,0.04,3,27,0,0,1,2.142857142857143,0.0
7,1745,4,False,0,2025-02-27,2,0.0,0.05,0.08,3,27,0,0,1,2.0,0.0
7,1759,4,False,0,2025-02-27,0,0.0,0.03,0.04,3,27,0,0,1,2.0,0.0
7,1776,4,False,0,2025-02-27,2,0.0,0.14,0.2,3,27,0,0,1,1.5714285714285714,0.0
7,1790,4,False,0,2025-02-27,1,0.0,0.04,0.06,3,27,0,0,1,1.5714285714285714,0.0
7,1826,4,False,0,2025-02-27,3,0.0,0.07,0.08,3,27,0,0,1,1.4285714285714286,0.0
7,1830,4,False,0,2025-02-27,4,0.0,0.15,0.23,3,27,0,0,1,1.4285714285714286,0.0
7,1863,4,False,0,2025-02-27,8,0.0,0.04,0.02,3,27,0,0,1,1.7142857142857142,0.0
7,1866,4,False,0,2025-02-27,0,0.0,0.02,0.02,3,27,0,0,1,2.857142857142857,0.0
7,1922,4,False,0,2025-02-27,3,0.0,0.02,0.04,3,27,0,0,1,2.5714285714285716,0.0
7,1934,4,False,0,2025-02-27,3,0.0,0.02,0.04,3,27,0,0,1,3.0,0.0
7,1975,4,False,0,2025-02-27,1,0.0,0.03,0.05,3,27,0,0,1,3.142857142857143,0.0
7,1984,4,False,0,2025-02-27,2,0.0,0.06,0.08,3,27,0,0,1,3.142857142857143,0.0
7,2005,4,False,0,2025-02-27,2,0.0,0.16,0.26,3,27,0,0,1,3.0,0.0
7,2013,4,False,0,2025-02-27,4,0.0,0.03,0.04,3,27,0,0,1,2.7142857142857144,0.0
7,2025,4,False,0,2025-02-27,3,0.0,0.03,0.04,3,27,0,0,1,2.142857142857143,0.0
7,2028,4,False,0,2025-02-27,1,0.0,0.03,0.04,3,27,0,0,1,2.5714285714285716,0.0
7,2033,4,False,0,2025-02-27,1,0.0,0.11,0.16,3,27,0,0,1,2.2857142857142856,0.0
7,2035,4,False,0,2025-02-27,2,0.0,0.02,0.04,3,27,0,0,1,2.0,0.0
7,2042,4,False,0,2025-02-27,6,0.0,0.03,0.06,3,27,0,0,1,2.142857142857143,0.0
7,2051,4,False,0,2025-02-27,2,0.0,0.03,0.04,3,27,0,0,1,2.7142857142857144,0.0
7,2061,4,False,0,2025-02-27,4,0.0,0.02,0.04,3,27,0,0,1,2.7142857142857144,0.0
7,2069,4,False,0,2025-02-27,1,0.0,0.07,0.1,3,27,0,0,1,2.7142857142857144,0.0
7,2083,4,False,0,2025-02-27,2,0.0,0.06,0.09,3,27,0,0,1,2.4285714285714284,0.0
7,2088,4,False,0,2025-02-27,1,0.0,0.03,0.04,3,27,0,0,1,2.5714285714285716,0.0
7,2129,4,False,0,2025-02-27,6,0.0,0.03,0.04,3,27,0,0,1,2.5714285714285716,0.0
7,2144,4,False,0,2025-02-27,2,0.0,0.03,0.05,3,27,0,0,1,3.142857142857143,0.0
7,2149,4,False,0,2025-02-27,1,0.0,0.04,0.07,3,27,0,0,1,2.5714285714285716,0.0
7,2167,4,False,0,2025-02-27,3,0.0,0.05,0.07,3,27,0,0,1,2.4285714285714284,0.0
7,2193,4,False,0,2025-02-27,2,0.0,0.08,0.12,3,27,0,0,1,2.2857142857142856,0.0
7,2230,4,False,0,2025-02-27,2,0.0,0.02,0.03,3,27,0,0,1,2.4285714285714284,0.0
7,2233,4,False,0,2025-02-27,1,0.0,0.06,0.08,3,27,0,0,1,2.4285714285714284,0.0
7,2238,4,False,0,2025-02-27,2,0.0,0.04,0.05,3,27,0,0,1,2.4285714285714284,0.0
7,2257,4,False,0,2025-02-27,0,0.0,0.04,0.06,3,27,0,0,1,1.8571428571428572,0.0
7,2279,4,False,0,2025-02-27,3,0.0,0.11,0.15,3,27,0,0,1,1.5714285714285714,0.0
7,2283,4,False,0,2025-02-27,2,0.0,0.04,0.07,3,27,0,0,1,1.8571428571428572,0.0
7,2286,4,False,0,2025-02-27,0,1.0,0.11,0.15,3,27,0,0,1,1.7142857142857142,0.0
7,2306,4,False,0,2025-02-27,3,0.0,0.04,0.05,3,27,0,0,1,1.4285714285714286,0.0
7,2315,4,False,0,2025-02-27,1,0.0,0.06,0.1,3,27,0,0,1,1.5714285714285714,0.0
7,2392,4,False,0,2025-02-27,2,0.0,0.04,0.06,3,27,0,0,1,1.5714285714285714,0.0
7,2397,4,False,0,2025-02-27,2,0.0,0.02,0.03,3,27,0,0,1,1.5714285714285714,0.0
7,2398,4,False,0,2025-02-27,6,0.0,0.12,0.17,3,27,0,0,1,1.8571428571428572,0.0
7,2438,4,False,0,2025-02-27,0,0.0,0.02,0.04,3,27,0,0,1,2.2857142857142856,0.0
7,2443,4,False,0,2025-02-27,2,0.0,0.05,0.08,3,27,0,0,1,2.0,0.0
7,2448,4,False,0,2025-02-27,3,0.0,0.04,0.06,3,27,0,0,1,2.2857142857142856,0.0
7,2469,4,False,0,2025-02-27,2,0.0,0.07,0.1,3,27,0,0,1,2.2857142857142856,0.0
7,2473,4,False,0,2025-02-27,3,0.0,0.04,0.06,3,27,0,0,1,2.4285714285714284,0.0
7,2478,4,False,0,2025-02-27,3,0.0,0.02,0.03,3,27,0,0,1,2.5714285714285716,0.0
7,2487,4,False,0,2025-02-27,2,0.0,0.02,0.04,3,27,0,0,1,2.7142857142857144,0.0
7,2497,4,False,0,2025-02-27,3,0.0,0.03,0.04,3,27,0,0,1,2.142857142857143,0.0
7,2506,4,False,0,2025-02-27,1,0.0,0.03,0.04,3,27,0,0,1,2.5714285714285716,0.0
7,2522,4,False,0,2025-02-27,4,0.0,0.11,0.16,3,27,0,0,1,2.4285714285714284,0.0
7,2567,4,False,0,2025-02-27,2,0.0,0.04,0.05,3,27,0,0,1,2.5714285714285716,0.0
7,2581,4,False,0,2025-02-27,1,1.0,0.06,0.07,3,27,0,0,1,2.5714285714285716,0.0
7,2624,4,False,0,2025-02-27,4,0.0,0.06,0.08,3,27,0,0,1,2.2857142857142856,0.0
7,2630,4,False,0,2025-02-27,2,0.0,0.03,0.04,3,27,0,0,1,2.4285714285714284,0.0
7,2631,4,False,0,2025-02-27,3,0.0,0.02,0.04,3,27,0,0,1,2.4285714285714284,0.0
7,2642,4,False,0,2025-02-27,3,0.0,0.03,0.05,3,27,0,0,1,2.4285714285714284,0.0
7,2658,4,False,0,2025-02-27,3,0.0,0.02,0.04,3,27,0,0,1,2.7142857142857144,0.0
7,2672,4,False,0,2025-02-27,2,0.0,0.02,0.03,3,27,0,0,1,2.5714285714285716,0.0
7,2688,4,False,0,2025-02-27,3,0.0,0.03,0.04,3,27,0,0,1,2.5714285714285716,0.0
7,2725,4,False,0,2025-02-27,1,0.0,0.08,0.14,3,27,0,0,1,2.857142857142857,0.0
7,2744,4,False,0,2025-02-27,3,0.0,0.06,0.09,3,27,0,0,1,2.4285714285714284,0.0
7,2788,4,False,0,2025-02-27,3,0.0,0.02,0.03,3,27,0,0,1,2.5714285714285716,0.0
7,2801,4,False,0,2025-02-27,3,0.0,0.06,0.09,3,27,0,0,1,2.5714285714285716,0.0
7,2804,4,False,0,2025-02-27,2,0.0,0.06,0.07,3,27,0,0,1,2.5714285714285716,0.0
7,2818,4,False,0,2025-02-27,3,0.0,0.02,0.03,3,27,0,0,1,2.4285714285714284,0.0
7,2825,4,False,0,2025-02-27,1,0.0,0.18,0.23,3,27,0,0,1,2.5714285714285716,0.0
7,2830,4,False,0,2025-02-27,2,0.0,0.04,0.07,3,27,0,0,1,2.2857142857142856,0.0
7,2832,4,False,0,2025-02-27,3,0.0,0.01,0.03,3,27,0,0,1,2.4285714285714284,0.0
7,2838,4,False,0,2025-02-27,3,0.0,0.02,0.03,3,27,0,0,1,2.4285714285714284,0.0
7,2844,4,False,0,2025-02-27,2,0.0,0.03,0.05,3,27,0,0,1,2.4285714285714284,0.0
7,2860,4,False,0,2025-02-27,2,0.0,0.07,0.1,3,27,0,0,1,2.2857142857142856,0.0
7,2870,4,False,0,2025-02-27,2,0.0,0.06,0.09,3,27,0,0,1,2.2857142857142856,0.0
7,2871,4,False,0,2025-02-27,2,0.0,0.04,0.05,3,27,0,0,1,2.142857142857143,0.0
7,2892,4,False,0,2025-02-27,1,0.0,0.1,0.13,3,27,0,0,1,2.2857142857142856,0.0
7,2894,4,False,0,2025-02-27,0,0.0,0.04,0.1,3,27,0,0,1,2.142857142857143,0.0
7,2957,4,False,0,2025-02-27,6,0.0,0.02,0.03,3,27,0,0,1,1.7142857142857142,0.0
7,2961,4,False,0,2025-02-27,3,0.0,0.05,0.06,3,27,0,0,1,2.142857142857143,0.0
7,2963,4,False,0,2025-02-27,4,0.0,0.06,0.08,3,27,0,0,1,2.2857142857142856,0.0
7,2970,4,False,0,2025-02-27,2,0.0,0.03,0.05,3,27,0,0,1,2.5714285714285716,0.0
7,2979,4,False,0,2025-02-27,1,0.0,0.06,0.08,3,27,0,0,1,2.5714285714285716,0.0
7,2992,4,False,0,2025-02-27,2,0.0,0.05,0.08,3,27,0,0,1,2.4285714285714284,0.0
7,3000,4,False,0,2025-02-27,2,0.0,0.1,0.16,3,27,0,0,1,2.5714285714285716,0.0
7,3012,4,False,0,2025-02-27,0,0.0,0.02,0.03,3,27,0,0,1,2.857142857142857,0.0
7,3044,4,False,0,2025-02-27,1,0.0,0.02,0.02,3,27,0,0,1,2.0,0.0
7,3086,4,False,0,2025-02-27,3,0.0,0.04,0.07,3,27,0,0,1,1.7142857142857142,0.0
7,3145,4,False,0,2025-02-27,1,0.0,0.04,0.05,3,27,0,0,1,1.5714285714285714,0.0
7,3146,4,False,0,2025-02-27,3,0.0,0.01,0.01,3,27,0,0,1,1.4285714285714286,0.0
7,3162,4,False,0,2025-02-27,3,0.0,0.01,0.02,3,27,0,0,1,1.7142857142857142,0.0
7,3178,4,False,0,2025-02-27,1,0.0,0.12,0.16,3,27,0,0,1,1.8571428571428572,0.0
7,3185,4,False,0,2025-02-27,3,0.0,0.04,0.04,3,27,0,0,1,1.7142857142857142,0.0
7,3196,4,False,0,2025-02-27,6,0.0,0.02,0.03,3,27,0,0,1,2.142857142857143,0.0
7,3209,4,False,0,2025-02-27,0,1.0,0.02,0.04,3,27,0,0,1,2.857142857142857,0.0
7,3224,4,False,0,2025-02-27,3,0.0,0.04,0.07,3,27,0,0,1,2.4285714285714284,0.0
7,3262,4,False,0,2025-02-27,2,0.0,0.09,0.14,3,27,0,0,1,2.7142857142857144,0.0
7,3267,4,False,0,2025-02-27,3,0.0,0.01,0.01,3,27,0,0,1,2.5714285714285716,0.0
7,3293,4,False,0,2025-02-27,1,0.0,0.0,0.01,3,27,0,0,1,2.5714285714285716,0.0
7,3312,4,False,0,2025-02-27,3,0.0,0.01,0.01,3,27,0,0,1,2.5714285714285716,0.0
7,3317,4,False,0,2025-02-27,3,0.0,0.01,0.02,3,27,0,0,1,2.5714285714285716,0.0
7,3327,4,False,0,2025-02-27,4,0.0,0.01,0.02,3,27,0,0,1,2.142857142857143,0.0
7,3377,4,False,0,2025-02-27,2,0.0,0.02,0.05,3,27,0,0,1,2.7142857142857144,0.0
7,3420,4,False,0,2025-02-27,2,0.0,0.07,0.09,3,27,0,0,1,2.5714285714285716,0.0
7,3453,4,False,0,2025-02-27,2,0.0,0.02,0.04,3,27,0,0,1,2.5714285714285716,0.0
7,3455,4,False,0,2025-02-27,0,0.0,0.02,0.03,3,27,0,0,1,2.4285714285714284,0.0
7,3465,4,False,0,2025-02-27,1,0.0,0.06,0.07,3,27,0,0,1,2.2857142857142856,0.0
7,3466,4,False,0,2025-02-27,2,0.0,0.03,0.05,3,27,0,0,1,2.0,0.0
7,3472,4,False,0,2025-02-27,0,0.0,0.04,0.06,3,27,0,0,1,1.8571428571428572,0.0
7,3473,4,False,0,2025-02-27,2,0.0,0.01,0.03,3,27,0,0,1,1.2857142857142858,0.0
7,3493,4,False,0,2025-02-27,2,0.0,0.04,0.07,3,27,0,0,1,1.2857142857142858,0.0
7,3552,4,False,0,2025-02-27,0,0.0,0.03,0.03,3,27,0,0,1,1.2857142857142858,0.0
7,3562,4,False,0,2025-02-27,2,0.0,0.05,0.06,3,27,0,0,1,1.0,0.0
7,3569,4,False,0,2025-02-27,3,0.0,0.03,0.06,3,27,0,0,1,1.2857142857142858,0.0
7,3577,4,False,0,2025-02-27,2,0.0,0.04,0.06,3,27,0,0,1,1.5714285714285714,0.0
7,3590,4,False,0,2025-02-27,4,0.0,0.02,0.03,3,27,0,0,1,1.5714285714285714,0.0
7,3620,4,False,0,2025-02-27,10,0.0,0.02,0.03,3,27,0,0,1,2.142857142857143,0.0
7,3627,4,False,0,2025-02-27,5,0.0,0.06,0.1,3,27,0,0,1,3.2857142857142856,0.0
7,3628,4,False,0,2025-02-27,1,0.0,0.06,0.09,3,27,0,0,1,3.7142857142857144,0.0
7,3633,4,False,0,2025-02-27,3,0.0,0.07,0.09,3,27,0,0,1,3.857142857142857,0.0
7,3645,4,False,0,2025-02-27,1,0.0,0.07,0.07,3,27,0,0,1,4.0,0.0
7,3651,4,False,0,2025-02-27,4,0.0,0.04,0.07,3,27,0,0,1,3.7142857142857144,0.0
7,3692,4,False,0,2025-02-27,2,0.0,0.1,0.12,3,27,0,0,1,4.0,0.0
7,3698,4,False,0,2025-02-27,2,0.0,0.05,0.08,3,27,0,0,1,3.7142857142857144,0.0
7,3700,4,False,0,2025-02-27,2,0.0,0.02,0.03,3,27,0,0,1,2.5714285714285716,0.0
7,3721,4,False,0,2025-02-27,0,0.0,0.03,0.05,3,27,0,0,1,2.142857142857143,0.0
7,3728,4,False,0,2025-02-27,2,0.0,0.03,0.05,3,27,0,0,1,2.0,0.0
7,3733,4,False,0,2025-02-27,4,0.0,0.01,0.03,3,27,0,0,1,1.8571428571428572,0.0
7,3753,4,False,0,2025-02-27,3,0.0,0.04,0.07,3,27,0,0,1,2.2857142857142856,0.0
7,3772,4,False,0,2025-02-27,3,0.0,0.03,0.06,3,27,0,0,1,2.142857142857143,0.0
7,3818,4,False,0,2025-02-27,4,0.0,0.06,0.09,3,27,0,0,1,2.2857142857142856,0.0
7,3843,4,False,0,2025-02-27,2,0.0,0.02,0.04,3,27,0,0,1,2.5714285714285716,0.0
7,3847,4,False,0,2025-02-27,2,0.0,0.01,0.03,3,27,0,0,1,2.5714285714285716,0.0
7,3850,4,False,0,2025-02-27,3,0.0,0.07,0.12,3,27,0,0,1,2.857142857142857,0.0
7,3853,4,False,0,2025-02-27,1,0.0,0.1,0.17,3,27,0,0,1,3.0,0.0
7,3879,4,False,0,2025-02-27,2,0.0,0.05,0.08,3,27,0,0,1,2.5714285714285716,0.0
7,3888,4,False,0,2025-02-27,6,0.0,0.01,0.01,3,27,0,0,1,2.4285714285714284,0.0
7,3903,4,False,0,2025-02-27,2,0.0,0.04,0.07,3,27,0,0,1,2.857142857142857,0.0
7,3906,4,False,0,2025-02-27,2,0.0,0.11,0.2,3,27,0,0,1,2.5714285714285716,0.0
7,3939,4,False,0,2025-02-27,0,0.0,0.04,0.06,3,27,0,0,1,2.5714285714285716,0.0
7,3968,4,False,0,2025-02-27,0,0.0,0.01,0.02,3,27,0,0,1,2.2857142857142856,0.0
7,3971,4,False,0,2025-02-27,6,0.0,0.08,0.11,3,27,0,0,1,1.8571428571428572,0.0
7,3974,4,False,0,2025-02-27,1,0.0,0.09,0.13,3,27,0,0,1,2.5714285714285716,0.0
7,3987,4,False,0,2025-02-27,1,0.0,0.03,0.05,3,27,0,0,1,2.4285714285714284,0.0
7,4019,4,False,0,2025-02-27,4,0.0,0.04,0.04,3,27,0,0,1,1.7142857142857142,0.0
7,4028,4,False,0,2025-02-27,2,0.0,0.02,0.03,3,27,0,0,1,2.0,0.0
7,4071,4,False,0,2025-02-27,2,0.0,0.04,0.07,3,27,0,0,1,2.0,0.0
7,4108,4,False,0,2025-02-27,2,0.0,0.02,0.03,3,27,0,0,1,2.2857142857142856,0.0
7,4133,4,False,0,2025-02-27,3,0.0,0.08,0.14,3,27,0,0,1,2.5714285714285716,0.0
7,4135,4,False,0,2025-02-27,1,0.0,0.03,0.04,3,27,0,0,1,2.142857142857143,0.0
7,4170,4,False,0,2025-02-27,1,0.0,0.02,0.03,3,27,0,0,1,2.142857142857143,0.0
7,4184,4,False,0,2025-02-27,2,0.0,0.06,0.09,3,27,0,0,1,2.142857142857143,0.0
7,4186,4,False,0,2025-02-27,0,0.0,0.03,0.06,3,27,0,0,1,1.8571428571428572,0.0
7,4212,4,False,0,2025-02-27,4,0.0,0.06,0.08,3,27,0,0,1,1.5714285714285714,0.0
7,4243,4,False,0,2025-02-27,2,0.0,0.09,0.1,3,27,0,0,1,1.8571428571428572,0.0
7,4268,4,False,0,2025-02-27,2,0.0,0.02,0.03,3,27,0,0,1,1.8571428571428572,0.0
7,4275,4,False,0,2025-02-27,2,0.0,0.01,0.02,3,27,0,0,1,1.7142857142857142,0.0
7,4281,4,False,0,2025-02-27,2,0.0,0.02,0.04,3,27,0,0,1,1.8571428571428572,0.0
7,4293,4,False,0,2025-02-27,1,0.0,0.12,0.17,3,27,0,0,1,2.0,0.0
7,4305,4,False,0,2025-02-27,2,0.0,0.07,0.1,3,27,0,0,1,1.8571428571428572,0.0
7,4335,4,False,0,2025-02-27,0,1.0,0.04,0.07,3,27,0,0,1,2.142857142857143,0.0
7,4342,4,False,0,2025-02-27,0,0.0,0.02,0.04,3,27,0,0,1,1.5714285714285714,0.0
7,4372,4,False,0,2025-02-27,0,0.0,0.02,0.03,3,27,0,0,1,1.2857142857142858,0.0
7,4373,4,False,0,2025-02-27,3,0.0,0.07,0.12,3,27,0,0,1,1.0,0.0
7,4392,4,False,0,2025-02-27,4,0.0,0.09,0.1,3,27,0,0,1,1.1428571428571428,0.0
7,4395,4,False,0,2025-02-27,2,0.0,0.05,0.08,3,27,0,0,1,1.4285714285714286,0.0
7,4422,4,False,0,2025-02-27,2,0.0,0.01,0.03,3,27,0,0,1,1.5714285714285714,0.0
7,4438,4,False,0,2025-02-27,5,0.0,0.01,0.02,3,27,0,0,1,1.5714285714285714,0.0
7,4451,4,False,0,2025-02-27,2,0.0,0.04,0.06,3,27,0,0,1,2.2857142857142856,0.0
7,4456,4,False,0,2025-02-27,2,0.0,0.02,0.03,3,27,0,0,1,2.5714285714285716,0.0
7,4480,4,False,0,2025-02-27,3,0.0,0.06,0.1,3,27,0,0,1,2.857142857142857,0.0
7,4520,4,False,0,2025-02-27,1,0.0,0.1,0.16,3,27,0,0,1,2.857142857142857,0.0
7,4522,4,False,0,2025-02-27,1,0.0,0.02,0.04,3,27,0,0,1,2.4285714285714284,0.0
7,4550,4,False,0,2025-02-27,2,0.0,0.13,0.17,3,27,0,0,1,2.2857142857142856,0.0
7,4571,4,False,0,2025-02-27,2,0.0,0.03,0.06,3,27,0,0,1,2.2857142857142856,0.0
7,4577,4,False,0,2025-02-27,3,0.0,0.04,0.06,3,27,0,0,1,1.8571428571428572,0.0
7,4598,4,False,0,2025-02-27,3,0.0,0.07,0.1,3,27,0,0,1,2.0,0.0
7,4621,4,False,0,2025-02-27,3,0.0,0.01,0.01,3,27,0,0,1,2.142857142857143,0.0
7,4662,4,False,0,2025-02-27,0,0.0,0.02,0.04,3,27,0,0,1,2.142857142857143,0.0
7,4663,4,False,0,2025-02-27,2,0.0,0.04,0.07,3,27,0,0,1,2.0,0.0
7,4672,4,False,0,2025-02-27,2,0.0,0.03,0.03,3,27,0,0,1,2.142857142857143,0.0
7,4715,4,False,0,2025-02-27,2,0.0,0.05,0.06,3,27,0,0,1,2.142857142857143,0.0
7,4778,4,False,0,2025-02-27,2,1.0,0.04,0.07,3,27,0,0,1,2.142857142857143,0.0
7,4785,4,False,0,2025-02-27,3,0.0,0.06,0.09,3,27,0,0,1,2.0,0.0
7,4806,4,False,0,2025-02-27,2,0.0,0.02,0.03,3,27,0,0,1,2.0,0.0
7,4808,4,False,0,2025-02-27,1,0.0,0.03,0.05,3,27,0,0,1,1.8571428571428572,0.0
7,4823,4,False,0,2025-02-27,3,0.0,0.01,0.01,3,27,0,0,1,2.0,0.0
7,4842,4,False,0,2025-02-27,2,0.0,0.03,0.05,3,27,0,0,1,2.142857142857143,0.0
7,4851,4,False,0,2025-02-27,1,0.0,0.06,0.09,3,27,0,0,1,2.142857142857143,0.0
7,4855,4,False,0,2025-02-27,2,0.0,0.02,0.02,3,27,0,0,1,2.0,0.0
7,4895,4,False,0,2025-02-27,2,0.0,0.04,0.06,3,27,0,0,1,2.0,0.0
7,4898,4,False,0,2025-02-27,2,0.0,0.03,0.03,3,27,0,0,1,1.8571428571428572,0.0
7,4928,4,False,0,2025-02-27,3,0.0,0.03,0.05,3,27,0,0,1,1.8571428571428572,0.0
7,4936,4,False,0,2025-02-27,1,1.0,0.03,0.04,3,27,0,0,1,2.142857142857143,0.0
7,4955,4,False,0,2025-02-27,2,0.0,0.03,0.04,3,27,0,0,1,1.8571428571428572,0.0
7,4958,4,False,0,2025-02-27,2,0.0,0.05,0.07,3,27,0,0,1,1.8571428571428572,0.0
7,4967,4,False,0,2025-02-27,2,0.0,0.05,0.08,3,27,0,0,1,2.0,0.0
7,4978,4,False,0,2025-02-27,6,0.0,0.04,0.05,3,27,0,0,1,2.0,0.0
7,5005,4,False,0,2025-02-27,3,0.0,0.04,0.06,3,27,0,0,1,2.5714285714285716,0.0
7,5063,4,False,0,2025-02-27,3,0.0,0.01,0.01,3,27,0,0,1,2.7142857142857144,0.0
7,5088,4,False,0,2025-02-27,3,0.0,0.01,0.02,3,27,0,0,1,2.7142857142857144,0.0
7,5113,4,False,0,2025-02-27,3,0.0,0.03,0.06,3,27,0,0,1,3.0,0.0
7,5146,4,False,0,2025-02-27,3,0.0,0.03,0.05,3,27,0,0,1,3.142857142857143,0.0
7,5154,4,False,0,2025-02-27,0,0.0,0.04,0.06,3,27,0,0,1,3.2857142857142856,0.0
7,5162,4,False,0,2025-02-27,1,0.0,0.09,0.13,3,27,0,0,1,3.0,0.0
7,5186,4,False,0,2025-02-27,4,3.0,0.02,0.03,3,27,0,0,1,2.2857142857142856,0.0
7,5191,4,False,0,2025-02-27,2,0.0,0.02,0.04,3,27,0,0,1,2.4285714285714284,0.0
7,5202,4,False,0,2025-02-27,1,0.0,0.09,0.13,3,27,0,0,1,2.2857142857142856,0.0
7,5208,4,False,0,2025-02-27,2,0.0,0.02,0.04,3,27,0,0,1,2.0,0.0
7,5228,4,False,0,2025-02-27,1,0.0,0.01,0.02,3,27,0,0,1,1.8571428571428572,0.0
7,5229,4,False,0,2025-02-27,3,0.0,0.03,0.05,3,27,0,0,1,1.5714285714285714,0.0
7,5263,4,False,0,2025-02-27,3,0.0,0.02,0.04,3,27,0,0,1,2.0,0.0
7,5266,4,False,0,2025-02-27,2,0.0,0.06,0.09,3,27,0,0,1,2.2857142857142856,0.0
7,5286,4,False,0,2025-02-27,2,0.0,0.05,0.07,3,27,0,0,1,2.0,0.0
7,74,5,True,0,2025-02-27,1,0.0,0.02,0.04,3,27,0,0,1,2.0,0.0
7,213,5,True,0,2025-02-27,0,0.0,0.01,0.03,3,27,0,0,1,2.0,0.0
7,284,5,True,0,2025-02-27,4,0.0,0.05,0.08,3,27,0,0,1,1.7142857142857142,0.0
7,567,5,True,0,2025-02-27,0,0.0,0.01,0.03,3,27,0,0,1,2.142857142857143,0.0
7,783,5,True,0,2025-02-27,11,0.0,0.03,0.06,3,27,0,0,1,1.7142857142857142,0.0
7,821,5,True,0,2025-02-27,2,0.0,0.03,0.05,3,27,0,0,1,2.857142857142857,0.0
7,873,5,True,0,2025-02-27,8,0.0,0.03,0.05,3,27,0,0,1,2.857142857142857,0.0
7,929,5,True,0,2025-02-27,0,0.0,0.07,0.22,3,27,0,0,1,3.7142857142857144,0.0
7,1037,5,True,0,2025-02-27,1,0.0,0.01,0.02,3,27,0,0,1,3.5714285714285716,0.0
7,1163,5,True,0,2025-02-27,0,0.0,0.08,0.2,3,27,0,0,1,3.7142857142857144,0.0
7,1247,5,True,0,2025-02-27,3,0.0,0.04,0.05,3,27,0,0,1,3.142857142857143,0.0
7,1333,5,True,0,2025-02-27,4,0.0,0.02,0.04,3,27,0,0,1,3.5714285714285716,0.0
7,1427,5,True,0,2025-02-27,0,0.0,0.01,0.05,3,27,0,0,1,2.5714285714285716,0.0
7,1746,5,True,0,2025-02-27,0,0.0,0.02,0.08,3,27,0,0,1,2.2857142857142856,0.0
7,1882,5,True,0,2025-02-27,0,0.0,0.17,0.31,3,27,0,0,1,1.1428571428571428,0.0
7,2066,5,True,0,2025-02-27,0,0.0,0.1,0.12,3,27,0,0,1,1.1428571428571428,0.0
7,2104,5,True,0,2025-02-27,0,0.0,0.03,0.03,3,27,0,0,1,1.0,0.0
7,2120,5,True,0,2025-02-27,2,0.0,0.03,0.07,3,27,0,0,1,1.0,0.0
7,2132,5,True,0,2025-02-27,1,0.0,0.01,0.04,3,27,0,0,1,0.8571428571428571,0.0
7,2141,5,True,0,2025-02-27,0,0.0,0.01,0.06,3,27,0,0,1,0.42857142857142855,0.0
7,2219,5,True,0,2025-02-27,0,0.0,0.11,0.13,3,27,0,0,1,0.42857142857142855,0.0
7,2224,5,True,0,2025-02-27,2,0.0,0.03,0.03,3,27,0,0,1,0.42857142857142855,0.0
7,2325,5,True,0,2025-02-27,5,0.0,0.03,0.07,3,27,0,0,1,0.7142857142857143,0.0
7,2418,5,True,0,2025-02-27,2,0.0,0.03,0.04,3,27,0,0,1,1.4285714285714286,0.0
7,2880,5,True,0,2025-02-27,3,0.0,0.02,0.05,3,27,0,0,1,1.7142857142857142,0.0
7,3085,5,True,0,2025-02-27,3,0.0,0.02,0.04,3,27,0,0,1,1.8571428571428572,0.0
7,3087,5,True,0,2025-02-27,0,0.0,0.04,0.1,3,27,0,0,1,2.142857142857143,0.0
7,3164,5,True,0,2025-02-27,0,0.0,0.06,0.1,3,27,0,0,1,2.142857142857143,0.0
7,3218,5,True,0,2025-02-27,2,0.0,0.02,0.06,3,27,0,0,1,2.142857142857143,0.0
7,3229,5,True,0,2025-02-27,1,0.0,0.04,0.11,3,27,0,0,1,2.142857142857143,0.0
7,3292,5,True,0,2025-02-27,4,0.0,0.03,0.05,3,27,0,0,1,1.5714285714285714,0.0
7,3330,5,True,0,2025-02-27,5,0.0,0.06,0.11,3,27,0,0,1,1.8571428571428572,0.0
7,3424,5,True,0,2025-02-27,2,0.0,0.01,0.02,3,27,0,0,1,2.142857142857143,0.0
7,3439,5,True,0,2025-02-27,3,0.0,0.02,0.02,3,27,0,0,1,2.0,0.0
7,3463,5,True,0,2025-02-27,2,0.0,0.03,0.04,3,27,0,0,1,2.4285714285714284,0.0
7,3558,5,True,0,2025-02-27,6,0.0,0.03,0.06,3,27,0,0,1,2.7142857142857144,0.0
7,3624,5,True,0,2025-02-27,0,0.0,0.06,0.13,3,27,0,0,1,3.2857142857142856,0.0
7,3807,5,True,0,2025-02-27,2,0.0,0.08,0.1,3,27,0,0,1,3.142857142857143,0.0
7,3984,5,True,0,2025-02-27,0,0.0,0.02,0.04,3,27,0,0,1,2.857142857142857,0.0
7,3996,5,True,0,2025-02-27,0,1.0,0.03,0.05,3,27,0,0,1,2.142857142857143,0.0
7,4036,5,True,0,2025-02-27,2,0.0,0.01,0.02,3,27,0,0,1,1.8571428571428572,0.0
7,4081,5,True,0,2025-02-27,2,0.0,0.03,0.06,3,27,0,0,1,1.7142857142857142,0.0
7,4175,5,True,0,2025-02-27,4,0.0,0.03,0.06,3,27,0,0,1,1.7142857142857142,0.0
7,4544,5,True,0,2025-02-27,0,0.0,0.04,0.07,3,27,0,0,1,1.4285714285714286,0.0
7,4565,5,True,0,2025-02-27,0,0.0,0.01,0.04,3,27,0,0,1,1.4285714285714286,0.0
7,4749,5,True,0,2025-02-27,2,0.0,0.01,0.04,3,27,0,0,1,1.1428571428571428,0.0
7,4789,5,True,0,2025-02-27,7,0.0,0.02,0.06,3,27,0,0,1,1.4285714285714286,0.0
7,4939,5,True,0,2025-02-27,0,0.0,0.02,0.06,3,27,0,0,1,2.4285714285714284,0.0
7,4942,5,True,0,2025-02-27,0,0.0,0.07,0.14,3,27,0,0,1,2.142857142857143,0.0
7,5006,5,True,0,2025-02-27,3,0.0,0.03,0.03,3,27,0,0,1,1.8571428571428572,0.0
7,5049,5,True,0,2025-02-27,2,1.0,0.02,0.05,3,27,0,0,1,1.7142857142857142,0.0
7,5098,5,True,0,2025-02-27,0,0.0,0.02,0.06,3,27,0,0,1,2.0,0.0
7,5217,5,True,0,2025-02-27,3,0.0,0.02,0.04,3,27,0,0,1,2.0,0.0
7,139,6,False,0,2025-02-27,0,0.0,0.17,0.24,3,27,0,0,1,2.142857142857143,0.0
7,173,6,False,0,2025-02-27,1,0.0,0.09,0.12,3,27,0,0,1,1.1428571428571428,0.0
7,337,6,False,0,2025-02-27,0,0.0,0.12,0.17,3,27,0,0,1,1.2857142857142858,0.0
7,366,6,False,0,2025-02-27,1,0.0,0.08,0.1,3,27,0,0,1,1.2857142857142858,0.0
7,386,6,False,0,2025-02-27,1,0.0,0.17,0.24,3,27,0,0,1,1.0,0.0
7,449,6,False,0,2025-02-27,3,0.0,0.28,0.38,3,27,0,0,1,0.8571428571428571,0.0
7,594,6,False,0,2025-02-27,0,0.0,0.19,0.23,3,27,0,0,1,1.2857142857142858,0.0
7,820,6,False,0,2025-02-27,0,0.0,0.16,0.2,3,27,0,0,1,0.8571428571428571,0.0
7,988,6,False,0,2025-02-27,1,0.0,0.16,0.23,3,27,0,0,1,0.8571428571428571,0.0
7,1031,6,False,0,2025-02-27,1,0.0,0.1,0.14,3,27,0,0,1,0.8571428571428571,0.0
7,1124,6,False,0,2025-02-27,2,0.0,0.12,0.17,3,27,0,0,1,1.0,0.0
7,1276,6,False,0,2025-02-27,1,0.0,0.13,0.2,3,27,0,0,1,1.1428571428571428,0.0
7,1340,6,False,0,2025-02-27,2,0.0,0.17,0.23,3,27,0,0,1,1.1428571428571428,0.0
7,1429,6,False,0,2025-02-27,0,0.0,0.08,0.09,3,27,0,0,1,1.0,0.0
7,1534,6,False,0,2025-02-27,2,0.0,0.15,0.22,3,27,0,0,1,1.0,0.0
7,1544,6,False,0,2025-02-27,2,0.0,0.08,0.11,3,27,0,0,1,1.2857142857142858,0.0
7,1611,6,False,0,2025-02-27,0,0.0,0.11,0.16,3,27,0,0,1,1.4285714285714286,0.0
7,1650,6,False,0,2025-02-27,0,0.0,0.24,0.32,3,27,0,0,1,1.2857142857142858,0.0
7,1702,6,False,0,2025-02-27,0,0.0,0.31,0.43,3,27,0,0,1,1.0,0.0
7,1767,6,False,0,2025-02-27,1,0.0,0.12,0.15,3,27,0,0,1,0.8571428571428571,0.0
7,1807,6,False,0,2025-02-27,1,0.0,0.12,0.17,3,27,0,0,1,0.7142857142857143,0.0
7,1811,6,False,0,2025-02-27,0,0.0,0.04,0.06,3,27,0,0,1,0.8571428571428571,0.0
7,1828,6,False,0,2025-02-27,1,0.0,0.26,0.33,3,27,0,0,1,0.5714285714285714,0.0
7,1868,6,False,0,2025-02-27,1,0.0,0.12,0.14,3,27,0,0,1,0.42857142857142855,0.0
7,1901,6,False,0,2025-02-27,0,0.0,0.16,0.23,3,27,0,0,1,0.5714285714285714,0.0
7,1924,6,False,0,2025-02-27,0,0.0,0.07,0.09,3,27,0,0,1,0.5714285714285714,0.0
7,2680,6,False,0,2025-02-27,0,0.0,0.13,0.21,3,27,0,0,1,0.5714285714285714,0.0
7,2712,6,False,0,2025-02-27,3,0.0,0.12,0.14,3,27,0,0,1,0.42857142857142855,0.0
7,2912,6,False,0,2025-02-27,1,0.0,0.12,0.18,3,27,0,0,1,0.7142857142857143,0.0
7,3034,6,False,0,2025-02-27,2,0.0,0.11,0.16,3,27,0,0,1,0.8571428571428571,0.0
7,3088,6,False,0,2025-02-27,0,0.0,0.06,0.07,3,27,0,0,1,1.0,0.0
7,3187,6,False,0,2025-02-27,0,0.0,0.26,0.31,3,27,0,0,1,0.8571428571428571,0.0
7,3202,6,False,0,2025-02-27,1,0.0,0.14,0.21,3,27,0,0,1,0.8571428571428571,0.0
7,3604,6,False,0,2025-02-27,1,0.0,0.32,0.36,3,27,0,0,1,1.0,0.0
7,3648,6,False,0,2025-02-27,0,0.0,0.2,0.26,3,27,0,0,1,1.1428571428571428,0.0
7,3687,6,False,0,2025-02-27,1,0.0,0.14,0.22,3,27,0,0,1,0.7142857142857143,0.0
7,3842,6,False,0,2025-02-27,0,0.0,0.39,0.46,3,27,0,0,1,0.7142857142857143,0.0
7,3902,6,False,0,2025-02-27,1,0.0,0.17,0.22,3,27,0,0,1,0.42857142857142855,0.0
7,3912,6,False,0,2025-02-27,1,0.0,0.06,0.1,3,27,0,0,1,0.5714285714285714,0.0
7,4177,6,False,0,2025-02-27,1,0.0,0.06,0.08,3,27,0,0,1,0.7142857142857143,0.0
7,4234,6,False,0,2025-02-27,2,0.0,0.12,0.16,3,27,0,0,1,0.7142857142857143,0.0
7,4288,6,False,0,2025-02-27,1,0.0,0.13,0.21,3,27,0,0,1,0.8571428571428571,0.0
7,4376,6,False,0,2025-02-27,1,0.0,0.08,0.1,3,27,0,0,1,1.0,0.0
7,4386,6,False,0,2025-02-27,0,0.0,0.09,0.11,3,27,0,0,1,1.0,0.0
7,4468,6,False,0,2025-02-27,0,0.0,0.34,0.42,3,27,0,0,1,1.0,0.0
7,4892,6,False,0,2025-02-27,0,0.0,0.2,0.26,3,27,0,0,1,0.8571428571428571,0.0
7,4899,6,False,0,2025-02-27,2,0.0,0.06,0.1,3,27,0,0,1,0.7142857142857143,0.0
7,4917,6,False,0,2025-02-27,8,0.0,0.15,0.22,3,27,0,0,1,0.8571428571428571,0.0
7,5150,6,False,0,2025-02-27,0,0.0,0.18,0.26,3,27,0,0,1,1.7142857142857142,0.0
7,5193,6,False,0,2025-02-27,0,0.0,0.27,0.39,3,27,0,0,1,1.5714285714285714,0.0
7,188,7,False,0,2025-02-27,1,0.0,0.03,0.04,3,27,0,0,1,1.4285714285714286,0.0
7,348,7,False,0,2025-02-27,3,0.0,0.02,0.03,3,27,0,0,1,1.5714285714285714,0.0
7,392,7,False,0,2025-02-27,3,0.0,0.01,0.01,3,27,0,0,1,2.0,0.0
7,503,7,False,0,2025-02-27,22,0.0,0.01,0.01,3,27,0,0,1,2.4285714285714284,0.0
7,680,7,False,0,2025-02-27,20,0.0,0.01,0.01,3,27,0,0,1,5.285714285714286,0.0
7,743,7,False,0,2025-02-27,4,0.0,0.02,0.04,3,27,0,0,1,7.0,0.0
7,840,7,False,0,2025-02-27,4,0.0,0.02,0.03,3,27,0,0,1,7.571428571428571,0.0
7,966,7,False,0,2025-02-27,2,0.0,0.03,0.04,3,27,0,0,1,8.142857142857142,0.0
7,1084,7,False,0,2025-02-27,1,0.0,0.01,0.01,3,27,0,0,1,8.285714285714286,0.0
7,1108,7,False,0,2025-02-27,1,1.0,0.05,0.09,3,27,0,0,1,8.0,0.0
7,1128,7,False,0,2025-02-27,0,0.0,0.02,0.02,3,27,0,0,1,7.714285714285714,0.0
7,1253,7,False,0,2025-02-27,7,0.0,0.01,0.02,3,27,0,0,1,4.571428571428571,0.0
7,1445,7,False,0,2025-02-27,4,0.0,0.04,0.05,3,27,0,0,1,2.7142857142857144,0.0
7,1488,7,False,0,2025-02-27,1,0.0,0.01,0.01,3,27,0,0,1,2.7142857142857144,0.0
7,1556,7,False,0,2025-02-27,4,0.0,0.02,0.03,3,27,0,0,1,2.2857142857142856,0.0
7,1591,7,False,0,2025-02-27,2,0.0,0.05,0.09,3,27,0,0,1,2.5714285714285716,0.0
7,1677,7,False,0,2025-02-27,1,0.0,0.02,0.04,3,27,0,0,1,2.7142857142857144,0.0
7,1697,7,False,0,2025-02-27,1,0.0,0.05,0.07,3,27,0,0,1,2.7142857142857144,0.0
7,1895,7,False,0,2025-02-27,1,0.0,0.02,0.02,3,27,0,0,1,2.857142857142857,0.0
7,1905,7,False,0,2025-02-27,3,0.0,0.02,0.02,3,27,0,0,1,2.0,0.0
7,1981,7,False,0,2025-02-27,3,0.0,0.01,0.01,3,27,0,0,1,1.8571428571428572,0.0
7,2105,7,False,0,2025-02-27,4,0.0,0.02,0.03,3,27,0,0,1,2.142857142857143,0.0
7,2182,7,False,0,2025-02-27,2,0.0,0.2,0.23,3,27,0,0,1,2.142857142857143,0.0
7,2202,7,False,0,2025-02-27,4,0.0,0.11,0.14,3,27,0,0,1,2.142857142857143,0.0
7,2232,7,False,0,2025-02-27,2,0.0,0.04,0.08,3,27,0,0,1,2.5714285714285716,0.0
7,2340,7,False,0,2025-02-27,2,1.0,0.02,0.02,3,27,0,0,1,2.7142857142857144,0.0
7,2380,7,False,0,2025-02-27,1,1.0,0.03,0.05,3,27,0,0,1,2.857142857142857,0.0
7,2439,7,False,0,2025-02-27,4,0.0,0.03,0.04,3,27,0,0,1,2.5714285714285716,0.0
7,2645,7,False,0,2025-02-27,2,0.0,0.03,0.04,3,27,0,0,1,2.7142857142857144,0.0
7,2792,7,False,0,2025-02-27,1,0.0,0.02,0.04,3,27,0,0,1,2.4285714285714284,0.0
7,2989,7,False,0,2025-02-27,17,0.0,0.0,0.0,3,27,0,0,1,2.2857142857142856,0.0
7,3025,7,False,0,2025-02-27,7,0.0,0.01,0.01,3,27,0,0,1,4.142857142857143,0.0
7,3078,7,False,0,2025-02-27,0,0.0,0.07,0.1,3,27,0,0,1,4.857142857142857,0.0
7,3111,7,False,0,2025-02-27,1,0.0,0.03,0.04,3,27,0,0,1,4.571428571428571,0.0
7,3125,7,False,0,2025-02-27,1,0.0,0.02,0.03,3,27,0,0,1,4.571428571428571,0.0
7,4069,7,False,0,2025-02-27,1,0.0,0.02,0.02,3,27,0,0,1,4.142857142857143,0.0
7,4233,7,False,0,2025-02-27,2,0.0,0.06,0.07,3,27,0,0,1,4.0,0.0
7,4424,7,False,0,2025-02-27,15,0.0,0.02,0.05,3,27,0,0,1,4.142857142857143,0.0
7,4454,7,False,0,2025-02-27,3,0.0,0.01,0.02,3,27,0,0,1,3.857142857142857,0.0
7,4484,7,False,0,2025-02-27,20,0.0,0.02,0.05,3,27,0,0,1,3.2857142857142856,0.0
7,4599,7,False,0,2025-02-27,3,0.0,0.01,0.02,3,27,0,0,1,6.142857142857143,0.0
7,4624,7,False,0,2025-02-27,0,0.0,0.03,0.04,3,27,0,0,1,6.428571428571429,0.0
7,4763,7,False,0,2025-02-27,1,0.0,0.01,0.02,3,27,0,0,1,6.285714285714286,0.0
7,4788,7,False,0,2025-02-27,4,0.0,0.02,0.04,3,27,0,0,1,6.285714285714286,0.0
7,4841,7,False,0,2025-02-27,1,0.0,0.01,0.02,3,27,0,0,1,6.571428571428571,0.0
7,4910,7,False,0,2025-02-27,1,0.0,0.2,0.23,3,27,0,0,1,4.571428571428571,0.0
7,5031,7,False,0,2025-02-27,2,0.0,0.3,0.46,3,27,0,0,1,4.285714285714286,0.0
7,5141,7,False,0,2025-02-27,2,1.0,0.02,0.03,3,27,0,0,1,1.7142857142857142,0.0
7,55,8,False,0,2025-02-27,6,0.0,0.04,0.08,3,27,0,0,1,1.5714285714285714,0.0
7,367,8,False,0,2025-02-27,15,0.0,0.02,0.04,3,27,0,0,1,2.4285714285714284,0.0
7,494,8,False,0,2025-02-27,8,0.0,0.01,0.03,3,27,0,0,1,4.428571428571429,0.0
7,566,8,False,0,2025-02-27,15,0.0,0.01,0.01,3,27,0,0,1,5.0,0.0
7,658,8,False,0,2025-02-27,2,0.0,0.1,0.17,3,27,0,0,1,7.0,0.0
7,675,8,False,0,2025-02-27,0,0.0,0.01,0.02,3,27,0,0,1,7.142857142857143,0.0
7,790,8,False,0,2025-02-27,3,0.0,0.01,0.02,3,27,0,0,1,6.857142857142857,0.0
7,868,8,False,0,2025-02-27,1,0.0,0.14,0.21,3,27,0,0,1,7.0,0.0
7,870,8,False,0,2025-02-27,3,0.0,0.01,0.02,3,27,0,0,1,6.285714285714286,0.0
7,1004,8,False,0,2025-02-27,7,0.0,0.02,0.06,3,27,0,0,1,4.571428571428571,0.0
7,1076,8,False,0,2025-02-27,9,0.0,0.01,0.02,3,27,0,0,1,4.428571428571429,0.0
7,1116,8,False,0,2025-02-27,12,0.0,0.02,0.02,3,27,0,0,1,3.5714285714285716,0.0
7,1134,8,False,0,2025-02-27,19,0.0,0.0,0.01,3,27,0,0,1,5.0,0.0
7,1285,8,False,0,2025-02-27,7,1.0,0.03,0.05,3,27,0,0,1,7.714285714285714,0.0
7,1541,8,False,0,2025-02-27,9,0.0,0.02,0.03,3,27,0,0,1,8.285714285714286,0.0
7,1748,8,False,0,2025-02-27,10,1.0,0.03,0.04,3,27,0,0,1,9.428571428571429,0.0
7,1819,8,False,0,2025-02-27,7,0.0,0.01,0.02,3,27,0,0,1,10.428571428571429,0.0
7,1923,8,False,0,2025-02-27,2,0.0,0.01,0.02,3,27,0,0,1,10.428571428571429,0.0
7,1930,8,False,0,2025-02-27,1,0.0,0.03,0.05,3,27,0,0,1,9.428571428571429,0.0
7,2029,8,False,0,2025-02-27,2,0.0,0.04,0.06,3,27,0,0,1,7.857142857142857,0.0
7,2288,8,False,0,2025-02-27,17,0.0,0.01,0.02,3,27,0,0,1,5.428571428571429,0.0
7,3028,8,False,0,2025-02-27,3,0.0,0.01,0.02,3,27,0,0,1,6.857142857142857,0.0
7,3180,8,False,0,2025-02-27,12,0.0,0.01,0.02,3,27,0,0,1,6.0,0.0
7,3450,8,False,0,2025-02-27,8,0.0,0.02,0.04,3,27,0,0,1,6.285714285714286,0.0
7,3476,8,False,0,2025-02-27,2,0.0,0.07,0.11,3,27,0,0,1,6.428571428571429,0.0
7,3574,8,False,0,2025-02-27,6,0.0,0.02,0.03,3,27,0,0,1,6.428571428571429,0.0
7,3592,8,False,0,2025-02-27,5,0.0,0.02,0.04,3,27,0,0,1,7.142857142857143,0.0
7,3750,8,False,0,2025-02-27,11,1.0,0.01,0.02,3,27,0,0,1,7.571428571428571,0.0
7,3770,8,False,0,2025-02-27,5,0.0,0.01,0.02,3,27,0,0,1,6.714285714285714,0.0
7,3890,8,False,0,2025-02-27,16,0.0,0.02,0.04,3,27,0,0,1,7.0,0.0
7,3963,8,False,0,2025-02-27,6,0.0,0.01,0.01,3,27,0,0,1,7.571428571428571,0.0
7,4115,8,False,0,2025-02-27,5,0.0,0.02,0.04,3,27,0,0,1,7.285714285714286,0.0
7,4538,8,False,0,2025-02-27,15,0.0,0.02,0.02,3,27,0,0,1,7.714285714285714,0.0
7,4609,8,False,0,2025-02-27,9,0.0,0.05,0.08,3,27,0,0,1,9.0,0.0
7,4666,8,False,0,2025-02-27,10,0.0,0.01,0.02,3,27,0,0,1,9.571428571428571,0.0
7,4668,8,False,0,2025-02-27,3,0.0,0.01,0.02,3,27,0,0,1,9.428571428571429,0.0
7,4676,8,False,0,2025-02-27,13,0.0,0.01,0.01,3,27,0,0,1,9.142857142857142,0.0
7,4751,8,False,0,2025-02-27,0,0.0,0.02,0.03,3,27,0,0,1,8.714285714285714,0.0
7,4807,8,False,0,2025-02-27,12,0.0,0.01,0.01,3,27,0,0,1,7.857142857142857,0.0
7,4862,8,False,0,2025-02-27,2,0.0,0.18,0.31,3,27,0,0,1,8.857142857142858,0.0
7,5001,8,False,0,2025-02-27,11,0.0,0.01,0.03,3,27,0,0,1,7.0,0.0
7,5203,8,False,0,2025-02-27,17,0.0,0.01,0.03,3,27,0,0,1,7.285714285714286,0.0
7,3,9,True,0,2025-02-27,0,0.0,0.02,0.06,3,27,0,0,1,8.285714285714286,0.0
7,29,9,True,0,2025-02-27,0,0.0,0.05,0.07,3,27,0,0,1,7.857142857142857,0.0
7,67,9,True,0,2025-02-27,0,0.0,0.01,0.03,3,27,0,0,1,6.0,0.0
7,68,9,True,0,2025-02-27,0,0.0,0.02,0.04,3,27,0,0,1,6.0,0.0
7,75,9,True,0,2025-02-27,3,0.0,0.03,0.05,3,27,0,0,1,4.285714285714286,0.0
7,162,9,True,0,2025-02-27,0,0.0,0.03,0.06,3,27,0,0,1,4.428571428571429,0.0
7,176,9,True,0,2025-02-27,0,0.0,0.02,0.05,3,27,0,0,1,2.857142857142857,0.0
7,266,9,True,0,2025-02-27,0,0.0,0.03,0.07,3,27,0,0,1,0.42857142857142855,0.0
7,322,9,True,0,2025-02-27,0,0.0,0.05,0.07,3,27,0,0,1,0.42857142857142855,0.0
7,335,9,True,0,2025-02-27,0,0.0,0.02,0.03,3,27,0,0,1,0.42857142857142855,0.0
7,342,9,True,0,2025-02-27,0,2.0,0.02,0.1,3,27,0,0,1,0.42857142857142855,0.0
7,379,9,True,0,2025-02-27,0,0.0,0.06,0.07,3,27,0,0,1,0.42857142857142855,0.0
7,426,9,True,0,2025-02-27,0,0.0,0.05,0.14,3,27,0,0,1,0.0,0.0
7,469,9,True,0,2025-02-27,0,0.0,0.02,0.03,3,27,0,0,1,0.0,0.0
7,487,9,True,0,2025-02-27,0,0.0,0.03,0.06,3,27,0,0,1,0.0,0.0
7,500,9,True,0,2025-02-27,0,0.0,0.01,0.06,3,27,0,0,1,0.0,0.0
7,520,9,True,0,2025-02-27,0,0.0,0.04,0.1,3,27,0,0,1,0.0,0.0
7,546,9,True,0,2025-02-27,1,0.0,0.02,0.05,3,27,0,0,1,0.0,0.0
7,562,9,True,0,2025-02-27,0,0.0,0.03,0.05,3,27,0,0,1,0.14285714285714285,0.0
7,589,9,True,0,2025-02-27,0,0.0,0.03,0.05,3,27,0,0,1,0.14285714285714285,0.0
7,591,9,True,0,2025-02-27,0,0.0,0.04,0.09,3,27,0,0,1,0.14285714285714285,0.0
7,654,9,True,0,2025-02-27,0,0.0,0.03,0.08,3,27,0,0,1,0.14285714285714285,0.0
7,673,9,True,0,2025-02-27,0,0.0,0.02,0.06,3,27,0,0,1,0.14285714285714285,0.0
7,687,9,True,0,2025-02-27,0,0.0,0.04,0.09,3,27,0,0,1,0.14285714285714285,0.0
7,698,9,True,0,2025-02-27,0,0.0,0.04,0.16,3,27,0,0,1,0.14285714285714285,0.0
7,708,9,True,0,2025-02-27,0,0.0,0.04,0.08,3,27,0,0,1,0.0,0.0
7,715,9,True,0,2025-02-27,1,0.0,0.02,0.04,3,27,0,0,1,0.0,0.0
7,738,9,True,0,2025-02-27,1,0.0,0.03,0.11,3,27,0,0,1,0.14285714285714285,0.0
7,856,9,True,0,2025-02-27,1,0.0,0.01,0.02,3,27,0,0,1,0.2857142857142857,0.0
7,884,9,True,0,2025-02-27,0,0.0,0.05,0.07,3,27,0,0,1,0.42857142857142855,0.0
7,893,9,True,0,2025-02-27,0,0.0,0.02,0.05,3,27,0,0,1,0.42857142857142855,0.0
7,908,9,True,0,2025-02-27,0,0.0,0.05,0.09,3,27,0,0,1,0.42857142857142855,0.0
7,920,9,True,0,2025-02-27,0,0.0,0.04,0.05,3,27,0,0,1,0.42857142857142855,0.0
7,942,9,True,0,2025-02-27,2,0.0,0.01,0.05,3,27,0,0,1,0.42857142857142855,0.0
7,955,9,True,0,2025-02-27,0,0.0,0.06,0.08,3,27,0,0,1,0.5714285714285714,0.0
7,957,9,True,0,2025-02-27,0,0.0,0.05,0.15,3,27,0,0,1,0.42857142857142855,0.0
7,977,9,True,0,2025-02-27,0,0.0,0.1,0.16,3,27,0,0,1,0.2857142857142857,0.0
7,1016,9,True,0,2025-02-27,0,0.0,0.02,0.07,3,27,0,0,1,0.2857142857142857,0.0
7,1039,9,True,0,2025-02-27,0,0.0,0.01,0.04,3,27,0,0,1,0.2857142857142857,0.0
7,1050,9,True,0,2025-02-27,0,0.0,0.07,0.19,3,27,0,0,1,0.2857142857142857,0.0
7,1075,9,True,0,2025-02-27,3,0.0,0.03,0.04,3,27,0,0,1,0.2857142857142857,0.0
7,1081,9,True,0,2025-02-27,0,0.0,0.02,0.1,3,27,0,0,1,0.42857142857142855,0.0
7,1157,9,True,0,2025-02-27,0,0.0,0.04,0.1,3,27,0,0,1,0.42857142857142855,0.0
7,1168,9,True,0,2025-02-27,1,1.0,0.09,0.15,3,27,0,0,1,0.42857142857142855,0.0
7,1241,9,True,0,2025-02-27,0,0.0,0.05,0.14,3,27,0,0,1,0.5714285714285714,0.0
7,1243,9,True,0,2025-02-27,0,0.0,0.04,0.08,3,27,0,0,1,0.5714285714285714,0.0
7,1281,9,True,0,2025-02-27,1,0.0,0.02,0.03,3,27,0,0,1,0.5714285714285714,0.0
7,1334,9,True,0,2025-02-27,0,0.0,0.02,0.04,3,27,0,0,1,0.7142857142857143,0.0
7,1364,9,True,0,2025-02-27,0,0.0,0.03,0.11,3,27,0,0,1,0.2857142857142857,0.0
7,1453,9,True,0,2025-02-27,0,0.0,0.04,0.07,3,27,0,0,1,0.2857142857142857,0.0
7,1504,9,True,0,2025-02-27,0,0.0,0.1,0.12,3,27,0,0,1,0.2857142857142857,0.0
7,1615,9,True,0,2025-02-27,0,0.0,0.02,0.04,3,27,0,0,1,0.14285714285714285,0.0
7,1699,9,True,0,2025-02-27,0,0.0,0.04,0.08,3,27,0,0,1,0.14285714285714285,0.0
7,1701,9,True,0,2025-02-27,0,0.0,0.03,0.04,3,27,0,0,1,0.14285714285714285,0.0
7,1713,9,True,0,2025-02-27,0,0.0,0.01,0.02,3,27,0,0,1,0.0,0.0
7,1728,9,True,0,2025-02-27,0,0.0,0.02,0.07,3,27,0,0,1,0.0,0.0
7,1774,9,True,0,2025-02-27,0,0.0,0.04,0.06,3,27,0,0,1,0.0,0.0
7,1872,9,True,0,2025-02-27,0,0.0,0.03,0.1,3,27,0,0,1,0.0,0.0
7,1885,9,True,0,2025-02-27,90,3.0,0.01,0.01,3,27,0,0,1,0.0,0.0
7,1890,9,True,0,2025-02-27,0,0.0,0.02,0.06,3,27,0,0,1,12.857142857142858,0.0
7,2007,9,True,0,2025-02-27,0,0.0,0.02,0.07,3,27,0,0,1,12.857142857142858,0.0
7,2009,9,True,0,2025-02-27,0,0.0,0.01,0.03,3,27,0,0,1,12.857142857142858,0.0
7,2067,9,True,0,2025-02-27,0,0.0,0.04,0.09,3,27,0,0,1,12.857142857142858,0.0
7,2068,9,True,0,2025-02-27,0,0.0,0.02,0.05,3,27,0,0,1,12.857142857142858,0.0
7,2073,9,True,0,2025-02-27,0,0.0,0.01,0.03,3,27,0,0,1,12.857142857142858,0.0
7,2076,9,True,0,2025-02-27,0,0.0,0.04,0.08,3,27,0,0,1,12.857142857142858,0.0
7,2121,9,True,0,2025-02-27,0,0.0,0.02,0.05,3,27,0,0,1,0.0,0.0
7,2138,9,True,0,2025-02-27,0,0.0,0.05,0.09,3,27,0,0,1,0.0,0.0
7,2184,9,True,0,2025-02-27,0,0.0,0.02,0.07,3,27,0,0,1,0.0,0.0
7,2220,9,True,0,2025-02-27,0,0.0,0.01,0.05,3,27,0,0,1,0.0,0.0
7,2225,9,True,0,2025-02-27,0,0.0,0.03,0.09,3,27,0,0,1,0.0,0.0
7,2299,9,True,0,2025-02-27,0,0.0,0.02,0.05,3,27,0,0,1,0.0,0.0
7,2353,9,True,0,2025-02-27,0,0.0,0.01,0.01,3,27,0,0,1,0.0,0.0
7,2356,9,True,0,2025-02-27,0,0.0,0.01,0.01,3,27,0,0,1,0.0,0.0
7,2388,9,True,0,2025-02-27,0,0.0,0.03,0.11,3,27,0,0,1,0.0,0.0
7,2409,9,True,0,2025-02-27,0,0.0,0.05,0.09,3,27,0,0,1,0.0,0.0
7,2427,9,True,0,2025-02-27,1,0.0,0.01,0.03,3,27,0,0,1,0.0,0.0
7,2449,9,True,0,2025-02-27,0,0.0,0.05,0.1,3,27,0,0,1,0.14285714285714285,0.0
7,2493,9,True,0,2025-02-27,0,0.0,0.02,0.04,3,27,0,0,1,0.14285714285714285,0.0
7,2540,9,True,0,2025-02-27,0,0.0,0.05,0.15,3,27,0,0,1,0.14285714285714285,0.0
7,2552,9,True,0,2025-02-27,0,0.0,0.04,0.06,3,27,0,0,1,0.14285714285714285,0.0
7,2597,9,True,0,2025-02-27,0,0.0,0.01,0.03,3,27,0,0,1,0.14285714285714285,0.0
7,2608,9,True,0,2025-02-27,0,0.0,0.04,0.09,3,27,0,0,1,0.14285714285714285,0.0
7,2629,9,True,0,2025-02-27,0,0.0,0.02,0.1,3,27,0,0,1,0.14285714285714285,0.0
7,2633,9,True,0,2025-02-27,0,0.0,0.01,0.01,3,27,0,0,1,0.0,0.0
7,2684,9,True,0,2025-02-27,0,0.0,0.04,0.09,3,27,0,0,1,0.0,0.0
7,2694,9,True,0,2025-02-27,0,0.0,0.04,0.1,3,27,0,0,1,0.0,0.0
7,2724,9,True,0,2025-02-27,0,0.0,0.01,0.04,3,27,0,0,1,0.0,0.0
7,2791,9,True,0,2025-02-27,0,0.0,0.1,0.2,3,27,0,0,1,0.0,0.0
7,2796,9,True,0,2025-02-27,0,0.0,0.03,0.08,3,27,0,0,1,0.0,0.0
7,2828,9,True,0,2025-02-27,4,0.0,0.02,0.05,3,27,0,0,1,0.0,0.0
7,2868,9,True,0,2025-02-27,0,0.0,0.03,0.04,3,27,0,0,1,0.5714285714285714,0.0
7,2869,9,True,0,2025-02-27,0,0.0,0.05,0.09,3,27,0,0,1,0.5714285714285714,0.0
7,2877,9,True,0,2025-02-27,0,0.0,0.1,0.23,3,27,0,0,1,0.5714285714285714,0.0
7,2895,9,True,0,2025-02-27,0,0.0,0.06,0.08,3,27,0,0,1,0.5714285714285714,0.0
7,2896,9,True,0,2025-02-27,0,0.0,0.04,0.07,3,27,0,0,1,0.5714285714285714,0.0
7,2921,9,True,0,2025-02-27,0,0.0,0.07,0.29,3,27,0,0,1,0.5714285714285714,0.0
7,2937,9,True,0,2025-02-27,0,0.0,0.03,0.07,3,27,0,0,1,0.5714285714285714,0.0
7,2945,9,True,0,2025-02-27,0,0.0,0.06,0.09,3,27,0,0,1,0.0,0.0
7,2967,9,True,0,2025-02-27,0,0.0,0.13,0.19,3,27,0,0,1,0.0,0.0
7,2986,9,True,0,2025-02-27,0,0.0,0.03,0.03,3,27,0,0,1,0.0,0.0
7,2998,9,True,0,2025-02-27,0,0.0,0.01,0.05,3,27,0,0,1,0.0,0.0
7,3036,9,True,0,2025-02-27,0,0.0,0.03,0.09,3,27,0,0,1,0.0,0.0
7,3059,9,True,0,2025-02-27,0,0.0,0.06,0.1,3,27,0,0,1,0.0,0.0
7,3160,9,True,0,2025-02-27,0,0.0,0.01,0.02,3,27,0,0,1,0.0,0.0
7,3191,9,True,0,2025-02-27,0,0.0,0.06,0.1,3,27,0,0,1,0.0,0.0
7,3291,9,True,0,2025-02-27,0,0.0,0.05,0.1,3,27,0,0,1,0.0,0.0
7,3332,9,True,0,2025-02-27,0,0.0,0.02,0.09,3,27,0,0,1,0.0,0.0
7,3367,9,True,0,2025-02-27,0,0.0,0.06,0.07,3,27,0,0,1,0.0,0.0
7,3405,9,True,0,2025-02-27,0,0.0,0.01,0.04,3,27,0,0,1,0.0,0.0
7,3412,9,True,0,2025-02-27,0,0.0,0.01,0.02,3,27,0,0,1,0.0,0.0
7,3477,9,True,0,2025-02-27,0,0.0,0.03,0.05,3,27,0,0,1,0.0,0.0
7,3491,9,True,0,2025-02-27,0,0.0,0.03,0.12,3,27,0,0,1,0.0,0.0
7,3503,9,True,0,2025-02-27,0,0.0,0.01,0.04,3,27,0,0,1,0.0,0.0
7,3505,9,True,0,2025-02-27,0,0.0,0.04,0.1,3,27,0,0,1,0.0,0.0
7,3531,9,True,0,2025-02-27,0,0.0,0.02,0.06,3,27,0,0,1,0.0,0.0
7,3584,9,True,0,2025-02-27,0,0.0,0.02,0.09,3,27,0,0,1,0.0,0.0
7,3699,9,True,0,2025-02-27,1,0.0,0.01,0.02,3,27,0,0,1,0.0,0.0
7,3702,9,True,0,2025-02-27,0,0.0,0.02,0.03,3,27,0,0,1,0.14285714285714285,0.0
7,3794,9,True,0,2025-02-27,0,0.0,0.03,0.03,3,27,0,0,1,0.14285714285714285,0.0
7,3836,9,True,0,2025-02-27,0,0.0,0.05,0.1,3,27,0,0,1,0.14285714285714285,0.0
7,3872,9,True,0,2025-02-27,4,0.0,0.04,0.07,3,27,0,0,1,0.14285714285714285,0.0
7,3884,9,True,0,2025-02-27,0,0.0,0.01,0.03,3,27,0,0,1,0.7142857142857143,0.0
7,3962,9,True,0,2025-02-27,0,0.0,0.05,0.15,3,27,0,0,1,0.7142857142857143,0.0
7,3998,9,True,0,2025-02-27,0,0.0,0.04,0.09,3,27,0,0,1,0.7142857142857143,0.0
7,4008,9,True,0,2025-02-27,0,0.0,0.04,0.18,3,27,0,0,1,0.5714285714285714,0.0
7,4056,9,True,0,2025-02-27,0,0.0,0.02,0.05,3,27,0,0,1,0.5714285714285714,0.0
7,4075,9,True,0,2025-02-27,0,0.0,0.06,0.2,3,27,0,0,1,0.5714285714285714,0.0
7,4083,9,True,0,2025-02-27,0,0.0,0.09,0.19,3,27,0,0,1,0.5714285714285714,0.0
7,4232,9,True,0,2025-02-27,0,0.0,0.13,0.18,3,27,0,0,1,0.0,0.0
7,4259,9,True,0,2025-02-27,0,0.0,0.26,0.31,3,27,0,0,1,0.0,0.0
7,4262,9,True,0,2025-02-27,0,0.0,0.02,0.05,3,27,0,0,1,0.0,0.0
7,4279,9,True,0,2025-02-27,0,0.0,0.05,0.1,3,27,0,0,1,0.0,0.0
7,4296,9,True,0,2025-02-27,0,0.0,0.04,0.07,3,27,0,0,1,0.0,0.0
7,4332,9,True,0,2025-02-27,0,0.0,0.04,0.1,3,27,0,0,1,0.0,0.0
7,4353,9,True,0,2025-02-27,0,0.0,0.01,0.07,3,27,0,0,1,0.0,0.0
7,4363,9,True,0,2025-02-27,0,0.0,0.05,0.12,3,27,0,0,1,0.0,0.0
7,4393,9,True,0,2025-02-27,1,0.0,0.11,0.13,3,27,0,0,1,0.0,0.0
7,4406,9,True,0,2025-02-27,0,0.0,0.02,0.07,3,27,0,0,1,0.14285714285714285,0.0
7,4459,9,True,0,2025-02-27,4,0.0,0.02,0.04,3,27,0,0,1,0.14285714285714285,0.0
7,4477,9,True,0,2025-02-27,0,0.0,0.03,0.03,3,27,0,0,1,0.7142857142857143,0.0
7,4532,9,True,0,2025-02-27,0,0.0,0.02,0.04,3,27,0,0,1,0.7142857142857143,0.0
7,4574,9,True,0,2025-02-27,0,0.0,0.01,0.05,3,27,0,0,1,0.7142857142857143,0.0
7,4623,9,True,0,2025-02-27,0,0.0,0.03,0.08,3,27,0,0,1,0.7142857142857143,0.0
7,4677,9,True,0,2025-02-27,0,0.0,0.12,0.24,3,27,0,0,1,0.7142857142857143,0.0
7,4695,9,True,0,2025-02-27,0,0.0,0.04,0.07,3,27,0,0,1,0.5714285714285714,0.0
7,4709,9,True,0,2025-02-27,1,0.0,0.08,0.12,3,27,0,0,1,0.5714285714285714,0.0
7,4728,9,True,0,2025-02-27,0,0.0,0.02,0.02,3,27,0,0,1,0.14285714285714285,0.0
7,4737,9,True,0,2025-02-27,5,0.0,0.01,0.03,3,27,0,0,1,0.14285714285714285,0.0
7,4775,9,True,0,2025-02-27,0,0.0,0.04,0.1,3,27,0,0,1,0.8571428571428571,0.0
7,4784,9,True,0,2025-02-27,0,0.0,0.01,0.03,3,27,0,0,1,0.8571428571428571,0.0
7,4858,9,True,0,2025-02-27,0,0.0,0.15,0.21,3,27,0,0,1,0.8571428571428571,0.0
7,4863,9,True,0,2025-02-27,1,0.0,0.02,0.05,3,27,0,0,1,0.8571428571428571,0.0
7,4927,9,True,0,2025-02-27,0,0.0,0.06,0.1,3,27,0,0,1,1.0,0.0
7,4974,9,True,0,2025-02-27,0,0.0,0.02,0.05,3,27,0,0,1,0.8571428571428571,0.0
7,5011,9,True,0,2025-02-27,0,0.0,0.06,0.11,3,27,0,0,1,0.8571428571428571,0.0
7,5012,9,True,0,2025-02-27,0,0.0,0.01,0.03,3,27,0,0,1,0.14285714285714285,0.0
7,5070,9,True,0,2025-02-27,0,0.0,0.05,0.08,3,27,0,0,1,0.14285714285714285,0.0
7,5226,9,True,0,2025-02-27,0,0.0,0.05,0.1,3,27,0,0,1,0.14285714285714285,0.0
7,5242,9,True,0,2025-02-27,0,0.0,0.04,0.06,3,27,0,0,1,0.14285714285714285,0.0
7,5252,9,True,0,2025-02-27,0,0.0,0.01,0.01,3,27,0,0,1,0.0,0.0
7,15,10,False,0,2025-02-27,10,0.0,0.03,0.13,3,27,0,0,1,0.0,0.0
7,149,10,False,0,2025-02-27,14,0.0,0.02,0.07,3,27,0,0,1,1.4285714285714286,0.0
7,2636,10,False,0,2025-02-27,8,0.0,0.09,0.22,3,27,0,0,1,3.4285714285714284,0.0
7,3122,10,False,0,2025-02-27,13,0.0,0.01,0.04,3,27,0,0,1,4.571428571428571,0.0
7,3904,10,False,0,2025-02-27,22,0.0,0.03,0.09,3,27,0,0,1,6.428571428571429,0.0
7,4959,10,False,0,2025-02-27,23,0.0,0.01,0.02,3,27,0,0,1,9.571428571428571,0.0
7,518,11,False,0,2025-02-27,2,0.0,0.16,0.15,3,27,0,0,1,12.857142857142858,0.0
7,669,11,False,0,2025-02-27,3,0.0,0.07,0.09,3,27,0,0,1,13.142857142857142,0.0
7,926,11,False,0,2025-02-27,3,0.0,0.14,0.18,3,27,0,0,1,12.142857142857142,0.0
7,934,11,False,0,2025-02-27,1,0.0,0.18,0.22,3,27,0,0,1,10.571428571428571,0.0
7,1341,11,False,0,2025-02-27,2,0.0,0.16,0.17,3,27,0,0,1,9.571428571428571,0.0
7,1710,11,False,0,2025-02-27,3,0.0,0.12,0.15,3,27,0,0,1,8.0,0.0
7,1735,11,False,0,2025-02-27,3,0.0,0.1,0.14,3,27,0,0,1,5.285714285714286,0.0
7,1879,11,False,0,2025-02-27,4,0.0,0.1,0.15,3,27,0,0,1,2.4285714285714284,0.0
7,3084,11,False,0,2025-02-27,2,0.0,0.12,0.15,3,27,0,0,1,2.7142857142857144,0.0
7,3602,11,False,0,2025-02-27,3,0.0,0.12,0.15,3,27,0,0,1,2.5714285714285716,0.0
7,3829,11,False,0,2025-02-27,6,0.0,0.1,0.15,3,27,0,0,1,2.5714285714285716,0.0
7,3961,11,False,0,2025-02-27,3,0.0,0.09,0.12,3,27,0,0,1,3.2857142857142856,0.0
7,4171,11,False,0,2025-02-27,3,0.0,0.14,0.2,3,27,0,0,1,3.4285714285714284,0.0
7,4322,11,False,0,2025-02-27,4,0.0,0.1,0.12,3,27,0,0,1,3.4285714285714284,0.0
7,4441,11,False,0,2025-02-27,3,0.0,0.12,0.16,3,27,0,0,1,3.5714285714285716,0.0
7,4930,11,False,0,2025-02-27,4,0.0,0.09,0.12,3,27,0,0,1,3.4285714285714284,0.0
7,27,1,False,0,2025-02-25,2,0.0,0.07,0.08,1,25,0,0,1,3.7142857142857144,0.0
7,982,1,False,0,2025-02-25,2,0.0,0.2,0.23,1,25,0,0,1,3.5714285714285716,0.0
7,1030,1,False,0,2025-02-25,2,0.0,0.29,0.34,1,25,0,0,1,3.0,0.0
7,1304,1,False,0,2025-02-25,2,0.0,0.04,0.05,1,25,0,0,1,2.857142857142857,0.0
7,1590,1,False,0,2025-02-25,4,0.0,0.06,0.07,1,25,0,0,1,2.7142857142857144,0.0
7,1752,1,False,0,2025-02-25,2,0.0,0.16,0.2,1,25,0,0,1,2.7142857142857144,0.0
7,1840,1,False,0,2025-02-25,2,0.0,0.13,0.15,1,25,0,0,1,2.5714285714285716,0.0
7,1853,1,False,0,2025-02-25,0,0.0,0.18,0.19,1,25,0,0,1,2.2857142857142856,0.0
7,1874,1,False,0,2025-02-25,3,0.0,0.03,0.04,1,25,0,0,1,2.0,0.0
7,2850,1,False,0,2025-02-25,0,0.0,0.18,0.2,1,25,0,0,1,2.142857142857143,0.0
7,3058,1,False,0,2025-02-25,3,0.0,0.16,0.22,1,25,0,0,1,1.8571428571428572,0.0
7,3120,1,False,0,2025-02-25,2,1.0,0.16,0.18,1,25,0,0,1,2.0,0.0
7,3326,1,False,0,2025-02-25,5,0.0,0.03,0.04,1,25,0,0,1,1.7142857142857142,0.0
7,3621,1,False,0,2025-02-25,2,0.0,0.03,0.04,1,25,0,0,1,2.142857142857143,0.0
7,3625,1,False,0,2025-02-25,2,0.0,0.16,0.19,1,25,0,0,1,2.142857142857143,0.0
7,4088,1,False,0,2025-02-25,2,0.0,0.33,0.4,1,25,0,0,1,2.4285714285714284,0.0
7,4089,1,False,0,2025-02-25,1,0.0,0.16,0.24,1,25,0,0,1,2.2857142857142856,0.0
7,4206,1,False,0,2025-02-25,1,0.0,0.5,0.66,1,25,0,0,1,2.4285714285714284,0.0
7,4693,1,False,0,2025-02-25,2,0.0,0.09,0.12,1,25,0,0,1,2.142857142857143,0.0
7,5035,1,False,0,2025-02-25,3,0.0,0.13,0.15,1,25,0,0,1,2.142857142857143,0.0
7,9,3,True,0,2025-02-25,0,0.0,0.11,0.16,1,25,0,0,1,1.8571428571428572,0.0
7,42,3,True,0,2025-02-25,7,0.0,0.05,0.06,1,25,0,0,1,1.5714285714285714,0.0
7,54,3,True,0,2025-02-25,0,0.0,0.18,0.2,1,25,0,0,1,2.2857142857142856,0.0
7,63,3,True,0,2025-02-25,0,0.0,0.14,0.17,1,25,0,0,1,2.0,0.0
7,71,3,True,0,2025-02-25,1,0.0,0.03,0.03,1,25,0,0,1,1.8571428571428572,0.0
7,73,3,True,0,2025-02-25,0,0.0,0.15,0.19,1,25,0,0,1,1.8571428571428572,0.0
7,118,3,True,0,2025-02-25,6,1.0,0.05,0.07,1,25,0,0,1,1.5714285714285714,0.0
7,151,3,True,0,2025-02-25,0,0.0,0.21,0.29,1,25,0,0,1,2.0,0.0
7,154,3,True,0,2025-02-25,0,0.0,0.18,0.24,1,25,0,0,1,2.0,0.0
7,156,3,True,0,2025-02-25,0,0.0,0.04,0.05,1,25,0,0,1,1.0,0.0
7,224,3,True,0,2025-02-25,1,0.0,0.06,0.08,1,25,0,0,1,1.0,0.0
7,230,3,True,0,2025-02-25,20,0.0,0.03,0.05,1,25,0,0,1,1.1428571428571428,0.0
7,258,3,True,0,2025-02-25,1,0.0,0.03,0.04,1,25,0,0,1,3.857142857142857,0.0
7,304,3,True,0,2025-02-25,0,0.0,0.1,0.12,1,25,0,0,1,4.0,0.0
7,307,3,True,0,2025-02-25,0,0.0,0.16,0.19,1,25,0,0,1,3.142857142857143,0.0
7,319,3,True,0,2025-02-25,1,0.0,0.35,0.39,1,25,0,0,1,3.142857142857143,0.0
7,323,3,True,0,2025-02-25,1,0.0,0.28,0.32,1,25,0,0,1,3.2857142857142856,0.0
7,347,3,True,0,2025-02-25,0,0.0,0.06,0.07,1,25,0,0,1,3.4285714285714284,0.0
7,377,3,True,0,2025-02-25,0,0.0,0.12,0.16,1,25,0,0,1,3.2857142857142856,0.0
7,384,3,True,0,2025-02-25,0,0.0,0.04,0.06,1,25,0,0,1,0.42857142857142855,0.0
7,396,3,True,0,2025-02-25,0,0.0,0.22,0.26,1,25,0,0,1,0.2857142857142857,0.0
7,400,3,True,0,2025-02-25,0,0.0,0.19,0.21,1,25,0,0,1,0.2857142857142857,0.0
7,409,3,True,0,2025-02-25,0,0.0,0.1,0.13,1,25,0,0,1,0.2857142857142857,0.0
7,414,3,True,0,2025-02-25,0,0.0,0.08,0.1,1,25,0,0,1,0.14285714285714285,0.0
7,424,3,True,0,2025-02-25,0,0.0,0.09,0.11,1,25,0,0,1,0.0,0.0
7,430,3,True,0,2025-02-25,1,2.0,0.13,0.23,1,25,0,0,1,0.0,0.0
7,452,3,True,0,2025-02-25,1,0.0,0.07,0.08,1,25,0,0,1,0.14285714285714285,0.0
7,514,3,True,0,2025-02-25,0,0.0,0.16,0.22,1,25,0,0,1,0.2857142857142857,0.0
7,541,3,True,0,2025-02-25,1,0.0,0.07,0.1,1,25,0,0,1,0.2857142857142857,0.0
7,550,3,True,0,2025-02-25,0,0.0,0.13,0.15,1,25,0,0,1,0.42857142857142855,0.0
7,570,3,True,0,2025-02-25,0,0.0,0.15,0.17,1,25,0,0,1,0.42857142857142855,0.0
7,571,3,True,0,2025-02-25,0,0.0,0.11,0.12,1,25,0,0,1,0.42857142857142855,0.0
7,604,3,True,0,2025-02-25,0,0.0,0.3,0.35,1,25,0,0,1,0.42857142857142855,0.0
7,618,3,True,0,2025-02-25,0,0.0,0.13,0.14,1,25,0,0,1,0.2857142857142857,0.0
7,630,3,True,0,2025-02-25,0,0.0,0.06,0.08,1,25,0,0,1,0.14285714285714285,0.0
7,642,3,True,0,2025-02-25,2,0.0,0.07,0.09,1,25,0,0,1,0.14285714285714285,0.0
7,643,3,True,0,2025-02-25,0,0.0,0.06,0.07,1,25,0,0,1,0.2857142857142857,0.0
7,664,3,True,0,2025-02-25,0,0.0,0.14,0.17,1,25,0,0,1,0.2857142857142857,0.0
7,674,3,True,0,2025-02-25,0,0.0,0.15,0.19,1,25,0,0,1,0.2857142857142857,0.0
7,679,3,True,0,2025-02-25,2,0.0,0.06,0.07,1,25,0,0,1,0.2857142857142857,0.0
7,713,3,True,0,2025-02-25,0,0.0,0.06,0.07,1,25,0,0,1,0.5714285714285714,0.0
7,725,3,True,0,2025-02-25,0,0.0,0.18,0.21,1,25,0,0,1,0.5714285714285714,0.0
7,766,3,True,0,2025-02-25,0,0.0,0.06,0.07,1,25,0,0,1,0.5714285714285714,0.0
7,767,3,True,0,2025-02-25,0,0.0,0.17,0.24,1,25,0,0,1,0.2857142857142857,0.0
7,775,3,True,0,2025-02-25,0,0.0,0.12,0.15,1,25,0,0,1,0.2857142857142857,0.0
7,800,3,True,0,2025-02-25,1,0.0,0.26,0.35,1,25,0,0,1,0.2857142857142857,0.0
7,804,3,True,0,2025-02-25,0,0.0,0.1,0.17,1,25,0,0,1,0.42857142857142855,0.0
7,806,3,True,0,2025-02-25,0,0.0,0.08,0.1,1,25,0,0,1,0.14285714285714285,0.0
7,807,3,True,0,2025-02-25,0,0.0,0.13,0.15,1,25,0,0,1,0.14285714285714285,0.0
7,808,3,True,0,2025-02-25,1,0.0,0.06,0.07,1,25,0,0,1,0.14285714285714285,0.0
7,832,3,True,0,2025-02-25,0,0.0,0.12,0.15,1,25,0,0,1,0.2857142857142857,0.0
7,836,3,True,0,2025-02-25,0,0.0,0.07,0.08,1,25,0,0,1,0.2857142857142857,0.0
7,841,3,True,0,2025-02-25,0,0.0,0.13,0.16,1,25,0,0,1,0.2857142857142857,0.0
7,847,3,True,0,2025-02-25,1,0.0,0.08,0.13,1,25,0,0,1,0.14285714285714285,0.0
7,850,3,True,0,2025-02-25,0,0.0,0.49,0.51,1,25,0,0,1,0.2857142857142857,0.0
7,874,3,True,0,2025-02-25,2,0.0,0.03,0.04,1,25,0,0,1,0.2857142857142857,0.0
7,897,3,True,0,2025-02-25,0,0.0,0.05,0.06,1,25,0,0,1,0.5714285714285714,0.0
7,903,3,True,0,2025-02-25,1,0.0,0.05,0.08,1,25,0,0,1,0.42857142857142855,0.0
7,905,3,True,0,2025-02-25,0,0.0,0.12,0.17,1,25,0,0,1,0.5714285714285714,0.0
7,921,3,True,0,2025-02-25,0,0.0,0.09,0.12,1,25,0,0,1,0.5714285714285714,0.0
7,922,3,True,0,2025-02-25,0,0.0,0.07,0.1,1,25,0,0,1,0.5714285714285714,0.0
7,937,3,True,0,2025-02-25,14,0.0,0.03,0.05,1,25,0,0,1,0.42857142857142855,0.0
7,940,3,True,0,2025-02-25,0,0.0,0.2,0.23,1,25,0,0,1,2.4285714285714284,0.0
7,965,3,True,0,2025-02-25,2,0.0,0.36,0.43,1,25,0,0,1,2.142857142857143,0.0
7,971,3,True,0,2025-02-25,5,0.0,0.08,0.1,1,25,0,0,1,2.4285714285714284,0.0
7,978,3,True,0,2025-02-25,0,0.0,0.11,0.16,1,25,0,0,1,3.0,0.0
7,983,3,True,0,2025-02-25,0,0.0,0.11,0.13,1,25,0,0,1,3.0,0.0
7,1005,3,True,0,2025-02-25,2,0.0,0.07,0.09,1,25,0,0,1,3.0,0.0
7,1006,3,True,0,2025-02-25,0,0.0,0.03,0.04,1,25,0,0,1,3.2857142857142856,0.0
7,1022,3,True,0,2025-02-25,1,0.0,0.09,0.11,1,25,0,0,1,1.2857142857142858,0.0
7,1046,3,True,0,2025-02-25,0,0.0,0.06,0.1,1,25,0,0,1,1.4285714285714286,0.0
7,1074,3,True,0,2025-02-25,2,0.0,0.11,0.13,1,25,0,0,1,1.1428571428571428,0.0
7,1080,3,True,0,2025-02-25,0,0.0,0.15,0.17,1,25,0,0,1,0.7142857142857143,0.0
7,1089,3,True,0,2025-02-25,0,0.0,0.11,0.14,1,25,0,0,1,0.7142857142857143,0.0
7,1094,3,True,0,2025-02-25,1,0.0,0.18,0.19,1,25,0,0,1,0.7142857142857143,0.0
7,1106,3,True,0,2025-02-25,6,0.0,0.08,0.12,1,25,0,0,1,0.5714285714285714,0.0
7,1141,3,True,0,2025-02-25,1,0.0,0.09,0.14,1,25,0,0,1,1.4285714285714286,0.0
7,1142,3,True,0,2025-02-25,0,0.0,0.28,0.26,1,25,0,0,1,1.4285714285714286,0.0
7,1150,3,True,0,2025-02-25,0,0.0,0.04,0.05,1,25,0,0,1,1.4285714285714286,0.0
7,1153,3,True,0,2025-02-25,0,0.0,0.07,0.08,1,25,0,0,1,1.1428571428571428,0.0
7,1173,3,True,0,2025-02-25,0,0.0,0.05,0.05,1,25,0,0,1,1.1428571428571428,0.0
7,1208,3,True,0,2025-02-25,1,0.0,0.1,0.12,1,25,0,0,1,1.1428571428571428,0.0
7,1246,3,True,0,2025-02-25,0,0.0,0.04,0.07,1,25,0,0,1,1.1428571428571428,0.0
7,1254,3,True,0,2025-02-25,0,0.0,0.23,0.29,1,25,0,0,1,0.2857142857142857,0.0
7,1280,3,True,0,2025-02-25,0,0.0,0.14,0.1,1,25,0,0,1,0.14285714285714285,0.0
7,1315,3,True,0,2025-02-25,0,0.0,0.14,0.19,1,25,0,0,1,0.14285714285714285,0.0
7,1322,3,True,0,2025-02-25,0,0.0,0.25,0.35,1,25,0,0,1,0.14285714285714285,0.0
7,1337,3,True,0,2025-02-25,0,0.0,0.04,0.05,1,25,0,0,1,0.14285714285714285,0.0
7,1348,3,True,0,2025-02-25,0,0.0,0.14,0.19,1,25,0,0,1,0.14285714285714285,0.0
7,1353,3,True,0,2025-02-25,2,0.0,0.12,0.15,1,25,0,0,1,0.0,0.0
7,1387,3,True,0,2025-02-25,0,0.0,0.04,0.05,1,25,0,0,1,0.2857142857142857,0.0
7,1413,3,True,0,2025-02-25,0,0.0,0.51,0.6,1,25,0,0,1,0.2857142857142857,0.0
7,1446,3,True,0,2025-02-25,13,2.0,0.01,0.01,1,25,0,0,1,0.2857142857142857,0.0
7,1450,3,True,0,2025-02-25,1,0.0,0.05,0.07,1,25,0,0,1,2.142857142857143,0.0
7,1458,3,True,0,2025-02-25,2,0.0,0.05,0.06,1,25,0,0,1,2.2857142857142856,0.0
7,1460,3,True,0,2025-02-25,7,0.0,0.05,0.08,1,25,0,0,1,2.5714285714285716,0.0
7,1486,3,True,0,2025-02-25,0,0.0,0.07,0.1,1,25,0,0,1,3.5714285714285716,0.0
7,1514,3,True,0,2025-02-25,0,0.0,0.19,0.24,1,25,0,0,1,3.2857142857142856,0.0
7,1518,3,True,0,2025-02-25,0,0.0,0.17,0.23,1,25,0,0,1,3.2857142857142856,0.0
7,1520,3,True,0,2025-02-25,1,0.0,0.05,0.07,1,25,0,0,1,3.2857142857142856,0.0
7,1577,3,True,0,2025-02-25,1,0.0,0.07,0.09,1,25,0,0,1,1.5714285714285714,0.0
7,1604,3,True,0,2025-02-25,1,0.0,0.36,0.49,1,25,0,0,1,1.5714285714285714,0.0
7,1651,3,True,0,2025-02-25,2,0.0,0.22,0.25,1,25,0,0,1,1.4285714285714286,0.0
7,1660,3,True,0,2025-02-25,0,0.0,0.1,0.13,1,25,0,0,1,0.7142857142857143,0.0
7,1667,3,True,0,2025-02-25,0,0.0,0.07,0.08,1,25,0,0,1,0.7142857142857143,0.0
7,1689,3,True,0,2025-02-25,2,0.0,0.05,0.06,1,25,0,0,1,0.7142857142857143,0.0
7,1691,3,True,0,2025-02-25,2,0.0,0.03,0.05,1,25,0,0,1,1.0,0.0
7,1717,3,True,0,2025-02-25,0,0.0,0.27,0.31,1,25,0,0,1,1.1428571428571428,0.0
7,1736,3,True,0,2025-02-25,0,0.0,0.06,0.09,1,25,0,0,1,1.0,0.0
7,1781,3,True,0,2025-02-25,0,0.0,0.04,0.05,1,25,0,0,1,0.8571428571428571,0.0
7,1791,3,True,0,2025-02-25,0,0.0,0.3,0.44,1,25,0,0,1,0.5714285714285714,0.0
7,1798,3,True,0,2025-02-25,12,0.0,0.22,0.24,1,25,0,0,1,0.5714285714285714,0.0
7,1800,3,True,0,2025-02-25,1,0.0,0.24,0.36,1,25,0,0,1,2.2857142857142856,0.0
7,1803,3,True,0,2025-02-25,1,0.0,0.07,0.11,1,25,0,0,1,2.142857142857143,0.0
7,1804,3,True,0,2025-02-25,1,0.0,0.09,0.12,1,25,0,0,1,2.0,0.0
7,1843,3,True,0,2025-02-25,2,0.0,0.04,0.05,1,25,0,0,1,2.142857142857143,0.0
7,1852,3,True,0,2025-02-25,0,0.0,0.05,0.07,1,25,0,0,1,2.4285714285714284,0.0
7,1871,3,True,0,2025-02-25,0,0.0,0.17,0.23,1,25,0,0,1,2.4285714285714284,0.0
7,1876,3,True,0,2025-02-25,2,0.0,0.07,0.09,1,25,0,0,1,2.4285714285714284,0.0
7,1881,3,True,0,2025-02-25,1,0.0,0.18,0.26,1,25,0,0,1,1.0,0.0
7,1903,3,True,0,2025-02-25,0,0.0,0.05,0.06,1,25,0,0,1,1.0,0.0
7,1908,3,True,0,2025-02-25,1,0.0,0.03,0.05,1,25,0,0,1,0.8571428571428571,0.0
7,1918,3,True,0,2025-02-25,2,0.0,0.03,0.04,1,25,0,0,1,0.8571428571428571,0.0
7,1932,3,True,0,2025-02-25,0,0.0,0.1,0.11,1,25,0,0,1,0.8571428571428571,0.0
7,1936,3,True,0,2025-02-25,1,1.0,0.43,0.53,1,25,0,0,1,0.8571428571428571,0.0
7,1947,3,True,0,2025-02-25,6,0.0,0.09,0.11,1,25,0,0,1,1.0,0.0
7,1962,3,True,0,2025-02-25,0,0.0,0.06,0.09,1,25,0,0,1,1.5714285714285714,0.0
7,1965,3,True,0,2025-02-25,0,0.0,0.24,0.29,1,25,0,0,1,1.4285714285714286,0.0
7,1992,3,True,0,2025-02-25,0,0.0,0.08,0.11,1,25,0,0,1,1.4285714285714286,0.0
7,1994,3,True,0,2025-02-25,0,0.0,0.03,0.03,1,25,0,0,1,1.2857142857142858,0.0
7,2017,3,True,0,2025-02-25,1,0.0,0.11,0.21,1,25,0,0,1,1.0,0.0
7,2019,3,True,0,2025-02-25,0,0.0,0.15,0.18,1,25,0,0,1,1.1428571428571428,0.0
7,2041,3,True,0,2025-02-25,0,0.0,0.06,0.08,1,25,0,0,1,1.0,0.0
7,2043,3,True,0,2025-02-25,0,0.0,0.06,0.09,1,25,0,0,1,0.14285714285714285,0.0
7,2047,3,True,0,2025-02-25,0,0.0,0.12,0.16,1,25,0,0,1,0.14285714285714285,0.0
7,2055,3,True,0,2025-02-25,2,0.0,0.1,0.15,1,25,0,0,1,0.14285714285714285,0.0
7,2084,3,True,0,2025-02-25,1,0.0,0.05,0.07,1,25,0,0,1,0.42857142857142855,0.0
7,2111,3,True,0,2025-02-25,0,0.0,0.29,0.35,1,25,0,0,1,0.5714285714285714,0.0
7,2114,3,True,0,2025-02-25,0,0.0,0.06,0.08,1,25,0,0,1,0.42857142857142855,0.0
7,2115,3,True,0,2025-02-25,0,0.0,0.49,0.72,1,25,0,0,1,0.42857142857142855,0.0
7,2117,3,True,0,2025-02-25,0,0.0,0.14,0.15,1,25,0,0,1,0.42857142857142855,0.0
7,2136,3,True,0,2025-02-25,0,0.0,0.28,0.31,1,25,0,0,1,0.42857142857142855,0.0
7,2146,3,True,0,2025-02-25,0,0.0,0.2,0.25,1,25,0,0,1,0.42857142857142855,0.0
7,2173,3,True,0,2025-02-25,0,0.0,0.03,0.05,1,25,0,0,1,0.14285714285714285,0.0
7,2186,3,True,0,2025-02-25,0,0.0,0.25,0.34,1,25,0,0,1,0.0,0.0
7,2192,3,True,0,2025-02-25,0,2.0,0.07,0.09,1,25,0,0,1,0.0,0.0
7,2201,3,True,0,2025-02-25,0,0.0,0.12,0.16,1,25,0,0,1,0.0,0.0
7,2203,3,True,0,2025-02-25,0,0.0,0.15,0.2,1,25,0,0,1,0.0,0.0
7,2206,3,True,0,2025-02-25,97,0.0,0.02,0.03,1,25,0,0,1,0.0,0.0
7,2228,3,True,0,2025-02-25,0,0.0,0.16,0.19,1,25,0,0,1,13.857142857142858,0.0
7,2245,3,True,0,2025-02-25,0,0.0,0.2,0.26,1,25,0,0,1,13.857142857142858,0.0
7,2249,3,True,0,2025-02-25,0,0.0,0.06,0.07,1,25,0,0,1,13.857142857142858,0.0
7,2265,3,True,0,2025-02-25,1,0.0,0.03,0.04,1,25,0,0,1,13.857142857142858,0.0
7,2268,3,True,0,2025-02-25,0,0.0,0.14,0.2,1,25,0,0,1,14.0,0.0
7,2282,3,True,0,2025-02-25,0,0.0,0.08,0.11,1,25,0,0,1,14.0,0.0
7,2289,3,True,0,2025-02-25,15,0.0,0.08,0.11,1,25,0,0,1,14.0,0.0
7,2300,3,True,0,2025-02-25,0,0.0,0.23,0.28,1,25,0,0,1,2.2857142857142856,0.0
7,2314,3,True,0,2025-02-25,0,0.0,0.06,0.08,1,25,0,0,1,2.2857142857142856,0.0
7,2316,3,True,0,2025-02-25,0,0.0,0.08,0.1,1,25,0,0,1,2.2857142857142856,0.0
7,2347,3,True,0,2025-02-25,0,0.0,0.16,0.19,1,25,0,0,1,2.2857142857142856,0.0
7,2350,3,True,0,2025-02-25,0,0.0,0.04,0.06,1,25,0,0,1,2.142857142857143,0.0
7,2385,3,True,0,2025-02-25,0,0.0,0.02,0.03,1,25,0,0,1,2.142857142857143,0.0
7,2387,3,True,0,2025-02-25,0,0.0,0.1,0.14,1,25,0,0,1,2.142857142857143,0.0
7,2394,3,True,0,2025-02-25,0,0.0,0.12,0.16,1,25,0,0,1,0.0,0.0
7,2402,3,True,0,2025-02-25,0,0.0,0.07,0.1,1,25,0,0,1,0.0,0.0
7,2406,3,True,0,2025-02-25,0,0.0,0.29,0.32,1,25,0,0,1,0.0,0.0
7,2411,3,True,0,2025-02-25,3,0.0,0.16,0.2,1,25,0,0,1,0.0,0.0
7,2422,3,True,0,2025-02-25,0,0.0,0.27,0.32,1,25,0,0,1,0.42857142857142855,0.0
7,2426,3,True,0,2025-02-25,0,0.0,0.15,0.14,1,25,0,0,1,0.42857142857142855,0.0
7,2472,3,True,0,2025-02-25,0,0.0,0.09,0.13,1,25,0,0,1,0.42857142857142855,0.0
7,2496,3,True,0,2025-02-25,0,0.0,0.22,0.27,1,25,0,0,1,0.42857142857142855,0.0
7,2501,3,True,0,2025-02-25,0,0.0,0.09,0.11,1,25,0,0,1,0.42857142857142855,0.0
7,2505,3,True,0,2025-02-25,0,0.0,0.09,0.1,1,25,0,0,1,0.42857142857142855,0.0
7,2521,3,True,0,2025-02-25,0,0.0,0.43,0.53,1,25,0,0,1,0.42857142857142855,0.0
7,2524,3,True,0,2025-02-25,2,0.0,0.29,0.38,1,25,0,0,1,0.0,0.0
7,2532,3,True,0,2025-02-25,1,0.0,0.12,0.11,1,25,0,0,1,0.2857142857142857,0.0
7,2533,3,True,0,2025-02-25,0,0.0,0.34,0.38,1,25,0,0,1,0.42857142857142855,0.0
7,2555,3,True,0,2025-02-25,0,0.0,0.03,0.04,1,25,0,0,1,0.42857142857142855,0.0
7,2572,3,True,0,2025-02-25,0,0.0,0.34,0.4,1,25,0,0,1,0.42857142857142855,0.0
7,2573,3,True,0,2025-02-25,0,0.0,0.23,0.31,1,25,0,0,1,0.42857142857142855,0.0
7,2575,3,True,0,2025-02-25,0,0.0,0.02,0.03,1,25,0,0,1,0.42857142857142855,0.0
7,2578,3,True,0,2025-02-25,0,0.0,0.04,0.06,1,25,0,0,1,0.42857142857142855,0.0
7,2593,3,True,0,2025-02-25,2,0.0,0.01,0.02,1,25,0,0,1,0.14285714285714285,0.0
7,2594,3,True,0,2025-02-25,0,0.0,0.24,0.31,1,25,0,0,1,0.2857142857142857,0.0
7,2596,3,True,0,2025-02-25,2,0.0,0.22,0.19,1,25,0,0,1,0.2857142857142857,0.0
7,2626,3,True,0,2025-02-25,1,0.0,0.25,0.32,1,25,0,0,1,0.5714285714285714,0.0
7,2637,3,True,0,2025-02-25,1,1.0,0.15,0.19,1,25,0,0,1,0.7142857142857143,0.0
7,2650,3,True,0,2025-02-25,0,0.0,0.07,0.09,1,25,0,0,1,0.8571428571428571,0.0
7,2663,3,True,0,2025-02-25,0,0.0,0.54,0.67,1,25,0,0,1,0.8571428571428571,0.0
7,2664,3,True,0,2025-02-25,0,0.0,0.19,0.22,1,25,0,0,1,0.8571428571428571,0.0
7,2668,3,True,0,2025-02-25,0,0.0,0.22,0.27,1,25,0,0,1,0.5714285714285714,0.0
7,2710,3,True,0,2025-02-25,1,0.0,0.06,0.1,1,25,0,0,1,0.5714285714285714,0.0
7,2715,3,True,0,2025-02-25,0,0.0,0.04,0.05,1,25,0,0,1,0.42857142857142855,0.0
7,2741,3,True,0,2025-02-25,0,0.0,0.17,0.21,1,25,0,0,1,0.2857142857142857,0.0
7,2746,3,True,0,2025-02-25,0,0.0,0.15,0.19,1,25,0,0,1,0.14285714285714285,0.0
7,2768,3,True,0,2025-02-25,1,0.0,0.08,0.12,1,25,0,0,1,0.14285714285714285,0.0
7,2814,3,True,0,2025-02-25,0,0.0,0.1,0.14,1,25,0,0,1,0.2857142857142857,0.0
7,2826,3,True,0,2025-02-25,4,0.0,0.06,0.11,1,25,0,0,1,0.2857142857142857,0.0
7,2827,3,True,0,2025-02-25,0,0.0,0.34,0.41,1,25,0,0,1,0.8571428571428571,0.0
7,2861,3,True,0,2025-02-25,1,0.0,0.09,0.12,1,25,0,0,1,0.7142857142857143,0.0
7,2862,3,True,0,2025-02-25,0,0.0,0.32,0.48,1,25,0,0,1,0.8571428571428571,0.0
7,2864,3,True,0,2025-02-25,0,0.0,0.06,0.07,1,25,0,0,1,0.8571428571428571,0.0
7,2866,3,True,0,2025-02-25,0,0.0,0.25,0.34,1,25,0,0,1,0.8571428571428571,0.0
7,2902,3,True,0,2025-02-25,2,0.0,0.04,0.06,1,25,0,0,1,0.7142857142857143,0.0
7,2910,3,True,0,2025-02-25,0,0.0,0.25,0.29,1,25,0,0,1,1.0,0.0
7,2911,3,True,0,2025-02-25,0,0.0,0.27,0.33,1,25,0,0,1,0.42857142857142855,0.0
7,2951,3,True,0,2025-02-25,0,0.0,0.07,0.09,1,25,0,0,1,0.42857142857142855,0.0
7,2954,3,True,0,2025-02-25,0,0.0,0.05,0.06,1,25,0,0,1,0.2857142857142857,0.0
7,2958,3,True,0,2025-02-25,1,0.0,0.04,0.06,1,25,0,0,1,0.2857142857142857,0.0
7,2974,3,True,0,2025-02-25,0,0.0,0.12,0.15,1,25,0,0,1,0.42857142857142855,0.0
7,2975,3,True,0,2025-02-25,0,0.0,0.14,0.19,1,25,0,0,1,0.42857142857142855,0.0
7,2980,3,True,0,2025-02-25,0,0.0,0.06,0.07,1,25,0,0,1,0.14285714285714285,0.0
7,3022,3,True,0,2025-02-25,0,0.0,0.2,0.24,1,25,0,0,1,0.14285714285714285,0.0
7,3052,3,True,0,2025-02-25,0,0.0,0.16,0.22,1,25,0,0,1,0.14285714285714285,0.0
7,3061,3,True,0,2025-02-25,1,0.0,0.03,0.05,1,25,0,0,1,0.14285714285714285,0.0
7,3069,3,True,0,2025-02-25,0,0.0,0.14,0.2,1,25,0,0,1,0.2857142857142857,0.0
7,3074,3,True,0,2025-02-25,0,0.0,0.12,0.17,1,25,0,0,1,0.14285714285714285,0.0
7,3077,3,True,0,2025-02-25,0,0.0,0.44,0.67,1,25,0,0,1,0.14285714285714285,0.0
7,3079,3,True,0,2025-02-25,1,0.0,0.1,0.12,1,25,0,0,1,0.14285714285714285,0.0
7,3083,3,True,0,2025-02-25,0,0.0,0.06,0.06,1,25,0,0,1,0.2857142857142857,0.0
7,3104,3,True,0,2025-02-25,0,0.0,0.24,0.28,1,25,0,0,1,0.2857142857142857,0.0
7,3116,3,True,0,2025-02-25,0,0.0,0.09,0.12,1,25,0,0,1,0.2857142857142857,0.0
7,3117,3,True,0,2025-02-25,4,0.0,0.05,0.08,1,25,0,0,1,0.14285714285714285,0.0
7,3119,3,True,0,2025-02-25,0,0.0,0.09,0.11,1,25,0,0,1,0.7142857142857143,0.0
7,3165,3,True,0,2025-02-25,0,0.0,0.07,0.1,1,25,0,0,1,0.7142857142857143,0.0
7,3208,3,True,0,2025-02-25,0,0.0,0.07,0.11,1,25,0,0,1,0.7142857142857143,0.0
7,3212,3,True,0,2025-02-25,0,0.0,0.08,0.11,1,25,0,0,1,0.5714285714285714,0.0
7,3219,3,True,0,2025-02-25,0,0.0,0.08,0.1,1,25,0,0,1,0.5714285714285714,0.0
7,3234,3,True,0,2025-02-25,0,0.0,0.13,0.16,1,25,0,0,1,0.5714285714285714,0.0
7,3242,3,True,0,2025-02-25,4,0.0,0.05,0.07,1,25,0,0,1,0.5714285714285714,0.0
7,3263,3,True,0,2025-02-25,0,0.0,0.3,0.34,1,25,0,0,1,0.5714285714285714,0.0
7,3266,3,True,0,2025-02-25,1,0.0,0.08,0.12,1,25,0,0,1,0.5714285714285714,0.0
7,3276,3,True,0,2025-02-25,0,0.0,0.1,0.12,1,25,0,0,1,0.7142857142857143,0.0
7,3286,3,True,0,2025-02-25,0,0.0,0.22,0.28,1,25,0,0,1,0.7142857142857143,0.0
7,3347,3,True,0,2025-02-25,2,0.0,0.1,0.12,1,25,0,0,1,0.7142857142857143,0.0
7,3358,3,True,0,2025-02-25,2,0.0,0.17,0.29,1,25,0,0,1,1.0,0.0
7,3363,3,True,0,2025-02-25,1,0.0,0.18,0.23,1,25,0,0,1,1.2857142857142858,0.0
7,3369,3,True,0,2025-02-25,0,0.0,0.06,0.1,1,25,0,0,1,0.8571428571428571,0.0
7,3393,3,True,0,2025-02-25,0,0.0,0.07,0.09,1,25,0,0,1,0.8571428571428571,0.0
7,3452,3,True,0,2025-02-25,1,0.0,0.14,0.16,1,25,0,0,1,0.7142857142857143,0.0
7,3495,3,True,0,2025-02-25,1,0.0,0.08,0.11,1,25,0,0,1,0.8571428571428571,0.0
7,3502,3,True,0,2025-02-25,0,0.0,0.08,0.1,1,25,0,0,1,1.0,0.0
7,3523,3,True,0,2025-02-25,0,0.0,0.17,0.22,1,25,0,0,1,0.7142857142857143,0.0
7,3527,3,True,0,2025-02-25,0,0.0,0.15,0.2,1,25,0,0,1,0.42857142857142855,0.0
7,3538,3,True,0,2025-02-25,0,0.0,0.02,0.05,1,25,0,0,1,0.2857142857142857,0.0
7,3546,3,True,0,2025-02-25,1,0.0,0.12,0.17,1,25,0,0,1,0.2857142857142857,0.0
7,3549,3,True,0,2025-02-25,0,0.0,0.15,0.18,1,25,0,0,1,0.42857142857142855,0.0
7,3560,3,True,0,2025-02-25,0,0.0,0.2,0.23,1,25,0,0,1,0.2857142857142857,0.0
7,3589,3,True,0,2025-02-25,0,0.0,0.09,0.12,1,25,0,0,1,0.14285714285714285,0.0
7,3609,3,True,0,2025-02-25,0,0.0,0.04,0.05,1,25,0,0,1,0.14285714285714285,0.0
7,3641,3,True,0,2025-02-25,3,0.0,0.07,0.1,1,25,0,0,1,0.14285714285714285,0.0
7,3642,3,True,0,2025-02-25,0,0.0,0.42,0.55,1,25,0,0,1,0.5714285714285714,0.0
7,3653,3,True,0,2025-02-25,0,0.0,0.25,0.32,1,25,0,0,1,0.5714285714285714,0.0
7,3701,3,True,0,2025-02-25,0,0.0,0.23,0.25,1,25,0,0,1,0.42857142857142855,0.0
7,3708,3,True,0,2025-02-25,0,0.0,0.02,0.03,1,25,0,0,1,0.42857142857142855,0.0
7,3726,3,True,0,2025-02-25,0,0.0,0.1,0.13,1,25,0,0,1,0.42857142857142855,0.0
7,3746,3,True,0,2025-02-25,2,0.0,0.06,0.07,1,25,0,0,1,0.42857142857142855,0.0
7,3749,3,True,0,2025-02-25,0,0.0,0.08,0.11,1,25,0,0,1,0.7142857142857143,0.0
7,3769,3,True,0,2025-02-25,0,0.0,0.27,0.29,1,25,0,0,1,0.2857142857142857,0.0
7,3798,3,True,0,2025-02-25,0,0.0,0.04,0.05,1,25,0,0,1,0.2857142857142857,0.0
7,3803,3,True,0,2025-02-25,0,0.0,0.14,0.17,1,25,0,0,1,0.2857142857142857,0.0
7,3834,3,True,0,2025-02-25,1,0.0,0.04,0.06,1,25,0,0,1,0.2857142857142857,0.0
7,3839,3,True,0,2025-02-25,1,0.0,0.05,0.08,1,25,0,0,1,0.42857142857142855,0.0
7,3852,3,True,0,2025-02-25,0,0.0,0.24,0.27,1,25,0,0,1,0.5714285714285714,0.0
7,3864,3,True,0,2025-02-25,0,0.0,0.05,0.07,1,25,0,0,1,0.2857142857142857,0.0
7,3877,3,True,0,2025-02-25,0,0.0,0.01,0.02,1,25,0,0,1,0.2857142857142857,0.0
7,3891,3,True,0,2025-02-25,2,0.0,0.17,0.22,1,25,0,0,1,0.2857142857142857,0.0
7,3893,3,True,0,2025-02-25,0,0.0,0.08,0.1,1,25,0,0,1,0.5714285714285714,0.0
7,3909,3,True,0,2025-02-25,6,0.0,0.08,0.1,1,25,0,0,1,0.5714285714285714,0.0
7,3911,3,True,0,2025-02-25,0,0.0,0.08,0.1,1,25,0,0,1,1.2857142857142858,0.0
7,3915,3,True,0,2025-02-25,0,0.0,0.1,0.13,1,25,0,0,1,1.1428571428571428,0.0
7,3922,3,True,0,2025-02-25,1,0.0,0.03,0.04,1,25,0,0,1,1.1428571428571428,0.0
7,3934,3,True,0,2025-02-25,0,0.0,0.38,0.44,1,25,0,0,1,1.2857142857142858,0.0
7,3951,3,True,0,2025-02-25,0,0.0,0.39,0.62,1,25,0,0,1,1.2857142857142858,0.0
7,3982,3,True,0,2025-02-25,0,0.0,0.17,0.2,1,25,0,0,1,1.0,0.0
7,4002,3,True,0,2025-02-25,1,0.0,0.05,0.06,1,25,0,0,1,1.0,0.0
7,4011,3,True,0,2025-02-25,1,0.0,0.07,0.11,1,25,0,0,1,0.2857142857142857,0.0
7,4033,3,True,0,2025-02-25,0,0.0,0.11,0.15,1,25,0,0,1,0.42857142857142855,0.0
7,4041,3,True,0,2025-02-25,3,0.0,0.04,0.06,1,25,0,0,1,0.42857142857142855,0.0
7,4062,3,True,0,2025-02-25,10,0.0,0.12,0.15,1,25,0,0,1,0.7142857142857143,0.0
7,4097,3,True,0,2025-02-25,0,0.0,0.03,0.04,1,25,0,0,1,2.142857142857143,0.0
7,4119,3,True,0,2025-02-25,1,0.0,0.16,0.19,1,25,0,0,1,2.142857142857143,0.0
7,4120,3,True,0,2025-02-25,2,0.0,0.16,0.19,1,25,0,0,1,2.2857142857142856,0.0
7,4167,3,True,0,2025-02-25,0,0.0,0.32,0.44,1,25,0,0,1,2.4285714285714284,0.0
7,4179,3,True,0,2025-02-25,1,0.0,0.12,0.16,1,25,0,0,1,2.2857142857142856,0.0
7,4191,3,True,0,2025-02-25,1,0.0,0.12,0.17,1,25,0,0,1,2.4285714285714284,0.0
7,4192,3,True,0,2025-02-25,0,0.0,0.18,0.18,1,25,0,0,1,2.142857142857143,0.0
7,4203,3,True,0,2025-02-25,7,0.0,0.04,0.06,1,25,0,0,1,0.7142857142857143,0.0
7,4207,3,True,0,2025-02-25,2,0.0,0.11,0.15,1,25,0,0,1,1.7142857142857142,0.0
7,4210,3,True,0,2025-02-25,0,0.0,0.28,0.3,1,25,0,0,1,1.8571428571428572,0.0
7,4230,3,True,0,2025-02-25,0,0.0,0.13,0.17,1,25,0,0,1,1.5714285714285714,0.0
7,4239,3,True,0,2025-02-25,0,0.0,0.05,0.1,1,25,0,0,1,1.5714285714285714,0.0
7,4242,3,True,0,2025-02-25,0,0.0,0.32,0.37,1,25,0,0,1,1.4285714285714286,0.0
7,4246,3,True,0,2025-02-25,2,0.0,0.26,0.33,1,25,0,0,1,1.2857142857142858,0.0
7,4248,3,True,0,2025-02-25,0,0.0,0.24,0.29,1,25,0,0,1,1.5714285714285714,0.0
7,4260,3,True,0,2025-02-25,0,0.0,0.06,0.06,1,25,0,0,1,0.5714285714285714,0.0
7,4269,3,True,0,2025-02-25,0,0.0,0.08,0.1,1,25,0,0,1,0.2857142857142857,0.0
7,4277,3,True,0,2025-02-25,0,0.0,0.04,0.05,1,25,0,0,1,0.2857142857142857,0.0
7,4302,3,True,0,2025-02-25,2,0.0,0.57,0.6,1,25,0,0,1,0.2857142857142857,0.0
7,4315,3,True,0,2025-02-25,0,0.0,0.12,0.16,1,25,0,0,1,0.5714285714285714,0.0
7,4339,3,True,0,2025-02-25,3,0.0,0.23,0.27,1,25,0,0,1,0.5714285714285714,0.0
7,4357,3,True,0,2025-02-25,1,0.0,0.07,0.1,1,25,0,0,1,0.7142857142857143,0.0
7,4369,3,True,0,2025-02-25,10,0.0,0.38,0.46,1,25,0,0,1,0.8571428571428571,0.0
7,4381,3,True,0,2025-02-25,0,0.0,0.14,0.18,1,25,0,0,1,2.2857142857142856,0.0
7,4397,3,True,0,2025-02-25,0,0.0,0.09,0.15,1,25,0,0,1,2.2857142857142856,0.0
7,4409,3,True,0,2025-02-25,0,0.0,0.09,0.11,1,25,0,0,1,2.2857142857142856,0.0
7,4469,3,True,0,2025-02-25,1,0.0,0.25,0.34,1,25,0,0,1,2.0,0.0
7,4475,3,True,0,2025-02-25,0,0.0,0.06,0.1,1,25,0,0,1,2.142857142857143,0.0
7,4517,3,True,0,2025-02-25,0,0.0,0.29,0.37,1,25,0,0,1,1.7142857142857142,0.0
7,4521,3,True,0,2025-02-25,0,0.0,0.22,0.28,1,25,0,0,1,1.5714285714285714,0.0
7,4524,3,True,0,2025-02-25,1,0.0,0.17,0.2,1,25,0,0,1,0.14285714285714285,0.0
7,4527,3,True,0,2025-02-25,0,0.0,0.1,0.12,1,25,0,0,1,0.2857142857142857,0.0
7,4539,3,True,0,2025-02-25,31,0.0,0.01,0.01,1,25,0,0,1,0.2857142857142857,0.0
7,4540,3,True,0,2025-02-25,0,0.0,0.04,0.06,1,25,0,0,1,4.714285714285714,0.0
7,4546,3,True,0,2025-02-25,0,0.0,0.1,0.16,1,25,0,0,1,4.571428571428571,0.0
7,4563,3,True,0,2025-02-25,0,0.0,0.15,0.2,1,25,0,0,1,4.571428571428571,0.0
7,4572,3,True,0,2025-02-25,0,0.0,0.09,0.09,1,25,0,0,1,4.571428571428571,0.0
7,4582,3,True,0,2025-02-25,3,0.0,0.4,0.49,1,25,0,0,1,4.571428571428571,0.0
7,4640,3,True,0,2025-02-25,0,0.0,0.25,0.31,1,25,0,0,1,4.857142857142857,0.0
7,4675,3,True,0,2025-02-25,0,0.0,0.1,0.15,1,25,0,0,1,4.857142857142857,0.0
7,4683,3,True,0,2025-02-25,1,0.0,0.03,0.05,1,25,0,0,1,0.42857142857142855,0.0
7,4689,3,True,0,2025-02-25,0,0.0,0.11,0.12,1,25,0,0,1,0.5714285714285714,0.0
7,4699,3,True,0,2025-02-25,0,0.0,0.07,0.1,1,25,0,0,1,0.5714285714285714,0.0
7,4704,3,True,0,2025-02-25,0,0.0,0.24,0.33,1,25,0,0,1,0.5714285714285714,0.0
7,4725,3,True,0,2025-02-25,0,0.0,0.09,0.1,1,25,0,0,1,0.5714285714285714,0.0
7,4744,3,True,0,2025-02-25,0,0.0,0.04,0.05,1,25,0,0,1,0.14285714285714285,0.0
7,4757,3,True,0,2025-02-25,0,0.0,0.16,0.18,1,25,0,0,1,0.14285714285714285,0.0
7,4765,3,True,0,2025-02-25,1,0.0,0.12,0.15,1,25,0,0,1,0.14285714285714285,0.0
7,4769,3,True,0,2025-02-25,0,0.0,0.5,0.6,1,25,0,0,1,0.14285714285714285,0.0
7,4782,3,True,0,2025-02-25,0,0.0,0.14,0.18,1,25,0,0,1,0.14285714285714285,0.0
7,4783,3,True,0,2025-02-25,0,0.0,0.27,0.31,1,25,0,0,1,0.14285714285714285,0.0
7,4790,3,True,0,2025-02-25,0,0.0,0.09,0.11,1,25,0,0,1,0.14285714285714285,0.0
7,4794,3,True,0,2025-02-25,1,0.0,0.06,0.08,1,25,0,0,1,0.14285714285714285,0.0
7,4802,3,True,0,2025-02-25,1,0.0,0.17,0.19,1,25,0,0,1,0.2857142857142857,0.0
7,4803,3,True,0,2025-02-25,0,0.0,0.65,0.74,1,25,0,0,1,0.42857142857142855,0.0
7,4816,3,True,0,2025-02-25,7,0.0,0.11,0.12,1,25,0,0,1,0.2857142857142857,0.0
7,4820,3,True,0,2025-02-25,0,0.0,0.06,0.09,1,25,0,0,1,1.2857142857142858,0.0
7,4833,3,True,0,2025-02-25,0,0.0,0.22,0.23,1,25,0,0,1,1.2857142857142858,0.0
7,4848,3,True,0,2025-02-25,0,0.0,0.07,0.09,1,25,0,0,1,1.2857142857142858,0.0
7,4852,3,True,0,2025-02-25,0,0.0,0.2,0.21,1,25,0,0,1,1.2857142857142858,0.0
7,4859,3,True,0,2025-02-25,0,0.0,0.05,0.05,1,25,0,0,1,1.1428571428571428,0.0
7,4870,3,True,0,2025-02-25,0,0.0,0.1,0.13,1,25,0,0,1,1.0,0.0
7,4878,3,True,0,2025-02-25,0,0.0,0.1,0.12,1,25,0,0,1,1.0,0.0
7,4883,3,True,0,2025-02-25,0,0.0,0.12,0.13,1,25,0,0,1,0.0,0.0
7,4885,3,True,0,2025-02-25,0,0.0,0.06,0.08,1,25,0,0,1,0.0,0.0
7,4886,3,True,0,2025-02-25,0,0.0,0.16,0.21,1,25,0,0,1,0.0,0.0
7,4888,3,True,0,2025-02-25,0,0.0,0.17,0.25,1,25,0,0,1,0.0,0.0
7,4908,3,True,0,2025-02-25,0,0.0,0.16,0.19,1,25,0,0,1,0.0,0.0
7,4934,3,True,0,2025-02-25,0,0.0,0.07,0.09,1,25,0,0,1,0.0,0.0
7,4938,3,True,0,2025-02-25,2,0.0,0.54,0.65,1,25,0,0,1,0.0,0.0
7,4948,3,True,0,2025-02-25,0,0.0,0.12,0.16,1,25,0,0,1,0.2857142857142857,0.0
7,4957,3,True,0,2025-02-25,0,0.0,0.11,0.14,1,25,0,0,1,0.2857142857142857,0.0
7,4971,3,True,0,2025-02-25,0,0.0,0.29,0.37,1,25,0,0,1,0.2857142857142857,0.0
7,4976,3,True,0,2025-02-25,1,0.0,0.04,0.06,1,25,0,0,1,0.2857142857142857,0.0
7,4981,3,True,0,2025-02-25,0,0.0,0.15,0.2,1,25,0,0,1,0.42857142857142855,0.0
7,4984,3,True,0,2025-02-25,0,0.0,0.06,0.08,1,25,0,0,1,0.42857142857142855,0.0
7,4986,3,True,0,2025-02-25,1,0.0,0.05,0.06,1,25,0,0,1,0.42857142857142855,0.0
7,5004,3,True,0,2025-02-25,0,0.0,0.05,0.07,1,25,0,0,1,0.2857142857142857,0.0
7,5024,3,True,0,2025-02-25,0,2.0,0.1,0.12,1,25,0,0,1,0.2857142857142857,0.0
7,5074,3,True,0,2025-02-25,0,0.0,0.23,0.25,1,25,0,0,1,0.2857142857142857,0.0
7,5094,3,True,0,2025-02-25,2,0.0,0.05,0.08,1,25,0,0,1,0.2857142857142857,0.0
7,5095,3,True,0,2025-02-25,4,0.0,0.03,0.04,1,25,0,0,1,0.42857142857142855,0.0
7,5101,3,True,0,2025-02-25,0,0.0,0.01,0.02,1,25,0,0,1,1.0,0.0
7,5105,3,True,0,2025-02-25,0,0.0,0.15,0.19,1,25,0,0,1,1.0,0.0
7,5119,3,True,0,2025-02-25,0,0.0,0.06,0.09,1,25,0,0,1,0.8571428571428571,0.0
7,5125,3,True,0,2025-02-25,0,0.0,0.06,0.07,1,25,0,0,1,0.8571428571428571,0.0
7,5139,3,True,0,2025-02-25,0,0.0,0.2,0.24,1,25,0,0,1,0.8571428571428571,0.0
7,5209,3,True,0,2025-02-25,0,0.0,0.35,0.43,1,25,0,0,1,0.8571428571428571,0.0
7,5221,3,True,0,2025-02-25,0,0.0,0.05,0.06,1,25,0,0,1,0.5714285714285714,0.0
7,5261,3,True,0,2025-02-25,0,0.0,0.15,0.15,1,25,0,0,1,0.0,0.0
7,5262,3,True,0,2025-02-25,3,0.0,0.04,0.05,1,25,0,0,1,0.0,0.0
7,5280,3,True,0,2025-02-25,0,0.0,0.09,0.12,1,25,0,0,1,0.42857142857142855,0.0
7,5281,3,True,0,2025-02-25,0,0.0,0.27,0.31,1,25,0,0,1,0.42857142857142855,0.0
7,2,4,False,0,2025-02-25,3,0.0,0.02,0.04,1,25,0,0,1,0.42857142857142855,0.0
7,17,4,False,0,2025-02-25,1,0.0,0.06,0.09,1,25,0,0,1,0.8571428571428571,0.0
7,26,4,False,0,2025-02-25,3,0.0,0.04,0.06,1,25,0,0,1,1.0,0.0
7,38,4,False,0,2025-02-25,0,1.0,0.12,0.17,1,25,0,0,1,1.4285714285714286,0.0
7,64,4,False,0,2025-02-25,3,0.0,0.01,0.02,1,25,0,0,1,1.4285714285714286,0.0
7,88,4,False,0,2025-02-25,0,0.0,0.02,0.03,1,25,0,0,1,1.4285714285714286,0.0
7,99,4,False,0,2025-02-25,2,0.0,0.02,0.04,1,25,0,0,1,1.4285714285714286,0.0
7,100,4,False,0,2025-02-25,2,0.0,0.04,0.05,1,25,0,0,1,1.7142857142857142,0.0
7,145,4,False,0,2025-02-25,4,0.0,0.06,0.09,1,25,0,0,1,1.5714285714285714,0.0
7,161,4,False,0,2025-02-25,2,0.0,0.03,0.04,1,25,0,0,1,2.0,0.0
7,168,4,False,0,2025-02-25,4,0.0,0.04,0.06,1,25,0,0,1,1.8571428571428572,0.0
7,175,4,False,0,2025-02-25,9,1.0,0.03,0.06,1,25,0,0,1,2.4285714285714284,0.0
7,178,4,False,0,2025-02-25,0,0.0,0.0,0.0,1,25,0,0,1,3.2857142857142856,0.0
7,182,4,False,0,2025-02-25,2,0.0,0.03,0.05,1,25,0,0,1,3.2857142857142856,0.0
7,185,4,False,0,2025-02-25,2,0.0,0.02,0.03,1,25,0,0,1,3.2857142857142856,0.0
7,205,4,False,0,2025-02-25,5,0.0,0.1,0.13,1,25,0,0,1,3.2857142857142856,0.0
7,235,4,False,0,2025-02-25,2,0.0,0.06,0.08,1,25,0,0,1,3.4285714285714284,0.0
7,255,4,False,0,2025-02-25,2,0.0,0.03,0.04,1,25,0,0,1,3.4285714285714284,0.0
7,272,4,False,0,2025-02-25,2,0.0,0.03,0.05,1,25,0,0,1,3.142857142857143,0.0
7,290,4,False,0,2025-02-25,4,0.0,0.06,0.07,1,25,0,0,1,2.142857142857143,0.0
7,292,4,False,0,2025-02-25,4,0.0,0.04,0.04,1,25,0,0,1,2.7142857142857144,0.0
7,306,4,False,0,2025-02-25,2,0.0,0.04,0.06,1,25,0,0,1,3.0,0.0
7,314,4,False,0,2025-02-25,3,0.0,0.03,0.05,1,25,0,0,1,3.0,0.0
7,328,4,False,0,2025-02-25,2,0.0,0.07,0.09,1,25,0,0,1,2.7142857142857144,0.0
7,338,4,False,0,2025-02-25,3,0.0,0.05,0.07,1,25,0,0,1,2.7142857142857144,0.0
7,350,4,False,0,2025-02-25,3,0.0,0.03,0.03,1,25,0,0,1,2.857142857142857,0.0
7,362,4,False,0,2025-02-25,1,0.0,0.02,0.03,1,25,0,0,1,3.0,0.0
7,370,4,False,0,2025-02-25,3,0.0,0.03,0.04,1,25,0,0,1,2.5714285714285716,0.0
7,372,4,False,0,2025-02-25,1,0.0,0.02,0.04,1,25,0,0,1,2.4285714285714284,0.0
7,447,4,False,0,2025-02-25,2,0.0,0.06,0.06,1,25,0,0,1,2.2857142857142856,0.0
7,464,4,False,0,2025-02-25,1,0.0,0.02,0.03,1,25,0,0,1,2.142857142857143,0.0
7,482,4,False,0,2025-02-25,1,0.0,0.02,0.04,1,25,0,0,1,2.0,0.0
7,524,4,False,0,2025-02-25,3,0.0,0.02,0.03,1,25,0,0,1,1.7142857142857142,0.0
7,552,4,False,0,2025-02-25,4,0.0,0.07,0.09,1,25,0,0,1,1.7142857142857142,0.0
7,560,4,False,0,2025-02-25,1,0.0,0.02,0.03,1,25,0,0,1,2.142857142857143,0.0
7,584,4,False,0,2025-02-25,4,0.0,0.05,0.08,1,25,0,0,1,1.8571428571428572,0.0
7,595,4,False,0,2025-02-25,4,0.0,0.07,0.1,1,25,0,0,1,2.2857142857142856,0.0
7,613,4,False,0,2025-02-25,3,0.0,0.02,0.04,1,25,0,0,1,2.5714285714285716,0.0
7,621,4,False,0,2025-02-25,2,0.0,0.05,0.09,1,25,0,0,1,2.857142857142857,0.0
7,622,4,False,0,2025-02-25,3,0.0,0.02,0.04,1,25,0,0,1,3.0,0.0
7,676,4,False,0,2025-02-25,3,0.0,0.08,0.14,1,25,0,0,1,3.0,0.0
7,700,4,False,0,2025-02-25,3,0.0,0.03,0.05,1,25,0,0,1,2.857142857142857,0.0
7,723,4,False,0,2025-02-25,1,0.0,0.03,0.04,1,25,0,0,1,3.142857142857143,0.0
7,726,4,False,0,2025-02-25,4,0.0,0.04,0.05,1,25,0,0,1,2.7142857142857144,0.0
7,731,4,False,0,2025-02-25,6,0.0,0.19,0.23,1,25,0,0,1,2.7142857142857144,0.0
7,736,4,False,0,2025-02-25,3,0.0,0.04,0.04,1,25,0,0,1,3.142857142857143,0.0
7,749,4,False,0,2025-02-25,3,0.0,0.08,0.12,1,25,0,0,1,3.2857142857142856,0.0
7,761,4,False,0,2025-02-25,0,0.0,0.02,0.02,1,25,0,0,1,3.2857142857142856,0.0
7,824,4,False,0,2025-02-25,4,0.0,0.01,0.01,1,25,0,0,1,2.857142857142857,0.0
7,826,4,False,0,2025-02-25,2,0.0,0.05,0.08,1,25,0,0,1,3.0,0.0
7,845,4,False,0,2025-02-25,4,0.0,0.07,0.1,1,25,0,0,1,3.142857142857143,0.0
7,849,4,False,0,2025-02-25,2,0.0,0.04,0.06,1,25,0,0,1,3.142857142857143,0.0
7,852,4,False,0,2025-02-25,0,0.0,0.02,0.04,1,25,0,0,1,2.5714285714285716,0.0
7,871,4,False,0,2025-02-25,2,0.0,0.05,0.08,1,25,0,0,1,2.142857142857143,0.0
7,880,4,False,0,2025-02-25,2,0.0,0.04,0.07,1,25,0,0,1,2.0,0.0
7,883,4,False,0,2025-02-25,3,0.0,0.02,0.05,1,25,0,0,1,2.2857142857142856,0.0
7,892,4,False,0,2025-02-25,3,0.0,0.02,0.03,1,25,0,0,1,2.142857142857143,0.0
7,953,4,False,0,2025-02-25,2,0.0,0.01,0.02,1,25,0,0,1,2.2857142857142856,0.0
7,963,4,False,0,2025-02-25,1,0.0,0.05,0.07,1,25,0,0,1,2.0,0.0
7,989,4,False,0,2025-02-25,1,0.0,0.02,0.03,1,25,0,0,1,1.8571428571428572,0.0
7,1003,4,False,0,2025-02-25,1,0.0,0.02,0.03,1,25,0,0,1,2.0,0.0
7,1009,4,False,0,2025-02-25,2,0.0,0.21,0.31,1,25,0,0,1,1.8571428571428572,0.0
7,1013,4,False,0,2025-02-25,6,0.0,0.08,0.11,1,25,0,0,1,1.8571428571428572,0.0
7,1040,4,False,0,2025-02-25,3,0.0,0.03,0.04,1,25,0,0,1,2.2857142857142856,0.0
7,1041,4,False,0,2025-02-25,2,0.0,0.05,0.06,1,25,0,0,1,2.2857142857142856,0.0
7,1066,4,False,0,2025-02-25,3,0.0,0.01,0.02,1,25,0,0,1,2.2857142857142856,0.0
7,1069,4,False,0,2025-02-25,1,0.0,0.07,0.09,1,25,0,0,1,2.5714285714285716,0.0
7,1077,4,False,0,2025-02-25,2,0.0,0.06,0.09,1,25,0,0,1,2.5714285714285716,0.0
7,1090,4,False,0,2025-02-25,1,0.0,0.04,0.05,1,25,0,0,1,2.7142857142857144,0.0
7,1092,4,False,0,2025-02-25,2,0.0,0.02,0.03,1,25,0,0,1,2.5714285714285716,0.0
7,1111,4,False,0,2025-02-25,2,0.0,0.06,0.06,1,25,0,0,1,2.0,0.0
7,1119,4,False,0,2025-02-25,1,0.0,0.04,0.08,1,25,0,0,1,1.8571428571428572,0.0
7,1123,4,False,0,2025-02-25,2,0.0,0.0,0.01,1,25,0,0,1,1.7142857142857142,0.0
7,1137,4,False,0,2025-02-25,2,0.0,0.03,0.04,1,25,0,0,1,1.5714285714285714,0.0
7,1182,4,False,0,2025-02-25,3,0.0,0.02,0.02,1,25,0,0,1,1.7142857142857142,0.0
7,1245,4,False,0,2025-02-25,2,0.0,0.04,0.06,1,25,0,0,1,1.8571428571428572,0.0
7,1248,4,False,0,2025-02-25,4,0.0,0.01,0.01,1,25,0,0,1,2.0,0.0
7,1257,4,False,0,2025-02-25,1,0.0,0.1,0.14,1,25,0,0,1,2.2857142857142856,0.0
7,1268,4,False,0,2025-02-25,1,1.0,0.06,0.08,1,25,0,0,1,2.142857142857143,0.0
7,1274,4,False,0,2025-02-25,2,0.0,0.09,0.11,1,25,0,0,1,2.142857142857143,0.0
7,1316,4,False,0,2025-02-25,3,0.0,0.03,0.04,1,25,0,0,1,2.142857142857143,0.0
7,1321,4,False,0,2025-02-25,1,0.0,0.03,0.04,1,25,0,0,1,2.2857142857142856,0.0
7,1329,4,False,0,2025-02-25,3,0.0,0.01,0.02,1,25,0,0,1,2.0,0.0
7,1369,4,False,0,2025-02-25,2,0.0,0.02,0.03,1,25,0,0,1,2.142857142857143,0.0
7,1373,4,False,0,2025-02-25,3,0.0,0.05,0.06,1,25,0,0,1,1.8571428571428572,0.0
7,1394,4,False,0,2025-02-25,3,0.0,0.02,0.03,1,25,0,0,1,2.142857142857143,0.0
7,1402,4,False,0,2025-02-25,3,0.0,0.03,0.05,1,25,0,0,1,2.4285714285714284,0.0
7,1417,4,False,0,2025-02-25,2,0.0,0.06,0.08,1,25,0,0,1,2.5714285714285716,0.0
7,1420,4,False,0,2025-02-25,0,0.0,0.04,0.05,1,25,0,0,1,2.4285714285714284,0.0
7,1428,4,False,0,2025-02-25,0,0.0,0.03,0.04,1,25,0,0,1,2.2857142857142856,0.0
7,1436,4,False,0,2025-02-25,1,0.0,0.05,0.07,1,25,0,0,1,1.8571428571428572,0.0
7,1473,4,False,0,2025-02-25,3,0.0,0.06,0.1,1,25,0,0,1,1.7142857142857142,0.0
7,1481,4,False,0,2025-02-25,2,0.0,0.04,0.07,1,25,0,0,1,1.7142857142857142,0.0
7,1493,4,False,0,2025-02-25,1,0.0,0.06,0.07,1,25,0,0,1,1.5714285714285714,0.0
7,1497,4,False,0,2025-02-25,2,0.0,0.05,0.08,1,25,0,0,1,1.2857142857142858,0.0
7,1506,4,False,0,2025-02-25,3,0.0,0.02,0.04,1,25,0,0,1,1.2857142857142858,0.0
7,1519,4,False,0,2025-02-25,2,0.0,0.05,0.07,1,25,0,0,1,1.7142857142857142,0.0
7,1539,4,False,0,2025-02-25,1,0.0,0.02,0.03,1,25,0,0,1,2.0,0.0
7,1546,4,False,0,2025-02-25,2,0.0,0.03,0.05,1,25,0,0,1,2.0,0.0
7,1563,4,False,0,2025-02-25,0,0.0,0.04,0.05,1,25,0,0,1,1.8571428571428572,0.0
7,1570,4,False,0,2025-02-25,1,0.0,0.02,0.03,1,25,0,0,1,1.5714285714285714,0.0
7,1573,4,False,0,2025-02-25,2,0.0,0.07,0.11,1,25,0,0,1,1.5714285714285714,0.0
7,1574,4,False,0,2025-02-25,2,0.0,0.07,0.11,1,25,0,0,1,1.5714285714285714,0.0
7,1594,4,False,0,2025-02-25,3,0.0,0.02,0.02,1,25,0,0,1,1.4285714285714286,0.0
7,1607,4,False,0,2025-02-25,4,0.0,0.07,0.1,1,25,0,0,1,1.5714285714285714,0.0
7,1626,4,False,0,2025-02-25,5,0.0,0.06,0.08,1,25,0,0,1,2.0,0.0
7,1644,4,False,0,2025-02-25,2,0.0,0.07,0.12,1,25,0,0,1,2.4285714285714284,0.0
7,1652,4,False,0,2025-02-25,1,0.0,0.05,0.07,1,25,0,0,1,2.7142857142857144,0.0
7,1673,4,False,0,2025-02-25,2,0.0,0.06,0.08,1,25,0,0,1,2.7142857142857144,0.0
7,1675,4,False,0,2025-02-25,3,0.0,0.05,0.07,1,25,0,0,1,2.7142857142857144,0.0
7,1686,4,False,0,2025-02-25,2,0.0,0.07,0.11,1,25,0,0,1,2.857142857142857,0.0
7,1706,4,False,0,2025-02-25,2,0.0,0.01,0.03,1,25,0,0,1,2.7142857142857144,0.0
7,1716,4,False,0,2025-02-25,3,0.0,0.03,0.05,1,25,0,0,1,2.4285714285714284,0.0
7,1732,4,False,0,2025-02-25,2,0.0,0.08,0.08,1,25,0,0,1,2.142857142857143,0.0
7,1738,4,False,0,2025-02-25,0,0.0,0.02,0.04,1,25,0,0,1,2.142857142857143,0.0
7,1745,4,False,0,2025-02-25,2,0.0,0.05,0.08,1,25,0,0,1,2.0,0.0
7,1759,4,False,0,2025-02-25,0,0.0,0.03,0.04,1,25,0,0,1,2.0,0.0
7,1776,4,False,0,2025-02-25,2,0.0,0.14,0.2,1,25,0,0,1,1.5714285714285714,0.0
7,1790,4,False,0,2025-02-25,1,0.0,0.04,0.06,1,25,0,0,1,1.5714285714285714,0.0
7,1826,4,False,0,2025-02-25,3,0.0,0.07,0.08,1,25,0,0,1,1.4285714285714286,0.0
7,1830,4,False,0,2025-02-25,4,0.0,0.15,0.23,1,25,0,0,1,1.4285714285714286,0.0
7,1863,4,False,0,2025-02-25,8,0.0,0.04,0.02,1,25,0,0,1,1.7142857142857142,0.0
7,1866,4,False,0,2025-02-25,0,0.0,0.02,0.02,1,25,0,0,1,2.857142857142857,0.0
7,1922,4,False,0,2025-02-25,3,0.0,0.02,0.04,1,25,0,0,1,2.5714285714285716,0.0
7,1934,4,False,0,2025-02-25,3,0.0,0.02,0.04,1,25,0,0,1,3.0,0.0
7,1975,4,False,0,2025-02-25,1,0.0,0.03,0.05,1,25,0,0,1,3.142857142857143,0.0
7,1984,4,False,0,2025-02-25,2,0.0,0.06,0.08,1,25,0,0,1,3.142857142857143,0.0
7,2005,4,False,0,2025-02-25,2,0.0,0.16,0.26,1,25,0,0,1,3.0,0.0
7,2013,4,False,0,2025-02-25,4,0.0,0.03,0.04,1,25,0,0,1,2.7142857142857144,0.0
7,2025,4,False,0,2025-02-25,3,0.0,0.03,0.04,1,25,0,0,1,2.142857142857143,0.0
7,2028,4,False,0,2025-02-25,1,0.0,0.03,0.04,1,25,0,0,1,2.5714285714285716,0.0
7,2033,4,False,0,2025-02-25,1,0.0,0.11,0.16,1,25,0,0,1,2.2857142857142856,0.0
7,2035,4,False,0,2025-02-25,2,0.0,0.02,0.04,1,25,0,0,1,2.0,0.0
7,2042,4,False,0,2025-02-25,6,0.0,0.03,0.06,1,25,0,0,1,2.142857142857143,0.0
7,2051,4,False,0,2025-02-25,2,0.0,0.03,0.04,1,25,0,0,1,2.7142857142857144,0.0
7,2061,4,False,0,2025-02-25,4,0.0,0.02,0.04,1,25,0,0,1,2.7142857142857144,0.0
7,2069,4,False,0,2025-02-25,1,0.0,0.07,0.1,1,25,0,0,1,2.7142857142857144,0.0
7,2083,4,False,0,2025-02-25,2,0.0,0.06,0.09,1,25,0,0,1,2.4285714285714284,0.0
7,2088,4,False,0,2025-02-25,1,0.0,0.03,0.04,1,25,0,0,1,2.5714285714285716,0.0
7,2129,4,False,0,2025-02-25,6,0.0,0.03,0.04,1,25,0,0,1,2.5714285714285716,0.0
7,2144,4,False,0,2025-02-25,2,0.0,0.03,0.05,1,25,0,0,1,3.142857142857143,0.0
7,2149,4,False,0,2025-02-25,1,0.0,0.04,0.07,1,25,0,0,1,2.5714285714285716,0.0
7,2167,4,False,0,2025-02-25,3,0.0,0.05,0.07,1,25,0,0,1,2.4285714285714284,0.0
7,2193,4,False,0,2025-02-25,2,0.0,0.08,0.12,1,25,0,0,1,2.2857142857142856,0.0
7,2230,4,False,0,2025-02-25,2,0.0,0.02,0.03,1,25,0,0,1,2.4285714285714284,0.0
7,2233,4,False,0,2025-02-25,1,0.0,0.06,0.08,1,25,0,0,1,2.4285714285714284,0.0
7,2238,4,False,0,2025-02-25,2,0.0,0.04,0.05,1,25,0,0,1,2.4285714285714284,0.0
7,2257,4,False,0,2025-02-25,0,0.0,0.04,0.06,1,25,0,0,1,1.8571428571428572,0.0
7,2279,4,False,0,2025-02-25,3,0.0,0.11,0.15,1,25,0,0,1,1.5714285714285714,0.0
7,2283,4,False,0,2025-02-25,2,0.0,0.04,0.07,1,25,0,0,1,1.8571428571428572,0.0
7,2286,4,False,0,2025-02-25,1,0.0,0.11,0.14,1,25,0,0,1,1.7142857142857142,0.0
7,2306,4,False,0,2025-02-25,3,0.0,0.04,0.05,1,25,0,0,1,1.5714285714285714,0.0
7,2315,4,False,0,2025-02-25,1,0.0,0.07,0.1,1,25,0,0,1,1.7142857142857142,0.0
7,2392,4,False,0,2025-02-25,2,0.0,0.04,0.06,1,25,0,0,1,1.7142857142857142,0.0
7,2397,4,False,0,2025-02-25,2,0.0,0.02,0.03,1,25,0,0,1,1.7142857142857142,0.0
7,2398,4,False,0,2025-02-25,6,0.0,0.12,0.17,1,25,0,0,1,2.0,0.0
7,2438,4,False,0,2025-02-25,0,0.0,0.02,0.04,1,25,0,0,1,2.4285714285714284,0.0
7,2443,4,False,0,2025-02-25,2,0.0,0.05,0.08,1,25,0,0,1,2.142857142857143,0.0
7,2448,4,False,0,2025-02-25,3,0.0,0.04,0.06,1,25,0,0,1,2.2857142857142856,0.0
7,2469,4,False,0,2025-02-25,2,0.0,0.07,0.1,1,25,0,0,1,2.2857142857142856,0.0
7,2473,4,False,0,2025-02-25,3,0.0,0.04,0.06,1,25,0,0,1,2.4285714285714284,0.0
7,2478,4,False,0,2025-02-25,3,0.0,0.02,0.03,1,25,0,0,1,2.5714285714285716,0.0
7,2487,4,False,0,2025-02-25,2,0.0,0.02,0.04,1,25,0,0,1,2.7142857142857144,0.0
7,2497,4,False,0,2025-02-25,3,0.0,0.03,0.04,1,25,0,0,1,2.142857142857143,0.0
7,2506,4,False,0,2025-02-25,1,0.0,0.03,0.04,1,25,0,0,1,2.5714285714285716,0.0
7,2522,4,False,0,2025-02-25,4,0.0,0.11,0.16,1,25,0,0,1,2.4285714285714284,0.0
7,2567,4,False,0,2025-02-25,2,0.0,0.04,0.05,1,25,0,0,1,2.5714285714285716,0.0
7,2581,4,False,0,2025-02-25,2,0.0,0.06,0.07,1,25,0,0,1,2.5714285714285716,0.0
7,2624,4,False,0,2025-02-25,4,0.0,0.06,0.08,1,25,0,0,1,2.4285714285714284,0.0
7,2630,4,False,0,2025-02-25,2,0.0,0.03,0.04,1,25,0,0,1,2.5714285714285716,0.0
7,2631,4,False,0,2025-02-25,2,0.0,0.02,0.04,1,25,0,0,1,2.5714285714285716,0.0
7,2642,4,False,0,2025-02-25,3,0.0,0.03,0.05,1,25,0,0,1,2.4285714285714284,0.0
7,2658,4,False,0,2025-02-25,3,0.0,0.02,0.04,1,25,0,0,1,2.7142857142857144,0.0
7,2672,4,False,0,2025-02-25,2,0.0,0.02,0.03,1,25,0,0,1,2.5714285714285716,0.0
7,2688,4,False,0,2025-02-25,3,0.0,0.03,0.04,1,25,0,0,1,2.5714285714285716,0.0
7,2725,4,False,0,2025-02-25,1,0.0,0.08,0.14,1,25,0,0,1,2.7142857142857144,0.0
7,2744,4,False,0,2025-02-25,3,0.0,0.06,0.09,1,25,0,0,1,2.2857142857142856,0.0
7,2788,4,False,0,2025-02-25,3,0.0,0.02,0.03,1,25,0,0,1,2.4285714285714284,0.0
7,2801,4,False,0,2025-02-25,3,0.0,0.06,0.09,1,25,0,0,1,2.5714285714285716,0.0
7,2804,4,False,0,2025-02-25,2,0.0,0.06,0.07,1,25,0,0,1,2.5714285714285716,0.0
7,2818,4,False,0,2025-02-25,3,0.0,0.02,0.03,1,25,0,0,1,2.4285714285714284,0.0
7,2825,4,False,0,2025-02-25,1,0.0,0.18,0.23,1,25,0,0,1,2.5714285714285716,0.0
7,2830,4,False,0,2025-02-25,2,0.0,0.04,0.07,1,25,0,0,1,2.2857142857142856,0.0
7,2832,4,False,0,2025-02-25,3,0.0,0.01,0.03,1,25,0,0,1,2.4285714285714284,0.0
7,2838,4,False,0,2025-02-25,3,0.0,0.02,0.03,1,25,0,0,1,2.4285714285714284,0.0
7,2844,4,False,0,2025-02-25,2,0.0,0.03,0.05,1,25,0,0,1,2.4285714285714284,0.0
7,2860,4,False,0,2025-02-25,4,0.0,0.07,0.1,1,25,0,0,1,2.2857142857142856,0.0
7,2870,4,False,0,2025-02-25,2,0.0,0.06,0.09,1,25,0,0,1,2.5714285714285716,0.0
7,2871,4,False,0,2025-02-25,2,0.0,0.04,0.05,1,25,0,0,1,2.4285714285714284,0.0
7,2892,4,False,0,2025-02-25,1,0.0,0.09,0.13,1,25,0,0,1,2.5714285714285716,0.0
7,2894,4,False,0,2025-02-25,0,0.0,0.04,0.1,1,25,0,0,1,2.4285714285714284,0.0
7,2957,4,False,0,2025-02-25,6,0.0,0.02,0.03,1,25,0,0,1,2.0,0.0
7,2961,4,False,0,2025-02-25,3,0.0,0.05,0.06,1,25,0,0,1,2.4285714285714284,0.0
7,2963,4,False,0,2025-02-25,4,0.0,0.06,0.08,1,25,0,0,1,2.5714285714285716,0.0
7,2970,4,False,0,2025-02-25,2,0.0,0.03,0.05,1,25,0,0,1,2.5714285714285716,0.0
7,2979,4,False,0,2025-02-25,1,0.0,0.06,0.08,1,25,0,0,1,2.5714285714285716,0.0
7,2992,4,False,0,2025-02-25,2,0.0,0.05,0.08,1,25,0,0,1,2.4285714285714284,0.0
7,3000,4,False,0,2025-02-25,2,0.0,0.1,0.16,1,25,0,0,1,2.5714285714285716,0.0
7,3012,4,False,0,2025-02-25,0,0.0,0.02,0.03,1,25,0,0,1,2.857142857142857,0.0
7,3044,4,False,0,2025-02-25,1,0.0,0.02,0.02,1,25,0,0,1,2.0,0.0
7,3086,4,False,0,2025-02-25,3,0.0,0.04,0.07,1,25,0,0,1,1.7142857142857142,0.0
7,3145,4,False,0,2025-02-25,1,0.0,0.04,0.05,1,25,0,0,1,1.5714285714285714,0.0
7,3146,4,False,0,2025-02-25,3,0.0,0.01,0.01,1,25,0,0,1,1.4285714285714286,0.0
7,3162,4,False,0,2025-02-25,3,0.0,0.01,0.02,1,25,0,0,1,1.7142857142857142,0.0
7,3178,4,False,0,2025-02-25,1,0.0,0.12,0.16,1,25,0,0,1,1.8571428571428572,0.0
7,3185,4,False,0,2025-02-25,3,0.0,0.04,0.04,1,25,0,0,1,1.7142857142857142,0.0
7,3196,4,False,0,2025-02-25,6,0.0,0.02,0.03,1,25,0,0,1,2.142857142857143,0.0
7,3209,4,False,0,2025-02-25,1,0.0,0.02,0.04,1,25,0,0,1,2.857142857142857,0.0
7,3224,4,False,0,2025-02-25,3,0.0,0.04,0.07,1,25,0,0,1,2.5714285714285716,0.0
7,3262,4,False,0,2025-02-25,2,0.0,0.09,0.14,1,25,0,0,1,2.857142857142857,0.0
7,3267,4,False,0,2025-02-25,3,0.0,0.01,0.01,1,25,0,0,1,2.7142857142857144,0.0
7,3293,4,False,0,2025-02-25,2,0.0,0.0,0.01,1,25,0,0,1,2.7142857142857144,0.0
7,3312,4,False,0,2025-02-25,3,0.0,0.01,0.01,1,25,0,0,1,2.857142857142857,0.0
7,3317,4,False,0,2025-02-25,3,0.0,0.01,0.02,1,25,0,0,1,2.857142857142857,0.0
7,3327,4,False,0,2025-02-25,4,0.0,0.01,0.02,1,25,0,0,1,2.4285714285714284,0.0
7,3377,4,False,0,2025-02-25,2,0.0,0.02,0.05,1,25,0,0,1,2.857142857142857,0.0
7,3420,4,False,0,2025-02-25,2,0.0,0.07,0.09,1,25,0,0,1,2.7142857142857144,0.0
7,3453,4,False,0,2025-02-25,2,0.0,0.02,0.04,1,25,0,0,1,2.7142857142857144,0.0
7,3455,4,False,0,2025-02-25,0,0.0,0.02,0.03,1,25,0,0,1,2.5714285714285716,0.0
7,3465,4,False,0,2025-02-25,1,0.0,0.06,0.07,1,25,0,0,1,2.2857142857142856,0.0
7,3466,4,False,0,2025-02-25,2,0.0,0.03,0.05,1,25,0,0,1,2.0,0.0
7,3472,4,False,0,2025-02-25,0,0.0,0.04,0.06,1,25,0,0,1,1.8571428571428572,0.0
7,3473,4,False,0,2025-02-25,2,0.0,0.01,0.03,1,25,0,0,1,1.2857142857142858,0.0
7,3493,4,False,0,2025-02-25,2,0.0,0.04,0.07,1,25,0,0,1,1.2857142857142858,0.0
7,3552,4,False,0,2025-02-25,0,0.0,0.03,0.03,1,25,0,0,1,1.2857142857142858,0.0
7,3562,4,False,0,2025-02-25,2,0.0,0.05,0.06,1,25,0,0,1,1.0,0.0
7,3569,4,False,0,2025-02-25,3,0.0,0.03,0.06,1,25,0,0,1,1.2857142857142858,0.0
7,3577,4,False,0,2025-02-25,2,0.0,0.04,0.06,1,25,0,0,1,1.5714285714285714,0.0
7,3590,4,False,0,2025-02-25,4,0.0,0.02,0.03,1,25,0,0,1,1.5714285714285714,0.0
7,3620,4,False,0,2025-02-25,10,0.0,0.02,0.03,1,25,0,0,1,2.142857142857143,0.0
7,3627,4,False,0,2025-02-25,5,0.0,0.06,0.1,1,25,0,0,1,3.2857142857142856,0.0
7,3628,4,False,0,2025-02-25,1,0.0,0.06,0.09,1,25,0,0,1,3.7142857142857144,0.0
7,3633,4,False,0,2025-02-25,3,0.0,0.07,0.09,1,25,0,0,1,3.857142857142857,0.0
7,3645,4,False,0,2025-02-25,1,0.0,0.07,0.07,1,25,0,0,1,4.0,0.0
7,3651,4,False,0,2025-02-25,4,0.0,0.04,0.07,1,25,0,0,1,3.7142857142857144,0.0
7,3692,4,False,0,2025-02-25,2,0.0,0.1,0.12,1,25,0,0,1,4.0,0.0
7,3698,4,False,0,2025-02-25,2,0.0,0.05,0.08,1,25,0,0,1,3.7142857142857144,0.0
7,3700,4,False,0,2025-02-25,2,0.0,0.02,0.03,1,25,0,0,1,2.5714285714285716,0.0
7,3721,4,False,0,2025-02-25,0,0.0,0.03,0.05,1,25,0,0,1,2.142857142857143,0.0
7,3728,4,False,0,2025-02-25,2,0.0,0.03,0.05,1,25,0,0,1,2.0,0.0
7,3733,4,False,0,2025-02-25,4,0.0,0.01,0.03,1,25,0,0,1,1.8571428571428572,0.0
7,3753,4,False,0,2025-02-25,3,0.0,0.04,0.07,1,25,0,0,1,2.2857142857142856,0.0
7,3772,4,False,0,2025-02-25,3,0.0,0.03,0.06,1,25,0,0,1,2.142857142857143,0.0
7,3818,4,False,0,2025-02-25,4,0.0,0.06,0.09,1,25,0,0,1,2.2857142857142856,0.0
7,3843,4,False,0,2025-02-25,2,0.0,0.02,0.04,1,25,0,0,1,2.5714285714285716,0.0
7,3847,4,False,0,2025-02-25,2,0.0,0.01,0.03,1,25,0,0,1,2.5714285714285716,0.0
7,3850,4,False,0,2025-02-25,3,0.0,0.07,0.11,1,25,0,0,1,2.857142857142857,0.0
7,3853,4,False,0,2025-02-25,1,0.0,0.1,0.17,1,25,0,0,1,3.0,0.0
7,3879,4,False,0,2025-02-25,2,0.0,0.05,0.08,1,25,0,0,1,2.5714285714285716,0.0
7,3888,4,False,0,2025-02-25,6,0.0,0.01,0.01,1,25,0,0,1,2.4285714285714284,0.0
7,3903,4,False,0,2025-02-25,2,0.0,0.04,0.07,1,25,0,0,1,2.857142857142857,0.0
7,3906,4,False,0,2025-02-25,2,0.0,0.11,0.2,1,25,0,0,1,2.5714285714285716,0.0
7,3939,4,False,0,2025-02-25,0,0.0,0.04,0.06,1,25,0,0,1,2.5714285714285716,0.0
7,3968,4,False,0,2025-02-25,0,0.0,0.01,0.02,1,25,0,0,1,2.2857142857142856,0.0
7,3971,4,False,0,2025-02-25,6,0.0,0.08,0.11,1,25,0,0,1,1.8571428571428572,0.0
7,3974,4,False,0,2025-02-25,1,0.0,0.09,0.13,1,25,0,0,1,2.5714285714285716,0.0
7,3987,4,False,0,2025-02-25,1,0.0,0.03,0.05,1,25,0,0,1,2.4285714285714284,0.0
7,4019,4,False,0,2025-02-25,4,0.0,0.04,0.04,1,25,0,0,1,1.7142857142857142,0.0
7,4028,4,False,0,2025-02-25,2,0.0,0.02,0.03,1,25,0,0,1,2.0,0.0
7,4071,4,False,0,2025-02-25,2,0.0,0.05,0.07,1,25,0,0,1,2.0,0.0
7,4108,4,False,0,2025-02-25,2,0.0,0.02,0.03,1,25,0,0,1,2.2857142857142856,0.0
7,4133,4,False,0,2025-02-25,3,0.0,0.08,0.14,1,25,0,0,1,2.5714285714285716,0.0
7,4135,4,False,0,2025-02-25,1,0.0,0.03,0.04,1,25,0,0,1,2.142857142857143,0.0
7,4170,4,False,0,2025-02-25,1,0.0,0.02,0.03,1,25,0,0,1,2.142857142857143,0.0
7,4184,4,False,0,2025-02-25,2,0.0,0.06,0.09,1,25,0,0,1,2.142857142857143,0.0
7,4186,4,False,0,2025-02-25,0,0.0,0.03,0.06,1,25,0,0,1,1.8571428571428572,0.0
7,4212,4,False,0,2025-02-25,4,0.0,0.06,0.08,1,25,0,0,1,1.5714285714285714,0.0
7,4243,4,False,0,2025-02-25,2,0.0,0.09,0.1,1,25,0,0,1,1.8571428571428572,0.0
7,4268,4,False,0,2025-02-25,2,0.0,0.02,0.03,1,25,0,0,1,1.8571428571428572,0.0
7,4275,4,False,0,2025-02-25,2,0.0,0.01,0.02,1,25,0,0,1,1.7142857142857142,0.0
7,4281,4,False,0,2025-02-25,2,0.0,0.02,0.04,1,25,0,0,1,1.8571428571428572,0.0
7,4293,4,False,0,2025-02-25,1,0.0,0.12,0.17,1,25,0,0,1,2.0,0.0
7,4305,4,False,0,2025-02-25,2,0.0,0.07,0.1,1,25,0,0,1,1.8571428571428572,0.0
7,4335,4,False,0,2025-02-25,1,0.0,0.04,0.07,1,25,0,0,1,2.142857142857143,0.0
7,4342,4,False,0,2025-02-25,0,0.0,0.02,0.04,1,25,0,0,1,1.7142857142857142,0.0
7,4372,4,False,0,2025-02-25,0,0.0,0.02,0.03,1,25,0,0,1,1.4285714285714286,0.0
7,4373,4,False,0,2025-02-25,3,0.0,0.07,0.12,1,25,0,0,1,1.1428571428571428,0.0
7,4392,4,False,0,2025-02-25,4,0.0,0.09,0.1,1,25,0,0,1,1.2857142857142858,0.0
7,4395,4,False,0,2025-02-25,2,0.0,0.05,0.08,1,25,0,0,1,1.5714285714285714,0.0
7,4422,4,False,0,2025-02-25,2,0.0,0.01,0.03,1,25,0,0,1,1.7142857142857142,0.0
7,4438,4,False,0,2025-02-25,5,0.0,0.01,0.02,1,25,0,0,1,1.7142857142857142,0.0
7,4451,4,False,0,2025-02-25,2,0.0,0.04,0.06,1,25,0,0,1,2.2857142857142856,0.0
7,4456,4,False,0,2025-02-25,2,0.0,0.02,0.03,1,25,0,0,1,2.5714285714285716,0.0
7,4480,4,False,0,2025-02-25,3,0.0,0.06,0.1,1,25,0,0,1,2.857142857142857,0.0
7,4520,4,False,0,2025-02-25,1,0.0,0.1,0.16,1,25,0,0,1,2.857142857142857,0.0
7,4522,4,False,0,2025-02-25,1,0.0,0.02,0.04,1,25,0,0,1,2.4285714285714284,0.0
7,4550,4,False,0,2025-02-25,2,0.0,0.13,0.17,1,25,0,0,1,2.2857142857142856,0.0
7,4571,4,False,0,2025-02-25,2,0.0,0.03,0.06,1,25,0,0,1,2.2857142857142856,0.0
7,4577,4,False,0,2025-02-25,3,0.0,0.04,0.06,1,25,0,0,1,1.8571428571428572,0.0
7,4598,4,False,0,2025-02-25,3,0.0,0.07,0.1,1,25,0,0,1,2.0,0.0
7,4621,4,False,0,2025-02-25,3,0.0,0.01,0.01,1,25,0,0,1,2.142857142857143,0.0
7,4662,4,False,0,2025-02-25,0,0.0,0.02,0.04,1,25,0,0,1,2.142857142857143,0.0
7,4663,4,False,0,2025-02-25,2,0.0,0.04,0.07,1,25,0,0,1,2.0,0.0
7,4672,4,False,0,2025-02-25,2,0.0,0.03,0.03,1,25,0,0,1,2.142857142857143,0.0
7,4715,4,False,0,2025-02-25,2,0.0,0.05,0.06,1,25,0,0,1,2.142857142857143,0.0
7,4778,4,False,0,2025-02-25,2,0.0,0.04,0.07,1,25,0,0,1,2.142857142857143,0.0
7,4785,4,False,0,2025-02-25,3,0.0,0.06,0.09,1,25,0,0,1,2.0,0.0
7,4806,4,False,0,2025-02-25,2,0.0,0.02,0.03,1,25,0,0,1,2.0,0.0
7,4808,4,False,0,2025-02-25,1,0.0,0.03,0.05,1,25,0,0,1,1.8571428571428572,0.0
7,4823,4,False,0,2025-02-25,3,0.0,0.01,0.01,1,25,0,0,1,2.0,0.0
7,4842,4,False,0,2025-02-25,2,0.0,0.03,0.05,1,25,0,0,1,2.142857142857143,0.0
7,4851,4,False,0,2025-02-25,1,0.0,0.06,0.09,1,25,0,0,1,2.142857142857143,0.0
7,4855,4,False,0,2025-02-25,2,0.0,0.02,0.02,1,25,0,0,1,2.0,0.0
7,4895,4,False,0,2025-02-25,2,0.0,0.04,0.06,1,25,0,0,1,2.0,0.0
7,4898,4,False,0,2025-02-25,2,0.0,0.03,0.03,1,25,0,0,1,1.8571428571428572,0.0
7,4928,4,False,0,2025-02-25,3,0.0,0.03,0.05,1,25,0,0,1,1.8571428571428572,0.0
7,4936,4,False,0,2025-02-25,2,0.0,0.03,0.04,1,25,0,0,1,2.142857142857143,0.0
7,4955,4,False,0,2025-02-25,2,0.0,0.03,0.04,1,25,0,0,1,2.0,0.0
7,4958,4,False,0,2025-02-25,2,0.0,0.05,0.07,1,25,0,0,1,2.0,0.0
7,4967,4,False,0,2025-02-25,2,0.0,0.05,0.08,1,25,0,0,1,2.142857142857143,0.0
7,4978,4,False,0,2025-02-25,6,0.0,0.04,0.05,1,25,0,0,1,2.142857142857143,0.0
7,5005,4,False,0,2025-02-25,3,0.0,0.04,0.06,1,25,0,0,1,2.7142857142857144,0.0
7,5063,4,False,0,2025-02-25,3,0.0,0.01,0.01,1,25,0,0,1,2.857142857142857,0.0
7,5088,4,False,0,2025-02-25,3,0.0,0.01,0.02,1,25,0,0,1,2.857142857142857,0.0
7,5113,4,False,0,2025-02-25,3,0.0,0.03,0.06,1,25,0,0,1,3.0,0.0
7,5146,4,False,0,2025-02-25,3,0.0,0.03,0.05,1,25,0,0,1,3.142857142857143,0.0
7,5154,4,False,0,2025-02-25,0,0.0,0.04,0.06,1,25,0,0,1,3.2857142857142856,0.0
7,5162,4,False,0,2025-02-25,1,0.0,0.09,0.13,1,25,0,0,1,3.0,0.0
7,5186,4,False,0,2025-02-25,7,0.0,0.02,0.03,1,25,0,0,1,2.2857142857142856,0.0
7,5191,4,False,0,2025-02-25,2,0.0,0.02,0.04,1,25,0,0,1,2.857142857142857,0.0
7,5202,4,False,0,2025-02-25,2,0.0,0.09,0.13,1,25,0,0,1,2.7142857142857144,0.0
7,5208,4,False,0,2025-02-25,2,0.0,0.02,0.04,1,25,0,0,1,2.5714285714285716,0.0
7,5228,4,False,0,2025-02-25,1,0.0,0.01,0.02,1,25,0,0,1,2.4285714285714284,0.0
7,5229,4,False,0,2025-02-25,3,0.0,0.03,0.05,1,25,0,0,1,2.142857142857143,0.0
7,5263,4,False,0,2025-02-25,3,0.0,0.02,0.04,1,25,0,0,1,2.5714285714285716,0.0
7,5266,4,False,0,2025-02-25,2,0.0,0.06,0.09,1,25,0,0,1,2.857142857142857,0.0
7,5286,4,False,0,2025-02-25,2,0.0,0.05,0.07,1,25,0,0,1,2.142857142857143,0.0
7,74,5,True,0,2025-02-25,1,0.0,0.02,0.04,1,25,0,0,1,2.142857142857143,0.0
7,213,5,True,0,2025-02-25,0,0.0,0.01,0.03,1,25,0,0,1,2.0,0.0
7,284,5,True,0,2025-02-25,4,0.0,0.05,0.08,1,25,0,0,1,1.7142857142857142,0.0
7,567,5,True,0,2025-02-25,0,0.0,0.01,0.03,1,25,0,0,1,2.142857142857143,0.0
7,783,5,True,0,2025-02-25,11,0.0,0.03,0.06,1,25,0,0,1,1.7142857142857142,0.0
7,821,5,True,0,2025-02-25,2,0.0,0.03,0.05,1,25,0,0,1,2.857142857142857,0.0
7,873,5,True,0,2025-02-25,8,0.0,0.03,0.05,1,25,0,0,1,2.857142857142857,0.0
7,929,5,True,0,2025-02-25,0,0.0,0.07,0.22,1,25,0,0,1,3.7142857142857144,0.0
7,1037,5,True,0,2025-02-25,1,0.0,0.01,0.02,1,25,0,0,1,3.5714285714285716,0.0
7,1163,5,True,0,2025-02-25,0,0.0,0.08,0.2,1,25,0,0,1,3.7142857142857144,0.0
7,1247,5,True,0,2025-02-25,3,0.0,0.04,0.05,1,25,0,0,1,3.142857142857143,0.0
7,1333,5,True,0,2025-02-25,4,0.0,0.02,0.04,1,25,0,0,1,3.5714285714285716,0.0
7,1427,5,True,0,2025-02-25,0,0.0,0.01,0.05,1,25,0,0,1,2.5714285714285716,0.0
7,1746,5,True,0,2025-02-25,0,0.0,0.02,0.08,1,25,0,0,1,2.2857142857142856,0.0
7,1882,5,True,0,2025-02-25,1,1.0,0.17,0.28,1,25,0,0,1,1.1428571428571428,0.0
7,2066,5,True,0,2025-02-25,0,0.0,0.1,0.12,1,25,0,0,1,1.2857142857142858,0.0
7,2104,5,True,0,2025-02-25,0,0.0,0.03,0.03,1,25,0,0,1,1.1428571428571428,0.0
7,2120,5,True,0,2025-02-25,2,0.0,0.03,0.07,1,25,0,0,1,1.1428571428571428,0.0
7,2132,5,True,0,2025-02-25,1,0.0,0.01,0.04,1,25,0,0,1,1.0,0.0
7,2141,5,True,0,2025-02-25,0,0.0,0.01,0.06,1,25,0,0,1,0.5714285714285714,0.0
7,2219,5,True,0,2025-02-25,0,0.0,0.11,0.13,1,25,0,0,1,0.5714285714285714,0.0
7,2224,5,True,0,2025-02-25,2,0.0,0.03,0.03,1,25,0,0,1,0.5714285714285714,0.0
7,2325,5,True,0,2025-02-25,5,0.0,0.03,0.07,1,25,0,0,1,0.7142857142857143,0.0
7,2418,5,True,0,2025-02-25,2,0.0,0.03,0.04,1,25,0,0,1,1.4285714285714286,0.0
7,2880,5,True,0,2025-02-25,3,0.0,0.02,0.05,1,25,0,0,1,1.7142857142857142,0.0
7,3085,5,True,0,2025-02-25,3,0.0,0.02,0.04,1,25,0,0,1,1.8571428571428572,0.0
7,3087,5,True,0,2025-02-25,1,0.0,0.04,0.1,1,25,0,0,1,2.142857142857143,0.0
7,3164,5,True,0,2025-02-25,0,0.0,0.05,0.1,1,25,0,0,1,2.2857142857142856,0.0
7,3218,5,True,0,2025-02-25,2,0.0,0.02,0.06,1,25,0,0,1,2.2857142857142856,0.0
7,3229,5,True,0,2025-02-25,1,0.0,0.04,0.11,1,25,0,0,1,2.2857142857142856,0.0
7,3292,5,True,0,2025-02-25,4,0.0,0.03,0.05,1,25,0,0,1,1.7142857142857142,0.0
7,3330,5,True,0,2025-02-25,5,0.0,0.06,0.11,1,25,0,0,1,2.0,0.0
7,3424,5,True,0,2025-02-25,2,0.0,0.01,0.02,1,25,0,0,1,2.2857142857142856,0.0
7,3439,5,True,0,2025-02-25,3,0.0,0.02,0.02,1,25,0,0,1,2.142857142857143,0.0
7,3463,5,True,0,2025-02-25,2,0.0,0.03,0.04,1,25,0,0,1,2.4285714285714284,0.0
7,3558,5,True,0,2025-02-25,6,0.0,0.03,0.06,1,25,0,0,1,2.7142857142857144,0.0
7,3624,5,True,0,2025-02-25,0,1.0,0.06,0.13,1,25,0,0,1,3.2857142857142856,0.0
7,3807,5,True,0,2025-02-25,2,0.0,0.08,0.1,1,25,0,0,1,3.142857142857143,0.0
7,3984,5,True,0,2025-02-25,0,0.0,0.02,0.04,1,25,0,0,1,2.857142857142857,0.0
7,3996,5,True,0,2025-02-25,0,0.0,0.03,0.06,1,25,0,0,1,2.142857142857143,0.0
7,4036,5,True,0,2025-02-25,2,0.0,0.01,0.02,1,25,0,0,1,1.8571428571428572,0.0
7,4081,5,True,0,2025-02-25,2,0.0,0.03,0.06,1,25,0,0,1,1.7142857142857142,0.0
7,4175,5,True,0,2025-02-25,2,2.0,0.03,0.06,1,25,0,0,1,1.7142857142857142,0.0
7,4544,5,True,0,2025-02-25,0,0.0,0.04,0.07,1,25,0,0,1,1.1428571428571428,0.0
7,4565,5,True,0,2025-02-25,0,0.0,0.01,0.04,1,25,0,0,1,1.1428571428571428,0.0
7,4749,5,True,0,2025-02-25,2,0.0,0.01,0.04,1,25,0,0,1,0.8571428571428571,0.0
7,4789,5,True,0,2025-02-25,8,0.0,0.02,0.05,1,25,0,0,1,1.1428571428571428,0.0
7,4939,5,True,0,2025-02-25,0,0.0,0.02,0.06,1,25,0,0,1,2.2857142857142856,0.0
7,4942,5,True,0,2025-02-25,0,0.0,0.07,0.14,1,25,0,0,1,2.0,0.0
7,5006,5,True,0,2025-02-25,3,0.0,0.03,0.03,1,25,0,0,1,1.7142857142857142,0.0
7,5049,5,True,0,2025-02-25,3,1.0,0.02,0.06,1,25,0,0,1,1.8571428571428572,0.0
7,5098,5,True,0,2025-02-25,0,0.0,0.02,0.06,1,25,0,0,1,2.2857142857142856,0.0
7,5217,5,True,0,2025-02-25,3,0.0,0.02,0.04,1,25,0,0,1,2.2857142857142856,0.0
7,139,6,False,0,2025-02-25,0,0.0,0.17,0.24,1,25,0,0,1,2.4285714285714284,0.0
7,173,6,False,0,2025-02-25,1,0.0,0.09,0.12,1,25,0,0,1,1.2857142857142858,0.0
7,337,6,False,0,2025-02-25,0,0.0,0.12,0.17,1,25,0,0,1,1.4285714285714286,0.0
7,366,6,False,0,2025-02-25,1,0.0,0.08,0.1,1,25,0,0,1,1.4285714285714286,0.0
7,386,6,False,0,2025-02-25,1,0.0,0.17,0.24,1,25,0,0,1,1.1428571428571428,0.0
7,449,6,False,0,2025-02-25,3,0.0,0.28,0.38,1,25,0,0,1,0.8571428571428571,0.0
7,594,6,False,0,2025-02-25,0,0.0,0.19,0.23,1,25,0,0,1,1.2857142857142858,0.0
7,820,6,False,0,2025-02-25,0,0.0,0.16,0.2,1,25,0,0,1,0.8571428571428571,0.0
7,988,6,False,0,2025-02-25,1,0.0,0.16,0.23,1,25,0,0,1,0.8571428571428571,0.0
7,1031,6,False,0,2025-02-25,1,0.0,0.1,0.14,1,25,0,0,1,0.8571428571428571,0.0
7,1124,6,False,0,2025-02-25,2,0.0,0.12,0.17,1,25,0,0,1,1.0,0.0
7,1276,6,False,0,2025-02-25,1,0.0,0.13,0.2,1,25,0,0,1,1.1428571428571428,0.0
7,1340,6,False,0,2025-02-25,2,0.0,0.17,0.23,1,25,0,0,1,1.1428571428571428,0.0
7,1429,6,False,0,2025-02-25,0,0.0,0.08,0.09,1,25,0,0,1,1.0,0.0
7,1534,6,False,0,2025-02-25,2,0.0,0.15,0.22,1,25,0,0,1,1.0,0.0
7,1544,6,False,0,2025-02-25,2,0.0,0.08,0.11,1,25,0,0,1,1.2857142857142858,0.0
7,1611,6,False,0,2025-02-25,0,0.0,0.11,0.16,1,25,0,0,1,1.4285714285714286,0.0
7,1650,6,False,0,2025-02-25,0,0.0,0.24,0.32,1,25,0,0,1,1.2857142857142858,0.0
7,1702,6,False,0,2025-02-25,0,0.0,0.31,0.43,1,25,0,0,1,1.0,0.0
7,1767,6,False,0,2025-02-25,1,0.0,0.12,0.15,1,25,0,0,1,0.8571428571428571,0.0
7,1807,6,False,0,2025-02-25,1,0.0,0.12,0.17,1,25,0,0,1,0.7142857142857143,0.0
7,1811,6,False,0,2025-02-25,0,0.0,0.04,0.06,1,25,0,0,1,0.8571428571428571,0.0
7,1828,6,False,0,2025-02-25,1,0.0,0.26,0.33,1,25,0,0,1,0.5714285714285714,0.0
7,1868,6,False,0,2025-02-25,1,0.0,0.12,0.14,1,25,0,0,1,0.42857142857142855,0.0
7,1901,6,False,0,2025-02-25,0,0.0,0.16,0.23,1,25,0,0,1,0.5714285714285714,0.0
7,1924,6,False,0,2025-02-25,0,0.0,0.07,0.09,1,25,0,0,1,0.5714285714285714,0.0
7,2680,6,False,0,2025-02-25,0,0.0,0.13,0.21,1,25,0,0,1,0.5714285714285714,0.0
7,2712,6,False,0,2025-02-25,3,0.0,0.12,0.14,1,25,0,0,1,0.42857142857142855,0.0
7,2912,6,False,0,2025-02-25,1,0.0,0.12,0.18,1,25,0,0,1,0.7142857142857143,0.0
7,3034,6,False,0,2025-02-25,2,0.0,0.11,0.16,1,25,0,0,1,0.8571428571428571,0.0
7,3088,6,False,0,2025-02-25,0,0.0,0.06,0.07,1,25,0,0,1,1.0,0.0
7,3187,6,False,0,2025-02-25,0,0.0,0.26,0.31,1,25,0,0,1,0.8571428571428571,0.0
7,3202,6,False,0,2025-02-25,1,0.0,0.14,0.21,1,25,0,0,1,0.8571428571428571,0.0
7,3604,6,False,0,2025-02-25,1,0.0,0.32,0.36,1,25,0,0,1,1.0,0.0
7,3648,6,False,0,2025-02-25,0,0.0,0.2,0.26,1,25,0,0,1,1.1428571428571428,0.0
7,3687,6,False,0,2025-02-25,1,0.0,0.14,0.22,1,25,0,0,1,0.7142857142857143,0.0
7,3842,6,False,0,2025-02-25,0,0.0,0.39,0.46,1,25,0,0,1,0.7142857142857143,0.0
7,3902,6,False,0,2025-02-25,1,0.0,0.17,0.22,1,25,0,0,1,0.42857142857142855,0.0
7,3912,6,False,0,2025-02-25,1,0.0,0.06,0.1,1,25,0,0,1,0.5714285714285714,0.0
7,4177,6,False,0,2025-02-25,1,0.0,0.06,0.08,1,25,0,0,1,0.7142857142857143,0.0
7,4234,6,False,0,2025-02-25,2,0.0,0.12,0.16,1,25,0,0,1,0.7142857142857143,0.0
7,4288,6,False,0,2025-02-25,1,0.0,0.13,0.21,1,25,0,0,1,0.8571428571428571,0.0
7,4376,6,False,0,2025-02-25,1,0.0,0.08,0.1,1,25,0,0,1,1.0,0.0
7,4386,6,False,0,2025-02-25,0,0.0,0.09,0.11,1,25,0,0,1,1.0,0.0
7,4468,6,False,0,2025-02-25,0,0.0,0.34,0.42,1,25,0,0,1,1.0,0.0
7,4892,6,False,0,2025-02-25,0,0.0,0.2,0.26,1,25,0,0,1,0.8571428571428571,0.0
7,4899,6,False,0,2025-02-25,2,0.0,0.06,0.1,1,25,0,0,1,0.7142857142857143,0.0
7,4917,6,False,0,2025-02-25,8,0.0,0.15,0.22,1,25,0,0,1,0.8571428571428571,0.0
7,5150,6,False,0,2025-02-25,0,0.0,0.18,0.26,1,25,0,0,1,1.7142857142857142,0.0
7,5193,6,False,0,2025-02-25,0,0.0,0.27,0.39,1,25,0,0,1,1.5714285714285714,0.0
7,188,7,False,0,2025-02-25,1,0.0,0.03,0.04,1,25,0,0,1,1.4285714285714286,0.0
7,348,7,False,0,2025-02-25,3,1.0,0.02,0.03,1,25,0,0,1,1.5714285714285714,0.0
7,392,7,False,0,2025-02-25,3,0.0,0.01,0.01,1,25,0,0,1,2.0,0.0
7,503,7,False,0,2025-02-25,22,0.0,0.01,0.01,1,25,0,0,1,2.4285714285714284,0.0
7,680,7,False,0,2025-02-25,20,0.0,0.01,0.01,1,25,0,0,1,5.285714285714286,0.0
7,743,7,False,0,2025-02-25,4,0.0,0.02,0.04,1,25,0,0,1,7.0,0.0
7,840,7,False,0,2025-02-25,4,0.0,0.02,0.03,1,25,0,0,1,7.571428571428571,0.0
7,966,7,False,0,2025-02-25,2,0.0,0.03,0.04,1,25,0,0,1,8.142857142857142,0.0
7,1084,7,False,0,2025-02-25,1,0.0,0.01,0.01,1,25,0,0,1,8.285714285714286,0.0
7,1108,7,False,0,2025-02-25,2,2.0,0.05,0.08,1,25,0,0,1,8.0,0.0
7,1128,7,False,0,2025-02-25,0,0.0,0.02,0.02,1,25,0,0,1,7.857142857142857,0.0
7,1253,7,False,0,2025-02-25,7,0.0,0.01,0.02,1,25,0,0,1,4.714285714285714,0.0
7,1445,7,False,0,2025-02-25,4,0.0,0.04,0.05,1,25,0,0,1,2.857142857142857,0.0
7,1488,7,False,0,2025-02-25,1,0.0,0.01,0.01,1,25,0,0,1,2.857142857142857,0.0
7,1556,7,False,0,2025-02-25,4,0.0,0.02,0.03,1,25,0,0,1,2.4285714285714284,0.0
7,1591,7,False,0,2025-02-25,3,0.0,0.05,0.09,1,25,0,0,1,2.7142857142857144,0.0
7,1677,7,False,0,2025-02-25,1,0.0,0.02,0.04,1,25,0,0,1,3.0,0.0
7,1697,7,False,0,2025-02-25,1,0.0,0.05,0.07,1,25,0,0,1,2.857142857142857,0.0
7,1895,7,False,0,2025-02-25,1,0.0,0.02,0.02,1,25,0,0,1,3.0,0.0
7,1905,7,False,0,2025-02-25,2,0.0,0.02,0.02,1,25,0,0,1,2.142857142857143,0.0
7,1981,7,False,0,2025-02-25,2,0.0,0.01,0.01,1,25,0,0,1,1.8571428571428572,0.0
7,2105,7,False,0,2025-02-25,4,0.0,0.02,0.03,1,25,0,0,1,2.0,0.0
7,2182,7,False,0,2025-02-25,2,0.0,0.2,0.23,1,25,0,0,1,2.0,0.0
7,2202,7,False,0,2025-02-25,4,0.0,0.11,0.14,1,25,0,0,1,1.8571428571428572,0.0
7,2232,7,False,0,2025-02-25,2,0.0,0.04,0.08,1,25,0,0,1,2.2857142857142856,0.0
7,2340,7,False,0,2025-02-25,2,0.0,0.02,0.02,1,25,0,0,1,2.4285714285714284,0.0
7,2380,7,False,0,2025-02-25,2,0.0,0.03,0.05,1,25,0,0,1,2.5714285714285716,0.0
7,2439,7,False,0,2025-02-25,4,1.0,0.03,0.04,1,25,0,0,1,2.5714285714285716,0.0
7,2645,7,False,0,2025-02-25,2,0.0,0.03,0.04,1,25,0,0,1,2.857142857142857,0.0
7,2792,7,False,0,2025-02-25,1,0.0,0.02,0.04,1,25,0,0,1,2.5714285714285716,0.0
7,2989,7,False,0,2025-02-25,17,0.0,0.0,0.0,1,25,0,0,1,2.4285714285714284,0.0
7,3025,7,False,0,2025-02-25,7,0.0,0.01,0.01,1,25,0,0,1,4.285714285714286,0.0
7,3078,7,False,0,2025-02-25,0,0.0,0.07,0.1,1,25,0,0,1,5.0,0.0
7,3111,7,False,0,2025-02-25,1,0.0,0.03,0.04,1,25,0,0,1,4.714285714285714,0.0
7,3125,7,False,0,2025-02-25,1,0.0,0.02,0.03,1,25,0,0,1,4.571428571428571,0.0
7,4069,7,False,0,2025-02-25,1,0.0,0.02,0.02,1,25,0,0,1,4.142857142857143,0.0
7,4233,7,False,0,2025-02-25,2,0.0,0.06,0.07,1,25,0,0,1,4.0,0.0
7,4424,7,False,0,2025-02-25,15,0.0,0.02,0.05,1,25,0,0,1,4.142857142857143,0.0
7,4454,7,False,0,2025-02-25,3,0.0,0.01,0.02,1,25,0,0,1,3.857142857142857,0.0
7,4484,7,False,0,2025-02-25,20,0.0,0.02,0.05,1,25,0,0,1,3.2857142857142856,0.0
7,4599,7,False,0,2025-02-25,3,0.0,0.01,0.02,1,25,0,0,1,6.142857142857143,0.0
7,4624,7,False,0,2025-02-25,0,0.0,0.03,0.04,1,25,0,0,1,6.428571428571429,0.0
7,4763,7,False,0,2025-02-25,1,0.0,0.01,0.02,1,25,0,0,1,6.285714285714286,0.0
7,4788,7,False,0,2025-02-25,4,0.0,0.02,0.04,1,25,0,0,1,6.285714285714286,0.0
7,4841,7,False,0,2025-02-25,1,0.0,0.01,0.02,1,25,0,0,1,6.571428571428571,0.0
7,4910,7,False,0,2025-02-25,1,0.0,0.2,0.23,1,25,0,0,1,4.571428571428571,0.0
7,5031,7,False,0,2025-02-25,2,0.0,0.3,0.46,1,25,0,0,1,4.285714285714286,0.0
7,5141,7,False,0,2025-02-25,1,0.0,0.02,0.03,1,25,0,0,1,1.7142857142857142,0.0
7,55,8,False,0,2025-02-25,6,0.0,0.04,0.08,1,25,0,0,1,1.4285714285714286,0.0
7,367,8,False,0,2025-02-25,15,0.0,0.02,0.04,1,25,0,0,1,2.2857142857142856,0.0
7,494,8,False,0,2025-02-25,8,0.0,0.01,0.03,1,25,0,0,1,4.285714285714286,0.0
7,566,8,False,0,2025-02-25,15,0.0,0.01,0.01,1,25,0,0,1,4.857142857142857,0.0
7,658,8,False,0,2025-02-25,2,0.0,0.1,0.17,1,25,0,0,1,6.857142857142857,0.0
7,675,8,False,0,2025-02-25,0,0.0,0.01,0.02,1,25,0,0,1,7.0,0.0
7,790,8,False,0,2025-02-25,3,0.0,0.01,0.02,1,25,0,0,1,6.714285714285714,0.0
7,868,8,False,0,2025-02-25,1,0.0,0.14,0.21,1,25,0,0,1,7.0,0.0
7,870,8,False,0,2025-02-25,2,1.0,0.01,0.02,1,25,0,0,1,6.285714285714286,0.0
7,1004,8,False,0,2025-02-25,7,0.0,0.02,0.06,1,25,0,0,1,4.428571428571429,0.0
7,1076,8,False,0,2025-02-25,9,0.0,0.01,0.02,1,25,0,0,1,4.285714285714286,0.0
7,1116,8,False,0,2025-02-25,11,1.0,0.02,0.02,1,25,0,0,1,3.4285714285714284,0.0
7,1134,8,False,0,2025-02-25,19,0.0,0.0,0.01,1,25,0,0,1,4.714285714285714,0.0
7,1285,8,False,0,2025-02-25,8,0.0,0.03,0.05,1,25,0,0,1,7.428571428571429,0.0
7,1541,8,False,0,2025-02-25,9,0.0,0.02,0.03,1,25,0,0,1,8.142857142857142,0.0
7,1748,8,False,0,2025-02-25,11,0.0,0.03,0.04,1,25,0,0,1,9.285714285714286,0.0
7,1819,8,False,0,2025-02-25,7,0.0,0.01,0.02,1,25,0,0,1,10.571428571428571,0.0
7,1923,8,False,0,2025-02-25,2,0.0,0.01,0.02,1,25,0,0,1,10.571428571428571,0.0
7,1930,8,False,0,2025-02-25,1,0.0,0.03,0.05,1,25,0,0,1,9.571428571428571,0.0
7,2029,8,False,0,2025-02-25,2,0.0,0.04,0.06,1,25,0,0,1,8.142857142857142,0.0
7,2288,8,False,0,2025-02-25,17,0.0,0.01,0.02,1,25,0,0,1,5.714285714285714,0.0
7,3028,8,False,0,2025-02-25,3,0.0,0.01,0.02,1,25,0,0,1,7.0,0.0
7,3180,8,False,0,2025-02-25,13,0.0,0.01,0.03,1,25,0,0,1,6.142857142857143,0.0
7,3450,8,False,0,2025-02-25,8,0.0,0.02,0.04,1,25,0,0,1,6.428571428571429,0.0
7,3476,8,False,0,2025-02-25,2,0.0,0.07,0.11,1,25,0,0,1,6.571428571428571,0.0
7,3574,8,False,0,2025-02-25,6,0.0,0.02,0.03,1,25,0,0,1,6.571428571428571,0.0
7,3592,8,False,0,2025-02-25,5,0.0,0.02,0.04,1,25,0,0,1,7.285714285714286,0.0
7,3750,8,False,0,2025-02-25,12,0.0,0.01,0.02,1,25,0,0,1,7.714285714285714,0.0
7,3770,8,False,0,2025-02-25,5,0.0,0.01,0.02,1,25,0,0,1,7.0,0.0
7,3890,8,False,0,2025-02-25,16,0.0,0.02,0.04,1,25,0,0,1,7.285714285714286,0.0
7,3963,8,False,0,2025-02-25,6,0.0,0.01,0.01,1,25,0,0,1,7.714285714285714,0.0
7,4115,8,False,0,2025-02-25,5,0.0,0.02,0.04,1,25,0,0,1,7.428571428571429,0.0
7,4538,8,False,0,2025-02-25,15,1.0,0.02,0.02,1,25,0,0,1,7.857142857142857,0.0
7,4609,8,False,0,2025-02-25,9,0.0,0.05,0.08,1,25,0,0,1,9.142857142857142,0.0
7,4666,8,False,0,2025-02-25,10,0.0,0.01,0.02,1,25,0,0,1,9.714285714285714,0.0
7,4668,8,False,0,2025-02-25,3,0.0,0.01,0.02,1,25,0,0,1,9.428571428571429,0.0
7,4676,8,False,0,2025-02-25,13,0.0,0.01,0.01,1,25,0,0,1,9.142857142857142,0.0
7,4751,8,False,0,2025-02-25,0,0.0,0.02,0.03,1,25,0,0,1,8.714285714285714,0.0
7,4807,8,False,0,2025-02-25,12,0.0,0.01,0.01,1,25,0,0,1,7.857142857142857,0.0
7,4862,8,False,0,2025-02-25,1,1.0,0.18,0.31,1,25,0,0,1,8.857142857142858,0.0
7,5001,8,False,0,2025-02-25,11,0.0,0.01,0.03,1,25,0,0,1,6.857142857142857,0.0
7,5203,8,False,0,2025-02-25,17,0.0,0.01,0.03,1,25,0,0,1,7.142857142857143,0.0
7,3,9,True,0,2025-02-25,0,0.0,0.02,0.06,1,25,0,0,1,8.142857142857142,0.0
7,29,9,True,0,2025-02-25,0,0.0,0.05,0.07,1,25,0,0,1,7.714285714285714,0.0
7,67,9,True,0,2025-02-25,0,0.0,0.01,0.03,1,25,0,0,1,5.857142857142857,0.0
7,68,9,True,0,2025-02-25,0,0.0,0.02,0.04,1,25,0,0,1,5.857142857142857,0.0
7,75,9,True,0,2025-02-25,3,0.0,0.03,0.05,1,25,0,0,1,4.142857142857143,0.0
7,162,9,True,0,2025-02-25,0,0.0,0.03,0.06,1,25,0,0,1,4.428571428571429,0.0
7,176,9,True,0,2025-02-25,0,0.0,0.02,0.05,1,25,0,0,1,2.857142857142857,0.0
7,266,9,True,0,2025-02-25,0,0.0,0.03,0.07,1,25,0,0,1,0.42857142857142855,0.0
7,322,9,True,0,2025-02-25,0,0.0,0.05,0.07,1,25,0,0,1,0.42857142857142855,0.0
7,335,9,True,0,2025-02-25,0,0.0,0.02,0.03,1,25,0,0,1,0.42857142857142855,0.0
7,342,9,True,0,2025-02-25,0,0.0,0.02,0.1,1,25,0,0,1,0.42857142857142855,0.0
7,379,9,True,0,2025-02-25,0,1.0,0.06,0.07,1,25,0,0,1,0.42857142857142855,0.0
7,426,9,True,0,2025-02-25,0,0.0,0.05,0.14,1,25,0,0,1,0.0,0.0
7,469,9,True,0,2025-02-25,0,0.0,0.02,0.03,1,25,0,0,1,0.0,0.0
7,487,9,True,0,2025-02-25,10,2.0,0.03,0.06,1,25,0,0,1,0.0,0.0
7,500,9,True,0,2025-02-25,0,0.0,0.01,0.06,1,25,0,0,1,1.4285714285714286,0.0
7,520,9,True,0,2025-02-25,0,0.0,0.04,0.1,1,25,0,0,1,1.4285714285714286,0.0
7,546,9,True,0,2025-02-25,1,0.0,0.02,0.05,1,25,0,0,1,1.4285714285714286,0.0
7,562,9,True,0,2025-02-25,0,0.0,0.03,0.05,1,25,0,0,1,1.5714285714285714,0.0
7,589,9,True,0,2025-02-25,0,0.0,0.03,0.05,1,25,0,0,1,1.5714285714285714,0.0
7,591,9,True,0,2025-02-25,0,0.0,0.04,0.09,1,25,0,0,1,1.5714285714285714,0.0
7,654,9,True,0,2025-02-25,0,0.0,0.03,0.08,1,25,0,0,1,1.5714285714285714,0.0
7,673,9,True,0,2025-02-25,0,0.0,0.02,0.06,1,25,0,0,1,0.14285714285714285,0.0
7,687,9,True,0,2025-02-25,0,0.0,0.04,0.09,1,25,0,0,1,0.14285714285714285,0.0
7,698,9,True,0,2025-02-25,0,0.0,0.04,0.16,1,25,0,0,1,0.14285714285714285,0.0
7,708,9,True,0,2025-02-25,0,0.0,0.04,0.1,1,25,0,0,1,0.0,0.0
7,715,9,True,0,2025-02-25,1,1.0,0.02,0.04,1,25,0,0,1,0.0,0.0
7,738,9,True,0,2025-02-25,1,0.0,0.03,0.11,1,25,0,0,1,0.14285714285714285,0.0
7,856,9,True,0,2025-02-25,1,0.0,0.01,0.02,1,25,0,0,1,0.2857142857142857,0.0
7,884,9,True,0,2025-02-25,0,0.0,0.05,0.07,1,25,0,0,1,0.42857142857142855,0.0
7,893,9,True,0,2025-02-25,0,0.0,0.02,0.05,1,25,0,0,1,0.42857142857142855,0.0
7,908,9,True,0,2025-02-25,0,5.0,0.05,0.09,1,25,0,0,1,0.42857142857142855,0.0
7,920,9,True,0,2025-02-25,0,0.0,0.04,0.05,1,25,0,0,1,0.42857142857142855,0.0
7,942,9,True,0,2025-02-25,2,0.0,0.01,0.05,1,25,0,0,1,0.42857142857142855,0.0
7,955,9,True,0,2025-02-25,0,0.0,0.06,0.08,1,25,0,0,1,0.5714285714285714,0.0
7,957,9,True,0,2025-02-25,0,0.0,0.05,0.15,1,25,0,0,1,0.42857142857142855,0.0
7,977,9,True,0,2025-02-25,0,0.0,0.1,0.16,1,25,0,0,1,0.2857142857142857,0.0
7,1016,9,True,0,2025-02-25,0,0.0,0.02,0.07,1,25,0,0,1,0.2857142857142857,0.0
7,1039,9,True,0,2025-02-25,0,0.0,0.01,0.04,1,25,0,0,1,0.2857142857142857,0.0
7,1050,9,True,0,2025-02-25,0,0.0,0.07,0.19,1,25,0,0,1,0.2857142857142857,0.0
7,1075,9,True,0,2025-02-25,3,0.0,0.03,0.04,1,25,0,0,1,0.2857142857142857,0.0
7,1081,9,True,0,2025-02-25,0,0.0,0.02,0.1,1,25,0,0,1,0.42857142857142855,0.0
7,1157,9,True,0,2025-02-25,0,0.0,0.04,0.1,1,25,0,0,1,0.42857142857142855,0.0
7,1168,9,True,0,2025-02-25,0,0.0,0.09,0.15,1,25,0,0,1,0.42857142857142855,0.0
7,1241,9,True,0,2025-02-25,0,0.0,0.05,0.13,1,25,0,0,1,0.42857142857142855,0.0
7,1243,9,True,0,2025-02-25,0,0.0,0.04,0.08,1,25,0,0,1,0.42857142857142855,0.0
7,1281,9,True,0,2025-02-25,0,0.0,0.02,0.03,1,25,0,0,1,0.42857142857142855,0.0
7,1334,9,True,0,2025-02-25,0,0.0,0.02,0.04,1,25,0,0,1,0.42857142857142855,0.0
7,1364,9,True,0,2025-02-25,0,0.0,0.03,0.11,1,25,0,0,1,0.0,0.0
7,1453,9,True,0,2025-02-25,0,0.0,0.04,0.07,1,25,0,0,1,0.0,0.0
7,1504,9,True,0,2025-02-25,0,0.0,0.1,0.12,1,25,0,0,1,0.0,0.0
7,1615,9,True,0,2025-02-25,0,0.0,0.02,0.04,1,25,0,0,1,0.0,0.0
7,1699,9,True,0,2025-02-25,0,0.0,0.04,0.08,1,25,0,0,1,0.0,0.0
7,1701,9,True,0,2025-02-25,0,0.0,0.03,0.04,1,25,0,0,1,0.0,0.0
7,1713,9,True,0,2025-02-25,0,0.0,0.01,0.02,1,25,0,0,1,0.0,0.0
7,1728,9,True,0,2025-02-25,0,0.0,0.02,0.07,1,25,0,0,1,0.0,0.0
7,1774,9,True,0,2025-02-25,0,0.0,0.04,0.06,1,25,0,0,1,0.0,0.0
7,1872,9,True,0,2025-02-25,0,0.0,0.03,0.1,1,25,0,0,1,0.0,0.0
7,1885,9,True,0,2025-02-25,93,0.0,0.01,0.01,1,25,0,0,1,0.0,0.0
7,1890,9,True,0,2025-02-25,0,0.0,0.02,0.06,1,25,0,0,1,13.285714285714286,0.0
7,2007,9,True,0,2025-02-25,0,0.0,0.02,0.07,1,25,0,0,1,13.285714285714286,0.0
7,2009,9,True,0,2025-02-25,0,0.0,0.01,0.03,1,25,0,0,1,13.285714285714286,0.0
7,2067,9,True,0,2025-02-25,0,0.0,0.04,0.09,1,25,0,0,1,13.285714285714286,0.0
7,2068,9,True,0,2025-02-25,0,0.0,0.02,0.05,1,25,0,0,1,13.285714285714286,0.0
7,2073,9,True,0,2025-02-25,0,0.0,0.01,0.03,1,25,0,0,1,13.285714285714286,0.0
7,2076,9,True,0,2025-02-25,0,0.0,0.04,0.08,1,25,0,0,1,13.285714285714286,0.0
7,2121,9,True,0,2025-02-25,0,0.0,0.02,0.05,1,25,0,0,1,0.0,0.0
7,2138,9,True,0,2025-02-25,0,0.0,0.05,0.09,1,25,0,0,1,0.0,0.0
7,2184,9,True,0,2025-02-25,0,0.0,0.02,0.07,1,25,0,0,1,0.0,0.0
7,2220,9,True,0,2025-02-25,0,0.0,0.01,0.05,1,25,0,0,1,0.0,0.0
7,2225,9,True,0,2025-02-25,0,0.0,0.03,0.09,1,25,0,0,1,0.0,0.0
7,2299,9,True,0,2025-02-25,0,0.0,0.02,0.05,1,25,0,0,1,0.0,0.0
7,2353,9,True,0,2025-02-25,0,0.0,0.01,0.01,1,25,0,0,1,0.0,0.0
7,2356,9,True,0,2025-02-25,0,0.0,0.01,0.01,1,25,0,0,1,0.0,0.0
7,2388,9,True,0,2025-02-25,0,0.0,0.03,0.11,1,25,0,0,1,0.0,0.0
7,2409,9,True,0,2025-02-25,0,0.0,0.05,0.09,1,25,0,0,1,0.0,0.0
7,2427,9,True,0,2025-02-25,1,0.0,0.01,0.03,1,25,0,0,1,0.0,0.0
7,2449,9,True,0,2025-02-25,0,0.0,0.05,0.1,1,25,0,0,1,0.14285714285714285,0.0
7,2493,9,True,0,2025-02-25,0,0.0,0.02,0.04,1,25,0,0,1,0.14285714285714285,0.0
7,2540,9,True,0,2025-02-25,0,0.0,0.05,0.15,1,25,0,0,1,0.14285714285714285,0.0
7,2552,9,True,0,2025-02-25,0,0.0,0.04,0.06,1,25,0,0,1,0.14285714285714285,0.0
7,2597,9,True,0,2025-02-25,0,0.0,0.01,0.03,1,25,0,0,1,0.14285714285714285,0.0
7,2608,9,True,0,2025-02-25,0,0.0,0.04,0.09,1,25,0,0,1,0.14285714285714285,0.0
7,2629,9,True,0,2025-02-25,0,0.0,0.02,0.1,1,25,0,0,1,0.14285714285714285,0.0
7,2633,9,True,0,2025-02-25,0,0.0,0.01,0.01,1,25,0,0,1,0.0,0.0
7,2684,9,True,0,2025-02-25,0,0.0,0.04,0.09,1,25,0,0,1,0.0,0.0
7,2694,9,True,0,2025-02-25,0,0.0,0.04,0.1,1,25,0,0,1,0.0,0.0
7,2724,9,True,0,2025-02-25,0,0.0,0.01,0.04,1,25,0,0,1,0.0,0.0
7,2791,9,True,0,2025-02-25,0,0.0,0.1,0.2,1,25,0,0,1,0.0,0.0
7,2796,9,True,0,2025-02-25,0,0.0,0.03,0.08,1,25,0,0,1,0.0,0.0
7,2828,9,True,0,2025-02-25,4,0.0,0.02,0.05,1,25,0,0,1,0.0,0.0
7,2868,9,True,0,2025-02-25,0,0.0,0.03,0.04,1,25,0,0,1,0.5714285714285714,0.0
7,2869,9,True,0,2025-02-25,0,0.0,0.05,0.09,1,25,0,0,1,0.5714285714285714,0.0
7,2877,9,True,0,2025-02-25,0,0.0,0.1,0.23,1,25,0,0,1,0.5714285714285714,0.0
7,2895,9,True,0,2025-02-25,0,0.0,0.06,0.08,1,25,0,0,1,0.5714285714285714,0.0
7,2896,9,True,0,2025-02-25,0,0.0,0.04,0.07,1,25,0,0,1,0.5714285714285714,0.0
7,2921,9,True,0,2025-02-25,0,0.0,0.07,0.29,1,25,0,0,1,0.5714285714285714,0.0
7,2937,9,True,0,2025-02-25,0,0.0,0.03,0.07,1,25,0,0,1,0.5714285714285714,0.0
7,2945,9,True,0,2025-02-25,0,0.0,0.06,0.09,1,25,0,0,1,0.0,0.0
7,2967,9,True,0,2025-02-25,0,0.0,0.13,0.19,1,25,0,0,1,0.0,0.0
7,2986,9,True,0,2025-02-25,0,0.0,0.03,0.03,1,25,0,0,1,0.0,0.0
7,2998,9,True,0,2025-02-25,0,1.0,0.01,0.05,1,25,0,0,1,0.0,0.0
7,3036,9,True,0,2025-02-25,0,0.0,0.03,0.09,1,25,0,0,1,0.0,0.0
7,3059,9,True,0,2025-02-25,0,0.0,0.06,0.1,1,25,0,0,1,0.0,0.0
7,3160,9,True,0,2025-02-25,0,0.0,0.01,0.02,1,25,0,0,1,0.0,0.0
7,3191,9,True,0,2025-02-25,0,0.0,0.06,0.1,1,25,0,0,1,0.0,0.0
7,3291,9,True,0,2025-02-25,0,0.0,0.05,0.1,1,25,0,0,1,0.0,0.0
7,3332,9,True,0,2025-02-25,0,0.0,0.02,0.09,1,25,0,0,1,0.0,0.0
7,3367,9,True,0,2025-02-25,0,0.0,0.06,0.07,1,25,0,0,1,0.0,0.0
7,3405,9,True,0,2025-02-25,0,0.0,0.01,0.04,1,25,0,0,1,0.0,0.0
7,3412,9,True,0,2025-02-25,0,0.0,0.01,0.02,1,25,0,0,1,0.0,0.0
7,3477,9,True,0,2025-02-25,0,0.0,0.03,0.05,1,25,0,0,1,0.0,0.0
7,3491,9,True,0,2025-02-25,0,0.0,0.03,0.12,1,25,0,0,1,0.0,0.0
7,3503,9,True,0,2025-02-25,0,1.0,0.01,0.04,1,25,0,0,1,0.0,0.0
7,3505,9,True,0,2025-02-25,0,0.0,0.04,0.1,1,25,0,0,1,0.0,0.0
7,3531,9,True,0,2025-02-25,0,0.0,0.02,0.06,1,25,0,0,1,0.0,0.0
7,3584,9,True,0,2025-02-25,0,0.0,0.02,0.09,1,25,0,0,1,0.0,0.0
7,3699,9,True,0,2025-02-25,1,0.0,0.01,0.02,1,25,0,0,1,0.0,0.0
7,3702,9,True,0,2025-02-25,0,0.0,0.02,0.03,1,25,0,0,1,0.14285714285714285,0.0
7,3794,9,True,0,2025-02-25,0,0.0,0.03,0.03,1,25,0,0,1,0.14285714285714285,0.0
7,3836,9,True,0,2025-02-25,0,0.0,0.05,0.1,1,25,0,0,1,0.14285714285714285,0.0
7,3872,9,True,0,2025-02-25,4,0.0,0.04,0.07,1,25,0,0,1,0.14285714285714285,0.0
7,3884,9,True,0,2025-02-25,0,0.0,0.01,0.03,1,25,0,0,1,0.7142857142857143,0.0
7,3962,9,True,0,2025-02-25,0,3.0,0.05,0.15,1,25,0,0,1,0.7142857142857143,0.0
7,3998,9,True,0,2025-02-25,0,0.0,0.04,0.09,1,25,0,0,1,0.7142857142857143,0.0
7,4008,9,True,0,2025-02-25,0,0.0,0.04,0.18,1,25,0,0,1,0.5714285714285714,0.0
7,4056,9,True,0,2025-02-25,0,0.0,0.02,0.05,1,25,0,0,1,0.5714285714285714,0.0
7,4075,9,True,0,2025-02-25,0,0.0,0.06,0.2,1,25,0,0,1,0.5714285714285714,0.0
7,4083,9,True,0,2025-02-25,0,0.0,0.09,0.19,1,25,0,0,1,0.5714285714285714,0.0
7,4232,9,True,0,2025-02-25,0,0.0,0.13,0.18,1,25,0,0,1,0.0,0.0
7,4259,9,True,0,2025-02-25,0,0.0,0.26,0.31,1,25,0,0,1,0.0,0.0
7,4262,9,True,0,2025-02-25,0,0.0,0.02,0.05,1,25,0,0,1,0.0,0.0
7,4279,9,True,0,2025-02-25,0,0.0,0.05,0.1,1,25,0,0,1,0.0,0.0
7,4296,9,True,0,2025-02-25,0,0.0,0.04,0.07,1,25,0,0,1,0.0,0.0
7,4332,9,True,0,2025-02-25,0,0.0,0.04,0.1,1,25,0,0,1,0.0,0.0
7,4353,9,True,0,2025-02-25,0,0.0,0.01,0.07,1,25,0,0,1,0.0,0.0
7,4363,9,True,0,2025-02-25,0,0.0,0.05,0.12,1,25,0,0,1,0.0,0.0
7,4393,9,True,0,2025-02-25,1,0.0,0.09,0.13,1,25,0,0,1,0.0,0.0
7,4406,9,True,0,2025-02-25,0,0.0,0.02,0.07,1,25,0,0,1,0.14285714285714285,0.0
7,4459,9,True,0,2025-02-25,4,0.0,0.02,0.04,1,25,0,0,1,0.14285714285714285,0.0
7,4477,9,True,0,2025-02-25,0,0.0,0.03,0.03,1,25,0,0,1,0.7142857142857143,0.0
7,4532,9,True,0,2025-02-25,0,0.0,0.02,0.04,1,25,0,0,1,0.7142857142857143,0.0
7,4574,9,True,0,2025-02-25,1,1.0,0.01,0.05,1,25,0,0,1,0.7142857142857143,0.0
7,4623,9,True,0,2025-02-25,0,0.0,0.03,0.08,1,25,0,0,1,0.8571428571428571,0.0
7,4677,9,True,0,2025-02-25,0,0.0,0.12,0.24,1,25,0,0,1,0.8571428571428571,0.0
7,4695,9,True,0,2025-02-25,0,0.0,0.04,0.07,1,25,0,0,1,0.7142857142857143,0.0
7,4709,9,True,0,2025-02-25,1,0.0,0.08,0.12,1,25,0,0,1,0.7142857142857143,0.0
7,4728,9,True,0,2025-02-25,0,0.0,0.02,0.02,1,25,0,0,1,0.2857142857142857,0.0
7,4737,9,True,0,2025-02-25,5,0.0,0.01,0.03,1,25,0,0,1,0.2857142857142857,0.0
7,4775,9,True,0,2025-02-25,0,0.0,0.04,0.1,1,25,0,0,1,1.0,0.0
7,4784,9,True,0,2025-02-25,0,0.0,0.01,0.03,1,25,0,0,1,0.8571428571428571,0.0
7,4858,9,True,0,2025-02-25,0,0.0,0.15,0.21,1,25,0,0,1,0.8571428571428571,0.0
7,4863,9,True,0,2025-02-25,1,0.0,0.02,0.05,1,25,0,0,1,0.8571428571428571,0.0
7,4927,9,True,0,2025-02-25,0,0.0,0.06,0.1,1,25,0,0,1,1.0,0.0
7,4974,9,True,0,2025-02-25,0,0.0,0.02,0.05,1,25,0,0,1,0.8571428571428571,0.0
7,5011,9,True,0,2025-02-25,0,0.0,0.06,0.11,1,25,0,0,1,0.8571428571428571,0.0
7,5012,9,True,0,2025-02-25,0,0.0,0.01,0.03,1,25,0,0,1,0.14285714285714285,0.0
7,5070,9,True,0,2025-02-25,0,0.0,0.05,0.08,1,25,0,0,1,0.14285714285714285,0.0
7,5226,9,True,0,2025-02-25,0,0.0,0.05,0.1,1,25,0,0,1,0.14285714285714285,0.0
7,5242,9,True,0,2025-02-25,0,0.0,0.04,0.06,1,25,0,0,1,0.14285714285714285,0.0
7,5252,9,True,0,2025-02-25,0,0.0,0.01,0.01,1,25,0,0,1,0.0,0.0
7,15,10,False,0,2025-02-25,9,1.0,0.03,0.13,1,25,0,0,1,0.0,0.0
7,149,10,False,0,2025-02-25,15,0.0,0.02,0.07,1,25,0,0,1,1.2857142857142858,0.0
7,2636,10,False,0,2025-02-25,8,1.0,0.09,0.22,1,25,0,0,1,3.4285714285714284,0.0
7,3122,10,False,0,2025-02-25,13,0.0,0.01,0.04,1,25,0,0,1,4.571428571428571,0.0
7,3904,10,False,0,2025-02-25,22,0.0,0.03,0.09,1,25,0,0,1,6.428571428571429,0.0
7,4959,10,False,0,2025-02-25,23,0.0,0.01,0.02,1,25,0,0,1,9.571428571428571,0.0
7,518,11,False,0,2025-02-25,2,0.0,0.16,0.15,1,25,0,0,1,12.857142857142858,0.0
7,669,11,False,0,2025-02-25,3,0.0,0.07,0.09,1,25,0,0,1,13.142857142857142,0.0
7,926,11,False,0,2025-02-25,3,0.0,0.14,0.18,1,25,0,0,1,12.285714285714286,0.0
7,934,11,False,0,2025-02-25,1,0.0,0.18,0.22,1,25,0,0,1,10.571428571428571,0.0
7,1341,11,False,0,2025-02-25,2,0.0,0.16,0.17,1,25,0,0,1,9.571428571428571,0.0
7,1710,11,False,0,2025-02-25,3,0.0,0.12,0.15,1,25,0,0,1,8.0,0.0
7,1735,11,False,0,2025-02-25,2,1.0,0.1,0.14,1,25,0,0,1,5.285714285714286,0.0
7,1879,11,False,0,2025-02-25,4,0.0,0.1,0.15,1,25,0,0,1,2.2857142857142856,0.0
7,3084,11,False,0,2025-02-25,2,0.0,0.12,0.15,1,25,0,0,1,2.5714285714285716,0.0
7,3602,11,False,0,2025-02-25,2,0.0,0.12,0.15,1,25,0,0,1,2.4285714285714284,0.0
7,3829,11,False,0,2025-02-25,6,0.0,0.1,0.15,1,25,0,0,1,2.2857142857142856,0.0
7,3961,11,False,0,2025-02-25,3,0.0,0.09,0.12,1,25,0,0,1,3.0,0.0
7,4171,11,False,0,2025-02-25,3,0.0,0.14,0.2,1,25,0,0,1,3.142857142857143,0.0
7,4322,11,False,0,2025-02-25,4,0.0,0.1,0.12,1,25,0,0,1,3.142857142857143,0.0
7,4441,11,False,0,2025-02-25,3,0.0,0.12,0.16,1,25,0,0,1,3.4285714285714284,0.0
7,4930,11,False,0,2025-02-25,4,0.0,0.09,0.12,1,25,0,0,1,3.2857142857142856,0.0
7,27,1,False,0,2025-02-23,2,0.0,0.07,0.08,6,23,0,1,0,3.5714285714285716,0.0
7,982,1,False,0,2025-02-23,2,0.0,0.2,0.23,6,23,0,1,0,3.5714285714285716,0.0
7,1030,1,False,0,2025-02-23,2,0.0,0.29,0.34,6,23,0,1,0,3.0,0.0
7,1304,1,False,0,2025-02-23,1,0.0,0.04,0.05,6,23,0,1,0,2.857142857142857,0.0
7,1590,1,False,0,2025-02-23,4,0.0,0.06,0.07,6,23,0,1,0,2.5714285714285716,0.0
7,1752,1,False,0,2025-02-23,2,0.0,0.16,0.2,6,23,0,1,0,2.5714285714285716,0.0
7,1840,1,False,0,2025-02-23,2,0.0,0.13,0.15,6,23,0,1,0,2.4285714285714284,0.0
7,1853,1,False,0,2025-02-23,0,0.0,0.18,0.19,6,23,0,1,0,2.142857142857143,0.0
7,1874,1,False,0,2025-02-23,3,0.0,0.03,0.04,6,23,0,1,0,1.8571428571428572,0.0
7,2850,1,False,0,2025-02-23,2,0.0,0.18,0.2,6,23,0,1,0,2.0,0.0
7,3058,1,False,0,2025-02-23,3,0.0,0.16,0.22,6,23,0,1,0,2.0,0.0
7,3120,1,False,0,2025-02-23,3,0.0,0.16,0.17,6,23,0,1,0,2.2857142857142856,0.0
7,3621,1,False,0,2025-02-23,2,0.0,0.03,0.04,6,23,0,1,0,2.142857142857143,0.0
7,3625,1,False,0,2025-02-23,2,0.0,0.16,0.19,6,23,0,1,0,2.142857142857143,0.0
7,4088,1,False,0,2025-02-23,0,0.0,0.33,0.4,6,23,0,1,0,2.142857142857143,0.0
7,4089,1,False,0,2025-02-23,1,0.0,0.16,0.24,6,23,0,1,0,2.142857142857143,0.0
7,4206,1,False,0,2025-02-23,2,0.0,0.5,0.65,6,23,0,1,0,1.8571428571428572,0.0
7,4693,1,False,0,2025-02-23,2,0.0,0.09,0.12,6,23,0,1,0,1.8571428571428572,0.0
7,5035,1,False,0,2025-02-23,3,0.0,0.13,0.15,6,23,0,1,0,1.7142857142857142,0.0
7,9,3,True,0,2025-02-23,0,0.0,0.11,0.16,6,23,0,1,0,1.7142857142857142,0.0
7,42,3,True,0,2025-02-23,7,0.0,0.05,0.06,6,23,0,1,0,1.4285714285714286,0.0
7,54,3,True,0,2025-02-23,0,1.0,0.18,0.2,6,23,0,1,0,2.142857142857143,0.0
7,63,3,True,0,2025-02-23,0,0.0,0.14,0.17,6,23,0,1,0,2.142857142857143,0.0
7,71,3,True,0,2025-02-23,1,0.0,0.03,0.03,6,23,0,1,0,2.0,0.0
7,73,3,True,0,2025-02-23,0,0.0,0.15,0.19,6,23,0,1,0,1.8571428571428572,0.0
7,118,3,True,0,2025-02-23,7,0.0,0.05,0.07,6,23,0,1,0,1.5714285714285714,0.0
7,151,3,True,0,2025-02-23,0,0.0,0.21,0.29,6,23,0,1,0,2.142857142857143,0.0
7,154,3,True,0,2025-02-23,0,0.0,0.18,0.24,6,23,0,1,0,2.142857142857143,0.0
7,156,3,True,0,2025-02-23,0,0.0,0.04,0.05,6,23,0,1,0,1.1428571428571428,0.0
7,224,3,True,0,2025-02-23,0,1.0,0.06,0.08,6,23,0,1,0,1.1428571428571428,0.0
7,230,3,True,0,2025-02-23,16,0.0,0.03,0.05,6,23,0,1,0,1.1428571428571428,0.0
7,258,3,True,0,2025-02-23,1,0.0,0.03,0.04,6,23,0,1,0,3.2857142857142856,0.0
7,304,3,True,0,2025-02-23,0,0.0,0.1,0.12,6,23,0,1,0,3.4285714285714284,0.0
7,307,3,True,0,2025-02-23,0,0.0,0.16,0.19,6,23,0,1,0,2.4285714285714284,0.0
7,319,3,True,0,2025-02-23,1,1.0,0.35,0.44,6,23,0,1,0,2.4285714285714284,0.0
7,323,3,True,0,2025-02-23,1,0.0,0.28,0.32,6,23,0,1,0,2.5714285714285716,0.0
7,347,3,True,0,2025-02-23,0,0.0,0.06,0.07,6,23,0,1,0,2.7142857142857144,0.0
7,377,3,True,0,2025-02-23,0,0.0,0.14,0.16,6,23,0,1,0,2.7142857142857144,0.0
7,384,3,True,0,2025-02-23,0,0.0,0.04,0.06,6,23,0,1,0,0.42857142857142855,0.0
7,396,3,True,0,2025-02-23,0,0.0,0.22,0.26,6,23,0,1,0,0.2857142857142857,0.0
7,400,3,True,0,2025-02-23,1,1.0,0.19,0.21,6,23,0,1,0,0.2857142857142857,0.0
7,409,3,True,0,2025-02-23,0,0.0,0.1,0.13,6,23,0,1,0,0.42857142857142855,0.0
7,414,3,True,0,2025-02-23,0,0.0,0.08,0.1,6,23,0,1,0,0.2857142857142857,0.0
7,424,3,True,0,2025-02-23,1,0.0,0.09,0.11,6,23,0,1,0,0.14285714285714285,0.0
7,430,3,True,0,2025-02-23,0,0.0,0.13,0.1,6,23,0,1,0,0.2857142857142857,0.0
7,452,3,True,0,2025-02-23,1,0.0,0.07,0.08,6,23,0,1,0,0.2857142857142857,0.0
7,514,3,True,0,2025-02-23,0,0.0,0.16,0.22,6,23,0,1,0,0.42857142857142855,0.0
7,541,3,True,0,2025-02-23,1,0.0,0.07,0.1,6,23,0,1,0,0.42857142857142855,0.0
7,550,3,True,0,2025-02-23,0,0.0,0.13,0.15,6,23,0,1,0,0.42857142857142855,0.0
7,570,3,True,0,2025-02-23,0,0.0,0.15,0.17,6,23,0,1,0,0.42857142857142855,0.0
7,571,3,True,0,2025-02-23,0,0.0,0.11,0.12,6,23,0,1,0,0.42857142857142855,0.0
7,604,3,True,0,2025-02-23,0,0.0,0.3,0.35,6,23,0,1,0,0.2857142857142857,0.0
7,618,3,True,0,2025-02-23,0,0.0,0.13,0.14,6,23,0,1,0,0.2857142857142857,0.0
7,630,3,True,0,2025-02-23,0,0.0,0.06,0.08,6,23,0,1,0,0.14285714285714285,0.0
7,642,3,True,0,2025-02-23,2,0.0,0.07,0.09,6,23,0,1,0,0.14285714285714285,0.0
7,643,3,True,0,2025-02-23,0,0.0,0.06,0.07,6,23,0,1,0,0.2857142857142857,0.0
7,664,3,True,0,2025-02-23,0,0.0,0.14,0.17,6,23,0,1,0,0.2857142857142857,0.0
7,674,3,True,0,2025-02-23,0,1.0,0.15,0.19,6,23,0,1,0,0.2857142857142857,0.0
7,679,3,True,0,2025-02-23,2,0.0,0.06,0.07,6,23,0,1,0,0.2857142857142857,0.0
7,713,3,True,0,2025-02-23,0,0.0,0.06,0.07,6,23,0,1,0,0.5714285714285714,0.0
7,725,3,True,0,2025-02-23,0,0.0,0.18,0.21,6,23,0,1,0,0.5714285714285714,0.0
7,766,3,True,0,2025-02-23,0,0.0,0.06,0.07,6,23,0,1,0,0.5714285714285714,0.0
7,767,3,True,0,2025-02-23,0,0.0,0.17,0.24,6,23,0,1,0,0.2857142857142857,0.0
7,775,3,True,0,2025-02-23,0,0.0,0.12,0.15,6,23,0,1,0,0.2857142857142857,0.0
7,800,3,True,0,2025-02-23,1,0.0,0.26,0.35,6,23,0,1,0,0.2857142857142857,0.0
7,804,3,True,0,2025-02-23,0,0.0,0.1,0.17,6,23,0,1,0,0.42857142857142855,0.0
7,806,3,True,0,2025-02-23,0,0.0,0.08,0.1,6,23,0,1,0,0.14285714285714285,0.0
7,807,3,True,0,2025-02-23,0,0.0,0.13,0.15,6,23,0,1,0,0.14285714285714285,0.0
7,808,3,True,0,2025-02-23,1,0.0,0.06,0.07,6,23,0,1,0,0.14285714285714285,0.0
7,832,3,True,0,2025-02-23,0,0.0,0.12,0.15,6,23,0,1,0,0.2857142857142857,0.0
7,836,3,True,0,2025-02-23,0,0.0,0.07,0.08,6,23,0,1,0,0.2857142857142857,0.0
7,841,3,True,0,2025-02-23,0,1.0,0.13,0.16,6,23,0,1,0,0.2857142857142857,0.0
7,847,3,True,0,2025-02-23,1,0.0,0.08,0.13,6,23,0,1,0,0.14285714285714285,0.0
7,850,3,True,0,2025-02-23,0,0.0,0.49,0.51,6,23,0,1,0,0.2857142857142857,0.0
7,874,3,True,0,2025-02-23,0,0.0,0.03,0.04,6,23,0,1,0,0.2857142857142857,0.0
7,897,3,True,0,2025-02-23,0,1.0,0.05,0.06,6,23,0,1,0,0.2857142857142857,0.0
7,903,3,True,0,2025-02-23,1,0.0,0.05,0.08,6,23,0,1,0,0.14285714285714285,0.0
7,905,3,True,0,2025-02-23,0,0.0,0.12,0.17,6,23,0,1,0,0.2857142857142857,0.0
7,921,3,True,0,2025-02-23,0,0.0,0.09,0.12,6,23,0,1,0,0.2857142857142857,0.0
7,922,3,True,0,2025-02-23,0,0.0,0.07,0.1,6,23,0,1,0,0.2857142857142857,0.0
7,937,3,True,0,2025-02-23,14,0.0,0.03,0.05,6,23,0,1,0,0.14285714285714285,0.0
7,940,3,True,0,2025-02-23,1,0.0,0.2,0.24,6,23,0,1,0,2.142857142857143,0.0
7,965,3,True,0,2025-02-23,2,0.0,0.36,0.43,6,23,0,1,0,2.2857142857142856,0.0
7,971,3,True,0,2025-02-23,2,0.0,0.08,0.1,6,23,0,1,0,2.5714285714285716,0.0
7,978,3,True,0,2025-02-23,0,0.0,0.11,0.16,6,23,0,1,0,2.7142857142857144,0.0
7,983,3,True,0,2025-02-23,0,0.0,0.11,0.13,6,23,0,1,0,2.7142857142857144,0.0
7,1005,3,True,0,2025-02-23,2,1.0,0.07,0.09,6,23,0,1,0,2.7142857142857144,0.0
7,1006,3,True,0,2025-02-23,0,0.0,0.03,0.04,6,23,0,1,0,3.0,0.0
7,1022,3,True,0,2025-02-23,1,0.0,0.09,0.11,6,23,0,1,0,1.0,0.0
7,1046,3,True,0,2025-02-23,0,0.0,0.06,0.1,6,23,0,1,0,1.0,0.0
7,1074,3,True,0,2025-02-23,2,0.0,0.11,0.13,6,23,0,1,0,0.7142857142857143,0.0
7,1080,3,True,0,2025-02-23,0,0.0,0.15,0.17,6,23,0,1,0,0.7142857142857143,0.0
7,1089,3,True,0,2025-02-23,0,0.0,0.11,0.14,6,23,0,1,0,0.7142857142857143,0.0
7,1094,3,True,0,2025-02-23,1,0.0,0.18,0.19,6,23,0,1,0,0.7142857142857143,0.0
7,1106,3,True,0,2025-02-23,6,0.0,0.08,0.12,6,23,0,1,0,0.5714285714285714,0.0
7,1141,3,True,0,2025-02-23,1,0.0,0.09,0.14,6,23,0,1,0,1.4285714285714286,0.0
7,1142,3,True,0,2025-02-23,0,0.0,0.28,0.26,6,23,0,1,0,1.4285714285714286,0.0
7,1150,3,True,0,2025-02-23,0,0.0,0.04,0.05,6,23,0,1,0,1.4285714285714286,0.0
7,1153,3,True,0,2025-02-23,0,0.0,0.07,0.08,6,23,0,1,0,1.1428571428571428,0.0
7,1173,3,True,0,2025-02-23,0,0.0,0.05,0.05,6,23,0,1,0,1.1428571428571428,0.0
7,1208,3,True,0,2025-02-23,1,0.0,0.1,0.12,6,23,0,1,0,1.1428571428571428,0.0
7,1246,3,True,0,2025-02-23,0,0.0,0.04,0.07,6,23,0,1,0,1.1428571428571428,0.0
7,1254,3,True,0,2025-02-23,0,0.0,0.23,0.29,6,23,0,1,0,0.2857142857142857,0.0
7,1280,3,True,0,2025-02-23,0,0.0,0.14,0.1,6,23,0,1,0,0.14285714285714285,0.0
7,1315,3,True,0,2025-02-23,0,0.0,0.14,0.19,6,23,0,1,0,0.14285714285714285,0.0
7,1322,3,True,0,2025-02-23,0,0.0,0.25,0.35,6,23,0,1,0,0.14285714285714285,0.0
7,1337,3,True,0,2025-02-23,0,0.0,0.04,0.05,6,23,0,1,0,0.14285714285714285,0.0
7,1348,3,True,0,2025-02-23,0,0.0,0.14,0.19,6,23,0,1,0,0.14285714285714285,0.0
7,1353,3,True,0,2025-02-23,2,0.0,0.12,0.15,6,23,0,1,0,0.0,0.0
7,1387,3,True,0,2025-02-23,0,0.0,0.04,0.05,6,23,0,1,0,0.2857142857142857,0.0
7,1413,3,True,0,2025-02-23,0,0.0,0.51,0.6,6,23,0,1,0,0.2857142857142857,0.0
7,1446,3,True,0,2025-02-23,15,0.0,0.01,0.01,6,23,0,1,0,0.2857142857142857,0.0
7,1450,3,True,0,2025-02-23,1,0.0,0.05,0.07,6,23,0,1,0,2.4285714285714284,0.0
7,1458,3,True,0,2025-02-23,2,0.0,0.05,0.06,6,23,0,1,0,2.5714285714285716,0.0
7,1460,3,True,0,2025-02-23,7,0.0,0.05,0.08,6,23,0,1,0,2.857142857142857,0.0
7,1486,3,True,0,2025-02-23,0,0.0,0.07,0.1,6,23,0,1,0,3.857142857142857,0.0
7,1514,3,True,0,2025-02-23,0,0.0,0.19,0.24,6,23,0,1,0,3.5714285714285716,0.0
7,1518,3,True,0,2025-02-23,0,0.0,0.17,0.23,6,23,0,1,0,3.5714285714285716,0.0
7,1520,3,True,0,2025-02-23,1,0.0,0.05,0.07,6,23,0,1,0,3.5714285714285716,0.0
7,1577,3,True,0,2025-02-23,1,0.0,0.07,0.09,6,23,0,1,0,1.5714285714285714,0.0
7,1604,3,True,0,2025-02-23,1,0.0,0.36,0.49,6,23,0,1,0,1.5714285714285714,0.0
7,1651,3,True,0,2025-02-23,2,0.0,0.22,0.25,6,23,0,1,0,1.4285714285714286,0.0
7,1660,3,True,0,2025-02-23,0,0.0,0.1,0.13,6,23,0,1,0,0.7142857142857143,0.0
7,1667,3,True,0,2025-02-23,0,0.0,0.07,0.08,6,23,0,1,0,0.7142857142857143,0.0
7,1689,3,True,0,2025-02-23,2,0.0,0.05,0.06,6,23,0,1,0,0.7142857142857143,0.0
7,1691,3,True,0,2025-02-23,2,0.0,0.03,0.05,6,23,0,1,0,1.0,0.0
7,1717,3,True,0,2025-02-23,0,0.0,0.27,0.31,6,23,0,1,0,1.1428571428571428,0.0
7,1736,3,True,0,2025-02-23,0,0.0,0.06,0.09,6,23,0,1,0,1.0,0.0
7,1781,3,True,0,2025-02-23,0,0.0,0.04,0.05,6,23,0,1,0,0.8571428571428571,0.0
7,1791,3,True,0,2025-02-23,0,0.0,0.3,0.44,6,23,0,1,0,0.5714285714285714,0.0
7,1798,3,True,0,2025-02-23,12,0.0,0.22,0.24,6,23,0,1,0,0.5714285714285714,0.0
7,1800,3,True,0,2025-02-23,1,0.0,0.24,0.36,6,23,0,1,0,2.2857142857142856,0.0
7,1803,3,True,0,2025-02-23,1,0.0,0.07,0.11,6,23,0,1,0,2.142857142857143,0.0
7,1804,3,True,0,2025-02-23,1,0.0,0.09,0.12,6,23,0,1,0,2.0,0.0
7,1843,3,True,0,2025-02-23,2,0.0,0.04,0.05,6,23,0,1,0,2.142857142857143,0.0
7,1852,3,True,0,2025-02-23,0,0.0,0.05,0.07,6,23,0,1,0,2.4285714285714284,0.0
7,1871,3,True,0,2025-02-23,0,0.0,0.17,0.23,6,23,0,1,0,2.4285714285714284,0.0
7,1876,3,True,0,2025-02-23,2,0.0,0.07,0.09,6,23,0,1,0,2.4285714285714284,0.0
7,1881,3,True,0,2025-02-23,1,0.0,0.18,0.26,6,23,0,1,0,1.0,0.0
7,1903,3,True,0,2025-02-23,0,0.0,0.05,0.06,6,23,0,1,0,1.0,0.0
7,1908,3,True,0,2025-02-23,1,0.0,0.03,0.05,6,23,0,1,0,0.8571428571428571,0.0
7,1918,3,True,0,2025-02-23,2,0.0,0.03,0.04,6,23,0,1,0,0.8571428571428571,0.0
7,1932,3,True,0,2025-02-23,0,0.0,0.1,0.11,6,23,0,1,0,0.8571428571428571,0.0
7,1936,3,True,0,2025-02-23,1,0.0,0.43,0.53,6,23,0,1,0,0.8571428571428571,0.0
7,1947,3,True,0,2025-02-23,6,0.0,0.09,0.11,6,23,0,1,0,1.0,0.0
7,1962,3,True,0,2025-02-23,0,0.0,0.06,0.09,6,23,0,1,0,1.5714285714285714,0.0
7,1965,3,True,0,2025-02-23,0,0.0,0.24,0.29,6,23,0,1,0,1.4285714285714286,0.0
7,1992,3,True,0,2025-02-23,0,0.0,0.08,0.11,6,23,0,1,0,1.4285714285714286,0.0
7,1994,3,True,0,2025-02-23,0,0.0,0.03,0.03,6,23,0,1,0,1.2857142857142858,0.0
7,2017,3,True,0,2025-02-23,1,0.0,0.11,0.21,6,23,0,1,0,1.0,0.0
7,2019,3,True,0,2025-02-23,0,0.0,0.15,0.18,6,23,0,1,0,1.1428571428571428,0.0
7,2041,3,True,0,2025-02-23,0,0.0,0.06,0.08,6,23,0,1,0,1.0,0.0
7,2043,3,True,0,2025-02-23,0,0.0,0.07,0.09,6,23,0,1,0,0.14285714285714285,0.0
7,2047,3,True,0,2025-02-23,0,0.0,0.12,0.16,6,23,0,1,0,0.14285714285714285,0.0
7,2055,3,True,0,2025-02-23,2,0.0,0.1,0.15,6,23,0,1,0,0.14285714285714285,0.0
7,2084,3,True,0,2025-02-23,1,0.0,0.05,0.07,6,23,0,1,0,0.42857142857142855,0.0
7,2111,3,True,0,2025-02-23,0,0.0,0.29,0.34,6,23,0,1,0,0.5714285714285714,0.0
7,2114,3,True,0,2025-02-23,0,0.0,0.06,0.08,6,23,0,1,0,0.42857142857142855,0.0
7,2115,3,True,0,2025-02-23,0,0.0,0.49,0.72,6,23,0,1,0,0.42857142857142855,0.0
7,2117,3,True,0,2025-02-23,0,0.0,0.14,0.15,6,23,0,1,0,0.42857142857142855,0.0
7,2136,3,True,0,2025-02-23,0,0.0,0.28,0.31,6,23,0,1,0,0.42857142857142855,0.0
7,2146,3,True,0,2025-02-23,0,0.0,0.2,0.25,6,23,0,1,0,0.42857142857142855,0.0
7,2173,3,True,0,2025-02-23,0,0.0,0.04,0.04,6,23,0,1,0,0.14285714285714285,0.0
7,2186,3,True,0,2025-02-23,0,0.0,0.25,0.34,6,23,0,1,0,0.0,0.0
7,2192,3,True,0,2025-02-23,0,0.0,0.07,0.1,6,23,0,1,0,0.0,0.0
7,2201,3,True,0,2025-02-23,0,0.0,0.12,0.16,6,23,0,1,0,0.0,0.0
7,2203,3,True,0,2025-02-23,0,0.0,0.15,0.2,6,23,0,1,0,0.0,0.0
7,2206,3,True,0,2025-02-23,97,0.0,0.02,0.03,6,23,0,1,0,0.0,0.0
7,2228,3,True,0,2025-02-23,0,0.0,0.16,0.19,6,23,0,1,0,13.857142857142858,0.0
7,2245,3,True,0,2025-02-23,0,0.0,0.2,0.26,6,23,0,1,0,13.857142857142858,0.0
7,2249,3,True,0,2025-02-23,0,0.0,0.06,0.07,6,23,0,1,0,13.857142857142858,0.0
7,2265,3,True,0,2025-02-23,1,0.0,0.03,0.04,6,23,0,1,0,13.857142857142858,0.0
7,2268,3,True,0,2025-02-23,0,0.0,0.14,0.2,6,23,0,1,0,14.0,0.0
7,2282,3,True,0,2025-02-23,0,0.0,0.08,0.11,6,23,0,1,0,14.0,0.0
7,2289,3,True,0,2025-02-23,15,0.0,0.08,0.11,6,23,0,1,0,14.0,0.0
7,2300,3,True,0,2025-02-23,0,0.0,0.23,0.28,6,23,0,1,0,2.2857142857142856,0.0
7,2314,3,True,0,2025-02-23,0,0.0,0.06,0.08,6,23,0,1,0,2.2857142857142856,0.0
7,2316,3,True,0,2025-02-23,0,0.0,0.08,0.1,6,23,0,1,0,2.2857142857142856,0.0
7,2347,3,True,0,2025-02-23,0,0.0,0.16,0.19,6,23,0,1,0,2.2857142857142856,0.0
7,2350,3,True,0,2025-02-23,0,0.0,0.04,0.06,6,23,0,1,0,2.142857142857143,0.0
7,2385,3,True,0,2025-02-23,0,0.0,0.02,0.03,6,23,0,1,0,2.142857142857143,0.0
7,2387,3,True,0,2025-02-23,0,0.0,0.1,0.14,6,23,0,1,0,2.142857142857143,0.0
7,2394,3,True,0,2025-02-23,0,0.0,0.12,0.16,6,23,0,1,0,0.0,0.0
7,2402,3,True,0,2025-02-23,0,0.0,0.07,0.1,6,23,0,1,0,0.0,0.0
7,2406,3,True,0,2025-02-23,0,0.0,0.29,0.32,6,23,0,1,0,0.0,0.0
7,2411,3,True,0,2025-02-23,3,0.0,0.16,0.2,6,23,0,1,0,0.0,0.0
7,2422,3,True,0,2025-02-23,0,0.0,0.27,0.32,6,23,0,1,0,0.42857142857142855,0.0
7,2426,3,True,0,2025-02-23,0,0.0,0.15,0.14,6,23,0,1,0,0.42857142857142855,0.0
7,2472,3,True,0,2025-02-23,0,0.0,0.09,0.13,6,23,0,1,0,0.42857142857142855,0.0
7,2496,3,True,0,2025-02-23,0,0.0,0.22,0.27,6,23,0,1,0,0.42857142857142855,0.0
7,2501,3,True,0,2025-02-23,0,0.0,0.09,0.11,6,23,0,1,0,0.42857142857142855,0.0
7,2505,3,True,0,2025-02-23,0,0.0,0.09,0.1,6,23,0,1,0,0.42857142857142855,0.0
7,2521,3,True,0,2025-02-23,0,0.0,0.43,0.53,6,23,0,1,0,0.42857142857142855,0.0
7,2524,3,True,0,2025-02-23,2,0.0,0.29,0.38,6,23,0,1,0,0.0,0.0
7,2532,3,True,0,2025-02-23,1,0.0,0.12,0.11,6,23,0,1,0,0.2857142857142857,0.0
7,2533,3,True,0,2025-02-23,0,0.0,0.34,0.38,6,23,0,1,0,0.42857142857142855,0.0
7,2555,3,True,0,2025-02-23,0,0.0,0.03,0.04,6,23,0,1,0,0.42857142857142855,0.0
7,2572,3,True,0,2025-02-23,0,0.0,0.34,0.4,6,23,0,1,0,0.42857142857142855,0.0
7,2573,3,True,0,2025-02-23,1,0.0,0.23,0.31,6,23,0,1,0,0.42857142857142855,0.0
7,2575,3,True,0,2025-02-23,0,0.0,0.02,0.03,6,23,0,1,0,0.5714285714285714,0.0
7,2578,3,True,0,2025-02-23,0,0.0,0.04,0.06,6,23,0,1,0,0.5714285714285714,0.0
7,2593,3,True,0,2025-02-23,2,0.0,0.01,0.02,6,23,0,1,0,0.2857142857142857,0.0
7,2594,3,True,0,2025-02-23,0,0.0,0.24,0.31,6,23,0,1,0,0.42857142857142855,0.0
7,2596,3,True,0,2025-02-23,2,0.0,0.22,0.19,6,23,0,1,0,0.42857142857142855,0.0
7,2626,3,True,0,2025-02-23,1,0.0,0.25,0.32,6,23,0,1,0,0.7142857142857143,0.0
7,2637,3,True,0,2025-02-23,0,0.0,0.15,0.19,6,23,0,1,0,0.8571428571428571,0.0
7,2650,3,True,0,2025-02-23,0,0.0,0.07,0.09,6,23,0,1,0,0.7142857142857143,0.0
7,2663,3,True,0,2025-02-23,0,0.0,0.54,0.67,6,23,0,1,0,0.7142857142857143,0.0
7,2664,3,True,0,2025-02-23,0,0.0,0.19,0.22,6,23,0,1,0,0.7142857142857143,0.0
7,2668,3,True,0,2025-02-23,0,0.0,0.22,0.27,6,23,0,1,0,0.42857142857142855,0.0
7,2710,3,True,0,2025-02-23,1,0.0,0.06,0.1,6,23,0,1,0,0.42857142857142855,0.0
7,2715,3,True,0,2025-02-23,0,0.0,0.04,0.05,6,23,0,1,0,0.2857142857142857,0.0
7,2741,3,True,0,2025-02-23,0,0.0,0.17,0.21,6,23,0,1,0,0.14285714285714285,0.0
7,2746,3,True,0,2025-02-23,0,0.0,0.15,0.19,6,23,0,1,0,0.14285714285714285,0.0
7,2768,3,True,0,2025-02-23,1,0.0,0.08,0.12,6,23,0,1,0,0.14285714285714285,0.0
7,2814,3,True,0,2025-02-23,0,0.0,0.1,0.14,6,23,0,1,0,0.2857142857142857,0.0
7,2826,3,True,0,2025-02-23,4,0.0,0.06,0.11,6,23,0,1,0,0.2857142857142857,0.0
7,2827,3,True,0,2025-02-23,0,0.0,0.34,0.41,6,23,0,1,0,0.8571428571428571,0.0
7,2861,3,True,0,2025-02-23,1,0.0,0.09,0.12,6,23,0,1,0,0.7142857142857143,0.0
7,2862,3,True,0,2025-02-23,0,0.0,0.32,0.48,6,23,0,1,0,0.8571428571428571,0.0
7,2864,3,True,0,2025-02-23,0,0.0,0.06,0.07,6,23,0,1,0,0.8571428571428571,0.0
7,2866,3,True,0,2025-02-23,0,0.0,0.25,0.34,6,23,0,1,0,0.8571428571428571,0.0
7,2902,3,True,0,2025-02-23,2,0.0,0.04,0.06,6,23,0,1,0,0.7142857142857143,0.0
7,2910,3,True,0,2025-02-23,0,0.0,0.25,0.29,6,23,0,1,0,1.0,0.0
7,2911,3,True,0,2025-02-23,0,1.0,0.27,0.32,6,23,0,1,0,0.42857142857142855,0.0
7,2951,3,True,0,2025-02-23,0,0.0,0.07,0.09,6,23,0,1,0,0.42857142857142855,0.0
7,2954,3,True,0,2025-02-23,0,0.0,0.05,0.06,6,23,0,1,0,0.2857142857142857,0.0
7,2958,3,True,0,2025-02-23,1,0.0,0.04,0.06,6,23,0,1,0,0.2857142857142857,0.0
7,2974,3,True,0,2025-02-23,0,0.0,0.12,0.15,6,23,0,1,0,0.42857142857142855,0.0
7,2975,3,True,0,2025-02-23,0,0.0,0.14,0.19,6,23,0,1,0,0.42857142857142855,0.0
7,2980,3,True,0,2025-02-23,0,0.0,0.06,0.07,6,23,0,1,0,0.14285714285714285,0.0
7,3022,3,True,0,2025-02-23,0,0.0,0.2,0.24,6,23,0,1,0,0.14285714285714285,0.0
7,3052,3,True,0,2025-02-23,0,0.0,0.16,0.22,6,23,0,1,0,0.14285714285714285,0.0
7,3061,3,True,0,2025-02-23,1,0.0,0.03,0.05,6,23,0,1,0,0.14285714285714285,0.0
7,3069,3,True,0,2025-02-23,0,0.0,0.14,0.2,6,23,0,1,0,0.2857142857142857,0.0
7,3074,3,True,0,2025-02-23,0,0.0,0.12,0.17,6,23,0,1,0,0.14285714285714285,0.0
7,3077,3,True,0,2025-02-23,0,0.0,0.44,0.67,6,23,0,1,0,0.14285714285714285,0.0
7,3079,3,True,0,2025-02-23,1,0.0,0.1,0.12,6,23,0,1,0,0.14285714285714285,0.0
7,3083,3,True,0,2025-02-23,0,0.0,0.06,0.06,6,23,0,1,0,0.2857142857142857,0.0
7,3104,3,True,0,2025-02-23,0,0.0,0.24,0.28,6,23,0,1,0,0.2857142857142857,0.0
7,3116,3,True,0,2025-02-23,0,0.0,0.09,0.12,6,23,0,1,0,0.2857142857142857,0.0
7,3117,3,True,0,2025-02-23,4,0.0,0.05,0.08,6,23,0,1,0,0.14285714285714285,0.0
7,3119,3,True,0,2025-02-23,0,0.0,0.09,0.11,6,23,0,1,0,0.7142857142857143,0.0
7,3165,3,True,0,2025-02-23,0,0.0,0.07,0.1,6,23,0,1,0,0.7142857142857143,0.0
7,3208,3,True,0,2025-02-23,0,0.0,0.07,0.11,6,23,0,1,0,0.7142857142857143,0.0
7,3212,3,True,0,2025-02-23,0,0.0,0.08,0.11,6,23,0,1,0,0.5714285714285714,0.0
7,3219,3,True,0,2025-02-23,0,0.0,0.08,0.1,6,23,0,1,0,0.5714285714285714,0.0
7,3234,3,True,0,2025-02-23,0,0.0,0.13,0.16,6,23,0,1,0,0.5714285714285714,0.0
7,3242,3,True,0,2025-02-23,4,0.0,0.05,0.07,6,23,0,1,0,0.5714285714285714,0.0
7,3263,3,True,0,2025-02-23,0,0.0,0.31,0.34,6,23,0,1,0,0.5714285714285714,0.0
7,3266,3,True,0,2025-02-23,1,0.0,0.08,0.12,6,23,0,1,0,0.5714285714285714,0.0
7,3276,3,True,0,2025-02-23,0,0.0,0.1,0.12,6,23,0,1,0,0.7142857142857143,0.0
7,3286,3,True,0,2025-02-23,0,0.0,0.22,0.28,6,23,0,1,0,0.7142857142857143,0.0
7,3347,3,True,0,2025-02-23,2,0.0,0.1,0.12,6,23,0,1,0,0.7142857142857143,0.0
7,3358,3,True,0,2025-02-23,2,0.0,0.17,0.29,6,23,0,1,0,1.0,0.0
7,3363,3,True,0,2025-02-23,1,0.0,0.18,0.23,6,23,0,1,0,1.2857142857142858,0.0
7,3369,3,True,0,2025-02-23,0,0.0,0.06,0.1,6,23,0,1,0,0.8571428571428571,0.0
7,3393,3,True,0,2025-02-23,0,0.0,0.07,0.09,6,23,0,1,0,0.8571428571428571,0.0
7,3452,3,True,0,2025-02-23,1,0.0,0.14,0.16,6,23,0,1,0,0.7142857142857143,0.0
7,3495,3,True,0,2025-02-23,1,0.0,0.08,0.11,6,23,0,1,0,0.8571428571428571,0.0
7,3502,3,True,0,2025-02-23,0,0.0,0.08,0.1,6,23,0,1,0,1.0,0.0
7,3523,3,True,0,2025-02-23,0,0.0,0.17,0.22,6,23,0,1,0,0.7142857142857143,0.0
7,3527,3,True,0,2025-02-23,0,0.0,0.15,0.2,6,23,0,1,0,0.42857142857142855,0.0
7,3538,3,True,0,2025-02-23,0,0.0,0.02,0.05,6,23,0,1,0,0.2857142857142857,0.0
7,3546,3,True,0,2025-02-23,1,0.0,0.12,0.17,6,23,0,1,0,0.2857142857142857,0.0
7,3549,3,True,0,2025-02-23,0,0.0,0.15,0.18,6,23,0,1,0,0.42857142857142855,0.0
7,3560,3,True,0,2025-02-23,0,0.0,0.2,0.23,6,23,0,1,0,0.2857142857142857,0.0
7,3589,3,True,0,2025-02-23,0,0.0,0.09,0.12,6,23,0,1,0,0.14285714285714285,0.0
7,3609,3,True,0,2025-02-23,0,0.0,0.04,0.05,6,23,0,1,0,0.14285714285714285,0.0
7,3641,3,True,0,2025-02-23,3,0.0,0.07,0.1,6,23,0,1,0,0.14285714285714285,0.0
7,3642,3,True,0,2025-02-23,0,0.0,0.42,0.55,6,23,0,1,0,0.5714285714285714,0.0
7,3653,3,True,0,2025-02-23,0,0.0,0.25,0.32,6,23,0,1,0,0.5714285714285714,0.0
7,3701,3,True,0,2025-02-23,0,0.0,0.23,0.25,6,23,0,1,0,0.42857142857142855,0.0
7,3708,3,True,0,2025-02-23,0,0.0,0.02,0.03,6,23,0,1,0,0.42857142857142855,0.0
7,3726,3,True,0,2025-02-23,0,0.0,0.1,0.13,6,23,0,1,0,0.42857142857142855,0.0
7,3746,3,True,0,2025-02-23,2,0.0,0.06,0.07,6,23,0,1,0,0.42857142857142855,0.0
7,3749,3,True,0,2025-02-23,0,0.0,0.08,0.11,6,23,0,1,0,0.7142857142857143,0.0
7,3769,3,True,0,2025-02-23,0,0.0,0.27,0.29,6,23,0,1,0,0.2857142857142857,0.0
7,3798,3,True,0,2025-02-23,0,0.0,0.04,0.05,6,23,0,1,0,0.2857142857142857,0.0
7,3803,3,True,0,2025-02-23,0,0.0,0.14,0.17,6,23,0,1,0,0.2857142857142857,0.0
7,3834,3,True,0,2025-02-23,1,0.0,0.04,0.06,6,23,0,1,0,0.2857142857142857,0.0
7,3839,3,True,0,2025-02-23,1,0.0,0.05,0.08,6,23,0,1,0,0.42857142857142855,0.0
7,3852,3,True,0,2025-02-23,0,0.0,0.24,0.27,6,23,0,1,0,0.5714285714285714,0.0
7,3864,3,True,0,2025-02-23,0,0.0,0.05,0.07,6,23,0,1,0,0.2857142857142857,0.0
7,3877,3,True,0,2025-02-23,0,0.0,0.01,0.02,6,23,0,1,0,0.2857142857142857,0.0
7,3891,3,True,0,2025-02-23,2,0.0,0.17,0.22,6,23,0,1,0,0.2857142857142857,0.0
7,3893,3,True,0,2025-02-23,0,0.0,0.08,0.1,6,23,0,1,0,0.5714285714285714,0.0
7,3909,3,True,0,2025-02-23,6,0.0,0.08,0.1,6,23,0,1,0,0.5714285714285714,0.0
7,3911,3,True,0,2025-02-23,0,0.0,0.08,0.1,6,23,0,1,0,1.2857142857142858,0.0
7,3915,3,True,0,2025-02-23,0,0.0,0.1,0.13,6,23,0,1,0,1.1428571428571428,0.0
7,3922,3,True,0,2025-02-23,1,0.0,0.03,0.04,6,23,0,1,0,1.1428571428571428,0.0
7,3934,3,True,0,2025-02-23,0,0.0,0.38,0.43,6,23,0,1,0,1.2857142857142858,0.0
7,3951,3,True,0,2025-02-23,0,0.0,0.4,0.62,6,23,0,1,0,1.2857142857142858,0.0
7,3982,3,True,0,2025-02-23,1,0.0,0.17,0.2,6,23,0,1,0,1.0,0.0
7,4002,3,True,0,2025-02-23,1,0.0,0.05,0.06,6,23,0,1,0,1.1428571428571428,0.0
7,4011,3,True,0,2025-02-23,1,0.0,0.07,0.11,6,23,0,1,0,0.42857142857142855,0.0
7,4033,3,True,0,2025-02-23,0,0.0,0.11,0.15,6,23,0,1,0,0.5714285714285714,0.0
7,4041,3,True,0,2025-02-23,3,0.0,0.04,0.06,6,23,0,1,0,0.5714285714285714,0.0
7,4062,3,True,0,2025-02-23,9,0.0,0.12,0.15,6,23,0,1,0,0.8571428571428571,0.0
7,4097,3,True,0,2025-02-23,1,0.0,0.03,0.04,6,23,0,1,0,2.142857142857143,0.0
7,4119,3,True,0,2025-02-23,1,0.0,0.16,0.19,6,23,0,1,0,2.2857142857142856,0.0
7,4120,3,True,0,2025-02-23,2,0.0,0.16,0.19,6,23,0,1,0,2.2857142857142856,0.0
7,4167,3,True,0,2025-02-23,0,0.0,0.33,0.44,6,23,0,1,0,2.4285714285714284,0.0
7,4179,3,True,0,2025-02-23,1,0.0,0.12,0.16,6,23,0,1,0,2.2857142857142856,0.0
7,4191,3,True,0,2025-02-23,1,0.0,0.12,0.17,6,23,0,1,0,2.4285714285714284,0.0
7,4192,3,True,0,2025-02-23,0,0.0,0.18,0.18,6,23,0,1,0,2.142857142857143,0.0
7,4203,3,True,0,2025-02-23,7,0.0,0.04,0.06,6,23,0,1,0,0.8571428571428571,0.0
7,4207,3,True,0,2025-02-23,2,0.0,0.11,0.15,6,23,0,1,0,1.7142857142857142,0.0
7,4210,3,True,0,2025-02-23,0,1.0,0.28,0.3,6,23,0,1,0,1.8571428571428572,0.0
7,4230,3,True,0,2025-02-23,0,0.0,0.13,0.17,6,23,0,1,0,1.5714285714285714,0.0
7,4239,3,True,0,2025-02-23,0,0.0,0.05,0.1,6,23,0,1,0,1.5714285714285714,0.0
7,4242,3,True,0,2025-02-23,0,0.0,0.32,0.37,6,23,0,1,0,1.4285714285714286,0.0
7,4246,3,True,0,2025-02-23,2,0.0,0.26,0.33,6,23,0,1,0,1.2857142857142858,0.0
7,4248,3,True,0,2025-02-23,0,0.0,0.24,0.29,6,23,0,1,0,1.5714285714285714,0.0
7,4260,3,True,0,2025-02-23,0,0.0,0.06,0.06,6,23,0,1,0,0.5714285714285714,0.0
7,4269,3,True,0,2025-02-23,0,0.0,0.08,0.1,6,23,0,1,0,0.2857142857142857,0.0
7,4277,3,True,0,2025-02-23,0,0.0,0.04,0.05,6,23,0,1,0,0.2857142857142857,0.0
7,4302,3,True,0,2025-02-23,2,0.0,0.57,0.6,6,23,0,1,0,0.2857142857142857,0.0
7,4315,3,True,0,2025-02-23,0,0.0,0.12,0.16,6,23,0,1,0,0.5714285714285714,0.0
7,4339,3,True,0,2025-02-23,3,0.0,0.23,0.27,6,23,0,1,0,0.5714285714285714,0.0
7,4357,3,True,0,2025-02-23,1,0.0,0.07,0.1,6,23,0,1,0,0.7142857142857143,0.0
7,4369,3,True,0,2025-02-23,8,0.0,0.38,0.46,6,23,0,1,0,0.8571428571428571,0.0
7,4381,3,True,0,2025-02-23,0,0.0,0.14,0.18,6,23,0,1,0,2.0,0.0
7,4397,3,True,0,2025-02-23,0,0.0,0.09,0.15,6,23,0,1,0,2.0,0.0
7,4409,3,True,0,2025-02-23,0,0.0,0.09,0.11,6,23,0,1,0,2.0,0.0
7,4469,3,True,0,2025-02-23,1,0.0,0.25,0.34,6,23,0,1,0,1.7142857142857142,0.0
7,4475,3,True,0,2025-02-23,0,0.0,0.06,0.1,6,23,0,1,0,1.8571428571428572,0.0
7,4517,3,True,0,2025-02-23,0,0.0,0.29,0.37,6,23,0,1,0,1.4285714285714286,0.0
7,4521,3,True,0,2025-02-23,0,0.0,0.22,0.28,6,23,0,1,0,1.2857142857142858,0.0
7,4524,3,True,0,2025-02-23,1,0.0,0.17,0.21,6,23,0,1,0,0.14285714285714285,0.0
7,4527,3,True,0,2025-02-23,0,0.0,0.1,0.12,6,23,0,1,0,0.2857142857142857,0.0
7,4539,3,True,0,2025-02-23,31,0.0,0.01,0.01,6,23,0,1,0,0.2857142857142857,0.0
7,4540,3,True,0,2025-02-23,0,0.0,0.04,0.06,6,23,0,1,0,4.714285714285714,0.0
7,4546,3,True,0,2025-02-23,0,0.0,0.1,0.16,6,23,0,1,0,4.571428571428571,0.0
7,4563,3,True,0,2025-02-23,0,0.0,0.15,0.2,6,23,0,1,0,4.571428571428571,0.0
7,4572,3,True,0,2025-02-23,0,0.0,0.09,0.09,6,23,0,1,0,4.571428571428571,0.0
7,4582,3,True,0,2025-02-23,3,0.0,0.4,0.49,6,23,0,1,0,4.571428571428571,0.0
7,4640,3,True,0,2025-02-23,0,0.0,0.25,0.31,6,23,0,1,0,4.857142857142857,0.0
7,4675,3,True,0,2025-02-23,0,0.0,0.12,0.15,6,23,0,1,0,4.857142857142857,0.0
7,4683,3,True,0,2025-02-23,1,0.0,0.03,0.05,6,23,0,1,0,0.42857142857142855,0.0
7,4689,3,True,0,2025-02-23,0,0.0,0.11,0.12,6,23,0,1,0,0.5714285714285714,0.0
7,4699,3,True,0,2025-02-23,0,0.0,0.07,0.1,6,23,0,1,0,0.5714285714285714,0.0
7,4704,3,True,0,2025-02-23,0,0.0,0.24,0.33,6,23,0,1,0,0.5714285714285714,0.0
7,4725,3,True,0,2025-02-23,0,0.0,0.09,0.1,6,23,0,1,0,0.5714285714285714,0.0
7,4744,3,True,0,2025-02-23,0,0.0,0.04,0.05,6,23,0,1,0,0.14285714285714285,0.0
7,4757,3,True,0,2025-02-23,0,0.0,0.16,0.18,6,23,0,1,0,0.14285714285714285,0.0
7,4765,3,True,0,2025-02-23,1,0.0,0.12,0.15,6,23,0,1,0,0.14285714285714285,0.0
7,4769,3,True,0,2025-02-23,0,0.0,0.5,0.6,6,23,0,1,0,0.14285714285714285,0.0
7,4782,3,True,0,2025-02-23,0,0.0,0.14,0.18,6,23,0,1,0,0.14285714285714285,0.0
7,4783,3,True,0,2025-02-23,0,0.0,0.27,0.31,6,23,0,1,0,0.14285714285714285,0.0
7,4790,3,True,0,2025-02-23,0,0.0,0.09,0.11,6,23,0,1,0,0.14285714285714285,0.0
7,4794,3,True,0,2025-02-23,1,0.0,0.06,0.08,6,23,0,1,0,0.14285714285714285,0.0
7,4802,3,True,0,2025-02-23,1,0.0,0.16,0.19,6,23,0,1,0,0.2857142857142857,0.0
7,4803,3,True,0,2025-02-23,0,0.0,0.65,0.74,6,23,0,1,0,0.42857142857142855,0.0
7,4816,3,True,0,2025-02-23,7,0.0,0.11,0.12,6,23,0,1,0,0.2857142857142857,0.0
7,4820,3,True,0,2025-02-23,0,0.0,0.06,0.09,6,23,0,1,0,1.2857142857142858,0.0
7,4833,3,True,0,2025-02-23,1,0.0,0.22,0.23,6,23,0,1,0,1.2857142857142858,0.0
7,4848,3,True,0,2025-02-23,0,0.0,0.07,0.09,6,23,0,1,0,1.4285714285714286,0.0
7,4852,3,True,0,2025-02-23,0,0.0,0.2,0.21,6,23,0,1,0,1.4285714285714286,0.0
7,4859,3,True,0,2025-02-23,0,0.0,0.05,0.05,6,23,0,1,0,1.2857142857142858,0.0
7,4870,3,True,0,2025-02-23,0,0.0,0.1,0.13,6,23,0,1,0,1.1428571428571428,0.0
7,4878,3,True,0,2025-02-23,0,0.0,0.1,0.12,6,23,0,1,0,1.1428571428571428,0.0
7,4883,3,True,0,2025-02-23,0,0.0,0.12,0.13,6,23,0,1,0,0.14285714285714285,0.0
7,4885,3,True,0,2025-02-23,0,0.0,0.06,0.08,6,23,0,1,0,0.14285714285714285,0.0
7,4886,3,True,0,2025-02-23,0,0.0,0.16,0.21,6,23,0,1,0,0.0,0.0
7,4888,3,True,0,2025-02-23,0,0.0,0.17,0.25,6,23,0,1,0,0.0,0.0
7,4908,3,True,0,2025-02-23,0,0.0,0.16,0.19,6,23,0,1,0,0.0,0.0
7,4934,3,True,0,2025-02-23,0,0.0,0.07,0.09,6,23,0,1,0,0.0,0.0
7,4938,3,True,0,2025-02-23,2,0.0,0.54,0.65,6,23,0,1,0,0.0,0.0
7,4948,3,True,0,2025-02-23,0,0.0,0.12,0.16,6,23,0,1,0,0.2857142857142857,0.0
7,4957,3,True,0,2025-02-23,0,0.0,0.11,0.14,6,23,0,1,0,0.2857142857142857,0.0
7,4971,3,True,0,2025-02-23,0,0.0,0.29,0.37,6,23,0,1,0,0.2857142857142857,0.0
7,4976,3,True,0,2025-02-23,1,0.0,0.04,0.06,6,23,0,1,0,0.2857142857142857,0.0
7,4981,3,True,0,2025-02-23,0,0.0,0.15,0.2,6,23,0,1,0,0.42857142857142855,0.0
7,4984,3,True,0,2025-02-23,0,0.0,0.06,0.08,6,23,0,1,0,0.42857142857142855,0.0
7,4986,3,True,0,2025-02-23,1,0.0,0.05,0.06,6,23,0,1,0,0.42857142857142855,0.0
7,5004,3,True,0,2025-02-23,0,0.0,0.05,0.07,6,23,0,1,0,0.2857142857142857,0.0
7,5024,3,True,0,2025-02-23,0,0.0,0.1,0.12,6,23,0,1,0,0.2857142857142857,0.0
7,5074,3,True,0,2025-02-23,0,0.0,0.23,0.25,6,23,0,1,0,0.2857142857142857,0.0
7,5094,3,True,0,2025-02-23,2,0.0,0.05,0.08,6,23,0,1,0,0.2857142857142857,0.0
7,5095,3,True,0,2025-02-23,4,0.0,0.03,0.04,6,23,0,1,0,0.42857142857142855,0.0
7,5101,3,True,0,2025-02-23,0,0.0,0.01,0.02,6,23,0,1,0,1.0,0.0
7,5105,3,True,0,2025-02-23,0,0.0,0.15,0.19,6,23,0,1,0,1.0,0.0
7,5119,3,True,0,2025-02-23,0,0.0,0.06,0.09,6,23,0,1,0,0.8571428571428571,0.0
7,5125,3,True,0,2025-02-23,0,0.0,0.06,0.07,6,23,0,1,0,0.8571428571428571,0.0
7,5139,3,True,0,2025-02-23,0,0.0,0.2,0.24,6,23,0,1,0,0.8571428571428571,0.0
7,5209,3,True,0,2025-02-23,0,0.0,0.35,0.43,6,23,0,1,0,0.8571428571428571,0.0
7,5221,3,True,0,2025-02-23,0,0.0,0.05,0.06,6,23,0,1,0,0.5714285714285714,0.0
7,5261,3,True,0,2025-02-23,0,0.0,0.15,0.15,6,23,0,1,0,0.0,0.0
7,5262,3,True,0,2025-02-23,3,0.0,0.04,0.05,6,23,0,1,0,0.0,0.0
7,5280,3,True,0,2025-02-23,0,0.0,0.09,0.12,6,23,0,1,0,0.42857142857142855,0.0
7,5281,3,True,0,2025-02-23,0,0.0,0.27,0.31,6,23,0,1,0,0.42857142857142855,0.0
7,2,4,False,0,2025-02-23,3,0.0,0.02,0.04,6,23,0,1,0,0.42857142857142855,0.0
7,17,4,False,0,2025-02-23,2,0.0,0.06,0.08,6,23,0,1,0,0.8571428571428571,0.0
7,26,4,False,0,2025-02-23,3,0.0,0.04,0.06,6,23,0,1,0,1.1428571428571428,0.0
7,38,4,False,0,2025-02-23,1,0.0,0.12,0.17,6,23,0,1,0,1.5714285714285714,0.0
7,64,4,False,0,2025-02-23,3,0.0,0.01,0.02,6,23,0,1,0,1.7142857142857142,0.0
7,88,4,False,0,2025-02-23,0,0.0,0.02,0.03,6,23,0,1,0,1.7142857142857142,0.0
7,99,4,False,0,2025-02-23,2,0.0,0.02,0.04,6,23,0,1,0,1.7142857142857142,0.0
7,100,4,False,0,2025-02-23,2,0.0,0.04,0.05,6,23,0,1,0,2.0,0.0
7,145,4,False,0,2025-02-23,4,0.0,0.06,0.09,6,23,0,1,0,1.8571428571428572,0.0
7,161,4,False,0,2025-02-23,1,0.0,0.03,0.04,6,23,0,1,0,2.142857142857143,0.0
7,168,4,False,0,2025-02-23,4,0.0,0.04,0.06,6,23,0,1,0,1.8571428571428572,0.0
7,175,4,False,0,2025-02-23,10,0.0,0.03,0.06,6,23,0,1,0,2.2857142857142856,0.0
7,178,4,False,0,2025-02-23,0,0.0,0.0,0.0,6,23,0,1,0,3.2857142857142856,0.0
7,182,4,False,0,2025-02-23,2,0.0,0.03,0.05,6,23,0,1,0,3.2857142857142856,0.0
7,185,4,False,0,2025-02-23,2,0.0,0.02,0.03,6,23,0,1,0,3.2857142857142856,0.0
7,205,4,False,0,2025-02-23,4,0.0,0.1,0.13,6,23,0,1,0,3.2857142857142856,0.0
7,235,4,False,0,2025-02-23,2,0.0,0.06,0.08,6,23,0,1,0,3.2857142857142856,0.0
7,255,4,False,0,2025-02-23,2,0.0,0.03,0.04,6,23,0,1,0,3.4285714285714284,0.0
7,272,4,False,0,2025-02-23,2,0.0,0.03,0.05,6,23,0,1,0,3.142857142857143,0.0
7,290,4,False,0,2025-02-23,4,0.0,0.06,0.07,6,23,0,1,0,2.0,0.0
7,292,4,False,0,2025-02-23,4,0.0,0.04,0.04,6,23,0,1,0,2.5714285714285716,0.0
7,306,4,False,0,2025-02-23,2,0.0,0.04,0.06,6,23,0,1,0,2.857142857142857,0.0
7,314,4,False,0,2025-02-23,3,0.0,0.03,0.05,6,23,0,1,0,2.857142857142857,0.0
7,328,4,False,0,2025-02-23,2,0.0,0.07,0.09,6,23,0,1,0,2.7142857142857144,0.0
7,338,4,False,0,2025-02-23,3,0.0,0.05,0.07,6,23,0,1,0,2.7142857142857144,0.0
7,350,4,False,0,2025-02-23,3,1.0,0.03,0.03,6,23,0,1,0,2.857142857142857,0.0
7,362,4,False,0,2025-02-23,1,0.0,0.02,0.03,6,23,0,1,0,3.0,0.0
7,370,4,False,0,2025-02-23,3,0.0,0.03,0.04,6,23,0,1,0,2.5714285714285716,0.0
7,372,4,False,0,2025-02-23,1,0.0,0.02,0.04,6,23,0,1,0,2.4285714285714284,0.0
7,447,4,False,0,2025-02-23,2,0.0,0.06,0.06,6,23,0,1,0,2.2857142857142856,0.0
7,464,4,False,0,2025-02-23,1,0.0,0.02,0.03,6,23,0,1,0,2.142857142857143,0.0
7,482,4,False,0,2025-02-23,0,1.0,0.02,0.04,6,23,0,1,0,2.0,0.0
7,524,4,False,0,2025-02-23,3,0.0,0.02,0.03,6,23,0,1,0,1.5714285714285714,0.0
7,552,4,False,0,2025-02-23,4,0.0,0.07,0.09,6,23,0,1,0,1.5714285714285714,0.0
7,560,4,False,0,2025-02-23,1,0.0,0.02,0.03,6,23,0,1,0,2.0,0.0
7,584,4,False,0,2025-02-23,4,0.0,0.05,0.08,6,23,0,1,0,1.7142857142857142,0.0
7,595,4,False,0,2025-02-23,4,0.0,0.07,0.1,6,23,0,1,0,2.142857142857143,0.0
7,613,4,False,0,2025-02-23,3,0.0,0.02,0.04,6,23,0,1,0,2.4285714285714284,0.0
7,621,4,False,0,2025-02-23,2,0.0,0.05,0.09,6,23,0,1,0,2.7142857142857144,0.0
7,622,4,False,0,2025-02-23,3,0.0,0.02,0.04,6,23,0,1,0,3.0,0.0
7,676,4,False,0,2025-02-23,3,0.0,0.08,0.14,6,23,0,1,0,3.0,0.0
7,700,4,False,0,2025-02-23,3,0.0,0.03,0.05,6,23,0,1,0,2.857142857142857,0.0
7,723,4,False,0,2025-02-23,1,0.0,0.03,0.04,6,23,0,1,0,3.142857142857143,0.0
7,726,4,False,0,2025-02-23,4,0.0,0.04,0.05,6,23,0,1,0,2.7142857142857144,0.0
7,731,4,False,0,2025-02-23,6,0.0,0.19,0.23,6,23,0,1,0,2.7142857142857144,0.0
7,736,4,False,0,2025-02-23,3,0.0,0.04,0.04,6,23,0,1,0,3.142857142857143,0.0
7,749,4,False,0,2025-02-23,3,0.0,0.08,0.12,6,23,0,1,0,3.2857142857142856,0.0
7,761,4,False,0,2025-02-23,0,0.0,0.02,0.02,6,23,0,1,0,3.2857142857142856,0.0
7,824,4,False,0,2025-02-23,4,0.0,0.01,0.01,6,23,0,1,0,2.857142857142857,0.0
7,826,4,False,0,2025-02-23,2,0.0,0.05,0.08,6,23,0,1,0,3.0,0.0
7,845,4,False,0,2025-02-23,4,0.0,0.07,0.1,6,23,0,1,0,3.142857142857143,0.0
7,849,4,False,0,2025-02-23,2,0.0,0.04,0.06,6,23,0,1,0,3.142857142857143,0.0
7,852,4,False,0,2025-02-23,0,0.0,0.02,0.04,6,23,0,1,0,2.5714285714285716,0.0
7,871,4,False,0,2025-02-23,2,0.0,0.05,0.08,6,23,0,1,0,2.142857142857143,0.0
7,880,4,False,0,2025-02-23,2,0.0,0.04,0.07,6,23,0,1,0,2.0,0.0
7,883,4,False,0,2025-02-23,3,0.0,0.02,0.05,6,23,0,1,0,2.2857142857142856,0.0
7,892,4,False,0,2025-02-23,3,0.0,0.02,0.03,6,23,0,1,0,2.142857142857143,0.0
7,953,4,False,0,2025-02-23,2,0.0,0.01,0.02,6,23,0,1,0,2.2857142857142856,0.0
7,963,4,False,0,2025-02-23,1,1.0,0.05,0.07,6,23,0,1,0,2.0,0.0
7,989,4,False,0,2025-02-23,1,0.0,0.02,0.03,6,23,0,1,0,1.8571428571428572,0.0
7,1003,4,False,0,2025-02-23,1,0.0,0.02,0.03,6,23,0,1,0,2.0,0.0
7,1009,4,False,0,2025-02-23,2,0.0,0.21,0.31,6,23,0,1,0,1.8571428571428572,0.0
7,1013,4,False,0,2025-02-23,6,0.0,0.08,0.11,6,23,0,1,0,1.8571428571428572,0.0
7,1040,4,False,0,2025-02-23,3,0.0,0.03,0.04,6,23,0,1,0,2.2857142857142856,0.0
7,1041,4,False,0,2025-02-23,2,0.0,0.05,0.06,6,23,0,1,0,2.2857142857142856,0.0
7,1066,4,False,0,2025-02-23,3,0.0,0.01,0.02,6,23,0,1,0,2.2857142857142856,0.0
7,1069,4,False,0,2025-02-23,1,0.0,0.07,0.09,6,23,0,1,0,2.5714285714285716,0.0
7,1077,4,False,0,2025-02-23,2,0.0,0.06,0.09,6,23,0,1,0,2.5714285714285716,0.0
7,1090,4,False,0,2025-02-23,1,0.0,0.04,0.05,6,23,0,1,0,2.7142857142857144,0.0
7,1092,4,False,0,2025-02-23,2,0.0,0.02,0.03,6,23,0,1,0,2.5714285714285716,0.0
7,1111,4,False,0,2025-02-23,2,0.0,0.06,0.06,6,23,0,1,0,2.0,0.0
7,1119,4,False,0,2025-02-23,1,0.0,0.04,0.08,6,23,0,1,0,1.8571428571428572,0.0
7,1123,4,False,0,2025-02-23,3,0.0,0.0,0.01,6,23,0,1,0,1.7142857142857142,0.0
7,1137,4,False,0,2025-02-23,2,0.0,0.03,0.04,6,23,0,1,0,1.7142857142857142,0.0
7,1182,4,False,0,2025-02-23,3,0.0,0.02,0.02,6,23,0,1,0,1.8571428571428572,0.0
7,1245,4,False,0,2025-02-23,2,0.0,0.04,0.06,6,23,0,1,0,2.0,0.0
7,1248,4,False,0,2025-02-23,4,0.0,0.01,0.01,6,23,0,1,0,2.142857142857143,0.0
7,1257,4,False,0,2025-02-23,1,0.0,0.1,0.14,6,23,0,1,0,2.4285714285714284,0.0
7,1268,4,False,0,2025-02-23,2,0.0,0.06,0.08,6,23,0,1,0,2.2857142857142856,0.0
7,1274,4,False,0,2025-02-23,2,0.0,0.09,0.11,6,23,0,1,0,2.4285714285714284,0.0
7,1316,4,False,0,2025-02-23,3,0.0,0.03,0.04,6,23,0,1,0,2.2857142857142856,0.0
7,1321,4,False,0,2025-02-23,1,0.0,0.03,0.04,6,23,0,1,0,2.4285714285714284,0.0
7,1329,4,False,0,2025-02-23,3,0.0,0.01,0.02,6,23,0,1,0,2.142857142857143,0.0
7,1369,4,False,0,2025-02-23,2,0.0,0.02,0.03,6,23,0,1,0,2.2857142857142856,0.0
7,1373,4,False,0,2025-02-23,3,0.0,0.05,0.06,6,23,0,1,0,2.0,0.0
7,1394,4,False,0,2025-02-23,3,0.0,0.02,0.03,6,23,0,1,0,2.2857142857142856,0.0
7,1402,4,False,0,2025-02-23,3,0.0,0.03,0.05,6,23,0,1,0,2.4285714285714284,0.0
7,1417,4,False,0,2025-02-23,2,0.0,0.06,0.08,6,23,0,1,0,2.5714285714285716,0.0
7,1420,4,False,0,2025-02-23,0,0.0,0.04,0.05,6,23,0,1,0,2.4285714285714284,0.0
7,1428,4,False,0,2025-02-23,0,0.0,0.03,0.04,6,23,0,1,0,2.2857142857142856,0.0
7,1436,4,False,0,2025-02-23,1,0.0,0.05,0.07,6,23,0,1,0,1.8571428571428572,0.0
7,1473,4,False,0,2025-02-23,3,0.0,0.06,0.1,6,23,0,1,0,1.7142857142857142,0.0
7,1481,4,False,0,2025-02-23,2,0.0,0.04,0.07,6,23,0,1,0,1.7142857142857142,0.0
7,1493,4,False,0,2025-02-23,1,0.0,0.06,0.07,6,23,0,1,0,1.5714285714285714,0.0
7,1497,4,False,0,2025-02-23,2,0.0,0.05,0.08,6,23,0,1,0,1.2857142857142858,0.0
7,1506,4,False,0,2025-02-23,3,0.0,0.02,0.04,6,23,0,1,0,1.2857142857142858,0.0
7,1519,4,False,0,2025-02-23,3,0.0,0.05,0.07,6,23,0,1,0,1.7142857142857142,0.0
7,1539,4,False,0,2025-02-23,1,0.0,0.02,0.03,6,23,0,1,0,2.142857142857143,0.0
7,1546,4,False,0,2025-02-23,2,0.0,0.03,0.05,6,23,0,1,0,2.142857142857143,0.0
7,1563,4,False,0,2025-02-23,0,0.0,0.04,0.05,6,23,0,1,0,2.0,0.0
7,1570,4,False,0,2025-02-23,1,0.0,0.02,0.03,6,23,0,1,0,1.7142857142857142,0.0
7,1573,4,False,0,2025-02-23,2,0.0,0.07,0.11,6,23,0,1,0,1.7142857142857142,0.0
7,1574,4,False,0,2025-02-23,2,0.0,0.07,0.11,6,23,0,1,0,1.7142857142857142,0.0
7,1594,4,False,0,2025-02-23,3,0.0,0.02,0.02,6,23,0,1,0,1.5714285714285714,0.0
7,1607,4,False,0,2025-02-23,4,0.0,0.07,0.1,6,23,0,1,0,1.5714285714285714,0.0
7,1626,4,False,0,2025-02-23,5,0.0,0.06,0.08,6,23,0,1,0,2.0,0.0
7,1644,4,False,0,2025-02-23,2,0.0,0.07,0.12,6,23,0,1,0,2.4285714285714284,0.0
7,1652,4,False,0,2025-02-23,1,0.0,0.05,0.07,6,23,0,1,0,2.7142857142857144,0.0
7,1673,4,False,0,2025-02-23,2,0.0,0.06,0.08,6,23,0,1,0,2.7142857142857144,0.0
7,1675,4,False,0,2025-02-23,3,0.0,0.05,0.07,6,23,0,1,0,2.7142857142857144,0.0
7,1686,4,False,0,2025-02-23,2,0.0,0.07,0.11,6,23,0,1,0,2.857142857142857,0.0
7,1706,4,False,0,2025-02-23,2,0.0,0.01,0.03,6,23,0,1,0,2.7142857142857144,0.0
7,1716,4,False,0,2025-02-23,3,0.0,0.03,0.05,6,23,0,1,0,2.4285714285714284,0.0
7,1732,4,False,0,2025-02-23,2,0.0,0.08,0.08,6,23,0,1,0,2.142857142857143,0.0
7,1738,4,False,0,2025-02-23,0,0.0,0.02,0.04,6,23,0,1,0,2.142857142857143,0.0
7,1745,4,False,0,2025-02-23,2,0.0,0.05,0.08,6,23,0,1,0,2.0,0.0
7,1759,4,False,0,2025-02-23,0,0.0,0.03,0.04,6,23,0,1,0,2.0,0.0
7,1776,4,False,0,2025-02-23,2,0.0,0.14,0.2,6,23,0,1,0,1.5714285714285714,0.0
7,1790,4,False,0,2025-02-23,1,0.0,0.04,0.06,6,23,0,1,0,1.5714285714285714,0.0
7,1826,4,False,0,2025-02-23,3,0.0,0.07,0.08,6,23,0,1,0,1.4285714285714286,0.0
7,1830,4,False,0,2025-02-23,4,0.0,0.15,0.23,6,23,0,1,0,1.4285714285714286,0.0
7,1863,4,False,0,2025-02-23,8,0.0,0.04,0.02,6,23,0,1,0,1.7142857142857142,0.0
7,1866,4,False,0,2025-02-23,0,0.0,0.02,0.02,6,23,0,1,0,2.857142857142857,0.0
7,1922,4,False,0,2025-02-23,3,0.0,0.02,0.04,6,23,0,1,0,2.5714285714285716,0.0
7,1934,4,False,0,2025-02-23,3,0.0,0.02,0.04,6,23,0,1,0,3.0,0.0
7,1975,4,False,0,2025-02-23,1,0.0,0.03,0.05,6,23,0,1,0,3.142857142857143,0.0
7,1984,4,False,0,2025-02-23,2,0.0,0.06,0.08,6,23,0,1,0,3.142857142857143,0.0
7,2005,4,False,0,2025-02-23,2,0.0,0.16,0.26,6,23,0,1,0,3.0,0.0
7,2013,4,False,0,2025-02-23,4,0.0,0.03,0.04,6,23,0,1,0,2.7142857142857144,0.0
7,2025,4,False,0,2025-02-23,3,0.0,0.03,0.04,6,23,0,1,0,2.142857142857143,0.0
7,2028,4,False,0,2025-02-23,1,0.0,0.03,0.04,6,23,0,1,0,2.5714285714285716,0.0
7,2033,4,False,0,2025-02-23,1,0.0,0.11,0.16,6,23,0,1,0,2.2857142857142856,0.0
7,2035,4,False,0,2025-02-23,0,0.0,0.02,0.04,6,23,0,1,0,2.0,0.0
7,2042,4,False,0,2025-02-23,6,0.0,0.03,0.06,6,23,0,1,0,1.8571428571428572,0.0
7,2051,4,False,0,2025-02-23,2,0.0,0.03,0.04,6,23,0,1,0,2.4285714285714284,0.0
7,2061,4,False,0,2025-02-23,4,0.0,0.02,0.04,6,23,0,1,0,2.4285714285714284,0.0
7,2069,4,False,0,2025-02-23,1,0.0,0.07,0.1,6,23,0,1,0,2.4285714285714284,0.0
7,2083,4,False,0,2025-02-23,2,0.0,0.06,0.09,6,23,0,1,0,2.142857142857143,0.0
7,2088,4,False,0,2025-02-23,1,0.0,0.03,0.04,6,23,0,1,0,2.2857142857142856,0.0
7,2129,4,False,0,2025-02-23,6,0.0,0.03,0.04,6,23,0,1,0,2.2857142857142856,0.0
7,2144,4,False,0,2025-02-23,2,0.0,0.03,0.05,6,23,0,1,0,3.142857142857143,0.0
7,2149,4,False,0,2025-02-23,1,0.0,0.04,0.07,6,23,0,1,0,2.5714285714285716,0.0
7,2167,4,False,0,2025-02-23,3,0.0,0.05,0.07,6,23,0,1,0,2.4285714285714284,0.0
7,2193,4,False,0,2025-02-23,2,0.0,0.08,0.12,6,23,0,1,0,2.2857142857142856,0.0
7,2230,4,False,0,2025-02-23,2,0.0,0.02,0.03,6,23,0,1,0,2.4285714285714284,0.0
7,2233,4,False,0,2025-02-23,1,0.0,0.06,0.08,6,23,0,1,0,2.4285714285714284,0.0
7,2238,4,False,0,2025-02-23,2,0.0,0.04,0.05,6,23,0,1,0,2.4285714285714284,0.0
7,2257,4,False,0,2025-02-23,0,0.0,0.04,0.06,6,23,0,1,0,1.8571428571428572,0.0
7,2279,4,False,0,2025-02-23,3,0.0,0.11,0.15,6,23,0,1,0,1.5714285714285714,0.0
7,2283,4,False,0,2025-02-23,2,0.0,0.04,0.07,6,23,0,1,0,1.8571428571428572,0.0
7,2286,4,False,0,2025-02-23,1,0.0,0.11,0.14,6,23,0,1,0,1.7142857142857142,0.0
7,2306,4,False,0,2025-02-23,3,0.0,0.04,0.05,6,23,0,1,0,1.5714285714285714,0.0
7,2315,4,False,0,2025-02-23,1,0.0,0.07,0.1,6,23,0,1,0,1.7142857142857142,0.0
7,2392,4,False,0,2025-02-23,2,0.0,0.04,0.06,6,23,0,1,0,1.7142857142857142,0.0
7,2397,4,False,0,2025-02-23,2,0.0,0.02,0.03,6,23,0,1,0,1.7142857142857142,0.0
7,2398,4,False,0,2025-02-23,6,0.0,0.12,0.17,6,23,0,1,0,2.0,0.0
7,2438,4,False,0,2025-02-23,0,0.0,0.02,0.04,6,23,0,1,0,2.4285714285714284,0.0
7,2443,4,False,0,2025-02-23,2,0.0,0.05,0.08,6,23,0,1,0,2.142857142857143,0.0
7,2448,4,False,0,2025-02-23,3,0.0,0.04,0.06,6,23,0,1,0,2.2857142857142856,0.0
7,2469,4,False,0,2025-02-23,2,0.0,0.07,0.1,6,23,0,1,0,2.2857142857142856,0.0
7,2473,4,False,0,2025-02-23,3,0.0,0.04,0.06,6,23,0,1,0,2.4285714285714284,0.0
7,2478,4,False,0,2025-02-23,2,1.0,0.02,0.03,6,23,0,1,0,2.5714285714285716,0.0
7,2487,4,False,0,2025-02-23,2,0.0,0.02,0.04,6,23,0,1,0,2.5714285714285716,0.0
7,2497,4,False,0,2025-02-23,3,0.0,0.03,0.04,6,23,0,1,0,2.0,0.0
7,2506,4,False,0,2025-02-23,1,0.0,0.03,0.04,6,23,0,1,0,2.4285714285714284,0.0
7,2522,4,False,0,2025-02-23,4,0.0,0.11,0.16,6,23,0,1,0,2.2857142857142856,0.0
7,2567,4,False,0,2025-02-23,2,0.0,0.04,0.05,6,23,0,1,0,2.4285714285714284,0.0
7,2581,4,False,0,2025-02-23,2,0.0,0.06,0.07,6,23,0,1,0,2.4285714285714284,0.0
7,2624,4,False,0,2025-02-23,4,0.0,0.06,0.08,6,23,0,1,0,2.2857142857142856,0.0
7,2630,4,False,0,2025-02-23,2,0.0,0.03,0.04,6,23,0,1,0,2.5714285714285716,0.0
7,2631,4,False,0,2025-02-23,2,0.0,0.02,0.04,6,23,0,1,0,2.5714285714285716,0.0
7,2642,4,False,0,2025-02-23,3,0.0,0.03,0.05,6,23,0,1,0,2.4285714285714284,0.0
7,2658,4,False,0,2025-02-23,3,0.0,0.02,0.04,6,23,0,1,0,2.7142857142857144,0.0
7,2672,4,False,0,2025-02-23,2,0.0,0.02,0.03,6,23,0,1,0,2.5714285714285716,0.0
7,2688,4,False,0,2025-02-23,3,0.0,0.03,0.04,6,23,0,1,0,2.5714285714285716,0.0
7,2725,4,False,0,2025-02-23,1,0.0,0.08,0.14,6,23,0,1,0,2.7142857142857144,0.0
7,2744,4,False,0,2025-02-23,3,0.0,0.06,0.09,6,23,0,1,0,2.2857142857142856,0.0
7,2788,4,False,0,2025-02-23,3,0.0,0.02,0.03,6,23,0,1,0,2.4285714285714284,0.0
7,2801,4,False,0,2025-02-23,3,0.0,0.06,0.09,6,23,0,1,0,2.5714285714285716,0.0
7,2804,4,False,0,2025-02-23,2,0.0,0.06,0.07,6,23,0,1,0,2.5714285714285716,0.0
7,2818,4,False,0,2025-02-23,3,0.0,0.02,0.03,6,23,0,1,0,2.4285714285714284,0.0
7,2825,4,False,0,2025-02-23,1,0.0,0.18,0.23,6,23,0,1,0,2.5714285714285716,0.0
7,2830,4,False,0,2025-02-23,2,0.0,0.04,0.07,6,23,0,1,0,2.2857142857142856,0.0
7,2832,4,False,0,2025-02-23,3,0.0,0.01,0.03,6,23,0,1,0,2.4285714285714284,0.0
7,2838,4,False,0,2025-02-23,3,0.0,0.02,0.03,6,23,0,1,0,2.4285714285714284,0.0
7,2844,4,False,0,2025-02-23,2,0.0,0.03,0.05,6,23,0,1,0,2.4285714285714284,0.0
7,2860,4,False,0,2025-02-23,4,0.0,0.07,0.1,6,23,0,1,0,2.2857142857142856,0.0
7,2870,4,False,0,2025-02-23,2,0.0,0.06,0.09,6,23,0,1,0,2.5714285714285716,0.0
7,2871,4,False,0,2025-02-23,2,0.0,0.04,0.05,6,23,0,1,0,2.4285714285714284,0.0
7,2892,4,False,0,2025-02-23,1,0.0,0.09,0.13,6,23,0,1,0,2.5714285714285716,0.0
7,2894,4,False,0,2025-02-23,0,0.0,0.04,0.1,6,23,0,1,0,2.4285714285714284,0.0
7,2957,4,False,0,2025-02-23,6,0.0,0.02,0.03,6,23,0,1,0,2.0,0.0
7,2961,4,False,0,2025-02-23,3,0.0,0.05,0.06,6,23,0,1,0,2.4285714285714284,0.0
7,2963,4,False,0,2025-02-23,4,0.0,0.06,0.08,6,23,0,1,0,2.5714285714285716,0.0
7,2970,4,False,0,2025-02-23,2,0.0,0.03,0.05,6,23,0,1,0,2.5714285714285716,0.0
7,2979,4,False,0,2025-02-23,1,0.0,0.06,0.08,6,23,0,1,0,2.5714285714285716,0.0
7,2992,4,False,0,2025-02-23,1,1.0,0.05,0.08,6,23,0,1,0,2.4285714285714284,0.0
7,3000,4,False,0,2025-02-23,2,0.0,0.1,0.16,6,23,0,1,0,2.4285714285714284,0.0
7,3012,4,False,0,2025-02-23,0,0.0,0.02,0.03,6,23,0,1,0,2.7142857142857144,0.0
7,3044,4,False,0,2025-02-23,1,0.0,0.02,0.02,6,23,0,1,0,1.8571428571428572,0.0
7,3086,4,False,0,2025-02-23,3,0.0,0.04,0.07,6,23,0,1,0,1.5714285714285714,0.0
7,3145,4,False,0,2025-02-23,1,0.0,0.04,0.05,6,23,0,1,0,1.4285714285714286,0.0
7,3146,4,False,0,2025-02-23,3,0.0,0.01,0.01,6,23,0,1,0,1.2857142857142858,0.0
7,3162,4,False,0,2025-02-23,3,0.0,0.01,0.02,6,23,0,1,0,1.5714285714285714,0.0
7,3178,4,False,0,2025-02-23,1,0.0,0.12,0.16,6,23,0,1,0,1.8571428571428572,0.0
7,3185,4,False,0,2025-02-23,3,0.0,0.04,0.04,6,23,0,1,0,1.7142857142857142,0.0
7,3196,4,False,0,2025-02-23,6,0.0,0.02,0.03,6,23,0,1,0,2.142857142857143,0.0
7,3209,4,False,0,2025-02-23,1,0.0,0.02,0.04,6,23,0,1,0,2.857142857142857,0.0
7,3224,4,False,0,2025-02-23,3,0.0,0.04,0.07,6,23,0,1,0,2.5714285714285716,0.0
7,3262,4,False,0,2025-02-23,2,0.0,0.09,0.14,6,23,0,1,0,2.857142857142857,0.0
7,3267,4,False,0,2025-02-23,2,0.0,0.01,0.01,6,23,0,1,0,2.7142857142857144,0.0
7,3293,4,False,0,2025-02-23,3,0.0,0.0,0.01,6,23,0,1,0,2.5714285714285716,0.0
7,3312,4,False,0,2025-02-23,3,0.0,0.01,0.01,6,23,0,1,0,2.857142857142857,0.0
7,3317,4,False,0,2025-02-23,3,0.0,0.01,0.02,6,23,0,1,0,2.857142857142857,0.0
7,3327,4,False,0,2025-02-23,4,0.0,0.01,0.02,6,23,0,1,0,2.4285714285714284,0.0
7,3377,4,False,0,2025-02-23,2,0.0,0.02,0.05,6,23,0,1,0,2.857142857142857,0.0
7,3420,4,False,0,2025-02-23,2,0.0,0.07,0.09,6,23,0,1,0,2.7142857142857144,0.0
7,3453,4,False,0,2025-02-23,2,0.0,0.02,0.04,6,23,0,1,0,2.7142857142857144,0.0
7,3455,4,False,0,2025-02-23,0,0.0,0.02,0.03,6,23,0,1,0,2.7142857142857144,0.0
7,3465,4,False,0,2025-02-23,1,0.0,0.06,0.07,6,23,0,1,0,2.2857142857142856,0.0
7,3466,4,False,0,2025-02-23,2,0.0,0.03,0.05,6,23,0,1,0,2.0,0.0
7,3472,4,False,0,2025-02-23,0,0.0,0.04,0.06,6,23,0,1,0,1.8571428571428572,0.0
7,3473,4,False,0,2025-02-23,2,0.0,0.01,0.03,6,23,0,1,0,1.2857142857142858,0.0
7,3493,4,False,0,2025-02-23,2,0.0,0.04,0.07,6,23,0,1,0,1.2857142857142858,0.0
7,3552,4,False,0,2025-02-23,0,0.0,0.03,0.03,6,23,0,1,0,1.2857142857142858,0.0
7,3562,4,False,0,2025-02-23,2,0.0,0.05,0.06,6,23,0,1,0,1.0,0.0
7,3569,4,False,0,2025-02-23,3,0.0,0.03,0.06,6,23,0,1,0,1.2857142857142858,0.0
7,3577,4,False,0,2025-02-23,2,0.0,0.04,0.06,6,23,0,1,0,1.5714285714285714,0.0
7,3590,4,False,0,2025-02-23,4,0.0,0.02,0.03,6,23,0,1,0,1.5714285714285714,0.0
7,3620,4,False,0,2025-02-23,10,0.0,0.02,0.03,6,23,0,1,0,2.142857142857143,0.0
7,3627,4,False,0,2025-02-23,5,0.0,0.06,0.1,6,23,0,1,0,3.2857142857142856,0.0
7,3628,4,False,0,2025-02-23,1,0.0,0.06,0.09,6,23,0,1,0,3.7142857142857144,0.0
7,3633,4,False,0,2025-02-23,3,0.0,0.07,0.09,6,23,0,1,0,3.857142857142857,0.0
7,3645,4,False,0,2025-02-23,1,0.0,0.07,0.07,6,23,0,1,0,4.0,0.0
7,3651,4,False,0,2025-02-23,4,0.0,0.04,0.07,6,23,0,1,0,3.7142857142857144,0.0
7,3692,4,False,0,2025-02-23,2,0.0,0.1,0.12,6,23,0,1,0,4.0,0.0
7,3698,4,False,0,2025-02-23,2,0.0,0.05,0.08,6,23,0,1,0,3.7142857142857144,0.0
7,3700,4,False,0,2025-02-23,2,0.0,0.02,0.03,6,23,0,1,0,2.5714285714285716,0.0
7,3721,4,False,0,2025-02-23,0,0.0,0.03,0.05,6,23,0,1,0,2.142857142857143,0.0
7,3728,4,False,0,2025-02-23,2,0.0,0.03,0.05,6,23,0,1,0,2.0,0.0
7,3733,4,False,0,2025-02-23,4,0.0,0.01,0.03,6,23,0,1,0,1.8571428571428572,0.0
7,3753,4,False,0,2025-02-23,3,0.0,0.04,0.07,6,23,0,1,0,2.2857142857142856,0.0
7,3772,4,False,0,2025-02-23,3,0.0,0.03,0.06,6,23,0,1,0,2.142857142857143,0.0
7,3818,4,False,0,2025-02-23,4,0.0,0.06,0.09,6,23,0,1,0,2.2857142857142856,0.0
7,3843,4,False,0,2025-02-23,2,0.0,0.02,0.04,6,23,0,1,0,2.5714285714285716,0.0
7,3847,4,False,0,2025-02-23,2,0.0,0.01,0.03,6,23,0,1,0,2.5714285714285716,0.0
7,3850,4,False,0,2025-02-23,3,0.0,0.07,0.11,6,23,0,1,0,2.857142857142857,0.0
7,3853,4,False,0,2025-02-23,1,0.0,0.1,0.17,6,23,0,1,0,3.0,0.0
7,3879,4,False,0,2025-02-23,2,0.0,0.05,0.08,6,23,0,1,0,2.5714285714285716,0.0
7,3888,4,False,0,2025-02-23,6,0.0,0.01,0.01,6,23,0,1,0,2.4285714285714284,0.0
7,3903,4,False,0,2025-02-23,2,0.0,0.04,0.07,6,23,0,1,0,2.857142857142857,0.0
7,3906,4,False,0,2025-02-23,2,0.0,0.11,0.2,6,23,0,1,0,2.5714285714285716,0.0
7,3939,4,False,0,2025-02-23,0,0.0,0.04,0.06,6,23,0,1,0,2.5714285714285716,0.0
7,3968,4,False,0,2025-02-23,0,0.0,0.01,0.02,6,23,0,1,0,2.2857142857142856,0.0
7,3971,4,False,0,2025-02-23,6,0.0,0.08,0.11,6,23,0,1,0,1.8571428571428572,0.0
7,3974,4,False,0,2025-02-23,1,0.0,0.09,0.13,6,23,0,1,0,2.5714285714285716,0.0
7,3987,4,False,0,2025-02-23,1,0.0,0.03,0.05,6,23,0,1,0,2.4285714285714284,0.0
7,4019,4,False,0,2025-02-23,4,0.0,0.04,0.04,6,23,0,1,0,1.7142857142857142,0.0
7,4028,4,False,0,2025-02-23,2,0.0,0.02,0.03,6,23,0,1,0,2.0,0.0
7,4071,4,False,0,2025-02-23,2,0.0,0.05,0.07,6,23,0,1,0,2.0,0.0
7,4108,4,False,0,2025-02-23,2,0.0,0.02,0.03,6,23,0,1,0,2.2857142857142856,0.0
7,4133,4,False,0,2025-02-23,3,0.0,0.08,0.14,6,23,0,1,0,2.5714285714285716,0.0
7,4135,4,False,0,2025-02-23,1,0.0,0.03,0.04,6,23,0,1,0,2.142857142857143,0.0
7,4170,4,False,0,2025-02-23,1,0.0,0.02,0.03,6,23,0,1,0,2.142857142857143,0.0
7,4184,4,False,0,2025-02-23,2,0.0,0.06,0.09,6,23,0,1,0,2.142857142857143,0.0
7,4186,4,False,0,2025-02-23,0,0.0,0.03,0.06,6,23,0,1,0,1.8571428571428572,0.0
7,4212,4,False,0,2025-02-23,4,0.0,0.06,0.08,6,23,0,1,0,1.5714285714285714,0.0
7,4243,4,False,0,2025-02-23,2,0.0,0.09,0.1,6,23,0,1,0,1.8571428571428572,0.0
7,4268,4,False,0,2025-02-23,2,0.0,0.02,0.03,6,23,0,1,0,1.8571428571428572,0.0
7,4275,4,False,0,2025-02-23,2,0.0,0.01,0.02,6,23,0,1,0,1.7142857142857142,0.0
7,4281,4,False,0,2025-02-23,2,0.0,0.02,0.04,6,23,0,1,0,1.8571428571428572,0.0
7,4293,4,False,0,2025-02-23,1,0.0,0.12,0.17,6,23,0,1,0,2.0,0.0
7,4305,4,False,0,2025-02-23,2,0.0,0.07,0.1,6,23,0,1,0,1.8571428571428572,0.0
7,4335,4,False,0,2025-02-23,1,0.0,0.04,0.07,6,23,0,1,0,2.142857142857143,0.0
7,4342,4,False,0,2025-02-23,0,0.0,0.02,0.04,6,23,0,1,0,1.7142857142857142,0.0
7,4372,4,False,0,2025-02-23,3,0.0,0.02,0.03,6,23,0,1,0,1.4285714285714286,0.0
7,4373,4,False,0,2025-02-23,3,0.0,0.07,0.12,6,23,0,1,0,1.5714285714285714,0.0
7,4392,4,False,0,2025-02-23,4,0.0,0.09,0.1,6,23,0,1,0,1.7142857142857142,0.0
7,4395,4,False,0,2025-02-23,2,0.0,0.05,0.08,6,23,0,1,0,2.0,0.0
7,4422,4,False,0,2025-02-23,2,0.0,0.01,0.03,6,23,0,1,0,2.142857142857143,0.0
7,4438,4,False,0,2025-02-23,5,0.0,0.01,0.02,6,23,0,1,0,2.142857142857143,0.0
7,4451,4,False,0,2025-02-23,2,0.0,0.04,0.06,6,23,0,1,0,2.7142857142857144,0.0
7,4456,4,False,0,2025-02-23,2,0.0,0.02,0.03,6,23,0,1,0,3.0,0.0
7,4480,4,False,0,2025-02-23,3,0.0,0.06,0.1,6,23,0,1,0,2.857142857142857,0.0
7,4520,4,False,0,2025-02-23,1,0.0,0.1,0.16,6,23,0,1,0,2.857142857142857,0.0
7,4522,4,False,0,2025-02-23,1,0.0,0.02,0.04,6,23,0,1,0,2.4285714285714284,0.0
7,4550,4,False,0,2025-02-23,2,0.0,0.13,0.17,6,23,0,1,0,2.2857142857142856,0.0
7,4571,4,False,0,2025-02-23,2,0.0,0.03,0.06,6,23,0,1,0,2.2857142857142856,0.0
7,4577,4,False,0,2025-02-23,3,0.0,0.04,0.06,6,23,0,1,0,1.8571428571428572,0.0
7,4598,4,False,0,2025-02-23,3,0.0,0.07,0.1,6,23,0,1,0,2.0,0.0
7,4621,4,False,0,2025-02-23,3,1.0,0.01,0.01,6,23,0,1,0,2.142857142857143,0.0
7,4662,4,False,0,2025-02-23,0,0.0,0.02,0.04,6,23,0,1,0,2.142857142857143,0.0
7,4663,4,False,0,2025-02-23,2,0.0,0.04,0.07,6,23,0,1,0,2.0,0.0
7,4672,4,False,0,2025-02-23,2,0.0,0.03,0.03,6,23,0,1,0,2.142857142857143,0.0
7,4715,4,False,0,2025-02-23,2,0.0,0.05,0.06,6,23,0,1,0,2.142857142857143,0.0
7,4778,4,False,0,2025-02-23,2,1.0,0.04,0.07,6,23,0,1,0,2.142857142857143,0.0
7,4785,4,False,0,2025-02-23,3,0.0,0.06,0.09,6,23,0,1,0,2.0,0.0
7,4806,4,False,0,2025-02-23,3,0.0,0.02,0.03,6,23,0,1,0,2.0,0.0
7,4808,4,False,0,2025-02-23,1,0.0,0.03,0.05,6,23,0,1,0,2.0,0.0
7,4823,4,False,0,2025-02-23,3,0.0,0.01,0.01,6,23,0,1,0,2.142857142857143,0.0
7,4842,4,False,0,2025-02-23,2,0.0,0.03,0.05,6,23,0,1,0,2.2857142857142856,0.0
7,4851,4,False,0,2025-02-23,1,0.0,0.06,0.09,6,23,0,1,0,2.2857142857142856,0.0
7,4855,4,False,0,2025-02-23,2,0.0,0.02,0.02,6,23,0,1,0,2.142857142857143,0.0
7,4895,4,False,0,2025-02-23,2,0.0,0.04,0.06,6,23,0,1,0,2.142857142857143,0.0
7,4898,4,False,0,2025-02-23,2,0.0,0.03,0.03,6,23,0,1,0,2.0,0.0
7,4928,4,False,0,2025-02-23,3,0.0,0.03,0.05,6,23,0,1,0,1.8571428571428572,0.0
7,4936,4,False,0,2025-02-23,2,0.0,0.03,0.04,6,23,0,1,0,2.142857142857143,0.0
7,4955,4,False,0,2025-02-23,2,0.0,0.03,0.04,6,23,0,1,0,2.0,0.0
7,4958,4,False,0,2025-02-23,2,0.0,0.05,0.07,6,23,0,1,0,2.0,0.0
7,4967,4,False,0,2025-02-23,2,0.0,0.05,0.08,6,23,0,1,0,2.142857142857143,0.0
7,4978,4,False,0,2025-02-23,6,0.0,0.04,0.05,6,23,0,1,0,2.142857142857143,0.0
7,5005,4,False,0,2025-02-23,3,0.0,0.04,0.06,6,23,0,1,0,2.7142857142857144,0.0
7,5063,4,False,0,2025-02-23,3,0.0,0.01,0.01,6,23,0,1,0,2.857142857142857,0.0
7,5088,4,False,0,2025-02-23,3,0.0,0.01,0.02,6,23,0,1,0,2.857142857142857,0.0
7,5113,4,False,0,2025-02-23,3,0.0,0.03,0.06,6,23,0,1,0,3.0,0.0
7,5146,4,False,0,2025-02-23,3,0.0,0.03,0.05,6,23,0,1,0,3.142857142857143,0.0
7,5154,4,False,0,2025-02-23,0,0.0,0.04,0.06,6,23,0,1,0,3.2857142857142856,0.0
7,5162,4,False,0,2025-02-23,1,0.0,0.09,0.13,6,23,0,1,0,3.0,0.0
7,5186,4,False,0,2025-02-23,7,0.0,0.02,0.03,6,23,0,1,0,2.2857142857142856,0.0
7,5191,4,False,0,2025-02-23,2,0.0,0.02,0.04,6,23,0,1,0,2.857142857142857,0.0
7,5202,4,False,0,2025-02-23,2,0.0,0.09,0.13,6,23,0,1,0,2.7142857142857144,0.0
7,5208,4,False,0,2025-02-23,2,0.0,0.02,0.04,6,23,0,1,0,2.5714285714285716,0.0
7,5228,4,False,0,2025-02-23,1,0.0,0.01,0.02,6,23,0,1,0,2.4285714285714284,0.0
7,5229,4,False,0,2025-02-23,3,0.0,0.03,0.05,6,23,0,1,0,2.142857142857143,0.0
7,5263,4,False,0,2025-02-23,3,0.0,0.02,0.04,6,23,0,1,0,2.5714285714285716,0.0
7,5266,4,False,0,2025-02-23,2,0.0,0.06,0.09,6,23,0,1,0,2.857142857142857,0.0
7,5286,4,False,0,2025-02-23,2,0.0,0.05,0.07,6,23,0,1,0,2.142857142857143,0.0
7,74,5,True,0,2025-02-23,1,0.0,0.02,0.04,6,23,0,1,0,2.142857142857143,0.0
7,213,5,True,0,2025-02-23,0,0.0,0.01,0.03,6,23,0,1,0,2.0,0.0
7,284,5,True,0,2025-02-23,4,0.0,0.05,0.08,6,23,0,1,0,1.7142857142857142,0.0
7,567,5,True,0,2025-02-23,0,0.0,0.01,0.03,6,23,0,1,0,2.142857142857143,0.0
7,783,5,True,0,2025-02-23,11,0.0,0.03,0.06,6,23,0,1,0,1.7142857142857142,0.0
7,821,5,True,0,2025-02-23,2,0.0,0.03,0.05,6,23,0,1,0,2.857142857142857,0.0
7,873,5,True,0,2025-02-23,8,0.0,0.03,0.05,6,23,0,1,0,2.857142857142857,0.0
7,929,5,True,0,2025-02-23,0,0.0,0.07,0.22,6,23,0,1,0,3.7142857142857144,0.0
7,1037,5,True,0,2025-02-23,1,0.0,0.01,0.02,6,23,0,1,0,3.5714285714285716,0.0
7,1163,5,True,0,2025-02-23,0,0.0,0.08,0.2,6,23,0,1,0,3.7142857142857144,0.0
7,1247,5,True,0,2025-02-23,3,0.0,0.04,0.05,6,23,0,1,0,3.142857142857143,0.0
7,1333,5,True,0,2025-02-23,4,0.0,0.02,0.04,6,23,0,1,0,3.5714285714285716,0.0
7,1427,5,True,0,2025-02-23,0,0.0,0.01,0.05,6,23,0,1,0,2.5714285714285716,0.0
7,1746,5,True,0,2025-02-23,0,0.0,0.02,0.08,6,23,0,1,0,2.2857142857142856,0.0
7,1882,5,True,0,2025-02-23,0,1.0,0.17,0.46,6,23,0,1,0,1.1428571428571428,0.0
7,2066,5,True,0,2025-02-23,0,0.0,0.1,0.12,6,23,0,1,0,1.1428571428571428,0.0
7,2104,5,True,0,2025-02-23,0,0.0,0.03,0.03,6,23,0,1,0,1.0,0.0
7,2120,5,True,0,2025-02-23,2,0.0,0.03,0.07,6,23,0,1,0,1.0,0.0
7,2132,5,True,0,2025-02-23,1,0.0,0.01,0.04,6,23,0,1,0,0.8571428571428571,0.0
7,2141,5,True,0,2025-02-23,0,0.0,0.01,0.06,6,23,0,1,0,0.42857142857142855,0.0
7,2219,5,True,0,2025-02-23,0,0.0,0.11,0.13,6,23,0,1,0,0.42857142857142855,0.0
7,2224,5,True,0,2025-02-23,2,0.0,0.03,0.03,6,23,0,1,0,0.42857142857142855,0.0
7,2325,5,True,0,2025-02-23,5,0.0,0.03,0.07,6,23,0,1,0,0.7142857142857143,0.0
7,2418,5,True,0,2025-02-23,3,0.0,0.03,0.05,6,23,0,1,0,1.4285714285714286,0.0
7,2880,5,True,0,2025-02-23,3,0.0,0.02,0.05,6,23,0,1,0,1.8571428571428572,0.0
7,3085,5,True,0,2025-02-23,3,0.0,0.02,0.04,6,23,0,1,0,2.0,0.0
7,3087,5,True,0,2025-02-23,1,0.0,0.04,0.1,6,23,0,1,0,2.2857142857142856,0.0
7,3164,5,True,0,2025-02-23,0,0.0,0.05,0.1,6,23,0,1,0,2.4285714285714284,0.0
7,3218,5,True,0,2025-02-23,2,0.0,0.02,0.06,6,23,0,1,0,2.4285714285714284,0.0
7,3229,5,True,0,2025-02-23,1,0.0,0.04,0.11,6,23,0,1,0,2.4285714285714284,0.0
7,3292,5,True,0,2025-02-23,4,0.0,0.03,0.05,6,23,0,1,0,1.8571428571428572,0.0
7,3330,5,True,0,2025-02-23,5,0.0,0.06,0.11,6,23,0,1,0,2.0,0.0
7,3424,5,True,0,2025-02-23,1,1.0,0.01,0.02,6,23,0,1,0,2.2857142857142856,0.0
7,3439,5,True,0,2025-02-23,3,0.0,0.02,0.02,6,23,0,1,0,2.0,0.0
7,3463,5,True,0,2025-02-23,3,0.0,0.03,0.05,6,23,0,1,0,2.2857142857142856,0.0
7,3558,5,True,0,2025-02-23,6,0.0,0.03,0.06,6,23,0,1,0,2.7142857142857144,0.0
7,3624,5,True,0,2025-02-23,0,0.0,0.06,0.15,6,23,0,1,0,3.2857142857142856,0.0
7,3807,5,True,0,2025-02-23,2,0.0,0.08,0.1,6,23,0,1,0,3.142857142857143,0.0
7,3984,5,True,0,2025-02-23,0,0.0,0.02,0.04,6,23,0,1,0,2.857142857142857,0.0
7,3996,5,True,0,2025-02-23,0,0.0,0.03,0.06,6,23,0,1,0,2.142857142857143,0.0
7,4036,5,True,0,2025-02-23,2,0.0,0.01,0.02,6,23,0,1,0,2.0,0.0
7,4081,5,True,0,2025-02-23,2,0.0,0.03,0.06,6,23,0,1,0,1.8571428571428572,0.0
7,4175,5,True,0,2025-02-23,3,0.0,0.03,0.06,6,23,0,1,0,1.7142857142857142,0.0
7,4544,5,True,0,2025-02-23,0,0.0,0.04,0.07,6,23,0,1,0,1.2857142857142858,0.0
7,4565,5,True,0,2025-02-23,0,0.0,0.01,0.04,6,23,0,1,0,1.2857142857142858,0.0
7,4749,5,True,0,2025-02-23,2,0.0,0.01,0.04,6,23,0,1,0,1.0,0.0
7,4789,5,True,0,2025-02-23,8,0.0,0.02,0.05,6,23,0,1,0,1.2857142857142858,0.0
7,4939,5,True,0,2025-02-23,0,0.0,0.02,0.06,6,23,0,1,0,2.4285714285714284,0.0
7,4942,5,True,0,2025-02-23,0,0.0,0.07,0.14,6,23,0,1,0,2.142857142857143,0.0
7,5006,5,True,0,2025-02-23,3,0.0,0.03,0.03,6,23,0,1,0,1.8571428571428572,0.0
7,5049,5,True,0,2025-02-23,3,0.0,0.02,0.06,6,23,0,1,0,1.8571428571428572,0.0
7,5098,5,True,0,2025-02-23,0,0.0,0.02,0.06,6,23,0,1,0,2.2857142857142856,0.0
7,5217,5,True,0,2025-02-23,3,0.0,0.02,0.04,6,23,0,1,0,2.2857142857142856,0.0
7,139,6,False,0,2025-02-23,0,0.0,0.17,0.24,6,23,0,1,0,2.4285714285714284,0.0
7,173,6,False,0,2025-02-23,1,0.0,0.09,0.12,6,23,0,1,0,1.2857142857142858,0.0
7,337,6,False,0,2025-02-23,0,0.0,0.12,0.17,6,23,0,1,0,1.4285714285714286,0.0
7,366,6,False,0,2025-02-23,1,0.0,0.08,0.1,6,23,0,1,0,1.4285714285714286,0.0
7,386,6,False,0,2025-02-23,1,0.0,0.17,0.24,6,23,0,1,0,1.1428571428571428,0.0
7,449,6,False,0,2025-02-23,3,0.0,0.28,0.38,6,23,0,1,0,0.8571428571428571,0.0
7,594,6,False,0,2025-02-23,0,0.0,0.19,0.23,6,23,0,1,0,1.2857142857142858,0.0
7,820,6,False,0,2025-02-23,0,0.0,0.16,0.2,6,23,0,1,0,0.8571428571428571,0.0
7,988,6,False,0,2025-02-23,1,0.0,0.16,0.23,6,23,0,1,0,0.8571428571428571,0.0
7,1031,6,False,0,2025-02-23,1,0.0,0.1,0.14,6,23,0,1,0,0.8571428571428571,0.0
7,1124,6,False,0,2025-02-23,2,0.0,0.12,0.17,6,23,0,1,0,1.0,0.0
7,1276,6,False,0,2025-02-23,1,0.0,0.13,0.2,6,23,0,1,0,1.1428571428571428,0.0
7,1340,6,False,0,2025-02-23,2,0.0,0.17,0.23,6,23,0,1,0,1.1428571428571428,0.0
7,1429,6,False,0,2025-02-23,0,0.0,0.08,0.09,6,23,0,1,0,1.0,0.0
7,1534,6,False,0,2025-02-23,2,0.0,0.15,0.22,6,23,0,1,0,1.0,0.0
7,1544,6,False,0,2025-02-23,2,0.0,0.08,0.11,6,23,0,1,0,1.2857142857142858,0.0
7,1611,6,False,0,2025-02-23,0,0.0,0.11,0.16,6,23,0,1,0,1.4285714285714286,0.0
7,1650,6,False,0,2025-02-23,0,0.0,0.24,0.32,6,23,0,1,0,1.2857142857142858,0.0
7,1702,6,False,0,2025-02-23,0,0.0,0.31,0.43,6,23,0,1,0,1.0,0.0
7,1767,6,False,0,2025-02-23,1,0.0,0.12,0.15,6,23,0,1,0,0.8571428571428571,0.0
7,1807,6,False,0,2025-02-23,1,0.0,0.12,0.17,6,23,0,1,0,0.7142857142857143,0.0
7,1811,6,False,0,2025-02-23,0,0.0,0.04,0.06,6,23,0,1,0,0.8571428571428571,0.0
7,1828,6,False,0,2025-02-23,1,0.0,0.26,0.33,6,23,0,1,0,0.5714285714285714,0.0
7,1868,6,False,0,2025-02-23,1,0.0,0.12,0.14,6,23,0,1,0,0.42857142857142855,0.0
7,1901,6,False,0,2025-02-23,0,0.0,0.16,0.23,6,23,0,1,0,0.5714285714285714,0.0
7,1924,6,False,0,2025-02-23,0,0.0,0.07,0.09,6,23,0,1,0,0.5714285714285714,0.0
7,2680,6,False,0,2025-02-23,0,0.0,0.13,0.21,6,23,0,1,0,0.5714285714285714,0.0
7,2712,6,False,0,2025-02-23,3,0.0,0.12,0.14,6,23,0,1,0,0.42857142857142855,0.0
7,2912,6,False,0,2025-02-23,1,0.0,0.12,0.18,6,23,0,1,0,0.7142857142857143,0.0
7,3034,6,False,0,2025-02-23,2,0.0,0.11,0.16,6,23,0,1,0,0.8571428571428571,0.0
7,3088,6,False,0,2025-02-23,0,0.0,0.06,0.07,6,23,0,1,0,1.0,0.0
7,3187,6,False,0,2025-02-23,0,0.0,0.26,0.31,6,23,0,1,0,0.8571428571428571,0.0
7,3202,6,False,0,2025-02-23,1,0.0,0.14,0.21,6,23,0,1,0,0.8571428571428571,0.0
7,3604,6,False,0,2025-02-23,1,0.0,0.32,0.36,6,23,0,1,0,1.0,0.0
7,3648,6,False,0,2025-02-23,0,0.0,0.2,0.26,6,23,0,1,0,1.1428571428571428,0.0
7,3687,6,False,0,2025-02-23,1,0.0,0.14,0.22,6,23,0,1,0,0.7142857142857143,0.0
7,3842,6,False,0,2025-02-23,0,0.0,0.39,0.46,6,23,0,1,0,0.7142857142857143,0.0
7,3902,6,False,0,2025-02-23,1,0.0,0.17,0.22,6,23,0,1,0,0.42857142857142855,0.0
7,3912,6,False,0,2025-02-23,1,0.0,0.06,0.1,6,23,0,1,0,0.5714285714285714,0.0
7,4177,6,False,0,2025-02-23,1,0.0,0.06,0.08,6,23,0,1,0,0.7142857142857143,0.0
7,4234,6,False,0,2025-02-23,2,0.0,0.12,0.16,6,23,0,1,0,0.7142857142857143,0.0
7,4288,6,False,0,2025-02-23,1,0.0,0.13,0.21,6,23,0,1,0,0.8571428571428571,0.0
7,4376,6,False,0,2025-02-23,1,0.0,0.08,0.1,6,23,0,1,0,1.0,0.0
7,4386,6,False,0,2025-02-23,0,0.0,0.09,0.11,6,23,0,1,0,1.0,0.0
7,4468,6,False,0,2025-02-23,0,0.0,0.34,0.42,6,23,0,1,0,1.0,0.0
7,4892,6,False,0,2025-02-23,0,0.0,0.2,0.26,6,23,0,1,0,0.8571428571428571,0.0
7,4899,6,False,0,2025-02-23,2,0.0,0.06,0.1,6,23,0,1,0,0.7142857142857143,0.0
7,4917,6,False,0,2025-02-23,8,0.0,0.15,0.22,6,23,0,1,0,0.8571428571428571,0.0
7,5150,6,False,0,2025-02-23,0,0.0,0.18,0.26,6,23,0,1,0,1.7142857142857142,0.0
7,5193,6,False,0,2025-02-23,0,0.0,0.27,0.39,6,23,0,1,0,1.5714285714285714,0.0
7,188,7,False,0,2025-02-23,1,0.0,0.03,0.04,6,23,0,1,0,1.4285714285714286,0.0
7,348,7,False,0,2025-02-23,2,0.0,0.02,0.03,6,23,0,1,0,1.5714285714285714,0.0
7,392,7,False,0,2025-02-23,3,0.0,0.01,0.01,6,23,0,1,0,1.8571428571428572,0.0
7,503,7,False,0,2025-02-23,22,0.0,0.01,0.01,6,23,0,1,0,2.2857142857142856,0.0
7,680,7,False,0,2025-02-23,20,0.0,0.01,0.01,6,23,0,1,0,5.142857142857143,0.0
7,743,7,False,0,2025-02-23,4,0.0,0.02,0.04,6,23,0,1,0,6.857142857142857,0.0
7,840,7,False,0,2025-02-23,4,0.0,0.02,0.03,6,23,0,1,0,7.428571428571429,0.0
7,966,7,False,0,2025-02-23,2,0.0,0.03,0.04,6,23,0,1,0,8.0,0.0
7,1084,7,False,0,2025-02-23,1,0.0,0.01,0.01,6,23,0,1,0,8.142857142857142,0.0
7,1108,7,False,0,2025-02-23,4,0.0,0.05,0.09,6,23,0,1,0,8.0,0.0
7,1128,7,False,0,2025-02-23,0,0.0,0.02,0.02,6,23,0,1,0,8.142857142857142,0.0
7,1253,7,False,0,2025-02-23,7,0.0,0.01,0.02,6,23,0,1,0,5.0,0.0
7,1445,7,False,0,2025-02-23,4,0.0,0.04,0.05,6,23,0,1,0,3.142857142857143,0.0
7,1488,7,False,0,2025-02-23,1,0.0,0.01,0.01,6,23,0,1,0,3.142857142857143,0.0
7,1556,7,False,0,2025-02-23,4,0.0,0.02,0.03,6,23,0,1,0,2.7142857142857144,0.0
7,1591,7,False,0,2025-02-23,3,0.0,0.05,0.09,6,23,0,1,0,3.0,0.0
7,1677,7,False,0,2025-02-23,1,0.0,0.02,0.04,6,23,0,1,0,3.2857142857142856,0.0
7,1697,7,False,0,2025-02-23,1,0.0,0.05,0.07,6,23,0,1,0,2.857142857142857,0.0
7,1895,7,False,0,2025-02-23,1,0.0,0.02,0.02,6,23,0,1,0,3.0,0.0
7,1905,7,False,0,2025-02-23,3,0.0,0.02,0.02,6,23,0,1,0,2.142857142857143,0.0
7,1981,7,False,0,2025-02-23,3,0.0,0.01,0.01,6,23,0,1,0,2.0,0.0
7,2105,7,False,0,2025-02-23,4,0.0,0.02,0.03,6,23,0,1,0,2.2857142857142856,0.0
7,2182,7,False,0,2025-02-23,2,0.0,0.2,0.23,6,23,0,1,0,2.2857142857142856,0.0
7,2202,7,False,0,2025-02-23,4,0.0,0.11,0.14,6,23,0,1,0,2.142857142857143,0.0
7,2232,7,False,0,2025-02-23,2,0.0,0.04,0.08,6,23,0,1,0,2.5714285714285716,0.0
7,2340,7,False,0,2025-02-23,3,0.0,0.02,0.02,6,23,0,1,0,2.7142857142857144,0.0
7,2380,7,False,0,2025-02-23,2,0.0,0.03,0.05,6,23,0,1,0,3.0,0.0
7,2439,7,False,0,2025-02-23,5,0.0,0.03,0.04,6,23,0,1,0,2.857142857142857,0.0
7,2645,7,False,0,2025-02-23,1,0.0,0.03,0.04,6,23,0,1,0,3.142857142857143,0.0
7,2792,7,False,0,2025-02-23,1,0.0,0.02,0.04,6,23,0,1,0,2.7142857142857144,0.0
7,2989,7,False,0,2025-02-23,17,0.0,0.0,0.0,6,23,0,1,0,2.5714285714285716,0.0
7,3025,7,False,0,2025-02-23,7,0.0,0.01,0.01,6,23,0,1,0,4.428571428571429,0.0
7,3078,7,False,0,2025-02-23,0,0.0,0.07,0.1,6,23,0,1,0,5.142857142857143,0.0
7,3111,7,False,0,2025-02-23,1,0.0,0.03,0.04,6,23,0,1,0,4.714285714285714,0.0
7,3125,7,False,0,2025-02-23,1,0.0,0.02,0.03,6,23,0,1,0,4.571428571428571,0.0
7,4069,7,False,0,2025-02-23,0,0.0,0.02,0.02,6,23,0,1,0,4.0,0.0
7,4233,7,False,0,2025-02-23,0,0.0,0.06,0.07,6,23,0,1,0,3.857142857142857,0.0
7,4424,7,False,0,2025-02-23,15,0.0,0.02,0.05,6,23,0,1,0,3.7142857142857144,0.0
7,4454,7,False,0,2025-02-23,3,0.0,0.01,0.02,6,23,0,1,0,3.4285714285714284,0.0
7,4484,7,False,0,2025-02-23,19,1.0,0.02,0.05,6,23,0,1,0,2.857142857142857,0.0
7,4599,7,False,0,2025-02-23,3,0.0,0.01,0.02,6,23,0,1,0,5.571428571428571,0.0
7,4624,7,False,0,2025-02-23,0,0.0,0.03,0.04,6,23,0,1,0,5.857142857142857,0.0
7,4763,7,False,0,2025-02-23,1,0.0,0.01,0.02,6,23,0,1,0,5.714285714285714,0.0
7,4788,7,False,0,2025-02-23,4,1.0,0.02,0.04,6,23,0,1,0,5.857142857142857,0.0
7,4841,7,False,0,2025-02-23,1,0.0,0.01,0.02,6,23,0,1,0,6.428571428571429,0.0
7,4910,7,False,0,2025-02-23,1,0.0,0.2,0.23,6,23,0,1,0,4.428571428571429,0.0
7,5031,7,False,0,2025-02-23,2,0.0,0.3,0.46,6,23,0,1,0,4.142857142857143,0.0
7,5141,7,False,0,2025-02-23,1,1.0,0.02,0.03,6,23,0,1,0,1.7142857142857142,0.0
7,55,8,False,0,2025-02-23,6,0.0,0.04,0.08,6,23,0,1,0,1.4285714285714286,0.0
7,367,8,False,0,2025-02-23,15,0.0,0.02,0.04,6,23,0,1,0,2.2857142857142856,0.0
7,494,8,False,0,2025-02-23,8,0.0,0.01,0.03,6,23,0,1,0,4.285714285714286,0.0
7,566,8,False,0,2025-02-23,15,0.0,0.01,0.01,6,23,0,1,0,4.857142857142857,0.0
7,658,8,False,0,2025-02-23,2,0.0,0.1,0.17,6,23,0,1,0,6.857142857142857,0.0
7,675,8,False,0,2025-02-23,0,0.0,0.01,0.02,6,23,0,1,0,7.0,0.0
7,790,8,False,0,2025-02-23,3,0.0,0.01,0.02,6,23,0,1,0,6.714285714285714,0.0
7,868,8,False,0,2025-02-23,1,0.0,0.14,0.21,6,23,0,1,0,7.0,0.0
7,870,8,False,0,2025-02-23,3,0.0,0.01,0.01,6,23,0,1,0,6.285714285714286,0.0
7,1004,8,False,0,2025-02-23,7,1.0,0.02,0.06,6,23,0,1,0,4.571428571428571,0.0
7,1076,8,False,0,2025-02-23,9,0.0,0.01,0.02,6,23,0,1,0,4.428571428571429,0.0
7,1116,8,False,0,2025-02-23,11,0.0,0.02,0.02,6,23,0,1,0,3.5714285714285716,0.0
7,1134,8,False,0,2025-02-23,19,0.0,0.0,0.01,6,23,0,1,0,4.857142857142857,0.0
7,1285,8,False,0,2025-02-23,8,0.0,0.03,0.05,6,23,0,1,0,7.571428571428571,0.0
7,1541,8,False,0,2025-02-23,3,1.0,0.02,0.03,6,23,0,1,0,8.285714285714286,0.0
7,1748,8,False,0,2025-02-23,11,0.0,0.03,0.04,6,23,0,1,0,8.571428571428571,0.0
7,1819,8,False,0,2025-02-23,7,0.0,0.01,0.02,6,23,0,1,0,9.714285714285714,0.0
7,1923,8,False,0,2025-02-23,2,0.0,0.01,0.02,6,23,0,1,0,9.714285714285714,0.0
7,1930,8,False,0,2025-02-23,1,0.0,0.03,0.05,6,23,0,1,0,8.714285714285714,0.0
7,2029,8,False,0,2025-02-23,1,1.0,0.04,0.06,6,23,0,1,0,7.285714285714286,0.0
7,2288,8,False,0,2025-02-23,17,0.0,0.01,0.02,6,23,0,1,0,4.714285714285714,0.0
7,3028,8,False,0,2025-02-23,3,0.0,0.01,0.02,6,23,0,1,0,6.0,0.0
7,3180,8,False,0,2025-02-23,13,0.0,0.01,0.03,6,23,0,1,0,6.0,0.0
7,3326,8,False,0,2025-02-23,6,0.0,0.03,0.04,6,23,0,1,0,6.285714285714286,0.0
7,3450,8,False,0,2025-02-23,9,0.0,0.02,0.04,6,23,0,1,0,6.142857142857143,0.0
7,3476,8,False,0,2025-02-23,2,0.0,0.07,0.11,6,23,0,1,0,7.142857142857143,0.0
7,3574,8,False,0,2025-02-23,6,0.0,0.02,0.03,6,23,0,1,0,7.285714285714286,0.0
7,3592,8,False,0,2025-02-23,5,0.0,0.02,0.04,6,23,0,1,0,8.0,0.0
7,3750,8,False,0,2025-02-23,12,0.0,0.01,0.02,6,23,0,1,0,6.285714285714286,0.0
7,3770,8,False,0,2025-02-23,5,0.0,0.01,0.02,6,23,0,1,0,7.571428571428571,0.0
7,3890,8,False,0,2025-02-23,16,0.0,0.02,0.04,6,23,0,1,0,6.428571428571429,0.0
7,3963,8,False,0,2025-02-23,6,0.0,0.01,0.01,6,23,0,1,0,7.857142857142857,0.0
7,4115,8,False,0,2025-02-23,5,0.0,0.02,0.04,6,23,0,1,0,7.428571428571429,0.0
7,4538,8,False,0,2025-02-23,5,0.0,0.02,0.03,6,23,0,1,0,7.857142857142857,0.0
7,4609,8,False,0,2025-02-23,9,0.0,0.05,0.08,6,23,0,1,0,7.714285714285714,0.0
7,4666,8,False,0,2025-02-23,11,0.0,0.01,0.02,6,23,0,1,0,8.285714285714286,0.0
7,4668,8,False,0,2025-02-23,2,0.0,0.01,0.02,6,23,0,1,0,8.142857142857142,0.0
7,4676,8,False,0,2025-02-23,13,0.0,0.01,0.01,6,23,0,1,0,7.714285714285714,0.0
7,4751,8,False,0,2025-02-23,0,0.0,0.02,0.03,6,23,0,1,0,7.285714285714286,0.0
7,4807,8,False,0,2025-02-23,13,0.0,0.01,0.01,6,23,0,1,0,6.428571428571429,0.0
7,4862,8,False,0,2025-02-23,2,0.0,0.18,0.29,6,23,0,1,0,7.571428571428571,0.0
7,5001,8,False,0,2025-02-23,11,0.0,0.01,0.03,6,23,0,1,0,7.142857142857143,0.0
7,5203,8,False,0,2025-02-23,17,0.0,0.01,0.03,6,23,0,1,0,7.428571428571429,0.0
7,3,9,True,0,2025-02-23,0,1.0,0.02,0.05,6,23,0,1,0,8.285714285714286,0.0
7,29,9,True,0,2025-02-23,0,0.0,0.05,0.07,6,23,0,1,0,8.0,0.0
7,67,9,True,0,2025-02-23,0,0.0,0.01,0.03,6,23,0,1,0,6.142857142857143,0.0
7,68,9,True,0,2025-02-23,0,0.0,0.02,0.04,6,23,0,1,0,6.142857142857143,0.0
7,75,9,True,0,2025-02-23,3,0.0,0.03,0.05,6,23,0,1,0,4.285714285714286,0.0
7,162,9,True,0,2025-02-23,0,0.0,0.03,0.06,6,23,0,1,0,4.428571428571429,0.0
7,176,9,True,0,2025-02-23,0,0.0,0.02,0.05,6,23,0,1,0,2.857142857142857,0.0
7,266,9,True,0,2025-02-23,0,0.0,0.03,0.07,6,23,0,1,0,0.42857142857142855,0.0
7,322,9,True,0,2025-02-23,0,0.0,0.05,0.07,6,23,0,1,0,0.42857142857142855,0.0
7,335,9,True,0,2025-02-23,0,0.0,0.02,0.03,6,23,0,1,0,0.42857142857142855,0.0
7,342,9,True,0,2025-02-23,0,0.0,0.02,0.1,6,23,0,1,0,0.42857142857142855,0.0
7,379,9,True,0,2025-02-23,0,0.0,0.06,0.08,6,23,0,1,0,0.42857142857142855,0.0
7,426,9,True,0,2025-02-23,0,0.0,0.05,0.14,6,23,0,1,0,0.0,0.0
7,469,9,True,0,2025-02-23,0,0.0,0.02,0.03,6,23,0,1,0,0.0,0.0
7,487,9,True,0,2025-02-23,0,0.0,0.03,0.07,6,23,0,1,0,0.0,0.0
7,500,9,True,0,2025-02-23,0,0.0,0.01,0.06,6,23,0,1,0,0.0,0.0
7,520,9,True,0,2025-02-23,0,0.0,0.04,0.1,6,23,0,1,0,0.0,0.0
7,546,9,True,0,2025-02-23,1,0.0,0.02,0.05,6,23,0,1,0,0.0,0.0
7,562,9,True,0,2025-02-23,0,0.0,0.03,0.05,6,23,0,1,0,0.14285714285714285,0.0
7,589,9,True,0,2025-02-23,0,0.0,0.03,0.05,6,23,0,1,0,0.14285714285714285,0.0
7,591,9,True,0,2025-02-23,0,0.0,0.04,0.09,6,23,0,1,0,0.14285714285714285,0.0
7,654,9,True,0,2025-02-23,0,0.0,0.03,0.08,6,23,0,1,0,0.14285714285714285,0.0
7,673,9,True,0,2025-02-23,0,0.0,0.02,0.06,6,23,0,1,0,0.14285714285714285,0.0
7,687,9,True,0,2025-02-23,0,0.0,0.04,0.09,6,23,0,1,0,0.14285714285714285,0.0
7,698,9,True,0,2025-02-23,0,2.0,0.04,0.16,6,23,0,1,0,0.14285714285714285,0.0
7,708,9,True,0,2025-02-23,0,0.0,0.04,0.1,6,23,0,1,0,0.0,0.0
7,715,9,True,0,2025-02-23,1,0.0,0.02,0.03,6,23,0,1,0,0.0,0.0
7,738,9,True,0,2025-02-23,1,0.0,0.03,0.11,6,23,0,1,0,0.14285714285714285,0.0
7,856,9,True,0,2025-02-23,1,0.0,0.01,0.02,6,23,0,1,0,0.2857142857142857,0.0
7,884,9,True,0,2025-02-23,0,0.0,0.05,0.07,6,23,0,1,0,0.42857142857142855,0.0
7,893,9,True,0,2025-02-23,0,0.0,0.02,0.05,6,23,0,1,0,0.42857142857142855,0.0
7,908,9,True,0,2025-02-23,0,0.0,0.05,0.09,6,23,0,1,0,0.42857142857142855,0.0
7,920,9,True,0,2025-02-23,0,0.0,0.04,0.05,6,23,0,1,0,0.42857142857142855,0.0
7,942,9,True,0,2025-02-23,2,0.0,0.01,0.05,6,23,0,1,0,0.42857142857142855,0.0
7,955,9,True,0,2025-02-23,0,0.0,0.06,0.08,6,23,0,1,0,0.5714285714285714,0.0
7,957,9,True,0,2025-02-23,0,0.0,0.05,0.15,6,23,0,1,0,0.42857142857142855,0.0
7,977,9,True,0,2025-02-23,0,0.0,0.1,0.16,6,23,0,1,0,0.2857142857142857,0.0
7,1016,9,True,0,2025-02-23,0,0.0,0.02,0.07,6,23,0,1,0,0.2857142857142857,0.0
7,1039,9,True,0,2025-02-23,0,0.0,0.01,0.04,6,23,0,1,0,0.2857142857142857,0.0
7,1050,9,True,0,2025-02-23,0,0.0,0.07,0.19,6,23,0,1,0,0.2857142857142857,0.0
7,1075,9,True,0,2025-02-23,3,0.0,0.03,0.04,6,23,0,1,0,0.2857142857142857,0.0
7,1081,9,True,0,2025-02-23,0,0.0,0.02,0.1,6,23,0,1,0,0.42857142857142855,0.0
7,1157,9,True,0,2025-02-23,0,0.0,0.04,0.1,6,23,0,1,0,0.42857142857142855,0.0
7,1168,9,True,0,2025-02-23,0,0.0,0.09,0.15,6,23,0,1,0,0.42857142857142855,0.0
7,1241,9,True,0,2025-02-23,0,0.0,0.05,0.13,6,23,0,1,0,0.42857142857142855,0.0
7,1243,9,True,0,2025-02-23,0,0.0,0.04,0.08,6,23,0,1,0,0.42857142857142855,0.0
7,1281,9,True,0,2025-02-23,0,0.0,0.02,0.03,6,23,0,1,0,0.42857142857142855,0.0
7,1334,9,True,0,2025-02-23,0,0.0,0.02,0.04,6,23,0,1,0,0.42857142857142855,0.0
7,1364,9,True,0,2025-02-23,0,0.0,0.03,0.12,6,23,0,1,0,0.0,0.0
7,1453,9,True,0,2025-02-23,0,0.0,0.04,0.07,6,23,0,1,0,0.0,0.0
7,1504,9,True,0,2025-02-23,0,0.0,0.1,0.12,6,23,0,1,0,0.0,0.0
7,1615,9,True,0,2025-02-23,0,0.0,0.02,0.04,6,23,0,1,0,0.0,0.0
7,1699,9,True,0,2025-02-23,0,0.0,0.04,0.08,6,23,0,1,0,0.0,0.0
7,1701,9,True,0,2025-02-23,0,0.0,0.03,0.04,6,23,0,1,0,0.0,0.0
7,1713,9,True,0,2025-02-23,0,0.0,0.01,0.02,6,23,0,1,0,0.0,0.0
7,1728,9,True,0,2025-02-23,0,0.0,0.02,0.09,6,23,0,1,0,0.0,0.0
7,1774,9,True,0,2025-02-23,0,0.0,0.04,0.06,6,23,0,1,0,0.0,0.0
7,1872,9,True,0,2025-02-23,1,0.0,0.04,0.11,6,23,0,1,0,0.0,0.0
7,1885,9,True,0,2025-02-23,93,0.0,0.01,0.01,6,23,0,1,0,0.14285714285714285,0.0
7,1890,9,True,0,2025-02-23,0,0.0,0.02,0.06,6,23,0,1,0,13.428571428571429,0.0
7,2007,9,True,0,2025-02-23,0,0.0,0.02,0.07,6,23,0,1,0,13.428571428571429,0.0
7,2009,9,True,0,2025-02-23,0,0.0,0.01,0.03,6,23,0,1,0,13.428571428571429,0.0
7,2067,9,True,0,2025-02-23,0,0.0,0.04,0.09,6,23,0,1,0,13.428571428571429,0.0
7,2068,9,True,0,2025-02-23,0,0.0,0.02,0.05,6,23,0,1,0,13.428571428571429,0.0
7,2073,9,True,0,2025-02-23,0,0.0,0.01,0.03,6,23,0,1,0,13.428571428571429,0.0
7,2076,9,True,0,2025-02-23,0,0.0,0.04,0.08,6,23,0,1,0,13.285714285714286,0.0
7,2121,9,True,0,2025-02-23,0,0.0,0.02,0.05,6,23,0,1,0,0.0,0.0
7,2138,9,True,0,2025-02-23,0,0.0,0.05,0.09,6,23,0,1,0,0.0,0.0
7,2184,9,True,0,2025-02-23,0,0.0,0.02,0.07,6,23,0,1,0,0.0,0.0
7,2220,9,True,0,2025-02-23,0,0.0,0.01,0.05,6,23,0,1,0,0.0,0.0
7,2225,9,True,0,2025-02-23,0,0.0,0.03,0.09,6,23,0,1,0,0.0,0.0
7,2299,9,True,0,2025-02-23,0,0.0,0.02,0.05,6,23,0,1,0,0.0,0.0
7,2353,9,True,0,2025-02-23,0,0.0,0.01,0.01,6,23,0,1,0,0.0,0.0
7,2356,9,True,0,2025-02-23,0,0.0,0.01,0.01,6,23,0,1,0,0.0,0.0
7,2388,9,True,0,2025-02-23,0,0.0,0.03,0.11,6,23,0,1,0,0.0,0.0
7,2409,9,True,0,2025-02-23,0,1.0,0.05,0.09,6,23,0,1,0,0.0,0.0
7,2427,9,True,0,2025-02-23,1,0.0,0.01,0.03,6,23,0,1,0,0.0,0.0
7,2449,9,True,0,2025-02-23,0,0.0,0.05,0.1,6,23,0,1,0,0.14285714285714285,0.0
7,2493,9,True,0,2025-02-23,0,0.0,0.02,0.04,6,23,0,1,0,0.14285714285714285,0.0
7,2540,9,True,0,2025-02-23,0,0.0,0.05,0.15,6,23,0,1,0,0.14285714285714285,0.0
7,2552,9,True,0,2025-02-23,0,0.0,0.04,0.06,6,23,0,1,0,0.14285714285714285,0.0
7,2597,9,True,0,2025-02-23,0,0.0,0.01,0.03,6,23,0,1,0,0.14285714285714285,0.0
7,2608,9,True,0,2025-02-23,0,0.0,0.04,0.09,6,23,0,1,0,0.14285714285714285,0.0
7,2629,9,True,0,2025-02-23,0,0.0,0.02,0.1,6,23,0,1,0,0.14285714285714285,0.0
7,2633,9,True,0,2025-02-23,0,0.0,0.01,0.01,6,23,0,1,0,0.0,0.0
7,2684,9,True,0,2025-02-23,0,0.0,0.04,0.09,6,23,0,1,0,0.0,0.0
7,2694,9,True,0,2025-02-23,0,0.0,0.04,0.1,6,23,0,1,0,0.0,0.0
7,2724,9,True,0,2025-02-23,0,0.0,0.01,0.04,6,23,0,1,0,0.0,0.0
7,2791,9,True,0,2025-02-23,0,0.0,0.1,0.2,6,23,0,1,0,0.0,0.0
7,2796,9,True,0,2025-02-23,0,0.0,0.03,0.08,6,23,0,1,0,0.0,0.0
7,2828,9,True,0,2025-02-23,4,0.0,0.02,0.05,6,23,0,1,0,0.0,0.0
7,2868,9,True,0,2025-02-23,0,0.0,0.03,0.04,6,23,0,1,0,0.5714285714285714,0.0
7,2869,9,True,0,2025-02-23,0,0.0,0.05,0.09,6,23,0,1,0,0.5714285714285714,0.0
7,2877,9,True,0,2025-02-23,0,1.0,0.1,0.23,6,23,0,1,0,0.5714285714285714,0.0
7,2895,9,True,0,2025-02-23,0,0.0,0.06,0.08,6,23,0,1,0,0.5714285714285714,0.0
7,2896,9,True,0,2025-02-23,0,0.0,0.04,0.07,6,23,0,1,0,0.5714285714285714,0.0
7,2921,9,True,0,2025-02-23,0,0.0,0.07,0.29,6,23,0,1,0,0.5714285714285714,0.0
7,2937,9,True,0,2025-02-23,0,0.0,0.03,0.08,6,23,0,1,0,0.5714285714285714,0.0
7,2945,9,True,0,2025-02-23,0,0.0,0.06,0.09,6,23,0,1,0,0.0,0.0
7,2967,9,True,0,2025-02-23,0,0.0,0.13,0.19,6,23,0,1,0,0.0,0.0
7,2986,9,True,0,2025-02-23,0,0.0,0.03,0.03,6,23,0,1,0,0.0,0.0
7,2998,9,True,0,2025-02-23,0,0.0,0.01,0.05,6,23,0,1,0,0.0,0.0
7,3036,9,True,0,2025-02-23,0,0.0,0.03,0.09,6,23,0,1,0,0.0,0.0
7,3059,9,True,0,2025-02-23,0,0.0,0.06,0.1,6,23,0,1,0,0.0,0.0
7,3160,9,True,0,2025-02-23,0,0.0,0.01,0.02,6,23,0,1,0,0.0,0.0
7,3191,9,True,0,2025-02-23,0,0.0,0.06,0.1,6,23,0,1,0,0.0,0.0
7,3291,9,True,0,2025-02-23,0,0.0,0.05,0.1,6,23,0,1,0,0.0,0.0
7,3332,9,True,0,2025-02-23,0,0.0,0.02,0.09,6,23,0,1,0,0.0,0.0
7,3367,9,True,0,2025-02-23,0,0.0,0.06,0.07,6,23,0,1,0,0.0,0.0
7,3405,9,True,0,2025-02-23,0,0.0,0.01,0.04,6,23,0,1,0,0.0,0.0
7,3412,9,True,0,2025-02-23,0,0.0,0.01,0.02,6,23,0,1,0,0.0,0.0
7,3477,9,True,0,2025-02-23,0,0.0,0.03,0.05,6,23,0,1,0,0.0,0.0
7,3491,9,True,0,2025-02-23,0,0.0,0.03,0.12,6,23,0,1,0,0.0,0.0
7,3503,9,True,0,2025-02-23,0,0.0,0.01,0.04,6,23,0,1,0,0.0,0.0
7,3505,9,True,0,2025-02-23,0,0.0,0.04,0.1,6,23,0,1,0,0.0,0.0
7,3531,9,True,0,2025-02-23,0,0.0,0.02,0.06,6,23,0,1,0,0.0,0.0
7,3584,9,True,0,2025-02-23,0,0.0,0.02,0.09,6,23,0,1,0,0.0,0.0
7,3699,9,True,0,2025-02-23,1,0.0,0.01,0.02,6,23,0,1,0,0.0,0.0
7,3702,9,True,0,2025-02-23,0,0.0,0.02,0.03,6,23,0,1,0,0.14285714285714285,0.0
7,3794,9,True,0,2025-02-23,0,0.0,0.03,0.03,6,23,0,1,0,0.14285714285714285,0.0
7,3836,9,True,0,2025-02-23,0,0.0,0.05,0.1,6,23,0,1,0,0.14285714285714285,0.0
7,3872,9,True,0,2025-02-23,4,0.0,0.04,0.07,6,23,0,1,0,0.14285714285714285,0.0
7,3884,9,True,0,2025-02-23,0,0.0,0.01,0.03,6,23,0,1,0,0.7142857142857143,0.0
7,3962,9,True,0,2025-02-23,0,0.0,0.05,0.14,6,23,0,1,0,0.7142857142857143,0.0
7,3998,9,True,0,2025-02-23,0,0.0,0.04,0.09,6,23,0,1,0,0.7142857142857143,0.0
7,4008,9,True,0,2025-02-23,0,0.0,0.04,0.18,6,23,0,1,0,0.5714285714285714,0.0
7,4056,9,True,0,2025-02-23,0,0.0,0.02,0.05,6,23,0,1,0,0.5714285714285714,0.0
7,4075,9,True,0,2025-02-23,0,0.0,0.06,0.2,6,23,0,1,0,0.5714285714285714,0.0
7,4083,9,True,0,2025-02-23,0,0.0,0.09,0.19,6,23,0,1,0,0.5714285714285714,0.0
7,4232,9,True,0,2025-02-23,0,0.0,0.13,0.18,6,23,0,1,0,0.0,0.0
7,4259,9,True,0,2025-02-23,0,0.0,0.26,0.31,6,23,0,1,0,0.0,0.0
7,4262,9,True,0,2025-02-23,0,0.0,0.02,0.05,6,23,0,1,0,0.0,0.0
7,4279,9,True,0,2025-02-23,0,0.0,0.05,0.1,6,23,0,1,0,0.0,0.0
7,4296,9,True,0,2025-02-23,0,0.0,0.04,0.07,6,23,0,1,0,0.0,0.0
7,4332,9,True,0,2025-02-23,0,0.0,0.04,0.1,6,23,0,1,0,0.0,0.0
7,4353,9,True,0,2025-02-23,0,0.0,0.01,0.07,6,23,0,1,0,0.0,0.0
7,4363,9,True,0,2025-02-23,0,0.0,0.05,0.12,6,23,0,1,0,0.0,0.0
7,4393,9,True,0,2025-02-23,1,0.0,0.09,0.13,6,23,0,1,0,0.0,0.0
7,4406,9,True,0,2025-02-23,0,0.0,0.02,0.07,6,23,0,1,0,0.14285714285714285,0.0
7,4459,9,True,0,2025-02-23,4,0.0,0.02,0.04,6,23,0,1,0,0.14285714285714285,0.0
7,4477,9,True,0,2025-02-23,0,0.0,0.03,0.03,6,23,0,1,0,0.7142857142857143,0.0
7,4532,9,True,0,2025-02-23,0,0.0,0.02,0.04,6,23,0,1,0,0.7142857142857143,0.0
7,4574,9,True,0,2025-02-23,0,0.0,0.01,0.02,6,23,0,1,0,0.7142857142857143,0.0
7,4623,9,True,0,2025-02-23,0,0.0,0.03,0.08,6,23,0,1,0,0.7142857142857143,0.0
7,4677,9,True,0,2025-02-23,0,0.0,0.12,0.24,6,23,0,1,0,0.7142857142857143,0.0
7,4695,9,True,0,2025-02-23,0,0.0,0.04,0.07,6,23,0,1,0,0.5714285714285714,0.0
7,4709,9,True,0,2025-02-23,1,0.0,0.08,0.12,6,23,0,1,0,0.5714285714285714,0.0
7,4728,9,True,0,2025-02-23,0,0.0,0.02,0.02,6,23,0,1,0,0.14285714285714285,0.0
7,4737,9,True,0,2025-02-23,5,0.0,0.01,0.03,6,23,0,1,0,0.14285714285714285,0.0
7,4775,9,True,0,2025-02-23,0,0.0,0.04,0.1,6,23,0,1,0,0.8571428571428571,0.0
7,4784,9,True,0,2025-02-23,0,0.0,0.01,0.03,6,23,0,1,0,0.8571428571428571,0.0
7,4858,9,True,0,2025-02-23,1,0.0,0.15,0.21,6,23,0,1,0,0.8571428571428571,0.0
7,4863,9,True,0,2025-02-23,1,0.0,0.02,0.05,6,23,0,1,0,1.0,0.0
7,4927,9,True,0,2025-02-23,0,0.0,0.06,0.1,6,23,0,1,0,1.1428571428571428,0.0
7,4974,9,True,0,2025-02-23,0,0.0,0.02,0.05,6,23,0,1,0,1.0,0.0
7,5011,9,True,0,2025-02-23,0,0.0,0.06,0.11,6,23,0,1,0,1.0,0.0
7,5012,9,True,0,2025-02-23,0,0.0,0.01,0.03,6,23,0,1,0,0.2857142857142857,0.0
7,5070,9,True,0,2025-02-23,0,0.0,0.05,0.08,6,23,0,1,0,0.2857142857142857,0.0
7,5226,9,True,0,2025-02-23,0,0.0,0.05,0.1,6,23,0,1,0,0.2857142857142857,0.0
7,5242,9,True,0,2025-02-23,0,0.0,0.04,0.06,6,23,0,1,0,0.14285714285714285,0.0
7,5252,9,True,0,2025-02-23,0,0.0,0.01,0.01,6,23,0,1,0,0.0,0.0
7,15,10,False,0,2025-02-23,10,0.0,0.03,0.13,6,23,0,1,0,0.0,0.0
7,149,10,False,0,2025-02-23,15,0.0,0.02,0.07,6,23,0,1,0,1.4285714285714286,0.0
7,2636,10,False,0,2025-02-23,9,0.0,0.09,0.19,6,23,0,1,0,3.5714285714285716,0.0
7,3122,10,False,0,2025-02-23,13,0.0,0.01,0.04,6,23,0,1,0,4.857142857142857,0.0
7,3904,10,False,0,2025-02-23,22,0.0,0.03,0.09,6,23,0,1,0,6.714285714285714,0.0
7,4959,10,False,0,2025-02-23,23,0.0,0.01,0.02,6,23,0,1,0,9.857142857142858,0.0
7,518,11,False,0,2025-02-23,2,0.0,0.16,0.15,6,23,0,1,0,13.142857142857142,0.0
7,669,11,False,0,2025-02-23,3,0.0,0.07,0.09,6,23,0,1,0,13.428571428571429,0.0
7,926,11,False,0,2025-02-23,3,0.0,0.14,0.18,6,23,0,1,0,12.428571428571429,0.0
7,934,11,False,0,2025-02-23,1,2.0,0.18,0.22,6,23,0,1,0,10.714285714285714,0.0
7,1341,11,False,0,2025-02-23,2,0.0,0.16,0.17,6,23,0,1,0,9.571428571428571,0.0
7,1710,11,False,0,2025-02-23,3,0.0,0.12,0.15,6,23,0,1,0,8.0,0.0
7,1735,11,False,0,2025-02-23,3,0.0,0.1,0.14,6,23,0,1,0,5.285714285714286,0.0
7,1879,11,False,0,2025-02-23,4,0.0,0.1,0.15,6,23,0,1,0,2.4285714285714284,0.0
7,3084,11,False,0,2025-02-23,2,1.0,0.12,0.15,6,23,0,1,0,2.7142857142857144,0.0
7,3602,11,False,0,2025-02-23,2,0.0,0.12,0.15,6,23,0,1,0,2.5714285714285716,0.0
7,3829,11,False,0,2025-02-23,6,0.0,0.1,0.15,6,23,0,1,0,2.4285714285714284,0.0
7,3961,11,False,0,2025-02-23,3,0.0,0.09,0.12,6,23,0,1,0,3.142857142857143,0.0
7,4171,11,False,0,2025-02-23,3,0.0,0.14,0.2,6,23,0,1,0,3.2857142857142856,0.0
7,4322,11,False,0,2025-02-23,4,0.0,0.1,0.12,6,23,0,1,0,3.2857142857142856,0.0
7,4441,11,False,0,2025-02-23,3,0.0,0.12,0.16,6,23,0,1,0,3.4285714285714284,0.0
7,4930,11,False,0,2025-02-23,4,0.0,0.09,0.12,6,23,0,1,0,3.2857142857142856,0.0
7,27,1,False,0,2025-02-26,2,0.0,0.07,0.08,2,26,0,0,1,3.5714285714285716,0.0
7,982,1,False,0,2025-02-26,2,0.0,0.2,0.23,2,26,0,0,1,3.5714285714285716,0.0
7,1030,1,False,0,2025-02-26,2,0.0,0.29,0.34,2,26,0,0,1,3.0,0.0
7,1304,1,False,0,2025-02-26,1,1.0,0.04,0.05,2,26,0,0,1,2.857142857142857,0.0
7,1590,1,False,0,2025-02-26,4,0.0,0.06,0.07,2,26,0,0,1,2.5714285714285716,0.0
7,1752,1,False,0,2025-02-26,2,0.0,0.16,0.2,2,26,0,0,1,2.5714285714285716,0.0
7,1840,1,False,0,2025-02-26,2,0.0,0.13,0.15,2,26,0,0,1,2.4285714285714284,0.0
7,1853,1,False,0,2025-02-26,0,0.0,0.18,0.19,2,26,0,0,1,2.142857142857143,0.0
7,1874,1,False,0,2025-02-26,3,0.0,0.03,0.04,2,26,0,0,1,1.8571428571428572,0.0
7,2850,1,False,0,2025-02-26,2,0.0,0.18,0.2,2,26,0,0,1,2.0,0.0
7,3058,1,False,0,2025-02-26,3,0.0,0.16,0.22,2,26,0,0,1,2.0,0.0
7,3120,1,False,0,2025-02-26,2,0.0,0.16,0.18,2,26,0,0,1,2.2857142857142856,0.0
7,3326,1,False,0,2025-02-26,5,0.0,0.03,0.04,2,26,0,0,1,2.0,0.0
7,3621,1,False,0,2025-02-26,2,0.0,0.03,0.04,2,26,0,0,1,2.4285714285714284,0.0
7,3625,1,False,0,2025-02-26,2,0.0,0.16,0.19,2,26,0,0,1,2.4285714285714284,0.0
7,4088,1,False,0,2025-02-26,4,0.0,0.33,0.4,2,26,0,0,1,2.7142857142857144,0.0
7,4089,1,False,0,2025-02-26,1,0.0,0.16,0.24,2,26,0,0,1,2.857142857142857,0.0
7,4206,1,False,0,2025-02-26,2,0.0,0.5,0.66,2,26,0,0,1,2.7142857142857144,0.0
7,4693,1,False,0,2025-02-26,2,0.0,0.09,0.12,2,26,0,0,1,2.5714285714285716,0.0
7,5035,1,False,0,2025-02-26,3,0.0,0.13,0.15,2,26,0,0,1,2.5714285714285716,0.0
7,9,3,True,0,2025-02-26,0,0.0,0.11,0.16,2,26,0,0,1,2.2857142857142856,0.0
7,42,3,True,0,2025-02-26,7,0.0,0.05,0.06,2,26,0,0,1,2.0,0.0
7,54,3,True,0,2025-02-26,0,0.0,0.18,0.2,2,26,0,0,1,2.7142857142857144,0.0
7,63,3,True,0,2025-02-26,1,0.0,0.14,0.17,2,26,0,0,1,2.142857142857143,0.0
7,71,3,True,0,2025-02-26,1,0.0,0.03,0.03,2,26,0,0,1,2.142857142857143,0.0
7,73,3,True,0,2025-02-26,0,0.0,0.15,0.19,2,26,0,0,1,2.0,0.0
7,118,3,True,0,2025-02-26,6,0.0,0.05,0.07,2,26,0,0,1,1.7142857142857142,0.0
7,151,3,True,0,2025-02-26,0,0.0,0.21,0.29,2,26,0,0,1,2.142857142857143,0.0
7,154,3,True,0,2025-02-26,0,0.0,0.18,0.24,2,26,0,0,1,2.142857142857143,0.0
7,156,3,True,0,2025-02-26,0,0.0,0.04,0.05,2,26,0,0,1,1.1428571428571428,0.0
7,224,3,True,0,2025-02-26,1,0.0,0.06,0.08,2,26,0,0,1,1.1428571428571428,0.0
7,230,3,True,0,2025-02-26,20,0.0,0.03,0.05,2,26,0,0,1,1.1428571428571428,0.0
7,258,3,True,0,2025-02-26,1,0.0,0.03,0.04,2,26,0,0,1,3.857142857142857,0.0
7,304,3,True,0,2025-02-26,0,1.0,0.1,0.11,2,26,0,0,1,4.0,0.0
7,307,3,True,0,2025-02-26,0,0.0,0.16,0.19,2,26,0,0,1,3.142857142857143,0.0
7,319,3,True,0,2025-02-26,1,0.0,0.35,0.39,2,26,0,0,1,3.142857142857143,0.0
7,323,3,True,0,2025-02-26,1,0.0,0.28,0.32,2,26,0,0,1,3.2857142857142856,0.0
7,347,3,True,0,2025-02-26,0,0.0,0.06,0.07,2,26,0,0,1,3.4285714285714284,0.0
7,377,3,True,0,2025-02-26,0,0.0,0.12,0.16,2,26,0,0,1,3.2857142857142856,0.0
7,384,3,True,0,2025-02-26,0,0.0,0.04,0.06,2,26,0,0,1,0.42857142857142855,0.0
7,396,3,True,0,2025-02-26,0,0.0,0.22,0.26,2,26,0,0,1,0.2857142857142857,0.0
7,400,3,True,0,2025-02-26,0,0.0,0.19,0.21,2,26,0,0,1,0.2857142857142857,0.0
7,409,3,True,0,2025-02-26,0,0.0,0.1,0.13,2,26,0,0,1,0.2857142857142857,0.0
7,414,3,True,0,2025-02-26,0,0.0,0.08,0.1,2,26,0,0,1,0.14285714285714285,0.0
7,424,3,True,0,2025-02-26,0,0.0,0.09,0.11,2,26,0,0,1,0.0,0.0
7,430,3,True,0,2025-02-26,0,0.0,0.13,0.23,2,26,0,0,1,0.0,0.0
7,452,3,True,0,2025-02-26,1,0.0,0.07,0.08,2,26,0,0,1,0.0,0.0
7,514,3,True,0,2025-02-26,0,0.0,0.16,0.22,2,26,0,0,1,0.14285714285714285,0.0
7,541,3,True,0,2025-02-26,1,0.0,0.07,0.1,2,26,0,0,1,0.14285714285714285,0.0
7,550,3,True,0,2025-02-26,0,0.0,0.13,0.15,2,26,0,0,1,0.2857142857142857,0.0
7,570,3,True,0,2025-02-26,0,0.0,0.15,0.17,2,26,0,0,1,0.2857142857142857,0.0
7,571,3,True,0,2025-02-26,0,0.0,0.11,0.12,2,26,0,0,1,0.2857142857142857,0.0
7,604,3,True,0,2025-02-26,0,0.0,0.3,0.35,2,26,0,0,1,0.2857142857142857,0.0
7,618,3,True,0,2025-02-26,0,0.0,0.13,0.14,2,26,0,0,1,0.2857142857142857,0.0
7,630,3,True,0,2025-02-26,0,0.0,0.06,0.08,2,26,0,0,1,0.14285714285714285,0.0
7,642,3,True,0,2025-02-26,2,0.0,0.07,0.09,2,26,0,0,1,0.14285714285714285,0.0
7,643,3,True,0,2025-02-26,0,0.0,0.06,0.07,2,26,0,0,1,0.2857142857142857,0.0
7,664,3,True,0,2025-02-26,0,0.0,0.14,0.17,2,26,0,0,1,0.2857142857142857,0.0
7,674,3,True,0,2025-02-26,0,0.0,0.15,0.19,2,26,0,0,1,0.2857142857142857,0.0
7,679,3,True,0,2025-02-26,2,1.0,0.06,0.07,2,26,0,0,1,0.2857142857142857,0.0
7,713,3,True,0,2025-02-26,0,0.0,0.06,0.07,2,26,0,0,1,0.5714285714285714,0.0
7,725,3,True,0,2025-02-26,0,0.0,0.18,0.21,2,26,0,0,1,0.5714285714285714,0.0
7,766,3,True,0,2025-02-26,0,0.0,0.06,0.07,2,26,0,0,1,0.5714285714285714,0.0
7,767,3,True,0,2025-02-26,0,0.0,0.17,0.24,2,26,0,0,1,0.2857142857142857,0.0
7,775,3,True,0,2025-02-26,0,0.0,0.12,0.15,2,26,0,0,1,0.2857142857142857,0.0
7,800,3,True,0,2025-02-26,1,0.0,0.26,0.35,2,26,0,0,1,0.2857142857142857,0.0
7,804,3,True,0,2025-02-26,0,0.0,0.1,0.17,2,26,0,0,1,0.42857142857142855,0.0
7,806,3,True,0,2025-02-26,0,0.0,0.08,0.1,2,26,0,0,1,0.14285714285714285,0.0
7,807,3,True,0,2025-02-26,0,0.0,0.13,0.15,2,26,0,0,1,0.14285714285714285,0.0
7,808,3,True,0,2025-02-26,1,0.0,0.06,0.07,2,26,0,0,1,0.14285714285714285,0.0
7,832,3,True,0,2025-02-26,0,0.0,0.12,0.15,2,26,0,0,1,0.2857142857142857,0.0
7,836,3,True,0,2025-02-26,0,0.0,0.07,0.08,2,26,0,0,1,0.2857142857142857,0.0
7,841,3,True,0,2025-02-26,0,0.0,0.13,0.16,2,26,0,0,1,0.2857142857142857,0.0
7,847,3,True,0,2025-02-26,1,0.0,0.08,0.13,2,26,0,0,1,0.14285714285714285,0.0
7,850,3,True,0,2025-02-26,0,0.0,0.49,0.51,2,26,0,0,1,0.2857142857142857,0.0
7,874,3,True,0,2025-02-26,2,0.0,0.03,0.04,2,26,0,0,1,0.2857142857142857,0.0
7,897,3,True,0,2025-02-26,0,0.0,0.05,0.06,2,26,0,0,1,0.5714285714285714,0.0
7,903,3,True,0,2025-02-26,1,0.0,0.05,0.08,2,26,0,0,1,0.42857142857142855,0.0
7,905,3,True,0,2025-02-26,0,0.0,0.1,0.17,2,26,0,0,1,0.5714285714285714,0.0
7,921,3,True,0,2025-02-26,0,0.0,0.09,0.12,2,26,0,0,1,0.5714285714285714,0.0
7,922,3,True,0,2025-02-26,0,0.0,0.07,0.1,2,26,0,0,1,0.5714285714285714,0.0
7,937,3,True,0,2025-02-26,14,0.0,0.03,0.05,2,26,0,0,1,0.42857142857142855,0.0
7,940,3,True,0,2025-02-26,0,0.0,0.2,0.23,2,26,0,0,1,2.4285714285714284,0.0
7,965,3,True,0,2025-02-26,2,0.0,0.36,0.43,2,26,0,0,1,2.142857142857143,0.0
7,971,3,True,0,2025-02-26,5,0.0,0.08,0.1,2,26,0,0,1,2.4285714285714284,0.0
7,978,3,True,0,2025-02-26,0,0.0,0.11,0.16,2,26,0,0,1,3.0,0.0
7,983,3,True,0,2025-02-26,0,0.0,0.11,0.13,2,26,0,0,1,3.0,0.0
7,1005,3,True,0,2025-02-26,2,0.0,0.07,0.09,2,26,0,0,1,3.0,0.0
7,1006,3,True,0,2025-02-26,0,0.0,0.03,0.04,2,26,0,0,1,3.2857142857142856,0.0
7,1022,3,True,0,2025-02-26,1,0.0,0.09,0.11,2,26,0,0,1,1.2857142857142858,0.0
7,1046,3,True,0,2025-02-26,0,0.0,0.06,0.1,2,26,0,0,1,1.4285714285714286,0.0
7,1074,3,True,0,2025-02-26,2,0.0,0.11,0.13,2,26,0,0,1,1.1428571428571428,0.0
7,1080,3,True,0,2025-02-26,0,0.0,0.15,0.17,2,26,0,0,1,0.7142857142857143,0.0
7,1089,3,True,0,2025-02-26,0,0.0,0.11,0.14,2,26,0,0,1,0.7142857142857143,0.0
7,1094,3,True,0,2025-02-26,1,0.0,0.18,0.19,2,26,0,0,1,0.7142857142857143,0.0
7,1106,3,True,0,2025-02-26,6,0.0,0.08,0.12,2,26,0,0,1,0.5714285714285714,0.0
7,1141,3,True,0,2025-02-26,1,0.0,0.09,0.14,2,26,0,0,1,1.4285714285714286,0.0
7,1142,3,True,0,2025-02-26,0,0.0,0.28,0.26,2,26,0,0,1,1.4285714285714286,0.0
7,1150,3,True,0,2025-02-26,0,0.0,0.04,0.05,2,26,0,0,1,1.4285714285714286,0.0
7,1153,3,True,0,2025-02-26,0,0.0,0.07,0.08,2,26,0,0,1,1.1428571428571428,0.0
7,1173,3,True,0,2025-02-26,0,0.0,0.05,0.05,2,26,0,0,1,1.1428571428571428,0.0
7,1208,3,True,0,2025-02-26,1,0.0,0.1,0.12,2,26,0,0,1,1.1428571428571428,0.0
7,1246,3,True,0,2025-02-26,0,0.0,0.04,0.07,2,26,0,0,1,1.1428571428571428,0.0
7,1254,3,True,0,2025-02-26,0,0.0,0.23,0.29,2,26,0,0,1,0.2857142857142857,0.0
7,1280,3,True,0,2025-02-26,0,0.0,0.14,0.1,2,26,0,0,1,0.14285714285714285,0.0
7,1315,3,True,0,2025-02-26,0,0.0,0.14,0.19,2,26,0,0,1,0.14285714285714285,0.0
7,1322,3,True,0,2025-02-26,0,0.0,0.25,0.35,2,26,0,0,1,0.14285714285714285,0.0
7,1337,3,True,0,2025-02-26,0,0.0,0.04,0.05,2,26,0,0,1,0.14285714285714285,0.0
7,1348,3,True,0,2025-02-26,0,0.0,0.14,0.19,2,26,0,0,1,0.14285714285714285,0.0
7,1353,3,True,0,2025-02-26,2,0.0,0.12,0.15,2,26,0,0,1,0.0,0.0
7,1387,3,True,0,2025-02-26,0,0.0,0.04,0.05,2,26,0,0,1,0.2857142857142857,0.0
7,1413,3,True,0,2025-02-26,0,0.0,0.51,0.6,2,26,0,0,1,0.2857142857142857,0.0
7,1446,3,True,0,2025-02-26,13,0.0,0.01,0.01,2,26,0,0,1,0.2857142857142857,0.0
7,1450,3,True,0,2025-02-26,1,0.0,0.05,0.07,2,26,0,0,1,2.142857142857143,0.0
7,1458,3,True,0,2025-02-26,2,0.0,0.05,0.06,2,26,0,0,1,2.2857142857142856,0.0
7,1460,3,True,0,2025-02-26,7,0.0,0.05,0.08,2,26,0,0,1,2.5714285714285716,0.0
7,1486,3,True,0,2025-02-26,0,0.0,0.07,0.1,2,26,0,0,1,3.5714285714285716,0.0
7,1514,3,True,0,2025-02-26,0,0.0,0.19,0.24,2,26,0,0,1,3.2857142857142856,0.0
7,1518,3,True,0,2025-02-26,0,0.0,0.17,0.23,2,26,0,0,1,3.2857142857142856,0.0
7,1520,3,True,0,2025-02-26,1,0.0,0.05,0.07,2,26,0,0,1,3.2857142857142856,0.0
7,1577,3,True,0,2025-02-26,1,1.0,0.07,0.09,2,26,0,0,1,1.5714285714285714,0.0
7,1604,3,True,0,2025-02-26,1,0.0,0.36,0.49,2,26,0,0,1,1.5714285714285714,0.0
7,1651,3,True,0,2025-02-26,1,1.0,0.22,0.26,2,26,0,0,1,1.4285714285714286,0.0
7,1660,3,True,0,2025-02-26,0,0.0,0.1,0.13,2,26,0,0,1,0.5714285714285714,0.0
7,1667,3,True,0,2025-02-26,0,0.0,0.07,0.08,2,26,0,0,1,0.5714285714285714,0.0
7,1689,3,True,0,2025-02-26,2,0.0,0.05,0.06,2,26,0,0,1,0.5714285714285714,0.0
7,1691,3,True,0,2025-02-26,2,0.0,0.03,0.05,2,26,0,0,1,0.8571428571428571,0.0
7,1717,3,True,0,2025-02-26,0,0.0,0.27,0.31,2,26,0,0,1,1.0,0.0
7,1736,3,True,0,2025-02-26,0,0.0,0.06,0.09,2,26,0,0,1,0.8571428571428571,0.0
7,1781,3,True,0,2025-02-26,0,0.0,0.04,0.05,2,26,0,0,1,0.7142857142857143,0.0
7,1791,3,True,0,2025-02-26,0,0.0,0.3,0.44,2,26,0,0,1,0.5714285714285714,0.0
7,1798,3,True,0,2025-02-26,12,0.0,0.22,0.24,2,26,0,0,1,0.5714285714285714,0.0
7,1800,3,True,0,2025-02-26,1,0.0,0.24,0.36,2,26,0,0,1,2.2857142857142856,0.0
7,1803,3,True,0,2025-02-26,1,0.0,0.07,0.11,2,26,0,0,1,2.142857142857143,0.0
7,1804,3,True,0,2025-02-26,1,0.0,0.09,0.12,2,26,0,0,1,2.0,0.0
7,1843,3,True,0,2025-02-26,2,0.0,0.04,0.05,2,26,0,0,1,2.142857142857143,0.0
7,1852,3,True,0,2025-02-26,0,0.0,0.05,0.07,2,26,0,0,1,2.4285714285714284,0.0
7,1871,3,True,0,2025-02-26,0,0.0,0.17,0.23,2,26,0,0,1,2.4285714285714284,0.0
7,1876,3,True,0,2025-02-26,2,0.0,0.07,0.09,2,26,0,0,1,2.4285714285714284,0.0
7,1881,3,True,0,2025-02-26,1,0.0,0.18,0.26,2,26,0,0,1,1.0,0.0
7,1903,3,True,0,2025-02-26,0,0.0,0.05,0.06,2,26,0,0,1,1.0,0.0
7,1908,3,True,0,2025-02-26,1,0.0,0.03,0.05,2,26,0,0,1,0.8571428571428571,0.0
7,1918,3,True,0,2025-02-26,2,0.0,0.03,0.04,2,26,0,0,1,0.8571428571428571,0.0
7,1932,3,True,0,2025-02-26,0,0.0,0.1,0.11,2,26,0,0,1,0.8571428571428571,0.0
7,1936,3,True,0,2025-02-26,1,0.0,0.43,0.56,2,26,0,0,1,0.8571428571428571,0.0
7,1947,3,True,0,2025-02-26,6,0.0,0.09,0.11,2,26,0,0,1,1.0,0.0
7,1962,3,True,0,2025-02-26,0,0.0,0.06,0.09,2,26,0,0,1,1.5714285714285714,0.0
7,1965,3,True,0,2025-02-26,0,0.0,0.24,0.29,2,26,0,0,1,1.4285714285714286,0.0
7,1992,3,True,0,2025-02-26,0,0.0,0.08,0.11,2,26,0,0,1,1.4285714285714286,0.0
7,1994,3,True,0,2025-02-26,0,0.0,0.03,0.03,2,26,0,0,1,1.2857142857142858,0.0
7,2017,3,True,0,2025-02-26,1,0.0,0.11,0.21,2,26,0,0,1,1.0,0.0
7,2019,3,True,0,2025-02-26,0,0.0,0.15,0.18,2,26,0,0,1,1.1428571428571428,0.0
7,2041,3,True,0,2025-02-26,0,0.0,0.06,0.08,2,26,0,0,1,1.0,0.0
7,2043,3,True,0,2025-02-26,0,0.0,0.06,0.09,2,26,0,0,1,0.14285714285714285,0.0
7,2047,3,True,0,2025-02-26,0,0.0,0.12,0.16,2,26,0,0,1,0.14285714285714285,0.0
7,2055,3,True,0,2025-02-26,2,0.0,0.1,0.15,2,26,0,0,1,0.14285714285714285,0.0
7,2084,3,True,0,2025-02-26,1,0.0,0.05,0.07,2,26,0,0,1,0.42857142857142855,0.0
7,2111,3,True,0,2025-02-26,0,0.0,0.29,0.35,2,26,0,0,1,0.5714285714285714,0.0
7,2114,3,True,0,2025-02-26,0,0.0,0.06,0.08,2,26,0,0,1,0.42857142857142855,0.0
7,2115,3,True,0,2025-02-26,0,0.0,0.49,0.72,2,26,0,0,1,0.42857142857142855,0.0
7,2117,3,True,0,2025-02-26,0,0.0,0.14,0.15,2,26,0,0,1,0.42857142857142855,0.0
7,2136,3,True,0,2025-02-26,0,0.0,0.27,0.31,2,26,0,0,1,0.42857142857142855,0.0
7,2146,3,True,0,2025-02-26,0,0.0,0.2,0.25,2,26,0,0,1,0.42857142857142855,0.0
7,2173,3,True,0,2025-02-26,0,0.0,0.03,0.05,2,26,0,0,1,0.14285714285714285,0.0
7,2186,3,True,0,2025-02-26,0,0.0,0.25,0.34,2,26,0,0,1,0.0,0.0
7,2192,3,True,0,2025-02-26,0,0.0,0.07,0.09,2,26,0,0,1,0.0,0.0
7,2201,3,True,0,2025-02-26,0,0.0,0.12,0.16,2,26,0,0,1,0.0,0.0
7,2203,3,True,0,2025-02-26,0,0.0,0.15,0.2,2,26,0,0,1,0.0,0.0
7,2206,3,True,0,2025-02-26,97,0.0,0.02,0.03,2,26,0,0,1,0.0,0.0
7,2228,3,True,0,2025-02-26,0,0.0,0.16,0.19,2,26,0,0,1,13.857142857142858,0.0
7,2245,3,True,0,2025-02-26,0,0.0,0.2,0.26,2,26,0,0,1,13.857142857142858,0.0
7,2249,3,True,0,2025-02-26,0,0.0,0.06,0.07,2,26,0,0,1,13.857142857142858,0.0
7,2265,3,True,0,2025-02-26,1,0.0,0.03,0.04,2,26,0,0,1,13.857142857142858,0.0
7,2268,3,True,0,2025-02-26,0,0.0,0.14,0.2,2,26,0,0,1,14.0,0.0
7,2282,3,True,0,2025-02-26,0,0.0,0.08,0.11,2,26,0,0,1,14.0,0.0
7,2289,3,True,0,2025-02-26,15,0.0,0.08,0.11,2,26,0,0,1,14.0,0.0
7,2300,3,True,0,2025-02-26,0,0.0,0.23,0.28,2,26,0,0,1,2.2857142857142856,0.0
7,2314,3,True,0,2025-02-26,0,1.0,0.06,0.08,2,26,0,0,1,2.2857142857142856,0.0
7,2316,3,True,0,2025-02-26,0,0.0,0.08,0.1,2,26,0,0,1,2.2857142857142856,0.0
7,2347,3,True,0,2025-02-26,0,0.0,0.16,0.19,2,26,0,0,1,2.2857142857142856,0.0
7,2350,3,True,0,2025-02-26,0,0.0,0.04,0.06,2,26,0,0,1,2.142857142857143,0.0
7,2385,3,True,0,2025-02-26,0,0.0,0.02,0.03,2,26,0,0,1,2.142857142857143,0.0
7,2387,3,True,0,2025-02-26,0,0.0,0.1,0.14,2,26,0,0,1,2.142857142857143,0.0
7,2394,3,True,0,2025-02-26,0,0.0,0.12,0.16,2,26,0,0,1,0.0,0.0
7,2402,3,True,0,2025-02-26,0,0.0,0.07,0.1,2,26,0,0,1,0.0,0.0
7,2406,3,True,0,2025-02-26,0,0.0,0.29,0.32,2,26,0,0,1,0.0,0.0
7,2411,3,True,0,2025-02-26,3,0.0,0.16,0.2,2,26,0,0,1,0.0,0.0
7,2422,3,True,0,2025-02-26,0,0.0,0.28,0.32,2,26,0,0,1,0.42857142857142855,0.0
7,2426,3,True,0,2025-02-26,0,0.0,0.15,0.14,2,26,0,0,1,0.42857142857142855,0.0
7,2472,3,True,0,2025-02-26,0,0.0,0.09,0.13,2,26,0,0,1,0.42857142857142855,0.0
7,2496,3,True,0,2025-02-26,0,0.0,0.22,0.27,2,26,0,0,1,0.42857142857142855,0.0
7,2501,3,True,0,2025-02-26,0,0.0,0.09,0.11,2,26,0,0,1,0.42857142857142855,0.0
7,2505,3,True,0,2025-02-26,0,0.0,0.09,0.1,2,26,0,0,1,0.42857142857142855,0.0
7,2521,3,True,0,2025-02-26,0,0.0,0.43,0.53,2,26,0,0,1,0.42857142857142855,0.0
7,2524,3,True,0,2025-02-26,2,0.0,0.29,0.38,2,26,0,0,1,0.0,0.0
7,2532,3,True,0,2025-02-26,1,0.0,0.12,0.11,2,26,0,0,1,0.2857142857142857,0.0
7,2533,3,True,0,2025-02-26,0,0.0,0.34,0.38,2,26,0,0,1,0.42857142857142855,0.0
7,2555,3,True,0,2025-02-26,0,0.0,0.03,0.04,2,26,0,0,1,0.42857142857142855,0.0
7,2572,3,True,0,2025-02-26,0,0.0,0.34,0.4,2,26,0,0,1,0.42857142857142855,0.0
7,2573,3,True,0,2025-02-26,0,1.0,0.23,0.29,2,26,0,0,1,0.42857142857142855,0.0
7,2575,3,True,0,2025-02-26,0,0.0,0.02,0.03,2,26,0,0,1,0.42857142857142855,0.0
7,2578,3,True,0,2025-02-26,0,0.0,0.04,0.06,2,26,0,0,1,0.42857142857142855,0.0
7,2593,3,True,0,2025-02-26,2,0.0,0.01,0.02,2,26,0,0,1,0.14285714285714285,0.0
7,2594,3,True,0,2025-02-26,0,0.0,0.24,0.31,2,26,0,0,1,0.2857142857142857,0.0
7,2596,3,True,0,2025-02-26,2,0.0,0.22,0.19,2,26,0,0,1,0.2857142857142857,0.0
7,2626,3,True,0,2025-02-26,1,0.0,0.25,0.32,2,26,0,0,1,0.5714285714285714,0.0
7,2637,3,True,0,2025-02-26,0,0.0,0.15,0.19,2,26,0,0,1,0.7142857142857143,0.0
7,2650,3,True,0,2025-02-26,0,0.0,0.07,0.09,2,26,0,0,1,0.7142857142857143,0.0
7,2663,3,True,0,2025-02-26,0,0.0,0.54,0.67,2,26,0,0,1,0.7142857142857143,0.0
7,2664,3,True,0,2025-02-26,0,0.0,0.19,0.22,2,26,0,0,1,0.7142857142857143,0.0
7,2668,3,True,0,2025-02-26,0,0.0,0.22,0.27,2,26,0,0,1,0.42857142857142855,0.0
7,2710,3,True,0,2025-02-26,1,0.0,0.06,0.1,2,26,0,0,1,0.42857142857142855,0.0
7,2715,3,True,0,2025-02-26,0,0.0,0.04,0.05,2,26,0,0,1,0.2857142857142857,0.0
7,2741,3,True,0,2025-02-26,0,0.0,0.17,0.21,2,26,0,0,1,0.14285714285714285,0.0
7,2746,3,True,0,2025-02-26,0,0.0,0.15,0.19,2,26,0,0,1,0.14285714285714285,0.0
7,2768,3,True,0,2025-02-26,1,0.0,0.08,0.12,2,26,0,0,1,0.14285714285714285,0.0
7,2814,3,True,0,2025-02-26,0,0.0,0.1,0.14,2,26,0,0,1,0.2857142857142857,0.0
7,2826,3,True,0,2025-02-26,4,0.0,0.06,0.11,2,26,0,0,1,0.2857142857142857,0.0
7,2827,3,True,0,2025-02-26,0,0.0,0.34,0.41,2,26,0,0,1,0.8571428571428571,0.0
7,2861,3,True,0,2025-02-26,1,0.0,0.09,0.12,2,26,0,0,1,0.7142857142857143,0.0
7,2862,3,True,0,2025-02-26,0,0.0,0.32,0.48,2,26,0,0,1,0.8571428571428571,0.0
7,2864,3,True,0,2025-02-26,0,0.0,0.06,0.07,2,26,0,0,1,0.8571428571428571,0.0
7,2866,3,True,0,2025-02-26,0,0.0,0.25,0.34,2,26,0,0,1,0.8571428571428571,0.0
7,2902,3,True,0,2025-02-26,2,0.0,0.04,0.06,2,26,0,0,1,0.7142857142857143,0.0
7,2910,3,True,0,2025-02-26,0,0.0,0.25,0.29,2,26,0,0,1,1.0,0.0
7,2911,3,True,0,2025-02-26,0,0.0,0.27,0.33,2,26,0,0,1,0.42857142857142855,0.0
7,2951,3,True,0,2025-02-26,0,0.0,0.07,0.09,2,26,0,0,1,0.42857142857142855,0.0
7,2954,3,True,0,2025-02-26,0,0.0,0.05,0.06,2,26,0,0,1,0.2857142857142857,0.0
7,2958,3,True,0,2025-02-26,1,0.0,0.04,0.06,2,26,0,0,1,0.2857142857142857,0.0
7,2974,3,True,0,2025-02-26,0,0.0,0.12,0.15,2,26,0,0,1,0.42857142857142855,0.0
7,2975,3,True,0,2025-02-26,0,0.0,0.14,0.19,2,26,0,0,1,0.42857142857142855,0.0
7,2980,3,True,0,2025-02-26,0,0.0,0.06,0.07,2,26,0,0,1,0.14285714285714285,0.0
7,3022,3,True,0,2025-02-26,0,0.0,0.2,0.24,2,26,0,0,1,0.14285714285714285,0.0
7,3052,3,True,0,2025-02-26,0,0.0,0.16,0.22,2,26,0,0,1,0.14285714285714285,0.0
7,3061,3,True,0,2025-02-26,1,0.0,0.03,0.05,2,26,0,0,1,0.14285714285714285,0.0
7,3069,3,True,0,2025-02-26,0,0.0,0.14,0.2,2,26,0,0,1,0.2857142857142857,0.0
7,3074,3,True,0,2025-02-26,0,0.0,0.12,0.17,2,26,0,0,1,0.14285714285714285,0.0
7,3077,3,True,0,2025-02-26,0,0.0,0.44,0.67,2,26,0,0,1,0.14285714285714285,0.0
7,3079,3,True,0,2025-02-26,1,0.0,0.1,0.12,2,26,0,0,1,0.14285714285714285,0.0
7,3083,3,True,0,2025-02-26,0,0.0,0.06,0.06,2,26,0,0,1,0.2857142857142857,0.0
7,3104,3,True,0,2025-02-26,0,0.0,0.24,0.28,2,26,0,0,1,0.2857142857142857,0.0
7,3116,3,True,0,2025-02-26,0,0.0,0.09,0.12,2,26,0,0,1,0.2857142857142857,0.0
7,3117,3,True,0,2025-02-26,4,0.0,0.05,0.08,2,26,0,0,1,0.14285714285714285,0.0
7,3119,3,True,0,2025-02-26,0,0.0,0.09,0.11,2,26,0,0,1,0.7142857142857143,0.0
7,3165,3,True,0,2025-02-26,0,0.0,0.07,0.1,2,26,0,0,1,0.7142857142857143,0.0
7,3208,3,True,0,2025-02-26,0,0.0,0.07,0.11,2,26,0,0,1,0.7142857142857143,0.0
7,3212,3,True,0,2025-02-26,0,0.0,0.08,0.11,2,26,0,0,1,0.5714285714285714,0.0
7,3219,3,True,0,2025-02-26,0,0.0,0.08,0.1,2,26,0,0,1,0.5714285714285714,0.0
7,3234,3,True,0,2025-02-26,0,0.0,0.13,0.16,2,26,0,0,1,0.5714285714285714,0.0
7,3242,3,True,0,2025-02-26,4,0.0,0.05,0.07,2,26,0,0,1,0.5714285714285714,0.0
7,3263,3,True,0,2025-02-26,0,0.0,0.3,0.34,2,26,0,0,1,0.5714285714285714,0.0
7,3266,3,True,0,2025-02-26,1,0.0,0.08,0.12,2,26,0,0,1,0.5714285714285714,0.0
7,3276,3,True,0,2025-02-26,0,0.0,0.1,0.12,2,26,0,0,1,0.7142857142857143,0.0
7,3286,3,True,0,2025-02-26,0,0.0,0.22,0.28,2,26,0,0,1,0.7142857142857143,0.0
7,3347,3,True,0,2025-02-26,2,0.0,0.1,0.12,2,26,0,0,1,0.7142857142857143,0.0
7,3358,3,True,0,2025-02-26,2,0.0,0.17,0.29,2,26,0,0,1,1.0,0.0
7,3363,3,True,0,2025-02-26,1,0.0,0.18,0.23,2,26,0,0,1,1.2857142857142858,0.0
7,3369,3,True,0,2025-02-26,0,0.0,0.06,0.1,2,26,0,0,1,0.8571428571428571,0.0
7,3393,3,True,0,2025-02-26,0,0.0,0.07,0.09,2,26,0,0,1,0.8571428571428571,0.0
7,3452,3,True,0,2025-02-26,1,0.0,0.14,0.16,2,26,0,0,1,0.7142857142857143,0.0
7,3495,3,True,0,2025-02-26,1,1.0,0.08,0.11,2,26,0,0,1,0.8571428571428571,0.0
7,3502,3,True,0,2025-02-26,0,0.0,0.08,0.1,2,26,0,0,1,1.0,0.0
7,3523,3,True,0,2025-02-26,0,0.0,0.17,0.22,2,26,0,0,1,0.7142857142857143,0.0
7,3527,3,True,0,2025-02-26,0,0.0,0.15,0.2,2,26,0,0,1,0.42857142857142855,0.0
7,3538,3,True,0,2025-02-26,0,0.0,0.02,0.05,2,26,0,0,1,0.2857142857142857,0.0
7,3546,3,True,0,2025-02-26,1,0.0,0.12,0.17,2,26,0,0,1,0.2857142857142857,0.0
7,3549,3,True,0,2025-02-26,0,0.0,0.15,0.18,2,26,0,0,1,0.42857142857142855,0.0
7,3560,3,True,0,2025-02-26,0,0.0,0.2,0.23,2,26,0,0,1,0.2857142857142857,0.0
7,3589,3,True,0,2025-02-26,0,0.0,0.09,0.12,2,26,0,0,1,0.14285714285714285,0.0
7,3609,3,True,0,2025-02-26,0,0.0,0.04,0.05,2,26,0,0,1,0.14285714285714285,0.0
7,3641,3,True,0,2025-02-26,3,0.0,0.07,0.1,2,26,0,0,1,0.14285714285714285,0.0
7,3642,3,True,0,2025-02-26,0,0.0,0.42,0.55,2,26,0,0,1,0.5714285714285714,0.0
7,3653,3,True,0,2025-02-26,0,0.0,0.25,0.32,2,26,0,0,1,0.5714285714285714,0.0
7,3701,3,True,0,2025-02-26,0,0.0,0.23,0.25,2,26,0,0,1,0.42857142857142855,0.0
7,3708,3,True,0,2025-02-26,0,0.0,0.02,0.03,2,26,0,0,1,0.42857142857142855,0.0
7,3726,3,True,0,2025-02-26,0,0.0,0.1,0.13,2,26,0,0,1,0.42857142857142855,0.0
7,3746,3,True,0,2025-02-26,2,0.0,0.06,0.07,2,26,0,0,1,0.42857142857142855,0.0
7,3749,3,True,0,2025-02-26,0,0.0,0.08,0.11,2,26,0,0,1,0.7142857142857143,0.0
7,3769,3,True,0,2025-02-26,0,0.0,0.27,0.29,2,26,0,0,1,0.2857142857142857,0.0
7,3798,3,True,0,2025-02-26,0,0.0,0.04,0.05,2,26,0,0,1,0.2857142857142857,0.0
7,3803,3,True,0,2025-02-26,0,0.0,0.14,0.17,2,26,0,0,1,0.2857142857142857,0.0
7,3834,3,True,0,2025-02-26,0,1.0,0.04,0.06,2,26,0,0,1,0.2857142857142857,0.0
7,3839,3,True,0,2025-02-26,1,0.0,0.05,0.08,2,26,0,0,1,0.2857142857142857,0.0
7,3852,3,True,0,2025-02-26,0,0.0,0.24,0.27,2,26,0,0,1,0.42857142857142855,0.0
7,3864,3,True,0,2025-02-26,0,0.0,0.06,0.07,2,26,0,0,1,0.14285714285714285,0.0
7,3877,3,True,0,2025-02-26,0,0.0,0.01,0.02,2,26,0,0,1,0.14285714285714285,0.0
7,3891,3,True,0,2025-02-26,2,0.0,0.17,0.22,2,26,0,0,1,0.14285714285714285,0.0
7,3893,3,True,0,2025-02-26,0,0.0,0.08,0.1,2,26,0,0,1,0.42857142857142855,0.0
7,3909,3,True,0,2025-02-26,6,0.0,0.08,0.1,2,26,0,0,1,0.42857142857142855,0.0
7,3911,3,True,0,2025-02-26,0,0.0,0.08,0.1,2,26,0,0,1,1.2857142857142858,0.0
7,3915,3,True,0,2025-02-26,0,0.0,0.1,0.13,2,26,0,0,1,1.1428571428571428,0.0
7,3922,3,True,0,2025-02-26,1,0.0,0.03,0.04,2,26,0,0,1,1.1428571428571428,0.0
7,3934,3,True,0,2025-02-26,0,0.0,0.38,0.44,2,26,0,0,1,1.2857142857142858,0.0
7,3951,3,True,0,2025-02-26,0,0.0,0.39,0.62,2,26,0,0,1,1.2857142857142858,0.0
7,3982,3,True,0,2025-02-26,0,0.0,0.17,0.2,2,26,0,0,1,1.0,0.0
7,4002,3,True,0,2025-02-26,1,0.0,0.05,0.06,2,26,0,0,1,1.0,0.0
7,4011,3,True,0,2025-02-26,1,0.0,0.07,0.11,2,26,0,0,1,0.2857142857142857,0.0
7,4033,3,True,0,2025-02-26,0,0.0,0.11,0.15,2,26,0,0,1,0.42857142857142855,0.0
7,4041,3,True,0,2025-02-26,3,0.0,0.04,0.06,2,26,0,0,1,0.42857142857142855,0.0
7,4062,3,True,0,2025-02-26,10,0.0,0.12,0.15,2,26,0,0,1,0.7142857142857143,0.0
7,4097,3,True,0,2025-02-26,0,0.0,0.03,0.04,2,26,0,0,1,2.142857142857143,0.0
7,4119,3,True,0,2025-02-26,1,0.0,0.16,0.19,2,26,0,0,1,2.142857142857143,0.0
7,4120,3,True,0,2025-02-26,2,0.0,0.16,0.19,2,26,0,0,1,2.2857142857142856,0.0
7,4167,3,True,0,2025-02-26,0,0.0,0.33,0.44,2,26,0,0,1,2.4285714285714284,0.0
7,4179,3,True,0,2025-02-26,1,0.0,0.12,0.16,2,26,0,0,1,2.2857142857142856,0.0
7,4191,3,True,0,2025-02-26,1,0.0,0.12,0.17,2,26,0,0,1,2.4285714285714284,0.0
7,4192,3,True,0,2025-02-26,0,0.0,0.18,0.18,2,26,0,0,1,2.142857142857143,0.0
7,4203,3,True,0,2025-02-26,7,0.0,0.04,0.06,2,26,0,0,1,0.7142857142857143,0.0
7,4207,3,True,0,2025-02-26,2,0.0,0.11,0.15,2,26,0,0,1,1.7142857142857142,0.0
7,4210,3,True,0,2025-02-26,0,0.0,0.28,0.3,2,26,0,0,1,1.8571428571428572,0.0
7,4230,3,True,0,2025-02-26,0,0.0,0.13,0.17,2,26,0,0,1,1.5714285714285714,0.0
7,4239,3,True,0,2025-02-26,0,0.0,0.05,0.1,2,26,0,0,1,1.5714285714285714,0.0
7,4242,3,True,0,2025-02-26,0,0.0,0.32,0.37,2,26,0,0,1,1.4285714285714286,0.0
7,4246,3,True,0,2025-02-26,1,0.0,0.26,0.33,2,26,0,0,1,1.2857142857142858,0.0
7,4248,3,True,0,2025-02-26,0,0.0,0.24,0.29,2,26,0,0,1,1.4285714285714286,0.0
7,4260,3,True,0,2025-02-26,0,0.0,0.06,0.06,2,26,0,0,1,0.42857142857142855,0.0
7,4269,3,True,0,2025-02-26,0,0.0,0.08,0.1,2,26,0,0,1,0.14285714285714285,0.0
7,4277,3,True,0,2025-02-26,0,0.0,0.04,0.05,2,26,0,0,1,0.14285714285714285,0.0
7,4302,3,True,0,2025-02-26,2,0.0,0.57,0.6,2,26,0,0,1,0.14285714285714285,0.0
7,4315,3,True,0,2025-02-26,0,0.0,0.12,0.16,2,26,0,0,1,0.42857142857142855,0.0
7,4339,3,True,0,2025-02-26,3,0.0,0.23,0.27,2,26,0,0,1,0.42857142857142855,0.0
7,4357,3,True,0,2025-02-26,1,0.0,0.07,0.1,2,26,0,0,1,0.7142857142857143,0.0
7,4369,3,True,0,2025-02-26,10,0.0,0.38,0.46,2,26,0,0,1,0.8571428571428571,0.0
7,4381,3,True,0,2025-02-26,0,0.0,0.14,0.18,2,26,0,0,1,2.2857142857142856,0.0
7,4397,3,True,0,2025-02-26,0,0.0,0.09,0.15,2,26,0,0,1,2.2857142857142856,0.0
7,4409,3,True,0,2025-02-26,0,0.0,0.09,0.11,2,26,0,0,1,2.2857142857142856,0.0
7,4469,3,True,0,2025-02-26,1,0.0,0.26,0.34,2,26,0,0,1,2.0,0.0
7,4475,3,True,0,2025-02-26,0,0.0,0.06,0.1,2,26,0,0,1,2.142857142857143,0.0
7,4517,3,True,0,2025-02-26,0,0.0,0.29,0.37,2,26,0,0,1,1.7142857142857142,0.0
7,4521,3,True,0,2025-02-26,0,0.0,0.22,0.28,2,26,0,0,1,1.5714285714285714,0.0
7,4524,3,True,0,2025-02-26,1,0.0,0.17,0.2,2,26,0,0,1,0.14285714285714285,0.0
7,4527,3,True,0,2025-02-26,0,0.0,0.1,0.12,2,26,0,0,1,0.2857142857142857,0.0
7,4539,3,True,0,2025-02-26,31,0.0,0.01,0.01,2,26,0,0,1,0.2857142857142857,0.0
7,4540,3,True,0,2025-02-26,0,0.0,0.04,0.06,2,26,0,0,1,4.714285714285714,0.0
7,4546,3,True,0,2025-02-26,0,0.0,0.1,0.16,2,26,0,0,1,4.571428571428571,0.0
7,4563,3,True,0,2025-02-26,0,0.0,0.15,0.2,2,26,0,0,1,4.571428571428571,0.0
7,4572,3,True,0,2025-02-26,0,0.0,0.09,0.09,2,26,0,0,1,4.571428571428571,0.0
7,4582,3,True,0,2025-02-26,3,0.0,0.4,0.49,2,26,0,0,1,4.571428571428571,0.0
7,4640,3,True,0,2025-02-26,0,0.0,0.25,0.31,2,26,0,0,1,4.857142857142857,0.0
7,4675,3,True,0,2025-02-26,0,0.0,0.1,0.15,2,26,0,0,1,4.857142857142857,0.0
7,4683,3,True,0,2025-02-26,1,0.0,0.03,0.05,2,26,0,0,1,0.42857142857142855,0.0
7,4689,3,True,0,2025-02-26,0,0.0,0.11,0.12,2,26,0,0,1,0.5714285714285714,0.0
7,4699,3,True,0,2025-02-26,0,1.0,0.07,0.1,2,26,0,0,1,0.5714285714285714,0.0
7,4704,3,True,0,2025-02-26,0,0.0,0.24,0.33,2,26,0,0,1,0.5714285714285714,0.0
7,4725,3,True,0,2025-02-26,0,0.0,0.09,0.1,2,26,0,0,1,0.5714285714285714,0.0
7,4744,3,True,0,2025-02-26,0,0.0,0.04,0.05,2,26,0,0,1,0.14285714285714285,0.0
7,4757,3,True,0,2025-02-26,0,0.0,0.16,0.18,2,26,0,0,1,0.14285714285714285,0.0
7,4765,3,True,0,2025-02-26,1,0.0,0.12,0.15,2,26,0,0,1,0.14285714285714285,0.0
7,4769,3,True,0,2025-02-26,0,0.0,0.5,0.6,2,26,0,0,1,0.14285714285714285,0.0
7,4782,3,True,0,2025-02-26,0,0.0,0.14,0.18,2,26,0,0,1,0.14285714285714285,0.0
7,4783,3,True,0,2025-02-26,0,0.0,0.27,0.31,2,26,0,0,1,0.14285714285714285,0.0
7,4790,3,True,0,2025-02-26,0,0.0,0.09,0.11,2,26,0,0,1,0.14285714285714285,0.0
7,4794,3,True,0,2025-02-26,1,0.0,0.06,0.08,2,26,0,0,1,0.14285714285714285,0.0
7,4802,3,True,0,2025-02-26,1,0.0,0.16,0.19,2,26,0,0,1,0.2857142857142857,0.0
7,4803,3,True,0,2025-02-26,0,0.0,0.66,0.74,2,26,0,0,1,0.42857142857142855,0.0
7,4816,3,True,0,2025-02-26,7,0.0,0.11,0.12,2,26,0,0,1,0.2857142857142857,0.0
7,4820,3,True,0,2025-02-26,0,0.0,0.06,0.09,2,26,0,0,1,1.2857142857142858,0.0
7,4833,3,True,0,2025-02-26,0,0.0,0.22,0.23,2,26,0,0,1,1.2857142857142858,0.0
7,4848,3,True,0,2025-02-26,0,0.0,0.07,0.09,2,26,0,0,1,1.2857142857142858,0.0
7,4852,3,True,0,2025-02-26,0,0.0,0.2,0.21,2,26,0,0,1,1.2857142857142858,0.0
7,4859,3,True,0,2025-02-26,0,0.0,0.05,0.05,2,26,0,0,1,1.1428571428571428,0.0
7,4870,3,True,0,2025-02-26,0,0.0,0.1,0.13,2,26,0,0,1,1.0,0.0
7,4878,3,True,0,2025-02-26,0,0.0,0.1,0.12,2,26,0,0,1,1.0,0.0
7,4883,3,True,0,2025-02-26,0,0.0,0.12,0.13,2,26,0,0,1,0.0,0.0
7,4885,3,True,0,2025-02-26,0,0.0,0.06,0.08,2,26,0,0,1,0.0,0.0
7,4886,3,True,0,2025-02-26,0,0.0,0.16,0.21,2,26,0,0,1,0.0,0.0
7,4888,3,True,0,2025-02-26,0,0.0,0.17,0.25,2,26,0,0,1,0.0,0.0
7,4908,3,True,0,2025-02-26,0,0.0,0.16,0.19,2,26,0,0,1,0.0,0.0
7,4934,3,True,0,2025-02-26,0,0.0,0.07,0.09,2,26,0,0,1,0.0,0.0
7,4938,3,True,0,2025-02-26,2,0.0,0.54,0.65,2,26,0,0,1,0.0,0.0
7,4948,3,True,0,2025-02-26,0,0.0,0.12,0.16,2,26,0,0,1,0.2857142857142857,0.0
7,4957,3,True,0,2025-02-26,0,0.0,0.11,0.14,2,26,0,0,1,0.2857142857142857,0.0
7,4971,3,True,0,2025-02-26,0,0.0,0.29,0.37,2,26,0,0,1,0.2857142857142857,0.0
7,4976,3,True,0,2025-02-26,1,0.0,0.04,0.06,2,26,0,0,1,0.2857142857142857,0.0
7,4981,3,True,0,2025-02-26,0,0.0,0.15,0.2,2,26,0,0,1,0.42857142857142855,0.0
7,4984,3,True,0,2025-02-26,0,0.0,0.06,0.08,2,26,0,0,1,0.42857142857142855,0.0
7,4986,3,True,0,2025-02-26,1,0.0,0.05,0.06,2,26,0,0,1,0.42857142857142855,0.0
7,5004,3,True,0,2025-02-26,0,0.0,0.05,0.07,2,26,0,0,1,0.2857142857142857,0.0
7,5024,3,True,0,2025-02-26,0,0.0,0.1,0.12,2,26,0,0,1,0.2857142857142857,0.0
7,5074,3,True,0,2025-02-26,0,0.0,0.23,0.25,2,26,0,0,1,0.2857142857142857,0.0
7,5094,3,True,0,2025-02-26,2,0.0,0.05,0.08,2,26,0,0,1,0.2857142857142857,0.0
7,5095,3,True,0,2025-02-26,4,0.0,0.03,0.04,2,26,0,0,1,0.42857142857142855,0.0
7,5101,3,True,0,2025-02-26,0,0.0,0.01,0.02,2,26,0,0,1,1.0,0.0
7,5105,3,True,0,2025-02-26,0,0.0,0.15,0.19,2,26,0,0,1,1.0,0.0
7,5119,3,True,0,2025-02-26,0,0.0,0.06,0.09,2,26,0,0,1,0.8571428571428571,0.0
7,5125,3,True,0,2025-02-26,0,0.0,0.06,0.07,2,26,0,0,1,0.8571428571428571,0.0
7,5139,3,True,0,2025-02-26,0,0.0,0.2,0.24,2,26,0,0,1,0.8571428571428571,0.0
7,5209,3,True,0,2025-02-26,0,0.0,0.35,0.43,2,26,0,0,1,0.8571428571428571,0.0
7,5221,3,True,0,2025-02-26,0,1.0,0.05,0.05,2,26,0,0,1,0.5714285714285714,0.0
7,5261,3,True,0,2025-02-26,0,0.0,0.15,0.15,2,26,0,0,1,0.0,0.0
7,5262,3,True,0,2025-02-26,3,0.0,0.04,0.05,2,26,0,0,1,0.0,0.0
7,5280,3,True,0,2025-02-26,0,0.0,0.09,0.12,2,26,0,0,1,0.42857142857142855,0.0
7,5281,3,True,0,2025-02-26,0,0.0,0.27,0.31,2,26,0,0,1,0.42857142857142855,0.0
7,2,4,False,0,2025-02-26,3,0.0,0.02,0.04,2,26,0,0,1,0.42857142857142855,0.0
7,17,4,False,0,2025-02-26,2,0.0,0.06,0.09,2,26,0,0,1,0.8571428571428571,0.0
7,26,4,False,0,2025-02-26,3,0.0,0.04,0.06,2,26,0,0,1,1.1428571428571428,0.0
7,38,4,False,0,2025-02-26,0,0.0,0.12,0.17,2,26,0,0,1,1.5714285714285714,0.0
7,64,4,False,0,2025-02-26,3,0.0,0.01,0.02,2,26,0,0,1,1.5714285714285714,0.0
7,88,4,False,0,2025-02-26,0,0.0,0.02,0.03,2,26,0,0,1,1.5714285714285714,0.0
7,99,4,False,0,2025-02-26,2,0.0,0.02,0.04,2,26,0,0,1,1.5714285714285714,0.0
7,100,4,False,0,2025-02-26,2,0.0,0.04,0.05,2,26,0,0,1,1.8571428571428572,0.0
7,145,4,False,0,2025-02-26,4,0.0,0.06,0.09,2,26,0,0,1,1.7142857142857142,0.0
7,161,4,False,0,2025-02-26,2,0.0,0.03,0.04,2,26,0,0,1,2.0,0.0
7,168,4,False,0,2025-02-26,4,0.0,0.04,0.06,2,26,0,0,1,1.8571428571428572,0.0
7,175,4,False,0,2025-02-26,10,0.0,0.03,0.06,2,26,0,0,1,2.4285714285714284,0.0
7,178,4,False,0,2025-02-26,0,0.0,0.0,0.0,2,26,0,0,1,3.4285714285714284,0.0
7,182,4,False,0,2025-02-26,2,0.0,0.03,0.05,2,26,0,0,1,3.4285714285714284,0.0
7,185,4,False,0,2025-02-26,2,0.0,0.02,0.03,2,26,0,0,1,3.4285714285714284,0.0
7,205,4,False,0,2025-02-26,5,0.0,0.1,0.13,2,26,0,0,1,3.4285714285714284,0.0
7,235,4,False,0,2025-02-26,2,0.0,0.06,0.08,2,26,0,0,1,3.5714285714285716,0.0
7,255,4,False,0,2025-02-26,2,0.0,0.03,0.04,2,26,0,0,1,3.5714285714285716,0.0
7,272,4,False,0,2025-02-26,2,0.0,0.03,0.05,2,26,0,0,1,3.2857142857142856,0.0
7,290,4,False,0,2025-02-26,4,0.0,0.06,0.07,2,26,0,0,1,2.142857142857143,0.0
7,292,4,False,0,2025-02-26,4,0.0,0.04,0.04,2,26,0,0,1,2.7142857142857144,0.0
7,306,4,False,0,2025-02-26,2,0.0,0.04,0.06,2,26,0,0,1,3.0,0.0
7,314,4,False,0,2025-02-26,3,0.0,0.03,0.05,2,26,0,0,1,3.0,0.0
7,328,4,False,0,2025-02-26,2,0.0,0.07,0.09,2,26,0,0,1,2.7142857142857144,0.0
7,338,4,False,0,2025-02-26,3,0.0,0.05,0.07,2,26,0,0,1,2.7142857142857144,0.0
7,350,4,False,0,2025-02-26,3,0.0,0.03,0.03,2,26,0,0,1,2.857142857142857,0.0
7,362,4,False,0,2025-02-26,1,0.0,0.02,0.03,2,26,0,0,1,3.0,0.0
7,370,4,False,0,2025-02-26,3,0.0,0.03,0.04,2,26,0,0,1,2.5714285714285716,0.0
7,372,4,False,0,2025-02-26,1,0.0,0.02,0.04,2,26,0,0,1,2.4285714285714284,0.0
7,447,4,False,0,2025-02-26,2,0.0,0.06,0.06,2,26,0,0,1,2.2857142857142856,0.0
7,464,4,False,0,2025-02-26,1,0.0,0.02,0.03,2,26,0,0,1,2.142857142857143,0.0
7,482,4,False,0,2025-02-26,1,0.0,0.02,0.04,2,26,0,0,1,2.0,0.0
7,524,4,False,0,2025-02-26,3,0.0,0.02,0.03,2,26,0,0,1,1.7142857142857142,0.0
7,552,4,False,0,2025-02-26,4,0.0,0.07,0.09,2,26,0,0,1,1.7142857142857142,0.0
7,560,4,False,0,2025-02-26,1,0.0,0.02,0.03,2,26,0,0,1,2.142857142857143,0.0
7,584,4,False,0,2025-02-26,3,1.0,0.05,0.07,2,26,0,0,1,1.8571428571428572,0.0
7,595,4,False,0,2025-02-26,4,0.0,0.07,0.1,2,26,0,0,1,2.142857142857143,0.0
7,613,4,False,0,2025-02-26,3,0.0,0.02,0.04,2,26,0,0,1,2.4285714285714284,0.0
7,621,4,False,0,2025-02-26,2,0.0,0.05,0.09,2,26,0,0,1,2.7142857142857144,0.0
7,622,4,False,0,2025-02-26,3,0.0,0.02,0.04,2,26,0,0,1,2.857142857142857,0.0
7,676,4,False,0,2025-02-26,3,0.0,0.08,0.14,2,26,0,0,1,2.857142857142857,0.0
7,700,4,False,0,2025-02-26,3,0.0,0.03,0.05,2,26,0,0,1,2.7142857142857144,0.0
7,723,4,False,0,2025-02-26,1,0.0,0.03,0.04,2,26,0,0,1,3.0,0.0
7,726,4,False,0,2025-02-26,4,0.0,0.04,0.05,2,26,0,0,1,2.7142857142857144,0.0
7,731,4,False,0,2025-02-26,6,0.0,0.19,0.23,2,26,0,0,1,2.7142857142857144,0.0
7,736,4,False,0,2025-02-26,3,0.0,0.04,0.04,2,26,0,0,1,3.142857142857143,0.0
7,749,4,False,0,2025-02-26,3,0.0,0.08,0.12,2,26,0,0,1,3.2857142857142856,0.0
7,761,4,False,0,2025-02-26,0,0.0,0.02,0.02,2,26,0,0,1,3.2857142857142856,0.0
7,824,4,False,0,2025-02-26,4,0.0,0.01,0.01,2,26,0,0,1,2.857142857142857,0.0
7,826,4,False,0,2025-02-26,2,0.0,0.05,0.08,2,26,0,0,1,3.0,0.0
7,845,4,False,0,2025-02-26,4,0.0,0.07,0.1,2,26,0,0,1,3.142857142857143,0.0
7,849,4,False,0,2025-02-26,2,0.0,0.04,0.06,2,26,0,0,1,3.142857142857143,0.0
7,852,4,False,0,2025-02-26,0,0.0,0.02,0.04,2,26,0,0,1,2.5714285714285716,0.0
7,871,4,False,0,2025-02-26,2,0.0,0.05,0.08,2,26,0,0,1,2.142857142857143,0.0
7,880,4,False,0,2025-02-26,2,0.0,0.04,0.07,2,26,0,0,1,2.0,0.0
7,883,4,False,0,2025-02-26,3,0.0,0.02,0.05,2,26,0,0,1,2.2857142857142856,0.0
7,892,4,False,0,2025-02-26,3,0.0,0.02,0.03,2,26,0,0,1,2.142857142857143,0.0
7,953,4,False,0,2025-02-26,2,0.0,0.01,0.02,2,26,0,0,1,2.2857142857142856,0.0
7,963,4,False,0,2025-02-26,1,0.0,0.05,0.07,2,26,0,0,1,2.0,0.0
7,989,4,False,0,2025-02-26,1,0.0,0.02,0.03,2,26,0,0,1,1.8571428571428572,0.0
7,1003,4,False,0,2025-02-26,1,0.0,0.02,0.03,2,26,0,0,1,2.0,0.0
7,1009,4,False,0,2025-02-26,2,0.0,0.21,0.31,2,26,0,0,1,1.8571428571428572,0.0
7,1013,4,False,0,2025-02-26,6,0.0,0.08,0.11,2,26,0,0,1,1.8571428571428572,0.0
7,1040,4,False,0,2025-02-26,3,0.0,0.03,0.04,2,26,0,0,1,2.2857142857142856,0.0
7,1041,4,False,0,2025-02-26,2,0.0,0.05,0.06,2,26,0,0,1,2.2857142857142856,0.0
7,1066,4,False,0,2025-02-26,3,0.0,0.01,0.02,2,26,0,0,1,2.2857142857142856,0.0
7,1069,4,False,0,2025-02-26,1,0.0,0.07,0.09,2,26,0,0,1,2.5714285714285716,0.0
7,1077,4,False,0,2025-02-26,2,0.0,0.06,0.09,2,26,0,0,1,2.5714285714285716,0.0
7,1090,4,False,0,2025-02-26,1,0.0,0.04,0.05,2,26,0,0,1,2.7142857142857144,0.0
7,1092,4,False,0,2025-02-26,2,0.0,0.02,0.03,2,26,0,0,1,2.5714285714285716,0.0
7,1111,4,False,0,2025-02-26,2,0.0,0.06,0.06,2,26,0,0,1,2.0,0.0
7,1119,4,False,0,2025-02-26,1,0.0,0.04,0.08,2,26,0,0,1,1.8571428571428572,0.0
7,1123,4,False,0,2025-02-26,2,0.0,0.0,0.01,2,26,0,0,1,1.7142857142857142,0.0
7,1137,4,False,0,2025-02-26,2,0.0,0.03,0.04,2,26,0,0,1,1.5714285714285714,0.0
7,1182,4,False,0,2025-02-26,3,0.0,0.02,0.02,2,26,0,0,1,1.7142857142857142,0.0
7,1245,4,False,0,2025-02-26,2,0.0,0.04,0.06,2,26,0,0,1,1.8571428571428572,0.0
7,1248,4,False,0,2025-02-26,4,0.0,0.01,0.01,2,26,0,0,1,2.0,0.0
7,1257,4,False,0,2025-02-26,1,0.0,0.1,0.14,2,26,0,0,1,2.2857142857142856,0.0
7,1268,4,False,0,2025-02-26,1,0.0,0.06,0.08,2,26,0,0,1,2.142857142857143,0.0
7,1274,4,False,0,2025-02-26,2,0.0,0.09,0.11,2,26,0,0,1,2.142857142857143,0.0
7,1316,4,False,0,2025-02-26,3,0.0,0.03,0.04,2,26,0,0,1,2.142857142857143,0.0
7,1321,4,False,0,2025-02-26,1,0.0,0.03,0.04,2,26,0,0,1,2.2857142857142856,0.0
7,1329,4,False,0,2025-02-26,3,0.0,0.01,0.02,2,26,0,0,1,2.0,0.0
7,1369,4,False,0,2025-02-26,2,0.0,0.02,0.03,2,26,0,0,1,2.142857142857143,0.0
7,1373,4,False,0,2025-02-26,3,0.0,0.05,0.06,2,26,0,0,1,1.8571428571428572,0.0
7,1394,4,False,0,2025-02-26,3,0.0,0.02,0.03,2,26,0,0,1,2.142857142857143,0.0
7,1402,4,False,0,2025-02-26,3,0.0,0.03,0.05,2,26,0,0,1,2.4285714285714284,0.0
7,1417,4,False,0,2025-02-26,2,0.0,0.06,0.08,2,26,0,0,1,2.5714285714285716,0.0
7,1420,4,False,0,2025-02-26,0,0.0,0.04,0.05,2,26,0,0,1,2.4285714285714284,0.0
7,1428,4,False,0,2025-02-26,0,0.0,0.03,0.04,2,26,0,0,1,2.2857142857142856,0.0
7,1436,4,False,0,2025-02-26,1,0.0,0.05,0.07,2,26,0,0,1,1.8571428571428572,0.0
7,1473,4,False,0,2025-02-26,3,0.0,0.06,0.1,2,26,0,0,1,1.7142857142857142,0.0
7,1481,4,False,0,2025-02-26,2,0.0,0.04,0.07,2,26,0,0,1,1.7142857142857142,0.0
7,1493,4,False,0,2025-02-26,1,0.0,0.06,0.07,2,26,0,0,1,1.5714285714285714,0.0
7,1497,4,False,0,2025-02-26,2,0.0,0.05,0.08,2,26,0,0,1,1.2857142857142858,0.0
7,1506,4,False,0,2025-02-26,3,0.0,0.02,0.04,2,26,0,0,1,1.2857142857142858,0.0
7,1519,4,False,0,2025-02-26,3,0.0,0.05,0.07,2,26,0,0,1,1.7142857142857142,0.0
7,1539,4,False,0,2025-02-26,1,0.0,0.02,0.03,2,26,0,0,1,2.142857142857143,0.0
7,1546,4,False,0,2025-02-26,2,0.0,0.03,0.05,2,26,0,0,1,2.142857142857143,0.0
7,1563,4,False,0,2025-02-26,0,0.0,0.04,0.05,2,26,0,0,1,2.0,0.0
7,1570,4,False,0,2025-02-26,1,0.0,0.02,0.03,2,26,0,0,1,1.7142857142857142,0.0
7,1573,4,False,0,2025-02-26,2,0.0,0.07,0.11,2,26,0,0,1,1.7142857142857142,0.0
7,1574,4,False,0,2025-02-26,2,0.0,0.07,0.11,2,26,0,0,1,1.7142857142857142,0.0
7,1594,4,False,0,2025-02-26,3,0.0,0.02,0.02,2,26,0,0,1,1.5714285714285714,0.0
7,1607,4,False,0,2025-02-26,4,0.0,0.07,0.1,2,26,0,0,1,1.5714285714285714,0.0
7,1626,4,False,0,2025-02-26,5,0.0,0.06,0.08,2,26,0,0,1,2.0,0.0
7,1644,4,False,0,2025-02-26,2,0.0,0.07,0.12,2,26,0,0,1,2.4285714285714284,0.0
7,1652,4,False,0,2025-02-26,1,0.0,0.05,0.07,2,26,0,0,1,2.7142857142857144,0.0
7,1673,4,False,0,2025-02-26,2,0.0,0.06,0.08,2,26,0,0,1,2.7142857142857144,0.0
7,1675,4,False,0,2025-02-26,3,0.0,0.05,0.07,2,26,0,0,1,2.7142857142857144,0.0
7,1686,4,False,0,2025-02-26,2,0.0,0.07,0.11,2,26,0,0,1,2.857142857142857,0.0
7,1706,4,False,0,2025-02-26,2,0.0,0.01,0.03,2,26,0,0,1,2.7142857142857144,0.0
7,1716,4,False,0,2025-02-26,3,0.0,0.03,0.05,2,26,0,0,1,2.4285714285714284,0.0
7,1732,4,False,0,2025-02-26,2,0.0,0.08,0.08,2,26,0,0,1,2.142857142857143,0.0
7,1738,4,False,0,2025-02-26,0,0.0,0.02,0.04,2,26,0,0,1,2.142857142857143,0.0
7,1745,4,False,0,2025-02-26,2,0.0,0.05,0.08,2,26,0,0,1,2.0,0.0
7,1759,4,False,0,2025-02-26,0,0.0,0.03,0.04,2,26,0,0,1,2.0,0.0
7,1776,4,False,0,2025-02-26,2,0.0,0.14,0.2,2,26,0,0,1,1.5714285714285714,0.0
7,1790,4,False,0,2025-02-26,1,0.0,0.04,0.06,2,26,0,0,1,1.5714285714285714,0.0
7,1826,4,False,0,2025-02-26,3,0.0,0.07,0.08,2,26,0,0,1,1.4285714285714286,0.0
7,1830,4,False,0,2025-02-26,4,0.0,0.15,0.23,2,26,0,0,1,1.4285714285714286,0.0
7,1863,4,False,0,2025-02-26,8,0.0,0.04,0.02,2,26,0,0,1,1.7142857142857142,0.0
7,1866,4,False,0,2025-02-26,0,0.0,0.02,0.02,2,26,0,0,1,2.857142857142857,0.0
7,1922,4,False,0,2025-02-26,3,0.0,0.02,0.04,2,26,0,0,1,2.5714285714285716,0.0
7,1934,4,False,0,2025-02-26,3,0.0,0.02,0.04,2,26,0,0,1,3.0,0.0
7,1975,4,False,0,2025-02-26,1,0.0,0.03,0.05,2,26,0,0,1,3.142857142857143,0.0
7,1984,4,False,0,2025-02-26,2,0.0,0.06,0.08,2,26,0,0,1,3.142857142857143,0.0
7,2005,4,False,0,2025-02-26,2,0.0,0.16,0.26,2,26,0,0,1,3.0,0.0
7,2013,4,False,0,2025-02-26,4,0.0,0.03,0.04,2,26,0,0,1,2.7142857142857144,0.0
7,2025,4,False,0,2025-02-26,3,0.0,0.03,0.04,2,26,0,0,1,2.142857142857143,0.0
7,2028,4,False,0,2025-02-26,1,0.0,0.03,0.04,2,26,0,0,1,2.5714285714285716,0.0
7,2033,4,False,0,2025-02-26,1,0.0,0.11,0.16,2,26,0,0,1,2.2857142857142856,0.0
7,2035,4,False,0,2025-02-26,2,0.0,0.02,0.04,2,26,0,0,1,2.0,0.0
7,2042,4,False,0,2025-02-26,6,0.0,0.03,0.06,2,26,0,0,1,2.142857142857143,0.0
7,2051,4,False,0,2025-02-26,2,0.0,0.03,0.04,2,26,0,0,1,2.7142857142857144,0.0
7,2061,4,False,0,2025-02-26,4,0.0,0.02,0.04,2,26,0,0,1,2.7142857142857144,0.0
7,2069,4,False,0,2025-02-26,1,0.0,0.07,0.1,2,26,0,0,1,2.7142857142857144,0.0
7,2083,4,False,0,2025-02-26,2,0.0,0.06,0.09,2,26,0,0,1,2.4285714285714284,0.0
7,2088,4,False,0,2025-02-26,1,0.0,0.03,0.04,2,26,0,0,1,2.5714285714285716,0.0
7,2129,4,False,0,2025-02-26,6,0.0,0.03,0.04,2,26,0,0,1,2.5714285714285716,0.0
7,2144,4,False,0,2025-02-26,2,0.0,0.03,0.05,2,26,0,0,1,3.142857142857143,0.0
7,2149,4,False,0,2025-02-26,1,0.0,0.04,0.07,2,26,0,0,1,2.5714285714285716,0.0
7,2167,4,False,0,2025-02-26,3,0.0,0.05,0.07,2,26,0,0,1,2.4285714285714284,0.0
7,2193,4,False,0,2025-02-26,2,0.0,0.08,0.12,2,26,0,0,1,2.2857142857142856,0.0
7,2230,4,False,0,2025-02-26,2,0.0,0.02,0.03,2,26,0,0,1,2.4285714285714284,0.0
7,2233,4,False,0,2025-02-26,1,0.0,0.06,0.08,2,26,0,0,1,2.4285714285714284,0.0
7,2238,4,False,0,2025-02-26,2,0.0,0.04,0.05,2,26,0,0,1,2.4285714285714284,0.0
7,2257,4,False,0,2025-02-26,0,0.0,0.04,0.06,2,26,0,0,1,1.8571428571428572,0.0
7,2279,4,False,0,2025-02-26,3,0.0,0.11,0.15,2,26,0,0,1,1.5714285714285714,0.0
7,2283,4,False,0,2025-02-26,2,0.0,0.04,0.07,2,26,0,0,1,1.8571428571428572,0.0
7,2286,4,False,0,2025-02-26,1,0.0,0.11,0.14,2,26,0,0,1,1.7142857142857142,0.0
7,2306,4,False,0,2025-02-26,3,0.0,0.04,0.05,2,26,0,0,1,1.5714285714285714,0.0
7,2315,4,False,0,2025-02-26,1,0.0,0.06,0.1,2,26,0,0,1,1.7142857142857142,0.0
7,2392,4,False,0,2025-02-26,2,0.0,0.04,0.06,2,26,0,0,1,1.7142857142857142,0.0
7,2397,4,False,0,2025-02-26,2,0.0,0.02,0.03,2,26,0,0,1,1.7142857142857142,0.0
7,2398,4,False,0,2025-02-26,6,0.0,0.12,0.17,2,26,0,0,1,2.0,0.0
7,2438,4,False,0,2025-02-26,0,0.0,0.02,0.04,2,26,0,0,1,2.4285714285714284,0.0
7,2443,4,False,0,2025-02-26,2,0.0,0.05,0.08,2,26,0,0,1,2.142857142857143,0.0
7,2448,4,False,0,2025-02-26,3,0.0,0.04,0.06,2,26,0,0,1,2.2857142857142856,0.0
7,2469,4,False,0,2025-02-26,2,0.0,0.07,0.1,2,26,0,0,1,2.2857142857142856,0.0
7,2473,4,False,0,2025-02-26,3,0.0,0.04,0.06,2,26,0,0,1,2.4285714285714284,0.0
7,2478,4,False,0,2025-02-26,3,0.0,0.02,0.03,2,26,0,0,1,2.5714285714285716,0.0
7,2487,4,False,0,2025-02-26,2,0.0,0.02,0.04,2,26,0,0,1,2.7142857142857144,0.0
7,2497,4,False,0,2025-02-26,3,0.0,0.03,0.04,2,26,0,0,1,2.142857142857143,0.0
7,2506,4,False,0,2025-02-26,1,0.0,0.03,0.04,2,26,0,0,1,2.5714285714285716,0.0
7,2522,4,False,0,2025-02-26,4,0.0,0.11,0.16,2,26,0,0,1,2.4285714285714284,0.0
7,2567,4,False,0,2025-02-26,2,0.0,0.04,0.05,2,26,0,0,1,2.5714285714285716,0.0
7,2581,4,False,0,2025-02-26,2,0.0,0.06,0.07,2,26,0,0,1,2.5714285714285716,0.0
7,2624,4,False,0,2025-02-26,4,0.0,0.06,0.08,2,26,0,0,1,2.4285714285714284,0.0
7,2630,4,False,0,2025-02-26,2,0.0,0.03,0.04,2,26,0,0,1,2.5714285714285716,0.0
7,2631,4,False,0,2025-02-26,3,0.0,0.02,0.04,2,26,0,0,1,2.5714285714285716,0.0
7,2642,4,False,0,2025-02-26,3,0.0,0.03,0.05,2,26,0,0,1,2.5714285714285716,0.0
7,2658,4,False,0,2025-02-26,3,0.0,0.02,0.04,2,26,0,0,1,2.857142857142857,0.0
7,2672,4,False,0,2025-02-26,2,0.0,0.02,0.03,2,26,0,0,1,2.7142857142857144,0.0
7,2688,4,False,0,2025-02-26,3,0.0,0.03,0.04,2,26,0,0,1,2.7142857142857144,0.0
7,2725,4,False,0,2025-02-26,1,0.0,0.08,0.14,2,26,0,0,1,2.857142857142857,0.0
7,2744,4,False,0,2025-02-26,3,0.0,0.06,0.09,2,26,0,0,1,2.4285714285714284,0.0
7,2788,4,False,0,2025-02-26,3,0.0,0.02,0.03,2,26,0,0,1,2.5714285714285716,0.0
7,2801,4,False,0,2025-02-26,3,0.0,0.06,0.09,2,26,0,0,1,2.5714285714285716,0.0
7,2804,4,False,0,2025-02-26,2,0.0,0.06,0.07,2,26,0,0,1,2.5714285714285716,0.0
7,2818,4,False,0,2025-02-26,3,0.0,0.02,0.03,2,26,0,0,1,2.4285714285714284,0.0
7,2825,4,False,0,2025-02-26,1,0.0,0.18,0.23,2,26,0,0,1,2.5714285714285716,0.0
7,2830,4,False,0,2025-02-26,2,0.0,0.04,0.07,2,26,0,0,1,2.2857142857142856,0.0
7,2832,4,False,0,2025-02-26,3,0.0,0.01,0.03,2,26,0,0,1,2.4285714285714284,0.0
7,2838,4,False,0,2025-02-26,3,0.0,0.02,0.03,2,26,0,0,1,2.4285714285714284,0.0
7,2844,4,False,0,2025-02-26,2,0.0,0.03,0.05,2,26,0,0,1,2.4285714285714284,0.0
7,2860,4,False,0,2025-02-26,2,2.0,0.07,0.1,2,26,0,0,1,2.2857142857142856,0.0
7,2870,4,False,0,2025-02-26,2,0.0,0.06,0.09,2,26,0,0,1,2.2857142857142856,0.0
7,2871,4,False,0,2025-02-26,2,0.0,0.04,0.05,2,26,0,0,1,2.142857142857143,0.0
7,2892,4,False,0,2025-02-26,1,0.0,0.1,0.13,2,26,0,0,1,2.2857142857142856,0.0
7,2894,4,False,0,2025-02-26,0,0.0,0.04,0.1,2,26,0,0,1,2.142857142857143,0.0
7,2957,4,False,0,2025-02-26,6,0.0,0.02,0.03,2,26,0,0,1,1.7142857142857142,0.0
7,2961,4,False,0,2025-02-26,3,0.0,0.05,0.06,2,26,0,0,1,2.142857142857143,0.0
7,2963,4,False,0,2025-02-26,4,0.0,0.06,0.08,2,26,0,0,1,2.2857142857142856,0.0
7,2970,4,False,0,2025-02-26,2,0.0,0.03,0.05,2,26,0,0,1,2.5714285714285716,0.0
7,2979,4,False,0,2025-02-26,1,0.0,0.06,0.08,2,26,0,0,1,2.5714285714285716,0.0
7,2992,4,False,0,2025-02-26,2,0.0,0.05,0.08,2,26,0,0,1,2.4285714285714284,0.0
7,3000,4,False,0,2025-02-26,2,0.0,0.1,0.16,2,26,0,0,1,2.5714285714285716,0.0
7,3012,4,False,0,2025-02-26,0,0.0,0.02,0.03,2,26,0,0,1,2.857142857142857,0.0
7,3044,4,False,0,2025-02-26,1,0.0,0.02,0.02,2,26,0,0,1,2.0,0.0
7,3086,4,False,0,2025-02-26,3,0.0,0.04,0.07,2,26,0,0,1,1.7142857142857142,0.0
7,3145,4,False,0,2025-02-26,1,0.0,0.04,0.05,2,26,0,0,1,1.5714285714285714,0.0
7,3146,4,False,0,2025-02-26,3,0.0,0.01,0.01,2,26,0,0,1,1.4285714285714286,0.0
7,3162,4,False,0,2025-02-26,3,0.0,0.01,0.02,2,26,0,0,1,1.7142857142857142,0.0
7,3178,4,False,0,2025-02-26,1,0.0,0.12,0.16,2,26,0,0,1,1.8571428571428572,0.0
7,3185,4,False,0,2025-02-26,3,0.0,0.04,0.04,2,26,0,0,1,1.7142857142857142,0.0
7,3196,4,False,0,2025-02-26,6,0.0,0.02,0.03,2,26,0,0,1,2.142857142857143,0.0
7,3209,4,False,0,2025-02-26,1,0.0,0.02,0.04,2,26,0,0,1,2.857142857142857,0.0
7,3224,4,False,0,2025-02-26,3,0.0,0.04,0.07,2,26,0,0,1,2.5714285714285716,0.0
7,3262,4,False,0,2025-02-26,2,0.0,0.09,0.14,2,26,0,0,1,2.857142857142857,0.0
7,3267,4,False,0,2025-02-26,3,0.0,0.01,0.01,2,26,0,0,1,2.7142857142857144,0.0
7,3293,4,False,0,2025-02-26,1,1.0,0.0,0.01,2,26,0,0,1,2.7142857142857144,0.0
7,3312,4,False,0,2025-02-26,3,0.0,0.01,0.01,2,26,0,0,1,2.7142857142857144,0.0
7,3317,4,False,0,2025-02-26,3,0.0,0.01,0.02,2,26,0,0,1,2.7142857142857144,0.0
7,3327,4,False,0,2025-02-26,4,0.0,0.01,0.02,2,26,0,0,1,2.2857142857142856,0.0
7,3377,4,False,0,2025-02-26,2,0.0,0.02,0.05,2,26,0,0,1,2.7142857142857144,0.0
7,3420,4,False,0,2025-02-26,2,0.0,0.07,0.09,2,26,0,0,1,2.5714285714285716,0.0
7,3453,4,False,0,2025-02-26,2,0.0,0.02,0.04,2,26,0,0,1,2.5714285714285716,0.0
7,3455,4,False,0,2025-02-26,0,0.0,0.02,0.03,2,26,0,0,1,2.4285714285714284,0.0
7,3465,4,False,0,2025-02-26,1,0.0,0.06,0.07,2,26,0,0,1,2.2857142857142856,0.0
7,3466,4,False,0,2025-02-26,2,0.0,0.03,0.05,2,26,0,0,1,2.0,0.0
7,3472,4,False,0,2025-02-26,0,0.0,0.04,0.06,2,26,0,0,1,1.8571428571428572,0.0
7,3473,4,False,0,2025-02-26,2,0.0,0.01,0.03,2,26,0,0,1,1.2857142857142858,0.0
7,3493,4,False,0,2025-02-26,2,0.0,0.04,0.07,2,26,0,0,1,1.2857142857142858,0.0
7,3552,4,False,0,2025-02-26,0,0.0,0.03,0.03,2,26,0,0,1,1.2857142857142858,0.0
7,3562,4,False,0,2025-02-26,2,0.0,0.05,0.06,2,26,0,0,1,1.0,0.0
7,3569,4,False,0,2025-02-26,3,0.0,0.03,0.06,2,26,0,0,1,1.2857142857142858,0.0
7,3577,4,False,0,2025-02-26,2,0.0,0.04,0.06,2,26,0,0,1,1.5714285714285714,0.0
7,3590,4,False,0,2025-02-26,4,0.0,0.02,0.03,2,26,0,0,1,1.5714285714285714,0.0
7,3620,4,False,0,2025-02-26,10,0.0,0.02,0.03,2,26,0,0,1,2.142857142857143,0.0
7,3627,4,False,0,2025-02-26,5,0.0,0.06,0.1,2,26,0,0,1,3.2857142857142856,0.0
7,3628,4,False,0,2025-02-26,1,0.0,0.06,0.09,2,26,0,0,1,3.7142857142857144,0.0
7,3633,4,False,0,2025-02-26,3,0.0,0.07,0.09,2,26,0,0,1,3.857142857142857,0.0
7,3645,4,False,0,2025-02-26,1,0.0,0.07,0.07,2,26,0,0,1,4.0,0.0
7,3651,4,False,0,2025-02-26,4,0.0,0.04,0.07,2,26,0,0,1,3.7142857142857144,0.0
7,3692,4,False,0,2025-02-26,2,0.0,0.1,0.12,2,26,0,0,1,4.0,0.0
7,3698,4,False,0,2025-02-26,2,0.0,0.05,0.08,2,26,0,0,1,3.7142857142857144,0.0
7,3700,4,False,0,2025-02-26,2,0.0,0.02,0.03,2,26,0,0,1,2.5714285714285716,0.0
7,3721,4,False,0,2025-02-26,0,0.0,0.03,0.05,2,26,0,0,1,2.142857142857143,0.0
7,3728,4,False,0,2025-02-26,2,0.0,0.03,0.05,2,26,0,0,1,2.0,0.0
7,3733,4,False,0,2025-02-26,4,0.0,0.01,0.03,2,26,0,0,1,1.8571428571428572,0.0
7,3753,4,False,0,2025-02-26,3,0.0,0.04,0.07,2,26,0,0,1,2.2857142857142856,0.0
7,3772,4,False,0,2025-02-26,3,0.0,0.03,0.06,2,26,0,0,1,2.142857142857143,0.0
7,3818,4,False,0,2025-02-26,4,0.0,0.06,0.09,2,26,0,0,1,2.2857142857142856,0.0
7,3843,4,False,0,2025-02-26,2,0.0,0.02,0.04,2,26,0,0,1,2.5714285714285716,0.0
7,3847,4,False,0,2025-02-26,2,0.0,0.01,0.03,2,26,0,0,1,2.5714285714285716,0.0
7,3850,4,False,0,2025-02-26,3,0.0,0.07,0.11,2,26,0,0,1,2.857142857142857,0.0
7,3853,4,False,0,2025-02-26,1,0.0,0.1,0.17,2,26,0,0,1,3.0,0.0
7,3879,4,False,0,2025-02-26,2,0.0,0.05,0.08,2,26,0,0,1,2.5714285714285716,0.0
7,3888,4,False,0,2025-02-26,6,0.0,0.01,0.01,2,26,0,0,1,2.4285714285714284,0.0
7,3903,4,False,0,2025-02-26,2,0.0,0.04,0.07,2,26,0,0,1,2.857142857142857,0.0
7,3906,4,False,0,2025-02-26,2,0.0,0.11,0.2,2,26,0,0,1,2.5714285714285716,0.0
7,3939,4,False,0,2025-02-26,0,0.0,0.04,0.06,2,26,0,0,1,2.5714285714285716,0.0
7,3968,4,False,0,2025-02-26,0,0.0,0.01,0.02,2,26,0,0,1,2.2857142857142856,0.0
7,3971,4,False,0,2025-02-26,6,0.0,0.08,0.11,2,26,0,0,1,1.8571428571428572,0.0
7,3974,4,False,0,2025-02-26,1,0.0,0.09,0.13,2,26,0,0,1,2.5714285714285716,0.0
7,3987,4,False,0,2025-02-26,1,0.0,0.03,0.05,2,26,0,0,1,2.4285714285714284,0.0
7,4019,4,False,0,2025-02-26,4,0.0,0.04,0.04,2,26,0,0,1,1.7142857142857142,0.0
7,4028,4,False,0,2025-02-26,2,0.0,0.02,0.03,2,26,0,0,1,2.0,0.0
7,4071,4,False,0,2025-02-26,2,0.0,0.04,0.07,2,26,0,0,1,2.0,0.0
7,4108,4,False,0,2025-02-26,2,0.0,0.02,0.03,2,26,0,0,1,2.2857142857142856,0.0
7,4133,4,False,0,2025-02-26,3,0.0,0.08,0.14,2,26,0,0,1,2.5714285714285716,0.0
7,4135,4,False,0,2025-02-26,1,0.0,0.03,0.04,2,26,0,0,1,2.142857142857143,0.0
7,4170,4,False,0,2025-02-26,1,0.0,0.02,0.03,2,26,0,0,1,2.142857142857143,0.0
7,4184,4,False,0,2025-02-26,2,0.0,0.06,0.09,2,26,0,0,1,2.142857142857143,0.0
7,4186,4,False,0,2025-02-26,0,0.0,0.03,0.06,2,26,0,0,1,1.8571428571428572,0.0
7,4212,4,False,0,2025-02-26,4,0.0,0.06,0.08,2,26,0,0,1,1.5714285714285714,0.0
7,4243,4,False,0,2025-02-26,2,0.0,0.09,0.1,2,26,0,0,1,1.8571428571428572,0.0
7,4268,4,False,0,2025-02-26,2,0.0,0.02,0.03,2,26,0,0,1,1.8571428571428572,0.0
7,4275,4,False,0,2025-02-26,2,0.0,0.01,0.02,2,26,0,0,1,1.7142857142857142,0.0
7,4281,4,False,0,2025-02-26,2,0.0,0.02,0.04,2,26,0,0,1,1.8571428571428572,0.0
7,4293,4,False,0,2025-02-26,1,0.0,0.12,0.17,2,26,0,0,1,2.0,0.0
7,4305,4,False,0,2025-02-26,2,0.0,0.07,0.1,2,26,0,0,1,1.8571428571428572,0.0
7,4335,4,False,0,2025-02-26,1,0.0,0.04,0.07,2,26,0,0,1,2.142857142857143,0.0
7,4342,4,False,0,2025-02-26,0,0.0,0.02,0.04,2,26,0,0,1,1.7142857142857142,0.0
7,4372,4,False,0,2025-02-26,0,0.0,0.02,0.03,2,26,0,0,1,1.4285714285714286,0.0
7,4373,4,False,0,2025-02-26,3,0.0,0.07,0.12,2,26,0,0,1,1.1428571428571428,0.0
7,4392,4,False,0,2025-02-26,4,0.0,0.09,0.1,2,26,0,0,1,1.2857142857142858,0.0
7,4395,4,False,0,2025-02-26,2,0.0,0.05,0.08,2,26,0,0,1,1.5714285714285714,0.0
7,4422,4,False,0,2025-02-26,2,0.0,0.01,0.03,2,26,0,0,1,1.7142857142857142,0.0
7,4438,4,False,0,2025-02-26,5,0.0,0.01,0.02,2,26,0,0,1,1.7142857142857142,0.0
7,4451,4,False,0,2025-02-26,2,0.0,0.04,0.06,2,26,0,0,1,2.2857142857142856,0.0
7,4456,4,False,0,2025-02-26,2,0.0,0.02,0.03,2,26,0,0,1,2.5714285714285716,0.0
7,4480,4,False,0,2025-02-26,3,0.0,0.06,0.1,2,26,0,0,1,2.857142857142857,0.0
7,4520,4,False,0,2025-02-26,1,0.0,0.1,0.16,2,26,0,0,1,2.857142857142857,0.0
7,4522,4,False,0,2025-02-26,1,0.0,0.02,0.04,2,26,0,0,1,2.4285714285714284,0.0
7,4550,4,False,0,2025-02-26,2,0.0,0.13,0.17,2,26,0,0,1,2.2857142857142856,0.0
7,4571,4,False,0,2025-02-26,2,0.0,0.03,0.06,2,26,0,0,1,2.2857142857142856,0.0
7,4577,4,False,0,2025-02-26,3,0.0,0.04,0.06,2,26,0,0,1,1.8571428571428572,0.0
7,4598,4,False,0,2025-02-26,3,0.0,0.07,0.1,2,26,0,0,1,2.0,0.0
7,4621,4,False,0,2025-02-26,3,0.0,0.01,0.01,2,26,0,0,1,2.142857142857143,0.0
7,4662,4,False,0,2025-02-26,0,0.0,0.02,0.04,2,26,0,0,1,2.142857142857143,0.0
7,4663,4,False,0,2025-02-26,2,0.0,0.04,0.07,2,26,0,0,1,2.0,0.0
7,4672,4,False,0,2025-02-26,2,0.0,0.03,0.03,2,26,0,0,1,2.142857142857143,0.0
7,4715,4,False,0,2025-02-26,2,0.0,0.05,0.06,2,26,0,0,1,2.142857142857143,0.0
7,4778,4,False,0,2025-02-26,3,0.0,0.04,0.07,2,26,0,0,1,2.142857142857143,0.0
7,4785,4,False,0,2025-02-26,3,0.0,0.06,0.09,2,26,0,0,1,2.142857142857143,0.0
7,4806,4,False,0,2025-02-26,2,0.0,0.02,0.03,2,26,0,0,1,2.142857142857143,0.0
7,4808,4,False,0,2025-02-26,1,0.0,0.03,0.05,2,26,0,0,1,2.0,0.0
7,4823,4,False,0,2025-02-26,3,0.0,0.01,0.01,2,26,0,0,1,2.142857142857143,0.0
7,4842,4,False,0,2025-02-26,2,0.0,0.03,0.05,2,26,0,0,1,2.2857142857142856,0.0
7,4851,4,False,0,2025-02-26,1,0.0,0.06,0.09,2,26,0,0,1,2.2857142857142856,0.0
7,4855,4,False,0,2025-02-26,2,0.0,0.02,0.02,2,26,0,0,1,2.142857142857143,0.0
7,4895,4,False,0,2025-02-26,2,0.0,0.04,0.06,2,26,0,0,1,2.0,0.0
7,4898,4,False,0,2025-02-26,2,0.0,0.03,0.03,2,26,0,0,1,1.8571428571428572,0.0
7,4928,4,False,0,2025-02-26,3,0.0,0.03,0.05,2,26,0,0,1,1.8571428571428572,0.0
7,4936,4,False,0,2025-02-26,2,0.0,0.03,0.04,2,26,0,0,1,2.142857142857143,0.0
7,4955,4,False,0,2025-02-26,2,0.0,0.03,0.04,2,26,0,0,1,2.0,0.0
7,4958,4,False,0,2025-02-26,2,0.0,0.05,0.07,2,26,0,0,1,2.0,0.0
7,4967,4,False,0,2025-02-26,2,0.0,0.05,0.08,2,26,0,0,1,2.142857142857143,0.0
7,4978,4,False,0,2025-02-26,6,0.0,0.04,0.05,2,26,0,0,1,2.142857142857143,0.0
7,5005,4,False,0,2025-02-26,3,0.0,0.04,0.06,2,26,0,0,1,2.7142857142857144,0.0
7,5063,4,False,0,2025-02-26,3,0.0,0.01,0.01,2,26,0,0,1,2.857142857142857,0.0
7,5088,4,False,0,2025-02-26,3,0.0,0.01,0.02,2,26,0,0,1,2.857142857142857,0.0
7,5113,4,False,0,2025-02-26,3,0.0,0.03,0.06,2,26,0,0,1,3.0,0.0
7,5146,4,False,0,2025-02-26,3,0.0,0.03,0.05,2,26,0,0,1,3.142857142857143,0.0
7,5154,4,False,0,2025-02-26,0,0.0,0.04,0.06,2,26,0,0,1,3.2857142857142856,0.0
7,5162,4,False,0,2025-02-26,1,0.0,0.09,0.13,2,26,0,0,1,3.0,0.0
7,5186,4,False,0,2025-02-26,7,0.0,0.02,0.03,2,26,0,0,1,2.2857142857142856,0.0
7,5191,4,False,0,2025-02-26,2,0.0,0.02,0.04,2,26,0,0,1,2.857142857142857,0.0
7,5202,4,False,0,2025-02-26,1,1.0,0.09,0.13,2,26,0,0,1,2.7142857142857144,0.0
7,5208,4,False,0,2025-02-26,2,0.0,0.02,0.04,2,26,0,0,1,2.4285714285714284,0.0
7,5228,4,False,0,2025-02-26,1,0.0,0.01,0.02,2,26,0,0,1,2.2857142857142856,0.0
7,5229,4,False,0,2025-02-26,3,0.0,0.03,0.05,2,26,0,0,1,2.0,0.0
7,5263,4,False,0,2025-02-26,3,0.0,0.02,0.04,2,26,0,0,1,2.4285714285714284,0.0
7,5266,4,False,0,2025-02-26,2,0.0,0.06,0.09,2,26,0,0,1,2.7142857142857144,0.0
7,5286,4,False,0,2025-02-26,2,0.0,0.05,0.07,2,26,0,0,1,2.0,0.0
7,74,5,True,0,2025-02-26,1,0.0,0.02,0.04,2,26,0,0,1,2.0,0.0
7,213,5,True,0,2025-02-26,0,0.0,0.01,0.03,2,26,0,0,1,2.0,0.0
7,284,5,True,0,2025-02-26,4,0.0,0.05,0.08,2,26,0,0,1,1.7142857142857142,0.0
7,567,5,True,0,2025-02-26,0,0.0,0.01,0.03,2,26,0,0,1,2.142857142857143,0.0
7,783,5,True,0,2025-02-26,11,0.0,0.03,0.06,2,26,0,0,1,1.7142857142857142,0.0
7,821,5,True,0,2025-02-26,2,0.0,0.03,0.05,2,26,0,0,1,2.857142857142857,0.0
7,873,5,True,0,2025-02-26,8,0.0,0.03,0.05,2,26,0,0,1,2.857142857142857,0.0
7,929,5,True,0,2025-02-26,0,0.0,0.07,0.22,2,26,0,0,1,3.7142857142857144,0.0
7,1037,5,True,0,2025-02-26,1,0.0,0.01,0.02,2,26,0,0,1,3.5714285714285716,0.0
7,1163,5,True,0,2025-02-26,0,0.0,0.08,0.2,2,26,0,0,1,3.7142857142857144,0.0
7,1247,5,True,0,2025-02-26,3,0.0,0.04,0.05,2,26,0,0,1,3.142857142857143,0.0
7,1333,5,True,0,2025-02-26,4,0.0,0.02,0.04,2,26,0,0,1,3.5714285714285716,0.0
7,1427,5,True,0,2025-02-26,0,0.0,0.01,0.05,2,26,0,0,1,2.5714285714285716,0.0
7,1746,5,True,0,2025-02-26,0,0.0,0.02,0.08,2,26,0,0,1,2.2857142857142856,0.0
7,1882,5,True,0,2025-02-26,0,0.0,0.17,0.31,2,26,0,0,1,1.1428571428571428,0.0
7,2066,5,True,0,2025-02-26,0,0.0,0.1,0.12,2,26,0,0,1,1.1428571428571428,0.0
7,2104,5,True,0,2025-02-26,0,0.0,0.03,0.03,2,26,0,0,1,1.0,0.0
7,2120,5,True,0,2025-02-26,2,0.0,0.03,0.07,2,26,0,0,1,1.0,0.0
7,2132,5,True,0,2025-02-26,1,0.0,0.01,0.04,2,26,0,0,1,0.8571428571428571,0.0
7,2141,5,True,0,2025-02-26,0,0.0,0.01,0.06,2,26,0,0,1,0.42857142857142855,0.0
7,2219,5,True,0,2025-02-26,0,0.0,0.11,0.13,2,26,0,0,1,0.42857142857142855,0.0
7,2224,5,True,0,2025-02-26,2,0.0,0.03,0.03,2,26,0,0,1,0.42857142857142855,0.0
7,2325,5,True,0,2025-02-26,5,0.0,0.03,0.07,2,26,0,0,1,0.7142857142857143,0.0
7,2418,5,True,0,2025-02-26,2,0.0,0.03,0.04,2,26,0,0,1,1.4285714285714286,0.0
7,2880,5,True,0,2025-02-26,3,0.0,0.02,0.05,2,26,0,0,1,1.7142857142857142,0.0
7,3085,5,True,0,2025-02-26,3,0.0,0.02,0.04,2,26,0,0,1,1.8571428571428572,0.0
7,3087,5,True,0,2025-02-26,1,0.0,0.04,0.1,2,26,0,0,1,2.142857142857143,0.0
7,3164,5,True,0,2025-02-26,0,0.0,0.05,0.1,2,26,0,0,1,2.2857142857142856,0.0
7,3218,5,True,0,2025-02-26,2,0.0,0.02,0.06,2,26,0,0,1,2.2857142857142856,0.0
7,3229,5,True,0,2025-02-26,1,0.0,0.04,0.11,2,26,0,0,1,2.2857142857142856,0.0
7,3292,5,True,0,2025-02-26,4,0.0,0.03,0.05,2,26,0,0,1,1.7142857142857142,0.0
7,3330,5,True,0,2025-02-26,5,0.0,0.06,0.11,2,26,0,0,1,2.0,0.0
7,3424,5,True,0,2025-02-26,2,0.0,0.01,0.02,2,26,0,0,1,2.2857142857142856,0.0
7,3439,5,True,0,2025-02-26,3,0.0,0.02,0.02,2,26,0,0,1,2.142857142857143,0.0
7,3463,5,True,0,2025-02-26,2,0.0,0.03,0.04,2,26,0,0,1,2.4285714285714284,0.0
7,3558,5,True,0,2025-02-26,6,0.0,0.03,0.06,2,26,0,0,1,2.7142857142857144,0.0
7,3624,5,True,0,2025-02-26,0,0.0,0.06,0.13,2,26,0,0,1,3.2857142857142856,0.0
7,3807,5,True,0,2025-02-26,2,0.0,0.08,0.1,2,26,0,0,1,3.142857142857143,0.0
7,3984,5,True,0,2025-02-26,0,1.0,0.02,0.04,2,26,0,0,1,2.857142857142857,0.0
7,3996,5,True,0,2025-02-26,0,0.0,0.03,0.06,2,26,0,0,1,2.142857142857143,0.0
7,4036,5,True,0,2025-02-26,2,0.0,0.01,0.02,2,26,0,0,1,1.8571428571428572,0.0
7,4081,5,True,0,2025-02-26,2,0.0,0.03,0.06,2,26,0,0,1,1.7142857142857142,0.0
7,4175,5,True,0,2025-02-26,2,0.0,0.03,0.06,2,26,0,0,1,1.7142857142857142,0.0
7,4544,5,True,0,2025-02-26,0,0.0,0.04,0.07,2,26,0,0,1,1.1428571428571428,0.0
7,4565,5,True,0,2025-02-26,0,0.0,0.01,0.04,2,26,0,0,1,1.1428571428571428,0.0
7,4749,5,True,0,2025-02-26,2,0.0,0.01,0.04,2,26,0,0,1,0.8571428571428571,0.0
7,4789,5,True,0,2025-02-26,7,1.0,0.02,0.06,2,26,0,0,1,1.1428571428571428,0.0
7,4939,5,True,0,2025-02-26,0,0.0,0.02,0.06,2,26,0,0,1,2.142857142857143,0.0
7,4942,5,True,0,2025-02-26,0,0.0,0.07,0.14,2,26,0,0,1,1.8571428571428572,0.0
7,5006,5,True,0,2025-02-26,3,0.0,0.03,0.03,2,26,0,0,1,1.5714285714285714,0.0
7,5049,5,True,0,2025-02-26,2,0.0,0.02,0.06,2,26,0,0,1,1.7142857142857142,0.0
7,5098,5,True,0,2025-02-26,0,0.0,0.02,0.06,2,26,0,0,1,2.0,0.0
7,5217,5,True,0,2025-02-26,3,0.0,0.02,0.04,2,26,0,0,1,2.0,0.0
7,139,6,False,0,2025-02-26,0,0.0,0.17,0.24,2,26,0,0,1,2.142857142857143,0.0
7,173,6,False,0,2025-02-26,1,0.0,0.09,0.12,2,26,0,0,1,1.1428571428571428,0.0
7,337,6,False,0,2025-02-26,0,0.0,0.12,0.17,2,26,0,0,1,1.2857142857142858,0.0
7,366,6,False,0,2025-02-26,1,0.0,0.08,0.1,2,26,0,0,1,1.2857142857142858,0.0
7,386,6,False,0,2025-02-26,1,0.0,0.17,0.24,2,26,0,0,1,1.0,0.0
7,449,6,False,0,2025-02-26,3,0.0,0.28,0.38,2,26,0,0,1,0.8571428571428571,0.0
7,594,6,False,0,2025-02-26,0,0.0,0.19,0.23,2,26,0,0,1,1.2857142857142858,0.0
7,820,6,False,0,2025-02-26,0,0.0,0.16,0.2,2,26,0,0,1,0.8571428571428571,0.0
7,988,6,False,0,2025-02-26,1,0.0,0.16,0.23,2,26,0,0,1,0.8571428571428571,0.0
7,1031,6,False,0,2025-02-26,1,0.0,0.1,0.14,2,26,0,0,1,0.8571428571428571,0.0
7,1124,6,False,0,2025-02-26,2,0.0,0.12,0.17,2,26,0,0,1,1.0,0.0
7,1276,6,False,0,2025-02-26,1,0.0,0.13,0.2,2,26,0,0,1,1.1428571428571428,0.0
7,1340,6,False,0,2025-02-26,2,0.0,0.17,0.23,2,26,0,0,1,1.1428571428571428,0.0
7,1429,6,False,0,2025-02-26,0,0.0,0.08,0.09,2,26,0,0,1,1.0,0.0
7,1534,6,False,0,2025-02-26,2,0.0,0.15,0.22,2,26,0,0,1,1.0,0.0
7,1544,6,False,0,2025-02-26,2,0.0,0.08,0.11,2,26,0,0,1,1.2857142857142858,0.0
7,1611,6,False,0,2025-02-26,0,0.0,0.11,0.16,2,26,0,0,1,1.4285714285714286,0.0
7,1650,6,False,0,2025-02-26,0,0.0,0.24,0.32,2,26,0,0,1,1.2857142857142858,0.0
7,1702,6,False,0,2025-02-26,0,0.0,0.31,0.43,2,26,0,0,1,1.0,0.0
7,1767,6,False,0,2025-02-26,1,0.0,0.12,0.15,2,26,0,0,1,0.8571428571428571,0.0
7,1807,6,False,0,2025-02-26,1,0.0,0.12,0.17,2,26,0,0,1,0.7142857142857143,0.0
7,1811,6,False,0,2025-02-26,0,0.0,0.04,0.06,2,26,0,0,1,0.8571428571428571,0.0
7,1828,6,False,0,2025-02-26,1,0.0,0.26,0.33,2,26,0,0,1,0.5714285714285714,0.0
7,1868,6,False,0,2025-02-26,1,0.0,0.12,0.14,2,26,0,0,1,0.42857142857142855,0.0
7,1901,6,False,0,2025-02-26,0,0.0,0.16,0.23,2,26,0,0,1,0.5714285714285714,0.0
7,1924,6,False,0,2025-02-26,0,0.0,0.07,0.09,2,26,0,0,1,0.5714285714285714,0.0
7,2680,6,False,0,2025-02-26,0,0.0,0.13,0.21,2,26,0,0,1,0.5714285714285714,0.0
7,2712,6,False,0,2025-02-26,3,0.0,0.12,0.14,2,26,0,0,1,0.42857142857142855,0.0
7,2912,6,False,0,2025-02-26,1,0.0,0.12,0.18,2,26,0,0,1,0.7142857142857143,0.0
7,3034,6,False,0,2025-02-26,2,0.0,0.11,0.16,2,26,0,0,1,0.8571428571428571,0.0
7,3088,6,False,0,2025-02-26,0,0.0,0.06,0.07,2,26,0,0,1,1.0,0.0
7,3187,6,False,0,2025-02-26,0,0.0,0.26,0.31,2,26,0,0,1,0.8571428571428571,0.0
7,3202,6,False,0,2025-02-26,1,0.0,0.14,0.21,2,26,0,0,1,0.8571428571428571,0.0
7,3604,6,False,0,2025-02-26,1,0.0,0.32,0.36,2,26,0,0,1,1.0,0.0
7,3648,6,False,0,2025-02-26,0,0.0,0.2,0.26,2,26,0,0,1,1.1428571428571428,0.0
7,3687,6,False,0,2025-02-26,1,0.0,0.14,0.22,2,26,0,0,1,0.7142857142857143,0.0
7,3842,6,False,0,2025-02-26,0,0.0,0.39,0.46,2,26,0,0,1,0.7142857142857143,0.0
7,3902,6,False,0,2025-02-26,1,0.0,0.17,0.22,2,26,0,0,1,0.42857142857142855,0.0
7,3912,6,False,0,2025-02-26,1,0.0,0.06,0.1,2,26,0,0,1,0.5714285714285714,0.0
7,4177,6,False,0,2025-02-26,1,0.0,0.06,0.08,2,26,0,0,1,0.7142857142857143,0.0
7,4234,6,False,0,2025-02-26,2,0.0,0.12,0.16,2,26,0,0,1,0.7142857142857143,0.0
7,4288,6,False,0,2025-02-26,1,0.0,0.13,0.21,2,26,0,0,1,0.8571428571428571,0.0
7,4376,6,False,0,2025-02-26,1,0.0,0.08,0.1,2,26,0,0,1,1.0,0.0
7,4386,6,False,0,2025-02-26,0,0.0,0.09,0.11,2,26,0,0,1,1.0,0.0
7,4468,6,False,0,2025-02-26,0,0.0,0.34,0.42,2,26,0,0,1,1.0,0.0
7,4892,6,False,0,2025-02-26,0,1.0,0.2,0.26,2,26,0,0,1,0.8571428571428571,0.0
7,4899,6,False,0,2025-02-26,2,0.0,0.06,0.1,2,26,0,0,1,0.7142857142857143,0.0
7,4917,6,False,0,2025-02-26,8,0.0,0.15,0.22,2,26,0,0,1,0.8571428571428571,0.0
7,5150,6,False,0,2025-02-26,0,0.0,0.18,0.26,2,26,0,0,1,1.7142857142857142,0.0
7,5193,6,False,0,2025-02-26,0,0.0,0.27,0.39,2,26,0,0,1,1.5714285714285714,0.0
7,188,7,False,0,2025-02-26,1,0.0,0.03,0.04,2,26,0,0,1,1.4285714285714286,0.0
7,348,7,False,0,2025-02-26,3,0.0,0.02,0.03,2,26,0,0,1,1.5714285714285714,0.0
7,392,7,False,0,2025-02-26,3,0.0,0.01,0.01,2,26,0,0,1,2.0,0.0
7,503,7,False,0,2025-02-26,22,0.0,0.01,0.01,2,26,0,0,1,2.4285714285714284,0.0
7,680,7,False,0,2025-02-26,20,0.0,0.01,0.01,2,26,0,0,1,5.285714285714286,0.0
7,743,7,False,0,2025-02-26,4,0.0,0.02,0.04,2,26,0,0,1,7.0,0.0
7,840,7,False,0,2025-02-26,4,0.0,0.02,0.03,2,26,0,0,1,7.571428571428571,0.0
7,966,7,False,0,2025-02-26,2,0.0,0.03,0.04,2,26,0,0,1,8.142857142857142,0.0
7,1084,7,False,0,2025-02-26,1,0.0,0.01,0.01,2,26,0,0,1,8.285714285714286,0.0
7,1108,7,False,0,2025-02-26,2,0.0,0.05,0.08,2,26,0,0,1,8.0,0.0
7,1128,7,False,0,2025-02-26,0,0.0,0.02,0.02,2,26,0,0,1,7.857142857142857,0.0
7,1253,7,False,0,2025-02-26,7,0.0,0.01,0.02,2,26,0,0,1,4.714285714285714,0.0
7,1445,7,False,0,2025-02-26,4,0.0,0.04,0.05,2,26,0,0,1,2.857142857142857,0.0
7,1488,7,False,0,2025-02-26,1,0.0,0.01,0.01,2,26,0,0,1,2.857142857142857,0.0
7,1556,7,False,0,2025-02-26,4,0.0,0.02,0.03,2,26,0,0,1,2.4285714285714284,0.0
7,1591,7,False,0,2025-02-26,2,1.0,0.05,0.09,2,26,0,0,1,2.7142857142857144,0.0
7,1677,7,False,0,2025-02-26,1,0.0,0.02,0.04,2,26,0,0,1,2.857142857142857,0.0
7,1697,7,False,0,2025-02-26,1,0.0,0.05,0.07,2,26,0,0,1,2.7142857142857144,0.0
7,1895,7,False,0,2025-02-26,1,0.0,0.02,0.02,2,26,0,0,1,2.857142857142857,0.0
7,1905,7,False,0,2025-02-26,3,0.0,0.02,0.02,2,26,0,0,1,2.0,0.0
7,1981,7,False,0,2025-02-26,3,0.0,0.01,0.01,2,26,0,0,1,1.8571428571428572,0.0
7,2105,7,False,0,2025-02-26,4,0.0,0.02,0.03,2,26,0,0,1,2.142857142857143,0.0
7,2182,7,False,0,2025-02-26,2,0.0,0.2,0.23,2,26,0,0,1,2.142857142857143,0.0
7,2202,7,False,0,2025-02-26,4,0.0,0.11,0.14,2,26,0,0,1,2.142857142857143,0.0
7,2232,7,False,0,2025-02-26,2,0.0,0.04,0.08,2,26,0,0,1,2.5714285714285716,0.0
7,2340,7,False,0,2025-02-26,3,0.0,0.02,0.02,2,26,0,0,1,2.7142857142857144,0.0
7,2380,7,False,0,2025-02-26,2,0.0,0.03,0.05,2,26,0,0,1,3.0,0.0
7,2439,7,False,0,2025-02-26,4,0.0,0.03,0.04,2,26,0,0,1,2.857142857142857,0.0
7,2645,7,False,0,2025-02-26,2,0.0,0.03,0.04,2,26,0,0,1,3.0,0.0
7,2792,7,False,0,2025-02-26,1,0.0,0.02,0.04,2,26,0,0,1,2.7142857142857144,0.0
7,2989,7,False,0,2025-02-26,17,0.0,0.0,0.0,2,26,0,0,1,2.5714285714285716,0.0
7,3025,7,False,0,2025-02-26,7,0.0,0.01,0.01,2,26,0,0,1,4.428571428571429,0.0
7,3078,7,False,0,2025-02-26,0,0.0,0.07,0.1,2,26,0,0,1,5.142857142857143,0.0
7,3111,7,False,0,2025-02-26,1,0.0,0.03,0.04,2,26,0,0,1,4.714285714285714,0.0
7,3125,7,False,0,2025-02-26,1,0.0,0.02,0.03,2,26,0,0,1,4.571428571428571,0.0
7,4069,7,False,0,2025-02-26,1,0.0,0.02,0.02,2,26,0,0,1,4.142857142857143,0.0
7,4233,7,False,0,2025-02-26,2,0.0,0.06,0.07,2,26,0,0,1,4.0,0.0
7,4424,7,False,0,2025-02-26,15,0.0,0.02,0.05,2,26,0,0,1,4.142857142857143,0.0
7,4454,7,False,0,2025-02-26,3,0.0,0.01,0.02,2,26,0,0,1,3.857142857142857,0.0
7,4484,7,False,0,2025-02-26,20,0.0,0.02,0.05,2,26,0,0,1,3.2857142857142856,0.0
7,4599,7,False,0,2025-02-26,3,0.0,0.01,0.02,2,26,0,0,1,6.142857142857143,0.0
7,4624,7,False,0,2025-02-26,0,0.0,0.03,0.04,2,26,0,0,1,6.428571428571429,0.0
7,4763,7,False,0,2025-02-26,1,0.0,0.01,0.02,2,26,0,0,1,6.285714285714286,0.0
7,4788,7,False,0,2025-02-26,4,0.0,0.02,0.04,2,26,0,0,1,6.285714285714286,0.0
7,4841,7,False,0,2025-02-26,1,0.0,0.01,0.02,2,26,0,0,1,6.571428571428571,0.0
7,4910,7,False,0,2025-02-26,1,0.0,0.2,0.23,2,26,0,0,1,4.571428571428571,0.0
7,5031,7,False,0,2025-02-26,2,0.0,0.3,0.46,2,26,0,0,1,4.285714285714286,0.0
7,5141,7,False,0,2025-02-26,3,0.0,0.02,0.03,2,26,0,0,1,1.7142857142857142,0.0
7,55,8,False,0,2025-02-26,6,0.0,0.04,0.08,2,26,0,0,1,1.7142857142857142,0.0
7,367,8,False,0,2025-02-26,15,0.0,0.02,0.04,2,26,0,0,1,2.5714285714285716,0.0
7,494,8,False,0,2025-02-26,8,0.0,0.01,0.03,2,26,0,0,1,4.571428571428571,0.0
7,566,8,False,0,2025-02-26,15,0.0,0.01,0.01,2,26,0,0,1,5.142857142857143,0.0
7,658,8,False,0,2025-02-26,2,0.0,0.1,0.17,2,26,0,0,1,7.142857142857143,0.0
7,675,8,False,0,2025-02-26,0,0.0,0.01,0.02,2,26,0,0,1,7.285714285714286,0.0
7,790,8,False,0,2025-02-26,3,0.0,0.01,0.02,2,26,0,0,1,7.0,0.0
7,868,8,False,0,2025-02-26,1,0.0,0.14,0.21,2,26,0,0,1,7.0,0.0
7,870,8,False,0,2025-02-26,3,0.0,0.01,0.02,2,26,0,0,1,6.285714285714286,0.0
7,1004,8,False,0,2025-02-26,7,0.0,0.02,0.06,2,26,0,0,1,4.571428571428571,0.0
7,1076,8,False,0,2025-02-26,9,0.0,0.01,0.02,2,26,0,0,1,4.428571428571429,0.0
7,1116,8,False,0,2025-02-26,12,0.0,0.02,0.02,2,26,0,0,1,3.5714285714285716,0.0
7,1134,8,False,0,2025-02-26,19,0.0,0.0,0.01,2,26,0,0,1,5.0,0.0
7,1285,8,False,0,2025-02-26,8,0.0,0.03,0.05,2,26,0,0,1,7.714285714285714,0.0
7,1541,8,False,0,2025-02-26,9,0.0,0.02,0.03,2,26,0,0,1,8.428571428571429,0.0
7,1748,8,False,0,2025-02-26,11,0.0,0.03,0.04,2,26,0,0,1,9.571428571428571,0.0
7,1819,8,False,0,2025-02-26,7,0.0,0.01,0.02,2,26,0,0,1,10.714285714285714,0.0
7,1923,8,False,0,2025-02-26,2,0.0,0.01,0.02,2,26,0,0,1,10.714285714285714,0.0
7,1930,8,False,0,2025-02-26,1,0.0,0.03,0.05,2,26,0,0,1,9.714285714285714,0.0
7,2029,8,False,0,2025-02-26,2,0.0,0.04,0.06,2,26,0,0,1,8.142857142857142,0.0
7,2288,8,False,0,2025-02-26,17,0.0,0.01,0.02,2,26,0,0,1,5.714285714285714,0.0
7,3028,8,False,0,2025-02-26,3,0.0,0.01,0.02,2,26,0,0,1,7.0,0.0
7,3180,8,False,0,2025-02-26,12,1.0,0.01,0.02,2,26,0,0,1,6.142857142857143,0.0
7,3450,8,False,0,2025-02-26,8,0.0,0.02,0.04,2,26,0,0,1,6.285714285714286,0.0
7,3476,8,False,0,2025-02-26,2,0.0,0.07,0.11,2,26,0,0,1,6.428571428571429,0.0
7,3574,8,False,0,2025-02-26,6,0.0,0.02,0.03,2,26,0,0,1,6.428571428571429,0.0
7,3592,8,False,0,2025-02-26,5,0.0,0.02,0.04,2,26,0,0,1,7.142857142857143,0.0
7,3750,8,False,0,2025-02-26,12,0.0,0.01,0.02,2,26,0,0,1,7.571428571428571,0.0
7,3770,8,False,0,2025-02-26,5,0.0,0.01,0.02,2,26,0,0,1,6.857142857142857,0.0
7,3890,8,False,0,2025-02-26,16,0.0,0.02,0.04,2,26,0,0,1,7.142857142857143,0.0
7,3963,8,False,0,2025-02-26,6,0.0,0.01,0.01,2,26,0,0,1,7.714285714285714,0.0
7,4115,8,False,0,2025-02-26,5,0.0,0.02,0.04,2,26,0,0,1,7.428571428571429,0.0
7,4538,8,False,0,2025-02-26,15,0.0,0.02,0.02,2,26,0,0,1,7.857142857142857,0.0
7,4609,8,False,0,2025-02-26,9,0.0,0.05,0.08,2,26,0,0,1,9.142857142857142,0.0
7,4666,8,False,0,2025-02-26,10,0.0,0.01,0.02,2,26,0,0,1,9.714285714285714,0.0
7,4668,8,False,0,2025-02-26,3,0.0,0.01,0.02,2,26,0,0,1,9.428571428571429,0.0
7,4676,8,False,0,2025-02-26,13,0.0,0.01,0.01,2,26,0,0,1,9.142857142857142,0.0
7,4751,8,False,0,2025-02-26,0,0.0,0.02,0.03,2,26,0,0,1,8.714285714285714,0.0
7,4807,8,False,0,2025-02-26,12,0.0,0.01,0.01,2,26,0,0,1,7.857142857142857,0.0
7,4862,8,False,0,2025-02-26,2,0.0,0.18,0.31,2,26,0,0,1,8.857142857142858,0.0
7,5001,8,False,0,2025-02-26,11,0.0,0.01,0.03,2,26,0,0,1,7.0,0.0
7,5203,8,False,0,2025-02-26,17,0.0,0.01,0.03,2,26,0,0,1,7.285714285714286,0.0
7,3,9,True,0,2025-02-26,0,0.0,0.02,0.06,2,26,0,0,1,8.285714285714286,0.0
7,29,9,True,0,2025-02-26,0,0.0,0.05,0.07,2,26,0,0,1,7.857142857142857,0.0
7,67,9,True,0,2025-02-26,0,0.0,0.01,0.03,2,26,0,0,1,6.0,0.0
7,68,9,True,0,2025-02-26,0,0.0,0.02,0.04,2,26,0,0,1,6.0,0.0
7,75,9,True,0,2025-02-26,3,0.0,0.03,0.05,2,26,0,0,1,4.285714285714286,0.0
7,162,9,True,0,2025-02-26,0,0.0,0.03,0.06,2,26,0,0,1,4.428571428571429,0.0
7,176,9,True,0,2025-02-26,0,0.0,0.02,0.05,2,26,0,0,1,2.857142857142857,0.0
7,266,9,True,0,2025-02-26,0,0.0,0.03,0.07,2,26,0,0,1,0.42857142857142855,0.0
7,322,9,True,0,2025-02-26,0,0.0,0.05,0.07,2,26,0,0,1,0.42857142857142855,0.0
7,335,9,True,0,2025-02-26,0,0.0,0.02,0.03,2,26,0,0,1,0.42857142857142855,0.0
7,342,9,True,0,2025-02-26,0,0.0,0.02,0.1,2,26,0,0,1,0.42857142857142855,0.0
7,379,9,True,0,2025-02-26,0,0.0,0.06,0.07,2,26,0,0,1,0.42857142857142855,0.0
7,426,9,True,0,2025-02-26,0,0.0,0.05,0.14,2,26,0,0,1,0.0,0.0
7,469,9,True,0,2025-02-26,0,0.0,0.02,0.03,2,26,0,0,1,0.0,0.0
7,487,9,True,0,2025-02-26,0,0.0,0.03,0.06,2,26,0,0,1,0.0,0.0
7,500,9,True,0,2025-02-26,0,0.0,0.01,0.06,2,26,0,0,1,0.0,0.0
7,520,9,True,0,2025-02-26,0,0.0,0.04,0.1,2,26,0,0,1,0.0,0.0
7,546,9,True,0,2025-02-26,1,1.0,0.02,0.05,2,26,0,0,1,0.0,0.0
7,562,9,True,0,2025-02-26,0,0.0,0.03,0.05,2,26,0,0,1,0.14285714285714285,0.0
7,589,9,True,0,2025-02-26,0,0.0,0.03,0.05,2,26,0,0,1,0.14285714285714285,0.0
7,591,9,True,0,2025-02-26,0,0.0,0.04,0.09,2,26,0,0,1,0.14285714285714285,0.0
7,654,9,True,0,2025-02-26,0,0.0,0.03,0.08,2,26,0,0,1,0.14285714285714285,0.0
7,673,9,True,0,2025-02-26,0,0.0,0.02,0.06,2,26,0,0,1,0.14285714285714285,0.0
7,687,9,True,0,2025-02-26,0,0.0,0.04,0.09,2,26,0,0,1,0.14285714285714285,0.0
7,698,9,True,0,2025-02-26,0,0.0,0.04,0.16,2,26,0,0,1,0.14285714285714285,0.0
7,708,9,True,0,2025-02-26,0,1.0,0.04,0.08,2,26,0,0,1,0.0,0.0
7,715,9,True,0,2025-02-26,1,0.0,0.02,0.04,2,26,0,0,1,0.0,0.0
7,738,9,True,0,2025-02-26,1,0.0,0.03,0.11,2,26,0,0,1,0.14285714285714285,0.0
7,856,9,True,0,2025-02-26,1,0.0,0.01,0.02,2,26,0,0,1,0.2857142857142857,0.0
7,884,9,True,0,2025-02-26,0,0.0,0.05,0.07,2,26,0,0,1,0.42857142857142855,0.0
7,893,9,True,0,2025-02-26,0,0.0,0.02,0.05,2,26,0,0,1,0.42857142857142855,0.0
7,908,9,True,0,2025-02-26,0,0.0,0.05,0.09,2,26,0,0,1,0.42857142857142855,0.0
7,920,9,True,0,2025-02-26,0,0.0,0.04,0.05,2,26,0,0,1,0.42857142857142855,0.0
7,942,9,True,0,2025-02-26,2,0.0,0.01,0.05,2,26,0,0,1,0.42857142857142855,0.0
7,955,9,True,0,2025-02-26,0,0.0,0.06,0.08,2,26,0,0,1,0.5714285714285714,0.0
7,957,9,True,0,2025-02-26,0,0.0,0.05,0.15,2,26,0,0,1,0.42857142857142855,0.0
7,977,9,True,0,2025-02-26,0,0.0,0.1,0.16,2,26,0,0,1,0.2857142857142857,0.0
7,1016,9,True,0,2025-02-26,0,0.0,0.02,0.07,2,26,0,0,1,0.2857142857142857,0.0
7,1039,9,True,0,2025-02-26,0,0.0,0.01,0.04,2,26,0,0,1,0.2857142857142857,0.0
7,1050,9,True,0,2025-02-26,0,0.0,0.07,0.19,2,26,0,0,1,0.2857142857142857,0.0
7,1075,9,True,0,2025-02-26,3,0.0,0.03,0.04,2,26,0,0,1,0.2857142857142857,0.0
7,1081,9,True,0,2025-02-26,0,0.0,0.02,0.1,2,26,0,0,1,0.42857142857142855,0.0
7,1157,9,True,0,2025-02-26,0,0.0,0.04,0.1,2,26,0,0,1,0.42857142857142855,0.0
7,1168,9,True,0,2025-02-26,0,0.0,0.09,0.15,2,26,0,0,1,0.42857142857142855,0.0
7,1241,9,True,0,2025-02-26,0,2.0,0.05,0.14,2,26,0,0,1,0.42857142857142855,0.0
7,1243,9,True,0,2025-02-26,0,0.0,0.04,0.08,2,26,0,0,1,0.42857142857142855,0.0
7,1281,9,True,0,2025-02-26,0,0.0,0.02,0.03,2,26,0,0,1,0.42857142857142855,0.0
7,1334,9,True,0,2025-02-26,0,0.0,0.02,0.04,2,26,0,0,1,0.42857142857142855,0.0
7,1364,9,True,0,2025-02-26,0,0.0,0.03,0.11,2,26,0,0,1,0.0,0.0
7,1453,9,True,0,2025-02-26,0,0.0,0.04,0.07,2,26,0,0,1,0.0,0.0
7,1504,9,True,0,2025-02-26,0,0.0,0.1,0.12,2,26,0,0,1,0.0,0.0
7,1615,9,True,0,2025-02-26,0,0.0,0.02,0.04,2,26,0,0,1,0.0,0.0
7,1699,9,True,0,2025-02-26,0,0.0,0.04,0.08,2,26,0,0,1,0.0,0.0
7,1701,9,True,0,2025-02-26,0,0.0,0.03,0.04,2,26,0,0,1,0.0,0.0
7,1713,9,True,0,2025-02-26,0,0.0,0.01,0.02,2,26,0,0,1,0.0,0.0
7,1728,9,True,0,2025-02-26,0,0.0,0.02,0.07,2,26,0,0,1,0.0,0.0
7,1774,9,True,0,2025-02-26,0,0.0,0.04,0.06,2,26,0,0,1,0.0,0.0
7,1872,9,True,0,2025-02-26,0,0.0,0.03,0.1,2,26,0,0,1,0.0,0.0
7,1885,9,True,0,2025-02-26,93,0.0,0.01,0.01,2,26,0,0,1,0.0,0.0
7,1890,9,True,0,2025-02-26,0,0.0,0.02,0.06,2,26,0,0,1,13.285714285714286,0.0
7,2007,9,True,0,2025-02-26,0,0.0,0.02,0.07,2,26,0,0,1,13.285714285714286,0.0
7,2009,9,True,0,2025-02-26,0,0.0,0.01,0.03,2,26,0,0,1,13.285714285714286,0.0
7,2067,9,True,0,2025-02-26,0,0.0,0.04,0.09,2,26,0,0,1,13.285714285714286,0.0
7,2068,9,True,0,2025-02-26,0,0.0,0.02,0.05,2,26,0,0,1,13.285714285714286,0.0
7,2073,9,True,0,2025-02-26,0,0.0,0.01,0.03,2,26,0,0,1,13.285714285714286,0.0
7,2076,9,True,0,2025-02-26,0,0.0,0.04,0.08,2,26,0,0,1,13.285714285714286,0.0
7,2121,9,True,0,2025-02-26,0,0.0,0.02,0.05,2,26,0,0,1,0.0,0.0
7,2138,9,True,0,2025-02-26,0,0.0,0.05,0.09,2,26,0,0,1,0.0,0.0
7,2184,9,True,0,2025-02-26,0,0.0,0.02,0.07,2,26,0,0,1,0.0,0.0
7,2220,9,True,0,2025-02-26,0,0.0,0.01,0.05,2,26,0,0,1,0.0,0.0
7,2225,9,True,0,2025-02-26,0,0.0,0.03,0.09,2,26,0,0,1,0.0,0.0
7,2299,9,True,0,2025-02-26,0,0.0,0.02,0.05,2,26,0,0,1,0.0,0.0
7,2353,9,True,0,2025-02-26,0,0.0,0.01,0.01,2,26,0,0,1,0.0,0.0
7,2356,9,True,0,2025-02-26,0,0.0,0.01,0.01,2,26,0,0,1,0.0,0.0
7,2388,9,True,0,2025-02-26,0,0.0,0.03,0.11,2,26,0,0,1,0.0,0.0
7,2409,9,True,0,2025-02-26,0,0.0,0.05,0.09,2,26,0,0,1,0.0,0.0
7,2427,9,True,0,2025-02-26,1,0.0,0.01,0.03,2,26,0,0,1,0.0,0.0
7,2449,9,True,0,2025-02-26,0,0.0,0.05,0.1,2,26,0,0,1,0.14285714285714285,0.0
7,2493,9,True,0,2025-02-26,0,0.0,0.02,0.04,2,26,0,0,1,0.14285714285714285,0.0
7,2540,9,True,0,2025-02-26,0,0.0,0.05,0.15,2,26,0,0,1,0.14285714285714285,0.0
7,2552,9,True,0,2025-02-26,0,0.0,0.04,0.06,2,26,0,0,1,0.14285714285714285,0.0
7,2597,9,True,0,2025-02-26,0,0.0,0.01,0.03,2,26,0,0,1,0.14285714285714285,0.0
7,2608,9,True,0,2025-02-26,0,0.0,0.04,0.09,2,26,0,0,1,0.14285714285714285,0.0
7,2629,9,True,0,2025-02-26,0,0.0,0.02,0.1,2,26,0,0,1,0.14285714285714285,0.0
7,2633,9,True,0,2025-02-26,0,0.0,0.01,0.01,2,26,0,0,1,0.0,0.0
7,2684,9,True,0,2025-02-26,0,0.0,0.04,0.09,2,26,0,0,1,0.0,0.0
7,2694,9,True,0,2025-02-26,0,0.0,0.04,0.1,2,26,0,0,1,0.0,0.0
7,2724,9,True,0,2025-02-26,0,0.0,0.01,0.04,2,26,0,0,1,0.0,0.0
7,2791,9,True,0,2025-02-26,0,0.0,0.1,0.2,2,26,0,0,1,0.0,0.0
7,2796,9,True,0,2025-02-26,0,1.0,0.03,0.08,2,26,0,0,1,0.0,0.0
7,2828,9,True,0,2025-02-26,4,0.0,0.02,0.05,2,26,0,0,1,0.0,0.0
7,2868,9,True,0,2025-02-26,0,0.0,0.03,0.04,2,26,0,0,1,0.5714285714285714,0.0
7,2869,9,True,0,2025-02-26,0,0.0,0.05,0.09,2,26,0,0,1,0.5714285714285714,0.0
7,2877,9,True,0,2025-02-26,0,0.0,0.1,0.23,2,26,0,0,1,0.5714285714285714,0.0
7,2895,9,True,0,2025-02-26,0,0.0,0.06,0.08,2,26,0,0,1,0.5714285714285714,0.0
7,2896,9,True,0,2025-02-26,0,0.0,0.04,0.07,2,26,0,0,1,0.5714285714285714,0.0
7,2921,9,True,0,2025-02-26,0,0.0,0.07,0.29,2,26,0,0,1,0.5714285714285714,0.0
7,2937,9,True,0,2025-02-26,0,0.0,0.03,0.07,2,26,0,0,1,0.5714285714285714,0.0
7,2945,9,True,0,2025-02-26,0,0.0,0.06,0.09,2,26,0,0,1,0.0,0.0
7,2967,9,True,0,2025-02-26,0,0.0,0.13,0.19,2,26,0,0,1,0.0,0.0
7,2986,9,True,0,2025-02-26,0,0.0,0.03,0.03,2,26,0,0,1,0.0,0.0
7,2998,9,True,0,2025-02-26,0,0.0,0.01,0.05,2,26,0,0,1,0.0,0.0
7,3036,9,True,0,2025-02-26,0,0.0,0.03,0.09,2,26,0,0,1,0.0,0.0
7,3059,9,True,0,2025-02-26,0,0.0,0.06,0.1,2,26,0,0,1,0.0,0.0
7,3160,9,True,0,2025-02-26,0,0.0,0.01,0.02,2,26,0,0,1,0.0,0.0
7,3191,9,True,0,2025-02-26,0,0.0,0.06,0.1,2,26,0,0,1,0.0,0.0
7,3291,9,True,0,2025-02-26,0,0.0,0.05,0.1,2,26,0,0,1,0.0,0.0
7,3332,9,True,0,2025-02-26,0,0.0,0.02,0.09,2,26,0,0,1,0.0,0.0
7,3367,9,True,0,2025-02-26,0,0.0,0.06,0.07,2,26,0,0,1,0.0,0.0
7,3405,9,True,0,2025-02-26,0,0.0,0.01,0.04,2,26,0,0,1,0.0,0.0
7,3412,9,True,0,2025-02-26,0,0.0,0.01,0.02,2,26,0,0,1,0.0,0.0
7,3477,9,True,0,2025-02-26,0,0.0,0.03,0.05,2,26,0,0,1,0.0,0.0
7,3491,9,True,0,2025-02-26,0,0.0,0.03,0.12,2,26,0,0,1,0.0,0.0
7,3503,9,True,0,2025-02-26,0,0.0,0.01,0.04,2,26,0,0,1,0.0,0.0
7,3505,9,True,0,2025-02-26,0,0.0,0.04,0.1,2,26,0,0,1,0.0,0.0
7,3531,9,True,0,2025-02-26,0,0.0,0.02,0.06,2,26,0,0,1,0.0,0.0
7,3584,9,True,0,2025-02-26,0,0.0,0.02,0.09,2,26,0,0,1,0.0,0.0
7,3699,9,True,0,2025-02-26,1,0.0,0.01,0.02,2,26,0,0,1,0.0,0.0
7,3702,9,True,0,2025-02-26,0,0.0,0.02,0.03,2,26,0,0,1,0.14285714285714285,0.0
7,3794,9,True,0,2025-02-26,0,0.0,0.03,0.03,2,26,0,0,1,0.14285714285714285,0.0
7,3836,9,True,0,2025-02-26,0,0.0,0.05,0.1,2,26,0,0,1,0.14285714285714285,0.0
7,3872,9,True,0,2025-02-26,4,0.0,0.04,0.07,2,26,0,0,1,0.14285714285714285,0.0
7,3884,9,True,0,2025-02-26,0,0.0,0.01,0.03,2,26,0,0,1,0.7142857142857143,0.0
7,3962,9,True,0,2025-02-26,0,0.0,0.05,0.15,2,26,0,0,1,0.7142857142857143,0.0
7,3998,9,True,0,2025-02-26,0,0.0,0.04,0.09,2,26,0,0,1,0.7142857142857143,0.0
7,4008,9,True,0,2025-02-26,0,0.0,0.04,0.18,2,26,0,0,1,0.5714285714285714,0.0
7,4056,9,True,0,2025-02-26,0,0.0,0.02,0.05,2,26,0,0,1,0.5714285714285714,0.0
7,4075,9,True,0,2025-02-26,0,0.0,0.06,0.2,2,26,0,0,1,0.5714285714285714,0.0
7,4083,9,True,0,2025-02-26,0,0.0,0.09,0.19,2,26,0,0,1,0.5714285714285714,0.0
7,4232,9,True,0,2025-02-26,0,0.0,0.13,0.18,2,26,0,0,1,0.0,0.0
7,4259,9,True,0,2025-02-26,0,0.0,0.26,0.31,2,26,0,0,1,0.0,0.0
7,4262,9,True,0,2025-02-26,0,0.0,0.02,0.05,2,26,0,0,1,0.0,0.0
7,4279,9,True,0,2025-02-26,0,0.0,0.05,0.1,2,26,0,0,1,0.0,0.0
7,4296,9,True,0,2025-02-26,0,0.0,0.04,0.07,2,26,0,0,1,0.0,0.0
7,4332,9,True,0,2025-02-26,0,0.0,0.04,0.1,2,26,0,0,1,0.0,0.0
7,4353,9,True,0,2025-02-26,0,0.0,0.01,0.07,2,26,0,0,1,0.0,0.0
7,4363,9,True,0,2025-02-26,0,0.0,0.05,0.12,2,26,0,0,1,0.0,0.0
7,4393,9,True,0,2025-02-26,1,0.0,0.11,0.13,2,26,0,0,1,0.0,0.0
7,4406,9,True,0,2025-02-26,0,0.0,0.02,0.07,2,26,0,0,1,0.14285714285714285,0.0
7,4459,9,True,0,2025-02-26,4,0.0,0.02,0.04,2,26,0,0,1,0.14285714285714285,0.0
7,4477,9,True,0,2025-02-26,0,0.0,0.03,0.03,2,26,0,0,1,0.7142857142857143,0.0
7,4532,9,True,0,2025-02-26,0,0.0,0.02,0.04,2,26,0,0,1,0.7142857142857143,0.0
7,4574,9,True,0,2025-02-26,0,0.0,0.01,0.05,2,26,0,0,1,0.7142857142857143,0.0
7,4623,9,True,0,2025-02-26,0,0.0,0.03,0.08,2,26,0,0,1,0.7142857142857143,0.0
7,4677,9,True,0,2025-02-26,0,0.0,0.12,0.24,2,26,0,0,1,0.7142857142857143,0.0
7,4695,9,True,0,2025-02-26,0,2.0,0.04,0.07,2,26,0,0,1,0.5714285714285714,0.0
7,4709,9,True,0,2025-02-26,1,0.0,0.08,0.12,2,26,0,0,1,0.5714285714285714,0.0
7,4728,9,True,0,2025-02-26,0,0.0,0.02,0.02,2,26,0,0,1,0.14285714285714285,0.0
7,4737,9,True,0,2025-02-26,5,0.0,0.01,0.03,2,26,0,0,1,0.14285714285714285,0.0
7,4775,9,True,0,2025-02-26,0,0.0,0.04,0.1,2,26,0,0,1,0.8571428571428571,0.0
7,4784,9,True,0,2025-02-26,0,0.0,0.01,0.03,2,26,0,0,1,0.8571428571428571,0.0
7,4858,9,True,0,2025-02-26,0,0.0,0.15,0.21,2,26,0,0,1,0.8571428571428571,0.0
7,4863,9,True,0,2025-02-26,1,0.0,0.02,0.05,2,26,0,0,1,0.8571428571428571,0.0
7,4927,9,True,0,2025-02-26,0,0.0,0.06,0.1,2,26,0,0,1,1.0,0.0
7,4974,9,True,0,2025-02-26,0,0.0,0.02,0.05,2,26,0,0,1,0.8571428571428571,0.0
7,5011,9,True,0,2025-02-26,0,0.0,0.06,0.11,2,26,0,0,1,0.8571428571428571,0.0
7,5012,9,True,0,2025-02-26,0,0.0,0.01,0.03,2,26,0,0,1,0.14285714285714285,0.0
7,5070,9,True,0,2025-02-26,0,0.0,0.05,0.08,2,26,0,0,1,0.14285714285714285,0.0
7,5226,9,True,0,2025-02-26,0,0.0,0.05,0.1,2,26,0,0,1,0.14285714285714285,0.0
7,5242,9,True,0,2025-02-26,0,0.0,0.04,0.06,2,26,0,0,1,0.14285714285714285,0.0
7,5252,9,True,0,2025-02-26,0,0.0,0.01,0.01,2,26,0,0,1,0.0,0.0
7,15,10,False,0,2025-02-26,9,0.0,0.03,0.13,2,26,0,0,1,0.0,0.0
7,149,10,False,0,2025-02-26,14,1.0,0.02,0.07,2,26,0,0,1,1.2857142857142858,0.0
7,2636,10,False,0,2025-02-26,8,0.0,0.09,0.22,2,26,0,0,1,3.2857142857142856,0.0
7,3122,10,False,0,2025-02-26,13,0.0,0.01,0.04,2,26,0,0,1,4.428571428571429,0.0
7,3904,10,False,0,2025-02-26,22,0.0,0.03,0.09,2,26,0,0,1,6.285714285714286,0.0
7,4959,10,False,0,2025-02-26,23,0.0,0.01,0.02,2,26,0,0,1,9.428571428571429,0.0
7,518,11,False,0,2025-02-26,2,0.0,0.16,0.15,2,26,0,0,1,12.714285714285714,0.0
7,669,11,False,0,2025-02-26,3,0.0,0.07,0.09,2,26,0,0,1,13.0,0.0
7,926,11,False,0,2025-02-26,3,0.0,0.14,0.18,2,26,0,0,1,12.142857142857142,0.0
7,934,11,False,0,2025-02-26,1,0.0,0.18,0.22,2,26,0,0,1,10.571428571428571,0.0
7,1341,11,False,0,2025-02-26,2,0.0,0.16,0.17,2,26,0,0,1,9.571428571428571,0.0
7,1710,11,False,0,2025-02-26,3,0.0,0.12,0.15,2,26,0,0,1,8.0,0.0
7,1735,11,False,0,2025-02-26,3,0.0,0.1,0.14,2,26,0,0,1,5.285714285714286,0.0
7,1879,11,False,0,2025-02-26,4,0.0,0.1,0.15,2,26,0,0,1,2.4285714285714284,0.0
7,3084,11,False,0,2025-02-26,2,1.0,0.12,0.15,2,26,0,0,1,2.7142857142857144,0.0
7,3602,11,False,0,2025-02-26,3,0.0,0.12,0.15,2,26,0,0,1,2.5714285714285716,0.0
7,3829,11,False,0,2025-02-26,6,0.0,0.1,0.15,2,26,0,0,1,2.5714285714285716,0.0
7,3961,11,False,0,2025-02-26,3,0.0,0.09,0.12,2,26,0,0,1,3.2857142857142856,0.0
7,4171,11,False,0,2025-02-26,3,0.0,0.14,0.2,2,26,0,0,1,3.4285714285714284,0.0
7,4322,11,False,0,2025-02-26,4,0.0,0.1,0.12,2,26,0,0,1,3.4285714285714284,0.0
7,4441,11,False,0,2025-02-26,3,0.0,0.12,0.16,2,26,0,0,1,3.5714285714285716,0.0
7,4930,11,False,0,2025-02-26,4,0.0,0.09,0.12,2,26,0,0,1,3.4285714285714284,0.0
7,27,1,False,0,2025-02-24,2,0.0,0.07,0.08,0,24,0,0,0,3.7142857142857144,0.0
7,982,1,False,0,2025-02-24,2,0.0,0.2,0.23,0,24,0,0,0,3.5714285714285716,0.0
7,1030,1,False,0,2025-02-24,2,0.0,0.29,0.34,0,24,0,0,0,3.0,0.0
7,1304,1,False,0,2025-02-24,1,0.0,0.04,0.05,0,24,0,0,0,2.857142857142857,0.0
7,1590,1,False,0,2025-02-24,4,0.0,0.06,0.07,0,24,0,0,0,2.5714285714285716,0.0
7,1752,1,False,0,2025-02-24,2,0.0,0.16,0.2,0,24,0,0,0,2.5714285714285716,0.0
7,1840,1,False,0,2025-02-24,2,0.0,0.13,0.15,0,24,0,0,0,2.4285714285714284,0.0
7,1853,1,False,0,2025-02-24,0,0.0,0.18,0.19,0,24,0,0,0,2.142857142857143,0.0
7,1874,1,False,0,2025-02-24,3,0.0,0.03,0.04,0,24,0,0,0,1.8571428571428572,0.0
7,2850,1,False,0,2025-02-24,0,0.0,0.18,0.2,0,24,0,0,0,2.0,0.0
7,3058,1,False,0,2025-02-24,3,0.0,0.16,0.22,0,24,0,0,0,1.7142857142857142,0.0
7,3120,1,False,0,2025-02-24,3,0.0,0.16,0.17,0,24,0,0,0,2.0,0.0
7,3621,1,False,0,2025-02-24,2,0.0,0.03,0.04,0,24,0,0,0,1.8571428571428572,0.0
7,3625,1,False,0,2025-02-24,2,0.0,0.16,0.19,0,24,0,0,0,1.8571428571428572,0.0
7,4088,1,False,0,2025-02-24,0,0.0,0.33,0.4,0,24,0,0,0,1.8571428571428572,0.0
7,4089,1,False,0,2025-02-24,1,0.0,0.16,0.24,0,24,0,0,0,1.8571428571428572,0.0
7,4206,1,False,0,2025-02-24,0,2.0,0.5,0.66,0,24,0,0,0,1.5714285714285714,0.0
7,4693,1,False,0,2025-02-24,2,0.0,0.09,0.12,0,24,0,0,0,1.5714285714285714,0.0
7,5035,1,False,0,2025-02-24,3,0.0,0.13,0.15,0,24,0,0,0,1.4285714285714286,0.0
7,9,3,True,0,2025-02-24,0,0.0,0.11,0.16,0,24,0,0,0,1.4285714285714286,0.0
7,42,3,True,0,2025-02-24,7,0.0,0.05,0.06,0,24,0,0,0,1.1428571428571428,0.0
7,54,3,True,0,2025-02-24,0,0.0,0.18,0.2,0,24,0,0,0,1.8571428571428572,0.0
7,63,3,True,0,2025-02-24,1,0.0,0.14,0.17,0,24,0,0,0,1.8571428571428572,0.0
7,71,3,True,0,2025-02-24,1,0.0,0.03,0.03,0,24,0,0,0,1.8571428571428572,0.0
7,73,3,True,0,2025-02-24,0,0.0,0.15,0.19,0,24,0,0,0,2.0,0.0
7,118,3,True,0,2025-02-24,7,0.0,0.05,0.07,0,24,0,0,0,1.7142857142857142,0.0
7,151,3,True,0,2025-02-24,0,0.0,0.21,0.29,0,24,0,0,0,2.2857142857142856,0.0
7,154,3,True,0,2025-02-24,0,0.0,0.18,0.24,0,24,0,0,0,2.2857142857142856,0.0
7,156,3,True,0,2025-02-24,0,0.0,0.04,0.05,0,24,0,0,0,1.2857142857142858,0.0
7,224,3,True,0,2025-02-24,1,0.0,0.06,0.08,0,24,0,0,0,1.2857142857142858,0.0
7,230,3,True,0,2025-02-24,20,0.0,0.03,0.05,0,24,0,0,0,1.2857142857142858,0.0
7,258,3,True,0,2025-02-24,1,0.0,0.03,0.04,0,24,0,0,0,4.0,0.0
7,304,3,True,0,2025-02-24,0,0.0,0.1,0.12,0,24,0,0,0,4.142857142857143,0.0
7,307,3,True,0,2025-02-24,0,0.0,0.16,0.19,0,24,0,0,0,3.142857142857143,0.0
7,319,3,True,0,2025-02-24,1,2.0,0.35,0.39,0,24,0,0,0,3.142857142857143,0.0
7,323,3,True,0,2025-02-24,1,0.0,0.28,0.32,0,24,0,0,0,3.2857142857142856,0.0
7,347,3,True,0,2025-02-24,0,0.0,0.06,0.07,0,24,0,0,0,3.4285714285714284,0.0
7,377,3,True,0,2025-02-24,0,0.0,0.14,0.16,0,24,0,0,0,3.2857142857142856,0.0
7,384,3,True,0,2025-02-24,0,0.0,0.04,0.06,0,24,0,0,0,0.42857142857142855,0.0
7,396,3,True,0,2025-02-24,0,0.0,0.22,0.26,0,24,0,0,0,0.2857142857142857,0.0
7,400,3,True,0,2025-02-24,0,0.0,0.19,0.21,0,24,0,0,0,0.2857142857142857,0.0
7,409,3,True,0,2025-02-24,0,0.0,0.1,0.13,0,24,0,0,0,0.2857142857142857,0.0
7,414,3,True,0,2025-02-24,0,0.0,0.08,0.1,0,24,0,0,0,0.14285714285714285,0.0
7,424,3,True,0,2025-02-24,1,0.0,0.09,0.11,0,24,0,0,0,0.0,0.0
7,430,3,True,0,2025-02-24,0,0.0,0.13,0.1,0,24,0,0,0,0.14285714285714285,0.0
7,452,3,True,0,2025-02-24,1,0.0,0.07,0.08,0,24,0,0,0,0.14285714285714285,0.0
7,514,3,True,0,2025-02-24,0,0.0,0.16,0.22,0,24,0,0,0,0.2857142857142857,0.0
7,541,3,True,0,2025-02-24,1,0.0,0.07,0.1,0,24,0,0,0,0.2857142857142857,0.0
7,550,3,True,0,2025-02-24,0,0.0,0.13,0.15,0,24,0,0,0,0.42857142857142855,0.0
7,570,3,True,0,2025-02-24,0,0.0,0.15,0.17,0,24,0,0,0,0.42857142857142855,0.0
7,571,3,True,0,2025-02-24,0,0.0,0.11,0.12,0,24,0,0,0,0.42857142857142855,0.0
7,604,3,True,0,2025-02-24,1,0.0,0.3,0.35,0,24,0,0,0,0.2857142857142857,0.0
7,618,3,True,0,2025-02-24,0,0.0,0.13,0.14,0,24,0,0,0,0.42857142857142855,0.0
7,630,3,True,0,2025-02-24,0,0.0,0.06,0.08,0,24,0,0,0,0.2857142857142857,0.0
7,642,3,True,0,2025-02-24,2,0.0,0.07,0.09,0,24,0,0,0,0.2857142857142857,0.0
7,643,3,True,0,2025-02-24,0,0.0,0.06,0.07,0,24,0,0,0,0.42857142857142855,0.0
7,664,3,True,0,2025-02-24,0,0.0,0.14,0.17,0,24,0,0,0,0.42857142857142855,0.0
7,674,3,True,0,2025-02-24,0,0.0,0.15,0.19,0,24,0,0,0,0.42857142857142855,0.0
7,679,3,True,0,2025-02-24,2,0.0,0.06,0.07,0,24,0,0,0,0.42857142857142855,0.0
7,713,3,True,0,2025-02-24,0,0.0,0.06,0.07,0,24,0,0,0,0.5714285714285714,0.0
7,725,3,True,0,2025-02-24,0,0.0,0.18,0.21,0,24,0,0,0,0.5714285714285714,0.0
7,766,3,True,0,2025-02-24,0,0.0,0.06,0.07,0,24,0,0,0,0.5714285714285714,0.0
7,767,3,True,0,2025-02-24,0,0.0,0.17,0.24,0,24,0,0,0,0.2857142857142857,0.0
7,775,3,True,0,2025-02-24,0,0.0,0.12,0.15,0,24,0,0,0,0.2857142857142857,0.0
7,800,3,True,0,2025-02-24,1,0.0,0.26,0.35,0,24,0,0,0,0.2857142857142857,0.0
7,804,3,True,0,2025-02-24,0,0.0,0.1,0.17,0,24,0,0,0,0.42857142857142855,0.0
7,806,3,True,0,2025-02-24,0,0.0,0.08,0.1,0,24,0,0,0,0.14285714285714285,0.0
7,807,3,True,0,2025-02-24,0,1.0,0.13,0.15,0,24,0,0,0,0.14285714285714285,0.0
7,808,3,True,0,2025-02-24,1,0.0,0.06,0.07,0,24,0,0,0,0.14285714285714285,0.0
7,832,3,True,0,2025-02-24,0,0.0,0.12,0.15,0,24,0,0,0,0.2857142857142857,0.0
7,836,3,True,0,2025-02-24,0,0.0,0.07,0.08,0,24,0,0,0,0.2857142857142857,0.0
7,841,3,True,0,2025-02-24,0,0.0,0.13,0.16,0,24,0,0,0,0.2857142857142857,0.0
7,847,3,True,0,2025-02-24,1,0.0,0.08,0.13,0,24,0,0,0,0.14285714285714285,0.0
7,850,3,True,0,2025-02-24,0,0.0,0.49,0.51,0,24,0,0,0,0.2857142857142857,0.0
7,874,3,True,0,2025-02-24,2,0.0,0.03,0.04,0,24,0,0,0,0.2857142857142857,0.0
7,897,3,True,0,2025-02-24,0,0.0,0.05,0.06,0,24,0,0,0,0.5714285714285714,0.0
7,903,3,True,0,2025-02-24,1,0.0,0.05,0.08,0,24,0,0,0,0.42857142857142855,0.0
7,905,3,True,0,2025-02-24,0,0.0,0.12,0.17,0,24,0,0,0,0.5714285714285714,0.0
7,921,3,True,0,2025-02-24,0,1.0,0.09,0.12,0,24,0,0,0,0.5714285714285714,0.0
7,922,3,True,0,2025-02-24,0,0.0,0.07,0.1,0,24,0,0,0,0.5714285714285714,0.0
7,937,3,True,0,2025-02-24,14,0.0,0.03,0.05,0,24,0,0,0,0.42857142857142855,0.0
7,940,3,True,0,2025-02-24,0,1.0,0.2,0.23,0,24,0,0,0,2.4285714285714284,0.0
7,965,3,True,0,2025-02-24,2,0.0,0.36,0.43,0,24,0,0,0,2.142857142857143,0.0
7,971,3,True,0,2025-02-24,2,0.0,0.08,0.1,0,24,0,0,0,2.4285714285714284,0.0
7,978,3,True,0,2025-02-24,0,0.0,0.11,0.16,0,24,0,0,0,2.5714285714285716,0.0
7,983,3,True,0,2025-02-24,0,0.0,0.11,0.13,0,24,0,0,0,2.5714285714285716,0.0
7,1005,3,True,0,2025-02-24,2,0.0,0.07,0.09,0,24,0,0,0,2.5714285714285716,0.0
7,1006,3,True,0,2025-02-24,0,0.0,0.03,0.04,0,24,0,0,0,2.857142857142857,0.0
7,1022,3,True,0,2025-02-24,1,0.0,0.09,0.11,0,24,0,0,0,0.8571428571428571,0.0
7,1046,3,True,0,2025-02-24,0,0.0,0.06,0.1,0,24,0,0,0,1.0,0.0
7,1074,3,True,0,2025-02-24,2,0.0,0.11,0.13,0,24,0,0,0,0.7142857142857143,0.0
7,1080,3,True,0,2025-02-24,0,0.0,0.15,0.17,0,24,0,0,0,0.7142857142857143,0.0
7,1089,3,True,0,2025-02-24,0,0.0,0.11,0.14,0,24,0,0,0,0.7142857142857143,0.0
7,1094,3,True,0,2025-02-24,1,0.0,0.18,0.19,0,24,0,0,0,0.7142857142857143,0.0
7,1106,3,True,0,2025-02-24,6,0.0,0.08,0.12,0,24,0,0,0,0.5714285714285714,0.0
7,1141,3,True,0,2025-02-24,1,0.0,0.09,0.14,0,24,0,0,0,1.4285714285714286,0.0
7,1142,3,True,0,2025-02-24,0,0.0,0.28,0.26,0,24,0,0,0,1.4285714285714286,0.0
7,1150,3,True,0,2025-02-24,0,0.0,0.04,0.05,0,24,0,0,0,1.4285714285714286,0.0
7,1153,3,True,0,2025-02-24,0,0.0,0.07,0.08,0,24,0,0,0,1.1428571428571428,0.0
7,1173,3,True,0,2025-02-24,0,0.0,0.05,0.05,0,24,0,0,0,1.1428571428571428,0.0
7,1208,3,True,0,2025-02-24,1,0.0,0.1,0.12,0,24,0,0,0,1.1428571428571428,0.0
7,1246,3,True,0,2025-02-24,0,0.0,0.04,0.07,0,24,0,0,0,1.1428571428571428,0.0
7,1254,3,True,0,2025-02-24,0,0.0,0.23,0.29,0,24,0,0,0,0.2857142857142857,0.0
7,1280,3,True,0,2025-02-24,0,0.0,0.14,0.1,0,24,0,0,0,0.14285714285714285,0.0
7,1315,3,True,0,2025-02-24,0,0.0,0.14,0.19,0,24,0,0,0,0.14285714285714285,0.0
7,1322,3,True,0,2025-02-24,0,0.0,0.25,0.35,0,24,0,0,0,0.14285714285714285,0.0
7,1337,3,True,0,2025-02-24,0,0.0,0.04,0.05,0,24,0,0,0,0.14285714285714285,0.0
7,1348,3,True,0,2025-02-24,0,0.0,0.14,0.19,0,24,0,0,0,0.14285714285714285,0.0
7,1353,3,True,0,2025-02-24,2,0.0,0.12,0.15,0,24,0,0,0,0.0,0.0
7,1387,3,True,0,2025-02-24,0,0.0,0.04,0.05,0,24,0,0,0,0.2857142857142857,0.0
7,1413,3,True,0,2025-02-24,0,0.0,0.51,0.6,0,24,0,0,0,0.2857142857142857,0.0
7,1446,3,True,0,2025-02-24,15,0.0,0.01,0.01,0,24,0,0,0,0.2857142857142857,0.0
7,1450,3,True,0,2025-02-24,1,0.0,0.05,0.07,0,24,0,0,0,2.4285714285714284,0.0
7,1458,3,True,0,2025-02-24,2,0.0,0.05,0.06,0,24,0,0,0,2.5714285714285716,0.0
7,1460,3,True,0,2025-02-24,7,0.0,0.05,0.08,0,24,0,0,0,2.857142857142857,0.0
7,1486,3,True,0,2025-02-24,0,0.0,0.07,0.1,0,24,0,0,0,3.857142857142857,0.0
7,1514,3,True,0,2025-02-24,0,0.0,0.19,0.24,0,24,0,0,0,3.5714285714285716,0.0
7,1518,3,True,0,2025-02-24,0,0.0,0.17,0.23,0,24,0,0,0,3.5714285714285716,0.0
7,1520,3,True,0,2025-02-24,1,0.0,0.05,0.07,0,24,0,0,0,3.5714285714285716,0.0
7,1577,3,True,0,2025-02-24,1,0.0,0.07,0.09,0,24,0,0,0,1.5714285714285714,0.0
7,1604,3,True,0,2025-02-24,1,0.0,0.36,0.49,0,24,0,0,0,1.5714285714285714,0.0
7,1651,3,True,0,2025-02-24,2,0.0,0.22,0.25,0,24,0,0,0,1.4285714285714286,0.0
7,1660,3,True,0,2025-02-24,0,0.0,0.1,0.13,0,24,0,0,0,0.7142857142857143,0.0
7,1667,3,True,0,2025-02-24,0,0.0,0.07,0.08,0,24,0,0,0,0.7142857142857143,0.0
7,1689,3,True,0,2025-02-24,2,0.0,0.05,0.06,0,24,0,0,0,0.7142857142857143,0.0
7,1691,3,True,0,2025-02-24,2,0.0,0.03,0.05,0,24,0,0,0,1.0,0.0
7,1717,3,True,0,2025-02-24,0,0.0,0.27,0.31,0,24,0,0,0,1.1428571428571428,0.0
7,1736,3,True,0,2025-02-24,0,0.0,0.06,0.09,0,24,0,0,0,1.0,0.0
7,1781,3,True,0,2025-02-24,0,0.0,0.04,0.05,0,24,0,0,0,0.8571428571428571,0.0
7,1791,3,True,0,2025-02-24,0,0.0,0.3,0.44,0,24,0,0,0,0.5714285714285714,0.0
7,1798,3,True,0,2025-02-24,12,0.0,0.22,0.24,0,24,0,0,0,0.5714285714285714,0.0
7,1800,3,True,0,2025-02-24,1,0.0,0.24,0.36,0,24,0,0,0,2.2857142857142856,0.0
7,1803,3,True,0,2025-02-24,1,0.0,0.07,0.11,0,24,0,0,0,2.142857142857143,0.0
7,1804,3,True,0,2025-02-24,1,0.0,0.09,0.12,0,24,0,0,0,2.0,0.0
7,1843,3,True,0,2025-02-24,2,0.0,0.04,0.05,0,24,0,0,0,2.142857142857143,0.0
7,1852,3,True,0,2025-02-24,0,0.0,0.05,0.07,0,24,0,0,0,2.4285714285714284,0.0
7,1871,3,True,0,2025-02-24,0,0.0,0.17,0.23,0,24,0,0,0,2.4285714285714284,0.0
7,1876,3,True,0,2025-02-24,2,0.0,0.07,0.09,0,24,0,0,0,2.4285714285714284,0.0
7,1881,3,True,0,2025-02-24,1,0.0,0.18,0.26,0,24,0,0,0,1.0,0.0
7,1903,3,True,0,2025-02-24,0,0.0,0.05,0.06,0,24,0,0,0,1.0,0.0
7,1908,3,True,0,2025-02-24,1,0.0,0.03,0.05,0,24,0,0,0,0.8571428571428571,0.0
7,1918,3,True,0,2025-02-24,2,0.0,0.03,0.04,0,24,0,0,0,0.8571428571428571,0.0
7,1932,3,True,0,2025-02-24,0,0.0,0.1,0.11,0,24,0,0,0,0.8571428571428571,0.0
7,1936,3,True,0,2025-02-24,1,0.0,0.43,0.53,0,24,0,0,0,0.8571428571428571,0.0
7,1947,3,True,0,2025-02-24,6,0.0,0.09,0.11,0,24,0,0,0,1.0,0.0
7,1962,3,True,0,2025-02-24,0,0.0,0.06,0.09,0,24,0,0,0,1.5714285714285714,0.0
7,1965,3,True,0,2025-02-24,0,0.0,0.24,0.29,0,24,0,0,0,1.4285714285714286,0.0
7,1992,3,True,0,2025-02-24,0,0.0,0.08,0.11,0,24,0,0,0,1.4285714285714286,0.0
7,1994,3,True,0,2025-02-24,0,0.0,0.03,0.03,0,24,0,0,0,1.2857142857142858,0.0
7,2017,3,True,0,2025-02-24,1,0.0,0.11,0.21,0,24,0,0,0,1.0,0.0
7,2019,3,True,0,2025-02-24,0,0.0,0.15,0.18,0,24,0,0,0,1.1428571428571428,0.0
7,2041,3,True,0,2025-02-24,0,0.0,0.06,0.08,0,24,0,0,0,1.0,0.0
7,2043,3,True,0,2025-02-24,0,0.0,0.07,0.09,0,24,0,0,0,0.14285714285714285,0.0
7,2047,3,True,0,2025-02-24,0,0.0,0.12,0.16,0,24,0,0,0,0.14285714285714285,0.0
7,2055,3,True,0,2025-02-24,2,0.0,0.1,0.15,0,24,0,0,0,0.14285714285714285,0.0
7,2084,3,True,0,2025-02-24,1,0.0,0.05,0.07,0,24,0,0,0,0.42857142857142855,0.0
7,2111,3,True,0,2025-02-24,0,2.0,0.29,0.35,0,24,0,0,0,0.5714285714285714,0.0
7,2114,3,True,0,2025-02-24,0,0.0,0.06,0.08,0,24,0,0,0,0.42857142857142855,0.0
7,2115,3,True,0,2025-02-24,0,0.0,0.49,0.72,0,24,0,0,0,0.42857142857142855,0.0
7,2117,3,True,0,2025-02-24,0,0.0,0.14,0.15,0,24,0,0,0,0.42857142857142855,0.0
7,2136,3,True,0,2025-02-24,0,0.0,0.28,0.31,0,24,0,0,0,0.42857142857142855,0.0
7,2146,3,True,0,2025-02-24,0,0.0,0.2,0.25,0,24,0,0,0,0.42857142857142855,0.0
7,2173,3,True,0,2025-02-24,0,1.0,0.04,0.05,0,24,0,0,0,0.14285714285714285,0.0
7,2186,3,True,0,2025-02-24,0,0.0,0.25,0.34,0,24,0,0,0,0.0,0.0
7,2192,3,True,0,2025-02-24,0,0.0,0.07,0.1,0,24,0,0,0,0.0,0.0
7,2201,3,True,0,2025-02-24,0,0.0,0.12,0.16,0,24,0,0,0,0.0,0.0
7,2203,3,True,0,2025-02-24,0,0.0,0.15,0.2,0,24,0,0,0,0.0,0.0
7,2206,3,True,0,2025-02-24,97,0.0,0.02,0.03,0,24,0,0,0,0.0,0.0
7,2228,3,True,0,2025-02-24,0,0.0,0.16,0.19,0,24,0,0,0,13.857142857142858,0.0
7,2245,3,True,0,2025-02-24,0,0.0,0.2,0.26,0,24,0,0,0,13.857142857142858,0.0
7,2249,3,True,0,2025-02-24,0,0.0,0.06,0.07,0,24,0,0,0,13.857142857142858,0.0
7,2265,3,True,0,2025-02-24,1,0.0,0.03,0.04,0,24,0,0,0,13.857142857142858,0.0
7,2268,3,True,0,2025-02-24,0,0.0,0.14,0.2,0,24,0,0,0,14.0,0.0
7,2282,3,True,0,2025-02-24,0,0.0,0.08,0.11,0,24,0,0,0,14.0,0.0
7,2289,3,True,0,2025-02-24,15,0.0,0.08,0.11,0,24,0,0,0,14.0,0.0
7,2300,3,True,0,2025-02-24,0,0.0,0.23,0.28,0,24,0,0,0,2.2857142857142856,0.0
7,2314,3,True,0,2025-02-24,0,0.0,0.06,0.08,0,24,0,0,0,2.2857142857142856,0.0
7,2316,3,True,0,2025-02-24,0,0.0,0.08,0.1,0,24,0,0,0,2.2857142857142856,0.0
7,2347,3,True,0,2025-02-24,0,0.0,0.16,0.19,0,24,0,0,0,2.2857142857142856,0.0
7,2350,3,True,0,2025-02-24,0,0.0,0.04,0.06,0,24,0,0,0,2.142857142857143,0.0
7,2385,3,True,0,2025-02-24,0,0.0,0.02,0.03,0,24,0,0,0,2.142857142857143,0.0
7,2387,3,True,0,2025-02-24,0,0.0,0.1,0.14,0,24,0,0,0,2.142857142857143,0.0
7,2394,3,True,0,2025-02-24,0,0.0,0.12,0.16,0,24,0,0,0,0.0,0.0
7,2402,3,True,0,2025-02-24,0,0.0,0.07,0.1,0,24,0,0,0,0.0,0.0
7,2406,3,True,0,2025-02-24,0,0.0,0.29,0.32,0,24,0,0,0,0.0,0.0
7,2411,3,True,0,2025-02-24,3,0.0,0.16,0.2,0,24,0,0,0,0.0,0.0
7,2422,3,True,0,2025-02-24,0,0.0,0.27,0.32,0,24,0,0,0,0.42857142857142855,0.0
7,2426,3,True,0,2025-02-24,0,0.0,0.15,0.14,0,24,0,0,0,0.42857142857142855,0.0
7,2472,3,True,0,2025-02-24,0,0.0,0.09,0.13,0,24,0,0,0,0.42857142857142855,0.0
7,2496,3,True,0,2025-02-24,0,0.0,0.22,0.27,0,24,0,0,0,0.42857142857142855,0.0
7,2501,3,True,0,2025-02-24,0,0.0,0.09,0.11,0,24,0,0,0,0.42857142857142855,0.0
7,2505,3,True,0,2025-02-24,0,0.0,0.09,0.1,0,24,0,0,0,0.42857142857142855,0.0
7,2521,3,True,0,2025-02-24,0,0.0,0.43,0.53,0,24,0,0,0,0.42857142857142855,0.0
7,2524,3,True,0,2025-02-24,2,0.0,0.29,0.38,0,24,0,0,0,0.0,0.0
7,2532,3,True,0,2025-02-24,1,0.0,0.12,0.11,0,24,0,0,0,0.2857142857142857,0.0
7,2533,3,True,0,2025-02-24,0,0.0,0.34,0.38,0,24,0,0,0,0.42857142857142855,0.0
7,2555,3,True,0,2025-02-24,0,0.0,0.03,0.04,0,24,0,0,0,0.42857142857142855,0.0
7,2572,3,True,0,2025-02-24,0,0.0,0.34,0.4,0,24,0,0,0,0.42857142857142855,0.0
7,2573,3,True,0,2025-02-24,0,0.0,0.23,0.31,0,24,0,0,0,0.42857142857142855,0.0
7,2575,3,True,0,2025-02-24,0,0.0,0.02,0.03,0,24,0,0,0,0.42857142857142855,0.0
7,2578,3,True,0,2025-02-24,0,0.0,0.04,0.06,0,24,0,0,0,0.42857142857142855,0.0
7,2593,3,True,0,2025-02-24,2,0.0,0.01,0.02,0,24,0,0,0,0.14285714285714285,0.0
7,2594,3,True,0,2025-02-24,0,0.0,0.24,0.31,0,24,0,0,0,0.2857142857142857,0.0
7,2596,3,True,0,2025-02-24,2,0.0,0.22,0.19,0,24,0,0,0,0.2857142857142857,0.0
7,2626,3,True,0,2025-02-24,1,0.0,0.25,0.32,0,24,0,0,0,0.5714285714285714,0.0
7,2637,3,True,0,2025-02-24,0,0.0,0.15,0.19,0,24,0,0,0,0.7142857142857143,0.0
7,2650,3,True,0,2025-02-24,0,0.0,0.07,0.09,0,24,0,0,0,0.7142857142857143,0.0
7,2663,3,True,0,2025-02-24,0,0.0,0.54,0.67,0,24,0,0,0,0.7142857142857143,0.0
7,2664,3,True,0,2025-02-24,0,0.0,0.19,0.22,0,24,0,0,0,0.7142857142857143,0.0
7,2668,3,True,0,2025-02-24,0,0.0,0.22,0.27,0,24,0,0,0,0.42857142857142855,0.0
7,2710,3,True,0,2025-02-24,1,0.0,0.06,0.1,0,24,0,0,0,0.42857142857142855,0.0
7,2715,3,True,0,2025-02-24,0,0.0,0.04,0.05,0,24,0,0,0,0.2857142857142857,0.0
7,2741,3,True,0,2025-02-24,0,0.0,0.17,0.21,0,24,0,0,0,0.14285714285714285,0.0
7,2746,3,True,0,2025-02-24,0,0.0,0.15,0.19,0,24,0,0,0,0.14285714285714285,0.0
7,2768,3,True,0,2025-02-24,1,0.0,0.08,0.12,0,24,0,0,0,0.14285714285714285,0.0
7,2814,3,True,0,2025-02-24,0,0.0,0.1,0.14,0,24,0,0,0,0.2857142857142857,0.0
7,2826,3,True,0,2025-02-24,4,0.0,0.06,0.11,0,24,0,0,0,0.2857142857142857,0.0
7,2827,3,True,0,2025-02-24,0,0.0,0.34,0.41,0,24,0,0,0,0.8571428571428571,0.0
7,2861,3,True,0,2025-02-24,1,0.0,0.09,0.12,0,24,0,0,0,0.7142857142857143,0.0
7,2862,3,True,0,2025-02-24,0,0.0,0.32,0.48,0,24,0,0,0,0.8571428571428571,0.0
7,2864,3,True,0,2025-02-24,0,0.0,0.06,0.07,0,24,0,0,0,0.8571428571428571,0.0
7,2866,3,True,0,2025-02-24,0,0.0,0.25,0.34,0,24,0,0,0,0.8571428571428571,0.0
7,2902,3,True,0,2025-02-24,2,0.0,0.04,0.06,0,24,0,0,0,0.7142857142857143,0.0
7,2910,3,True,0,2025-02-24,0,0.0,0.25,0.29,0,24,0,0,0,1.0,0.0
7,2911,3,True,0,2025-02-24,0,0.0,0.27,0.33,0,24,0,0,0,0.42857142857142855,0.0
7,2951,3,True,0,2025-02-24,0,0.0,0.07,0.09,0,24,0,0,0,0.42857142857142855,0.0
7,2954,3,True,0,2025-02-24,0,0.0,0.05,0.06,0,24,0,0,0,0.2857142857142857,0.0
7,2958,3,True,0,2025-02-24,1,0.0,0.04,0.06,0,24,0,0,0,0.2857142857142857,0.0
7,2974,3,True,0,2025-02-24,0,0.0,0.12,0.15,0,24,0,0,0,0.42857142857142855,0.0
7,2975,3,True,0,2025-02-24,0,0.0,0.14,0.19,0,24,0,0,0,0.42857142857142855,0.0
7,2980,3,True,0,2025-02-24,0,0.0,0.06,0.07,0,24,0,0,0,0.14285714285714285,0.0
7,3022,3,True,0,2025-02-24,0,0.0,0.2,0.24,0,24,0,0,0,0.14285714285714285,0.0
7,3052,3,True,0,2025-02-24,0,0.0,0.16,0.22,0,24,0,0,0,0.14285714285714285,0.0
7,3061,3,True,0,2025-02-24,1,0.0,0.03,0.05,0,24,0,0,0,0.14285714285714285,0.0
7,3069,3,True,0,2025-02-24,0,0.0,0.14,0.2,0,24,0,0,0,0.2857142857142857,0.0
7,3074,3,True,0,2025-02-24,0,0.0,0.12,0.17,0,24,0,0,0,0.14285714285714285,0.0
7,3077,3,True,0,2025-02-24,0,0.0,0.44,0.67,0,24,0,0,0,0.14285714285714285,0.0
7,3079,3,True,0,2025-02-24,1,0.0,0.1,0.12,0,24,0,0,0,0.14285714285714285,0.0
7,3083,3,True,0,2025-02-24,0,0.0,0.06,0.06,0,24,0,0,0,0.2857142857142857,0.0
7,3104,3,True,0,2025-02-24,0,0.0,0.24,0.28,0,24,0,0,0,0.2857142857142857,0.0
7,3116,3,True,0,2025-02-24,0,0.0,0.09,0.12,0,24,0,0,0,0.2857142857142857,0.0
7,3117,3,True,0,2025-02-24,4,0.0,0.05,0.08,0,24,0,0,0,0.14285714285714285,0.0
7,3119,3,True,0,2025-02-24,0,0.0,0.09,0.11,0,24,0,0,0,0.7142857142857143,0.0
7,3165,3,True,0,2025-02-24,0,0.0,0.07,0.1,0,24,0,0,0,0.7142857142857143,0.0
7,3208,3,True,0,2025-02-24,0,0.0,0.07,0.11,0,24,0,0,0,0.7142857142857143,0.0
7,3212,3,True,0,2025-02-24,0,0.0,0.08,0.11,0,24,0,0,0,0.5714285714285714,0.0
7,3219,3,True,0,2025-02-24,0,0.0,0.08,0.1,0,24,0,0,0,0.5714285714285714,0.0
7,3234,3,True,0,2025-02-24,0,0.0,0.13,0.16,0,24,0,0,0,0.5714285714285714,0.0
7,3242,3,True,0,2025-02-24,4,0.0,0.05,0.07,0,24,0,0,0,0.5714285714285714,0.0
7,3263,3,True,0,2025-02-24,0,0.0,0.31,0.34,0,24,0,0,0,0.5714285714285714,0.0
7,3266,3,True,0,2025-02-24,1,0.0,0.08,0.12,0,24,0,0,0,0.5714285714285714,0.0
7,3276,3,True,0,2025-02-24,0,0.0,0.1,0.12,0,24,0,0,0,0.7142857142857143,0.0
7,3286,3,True,0,2025-02-24,0,0.0,0.22,0.28,0,24,0,0,0,0.7142857142857143,0.0
7,3347,3,True,0,2025-02-24,2,0.0,0.1,0.12,0,24,0,0,0,0.7142857142857143,0.0
7,3358,3,True,0,2025-02-24,2,1.0,0.17,0.29,0,24,0,0,0,1.0,0.0
7,3363,3,True,0,2025-02-24,1,0.0,0.18,0.23,0,24,0,0,0,1.2857142857142858,0.0
7,3369,3,True,0,2025-02-24,0,0.0,0.06,0.1,0,24,0,0,0,0.8571428571428571,0.0
7,3393,3,True,0,2025-02-24,0,0.0,0.07,0.09,0,24,0,0,0,0.8571428571428571,0.0
7,3452,3,True,0,2025-02-24,1,0.0,0.14,0.16,0,24,0,0,0,0.7142857142857143,0.0
7,3495,3,True,0,2025-02-24,1,0.0,0.08,0.11,0,24,0,0,0,0.8571428571428571,0.0
7,3502,3,True,0,2025-02-24,0,0.0,0.08,0.1,0,24,0,0,0,1.0,0.0
7,3523,3,True,0,2025-02-24,0,0.0,0.17,0.22,0,24,0,0,0,0.7142857142857143,0.0
7,3527,3,True,0,2025-02-24,0,0.0,0.15,0.2,0,24,0,0,0,0.42857142857142855,0.0
7,3538,3,True,0,2025-02-24,0,0.0,0.02,0.05,0,24,0,0,0,0.2857142857142857,0.0
7,3546,3,True,0,2025-02-24,1,0.0,0.12,0.17,0,24,0,0,0,0.2857142857142857,0.0
7,3549,3,True,0,2025-02-24,0,0.0,0.15,0.18,0,24,0,0,0,0.42857142857142855,0.0
7,3560,3,True,0,2025-02-24,0,0.0,0.2,0.23,0,24,0,0,0,0.2857142857142857,0.0
7,3589,3,True,0,2025-02-24,0,0.0,0.09,0.12,0,24,0,0,0,0.14285714285714285,0.0
7,3609,3,True,0,2025-02-24,0,0.0,0.04,0.05,0,24,0,0,0,0.14285714285714285,0.0
7,3641,3,True,0,2025-02-24,3,0.0,0.07,0.1,0,24,0,0,0,0.14285714285714285,0.0
7,3642,3,True,0,2025-02-24,0,0.0,0.42,0.55,0,24,0,0,0,0.5714285714285714,0.0
7,3653,3,True,0,2025-02-24,0,0.0,0.25,0.32,0,24,0,0,0,0.5714285714285714,0.0
7,3701,3,True,0,2025-02-24,0,0.0,0.23,0.25,0,24,0,0,0,0.42857142857142855,0.0
7,3708,3,True,0,2025-02-24,0,0.0,0.02,0.03,0,24,0,0,0,0.42857142857142855,0.0
7,3726,3,True,0,2025-02-24,0,0.0,0.1,0.13,0,24,0,0,0,0.42857142857142855,0.0
7,3746,3,True,0,2025-02-24,2,0.0,0.06,0.07,0,24,0,0,0,0.42857142857142855,0.0
7,3749,3,True,0,2025-02-24,0,0.0,0.08,0.11,0,24,0,0,0,0.7142857142857143,0.0
7,3769,3,True,0,2025-02-24,0,0.0,0.27,0.29,0,24,0,0,0,0.2857142857142857,0.0
7,3798,3,True,0,2025-02-24,0,0.0,0.04,0.05,0,24,0,0,0,0.2857142857142857,0.0
7,3803,3,True,0,2025-02-24,0,0.0,0.14,0.17,0,24,0,0,0,0.2857142857142857,0.0
7,3834,3,True,0,2025-02-24,1,0.0,0.04,0.06,0,24,0,0,0,0.2857142857142857,0.0
7,3839,3,True,0,2025-02-24,1,0.0,0.05,0.08,0,24,0,0,0,0.42857142857142855,0.0
7,3852,3,True,0,2025-02-24,0,0.0,0.24,0.27,0,24,0,0,0,0.5714285714285714,0.0
7,3864,3,True,0,2025-02-24,0,0.0,0.05,0.07,0,24,0,0,0,0.2857142857142857,0.0
7,3877,3,True,0,2025-02-24,0,0.0,0.01,0.02,0,24,0,0,0,0.2857142857142857,0.0
7,3891,3,True,0,2025-02-24,2,0.0,0.17,0.22,0,24,0,0,0,0.2857142857142857,0.0
7,3893,3,True,0,2025-02-24,0,0.0,0.08,0.1,0,24,0,0,0,0.5714285714285714,0.0
7,3909,3,True,0,2025-02-24,6,0.0,0.08,0.1,0,24,0,0,0,0.5714285714285714,0.0
7,3911,3,True,0,2025-02-24,0,0.0,0.08,0.1,0,24,0,0,0,1.2857142857142858,0.0
7,3915,3,True,0,2025-02-24,0,0.0,0.1,0.13,0,24,0,0,0,1.1428571428571428,0.0
7,3922,3,True,0,2025-02-24,1,0.0,0.03,0.04,0,24,0,0,0,1.1428571428571428,0.0
7,3934,3,True,0,2025-02-24,0,1.0,0.38,0.44,0,24,0,0,0,1.2857142857142858,0.0
7,3951,3,True,0,2025-02-24,0,0.0,0.4,0.62,0,24,0,0,0,1.2857142857142858,0.0
7,3982,3,True,0,2025-02-24,0,0.0,0.17,0.2,0,24,0,0,0,1.0,0.0
7,4002,3,True,0,2025-02-24,1,0.0,0.05,0.06,0,24,0,0,0,1.0,0.0
7,4011,3,True,0,2025-02-24,1,0.0,0.07,0.11,0,24,0,0,0,0.2857142857142857,0.0
7,4033,3,True,0,2025-02-24,0,0.0,0.11,0.15,0,24,0,0,0,0.42857142857142855,0.0
7,4041,3,True,0,2025-02-24,3,0.0,0.04,0.06,0,24,0,0,0,0.42857142857142855,0.0
7,4062,3,True,0,2025-02-24,10,0.0,0.12,0.15,0,24,0,0,0,0.7142857142857143,0.0
7,4097,3,True,0,2025-02-24,0,1.0,0.03,0.04,0,24,0,0,0,2.142857142857143,0.0
7,4119,3,True,0,2025-02-24,1,0.0,0.16,0.19,0,24,0,0,0,2.142857142857143,0.0
7,4120,3,True,0,2025-02-24,2,0.0,0.16,0.19,0,24,0,0,0,2.2857142857142856,0.0
7,4167,3,True,0,2025-02-24,0,0.0,0.33,0.44,0,24,0,0,0,2.4285714285714284,0.0
7,4179,3,True,0,2025-02-24,1,0.0,0.12,0.16,0,24,0,0,0,2.2857142857142856,0.0
7,4191,3,True,0,2025-02-24,1,0.0,0.12,0.17,0,24,0,0,0,2.4285714285714284,0.0
7,4192,3,True,0,2025-02-24,0,0.0,0.18,0.18,0,24,0,0,0,2.142857142857143,0.0
7,4203,3,True,0,2025-02-24,7,0.0,0.04,0.06,0,24,0,0,0,0.7142857142857143,0.0
7,4207,3,True,0,2025-02-24,2,0.0,0.11,0.15,0,24,0,0,0,1.7142857142857142,0.0
7,4210,3,True,0,2025-02-24,0,0.0,0.28,0.3,0,24,0,0,0,1.8571428571428572,0.0
7,4230,3,True,0,2025-02-24,0,0.0,0.13,0.17,0,24,0,0,0,1.5714285714285714,0.0
7,4239,3,True,0,2025-02-24,0,0.0,0.05,0.1,0,24,0,0,0,1.5714285714285714,0.0
7,4242,3,True,0,2025-02-24,0,0.0,0.32,0.37,0,24,0,0,0,1.4285714285714286,0.0
7,4246,3,True,0,2025-02-24,2,0.0,0.26,0.33,0,24,0,0,0,1.2857142857142858,0.0
7,4248,3,True,0,2025-02-24,0,0.0,0.24,0.29,0,24,0,0,0,1.5714285714285714,0.0
7,4260,3,True,0,2025-02-24,0,0.0,0.06,0.06,0,24,0,0,0,0.5714285714285714,0.0
7,4269,3,True,0,2025-02-24,0,0.0,0.08,0.1,0,24,0,0,0,0.2857142857142857,0.0
7,4277,3,True,0,2025-02-24,0,0.0,0.04,0.05,0,24,0,0,0,0.2857142857142857,0.0
7,4302,3,True,0,2025-02-24,2,0.0,0.57,0.6,0,24,0,0,0,0.2857142857142857,0.0
7,4315,3,True,0,2025-02-24,0,0.0,0.12,0.16,0,24,0,0,0,0.5714285714285714,0.0
7,4339,3,True,0,2025-02-24,3,0.0,0.23,0.27,0,24,0,0,0,0.5714285714285714,0.0
7,4357,3,True,0,2025-02-24,1,0.0,0.07,0.1,0,24,0,0,0,0.7142857142857143,0.0
7,4369,3,True,0,2025-02-24,10,0.0,0.38,0.46,0,24,0,0,0,0.8571428571428571,0.0
7,4381,3,True,0,2025-02-24,0,0.0,0.14,0.18,0,24,0,0,0,2.2857142857142856,0.0
7,4397,3,True,0,2025-02-24,0,0.0,0.09,0.15,0,24,0,0,0,2.2857142857142856,0.0
7,4409,3,True,0,2025-02-24,0,0.0,0.09,0.11,0,24,0,0,0,2.2857142857142856,0.0
7,4469,3,True,0,2025-02-24,1,0.0,0.25,0.34,0,24,0,0,0,2.0,0.0
7,4475,3,True,0,2025-02-24,0,0.0,0.06,0.1,0,24,0,0,0,2.142857142857143,0.0
7,4517,3,True,0,2025-02-24,0,0.0,0.29,0.37,0,24,0,0,0,1.7142857142857142,0.0
7,4521,3,True,0,2025-02-24,0,0.0,0.22,0.28,0,24,0,0,0,1.5714285714285714,0.0
7,4524,3,True,0,2025-02-24,2,1.0,0.17,0.2,0,24,0,0,0,0.14285714285714285,0.0
7,4527,3,True,0,2025-02-24,0,0.0,0.1,0.12,0,24,0,0,0,0.42857142857142855,0.0
7,4539,3,True,0,2025-02-24,31,0.0,0.01,0.01,0,24,0,0,0,0.42857142857142855,0.0
7,4540,3,True,0,2025-02-24,0,0.0,0.04,0.06,0,24,0,0,0,4.857142857142857,0.0
7,4546,3,True,0,2025-02-24,0,0.0,0.1,0.16,0,24,0,0,0,4.714285714285714,0.0
7,4563,3,True,0,2025-02-24,0,0.0,0.15,0.2,0,24,0,0,0,4.714285714285714,0.0
7,4572,3,True,0,2025-02-24,0,0.0,0.09,0.09,0,24,0,0,0,4.714285714285714,0.0
7,4582,3,True,0,2025-02-24,3,0.0,0.4,0.49,0,24,0,0,0,4.714285714285714,0.0
7,4640,3,True,0,2025-02-24,0,0.0,0.25,0.31,0,24,0,0,0,4.857142857142857,0.0
7,4675,3,True,0,2025-02-24,0,0.0,0.12,0.15,0,24,0,0,0,4.857142857142857,0.0
7,4683,3,True,0,2025-02-24,1,0.0,0.03,0.05,0,24,0,0,0,0.42857142857142855,0.0
7,4689,3,True,0,2025-02-24,0,0.0,0.11,0.12,0,24,0,0,0,0.5714285714285714,0.0
7,4699,3,True,0,2025-02-24,0,0.0,0.07,0.1,0,24,0,0,0,0.5714285714285714,0.0
7,4704,3,True,0,2025-02-24,0,0.0,0.24,0.33,0,24,0,0,0,0.5714285714285714,0.0
7,4725,3,True,0,2025-02-24,0,0.0,0.09,0.1,0,24,0,0,0,0.5714285714285714,0.0
7,4744,3,True,0,2025-02-24,0,0.0,0.04,0.05,0,24,0,0,0,0.14285714285714285,0.0
7,4757,3,True,0,2025-02-24,0,0.0,0.16,0.18,0,24,0,0,0,0.14285714285714285,0.0
7,4765,3,True,0,2025-02-24,1,0.0,0.12,0.15,0,24,0,0,0,0.14285714285714285,0.0
7,4769,3,True,0,2025-02-24,0,0.0,0.5,0.6,0,24,0,0,0,0.14285714285714285,0.0
7,4782,3,True,0,2025-02-24,0,0.0,0.14,0.18,0,24,0,0,0,0.14285714285714285,0.0
7,4783,3,True,0,2025-02-24,0,0.0,0.27,0.31,0,24,0,0,0,0.14285714285714285,0.0
7,4790,3,True,0,2025-02-24,0,0.0,0.09,0.11,0,24,0,0,0,0.14285714285714285,0.0
7,4794,3,True,0,2025-02-24,1,0.0,0.06,0.08,0,24,0,0,0,0.14285714285714285,0.0
7,4802,3,True,0,2025-02-24,1,0.0,0.16,0.19,0,24,0,0,0,0.2857142857142857,0.0
7,4803,3,True,0,2025-02-24,0,0.0,0.65,0.74,0,24,0,0,0,0.42857142857142855,0.0
7,4816,3,True,0,2025-02-24,7,0.0,0.11,0.12,0,24,0,0,0,0.2857142857142857,0.0
7,4820,3,True,0,2025-02-24,0,0.0,0.06,0.09,0,24,0,0,0,1.2857142857142858,0.0
7,4833,3,True,0,2025-02-24,0,0.0,0.22,0.23,0,24,0,0,0,1.2857142857142858,0.0
7,4848,3,True,0,2025-02-24,0,0.0,0.07,0.09,0,24,0,0,0,1.2857142857142858,0.0
7,4852,3,True,0,2025-02-24,0,0.0,0.2,0.21,0,24,0,0,0,1.2857142857142858,0.0
7,4859,3,True,0,2025-02-24,0,0.0,0.05,0.05,0,24,0,0,0,1.1428571428571428,0.0
7,4870,3,True,0,2025-02-24,0,0.0,0.1,0.13,0,24,0,0,0,1.0,0.0
7,4878,3,True,0,2025-02-24,0,0.0,0.1,0.12,0,24,0,0,0,1.0,0.0
7,4883,3,True,0,2025-02-24,0,0.0,0.12,0.13,0,24,0,0,0,0.0,0.0
7,4885,3,True,0,2025-02-24,0,0.0,0.06,0.08,0,24,0,0,0,0.0,0.0
7,4886,3,True,0,2025-02-24,0,0.0,0.16,0.21,0,24,0,0,0,0.0,0.0
7,4888,3,True,0,2025-02-24,0,0.0,0.17,0.25,0,24,0,0,0,0.0,0.0
7,4908,3,True,0,2025-02-24,0,0.0,0.16,0.19,0,24,0,0,0,0.0,0.0
7,4934,3,True,0,2025-02-24,0,0.0,0.07,0.09,0,24,0,0,0,0.0,0.0
7,4938,3,True,0,2025-02-24,2,0.0,0.54,0.65,0,24,0,0,0,0.0,0.0
7,4948,3,True,0,2025-02-24,0,0.0,0.12,0.16,0,24,0,0,0,0.2857142857142857,0.0
7,4957,3,True,0,2025-02-24,0,0.0,0.11,0.14,0,24,0,0,0,0.2857142857142857,0.0
7,4971,3,True,0,2025-02-24,0,0.0,0.29,0.37,0,24,0,0,0,0.2857142857142857,0.0
7,4976,3,True,0,2025-02-24,1,0.0,0.04,0.06,0,24,0,0,0,0.2857142857142857,0.0
7,4981,3,True,0,2025-02-24,0,0.0,0.15,0.2,0,24,0,0,0,0.42857142857142855,0.0
7,4984,3,True,0,2025-02-24,0,0.0,0.06,0.08,0,24,0,0,0,0.42857142857142855,0.0
7,4986,3,True,0,2025-02-24,1,0.0,0.05,0.06,0,24,0,0,0,0.42857142857142855,0.0
7,5004,3,True,0,2025-02-24,0,0.0,0.05,0.07,0,24,0,0,0,0.2857142857142857,0.0
7,5024,3,True,0,2025-02-24,0,0.0,0.1,0.12,0,24,0,0,0,0.2857142857142857,0.0
7,5074,3,True,0,2025-02-24,0,0.0,0.23,0.25,0,24,0,0,0,0.2857142857142857,0.0
7,5094,3,True,0,2025-02-24,2,0.0,0.05,0.08,0,24,0,0,0,0.2857142857142857,0.0
7,5095,3,True,0,2025-02-24,4,0.0,0.03,0.04,0,24,0,0,0,0.42857142857142855,0.0
7,5101,3,True,0,2025-02-24,0,0.0,0.01,0.02,0,24,0,0,0,1.0,0.0
7,5105,3,True,0,2025-02-24,0,0.0,0.15,0.19,0,24,0,0,0,1.0,0.0
7,5119,3,True,0,2025-02-24,0,0.0,0.06,0.09,0,24,0,0,0,0.8571428571428571,0.0
7,5125,3,True,0,2025-02-24,0,0.0,0.06,0.07,0,24,0,0,0,0.8571428571428571,0.0
7,5139,3,True,0,2025-02-24,0,0.0,0.2,0.24,0,24,0,0,0,0.8571428571428571,0.0
7,5209,3,True,0,2025-02-24,0,0.0,0.35,0.43,0,24,0,0,0,0.8571428571428571,0.0
7,5221,3,True,0,2025-02-24,0,0.0,0.05,0.06,0,24,0,0,0,0.5714285714285714,0.0
7,5261,3,True,0,2025-02-24,0,0.0,0.15,0.15,0,24,0,0,0,0.0,0.0
7,5262,3,True,0,2025-02-24,3,0.0,0.04,0.05,0,24,0,0,0,0.0,0.0
7,5280,3,True,0,2025-02-24,0,0.0,0.09,0.12,0,24,0,0,0,0.42857142857142855,0.0
7,5281,3,True,0,2025-02-24,0,0.0,0.27,0.31,0,24,0,0,0,0.42857142857142855,0.0
7,2,4,False,0,2025-02-24,3,0.0,0.02,0.04,0,24,0,0,0,0.42857142857142855,0.0
7,17,4,False,0,2025-02-24,1,1.0,0.06,0.09,0,24,0,0,0,0.8571428571428571,0.0
7,26,4,False,0,2025-02-24,3,0.0,0.04,0.06,0,24,0,0,0,1.0,0.0
7,38,4,False,0,2025-02-24,1,0.0,0.12,0.17,0,24,0,0,0,1.4285714285714286,0.0
7,64,4,False,0,2025-02-24,3,0.0,0.01,0.02,0,24,0,0,0,1.5714285714285714,0.0
7,88,4,False,0,2025-02-24,0,0.0,0.02,0.03,0,24,0,0,0,1.5714285714285714,0.0
7,99,4,False,0,2025-02-24,2,0.0,0.02,0.04,0,24,0,0,0,1.5714285714285714,0.0
7,100,4,False,0,2025-02-24,2,0.0,0.04,0.05,0,24,0,0,0,1.8571428571428572,0.0
7,145,4,False,0,2025-02-24,4,0.0,0.06,0.09,0,24,0,0,0,1.7142857142857142,0.0
7,161,4,False,0,2025-02-24,1,0.0,0.03,0.04,0,24,0,0,0,2.142857142857143,0.0
7,168,4,False,0,2025-02-24,4,0.0,0.04,0.06,0,24,0,0,0,1.8571428571428572,0.0
7,175,4,False,0,2025-02-24,10,0.0,0.03,0.06,0,24,0,0,0,2.2857142857142856,0.0
7,178,4,False,0,2025-02-24,0,0.0,0.0,0.0,0,24,0,0,0,3.2857142857142856,0.0
7,182,4,False,0,2025-02-24,2,0.0,0.03,0.05,0,24,0,0,0,3.2857142857142856,0.0
7,185,4,False,0,2025-02-24,2,0.0,0.02,0.03,0,24,0,0,0,3.2857142857142856,0.0
7,205,4,False,0,2025-02-24,4,0.0,0.1,0.13,0,24,0,0,0,3.2857142857142856,0.0
7,235,4,False,0,2025-02-24,2,0.0,0.06,0.08,0,24,0,0,0,3.2857142857142856,0.0
7,255,4,False,0,2025-02-24,2,0.0,0.03,0.04,0,24,0,0,0,3.4285714285714284,0.0
7,272,4,False,0,2025-02-24,2,0.0,0.03,0.05,0,24,0,0,0,3.142857142857143,0.0
7,290,4,False,0,2025-02-24,4,0.0,0.06,0.07,0,24,0,0,0,2.0,0.0
7,292,4,False,0,2025-02-24,4,0.0,0.04,0.04,0,24,0,0,0,2.5714285714285716,0.0
7,306,4,False,0,2025-02-24,2,0.0,0.04,0.06,0,24,0,0,0,2.857142857142857,0.0
7,314,4,False,0,2025-02-24,3,0.0,0.03,0.05,0,24,0,0,0,2.857142857142857,0.0
7,328,4,False,0,2025-02-24,2,0.0,0.07,0.09,0,24,0,0,0,2.7142857142857144,0.0
7,338,4,False,0,2025-02-24,3,0.0,0.05,0.07,0,24,0,0,0,2.7142857142857144,0.0
7,350,4,False,0,2025-02-24,3,0.0,0.03,0.03,0,24,0,0,0,2.857142857142857,0.0
7,362,4,False,0,2025-02-24,1,0.0,0.02,0.03,0,24,0,0,0,3.0,0.0
7,370,4,False,0,2025-02-24,3,0.0,0.03,0.04,0,24,0,0,0,2.5714285714285716,0.0
7,372,4,False,0,2025-02-24,1,0.0,0.02,0.04,0,24,0,0,0,2.4285714285714284,0.0
7,447,4,False,0,2025-02-24,2,0.0,0.06,0.06,0,24,0,0,0,2.2857142857142856,0.0
7,464,4,False,0,2025-02-24,1,0.0,0.02,0.03,0,24,0,0,0,2.142857142857143,0.0
7,482,4,False,0,2025-02-24,0,0.0,0.02,0.04,0,24,0,0,0,2.0,0.0
7,524,4,False,0,2025-02-24,3,0.0,0.02,0.03,0,24,0,0,0,1.5714285714285714,0.0
7,552,4,False,0,2025-02-24,4,0.0,0.07,0.09,0,24,0,0,0,1.5714285714285714,0.0
7,560,4,False,0,2025-02-24,1,0.0,0.02,0.03,0,24,0,0,0,2.0,0.0
7,584,4,False,0,2025-02-24,4,0.0,0.05,0.08,0,24,0,0,0,1.7142857142857142,0.0
7,595,4,False,0,2025-02-24,4,0.0,0.07,0.1,0,24,0,0,0,2.142857142857143,0.0
7,613,4,False,0,2025-02-24,3,0.0,0.02,0.04,0,24,0,0,0,2.4285714285714284,0.0
7,621,4,False,0,2025-02-24,2,0.0,0.05,0.09,0,24,0,0,0,2.7142857142857144,0.0
7,622,4,False,0,2025-02-24,3,0.0,0.02,0.04,0,24,0,0,0,3.0,0.0
7,676,4,False,0,2025-02-24,3,0.0,0.08,0.14,0,24,0,0,0,3.0,0.0
7,700,4,False,0,2025-02-24,3,0.0,0.03,0.05,0,24,0,0,0,2.857142857142857,0.0
7,723,4,False,0,2025-02-24,1,0.0,0.03,0.04,0,24,0,0,0,3.142857142857143,0.0
7,726,4,False,0,2025-02-24,4,0.0,0.04,0.05,0,24,0,0,0,2.7142857142857144,0.0
7,731,4,False,0,2025-02-24,6,0.0,0.19,0.23,0,24,0,0,0,2.7142857142857144,0.0
7,736,4,False,0,2025-02-24,3,0.0,0.04,0.04,0,24,0,0,0,3.142857142857143,0.0
7,749,4,False,0,2025-02-24,3,0.0,0.08,0.12,0,24,0,0,0,3.2857142857142856,0.0
7,761,4,False,0,2025-02-24,0,0.0,0.02,0.02,0,24,0,0,0,3.2857142857142856,0.0
7,824,4,False,0,2025-02-24,4,0.0,0.01,0.01,0,24,0,0,0,2.857142857142857,0.0
7,826,4,False,0,2025-02-24,2,0.0,0.05,0.08,0,24,0,0,0,3.0,0.0
7,845,4,False,0,2025-02-24,4,0.0,0.07,0.1,0,24,0,0,0,3.142857142857143,0.0
7,849,4,False,0,2025-02-24,2,0.0,0.04,0.06,0,24,0,0,0,3.142857142857143,0.0
7,852,4,False,0,2025-02-24,0,0.0,0.02,0.04,0,24,0,0,0,2.5714285714285716,0.0
7,871,4,False,0,2025-02-24,2,0.0,0.05,0.08,0,24,0,0,0,2.142857142857143,0.0
7,880,4,False,0,2025-02-24,2,0.0,0.04,0.07,0,24,0,0,0,2.0,0.0
7,883,4,False,0,2025-02-24,3,0.0,0.02,0.05,0,24,0,0,0,2.2857142857142856,0.0
7,892,4,False,0,2025-02-24,3,0.0,0.02,0.03,0,24,0,0,0,2.142857142857143,0.0
7,953,4,False,0,2025-02-24,2,0.0,0.01,0.02,0,24,0,0,0,2.2857142857142856,0.0
7,963,4,False,0,2025-02-24,1,0.0,0.05,0.07,0,24,0,0,0,2.0,0.0
7,989,4,False,0,2025-02-24,1,0.0,0.02,0.03,0,24,0,0,0,1.8571428571428572,0.0
7,1003,4,False,0,2025-02-24,1,0.0,0.02,0.03,0,24,0,0,0,2.0,0.0
7,1009,4,False,0,2025-02-24,2,0.0,0.21,0.31,0,24,0,0,0,1.8571428571428572,0.0
7,1013,4,False,0,2025-02-24,6,0.0,0.08,0.11,0,24,0,0,0,1.8571428571428572,0.0
7,1040,4,False,0,2025-02-24,3,0.0,0.03,0.04,0,24,0,0,0,2.2857142857142856,0.0
7,1041,4,False,0,2025-02-24,2,0.0,0.05,0.06,0,24,0,0,0,2.2857142857142856,0.0
7,1066,4,False,0,2025-02-24,3,0.0,0.01,0.02,0,24,0,0,0,2.2857142857142856,0.0
7,1069,4,False,0,2025-02-24,1,0.0,0.07,0.09,0,24,0,0,0,2.5714285714285716,0.0
7,1077,4,False,0,2025-02-24,2,0.0,0.06,0.09,0,24,0,0,0,2.5714285714285716,0.0
7,1090,4,False,0,2025-02-24,1,0.0,0.04,0.05,0,24,0,0,0,2.7142857142857144,0.0
7,1092,4,False,0,2025-02-24,2,0.0,0.02,0.03,0,24,0,0,0,2.5714285714285716,0.0
7,1111,4,False,0,2025-02-24,2,0.0,0.06,0.06,0,24,0,0,0,2.0,0.0
7,1119,4,False,0,2025-02-24,1,0.0,0.04,0.08,0,24,0,0,0,1.8571428571428572,0.0
7,1123,4,False,0,2025-02-24,2,1.0,0.0,0.01,0,24,0,0,0,1.7142857142857142,0.0
7,1137,4,False,0,2025-02-24,2,0.0,0.03,0.04,0,24,0,0,0,1.5714285714285714,0.0
7,1182,4,False,0,2025-02-24,3,0.0,0.02,0.02,0,24,0,0,0,1.7142857142857142,0.0
7,1245,4,False,0,2025-02-24,2,0.0,0.04,0.06,0,24,0,0,0,1.8571428571428572,0.0
7,1248,4,False,0,2025-02-24,4,0.0,0.01,0.01,0,24,0,0,0,2.0,0.0
7,1257,4,False,0,2025-02-24,1,0.0,0.1,0.14,0,24,0,0,0,2.2857142857142856,0.0
7,1268,4,False,0,2025-02-24,2,0.0,0.06,0.08,0,24,0,0,0,2.142857142857143,0.0
7,1274,4,False,0,2025-02-24,2,0.0,0.09,0.11,0,24,0,0,0,2.2857142857142856,0.0
7,1316,4,False,0,2025-02-24,3,0.0,0.03,0.04,0,24,0,0,0,2.2857142857142856,0.0
7,1321,4,False,0,2025-02-24,1,0.0,0.03,0.04,0,24,0,0,0,2.4285714285714284,0.0
7,1329,4,False,0,2025-02-24,3,0.0,0.01,0.02,0,24,0,0,0,2.142857142857143,0.0
7,1369,4,False,0,2025-02-24,2,0.0,0.02,0.03,0,24,0,0,0,2.2857142857142856,0.0
7,1373,4,False,0,2025-02-24,3,0.0,0.05,0.06,0,24,0,0,0,2.0,0.0
7,1394,4,False,0,2025-02-24,3,0.0,0.02,0.03,0,24,0,0,0,2.2857142857142856,0.0
7,1402,4,False,0,2025-02-24,3,0.0,0.03,0.05,0,24,0,0,0,2.4285714285714284,0.0
7,1417,4,False,0,2025-02-24,2,0.0,0.06,0.08,0,24,0,0,0,2.5714285714285716,0.0
7,1420,4,False,0,2025-02-24,0,0.0,0.04,0.05,0,24,0,0,0,2.4285714285714284,0.0
7,1428,4,False,0,2025-02-24,0,0.0,0.03,0.04,0,24,0,0,0,2.2857142857142856,0.0
7,1436,4,False,0,2025-02-24,1,0.0,0.05,0.07,0,24,0,0,0,1.8571428571428572,0.0
7,1473,4,False,0,2025-02-24,3,0.0,0.06,0.1,0,24,0,0,0,1.7142857142857142,0.0
7,1481,4,False,0,2025-02-24,2,0.0,0.04,0.07,0,24,0,0,0,1.7142857142857142,0.0
7,1493,4,False,0,2025-02-24,1,0.0,0.06,0.07,0,24,0,0,0,1.5714285714285714,0.0
7,1497,4,False,0,2025-02-24,2,0.0,0.05,0.08,0,24,0,0,0,1.2857142857142858,0.0
7,1506,4,False,0,2025-02-24,3,0.0,0.02,0.04,0,24,0,0,0,1.2857142857142858,0.0
7,1519,4,False,0,2025-02-24,2,1.0,0.05,0.07,0,24,0,0,0,1.7142857142857142,0.0
7,1539,4,False,0,2025-02-24,1,0.0,0.02,0.03,0,24,0,0,0,2.0,0.0
7,1546,4,False,0,2025-02-24,2,0.0,0.03,0.05,0,24,0,0,0,2.0,0.0
7,1563,4,False,0,2025-02-24,0,0.0,0.04,0.05,0,24,0,0,0,1.8571428571428572,0.0
7,1570,4,False,0,2025-02-24,1,0.0,0.02,0.03,0,24,0,0,0,1.5714285714285714,0.0
7,1573,4,False,0,2025-02-24,2,0.0,0.07,0.11,0,24,0,0,0,1.5714285714285714,0.0
7,1574,4,False,0,2025-02-24,2,0.0,0.07,0.11,0,24,0,0,0,1.5714285714285714,0.0
7,1594,4,False,0,2025-02-24,3,0.0,0.02,0.02,0,24,0,0,0,1.4285714285714286,0.0
7,1607,4,False,0,2025-02-24,4,0.0,0.07,0.1,0,24,0,0,0,1.5714285714285714,0.0
7,1626,4,False,0,2025-02-24,5,0.0,0.06,0.08,0,24,0,0,0,2.0,0.0
7,1644,4,False,0,2025-02-24,2,0.0,0.07,0.12,0,24,0,0,0,2.4285714285714284,0.0
7,1652,4,False,0,2025-02-24,1,0.0,0.05,0.07,0,24,0,0,0,2.7142857142857144,0.0
7,1673,4,False,0,2025-02-24,2,0.0,0.06,0.08,0,24,0,0,0,2.7142857142857144,0.0
7,1675,4,False,0,2025-02-24,3,0.0,0.05,0.07,0,24,0,0,0,2.7142857142857144,0.0
7,1686,4,False,0,2025-02-24,2,0.0,0.07,0.11,0,24,0,0,0,2.857142857142857,0.0
7,1706,4,False,0,2025-02-24,2,0.0,0.01,0.03,0,24,0,0,0,2.7142857142857144,0.0
7,1716,4,False,0,2025-02-24,3,0.0,0.03,0.05,0,24,0,0,0,2.4285714285714284,0.0
7,1732,4,False,0,2025-02-24,2,0.0,0.08,0.08,0,24,0,0,0,2.142857142857143,0.0
7,1738,4,False,0,2025-02-24,0,0.0,0.02,0.04,0,24,0,0,0,2.142857142857143,0.0
7,1745,4,False,0,2025-02-24,2,0.0,0.05,0.08,0,24,0,0,0,2.0,0.0
7,1759,4,False,0,2025-02-24,0,0.0,0.03,0.04,0,24,0,0,0,2.0,0.0
7,1776,4,False,0,2025-02-24,2,0.0,0.14,0.2,0,24,0,0,0,1.5714285714285714,0.0
7,1790,4,False,0,2025-02-24,1,0.0,0.04,0.06,0,24,0,0,0,1.5714285714285714,0.0
7,1826,4,False,0,2025-02-24,3,0.0,0.07,0.08,0,24,0,0,0,1.4285714285714286,0.0
7,1830,4,False,0,2025-02-24,4,0.0,0.15,0.23,0,24,0,0,0,1.4285714285714286,0.0
7,1863,4,False,0,2025-02-24,8,0.0,0.04,0.02,0,24,0,0,0,1.7142857142857142,0.0
7,1866,4,False,0,2025-02-24,0,0.0,0.02,0.02,0,24,0,0,0,2.857142857142857,0.0
7,1922,4,False,0,2025-02-24,3,0.0,0.02,0.04,0,24,0,0,0,2.5714285714285716,0.0
7,1934,4,False,0,2025-02-24,3,0.0,0.02,0.04,0,24,0,0,0,3.0,0.0
7,1975,4,False,0,2025-02-24,1,0.0,0.03,0.05,0,24,0,0,0,3.142857142857143,0.0
7,1984,4,False,0,2025-02-24,2,0.0,0.06,0.08,0,24,0,0,0,3.142857142857143,0.0
7,2005,4,False,0,2025-02-24,2,0.0,0.16,0.26,0,24,0,0,0,3.0,0.0
7,2013,4,False,0,2025-02-24,4,0.0,0.03,0.04,0,24,0,0,0,2.7142857142857144,0.0
7,2025,4,False,0,2025-02-24,3,0.0,0.03,0.04,0,24,0,0,0,2.142857142857143,0.0
7,2028,4,False,0,2025-02-24,1,0.0,0.03,0.04,0,24,0,0,0,2.5714285714285716,0.0
7,2033,4,False,0,2025-02-24,1,0.0,0.11,0.16,0,24,0,0,0,2.2857142857142856,0.0
7,2035,4,False,0,2025-02-24,0,0.0,0.02,0.04,0,24,0,0,0,2.0,0.0
7,2042,4,False,0,2025-02-24,6,0.0,0.03,0.06,0,24,0,0,0,1.8571428571428572,0.0
7,2051,4,False,0,2025-02-24,2,0.0,0.03,0.04,0,24,0,0,0,2.4285714285714284,0.0
7,2061,4,False,0,2025-02-24,4,0.0,0.02,0.04,0,24,0,0,0,2.4285714285714284,0.0
7,2069,4,False,0,2025-02-24,1,0.0,0.07,0.1,0,24,0,0,0,2.4285714285714284,0.0
7,2083,4,False,0,2025-02-24,2,0.0,0.06,0.09,0,24,0,0,0,2.142857142857143,0.0
7,2088,4,False,0,2025-02-24,1,0.0,0.03,0.04,0,24,0,0,0,2.2857142857142856,0.0
7,2129,4,False,0,2025-02-24,6,0.0,0.03,0.04,0,24,0,0,0,2.2857142857142856,0.0
7,2144,4,False,0,2025-02-24,2,0.0,0.03,0.05,0,24,0,0,0,3.142857142857143,0.0
7,2149,4,False,0,2025-02-24,1,0.0,0.04,0.07,0,24,0,0,0,2.5714285714285716,0.0
7,2167,4,False,0,2025-02-24,3,0.0,0.05,0.07,0,24,0,0,0,2.4285714285714284,0.0
7,2193,4,False,0,2025-02-24,2,0.0,0.08,0.12,0,24,0,0,0,2.2857142857142856,0.0
7,2230,4,False,0,2025-02-24,2,0.0,0.02,0.03,0,24,0,0,0,2.4285714285714284,0.0
7,2233,4,False,0,2025-02-24,1,0.0,0.06,0.08,0,24,0,0,0,2.4285714285714284,0.0
7,2238,4,False,0,2025-02-24,2,0.0,0.04,0.05,0,24,0,0,0,2.4285714285714284,0.0
7,2257,4,False,0,2025-02-24,0,0.0,0.04,0.06,0,24,0,0,0,1.8571428571428572,0.0
7,2279,4,False,0,2025-02-24,3,0.0,0.11,0.15,0,24,0,0,0,1.5714285714285714,0.0
7,2283,4,False,0,2025-02-24,2,0.0,0.04,0.07,0,24,0,0,0,1.8571428571428572,0.0
7,2286,4,False,0,2025-02-24,1,0.0,0.11,0.14,0,24,0,0,0,1.7142857142857142,0.0
7,2306,4,False,0,2025-02-24,3,0.0,0.04,0.05,0,24,0,0,0,1.5714285714285714,0.0
7,2315,4,False,0,2025-02-24,1,0.0,0.07,0.1,0,24,0,0,0,1.7142857142857142,0.0
7,2392,4,False,0,2025-02-24,2,0.0,0.04,0.06,0,24,0,0,0,1.7142857142857142,0.0
7,2397,4,False,0,2025-02-24,2,0.0,0.02,0.03,0,24,0,0,0,1.7142857142857142,0.0
7,2398,4,False,0,2025-02-24,6,0.0,0.12,0.17,0,24,0,0,0,2.0,0.0
7,2438,4,False,0,2025-02-24,0,0.0,0.02,0.04,0,24,0,0,0,2.4285714285714284,0.0
7,2443,4,False,0,2025-02-24,2,0.0,0.05,0.08,0,24,0,0,0,2.142857142857143,0.0
7,2448,4,False,0,2025-02-24,3,0.0,0.04,0.06,0,24,0,0,0,2.2857142857142856,0.0
7,2469,4,False,0,2025-02-24,2,0.0,0.07,0.1,0,24,0,0,0,2.2857142857142856,0.0
7,2473,4,False,0,2025-02-24,3,0.0,0.04,0.06,0,24,0,0,0,2.4285714285714284,0.0
7,2478,4,False,0,2025-02-24,2,0.0,0.02,0.03,0,24,0,0,0,2.5714285714285716,0.0
7,2487,4,False,0,2025-02-24,2,0.0,0.02,0.04,0,24,0,0,0,2.5714285714285716,0.0
7,2497,4,False,0,2025-02-24,3,0.0,0.03,0.04,0,24,0,0,0,2.0,0.0
7,2506,4,False,0,2025-02-24,1,0.0,0.03,0.04,0,24,0,0,0,2.4285714285714284,0.0
7,2522,4,False,0,2025-02-24,4,0.0,0.11,0.16,0,24,0,0,0,2.2857142857142856,0.0
7,2567,4,False,0,2025-02-24,2,0.0,0.04,0.05,0,24,0,0,0,2.4285714285714284,0.0
7,2581,4,False,0,2025-02-24,2,0.0,0.06,0.07,0,24,0,0,0,2.4285714285714284,0.0
7,2624,4,False,0,2025-02-24,4,0.0,0.06,0.08,0,24,0,0,0,2.2857142857142856,0.0
7,2630,4,False,0,2025-02-24,2,0.0,0.03,0.04,0,24,0,0,0,2.5714285714285716,0.0
7,2631,4,False,0,2025-02-24,2,0.0,0.02,0.04,0,24,0,0,0,2.5714285714285716,0.0
7,2642,4,False,0,2025-02-24,3,0.0,0.03,0.05,0,24,0,0,0,2.4285714285714284,0.0
7,2658,4,False,0,2025-02-24,3,0.0,0.02,0.04,0,24,0,0,0,2.7142857142857144,0.0
7,2672,4,False,0,2025-02-24,2,0.0,0.02,0.03,0,24,0,0,0,2.5714285714285716,0.0
7,2688,4,False,0,2025-02-24,3,0.0,0.03,0.04,0,24,0,0,0,2.5714285714285716,0.0
7,2725,4,False,0,2025-02-24,1,0.0,0.08,0.14,0,24,0,0,0,2.7142857142857144,0.0
7,2744,4,False,0,2025-02-24,3,0.0,0.06,0.09,0,24,0,0,0,2.2857142857142856,0.0
7,2788,4,False,0,2025-02-24,3,0.0,0.02,0.03,0,24,0,0,0,2.4285714285714284,0.0
7,2801,4,False,0,2025-02-24,3,0.0,0.06,0.09,0,24,0,0,0,2.5714285714285716,0.0
7,2804,4,False,0,2025-02-24,2,0.0,0.06,0.07,0,24,0,0,0,2.5714285714285716,0.0
7,2818,4,False,0,2025-02-24,3,0.0,0.02,0.03,0,24,0,0,0,2.4285714285714284,0.0
7,2825,4,False,0,2025-02-24,1,0.0,0.18,0.23,0,24,0,0,0,2.5714285714285716,0.0
7,2830,4,False,0,2025-02-24,2,0.0,0.04,0.07,0,24,0,0,0,2.2857142857142856,0.0
7,2832,4,False,0,2025-02-24,3,0.0,0.01,0.03,0,24,0,0,0,2.4285714285714284,0.0
7,2838,4,False,0,2025-02-24,3,0.0,0.02,0.03,0,24,0,0,0,2.4285714285714284,0.0
7,2844,4,False,0,2025-02-24,2,0.0,0.03,0.05,0,24,0,0,0,2.4285714285714284,0.0
7,2860,4,False,0,2025-02-24,4,0.0,0.07,0.1,0,24,0,0,0,2.2857142857142856,0.0
7,2870,4,False,0,2025-02-24,2,0.0,0.06,0.09,0,24,0,0,0,2.5714285714285716,0.0
7,2871,4,False,0,2025-02-24,2,0.0,0.04,0.05,0,24,0,0,0,2.4285714285714284,0.0
7,2892,4,False,0,2025-02-24,1,0.0,0.09,0.13,0,24,0,0,0,2.5714285714285716,0.0
7,2894,4,False,0,2025-02-24,0,0.0,0.04,0.1,0,24,0,0,0,2.4285714285714284,0.0
7,2957,4,False,0,2025-02-24,6,0.0,0.02,0.03,0,24,0,0,0,2.0,0.0
7,2961,4,False,0,2025-02-24,3,0.0,0.05,0.06,0,24,0,0,0,2.4285714285714284,0.0
7,2963,4,False,0,2025-02-24,4,0.0,0.06,0.08,0,24,0,0,0,2.5714285714285716,0.0
7,2970,4,False,0,2025-02-24,2,0.0,0.03,0.05,0,24,0,0,0,2.5714285714285716,0.0
7,2979,4,False,0,2025-02-24,1,0.0,0.06,0.08,0,24,0,0,0,2.5714285714285716,0.0
7,2992,4,False,0,2025-02-24,1,0.0,0.05,0.08,0,24,0,0,0,2.4285714285714284,0.0
7,3000,4,False,0,2025-02-24,2,0.0,0.1,0.16,0,24,0,0,0,2.4285714285714284,0.0
7,3012,4,False,0,2025-02-24,0,0.0,0.02,0.03,0,24,0,0,0,2.7142857142857144,0.0
7,3044,4,False,0,2025-02-24,1,0.0,0.02,0.02,0,24,0,0,0,1.8571428571428572,0.0
7,3086,4,False,0,2025-02-24,3,0.0,0.04,0.07,0,24,0,0,0,1.5714285714285714,0.0
7,3145,4,False,0,2025-02-24,1,0.0,0.04,0.05,0,24,0,0,0,1.4285714285714286,0.0
7,3146,4,False,0,2025-02-24,3,0.0,0.01,0.01,0,24,0,0,0,1.2857142857142858,0.0
7,3162,4,False,0,2025-02-24,3,0.0,0.01,0.02,0,24,0,0,0,1.5714285714285714,0.0
7,3178,4,False,0,2025-02-24,1,0.0,0.12,0.16,0,24,0,0,0,1.8571428571428572,0.0
7,3185,4,False,0,2025-02-24,3,0.0,0.04,0.04,0,24,0,0,0,1.7142857142857142,0.0
7,3196,4,False,0,2025-02-24,6,0.0,0.02,0.03,0,24,0,0,0,2.142857142857143,0.0
7,3209,4,False,0,2025-02-24,1,0.0,0.02,0.04,0,24,0,0,0,2.857142857142857,0.0
7,3224,4,False,0,2025-02-24,3,0.0,0.04,0.07,0,24,0,0,0,2.5714285714285716,0.0
7,3262,4,False,0,2025-02-24,2,0.0,0.09,0.14,0,24,0,0,0,2.857142857142857,0.0
7,3267,4,False,0,2025-02-24,2,0.0,0.01,0.01,0,24,0,0,0,2.7142857142857144,0.0
7,3293,4,False,0,2025-02-24,2,1.0,0.0,0.01,0,24,0,0,0,2.5714285714285716,0.0
7,3312,4,False,0,2025-02-24,3,0.0,0.01,0.01,0,24,0,0,0,2.7142857142857144,0.0
7,3317,4,False,0,2025-02-24,3,0.0,0.01,0.02,0,24,0,0,0,2.7142857142857144,0.0
7,3327,4,False,0,2025-02-24,4,0.0,0.01,0.02,0,24,0,0,0,2.2857142857142856,0.0
7,3377,4,False,0,2025-02-24,2,0.0,0.02,0.05,0,24,0,0,0,2.7142857142857144,0.0
7,3420,4,False,0,2025-02-24,2,0.0,0.07,0.09,0,24,0,0,0,2.5714285714285716,0.0
7,3453,4,False,0,2025-02-24,2,0.0,0.02,0.04,0,24,0,0,0,2.5714285714285716,0.0
7,3455,4,False,0,2025-02-24,0,0.0,0.02,0.03,0,24,0,0,0,2.5714285714285716,0.0
7,3465,4,False,0,2025-02-24,1,0.0,0.06,0.07,0,24,0,0,0,2.2857142857142856,0.0
7,3466,4,False,0,2025-02-24,2,0.0,0.03,0.05,0,24,0,0,0,2.0,0.0
7,3472,4,False,0,2025-02-24,0,0.0,0.04,0.06,0,24,0,0,0,1.8571428571428572,0.0
7,3473,4,False,0,2025-02-24,2,0.0,0.01,0.03,0,24,0,0,0,1.2857142857142858,0.0
7,3493,4,False,0,2025-02-24,2,0.0,0.04,0.07,0,24,0,0,0,1.2857142857142858,0.0
7,3552,4,False,0,2025-02-24,0,0.0,0.03,0.03,0,24,0,0,0,1.2857142857142858,0.0
7,3562,4,False,0,2025-02-24,2,0.0,0.05,0.06,0,24,0,0,0,1.0,0.0
7,3569,4,False,0,2025-02-24,3,0.0,0.03,0.06,0,24,0,0,0,1.2857142857142858,0.0
7,3577,4,False,0,2025-02-24,2,0.0,0.04,0.06,0,24,0,0,0,1.5714285714285714,0.0
7,3590,4,False,0,2025-02-24,4,0.0,0.02,0.03,0,24,0,0,0,1.5714285714285714,0.0
7,3620,4,False,0,2025-02-24,10,0.0,0.02,0.03,0,24,0,0,0,2.142857142857143,0.0
7,3627,4,False,0,2025-02-24,5,0.0,0.06,0.1,0,24,0,0,0,3.2857142857142856,0.0
7,3628,4,False,0,2025-02-24,1,0.0,0.06,0.09,0,24,0,0,0,3.7142857142857144,0.0
7,3633,4,False,0,2025-02-24,3,0.0,0.07,0.09,0,24,0,0,0,3.857142857142857,0.0
7,3645,4,False,0,2025-02-24,1,0.0,0.07,0.07,0,24,0,0,0,4.0,0.0
7,3651,4,False,0,2025-02-24,4,0.0,0.04,0.07,0,24,0,0,0,3.7142857142857144,0.0
7,3692,4,False,0,2025-02-24,2,0.0,0.1,0.12,0,24,0,0,0,4.0,0.0
7,3698,4,False,0,2025-02-24,2,0.0,0.05,0.08,0,24,0,0,0,3.7142857142857144,0.0
7,3700,4,False,0,2025-02-24,2,0.0,0.02,0.03,0,24,0,0,0,2.5714285714285716,0.0
7,3721,4,False,0,2025-02-24,0,0.0,0.03,0.05,0,24,0,0,0,2.142857142857143,0.0
7,3728,4,False,0,2025-02-24,2,0.0,0.03,0.05,0,24,0,0,0,2.0,0.0
7,3733,4,False,0,2025-02-24,4,0.0,0.01,0.03,0,24,0,0,0,1.8571428571428572,0.0
7,3753,4,False,0,2025-02-24,3,0.0,0.04,0.07,0,24,0,0,0,2.2857142857142856,0.0
7,3772,4,False,0,2025-02-24,3,0.0,0.03,0.06,0,24,0,0,0,2.142857142857143,0.0
7,3818,4,False,0,2025-02-24,4,0.0,0.06,0.09,0,24,0,0,0,2.2857142857142856,0.0
7,3843,4,False,0,2025-02-24,2,0.0,0.02,0.04,0,24,0,0,0,2.5714285714285716,0.0
7,3847,4,False,0,2025-02-24,2,0.0,0.01,0.03,0,24,0,0,0,2.5714285714285716,0.0
7,3850,4,False,0,2025-02-24,3,0.0,0.07,0.11,0,24,0,0,0,2.857142857142857,0.0
7,3853,4,False,0,2025-02-24,1,0.0,0.1,0.17,0,24,0,0,0,3.0,0.0
7,3879,4,False,0,2025-02-24,2,0.0,0.05,0.08,0,24,0,0,0,2.5714285714285716,0.0
7,3888,4,False,0,2025-02-24,6,0.0,0.01,0.01,0,24,0,0,0,2.4285714285714284,0.0
7,3903,4,False,0,2025-02-24,2,0.0,0.04,0.07,0,24,0,0,0,2.857142857142857,0.0
7,3906,4,False,0,2025-02-24,2,0.0,0.11,0.2,0,24,0,0,0,2.5714285714285716,0.0
7,3939,4,False,0,2025-02-24,0,0.0,0.04,0.06,0,24,0,0,0,2.5714285714285716,0.0
7,3968,4,False,0,2025-02-24,0,0.0,0.01,0.02,0,24,0,0,0,2.2857142857142856,0.0
7,3971,4,False,0,2025-02-24,6,0.0,0.08,0.11,0,24,0,0,0,1.8571428571428572,0.0
7,3974,4,False,0,2025-02-24,1,0.0,0.09,0.13,0,24,0,0,0,2.5714285714285716,0.0
7,3987,4,False,0,2025-02-24,1,0.0,0.03,0.05,0,24,0,0,0,2.4285714285714284,0.0
7,4019,4,False,0,2025-02-24,4,0.0,0.04,0.04,0,24,0,0,0,1.7142857142857142,0.0
7,4028,4,False,0,2025-02-24,2,0.0,0.02,0.03,0,24,0,0,0,2.0,0.0
7,4071,4,False,0,2025-02-24,2,0.0,0.05,0.07,0,24,0,0,0,2.0,0.0
7,4108,4,False,0,2025-02-24,2,0.0,0.02,0.03,0,24,0,0,0,2.2857142857142856,0.0
7,4133,4,False,0,2025-02-24,3,0.0,0.08,0.14,0,24,0,0,0,2.5714285714285716,0.0
7,4135,4,False,0,2025-02-24,1,0.0,0.03,0.04,0,24,0,0,0,2.142857142857143,0.0
7,4170,4,False,0,2025-02-24,1,0.0,0.02,0.03,0,24,0,0,0,2.142857142857143,0.0
7,4184,4,False,0,2025-02-24,2,0.0,0.06,0.09,0,24,0,0,0,2.142857142857143,0.0
7,4186,4,False,0,2025-02-24,0,0.0,0.03,0.06,0,24,0,0,0,1.8571428571428572,0.0
7,4212,4,False,0,2025-02-24,4,0.0,0.06,0.08,0,24,0,0,0,1.5714285714285714,0.0
7,4243,4,False,0,2025-02-24,2,0.0,0.09,0.1,0,24,0,0,0,1.8571428571428572,0.0
7,4268,4,False,0,2025-02-24,2,0.0,0.02,0.03,0,24,0,0,0,1.8571428571428572,0.0
7,4275,4,False,0,2025-02-24,2,0.0,0.01,0.02,0,24,0,0,0,1.7142857142857142,0.0
7,4281,4,False,0,2025-02-24,2,0.0,0.02,0.04,0,24,0,0,0,1.8571428571428572,0.0
7,4293,4,False,0,2025-02-24,1,0.0,0.12,0.17,0,24,0,0,0,2.0,0.0
7,4305,4,False,0,2025-02-24,2,0.0,0.07,0.1,0,24,0,0,0,1.8571428571428572,0.0
7,4335,4,False,0,2025-02-24,1,0.0,0.04,0.07,0,24,0,0,0,2.142857142857143,0.0
7,4342,4,False,0,2025-02-24,0,0.0,0.02,0.04,0,24,0,0,0,1.7142857142857142,0.0
7,4372,4,False,0,2025-02-24,0,0.0,0.02,0.03,0,24,0,0,0,1.4285714285714286,0.0
7,4373,4,False,0,2025-02-24,3,0.0,0.07,0.12,0,24,0,0,0,1.1428571428571428,0.0
7,4392,4,False,0,2025-02-24,4,0.0,0.09,0.1,0,24,0,0,0,1.2857142857142858,0.0
7,4395,4,False,0,2025-02-24,2,0.0,0.05,0.08,0,24,0,0,0,1.5714285714285714,0.0
7,4422,4,False,0,2025-02-24,2,0.0,0.01,0.03,0,24,0,0,0,1.7142857142857142,0.0
7,4438,4,False,0,2025-02-24,5,0.0,0.01,0.02,0,24,0,0,0,1.7142857142857142,0.0
7,4451,4,False,0,2025-02-24,2,0.0,0.04,0.06,0,24,0,0,0,2.2857142857142856,0.0
7,4456,4,False,0,2025-02-24,2,0.0,0.02,0.03,0,24,0,0,0,2.5714285714285716,0.0
7,4480,4,False,0,2025-02-24,3,0.0,0.06,0.1,0,24,0,0,0,2.857142857142857,0.0
7,4520,4,False,0,2025-02-24,1,0.0,0.1,0.16,0,24,0,0,0,2.857142857142857,0.0
7,4522,4,False,0,2025-02-24,1,0.0,0.02,0.04,0,24,0,0,0,2.4285714285714284,0.0
7,4550,4,False,0,2025-02-24,2,0.0,0.13,0.17,0,24,0,0,0,2.2857142857142856,0.0
7,4571,4,False,0,2025-02-24,2,0.0,0.03,0.06,0,24,0,0,0,2.2857142857142856,0.0
7,4577,4,False,0,2025-02-24,3,0.0,0.04,0.06,0,24,0,0,0,1.8571428571428572,0.0
7,4598,4,False,0,2025-02-24,3,0.0,0.07,0.1,0,24,0,0,0,2.0,0.0
7,4621,4,False,0,2025-02-24,3,0.0,0.01,0.01,0,24,0,0,0,2.142857142857143,0.0
7,4662,4,False,0,2025-02-24,0,0.0,0.02,0.04,0,24,0,0,0,2.142857142857143,0.0
7,4663,4,False,0,2025-02-24,2,0.0,0.04,0.07,0,24,0,0,0,2.0,0.0
7,4672,4,False,0,2025-02-24,2,0.0,0.03,0.03,0,24,0,0,0,2.142857142857143,0.0
7,4715,4,False,0,2025-02-24,2,0.0,0.05,0.06,0,24,0,0,0,2.142857142857143,0.0
7,4778,4,False,0,2025-02-24,2,0.0,0.04,0.07,0,24,0,0,0,2.142857142857143,0.0
7,4785,4,False,0,2025-02-24,3,0.0,0.06,0.09,0,24,0,0,0,2.0,0.0
7,4806,4,False,0,2025-02-24,2,1.0,0.02,0.03,0,24,0,0,0,2.0,0.0
7,4808,4,False,0,2025-02-24,1,0.0,0.03,0.05,0,24,0,0,0,1.8571428571428572,0.0
7,4823,4,False,0,2025-02-24,3,0.0,0.01,0.01,0,24,0,0,0,2.0,0.0
7,4842,4,False,0,2025-02-24,2,0.0,0.03,0.05,0,24,0,0,0,2.142857142857143,0.0
7,4851,4,False,0,2025-02-24,1,0.0,0.06,0.09,0,24,0,0,0,2.142857142857143,0.0
7,4855,4,False,0,2025-02-24,2,0.0,0.02,0.02,0,24,0,0,0,2.0,0.0
7,4895,4,False,0,2025-02-24,2,0.0,0.04,0.06,0,24,0,0,0,2.0,0.0
7,4898,4,False,0,2025-02-24,2,0.0,0.03,0.03,0,24,0,0,0,1.8571428571428572,0.0
7,4928,4,False,0,2025-02-24,3,0.0,0.03,0.05,0,24,0,0,0,1.8571428571428572,0.0
7,4936,4,False,0,2025-02-24,2,0.0,0.03,0.04,0,24,0,0,0,2.142857142857143,0.0
7,4955,4,False,0,2025-02-24,2,0.0,0.03,0.04,0,24,0,0,0,2.0,0.0
7,4958,4,False,0,2025-02-24,2,0.0,0.05,0.07,0,24,0,0,0,2.0,0.0
7,4967,4,False,0,2025-02-24,2,0.0,0.05,0.08,0,24,0,0,0,2.142857142857143,0.0
7,4978,4,False,0,2025-02-24,6,0.0,0.04,0.05,0,24,0,0,0,2.142857142857143,0.0
7,5005,4,False,0,2025-02-24,3,0.0,0.04,0.06,0,24,0,0,0,2.7142857142857144,0.0
7,5063,4,False,0,2025-02-24,3,0.0,0.01,0.01,0,24,0,0,0,2.857142857142857,0.0
7,5088,4,False,0,2025-02-24,3,0.0,0.01,0.02,0,24,0,0,0,2.857142857142857,0.0
7,5113,4,False,0,2025-02-24,3,0.0,0.03,0.06,0,24,0,0,0,3.0,0.0
7,5146,4,False,0,2025-02-24,3,0.0,0.03,0.05,0,24,0,0,0,3.142857142857143,0.0
7,5154,4,False,0,2025-02-24,0,0.0,0.04,0.06,0,24,0,0,0,3.2857142857142856,0.0
7,5162,4,False,0,2025-02-24,1,0.0,0.09,0.13,0,24,0,0,0,3.0,0.0
7,5186,4,False,0,2025-02-24,7,0.0,0.02,0.03,0,24,0,0,0,2.2857142857142856,0.0
7,5191,4,False,0,2025-02-24,2,0.0,0.02,0.04,0,24,0,0,0,2.857142857142857,0.0
7,5202,4,False,0,2025-02-24,2,0.0,0.09,0.13,0,24,0,0,0,2.7142857142857144,0.0
7,5208,4,False,0,2025-02-24,2,0.0,0.02,0.04,0,24,0,0,0,2.5714285714285716,0.0
7,5228,4,False,0,2025-02-24,1,0.0,0.01,0.02,0,24,0,0,0,2.4285714285714284,0.0
7,5229,4,False,0,2025-02-24,3,0.0,0.03,0.05,0,24,0,0,0,2.142857142857143,0.0
7,5263,4,False,0,2025-02-24,3,0.0,0.02,0.04,0,24,0,0,0,2.5714285714285716,0.0
7,5266,4,False,0,2025-02-24,2,0.0,0.06,0.09,0,24,0,0,0,2.857142857142857,0.0
7,5286,4,False,0,2025-02-24,2,0.0,0.05,0.07,0,24,0,0,0,2.142857142857143,0.0
7,74,5,True,0,2025-02-24,1,0.0,0.02,0.04,0,24,0,0,0,2.142857142857143,0.0
7,213,5,True,0,2025-02-24,0,0.0,0.01,0.03,0,24,0,0,0,2.0,0.0
7,284,5,True,0,2025-02-24,4,0.0,0.05,0.08,0,24,0,0,0,1.7142857142857142,0.0
7,567,5,True,0,2025-02-24,0,0.0,0.01,0.03,0,24,0,0,0,2.142857142857143,0.0
7,783,5,True,0,2025-02-24,11,0.0,0.03,0.06,0,24,0,0,0,1.7142857142857142,0.0
7,821,5,True,0,2025-02-24,2,0.0,0.03,0.05,0,24,0,0,0,2.857142857142857,0.0
7,873,5,True,0,2025-02-24,8,0.0,0.03,0.05,0,24,0,0,0,2.857142857142857,0.0
7,929,5,True,0,2025-02-24,0,0.0,0.07,0.22,0,24,0,0,0,3.7142857142857144,0.0
7,1037,5,True,0,2025-02-24,1,0.0,0.01,0.02,0,24,0,0,0,3.5714285714285716,0.0
7,1163,5,True,0,2025-02-24,0,0.0,0.08,0.2,0,24,0,0,0,3.7142857142857144,0.0
7,1247,5,True,0,2025-02-24,3,0.0,0.04,0.05,0,24,0,0,0,3.142857142857143,0.0
7,1333,5,True,0,2025-02-24,4,0.0,0.02,0.04,0,24,0,0,0,3.5714285714285716,0.0
7,1427,5,True,0,2025-02-24,0,0.0,0.01,0.05,0,24,0,0,0,2.5714285714285716,0.0
7,1746,5,True,0,2025-02-24,0,0.0,0.02,0.08,0,24,0,0,0,2.2857142857142856,0.0
7,1882,5,True,0,2025-02-24,0,0.0,0.17,0.37,0,24,0,0,0,1.1428571428571428,0.0
7,2066,5,True,0,2025-02-24,0,0.0,0.1,0.12,0,24,0,0,0,1.1428571428571428,0.0
7,2104,5,True,0,2025-02-24,0,0.0,0.03,0.03,0,24,0,0,0,1.0,0.0
7,2120,5,True,0,2025-02-24,2,0.0,0.03,0.07,0,24,0,0,0,1.0,0.0
7,2132,5,True,0,2025-02-24,1,0.0,0.01,0.04,0,24,0,0,0,0.8571428571428571,0.0
7,2141,5,True,0,2025-02-24,0,0.0,0.01,0.06,0,24,0,0,0,0.42857142857142855,0.0
7,2219,5,True,0,2025-02-24,0,0.0,0.11,0.13,0,24,0,0,0,0.42857142857142855,0.0
7,2224,5,True,0,2025-02-24,2,0.0,0.03,0.03,0,24,0,0,0,0.42857142857142855,0.0
7,2325,5,True,0,2025-02-24,5,0.0,0.03,0.07,0,24,0,0,0,0.7142857142857143,0.0
7,2418,5,True,0,2025-02-24,2,1.0,0.03,0.04,0,24,0,0,0,1.4285714285714286,0.0
7,2880,5,True,0,2025-02-24,3,0.0,0.02,0.05,0,24,0,0,0,1.7142857142857142,0.0
7,3085,5,True,0,2025-02-24,3,0.0,0.02,0.04,0,24,0,0,0,1.8571428571428572,0.0
7,3087,5,True,0,2025-02-24,1,0.0,0.04,0.1,0,24,0,0,0,2.142857142857143,0.0
7,3164,5,True,0,2025-02-24,0,0.0,0.05,0.1,0,24,0,0,0,2.2857142857142856,0.0
7,3218,5,True,0,2025-02-24,2,0.0,0.02,0.06,0,24,0,0,0,2.2857142857142856,0.0
7,3229,5,True,0,2025-02-24,1,0.0,0.04,0.11,0,24,0,0,0,2.2857142857142856,0.0
7,3292,5,True,0,2025-02-24,4,0.0,0.03,0.05,0,24,0,0,0,1.7142857142857142,0.0
7,3330,5,True,0,2025-02-24,5,0.0,0.06,0.11,0,24,0,0,0,2.0,0.0
7,3424,5,True,0,2025-02-24,1,0.0,0.01,0.02,0,24,0,0,0,2.2857142857142856,0.0
7,3439,5,True,0,2025-02-24,3,0.0,0.02,0.02,0,24,0,0,0,2.0,0.0
7,3463,5,True,0,2025-02-24,2,1.0,0.03,0.04,0,24,0,0,0,2.2857142857142856,0.0
7,3558,5,True,0,2025-02-24,6,0.0,0.03,0.06,0,24,0,0,0,2.5714285714285716,0.0
7,3624,5,True,0,2025-02-24,0,0.0,0.06,0.15,0,24,0,0,0,3.142857142857143,0.0
7,3807,5,True,0,2025-02-24,2,0.0,0.08,0.1,0,24,0,0,0,3.0,0.0
7,3984,5,True,0,2025-02-24,0,0.0,0.02,0.04,0,24,0,0,0,2.7142857142857144,0.0
7,3996,5,True,0,2025-02-24,0,0.0,0.03,0.06,0,24,0,0,0,2.0,0.0
7,4036,5,True,0,2025-02-24,2,0.0,0.01,0.02,0,24,0,0,0,1.8571428571428572,0.0
7,4081,5,True,0,2025-02-24,2,0.0,0.03,0.06,0,24,0,0,0,1.7142857142857142,0.0
7,4175,5,True,0,2025-02-24,4,0.0,0.03,0.06,0,24,0,0,0,1.7142857142857142,0.0
7,4544,5,True,0,2025-02-24,0,0.0,0.04,0.07,0,24,0,0,0,1.4285714285714286,0.0
7,4565,5,True,0,2025-02-24,0,0.0,0.01,0.04,0,24,0,0,0,1.4285714285714286,0.0
7,4749,5,True,0,2025-02-24,2,0.0,0.01,0.04,0,24,0,0,0,1.1428571428571428,0.0
7,4789,5,True,0,2025-02-24,8,0.0,0.02,0.05,0,24,0,0,0,1.4285714285714286,0.0
7,4939,5,True,0,2025-02-24,0,0.0,0.02,0.06,0,24,0,0,0,2.5714285714285716,0.0
7,4942,5,True,0,2025-02-24,0,0.0,0.07,0.14,0,24,0,0,0,2.2857142857142856,0.0
7,5006,5,True,0,2025-02-24,3,0.0,0.03,0.03,0,24,0,0,0,2.0,0.0
7,5049,5,True,0,2025-02-24,3,0.0,0.02,0.06,0,24,0,0,0,1.8571428571428572,0.0
7,5098,5,True,0,2025-02-24,0,0.0,0.02,0.06,0,24,0,0,0,2.2857142857142856,0.0
7,5217,5,True,0,2025-02-24,3,0.0,0.02,0.04,0,24,0,0,0,2.2857142857142856,0.0
7,139,6,False,0,2025-02-24,0,0.0,0.17,0.24,0,24,0,0,0,2.4285714285714284,0.0
7,173,6,False,0,2025-02-24,1,0.0,0.09,0.12,0,24,0,0,0,1.2857142857142858,0.0
7,337,6,False,0,2025-02-24,0,0.0,0.12,0.17,0,24,0,0,0,1.4285714285714286,0.0
7,366,6,False,0,2025-02-24,1,0.0,0.08,0.1,0,24,0,0,0,1.4285714285714286,0.0
7,386,6,False,0,2025-02-24,1,0.0,0.17,0.24,0,24,0,0,0,1.1428571428571428,0.0
7,449,6,False,0,2025-02-24,3,0.0,0.28,0.38,0,24,0,0,0,0.8571428571428571,0.0
7,594,6,False,0,2025-02-24,0,0.0,0.19,0.23,0,24,0,0,0,1.2857142857142858,0.0
7,820,6,False,0,2025-02-24,0,0.0,0.16,0.2,0,24,0,0,0,0.8571428571428571,0.0
7,988,6,False,0,2025-02-24,1,0.0,0.16,0.23,0,24,0,0,0,0.8571428571428571,0.0
7,1031,6,False,0,2025-02-24,1,0.0,0.1,0.14,0,24,0,0,0,0.8571428571428571,0.0
7,1124,6,False,0,2025-02-24,2,0.0,0.12,0.17,0,24,0,0,0,1.0,0.0
7,1276,6,False,0,2025-02-24,1,0.0,0.13,0.2,0,24,0,0,0,1.1428571428571428,0.0
7,1340,6,False,0,2025-02-24,2,0.0,0.17,0.23,0,24,0,0,0,1.1428571428571428,0.0
7,1429,6,False,0,2025-02-24,0,0.0,0.08,0.09,0,24,0,0,0,1.0,0.0
7,1534,6,False,0,2025-02-24,2,0.0,0.15,0.22,0,24,0,0,0,1.0,0.0
7,1544,6,False,0,2025-02-24,2,0.0,0.08,0.11,0,24,0,0,0,1.2857142857142858,0.0
7,1611,6,False,0,2025-02-24,0,0.0,0.11,0.16,0,24,0,0,0,1.4285714285714286,0.0
7,1650,6,False,0,2025-02-24,0,0.0,0.24,0.32,0,24,0,0,0,1.2857142857142858,0.0
7,1702,6,False,0,2025-02-24,0,0.0,0.31,0.43,0,24,0,0,0,1.0,0.0
7,1767,6,False,0,2025-02-24,1,0.0,0.12,0.15,0,24,0,0,0,0.8571428571428571,0.0
7,1807,6,False,0,2025-02-24,1,0.0,0.12,0.17,0,24,0,0,0,0.7142857142857143,0.0
7,1811,6,False,0,2025-02-24,0,0.0,0.04,0.06,0,24,0,0,0,0.8571428571428571,0.0
7,1828,6,False,0,2025-02-24,1,0.0,0.26,0.33,0,24,0,0,0,0.5714285714285714,0.0
7,1868,6,False,0,2025-02-24,1,0.0,0.12,0.14,0,24,0,0,0,0.42857142857142855,0.0
7,1901,6,False,0,2025-02-24,0,0.0,0.16,0.23,0,24,0,0,0,0.5714285714285714,0.0
7,1924,6,False,0,2025-02-24,0,0.0,0.07,0.09,0,24,0,0,0,0.5714285714285714,0.0
7,2680,6,False,0,2025-02-24,0,0.0,0.13,0.21,0,24,0,0,0,0.5714285714285714,0.0
7,2712,6,False,0,2025-02-24,3,0.0,0.12,0.14,0,24,0,0,0,0.42857142857142855,0.0
7,2912,6,False,0,2025-02-24,1,0.0,0.12,0.18,0,24,0,0,0,0.7142857142857143,0.0
7,3034,6,False,0,2025-02-24,2,0.0,0.11,0.16,0,24,0,0,0,0.8571428571428571,0.0
7,3088,6,False,0,2025-02-24,0,0.0,0.06,0.07,0,24,0,0,0,1.0,0.0
7,3187,6,False,0,2025-02-24,0,0.0,0.26,0.31,0,24,0,0,0,0.8571428571428571,0.0
7,3202,6,False,0,2025-02-24,1,0.0,0.14,0.21,0,24,0,0,0,0.8571428571428571,0.0
7,3604,6,False,0,2025-02-24,1,0.0,0.32,0.36,0,24,0,0,0,1.0,0.0
7,3648,6,False,0,2025-02-24,0,0.0,0.2,0.26,0,24,0,0,0,1.1428571428571428,0.0
7,3687,6,False,0,2025-02-24,1,0.0,0.14,0.22,0,24,0,0,0,0.7142857142857143,0.0
7,3842,6,False,0,2025-02-24,0,0.0,0.39,0.46,0,24,0,0,0,0.7142857142857143,0.0
7,3902,6,False,0,2025-02-24,1,0.0,0.17,0.22,0,24,0,0,0,0.42857142857142855,0.0
7,3912,6,False,0,2025-02-24,1,0.0,0.06,0.1,0,24,0,0,0,0.5714285714285714,0.0
7,4177,6,False,0,2025-02-24,1,0.0,0.06,0.08,0,24,0,0,0,0.7142857142857143,0.0
7,4234,6,False,0,2025-02-24,2,0.0,0.12,0.16,0,24,0,0,0,0.7142857142857143,0.0
7,4288,6,False,0,2025-02-24,1,0.0,0.13,0.21,0,24,0,0,0,0.8571428571428571,0.0
7,4376,6,False,0,2025-02-24,1,0.0,0.08,0.1,0,24,0,0,0,1.0,0.0
7,4386,6,False,0,2025-02-24,0,0.0,0.09,0.11,0,24,0,0,0,1.0,0.0
7,4468,6,False,0,2025-02-24,0,0.0,0.34,0.42,0,24,0,0,0,1.0,0.0
7,4892,6,False,0,2025-02-24,0,0.0,0.2,0.26,0,24,0,0,0,0.8571428571428571,0.0
7,4899,6,False,0,2025-02-24,2,0.0,0.06,0.1,0,24,0,0,0,0.7142857142857143,0.0
7,4917,6,False,0,2025-02-24,8,0.0,0.15,0.22,0,24,0,0,0,0.8571428571428571,0.0
7,5150,6,False,0,2025-02-24,0,0.0,0.18,0.26,0,24,0,0,0,1.7142857142857142,0.0
7,5193,6,False,0,2025-02-24,0,0.0,0.27,0.39,0,24,0,0,0,1.5714285714285714,0.0
7,188,7,False,0,2025-02-24,1,0.0,0.03,0.04,0,24,0,0,0,1.4285714285714286,0.0
7,348,7,False,0,2025-02-24,2,0.0,0.02,0.03,0,24,0,0,0,1.5714285714285714,0.0
7,392,7,False,0,2025-02-24,3,0.0,0.01,0.01,0,24,0,0,0,1.8571428571428572,0.0
7,503,7,False,0,2025-02-24,22,0.0,0.01,0.01,0,24,0,0,0,2.2857142857142856,0.0
7,680,7,False,0,2025-02-24,20,0.0,0.01,0.01,0,24,0,0,0,5.142857142857143,0.0
7,743,7,False,0,2025-02-24,4,0.0,0.02,0.04,0,24,0,0,0,6.857142857142857,0.0
7,840,7,False,0,2025-02-24,4,0.0,0.02,0.03,0,24,0,0,0,7.428571428571429,0.0
7,966,7,False,0,2025-02-24,2,0.0,0.03,0.04,0,24,0,0,0,8.0,0.0
7,1084,7,False,0,2025-02-24,1,0.0,0.01,0.01,0,24,0,0,0,8.142857142857142,0.0
7,1108,7,False,0,2025-02-24,4,0.0,0.05,0.09,0,24,0,0,0,8.0,0.0
7,1128,7,False,0,2025-02-24,0,0.0,0.02,0.02,0,24,0,0,0,8.142857142857142,0.0
7,1253,7,False,0,2025-02-24,7,0.0,0.01,0.02,0,24,0,0,0,5.0,0.0
7,1445,7,False,0,2025-02-24,4,0.0,0.04,0.05,0,24,0,0,0,3.142857142857143,0.0
7,1488,7,False,0,2025-02-24,1,0.0,0.01,0.01,0,24,0,0,0,3.142857142857143,0.0
7,1556,7,False,0,2025-02-24,4,0.0,0.02,0.03,0,24,0,0,0,2.7142857142857144,0.0
7,1591,7,False,0,2025-02-24,3,0.0,0.05,0.09,0,24,0,0,0,3.0,0.0
7,1677,7,False,0,2025-02-24,1,0.0,0.02,0.04,0,24,0,0,0,3.2857142857142856,0.0
7,1697,7,False,0,2025-02-24,1,0.0,0.05,0.07,0,24,0,0,0,2.857142857142857,0.0
7,1895,7,False,0,2025-02-24,1,0.0,0.02,0.02,0,24,0,0,0,3.0,0.0
7,1905,7,False,0,2025-02-24,2,1.0,0.02,0.02,0,24,0,0,0,2.142857142857143,0.0
7,1981,7,False,0,2025-02-24,2,1.0,0.01,0.01,0,24,0,0,0,1.8571428571428572,0.0
7,2105,7,False,0,2025-02-24,4,0.0,0.02,0.03,0,24,0,0,0,2.0,0.0
7,2182,7,False,0,2025-02-24,2,0.0,0.2,0.23,0,24,0,0,0,2.0,0.0
7,2202,7,False,0,2025-02-24,4,0.0,0.11,0.14,0,24,0,0,0,1.8571428571428572,0.0
7,2232,7,False,0,2025-02-24,2,0.0,0.04,0.08,0,24,0,0,0,2.2857142857142856,0.0
7,2340,7,False,0,2025-02-24,2,1.0,0.02,0.02,0,24,0,0,0,2.4285714285714284,0.0
7,2380,7,False,0,2025-02-24,2,0.0,0.03,0.05,0,24,0,0,0,2.5714285714285716,0.0
7,2439,7,False,0,2025-02-24,5,0.0,0.03,0.04,0,24,0,0,0,2.5714285714285716,0.0
7,2645,7,False,0,2025-02-24,1,0.0,0.03,0.04,0,24,0,0,0,3.0,0.0
7,2792,7,False,0,2025-02-24,1,0.0,0.02,0.04,0,24,0,0,0,2.5714285714285716,0.0
7,2989,7,False,0,2025-02-24,17,0.0,0.0,0.0,0,24,0,0,0,2.4285714285714284,0.0
7,3025,7,False,0,2025-02-24,7,0.0,0.01,0.01,0,24,0,0,0,4.285714285714286,0.0
7,3078,7,False,0,2025-02-24,0,0.0,0.07,0.1,0,24,0,0,0,5.0,0.0
7,3111,7,False,0,2025-02-24,1,0.0,0.03,0.04,0,24,0,0,0,4.714285714285714,0.0
7,3125,7,False,0,2025-02-24,1,0.0,0.02,0.03,0,24,0,0,0,4.571428571428571,0.0
7,4069,7,False,0,2025-02-24,0,0.0,0.02,0.02,0,24,0,0,0,4.0,0.0
7,4233,7,False,0,2025-02-24,0,0.0,0.06,0.07,0,24,0,0,0,3.857142857142857,0.0
7,4424,7,False,0,2025-02-24,15,0.0,0.02,0.05,0,24,0,0,0,3.7142857142857144,0.0
7,4454,7,False,0,2025-02-24,3,0.0,0.01,0.02,0,24,0,0,0,3.4285714285714284,0.0
7,4484,7,False,0,2025-02-24,19,0.0,0.02,0.05,0,24,0,0,0,2.857142857142857,0.0
7,4599,7,False,0,2025-02-24,3,0.0,0.01,0.02,0,24,0,0,0,5.571428571428571,0.0
7,4624,7,False,0,2025-02-24,0,0.0,0.03,0.04,0,24,0,0,0,5.857142857142857,0.0
7,4763,7,False,0,2025-02-24,1,0.0,0.01,0.02,0,24,0,0,0,5.714285714285714,0.0
7,4788,7,False,0,2025-02-24,4,0.0,0.02,0.04,0,24,0,0,0,5.857142857142857,0.0
7,4841,7,False,0,2025-02-24,1,0.0,0.01,0.02,0,24,0,0,0,6.428571428571429,0.0
7,4910,7,False,0,2025-02-24,1,0.0,0.2,0.23,0,24,0,0,0,4.428571428571429,0.0
7,5031,7,False,0,2025-02-24,2,0.0,0.3,0.46,0,24,0,0,0,4.142857142857143,0.0
7,5141,7,False,0,2025-02-24,1,0.0,0.02,0.03,0,24,0,0,0,1.7142857142857142,0.0
7,55,8,False,0,2025-02-24,6,0.0,0.04,0.08,0,24,0,0,0,1.4285714285714286,0.0
7,367,8,False,0,2025-02-24,15,0.0,0.02,0.04,0,24,0,0,0,2.2857142857142856,0.0
7,494,8,False,0,2025-02-24,8,0.0,0.01,0.03,0,24,0,0,0,4.285714285714286,0.0
7,566,8,False,0,2025-02-24,15,0.0,0.01,0.01,0,24,0,0,0,4.857142857142857,0.0
7,658,8,False,0,2025-02-24,2,0.0,0.1,0.17,0,24,0,0,0,6.857142857142857,0.0
7,675,8,False,0,2025-02-24,0,0.0,0.01,0.02,0,24,0,0,0,7.0,0.0
7,790,8,False,0,2025-02-24,3,0.0,0.01,0.02,0,24,0,0,0,6.714285714285714,0.0
7,868,8,False,0,2025-02-24,1,0.0,0.14,0.21,0,24,0,0,0,7.0,0.0
7,870,8,False,0,2025-02-24,3,0.0,0.01,0.01,0,24,0,0,0,6.285714285714286,0.0
7,1004,8,False,0,2025-02-24,7,0.0,0.02,0.06,0,24,0,0,0,4.571428571428571,0.0
7,1076,8,False,0,2025-02-24,9,0.0,0.01,0.02,0,24,0,0,0,4.428571428571429,0.0
7,1116,8,False,0,2025-02-24,11,0.0,0.02,0.02,0,24,0,0,0,3.5714285714285716,0.0
7,1134,8,False,0,2025-02-24,19,0.0,0.0,0.01,0,24,0,0,0,4.857142857142857,0.0
7,1285,8,False,0,2025-02-24,8,0.0,0.03,0.05,0,24,0,0,0,7.571428571428571,0.0
7,1541,8,False,0,2025-02-24,3,0.0,0.02,0.03,0,24,0,0,0,8.285714285714286,0.0
7,1748,8,False,0,2025-02-24,11,0.0,0.03,0.04,0,24,0,0,0,8.571428571428571,0.0
7,1819,8,False,0,2025-02-24,7,0.0,0.01,0.02,0,24,0,0,0,9.714285714285714,0.0
7,1923,8,False,0,2025-02-24,2,0.0,0.01,0.02,0,24,0,0,0,9.714285714285714,0.0
7,1930,8,False,0,2025-02-24,1,0.0,0.03,0.05,0,24,0,0,0,8.714285714285714,0.0
7,2029,8,False,0,2025-02-24,1,0.0,0.04,0.06,0,24,0,0,0,7.285714285714286,0.0
7,2288,8,False,0,2025-02-24,17,0.0,0.01,0.02,0,24,0,0,0,4.714285714285714,0.0
7,3028,8,False,0,2025-02-24,3,0.0,0.01,0.02,0,24,0,0,0,6.0,0.0
7,3180,8,False,0,2025-02-24,13,0.0,0.01,0.03,0,24,0,0,0,6.0,0.0
7,3326,8,False,0,2025-02-24,5,1.0,0.03,0.04,0,24,0,0,0,6.285714285714286,0.0
7,3450,8,False,0,2025-02-24,8,1.0,0.02,0.04,0,24,0,0,0,6.0,0.0
7,3476,8,False,0,2025-02-24,2,0.0,0.07,0.11,0,24,0,0,0,6.857142857142857,0.0
7,3574,8,False,0,2025-02-24,6,0.0,0.02,0.03,0,24,0,0,0,7.0,0.0
7,3592,8,False,0,2025-02-24,5,0.0,0.02,0.04,0,24,0,0,0,7.714285714285714,0.0
7,3750,8,False,0,2025-02-24,12,0.0,0.01,0.02,0,24,0,0,0,6.0,0.0
7,3770,8,False,0,2025-02-24,5,0.0,0.01,0.02,0,24,0,0,0,7.285714285714286,0.0
7,3890,8,False,0,2025-02-24,16,0.0,0.02,0.04,0,24,0,0,0,6.142857142857143,0.0
7,3963,8,False,0,2025-02-24,6,0.0,0.01,0.01,0,24,0,0,0,7.714285714285714,0.0
7,4115,8,False,0,2025-02-24,5,0.0,0.02,0.04,0,24,0,0,0,7.428571428571429,0.0
7,4538,8,False,0,2025-02-24,4,1.0,0.02,0.03,0,24,0,0,0,7.857142857142857,0.0
7,4609,8,False,0,2025-02-24,9,0.0,0.05,0.08,0,24,0,0,0,7.571428571428571,0.0
7,4666,8,False,0,2025-02-24,10,1.0,0.01,0.02,0,24,0,0,0,8.142857142857142,0.0
7,4668,8,False,0,2025-02-24,2,0.0,0.01,0.02,0,24,0,0,0,7.857142857142857,0.0
7,4676,8,False,0,2025-02-24,13,0.0,0.01,0.01,0,24,0,0,0,7.428571428571429,0.0
7,4751,8,False,0,2025-02-24,0,0.0,0.02,0.03,0,24,0,0,0,7.0,0.0
7,4807,8,False,0,2025-02-24,12,1.0,0.01,0.01,0,24,0,0,0,6.142857142857143,0.0
7,4862,8,False,0,2025-02-24,2,0.0,0.18,0.29,0,24,0,0,0,7.142857142857143,0.0
7,5001,8,False,0,2025-02-24,11,0.0,0.01,0.03,0,24,0,0,0,6.857142857142857,0.0
7,5203,8,False,0,2025-02-24,17,0.0,0.01,0.03,0,24,0,0,0,7.142857142857143,0.0
7,3,9,True,0,2025-02-24,0,1.0,0.02,0.06,0,24,0,0,0,8.142857142857142,0.0
7,29,9,True,0,2025-02-24,0,0.0,0.05,0.07,0,24,0,0,0,7.857142857142857,0.0
7,67,9,True,0,2025-02-24,0,0.0,0.01,0.03,0,24,0,0,0,6.0,0.0
7,68,9,True,0,2025-02-24,0,0.0,0.02,0.04,0,24,0,0,0,6.0,0.0
7,75,9,True,0,2025-02-24,3,0.0,0.03,0.05,0,24,0,0,0,4.285714285714286,0.0
7,162,9,True,0,2025-02-24,0,0.0,0.03,0.06,0,24,0,0,0,4.428571428571429,0.0
7,176,9,True,0,2025-02-24,0,0.0,0.02,0.05,0,24,0,0,0,2.857142857142857,0.0
7,266,9,True,0,2025-02-24,0,0.0,0.03,0.07,0,24,0,0,0,0.42857142857142855,0.0
7,322,9,True,0,2025-02-24,0,0.0,0.05,0.07,0,24,0,0,0,0.42857142857142855,0.0
7,335,9,True,0,2025-02-24,0,0.0,0.02,0.03,0,24,0,0,0,0.42857142857142855,0.0
7,342,9,True,0,2025-02-24,0,0.0,0.02,0.1,0,24,0,0,0,0.42857142857142855,0.0
7,379,9,True,0,2025-02-24,0,0.0,0.06,0.08,0,24,0,0,0,0.42857142857142855,0.0
7,426,9,True,0,2025-02-24,0,0.0,0.05,0.14,0,24,0,0,0,0.0,0.0
7,469,9,True,0,2025-02-24,0,0.0,0.02,0.03,0,24,0,0,0,0.0,0.0
7,487,9,True,0,2025-02-24,0,0.0,0.03,0.07,0,24,0,0,0,0.0,0.0
7,500,9,True,0,2025-02-24,0,0.0,0.01,0.06,0,24,0,0,0,0.0,0.0
7,520,9,True,0,2025-02-24,0,0.0,0.04,0.1,0,24,0,0,0,0.0,0.0
7,546,9,True,0,2025-02-24,1,0.0,0.02,0.05,0,24,0,0,0,0.0,0.0
7,562,9,True,0,2025-02-24,0,0.0,0.03,0.05,0,24,0,0,0,0.14285714285714285,0.0
7,589,9,True,0,2025-02-24,0,0.0,0.03,0.05,0,24,0,0,0,0.14285714285714285,0.0
7,591,9,True,0,2025-02-24,0,0.0,0.04,0.09,0,24,0,0,0,0.14285714285714285,0.0
7,654,9,True,0,2025-02-24,0,0.0,0.03,0.08,0,24,0,0,0,0.14285714285714285,0.0
7,673,9,True,0,2025-02-24,0,0.0,0.02,0.06,0,24,0,0,0,0.14285714285714285,0.0
7,687,9,True,0,2025-02-24,0,0.0,0.04,0.09,0,24,0,0,0,0.14285714285714285,0.0
7,698,9,True,0,2025-02-24,0,0.0,0.04,0.16,0,24,0,0,0,0.14285714285714285,0.0
7,708,9,True,0,2025-02-24,0,0.0,0.04,0.1,0,24,0,0,0,0.0,0.0
7,715,9,True,0,2025-02-24,1,0.0,0.02,0.03,0,24,0,0,0,0.0,0.0
7,738,9,True,0,2025-02-24,1,0.0,0.03,0.11,0,24,0,0,0,0.14285714285714285,0.0
7,856,9,True,0,2025-02-24,1,0.0,0.01,0.02,0,24,0,0,0,0.2857142857142857,0.0
7,884,9,True,0,2025-02-24,0,0.0,0.05,0.07,0,24,0,0,0,0.42857142857142855,0.0
7,893,9,True,0,2025-02-24,0,0.0,0.02,0.05,0,24,0,0,0,0.42857142857142855,0.0
7,908,9,True,0,2025-02-24,0,0.0,0.05,0.09,0,24,0,0,0,0.42857142857142855,0.0
7,920,9,True,0,2025-02-24,0,0.0,0.04,0.05,0,24,0,0,0,0.42857142857142855,0.0
7,942,9,True,0,2025-02-24,2,0.0,0.01,0.05,0,24,0,0,0,0.42857142857142855,0.0
7,955,9,True,0,2025-02-24,0,0.0,0.06,0.08,0,24,0,0,0,0.5714285714285714,0.0
7,957,9,True,0,2025-02-24,0,0.0,0.05,0.15,0,24,0,0,0,0.42857142857142855,0.0
7,977,9,True,0,2025-02-24,0,0.0,0.1,0.16,0,24,0,0,0,0.2857142857142857,0.0
7,1016,9,True,0,2025-02-24,0,0.0,0.02,0.07,0,24,0,0,0,0.2857142857142857,0.0
7,1039,9,True,0,2025-02-24,0,0.0,0.01,0.04,0,24,0,0,0,0.2857142857142857,0.0
7,1050,9,True,0,2025-02-24,0,0.0,0.07,0.19,0,24,0,0,0,0.2857142857142857,0.0
7,1075,9,True,0,2025-02-24,3,0.0,0.03,0.04,0,24,0,0,0,0.2857142857142857,0.0
7,1081,9,True,0,2025-02-24,0,0.0,0.02,0.1,0,24,0,0,0,0.42857142857142855,0.0
7,1157,9,True,0,2025-02-24,0,0.0,0.04,0.1,0,24,0,0,0,0.42857142857142855,0.0
7,1168,9,True,0,2025-02-24,0,0.0,0.09,0.15,0,24,0,0,0,0.42857142857142855,0.0
7,1241,9,True,0,2025-02-24,0,0.0,0.05,0.13,0,24,0,0,0,0.42857142857142855,0.0
7,1243,9,True,0,2025-02-24,0,0.0,0.04,0.08,0,24,0,0,0,0.42857142857142855,0.0
7,1281,9,True,0,2025-02-24,1,0.0,0.02,0.03,0,24,0,0,0,0.42857142857142855,0.0
7,1334,9,True,0,2025-02-24,0,0.0,0.02,0.04,0,24,0,0,0,0.5714285714285714,0.0
7,1364,9,True,0,2025-02-24,0,2.0,0.03,0.11,0,24,0,0,0,0.14285714285714285,0.0
7,1453,9,True,0,2025-02-24,0,0.0,0.04,0.07,0,24,0,0,0,0.14285714285714285,0.0
7,1504,9,True,0,2025-02-24,0,0.0,0.1,0.12,0,24,0,0,0,0.14285714285714285,0.0
7,1615,9,True,0,2025-02-24,0,0.0,0.02,0.04,0,24,0,0,0,0.14285714285714285,0.0
7,1699,9,True,0,2025-02-24,0,0.0,0.04,0.08,0,24,0,0,0,0.14285714285714285,0.0
7,1701,9,True,0,2025-02-24,0,0.0,0.03,0.04,0,24,0,0,0,0.14285714285714285,0.0
7,1713,9,True,0,2025-02-24,0,0.0,0.01,0.02,0,24,0,0,0,0.0,0.0
7,1728,9,True,0,2025-02-24,0,1.0,0.02,0.07,0,24,0,0,0,0.0,0.0
7,1774,9,True,0,2025-02-24,0,0.0,0.04,0.06,0,24,0,0,0,0.0,0.0
7,1872,9,True,0,2025-02-24,1,1.0,0.04,0.1,0,24,0,0,0,0.0,0.0
7,1885,9,True,0,2025-02-24,93,0.0,0.01,0.01,0,24,0,0,0,0.14285714285714285,0.0
7,1890,9,True,0,2025-02-24,0,0.0,0.02,0.06,0,24,0,0,0,13.428571428571429,0.0
7,2007,9,True,0,2025-02-24,0,0.0,0.02,0.07,0,24,0,0,0,13.428571428571429,0.0
7,2009,9,True,0,2025-02-24,0,0.0,0.01,0.03,0,24,0,0,0,13.428571428571429,0.0
7,2067,9,True,0,2025-02-24,0,0.0,0.04,0.09,0,24,0,0,0,13.428571428571429,0.0
7,2068,9,True,0,2025-02-24,0,0.0,0.02,0.05,0,24,0,0,0,13.428571428571429,0.0
7,2073,9,True,0,2025-02-24,0,0.0,0.01,0.03,0,24,0,0,0,13.428571428571429,0.0
7,2076,9,True,0,2025-02-24,0,0.0,0.04,0.08,0,24,0,0,0,13.285714285714286,0.0
7,2121,9,True,0,2025-02-24,0,0.0,0.02,0.05,0,24,0,0,0,0.0,0.0
7,2138,9,True,0,2025-02-24,0,0.0,0.05,0.09,0,24,0,0,0,0.0,0.0
7,2184,9,True,0,2025-02-24,0,0.0,0.02,0.07,0,24,0,0,0,0.0,0.0
7,2220,9,True,0,2025-02-24,0,0.0,0.01,0.05,0,24,0,0,0,0.0,0.0
7,2225,9,True,0,2025-02-24,0,0.0,0.03,0.09,0,24,0,0,0,0.0,0.0
7,2299,9,True,0,2025-02-24,0,0.0,0.02,0.05,0,24,0,0,0,0.0,0.0
7,2353,9,True,0,2025-02-24,0,0.0,0.01,0.01,0,24,0,0,0,0.0,0.0
7,2356,9,True,0,2025-02-24,0,0.0,0.01,0.01,0,24,0,0,0,0.0,0.0
7,2388,9,True,0,2025-02-24,0,0.0,0.03,0.11,0,24,0,0,0,0.0,0.0
7,2409,9,True,0,2025-02-24,0,1.0,0.05,0.09,0,24,0,0,0,0.0,0.0
7,2427,9,True,0,2025-02-24,1,0.0,0.01,0.03,0,24,0,0,0,0.0,0.0
7,2449,9,True,0,2025-02-24,0,0.0,0.05,0.1,0,24,0,0,0,0.14285714285714285,0.0
7,2493,9,True,0,2025-02-24,0,0.0,0.02,0.04,0,24,0,0,0,0.14285714285714285,0.0
7,2540,9,True,0,2025-02-24,0,0.0,0.05,0.15,0,24,0,0,0,0.14285714285714285,0.0
7,2552,9,True,0,2025-02-24,0,0.0,0.04,0.06,0,24,0,0,0,0.14285714285714285,0.0
7,2597,9,True,0,2025-02-24,0,0.0,0.01,0.03,0,24,0,0,0,0.14285714285714285,0.0
7,2608,9,True,0,2025-02-24,0,0.0,0.04,0.09,0,24,0,0,0,0.14285714285714285,0.0
7,2629,9,True,0,2025-02-24,0,0.0,0.02,0.1,0,24,0,0,0,0.14285714285714285,0.0
7,2633,9,True,0,2025-02-24,0,0.0,0.01,0.01,0,24,0,0,0,0.0,0.0
7,2684,9,True,0,2025-02-24,0,0.0,0.04,0.09,0,24,0,0,0,0.0,0.0
7,2694,9,True,0,2025-02-24,0,0.0,0.04,0.1,0,24,0,0,0,0.0,0.0
7,2724,9,True,0,2025-02-24,0,0.0,0.01,0.04,0,24,0,0,0,0.0,0.0
7,2791,9,True,0,2025-02-24,0,0.0,0.1,0.2,0,24,0,0,0,0.0,0.0
7,2796,9,True,0,2025-02-24,0,0.0,0.03,0.08,0,24,0,0,0,0.0,0.0
7,2828,9,True,0,2025-02-24,4,0.0,0.02,0.05,0,24,0,0,0,0.0,0.0
7,2868,9,True,0,2025-02-24,0,0.0,0.03,0.04,0,24,0,0,0,0.5714285714285714,0.0
7,2869,9,True,0,2025-02-24,0,0.0,0.05,0.09,0,24,0,0,0,0.5714285714285714,0.0
7,2877,9,True,0,2025-02-24,0,0.0,0.1,0.23,0,24,0,0,0,0.5714285714285714,0.0
7,2895,9,True,0,2025-02-24,0,0.0,0.06,0.08,0,24,0,0,0,0.5714285714285714,0.0
7,2896,9,True,0,2025-02-24,0,0.0,0.04,0.07,0,24,0,0,0,0.5714285714285714,0.0
7,2921,9,True,0,2025-02-24,0,0.0,0.07,0.29,0,24,0,0,0,0.5714285714285714,0.0
7,2937,9,True,0,2025-02-24,1,1.0,0.03,0.09,0,24,0,0,0,0.5714285714285714,0.0
7,2945,9,True,0,2025-02-24,0,0.0,0.06,0.09,0,24,0,0,0,0.14285714285714285,0.0
7,2967,9,True,0,2025-02-24,0,0.0,0.13,0.19,0,24,0,0,0,0.14285714285714285,0.0
7,2986,9,True,0,2025-02-24,0,0.0,0.03,0.03,0,24,0,0,0,0.14285714285714285,0.0
7,2998,9,True,0,2025-02-24,0,0.0,0.01,0.05,0,24,0,0,0,0.14285714285714285,0.0
7,3036,9,True,0,2025-02-24,0,0.0,0.03,0.09,0,24,0,0,0,0.14285714285714285,0.0
7,3059,9,True,0,2025-02-24,0,0.0,0.06,0.1,0,24,0,0,0,0.14285714285714285,0.0
7,3160,9,True,0,2025-02-24,0,0.0,0.01,0.02,0,24,0,0,0,0.14285714285714285,0.0
7,3191,9,True,0,2025-02-24,0,0.0,0.06,0.1,0,24,0,0,0,0.0,0.0
7,3291,9,True,0,2025-02-24,0,0.0,0.05,0.1,0,24,0,0,0,0.0,0.0
7,3332,9,True,0,2025-02-24,0,0.0,0.02,0.09,0,24,0,0,0,0.0,0.0
7,3367,9,True,0,2025-02-24,0,0.0,0.06,0.07,0,24,0,0,0,0.0,0.0
7,3405,9,True,0,2025-02-24,0,0.0,0.01,0.04,0,24,0,0,0,0.0,0.0
7,3412,9,True,0,2025-02-24,0,0.0,0.01,0.02,0,24,0,0,0,0.0,0.0
7,3477,9,True,0,2025-02-24,0,0.0,0.03,0.05,0,24,0,0,0,0.0,0.0
7,3491,9,True,0,2025-02-24,0,0.0,0.03,0.12,0,24,0,0,0,0.0,0.0
7,3503,9,True,0,2025-02-24,0,0.0,0.01,0.04,0,24,0,0,0,0.0,0.0
7,3505,9,True,0,2025-02-24,0,0.0,0.04,0.1,0,24,0,0,0,0.0,0.0
7,3531,9,True,0,2025-02-24,0,0.0,0.02,0.06,0,24,0,0,0,0.0,0.0
7,3584,9,True,0,2025-02-24,0,0.0,0.02,0.09,0,24,0,0,0,0.0,0.0
7,3699,9,True,0,2025-02-24,1,0.0,0.01,0.02,0,24,0,0,0,0.0,0.0
7,3702,9,True,0,2025-02-24,0,0.0,0.02,0.03,0,24,0,0,0,0.14285714285714285,0.0
7,3794,9,True,0,2025-02-24,0,0.0,0.03,0.03,0,24,0,0,0,0.14285714285714285,0.0
7,3836,9,True,0,2025-02-24,0,0.0,0.05,0.1,0,24,0,0,0,0.14285714285714285,0.0
7,3872,9,True,0,2025-02-24,4,0.0,0.04,0.07,0,24,0,0,0,0.14285714285714285,0.0
7,3884,9,True,0,2025-02-24,0,0.0,0.01,0.03,0,24,0,0,0,0.7142857142857143,0.0
7,3962,9,True,0,2025-02-24,0,0.0,0.05,0.14,0,24,0,0,0,0.7142857142857143,0.0
7,3998,9,True,0,2025-02-24,0,0.0,0.04,0.09,0,24,0,0,0,0.7142857142857143,0.0
7,4008,9,True,0,2025-02-24,0,0.0,0.04,0.18,0,24,0,0,0,0.5714285714285714,0.0
7,4056,9,True,0,2025-02-24,0,0.0,0.02,0.05,0,24,0,0,0,0.5714285714285714,0.0
7,4075,9,True,0,2025-02-24,0,0.0,0.06,0.2,0,24,0,0,0,0.5714285714285714,0.0
7,4083,9,True,0,2025-02-24,0,0.0,0.09,0.19,0,24,0,0,0,0.5714285714285714,0.0
7,4232,9,True,0,2025-02-24,0,0.0,0.13,0.18,0,24,0,0,0,0.0,0.0
7,4259,9,True,0,2025-02-24,0,0.0,0.26,0.31,0,24,0,0,0,0.0,0.0
7,4262,9,True,0,2025-02-24,0,0.0,0.02,0.05,0,24,0,0,0,0.0,0.0
7,4279,9,True,0,2025-02-24,0,0.0,0.05,0.1,0,24,0,0,0,0.0,0.0
7,4296,9,True,0,2025-02-24,0,0.0,0.04,0.07,0,24,0,0,0,0.0,0.0
7,4332,9,True,0,2025-02-24,0,0.0,0.04,0.1,0,24,0,0,0,0.0,0.0
7,4353,9,True,0,2025-02-24,0,0.0,0.01,0.07,0,24,0,0,0,0.0,0.0
7,4363,9,True,0,2025-02-24,0,0.0,0.05,0.12,0,24,0,0,0,0.0,0.0
7,4393,9,True,0,2025-02-24,1,0.0,0.09,0.13,0,24,0,0,0,0.0,0.0
7,4406,9,True,0,2025-02-24,0,0.0,0.02,0.07,0,24,0,0,0,0.14285714285714285,0.0
7,4459,9,True,0,2025-02-24,4,0.0,0.02,0.04,0,24,0,0,0,0.14285714285714285,0.0
7,4477,9,True,0,2025-02-24,0,0.0,0.03,0.03,0,24,0,0,0,0.7142857142857143,0.0
7,4532,9,True,0,2025-02-24,0,0.0,0.02,0.04,0,24,0,0,0,0.7142857142857143,0.0
7,4574,9,True,0,2025-02-24,0,0.0,0.01,0.02,0,24,0,0,0,0.7142857142857143,0.0
7,4623,9,True,0,2025-02-24,0,0.0,0.03,0.08,0,24,0,0,0,0.7142857142857143,0.0
7,4677,9,True,0,2025-02-24,0,0.0,0.12,0.24,0,24,0,0,0,0.7142857142857143,0.0
7,4695,9,True,0,2025-02-24,0,0.0,0.04,0.07,0,24,0,0,0,0.5714285714285714,0.0
7,4709,9,True,0,2025-02-24,1,0.0,0.08,0.12,0,24,0,0,0,0.5714285714285714,0.0
7,4728,9,True,0,2025-02-24,0,0.0,0.02,0.02,0,24,0,0,0,0.14285714285714285,0.0
7,4737,9,True,0,2025-02-24,5,0.0,0.01,0.03,0,24,0,0,0,0.14285714285714285,0.0
7,4775,9,True,0,2025-02-24,0,0.0,0.04,0.1,0,24,0,0,0,0.8571428571428571,0.0
7,4784,9,True,0,2025-02-24,0,0.0,0.01,0.03,0,24,0,0,0,0.8571428571428571,0.0
7,4858,9,True,0,2025-02-24,1,0.0,0.15,0.21,0,24,0,0,0,0.8571428571428571,0.0
7,4863,9,True,0,2025-02-24,1,0.0,0.02,0.05,0,24,0,0,0,1.0,0.0
7,4927,9,True,0,2025-02-24,0,0.0,0.06,0.1,0,24,0,0,0,1.1428571428571428,0.0
7,4974,9,True,0,2025-02-24,0,0.0,0.02,0.05,0,24,0,0,0,1.0,0.0
7,5011,9,True,0,2025-02-24,0,0.0,0.06,0.11,0,24,0,0,0,1.0,0.0
7,5012,9,True,0,2025-02-24,0,0.0,0.01,0.03,0,24,0,0,0,0.2857142857142857,0.0
7,5070,9,True,0,2025-02-24,0,0.0,0.05,0.08,0,24,0,0,0,0.2857142857142857,0.0
7,5226,9,True,0,2025-02-24,0,0.0,0.05,0.1,0,24,0,0,0,0.2857142857142857,0.0
7,5242,9,True,0,2025-02-24,0,0.0,0.04,0.06,0,24,0,0,0,0.14285714285714285,0.0
7,5252,9,True,0,2025-02-24,0,1.0,0.01,0.01,0,24,0,0,0,0.0,0.0
7,15,10,False,0,2025-02-24,10,0.0,0.03,0.13,0,24,0,0,0,0.0,0.0
7,149,10,False,0,2025-02-24,15,0.0,0.02,0.07,0,24,0,0,0,1.4285714285714286,0.0
7,2636,10,False,0,2025-02-24,9,0.0,0.09,0.19,0,24,0,0,0,3.5714285714285716,0.0
7,3122,10,False,0,2025-02-24,13,0.0,0.01,0.04,0,24,0,0,0,4.857142857142857,0.0
7,3904,10,False,0,2025-02-24,22,0.0,0.03,0.09,0,24,0,0,0,6.714285714285714,0.0
7,4959,10,False,0,2025-02-24,23,0.0,0.01,0.02,0,24,0,0,0,9.857142857142858,0.0
7,518,11,False,0,2025-02-24,2,0.0,0.16,0.15,0,24,0,0,0,13.142857142857142,0.0
7,669,11,False,0,2025-02-24,3,0.0,0.07,0.09,0,24,0,0,0,13.428571428571429,0.0
7,926,11,False,0,2025-02-24,3,0.0,0.14,0.18,0,24,0,0,0,12.428571428571429,0.0
7,934,11,False,0,2025-02-24,1,0.0,0.18,0.22,0,24,0,0,0,10.714285714285714,0.0
7,1341,11,False,0,2025-02-24,2,0.0,0.16,0.17,0,24,0,0,0,9.571428571428571,0.0
7,1710,11,False,0,2025-02-24,3,0.0,0.12,0.15,0,24,0,0,0,8.0,0.0
7,1735,11,False,0,2025-02-24,3,0.0,0.1,0.14,0,24,0,0,0,5.285714285714286,0.0
7,1879,11,False,0,2025-02-24,4,0.0,0.1,0.15,0,24,0,0,0,2.4285714285714284,0.0
7,3084,11,False,0,2025-02-24,2,0.0,0.12,0.15,0,24,0,0,0,2.7142857142857144,0.0
7,3602,11,False,0,2025-02-24,2,0.0,0.12,0.15,0,24,0,0,0,2.5714285714285716,0.0
7,3829,11,False,0,2025-02-24,6,0.0,0.1,0.15,0,24,0,0,0,2.4285714285714284,0.0
7,3961,11,False,0,2025-02-24,3,0.0,0.09,0.12,0,24,0,0,0,3.142857142857143,0.0
7,4171,11,False,0,2025-02-24,3,0.0,0.14,0.2,0,24,0,0,0,3.2857142857142856,0.0
7,4322,11,False,0,2025-02-24,4,0.0,0.1,0.12,0,24,0,0,0,3.2857142857142856,0.0
7,4441,11,False,0,2025-02-24,3,0.0,0.12,0.16,0,24,0,0,0,3.4285714285714284,0.0
7,4930,11,False,0,2025-02-24,4,0.0,0.09,0.12,0,24,0,0,0,3.2857142857142856,0.0
7,27,1,False,0,2025-02-28,2,0.0,0.07,0.08,4,28,0,0,1,3.5714285714285716,0.0
7,982,1,False,0,2025-02-28,2,0.0,0.2,0.23,4,28,0,0,1,3.5714285714285716,0.0
7,1030,1,False,0,2025-02-28,2,0.0,0.29,0.34,4,28,0,0,1,3.0,0.0
7,1304,1,False,0,2025-02-28,1,0.0,0.04,0.05,4,28,0,0,1,2.857142857142857,0.0
7,1590,1,False,0,2025-02-28,4,0.0,0.06,0.07,4,28,0,0,1,2.5714285714285716,0.0
7,1752,1,False,0,2025-02-28,2,0.0,0.16,0.2,4,28,0,0,1,2.5714285714285716,0.0
7,1840,1,False,0,2025-02-28,2,0.0,0.13,0.15,4,28,0,0,1,2.4285714285714284,0.0
7,1853,1,False,0,2025-02-28,0,0.0,0.18,0.19,4,28,0,0,1,2.142857142857143,0.0
7,1874,1,False,0,2025-02-28,3,0.0,0.03,0.04,4,28,0,0,1,1.8571428571428572,0.0
7,2850,1,False,0,2025-02-28,2,0.0,0.18,0.2,4,28,0,0,1,2.0,0.0
7,3058,1,False,0,2025-02-28,3,0.0,0.16,0.21,4,28,0,0,1,2.0,0.0
7,3120,1,False,0,2025-02-28,2,0.0,0.16,0.18,4,28,0,0,1,2.2857142857142856,0.0
7,3326,1,False,0,2025-02-28,0,6.0,0.03,0.04,4,28,0,0,1,2.0,0.0
7,3621,1,False,0,2025-02-28,2,0.0,0.03,0.04,4,28,0,0,1,1.7142857142857142,0.0
7,3625,1,False,0,2025-02-28,2,0.0,0.16,0.19,4,28,0,0,1,1.7142857142857142,0.0
7,4088,1,False,0,2025-02-28,4,0.0,0.33,0.4,4,28,0,0,1,2.0,0.0
7,4089,1,False,0,2025-02-28,1,0.0,0.16,0.24,4,28,0,0,1,2.142857142857143,0.0
7,4206,1,False,0,2025-02-28,2,0.0,0.5,0.66,4,28,0,0,1,2.0,0.0
7,4693,1,False,0,2025-02-28,1,0.0,0.09,0.11,4,28,0,0,1,1.8571428571428572,0.0
7,5035,1,False,0,2025-02-28,3,0.0,0.13,0.15,4,28,0,0,1,1.7142857142857142,0.0
7,9,3,True,0,2025-02-28,0,0.0,0.11,0.16,4,28,0,0,1,2.142857142857143,0.0
7,42,3,True,0,2025-02-28,7,0.0,0.05,0.06,4,28,0,0,1,1.8571428571428572,0.0
7,54,3,True,0,2025-02-28,0,0.0,0.18,0.2,4,28,0,0,1,2.5714285714285716,0.0
7,63,3,True,0,2025-02-28,0,0.0,0.14,0.17,4,28,0,0,1,2.0,0.0
7,71,3,True,0,2025-02-28,1,0.0,0.03,0.03,4,28,0,0,1,1.8571428571428572,0.0
7,73,3,True,0,2025-02-28,0,0.0,0.15,0.19,4,28,0,0,1,1.7142857142857142,0.0
7,118,3,True,0,2025-02-28,6,0.0,0.05,0.07,4,28,0,0,1,1.5714285714285714,0.0
7,151,3,True,0,2025-02-28,0,0.0,0.21,0.29,4,28,0,0,1,2.0,0.0
7,154,3,True,0,2025-02-28,0,0.0,0.18,0.24,4,28,0,0,1,2.0,0.0
7,156,3,True,0,2025-02-28,0,0.0,0.04,0.05,4,28,0,0,1,1.0,0.0
7,224,3,True,0,2025-02-28,1,0.0,0.06,0.08,4,28,0,0,1,1.0,0.0
7,230,3,True,0,2025-02-28,20,0.0,0.03,0.05,4,28,0,0,1,1.1428571428571428,0.0
7,258,3,True,0,2025-02-28,1,0.0,0.03,0.04,4,28,0,0,1,3.857142857142857,0.0
7,304,3,True,0,2025-02-28,0,0.0,0.1,0.11,4,28,0,0,1,4.0,0.0
7,307,3,True,0,2025-02-28,0,0.0,0.16,0.19,4,28,0,0,1,3.142857142857143,0.0
7,319,3,True,0,2025-02-28,1,0.0,0.35,0.39,4,28,0,0,1,3.142857142857143,0.0
7,323,3,True,0,2025-02-28,1,0.0,0.28,0.32,4,28,0,0,1,3.2857142857142856,0.0
7,347,3,True,0,2025-02-28,0,0.0,0.06,0.07,4,28,0,0,1,3.4285714285714284,0.0
7,377,3,True,0,2025-02-28,0,0.0,0.12,0.16,4,28,0,0,1,3.2857142857142856,0.0
7,384,3,True,0,2025-02-28,0,0.0,0.04,0.06,4,28,0,0,1,0.42857142857142855,0.0
7,396,3,True,0,2025-02-28,0,0.0,0.22,0.26,4,28,0,0,1,0.2857142857142857,0.0
7,400,3,True,0,2025-02-28,0,0.0,0.19,0.21,4,28,0,0,1,0.2857142857142857,0.0
7,409,3,True,0,2025-02-28,0,0.0,0.1,0.13,4,28,0,0,1,0.2857142857142857,0.0
7,414,3,True,0,2025-02-28,0,0.0,0.08,0.1,4,28,0,0,1,0.14285714285714285,0.0
7,424,3,True,0,2025-02-28,0,0.0,0.09,0.11,4,28,0,0,1,0.0,0.0
7,430,3,True,0,2025-02-28,0,0.0,0.13,0.23,4,28,0,0,1,0.0,0.0
7,452,3,True,0,2025-02-28,0,0.0,0.07,0.08,4,28,0,0,1,0.0,0.0
7,514,3,True,0,2025-02-28,0,0.0,0.16,0.22,4,28,0,0,1,0.0,0.0
7,541,3,True,0,2025-02-28,1,0.0,0.07,0.1,4,28,0,0,1,0.0,0.0
7,550,3,True,0,2025-02-28,0,0.0,0.13,0.15,4,28,0,0,1,0.14285714285714285,0.0
7,570,3,True,0,2025-02-28,0,0.0,0.15,0.17,4,28,0,0,1,0.14285714285714285,0.0
7,571,3,True,0,2025-02-28,0,0.0,0.11,0.12,4,28,0,0,1,0.14285714285714285,0.0
7,604,3,True,0,2025-02-28,0,0.0,0.3,0.35,4,28,0,0,1,0.14285714285714285,0.0
7,618,3,True,0,2025-02-28,0,0.0,0.13,0.14,4,28,0,0,1,0.14285714285714285,0.0
7,630,3,True,0,2025-02-28,0,0.0,0.06,0.08,4,28,0,0,1,0.14285714285714285,0.0
7,642,3,True,0,2025-02-28,2,0.0,0.07,0.09,4,28,0,0,1,0.14285714285714285,0.0
7,643,3,True,0,2025-02-28,0,0.0,0.06,0.07,4,28,0,0,1,0.2857142857142857,0.0
7,664,3,True,0,2025-02-28,0,0.0,0.14,0.17,4,28,0,0,1,0.2857142857142857,0.0
7,674,3,True,0,2025-02-28,0,0.0,0.15,0.19,4,28,0,0,1,0.2857142857142857,0.0
7,679,3,True,0,2025-02-28,2,0.0,0.06,0.07,4,28,0,0,1,0.2857142857142857,0.0
7,713,3,True,0,2025-02-28,0,0.0,0.06,0.07,4,28,0,0,1,0.5714285714285714,0.0
7,725,3,True,0,2025-02-28,0,0.0,0.18,0.21,4,28,0,0,1,0.5714285714285714,0.0
7,766,3,True,0,2025-02-28,0,0.0,0.06,0.07,4,28,0,0,1,0.5714285714285714,0.0
7,767,3,True,0,2025-02-28,0,0.0,0.17,0.24,4,28,0,0,1,0.2857142857142857,0.0
7,775,3,True,0,2025-02-28,0,0.0,0.12,0.15,4,28,0,0,1,0.2857142857142857,0.0
7,800,3,True,0,2025-02-28,1,0.0,0.26,0.35,4,28,0,0,1,0.2857142857142857,0.0
7,804,3,True,0,2025-02-28,0,0.0,0.1,0.17,4,28,0,0,1,0.42857142857142855,0.0
7,806,3,True,0,2025-02-28,0,0.0,0.08,0.1,4,28,0,0,1,0.14285714285714285,0.0
7,807,3,True,0,2025-02-28,0,0.0,0.13,0.15,4,28,0,0,1,0.14285714285714285,0.0
7,808,3,True,0,2025-02-28,1,0.0,0.06,0.07,4,28,0,0,1,0.14285714285714285,0.0
7,832,3,True,0,2025-02-28,0,0.0,0.12,0.15,4,28,0,0,1,0.2857142857142857,0.0
7,836,3,True,0,2025-02-28,0,0.0,0.07,0.08,4,28,0,0,1,0.2857142857142857,0.0
7,841,3,True,0,2025-02-28,0,0.0,0.13,0.16,4,28,0,0,1,0.2857142857142857,0.0
7,847,3,True,0,2025-02-28,1,0.0,0.08,0.13,4,28,0,0,1,0.14285714285714285,0.0
7,850,3,True,0,2025-02-28,0,0.0,0.49,0.51,4,28,0,0,1,0.2857142857142857,0.0
7,874,3,True,0,2025-02-28,2,0.0,0.03,0.04,4,28,0,0,1,0.2857142857142857,0.0
7,897,3,True,0,2025-02-28,0,0.0,0.05,0.06,4,28,0,0,1,0.5714285714285714,0.0
7,903,3,True,0,2025-02-28,1,0.0,0.05,0.08,4,28,0,0,1,0.42857142857142855,0.0
7,905,3,True,0,2025-02-28,0,0.0,0.11,0.17,4,28,0,0,1,0.5714285714285714,0.0
7,921,3,True,0,2025-02-28,0,0.0,0.09,0.12,4,28,0,0,1,0.5714285714285714,0.0
7,922,3,True,0,2025-02-28,0,0.0,0.07,0.1,4,28,0,0,1,0.5714285714285714,0.0
7,937,3,True,0,2025-02-28,14,0.0,0.03,0.05,4,28,0,0,1,0.42857142857142855,0.0
7,940,3,True,0,2025-02-28,0,0.0,0.2,0.23,4,28,0,0,1,2.4285714285714284,0.0
7,965,3,True,0,2025-02-28,2,0.0,0.36,0.43,4,28,0,0,1,2.142857142857143,0.0
7,971,3,True,0,2025-02-28,5,0.0,0.08,0.1,4,28,0,0,1,2.4285714285714284,0.0
7,978,3,True,0,2025-02-28,0,0.0,0.11,0.16,4,28,0,0,1,3.0,0.0
7,983,3,True,0,2025-02-28,0,0.0,0.11,0.13,4,28,0,0,1,3.0,0.0
7,1005,3,True,0,2025-02-28,0,0.0,0.07,0.09,4,28,0,0,1,3.0,0.0
7,1006,3,True,0,2025-02-28,0,0.0,0.03,0.04,4,28,0,0,1,3.0,0.0
7,1022,3,True,0,2025-02-28,1,0.0,0.09,0.11,4,28,0,0,1,1.0,0.0
7,1046,3,True,0,2025-02-28,0,0.0,0.06,0.1,4,28,0,0,1,1.1428571428571428,0.0
7,1074,3,True,0,2025-02-28,2,0.0,0.11,0.13,4,28,0,0,1,0.8571428571428571,0.0
7,1080,3,True,0,2025-02-28,0,0.0,0.15,0.17,4,28,0,0,1,0.42857142857142855,0.0
7,1089,3,True,0,2025-02-28,0,0.0,0.11,0.14,4,28,0,0,1,0.42857142857142855,0.0
7,1094,3,True,0,2025-02-28,1,0.0,0.18,0.19,4,28,0,0,1,0.42857142857142855,0.0
7,1106,3,True,0,2025-02-28,6,0.0,0.08,0.12,4,28,0,0,1,0.5714285714285714,0.0
7,1141,3,True,0,2025-02-28,1,0.0,0.09,0.14,4,28,0,0,1,1.4285714285714286,0.0
7,1142,3,True,0,2025-02-28,0,0.0,0.28,0.26,4,28,0,0,1,1.4285714285714286,0.0
7,1150,3,True,0,2025-02-28,0,0.0,0.04,0.05,4,28,0,0,1,1.4285714285714286,0.0
7,1153,3,True,0,2025-02-28,0,0.0,0.07,0.08,4,28,0,0,1,1.1428571428571428,0.0
7,1173,3,True,0,2025-02-28,0,0.0,0.05,0.05,4,28,0,0,1,1.1428571428571428,0.0
7,1208,3,True,0,2025-02-28,1,0.0,0.1,0.11,4,28,0,0,1,1.1428571428571428,0.0
7,1246,3,True,0,2025-02-28,0,0.0,0.04,0.07,4,28,0,0,1,1.1428571428571428,0.0
7,1254,3,True,0,2025-02-28,0,0.0,0.23,0.29,4,28,0,0,1,0.2857142857142857,0.0
7,1280,3,True,0,2025-02-28,1,4.0,0.14,0.21,4,28,0,0,1,0.14285714285714285,0.0
7,1315,3,True,0,2025-02-28,0,0.0,0.14,0.19,4,28,0,0,1,0.2857142857142857,0.0
7,1322,3,True,0,2025-02-28,0,0.0,0.25,0.35,4,28,0,0,1,0.2857142857142857,0.0
7,1337,3,True,0,2025-02-28,0,0.0,0.04,0.05,4,28,0,0,1,0.2857142857142857,0.0
7,1348,3,True,0,2025-02-28,0,0.0,0.14,0.19,4,28,0,0,1,0.2857142857142857,0.0
7,1353,3,True,0,2025-02-28,2,0.0,0.12,0.15,4,28,0,0,1,0.14285714285714285,0.0
7,1387,3,True,0,2025-02-28,0,0.0,0.04,0.05,4,28,0,0,1,0.42857142857142855,0.0
7,1413,3,True,0,2025-02-28,0,0.0,0.51,0.6,4,28,0,0,1,0.42857142857142855,0.0
7,1446,3,True,0,2025-02-28,13,0.0,0.01,0.01,4,28,0,0,1,0.2857142857142857,0.0
7,1450,3,True,0,2025-02-28,1,0.0,0.05,0.07,4,28,0,0,1,2.142857142857143,0.0
7,1458,3,True,0,2025-02-28,2,0.0,0.05,0.06,4,28,0,0,1,2.2857142857142856,0.0
7,1460,3,True,0,2025-02-28,7,0.0,0.05,0.08,4,28,0,0,1,2.5714285714285716,0.0
7,1486,3,True,0,2025-02-28,0,0.0,0.07,0.1,4,28,0,0,1,3.5714285714285716,0.0
7,1514,3,True,0,2025-02-28,0,0.0,0.19,0.24,4,28,0,0,1,3.2857142857142856,0.0
7,1518,3,True,0,2025-02-28,0,0.0,0.17,0.23,4,28,0,0,1,3.2857142857142856,0.0
7,1520,3,True,0,2025-02-28,1,0.0,0.05,0.07,4,28,0,0,1,3.2857142857142856,0.0
7,1577,3,True,0,2025-02-28,1,0.0,0.07,0.09,4,28,0,0,1,1.5714285714285714,0.0
7,1604,3,True,0,2025-02-28,1,0.0,0.36,0.49,4,28,0,0,1,1.5714285714285714,0.0
7,1651,3,True,0,2025-02-28,1,0.0,0.22,0.26,4,28,0,0,1,1.4285714285714286,0.0
7,1660,3,True,0,2025-02-28,0,0.0,0.1,0.13,4,28,0,0,1,0.5714285714285714,0.0
7,1667,3,True,0,2025-02-28,0,0.0,0.07,0.08,4,28,0,0,1,0.5714285714285714,0.0
7,1689,3,True,0,2025-02-28,3,0.0,0.05,0.06,4,28,0,0,1,0.5714285714285714,0.0
7,1691,3,True,0,2025-02-28,2,0.0,0.03,0.05,4,28,0,0,1,1.0,0.0
7,1717,3,True,0,2025-02-28,0,0.0,0.27,0.31,4,28,0,0,1,1.1428571428571428,0.0
7,1736,3,True,0,2025-02-28,0,0.0,0.06,0.09,4,28,0,0,1,1.0,0.0
7,1781,3,True,0,2025-02-28,0,0.0,0.04,0.05,4,28,0,0,1,0.8571428571428571,0.0
7,1791,3,True,0,2025-02-28,0,0.0,0.3,0.44,4,28,0,0,1,0.7142857142857143,0.0
7,1798,3,True,0,2025-02-28,12,0.0,0.22,0.24,4,28,0,0,1,0.7142857142857143,0.0
7,1800,3,True,0,2025-02-28,1,0.0,0.24,0.36,4,28,0,0,1,2.4285714285714284,0.0
7,1803,3,True,0,2025-02-28,1,0.0,0.07,0.11,4,28,0,0,1,2.142857142857143,0.0
7,1804,3,True,0,2025-02-28,1,0.0,0.09,0.12,4,28,0,0,1,2.0,0.0
7,1843,3,True,0,2025-02-28,2,0.0,0.04,0.05,4,28,0,0,1,2.142857142857143,0.0
7,1852,3,True,0,2025-02-28,0,0.0,0.05,0.07,4,28,0,0,1,2.4285714285714284,0.0
7,1871,3,True,0,2025-02-28,0,0.0,0.17,0.23,4,28,0,0,1,2.4285714285714284,0.0
7,1876,3,True,0,2025-02-28,1,0.0,0.07,0.1,4,28,0,0,1,2.4285714285714284,0.0
7,1881,3,True,0,2025-02-28,1,0.0,0.18,0.26,4,28,0,0,1,0.8571428571428571,0.0
7,1903,3,True,0,2025-02-28,0,0.0,0.05,0.06,4,28,0,0,1,0.8571428571428571,0.0
7,1908,3,True,0,2025-02-28,1,0.0,0.03,0.05,4,28,0,0,1,0.7142857142857143,0.0
7,1918,3,True,0,2025-02-28,2,0.0,0.03,0.04,4,28,0,0,1,0.7142857142857143,0.0
7,1932,3,True,0,2025-02-28,0,0.0,0.1,0.11,4,28,0,0,1,0.7142857142857143,0.0
7,1936,3,True,0,2025-02-28,1,1.0,0.43,0.58,4,28,0,0,1,0.7142857142857143,0.0
7,1947,3,True,0,2025-02-28,6,0.0,0.09,0.11,4,28,0,0,1,0.8571428571428571,0.0
7,1962,3,True,0,2025-02-28,0,0.0,0.06,0.09,4,28,0,0,1,1.5714285714285714,0.0
7,1965,3,True,0,2025-02-28,0,0.0,0.24,0.29,4,28,0,0,1,1.4285714285714286,0.0
7,1992,3,True,0,2025-02-28,0,0.0,0.08,0.11,4,28,0,0,1,1.4285714285714286,0.0
7,1994,3,True,0,2025-02-28,0,0.0,0.03,0.03,4,28,0,0,1,1.2857142857142858,0.0
7,2017,3,True,0,2025-02-28,1,0.0,0.11,0.21,4,28,0,0,1,1.0,0.0
7,2019,3,True,0,2025-02-28,0,0.0,0.15,0.18,4,28,0,0,1,1.1428571428571428,0.0
7,2041,3,True,0,2025-02-28,0,0.0,0.06,0.08,4,28,0,0,1,1.0,0.0
7,2043,3,True,0,2025-02-28,0,0.0,0.06,0.09,4,28,0,0,1,0.14285714285714285,0.0
7,2047,3,True,0,2025-02-28,0,0.0,0.12,0.16,4,28,0,0,1,0.14285714285714285,0.0
7,2055,3,True,0,2025-02-28,2,0.0,0.1,0.15,4,28,0,0,1,0.14285714285714285,0.0
7,2084,3,True,0,2025-02-28,2,0.0,0.05,0.07,4,28,0,0,1,0.42857142857142855,0.0
7,2111,3,True,0,2025-02-28,1,1.0,0.29,0.35,4,28,0,0,1,0.7142857142857143,0.0
7,2114,3,True,0,2025-02-28,0,0.0,0.06,0.08,4,28,0,0,1,0.7142857142857143,0.0
7,2115,3,True,0,2025-02-28,0,0.0,0.49,0.72,4,28,0,0,1,0.7142857142857143,0.0
7,2117,3,True,0,2025-02-28,0,0.0,0.14,0.15,4,28,0,0,1,0.7142857142857143,0.0
7,2136,3,True,0,2025-02-28,0,0.0,0.27,0.31,4,28,0,0,1,0.7142857142857143,0.0
7,2146,3,True,0,2025-02-28,0,0.0,0.2,0.25,4,28,0,0,1,0.7142857142857143,0.0
7,2173,3,True,0,2025-02-28,0,0.0,0.03,0.05,4,28,0,0,1,0.42857142857142855,0.0
7,2186,3,True,0,2025-02-28,0,0.0,0.25,0.34,4,28,0,0,1,0.14285714285714285,0.0
7,2192,3,True,0,2025-02-28,0,0.0,0.07,0.09,4,28,0,0,1,0.0,0.0
7,2201,3,True,0,2025-02-28,0,0.0,0.12,0.16,4,28,0,0,1,0.0,0.0
7,2203,3,True,0,2025-02-28,0,0.0,0.15,0.2,4,28,0,0,1,0.0,0.0
7,2206,3,True,0,2025-02-28,97,0.0,0.02,0.03,4,28,0,0,1,0.0,0.0
7,2228,3,True,0,2025-02-28,0,0.0,0.16,0.19,4,28,0,0,1,13.857142857142858,0.0
7,2245,3,True,0,2025-02-28,0,0.0,0.2,0.26,4,28,0,0,1,13.857142857142858,0.0
7,2249,3,True,0,2025-02-28,0,0.0,0.06,0.07,4,28,0,0,1,13.857142857142858,0.0
7,2265,3,True,0,2025-02-28,1,0.0,0.03,0.04,4,28,0,0,1,13.857142857142858,0.0
7,2268,3,True,0,2025-02-28,0,0.0,0.14,0.2,4,28,0,0,1,14.0,0.0
7,2282,3,True,0,2025-02-28,0,0.0,0.08,0.11,4,28,0,0,1,14.0,0.0
7,2289,3,True,0,2025-02-28,15,1.0,0.08,0.12,4,28,0,0,1,14.0,0.0
7,2300,3,True,0,2025-02-28,0,1.0,0.23,0.3,4,28,0,0,1,2.2857142857142856,0.0
7,2314,3,True,0,2025-02-28,0,1.0,0.06,0.08,4,28,0,0,1,2.2857142857142856,0.0
7,2316,3,True,0,2025-02-28,0,0.0,0.08,0.1,4,28,0,0,1,2.2857142857142856,0.0
7,2347,3,True,0,2025-02-28,0,0.0,0.16,0.19,4,28,0,0,1,2.2857142857142856,0.0
7,2350,3,True,0,2025-02-28,0,0.0,0.04,0.06,4,28,0,0,1,2.142857142857143,0.0
7,2385,3,True,0,2025-02-28,0,0.0,0.02,0.03,4,28,0,0,1,2.142857142857143,0.0
7,2387,3,True,0,2025-02-28,0,0.0,0.1,0.14,4,28,0,0,1,2.142857142857143,0.0
7,2394,3,True,0,2025-02-28,0,0.0,0.12,0.16,4,28,0,0,1,0.0,0.0
7,2402,3,True,0,2025-02-28,0,0.0,0.07,0.1,4,28,0,0,1,0.0,0.0
7,2406,3,True,0,2025-02-28,0,0.0,0.29,0.32,4,28,0,0,1,0.0,0.0
7,2411,3,True,0,2025-02-28,3,0.0,0.16,0.2,4,28,0,0,1,0.0,0.0
7,2422,3,True,0,2025-02-28,0,0.0,0.28,0.32,4,28,0,0,1,0.42857142857142855,0.0
7,2426,3,True,0,2025-02-28,0,0.0,0.15,0.14,4,28,0,0,1,0.42857142857142855,0.0
7,2472,3,True,0,2025-02-28,0,0.0,0.09,0.13,4,28,0,0,1,0.42857142857142855,0.0
7,2496,3,True,0,2025-02-28,0,0.0,0.22,0.27,4,28,0,0,1,0.42857142857142855,0.0
7,2501,3,True,0,2025-02-28,0,0.0,0.09,0.11,4,28,0,0,1,0.42857142857142855,0.0
7,2505,3,True,0,2025-02-28,0,0.0,0.09,0.1,4,28,0,0,1,0.42857142857142855,0.0
7,2521,3,True,0,2025-02-28,0,0.0,0.43,0.53,4,28,0,0,1,0.42857142857142855,0.0
7,2524,3,True,0,2025-02-28,2,0.0,0.29,0.38,4,28,0,0,1,0.0,0.0
7,2532,3,True,0,2025-02-28,1,0.0,0.12,0.11,4,28,0,0,1,0.2857142857142857,0.0
7,2533,3,True,0,2025-02-28,0,0.0,0.34,0.38,4,28,0,0,1,0.42857142857142855,0.0
7,2555,3,True,0,2025-02-28,0,0.0,0.03,0.04,4,28,0,0,1,0.42857142857142855,0.0
7,2572,3,True,0,2025-02-28,0,0.0,0.34,0.4,4,28,0,0,1,0.42857142857142855,0.0
7,2573,3,True,0,2025-02-28,0,0.0,0.23,0.29,4,28,0,0,1,0.42857142857142855,0.0
7,2575,3,True,0,2025-02-28,0,0.0,0.02,0.03,4,28,0,0,1,0.42857142857142855,0.0
7,2578,3,True,0,2025-02-28,0,0.0,0.04,0.06,4,28,0,0,1,0.42857142857142855,0.0
7,2593,3,True,0,2025-02-28,2,0.0,0.01,0.02,4,28,0,0,1,0.14285714285714285,0.0
7,2594,3,True,0,2025-02-28,0,0.0,0.24,0.31,4,28,0,0,1,0.2857142857142857,0.0
7,2596,3,True,0,2025-02-28,2,0.0,0.22,0.19,4,28,0,0,1,0.2857142857142857,0.0
7,2626,3,True,0,2025-02-28,1,0.0,0.25,0.32,4,28,0,0,1,0.5714285714285714,0.0
7,2637,3,True,0,2025-02-28,0,0.0,0.15,0.19,4,28,0,0,1,0.7142857142857143,0.0
7,2650,3,True,0,2025-02-28,0,1.0,0.07,0.09,4,28,0,0,1,0.7142857142857143,0.0
7,2663,3,True,0,2025-02-28,0,0.0,0.54,0.67,4,28,0,0,1,0.7142857142857143,0.0
7,2664,3,True,0,2025-02-28,0,0.0,0.19,0.22,4,28,0,0,1,0.7142857142857143,0.0
7,2668,3,True,0,2025-02-28,0,0.0,0.22,0.27,4,28,0,0,1,0.42857142857142855,0.0
7,2710,3,True,0,2025-02-28,1,0.0,0.06,0.1,4,28,0,0,1,0.42857142857142855,0.0
7,2715,3,True,0,2025-02-28,0,0.0,0.04,0.05,4,28,0,0,1,0.2857142857142857,0.0
7,2741,3,True,0,2025-02-28,0,0.0,0.17,0.21,4,28,0,0,1,0.14285714285714285,0.0
7,2746,3,True,0,2025-02-28,0,0.0,0.15,0.19,4,28,0,0,1,0.14285714285714285,0.0
7,2768,3,True,0,2025-02-28,1,0.0,0.08,0.12,4,28,0,0,1,0.14285714285714285,0.0
7,2814,3,True,0,2025-02-28,0,0.0,0.1,0.14,4,28,0,0,1,0.2857142857142857,0.0
7,2826,3,True,0,2025-02-28,4,1.0,0.06,0.11,4,28,0,0,1,0.2857142857142857,0.0
7,2827,3,True,0,2025-02-28,0,0.0,0.34,0.41,4,28,0,0,1,0.8571428571428571,0.0
7,2861,3,True,0,2025-02-28,1,0.0,0.09,0.12,4,28,0,0,1,0.7142857142857143,0.0
7,2862,3,True,0,2025-02-28,0,0.0,0.32,0.48,4,28,0,0,1,0.8571428571428571,0.0
7,2864,3,True,0,2025-02-28,0,0.0,0.06,0.07,4,28,0,0,1,0.8571428571428571,0.0
7,2866,3,True,0,2025-02-28,0,0.0,0.25,0.34,4,28,0,0,1,0.8571428571428571,0.0
7,2902,3,True,0,2025-02-28,2,0.0,0.04,0.06,4,28,0,0,1,0.7142857142857143,0.0
7,2910,3,True,0,2025-02-28,0,0.0,0.25,0.29,4,28,0,0,1,1.0,0.0
7,2911,3,True,0,2025-02-28,0,1.0,0.27,0.34,4,28,0,0,1,0.42857142857142855,0.0
7,2951,3,True,0,2025-02-28,0,0.0,0.07,0.09,4,28,0,0,1,0.42857142857142855,0.0
7,2954,3,True,0,2025-02-28,0,0.0,0.05,0.06,4,28,0,0,1,0.2857142857142857,0.0
7,2958,3,True,0,2025-02-28,2,0.0,0.04,0.06,4,28,0,0,1,0.2857142857142857,0.0
7,2974,3,True,0,2025-02-28,0,0.0,0.12,0.15,4,28,0,0,1,0.5714285714285714,0.0
7,2975,3,True,0,2025-02-28,0,0.0,0.14,0.19,4,28,0,0,1,0.5714285714285714,0.0
7,2980,3,True,0,2025-02-28,0,0.0,0.06,0.07,4,28,0,0,1,0.2857142857142857,0.0
7,3022,3,True,0,2025-02-28,0,0.0,0.2,0.24,4,28,0,0,1,0.2857142857142857,0.0
7,3052,3,True,0,2025-02-28,0,0.0,0.16,0.22,4,28,0,0,1,0.2857142857142857,0.0
7,3061,3,True,0,2025-02-28,1,0.0,0.03,0.05,4,28,0,0,1,0.2857142857142857,0.0
7,3069,3,True,0,2025-02-28,0,0.0,0.14,0.2,4,28,0,0,1,0.42857142857142855,0.0
7,3074,3,True,0,2025-02-28,0,0.0,0.12,0.17,4,28,0,0,1,0.14285714285714285,0.0
7,3077,3,True,0,2025-02-28,0,0.0,0.44,0.67,4,28,0,0,1,0.14285714285714285,0.0
7,3079,3,True,0,2025-02-28,1,2.0,0.1,0.12,4,28,0,0,1,0.14285714285714285,0.0
7,3083,3,True,0,2025-02-28,0,0.0,0.06,0.06,4,28,0,0,1,0.2857142857142857,0.0
7,3104,3,True,0,2025-02-28,0,0.0,0.24,0.28,4,28,0,0,1,0.2857142857142857,0.0
7,3116,3,True,0,2025-02-28,0,0.0,0.09,0.12,4,28,0,0,1,0.2857142857142857,0.0
7,3117,3,True,0,2025-02-28,4,0.0,0.05,0.08,4,28,0,0,1,0.14285714285714285,0.0
7,3119,3,True,0,2025-02-28,0,0.0,0.09,0.11,4,28,0,0,1,0.7142857142857143,0.0
7,3165,3,True,0,2025-02-28,0,0.0,0.07,0.1,4,28,0,0,1,0.7142857142857143,0.0
7,3208,3,True,0,2025-02-28,0,0.0,0.07,0.11,4,28,0,0,1,0.7142857142857143,0.0
7,3212,3,True,0,2025-02-28,0,0.0,0.08,0.11,4,28,0,0,1,0.5714285714285714,0.0
7,3219,3,True,0,2025-02-28,0,0.0,0.08,0.1,4,28,0,0,1,0.5714285714285714,0.0
7,3234,3,True,0,2025-02-28,0,0.0,0.13,0.16,4,28,0,0,1,0.5714285714285714,0.0
7,3242,3,True,0,2025-02-28,4,0.0,0.05,0.07,4,28,0,0,1,0.5714285714285714,0.0
7,3263,3,True,0,2025-02-28,0,0.0,0.3,0.34,4,28,0,0,1,0.5714285714285714,0.0
7,3266,3,True,0,2025-02-28,1,0.0,0.08,0.12,4,28,0,0,1,0.5714285714285714,0.0
7,3276,3,True,0,2025-02-28,0,0.0,0.1,0.12,4,28,0,0,1,0.7142857142857143,0.0
7,3286,3,True,0,2025-02-28,0,0.0,0.22,0.28,4,28,0,0,1,0.7142857142857143,0.0
7,3347,3,True,0,2025-02-28,2,0.0,0.1,0.12,4,28,0,0,1,0.7142857142857143,0.0
7,3358,3,True,0,2025-02-28,2,0.0,0.17,0.29,4,28,0,0,1,1.0,0.0
7,3363,3,True,0,2025-02-28,1,0.0,0.18,0.23,4,28,0,0,1,1.2857142857142858,0.0
7,3369,3,True,0,2025-02-28,0,0.0,0.06,0.1,4,28,0,0,1,0.8571428571428571,0.0
7,3393,3,True,0,2025-02-28,0,0.0,0.07,0.09,4,28,0,0,1,0.8571428571428571,0.0
7,3452,3,True,0,2025-02-28,1,0.0,0.14,0.16,4,28,0,0,1,0.7142857142857143,0.0
7,3495,3,True,0,2025-02-28,1,0.0,0.08,0.11,4,28,0,0,1,0.8571428571428571,0.0
7,3502,3,True,0,2025-02-28,0,0.0,0.08,0.1,4,28,0,0,1,1.0,0.0
7,3523,3,True,0,2025-02-28,0,0.0,0.17,0.22,4,28,0,0,1,0.7142857142857143,0.0
7,3527,3,True,0,2025-02-28,0,0.0,0.15,0.2,4,28,0,0,1,0.42857142857142855,0.0
7,3538,3,True,0,2025-02-28,0,0.0,0.02,0.05,4,28,0,0,1,0.2857142857142857,0.0
7,3546,3,True,0,2025-02-28,1,0.0,0.12,0.17,4,28,0,0,1,0.2857142857142857,0.0
7,3549,3,True,0,2025-02-28,0,0.0,0.15,0.18,4,28,0,0,1,0.42857142857142855,0.0
7,3560,3,True,0,2025-02-28,0,0.0,0.2,0.23,4,28,0,0,1,0.2857142857142857,0.0
7,3589,3,True,0,2025-02-28,0,0.0,0.09,0.12,4,28,0,0,1,0.14285714285714285,0.0
7,3609,3,True,0,2025-02-28,0,0.0,0.04,0.05,4,28,0,0,1,0.14285714285714285,0.0
7,3641,3,True,0,2025-02-28,3,0.0,0.07,0.1,4,28,0,0,1,0.14285714285714285,0.0
7,3642,3,True,0,2025-02-28,0,0.0,0.42,0.55,4,28,0,0,1,0.5714285714285714,0.0
7,3653,3,True,0,2025-02-28,0,0.0,0.25,0.32,4,28,0,0,1,0.5714285714285714,0.0
7,3701,3,True,0,2025-02-28,0,0.0,0.23,0.25,4,28,0,0,1,0.42857142857142855,0.0
7,3708,3,True,0,2025-02-28,0,0.0,0.02,0.03,4,28,0,0,1,0.42857142857142855,0.0
7,3726,3,True,0,2025-02-28,0,0.0,0.1,0.13,4,28,0,0,1,0.42857142857142855,0.0
7,3746,3,True,0,2025-02-28,2,0.0,0.06,0.07,4,28,0,0,1,0.42857142857142855,0.0
7,3749,3,True,0,2025-02-28,0,0.0,0.08,0.11,4,28,0,0,1,0.7142857142857143,0.0
7,3769,3,True,0,2025-02-28,0,0.0,0.27,0.29,4,28,0,0,1,0.2857142857142857,0.0
7,3798,3,True,0,2025-02-28,0,0.0,0.04,0.05,4,28,0,0,1,0.2857142857142857,0.0
7,3803,3,True,0,2025-02-28,0,0.0,0.14,0.17,4,28,0,0,1,0.2857142857142857,0.0
7,3834,3,True,0,2025-02-28,1,0.0,0.04,0.06,4,28,0,0,1,0.2857142857142857,0.0
7,3839,3,True,0,2025-02-28,1,0.0,0.05,0.08,4,28,0,0,1,0.42857142857142855,0.0
7,3852,3,True,0,2025-02-28,0,0.0,0.24,0.27,4,28,0,0,1,0.5714285714285714,0.0
7,3864,3,True,0,2025-02-28,0,0.0,0.06,0.07,4,28,0,0,1,0.2857142857142857,0.0
7,3877,3,True,0,2025-02-28,0,0.0,0.01,0.02,4,28,0,0,1,0.2857142857142857,0.0
7,3891,3,True,0,2025-02-28,2,0.0,0.17,0.22,4,28,0,0,1,0.2857142857142857,0.0
7,3893,3,True,0,2025-02-28,0,0.0,0.08,0.1,4,28,0,0,1,0.5714285714285714,0.0
7,3909,3,True,0,2025-02-28,6,0.0,0.08,0.1,4,28,0,0,1,0.5714285714285714,0.0
7,3911,3,True,0,2025-02-28,0,0.0,0.08,0.1,4,28,0,0,1,1.2857142857142858,0.0
7,3915,3,True,0,2025-02-28,0,0.0,0.1,0.13,4,28,0,0,1,1.1428571428571428,0.0
7,3922,3,True,0,2025-02-28,1,0.0,0.03,0.04,4,28,0,0,1,1.1428571428571428,0.0
7,3934,3,True,0,2025-02-28,0,0.0,0.38,0.44,4,28,0,0,1,1.2857142857142858,0.0
7,3951,3,True,0,2025-02-28,0,0.0,0.39,0.62,4,28,0,0,1,1.2857142857142858,0.0
7,3982,3,True,0,2025-02-28,0,0.0,0.17,0.2,4,28,0,0,1,1.0,0.0
7,4002,3,True,0,2025-02-28,1,0.0,0.05,0.06,4,28,0,0,1,1.0,0.0
7,4011,3,True,0,2025-02-28,1,0.0,0.07,0.11,4,28,0,0,1,0.2857142857142857,0.0
7,4033,3,True,0,2025-02-28,0,0.0,0.11,0.15,4,28,0,0,1,0.42857142857142855,0.0
7,4041,3,True,0,2025-02-28,3,0.0,0.04,0.06,4,28,0,0,1,0.42857142857142855,0.0
7,4062,3,True,0,2025-02-28,10,0.0,0.12,0.15,4,28,0,0,1,0.7142857142857143,0.0
7,4097,3,True,0,2025-02-28,2,0.0,0.03,0.04,4,28,0,0,1,2.142857142857143,0.0
7,4119,3,True,0,2025-02-28,1,0.0,0.16,0.19,4,28,0,0,1,2.4285714285714284,0.0
7,4120,3,True,0,2025-02-28,2,0.0,0.16,0.19,4,28,0,0,1,2.5714285714285716,0.0
7,4167,3,True,0,2025-02-28,0,0.0,0.33,0.44,4,28,0,0,1,2.7142857142857144,0.0
7,4179,3,True,0,2025-02-28,1,0.0,0.12,0.16,4,28,0,0,1,2.5714285714285716,0.0
7,4191,3,True,0,2025-02-28,1,0.0,0.12,0.17,4,28,0,0,1,2.7142857142857144,0.0
7,4192,3,True,0,2025-02-28,0,0.0,0.18,0.18,4,28,0,0,1,2.4285714285714284,0.0
7,4203,3,True,0,2025-02-28,7,0.0,0.04,0.06,4,28,0,0,1,1.0,0.0
7,4207,3,True,0,2025-02-28,2,0.0,0.11,0.15,4,28,0,0,1,1.7142857142857142,0.0
7,4210,3,True,0,2025-02-28,0,0.0,0.28,0.3,4,28,0,0,1,1.8571428571428572,0.0
7,4230,3,True,0,2025-02-28,0,0.0,0.13,0.17,4,28,0,0,1,1.5714285714285714,0.0
7,4239,3,True,0,2025-02-28,0,0.0,0.05,0.1,4,28,0,0,1,1.5714285714285714,0.0
7,4242,3,True,0,2025-02-28,0,0.0,0.32,0.37,4,28,0,0,1,1.4285714285714286,0.0
7,4246,3,True,0,2025-02-28,3,0.0,0.26,0.33,4,28,0,0,1,1.2857142857142858,0.0
7,4248,3,True,0,2025-02-28,0,0.0,0.24,0.29,4,28,0,0,1,1.7142857142857142,0.0
7,4260,3,True,0,2025-02-28,0,1.0,0.06,0.06,4,28,0,0,1,0.7142857142857143,0.0
7,4269,3,True,0,2025-02-28,0,0.0,0.08,0.1,4,28,0,0,1,0.42857142857142855,0.0
7,4277,3,True,0,2025-02-28,0,0.0,0.04,0.05,4,28,0,0,1,0.42857142857142855,0.0
7,4302,3,True,0,2025-02-28,2,0.0,0.56,0.66,4,28,0,0,1,0.42857142857142855,0.0
7,4315,3,True,0,2025-02-28,0,0.0,0.12,0.16,4,28,0,0,1,0.7142857142857143,0.0
7,4339,3,True,0,2025-02-28,3,0.0,0.23,0.27,4,28,0,0,1,0.7142857142857143,0.0
7,4357,3,True,0,2025-02-28,1,0.0,0.07,0.1,4,28,0,0,1,0.7142857142857143,0.0
7,4369,3,True,0,2025-02-28,10,0.0,0.38,0.46,4,28,0,0,1,0.8571428571428571,0.0
7,4381,3,True,0,2025-02-28,0,2.0,0.14,0.19,4,28,0,0,1,2.2857142857142856,0.0
7,4397,3,True,0,2025-02-28,0,0.0,0.1,0.15,4,28,0,0,1,2.2857142857142856,0.0
7,4409,3,True,0,2025-02-28,0,0.0,0.09,0.11,4,28,0,0,1,2.2857142857142856,0.0
7,4469,3,True,0,2025-02-28,1,0.0,0.26,0.34,4,28,0,0,1,2.0,0.0
7,4475,3,True,0,2025-02-28,0,0.0,0.06,0.1,4,28,0,0,1,2.142857142857143,0.0
7,4517,3,True,0,2025-02-28,0,0.0,0.29,0.37,4,28,0,0,1,1.7142857142857142,0.0
7,4521,3,True,0,2025-02-28,0,0.0,0.22,0.28,4,28,0,0,1,1.5714285714285714,0.0
7,4524,3,True,0,2025-02-28,3,0.0,0.17,0.2,4,28,0,0,1,0.14285714285714285,0.0
7,4527,3,True,0,2025-02-28,0,0.0,0.1,0.12,4,28,0,0,1,0.5714285714285714,0.0
7,4539,3,True,0,2025-02-28,31,0.0,0.01,0.01,4,28,0,0,1,0.5714285714285714,0.0
7,4540,3,True,0,2025-02-28,0,0.0,0.04,0.06,4,28,0,0,1,5.0,0.0
7,4546,3,True,0,2025-02-28,0,0.0,0.1,0.16,4,28,0,0,1,4.857142857142857,0.0
7,4563,3,True,0,2025-02-28,0,0.0,0.15,0.2,4,28,0,0,1,4.857142857142857,0.0
7,4572,3,True,0,2025-02-28,0,0.0,0.09,0.09,4,28,0,0,1,4.857142857142857,0.0
7,4582,3,True,0,2025-02-28,3,0.0,0.4,0.49,4,28,0,0,1,4.857142857142857,0.0
7,4640,3,True,0,2025-02-28,0,0.0,0.25,0.31,4,28,0,0,1,4.857142857142857,0.0
7,4675,3,True,0,2025-02-28,0,0.0,0.1,0.15,4,28,0,0,1,4.857142857142857,0.0
7,4683,3,True,0,2025-02-28,1,0.0,0.03,0.05,4,28,0,0,1,0.42857142857142855,0.0
7,4689,3,True,0,2025-02-28,0,0.0,0.11,0.12,4,28,0,0,1,0.5714285714285714,0.0
7,4699,3,True,0,2025-02-28,0,0.0,0.07,0.1,4,28,0,0,1,0.5714285714285714,0.0
7,4704,3,True,0,2025-02-28,0,0.0,0.24,0.33,4,28,0,0,1,0.5714285714285714,0.0
7,4725,3,True,0,2025-02-28,0,0.0,0.09,0.1,4,28,0,0,1,0.5714285714285714,0.0
7,4744,3,True,0,2025-02-28,0,0.0,0.04,0.05,4,28,0,0,1,0.14285714285714285,0.0
7,4757,3,True,0,2025-02-28,0,0.0,0.16,0.18,4,28,0,0,1,0.14285714285714285,0.0
7,4765,3,True,0,2025-02-28,1,0.0,0.12,0.15,4,28,0,0,1,0.14285714285714285,0.0
7,4769,3,True,0,2025-02-28,0,0.0,0.5,0.6,4,28,0,0,1,0.14285714285714285,0.0
7,4782,3,True,0,2025-02-28,0,1.0,0.14,0.19,4,28,0,0,1,0.14285714285714285,0.0
7,4783,3,True,0,2025-02-28,0,0.0,0.27,0.31,4,28,0,0,1,0.14285714285714285,0.0
7,4790,3,True,0,2025-02-28,0,0.0,0.09,0.11,4,28,0,0,1,0.14285714285714285,0.0
7,4794,3,True,0,2025-02-28,0,0.0,0.06,0.08,4,28,0,0,1,0.14285714285714285,0.0
7,4802,3,True,0,2025-02-28,1,0.0,0.16,0.19,4,28,0,0,1,0.14285714285714285,0.0
7,4803,3,True,0,2025-02-28,0,0.0,0.66,0.74,4,28,0,0,1,0.2857142857142857,0.0
7,4816,3,True,0,2025-02-28,7,0.0,0.11,0.12,4,28,0,0,1,0.14285714285714285,0.0
7,4820,3,True,0,2025-02-28,0,0.0,0.06,0.09,4,28,0,0,1,1.1428571428571428,0.0
7,4833,3,True,0,2025-02-28,0,0.0,0.22,0.23,4,28,0,0,1,1.1428571428571428,0.0
7,4848,3,True,0,2025-02-28,0,0.0,0.07,0.09,4,28,0,0,1,1.1428571428571428,0.0
7,4852,3,True,0,2025-02-28,0,0.0,0.2,0.21,4,28,0,0,1,1.1428571428571428,0.0
7,4859,3,True,0,2025-02-28,0,0.0,0.05,0.05,4,28,0,0,1,1.1428571428571428,0.0
7,4870,3,True,0,2025-02-28,0,0.0,0.1,0.13,4,28,0,0,1,1.0,0.0
7,4878,3,True,0,2025-02-28,0,0.0,0.1,0.12,4,28,0,0,1,1.0,0.0
7,4883,3,True,0,2025-02-28,0,0.0,0.11,0.13,4,28,0,0,1,0.0,0.0
7,4885,3,True,0,2025-02-28,0,0.0,0.06,0.08,4,28,0,0,1,0.0,0.0
7,4886,3,True,0,2025-02-28,0,0.0,0.16,0.21,4,28,0,0,1,0.0,0.0
7,4888,3,True,0,2025-02-28,0,0.0,0.17,0.25,4,28,0,0,1,0.0,0.0
7,4908,3,True,0,2025-02-28,0,0.0,0.16,0.19,4,28,0,0,1,0.0,0.0
7,4934,3,True,0,2025-02-28,0,2.0,0.07,0.09,4,28,0,0,1,0.0,0.0
7,4938,3,True,0,2025-02-28,2,0.0,0.54,0.65,4,28,0,0,1,0.0,0.0
7,4948,3,True,0,2025-02-28,0,0.0,0.12,0.16,4,28,0,0,1,0.2857142857142857,0.0
7,4957,3,True,0,2025-02-28,0,0.0,0.11,0.14,4,28,0,0,1,0.2857142857142857,0.0
7,4971,3,True,0,2025-02-28,0,0.0,0.29,0.37,4,28,0,0,1,0.2857142857142857,0.0
7,4976,3,True,0,2025-02-28,1,0.0,0.04,0.06,4,28,0,0,1,0.2857142857142857,0.0
7,4981,3,True,0,2025-02-28,0,0.0,0.15,0.2,4,28,0,0,1,0.42857142857142855,0.0
7,4984,3,True,0,2025-02-28,0,0.0,0.06,0.08,4,28,0,0,1,0.42857142857142855,0.0
7,4986,3,True,0,2025-02-28,1,0.0,0.05,0.06,4,28,0,0,1,0.42857142857142855,0.0
7,5004,3,True,0,2025-02-28,0,0.0,0.05,0.07,4,28,0,0,1,0.2857142857142857,0.0
7,5024,3,True,0,2025-02-28,0,0.0,0.1,0.12,4,28,0,0,1,0.2857142857142857,0.0
7,5074,3,True,0,2025-02-28,0,0.0,0.23,0.25,4,28,0,0,1,0.2857142857142857,0.0
7,5094,3,True,0,2025-02-28,2,0.0,0.05,0.08,4,28,0,0,1,0.2857142857142857,0.0
7,5095,3,True,0,2025-02-28,3,1.0,0.03,0.04,4,28,0,0,1,0.42857142857142855,0.0
7,5101,3,True,0,2025-02-28,0,0.0,0.01,0.02,4,28,0,0,1,0.8571428571428571,0.0
7,5105,3,True,0,2025-02-28,0,0.0,0.15,0.19,4,28,0,0,1,0.8571428571428571,0.0
7,5119,3,True,0,2025-02-28,0,0.0,0.06,0.09,4,28,0,0,1,0.7142857142857143,0.0
7,5125,3,True,0,2025-02-28,0,0.0,0.06,0.07,4,28,0,0,1,0.7142857142857143,0.0
7,5139,3,True,0,2025-02-28,0,0.0,0.2,0.24,4,28,0,0,1,0.7142857142857143,0.0
7,5209,3,True,0,2025-02-28,0,0.0,0.35,0.43,4,28,0,0,1,0.7142857142857143,0.0
7,5221,3,True,0,2025-02-28,0,0.0,0.05,0.05,4,28,0,0,1,0.42857142857142855,0.0
7,5261,3,True,0,2025-02-28,0,0.0,0.15,0.15,4,28,0,0,1,0.0,0.0
7,5262,3,True,0,2025-02-28,2,1.0,0.04,0.06,4,28,0,0,1,0.0,0.0
7,5280,3,True,0,2025-02-28,0,0.0,0.09,0.12,4,28,0,0,1,0.2857142857142857,0.0
7,5281,3,True,0,2025-02-28,0,0.0,0.27,0.28,4,28,0,0,1,0.2857142857142857,0.0
7,2,4,False,0,2025-02-28,3,0.0,0.02,0.04,4,28,0,0,1,0.2857142857142857,0.0
7,17,4,False,0,2025-02-28,2,0.0,0.06,0.09,4,28,0,0,1,0.7142857142857143,0.0
7,26,4,False,0,2025-02-28,3,0.0,0.04,0.06,4,28,0,0,1,1.0,0.0
7,38,4,False,0,2025-02-28,0,0.0,0.12,0.17,4,28,0,0,1,1.4285714285714286,0.0
7,64,4,False,0,2025-02-28,3,0.0,0.01,0.02,4,28,0,0,1,1.4285714285714286,0.0
7,88,4,False,0,2025-02-28,0,0.0,0.02,0.03,4,28,0,0,1,1.5714285714285714,0.0
7,99,4,False,0,2025-02-28,2,0.0,0.02,0.04,4,28,0,0,1,1.5714285714285714,0.0
7,100,4,False,0,2025-02-28,2,0.0,0.04,0.05,4,28,0,0,1,1.8571428571428572,0.0
7,145,4,False,0,2025-02-28,4,0.0,0.06,0.09,4,28,0,0,1,1.7142857142857142,0.0
7,161,4,False,0,2025-02-28,2,0.0,0.03,0.04,4,28,0,0,1,2.0,0.0
7,168,4,False,0,2025-02-28,4,0.0,0.04,0.06,4,28,0,0,1,1.8571428571428572,0.0
7,175,4,False,0,2025-02-28,10,0.0,0.03,0.06,4,28,0,0,1,2.4285714285714284,0.0
7,178,4,False,0,2025-02-28,0,0.0,0.0,0.0,4,28,0,0,1,3.4285714285714284,0.0
7,182,4,False,0,2025-02-28,2,0.0,0.03,0.05,4,28,0,0,1,3.4285714285714284,0.0
7,185,4,False,0,2025-02-28,2,0.0,0.02,0.03,4,28,0,0,1,3.4285714285714284,0.0
7,205,4,False,0,2025-02-28,5,0.0,0.1,0.13,4,28,0,0,1,3.4285714285714284,0.0
7,235,4,False,0,2025-02-28,2,0.0,0.06,0.08,4,28,0,0,1,3.5714285714285716,0.0
7,255,4,False,0,2025-02-28,2,0.0,0.03,0.04,4,28,0,0,1,3.5714285714285716,0.0
7,272,4,False,0,2025-02-28,2,0.0,0.03,0.05,4,28,0,0,1,3.2857142857142856,0.0
7,290,4,False,0,2025-02-28,4,0.0,0.06,0.07,4,28,0,0,1,2.142857142857143,0.0
7,292,4,False,0,2025-02-28,4,0.0,0.04,0.04,4,28,0,0,1,2.7142857142857144,0.0
7,306,4,False,0,2025-02-28,2,0.0,0.04,0.06,4,28,0,0,1,3.0,0.0
7,314,4,False,0,2025-02-28,2,0.0,0.03,0.05,4,28,0,0,1,3.0,0.0
7,328,4,False,0,2025-02-28,2,0.0,0.07,0.09,4,28,0,0,1,2.5714285714285716,0.0
7,338,4,False,0,2025-02-28,3,0.0,0.05,0.07,4,28,0,0,1,2.5714285714285716,0.0
7,350,4,False,0,2025-02-28,3,0.0,0.03,0.03,4,28,0,0,1,2.7142857142857144,0.0
7,362,4,False,0,2025-02-28,1,0.0,0.02,0.03,4,28,0,0,1,2.857142857142857,0.0
7,370,4,False,0,2025-02-28,3,0.0,0.03,0.04,4,28,0,0,1,2.4285714285714284,0.0
7,372,4,False,0,2025-02-28,1,0.0,0.02,0.04,4,28,0,0,1,2.2857142857142856,0.0
7,447,4,False,0,2025-02-28,2,0.0,0.06,0.06,4,28,0,0,1,2.142857142857143,0.0
7,464,4,False,0,2025-02-28,1,0.0,0.02,0.03,4,28,0,0,1,2.142857142857143,0.0
7,482,4,False,0,2025-02-28,1,0.0,0.02,0.04,4,28,0,0,1,2.0,0.0
7,524,4,False,0,2025-02-28,3,0.0,0.02,0.03,4,28,0,0,1,1.7142857142857142,0.0
7,552,4,False,0,2025-02-28,4,0.0,0.07,0.09,4,28,0,0,1,1.7142857142857142,0.0
7,560,4,False,0,2025-02-28,1,0.0,0.02,0.03,4,28,0,0,1,2.142857142857143,0.0
7,584,4,False,0,2025-02-28,3,0.0,0.05,0.07,4,28,0,0,1,1.8571428571428572,0.0
7,595,4,False,0,2025-02-28,4,0.0,0.07,0.1,4,28,0,0,1,2.142857142857143,0.0
7,613,4,False,0,2025-02-28,3,0.0,0.02,0.04,4,28,0,0,1,2.4285714285714284,0.0
7,621,4,False,0,2025-02-28,2,0.0,0.05,0.09,4,28,0,0,1,2.7142857142857144,0.0
7,622,4,False,0,2025-02-28,3,0.0,0.02,0.04,4,28,0,0,1,2.857142857142857,0.0
7,676,4,False,0,2025-02-28,3,0.0,0.08,0.14,4,28,0,0,1,2.857142857142857,0.0
7,700,4,False,0,2025-02-28,3,0.0,0.03,0.05,4,28,0,0,1,2.7142857142857144,0.0
7,723,4,False,0,2025-02-28,1,0.0,0.03,0.04,4,28,0,0,1,3.0,0.0
7,726,4,False,0,2025-02-28,4,0.0,0.04,0.05,4,28,0,0,1,2.7142857142857144,0.0
7,731,4,False,0,2025-02-28,5,1.0,0.19,0.25,4,28,0,0,1,2.7142857142857144,0.0
7,736,4,False,0,2025-02-28,3,0.0,0.04,0.04,4,28,0,0,1,3.0,0.0
7,749,4,False,0,2025-02-28,3,0.0,0.08,0.12,4,28,0,0,1,3.142857142857143,0.0
7,761,4,False,0,2025-02-28,0,0.0,0.02,0.02,4,28,0,0,1,3.142857142857143,0.0
7,824,4,False,0,2025-02-28,4,0.0,0.01,0.01,4,28,0,0,1,2.7142857142857144,0.0
7,826,4,False,0,2025-02-28,2,0.0,0.05,0.08,4,28,0,0,1,2.857142857142857,0.0
7,845,4,False,0,2025-02-28,4,0.0,0.07,0.1,4,28,0,0,1,3.0,0.0
7,849,4,False,0,2025-02-28,2,0.0,0.04,0.06,4,28,0,0,1,3.0,0.0
7,852,4,False,0,2025-02-28,0,0.0,0.02,0.04,4,28,0,0,1,2.5714285714285716,0.0
7,871,4,False,0,2025-02-28,2,0.0,0.05,0.08,4,28,0,0,1,2.142857142857143,0.0
7,880,4,False,0,2025-02-28,2,0.0,0.04,0.07,4,28,0,0,1,2.0,0.0
7,883,4,False,0,2025-02-28,3,0.0,0.02,0.05,4,28,0,0,1,2.2857142857142856,0.0
7,892,4,False,0,2025-02-28,3,0.0,0.02,0.03,4,28,0,0,1,2.142857142857143,0.0
7,953,4,False,0,2025-02-28,2,0.0,0.01,0.02,4,28,0,0,1,2.2857142857142856,0.0
7,963,4,False,0,2025-02-28,1,0.0,0.05,0.07,4,28,0,0,1,2.0,0.0
7,989,4,False,0,2025-02-28,1,0.0,0.02,0.03,4,28,0,0,1,1.8571428571428572,0.0
7,1003,4,False,0,2025-02-28,1,0.0,0.02,0.03,4,28,0,0,1,2.0,0.0
7,1009,4,False,0,2025-02-28,2,0.0,0.21,0.31,4,28,0,0,1,1.8571428571428572,0.0
7,1013,4,False,0,2025-02-28,6,0.0,0.08,0.11,4,28,0,0,1,1.8571428571428572,0.0
7,1040,4,False,0,2025-02-28,3,0.0,0.03,0.04,4,28,0,0,1,2.2857142857142856,0.0
7,1041,4,False,0,2025-02-28,2,0.0,0.05,0.06,4,28,0,0,1,2.2857142857142856,0.0
7,1066,4,False,0,2025-02-28,3,0.0,0.01,0.02,4,28,0,0,1,2.2857142857142856,0.0
7,1069,4,False,0,2025-02-28,1,0.0,0.07,0.09,4,28,0,0,1,2.5714285714285716,0.0
7,1077,4,False,0,2025-02-28,2,0.0,0.06,0.09,4,28,0,0,1,2.5714285714285716,0.0
7,1090,4,False,0,2025-02-28,1,0.0,0.04,0.05,4,28,0,0,1,2.7142857142857144,0.0
7,1092,4,False,0,2025-02-28,2,0.0,0.02,0.03,4,28,0,0,1,2.5714285714285716,0.0
7,1111,4,False,0,2025-02-28,2,0.0,0.06,0.06,4,28,0,0,1,2.0,0.0
7,1119,4,False,0,2025-02-28,1,0.0,0.04,0.08,4,28,0,0,1,1.8571428571428572,0.0
7,1123,4,False,0,2025-02-28,2,0.0,0.0,0.01,4,28,0,0,1,1.7142857142857142,0.0
7,1137,4,False,0,2025-02-28,2,0.0,0.03,0.04,4,28,0,0,1,1.5714285714285714,0.0
7,1182,4,False,0,2025-02-28,3,0.0,0.02,0.02,4,28,0,0,1,1.7142857142857142,0.0
7,1245,4,False,0,2025-02-28,2,0.0,0.04,0.06,4,28,0,0,1,1.8571428571428572,0.0
7,1248,4,False,0,2025-02-28,4,0.0,0.01,0.01,4,28,0,0,1,2.0,0.0
7,1257,4,False,0,2025-02-28,1,0.0,0.1,0.14,4,28,0,0,1,2.2857142857142856,0.0
7,1268,4,False,0,2025-02-28,1,0.0,0.06,0.08,4,28,0,0,1,2.142857142857143,0.0
7,1274,4,False,0,2025-02-28,2,0.0,0.09,0.11,4,28,0,0,1,2.142857142857143,0.0
7,1316,4,False,0,2025-02-28,3,0.0,0.03,0.04,4,28,0,0,1,2.142857142857143,0.0
7,1321,4,False,0,2025-02-28,1,0.0,0.03,0.04,4,28,0,0,1,2.2857142857142856,0.0
7,1329,4,False,0,2025-02-28,3,0.0,0.01,0.02,4,28,0,0,1,2.0,0.0
7,1369,4,False,0,2025-02-28,2,0.0,0.02,0.03,4,28,0,0,1,2.142857142857143,0.0
7,1373,4,False,0,2025-02-28,3,0.0,0.05,0.06,4,28,0,0,1,1.8571428571428572,0.0
7,1394,4,False,0,2025-02-28,3,0.0,0.02,0.03,4,28,0,0,1,2.142857142857143,0.0
7,1402,4,False,0,2025-02-28,3,0.0,0.03,0.05,4,28,0,0,1,2.4285714285714284,0.0
7,1417,4,False,0,2025-02-28,2,0.0,0.06,0.08,4,28,0,0,1,2.5714285714285716,0.0
7,1420,4,False,0,2025-02-28,0,0.0,0.04,0.05,4,28,0,0,1,2.4285714285714284,0.0
7,1428,4,False,0,2025-02-28,0,0.0,0.03,0.04,4,28,0,0,1,2.2857142857142856,0.0
7,1436,4,False,0,2025-02-28,1,0.0,0.05,0.07,4,28,0,0,1,1.8571428571428572,0.0
7,1473,4,False,0,2025-02-28,3,0.0,0.06,0.1,4,28,0,0,1,1.7142857142857142,0.0
7,1481,4,False,0,2025-02-28,2,0.0,0.04,0.07,4,28,0,0,1,1.7142857142857142,0.0
7,1493,4,False,0,2025-02-28,1,0.0,0.06,0.07,4,28,0,0,1,1.5714285714285714,0.0
7,1497,4,False,0,2025-02-28,2,0.0,0.05,0.08,4,28,0,0,1,1.2857142857142858,0.0
7,1506,4,False,0,2025-02-28,3,0.0,0.02,0.04,4,28,0,0,1,1.2857142857142858,0.0
7,1519,4,False,0,2025-02-28,3,0.0,0.05,0.07,4,28,0,0,1,1.7142857142857142,0.0
7,1539,4,False,0,2025-02-28,1,0.0,0.02,0.03,4,28,0,0,1,2.142857142857143,0.0
7,1546,4,False,0,2025-02-28,2,0.0,0.03,0.05,4,28,0,0,1,2.142857142857143,0.0
7,1563,4,False,0,2025-02-28,0,0.0,0.04,0.05,4,28,0,0,1,2.0,0.0
7,1570,4,False,0,2025-02-28,1,0.0,0.02,0.03,4,28,0,0,1,1.7142857142857142,0.0
7,1573,4,False,0,2025-02-28,2,0.0,0.07,0.11,4,28,0,0,1,1.7142857142857142,0.0
7,1574,4,False,0,2025-02-28,2,0.0,0.07,0.11,4,28,0,0,1,1.7142857142857142,0.0
7,1594,4,False,0,2025-02-28,3,0.0,0.02,0.02,4,28,0,0,1,1.5714285714285714,0.0
7,1607,4,False,0,2025-02-28,4,0.0,0.07,0.1,4,28,0,0,1,1.5714285714285714,0.0
7,1626,4,False,0,2025-02-28,5,0.0,0.06,0.08,4,28,0,0,1,2.0,0.0
7,1644,4,False,0,2025-02-28,2,0.0,0.07,0.12,4,28,0,0,1,2.4285714285714284,0.0
7,1652,4,False,0,2025-02-28,1,0.0,0.05,0.07,4,28,0,0,1,2.7142857142857144,0.0
7,1673,4,False,0,2025-02-28,2,0.0,0.06,0.08,4,28,0,0,1,2.7142857142857144,0.0
7,1675,4,False,0,2025-02-28,3,0.0,0.05,0.07,4,28,0,0,1,2.7142857142857144,0.0
7,1686,4,False,0,2025-02-28,2,0.0,0.07,0.11,4,28,0,0,1,2.857142857142857,0.0
7,1706,4,False,0,2025-02-28,2,0.0,0.01,0.03,4,28,0,0,1,2.7142857142857144,0.0
7,1716,4,False,0,2025-02-28,3,0.0,0.03,0.05,4,28,0,0,1,2.4285714285714284,0.0
7,1732,4,False,0,2025-02-28,2,0.0,0.08,0.08,4,28,0,0,1,2.142857142857143,0.0
7,1738,4,False,0,2025-02-28,0,0.0,0.02,0.04,4,28,0,0,1,2.142857142857143,0.0
7,1745,4,False,0,2025-02-28,2,0.0,0.05,0.08,4,28,0,0,1,2.0,0.0
7,1759,4,False,0,2025-02-28,0,0.0,0.03,0.04,4,28,0,0,1,2.0,0.0
7,1776,4,False,0,2025-02-28,2,0.0,0.14,0.2,4,28,0,0,1,1.5714285714285714,0.0
7,1790,4,False,0,2025-02-28,1,0.0,0.04,0.06,4,28,0,0,1,1.5714285714285714,0.0
7,1826,4,False,0,2025-02-28,3,0.0,0.07,0.08,4,28,0,0,1,1.4285714285714286,0.0
7,1830,4,False,0,2025-02-28,4,0.0,0.15,0.23,4,28,0,0,1,1.4285714285714286,0.0
7,1863,4,False,0,2025-02-28,8,0.0,0.04,0.02,4,28,0,0,1,1.7142857142857142,0.0
7,1866,4,False,0,2025-02-28,0,0.0,0.02,0.02,4,28,0,0,1,2.857142857142857,0.0
7,1922,4,False,0,2025-02-28,3,0.0,0.02,0.04,4,28,0,0,1,2.5714285714285716,0.0
7,1934,4,False,0,2025-02-28,3,0.0,0.02,0.04,4,28,0,0,1,3.0,0.0
7,1975,4,False,0,2025-02-28,1,0.0,0.03,0.05,4,28,0,0,1,3.142857142857143,0.0
7,1984,4,False,0,2025-02-28,2,0.0,0.06,0.08,4,28,0,0,1,3.142857142857143,0.0
7,2005,4,False,0,2025-02-28,2,0.0,0.16,0.26,4,28,0,0,1,3.0,0.0
7,2013,4,False,0,2025-02-28,4,0.0,0.03,0.04,4,28,0,0,1,2.7142857142857144,0.0
7,2025,4,False,0,2025-02-28,3,0.0,0.03,0.04,4,28,0,0,1,2.142857142857143,0.0
7,2028,4,False,0,2025-02-28,1,0.0,0.03,0.04,4,28,0,0,1,2.5714285714285716,0.0
7,2033,4,False,0,2025-02-28,1,0.0,0.11,0.16,4,28,0,0,1,2.2857142857142856,0.0
7,2035,4,False,0,2025-02-28,2,0.0,0.02,0.04,4,28,0,0,1,2.0,0.0
7,2042,4,False,0,2025-02-28,6,0.0,0.03,0.06,4,28,0,0,1,2.142857142857143,0.0
7,2051,4,False,0,2025-02-28,2,0.0,0.03,0.04,4,28,0,0,1,2.7142857142857144,0.0
7,2061,4,False,0,2025-02-28,4,0.0,0.02,0.04,4,28,0,0,1,2.7142857142857144,0.0
7,2069,4,False,0,2025-02-28,1,0.0,0.07,0.1,4,28,0,0,1,2.7142857142857144,0.0
7,2083,4,False,0,2025-02-28,2,0.0,0.06,0.09,4,28,0,0,1,2.4285714285714284,0.0
7,2088,4,False,0,2025-02-28,1,0.0,0.03,0.04,4,28,0,0,1,2.5714285714285716,0.0
7,2129,4,False,0,2025-02-28,6,0.0,0.03,0.04,4,28,0,0,1,2.5714285714285716,0.0
7,2144,4,False,0,2025-02-28,2,0.0,0.03,0.05,4,28,0,0,1,3.142857142857143,0.0
7,2149,4,False,0,2025-02-28,1,0.0,0.04,0.07,4,28,0,0,1,2.5714285714285716,0.0
7,2167,4,False,0,2025-02-28,3,0.0,0.05,0.07,4,28,0,0,1,2.4285714285714284,0.0
7,2193,4,False,0,2025-02-28,2,0.0,0.08,0.12,4,28,0,0,1,2.2857142857142856,0.0
7,2230,4,False,0,2025-02-28,2,0.0,0.02,0.03,4,28,0,0,1,2.4285714285714284,0.0
7,2233,4,False,0,2025-02-28,1,0.0,0.06,0.08,4,28,0,0,1,2.4285714285714284,0.0
7,2238,4,False,0,2025-02-28,2,0.0,0.04,0.05,4,28,0,0,1,2.4285714285714284,0.0
7,2257,4,False,0,2025-02-28,0,0.0,0.04,0.06,4,28,0,0,1,1.8571428571428572,0.0
7,2279,4,False,0,2025-02-28,3,0.0,0.11,0.15,4,28,0,0,1,1.5714285714285714,0.0
7,2283,4,False,0,2025-02-28,2,0.0,0.04,0.07,4,28,0,0,1,1.8571428571428572,0.0
7,2286,4,False,0,2025-02-28,0,0.0,0.11,0.15,4,28,0,0,1,1.7142857142857142,0.0
7,2306,4,False,0,2025-02-28,3,0.0,0.04,0.05,4,28,0,0,1,1.4285714285714286,0.0
7,2315,4,False,0,2025-02-28,2,0.0,0.06,0.1,4,28,0,0,1,1.5714285714285714,0.0
7,2392,4,False,0,2025-02-28,2,0.0,0.04,0.06,4,28,0,0,1,1.7142857142857142,0.0
7,2397,4,False,0,2025-02-28,1,1.0,0.02,0.03,4,28,0,0,1,1.7142857142857142,0.0
7,2398,4,False,0,2025-02-28,6,0.0,0.11,0.17,4,28,0,0,1,1.8571428571428572,0.0
7,2438,4,False,0,2025-02-28,0,0.0,0.02,0.04,4,28,0,0,1,2.2857142857142856,0.0
7,2443,4,False,0,2025-02-28,2,0.0,0.05,0.08,4,28,0,0,1,2.0,0.0
7,2448,4,False,0,2025-02-28,3,0.0,0.04,0.06,4,28,0,0,1,2.2857142857142856,0.0
7,2469,4,False,0,2025-02-28,2,0.0,0.07,0.1,4,28,0,0,1,2.2857142857142856,0.0
7,2473,4,False,0,2025-02-28,3,0.0,0.04,0.06,4,28,0,0,1,2.2857142857142856,0.0
7,2478,4,False,0,2025-02-28,3,0.0,0.02,0.03,4,28,0,0,1,2.4285714285714284,0.0
7,2487,4,False,0,2025-02-28,2,0.0,0.02,0.04,4,28,0,0,1,2.7142857142857144,0.0
7,2497,4,False,0,2025-02-28,3,0.0,0.03,0.04,4,28,0,0,1,2.142857142857143,0.0
7,2506,4,False,0,2025-02-28,1,0.0,0.03,0.04,4,28,0,0,1,2.5714285714285716,0.0
7,2522,4,False,0,2025-02-28,4,0.0,0.11,0.16,4,28,0,0,1,2.4285714285714284,0.0
7,2567,4,False,0,2025-02-28,2,0.0,0.04,0.05,4,28,0,0,1,2.5714285714285716,0.0
7,2581,4,False,0,2025-02-28,1,0.0,0.06,0.07,4,28,0,0,1,2.5714285714285716,0.0
7,2624,4,False,0,2025-02-28,4,0.0,0.06,0.08,4,28,0,0,1,2.2857142857142856,0.0
7,2630,4,False,0,2025-02-28,1,1.0,0.03,0.04,4,28,0,0,1,2.4285714285714284,0.0
7,2631,4,False,0,2025-02-28,3,0.0,0.02,0.04,4,28,0,0,1,2.2857142857142856,0.0
7,2642,4,False,0,2025-02-28,3,0.0,0.03,0.05,4,28,0,0,1,2.2857142857142856,0.0
7,2658,4,False,0,2025-02-28,3,0.0,0.02,0.04,4,28,0,0,1,2.5714285714285716,0.0
7,2672,4,False,0,2025-02-28,2,0.0,0.02,0.03,4,28,0,0,1,2.4285714285714284,0.0
7,2688,4,False,0,2025-02-28,3,0.0,0.03,0.04,4,28,0,0,1,2.4285714285714284,0.0
7,2725,4,False,0,2025-02-28,1,0.0,0.08,0.14,4,28,0,0,1,2.7142857142857144,0.0
7,2744,4,False,0,2025-02-28,2,1.0,0.06,0.1,4,28,0,0,1,2.2857142857142856,0.0
7,2788,4,False,0,2025-02-28,3,0.0,0.02,0.03,4,28,0,0,1,2.4285714285714284,0.0
7,2801,4,False,0,2025-02-28,3,0.0,0.06,0.09,4,28,0,0,1,2.4285714285714284,0.0
7,2804,4,False,0,2025-02-28,2,0.0,0.06,0.07,4,28,0,0,1,2.4285714285714284,0.0
7,2818,4,False,0,2025-02-28,3,0.0,0.02,0.03,4,28,0,0,1,2.2857142857142856,0.0
7,2825,4,False,0,2025-02-28,1,0.0,0.18,0.23,4,28,0,0,1,2.4285714285714284,0.0
7,2830,4,False,0,2025-02-28,2,0.0,0.04,0.07,4,28,0,0,1,2.142857142857143,0.0
7,2832,4,False,0,2025-02-28,3,0.0,0.01,0.03,4,28,0,0,1,2.2857142857142856,0.0
7,2838,4,False,0,2025-02-28,3,0.0,0.02,0.03,4,28,0,0,1,2.4285714285714284,0.0
7,2844,4,False,0,2025-02-28,2,0.0,0.03,0.05,4,28,0,0,1,2.4285714285714284,0.0
7,2860,4,False,0,2025-02-28,4,0.0,0.07,0.1,4,28,0,0,1,2.2857142857142856,0.0
7,2870,4,False,0,2025-02-28,2,0.0,0.06,0.09,4,28,0,0,1,2.5714285714285716,0.0
7,2871,4,False,0,2025-02-28,2,0.0,0.04,0.05,4,28,0,0,1,2.4285714285714284,0.0
7,2892,4,False,0,2025-02-28,1,0.0,0.1,0.13,4,28,0,0,1,2.5714285714285716,0.0
7,2894,4,False,0,2025-02-28,0,0.0,0.04,0.1,4,28,0,0,1,2.4285714285714284,0.0
7,2957,4,False,0,2025-02-28,6,0.0,0.02,0.03,4,28,0,0,1,2.0,0.0
7,2961,4,False,0,2025-02-28,3,0.0,0.05,0.06,4,28,0,0,1,2.4285714285714284,0.0
7,2963,4,False,0,2025-02-28,4,0.0,0.06,0.08,4,28,0,0,1,2.5714285714285716,0.0
7,2970,4,False,0,2025-02-28,2,0.0,0.03,0.05,4,28,0,0,1,2.5714285714285716,0.0
7,2979,4,False,0,2025-02-28,1,0.0,0.06,0.08,4,28,0,0,1,2.5714285714285716,0.0
7,2992,4,False,0,2025-02-28,2,0.0,0.05,0.08,4,28,0,0,1,2.4285714285714284,0.0
7,3000,4,False,0,2025-02-28,2,0.0,0.1,0.16,4,28,0,0,1,2.5714285714285716,0.0
7,3012,4,False,0,2025-02-28,0,0.0,0.02,0.03,4,28,0,0,1,2.857142857142857,0.0
7,3044,4,False,0,2025-02-28,1,0.0,0.02,0.02,4,28,0,0,1,2.0,0.0
7,3086,4,False,0,2025-02-28,3,0.0,0.04,0.07,4,28,0,0,1,1.7142857142857142,0.0
7,3145,4,False,0,2025-02-28,1,0.0,0.04,0.05,4,28,0,0,1,1.5714285714285714,0.0
7,3146,4,False,0,2025-02-28,3,0.0,0.01,0.01,4,28,0,0,1,1.4285714285714286,0.0
7,3162,4,False,0,2025-02-28,3,0.0,0.01,0.02,4,28,0,0,1,1.7142857142857142,0.0
7,3178,4,False,0,2025-02-28,1,0.0,0.12,0.16,4,28,0,0,1,1.8571428571428572,0.0
7,3185,4,False,0,2025-02-28,3,0.0,0.04,0.04,4,28,0,0,1,1.7142857142857142,0.0
7,3196,4,False,0,2025-02-28,6,0.0,0.02,0.03,4,28,0,0,1,2.142857142857143,0.0
7,3209,4,False,0,2025-02-28,0,0.0,0.02,0.04,4,28,0,0,1,2.857142857142857,0.0
7,3224,4,False,0,2025-02-28,3,0.0,0.04,0.07,4,28,0,0,1,2.4285714285714284,0.0
7,3262,4,False,0,2025-02-28,2,0.0,0.09,0.14,4,28,0,0,1,2.7142857142857144,0.0
7,3267,4,False,0,2025-02-28,3,0.0,0.01,0.01,4,28,0,0,1,2.5714285714285716,0.0
7,3293,4,False,0,2025-02-28,1,0.0,0.0,0.01,4,28,0,0,1,2.5714285714285716,0.0
7,3312,4,False,0,2025-02-28,3,0.0,0.01,0.01,4,28,0,0,1,2.5714285714285716,0.0
7,3317,4,False,0,2025-02-28,3,0.0,0.01,0.02,4,28,0,0,1,2.5714285714285716,0.0
7,3327,4,False,0,2025-02-28,4,0.0,0.01,0.02,4,28,0,0,1,2.142857142857143,0.0
7,3377,4,False,0,2025-02-28,2,0.0,0.02,0.05,4,28,0,0,1,2.7142857142857144,0.0
7,3420,4,False,0,2025-02-28,2,0.0,0.07,0.09,4,28,0,0,1,2.5714285714285716,0.0
7,3453,4,False,0,2025-02-28,2,0.0,0.02,0.04,4,28,0,0,1,2.5714285714285716,0.0
7,3455,4,False,0,2025-02-28,0,0.0,0.02,0.03,4,28,0,0,1,2.4285714285714284,0.0
7,3465,4,False,0,2025-02-28,1,0.0,0.06,0.07,4,28,0,0,1,2.2857142857142856,0.0
7,3466,4,False,0,2025-02-28,2,0.0,0.03,0.05,4,28,0,0,1,2.0,0.0
7,3472,4,False,0,2025-02-28,0,0.0,0.04,0.06,4,28,0,0,1,1.8571428571428572,0.0
7,3473,4,False,0,2025-02-28,2,0.0,0.01,0.03,4,28,0,0,1,1.2857142857142858,0.0
7,3493,4,False,0,2025-02-28,2,0.0,0.04,0.07,4,28,0,0,1,1.2857142857142858,0.0
7,3552,4,False,0,2025-02-28,0,0.0,0.03,0.03,4,28,0,0,1,1.2857142857142858,0.0
7,3562,4,False,0,2025-02-28,2,0.0,0.05,0.06,4,28,0,0,1,1.0,0.0
7,3569,4,False,0,2025-02-28,3,0.0,0.03,0.06,4,28,0,0,1,1.2857142857142858,0.0
7,3577,4,False,0,2025-02-28,2,0.0,0.04,0.06,4,28,0,0,1,1.5714285714285714,0.0
7,3590,4,False,0,2025-02-28,4,0.0,0.02,0.03,4,28,0,0,1,1.5714285714285714,0.0
7,3620,4,False,0,2025-02-28,10,0.0,0.02,0.03,4,28,0,0,1,2.142857142857143,0.0
7,3627,4,False,0,2025-02-28,5,0.0,0.06,0.1,4,28,0,0,1,3.2857142857142856,0.0
7,3628,4,False,0,2025-02-28,1,0.0,0.06,0.09,4,28,0,0,1,3.7142857142857144,0.0
7,3633,4,False,0,2025-02-28,3,0.0,0.07,0.09,4,28,0,0,1,3.857142857142857,0.0
7,3645,4,False,0,2025-02-28,1,0.0,0.07,0.07,4,28,0,0,1,4.0,0.0
7,3651,4,False,0,2025-02-28,4,0.0,0.04,0.07,4,28,0,0,1,3.7142857142857144,0.0
7,3692,4,False,0,2025-02-28,2,0.0,0.1,0.12,4,28,0,0,1,4.0,0.0
7,3698,4,False,0,2025-02-28,2,0.0,0.05,0.08,4,28,0,0,1,3.7142857142857144,0.0
7,3700,4,False,0,2025-02-28,2,0.0,0.02,0.03,4,28,0,0,1,2.5714285714285716,0.0
7,3721,4,False,0,2025-02-28,0,0.0,0.03,0.05,4,28,0,0,1,2.142857142857143,0.0
7,3728,4,False,0,2025-02-28,2,0.0,0.03,0.05,4,28,0,0,1,2.0,0.0
7,3733,4,False,0,2025-02-28,4,0.0,0.01,0.03,4,28,0,0,1,1.8571428571428572,0.0
7,3753,4,False,0,2025-02-28,3,0.0,0.04,0.07,4,28,0,0,1,2.2857142857142856,0.0
7,3772,4,False,0,2025-02-28,3,0.0,0.03,0.06,4,28,0,0,1,2.142857142857143,0.0
7,3818,4,False,0,2025-02-28,4,0.0,0.06,0.09,4,28,0,0,1,2.2857142857142856,0.0
7,3843,4,False,0,2025-02-28,2,0.0,0.02,0.04,4,28,0,0,1,2.5714285714285716,0.0
7,3847,4,False,0,2025-02-28,2,0.0,0.01,0.03,4,28,0,0,1,2.5714285714285716,0.0
7,3850,4,False,0,2025-02-28,3,0.0,0.07,0.12,4,28,0,0,1,2.857142857142857,0.0
7,3853,4,False,0,2025-02-28,1,0.0,0.1,0.17,4,28,0,0,1,3.0,0.0
7,3879,4,False,0,2025-02-28,2,0.0,0.05,0.08,4,28,0,0,1,2.5714285714285716,0.0
7,3888,4,False,0,2025-02-28,6,0.0,0.01,0.01,4,28,0,0,1,2.4285714285714284,0.0
7,3903,4,False,0,2025-02-28,2,0.0,0.04,0.07,4,28,0,0,1,2.857142857142857,0.0
7,3906,4,False,0,2025-02-28,2,0.0,0.11,0.2,4,28,0,0,1,2.5714285714285716,0.0
7,3939,4,False,0,2025-02-28,0,0.0,0.04,0.06,4,28,0,0,1,2.5714285714285716,0.0
7,3968,4,False,0,2025-02-28,0,0.0,0.01,0.02,4,28,0,0,1,2.2857142857142856,0.0
7,3971,4,False,0,2025-02-28,6,0.0,0.08,0.11,4,28,0,0,1,1.8571428571428572,0.0
7,3974,4,False,0,2025-02-28,1,0.0,0.09,0.13,4,28,0,0,1,2.5714285714285716,0.0
7,3987,4,False,0,2025-02-28,1,0.0,0.03,0.05,4,28,0,0,1,2.4285714285714284,0.0
7,4019,4,False,0,2025-02-28,4,0.0,0.04,0.04,4,28,0,0,1,1.7142857142857142,0.0
7,4028,4,False,0,2025-02-28,2,0.0,0.02,0.03,4,28,0,0,1,2.0,0.0
7,4071,4,False,0,2025-02-28,2,0.0,0.04,0.07,4,28,0,0,1,2.0,0.0
7,4108,4,False,0,2025-02-28,2,0.0,0.02,0.03,4,28,0,0,1,2.2857142857142856,0.0
7,4133,4,False,0,2025-02-28,3,0.0,0.08,0.14,4,28,0,0,1,2.5714285714285716,0.0
7,4135,4,False,0,2025-02-28,1,0.0,0.03,0.04,4,28,0,0,1,2.142857142857143,0.0
7,4170,4,False,0,2025-02-28,0,1.0,0.02,0.03,4,28,0,0,1,2.142857142857143,0.0
7,4184,4,False,0,2025-02-28,2,0.0,0.06,0.09,4,28,0,0,1,2.0,0.0
7,4186,4,False,0,2025-02-28,0,0.0,0.03,0.06,4,28,0,0,1,1.7142857142857142,0.0
7,4212,4,False,0,2025-02-28,4,0.0,0.06,0.08,4,28,0,0,1,1.4285714285714286,0.0
7,4243,4,False,0,2025-02-28,2,0.0,0.09,0.1,4,28,0,0,1,1.7142857142857142,0.0
7,4268,4,False,0,2025-02-28,2,0.0,0.02,0.03,4,28,0,0,1,1.7142857142857142,0.0
7,4275,4,False,0,2025-02-28,2,0.0,0.01,0.02,4,28,0,0,1,1.5714285714285714,0.0
7,4281,4,False,0,2025-02-28,2,0.0,0.02,0.04,4,28,0,0,1,1.7142857142857142,0.0
7,4293,4,False,0,2025-02-28,1,0.0,0.12,0.17,4,28,0,0,1,2.0,0.0
7,4305,4,False,0,2025-02-28,2,0.0,0.07,0.1,4,28,0,0,1,1.8571428571428572,0.0
7,4335,4,False,0,2025-02-28,0,0.0,0.04,0.07,4,28,0,0,1,2.142857142857143,0.0
7,4342,4,False,0,2025-02-28,0,0.0,0.02,0.04,4,28,0,0,1,1.5714285714285714,0.0
7,4372,4,False,0,2025-02-28,0,0.0,0.02,0.03,4,28,0,0,1,1.2857142857142858,0.0
7,4373,4,False,0,2025-02-28,3,0.0,0.07,0.12,4,28,0,0,1,1.0,0.0
7,4392,4,False,0,2025-02-28,4,0.0,0.09,0.1,4,28,0,0,1,1.1428571428571428,0.0
7,4395,4,False,0,2025-02-28,1,1.0,0.05,0.08,4,28,0,0,1,1.4285714285714286,0.0
7,4422,4,False,0,2025-02-28,2,0.0,0.01,0.03,4,28,0,0,1,1.4285714285714286,0.0
7,4438,4,False,0,2025-02-28,5,0.0,0.01,0.02,4,28,0,0,1,1.4285714285714286,0.0
7,4451,4,False,0,2025-02-28,2,0.0,0.04,0.06,4,28,0,0,1,2.142857142857143,0.0
7,4456,4,False,0,2025-02-28,2,0.0,0.02,0.03,4,28,0,0,1,2.4285714285714284,0.0
7,4480,4,False,0,2025-02-28,3,0.0,0.06,0.1,4,28,0,0,1,2.7142857142857144,0.0
7,4520,4,False,0,2025-02-28,1,0.0,0.1,0.16,4,28,0,0,1,2.7142857142857144,0.0
7,4522,4,False,0,2025-02-28,1,0.0,0.02,0.04,4,28,0,0,1,2.2857142857142856,0.0
7,4550,4,False,0,2025-02-28,2,0.0,0.13,0.17,4,28,0,0,1,2.2857142857142856,0.0
7,4571,4,False,0,2025-02-28,2,0.0,0.03,0.06,4,28,0,0,1,2.2857142857142856,0.0
7,4577,4,False,0,2025-02-28,3,0.0,0.04,0.06,4,28,0,0,1,1.8571428571428572,0.0
7,4598,4,False,0,2025-02-28,3,0.0,0.07,0.1,4,28,0,0,1,2.0,0.0
7,4621,4,False,0,2025-02-28,3,0.0,0.01,0.01,4,28,0,0,1,2.142857142857143,0.0
7,4662,4,False,0,2025-02-28,0,0.0,0.02,0.04,4,28,0,0,1,2.142857142857143,0.0
7,4663,4,False,0,2025-02-28,1,1.0,0.04,0.07,4,28,0,0,1,2.0,0.0
7,4672,4,False,0,2025-02-28,2,0.0,0.03,0.03,4,28,0,0,1,2.0,0.0
7,4715,4,False,0,2025-02-28,2,0.0,0.05,0.06,4,28,0,0,1,2.0,0.0
7,4778,4,False,0,2025-02-28,2,0.0,0.04,0.07,4,28,0,0,1,2.0,0.0
7,4785,4,False,0,2025-02-28,3,0.0,0.06,0.09,4,28,0,0,1,1.8571428571428572,0.0
7,4806,4,False,0,2025-02-28,2,0.0,0.02,0.03,4,28,0,0,1,1.8571428571428572,0.0
7,4808,4,False,0,2025-02-28,1,0.0,0.03,0.05,4,28,0,0,1,1.7142857142857142,0.0
7,4823,4,False,0,2025-02-28,3,0.0,0.01,0.01,4,28,0,0,1,1.8571428571428572,0.0
7,4842,4,False,0,2025-02-28,2,0.0,0.03,0.05,4,28,0,0,1,2.142857142857143,0.0
7,4851,4,False,0,2025-02-28,1,0.0,0.06,0.09,4,28,0,0,1,2.142857142857143,0.0
7,4855,4,False,0,2025-02-28,2,0.0,0.02,0.02,4,28,0,0,1,2.0,0.0
7,4895,4,False,0,2025-02-28,2,0.0,0.04,0.06,4,28,0,0,1,2.0,0.0
7,4898,4,False,0,2025-02-28,2,0.0,0.03,0.03,4,28,0,0,1,1.8571428571428572,0.0
7,4928,4,False,0,2025-02-28,3,0.0,0.03,0.05,4,28,0,0,1,1.8571428571428572,0.0
7,4936,4,False,0,2025-02-28,1,0.0,0.03,0.04,4,28,0,0,1,2.142857142857143,0.0
7,4955,4,False,0,2025-02-28,2,0.0,0.03,0.04,4,28,0,0,1,1.8571428571428572,0.0
7,4958,4,False,0,2025-02-28,2,0.0,0.05,0.07,4,28,0,0,1,1.8571428571428572,0.0
7,4967,4,False,0,2025-02-28,2,0.0,0.05,0.08,4,28,0,0,1,2.0,0.0
7,4978,4,False,0,2025-02-28,6,0.0,0.04,0.05,4,28,0,0,1,2.0,0.0
7,5005,4,False,0,2025-02-28,3,0.0,0.04,0.06,4,28,0,0,1,2.5714285714285716,0.0
7,5063,4,False,0,2025-02-28,3,0.0,0.01,0.01,4,28,0,0,1,2.7142857142857144,0.0
7,5088,4,False,0,2025-02-28,3,0.0,0.01,0.02,4,28,0,0,1,2.7142857142857144,0.0
7,5113,4,False,0,2025-02-28,3,0.0,0.03,0.06,4,28,0,0,1,3.0,0.0
7,5146,4,False,0,2025-02-28,3,0.0,0.03,0.05,4,28,0,0,1,3.142857142857143,0.0
7,5154,4,False,0,2025-02-28,0,0.0,0.04,0.06,4,28,0,0,1,3.2857142857142856,0.0
7,5162,4,False,0,2025-02-28,1,0.0,0.09,0.13,4,28,0,0,1,3.0,0.0
7,5186,4,False,0,2025-02-28,4,0.0,0.02,0.03,4,28,0,0,1,2.2857142857142856,0.0
7,5191,4,False,0,2025-02-28,2,0.0,0.02,0.04,4,28,0,0,1,2.4285714285714284,0.0
7,5202,4,False,0,2025-02-28,1,0.0,0.09,0.13,4,28,0,0,1,2.2857142857142856,0.0
7,5208,4,False,0,2025-02-28,2,0.0,0.02,0.04,4,28,0,0,1,2.0,0.0
7,5228,4,False,0,2025-02-28,1,0.0,0.01,0.02,4,28,0,0,1,1.8571428571428572,0.0
7,5229,4,False,0,2025-02-28,3,0.0,0.03,0.05,4,28,0,0,1,1.5714285714285714,0.0
7,5263,4,False,0,2025-02-28,3,0.0,0.02,0.04,4,28,0,0,1,2.0,0.0
7,5266,4,False,0,2025-02-28,2,0.0,0.06,0.09,4,28,0,0,1,2.2857142857142856,0.0
7,5286,4,False,0,2025-02-28,2,0.0,0.05,0.07,4,28,0,0,1,2.0,0.0
7,74,5,True,0,2025-02-28,1,0.0,0.02,0.04,4,28,0,0,1,2.0,0.0
7,213,5,True,0,2025-02-28,0,0.0,0.01,0.03,4,28,0,0,1,2.0,0.0
7,284,5,True,0,2025-02-28,4,0.0,0.05,0.08,4,28,0,0,1,1.7142857142857142,0.0
7,567,5,True,0,2025-02-28,0,0.0,0.01,0.03,4,28,0,0,1,2.142857142857143,0.0
7,783,5,True,0,2025-02-28,11,0.0,0.03,0.06,4,28,0,0,1,1.7142857142857142,0.0
7,821,5,True,0,2025-02-28,2,0.0,0.03,0.05,4,28,0,0,1,2.857142857142857,0.0
7,873,5,True,0,2025-02-28,8,0.0,0.03,0.05,4,28,0,0,1,2.857142857142857,0.0
7,929,5,True,0,2025-02-28,0,0.0,0.07,0.22,4,28,0,0,1,3.7142857142857144,0.0
7,1037,5,True,0,2025-02-28,1,0.0,0.01,0.02,4,28,0,0,1,3.5714285714285716,0.0
7,1163,5,True,0,2025-02-28,0,0.0,0.08,0.2,4,28,0,0,1,3.7142857142857144,0.0
7,1247,5,True,0,2025-02-28,3,0.0,0.04,0.05,4,28,0,0,1,3.142857142857143,0.0
7,1333,5,True,0,2025-02-28,4,0.0,0.02,0.04,4,28,0,0,1,3.5714285714285716,0.0
7,1427,5,True,0,2025-02-28,0,0.0,0.01,0.05,4,28,0,0,1,2.5714285714285716,0.0
7,1746,5,True,0,2025-02-28,0,0.0,0.02,0.08,4,28,0,0,1,2.2857142857142856,0.0
7,1882,5,True,0,2025-02-28,0,1.0,0.17,0.33,4,28,0,0,1,1.1428571428571428,0.0
7,2066,5,True,0,2025-02-28,0,0.0,0.1,0.12,4,28,0,0,1,1.1428571428571428,0.0
7,2104,5,True,0,2025-02-28,0,0.0,0.03,0.03,4,28,0,0,1,1.0,0.0
7,2120,5,True,0,2025-02-28,2,0.0,0.03,0.07,4,28,0,0,1,1.0,0.0
7,2132,5,True,0,2025-02-28,1,0.0,0.01,0.04,4,28,0,0,1,0.8571428571428571,0.0
7,2141,5,True,0,2025-02-28,0,0.0,0.01,0.06,4,28,0,0,1,0.42857142857142855,0.0
7,2219,5,True,0,2025-02-28,0,0.0,0.11,0.13,4,28,0,0,1,0.42857142857142855,0.0
7,2224,5,True,0,2025-02-28,2,0.0,0.03,0.03,4,28,0,0,1,0.42857142857142855,0.0
7,2325,5,True,0,2025-02-28,5,0.0,0.03,0.07,4,28,0,0,1,0.7142857142857143,0.0
7,2418,5,True,0,2025-02-28,2,0.0,0.03,0.04,4,28,0,0,1,1.4285714285714286,0.0
7,2880,5,True,0,2025-02-28,3,0.0,0.02,0.05,4,28,0,0,1,1.7142857142857142,0.0
7,3085,5,True,0,2025-02-28,3,0.0,0.02,0.04,4,28,0,0,1,1.8571428571428572,0.0
7,3087,5,True,0,2025-02-28,0,0.0,0.04,0.1,4,28,0,0,1,2.142857142857143,0.0
7,3164,5,True,0,2025-02-28,0,0.0,0.06,0.1,4,28,0,0,1,2.142857142857143,0.0
7,3218,5,True,0,2025-02-28,2,0.0,0.02,0.06,4,28,0,0,1,2.142857142857143,0.0
7,3229,5,True,0,2025-02-28,1,0.0,0.04,0.11,4,28,0,0,1,2.142857142857143,0.0
7,3292,5,True,0,2025-02-28,4,0.0,0.03,0.05,4,28,0,0,1,1.5714285714285714,0.0
7,3330,5,True,0,2025-02-28,5,0.0,0.06,0.11,4,28,0,0,1,1.8571428571428572,0.0
7,3424,5,True,0,2025-02-28,2,0.0,0.01,0.02,4,28,0,0,1,2.142857142857143,0.0
7,3439,5,True,0,2025-02-28,3,0.0,0.02,0.02,4,28,0,0,1,2.0,0.0
7,3463,5,True,0,2025-02-28,2,0.0,0.03,0.04,4,28,0,0,1,2.4285714285714284,0.0
7,3558,5,True,0,2025-02-28,6,0.0,0.03,0.06,4,28,0,0,1,2.7142857142857144,0.0
7,3624,5,True,0,2025-02-28,0,0.0,0.06,0.13,4,28,0,0,1,3.2857142857142856,0.0
7,3807,5,True,0,2025-02-28,2,0.0,0.08,0.1,4,28,0,0,1,3.142857142857143,0.0
7,3984,5,True,0,2025-02-28,0,0.0,0.02,0.04,4,28,0,0,1,2.857142857142857,0.0
7,3996,5,True,0,2025-02-28,0,0.0,0.03,0.05,4,28,0,0,1,2.142857142857143,0.0
7,4036,5,True,0,2025-02-28,2,0.0,0.01,0.02,4,28,0,0,1,1.8571428571428572,0.0
7,4081,5,True,0,2025-02-28,2,0.0,0.03,0.06,4,28,0,0,1,1.7142857142857142,0.0
7,4175,5,True,0,2025-02-28,5,0.0,0.03,0.06,4,28,0,0,1,1.7142857142857142,0.0
7,4544,5,True,0,2025-02-28,0,0.0,0.04,0.07,4,28,0,0,1,1.5714285714285714,0.0
7,4565,5,True,0,2025-02-28,0,0.0,0.01,0.04,4,28,0,0,1,1.5714285714285714,0.0
7,4749,5,True,0,2025-02-28,2,0.0,0.01,0.04,4,28,0,0,1,1.2857142857142858,0.0
7,4789,5,True,0,2025-02-28,7,0.0,0.02,0.06,4,28,0,0,1,1.5714285714285714,0.0
7,4939,5,True,0,2025-02-28,0,0.0,0.02,0.06,4,28,0,0,1,2.5714285714285716,0.0
7,4942,5,True,0,2025-02-28,0,0.0,0.07,0.14,4,28,0,0,1,2.2857142857142856,0.0
7,5006,5,True,0,2025-02-28,3,0.0,0.03,0.03,4,28,0,0,1,2.0,0.0
7,5049,5,True,0,2025-02-28,3,0.0,0.02,0.05,4,28,0,0,1,1.7142857142857142,0.0
7,5098,5,True,0,2025-02-28,0,0.0,0.02,0.06,4,28,0,0,1,2.142857142857143,0.0
7,5217,5,True,0,2025-02-28,1,2.0,0.02,0.02,4,28,0,0,1,2.142857142857143,0.0
7,139,6,False,0,2025-02-28,0,0.0,0.17,0.24,4,28,0,0,1,2.0,0.0
7,173,6,False,0,2025-02-28,1,0.0,0.09,0.12,4,28,0,0,1,1.0,0.0
7,337,6,False,0,2025-02-28,0,0.0,0.12,0.17,4,28,0,0,1,1.1428571428571428,0.0
7,366,6,False,0,2025-02-28,1,0.0,0.08,0.1,4,28,0,0,1,1.1428571428571428,0.0
7,386,6,False,0,2025-02-28,1,0.0,0.17,0.24,4,28,0,0,1,0.8571428571428571,0.0
7,449,6,False,0,2025-02-28,3,0.0,0.28,0.38,4,28,0,0,1,0.5714285714285714,0.0
7,594,6,False,0,2025-02-28,0,0.0,0.19,0.23,4,28,0,0,1,1.0,0.0
7,820,6,False,0,2025-02-28,0,0.0,0.16,0.2,4,28,0,0,1,0.8571428571428571,0.0
7,988,6,False,0,2025-02-28,1,0.0,0.16,0.23,4,28,0,0,1,0.8571428571428571,0.0
7,1031,6,False,0,2025-02-28,1,0.0,0.1,0.14,4,28,0,0,1,0.8571428571428571,0.0
7,1124,6,False,0,2025-02-28,2,0.0,0.12,0.17,4,28,0,0,1,1.0,0.0
7,1276,6,False,0,2025-02-28,1,0.0,0.13,0.2,4,28,0,0,1,1.1428571428571428,0.0
7,1340,6,False,0,2025-02-28,2,0.0,0.17,0.23,4,28,0,0,1,1.1428571428571428,0.0
7,1429,6,False,0,2025-02-28,0,0.0,0.08,0.09,4,28,0,0,1,1.0,0.0
7,1534,6,False,0,2025-02-28,2,0.0,0.15,0.22,4,28,0,0,1,1.0,0.0
7,1544,6,False,0,2025-02-28,2,0.0,0.08,0.11,4,28,0,0,1,1.2857142857142858,0.0
7,1611,6,False,0,2025-02-28,0,0.0,0.12,0.16,4,28,0,0,1,1.4285714285714286,0.0
7,1650,6,False,0,2025-02-28,0,0.0,0.24,0.32,4,28,0,0,1,1.2857142857142858,0.0
7,1702,6,False,0,2025-02-28,0,0.0,0.31,0.43,4,28,0,0,1,1.0,0.0
7,1767,6,False,0,2025-02-28,1,0.0,0.12,0.15,4,28,0,0,1,0.8571428571428571,0.0
7,1807,6,False,0,2025-02-28,1,0.0,0.12,0.17,4,28,0,0,1,0.7142857142857143,0.0
7,1811,6,False,0,2025-02-28,0,0.0,0.04,0.06,4,28,0,0,1,0.8571428571428571,0.0
7,1828,6,False,0,2025-02-28,1,0.0,0.26,0.33,4,28,0,0,1,0.5714285714285714,0.0
7,1868,6,False,0,2025-02-28,0,1.0,0.12,0.14,4,28,0,0,1,0.42857142857142855,0.0
7,1901,6,False,0,2025-02-28,0,0.0,0.16,0.23,4,28,0,0,1,0.42857142857142855,0.0
7,1924,6,False,0,2025-02-28,0,0.0,0.07,0.09,4,28,0,0,1,0.42857142857142855,0.0
7,2680,6,False,0,2025-02-28,0,0.0,0.13,0.21,4,28,0,0,1,0.42857142857142855,0.0
7,2712,6,False,0,2025-02-28,3,0.0,0.12,0.14,4,28,0,0,1,0.2857142857142857,0.0
7,2912,6,False,0,2025-02-28,1,0.0,0.12,0.18,4,28,0,0,1,0.5714285714285714,0.0
7,3034,6,False,0,2025-02-28,2,0.0,0.11,0.16,4,28,0,0,1,0.7142857142857143,0.0
7,3088,6,False,0,2025-02-28,0,0.0,0.06,0.07,4,28,0,0,1,0.8571428571428571,0.0
7,3187,6,False,0,2025-02-28,0,0.0,0.26,0.31,4,28,0,0,1,0.8571428571428571,0.0
7,3202,6,False,0,2025-02-28,1,0.0,0.14,0.21,4,28,0,0,1,0.8571428571428571,0.0
7,3604,6,False,0,2025-02-28,1,0.0,0.32,0.36,4,28,0,0,1,1.0,0.0
7,3648,6,False,0,2025-02-28,0,0.0,0.2,0.26,4,28,0,0,1,1.1428571428571428,0.0
7,3687,6,False,0,2025-02-28,1,0.0,0.14,0.22,4,28,0,0,1,0.7142857142857143,0.0
7,3842,6,False,0,2025-02-28,0,0.0,0.39,0.46,4,28,0,0,1,0.7142857142857143,0.0
7,3902,6,False,0,2025-02-28,1,0.0,0.17,0.22,4,28,0,0,1,0.42857142857142855,0.0
7,3912,6,False,0,2025-02-28,1,0.0,0.06,0.1,4,28,0,0,1,0.5714285714285714,0.0
7,4177,6,False,0,2025-02-28,1,0.0,0.06,0.08,4,28,0,0,1,0.7142857142857143,0.0
7,4234,6,False,0,2025-02-28,2,0.0,0.12,0.16,4,28,0,0,1,0.7142857142857143,0.0
7,4288,6,False,0,2025-02-28,1,0.0,0.13,0.21,4,28,0,0,1,0.8571428571428571,0.0
7,4376,6,False,0,2025-02-28,1,0.0,0.08,0.1,4,28,0,0,1,1.0,0.0
7,4386,6,False,0,2025-02-28,0,0.0,0.09,0.11,4,28,0,0,1,1.0,0.0
7,4468,6,False,0,2025-02-28,0,0.0,0.34,0.42,4,28,0,0,1,1.0,0.0
7,4892,6,False,0,2025-02-28,0,0.0,0.2,0.26,4,28,0,0,1,0.8571428571428571,0.0
7,4899,6,False,0,2025-02-28,2,0.0,0.06,0.1,4,28,0,0,1,0.7142857142857143,0.0
7,4917,6,False,0,2025-02-28,8,0.0,0.15,0.22,4,28,0,0,1,0.8571428571428571,0.0
7,5150,6,False,0,2025-02-28,0,0.0,0.18,0.26,4,28,0,0,1,1.7142857142857142,0.0
7,5193,6,False,0,2025-02-28,0,0.0,0.27,0.39,4,28,0,0,1,1.5714285714285714,0.0
7,188,7,False,0,2025-02-28,2,0.0,0.03,0.04,4,28,0,0,1,1.4285714285714286,0.0
7,348,7,False,0,2025-02-28,3,0.0,0.02,0.03,4,28,0,0,1,1.7142857142857142,0.0
7,392,7,False,0,2025-02-28,3,0.0,0.01,0.01,4,28,0,0,1,2.142857142857143,0.0
7,503,7,False,0,2025-02-28,22,0.0,0.01,0.01,4,28,0,0,1,2.5714285714285716,0.0
7,680,7,False,0,2025-02-28,19,1.0,0.01,0.01,4,28,0,0,1,5.428571428571429,0.0
7,743,7,False,0,2025-02-28,4,0.0,0.02,0.04,4,28,0,0,1,7.0,0.0
7,840,7,False,0,2025-02-28,4,0.0,0.02,0.03,4,28,0,0,1,7.571428571428571,0.0
7,966,7,False,0,2025-02-28,2,0.0,0.03,0.04,4,28,0,0,1,8.142857142857142,0.0
7,1084,7,False,0,2025-02-28,1,0.0,0.01,0.01,4,28,0,0,1,8.142857142857142,0.0
7,1108,7,False,0,2025-02-28,1,0.0,0.05,0.09,4,28,0,0,1,7.857142857142857,0.0
7,1128,7,False,0,2025-02-28,0,0.0,0.02,0.02,4,28,0,0,1,7.571428571428571,0.0
7,1253,7,False,0,2025-02-28,7,0.0,0.01,0.02,4,28,0,0,1,4.428571428571429,0.0
7,1445,7,False,0,2025-02-28,4,0.0,0.04,0.05,4,28,0,0,1,2.7142857142857144,0.0
7,1488,7,False,0,2025-02-28,1,0.0,0.01,0.01,4,28,0,0,1,2.7142857142857144,0.0
7,1556,7,False,0,2025-02-28,4,0.0,0.02,0.03,4,28,0,0,1,2.2857142857142856,0.0
7,1591,7,False,0,2025-02-28,3,0.0,0.05,0.09,4,28,0,0,1,2.5714285714285716,0.0
7,1677,7,False,0,2025-02-28,1,0.0,0.02,0.04,4,28,0,0,1,2.857142857142857,0.0
7,1697,7,False,0,2025-02-28,1,0.0,0.05,0.07,4,28,0,0,1,2.857142857142857,0.0
7,1895,7,False,0,2025-02-28,1,0.0,0.02,0.02,4,28,0,0,1,3.0,0.0
7,1905,7,False,0,2025-02-28,3,0.0,0.02,0.02,4,28,0,0,1,2.142857142857143,0.0
7,1981,7,False,0,2025-02-28,3,0.0,0.01,0.01,4,28,0,0,1,2.0,0.0
7,2105,7,False,0,2025-02-28,3,1.0,0.02,0.03,4,28,0,0,1,2.2857142857142856,0.0
7,2182,7,False,0,2025-02-28,1,1.0,0.2,0.22,4,28,0,0,1,2.142857142857143,0.0
7,2202,7,False,0,2025-02-28,4,0.0,0.11,0.14,4,28,0,0,1,1.8571428571428572,0.0
7,2232,7,False,0,2025-02-28,2,0.0,0.04,0.08,4,28,0,0,1,2.2857142857142856,0.0
7,2340,7,False,0,2025-02-28,2,0.0,0.02,0.02,4,28,0,0,1,2.4285714285714284,0.0
7,2380,7,False,0,2025-02-28,1,0.0,0.03,0.05,4,28,0,0,1,2.5714285714285716,0.0
7,2439,7,False,0,2025-02-28,4,0.0,0.03,0.04,4,28,0,0,1,2.2857142857142856,0.0
7,2645,7,False,0,2025-02-28,2,0.0,0.03,0.04,4,28,0,0,1,2.4285714285714284,0.0
7,2792,7,False,0,2025-02-28,1,0.0,0.02,0.04,4,28,0,0,1,2.2857142857142856,0.0
7,2989,7,False,0,2025-02-28,17,0.0,0.0,0.0,4,28,0,0,1,2.2857142857142856,0.0
7,3025,7,False,0,2025-02-28,7,0.0,0.01,0.01,4,28,0,0,1,4.142857142857143,0.0
7,3078,7,False,0,2025-02-28,0,0.0,0.07,0.1,4,28,0,0,1,4.857142857142857,0.0
7,3111,7,False,0,2025-02-28,1,0.0,0.03,0.04,4,28,0,0,1,4.571428571428571,0.0
7,3125,7,False,0,2025-02-28,1,0.0,0.02,0.03,4,28,0,0,1,4.571428571428571,0.0
7,4069,7,False,0,2025-02-28,1,0.0,0.02,0.02,4,28,0,0,1,4.142857142857143,0.0
7,4233,7,False,0,2025-02-28,2,0.0,0.06,0.07,4,28,0,0,1,4.0,0.0
7,4424,7,False,0,2025-02-28,15,0.0,0.02,0.05,4,28,0,0,1,4.142857142857143,0.0
7,4454,7,False,0,2025-02-28,3,0.0,0.01,0.02,4,28,0,0,1,3.857142857142857,0.0
7,4484,7,False,0,2025-02-28,20,0.0,0.02,0.05,4,28,0,0,1,3.2857142857142856,0.0
7,4599,7,False,0,2025-02-28,3,0.0,0.01,0.02,4,28,0,0,1,6.142857142857143,0.0
7,4624,7,False,0,2025-02-28,0,0.0,0.03,0.04,4,28,0,0,1,6.428571428571429,0.0
7,4763,7,False,0,2025-02-28,1,0.0,0.01,0.02,4,28,0,0,1,6.285714285714286,0.0
7,4788,7,False,0,2025-02-28,4,0.0,0.02,0.04,4,28,0,0,1,6.285714285714286,0.0
7,4841,7,False,0,2025-02-28,1,0.0,0.01,0.02,4,28,0,0,1,6.571428571428571,0.0
7,4910,7,False,0,2025-02-28,1,0.0,0.2,0.23,4,28,0,0,1,4.571428571428571,0.0
7,5031,7,False,0,2025-02-28,2,0.0,0.3,0.46,4,28,0,0,1,4.285714285714286,0.0
7,5141,7,False,0,2025-02-28,2,0.0,0.02,0.03,4,28,0,0,1,1.7142857142857142,0.0
7,55,8,False,0,2025-02-28,0,0.0,0.04,0.08,4,28,0,0,1,1.5714285714285714,0.0
7,367,8,False,0,2025-02-28,12,3.0,0.02,0.04,4,28,0,0,1,1.5714285714285714,0.0
7,494,8,False,0,2025-02-28,8,0.0,0.01,0.03,4,28,0,0,1,3.142857142857143,0.0
7,566,8,False,0,2025-02-28,15,0.0,0.01,0.01,4,28,0,0,1,3.7142857142857144,0.0
7,658,8,False,0,2025-02-28,2,0.0,0.1,0.17,4,28,0,0,1,5.714285714285714,0.0
7,675,8,False,0,2025-02-28,0,0.0,0.01,0.02,4,28,0,0,1,5.857142857142857,0.0
7,790,8,False,0,2025-02-28,3,0.0,0.01,0.02,4,28,0,0,1,5.571428571428571,0.0
7,868,8,False,0,2025-02-28,1,0.0,0.14,0.21,4,28,0,0,1,5.714285714285714,0.0
7,870,8,False,0,2025-02-28,3,0.0,0.01,0.02,4,28,0,0,1,5.857142857142857,0.0
7,1004,8,False,0,2025-02-28,6,1.0,0.02,0.05,4,28,0,0,1,4.571428571428571,0.0
7,1076,8,False,0,2025-02-28,9,0.0,0.01,0.02,4,28,0,0,1,4.285714285714286,0.0
7,1116,8,False,0,2025-02-28,11,1.0,0.02,0.02,4,28,0,0,1,3.4285714285714284,0.0
7,1134,8,False,0,2025-02-28,19,0.0,0.0,0.01,4,28,0,0,1,4.714285714285714,0.0
7,1285,8,False,0,2025-02-28,7,0.0,0.03,0.05,4,28,0,0,1,7.428571428571429,0.0
7,1541,8,False,0,2025-02-28,9,0.0,0.02,0.03,4,28,0,0,1,8.0,0.0
7,1748,8,False,0,2025-02-28,10,0.0,0.03,0.04,4,28,0,0,1,9.142857142857142,0.0
7,1819,8,False,0,2025-02-28,7,0.0,0.01,0.02,4,28,0,0,1,10.142857142857142,0.0
7,1923,8,False,0,2025-02-28,2,0.0,0.01,0.02,4,28,0,0,1,10.285714285714286,0.0
7,1930,8,False,0,2025-02-28,1,0.0,0.03,0.05,4,28,0,0,1,9.285714285714286,0.0
7,2029,8,False,0,2025-02-28,1,1.0,0.04,0.07,4,28,0,0,1,7.857142857142857,0.0
7,2288,8,False,0,2025-02-28,17,0.0,0.01,0.02,4,28,0,0,1,5.285714285714286,0.0
7,3028,8,False,0,2025-02-28,3,0.0,0.01,0.02,4,28,0,0,1,6.714285714285714,0.0
7,3180,8,False,0,2025-02-28,12,0.0,0.01,0.02,4,28,0,0,1,5.857142857142857,0.0
7,3450,8,False,0,2025-02-28,8,0.0,0.02,0.04,4,28,0,0,1,6.142857142857143,0.0
7,3476,8,False,0,2025-02-28,2,0.0,0.07,0.11,4,28,0,0,1,6.285714285714286,0.0
7,3574,8,False,0,2025-02-28,6,0.0,0.02,0.03,4,28,0,0,1,6.285714285714286,0.0
7,3592,8,False,0,2025-02-28,5,0.0,0.02,0.04,4,28,0,0,1,7.0,0.0
7,3750,8,False,0,2025-02-28,11,0.0,0.01,0.02,4,28,0,0,1,7.571428571428571,0.0
7,3770,8,False,0,2025-02-28,4,1.0,0.01,0.02,4,28,0,0,1,6.714285714285714,0.0
7,3890,8,False,0,2025-02-28,16,0.0,0.02,0.04,4,28,0,0,1,6.857142857142857,0.0
7,3963,8,False,0,2025-02-28,6,0.0,0.01,0.01,4,28,0,0,1,7.428571428571429,0.0
7,4115,8,False,0,2025-02-28,5,0.0,0.02,0.04,4,28,0,0,1,7.142857142857143,0.0
7,4538,8,False,0,2025-02-28,15,0.0,0.02,0.02,4,28,0,0,1,7.571428571428571,0.0
7,4609,8,False,0,2025-02-28,9,0.0,0.05,0.08,4,28,0,0,1,8.857142857142858,0.0
7,4666,8,False,0,2025-02-28,10,0.0,0.01,0.02,4,28,0,0,1,9.428571428571429,0.0
7,4668,8,False,0,2025-02-28,2,1.0,0.01,0.02,4,28,0,0,1,9.285714285714286,0.0
7,4676,8,False,0,2025-02-28,13,0.0,0.01,0.01,4,28,0,0,1,9.0,0.0
7,4751,8,False,0,2025-02-28,0,0.0,0.02,0.03,4,28,0,0,1,8.571428571428571,0.0
7,4807,8,False,0,2025-02-28,12,0.0,0.01,0.01,4,28,0,0,1,7.714285714285714,0.0
7,4862,8,False,0,2025-02-28,2,0.0,0.18,0.31,4,28,0,0,1,8.714285714285714,0.0
7,5001,8,False,0,2025-02-28,11,0.0,0.01,0.03,4,28,0,0,1,6.857142857142857,0.0
7,5203,8,False,0,2025-02-28,17,0.0,0.01,0.03,4,28,0,0,1,7.142857142857143,0.0
7,3,9,True,0,2025-02-28,0,0.0,0.02,0.06,4,28,0,0,1,8.142857142857142,0.0
7,29,9,True,0,2025-02-28,0,0.0,0.05,0.07,4,28,0,0,1,7.857142857142857,0.0
7,67,9,True,0,2025-02-28,0,0.0,0.01,0.03,4,28,0,0,1,6.0,0.0
7,68,9,True,0,2025-02-28,0,0.0,0.02,0.04,4,28,0,0,1,6.0,0.0
7,75,9,True,0,2025-02-28,3,0.0,0.03,0.05,4,28,0,0,1,4.285714285714286,0.0
7,162,9,True,0,2025-02-28,0,0.0,0.03,0.06,4,28,0,0,1,4.428571428571429,0.0
7,176,9,True,0,2025-02-28,0,0.0,0.02,0.05,4,28,0,0,1,2.857142857142857,0.0
7,266,9,True,0,2025-02-28,0,0.0,0.03,0.07,4,28,0,0,1,0.42857142857142855,0.0
7,322,9,True,0,2025-02-28,0,0.0,0.05,0.07,4,28,0,0,1,0.42857142857142855,0.0
7,335,9,True,0,2025-02-28,0,0.0,0.02,0.03,4,28,0,0,1,0.42857142857142855,0.0
7,342,9,True,0,2025-02-28,0,0.0,0.02,0.1,4,28,0,0,1,0.42857142857142855,0.0
7,379,9,True,0,2025-02-28,0,0.0,0.06,0.07,4,28,0,0,1,0.42857142857142855,0.0
7,426,9,True,0,2025-02-28,0,0.0,0.05,0.14,4,28,0,0,1,0.0,0.0
7,469,9,True,0,2025-02-28,0,0.0,0.02,0.03,4,28,0,0,1,0.0,0.0
7,487,9,True,0,2025-02-28,0,0.0,0.03,0.06,4,28,0,0,1,0.0,0.0
7,500,9,True,0,2025-02-28,0,0.0,0.01,0.06,4,28,0,0,1,0.0,0.0
7,520,9,True,0,2025-02-28,0,0.0,0.04,0.1,4,28,0,0,1,0.0,0.0
7,546,9,True,0,2025-02-28,1,0.0,0.02,0.05,4,28,0,0,1,0.0,0.0
7,562,9,True,0,2025-02-28,0,0.0,0.03,0.05,4,28,0,0,1,0.14285714285714285,0.0
7,589,9,True,0,2025-02-28,0,0.0,0.03,0.05,4,28,0,0,1,0.14285714285714285,0.0
7,591,9,True,0,2025-02-28,0,0.0,0.04,0.09,4,28,0,0,1,0.14285714285714285,0.0
7,654,9,True,0,2025-02-28,0,1.0,0.03,0.07,4,28,0,0,1,0.14285714285714285,0.0
7,673,9,True,0,2025-02-28,0,0.0,0.02,0.06,4,28,0,0,1,0.14285714285714285,0.0
7,687,9,True,0,2025-02-28,0,0.0,0.04,0.09,4,28,0,0,1,0.14285714285714285,0.0
7,698,9,True,0,2025-02-28,0,0.0,0.04,0.16,4,28,0,0,1,0.14285714285714285,0.0
7,708,9,True,0,2025-02-28,0,0.0,0.04,0.08,4,28,0,0,1,0.0,0.0
7,715,9,True,0,2025-02-28,1,0.0,0.02,0.04,4,28,0,0,1,0.0,0.0
7,738,9,True,0,2025-02-28,1,0.0,0.03,0.11,4,28,0,0,1,0.14285714285714285,0.0
7,856,9,True,0,2025-02-28,1,0.0,0.01,0.02,4,28,0,0,1,0.2857142857142857,0.0
7,884,9,True,0,2025-02-28,0,0.0,0.05,0.07,4,28,0,0,1,0.42857142857142855,0.0
7,893,9,True,0,2025-02-28,0,0.0,0.02,0.05,4,28,0,0,1,0.42857142857142855,0.0
7,908,9,True,0,2025-02-28,0,0.0,0.05,0.09,4,28,0,0,1,0.42857142857142855,0.0
7,920,9,True,0,2025-02-28,0,0.0,0.04,0.05,4,28,0,0,1,0.42857142857142855,0.0
7,942,9,True,0,2025-02-28,2,0.0,0.01,0.05,4,28,0,0,1,0.42857142857142855,0.0
7,955,9,True,0,2025-02-28,0,0.0,0.06,0.08,4,28,0,0,1,0.5714285714285714,0.0
7,957,9,True,0,2025-02-28,0,0.0,0.05,0.15,4,28,0,0,1,0.42857142857142855,0.0
7,977,9,True,0,2025-02-28,0,0.0,0.1,0.16,4,28,0,0,1,0.2857142857142857,0.0
7,1016,9,True,0,2025-02-28,0,0.0,0.02,0.07,4,28,0,0,1,0.2857142857142857,0.0
7,1039,9,True,0,2025-02-28,0,0.0,0.01,0.04,4,28,0,0,1,0.2857142857142857,0.0
7,1050,9,True,0,2025-02-28,0,0.0,0.07,0.19,4,28,0,0,1,0.2857142857142857,0.0
7,1075,9,True,0,2025-02-28,3,0.0,0.03,0.04,4,28,0,0,1,0.2857142857142857,0.0
7,1081,9,True,0,2025-02-28,0,0.0,0.02,0.1,4,28,0,0,1,0.42857142857142855,0.0
7,1157,9,True,0,2025-02-28,0,0.0,0.04,0.1,4,28,0,0,1,0.42857142857142855,0.0
7,1168,9,True,0,2025-02-28,1,0.0,0.09,0.15,4,28,0,0,1,0.42857142857142855,0.0
7,1241,9,True,0,2025-02-28,0,0.0,0.05,0.14,4,28,0,0,1,0.5714285714285714,0.0
7,1243,9,True,0,2025-02-28,0,0.0,0.04,0.08,4,28,0,0,1,0.5714285714285714,0.0
7,1281,9,True,0,2025-02-28,0,0.0,0.02,0.03,4,28,0,0,1,0.5714285714285714,0.0
7,1334,9,True,0,2025-02-28,0,1.0,0.02,0.04,4,28,0,0,1,0.5714285714285714,0.0
7,1364,9,True,0,2025-02-28,0,0.0,0.03,0.11,4,28,0,0,1,0.14285714285714285,0.0
7,1453,9,True,0,2025-02-28,0,1.0,0.04,0.06,4,28,0,0,1,0.14285714285714285,0.0
7,1504,9,True,0,2025-02-28,0,0.0,0.1,0.12,4,28,0,0,1,0.14285714285714285,0.0
7,1615,9,True,0,2025-02-28,0,0.0,0.02,0.04,4,28,0,0,1,0.0,0.0
7,1699,9,True,0,2025-02-28,0,0.0,0.04,0.08,4,28,0,0,1,0.0,0.0
7,1701,9,True,0,2025-02-28,0,0.0,0.03,0.04,4,28,0,0,1,0.0,0.0
7,1713,9,True,0,2025-02-28,0,0.0,0.01,0.02,4,28,0,0,1,0.0,0.0
7,1728,9,True,0,2025-02-28,0,0.0,0.02,0.07,4,28,0,0,1,0.0,0.0
7,1774,9,True,0,2025-02-28,0,0.0,0.04,0.06,4,28,0,0,1,0.0,0.0
7,1872,9,True,0,2025-02-28,0,0.0,0.03,0.1,4,28,0,0,1,0.0,0.0
7,1885,9,True,0,2025-02-28,89,1.0,0.01,0.01,4,28,0,0,1,0.0,0.0
7,1890,9,True,0,2025-02-28,0,0.0,0.02,0.06,4,28,0,0,1,12.714285714285714,0.0
7,2007,9,True,0,2025-02-28,0,0.0,0.02,0.07,4,28,0,0,1,12.714285714285714,0.0
7,2009,9,True,0,2025-02-28,0,0.0,0.01,0.03,4,28,0,0,1,12.714285714285714,0.0
7,2067,9,True,0,2025-02-28,0,0.0,0.04,0.09,4,28,0,0,1,12.714285714285714,0.0
7,2068,9,True,0,2025-02-28,0,0.0,0.02,0.05,4,28,0,0,1,12.714285714285714,0.0
7,2073,9,True,0,2025-02-28,1,0.0,0.01,0.03,4,28,0,0,1,12.714285714285714,0.0
7,2076,9,True,0,2025-02-28,0,0.0,0.04,0.08,4,28,0,0,1,12.857142857142858,0.0
7,2121,9,True,0,2025-02-28,0,0.0,0.02,0.05,4,28,0,0,1,0.14285714285714285,0.0
7,2138,9,True,0,2025-02-28,0,0.0,0.05,0.09,4,28,0,0,1,0.14285714285714285,0.0
7,2184,9,True,0,2025-02-28,0,0.0,0.02,0.07,4,28,0,0,1,0.14285714285714285,0.0
7,2220,9,True,0,2025-02-28,0,0.0,0.01,0.05,4,28,0,0,1,0.14285714285714285,0.0
7,2225,9,True,0,2025-02-28,0,0.0,0.03,0.09,4,28,0,0,1,0.14285714285714285,0.0
7,2299,9,True,0,2025-02-28,0,0.0,0.02,0.05,4,28,0,0,1,0.14285714285714285,0.0
7,2353,9,True,0,2025-02-28,0,0.0,0.01,0.01,4,28,0,0,1,0.0,0.0
7,2356,9,True,0,2025-02-28,0,0.0,0.01,0.01,4,28,0,0,1,0.0,0.0
7,2388,9,True,0,2025-02-28,0,0.0,0.03,0.11,4,28,0,0,1,0.0,0.0
7,2409,9,True,0,2025-02-28,0,0.0,0.05,0.09,4,28,0,0,1,0.0,0.0
7,2427,9,True,0,2025-02-28,1,0.0,0.01,0.03,4,28,0,0,1,0.0,0.0
7,2449,9,True,0,2025-02-28,0,0.0,0.05,0.1,4,28,0,0,1,0.14285714285714285,0.0
7,2493,9,True,0,2025-02-28,0,0.0,0.02,0.04,4,28,0,0,1,0.14285714285714285,0.0
7,2540,9,True,0,2025-02-28,0,0.0,0.05,0.15,4,28,0,0,1,0.14285714285714285,0.0
7,2552,9,True,0,2025-02-28,0,0.0,0.04,0.06,4,28,0,0,1,0.14285714285714285,0.0
7,2597,9,True,0,2025-02-28,0,0.0,0.01,0.03,4,28,0,0,1,0.14285714285714285,0.0
7,2608,9,True,0,2025-02-28,0,0.0,0.04,0.09,4,28,0,0,1,0.14285714285714285,0.0
7,2629,9,True,0,2025-02-28,0,0.0,0.02,0.1,4,28,0,0,1,0.14285714285714285,0.0
7,2633,9,True,0,2025-02-28,0,0.0,0.01,0.01,4,28,0,0,1,0.0,0.0
7,2684,9,True,0,2025-02-28,0,0.0,0.04,0.09,4,28,0,0,1,0.0,0.0
7,2694,9,True,0,2025-02-28,0,0.0,0.04,0.1,4,28,0,0,1,0.0,0.0
7,2724,9,True,0,2025-02-28,0,0.0,0.01,0.04,4,28,0,0,1,0.0,0.0
7,2791,9,True,0,2025-02-28,0,0.0,0.1,0.2,4,28,0,0,1,0.0,0.0
7,2796,9,True,0,2025-02-28,0,0.0,0.03,0.08,4,28,0,0,1,0.0,0.0
7,2828,9,True,0,2025-02-28,4,0.0,0.02,0.05,4,28,0,0,1,0.0,0.0
7,2868,9,True,0,2025-02-28,0,0.0,0.03,0.04,4,28,0,0,1,0.5714285714285714,0.0
7,2869,9,True,0,2025-02-28,0,0.0,0.05,0.09,4,28,0,0,1,0.5714285714285714,0.0
7,2877,9,True,0,2025-02-28,0,0.0,0.1,0.23,4,28,0,0,1,0.5714285714285714,0.0
7,2895,9,True,0,2025-02-28,0,0.0,0.06,0.08,4,28,0,0,1,0.5714285714285714,0.0
7,2896,9,True,0,2025-02-28,0,0.0,0.04,0.07,4,28,0,0,1,0.5714285714285714,0.0
7,2921,9,True,0,2025-02-28,0,0.0,0.07,0.29,4,28,0,0,1,0.5714285714285714,0.0
7,2937,9,True,0,2025-02-28,0,2.0,0.03,0.05,4,28,0,0,1,0.5714285714285714,0.0
7,2945,9,True,0,2025-02-28,0,0.0,0.06,0.09,4,28,0,0,1,0.0,0.0
7,2967,9,True,0,2025-02-28,0,1.0,0.13,0.17,4,28,0,0,1,0.0,0.0
7,2986,9,True,0,2025-02-28,0,0.0,0.03,0.03,4,28,0,0,1,0.0,0.0
7,2998,9,True,0,2025-02-28,0,0.0,0.01,0.05,4,28,0,0,1,0.0,0.0
7,3036,9,True,0,2025-02-28,0,1.0,0.03,0.1,4,28,0,0,1,0.0,0.0
7,3059,9,True,0,2025-02-28,0,0.0,0.06,0.1,4,28,0,0,1,0.0,0.0
7,3160,9,True,0,2025-02-28,0,0.0,0.01,0.02,4,28,0,0,1,0.0,0.0
7,3191,9,True,0,2025-02-28,0,0.0,0.06,0.1,4,28,0,0,1,0.0,0.0
7,3291,9,True,0,2025-02-28,0,0.0,0.05,0.1,4,28,0,0,1,0.0,0.0
7,3332,9,True,0,2025-02-28,0,0.0,0.02,0.09,4,28,0,0,1,0.0,0.0
7,3367,9,True,0,2025-02-28,0,0.0,0.06,0.07,4,28,0,0,1,0.0,0.0
7,3405,9,True,0,2025-02-28,0,0.0,0.01,0.04,4,28,0,0,1,0.0,0.0
7,3412,9,True,0,2025-02-28,0,0.0,0.01,0.02,4,28,0,0,1,0.0,0.0
7,3477,9,True,0,2025-02-28,0,0.0,0.03,0.05,4,28,0,0,1,0.0,0.0
7,3491,9,True,0,2025-02-28,0,0.0,0.03,0.12,4,28,0,0,1,0.0,0.0
7,3503,9,True,0,2025-02-28,0,0.0,0.01,0.04,4,28,0,0,1,0.0,0.0
7,3505,9,True,0,2025-02-28,0,0.0,0.04,0.1,4,28,0,0,1,0.0,0.0
7,3531,9,True,0,2025-02-28,0,0.0,0.02,0.06,4,28,0,0,1,0.0,0.0
7,3584,9,True,0,2025-02-28,0,0.0,0.02,0.09,4,28,0,0,1,0.0,0.0
7,3699,9,True,0,2025-02-28,1,0.0,0.01,0.02,4,28,0,0,1,0.0,0.0
7,3702,9,True,0,2025-02-28,0,0.0,0.02,0.03,4,28,0,0,1,0.14285714285714285,0.0
7,3794,9,True,0,2025-02-28,0,0.0,0.03,0.03,4,28,0,0,1,0.14285714285714285,0.0
7,3836,9,True,0,2025-02-28,0,0.0,0.05,0.1,4,28,0,0,1,0.14285714285714285,0.0
7,3872,9,True,0,2025-02-28,4,0.0,0.04,0.07,4,28,0,0,1,0.14285714285714285,0.0
7,3884,9,True,0,2025-02-28,0,2.0,0.01,0.03,4,28,0,0,1,0.7142857142857143,0.0
7,3962,9,True,0,2025-02-28,0,0.0,0.05,0.15,4,28,0,0,1,0.7142857142857143,0.0
7,3998,9,True,0,2025-02-28,0,0.0,0.04,0.09,4,28,0,0,1,0.7142857142857143,0.0
7,4008,9,True,0,2025-02-28,0,0.0,0.04,0.18,4,28,0,0,1,0.5714285714285714,0.0
7,4056,9,True,0,2025-02-28,0,0.0,0.02,0.05,4,28,0,0,1,0.5714285714285714,0.0
7,4075,9,True,0,2025-02-28,0,0.0,0.06,0.2,4,28,0,0,1,0.5714285714285714,0.0
7,4083,9,True,0,2025-02-28,0,0.0,0.09,0.19,4,28,0,0,1,0.5714285714285714,0.0
7,4232,9,True,0,2025-02-28,0,0.0,0.13,0.18,4,28,0,0,1,0.0,0.0
7,4259,9,True,0,2025-02-28,0,0.0,0.26,0.31,4,28,0,0,1,0.0,0.0
7,4262,9,True,0,2025-02-28,0,0.0,0.02,0.05,4,28,0,0,1,0.0,0.0
7,4279,9,True,0,2025-02-28,0,0.0,0.05,0.1,4,28,0,0,1,0.0,0.0
7,4296,9,True,0,2025-02-28,0,0.0,0.04,0.07,4,28,0,0,1,0.0,0.0
7,4332,9,True,0,2025-02-28,0,0.0,0.04,0.1,4,28,0,0,1,0.0,0.0
7,4353,9,True,0,2025-02-28,0,0.0,0.01,0.07,4,28,0,0,1,0.0,0.0
7,4363,9,True,0,2025-02-28,0,0.0,0.05,0.12,4,28,0,0,1,0.0,0.0
7,4393,9,True,0,2025-02-28,6,0.0,0.11,0.13,4,28,0,0,1,0.0,0.0
7,4406,9,True,0,2025-02-28,0,0.0,0.02,0.07,4,28,0,0,1,0.8571428571428571,0.0
7,4459,9,True,0,2025-02-28,3,1.0,0.02,0.03,4,28,0,0,1,0.8571428571428571,0.0
7,4477,9,True,0,2025-02-28,0,0.0,0.03,0.03,4,28,0,0,1,1.2857142857142858,0.0
7,4532,9,True,0,2025-02-28,0,0.0,0.02,0.04,4,28,0,0,1,1.2857142857142858,0.0
7,4574,9,True,0,2025-02-28,0,0.0,0.01,0.05,4,28,0,0,1,1.2857142857142858,0.0
7,4623,9,True,0,2025-02-28,0,0.0,0.03,0.08,4,28,0,0,1,1.2857142857142858,0.0
7,4677,9,True,0,2025-02-28,0,0.0,0.12,0.24,4,28,0,0,1,1.2857142857142858,0.0
7,4695,9,True,0,2025-02-28,0,0.0,0.04,0.07,4,28,0,0,1,0.42857142857142855,0.0
7,4709,9,True,0,2025-02-28,1,0.0,0.08,0.12,4,28,0,0,1,0.42857142857142855,0.0
7,4728,9,True,0,2025-02-28,0,0.0,0.02,0.02,4,28,0,0,1,0.14285714285714285,0.0
7,4737,9,True,0,2025-02-28,5,0.0,0.01,0.03,4,28,0,0,1,0.14285714285714285,0.0
7,4775,9,True,0,2025-02-28,0,0.0,0.04,0.1,4,28,0,0,1,0.8571428571428571,0.0
7,4784,9,True,0,2025-02-28,0,0.0,0.01,0.03,4,28,0,0,1,0.8571428571428571,0.0
7,4858,9,True,0,2025-02-28,0,0.0,0.15,0.21,4,28,0,0,1,0.8571428571428571,0.0
7,4863,9,True,0,2025-02-28,1,0.0,0.02,0.05,4,28,0,0,1,0.8571428571428571,0.0
7,4927,9,True,0,2025-02-28,0,0.0,0.06,0.1,4,28,0,0,1,1.0,0.0
7,4974,9,True,0,2025-02-28,0,0.0,0.02,0.05,4,28,0,0,1,0.8571428571428571,0.0
7,5011,9,True,0,2025-02-28,0,0.0,0.06,0.11,4,28,0,0,1,0.8571428571428571,0.0
7,5012,9,True,0,2025-02-28,0,0.0,0.01,0.03,4,28,0,0,1,0.14285714285714285,0.0
7,5070,9,True,0,2025-02-28,0,0.0,0.05,0.08,4,28,0,0,1,0.14285714285714285,0.0
7,5226,9,True,0,2025-02-28,0,2.0,0.05,0.09,4,28,0,0,1,0.14285714285714285,0.0
7,5242,9,True,0,2025-02-28,0,0.0,0.04,0.06,4,28,0,0,1,0.14285714285714285,0.0
7,5252,9,True,0,2025-02-28,0,0.0,0.01,0.01,4,28,0,0,1,0.0,0.0
7,15,10,False,0,2025-02-28,10,0.0,0.03,0.13,4,28,0,0,1,0.0,0.0
7,149,10,False,0,2025-02-28,15,0.0,0.02,0.07,4,28,0,0,1,1.4285714285714286,0.0
7,2636,10,False,0,2025-02-28,8,0.0,0.09,0.22,4,28,0,0,1,3.5714285714285716,0.0
7,3122,10,False,0,2025-02-28,13,0.0,0.01,0.04,4,28,0,0,1,4.714285714285714,0.0
7,3904,10,False,0,2025-02-28,22,0.0,0.03,0.09,4,28,0,0,1,6.571428571428571,0.0
7,4959,10,False,0,2025-02-28,22,1.0,0.01,0.02,4,28,0,0,1,9.714285714285714,0.0
7,518,11,False,0,2025-02-28,2,0.0,0.16,0.15,4,28,0,0,1,12.857142857142858,0.0
7,669,11,False,0,2025-02-28,3,0.0,0.07,0.09,4,28,0,0,1,13.142857142857142,0.0
7,926,11,False,0,2025-02-28,3,0.0,0.14,0.18,4,28,0,0,1,12.142857142857142,0.0
7,934,11,False,0,2025-02-28,1,0.0,0.18,0.22,4,28,0,0,1,10.428571428571429,0.0
7,1341,11,False,0,2025-02-28,2,0.0,0.16,0.17,4,28,0,0,1,9.428571428571429,0.0
7,1710,11,False,0,2025-02-28,3,0.0,0.12,0.15,4,28,0,0,1,7.857142857142857,0.0
7,1735,11,False,0,2025-02-28,3,0.0,0.1,0.14,4,28,0,0,1,5.142857142857143,0.0
7,1879,11,False,0,2025-02-28,4,0.0,0.1,0.15,4,28,0,0,1,2.4285714285714284,0.0
7,3084,11,False,0,2025-02-28,3,0.0,0.12,0.15,4,28,0,0,1,2.7142857142857144,0.0
7,3602,11,False,0,2025-02-28,3,0.0,0.12,0.15,4,28,0,0,1,2.7142857142857144,0.0
7,3829,11,False,0,2025-02-28,6,0.0,0.1,0.15,4,28,0,0,1,2.7142857142857144,0.0
7,3961,11,False,0,2025-02-28,3,0.0,0.09,0.12,4,28,0,0,1,3.4285714285714284,0.0
7,4171,11,False,0,2025-02-28,3,0.0,0.15,0.2,4,28,0,0,1,3.5714285714285716,0.0
7,4322,11,False,0,2025-02-28,4,0.0,0.1,0.12,4,28,0,0,1,3.5714285714285716,0.0
7,4441,11,False,0,2025-02-28,3,0.0,0.12,0.16,4,28,0,0,1,3.7142857142857144,0.0
7,4930,11,False,0,2025-02-28,4,0.0,0.09,0.12,4,28,0,0,1,3.5714285714285716,0.0
