loja_id,produto_id,categoria_id,is_medicamento,curva,data,estoque,venda,custo,preco,dia_semana_abrev,dia_do_mes,abreviacao_mes,fim_de_semana,inicio_fim_mes,media_leg7_estoque,pred_venda
9,27,1,False,0,2025-02-22,2,0.0,0.07,0.07,5,22,0,1,0,,0.0
9,982,1,False,0,2025-02-22,2,0.0,0.2,0.24,5,22,0,1,0,2.0,0.0
9,1030,1,False,0,2025-02-22,4,0.0,0.29,0.16,5,22,0,1,0,2.0,0.0
9,1304,1,False,0,2025-02-22,1,0.0,0.04,0.07,5,22,0,1,0,2.6666666666666665,0.0
9,1590,1,False,0,2025-02-22,2,0.0,0.06,0.09,5,22,0,1,0,2.25,0.0
9,1752,1,False,0,2025-02-22,2,0.0,0.16,0.19,5,22,0,1,0,2.2,0.0
9,1840,1,False,0,2025-02-22,2,0.0,0.13,0.16,5,22,0,1,0,2.1666666666666665,0.0
9,1853,1,False,0,2025-02-22,0,0.0,0.18,0.21,5,22,0,1,0,2.142857142857143,0.0
9,1874,1,False,0,2025-02-22,3,0.0,0.03,0.04,5,22,0,1,0,1.8571428571428572,0.0
9,2850,1,False,0,2025-02-22,2,0.0,0.18,0.16,5,22,0,1,0,2.0,0.0
9,3058,1,False,0,2025-02-22,4,0.0,0.16,0.2,5,22,0,1,0,1.7142857142857142,0.0
9,3120,1,False,0,2025-02-22,10,0.0,0.16,0.15,5,22,0,1,0,2.142857142857143,0.0
9,3621,1,False,0,2025-02-22,2,0.0,0.03,0.04,5,22,0,1,0,3.2857142857142856,0.0
9,3625,1,False,0,2025-02-22,8,0.0,0.16,0.18,5,22,0,1,0,3.2857142857142856,0.0
9,4088,1,False,0,2025-02-22,2,0.0,0.33,0.43,5,22,0,1,0,4.142857142857143,0.0
9,4089,1,False,0,2025-02-22,2,0.0,0.16,0.18,5,22,0,1,0,4.428571428571429,0.0
9,4206,1,False,0,2025-02-22,4,0.0,0.5,0.62,5,22,0,1,0,4.285714285714286,0.0
9,4693,1,False,0,2025-02-22,3,0.0,0.09,0.1,5,22,0,1,0,4.571428571428571,0.0
9,5035,1,False,0,2025-02-22,2,0.0,0.13,0.13,5,22,0,1,0,4.428571428571429,0.0
9,9,3,True,0,2025-02-22,3,0.0,0.11,0.16,5,22,0,1,0,3.2857142857142856,0.0
9,42,3,True,0,2025-02-22,1,0.0,0.05,0.06,5,22,0,1,0,3.4285714285714284,0.0
9,54,3,True,0,2025-02-22,1,0.0,0.18,0.22,5,22,0,1,0,2.4285714285714284,0.0
9,63,3,True,0,2025-02-22,1,0.0,0.14,0.18,5,22,0,1,0,2.2857142857142856,0.0
9,71,3,True,0,2025-02-22,1,0.0,0.03,0.03,5,22,0,1,0,2.142857142857143,0.0
9,73,3,True,0,2025-02-22,1,0.0,0.15,0.16,5,22,0,1,0,1.7142857142857142,0.0
9,118,3,True,0,2025-02-22,1,0.0,0.05,0.08,5,22,0,1,0,1.4285714285714286,0.0
9,151,3,True,0,2025-02-22,1,0.0,0.21,0.24,5,22,0,1,0,1.2857142857142858,0.0
9,154,3,True,0,2025-02-22,2,0.0,0.18,0.21,5,22,0,1,0,1.0,0.0
9,156,3,True,0,2025-02-22,1,0.0,0.04,0.05,5,22,0,1,0,1.1428571428571428,0.0
9,224,3,True,0,2025-02-22,1,0.0,0.06,0.08,5,22,0,1,0,1.1428571428571428,0.0
9,230,3,True,0,2025-02-22,0,0.0,0.03,0.05,5,22,0,1,0,1.1428571428571428,0.0
9,258,3,True,0,2025-02-22,2,0.0,0.03,0.05,5,22,0,1,0,1.0,0.0
9,304,3,True,0,2025-02-22,1,0.0,0.1,0.12,5,22,0,1,0,1.1428571428571428,0.0
9,307,3,True,0,2025-02-22,0,0.0,0.16,0.2,5,22,0,1,0,1.1428571428571428,0.0
9,319,3,True,0,2025-02-22,1,0.0,0.35,0.35,5,22,0,1,0,1.0,0.0
9,323,3,True,0,2025-02-22,1,0.0,0.28,0.31,5,22,0,1,0,0.8571428571428571,0.0
9,347,3,True,0,2025-02-22,1,0.0,0.06,0.07,5,22,0,1,0,0.8571428571428571,0.0
9,377,3,True,0,2025-02-22,1,0.0,0.14,0.19,5,22,0,1,0,0.8571428571428571,0.0
9,384,3,True,0,2025-02-22,1,0.0,0.04,0.08,5,22,0,1,0,1.0,0.0
9,396,3,True,0,2025-02-22,3,0.0,0.22,0.24,5,22,0,1,0,0.8571428571428571,0.0
9,400,3,True,0,2025-02-22,1,0.0,0.19,0.23,5,22,0,1,0,1.1428571428571428,0.0
9,409,3,True,0,2025-02-22,1,0.0,0.1,0.13,5,22,0,1,0,1.2857142857142858,0.0
9,414,3,True,0,2025-02-22,2,0.0,0.08,0.12,5,22,0,1,0,1.2857142857142858,0.0
9,424,3,True,0,2025-02-22,1,0.0,0.09,0.11,5,22,0,1,0,1.4285714285714286,0.0
9,430,3,True,0,2025-02-22,1,0.0,0.13,0.19,5,22,0,1,0,1.4285714285714286,0.0
9,452,3,True,0,2025-02-22,0,0.0,0.07,0.09,5,22,0,1,0,1.4285714285714286,0.0
9,514,3,True,0,2025-02-22,2,0.0,0.16,0.19,5,22,0,1,0,1.2857142857142858,0.0
9,541,3,True,0,2025-02-22,0,0.0,0.07,0.1,5,22,0,1,0,1.1428571428571428,0.0
9,550,3,True,0,2025-02-22,3,0.0,0.13,0.16,5,22,0,1,0,1.0,0.0
9,570,3,True,0,2025-02-22,1,0.0,0.15,0.2,5,22,0,1,0,1.2857142857142858,0.0
9,571,3,True,0,2025-02-22,2,0.0,0.11,0.17,5,22,0,1,0,1.1428571428571428,0.0
9,604,3,True,0,2025-02-22,2,0.0,0.3,0.37,5,22,0,1,0,1.2857142857142858,0.0
9,618,3,True,0,2025-02-22,1,0.0,0.13,0.15,5,22,0,1,0,1.4285714285714286,0.0
9,630,3,True,0,2025-02-22,0,0.0,0.06,0.09,5,22,0,1,0,1.5714285714285714,0.0
9,642,3,True,0,2025-02-22,1,0.0,0.07,0.11,5,22,0,1,0,1.2857142857142858,0.0
9,643,3,True,0,2025-02-22,1,0.0,0.06,0.07,5,22,0,1,0,1.4285714285714286,0.0
9,664,3,True,0,2025-02-22,1,0.0,0.14,0.19,5,22,0,1,0,1.1428571428571428,0.0
9,674,3,True,0,2025-02-22,2,0.0,0.15,0.17,5,22,0,1,0,1.1428571428571428,0.0
9,679,3,True,0,2025-02-22,1,0.0,0.06,0.08,5,22,0,1,0,1.1428571428571428,0.0
9,713,3,True,0,2025-02-22,3,0.0,0.06,0.07,5,22,0,1,0,1.0,0.0
9,725,3,True,0,2025-02-22,1,0.0,0.18,0.2,5,22,0,1,0,1.2857142857142858,0.0
9,766,3,True,0,2025-02-22,3,0.0,0.06,0.07,5,22,0,1,0,1.4285714285714286,0.0
9,767,3,True,0,2025-02-22,1,0.0,0.17,0.24,5,22,0,1,0,1.7142857142857142,0.0
9,771,3,True,0,2025-02-22,2,0.0,0.47,0.49,5,22,0,1,0,1.7142857142857142,0.0
9,775,3,True,0,2025-02-22,1,0.0,0.12,0.15,5,22,0,1,0,1.8571428571428572,0.0
9,800,3,True,0,2025-02-22,1,0.0,0.26,0.34,5,22,0,1,0,1.7142857142857142,0.0
9,804,3,True,0,2025-02-22,2,0.0,0.1,0.16,5,22,0,1,0,1.7142857142857142,0.0
9,806,3,True,0,2025-02-22,1,0.0,0.08,0.09,5,22,0,1,0,1.5714285714285714,0.0
9,807,3,True,0,2025-02-22,2,0.0,0.13,0.16,5,22,0,1,0,1.5714285714285714,0.0
9,808,3,True,0,2025-02-22,2,0.0,0.06,0.07,5,22,0,1,0,1.4285714285714286,0.0
9,832,3,True,0,2025-02-22,1,0.0,0.12,0.16,5,22,0,1,0,1.5714285714285714,0.0
9,836,3,True,0,2025-02-22,1,0.0,0.07,0.08,5,22,0,1,0,1.4285714285714286,0.0
9,841,3,True,0,2025-02-22,1,0.0,0.13,0.14,5,22,0,1,0,1.4285714285714286,0.0
9,847,3,True,0,2025-02-22,9,0.0,0.08,0.06,5,22,0,1,0,1.4285714285714286,0.0
9,850,3,True,0,2025-02-22,2,0.0,0.49,0.51,5,22,0,1,0,2.4285714285714284,0.0
9,874,3,True,0,2025-02-22,1,0.0,0.03,0.04,5,22,0,1,0,2.5714285714285716,0.0
9,897,3,True,0,2025-02-22,3,0.0,0.05,0.06,5,22,0,1,0,2.4285714285714284,0.0
9,903,3,True,0,2025-02-22,1,0.0,0.05,0.08,5,22,0,1,0,2.5714285714285716,0.0
9,905,3,True,0,2025-02-22,2,0.0,0.12,0.18,5,22,0,1,0,2.5714285714285716,0.0
9,921,3,True,0,2025-02-22,1,0.0,0.09,0.12,5,22,0,1,0,2.7142857142857144,0.0
9,922,3,True,0,2025-02-22,2,0.0,0.07,0.09,5,22,0,1,0,2.7142857142857144,0.0
9,937,3,True,0,2025-02-22,8,0.0,0.03,0.04,5,22,0,1,0,1.7142857142857142,0.0
9,940,3,True,0,2025-02-22,1,0.0,0.2,0.25,5,22,0,1,0,2.5714285714285716,0.0
9,965,3,True,0,2025-02-22,4,0.0,0.36,0.44,5,22,0,1,0,2.5714285714285716,0.0
9,971,3,True,0,2025-02-22,3,0.0,0.08,0.1,5,22,0,1,0,2.7142857142857144,0.0
9,978,3,True,0,2025-02-22,1,0.0,0.11,0.14,5,22,0,1,0,3.0,0.0
9,983,3,True,0,2025-02-22,1,0.0,0.11,0.13,5,22,0,1,0,2.857142857142857,0.0
9,1005,3,True,0,2025-02-22,3,0.0,0.07,0.09,5,22,0,1,0,2.857142857142857,0.0
9,1006,3,True,0,2025-02-22,1,0.0,0.03,0.03,5,22,0,1,0,3.0,0.0
9,1022,3,True,0,2025-02-22,1,0.0,0.09,0.13,5,22,0,1,0,2.0,0.0
9,1046,3,True,0,2025-02-22,1,0.0,0.06,0.1,5,22,0,1,0,2.0,0.0
9,1074,3,True,0,2025-02-22,1,0.0,0.11,0.1,5,22,0,1,0,1.5714285714285714,0.0
9,1080,3,True,0,2025-02-22,0,1.0,0.15,0.18,5,22,0,1,0,1.2857142857142858,0.0
9,1089,3,True,0,2025-02-22,1,0.0,0.11,0.14,5,22,0,1,0,1.1428571428571428,0.0
9,1094,3,True,0,2025-02-22,3,0.0,0.18,0.2,5,22,0,1,0,1.1428571428571428,0.0
9,1106,3,True,0,2025-02-22,6,0.0,0.08,0.12,5,22,0,1,0,1.1428571428571428,0.0
9,1141,3,True,0,2025-02-22,1,0.0,0.09,0.14,5,22,0,1,0,1.8571428571428572,0.0
9,1142,3,True,0,2025-02-22,2,0.0,0.28,0.29,5,22,0,1,0,1.8571428571428572,0.0
9,1150,3,True,0,2025-02-22,1,0.0,0.04,0.05,5,22,0,1,0,2.0,0.0
9,1153,3,True,0,2025-02-22,1,0.0,0.07,0.09,5,22,0,1,0,2.0,0.0
9,1173,3,True,0,2025-02-22,0,1.0,0.05,0.07,5,22,0,1,0,2.142857142857143,0.0
9,1208,3,True,0,2025-02-22,1,0.0,0.1,0.12,5,22,0,1,0,2.0,0.0
9,1246,3,True,0,2025-02-22,1,0.0,0.04,0.08,5,22,0,1,0,1.7142857142857142,0.0
9,1254,3,True,0,2025-02-22,2,0.0,0.23,0.26,5,22,0,1,0,1.0,0.0
9,1280,3,True,0,2025-02-22,2,0.0,0.14,0.17,5,22,0,1,0,1.1428571428571428,0.0
9,1315,3,True,0,2025-02-22,1,0.0,0.14,0.23,5,22,0,1,0,1.1428571428571428,0.0
9,1322,3,True,0,2025-02-22,1,0.0,0.25,0.27,5,22,0,1,0,1.1428571428571428,0.0
9,1337,3,True,0,2025-02-22,1,0.0,0.04,0.06,5,22,0,1,0,1.1428571428571428,0.0
9,1348,3,True,0,2025-02-22,1,0.0,0.14,0.16,5,22,0,1,0,1.2857142857142858,0.0
9,1353,3,True,0,2025-02-22,1,0.0,0.12,0.16,5,22,0,1,0,1.2857142857142858,0.0
9,1387,3,True,0,2025-02-22,0,0.0,0.04,0.05,5,22,0,1,0,1.2857142857142858,0.0
9,1413,3,True,0,2025-02-22,1,0.0,0.51,0.69,5,22,0,1,0,1.0,0.0
9,1446,3,True,0,2025-02-22,7,0.0,0.01,0.01,5,22,0,1,0,0.8571428571428571,0.0
9,1450,3,True,0,2025-02-22,1,0.0,0.05,0.07,5,22,0,1,0,1.7142857142857142,0.0
9,1458,3,True,0,2025-02-22,1,0.0,0.05,0.06,5,22,0,1,0,1.7142857142857142,0.0
9,1460,3,True,0,2025-02-22,1,0.0,0.05,0.07,5,22,0,1,0,1.7142857142857142,0.0
9,1486,3,True,0,2025-02-22,1,0.0,0.07,0.08,5,22,0,1,0,1.7142857142857142,0.0
9,1514,3,True,0,2025-02-22,1,0.0,0.19,0.22,5,22,0,1,0,1.7142857142857142,0.0
9,1518,3,True,0,2025-02-22,1,0.0,0.17,0.23,5,22,0,1,0,1.8571428571428572,0.0
9,1520,3,True,0,2025-02-22,1,0.0,0.05,0.06,5,22,0,1,0,1.8571428571428572,0.0
9,1577,3,True,0,2025-02-22,1,0.0,0.07,0.09,5,22,0,1,0,1.0,0.0
9,1604,3,True,0,2025-02-22,1,0.0,0.36,0.44,5,22,0,1,0,1.0,0.0
9,1651,3,True,0,2025-02-22,1,0.0,0.22,0.28,5,22,0,1,0,1.0,0.0
9,1660,3,True,0,2025-02-22,1,0.0,0.1,0.12,5,22,0,1,0,1.0,0.0
9,1667,3,True,0,2025-02-22,1,0.0,0.07,0.08,5,22,0,1,0,1.0,0.0
9,1689,3,True,0,2025-02-22,1,0.0,0.05,0.07,5,22,0,1,0,1.0,0.0
9,1691,3,True,0,2025-02-22,4,0.0,0.03,0.05,5,22,0,1,0,1.0,0.0
9,1717,3,True,0,2025-02-22,1,0.0,0.27,0.35,5,22,0,1,0,1.4285714285714286,0.0
9,1736,3,True,0,2025-02-22,1,0.0,0.06,0.08,5,22,0,1,0,1.4285714285714286,0.0
9,1781,3,True,0,2025-02-22,0,0.0,0.04,0.05,5,22,0,1,0,1.4285714285714286,0.0
9,1791,3,True,0,2025-02-22,1,0.0,0.3,0.33,5,22,0,1,0,1.2857142857142858,0.0
9,1800,3,True,0,2025-02-22,1,0.0,0.24,0.32,5,22,0,1,0,1.2857142857142858,0.0
9,1803,3,True,0,2025-02-22,1,0.0,0.07,0.15,5,22,0,1,0,1.2857142857142858,0.0
9,1804,3,True,0,2025-02-22,1,0.0,0.09,0.12,5,22,0,1,0,1.2857142857142858,0.0
9,1843,3,True,0,2025-02-22,34,0.0,0.04,0.05,5,22,0,1,0,0.8571428571428571,0.0
9,1852,3,True,0,2025-02-22,2,0.0,0.05,0.06,5,22,0,1,0,5.571428571428571,0.0
9,1871,3,True,0,2025-02-22,1,0.0,0.17,0.2,5,22,0,1,0,5.714285714285714,0.0
9,1876,3,True,0,2025-02-22,2,0.0,0.07,0.1,5,22,0,1,0,5.857142857142857,0.0
9,1881,3,True,0,2025-02-22,1,0.0,0.18,0.23,5,22,0,1,0,6.0,0.0
9,1903,3,True,0,2025-02-22,1,0.0,0.05,0.07,5,22,0,1,0,6.0,0.0
9,1908,3,True,0,2025-02-22,1,0.0,0.03,0.05,5,22,0,1,0,6.0,0.0
9,1918,3,True,0,2025-02-22,2,0.0,0.03,0.04,5,22,0,1,0,6.0,0.0
9,1932,3,True,0,2025-02-22,6,0.0,0.1,0.13,5,22,0,1,0,1.4285714285714286,0.0
9,1936,3,True,0,2025-02-22,2,0.0,0.43,0.52,5,22,0,1,0,2.0,0.0
9,1947,3,True,0,2025-02-22,2,0.0,0.09,0.14,5,22,0,1,0,2.142857142857143,0.0
9,1962,3,True,0,2025-02-22,3,0.0,0.06,0.11,5,22,0,1,0,2.142857142857143,0.0
9,1965,3,True,0,2025-02-22,2,0.0,0.24,0.31,5,22,0,1,0,2.4285714285714284,0.0
9,1992,3,True,0,2025-02-22,0,0.0,0.08,0.1,5,22,0,1,0,2.5714285714285716,0.0
9,1994,3,True,0,2025-02-22,2,0.0,0.03,0.03,5,22,0,1,0,2.4285714285714284,0.0
9,2017,3,True,0,2025-02-22,2,0.0,0.11,0.16,5,22,0,1,0,2.4285714285714284,0.0
9,2019,3,True,0,2025-02-22,2,0.0,0.15,0.18,5,22,0,1,0,1.8571428571428572,0.0
9,2041,3,True,0,2025-02-22,1,0.0,0.06,0.08,5,22,0,1,0,1.8571428571428572,0.0
9,2043,3,True,0,2025-02-22,1,0.0,0.07,0.08,5,22,0,1,0,1.7142857142857142,0.0
9,2047,3,True,0,2025-02-22,1,1.0,0.12,0.16,5,22,0,1,0,1.4285714285714286,0.0
9,2055,3,True,0,2025-02-22,1,1.0,0.1,0.12,5,22,0,1,0,1.2857142857142858,0.0
9,2084,3,True,0,2025-02-22,1,0.0,0.05,0.06,5,22,0,1,0,1.4285714285714286,0.0
9,2111,3,True,0,2025-02-22,1,0.0,0.29,0.35,5,22,0,1,0,1.2857142857142858,0.0
9,2114,3,True,0,2025-02-22,2,0.0,0.06,0.09,5,22,0,1,0,1.1428571428571428,0.0
9,2115,3,True,0,2025-02-22,6,1.0,0.49,0.72,5,22,0,1,0,1.1428571428571428,0.0
9,2117,3,True,0,2025-02-22,1,0.0,0.14,0.16,5,22,0,1,0,1.8571428571428572,0.0
9,2136,3,True,0,2025-02-22,1,0.0,0.28,0.28,5,22,0,1,0,1.8571428571428572,0.0
9,2146,3,True,0,2025-02-22,1,0.0,0.2,0.26,5,22,0,1,0,1.8571428571428572,0.0
9,2173,3,True,0,2025-02-22,0,0.0,0.04,0.04,5,22,0,1,0,1.8571428571428572,0.0
9,2186,3,True,0,2025-02-22,2,0.0,0.25,0.34,5,22,0,1,0,1.7142857142857142,0.0
9,2192,3,True,0,2025-02-22,0,0.0,0.07,0.1,5,22,0,1,0,1.8571428571428572,0.0
9,2201,3,True,0,2025-02-22,7,0.0,0.12,0.16,5,22,0,1,0,1.5714285714285714,0.0
9,2203,3,True,0,2025-02-22,2,0.0,0.15,0.2,5,22,0,1,0,1.7142857142857142,0.0
9,2206,3,True,0,2025-02-22,43,0.0,0.02,0.03,5,22,0,1,0,1.8571428571428572,0.0
9,2228,3,True,0,2025-02-22,0,0.0,0.16,0.2,5,22,0,1,0,7.857142857142857,0.0
9,2245,3,True,0,2025-02-22,2,0.0,0.2,0.22,5,22,0,1,0,7.714285714285714,0.0
9,2249,3,True,0,2025-02-22,1,0.0,0.06,0.07,5,22,0,1,0,8.0,0.0
9,2265,3,True,0,2025-02-22,1,0.0,0.03,0.04,5,22,0,1,0,7.857142857142857,0.0
9,2268,3,True,0,2025-02-22,1,0.0,0.14,0.2,5,22,0,1,0,8.0,0.0
9,2282,3,True,0,2025-02-22,2,0.0,0.08,0.1,5,22,0,1,0,7.142857142857143,0.0
9,2289,3,True,0,2025-02-22,1,0.0,0.08,0.1,5,22,0,1,0,7.142857142857143,0.0
9,2300,3,True,0,2025-02-22,1,0.0,0.23,0.24,5,22,0,1,0,1.1428571428571428,0.0
9,2314,3,True,0,2025-02-22,1,0.0,0.06,0.08,5,22,0,1,0,1.2857142857142858,0.0
9,2316,3,True,0,2025-02-22,1,0.0,0.08,0.11,5,22,0,1,0,1.1428571428571428,0.0
9,2347,3,True,0,2025-02-22,0,0.0,0.16,0.2,5,22,0,1,0,1.1428571428571428,0.0
9,2350,3,True,0,2025-02-22,1,0.0,0.04,0.05,5,22,0,1,0,1.0,0.0
9,2385,3,True,0,2025-02-22,1,0.0,0.02,0.03,5,22,0,1,0,1.0,0.0
9,2387,3,True,0,2025-02-22,1,0.0,0.1,0.11,5,22,0,1,0,0.8571428571428571,0.0
9,2394,3,True,0,2025-02-22,1,0.0,0.12,0.17,5,22,0,1,0,0.8571428571428571,0.0
9,2402,3,True,0,2025-02-22,3,0.0,0.07,0.09,5,22,0,1,0,0.8571428571428571,0.0
9,2406,3,True,0,2025-02-22,1,0.0,0.29,0.32,5,22,0,1,0,1.1428571428571428,0.0
9,2411,3,True,0,2025-02-22,1,0.0,0.16,0.19,5,22,0,1,0,1.1428571428571428,0.0
9,2422,3,True,0,2025-02-22,3,0.0,0.27,0.31,5,22,0,1,0,1.2857142857142858,0.0
9,2426,3,True,0,2025-02-22,0,0.0,0.15,0.15,5,22,0,1,0,1.5714285714285714,0.0
9,2472,3,True,0,2025-02-22,1,0.0,0.09,0.11,5,22,0,1,0,1.4285714285714286,0.0
9,2496,3,True,0,2025-02-22,1,0.0,0.22,0.25,5,22,0,1,0,1.4285714285714286,0.0
9,2501,3,True,0,2025-02-22,1,0.0,0.09,0.11,5,22,0,1,0,1.4285714285714286,0.0
9,2505,3,True,0,2025-02-22,0,0.0,0.09,0.11,5,22,0,1,0,1.1428571428571428,0.0
9,2521,3,True,0,2025-02-22,1,0.0,0.43,0.44,5,22,0,1,0,1.0,0.0
9,2524,3,True,0,2025-02-22,2,0.0,0.29,0.36,5,22,0,1,0,1.0,0.0
9,2532,3,True,0,2025-02-22,2,0.0,0.12,0.12,5,22,0,1,0,0.8571428571428571,0.0
9,2533,3,True,0,2025-02-22,1,0.0,0.34,0.39,5,22,0,1,0,1.1428571428571428,0.0
9,2555,3,True,0,2025-02-22,3,0.0,0.03,0.04,5,22,0,1,0,1.1428571428571428,0.0
9,2572,3,True,0,2025-02-22,0,0.0,0.34,0.36,5,22,0,1,0,1.4285714285714286,0.0
9,2573,3,True,0,2025-02-22,1,0.0,0.23,0.31,5,22,0,1,0,1.2857142857142858,0.0
9,2575,3,True,0,2025-02-22,0,0.0,0.02,0.03,5,22,0,1,0,1.4285714285714286,0.0
9,2578,3,True,0,2025-02-22,1,0.0,0.04,0.06,5,22,0,1,0,1.2857142857142858,0.0
9,2593,3,True,0,2025-02-22,1,0.0,0.01,0.02,5,22,0,1,0,1.1428571428571428,0.0
9,2594,3,True,0,2025-02-22,1,0.0,0.24,0.29,5,22,0,1,0,1.0,0.0
9,2596,3,True,0,2025-02-22,4,0.0,0.22,0.19,5,22,0,1,0,1.0,0.0
9,2626,3,True,0,2025-02-22,1,0.0,0.25,0.3,5,22,0,1,0,1.1428571428571428,0.0
9,2637,3,True,0,2025-02-22,1,0.0,0.15,0.17,5,22,0,1,0,1.2857142857142858,0.0
9,2650,3,True,0,2025-02-22,1,0.0,0.07,0.09,5,22,0,1,0,1.2857142857142858,0.0
9,2663,3,True,0,2025-02-22,1,0.0,0.54,0.59,5,22,0,1,0,1.4285714285714286,0.0
9,2664,3,True,0,2025-02-22,2,0.0,0.19,0.22,5,22,0,1,0,1.4285714285714286,0.0
9,2668,3,True,0,2025-02-22,2,0.0,0.22,0.3,5,22,0,1,0,1.5714285714285714,0.0
9,2710,3,True,0,2025-02-22,0,0.0,0.06,0.07,5,22,0,1,0,1.7142857142857142,0.0
9,2715,3,True,0,2025-02-22,0,0.0,0.04,0.05,5,22,0,1,0,1.1428571428571428,0.0
9,2741,3,True,0,2025-02-22,3,0.0,0.17,0.19,5,22,0,1,0,1.0,0.0
9,2746,3,True,0,2025-02-22,2,0.0,0.15,0.18,5,22,0,1,0,1.2857142857142858,0.0
9,2768,3,True,0,2025-02-22,1,0.0,0.08,0.11,5,22,0,1,0,1.4285714285714286,0.0
9,2814,3,True,0,2025-02-22,1,0.0,0.1,0.13,5,22,0,1,0,1.4285714285714286,0.0
9,2826,3,True,0,2025-02-22,1,0.0,0.06,0.11,5,22,0,1,0,1.2857142857142858,0.0
9,2827,3,True,0,2025-02-22,0,0.0,0.34,0.38,5,22,0,1,0,1.1428571428571428,0.0
9,2861,3,True,0,2025-02-22,2,0.0,0.09,0.12,5,22,0,1,0,1.1428571428571428,0.0
9,2862,3,True,0,2025-02-22,3,0.0,0.32,0.43,5,22,0,1,0,1.4285714285714286,0.0
9,2864,3,True,0,2025-02-22,4,0.0,0.06,0.08,5,22,0,1,0,1.4285714285714286,0.0
9,2866,3,True,0,2025-02-22,7,0.0,0.25,0.28,5,22,0,1,0,1.7142857142857142,0.0
9,2902,3,True,0,2025-02-22,1,0.0,0.04,0.06,5,22,0,1,0,2.5714285714285716,0.0
9,2910,3,True,0,2025-02-22,1,0.0,0.25,0.32,5,22,0,1,0,2.5714285714285716,0.0
9,2911,3,True,0,2025-02-22,1,0.0,0.27,0.32,5,22,0,1,0,2.5714285714285716,0.0
9,2951,3,True,0,2025-02-22,1,0.0,0.07,0.09,5,22,0,1,0,2.7142857142857144,0.0
9,2954,3,True,0,2025-02-22,1,0.0,0.05,0.06,5,22,0,1,0,2.5714285714285716,0.0
9,2958,3,True,0,2025-02-22,1,0.0,0.04,0.05,5,22,0,1,0,2.2857142857142856,0.0
9,2974,3,True,0,2025-02-22,3,0.0,0.12,0.14,5,22,0,1,0,1.8571428571428572,0.0
9,2975,3,True,0,2025-02-22,2,0.0,0.14,0.15,5,22,0,1,0,1.2857142857142858,0.0
9,2980,3,True,0,2025-02-22,1,0.0,0.06,0.08,5,22,0,1,0,1.4285714285714286,0.0
9,3022,3,True,0,2025-02-22,2,0.0,0.2,0.23,5,22,0,1,0,1.4285714285714286,0.0
9,3052,3,True,0,2025-02-22,1,0.0,0.16,0.2,5,22,0,1,0,1.5714285714285714,0.0
9,3061,3,True,0,2025-02-22,1,0.0,0.03,0.05,5,22,0,1,0,1.5714285714285714,0.0
9,3069,3,True,0,2025-02-22,1,0.0,0.14,0.18,5,22,0,1,0,1.5714285714285714,0.0
9,3074,3,True,0,2025-02-22,1,0.0,0.12,0.17,5,22,0,1,0,1.5714285714285714,0.0
9,3077,3,True,0,2025-02-22,2,0.0,0.44,0.42,5,22,0,1,0,1.2857142857142858,0.0
9,3079,3,True,0,2025-02-22,2,0.0,0.1,0.13,5,22,0,1,0,1.2857142857142858,0.0
9,3083,3,True,0,2025-02-22,1,0.0,0.06,0.08,5,22,0,1,0,1.4285714285714286,0.0
9,3104,3,True,0,2025-02-22,1,0.0,0.24,0.26,5,22,0,1,0,1.2857142857142858,0.0
9,3116,3,True,0,2025-02-22,1,0.0,0.09,0.1,5,22,0,1,0,1.2857142857142858,0.0
9,3117,3,True,0,2025-02-22,1,0.0,0.05,0.06,5,22,0,1,0,1.2857142857142858,0.0
9,3119,3,True,0,2025-02-22,1,0.0,0.09,0.11,5,22,0,1,0,1.2857142857142858,0.0
9,3165,3,True,0,2025-02-22,1,0.0,0.07,0.09,5,22,0,1,0,1.2857142857142858,0.0
9,3208,3,True,0,2025-02-22,1,0.0,0.07,0.1,5,22,0,1,0,1.1428571428571428,0.0
9,3212,3,True,0,2025-02-22,0,0.0,0.08,0.1,5,22,0,1,0,1.0,0.0
9,3219,3,True,0,2025-02-22,1,0.0,0.08,0.11,5,22,0,1,0,0.8571428571428571,0.0
9,3234,3,True,0,2025-02-22,4,0.0,0.13,0.16,5,22,0,1,0,0.8571428571428571,0.0
9,3242,3,True,0,2025-02-22,1,0.0,0.05,0.07,5,22,0,1,0,1.2857142857142858,0.0
9,3263,3,True,0,2025-02-22,2,0.0,0.31,0.42,5,22,0,1,0,1.2857142857142858,0.0
9,3266,3,True,0,2025-02-22,3,0.0,0.08,0.11,5,22,0,1,0,1.4285714285714286,0.0
9,3276,3,True,0,2025-02-22,2,0.0,0.1,0.12,5,22,0,1,0,1.7142857142857142,0.0
9,3286,3,True,0,2025-02-22,3,0.0,0.22,0.33,5,22,0,1,0,1.8571428571428572,0.0
9,3347,3,True,0,2025-02-22,2,0.0,0.1,0.13,5,22,0,1,0,2.2857142857142856,0.0
9,3358,3,True,0,2025-02-22,1,0.0,0.17,0.22,5,22,0,1,0,2.4285714285714284,0.0
9,3363,3,True,0,2025-02-22,1,0.0,0.18,0.23,5,22,0,1,0,2.0,0.0
9,3369,3,True,0,2025-02-22,4,0.0,0.06,0.1,5,22,0,1,0,2.0,0.0
9,3393,3,True,0,2025-02-22,1,0.0,0.07,0.1,5,22,0,1,0,2.2857142857142856,0.0
9,3452,3,True,0,2025-02-22,2,0.0,0.14,0.13,5,22,0,1,0,2.0,0.0
9,3495,3,True,0,2025-02-22,8,0.0,0.08,0.12,5,22,0,1,0,2.0,0.0
9,3502,3,True,0,2025-02-22,1,0.0,0.08,0.1,5,22,0,1,0,2.7142857142857144,0.0
9,3523,3,True,0,2025-02-22,0,0.0,0.17,0.22,5,22,0,1,0,2.5714285714285716,0.0
9,3527,3,True,0,2025-02-22,1,0.0,0.15,0.2,5,22,0,1,0,2.4285714285714284,0.0
9,3538,3,True,0,2025-02-22,2,0.0,0.02,0.04,5,22,0,1,0,2.4285714285714284,0.0
9,3546,3,True,0,2025-02-22,1,0.0,0.12,0.17,5,22,0,1,0,2.142857142857143,0.0
9,3549,3,True,0,2025-02-22,2,0.0,0.15,0.19,5,22,0,1,0,2.142857142857143,0.0
9,3560,3,True,0,2025-02-22,1,0.0,0.2,0.21,5,22,0,1,0,2.142857142857143,0.0
9,3589,3,True,0,2025-02-22,3,0.0,0.09,0.12,5,22,0,1,0,1.1428571428571428,0.0
9,3609,3,True,0,2025-02-22,1,0.0,0.04,0.05,5,22,0,1,0,1.4285714285714286,0.0
9,3641,3,True,0,2025-02-22,2,0.0,0.07,0.09,5,22,0,1,0,1.5714285714285714,0.0
9,3642,3,True,0,2025-02-22,2,0.0,0.42,0.54,5,22,0,1,0,1.7142857142857142,0.0
9,3653,3,True,0,2025-02-22,1,0.0,0.25,0.35,5,22,0,1,0,1.7142857142857142,0.0
9,3701,3,True,0,2025-02-22,3,0.0,0.23,0.24,5,22,0,1,0,1.7142857142857142,0.0
9,3708,3,True,0,2025-02-22,1,0.0,0.02,0.03,5,22,0,1,0,1.8571428571428572,0.0
9,3726,3,True,0,2025-02-22,3,0.0,0.1,0.13,5,22,0,1,0,1.8571428571428572,0.0
9,3746,3,True,0,2025-02-22,2,0.0,0.06,0.08,5,22,0,1,0,1.8571428571428572,0.0
9,3749,3,True,0,2025-02-22,1,0.0,0.08,0.11,5,22,0,1,0,2.0,0.0
9,3769,3,True,0,2025-02-22,1,0.0,0.27,0.29,5,22,0,1,0,1.8571428571428572,0.0
9,3798,3,True,0,2025-02-22,2,0.0,0.04,0.05,5,22,0,1,0,1.7142857142857142,0.0
9,3803,3,True,0,2025-02-22,1,0.0,0.14,0.16,5,22,0,1,0,1.8571428571428572,0.0
9,3834,3,True,0,2025-02-22,1,0.0,0.04,0.06,5,22,0,1,0,1.5714285714285714,0.0
9,3839,3,True,0,2025-02-22,1,0.0,0.05,0.09,5,22,0,1,0,1.5714285714285714,0.0
9,3852,3,True,0,2025-02-22,2,0.0,0.24,0.27,5,22,0,1,0,1.2857142857142858,0.0
9,3864,3,True,0,2025-02-22,0,0.0,0.05,0.07,5,22,0,1,0,1.2857142857142858,0.0
9,3877,3,True,0,2025-02-22,18,0.0,0.01,0.02,5,22,0,1,0,1.1428571428571428,0.0
9,3891,3,True,0,2025-02-22,1,0.0,0.17,0.17,5,22,0,1,0,3.5714285714285716,0.0
9,3893,3,True,0,2025-02-22,1,0.0,0.08,0.09,5,22,0,1,0,3.4285714285714284,0.0
9,3909,3,True,0,2025-02-22,1,0.0,0.08,0.12,5,22,0,1,0,3.4285714285714284,0.0
9,3911,3,True,0,2025-02-22,2,0.0,0.08,0.09,5,22,0,1,0,3.4285714285714284,0.0
9,3915,3,True,0,2025-02-22,1,0.0,0.1,0.13,5,22,0,1,0,3.5714285714285716,0.0
9,3922,3,True,0,2025-02-22,1,0.0,0.03,0.04,5,22,0,1,0,3.4285714285714284,0.0
9,3934,3,True,0,2025-02-22,1,0.0,0.38,0.39,5,22,0,1,0,3.5714285714285716,0.0
9,3951,3,True,0,2025-02-22,2,0.0,0.4,0.33,5,22,0,1,0,1.1428571428571428,0.0
9,3982,3,True,0,2025-02-22,0,0.0,0.17,0.2,5,22,0,1,0,1.2857142857142858,0.0
9,4002,3,True,0,2025-02-22,3,0.0,0.05,0.06,5,22,0,1,0,1.1428571428571428,0.0
9,4011,3,True,0,2025-02-22,1,0.0,0.07,0.11,5,22,0,1,0,1.4285714285714286,0.0
9,4033,3,True,0,2025-02-22,1,0.0,0.11,0.15,5,22,0,1,0,1.2857142857142858,0.0
9,4041,3,True,0,2025-02-22,1,0.0,0.04,0.06,5,22,0,1,0,1.2857142857142858,0.0
9,4062,3,True,0,2025-02-22,1,0.0,0.12,0.14,5,22,0,1,0,1.2857142857142858,0.0
9,4097,3,True,0,2025-02-22,8,0.0,0.03,0.05,5,22,0,1,0,1.2857142857142858,0.0
9,4119,3,True,0,2025-02-22,1,0.0,0.16,0.18,5,22,0,1,0,2.142857142857143,0.0
9,4120,3,True,0,2025-02-22,1,0.0,0.16,0.19,5,22,0,1,0,2.2857142857142856,0.0
9,4167,3,True,0,2025-02-22,3,0.0,0.33,0.37,5,22,0,1,0,2.0,0.0
9,4179,3,True,0,2025-02-22,1,0.0,0.12,0.13,5,22,0,1,0,2.2857142857142856,0.0
9,4191,3,True,0,2025-02-22,0,0.0,0.12,0.12,5,22,0,1,0,2.2857142857142856,0.0
9,4192,3,True,0,2025-02-22,1,0.0,0.18,0.2,5,22,0,1,0,2.142857142857143,0.0
9,4203,3,True,0,2025-02-22,1,0.0,0.04,0.05,5,22,0,1,0,2.142857142857143,0.0
9,4207,3,True,0,2025-02-22,0,0.0,0.11,0.14,5,22,0,1,0,1.1428571428571428,0.0
9,4210,3,True,0,2025-02-22,1,0.0,0.28,0.33,5,22,0,1,0,1.0,0.0
9,4230,3,True,0,2025-02-22,1,0.0,0.13,0.18,5,22,0,1,0,1.0,0.0
9,4239,3,True,0,2025-02-22,1,0.0,0.05,0.11,5,22,0,1,0,0.7142857142857143,0.0
9,4242,3,True,0,2025-02-22,1,0.0,0.32,0.39,5,22,0,1,0,0.7142857142857143,0.0
9,4246,3,True,0,2025-02-22,3,0.0,0.26,0.33,5,22,0,1,0,0.8571428571428571,0.0
9,4248,3,True,0,2025-02-22,1,0.0,0.24,0.27,5,22,0,1,0,1.1428571428571428,0.0
9,4260,3,True,0,2025-02-22,0,1.0,0.06,0.07,5,22,0,1,0,1.1428571428571428,0.0
9,4269,3,True,0,2025-02-22,1,0.0,0.08,0.11,5,22,0,1,0,1.1428571428571428,0.0
9,4277,3,True,0,2025-02-22,0,3.0,0.04,0.05,5,22,0,1,0,1.1428571428571428,0.0
9,4302,3,True,0,2025-02-22,2,0.0,0.57,0.54,5,22,0,1,0,1.0,0.0
9,4315,3,True,0,2025-02-22,1,0.0,0.12,0.15,5,22,0,1,0,1.1428571428571428,0.0
9,4339,3,True,0,2025-02-22,1,0.0,0.23,0.25,5,22,0,1,0,1.1428571428571428,0.0
9,4357,3,True,0,2025-02-22,2,0.0,0.07,0.09,5,22,0,1,0,0.8571428571428571,0.0
9,4369,3,True,0,2025-02-22,1,0.0,0.38,0.44,5,22,0,1,0,1.0,0.0
9,4381,3,True,0,2025-02-22,1,0.0,0.14,0.2,5,22,0,1,0,1.1428571428571428,0.0
9,4397,3,True,0,2025-02-22,2,0.0,0.09,0.14,5,22,0,1,0,1.1428571428571428,0.0
9,4409,3,True,0,2025-02-22,2,0.0,0.09,0.12,5,22,0,1,0,1.4285714285714286,0.0
9,4469,3,True,0,2025-02-22,1,0.0,0.25,0.31,5,22,0,1,0,1.4285714285714286,0.0
9,4475,3,True,0,2025-02-22,2,0.0,0.06,0.07,5,22,0,1,0,1.4285714285714286,0.0
9,4517,3,True,0,2025-02-22,1,0.0,0.29,0.31,5,22,0,1,0,1.5714285714285714,0.0
9,4521,3,True,0,2025-02-22,1,0.0,0.22,0.23,5,22,0,1,0,1.4285714285714286,0.0
9,4524,3,True,0,2025-02-22,2,0.0,0.17,0.18,5,22,0,1,0,1.4285714285714286,0.0
9,4527,3,True,0,2025-02-22,2,0.0,0.1,0.11,5,22,0,1,0,1.5714285714285714,0.0
9,4539,3,True,0,2025-02-22,33,0.0,0.01,0.01,5,22,0,1,0,1.5714285714285714,0.0
9,4540,3,True,0,2025-02-22,1,0.0,0.04,0.05,5,22,0,1,0,6.0,0.0
9,4546,3,True,0,2025-02-22,1,0.0,0.1,0.11,5,22,0,1,0,6.0,0.0
9,4563,3,True,0,2025-02-22,1,0.0,0.15,0.19,5,22,0,1,0,5.857142857142857,0.0
9,4572,3,True,0,2025-02-22,2,0.0,0.09,0.1,5,22,0,1,0,5.857142857142857,0.0
9,4582,3,True,0,2025-02-22,1,0.0,0.4,0.54,5,22,0,1,0,6.0,0.0
9,4640,3,True,0,2025-02-22,1,0.0,0.25,0.27,5,22,0,1,0,5.857142857142857,0.0
9,4675,3,True,0,2025-02-22,1,0.0,0.12,0.16,5,22,0,1,0,5.714285714285714,0.0
9,4683,3,True,0,2025-02-22,1,0.0,0.03,0.05,5,22,0,1,0,1.1428571428571428,0.0
9,4689,3,True,0,2025-02-22,1,0.0,0.11,0.14,5,22,0,1,0,1.1428571428571428,0.0
9,4699,3,True,0,2025-02-22,2,0.0,0.07,0.1,5,22,0,1,0,1.1428571428571428,0.0
9,4704,3,True,0,2025-02-22,2,0.0,0.24,0.33,5,22,0,1,0,1.2857142857142858,0.0
9,4725,3,True,0,2025-02-22,1,0.0,0.09,0.11,5,22,0,1,0,1.2857142857142858,0.0
9,4744,3,True,0,2025-02-22,1,0.0,0.04,0.05,5,22,0,1,0,1.2857142857142858,0.0
9,4757,3,True,0,2025-02-22,1,0.0,0.16,0.19,5,22,0,1,0,1.2857142857142858,0.0
9,4765,3,True,0,2025-02-22,2,0.0,0.12,0.15,5,22,0,1,0,1.2857142857142858,0.0
9,4769,3,True,0,2025-02-22,1,0.0,0.5,0.69,5,22,0,1,0,1.4285714285714286,0.0
9,4782,3,True,0,2025-02-22,5,0.0,0.14,0.17,5,22,0,1,0,1.4285714285714286,0.0
9,4783,3,True,0,2025-02-22,1,0.0,0.27,0.35,5,22,0,1,0,1.8571428571428572,0.0
9,4790,3,True,0,2025-02-22,3,0.0,0.09,0.13,5,22,0,1,0,1.7142857142857142,0.0
9,4794,3,True,0,2025-02-22,0,0.0,0.06,0.07,5,22,0,1,0,2.0,0.0
9,4802,3,True,0,2025-02-22,0,0.0,0.16,0.19,5,22,0,1,0,1.8571428571428572,0.0
9,4803,3,True,0,2025-02-22,1,0.0,0.65,0.81,5,22,0,1,0,1.7142857142857142,0.0
9,4816,3,True,0,2025-02-22,1,0.0,0.11,0.13,5,22,0,1,0,1.5714285714285714,0.0
9,4820,3,True,0,2025-02-22,1,0.0,0.06,0.08,5,22,0,1,0,1.5714285714285714,0.0
9,4833,3,True,0,2025-02-22,1,0.0,0.22,0.25,5,22,0,1,0,1.0,0.0
9,4848,3,True,0,2025-02-22,1,0.0,0.07,0.08,5,22,0,1,0,1.0,0.0
9,4852,3,True,0,2025-02-22,3,0.0,0.2,0.24,5,22,0,1,0,0.7142857142857143,0.0
9,4859,3,True,0,2025-02-22,1,0.0,0.05,0.05,5,22,0,1,0,1.1428571428571428,0.0
9,4870,3,True,0,2025-02-22,2,0.0,0.1,0.12,5,22,0,1,0,1.2857142857142858,0.0
9,4878,3,True,0,2025-02-22,1,0.0,0.1,0.13,5,22,0,1,0,1.4285714285714286,0.0
9,4883,3,True,0,2025-02-22,2,1.0,0.12,0.14,5,22,0,1,0,1.4285714285714286,0.0
9,4885,3,True,0,2025-02-22,1,0.0,0.06,0.09,5,22,0,1,0,1.5714285714285714,0.0
9,4886,3,True,0,2025-02-22,2,0.0,0.16,0.2,5,22,0,1,0,1.5714285714285714,0.0
9,4888,3,True,0,2025-02-22,2,0.0,0.17,0.19,5,22,0,1,0,1.7142857142857142,0.0
9,4908,3,True,0,2025-02-22,0,1.0,0.16,0.19,5,22,0,1,0,1.5714285714285714,0.0
9,4934,3,True,0,2025-02-22,2,0.0,0.07,0.09,5,22,0,1,0,1.4285714285714286,0.0
9,4938,3,True,0,2025-02-22,5,0.0,0.54,0.59,5,22,0,1,0,1.4285714285714286,0.0
9,4948,3,True,0,2025-02-22,1,0.0,0.12,0.15,5,22,0,1,0,2.0,0.0
9,4957,3,True,0,2025-02-22,0,0.0,0.11,0.14,5,22,0,1,0,1.8571428571428572,0.0
9,4971,3,True,0,2025-02-22,1,0.0,0.29,0.31,5,22,0,1,0,1.7142857142857142,0.0
9,4976,3,True,0,2025-02-22,1,0.0,0.04,0.05,5,22,0,1,0,1.5714285714285714,0.0
9,4981,3,True,0,2025-02-22,1,0.0,0.15,0.2,5,22,0,1,0,1.4285714285714286,0.0
9,4984,3,True,0,2025-02-22,1,0.0,0.06,0.06,5,22,0,1,0,1.5714285714285714,0.0
9,4986,3,True,0,2025-02-22,1,0.0,0.05,0.04,5,22,0,1,0,1.4285714285714286,0.0
9,5004,3,True,0,2025-02-22,2,0.0,0.05,0.06,5,22,0,1,0,0.8571428571428571,0.0
9,5024,3,True,0,2025-02-22,3,0.0,0.1,0.13,5,22,0,1,0,1.0,0.0
9,5074,3,True,0,2025-02-22,1,0.0,0.23,0.23,5,22,0,1,0,1.4285714285714286,0.0
9,5094,3,True,0,2025-02-22,3,0.0,0.05,0.07,5,22,0,1,0,1.4285714285714286,0.0
9,5095,3,True,0,2025-02-22,1,0.0,0.03,0.04,5,22,0,1,0,1.7142857142857142,0.0
9,5101,3,True,0,2025-02-22,1,0.0,0.01,0.02,5,22,0,1,0,1.7142857142857142,0.0
9,5105,3,True,0,2025-02-22,4,0.0,0.15,0.18,5,22,0,1,0,1.7142857142857142,0.0
9,5119,3,True,0,2025-02-22,1,0.0,0.06,0.08,5,22,0,1,0,2.142857142857143,0.0
9,5125,3,True,0,2025-02-22,2,0.0,0.06,0.08,5,22,0,1,0,2.0,0.0
9,5139,3,True,0,2025-02-22,1,0.0,0.2,0.29,5,22,0,1,0,1.8571428571428572,0.0
9,5209,3,True,0,2025-02-22,0,0.0,0.35,0.37,5,22,0,1,0,1.8571428571428572,0.0
9,5221,3,True,0,2025-02-22,2,0.0,0.05,0.06,5,22,0,1,0,1.4285714285714286,0.0
9,5261,3,True,0,2025-02-22,1,0.0,0.15,0.2,5,22,0,1,0,1.5714285714285714,0.0
9,5262,3,True,0,2025-02-22,1,0.0,0.04,0.06,5,22,0,1,0,1.5714285714285714,0.0
9,5280,3,True,0,2025-02-22,1,0.0,0.09,0.12,5,22,0,1,0,1.1428571428571428,0.0
9,5281,3,True,0,2025-02-22,1,0.0,0.27,0.35,5,22,0,1,0,1.1428571428571428,0.0
9,17,4,False,0,2025-02-22,3,0.0,0.06,0.08,5,22,0,1,0,1.0,0.0
9,26,4,False,0,2025-02-22,3,0.0,0.04,0.06,5,22,0,1,0,1.2857142857142858,0.0
9,38,4,False,0,2025-02-22,1,0.0,0.12,0.17,5,22,0,1,0,1.7142857142857142,0.0
9,64,4,False,0,2025-02-22,3,0.0,0.01,0.02,5,22,0,1,0,1.5714285714285714,0.0
9,88,4,False,0,2025-02-22,0,0.0,0.02,0.03,5,22,0,1,0,1.8571428571428572,0.0
9,99,4,False,0,2025-02-22,2,0.0,0.02,0.03,5,22,0,1,0,1.7142857142857142,0.0
9,100,4,False,0,2025-02-22,2,0.0,0.04,0.05,5,22,0,1,0,1.8571428571428572,0.0
9,145,4,False,0,2025-02-22,2,0.0,0.06,0.07,5,22,0,1,0,2.0,0.0
9,168,4,False,0,2025-02-22,0,0.0,0.04,0.06,5,22,0,1,0,1.8571428571428572,0.0
9,175,4,False,0,2025-02-22,2,0.0,0.03,0.06,5,22,0,1,0,1.4285714285714286,0.0
9,178,4,False,0,2025-02-22,0,0.0,0.0,0.0,5,22,0,1,0,1.5714285714285714,0.0
9,182,4,False,0,2025-02-22,2,0.0,0.03,0.05,5,22,0,1,0,1.1428571428571428,0.0
9,185,4,False,0,2025-02-22,4,0.0,0.02,0.03,5,22,0,1,0,1.4285714285714286,0.0
9,205,4,False,0,2025-02-22,1,0.0,0.1,0.13,5,22,0,1,0,1.7142857142857142,0.0
9,235,4,False,0,2025-02-22,2,0.0,0.06,0.07,5,22,0,1,0,1.5714285714285714,0.0
9,255,4,False,0,2025-02-22,2,0.0,0.03,0.05,5,22,0,1,0,1.5714285714285714,0.0
9,272,4,False,0,2025-02-22,2,0.0,0.03,0.05,5,22,0,1,0,1.8571428571428572,0.0
9,290,4,False,0,2025-02-22,3,0.0,0.06,0.08,5,22,0,1,0,1.8571428571428572,0.0
9,292,4,False,0,2025-02-22,2,0.0,0.04,0.06,5,22,0,1,0,2.2857142857142856,0.0
9,306,4,False,0,2025-02-22,2,0.0,0.04,0.05,5,22,0,1,0,2.2857142857142856,0.0
9,314,4,False,0,2025-02-22,2,0.0,0.03,0.03,5,22,0,1,0,2.0,0.0
9,328,4,False,0,2025-02-22,3,0.0,0.07,0.09,5,22,0,1,0,2.142857142857143,0.0
9,338,4,False,0,2025-02-22,3,0.0,0.05,0.07,5,22,0,1,0,2.2857142857142856,0.0
9,350,4,False,0,2025-02-22,4,0.0,0.03,0.05,5,22,0,1,0,2.4285714285714284,0.0
9,362,4,False,0,2025-02-22,0,0.0,0.02,0.03,5,22,0,1,0,2.7142857142857144,0.0
9,370,4,False,0,2025-02-22,3,0.0,0.03,0.06,5,22,0,1,0,2.2857142857142856,0.0
9,372,4,False,0,2025-02-22,0,0.0,0.02,0.04,5,22,0,1,0,2.4285714285714284,0.0
9,447,4,False,0,2025-02-22,2,0.0,0.06,0.07,5,22,0,1,0,2.142857142857143,0.0
9,464,4,False,0,2025-02-22,0,0.0,0.02,0.03,5,22,0,1,0,2.142857142857143,0.0
9,482,4,False,0,2025-02-22,2,0.0,0.02,0.04,5,22,0,1,0,1.7142857142857142,0.0
9,524,4,False,0,2025-02-22,3,0.0,0.02,0.03,5,22,0,1,0,1.5714285714285714,0.0
9,552,4,False,0,2025-02-22,2,0.0,0.07,0.1,5,22,0,1,0,1.4285714285714286,0.0
9,560,4,False,0,2025-02-22,4,0.0,0.02,0.03,5,22,0,1,0,1.7142857142857142,0.0
9,584,4,False,0,2025-02-22,0,0.0,0.05,0.08,5,22,0,1,0,1.8571428571428572,0.0
9,595,4,False,0,2025-02-22,2,0.0,0.07,0.1,5,22,0,1,0,1.8571428571428572,0.0
9,613,4,False,0,2025-02-22,2,0.0,0.02,0.04,5,22,0,1,0,1.8571428571428572,0.0
9,621,4,False,0,2025-02-22,1,0.0,0.05,0.08,5,22,0,1,0,2.142857142857143,0.0
9,622,4,False,0,2025-02-22,3,0.0,0.02,0.04,5,22,0,1,0,2.0,0.0
9,676,4,False,0,2025-02-22,3,0.0,0.08,0.14,5,22,0,1,0,2.0,0.0
9,700,4,False,0,2025-02-22,3,0.0,0.03,0.05,5,22,0,1,0,2.142857142857143,0.0
9,723,4,False,0,2025-02-22,1,0.0,0.03,0.04,5,22,0,1,0,2.0,0.0
9,726,4,False,0,2025-02-22,4,0.0,0.04,0.06,5,22,0,1,0,2.142857142857143,0.0
9,731,4,False,0,2025-02-22,2,0.0,0.19,0.24,5,22,0,1,0,2.4285714285714284,0.0
9,736,4,False,0,2025-02-22,2,0.0,0.04,0.06,5,22,0,1,0,2.4285714285714284,0.0
9,749,4,False,0,2025-02-22,2,0.0,0.08,0.08,5,22,0,1,0,2.5714285714285716,0.0
9,761,4,False,0,2025-02-22,1,0.0,0.02,0.02,5,22,0,1,0,2.4285714285714284,0.0
9,824,4,False,0,2025-02-22,3,0.0,0.01,0.01,5,22,0,1,0,2.142857142857143,0.0
9,826,4,False,0,2025-02-22,3,0.0,0.05,0.06,5,22,0,1,0,2.142857142857143,0.0
9,845,4,False,0,2025-02-22,3,0.0,0.07,0.11,5,22,0,1,0,2.4285714285714284,0.0
9,849,4,False,0,2025-02-22,2,0.0,0.04,0.06,5,22,0,1,0,2.2857142857142856,0.0
9,852,4,False,0,2025-02-22,0,0.0,0.02,0.03,5,22,0,1,0,2.2857142857142856,0.0
9,871,4,False,0,2025-02-22,1,0.0,0.05,0.08,5,22,0,1,0,2.0,0.0
9,880,4,False,0,2025-02-22,1,0.0,0.04,0.06,5,22,0,1,0,1.8571428571428572,0.0
9,892,4,False,0,2025-02-22,4,0.0,0.02,0.02,5,22,0,1,0,1.8571428571428572,0.0
9,953,4,False,0,2025-02-22,3,0.0,0.01,0.02,5,22,0,1,0,2.0,0.0
9,963,4,False,0,2025-02-22,2,0.0,0.05,0.06,5,22,0,1,0,2.0,0.0
9,989,4,False,0,2025-02-22,0,0.0,0.02,0.03,5,22,0,1,0,1.8571428571428572,0.0
9,1003,4,False,0,2025-02-22,4,0.0,0.02,0.03,5,22,0,1,0,1.5714285714285714,0.0
9,1009,4,False,0,2025-02-22,3,0.0,0.21,0.24,5,22,0,1,0,2.142857142857143,0.0
9,1013,4,False,0,2025-02-22,2,0.0,0.08,0.12,5,22,0,1,0,2.4285714285714284,0.0
9,1040,4,False,0,2025-02-22,3,0.0,0.03,0.03,5,22,0,1,0,2.5714285714285716,0.0
9,1041,4,False,0,2025-02-22,2,0.0,0.05,0.06,5,22,0,1,0,2.4285714285714284,0.0
9,1069,4,False,0,2025-02-22,1,0.0,0.07,0.09,5,22,0,1,0,2.2857142857142856,0.0
9,1077,4,False,0,2025-02-22,2,0.0,0.06,0.09,5,22,0,1,0,2.142857142857143,0.0
9,1090,4,False,0,2025-02-22,1,0.0,0.04,0.06,5,22,0,1,0,2.4285714285714284,0.0
9,1092,4,False,0,2025-02-22,3,0.0,0.02,0.03,5,22,0,1,0,2.0,0.0
9,1111,4,False,0,2025-02-22,1,0.0,0.06,0.09,5,22,0,1,0,2.0,0.0
9,1119,4,False,0,2025-02-22,3,0.0,0.04,0.09,5,22,0,1,0,1.8571428571428572,0.0
9,1123,4,False,0,2025-02-22,3,0.0,0.0,0.01,5,22,0,1,0,1.8571428571428572,0.0
9,1137,4,False,0,2025-02-22,2,0.0,0.03,0.04,5,22,0,1,0,2.0,0.0
9,1182,4,False,0,2025-02-22,3,0.0,0.02,0.03,5,22,0,1,0,2.142857142857143,0.0
9,1183,4,False,0,2025-02-22,1,0.0,0.01,0.01,5,22,0,1,0,2.2857142857142856,0.0
9,1245,4,False,0,2025-02-22,1,0.0,0.04,0.06,5,22,0,1,0,2.2857142857142856,0.0
9,1248,4,False,0,2025-02-22,2,0.0,0.01,0.01,5,22,0,1,0,2.0,0.0
9,1257,4,False,0,2025-02-22,1,0.0,0.1,0.14,5,22,0,1,0,2.142857142857143,0.0
9,1268,4,False,0,2025-02-22,2,0.0,0.06,0.07,5,22,0,1,0,1.8571428571428572,0.0
9,1274,4,False,0,2025-02-22,2,0.0,0.09,0.15,5,22,0,1,0,1.7142857142857142,0.0
9,1316,4,False,0,2025-02-22,5,0.0,0.03,0.05,5,22,0,1,0,1.7142857142857142,0.0
9,1321,4,False,0,2025-02-22,4,0.0,0.03,0.04,5,22,0,1,0,2.0,0.0
9,1329,4,False,0,2025-02-22,1,0.0,0.01,0.01,5,22,0,1,0,2.4285714285714284,0.0
9,1369,4,False,0,2025-02-22,2,0.0,0.02,0.03,5,22,0,1,0,2.4285714285714284,0.0
9,1373,4,False,0,2025-02-22,3,0.0,0.05,0.06,5,22,0,1,0,2.4285714285714284,0.0
9,1394,4,False,0,2025-02-22,4,0.0,0.02,0.03,5,22,0,1,0,2.7142857142857144,0.0
9,1402,4,False,0,2025-02-22,3,0.0,0.03,0.05,5,22,0,1,0,3.0,0.0
9,1417,4,False,0,2025-02-22,2,0.0,0.06,0.08,5,22,0,1,0,3.142857142857143,0.0
9,1420,4,False,0,2025-02-22,0,0.0,0.04,0.05,5,22,0,1,0,2.7142857142857144,0.0
9,1428,4,False,0,2025-02-22,0,0.0,0.03,0.04,5,22,0,1,0,2.142857142857143,0.0
9,1436,4,False,0,2025-02-22,1,0.0,0.05,0.07,5,22,0,1,0,2.0,0.0
9,1473,4,False,0,2025-02-22,2,0.0,0.06,0.06,5,22,0,1,0,1.8571428571428572,0.0
9,1481,4,False,0,2025-02-22,1,0.0,0.04,0.07,5,22,0,1,0,1.7142857142857142,0.0
9,1493,4,False,0,2025-02-22,1,0.0,0.06,0.07,5,22,0,1,0,1.2857142857142858,0.0
9,1497,4,False,0,2025-02-22,2,0.0,0.05,0.06,5,22,0,1,0,1.0,0.0
9,1506,4,False,0,2025-02-22,3,0.0,0.02,0.04,5,22,0,1,0,1.0,0.0
9,1519,4,False,0,2025-02-22,3,0.0,0.05,0.06,5,22,0,1,0,1.4285714285714286,0.0
9,1539,4,False,0,2025-02-22,5,0.0,0.02,0.03,5,22,0,1,0,1.8571428571428572,0.0
9,1546,4,False,0,2025-02-22,2,0.0,0.03,0.05,5,22,0,1,0,2.4285714285714284,0.0
9,1563,4,False,0,2025-02-22,1,0.0,0.04,0.05,5,22,0,1,0,2.4285714285714284,0.0
9,1570,4,False,0,2025-02-22,0,0.0,0.02,0.03,5,22,0,1,0,2.4285714285714284,0.0
9,1573,4,False,0,2025-02-22,2,0.0,0.07,0.11,5,22,0,1,0,2.2857142857142856,0.0
9,1574,4,False,0,2025-02-22,2,0.0,0.07,0.09,5,22,0,1,0,2.2857142857142856,0.0
9,1594,4,False,0,2025-02-22,2,0.0,0.02,0.03,5,22,0,1,0,2.142857142857143,0.0
9,1626,4,False,0,2025-02-22,7,0.0,0.06,0.08,5,22,0,1,0,2.0,0.0
9,1644,4,False,0,2025-02-22,2,0.0,0.07,0.1,5,22,0,1,0,2.2857142857142856,0.0
9,1652,4,False,0,2025-02-22,1,0.0,0.05,0.07,5,22,0,1,0,2.2857142857142856,0.0
9,1673,4,False,0,2025-02-22,2,0.0,0.06,0.08,5,22,0,1,0,2.2857142857142856,0.0
9,1675,4,False,0,2025-02-22,2,0.0,0.05,0.06,5,22,0,1,0,2.5714285714285716,0.0
9,1686,4,False,0,2025-02-22,1,0.0,0.07,0.1,5,22,0,1,0,2.5714285714285716,0.0
9,1706,4,False,0,2025-02-22,2,0.0,0.01,0.03,5,22,0,1,0,2.4285714285714284,0.0
9,1716,4,False,0,2025-02-22,2,0.0,0.03,0.03,5,22,0,1,0,2.4285714285714284,0.0
9,1732,4,False,0,2025-02-22,1,0.0,0.08,0.08,5,22,0,1,0,1.7142857142857142,0.0
9,1738,4,False,0,2025-02-22,1,0.0,0.02,0.04,5,22,0,1,0,1.5714285714285714,0.0
9,1745,4,False,0,2025-02-22,1,0.0,0.05,0.08,5,22,0,1,0,1.5714285714285714,0.0
9,1759,4,False,0,2025-02-22,1,0.0,0.03,0.04,5,22,0,1,0,1.4285714285714286,0.0
9,1776,4,False,0,2025-02-22,2,0.0,0.14,0.15,5,22,0,1,0,1.2857142857142858,0.0
9,1826,4,False,0,2025-02-22,3,0.0,0.07,0.08,5,22,0,1,0,1.4285714285714286,0.0
9,1830,4,False,0,2025-02-22,1,0.0,0.15,0.21,5,22,0,1,0,1.5714285714285714,0.0
9,1863,4,False,0,2025-02-22,2,0.0,0.04,0.07,5,22,0,1,0,1.4285714285714286,0.0
9,1866,4,False,0,2025-02-22,0,0.0,0.02,0.02,5,22,0,1,0,1.5714285714285714,0.0
9,1922,4,False,0,2025-02-22,4,0.0,0.02,0.04,5,22,0,1,0,1.4285714285714286,0.0
9,1934,4,False,0,2025-02-22,2,0.0,0.02,0.04,5,22,0,1,0,1.8571428571428572,0.0
9,1975,4,False,0,2025-02-22,0,0.0,0.03,0.05,5,22,0,1,0,2.0,0.0
9,1984,4,False,0,2025-02-22,2,0.0,0.06,0.08,5,22,0,1,0,1.7142857142857142,0.0
9,2005,4,False,0,2025-02-22,2,0.0,0.16,0.18,5,22,0,1,0,1.5714285714285714,0.0
9,2013,4,False,0,2025-02-22,5,0.0,0.03,0.03,5,22,0,1,0,1.7142857142857142,0.0
9,2025,4,False,0,2025-02-22,1,0.0,0.03,0.05,5,22,0,1,0,2.142857142857143,0.0
9,2028,4,False,0,2025-02-22,1,0.0,0.03,0.04,5,22,0,1,0,2.2857142857142856,0.0
9,2033,4,False,0,2025-02-22,1,0.0,0.11,0.15,5,22,0,1,0,1.8571428571428572,0.0
9,2035,4,False,0,2025-02-22,1,0.0,0.02,0.03,5,22,0,1,0,1.7142857142857142,0.0
9,2042,4,False,0,2025-02-22,4,0.0,0.03,0.06,5,22,0,1,0,1.8571428571428572,0.0
9,2051,4,False,0,2025-02-22,2,0.0,0.03,0.03,5,22,0,1,0,2.142857142857143,0.0
9,2061,4,False,0,2025-02-22,1,0.0,0.02,0.04,5,22,0,1,0,2.142857142857143,0.0
9,2069,4,False,0,2025-02-22,1,0.0,0.07,0.1,5,22,0,1,0,1.5714285714285714,0.0
9,2083,4,False,0,2025-02-22,2,0.0,0.06,0.09,5,22,0,1,0,1.5714285714285714,0.0
9,2088,4,False,0,2025-02-22,1,0.0,0.03,0.04,5,22,0,1,0,1.7142857142857142,0.0
9,2129,4,False,0,2025-02-22,2,0.0,0.03,0.03,5,22,0,1,0,1.7142857142857142,0.0
9,2144,4,False,0,2025-02-22,2,0.0,0.03,0.05,5,22,0,1,0,1.8571428571428572,0.0
9,2149,4,False,0,2025-02-22,1,0.0,0.04,0.06,5,22,0,1,0,1.5714285714285714,0.0
9,2167,4,False,0,2025-02-22,3,0.0,0.05,0.07,5,22,0,1,0,1.4285714285714286,0.0
9,2193,4,False,0,2025-02-22,2,0.0,0.08,0.1,5,22,0,1,0,1.7142857142857142,0.0
9,2230,4,False,0,2025-02-22,2,0.0,0.02,0.03,5,22,0,1,0,1.8571428571428572,0.0
9,2233,4,False,0,2025-02-22,1,0.0,0.06,0.09,5,22,0,1,0,1.8571428571428572,0.0
9,2238,4,False,0,2025-02-22,2,0.0,0.04,0.05,5,22,0,1,0,1.8571428571428572,0.0
9,2257,4,False,0,2025-02-22,2,0.0,0.04,0.06,5,22,0,1,0,1.8571428571428572,0.0
9,2279,4,False,0,2025-02-22,3,0.0,0.11,0.15,5,22,0,1,0,1.8571428571428572,0.0
9,2283,4,False,0,2025-02-22,1,0.0,0.04,0.06,5,22,0,1,0,2.142857142857143,0.0
9,2286,4,False,0,2025-02-22,1,0.0,0.11,0.15,5,22,0,1,0,1.8571428571428572,0.0
9,2306,4,False,0,2025-02-22,2,0.0,0.04,0.07,5,22,0,1,0,1.7142857142857142,0.0
9,2315,4,False,0,2025-02-22,2,0.0,0.07,0.1,5,22,0,1,0,1.7142857142857142,0.0
9,2392,4,False,0,2025-02-22,2,0.0,0.04,0.05,5,22,0,1,0,1.8571428571428572,0.0
9,2397,4,False,0,2025-02-22,3,0.0,0.02,0.03,5,22,0,1,0,1.8571428571428572,0.0
9,2398,4,False,0,2025-02-22,5,0.0,0.12,0.16,5,22,0,1,0,2.0,0.0
9,2438,4,False,0,2025-02-22,2,0.0,0.02,0.04,5,22,0,1,0,2.2857142857142856,0.0
9,2443,4,False,0,2025-02-22,2,0.0,0.05,0.07,5,22,0,1,0,2.4285714285714284,0.0
9,2469,4,False,0,2025-02-22,2,0.0,0.07,0.09,5,22,0,1,0,2.5714285714285716,0.0
9,2473,4,False,0,2025-02-22,3,0.0,0.04,0.06,5,22,0,1,0,2.5714285714285716,0.0
9,2478,4,False,0,2025-02-22,2,0.0,0.02,0.03,5,22,0,1,0,2.7142857142857144,0.0
9,2487,4,False,0,2025-02-22,4,0.0,0.02,0.04,5,22,0,1,0,2.7142857142857144,0.0
9,2497,4,False,0,2025-02-22,2,0.0,0.03,0.04,5,22,0,1,0,2.857142857142857,0.0
9,2506,4,False,0,2025-02-22,2,0.0,0.03,0.04,5,22,0,1,0,2.4285714285714284,0.0
9,2522,4,False,0,2025-02-22,2,0.0,0.11,0.17,5,22,0,1,0,2.4285714285714284,0.0
9,2567,4,False,0,2025-02-22,2,0.0,0.04,0.04,5,22,0,1,0,2.4285714285714284,0.0
9,2581,4,False,0,2025-02-22,1,0.0,0.06,0.07,5,22,0,1,0,2.4285714285714284,0.0
9,2624,4,False,0,2025-02-22,1,0.0,0.06,0.1,5,22,0,1,0,2.142857142857143,0.0
9,2630,4,False,0,2025-02-22,2,0.0,0.03,0.03,5,22,0,1,0,2.0,0.0
9,2631,4,False,0,2025-02-22,3,0.0,0.02,0.04,5,22,0,1,0,1.7142857142857142,0.0
9,2642,4,False,0,2025-02-22,3,0.0,0.03,0.05,5,22,0,1,0,1.8571428571428572,0.0
9,2658,4,False,0,2025-02-22,3,0.0,0.02,0.04,5,22,0,1,0,2.0,0.0
9,2672,4,False,0,2025-02-22,3,0.0,0.02,0.03,5,22,0,1,0,2.142857142857143,0.0
9,2688,4,False,0,2025-02-22,3,0.0,0.03,0.04,5,22,0,1,0,2.2857142857142856,0.0
9,2725,4,False,0,2025-02-22,1,0.0,0.08,0.14,5,22,0,1,0,2.5714285714285716,0.0
9,2744,4,False,0,2025-02-22,3,0.0,0.06,0.1,5,22,0,1,0,2.5714285714285716,0.0
9,2788,4,False,0,2025-02-22,4,0.0,0.02,0.03,5,22,0,1,0,2.7142857142857144,0.0
9,2801,4,False,0,2025-02-22,2,0.0,0.06,0.09,5,22,0,1,0,2.857142857142857,0.0
9,2804,4,False,0,2025-02-22,2,0.0,0.06,0.07,5,22,0,1,0,2.7142857142857144,0.0
9,2818,4,False,0,2025-02-22,2,0.0,0.02,0.03,5,22,0,1,0,2.5714285714285716,0.0
9,2825,4,False,0,2025-02-22,2,0.0,0.18,0.24,5,22,0,1,0,2.4285714285714284,0.0
9,2830,4,False,0,2025-02-22,2,0.0,0.04,0.05,5,22,0,1,0,2.2857142857142856,0.0
9,2832,4,False,0,2025-02-22,3,0.0,0.01,0.03,5,22,0,1,0,2.4285714285714284,0.0
9,2838,4,False,0,2025-02-22,2,1.0,0.02,0.03,5,22,0,1,0,2.4285714285714284,0.0
9,2844,4,False,0,2025-02-22,2,0.0,0.03,0.05,5,22,0,1,0,2.142857142857143,0.0
9,2860,4,False,0,2025-02-22,2,0.0,0.07,0.1,5,22,0,1,0,2.142857142857143,0.0
9,2870,4,False,0,2025-02-22,2,0.0,0.06,0.08,5,22,0,1,0,2.142857142857143,0.0
9,2871,4,False,0,2025-02-22,2,0.0,0.04,0.05,5,22,0,1,0,2.142857142857143,0.0
9,2892,4,False,0,2025-02-22,1,0.0,0.09,0.13,5,22,0,1,0,2.142857142857143,0.0
9,2894,4,False,0,2025-02-22,0,0.0,0.04,0.07,5,22,0,1,0,2.0,0.0
9,2957,4,False,0,2025-02-22,3,0.0,0.02,0.04,5,22,0,1,0,1.5714285714285714,0.0
9,2961,4,False,0,2025-02-22,3,0.0,0.05,0.06,5,22,0,1,0,1.7142857142857142,0.0
9,2963,4,False,0,2025-02-22,2,0.0,0.06,0.08,5,22,0,1,0,1.8571428571428572,0.0
9,2970,4,False,0,2025-02-22,2,0.0,0.03,0.05,5,22,0,1,0,1.8571428571428572,0.0
9,2979,4,False,0,2025-02-22,2,0.0,0.06,0.07,5,22,0,1,0,1.8571428571428572,0.0
9,2992,4,False,0,2025-02-22,1,0.0,0.05,0.08,5,22,0,1,0,1.8571428571428572,0.0
9,3000,4,False,0,2025-02-22,2,0.0,0.1,0.17,5,22,0,1,0,1.8571428571428572,0.0
9,3012,4,False,0,2025-02-22,2,0.0,0.02,0.03,5,22,0,1,0,2.142857142857143,0.0
9,3044,4,False,0,2025-02-22,3,0.0,0.02,0.02,5,22,0,1,0,2.0,0.0
9,3086,4,False,0,2025-02-22,3,0.0,0.04,0.07,5,22,0,1,0,2.0,0.0
9,3145,4,False,0,2025-02-22,2,0.0,0.04,0.06,5,22,0,1,0,2.142857142857143,0.0
9,3146,4,False,0,2025-02-22,3,0.0,0.01,0.01,5,22,0,1,0,2.142857142857143,0.0
9,3162,4,False,0,2025-02-22,4,0.0,0.01,0.02,5,22,0,1,0,2.2857142857142856,0.0
9,3178,4,False,0,2025-02-22,1,0.0,0.12,0.19,5,22,0,1,0,2.7142857142857144,0.0
9,3185,4,False,0,2025-02-22,2,0.0,0.04,0.06,5,22,0,1,0,2.5714285714285716,0.0
9,3196,4,False,0,2025-02-22,3,0.0,0.02,0.03,5,22,0,1,0,2.5714285714285716,0.0
9,3209,4,False,0,2025-02-22,0,0.0,0.02,0.04,5,22,0,1,0,2.5714285714285716,0.0
9,3224,4,False,0,2025-02-22,3,0.0,0.04,0.07,5,22,0,1,0,2.142857142857143,0.0
9,3262,4,False,0,2025-02-22,2,0.0,0.09,0.13,5,22,0,1,0,2.2857142857142856,0.0
9,3267,4,False,0,2025-02-22,3,0.0,0.01,0.01,5,22,0,1,0,2.142857142857143,0.0
9,3293,4,False,0,2025-02-22,3,0.0,0.0,0.01,5,22,0,1,0,2.0,0.0
9,3312,4,False,0,2025-02-22,1,0.0,0.01,0.02,5,22,0,1,0,2.2857142857142856,0.0
9,3317,4,False,0,2025-02-22,3,0.0,0.01,0.02,5,22,0,1,0,2.142857142857143,0.0
9,3327,4,False,0,2025-02-22,3,0.0,0.01,0.02,5,22,0,1,0,2.142857142857143,0.0
9,3377,4,False,0,2025-02-22,2,0.0,0.02,0.04,5,22,0,1,0,2.5714285714285716,0.0
9,3420,4,False,0,2025-02-22,2,0.0,0.07,0.09,5,22,0,1,0,2.4285714285714284,0.0
9,3453,4,False,0,2025-02-22,1,0.0,0.02,0.04,5,22,0,1,0,2.4285714285714284,0.0
9,3455,4,False,0,2025-02-22,0,0.0,0.02,0.04,5,22,0,1,0,2.142857142857143,0.0
9,3465,4,False,0,2025-02-22,1,0.0,0.06,0.07,5,22,0,1,0,1.7142857142857142,0.0
9,3466,4,False,0,2025-02-22,2,0.0,0.03,0.03,5,22,0,1,0,1.7142857142857142,0.0
9,3472,4,False,0,2025-02-22,0,0.0,0.04,0.06,5,22,0,1,0,1.5714285714285714,0.0
9,3473,4,False,0,2025-02-22,2,0.0,0.01,0.03,5,22,0,1,0,1.1428571428571428,0.0
9,3493,4,False,0,2025-02-22,2,0.0,0.04,0.07,5,22,0,1,0,1.1428571428571428,0.0
9,3552,4,False,0,2025-02-22,1,0.0,0.03,0.05,5,22,0,1,0,1.1428571428571428,0.0
9,3562,4,False,0,2025-02-22,2,0.0,0.05,0.07,5,22,0,1,0,1.1428571428571428,0.0
9,3569,4,False,0,2025-02-22,3,0.0,0.03,0.06,5,22,0,1,0,1.4285714285714286,0.0
9,3577,4,False,0,2025-02-22,2,0.0,0.04,0.06,5,22,0,1,0,1.7142857142857142,0.0
9,3590,4,False,0,2025-02-22,1,0.0,0.02,0.03,5,22,0,1,0,1.7142857142857142,0.0
9,3620,4,False,0,2025-02-22,2,0.0,0.02,0.04,5,22,0,1,0,1.8571428571428572,0.0
9,3627,4,False,0,2025-02-22,0,0.0,0.06,0.09,5,22,0,1,0,1.8571428571428572,0.0
9,3628,4,False,0,2025-02-22,1,0.0,0.06,0.09,5,22,0,1,0,1.5714285714285714,0.0
9,3633,4,False,0,2025-02-22,3,0.0,0.07,0.1,5,22,0,1,0,1.5714285714285714,0.0
9,3645,4,False,0,2025-02-22,2,0.0,0.07,0.08,5,22,0,1,0,1.7142857142857142,0.0
9,3651,4,False,0,2025-02-22,1,0.0,0.04,0.05,5,22,0,1,0,1.5714285714285714,0.0
9,3692,4,False,0,2025-02-22,1,0.0,0.1,0.12,5,22,0,1,0,1.4285714285714286,0.0
9,3700,4,False,0,2025-02-22,2,0.0,0.02,0.03,5,22,0,1,0,1.4285714285714286,0.0
9,3721,4,False,0,2025-02-22,0,0.0,0.03,0.05,5,22,0,1,0,1.4285714285714286,0.0
9,3728,4,False,0,2025-02-22,2,0.0,0.03,0.05,5,22,0,1,0,1.4285714285714286,0.0
9,3753,4,False,0,2025-02-22,3,0.0,0.04,0.07,5,22,0,1,0,1.5714285714285714,0.0
9,3772,4,False,0,2025-02-22,3,0.0,0.03,0.05,5,22,0,1,0,1.5714285714285714,0.0
9,3818,4,False,0,2025-02-22,3,0.0,0.06,0.09,5,22,0,1,0,1.7142857142857142,0.0
9,3843,4,False,0,2025-02-22,1,0.0,0.02,0.03,5,22,0,1,0,2.0,0.0
9,3847,4,False,0,2025-02-22,2,0.0,0.01,0.03,5,22,0,1,0,2.0,0.0
9,3850,4,False,0,2025-02-22,3,0.0,0.07,0.11,5,22,0,1,0,2.0,0.0
9,3853,4,False,0,2025-02-22,1,0.0,0.1,0.15,5,22,0,1,0,2.4285714285714284,0.0
9,3879,4,False,0,2025-02-22,2,0.0,0.05,0.08,5,22,0,1,0,2.2857142857142856,0.0
9,3888,4,False,0,2025-02-22,4,0.0,0.01,0.01,5,22,0,1,0,2.142857142857143,0.0
9,3903,4,False,0,2025-02-22,2,0.0,0.04,0.07,5,22,0,1,0,2.2857142857142856,0.0
9,3906,4,False,0,2025-02-22,2,0.0,0.11,0.16,5,22,0,1,0,2.142857142857143,0.0
9,3939,4,False,0,2025-02-22,2,0.0,0.04,0.06,5,22,0,1,0,2.2857142857142856,0.0
9,3968,4,False,0,2025-02-22,1,0.0,0.01,0.02,5,22,0,1,0,2.2857142857142856,0.0
9,3971,4,False,0,2025-02-22,1,0.0,0.08,0.09,5,22,0,1,0,2.0,0.0
9,3974,4,False,0,2025-02-22,1,0.0,0.09,0.13,5,22,0,1,0,2.0,0.0
9,3987,4,False,0,2025-02-22,1,0.0,0.03,0.05,5,22,0,1,0,1.8571428571428572,0.0
9,4019,4,False,0,2025-02-22,3,0.0,0.04,0.05,5,22,0,1,0,1.4285714285714286,0.0
9,4028,4,False,0,2025-02-22,2,0.0,0.02,0.03,5,22,0,1,0,1.5714285714285714,0.0
9,4071,4,False,0,2025-02-22,2,0.0,0.05,0.07,5,22,0,1,0,1.5714285714285714,0.0
9,4108,4,False,0,2025-02-22,2,0.0,0.02,0.03,5,22,0,1,0,1.5714285714285714,0.0
9,4133,4,False,0,2025-02-22,2,0.0,0.08,0.14,5,22,0,1,0,1.7142857142857142,0.0
9,4135,4,False,0,2025-02-22,1,0.0,0.03,0.04,5,22,0,1,0,1.8571428571428572,0.0
9,4170,4,False,0,2025-02-22,1,0.0,0.02,0.03,5,22,0,1,0,1.8571428571428572,0.0
9,4184,4,False,0,2025-02-22,1,0.0,0.06,0.09,5,22,0,1,0,1.8571428571428572,0.0
9,4186,4,False,0,2025-02-22,1,0.0,0.03,0.04,5,22,0,1,0,1.5714285714285714,0.0
9,4212,4,False,0,2025-02-22,0,0.0,0.06,0.08,5,22,0,1,0,1.4285714285714286,0.0
9,4243,4,False,0,2025-02-22,1,0.0,0.09,0.11,5,22,0,1,0,1.1428571428571428,0.0
9,4268,4,False,0,2025-02-22,2,0.0,0.02,0.03,5,22,0,1,0,1.0,0.0
9,4275,4,False,0,2025-02-22,0,0.0,0.01,0.02,5,22,0,1,0,1.0,0.0
9,4281,4,False,0,2025-02-22,1,0.0,0.02,0.04,5,22,0,1,0,0.8571428571428571,0.0
9,4293,4,False,0,2025-02-22,1,0.0,0.12,0.18,5,22,0,1,0,0.8571428571428571,0.0
9,4305,4,False,0,2025-02-22,1,0.0,0.07,0.1,5,22,0,1,0,0.8571428571428571,0.0
9,4335,4,False,0,2025-02-22,1,0.0,0.04,0.07,5,22,0,1,0,0.8571428571428571,0.0
9,4342,4,False,0,2025-02-22,0,0.0,0.02,0.04,5,22,0,1,0,1.0,0.0
9,4372,4,False,0,2025-02-22,3,0.0,0.02,0.04,5,22,0,1,0,0.8571428571428571,0.0
9,4373,4,False,0,2025-02-22,0,0.0,0.07,0.09,5,22,0,1,0,1.0,0.0
9,4392,4,False,0,2025-02-22,1,0.0,0.09,0.12,5,22,0,1,0,1.0,0.0
9,4395,4,False,0,2025-02-22,3,0.0,0.05,0.08,5,22,0,1,0,1.0,0.0
9,4422,4,False,0,2025-02-22,2,0.0,0.01,0.02,5,22,0,1,0,1.2857142857142858,0.0
9,4438,4,False,0,2025-02-22,1,0.0,0.01,0.02,5,22,0,1,0,1.4285714285714286,0.0
9,4451,4,False,0,2025-02-22,2,0.0,0.04,0.06,5,22,0,1,0,1.4285714285714286,0.0
9,4456,4,False,0,2025-02-22,2,0.0,0.02,0.04,5,22,0,1,0,1.7142857142857142,0.0
9,4480,4,False,0,2025-02-22,1,0.0,0.06,0.1,5,22,0,1,0,1.5714285714285714,0.0
9,4520,4,False,0,2025-02-22,1,0.0,0.1,0.15,5,22,0,1,0,1.7142857142857142,0.0
9,4522,4,False,0,2025-02-22,1,0.0,0.02,0.04,5,22,0,1,0,1.7142857142857142,0.0
9,4550,4,False,0,2025-02-22,2,0.0,0.13,0.17,5,22,0,1,0,1.4285714285714286,0.0
9,4571,4,False,0,2025-02-22,2,0.0,0.03,0.06,5,22,0,1,0,1.4285714285714286,0.0
9,4577,4,False,0,2025-02-22,3,0.0,0.04,0.07,5,22,0,1,0,1.5714285714285714,0.0
9,4598,4,False,0,2025-02-22,3,0.0,0.07,0.08,5,22,0,1,0,1.7142857142857142,0.0
9,4621,4,False,0,2025-02-22,2,0.0,0.01,0.01,5,22,0,1,0,1.8571428571428572,0.0
9,4662,4,False,0,2025-02-22,2,0.0,0.02,0.04,5,22,0,1,0,2.0,0.0
9,4663,4,False,0,2025-02-22,2,0.0,0.04,0.07,5,22,0,1,0,2.142857142857143,0.0
9,4672,4,False,0,2025-02-22,2,0.0,0.03,0.04,5,22,0,1,0,2.2857142857142856,0.0
9,4715,4,False,0,2025-02-22,2,0.0,0.05,0.06,5,22,0,1,0,2.2857142857142856,0.0
9,4778,4,False,0,2025-02-22,1,1.0,0.04,0.07,5,22,0,1,0,2.2857142857142856,0.0
9,4785,4,False,0,2025-02-22,3,0.0,0.06,0.08,5,22,0,1,0,2.0,0.0
9,4806,4,False,0,2025-02-22,3,0.0,0.02,0.03,5,22,0,1,0,2.0,0.0
9,4808,4,False,0,2025-02-22,1,0.0,0.03,0.05,5,22,0,1,0,2.142857142857143,0.0
9,4823,4,False,0,2025-02-22,2,0.0,0.01,0.01,5,22,0,1,0,2.0,0.0
9,4842,4,False,0,2025-02-22,1,0.0,0.03,0.05,5,22,0,1,0,2.0,0.0
9,4851,4,False,0,2025-02-22,1,0.0,0.06,0.09,5,22,0,1,0,1.8571428571428572,0.0
9,4855,4,False,0,2025-02-22,3,0.0,0.02,0.02,5,22,0,1,0,1.7142857142857142,0.0
9,4895,4,False,0,2025-02-22,2,0.0,0.04,0.04,5,22,0,1,0,2.0,0.0
9,4928,4,False,0,2025-02-22,3,0.0,0.03,0.05,5,22,0,1,0,1.8571428571428572,0.0
9,4955,4,False,0,2025-02-22,2,0.0,0.03,0.05,5,22,0,1,0,1.8571428571428572,0.0
9,4958,4,False,0,2025-02-22,0,0.0,0.05,0.07,5,22,0,1,0,2.0,0.0
9,4967,4,False,0,2025-02-22,2,0.0,0.05,0.08,5,22,0,1,0,1.7142857142857142,0.0
9,4978,4,False,0,2025-02-22,2,0.0,0.04,0.06,5,22,0,1,0,1.8571428571428572,0.0
9,5005,4,False,0,2025-02-22,3,0.0,0.04,0.06,5,22,0,1,0,2.0,0.0
9,5063,4,False,0,2025-02-22,3,0.0,0.01,0.01,5,22,0,1,0,2.0,0.0
9,5088,4,False,0,2025-02-22,3,0.0,0.01,0.02,5,22,0,1,0,2.142857142857143,0.0
9,5113,4,False,0,2025-02-22,0,0.0,0.03,0.05,5,22,0,1,0,2.142857142857143,0.0
9,5146,4,False,0,2025-02-22,2,0.0,0.03,0.05,5,22,0,1,0,1.8571428571428572,0.0
9,5154,4,False,0,2025-02-22,0,0.0,0.04,0.06,5,22,0,1,0,2.142857142857143,0.0
9,5162,4,False,0,2025-02-22,1,0.0,0.09,0.11,5,22,0,1,0,1.8571428571428572,0.0
9,5186,4,False,0,2025-02-22,5,0.0,0.02,0.04,5,22,0,1,0,1.7142857142857142,0.0
9,5191,4,False,0,2025-02-22,2,0.0,0.02,0.04,5,22,0,1,0,2.0,0.0
9,5202,4,False,0,2025-02-22,2,0.0,0.09,0.12,5,22,0,1,0,1.8571428571428572,0.0
9,5208,4,False,0,2025-02-22,1,0.0,0.02,0.03,5,22,0,1,0,1.7142857142857142,0.0
9,5228,4,False,0,2025-02-22,1,0.0,0.01,0.02,5,22,0,1,0,1.8571428571428572,0.0
9,5229,4,False,0,2025-02-22,2,0.0,0.03,0.05,5,22,0,1,0,1.7142857142857142,0.0
9,5263,4,False,0,2025-02-22,3,0.0,0.02,0.04,5,22,0,1,0,2.0,0.0
9,5266,4,False,0,2025-02-22,2,0.0,0.06,0.1,5,22,0,1,0,2.2857142857142856,0.0
9,5286,4,False,0,2025-02-22,1,0.0,0.05,0.08,5,22,0,1,0,1.8571428571428572,0.0
9,74,5,True,0,2025-02-22,1,0.0,0.02,0.04,5,22,0,1,0,1.7142857142857142,0.0
9,213,5,True,0,2025-02-22,1,1.0,0.01,0.03,5,22,0,1,0,1.5714285714285714,0.0
9,284,5,True,0,2025-02-22,4,0.0,0.05,0.08,5,22,0,1,0,1.5714285714285714,0.0
9,567,5,True,0,2025-02-22,1,0.0,0.01,0.04,5,22,0,1,0,2.0,0.0
9,783,5,True,0,2025-02-22,10,0.0,0.03,0.06,5,22,0,1,0,1.8571428571428572,0.0
9,821,5,True,0,2025-02-22,1,0.0,0.03,0.06,5,22,0,1,0,2.857142857142857,0.0
9,873,5,True,0,2025-02-22,3,0.0,0.03,0.05,5,22,0,1,0,2.7142857142857144,0.0
9,929,5,True,0,2025-02-22,0,0.0,0.07,0.16,5,22,0,1,0,3.0,0.0
9,1037,5,True,0,2025-02-22,4,0.0,0.01,0.02,5,22,0,1,0,2.857142857142857,0.0
9,1163,5,True,0,2025-02-22,7,0.0,0.08,0.17,5,22,0,1,0,3.2857142857142856,0.0
9,1247,5,True,0,2025-02-22,7,0.0,0.04,0.05,5,22,0,1,0,3.7142857142857144,0.0
9,1333,5,True,0,2025-02-22,2,0.0,0.02,0.03,5,22,0,1,0,4.571428571428571,0.0
9,1339,5,True,0,2025-02-22,2,0.0,0.02,0.04,5,22,0,1,0,3.4285714285714284,0.0
9,1427,5,True,0,2025-02-22,0,0.0,0.01,0.04,5,22,0,1,0,3.5714285714285716,0.0
9,1746,5,True,0,2025-02-22,2,0.0,0.02,0.07,5,22,0,1,0,3.142857142857143,0.0
9,1882,5,True,0,2025-02-22,5,0.0,0.17,0.49,5,22,0,1,0,3.4285714285714284,0.0
9,2066,5,True,0,2025-02-22,1,0.0,0.1,0.15,5,22,0,1,0,3.5714285714285716,0.0
9,2104,5,True,0,2025-02-22,3,0.0,0.03,0.04,5,22,0,1,0,2.7142857142857144,0.0
9,2120,5,True,0,2025-02-22,2,0.0,0.03,0.06,5,22,0,1,0,2.142857142857143,0.0
9,2132,5,True,0,2025-02-22,3,0.0,0.01,0.04,5,22,0,1,0,2.142857142857143,0.0
9,2141,5,True,0,2025-02-22,2,0.0,0.01,0.03,5,22,0,1,0,2.2857142857142856,0.0
9,2219,5,True,0,2025-02-22,2,0.0,0.11,0.24,5,22,0,1,0,2.5714285714285716,0.0
9,2224,5,True,0,2025-02-22,2,0.0,0.03,0.08,5,22,0,1,0,2.5714285714285716,0.0
9,2325,5,True,0,2025-02-22,4,0.0,0.03,0.06,5,22,0,1,0,2.142857142857143,0.0
9,2418,5,True,0,2025-02-22,0,0.0,0.03,0.07,5,22,0,1,0,2.5714285714285716,0.0
9,2880,5,True,0,2025-02-22,1,0.0,0.02,0.03,5,22,0,1,0,2.142857142857143,0.0
9,3085,5,True,0,2025-02-22,3,0.0,0.02,0.03,5,22,0,1,0,2.0,0.0
9,3087,5,True,0,2025-02-22,2,0.0,0.04,0.09,5,22,0,1,0,2.0,0.0
9,3164,5,True,0,2025-02-22,3,0.0,0.05,0.1,5,22,0,1,0,2.0,0.0
9,3218,5,True,0,2025-02-22,3,0.0,0.02,0.07,5,22,0,1,0,2.142857142857143,0.0
9,3229,5,True,0,2025-02-22,3,0.0,0.04,0.09,5,22,0,1,0,2.2857142857142856,0.0
9,3292,5,True,0,2025-02-22,5,0.0,0.03,0.05,5,22,0,1,0,2.142857142857143,0.0
9,3330,5,True,0,2025-02-22,2,0.0,0.06,0.11,5,22,0,1,0,2.857142857142857,0.0
9,3424,5,True,0,2025-02-22,1,0.0,0.01,0.02,5,22,0,1,0,3.0,0.0
9,3439,5,True,0,2025-02-22,2,0.0,0.02,0.04,5,22,0,1,0,2.7142857142857144,0.0
9,3463,5,True,0,2025-02-22,3,0.0,0.03,0.05,5,22,0,1,0,2.7142857142857144,0.0
9,3558,5,True,0,2025-02-22,8,0.0,0.03,0.06,5,22,0,1,0,2.7142857142857144,0.0
9,3624,5,True,0,2025-02-22,1,0.0,0.06,0.13,5,22,0,1,0,3.4285714285714284,0.0
9,3807,5,True,0,2025-02-22,1,0.0,0.08,0.1,5,22,0,1,0,3.142857142857143,0.0
9,3984,5,True,0,2025-02-22,1,0.0,0.02,0.04,5,22,0,1,0,2.5714285714285716,0.0
9,3996,5,True,0,2025-02-22,6,0.0,0.03,0.07,5,22,0,1,0,2.4285714285714284,0.0
9,4036,5,True,0,2025-02-22,2,0.0,0.01,0.02,5,22,0,1,0,3.142857142857143,0.0
9,4081,5,True,0,2025-02-22,2,0.0,0.03,0.07,5,22,0,1,0,3.142857142857143,0.0
9,4175,5,True,0,2025-02-22,7,0.0,0.03,0.06,5,22,0,1,0,3.0,0.0
9,4544,5,True,0,2025-02-22,5,0.0,0.04,0.09,5,22,0,1,0,2.857142857142857,0.0
9,4565,5,True,0,2025-02-22,3,0.0,0.01,0.04,5,22,0,1,0,3.4285714285714284,0.0
9,4749,5,True,0,2025-02-22,3,0.0,0.01,0.02,5,22,0,1,0,3.7142857142857144,0.0
9,4789,5,True,0,2025-02-22,2,1.0,0.02,0.05,5,22,0,1,0,4.0,0.0
9,4939,5,True,0,2025-02-22,3,0.0,0.02,0.06,5,22,0,1,0,3.4285714285714284,0.0
9,4942,5,True,0,2025-02-22,1,0.0,0.07,0.11,5,22,0,1,0,3.5714285714285716,0.0
9,5006,5,True,0,2025-02-22,1,0.0,0.03,0.04,5,22,0,1,0,3.4285714285714284,0.0
9,5049,5,True,0,2025-02-22,1,0.0,0.02,0.05,5,22,0,1,0,2.5714285714285716,0.0
9,5098,5,True,0,2025-02-22,1,0.0,0.02,0.06,5,22,0,1,0,2.0,0.0
9,5217,5,True,0,2025-02-22,2,0.0,0.02,0.04,5,22,0,1,0,1.7142857142857142,0.0
9,173,6,False,0,2025-02-22,1,0.0,0.09,0.14,5,22,0,1,0,1.5714285714285714,0.0
9,337,6,False,0,2025-02-22,1,0.0,0.12,0.04,5,22,0,1,0,1.4285714285714286,0.0
9,366,6,False,0,2025-02-22,0,0.0,0.08,0.1,5,22,0,1,0,1.1428571428571428,0.0
9,386,6,False,0,2025-02-22,0,0.0,0.17,0.24,5,22,0,1,0,1.0,0.0
9,449,6,False,0,2025-02-22,1,0.0,0.28,0.44,5,22,0,1,0,0.8571428571428571,0.0
9,594,6,False,0,2025-02-22,3,0.0,0.19,0.2,5,22,0,1,0,0.8571428571428571,0.0
9,820,6,False,0,2025-02-22,1,0.0,0.16,0.2,5,22,0,1,0,1.1428571428571428,0.0
9,988,6,False,0,2025-02-22,1,0.0,0.16,0.24,5,22,0,1,0,1.0,0.0
9,1031,6,False,0,2025-02-22,1,0.0,0.1,0.12,5,22,0,1,0,1.0,0.0
9,1124,6,False,0,2025-02-22,2,0.0,0.12,0.22,5,22,0,1,0,1.0,0.0
9,1276,6,False,0,2025-02-22,1,0.0,0.13,0.17,5,22,0,1,0,1.2857142857142858,0.0
9,1340,6,False,0,2025-02-22,2,0.0,0.17,0.23,5,22,0,1,0,1.4285714285714286,0.0
9,1429,6,False,0,2025-02-22,1,0.0,0.08,0.11,5,22,0,1,0,1.5714285714285714,0.0
9,1534,6,False,0,2025-02-22,4,0.0,0.15,0.21,5,22,0,1,0,1.2857142857142858,0.0
9,1544,6,False,0,2025-02-22,2,0.0,0.08,0.1,5,22,0,1,0,1.7142857142857142,0.0
9,1611,6,False,0,2025-02-22,1,0.0,0.11,0.14,5,22,0,1,0,1.8571428571428572,0.0
9,1650,6,False,0,2025-02-22,1,0.0,0.24,0.28,5,22,0,1,0,1.8571428571428572,0.0
9,1702,6,False,0,2025-02-22,1,0.0,0.31,0.36,5,22,0,1,0,1.7142857142857142,0.0
9,1767,6,False,0,2025-02-22,1,0.0,0.12,0.17,5,22,0,1,0,1.7142857142857142,0.0
9,1807,6,False,0,2025-02-22,1,0.0,0.12,0.17,5,22,0,1,0,1.5714285714285714,0.0
9,1811,6,False,0,2025-02-22,0,0.0,0.04,0.06,5,22,0,1,0,1.5714285714285714,0.0
9,1828,6,False,0,2025-02-22,1,0.0,0.26,0.31,5,22,0,1,0,1.0,0.0
9,1868,6,False,0,2025-02-22,1,0.0,0.12,0.13,5,22,0,1,0,0.8571428571428571,0.0
9,1901,6,False,0,2025-02-22,1,0.0,0.16,0.21,5,22,0,1,0,0.8571428571428571,0.0
9,2712,6,False,0,2025-02-22,1,0.0,0.12,0.13,5,22,0,1,0,0.8571428571428571,0.0
9,2912,6,False,0,2025-02-22,0,0.0,0.12,0.18,5,22,0,1,0,0.8571428571428571,0.0
9,3088,6,False,0,2025-02-22,2,0.0,0.06,0.08,5,22,0,1,0,0.7142857142857143,0.0
9,3187,6,False,0,2025-02-22,0,0.0,0.26,0.28,5,22,0,1,0,0.8571428571428571,0.0
9,3202,6,False,0,2025-02-22,0,0.0,0.14,0.21,5,22,0,1,0,0.8571428571428571,0.0
9,3604,6,False,0,2025-02-22,1,0.0,0.32,0.35,5,22,0,1,0,0.7142857142857143,0.0
9,3648,6,False,0,2025-02-22,1,0.0,0.2,0.24,5,22,0,1,0,0.7142857142857143,0.0
9,3687,6,False,0,2025-02-22,2,0.0,0.14,0.22,5,22,0,1,0,0.7142857142857143,0.0
9,3842,6,False,0,2025-02-22,2,0.0,0.39,0.49,5,22,0,1,0,0.8571428571428571,0.0
9,3902,6,False,0,2025-02-22,1,0.0,0.17,0.24,5,22,0,1,0,1.1428571428571428,0.0
9,3912,6,False,0,2025-02-22,1,0.0,0.06,0.07,5,22,0,1,0,1.0,0.0
9,4177,6,False,0,2025-02-22,0,0.0,0.06,0.08,5,22,0,1,0,1.1428571428571428,0.0
9,4234,6,False,0,2025-02-22,2,0.0,0.12,0.16,5,22,0,1,0,1.1428571428571428,0.0
9,4288,6,False,0,2025-02-22,1,0.0,0.13,0.18,5,22,0,1,0,1.2857142857142858,0.0
9,4376,6,False,0,2025-02-22,1,0.0,0.08,0.11,5,22,0,1,0,1.2857142857142858,0.0
9,4386,6,False,0,2025-02-22,1,0.0,0.09,0.14,5,22,0,1,0,1.1428571428571428,0.0
9,4468,6,False,0,2025-02-22,1,0.0,0.34,0.42,5,22,0,1,0,1.0,0.0
9,4892,6,False,0,2025-02-22,0,0.0,0.2,0.23,5,22,0,1,0,1.0,0.0
9,4899,6,False,0,2025-02-22,3,0.0,0.06,0.1,5,22,0,1,0,0.8571428571428571,0.0
9,4917,6,False,0,2025-02-22,8,0.0,0.15,0.22,5,22,0,1,0,1.2857142857142858,0.0
9,5150,6,False,0,2025-02-22,6,0.0,0.18,0.21,5,22,0,1,0,2.142857142857143,0.0
9,5253,6,False,0,2025-02-22,1,0.0,0.23,0.34,5,22,0,1,0,2.857142857142857,0.0
9,188,7,False,0,2025-02-22,1,0.0,0.03,0.04,5,22,0,1,0,2.857142857142857,0.0
9,348,7,False,0,2025-02-22,3,0.0,0.02,0.03,5,22,0,1,0,2.857142857142857,0.0
9,392,7,False,0,2025-02-22,1,0.0,0.01,0.01,5,22,0,1,0,3.142857142857143,0.0
9,503,7,False,0,2025-02-22,9,0.0,0.01,0.01,5,22,0,1,0,3.2857142857142856,0.0
9,680,7,False,0,2025-02-22,20,0.0,0.01,0.01,5,22,0,1,0,4.142857142857143,0.0
9,743,7,False,0,2025-02-22,4,0.0,0.02,0.04,5,22,0,1,0,5.857142857142857,0.0
9,840,7,False,0,2025-02-22,4,0.0,0.02,0.03,5,22,0,1,0,5.571428571428571,0.0
9,966,7,False,0,2025-02-22,2,0.0,0.03,0.04,5,22,0,1,0,6.0,0.0
9,1084,7,False,0,2025-02-22,1,0.0,0.01,0.01,5,22,0,1,0,6.142857142857143,0.0
9,1108,7,False,0,2025-02-22,1,0.0,0.05,0.09,5,22,0,1,0,5.857142857142857,0.0
9,1128,7,False,0,2025-02-22,0,0.0,0.02,0.02,5,22,0,1,0,5.857142857142857,0.0
9,1253,7,False,0,2025-02-22,1,0.0,0.01,0.02,5,22,0,1,0,4.571428571428571,0.0
9,1445,7,False,0,2025-02-22,4,0.0,0.04,0.05,5,22,0,1,0,1.8571428571428572,0.0
9,1488,7,False,0,2025-02-22,0,0.0,0.01,0.01,5,22,0,1,0,1.8571428571428572,0.0
9,1556,7,False,0,2025-02-22,4,0.0,0.02,0.03,5,22,0,1,0,1.2857142857142858,0.0
9,1591,7,False,0,2025-02-22,3,0.0,0.05,0.09,5,22,0,1,0,1.5714285714285714,0.0
9,1677,7,False,0,2025-02-22,1,0.0,0.02,0.04,5,22,0,1,0,1.8571428571428572,0.0
9,1697,7,False,0,2025-02-22,1,0.0,0.05,0.09,5,22,0,1,0,1.8571428571428572,0.0
9,1895,7,False,0,2025-02-22,1,0.0,0.02,0.02,5,22,0,1,0,2.0,0.0
9,1905,7,False,0,2025-02-22,3,0.0,0.02,0.02,5,22,0,1,0,2.0,0.0
9,1981,7,False,0,2025-02-22,1,0.0,0.01,0.01,5,22,0,1,0,1.8571428571428572,0.0
9,2105,7,False,0,2025-02-22,1,0.0,0.02,0.03,5,22,0,1,0,2.0,0.0
9,2182,7,False,0,2025-02-22,1,0.0,0.2,0.26,5,22,0,1,0,1.5714285714285714,0.0
9,2202,7,False,0,2025-02-22,4,0.0,0.11,0.14,5,22,0,1,0,1.2857142857142858,0.0
9,2232,7,False,0,2025-02-22,2,0.0,0.04,0.08,5,22,0,1,0,1.7142857142857142,0.0
9,2340,7,False,0,2025-02-22,3,0.0,0.02,0.02,5,22,0,1,0,1.8571428571428572,0.0
9,2380,7,False,0,2025-02-22,1,0.0,0.03,0.05,5,22,0,1,0,2.142857142857143,0.0
9,2439,7,False,0,2025-02-22,1,0.0,0.03,0.04,5,22,0,1,0,1.8571428571428572,0.0
9,2645,7,False,0,2025-02-22,5,0.0,0.03,0.04,5,22,0,1,0,1.8571428571428572,0.0
9,2792,7,False,0,2025-02-22,3,0.0,0.02,0.04,5,22,0,1,0,2.4285714285714284,0.0
9,2989,7,False,0,2025-02-22,0,0.0,0.0,0.0,5,22,0,1,0,2.7142857142857144,0.0
9,3025,7,False,0,2025-02-22,6,0.0,0.01,0.01,5,22,0,1,0,2.142857142857143,0.0
9,3078,7,False,0,2025-02-22,4,0.0,0.07,0.1,5,22,0,1,0,2.7142857142857144,0.0
9,3111,7,False,0,2025-02-22,0,0.0,0.03,0.04,5,22,0,1,0,2.857142857142857,0.0
9,3125,7,False,0,2025-02-22,1,0.0,0.02,0.03,5,22,0,1,0,2.7142857142857144,0.0
9,4069,7,False,0,2025-02-22,1,0.0,0.02,0.02,5,22,0,1,0,2.7142857142857144,0.0
9,4233,7,False,0,2025-02-22,3,0.0,0.06,0.1,5,22,0,1,0,2.142857142857143,0.0
9,4424,7,False,0,2025-02-22,2,0.0,0.02,0.05,5,22,0,1,0,2.142857142857143,0.0
9,4454,7,False,0,2025-02-22,1,0.0,0.01,0.02,5,22,0,1,0,2.4285714285714284,0.0
9,4484,7,False,0,2025-02-22,20,0.0,0.02,0.05,5,22,0,1,0,1.7142857142857142,0.0
9,4599,7,False,0,2025-02-22,2,1.0,0.01,0.02,5,22,0,1,0,4.0,0.0
9,4624,7,False,0,2025-02-22,1,0.0,0.03,0.04,5,22,0,1,0,4.285714285714286,0.0
9,4763,7,False,0,2025-02-22,2,0.0,0.01,0.02,5,22,0,1,0,4.285714285714286,0.0
9,4788,7,False,0,2025-02-22,1,0.0,0.02,0.03,5,22,0,1,0,4.428571428571429,0.0
9,4841,7,False,0,2025-02-22,2,0.0,0.01,0.02,5,22,0,1,0,4.142857142857143,0.0
9,4910,7,False,0,2025-02-22,1,0.0,0.2,0.25,5,22,0,1,0,4.142857142857143,0.0
9,5031,7,False,0,2025-02-22,1,0.0,0.3,0.52,5,22,0,1,0,4.142857142857143,0.0
9,5141,7,False,0,2025-02-22,2,0.0,0.02,0.03,5,22,0,1,0,1.4285714285714286,0.0
9,55,8,False,0,2025-02-22,8,0.0,0.04,0.08,5,22,0,1,0,1.4285714285714286,0.0
9,494,8,False,0,2025-02-22,14,0.0,0.01,0.03,5,22,0,1,0,2.4285714285714284,0.0
9,566,8,False,0,2025-02-22,29,0.0,0.01,0.01,5,22,0,1,0,4.142857142857143,0.0
9,658,8,False,0,2025-02-22,3,0.0,0.1,0.15,5,22,0,1,0,8.142857142857142,0.0
9,675,8,False,0,2025-02-22,0,0.0,0.01,0.0,5,22,0,1,0,8.285714285714286,0.0
9,790,8,False,0,2025-02-22,3,0.0,0.01,0.02,5,22,0,1,0,8.142857142857142,0.0
9,868,8,False,0,2025-02-22,1,0.0,0.14,0.2,5,22,0,1,0,8.428571428571429,0.0
9,870,8,False,0,2025-02-22,3,0.0,0.01,0.01,5,22,0,1,0,8.285714285714286,0.0
9,1004,8,False,0,2025-02-22,9,0.0,0.02,0.06,5,22,0,1,0,7.571428571428571,0.0
9,1076,8,False,0,2025-02-22,11,0.0,0.01,0.02,5,22,0,1,0,6.857142857142857,0.0
9,1116,8,False,0,2025-02-22,11,0.0,0.02,0.02,5,22,0,1,0,4.285714285714286,0.0
9,1134,8,False,0,2025-02-22,12,0.0,0.0,0.01,5,22,0,1,0,5.428571428571429,0.0
9,1285,8,False,0,2025-02-22,5,0.0,0.03,0.05,5,22,0,1,0,7.142857142857143,0.0
9,1541,8,False,0,2025-02-22,8,0.0,0.02,0.04,5,22,0,1,0,7.428571428571429,0.0
9,1748,8,False,0,2025-02-22,8,0.0,0.03,0.04,5,22,0,1,0,8.428571428571429,0.0
9,1819,8,False,0,2025-02-22,8,0.0,0.01,0.02,5,22,0,1,0,9.142857142857142,0.0
9,1923,8,False,0,2025-02-22,2,0.0,0.01,0.02,5,22,0,1,0,9.0,0.0
9,1930,8,False,0,2025-02-22,2,0.0,0.03,0.06,5,22,0,1,0,7.714285714285714,0.0
9,2029,8,False,0,2025-02-22,2,0.0,0.04,0.07,5,22,0,1,0,6.428571428571429,0.0
9,2288,8,False,0,2025-02-22,16,0.0,0.01,0.02,5,22,0,1,0,5.0,0.0
9,3028,8,False,0,2025-02-22,3,0.0,0.01,0.02,5,22,0,1,0,6.571428571428571,0.0
9,3180,8,False,0,2025-02-22,12,0.0,0.01,0.03,5,22,0,1,0,5.857142857142857,0.0
9,3326,8,False,0,2025-02-22,2,0.0,0.03,0.03,5,22,0,1,0,6.428571428571429,0.0
9,3450,8,False,0,2025-02-22,15,1.0,0.02,0.03,5,22,0,1,0,5.571428571428571,0.0
9,3476,8,False,0,2025-02-22,2,0.0,0.07,0.11,5,22,0,1,0,7.428571428571429,0.0
9,3574,8,False,0,2025-02-22,7,0.0,0.02,0.03,5,22,0,1,0,7.428571428571429,0.0
9,3592,8,False,0,2025-02-22,5,0.0,0.02,0.04,5,22,0,1,0,8.142857142857142,0.0
9,3750,8,False,0,2025-02-22,11,0.0,0.01,0.02,5,22,0,1,0,6.571428571428571,0.0
9,3770,8,False,0,2025-02-22,15,0.0,0.01,0.02,5,22,0,1,0,7.714285714285714,0.0
9,3963,8,False,0,2025-02-22,6,0.0,0.01,0.01,5,22,0,1,0,8.142857142857142,0.0
9,4115,8,False,0,2025-02-22,4,0.0,0.02,0.04,5,22,0,1,0,8.714285714285714,0.0
9,4538,8,False,0,2025-02-22,11,0.0,0.02,0.02,5,22,0,1,0,7.142857142857143,0.0
9,4609,8,False,0,2025-02-22,6,0.0,0.05,0.08,5,22,0,1,0,8.428571428571429,0.0
9,4666,8,False,0,2025-02-22,15,0.0,0.01,0.02,5,22,0,1,0,8.285714285714286,0.0
9,4668,8,False,0,2025-02-22,3,0.0,0.01,0.02,5,22,0,1,0,9.714285714285714,0.0
9,4676,8,False,0,2025-02-22,14,0.0,0.01,0.01,5,22,0,1,0,8.571428571428571,0.0
9,4751,8,False,0,2025-02-22,1,0.0,0.02,0.03,5,22,0,1,0,8.428571428571429,0.0
9,4807,8,False,0,2025-02-22,8,0.0,0.01,0.01,5,22,0,1,0,7.714285714285714,0.0
9,4862,8,False,0,2025-02-22,2,0.0,0.18,0.31,5,22,0,1,0,8.285714285714286,0.0
9,5001,8,False,0,2025-02-22,15,0.0,0.01,0.03,5,22,0,1,0,7.0,0.0
9,5203,8,False,0,2025-02-22,9,0.0,0.01,0.03,5,22,0,1,0,8.285714285714286,0.0
9,3,9,True,0,2025-02-22,2,0.0,0.02,0.06,5,22,0,1,0,7.428571428571429,0.0
9,29,9,True,0,2025-02-22,2,0.0,0.05,0.06,5,22,0,1,0,7.285714285714286,0.0
9,67,9,True,0,2025-02-22,2,0.0,0.01,0.04,5,22,0,1,0,5.571428571428571,0.0
9,68,9,True,0,2025-02-22,2,0.0,0.02,0.08,5,22,0,1,0,5.714285714285714,0.0
9,75,9,True,0,2025-02-22,5,0.0,0.03,0.05,5,22,0,1,0,4.857142857142857,0.0
9,162,9,True,0,2025-02-22,2,0.0,0.03,0.07,5,22,0,1,0,5.285714285714286,0.0
9,176,9,True,0,2025-02-22,7,0.0,0.02,0.06,5,22,0,1,0,3.4285714285714284,0.0
9,266,9,True,0,2025-02-22,0,0.0,0.03,0.1,5,22,0,1,0,3.142857142857143,0.0
9,322,9,True,0,2025-02-22,0,4.0,0.05,0.06,5,22,0,1,0,2.857142857142857,0.0
9,335,9,True,0,2025-02-22,3,0.0,0.02,0.06,5,22,0,1,0,2.5714285714285716,0.0
9,342,9,True,0,2025-02-22,3,0.0,0.02,0.05,5,22,0,1,0,2.7142857142857144,0.0
9,379,9,True,0,2025-02-22,1,0.0,0.06,0.08,5,22,0,1,0,2.857142857142857,0.0
9,426,9,True,0,2025-02-22,4,0.0,0.05,0.1,5,22,0,1,0,2.2857142857142856,0.0
9,469,9,True,0,2025-02-22,2,0.0,0.02,0.03,5,22,0,1,0,2.5714285714285716,0.0
9,487,9,True,0,2025-02-22,8,0.0,0.03,0.1,5,22,0,1,0,1.8571428571428572,0.0
9,500,9,True,0,2025-02-22,7,0.0,0.01,0.04,5,22,0,1,0,3.0,0.0
9,520,9,True,0,2025-02-22,2,0.0,0.04,0.1,5,22,0,1,0,4.0,0.0
9,546,9,True,0,2025-02-22,0,0.0,0.02,0.03,5,22,0,1,0,3.857142857142857,0.0
9,562,9,True,0,2025-02-22,3,0.0,0.03,0.04,5,22,0,1,0,3.4285714285714284,0.0
9,589,9,True,0,2025-02-22,6,0.0,0.03,0.04,5,22,0,1,0,3.7142857142857144,0.0
9,591,9,True,0,2025-02-22,2,0.0,0.04,0.1,5,22,0,1,0,4.0,0.0
9,654,9,True,0,2025-02-22,3,0.0,0.03,0.07,5,22,0,1,0,4.0,0.0
9,673,9,True,0,2025-02-22,0,0.0,0.02,0.05,5,22,0,1,0,3.2857142857142856,0.0
9,687,9,True,0,2025-02-22,0,0.0,0.04,0.08,5,22,0,1,0,2.2857142857142856,0.0
9,698,9,True,0,2025-02-22,3,0.0,0.04,0.08,5,22,0,1,0,2.0,0.0
9,708,9,True,0,2025-02-22,1,0.0,0.04,0.08,5,22,0,1,0,2.4285714285714284,0.0
9,715,9,True,0,2025-02-22,3,0.0,0.02,0.04,5,22,0,1,0,2.142857142857143,0.0
9,738,9,True,0,2025-02-22,7,0.0,0.03,0.07,5,22,0,1,0,1.7142857142857142,0.0
9,856,9,True,0,2025-02-22,2,0.0,0.01,0.04,5,22,0,1,0,2.4285714285714284,0.0
9,884,9,True,0,2025-02-22,4,0.0,0.05,0.09,5,22,0,1,0,2.2857142857142856,0.0
9,893,9,True,0,2025-02-22,2,0.0,0.02,0.06,5,22,0,1,0,2.857142857142857,0.0
9,908,9,True,0,2025-02-22,6,0.0,0.05,0.09,5,22,0,1,0,3.142857142857143,0.0
9,920,9,True,0,2025-02-22,1,0.0,0.04,0.05,5,22,0,1,0,3.5714285714285716,0.0
9,942,9,True,0,2025-02-22,2,0.0,0.01,0.07,5,22,0,1,0,3.5714285714285716,0.0
9,955,9,True,0,2025-02-22,2,0.0,0.06,0.13,5,22,0,1,0,3.4285714285714284,0.0
9,957,9,True,0,2025-02-22,0,0.0,0.05,0.12,5,22,0,1,0,2.7142857142857144,0.0
9,977,9,True,0,2025-02-22,2,0.0,0.1,0.17,5,22,0,1,0,2.4285714285714284,0.0
9,1016,9,True,0,2025-02-22,1,0.0,0.02,0.09,5,22,0,1,0,2.142857142857143,0.0
9,1039,9,True,0,2025-02-22,2,0.0,0.01,0.03,5,22,0,1,0,2.0,0.0
9,1050,9,True,0,2025-02-22,6,0.0,0.07,0.07,5,22,0,1,0,1.4285714285714286,0.0
9,1075,9,True,0,2025-02-22,2,0.0,0.03,0.05,5,22,0,1,0,2.142857142857143,0.0
9,1081,9,True,0,2025-02-22,9,0.0,0.02,0.19,5,22,0,1,0,2.142857142857143,0.0
9,1157,9,True,0,2025-02-22,3,0.0,0.04,0.13,5,22,0,1,0,3.142857142857143,0.0
9,1168,9,True,0,2025-02-22,4,0.0,0.09,0.17,5,22,0,1,0,3.5714285714285716,0.0
9,1241,9,True,0,2025-02-22,6,0.0,0.05,0.1,5,22,0,1,0,3.857142857142857,0.0
9,1243,9,True,0,2025-02-22,9,0.0,0.04,0.07,5,22,0,1,0,4.571428571428571,0.0
9,1281,9,True,0,2025-02-22,4,0.0,0.02,0.03,5,22,0,1,0,5.571428571428571,0.0
9,1334,9,True,0,2025-02-22,2,0.0,0.02,0.05,5,22,0,1,0,5.285714285714286,0.0
9,1364,9,True,0,2025-02-22,2,0.0,0.03,0.12,5,22,0,1,0,5.285714285714286,0.0
9,1453,9,True,0,2025-02-22,1,0.0,0.04,0.06,5,22,0,1,0,4.285714285714286,0.0
9,1504,9,True,0,2025-02-22,0,0.0,0.1,0.17,5,22,0,1,0,4.0,0.0
9,1615,9,True,0,2025-02-22,3,0.0,0.02,0.04,5,22,0,1,0,3.4285714285714284,0.0
9,1699,9,True,0,2025-02-22,1,0.0,0.04,0.09,5,22,0,1,0,3.0,0.0
9,1701,9,True,0,2025-02-22,1,0.0,0.03,0.05,5,22,0,1,0,1.8571428571428572,0.0
9,1713,9,True,0,2025-02-22,2,0.0,0.01,0.02,5,22,0,1,0,1.4285714285714286,0.0
9,1728,9,True,0,2025-02-22,4,0.0,0.02,0.06,5,22,0,1,0,1.4285714285714286,0.0
9,1774,9,True,0,2025-02-22,3,0.0,0.04,0.06,5,22,0,1,0,1.7142857142857142,0.0
9,1872,9,True,0,2025-02-22,3,0.0,0.04,0.05,5,22,0,1,0,2.0,0.0
9,1885,9,True,0,2025-02-22,0,0.0,0.01,0.01,5,22,0,1,0,2.4285714285714284,0.0
9,1890,9,True,0,2025-02-22,1,0.0,0.02,0.06,5,22,0,1,0,2.0,0.0
9,2007,9,True,0,2025-02-22,3,0.0,0.02,0.07,5,22,0,1,0,2.0,0.0
9,2009,9,True,0,2025-02-22,2,0.0,0.01,0.04,5,22,0,1,0,2.2857142857142856,0.0
9,2067,9,True,0,2025-02-22,5,0.0,0.04,0.09,5,22,0,1,0,2.2857142857142856,0.0
9,2068,9,True,0,2025-02-22,1,0.0,0.02,0.05,5,22,0,1,0,2.4285714285714284,0.0
9,2073,9,True,0,2025-02-22,4,0.0,0.01,0.02,5,22,0,1,0,2.142857142857143,0.0
9,2076,9,True,0,2025-02-22,7,0.0,0.04,0.07,5,22,0,1,0,2.2857142857142856,0.0
9,2121,9,True,0,2025-02-22,6,0.0,0.02,0.05,5,22,0,1,0,3.2857142857142856,0.0
9,2138,9,True,0,2025-02-22,4,0.0,0.05,0.06,5,22,0,1,0,4.0,0.0
9,2184,9,True,0,2025-02-22,3,0.0,0.02,0.07,5,22,0,1,0,4.142857142857143,0.0
9,2220,9,True,0,2025-02-22,2,0.0,0.01,0.04,5,22,0,1,0,4.285714285714286,0.0
9,2225,9,True,0,2025-02-22,2,0.0,0.03,0.1,5,22,0,1,0,3.857142857142857,0.0
9,2299,9,True,0,2025-02-22,0,0.0,0.02,0.05,5,22,0,1,0,4.0,0.0
9,2353,9,True,0,2025-02-22,2,0.0,0.01,0.01,5,22,0,1,0,3.4285714285714284,0.0
9,2356,9,True,0,2025-02-22,2,0.0,0.01,0.01,5,22,0,1,0,2.7142857142857144,0.0
9,2388,9,True,0,2025-02-22,4,0.0,0.03,0.11,5,22,0,1,0,2.142857142857143,0.0
9,2409,9,True,0,2025-02-22,4,0.0,0.05,0.06,5,22,0,1,0,2.142857142857143,0.0
9,2427,9,True,0,2025-02-22,2,0.0,0.01,0.03,5,22,0,1,0,2.2857142857142856,0.0
9,2449,9,True,0,2025-02-22,1,0.0,0.05,0.08,5,22,0,1,0,2.2857142857142856,0.0
9,2493,9,True,0,2025-02-22,2,0.0,0.02,0.02,5,22,0,1,0,2.142857142857143,0.0
9,2540,9,True,0,2025-02-22,5,0.0,0.05,0.17,5,22,0,1,0,2.4285714285714284,0.0
9,2552,9,True,0,2025-02-22,2,0.0,0.04,0.11,5,22,0,1,0,2.857142857142857,0.0
9,2597,9,True,0,2025-02-22,1,0.0,0.01,0.03,5,22,0,1,0,2.857142857142857,0.0
9,2608,9,True,0,2025-02-22,3,0.0,0.04,0.1,5,22,0,1,0,2.4285714285714284,0.0
9,2629,9,True,0,2025-02-22,2,0.0,0.02,0.09,5,22,0,1,0,2.2857142857142856,0.0
9,2633,9,True,0,2025-02-22,3,0.0,0.01,0.01,5,22,0,1,0,2.2857142857142856,0.0
9,2684,9,True,0,2025-02-22,2,0.0,0.04,0.05,5,22,0,1,0,2.5714285714285716,0.0
9,2694,9,True,0,2025-02-22,3,0.0,0.04,0.11,5,22,0,1,0,2.5714285714285716,0.0
9,2724,9,True,0,2025-02-22,1,0.0,0.01,0.04,5,22,0,1,0,2.2857142857142856,0.0
9,2791,9,True,0,2025-02-22,2,0.0,0.1,0.18,5,22,0,1,0,2.142857142857143,0.0
9,2796,9,True,0,2025-02-22,1,0.0,0.03,0.06,5,22,0,1,0,2.2857142857142856,0.0
9,2828,9,True,0,2025-02-22,5,0.0,0.02,0.04,5,22,0,1,0,2.0,0.0
9,2868,9,True,0,2025-02-22,5,0.0,0.03,0.04,5,22,0,1,0,2.4285714285714284,0.0
9,2869,9,True,0,2025-02-22,0,0.0,0.05,0.09,5,22,0,1,0,2.7142857142857144,0.0
9,2877,9,True,0,2025-02-22,2,0.0,0.1,0.05,5,22,0,1,0,2.4285714285714284,0.0
9,2895,9,True,0,2025-02-22,2,0.0,0.06,0.07,5,22,0,1,0,2.2857142857142856,0.0
9,2896,9,True,0,2025-02-22,5,0.0,0.04,0.09,5,22,0,1,0,2.4285714285714284,0.0
9,2921,9,True,0,2025-02-22,4,0.0,0.07,0.11,5,22,0,1,0,2.857142857142857,0.0
9,2937,9,True,0,2025-02-22,7,0.0,0.03,0.07,5,22,0,1,0,3.2857142857142856,0.0
9,2945,9,True,0,2025-02-22,1,0.0,0.06,0.07,5,22,0,1,0,3.5714285714285716,0.0
9,2967,9,True,0,2025-02-22,3,0.0,0.13,0.19,5,22,0,1,0,3.0,0.0
9,2986,9,True,0,2025-02-22,5,0.0,0.03,0.04,5,22,0,1,0,3.4285714285714284,0.0
9,2998,9,True,0,2025-02-22,4,0.0,0.01,0.06,5,22,0,1,0,3.857142857142857,0.0
9,3036,9,True,0,2025-02-22,2,0.0,0.03,0.06,5,22,0,1,0,4.142857142857143,0.0
9,3059,9,True,0,2025-02-22,3,0.0,0.06,0.13,5,22,0,1,0,3.7142857142857144,0.0
9,3160,9,True,0,2025-02-22,1,0.0,0.01,0.02,5,22,0,1,0,3.5714285714285716,0.0
9,3191,9,True,0,2025-02-22,2,0.0,0.06,0.1,5,22,0,1,0,2.7142857142857144,0.0
9,3291,9,True,0,2025-02-22,6,0.0,0.05,0.1,5,22,0,1,0,2.857142857142857,0.0
9,3332,9,True,0,2025-02-22,1,0.0,0.02,0.07,5,22,0,1,0,3.2857142857142856,0.0
9,3367,9,True,0,2025-02-22,13,0.0,0.06,0.12,5,22,0,1,0,2.7142857142857144,0.0
9,3405,9,True,0,2025-02-22,4,0.0,0.01,0.05,5,22,0,1,0,4.0,0.0
9,3412,9,True,0,2025-02-22,5,0.0,0.01,0.02,5,22,0,1,0,4.285714285714286,0.0
9,3477,9,True,0,2025-02-22,2,0.0,0.03,0.06,5,22,0,1,0,4.571428571428571,0.0
9,3491,9,True,0,2025-02-22,1,0.0,0.03,0.08,5,22,0,1,0,4.714285714285714,0.0
9,3503,9,True,0,2025-02-22,2,0.0,0.01,0.04,5,22,0,1,0,4.571428571428571,0.0
9,3505,9,True,0,2025-02-22,5,0.0,0.04,0.1,5,22,0,1,0,4.0,0.0
9,3531,9,True,0,2025-02-22,3,0.0,0.02,0.06,5,22,0,1,0,4.571428571428571,0.0
9,3584,9,True,0,2025-02-22,6,0.0,0.02,0.04,5,22,0,1,0,3.142857142857143,0.0
9,3699,9,True,0,2025-02-22,4,0.0,0.01,0.02,5,22,0,1,0,3.4285714285714284,0.0
9,3702,9,True,0,2025-02-22,0,0.0,0.02,0.03,5,22,0,1,0,3.2857142857142856,0.0
9,3794,9,True,0,2025-02-22,1,0.0,0.03,0.07,5,22,0,1,0,3.0,0.0
9,3836,9,True,0,2025-02-22,1,0.0,0.05,0.08,5,22,0,1,0,3.0,0.0
9,3872,9,True,0,2025-02-22,2,0.0,0.04,0.07,5,22,0,1,0,2.857142857142857,0.0
9,3884,9,True,0,2025-02-22,4,0.0,0.01,0.03,5,22,0,1,0,2.4285714285714284,0.0
9,3962,9,True,0,2025-02-22,10,0.0,0.05,0.12,5,22,0,1,0,2.5714285714285716,0.0
9,3998,9,True,0,2025-02-22,1,0.0,0.04,0.06,5,22,0,1,0,3.142857142857143,0.0
9,4008,9,True,0,2025-02-22,2,0.0,0.04,0.09,5,22,0,1,0,2.7142857142857144,0.0
9,4056,9,True,0,2025-02-22,1,0.0,0.02,0.04,5,22,0,1,0,3.0,0.0
9,4075,9,True,0,2025-02-22,1,0.0,0.06,0.15,5,22,0,1,0,3.0,0.0
9,4083,9,True,0,2025-02-22,3,0.0,0.09,0.12,5,22,0,1,0,3.0,0.0
9,4232,9,True,0,2025-02-22,5,0.0,0.13,0.21,5,22,0,1,0,3.142857142857143,0.0
9,4259,9,True,0,2025-02-22,4,0.0,0.26,0.42,5,22,0,1,0,3.2857142857142856,0.0
9,4262,9,True,0,2025-02-22,2,0.0,0.02,0.07,5,22,0,1,0,2.4285714285714284,0.0
9,4279,9,True,0,2025-02-22,3,0.0,0.05,0.1,5,22,0,1,0,2.5714285714285716,0.0
9,4296,9,True,0,2025-02-22,2,0.0,0.04,0.07,5,22,0,1,0,2.7142857142857144,0.0
9,4332,9,True,0,2025-02-22,1,0.0,0.04,0.12,5,22,0,1,0,2.857142857142857,0.0
9,4353,9,True,0,2025-02-22,3,0.0,0.01,0.06,5,22,0,1,0,2.857142857142857,0.0
9,4363,9,True,0,2025-02-22,3,0.0,0.05,0.09,5,22,0,1,0,2.857142857142857,0.0
9,4393,9,True,0,2025-02-22,1,0.0,0.09,0.17,5,22,0,1,0,2.5714285714285716,0.0
9,4406,9,True,0,2025-02-22,2,0.0,0.02,0.07,5,22,0,1,0,2.142857142857143,0.0
9,4459,9,True,0,2025-02-22,2,0.0,0.02,0.03,5,22,0,1,0,2.142857142857143,0.0
9,4477,9,True,0,2025-02-22,1,0.0,0.03,0.06,5,22,0,1,0,2.0,0.0
9,4532,9,True,0,2025-02-22,1,0.0,0.02,0.04,5,22,0,1,0,1.8571428571428572,0.0
9,4574,9,True,0,2025-02-22,3,0.0,0.01,0.06,5,22,0,1,0,1.8571428571428572,0.0
9,4623,9,True,0,2025-02-22,4,0.0,0.03,0.07,5,22,0,1,0,1.8571428571428572,0.0
9,4677,9,True,0,2025-02-22,3,0.0,0.12,0.16,5,22,0,1,0,2.0,0.0
9,4695,9,True,0,2025-02-22,3,3.0,0.04,0.13,5,22,0,1,0,2.2857142857142856,0.0
9,4709,9,True,0,2025-02-22,2,0.0,0.08,0.12,5,22,0,1,0,2.4285714285714284,0.0
9,4728,9,True,0,2025-02-22,3,0.0,0.02,0.02,5,22,0,1,0,2.4285714285714284,0.0
9,4737,9,True,0,2025-02-22,2,0.0,0.01,0.03,5,22,0,1,0,2.7142857142857144,0.0
9,4775,9,True,0,2025-02-22,2,0.0,0.04,0.06,5,22,0,1,0,2.857142857142857,0.0
9,4784,9,True,0,2025-02-22,0,0.0,0.01,0.03,5,22,0,1,0,2.7142857142857144,0.0
9,4858,9,True,0,2025-02-22,2,0.0,0.15,0.21,5,22,0,1,0,2.142857142857143,0.0
9,4863,9,True,0,2025-02-22,2,0.0,0.02,0.05,5,22,0,1,0,2.0,0.0
9,4927,9,True,0,2025-02-22,5,0.0,0.06,0.14,5,22,0,1,0,1.8571428571428572,0.0
9,4974,9,True,0,2025-02-22,2,0.0,0.02,0.06,5,22,0,1,0,2.2857142857142856,0.0
9,5011,9,True,0,2025-02-22,4,0.0,0.06,0.1,5,22,0,1,0,2.142857142857143,0.0
9,5012,9,True,0,2025-02-22,1,0.0,0.01,0.03,5,22,0,1,0,2.4285714285714284,0.0
9,5070,9,True,0,2025-02-22,4,1.0,0.05,0.12,5,22,0,1,0,2.2857142857142856,0.0
9,5226,9,True,0,2025-02-22,7,0.0,0.05,0.11,5,22,0,1,0,2.857142857142857,0.0
9,5242,9,True,0,2025-02-22,1,0.0,0.04,0.17,5,22,0,1,0,3.5714285714285716,0.0
9,15,10,False,0,2025-02-22,10,0.0,0.03,0.12,5,22,0,1,0,3.4285714285714284,0.0
9,149,10,False,0,2025-02-22,15,0.0,0.02,0.07,5,22,0,1,0,4.142857142857143,0.0
9,2636,10,False,0,2025-02-22,8,0.0,0.09,0.24,5,22,0,1,0,6.0,0.0
9,3122,10,False,0,2025-02-22,12,0.0,0.01,0.03,5,22,0,1,0,6.571428571428571,0.0
9,3904,10,False,0,2025-02-22,0,0.0,0.03,0.04,5,22,0,1,0,8.142857142857142,0.0
9,4959,10,False,0,2025-02-22,24,0.0,0.01,0.02,5,22,0,1,0,7.571428571428571,0.0
9,518,11,False,0,2025-02-22,0,2.0,0.16,0.15,5,22,0,1,0,10.0,0.0
9,669,11,False,0,2025-02-22,3,0.0,0.07,0.09,5,22,0,1,0,9.857142857142858,0.0
9,926,11,False,0,2025-02-22,3,0.0,0.14,0.16,5,22,0,1,0,8.857142857142858,0.0
9,934,11,False,0,2025-02-22,1,0.0,0.18,0.2,5,22,0,1,0,7.142857142857143,0.0
9,1341,11,False,0,2025-02-22,1,0.0,0.16,0.18,5,22,0,1,0,6.142857142857143,0.0
9,1710,11,False,0,2025-02-22,4,0.0,0.12,0.14,5,22,0,1,0,4.571428571428571,0.0
9,1735,11,False,0,2025-02-22,3,0.0,0.1,0.14,5,22,0,1,0,5.142857142857143,0.0
9,1879,11,False,0,2025-02-22,4,0.0,0.1,0.13,5,22,0,1,0,2.142857142857143,0.0
9,3084,11,False,0,2025-02-22,3,0.0,0.12,0.14,5,22,0,1,0,2.7142857142857144,0.0
9,3602,11,False,0,2025-02-22,3,0.0,0.12,0.14,5,22,0,1,0,2.7142857142857144,0.0
9,3829,11,False,0,2025-02-22,6,0.0,0.1,0.13,5,22,0,1,0,2.7142857142857144,0.0
9,3961,11,False,0,2025-02-22,3,0.0,0.09,0.11,5,22,0,1,0,3.4285714285714284,0.0
9,4171,11,False,0,2025-02-22,3,0.0,0.14,0.21,5,22,0,1,0,3.7142857142857144,0.0
9,4322,11,False,0,2025-02-22,2,0.0,0.1,0.12,5,22,0,1,0,3.5714285714285716,0.0
9,4441,11,False,0,2025-02-22,2,0.0,0.12,0.15,5,22,0,1,0,3.4285714285714284,0.0
9,4930,11,False,0,2025-02-22,2,0.0,0.09,0.12,5,22,0,1,0,3.142857142857143,0.0
9,27,1,False,0,2025-02-27,2,0.0,0.07,0.07,3,27,0,0,1,3.0,0.0
9,982,1,False,0,2025-02-27,2,0.0,0.2,0.24,3,27,0,0,1,2.857142857142857,0.0
9,1030,1,False,0,2025-02-27,4,0.0,0.29,0.16,3,27,0,0,1,2.2857142857142856,0.0
9,1304,1,False,0,2025-02-27,1,0.0,0.04,0.07,3,27,0,0,1,2.4285714285714284,0.0
9,1590,1,False,0,2025-02-27,2,0.0,0.06,0.09,3,27,0,0,1,2.142857142857143,0.0
9,1752,1,False,0,2025-02-27,2,0.0,0.16,0.19,3,27,0,0,1,2.142857142857143,0.0
9,1840,1,False,0,2025-02-27,2,0.0,0.13,0.16,3,27,0,0,1,2.142857142857143,0.0
9,1853,1,False,0,2025-02-27,0,0.0,0.18,0.21,3,27,0,0,1,2.142857142857143,0.0
9,1874,1,False,0,2025-02-27,3,0.0,0.03,0.04,3,27,0,0,1,1.8571428571428572,0.0
9,2850,1,False,0,2025-02-27,2,0.0,0.18,0.16,3,27,0,0,1,2.0,0.0
9,3058,1,False,0,2025-02-27,4,0.0,0.16,0.2,3,27,0,0,1,1.7142857142857142,0.0
9,3120,1,False,0,2025-02-27,10,0.0,0.16,0.15,3,27,0,0,1,2.142857142857143,0.0
9,3326,1,False,0,2025-02-27,2,0.0,0.03,0.03,3,27,0,0,1,3.2857142857142856,0.0
9,3621,1,False,0,2025-02-27,2,0.0,0.03,0.04,3,27,0,0,1,3.2857142857142856,0.0
9,3625,1,False,0,2025-02-27,8,0.0,0.16,0.18,3,27,0,0,1,3.2857142857142856,0.0
9,4088,1,False,0,2025-02-27,2,0.0,0.33,0.43,3,27,0,0,1,4.428571428571429,0.0
9,4089,1,False,0,2025-02-27,2,0.0,0.16,0.18,3,27,0,0,1,4.285714285714286,0.0
9,4206,1,False,0,2025-02-27,4,0.0,0.5,0.56,3,27,0,0,1,4.285714285714286,0.0
9,4693,1,False,0,2025-02-27,3,0.0,0.09,0.1,3,27,0,0,1,4.285714285714286,0.0
9,5035,1,False,0,2025-02-27,2,0.0,0.13,0.13,3,27,0,0,1,3.2857142857142856,0.0
9,9,3,True,0,2025-02-27,3,0.0,0.11,0.16,3,27,0,0,1,3.2857142857142856,0.0
9,42,3,True,0,2025-02-27,1,0.0,0.05,0.06,3,27,0,0,1,3.4285714285714284,0.0
9,54,3,True,0,2025-02-27,1,0.0,0.18,0.22,3,27,0,0,1,2.4285714285714284,0.0
9,63,3,True,0,2025-02-27,1,0.0,0.14,0.18,3,27,0,0,1,2.2857142857142856,0.0
9,71,3,True,0,2025-02-27,1,0.0,0.03,0.03,3,27,0,0,1,2.142857142857143,0.0
9,73,3,True,0,2025-02-27,1,0.0,0.15,0.16,3,27,0,0,1,1.7142857142857142,0.0
9,118,3,True,0,2025-02-27,1,0.0,0.05,0.08,3,27,0,0,1,1.4285714285714286,0.0
9,151,3,True,0,2025-02-27,0,0.0,0.21,0.24,3,27,0,0,1,1.2857142857142858,0.0
9,154,3,True,0,2025-02-27,2,0.0,0.18,0.21,3,27,0,0,1,0.8571428571428571,0.0
9,156,3,True,0,2025-02-27,1,0.0,0.04,0.05,3,27,0,0,1,1.0,0.0
9,224,3,True,0,2025-02-27,1,0.0,0.06,0.08,3,27,0,0,1,1.0,0.0
9,230,3,True,0,2025-02-27,0,0.0,0.03,0.05,3,27,0,0,1,1.0,0.0
9,258,3,True,0,2025-02-27,2,0.0,0.03,0.05,3,27,0,0,1,0.8571428571428571,0.0
9,304,3,True,0,2025-02-27,1,0.0,0.1,0.12,3,27,0,0,1,1.0,0.0
9,307,3,True,0,2025-02-27,0,0.0,0.16,0.2,3,27,0,0,1,1.0,0.0
9,319,3,True,0,2025-02-27,1,0.0,0.35,0.35,3,27,0,0,1,1.0,0.0
9,323,3,True,0,2025-02-27,1,0.0,0.28,0.31,3,27,0,0,1,0.8571428571428571,0.0
9,347,3,True,0,2025-02-27,1,0.0,0.06,0.07,3,27,0,0,1,0.8571428571428571,0.0
9,377,3,True,0,2025-02-27,1,0.0,0.12,0.19,3,27,0,0,1,0.8571428571428571,0.0
9,384,3,True,0,2025-02-27,1,0.0,0.04,0.06,3,27,0,0,1,1.0,0.0
9,396,3,True,0,2025-02-27,2,0.0,0.22,0.24,3,27,0,0,1,0.8571428571428571,0.0
9,400,3,True,0,2025-02-27,1,0.0,0.19,0.23,3,27,0,0,1,1.0,0.0
9,409,3,True,0,2025-02-27,1,0.0,0.1,0.13,3,27,0,0,1,1.1428571428571428,0.0
9,414,3,True,0,2025-02-27,2,0.0,0.08,0.12,3,27,0,0,1,1.1428571428571428,0.0
9,424,3,True,0,2025-02-27,1,0.0,0.09,0.11,3,27,0,0,1,1.2857142857142858,0.0
9,430,3,True,0,2025-02-27,1,0.0,0.13,0.19,3,27,0,0,1,1.2857142857142858,0.0
9,452,3,True,0,2025-02-27,1,0.0,0.07,0.09,3,27,0,0,1,1.2857142857142858,0.0
9,514,3,True,0,2025-02-27,2,0.0,0.16,0.19,3,27,0,0,1,1.2857142857142858,0.0
9,541,3,True,0,2025-02-27,0,0.0,0.07,0.1,3,27,0,0,1,1.2857142857142858,0.0
9,550,3,True,0,2025-02-27,3,0.0,0.13,0.16,3,27,0,0,1,1.1428571428571428,0.0
9,570,3,True,0,2025-02-27,1,0.0,0.15,0.2,3,27,0,0,1,1.4285714285714286,0.0
9,571,3,True,0,2025-02-27,2,0.0,0.11,0.17,3,27,0,0,1,1.2857142857142858,0.0
9,604,3,True,0,2025-02-27,2,0.0,0.3,0.37,3,27,0,0,1,1.4285714285714286,0.0
9,618,3,True,0,2025-02-27,1,0.0,0.13,0.15,3,27,0,0,1,1.5714285714285714,0.0
9,630,3,True,0,2025-02-27,0,0.0,0.06,0.09,3,27,0,0,1,1.5714285714285714,0.0
9,642,3,True,0,2025-02-27,1,0.0,0.07,0.11,3,27,0,0,1,1.2857142857142858,0.0
9,643,3,True,0,2025-02-27,1,0.0,0.06,0.07,3,27,0,0,1,1.4285714285714286,0.0
9,664,3,True,0,2025-02-27,1,0.0,0.14,0.19,3,27,0,0,1,1.1428571428571428,0.0
9,674,3,True,0,2025-02-27,0,0.0,0.15,0.16,3,27,0,0,1,1.1428571428571428,0.0
9,679,3,True,0,2025-02-27,1,0.0,0.06,0.08,3,27,0,0,1,0.8571428571428571,0.0
9,713,3,True,0,2025-02-27,3,0.0,0.06,0.07,3,27,0,0,1,0.7142857142857143,0.0
9,725,3,True,0,2025-02-27,1,0.0,0.18,0.2,3,27,0,0,1,1.0,0.0
9,766,3,True,0,2025-02-27,3,0.0,0.06,0.07,3,27,0,0,1,1.1428571428571428,0.0
9,767,3,True,0,2025-02-27,0,0.0,0.17,0.26,3,27,0,0,1,1.4285714285714286,0.0
9,771,3,True,0,2025-02-27,4,0.0,0.49,0.49,3,27,0,0,1,1.2857142857142858,0.0
9,775,3,True,0,2025-02-27,1,0.0,0.12,0.15,3,27,0,0,1,1.7142857142857142,0.0
9,800,3,True,0,2025-02-27,1,0.0,0.26,0.34,3,27,0,0,1,1.8571428571428572,0.0
9,804,3,True,0,2025-02-27,2,0.0,0.1,0.15,3,27,0,0,1,1.8571428571428572,0.0
9,806,3,True,0,2025-02-27,1,0.0,0.08,0.09,3,27,0,0,1,1.7142857142857142,0.0
9,807,3,True,0,2025-02-27,2,0.0,0.13,0.16,3,27,0,0,1,1.7142857142857142,0.0
9,808,3,True,0,2025-02-27,1,0.0,0.06,0.07,3,27,0,0,1,1.5714285714285714,0.0
9,832,3,True,0,2025-02-27,1,0.0,0.12,0.16,3,27,0,0,1,1.7142857142857142,0.0
9,836,3,True,0,2025-02-27,1,0.0,0.07,0.08,3,27,0,0,1,1.2857142857142858,0.0
9,841,3,True,0,2025-02-27,1,0.0,0.13,0.14,3,27,0,0,1,1.2857142857142858,0.0
9,847,3,True,0,2025-02-27,0,0.0,0.08,0.03,3,27,0,0,1,1.2857142857142858,2.713196188592544
9,850,3,True,0,2025-02-27,1,0.0,0.49,0.53,3,27,0,0,1,1.0,0.0
9,874,3,True,0,2025-02-27,1,0.0,0.03,0.04,3,27,0,0,1,1.0,0.0
9,897,3,True,0,2025-02-27,3,0.0,0.05,0.06,3,27,0,0,1,0.8571428571428571,0.0
9,903,3,True,0,2025-02-27,1,0.0,0.05,0.08,3,27,0,0,1,1.1428571428571428,0.0
9,905,3,True,0,2025-02-27,2,0.0,0.11,0.18,3,27,0,0,1,1.1428571428571428,0.0
9,921,3,True,0,2025-02-27,1,0.0,0.09,0.12,3,27,0,0,1,1.2857142857142858,0.0
9,922,3,True,0,2025-02-27,2,0.0,0.07,0.09,3,27,0,0,1,1.2857142857142858,0.0
9,937,3,True,0,2025-02-27,8,0.0,0.03,0.04,3,27,0,0,1,1.5714285714285714,0.0
9,940,3,True,0,2025-02-27,1,0.0,0.2,0.23,3,27,0,0,1,2.5714285714285716,0.0
9,965,3,True,0,2025-02-27,4,0.0,0.36,0.44,3,27,0,0,1,2.5714285714285716,0.0
9,971,3,True,0,2025-02-27,3,0.0,0.08,0.1,3,27,0,0,1,2.7142857142857144,0.0
9,978,3,True,0,2025-02-27,1,0.0,0.11,0.14,3,27,0,0,1,3.0,0.0
9,983,3,True,0,2025-02-27,1,0.0,0.11,0.13,3,27,0,0,1,2.857142857142857,0.0
9,1005,3,True,0,2025-02-27,3,0.0,0.07,0.09,3,27,0,0,1,2.857142857142857,0.0
9,1006,3,True,0,2025-02-27,1,0.0,0.03,0.03,3,27,0,0,1,3.0,0.0
9,1022,3,True,0,2025-02-27,1,0.0,0.09,0.13,3,27,0,0,1,2.0,0.0
9,1046,3,True,0,2025-02-27,1,0.0,0.06,0.1,3,27,0,0,1,2.0,0.0
9,1074,3,True,0,2025-02-27,1,0.0,0.11,0.1,3,27,0,0,1,1.5714285714285714,0.0
9,1080,3,True,0,2025-02-27,2,0.0,0.15,0.18,3,27,0,0,1,1.2857142857142858,0.0
9,1089,3,True,0,2025-02-27,0,0.0,0.11,0.15,3,27,0,0,1,1.4285714285714286,0.0
9,1094,3,True,0,2025-02-27,3,0.0,0.18,0.2,3,27,0,0,1,1.2857142857142858,0.0
9,1106,3,True,0,2025-02-27,6,0.0,0.08,0.12,3,27,0,0,1,1.2857142857142858,0.0
9,1141,3,True,0,2025-02-27,1,0.0,0.09,0.14,3,27,0,0,1,2.0,0.0
9,1142,3,True,0,2025-02-27,1,0.0,0.28,0.29,3,27,0,0,1,2.0,0.0
9,1150,3,True,0,2025-02-27,1,0.0,0.04,0.05,3,27,0,0,1,2.0,0.0
9,1153,3,True,0,2025-02-27,1,0.0,0.07,0.09,3,27,0,0,1,2.0,0.0
9,1173,3,True,0,2025-02-27,1,0.0,0.05,0.07,3,27,0,0,1,1.8571428571428572,0.0
9,1208,3,True,0,2025-02-27,1,0.0,0.1,0.12,3,27,0,0,1,2.0,0.0
9,1246,3,True,0,2025-02-27,1,0.0,0.04,0.08,3,27,0,0,1,1.7142857142857142,0.0
9,1254,3,True,0,2025-02-27,2,0.0,0.23,0.26,3,27,0,0,1,1.0,0.0
9,1280,3,True,0,2025-02-27,1,0.0,0.14,0.18,3,27,0,0,1,1.1428571428571428,0.0
9,1315,3,True,0,2025-02-27,1,0.0,0.14,0.23,3,27,0,0,1,1.1428571428571428,0.0
9,1322,3,True,0,2025-02-27,1,0.0,0.25,0.27,3,27,0,0,1,1.1428571428571428,0.0
9,1337,3,True,0,2025-02-27,1,0.0,0.04,0.06,3,27,0,0,1,1.1428571428571428,0.0
9,1348,3,True,0,2025-02-27,1,0.0,0.14,0.16,3,27,0,0,1,1.1428571428571428,0.0
9,1353,3,True,0,2025-02-27,1,0.0,0.12,0.16,3,27,0,0,1,1.1428571428571428,0.0
9,1387,3,True,0,2025-02-27,0,0.0,0.04,0.05,3,27,0,0,1,1.1428571428571428,0.0
9,1413,3,True,0,2025-02-27,1,0.0,0.51,0.69,3,27,0,0,1,0.8571428571428571,0.0
9,1446,3,True,0,2025-02-27,7,0.0,0.01,0.01,3,27,0,0,1,0.8571428571428571,0.0
9,1450,3,True,0,2025-02-27,1,0.0,0.05,0.07,3,27,0,0,1,1.7142857142857142,0.0
9,1458,3,True,0,2025-02-27,1,0.0,0.05,0.06,3,27,0,0,1,1.7142857142857142,0.0
9,1460,3,True,0,2025-02-27,1,0.0,0.05,0.07,3,27,0,0,1,1.7142857142857142,0.0
9,1486,3,True,0,2025-02-27,1,0.0,0.07,0.08,3,27,0,0,1,1.7142857142857142,0.0
9,1514,3,True,0,2025-02-27,2,0.0,0.19,0.22,3,27,0,0,1,1.7142857142857142,0.0
9,1518,3,True,0,2025-02-27,1,0.0,0.17,0.23,3,27,0,0,1,2.0,0.0
9,1520,3,True,0,2025-02-27,1,0.0,0.05,0.06,3,27,0,0,1,2.0,0.0
9,1577,3,True,0,2025-02-27,1,0.0,0.07,0.09,3,27,0,0,1,1.1428571428571428,0.0
9,1604,3,True,0,2025-02-27,1,0.0,0.36,0.44,3,27,0,0,1,1.1428571428571428,0.0
9,1651,3,True,0,2025-02-27,0,1.0,0.22,0.27,3,27,0,0,1,1.1428571428571428,0.0
9,1660,3,True,0,2025-02-27,1,0.0,0.1,0.12,3,27,0,0,1,1.0,0.0
9,1667,3,True,0,2025-02-27,1,0.0,0.07,0.08,3,27,0,0,1,1.0,0.0
9,1689,3,True,0,2025-02-27,1,0.0,0.05,0.07,3,27,0,0,1,0.8571428571428571,0.0
9,1691,3,True,0,2025-02-27,4,0.0,0.03,0.05,3,27,0,0,1,0.8571428571428571,0.0
9,1717,3,True,0,2025-02-27,1,0.0,0.27,0.35,3,27,0,0,1,1.2857142857142858,0.0
9,1736,3,True,0,2025-02-27,1,0.0,0.06,0.08,3,27,0,0,1,1.2857142857142858,0.0
9,1781,3,True,0,2025-02-27,0,0.0,0.04,0.05,3,27,0,0,1,1.2857142857142858,0.0
9,1791,3,True,0,2025-02-27,1,0.0,0.3,0.33,3,27,0,0,1,1.2857142857142858,0.0
9,1800,3,True,0,2025-02-27,1,0.0,0.24,0.32,3,27,0,0,1,1.2857142857142858,0.0
9,1803,3,True,0,2025-02-27,1,0.0,0.07,0.15,3,27,0,0,1,1.2857142857142858,0.0
9,1804,3,True,0,2025-02-27,1,0.0,0.09,0.12,3,27,0,0,1,1.2857142857142858,0.0
9,1843,3,True,0,2025-02-27,34,0.0,0.04,0.05,3,27,0,0,1,0.8571428571428571,0.0
9,1852,3,True,0,2025-02-27,2,0.0,0.05,0.06,3,27,0,0,1,5.571428571428571,0.0
9,1871,3,True,0,2025-02-27,1,0.0,0.17,0.2,3,27,0,0,1,5.714285714285714,0.0
9,1876,3,True,0,2025-02-27,2,0.0,0.07,0.1,3,27,0,0,1,5.857142857142857,0.0
9,1881,3,True,0,2025-02-27,1,0.0,0.18,0.23,3,27,0,0,1,6.0,0.0
9,1903,3,True,0,2025-02-27,1,0.0,0.05,0.07,3,27,0,0,1,6.0,0.0
9,1908,3,True,0,2025-02-27,1,0.0,0.03,0.05,3,27,0,0,1,6.0,0.0
9,1918,3,True,0,2025-02-27,2,0.0,0.03,0.04,3,27,0,0,1,6.0,0.0
9,1932,3,True,0,2025-02-27,6,0.0,0.1,0.13,3,27,0,0,1,1.4285714285714286,0.0
9,1936,3,True,0,2025-02-27,2,0.0,0.43,0.52,3,27,0,0,1,2.0,0.0
9,1947,3,True,0,2025-02-27,2,0.0,0.09,0.14,3,27,0,0,1,2.142857142857143,0.0
9,1962,3,True,0,2025-02-27,3,0.0,0.06,0.11,3,27,0,0,1,2.142857142857143,0.0
9,1965,3,True,0,2025-02-27,2,0.0,0.24,0.31,3,27,0,0,1,2.4285714285714284,0.0
9,1992,3,True,0,2025-02-27,0,0.0,0.08,0.1,3,27,0,0,1,2.5714285714285716,0.0
9,1994,3,True,0,2025-02-27,2,0.0,0.03,0.03,3,27,0,0,1,2.4285714285714284,0.0
9,2017,3,True,0,2025-02-27,2,0.0,0.11,0.16,3,27,0,0,1,2.4285714285714284,0.0
9,2019,3,True,0,2025-02-27,2,0.0,0.15,0.18,3,27,0,0,1,1.8571428571428572,0.0
9,2041,3,True,0,2025-02-27,1,0.0,0.06,0.08,3,27,0,0,1,1.8571428571428572,0.0
9,2043,3,True,0,2025-02-27,1,0.0,0.06,0.08,3,27,0,0,1,1.7142857142857142,0.0
9,2047,3,True,0,2025-02-27,2,0.0,0.12,0.16,3,27,0,0,1,1.4285714285714286,0.0
9,2055,3,True,0,2025-02-27,3,0.0,0.1,0.12,3,27,0,0,1,1.4285714285714286,0.0
9,2084,3,True,0,2025-02-27,0,0.0,0.05,0.06,3,27,0,0,1,1.8571428571428572,0.0
9,2111,3,True,0,2025-02-27,1,0.0,0.29,0.35,3,27,0,0,1,1.5714285714285714,0.0
9,2114,3,True,0,2025-02-27,1,0.0,0.06,0.09,3,27,0,0,1,1.4285714285714286,0.0
9,2115,3,True,0,2025-02-27,6,0.0,0.49,0.72,3,27,0,0,1,1.2857142857142858,0.0
9,2117,3,True,0,2025-02-27,1,0.0,0.14,0.16,3,27,0,0,1,2.0,0.0
9,2136,3,True,0,2025-02-27,1,0.0,0.27,0.28,3,27,0,0,1,2.0,0.0
9,2146,3,True,0,2025-02-27,1,0.0,0.2,0.26,3,27,0,0,1,1.8571428571428572,0.0
9,2173,3,True,0,2025-02-27,2,0.0,0.03,0.04,3,27,0,0,1,1.5714285714285714,0.0
9,2186,3,True,0,2025-02-27,2,0.0,0.25,0.34,3,27,0,0,1,1.8571428571428572,0.0
9,2192,3,True,0,2025-02-27,0,0.0,0.07,0.1,3,27,0,0,1,2.0,0.0
9,2201,3,True,0,2025-02-27,7,0.0,0.12,0.16,3,27,0,0,1,1.8571428571428572,0.0
9,2203,3,True,0,2025-02-27,2,0.0,0.15,0.2,3,27,0,0,1,2.0,0.0
9,2206,3,True,0,2025-02-27,43,0.0,0.02,0.03,3,27,0,0,1,2.142857142857143,0.0
9,2228,3,True,0,2025-02-27,0,0.0,0.16,0.2,3,27,0,0,1,8.142857142857142,0.0
9,2245,3,True,0,2025-02-27,2,0.0,0.2,0.22,3,27,0,0,1,8.0,1.1382073173268525
9,2249,3,True,0,2025-02-27,1,0.0,0.06,0.07,3,27,0,0,1,8.0,0.0
9,2265,3,True,0,2025-02-27,0,0.0,0.03,0.04,3,27,0,0,1,7.857142857142857,0.0
9,2268,3,True,0,2025-02-27,1,0.0,0.14,0.2,3,27,0,0,1,7.857142857142857,0.0
9,2282,3,True,0,2025-02-27,2,0.0,0.08,0.1,3,27,0,0,1,7.0,0.0
9,2289,3,True,0,2025-02-27,1,0.0,0.08,0.1,3,27,0,0,1,7.0,0.0
9,2300,3,True,0,2025-02-27,1,0.0,0.23,0.24,3,27,0,0,1,1.0,0.0
9,2314,3,True,0,2025-02-27,0,1.0,0.06,0.08,3,27,0,0,1,1.1428571428571428,0.0
9,2316,3,True,0,2025-02-27,1,0.0,0.08,0.11,3,27,0,0,1,0.8571428571428571,0.0
9,2347,3,True,0,2025-02-27,0,0.0,0.16,0.2,3,27,0,0,1,0.8571428571428571,0.0
9,2350,3,True,0,2025-02-27,1,0.0,0.04,0.05,3,27,0,0,1,0.8571428571428571,0.0
9,2385,3,True,0,2025-02-27,1,0.0,0.02,0.03,3,27,0,0,1,0.8571428571428571,0.0
9,2387,3,True,0,2025-02-27,1,0.0,0.1,0.11,3,27,0,0,1,0.7142857142857143,0.0
9,2394,3,True,0,2025-02-27,1,0.0,0.12,0.17,3,27,0,0,1,0.7142857142857143,0.0
9,2402,3,True,0,2025-02-27,2,0.0,0.07,0.09,3,27,0,0,1,0.7142857142857143,0.0
9,2406,3,True,0,2025-02-27,1,0.0,0.29,0.32,3,27,0,0,1,1.0,0.0
9,2411,3,True,0,2025-02-27,1,0.0,0.16,0.19,3,27,0,0,1,1.0,0.0
9,2422,3,True,0,2025-02-27,5,0.0,0.28,0.31,3,27,0,0,1,1.1428571428571428,0.0
9,2426,3,True,0,2025-02-27,0,0.0,0.15,0.15,3,27,0,0,1,1.7142857142857142,0.0
9,2472,3,True,0,2025-02-27,0,0.0,0.09,0.1,3,27,0,0,1,1.5714285714285714,0.0
9,2496,3,True,0,2025-02-27,0,1.0,0.22,0.26,3,27,0,0,1,1.4285714285714286,0.0
9,2501,3,True,0,2025-02-27,1,0.0,0.09,0.11,3,27,0,0,1,1.2857142857142858,0.0
9,2505,3,True,0,2025-02-27,1,0.0,0.09,0.11,3,27,0,0,1,1.1428571428571428,0.0
9,2521,3,True,0,2025-02-27,1,0.0,0.43,0.44,3,27,0,0,1,1.1428571428571428,0.0
9,2524,3,True,0,2025-02-27,1,0.0,0.29,0.36,3,27,0,0,1,1.1428571428571428,0.0
9,2532,3,True,0,2025-02-27,2,0.0,0.12,0.12,3,27,0,0,1,0.5714285714285714,0.0
9,2533,3,True,0,2025-02-27,1,0.0,0.34,0.39,3,27,0,0,1,0.8571428571428571,0.0
9,2555,3,True,0,2025-02-27,3,0.0,0.03,0.04,3,27,0,0,1,1.0,0.0
9,2572,3,True,0,2025-02-27,0,0.0,0.34,0.36,3,27,0,0,1,1.4285714285714286,0.0
9,2573,3,True,0,2025-02-27,1,0.0,0.23,0.31,3,27,0,0,1,1.2857142857142858,0.0
9,2575,3,True,0,2025-02-27,0,0.0,0.02,0.03,3,27,0,0,1,1.2857142857142858,0.0
9,2578,3,True,0,2025-02-27,1,0.0,0.04,0.06,3,27,0,0,1,1.1428571428571428,0.0
9,2593,3,True,0,2025-02-27,1,0.0,0.01,0.02,3,27,0,0,1,1.1428571428571428,0.0
9,2594,3,True,0,2025-02-27,1,0.0,0.24,0.29,3,27,0,0,1,1.0,0.0
9,2596,3,True,0,2025-02-27,4,0.0,0.22,0.19,3,27,0,0,1,1.0,0.0
9,2626,3,True,0,2025-02-27,1,0.0,0.25,0.3,3,27,0,0,1,1.1428571428571428,0.0
9,2637,3,True,0,2025-02-27,1,0.0,0.15,0.17,3,27,0,0,1,1.2857142857142858,0.0
9,2650,3,True,0,2025-02-27,1,0.0,0.07,0.09,3,27,0,0,1,1.2857142857142858,0.0
9,2663,3,True,0,2025-02-27,1,0.0,0.54,0.59,3,27,0,0,1,1.4285714285714286,0.0
9,2664,3,True,0,2025-02-27,1,0.0,0.19,0.22,3,27,0,0,1,1.4285714285714286,0.0
9,2668,3,True,0,2025-02-27,2,0.0,0.22,0.3,3,27,0,0,1,1.4285714285714286,0.0
9,2710,3,True,0,2025-02-27,0,0.0,0.06,0.07,3,27,0,0,1,1.5714285714285714,0.0
9,2715,3,True,0,2025-02-27,0,0.0,0.04,0.05,3,27,0,0,1,1.0,0.0
9,2741,3,True,0,2025-02-27,2,0.0,0.17,0.18,3,27,0,0,1,0.8571428571428571,0.0
9,2746,3,True,0,2025-02-27,1,0.0,0.15,0.17,3,27,0,0,1,1.0,0.0
9,2768,3,True,0,2025-02-27,1,0.0,0.08,0.11,3,27,0,0,1,1.0,0.0
9,2814,3,True,0,2025-02-27,1,0.0,0.1,0.13,3,27,0,0,1,1.0,0.0
9,2826,3,True,0,2025-02-27,1,0.0,0.06,0.11,3,27,0,0,1,1.0,0.0
9,2827,3,True,0,2025-02-27,0,0.0,0.34,0.38,3,27,0,0,1,0.8571428571428571,0.0
9,2861,3,True,0,2025-02-27,2,0.0,0.09,0.12,3,27,0,0,1,0.8571428571428571,0.0
9,2862,3,True,0,2025-02-27,1,0.0,0.32,0.43,3,27,0,0,1,1.1428571428571428,0.0
9,2864,3,True,0,2025-02-27,4,0.0,0.06,0.08,3,27,0,0,1,1.0,0.0
9,2866,3,True,0,2025-02-27,7,0.0,0.25,0.28,3,27,0,0,1,1.4285714285714286,0.0
9,2902,3,True,0,2025-02-27,1,0.0,0.04,0.06,3,27,0,0,1,2.2857142857142856,0.0
9,2910,3,True,0,2025-02-27,1,0.0,0.25,0.32,3,27,0,0,1,2.2857142857142856,0.0
9,2911,3,True,0,2025-02-27,1,0.0,0.27,0.32,3,27,0,0,1,2.2857142857142856,0.0
9,2951,3,True,0,2025-02-27,1,0.0,0.07,0.09,3,27,0,0,1,2.4285714285714284,0.0
9,2954,3,True,0,2025-02-27,1,0.0,0.05,0.06,3,27,0,0,1,2.2857142857142856,0.0
9,2958,3,True,0,2025-02-27,1,0.0,0.04,0.05,3,27,0,0,1,2.2857142857142856,0.0
9,2974,3,True,0,2025-02-27,3,0.0,0.12,0.14,3,27,0,0,1,1.8571428571428572,0.0
9,2975,3,True,0,2025-02-27,2,0.0,0.14,0.15,3,27,0,0,1,1.2857142857142858,0.0
9,2980,3,True,0,2025-02-27,1,0.0,0.06,0.08,3,27,0,0,1,1.4285714285714286,0.0
9,3022,3,True,0,2025-02-27,1,1.0,0.2,0.24,3,27,0,0,1,1.4285714285714286,0.0
9,3052,3,True,0,2025-02-27,0,1.0,0.16,0.2,3,27,0,0,1,1.4285714285714286,0.0
9,3061,3,True,0,2025-02-27,1,0.0,0.03,0.05,3,27,0,0,1,1.2857142857142858,0.0
9,3069,3,True,0,2025-02-27,1,0.0,0.14,0.2,3,27,0,0,1,1.2857142857142858,0.0
9,3074,3,True,0,2025-02-27,1,0.0,0.12,0.17,3,27,0,0,1,1.2857142857142858,0.0
9,3077,3,True,0,2025-02-27,2,0.0,0.44,0.42,3,27,0,0,1,1.0,0.0
9,3079,3,True,0,2025-02-27,2,0.0,0.1,0.13,3,27,0,0,1,1.0,0.0
9,3083,3,True,0,2025-02-27,2,0.0,0.06,0.08,3,27,0,0,1,1.1428571428571428,0.0
9,3104,3,True,0,2025-02-27,1,0.0,0.24,0.26,3,27,0,0,1,1.2857142857142858,0.0
9,3116,3,True,0,2025-02-27,1,0.0,0.09,0.1,3,27,0,0,1,1.4285714285714286,0.0
9,3117,3,True,0,2025-02-27,1,0.0,0.05,0.06,3,27,0,0,1,1.4285714285714286,0.0
9,3119,3,True,0,2025-02-27,1,0.0,0.09,0.11,3,27,0,0,1,1.4285714285714286,0.0
9,3165,3,True,0,2025-02-27,0,1.0,0.07,0.08,3,27,0,0,1,1.4285714285714286,0.0
9,3208,3,True,0,2025-02-27,0,1.0,0.07,0.12,3,27,0,0,1,1.1428571428571428,0.0
9,3212,3,True,0,2025-02-27,0,0.0,0.08,0.1,3,27,0,0,1,0.8571428571428571,0.0
9,3219,3,True,0,2025-02-27,1,0.0,0.08,0.11,3,27,0,0,1,0.5714285714285714,0.0
9,3234,3,True,0,2025-02-27,4,0.0,0.13,0.16,3,27,0,0,1,0.5714285714285714,0.0
9,3242,3,True,0,2025-02-27,0,1.0,0.05,0.07,3,27,0,0,1,1.0,0.0
9,3263,3,True,0,2025-02-27,2,0.0,0.3,0.42,3,27,0,0,1,0.8571428571428571,0.0
9,3266,3,True,0,2025-02-27,3,0.0,0.08,0.11,3,27,0,0,1,1.0,0.0
9,3276,3,True,0,2025-02-27,2,0.0,0.1,0.12,3,27,0,0,1,1.4285714285714286,0.0
9,3286,3,True,0,2025-02-27,3,0.0,0.22,0.33,3,27,0,0,1,1.7142857142857142,0.0
9,3347,3,True,0,2025-02-27,1,0.0,0.1,0.13,3,27,0,0,1,2.142857142857143,0.0
9,3358,3,True,0,2025-02-27,1,0.0,0.17,0.22,3,27,0,0,1,2.142857142857143,0.0
9,3363,3,True,0,2025-02-27,1,0.0,0.18,0.23,3,27,0,0,1,1.7142857142857142,0.0
9,3369,3,True,0,2025-02-27,4,0.0,0.06,0.1,3,27,0,0,1,1.8571428571428572,0.0
9,3393,3,True,0,2025-02-27,1,0.0,0.07,0.1,3,27,0,0,1,2.142857142857143,0.0
9,3452,3,True,0,2025-02-27,2,0.0,0.14,0.13,3,27,0,0,1,1.8571428571428572,0.0
9,3495,3,True,0,2025-02-27,6,0.0,0.08,0.12,3,27,0,0,1,1.8571428571428572,0.0
9,3502,3,True,0,2025-02-27,1,0.0,0.08,0.1,3,27,0,0,1,2.2857142857142856,0.0
9,3523,3,True,0,2025-02-27,0,0.0,0.17,0.22,3,27,0,0,1,2.2857142857142856,0.0
9,3527,3,True,0,2025-02-27,1,0.0,0.15,0.2,3,27,0,0,1,2.142857142857143,0.0
9,3538,3,True,0,2025-02-27,2,0.0,0.02,0.04,3,27,0,0,1,2.142857142857143,0.0
9,3546,3,True,0,2025-02-27,1,0.0,0.12,0.17,3,27,0,0,1,1.8571428571428572,0.0
9,3549,3,True,0,2025-02-27,2,0.0,0.15,0.19,3,27,0,0,1,1.8571428571428572,0.0
9,3560,3,True,0,2025-02-27,1,0.0,0.2,0.21,3,27,0,0,1,1.8571428571428572,0.0
9,3589,3,True,0,2025-02-27,4,0.0,0.09,0.12,3,27,0,0,1,1.1428571428571428,0.0
9,3609,3,True,0,2025-02-27,1,0.0,0.04,0.05,3,27,0,0,1,1.5714285714285714,0.0
9,3641,3,True,0,2025-02-27,2,0.0,0.07,0.09,3,27,0,0,1,1.7142857142857142,0.0
9,3642,3,True,0,2025-02-27,2,0.0,0.42,0.54,3,27,0,0,1,1.8571428571428572,0.0
9,3653,3,True,0,2025-02-27,1,0.0,0.25,0.35,3,27,0,0,1,1.8571428571428572,0.0
9,3701,3,True,0,2025-02-27,3,0.0,0.23,0.24,3,27,0,0,1,1.8571428571428572,0.0
9,3708,3,True,0,2025-02-27,1,0.0,0.02,0.03,3,27,0,0,1,2.0,0.0
9,3726,3,True,0,2025-02-27,2,0.0,0.1,0.13,3,27,0,0,1,2.0,0.0
9,3746,3,True,0,2025-02-27,2,0.0,0.06,0.08,3,27,0,0,1,1.7142857142857142,0.0
9,3749,3,True,0,2025-02-27,1,0.0,0.08,0.11,3,27,0,0,1,1.8571428571428572,0.0
9,3769,3,True,0,2025-02-27,1,0.0,0.27,0.29,3,27,0,0,1,1.7142857142857142,0.0
9,3798,3,True,0,2025-02-27,2,0.0,0.04,0.05,3,27,0,0,1,1.5714285714285714,0.0
9,3803,3,True,0,2025-02-27,0,1.0,0.14,0.17,3,27,0,0,1,1.7142857142857142,0.0
9,3834,3,True,0,2025-02-27,1,0.0,0.04,0.06,3,27,0,0,1,1.2857142857142858,0.0
9,3839,3,True,0,2025-02-27,1,0.0,0.05,0.09,3,27,0,0,1,1.2857142857142858,0.0
9,3852,3,True,0,2025-02-27,1,0.0,0.24,0.27,3,27,0,0,1,1.1428571428571428,0.0
9,3864,3,True,0,2025-02-27,0,0.0,0.06,0.07,3,27,0,0,1,1.0,0.0
9,3877,3,True,0,2025-02-27,18,0.0,0.01,0.02,3,27,0,0,1,0.8571428571428571,0.0
9,3891,3,True,0,2025-02-27,1,0.0,0.17,0.17,3,27,0,0,1,3.2857142857142856,0.0
9,3893,3,True,0,2025-02-27,1,0.0,0.08,0.09,3,27,0,0,1,3.142857142857143,0.0
9,3909,3,True,0,2025-02-27,1,0.0,0.08,0.12,3,27,0,0,1,3.2857142857142856,0.0
9,3911,3,True,0,2025-02-27,2,0.0,0.08,0.09,3,27,0,0,1,3.2857142857142856,0.0
9,3915,3,True,0,2025-02-27,1,0.0,0.1,0.13,3,27,0,0,1,3.4285714285714284,0.0
9,3922,3,True,0,2025-02-27,1,0.0,0.03,0.04,3,27,0,0,1,3.4285714285714284,0.0
9,3934,3,True,0,2025-02-27,1,0.0,0.38,0.39,3,27,0,0,1,3.5714285714285716,0.0
9,3951,3,True,0,2025-02-27,2,0.0,0.39,0.33,3,27,0,0,1,1.1428571428571428,0.0
9,3982,3,True,0,2025-02-27,2,0.0,0.17,0.2,3,27,0,0,1,1.2857142857142858,0.0
9,4002,3,True,0,2025-02-27,3,0.0,0.05,0.06,3,27,0,0,1,1.4285714285714286,0.0
9,4011,3,True,0,2025-02-27,1,0.0,0.07,0.11,3,27,0,0,1,1.7142857142857142,0.0
9,4033,3,True,0,2025-02-27,1,0.0,0.11,0.15,3,27,0,0,1,1.5714285714285714,0.0
9,4041,3,True,0,2025-02-27,1,0.0,0.04,0.06,3,27,0,0,1,1.5714285714285714,0.0
9,4062,3,True,0,2025-02-27,1,0.0,0.12,0.14,3,27,0,0,1,1.5714285714285714,0.0
9,4097,3,True,0,2025-02-27,10,0.0,0.03,0.05,3,27,0,0,1,1.5714285714285714,0.0
9,4119,3,True,0,2025-02-27,0,1.0,0.16,0.19,3,27,0,0,1,2.7142857142857144,0.0
9,4120,3,True,0,2025-02-27,1,0.0,0.16,0.19,3,27,0,0,1,2.4285714285714284,0.0
9,4167,3,True,0,2025-02-27,3,0.0,0.33,0.37,3,27,0,0,1,2.142857142857143,0.0
9,4179,3,True,0,2025-02-27,0,0.0,0.12,0.13,3,27,0,0,1,2.4285714285714284,0.0
9,4191,3,True,0,2025-02-27,0,0.0,0.12,0.12,3,27,0,0,1,2.2857142857142856,0.0
9,4192,3,True,0,2025-02-27,0,0.0,0.18,0.18,3,27,0,0,1,2.142857142857143,0.0
9,4203,3,True,0,2025-02-27,1,0.0,0.04,0.05,3,27,0,0,1,2.0,0.0
9,4207,3,True,0,2025-02-27,0,0.0,0.11,0.14,3,27,0,0,1,0.7142857142857143,0.0
9,4210,3,True,0,2025-02-27,1,0.0,0.28,0.33,3,27,0,0,1,0.7142857142857143,0.0
9,4230,3,True,0,2025-02-27,1,0.0,0.13,0.18,3,27,0,0,1,0.7142857142857143,0.0
9,4239,3,True,0,2025-02-27,1,0.0,0.05,0.11,3,27,0,0,1,0.42857142857142855,0.0
9,4242,3,True,0,2025-02-27,1,0.0,0.32,0.39,3,27,0,0,1,0.5714285714285714,0.0
9,4246,3,True,0,2025-02-27,3,0.0,0.26,0.33,3,27,0,0,1,0.7142857142857143,0.0
9,4248,3,True,0,2025-02-27,1,0.0,0.24,0.27,3,27,0,0,1,1.1428571428571428,0.0
9,4260,3,True,0,2025-02-27,1,0.0,0.06,0.07,3,27,0,0,1,1.1428571428571428,0.0
9,4269,3,True,0,2025-02-27,1,0.0,0.08,0.11,3,27,0,0,1,1.2857142857142858,0.0
9,4277,3,True,0,2025-02-27,0,0.0,0.04,0.05,3,27,0,0,1,1.2857142857142858,0.0
9,4302,3,True,0,2025-02-27,2,0.0,0.57,0.54,3,27,0,0,1,1.1428571428571428,0.0
9,4315,3,True,0,2025-02-27,1,0.0,0.12,0.15,3,27,0,0,1,1.2857142857142858,0.0
9,4339,3,True,0,2025-02-27,1,0.0,0.23,0.25,3,27,0,0,1,1.2857142857142858,0.0
9,4357,3,True,0,2025-02-27,2,0.0,0.07,0.09,3,27,0,0,1,1.0,0.0
9,4369,3,True,0,2025-02-27,1,0.0,0.38,0.44,3,27,0,0,1,1.1428571428571428,0.0
9,4381,3,True,0,2025-02-27,1,0.0,0.14,0.2,3,27,0,0,1,1.1428571428571428,0.0
9,4397,3,True,0,2025-02-27,2,0.0,0.09,0.14,3,27,0,0,1,1.1428571428571428,0.0
9,4409,3,True,0,2025-02-27,2,0.0,0.09,0.12,3,27,0,0,1,1.4285714285714286,0.0
9,4469,3,True,0,2025-02-27,1,0.0,0.26,0.31,3,27,0,0,1,1.4285714285714286,0.0
9,4475,3,True,0,2025-02-27,2,0.0,0.06,0.07,3,27,0,0,1,1.4285714285714286,0.0
9,4517,3,True,0,2025-02-27,1,0.0,0.29,0.31,3,27,0,0,1,1.5714285714285714,0.0
9,4521,3,True,0,2025-02-27,1,0.0,0.22,0.23,3,27,0,0,1,1.4285714285714286,0.0
9,4524,3,True,0,2025-02-27,2,0.0,0.17,0.18,3,27,0,0,1,1.4285714285714286,0.0
9,4527,3,True,0,2025-02-27,2,0.0,0.1,0.11,3,27,0,0,1,1.5714285714285714,0.0
9,4539,3,True,0,2025-02-27,33,0.0,0.01,0.01,3,27,0,0,1,1.5714285714285714,0.0
9,4540,3,True,0,2025-02-27,1,0.0,0.04,0.05,3,27,0,0,1,6.0,0.0
9,4546,3,True,0,2025-02-27,1,0.0,0.1,0.11,3,27,0,0,1,6.0,0.0
9,4563,3,True,0,2025-02-27,0,0.0,0.15,0.2,3,27,0,0,1,5.857142857142857,0.0
9,4572,3,True,0,2025-02-27,2,0.0,0.09,0.1,3,27,0,0,1,5.714285714285714,0.0
9,4582,3,True,0,2025-02-27,1,0.0,0.4,0.54,3,27,0,0,1,5.857142857142857,0.0
9,4640,3,True,0,2025-02-27,1,0.0,0.25,0.27,3,27,0,0,1,5.714285714285714,0.0
9,4675,3,True,0,2025-02-27,1,0.0,0.1,0.16,3,27,0,0,1,5.571428571428571,0.0
9,4683,3,True,0,2025-02-27,1,0.0,0.03,0.05,3,27,0,0,1,1.0,0.0
9,4689,3,True,0,2025-02-27,1,0.0,0.11,0.14,3,27,0,0,1,1.0,0.0
9,4699,3,True,0,2025-02-27,2,0.0,0.07,0.1,3,27,0,0,1,1.0,0.0
9,4704,3,True,0,2025-02-27,1,0.0,0.24,0.29,3,27,0,0,1,1.2857142857142858,0.0
9,4725,3,True,0,2025-02-27,1,0.0,0.09,0.11,3,27,0,0,1,1.1428571428571428,0.0
9,4744,3,True,0,2025-02-27,0,0.0,0.04,0.05,3,27,0,0,1,1.1428571428571428,0.0
9,4757,3,True,0,2025-02-27,0,1.0,0.16,0.19,3,27,0,0,1,1.0,0.0
9,4765,3,True,0,2025-02-27,1,0.0,0.12,0.17,3,27,0,0,1,0.8571428571428571,0.0
9,4769,3,True,0,2025-02-27,1,0.0,0.5,0.69,3,27,0,0,1,0.8571428571428571,0.0
9,4782,3,True,0,2025-02-27,5,0.0,0.14,0.17,3,27,0,0,1,0.8571428571428571,0.0
9,4783,3,True,0,2025-02-27,0,1.0,0.27,0.37,3,27,0,0,1,1.2857142857142858,0.0
9,4790,3,True,0,2025-02-27,3,0.0,0.09,0.13,3,27,0,0,1,1.1428571428571428,0.0
9,4794,3,True,0,2025-02-27,0,0.0,0.06,0.07,3,27,0,0,1,1.4285714285714286,0.0
9,4802,3,True,0,2025-02-27,1,0.0,0.16,0.2,3,27,0,0,1,1.4285714285714286,0.0
9,4803,3,True,0,2025-02-27,1,0.0,0.66,0.81,3,27,0,0,1,1.5714285714285714,0.0
9,4816,3,True,0,2025-02-27,1,0.0,0.11,0.13,3,27,0,0,1,1.5714285714285714,0.0
9,4820,3,True,0,2025-02-27,0,0.0,0.06,0.08,3,27,0,0,1,1.5714285714285714,0.0
9,4833,3,True,0,2025-02-27,1,0.0,0.22,0.25,3,27,0,0,1,0.8571428571428571,0.0
9,4848,3,True,0,2025-02-27,1,0.0,0.07,0.08,3,27,0,0,1,1.0,0.0
9,4852,3,True,0,2025-02-27,3,0.0,0.2,0.24,3,27,0,0,1,0.7142857142857143,0.0
9,4859,3,True,0,2025-02-27,1,0.0,0.05,0.05,3,27,0,0,1,1.1428571428571428,0.0
9,4870,3,True,0,2025-02-27,2,0.0,0.1,0.12,3,27,0,0,1,1.1428571428571428,0.0
9,4878,3,True,0,2025-02-27,1,0.0,0.1,0.13,3,27,0,0,1,1.2857142857142858,0.0
9,4883,3,True,0,2025-02-27,3,0.0,0.12,0.14,3,27,0,0,1,1.2857142857142858,0.0
9,4885,3,True,0,2025-02-27,1,0.0,0.06,0.09,3,27,0,0,1,1.7142857142857142,0.0
9,4886,3,True,0,2025-02-27,2,0.0,0.16,0.2,3,27,0,0,1,1.7142857142857142,0.0
9,4888,3,True,0,2025-02-27,2,0.0,0.17,0.19,3,27,0,0,1,1.8571428571428572,0.0
9,4908,3,True,0,2025-02-27,3,0.0,0.16,0.19,3,27,0,0,1,1.7142857142857142,0.0
9,4934,3,True,0,2025-02-27,2,0.0,0.07,0.09,3,27,0,0,1,2.0,0.0
9,4938,3,True,0,2025-02-27,5,0.0,0.54,0.59,3,27,0,0,1,2.0,0.0
9,4948,3,True,0,2025-02-27,1,0.0,0.12,0.15,3,27,0,0,1,2.5714285714285716,0.0
9,4957,3,True,0,2025-02-27,0,0.0,0.11,0.14,3,27,0,0,1,2.2857142857142856,0.0
9,4971,3,True,0,2025-02-27,1,0.0,0.29,0.31,3,27,0,0,1,2.142857142857143,0.0
9,4976,3,True,0,2025-02-27,1,0.0,0.04,0.05,3,27,0,0,1,2.0,0.0
9,4981,3,True,0,2025-02-27,1,0.0,0.15,0.2,3,27,0,0,1,1.8571428571428572,0.0
9,4984,3,True,0,2025-02-27,1,0.0,0.06,0.06,3,27,0,0,1,1.5714285714285714,0.0
9,4986,3,True,0,2025-02-27,1,0.0,0.05,0.04,3,27,0,0,1,1.4285714285714286,0.0
9,5004,3,True,0,2025-02-27,2,0.0,0.05,0.06,3,27,0,0,1,0.8571428571428571,0.0
9,5024,3,True,0,2025-02-27,3,0.0,0.1,0.13,3,27,0,0,1,1.0,0.0
9,5074,3,True,0,2025-02-27,1,0.0,0.23,0.23,3,27,0,0,1,1.4285714285714286,0.0
9,5094,3,True,0,2025-02-27,3,0.0,0.05,0.07,3,27,0,0,1,1.4285714285714286,0.0
9,5095,3,True,0,2025-02-27,1,0.0,0.03,0.04,3,27,0,0,1,1.7142857142857142,0.0
9,5101,3,True,0,2025-02-27,1,0.0,0.01,0.02,3,27,0,0,1,1.7142857142857142,0.0
9,5105,3,True,0,2025-02-27,3,0.0,0.15,0.19,3,27,0,0,1,1.7142857142857142,0.0
9,5119,3,True,0,2025-02-27,1,0.0,0.06,0.08,3,27,0,0,1,2.0,0.0
9,5125,3,True,0,2025-02-27,3,0.0,0.06,0.08,3,27,0,0,1,1.8571428571428572,0.0
9,5139,3,True,0,2025-02-27,1,0.0,0.2,0.29,3,27,0,0,1,1.8571428571428572,0.0
9,5209,3,True,0,2025-02-27,0,0.0,0.35,0.37,3,27,0,0,1,1.8571428571428572,0.0
9,5221,3,True,0,2025-02-27,2,0.0,0.05,0.06,3,27,0,0,1,1.4285714285714286,0.0
9,5261,3,True,0,2025-02-27,1,0.0,0.15,0.2,3,27,0,0,1,1.5714285714285714,0.0
9,5262,3,True,0,2025-02-27,1,0.0,0.04,0.06,3,27,0,0,1,1.5714285714285714,0.0
9,5280,3,True,0,2025-02-27,1,0.0,0.09,0.12,3,27,0,0,1,1.2857142857142858,0.0
9,5281,3,True,0,2025-02-27,1,0.0,0.27,0.35,3,27,0,0,1,1.2857142857142858,0.0
9,17,4,False,0,2025-02-27,3,0.0,0.06,0.08,3,27,0,0,1,1.0,0.0
9,26,4,False,0,2025-02-27,3,0.0,0.04,0.06,3,27,0,0,1,1.2857142857142858,0.0
9,38,4,False,0,2025-02-27,1,0.0,0.12,0.17,3,27,0,0,1,1.7142857142857142,0.0
9,64,4,False,0,2025-02-27,3,0.0,0.01,0.02,3,27,0,0,1,1.5714285714285714,0.0
9,88,4,False,0,2025-02-27,0,0.0,0.02,0.03,3,27,0,0,1,1.8571428571428572,0.0
9,99,4,False,0,2025-02-27,2,0.0,0.02,0.03,3,27,0,0,1,1.7142857142857142,0.0
9,100,4,False,0,2025-02-27,2,0.0,0.04,0.05,3,27,0,0,1,1.8571428571428572,0.0
9,145,4,False,0,2025-02-27,1,0.0,0.06,0.07,3,27,0,0,1,2.0,0.0
9,168,4,False,0,2025-02-27,0,0.0,0.04,0.06,3,27,0,0,1,1.7142857142857142,0.0
9,175,4,False,0,2025-02-27,2,0.0,0.03,0.06,3,27,0,0,1,1.2857142857142858,0.0
9,178,4,False,0,2025-02-27,0,0.0,0.0,0.0,3,27,0,0,1,1.4285714285714286,0.0
9,182,4,False,0,2025-02-27,0,0.0,0.03,0.05,3,27,0,0,1,1.0,0.0
9,185,4,False,0,2025-02-27,4,0.0,0.02,0.03,3,27,0,0,1,1.0,0.0
9,205,4,False,0,2025-02-27,1,0.0,0.1,0.13,3,27,0,0,1,1.2857142857142858,0.0
9,235,4,False,0,2025-02-27,2,0.0,0.06,0.07,3,27,0,0,1,1.1428571428571428,0.0
9,255,4,False,0,2025-02-27,2,0.0,0.03,0.05,3,27,0,0,1,1.2857142857142858,0.0
9,272,4,False,0,2025-02-27,2,0.0,0.03,0.05,3,27,0,0,1,1.5714285714285714,0.0
9,290,4,False,0,2025-02-27,1,0.0,0.06,0.08,3,27,0,0,1,1.5714285714285714,0.0
9,292,4,False,0,2025-02-27,2,0.0,0.04,0.06,3,27,0,0,1,1.7142857142857142,0.0
9,306,4,False,0,2025-02-27,2,0.0,0.04,0.05,3,27,0,0,1,2.0,0.0
9,314,4,False,0,2025-02-27,2,0.0,0.03,0.03,3,27,0,0,1,1.7142857142857142,0.0
9,328,4,False,0,2025-02-27,2,1.0,0.07,0.09,3,27,0,0,1,1.8571428571428572,0.0
9,338,4,False,0,2025-02-27,3,0.0,0.05,0.07,3,27,0,0,1,1.8571428571428572,0.0
9,350,4,False,0,2025-02-27,4,0.0,0.03,0.05,3,27,0,0,1,2.0,0.0
9,362,4,False,0,2025-02-27,0,0.0,0.02,0.03,3,27,0,0,1,2.2857142857142856,0.0
9,370,4,False,0,2025-02-27,3,0.0,0.03,0.06,3,27,0,0,1,2.142857142857143,0.0
9,372,4,False,0,2025-02-27,0,0.0,0.02,0.04,3,27,0,0,1,2.2857142857142856,0.0
9,447,4,False,0,2025-02-27,2,0.0,0.06,0.07,3,27,0,0,1,2.0,0.0
9,464,4,False,0,2025-02-27,0,0.0,0.02,0.03,3,27,0,0,1,2.0,0.0
9,482,4,False,0,2025-02-27,2,0.0,0.02,0.04,3,27,0,0,1,1.7142857142857142,0.0
9,524,4,False,0,2025-02-27,3,0.0,0.02,0.03,3,27,0,0,1,1.5714285714285714,0.0
9,552,4,False,0,2025-02-27,2,0.0,0.07,0.1,3,27,0,0,1,1.4285714285714286,0.0
9,560,4,False,0,2025-02-27,4,0.0,0.02,0.03,3,27,0,0,1,1.7142857142857142,0.0
9,584,4,False,0,2025-02-27,0,0.0,0.05,0.08,3,27,0,0,1,1.8571428571428572,0.0
9,595,4,False,0,2025-02-27,2,0.0,0.07,0.1,3,27,0,0,1,1.8571428571428572,0.0
9,613,4,False,0,2025-02-27,2,0.0,0.02,0.04,3,27,0,0,1,1.8571428571428572,0.0
9,621,4,False,0,2025-02-27,1,0.0,0.05,0.08,3,27,0,0,1,2.142857142857143,0.0
9,622,4,False,0,2025-02-27,3,0.0,0.02,0.04,3,27,0,0,1,2.0,0.0
9,676,4,False,0,2025-02-27,3,0.0,0.08,0.14,3,27,0,0,1,2.0,0.0
9,700,4,False,0,2025-02-27,3,0.0,0.03,0.05,3,27,0,0,1,2.142857142857143,0.0
9,723,4,False,0,2025-02-27,1,0.0,0.03,0.04,3,27,0,0,1,2.0,0.0
9,726,4,False,0,2025-02-27,2,0.0,0.04,0.06,3,27,0,0,1,2.142857142857143,0.0
9,731,4,False,0,2025-02-27,0,0.0,0.19,0.24,3,27,0,0,1,2.142857142857143,0.0
9,736,4,False,0,2025-02-27,2,0.0,0.04,0.06,3,27,0,0,1,1.8571428571428572,0.0
9,749,4,False,0,2025-02-27,2,0.0,0.08,0.08,3,27,0,0,1,2.0,0.0
9,761,4,False,0,2025-02-27,1,0.0,0.02,0.02,3,27,0,0,1,1.8571428571428572,0.0
9,824,4,False,0,2025-02-27,3,0.0,0.01,0.01,3,27,0,0,1,1.5714285714285714,0.0
9,826,4,False,0,2025-02-27,3,0.0,0.05,0.06,3,27,0,0,1,1.5714285714285714,0.0
9,845,4,False,0,2025-02-27,3,0.0,0.07,0.11,3,27,0,0,1,1.8571428571428572,0.0
9,849,4,False,0,2025-02-27,2,0.0,0.04,0.06,3,27,0,0,1,2.0,0.0
9,852,4,False,0,2025-02-27,0,0.0,0.02,0.03,3,27,0,0,1,2.2857142857142856,0.0
9,871,4,False,0,2025-02-27,1,0.0,0.05,0.08,3,27,0,0,1,2.0,0.0
9,880,4,False,0,2025-02-27,1,0.0,0.04,0.06,3,27,0,0,1,1.8571428571428572,0.0
9,892,4,False,0,2025-02-27,4,0.0,0.02,0.02,3,27,0,0,1,1.8571428571428572,0.0
9,953,4,False,0,2025-02-27,3,0.0,0.01,0.02,3,27,0,0,1,2.0,0.0
9,963,4,False,0,2025-02-27,2,0.0,0.05,0.06,3,27,0,0,1,2.0,0.0
9,989,4,False,0,2025-02-27,0,0.0,0.02,0.03,3,27,0,0,1,1.8571428571428572,0.0
9,1003,4,False,0,2025-02-27,4,0.0,0.02,0.03,3,27,0,0,1,1.5714285714285714,0.0
9,1009,4,False,0,2025-02-27,3,0.0,0.21,0.24,3,27,0,0,1,2.142857142857143,0.0
9,1013,4,False,0,2025-02-27,2,0.0,0.08,0.12,3,27,0,0,1,2.4285714285714284,0.0
9,1040,4,False,0,2025-02-27,3,0.0,0.03,0.03,3,27,0,0,1,2.5714285714285716,0.0
9,1041,4,False,0,2025-02-27,2,0.0,0.05,0.06,3,27,0,0,1,2.4285714285714284,0.0
9,1069,4,False,0,2025-02-27,1,0.0,0.07,0.09,3,27,0,0,1,2.2857142857142856,0.0
9,1077,4,False,0,2025-02-27,1,0.0,0.06,0.09,3,27,0,0,1,2.142857142857143,0.0
9,1090,4,False,0,2025-02-27,1,0.0,0.04,0.06,3,27,0,0,1,2.2857142857142856,0.0
9,1092,4,False,0,2025-02-27,3,0.0,0.02,0.03,3,27,0,0,1,1.8571428571428572,0.0
9,1111,4,False,0,2025-02-27,1,0.0,0.06,0.09,3,27,0,0,1,1.8571428571428572,0.0
9,1119,4,False,0,2025-02-27,3,0.0,0.04,0.09,3,27,0,0,1,1.7142857142857142,0.0
9,1123,4,False,0,2025-02-27,3,0.0,0.0,0.01,3,27,0,0,1,1.7142857142857142,0.0
9,1137,4,False,0,2025-02-27,2,0.0,0.03,0.04,3,27,0,0,1,1.8571428571428572,0.0
9,1182,4,False,0,2025-02-27,3,0.0,0.02,0.03,3,27,0,0,1,2.0,0.0
9,1183,4,False,0,2025-02-27,1,0.0,0.01,0.01,3,27,0,0,1,2.2857142857142856,0.0
9,1245,4,False,0,2025-02-27,1,0.0,0.04,0.06,3,27,0,0,1,2.2857142857142856,0.0
9,1248,4,False,0,2025-02-27,2,0.0,0.01,0.01,3,27,0,0,1,2.0,0.0
9,1257,4,False,0,2025-02-27,1,0.0,0.1,0.14,3,27,0,0,1,2.142857142857143,0.0
9,1268,4,False,0,2025-02-27,2,0.0,0.06,0.07,3,27,0,0,1,1.8571428571428572,0.0
9,1274,4,False,0,2025-02-27,2,0.0,0.09,0.15,3,27,0,0,1,1.7142857142857142,0.0
9,1316,4,False,0,2025-02-27,5,0.0,0.03,0.05,3,27,0,0,1,1.7142857142857142,0.0
9,1321,4,False,0,2025-02-27,3,1.0,0.03,0.04,3,27,0,0,1,2.0,0.0
9,1329,4,False,0,2025-02-27,1,0.0,0.01,0.01,3,27,0,0,1,2.2857142857142856,0.0
9,1369,4,False,0,2025-02-27,2,0.0,0.02,0.03,3,27,0,0,1,2.2857142857142856,0.0
9,1373,4,False,0,2025-02-27,3,0.0,0.05,0.06,3,27,0,0,1,2.2857142857142856,0.0
9,1394,4,False,0,2025-02-27,4,0.0,0.02,0.03,3,27,0,0,1,2.5714285714285716,0.0
9,1402,4,False,0,2025-02-27,2,1.0,0.03,0.05,3,27,0,0,1,2.857142857142857,0.0
9,1417,4,False,0,2025-02-27,2,0.0,0.06,0.08,3,27,0,0,1,2.857142857142857,0.0
9,1420,4,False,0,2025-02-27,0,0.0,0.04,0.05,3,27,0,0,1,2.4285714285714284,0.0
9,1428,4,False,0,2025-02-27,0,0.0,0.03,0.04,3,27,0,0,1,2.0,0.0
9,1436,4,False,0,2025-02-27,1,0.0,0.05,0.07,3,27,0,0,1,1.8571428571428572,0.0
9,1473,4,False,0,2025-02-27,2,0.0,0.06,0.06,3,27,0,0,1,1.7142857142857142,0.0
9,1481,4,False,0,2025-02-27,1,0.0,0.04,0.07,3,27,0,0,1,1.5714285714285714,0.0
9,1493,4,False,0,2025-02-27,1,0.0,0.06,0.07,3,27,0,0,1,1.1428571428571428,0.0
9,1497,4,False,0,2025-02-27,2,0.0,0.05,0.06,3,27,0,0,1,1.0,0.0
9,1506,4,False,0,2025-02-27,3,0.0,0.02,0.04,3,27,0,0,1,1.0,0.0
9,1519,4,False,0,2025-02-27,3,0.0,0.05,0.06,3,27,0,0,1,1.4285714285714286,0.0
9,1539,4,False,0,2025-02-27,5,0.0,0.02,0.03,3,27,0,0,1,1.8571428571428572,0.0
9,1546,4,False,0,2025-02-27,2,0.0,0.03,0.05,3,27,0,0,1,2.4285714285714284,0.0
9,1563,4,False,0,2025-02-27,1,0.0,0.04,0.05,3,27,0,0,1,2.4285714285714284,0.0
9,1570,4,False,0,2025-02-27,0,0.0,0.02,0.03,3,27,0,0,1,2.4285714285714284,0.0
9,1573,4,False,0,2025-02-27,2,0.0,0.07,0.11,3,27,0,0,1,2.2857142857142856,0.0
9,1574,4,False,0,2025-02-27,2,0.0,0.07,0.09,3,27,0,0,1,2.2857142857142856,0.0
9,1594,4,False,0,2025-02-27,2,0.0,0.02,0.03,3,27,0,0,1,2.142857142857143,0.0
9,1626,4,False,0,2025-02-27,5,0.0,0.06,0.07,3,27,0,0,1,2.0,0.0
9,1644,4,False,0,2025-02-27,2,0.0,0.07,0.1,3,27,0,0,1,2.0,0.0
9,1652,4,False,0,2025-02-27,1,0.0,0.05,0.07,3,27,0,0,1,2.0,0.0
9,1673,4,False,0,2025-02-27,2,0.0,0.06,0.08,3,27,0,0,1,2.0,0.0
9,1675,4,False,0,2025-02-27,2,0.0,0.05,0.06,3,27,0,0,1,2.2857142857142856,0.0
9,1686,4,False,0,2025-02-27,1,0.0,0.07,0.1,3,27,0,0,1,2.2857142857142856,0.0
9,1706,4,False,0,2025-02-27,2,0.0,0.01,0.03,3,27,0,0,1,2.142857142857143,0.0
9,1716,4,False,0,2025-02-27,2,0.0,0.03,0.03,3,27,0,0,1,2.142857142857143,0.0
9,1732,4,False,0,2025-02-27,1,0.0,0.08,0.08,3,27,0,0,1,1.7142857142857142,0.0
9,1738,4,False,0,2025-02-27,1,0.0,0.02,0.04,3,27,0,0,1,1.5714285714285714,0.0
9,1745,4,False,0,2025-02-27,1,0.0,0.05,0.08,3,27,0,0,1,1.5714285714285714,0.0
9,1759,4,False,0,2025-02-27,1,0.0,0.03,0.04,3,27,0,0,1,1.4285714285714286,0.0
9,1776,4,False,0,2025-02-27,1,0.0,0.14,0.15,3,27,0,0,1,1.2857142857142858,0.0
9,1826,4,False,0,2025-02-27,3,0.0,0.07,0.08,3,27,0,0,1,1.2857142857142858,0.0
9,1830,4,False,0,2025-02-27,1,0.0,0.15,0.21,3,27,0,0,1,1.4285714285714286,0.0
9,1863,4,False,0,2025-02-27,1,0.0,0.04,0.07,3,27,0,0,1,1.2857142857142858,0.0
9,1866,4,False,0,2025-02-27,0,0.0,0.02,0.02,3,27,0,0,1,1.2857142857142858,0.0
9,1922,4,False,0,2025-02-27,4,0.0,0.02,0.04,3,27,0,0,1,1.1428571428571428,0.0
9,1934,4,False,0,2025-02-27,2,0.0,0.02,0.04,3,27,0,0,1,1.5714285714285714,0.0
9,1975,4,False,0,2025-02-27,0,0.0,0.03,0.05,3,27,0,0,1,1.7142857142857142,0.0
9,1984,4,False,0,2025-02-27,2,0.0,0.06,0.08,3,27,0,0,1,1.5714285714285714,0.0
9,2005,4,False,0,2025-02-27,2,0.0,0.16,0.18,3,27,0,0,1,1.4285714285714286,0.0
9,2013,4,False,0,2025-02-27,5,0.0,0.03,0.03,3,27,0,0,1,1.5714285714285714,0.0
9,2025,4,False,0,2025-02-27,1,0.0,0.03,0.05,3,27,0,0,1,2.142857142857143,0.0
9,2028,4,False,0,2025-02-27,1,0.0,0.03,0.04,3,27,0,0,1,2.2857142857142856,0.0
9,2033,4,False,0,2025-02-27,1,0.0,0.11,0.15,3,27,0,0,1,1.8571428571428572,0.0
9,2035,4,False,0,2025-02-27,1,0.0,0.02,0.03,3,27,0,0,1,1.7142857142857142,0.0
9,2042,4,False,0,2025-02-27,3,0.0,0.03,0.06,3,27,0,0,1,1.8571428571428572,0.0
9,2051,4,False,0,2025-02-27,2,0.0,0.03,0.03,3,27,0,0,1,2.0,0.0
9,2061,4,False,0,2025-02-27,1,0.0,0.02,0.04,3,27,0,0,1,2.0,0.0
9,2069,4,False,0,2025-02-27,1,0.0,0.07,0.1,3,27,0,0,1,1.4285714285714286,0.0
9,2083,4,False,0,2025-02-27,2,0.0,0.06,0.09,3,27,0,0,1,1.4285714285714286,0.0
9,2088,4,False,0,2025-02-27,1,0.0,0.03,0.04,3,27,0,0,1,1.5714285714285714,0.0
9,2129,4,False,0,2025-02-27,2,0.0,0.03,0.03,3,27,0,0,1,1.5714285714285714,0.0
9,2144,4,False,0,2025-02-27,2,0.0,0.03,0.05,3,27,0,0,1,1.7142857142857142,0.0
9,2149,4,False,0,2025-02-27,1,0.0,0.04,0.06,3,27,0,0,1,1.5714285714285714,0.0
9,2167,4,False,0,2025-02-27,3,0.0,0.05,0.07,3,27,0,0,1,1.4285714285714286,0.0
9,2193,4,False,0,2025-02-27,2,0.0,0.08,0.1,3,27,0,0,1,1.7142857142857142,0.0
9,2230,4,False,0,2025-02-27,2,0.0,0.02,0.03,3,27,0,0,1,1.8571428571428572,0.0
9,2233,4,False,0,2025-02-27,1,0.0,0.06,0.09,3,27,0,0,1,1.8571428571428572,0.0
9,2238,4,False,0,2025-02-27,1,0.0,0.04,0.05,3,27,0,0,1,1.8571428571428572,0.0
9,2257,4,False,0,2025-02-27,0,0.0,0.04,0.06,3,27,0,0,1,1.7142857142857142,0.0
9,2279,4,False,0,2025-02-27,3,0.0,0.11,0.15,3,27,0,0,1,1.4285714285714286,0.0
9,2283,4,False,0,2025-02-27,1,0.0,0.04,0.06,3,27,0,0,1,1.7142857142857142,0.0
9,2286,4,False,0,2025-02-27,1,0.0,0.11,0.15,3,27,0,0,1,1.4285714285714286,0.0
9,2306,4,False,0,2025-02-27,2,0.0,0.04,0.07,3,27,0,0,1,1.2857142857142858,0.0
9,2315,4,False,0,2025-02-27,2,0.0,0.06,0.1,3,27,0,0,1,1.2857142857142858,0.0
9,2392,4,False,0,2025-02-27,2,0.0,0.04,0.05,3,27,0,0,1,1.4285714285714286,0.0
9,2397,4,False,0,2025-02-27,3,0.0,0.02,0.03,3,27,0,0,1,1.5714285714285714,0.0
9,2398,4,False,0,2025-02-27,4,0.0,0.12,0.16,3,27,0,0,1,2.0,0.0
9,2438,4,False,0,2025-02-27,2,0.0,0.02,0.04,3,27,0,0,1,2.142857142857143,0.0
9,2443,4,False,0,2025-02-27,2,0.0,0.05,0.07,3,27,0,0,1,2.2857142857142856,0.0
9,2469,4,False,0,2025-02-27,2,0.0,0.07,0.09,3,27,0,0,1,2.4285714285714284,0.0
9,2473,4,False,0,2025-02-27,3,0.0,0.04,0.06,3,27,0,0,1,2.4285714285714284,0.0
9,2478,4,False,0,2025-02-27,2,0.0,0.02,0.03,3,27,0,0,1,2.5714285714285716,0.0
9,2487,4,False,0,2025-02-27,4,0.0,0.02,0.04,3,27,0,0,1,2.5714285714285716,0.0
9,2497,4,False,0,2025-02-27,2,0.0,0.03,0.04,3,27,0,0,1,2.7142857142857144,0.0
9,2506,4,False,0,2025-02-27,1,0.0,0.03,0.04,3,27,0,0,1,2.4285714285714284,0.0
9,2522,4,False,0,2025-02-27,1,0.0,0.11,0.17,3,27,0,0,1,2.2857142857142856,0.0
9,2567,4,False,0,2025-02-27,2,0.0,0.04,0.04,3,27,0,0,1,2.142857142857143,0.0
9,2581,4,False,0,2025-02-27,1,0.0,0.06,0.07,3,27,0,0,1,2.142857142857143,0.0
9,2624,4,False,0,2025-02-27,1,0.0,0.06,0.1,3,27,0,0,1,1.8571428571428572,0.0
9,2630,4,False,0,2025-02-27,2,0.0,0.03,0.03,3,27,0,0,1,1.7142857142857142,0.0
9,2631,4,False,0,2025-02-27,3,0.0,0.02,0.04,3,27,0,0,1,1.4285714285714286,0.0
9,2642,4,False,0,2025-02-27,3,0.0,0.03,0.05,3,27,0,0,1,1.5714285714285714,0.0
9,2658,4,False,0,2025-02-27,3,0.0,0.02,0.04,3,27,0,0,1,1.8571428571428572,0.0
9,2672,4,False,0,2025-02-27,2,1.0,0.02,0.03,3,27,0,0,1,2.142857142857143,0.0
9,2688,4,False,0,2025-02-27,3,0.0,0.03,0.04,3,27,0,0,1,2.142857142857143,0.0
9,2725,4,False,0,2025-02-27,1,0.0,0.08,0.14,3,27,0,0,1,2.4285714285714284,0.0
9,2744,4,False,0,2025-02-27,3,0.0,0.06,0.1,3,27,0,0,1,2.4285714285714284,0.0
9,2788,4,False,0,2025-02-27,3,0.0,0.02,0.03,3,27,0,0,1,2.5714285714285716,0.0
9,2801,4,False,0,2025-02-27,2,0.0,0.06,0.09,3,27,0,0,1,2.5714285714285716,0.0
9,2804,4,False,0,2025-02-27,2,0.0,0.06,0.07,3,27,0,0,1,2.4285714285714284,0.0
9,2818,4,False,0,2025-02-27,2,0.0,0.02,0.03,3,27,0,0,1,2.2857142857142856,0.0
9,2825,4,False,0,2025-02-27,1,0.0,0.18,0.24,3,27,0,0,1,2.2857142857142856,0.0
9,2830,4,False,0,2025-02-27,2,0.0,0.04,0.05,3,27,0,0,1,2.0,0.0
9,2832,4,False,0,2025-02-27,3,0.0,0.01,0.03,3,27,0,0,1,2.142857142857143,0.0
9,2838,4,False,0,2025-02-27,3,0.0,0.02,0.03,3,27,0,0,1,2.142857142857143,0.0
9,2844,4,False,0,2025-02-27,2,0.0,0.03,0.05,3,27,0,0,1,2.142857142857143,0.0
9,2860,4,False,0,2025-02-27,2,0.0,0.07,0.1,3,27,0,0,1,2.142857142857143,0.0
9,2870,4,False,0,2025-02-27,2,0.0,0.06,0.08,3,27,0,0,1,2.142857142857143,0.0
9,2871,4,False,0,2025-02-27,2,0.0,0.04,0.05,3,27,0,0,1,2.142857142857143,0.0
9,2892,4,False,0,2025-02-27,1,0.0,0.1,0.13,3,27,0,0,1,2.2857142857142856,0.0
9,2894,4,False,0,2025-02-27,0,0.0,0.04,0.07,3,27,0,0,1,2.142857142857143,0.0
9,2957,4,False,0,2025-02-27,2,0.0,0.02,0.04,3,27,0,0,1,1.7142857142857142,0.0
9,2961,4,False,0,2025-02-27,3,0.0,0.05,0.06,3,27,0,0,1,1.5714285714285714,0.0
9,2963,4,False,0,2025-02-27,1,0.0,0.06,0.08,3,27,0,0,1,1.7142857142857142,0.0
9,2970,4,False,0,2025-02-27,1,0.0,0.03,0.05,3,27,0,0,1,1.5714285714285714,0.0
9,2979,4,False,0,2025-02-27,2,0.0,0.06,0.07,3,27,0,0,1,1.4285714285714286,0.0
9,2992,4,False,0,2025-02-27,1,0.0,0.05,0.08,3,27,0,0,1,1.4285714285714286,0.0
9,3000,4,False,0,2025-02-27,2,0.0,0.1,0.17,3,27,0,0,1,1.4285714285714286,0.0
9,3012,4,False,0,2025-02-27,2,0.0,0.02,0.03,3,27,0,0,1,1.7142857142857142,0.0
9,3044,4,False,0,2025-02-27,3,0.0,0.02,0.02,3,27,0,0,1,1.7142857142857142,0.0
9,3086,4,False,0,2025-02-27,2,0.0,0.04,0.07,3,27,0,0,1,1.7142857142857142,0.0
9,3145,4,False,0,2025-02-27,2,0.0,0.04,0.06,3,27,0,0,1,1.8571428571428572,0.0
9,3146,4,False,0,2025-02-27,3,0.0,0.01,0.01,3,27,0,0,1,2.0,0.0
9,3162,4,False,0,2025-02-27,4,0.0,0.01,0.02,3,27,0,0,1,2.142857142857143,0.0
9,3178,4,False,0,2025-02-27,1,0.0,0.12,0.19,3,27,0,0,1,2.5714285714285716,0.0
9,3185,4,False,0,2025-02-27,2,0.0,0.04,0.06,3,27,0,0,1,2.4285714285714284,0.0
9,3196,4,False,0,2025-02-27,3,0.0,0.02,0.03,3,27,0,0,1,2.4285714285714284,0.0
9,3209,4,False,0,2025-02-27,0,0.0,0.02,0.04,3,27,0,0,1,2.4285714285714284,0.0
9,3224,4,False,0,2025-02-27,3,0.0,0.04,0.07,3,27,0,0,1,2.142857142857143,0.0
9,3262,4,False,0,2025-02-27,2,0.0,0.09,0.13,3,27,0,0,1,2.2857142857142856,0.0
9,3267,4,False,0,2025-02-27,3,0.0,0.01,0.01,3,27,0,0,1,2.142857142857143,0.0
9,3293,4,False,0,2025-02-27,3,0.0,0.0,0.01,3,27,0,0,1,2.0,0.0
9,3312,4,False,0,2025-02-27,1,0.0,0.01,0.02,3,27,0,0,1,2.2857142857142856,0.0
9,3317,4,False,0,2025-02-27,3,0.0,0.01,0.02,3,27,0,0,1,2.142857142857143,0.0
9,3327,4,False,0,2025-02-27,3,0.0,0.01,0.02,3,27,0,0,1,2.142857142857143,0.0
9,3377,4,False,0,2025-02-27,2,0.0,0.02,0.04,3,27,0,0,1,2.5714285714285716,0.0
9,3420,4,False,0,2025-02-27,2,0.0,0.07,0.09,3,27,0,0,1,2.4285714285714284,0.0
9,3453,4,False,0,2025-02-27,1,0.0,0.02,0.04,3,27,0,0,1,2.4285714285714284,0.0
9,3455,4,False,0,2025-02-27,0,0.0,0.02,0.04,3,27,0,0,1,2.142857142857143,0.0
9,3465,4,False,0,2025-02-27,1,0.0,0.06,0.07,3,27,0,0,1,1.7142857142857142,0.0
9,3466,4,False,0,2025-02-27,2,0.0,0.03,0.03,3,27,0,0,1,1.7142857142857142,0.0
9,3472,4,False,0,2025-02-27,0,0.0,0.04,0.06,3,27,0,0,1,1.5714285714285714,0.0
9,3473,4,False,0,2025-02-27,2,0.0,0.01,0.03,3,27,0,0,1,1.1428571428571428,0.0
9,3493,4,False,0,2025-02-27,2,0.0,0.04,0.07,3,27,0,0,1,1.1428571428571428,0.0
9,3552,4,False,0,2025-02-27,1,0.0,0.03,0.05,3,27,0,0,1,1.1428571428571428,0.0
9,3562,4,False,0,2025-02-27,2,0.0,0.05,0.07,3,27,0,0,1,1.1428571428571428,0.0
9,3569,4,False,0,2025-02-27,3,0.0,0.03,0.06,3,27,0,0,1,1.4285714285714286,0.0
9,3577,4,False,0,2025-02-27,2,0.0,0.04,0.06,3,27,0,0,1,1.7142857142857142,0.0
9,3590,4,False,0,2025-02-27,1,0.0,0.02,0.03,3,27,0,0,1,1.7142857142857142,0.0
9,3620,4,False,0,2025-02-27,2,0.0,0.02,0.04,3,27,0,0,1,1.8571428571428572,0.0
9,3627,4,False,0,2025-02-27,0,0.0,0.06,0.09,3,27,0,0,1,1.8571428571428572,0.0
9,3628,4,False,0,2025-02-27,1,0.0,0.06,0.09,3,27,0,0,1,1.5714285714285714,0.0
9,3633,4,False,0,2025-02-27,3,0.0,0.07,0.1,3,27,0,0,1,1.5714285714285714,0.0
9,3645,4,False,0,2025-02-27,2,0.0,0.07,0.08,3,27,0,0,1,1.7142857142857142,0.0
9,3651,4,False,0,2025-02-27,1,0.0,0.04,0.05,3,27,0,0,1,1.5714285714285714,0.0
9,3692,4,False,0,2025-02-27,1,0.0,0.1,0.12,3,27,0,0,1,1.4285714285714286,0.0
9,3700,4,False,0,2025-02-27,2,0.0,0.02,0.03,3,27,0,0,1,1.4285714285714286,0.0
9,3721,4,False,0,2025-02-27,0,0.0,0.03,0.05,3,27,0,0,1,1.4285714285714286,0.0
9,3728,4,False,0,2025-02-27,2,0.0,0.03,0.05,3,27,0,0,1,1.4285714285714286,0.0
9,3753,4,False,0,2025-02-27,3,0.0,0.04,0.07,3,27,0,0,1,1.5714285714285714,0.0
9,3772,4,False,0,2025-02-27,3,0.0,0.03,0.05,3,27,0,0,1,1.5714285714285714,0.0
9,3818,4,False,0,2025-02-27,3,0.0,0.06,0.09,3,27,0,0,1,1.7142857142857142,0.0
9,3843,4,False,0,2025-02-27,1,0.0,0.02,0.03,3,27,0,0,1,2.0,0.0
9,3847,4,False,0,2025-02-27,2,0.0,0.01,0.03,3,27,0,0,1,2.0,0.0
9,3850,4,False,0,2025-02-27,3,0.0,0.07,0.12,3,27,0,0,1,2.0,0.0
9,3853,4,False,0,2025-02-27,0,0.0,0.1,0.15,3,27,0,0,1,2.4285714285714284,0.0
9,3879,4,False,0,2025-02-27,2,0.0,0.05,0.08,3,27,0,0,1,2.142857142857143,0.0
9,3888,4,False,0,2025-02-27,4,0.0,0.01,0.01,3,27,0,0,1,2.0,0.0
9,3903,4,False,0,2025-02-27,2,0.0,0.04,0.07,3,27,0,0,1,2.142857142857143,0.0
9,3906,4,False,0,2025-02-27,2,0.0,0.11,0.16,3,27,0,0,1,2.0,0.0
9,3939,4,False,0,2025-02-27,2,0.0,0.04,0.06,3,27,0,0,1,2.142857142857143,0.0
9,3968,4,False,0,2025-02-27,1,0.0,0.01,0.02,3,27,0,0,1,2.142857142857143,0.0
9,3971,4,False,0,2025-02-27,1,0.0,0.08,0.09,3,27,0,0,1,1.8571428571428572,0.0
9,3974,4,False,0,2025-02-27,1,0.0,0.09,0.13,3,27,0,0,1,2.0,0.0
9,3987,4,False,0,2025-02-27,1,0.0,0.03,0.05,3,27,0,0,1,1.8571428571428572,0.0
9,4019,4,False,0,2025-02-27,3,0.0,0.04,0.05,3,27,0,0,1,1.4285714285714286,0.0
9,4028,4,False,0,2025-02-27,2,0.0,0.02,0.03,3,27,0,0,1,1.5714285714285714,0.0
9,4071,4,False,0,2025-02-27,2,0.0,0.04,0.07,3,27,0,0,1,1.5714285714285714,0.0
9,4108,4,False,0,2025-02-27,2,0.0,0.02,0.03,3,27,0,0,1,1.5714285714285714,0.0
9,4133,4,False,0,2025-02-27,2,0.0,0.08,0.14,3,27,0,0,1,1.7142857142857142,0.0
9,4135,4,False,0,2025-02-27,1,0.0,0.03,0.04,3,27,0,0,1,1.8571428571428572,0.0
9,4170,4,False,0,2025-02-27,1,0.0,0.02,0.03,3,27,0,0,1,1.8571428571428572,0.0
9,4184,4,False,0,2025-02-27,1,0.0,0.06,0.09,3,27,0,0,1,1.8571428571428572,0.0
9,4186,4,False,0,2025-02-27,1,0.0,0.03,0.04,3,27,0,0,1,1.5714285714285714,0.0
9,4212,4,False,0,2025-02-27,0,0.0,0.06,0.08,3,27,0,0,1,1.4285714285714286,0.0
9,4243,4,False,0,2025-02-27,1,0.0,0.09,0.11,3,27,0,0,1,1.1428571428571428,0.0
9,4268,4,False,0,2025-02-27,2,0.0,0.02,0.03,3,27,0,0,1,1.0,0.0
9,4275,4,False,0,2025-02-27,0,0.0,0.01,0.02,3,27,0,0,1,1.0,0.0
9,4281,4,False,0,2025-02-27,0,0.0,0.02,0.04,3,27,0,0,1,0.8571428571428571,0.0
9,4293,4,False,0,2025-02-27,1,0.0,0.12,0.18,3,27,0,0,1,0.7142857142857143,0.0
9,4305,4,False,0,2025-02-27,1,0.0,0.07,0.1,3,27,0,0,1,0.7142857142857143,0.0
9,4335,4,False,0,2025-02-27,1,0.0,0.04,0.07,3,27,0,0,1,0.7142857142857143,0.0
9,4342,4,False,0,2025-02-27,0,0.0,0.02,0.04,3,27,0,0,1,0.8571428571428571,0.0
9,4372,4,False,0,2025-02-27,3,0.0,0.02,0.04,3,27,0,0,1,0.7142857142857143,0.0
9,4373,4,False,0,2025-02-27,0,0.0,0.07,0.09,3,27,0,0,1,0.8571428571428571,0.0
9,4392,4,False,0,2025-02-27,1,0.0,0.09,0.12,3,27,0,0,1,0.8571428571428571,0.0
9,4395,4,False,0,2025-02-27,3,0.0,0.05,0.08,3,27,0,0,1,1.0,0.0
9,4422,4,False,0,2025-02-27,2,0.0,0.01,0.02,3,27,0,0,1,1.2857142857142858,0.0
9,4438,4,False,0,2025-02-27,1,0.0,0.01,0.02,3,27,0,0,1,1.4285714285714286,0.0
9,4451,4,False,0,2025-02-27,2,0.0,0.04,0.06,3,27,0,0,1,1.4285714285714286,0.0
9,4456,4,False,0,2025-02-27,2,0.0,0.02,0.04,3,27,0,0,1,1.7142857142857142,0.0
9,4480,4,False,0,2025-02-27,1,0.0,0.06,0.1,3,27,0,0,1,1.5714285714285714,0.0
9,4520,4,False,0,2025-02-27,1,0.0,0.1,0.15,3,27,0,0,1,1.7142857142857142,0.0
9,4522,4,False,0,2025-02-27,1,0.0,0.02,0.04,3,27,0,0,1,1.7142857142857142,0.0
9,4550,4,False,0,2025-02-27,2,0.0,0.13,0.17,3,27,0,0,1,1.4285714285714286,0.0
9,4571,4,False,0,2025-02-27,2,0.0,0.03,0.06,3,27,0,0,1,1.4285714285714286,0.0
9,4577,4,False,0,2025-02-27,3,0.0,0.04,0.07,3,27,0,0,1,1.5714285714285714,0.0
9,4598,4,False,0,2025-02-27,3,0.0,0.07,0.08,3,27,0,0,1,1.7142857142857142,0.0
9,4621,4,False,0,2025-02-27,2,0.0,0.01,0.01,3,27,0,0,1,1.8571428571428572,0.0
9,4662,4,False,0,2025-02-27,2,0.0,0.02,0.04,3,27,0,0,1,2.0,0.0
9,4663,4,False,0,2025-02-27,2,0.0,0.04,0.07,3,27,0,0,1,2.142857142857143,0.0
9,4672,4,False,0,2025-02-27,2,0.0,0.03,0.04,3,27,0,0,1,2.2857142857142856,0.0
9,4715,4,False,0,2025-02-27,2,0.0,0.05,0.06,3,27,0,0,1,2.2857142857142856,0.0
9,4778,4,False,0,2025-02-27,2,0.0,0.04,0.07,3,27,0,0,1,2.2857142857142856,0.0
9,4785,4,False,0,2025-02-27,3,0.0,0.06,0.08,3,27,0,0,1,2.142857142857143,0.0
9,4806,4,False,0,2025-02-27,3,0.0,0.02,0.03,3,27,0,0,1,2.142857142857143,0.0
9,4808,4,False,0,2025-02-27,1,0.0,0.03,0.05,3,27,0,0,1,2.2857142857142856,0.0
9,4823,4,False,0,2025-02-27,3,0.0,0.01,0.01,3,27,0,0,1,2.142857142857143,0.0
9,4842,4,False,0,2025-02-27,1,0.0,0.03,0.05,3,27,0,0,1,2.2857142857142856,0.0
9,4851,4,False,0,2025-02-27,1,0.0,0.06,0.09,3,27,0,0,1,2.142857142857143,0.0
9,4855,4,False,0,2025-02-27,3,0.0,0.02,0.02,3,27,0,0,1,2.0,0.0
9,4895,4,False,0,2025-02-27,1,0.0,0.04,0.04,3,27,0,0,1,2.142857142857143,0.0
9,4928,4,False,0,2025-02-27,3,0.0,0.03,0.05,3,27,0,0,1,1.8571428571428572,0.0
9,4955,4,False,0,2025-02-27,2,0.0,0.03,0.05,3,27,0,0,1,1.8571428571428572,0.0
9,4958,4,False,0,2025-02-27,0,0.0,0.05,0.07,3,27,0,0,1,2.0,0.0
9,4967,4,False,0,2025-02-27,2,0.0,0.05,0.08,3,27,0,0,1,1.5714285714285714,0.0
9,4978,4,False,0,2025-02-27,1,0.0,0.04,0.06,3,27,0,0,1,1.7142857142857142,0.0
9,5005,4,False,0,2025-02-27,3,0.0,0.04,0.06,3,27,0,0,1,1.7142857142857142,0.0
9,5063,4,False,0,2025-02-27,3,0.0,0.01,0.01,3,27,0,0,1,1.7142857142857142,0.0
9,5088,4,False,0,2025-02-27,3,0.0,0.01,0.02,3,27,0,0,1,2.0,0.0
9,5113,4,False,0,2025-02-27,0,0.0,0.03,0.05,3,27,0,0,1,2.0,0.0
9,5146,4,False,0,2025-02-27,2,0.0,0.03,0.05,3,27,0,0,1,1.7142857142857142,0.0
9,5154,4,False,0,2025-02-27,0,0.0,0.04,0.06,3,27,0,0,1,2.0,0.0
9,5162,4,False,0,2025-02-27,1,0.0,0.09,0.11,3,27,0,0,1,1.7142857142857142,0.0
9,5186,4,False,0,2025-02-27,4,0.0,0.02,0.04,3,27,0,0,1,1.7142857142857142,0.0
9,5191,4,False,0,2025-02-27,2,0.0,0.02,0.04,3,27,0,0,1,1.8571428571428572,0.0
9,5202,4,False,0,2025-02-27,2,0.0,0.09,0.12,3,27,0,0,1,1.7142857142857142,0.0
9,5208,4,False,0,2025-02-27,1,0.0,0.02,0.03,3,27,0,0,1,1.5714285714285714,0.0
9,5228,4,False,0,2025-02-27,1,0.0,0.01,0.02,3,27,0,0,1,1.7142857142857142,0.0
9,5229,4,False,0,2025-02-27,2,0.0,0.03,0.05,3,27,0,0,1,1.5714285714285714,0.0
9,5263,4,False,0,2025-02-27,3,0.0,0.02,0.04,3,27,0,0,1,1.8571428571428572,0.0
9,5266,4,False,0,2025-02-27,2,0.0,0.06,0.1,3,27,0,0,1,2.142857142857143,0.0
9,5286,4,False,0,2025-02-27,1,0.0,0.05,0.08,3,27,0,0,1,1.8571428571428572,0.0
9,74,5,True,0,2025-02-27,1,0.0,0.02,0.04,3,27,0,0,1,1.7142857142857142,0.0
9,213,5,True,0,2025-02-27,1,0.0,0.01,0.03,3,27,0,0,1,1.5714285714285714,0.0
9,284,5,True,0,2025-02-27,4,0.0,0.05,0.08,3,27,0,0,1,1.5714285714285714,0.0
9,567,5,True,0,2025-02-27,1,0.0,0.01,0.04,3,27,0,0,1,2.0,0.0
9,783,5,True,0,2025-02-27,7,0.0,0.03,0.06,3,27,0,0,1,1.8571428571428572,0.0
9,821,5,True,0,2025-02-27,1,0.0,0.03,0.06,3,27,0,0,1,2.4285714285714284,0.0
9,873,5,True,0,2025-02-27,3,0.0,0.03,0.05,3,27,0,0,1,2.2857142857142856,0.0
9,929,5,True,0,2025-02-27,1,0.0,0.07,0.16,3,27,0,0,1,2.5714285714285716,0.0
9,1037,5,True,0,2025-02-27,4,0.0,0.01,0.02,3,27,0,0,1,2.5714285714285716,0.0
9,1163,5,True,0,2025-02-27,6,0.0,0.08,0.15,3,27,0,0,1,3.0,0.0
9,1247,5,True,0,2025-02-27,7,0.0,0.04,0.05,3,27,0,0,1,3.2857142857142856,0.0
9,1333,5,True,0,2025-02-27,2,0.0,0.02,0.03,3,27,0,0,1,4.142857142857143,0.0
9,1339,5,True,0,2025-02-27,1,0.0,0.02,0.04,3,27,0,0,1,3.4285714285714284,0.0
9,1427,5,True,0,2025-02-27,0,0.0,0.01,0.04,3,27,0,0,1,3.4285714285714284,0.0
9,1746,5,True,0,2025-02-27,1,0.0,0.02,0.07,3,27,0,0,1,3.0,0.0
9,1882,5,True,0,2025-02-27,5,0.0,0.17,0.49,3,27,0,0,1,3.0,0.0
9,2066,5,True,0,2025-02-27,1,0.0,0.1,0.15,3,27,0,0,1,3.142857142857143,0.0
9,2104,5,True,0,2025-02-27,2,0.0,0.03,0.04,3,27,0,0,1,2.4285714285714284,0.0
9,2120,5,True,0,2025-02-27,1,0.0,0.03,0.06,3,27,0,0,1,1.7142857142857142,0.0
9,2132,5,True,0,2025-02-27,3,0.0,0.01,0.04,3,27,0,0,1,1.5714285714285714,0.0
9,2141,5,True,0,2025-02-27,1,0.0,0.01,0.03,3,27,0,0,1,1.8571428571428572,0.0
9,2219,5,True,0,2025-02-27,4,0.0,0.11,0.24,3,27,0,0,1,2.0,0.0
9,2224,5,True,0,2025-02-27,2,0.0,0.03,0.08,3,27,0,0,1,2.4285714285714284,0.0
9,2325,5,True,0,2025-02-27,4,0.0,0.03,0.06,3,27,0,0,1,2.0,0.0
9,2418,5,True,0,2025-02-27,0,0.0,0.03,0.07,3,27,0,0,1,2.4285714285714284,0.0
9,2880,5,True,0,2025-02-27,1,0.0,0.02,0.03,3,27,0,0,1,2.142857142857143,0.0
9,3085,5,True,0,2025-02-27,4,0.0,0.02,0.04,3,27,0,0,1,2.142857142857143,0.0
9,3087,5,True,0,2025-02-27,2,0.0,0.04,0.09,3,27,0,0,1,2.2857142857142856,0.0
9,3164,5,True,0,2025-02-27,3,0.0,0.06,0.1,3,27,0,0,1,2.4285714285714284,0.0
9,3218,5,True,0,2025-02-27,3,0.0,0.02,0.07,3,27,0,0,1,2.2857142857142856,0.0
9,3229,5,True,0,2025-02-27,0,0.0,0.04,0.1,3,27,0,0,1,2.4285714285714284,0.0
9,3292,5,True,0,2025-02-27,5,0.0,0.03,0.05,3,27,0,0,1,1.8571428571428572,0.0
9,3330,5,True,0,2025-02-27,1,0.0,0.06,0.11,3,27,0,0,1,2.5714285714285716,0.0
9,3424,5,True,0,2025-02-27,1,0.0,0.01,0.02,3,27,0,0,1,2.5714285714285716,0.0
9,3439,5,True,0,2025-02-27,2,0.0,0.02,0.04,3,27,0,0,1,2.142857142857143,0.0
9,3463,5,True,0,2025-02-27,3,0.0,0.03,0.05,3,27,0,0,1,2.142857142857143,0.0
9,3558,5,True,0,2025-02-27,8,0.0,0.03,0.06,3,27,0,0,1,2.142857142857143,0.0
9,3624,5,True,0,2025-02-27,1,0.0,0.06,0.13,3,27,0,0,1,2.857142857142857,0.0
9,3807,5,True,0,2025-02-27,1,0.0,0.08,0.1,3,27,0,0,1,3.0,0.0
9,3984,5,True,0,2025-02-27,1,0.0,0.02,0.04,3,27,0,0,1,2.4285714285714284,0.0
9,3996,5,True,0,2025-02-27,4,1.0,0.03,0.07,3,27,0,0,1,2.4285714285714284,0.0
9,4036,5,True,0,2025-02-27,1,0.0,0.01,0.02,3,27,0,0,1,2.857142857142857,0.0
9,4081,5,True,0,2025-02-27,2,0.0,0.03,0.07,3,27,0,0,1,2.7142857142857144,0.0
9,4175,5,True,0,2025-02-27,7,0.0,0.03,0.06,3,27,0,0,1,2.5714285714285716,0.0
9,4544,5,True,0,2025-02-27,5,0.0,0.04,0.09,3,27,0,0,1,2.4285714285714284,0.0
9,4565,5,True,0,2025-02-27,3,0.0,0.01,0.04,3,27,0,0,1,3.0,0.0
9,4749,5,True,0,2025-02-27,3,0.0,0.01,0.02,3,27,0,0,1,3.2857142857142856,0.0
9,4789,5,True,0,2025-02-27,1,0.0,0.02,0.05,3,27,0,0,1,3.5714285714285716,0.0
9,4939,5,True,0,2025-02-27,3,0.0,0.02,0.06,3,27,0,0,1,3.142857142857143,0.0
9,4942,5,True,0,2025-02-27,1,0.0,0.07,0.11,3,27,0,0,1,3.4285714285714284,0.0
9,5006,5,True,0,2025-02-27,1,0.0,0.03,0.04,3,27,0,0,1,3.2857142857142856,0.0
9,5049,5,True,0,2025-02-27,1,0.0,0.02,0.05,3,27,0,0,1,2.4285714285714284,0.0
9,5098,5,True,0,2025-02-27,1,0.0,0.02,0.05,3,27,0,0,1,1.8571428571428572,0.0
9,5217,5,True,0,2025-02-27,2,0.0,0.02,0.04,3,27,0,0,1,1.5714285714285714,0.0
9,173,6,False,0,2025-02-27,1,0.0,0.09,0.14,3,27,0,0,1,1.4285714285714286,0.0
9,337,6,False,0,2025-02-27,1,0.0,0.12,0.04,3,27,0,0,1,1.4285714285714286,0.0
9,366,6,False,0,2025-02-27,0,0.0,0.08,0.1,3,27,0,0,1,1.1428571428571428,0.0
9,386,6,False,0,2025-02-27,0,0.0,0.17,0.24,3,27,0,0,1,1.0,0.0
9,449,6,False,0,2025-02-27,1,0.0,0.28,0.44,3,27,0,0,1,0.8571428571428571,0.0
9,594,6,False,0,2025-02-27,3,0.0,0.19,0.2,3,27,0,0,1,0.8571428571428571,0.0
9,820,6,False,0,2025-02-27,1,0.0,0.16,0.2,3,27,0,0,1,1.1428571428571428,0.0
9,988,6,False,0,2025-02-27,1,0.0,0.16,0.24,3,27,0,0,1,1.0,0.0
9,1031,6,False,0,2025-02-27,0,0.0,0.1,0.12,3,27,0,0,1,1.0,0.0
9,1124,6,False,0,2025-02-27,2,0.0,0.12,0.22,3,27,0,0,1,0.8571428571428571,0.0
9,1276,6,False,0,2025-02-27,1,0.0,0.13,0.17,3,27,0,0,1,1.1428571428571428,0.0
9,1340,6,False,0,2025-02-27,2,0.0,0.17,0.23,3,27,0,0,1,1.2857142857142858,0.0
9,1429,6,False,0,2025-02-27,1,0.0,0.08,0.11,3,27,0,0,1,1.4285714285714286,0.0
9,1534,6,False,0,2025-02-27,4,0.0,0.15,0.21,3,27,0,0,1,1.1428571428571428,0.0
9,1544,6,False,0,2025-02-27,2,0.0,0.08,0.1,3,27,0,0,1,1.5714285714285714,0.0
9,1611,6,False,0,2025-02-27,0,1.0,0.11,0.13,3,27,0,0,1,1.7142857142857142,0.0
9,1650,6,False,0,2025-02-27,1,0.0,0.24,0.28,3,27,0,0,1,1.7142857142857142,0.0
9,1702,6,False,0,2025-02-27,1,0.0,0.31,0.36,3,27,0,0,1,1.5714285714285714,0.0
9,1767,6,False,0,2025-02-27,1,0.0,0.12,0.17,3,27,0,0,1,1.5714285714285714,0.0
9,1807,6,False,0,2025-02-27,1,0.0,0.12,0.17,3,27,0,0,1,1.4285714285714286,0.0
9,1811,6,False,0,2025-02-27,0,0.0,0.04,0.06,3,27,0,0,1,1.4285714285714286,0.0
9,1828,6,False,0,2025-02-27,1,0.0,0.26,0.31,3,27,0,0,1,0.8571428571428571,0.0
9,1868,6,False,0,2025-02-27,1,0.0,0.12,0.13,3,27,0,0,1,0.7142857142857143,0.0
9,1901,6,False,0,2025-02-27,0,0.0,0.16,0.2,3,27,0,0,1,0.8571428571428571,0.0
9,2712,6,False,0,2025-02-27,1,0.0,0.12,0.13,3,27,0,0,1,0.7142857142857143,0.0
9,2912,6,False,0,2025-02-27,0,0.0,0.12,0.18,3,27,0,0,1,0.7142857142857143,0.0
9,3088,6,False,0,2025-02-27,2,0.0,0.06,0.08,3,27,0,0,1,0.5714285714285714,0.0
9,3187,6,False,0,2025-02-27,0,0.0,0.26,0.28,3,27,0,0,1,0.7142857142857143,0.0
9,3202,6,False,0,2025-02-27,0,0.0,0.14,0.21,3,27,0,0,1,0.7142857142857143,0.0
9,3604,6,False,0,2025-02-27,1,0.0,0.32,0.35,3,27,0,0,1,0.5714285714285714,0.0
9,3648,6,False,0,2025-02-27,1,0.0,0.2,0.24,3,27,0,0,1,0.5714285714285714,0.0
9,3687,6,False,0,2025-02-27,2,0.0,0.14,0.22,3,27,0,0,1,0.7142857142857143,0.0
9,3842,6,False,0,2025-02-27,2,0.0,0.39,0.49,3,27,0,0,1,0.8571428571428571,0.0
9,3902,6,False,0,2025-02-27,1,0.0,0.17,0.23,3,27,0,0,1,1.1428571428571428,0.0
9,3912,6,False,0,2025-02-27,1,0.0,0.06,0.07,3,27,0,0,1,1.0,0.0
9,4177,6,False,0,2025-02-27,0,0.0,0.06,0.08,3,27,0,0,1,1.1428571428571428,0.0
9,4234,6,False,0,2025-02-27,2,0.0,0.12,0.16,3,27,0,0,1,1.1428571428571428,0.0
9,4288,6,False,0,2025-02-27,1,0.0,0.13,0.18,3,27,0,0,1,1.2857142857142858,0.0
9,4376,6,False,0,2025-02-27,1,0.0,0.08,0.11,3,27,0,0,1,1.2857142857142858,0.0
9,4386,6,False,0,2025-02-27,1,0.0,0.09,0.14,3,27,0,0,1,1.1428571428571428,0.0
9,4468,6,False,0,2025-02-27,1,0.0,0.34,0.44,3,27,0,0,1,1.0,0.0
9,4892,6,False,0,2025-02-27,0,0.0,0.2,0.23,3,27,0,0,1,1.0,0.0
9,4899,6,False,0,2025-02-27,3,0.0,0.06,0.1,3,27,0,0,1,0.8571428571428571,0.0
9,4917,6,False,0,2025-02-27,8,0.0,0.15,0.22,3,27,0,0,1,1.2857142857142858,0.0
9,5150,6,False,0,2025-02-27,6,0.0,0.18,0.21,3,27,0,0,1,2.142857142857143,0.0
9,5253,6,False,0,2025-02-27,1,0.0,0.23,0.34,3,27,0,0,1,2.857142857142857,0.0
9,188,7,False,0,2025-02-27,1,0.0,0.03,0.04,3,27,0,0,1,2.857142857142857,0.0
9,348,7,False,0,2025-02-27,3,0.0,0.02,0.03,3,27,0,0,1,2.857142857142857,0.0
9,392,7,False,0,2025-02-27,1,0.0,0.01,0.01,3,27,0,0,1,3.142857142857143,0.0
9,503,7,False,0,2025-02-27,9,0.0,0.01,0.01,3,27,0,0,1,3.2857142857142856,0.0
9,680,7,False,0,2025-02-27,20,0.0,0.01,0.01,3,27,0,0,1,4.142857142857143,0.0
9,743,7,False,0,2025-02-27,4,0.0,0.02,0.04,3,27,0,0,1,5.857142857142857,0.0
9,840,7,False,0,2025-02-27,4,0.0,0.02,0.03,3,27,0,0,1,5.571428571428571,0.0
9,966,7,False,0,2025-02-27,2,0.0,0.03,0.04,3,27,0,0,1,6.0,0.0
9,1084,7,False,0,2025-02-27,1,0.0,0.01,0.01,3,27,0,0,1,6.142857142857143,0.0
9,1108,7,False,0,2025-02-27,1,0.0,0.05,0.09,3,27,0,0,1,5.857142857142857,0.0
9,1128,7,False,0,2025-02-27,0,0.0,0.02,0.02,3,27,0,0,1,5.857142857142857,0.0
9,1253,7,False,0,2025-02-27,1,0.0,0.01,0.02,3,27,0,0,1,4.571428571428571,0.0
9,1445,7,False,0,2025-02-27,4,0.0,0.04,0.05,3,27,0,0,1,1.8571428571428572,0.0
9,1488,7,False,0,2025-02-27,3,0.0,0.01,0.01,3,27,0,0,1,1.8571428571428572,0.0
9,1556,7,False,0,2025-02-27,3,0.0,0.02,0.03,3,27,0,0,1,1.7142857142857142,0.0
9,1591,7,False,0,2025-02-27,2,0.0,0.05,0.09,3,27,0,0,1,1.8571428571428572,0.0
9,1677,7,False,0,2025-02-27,1,0.0,0.02,0.04,3,27,0,0,1,2.0,0.0
9,1697,7,False,0,2025-02-27,1,0.0,0.05,0.09,3,27,0,0,1,2.0,0.0
9,1895,7,False,0,2025-02-27,1,0.0,0.02,0.02,3,27,0,0,1,2.142857142857143,0.0
9,1905,7,False,0,2025-02-27,3,0.0,0.02,0.02,3,27,0,0,1,2.142857142857143,0.0
9,1981,7,False,0,2025-02-27,1,0.0,0.01,0.01,3,27,0,0,1,2.0,0.0
9,2105,7,False,0,2025-02-27,1,0.0,0.02,0.03,3,27,0,0,1,1.7142857142857142,0.0
9,2182,7,False,0,2025-02-27,1,0.0,0.2,0.26,3,27,0,0,1,1.4285714285714286,0.0
9,2202,7,False,0,2025-02-27,4,0.0,0.11,0.14,3,27,0,0,1,1.2857142857142858,0.0
9,2232,7,False,0,2025-02-27,2,0.0,0.04,0.08,3,27,0,0,1,1.7142857142857142,0.0
9,2340,7,False,0,2025-02-27,2,0.0,0.02,0.02,3,27,0,0,1,1.8571428571428572,0.0
9,2380,7,False,0,2025-02-27,1,0.0,0.03,0.05,3,27,0,0,1,2.0,0.0
9,2439,7,False,0,2025-02-27,1,0.0,0.03,0.04,3,27,0,0,1,1.7142857142857142,0.0
9,2645,7,False,0,2025-02-27,5,0.0,0.03,0.04,3,27,0,0,1,1.7142857142857142,0.0
9,2792,7,False,0,2025-02-27,3,0.0,0.02,0.04,3,27,0,0,1,2.2857142857142856,0.0
9,2989,7,False,0,2025-02-27,0,0.0,0.0,0.0,3,27,0,0,1,2.5714285714285716,0.0
9,3025,7,False,0,2025-02-27,5,1.0,0.01,0.01,3,27,0,0,1,2.0,0.0
9,3078,7,False,0,2025-02-27,3,0.0,0.07,0.09,3,27,0,0,1,2.4285714285714284,0.0
9,3111,7,False,0,2025-02-27,1,0.0,0.03,0.04,3,27,0,0,1,2.5714285714285716,0.0
9,3125,7,False,0,2025-02-27,1,0.0,0.02,0.03,3,27,0,0,1,2.5714285714285716,0.0
9,4069,7,False,0,2025-02-27,1,0.0,0.02,0.02,3,27,0,0,1,2.5714285714285716,0.0
9,4233,7,False,0,2025-02-27,3,0.0,0.06,0.1,3,27,0,0,1,2.0,0.0
9,4424,7,False,0,2025-02-27,2,0.0,0.02,0.05,3,27,0,0,1,2.0,0.0
9,4454,7,False,0,2025-02-27,1,0.0,0.01,0.02,3,27,0,0,1,2.2857142857142856,0.0
9,4484,7,False,0,2025-02-27,20,0.0,0.02,0.05,3,27,0,0,1,1.7142857142857142,0.0
9,4599,7,False,0,2025-02-27,3,0.0,0.01,0.02,3,27,0,0,1,4.142857142857143,0.0
9,4624,7,False,0,2025-02-27,1,0.0,0.03,0.04,3,27,0,0,1,4.428571428571429,0.0
9,4763,7,False,0,2025-02-27,2,0.0,0.01,0.02,3,27,0,0,1,4.428571428571429,0.0
9,4788,7,False,0,2025-02-27,1,0.0,0.02,0.03,3,27,0,0,1,4.571428571428571,0.0
9,4841,7,False,0,2025-02-27,1,0.0,0.01,0.02,3,27,0,0,1,4.285714285714286,0.0
9,4910,7,False,0,2025-02-27,0,0.0,0.2,0.22,3,27,0,0,1,4.142857142857143,0.0
9,5031,7,False,0,2025-02-27,1,0.0,0.3,0.52,3,27,0,0,1,4.0,0.0
9,5141,7,False,0,2025-02-27,1,0.0,0.02,0.03,3,27,0,0,1,1.2857142857142858,0.0
9,55,8,False,0,2025-02-27,7,1.0,0.04,0.08,3,27,0,0,1,1.0,0.0
9,494,8,False,0,2025-02-27,14,0.0,0.01,0.03,3,27,0,0,1,1.8571428571428572,0.0
9,566,8,False,0,2025-02-27,29,0.0,0.01,0.01,3,27,0,0,1,3.5714285714285716,0.0
9,658,8,False,0,2025-02-27,3,0.0,0.1,0.15,3,27,0,0,1,7.571428571428571,0.0
9,675,8,False,0,2025-02-27,0,0.0,0.01,0.0,3,27,0,0,1,7.857142857142857,0.0
9,790,8,False,0,2025-02-27,3,0.0,0.01,0.02,3,27,0,0,1,7.857142857142857,0.0
9,868,8,False,0,2025-02-27,1,0.0,0.14,0.2,3,27,0,0,1,8.142857142857142,0.0
9,870,8,False,0,2025-02-27,3,0.0,0.01,0.01,3,27,0,0,1,8.142857142857142,0.0
9,1004,8,False,0,2025-02-27,9,0.0,0.02,0.06,3,27,0,0,1,7.571428571428571,0.0
9,1076,8,False,0,2025-02-27,11,0.0,0.01,0.02,3,27,0,0,1,6.857142857142857,0.0
9,1116,8,False,0,2025-02-27,12,0.0,0.02,0.02,3,27,0,0,1,4.285714285714286,0.0
9,1134,8,False,0,2025-02-27,12,0.0,0.0,0.01,3,27,0,0,1,5.571428571428571,0.0
9,1285,8,False,0,2025-02-27,4,0.0,0.03,0.05,3,27,0,0,1,7.285714285714286,0.0
9,1541,8,False,0,2025-02-27,5,0.0,0.02,0.04,3,27,0,0,1,7.428571428571429,0.0
9,1748,8,False,0,2025-02-27,8,0.0,0.03,0.04,3,27,0,0,1,8.0,0.0
9,1819,8,False,0,2025-02-27,8,0.0,0.01,0.02,3,27,0,0,1,8.714285714285714,0.0
9,1923,8,False,0,2025-02-27,2,0.0,0.01,0.02,3,27,0,0,1,8.571428571428571,0.0
9,1930,8,False,0,2025-02-27,2,0.0,0.03,0.06,3,27,0,0,1,7.285714285714286,0.0
9,2029,8,False,0,2025-02-27,2,0.0,0.04,0.07,3,27,0,0,1,5.857142857142857,0.0
9,2288,8,False,0,2025-02-27,16,0.0,0.01,0.02,3,27,0,0,1,4.428571428571429,0.0
9,3028,8,False,0,2025-02-27,3,0.0,0.01,0.02,3,27,0,0,1,6.142857142857143,0.0
9,3180,8,False,0,2025-02-27,12,0.0,0.01,0.03,3,27,0,0,1,5.857142857142857,0.0
9,3450,8,False,0,2025-02-27,15,0.0,0.02,0.03,3,27,0,0,1,6.428571428571429,0.0
9,3476,8,False,0,2025-02-27,2,0.0,0.07,0.11,3,27,0,0,1,7.428571428571429,0.0
9,3574,8,False,0,2025-02-27,5,1.0,0.02,0.03,3,27,0,0,1,7.428571428571429,0.0
9,3592,8,False,0,2025-02-27,5,0.0,0.02,0.04,3,27,0,0,1,7.857142857142857,0.0
9,3750,8,False,0,2025-02-27,11,0.0,0.01,0.02,3,27,0,0,1,8.285714285714286,0.0
9,3770,8,False,0,2025-02-27,15,0.0,0.01,0.02,3,27,0,0,1,7.571428571428571,0.0
9,3963,8,False,0,2025-02-27,5,1.0,0.01,0.01,3,27,0,0,1,9.285714285714286,0.0
9,4115,8,False,0,2025-02-27,4,0.0,0.02,0.04,3,27,0,0,1,8.285714285714286,0.0
9,4538,8,False,0,2025-02-27,11,0.0,0.02,0.02,3,27,0,0,1,6.714285714285714,0.0
9,4609,8,False,0,2025-02-27,6,0.0,0.05,0.08,3,27,0,0,1,8.0,0.0
9,4666,8,False,0,2025-02-27,15,0.0,0.01,0.02,3,27,0,0,1,8.142857142857142,0.0
9,4668,8,False,0,2025-02-27,3,0.0,0.01,0.02,3,27,0,0,1,9.571428571428571,0.0
9,4676,8,False,0,2025-02-27,14,0.0,0.01,0.01,3,27,0,0,1,8.428571428571429,0.0
9,4751,8,False,0,2025-02-27,1,0.0,0.02,0.03,3,27,0,0,1,8.285714285714286,0.0
9,4807,8,False,0,2025-02-27,8,0.0,0.01,0.01,3,27,0,0,1,7.714285714285714,0.0
9,4862,8,False,0,2025-02-27,2,0.0,0.18,0.31,3,27,0,0,1,8.285714285714286,0.0
9,5001,8,False,0,2025-02-27,15,0.0,0.01,0.03,3,27,0,0,1,7.0,0.0
9,5203,8,False,0,2025-02-27,9,0.0,0.01,0.03,3,27,0,0,1,8.285714285714286,0.0
9,3,9,True,0,2025-02-27,2,0.0,0.02,0.06,3,27,0,0,1,7.428571428571429,0.0
9,29,9,True,0,2025-02-27,5,0.0,0.05,0.06,3,27,0,0,1,7.285714285714286,0.0
9,67,9,True,0,2025-02-27,3,0.0,0.01,0.04,3,27,0,0,1,6.0,0.0
9,68,9,True,0,2025-02-27,1,0.0,0.02,0.05,3,27,0,0,1,6.285714285714286,0.0
9,75,9,True,0,2025-02-27,1,0.0,0.03,0.05,3,27,0,0,1,5.285714285714286,0.0
9,162,9,True,0,2025-02-27,2,0.0,0.03,0.07,3,27,0,0,1,5.142857142857143,0.0
9,176,9,True,0,2025-02-27,7,0.0,0.02,0.06,3,27,0,0,1,3.2857142857142856,0.0
9,266,9,True,0,2025-02-27,0,0.0,0.03,0.1,3,27,0,0,1,3.0,0.0
9,322,9,True,0,2025-02-27,4,0.0,0.05,0.06,3,27,0,0,1,2.7142857142857144,0.0
9,335,9,True,0,2025-02-27,3,0.0,0.02,0.06,3,27,0,0,1,2.5714285714285716,0.0
9,342,9,True,0,2025-02-27,1,0.0,0.02,0.09,3,27,0,0,1,2.5714285714285716,0.0
9,379,9,True,0,2025-02-27,1,0.0,0.06,0.08,3,27,0,0,1,2.5714285714285716,0.0
9,426,9,True,0,2025-02-27,4,0.0,0.05,0.1,3,27,0,0,1,2.5714285714285716,0.0
9,469,9,True,0,2025-02-27,2,0.0,0.02,0.03,3,27,0,0,1,2.857142857142857,0.0
9,487,9,True,0,2025-02-27,8,0.0,0.03,0.1,3,27,0,0,1,2.142857142857143,0.0
9,500,9,True,0,2025-02-27,7,0.0,0.01,0.04,3,27,0,0,1,3.2857142857142856,0.0
9,520,9,True,0,2025-02-27,1,0.0,0.04,0.1,3,27,0,0,1,3.7142857142857144,0.0
9,546,9,True,0,2025-02-27,1,0.0,0.02,0.03,3,27,0,0,1,3.4285714285714284,0.0
9,562,9,True,0,2025-02-27,3,0.0,0.03,0.04,3,27,0,0,1,3.4285714285714284,0.0
9,589,9,True,0,2025-02-27,6,0.0,0.03,0.04,3,27,0,0,1,3.7142857142857144,0.0
9,591,9,True,0,2025-02-27,2,0.0,0.04,0.1,3,27,0,0,1,4.0,0.0
9,654,9,True,0,2025-02-27,2,1.0,0.03,0.08,3,27,0,0,1,4.0,0.0
9,673,9,True,0,2025-02-27,1,0.0,0.02,0.04,3,27,0,0,1,3.142857142857143,0.0
9,687,9,True,0,2025-02-27,0,0.0,0.04,0.08,3,27,0,0,1,2.2857142857142856,0.0
9,698,9,True,0,2025-02-27,2,0.0,0.04,0.09,3,27,0,0,1,2.142857142857143,0.0
9,708,9,True,0,2025-02-27,1,0.0,0.04,0.08,3,27,0,0,1,2.2857142857142856,0.0
9,715,9,True,0,2025-02-27,2,0.0,0.02,0.04,3,27,0,0,1,2.0,0.0
9,738,9,True,0,2025-02-27,5,0.0,0.03,0.05,3,27,0,0,1,1.4285714285714286,0.0
9,856,9,True,0,2025-02-27,2,0.0,0.01,0.04,3,27,0,0,1,1.8571428571428572,0.0
9,884,9,True,0,2025-02-27,3,0.0,0.05,0.11,3,27,0,0,1,1.8571428571428572,0.0
9,893,9,True,0,2025-02-27,2,0.0,0.02,0.06,3,27,0,0,1,2.142857142857143,0.0
9,908,9,True,0,2025-02-27,6,0.0,0.05,0.09,3,27,0,0,1,2.4285714285714284,0.0
9,920,9,True,0,2025-02-27,1,0.0,0.04,0.05,3,27,0,0,1,3.0,0.0
9,942,9,True,0,2025-02-27,2,0.0,0.01,0.07,3,27,0,0,1,3.0,0.0
9,955,9,True,0,2025-02-27,2,0.0,0.06,0.13,3,27,0,0,1,3.0,0.0
9,957,9,True,0,2025-02-27,5,0.0,0.05,0.12,3,27,0,0,1,2.5714285714285716,0.0
9,977,9,True,0,2025-02-27,2,0.0,0.1,0.17,3,27,0,0,1,3.0,0.0
9,1016,9,True,0,2025-02-27,1,0.0,0.02,0.09,3,27,0,0,1,2.857142857142857,0.0
9,1039,9,True,0,2025-02-27,2,0.0,0.01,0.03,3,27,0,0,1,2.7142857142857144,0.0
9,1050,9,True,0,2025-02-27,6,0.0,0.07,0.07,3,27,0,0,1,2.142857142857143,0.0
9,1075,9,True,0,2025-02-27,1,0.0,0.03,0.05,3,27,0,0,1,2.857142857142857,0.0
9,1081,9,True,0,2025-02-27,9,0.0,0.02,0.19,3,27,0,0,1,2.7142857142857144,0.0
9,1157,9,True,0,2025-02-27,2,0.0,0.04,0.13,3,27,0,0,1,3.7142857142857144,0.0
9,1168,9,True,0,2025-02-27,4,0.0,0.09,0.17,3,27,0,0,1,3.2857142857142856,0.0
9,1241,9,True,0,2025-02-27,6,0.0,0.05,0.1,3,27,0,0,1,3.5714285714285716,0.0
9,1243,9,True,0,2025-02-27,9,0.0,0.04,0.07,3,27,0,0,1,4.285714285714286,0.0
9,1281,9,True,0,2025-02-27,4,0.0,0.02,0.03,3,27,0,0,1,5.285714285714286,0.0
9,1334,9,True,0,2025-02-27,2,0.0,0.02,0.05,3,27,0,0,1,5.0,0.0
9,1364,9,True,0,2025-02-27,2,0.0,0.03,0.13,3,27,0,0,1,5.142857142857143,0.0
9,1453,9,True,0,2025-02-27,1,0.0,0.04,0.06,3,27,0,0,1,4.142857142857143,0.0
9,1504,9,True,0,2025-02-27,5,0.0,0.1,0.17,3,27,0,0,1,4.0,0.0
9,1615,9,True,0,2025-02-27,3,0.0,0.02,0.04,3,27,0,0,1,4.142857142857143,0.0
9,1699,9,True,0,2025-02-27,6,1.0,0.04,0.09,3,27,0,0,1,3.7142857142857144,0.0
9,1701,9,True,0,2025-02-27,1,0.0,0.03,0.05,3,27,0,0,1,3.2857142857142856,0.0
9,1713,9,True,0,2025-02-27,2,0.0,0.01,0.02,3,27,0,0,1,2.857142857142857,0.0
9,1728,9,True,0,2025-02-27,1,0.0,0.02,0.09,3,27,0,0,1,2.857142857142857,0.0
9,1774,9,True,0,2025-02-27,3,0.0,0.04,0.06,3,27,0,0,1,2.7142857142857144,0.0
9,1872,9,True,0,2025-02-27,2,0.0,0.03,0.05,3,27,0,0,1,3.0,0.0
9,1885,9,True,0,2025-02-27,0,0.0,0.01,0.01,3,27,0,0,1,2.5714285714285716,0.0
9,1890,9,True,0,2025-02-27,1,0.0,0.02,0.06,3,27,0,0,1,2.142857142857143,0.0
9,2007,9,True,0,2025-02-27,3,0.0,0.02,0.07,3,27,0,0,1,1.4285714285714286,0.0
9,2009,9,True,0,2025-02-27,2,0.0,0.01,0.04,3,27,0,0,1,1.7142857142857142,0.0
9,2067,9,True,0,2025-02-27,5,0.0,0.04,0.09,3,27,0,0,1,1.7142857142857142,0.0
9,2068,9,True,0,2025-02-27,1,0.0,0.02,0.05,3,27,0,0,1,2.2857142857142856,0.0
9,2073,9,True,0,2025-02-27,4,0.0,0.01,0.02,3,27,0,0,1,2.0,0.0
9,2076,9,True,0,2025-02-27,7,0.0,0.04,0.07,3,27,0,0,1,2.2857142857142856,0.0
9,2121,9,True,0,2025-02-27,5,0.0,0.02,0.03,3,27,0,0,1,3.2857142857142856,0.0
9,2138,9,True,0,2025-02-27,2,0.0,0.05,0.06,3,27,0,0,1,3.857142857142857,0.0
9,2184,9,True,0,2025-02-27,3,0.0,0.02,0.07,3,27,0,0,1,3.7142857142857144,0.0
9,2220,9,True,0,2025-02-27,0,0.0,0.01,0.04,3,27,0,0,1,3.857142857142857,0.0
9,2225,9,True,0,2025-02-27,2,0.0,0.03,0.1,3,27,0,0,1,3.142857142857143,0.0
9,2299,9,True,0,2025-02-27,0,0.0,0.02,0.05,3,27,0,0,1,3.2857142857142856,0.0
9,2353,9,True,0,2025-02-27,2,0.0,0.01,0.01,3,27,0,0,1,2.7142857142857144,0.0
9,2356,9,True,0,2025-02-27,1,0.0,0.01,0.01,3,27,0,0,1,2.0,0.0
9,2388,9,True,0,2025-02-27,3,0.0,0.03,0.14,3,27,0,0,1,1.4285714285714286,0.0
9,2409,9,True,0,2025-02-27,4,1.0,0.05,0.1,3,27,0,0,1,1.5714285714285714,0.0
9,2427,9,True,0,2025-02-27,2,0.0,0.01,0.03,3,27,0,0,1,1.7142857142857142,0.0
9,2449,9,True,0,2025-02-27,1,0.0,0.05,0.08,3,27,0,0,1,2.0,0.0
9,2493,9,True,0,2025-02-27,2,0.0,0.02,0.02,3,27,0,0,1,1.8571428571428572,0.0
9,2540,9,True,0,2025-02-27,5,0.0,0.05,0.17,3,27,0,0,1,2.142857142857143,0.0
9,2552,9,True,0,2025-02-27,2,0.0,0.04,0.11,3,27,0,0,1,2.5714285714285716,0.0
9,2597,9,True,0,2025-02-27,1,0.0,0.01,0.03,3,27,0,0,1,2.7142857142857144,0.0
9,2608,9,True,0,2025-02-27,3,0.0,0.04,0.1,3,27,0,0,1,2.4285714285714284,0.0
9,2629,9,True,0,2025-02-27,1,0.0,0.02,0.09,3,27,0,0,1,2.2857142857142856,0.0
9,2633,9,True,0,2025-02-27,3,0.0,0.01,0.01,3,27,0,0,1,2.142857142857143,0.0
9,2684,9,True,0,2025-02-27,2,0.0,0.04,0.05,3,27,0,0,1,2.4285714285714284,0.0
9,2694,9,True,0,2025-02-27,3,0.0,0.04,0.11,3,27,0,0,1,2.4285714285714284,0.0
9,2724,9,True,0,2025-02-27,1,0.0,0.01,0.04,3,27,0,0,1,2.142857142857143,0.0
9,2791,9,True,0,2025-02-27,2,0.0,0.1,0.18,3,27,0,0,1,2.0,0.0
9,2796,9,True,0,2025-02-27,1,0.0,0.03,0.06,3,27,0,0,1,2.142857142857143,0.0
9,2828,9,True,0,2025-02-27,4,0.0,0.02,0.03,3,27,0,0,1,1.8571428571428572,0.0
9,2868,9,True,0,2025-02-27,5,0.0,0.03,0.04,3,27,0,0,1,2.2857142857142856,0.0
9,2869,9,True,0,2025-02-27,0,4.0,0.05,0.1,3,27,0,0,1,2.5714285714285716,0.0
9,2877,9,True,0,2025-02-27,2,0.0,0.1,0.05,3,27,0,0,1,2.2857142857142856,0.0
9,2895,9,True,0,2025-02-27,2,0.0,0.06,0.07,3,27,0,0,1,2.142857142857143,0.0
9,2896,9,True,0,2025-02-27,5,0.0,0.04,0.09,3,27,0,0,1,2.2857142857142856,0.0
9,2921,9,True,0,2025-02-27,3,0.0,0.07,0.15,3,27,0,0,1,2.7142857142857144,0.0
9,2937,9,True,0,2025-02-27,0,0.0,0.03,0.07,3,27,0,0,1,3.0,0.0
9,2945,9,True,0,2025-02-27,1,0.0,0.06,0.07,3,27,0,0,1,2.4285714285714284,0.0
9,2967,9,True,0,2025-02-27,4,0.0,0.13,0.19,3,27,0,0,1,1.8571428571428572,0.0
9,2986,9,True,0,2025-02-27,4,1.0,0.03,0.04,3,27,0,0,1,2.4285714285714284,0.0
9,2998,9,True,0,2025-02-27,3,0.0,0.01,0.05,3,27,0,0,1,2.7142857142857144,0.0
9,3036,9,True,0,2025-02-27,2,0.0,0.03,0.06,3,27,0,0,1,2.857142857142857,0.0
9,3059,9,True,0,2025-02-27,3,0.0,0.06,0.13,3,27,0,0,1,2.4285714285714284,0.0
9,3160,9,True,0,2025-02-27,1,0.0,0.01,0.02,3,27,0,0,1,2.4285714285714284,0.0
9,3191,9,True,0,2025-02-27,2,0.0,0.06,0.1,3,27,0,0,1,2.5714285714285716,0.0
9,3291,9,True,0,2025-02-27,6,0.0,0.05,0.1,3,27,0,0,1,2.7142857142857144,0.0
9,3332,9,True,0,2025-02-27,1,0.0,0.02,0.07,3,27,0,0,1,3.0,0.0
9,3367,9,True,0,2025-02-27,6,0.0,0.06,0.07,3,27,0,0,1,2.5714285714285716,0.0
9,3405,9,True,0,2025-02-27,4,0.0,0.01,0.05,3,27,0,0,1,3.0,0.0
9,3412,9,True,0,2025-02-27,5,0.0,0.01,0.02,3,27,0,0,1,3.2857142857142856,0.0
9,3477,9,True,0,2025-02-27,2,0.0,0.03,0.06,3,27,0,0,1,3.5714285714285716,0.0
9,3491,9,True,0,2025-02-27,0,1.0,0.03,0.06,3,27,0,0,1,3.7142857142857144,0.0
9,3503,9,True,0,2025-02-27,2,0.0,0.01,0.04,3,27,0,0,1,3.4285714285714284,0.0
9,3505,9,True,0,2025-02-27,3,0.0,0.04,0.06,3,27,0,0,1,2.857142857142857,0.0
9,3531,9,True,0,2025-02-27,3,0.0,0.02,0.06,3,27,0,0,1,3.142857142857143,0.0
9,3584,9,True,0,2025-02-27,6,0.0,0.02,0.04,3,27,0,0,1,2.7142857142857144,0.0
9,3699,9,True,0,2025-02-27,5,0.0,0.01,0.02,3,27,0,0,1,3.0,0.0
9,3702,9,True,0,2025-02-27,2,0.0,0.02,0.03,3,27,0,0,1,3.0,0.0
9,3794,9,True,0,2025-02-27,1,0.0,0.03,0.07,3,27,0,0,1,3.0,0.0
9,3836,9,True,0,2025-02-27,1,0.0,0.05,0.08,3,27,0,0,1,3.142857142857143,0.0
9,3872,9,True,0,2025-02-27,2,0.0,0.04,0.07,3,27,0,0,1,3.0,0.0
9,3884,9,True,0,2025-02-27,4,0.0,0.01,0.03,3,27,0,0,1,2.857142857142857,0.0
9,3962,9,True,0,2025-02-27,9,0.0,0.05,0.14,3,27,0,0,1,3.0,0.0
9,3998,9,True,0,2025-02-27,1,0.0,0.04,0.06,3,27,0,0,1,3.4285714285714284,0.0
9,4008,9,True,0,2025-02-27,2,0.0,0.04,0.09,3,27,0,0,1,2.857142857142857,0.0
9,4056,9,True,0,2025-02-27,1,0.0,0.02,0.04,3,27,0,0,1,2.857142857142857,0.0
9,4075,9,True,0,2025-02-27,1,0.0,0.06,0.15,3,27,0,0,1,2.857142857142857,0.0
9,4083,9,True,0,2025-02-27,3,0.0,0.09,0.12,3,27,0,0,1,2.857142857142857,0.0
9,4232,9,True,0,2025-02-27,5,0.0,0.13,0.21,3,27,0,0,1,3.0,0.0
9,4259,9,True,0,2025-02-27,4,0.0,0.26,0.42,3,27,0,0,1,3.142857142857143,0.0
9,4262,9,True,0,2025-02-27,2,0.0,0.02,0.07,3,27,0,0,1,2.4285714285714284,0.0
9,4279,9,True,0,2025-02-27,3,0.0,0.05,0.1,3,27,0,0,1,2.5714285714285716,0.0
9,4296,9,True,0,2025-02-27,4,0.0,0.04,0.07,3,27,0,0,1,2.7142857142857144,0.0
9,4332,9,True,0,2025-02-27,1,0.0,0.04,0.12,3,27,0,0,1,3.142857142857143,0.0
9,4353,9,True,0,2025-02-27,3,0.0,0.01,0.06,3,27,0,0,1,3.142857142857143,0.0
9,4363,9,True,0,2025-02-27,5,0.0,0.05,0.09,3,27,0,0,1,3.142857142857143,0.0
9,4393,9,True,0,2025-02-27,0,0.0,0.11,0.17,3,27,0,0,1,3.142857142857143,0.0
9,4406,9,True,0,2025-02-27,2,0.0,0.02,0.07,3,27,0,0,1,2.5714285714285716,0.0
9,4459,9,True,0,2025-02-27,2,0.0,0.02,0.03,3,27,0,0,1,2.5714285714285716,0.0
9,4477,9,True,0,2025-02-27,0,0.0,0.03,0.05,3,27,0,0,1,2.4285714285714284,0.0
9,4532,9,True,0,2025-02-27,1,0.0,0.02,0.04,3,27,0,0,1,1.8571428571428572,0.0
9,4574,9,True,0,2025-02-27,2,0.0,0.01,0.06,3,27,0,0,1,1.8571428571428572,0.0
9,4623,9,True,0,2025-02-27,4,0.0,0.03,0.07,3,27,0,0,1,1.7142857142857142,0.0
9,4677,9,True,0,2025-02-27,3,0.0,0.12,0.16,3,27,0,0,1,1.5714285714285714,0.0
9,4695,9,True,0,2025-02-27,2,0.0,0.04,0.07,3,27,0,0,1,2.0,0.0
9,4709,9,True,0,2025-02-27,2,0.0,0.08,0.12,3,27,0,0,1,2.0,0.0
9,4728,9,True,0,2025-02-27,3,0.0,0.02,0.04,3,27,0,0,1,2.0,0.0
9,4737,9,True,0,2025-02-27,2,0.0,0.01,0.03,3,27,0,0,1,2.4285714285714284,0.0
9,4775,9,True,0,2025-02-27,2,0.0,0.04,0.06,3,27,0,0,1,2.5714285714285716,0.0
9,4784,9,True,0,2025-02-27,7,0.0,0.01,0.03,3,27,0,0,1,2.5714285714285716,0.0
9,4858,9,True,0,2025-02-27,2,0.0,0.15,0.21,3,27,0,0,1,3.0,0.0
9,4863,9,True,0,2025-02-27,2,0.0,0.02,0.05,3,27,0,0,1,2.857142857142857,0.0
9,4927,9,True,0,2025-02-27,5,0.0,0.06,0.14,3,27,0,0,1,2.857142857142857,0.0
9,4974,9,True,0,2025-02-27,2,0.0,0.02,0.06,3,27,0,0,1,3.2857142857142856,0.0
9,5011,9,True,0,2025-02-27,2,2.0,0.06,0.11,3,27,0,0,1,3.142857142857143,0.0
9,5012,9,True,0,2025-02-27,1,0.0,0.01,0.03,3,27,0,0,1,3.142857142857143,0.0
9,5070,9,True,0,2025-02-27,5,0.0,0.05,0.12,3,27,0,0,1,3.0,0.0
9,5226,9,True,0,2025-02-27,7,0.0,0.05,0.07,3,27,0,0,1,2.7142857142857144,0.0
9,5242,9,True,0,2025-02-27,1,0.0,0.04,0.17,3,27,0,0,1,3.4285714285714284,0.0
9,15,10,False,0,2025-02-27,10,0.0,0.03,0.12,3,27,0,0,1,3.2857142857142856,0.0
9,149,10,False,0,2025-02-27,15,0.0,0.02,0.07,3,27,0,0,1,4.0,0.0
9,2636,10,False,0,2025-02-27,7,0.0,0.09,0.24,3,27,0,0,1,5.857142857142857,0.0
9,3122,10,False,0,2025-02-27,8,0.0,0.01,0.03,3,27,0,0,1,6.571428571428571,0.0
9,3904,10,False,0,2025-02-27,0,0.0,0.03,0.04,3,27,0,0,1,7.571428571428571,0.0
9,4959,10,False,0,2025-02-27,24,0.0,0.01,0.02,3,27,0,0,1,6.857142857142857,0.0
9,518,11,False,0,2025-02-27,3,0.0,0.16,0.15,3,27,0,0,1,9.285714285714286,0.0
9,669,11,False,0,2025-02-27,3,0.0,0.07,0.09,3,27,0,0,1,9.571428571428571,0.0
9,926,11,False,0,2025-02-27,3,0.0,0.14,0.16,3,27,0,0,1,8.571428571428571,0.0
9,934,11,False,0,2025-02-27,0,0.0,0.18,0.2,3,27,0,0,1,6.857142857142857,0.0
9,1341,11,False,0,2025-02-27,1,0.0,0.16,0.18,3,27,0,0,1,5.857142857142857,0.0
9,1710,11,False,0,2025-02-27,4,0.0,0.12,0.14,3,27,0,0,1,4.857142857142857,0.0
9,1735,11,False,0,2025-02-27,3,0.0,0.1,0.14,3,27,0,0,1,5.428571428571429,0.0
9,1879,11,False,0,2025-02-27,4,0.0,0.1,0.13,3,27,0,0,1,2.4285714285714284,0.0
9,3084,11,False,0,2025-02-27,3,0.0,0.12,0.14,3,27,0,0,1,2.5714285714285716,0.0
9,3602,11,False,0,2025-02-27,3,0.0,0.12,0.14,3,27,0,0,1,2.5714285714285716,0.0
9,3829,11,False,0,2025-02-27,6,0.0,0.1,0.15,3,27,0,0,1,2.5714285714285716,0.0
9,3961,11,False,0,2025-02-27,3,0.0,0.09,0.11,3,27,0,0,1,3.4285714285714284,0.0
9,4171,11,False,0,2025-02-27,3,0.0,0.14,0.21,3,27,0,0,1,3.7142857142857144,0.0
9,4322,11,False,0,2025-02-27,2,0.0,0.1,0.12,3,27,0,0,1,3.5714285714285716,0.0
9,4441,11,False,0,2025-02-27,2,0.0,0.12,0.15,3,27,0,0,1,3.4285714285714284,0.0
9,4930,11,False,0,2025-02-27,2,0.0,0.09,0.12,3,27,0,0,1,3.142857142857143,0.0
9,27,1,False,0,2025-02-25,2,0.0,0.07,0.07,1,25,0,0,1,3.0,0.0
9,982,1,False,0,2025-02-25,2,0.0,0.2,0.24,1,25,0,0,1,2.857142857142857,0.0
9,1030,1,False,0,2025-02-25,4,0.0,0.29,0.16,1,25,0,0,1,2.2857142857142856,0.0
9,1304,1,False,0,2025-02-25,1,0.0,0.04,0.07,1,25,0,0,1,2.4285714285714284,0.0
9,1590,1,False,0,2025-02-25,2,0.0,0.06,0.09,1,25,0,0,1,2.142857142857143,0.0
9,1752,1,False,0,2025-02-25,2,0.0,0.16,0.19,1,25,0,0,1,2.142857142857143,0.0
9,1840,1,False,0,2025-02-25,2,0.0,0.13,0.16,1,25,0,0,1,2.142857142857143,0.0
9,1853,1,False,0,2025-02-25,0,0.0,0.18,0.21,1,25,0,0,1,2.142857142857143,0.0
9,1874,1,False,0,2025-02-25,3,0.0,0.03,0.04,1,25,0,0,1,1.8571428571428572,0.0
9,2850,1,False,0,2025-02-25,0,0.0,0.18,0.16,1,25,0,0,1,2.0,0.0
9,3058,1,False,0,2025-02-25,4,0.0,0.16,0.2,1,25,0,0,1,1.4285714285714286,0.0
9,3120,1,False,0,2025-02-25,10,0.0,0.16,0.15,1,25,0,0,1,1.8571428571428572,0.0
9,3326,1,False,0,2025-02-25,2,0.0,0.03,0.03,1,25,0,0,1,3.0,0.0
9,3621,1,False,0,2025-02-25,2,0.0,0.03,0.04,1,25,0,0,1,3.0,0.0
9,3625,1,False,0,2025-02-25,8,0.0,0.16,0.18,1,25,0,0,1,3.0,0.0
9,4088,1,False,0,2025-02-25,2,0.0,0.33,0.43,1,25,0,0,1,4.142857142857143,0.0
9,4089,1,False,0,2025-02-25,2,0.0,0.16,0.18,1,25,0,0,1,4.0,0.0
9,4206,1,False,0,2025-02-25,3,1.0,0.5,0.56,1,25,0,0,1,4.285714285714286,0.0
9,4693,1,False,0,2025-02-25,3,0.0,0.09,0.1,1,25,0,0,1,4.142857142857143,0.0
9,5035,1,False,0,2025-02-25,2,0.0,0.13,0.13,1,25,0,0,1,3.142857142857143,0.0
9,9,3,True,0,2025-02-25,3,0.0,0.11,0.16,1,25,0,0,1,3.142857142857143,0.0
9,42,3,True,0,2025-02-25,1,0.0,0.05,0.06,1,25,0,0,1,3.2857142857142856,0.0
9,54,3,True,0,2025-02-25,1,0.0,0.18,0.22,1,25,0,0,1,2.2857142857142856,0.0
9,63,3,True,0,2025-02-25,1,0.0,0.14,0.18,1,25,0,0,1,2.142857142857143,0.0
9,71,3,True,0,2025-02-25,1,0.0,0.03,0.03,1,25,0,0,1,2.0,0.0
9,73,3,True,0,2025-02-25,1,0.0,0.15,0.16,1,25,0,0,1,1.7142857142857142,0.0
9,118,3,True,0,2025-02-25,1,0.0,0.05,0.08,1,25,0,0,1,1.4285714285714286,0.0
9,151,3,True,0,2025-02-25,1,0.0,0.21,0.24,1,25,0,0,1,1.2857142857142858,0.0
9,154,3,True,0,2025-02-25,2,0.0,0.18,0.21,1,25,0,0,1,1.0,0.0
9,156,3,True,0,2025-02-25,1,0.0,0.04,0.05,1,25,0,0,1,1.1428571428571428,0.0
9,224,3,True,0,2025-02-25,1,0.0,0.06,0.08,1,25,0,0,1,1.1428571428571428,0.0
9,230,3,True,0,2025-02-25,0,0.0,0.03,0.05,1,25,0,0,1,1.1428571428571428,0.0
9,258,3,True,0,2025-02-25,2,0.0,0.03,0.05,1,25,0,0,1,1.0,0.0
9,304,3,True,0,2025-02-25,1,0.0,0.1,0.12,1,25,0,0,1,1.1428571428571428,0.0
9,307,3,True,0,2025-02-25,0,0.0,0.16,0.2,1,25,0,0,1,1.1428571428571428,0.0
9,319,3,True,0,2025-02-25,1,0.0,0.35,0.35,1,25,0,0,1,1.0,0.0
9,323,3,True,0,2025-02-25,1,0.0,0.28,0.31,1,25,0,0,1,0.8571428571428571,0.0
9,347,3,True,0,2025-02-25,1,0.0,0.06,0.07,1,25,0,0,1,0.8571428571428571,0.0
9,377,3,True,0,2025-02-25,1,0.0,0.12,0.19,1,25,0,0,1,0.8571428571428571,0.0
9,384,3,True,0,2025-02-25,0,0.0,0.04,0.06,1,25,0,0,1,1.0,0.0
9,396,3,True,0,2025-02-25,2,0.0,0.22,0.24,1,25,0,0,1,0.7142857142857143,0.0
9,400,3,True,0,2025-02-25,1,0.0,0.19,0.23,1,25,0,0,1,0.8571428571428571,0.0
9,409,3,True,0,2025-02-25,1,0.0,0.1,0.13,1,25,0,0,1,1.0,0.0
9,414,3,True,0,2025-02-25,2,0.0,0.08,0.12,1,25,0,0,1,1.0,0.0
9,424,3,True,0,2025-02-25,1,0.0,0.09,0.11,1,25,0,0,1,1.1428571428571428,0.0
9,430,3,True,0,2025-02-25,1,0.0,0.13,0.19,1,25,0,0,1,1.1428571428571428,0.0
9,452,3,True,0,2025-02-25,0,0.0,0.07,0.09,1,25,0,0,1,1.1428571428571428,0.0
9,514,3,True,0,2025-02-25,2,0.0,0.16,0.19,1,25,0,0,1,1.1428571428571428,0.0
9,541,3,True,0,2025-02-25,0,0.0,0.07,0.1,1,25,0,0,1,1.1428571428571428,0.0
9,550,3,True,0,2025-02-25,3,0.0,0.13,0.16,1,25,0,0,1,1.0,0.0
9,570,3,True,0,2025-02-25,1,0.0,0.15,0.2,1,25,0,0,1,1.2857142857142858,0.0
9,571,3,True,0,2025-02-25,2,0.0,0.11,0.17,1,25,0,0,1,1.1428571428571428,0.0
9,604,3,True,0,2025-02-25,2,0.0,0.3,0.37,1,25,0,0,1,1.2857142857142858,0.0
9,618,3,True,0,2025-02-25,1,0.0,0.13,0.15,1,25,0,0,1,1.4285714285714286,0.0
9,630,3,True,0,2025-02-25,0,0.0,0.06,0.09,1,25,0,0,1,1.5714285714285714,0.0
9,642,3,True,0,2025-02-25,1,0.0,0.07,0.11,1,25,0,0,1,1.2857142857142858,0.0
9,643,3,True,0,2025-02-25,1,0.0,0.06,0.07,1,25,0,0,1,1.4285714285714286,0.0
9,664,3,True,0,2025-02-25,1,0.0,0.14,0.19,1,25,0,0,1,1.1428571428571428,0.0
9,674,3,True,0,2025-02-25,2,0.0,0.15,0.17,1,25,0,0,1,1.1428571428571428,0.0
9,679,3,True,0,2025-02-25,1,0.0,0.06,0.08,1,25,0,0,1,1.1428571428571428,0.0
9,713,3,True,0,2025-02-25,3,0.0,0.06,0.07,1,25,0,0,1,1.0,0.0
9,725,3,True,0,2025-02-25,1,0.0,0.18,0.2,1,25,0,0,1,1.2857142857142858,0.0
9,766,3,True,0,2025-02-25,3,0.0,0.06,0.07,1,25,0,0,1,1.4285714285714286,0.0
9,767,3,True,0,2025-02-25,1,0.0,0.17,0.24,1,25,0,0,1,1.7142857142857142,0.0
9,771,3,True,0,2025-02-25,4,0.0,0.49,0.49,1,25,0,0,1,1.7142857142857142,0.0
9,775,3,True,0,2025-02-25,1,0.0,0.12,0.15,1,25,0,0,1,2.142857142857143,0.0
9,800,3,True,0,2025-02-25,1,0.0,0.26,0.34,1,25,0,0,1,2.0,0.0
9,804,3,True,0,2025-02-25,2,0.0,0.1,0.15,1,25,0,0,1,2.0,0.0
9,806,3,True,0,2025-02-25,1,0.0,0.08,0.09,1,25,0,0,1,1.8571428571428572,0.0
9,807,3,True,0,2025-02-25,2,0.0,0.13,0.16,1,25,0,0,1,1.8571428571428572,0.0
9,808,3,True,0,2025-02-25,2,0.0,0.06,0.07,1,25,0,0,1,1.7142857142857142,0.0
9,832,3,True,0,2025-02-25,1,0.0,0.12,0.16,1,25,0,0,1,1.8571428571428572,0.0
9,836,3,True,0,2025-02-25,1,0.0,0.07,0.08,1,25,0,0,1,1.4285714285714286,0.0
9,841,3,True,0,2025-02-25,1,0.0,0.13,0.14,1,25,0,0,1,1.4285714285714286,0.0
9,847,3,True,0,2025-02-25,8,0.0,0.08,0.03,1,25,0,0,1,1.4285714285714286,2.713196188592544
9,850,3,True,0,2025-02-25,1,1.0,0.49,0.53,1,25,0,0,1,2.2857142857142856,0.0
9,874,3,True,0,2025-02-25,1,0.0,0.03,0.04,1,25,0,0,1,2.2857142857142856,0.0
9,897,3,True,0,2025-02-25,3,0.0,0.05,0.06,1,25,0,0,1,2.142857142857143,0.0
9,903,3,True,0,2025-02-25,1,0.0,0.05,0.08,1,25,0,0,1,2.2857142857142856,0.0
9,905,3,True,0,2025-02-25,2,0.0,0.12,0.18,1,25,0,0,1,2.2857142857142856,0.0
9,921,3,True,0,2025-02-25,1,0.0,0.09,0.12,1,25,0,0,1,2.4285714285714284,0.0
9,922,3,True,0,2025-02-25,2,0.0,0.07,0.09,1,25,0,0,1,2.4285714285714284,0.0
9,937,3,True,0,2025-02-25,8,0.0,0.03,0.04,1,25,0,0,1,1.5714285714285714,0.0
9,940,3,True,0,2025-02-25,0,0.0,0.2,0.23,1,25,0,0,1,2.5714285714285716,0.0
9,965,3,True,0,2025-02-25,4,0.0,0.36,0.44,1,25,0,0,1,2.4285714285714284,0.0
9,971,3,True,0,2025-02-25,3,0.0,0.08,0.1,1,25,0,0,1,2.5714285714285716,0.0
9,978,3,True,0,2025-02-25,1,0.0,0.11,0.14,1,25,0,0,1,2.857142857142857,0.0
9,983,3,True,0,2025-02-25,1,0.0,0.11,0.13,1,25,0,0,1,2.7142857142857144,0.0
9,1005,3,True,0,2025-02-25,3,0.0,0.07,0.09,1,25,0,0,1,2.7142857142857144,0.0
9,1006,3,True,0,2025-02-25,1,0.0,0.03,0.03,1,25,0,0,1,2.857142857142857,0.0
9,1022,3,True,0,2025-02-25,1,0.0,0.09,0.13,1,25,0,0,1,1.8571428571428572,0.0
9,1046,3,True,0,2025-02-25,1,0.0,0.06,0.1,1,25,0,0,1,2.0,0.0
9,1074,3,True,0,2025-02-25,1,0.0,0.11,0.1,1,25,0,0,1,1.5714285714285714,0.0
9,1080,3,True,0,2025-02-25,2,0.0,0.15,0.18,1,25,0,0,1,1.2857142857142858,0.0
9,1089,3,True,0,2025-02-25,1,0.0,0.11,0.14,1,25,0,0,1,1.4285714285714286,0.0
9,1094,3,True,0,2025-02-25,3,0.0,0.18,0.2,1,25,0,0,1,1.4285714285714286,0.0
9,1106,3,True,0,2025-02-25,6,0.0,0.08,0.12,1,25,0,0,1,1.4285714285714286,0.0
9,1141,3,True,0,2025-02-25,1,0.0,0.09,0.14,1,25,0,0,1,2.142857142857143,0.0
9,1142,3,True,0,2025-02-25,1,0.0,0.28,0.29,1,25,0,0,1,2.142857142857143,0.0
9,1150,3,True,0,2025-02-25,1,0.0,0.04,0.05,1,25,0,0,1,2.142857142857143,0.0
9,1153,3,True,0,2025-02-25,1,0.0,0.07,0.09,1,25,0,0,1,2.142857142857143,0.0
9,1173,3,True,0,2025-02-25,0,0.0,0.05,0.07,1,25,0,0,1,2.0,0.0
9,1208,3,True,0,2025-02-25,1,0.0,0.1,0.12,1,25,0,0,1,1.8571428571428572,0.0
9,1246,3,True,0,2025-02-25,1,0.0,0.04,0.08,1,25,0,0,1,1.5714285714285714,0.0
9,1254,3,True,0,2025-02-25,2,0.0,0.23,0.26,1,25,0,0,1,0.8571428571428571,0.0
9,1280,3,True,0,2025-02-25,1,1.0,0.14,0.18,1,25,0,0,1,1.0,0.0
9,1315,3,True,0,2025-02-25,1,0.0,0.14,0.23,1,25,0,0,1,1.0,0.0
9,1322,3,True,0,2025-02-25,1,0.0,0.25,0.27,1,25,0,0,1,1.0,0.0
9,1337,3,True,0,2025-02-25,1,0.0,0.04,0.06,1,25,0,0,1,1.0,0.0
9,1348,3,True,0,2025-02-25,1,0.0,0.14,0.16,1,25,0,0,1,1.1428571428571428,0.0
9,1353,3,True,0,2025-02-25,1,0.0,0.12,0.16,1,25,0,0,1,1.1428571428571428,0.0
9,1387,3,True,0,2025-02-25,0,0.0,0.04,0.05,1,25,0,0,1,1.1428571428571428,0.0
9,1413,3,True,0,2025-02-25,1,0.0,0.51,0.69,1,25,0,0,1,0.8571428571428571,0.0
9,1446,3,True,0,2025-02-25,7,0.0,0.01,0.01,1,25,0,0,1,0.8571428571428571,0.0
9,1450,3,True,0,2025-02-25,1,0.0,0.05,0.07,1,25,0,0,1,1.7142857142857142,0.0
9,1458,3,True,0,2025-02-25,1,0.0,0.05,0.06,1,25,0,0,1,1.7142857142857142,0.0
9,1460,3,True,0,2025-02-25,1,0.0,0.05,0.07,1,25,0,0,1,1.7142857142857142,0.0
9,1486,3,True,0,2025-02-25,1,0.0,0.07,0.08,1,25,0,0,1,1.7142857142857142,0.0
9,1514,3,True,0,2025-02-25,2,0.0,0.19,0.22,1,25,0,0,1,1.7142857142857142,0.0
9,1518,3,True,0,2025-02-25,1,0.0,0.17,0.23,1,25,0,0,1,2.0,0.0
9,1520,3,True,0,2025-02-25,1,0.0,0.05,0.06,1,25,0,0,1,2.0,0.0
9,1577,3,True,0,2025-02-25,1,0.0,0.07,0.09,1,25,0,0,1,1.1428571428571428,0.0
9,1604,3,True,0,2025-02-25,1,0.0,0.36,0.44,1,25,0,0,1,1.1428571428571428,0.0
9,1651,3,True,0,2025-02-25,1,0.0,0.22,0.28,1,25,0,0,1,1.1428571428571428,0.0
9,1660,3,True,0,2025-02-25,1,0.0,0.1,0.12,1,25,0,0,1,1.1428571428571428,0.0
9,1667,3,True,0,2025-02-25,1,0.0,0.07,0.08,1,25,0,0,1,1.1428571428571428,0.0
9,1689,3,True,0,2025-02-25,1,0.0,0.05,0.07,1,25,0,0,1,1.0,0.0
9,1691,3,True,0,2025-02-25,4,0.0,0.03,0.05,1,25,0,0,1,1.0,0.0
9,1717,3,True,0,2025-02-25,1,0.0,0.27,0.35,1,25,0,0,1,1.4285714285714286,0.0
9,1736,3,True,0,2025-02-25,1,0.0,0.06,0.08,1,25,0,0,1,1.4285714285714286,0.0
9,1781,3,True,0,2025-02-25,0,0.0,0.04,0.05,1,25,0,0,1,1.4285714285714286,0.0
9,1791,3,True,0,2025-02-25,1,0.0,0.3,0.33,1,25,0,0,1,1.2857142857142858,0.0
9,1800,3,True,0,2025-02-25,1,0.0,0.24,0.32,1,25,0,0,1,1.2857142857142858,0.0
9,1803,3,True,0,2025-02-25,1,0.0,0.07,0.15,1,25,0,0,1,1.2857142857142858,0.0
9,1804,3,True,0,2025-02-25,1,0.0,0.09,0.12,1,25,0,0,1,1.2857142857142858,0.0
9,1843,3,True,0,2025-02-25,34,0.0,0.04,0.05,1,25,0,0,1,0.8571428571428571,0.0
9,1852,3,True,0,2025-02-25,2,0.0,0.05,0.06,1,25,0,0,1,5.571428571428571,0.0
9,1871,3,True,0,2025-02-25,1,0.0,0.17,0.2,1,25,0,0,1,5.714285714285714,0.0
9,1876,3,True,0,2025-02-25,2,0.0,0.07,0.1,1,25,0,0,1,5.857142857142857,0.0
9,1881,3,True,0,2025-02-25,1,0.0,0.18,0.23,1,25,0,0,1,6.0,0.0
9,1903,3,True,0,2025-02-25,1,0.0,0.05,0.07,1,25,0,0,1,6.0,0.0
9,1908,3,True,0,2025-02-25,1,0.0,0.03,0.05,1,25,0,0,1,6.0,0.0
9,1918,3,True,0,2025-02-25,2,0.0,0.03,0.04,1,25,0,0,1,6.0,0.0
9,1932,3,True,0,2025-02-25,6,0.0,0.1,0.13,1,25,0,0,1,1.4285714285714286,0.0
9,1936,3,True,0,2025-02-25,2,0.0,0.43,0.52,1,25,0,0,1,2.0,0.0
9,1947,3,True,0,2025-02-25,2,0.0,0.09,0.14,1,25,0,0,1,2.142857142857143,0.0
9,1962,3,True,0,2025-02-25,3,0.0,0.06,0.11,1,25,0,0,1,2.142857142857143,0.0
9,1965,3,True,0,2025-02-25,2,0.0,0.24,0.31,1,25,0,0,1,2.4285714285714284,0.0
9,1992,3,True,0,2025-02-25,0,0.0,0.08,0.1,1,25,0,0,1,2.5714285714285716,0.0
9,1994,3,True,0,2025-02-25,2,0.0,0.03,0.03,1,25,0,0,1,2.4285714285714284,0.0
9,2017,3,True,0,2025-02-25,2,0.0,0.11,0.16,1,25,0,0,1,2.4285714285714284,0.0
9,2019,3,True,0,2025-02-25,2,0.0,0.15,0.18,1,25,0,0,1,1.8571428571428572,0.0
9,2041,3,True,0,2025-02-25,1,0.0,0.06,0.08,1,25,0,0,1,1.8571428571428572,0.0
9,2043,3,True,0,2025-02-25,1,0.0,0.06,0.08,1,25,0,0,1,1.7142857142857142,0.0
9,2047,3,True,0,2025-02-25,2,0.0,0.12,0.16,1,25,0,0,1,1.4285714285714286,0.0
9,2055,3,True,0,2025-02-25,3,0.0,0.1,0.12,1,25,0,0,1,1.4285714285714286,0.0
9,2084,3,True,0,2025-02-25,1,0.0,0.05,0.06,1,25,0,0,1,1.8571428571428572,0.0
9,2111,3,True,0,2025-02-25,1,0.0,0.29,0.35,1,25,0,0,1,1.7142857142857142,0.0
9,2114,3,True,0,2025-02-25,1,1.0,0.06,0.09,1,25,0,0,1,1.5714285714285714,0.0
9,2115,3,True,0,2025-02-25,6,0.0,0.49,0.72,1,25,0,0,1,1.4285714285714286,0.0
9,2117,3,True,0,2025-02-25,1,0.0,0.14,0.16,1,25,0,0,1,2.142857142857143,0.0
9,2136,3,True,0,2025-02-25,1,0.0,0.28,0.28,1,25,0,0,1,2.142857142857143,0.0
9,2146,3,True,0,2025-02-25,1,0.0,0.2,0.26,1,25,0,0,1,2.0,0.0
9,2173,3,True,0,2025-02-25,2,0.0,0.03,0.04,1,25,0,0,1,1.7142857142857142,0.0
9,2186,3,True,0,2025-02-25,2,0.0,0.25,0.34,1,25,0,0,1,1.8571428571428572,0.0
9,2192,3,True,0,2025-02-25,0,0.0,0.07,0.1,1,25,0,0,1,2.0,0.0
9,2201,3,True,0,2025-02-25,7,0.0,0.12,0.16,1,25,0,0,1,1.8571428571428572,0.0
9,2203,3,True,0,2025-02-25,2,0.0,0.15,0.2,1,25,0,0,1,2.0,0.0
9,2206,3,True,0,2025-02-25,43,0.0,0.02,0.03,1,25,0,0,1,2.142857142857143,0.0
9,2228,3,True,0,2025-02-25,0,0.0,0.16,0.2,1,25,0,0,1,8.142857142857142,0.0
9,2245,3,True,0,2025-02-25,2,0.0,0.2,0.22,1,25,0,0,1,8.0,1.1382073173268525
9,2249,3,True,0,2025-02-25,1,0.0,0.06,0.07,1,25,0,0,1,8.0,0.0
9,2265,3,True,0,2025-02-25,1,0.0,0.03,0.04,1,25,0,0,1,7.857142857142857,0.0
9,2268,3,True,0,2025-02-25,1,0.0,0.14,0.2,1,25,0,0,1,8.0,0.0
9,2282,3,True,0,2025-02-25,2,0.0,0.08,0.1,1,25,0,0,1,7.142857142857143,0.0
9,2289,3,True,0,2025-02-25,1,0.0,0.08,0.1,1,25,0,0,1,7.142857142857143,0.0
9,2300,3,True,0,2025-02-25,1,0.0,0.23,0.24,1,25,0,0,1,1.1428571428571428,0.0
9,2314,3,True,0,2025-02-25,1,0.0,0.06,0.08,1,25,0,0,1,1.2857142857142858,0.0
9,2316,3,True,0,2025-02-25,1,0.0,0.08,0.11,1,25,0,0,1,1.1428571428571428,0.0
9,2347,3,True,0,2025-02-25,0,0.0,0.16,0.2,1,25,0,0,1,1.1428571428571428,0.0
9,2350,3,True,0,2025-02-25,1,0.0,0.04,0.05,1,25,0,0,1,1.0,0.0
9,2385,3,True,0,2025-02-25,1,0.0,0.02,0.03,1,25,0,0,1,1.0,0.0
9,2387,3,True,0,2025-02-25,1,0.0,0.1,0.11,1,25,0,0,1,0.8571428571428571,0.0
9,2394,3,True,0,2025-02-25,1,0.0,0.12,0.17,1,25,0,0,1,0.8571428571428571,0.0
9,2402,3,True,0,2025-02-25,3,0.0,0.07,0.09,1,25,0,0,1,0.8571428571428571,0.0
9,2406,3,True,0,2025-02-25,1,0.0,0.29,0.32,1,25,0,0,1,1.1428571428571428,0.0
9,2411,3,True,0,2025-02-25,1,0.0,0.16,0.19,1,25,0,0,1,1.1428571428571428,0.0
9,2422,3,True,0,2025-02-25,3,0.0,0.27,0.31,1,25,0,0,1,1.2857142857142858,0.0
9,2426,3,True,0,2025-02-25,0,0.0,0.15,0.15,1,25,0,0,1,1.5714285714285714,0.0
9,2472,3,True,0,2025-02-25,1,0.0,0.09,0.11,1,25,0,0,1,1.4285714285714286,0.0
9,2496,3,True,0,2025-02-25,1,0.0,0.22,0.25,1,25,0,0,1,1.4285714285714286,0.0
9,2501,3,True,0,2025-02-25,1,0.0,0.09,0.11,1,25,0,0,1,1.4285714285714286,0.0
9,2505,3,True,0,2025-02-25,0,0.0,0.09,0.11,1,25,0,0,1,1.1428571428571428,0.0
9,2521,3,True,0,2025-02-25,1,0.0,0.43,0.44,1,25,0,0,1,1.0,0.0
9,2524,3,True,0,2025-02-25,1,0.0,0.29,0.36,1,25,0,0,1,1.0,0.0
9,2532,3,True,0,2025-02-25,2,0.0,0.12,0.12,1,25,0,0,1,0.7142857142857143,0.0
9,2533,3,True,0,2025-02-25,1,0.0,0.34,0.39,1,25,0,0,1,1.0,0.0
9,2555,3,True,0,2025-02-25,3,0.0,0.03,0.04,1,25,0,0,1,1.0,0.0
9,2572,3,True,0,2025-02-25,0,0.0,0.34,0.36,1,25,0,0,1,1.2857142857142858,0.0
9,2573,3,True,0,2025-02-25,1,0.0,0.23,0.31,1,25,0,0,1,1.1428571428571428,0.0
9,2575,3,True,0,2025-02-25,0,0.0,0.02,0.03,1,25,0,0,1,1.2857142857142858,0.0
9,2578,3,True,0,2025-02-25,1,0.0,0.04,0.06,1,25,0,0,1,1.1428571428571428,0.0
9,2593,3,True,0,2025-02-25,1,0.0,0.01,0.02,1,25,0,0,1,1.1428571428571428,0.0
9,2594,3,True,0,2025-02-25,1,0.0,0.24,0.29,1,25,0,0,1,1.0,0.0
9,2596,3,True,0,2025-02-25,4,0.0,0.22,0.19,1,25,0,0,1,1.0,0.0
9,2626,3,True,0,2025-02-25,1,0.0,0.25,0.3,1,25,0,0,1,1.1428571428571428,0.0
9,2637,3,True,0,2025-02-25,1,0.0,0.15,0.17,1,25,0,0,1,1.2857142857142858,0.0
9,2650,3,True,0,2025-02-25,0,0.0,0.07,0.09,1,25,0,0,1,1.2857142857142858,0.0
9,2663,3,True,0,2025-02-25,1,0.0,0.54,0.59,1,25,0,0,1,1.2857142857142858,0.0
9,2664,3,True,0,2025-02-25,1,0.0,0.19,0.22,1,25,0,0,1,1.2857142857142858,0.0
9,2668,3,True,0,2025-02-25,2,0.0,0.22,0.3,1,25,0,0,1,1.2857142857142858,0.0
9,2710,3,True,0,2025-02-25,0,0.0,0.06,0.07,1,25,0,0,1,1.4285714285714286,0.0
9,2715,3,True,0,2025-02-25,0,0.0,0.04,0.05,1,25,0,0,1,0.8571428571428571,0.0
9,2741,3,True,0,2025-02-25,1,2.0,0.17,0.18,1,25,0,0,1,0.7142857142857143,0.0
9,2746,3,True,0,2025-02-25,2,0.0,0.15,0.18,1,25,0,0,1,0.7142857142857143,0.0
9,2768,3,True,0,2025-02-25,1,0.0,0.08,0.11,1,25,0,0,1,1.0,0.0
9,2814,3,True,0,2025-02-25,1,0.0,0.1,0.13,1,25,0,0,1,1.0,0.0
9,2826,3,True,0,2025-02-25,1,0.0,0.06,0.11,1,25,0,0,1,1.0,0.0
9,2827,3,True,0,2025-02-25,0,0.0,0.34,0.38,1,25,0,0,1,0.8571428571428571,0.0
9,2861,3,True,0,2025-02-25,2,0.0,0.09,0.12,1,25,0,0,1,0.8571428571428571,0.0
9,2862,3,True,0,2025-02-25,1,0.0,0.32,0.43,1,25,0,0,1,1.1428571428571428,0.0
9,2864,3,True,0,2025-02-25,4,0.0,0.06,0.08,1,25,0,0,1,1.1428571428571428,0.0
9,2866,3,True,0,2025-02-25,7,0.0,0.25,0.28,1,25,0,0,1,1.4285714285714286,0.0
9,2902,3,True,0,2025-02-25,1,0.0,0.04,0.06,1,25,0,0,1,2.2857142857142856,0.0
9,2910,3,True,0,2025-02-25,1,0.0,0.25,0.32,1,25,0,0,1,2.2857142857142856,0.0
9,2911,3,True,0,2025-02-25,1,0.0,0.27,0.32,1,25,0,0,1,2.2857142857142856,0.0
9,2951,3,True,0,2025-02-25,1,0.0,0.07,0.09,1,25,0,0,1,2.4285714285714284,0.0
9,2954,3,True,0,2025-02-25,1,0.0,0.05,0.06,1,25,0,0,1,2.2857142857142856,0.0
9,2958,3,True,0,2025-02-25,1,0.0,0.04,0.05,1,25,0,0,1,2.2857142857142856,0.0
9,2974,3,True,0,2025-02-25,3,0.0,0.12,0.14,1,25,0,0,1,1.8571428571428572,0.0
9,2975,3,True,0,2025-02-25,2,0.0,0.14,0.15,1,25,0,0,1,1.2857142857142858,0.0
9,2980,3,True,0,2025-02-25,1,0.0,0.06,0.08,1,25,0,0,1,1.4285714285714286,0.0
9,3022,3,True,0,2025-02-25,2,0.0,0.2,0.23,1,25,0,0,1,1.4285714285714286,0.0
9,3052,3,True,0,2025-02-25,1,0.0,0.16,0.2,1,25,0,0,1,1.5714285714285714,0.0
9,3061,3,True,0,2025-02-25,1,0.0,0.03,0.05,1,25,0,0,1,1.5714285714285714,0.0
9,3069,3,True,0,2025-02-25,0,1.0,0.14,0.2,1,25,0,0,1,1.5714285714285714,0.0
9,3074,3,True,0,2025-02-25,1,0.0,0.12,0.17,1,25,0,0,1,1.4285714285714286,0.0
9,3077,3,True,0,2025-02-25,2,0.0,0.44,0.42,1,25,0,0,1,1.1428571428571428,0.0
9,3079,3,True,0,2025-02-25,2,0.0,0.1,0.13,1,25,0,0,1,1.1428571428571428,0.0
9,3083,3,True,0,2025-02-25,1,0.0,0.06,0.08,1,25,0,0,1,1.2857142857142858,0.0
9,3104,3,True,0,2025-02-25,1,0.0,0.24,0.26,1,25,0,0,1,1.1428571428571428,0.0
9,3116,3,True,0,2025-02-25,1,0.0,0.09,0.1,1,25,0,0,1,1.1428571428571428,0.0
9,3117,3,True,0,2025-02-25,1,0.0,0.05,0.06,1,25,0,0,1,1.1428571428571428,0.0
9,3119,3,True,0,2025-02-25,1,0.0,0.09,0.11,1,25,0,0,1,1.2857142857142858,0.0
9,3165,3,True,0,2025-02-25,1,0.0,0.07,0.09,1,25,0,0,1,1.2857142857142858,0.0
9,3208,3,True,0,2025-02-25,1,0.0,0.07,0.1,1,25,0,0,1,1.1428571428571428,0.0
9,3212,3,True,0,2025-02-25,0,0.0,0.08,0.1,1,25,0,0,1,1.0,0.0
9,3219,3,True,0,2025-02-25,1,0.0,0.08,0.11,1,25,0,0,1,0.8571428571428571,0.0
9,3234,3,True,0,2025-02-25,4,0.0,0.13,0.16,1,25,0,0,1,0.8571428571428571,0.0
9,3242,3,True,0,2025-02-25,1,0.0,0.05,0.07,1,25,0,0,1,1.2857142857142858,0.0
9,3263,3,True,0,2025-02-25,2,0.0,0.3,0.42,1,25,0,0,1,1.2857142857142858,0.0
9,3266,3,True,0,2025-02-25,3,0.0,0.08,0.11,1,25,0,0,1,1.4285714285714286,0.0
9,3276,3,True,0,2025-02-25,2,0.0,0.1,0.12,1,25,0,0,1,1.7142857142857142,0.0
9,3286,3,True,0,2025-02-25,3,0.0,0.22,0.33,1,25,0,0,1,1.8571428571428572,0.0
9,3347,3,True,0,2025-02-25,1,1.0,0.1,0.13,1,25,0,0,1,2.2857142857142856,0.0
9,3358,3,True,0,2025-02-25,1,0.0,0.17,0.22,1,25,0,0,1,2.2857142857142856,0.0
9,3363,3,True,0,2025-02-25,1,0.0,0.18,0.23,1,25,0,0,1,1.8571428571428572,0.0
9,3369,3,True,0,2025-02-25,4,0.0,0.06,0.1,1,25,0,0,1,1.8571428571428572,0.0
9,3393,3,True,0,2025-02-25,1,0.0,0.07,0.1,1,25,0,0,1,2.142857142857143,0.0
9,3452,3,True,0,2025-02-25,2,0.0,0.14,0.13,1,25,0,0,1,1.8571428571428572,0.0
9,3495,3,True,0,2025-02-25,6,1.0,0.08,0.12,1,25,0,0,1,1.8571428571428572,0.0
9,3502,3,True,0,2025-02-25,1,0.0,0.08,0.1,1,25,0,0,1,2.2857142857142856,0.0
9,3523,3,True,0,2025-02-25,0,0.0,0.17,0.22,1,25,0,0,1,2.2857142857142856,0.0
9,3527,3,True,0,2025-02-25,1,0.0,0.15,0.2,1,25,0,0,1,2.142857142857143,0.0
9,3538,3,True,0,2025-02-25,2,0.0,0.02,0.04,1,25,0,0,1,2.142857142857143,0.0
9,3546,3,True,0,2025-02-25,0,0.0,0.12,0.17,1,25,0,0,1,1.8571428571428572,0.0
9,3549,3,True,0,2025-02-25,2,0.0,0.15,0.19,1,25,0,0,1,1.7142857142857142,0.0
9,3560,3,True,0,2025-02-25,1,0.0,0.2,0.21,1,25,0,0,1,1.7142857142857142,0.0
9,3589,3,True,0,2025-02-25,4,0.0,0.09,0.12,1,25,0,0,1,1.0,0.0
9,3609,3,True,0,2025-02-25,1,0.0,0.04,0.05,1,25,0,0,1,1.4285714285714286,0.0
9,3641,3,True,0,2025-02-25,2,0.0,0.07,0.09,1,25,0,0,1,1.5714285714285714,0.0
9,3642,3,True,0,2025-02-25,2,0.0,0.42,0.54,1,25,0,0,1,1.7142857142857142,0.0
9,3653,3,True,0,2025-02-25,1,0.0,0.25,0.35,1,25,0,0,1,1.7142857142857142,0.0
9,3701,3,True,0,2025-02-25,3,0.0,0.23,0.24,1,25,0,0,1,1.8571428571428572,0.0
9,3708,3,True,0,2025-02-25,1,0.0,0.02,0.03,1,25,0,0,1,2.0,0.0
9,3726,3,True,0,2025-02-25,2,0.0,0.1,0.13,1,25,0,0,1,2.0,0.0
9,3746,3,True,0,2025-02-25,2,0.0,0.06,0.08,1,25,0,0,1,1.7142857142857142,0.0
9,3749,3,True,0,2025-02-25,1,0.0,0.08,0.11,1,25,0,0,1,1.8571428571428572,0.0
9,3769,3,True,0,2025-02-25,1,0.0,0.27,0.29,1,25,0,0,1,1.7142857142857142,0.0
9,3798,3,True,0,2025-02-25,2,0.0,0.04,0.05,1,25,0,0,1,1.5714285714285714,0.0
9,3803,3,True,0,2025-02-25,1,0.0,0.14,0.16,1,25,0,0,1,1.7142857142857142,0.0
9,3834,3,True,0,2025-02-25,1,0.0,0.04,0.06,1,25,0,0,1,1.4285714285714286,0.0
9,3839,3,True,0,2025-02-25,1,0.0,0.05,0.09,1,25,0,0,1,1.4285714285714286,0.0
9,3852,3,True,0,2025-02-25,2,0.0,0.24,0.27,1,25,0,0,1,1.2857142857142858,0.0
9,3864,3,True,0,2025-02-25,0,0.0,0.05,0.07,1,25,0,0,1,1.2857142857142858,0.0
9,3877,3,True,0,2025-02-25,18,0.0,0.01,0.02,1,25,0,0,1,1.1428571428571428,0.0
9,3891,3,True,0,2025-02-25,1,0.0,0.17,0.17,1,25,0,0,1,3.5714285714285716,0.0
9,3893,3,True,0,2025-02-25,1,0.0,0.08,0.09,1,25,0,0,1,3.4285714285714284,0.0
9,3909,3,True,0,2025-02-25,1,0.0,0.08,0.12,1,25,0,0,1,3.4285714285714284,0.0
9,3911,3,True,0,2025-02-25,2,0.0,0.08,0.09,1,25,0,0,1,3.4285714285714284,0.0
9,3915,3,True,0,2025-02-25,1,0.0,0.1,0.13,1,25,0,0,1,3.5714285714285716,0.0
9,3922,3,True,0,2025-02-25,1,0.0,0.03,0.04,1,25,0,0,1,3.4285714285714284,0.0
9,3934,3,True,0,2025-02-25,1,0.0,0.38,0.39,1,25,0,0,1,3.5714285714285716,0.0
9,3951,3,True,0,2025-02-25,2,0.0,0.39,0.33,1,25,0,0,1,1.1428571428571428,0.0
9,3982,3,True,0,2025-02-25,2,0.0,0.17,0.2,1,25,0,0,1,1.2857142857142858,0.0
9,4002,3,True,0,2025-02-25,3,0.0,0.05,0.06,1,25,0,0,1,1.4285714285714286,0.0
9,4011,3,True,0,2025-02-25,1,0.0,0.07,0.11,1,25,0,0,1,1.7142857142857142,0.0
9,4033,3,True,0,2025-02-25,1,0.0,0.11,0.15,1,25,0,0,1,1.5714285714285714,0.0
9,4041,3,True,0,2025-02-25,1,0.0,0.04,0.06,1,25,0,0,1,1.5714285714285714,0.0
9,4062,3,True,0,2025-02-25,1,0.0,0.12,0.14,1,25,0,0,1,1.5714285714285714,0.0
9,4097,3,True,0,2025-02-25,10,0.0,0.03,0.05,1,25,0,0,1,1.5714285714285714,0.0
9,4119,3,True,0,2025-02-25,1,0.0,0.16,0.18,1,25,0,0,1,2.7142857142857144,0.0
9,4120,3,True,0,2025-02-25,1,0.0,0.16,0.19,1,25,0,0,1,2.5714285714285716,0.0
9,4167,3,True,0,2025-02-25,3,0.0,0.32,0.37,1,25,0,0,1,2.2857142857142856,0.0
9,4179,3,True,0,2025-02-25,0,0.0,0.12,0.13,1,25,0,0,1,2.5714285714285716,0.0
9,4191,3,True,0,2025-02-25,0,0.0,0.12,0.12,1,25,0,0,1,2.4285714285714284,0.0
9,4192,3,True,0,2025-02-25,1,0.0,0.18,0.2,1,25,0,0,1,2.2857142857142856,0.0
9,4203,3,True,0,2025-02-25,1,0.0,0.04,0.05,1,25,0,0,1,2.2857142857142856,0.0
9,4207,3,True,0,2025-02-25,0,0.0,0.11,0.14,1,25,0,0,1,1.0,0.0
9,4210,3,True,0,2025-02-25,1,0.0,0.28,0.33,1,25,0,0,1,0.8571428571428571,0.0
9,4230,3,True,0,2025-02-25,1,0.0,0.13,0.18,1,25,0,0,1,0.8571428571428571,0.0
9,4239,3,True,0,2025-02-25,1,0.0,0.05,0.11,1,25,0,0,1,0.5714285714285714,0.0
9,4242,3,True,0,2025-02-25,1,0.0,0.32,0.39,1,25,0,0,1,0.7142857142857143,0.0
9,4246,3,True,0,2025-02-25,3,0.0,0.26,0.33,1,25,0,0,1,0.8571428571428571,0.0
9,4248,3,True,0,2025-02-25,1,0.0,0.24,0.27,1,25,0,0,1,1.1428571428571428,0.0
9,4260,3,True,0,2025-02-25,0,0.0,0.06,0.07,1,25,0,0,1,1.1428571428571428,0.0
9,4269,3,True,0,2025-02-25,1,0.0,0.08,0.11,1,25,0,0,1,1.1428571428571428,0.0
9,4277,3,True,0,2025-02-25,0,0.0,0.04,0.05,1,25,0,0,1,1.1428571428571428,0.0
9,4302,3,True,0,2025-02-25,2,0.0,0.57,0.54,1,25,0,0,1,1.0,0.0
9,4315,3,True,0,2025-02-25,1,0.0,0.12,0.15,1,25,0,0,1,1.1428571428571428,0.0
9,4339,3,True,0,2025-02-25,1,0.0,0.23,0.25,1,25,0,0,1,1.1428571428571428,0.0
9,4357,3,True,0,2025-02-25,2,0.0,0.07,0.09,1,25,0,0,1,0.8571428571428571,0.0
9,4369,3,True,0,2025-02-25,1,0.0,0.38,0.44,1,25,0,0,1,1.0,0.0
9,4381,3,True,0,2025-02-25,1,0.0,0.14,0.2,1,25,0,0,1,1.1428571428571428,0.0
9,4397,3,True,0,2025-02-25,2,0.0,0.09,0.14,1,25,0,0,1,1.1428571428571428,0.0
9,4409,3,True,0,2025-02-25,2,0.0,0.09,0.12,1,25,0,0,1,1.4285714285714286,0.0
9,4469,3,True,0,2025-02-25,1,0.0,0.25,0.31,1,25,0,0,1,1.4285714285714286,0.0
9,4475,3,True,0,2025-02-25,2,0.0,0.06,0.07,1,25,0,0,1,1.4285714285714286,0.0
9,4517,3,True,0,2025-02-25,1,0.0,0.29,0.31,1,25,0,0,1,1.5714285714285714,0.0
9,4521,3,True,0,2025-02-25,1,0.0,0.22,0.23,1,25,0,0,1,1.4285714285714286,0.0
9,4524,3,True,0,2025-02-25,2,0.0,0.17,0.18,1,25,0,0,1,1.4285714285714286,0.0
9,4527,3,True,0,2025-02-25,2,0.0,0.1,0.11,1,25,0,0,1,1.5714285714285714,0.0
9,4539,3,True,0,2025-02-25,33,0.0,0.01,0.01,1,25,0,0,1,1.5714285714285714,0.0
9,4540,3,True,0,2025-02-25,1,0.0,0.04,0.05,1,25,0,0,1,6.0,0.0
9,4546,3,True,0,2025-02-25,1,0.0,0.1,0.11,1,25,0,0,1,6.0,0.0
9,4563,3,True,0,2025-02-25,0,1.0,0.15,0.2,1,25,0,0,1,5.857142857142857,0.0
9,4572,3,True,0,2025-02-25,2,0.0,0.09,0.1,1,25,0,0,1,5.714285714285714,0.0
9,4582,3,True,0,2025-02-25,1,0.0,0.4,0.54,1,25,0,0,1,5.857142857142857,0.0
9,4640,3,True,0,2025-02-25,1,0.0,0.25,0.27,1,25,0,0,1,5.714285714285714,0.0
9,4675,3,True,0,2025-02-25,1,0.0,0.1,0.16,1,25,0,0,1,5.571428571428571,0.0
9,4683,3,True,0,2025-02-25,1,0.0,0.03,0.05,1,25,0,0,1,1.0,0.0
9,4689,3,True,0,2025-02-25,1,0.0,0.11,0.14,1,25,0,0,1,1.0,0.0
9,4699,3,True,0,2025-02-25,2,0.0,0.07,0.1,1,25,0,0,1,1.0,0.0
9,4704,3,True,0,2025-02-25,2,0.0,0.24,0.33,1,25,0,0,1,1.2857142857142858,0.0
9,4725,3,True,0,2025-02-25,1,0.0,0.09,0.11,1,25,0,0,1,1.2857142857142858,0.0
9,4744,3,True,0,2025-02-25,1,0.0,0.04,0.05,1,25,0,0,1,1.2857142857142858,0.0
9,4757,3,True,0,2025-02-25,1,0.0,0.16,0.19,1,25,0,0,1,1.2857142857142858,0.0
9,4765,3,True,0,2025-02-25,1,0.0,0.12,0.17,1,25,0,0,1,1.2857142857142858,0.0
9,4769,3,True,0,2025-02-25,1,0.0,0.5,0.69,1,25,0,0,1,1.2857142857142858,0.0
9,4782,3,True,0,2025-02-25,5,0.0,0.14,0.17,1,25,0,0,1,1.2857142857142858,0.0
9,4783,3,True,0,2025-02-25,1,0.0,0.27,0.35,1,25,0,0,1,1.7142857142857142,0.0
9,4790,3,True,0,2025-02-25,3,0.0,0.09,0.13,1,25,0,0,1,1.5714285714285714,0.0
9,4794,3,True,0,2025-02-25,0,0.0,0.06,0.07,1,25,0,0,1,1.8571428571428572,0.0
9,4802,3,True,0,2025-02-25,0,0.0,0.17,0.2,1,25,0,0,1,1.7142857142857142,0.0
9,4803,3,True,0,2025-02-25,1,0.0,0.65,0.81,1,25,0,0,1,1.5714285714285714,0.0
9,4816,3,True,0,2025-02-25,1,0.0,0.11,0.13,1,25,0,0,1,1.5714285714285714,0.0
9,4820,3,True,0,2025-02-25,1,0.0,0.06,0.08,1,25,0,0,1,1.5714285714285714,0.0
9,4833,3,True,0,2025-02-25,1,0.0,0.22,0.25,1,25,0,0,1,1.0,0.0
9,4848,3,True,0,2025-02-25,1,0.0,0.07,0.08,1,25,0,0,1,1.0,0.0
9,4852,3,True,0,2025-02-25,3,0.0,0.2,0.24,1,25,0,0,1,0.7142857142857143,0.0
9,4859,3,True,0,2025-02-25,1,0.0,0.05,0.05,1,25,0,0,1,1.1428571428571428,0.0
9,4870,3,True,0,2025-02-25,2,0.0,0.1,0.12,1,25,0,0,1,1.2857142857142858,0.0
9,4878,3,True,0,2025-02-25,1,0.0,0.1,0.13,1,25,0,0,1,1.4285714285714286,0.0
9,4883,3,True,0,2025-02-25,2,0.0,0.12,0.14,1,25,0,0,1,1.4285714285714286,0.0
9,4885,3,True,0,2025-02-25,1,0.0,0.06,0.09,1,25,0,0,1,1.5714285714285714,0.0
9,4886,3,True,0,2025-02-25,2,0.0,0.16,0.2,1,25,0,0,1,1.5714285714285714,0.0
9,4888,3,True,0,2025-02-25,2,0.0,0.17,0.19,1,25,0,0,1,1.7142857142857142,0.0
9,4908,3,True,0,2025-02-25,2,0.0,0.16,0.19,1,25,0,0,1,1.5714285714285714,0.0
9,4934,3,True,0,2025-02-25,2,0.0,0.07,0.09,1,25,0,0,1,1.7142857142857142,0.0
9,4938,3,True,0,2025-02-25,5,0.0,0.54,0.59,1,25,0,0,1,1.7142857142857142,0.0
9,4948,3,True,0,2025-02-25,1,0.0,0.12,0.15,1,25,0,0,1,2.2857142857142856,0.0
9,4957,3,True,0,2025-02-25,0,0.0,0.11,0.14,1,25,0,0,1,2.142857142857143,0.0
9,4971,3,True,0,2025-02-25,1,0.0,0.29,0.31,1,25,0,0,1,2.0,0.0
9,4976,3,True,0,2025-02-25,1,0.0,0.04,0.05,1,25,0,0,1,1.8571428571428572,0.0
9,4981,3,True,0,2025-02-25,1,0.0,0.15,0.2,1,25,0,0,1,1.7142857142857142,0.0
9,4984,3,True,0,2025-02-25,1,0.0,0.06,0.06,1,25,0,0,1,1.5714285714285714,0.0
9,4986,3,True,0,2025-02-25,1,0.0,0.05,0.04,1,25,0,0,1,1.4285714285714286,0.0
9,5004,3,True,0,2025-02-25,2,0.0,0.05,0.06,1,25,0,0,1,0.8571428571428571,0.0
9,5024,3,True,0,2025-02-25,3,0.0,0.1,0.13,1,25,0,0,1,1.0,0.0
9,5074,3,True,0,2025-02-25,1,0.0,0.23,0.23,1,25,0,0,1,1.4285714285714286,0.0
9,5094,3,True,0,2025-02-25,3,0.0,0.05,0.07,1,25,0,0,1,1.4285714285714286,0.0
9,5095,3,True,0,2025-02-25,1,0.0,0.03,0.04,1,25,0,0,1,1.7142857142857142,0.0
9,5101,3,True,0,2025-02-25,1,0.0,0.01,0.02,1,25,0,0,1,1.7142857142857142,0.0
9,5105,3,True,0,2025-02-25,3,1.0,0.15,0.2,1,25,0,0,1,1.7142857142857142,0.0
9,5119,3,True,0,2025-02-25,1,0.0,0.06,0.08,1,25,0,0,1,2.0,0.0
9,5125,3,True,0,2025-02-25,3,0.0,0.06,0.08,1,25,0,0,1,1.8571428571428572,0.0
9,5139,3,True,0,2025-02-25,1,0.0,0.2,0.29,1,25,0,0,1,1.8571428571428572,0.0
9,5209,3,True,0,2025-02-25,0,0.0,0.35,0.37,1,25,0,0,1,1.8571428571428572,0.0
9,5221,3,True,0,2025-02-25,2,0.0,0.05,0.06,1,25,0,0,1,1.4285714285714286,0.0
9,5261,3,True,0,2025-02-25,1,0.0,0.15,0.2,1,25,0,0,1,1.5714285714285714,0.0
9,5262,3,True,0,2025-02-25,1,0.0,0.04,0.06,1,25,0,0,1,1.5714285714285714,0.0
9,5280,3,True,0,2025-02-25,1,0.0,0.09,0.12,1,25,0,0,1,1.2857142857142858,0.0
9,5281,3,True,0,2025-02-25,1,0.0,0.27,0.35,1,25,0,0,1,1.2857142857142858,0.0
9,17,4,False,0,2025-02-25,3,0.0,0.06,0.08,1,25,0,0,1,1.0,0.0
9,26,4,False,0,2025-02-25,3,0.0,0.04,0.06,1,25,0,0,1,1.2857142857142858,0.0
9,38,4,False,0,2025-02-25,1,0.0,0.12,0.17,1,25,0,0,1,1.7142857142857142,0.0
9,64,4,False,0,2025-02-25,3,0.0,0.01,0.02,1,25,0,0,1,1.5714285714285714,0.0
9,88,4,False,0,2025-02-25,0,0.0,0.02,0.03,1,25,0,0,1,1.8571428571428572,0.0
9,99,4,False,0,2025-02-25,2,0.0,0.02,0.03,1,25,0,0,1,1.7142857142857142,0.0
9,100,4,False,0,2025-02-25,2,0.0,0.04,0.05,1,25,0,0,1,1.8571428571428572,0.0
9,145,4,False,0,2025-02-25,1,0.0,0.06,0.07,1,25,0,0,1,2.0,0.0
9,168,4,False,0,2025-02-25,0,0.0,0.04,0.06,1,25,0,0,1,1.7142857142857142,0.0
9,175,4,False,0,2025-02-25,2,0.0,0.03,0.06,1,25,0,0,1,1.2857142857142858,0.0
9,178,4,False,0,2025-02-25,0,0.0,0.0,0.0,1,25,0,0,1,1.4285714285714286,0.0
9,182,4,False,0,2025-02-25,0,0.0,0.03,0.05,1,25,0,0,1,1.0,0.0
9,185,4,False,0,2025-02-25,4,0.0,0.02,0.03,1,25,0,0,1,1.0,0.0
9,205,4,False,0,2025-02-25,1,0.0,0.1,0.13,1,25,0,0,1,1.2857142857142858,0.0
9,235,4,False,0,2025-02-25,2,0.0,0.06,0.07,1,25,0,0,1,1.1428571428571428,0.0
9,255,4,False,0,2025-02-25,2,0.0,0.03,0.05,1,25,0,0,1,1.2857142857142858,0.0
9,272,4,False,0,2025-02-25,2,0.0,0.03,0.05,1,25,0,0,1,1.5714285714285714,0.0
9,290,4,False,0,2025-02-25,1,0.0,0.06,0.08,1,25,0,0,1,1.5714285714285714,0.0
9,292,4,False,0,2025-02-25,2,0.0,0.04,0.06,1,25,0,0,1,1.7142857142857142,0.0
9,306,4,False,0,2025-02-25,2,0.0,0.04,0.05,1,25,0,0,1,2.0,0.0
9,314,4,False,0,2025-02-25,2,0.0,0.03,0.03,1,25,0,0,1,1.7142857142857142,0.0
9,328,4,False,0,2025-02-25,3,0.0,0.07,0.09,1,25,0,0,1,1.8571428571428572,0.0
9,338,4,False,0,2025-02-25,3,0.0,0.05,0.07,1,25,0,0,1,2.0,0.0
9,350,4,False,0,2025-02-25,4,0.0,0.03,0.05,1,25,0,0,1,2.142857142857143,0.0
9,362,4,False,0,2025-02-25,0,0.0,0.02,0.03,1,25,0,0,1,2.4285714285714284,0.0
9,370,4,False,0,2025-02-25,3,0.0,0.03,0.06,1,25,0,0,1,2.2857142857142856,0.0
9,372,4,False,0,2025-02-25,0,0.0,0.02,0.04,1,25,0,0,1,2.4285714285714284,0.0
9,447,4,False,0,2025-02-25,2,0.0,0.06,0.07,1,25,0,0,1,2.142857142857143,0.0
9,464,4,False,0,2025-02-25,0,0.0,0.02,0.03,1,25,0,0,1,2.142857142857143,0.0
9,482,4,False,0,2025-02-25,2,0.0,0.02,0.04,1,25,0,0,1,1.7142857142857142,0.0
9,524,4,False,0,2025-02-25,3,0.0,0.02,0.03,1,25,0,0,1,1.5714285714285714,0.0
9,552,4,False,0,2025-02-25,2,0.0,0.07,0.1,1,25,0,0,1,1.4285714285714286,0.0
9,560,4,False,0,2025-02-25,4,0.0,0.02,0.03,1,25,0,0,1,1.7142857142857142,0.0
9,584,4,False,0,2025-02-25,0,0.0,0.05,0.08,1,25,0,0,1,1.8571428571428572,0.0
9,595,4,False,0,2025-02-25,2,0.0,0.07,0.1,1,25,0,0,1,1.8571428571428572,0.0
9,613,4,False,0,2025-02-25,2,0.0,0.02,0.04,1,25,0,0,1,1.8571428571428572,0.0
9,621,4,False,0,2025-02-25,1,0.0,0.05,0.08,1,25,0,0,1,2.142857142857143,0.0
9,622,4,False,0,2025-02-25,3,0.0,0.02,0.04,1,25,0,0,1,2.0,0.0
9,676,4,False,0,2025-02-25,2,1.0,0.08,0.14,1,25,0,0,1,2.0,0.0
9,700,4,False,0,2025-02-25,3,0.0,0.03,0.05,1,25,0,0,1,2.0,0.0
9,723,4,False,0,2025-02-25,1,0.0,0.03,0.04,1,25,0,0,1,1.8571428571428572,0.0
9,726,4,False,0,2025-02-25,2,0.0,0.04,0.06,1,25,0,0,1,2.0,0.0
9,731,4,False,0,2025-02-25,0,0.0,0.19,0.24,1,25,0,0,1,2.0,0.0
9,736,4,False,0,2025-02-25,2,0.0,0.04,0.06,1,25,0,0,1,1.7142857142857142,0.0
9,749,4,False,0,2025-02-25,2,0.0,0.08,0.08,1,25,0,0,1,1.8571428571428572,0.0
9,761,4,False,0,2025-02-25,1,0.0,0.02,0.02,1,25,0,0,1,1.7142857142857142,0.0
9,824,4,False,0,2025-02-25,3,0.0,0.01,0.01,1,25,0,0,1,1.5714285714285714,0.0
9,826,4,False,0,2025-02-25,3,0.0,0.05,0.06,1,25,0,0,1,1.5714285714285714,0.0
9,845,4,False,0,2025-02-25,3,0.0,0.07,0.11,1,25,0,0,1,1.8571428571428572,0.0
9,849,4,False,0,2025-02-25,2,0.0,0.04,0.06,1,25,0,0,1,2.0,0.0
9,852,4,False,0,2025-02-25,0,0.0,0.02,0.03,1,25,0,0,1,2.2857142857142856,0.0
9,871,4,False,0,2025-02-25,1,0.0,0.05,0.08,1,25,0,0,1,2.0,0.0
9,880,4,False,0,2025-02-25,1,0.0,0.04,0.06,1,25,0,0,1,1.8571428571428572,0.0
9,892,4,False,0,2025-02-25,4,0.0,0.02,0.02,1,25,0,0,1,1.8571428571428572,0.0
9,953,4,False,0,2025-02-25,3,0.0,0.01,0.02,1,25,0,0,1,2.0,0.0
9,963,4,False,0,2025-02-25,2,0.0,0.05,0.06,1,25,0,0,1,2.0,0.0
9,989,4,False,0,2025-02-25,0,0.0,0.02,0.03,1,25,0,0,1,1.8571428571428572,0.0
9,1003,4,False,0,2025-02-25,4,0.0,0.02,0.03,1,25,0,0,1,1.5714285714285714,0.0
9,1009,4,False,0,2025-02-25,3,0.0,0.21,0.24,1,25,0,0,1,2.142857142857143,0.0
9,1013,4,False,0,2025-02-25,2,0.0,0.08,0.12,1,25,0,0,1,2.4285714285714284,0.0
9,1040,4,False,0,2025-02-25,3,0.0,0.03,0.03,1,25,0,0,1,2.5714285714285716,0.0
9,1041,4,False,0,2025-02-25,2,0.0,0.05,0.06,1,25,0,0,1,2.4285714285714284,0.0
9,1069,4,False,0,2025-02-25,1,0.0,0.07,0.09,1,25,0,0,1,2.2857142857142856,0.0
9,1077,4,False,0,2025-02-25,1,0.0,0.06,0.09,1,25,0,0,1,2.142857142857143,0.0
9,1090,4,False,0,2025-02-25,1,0.0,0.04,0.06,1,25,0,0,1,2.2857142857142856,0.0
9,1092,4,False,0,2025-02-25,3,0.0,0.02,0.03,1,25,0,0,1,1.8571428571428572,0.0
9,1111,4,False,0,2025-02-25,1,0.0,0.06,0.09,1,25,0,0,1,1.8571428571428572,0.0
9,1119,4,False,0,2025-02-25,3,0.0,0.04,0.09,1,25,0,0,1,1.7142857142857142,0.0
9,1123,4,False,0,2025-02-25,3,0.0,0.0,0.01,1,25,0,0,1,1.7142857142857142,0.0
9,1137,4,False,0,2025-02-25,2,0.0,0.03,0.04,1,25,0,0,1,1.8571428571428572,0.0
9,1182,4,False,0,2025-02-25,2,1.0,0.02,0.03,1,25,0,0,1,2.0,0.0
9,1183,4,False,0,2025-02-25,1,0.0,0.01,0.01,1,25,0,0,1,2.142857142857143,0.0
9,1245,4,False,0,2025-02-25,1,0.0,0.04,0.06,1,25,0,0,1,2.142857142857143,0.0
9,1248,4,False,0,2025-02-25,2,0.0,0.01,0.01,1,25,0,0,1,1.8571428571428572,0.0
9,1257,4,False,0,2025-02-25,1,0.0,0.1,0.14,1,25,0,0,1,2.0,0.0
9,1268,4,False,0,2025-02-25,2,0.0,0.06,0.07,1,25,0,0,1,1.7142857142857142,0.0
9,1274,4,False,0,2025-02-25,2,0.0,0.09,0.15,1,25,0,0,1,1.5714285714285714,0.0
9,1316,4,False,0,2025-02-25,5,0.0,0.03,0.05,1,25,0,0,1,1.5714285714285714,0.0
9,1321,4,False,0,2025-02-25,4,0.0,0.03,0.04,1,25,0,0,1,2.0,0.0
9,1329,4,False,0,2025-02-25,1,0.0,0.01,0.01,1,25,0,0,1,2.4285714285714284,0.0
9,1369,4,False,0,2025-02-25,2,0.0,0.02,0.03,1,25,0,0,1,2.4285714285714284,0.0
9,1373,4,False,0,2025-02-25,3,0.0,0.05,0.06,1,25,0,0,1,2.4285714285714284,0.0
9,1394,4,False,0,2025-02-25,4,0.0,0.02,0.03,1,25,0,0,1,2.7142857142857144,0.0
9,1402,4,False,0,2025-02-25,3,0.0,0.03,0.05,1,25,0,0,1,3.0,0.0
9,1417,4,False,0,2025-02-25,2,0.0,0.06,0.08,1,25,0,0,1,3.142857142857143,0.0
9,1420,4,False,0,2025-02-25,0,0.0,0.04,0.05,1,25,0,0,1,2.7142857142857144,0.0
9,1428,4,False,0,2025-02-25,0,0.0,0.03,0.04,1,25,0,0,1,2.142857142857143,0.0
9,1436,4,False,0,2025-02-25,1,0.0,0.05,0.07,1,25,0,0,1,2.0,0.0
9,1473,4,False,0,2025-02-25,2,0.0,0.06,0.06,1,25,0,0,1,1.8571428571428572,0.0
9,1481,4,False,0,2025-02-25,1,0.0,0.04,0.07,1,25,0,0,1,1.7142857142857142,0.0
9,1493,4,False,0,2025-02-25,1,0.0,0.06,0.07,1,25,0,0,1,1.2857142857142858,0.0
9,1497,4,False,0,2025-02-25,2,0.0,0.05,0.06,1,25,0,0,1,1.0,0.0
9,1506,4,False,0,2025-02-25,3,0.0,0.02,0.04,1,25,0,0,1,1.0,0.0
9,1519,4,False,0,2025-02-25,3,0.0,0.05,0.06,1,25,0,0,1,1.4285714285714286,0.0
9,1539,4,False,0,2025-02-25,5,0.0,0.02,0.03,1,25,0,0,1,1.8571428571428572,0.0
9,1546,4,False,0,2025-02-25,2,0.0,0.03,0.05,1,25,0,0,1,2.4285714285714284,0.0
9,1563,4,False,0,2025-02-25,1,0.0,0.04,0.05,1,25,0,0,1,2.4285714285714284,0.0
9,1570,4,False,0,2025-02-25,0,0.0,0.02,0.03,1,25,0,0,1,2.4285714285714284,0.0
9,1573,4,False,0,2025-02-25,2,0.0,0.07,0.11,1,25,0,0,1,2.2857142857142856,0.0
9,1574,4,False,0,2025-02-25,2,0.0,0.07,0.09,1,25,0,0,1,2.2857142857142856,0.0
9,1594,4,False,0,2025-02-25,2,0.0,0.02,0.03,1,25,0,0,1,2.142857142857143,0.0
9,1626,4,False,0,2025-02-25,5,1.0,0.06,0.07,1,25,0,0,1,2.0,0.0
9,1644,4,False,0,2025-02-25,2,0.0,0.07,0.1,1,25,0,0,1,2.0,0.0
9,1652,4,False,0,2025-02-25,1,0.0,0.05,0.07,1,25,0,0,1,2.0,0.0
9,1673,4,False,0,2025-02-25,2,0.0,0.06,0.08,1,25,0,0,1,2.0,0.0
9,1675,4,False,0,2025-02-25,2,0.0,0.05,0.06,1,25,0,0,1,2.2857142857142856,0.0
9,1686,4,False,0,2025-02-25,1,0.0,0.07,0.1,1,25,0,0,1,2.2857142857142856,0.0
9,1706,4,False,0,2025-02-25,2,0.0,0.01,0.03,1,25,0,0,1,2.142857142857143,0.0
9,1716,4,False,0,2025-02-25,2,0.0,0.03,0.03,1,25,0,0,1,2.142857142857143,0.0
9,1732,4,False,0,2025-02-25,1,0.0,0.08,0.08,1,25,0,0,1,1.7142857142857142,0.0
9,1738,4,False,0,2025-02-25,1,0.0,0.02,0.04,1,25,0,0,1,1.5714285714285714,0.0
9,1745,4,False,0,2025-02-25,1,0.0,0.05,0.08,1,25,0,0,1,1.5714285714285714,0.0
9,1759,4,False,0,2025-02-25,1,0.0,0.03,0.04,1,25,0,0,1,1.4285714285714286,0.0
9,1776,4,False,0,2025-02-25,1,0.0,0.14,0.15,1,25,0,0,1,1.2857142857142858,0.0
9,1826,4,False,0,2025-02-25,3,0.0,0.07,0.08,1,25,0,0,1,1.2857142857142858,0.0
9,1830,4,False,0,2025-02-25,1,0.0,0.15,0.21,1,25,0,0,1,1.4285714285714286,0.0
9,1863,4,False,0,2025-02-25,1,0.0,0.04,0.07,1,25,0,0,1,1.2857142857142858,0.0
9,1866,4,False,0,2025-02-25,0,0.0,0.02,0.02,1,25,0,0,1,1.2857142857142858,0.0
9,1922,4,False,0,2025-02-25,4,0.0,0.02,0.04,1,25,0,0,1,1.1428571428571428,0.0
9,1934,4,False,0,2025-02-25,2,0.0,0.02,0.04,1,25,0,0,1,1.5714285714285714,0.0
9,1975,4,False,0,2025-02-25,0,0.0,0.03,0.05,1,25,0,0,1,1.7142857142857142,0.0
9,1984,4,False,0,2025-02-25,2,0.0,0.06,0.08,1,25,0,0,1,1.5714285714285714,0.0
9,2005,4,False,0,2025-02-25,2,0.0,0.16,0.18,1,25,0,0,1,1.4285714285714286,0.0
9,2013,4,False,0,2025-02-25,5,0.0,0.03,0.03,1,25,0,0,1,1.5714285714285714,0.0
9,2025,4,False,0,2025-02-25,1,0.0,0.03,0.05,1,25,0,0,1,2.142857142857143,0.0
9,2028,4,False,0,2025-02-25,1,0.0,0.03,0.04,1,25,0,0,1,2.2857142857142856,0.0
9,2033,4,False,0,2025-02-25,1,0.0,0.11,0.15,1,25,0,0,1,1.8571428571428572,0.0
9,2035,4,False,0,2025-02-25,1,0.0,0.02,0.03,1,25,0,0,1,1.7142857142857142,0.0
9,2042,4,False,0,2025-02-25,4,0.0,0.03,0.06,1,25,0,0,1,1.8571428571428572,0.0
9,2051,4,False,0,2025-02-25,2,0.0,0.03,0.03,1,25,0,0,1,2.142857142857143,0.0
9,2061,4,False,0,2025-02-25,1,0.0,0.02,0.04,1,25,0,0,1,2.142857142857143,0.0
9,2069,4,False,0,2025-02-25,1,0.0,0.07,0.1,1,25,0,0,1,1.5714285714285714,0.0
9,2083,4,False,0,2025-02-25,2,0.0,0.06,0.09,1,25,0,0,1,1.5714285714285714,0.0
9,2088,4,False,0,2025-02-25,1,0.0,0.03,0.04,1,25,0,0,1,1.7142857142857142,0.0
9,2129,4,False,0,2025-02-25,2,0.0,0.03,0.03,1,25,0,0,1,1.7142857142857142,0.0
9,2144,4,False,0,2025-02-25,2,0.0,0.03,0.05,1,25,0,0,1,1.8571428571428572,0.0
9,2149,4,False,0,2025-02-25,1,0.0,0.04,0.06,1,25,0,0,1,1.5714285714285714,0.0
9,2167,4,False,0,2025-02-25,3,0.0,0.05,0.07,1,25,0,0,1,1.4285714285714286,0.0
9,2193,4,False,0,2025-02-25,2,0.0,0.08,0.1,1,25,0,0,1,1.7142857142857142,0.0
9,2230,4,False,0,2025-02-25,2,0.0,0.02,0.03,1,25,0,0,1,1.8571428571428572,0.0
9,2233,4,False,0,2025-02-25,1,0.0,0.06,0.09,1,25,0,0,1,1.8571428571428572,0.0
9,2238,4,False,0,2025-02-25,1,0.0,0.04,0.05,1,25,0,0,1,1.8571428571428572,0.0
9,2257,4,False,0,2025-02-25,0,2.0,0.04,0.06,1,25,0,0,1,1.7142857142857142,0.0
9,2279,4,False,0,2025-02-25,3,0.0,0.11,0.15,1,25,0,0,1,1.4285714285714286,0.0
9,2283,4,False,0,2025-02-25,1,0.0,0.04,0.06,1,25,0,0,1,1.7142857142857142,0.0
9,2286,4,False,0,2025-02-25,1,0.0,0.11,0.15,1,25,0,0,1,1.4285714285714286,0.0
9,2306,4,False,0,2025-02-25,2,0.0,0.04,0.07,1,25,0,0,1,1.2857142857142858,0.0
9,2315,4,False,0,2025-02-25,2,0.0,0.07,0.1,1,25,0,0,1,1.2857142857142858,0.0
9,2392,4,False,0,2025-02-25,2,0.0,0.04,0.05,1,25,0,0,1,1.4285714285714286,0.0
9,2397,4,False,0,2025-02-25,3,0.0,0.02,0.03,1,25,0,0,1,1.5714285714285714,0.0
9,2398,4,False,0,2025-02-25,4,0.0,0.12,0.16,1,25,0,0,1,2.0,0.0
9,2438,4,False,0,2025-02-25,2,0.0,0.02,0.04,1,25,0,0,1,2.142857142857143,0.0
9,2443,4,False,0,2025-02-25,2,0.0,0.05,0.07,1,25,0,0,1,2.2857142857142856,0.0
9,2469,4,False,0,2025-02-25,2,0.0,0.07,0.09,1,25,0,0,1,2.4285714285714284,0.0
9,2473,4,False,0,2025-02-25,3,0.0,0.04,0.06,1,25,0,0,1,2.4285714285714284,0.0
9,2478,4,False,0,2025-02-25,2,0.0,0.02,0.03,1,25,0,0,1,2.5714285714285716,0.0
9,2487,4,False,0,2025-02-25,4,0.0,0.02,0.04,1,25,0,0,1,2.5714285714285716,0.0
9,2497,4,False,0,2025-02-25,2,0.0,0.03,0.04,1,25,0,0,1,2.7142857142857144,0.0
9,2506,4,False,0,2025-02-25,1,0.0,0.03,0.04,1,25,0,0,1,2.4285714285714284,0.0
9,2522,4,False,0,2025-02-25,1,0.0,0.11,0.17,1,25,0,0,1,2.2857142857142856,0.0
9,2567,4,False,0,2025-02-25,2,0.0,0.04,0.04,1,25,0,0,1,2.142857142857143,0.0
9,2581,4,False,0,2025-02-25,1,0.0,0.06,0.07,1,25,0,0,1,2.142857142857143,0.0
9,2624,4,False,0,2025-02-25,1,0.0,0.06,0.1,1,25,0,0,1,1.8571428571428572,0.0
9,2630,4,False,0,2025-02-25,2,0.0,0.03,0.03,1,25,0,0,1,1.7142857142857142,0.0
9,2631,4,False,0,2025-02-25,3,0.0,0.02,0.04,1,25,0,0,1,1.4285714285714286,0.0
9,2642,4,False,0,2025-02-25,3,0.0,0.03,0.05,1,25,0,0,1,1.5714285714285714,0.0
9,2658,4,False,0,2025-02-25,3,0.0,0.02,0.04,1,25,0,0,1,1.8571428571428572,0.0
9,2672,4,False,0,2025-02-25,3,0.0,0.02,0.03,1,25,0,0,1,2.142857142857143,0.0
9,2688,4,False,0,2025-02-25,3,0.0,0.03,0.04,1,25,0,0,1,2.2857142857142856,0.0
9,2725,4,False,0,2025-02-25,1,0.0,0.08,0.14,1,25,0,0,1,2.5714285714285716,0.0
9,2744,4,False,0,2025-02-25,3,0.0,0.06,0.1,1,25,0,0,1,2.5714285714285716,0.0
9,2788,4,False,0,2025-02-25,3,0.0,0.02,0.03,1,25,0,0,1,2.7142857142857144,0.0
9,2801,4,False,0,2025-02-25,2,0.0,0.06,0.09,1,25,0,0,1,2.7142857142857144,0.0
9,2804,4,False,0,2025-02-25,2,0.0,0.06,0.07,1,25,0,0,1,2.5714285714285716,0.0
9,2818,4,False,0,2025-02-25,2,0.0,0.02,0.03,1,25,0,0,1,2.4285714285714284,0.0
9,2825,4,False,0,2025-02-25,1,0.0,0.18,0.24,1,25,0,0,1,2.2857142857142856,0.0
9,2830,4,False,0,2025-02-25,2,0.0,0.04,0.05,1,25,0,0,1,2.0,0.0
9,2832,4,False,0,2025-02-25,3,0.0,0.01,0.03,1,25,0,0,1,2.142857142857143,0.0
9,2838,4,False,0,2025-02-25,3,0.0,0.02,0.03,1,25,0,0,1,2.142857142857143,0.0
9,2844,4,False,0,2025-02-25,2,0.0,0.03,0.05,1,25,0,0,1,2.142857142857143,0.0
9,2860,4,False,0,2025-02-25,2,0.0,0.07,0.1,1,25,0,0,1,2.142857142857143,0.0
9,2870,4,False,0,2025-02-25,2,0.0,0.06,0.08,1,25,0,0,1,2.142857142857143,0.0
9,2871,4,False,0,2025-02-25,2,0.0,0.04,0.05,1,25,0,0,1,2.142857142857143,0.0
9,2892,4,False,0,2025-02-25,1,0.0,0.09,0.13,1,25,0,0,1,2.2857142857142856,0.0
9,2894,4,False,0,2025-02-25,0,0.0,0.04,0.07,1,25,0,0,1,2.142857142857143,0.0
9,2957,4,False,0,2025-02-25,2,0.0,0.02,0.04,1,25,0,0,1,1.7142857142857142,0.0
9,2961,4,False,0,2025-02-25,3,0.0,0.05,0.06,1,25,0,0,1,1.5714285714285714,0.0
9,2963,4,False,0,2025-02-25,1,0.0,0.06,0.08,1,25,0,0,1,1.7142857142857142,0.0
9,2970,4,False,0,2025-02-25,1,0.0,0.03,0.05,1,25,0,0,1,1.5714285714285714,0.0
9,2979,4,False,0,2025-02-25,2,0.0,0.06,0.07,1,25,0,0,1,1.4285714285714286,0.0
9,2992,4,False,0,2025-02-25,1,0.0,0.05,0.08,1,25,0,0,1,1.4285714285714286,0.0
9,3000,4,False,0,2025-02-25,2,0.0,0.1,0.17,1,25,0,0,1,1.4285714285714286,0.0
9,3012,4,False,0,2025-02-25,2,0.0,0.02,0.03,1,25,0,0,1,1.7142857142857142,0.0
9,3044,4,False,0,2025-02-25,3,0.0,0.02,0.02,1,25,0,0,1,1.7142857142857142,0.0
9,3086,4,False,0,2025-02-25,3,0.0,0.04,0.07,1,25,0,0,1,1.7142857142857142,0.0
9,3145,4,False,0,2025-02-25,2,0.0,0.04,0.06,1,25,0,0,1,2.0,0.0
9,3146,4,False,0,2025-02-25,3,0.0,0.01,0.01,1,25,0,0,1,2.142857142857143,0.0
9,3162,4,False,0,2025-02-25,4,0.0,0.01,0.02,1,25,0,0,1,2.2857142857142856,0.0
9,3178,4,False,0,2025-02-25,1,0.0,0.12,0.19,1,25,0,0,1,2.7142857142857144,0.0
9,3185,4,False,0,2025-02-25,2,0.0,0.04,0.06,1,25,0,0,1,2.5714285714285716,0.0
9,3196,4,False,0,2025-02-25,3,0.0,0.02,0.03,1,25,0,0,1,2.5714285714285716,0.0
9,3209,4,False,0,2025-02-25,0,0.0,0.02,0.04,1,25,0,0,1,2.5714285714285716,0.0
9,3224,4,False,0,2025-02-25,3,0.0,0.04,0.07,1,25,0,0,1,2.142857142857143,0.0
9,3262,4,False,0,2025-02-25,2,0.0,0.09,0.13,1,25,0,0,1,2.2857142857142856,0.0
9,3267,4,False,0,2025-02-25,3,0.0,0.01,0.01,1,25,0,0,1,2.142857142857143,0.0
9,3293,4,False,0,2025-02-25,3,0.0,0.0,0.01,1,25,0,0,1,2.0,0.0
9,3312,4,False,0,2025-02-25,1,0.0,0.01,0.02,1,25,0,0,1,2.2857142857142856,0.0
9,3317,4,False,0,2025-02-25,3,0.0,0.01,0.02,1,25,0,0,1,2.142857142857143,0.0
9,3327,4,False,0,2025-02-25,3,0.0,0.01,0.02,1,25,0,0,1,2.142857142857143,0.0
9,3377,4,False,0,2025-02-25,2,0.0,0.02,0.04,1,25,0,0,1,2.5714285714285716,0.0
9,3420,4,False,0,2025-02-25,2,0.0,0.07,0.09,1,25,0,0,1,2.4285714285714284,0.0
9,3453,4,False,0,2025-02-25,1,0.0,0.02,0.04,1,25,0,0,1,2.4285714285714284,0.0
9,3455,4,False,0,2025-02-25,0,0.0,0.02,0.04,1,25,0,0,1,2.142857142857143,0.0
9,3465,4,False,0,2025-02-25,1,0.0,0.06,0.07,1,25,0,0,1,1.7142857142857142,0.0
9,3466,4,False,0,2025-02-25,2,0.0,0.03,0.03,1,25,0,0,1,1.7142857142857142,0.0
9,3472,4,False,0,2025-02-25,0,0.0,0.04,0.06,1,25,0,0,1,1.5714285714285714,0.0
9,3473,4,False,0,2025-02-25,2,0.0,0.01,0.03,1,25,0,0,1,1.1428571428571428,0.0
9,3493,4,False,0,2025-02-25,2,0.0,0.04,0.07,1,25,0,0,1,1.1428571428571428,0.0
9,3552,4,False,0,2025-02-25,1,0.0,0.03,0.05,1,25,0,0,1,1.1428571428571428,0.0
9,3562,4,False,0,2025-02-25,2,0.0,0.05,0.07,1,25,0,0,1,1.1428571428571428,0.0
9,3569,4,False,0,2025-02-25,3,0.0,0.03,0.06,1,25,0,0,1,1.4285714285714286,0.0
9,3577,4,False,0,2025-02-25,2,0.0,0.04,0.06,1,25,0,0,1,1.7142857142857142,0.0
9,3590,4,False,0,2025-02-25,1,0.0,0.02,0.03,1,25,0,0,1,1.7142857142857142,0.0
9,3620,4,False,0,2025-02-25,2,0.0,0.02,0.04,1,25,0,0,1,1.8571428571428572,0.0
9,3627,4,False,0,2025-02-25,0,0.0,0.06,0.09,1,25,0,0,1,1.8571428571428572,0.0
9,3628,4,False,0,2025-02-25,1,0.0,0.06,0.09,1,25,0,0,1,1.5714285714285714,0.0
9,3633,4,False,0,2025-02-25,3,0.0,0.07,0.1,1,25,0,0,1,1.5714285714285714,0.0
9,3645,4,False,0,2025-02-25,2,0.0,0.07,0.08,1,25,0,0,1,1.7142857142857142,0.0
9,3651,4,False,0,2025-02-25,1,0.0,0.04,0.05,1,25,0,0,1,1.5714285714285714,0.0
9,3692,4,False,0,2025-02-25,1,0.0,0.1,0.12,1,25,0,0,1,1.4285714285714286,0.0
9,3700,4,False,0,2025-02-25,2,0.0,0.02,0.03,1,25,0,0,1,1.4285714285714286,0.0
9,3721,4,False,0,2025-02-25,0,0.0,0.03,0.05,1,25,0,0,1,1.4285714285714286,0.0
9,3728,4,False,0,2025-02-25,2,0.0,0.03,0.05,1,25,0,0,1,1.4285714285714286,0.0
9,3753,4,False,0,2025-02-25,3,0.0,0.04,0.07,1,25,0,0,1,1.5714285714285714,0.0
9,3772,4,False,0,2025-02-25,3,0.0,0.03,0.05,1,25,0,0,1,1.5714285714285714,0.0
9,3818,4,False,0,2025-02-25,3,0.0,0.06,0.09,1,25,0,0,1,1.7142857142857142,0.0
9,3843,4,False,0,2025-02-25,1,0.0,0.02,0.03,1,25,0,0,1,2.0,0.0
9,3847,4,False,0,2025-02-25,2,0.0,0.01,0.03,1,25,0,0,1,2.0,0.0
9,3850,4,False,0,2025-02-25,3,0.0,0.07,0.11,1,25,0,0,1,2.0,0.0
9,3853,4,False,0,2025-02-25,0,0.0,0.1,0.15,1,25,0,0,1,2.4285714285714284,0.0
9,3879,4,False,0,2025-02-25,2,0.0,0.05,0.08,1,25,0,0,1,2.142857142857143,0.0
9,3888,4,False,0,2025-02-25,4,0.0,0.01,0.01,1,25,0,0,1,2.0,0.0
9,3903,4,False,0,2025-02-25,2,0.0,0.04,0.07,1,25,0,0,1,2.142857142857143,0.0
9,3906,4,False,0,2025-02-25,2,0.0,0.11,0.16,1,25,0,0,1,2.0,0.0
9,3939,4,False,0,2025-02-25,2,0.0,0.04,0.06,1,25,0,0,1,2.142857142857143,0.0
9,3968,4,False,0,2025-02-25,1,0.0,0.01,0.02,1,25,0,0,1,2.142857142857143,0.0
9,3971,4,False,0,2025-02-25,1,0.0,0.08,0.09,1,25,0,0,1,1.8571428571428572,0.0
9,3974,4,False,0,2025-02-25,1,0.0,0.09,0.13,1,25,0,0,1,2.0,0.0
9,3987,4,False,0,2025-02-25,0,0.0,0.03,0.05,1,25,0,0,1,1.8571428571428572,0.0
9,4019,4,False,0,2025-02-25,3,0.0,0.04,0.05,1,25,0,0,1,1.2857142857142858,0.0
9,4028,4,False,0,2025-02-25,2,0.0,0.02,0.03,1,25,0,0,1,1.4285714285714286,0.0
9,4071,4,False,0,2025-02-25,2,0.0,0.05,0.07,1,25,0,0,1,1.4285714285714286,0.0
9,4108,4,False,0,2025-02-25,2,0.0,0.02,0.03,1,25,0,0,1,1.4285714285714286,0.0
9,4133,4,False,0,2025-02-25,2,0.0,0.08,0.14,1,25,0,0,1,1.5714285714285714,0.0
9,4135,4,False,0,2025-02-25,1,0.0,0.03,0.04,1,25,0,0,1,1.7142857142857142,0.0
9,4170,4,False,0,2025-02-25,1,0.0,0.02,0.03,1,25,0,0,1,1.7142857142857142,0.0
9,4184,4,False,0,2025-02-25,1,0.0,0.06,0.09,1,25,0,0,1,1.8571428571428572,0.0
9,4186,4,False,0,2025-02-25,1,0.0,0.03,0.04,1,25,0,0,1,1.5714285714285714,0.0
9,4212,4,False,0,2025-02-25,0,0.0,0.06,0.08,1,25,0,0,1,1.4285714285714286,0.0
9,4243,4,False,0,2025-02-25,1,0.0,0.09,0.11,1,25,0,0,1,1.1428571428571428,0.0
9,4268,4,False,0,2025-02-25,2,0.0,0.02,0.03,1,25,0,0,1,1.0,0.0
9,4275,4,False,0,2025-02-25,0,0.0,0.01,0.02,1,25,0,0,1,1.0,0.0
9,4281,4,False,0,2025-02-25,1,0.0,0.02,0.04,1,25,0,0,1,0.8571428571428571,0.0
9,4293,4,False,0,2025-02-25,1,0.0,0.12,0.18,1,25,0,0,1,0.8571428571428571,0.0
9,4305,4,False,0,2025-02-25,1,0.0,0.07,0.1,1,25,0,0,1,0.8571428571428571,0.0
9,4335,4,False,0,2025-02-25,1,0.0,0.04,0.07,1,25,0,0,1,0.8571428571428571,0.0
9,4342,4,False,0,2025-02-25,0,0.0,0.02,0.04,1,25,0,0,1,1.0,0.0
9,4372,4,False,0,2025-02-25,3,0.0,0.02,0.04,1,25,0,0,1,0.8571428571428571,0.0
9,4373,4,False,0,2025-02-25,0,0.0,0.07,0.09,1,25,0,0,1,1.0,0.0
9,4392,4,False,0,2025-02-25,1,0.0,0.09,0.12,1,25,0,0,1,1.0,0.0
9,4395,4,False,0,2025-02-25,3,0.0,0.05,0.08,1,25,0,0,1,1.0,0.0
9,4422,4,False,0,2025-02-25,2,0.0,0.01,0.02,1,25,0,0,1,1.2857142857142858,0.0
9,4438,4,False,0,2025-02-25,1,0.0,0.01,0.02,1,25,0,0,1,1.4285714285714286,0.0
9,4451,4,False,0,2025-02-25,2,0.0,0.04,0.06,1,25,0,0,1,1.4285714285714286,0.0
9,4456,4,False,0,2025-02-25,2,0.0,0.02,0.04,1,25,0,0,1,1.7142857142857142,0.0
9,4480,4,False,0,2025-02-25,1,0.0,0.06,0.1,1,25,0,0,1,1.5714285714285714,0.0
9,4520,4,False,0,2025-02-25,1,0.0,0.1,0.15,1,25,0,0,1,1.7142857142857142,0.0
9,4522,4,False,0,2025-02-25,1,0.0,0.02,0.04,1,25,0,0,1,1.7142857142857142,0.0
9,4550,4,False,0,2025-02-25,2,0.0,0.13,0.17,1,25,0,0,1,1.4285714285714286,0.0
9,4571,4,False,0,2025-02-25,2,0.0,0.03,0.06,1,25,0,0,1,1.4285714285714286,0.0
9,4577,4,False,0,2025-02-25,3,0.0,0.04,0.07,1,25,0,0,1,1.5714285714285714,0.0
9,4598,4,False,0,2025-02-25,3,0.0,0.07,0.08,1,25,0,0,1,1.7142857142857142,0.0
9,4621,4,False,0,2025-02-25,2,0.0,0.01,0.01,1,25,0,0,1,1.8571428571428572,0.0
9,4662,4,False,0,2025-02-25,2,0.0,0.02,0.04,1,25,0,0,1,2.0,0.0
9,4663,4,False,0,2025-02-25,2,0.0,0.04,0.07,1,25,0,0,1,2.142857142857143,0.0
9,4672,4,False,0,2025-02-25,2,0.0,0.03,0.04,1,25,0,0,1,2.2857142857142856,0.0
9,4715,4,False,0,2025-02-25,2,0.0,0.05,0.06,1,25,0,0,1,2.2857142857142856,0.0
9,4778,4,False,0,2025-02-25,1,0.0,0.04,0.07,1,25,0,0,1,2.2857142857142856,0.0
9,4785,4,False,0,2025-02-25,3,0.0,0.06,0.08,1,25,0,0,1,2.0,0.0
9,4806,4,False,0,2025-02-25,3,0.0,0.02,0.03,1,25,0,0,1,2.0,0.0
9,4808,4,False,0,2025-02-25,1,0.0,0.03,0.05,1,25,0,0,1,2.142857142857143,0.0
9,4823,4,False,0,2025-02-25,3,0.0,0.01,0.01,1,25,0,0,1,2.0,0.0
9,4842,4,False,0,2025-02-25,1,0.0,0.03,0.05,1,25,0,0,1,2.142857142857143,0.0
9,4851,4,False,0,2025-02-25,1,0.0,0.06,0.09,1,25,0,0,1,2.0,0.0
9,4855,4,False,0,2025-02-25,3,0.0,0.02,0.02,1,25,0,0,1,1.8571428571428572,0.0
9,4895,4,False,0,2025-02-25,1,0.0,0.04,0.04,1,25,0,0,1,2.142857142857143,0.0
9,4928,4,False,0,2025-02-25,3,0.0,0.03,0.05,1,25,0,0,1,1.8571428571428572,0.0
9,4955,4,False,0,2025-02-25,2,0.0,0.03,0.05,1,25,0,0,1,1.8571428571428572,0.0
9,4958,4,False,0,2025-02-25,0,0.0,0.05,0.07,1,25,0,0,1,2.0,0.0
9,4967,4,False,0,2025-02-25,2,0.0,0.05,0.08,1,25,0,0,1,1.5714285714285714,0.0
9,4978,4,False,0,2025-02-25,1,0.0,0.04,0.06,1,25,0,0,1,1.7142857142857142,0.0
9,5005,4,False,0,2025-02-25,3,0.0,0.04,0.06,1,25,0,0,1,1.7142857142857142,0.0
9,5063,4,False,0,2025-02-25,3,0.0,0.01,0.01,1,25,0,0,1,1.7142857142857142,0.0
9,5088,4,False,0,2025-02-25,3,0.0,0.01,0.02,1,25,0,0,1,2.0,0.0
9,5113,4,False,0,2025-02-25,0,0.0,0.03,0.05,1,25,0,0,1,2.0,0.0
9,5146,4,False,0,2025-02-25,2,0.0,0.03,0.05,1,25,0,0,1,1.7142857142857142,0.0
9,5154,4,False,0,2025-02-25,0,0.0,0.04,0.06,1,25,0,0,1,2.0,0.0
9,5162,4,False,0,2025-02-25,1,0.0,0.09,0.11,1,25,0,0,1,1.7142857142857142,0.0
9,5186,4,False,0,2025-02-25,4,1.0,0.02,0.04,1,25,0,0,1,1.7142857142857142,0.0
9,5191,4,False,0,2025-02-25,2,0.0,0.02,0.04,1,25,0,0,1,1.8571428571428572,0.0
9,5202,4,False,0,2025-02-25,2,0.0,0.09,0.12,1,25,0,0,1,1.7142857142857142,0.0
9,5208,4,False,0,2025-02-25,1,0.0,0.02,0.03,1,25,0,0,1,1.5714285714285714,0.0
9,5228,4,False,0,2025-02-25,1,0.0,0.01,0.02,1,25,0,0,1,1.7142857142857142,0.0
9,5229,4,False,0,2025-02-25,2,0.0,0.03,0.05,1,25,0,0,1,1.5714285714285714,0.0
9,5263,4,False,0,2025-02-25,3,0.0,0.02,0.04,1,25,0,0,1,1.8571428571428572,0.0
9,5266,4,False,0,2025-02-25,2,0.0,0.06,0.1,1,25,0,0,1,2.142857142857143,0.0
9,5286,4,False,0,2025-02-25,1,0.0,0.05,0.08,1,25,0,0,1,1.8571428571428572,0.0
9,74,5,True,0,2025-02-25,1,0.0,0.02,0.04,1,25,0,0,1,1.7142857142857142,0.0
9,213,5,True,0,2025-02-25,1,0.0,0.01,0.03,1,25,0,0,1,1.5714285714285714,0.0
9,284,5,True,0,2025-02-25,4,0.0,0.05,0.08,1,25,0,0,1,1.5714285714285714,0.0
9,567,5,True,0,2025-02-25,1,0.0,0.01,0.04,1,25,0,0,1,2.0,0.0
9,783,5,True,0,2025-02-25,7,0.0,0.03,0.06,1,25,0,0,1,1.8571428571428572,0.0
9,821,5,True,0,2025-02-25,1,0.0,0.03,0.06,1,25,0,0,1,2.4285714285714284,0.0
9,873,5,True,0,2025-02-25,3,0.0,0.03,0.05,1,25,0,0,1,2.2857142857142856,0.0
9,929,5,True,0,2025-02-25,1,0.0,0.07,0.16,1,25,0,0,1,2.5714285714285716,0.0
9,1037,5,True,0,2025-02-25,4,0.0,0.01,0.02,1,25,0,0,1,2.5714285714285716,0.0
9,1163,5,True,0,2025-02-25,6,0.0,0.08,0.15,1,25,0,0,1,3.0,0.0
9,1247,5,True,0,2025-02-25,7,0.0,0.04,0.05,1,25,0,0,1,3.2857142857142856,0.0
9,1333,5,True,0,2025-02-25,2,0.0,0.02,0.03,1,25,0,0,1,4.142857142857143,0.0
9,1339,5,True,0,2025-02-25,1,0.0,0.02,0.04,1,25,0,0,1,3.4285714285714284,0.0
9,1427,5,True,0,2025-02-25,0,0.0,0.01,0.04,1,25,0,0,1,3.4285714285714284,0.0
9,1746,5,True,0,2025-02-25,1,0.0,0.02,0.07,1,25,0,0,1,3.0,0.0
9,1882,5,True,0,2025-02-25,5,0.0,0.17,0.49,1,25,0,0,1,3.0,0.0
9,2066,5,True,0,2025-02-25,1,0.0,0.1,0.15,1,25,0,0,1,3.142857142857143,0.0
9,2104,5,True,0,2025-02-25,2,0.0,0.03,0.04,1,25,0,0,1,2.4285714285714284,0.0
9,2120,5,True,0,2025-02-25,1,0.0,0.03,0.06,1,25,0,0,1,1.7142857142857142,0.0
9,2132,5,True,0,2025-02-25,3,0.0,0.01,0.04,1,25,0,0,1,1.5714285714285714,0.0
9,2141,5,True,0,2025-02-25,0,0.0,0.01,0.03,1,25,0,0,1,1.8571428571428572,0.0
9,2219,5,True,0,2025-02-25,2,0.0,0.11,0.24,1,25,0,0,1,1.8571428571428572,0.0
9,2224,5,True,0,2025-02-25,2,0.0,0.03,0.08,1,25,0,0,1,2.0,0.0
9,2325,5,True,0,2025-02-25,4,0.0,0.03,0.06,1,25,0,0,1,1.5714285714285714,0.0
9,2418,5,True,0,2025-02-25,0,0.0,0.03,0.07,1,25,0,0,1,2.0,0.0
9,2880,5,True,0,2025-02-25,1,0.0,0.02,0.03,1,25,0,0,1,1.7142857142857142,0.0
9,3085,5,True,0,2025-02-25,2,1.0,0.02,0.04,1,25,0,0,1,1.7142857142857142,0.0
9,3087,5,True,0,2025-02-25,2,0.0,0.04,0.09,1,25,0,0,1,1.5714285714285714,0.0
9,3164,5,True,0,2025-02-25,3,0.0,0.05,0.1,1,25,0,0,1,1.8571428571428572,0.0
9,3218,5,True,0,2025-02-25,3,0.0,0.02,0.07,1,25,0,0,1,2.0,0.0
9,3229,5,True,0,2025-02-25,1,0.0,0.04,0.09,1,25,0,0,1,2.142857142857143,0.0
9,3292,5,True,0,2025-02-25,5,0.0,0.03,0.05,1,25,0,0,1,1.7142857142857142,0.0
9,3330,5,True,0,2025-02-25,0,0.0,0.06,0.11,1,25,0,0,1,2.4285714285714284,0.0
9,3424,5,True,0,2025-02-25,1,0.0,0.01,0.02,1,25,0,0,1,2.2857142857142856,0.0
9,3439,5,True,0,2025-02-25,2,0.0,0.02,0.04,1,25,0,0,1,2.142857142857143,0.0
9,3463,5,True,0,2025-02-25,3,0.0,0.03,0.05,1,25,0,0,1,2.142857142857143,0.0
9,3558,5,True,0,2025-02-25,8,0.0,0.03,0.06,1,25,0,0,1,2.142857142857143,0.0
9,3624,5,True,0,2025-02-25,1,0.0,0.06,0.13,1,25,0,0,1,2.857142857142857,0.0
9,3807,5,True,0,2025-02-25,1,0.0,0.08,0.1,1,25,0,0,1,2.857142857142857,0.0
9,3984,5,True,0,2025-02-25,1,0.0,0.02,0.04,1,25,0,0,1,2.2857142857142856,0.0
9,3996,5,True,0,2025-02-25,5,0.0,0.03,0.08,1,25,0,0,1,2.4285714285714284,0.0
9,4036,5,True,0,2025-02-25,1,0.0,0.01,0.02,1,25,0,0,1,3.0,0.0
9,4081,5,True,0,2025-02-25,2,0.0,0.03,0.07,1,25,0,0,1,2.857142857142857,0.0
9,4175,5,True,0,2025-02-25,7,0.0,0.03,0.06,1,25,0,0,1,2.7142857142857144,0.0
9,4544,5,True,0,2025-02-25,5,0.0,0.04,0.09,1,25,0,0,1,2.5714285714285716,0.0
9,4565,5,True,0,2025-02-25,3,0.0,0.01,0.04,1,25,0,0,1,3.142857142857143,0.0
9,4749,5,True,0,2025-02-25,3,0.0,0.01,0.02,1,25,0,0,1,3.4285714285714284,0.0
9,4789,5,True,0,2025-02-25,2,0.0,0.02,0.05,1,25,0,0,1,3.7142857142857144,0.0
9,4939,5,True,0,2025-02-25,3,0.0,0.02,0.06,1,25,0,0,1,3.2857142857142856,0.0
9,4942,5,True,0,2025-02-25,1,0.0,0.07,0.11,1,25,0,0,1,3.5714285714285716,0.0
9,5006,5,True,0,2025-02-25,1,0.0,0.03,0.04,1,25,0,0,1,3.4285714285714284,0.0
9,5049,5,True,0,2025-02-25,1,0.0,0.02,0.05,1,25,0,0,1,2.5714285714285716,0.0
9,5098,5,True,0,2025-02-25,0,0.0,0.02,0.05,1,25,0,0,1,2.0,0.0
9,5217,5,True,0,2025-02-25,2,0.0,0.02,0.04,1,25,0,0,1,1.5714285714285714,0.0
9,173,6,False,0,2025-02-25,1,0.0,0.09,0.14,1,25,0,0,1,1.4285714285714286,0.0
9,337,6,False,0,2025-02-25,1,0.0,0.12,0.04,1,25,0,0,1,1.2857142857142858,0.0
9,366,6,False,0,2025-02-25,0,0.0,0.08,0.1,1,25,0,0,1,1.0,0.0
9,386,6,False,0,2025-02-25,0,0.0,0.17,0.24,1,25,0,0,1,0.8571428571428571,0.0
9,449,6,False,0,2025-02-25,1,0.0,0.28,0.44,1,25,0,0,1,0.7142857142857143,0.0
9,594,6,False,0,2025-02-25,3,0.0,0.19,0.2,1,25,0,0,1,0.7142857142857143,0.0
9,820,6,False,0,2025-02-25,1,0.0,0.16,0.2,1,25,0,0,1,1.1428571428571428,0.0
9,988,6,False,0,2025-02-25,1,0.0,0.16,0.24,1,25,0,0,1,1.0,0.0
9,1031,6,False,0,2025-02-25,0,0.0,0.1,0.12,1,25,0,0,1,1.0,0.0
9,1124,6,False,0,2025-02-25,2,0.0,0.12,0.22,1,25,0,0,1,0.8571428571428571,0.0
9,1276,6,False,0,2025-02-25,1,0.0,0.13,0.17,1,25,0,0,1,1.1428571428571428,0.0
9,1340,6,False,0,2025-02-25,2,0.0,0.17,0.23,1,25,0,0,1,1.2857142857142858,0.0
9,1429,6,False,0,2025-02-25,1,0.0,0.08,0.11,1,25,0,0,1,1.4285714285714286,0.0
9,1534,6,False,0,2025-02-25,4,0.0,0.15,0.21,1,25,0,0,1,1.1428571428571428,0.0
9,1544,6,False,0,2025-02-25,2,0.0,0.08,0.1,1,25,0,0,1,1.5714285714285714,0.0
9,1611,6,False,0,2025-02-25,1,0.0,0.11,0.14,1,25,0,0,1,1.7142857142857142,0.0
9,1650,6,False,0,2025-02-25,1,0.0,0.24,0.28,1,25,0,0,1,1.8571428571428572,0.0
9,1702,6,False,0,2025-02-25,1,0.0,0.31,0.36,1,25,0,0,1,1.7142857142857142,0.0
9,1767,6,False,0,2025-02-25,1,0.0,0.12,0.17,1,25,0,0,1,1.7142857142857142,0.0
9,1807,6,False,0,2025-02-25,1,0.0,0.12,0.17,1,25,0,0,1,1.5714285714285714,0.0
9,1811,6,False,0,2025-02-25,0,0.0,0.04,0.06,1,25,0,0,1,1.5714285714285714,0.0
9,1828,6,False,0,2025-02-25,1,0.0,0.26,0.31,1,25,0,0,1,1.0,0.0
9,1868,6,False,0,2025-02-25,1,0.0,0.12,0.13,1,25,0,0,1,0.8571428571428571,0.0
9,1901,6,False,0,2025-02-25,1,0.0,0.16,0.21,1,25,0,0,1,0.8571428571428571,0.0
9,2712,6,False,0,2025-02-25,1,0.0,0.12,0.13,1,25,0,0,1,0.8571428571428571,0.0
9,2912,6,False,0,2025-02-25,0,0.0,0.12,0.18,1,25,0,0,1,0.8571428571428571,0.0
9,3088,6,False,0,2025-02-25,2,0.0,0.06,0.08,1,25,0,0,1,0.7142857142857143,0.0
9,3187,6,False,0,2025-02-25,0,0.0,0.26,0.28,1,25,0,0,1,0.8571428571428571,0.0
9,3202,6,False,0,2025-02-25,0,0.0,0.14,0.21,1,25,0,0,1,0.8571428571428571,0.0
9,3604,6,False,0,2025-02-25,1,0.0,0.32,0.35,1,25,0,0,1,0.7142857142857143,0.0
9,3648,6,False,0,2025-02-25,1,0.0,0.2,0.24,1,25,0,0,1,0.7142857142857143,0.0
9,3687,6,False,0,2025-02-25,2,0.0,0.14,0.22,1,25,0,0,1,0.7142857142857143,0.0
9,3842,6,False,0,2025-02-25,2,0.0,0.39,0.49,1,25,0,0,1,0.8571428571428571,0.0
9,3902,6,False,0,2025-02-25,1,0.0,0.17,0.24,1,25,0,0,1,1.1428571428571428,0.0
9,3912,6,False,0,2025-02-25,1,0.0,0.06,0.07,1,25,0,0,1,1.0,0.0
9,4177,6,False,0,2025-02-25,0,0.0,0.06,0.08,1,25,0,0,1,1.1428571428571428,0.0
9,4234,6,False,0,2025-02-25,2,0.0,0.12,0.16,1,25,0,0,1,1.1428571428571428,0.0
9,4288,6,False,0,2025-02-25,1,0.0,0.13,0.18,1,25,0,0,1,1.2857142857142858,0.0
9,4376,6,False,0,2025-02-25,1,0.0,0.08,0.11,1,25,0,0,1,1.2857142857142858,0.0
9,4386,6,False,0,2025-02-25,1,0.0,0.09,0.14,1,25,0,0,1,1.1428571428571428,0.0
9,4468,6,False,0,2025-02-25,0,0.0,0.34,0.44,1,25,0,0,1,1.0,0.0
9,4892,6,False,0,2025-02-25,0,0.0,0.2,0.23,1,25,0,0,1,0.8571428571428571,0.0
9,4899,6,False,0,2025-02-25,3,0.0,0.06,0.1,1,25,0,0,1,0.7142857142857143,0.0
9,4917,6,False,0,2025-02-25,8,0.0,0.15,0.22,1,25,0,0,1,1.1428571428571428,0.0
9,5150,6,False,0,2025-02-25,6,0.0,0.18,0.21,1,25,0,0,1,2.0,0.0
9,5253,6,False,0,2025-02-25,1,0.0,0.23,0.34,1,25,0,0,1,2.7142857142857144,0.0
9,188,7,False,0,2025-02-25,1,0.0,0.03,0.04,1,25,0,0,1,2.7142857142857144,0.0
9,348,7,False,0,2025-02-25,3,0.0,0.02,0.03,1,25,0,0,1,2.7142857142857144,0.0
9,392,7,False,0,2025-02-25,1,0.0,0.01,0.01,1,25,0,0,1,3.142857142857143,0.0
9,503,7,False,0,2025-02-25,9,0.0,0.01,0.01,1,25,0,0,1,3.2857142857142856,0.0
9,680,7,False,0,2025-02-25,20,0.0,0.01,0.01,1,25,0,0,1,4.142857142857143,0.0
9,743,7,False,0,2025-02-25,4,0.0,0.02,0.04,1,25,0,0,1,5.857142857142857,0.0
9,840,7,False,0,2025-02-25,4,0.0,0.02,0.03,1,25,0,0,1,5.571428571428571,0.0
9,966,7,False,0,2025-02-25,2,0.0,0.03,0.04,1,25,0,0,1,6.0,0.0
9,1084,7,False,0,2025-02-25,1,0.0,0.01,0.01,1,25,0,0,1,6.142857142857143,0.0
9,1108,7,False,0,2025-02-25,1,0.0,0.05,0.09,1,25,0,0,1,5.857142857142857,0.0
9,1128,7,False,0,2025-02-25,0,0.0,0.02,0.02,1,25,0,0,1,5.857142857142857,0.0
9,1253,7,False,0,2025-02-25,1,0.0,0.01,0.02,1,25,0,0,1,4.571428571428571,0.0
9,1445,7,False,0,2025-02-25,4,0.0,0.04,0.05,1,25,0,0,1,1.8571428571428572,0.0
9,1488,7,False,0,2025-02-25,3,0.0,0.01,0.01,1,25,0,0,1,1.8571428571428572,0.0
9,1556,7,False,0,2025-02-25,4,0.0,0.02,0.03,1,25,0,0,1,1.7142857142857142,0.0
9,1591,7,False,0,2025-02-25,2,0.0,0.05,0.09,1,25,0,0,1,2.0,0.0
9,1677,7,False,0,2025-02-25,1,0.0,0.02,0.04,1,25,0,0,1,2.142857142857143,0.0
9,1697,7,False,0,2025-02-25,0,0.0,0.05,0.09,1,25,0,0,1,2.142857142857143,0.0
9,1895,7,False,0,2025-02-25,1,0.0,0.02,0.02,1,25,0,0,1,2.142857142857143,0.0
9,1905,7,False,0,2025-02-25,3,0.0,0.02,0.02,1,25,0,0,1,2.142857142857143,0.0
9,1981,7,False,0,2025-02-25,1,0.0,0.01,0.01,1,25,0,0,1,2.0,0.0
9,2105,7,False,0,2025-02-25,1,0.0,0.02,0.03,1,25,0,0,1,1.7142857142857142,0.0
9,2182,7,False,0,2025-02-25,1,0.0,0.2,0.26,1,25,0,0,1,1.2857142857142858,0.0
9,2202,7,False,0,2025-02-25,4,0.0,0.11,0.14,1,25,0,0,1,1.1428571428571428,0.0
9,2232,7,False,0,2025-02-25,2,0.0,0.04,0.08,1,25,0,0,1,1.5714285714285714,0.0
9,2340,7,False,0,2025-02-25,2,0.0,0.02,0.02,1,25,0,0,1,1.8571428571428572,0.0
9,2380,7,False,0,2025-02-25,1,0.0,0.03,0.05,1,25,0,0,1,2.0,0.0
9,2439,7,False,0,2025-02-25,1,0.0,0.03,0.04,1,25,0,0,1,1.7142857142857142,0.0
9,2645,7,False,0,2025-02-25,5,0.0,0.03,0.04,1,25,0,0,1,1.7142857142857142,0.0
9,2792,7,False,0,2025-02-25,3,0.0,0.02,0.04,1,25,0,0,1,2.2857142857142856,0.0
9,2989,7,False,0,2025-02-25,0,0.0,0.0,0.0,1,25,0,0,1,2.5714285714285716,0.0
9,3025,7,False,0,2025-02-25,6,0.0,0.01,0.01,1,25,0,0,1,2.0,0.0
9,3078,7,False,0,2025-02-25,3,0.0,0.07,0.09,1,25,0,0,1,2.5714285714285716,0.0
9,3111,7,False,0,2025-02-25,1,0.0,0.03,0.04,1,25,0,0,1,2.7142857142857144,0.0
9,3125,7,False,0,2025-02-25,1,0.0,0.02,0.03,1,25,0,0,1,2.7142857142857144,0.0
9,4069,7,False,0,2025-02-25,1,0.0,0.02,0.02,1,25,0,0,1,2.7142857142857144,0.0
9,4233,7,False,0,2025-02-25,3,0.0,0.06,0.1,1,25,0,0,1,2.142857142857143,0.0
9,4424,7,False,0,2025-02-25,2,0.0,0.02,0.05,1,25,0,0,1,2.142857142857143,0.0
9,4454,7,False,0,2025-02-25,1,0.0,0.01,0.02,1,25,0,0,1,2.4285714285714284,0.0
9,4484,7,False,0,2025-02-25,20,0.0,0.02,0.05,1,25,0,0,1,1.7142857142857142,0.0
9,4599,7,False,0,2025-02-25,3,0.0,0.01,0.02,1,25,0,0,1,4.142857142857143,0.0
9,4624,7,False,0,2025-02-25,1,0.0,0.03,0.04,1,25,0,0,1,4.428571428571429,0.0
9,4763,7,False,0,2025-02-25,2,0.0,0.01,0.02,1,25,0,0,1,4.428571428571429,0.0
9,4788,7,False,0,2025-02-25,1,0.0,0.02,0.03,1,25,0,0,1,4.571428571428571,0.0
9,4841,7,False,0,2025-02-25,1,0.0,0.01,0.02,1,25,0,0,1,4.285714285714286,0.0
9,4910,7,False,0,2025-02-25,0,0.0,0.2,0.22,1,25,0,0,1,4.142857142857143,0.0
9,5031,7,False,0,2025-02-25,1,0.0,0.3,0.52,1,25,0,0,1,4.0,0.0
9,5141,7,False,0,2025-02-25,2,0.0,0.02,0.03,1,25,0,0,1,1.2857142857142858,0.0
9,55,8,False,0,2025-02-25,8,0.0,0.04,0.08,1,25,0,0,1,1.1428571428571428,0.0
9,494,8,False,0,2025-02-25,14,0.0,0.01,0.03,1,25,0,0,1,2.142857142857143,0.0
9,566,8,False,0,2025-02-25,29,0.0,0.01,0.01,1,25,0,0,1,3.857142857142857,0.0
9,658,8,False,0,2025-02-25,3,0.0,0.1,0.15,1,25,0,0,1,7.857142857142857,0.0
9,675,8,False,0,2025-02-25,0,0.0,0.01,0.0,1,25,0,0,1,8.142857142857142,0.0
9,790,8,False,0,2025-02-25,3,0.0,0.01,0.02,1,25,0,0,1,8.142857142857142,0.0
9,868,8,False,0,2025-02-25,1,0.0,0.14,0.2,1,25,0,0,1,8.428571428571429,0.0
9,870,8,False,0,2025-02-25,3,0.0,0.01,0.01,1,25,0,0,1,8.285714285714286,0.0
9,1004,8,False,0,2025-02-25,9,0.0,0.02,0.06,1,25,0,0,1,7.571428571428571,0.0
9,1076,8,False,0,2025-02-25,11,0.0,0.01,0.02,1,25,0,0,1,6.857142857142857,0.0
9,1116,8,False,0,2025-02-25,12,0.0,0.02,0.02,1,25,0,0,1,4.285714285714286,0.0
9,1134,8,False,0,2025-02-25,12,0.0,0.0,0.01,1,25,0,0,1,5.571428571428571,0.0
9,1285,8,False,0,2025-02-25,5,0.0,0.03,0.05,1,25,0,0,1,7.285714285714286,0.0
9,1541,8,False,0,2025-02-25,5,1.0,0.02,0.04,1,25,0,0,1,7.571428571428571,0.0
9,1748,8,False,0,2025-02-25,8,0.0,0.03,0.04,1,25,0,0,1,8.142857142857142,0.0
9,1819,8,False,0,2025-02-25,8,0.0,0.01,0.02,1,25,0,0,1,8.857142857142858,0.0
9,1923,8,False,0,2025-02-25,2,0.0,0.01,0.02,1,25,0,0,1,8.714285714285714,0.0
9,1930,8,False,0,2025-02-25,2,0.0,0.03,0.06,1,25,0,0,1,7.428571428571429,0.0
9,2029,8,False,0,2025-02-25,2,0.0,0.04,0.07,1,25,0,0,1,6.0,0.0
9,2288,8,False,0,2025-02-25,16,0.0,0.01,0.02,1,25,0,0,1,4.571428571428571,0.0
9,3028,8,False,0,2025-02-25,3,0.0,0.01,0.02,1,25,0,0,1,6.142857142857143,0.0
9,3180,8,False,0,2025-02-25,12,0.0,0.01,0.03,1,25,0,0,1,5.857142857142857,0.0
9,3450,8,False,0,2025-02-25,15,0.0,0.02,0.03,1,25,0,0,1,6.428571428571429,0.0
9,3476,8,False,0,2025-02-25,2,0.0,0.07,0.11,1,25,0,0,1,7.428571428571429,0.0
9,3574,8,False,0,2025-02-25,6,0.0,0.02,0.03,1,25,0,0,1,7.428571428571429,0.0
9,3592,8,False,0,2025-02-25,5,0.0,0.02,0.04,1,25,0,0,1,8.0,0.0
9,3750,8,False,0,2025-02-25,11,0.0,0.01,0.02,1,25,0,0,1,8.428571428571429,0.0
9,3770,8,False,0,2025-02-25,15,0.0,0.01,0.02,1,25,0,0,1,7.714285714285714,0.0
9,3963,8,False,0,2025-02-25,6,0.0,0.01,0.01,1,25,0,0,1,9.428571428571429,0.0
9,4115,8,False,0,2025-02-25,4,0.0,0.02,0.04,1,25,0,0,1,8.571428571428571,0.0
9,4538,8,False,0,2025-02-25,11,0.0,0.02,0.02,1,25,0,0,1,7.0,0.0
9,4609,8,False,0,2025-02-25,6,0.0,0.05,0.08,1,25,0,0,1,8.285714285714286,0.0
9,4666,8,False,0,2025-02-25,15,0.0,0.01,0.02,1,25,0,0,1,8.285714285714286,0.0
9,4668,8,False,0,2025-02-25,3,0.0,0.01,0.02,1,25,0,0,1,9.714285714285714,0.0
9,4676,8,False,0,2025-02-25,14,0.0,0.01,0.01,1,25,0,0,1,8.571428571428571,0.0
9,4751,8,False,0,2025-02-25,1,0.0,0.02,0.03,1,25,0,0,1,8.428571428571429,0.0
9,4807,8,False,0,2025-02-25,8,0.0,0.01,0.01,1,25,0,0,1,7.714285714285714,0.0
9,4862,8,False,0,2025-02-25,2,0.0,0.18,0.31,1,25,0,0,1,8.285714285714286,0.0
9,5001,8,False,0,2025-02-25,15,0.0,0.01,0.03,1,25,0,0,1,7.0,0.0
9,5203,8,False,0,2025-02-25,9,0.0,0.01,0.03,1,25,0,0,1,8.285714285714286,0.0
9,3,9,True,0,2025-02-25,2,0.0,0.02,0.06,1,25,0,0,1,7.428571428571429,0.0
9,29,9,True,0,2025-02-25,5,0.0,0.05,0.06,1,25,0,0,1,7.285714285714286,0.0
9,67,9,True,0,2025-02-25,2,0.0,0.01,0.04,1,25,0,0,1,6.0,0.0
9,68,9,True,0,2025-02-25,1,0.0,0.02,0.05,1,25,0,0,1,6.142857142857143,0.0
9,75,9,True,0,2025-02-25,1,0.0,0.03,0.05,1,25,0,0,1,5.142857142857143,0.0
9,162,9,True,0,2025-02-25,2,0.0,0.03,0.07,1,25,0,0,1,5.0,0.0
9,176,9,True,0,2025-02-25,7,0.0,0.02,0.06,1,25,0,0,1,3.142857142857143,0.0
9,266,9,True,0,2025-02-25,0,0.0,0.03,0.1,1,25,0,0,1,2.857142857142857,0.0
9,322,9,True,0,2025-02-25,3,0.0,0.05,0.06,1,25,0,0,1,2.5714285714285716,0.0
9,335,9,True,0,2025-02-25,3,0.0,0.02,0.06,1,25,0,0,1,2.2857142857142856,0.0
9,342,9,True,0,2025-02-25,1,2.0,0.02,0.03,1,25,0,0,1,2.4285714285714284,0.0
9,379,9,True,0,2025-02-25,1,0.0,0.06,0.08,1,25,0,0,1,2.4285714285714284,0.0
9,426,9,True,0,2025-02-25,4,0.0,0.05,0.1,1,25,0,0,1,2.4285714285714284,0.0
9,469,9,True,0,2025-02-25,2,0.0,0.02,0.03,1,25,0,0,1,2.7142857142857144,0.0
9,487,9,True,0,2025-02-25,8,0.0,0.03,0.1,1,25,0,0,1,2.0,0.0
9,500,9,True,0,2025-02-25,7,0.0,0.01,0.04,1,25,0,0,1,3.142857142857143,0.0
9,520,9,True,0,2025-02-25,1,0.0,0.04,0.1,1,25,0,0,1,3.7142857142857144,0.0
9,546,9,True,0,2025-02-25,1,0.0,0.02,0.03,1,25,0,0,1,3.4285714285714284,0.0
9,562,9,True,0,2025-02-25,3,0.0,0.03,0.04,1,25,0,0,1,3.4285714285714284,0.0
9,589,9,True,0,2025-02-25,6,0.0,0.03,0.04,1,25,0,0,1,3.7142857142857144,0.0
9,591,9,True,0,2025-02-25,2,0.0,0.04,0.1,1,25,0,0,1,4.0,0.0
9,654,9,True,0,2025-02-25,3,0.0,0.03,0.07,1,25,0,0,1,4.0,0.0
9,673,9,True,0,2025-02-25,2,0.0,0.02,0.05,1,25,0,0,1,3.2857142857142856,0.0
9,687,9,True,0,2025-02-25,0,0.0,0.04,0.08,1,25,0,0,1,2.5714285714285716,0.0
9,698,9,True,0,2025-02-25,2,0.0,0.04,0.09,1,25,0,0,1,2.4285714285714284,0.0
9,708,9,True,0,2025-02-25,1,0.0,0.04,0.08,1,25,0,0,1,2.5714285714285716,0.0
9,715,9,True,0,2025-02-25,3,0.0,0.02,0.04,1,25,0,0,1,2.2857142857142856,0.0
9,738,9,True,0,2025-02-25,2,5.0,0.03,0.05,1,25,0,0,1,1.8571428571428572,0.0
9,856,9,True,0,2025-02-25,2,0.0,0.01,0.04,1,25,0,0,1,1.8571428571428572,0.0
9,884,9,True,0,2025-02-25,3,0.0,0.05,0.11,1,25,0,0,1,1.7142857142857142,0.0
9,893,9,True,0,2025-02-25,2,0.0,0.02,0.06,1,25,0,0,1,1.8571428571428572,0.0
9,908,9,True,0,2025-02-25,6,0.0,0.05,0.09,1,25,0,0,1,2.142857142857143,0.0
9,920,9,True,0,2025-02-25,1,0.0,0.04,0.05,1,25,0,0,1,2.7142857142857144,0.0
9,942,9,True,0,2025-02-25,2,0.0,0.01,0.07,1,25,0,0,1,2.7142857142857144,0.0
9,955,9,True,0,2025-02-25,2,0.0,0.06,0.13,1,25,0,0,1,2.5714285714285716,0.0
9,957,9,True,0,2025-02-25,0,0.0,0.05,0.12,1,25,0,0,1,2.5714285714285716,0.0
9,977,9,True,0,2025-02-25,2,0.0,0.1,0.17,1,25,0,0,1,2.2857142857142856,0.0
9,1016,9,True,0,2025-02-25,1,0.0,0.02,0.09,1,25,0,0,1,2.142857142857143,0.0
9,1039,9,True,0,2025-02-25,2,0.0,0.01,0.03,1,25,0,0,1,2.0,0.0
9,1050,9,True,0,2025-02-25,6,0.0,0.07,0.07,1,25,0,0,1,1.4285714285714286,0.0
9,1075,9,True,0,2025-02-25,2,0.0,0.03,0.05,1,25,0,0,1,2.142857142857143,0.0
9,1081,9,True,0,2025-02-25,9,0.0,0.02,0.19,1,25,0,0,1,2.142857142857143,0.0
9,1157,9,True,0,2025-02-25,2,0.0,0.04,0.13,1,25,0,0,1,3.142857142857143,0.0
9,1168,9,True,0,2025-02-25,4,0.0,0.09,0.17,1,25,0,0,1,3.4285714285714284,0.0
9,1241,9,True,0,2025-02-25,6,0.0,0.05,0.1,1,25,0,0,1,3.7142857142857144,0.0
9,1243,9,True,0,2025-02-25,9,0.0,0.04,0.07,1,25,0,0,1,4.428571428571429,0.0
9,1281,9,True,0,2025-02-25,4,0.0,0.02,0.03,1,25,0,0,1,5.428571428571429,0.0
9,1334,9,True,0,2025-02-25,2,0.0,0.02,0.05,1,25,0,0,1,5.142857142857143,0.0
9,1364,9,True,0,2025-02-25,1,1.0,0.03,0.13,1,25,0,0,1,5.142857142857143,0.0
9,1453,9,True,0,2025-02-25,1,0.0,0.04,0.06,1,25,0,0,1,4.0,0.0
9,1504,9,True,0,2025-02-25,0,0.0,0.1,0.17,1,25,0,0,1,3.857142857142857,0.0
9,1615,9,True,0,2025-02-25,3,0.0,0.02,0.04,1,25,0,0,1,3.2857142857142856,0.0
9,1699,9,True,0,2025-02-25,7,0.0,0.04,0.09,1,25,0,0,1,2.857142857142857,0.0
9,1701,9,True,0,2025-02-25,1,0.0,0.03,0.05,1,25,0,0,1,2.5714285714285716,0.0
9,1713,9,True,0,2025-02-25,2,0.0,0.01,0.02,1,25,0,0,1,2.142857142857143,0.0
9,1728,9,True,0,2025-02-25,2,1.0,0.02,0.04,1,25,0,0,1,2.142857142857143,0.0
9,1774,9,True,0,2025-02-25,3,0.0,0.04,0.06,1,25,0,0,1,2.2857142857142856,0.0
9,1872,9,True,0,2025-02-25,2,1.0,0.03,0.05,1,25,0,0,1,2.5714285714285716,0.0
9,1885,9,True,0,2025-02-25,0,0.0,0.01,0.01,1,25,0,0,1,2.857142857142857,0.0
9,1890,9,True,0,2025-02-25,1,0.0,0.02,0.06,1,25,0,0,1,2.4285714285714284,0.0
9,2007,9,True,0,2025-02-25,3,0.0,0.02,0.07,1,25,0,0,1,1.5714285714285714,0.0
9,2009,9,True,0,2025-02-25,2,0.0,0.01,0.04,1,25,0,0,1,1.8571428571428572,0.0
9,2067,9,True,0,2025-02-25,5,0.0,0.04,0.09,1,25,0,0,1,1.8571428571428572,0.0
9,2068,9,True,0,2025-02-25,1,0.0,0.02,0.05,1,25,0,0,1,2.2857142857142856,0.0
9,2073,9,True,0,2025-02-25,4,0.0,0.01,0.02,1,25,0,0,1,2.0,0.0
9,2076,9,True,0,2025-02-25,7,0.0,0.04,0.07,1,25,0,0,1,2.2857142857142856,0.0
9,2121,9,True,0,2025-02-25,1,5.0,0.02,0.03,1,25,0,0,1,3.2857142857142856,0.0
9,2138,9,True,0,2025-02-25,2,2.0,0.05,0.06,1,25,0,0,1,3.2857142857142856,0.0
9,2184,9,True,0,2025-02-25,3,0.0,0.02,0.07,1,25,0,0,1,3.142857142857143,0.0
9,2220,9,True,0,2025-02-25,1,0.0,0.01,0.04,1,25,0,0,1,3.2857142857142856,0.0
9,2225,9,True,0,2025-02-25,2,0.0,0.03,0.1,1,25,0,0,1,2.7142857142857144,0.0
9,2299,9,True,0,2025-02-25,0,0.0,0.02,0.05,1,25,0,0,1,2.857142857142857,0.0
9,2353,9,True,0,2025-02-25,2,0.0,0.01,0.01,1,25,0,0,1,2.2857142857142856,0.0
9,2356,9,True,0,2025-02-25,1,0.0,0.01,0.01,1,25,0,0,1,1.5714285714285714,0.0
9,2388,9,True,0,2025-02-25,3,0.0,0.03,0.14,1,25,0,0,1,1.5714285714285714,0.0
9,2409,9,True,0,2025-02-25,5,0.0,0.05,0.09,1,25,0,0,1,1.7142857142857142,0.0
9,2427,9,True,0,2025-02-25,2,0.0,0.01,0.03,1,25,0,0,1,2.0,0.0
9,2449,9,True,0,2025-02-25,1,0.0,0.05,0.08,1,25,0,0,1,2.142857142857143,0.0
9,2493,9,True,0,2025-02-25,2,0.0,0.02,0.02,1,25,0,0,1,2.0,0.0
9,2540,9,True,0,2025-02-25,5,0.0,0.05,0.17,1,25,0,0,1,2.2857142857142856,0.0
9,2552,9,True,0,2025-02-25,2,0.0,0.04,0.11,1,25,0,0,1,2.7142857142857144,0.0
9,2597,9,True,0,2025-02-25,1,0.0,0.01,0.03,1,25,0,0,1,2.857142857142857,0.0
9,2608,9,True,0,2025-02-25,3,0.0,0.04,0.1,1,25,0,0,1,2.5714285714285716,0.0
9,2629,9,True,0,2025-02-25,1,0.0,0.02,0.09,1,25,0,0,1,2.2857142857142856,0.0
9,2633,9,True,0,2025-02-25,3,0.0,0.01,0.01,1,25,0,0,1,2.142857142857143,0.0
9,2684,9,True,0,2025-02-25,2,0.0,0.04,0.05,1,25,0,0,1,2.4285714285714284,0.0
9,2694,9,True,0,2025-02-25,3,0.0,0.04,0.11,1,25,0,0,1,2.4285714285714284,0.0
9,2724,9,True,0,2025-02-25,1,0.0,0.01,0.04,1,25,0,0,1,2.142857142857143,0.0
9,2791,9,True,0,2025-02-25,2,0.0,0.1,0.18,1,25,0,0,1,2.0,0.0
9,2796,9,True,0,2025-02-25,1,0.0,0.03,0.06,1,25,0,0,1,2.142857142857143,0.0
9,2828,9,True,0,2025-02-25,2,3.0,0.02,0.03,1,25,0,0,1,1.8571428571428572,0.0
9,2868,9,True,0,2025-02-25,5,0.0,0.03,0.04,1,25,0,0,1,2.0,0.0
9,2869,9,True,0,2025-02-25,1,0.0,0.05,0.09,1,25,0,0,1,2.2857142857142856,0.0
9,2877,9,True,0,2025-02-25,2,0.0,0.1,0.05,1,25,0,0,1,2.142857142857143,0.0
9,2895,9,True,0,2025-02-25,2,0.0,0.06,0.07,1,25,0,0,1,2.0,0.0
9,2896,9,True,0,2025-02-25,5,0.0,0.04,0.09,1,25,0,0,1,2.142857142857143,0.0
9,2921,9,True,0,2025-02-25,3,1.0,0.07,0.08,1,25,0,0,1,2.5714285714285716,0.0
9,2937,9,True,0,2025-02-25,1,0.0,0.03,0.06,1,25,0,0,1,2.857142857142857,0.0
9,2945,9,True,0,2025-02-25,1,0.0,0.06,0.07,1,25,0,0,1,2.7142857142857144,0.0
9,2967,9,True,0,2025-02-25,4,0.0,0.13,0.19,1,25,0,0,1,2.142857142857143,0.0
9,2986,9,True,0,2025-02-25,5,0.0,0.03,0.04,1,25,0,0,1,2.5714285714285716,0.0
9,2998,9,True,0,2025-02-25,3,0.0,0.01,0.05,1,25,0,0,1,3.0,0.0
9,3036,9,True,0,2025-02-25,2,0.0,0.03,0.06,1,25,0,0,1,3.142857142857143,0.0
9,3059,9,True,0,2025-02-25,3,0.0,0.06,0.13,1,25,0,0,1,2.7142857142857144,0.0
9,3160,9,True,0,2025-02-25,1,0.0,0.01,0.02,1,25,0,0,1,2.7142857142857144,0.0
9,3191,9,True,0,2025-02-25,2,0.0,0.06,0.1,1,25,0,0,1,2.7142857142857144,0.0
9,3291,9,True,0,2025-02-25,6,0.0,0.05,0.1,1,25,0,0,1,2.857142857142857,0.0
9,3332,9,True,0,2025-02-25,1,0.0,0.02,0.07,1,25,0,0,1,3.142857142857143,0.0
9,3367,9,True,0,2025-02-25,2,11.0,0.06,0.07,1,25,0,0,1,2.5714285714285716,0.0
9,3405,9,True,0,2025-02-25,4,0.0,0.01,0.05,1,25,0,0,1,2.4285714285714284,0.0
9,3412,9,True,0,2025-02-25,5,0.0,0.01,0.02,1,25,0,0,1,2.7142857142857144,0.0
9,3477,9,True,0,2025-02-25,2,0.0,0.03,0.06,1,25,0,0,1,3.0,0.0
9,3491,9,True,0,2025-02-25,1,0.0,0.03,0.08,1,25,0,0,1,3.142857142857143,0.0
9,3503,9,True,0,2025-02-25,2,0.0,0.01,0.04,1,25,0,0,1,3.0,0.0
9,3505,9,True,0,2025-02-25,0,3.0,0.04,0.06,1,25,0,0,1,2.4285714285714284,0.0
9,3531,9,True,0,2025-02-25,3,0.0,0.02,0.06,1,25,0,0,1,2.2857142857142856,0.0
9,3584,9,True,0,2025-02-25,6,0.0,0.02,0.04,1,25,0,0,1,2.4285714285714284,0.0
9,3699,9,True,0,2025-02-25,4,0.0,0.01,0.02,1,25,0,0,1,2.7142857142857144,0.0
9,3702,9,True,0,2025-02-25,0,0.0,0.02,0.03,1,25,0,0,1,2.5714285714285716,0.0
9,3794,9,True,0,2025-02-25,0,0.0,0.03,0.07,1,25,0,0,1,2.2857142857142856,0.0
9,3836,9,True,0,2025-02-25,1,0.0,0.05,0.08,1,25,0,0,1,2.142857142857143,0.0
9,3872,9,True,0,2025-02-25,2,0.0,0.04,0.07,1,25,0,0,1,2.0,0.0
9,3884,9,True,0,2025-02-25,4,0.0,0.01,0.03,1,25,0,0,1,2.2857142857142856,0.0
9,3962,9,True,0,2025-02-25,6,0.0,0.05,0.14,1,25,0,0,1,2.4285714285714284,0.0
9,3998,9,True,0,2025-02-25,1,0.0,0.04,0.06,1,25,0,0,1,2.4285714285714284,0.0
9,4008,9,True,0,2025-02-25,2,0.0,0.04,0.09,1,25,0,0,1,2.0,0.0
9,4056,9,True,0,2025-02-25,1,0.0,0.02,0.04,1,25,0,0,1,2.2857142857142856,0.0
9,4075,9,True,0,2025-02-25,1,0.0,0.06,0.15,1,25,0,0,1,2.4285714285714284,0.0
9,4083,9,True,0,2025-02-25,3,0.0,0.09,0.12,1,25,0,0,1,2.4285714285714284,0.0
9,4232,9,True,0,2025-02-25,5,0.0,0.13,0.21,1,25,0,0,1,2.5714285714285716,0.0
9,4259,9,True,0,2025-02-25,4,0.0,0.26,0.42,1,25,0,0,1,2.7142857142857144,0.0
9,4262,9,True,0,2025-02-25,2,0.0,0.02,0.07,1,25,0,0,1,2.4285714285714284,0.0
9,4279,9,True,0,2025-02-25,3,0.0,0.05,0.1,1,25,0,0,1,2.5714285714285716,0.0
9,4296,9,True,0,2025-02-25,3,0.0,0.04,0.07,1,25,0,0,1,2.7142857142857144,0.0
9,4332,9,True,0,2025-02-25,1,0.0,0.04,0.12,1,25,0,0,1,3.0,0.0
9,4353,9,True,0,2025-02-25,3,0.0,0.01,0.06,1,25,0,0,1,3.0,0.0
9,4363,9,True,0,2025-02-25,5,0.0,0.05,0.09,1,25,0,0,1,3.0,0.0
9,4393,9,True,0,2025-02-25,0,0.0,0.09,0.17,1,25,0,0,1,3.0,0.0
9,4406,9,True,0,2025-02-25,2,0.0,0.02,0.07,1,25,0,0,1,2.4285714285714284,0.0
9,4459,9,True,0,2025-02-25,2,0.0,0.02,0.03,1,25,0,0,1,2.4285714285714284,0.0
9,4477,9,True,0,2025-02-25,0,1.0,0.03,0.05,1,25,0,0,1,2.2857142857142856,0.0
9,4532,9,True,0,2025-02-25,1,0.0,0.02,0.04,1,25,0,0,1,1.8571428571428572,0.0
9,4574,9,True,0,2025-02-25,2,0.0,0.01,0.06,1,25,0,0,1,1.8571428571428572,0.0
9,4623,9,True,0,2025-02-25,4,0.0,0.03,0.07,1,25,0,0,1,1.7142857142857142,0.0
9,4677,9,True,0,2025-02-25,3,0.0,0.12,0.16,1,25,0,0,1,1.5714285714285714,0.0
9,4695,9,True,0,2025-02-25,4,2.0,0.04,0.07,1,25,0,0,1,2.0,0.0
9,4709,9,True,0,2025-02-25,2,0.0,0.08,0.12,1,25,0,0,1,2.2857142857142856,0.0
9,4728,9,True,0,2025-02-25,3,2.0,0.02,0.04,1,25,0,0,1,2.2857142857142856,0.0
9,4737,9,True,0,2025-02-25,2,0.0,0.01,0.03,1,25,0,0,1,2.7142857142857144,0.0
9,4775,9,True,0,2025-02-25,2,0.0,0.04,0.06,1,25,0,0,1,2.857142857142857,0.0
9,4784,9,True,0,2025-02-25,4,0.0,0.01,0.03,1,25,0,0,1,2.857142857142857,0.0
9,4858,9,True,0,2025-02-25,2,0.0,0.15,0.21,1,25,0,0,1,2.857142857142857,0.0
9,4863,9,True,0,2025-02-25,2,0.0,0.02,0.05,1,25,0,0,1,2.7142857142857144,0.0
9,4927,9,True,0,2025-02-25,5,0.0,0.06,0.14,1,25,0,0,1,2.4285714285714284,0.0
9,4974,9,True,0,2025-02-25,2,0.0,0.02,0.06,1,25,0,0,1,2.857142857142857,0.0
9,5011,9,True,0,2025-02-25,4,0.0,0.06,0.1,1,25,0,0,1,2.7142857142857144,0.0
9,5012,9,True,0,2025-02-25,1,0.0,0.01,0.03,1,25,0,0,1,3.0,0.0
9,5070,9,True,0,2025-02-25,5,0.0,0.05,0.12,1,25,0,0,1,2.857142857142857,0.0
9,5226,9,True,0,2025-02-25,4,1.0,0.05,0.07,1,25,0,0,1,3.0,0.0
9,5242,9,True,0,2025-02-25,1,0.0,0.04,0.17,1,25,0,0,1,3.2857142857142856,0.0
9,15,10,False,0,2025-02-25,10,0.0,0.03,0.12,1,25,0,0,1,3.142857142857143,0.0
9,149,10,False,0,2025-02-25,14,1.0,0.02,0.07,1,25,0,0,1,3.857142857142857,0.0
9,2636,10,False,0,2025-02-25,8,0.0,0.09,0.24,1,25,0,0,1,5.571428571428571,0.0
9,3122,10,False,0,2025-02-25,8,0.0,0.01,0.03,1,25,0,0,1,6.142857142857143,0.0
9,3904,10,False,0,2025-02-25,0,0.0,0.03,0.04,1,25,0,0,1,7.142857142857143,0.0
9,4959,10,False,0,2025-02-25,24,0.0,0.01,0.02,1,25,0,0,1,6.428571428571429,0.0
9,518,11,False,0,2025-02-25,3,0.0,0.16,0.15,1,25,0,0,1,9.285714285714286,0.0
9,669,11,False,0,2025-02-25,3,0.0,0.07,0.09,1,25,0,0,1,9.571428571428571,0.0
9,926,11,False,0,2025-02-25,3,0.0,0.14,0.16,1,25,0,0,1,8.571428571428571,0.0
9,934,11,False,0,2025-02-25,0,0.0,0.18,0.2,1,25,0,0,1,7.0,0.0
9,1341,11,False,0,2025-02-25,1,0.0,0.16,0.18,1,25,0,0,1,5.857142857142857,0.0
9,1710,11,False,0,2025-02-25,4,0.0,0.12,0.14,1,25,0,0,1,4.857142857142857,0.0
9,1735,11,False,0,2025-02-25,3,0.0,0.1,0.14,1,25,0,0,1,5.428571428571429,0.0
9,1879,11,False,0,2025-02-25,4,0.0,0.1,0.13,1,25,0,0,1,2.4285714285714284,0.0
9,3084,11,False,0,2025-02-25,3,0.0,0.12,0.14,1,25,0,0,1,2.5714285714285716,0.0
9,3602,11,False,0,2025-02-25,3,0.0,0.12,0.14,1,25,0,0,1,2.5714285714285716,0.0
9,3829,11,False,0,2025-02-25,6,0.0,0.1,0.15,1,25,0,0,1,2.5714285714285716,0.0
9,3961,11,False,0,2025-02-25,3,0.0,0.09,0.11,1,25,0,0,1,3.4285714285714284,0.0
9,4171,11,False,0,2025-02-25,3,0.0,0.14,0.21,1,25,0,0,1,3.7142857142857144,0.0
9,4322,11,False,0,2025-02-25,2,0.0,0.1,0.12,1,25,0,0,1,3.5714285714285716,0.0
9,4441,11,False,0,2025-02-25,2,0.0,0.12,0.15,1,25,0,0,1,3.4285714285714284,0.0
9,4930,11,False,0,2025-02-25,2,0.0,0.09,0.12,1,25,0,0,1,3.142857142857143,0.0
9,27,1,False,0,2025-02-23,2,0.0,0.07,0.07,6,23,0,1,0,3.0,0.0
9,982,1,False,0,2025-02-23,2,0.0,0.2,0.24,6,23,0,1,0,2.857142857142857,0.0
9,1030,1,False,0,2025-02-23,4,0.0,0.29,0.16,6,23,0,1,0,2.2857142857142856,0.0
9,1304,1,False,0,2025-02-23,1,0.0,0.04,0.07,6,23,0,1,0,2.4285714285714284,0.0
9,1590,1,False,0,2025-02-23,2,0.0,0.06,0.09,6,23,0,1,0,2.142857142857143,0.0
9,1752,1,False,0,2025-02-23,2,0.0,0.16,0.19,6,23,0,1,0,2.142857142857143,0.0
9,1840,1,False,0,2025-02-23,2,0.0,0.13,0.16,6,23,0,1,0,2.142857142857143,0.0
9,1853,1,False,0,2025-02-23,0,0.0,0.18,0.21,6,23,0,1,0,2.142857142857143,0.0
9,1874,1,False,0,2025-02-23,3,0.0,0.03,0.04,6,23,0,1,0,1.8571428571428572,0.0
9,2850,1,False,0,2025-02-23,2,0.0,0.18,0.16,6,23,0,1,0,2.0,0.0
9,3058,1,False,0,2025-02-23,4,0.0,0.16,0.2,6,23,0,1,0,1.7142857142857142,0.0
9,3120,1,False,0,2025-02-23,10,0.0,0.16,0.15,6,23,0,1,0,2.142857142857143,0.0
9,3621,1,False,0,2025-02-23,2,0.0,0.03,0.04,6,23,0,1,0,3.2857142857142856,0.0
9,3625,1,False,0,2025-02-23,8,0.0,0.16,0.18,6,23,0,1,0,3.2857142857142856,0.0
9,4088,1,False,0,2025-02-23,2,0.0,0.33,0.43,6,23,0,1,0,4.142857142857143,0.0
9,4089,1,False,0,2025-02-23,2,0.0,0.16,0.18,6,23,0,1,0,4.428571428571429,0.0
9,4206,1,False,0,2025-02-23,4,0.0,0.5,0.62,6,23,0,1,0,4.285714285714286,0.0
9,4693,1,False,0,2025-02-23,3,0.0,0.09,0.1,6,23,0,1,0,4.571428571428571,0.0
9,5035,1,False,0,2025-02-23,2,0.0,0.13,0.13,6,23,0,1,0,4.428571428571429,0.0
9,9,3,True,0,2025-02-23,3,0.0,0.11,0.16,6,23,0,1,0,3.2857142857142856,0.0
9,42,3,True,0,2025-02-23,1,0.0,0.05,0.06,6,23,0,1,0,3.4285714285714284,0.0
9,54,3,True,0,2025-02-23,1,0.0,0.18,0.22,6,23,0,1,0,2.4285714285714284,0.0
9,63,3,True,0,2025-02-23,1,0.0,0.14,0.18,6,23,0,1,0,2.2857142857142856,0.0
9,71,3,True,0,2025-02-23,1,0.0,0.03,0.03,6,23,0,1,0,2.142857142857143,0.0
9,73,3,True,0,2025-02-23,1,0.0,0.15,0.16,6,23,0,1,0,1.7142857142857142,0.0
9,118,3,True,0,2025-02-23,1,0.0,0.05,0.08,6,23,0,1,0,1.4285714285714286,0.0
9,151,3,True,0,2025-02-23,1,0.0,0.21,0.24,6,23,0,1,0,1.2857142857142858,0.0
9,154,3,True,0,2025-02-23,2,0.0,0.18,0.21,6,23,0,1,0,1.0,0.0
9,156,3,True,0,2025-02-23,0,1.0,0.04,0.05,6,23,0,1,0,1.1428571428571428,0.0
9,224,3,True,0,2025-02-23,1,0.0,0.06,0.08,6,23,0,1,0,1.0,0.0
9,230,3,True,0,2025-02-23,0,0.0,0.03,0.05,6,23,0,1,0,1.0,0.0
9,258,3,True,0,2025-02-23,2,0.0,0.03,0.05,6,23,0,1,0,0.8571428571428571,0.0
9,304,3,True,0,2025-02-23,1,0.0,0.1,0.12,6,23,0,1,0,1.0,0.0
9,307,3,True,0,2025-02-23,0,0.0,0.16,0.2,6,23,0,1,0,1.0,0.0
9,319,3,True,0,2025-02-23,1,0.0,0.35,0.35,6,23,0,1,0,0.8571428571428571,0.0
9,323,3,True,0,2025-02-23,1,0.0,0.28,0.31,6,23,0,1,0,0.7142857142857143,0.0
9,347,3,True,0,2025-02-23,1,0.0,0.06,0.07,6,23,0,1,0,0.8571428571428571,0.0
9,377,3,True,0,2025-02-23,1,0.0,0.14,0.19,6,23,0,1,0,0.8571428571428571,0.0
9,384,3,True,0,2025-02-23,1,0.0,0.04,0.08,6,23,0,1,0,1.0,0.0
9,396,3,True,0,2025-02-23,3,0.0,0.22,0.24,6,23,0,1,0,0.8571428571428571,0.0
9,400,3,True,0,2025-02-23,1,0.0,0.19,0.23,6,23,0,1,0,1.1428571428571428,0.0
9,409,3,True,0,2025-02-23,1,0.0,0.1,0.13,6,23,0,1,0,1.2857142857142858,0.0
9,414,3,True,0,2025-02-23,2,0.0,0.08,0.12,6,23,0,1,0,1.2857142857142858,0.0
9,424,3,True,0,2025-02-23,1,0.0,0.09,0.11,6,23,0,1,0,1.4285714285714286,0.0
9,430,3,True,0,2025-02-23,1,0.0,0.13,0.19,6,23,0,1,0,1.4285714285714286,0.0
9,452,3,True,0,2025-02-23,0,0.0,0.07,0.09,6,23,0,1,0,1.4285714285714286,0.0
9,514,3,True,0,2025-02-23,2,0.0,0.16,0.19,6,23,0,1,0,1.2857142857142858,0.0
9,541,3,True,0,2025-02-23,0,0.0,0.07,0.1,6,23,0,1,0,1.1428571428571428,0.0
9,550,3,True,0,2025-02-23,3,0.0,0.13,0.16,6,23,0,1,0,1.0,0.0
9,570,3,True,0,2025-02-23,1,0.0,0.15,0.2,6,23,0,1,0,1.2857142857142858,0.0
9,571,3,True,0,2025-02-23,2,0.0,0.11,0.17,6,23,0,1,0,1.1428571428571428,0.0
9,604,3,True,0,2025-02-23,2,0.0,0.3,0.37,6,23,0,1,0,1.2857142857142858,0.0
9,618,3,True,0,2025-02-23,1,0.0,0.13,0.15,6,23,0,1,0,1.4285714285714286,0.0
9,630,3,True,0,2025-02-23,0,0.0,0.06,0.09,6,23,0,1,0,1.5714285714285714,0.0
9,642,3,True,0,2025-02-23,1,0.0,0.07,0.11,6,23,0,1,0,1.2857142857142858,0.0
9,643,3,True,0,2025-02-23,1,0.0,0.06,0.07,6,23,0,1,0,1.4285714285714286,0.0
9,664,3,True,0,2025-02-23,1,0.0,0.14,0.19,6,23,0,1,0,1.1428571428571428,0.0
9,674,3,True,0,2025-02-23,2,0.0,0.15,0.17,6,23,0,1,0,1.1428571428571428,0.0
9,679,3,True,0,2025-02-23,1,0.0,0.06,0.08,6,23,0,1,0,1.1428571428571428,0.0
9,713,3,True,0,2025-02-23,3,0.0,0.06,0.07,6,23,0,1,0,1.0,0.0
9,725,3,True,0,2025-02-23,1,0.0,0.18,0.2,6,23,0,1,0,1.2857142857142858,0.0
9,766,3,True,0,2025-02-23,3,0.0,0.06,0.07,6,23,0,1,0,1.4285714285714286,0.0
9,767,3,True,0,2025-02-23,1,0.0,0.17,0.24,6,23,0,1,0,1.7142857142857142,0.0
9,771,3,True,0,2025-02-23,2,0.0,0.47,0.49,6,23,0,1,0,1.7142857142857142,0.0
9,775,3,True,0,2025-02-23,1,0.0,0.12,0.15,6,23,0,1,0,1.8571428571428572,0.0
9,800,3,True,0,2025-02-23,1,0.0,0.26,0.34,6,23,0,1,0,1.7142857142857142,0.0
9,804,3,True,0,2025-02-23,1,1.0,0.1,0.15,6,23,0,1,0,1.7142857142857142,0.0
9,806,3,True,0,2025-02-23,1,0.0,0.08,0.09,6,23,0,1,0,1.4285714285714286,0.0
9,807,3,True,0,2025-02-23,2,0.0,0.13,0.16,6,23,0,1,0,1.4285714285714286,0.0
9,808,3,True,0,2025-02-23,2,0.0,0.06,0.07,6,23,0,1,0,1.2857142857142858,0.0
9,832,3,True,0,2025-02-23,1,0.0,0.12,0.16,6,23,0,1,0,1.4285714285714286,0.0
9,836,3,True,0,2025-02-23,1,0.0,0.07,0.08,6,23,0,1,0,1.2857142857142858,0.0
9,841,3,True,0,2025-02-23,1,0.0,0.13,0.14,6,23,0,1,0,1.2857142857142858,0.0
9,847,3,True,0,2025-02-23,9,0.0,0.08,0.06,6,23,0,1,0,1.2857142857142858,0.0
9,850,3,True,0,2025-02-23,2,0.0,0.49,0.51,6,23,0,1,0,2.4285714285714284,0.0
9,874,3,True,0,2025-02-23,1,0.0,0.03,0.04,6,23,0,1,0,2.5714285714285716,0.0
9,897,3,True,0,2025-02-23,3,0.0,0.05,0.06,6,23,0,1,0,2.4285714285714284,0.0
9,903,3,True,0,2025-02-23,1,0.0,0.05,0.08,6,23,0,1,0,2.5714285714285716,0.0
9,905,3,True,0,2025-02-23,2,0.0,0.12,0.18,6,23,0,1,0,2.5714285714285716,0.0
9,921,3,True,0,2025-02-23,1,0.0,0.09,0.12,6,23,0,1,0,2.7142857142857144,0.0
9,922,3,True,0,2025-02-23,2,0.0,0.07,0.09,6,23,0,1,0,2.7142857142857144,0.0
9,937,3,True,0,2025-02-23,8,0.0,0.03,0.04,6,23,0,1,0,1.7142857142857142,0.0
9,940,3,True,0,2025-02-23,1,0.0,0.2,0.25,6,23,0,1,0,2.5714285714285716,0.0
9,965,3,True,0,2025-02-23,4,0.0,0.36,0.44,6,23,0,1,0,2.5714285714285716,0.0
9,971,3,True,0,2025-02-23,3,0.0,0.08,0.1,6,23,0,1,0,2.7142857142857144,0.0
9,978,3,True,0,2025-02-23,1,0.0,0.11,0.14,6,23,0,1,0,3.0,0.0
9,983,3,True,0,2025-02-23,1,0.0,0.11,0.13,6,23,0,1,0,2.857142857142857,0.0
9,1005,3,True,0,2025-02-23,3,0.0,0.07,0.09,6,23,0,1,0,2.857142857142857,0.0
9,1006,3,True,0,2025-02-23,1,0.0,0.03,0.03,6,23,0,1,0,3.0,0.0
9,1022,3,True,0,2025-02-23,1,0.0,0.09,0.13,6,23,0,1,0,2.0,0.0
9,1046,3,True,0,2025-02-23,1,0.0,0.06,0.1,6,23,0,1,0,2.0,0.0
9,1074,3,True,0,2025-02-23,1,0.0,0.11,0.1,6,23,0,1,0,1.5714285714285714,0.0
9,1080,3,True,0,2025-02-23,0,0.0,0.15,0.18,6,23,0,1,0,1.2857142857142858,0.0
9,1089,3,True,0,2025-02-23,1,0.0,0.11,0.14,6,23,0,1,0,1.1428571428571428,0.0
9,1094,3,True,0,2025-02-23,3,0.0,0.18,0.2,6,23,0,1,0,1.1428571428571428,0.0
9,1106,3,True,0,2025-02-23,6,0.0,0.08,0.12,6,23,0,1,0,1.1428571428571428,0.0
9,1141,3,True,0,2025-02-23,1,0.0,0.09,0.14,6,23,0,1,0,1.8571428571428572,0.0
9,1142,3,True,0,2025-02-23,2,0.0,0.28,0.29,6,23,0,1,0,1.8571428571428572,0.0
9,1150,3,True,0,2025-02-23,1,0.0,0.04,0.05,6,23,0,1,0,2.0,0.0
9,1153,3,True,0,2025-02-23,1,0.0,0.07,0.09,6,23,0,1,0,2.0,0.0
9,1173,3,True,0,2025-02-23,0,0.0,0.05,0.07,6,23,0,1,0,2.142857142857143,0.0
9,1208,3,True,0,2025-02-23,1,0.0,0.1,0.12,6,23,0,1,0,2.0,0.0
9,1246,3,True,0,2025-02-23,1,0.0,0.04,0.08,6,23,0,1,0,1.7142857142857142,0.0
9,1254,3,True,0,2025-02-23,2,0.0,0.23,0.26,6,23,0,1,0,1.0,0.0
9,1280,3,True,0,2025-02-23,2,0.0,0.14,0.17,6,23,0,1,0,1.1428571428571428,0.0
9,1315,3,True,0,2025-02-23,1,0.0,0.14,0.23,6,23,0,1,0,1.1428571428571428,0.0
9,1322,3,True,0,2025-02-23,1,0.0,0.25,0.27,6,23,0,1,0,1.1428571428571428,0.0
9,1337,3,True,0,2025-02-23,1,0.0,0.04,0.06,6,23,0,1,0,1.1428571428571428,0.0
9,1348,3,True,0,2025-02-23,1,0.0,0.14,0.16,6,23,0,1,0,1.2857142857142858,0.0
9,1353,3,True,0,2025-02-23,1,0.0,0.12,0.16,6,23,0,1,0,1.2857142857142858,0.0
9,1387,3,True,0,2025-02-23,0,0.0,0.04,0.05,6,23,0,1,0,1.2857142857142858,0.0
9,1413,3,True,0,2025-02-23,1,0.0,0.51,0.69,6,23,0,1,0,1.0,0.0
9,1446,3,True,0,2025-02-23,7,0.0,0.01,0.01,6,23,0,1,0,0.8571428571428571,0.0
9,1450,3,True,0,2025-02-23,1,0.0,0.05,0.07,6,23,0,1,0,1.7142857142857142,0.0
9,1458,3,True,0,2025-02-23,1,0.0,0.05,0.06,6,23,0,1,0,1.7142857142857142,0.0
9,1460,3,True,0,2025-02-23,1,0.0,0.05,0.07,6,23,0,1,0,1.7142857142857142,0.0
9,1486,3,True,0,2025-02-23,1,0.0,0.07,0.08,6,23,0,1,0,1.7142857142857142,0.0
9,1514,3,True,0,2025-02-23,1,0.0,0.19,0.22,6,23,0,1,0,1.7142857142857142,0.0
9,1518,3,True,0,2025-02-23,1,0.0,0.17,0.23,6,23,0,1,0,1.8571428571428572,0.0
9,1520,3,True,0,2025-02-23,1,0.0,0.05,0.06,6,23,0,1,0,1.8571428571428572,0.0
9,1577,3,True,0,2025-02-23,1,0.0,0.07,0.09,6,23,0,1,0,1.0,0.0
9,1604,3,True,0,2025-02-23,1,0.0,0.36,0.44,6,23,0,1,0,1.0,0.0
9,1651,3,True,0,2025-02-23,1,0.0,0.22,0.28,6,23,0,1,0,1.0,0.0
9,1660,3,True,0,2025-02-23,1,0.0,0.1,0.12,6,23,0,1,0,1.0,0.0
9,1667,3,True,0,2025-02-23,1,0.0,0.07,0.08,6,23,0,1,0,1.0,0.0
9,1689,3,True,0,2025-02-23,1,0.0,0.05,0.07,6,23,0,1,0,1.0,0.0
9,1691,3,True,0,2025-02-23,4,0.0,0.03,0.05,6,23,0,1,0,1.0,0.0
9,1717,3,True,0,2025-02-23,1,0.0,0.27,0.35,6,23,0,1,0,1.4285714285714286,0.0
9,1736,3,True,0,2025-02-23,1,0.0,0.06,0.08,6,23,0,1,0,1.4285714285714286,0.0
9,1781,3,True,0,2025-02-23,0,0.0,0.04,0.05,6,23,0,1,0,1.4285714285714286,0.0
9,1791,3,True,0,2025-02-23,1,0.0,0.3,0.33,6,23,0,1,0,1.2857142857142858,0.0
9,1800,3,True,0,2025-02-23,1,0.0,0.24,0.32,6,23,0,1,0,1.2857142857142858,0.0
9,1803,3,True,0,2025-02-23,1,0.0,0.07,0.15,6,23,0,1,0,1.2857142857142858,0.0
9,1804,3,True,0,2025-02-23,1,0.0,0.09,0.12,6,23,0,1,0,1.2857142857142858,0.0
9,1843,3,True,0,2025-02-23,34,0.0,0.04,0.05,6,23,0,1,0,0.8571428571428571,0.0
9,1852,3,True,0,2025-02-23,2,0.0,0.05,0.06,6,23,0,1,0,5.571428571428571,0.0
9,1871,3,True,0,2025-02-23,1,0.0,0.17,0.2,6,23,0,1,0,5.714285714285714,0.0
9,1876,3,True,0,2025-02-23,2,0.0,0.07,0.1,6,23,0,1,0,5.857142857142857,0.0
9,1881,3,True,0,2025-02-23,1,0.0,0.18,0.23,6,23,0,1,0,6.0,0.0
9,1903,3,True,0,2025-02-23,1,0.0,0.05,0.07,6,23,0,1,0,6.0,0.0
9,1908,3,True,0,2025-02-23,0,1.0,0.03,0.05,6,23,0,1,0,6.0,0.0
9,1918,3,True,0,2025-02-23,2,0.0,0.03,0.04,6,23,0,1,0,5.857142857142857,0.0
9,1932,3,True,0,2025-02-23,6,0.0,0.1,0.13,6,23,0,1,0,1.2857142857142858,0.0
9,1936,3,True,0,2025-02-23,2,0.0,0.43,0.52,6,23,0,1,0,1.8571428571428572,0.0
9,1947,3,True,0,2025-02-23,2,0.0,0.09,0.14,6,23,0,1,0,2.0,0.0
9,1962,3,True,0,2025-02-23,3,0.0,0.06,0.11,6,23,0,1,0,2.0,0.0
9,1965,3,True,0,2025-02-23,2,0.0,0.24,0.31,6,23,0,1,0,2.2857142857142856,0.0
9,1992,3,True,0,2025-02-23,0,0.0,0.08,0.1,6,23,0,1,0,2.4285714285714284,0.0
9,1994,3,True,0,2025-02-23,2,0.0,0.03,0.03,6,23,0,1,0,2.4285714285714284,0.0
9,2017,3,True,0,2025-02-23,2,0.0,0.11,0.16,6,23,0,1,0,2.4285714285714284,0.0
9,2019,3,True,0,2025-02-23,2,0.0,0.15,0.18,6,23,0,1,0,1.8571428571428572,0.0
9,2041,3,True,0,2025-02-23,1,0.0,0.06,0.08,6,23,0,1,0,1.8571428571428572,0.0
9,2043,3,True,0,2025-02-23,1,0.0,0.07,0.08,6,23,0,1,0,1.7142857142857142,0.0
9,2047,3,True,0,2025-02-23,1,0.0,0.12,0.16,6,23,0,1,0,1.4285714285714286,0.0
9,2055,3,True,0,2025-02-23,1,0.0,0.1,0.12,6,23,0,1,0,1.2857142857142858,0.0
9,2084,3,True,0,2025-02-23,1,0.0,0.05,0.06,6,23,0,1,0,1.4285714285714286,0.0
9,2111,3,True,0,2025-02-23,1,0.0,0.29,0.35,6,23,0,1,0,1.2857142857142858,0.0
9,2114,3,True,0,2025-02-23,2,0.0,0.06,0.09,6,23,0,1,0,1.1428571428571428,0.0
9,2115,3,True,0,2025-02-23,6,0.0,0.49,0.72,6,23,0,1,0,1.1428571428571428,0.0
9,2117,3,True,0,2025-02-23,1,0.0,0.14,0.16,6,23,0,1,0,1.8571428571428572,0.0
9,2136,3,True,0,2025-02-23,1,0.0,0.28,0.28,6,23,0,1,0,1.8571428571428572,0.0
9,2146,3,True,0,2025-02-23,1,0.0,0.2,0.26,6,23,0,1,0,1.8571428571428572,0.0
9,2173,3,True,0,2025-02-23,2,0.0,0.04,0.04,6,23,0,1,0,1.8571428571428572,0.0
9,2186,3,True,0,2025-02-23,2,0.0,0.25,0.34,6,23,0,1,0,2.0,0.0
9,2192,3,True,0,2025-02-23,0,0.0,0.07,0.1,6,23,0,1,0,2.142857142857143,0.0
9,2201,3,True,0,2025-02-23,7,0.0,0.12,0.16,6,23,0,1,0,1.8571428571428572,0.0
9,2203,3,True,0,2025-02-23,2,0.0,0.15,0.2,6,23,0,1,0,2.0,0.0
9,2206,3,True,0,2025-02-23,43,0.0,0.02,0.03,6,23,0,1,0,2.142857142857143,0.0
9,2228,3,True,0,2025-02-23,0,0.0,0.16,0.2,6,23,0,1,0,8.142857142857142,0.0
9,2245,3,True,0,2025-02-23,2,0.0,0.2,0.22,6,23,0,1,0,8.0,0.0
9,2249,3,True,0,2025-02-23,1,0.0,0.06,0.07,6,23,0,1,0,8.0,0.0
9,2265,3,True,0,2025-02-23,1,0.0,0.03,0.04,6,23,0,1,0,7.857142857142857,0.0
9,2268,3,True,0,2025-02-23,1,0.0,0.14,0.2,6,23,0,1,0,8.0,0.0
9,2282,3,True,0,2025-02-23,2,0.0,0.08,0.1,6,23,0,1,0,7.142857142857143,0.0
9,2289,3,True,0,2025-02-23,1,0.0,0.08,0.1,6,23,0,1,0,7.142857142857143,0.0
9,2300,3,True,0,2025-02-23,1,0.0,0.23,0.24,6,23,0,1,0,1.1428571428571428,0.0
9,2314,3,True,0,2025-02-23,1,0.0,0.06,0.08,6,23,0,1,0,1.2857142857142858,0.0
9,2316,3,True,0,2025-02-23,1,0.0,0.08,0.11,6,23,0,1,0,1.1428571428571428,0.0
9,2347,3,True,0,2025-02-23,0,0.0,0.16,0.2,6,23,0,1,0,1.1428571428571428,0.0
9,2350,3,True,0,2025-02-23,1,0.0,0.04,0.05,6,23,0,1,0,1.0,0.0
9,2385,3,True,0,2025-02-23,1,0.0,0.02,0.03,6,23,0,1,0,1.0,0.0
9,2387,3,True,0,2025-02-23,1,0.0,0.1,0.11,6,23,0,1,0,0.8571428571428571,0.0
9,2394,3,True,0,2025-02-23,1,0.0,0.12,0.17,6,23,0,1,0,0.8571428571428571,0.0
9,2402,3,True,0,2025-02-23,3,0.0,0.07,0.09,6,23,0,1,0,0.8571428571428571,0.0
9,2406,3,True,0,2025-02-23,1,0.0,0.29,0.32,6,23,0,1,0,1.1428571428571428,0.0
9,2411,3,True,0,2025-02-23,1,0.0,0.16,0.19,6,23,0,1,0,1.1428571428571428,0.0
9,2422,3,True,0,2025-02-23,3,0.0,0.27,0.31,6,23,0,1,0,1.2857142857142858,0.0
9,2426,3,True,0,2025-02-23,0,0.0,0.15,0.15,6,23,0,1,0,1.5714285714285714,0.0
9,2472,3,True,0,2025-02-23,1,0.0,0.09,0.11,6,23,0,1,0,1.4285714285714286,0.0
9,2496,3,True,0,2025-02-23,1,0.0,0.22,0.25,6,23,0,1,0,1.4285714285714286,0.0
9,2501,3,True,0,2025-02-23,1,0.0,0.09,0.11,6,23,0,1,0,1.4285714285714286,0.0
9,2505,3,True,0,2025-02-23,0,0.0,0.09,0.11,6,23,0,1,0,1.1428571428571428,0.0
9,2521,3,True,0,2025-02-23,1,0.0,0.43,0.44,6,23,0,1,0,1.0,0.0
9,2524,3,True,0,2025-02-23,2,0.0,0.29,0.36,6,23,0,1,0,1.0,0.0
9,2532,3,True,0,2025-02-23,2,0.0,0.12,0.12,6,23,0,1,0,0.8571428571428571,0.0
9,2533,3,True,0,2025-02-23,1,0.0,0.34,0.39,6,23,0,1,0,1.1428571428571428,0.0
9,2555,3,True,0,2025-02-23,3,0.0,0.03,0.04,6,23,0,1,0,1.1428571428571428,0.0
9,2572,3,True,0,2025-02-23,0,0.0,0.34,0.36,6,23,0,1,0,1.4285714285714286,0.0
9,2573,3,True,0,2025-02-23,1,0.0,0.23,0.31,6,23,0,1,0,1.2857142857142858,0.0
9,2575,3,True,0,2025-02-23,0,0.0,0.02,0.03,6,23,0,1,0,1.4285714285714286,0.0
9,2578,3,True,0,2025-02-23,1,0.0,0.04,0.06,6,23,0,1,0,1.2857142857142858,0.0
9,2593,3,True,0,2025-02-23,1,0.0,0.01,0.02,6,23,0,1,0,1.1428571428571428,0.0
9,2594,3,True,0,2025-02-23,1,0.0,0.24,0.29,6,23,0,1,0,1.0,0.0
9,2596,3,True,0,2025-02-23,4,0.0,0.22,0.19,6,23,0,1,0,1.0,0.0
9,2626,3,True,0,2025-02-23,1,0.0,0.25,0.3,6,23,0,1,0,1.1428571428571428,0.0
9,2637,3,True,0,2025-02-23,1,0.0,0.15,0.17,6,23,0,1,0,1.2857142857142858,0.0
9,2650,3,True,0,2025-02-23,0,1.0,0.07,0.09,6,23,0,1,0,1.2857142857142858,0.0
9,2663,3,True,0,2025-02-23,1,0.0,0.54,0.59,6,23,0,1,0,1.2857142857142858,0.0
9,2664,3,True,0,2025-02-23,2,0.0,0.19,0.22,6,23,0,1,0,1.2857142857142858,0.0
9,2668,3,True,0,2025-02-23,2,0.0,0.22,0.3,6,23,0,1,0,1.4285714285714286,0.0
9,2710,3,True,0,2025-02-23,0,0.0,0.06,0.07,6,23,0,1,0,1.5714285714285714,0.0
9,2715,3,True,0,2025-02-23,0,0.0,0.04,0.05,6,23,0,1,0,1.0,0.0
9,2741,3,True,0,2025-02-23,3,0.0,0.17,0.19,6,23,0,1,0,0.8571428571428571,0.0
9,2746,3,True,0,2025-02-23,2,0.0,0.15,0.18,6,23,0,1,0,1.1428571428571428,0.0
9,2768,3,True,0,2025-02-23,1,0.0,0.08,0.11,6,23,0,1,0,1.4285714285714286,0.0
9,2814,3,True,0,2025-02-23,1,0.0,0.1,0.13,6,23,0,1,0,1.4285714285714286,0.0
9,2826,3,True,0,2025-02-23,1,0.0,0.06,0.11,6,23,0,1,0,1.2857142857142858,0.0
9,2827,3,True,0,2025-02-23,0,0.0,0.34,0.38,6,23,0,1,0,1.1428571428571428,0.0
9,2861,3,True,0,2025-02-23,2,0.0,0.09,0.12,6,23,0,1,0,1.1428571428571428,0.0
9,2862,3,True,0,2025-02-23,3,0.0,0.32,0.43,6,23,0,1,0,1.4285714285714286,0.0
9,2864,3,True,0,2025-02-23,4,0.0,0.06,0.08,6,23,0,1,0,1.4285714285714286,0.0
9,2866,3,True,0,2025-02-23,7,0.0,0.25,0.28,6,23,0,1,0,1.7142857142857142,0.0
9,2902,3,True,0,2025-02-23,1,0.0,0.04,0.06,6,23,0,1,0,2.5714285714285716,0.0
9,2910,3,True,0,2025-02-23,1,0.0,0.25,0.32,6,23,0,1,0,2.5714285714285716,0.0
9,2911,3,True,0,2025-02-23,1,0.0,0.27,0.32,6,23,0,1,0,2.5714285714285716,0.0
9,2951,3,True,0,2025-02-23,1,0.0,0.07,0.09,6,23,0,1,0,2.7142857142857144,0.0
9,2954,3,True,0,2025-02-23,1,0.0,0.05,0.06,6,23,0,1,0,2.5714285714285716,0.0
9,2958,3,True,0,2025-02-23,1,0.0,0.04,0.05,6,23,0,1,0,2.2857142857142856,0.0
9,2974,3,True,0,2025-02-23,3,0.0,0.12,0.14,6,23,0,1,0,1.8571428571428572,0.0
9,2975,3,True,0,2025-02-23,2,0.0,0.14,0.15,6,23,0,1,0,1.2857142857142858,0.0
9,2980,3,True,0,2025-02-23,1,0.0,0.06,0.08,6,23,0,1,0,1.4285714285714286,0.0
9,3022,3,True,0,2025-02-23,2,0.0,0.2,0.23,6,23,0,1,0,1.4285714285714286,0.0
9,3052,3,True,0,2025-02-23,1,0.0,0.16,0.2,6,23,0,1,0,1.5714285714285714,0.0
9,3061,3,True,0,2025-02-23,1,0.0,0.03,0.05,6,23,0,1,0,1.5714285714285714,0.0
9,3069,3,True,0,2025-02-23,1,0.0,0.14,0.18,6,23,0,1,0,1.5714285714285714,0.0
9,3074,3,True,0,2025-02-23,1,0.0,0.12,0.17,6,23,0,1,0,1.5714285714285714,0.0
9,3077,3,True,0,2025-02-23,2,0.0,0.44,0.42,6,23,0,1,0,1.2857142857142858,0.0
9,3079,3,True,0,2025-02-23,2,0.0,0.1,0.13,6,23,0,1,0,1.2857142857142858,0.0
9,3083,3,True,0,2025-02-23,1,0.0,0.06,0.08,6,23,0,1,0,1.4285714285714286,0.0
9,3104,3,True,0,2025-02-23,1,0.0,0.24,0.26,6,23,0,1,0,1.2857142857142858,0.0
9,3116,3,True,0,2025-02-23,1,0.0,0.09,0.1,6,23,0,1,0,1.2857142857142858,0.0
9,3117,3,True,0,2025-02-23,1,0.0,0.05,0.06,6,23,0,1,0,1.2857142857142858,0.0
9,3119,3,True,0,2025-02-23,1,0.0,0.09,0.11,6,23,0,1,0,1.2857142857142858,0.0
9,3165,3,True,0,2025-02-23,1,0.0,0.07,0.09,6,23,0,1,0,1.2857142857142858,0.0
9,3208,3,True,0,2025-02-23,1,0.0,0.07,0.1,6,23,0,1,0,1.1428571428571428,0.0
9,3212,3,True,0,2025-02-23,0,0.0,0.08,0.1,6,23,0,1,0,1.0,0.0
9,3219,3,True,0,2025-02-23,1,0.0,0.08,0.11,6,23,0,1,0,0.8571428571428571,0.0
9,3234,3,True,0,2025-02-23,4,0.0,0.13,0.16,6,23,0,1,0,0.8571428571428571,0.0
9,3242,3,True,0,2025-02-23,1,0.0,0.05,0.07,6,23,0,1,0,1.2857142857142858,0.0
9,3263,3,True,0,2025-02-23,2,0.0,0.31,0.42,6,23,0,1,0,1.2857142857142858,0.0
9,3266,3,True,0,2025-02-23,3,0.0,0.08,0.11,6,23,0,1,0,1.4285714285714286,0.0
9,3276,3,True,0,2025-02-23,2,0.0,0.1,0.12,6,23,0,1,0,1.7142857142857142,0.0
9,3286,3,True,0,2025-02-23,3,0.0,0.22,0.33,6,23,0,1,0,1.8571428571428572,0.0
9,3347,3,True,0,2025-02-23,2,0.0,0.1,0.13,6,23,0,1,0,2.2857142857142856,0.0
9,3358,3,True,0,2025-02-23,1,0.0,0.17,0.22,6,23,0,1,0,2.4285714285714284,0.0
9,3363,3,True,0,2025-02-23,1,0.0,0.18,0.23,6,23,0,1,0,2.0,0.0
9,3369,3,True,0,2025-02-23,4,0.0,0.06,0.1,6,23,0,1,0,2.0,0.0
9,3393,3,True,0,2025-02-23,1,0.0,0.07,0.1,6,23,0,1,0,2.2857142857142856,0.0
9,3452,3,True,0,2025-02-23,2,0.0,0.14,0.13,6,23,0,1,0,2.0,0.0
9,3495,3,True,0,2025-02-23,8,0.0,0.08,0.12,6,23,0,1,0,2.0,0.0
9,3502,3,True,0,2025-02-23,1,0.0,0.08,0.1,6,23,0,1,0,2.7142857142857144,0.0
9,3523,3,True,0,2025-02-23,0,0.0,0.17,0.22,6,23,0,1,0,2.5714285714285716,0.0
9,3527,3,True,0,2025-02-23,1,0.0,0.15,0.2,6,23,0,1,0,2.4285714285714284,0.0
9,3538,3,True,0,2025-02-23,2,0.0,0.02,0.04,6,23,0,1,0,2.4285714285714284,0.0
9,3546,3,True,0,2025-02-23,1,0.0,0.12,0.17,6,23,0,1,0,2.142857142857143,0.0
9,3549,3,True,0,2025-02-23,2,0.0,0.15,0.19,6,23,0,1,0,2.142857142857143,0.0
9,3560,3,True,0,2025-02-23,1,0.0,0.2,0.21,6,23,0,1,0,2.142857142857143,0.0
9,3589,3,True,0,2025-02-23,3,0.0,0.09,0.12,6,23,0,1,0,1.1428571428571428,0.0
9,3609,3,True,0,2025-02-23,1,0.0,0.04,0.05,6,23,0,1,0,1.4285714285714286,0.0
9,3641,3,True,0,2025-02-23,2,0.0,0.07,0.09,6,23,0,1,0,1.5714285714285714,0.0
9,3642,3,True,0,2025-02-23,2,0.0,0.42,0.54,6,23,0,1,0,1.7142857142857142,0.0
9,3653,3,True,0,2025-02-23,1,0.0,0.25,0.35,6,23,0,1,0,1.7142857142857142,0.0
9,3701,3,True,0,2025-02-23,3,0.0,0.23,0.24,6,23,0,1,0,1.7142857142857142,0.0
9,3708,3,True,0,2025-02-23,1,0.0,0.02,0.03,6,23,0,1,0,1.8571428571428572,0.0
9,3726,3,True,0,2025-02-23,3,0.0,0.1,0.13,6,23,0,1,0,1.8571428571428572,0.0
9,3746,3,True,0,2025-02-23,2,0.0,0.06,0.08,6,23,0,1,0,1.8571428571428572,0.0
9,3749,3,True,0,2025-02-23,1,0.0,0.08,0.11,6,23,0,1,0,2.0,0.0
9,3769,3,True,0,2025-02-23,1,0.0,0.27,0.29,6,23,0,1,0,1.8571428571428572,0.0
9,3798,3,True,0,2025-02-23,2,0.0,0.04,0.05,6,23,0,1,0,1.7142857142857142,0.0
9,3803,3,True,0,2025-02-23,1,0.0,0.14,0.16,6,23,0,1,0,1.8571428571428572,0.0
9,3834,3,True,0,2025-02-23,1,0.0,0.04,0.06,6,23,0,1,0,1.5714285714285714,0.0
9,3839,3,True,0,2025-02-23,1,0.0,0.05,0.09,6,23,0,1,0,1.5714285714285714,0.0
9,3852,3,True,0,2025-02-23,2,0.0,0.24,0.27,6,23,0,1,0,1.2857142857142858,0.0
9,3864,3,True,0,2025-02-23,0,0.0,0.05,0.07,6,23,0,1,0,1.2857142857142858,0.0
9,3877,3,True,0,2025-02-23,18,0.0,0.01,0.02,6,23,0,1,0,1.1428571428571428,0.0
9,3891,3,True,0,2025-02-23,1,0.0,0.17,0.17,6,23,0,1,0,3.5714285714285716,0.0
9,3893,3,True,0,2025-02-23,1,0.0,0.08,0.09,6,23,0,1,0,3.4285714285714284,0.0
9,3909,3,True,0,2025-02-23,1,0.0,0.08,0.12,6,23,0,1,0,3.4285714285714284,0.0
9,3911,3,True,0,2025-02-23,2,0.0,0.08,0.09,6,23,0,1,0,3.4285714285714284,0.0
9,3915,3,True,0,2025-02-23,1,0.0,0.1,0.13,6,23,0,1,0,3.5714285714285716,0.0
9,3922,3,True,0,2025-02-23,1,0.0,0.03,0.04,6,23,0,1,0,3.4285714285714284,0.0
9,3934,3,True,0,2025-02-23,1,0.0,0.38,0.39,6,23,0,1,0,3.5714285714285716,0.0
9,3951,3,True,0,2025-02-23,2,0.0,0.4,0.33,6,23,0,1,0,1.1428571428571428,0.0
9,3982,3,True,0,2025-02-23,2,0.0,0.17,0.2,6,23,0,1,0,1.2857142857142858,0.0
9,4002,3,True,0,2025-02-23,3,0.0,0.05,0.06,6,23,0,1,0,1.4285714285714286,0.0
9,4011,3,True,0,2025-02-23,1,0.0,0.07,0.11,6,23,0,1,0,1.7142857142857142,0.0
9,4033,3,True,0,2025-02-23,1,0.0,0.11,0.15,6,23,0,1,0,1.5714285714285714,0.0
9,4041,3,True,0,2025-02-23,1,0.0,0.04,0.06,6,23,0,1,0,1.5714285714285714,0.0
9,4062,3,True,0,2025-02-23,1,0.0,0.12,0.14,6,23,0,1,0,1.5714285714285714,0.0
9,4097,3,True,0,2025-02-23,8,0.0,0.03,0.05,6,23,0,1,0,1.5714285714285714,0.0
9,4119,3,True,0,2025-02-23,1,0.0,0.16,0.18,6,23,0,1,0,2.4285714285714284,0.0
9,4120,3,True,0,2025-02-23,1,0.0,0.16,0.19,6,23,0,1,0,2.2857142857142856,0.0
9,4167,3,True,0,2025-02-23,3,0.0,0.33,0.37,6,23,0,1,0,2.0,0.0
9,4179,3,True,0,2025-02-23,1,0.0,0.12,0.13,6,23,0,1,0,2.2857142857142856,0.0
9,4191,3,True,0,2025-02-23,0,0.0,0.12,0.12,6,23,0,1,0,2.2857142857142856,0.0
9,4192,3,True,0,2025-02-23,1,0.0,0.18,0.2,6,23,0,1,0,2.142857142857143,0.0
9,4203,3,True,0,2025-02-23,1,0.0,0.04,0.05,6,23,0,1,0,2.142857142857143,0.0
9,4207,3,True,0,2025-02-23,0,0.0,0.11,0.14,6,23,0,1,0,1.1428571428571428,0.0
9,4210,3,True,0,2025-02-23,1,0.0,0.28,0.33,6,23,0,1,0,1.0,0.0
9,4230,3,True,0,2025-02-23,1,0.0,0.13,0.18,6,23,0,1,0,1.0,0.0
9,4239,3,True,0,2025-02-23,1,0.0,0.05,0.11,6,23,0,1,0,0.7142857142857143,0.0
9,4242,3,True,0,2025-02-23,1,0.0,0.32,0.39,6,23,0,1,0,0.7142857142857143,0.0
9,4246,3,True,0,2025-02-23,3,0.0,0.26,0.33,6,23,0,1,0,0.8571428571428571,0.0
9,4248,3,True,0,2025-02-23,1,0.0,0.24,0.27,6,23,0,1,0,1.1428571428571428,0.0
9,4260,3,True,0,2025-02-23,0,0.0,0.06,0.07,6,23,0,1,0,1.1428571428571428,0.0
9,4269,3,True,0,2025-02-23,1,0.0,0.08,0.11,6,23,0,1,0,1.1428571428571428,0.0
9,4277,3,True,0,2025-02-23,0,0.0,0.04,0.05,6,23,0,1,0,1.1428571428571428,0.0
9,4302,3,True,0,2025-02-23,2,0.0,0.57,0.54,6,23,0,1,0,1.0,0.0
9,4315,3,True,0,2025-02-23,1,0.0,0.12,0.15,6,23,0,1,0,1.1428571428571428,0.0
9,4339,3,True,0,2025-02-23,1,0.0,0.23,0.25,6,23,0,1,0,1.1428571428571428,0.0
9,4357,3,True,0,2025-02-23,2,0.0,0.07,0.09,6,23,0,1,0,0.8571428571428571,0.0
9,4369,3,True,0,2025-02-23,1,0.0,0.38,0.44,6,23,0,1,0,1.0,0.0
9,4381,3,True,0,2025-02-23,1,0.0,0.14,0.2,6,23,0,1,0,1.1428571428571428,0.0
9,4397,3,True,0,2025-02-23,2,0.0,0.09,0.14,6,23,0,1,0,1.1428571428571428,0.0
9,4409,3,True,0,2025-02-23,2,0.0,0.09,0.12,6,23,0,1,0,1.4285714285714286,0.0
9,4469,3,True,0,2025-02-23,1,0.0,0.25,0.31,6,23,0,1,0,1.4285714285714286,0.0
9,4475,3,True,0,2025-02-23,2,0.0,0.06,0.07,6,23,0,1,0,1.4285714285714286,0.0
9,4517,3,True,0,2025-02-23,1,0.0,0.29,0.31,6,23,0,1,0,1.5714285714285714,0.0
9,4521,3,True,0,2025-02-23,1,0.0,0.22,0.23,6,23,0,1,0,1.4285714285714286,0.0
9,4524,3,True,0,2025-02-23,2,0.0,0.17,0.18,6,23,0,1,0,1.4285714285714286,0.0
9,4527,3,True,0,2025-02-23,2,0.0,0.1,0.11,6,23,0,1,0,1.5714285714285714,0.0
9,4539,3,True,0,2025-02-23,33,0.0,0.01,0.01,6,23,0,1,0,1.5714285714285714,0.0
9,4540,3,True,0,2025-02-23,1,0.0,0.04,0.05,6,23,0,1,0,6.0,0.0
9,4546,3,True,0,2025-02-23,1,0.0,0.1,0.11,6,23,0,1,0,6.0,0.0
9,4563,3,True,0,2025-02-23,1,0.0,0.15,0.19,6,23,0,1,0,5.857142857142857,0.0
9,4572,3,True,0,2025-02-23,2,0.0,0.09,0.1,6,23,0,1,0,5.857142857142857,0.0
9,4582,3,True,0,2025-02-23,1,0.0,0.4,0.54,6,23,0,1,0,6.0,0.0
9,4640,3,True,0,2025-02-23,1,0.0,0.25,0.27,6,23,0,1,0,5.857142857142857,0.0
9,4675,3,True,0,2025-02-23,1,0.0,0.12,0.16,6,23,0,1,0,5.714285714285714,0.0
9,4683,3,True,0,2025-02-23,1,0.0,0.03,0.05,6,23,0,1,0,1.1428571428571428,0.0
9,4689,3,True,0,2025-02-23,1,0.0,0.11,0.14,6,23,0,1,0,1.1428571428571428,0.0
9,4699,3,True,0,2025-02-23,2,0.0,0.07,0.1,6,23,0,1,0,1.1428571428571428,0.0
9,4704,3,True,0,2025-02-23,2,0.0,0.24,0.33,6,23,0,1,0,1.2857142857142858,0.0
9,4725,3,True,0,2025-02-23,1,0.0,0.09,0.11,6,23,0,1,0,1.2857142857142858,0.0
9,4744,3,True,0,2025-02-23,1,0.0,0.04,0.05,6,23,0,1,0,1.2857142857142858,0.0
9,4757,3,True,0,2025-02-23,1,0.0,0.16,0.19,6,23,0,1,0,1.2857142857142858,0.0
9,4765,3,True,0,2025-02-23,2,0.0,0.12,0.15,6,23,0,1,0,1.2857142857142858,0.0
9,4769,3,True,0,2025-02-23,1,0.0,0.5,0.69,6,23,0,1,0,1.4285714285714286,0.0
9,4782,3,True,0,2025-02-23,5,0.0,0.14,0.17,6,23,0,1,0,1.4285714285714286,0.0
9,4783,3,True,0,2025-02-23,1,0.0,0.27,0.35,6,23,0,1,0,1.8571428571428572,0.0
9,4790,3,True,0,2025-02-23,3,0.0,0.09,0.13,6,23,0,1,0,1.7142857142857142,0.0
9,4794,3,True,0,2025-02-23,0,0.0,0.06,0.07,6,23,0,1,0,2.0,0.0
9,4802,3,True,0,2025-02-23,1,0.0,0.16,0.19,6,23,0,1,0,1.8571428571428572,0.0
9,4803,3,True,0,2025-02-23,1,0.0,0.65,0.81,6,23,0,1,0,1.8571428571428572,0.0
9,4816,3,True,0,2025-02-23,1,0.0,0.11,0.13,6,23,0,1,0,1.7142857142857142,0.0
9,4820,3,True,0,2025-02-23,1,0.0,0.06,0.08,6,23,0,1,0,1.7142857142857142,0.0
9,4833,3,True,0,2025-02-23,1,0.0,0.22,0.25,6,23,0,1,0,1.1428571428571428,0.0
9,4848,3,True,0,2025-02-23,1,0.0,0.07,0.08,6,23,0,1,0,1.1428571428571428,0.0
9,4852,3,True,0,2025-02-23,3,0.0,0.2,0.24,6,23,0,1,0,0.8571428571428571,0.0
9,4859,3,True,0,2025-02-23,1,0.0,0.05,0.05,6,23,0,1,0,1.2857142857142858,0.0
9,4870,3,True,0,2025-02-23,2,0.0,0.1,0.12,6,23,0,1,0,1.2857142857142858,0.0
9,4878,3,True,0,2025-02-23,1,0.0,0.1,0.13,6,23,0,1,0,1.4285714285714286,0.0
9,4883,3,True,0,2025-02-23,2,0.0,0.12,0.14,6,23,0,1,0,1.4285714285714286,0.0
9,4885,3,True,0,2025-02-23,1,0.0,0.06,0.09,6,23,0,1,0,1.5714285714285714,0.0
9,4886,3,True,0,2025-02-23,2,0.0,0.16,0.2,6,23,0,1,0,1.5714285714285714,0.0
9,4888,3,True,0,2025-02-23,2,0.0,0.17,0.19,6,23,0,1,0,1.7142857142857142,0.0
9,4908,3,True,0,2025-02-23,0,0.0,0.16,0.19,6,23,0,1,0,1.5714285714285714,0.0
9,4934,3,True,0,2025-02-23,2,0.0,0.07,0.09,6,23,0,1,0,1.4285714285714286,0.0
9,4938,3,True,0,2025-02-23,5,0.0,0.54,0.59,6,23,0,1,0,1.4285714285714286,0.0
9,4948,3,True,0,2025-02-23,1,0.0,0.12,0.15,6,23,0,1,0,2.0,0.0
9,4957,3,True,0,2025-02-23,0,0.0,0.11,0.14,6,23,0,1,0,1.8571428571428572,0.0
9,4971,3,True,0,2025-02-23,1,0.0,0.29,0.31,6,23,0,1,0,1.7142857142857142,0.0
9,4976,3,True,0,2025-02-23,1,0.0,0.04,0.05,6,23,0,1,0,1.5714285714285714,0.0
9,4981,3,True,0,2025-02-23,1,0.0,0.15,0.2,6,23,0,1,0,1.4285714285714286,0.0
9,4984,3,True,0,2025-02-23,1,0.0,0.06,0.06,6,23,0,1,0,1.5714285714285714,0.0
9,4986,3,True,0,2025-02-23,1,0.0,0.05,0.04,6,23,0,1,0,1.4285714285714286,0.0
9,5004,3,True,0,2025-02-23,2,0.0,0.05,0.06,6,23,0,1,0,0.8571428571428571,0.0
9,5024,3,True,0,2025-02-23,3,0.0,0.1,0.13,6,23,0,1,0,1.0,0.0
9,5074,3,True,0,2025-02-23,1,0.0,0.23,0.23,6,23,0,1,0,1.4285714285714286,0.0
9,5094,3,True,0,2025-02-23,3,0.0,0.05,0.07,6,23,0,1,0,1.4285714285714286,0.0
9,5095,3,True,0,2025-02-23,1,0.0,0.03,0.04,6,23,0,1,0,1.7142857142857142,0.0
9,5101,3,True,0,2025-02-23,1,0.0,0.01,0.02,6,23,0,1,0,1.7142857142857142,0.0
9,5105,3,True,0,2025-02-23,4,0.0,0.15,0.18,6,23,0,1,0,1.7142857142857142,0.0
9,5119,3,True,0,2025-02-23,1,0.0,0.06,0.08,6,23,0,1,0,2.142857142857143,0.0
9,5125,3,True,0,2025-02-23,2,0.0,0.06,0.08,6,23,0,1,0,2.0,0.0
9,5139,3,True,0,2025-02-23,1,0.0,0.2,0.29,6,23,0,1,0,1.8571428571428572,0.0
9,5209,3,True,0,2025-02-23,0,0.0,0.35,0.37,6,23,0,1,0,1.8571428571428572,0.0
9,5221,3,True,0,2025-02-23,2,0.0,0.05,0.06,6,23,0,1,0,1.4285714285714286,0.0
9,5261,3,True,0,2025-02-23,1,0.0,0.15,0.2,6,23,0,1,0,1.5714285714285714,0.0
9,5262,3,True,0,2025-02-23,1,0.0,0.04,0.06,6,23,0,1,0,1.5714285714285714,0.0
9,5280,3,True,0,2025-02-23,1,0.0,0.09,0.12,6,23,0,1,0,1.1428571428571428,0.0
9,5281,3,True,0,2025-02-23,1,0.0,0.27,0.35,6,23,0,1,0,1.1428571428571428,0.0
9,17,4,False,0,2025-02-23,3,0.0,0.06,0.08,6,23,0,1,0,1.0,0.0
9,26,4,False,0,2025-02-23,3,0.0,0.04,0.06,6,23,0,1,0,1.2857142857142858,0.0
9,38,4,False,0,2025-02-23,1,0.0,0.12,0.17,6,23,0,1,0,1.7142857142857142,0.0
9,64,4,False,0,2025-02-23,3,0.0,0.01,0.02,6,23,0,1,0,1.5714285714285714,0.0
9,88,4,False,0,2025-02-23,0,0.0,0.02,0.03,6,23,0,1,0,1.8571428571428572,0.0
9,99,4,False,0,2025-02-23,2,0.0,0.02,0.03,6,23,0,1,0,1.7142857142857142,0.0
9,100,4,False,0,2025-02-23,2,0.0,0.04,0.05,6,23,0,1,0,1.8571428571428572,0.0
9,145,4,False,0,2025-02-23,2,0.0,0.06,0.07,6,23,0,1,0,2.0,0.0
9,168,4,False,0,2025-02-23,0,0.0,0.04,0.06,6,23,0,1,0,1.8571428571428572,0.0
9,175,4,False,0,2025-02-23,2,0.0,0.03,0.06,6,23,0,1,0,1.4285714285714286,0.0
9,178,4,False,0,2025-02-23,0,0.0,0.0,0.0,6,23,0,1,0,1.5714285714285714,0.0
9,182,4,False,0,2025-02-23,2,0.0,0.03,0.05,6,23,0,1,0,1.1428571428571428,0.0
9,185,4,False,0,2025-02-23,4,0.0,0.02,0.03,6,23,0,1,0,1.4285714285714286,0.0
9,205,4,False,0,2025-02-23,1,0.0,0.1,0.13,6,23,0,1,0,1.7142857142857142,0.0
9,235,4,False,0,2025-02-23,2,0.0,0.06,0.07,6,23,0,1,0,1.5714285714285714,0.0
9,255,4,False,0,2025-02-23,2,0.0,0.03,0.05,6,23,0,1,0,1.5714285714285714,0.0
9,272,4,False,0,2025-02-23,2,0.0,0.03,0.05,6,23,0,1,0,1.8571428571428572,0.0
9,290,4,False,0,2025-02-23,3,0.0,0.06,0.08,6,23,0,1,0,1.8571428571428572,0.0
9,292,4,False,0,2025-02-23,2,0.0,0.04,0.06,6,23,0,1,0,2.2857142857142856,0.0
9,306,4,False,0,2025-02-23,2,0.0,0.04,0.05,6,23,0,1,0,2.2857142857142856,0.0
9,314,4,False,0,2025-02-23,2,0.0,0.03,0.03,6,23,0,1,0,2.0,0.0
9,328,4,False,0,2025-02-23,3,0.0,0.07,0.09,6,23,0,1,0,2.142857142857143,0.0
9,338,4,False,0,2025-02-23,3,0.0,0.05,0.07,6,23,0,1,0,2.2857142857142856,0.0
9,350,4,False,0,2025-02-23,4,0.0,0.03,0.05,6,23,0,1,0,2.4285714285714284,0.0
9,362,4,False,0,2025-02-23,0,0.0,0.02,0.03,6,23,0,1,0,2.7142857142857144,0.0
9,370,4,False,0,2025-02-23,3,0.0,0.03,0.06,6,23,0,1,0,2.2857142857142856,0.0
9,372,4,False,0,2025-02-23,0,0.0,0.02,0.04,6,23,0,1,0,2.4285714285714284,0.0
9,447,4,False,0,2025-02-23,2,0.0,0.06,0.07,6,23,0,1,0,2.142857142857143,0.0
9,464,4,False,0,2025-02-23,0,0.0,0.02,0.03,6,23,0,1,0,2.142857142857143,0.0
9,482,4,False,0,2025-02-23,2,0.0,0.02,0.04,6,23,0,1,0,1.7142857142857142,0.0
9,524,4,False,0,2025-02-23,3,0.0,0.02,0.03,6,23,0,1,0,1.5714285714285714,0.0
9,552,4,False,0,2025-02-23,2,0.0,0.07,0.1,6,23,0,1,0,1.4285714285714286,0.0
9,560,4,False,0,2025-02-23,4,0.0,0.02,0.03,6,23,0,1,0,1.7142857142857142,0.0
9,584,4,False,0,2025-02-23,0,0.0,0.05,0.08,6,23,0,1,0,1.8571428571428572,0.0
9,595,4,False,0,2025-02-23,2,0.0,0.07,0.1,6,23,0,1,0,1.8571428571428572,0.0
9,613,4,False,0,2025-02-23,2,0.0,0.02,0.04,6,23,0,1,0,1.8571428571428572,0.0
9,621,4,False,0,2025-02-23,1,0.0,0.05,0.08,6,23,0,1,0,2.142857142857143,0.0
9,622,4,False,0,2025-02-23,3,0.0,0.02,0.04,6,23,0,1,0,2.0,0.0
9,676,4,False,0,2025-02-23,3,0.0,0.08,0.14,6,23,0,1,0,2.0,0.0
9,700,4,False,0,2025-02-23,3,0.0,0.03,0.05,6,23,0,1,0,2.142857142857143,0.0
9,723,4,False,0,2025-02-23,1,0.0,0.03,0.04,6,23,0,1,0,2.0,0.0
9,726,4,False,0,2025-02-23,4,0.0,0.04,0.06,6,23,0,1,0,2.142857142857143,0.0
9,731,4,False,0,2025-02-23,2,0.0,0.19,0.24,6,23,0,1,0,2.4285714285714284,0.0
9,736,4,False,0,2025-02-23,2,0.0,0.04,0.06,6,23,0,1,0,2.4285714285714284,0.0
9,749,4,False,0,2025-02-23,2,0.0,0.08,0.08,6,23,0,1,0,2.5714285714285716,0.0
9,761,4,False,0,2025-02-23,1,0.0,0.02,0.02,6,23,0,1,0,2.4285714285714284,0.0
9,824,4,False,0,2025-02-23,3,0.0,0.01,0.01,6,23,0,1,0,2.142857142857143,0.0
9,826,4,False,0,2025-02-23,3,0.0,0.05,0.06,6,23,0,1,0,2.142857142857143,0.0
9,845,4,False,0,2025-02-23,3,0.0,0.07,0.11,6,23,0,1,0,2.4285714285714284,0.0
9,849,4,False,0,2025-02-23,2,0.0,0.04,0.06,6,23,0,1,0,2.2857142857142856,0.0
9,852,4,False,0,2025-02-23,0,0.0,0.02,0.03,6,23,0,1,0,2.2857142857142856,0.0
9,871,4,False,0,2025-02-23,1,0.0,0.05,0.08,6,23,0,1,0,2.0,0.0
9,880,4,False,0,2025-02-23,1,0.0,0.04,0.06,6,23,0,1,0,1.8571428571428572,0.0
9,892,4,False,0,2025-02-23,4,0.0,0.02,0.02,6,23,0,1,0,1.8571428571428572,0.0
9,953,4,False,0,2025-02-23,3,0.0,0.01,0.02,6,23,0,1,0,2.0,0.0
9,963,4,False,0,2025-02-23,2,0.0,0.05,0.06,6,23,0,1,0,2.0,0.0
9,989,4,False,0,2025-02-23,0,0.0,0.02,0.03,6,23,0,1,0,1.8571428571428572,0.0
9,1003,4,False,0,2025-02-23,4,0.0,0.02,0.03,6,23,0,1,0,1.5714285714285714,0.0
9,1009,4,False,0,2025-02-23,3,0.0,0.21,0.24,6,23,0,1,0,2.142857142857143,0.0
9,1013,4,False,0,2025-02-23,2,0.0,0.08,0.12,6,23,0,1,0,2.4285714285714284,0.0
9,1040,4,False,0,2025-02-23,3,0.0,0.03,0.03,6,23,0,1,0,2.5714285714285716,0.0
9,1041,4,False,0,2025-02-23,2,0.0,0.05,0.06,6,23,0,1,0,2.4285714285714284,0.0
9,1069,4,False,0,2025-02-23,1,0.0,0.07,0.09,6,23,0,1,0,2.2857142857142856,0.0
9,1077,4,False,0,2025-02-23,2,0.0,0.06,0.09,6,23,0,1,0,2.142857142857143,0.0
9,1090,4,False,0,2025-02-23,1,0.0,0.04,0.06,6,23,0,1,0,2.4285714285714284,0.0
9,1092,4,False,0,2025-02-23,3,0.0,0.02,0.03,6,23,0,1,0,2.0,0.0
9,1111,4,False,0,2025-02-23,1,0.0,0.06,0.09,6,23,0,1,0,2.0,0.0
9,1119,4,False,0,2025-02-23,3,0.0,0.04,0.09,6,23,0,1,0,1.8571428571428572,0.0
9,1123,4,False,0,2025-02-23,3,0.0,0.0,0.01,6,23,0,1,0,1.8571428571428572,0.0
9,1137,4,False,0,2025-02-23,2,0.0,0.03,0.04,6,23,0,1,0,2.0,0.0
9,1182,4,False,0,2025-02-23,3,0.0,0.02,0.03,6,23,0,1,0,2.142857142857143,0.0
9,1183,4,False,0,2025-02-23,1,0.0,0.01,0.01,6,23,0,1,0,2.2857142857142856,0.0
9,1245,4,False,0,2025-02-23,1,0.0,0.04,0.06,6,23,0,1,0,2.2857142857142856,0.0
9,1248,4,False,0,2025-02-23,2,0.0,0.01,0.01,6,23,0,1,0,2.0,0.0
9,1257,4,False,0,2025-02-23,1,0.0,0.1,0.14,6,23,0,1,0,2.142857142857143,0.0
9,1268,4,False,0,2025-02-23,2,0.0,0.06,0.07,6,23,0,1,0,1.8571428571428572,0.0
9,1274,4,False,0,2025-02-23,2,0.0,0.09,0.15,6,23,0,1,0,1.7142857142857142,0.0
9,1316,4,False,0,2025-02-23,5,0.0,0.03,0.05,6,23,0,1,0,1.7142857142857142,0.0
9,1321,4,False,0,2025-02-23,4,0.0,0.03,0.04,6,23,0,1,0,2.0,0.0
9,1329,4,False,0,2025-02-23,1,0.0,0.01,0.01,6,23,0,1,0,2.4285714285714284,0.0
9,1369,4,False,0,2025-02-23,2,0.0,0.02,0.03,6,23,0,1,0,2.4285714285714284,0.0
9,1373,4,False,0,2025-02-23,3,0.0,0.05,0.06,6,23,0,1,0,2.4285714285714284,0.0
9,1394,4,False,0,2025-02-23,4,0.0,0.02,0.03,6,23,0,1,0,2.7142857142857144,0.0
9,1402,4,False,0,2025-02-23,3,0.0,0.03,0.05,6,23,0,1,0,3.0,0.0
9,1417,4,False,0,2025-02-23,2,0.0,0.06,0.08,6,23,0,1,0,3.142857142857143,0.0
9,1420,4,False,0,2025-02-23,0,0.0,0.04,0.05,6,23,0,1,0,2.7142857142857144,0.0
9,1428,4,False,0,2025-02-23,0,0.0,0.03,0.04,6,23,0,1,0,2.142857142857143,0.0
9,1436,4,False,0,2025-02-23,1,0.0,0.05,0.07,6,23,0,1,0,2.0,0.0
9,1473,4,False,0,2025-02-23,2,0.0,0.06,0.06,6,23,0,1,0,1.8571428571428572,0.0
9,1481,4,False,0,2025-02-23,1,0.0,0.04,0.07,6,23,0,1,0,1.7142857142857142,0.0
9,1493,4,False,0,2025-02-23,1,0.0,0.06,0.07,6,23,0,1,0,1.2857142857142858,0.0
9,1497,4,False,0,2025-02-23,2,0.0,0.05,0.06,6,23,0,1,0,1.0,0.0
9,1506,4,False,0,2025-02-23,3,0.0,0.02,0.04,6,23,0,1,0,1.0,0.0
9,1519,4,False,0,2025-02-23,3,0.0,0.05,0.06,6,23,0,1,0,1.4285714285714286,0.0
9,1539,4,False,0,2025-02-23,5,0.0,0.02,0.03,6,23,0,1,0,1.8571428571428572,0.0
9,1546,4,False,0,2025-02-23,2,0.0,0.03,0.05,6,23,0,1,0,2.4285714285714284,0.0
9,1563,4,False,0,2025-02-23,1,0.0,0.04,0.05,6,23,0,1,0,2.4285714285714284,0.0
9,1570,4,False,0,2025-02-23,0,0.0,0.02,0.03,6,23,0,1,0,2.4285714285714284,0.0
9,1573,4,False,0,2025-02-23,2,0.0,0.07,0.11,6,23,0,1,0,2.2857142857142856,0.0
9,1574,4,False,0,2025-02-23,2,0.0,0.07,0.09,6,23,0,1,0,2.2857142857142856,0.0
9,1594,4,False,0,2025-02-23,2,0.0,0.02,0.03,6,23,0,1,0,2.142857142857143,0.0
9,1626,4,False,0,2025-02-23,7,0.0,0.06,0.08,6,23,0,1,0,2.0,0.0
9,1644,4,False,0,2025-02-23,2,0.0,0.07,0.1,6,23,0,1,0,2.2857142857142856,0.0
9,1652,4,False,0,2025-02-23,1,0.0,0.05,0.07,6,23,0,1,0,2.2857142857142856,0.0
9,1673,4,False,0,2025-02-23,2,0.0,0.06,0.08,6,23,0,1,0,2.2857142857142856,0.0
9,1675,4,False,0,2025-02-23,2,0.0,0.05,0.06,6,23,0,1,0,2.5714285714285716,0.0
9,1686,4,False,0,2025-02-23,1,0.0,0.07,0.1,6,23,0,1,0,2.5714285714285716,0.0
9,1706,4,False,0,2025-02-23,2,0.0,0.01,0.03,6,23,0,1,0,2.4285714285714284,0.0
9,1716,4,False,0,2025-02-23,2,0.0,0.03,0.03,6,23,0,1,0,2.4285714285714284,0.0
9,1732,4,False,0,2025-02-23,1,0.0,0.08,0.08,6,23,0,1,0,1.7142857142857142,0.0
9,1738,4,False,0,2025-02-23,1,0.0,0.02,0.04,6,23,0,1,0,1.5714285714285714,0.0
9,1745,4,False,0,2025-02-23,1,0.0,0.05,0.08,6,23,0,1,0,1.5714285714285714,0.0
9,1759,4,False,0,2025-02-23,1,0.0,0.03,0.04,6,23,0,1,0,1.4285714285714286,0.0
9,1776,4,False,0,2025-02-23,2,0.0,0.14,0.15,6,23,0,1,0,1.2857142857142858,0.0
9,1826,4,False,0,2025-02-23,3,0.0,0.07,0.08,6,23,0,1,0,1.4285714285714286,0.0
9,1830,4,False,0,2025-02-23,1,0.0,0.15,0.21,6,23,0,1,0,1.5714285714285714,0.0
9,1863,4,False,0,2025-02-23,2,0.0,0.04,0.07,6,23,0,1,0,1.4285714285714286,0.0
9,1866,4,False,0,2025-02-23,0,0.0,0.02,0.02,6,23,0,1,0,1.5714285714285714,0.0
9,1922,4,False,0,2025-02-23,4,0.0,0.02,0.04,6,23,0,1,0,1.4285714285714286,0.0
9,1934,4,False,0,2025-02-23,2,0.0,0.02,0.04,6,23,0,1,0,1.8571428571428572,0.0
9,1975,4,False,0,2025-02-23,0,0.0,0.03,0.05,6,23,0,1,0,2.0,0.0
9,1984,4,False,0,2025-02-23,2,0.0,0.06,0.08,6,23,0,1,0,1.7142857142857142,0.0
9,2005,4,False,0,2025-02-23,2,0.0,0.16,0.18,6,23,0,1,0,1.5714285714285714,0.0
9,2013,4,False,0,2025-02-23,5,0.0,0.03,0.03,6,23,0,1,0,1.7142857142857142,0.0
9,2025,4,False,0,2025-02-23,1,0.0,0.03,0.05,6,23,0,1,0,2.142857142857143,0.0
9,2028,4,False,0,2025-02-23,1,0.0,0.03,0.04,6,23,0,1,0,2.2857142857142856,0.0
9,2033,4,False,0,2025-02-23,1,0.0,0.11,0.15,6,23,0,1,0,1.8571428571428572,0.0
9,2035,4,False,0,2025-02-23,1,0.0,0.02,0.03,6,23,0,1,0,1.7142857142857142,0.0
9,2042,4,False,0,2025-02-23,4,0.0,0.03,0.06,6,23,0,1,0,1.8571428571428572,0.0
9,2051,4,False,0,2025-02-23,2,0.0,0.03,0.03,6,23,0,1,0,2.142857142857143,0.0
9,2061,4,False,0,2025-02-23,1,0.0,0.02,0.04,6,23,0,1,0,2.142857142857143,0.0
9,2069,4,False,0,2025-02-23,1,0.0,0.07,0.1,6,23,0,1,0,1.5714285714285714,0.0
9,2083,4,False,0,2025-02-23,2,0.0,0.06,0.09,6,23,0,1,0,1.5714285714285714,0.0
9,2088,4,False,0,2025-02-23,1,0.0,0.03,0.04,6,23,0,1,0,1.7142857142857142,0.0
9,2129,4,False,0,2025-02-23,2,0.0,0.03,0.03,6,23,0,1,0,1.7142857142857142,0.0
9,2144,4,False,0,2025-02-23,2,0.0,0.03,0.05,6,23,0,1,0,1.8571428571428572,0.0
9,2149,4,False,0,2025-02-23,1,0.0,0.04,0.06,6,23,0,1,0,1.5714285714285714,0.0
9,2167,4,False,0,2025-02-23,3,0.0,0.05,0.07,6,23,0,1,0,1.4285714285714286,0.0
9,2193,4,False,0,2025-02-23,2,0.0,0.08,0.1,6,23,0,1,0,1.7142857142857142,0.0
9,2230,4,False,0,2025-02-23,2,0.0,0.02,0.03,6,23,0,1,0,1.8571428571428572,0.0
9,2233,4,False,0,2025-02-23,1,0.0,0.06,0.09,6,23,0,1,0,1.8571428571428572,0.0
9,2238,4,False,0,2025-02-23,2,0.0,0.04,0.05,6,23,0,1,0,1.8571428571428572,0.0
9,2257,4,False,0,2025-02-23,2,0.0,0.04,0.06,6,23,0,1,0,1.8571428571428572,0.0
9,2279,4,False,0,2025-02-23,3,0.0,0.11,0.15,6,23,0,1,0,1.8571428571428572,0.0
9,2283,4,False,0,2025-02-23,1,0.0,0.04,0.06,6,23,0,1,0,2.142857142857143,0.0
9,2286,4,False,0,2025-02-23,1,0.0,0.11,0.15,6,23,0,1,0,1.8571428571428572,0.0
9,2306,4,False,0,2025-02-23,2,0.0,0.04,0.07,6,23,0,1,0,1.7142857142857142,0.0
9,2315,4,False,0,2025-02-23,2,0.0,0.07,0.1,6,23,0,1,0,1.7142857142857142,0.0
9,2392,4,False,0,2025-02-23,2,0.0,0.04,0.05,6,23,0,1,0,1.8571428571428572,0.0
9,2397,4,False,0,2025-02-23,3,0.0,0.02,0.03,6,23,0,1,0,1.8571428571428572,0.0
9,2398,4,False,0,2025-02-23,5,0.0,0.12,0.16,6,23,0,1,0,2.0,0.0
9,2438,4,False,0,2025-02-23,2,0.0,0.02,0.04,6,23,0,1,0,2.2857142857142856,0.0
9,2443,4,False,0,2025-02-23,2,0.0,0.05,0.07,6,23,0,1,0,2.4285714285714284,0.0
9,2469,4,False,0,2025-02-23,2,0.0,0.07,0.09,6,23,0,1,0,2.5714285714285716,0.0
9,2473,4,False,0,2025-02-23,3,0.0,0.04,0.06,6,23,0,1,0,2.5714285714285716,0.0
9,2478,4,False,0,2025-02-23,2,0.0,0.02,0.03,6,23,0,1,0,2.7142857142857144,0.0
9,2487,4,False,0,2025-02-23,4,0.0,0.02,0.04,6,23,0,1,0,2.7142857142857144,0.0
9,2497,4,False,0,2025-02-23,2,0.0,0.03,0.04,6,23,0,1,0,2.857142857142857,0.0
9,2506,4,False,0,2025-02-23,2,0.0,0.03,0.04,6,23,0,1,0,2.4285714285714284,0.0
9,2522,4,False,0,2025-02-23,2,0.0,0.11,0.17,6,23,0,1,0,2.4285714285714284,0.0
9,2567,4,False,0,2025-02-23,2,0.0,0.04,0.04,6,23,0,1,0,2.4285714285714284,0.0
9,2581,4,False,0,2025-02-23,1,0.0,0.06,0.07,6,23,0,1,0,2.4285714285714284,0.0
9,2624,4,False,0,2025-02-23,1,0.0,0.06,0.1,6,23,0,1,0,2.142857142857143,0.0
9,2630,4,False,0,2025-02-23,2,0.0,0.03,0.03,6,23,0,1,0,2.0,0.0
9,2631,4,False,0,2025-02-23,3,0.0,0.02,0.04,6,23,0,1,0,1.7142857142857142,0.0
9,2642,4,False,0,2025-02-23,3,0.0,0.03,0.05,6,23,0,1,0,1.8571428571428572,0.0
9,2658,4,False,0,2025-02-23,3,0.0,0.02,0.04,6,23,0,1,0,2.0,0.0
9,2672,4,False,0,2025-02-23,3,0.0,0.02,0.03,6,23,0,1,0,2.142857142857143,0.0
9,2688,4,False,0,2025-02-23,3,0.0,0.03,0.04,6,23,0,1,0,2.2857142857142856,0.0
9,2725,4,False,0,2025-02-23,1,0.0,0.08,0.14,6,23,0,1,0,2.5714285714285716,0.0
9,2744,4,False,0,2025-02-23,3,0.0,0.06,0.1,6,23,0,1,0,2.5714285714285716,0.0
9,2788,4,False,0,2025-02-23,4,0.0,0.02,0.03,6,23,0,1,0,2.7142857142857144,0.0
9,2801,4,False,0,2025-02-23,2,0.0,0.06,0.09,6,23,0,1,0,2.857142857142857,0.0
9,2804,4,False,0,2025-02-23,2,0.0,0.06,0.07,6,23,0,1,0,2.7142857142857144,0.0
9,2818,4,False,0,2025-02-23,2,0.0,0.02,0.03,6,23,0,1,0,2.5714285714285716,0.0
9,2825,4,False,0,2025-02-23,2,0.0,0.18,0.24,6,23,0,1,0,2.4285714285714284,0.0
9,2830,4,False,0,2025-02-23,2,0.0,0.04,0.05,6,23,0,1,0,2.2857142857142856,0.0
9,2832,4,False,0,2025-02-23,3,0.0,0.01,0.03,6,23,0,1,0,2.4285714285714284,0.0
9,2838,4,False,0,2025-02-23,2,0.0,0.02,0.03,6,23,0,1,0,2.4285714285714284,0.0
9,2844,4,False,0,2025-02-23,2,0.0,0.03,0.05,6,23,0,1,0,2.142857142857143,0.0
9,2860,4,False,0,2025-02-23,2,0.0,0.07,0.1,6,23,0,1,0,2.142857142857143,0.0
9,2870,4,False,0,2025-02-23,2,0.0,0.06,0.08,6,23,0,1,0,2.142857142857143,0.0
9,2871,4,False,0,2025-02-23,2,0.0,0.04,0.05,6,23,0,1,0,2.142857142857143,0.0
9,2892,4,False,0,2025-02-23,1,0.0,0.09,0.13,6,23,0,1,0,2.142857142857143,0.0
9,2894,4,False,0,2025-02-23,0,0.0,0.04,0.07,6,23,0,1,0,2.0,0.0
9,2957,4,False,0,2025-02-23,3,0.0,0.02,0.04,6,23,0,1,0,1.5714285714285714,0.0
9,2961,4,False,0,2025-02-23,3,0.0,0.05,0.06,6,23,0,1,0,1.7142857142857142,0.0
9,2963,4,False,0,2025-02-23,2,0.0,0.06,0.08,6,23,0,1,0,1.8571428571428572,0.0
9,2970,4,False,0,2025-02-23,2,0.0,0.03,0.05,6,23,0,1,0,1.8571428571428572,0.0
9,2979,4,False,0,2025-02-23,2,0.0,0.06,0.07,6,23,0,1,0,1.8571428571428572,0.0
9,2992,4,False,0,2025-02-23,1,0.0,0.05,0.08,6,23,0,1,0,1.8571428571428572,0.0
9,3000,4,False,0,2025-02-23,2,0.0,0.1,0.17,6,23,0,1,0,1.8571428571428572,0.0
9,3012,4,False,0,2025-02-23,2,0.0,0.02,0.03,6,23,0,1,0,2.142857142857143,0.0
9,3044,4,False,0,2025-02-23,3,0.0,0.02,0.02,6,23,0,1,0,2.0,0.0
9,3086,4,False,0,2025-02-23,3,0.0,0.04,0.07,6,23,0,1,0,2.0,0.0
9,3145,4,False,0,2025-02-23,2,0.0,0.04,0.06,6,23,0,1,0,2.142857142857143,0.0
9,3146,4,False,0,2025-02-23,3,0.0,0.01,0.01,6,23,0,1,0,2.142857142857143,0.0
9,3162,4,False,0,2025-02-23,4,0.0,0.01,0.02,6,23,0,1,0,2.2857142857142856,0.0
9,3178,4,False,0,2025-02-23,1,0.0,0.12,0.19,6,23,0,1,0,2.7142857142857144,0.0
9,3185,4,False,0,2025-02-23,2,0.0,0.04,0.06,6,23,0,1,0,2.5714285714285716,0.0
9,3196,4,False,0,2025-02-23,3,0.0,0.02,0.03,6,23,0,1,0,2.5714285714285716,0.0
9,3209,4,False,0,2025-02-23,0,0.0,0.02,0.04,6,23,0,1,0,2.5714285714285716,0.0
9,3224,4,False,0,2025-02-23,3,0.0,0.04,0.07,6,23,0,1,0,2.142857142857143,0.0
9,3262,4,False,0,2025-02-23,2,0.0,0.09,0.13,6,23,0,1,0,2.2857142857142856,0.0
9,3267,4,False,0,2025-02-23,3,0.0,0.01,0.01,6,23,0,1,0,2.142857142857143,0.0
9,3293,4,False,0,2025-02-23,3,0.0,0.0,0.01,6,23,0,1,0,2.0,0.0
9,3312,4,False,0,2025-02-23,1,0.0,0.01,0.02,6,23,0,1,0,2.2857142857142856,0.0
9,3317,4,False,0,2025-02-23,3,0.0,0.01,0.02,6,23,0,1,0,2.142857142857143,0.0
9,3327,4,False,0,2025-02-23,3,0.0,0.01,0.02,6,23,0,1,0,2.142857142857143,0.0
9,3377,4,False,0,2025-02-23,2,0.0,0.02,0.04,6,23,0,1,0,2.5714285714285716,0.0
9,3420,4,False,0,2025-02-23,2,0.0,0.07,0.09,6,23,0,1,0,2.4285714285714284,0.0
9,3453,4,False,0,2025-02-23,1,0.0,0.02,0.04,6,23,0,1,0,2.4285714285714284,0.0
9,3455,4,False,0,2025-02-23,0,0.0,0.02,0.04,6,23,0,1,0,2.142857142857143,0.0
9,3465,4,False,0,2025-02-23,1,0.0,0.06,0.07,6,23,0,1,0,1.7142857142857142,0.0
9,3466,4,False,0,2025-02-23,2,0.0,0.03,0.03,6,23,0,1,0,1.7142857142857142,0.0
9,3472,4,False,0,2025-02-23,0,0.0,0.04,0.06,6,23,0,1,0,1.5714285714285714,0.0
9,3473,4,False,0,2025-02-23,2,0.0,0.01,0.03,6,23,0,1,0,1.1428571428571428,0.0
9,3493,4,False,0,2025-02-23,2,0.0,0.04,0.07,6,23,0,1,0,1.1428571428571428,0.0
9,3552,4,False,0,2025-02-23,1,0.0,0.03,0.05,6,23,0,1,0,1.1428571428571428,0.0
9,3562,4,False,0,2025-02-23,2,0.0,0.05,0.07,6,23,0,1,0,1.1428571428571428,0.0
9,3569,4,False,0,2025-02-23,3,0.0,0.03,0.06,6,23,0,1,0,1.4285714285714286,0.0
9,3577,4,False,0,2025-02-23,2,0.0,0.04,0.06,6,23,0,1,0,1.7142857142857142,0.0
9,3590,4,False,0,2025-02-23,1,0.0,0.02,0.03,6,23,0,1,0,1.7142857142857142,0.0
9,3620,4,False,0,2025-02-23,2,0.0,0.02,0.04,6,23,0,1,0,1.8571428571428572,0.0
9,3627,4,False,0,2025-02-23,0,0.0,0.06,0.09,6,23,0,1,0,1.8571428571428572,0.0
9,3628,4,False,0,2025-02-23,1,0.0,0.06,0.09,6,23,0,1,0,1.5714285714285714,0.0
9,3633,4,False,0,2025-02-23,3,0.0,0.07,0.1,6,23,0,1,0,1.5714285714285714,0.0
9,3645,4,False,0,2025-02-23,2,0.0,0.07,0.08,6,23,0,1,0,1.7142857142857142,0.0
9,3651,4,False,0,2025-02-23,1,0.0,0.04,0.05,6,23,0,1,0,1.5714285714285714,0.0
9,3692,4,False,0,2025-02-23,1,0.0,0.1,0.12,6,23,0,1,0,1.4285714285714286,0.0
9,3700,4,False,0,2025-02-23,2,0.0,0.02,0.03,6,23,0,1,0,1.4285714285714286,0.0
9,3721,4,False,0,2025-02-23,0,0.0,0.03,0.05,6,23,0,1,0,1.4285714285714286,0.0
9,3728,4,False,0,2025-02-23,2,0.0,0.03,0.05,6,23,0,1,0,1.4285714285714286,0.0
9,3753,4,False,0,2025-02-23,3,0.0,0.04,0.07,6,23,0,1,0,1.5714285714285714,0.0
9,3772,4,False,0,2025-02-23,3,0.0,0.03,0.05,6,23,0,1,0,1.5714285714285714,0.0
9,3818,4,False,0,2025-02-23,3,0.0,0.06,0.09,6,23,0,1,0,1.7142857142857142,0.0
9,3843,4,False,0,2025-02-23,1,0.0,0.02,0.03,6,23,0,1,0,2.0,0.0
9,3847,4,False,0,2025-02-23,2,0.0,0.01,0.03,6,23,0,1,0,2.0,0.0
9,3850,4,False,0,2025-02-23,3,0.0,0.07,0.11,6,23,0,1,0,2.0,0.0
9,3853,4,False,0,2025-02-23,1,0.0,0.1,0.15,6,23,0,1,0,2.4285714285714284,0.0
9,3879,4,False,0,2025-02-23,2,0.0,0.05,0.08,6,23,0,1,0,2.2857142857142856,0.0
9,3888,4,False,0,2025-02-23,4,0.0,0.01,0.01,6,23,0,1,0,2.142857142857143,0.0
9,3903,4,False,0,2025-02-23,2,0.0,0.04,0.07,6,23,0,1,0,2.2857142857142856,0.0
9,3906,4,False,0,2025-02-23,2,0.0,0.11,0.16,6,23,0,1,0,2.142857142857143,0.0
9,3939,4,False,0,2025-02-23,2,0.0,0.04,0.06,6,23,0,1,0,2.2857142857142856,0.0
9,3968,4,False,0,2025-02-23,0,1.0,0.01,0.02,6,23,0,1,0,2.2857142857142856,0.0
9,3971,4,False,0,2025-02-23,1,0.0,0.08,0.09,6,23,0,1,0,1.8571428571428572,0.0
9,3974,4,False,0,2025-02-23,1,0.0,0.09,0.13,6,23,0,1,0,1.8571428571428572,0.0
9,3987,4,False,0,2025-02-23,1,0.0,0.03,0.05,6,23,0,1,0,1.7142857142857142,0.0
9,4019,4,False,0,2025-02-23,3,0.0,0.04,0.05,6,23,0,1,0,1.2857142857142858,0.0
9,4028,4,False,0,2025-02-23,2,0.0,0.02,0.03,6,23,0,1,0,1.4285714285714286,0.0
9,4071,4,False,0,2025-02-23,2,0.0,0.05,0.07,6,23,0,1,0,1.4285714285714286,0.0
9,4108,4,False,0,2025-02-23,2,0.0,0.02,0.03,6,23,0,1,0,1.4285714285714286,0.0
9,4133,4,False,0,2025-02-23,2,0.0,0.08,0.14,6,23,0,1,0,1.7142857142857142,0.0
9,4135,4,False,0,2025-02-23,1,0.0,0.03,0.04,6,23,0,1,0,1.8571428571428572,0.0
9,4170,4,False,0,2025-02-23,1,0.0,0.02,0.03,6,23,0,1,0,1.8571428571428572,0.0
9,4184,4,False,0,2025-02-23,1,0.0,0.06,0.09,6,23,0,1,0,1.8571428571428572,0.0
9,4186,4,False,0,2025-02-23,1,0.0,0.03,0.04,6,23,0,1,0,1.5714285714285714,0.0
9,4212,4,False,0,2025-02-23,0,0.0,0.06,0.08,6,23,0,1,0,1.4285714285714286,0.0
9,4243,4,False,0,2025-02-23,1,0.0,0.09,0.11,6,23,0,1,0,1.1428571428571428,0.0
9,4268,4,False,0,2025-02-23,2,0.0,0.02,0.03,6,23,0,1,0,1.0,0.0
9,4275,4,False,0,2025-02-23,0,0.0,0.01,0.02,6,23,0,1,0,1.0,0.0
9,4281,4,False,0,2025-02-23,1,0.0,0.02,0.04,6,23,0,1,0,0.8571428571428571,0.0
9,4293,4,False,0,2025-02-23,1,0.0,0.12,0.18,6,23,0,1,0,0.8571428571428571,0.0
9,4305,4,False,0,2025-02-23,1,0.0,0.07,0.1,6,23,0,1,0,0.8571428571428571,0.0
9,4335,4,False,0,2025-02-23,1,0.0,0.04,0.07,6,23,0,1,0,0.8571428571428571,0.0
9,4342,4,False,0,2025-02-23,0,0.0,0.02,0.04,6,23,0,1,0,1.0,0.0
9,4372,4,False,0,2025-02-23,3,0.0,0.02,0.04,6,23,0,1,0,0.8571428571428571,0.0
9,4373,4,False,0,2025-02-23,0,0.0,0.07,0.09,6,23,0,1,0,1.0,0.0
9,4392,4,False,0,2025-02-23,1,0.0,0.09,0.12,6,23,0,1,0,1.0,0.0
9,4395,4,False,0,2025-02-23,3,0.0,0.05,0.08,6,23,0,1,0,1.0,0.0
9,4422,4,False,0,2025-02-23,2,0.0,0.01,0.02,6,23,0,1,0,1.2857142857142858,0.0
9,4438,4,False,0,2025-02-23,1,0.0,0.01,0.02,6,23,0,1,0,1.4285714285714286,0.0
9,4451,4,False,0,2025-02-23,2,0.0,0.04,0.06,6,23,0,1,0,1.4285714285714286,0.0
9,4456,4,False,0,2025-02-23,2,0.0,0.02,0.04,6,23,0,1,0,1.7142857142857142,0.0
9,4480,4,False,0,2025-02-23,1,0.0,0.06,0.1,6,23,0,1,0,1.5714285714285714,0.0
9,4520,4,False,0,2025-02-23,1,0.0,0.1,0.15,6,23,0,1,0,1.7142857142857142,0.0
9,4522,4,False,0,2025-02-23,1,0.0,0.02,0.04,6,23,0,1,0,1.7142857142857142,0.0
9,4550,4,False,0,2025-02-23,2,0.0,0.13,0.17,6,23,0,1,0,1.4285714285714286,0.0
9,4571,4,False,0,2025-02-23,2,0.0,0.03,0.06,6,23,0,1,0,1.4285714285714286,0.0
9,4577,4,False,0,2025-02-23,3,0.0,0.04,0.07,6,23,0,1,0,1.5714285714285714,0.0
9,4598,4,False,0,2025-02-23,3,0.0,0.07,0.08,6,23,0,1,0,1.7142857142857142,0.0
9,4621,4,False,0,2025-02-23,2,0.0,0.01,0.01,6,23,0,1,0,1.8571428571428572,0.0
9,4662,4,False,0,2025-02-23,2,0.0,0.02,0.04,6,23,0,1,0,2.0,0.0
9,4663,4,False,0,2025-02-23,2,0.0,0.04,0.07,6,23,0,1,0,2.142857142857143,0.0
9,4672,4,False,0,2025-02-23,2,0.0,0.03,0.04,6,23,0,1,0,2.2857142857142856,0.0
9,4715,4,False,0,2025-02-23,2,0.0,0.05,0.06,6,23,0,1,0,2.2857142857142856,0.0
9,4778,4,False,0,2025-02-23,1,0.0,0.04,0.07,6,23,0,1,0,2.2857142857142856,0.0
9,4785,4,False,0,2025-02-23,3,0.0,0.06,0.08,6,23,0,1,0,2.0,0.0
9,4806,4,False,0,2025-02-23,3,0.0,0.02,0.03,6,23,0,1,0,2.0,0.0
9,4808,4,False,0,2025-02-23,1,0.0,0.03,0.05,6,23,0,1,0,2.142857142857143,0.0
9,4823,4,False,0,2025-02-23,3,0.0,0.01,0.01,6,23,0,1,0,2.0,0.0
9,4842,4,False,0,2025-02-23,1,0.0,0.03,0.05,6,23,0,1,0,2.142857142857143,0.0
9,4851,4,False,0,2025-02-23,1,0.0,0.06,0.09,6,23,0,1,0,2.0,0.0
9,4855,4,False,0,2025-02-23,3,0.0,0.02,0.02,6,23,0,1,0,1.8571428571428572,0.0
9,4895,4,False,0,2025-02-23,2,0.0,0.04,0.04,6,23,0,1,0,2.142857142857143,0.0
9,4928,4,False,0,2025-02-23,3,0.0,0.03,0.05,6,23,0,1,0,2.0,0.0
9,4955,4,False,0,2025-02-23,2,0.0,0.03,0.05,6,23,0,1,0,2.0,0.0
9,4958,4,False,0,2025-02-23,0,0.0,0.05,0.07,6,23,0,1,0,2.142857142857143,0.0
9,4967,4,False,0,2025-02-23,2,0.0,0.05,0.08,6,23,0,1,0,1.7142857142857142,0.0
9,4978,4,False,0,2025-02-23,1,1.0,0.04,0.06,6,23,0,1,0,1.8571428571428572,0.0
9,5005,4,False,0,2025-02-23,3,0.0,0.04,0.06,6,23,0,1,0,1.8571428571428572,0.0
9,5063,4,False,0,2025-02-23,3,0.0,0.01,0.01,6,23,0,1,0,1.8571428571428572,0.0
9,5088,4,False,0,2025-02-23,3,0.0,0.01,0.02,6,23,0,1,0,2.0,0.0
9,5113,4,False,0,2025-02-23,0,0.0,0.03,0.05,6,23,0,1,0,2.0,0.0
9,5146,4,False,0,2025-02-23,2,0.0,0.03,0.05,6,23,0,1,0,1.7142857142857142,0.0
9,5154,4,False,0,2025-02-23,0,0.0,0.04,0.06,6,23,0,1,0,2.0,0.0
9,5162,4,False,0,2025-02-23,1,0.0,0.09,0.11,6,23,0,1,0,1.7142857142857142,0.0
9,5186,4,False,0,2025-02-23,5,0.0,0.02,0.04,6,23,0,1,0,1.7142857142857142,0.0
9,5191,4,False,0,2025-02-23,2,0.0,0.02,0.04,6,23,0,1,0,2.0,0.0
9,5202,4,False,0,2025-02-23,2,0.0,0.09,0.12,6,23,0,1,0,1.8571428571428572,0.0
9,5208,4,False,0,2025-02-23,1,0.0,0.02,0.03,6,23,0,1,0,1.7142857142857142,0.0
9,5228,4,False,0,2025-02-23,1,0.0,0.01,0.02,6,23,0,1,0,1.8571428571428572,0.0
9,5229,4,False,0,2025-02-23,2,0.0,0.03,0.05,6,23,0,1,0,1.7142857142857142,0.0
9,5263,4,False,0,2025-02-23,3,0.0,0.02,0.04,6,23,0,1,0,2.0,0.0
9,5266,4,False,0,2025-02-23,2,0.0,0.06,0.1,6,23,0,1,0,2.2857142857142856,0.0
9,5286,4,False,0,2025-02-23,1,0.0,0.05,0.08,6,23,0,1,0,1.8571428571428572,0.0
9,74,5,True,0,2025-02-23,1,0.0,0.02,0.04,6,23,0,1,0,1.7142857142857142,0.0
9,213,5,True,0,2025-02-23,1,0.0,0.01,0.03,6,23,0,1,0,1.5714285714285714,0.0
9,284,5,True,0,2025-02-23,4,0.0,0.05,0.08,6,23,0,1,0,1.5714285714285714,0.0
9,567,5,True,0,2025-02-23,1,0.0,0.01,0.04,6,23,0,1,0,2.0,0.0
9,783,5,True,0,2025-02-23,10,0.0,0.03,0.06,6,23,0,1,0,1.8571428571428572,0.0
9,821,5,True,0,2025-02-23,1,0.0,0.03,0.06,6,23,0,1,0,2.857142857142857,0.0
9,873,5,True,0,2025-02-23,3,0.0,0.03,0.05,6,23,0,1,0,2.7142857142857144,0.0
9,929,5,True,0,2025-02-23,1,0.0,0.07,0.16,6,23,0,1,0,3.0,0.0
9,1037,5,True,0,2025-02-23,4,0.0,0.01,0.02,6,23,0,1,0,3.0,0.0
9,1163,5,True,0,2025-02-23,7,0.0,0.08,0.17,6,23,0,1,0,3.4285714285714284,0.0
9,1247,5,True,0,2025-02-23,7,0.0,0.04,0.05,6,23,0,1,0,3.857142857142857,0.0
9,1333,5,True,0,2025-02-23,2,0.0,0.02,0.03,6,23,0,1,0,4.714285714285714,0.0
9,1339,5,True,0,2025-02-23,2,0.0,0.02,0.04,6,23,0,1,0,3.5714285714285716,0.0
9,1427,5,True,0,2025-02-23,0,0.0,0.01,0.04,6,23,0,1,0,3.7142857142857144,0.0
9,1746,5,True,0,2025-02-23,2,0.0,0.02,0.07,6,23,0,1,0,3.2857142857142856,0.0
9,1882,5,True,0,2025-02-23,5,0.0,0.17,0.49,6,23,0,1,0,3.4285714285714284,0.0
9,2066,5,True,0,2025-02-23,1,0.0,0.1,0.15,6,23,0,1,0,3.5714285714285716,0.0
9,2104,5,True,0,2025-02-23,3,0.0,0.03,0.04,6,23,0,1,0,2.7142857142857144,0.0
9,2120,5,True,0,2025-02-23,2,0.0,0.03,0.06,6,23,0,1,0,2.142857142857143,0.0
9,2132,5,True,0,2025-02-23,3,0.0,0.01,0.04,6,23,0,1,0,2.142857142857143,0.0
9,2141,5,True,0,2025-02-23,2,0.0,0.01,0.03,6,23,0,1,0,2.2857142857142856,0.0
9,2219,5,True,0,2025-02-23,2,0.0,0.11,0.24,6,23,0,1,0,2.5714285714285716,0.0
9,2224,5,True,0,2025-02-23,2,0.0,0.03,0.08,6,23,0,1,0,2.5714285714285716,0.0
9,2325,5,True,0,2025-02-23,4,0.0,0.03,0.06,6,23,0,1,0,2.142857142857143,0.0
9,2418,5,True,0,2025-02-23,0,0.0,0.03,0.07,6,23,0,1,0,2.5714285714285716,0.0
9,2880,5,True,0,2025-02-23,1,0.0,0.02,0.03,6,23,0,1,0,2.142857142857143,0.0
9,3085,5,True,0,2025-02-23,3,0.0,0.02,0.03,6,23,0,1,0,2.0,0.0
9,3087,5,True,0,2025-02-23,2,0.0,0.04,0.09,6,23,0,1,0,2.0,0.0
9,3164,5,True,0,2025-02-23,3,0.0,0.05,0.1,6,23,0,1,0,2.0,0.0
9,3218,5,True,0,2025-02-23,3,0.0,0.02,0.07,6,23,0,1,0,2.142857142857143,0.0
9,3229,5,True,0,2025-02-23,3,0.0,0.04,0.09,6,23,0,1,0,2.2857142857142856,0.0
9,3292,5,True,0,2025-02-23,5,0.0,0.03,0.05,6,23,0,1,0,2.142857142857143,0.0
9,3330,5,True,0,2025-02-23,2,0.0,0.06,0.11,6,23,0,1,0,2.857142857142857,0.0
9,3424,5,True,0,2025-02-23,1,0.0,0.01,0.02,6,23,0,1,0,3.0,0.0
9,3439,5,True,0,2025-02-23,2,0.0,0.02,0.04,6,23,0,1,0,2.7142857142857144,0.0
9,3463,5,True,0,2025-02-23,3,0.0,0.03,0.05,6,23,0,1,0,2.7142857142857144,0.0
9,3558,5,True,0,2025-02-23,8,0.0,0.03,0.06,6,23,0,1,0,2.7142857142857144,0.0
9,3624,5,True,0,2025-02-23,1,0.0,0.06,0.13,6,23,0,1,0,3.4285714285714284,0.0
9,3807,5,True,0,2025-02-23,1,0.0,0.08,0.1,6,23,0,1,0,3.142857142857143,0.0
9,3984,5,True,0,2025-02-23,1,0.0,0.02,0.04,6,23,0,1,0,2.5714285714285716,0.0
9,3996,5,True,0,2025-02-23,5,1.0,0.03,0.08,6,23,0,1,0,2.4285714285714284,0.0
9,4036,5,True,0,2025-02-23,2,0.0,0.01,0.02,6,23,0,1,0,3.0,0.0
9,4081,5,True,0,2025-02-23,2,0.0,0.03,0.07,6,23,0,1,0,3.0,0.0
9,4175,5,True,0,2025-02-23,7,0.0,0.03,0.06,6,23,0,1,0,2.857142857142857,0.0
9,4544,5,True,0,2025-02-23,5,0.0,0.04,0.09,6,23,0,1,0,2.7142857142857144,0.0
9,4565,5,True,0,2025-02-23,3,0.0,0.01,0.04,6,23,0,1,0,3.2857142857142856,0.0
9,4749,5,True,0,2025-02-23,3,0.0,0.01,0.02,6,23,0,1,0,3.5714285714285716,0.0
9,4789,5,True,0,2025-02-23,2,0.0,0.02,0.05,6,23,0,1,0,3.857142857142857,0.0
9,4939,5,True,0,2025-02-23,3,0.0,0.02,0.06,6,23,0,1,0,3.4285714285714284,0.0
9,4942,5,True,0,2025-02-23,1,0.0,0.07,0.11,6,23,0,1,0,3.5714285714285716,0.0
9,5006,5,True,0,2025-02-23,1,0.0,0.03,0.04,6,23,0,1,0,3.4285714285714284,0.0
9,5049,5,True,0,2025-02-23,1,0.0,0.02,0.05,6,23,0,1,0,2.5714285714285716,0.0
9,5098,5,True,0,2025-02-23,1,0.0,0.02,0.06,6,23,0,1,0,2.0,0.0
9,5217,5,True,0,2025-02-23,2,0.0,0.02,0.04,6,23,0,1,0,1.7142857142857142,0.0
9,173,6,False,0,2025-02-23,1,0.0,0.09,0.14,6,23,0,1,0,1.5714285714285714,0.0
9,337,6,False,0,2025-02-23,1,0.0,0.12,0.04,6,23,0,1,0,1.4285714285714286,0.0
9,366,6,False,0,2025-02-23,0,0.0,0.08,0.1,6,23,0,1,0,1.1428571428571428,0.0
9,386,6,False,0,2025-02-23,0,0.0,0.17,0.24,6,23,0,1,0,1.0,0.0
9,449,6,False,0,2025-02-23,1,0.0,0.28,0.44,6,23,0,1,0,0.8571428571428571,0.0
9,594,6,False,0,2025-02-23,3,0.0,0.19,0.2,6,23,0,1,0,0.8571428571428571,0.0
9,820,6,False,0,2025-02-23,1,0.0,0.16,0.2,6,23,0,1,0,1.1428571428571428,0.0
9,988,6,False,0,2025-02-23,1,0.0,0.16,0.24,6,23,0,1,0,1.0,0.0
9,1031,6,False,0,2025-02-23,1,0.0,0.1,0.12,6,23,0,1,0,1.0,0.0
9,1124,6,False,0,2025-02-23,2,0.0,0.12,0.22,6,23,0,1,0,1.0,0.0
9,1276,6,False,0,2025-02-23,1,0.0,0.13,0.17,6,23,0,1,0,1.2857142857142858,0.0
9,1340,6,False,0,2025-02-23,2,0.0,0.17,0.23,6,23,0,1,0,1.4285714285714286,0.0
9,1429,6,False,0,2025-02-23,1,0.0,0.08,0.11,6,23,0,1,0,1.5714285714285714,0.0
9,1534,6,False,0,2025-02-23,4,0.0,0.15,0.21,6,23,0,1,0,1.2857142857142858,0.0
9,1544,6,False,0,2025-02-23,2,0.0,0.08,0.1,6,23,0,1,0,1.7142857142857142,0.0
9,1611,6,False,0,2025-02-23,1,0.0,0.11,0.14,6,23,0,1,0,1.8571428571428572,0.0
9,1650,6,False,0,2025-02-23,1,0.0,0.24,0.28,6,23,0,1,0,1.8571428571428572,0.0
9,1702,6,False,0,2025-02-23,1,0.0,0.31,0.36,6,23,0,1,0,1.7142857142857142,0.0
9,1767,6,False,0,2025-02-23,1,0.0,0.12,0.17,6,23,0,1,0,1.7142857142857142,0.0
9,1807,6,False,0,2025-02-23,1,0.0,0.12,0.17,6,23,0,1,0,1.5714285714285714,0.0
9,1811,6,False,0,2025-02-23,0,0.0,0.04,0.06,6,23,0,1,0,1.5714285714285714,0.0
9,1828,6,False,0,2025-02-23,1,0.0,0.26,0.31,6,23,0,1,0,1.0,0.0
9,1868,6,False,0,2025-02-23,1,0.0,0.12,0.13,6,23,0,1,0,0.8571428571428571,0.0
9,1901,6,False,0,2025-02-23,1,0.0,0.16,0.21,6,23,0,1,0,0.8571428571428571,0.0
9,2712,6,False,0,2025-02-23,1,0.0,0.12,0.13,6,23,0,1,0,0.8571428571428571,0.0
9,2912,6,False,0,2025-02-23,0,0.0,0.12,0.18,6,23,0,1,0,0.8571428571428571,0.0
9,3088,6,False,0,2025-02-23,2,0.0,0.06,0.08,6,23,0,1,0,0.7142857142857143,0.0
9,3187,6,False,0,2025-02-23,0,0.0,0.26,0.28,6,23,0,1,0,0.8571428571428571,0.0
9,3202,6,False,0,2025-02-23,0,0.0,0.14,0.21,6,23,0,1,0,0.8571428571428571,0.0
9,3604,6,False,0,2025-02-23,1,0.0,0.32,0.35,6,23,0,1,0,0.7142857142857143,0.0
9,3648,6,False,0,2025-02-23,1,0.0,0.2,0.24,6,23,0,1,0,0.7142857142857143,0.0
9,3687,6,False,0,2025-02-23,2,0.0,0.14,0.22,6,23,0,1,0,0.7142857142857143,0.0
9,3842,6,False,0,2025-02-23,2,0.0,0.39,0.49,6,23,0,1,0,0.8571428571428571,0.0
9,3902,6,False,0,2025-02-23,1,0.0,0.17,0.24,6,23,0,1,0,1.1428571428571428,0.0
9,3912,6,False,0,2025-02-23,1,0.0,0.06,0.07,6,23,0,1,0,1.0,0.0
9,4177,6,False,0,2025-02-23,0,0.0,0.06,0.08,6,23,0,1,0,1.1428571428571428,0.0
9,4234,6,False,0,2025-02-23,2,0.0,0.12,0.16,6,23,0,1,0,1.1428571428571428,0.0
9,4288,6,False,0,2025-02-23,1,0.0,0.13,0.18,6,23,0,1,0,1.2857142857142858,0.0
9,4376,6,False,0,2025-02-23,1,0.0,0.08,0.11,6,23,0,1,0,1.2857142857142858,0.0
9,4386,6,False,0,2025-02-23,1,0.0,0.09,0.14,6,23,0,1,0,1.1428571428571428,0.0
9,4468,6,False,0,2025-02-23,0,1.0,0.34,0.44,6,23,0,1,0,1.0,0.0
9,4892,6,False,0,2025-02-23,0,0.0,0.2,0.23,6,23,0,1,0,0.8571428571428571,0.0
9,4899,6,False,0,2025-02-23,3,0.0,0.06,0.1,6,23,0,1,0,0.7142857142857143,0.0
9,4917,6,False,0,2025-02-23,8,0.0,0.15,0.22,6,23,0,1,0,1.1428571428571428,0.0
9,5150,6,False,0,2025-02-23,6,0.0,0.18,0.21,6,23,0,1,0,2.0,0.0
9,5253,6,False,0,2025-02-23,1,0.0,0.23,0.34,6,23,0,1,0,2.7142857142857144,0.0
9,188,7,False,0,2025-02-23,1,0.0,0.03,0.04,6,23,0,1,0,2.7142857142857144,0.0
9,348,7,False,0,2025-02-23,3,0.0,0.02,0.03,6,23,0,1,0,2.7142857142857144,0.0
9,392,7,False,0,2025-02-23,1,0.0,0.01,0.01,6,23,0,1,0,3.142857142857143,0.0
9,503,7,False,0,2025-02-23,9,0.0,0.01,0.01,6,23,0,1,0,3.2857142857142856,0.0
9,680,7,False,0,2025-02-23,20,0.0,0.01,0.01,6,23,0,1,0,4.142857142857143,0.0
9,743,7,False,0,2025-02-23,4,0.0,0.02,0.04,6,23,0,1,0,5.857142857142857,0.0
9,840,7,False,0,2025-02-23,4,0.0,0.02,0.03,6,23,0,1,0,5.571428571428571,0.0
9,966,7,False,0,2025-02-23,2,0.0,0.03,0.04,6,23,0,1,0,6.0,0.0
9,1084,7,False,0,2025-02-23,1,0.0,0.01,0.01,6,23,0,1,0,6.142857142857143,0.0
9,1108,7,False,0,2025-02-23,1,0.0,0.05,0.09,6,23,0,1,0,5.857142857142857,0.0
9,1128,7,False,0,2025-02-23,0,0.0,0.02,0.02,6,23,0,1,0,5.857142857142857,0.0
9,1253,7,False,0,2025-02-23,1,0.0,0.01,0.02,6,23,0,1,0,4.571428571428571,0.0
9,1445,7,False,0,2025-02-23,4,0.0,0.04,0.05,6,23,0,1,0,1.8571428571428572,0.0
9,1488,7,False,0,2025-02-23,3,0.0,0.01,0.01,6,23,0,1,0,1.8571428571428572,0.0
9,1556,7,False,0,2025-02-23,3,1.0,0.02,0.03,6,23,0,1,0,1.7142857142857142,0.0
9,1591,7,False,0,2025-02-23,3,0.0,0.05,0.09,6,23,0,1,0,1.8571428571428572,0.0
9,1677,7,False,0,2025-02-23,1,0.0,0.02,0.04,6,23,0,1,0,2.142857142857143,0.0
9,1697,7,False,0,2025-02-23,1,0.0,0.05,0.09,6,23,0,1,0,2.142857142857143,0.0
9,1895,7,False,0,2025-02-23,1,0.0,0.02,0.02,6,23,0,1,0,2.2857142857142856,0.0
9,1905,7,False,0,2025-02-23,3,0.0,0.02,0.02,6,23,0,1,0,2.2857142857142856,0.0
9,1981,7,False,0,2025-02-23,1,0.0,0.01,0.01,6,23,0,1,0,2.142857142857143,0.0
9,2105,7,False,0,2025-02-23,1,0.0,0.02,0.03,6,23,0,1,0,1.8571428571428572,0.0
9,2182,7,False,0,2025-02-23,1,0.0,0.2,0.26,6,23,0,1,0,1.5714285714285714,0.0
9,2202,7,False,0,2025-02-23,4,0.0,0.11,0.14,6,23,0,1,0,1.2857142857142858,0.0
9,2232,7,False,0,2025-02-23,2,0.0,0.04,0.08,6,23,0,1,0,1.7142857142857142,0.0
9,2340,7,False,0,2025-02-23,3,0.0,0.02,0.02,6,23,0,1,0,1.8571428571428572,0.0
9,2380,7,False,0,2025-02-23,1,0.0,0.03,0.05,6,23,0,1,0,2.142857142857143,0.0
9,2439,7,False,0,2025-02-23,1,0.0,0.03,0.04,6,23,0,1,0,1.8571428571428572,0.0
9,2645,7,False,0,2025-02-23,5,0.0,0.03,0.04,6,23,0,1,0,1.8571428571428572,0.0
9,2792,7,False,0,2025-02-23,3,0.0,0.02,0.04,6,23,0,1,0,2.4285714285714284,0.0
9,2989,7,False,0,2025-02-23,0,0.0,0.0,0.0,6,23,0,1,0,2.7142857142857144,0.0
9,3025,7,False,0,2025-02-23,6,0.0,0.01,0.01,6,23,0,1,0,2.142857142857143,0.0
9,3078,7,False,0,2025-02-23,4,0.0,0.07,0.1,6,23,0,1,0,2.7142857142857144,0.0
9,3111,7,False,0,2025-02-23,1,0.0,0.03,0.04,6,23,0,1,0,2.857142857142857,0.0
9,3125,7,False,0,2025-02-23,1,0.0,0.02,0.03,6,23,0,1,0,2.857142857142857,0.0
9,4069,7,False,0,2025-02-23,1,0.0,0.02,0.02,6,23,0,1,0,2.857142857142857,0.0
9,4233,7,False,0,2025-02-23,3,0.0,0.06,0.1,6,23,0,1,0,2.2857142857142856,0.0
9,4424,7,False,0,2025-02-23,2,0.0,0.02,0.05,6,23,0,1,0,2.2857142857142856,0.0
9,4454,7,False,0,2025-02-23,1,0.0,0.01,0.02,6,23,0,1,0,2.5714285714285716,0.0
9,4484,7,False,0,2025-02-23,20,0.0,0.02,0.05,6,23,0,1,0,1.8571428571428572,0.0
9,4599,7,False,0,2025-02-23,2,0.0,0.01,0.02,6,23,0,1,0,4.142857142857143,0.0
9,4624,7,False,0,2025-02-23,1,0.0,0.03,0.04,6,23,0,1,0,4.285714285714286,0.0
9,4763,7,False,0,2025-02-23,2,0.0,0.01,0.02,6,23,0,1,0,4.285714285714286,0.0
9,4788,7,False,0,2025-02-23,1,0.0,0.02,0.03,6,23,0,1,0,4.428571428571429,0.0
9,4841,7,False,0,2025-02-23,2,0.0,0.01,0.02,6,23,0,1,0,4.142857142857143,0.0
9,4910,7,False,0,2025-02-23,1,0.0,0.2,0.25,6,23,0,1,0,4.142857142857143,0.0
9,5031,7,False,0,2025-02-23,1,0.0,0.3,0.52,6,23,0,1,0,4.142857142857143,0.0
9,5141,7,False,0,2025-02-23,2,0.0,0.02,0.03,6,23,0,1,0,1.4285714285714286,0.0
9,55,8,False,0,2025-02-23,8,0.0,0.04,0.08,6,23,0,1,0,1.4285714285714286,0.0
9,494,8,False,0,2025-02-23,14,0.0,0.01,0.03,6,23,0,1,0,2.4285714285714284,0.0
9,566,8,False,0,2025-02-23,29,0.0,0.01,0.01,6,23,0,1,0,4.142857142857143,0.0
9,658,8,False,0,2025-02-23,3,0.0,0.1,0.15,6,23,0,1,0,8.142857142857142,0.0
9,675,8,False,0,2025-02-23,0,0.0,0.01,0.0,6,23,0,1,0,8.285714285714286,0.0
9,790,8,False,0,2025-02-23,3,0.0,0.01,0.02,6,23,0,1,0,8.142857142857142,0.0
9,868,8,False,0,2025-02-23,1,0.0,0.14,0.2,6,23,0,1,0,8.428571428571429,0.0
9,870,8,False,0,2025-02-23,3,0.0,0.01,0.01,6,23,0,1,0,8.285714285714286,0.0
9,1004,8,False,0,2025-02-23,9,0.0,0.02,0.06,6,23,0,1,0,7.571428571428571,0.0
9,1076,8,False,0,2025-02-23,11,0.0,0.01,0.02,6,23,0,1,0,6.857142857142857,0.0
9,1116,8,False,0,2025-02-23,12,0.0,0.02,0.02,6,23,0,1,0,4.285714285714286,0.0
9,1134,8,False,0,2025-02-23,12,0.0,0.0,0.01,6,23,0,1,0,5.571428571428571,0.0
9,1285,8,False,0,2025-02-23,5,0.0,0.03,0.05,6,23,0,1,0,7.285714285714286,0.0
9,1541,8,False,0,2025-02-23,8,0.0,0.02,0.04,6,23,0,1,0,7.571428571428571,0.0
9,1748,8,False,0,2025-02-23,8,0.0,0.03,0.04,6,23,0,1,0,8.571428571428571,0.0
9,1819,8,False,0,2025-02-23,8,0.0,0.01,0.02,6,23,0,1,0,9.285714285714286,0.0
9,1923,8,False,0,2025-02-23,2,0.0,0.01,0.02,6,23,0,1,0,9.142857142857142,0.0
9,1930,8,False,0,2025-02-23,2,0.0,0.03,0.06,6,23,0,1,0,7.857142857142857,0.0
9,2029,8,False,0,2025-02-23,2,0.0,0.04,0.07,6,23,0,1,0,6.428571428571429,0.0
9,2288,8,False,0,2025-02-23,16,0.0,0.01,0.02,6,23,0,1,0,5.0,0.0
9,3028,8,False,0,2025-02-23,3,0.0,0.01,0.02,6,23,0,1,0,6.571428571428571,0.0
9,3180,8,False,0,2025-02-23,12,0.0,0.01,0.03,6,23,0,1,0,5.857142857142857,0.0
9,3326,8,False,0,2025-02-23,2,0.0,0.03,0.03,6,23,0,1,0,6.428571428571429,0.0
9,3450,8,False,0,2025-02-23,15,0.0,0.02,0.03,6,23,0,1,0,5.571428571428571,0.0
9,3476,8,False,0,2025-02-23,2,0.0,0.07,0.11,6,23,0,1,0,7.428571428571429,0.0
9,3574,8,False,0,2025-02-23,7,0.0,0.02,0.03,6,23,0,1,0,7.428571428571429,0.0
9,3592,8,False,0,2025-02-23,5,0.0,0.02,0.04,6,23,0,1,0,8.142857142857142,0.0
9,3750,8,False,0,2025-02-23,11,0.0,0.01,0.02,6,23,0,1,0,6.571428571428571,0.0
9,3770,8,False,0,2025-02-23,15,0.0,0.01,0.02,6,23,0,1,0,7.714285714285714,0.0
9,3963,8,False,0,2025-02-23,5,1.0,0.01,0.01,6,23,0,1,0,8.142857142857142,0.0
9,4115,8,False,0,2025-02-23,4,0.0,0.02,0.04,6,23,0,1,0,8.571428571428571,0.0
9,4538,8,False,0,2025-02-23,11,0.0,0.02,0.02,6,23,0,1,0,7.0,0.0
9,4609,8,False,0,2025-02-23,6,0.0,0.05,0.08,6,23,0,1,0,8.285714285714286,0.0
9,4666,8,False,0,2025-02-23,15,0.0,0.01,0.02,6,23,0,1,0,8.142857142857142,0.0
9,4668,8,False,0,2025-02-23,3,0.0,0.01,0.02,6,23,0,1,0,9.571428571428571,0.0
9,4676,8,False,0,2025-02-23,14,0.0,0.01,0.01,6,23,0,1,0,8.428571428571429,0.0
9,4751,8,False,0,2025-02-23,1,0.0,0.02,0.03,6,23,0,1,0,8.285714285714286,0.0
9,4807,8,False,0,2025-02-23,8,0.0,0.01,0.01,6,23,0,1,0,7.714285714285714,0.0
9,4862,8,False,0,2025-02-23,2,0.0,0.18,0.31,6,23,0,1,0,8.285714285714286,0.0
9,5001,8,False,0,2025-02-23,15,0.0,0.01,0.03,6,23,0,1,0,7.0,0.0
9,5203,8,False,0,2025-02-23,9,0.0,0.01,0.03,6,23,0,1,0,8.285714285714286,0.0
9,3,9,True,0,2025-02-23,2,0.0,0.02,0.06,6,23,0,1,0,7.428571428571429,0.0
9,29,9,True,0,2025-02-23,5,0.0,0.05,0.06,6,23,0,1,0,7.285714285714286,0.0
9,67,9,True,0,2025-02-23,2,0.0,0.01,0.04,6,23,0,1,0,6.0,0.0
9,68,9,True,0,2025-02-23,2,0.0,0.02,0.08,6,23,0,1,0,6.142857142857143,0.0
9,75,9,True,0,2025-02-23,5,0.0,0.03,0.05,6,23,0,1,0,5.285714285714286,0.0
9,162,9,True,0,2025-02-23,2,0.0,0.03,0.07,6,23,0,1,0,5.714285714285714,0.0
9,176,9,True,0,2025-02-23,7,0.0,0.02,0.06,6,23,0,1,0,3.857142857142857,0.0
9,266,9,True,0,2025-02-23,0,0.0,0.03,0.1,6,23,0,1,0,3.5714285714285716,0.0
9,322,9,True,0,2025-02-23,0,0.0,0.05,0.06,6,23,0,1,0,3.2857142857142856,0.0
9,335,9,True,0,2025-02-23,3,0.0,0.02,0.06,6,23,0,1,0,2.5714285714285716,0.0
9,342,9,True,0,2025-02-23,3,0.0,0.02,0.05,6,23,0,1,0,2.7142857142857144,0.0
9,379,9,True,0,2025-02-23,1,0.0,0.06,0.08,6,23,0,1,0,2.857142857142857,0.0
9,426,9,True,0,2025-02-23,4,0.0,0.05,0.1,6,23,0,1,0,2.2857142857142856,0.0
9,469,9,True,0,2025-02-23,2,0.0,0.02,0.03,6,23,0,1,0,2.5714285714285716,0.0
9,487,9,True,0,2025-02-23,8,0.0,0.03,0.1,6,23,0,1,0,1.8571428571428572,0.0
9,500,9,True,0,2025-02-23,7,0.0,0.01,0.04,6,23,0,1,0,3.0,0.0
9,520,9,True,0,2025-02-23,2,0.0,0.04,0.1,6,23,0,1,0,4.0,0.0
9,546,9,True,0,2025-02-23,1,0.0,0.02,0.03,6,23,0,1,0,3.857142857142857,0.0
9,562,9,True,0,2025-02-23,3,0.0,0.03,0.04,6,23,0,1,0,3.5714285714285716,0.0
9,589,9,True,0,2025-02-23,6,0.0,0.03,0.04,6,23,0,1,0,3.857142857142857,0.0
9,591,9,True,0,2025-02-23,2,0.0,0.04,0.1,6,23,0,1,0,4.142857142857143,0.0
9,654,9,True,0,2025-02-23,3,0.0,0.03,0.07,6,23,0,1,0,4.142857142857143,0.0
9,673,9,True,0,2025-02-23,0,0.0,0.02,0.05,6,23,0,1,0,3.4285714285714284,0.0
9,687,9,True,0,2025-02-23,0,0.0,0.04,0.08,6,23,0,1,0,2.4285714285714284,0.0
9,698,9,True,0,2025-02-23,2,1.0,0.04,0.09,6,23,0,1,0,2.142857142857143,0.0
9,708,9,True,0,2025-02-23,1,0.0,0.04,0.08,6,23,0,1,0,2.2857142857142856,0.0
9,715,9,True,0,2025-02-23,3,0.0,0.02,0.04,6,23,0,1,0,2.0,0.0
9,738,9,True,0,2025-02-23,7,0.0,0.03,0.07,6,23,0,1,0,1.5714285714285714,0.0
9,856,9,True,0,2025-02-23,2,0.0,0.01,0.04,6,23,0,1,0,2.2857142857142856,0.0
9,884,9,True,0,2025-02-23,4,0.0,0.05,0.09,6,23,0,1,0,2.142857142857143,0.0
9,893,9,True,0,2025-02-23,2,0.0,0.02,0.06,6,23,0,1,0,2.7142857142857144,0.0
9,908,9,True,0,2025-02-23,6,0.0,0.05,0.09,6,23,0,1,0,3.0,0.0
9,920,9,True,0,2025-02-23,1,0.0,0.04,0.05,6,23,0,1,0,3.5714285714285716,0.0
9,942,9,True,0,2025-02-23,2,0.0,0.01,0.07,6,23,0,1,0,3.5714285714285716,0.0
9,955,9,True,0,2025-02-23,2,0.0,0.06,0.13,6,23,0,1,0,3.4285714285714284,0.0
9,957,9,True,0,2025-02-23,0,0.0,0.05,0.12,6,23,0,1,0,2.7142857142857144,0.0
9,977,9,True,0,2025-02-23,2,0.0,0.1,0.17,6,23,0,1,0,2.4285714285714284,0.0
9,1016,9,True,0,2025-02-23,1,0.0,0.02,0.09,6,23,0,1,0,2.142857142857143,0.0
9,1039,9,True,0,2025-02-23,2,0.0,0.01,0.03,6,23,0,1,0,2.0,0.0
9,1050,9,True,0,2025-02-23,6,0.0,0.07,0.07,6,23,0,1,0,1.4285714285714286,0.0
9,1075,9,True,0,2025-02-23,1,1.0,0.03,0.05,6,23,0,1,0,2.142857142857143,0.0
9,1081,9,True,0,2025-02-23,9,0.0,0.02,0.19,6,23,0,1,0,2.0,0.0
9,1157,9,True,0,2025-02-23,3,0.0,0.04,0.13,6,23,0,1,0,3.0,0.0
9,1168,9,True,0,2025-02-23,4,0.0,0.09,0.17,6,23,0,1,0,3.4285714285714284,0.0
9,1241,9,True,0,2025-02-23,6,0.0,0.05,0.1,6,23,0,1,0,3.7142857142857144,0.0
9,1243,9,True,0,2025-02-23,9,0.0,0.04,0.07,6,23,0,1,0,4.428571428571429,0.0
9,1281,9,True,0,2025-02-23,4,0.0,0.02,0.03,6,23,0,1,0,5.428571428571429,0.0
9,1334,9,True,0,2025-02-23,2,0.0,0.02,0.05,6,23,0,1,0,5.142857142857143,0.0
9,1364,9,True,0,2025-02-23,2,0.0,0.03,0.12,6,23,0,1,0,5.285714285714286,0.0
9,1453,9,True,0,2025-02-23,1,0.0,0.04,0.06,6,23,0,1,0,4.285714285714286,0.0
9,1504,9,True,0,2025-02-23,0,0.0,0.1,0.17,6,23,0,1,0,4.0,0.0
9,1615,9,True,0,2025-02-23,3,0.0,0.02,0.04,6,23,0,1,0,3.4285714285714284,0.0
9,1699,9,True,0,2025-02-23,1,0.0,0.04,0.09,6,23,0,1,0,3.0,0.0
9,1701,9,True,0,2025-02-23,1,0.0,0.03,0.05,6,23,0,1,0,1.8571428571428572,0.0
9,1713,9,True,0,2025-02-23,2,0.0,0.01,0.02,6,23,0,1,0,1.4285714285714286,0.0
9,1728,9,True,0,2025-02-23,4,0.0,0.02,0.06,6,23,0,1,0,1.4285714285714286,0.0
9,1774,9,True,0,2025-02-23,3,0.0,0.04,0.06,6,23,0,1,0,1.7142857142857142,0.0
9,1872,9,True,0,2025-02-23,3,0.0,0.04,0.05,6,23,0,1,0,2.0,0.0
9,1885,9,True,0,2025-02-23,0,0.0,0.01,0.01,6,23,0,1,0,2.4285714285714284,0.0
9,1890,9,True,0,2025-02-23,1,0.0,0.02,0.06,6,23,0,1,0,2.0,0.0
9,2007,9,True,0,2025-02-23,3,0.0,0.02,0.07,6,23,0,1,0,2.0,0.0
9,2009,9,True,0,2025-02-23,2,0.0,0.01,0.04,6,23,0,1,0,2.2857142857142856,0.0
9,2067,9,True,0,2025-02-23,5,0.0,0.04,0.09,6,23,0,1,0,2.2857142857142856,0.0
9,2068,9,True,0,2025-02-23,1,0.0,0.02,0.05,6,23,0,1,0,2.4285714285714284,0.0
9,2073,9,True,0,2025-02-23,4,0.0,0.01,0.02,6,23,0,1,0,2.142857142857143,0.0
9,2076,9,True,0,2025-02-23,7,0.0,0.04,0.07,6,23,0,1,0,2.2857142857142856,0.0
9,2121,9,True,0,2025-02-23,6,0.0,0.02,0.05,6,23,0,1,0,3.2857142857142856,0.0
9,2138,9,True,0,2025-02-23,4,0.0,0.05,0.06,6,23,0,1,0,4.0,0.0
9,2184,9,True,0,2025-02-23,3,0.0,0.02,0.07,6,23,0,1,0,4.142857142857143,0.0
9,2220,9,True,0,2025-02-23,2,0.0,0.01,0.04,6,23,0,1,0,4.285714285714286,0.0
9,2225,9,True,0,2025-02-23,2,0.0,0.03,0.1,6,23,0,1,0,3.857142857142857,0.0
9,2299,9,True,0,2025-02-23,0,0.0,0.02,0.05,6,23,0,1,0,4.0,0.0
9,2353,9,True,0,2025-02-23,2,0.0,0.01,0.01,6,23,0,1,0,3.4285714285714284,0.0
9,2356,9,True,0,2025-02-23,2,0.0,0.01,0.01,6,23,0,1,0,2.7142857142857144,0.0
9,2388,9,True,0,2025-02-23,4,0.0,0.03,0.11,6,23,0,1,0,2.142857142857143,0.0
9,2409,9,True,0,2025-02-23,4,1.0,0.05,0.07,6,23,0,1,0,2.142857142857143,0.0
9,2427,9,True,0,2025-02-23,2,0.0,0.01,0.03,6,23,0,1,0,2.2857142857142856,0.0
9,2449,9,True,0,2025-02-23,1,0.0,0.05,0.08,6,23,0,1,0,2.2857142857142856,0.0
9,2493,9,True,0,2025-02-23,2,0.0,0.02,0.02,6,23,0,1,0,2.142857142857143,0.0
9,2540,9,True,0,2025-02-23,5,0.0,0.05,0.17,6,23,0,1,0,2.4285714285714284,0.0
9,2552,9,True,0,2025-02-23,2,0.0,0.04,0.11,6,23,0,1,0,2.857142857142857,0.0
9,2597,9,True,0,2025-02-23,1,0.0,0.01,0.03,6,23,0,1,0,2.857142857142857,0.0
9,2608,9,True,0,2025-02-23,3,0.0,0.04,0.1,6,23,0,1,0,2.4285714285714284,0.0
9,2629,9,True,0,2025-02-23,2,0.0,0.02,0.09,6,23,0,1,0,2.2857142857142856,0.0
9,2633,9,True,0,2025-02-23,3,0.0,0.01,0.01,6,23,0,1,0,2.2857142857142856,0.0
9,2684,9,True,0,2025-02-23,2,0.0,0.04,0.05,6,23,0,1,0,2.5714285714285716,0.0
9,2694,9,True,0,2025-02-23,3,0.0,0.04,0.11,6,23,0,1,0,2.5714285714285716,0.0
9,2724,9,True,0,2025-02-23,1,0.0,0.01,0.04,6,23,0,1,0,2.2857142857142856,0.0
9,2791,9,True,0,2025-02-23,2,0.0,0.1,0.18,6,23,0,1,0,2.142857142857143,0.0
9,2796,9,True,0,2025-02-23,1,0.0,0.03,0.06,6,23,0,1,0,2.2857142857142856,0.0
9,2828,9,True,0,2025-02-23,5,0.0,0.02,0.04,6,23,0,1,0,2.0,0.0
9,2868,9,True,0,2025-02-23,5,0.0,0.03,0.04,6,23,0,1,0,2.4285714285714284,0.0
9,2869,9,True,0,2025-02-23,1,0.0,0.05,0.09,6,23,0,1,0,2.7142857142857144,0.0
9,2877,9,True,0,2025-02-23,2,0.0,0.1,0.05,6,23,0,1,0,2.5714285714285716,0.0
9,2895,9,True,0,2025-02-23,2,0.0,0.06,0.07,6,23,0,1,0,2.4285714285714284,0.0
9,2896,9,True,0,2025-02-23,5,0.0,0.04,0.09,6,23,0,1,0,2.5714285714285716,0.0
9,2921,9,True,0,2025-02-23,4,0.0,0.07,0.11,6,23,0,1,0,3.0,0.0
9,2937,9,True,0,2025-02-23,7,0.0,0.03,0.07,6,23,0,1,0,3.4285714285714284,0.0
9,2945,9,True,0,2025-02-23,1,0.0,0.06,0.07,6,23,0,1,0,3.7142857142857144,0.0
9,2967,9,True,0,2025-02-23,4,0.0,0.13,0.19,6,23,0,1,0,3.142857142857143,0.0
9,2986,9,True,0,2025-02-23,5,0.0,0.03,0.04,6,23,0,1,0,3.5714285714285716,0.0
9,2998,9,True,0,2025-02-23,3,1.0,0.01,0.05,6,23,0,1,0,4.0,0.0
9,3036,9,True,0,2025-02-23,2,0.0,0.03,0.06,6,23,0,1,0,4.142857142857143,0.0
9,3059,9,True,0,2025-02-23,3,0.0,0.06,0.13,6,23,0,1,0,3.7142857142857144,0.0
9,3160,9,True,0,2025-02-23,1,0.0,0.01,0.02,6,23,0,1,0,3.5714285714285716,0.0
9,3191,9,True,0,2025-02-23,2,0.0,0.06,0.1,6,23,0,1,0,2.7142857142857144,0.0
9,3291,9,True,0,2025-02-23,6,0.0,0.05,0.1,6,23,0,1,0,2.857142857142857,0.0
9,3332,9,True,0,2025-02-23,1,0.0,0.02,0.07,6,23,0,1,0,3.142857142857143,0.0
9,3367,9,True,0,2025-02-23,13,0.0,0.06,0.12,6,23,0,1,0,2.5714285714285716,0.0
9,3405,9,True,0,2025-02-23,4,0.0,0.01,0.05,6,23,0,1,0,4.0,0.0
9,3412,9,True,0,2025-02-23,5,0.0,0.01,0.02,6,23,0,1,0,4.285714285714286,0.0
9,3477,9,True,0,2025-02-23,2,0.0,0.03,0.06,6,23,0,1,0,4.571428571428571,0.0
9,3491,9,True,0,2025-02-23,1,0.0,0.03,0.08,6,23,0,1,0,4.714285714285714,0.0
9,3503,9,True,0,2025-02-23,2,0.0,0.01,0.04,6,23,0,1,0,4.571428571428571,0.0
9,3505,9,True,0,2025-02-23,5,0.0,0.04,0.1,6,23,0,1,0,4.0,0.0
9,3531,9,True,0,2025-02-23,3,0.0,0.02,0.06,6,23,0,1,0,4.571428571428571,0.0
9,3584,9,True,0,2025-02-23,6,0.0,0.02,0.04,6,23,0,1,0,3.142857142857143,0.0
9,3699,9,True,0,2025-02-23,4,0.0,0.01,0.02,6,23,0,1,0,3.4285714285714284,0.0
9,3702,9,True,0,2025-02-23,0,0.0,0.02,0.03,6,23,0,1,0,3.2857142857142856,0.0
9,3794,9,True,0,2025-02-23,0,1.0,0.03,0.07,6,23,0,1,0,3.0,0.0
9,3836,9,True,0,2025-02-23,1,0.0,0.05,0.08,6,23,0,1,0,2.857142857142857,0.0
9,3872,9,True,0,2025-02-23,2,0.0,0.04,0.07,6,23,0,1,0,2.7142857142857144,0.0
9,3884,9,True,0,2025-02-23,4,0.0,0.01,0.03,6,23,0,1,0,2.2857142857142856,0.0
9,3962,9,True,0,2025-02-23,6,4.0,0.05,0.14,6,23,0,1,0,2.4285714285714284,0.0
9,3998,9,True,0,2025-02-23,1,0.0,0.04,0.06,6,23,0,1,0,2.4285714285714284,0.0
9,4008,9,True,0,2025-02-23,2,0.0,0.04,0.09,6,23,0,1,0,2.0,0.0
9,4056,9,True,0,2025-02-23,1,0.0,0.02,0.04,6,23,0,1,0,2.2857142857142856,0.0
9,4075,9,True,0,2025-02-23,1,0.0,0.06,0.15,6,23,0,1,0,2.4285714285714284,0.0
9,4083,9,True,0,2025-02-23,3,0.0,0.09,0.12,6,23,0,1,0,2.4285714285714284,0.0
9,4232,9,True,0,2025-02-23,5,0.0,0.13,0.21,6,23,0,1,0,2.5714285714285716,0.0
9,4259,9,True,0,2025-02-23,4,0.0,0.26,0.42,6,23,0,1,0,2.7142857142857144,0.0
9,4262,9,True,0,2025-02-23,2,0.0,0.02,0.07,6,23,0,1,0,2.4285714285714284,0.0
9,4279,9,True,0,2025-02-23,3,0.0,0.05,0.1,6,23,0,1,0,2.5714285714285716,0.0
9,4296,9,True,0,2025-02-23,3,0.0,0.04,0.07,6,23,0,1,0,2.7142857142857144,0.0
9,4332,9,True,0,2025-02-23,1,0.0,0.04,0.12,6,23,0,1,0,3.0,0.0
9,4353,9,True,0,2025-02-23,3,0.0,0.01,0.06,6,23,0,1,0,3.0,0.0
9,4363,9,True,0,2025-02-23,3,0.0,0.05,0.09,6,23,0,1,0,3.0,0.0
9,4393,9,True,0,2025-02-23,0,1.0,0.09,0.17,6,23,0,1,0,2.7142857142857144,0.0
9,4406,9,True,0,2025-02-23,2,0.0,0.02,0.07,6,23,0,1,0,2.142857142857143,0.0
9,4459,9,True,0,2025-02-23,2,0.0,0.02,0.03,6,23,0,1,0,2.142857142857143,0.0
9,4477,9,True,0,2025-02-23,1,0.0,0.03,0.06,6,23,0,1,0,2.0,0.0
9,4532,9,True,0,2025-02-23,1,0.0,0.02,0.04,6,23,0,1,0,1.7142857142857142,0.0
9,4574,9,True,0,2025-02-23,3,0.0,0.01,0.06,6,23,0,1,0,1.7142857142857142,0.0
9,4623,9,True,0,2025-02-23,4,0.0,0.03,0.07,6,23,0,1,0,1.7142857142857142,0.0
9,4677,9,True,0,2025-02-23,3,0.0,0.12,0.16,6,23,0,1,0,1.8571428571428572,0.0
9,4695,9,True,0,2025-02-23,3,0.0,0.04,0.1,6,23,0,1,0,2.2857142857142856,0.0
9,4709,9,True,0,2025-02-23,2,0.0,0.08,0.12,6,23,0,1,0,2.4285714285714284,0.0
9,4728,9,True,0,2025-02-23,3,0.0,0.02,0.02,6,23,0,1,0,2.4285714285714284,0.0
9,4737,9,True,0,2025-02-23,2,0.0,0.01,0.03,6,23,0,1,0,2.7142857142857144,0.0
9,4775,9,True,0,2025-02-23,2,0.0,0.04,0.06,6,23,0,1,0,2.857142857142857,0.0
9,4784,9,True,0,2025-02-23,0,0.0,0.01,0.03,6,23,0,1,0,2.7142857142857144,0.0
9,4858,9,True,0,2025-02-23,2,0.0,0.15,0.21,6,23,0,1,0,2.142857142857143,0.0
9,4863,9,True,0,2025-02-23,2,0.0,0.02,0.05,6,23,0,1,0,2.0,0.0
9,4927,9,True,0,2025-02-23,5,0.0,0.06,0.14,6,23,0,1,0,1.8571428571428572,0.0
9,4974,9,True,0,2025-02-23,2,0.0,0.02,0.06,6,23,0,1,0,2.2857142857142856,0.0
9,5011,9,True,0,2025-02-23,4,0.0,0.06,0.1,6,23,0,1,0,2.142857142857143,0.0
9,5012,9,True,0,2025-02-23,1,0.0,0.01,0.03,6,23,0,1,0,2.4285714285714284,0.0
9,5070,9,True,0,2025-02-23,4,0.0,0.05,0.12,6,23,0,1,0,2.2857142857142856,0.0
9,5226,9,True,0,2025-02-23,6,1.0,0.05,0.1,6,23,0,1,0,2.857142857142857,0.0
9,5242,9,True,0,2025-02-23,1,0.0,0.04,0.17,6,23,0,1,0,3.4285714285714284,0.0
9,15,10,False,0,2025-02-23,10,0.0,0.03,0.12,6,23,0,1,0,3.2857142857142856,0.0
9,149,10,False,0,2025-02-23,15,0.0,0.02,0.07,6,23,0,1,0,4.0,0.0
9,2636,10,False,0,2025-02-23,8,0.0,0.09,0.24,6,23,0,1,0,5.857142857142857,0.0
9,3122,10,False,0,2025-02-23,12,0.0,0.01,0.03,6,23,0,1,0,6.428571428571429,0.0
9,3904,10,False,0,2025-02-23,0,0.0,0.03,0.04,6,23,0,1,0,8.0,0.0
9,4959,10,False,0,2025-02-23,24,0.0,0.01,0.02,6,23,0,1,0,7.428571428571429,0.0
9,518,11,False,0,2025-02-23,0,0.0,0.16,0.15,6,23,0,1,0,10.0,0.0
9,669,11,False,0,2025-02-23,3,0.0,0.07,0.09,6,23,0,1,0,9.857142857142858,0.0
9,926,11,False,0,2025-02-23,3,0.0,0.14,0.16,6,23,0,1,0,8.857142857142858,0.0
9,934,11,False,0,2025-02-23,1,0.0,0.18,0.2,6,23,0,1,0,7.142857142857143,0.0
9,1341,11,False,0,2025-02-23,1,0.0,0.16,0.18,6,23,0,1,0,6.142857142857143,0.0
9,1710,11,False,0,2025-02-23,4,0.0,0.12,0.14,6,23,0,1,0,4.571428571428571,0.0
9,1735,11,False,0,2025-02-23,3,0.0,0.1,0.14,6,23,0,1,0,5.142857142857143,0.0
9,1879,11,False,0,2025-02-23,4,0.0,0.1,0.13,6,23,0,1,0,2.142857142857143,0.0
9,3084,11,False,0,2025-02-23,3,0.0,0.12,0.14,6,23,0,1,0,2.7142857142857144,0.0
9,3602,11,False,0,2025-02-23,3,0.0,0.12,0.14,6,23,0,1,0,2.7142857142857144,0.0
9,3829,11,False,0,2025-02-23,5,1.0,0.1,0.15,6,23,0,1,0,2.7142857142857144,0.0
9,3961,11,False,0,2025-02-23,3,0.0,0.09,0.11,6,23,0,1,0,3.2857142857142856,0.0
9,4171,11,False,0,2025-02-23,3,0.0,0.14,0.21,6,23,0,1,0,3.5714285714285716,0.0
9,4322,11,False,0,2025-02-23,2,0.0,0.1,0.12,6,23,0,1,0,3.4285714285714284,0.0
9,4441,11,False,0,2025-02-23,2,0.0,0.12,0.15,6,23,0,1,0,3.2857142857142856,0.0
9,4930,11,False,0,2025-02-23,2,0.0,0.09,0.12,6,23,0,1,0,3.0,0.0
9,27,1,False,0,2025-02-26,2,0.0,0.07,0.07,2,26,0,0,1,2.857142857142857,0.0
9,982,1,False,0,2025-02-26,2,0.0,0.2,0.24,2,26,0,0,1,2.7142857142857144,0.0
9,1030,1,False,0,2025-02-26,4,0.0,0.29,0.16,2,26,0,0,1,2.2857142857142856,0.0
9,1304,1,False,0,2025-02-26,1,0.0,0.04,0.07,2,26,0,0,1,2.4285714285714284,0.0
9,1590,1,False,0,2025-02-26,2,0.0,0.06,0.09,2,26,0,0,1,2.142857142857143,0.0
9,1752,1,False,0,2025-02-26,2,0.0,0.16,0.19,2,26,0,0,1,2.142857142857143,0.0
9,1840,1,False,0,2025-02-26,2,0.0,0.13,0.16,2,26,0,0,1,2.142857142857143,0.0
9,1853,1,False,0,2025-02-26,0,0.0,0.18,0.21,2,26,0,0,1,2.142857142857143,0.0
9,1874,1,False,0,2025-02-26,3,0.0,0.03,0.04,2,26,0,0,1,1.8571428571428572,0.0
9,2850,1,False,0,2025-02-26,2,0.0,0.18,0.16,2,26,0,0,1,2.0,0.0
9,3058,1,False,0,2025-02-26,4,0.0,0.16,0.2,2,26,0,0,1,1.7142857142857142,0.0
9,3120,1,False,0,2025-02-26,10,0.0,0.16,0.15,2,26,0,0,1,2.142857142857143,0.0
9,3326,1,False,0,2025-02-26,2,0.0,0.03,0.03,2,26,0,0,1,3.2857142857142856,0.0
9,3621,1,False,0,2025-02-26,2,0.0,0.03,0.04,2,26,0,0,1,3.2857142857142856,0.0
9,3625,1,False,0,2025-02-26,8,0.0,0.16,0.18,2,26,0,0,1,3.2857142857142856,0.0
9,4088,1,False,0,2025-02-26,2,0.0,0.33,0.43,2,26,0,0,1,4.428571428571429,0.0
9,4089,1,False,0,2025-02-26,2,0.0,0.16,0.18,2,26,0,0,1,4.285714285714286,0.0
9,4206,1,False,0,2025-02-26,3,0.0,0.5,0.56,2,26,0,0,1,4.285714285714286,0.0
9,4693,1,False,0,2025-02-26,3,0.0,0.09,0.1,2,26,0,0,1,4.142857142857143,0.0
9,5035,1,False,0,2025-02-26,2,0.0,0.13,0.13,2,26,0,0,1,3.142857142857143,0.0
9,9,3,True,0,2025-02-26,3,0.0,0.11,0.16,2,26,0,0,1,3.142857142857143,0.0
9,42,3,True,0,2025-02-26,1,0.0,0.05,0.06,2,26,0,0,1,3.2857142857142856,0.0
9,54,3,True,0,2025-02-26,1,0.0,0.18,0.22,2,26,0,0,1,2.2857142857142856,0.0
9,63,3,True,0,2025-02-26,1,0.0,0.14,0.18,2,26,0,0,1,2.142857142857143,0.0
9,71,3,True,0,2025-02-26,1,0.0,0.03,0.03,2,26,0,0,1,2.0,0.0
9,73,3,True,0,2025-02-26,1,0.0,0.15,0.16,2,26,0,0,1,1.7142857142857142,0.0
9,118,3,True,0,2025-02-26,1,0.0,0.05,0.08,2,26,0,0,1,1.4285714285714286,0.0
9,151,3,True,0,2025-02-26,0,1.0,0.21,0.24,2,26,0,0,1,1.2857142857142858,0.0
9,154,3,True,0,2025-02-26,2,0.0,0.18,0.21,2,26,0,0,1,0.8571428571428571,0.0
9,156,3,True,0,2025-02-26,1,0.0,0.04,0.05,2,26,0,0,1,1.0,0.0
9,224,3,True,0,2025-02-26,1,0.0,0.06,0.08,2,26,0,0,1,1.0,0.0
9,230,3,True,0,2025-02-26,0,0.0,0.03,0.05,2,26,0,0,1,1.0,0.0
9,258,3,True,0,2025-02-26,2,0.0,0.03,0.05,2,26,0,0,1,0.8571428571428571,0.0
9,304,3,True,0,2025-02-26,1,0.0,0.1,0.12,2,26,0,0,1,1.0,0.0
9,307,3,True,0,2025-02-26,0,0.0,0.16,0.2,2,26,0,0,1,1.0,0.0
9,319,3,True,0,2025-02-26,1,0.0,0.35,0.35,2,26,0,0,1,1.0,0.0
9,323,3,True,0,2025-02-26,1,0.0,0.28,0.31,2,26,0,0,1,0.8571428571428571,0.0
9,347,3,True,0,2025-02-26,1,0.0,0.06,0.07,2,26,0,0,1,0.8571428571428571,0.0
9,377,3,True,0,2025-02-26,1,0.0,0.12,0.19,2,26,0,0,1,0.8571428571428571,0.0
9,384,3,True,0,2025-02-26,1,0.0,0.04,0.06,2,26,0,0,1,1.0,0.0
9,396,3,True,0,2025-02-26,2,0.0,0.22,0.24,2,26,0,0,1,0.8571428571428571,0.0
9,400,3,True,0,2025-02-26,1,0.0,0.19,0.23,2,26,0,0,1,1.0,0.0
9,409,3,True,0,2025-02-26,1,0.0,0.1,0.13,2,26,0,0,1,1.1428571428571428,0.0
9,414,3,True,0,2025-02-26,2,0.0,0.08,0.12,2,26,0,0,1,1.1428571428571428,0.0
9,424,3,True,0,2025-02-26,1,0.0,0.09,0.11,2,26,0,0,1,1.2857142857142858,0.0
9,430,3,True,0,2025-02-26,1,0.0,0.13,0.19,2,26,0,0,1,1.2857142857142858,0.0
9,452,3,True,0,2025-02-26,1,0.0,0.07,0.09,2,26,0,0,1,1.2857142857142858,0.0
9,514,3,True,0,2025-02-26,2,0.0,0.16,0.19,2,26,0,0,1,1.2857142857142858,0.0
9,541,3,True,0,2025-02-26,0,0.0,0.07,0.1,2,26,0,0,1,1.2857142857142858,0.0
9,550,3,True,0,2025-02-26,3,0.0,0.13,0.16,2,26,0,0,1,1.1428571428571428,0.0
9,570,3,True,0,2025-02-26,1,0.0,0.15,0.2,2,26,0,0,1,1.4285714285714286,0.0
9,571,3,True,0,2025-02-26,2,0.0,0.11,0.17,2,26,0,0,1,1.2857142857142858,0.0
9,604,3,True,0,2025-02-26,2,0.0,0.3,0.37,2,26,0,0,1,1.4285714285714286,0.0
9,618,3,True,0,2025-02-26,1,0.0,0.13,0.15,2,26,0,0,1,1.5714285714285714,0.0
9,630,3,True,0,2025-02-26,0,0.0,0.06,0.09,2,26,0,0,1,1.5714285714285714,0.0
9,642,3,True,0,2025-02-26,1,0.0,0.07,0.11,2,26,0,0,1,1.2857142857142858,0.0
9,643,3,True,0,2025-02-26,1,0.0,0.06,0.07,2,26,0,0,1,1.4285714285714286,0.0
9,664,3,True,0,2025-02-26,1,0.0,0.14,0.19,2,26,0,0,1,1.1428571428571428,0.0
9,674,3,True,0,2025-02-26,0,2.0,0.15,0.16,2,26,0,0,1,1.1428571428571428,0.0
9,679,3,True,0,2025-02-26,1,0.0,0.06,0.08,2,26,0,0,1,0.8571428571428571,0.0
9,713,3,True,0,2025-02-26,3,0.0,0.06,0.07,2,26,0,0,1,0.7142857142857143,0.0
9,725,3,True,0,2025-02-26,1,0.0,0.18,0.2,2,26,0,0,1,1.0,0.0
9,766,3,True,0,2025-02-26,3,0.0,0.06,0.07,2,26,0,0,1,1.1428571428571428,0.0
9,767,3,True,0,2025-02-26,0,1.0,0.17,0.26,2,26,0,0,1,1.4285714285714286,0.0
9,771,3,True,0,2025-02-26,4,0.0,0.49,0.49,2,26,0,0,1,1.2857142857142858,0.0
9,775,3,True,0,2025-02-26,1,0.0,0.12,0.15,2,26,0,0,1,1.7142857142857142,0.0
9,800,3,True,0,2025-02-26,1,0.0,0.26,0.34,2,26,0,0,1,1.8571428571428572,0.0
9,804,3,True,0,2025-02-26,2,0.0,0.1,0.15,2,26,0,0,1,1.8571428571428572,0.0
9,806,3,True,0,2025-02-26,1,0.0,0.08,0.09,2,26,0,0,1,1.7142857142857142,0.0
9,807,3,True,0,2025-02-26,2,0.0,0.13,0.16,2,26,0,0,1,1.7142857142857142,0.0
9,808,3,True,0,2025-02-26,1,1.0,0.06,0.07,2,26,0,0,1,1.5714285714285714,0.0
9,832,3,True,0,2025-02-26,1,0.0,0.12,0.16,2,26,0,0,1,1.7142857142857142,0.0
9,836,3,True,0,2025-02-26,1,0.0,0.07,0.08,2,26,0,0,1,1.2857142857142858,0.0
9,841,3,True,0,2025-02-26,1,0.0,0.13,0.14,2,26,0,0,1,1.2857142857142858,0.0
9,847,3,True,0,2025-02-26,8,0.0,0.08,0.03,2,26,0,0,1,1.2857142857142858,2.713196188592544
9,850,3,True,0,2025-02-26,1,0.0,0.49,0.53,2,26,0,0,1,2.142857142857143,0.0
9,874,3,True,0,2025-02-26,1,0.0,0.03,0.04,2,26,0,0,1,2.142857142857143,0.0
9,897,3,True,0,2025-02-26,3,0.0,0.05,0.06,2,26,0,0,1,2.0,0.0
9,903,3,True,0,2025-02-26,1,0.0,0.05,0.08,2,26,0,0,1,2.2857142857142856,0.0
9,905,3,True,0,2025-02-26,2,0.0,0.1,0.18,2,26,0,0,1,2.2857142857142856,0.0
9,921,3,True,0,2025-02-26,1,0.0,0.09,0.12,2,26,0,0,1,2.4285714285714284,0.0
9,922,3,True,0,2025-02-26,2,0.0,0.07,0.09,2,26,0,0,1,2.4285714285714284,0.0
9,937,3,True,0,2025-02-26,8,0.0,0.03,0.04,2,26,0,0,1,1.5714285714285714,0.0
9,940,3,True,0,2025-02-26,0,0.0,0.2,0.23,2,26,0,0,1,2.5714285714285716,0.0
9,965,3,True,0,2025-02-26,4,0.0,0.36,0.44,2,26,0,0,1,2.4285714285714284,0.0
9,971,3,True,0,2025-02-26,3,0.0,0.08,0.1,2,26,0,0,1,2.5714285714285716,0.0
9,978,3,True,0,2025-02-26,1,0.0,0.11,0.14,2,26,0,0,1,2.857142857142857,0.0
9,983,3,True,0,2025-02-26,1,0.0,0.11,0.13,2,26,0,0,1,2.7142857142857144,0.0
9,1005,3,True,0,2025-02-26,3,0.0,0.07,0.09,2,26,0,0,1,2.7142857142857144,0.0
9,1006,3,True,0,2025-02-26,1,0.0,0.03,0.03,2,26,0,0,1,2.857142857142857,0.0
9,1022,3,True,0,2025-02-26,1,0.0,0.09,0.13,2,26,0,0,1,1.8571428571428572,0.0
9,1046,3,True,0,2025-02-26,1,0.0,0.06,0.1,2,26,0,0,1,2.0,0.0
9,1074,3,True,0,2025-02-26,1,0.0,0.11,0.1,2,26,0,0,1,1.5714285714285714,0.0
9,1080,3,True,0,2025-02-26,2,0.0,0.15,0.18,2,26,0,0,1,1.2857142857142858,0.0
9,1089,3,True,0,2025-02-26,0,1.0,0.11,0.15,2,26,0,0,1,1.4285714285714286,0.0
9,1094,3,True,0,2025-02-26,3,0.0,0.18,0.2,2,26,0,0,1,1.2857142857142858,0.0
9,1106,3,True,0,2025-02-26,6,0.0,0.08,0.12,2,26,0,0,1,1.2857142857142858,0.0
9,1141,3,True,0,2025-02-26,1,0.0,0.09,0.14,2,26,0,0,1,2.0,0.0
9,1142,3,True,0,2025-02-26,1,0.0,0.28,0.29,2,26,0,0,1,2.0,0.0
9,1150,3,True,0,2025-02-26,1,0.0,0.04,0.05,2,26,0,0,1,2.0,0.0
9,1153,3,True,0,2025-02-26,1,0.0,0.07,0.09,2,26,0,0,1,2.0,0.0
9,1173,3,True,0,2025-02-26,1,0.0,0.05,0.07,2,26,0,0,1,1.8571428571428572,0.0
9,1208,3,True,0,2025-02-26,1,0.0,0.1,0.12,2,26,0,0,1,2.0,0.0
9,1246,3,True,0,2025-02-26,1,0.0,0.04,0.08,2,26,0,0,1,1.7142857142857142,0.0
9,1254,3,True,0,2025-02-26,2,0.0,0.23,0.26,2,26,0,0,1,1.0,0.0
9,1280,3,True,0,2025-02-26,1,0.0,0.14,0.18,2,26,0,0,1,1.1428571428571428,0.0
9,1315,3,True,0,2025-02-26,1,0.0,0.14,0.23,2,26,0,0,1,1.1428571428571428,0.0
9,1322,3,True,0,2025-02-26,1,0.0,0.25,0.27,2,26,0,0,1,1.1428571428571428,0.0
9,1337,3,True,0,2025-02-26,1,0.0,0.04,0.06,2,26,0,0,1,1.1428571428571428,0.0
9,1348,3,True,0,2025-02-26,1,0.0,0.14,0.16,2,26,0,0,1,1.1428571428571428,0.0
9,1353,3,True,0,2025-02-26,1,0.0,0.12,0.16,2,26,0,0,1,1.1428571428571428,0.0
9,1387,3,True,0,2025-02-26,0,0.0,0.04,0.05,2,26,0,0,1,1.1428571428571428,0.0
9,1413,3,True,0,2025-02-26,1,0.0,0.51,0.69,2,26,0,0,1,0.8571428571428571,0.0
9,1446,3,True,0,2025-02-26,7,0.0,0.01,0.01,2,26,0,0,1,0.8571428571428571,0.0
9,1450,3,True,0,2025-02-26,1,0.0,0.05,0.07,2,26,0,0,1,1.7142857142857142,0.0
9,1458,3,True,0,2025-02-26,1,0.0,0.05,0.06,2,26,0,0,1,1.7142857142857142,0.0
9,1460,3,True,0,2025-02-26,1,0.0,0.05,0.07,2,26,0,0,1,1.7142857142857142,0.0
9,1486,3,True,0,2025-02-26,1,0.0,0.07,0.08,2,26,0,0,1,1.7142857142857142,0.0
9,1514,3,True,0,2025-02-26,2,0.0,0.19,0.22,2,26,0,0,1,1.7142857142857142,0.0
9,1518,3,True,0,2025-02-26,1,0.0,0.17,0.23,2,26,0,0,1,2.0,0.0
9,1520,3,True,0,2025-02-26,1,0.0,0.05,0.06,2,26,0,0,1,2.0,0.0
9,1577,3,True,0,2025-02-26,1,0.0,0.07,0.09,2,26,0,0,1,1.1428571428571428,0.0
9,1604,3,True,0,2025-02-26,1,0.0,0.36,0.44,2,26,0,0,1,1.1428571428571428,0.0
9,1651,3,True,0,2025-02-26,1,0.0,0.22,0.28,2,26,0,0,1,1.1428571428571428,0.0
9,1660,3,True,0,2025-02-26,1,0.0,0.1,0.12,2,26,0,0,1,1.1428571428571428,0.0
9,1667,3,True,0,2025-02-26,1,0.0,0.07,0.08,2,26,0,0,1,1.1428571428571428,0.0
9,1689,3,True,0,2025-02-26,1,0.0,0.05,0.07,2,26,0,0,1,1.0,0.0
9,1691,3,True,0,2025-02-26,4,0.0,0.03,0.05,2,26,0,0,1,1.0,0.0
9,1717,3,True,0,2025-02-26,1,0.0,0.27,0.35,2,26,0,0,1,1.4285714285714286,0.0
9,1736,3,True,0,2025-02-26,1,0.0,0.06,0.08,2,26,0,0,1,1.4285714285714286,0.0
9,1781,3,True,0,2025-02-26,0,0.0,0.04,0.05,2,26,0,0,1,1.4285714285714286,0.0
9,1791,3,True,0,2025-02-26,1,0.0,0.3,0.33,2,26,0,0,1,1.2857142857142858,0.0
9,1800,3,True,0,2025-02-26,1,0.0,0.24,0.32,2,26,0,0,1,1.2857142857142858,0.0
9,1803,3,True,0,2025-02-26,1,0.0,0.07,0.15,2,26,0,0,1,1.2857142857142858,0.0
9,1804,3,True,0,2025-02-26,1,0.0,0.09,0.12,2,26,0,0,1,1.2857142857142858,0.0
9,1843,3,True,0,2025-02-26,34,0.0,0.04,0.05,2,26,0,0,1,0.8571428571428571,0.0
9,1852,3,True,0,2025-02-26,2,0.0,0.05,0.06,2,26,0,0,1,5.571428571428571,0.0
9,1871,3,True,0,2025-02-26,1,0.0,0.17,0.2,2,26,0,0,1,5.714285714285714,0.0
9,1876,3,True,0,2025-02-26,2,0.0,0.07,0.1,2,26,0,0,1,5.857142857142857,0.0
9,1881,3,True,0,2025-02-26,1,0.0,0.18,0.23,2,26,0,0,1,6.0,0.0
9,1903,3,True,0,2025-02-26,1,0.0,0.05,0.07,2,26,0,0,1,6.0,0.0
9,1908,3,True,0,2025-02-26,1,0.0,0.03,0.05,2,26,0,0,1,6.0,0.0
9,1918,3,True,0,2025-02-26,2,0.0,0.03,0.04,2,26,0,0,1,6.0,0.0
9,1932,3,True,0,2025-02-26,6,0.0,0.1,0.13,2,26,0,0,1,1.4285714285714286,0.0
9,1936,3,True,0,2025-02-26,2,0.0,0.43,0.52,2,26,0,0,1,2.0,0.0
9,1947,3,True,0,2025-02-26,2,0.0,0.09,0.14,2,26,0,0,1,2.142857142857143,0.0
9,1962,3,True,0,2025-02-26,3,0.0,0.06,0.11,2,26,0,0,1,2.142857142857143,0.0
9,1965,3,True,0,2025-02-26,2,0.0,0.24,0.31,2,26,0,0,1,2.4285714285714284,0.0
9,1992,3,True,0,2025-02-26,0,0.0,0.08,0.1,2,26,0,0,1,2.5714285714285716,0.0
9,1994,3,True,0,2025-02-26,2,0.0,0.03,0.03,2,26,0,0,1,2.4285714285714284,0.0
9,2017,3,True,0,2025-02-26,2,0.0,0.11,0.16,2,26,0,0,1,2.4285714285714284,0.0
9,2019,3,True,0,2025-02-26,2,0.0,0.15,0.18,2,26,0,0,1,1.8571428571428572,0.0
9,2041,3,True,0,2025-02-26,1,0.0,0.06,0.08,2,26,0,0,1,1.8571428571428572,0.0
9,2043,3,True,0,2025-02-26,1,0.0,0.06,0.08,2,26,0,0,1,1.7142857142857142,0.0
9,2047,3,True,0,2025-02-26,2,0.0,0.12,0.16,2,26,0,0,1,1.4285714285714286,0.0
9,2055,3,True,0,2025-02-26,3,0.0,0.1,0.12,2,26,0,0,1,1.4285714285714286,0.0
9,2084,3,True,0,2025-02-26,0,1.0,0.05,0.06,2,26,0,0,1,1.8571428571428572,0.0
9,2111,3,True,0,2025-02-26,1,0.0,0.29,0.35,2,26,0,0,1,1.5714285714285714,0.0
9,2114,3,True,0,2025-02-26,1,0.0,0.06,0.09,2,26,0,0,1,1.4285714285714286,0.0
9,2115,3,True,0,2025-02-26,6,0.0,0.49,0.72,2,26,0,0,1,1.2857142857142858,0.0
9,2117,3,True,0,2025-02-26,1,0.0,0.14,0.16,2,26,0,0,1,2.0,0.0
9,2136,3,True,0,2025-02-26,1,0.0,0.27,0.28,2,26,0,0,1,2.0,0.0
9,2146,3,True,0,2025-02-26,1,0.0,0.2,0.26,2,26,0,0,1,1.8571428571428572,0.0
9,2173,3,True,0,2025-02-26,2,0.0,0.03,0.04,2,26,0,0,1,1.5714285714285714,0.0
9,2186,3,True,0,2025-02-26,2,0.0,0.25,0.34,2,26,0,0,1,1.8571428571428572,0.0
9,2192,3,True,0,2025-02-26,0,0.0,0.07,0.1,2,26,0,0,1,2.0,0.0
9,2201,3,True,0,2025-02-26,7,0.0,0.12,0.16,2,26,0,0,1,1.8571428571428572,0.0
9,2203,3,True,0,2025-02-26,2,0.0,0.15,0.2,2,26,0,0,1,2.0,0.0
9,2206,3,True,0,2025-02-26,43,0.0,0.02,0.03,2,26,0,0,1,2.142857142857143,0.0
9,2228,3,True,0,2025-02-26,0,0.0,0.16,0.2,2,26,0,0,1,8.142857142857142,0.0
9,2245,3,True,0,2025-02-26,2,0.0,0.2,0.22,2,26,0,0,1,8.0,1.1382073173268525
9,2249,3,True,0,2025-02-26,1,0.0,0.06,0.07,2,26,0,0,1,8.0,0.0
9,2265,3,True,0,2025-02-26,0,1.0,0.03,0.04,2,26,0,0,1,7.857142857142857,0.0
9,2268,3,True,0,2025-02-26,1,0.0,0.14,0.2,2,26,0,0,1,7.857142857142857,0.0
9,2282,3,True,0,2025-02-26,2,0.0,0.08,0.1,2,26,0,0,1,7.0,0.0
9,2289,3,True,0,2025-02-26,1,0.0,0.08,0.1,2,26,0,0,1,7.0,0.0
9,2300,3,True,0,2025-02-26,1,0.0,0.23,0.24,2,26,0,0,1,1.0,0.0
9,2314,3,True,0,2025-02-26,1,0.0,0.06,0.08,2,26,0,0,1,1.1428571428571428,0.0
9,2316,3,True,0,2025-02-26,1,0.0,0.08,0.11,2,26,0,0,1,1.0,0.0
9,2347,3,True,0,2025-02-26,0,0.0,0.16,0.2,2,26,0,0,1,1.0,0.0
9,2350,3,True,0,2025-02-26,1,0.0,0.04,0.05,2,26,0,0,1,1.0,0.0
9,2385,3,True,0,2025-02-26,1,0.0,0.02,0.03,2,26,0,0,1,1.0,0.0
9,2387,3,True,0,2025-02-26,1,0.0,0.1,0.11,2,26,0,0,1,0.8571428571428571,0.0
9,2394,3,True,0,2025-02-26,1,0.0,0.12,0.17,2,26,0,0,1,0.8571428571428571,0.0
9,2402,3,True,0,2025-02-26,2,1.0,0.07,0.09,2,26,0,0,1,0.8571428571428571,0.0
9,2406,3,True,0,2025-02-26,1,0.0,0.29,0.32,2,26,0,0,1,1.0,0.0
9,2411,3,True,0,2025-02-26,1,0.0,0.16,0.19,2,26,0,0,1,1.0,0.0
9,2422,3,True,0,2025-02-26,5,0.0,0.28,0.31,2,26,0,0,1,1.1428571428571428,0.0
9,2426,3,True,0,2025-02-26,0,0.0,0.15,0.15,2,26,0,0,1,1.7142857142857142,0.0
9,2472,3,True,0,2025-02-26,0,1.0,0.09,0.1,2,26,0,0,1,1.5714285714285714,0.0
9,2496,3,True,0,2025-02-26,1,0.0,0.22,0.25,2,26,0,0,1,1.4285714285714286,0.0
9,2501,3,True,0,2025-02-26,1,0.0,0.09,0.11,2,26,0,0,1,1.4285714285714286,0.0
9,2505,3,True,0,2025-02-26,1,0.0,0.09,0.11,2,26,0,0,1,1.2857142857142858,0.0
9,2521,3,True,0,2025-02-26,1,0.0,0.43,0.44,2,26,0,0,1,1.2857142857142858,0.0
9,2524,3,True,0,2025-02-26,1,0.0,0.29,0.36,2,26,0,0,1,1.2857142857142858,0.0
9,2532,3,True,0,2025-02-26,2,0.0,0.12,0.12,2,26,0,0,1,0.7142857142857143,0.0
9,2533,3,True,0,2025-02-26,1,0.0,0.34,0.39,2,26,0,0,1,1.0,0.0
9,2555,3,True,0,2025-02-26,3,0.0,0.03,0.04,2,26,0,0,1,1.1428571428571428,0.0
9,2572,3,True,0,2025-02-26,0,0.0,0.34,0.36,2,26,0,0,1,1.4285714285714286,0.0
9,2573,3,True,0,2025-02-26,1,0.0,0.23,0.31,2,26,0,0,1,1.2857142857142858,0.0
9,2575,3,True,0,2025-02-26,0,0.0,0.02,0.03,2,26,0,0,1,1.2857142857142858,0.0
9,2578,3,True,0,2025-02-26,1,0.0,0.04,0.06,2,26,0,0,1,1.1428571428571428,0.0
9,2593,3,True,0,2025-02-26,1,0.0,0.01,0.02,2,26,0,0,1,1.1428571428571428,0.0
9,2594,3,True,0,2025-02-26,1,0.0,0.24,0.29,2,26,0,0,1,1.0,0.0
9,2596,3,True,0,2025-02-26,4,0.0,0.22,0.19,2,26,0,0,1,1.0,0.0
9,2626,3,True,0,2025-02-26,1,0.0,0.25,0.3,2,26,0,0,1,1.1428571428571428,0.0
9,2637,3,True,0,2025-02-26,1,0.0,0.15,0.17,2,26,0,0,1,1.2857142857142858,0.0
9,2650,3,True,0,2025-02-26,1,0.0,0.07,0.09,2,26,0,0,1,1.2857142857142858,0.0
9,2663,3,True,0,2025-02-26,1,0.0,0.54,0.59,2,26,0,0,1,1.4285714285714286,0.0
9,2664,3,True,0,2025-02-26,1,0.0,0.19,0.22,2,26,0,0,1,1.4285714285714286,0.0
9,2668,3,True,0,2025-02-26,2,0.0,0.22,0.3,2,26,0,0,1,1.4285714285714286,0.0
9,2710,3,True,0,2025-02-26,0,0.0,0.06,0.07,2,26,0,0,1,1.5714285714285714,0.0
9,2715,3,True,0,2025-02-26,0,0.0,0.04,0.05,2,26,0,0,1,1.0,0.0
9,2741,3,True,0,2025-02-26,1,0.0,0.17,0.18,2,26,0,0,1,0.8571428571428571,0.0
9,2746,3,True,0,2025-02-26,1,1.0,0.15,0.17,2,26,0,0,1,0.8571428571428571,0.0
9,2768,3,True,0,2025-02-26,1,0.0,0.08,0.11,2,26,0,0,1,0.8571428571428571,0.0
9,2814,3,True,0,2025-02-26,1,0.0,0.1,0.13,2,26,0,0,1,0.8571428571428571,0.0
9,2826,3,True,0,2025-02-26,1,0.0,0.06,0.11,2,26,0,0,1,0.8571428571428571,0.0
9,2827,3,True,0,2025-02-26,0,0.0,0.34,0.38,2,26,0,0,1,0.7142857142857143,0.0
9,2861,3,True,0,2025-02-26,2,0.0,0.09,0.12,2,26,0,0,1,0.7142857142857143,0.0
9,2862,3,True,0,2025-02-26,1,0.0,0.32,0.43,2,26,0,0,1,1.0,0.0
9,2864,3,True,0,2025-02-26,4,0.0,0.06,0.08,2,26,0,0,1,1.0,0.0
9,2866,3,True,0,2025-02-26,7,0.0,0.25,0.28,2,26,0,0,1,1.4285714285714286,0.0
9,2902,3,True,0,2025-02-26,1,0.0,0.04,0.06,2,26,0,0,1,2.2857142857142856,0.0
9,2910,3,True,0,2025-02-26,1,0.0,0.25,0.32,2,26,0,0,1,2.2857142857142856,0.0
9,2911,3,True,0,2025-02-26,1,0.0,0.27,0.32,2,26,0,0,1,2.2857142857142856,0.0
9,2951,3,True,0,2025-02-26,1,0.0,0.07,0.09,2,26,0,0,1,2.4285714285714284,0.0
9,2954,3,True,0,2025-02-26,1,0.0,0.05,0.06,2,26,0,0,1,2.2857142857142856,0.0
9,2958,3,True,0,2025-02-26,1,0.0,0.04,0.05,2,26,0,0,1,2.2857142857142856,0.0
9,2974,3,True,0,2025-02-26,3,0.0,0.12,0.14,2,26,0,0,1,1.8571428571428572,0.0
9,2975,3,True,0,2025-02-26,2,0.0,0.14,0.15,2,26,0,0,1,1.2857142857142858,0.0
9,2980,3,True,0,2025-02-26,1,0.0,0.06,0.08,2,26,0,0,1,1.4285714285714286,0.0
9,3022,3,True,0,2025-02-26,2,0.0,0.2,0.23,2,26,0,0,1,1.4285714285714286,0.0
9,3052,3,True,0,2025-02-26,1,0.0,0.16,0.2,2,26,0,0,1,1.5714285714285714,0.0
9,3061,3,True,0,2025-02-26,1,0.0,0.03,0.05,2,26,0,0,1,1.5714285714285714,0.0
9,3069,3,True,0,2025-02-26,0,0.0,0.14,0.2,2,26,0,0,1,1.5714285714285714,0.0
9,3074,3,True,0,2025-02-26,1,0.0,0.12,0.17,2,26,0,0,1,1.4285714285714286,0.0
9,3077,3,True,0,2025-02-26,2,0.0,0.44,0.42,2,26,0,0,1,1.1428571428571428,0.0
9,3079,3,True,0,2025-02-26,2,0.0,0.1,0.13,2,26,0,0,1,1.1428571428571428,0.0
9,3083,3,True,0,2025-02-26,2,0.0,0.06,0.08,2,26,0,0,1,1.2857142857142858,0.0
9,3104,3,True,0,2025-02-26,1,0.0,0.24,0.26,2,26,0,0,1,1.2857142857142858,0.0
9,3116,3,True,0,2025-02-26,1,0.0,0.09,0.1,2,26,0,0,1,1.2857142857142858,0.0
9,3117,3,True,0,2025-02-26,1,0.0,0.05,0.06,2,26,0,0,1,1.2857142857142858,0.0
9,3119,3,True,0,2025-02-26,1,0.0,0.09,0.11,2,26,0,0,1,1.4285714285714286,0.0
9,3165,3,True,0,2025-02-26,1,0.0,0.07,0.09,2,26,0,0,1,1.4285714285714286,0.0
9,3208,3,True,0,2025-02-26,1,0.0,0.07,0.1,2,26,0,0,1,1.2857142857142858,0.0
9,3212,3,True,0,2025-02-26,0,0.0,0.08,0.1,2,26,0,0,1,1.1428571428571428,0.0
9,3219,3,True,0,2025-02-26,1,0.0,0.08,0.11,2,26,0,0,1,0.8571428571428571,0.0
9,3234,3,True,0,2025-02-26,4,0.0,0.13,0.16,2,26,0,0,1,0.8571428571428571,0.0
9,3242,3,True,0,2025-02-26,1,0.0,0.05,0.07,2,26,0,0,1,1.2857142857142858,0.0
9,3263,3,True,0,2025-02-26,2,0.0,0.3,0.42,2,26,0,0,1,1.2857142857142858,0.0
9,3266,3,True,0,2025-02-26,3,0.0,0.08,0.11,2,26,0,0,1,1.4285714285714286,0.0
9,3276,3,True,0,2025-02-26,2,0.0,0.1,0.12,2,26,0,0,1,1.7142857142857142,0.0
9,3286,3,True,0,2025-02-26,3,0.0,0.22,0.33,2,26,0,0,1,1.8571428571428572,0.0
9,3347,3,True,0,2025-02-26,1,0.0,0.1,0.13,2,26,0,0,1,2.2857142857142856,0.0
9,3358,3,True,0,2025-02-26,1,0.0,0.17,0.22,2,26,0,0,1,2.2857142857142856,0.0
9,3363,3,True,0,2025-02-26,1,0.0,0.18,0.23,2,26,0,0,1,1.8571428571428572,0.0
9,3369,3,True,0,2025-02-26,4,0.0,0.06,0.1,2,26,0,0,1,1.8571428571428572,0.0
9,3393,3,True,0,2025-02-26,1,0.0,0.07,0.1,2,26,0,0,1,2.142857142857143,0.0
9,3452,3,True,0,2025-02-26,2,0.0,0.14,0.13,2,26,0,0,1,1.8571428571428572,0.0
9,3495,3,True,0,2025-02-26,6,0.0,0.08,0.12,2,26,0,0,1,1.8571428571428572,0.0
9,3502,3,True,0,2025-02-26,1,0.0,0.08,0.1,2,26,0,0,1,2.2857142857142856,0.0
9,3523,3,True,0,2025-02-26,0,0.0,0.17,0.22,2,26,0,0,1,2.2857142857142856,0.0
9,3527,3,True,0,2025-02-26,1,0.0,0.15,0.2,2,26,0,0,1,2.142857142857143,0.0
9,3538,3,True,0,2025-02-26,2,0.0,0.02,0.04,2,26,0,0,1,2.142857142857143,0.0
9,3546,3,True,0,2025-02-26,1,0.0,0.12,0.17,2,26,0,0,1,1.8571428571428572,0.0
9,3549,3,True,0,2025-02-26,2,0.0,0.15,0.19,2,26,0,0,1,1.8571428571428572,0.0
9,3560,3,True,0,2025-02-26,1,0.0,0.2,0.21,2,26,0,0,1,1.8571428571428572,0.0
9,3589,3,True,0,2025-02-26,4,0.0,0.09,0.12,2,26,0,0,1,1.1428571428571428,0.0
9,3609,3,True,0,2025-02-26,1,0.0,0.04,0.05,2,26,0,0,1,1.5714285714285714,0.0
9,3641,3,True,0,2025-02-26,2,0.0,0.07,0.09,2,26,0,0,1,1.7142857142857142,0.0
9,3642,3,True,0,2025-02-26,2,0.0,0.42,0.54,2,26,0,0,1,1.8571428571428572,0.0
9,3653,3,True,0,2025-02-26,1,0.0,0.25,0.35,2,26,0,0,1,1.8571428571428572,0.0
9,3701,3,True,0,2025-02-26,3,0.0,0.23,0.24,2,26,0,0,1,1.8571428571428572,0.0
9,3708,3,True,0,2025-02-26,1,0.0,0.02,0.03,2,26,0,0,1,2.0,0.0
9,3726,3,True,0,2025-02-26,2,0.0,0.1,0.13,2,26,0,0,1,2.0,0.0
9,3746,3,True,0,2025-02-26,2,0.0,0.06,0.08,2,26,0,0,1,1.7142857142857142,0.0
9,3749,3,True,0,2025-02-26,1,0.0,0.08,0.11,2,26,0,0,1,1.8571428571428572,0.0
9,3769,3,True,0,2025-02-26,1,0.0,0.27,0.29,2,26,0,0,1,1.7142857142857142,0.0
9,3798,3,True,0,2025-02-26,2,0.0,0.04,0.05,2,26,0,0,1,1.5714285714285714,0.0
9,3803,3,True,0,2025-02-26,1,0.0,0.14,0.16,2,26,0,0,1,1.7142857142857142,0.0
9,3834,3,True,0,2025-02-26,1,0.0,0.04,0.06,2,26,0,0,1,1.4285714285714286,0.0
9,3839,3,True,0,2025-02-26,1,0.0,0.05,0.09,2,26,0,0,1,1.4285714285714286,0.0
9,3852,3,True,0,2025-02-26,1,1.0,0.24,0.27,2,26,0,0,1,1.2857142857142858,0.0
9,3864,3,True,0,2025-02-26,0,0.0,0.06,0.07,2,26,0,0,1,1.1428571428571428,0.0
9,3877,3,True,0,2025-02-26,18,0.0,0.01,0.02,2,26,0,0,1,1.0,0.0
9,3891,3,True,0,2025-02-26,1,0.0,0.17,0.17,2,26,0,0,1,3.4285714285714284,0.0
9,3893,3,True,0,2025-02-26,1,0.0,0.08,0.09,2,26,0,0,1,3.2857142857142856,0.0
9,3909,3,True,0,2025-02-26,1,0.0,0.08,0.12,2,26,0,0,1,3.2857142857142856,0.0
9,3911,3,True,0,2025-02-26,2,0.0,0.08,0.09,2,26,0,0,1,3.2857142857142856,0.0
9,3915,3,True,0,2025-02-26,1,0.0,0.1,0.13,2,26,0,0,1,3.4285714285714284,0.0
9,3922,3,True,0,2025-02-26,1,0.0,0.03,0.04,2,26,0,0,1,3.4285714285714284,0.0
9,3934,3,True,0,2025-02-26,1,0.0,0.38,0.39,2,26,0,0,1,3.5714285714285716,0.0
9,3951,3,True,0,2025-02-26,2,0.0,0.39,0.33,2,26,0,0,1,1.1428571428571428,0.0
9,3982,3,True,0,2025-02-26,2,0.0,0.17,0.2,2,26,0,0,1,1.2857142857142858,0.0
9,4002,3,True,0,2025-02-26,3,0.0,0.05,0.06,2,26,0,0,1,1.4285714285714286,0.0
9,4011,3,True,0,2025-02-26,1,0.0,0.07,0.11,2,26,0,0,1,1.7142857142857142,0.0
9,4033,3,True,0,2025-02-26,1,0.0,0.11,0.15,2,26,0,0,1,1.5714285714285714,0.0
9,4041,3,True,0,2025-02-26,1,0.0,0.04,0.06,2,26,0,0,1,1.5714285714285714,0.0
9,4062,3,True,0,2025-02-26,1,0.0,0.12,0.14,2,26,0,0,1,1.5714285714285714,0.0
9,4097,3,True,0,2025-02-26,10,0.0,0.03,0.05,2,26,0,0,1,1.5714285714285714,0.0
9,4119,3,True,0,2025-02-26,1,0.0,0.16,0.18,2,26,0,0,1,2.7142857142857144,0.0
9,4120,3,True,0,2025-02-26,1,0.0,0.16,0.19,2,26,0,0,1,2.5714285714285716,0.0
9,4167,3,True,0,2025-02-26,3,0.0,0.33,0.37,2,26,0,0,1,2.2857142857142856,0.0
9,4179,3,True,0,2025-02-26,0,0.0,0.12,0.13,2,26,0,0,1,2.5714285714285716,0.0
9,4191,3,True,0,2025-02-26,0,0.0,0.12,0.12,2,26,0,0,1,2.4285714285714284,0.0
9,4192,3,True,0,2025-02-26,0,1.0,0.18,0.18,2,26,0,0,1,2.2857142857142856,0.0
9,4203,3,True,0,2025-02-26,1,0.0,0.04,0.05,2,26,0,0,1,2.142857142857143,0.0
9,4207,3,True,0,2025-02-26,0,0.0,0.11,0.14,2,26,0,0,1,0.8571428571428571,0.0
9,4210,3,True,0,2025-02-26,1,0.0,0.28,0.33,2,26,0,0,1,0.7142857142857143,0.0
9,4230,3,True,0,2025-02-26,1,0.0,0.13,0.18,2,26,0,0,1,0.7142857142857143,0.0
9,4239,3,True,0,2025-02-26,1,0.0,0.05,0.11,2,26,0,0,1,0.42857142857142855,0.0
9,4242,3,True,0,2025-02-26,1,0.0,0.32,0.39,2,26,0,0,1,0.5714285714285714,0.0
9,4246,3,True,0,2025-02-26,3,0.0,0.26,0.33,2,26,0,0,1,0.7142857142857143,0.0
9,4248,3,True,0,2025-02-26,1,0.0,0.24,0.27,2,26,0,0,1,1.1428571428571428,0.0
9,4260,3,True,0,2025-02-26,1,0.0,0.06,0.07,2,26,0,0,1,1.1428571428571428,0.0
9,4269,3,True,0,2025-02-26,1,0.0,0.08,0.11,2,26,0,0,1,1.2857142857142858,0.0
9,4277,3,True,0,2025-02-26,0,0.0,0.04,0.05,2,26,0,0,1,1.2857142857142858,0.0
9,4302,3,True,0,2025-02-26,2,0.0,0.57,0.54,2,26,0,0,1,1.1428571428571428,0.0
9,4315,3,True,0,2025-02-26,1,0.0,0.12,0.15,2,26,0,0,1,1.2857142857142858,0.0
9,4339,3,True,0,2025-02-26,1,0.0,0.23,0.25,2,26,0,0,1,1.2857142857142858,0.0
9,4357,3,True,0,2025-02-26,2,0.0,0.07,0.09,2,26,0,0,1,1.0,0.0
9,4369,3,True,0,2025-02-26,1,0.0,0.38,0.44,2,26,0,0,1,1.1428571428571428,0.0
9,4381,3,True,0,2025-02-26,1,0.0,0.14,0.2,2,26,0,0,1,1.1428571428571428,0.0
9,4397,3,True,0,2025-02-26,2,0.0,0.09,0.14,2,26,0,0,1,1.1428571428571428,0.0
9,4409,3,True,0,2025-02-26,2,0.0,0.09,0.12,2,26,0,0,1,1.4285714285714286,0.0
9,4469,3,True,0,2025-02-26,1,0.0,0.26,0.31,2,26,0,0,1,1.4285714285714286,0.0
9,4475,3,True,0,2025-02-26,2,0.0,0.06,0.07,2,26,0,0,1,1.4285714285714286,0.0
9,4517,3,True,0,2025-02-26,1,0.0,0.29,0.31,2,26,0,0,1,1.5714285714285714,0.0
9,4521,3,True,0,2025-02-26,1,0.0,0.22,0.23,2,26,0,0,1,1.4285714285714286,0.0
9,4524,3,True,0,2025-02-26,2,0.0,0.17,0.18,2,26,0,0,1,1.4285714285714286,0.0
9,4527,3,True,0,2025-02-26,2,0.0,0.1,0.11,2,26,0,0,1,1.5714285714285714,0.0
9,4539,3,True,0,2025-02-26,33,0.0,0.01,0.01,2,26,0,0,1,1.5714285714285714,0.0
9,4540,3,True,0,2025-02-26,1,0.0,0.04,0.05,2,26,0,0,1,6.0,0.0
9,4546,3,True,0,2025-02-26,1,0.0,0.1,0.11,2,26,0,0,1,6.0,0.0
9,4563,3,True,0,2025-02-26,0,0.0,0.15,0.2,2,26,0,0,1,5.857142857142857,0.0
9,4572,3,True,0,2025-02-26,2,0.0,0.09,0.1,2,26,0,0,1,5.714285714285714,0.0
9,4582,3,True,0,2025-02-26,1,0.0,0.4,0.54,2,26,0,0,1,5.857142857142857,0.0
9,4640,3,True,0,2025-02-26,1,0.0,0.25,0.27,2,26,0,0,1,5.714285714285714,0.0
9,4675,3,True,0,2025-02-26,1,0.0,0.1,0.16,2,26,0,0,1,5.571428571428571,0.0
9,4683,3,True,0,2025-02-26,1,0.0,0.03,0.05,2,26,0,0,1,1.0,0.0
9,4689,3,True,0,2025-02-26,1,0.0,0.11,0.14,2,26,0,0,1,1.0,0.0
9,4699,3,True,0,2025-02-26,2,0.0,0.07,0.1,2,26,0,0,1,1.0,0.0
9,4704,3,True,0,2025-02-26,1,1.0,0.24,0.29,2,26,0,0,1,1.2857142857142858,0.0
9,4725,3,True,0,2025-02-26,1,0.0,0.09,0.11,2,26,0,0,1,1.1428571428571428,0.0
9,4744,3,True,0,2025-02-26,0,1.0,0.04,0.05,2,26,0,0,1,1.1428571428571428,0.0
9,4757,3,True,0,2025-02-26,1,0.0,0.16,0.19,2,26,0,0,1,1.0,0.0
9,4765,3,True,0,2025-02-26,1,0.0,0.12,0.17,2,26,0,0,1,1.0,0.0
9,4769,3,True,0,2025-02-26,1,0.0,0.5,0.69,2,26,0,0,1,1.0,0.0
9,4782,3,True,0,2025-02-26,5,0.0,0.14,0.17,2,26,0,0,1,1.0,0.0
9,4783,3,True,0,2025-02-26,1,0.0,0.27,0.35,2,26,0,0,1,1.4285714285714286,0.0
9,4790,3,True,0,2025-02-26,3,0.0,0.09,0.13,2,26,0,0,1,1.4285714285714286,0.0
9,4794,3,True,0,2025-02-26,0,0.0,0.06,0.07,2,26,0,0,1,1.7142857142857142,0.0
9,4802,3,True,0,2025-02-26,0,0.0,0.16,0.2,2,26,0,0,1,1.7142857142857142,0.0
9,4803,3,True,0,2025-02-26,1,0.0,0.66,0.81,2,26,0,0,1,1.5714285714285714,0.0
9,4816,3,True,0,2025-02-26,1,0.0,0.11,0.13,2,26,0,0,1,1.5714285714285714,0.0
9,4820,3,True,0,2025-02-26,0,1.0,0.06,0.08,2,26,0,0,1,1.5714285714285714,0.0
9,4833,3,True,0,2025-02-26,1,0.0,0.22,0.25,2,26,0,0,1,0.8571428571428571,0.0
9,4848,3,True,0,2025-02-26,1,0.0,0.07,0.08,2,26,0,0,1,0.8571428571428571,0.0
9,4852,3,True,0,2025-02-26,3,0.0,0.2,0.24,2,26,0,0,1,0.5714285714285714,0.0
9,4859,3,True,0,2025-02-26,1,0.0,0.05,0.05,2,26,0,0,1,1.0,0.0
9,4870,3,True,0,2025-02-26,2,0.0,0.1,0.12,2,26,0,0,1,1.1428571428571428,0.0
9,4878,3,True,0,2025-02-26,1,0.0,0.1,0.13,2,26,0,0,1,1.2857142857142858,0.0
9,4883,3,True,0,2025-02-26,2,0.0,0.12,0.14,2,26,0,0,1,1.2857142857142858,0.0
9,4885,3,True,0,2025-02-26,1,0.0,0.06,0.09,2,26,0,0,1,1.5714285714285714,0.0
9,4886,3,True,0,2025-02-26,2,0.0,0.16,0.2,2,26,0,0,1,1.5714285714285714,0.0
9,4888,3,True,0,2025-02-26,2,0.0,0.17,0.19,2,26,0,0,1,1.7142857142857142,0.0
9,4908,3,True,0,2025-02-26,3,0.0,0.16,0.19,2,26,0,0,1,1.5714285714285714,0.0
9,4934,3,True,0,2025-02-26,2,0.0,0.07,0.09,2,26,0,0,1,1.8571428571428572,0.0
9,4938,3,True,0,2025-02-26,5,0.0,0.54,0.59,2,26,0,0,1,1.8571428571428572,0.0
9,4948,3,True,0,2025-02-26,1,0.0,0.12,0.15,2,26,0,0,1,2.4285714285714284,0.0
9,4957,3,True,0,2025-02-26,0,0.0,0.11,0.14,2,26,0,0,1,2.2857142857142856,0.0
9,4971,3,True,0,2025-02-26,1,0.0,0.29,0.31,2,26,0,0,1,2.142857142857143,0.0
9,4976,3,True,0,2025-02-26,1,0.0,0.04,0.05,2,26,0,0,1,2.0,0.0
9,4981,3,True,0,2025-02-26,1,0.0,0.15,0.2,2,26,0,0,1,1.8571428571428572,0.0
9,4984,3,True,0,2025-02-26,1,0.0,0.06,0.06,2,26,0,0,1,1.5714285714285714,0.0
9,4986,3,True,0,2025-02-26,1,0.0,0.05,0.04,2,26,0,0,1,1.4285714285714286,0.0
9,5004,3,True,0,2025-02-26,2,0.0,0.05,0.06,2,26,0,0,1,0.8571428571428571,0.0
9,5024,3,True,0,2025-02-26,3,0.0,0.1,0.13,2,26,0,0,1,1.0,0.0
9,5074,3,True,0,2025-02-26,1,0.0,0.23,0.23,2,26,0,0,1,1.4285714285714286,0.0
9,5094,3,True,0,2025-02-26,3,0.0,0.05,0.07,2,26,0,0,1,1.4285714285714286,0.0
9,5095,3,True,0,2025-02-26,1,0.0,0.03,0.04,2,26,0,0,1,1.7142857142857142,0.0
9,5101,3,True,0,2025-02-26,1,0.0,0.01,0.02,2,26,0,0,1,1.7142857142857142,0.0
9,5105,3,True,0,2025-02-26,2,1.0,0.15,0.19,2,26,0,0,1,1.7142857142857142,0.0
9,5119,3,True,0,2025-02-26,1,0.0,0.06,0.08,2,26,0,0,1,1.8571428571428572,0.0
9,5125,3,True,0,2025-02-26,3,0.0,0.06,0.08,2,26,0,0,1,1.7142857142857142,0.0
9,5139,3,True,0,2025-02-26,1,0.0,0.2,0.29,2,26,0,0,1,1.7142857142857142,0.0
9,5209,3,True,0,2025-02-26,0,0.0,0.35,0.37,2,26,0,0,1,1.7142857142857142,0.0
9,5221,3,True,0,2025-02-26,2,0.0,0.05,0.06,2,26,0,0,1,1.2857142857142858,0.0
9,5261,3,True,0,2025-02-26,1,0.0,0.15,0.2,2,26,0,0,1,1.4285714285714286,0.0
9,5262,3,True,0,2025-02-26,1,0.0,0.04,0.06,2,26,0,0,1,1.4285714285714286,0.0
9,5280,3,True,0,2025-02-26,1,0.0,0.09,0.12,2,26,0,0,1,1.2857142857142858,0.0
9,5281,3,True,0,2025-02-26,1,0.0,0.27,0.35,2,26,0,0,1,1.2857142857142858,0.0
9,17,4,False,0,2025-02-26,3,0.0,0.06,0.08,2,26,0,0,1,1.0,0.0
9,26,4,False,0,2025-02-26,3,0.0,0.04,0.06,2,26,0,0,1,1.2857142857142858,0.0
9,38,4,False,0,2025-02-26,1,0.0,0.12,0.17,2,26,0,0,1,1.7142857142857142,0.0
9,64,4,False,0,2025-02-26,3,0.0,0.01,0.02,2,26,0,0,1,1.5714285714285714,0.0
9,88,4,False,0,2025-02-26,0,0.0,0.02,0.03,2,26,0,0,1,1.8571428571428572,0.0
9,99,4,False,0,2025-02-26,2,0.0,0.02,0.03,2,26,0,0,1,1.7142857142857142,0.0
9,100,4,False,0,2025-02-26,2,0.0,0.04,0.05,2,26,0,0,1,1.8571428571428572,0.0
9,145,4,False,0,2025-02-26,1,0.0,0.06,0.07,2,26,0,0,1,2.0,0.0
9,168,4,False,0,2025-02-26,0,0.0,0.04,0.06,2,26,0,0,1,1.7142857142857142,0.0
9,175,4,False,0,2025-02-26,2,0.0,0.03,0.06,2,26,0,0,1,1.2857142857142858,0.0
9,178,4,False,0,2025-02-26,0,0.0,0.0,0.0,2,26,0,0,1,1.4285714285714286,0.0
9,182,4,False,0,2025-02-26,0,0.0,0.03,0.05,2,26,0,0,1,1.0,0.0
9,185,4,False,0,2025-02-26,4,0.0,0.02,0.03,2,26,0,0,1,1.0,0.0
9,205,4,False,0,2025-02-26,1,0.0,0.1,0.13,2,26,0,0,1,1.2857142857142858,0.0
9,235,4,False,0,2025-02-26,2,0.0,0.06,0.07,2,26,0,0,1,1.1428571428571428,0.0
9,255,4,False,0,2025-02-26,2,0.0,0.03,0.05,2,26,0,0,1,1.2857142857142858,0.0
9,272,4,False,0,2025-02-26,2,0.0,0.03,0.05,2,26,0,0,1,1.5714285714285714,0.0
9,290,4,False,0,2025-02-26,1,0.0,0.06,0.08,2,26,0,0,1,1.5714285714285714,0.0
9,292,4,False,0,2025-02-26,2,0.0,0.04,0.06,2,26,0,0,1,1.7142857142857142,0.0
9,306,4,False,0,2025-02-26,2,0.0,0.04,0.05,2,26,0,0,1,2.0,0.0
9,314,4,False,0,2025-02-26,2,0.0,0.03,0.03,2,26,0,0,1,1.7142857142857142,0.0
9,328,4,False,0,2025-02-26,3,0.0,0.07,0.09,2,26,0,0,1,1.8571428571428572,0.0
9,338,4,False,0,2025-02-26,3,0.0,0.05,0.07,2,26,0,0,1,2.0,0.0
9,350,4,False,0,2025-02-26,4,0.0,0.03,0.05,2,26,0,0,1,2.142857142857143,0.0
9,362,4,False,0,2025-02-26,0,0.0,0.02,0.03,2,26,0,0,1,2.4285714285714284,0.0
9,370,4,False,0,2025-02-26,3,0.0,0.03,0.06,2,26,0,0,1,2.2857142857142856,0.0
9,372,4,False,0,2025-02-26,0,0.0,0.02,0.04,2,26,0,0,1,2.4285714285714284,0.0
9,447,4,False,0,2025-02-26,2,0.0,0.06,0.07,2,26,0,0,1,2.142857142857143,0.0
9,464,4,False,0,2025-02-26,0,0.0,0.02,0.03,2,26,0,0,1,2.142857142857143,0.0
9,482,4,False,0,2025-02-26,2,0.0,0.02,0.04,2,26,0,0,1,1.7142857142857142,0.0
9,524,4,False,0,2025-02-26,3,0.0,0.02,0.03,2,26,0,0,1,1.5714285714285714,0.0
9,552,4,False,0,2025-02-26,2,0.0,0.07,0.1,2,26,0,0,1,1.4285714285714286,0.0
9,560,4,False,0,2025-02-26,4,0.0,0.02,0.03,2,26,0,0,1,1.7142857142857142,0.0
9,584,4,False,0,2025-02-26,0,0.0,0.05,0.08,2,26,0,0,1,1.8571428571428572,0.0
9,595,4,False,0,2025-02-26,2,0.0,0.07,0.1,2,26,0,0,1,1.8571428571428572,0.0
9,613,4,False,0,2025-02-26,2,0.0,0.02,0.04,2,26,0,0,1,1.8571428571428572,0.0
9,621,4,False,0,2025-02-26,1,0.0,0.05,0.08,2,26,0,0,1,2.142857142857143,0.0
9,622,4,False,0,2025-02-26,3,0.0,0.02,0.04,2,26,0,0,1,2.0,0.0
9,676,4,False,0,2025-02-26,2,0.0,0.08,0.14,2,26,0,0,1,2.0,0.0
9,700,4,False,0,2025-02-26,3,0.0,0.03,0.05,2,26,0,0,1,2.0,0.0
9,723,4,False,0,2025-02-26,1,0.0,0.03,0.04,2,26,0,0,1,1.8571428571428572,0.0
9,726,4,False,0,2025-02-26,2,0.0,0.04,0.06,2,26,0,0,1,2.0,0.0
9,731,4,False,0,2025-02-26,0,0.0,0.19,0.24,2,26,0,0,1,2.0,0.0
9,736,4,False,0,2025-02-26,2,0.0,0.04,0.06,2,26,0,0,1,1.7142857142857142,0.0
9,749,4,False,0,2025-02-26,2,0.0,0.08,0.08,2,26,0,0,1,1.8571428571428572,0.0
9,761,4,False,0,2025-02-26,1,0.0,0.02,0.02,2,26,0,0,1,1.7142857142857142,0.0
9,824,4,False,0,2025-02-26,3,0.0,0.01,0.01,2,26,0,0,1,1.5714285714285714,0.0
9,826,4,False,0,2025-02-26,3,0.0,0.05,0.06,2,26,0,0,1,1.5714285714285714,0.0
9,845,4,False,0,2025-02-26,3,0.0,0.07,0.11,2,26,0,0,1,1.8571428571428572,0.0
9,849,4,False,0,2025-02-26,2,0.0,0.04,0.06,2,26,0,0,1,2.0,0.0
9,852,4,False,0,2025-02-26,0,0.0,0.02,0.03,2,26,0,0,1,2.2857142857142856,0.0
9,871,4,False,0,2025-02-26,1,0.0,0.05,0.08,2,26,0,0,1,2.0,0.0
9,880,4,False,0,2025-02-26,1,0.0,0.04,0.06,2,26,0,0,1,1.8571428571428572,0.0
9,892,4,False,0,2025-02-26,4,0.0,0.02,0.02,2,26,0,0,1,1.8571428571428572,0.0
9,953,4,False,0,2025-02-26,3,0.0,0.01,0.02,2,26,0,0,1,2.0,0.0
9,963,4,False,0,2025-02-26,2,0.0,0.05,0.06,2,26,0,0,1,2.0,0.0
9,989,4,False,0,2025-02-26,0,0.0,0.02,0.03,2,26,0,0,1,1.8571428571428572,0.0
9,1003,4,False,0,2025-02-26,4,0.0,0.02,0.03,2,26,0,0,1,1.5714285714285714,0.0
9,1009,4,False,0,2025-02-26,3,0.0,0.21,0.24,2,26,0,0,1,2.142857142857143,0.0
9,1013,4,False,0,2025-02-26,2,0.0,0.08,0.12,2,26,0,0,1,2.4285714285714284,0.0
9,1040,4,False,0,2025-02-26,3,0.0,0.03,0.03,2,26,0,0,1,2.5714285714285716,0.0
9,1041,4,False,0,2025-02-26,2,0.0,0.05,0.06,2,26,0,0,1,2.4285714285714284,0.0
9,1069,4,False,0,2025-02-26,1,0.0,0.07,0.09,2,26,0,0,1,2.2857142857142856,0.0
9,1077,4,False,0,2025-02-26,1,0.0,0.06,0.09,2,26,0,0,1,2.142857142857143,0.0
9,1090,4,False,0,2025-02-26,1,0.0,0.04,0.06,2,26,0,0,1,2.2857142857142856,0.0
9,1092,4,False,0,2025-02-26,3,0.0,0.02,0.03,2,26,0,0,1,1.8571428571428572,0.0
9,1111,4,False,0,2025-02-26,1,0.0,0.06,0.09,2,26,0,0,1,1.8571428571428572,0.0
9,1119,4,False,0,2025-02-26,3,0.0,0.04,0.09,2,26,0,0,1,1.7142857142857142,0.0
9,1123,4,False,0,2025-02-26,3,0.0,0.0,0.01,2,26,0,0,1,1.7142857142857142,0.0
9,1137,4,False,0,2025-02-26,2,0.0,0.03,0.04,2,26,0,0,1,1.8571428571428572,0.0
9,1182,4,False,0,2025-02-26,2,0.0,0.02,0.03,2,26,0,0,1,2.0,0.0
9,1183,4,False,0,2025-02-26,1,0.0,0.01,0.01,2,26,0,0,1,2.142857142857143,0.0
9,1245,4,False,0,2025-02-26,1,0.0,0.04,0.06,2,26,0,0,1,2.142857142857143,0.0
9,1248,4,False,0,2025-02-26,2,0.0,0.01,0.01,2,26,0,0,1,1.8571428571428572,0.0
9,1257,4,False,0,2025-02-26,1,0.0,0.1,0.14,2,26,0,0,1,2.0,0.0
9,1268,4,False,0,2025-02-26,2,0.0,0.06,0.07,2,26,0,0,1,1.7142857142857142,0.0
9,1274,4,False,0,2025-02-26,2,0.0,0.09,0.15,2,26,0,0,1,1.5714285714285714,0.0
9,1316,4,False,0,2025-02-26,5,0.0,0.03,0.05,2,26,0,0,1,1.5714285714285714,0.0
9,1321,4,False,0,2025-02-26,4,0.0,0.03,0.04,2,26,0,0,1,2.0,0.0
9,1329,4,False,0,2025-02-26,1,0.0,0.01,0.01,2,26,0,0,1,2.4285714285714284,0.0
9,1369,4,False,0,2025-02-26,2,0.0,0.02,0.03,2,26,0,0,1,2.4285714285714284,0.0
9,1373,4,False,0,2025-02-26,3,0.0,0.05,0.06,2,26,0,0,1,2.4285714285714284,0.0
9,1394,4,False,0,2025-02-26,4,0.0,0.02,0.03,2,26,0,0,1,2.7142857142857144,0.0
9,1402,4,False,0,2025-02-26,3,0.0,0.03,0.05,2,26,0,0,1,3.0,0.0
9,1417,4,False,0,2025-02-26,2,0.0,0.06,0.08,2,26,0,0,1,3.142857142857143,0.0
9,1420,4,False,0,2025-02-26,0,0.0,0.04,0.05,2,26,0,0,1,2.7142857142857144,0.0
9,1428,4,False,0,2025-02-26,0,0.0,0.03,0.04,2,26,0,0,1,2.142857142857143,0.0
9,1436,4,False,0,2025-02-26,1,0.0,0.05,0.07,2,26,0,0,1,2.0,0.0
9,1473,4,False,0,2025-02-26,2,0.0,0.06,0.06,2,26,0,0,1,1.8571428571428572,0.0
9,1481,4,False,0,2025-02-26,1,0.0,0.04,0.07,2,26,0,0,1,1.7142857142857142,0.0
9,1493,4,False,0,2025-02-26,1,0.0,0.06,0.07,2,26,0,0,1,1.2857142857142858,0.0
9,1497,4,False,0,2025-02-26,2,0.0,0.05,0.06,2,26,0,0,1,1.0,0.0
9,1506,4,False,0,2025-02-26,3,0.0,0.02,0.04,2,26,0,0,1,1.0,0.0
9,1519,4,False,0,2025-02-26,3,0.0,0.05,0.06,2,26,0,0,1,1.4285714285714286,0.0
9,1539,4,False,0,2025-02-26,5,0.0,0.02,0.03,2,26,0,0,1,1.8571428571428572,0.0
9,1546,4,False,0,2025-02-26,2,0.0,0.03,0.05,2,26,0,0,1,2.4285714285714284,0.0
9,1563,4,False,0,2025-02-26,1,0.0,0.04,0.05,2,26,0,0,1,2.4285714285714284,0.0
9,1570,4,False,0,2025-02-26,0,0.0,0.02,0.03,2,26,0,0,1,2.4285714285714284,0.0
9,1573,4,False,0,2025-02-26,2,0.0,0.07,0.11,2,26,0,0,1,2.2857142857142856,0.0
9,1574,4,False,0,2025-02-26,2,0.0,0.07,0.09,2,26,0,0,1,2.2857142857142856,0.0
9,1594,4,False,0,2025-02-26,2,0.0,0.02,0.03,2,26,0,0,1,2.142857142857143,0.0
9,1626,4,False,0,2025-02-26,5,0.0,0.06,0.07,2,26,0,0,1,2.0,0.0
9,1644,4,False,0,2025-02-26,2,0.0,0.07,0.1,2,26,0,0,1,2.0,0.0
9,1652,4,False,0,2025-02-26,1,0.0,0.05,0.07,2,26,0,0,1,2.0,0.0
9,1673,4,False,0,2025-02-26,2,0.0,0.06,0.08,2,26,0,0,1,2.0,0.0
9,1675,4,False,0,2025-02-26,2,0.0,0.05,0.06,2,26,0,0,1,2.2857142857142856,0.0
9,1686,4,False,0,2025-02-26,1,0.0,0.07,0.1,2,26,0,0,1,2.2857142857142856,0.0
9,1706,4,False,0,2025-02-26,2,0.0,0.01,0.03,2,26,0,0,1,2.142857142857143,0.0
9,1716,4,False,0,2025-02-26,2,0.0,0.03,0.03,2,26,0,0,1,2.142857142857143,0.0
9,1732,4,False,0,2025-02-26,1,0.0,0.08,0.08,2,26,0,0,1,1.7142857142857142,0.0
9,1738,4,False,0,2025-02-26,1,0.0,0.02,0.04,2,26,0,0,1,1.5714285714285714,0.0
9,1745,4,False,0,2025-02-26,1,0.0,0.05,0.08,2,26,0,0,1,1.5714285714285714,0.0
9,1759,4,False,0,2025-02-26,1,0.0,0.03,0.04,2,26,0,0,1,1.4285714285714286,0.0
9,1776,4,False,0,2025-02-26,1,0.0,0.14,0.15,2,26,0,0,1,1.2857142857142858,0.0
9,1826,4,False,0,2025-02-26,3,0.0,0.07,0.08,2,26,0,0,1,1.2857142857142858,0.0
9,1830,4,False,0,2025-02-26,1,0.0,0.15,0.21,2,26,0,0,1,1.4285714285714286,0.0
9,1863,4,False,0,2025-02-26,1,0.0,0.04,0.07,2,26,0,0,1,1.2857142857142858,0.0
9,1866,4,False,0,2025-02-26,0,0.0,0.02,0.02,2,26,0,0,1,1.2857142857142858,0.0
9,1922,4,False,0,2025-02-26,4,0.0,0.02,0.04,2,26,0,0,1,1.1428571428571428,0.0
9,1934,4,False,0,2025-02-26,2,0.0,0.02,0.04,2,26,0,0,1,1.5714285714285714,0.0
9,1975,4,False,0,2025-02-26,0,0.0,0.03,0.05,2,26,0,0,1,1.7142857142857142,0.0
9,1984,4,False,0,2025-02-26,2,0.0,0.06,0.08,2,26,0,0,1,1.5714285714285714,0.0
9,2005,4,False,0,2025-02-26,2,0.0,0.16,0.18,2,26,0,0,1,1.4285714285714286,0.0
9,2013,4,False,0,2025-02-26,5,0.0,0.03,0.03,2,26,0,0,1,1.5714285714285714,0.0
9,2025,4,False,0,2025-02-26,1,0.0,0.03,0.05,2,26,0,0,1,2.142857142857143,0.0
9,2028,4,False,0,2025-02-26,1,0.0,0.03,0.04,2,26,0,0,1,2.2857142857142856,0.0
9,2033,4,False,0,2025-02-26,1,0.0,0.11,0.15,2,26,0,0,1,1.8571428571428572,0.0
9,2035,4,False,0,2025-02-26,1,0.0,0.02,0.03,2,26,0,0,1,1.7142857142857142,0.0
9,2042,4,False,0,2025-02-26,3,1.0,0.03,0.06,2,26,0,0,1,1.8571428571428572,0.0
9,2051,4,False,0,2025-02-26,2,0.0,0.03,0.03,2,26,0,0,1,2.0,0.0
9,2061,4,False,0,2025-02-26,1,0.0,0.02,0.04,2,26,0,0,1,2.0,0.0
9,2069,4,False,0,2025-02-26,1,0.0,0.07,0.1,2,26,0,0,1,1.4285714285714286,0.0
9,2083,4,False,0,2025-02-26,2,0.0,0.06,0.09,2,26,0,0,1,1.4285714285714286,0.0
9,2088,4,False,0,2025-02-26,1,0.0,0.03,0.04,2,26,0,0,1,1.5714285714285714,0.0
9,2129,4,False,0,2025-02-26,2,0.0,0.03,0.03,2,26,0,0,1,1.5714285714285714,0.0
9,2144,4,False,0,2025-02-26,2,0.0,0.03,0.05,2,26,0,0,1,1.7142857142857142,0.0
9,2149,4,False,0,2025-02-26,1,0.0,0.04,0.06,2,26,0,0,1,1.5714285714285714,0.0
9,2167,4,False,0,2025-02-26,3,0.0,0.05,0.07,2,26,0,0,1,1.4285714285714286,0.0
9,2193,4,False,0,2025-02-26,2,0.0,0.08,0.1,2,26,0,0,1,1.7142857142857142,0.0
9,2230,4,False,0,2025-02-26,2,0.0,0.02,0.03,2,26,0,0,1,1.8571428571428572,0.0
9,2233,4,False,0,2025-02-26,1,0.0,0.06,0.09,2,26,0,0,1,1.8571428571428572,0.0
9,2238,4,False,0,2025-02-26,1,0.0,0.04,0.05,2,26,0,0,1,1.8571428571428572,0.0
9,2257,4,False,0,2025-02-26,0,0.0,0.04,0.06,2,26,0,0,1,1.7142857142857142,0.0
9,2279,4,False,0,2025-02-26,3,0.0,0.11,0.15,2,26,0,0,1,1.4285714285714286,0.0
9,2283,4,False,0,2025-02-26,1,0.0,0.04,0.06,2,26,0,0,1,1.7142857142857142,0.0
9,2286,4,False,0,2025-02-26,1,0.0,0.11,0.15,2,26,0,0,1,1.4285714285714286,0.0
9,2306,4,False,0,2025-02-26,2,0.0,0.04,0.07,2,26,0,0,1,1.2857142857142858,0.0
9,2315,4,False,0,2025-02-26,2,0.0,0.06,0.1,2,26,0,0,1,1.2857142857142858,0.0
9,2392,4,False,0,2025-02-26,2,0.0,0.04,0.05,2,26,0,0,1,1.4285714285714286,0.0
9,2397,4,False,0,2025-02-26,3,0.0,0.02,0.03,2,26,0,0,1,1.5714285714285714,0.0
9,2398,4,False,0,2025-02-26,4,0.0,0.12,0.16,2,26,0,0,1,2.0,0.0
9,2438,4,False,0,2025-02-26,2,0.0,0.02,0.04,2,26,0,0,1,2.142857142857143,0.0
9,2443,4,False,0,2025-02-26,2,0.0,0.05,0.07,2,26,0,0,1,2.2857142857142856,0.0
9,2469,4,False,0,2025-02-26,2,0.0,0.07,0.09,2,26,0,0,1,2.4285714285714284,0.0
9,2473,4,False,0,2025-02-26,3,0.0,0.04,0.06,2,26,0,0,1,2.4285714285714284,0.0
9,2478,4,False,0,2025-02-26,2,0.0,0.02,0.03,2,26,0,0,1,2.5714285714285716,0.0
9,2487,4,False,0,2025-02-26,4,0.0,0.02,0.04,2,26,0,0,1,2.5714285714285716,0.0
9,2497,4,False,0,2025-02-26,2,0.0,0.03,0.04,2,26,0,0,1,2.7142857142857144,0.0
9,2506,4,False,0,2025-02-26,1,0.0,0.03,0.04,2,26,0,0,1,2.4285714285714284,0.0
9,2522,4,False,0,2025-02-26,1,0.0,0.11,0.17,2,26,0,0,1,2.2857142857142856,0.0
9,2567,4,False,0,2025-02-26,2,0.0,0.04,0.04,2,26,0,0,1,2.142857142857143,0.0
9,2581,4,False,0,2025-02-26,1,0.0,0.06,0.07,2,26,0,0,1,2.142857142857143,0.0
9,2624,4,False,0,2025-02-26,1,0.0,0.06,0.1,2,26,0,0,1,1.8571428571428572,0.0
9,2630,4,False,0,2025-02-26,2,0.0,0.03,0.03,2,26,0,0,1,1.7142857142857142,0.0
9,2631,4,False,0,2025-02-26,3,0.0,0.02,0.04,2,26,0,0,1,1.4285714285714286,0.0
9,2642,4,False,0,2025-02-26,3,0.0,0.03,0.05,2,26,0,0,1,1.5714285714285714,0.0
9,2658,4,False,0,2025-02-26,3,0.0,0.02,0.04,2,26,0,0,1,1.8571428571428572,0.0
9,2672,4,False,0,2025-02-26,3,0.0,0.02,0.03,2,26,0,0,1,2.142857142857143,0.0
9,2688,4,False,0,2025-02-26,3,0.0,0.03,0.04,2,26,0,0,1,2.2857142857142856,0.0
9,2725,4,False,0,2025-02-26,1,0.0,0.08,0.14,2,26,0,0,1,2.5714285714285716,0.0
9,2744,4,False,0,2025-02-26,3,0.0,0.06,0.1,2,26,0,0,1,2.5714285714285716,0.0
9,2788,4,False,0,2025-02-26,3,0.0,0.02,0.03,2,26,0,0,1,2.7142857142857144,0.0
9,2801,4,False,0,2025-02-26,2,0.0,0.06,0.09,2,26,0,0,1,2.7142857142857144,0.0
9,2804,4,False,0,2025-02-26,2,0.0,0.06,0.07,2,26,0,0,1,2.5714285714285716,0.0
9,2818,4,False,0,2025-02-26,2,0.0,0.02,0.03,2,26,0,0,1,2.4285714285714284,0.0
9,2825,4,False,0,2025-02-26,1,0.0,0.18,0.24,2,26,0,0,1,2.2857142857142856,0.0
9,2830,4,False,0,2025-02-26,2,0.0,0.04,0.05,2,26,0,0,1,2.0,0.0
9,2832,4,False,0,2025-02-26,3,0.0,0.01,0.03,2,26,0,0,1,2.142857142857143,0.0
9,2838,4,False,0,2025-02-26,3,0.0,0.02,0.03,2,26,0,0,1,2.142857142857143,0.0
9,2844,4,False,0,2025-02-26,2,0.0,0.03,0.05,2,26,0,0,1,2.142857142857143,0.0
9,2860,4,False,0,2025-02-26,2,0.0,0.07,0.1,2,26,0,0,1,2.142857142857143,0.0
9,2870,4,False,0,2025-02-26,2,0.0,0.06,0.08,2,26,0,0,1,2.142857142857143,0.0
9,2871,4,False,0,2025-02-26,2,0.0,0.04,0.05,2,26,0,0,1,2.142857142857143,0.0
9,2892,4,False,0,2025-02-26,1,0.0,0.1,0.13,2,26,0,0,1,2.2857142857142856,0.0
9,2894,4,False,0,2025-02-26,0,0.0,0.04,0.07,2,26,0,0,1,2.142857142857143,0.0
9,2957,4,False,0,2025-02-26,2,0.0,0.02,0.04,2,26,0,0,1,1.7142857142857142,0.0
9,2961,4,False,0,2025-02-26,3,0.0,0.05,0.06,2,26,0,0,1,1.5714285714285714,0.0
9,2963,4,False,0,2025-02-26,1,0.0,0.06,0.08,2,26,0,0,1,1.7142857142857142,0.0
9,2970,4,False,0,2025-02-26,1,0.0,0.03,0.05,2,26,0,0,1,1.5714285714285714,0.0
9,2979,4,False,0,2025-02-26,2,0.0,0.06,0.07,2,26,0,0,1,1.4285714285714286,0.0
9,2992,4,False,0,2025-02-26,1,0.0,0.05,0.08,2,26,0,0,1,1.4285714285714286,0.0
9,3000,4,False,0,2025-02-26,2,0.0,0.1,0.17,2,26,0,0,1,1.4285714285714286,0.0
9,3012,4,False,0,2025-02-26,2,0.0,0.02,0.03,2,26,0,0,1,1.7142857142857142,0.0
9,3044,4,False,0,2025-02-26,3,0.0,0.02,0.02,2,26,0,0,1,1.7142857142857142,0.0
9,3086,4,False,0,2025-02-26,2,1.0,0.04,0.07,2,26,0,0,1,1.7142857142857142,0.0
9,3145,4,False,0,2025-02-26,2,0.0,0.04,0.06,2,26,0,0,1,1.8571428571428572,0.0
9,3146,4,False,0,2025-02-26,3,0.0,0.01,0.01,2,26,0,0,1,2.0,0.0
9,3162,4,False,0,2025-02-26,4,0.0,0.01,0.02,2,26,0,0,1,2.142857142857143,0.0
9,3178,4,False,0,2025-02-26,1,0.0,0.12,0.19,2,26,0,0,1,2.5714285714285716,0.0
9,3185,4,False,0,2025-02-26,2,0.0,0.04,0.06,2,26,0,0,1,2.4285714285714284,0.0
9,3196,4,False,0,2025-02-26,3,0.0,0.02,0.03,2,26,0,0,1,2.4285714285714284,0.0
9,3209,4,False,0,2025-02-26,0,0.0,0.02,0.04,2,26,0,0,1,2.4285714285714284,0.0
9,3224,4,False,0,2025-02-26,3,0.0,0.04,0.07,2,26,0,0,1,2.142857142857143,0.0
9,3262,4,False,0,2025-02-26,2,0.0,0.09,0.13,2,26,0,0,1,2.2857142857142856,0.0
9,3267,4,False,0,2025-02-26,3,0.0,0.01,0.01,2,26,0,0,1,2.142857142857143,0.0
9,3293,4,False,0,2025-02-26,3,0.0,0.0,0.01,2,26,0,0,1,2.0,0.0
9,3312,4,False,0,2025-02-26,1,0.0,0.01,0.02,2,26,0,0,1,2.2857142857142856,0.0
9,3317,4,False,0,2025-02-26,3,0.0,0.01,0.02,2,26,0,0,1,2.142857142857143,0.0
9,3327,4,False,0,2025-02-26,3,0.0,0.01,0.02,2,26,0,0,1,2.142857142857143,0.0
9,3377,4,False,0,2025-02-26,2,0.0,0.02,0.04,2,26,0,0,1,2.5714285714285716,0.0
9,3420,4,False,0,2025-02-26,2,0.0,0.07,0.09,2,26,0,0,1,2.4285714285714284,0.0
9,3453,4,False,0,2025-02-26,1,0.0,0.02,0.04,2,26,0,0,1,2.4285714285714284,0.0
9,3455,4,False,0,2025-02-26,0,0.0,0.02,0.04,2,26,0,0,1,2.142857142857143,0.0
9,3465,4,False,0,2025-02-26,1,0.0,0.06,0.07,2,26,0,0,1,1.7142857142857142,0.0
9,3466,4,False,0,2025-02-26,2,0.0,0.03,0.03,2,26,0,0,1,1.7142857142857142,0.0
9,3472,4,False,0,2025-02-26,0,0.0,0.04,0.06,2,26,0,0,1,1.5714285714285714,0.0
9,3473,4,False,0,2025-02-26,2,0.0,0.01,0.03,2,26,0,0,1,1.1428571428571428,0.0
9,3493,4,False,0,2025-02-26,2,0.0,0.04,0.07,2,26,0,0,1,1.1428571428571428,0.0
9,3552,4,False,0,2025-02-26,1,0.0,0.03,0.05,2,26,0,0,1,1.1428571428571428,0.0
9,3562,4,False,0,2025-02-26,2,0.0,0.05,0.07,2,26,0,0,1,1.1428571428571428,0.0
9,3569,4,False,0,2025-02-26,3,0.0,0.03,0.06,2,26,0,0,1,1.4285714285714286,0.0
9,3577,4,False,0,2025-02-26,2,0.0,0.04,0.06,2,26,0,0,1,1.7142857142857142,0.0
9,3590,4,False,0,2025-02-26,1,0.0,0.02,0.03,2,26,0,0,1,1.7142857142857142,0.0
9,3620,4,False,0,2025-02-26,2,0.0,0.02,0.04,2,26,0,0,1,1.8571428571428572,0.0
9,3627,4,False,0,2025-02-26,0,0.0,0.06,0.09,2,26,0,0,1,1.8571428571428572,0.0
9,3628,4,False,0,2025-02-26,1,0.0,0.06,0.09,2,26,0,0,1,1.5714285714285714,0.0
9,3633,4,False,0,2025-02-26,3,0.0,0.07,0.1,2,26,0,0,1,1.5714285714285714,0.0
9,3645,4,False,0,2025-02-26,2,0.0,0.07,0.08,2,26,0,0,1,1.7142857142857142,0.0
9,3651,4,False,0,2025-02-26,1,0.0,0.04,0.05,2,26,0,0,1,1.5714285714285714,0.0
9,3692,4,False,0,2025-02-26,1,0.0,0.1,0.12,2,26,0,0,1,1.4285714285714286,0.0
9,3700,4,False,0,2025-02-26,2,0.0,0.02,0.03,2,26,0,0,1,1.4285714285714286,0.0
9,3721,4,False,0,2025-02-26,0,0.0,0.03,0.05,2,26,0,0,1,1.4285714285714286,0.0
9,3728,4,False,0,2025-02-26,2,0.0,0.03,0.05,2,26,0,0,1,1.4285714285714286,0.0
9,3753,4,False,0,2025-02-26,3,0.0,0.04,0.07,2,26,0,0,1,1.5714285714285714,0.0
9,3772,4,False,0,2025-02-26,3,0.0,0.03,0.05,2,26,0,0,1,1.5714285714285714,0.0
9,3818,4,False,0,2025-02-26,3,0.0,0.06,0.09,2,26,0,0,1,1.7142857142857142,0.0
9,3843,4,False,0,2025-02-26,1,0.0,0.02,0.03,2,26,0,0,1,2.0,0.0
9,3847,4,False,0,2025-02-26,2,0.0,0.01,0.03,2,26,0,0,1,2.0,0.0
9,3850,4,False,0,2025-02-26,3,0.0,0.07,0.11,2,26,0,0,1,2.0,0.0
9,3853,4,False,0,2025-02-26,0,0.0,0.1,0.15,2,26,0,0,1,2.4285714285714284,0.0
9,3879,4,False,0,2025-02-26,2,0.0,0.05,0.08,2,26,0,0,1,2.142857142857143,0.0
9,3888,4,False,0,2025-02-26,4,0.0,0.01,0.01,2,26,0,0,1,2.0,0.0
9,3903,4,False,0,2025-02-26,2,0.0,0.04,0.07,2,26,0,0,1,2.142857142857143,0.0
9,3906,4,False,0,2025-02-26,2,0.0,0.11,0.16,2,26,0,0,1,2.0,0.0
9,3939,4,False,0,2025-02-26,2,0.0,0.04,0.06,2,26,0,0,1,2.142857142857143,0.0
9,3968,4,False,0,2025-02-26,1,0.0,0.01,0.02,2,26,0,0,1,2.142857142857143,0.0
9,3971,4,False,0,2025-02-26,1,0.0,0.08,0.09,2,26,0,0,1,1.8571428571428572,0.0
9,3974,4,False,0,2025-02-26,1,0.0,0.09,0.13,2,26,0,0,1,2.0,0.0
9,3987,4,False,0,2025-02-26,1,0.0,0.03,0.05,2,26,0,0,1,1.8571428571428572,0.0
9,4019,4,False,0,2025-02-26,3,0.0,0.04,0.05,2,26,0,0,1,1.4285714285714286,0.0
9,4028,4,False,0,2025-02-26,2,0.0,0.02,0.03,2,26,0,0,1,1.5714285714285714,0.0
9,4071,4,False,0,2025-02-26,2,0.0,0.04,0.07,2,26,0,0,1,1.5714285714285714,0.0
9,4108,4,False,0,2025-02-26,2,0.0,0.02,0.03,2,26,0,0,1,1.5714285714285714,0.0
9,4133,4,False,0,2025-02-26,2,0.0,0.08,0.14,2,26,0,0,1,1.7142857142857142,0.0
9,4135,4,False,0,2025-02-26,1,0.0,0.03,0.04,2,26,0,0,1,1.8571428571428572,0.0
9,4170,4,False,0,2025-02-26,1,0.0,0.02,0.03,2,26,0,0,1,1.8571428571428572,0.0
9,4184,4,False,0,2025-02-26,1,0.0,0.06,0.09,2,26,0,0,1,1.8571428571428572,0.0
9,4186,4,False,0,2025-02-26,1,0.0,0.03,0.04,2,26,0,0,1,1.5714285714285714,0.0
9,4212,4,False,0,2025-02-26,0,0.0,0.06,0.08,2,26,0,0,1,1.4285714285714286,0.0
9,4243,4,False,0,2025-02-26,1,0.0,0.09,0.11,2,26,0,0,1,1.1428571428571428,0.0
9,4268,4,False,0,2025-02-26,2,0.0,0.02,0.03,2,26,0,0,1,1.0,0.0
9,4275,4,False,0,2025-02-26,0,0.0,0.01,0.02,2,26,0,0,1,1.0,0.0
9,4281,4,False,0,2025-02-26,0,1.0,0.02,0.04,2,26,0,0,1,0.8571428571428571,0.0
9,4293,4,False,0,2025-02-26,1,0.0,0.12,0.18,2,26,0,0,1,0.7142857142857143,0.0
9,4305,4,False,0,2025-02-26,1,0.0,0.07,0.1,2,26,0,0,1,0.7142857142857143,0.0
9,4335,4,False,0,2025-02-26,1,0.0,0.04,0.07,2,26,0,0,1,0.7142857142857143,0.0
9,4342,4,False,0,2025-02-26,0,0.0,0.02,0.04,2,26,0,0,1,0.8571428571428571,0.0
9,4372,4,False,0,2025-02-26,3,0.0,0.02,0.04,2,26,0,0,1,0.7142857142857143,0.0
9,4373,4,False,0,2025-02-26,0,0.0,0.07,0.09,2,26,0,0,1,0.8571428571428571,0.0
9,4392,4,False,0,2025-02-26,1,0.0,0.09,0.12,2,26,0,0,1,0.8571428571428571,0.0
9,4395,4,False,0,2025-02-26,3,0.0,0.05,0.08,2,26,0,0,1,1.0,0.0
9,4422,4,False,0,2025-02-26,2,0.0,0.01,0.02,2,26,0,0,1,1.2857142857142858,0.0
9,4438,4,False,0,2025-02-26,1,0.0,0.01,0.02,2,26,0,0,1,1.4285714285714286,0.0
9,4451,4,False,0,2025-02-26,2,0.0,0.04,0.06,2,26,0,0,1,1.4285714285714286,0.0
9,4456,4,False,0,2025-02-26,2,0.0,0.02,0.04,2,26,0,0,1,1.7142857142857142,0.0
9,4480,4,False,0,2025-02-26,1,0.0,0.06,0.1,2,26,0,0,1,1.5714285714285714,0.0
9,4520,4,False,0,2025-02-26,1,0.0,0.1,0.15,2,26,0,0,1,1.7142857142857142,0.0
9,4522,4,False,0,2025-02-26,1,0.0,0.02,0.04,2,26,0,0,1,1.7142857142857142,0.0
9,4550,4,False,0,2025-02-26,2,0.0,0.13,0.17,2,26,0,0,1,1.4285714285714286,0.0
9,4571,4,False,0,2025-02-26,2,0.0,0.03,0.06,2,26,0,0,1,1.4285714285714286,0.0
9,4577,4,False,0,2025-02-26,3,0.0,0.04,0.07,2,26,0,0,1,1.5714285714285714,0.0
9,4598,4,False,0,2025-02-26,3,0.0,0.07,0.08,2,26,0,0,1,1.7142857142857142,0.0
9,4621,4,False,0,2025-02-26,2,0.0,0.01,0.01,2,26,0,0,1,1.8571428571428572,0.0
9,4662,4,False,0,2025-02-26,2,0.0,0.02,0.04,2,26,0,0,1,2.0,0.0
9,4663,4,False,0,2025-02-26,2,0.0,0.04,0.07,2,26,0,0,1,2.142857142857143,0.0
9,4672,4,False,0,2025-02-26,2,0.0,0.03,0.04,2,26,0,0,1,2.2857142857142856,0.0
9,4715,4,False,0,2025-02-26,2,0.0,0.05,0.06,2,26,0,0,1,2.2857142857142856,0.0
9,4778,4,False,0,2025-02-26,1,0.0,0.04,0.07,2,26,0,0,1,2.2857142857142856,0.0
9,4785,4,False,0,2025-02-26,3,0.0,0.06,0.08,2,26,0,0,1,2.0,0.0
9,4806,4,False,0,2025-02-26,3,0.0,0.02,0.03,2,26,0,0,1,2.0,0.0
9,4808,4,False,0,2025-02-26,1,0.0,0.03,0.05,2,26,0,0,1,2.142857142857143,0.0
9,4823,4,False,0,2025-02-26,3,0.0,0.01,0.01,2,26,0,0,1,2.0,0.0
9,4842,4,False,0,2025-02-26,1,0.0,0.03,0.05,2,26,0,0,1,2.142857142857143,0.0
9,4851,4,False,0,2025-02-26,1,0.0,0.06,0.09,2,26,0,0,1,2.0,0.0
9,4855,4,False,0,2025-02-26,3,0.0,0.02,0.02,2,26,0,0,1,1.8571428571428572,0.0
9,4895,4,False,0,2025-02-26,1,0.0,0.04,0.04,2,26,0,0,1,2.142857142857143,0.0
9,4928,4,False,0,2025-02-26,3,0.0,0.03,0.05,2,26,0,0,1,1.8571428571428572,0.0
9,4955,4,False,0,2025-02-26,2,0.0,0.03,0.05,2,26,0,0,1,1.8571428571428572,0.0
9,4958,4,False,0,2025-02-26,0,0.0,0.05,0.07,2,26,0,0,1,2.0,0.0
9,4967,4,False,0,2025-02-26,2,0.0,0.05,0.08,2,26,0,0,1,1.5714285714285714,0.0
9,4978,4,False,0,2025-02-26,1,0.0,0.04,0.06,2,26,0,0,1,1.7142857142857142,0.0
9,5005,4,False,0,2025-02-26,3,0.0,0.04,0.06,2,26,0,0,1,1.7142857142857142,0.0
9,5063,4,False,0,2025-02-26,3,0.0,0.01,0.01,2,26,0,0,1,1.7142857142857142,0.0
9,5088,4,False,0,2025-02-26,3,0.0,0.01,0.02,2,26,0,0,1,2.0,0.0
9,5113,4,False,0,2025-02-26,0,0.0,0.03,0.05,2,26,0,0,1,2.0,0.0
9,5146,4,False,0,2025-02-26,2,0.0,0.03,0.05,2,26,0,0,1,1.7142857142857142,0.0
9,5154,4,False,0,2025-02-26,0,0.0,0.04,0.06,2,26,0,0,1,2.0,0.0
9,5162,4,False,0,2025-02-26,1,0.0,0.09,0.11,2,26,0,0,1,1.7142857142857142,0.0
9,5186,4,False,0,2025-02-26,4,0.0,0.02,0.04,2,26,0,0,1,1.7142857142857142,0.0
9,5191,4,False,0,2025-02-26,2,0.0,0.02,0.04,2,26,0,0,1,1.8571428571428572,0.0
9,5202,4,False,0,2025-02-26,2,0.0,0.09,0.12,2,26,0,0,1,1.7142857142857142,0.0
9,5208,4,False,0,2025-02-26,1,0.0,0.02,0.03,2,26,0,0,1,1.5714285714285714,0.0
9,5228,4,False,0,2025-02-26,1,0.0,0.01,0.02,2,26,0,0,1,1.7142857142857142,0.0
9,5229,4,False,0,2025-02-26,2,0.0,0.03,0.05,2,26,0,0,1,1.5714285714285714,0.0
9,5263,4,False,0,2025-02-26,3,0.0,0.02,0.04,2,26,0,0,1,1.8571428571428572,0.0
9,5266,4,False,0,2025-02-26,2,0.0,0.06,0.1,2,26,0,0,1,2.142857142857143,0.0
9,5286,4,False,0,2025-02-26,1,0.0,0.05,0.08,2,26,0,0,1,1.8571428571428572,0.0
9,74,5,True,0,2025-02-26,1,0.0,0.02,0.04,2,26,0,0,1,1.7142857142857142,0.0
9,213,5,True,0,2025-02-26,1,0.0,0.01,0.03,2,26,0,0,1,1.5714285714285714,0.0
9,284,5,True,0,2025-02-26,4,0.0,0.05,0.08,2,26,0,0,1,1.5714285714285714,0.0
9,567,5,True,0,2025-02-26,1,0.0,0.01,0.04,2,26,0,0,1,2.0,0.0
9,783,5,True,0,2025-02-26,7,0.0,0.03,0.06,2,26,0,0,1,1.8571428571428572,0.0
9,821,5,True,0,2025-02-26,1,0.0,0.03,0.06,2,26,0,0,1,2.4285714285714284,0.0
9,873,5,True,0,2025-02-26,3,0.0,0.03,0.05,2,26,0,0,1,2.2857142857142856,0.0
9,929,5,True,0,2025-02-26,1,0.0,0.07,0.16,2,26,0,0,1,2.5714285714285716,0.0
9,1037,5,True,0,2025-02-26,4,0.0,0.01,0.02,2,26,0,0,1,2.5714285714285716,0.0
9,1163,5,True,0,2025-02-26,6,0.0,0.08,0.15,2,26,0,0,1,3.0,0.0
9,1247,5,True,0,2025-02-26,7,0.0,0.04,0.05,2,26,0,0,1,3.2857142857142856,0.0
9,1333,5,True,0,2025-02-26,2,0.0,0.02,0.03,2,26,0,0,1,4.142857142857143,0.0
9,1339,5,True,0,2025-02-26,1,0.0,0.02,0.04,2,26,0,0,1,3.4285714285714284,0.0
9,1427,5,True,0,2025-02-26,0,0.0,0.01,0.04,2,26,0,0,1,3.4285714285714284,0.0
9,1746,5,True,0,2025-02-26,1,0.0,0.02,0.07,2,26,0,0,1,3.0,0.0
9,1882,5,True,0,2025-02-26,5,0.0,0.17,0.49,2,26,0,0,1,3.0,0.0
9,2066,5,True,0,2025-02-26,1,0.0,0.1,0.15,2,26,0,0,1,3.142857142857143,0.0
9,2104,5,True,0,2025-02-26,2,0.0,0.03,0.04,2,26,0,0,1,2.4285714285714284,0.0
9,2120,5,True,0,2025-02-26,1,0.0,0.03,0.06,2,26,0,0,1,1.7142857142857142,0.0
9,2132,5,True,0,2025-02-26,3,0.0,0.01,0.04,2,26,0,0,1,1.5714285714285714,0.0
9,2141,5,True,0,2025-02-26,1,0.0,0.01,0.03,2,26,0,0,1,1.8571428571428572,0.0
9,2219,5,True,0,2025-02-26,4,0.0,0.11,0.24,2,26,0,0,1,2.0,0.0
9,2224,5,True,0,2025-02-26,2,0.0,0.03,0.08,2,26,0,0,1,2.4285714285714284,0.0
9,2325,5,True,0,2025-02-26,4,0.0,0.03,0.06,2,26,0,0,1,2.0,0.0
9,2418,5,True,0,2025-02-26,0,0.0,0.03,0.07,2,26,0,0,1,2.4285714285714284,0.0
9,2880,5,True,0,2025-02-26,1,0.0,0.02,0.03,2,26,0,0,1,2.142857142857143,0.0
9,3085,5,True,0,2025-02-26,3,0.0,0.02,0.04,2,26,0,0,1,2.142857142857143,0.0
9,3087,5,True,0,2025-02-26,2,0.0,0.04,0.09,2,26,0,0,1,2.142857142857143,0.0
9,3164,5,True,0,2025-02-26,3,0.0,0.05,0.1,2,26,0,0,1,2.2857142857142856,0.0
9,3218,5,True,0,2025-02-26,3,0.0,0.02,0.07,2,26,0,0,1,2.142857142857143,0.0
9,3229,5,True,0,2025-02-26,0,1.0,0.04,0.1,2,26,0,0,1,2.2857142857142856,0.0
9,3292,5,True,0,2025-02-26,5,0.0,0.03,0.05,2,26,0,0,1,1.7142857142857142,0.0
9,3330,5,True,0,2025-02-26,0,0.0,0.06,0.11,2,26,0,0,1,2.4285714285714284,0.0
9,3424,5,True,0,2025-02-26,1,0.0,0.01,0.02,2,26,0,0,1,2.2857142857142856,0.0
9,3439,5,True,0,2025-02-26,2,0.0,0.02,0.04,2,26,0,0,1,2.0,0.0
9,3463,5,True,0,2025-02-26,3,0.0,0.03,0.05,2,26,0,0,1,2.0,0.0
9,3558,5,True,0,2025-02-26,8,0.0,0.03,0.06,2,26,0,0,1,2.0,0.0
9,3624,5,True,0,2025-02-26,1,0.0,0.06,0.13,2,26,0,0,1,2.7142857142857144,0.0
9,3807,5,True,0,2025-02-26,1,0.0,0.08,0.1,2,26,0,0,1,2.857142857142857,0.0
9,3984,5,True,0,2025-02-26,1,0.0,0.02,0.04,2,26,0,0,1,2.2857142857142856,0.0
9,3996,5,True,0,2025-02-26,5,1.0,0.03,0.07,2,26,0,0,1,2.4285714285714284,0.0
9,4036,5,True,0,2025-02-26,1,0.0,0.01,0.02,2,26,0,0,1,3.0,0.0
9,4081,5,True,0,2025-02-26,2,0.0,0.03,0.07,2,26,0,0,1,2.857142857142857,0.0
9,4175,5,True,0,2025-02-26,7,0.0,0.03,0.06,2,26,0,0,1,2.7142857142857144,0.0
9,4544,5,True,0,2025-02-26,5,0.0,0.04,0.09,2,26,0,0,1,2.5714285714285716,0.0
9,4565,5,True,0,2025-02-26,3,0.0,0.01,0.04,2,26,0,0,1,3.142857142857143,0.0
9,4749,5,True,0,2025-02-26,3,0.0,0.01,0.02,2,26,0,0,1,3.4285714285714284,0.0
9,4789,5,True,0,2025-02-26,1,1.0,0.02,0.05,2,26,0,0,1,3.7142857142857144,0.0
9,4939,5,True,0,2025-02-26,3,0.0,0.02,0.06,2,26,0,0,1,3.142857142857143,0.0
9,4942,5,True,0,2025-02-26,1,0.0,0.07,0.11,2,26,0,0,1,3.4285714285714284,0.0
9,5006,5,True,0,2025-02-26,1,0.0,0.03,0.04,2,26,0,0,1,3.2857142857142856,0.0
9,5049,5,True,0,2025-02-26,1,0.0,0.02,0.05,2,26,0,0,1,2.4285714285714284,0.0
9,5098,5,True,0,2025-02-26,1,0.0,0.02,0.05,2,26,0,0,1,1.8571428571428572,0.0
9,5217,5,True,0,2025-02-26,2,0.0,0.02,0.04,2,26,0,0,1,1.5714285714285714,0.0
9,173,6,False,0,2025-02-26,1,0.0,0.09,0.14,2,26,0,0,1,1.4285714285714286,0.0
9,337,6,False,0,2025-02-26,1,0.0,0.12,0.04,2,26,0,0,1,1.4285714285714286,0.0
9,366,6,False,0,2025-02-26,0,0.0,0.08,0.1,2,26,0,0,1,1.1428571428571428,0.0
9,386,6,False,0,2025-02-26,0,0.0,0.17,0.24,2,26,0,0,1,1.0,0.0
9,449,6,False,0,2025-02-26,1,0.0,0.28,0.44,2,26,0,0,1,0.8571428571428571,0.0
9,594,6,False,0,2025-02-26,3,0.0,0.19,0.2,2,26,0,0,1,0.8571428571428571,0.0
9,820,6,False,0,2025-02-26,1,0.0,0.16,0.2,2,26,0,0,1,1.1428571428571428,0.0
9,988,6,False,0,2025-02-26,1,0.0,0.16,0.24,2,26,0,0,1,1.0,0.0
9,1031,6,False,0,2025-02-26,0,0.0,0.1,0.12,2,26,0,0,1,1.0,0.0
9,1124,6,False,0,2025-02-26,2,0.0,0.12,0.22,2,26,0,0,1,0.8571428571428571,0.0
9,1276,6,False,0,2025-02-26,1,0.0,0.13,0.17,2,26,0,0,1,1.1428571428571428,0.0
9,1340,6,False,0,2025-02-26,2,0.0,0.17,0.23,2,26,0,0,1,1.2857142857142858,0.0
9,1429,6,False,0,2025-02-26,1,0.0,0.08,0.11,2,26,0,0,1,1.4285714285714286,0.0
9,1534,6,False,0,2025-02-26,4,0.0,0.15,0.21,2,26,0,0,1,1.1428571428571428,0.0
9,1544,6,False,0,2025-02-26,2,0.0,0.08,0.1,2,26,0,0,1,1.5714285714285714,0.0
9,1611,6,False,0,2025-02-26,0,1.0,0.11,0.13,2,26,0,0,1,1.7142857142857142,0.0
9,1650,6,False,0,2025-02-26,1,0.0,0.24,0.28,2,26,0,0,1,1.7142857142857142,0.0
9,1702,6,False,0,2025-02-26,1,0.0,0.31,0.36,2,26,0,0,1,1.5714285714285714,0.0
9,1767,6,False,0,2025-02-26,1,0.0,0.12,0.17,2,26,0,0,1,1.5714285714285714,0.0
9,1807,6,False,0,2025-02-26,1,0.0,0.12,0.17,2,26,0,0,1,1.4285714285714286,0.0
9,1811,6,False,0,2025-02-26,0,0.0,0.04,0.06,2,26,0,0,1,1.4285714285714286,0.0
9,1828,6,False,0,2025-02-26,1,0.0,0.26,0.31,2,26,0,0,1,0.8571428571428571,0.0
9,1868,6,False,0,2025-02-26,1,0.0,0.12,0.13,2,26,0,0,1,0.7142857142857143,0.0
9,1901,6,False,0,2025-02-26,0,1.0,0.16,0.2,2,26,0,0,1,0.8571428571428571,0.0
9,2712,6,False,0,2025-02-26,1,0.0,0.12,0.13,2,26,0,0,1,0.7142857142857143,0.0
9,2912,6,False,0,2025-02-26,0,0.0,0.12,0.18,2,26,0,0,1,0.7142857142857143,0.0
9,3088,6,False,0,2025-02-26,2,0.0,0.06,0.08,2,26,0,0,1,0.5714285714285714,0.0
9,3187,6,False,0,2025-02-26,0,0.0,0.26,0.28,2,26,0,0,1,0.7142857142857143,0.0
9,3202,6,False,0,2025-02-26,0,0.0,0.14,0.21,2,26,0,0,1,0.7142857142857143,0.0
9,3604,6,False,0,2025-02-26,1,0.0,0.32,0.35,2,26,0,0,1,0.5714285714285714,0.0
9,3648,6,False,0,2025-02-26,1,0.0,0.2,0.24,2,26,0,0,1,0.5714285714285714,0.0
9,3687,6,False,0,2025-02-26,2,0.0,0.14,0.22,2,26,0,0,1,0.7142857142857143,0.0
9,3842,6,False,0,2025-02-26,2,0.0,0.39,0.49,2,26,0,0,1,0.8571428571428571,0.0
9,3902,6,False,0,2025-02-26,1,0.0,0.17,0.24,2,26,0,0,1,1.1428571428571428,0.0
9,3912,6,False,0,2025-02-26,1,0.0,0.06,0.07,2,26,0,0,1,1.0,0.0
9,4177,6,False,0,2025-02-26,0,0.0,0.06,0.08,2,26,0,0,1,1.1428571428571428,0.0
9,4234,6,False,0,2025-02-26,2,0.0,0.12,0.16,2,26,0,0,1,1.1428571428571428,0.0
9,4288,6,False,0,2025-02-26,1,0.0,0.13,0.18,2,26,0,0,1,1.2857142857142858,0.0
9,4376,6,False,0,2025-02-26,1,0.0,0.08,0.11,2,26,0,0,1,1.2857142857142858,0.0
9,4386,6,False,0,2025-02-26,1,0.0,0.09,0.14,2,26,0,0,1,1.1428571428571428,0.0
9,4468,6,False,0,2025-02-26,1,0.0,0.34,0.44,2,26,0,0,1,1.0,0.0
9,4892,6,False,0,2025-02-26,0,0.0,0.2,0.23,2,26,0,0,1,1.0,0.0
9,4899,6,False,0,2025-02-26,3,0.0,0.06,0.1,2,26,0,0,1,0.8571428571428571,0.0
9,4917,6,False,0,2025-02-26,8,0.0,0.15,0.22,2,26,0,0,1,1.2857142857142858,0.0
9,5150,6,False,0,2025-02-26,6,0.0,0.18,0.21,2,26,0,0,1,2.142857142857143,0.0
9,5253,6,False,0,2025-02-26,1,0.0,0.23,0.34,2,26,0,0,1,2.857142857142857,0.0
9,188,7,False,0,2025-02-26,1,0.0,0.03,0.04,2,26,0,0,1,2.857142857142857,0.0
9,348,7,False,0,2025-02-26,3,0.0,0.02,0.03,2,26,0,0,1,2.857142857142857,0.0
9,392,7,False,0,2025-02-26,1,0.0,0.01,0.01,2,26,0,0,1,3.142857142857143,0.0
9,503,7,False,0,2025-02-26,9,0.0,0.01,0.01,2,26,0,0,1,3.2857142857142856,0.0
9,680,7,False,0,2025-02-26,20,0.0,0.01,0.01,2,26,0,0,1,4.142857142857143,0.0
9,743,7,False,0,2025-02-26,4,0.0,0.02,0.04,2,26,0,0,1,5.857142857142857,0.0
9,840,7,False,0,2025-02-26,4,0.0,0.02,0.03,2,26,0,0,1,5.571428571428571,0.0
9,966,7,False,0,2025-02-26,2,0.0,0.03,0.04,2,26,0,0,1,6.0,0.0
9,1084,7,False,0,2025-02-26,1,0.0,0.01,0.01,2,26,0,0,1,6.142857142857143,0.0
9,1108,7,False,0,2025-02-26,1,0.0,0.05,0.09,2,26,0,0,1,5.857142857142857,0.0
9,1128,7,False,0,2025-02-26,0,0.0,0.02,0.02,2,26,0,0,1,5.857142857142857,0.0
9,1253,7,False,0,2025-02-26,1,0.0,0.01,0.02,2,26,0,0,1,4.571428571428571,0.0
9,1445,7,False,0,2025-02-26,4,0.0,0.04,0.05,2,26,0,0,1,1.8571428571428572,0.0
9,1488,7,False,0,2025-02-26,3,0.0,0.01,0.01,2,26,0,0,1,1.8571428571428572,0.0
9,1556,7,False,0,2025-02-26,3,1.0,0.02,0.03,2,26,0,0,1,1.7142857142857142,0.0
9,1591,7,False,0,2025-02-26,2,0.0,0.05,0.09,2,26,0,0,1,1.8571428571428572,0.0
9,1677,7,False,0,2025-02-26,1,0.0,0.02,0.04,2,26,0,0,1,2.0,0.0
9,1697,7,False,0,2025-02-26,0,0.0,0.05,0.09,2,26,0,0,1,2.0,0.0
9,1895,7,False,0,2025-02-26,1,0.0,0.02,0.02,2,26,0,0,1,2.0,0.0
9,1905,7,False,0,2025-02-26,3,0.0,0.02,0.02,2,26,0,0,1,2.0,0.0
9,1981,7,False,0,2025-02-26,1,0.0,0.01,0.01,2,26,0,0,1,1.8571428571428572,0.0
9,2105,7,False,0,2025-02-26,1,0.0,0.02,0.03,2,26,0,0,1,1.5714285714285714,0.0
9,2182,7,False,0,2025-02-26,1,0.0,0.2,0.26,2,26,0,0,1,1.2857142857142858,0.0
9,2202,7,False,0,2025-02-26,4,0.0,0.11,0.14,2,26,0,0,1,1.1428571428571428,0.0
9,2232,7,False,0,2025-02-26,2,0.0,0.04,0.08,2,26,0,0,1,1.5714285714285714,0.0
9,2340,7,False,0,2025-02-26,2,1.0,0.02,0.02,2,26,0,0,1,1.8571428571428572,0.0
9,2380,7,False,0,2025-02-26,1,0.0,0.03,0.05,2,26,0,0,1,2.0,0.0
9,2439,7,False,0,2025-02-26,1,0.0,0.03,0.04,2,26,0,0,1,1.7142857142857142,0.0
9,2645,7,False,0,2025-02-26,5,0.0,0.03,0.04,2,26,0,0,1,1.7142857142857142,0.0
9,2792,7,False,0,2025-02-26,3,0.0,0.02,0.04,2,26,0,0,1,2.2857142857142856,0.0
9,2989,7,False,0,2025-02-26,0,0.0,0.0,0.0,2,26,0,0,1,2.5714285714285716,0.0
9,3025,7,False,0,2025-02-26,6,0.0,0.01,0.01,2,26,0,0,1,2.0,0.0
9,3078,7,False,0,2025-02-26,3,0.0,0.07,0.09,2,26,0,0,1,2.5714285714285716,0.0
9,3111,7,False,0,2025-02-26,1,0.0,0.03,0.04,2,26,0,0,1,2.7142857142857144,0.0
9,3125,7,False,0,2025-02-26,1,0.0,0.02,0.03,2,26,0,0,1,2.7142857142857144,0.0
9,4069,7,False,0,2025-02-26,1,0.0,0.02,0.02,2,26,0,0,1,2.7142857142857144,0.0
9,4233,7,False,0,2025-02-26,3,0.0,0.06,0.1,2,26,0,0,1,2.142857142857143,0.0
9,4424,7,False,0,2025-02-26,2,0.0,0.02,0.05,2,26,0,0,1,2.142857142857143,0.0
9,4454,7,False,0,2025-02-26,1,0.0,0.01,0.02,2,26,0,0,1,2.4285714285714284,0.0
9,4484,7,False,0,2025-02-26,20,0.0,0.02,0.05,2,26,0,0,1,1.7142857142857142,0.0
9,4599,7,False,0,2025-02-26,3,0.0,0.01,0.02,2,26,0,0,1,4.142857142857143,0.0
9,4624,7,False,0,2025-02-26,1,0.0,0.03,0.04,2,26,0,0,1,4.428571428571429,0.0
9,4763,7,False,0,2025-02-26,2,0.0,0.01,0.02,2,26,0,0,1,4.428571428571429,0.0
9,4788,7,False,0,2025-02-26,1,0.0,0.02,0.03,2,26,0,0,1,4.571428571428571,0.0
9,4841,7,False,0,2025-02-26,1,0.0,0.01,0.02,2,26,0,0,1,4.285714285714286,0.0
9,4910,7,False,0,2025-02-26,0,1.0,0.2,0.22,2,26,0,0,1,4.142857142857143,0.0
9,5031,7,False,0,2025-02-26,1,0.0,0.3,0.52,2,26,0,0,1,4.0,0.0
9,5141,7,False,0,2025-02-26,1,1.0,0.02,0.03,2,26,0,0,1,1.2857142857142858,0.0
9,55,8,False,0,2025-02-26,8,0.0,0.04,0.08,2,26,0,0,1,1.0,0.0
9,494,8,False,0,2025-02-26,14,0.0,0.01,0.03,2,26,0,0,1,2.0,0.0
9,566,8,False,0,2025-02-26,29,0.0,0.01,0.01,2,26,0,0,1,3.7142857142857144,0.0
9,658,8,False,0,2025-02-26,3,0.0,0.1,0.15,2,26,0,0,1,7.714285714285714,0.0
9,675,8,False,0,2025-02-26,0,0.0,0.01,0.0,2,26,0,0,1,8.0,0.0
9,790,8,False,0,2025-02-26,3,0.0,0.01,0.02,2,26,0,0,1,8.0,0.0
9,868,8,False,0,2025-02-26,1,0.0,0.14,0.2,2,26,0,0,1,8.285714285714286,0.0
9,870,8,False,0,2025-02-26,3,0.0,0.01,0.01,2,26,0,0,1,8.285714285714286,0.0
9,1004,8,False,0,2025-02-26,9,0.0,0.02,0.06,2,26,0,0,1,7.571428571428571,0.0
9,1076,8,False,0,2025-02-26,11,0.0,0.01,0.02,2,26,0,0,1,6.857142857142857,0.0
9,1116,8,False,0,2025-02-26,12,0.0,0.02,0.02,2,26,0,0,1,4.285714285714286,0.0
9,1134,8,False,0,2025-02-26,12,0.0,0.0,0.01,2,26,0,0,1,5.571428571428571,0.0
9,1285,8,False,0,2025-02-26,4,1.0,0.03,0.05,2,26,0,0,1,7.285714285714286,0.0
9,1541,8,False,0,2025-02-26,5,0.0,0.02,0.04,2,26,0,0,1,7.428571428571429,0.0
9,1748,8,False,0,2025-02-26,8,0.0,0.03,0.04,2,26,0,0,1,8.0,0.0
9,1819,8,False,0,2025-02-26,8,0.0,0.01,0.02,2,26,0,0,1,8.714285714285714,0.0
9,1923,8,False,0,2025-02-26,2,0.0,0.01,0.02,2,26,0,0,1,8.571428571428571,0.0
9,1930,8,False,0,2025-02-26,2,0.0,0.03,0.06,2,26,0,0,1,7.285714285714286,0.0
9,2029,8,False,0,2025-02-26,2,0.0,0.04,0.07,2,26,0,0,1,5.857142857142857,0.0
9,2288,8,False,0,2025-02-26,16,0.0,0.01,0.02,2,26,0,0,1,4.428571428571429,0.0
9,3028,8,False,0,2025-02-26,3,0.0,0.01,0.02,2,26,0,0,1,6.142857142857143,0.0
9,3180,8,False,0,2025-02-26,12,0.0,0.01,0.03,2,26,0,0,1,5.857142857142857,0.0
9,3450,8,False,0,2025-02-26,15,0.0,0.02,0.03,2,26,0,0,1,6.428571428571429,0.0
9,3476,8,False,0,2025-02-26,2,0.0,0.07,0.11,2,26,0,0,1,7.428571428571429,0.0
9,3574,8,False,0,2025-02-26,6,0.0,0.02,0.03,2,26,0,0,1,7.428571428571429,0.0
9,3592,8,False,0,2025-02-26,5,0.0,0.02,0.04,2,26,0,0,1,8.0,0.0
9,3750,8,False,0,2025-02-26,11,0.0,0.01,0.02,2,26,0,0,1,8.428571428571429,0.0
9,3770,8,False,0,2025-02-26,15,0.0,0.01,0.02,2,26,0,0,1,7.714285714285714,0.0
9,3963,8,False,0,2025-02-26,6,0.0,0.01,0.01,2,26,0,0,1,9.428571428571429,0.0
9,4115,8,False,0,2025-02-26,4,0.0,0.02,0.04,2,26,0,0,1,8.571428571428571,0.0
9,4538,8,False,0,2025-02-26,11,0.0,0.02,0.02,2,26,0,0,1,7.0,0.0
9,4609,8,False,0,2025-02-26,6,0.0,0.05,0.08,2,26,0,0,1,8.285714285714286,0.0
9,4666,8,False,0,2025-02-26,15,0.0,0.01,0.02,2,26,0,0,1,8.285714285714286,0.0
9,4668,8,False,0,2025-02-26,3,0.0,0.01,0.02,2,26,0,0,1,9.714285714285714,0.0
9,4676,8,False,0,2025-02-26,14,0.0,0.01,0.01,2,26,0,0,1,8.571428571428571,0.0
9,4751,8,False,0,2025-02-26,1,0.0,0.02,0.03,2,26,0,0,1,8.428571428571429,0.0
9,4807,8,False,0,2025-02-26,8,0.0,0.01,0.01,2,26,0,0,1,7.714285714285714,0.0
9,4862,8,False,0,2025-02-26,2,0.0,0.18,0.31,2,26,0,0,1,8.285714285714286,0.0
9,5001,8,False,0,2025-02-26,15,0.0,0.01,0.03,2,26,0,0,1,7.0,0.0
9,5203,8,False,0,2025-02-26,9,0.0,0.01,0.03,2,26,0,0,1,8.285714285714286,0.0
9,3,9,True,0,2025-02-26,2,0.0,0.02,0.06,2,26,0,0,1,7.428571428571429,0.0
9,29,9,True,0,2025-02-26,5,0.0,0.05,0.06,2,26,0,0,1,7.285714285714286,0.0
9,67,9,True,0,2025-02-26,2,0.0,0.01,0.04,2,26,0,0,1,6.0,0.0
9,68,9,True,0,2025-02-26,1,0.0,0.02,0.05,2,26,0,0,1,6.142857142857143,0.0
9,75,9,True,0,2025-02-26,1,0.0,0.03,0.05,2,26,0,0,1,5.142857142857143,0.0
9,162,9,True,0,2025-02-26,2,0.0,0.03,0.07,2,26,0,0,1,5.0,0.0
9,176,9,True,0,2025-02-26,7,0.0,0.02,0.06,2,26,0,0,1,3.142857142857143,0.0
9,266,9,True,0,2025-02-26,0,0.0,0.03,0.1,2,26,0,0,1,2.857142857142857,0.0
9,322,9,True,0,2025-02-26,4,0.0,0.05,0.06,2,26,0,0,1,2.5714285714285716,0.0
9,335,9,True,0,2025-02-26,3,0.0,0.02,0.06,2,26,0,0,1,2.4285714285714284,0.0
9,342,9,True,0,2025-02-26,0,1.0,0.02,0.1,2,26,0,0,1,2.5714285714285716,0.0
9,379,9,True,0,2025-02-26,1,0.0,0.06,0.08,2,26,0,0,1,2.4285714285714284,0.0
9,426,9,True,0,2025-02-26,4,0.0,0.05,0.1,2,26,0,0,1,2.4285714285714284,0.0
9,469,9,True,0,2025-02-26,2,0.0,0.02,0.03,2,26,0,0,1,2.7142857142857144,0.0
9,487,9,True,0,2025-02-26,8,0.0,0.03,0.1,2,26,0,0,1,2.0,0.0
9,500,9,True,0,2025-02-26,7,0.0,0.01,0.04,2,26,0,0,1,3.142857142857143,0.0
9,520,9,True,0,2025-02-26,1,0.0,0.04,0.1,2,26,0,0,1,3.5714285714285716,0.0
9,546,9,True,0,2025-02-26,1,0.0,0.02,0.03,2,26,0,0,1,3.2857142857142856,0.0
9,562,9,True,0,2025-02-26,3,0.0,0.03,0.04,2,26,0,0,1,3.4285714285714284,0.0
9,589,9,True,0,2025-02-26,6,0.0,0.03,0.04,2,26,0,0,1,3.7142857142857144,0.0
9,591,9,True,0,2025-02-26,2,0.0,0.04,0.1,2,26,0,0,1,4.0,0.0
9,654,9,True,0,2025-02-26,3,0.0,0.03,0.07,2,26,0,0,1,4.0,0.0
9,673,9,True,0,2025-02-26,1,1.0,0.02,0.04,2,26,0,0,1,3.2857142857142856,0.0
9,687,9,True,0,2025-02-26,0,0.0,0.04,0.08,2,26,0,0,1,2.4285714285714284,0.0
9,698,9,True,0,2025-02-26,2,0.0,0.04,0.09,2,26,0,0,1,2.2857142857142856,0.0
9,708,9,True,0,2025-02-26,1,0.0,0.04,0.08,2,26,0,0,1,2.4285714285714284,0.0
9,715,9,True,0,2025-02-26,2,1.0,0.02,0.04,2,26,0,0,1,2.142857142857143,0.0
9,738,9,True,0,2025-02-26,2,0.0,0.03,0.05,2,26,0,0,1,1.5714285714285714,0.0
9,856,9,True,0,2025-02-26,2,0.0,0.01,0.04,2,26,0,0,1,1.5714285714285714,0.0
9,884,9,True,0,2025-02-26,3,0.0,0.05,0.11,2,26,0,0,1,1.4285714285714286,0.0
9,893,9,True,0,2025-02-26,2,0.0,0.02,0.06,2,26,0,0,1,1.7142857142857142,0.0
9,908,9,True,0,2025-02-26,6,0.0,0.05,0.09,2,26,0,0,1,2.0,0.0
9,920,9,True,0,2025-02-26,1,0.0,0.04,0.05,2,26,0,0,1,2.5714285714285716,0.0
9,942,9,True,0,2025-02-26,2,0.0,0.01,0.07,2,26,0,0,1,2.5714285714285716,0.0
9,955,9,True,0,2025-02-26,2,0.0,0.06,0.13,2,26,0,0,1,2.5714285714285716,0.0
9,957,9,True,0,2025-02-26,0,0.0,0.05,0.12,2,26,0,0,1,2.5714285714285716,0.0
9,977,9,True,0,2025-02-26,2,0.0,0.1,0.17,2,26,0,0,1,2.2857142857142856,0.0
9,1016,9,True,0,2025-02-26,1,0.0,0.02,0.09,2,26,0,0,1,2.142857142857143,0.0
9,1039,9,True,0,2025-02-26,2,0.0,0.01,0.03,2,26,0,0,1,2.0,0.0
9,1050,9,True,0,2025-02-26,6,0.0,0.07,0.07,2,26,0,0,1,1.4285714285714286,0.0
9,1075,9,True,0,2025-02-26,1,1.0,0.03,0.05,2,26,0,0,1,2.142857142857143,0.0
9,1081,9,True,0,2025-02-26,9,0.0,0.02,0.19,2,26,0,0,1,2.0,0.0
9,1157,9,True,0,2025-02-26,2,0.0,0.04,0.13,2,26,0,0,1,3.0,0.0
9,1168,9,True,0,2025-02-26,4,0.0,0.09,0.17,2,26,0,0,1,3.2857142857142856,0.0
9,1241,9,True,0,2025-02-26,6,0.0,0.05,0.1,2,26,0,0,1,3.5714285714285716,0.0
9,1243,9,True,0,2025-02-26,9,0.0,0.04,0.07,2,26,0,0,1,4.285714285714286,0.0
9,1281,9,True,0,2025-02-26,4,0.0,0.02,0.03,2,26,0,0,1,5.285714285714286,0.0
9,1334,9,True,0,2025-02-26,2,0.0,0.02,0.05,2,26,0,0,1,5.0,0.0
9,1364,9,True,0,2025-02-26,1,0.0,0.03,0.13,2,26,0,0,1,5.142857142857143,0.0
9,1453,9,True,0,2025-02-26,1,0.0,0.04,0.06,2,26,0,0,1,4.0,0.0
9,1504,9,True,0,2025-02-26,5,0.0,0.1,0.17,2,26,0,0,1,3.857142857142857,0.0
9,1615,9,True,0,2025-02-26,3,0.0,0.02,0.04,2,26,0,0,1,4.0,0.0
9,1699,9,True,0,2025-02-26,7,0.0,0.04,0.09,2,26,0,0,1,3.5714285714285716,0.0
9,1701,9,True,0,2025-02-26,1,0.0,0.03,0.05,2,26,0,0,1,3.2857142857142856,0.0
9,1713,9,True,0,2025-02-26,2,0.0,0.01,0.02,2,26,0,0,1,2.857142857142857,0.0
9,1728,9,True,0,2025-02-26,1,1.0,0.02,0.07,2,26,0,0,1,2.857142857142857,0.0
9,1774,9,True,0,2025-02-26,3,0.0,0.04,0.06,2,26,0,0,1,2.857142857142857,0.0
9,1872,9,True,0,2025-02-26,2,0.0,0.03,0.05,2,26,0,0,1,3.142857142857143,0.0
9,1885,9,True,0,2025-02-26,0,0.0,0.01,0.01,2,26,0,0,1,2.7142857142857144,0.0
9,1890,9,True,0,2025-02-26,1,0.0,0.02,0.06,2,26,0,0,1,2.2857142857142856,0.0
9,2007,9,True,0,2025-02-26,3,0.0,0.02,0.07,2,26,0,0,1,1.4285714285714286,0.0
9,2009,9,True,0,2025-02-26,2,0.0,0.01,0.04,2,26,0,0,1,1.7142857142857142,0.0
9,2067,9,True,0,2025-02-26,5,0.0,0.04,0.09,2,26,0,0,1,1.7142857142857142,0.0
9,2068,9,True,0,2025-02-26,1,0.0,0.02,0.05,2,26,0,0,1,2.2857142857142856,0.0
9,2073,9,True,0,2025-02-26,4,0.0,0.01,0.02,2,26,0,0,1,2.0,0.0
9,2076,9,True,0,2025-02-26,7,0.0,0.04,0.07,2,26,0,0,1,2.2857142857142856,0.0
9,2121,9,True,0,2025-02-26,1,0.0,0.02,0.03,2,26,0,0,1,3.2857142857142856,0.0
9,2138,9,True,0,2025-02-26,2,0.0,0.05,0.06,2,26,0,0,1,3.2857142857142856,0.0
9,2184,9,True,0,2025-02-26,3,0.0,0.02,0.07,2,26,0,0,1,3.142857142857143,0.0
9,2220,9,True,0,2025-02-26,0,1.0,0.01,0.04,2,26,0,0,1,3.2857142857142856,0.0
9,2225,9,True,0,2025-02-26,2,0.0,0.03,0.1,2,26,0,0,1,2.5714285714285716,0.0
9,2299,9,True,0,2025-02-26,0,0.0,0.02,0.05,2,26,0,0,1,2.7142857142857144,0.0
9,2353,9,True,0,2025-02-26,2,0.0,0.01,0.01,2,26,0,0,1,2.142857142857143,0.0
9,2356,9,True,0,2025-02-26,1,0.0,0.01,0.01,2,26,0,0,1,1.4285714285714286,0.0
9,2388,9,True,0,2025-02-26,3,0.0,0.03,0.14,2,26,0,0,1,1.4285714285714286,0.0
9,2409,9,True,0,2025-02-26,5,0.0,0.05,0.09,2,26,0,0,1,1.5714285714285714,0.0
9,2427,9,True,0,2025-02-26,2,0.0,0.01,0.03,2,26,0,0,1,1.8571428571428572,0.0
9,2449,9,True,0,2025-02-26,1,0.0,0.05,0.08,2,26,0,0,1,2.142857142857143,0.0
9,2493,9,True,0,2025-02-26,2,0.0,0.02,0.02,2,26,0,0,1,2.0,0.0
9,2540,9,True,0,2025-02-26,5,0.0,0.05,0.17,2,26,0,0,1,2.2857142857142856,0.0
9,2552,9,True,0,2025-02-26,2,0.0,0.04,0.11,2,26,0,0,1,2.7142857142857144,0.0
9,2597,9,True,0,2025-02-26,1,0.0,0.01,0.03,2,26,0,0,1,2.857142857142857,0.0
9,2608,9,True,0,2025-02-26,3,0.0,0.04,0.1,2,26,0,0,1,2.5714285714285716,0.0
9,2629,9,True,0,2025-02-26,1,0.0,0.02,0.09,2,26,0,0,1,2.2857142857142856,0.0
9,2633,9,True,0,2025-02-26,3,0.0,0.01,0.01,2,26,0,0,1,2.142857142857143,0.0
9,2684,9,True,0,2025-02-26,2,0.0,0.04,0.05,2,26,0,0,1,2.4285714285714284,0.0
9,2694,9,True,0,2025-02-26,3,0.0,0.04,0.11,2,26,0,0,1,2.4285714285714284,0.0
9,2724,9,True,0,2025-02-26,1,0.0,0.01,0.04,2,26,0,0,1,2.142857142857143,0.0
9,2791,9,True,0,2025-02-26,2,0.0,0.1,0.18,2,26,0,0,1,2.0,0.0
9,2796,9,True,0,2025-02-26,1,0.0,0.03,0.06,2,26,0,0,1,2.142857142857143,0.0
9,2828,9,True,0,2025-02-26,2,0.0,0.02,0.03,2,26,0,0,1,1.8571428571428572,0.0
9,2868,9,True,0,2025-02-26,5,0.0,0.03,0.04,2,26,0,0,1,2.0,0.0
9,2869,9,True,0,2025-02-26,1,0.0,0.05,0.09,2,26,0,0,1,2.2857142857142856,0.0
9,2877,9,True,0,2025-02-26,2,0.0,0.1,0.05,2,26,0,0,1,2.142857142857143,0.0
9,2895,9,True,0,2025-02-26,2,0.0,0.06,0.07,2,26,0,0,1,2.0,0.0
9,2896,9,True,0,2025-02-26,5,0.0,0.04,0.09,2,26,0,0,1,2.142857142857143,0.0
9,2921,9,True,0,2025-02-26,2,1.0,0.07,0.15,2,26,0,0,1,2.5714285714285716,0.0
9,2937,9,True,0,2025-02-26,0,4.0,0.03,0.07,2,26,0,0,1,2.7142857142857144,0.0
9,2945,9,True,0,2025-02-26,1,0.0,0.06,0.07,2,26,0,0,1,2.4285714285714284,0.0
9,2967,9,True,0,2025-02-26,4,0.0,0.13,0.19,2,26,0,0,1,1.8571428571428572,0.0
9,2986,9,True,0,2025-02-26,5,0.0,0.03,0.04,2,26,0,0,1,2.2857142857142856,0.0
9,2998,9,True,0,2025-02-26,3,0.0,0.01,0.05,2,26,0,0,1,2.7142857142857144,0.0
9,3036,9,True,0,2025-02-26,2,0.0,0.03,0.06,2,26,0,0,1,2.857142857142857,0.0
9,3059,9,True,0,2025-02-26,3,0.0,0.06,0.13,2,26,0,0,1,2.4285714285714284,0.0
9,3160,9,True,0,2025-02-26,1,0.0,0.01,0.02,2,26,0,0,1,2.5714285714285716,0.0
9,3191,9,True,0,2025-02-26,2,0.0,0.06,0.1,2,26,0,0,1,2.7142857142857144,0.0
9,3291,9,True,0,2025-02-26,6,0.0,0.05,0.1,2,26,0,0,1,2.857142857142857,0.0
9,3332,9,True,0,2025-02-26,1,0.0,0.02,0.07,2,26,0,0,1,3.142857142857143,0.0
9,3367,9,True,0,2025-02-26,2,0.0,0.06,0.07,2,26,0,0,1,2.5714285714285716,0.0
9,3405,9,True,0,2025-02-26,4,0.0,0.01,0.05,2,26,0,0,1,2.4285714285714284,0.0
9,3412,9,True,0,2025-02-26,5,0.0,0.01,0.02,2,26,0,0,1,2.7142857142857144,0.0
9,3477,9,True,0,2025-02-26,2,0.0,0.03,0.06,2,26,0,0,1,3.0,0.0
9,3491,9,True,0,2025-02-26,1,0.0,0.03,0.08,2,26,0,0,1,3.142857142857143,0.0
9,3503,9,True,0,2025-02-26,2,0.0,0.01,0.04,2,26,0,0,1,3.0,0.0
9,3505,9,True,0,2025-02-26,0,0.0,0.04,0.06,2,26,0,0,1,2.4285714285714284,0.0
9,3531,9,True,0,2025-02-26,3,0.0,0.02,0.06,2,26,0,0,1,2.2857142857142856,0.0
9,3584,9,True,0,2025-02-26,6,0.0,0.02,0.04,2,26,0,0,1,2.4285714285714284,0.0
9,3699,9,True,0,2025-02-26,5,0.0,0.01,0.02,2,26,0,0,1,2.7142857142857144,0.0
9,3702,9,True,0,2025-02-26,0,0.0,0.02,0.03,2,26,0,0,1,2.7142857142857144,0.0
9,3794,9,True,0,2025-02-26,1,0.0,0.03,0.07,2,26,0,0,1,2.4285714285714284,0.0
9,3836,9,True,0,2025-02-26,1,0.0,0.05,0.08,2,26,0,0,1,2.4285714285714284,0.0
9,3872,9,True,0,2025-02-26,2,0.0,0.04,0.07,2,26,0,0,1,2.2857142857142856,0.0
9,3884,9,True,0,2025-02-26,4,0.0,0.01,0.03,2,26,0,0,1,2.5714285714285716,0.0
9,3962,9,True,0,2025-02-26,7,0.0,0.05,0.14,2,26,0,0,1,2.7142857142857144,0.0
9,3998,9,True,0,2025-02-26,1,0.0,0.04,0.06,2,26,0,0,1,2.857142857142857,0.0
9,4008,9,True,0,2025-02-26,2,0.0,0.04,0.09,2,26,0,0,1,2.2857142857142856,0.0
9,4056,9,True,0,2025-02-26,1,0.0,0.02,0.04,2,26,0,0,1,2.5714285714285716,0.0
9,4075,9,True,0,2025-02-26,1,0.0,0.06,0.15,2,26,0,0,1,2.5714285714285716,0.0
9,4083,9,True,0,2025-02-26,3,0.0,0.09,0.12,2,26,0,0,1,2.5714285714285716,0.0
9,4232,9,True,0,2025-02-26,5,0.0,0.13,0.21,2,26,0,0,1,2.7142857142857144,0.0
9,4259,9,True,0,2025-02-26,4,0.0,0.26,0.42,2,26,0,0,1,2.857142857142857,0.0
9,4262,9,True,0,2025-02-26,2,0.0,0.02,0.07,2,26,0,0,1,2.4285714285714284,0.0
9,4279,9,True,0,2025-02-26,3,0.0,0.05,0.1,2,26,0,0,1,2.5714285714285716,0.0
9,4296,9,True,0,2025-02-26,4,0.0,0.04,0.07,2,26,0,0,1,2.7142857142857144,0.0
9,4332,9,True,0,2025-02-26,1,0.0,0.04,0.12,2,26,0,0,1,3.142857142857143,0.0
9,4353,9,True,0,2025-02-26,3,0.0,0.01,0.06,2,26,0,0,1,3.142857142857143,0.0
9,4363,9,True,0,2025-02-26,5,0.0,0.05,0.09,2,26,0,0,1,3.142857142857143,0.0
9,4393,9,True,0,2025-02-26,0,0.0,0.11,0.17,2,26,0,0,1,3.142857142857143,0.0
9,4406,9,True,0,2025-02-26,2,0.0,0.02,0.07,2,26,0,0,1,2.5714285714285716,0.0
9,4459,9,True,0,2025-02-26,2,0.0,0.02,0.03,2,26,0,0,1,2.5714285714285716,0.0
9,4477,9,True,0,2025-02-26,0,0.0,0.03,0.05,2,26,0,0,1,2.4285714285714284,0.0
9,4532,9,True,0,2025-02-26,1,0.0,0.02,0.04,2,26,0,0,1,1.8571428571428572,0.0
9,4574,9,True,0,2025-02-26,2,0.0,0.01,0.06,2,26,0,0,1,1.8571428571428572,0.0
9,4623,9,True,0,2025-02-26,4,0.0,0.03,0.07,2,26,0,0,1,1.7142857142857142,0.0
9,4677,9,True,0,2025-02-26,3,0.0,0.12,0.16,2,26,0,0,1,1.5714285714285714,0.0
9,4695,9,True,0,2025-02-26,1,3.0,0.04,0.07,2,26,0,0,1,2.0,0.0
9,4709,9,True,0,2025-02-26,2,0.0,0.08,0.12,2,26,0,0,1,1.8571428571428572,0.0
9,4728,9,True,0,2025-02-26,3,0.0,0.02,0.04,2,26,0,0,1,1.8571428571428572,0.0
9,4737,9,True,0,2025-02-26,2,0.0,0.01,0.03,2,26,0,0,1,2.2857142857142856,0.0
9,4775,9,True,0,2025-02-26,2,0.0,0.04,0.06,2,26,0,0,1,2.4285714285714284,0.0
9,4784,9,True,0,2025-02-26,6,0.0,0.01,0.03,2,26,0,0,1,2.4285714285714284,0.0
9,4858,9,True,0,2025-02-26,2,0.0,0.15,0.21,2,26,0,0,1,2.7142857142857144,0.0
9,4863,9,True,0,2025-02-26,2,0.0,0.02,0.05,2,26,0,0,1,2.5714285714285716,0.0
9,4927,9,True,0,2025-02-26,5,0.0,0.06,0.14,2,26,0,0,1,2.7142857142857144,0.0
9,4974,9,True,0,2025-02-26,2,0.0,0.02,0.06,2,26,0,0,1,3.142857142857143,0.0
9,5011,9,True,0,2025-02-26,4,0.0,0.06,0.1,2,26,0,0,1,3.0,0.0
9,5012,9,True,0,2025-02-26,1,0.0,0.01,0.03,2,26,0,0,1,3.2857142857142856,0.0
9,5070,9,True,0,2025-02-26,5,0.0,0.05,0.12,2,26,0,0,1,3.142857142857143,0.0
9,5226,9,True,0,2025-02-26,4,0.0,0.05,0.07,2,26,0,0,1,3.0,0.0
9,5242,9,True,0,2025-02-26,1,0.0,0.04,0.17,2,26,0,0,1,3.2857142857142856,0.0
9,15,10,False,0,2025-02-26,10,0.0,0.03,0.12,2,26,0,0,1,3.142857142857143,0.0
9,149,10,False,0,2025-02-26,14,0.0,0.02,0.07,2,26,0,0,1,3.857142857142857,0.0
9,2636,10,False,0,2025-02-26,7,1.0,0.09,0.24,2,26,0,0,1,5.571428571428571,0.0
9,3122,10,False,0,2025-02-26,8,0.0,0.01,0.03,2,26,0,0,1,6.0,0.0
9,3904,10,False,0,2025-02-26,0,0.0,0.03,0.04,2,26,0,0,1,7.0,0.0
9,4959,10,False,0,2025-02-26,24,0.0,0.01,0.02,2,26,0,0,1,6.285714285714286,0.0
9,518,11,False,0,2025-02-26,3,0.0,0.16,0.15,2,26,0,0,1,9.142857142857142,0.0
9,669,11,False,0,2025-02-26,3,0.0,0.07,0.09,2,26,0,0,1,9.428571428571429,0.0
9,926,11,False,0,2025-02-26,3,0.0,0.14,0.16,2,26,0,0,1,8.428571428571429,0.0
9,934,11,False,0,2025-02-26,0,0.0,0.18,0.2,2,26,0,0,1,6.857142857142857,0.0
9,1341,11,False,0,2025-02-26,1,0.0,0.16,0.18,2,26,0,0,1,5.857142857142857,0.0
9,1710,11,False,0,2025-02-26,4,0.0,0.12,0.14,2,26,0,0,1,4.857142857142857,0.0
9,1735,11,False,0,2025-02-26,3,0.0,0.1,0.14,2,26,0,0,1,5.428571428571429,0.0
9,1879,11,False,0,2025-02-26,4,0.0,0.1,0.13,2,26,0,0,1,2.4285714285714284,0.0
9,3084,11,False,0,2025-02-26,3,0.0,0.12,0.14,2,26,0,0,1,2.5714285714285716,0.0
9,3602,11,False,0,2025-02-26,3,0.0,0.12,0.14,2,26,0,0,1,2.5714285714285716,0.0
9,3829,11,False,0,2025-02-26,6,0.0,0.1,0.15,2,26,0,0,1,2.5714285714285716,0.0
9,3961,11,False,0,2025-02-26,3,0.0,0.09,0.11,2,26,0,0,1,3.4285714285714284,0.0
9,4171,11,False,0,2025-02-26,3,0.0,0.14,0.21,2,26,0,0,1,3.7142857142857144,0.0
9,4322,11,False,0,2025-02-26,2,0.0,0.1,0.12,2,26,0,0,1,3.5714285714285716,0.0
9,4441,11,False,0,2025-02-26,2,0.0,0.12,0.15,2,26,0,0,1,3.4285714285714284,0.0
9,4930,11,False,0,2025-02-26,2,0.0,0.09,0.12,2,26,0,0,1,3.142857142857143,0.0
9,27,1,False,0,2025-02-24,2,0.0,0.07,0.07,0,24,0,0,0,3.0,0.0
9,982,1,False,0,2025-02-24,2,0.0,0.2,0.24,0,24,0,0,0,2.857142857142857,0.0
9,1030,1,False,0,2025-02-24,4,0.0,0.29,0.16,0,24,0,0,0,2.2857142857142856,0.0
9,1304,1,False,0,2025-02-24,1,0.0,0.04,0.07,0,24,0,0,0,2.4285714285714284,0.0
9,1590,1,False,0,2025-02-24,2,0.0,0.06,0.09,0,24,0,0,0,2.142857142857143,0.0
9,1752,1,False,0,2025-02-24,2,0.0,0.16,0.19,0,24,0,0,0,2.142857142857143,0.0
9,1840,1,False,0,2025-02-24,2,0.0,0.13,0.16,0,24,0,0,0,2.142857142857143,0.0
9,1853,1,False,0,2025-02-24,0,0.0,0.18,0.21,0,24,0,0,0,2.142857142857143,0.0
9,1874,1,False,0,2025-02-24,3,0.0,0.03,0.04,0,24,0,0,0,1.8571428571428572,0.0
9,2850,1,False,0,2025-02-24,0,0.0,0.18,0.16,0,24,0,0,0,2.0,0.0
9,3058,1,False,0,2025-02-24,4,0.0,0.16,0.2,0,24,0,0,0,1.4285714285714286,0.0
9,3120,1,False,0,2025-02-24,10,0.0,0.16,0.15,0,24,0,0,0,1.8571428571428572,0.0
9,3621,1,False,0,2025-02-24,2,0.0,0.03,0.04,0,24,0,0,0,3.0,0.0
9,3625,1,False,0,2025-02-24,8,0.0,0.16,0.18,0,24,0,0,0,3.0,0.0
9,4088,1,False,0,2025-02-24,2,0.0,0.33,0.43,0,24,0,0,0,3.857142857142857,0.0
9,4089,1,False,0,2025-02-24,2,0.0,0.16,0.18,0,24,0,0,0,4.142857142857143,0.0
9,4206,1,False,0,2025-02-24,4,0.0,0.5,0.62,0,24,0,0,0,4.0,0.0
9,4693,1,False,0,2025-02-24,3,0.0,0.09,0.1,0,24,0,0,0,4.571428571428571,0.0
9,5035,1,False,0,2025-02-24,2,0.0,0.13,0.13,0,24,0,0,0,4.428571428571429,0.0
9,9,3,True,0,2025-02-24,3,0.0,0.11,0.16,0,24,0,0,0,3.2857142857142856,0.0
9,42,3,True,0,2025-02-24,1,0.0,0.05,0.06,0,24,0,0,0,3.4285714285714284,0.0
9,54,3,True,0,2025-02-24,1,0.0,0.18,0.22,0,24,0,0,0,2.4285714285714284,0.0
9,63,3,True,0,2025-02-24,1,0.0,0.14,0.18,0,24,0,0,0,2.2857142857142856,0.0
9,71,3,True,0,2025-02-24,1,0.0,0.03,0.03,0,24,0,0,0,2.142857142857143,0.0
9,73,3,True,0,2025-02-24,1,0.0,0.15,0.16,0,24,0,0,0,1.7142857142857142,0.0
9,118,3,True,0,2025-02-24,1,0.0,0.05,0.08,0,24,0,0,0,1.4285714285714286,0.0
9,151,3,True,0,2025-02-24,1,0.0,0.21,0.24,0,24,0,0,0,1.2857142857142858,0.0
9,154,3,True,0,2025-02-24,2,0.0,0.18,0.21,0,24,0,0,0,1.0,0.0
9,156,3,True,0,2025-02-24,0,0.0,0.04,0.05,0,24,0,0,0,1.1428571428571428,0.0
9,224,3,True,0,2025-02-24,1,0.0,0.06,0.08,0,24,0,0,0,1.0,0.0
9,230,3,True,0,2025-02-24,0,0.0,0.03,0.05,0,24,0,0,0,1.0,0.0
9,258,3,True,0,2025-02-24,2,0.0,0.03,0.05,0,24,0,0,0,0.8571428571428571,0.0
9,304,3,True,0,2025-02-24,1,0.0,0.1,0.12,0,24,0,0,0,1.0,0.0
9,307,3,True,0,2025-02-24,0,0.0,0.16,0.2,0,24,0,0,0,1.0,0.0
9,319,3,True,0,2025-02-24,1,0.0,0.35,0.35,0,24,0,0,0,0.8571428571428571,0.0
9,323,3,True,0,2025-02-24,1,0.0,0.28,0.31,0,24,0,0,0,0.7142857142857143,0.0
9,347,3,True,0,2025-02-24,1,0.0,0.06,0.07,0,24,0,0,0,0.8571428571428571,0.0
9,377,3,True,0,2025-02-24,1,0.0,0.14,0.19,0,24,0,0,0,0.8571428571428571,0.0
9,384,3,True,0,2025-02-24,0,1.0,0.04,0.06,0,24,0,0,0,1.0,0.0
9,396,3,True,0,2025-02-24,3,0.0,0.22,0.24,0,24,0,0,0,0.7142857142857143,0.0
9,400,3,True,0,2025-02-24,1,0.0,0.19,0.23,0,24,0,0,0,1.0,0.0
9,409,3,True,0,2025-02-24,1,0.0,0.1,0.13,0,24,0,0,0,1.1428571428571428,0.0
9,414,3,True,0,2025-02-24,2,0.0,0.08,0.12,0,24,0,0,0,1.1428571428571428,0.0
9,424,3,True,0,2025-02-24,1,0.0,0.09,0.11,0,24,0,0,0,1.2857142857142858,0.0
9,430,3,True,0,2025-02-24,1,0.0,0.13,0.19,0,24,0,0,0,1.2857142857142858,0.0
9,452,3,True,0,2025-02-24,0,0.0,0.07,0.09,0,24,0,0,0,1.2857142857142858,0.0
9,514,3,True,0,2025-02-24,2,0.0,0.16,0.19,0,24,0,0,0,1.2857142857142858,0.0
9,541,3,True,0,2025-02-24,0,0.0,0.07,0.1,0,24,0,0,0,1.1428571428571428,0.0
9,550,3,True,0,2025-02-24,3,0.0,0.13,0.16,0,24,0,0,0,1.0,0.0
9,570,3,True,0,2025-02-24,1,0.0,0.15,0.2,0,24,0,0,0,1.2857142857142858,0.0
9,571,3,True,0,2025-02-24,2,0.0,0.11,0.17,0,24,0,0,0,1.1428571428571428,0.0
9,604,3,True,0,2025-02-24,2,0.0,0.3,0.37,0,24,0,0,0,1.2857142857142858,0.0
9,618,3,True,0,2025-02-24,1,0.0,0.13,0.15,0,24,0,0,0,1.4285714285714286,0.0
9,630,3,True,0,2025-02-24,0,0.0,0.06,0.09,0,24,0,0,0,1.5714285714285714,0.0
9,642,3,True,0,2025-02-24,1,0.0,0.07,0.11,0,24,0,0,0,1.2857142857142858,0.0
9,643,3,True,0,2025-02-24,1,0.0,0.06,0.07,0,24,0,0,0,1.4285714285714286,0.0
9,664,3,True,0,2025-02-24,1,0.0,0.14,0.19,0,24,0,0,0,1.1428571428571428,0.0
9,674,3,True,0,2025-02-24,2,0.0,0.15,0.17,0,24,0,0,0,1.1428571428571428,0.0
9,679,3,True,0,2025-02-24,1,0.0,0.06,0.08,0,24,0,0,0,1.1428571428571428,0.0
9,713,3,True,0,2025-02-24,3,0.0,0.06,0.07,0,24,0,0,0,1.0,0.0
9,725,3,True,0,2025-02-24,1,0.0,0.18,0.2,0,24,0,0,0,1.2857142857142858,0.0
9,766,3,True,0,2025-02-24,3,0.0,0.06,0.07,0,24,0,0,0,1.4285714285714286,0.0
9,767,3,True,0,2025-02-24,1,0.0,0.17,0.24,0,24,0,0,0,1.7142857142857142,0.0
9,771,3,True,0,2025-02-24,2,0.0,0.47,0.49,0,24,0,0,0,1.7142857142857142,0.0
9,775,3,True,0,2025-02-24,1,0.0,0.12,0.15,0,24,0,0,0,1.8571428571428572,0.0
9,800,3,True,0,2025-02-24,1,0.0,0.26,0.34,0,24,0,0,0,1.7142857142857142,0.0
9,804,3,True,0,2025-02-24,1,0.0,0.1,0.15,0,24,0,0,0,1.7142857142857142,0.0
9,806,3,True,0,2025-02-24,1,0.0,0.08,0.09,0,24,0,0,0,1.4285714285714286,0.0
9,807,3,True,0,2025-02-24,2,0.0,0.13,0.16,0,24,0,0,0,1.4285714285714286,0.0
9,808,3,True,0,2025-02-24,2,0.0,0.06,0.07,0,24,0,0,0,1.2857142857142858,0.0
9,832,3,True,0,2025-02-24,1,0.0,0.12,0.16,0,24,0,0,0,1.4285714285714286,0.0
9,836,3,True,0,2025-02-24,1,0.0,0.07,0.08,0,24,0,0,0,1.2857142857142858,0.0
9,841,3,True,0,2025-02-24,1,0.0,0.13,0.14,0,24,0,0,0,1.2857142857142858,0.0
9,847,3,True,0,2025-02-24,8,3.0,0.08,0.03,0,24,0,0,0,1.2857142857142858,2.713196188592544
9,850,3,True,0,2025-02-24,2,0.0,0.49,0.51,0,24,0,0,0,2.2857142857142856,0.0
9,874,3,True,0,2025-02-24,1,0.0,0.03,0.04,0,24,0,0,0,2.4285714285714284,0.0
9,897,3,True,0,2025-02-24,3,0.0,0.05,0.06,0,24,0,0,0,2.2857142857142856,0.0
9,903,3,True,0,2025-02-24,1,0.0,0.05,0.08,0,24,0,0,0,2.4285714285714284,0.0
9,905,3,True,0,2025-02-24,2,0.0,0.12,0.18,0,24,0,0,0,2.4285714285714284,0.0
9,921,3,True,0,2025-02-24,1,0.0,0.09,0.12,0,24,0,0,0,2.5714285714285716,0.0
9,922,3,True,0,2025-02-24,2,0.0,0.07,0.09,0,24,0,0,0,2.5714285714285716,0.0
9,937,3,True,0,2025-02-24,8,0.0,0.03,0.04,0,24,0,0,0,1.7142857142857142,0.0
9,940,3,True,0,2025-02-24,0,1.0,0.2,0.23,0,24,0,0,0,2.5714285714285716,0.0
9,965,3,True,0,2025-02-24,4,0.0,0.36,0.44,0,24,0,0,0,2.4285714285714284,0.0
9,971,3,True,0,2025-02-24,3,0.0,0.08,0.1,0,24,0,0,0,2.5714285714285716,0.0
9,978,3,True,0,2025-02-24,1,0.0,0.11,0.14,0,24,0,0,0,2.857142857142857,0.0
9,983,3,True,0,2025-02-24,1,0.0,0.11,0.13,0,24,0,0,0,2.7142857142857144,0.0
9,1005,3,True,0,2025-02-24,3,0.0,0.07,0.09,0,24,0,0,0,2.7142857142857144,0.0
9,1006,3,True,0,2025-02-24,1,0.0,0.03,0.03,0,24,0,0,0,2.857142857142857,0.0
9,1022,3,True,0,2025-02-24,1,0.0,0.09,0.13,0,24,0,0,0,1.8571428571428572,0.0
9,1046,3,True,0,2025-02-24,1,0.0,0.06,0.1,0,24,0,0,0,2.0,0.0
9,1074,3,True,0,2025-02-24,1,0.0,0.11,0.1,0,24,0,0,0,1.5714285714285714,0.0
9,1080,3,True,0,2025-02-24,0,0.0,0.15,0.18,0,24,0,0,0,1.2857142857142858,0.0
9,1089,3,True,0,2025-02-24,1,0.0,0.11,0.14,0,24,0,0,0,1.1428571428571428,0.0
9,1094,3,True,0,2025-02-24,3,0.0,0.18,0.2,0,24,0,0,0,1.1428571428571428,0.0
9,1106,3,True,0,2025-02-24,6,0.0,0.08,0.12,0,24,0,0,0,1.1428571428571428,0.0
9,1141,3,True,0,2025-02-24,1,0.0,0.09,0.14,0,24,0,0,0,1.8571428571428572,0.0
9,1142,3,True,0,2025-02-24,2,0.0,0.28,0.29,0,24,0,0,0,1.8571428571428572,0.0
9,1150,3,True,0,2025-02-24,1,0.0,0.04,0.05,0,24,0,0,0,2.0,0.0
9,1153,3,True,0,2025-02-24,1,0.0,0.07,0.09,0,24,0,0,0,2.0,0.0
9,1173,3,True,0,2025-02-24,0,0.0,0.05,0.07,0,24,0,0,0,2.142857142857143,0.0
9,1208,3,True,0,2025-02-24,1,0.0,0.1,0.12,0,24,0,0,0,2.0,0.0
9,1246,3,True,0,2025-02-24,1,0.0,0.04,0.08,0,24,0,0,0,1.7142857142857142,0.0
9,1254,3,True,0,2025-02-24,2,0.0,0.23,0.26,0,24,0,0,0,1.0,0.0
9,1280,3,True,0,2025-02-24,2,0.0,0.14,0.17,0,24,0,0,0,1.1428571428571428,0.0
9,1315,3,True,0,2025-02-24,1,0.0,0.14,0.23,0,24,0,0,0,1.1428571428571428,0.0
9,1322,3,True,0,2025-02-24,1,0.0,0.25,0.27,0,24,0,0,0,1.1428571428571428,0.0
9,1337,3,True,0,2025-02-24,1,0.0,0.04,0.06,0,24,0,0,0,1.1428571428571428,0.0
9,1348,3,True,0,2025-02-24,1,0.0,0.14,0.16,0,24,0,0,0,1.2857142857142858,0.0
9,1353,3,True,0,2025-02-24,1,0.0,0.12,0.16,0,24,0,0,0,1.2857142857142858,0.0
9,1387,3,True,0,2025-02-24,0,0.0,0.04,0.05,0,24,0,0,0,1.2857142857142858,0.0
9,1413,3,True,0,2025-02-24,1,0.0,0.51,0.69,0,24,0,0,0,1.0,0.0
9,1446,3,True,0,2025-02-24,7,0.0,0.01,0.01,0,24,0,0,0,0.8571428571428571,0.0
9,1450,3,True,0,2025-02-24,1,0.0,0.05,0.07,0,24,0,0,0,1.7142857142857142,0.0
9,1458,3,True,0,2025-02-24,1,0.0,0.05,0.06,0,24,0,0,0,1.7142857142857142,0.0
9,1460,3,True,0,2025-02-24,1,0.0,0.05,0.07,0,24,0,0,0,1.7142857142857142,0.0
9,1486,3,True,0,2025-02-24,1,0.0,0.07,0.08,0,24,0,0,0,1.7142857142857142,0.0
9,1514,3,True,0,2025-02-24,1,0.0,0.19,0.22,0,24,0,0,0,1.7142857142857142,0.0
9,1518,3,True,0,2025-02-24,1,0.0,0.17,0.23,0,24,0,0,0,1.8571428571428572,0.0
9,1520,3,True,0,2025-02-24,1,0.0,0.05,0.06,0,24,0,0,0,1.8571428571428572,0.0
9,1577,3,True,0,2025-02-24,1,0.0,0.07,0.09,0,24,0,0,0,1.0,0.0
9,1604,3,True,0,2025-02-24,1,0.0,0.36,0.44,0,24,0,0,0,1.0,0.0
9,1651,3,True,0,2025-02-24,1,0.0,0.22,0.28,0,24,0,0,0,1.0,0.0
9,1660,3,True,0,2025-02-24,1,0.0,0.1,0.12,0,24,0,0,0,1.0,0.0
9,1667,3,True,0,2025-02-24,1,0.0,0.07,0.08,0,24,0,0,0,1.0,0.0
9,1689,3,True,0,2025-02-24,1,0.0,0.05,0.07,0,24,0,0,0,1.0,0.0
9,1691,3,True,0,2025-02-24,4,0.0,0.03,0.05,0,24,0,0,0,1.0,0.0
9,1717,3,True,0,2025-02-24,1,0.0,0.27,0.35,0,24,0,0,0,1.4285714285714286,0.0
9,1736,3,True,0,2025-02-24,1,0.0,0.06,0.08,0,24,0,0,0,1.4285714285714286,0.0
9,1781,3,True,0,2025-02-24,0,0.0,0.04,0.05,0,24,0,0,0,1.4285714285714286,0.0
9,1791,3,True,0,2025-02-24,1,0.0,0.3,0.33,0,24,0,0,0,1.2857142857142858,0.0
9,1800,3,True,0,2025-02-24,1,0.0,0.24,0.32,0,24,0,0,0,1.2857142857142858,0.0
9,1803,3,True,0,2025-02-24,1,0.0,0.07,0.15,0,24,0,0,0,1.2857142857142858,0.0
9,1804,3,True,0,2025-02-24,1,0.0,0.09,0.12,0,24,0,0,0,1.2857142857142858,0.0
9,1843,3,True,0,2025-02-24,34,0.0,0.04,0.05,0,24,0,0,0,0.8571428571428571,0.0
9,1852,3,True,0,2025-02-24,2,0.0,0.05,0.06,0,24,0,0,0,5.571428571428571,0.0
9,1871,3,True,0,2025-02-24,1,0.0,0.17,0.2,0,24,0,0,0,5.714285714285714,0.0
9,1876,3,True,0,2025-02-24,2,0.0,0.07,0.1,0,24,0,0,0,5.857142857142857,0.0
9,1881,3,True,0,2025-02-24,1,0.0,0.18,0.23,0,24,0,0,0,6.0,0.0
9,1903,3,True,0,2025-02-24,1,0.0,0.05,0.07,0,24,0,0,0,6.0,0.0
9,1908,3,True,0,2025-02-24,0,0.0,0.03,0.05,0,24,0,0,0,6.0,0.0
9,1918,3,True,0,2025-02-24,2,0.0,0.03,0.04,0,24,0,0,0,5.857142857142857,0.0
9,1932,3,True,0,2025-02-24,6,0.0,0.1,0.13,0,24,0,0,0,1.2857142857142858,0.0
9,1936,3,True,0,2025-02-24,2,0.0,0.43,0.52,0,24,0,0,0,1.8571428571428572,0.0
9,1947,3,True,0,2025-02-24,2,0.0,0.09,0.14,0,24,0,0,0,2.0,0.0
9,1962,3,True,0,2025-02-24,3,0.0,0.06,0.11,0,24,0,0,0,2.0,0.0
9,1965,3,True,0,2025-02-24,2,0.0,0.24,0.31,0,24,0,0,0,2.2857142857142856,0.0
9,1992,3,True,0,2025-02-24,0,0.0,0.08,0.1,0,24,0,0,0,2.4285714285714284,0.0
9,1994,3,True,0,2025-02-24,2,0.0,0.03,0.03,0,24,0,0,0,2.4285714285714284,0.0
9,2017,3,True,0,2025-02-24,2,0.0,0.11,0.16,0,24,0,0,0,2.4285714285714284,0.0
9,2019,3,True,0,2025-02-24,2,0.0,0.15,0.18,0,24,0,0,0,1.8571428571428572,0.0
9,2041,3,True,0,2025-02-24,1,0.0,0.06,0.08,0,24,0,0,0,1.8571428571428572,0.0
9,2043,3,True,0,2025-02-24,1,0.0,0.07,0.08,0,24,0,0,0,1.7142857142857142,0.0
9,2047,3,True,0,2025-02-24,1,0.0,0.12,0.16,0,24,0,0,0,1.4285714285714286,0.0
9,2055,3,True,0,2025-02-24,1,0.0,0.1,0.12,0,24,0,0,0,1.2857142857142858,0.0
9,2084,3,True,0,2025-02-24,1,0.0,0.05,0.06,0,24,0,0,0,1.4285714285714286,0.0
9,2111,3,True,0,2025-02-24,1,0.0,0.29,0.35,0,24,0,0,0,1.2857142857142858,0.0
9,2114,3,True,0,2025-02-24,2,0.0,0.06,0.09,0,24,0,0,0,1.1428571428571428,0.0
9,2115,3,True,0,2025-02-24,6,0.0,0.49,0.72,0,24,0,0,0,1.1428571428571428,0.0
9,2117,3,True,0,2025-02-24,1,0.0,0.14,0.16,0,24,0,0,0,1.8571428571428572,0.0
9,2136,3,True,0,2025-02-24,1,0.0,0.28,0.28,0,24,0,0,0,1.8571428571428572,0.0
9,2146,3,True,0,2025-02-24,1,0.0,0.2,0.26,0,24,0,0,0,1.8571428571428572,0.0
9,2173,3,True,0,2025-02-24,2,0.0,0.04,0.04,0,24,0,0,0,1.8571428571428572,0.0
9,2186,3,True,0,2025-02-24,2,0.0,0.25,0.34,0,24,0,0,0,2.0,0.0
9,2192,3,True,0,2025-02-24,0,0.0,0.07,0.1,0,24,0,0,0,2.142857142857143,0.0
9,2201,3,True,0,2025-02-24,7,0.0,0.12,0.16,0,24,0,0,0,1.8571428571428572,0.0
9,2203,3,True,0,2025-02-24,2,0.0,0.15,0.2,0,24,0,0,0,2.0,0.0
9,2206,3,True,0,2025-02-24,43,0.0,0.02,0.03,0,24,0,0,0,2.142857142857143,0.0
9,2228,3,True,0,2025-02-24,0,0.0,0.16,0.2,0,24,0,0,0,8.142857142857142,0.0
9,2245,3,True,0,2025-02-24,2,0.0,0.2,0.22,0,24,0,0,0,8.0,1.1382073173268525
9,2249,3,True,0,2025-02-24,1,0.0,0.06,0.07,0,24,0,0,0,8.0,0.0
9,2265,3,True,0,2025-02-24,1,0.0,0.03,0.04,0,24,0,0,0,7.857142857142857,0.0
9,2268,3,True,0,2025-02-24,1,0.0,0.14,0.2,0,24,0,0,0,8.0,0.0
9,2282,3,True,0,2025-02-24,2,0.0,0.08,0.1,0,24,0,0,0,7.142857142857143,0.0
9,2289,3,True,0,2025-02-24,1,0.0,0.08,0.1,0,24,0,0,0,7.142857142857143,0.0
9,2300,3,True,0,2025-02-24,1,0.0,0.23,0.24,0,24,0,0,0,1.1428571428571428,0.0
9,2314,3,True,0,2025-02-24,1,0.0,0.06,0.08,0,24,0,0,0,1.2857142857142858,0.0
9,2316,3,True,0,2025-02-24,1,0.0,0.08,0.11,0,24,0,0,0,1.1428571428571428,0.0
9,2347,3,True,0,2025-02-24,0,0.0,0.16,0.2,0,24,0,0,0,1.1428571428571428,0.0
9,2350,3,True,0,2025-02-24,1,0.0,0.04,0.05,0,24,0,0,0,1.0,0.0
9,2385,3,True,0,2025-02-24,1,0.0,0.02,0.03,0,24,0,0,0,1.0,0.0
9,2387,3,True,0,2025-02-24,1,0.0,0.1,0.11,0,24,0,0,0,0.8571428571428571,0.0
9,2394,3,True,0,2025-02-24,1,0.0,0.12,0.17,0,24,0,0,0,0.8571428571428571,0.0
9,2402,3,True,0,2025-02-24,3,0.0,0.07,0.09,0,24,0,0,0,0.8571428571428571,0.0
9,2406,3,True,0,2025-02-24,1,0.0,0.29,0.32,0,24,0,0,0,1.1428571428571428,0.0
9,2411,3,True,0,2025-02-24,1,0.0,0.16,0.19,0,24,0,0,0,1.1428571428571428,0.0
9,2422,3,True,0,2025-02-24,3,0.0,0.27,0.31,0,24,0,0,0,1.2857142857142858,0.0
9,2426,3,True,0,2025-02-24,0,0.0,0.15,0.15,0,24,0,0,0,1.5714285714285714,0.0
9,2472,3,True,0,2025-02-24,1,0.0,0.09,0.11,0,24,0,0,0,1.4285714285714286,0.0
9,2496,3,True,0,2025-02-24,1,0.0,0.22,0.25,0,24,0,0,0,1.4285714285714286,0.0
9,2501,3,True,0,2025-02-24,1,0.0,0.09,0.11,0,24,0,0,0,1.4285714285714286,0.0
9,2505,3,True,0,2025-02-24,0,0.0,0.09,0.11,0,24,0,0,0,1.1428571428571428,0.0
9,2521,3,True,0,2025-02-24,1,0.0,0.43,0.44,0,24,0,0,0,1.0,0.0
9,2524,3,True,0,2025-02-24,2,0.0,0.29,0.36,0,24,0,0,0,1.0,0.0
9,2532,3,True,0,2025-02-24,2,0.0,0.12,0.12,0,24,0,0,0,0.8571428571428571,0.0
9,2533,3,True,0,2025-02-24,1,0.0,0.34,0.39,0,24,0,0,0,1.1428571428571428,0.0
9,2555,3,True,0,2025-02-24,3,0.0,0.03,0.04,0,24,0,0,0,1.1428571428571428,0.0
9,2572,3,True,0,2025-02-24,0,0.0,0.34,0.36,0,24,0,0,0,1.4285714285714286,0.0
9,2573,3,True,0,2025-02-24,1,0.0,0.23,0.31,0,24,0,0,0,1.2857142857142858,0.0
9,2575,3,True,0,2025-02-24,0,0.0,0.02,0.03,0,24,0,0,0,1.4285714285714286,0.0
9,2578,3,True,0,2025-02-24,1,0.0,0.04,0.06,0,24,0,0,0,1.2857142857142858,0.0
9,2593,3,True,0,2025-02-24,1,0.0,0.01,0.02,0,24,0,0,0,1.1428571428571428,0.0
9,2594,3,True,0,2025-02-24,1,0.0,0.24,0.29,0,24,0,0,0,1.0,0.0
9,2596,3,True,0,2025-02-24,4,0.0,0.22,0.19,0,24,0,0,0,1.0,0.0
9,2626,3,True,0,2025-02-24,1,0.0,0.25,0.3,0,24,0,0,0,1.1428571428571428,0.0
9,2637,3,True,0,2025-02-24,1,0.0,0.15,0.17,0,24,0,0,0,1.2857142857142858,0.0
9,2650,3,True,0,2025-02-24,0,0.0,0.07,0.09,0,24,0,0,0,1.2857142857142858,0.0
9,2663,3,True,0,2025-02-24,1,0.0,0.54,0.59,0,24,0,0,0,1.2857142857142858,0.0
9,2664,3,True,0,2025-02-24,2,0.0,0.19,0.22,0,24,0,0,0,1.2857142857142858,0.0
9,2668,3,True,0,2025-02-24,2,0.0,0.22,0.3,0,24,0,0,0,1.4285714285714286,0.0
9,2710,3,True,0,2025-02-24,0,0.0,0.06,0.07,0,24,0,0,0,1.5714285714285714,0.0
9,2715,3,True,0,2025-02-24,0,0.0,0.04,0.05,0,24,0,0,0,1.0,0.0
9,2741,3,True,0,2025-02-24,3,0.0,0.17,0.19,0,24,0,0,0,0.8571428571428571,0.0
9,2746,3,True,0,2025-02-24,2,0.0,0.15,0.18,0,24,0,0,0,1.1428571428571428,0.0
9,2768,3,True,0,2025-02-24,1,0.0,0.08,0.11,0,24,0,0,0,1.4285714285714286,0.0
9,2814,3,True,0,2025-02-24,1,0.0,0.1,0.13,0,24,0,0,0,1.4285714285714286,0.0
9,2826,3,True,0,2025-02-24,1,0.0,0.06,0.11,0,24,0,0,0,1.2857142857142858,0.0
9,2827,3,True,0,2025-02-24,0,0.0,0.34,0.38,0,24,0,0,0,1.1428571428571428,0.0
9,2861,3,True,0,2025-02-24,2,0.0,0.09,0.12,0,24,0,0,0,1.1428571428571428,0.0
9,2862,3,True,0,2025-02-24,3,0.0,0.32,0.43,0,24,0,0,0,1.4285714285714286,0.0
9,2864,3,True,0,2025-02-24,4,0.0,0.06,0.08,0,24,0,0,0,1.4285714285714286,0.0
9,2866,3,True,0,2025-02-24,7,0.0,0.25,0.28,0,24,0,0,0,1.7142857142857142,0.0
9,2902,3,True,0,2025-02-24,1,0.0,0.04,0.06,0,24,0,0,0,2.5714285714285716,0.0
9,2910,3,True,0,2025-02-24,1,0.0,0.25,0.32,0,24,0,0,0,2.5714285714285716,0.0
9,2911,3,True,0,2025-02-24,1,0.0,0.27,0.32,0,24,0,0,0,2.5714285714285716,0.0
9,2951,3,True,0,2025-02-24,1,0.0,0.07,0.09,0,24,0,0,0,2.7142857142857144,0.0
9,2954,3,True,0,2025-02-24,1,0.0,0.05,0.06,0,24,0,0,0,2.5714285714285716,0.0
9,2958,3,True,0,2025-02-24,1,0.0,0.04,0.05,0,24,0,0,0,2.2857142857142856,0.0
9,2974,3,True,0,2025-02-24,3,0.0,0.12,0.14,0,24,0,0,0,1.8571428571428572,0.0
9,2975,3,True,0,2025-02-24,2,0.0,0.14,0.15,0,24,0,0,0,1.2857142857142858,0.0
9,2980,3,True,0,2025-02-24,1,0.0,0.06,0.08,0,24,0,0,0,1.4285714285714286,0.0
9,3022,3,True,0,2025-02-24,2,0.0,0.2,0.23,0,24,0,0,0,1.4285714285714286,0.0
9,3052,3,True,0,2025-02-24,1,0.0,0.16,0.2,0,24,0,0,0,1.5714285714285714,0.0
9,3061,3,True,0,2025-02-24,1,0.0,0.03,0.05,0,24,0,0,0,1.5714285714285714,0.0
9,3069,3,True,0,2025-02-24,1,0.0,0.14,0.18,0,24,0,0,0,1.5714285714285714,0.0
9,3074,3,True,0,2025-02-24,1,0.0,0.12,0.17,0,24,0,0,0,1.5714285714285714,0.0
9,3077,3,True,0,2025-02-24,2,0.0,0.44,0.42,0,24,0,0,0,1.2857142857142858,0.0
9,3079,3,True,0,2025-02-24,2,0.0,0.1,0.13,0,24,0,0,0,1.2857142857142858,0.0
9,3083,3,True,0,2025-02-24,1,0.0,0.06,0.08,0,24,0,0,0,1.4285714285714286,0.0
9,3104,3,True,0,2025-02-24,1,0.0,0.24,0.26,0,24,0,0,0,1.2857142857142858,0.0
9,3116,3,True,0,2025-02-24,1,0.0,0.09,0.1,0,24,0,0,0,1.2857142857142858,0.0
9,3117,3,True,0,2025-02-24,1,0.0,0.05,0.06,0,24,0,0,0,1.2857142857142858,0.0
9,3119,3,True,0,2025-02-24,1,0.0,0.09,0.11,0,24,0,0,0,1.2857142857142858,0.0
9,3165,3,True,0,2025-02-24,1,0.0,0.07,0.09,0,24,0,0,0,1.2857142857142858,0.0
9,3208,3,True,0,2025-02-24,1,0.0,0.07,0.1,0,24,0,0,0,1.1428571428571428,0.0
9,3212,3,True,0,2025-02-24,0,0.0,0.08,0.1,0,24,0,0,0,1.0,0.0
9,3219,3,True,0,2025-02-24,1,0.0,0.08,0.11,0,24,0,0,0,0.8571428571428571,0.0
9,3234,3,True,0,2025-02-24,4,0.0,0.13,0.16,0,24,0,0,0,0.8571428571428571,0.0
9,3242,3,True,0,2025-02-24,1,0.0,0.05,0.07,0,24,0,0,0,1.2857142857142858,0.0
9,3263,3,True,0,2025-02-24,2,0.0,0.31,0.42,0,24,0,0,0,1.2857142857142858,0.0
9,3266,3,True,0,2025-02-24,3,0.0,0.08,0.11,0,24,0,0,0,1.4285714285714286,0.0
9,3276,3,True,0,2025-02-24,2,0.0,0.1,0.12,0,24,0,0,0,1.7142857142857142,0.0
9,3286,3,True,0,2025-02-24,3,0.0,0.22,0.33,0,24,0,0,0,1.8571428571428572,0.0
9,3347,3,True,0,2025-02-24,2,0.0,0.1,0.13,0,24,0,0,0,2.2857142857142856,0.0
9,3358,3,True,0,2025-02-24,1,0.0,0.17,0.22,0,24,0,0,0,2.4285714285714284,0.0
9,3363,3,True,0,2025-02-24,1,0.0,0.18,0.23,0,24,0,0,0,2.0,0.0
9,3369,3,True,0,2025-02-24,4,0.0,0.06,0.1,0,24,0,0,0,2.0,0.0
9,3393,3,True,0,2025-02-24,1,0.0,0.07,0.1,0,24,0,0,0,2.2857142857142856,0.0
9,3452,3,True,0,2025-02-24,2,0.0,0.14,0.13,0,24,0,0,0,2.0,0.0
9,3495,3,True,0,2025-02-24,7,1.0,0.08,0.12,0,24,0,0,0,2.0,0.0
9,3502,3,True,0,2025-02-24,1,0.0,0.08,0.1,0,24,0,0,0,2.5714285714285716,0.0
9,3523,3,True,0,2025-02-24,0,0.0,0.17,0.22,0,24,0,0,0,2.4285714285714284,0.0
9,3527,3,True,0,2025-02-24,1,0.0,0.15,0.2,0,24,0,0,0,2.2857142857142856,0.0
9,3538,3,True,0,2025-02-24,2,0.0,0.02,0.04,0,24,0,0,0,2.2857142857142856,0.0
9,3546,3,True,0,2025-02-24,0,1.0,0.12,0.17,0,24,0,0,0,2.0,0.0
9,3549,3,True,0,2025-02-24,2,0.0,0.15,0.19,0,24,0,0,0,1.8571428571428572,0.0
9,3560,3,True,0,2025-02-24,1,0.0,0.2,0.21,0,24,0,0,0,1.8571428571428572,0.0
9,3589,3,True,0,2025-02-24,3,0.0,0.09,0.12,0,24,0,0,0,1.0,0.0
9,3609,3,True,0,2025-02-24,1,0.0,0.04,0.05,0,24,0,0,0,1.2857142857142858,0.0
9,3641,3,True,0,2025-02-24,2,0.0,0.07,0.09,0,24,0,0,0,1.4285714285714286,0.0
9,3642,3,True,0,2025-02-24,2,0.0,0.42,0.54,0,24,0,0,0,1.5714285714285714,0.0
9,3653,3,True,0,2025-02-24,1,0.0,0.25,0.35,0,24,0,0,0,1.5714285714285714,0.0
9,3701,3,True,0,2025-02-24,3,0.0,0.23,0.24,0,24,0,0,0,1.7142857142857142,0.0
9,3708,3,True,0,2025-02-24,1,0.0,0.02,0.03,0,24,0,0,0,1.8571428571428572,0.0
9,3726,3,True,0,2025-02-24,2,1.0,0.1,0.13,0,24,0,0,0,1.8571428571428572,0.0
9,3746,3,True,0,2025-02-24,2,0.0,0.06,0.08,0,24,0,0,0,1.7142857142857142,0.0
9,3749,3,True,0,2025-02-24,1,0.0,0.08,0.11,0,24,0,0,0,1.8571428571428572,0.0
9,3769,3,True,0,2025-02-24,1,0.0,0.27,0.29,0,24,0,0,0,1.7142857142857142,0.0
9,3798,3,True,0,2025-02-24,2,0.0,0.04,0.05,0,24,0,0,0,1.5714285714285714,0.0
9,3803,3,True,0,2025-02-24,1,0.0,0.14,0.16,0,24,0,0,0,1.7142857142857142,0.0
9,3834,3,True,0,2025-02-24,1,0.0,0.04,0.06,0,24,0,0,0,1.4285714285714286,0.0
9,3839,3,True,0,2025-02-24,1,0.0,0.05,0.09,0,24,0,0,0,1.4285714285714286,0.0
9,3852,3,True,0,2025-02-24,2,0.0,0.24,0.27,0,24,0,0,0,1.2857142857142858,0.0
9,3864,3,True,0,2025-02-24,0,0.0,0.05,0.07,0,24,0,0,0,1.2857142857142858,0.0
9,3877,3,True,0,2025-02-24,18,0.0,0.01,0.02,0,24,0,0,0,1.1428571428571428,0.0
9,3891,3,True,0,2025-02-24,1,0.0,0.17,0.17,0,24,0,0,0,3.5714285714285716,0.0
9,3893,3,True,0,2025-02-24,1,0.0,0.08,0.09,0,24,0,0,0,3.4285714285714284,0.0
9,3909,3,True,0,2025-02-24,1,0.0,0.08,0.12,0,24,0,0,0,3.4285714285714284,0.0
9,3911,3,True,0,2025-02-24,2,0.0,0.08,0.09,0,24,0,0,0,3.4285714285714284,0.0
9,3915,3,True,0,2025-02-24,1,0.0,0.1,0.13,0,24,0,0,0,3.5714285714285716,0.0
9,3922,3,True,0,2025-02-24,1,0.0,0.03,0.04,0,24,0,0,0,3.4285714285714284,0.0
9,3934,3,True,0,2025-02-24,1,0.0,0.38,0.39,0,24,0,0,0,3.5714285714285716,0.0
9,3951,3,True,0,2025-02-24,2,0.0,0.4,0.33,0,24,0,0,0,1.1428571428571428,0.0
9,3982,3,True,0,2025-02-24,2,0.0,0.17,0.2,0,24,0,0,0,1.2857142857142858,0.0
9,4002,3,True,0,2025-02-24,3,0.0,0.05,0.06,0,24,0,0,0,1.4285714285714286,0.0
9,4011,3,True,0,2025-02-24,1,0.0,0.07,0.11,0,24,0,0,0,1.7142857142857142,0.0
9,4033,3,True,0,2025-02-24,1,0.0,0.11,0.15,0,24,0,0,0,1.5714285714285714,0.0
9,4041,3,True,0,2025-02-24,1,0.0,0.04,0.06,0,24,0,0,0,1.5714285714285714,0.0
9,4062,3,True,0,2025-02-24,1,0.0,0.12,0.14,0,24,0,0,0,1.5714285714285714,0.0
9,4097,3,True,0,2025-02-24,8,0.0,0.03,0.05,0,24,0,0,0,1.5714285714285714,0.0
9,4119,3,True,0,2025-02-24,1,0.0,0.16,0.18,0,24,0,0,0,2.4285714285714284,0.0
9,4120,3,True,0,2025-02-24,1,0.0,0.16,0.19,0,24,0,0,0,2.2857142857142856,0.0
9,4167,3,True,0,2025-02-24,3,0.0,0.33,0.37,0,24,0,0,0,2.0,0.0
9,4179,3,True,0,2025-02-24,1,0.0,0.12,0.13,0,24,0,0,0,2.2857142857142856,0.0
9,4191,3,True,0,2025-02-24,0,0.0,0.12,0.12,0,24,0,0,0,2.2857142857142856,0.0
9,4192,3,True,0,2025-02-24,1,0.0,0.18,0.2,0,24,0,0,0,2.142857142857143,0.0
9,4203,3,True,0,2025-02-24,1,0.0,0.04,0.05,0,24,0,0,0,2.142857142857143,0.0
9,4207,3,True,0,2025-02-24,0,0.0,0.11,0.14,0,24,0,0,0,1.1428571428571428,0.0
9,4210,3,True,0,2025-02-24,1,0.0,0.28,0.33,0,24,0,0,0,1.0,0.0
9,4230,3,True,0,2025-02-24,1,0.0,0.13,0.18,0,24,0,0,0,1.0,0.0
9,4239,3,True,0,2025-02-24,1,0.0,0.05,0.11,0,24,0,0,0,0.7142857142857143,0.0
9,4242,3,True,0,2025-02-24,1,0.0,0.32,0.39,0,24,0,0,0,0.7142857142857143,0.0
9,4246,3,True,0,2025-02-24,3,0.0,0.26,0.33,0,24,0,0,0,0.8571428571428571,0.0
9,4248,3,True,0,2025-02-24,1,0.0,0.24,0.27,0,24,0,0,0,1.1428571428571428,0.0
9,4260,3,True,0,2025-02-24,0,0.0,0.06,0.07,0,24,0,0,0,1.1428571428571428,0.0
9,4269,3,True,0,2025-02-24,1,0.0,0.08,0.11,0,24,0,0,0,1.1428571428571428,0.0
9,4277,3,True,0,2025-02-24,0,0.0,0.04,0.05,0,24,0,0,0,1.1428571428571428,0.0
9,4302,3,True,0,2025-02-24,2,0.0,0.57,0.54,0,24,0,0,0,1.0,0.0
9,4315,3,True,0,2025-02-24,1,0.0,0.12,0.15,0,24,0,0,0,1.1428571428571428,0.0
9,4339,3,True,0,2025-02-24,1,0.0,0.23,0.25,0,24,0,0,0,1.1428571428571428,0.0
9,4357,3,True,0,2025-02-24,2,0.0,0.07,0.09,0,24,0,0,0,0.8571428571428571,0.0
9,4369,3,True,0,2025-02-24,1,0.0,0.38,0.44,0,24,0,0,0,1.0,0.0
9,4381,3,True,0,2025-02-24,1,0.0,0.14,0.2,0,24,0,0,0,1.1428571428571428,0.0
9,4397,3,True,0,2025-02-24,2,0.0,0.09,0.14,0,24,0,0,0,1.1428571428571428,0.0
9,4409,3,True,0,2025-02-24,2,0.0,0.09,0.12,0,24,0,0,0,1.4285714285714286,0.0
9,4469,3,True,0,2025-02-24,1,0.0,0.25,0.31,0,24,0,0,0,1.4285714285714286,0.0
9,4475,3,True,0,2025-02-24,2,0.0,0.06,0.07,0,24,0,0,0,1.4285714285714286,0.0
9,4517,3,True,0,2025-02-24,1,0.0,0.29,0.31,0,24,0,0,0,1.5714285714285714,0.0
9,4521,3,True,0,2025-02-24,1,0.0,0.22,0.23,0,24,0,0,0,1.4285714285714286,0.0
9,4524,3,True,0,2025-02-24,2,0.0,0.17,0.18,0,24,0,0,0,1.4285714285714286,0.0
9,4527,3,True,0,2025-02-24,2,0.0,0.1,0.11,0,24,0,0,0,1.5714285714285714,0.0
9,4539,3,True,0,2025-02-24,33,0.0,0.01,0.01,0,24,0,0,0,1.5714285714285714,0.0
9,4540,3,True,0,2025-02-24,1,0.0,0.04,0.05,0,24,0,0,0,6.0,0.0
9,4546,3,True,0,2025-02-24,1,0.0,0.1,0.11,0,24,0,0,0,6.0,0.0
9,4563,3,True,0,2025-02-24,1,0.0,0.15,0.19,0,24,0,0,0,5.857142857142857,0.0
9,4572,3,True,0,2025-02-24,2,0.0,0.09,0.1,0,24,0,0,0,5.857142857142857,0.0
9,4582,3,True,0,2025-02-24,1,0.0,0.4,0.54,0,24,0,0,0,6.0,0.0
9,4640,3,True,0,2025-02-24,1,0.0,0.25,0.27,0,24,0,0,0,5.857142857142857,0.0
9,4675,3,True,0,2025-02-24,1,0.0,0.12,0.16,0,24,0,0,0,5.714285714285714,0.0
9,4683,3,True,0,2025-02-24,1,0.0,0.03,0.05,0,24,0,0,0,1.1428571428571428,0.0
9,4689,3,True,0,2025-02-24,1,0.0,0.11,0.14,0,24,0,0,0,1.1428571428571428,0.0
9,4699,3,True,0,2025-02-24,2,0.0,0.07,0.1,0,24,0,0,0,1.1428571428571428,0.0
9,4704,3,True,0,2025-02-24,2,0.0,0.24,0.33,0,24,0,0,0,1.2857142857142858,0.0
9,4725,3,True,0,2025-02-24,1,0.0,0.09,0.11,0,24,0,0,0,1.2857142857142858,0.0
9,4744,3,True,0,2025-02-24,1,0.0,0.04,0.05,0,24,0,0,0,1.2857142857142858,0.0
9,4757,3,True,0,2025-02-24,1,0.0,0.16,0.19,0,24,0,0,0,1.2857142857142858,0.0
9,4765,3,True,0,2025-02-24,1,1.0,0.12,0.17,0,24,0,0,0,1.2857142857142858,0.0
9,4769,3,True,0,2025-02-24,1,0.0,0.5,0.69,0,24,0,0,0,1.2857142857142858,0.0
9,4782,3,True,0,2025-02-24,5,0.0,0.14,0.17,0,24,0,0,0,1.2857142857142858,0.0
9,4783,3,True,0,2025-02-24,1,0.0,0.27,0.35,0,24,0,0,0,1.7142857142857142,0.0
9,4790,3,True,0,2025-02-24,3,0.0,0.09,0.13,0,24,0,0,0,1.5714285714285714,0.0
9,4794,3,True,0,2025-02-24,0,0.0,0.06,0.07,0,24,0,0,0,1.8571428571428572,0.0
9,4802,3,True,0,2025-02-24,0,1.0,0.16,0.2,0,24,0,0,0,1.7142857142857142,0.0
9,4803,3,True,0,2025-02-24,1,0.0,0.65,0.81,0,24,0,0,0,1.5714285714285714,0.0
9,4816,3,True,0,2025-02-24,1,0.0,0.11,0.13,0,24,0,0,0,1.5714285714285714,0.0
9,4820,3,True,0,2025-02-24,1,0.0,0.06,0.08,0,24,0,0,0,1.5714285714285714,0.0
9,4833,3,True,0,2025-02-24,1,0.0,0.22,0.25,0,24,0,0,0,1.0,0.0
9,4848,3,True,0,2025-02-24,1,0.0,0.07,0.08,0,24,0,0,0,1.0,0.0
9,4852,3,True,0,2025-02-24,3,0.0,0.2,0.24,0,24,0,0,0,0.7142857142857143,0.0
9,4859,3,True,0,2025-02-24,1,0.0,0.05,0.05,0,24,0,0,0,1.1428571428571428,0.0
9,4870,3,True,0,2025-02-24,2,0.0,0.1,0.12,0,24,0,0,0,1.2857142857142858,0.0
9,4878,3,True,0,2025-02-24,1,0.0,0.1,0.13,0,24,0,0,0,1.4285714285714286,0.0
9,4883,3,True,0,2025-02-24,2,0.0,0.12,0.14,0,24,0,0,0,1.4285714285714286,0.0
9,4885,3,True,0,2025-02-24,1,0.0,0.06,0.09,0,24,0,0,0,1.5714285714285714,0.0
9,4886,3,True,0,2025-02-24,2,0.0,0.16,0.2,0,24,0,0,0,1.5714285714285714,0.0
9,4888,3,True,0,2025-02-24,2,0.0,0.17,0.19,0,24,0,0,0,1.7142857142857142,0.0
9,4908,3,True,0,2025-02-24,0,0.0,0.16,0.19,0,24,0,0,0,1.5714285714285714,0.0
9,4934,3,True,0,2025-02-24,2,0.0,0.07,0.09,0,24,0,0,0,1.4285714285714286,0.0
9,4938,3,True,0,2025-02-24,5,0.0,0.54,0.59,0,24,0,0,0,1.4285714285714286,0.0
9,4948,3,True,0,2025-02-24,1,0.0,0.12,0.15,0,24,0,0,0,2.0,0.0
9,4957,3,True,0,2025-02-24,0,0.0,0.11,0.14,0,24,0,0,0,1.8571428571428572,0.0
9,4971,3,True,0,2025-02-24,1,0.0,0.29,0.31,0,24,0,0,0,1.7142857142857142,0.0
9,4976,3,True,0,2025-02-24,1,0.0,0.04,0.05,0,24,0,0,0,1.5714285714285714,0.0
9,4981,3,True,0,2025-02-24,1,0.0,0.15,0.2,0,24,0,0,0,1.4285714285714286,0.0
9,4984,3,True,0,2025-02-24,1,0.0,0.06,0.06,0,24,0,0,0,1.5714285714285714,0.0
9,4986,3,True,0,2025-02-24,1,0.0,0.05,0.04,0,24,0,0,0,1.4285714285714286,0.0
9,5004,3,True,0,2025-02-24,2,0.0,0.05,0.06,0,24,0,0,0,0.8571428571428571,0.0
9,5024,3,True,0,2025-02-24,3,0.0,0.1,0.13,0,24,0,0,0,1.0,0.0
9,5074,3,True,0,2025-02-24,1,0.0,0.23,0.23,0,24,0,0,0,1.4285714285714286,0.0
9,5094,3,True,0,2025-02-24,3,0.0,0.05,0.07,0,24,0,0,0,1.4285714285714286,0.0
9,5095,3,True,0,2025-02-24,1,0.0,0.03,0.04,0,24,0,0,0,1.7142857142857142,0.0
9,5101,3,True,0,2025-02-24,1,0.0,0.01,0.02,0,24,0,0,0,1.7142857142857142,0.0
9,5105,3,True,0,2025-02-24,4,0.0,0.15,0.18,0,24,0,0,0,1.7142857142857142,0.0
9,5119,3,True,0,2025-02-24,1,0.0,0.06,0.08,0,24,0,0,0,2.142857142857143,0.0
9,5125,3,True,0,2025-02-24,2,0.0,0.06,0.08,0,24,0,0,0,2.0,0.0
9,5139,3,True,0,2025-02-24,1,0.0,0.2,0.29,0,24,0,0,0,1.8571428571428572,0.0
9,5209,3,True,0,2025-02-24,0,0.0,0.35,0.37,0,24,0,0,0,1.8571428571428572,0.0
9,5221,3,True,0,2025-02-24,2,0.0,0.05,0.06,0,24,0,0,0,1.4285714285714286,0.0
9,5261,3,True,0,2025-02-24,1,0.0,0.15,0.2,0,24,0,0,0,1.5714285714285714,0.0
9,5262,3,True,0,2025-02-24,1,0.0,0.04,0.06,0,24,0,0,0,1.5714285714285714,0.0
9,5280,3,True,0,2025-02-24,1,0.0,0.09,0.12,0,24,0,0,0,1.1428571428571428,0.0
9,5281,3,True,0,2025-02-24,1,0.0,0.27,0.35,0,24,0,0,0,1.1428571428571428,0.0
9,17,4,False,0,2025-02-24,3,0.0,0.06,0.08,0,24,0,0,0,1.0,0.0
9,26,4,False,0,2025-02-24,3,0.0,0.04,0.06,0,24,0,0,0,1.2857142857142858,0.0
9,38,4,False,0,2025-02-24,1,0.0,0.12,0.17,0,24,0,0,0,1.7142857142857142,0.0
9,64,4,False,0,2025-02-24,3,0.0,0.01,0.02,0,24,0,0,0,1.5714285714285714,0.0
9,88,4,False,0,2025-02-24,0,0.0,0.02,0.03,0,24,0,0,0,1.8571428571428572,0.0
9,99,4,False,0,2025-02-24,2,0.0,0.02,0.03,0,24,0,0,0,1.7142857142857142,0.0
9,100,4,False,0,2025-02-24,2,0.0,0.04,0.05,0,24,0,0,0,1.8571428571428572,0.0
9,145,4,False,0,2025-02-24,2,0.0,0.06,0.07,0,24,0,0,0,2.0,0.0
9,168,4,False,0,2025-02-24,0,0.0,0.04,0.06,0,24,0,0,0,1.8571428571428572,0.0
9,175,4,False,0,2025-02-24,2,0.0,0.03,0.06,0,24,0,0,0,1.4285714285714286,0.0
9,178,4,False,0,2025-02-24,0,0.0,0.0,0.0,0,24,0,0,0,1.5714285714285714,0.0
9,182,4,False,0,2025-02-24,2,0.0,0.03,0.05,0,24,0,0,0,1.1428571428571428,0.0
9,185,4,False,0,2025-02-24,4,0.0,0.02,0.03,0,24,0,0,0,1.4285714285714286,0.0
9,205,4,False,0,2025-02-24,1,0.0,0.1,0.13,0,24,0,0,0,1.7142857142857142,0.0
9,235,4,False,0,2025-02-24,2,0.0,0.06,0.07,0,24,0,0,0,1.5714285714285714,0.0
9,255,4,False,0,2025-02-24,2,0.0,0.03,0.05,0,24,0,0,0,1.5714285714285714,0.0
9,272,4,False,0,2025-02-24,2,0.0,0.03,0.05,0,24,0,0,0,1.8571428571428572,0.0
9,290,4,False,0,2025-02-24,3,0.0,0.06,0.08,0,24,0,0,0,1.8571428571428572,0.0
9,292,4,False,0,2025-02-24,2,0.0,0.04,0.06,0,24,0,0,0,2.2857142857142856,0.0
9,306,4,False,0,2025-02-24,2,0.0,0.04,0.05,0,24,0,0,0,2.2857142857142856,0.0
9,314,4,False,0,2025-02-24,2,0.0,0.03,0.03,0,24,0,0,0,2.0,0.0
9,328,4,False,0,2025-02-24,3,0.0,0.07,0.09,0,24,0,0,0,2.142857142857143,0.0
9,338,4,False,0,2025-02-24,3,0.0,0.05,0.07,0,24,0,0,0,2.2857142857142856,0.0
9,350,4,False,0,2025-02-24,4,0.0,0.03,0.05,0,24,0,0,0,2.4285714285714284,0.0
9,362,4,False,0,2025-02-24,0,0.0,0.02,0.03,0,24,0,0,0,2.7142857142857144,0.0
9,370,4,False,0,2025-02-24,3,0.0,0.03,0.06,0,24,0,0,0,2.2857142857142856,0.0
9,372,4,False,0,2025-02-24,0,0.0,0.02,0.04,0,24,0,0,0,2.4285714285714284,0.0
9,447,4,False,0,2025-02-24,2,0.0,0.06,0.07,0,24,0,0,0,2.142857142857143,0.0
9,464,4,False,0,2025-02-24,0,0.0,0.02,0.03,0,24,0,0,0,2.142857142857143,0.0
9,482,4,False,0,2025-02-24,2,0.0,0.02,0.04,0,24,0,0,0,1.7142857142857142,0.0
9,524,4,False,0,2025-02-24,3,0.0,0.02,0.03,0,24,0,0,0,1.5714285714285714,0.0
9,552,4,False,0,2025-02-24,2,0.0,0.07,0.1,0,24,0,0,0,1.4285714285714286,0.0
9,560,4,False,0,2025-02-24,4,0.0,0.02,0.03,0,24,0,0,0,1.7142857142857142,0.0
9,584,4,False,0,2025-02-24,0,0.0,0.05,0.08,0,24,0,0,0,1.8571428571428572,0.0
9,595,4,False,0,2025-02-24,2,0.0,0.07,0.1,0,24,0,0,0,1.8571428571428572,0.0
9,613,4,False,0,2025-02-24,2,0.0,0.02,0.04,0,24,0,0,0,1.8571428571428572,0.0
9,621,4,False,0,2025-02-24,1,0.0,0.05,0.08,0,24,0,0,0,2.142857142857143,0.0
9,622,4,False,0,2025-02-24,3,0.0,0.02,0.04,0,24,0,0,0,2.0,0.0
9,676,4,False,0,2025-02-24,3,0.0,0.08,0.14,0,24,0,0,0,2.0,0.0
9,700,4,False,0,2025-02-24,3,0.0,0.03,0.05,0,24,0,0,0,2.142857142857143,0.0
9,723,4,False,0,2025-02-24,1,0.0,0.03,0.04,0,24,0,0,0,2.0,0.0
9,726,4,False,0,2025-02-24,4,0.0,0.04,0.06,0,24,0,0,0,2.142857142857143,0.0
9,731,4,False,0,2025-02-24,2,0.0,0.19,0.24,0,24,0,0,0,2.4285714285714284,0.0
9,736,4,False,0,2025-02-24,2,0.0,0.04,0.06,0,24,0,0,0,2.4285714285714284,0.0
9,749,4,False,0,2025-02-24,2,0.0,0.08,0.08,0,24,0,0,0,2.5714285714285716,0.0
9,761,4,False,0,2025-02-24,1,0.0,0.02,0.02,0,24,0,0,0,2.4285714285714284,0.0
9,824,4,False,0,2025-02-24,3,0.0,0.01,0.01,0,24,0,0,0,2.142857142857143,0.0
9,826,4,False,0,2025-02-24,3,0.0,0.05,0.06,0,24,0,0,0,2.142857142857143,0.0
9,845,4,False,0,2025-02-24,3,0.0,0.07,0.11,0,24,0,0,0,2.4285714285714284,0.0
9,849,4,False,0,2025-02-24,2,0.0,0.04,0.06,0,24,0,0,0,2.2857142857142856,0.0
9,852,4,False,0,2025-02-24,0,0.0,0.02,0.03,0,24,0,0,0,2.2857142857142856,0.0
9,871,4,False,0,2025-02-24,1,0.0,0.05,0.08,0,24,0,0,0,2.0,0.0
9,880,4,False,0,2025-02-24,1,0.0,0.04,0.06,0,24,0,0,0,1.8571428571428572,0.0
9,892,4,False,0,2025-02-24,4,0.0,0.02,0.02,0,24,0,0,0,1.8571428571428572,0.0
9,953,4,False,0,2025-02-24,3,0.0,0.01,0.02,0,24,0,0,0,2.0,0.0
9,963,4,False,0,2025-02-24,2,0.0,0.05,0.06,0,24,0,0,0,2.0,0.0
9,989,4,False,0,2025-02-24,0,0.0,0.02,0.03,0,24,0,0,0,1.8571428571428572,0.0
9,1003,4,False,0,2025-02-24,4,0.0,0.02,0.03,0,24,0,0,0,1.5714285714285714,0.0
9,1009,4,False,0,2025-02-24,3,0.0,0.21,0.24,0,24,0,0,0,2.142857142857143,0.0
9,1013,4,False,0,2025-02-24,2,0.0,0.08,0.12,0,24,0,0,0,2.4285714285714284,0.0
9,1040,4,False,0,2025-02-24,3,0.0,0.03,0.03,0,24,0,0,0,2.5714285714285716,0.0
9,1041,4,False,0,2025-02-24,2,0.0,0.05,0.06,0,24,0,0,0,2.4285714285714284,0.0
9,1069,4,False,0,2025-02-24,1,0.0,0.07,0.09,0,24,0,0,0,2.2857142857142856,0.0
9,1077,4,False,0,2025-02-24,2,0.0,0.06,0.09,0,24,0,0,0,2.142857142857143,0.0
9,1090,4,False,0,2025-02-24,1,0.0,0.04,0.06,0,24,0,0,0,2.4285714285714284,0.0
9,1092,4,False,0,2025-02-24,3,0.0,0.02,0.03,0,24,0,0,0,2.0,0.0
9,1111,4,False,0,2025-02-24,1,0.0,0.06,0.09,0,24,0,0,0,2.0,0.0
9,1119,4,False,0,2025-02-24,3,0.0,0.04,0.09,0,24,0,0,0,1.8571428571428572,0.0
9,1123,4,False,0,2025-02-24,3,0.0,0.0,0.01,0,24,0,0,0,1.8571428571428572,0.0
9,1137,4,False,0,2025-02-24,2,0.0,0.03,0.04,0,24,0,0,0,2.0,0.0
9,1182,4,False,0,2025-02-24,3,0.0,0.02,0.03,0,24,0,0,0,2.142857142857143,0.0
9,1183,4,False,0,2025-02-24,1,0.0,0.01,0.01,0,24,0,0,0,2.2857142857142856,0.0
9,1245,4,False,0,2025-02-24,1,0.0,0.04,0.06,0,24,0,0,0,2.2857142857142856,0.0
9,1248,4,False,0,2025-02-24,2,0.0,0.01,0.01,0,24,0,0,0,2.0,0.0
9,1257,4,False,0,2025-02-24,1,0.0,0.1,0.14,0,24,0,0,0,2.142857142857143,0.0
9,1268,4,False,0,2025-02-24,2,0.0,0.06,0.07,0,24,0,0,0,1.8571428571428572,0.0
9,1274,4,False,0,2025-02-24,2,0.0,0.09,0.15,0,24,0,0,0,1.7142857142857142,0.0
9,1316,4,False,0,2025-02-24,5,0.0,0.03,0.05,0,24,0,0,0,1.7142857142857142,0.0
9,1321,4,False,0,2025-02-24,4,0.0,0.03,0.04,0,24,0,0,0,2.0,0.0
9,1329,4,False,0,2025-02-24,1,0.0,0.01,0.01,0,24,0,0,0,2.4285714285714284,0.0
9,1369,4,False,0,2025-02-24,2,0.0,0.02,0.03,0,24,0,0,0,2.4285714285714284,0.0
9,1373,4,False,0,2025-02-24,3,0.0,0.05,0.06,0,24,0,0,0,2.4285714285714284,0.0
9,1394,4,False,0,2025-02-24,4,0.0,0.02,0.03,0,24,0,0,0,2.7142857142857144,0.0
9,1402,4,False,0,2025-02-24,3,0.0,0.03,0.05,0,24,0,0,0,3.0,0.0
9,1417,4,False,0,2025-02-24,2,0.0,0.06,0.08,0,24,0,0,0,3.142857142857143,0.0
9,1420,4,False,0,2025-02-24,0,0.0,0.04,0.05,0,24,0,0,0,2.7142857142857144,0.0
9,1428,4,False,0,2025-02-24,0,0.0,0.03,0.04,0,24,0,0,0,2.142857142857143,0.0
9,1436,4,False,0,2025-02-24,1,0.0,0.05,0.07,0,24,0,0,0,2.0,0.0
9,1473,4,False,0,2025-02-24,2,0.0,0.06,0.06,0,24,0,0,0,1.8571428571428572,0.0
9,1481,4,False,0,2025-02-24,1,0.0,0.04,0.07,0,24,0,0,0,1.7142857142857142,0.0
9,1493,4,False,0,2025-02-24,1,0.0,0.06,0.07,0,24,0,0,0,1.2857142857142858,0.0
9,1497,4,False,0,2025-02-24,2,0.0,0.05,0.06,0,24,0,0,0,1.0,0.0
9,1506,4,False,0,2025-02-24,3,0.0,0.02,0.04,0,24,0,0,0,1.0,0.0
9,1519,4,False,0,2025-02-24,3,0.0,0.05,0.06,0,24,0,0,0,1.4285714285714286,0.0
9,1539,4,False,0,2025-02-24,5,0.0,0.02,0.03,0,24,0,0,0,1.8571428571428572,0.0
9,1546,4,False,0,2025-02-24,2,0.0,0.03,0.05,0,24,0,0,0,2.4285714285714284,0.0
9,1563,4,False,0,2025-02-24,1,0.0,0.04,0.05,0,24,0,0,0,2.4285714285714284,0.0
9,1570,4,False,0,2025-02-24,0,0.0,0.02,0.03,0,24,0,0,0,2.4285714285714284,0.0
9,1573,4,False,0,2025-02-24,2,0.0,0.07,0.11,0,24,0,0,0,2.2857142857142856,0.0
9,1574,4,False,0,2025-02-24,2,0.0,0.07,0.09,0,24,0,0,0,2.2857142857142856,0.0
9,1594,4,False,0,2025-02-24,2,0.0,0.02,0.03,0,24,0,0,0,2.142857142857143,0.0
9,1626,4,False,0,2025-02-24,7,0.0,0.06,0.08,0,24,0,0,0,2.0,0.0
9,1644,4,False,0,2025-02-24,2,0.0,0.07,0.1,0,24,0,0,0,2.2857142857142856,0.0
9,1652,4,False,0,2025-02-24,1,0.0,0.05,0.07,0,24,0,0,0,2.2857142857142856,0.0
9,1673,4,False,0,2025-02-24,2,0.0,0.06,0.08,0,24,0,0,0,2.2857142857142856,0.0
9,1675,4,False,0,2025-02-24,2,0.0,0.05,0.06,0,24,0,0,0,2.5714285714285716,0.0
9,1686,4,False,0,2025-02-24,1,0.0,0.07,0.1,0,24,0,0,0,2.5714285714285716,0.0
9,1706,4,False,0,2025-02-24,2,0.0,0.01,0.03,0,24,0,0,0,2.4285714285714284,0.0
9,1716,4,False,0,2025-02-24,2,0.0,0.03,0.03,0,24,0,0,0,2.4285714285714284,0.0
9,1732,4,False,0,2025-02-24,1,0.0,0.08,0.08,0,24,0,0,0,1.7142857142857142,0.0
9,1738,4,False,0,2025-02-24,1,0.0,0.02,0.04,0,24,0,0,0,1.5714285714285714,0.0
9,1745,4,False,0,2025-02-24,1,0.0,0.05,0.08,0,24,0,0,0,1.5714285714285714,0.0
9,1759,4,False,0,2025-02-24,1,0.0,0.03,0.04,0,24,0,0,0,1.4285714285714286,0.0
9,1776,4,False,0,2025-02-24,2,0.0,0.14,0.15,0,24,0,0,0,1.2857142857142858,0.0
9,1826,4,False,0,2025-02-24,3,0.0,0.07,0.08,0,24,0,0,0,1.4285714285714286,0.0
9,1830,4,False,0,2025-02-24,1,0.0,0.15,0.21,0,24,0,0,0,1.5714285714285714,0.0
9,1863,4,False,0,2025-02-24,2,0.0,0.04,0.07,0,24,0,0,0,1.4285714285714286,0.0
9,1866,4,False,0,2025-02-24,0,0.0,0.02,0.02,0,24,0,0,0,1.5714285714285714,0.0
9,1922,4,False,0,2025-02-24,4,0.0,0.02,0.04,0,24,0,0,0,1.4285714285714286,0.0
9,1934,4,False,0,2025-02-24,2,0.0,0.02,0.04,0,24,0,0,0,1.8571428571428572,0.0
9,1975,4,False,0,2025-02-24,0,0.0,0.03,0.05,0,24,0,0,0,2.0,0.0
9,1984,4,False,0,2025-02-24,2,0.0,0.06,0.08,0,24,0,0,0,1.7142857142857142,0.0
9,2005,4,False,0,2025-02-24,2,0.0,0.16,0.18,0,24,0,0,0,1.5714285714285714,0.0
9,2013,4,False,0,2025-02-24,5,0.0,0.03,0.03,0,24,0,0,0,1.7142857142857142,0.0
9,2025,4,False,0,2025-02-24,1,0.0,0.03,0.05,0,24,0,0,0,2.142857142857143,0.0
9,2028,4,False,0,2025-02-24,1,0.0,0.03,0.04,0,24,0,0,0,2.2857142857142856,0.0
9,2033,4,False,0,2025-02-24,1,0.0,0.11,0.15,0,24,0,0,0,1.8571428571428572,0.0
9,2035,4,False,0,2025-02-24,1,0.0,0.02,0.03,0,24,0,0,0,1.7142857142857142,0.0
9,2042,4,False,0,2025-02-24,4,0.0,0.03,0.06,0,24,0,0,0,1.8571428571428572,0.0
9,2051,4,False,0,2025-02-24,2,0.0,0.03,0.03,0,24,0,0,0,2.142857142857143,0.0
9,2061,4,False,0,2025-02-24,1,0.0,0.02,0.04,0,24,0,0,0,2.142857142857143,0.0
9,2069,4,False,0,2025-02-24,1,0.0,0.07,0.1,0,24,0,0,0,1.5714285714285714,0.0
9,2083,4,False,0,2025-02-24,2,0.0,0.06,0.09,0,24,0,0,0,1.5714285714285714,0.0
9,2088,4,False,0,2025-02-24,1,0.0,0.03,0.04,0,24,0,0,0,1.7142857142857142,0.0
9,2129,4,False,0,2025-02-24,2,0.0,0.03,0.03,0,24,0,0,0,1.7142857142857142,0.0
9,2144,4,False,0,2025-02-24,2,0.0,0.03,0.05,0,24,0,0,0,1.8571428571428572,0.0
9,2149,4,False,0,2025-02-24,1,0.0,0.04,0.06,0,24,0,0,0,1.5714285714285714,0.0
9,2167,4,False,0,2025-02-24,3,0.0,0.05,0.07,0,24,0,0,0,1.4285714285714286,0.0
9,2193,4,False,0,2025-02-24,2,0.0,0.08,0.1,0,24,0,0,0,1.7142857142857142,0.0
9,2230,4,False,0,2025-02-24,2,0.0,0.02,0.03,0,24,0,0,0,1.8571428571428572,0.0
9,2233,4,False,0,2025-02-24,1,0.0,0.06,0.09,0,24,0,0,0,1.8571428571428572,0.0
9,2238,4,False,0,2025-02-24,2,0.0,0.04,0.05,0,24,0,0,0,1.8571428571428572,0.0
9,2257,4,False,0,2025-02-24,2,0.0,0.04,0.06,0,24,0,0,0,1.8571428571428572,0.0
9,2279,4,False,0,2025-02-24,3,0.0,0.11,0.15,0,24,0,0,0,1.8571428571428572,0.0
9,2283,4,False,0,2025-02-24,1,0.0,0.04,0.06,0,24,0,0,0,2.142857142857143,0.0
9,2286,4,False,0,2025-02-24,1,0.0,0.11,0.15,0,24,0,0,0,1.8571428571428572,0.0
9,2306,4,False,0,2025-02-24,2,0.0,0.04,0.07,0,24,0,0,0,1.7142857142857142,0.0
9,2315,4,False,0,2025-02-24,2,0.0,0.07,0.1,0,24,0,0,0,1.7142857142857142,0.0
9,2392,4,False,0,2025-02-24,2,0.0,0.04,0.05,0,24,0,0,0,1.8571428571428572,0.0
9,2397,4,False,0,2025-02-24,3,0.0,0.02,0.03,0,24,0,0,0,1.8571428571428572,0.0
9,2398,4,False,0,2025-02-24,5,0.0,0.12,0.16,0,24,0,0,0,2.0,0.0
9,2438,4,False,0,2025-02-24,2,0.0,0.02,0.04,0,24,0,0,0,2.2857142857142856,0.0
9,2443,4,False,0,2025-02-24,2,0.0,0.05,0.07,0,24,0,0,0,2.4285714285714284,0.0
9,2469,4,False,0,2025-02-24,2,0.0,0.07,0.09,0,24,0,0,0,2.5714285714285716,0.0
9,2473,4,False,0,2025-02-24,3,0.0,0.04,0.06,0,24,0,0,0,2.5714285714285716,0.0
9,2478,4,False,0,2025-02-24,2,0.0,0.02,0.03,0,24,0,0,0,2.7142857142857144,0.0
9,2487,4,False,0,2025-02-24,4,0.0,0.02,0.04,0,24,0,0,0,2.7142857142857144,0.0
9,2497,4,False,0,2025-02-24,2,0.0,0.03,0.04,0,24,0,0,0,2.857142857142857,0.0
9,2506,4,False,0,2025-02-24,2,0.0,0.03,0.04,0,24,0,0,0,2.4285714285714284,0.0
9,2522,4,False,0,2025-02-24,2,0.0,0.11,0.17,0,24,0,0,0,2.4285714285714284,0.0
9,2567,4,False,0,2025-02-24,2,0.0,0.04,0.04,0,24,0,0,0,2.4285714285714284,0.0
9,2581,4,False,0,2025-02-24,1,0.0,0.06,0.07,0,24,0,0,0,2.4285714285714284,0.0
9,2624,4,False,0,2025-02-24,1,0.0,0.06,0.1,0,24,0,0,0,2.142857142857143,0.0
9,2630,4,False,0,2025-02-24,2,0.0,0.03,0.03,0,24,0,0,0,2.0,0.0
9,2631,4,False,0,2025-02-24,3,0.0,0.02,0.04,0,24,0,0,0,1.7142857142857142,0.0
9,2642,4,False,0,2025-02-24,3,0.0,0.03,0.05,0,24,0,0,0,1.8571428571428572,0.0
9,2658,4,False,0,2025-02-24,3,0.0,0.02,0.04,0,24,0,0,0,2.0,0.0
9,2672,4,False,0,2025-02-24,3,0.0,0.02,0.03,0,24,0,0,0,2.142857142857143,0.0
9,2688,4,False,0,2025-02-24,3,0.0,0.03,0.04,0,24,0,0,0,2.2857142857142856,0.0
9,2725,4,False,0,2025-02-24,1,0.0,0.08,0.14,0,24,0,0,0,2.5714285714285716,0.0
9,2744,4,False,0,2025-02-24,3,0.0,0.06,0.1,0,24,0,0,0,2.5714285714285716,0.0
9,2788,4,False,0,2025-02-24,4,0.0,0.02,0.03,0,24,0,0,0,2.7142857142857144,0.0
9,2801,4,False,0,2025-02-24,2,0.0,0.06,0.09,0,24,0,0,0,2.857142857142857,0.0
9,2804,4,False,0,2025-02-24,2,0.0,0.06,0.07,0,24,0,0,0,2.7142857142857144,0.0
9,2818,4,False,0,2025-02-24,2,0.0,0.02,0.03,0,24,0,0,0,2.5714285714285716,0.0
9,2825,4,False,0,2025-02-24,2,0.0,0.18,0.24,0,24,0,0,0,2.4285714285714284,0.0
9,2830,4,False,0,2025-02-24,2,0.0,0.04,0.05,0,24,0,0,0,2.2857142857142856,0.0
9,2832,4,False,0,2025-02-24,3,0.0,0.01,0.03,0,24,0,0,0,2.4285714285714284,0.0
9,2838,4,False,0,2025-02-24,2,0.0,0.02,0.03,0,24,0,0,0,2.4285714285714284,0.0
9,2844,4,False,0,2025-02-24,2,0.0,0.03,0.05,0,24,0,0,0,2.142857142857143,0.0
9,2860,4,False,0,2025-02-24,2,0.0,0.07,0.1,0,24,0,0,0,2.142857142857143,0.0
9,2870,4,False,0,2025-02-24,2,0.0,0.06,0.08,0,24,0,0,0,2.142857142857143,0.0
9,2871,4,False,0,2025-02-24,2,0.0,0.04,0.05,0,24,0,0,0,2.142857142857143,0.0
9,2892,4,False,0,2025-02-24,1,0.0,0.09,0.13,0,24,0,0,0,2.142857142857143,0.0
9,2894,4,False,0,2025-02-24,0,0.0,0.04,0.07,0,24,0,0,0,2.0,0.0
9,2957,4,False,0,2025-02-24,3,0.0,0.02,0.04,0,24,0,0,0,1.5714285714285714,0.0
9,2961,4,False,0,2025-02-24,3,0.0,0.05,0.06,0,24,0,0,0,1.7142857142857142,0.0
9,2963,4,False,0,2025-02-24,2,0.0,0.06,0.08,0,24,0,0,0,1.8571428571428572,0.0
9,2970,4,False,0,2025-02-24,2,0.0,0.03,0.05,0,24,0,0,0,1.8571428571428572,0.0
9,2979,4,False,0,2025-02-24,2,0.0,0.06,0.07,0,24,0,0,0,1.8571428571428572,0.0
9,2992,4,False,0,2025-02-24,1,0.0,0.05,0.08,0,24,0,0,0,1.8571428571428572,0.0
9,3000,4,False,0,2025-02-24,2,0.0,0.1,0.17,0,24,0,0,0,1.8571428571428572,0.0
9,3012,4,False,0,2025-02-24,2,0.0,0.02,0.03,0,24,0,0,0,2.142857142857143,0.0
9,3044,4,False,0,2025-02-24,3,0.0,0.02,0.02,0,24,0,0,0,2.0,0.0
9,3086,4,False,0,2025-02-24,3,0.0,0.04,0.07,0,24,0,0,0,2.0,0.0
9,3145,4,False,0,2025-02-24,2,0.0,0.04,0.06,0,24,0,0,0,2.142857142857143,0.0
9,3146,4,False,0,2025-02-24,3,0.0,0.01,0.01,0,24,0,0,0,2.142857142857143,0.0
9,3162,4,False,0,2025-02-24,4,0.0,0.01,0.02,0,24,0,0,0,2.2857142857142856,0.0
9,3178,4,False,0,2025-02-24,1,0.0,0.12,0.19,0,24,0,0,0,2.7142857142857144,0.0
9,3185,4,False,0,2025-02-24,2,0.0,0.04,0.06,0,24,0,0,0,2.5714285714285716,0.0
9,3196,4,False,0,2025-02-24,3,0.0,0.02,0.03,0,24,0,0,0,2.5714285714285716,0.0
9,3209,4,False,0,2025-02-24,0,0.0,0.02,0.04,0,24,0,0,0,2.5714285714285716,0.0
9,3224,4,False,0,2025-02-24,3,0.0,0.04,0.07,0,24,0,0,0,2.142857142857143,0.0
9,3262,4,False,0,2025-02-24,2,0.0,0.09,0.13,0,24,0,0,0,2.2857142857142856,0.0
9,3267,4,False,0,2025-02-24,3,0.0,0.01,0.01,0,24,0,0,0,2.142857142857143,0.0
9,3293,4,False,0,2025-02-24,3,0.0,0.0,0.01,0,24,0,0,0,2.0,0.0
9,3312,4,False,0,2025-02-24,1,0.0,0.01,0.02,0,24,0,0,0,2.2857142857142856,0.0
9,3317,4,False,0,2025-02-24,3,0.0,0.01,0.02,0,24,0,0,0,2.142857142857143,0.0
9,3327,4,False,0,2025-02-24,3,0.0,0.01,0.02,0,24,0,0,0,2.142857142857143,0.0
9,3377,4,False,0,2025-02-24,2,0.0,0.02,0.04,0,24,0,0,0,2.5714285714285716,0.0
9,3420,4,False,0,2025-02-24,2,0.0,0.07,0.09,0,24,0,0,0,2.4285714285714284,0.0
9,3453,4,False,0,2025-02-24,1,0.0,0.02,0.04,0,24,0,0,0,2.4285714285714284,0.0
9,3455,4,False,0,2025-02-24,0,0.0,0.02,0.04,0,24,0,0,0,2.142857142857143,0.0
9,3465,4,False,0,2025-02-24,1,0.0,0.06,0.07,0,24,0,0,0,1.7142857142857142,0.0
9,3466,4,False,0,2025-02-24,2,0.0,0.03,0.03,0,24,0,0,0,1.7142857142857142,0.0
9,3472,4,False,0,2025-02-24,0,0.0,0.04,0.06,0,24,0,0,0,1.5714285714285714,0.0
9,3473,4,False,0,2025-02-24,2,0.0,0.01,0.03,0,24,0,0,0,1.1428571428571428,0.0
9,3493,4,False,0,2025-02-24,2,0.0,0.04,0.07,0,24,0,0,0,1.1428571428571428,0.0
9,3552,4,False,0,2025-02-24,1,0.0,0.03,0.05,0,24,0,0,0,1.1428571428571428,0.0
9,3562,4,False,0,2025-02-24,2,0.0,0.05,0.07,0,24,0,0,0,1.1428571428571428,0.0
9,3569,4,False,0,2025-02-24,3,0.0,0.03,0.06,0,24,0,0,0,1.4285714285714286,0.0
9,3577,4,False,0,2025-02-24,2,0.0,0.04,0.06,0,24,0,0,0,1.7142857142857142,0.0
9,3590,4,False,0,2025-02-24,1,0.0,0.02,0.03,0,24,0,0,0,1.7142857142857142,0.0
9,3620,4,False,0,2025-02-24,2,0.0,0.02,0.04,0,24,0,0,0,1.8571428571428572,0.0
9,3627,4,False,0,2025-02-24,0,0.0,0.06,0.09,0,24,0,0,0,1.8571428571428572,0.0
9,3628,4,False,0,2025-02-24,1,0.0,0.06,0.09,0,24,0,0,0,1.5714285714285714,0.0
9,3633,4,False,0,2025-02-24,3,0.0,0.07,0.1,0,24,0,0,0,1.5714285714285714,0.0
9,3645,4,False,0,2025-02-24,2,0.0,0.07,0.08,0,24,0,0,0,1.7142857142857142,0.0
9,3651,4,False,0,2025-02-24,1,0.0,0.04,0.05,0,24,0,0,0,1.5714285714285714,0.0
9,3692,4,False,0,2025-02-24,1,0.0,0.1,0.12,0,24,0,0,0,1.4285714285714286,0.0
9,3700,4,False,0,2025-02-24,2,0.0,0.02,0.03,0,24,0,0,0,1.4285714285714286,0.0
9,3721,4,False,0,2025-02-24,0,0.0,0.03,0.05,0,24,0,0,0,1.4285714285714286,0.0
9,3728,4,False,0,2025-02-24,2,0.0,0.03,0.05,0,24,0,0,0,1.4285714285714286,0.0
9,3753,4,False,0,2025-02-24,3,0.0,0.04,0.07,0,24,0,0,0,1.5714285714285714,0.0
9,3772,4,False,0,2025-02-24,3,0.0,0.03,0.05,0,24,0,0,0,1.5714285714285714,0.0
9,3818,4,False,0,2025-02-24,3,0.0,0.06,0.09,0,24,0,0,0,1.7142857142857142,0.0
9,3843,4,False,0,2025-02-24,1,0.0,0.02,0.03,0,24,0,0,0,2.0,0.0
9,3847,4,False,0,2025-02-24,2,0.0,0.01,0.03,0,24,0,0,0,2.0,0.0
9,3850,4,False,0,2025-02-24,3,0.0,0.07,0.11,0,24,0,0,0,2.0,0.0
9,3853,4,False,0,2025-02-24,1,0.0,0.1,0.15,0,24,0,0,0,2.4285714285714284,0.0
9,3879,4,False,0,2025-02-24,2,0.0,0.05,0.08,0,24,0,0,0,2.2857142857142856,0.0
9,3888,4,False,0,2025-02-24,4,0.0,0.01,0.01,0,24,0,0,0,2.142857142857143,0.0
9,3903,4,False,0,2025-02-24,2,0.0,0.04,0.07,0,24,0,0,0,2.2857142857142856,0.0
9,3906,4,False,0,2025-02-24,2,0.0,0.11,0.16,0,24,0,0,0,2.142857142857143,0.0
9,3939,4,False,0,2025-02-24,2,0.0,0.04,0.06,0,24,0,0,0,2.2857142857142856,0.0
9,3968,4,False,0,2025-02-24,0,0.0,0.01,0.02,0,24,0,0,0,2.2857142857142856,0.0
9,3971,4,False,0,2025-02-24,1,0.0,0.08,0.09,0,24,0,0,0,1.8571428571428572,0.0
9,3974,4,False,0,2025-02-24,1,0.0,0.09,0.13,0,24,0,0,0,1.8571428571428572,0.0
9,3987,4,False,0,2025-02-24,0,1.0,0.03,0.05,0,24,0,0,0,1.7142857142857142,0.0
9,4019,4,False,0,2025-02-24,3,0.0,0.04,0.05,0,24,0,0,0,1.1428571428571428,0.0
9,4028,4,False,0,2025-02-24,2,0.0,0.02,0.03,0,24,0,0,0,1.2857142857142858,0.0
9,4071,4,False,0,2025-02-24,2,0.0,0.05,0.07,0,24,0,0,0,1.2857142857142858,0.0
9,4108,4,False,0,2025-02-24,2,0.0,0.02,0.03,0,24,0,0,0,1.2857142857142858,0.0
9,4133,4,False,0,2025-02-24,2,0.0,0.08,0.14,0,24,0,0,0,1.5714285714285714,0.0
9,4135,4,False,0,2025-02-24,1,0.0,0.03,0.04,0,24,0,0,0,1.7142857142857142,0.0
9,4170,4,False,0,2025-02-24,1,0.0,0.02,0.03,0,24,0,0,0,1.7142857142857142,0.0
9,4184,4,False,0,2025-02-24,1,0.0,0.06,0.09,0,24,0,0,0,1.8571428571428572,0.0
9,4186,4,False,0,2025-02-24,1,0.0,0.03,0.04,0,24,0,0,0,1.5714285714285714,0.0
9,4212,4,False,0,2025-02-24,0,0.0,0.06,0.08,0,24,0,0,0,1.4285714285714286,0.0
9,4243,4,False,0,2025-02-24,1,0.0,0.09,0.11,0,24,0,0,0,1.1428571428571428,0.0
9,4268,4,False,0,2025-02-24,2,0.0,0.02,0.03,0,24,0,0,0,1.0,0.0
9,4275,4,False,0,2025-02-24,0,0.0,0.01,0.02,0,24,0,0,0,1.0,0.0
9,4281,4,False,0,2025-02-24,1,0.0,0.02,0.04,0,24,0,0,0,0.8571428571428571,0.0
9,4293,4,False,0,2025-02-24,1,0.0,0.12,0.18,0,24,0,0,0,0.8571428571428571,0.0
9,4305,4,False,0,2025-02-24,1,0.0,0.07,0.1,0,24,0,0,0,0.8571428571428571,0.0
9,4335,4,False,0,2025-02-24,1,0.0,0.04,0.07,0,24,0,0,0,0.8571428571428571,0.0
9,4342,4,False,0,2025-02-24,0,0.0,0.02,0.04,0,24,0,0,0,1.0,0.0
9,4372,4,False,0,2025-02-24,3,0.0,0.02,0.04,0,24,0,0,0,0.8571428571428571,0.0
9,4373,4,False,0,2025-02-24,0,0.0,0.07,0.09,0,24,0,0,0,1.0,0.0
9,4392,4,False,0,2025-02-24,1,0.0,0.09,0.12,0,24,0,0,0,1.0,0.0
9,4395,4,False,0,2025-02-24,3,0.0,0.05,0.08,0,24,0,0,0,1.0,0.0
9,4422,4,False,0,2025-02-24,2,0.0,0.01,0.02,0,24,0,0,0,1.2857142857142858,0.0
9,4438,4,False,0,2025-02-24,1,0.0,0.01,0.02,0,24,0,0,0,1.4285714285714286,0.0
9,4451,4,False,0,2025-02-24,2,0.0,0.04,0.06,0,24,0,0,0,1.4285714285714286,0.0
9,4456,4,False,0,2025-02-24,2,0.0,0.02,0.04,0,24,0,0,0,1.7142857142857142,0.0
9,4480,4,False,0,2025-02-24,1,0.0,0.06,0.1,0,24,0,0,0,1.5714285714285714,0.0
9,4520,4,False,0,2025-02-24,1,0.0,0.1,0.15,0,24,0,0,0,1.7142857142857142,0.0
9,4522,4,False,0,2025-02-24,1,0.0,0.02,0.04,0,24,0,0,0,1.7142857142857142,0.0
9,4550,4,False,0,2025-02-24,2,0.0,0.13,0.17,0,24,0,0,0,1.4285714285714286,0.0
9,4571,4,False,0,2025-02-24,2,0.0,0.03,0.06,0,24,0,0,0,1.4285714285714286,0.0
9,4577,4,False,0,2025-02-24,3,0.0,0.04,0.07,0,24,0,0,0,1.5714285714285714,0.0
9,4598,4,False,0,2025-02-24,3,0.0,0.07,0.08,0,24,0,0,0,1.7142857142857142,0.0
9,4621,4,False,0,2025-02-24,2,0.0,0.01,0.01,0,24,0,0,0,1.8571428571428572,0.0
9,4662,4,False,0,2025-02-24,2,0.0,0.02,0.04,0,24,0,0,0,2.0,0.0
9,4663,4,False,0,2025-02-24,2,0.0,0.04,0.07,0,24,0,0,0,2.142857142857143,0.0
9,4672,4,False,0,2025-02-24,2,0.0,0.03,0.04,0,24,0,0,0,2.2857142857142856,0.0
9,4715,4,False,0,2025-02-24,2,0.0,0.05,0.06,0,24,0,0,0,2.2857142857142856,0.0
9,4778,4,False,0,2025-02-24,1,0.0,0.04,0.07,0,24,0,0,0,2.2857142857142856,0.0
9,4785,4,False,0,2025-02-24,3,0.0,0.06,0.08,0,24,0,0,0,2.0,0.0
9,4806,4,False,0,2025-02-24,3,0.0,0.02,0.03,0,24,0,0,0,2.0,0.0
9,4808,4,False,0,2025-02-24,1,0.0,0.03,0.05,0,24,0,0,0,2.142857142857143,0.0
9,4823,4,False,0,2025-02-24,3,0.0,0.01,0.01,0,24,0,0,0,2.0,0.0
9,4842,4,False,0,2025-02-24,1,0.0,0.03,0.05,0,24,0,0,0,2.142857142857143,0.0
9,4851,4,False,0,2025-02-24,1,0.0,0.06,0.09,0,24,0,0,0,2.0,0.0
9,4855,4,False,0,2025-02-24,3,0.0,0.02,0.02,0,24,0,0,0,1.8571428571428572,0.0
9,4895,4,False,0,2025-02-24,2,0.0,0.04,0.04,0,24,0,0,0,2.142857142857143,0.0
9,4928,4,False,0,2025-02-24,3,0.0,0.03,0.05,0,24,0,0,0,2.0,0.0
9,4955,4,False,0,2025-02-24,2,0.0,0.03,0.05,0,24,0,0,0,2.0,0.0
9,4958,4,False,0,2025-02-24,0,0.0,0.05,0.07,0,24,0,0,0,2.142857142857143,0.0
9,4967,4,False,0,2025-02-24,2,0.0,0.05,0.08,0,24,0,0,0,1.7142857142857142,0.0
9,4978,4,False,0,2025-02-24,1,0.0,0.04,0.06,0,24,0,0,0,1.8571428571428572,0.0
9,5005,4,False,0,2025-02-24,3,0.0,0.04,0.06,0,24,0,0,0,1.8571428571428572,0.0
9,5063,4,False,0,2025-02-24,3,0.0,0.01,0.01,0,24,0,0,0,1.8571428571428572,0.0
9,5088,4,False,0,2025-02-24,3,0.0,0.01,0.02,0,24,0,0,0,2.0,0.0
9,5113,4,False,0,2025-02-24,0,0.0,0.03,0.05,0,24,0,0,0,2.0,0.0
9,5146,4,False,0,2025-02-24,2,0.0,0.03,0.05,0,24,0,0,0,1.7142857142857142,0.0
9,5154,4,False,0,2025-02-24,0,0.0,0.04,0.06,0,24,0,0,0,2.0,0.0
9,5162,4,False,0,2025-02-24,1,0.0,0.09,0.11,0,24,0,0,0,1.7142857142857142,0.0
9,5186,4,False,0,2025-02-24,5,0.0,0.02,0.04,0,24,0,0,0,1.7142857142857142,0.0
9,5191,4,False,0,2025-02-24,2,0.0,0.02,0.04,0,24,0,0,0,2.0,0.0
9,5202,4,False,0,2025-02-24,2,0.0,0.09,0.12,0,24,0,0,0,1.8571428571428572,0.0
9,5208,4,False,0,2025-02-24,1,0.0,0.02,0.03,0,24,0,0,0,1.7142857142857142,0.0
9,5228,4,False,0,2025-02-24,1,0.0,0.01,0.02,0,24,0,0,0,1.8571428571428572,0.0
9,5229,4,False,0,2025-02-24,2,0.0,0.03,0.05,0,24,0,0,0,1.7142857142857142,0.0
9,5263,4,False,0,2025-02-24,3,0.0,0.02,0.04,0,24,0,0,0,2.0,0.0
9,5266,4,False,0,2025-02-24,2,0.0,0.06,0.1,0,24,0,0,0,2.2857142857142856,0.0
9,5286,4,False,0,2025-02-24,1,0.0,0.05,0.08,0,24,0,0,0,1.8571428571428572,0.0
9,74,5,True,0,2025-02-24,1,0.0,0.02,0.04,0,24,0,0,0,1.7142857142857142,0.0
9,213,5,True,0,2025-02-24,1,0.0,0.01,0.03,0,24,0,0,0,1.5714285714285714,0.0
9,284,5,True,0,2025-02-24,4,0.0,0.05,0.08,0,24,0,0,0,1.5714285714285714,0.0
9,567,5,True,0,2025-02-24,1,0.0,0.01,0.04,0,24,0,0,0,2.0,0.0
9,783,5,True,0,2025-02-24,10,0.0,0.03,0.06,0,24,0,0,0,1.8571428571428572,0.0
9,821,5,True,0,2025-02-24,1,0.0,0.03,0.06,0,24,0,0,0,2.857142857142857,0.0
9,873,5,True,0,2025-02-24,3,0.0,0.03,0.05,0,24,0,0,0,2.7142857142857144,0.0
9,929,5,True,0,2025-02-24,1,0.0,0.07,0.16,0,24,0,0,0,3.0,0.0
9,1037,5,True,0,2025-02-24,4,0.0,0.01,0.02,0,24,0,0,0,3.0,0.0
9,1163,5,True,0,2025-02-24,6,1.0,0.08,0.15,0,24,0,0,0,3.4285714285714284,0.0
9,1247,5,True,0,2025-02-24,7,0.0,0.04,0.05,0,24,0,0,0,3.7142857142857144,0.0
9,1333,5,True,0,2025-02-24,2,0.0,0.02,0.03,0,24,0,0,0,4.571428571428571,0.0
9,1339,5,True,0,2025-02-24,2,0.0,0.02,0.04,0,24,0,0,0,3.4285714285714284,0.0
9,1427,5,True,0,2025-02-24,0,0.0,0.01,0.04,0,24,0,0,0,3.5714285714285716,0.0
9,1746,5,True,0,2025-02-24,2,0.0,0.02,0.07,0,24,0,0,0,3.142857142857143,0.0
9,1882,5,True,0,2025-02-24,5,0.0,0.17,0.49,0,24,0,0,0,3.2857142857142856,0.0
9,2066,5,True,0,2025-02-24,1,0.0,0.1,0.15,0,24,0,0,0,3.4285714285714284,0.0
9,2104,5,True,0,2025-02-24,2,1.0,0.03,0.04,0,24,0,0,0,2.7142857142857144,0.0
9,2120,5,True,0,2025-02-24,2,0.0,0.03,0.06,0,24,0,0,0,2.0,0.0
9,2132,5,True,0,2025-02-24,3,0.0,0.01,0.04,0,24,0,0,0,2.0,0.0
9,2141,5,True,0,2025-02-24,0,2.0,0.01,0.03,0,24,0,0,0,2.142857142857143,0.0
9,2219,5,True,0,2025-02-24,2,0.0,0.11,0.24,0,24,0,0,0,2.142857142857143,0.0
9,2224,5,True,0,2025-02-24,2,0.0,0.03,0.08,0,24,0,0,0,2.142857142857143,0.0
9,2325,5,True,0,2025-02-24,4,0.0,0.03,0.06,0,24,0,0,0,1.7142857142857142,0.0
9,2418,5,True,0,2025-02-24,0,0.0,0.03,0.07,0,24,0,0,0,2.142857142857143,0.0
9,2880,5,True,0,2025-02-24,1,0.0,0.02,0.03,0,24,0,0,0,1.8571428571428572,0.0
9,3085,5,True,0,2025-02-24,3,0.0,0.02,0.03,0,24,0,0,0,1.7142857142857142,0.0
9,3087,5,True,0,2025-02-24,2,0.0,0.04,0.09,0,24,0,0,0,1.7142857142857142,0.0
9,3164,5,True,0,2025-02-24,3,0.0,0.05,0.1,0,24,0,0,0,2.0,0.0
9,3218,5,True,0,2025-02-24,3,0.0,0.02,0.07,0,24,0,0,0,2.142857142857143,0.0
9,3229,5,True,0,2025-02-24,3,0.0,0.04,0.09,0,24,0,0,0,2.2857142857142856,0.0
9,3292,5,True,0,2025-02-24,5,0.0,0.03,0.05,0,24,0,0,0,2.142857142857143,0.0
9,3330,5,True,0,2025-02-24,0,4.0,0.06,0.11,0,24,0,0,0,2.857142857142857,0.0
9,3424,5,True,0,2025-02-24,1,0.0,0.01,0.02,0,24,0,0,0,2.7142857142857144,0.0
9,3439,5,True,0,2025-02-24,2,0.0,0.02,0.04,0,24,0,0,0,2.4285714285714284,0.0
9,3463,5,True,0,2025-02-24,3,0.0,0.03,0.05,0,24,0,0,0,2.4285714285714284,0.0
9,3558,5,True,0,2025-02-24,8,0.0,0.03,0.06,0,24,0,0,0,2.4285714285714284,0.0
9,3624,5,True,0,2025-02-24,1,0.0,0.06,0.13,0,24,0,0,0,3.142857142857143,0.0
9,3807,5,True,0,2025-02-24,1,0.0,0.08,0.1,0,24,0,0,0,2.857142857142857,0.0
9,3984,5,True,0,2025-02-24,1,0.0,0.02,0.04,0,24,0,0,0,2.2857142857142856,0.0
9,3996,5,True,0,2025-02-24,5,0.0,0.03,0.08,0,24,0,0,0,2.4285714285714284,0.0
9,4036,5,True,0,2025-02-24,1,1.0,0.01,0.02,0,24,0,0,0,3.0,0.0
9,4081,5,True,0,2025-02-24,2,0.0,0.03,0.07,0,24,0,0,0,2.857142857142857,0.0
9,4175,5,True,0,2025-02-24,7,0.0,0.03,0.06,0,24,0,0,0,2.7142857142857144,0.0
9,4544,5,True,0,2025-02-24,5,0.0,0.04,0.09,0,24,0,0,0,2.5714285714285716,0.0
9,4565,5,True,0,2025-02-24,3,0.0,0.01,0.04,0,24,0,0,0,3.142857142857143,0.0
9,4749,5,True,0,2025-02-24,3,0.0,0.01,0.02,0,24,0,0,0,3.4285714285714284,0.0
9,4789,5,True,0,2025-02-24,2,0.0,0.02,0.05,0,24,0,0,0,3.7142857142857144,0.0
9,4939,5,True,0,2025-02-24,3,0.0,0.02,0.06,0,24,0,0,0,3.2857142857142856,0.0
9,4942,5,True,0,2025-02-24,1,0.0,0.07,0.11,0,24,0,0,0,3.5714285714285716,0.0
9,5006,5,True,0,2025-02-24,1,0.0,0.03,0.04,0,24,0,0,0,3.4285714285714284,0.0
9,5049,5,True,0,2025-02-24,1,0.0,0.02,0.05,0,24,0,0,0,2.5714285714285716,0.0
9,5098,5,True,0,2025-02-24,0,1.0,0.02,0.05,0,24,0,0,0,2.0,0.0
9,5217,5,True,0,2025-02-24,2,0.0,0.02,0.04,0,24,0,0,0,1.5714285714285714,0.0
9,173,6,False,0,2025-02-24,1,0.0,0.09,0.14,0,24,0,0,0,1.4285714285714286,0.0
9,337,6,False,0,2025-02-24,1,0.0,0.12,0.04,0,24,0,0,0,1.2857142857142858,0.0
9,366,6,False,0,2025-02-24,0,0.0,0.08,0.1,0,24,0,0,0,1.0,0.0
9,386,6,False,0,2025-02-24,0,0.0,0.17,0.24,0,24,0,0,0,0.8571428571428571,0.0
9,449,6,False,0,2025-02-24,1,0.0,0.28,0.44,0,24,0,0,0,0.7142857142857143,0.0
9,594,6,False,0,2025-02-24,3,0.0,0.19,0.2,0,24,0,0,0,0.7142857142857143,0.0
9,820,6,False,0,2025-02-24,1,0.0,0.16,0.2,0,24,0,0,0,1.1428571428571428,0.0
9,988,6,False,0,2025-02-24,1,0.0,0.16,0.24,0,24,0,0,0,1.0,0.0
9,1031,6,False,0,2025-02-24,1,0.0,0.1,0.12,0,24,0,0,0,1.0,0.0
9,1124,6,False,0,2025-02-24,2,0.0,0.12,0.22,0,24,0,0,0,1.0,0.0
9,1276,6,False,0,2025-02-24,1,0.0,0.13,0.17,0,24,0,0,0,1.2857142857142858,0.0
9,1340,6,False,0,2025-02-24,2,0.0,0.17,0.23,0,24,0,0,0,1.4285714285714286,0.0
9,1429,6,False,0,2025-02-24,1,0.0,0.08,0.11,0,24,0,0,0,1.5714285714285714,0.0
9,1534,6,False,0,2025-02-24,4,0.0,0.15,0.21,0,24,0,0,0,1.2857142857142858,0.0
9,1544,6,False,0,2025-02-24,2,0.0,0.08,0.1,0,24,0,0,0,1.7142857142857142,0.0
9,1611,6,False,0,2025-02-24,1,0.0,0.11,0.14,0,24,0,0,0,1.8571428571428572,0.0
9,1650,6,False,0,2025-02-24,1,0.0,0.24,0.28,0,24,0,0,0,1.8571428571428572,0.0
9,1702,6,False,0,2025-02-24,1,0.0,0.31,0.36,0,24,0,0,0,1.7142857142857142,0.0
9,1767,6,False,0,2025-02-24,1,0.0,0.12,0.17,0,24,0,0,0,1.7142857142857142,0.0
9,1807,6,False,0,2025-02-24,1,0.0,0.12,0.17,0,24,0,0,0,1.5714285714285714,0.0
9,1811,6,False,0,2025-02-24,0,0.0,0.04,0.06,0,24,0,0,0,1.5714285714285714,0.0
9,1828,6,False,0,2025-02-24,1,0.0,0.26,0.31,0,24,0,0,0,1.0,0.0
9,1868,6,False,0,2025-02-24,1,0.0,0.12,0.13,0,24,0,0,0,0.8571428571428571,0.0
9,1901,6,False,0,2025-02-24,1,0.0,0.16,0.21,0,24,0,0,0,0.8571428571428571,0.0
9,2712,6,False,0,2025-02-24,1,0.0,0.12,0.13,0,24,0,0,0,0.8571428571428571,0.0
9,2912,6,False,0,2025-02-24,0,0.0,0.12,0.18,0,24,0,0,0,0.8571428571428571,0.0
9,3088,6,False,0,2025-02-24,2,0.0,0.06,0.08,0,24,0,0,0,0.7142857142857143,0.0
9,3187,6,False,0,2025-02-24,0,0.0,0.26,0.28,0,24,0,0,0,0.8571428571428571,0.0
9,3202,6,False,0,2025-02-24,0,0.0,0.14,0.21,0,24,0,0,0,0.8571428571428571,0.0
9,3604,6,False,0,2025-02-24,1,0.0,0.32,0.35,0,24,0,0,0,0.7142857142857143,0.0
9,3648,6,False,0,2025-02-24,1,0.0,0.2,0.24,0,24,0,0,0,0.7142857142857143,0.0
9,3687,6,False,0,2025-02-24,2,0.0,0.14,0.22,0,24,0,0,0,0.7142857142857143,0.0
9,3842,6,False,0,2025-02-24,2,0.0,0.39,0.49,0,24,0,0,0,0.8571428571428571,0.0
9,3902,6,False,0,2025-02-24,1,0.0,0.17,0.24,0,24,0,0,0,1.1428571428571428,0.0
9,3912,6,False,0,2025-02-24,1,0.0,0.06,0.07,0,24,0,0,0,1.0,0.0
9,4177,6,False,0,2025-02-24,0,0.0,0.06,0.08,0,24,0,0,0,1.1428571428571428,0.0
9,4234,6,False,0,2025-02-24,2,0.0,0.12,0.16,0,24,0,0,0,1.1428571428571428,0.0
9,4288,6,False,0,2025-02-24,1,0.0,0.13,0.18,0,24,0,0,0,1.2857142857142858,0.0
9,4376,6,False,0,2025-02-24,1,0.0,0.08,0.11,0,24,0,0,0,1.2857142857142858,0.0
9,4386,6,False,0,2025-02-24,1,0.0,0.09,0.14,0,24,0,0,0,1.1428571428571428,0.0
9,4468,6,False,0,2025-02-24,0,0.0,0.34,0.44,0,24,0,0,0,1.0,0.0
9,4892,6,False,0,2025-02-24,0,0.0,0.2,0.23,0,24,0,0,0,0.8571428571428571,0.0
9,4899,6,False,0,2025-02-24,3,0.0,0.06,0.1,0,24,0,0,0,0.7142857142857143,0.0
9,4917,6,False,0,2025-02-24,8,0.0,0.15,0.22,0,24,0,0,0,1.1428571428571428,0.0
9,5150,6,False,0,2025-02-24,6,0.0,0.18,0.21,0,24,0,0,0,2.0,0.0
9,5253,6,False,0,2025-02-24,1,0.0,0.23,0.34,0,24,0,0,0,2.7142857142857144,0.0
9,188,7,False,0,2025-02-24,1,0.0,0.03,0.04,0,24,0,0,0,2.7142857142857144,0.0
9,348,7,False,0,2025-02-24,3,0.0,0.02,0.03,0,24,0,0,0,2.7142857142857144,0.0
9,392,7,False,0,2025-02-24,1,0.0,0.01,0.01,0,24,0,0,0,3.142857142857143,0.0
9,503,7,False,0,2025-02-24,9,0.0,0.01,0.01,0,24,0,0,0,3.2857142857142856,0.0
9,680,7,False,0,2025-02-24,20,0.0,0.01,0.01,0,24,0,0,0,4.142857142857143,0.0
9,743,7,False,0,2025-02-24,4,0.0,0.02,0.04,0,24,0,0,0,5.857142857142857,0.0
9,840,7,False,0,2025-02-24,4,0.0,0.02,0.03,0,24,0,0,0,5.571428571428571,0.0
9,966,7,False,0,2025-02-24,2,0.0,0.03,0.04,0,24,0,0,0,6.0,0.0
9,1084,7,False,0,2025-02-24,1,0.0,0.01,0.01,0,24,0,0,0,6.142857142857143,0.0
9,1108,7,False,0,2025-02-24,1,0.0,0.05,0.09,0,24,0,0,0,5.857142857142857,0.0
9,1128,7,False,0,2025-02-24,0,0.0,0.02,0.02,0,24,0,0,0,5.857142857142857,0.0
9,1253,7,False,0,2025-02-24,1,0.0,0.01,0.02,0,24,0,0,0,4.571428571428571,0.0
9,1445,7,False,0,2025-02-24,4,0.0,0.04,0.05,0,24,0,0,0,1.8571428571428572,0.0
9,1488,7,False,0,2025-02-24,3,0.0,0.01,0.01,0,24,0,0,0,1.8571428571428572,0.0
9,1556,7,False,0,2025-02-24,3,0.0,0.02,0.03,0,24,0,0,0,1.7142857142857142,0.0
9,1591,7,False,0,2025-02-24,2,1.0,0.05,0.09,0,24,0,0,0,1.8571428571428572,0.0
9,1677,7,False,0,2025-02-24,1,0.0,0.02,0.04,0,24,0,0,0,2.0,0.0
9,1697,7,False,0,2025-02-24,0,1.0,0.05,0.09,0,24,0,0,0,2.0,0.0
9,1895,7,False,0,2025-02-24,1,0.0,0.02,0.02,0,24,0,0,0,2.0,0.0
9,1905,7,False,0,2025-02-24,3,0.0,0.02,0.02,0,24,0,0,0,2.0,0.0
9,1981,7,False,0,2025-02-24,1,0.0,0.01,0.01,0,24,0,0,0,1.8571428571428572,0.0
9,2105,7,False,0,2025-02-24,1,0.0,0.02,0.03,0,24,0,0,0,1.5714285714285714,0.0
9,2182,7,False,0,2025-02-24,1,0.0,0.2,0.26,0,24,0,0,0,1.2857142857142858,0.0
9,2202,7,False,0,2025-02-24,4,0.0,0.11,0.14,0,24,0,0,0,1.1428571428571428,0.0
9,2232,7,False,0,2025-02-24,2,0.0,0.04,0.08,0,24,0,0,0,1.5714285714285714,0.0
9,2340,7,False,0,2025-02-24,2,1.0,0.02,0.02,0,24,0,0,0,1.8571428571428572,0.0
9,2380,7,False,0,2025-02-24,1,0.0,0.03,0.05,0,24,0,0,0,2.0,0.0
9,2439,7,False,0,2025-02-24,1,0.0,0.03,0.04,0,24,0,0,0,1.7142857142857142,0.0
9,2645,7,False,0,2025-02-24,5,0.0,0.03,0.04,0,24,0,0,0,1.7142857142857142,0.0
9,2792,7,False,0,2025-02-24,3,0.0,0.02,0.04,0,24,0,0,0,2.2857142857142856,0.0
9,2989,7,False,0,2025-02-24,0,0.0,0.0,0.0,0,24,0,0,0,2.5714285714285716,0.0
9,3025,7,False,0,2025-02-24,6,0.0,0.01,0.01,0,24,0,0,0,2.0,0.0
9,3078,7,False,0,2025-02-24,3,1.0,0.07,0.09,0,24,0,0,0,2.5714285714285716,0.0
9,3111,7,False,0,2025-02-24,1,0.0,0.03,0.04,0,24,0,0,0,2.7142857142857144,0.0
9,3125,7,False,0,2025-02-24,1,0.0,0.02,0.03,0,24,0,0,0,2.7142857142857144,0.0
9,4069,7,False,0,2025-02-24,1,0.0,0.02,0.02,0,24,0,0,0,2.7142857142857144,0.0
9,4233,7,False,0,2025-02-24,3,0.0,0.06,0.1,0,24,0,0,0,2.142857142857143,0.0
9,4424,7,False,0,2025-02-24,2,0.0,0.02,0.05,0,24,0,0,0,2.142857142857143,0.0
9,4454,7,False,0,2025-02-24,1,0.0,0.01,0.02,0,24,0,0,0,2.4285714285714284,0.0
9,4484,7,False,0,2025-02-24,20,0.0,0.02,0.05,0,24,0,0,0,1.7142857142857142,0.0
9,4599,7,False,0,2025-02-24,2,0.0,0.01,0.02,0,24,0,0,0,4.142857142857143,0.0
9,4624,7,False,0,2025-02-24,1,0.0,0.03,0.04,0,24,0,0,0,4.285714285714286,0.0
9,4763,7,False,0,2025-02-24,2,0.0,0.01,0.02,0,24,0,0,0,4.285714285714286,0.0
9,4788,7,False,0,2025-02-24,1,0.0,0.02,0.03,0,24,0,0,0,4.428571428571429,0.0
9,4841,7,False,0,2025-02-24,2,0.0,0.01,0.02,0,24,0,0,0,4.142857142857143,0.0
9,4910,7,False,0,2025-02-24,0,1.0,0.2,0.22,0,24,0,0,0,4.142857142857143,0.0
9,5031,7,False,0,2025-02-24,1,0.0,0.3,0.52,0,24,0,0,0,4.0,0.0
9,5141,7,False,0,2025-02-24,2,0.0,0.02,0.03,0,24,0,0,0,1.2857142857142858,0.0
9,55,8,False,0,2025-02-24,8,0.0,0.04,0.08,0,24,0,0,0,1.2857142857142858,0.0
9,494,8,False,0,2025-02-24,14,0.0,0.01,0.03,0,24,0,0,0,2.2857142857142856,0.0
9,566,8,False,0,2025-02-24,29,0.0,0.01,0.01,0,24,0,0,0,4.0,0.0
9,658,8,False,0,2025-02-24,3,0.0,0.1,0.15,0,24,0,0,0,8.0,0.0
9,675,8,False,0,2025-02-24,0,0.0,0.01,0.0,0,24,0,0,0,8.142857142857142,0.0
9,790,8,False,0,2025-02-24,3,0.0,0.01,0.02,0,24,0,0,0,8.142857142857142,0.0
9,868,8,False,0,2025-02-24,1,0.0,0.14,0.2,0,24,0,0,0,8.428571428571429,0.0
9,870,8,False,0,2025-02-24,3,0.0,0.01,0.01,0,24,0,0,0,8.285714285714286,0.0
9,1004,8,False,0,2025-02-24,9,0.0,0.02,0.06,0,24,0,0,0,7.571428571428571,0.0
9,1076,8,False,0,2025-02-24,11,0.0,0.01,0.02,0,24,0,0,0,6.857142857142857,0.0
9,1116,8,False,0,2025-02-24,12,0.0,0.02,0.02,0,24,0,0,0,4.285714285714286,0.0
9,1134,8,False,0,2025-02-24,12,0.0,0.0,0.01,0,24,0,0,0,5.571428571428571,0.0
9,1285,8,False,0,2025-02-24,5,0.0,0.03,0.05,0,24,0,0,0,7.285714285714286,0.0
9,1541,8,False,0,2025-02-24,6,2.0,0.02,0.04,0,24,0,0,0,7.571428571428571,0.0
9,1748,8,False,0,2025-02-24,8,0.0,0.03,0.04,0,24,0,0,0,8.285714285714286,0.0
9,1819,8,False,0,2025-02-24,8,0.0,0.01,0.02,0,24,0,0,0,9.0,0.0
9,1923,8,False,0,2025-02-24,2,0.0,0.01,0.02,0,24,0,0,0,8.857142857142858,0.0
9,1930,8,False,0,2025-02-24,2,0.0,0.03,0.06,0,24,0,0,0,7.571428571428571,0.0
9,2029,8,False,0,2025-02-24,2,0.0,0.04,0.07,0,24,0,0,0,6.142857142857143,0.0
9,2288,8,False,0,2025-02-24,16,0.0,0.01,0.02,0,24,0,0,0,4.714285714285714,0.0
9,3028,8,False,0,2025-02-24,3,0.0,0.01,0.02,0,24,0,0,0,6.285714285714286,0.0
9,3180,8,False,0,2025-02-24,12,0.0,0.01,0.03,0,24,0,0,0,5.857142857142857,0.0
9,3326,8,False,0,2025-02-24,2,0.0,0.03,0.03,0,24,0,0,0,6.428571428571429,0.0
9,3450,8,False,0,2025-02-24,15,0.0,0.02,0.03,0,24,0,0,0,5.571428571428571,0.0
9,3476,8,False,0,2025-02-24,2,0.0,0.07,0.11,0,24,0,0,0,7.428571428571429,0.0
9,3574,8,False,0,2025-02-24,6,1.0,0.02,0.03,0,24,0,0,0,7.428571428571429,0.0
9,3592,8,False,0,2025-02-24,5,0.0,0.02,0.04,0,24,0,0,0,8.0,0.0
9,3750,8,False,0,2025-02-24,11,0.0,0.01,0.02,0,24,0,0,0,6.428571428571429,0.0
9,3770,8,False,0,2025-02-24,15,0.0,0.01,0.02,0,24,0,0,0,7.571428571428571,0.0
9,3963,8,False,0,2025-02-24,5,0.0,0.01,0.01,0,24,0,0,0,8.0,0.0
9,4115,8,False,0,2025-02-24,4,0.0,0.02,0.04,0,24,0,0,0,8.428571428571429,0.0
9,4538,8,False,0,2025-02-24,11,0.0,0.02,0.02,0,24,0,0,0,6.857142857142857,0.0
9,4609,8,False,0,2025-02-24,6,0.0,0.05,0.08,0,24,0,0,0,8.142857142857142,0.0
9,4666,8,False,0,2025-02-24,15,0.0,0.01,0.02,0,24,0,0,0,8.142857142857142,0.0
9,4668,8,False,0,2025-02-24,3,0.0,0.01,0.02,0,24,0,0,0,9.571428571428571,0.0
9,4676,8,False,0,2025-02-24,14,0.0,0.01,0.01,0,24,0,0,0,8.428571428571429,0.0
9,4751,8,False,0,2025-02-24,1,0.0,0.02,0.03,0,24,0,0,0,8.285714285714286,0.0
9,4807,8,False,0,2025-02-24,8,0.0,0.01,0.01,0,24,0,0,0,7.714285714285714,0.0
9,4862,8,False,0,2025-02-24,2,0.0,0.18,0.31,0,24,0,0,0,8.285714285714286,0.0
9,5001,8,False,0,2025-02-24,15,0.0,0.01,0.03,0,24,0,0,0,7.0,0.0
9,5203,8,False,0,2025-02-24,9,0.0,0.01,0.03,0,24,0,0,0,8.285714285714286,0.0
9,3,9,True,0,2025-02-24,2,0.0,0.02,0.06,0,24,0,0,0,7.428571428571429,0.0
9,29,9,True,0,2025-02-24,5,0.0,0.05,0.06,0,24,0,0,0,7.285714285714286,0.0
9,67,9,True,0,2025-02-24,2,0.0,0.01,0.04,0,24,0,0,0,6.0,0.0
9,68,9,True,0,2025-02-24,1,1.0,0.02,0.07,0,24,0,0,0,6.142857142857143,0.0
9,75,9,True,0,2025-02-24,5,0.0,0.03,0.05,0,24,0,0,0,5.142857142857143,0.0
9,162,9,True,0,2025-02-24,2,0.0,0.03,0.07,0,24,0,0,0,5.571428571428571,0.0
9,176,9,True,0,2025-02-24,7,0.0,0.02,0.06,0,24,0,0,0,3.7142857142857144,0.0
9,266,9,True,0,2025-02-24,0,0.0,0.03,0.1,0,24,0,0,0,3.4285714285714284,0.0
9,322,9,True,0,2025-02-24,0,0.0,0.05,0.06,0,24,0,0,0,3.142857142857143,0.0
9,335,9,True,0,2025-02-24,3,0.0,0.02,0.06,0,24,0,0,0,2.4285714285714284,0.0
9,342,9,True,0,2025-02-24,3,0.0,0.02,0.05,0,24,0,0,0,2.5714285714285716,0.0
9,379,9,True,0,2025-02-24,1,0.0,0.06,0.08,0,24,0,0,0,2.857142857142857,0.0
9,426,9,True,0,2025-02-24,4,0.0,0.05,0.1,0,24,0,0,0,2.2857142857142856,0.0
9,469,9,True,0,2025-02-24,2,0.0,0.02,0.03,0,24,0,0,0,2.5714285714285716,0.0
9,487,9,True,0,2025-02-24,8,0.0,0.03,0.1,0,24,0,0,0,1.8571428571428572,0.0
9,500,9,True,0,2025-02-24,7,0.0,0.01,0.04,0,24,0,0,0,3.0,0.0
9,520,9,True,0,2025-02-24,2,0.0,0.04,0.1,0,24,0,0,0,4.0,0.0
9,546,9,True,0,2025-02-24,1,0.0,0.02,0.03,0,24,0,0,0,3.857142857142857,0.0
9,562,9,True,0,2025-02-24,3,0.0,0.03,0.04,0,24,0,0,0,3.5714285714285716,0.0
9,589,9,True,0,2025-02-24,6,0.0,0.03,0.04,0,24,0,0,0,3.857142857142857,0.0
9,591,9,True,0,2025-02-24,2,0.0,0.04,0.1,0,24,0,0,0,4.142857142857143,0.0
9,654,9,True,0,2025-02-24,3,0.0,0.03,0.07,0,24,0,0,0,4.142857142857143,0.0
9,673,9,True,0,2025-02-24,0,0.0,0.02,0.05,0,24,0,0,0,3.4285714285714284,0.0
9,687,9,True,0,2025-02-24,0,0.0,0.04,0.08,0,24,0,0,0,2.4285714285714284,0.0
9,698,9,True,0,2025-02-24,2,0.0,0.04,0.09,0,24,0,0,0,2.142857142857143,0.0
9,708,9,True,0,2025-02-24,1,0.0,0.04,0.08,0,24,0,0,0,2.2857142857142856,0.0
9,715,9,True,0,2025-02-24,3,0.0,0.02,0.04,0,24,0,0,0,2.0,0.0
9,738,9,True,0,2025-02-24,7,0.0,0.03,0.07,0,24,0,0,0,1.5714285714285714,0.0
9,856,9,True,0,2025-02-24,2,0.0,0.01,0.04,0,24,0,0,0,2.2857142857142856,0.0
9,884,9,True,0,2025-02-24,3,1.0,0.05,0.11,0,24,0,0,0,2.142857142857143,0.0
9,893,9,True,0,2025-02-24,2,0.0,0.02,0.06,0,24,0,0,0,2.5714285714285716,0.0
9,908,9,True,0,2025-02-24,6,0.0,0.05,0.09,0,24,0,0,0,2.857142857142857,0.0
9,920,9,True,0,2025-02-24,1,0.0,0.04,0.05,0,24,0,0,0,3.4285714285714284,0.0
9,942,9,True,0,2025-02-24,2,0.0,0.01,0.07,0,24,0,0,0,3.4285714285714284,0.0
9,955,9,True,0,2025-02-24,2,0.0,0.06,0.13,0,24,0,0,0,3.2857142857142856,0.0
9,957,9,True,0,2025-02-24,0,0.0,0.05,0.12,0,24,0,0,0,2.5714285714285716,0.0
9,977,9,True,0,2025-02-24,2,0.0,0.1,0.17,0,24,0,0,0,2.2857142857142856,0.0
9,1016,9,True,0,2025-02-24,1,0.0,0.02,0.09,0,24,0,0,0,2.142857142857143,0.0
9,1039,9,True,0,2025-02-24,2,0.0,0.01,0.03,0,24,0,0,0,2.0,0.0
9,1050,9,True,0,2025-02-24,6,0.0,0.07,0.07,0,24,0,0,0,1.4285714285714286,0.0
9,1075,9,True,0,2025-02-24,1,0.0,0.03,0.05,0,24,0,0,0,2.142857142857143,0.0
9,1081,9,True,0,2025-02-24,9,0.0,0.02,0.19,0,24,0,0,0,2.0,0.0
9,1157,9,True,0,2025-02-24,3,0.0,0.04,0.13,0,24,0,0,0,3.0,0.0
9,1168,9,True,0,2025-02-24,4,0.0,0.09,0.17,0,24,0,0,0,3.4285714285714284,0.0
9,1241,9,True,0,2025-02-24,6,0.0,0.05,0.1,0,24,0,0,0,3.7142857142857144,0.0
9,1243,9,True,0,2025-02-24,9,0.0,0.04,0.07,0,24,0,0,0,4.428571428571429,0.0
9,1281,9,True,0,2025-02-24,4,0.0,0.02,0.03,0,24,0,0,0,5.428571428571429,0.0
9,1334,9,True,0,2025-02-24,2,0.0,0.02,0.05,0,24,0,0,0,5.142857142857143,0.0
9,1364,9,True,0,2025-02-24,2,0.0,0.03,0.12,0,24,0,0,0,5.285714285714286,0.0
9,1453,9,True,0,2025-02-24,1,0.0,0.04,0.06,0,24,0,0,0,4.285714285714286,0.0
9,1504,9,True,0,2025-02-24,0,0.0,0.1,0.17,0,24,0,0,0,4.0,0.0
9,1615,9,True,0,2025-02-24,3,0.0,0.02,0.04,0,24,0,0,0,3.4285714285714284,0.0
9,1699,9,True,0,2025-02-24,1,0.0,0.04,0.09,0,24,0,0,0,3.0,0.0
9,1701,9,True,0,2025-02-24,1,0.0,0.03,0.05,0,24,0,0,0,1.8571428571428572,0.0
9,1713,9,True,0,2025-02-24,2,0.0,0.01,0.02,0,24,0,0,0,1.4285714285714286,0.0
9,1728,9,True,0,2025-02-24,3,1.0,0.02,0.05,0,24,0,0,0,1.4285714285714286,0.0
9,1774,9,True,0,2025-02-24,3,0.0,0.04,0.06,0,24,0,0,0,1.5714285714285714,0.0
9,1872,9,True,0,2025-02-24,3,0.0,0.04,0.05,0,24,0,0,0,1.8571428571428572,0.0
9,1885,9,True,0,2025-02-24,0,0.0,0.01,0.01,0,24,0,0,0,2.2857142857142856,0.0
9,1890,9,True,0,2025-02-24,1,0.0,0.02,0.06,0,24,0,0,0,1.8571428571428572,0.0
9,2007,9,True,0,2025-02-24,3,0.0,0.02,0.07,0,24,0,0,0,1.8571428571428572,0.0
9,2009,9,True,0,2025-02-24,2,0.0,0.01,0.04,0,24,0,0,0,2.142857142857143,0.0
9,2067,9,True,0,2025-02-24,5,0.0,0.04,0.09,0,24,0,0,0,2.142857142857143,0.0
9,2068,9,True,0,2025-02-24,1,0.0,0.02,0.05,0,24,0,0,0,2.4285714285714284,0.0
9,2073,9,True,0,2025-02-24,4,0.0,0.01,0.02,0,24,0,0,0,2.142857142857143,0.0
9,2076,9,True,0,2025-02-24,7,0.0,0.04,0.07,0,24,0,0,0,2.2857142857142856,0.0
9,2121,9,True,0,2025-02-24,6,0.0,0.02,0.05,0,24,0,0,0,3.2857142857142856,0.0
9,2138,9,True,0,2025-02-24,4,0.0,0.05,0.06,0,24,0,0,0,4.0,0.0
9,2184,9,True,0,2025-02-24,3,0.0,0.02,0.07,0,24,0,0,0,4.142857142857143,0.0
9,2220,9,True,0,2025-02-24,1,1.0,0.01,0.05,0,24,0,0,0,4.285714285714286,0.0
9,2225,9,True,0,2025-02-24,2,0.0,0.03,0.1,0,24,0,0,0,3.7142857142857144,0.0
9,2299,9,True,0,2025-02-24,0,0.0,0.02,0.05,0,24,0,0,0,3.857142857142857,0.0
9,2353,9,True,0,2025-02-24,2,0.0,0.01,0.01,0,24,0,0,0,3.2857142857142856,0.0
9,2356,9,True,0,2025-02-24,2,0.0,0.01,0.01,0,24,0,0,0,2.5714285714285716,0.0
9,2388,9,True,0,2025-02-24,3,1.0,0.03,0.14,0,24,0,0,0,2.0,0.0
9,2409,9,True,0,2025-02-24,4,0.0,0.05,0.09,0,24,0,0,0,1.8571428571428572,0.0
9,2427,9,True,0,2025-02-24,2,0.0,0.01,0.03,0,24,0,0,0,2.0,0.0
9,2449,9,True,0,2025-02-24,1,0.0,0.05,0.08,0,24,0,0,0,2.142857142857143,0.0
9,2493,9,True,0,2025-02-24,2,0.0,0.02,0.02,0,24,0,0,0,2.0,0.0
9,2540,9,True,0,2025-02-24,5,0.0,0.05,0.17,0,24,0,0,0,2.2857142857142856,0.0
9,2552,9,True,0,2025-02-24,2,0.0,0.04,0.11,0,24,0,0,0,2.7142857142857144,0.0
9,2597,9,True,0,2025-02-24,1,0.0,0.01,0.03,0,24,0,0,0,2.7142857142857144,0.0
9,2608,9,True,0,2025-02-24,3,0.0,0.04,0.1,0,24,0,0,0,2.4285714285714284,0.0
9,2629,9,True,0,2025-02-24,2,0.0,0.02,0.09,0,24,0,0,0,2.2857142857142856,0.0
9,2633,9,True,0,2025-02-24,3,0.0,0.01,0.01,0,24,0,0,0,2.2857142857142856,0.0
9,2684,9,True,0,2025-02-24,2,0.0,0.04,0.05,0,24,0,0,0,2.5714285714285716,0.0
9,2694,9,True,0,2025-02-24,3,0.0,0.04,0.11,0,24,0,0,0,2.5714285714285716,0.0
9,2724,9,True,0,2025-02-24,1,0.0,0.01,0.04,0,24,0,0,0,2.2857142857142856,0.0
9,2791,9,True,0,2025-02-24,2,0.0,0.1,0.18,0,24,0,0,0,2.142857142857143,0.0
9,2796,9,True,0,2025-02-24,1,0.0,0.03,0.06,0,24,0,0,0,2.2857142857142856,0.0
9,2828,9,True,0,2025-02-24,5,0.0,0.02,0.04,0,24,0,0,0,2.0,0.0
9,2868,9,True,0,2025-02-24,5,0.0,0.03,0.04,0,24,0,0,0,2.4285714285714284,0.0
9,2869,9,True,0,2025-02-24,1,0.0,0.05,0.09,0,24,0,0,0,2.7142857142857144,0.0
9,2877,9,True,0,2025-02-24,2,0.0,0.1,0.05,0,24,0,0,0,2.5714285714285716,0.0
9,2895,9,True,0,2025-02-24,2,0.0,0.06,0.07,0,24,0,0,0,2.4285714285714284,0.0
9,2896,9,True,0,2025-02-24,5,0.0,0.04,0.09,0,24,0,0,0,2.5714285714285716,0.0
9,2921,9,True,0,2025-02-24,4,0.0,0.07,0.11,0,24,0,0,0,3.0,0.0
9,2937,9,True,0,2025-02-24,6,1.0,0.03,0.04,0,24,0,0,0,3.4285714285714284,0.0
9,2945,9,True,0,2025-02-24,1,0.0,0.06,0.07,0,24,0,0,0,3.5714285714285716,0.0
9,2967,9,True,0,2025-02-24,4,0.0,0.13,0.19,0,24,0,0,0,3.0,0.0
9,2986,9,True,0,2025-02-24,5,0.0,0.03,0.04,0,24,0,0,0,3.4285714285714284,0.0
9,2998,9,True,0,2025-02-24,3,0.0,0.01,0.05,0,24,0,0,0,3.857142857142857,0.0
9,3036,9,True,0,2025-02-24,2,0.0,0.03,0.06,0,24,0,0,0,4.0,0.0
9,3059,9,True,0,2025-02-24,3,0.0,0.06,0.13,0,24,0,0,0,3.5714285714285716,0.0
9,3160,9,True,0,2025-02-24,1,0.0,0.01,0.02,0,24,0,0,0,3.4285714285714284,0.0
9,3191,9,True,0,2025-02-24,2,0.0,0.06,0.1,0,24,0,0,0,2.7142857142857144,0.0
9,3291,9,True,0,2025-02-24,6,0.0,0.05,0.1,0,24,0,0,0,2.857142857142857,0.0
9,3332,9,True,0,2025-02-24,1,0.0,0.02,0.07,0,24,0,0,0,3.142857142857143,0.0
9,3367,9,True,0,2025-02-24,13,0.0,0.06,0.12,0,24,0,0,0,2.5714285714285716,0.0
9,3405,9,True,0,2025-02-24,4,0.0,0.01,0.05,0,24,0,0,0,4.0,0.0
9,3412,9,True,0,2025-02-24,5,0.0,0.01,0.02,0,24,0,0,0,4.285714285714286,0.0
9,3477,9,True,0,2025-02-24,2,0.0,0.03,0.06,0,24,0,0,0,4.571428571428571,0.0
9,3491,9,True,0,2025-02-24,1,0.0,0.03,0.08,0,24,0,0,0,4.714285714285714,0.0
9,3503,9,True,0,2025-02-24,2,0.0,0.01,0.04,0,24,0,0,0,4.571428571428571,0.0
9,3505,9,True,0,2025-02-24,3,2.0,0.04,0.1,0,24,0,0,0,4.0,0.0
9,3531,9,True,0,2025-02-24,3,0.0,0.02,0.06,0,24,0,0,0,4.285714285714286,0.0
9,3584,9,True,0,2025-02-24,6,0.0,0.02,0.04,0,24,0,0,0,2.857142857142857,0.0
9,3699,9,True,0,2025-02-24,4,0.0,0.01,0.02,0,24,0,0,0,3.142857142857143,0.0
9,3702,9,True,0,2025-02-24,0,0.0,0.02,0.03,0,24,0,0,0,3.0,0.0
9,3794,9,True,0,2025-02-24,0,0.0,0.03,0.07,0,24,0,0,0,2.7142857142857144,0.0
9,3836,9,True,0,2025-02-24,1,0.0,0.05,0.08,0,24,0,0,0,2.5714285714285716,0.0
9,3872,9,True,0,2025-02-24,2,0.0,0.04,0.07,0,24,0,0,0,2.4285714285714284,0.0
9,3884,9,True,0,2025-02-24,4,0.0,0.01,0.03,0,24,0,0,0,2.2857142857142856,0.0
9,3962,9,True,0,2025-02-24,6,0.0,0.05,0.14,0,24,0,0,0,2.4285714285714284,0.0
9,3998,9,True,0,2025-02-24,1,0.0,0.04,0.06,0,24,0,0,0,2.4285714285714284,0.0
9,4008,9,True,0,2025-02-24,2,0.0,0.04,0.09,0,24,0,0,0,2.0,0.0
9,4056,9,True,0,2025-02-24,1,0.0,0.02,0.04,0,24,0,0,0,2.2857142857142856,0.0
9,4075,9,True,0,2025-02-24,1,0.0,0.06,0.15,0,24,0,0,0,2.4285714285714284,0.0
9,4083,9,True,0,2025-02-24,3,0.0,0.09,0.12,0,24,0,0,0,2.4285714285714284,0.0
9,4232,9,True,0,2025-02-24,5,0.0,0.13,0.21,0,24,0,0,0,2.5714285714285716,0.0
9,4259,9,True,0,2025-02-24,4,0.0,0.26,0.42,0,24,0,0,0,2.7142857142857144,0.0
9,4262,9,True,0,2025-02-24,2,0.0,0.02,0.07,0,24,0,0,0,2.4285714285714284,0.0
9,4279,9,True,0,2025-02-24,3,0.0,0.05,0.1,0,24,0,0,0,2.5714285714285716,0.0
9,4296,9,True,0,2025-02-24,3,0.0,0.04,0.07,0,24,0,0,0,2.7142857142857144,0.0
9,4332,9,True,0,2025-02-24,1,0.0,0.04,0.12,0,24,0,0,0,3.0,0.0
9,4353,9,True,0,2025-02-24,3,0.0,0.01,0.06,0,24,0,0,0,3.0,0.0
9,4363,9,True,0,2025-02-24,3,0.0,0.05,0.09,0,24,0,0,0,3.0,0.0
9,4393,9,True,0,2025-02-24,0,0.0,0.09,0.17,0,24,0,0,0,2.7142857142857144,0.0
9,4406,9,True,0,2025-02-24,2,0.0,0.02,0.07,0,24,0,0,0,2.142857142857143,0.0
9,4459,9,True,0,2025-02-24,2,0.0,0.02,0.03,0,24,0,0,0,2.142857142857143,0.0
9,4477,9,True,0,2025-02-24,1,0.0,0.03,0.06,0,24,0,0,0,2.0,0.0
9,4532,9,True,0,2025-02-24,1,0.0,0.02,0.04,0,24,0,0,0,1.7142857142857142,0.0
9,4574,9,True,0,2025-02-24,3,0.0,0.01,0.06,0,24,0,0,0,1.7142857142857142,0.0
9,4623,9,True,0,2025-02-24,4,0.0,0.03,0.07,0,24,0,0,0,1.7142857142857142,0.0
9,4677,9,True,0,2025-02-24,3,0.0,0.12,0.16,0,24,0,0,0,1.8571428571428572,0.0
9,4695,9,True,0,2025-02-24,3,0.0,0.04,0.1,0,24,0,0,0,2.2857142857142856,0.0
9,4709,9,True,0,2025-02-24,2,0.0,0.08,0.12,0,24,0,0,0,2.4285714285714284,0.0
9,4728,9,True,0,2025-02-24,3,0.0,0.02,0.02,0,24,0,0,0,2.4285714285714284,0.0
9,4737,9,True,0,2025-02-24,2,0.0,0.01,0.03,0,24,0,0,0,2.7142857142857144,0.0
9,4775,9,True,0,2025-02-24,2,0.0,0.04,0.06,0,24,0,0,0,2.857142857142857,0.0
9,4784,9,True,0,2025-02-24,0,0.0,0.01,0.03,0,24,0,0,0,2.7142857142857144,0.0
9,4858,9,True,0,2025-02-24,2,0.0,0.15,0.21,0,24,0,0,0,2.142857142857143,0.0
9,4863,9,True,0,2025-02-24,2,0.0,0.02,0.05,0,24,0,0,0,2.0,0.0
9,4927,9,True,0,2025-02-24,5,0.0,0.06,0.14,0,24,0,0,0,1.8571428571428572,0.0
9,4974,9,True,0,2025-02-24,2,0.0,0.02,0.06,0,24,0,0,0,2.2857142857142856,0.0
9,5011,9,True,0,2025-02-24,4,0.0,0.06,0.1,0,24,0,0,0,2.142857142857143,0.0
9,5012,9,True,0,2025-02-24,1,0.0,0.01,0.03,0,24,0,0,0,2.4285714285714284,0.0
9,5070,9,True,0,2025-02-24,4,0.0,0.05,0.12,0,24,0,0,0,2.2857142857142856,0.0
9,5226,9,True,0,2025-02-24,5,1.0,0.05,0.1,0,24,0,0,0,2.857142857142857,0.0
9,5242,9,True,0,2025-02-24,1,0.0,0.04,0.17,0,24,0,0,0,3.2857142857142856,0.0
9,15,10,False,0,2025-02-24,10,0.0,0.03,0.12,0,24,0,0,0,3.142857142857143,0.0
9,149,10,False,0,2025-02-24,15,0.0,0.02,0.07,0,24,0,0,0,3.857142857142857,0.0
9,2636,10,False,0,2025-02-24,8,0.0,0.09,0.24,0,24,0,0,0,5.714285714285714,0.0
9,3122,10,False,0,2025-02-24,8,4.0,0.01,0.03,0,24,0,0,0,6.285714285714286,0.0
9,3904,10,False,0,2025-02-24,0,0.0,0.03,0.04,0,24,0,0,0,7.285714285714286,0.0
9,4959,10,False,0,2025-02-24,24,0.0,0.01,0.02,0,24,0,0,0,6.714285714285714,0.0
9,518,11,False,0,2025-02-24,0,0.0,0.16,0.15,0,24,0,0,0,9.428571428571429,0.0
9,669,11,False,0,2025-02-24,3,0.0,0.07,0.09,0,24,0,0,0,9.285714285714286,0.0
9,926,11,False,0,2025-02-24,3,0.0,0.14,0.16,0,24,0,0,0,8.285714285714286,0.0
9,934,11,False,0,2025-02-24,0,1.0,0.18,0.2,0,24,0,0,0,6.571428571428571,0.0
9,1341,11,False,0,2025-02-24,1,0.0,0.16,0.18,0,24,0,0,0,5.428571428571429,0.0
9,1710,11,False,0,2025-02-24,4,0.0,0.12,0.14,0,24,0,0,0,4.428571428571429,0.0
9,1735,11,False,0,2025-02-24,3,0.0,0.1,0.14,0,24,0,0,0,5.0,0.0
9,1879,11,False,0,2025-02-24,4,0.0,0.1,0.13,0,24,0,0,0,2.0,0.0
9,3084,11,False,0,2025-02-24,3,0.0,0.12,0.14,0,24,0,0,0,2.5714285714285716,0.0
9,3602,11,False,0,2025-02-24,3,0.0,0.12,0.14,0,24,0,0,0,2.5714285714285716,0.0
9,3829,11,False,0,2025-02-24,5,0.0,0.1,0.15,0,24,0,0,0,2.5714285714285716,0.0
9,3961,11,False,0,2025-02-24,3,0.0,0.09,0.11,0,24,0,0,0,3.2857142857142856,0.0
9,4171,11,False,0,2025-02-24,3,0.0,0.14,0.21,0,24,0,0,0,3.5714285714285716,0.0
9,4322,11,False,0,2025-02-24,2,0.0,0.1,0.12,0,24,0,0,0,3.4285714285714284,0.0
9,4441,11,False,0,2025-02-24,2,0.0,0.12,0.15,0,24,0,0,0,3.2857142857142856,0.0
9,4930,11,False,0,2025-02-24,2,0.0,0.09,0.12,0,24,0,0,0,3.0,0.0
9,27,1,False,0,2025-02-28,2,0.0,0.07,0.07,4,28,0,0,1,2.857142857142857,0.0
9,982,1,False,0,2025-02-28,2,0.0,0.2,0.24,4,28,0,0,1,2.7142857142857144,0.0
9,1030,1,False,0,2025-02-28,4,0.0,0.29,0.16,4,28,0,0,1,2.2857142857142856,0.0
9,1304,1,False,0,2025-02-28,1,0.0,0.04,0.07,4,28,0,0,1,2.4285714285714284,0.0
9,1590,1,False,0,2025-02-28,2,0.0,0.06,0.09,4,28,0,0,1,2.142857142857143,0.0
9,1752,1,False,0,2025-02-28,2,0.0,0.16,0.19,4,28,0,0,1,2.142857142857143,0.0
9,1840,1,False,0,2025-02-28,2,0.0,0.13,0.16,4,28,0,0,1,2.142857142857143,0.0
9,1853,1,False,0,2025-02-28,0,0.0,0.18,0.21,4,28,0,0,1,2.142857142857143,0.0
9,1874,1,False,0,2025-02-28,3,0.0,0.03,0.04,4,28,0,0,1,1.8571428571428572,0.0
9,2850,1,False,0,2025-02-28,2,0.0,0.18,0.16,4,28,0,0,1,2.0,0.0
9,3058,1,False,0,2025-02-28,4,0.0,0.16,0.2,4,28,0,0,1,1.7142857142857142,0.0
9,3120,1,False,0,2025-02-28,10,0.0,0.16,0.15,4,28,0,0,1,2.142857142857143,0.0
9,3326,1,False,0,2025-02-28,2,0.0,0.03,0.03,4,28,0,0,1,3.2857142857142856,0.0
9,3621,1,False,0,2025-02-28,2,0.0,0.03,0.04,4,28,0,0,1,3.2857142857142856,0.0
9,3625,1,False,0,2025-02-28,8,0.0,0.16,0.18,4,28,0,0,1,3.2857142857142856,0.0
9,4088,1,False,0,2025-02-28,2,0.0,0.33,0.43,4,28,0,0,1,4.428571428571429,0.0
9,4089,1,False,0,2025-02-28,2,0.0,0.16,0.18,4,28,0,0,1,4.285714285714286,0.0
9,4206,1,False,0,2025-02-28,4,0.0,0.5,0.56,4,28,0,0,1,4.285714285714286,0.0
9,4693,1,False,0,2025-02-28,3,0.0,0.09,0.1,4,28,0,0,1,4.285714285714286,0.0
9,5035,1,False,0,2025-02-28,2,0.0,0.13,0.13,4,28,0,0,1,3.2857142857142856,0.0
9,9,3,True,0,2025-02-28,3,0.0,0.11,0.16,4,28,0,0,1,3.2857142857142856,0.0
9,42,3,True,0,2025-02-28,1,0.0,0.05,0.06,4,28,0,0,1,3.4285714285714284,0.0
9,54,3,True,0,2025-02-28,1,0.0,0.18,0.22,4,28,0,0,1,2.4285714285714284,0.0
9,63,3,True,0,2025-02-28,1,0.0,0.14,0.18,4,28,0,0,1,2.2857142857142856,0.0
9,71,3,True,0,2025-02-28,1,0.0,0.03,0.03,4,28,0,0,1,2.142857142857143,0.0
9,73,3,True,0,2025-02-28,1,0.0,0.15,0.16,4,28,0,0,1,1.7142857142857142,0.0
9,118,3,True,0,2025-02-28,1,0.0,0.05,0.08,4,28,0,0,1,1.4285714285714286,0.0
9,151,3,True,0,2025-02-28,0,0.0,0.21,0.24,4,28,0,0,1,1.2857142857142858,0.0
9,154,3,True,0,2025-02-28,2,0.0,0.18,0.21,4,28,0,0,1,0.8571428571428571,0.0
9,156,3,True,0,2025-02-28,1,0.0,0.04,0.05,4,28,0,0,1,1.0,0.0
9,224,3,True,0,2025-02-28,1,0.0,0.06,0.08,4,28,0,0,1,1.0,0.0
9,230,3,True,0,2025-02-28,0,0.0,0.03,0.05,4,28,0,0,1,1.0,0.0
9,258,3,True,0,2025-02-28,2,0.0,0.03,0.05,4,28,0,0,1,0.8571428571428571,0.0
9,304,3,True,0,2025-02-28,1,0.0,0.1,0.12,4,28,0,0,1,1.0,0.0
9,307,3,True,0,2025-02-28,0,0.0,0.16,0.2,4,28,0,0,1,1.0,0.0
9,319,3,True,0,2025-02-28,1,0.0,0.35,0.35,4,28,0,0,1,1.0,0.0
9,323,3,True,0,2025-02-28,1,0.0,0.28,0.31,4,28,0,0,1,0.8571428571428571,0.0
9,347,3,True,0,2025-02-28,1,0.0,0.06,0.07,4,28,0,0,1,0.8571428571428571,0.0
9,377,3,True,0,2025-02-28,1,0.0,0.12,0.19,4,28,0,0,1,0.8571428571428571,0.0
9,384,3,True,0,2025-02-28,1,0.0,0.04,0.06,4,28,0,0,1,1.0,0.0
9,396,3,True,0,2025-02-28,2,0.0,0.22,0.24,4,28,0,0,1,0.8571428571428571,0.0
9,400,3,True,0,2025-02-28,1,0.0,0.19,0.23,4,28,0,0,1,1.0,0.0
9,409,3,True,0,2025-02-28,1,0.0,0.1,0.13,4,28,0,0,1,1.1428571428571428,0.0
9,414,3,True,0,2025-02-28,2,0.0,0.08,0.12,4,28,0,0,1,1.1428571428571428,0.0
9,424,3,True,0,2025-02-28,1,0.0,0.09,0.11,4,28,0,0,1,1.2857142857142858,0.0
9,430,3,True,0,2025-02-28,1,0.0,0.13,0.19,4,28,0,0,1,1.2857142857142858,0.0
9,452,3,True,0,2025-02-28,1,0.0,0.07,0.09,4,28,0,0,1,1.2857142857142858,0.0
9,514,3,True,0,2025-02-28,2,0.0,0.16,0.19,4,28,0,0,1,1.2857142857142858,0.0
9,541,3,True,0,2025-02-28,0,0.0,0.07,0.1,4,28,0,0,1,1.2857142857142858,0.0
9,550,3,True,0,2025-02-28,3,0.0,0.13,0.16,4,28,0,0,1,1.1428571428571428,0.0
9,570,3,True,0,2025-02-28,1,0.0,0.15,0.2,4,28,0,0,1,1.4285714285714286,0.0
9,571,3,True,0,2025-02-28,2,0.0,0.11,0.17,4,28,0,0,1,1.2857142857142858,0.0
9,604,3,True,0,2025-02-28,2,0.0,0.3,0.37,4,28,0,0,1,1.4285714285714286,0.0
9,618,3,True,0,2025-02-28,1,0.0,0.13,0.15,4,28,0,0,1,1.5714285714285714,0.0
9,630,3,True,0,2025-02-28,0,0.0,0.06,0.09,4,28,0,0,1,1.5714285714285714,0.0
9,642,3,True,0,2025-02-28,1,0.0,0.07,0.11,4,28,0,0,1,1.2857142857142858,0.0
9,643,3,True,0,2025-02-28,1,0.0,0.06,0.07,4,28,0,0,1,1.4285714285714286,0.0
9,664,3,True,0,2025-02-28,1,0.0,0.14,0.19,4,28,0,0,1,1.1428571428571428,0.0
9,674,3,True,0,2025-02-28,2,0.0,0.15,0.16,4,28,0,0,1,1.1428571428571428,0.0
9,679,3,True,0,2025-02-28,0,1.0,0.06,0.08,4,28,0,0,1,1.1428571428571428,0.0
9,713,3,True,0,2025-02-28,3,0.0,0.06,0.07,4,28,0,0,1,0.8571428571428571,0.0
9,725,3,True,0,2025-02-28,1,0.0,0.18,0.2,4,28,0,0,1,1.1428571428571428,0.0
9,766,3,True,0,2025-02-28,3,0.0,0.06,0.07,4,28,0,0,1,1.2857142857142858,0.0
9,767,3,True,0,2025-02-28,0,0.0,0.17,0.26,4,28,0,0,1,1.5714285714285714,0.0
9,771,3,True,0,2025-02-28,4,0.0,0.49,0.49,4,28,0,0,1,1.4285714285714286,0.0
9,775,3,True,0,2025-02-28,1,0.0,0.12,0.15,4,28,0,0,1,1.8571428571428572,0.0
9,800,3,True,0,2025-02-28,1,0.0,0.26,0.34,4,28,0,0,1,1.7142857142857142,0.0
9,804,3,True,0,2025-02-28,2,0.0,0.1,0.15,4,28,0,0,1,1.8571428571428572,0.0
9,806,3,True,0,2025-02-28,1,0.0,0.08,0.09,4,28,0,0,1,1.7142857142857142,0.0
9,807,3,True,0,2025-02-28,2,0.0,0.13,0.16,4,28,0,0,1,1.7142857142857142,0.0
9,808,3,True,0,2025-02-28,0,1.0,0.06,0.07,4,28,0,0,1,1.5714285714285714,0.0
9,832,3,True,0,2025-02-28,1,0.0,0.12,0.16,4,28,0,0,1,1.5714285714285714,0.0
9,836,3,True,0,2025-02-28,1,0.0,0.07,0.08,4,28,0,0,1,1.1428571428571428,0.0
9,841,3,True,0,2025-02-28,1,0.0,0.13,0.14,4,28,0,0,1,1.1428571428571428,0.0
9,847,3,True,0,2025-02-28,0,0.0,0.08,0.03,4,28,0,0,1,1.1428571428571428,2.713196188592544
9,850,3,True,0,2025-02-28,1,0.0,0.49,0.53,4,28,0,0,1,0.8571428571428571,0.0
9,874,3,True,0,2025-02-28,1,0.0,0.03,0.04,4,28,0,0,1,0.8571428571428571,0.0
9,897,3,True,0,2025-02-28,3,0.0,0.05,0.06,4,28,0,0,1,0.7142857142857143,0.0
9,903,3,True,0,2025-02-28,1,0.0,0.05,0.08,4,28,0,0,1,1.1428571428571428,0.0
9,905,3,True,0,2025-02-28,2,0.0,0.11,0.18,4,28,0,0,1,1.1428571428571428,0.0
9,921,3,True,0,2025-02-28,1,0.0,0.09,0.12,4,28,0,0,1,1.2857142857142858,0.0
9,922,3,True,0,2025-02-28,2,0.0,0.07,0.09,4,28,0,0,1,1.2857142857142858,0.0
9,937,3,True,0,2025-02-28,8,0.0,0.03,0.04,4,28,0,0,1,1.5714285714285714,0.0
9,940,3,True,0,2025-02-28,1,0.0,0.2,0.23,4,28,0,0,1,2.5714285714285716,0.0
9,965,3,True,0,2025-02-28,4,0.0,0.36,0.44,4,28,0,0,1,2.5714285714285716,0.0
9,971,3,True,0,2025-02-28,3,0.0,0.08,0.1,4,28,0,0,1,2.7142857142857144,0.0
9,978,3,True,0,2025-02-28,0,1.0,0.11,0.13,4,28,0,0,1,3.0,0.0
9,983,3,True,0,2025-02-28,1,0.0,0.11,0.13,4,28,0,0,1,2.7142857142857144,0.0
9,1005,3,True,0,2025-02-28,3,0.0,0.07,0.09,4,28,0,0,1,2.7142857142857144,0.0
9,1006,3,True,0,2025-02-28,1,0.0,0.03,0.03,4,28,0,0,1,2.857142857142857,0.0
9,1022,3,True,0,2025-02-28,1,0.0,0.09,0.13,4,28,0,0,1,1.8571428571428572,0.0
9,1046,3,True,0,2025-02-28,1,0.0,0.06,0.1,4,28,0,0,1,1.8571428571428572,0.0
9,1074,3,True,0,2025-02-28,1,0.0,0.11,0.1,4,28,0,0,1,1.4285714285714286,0.0
9,1080,3,True,0,2025-02-28,2,0.0,0.15,0.18,4,28,0,0,1,1.1428571428571428,0.0
9,1089,3,True,0,2025-02-28,1,0.0,0.11,0.15,4,28,0,0,1,1.4285714285714286,0.0
9,1094,3,True,0,2025-02-28,3,0.0,0.18,0.2,4,28,0,0,1,1.4285714285714286,0.0
9,1106,3,True,0,2025-02-28,6,0.0,0.08,0.12,4,28,0,0,1,1.4285714285714286,0.0
9,1141,3,True,0,2025-02-28,1,0.0,0.09,0.14,4,28,0,0,1,2.142857142857143,0.0
9,1142,3,True,0,2025-02-28,1,0.0,0.28,0.29,4,28,0,0,1,2.142857142857143,0.0
9,1150,3,True,0,2025-02-28,1,0.0,0.04,0.05,4,28,0,0,1,2.142857142857143,0.0
9,1153,3,True,0,2025-02-28,1,0.0,0.07,0.09,4,28,0,0,1,2.142857142857143,0.0
9,1173,3,True,0,2025-02-28,1,0.0,0.05,0.07,4,28,0,0,1,2.0,0.0
9,1208,3,True,0,2025-02-28,1,0.0,0.1,0.12,4,28,0,0,1,2.0,0.0
9,1246,3,True,0,2025-02-28,1,0.0,0.04,0.08,4,28,0,0,1,1.7142857142857142,0.0
9,1254,3,True,0,2025-02-28,2,0.0,0.23,0.26,4,28,0,0,1,1.0,0.0
9,1280,3,True,0,2025-02-28,1,0.0,0.14,0.18,4,28,0,0,1,1.1428571428571428,0.0
9,1315,3,True,0,2025-02-28,1,0.0,0.14,0.23,4,28,0,0,1,1.1428571428571428,0.0
9,1322,3,True,0,2025-02-28,1,0.0,0.25,0.27,4,28,0,0,1,1.1428571428571428,0.0
9,1337,3,True,0,2025-02-28,1,0.0,0.04,0.06,4,28,0,0,1,1.1428571428571428,0.0
9,1348,3,True,0,2025-02-28,1,0.0,0.14,0.16,4,28,0,0,1,1.1428571428571428,0.0
9,1353,3,True,0,2025-02-28,1,0.0,0.12,0.16,4,28,0,0,1,1.1428571428571428,0.0
9,1387,3,True,0,2025-02-28,0,0.0,0.04,0.05,4,28,0,0,1,1.1428571428571428,0.0
9,1413,3,True,0,2025-02-28,1,0.0,0.51,0.69,4,28,0,0,1,0.8571428571428571,0.0
9,1446,3,True,0,2025-02-28,7,0.0,0.01,0.01,4,28,0,0,1,0.8571428571428571,0.0
9,1450,3,True,0,2025-02-28,1,0.0,0.05,0.07,4,28,0,0,1,1.7142857142857142,0.0
9,1458,3,True,0,2025-02-28,1,0.0,0.05,0.06,4,28,0,0,1,1.7142857142857142,0.0
9,1460,3,True,0,2025-02-28,1,0.0,0.05,0.07,4,28,0,0,1,1.7142857142857142,0.0
9,1486,3,True,0,2025-02-28,1,0.0,0.07,0.08,4,28,0,0,1,1.7142857142857142,0.0
9,1514,3,True,0,2025-02-28,2,0.0,0.19,0.22,4,28,0,0,1,1.7142857142857142,0.0
9,1518,3,True,0,2025-02-28,1,0.0,0.17,0.23,4,28,0,0,1,2.0,0.0
9,1520,3,True,0,2025-02-28,1,0.0,0.05,0.06,4,28,0,0,1,2.0,0.0
9,1577,3,True,0,2025-02-28,1,0.0,0.07,0.09,4,28,0,0,1,1.1428571428571428,0.0
9,1604,3,True,0,2025-02-28,1,0.0,0.36,0.44,4,28,0,0,1,1.1428571428571428,0.0
9,1651,3,True,0,2025-02-28,0,0.0,0.22,0.27,4,28,0,0,1,1.1428571428571428,0.0
9,1660,3,True,0,2025-02-28,1,0.0,0.1,0.12,4,28,0,0,1,1.0,0.0
9,1667,3,True,0,2025-02-28,1,0.0,0.07,0.08,4,28,0,0,1,1.0,0.0
9,1689,3,True,0,2025-02-28,1,0.0,0.05,0.07,4,28,0,0,1,0.8571428571428571,0.0
9,1691,3,True,0,2025-02-28,4,0.0,0.03,0.05,4,28,0,0,1,0.8571428571428571,0.0
9,1717,3,True,0,2025-02-28,1,0.0,0.27,0.35,4,28,0,0,1,1.2857142857142858,0.0
9,1736,3,True,0,2025-02-28,1,0.0,0.06,0.08,4,28,0,0,1,1.2857142857142858,0.0
9,1781,3,True,0,2025-02-28,0,0.0,0.04,0.05,4,28,0,0,1,1.2857142857142858,0.0
9,1791,3,True,0,2025-02-28,1,0.0,0.3,0.33,4,28,0,0,1,1.2857142857142858,0.0
9,1800,3,True,0,2025-02-28,1,0.0,0.24,0.32,4,28,0,0,1,1.2857142857142858,0.0
9,1803,3,True,0,2025-02-28,1,0.0,0.07,0.15,4,28,0,0,1,1.2857142857142858,0.0
9,1804,3,True,0,2025-02-28,1,0.0,0.09,0.12,4,28,0,0,1,1.2857142857142858,0.0
9,1843,3,True,0,2025-02-28,34,0.0,0.04,0.05,4,28,0,0,1,0.8571428571428571,0.0
9,1852,3,True,0,2025-02-28,2,0.0,0.05,0.06,4,28,0,0,1,5.571428571428571,0.0
9,1871,3,True,0,2025-02-28,1,0.0,0.17,0.2,4,28,0,0,1,5.714285714285714,0.0
9,1876,3,True,0,2025-02-28,2,0.0,0.07,0.1,4,28,0,0,1,5.857142857142857,0.0
9,1881,3,True,0,2025-02-28,1,0.0,0.18,0.23,4,28,0,0,1,6.0,0.0
9,1903,3,True,0,2025-02-28,1,0.0,0.05,0.07,4,28,0,0,1,6.0,0.0
9,1908,3,True,0,2025-02-28,1,0.0,0.03,0.05,4,28,0,0,1,6.0,0.0
9,1918,3,True,0,2025-02-28,2,0.0,0.03,0.04,4,28,0,0,1,6.0,0.0
9,1932,3,True,0,2025-02-28,6,0.0,0.1,0.13,4,28,0,0,1,1.4285714285714286,0.0
9,1936,3,True,0,2025-02-28,2,0.0,0.43,0.52,4,28,0,0,1,2.0,0.0
9,1947,3,True,0,2025-02-28,2,0.0,0.09,0.14,4,28,0,0,1,2.142857142857143,0.0
9,1962,3,True,0,2025-02-28,3,0.0,0.06,0.11,4,28,0,0,1,2.142857142857143,0.0
9,1965,3,True,0,2025-02-28,2,0.0,0.24,0.31,4,28,0,0,1,2.4285714285714284,0.0
9,1992,3,True,0,2025-02-28,0,0.0,0.08,0.1,4,28,0,0,1,2.5714285714285716,0.0
9,1994,3,True,0,2025-02-28,2,0.0,0.03,0.03,4,28,0,0,1,2.4285714285714284,0.0
9,2017,3,True,0,2025-02-28,2,0.0,0.11,0.16,4,28,0,0,1,2.4285714285714284,0.0
9,2019,3,True,0,2025-02-28,2,0.0,0.15,0.18,4,28,0,0,1,1.8571428571428572,0.0
9,2041,3,True,0,2025-02-28,1,0.0,0.06,0.08,4,28,0,0,1,1.8571428571428572,0.0
9,2043,3,True,0,2025-02-28,1,0.0,0.06,0.08,4,28,0,0,1,1.7142857142857142,0.0
9,2047,3,True,0,2025-02-28,2,0.0,0.12,0.16,4,28,0,0,1,1.4285714285714286,0.0
9,2055,3,True,0,2025-02-28,3,0.0,0.1,0.12,4,28,0,0,1,1.4285714285714286,0.0
9,2084,3,True,0,2025-02-28,1,0.0,0.05,0.06,4,28,0,0,1,1.8571428571428572,0.0
9,2111,3,True,0,2025-02-28,1,0.0,0.29,0.35,4,28,0,0,1,1.7142857142857142,0.0
9,2114,3,True,0,2025-02-28,1,0.0,0.06,0.09,4,28,0,0,1,1.5714285714285714,0.0
9,2115,3,True,0,2025-02-28,6,0.0,0.49,0.72,4,28,0,0,1,1.4285714285714286,0.0
9,2117,3,True,0,2025-02-28,1,0.0,0.14,0.16,4,28,0,0,1,2.142857142857143,0.0
9,2136,3,True,0,2025-02-28,1,0.0,0.27,0.28,4,28,0,0,1,2.142857142857143,0.0
9,2146,3,True,0,2025-02-28,1,0.0,0.2,0.26,4,28,0,0,1,2.0,0.0
9,2173,3,True,0,2025-02-28,2,0.0,0.03,0.04,4,28,0,0,1,1.7142857142857142,0.0
9,2186,3,True,0,2025-02-28,2,0.0,0.25,0.34,4,28,0,0,1,1.8571428571428572,0.0
9,2192,3,True,0,2025-02-28,0,0.0,0.07,0.1,4,28,0,0,1,2.0,0.0
9,2201,3,True,0,2025-02-28,7,0.0,0.12,0.16,4,28,0,0,1,1.8571428571428572,0.0
9,2203,3,True,0,2025-02-28,2,0.0,0.15,0.2,4,28,0,0,1,2.0,0.0
9,2206,3,True,0,2025-02-28,43,0.0,0.02,0.03,4,28,0,0,1,2.142857142857143,0.0
9,2228,3,True,0,2025-02-28,0,0.0,0.16,0.2,4,28,0,0,1,8.142857142857142,0.0
9,2245,3,True,0,2025-02-28,2,0.0,0.2,0.22,4,28,0,0,1,8.0,1.1382073173268525
9,2249,3,True,0,2025-02-28,1,0.0,0.06,0.07,4,28,0,0,1,8.0,0.0
9,2265,3,True,0,2025-02-28,1,0.0,0.03,0.04,4,28,0,0,1,7.857142857142857,0.0
9,2268,3,True,0,2025-02-28,1,0.0,0.14,0.2,4,28,0,0,1,8.0,0.0
9,2282,3,True,0,2025-02-28,2,0.0,0.08,0.1,4,28,0,0,1,7.142857142857143,0.0
9,2289,3,True,0,2025-02-28,1,0.0,0.08,0.1,4,28,0,0,1,7.142857142857143,0.0
9,2300,3,True,0,2025-02-28,1,0.0,0.23,0.24,4,28,0,0,1,1.1428571428571428,0.0
9,2314,3,True,0,2025-02-28,0,1.0,0.06,0.08,4,28,0,0,1,1.2857142857142858,0.0
9,2316,3,True,0,2025-02-28,1,0.0,0.08,0.11,4,28,0,0,1,1.0,0.0
9,2347,3,True,0,2025-02-28,0,0.0,0.16,0.2,4,28,0,0,1,1.0,0.0
9,2350,3,True,0,2025-02-28,1,0.0,0.04,0.05,4,28,0,0,1,0.8571428571428571,0.0
9,2385,3,True,0,2025-02-28,1,0.0,0.02,0.03,4,28,0,0,1,0.8571428571428571,0.0
9,2387,3,True,0,2025-02-28,1,0.0,0.1,0.11,4,28,0,0,1,0.7142857142857143,0.0
9,2394,3,True,0,2025-02-28,1,0.0,0.12,0.17,4,28,0,0,1,0.7142857142857143,0.0
9,2402,3,True,0,2025-02-28,2,0.0,0.07,0.09,4,28,0,0,1,0.7142857142857143,0.0
9,2406,3,True,0,2025-02-28,1,0.0,0.29,0.32,4,28,0,0,1,1.0,0.0
9,2411,3,True,0,2025-02-28,1,0.0,0.16,0.19,4,28,0,0,1,1.0,0.0
9,2422,3,True,0,2025-02-28,5,0.0,0.28,0.31,4,28,0,0,1,1.1428571428571428,0.0
9,2426,3,True,0,2025-02-28,0,0.0,0.15,0.15,4,28,0,0,1,1.7142857142857142,0.0
9,2472,3,True,0,2025-02-28,1,0.0,0.09,0.1,4,28,0,0,1,1.5714285714285714,0.0
9,2496,3,True,0,2025-02-28,0,0.0,0.22,0.26,4,28,0,0,1,1.5714285714285714,0.0
9,2501,3,True,0,2025-02-28,1,0.0,0.09,0.11,4,28,0,0,1,1.4285714285714286,0.0
9,2505,3,True,0,2025-02-28,1,0.0,0.09,0.11,4,28,0,0,1,1.2857142857142858,0.0
9,2521,3,True,0,2025-02-28,1,0.0,0.43,0.44,4,28,0,0,1,1.2857142857142858,0.0
9,2524,3,True,0,2025-02-28,1,0.0,0.29,0.36,4,28,0,0,1,1.2857142857142858,0.0
9,2532,3,True,0,2025-02-28,2,0.0,0.12,0.12,4,28,0,0,1,0.7142857142857143,0.0
9,2533,3,True,0,2025-02-28,1,0.0,0.34,0.39,4,28,0,0,1,1.0,0.0
9,2555,3,True,0,2025-02-28,3,0.0,0.03,0.04,4,28,0,0,1,1.0,0.0
9,2572,3,True,0,2025-02-28,0,0.0,0.34,0.36,4,28,0,0,1,1.4285714285714286,0.0
9,2573,3,True,0,2025-02-28,1,0.0,0.23,0.31,4,28,0,0,1,1.2857142857142858,0.0
9,2575,3,True,0,2025-02-28,0,0.0,0.02,0.03,4,28,0,0,1,1.2857142857142858,0.0
9,2578,3,True,0,2025-02-28,1,0.0,0.04,0.06,4,28,0,0,1,1.1428571428571428,0.0
9,2593,3,True,0,2025-02-28,1,0.0,0.01,0.02,4,28,0,0,1,1.1428571428571428,0.0
9,2594,3,True,0,2025-02-28,1,0.0,0.24,0.29,4,28,0,0,1,1.0,0.0
9,2596,3,True,0,2025-02-28,4,0.0,0.22,0.19,4,28,0,0,1,1.0,0.0
9,2626,3,True,0,2025-02-28,1,0.0,0.25,0.3,4,28,0,0,1,1.1428571428571428,0.0
9,2637,3,True,0,2025-02-28,1,0.0,0.15,0.17,4,28,0,0,1,1.2857142857142858,0.0
9,2650,3,True,0,2025-02-28,1,0.0,0.07,0.09,4,28,0,0,1,1.2857142857142858,0.0
9,2663,3,True,0,2025-02-28,1,0.0,0.54,0.59,4,28,0,0,1,1.4285714285714286,0.0
9,2664,3,True,0,2025-02-28,1,0.0,0.19,0.22,4,28,0,0,1,1.4285714285714286,0.0
9,2668,3,True,0,2025-02-28,2,0.0,0.22,0.3,4,28,0,0,1,1.4285714285714286,0.0
9,2710,3,True,0,2025-02-28,0,0.0,0.06,0.07,4,28,0,0,1,1.5714285714285714,0.0
9,2715,3,True,0,2025-02-28,0,0.0,0.04,0.05,4,28,0,0,1,1.0,0.0
9,2741,3,True,0,2025-02-28,3,0.0,0.17,0.18,4,28,0,0,1,0.8571428571428571,0.0
9,2746,3,True,0,2025-02-28,1,0.0,0.15,0.17,4,28,0,0,1,1.1428571428571428,0.0
9,2768,3,True,0,2025-02-28,1,0.0,0.08,0.11,4,28,0,0,1,1.1428571428571428,0.0
9,2814,3,True,0,2025-02-28,1,0.0,0.1,0.13,4,28,0,0,1,1.1428571428571428,0.0
9,2826,3,True,0,2025-02-28,1,0.0,0.06,0.11,4,28,0,0,1,1.1428571428571428,0.0
9,2827,3,True,0,2025-02-28,0,0.0,0.34,0.38,4,28,0,0,1,1.0,0.0
9,2861,3,True,0,2025-02-28,2,0.0,0.09,0.12,4,28,0,0,1,1.0,0.0
9,2862,3,True,0,2025-02-28,1,0.0,0.32,0.43,4,28,0,0,1,1.2857142857142858,0.0
9,2864,3,True,0,2025-02-28,4,0.0,0.06,0.08,4,28,0,0,1,1.0,0.0
9,2866,3,True,0,2025-02-28,7,0.0,0.25,0.28,4,28,0,0,1,1.4285714285714286,0.0
9,2902,3,True,0,2025-02-28,1,0.0,0.04,0.06,4,28,0,0,1,2.2857142857142856,0.0
9,2910,3,True,0,2025-02-28,1,0.0,0.25,0.32,4,28,0,0,1,2.2857142857142856,0.0
9,2911,3,True,0,2025-02-28,1,0.0,0.27,0.32,4,28,0,0,1,2.2857142857142856,0.0
9,2951,3,True,0,2025-02-28,0,1.0,0.07,0.08,4,28,0,0,1,2.4285714285714284,0.0
9,2954,3,True,0,2025-02-28,1,0.0,0.05,0.06,4,28,0,0,1,2.142857142857143,0.0
9,2958,3,True,0,2025-02-28,1,0.0,0.04,0.05,4,28,0,0,1,2.142857142857143,0.0
9,2974,3,True,0,2025-02-28,3,0.0,0.12,0.14,4,28,0,0,1,1.7142857142857142,0.0
9,2975,3,True,0,2025-02-28,2,0.0,0.14,0.15,4,28,0,0,1,1.1428571428571428,0.0
9,2980,3,True,0,2025-02-28,1,0.0,0.06,0.08,4,28,0,0,1,1.2857142857142858,0.0
9,3022,3,True,0,2025-02-28,1,0.0,0.2,0.24,4,28,0,0,1,1.2857142857142858,0.0
9,3052,3,True,0,2025-02-28,0,0.0,0.16,0.2,4,28,0,0,1,1.2857142857142858,0.0
9,3061,3,True,0,2025-02-28,1,0.0,0.03,0.05,4,28,0,0,1,1.2857142857142858,0.0
9,3069,3,True,0,2025-02-28,1,0.0,0.14,0.2,4,28,0,0,1,1.2857142857142858,0.0
9,3074,3,True,0,2025-02-28,1,0.0,0.12,0.17,4,28,0,0,1,1.2857142857142858,0.0
9,3077,3,True,0,2025-02-28,2,0.0,0.44,0.42,4,28,0,0,1,1.0,0.0
9,3079,3,True,0,2025-02-28,2,0.0,0.1,0.13,4,28,0,0,1,1.0,0.0
9,3083,3,True,0,2025-02-28,2,0.0,0.06,0.08,4,28,0,0,1,1.1428571428571428,0.0
9,3104,3,True,0,2025-02-28,1,0.0,0.24,0.26,4,28,0,0,1,1.2857142857142858,0.0
9,3116,3,True,0,2025-02-28,1,0.0,0.09,0.1,4,28,0,0,1,1.4285714285714286,0.0
9,3117,3,True,0,2025-02-28,1,0.0,0.05,0.06,4,28,0,0,1,1.4285714285714286,0.0
9,3119,3,True,0,2025-02-28,1,0.0,0.09,0.11,4,28,0,0,1,1.4285714285714286,0.0
9,3165,3,True,0,2025-02-28,0,0.0,0.07,0.08,4,28,0,0,1,1.4285714285714286,0.0
9,3208,3,True,0,2025-02-28,0,0.0,0.07,0.12,4,28,0,0,1,1.1428571428571428,0.0
9,3212,3,True,0,2025-02-28,0,0.0,0.08,0.1,4,28,0,0,1,0.8571428571428571,0.0
9,3219,3,True,0,2025-02-28,1,0.0,0.08,0.11,4,28,0,0,1,0.5714285714285714,0.0
9,3234,3,True,0,2025-02-28,4,0.0,0.13,0.16,4,28,0,0,1,0.5714285714285714,0.0
9,3242,3,True,0,2025-02-28,0,0.0,0.05,0.07,4,28,0,0,1,1.0,0.0
9,3263,3,True,0,2025-02-28,2,0.0,0.3,0.42,4,28,0,0,1,0.8571428571428571,0.0
9,3266,3,True,0,2025-02-28,3,0.0,0.08,0.11,4,28,0,0,1,1.0,0.0
9,3276,3,True,0,2025-02-28,2,0.0,0.1,0.12,4,28,0,0,1,1.4285714285714286,0.0
9,3286,3,True,0,2025-02-28,3,0.0,0.22,0.33,4,28,0,0,1,1.7142857142857142,0.0
9,3347,3,True,0,2025-02-28,1,0.0,0.1,0.13,4,28,0,0,1,2.142857142857143,0.0
9,3358,3,True,0,2025-02-28,1,0.0,0.17,0.22,4,28,0,0,1,2.142857142857143,0.0
9,3363,3,True,0,2025-02-28,0,0.0,0.18,0.23,4,28,0,0,1,1.7142857142857142,0.0
9,3369,3,True,0,2025-02-28,4,0.0,0.06,0.1,4,28,0,0,1,1.7142857142857142,0.0
9,3393,3,True,0,2025-02-28,1,0.0,0.07,0.1,4,28,0,0,1,2.0,0.0
9,3452,3,True,0,2025-02-28,2,0.0,0.14,0.13,4,28,0,0,1,1.7142857142857142,0.0
9,3495,3,True,0,2025-02-28,6,0.0,0.08,0.12,4,28,0,0,1,1.7142857142857142,0.0
9,3502,3,True,0,2025-02-28,1,0.0,0.08,0.1,4,28,0,0,1,2.142857142857143,0.0
9,3523,3,True,0,2025-02-28,1,0.0,0.17,0.22,4,28,0,0,1,2.142857142857143,0.0
9,3527,3,True,0,2025-02-28,1,0.0,0.15,0.2,4,28,0,0,1,2.142857142857143,0.0
9,3538,3,True,0,2025-02-28,1,1.0,0.02,0.04,4,28,0,0,1,2.2857142857142856,0.0
9,3546,3,True,0,2025-02-28,1,0.0,0.12,0.17,4,28,0,0,1,1.8571428571428572,0.0
9,3549,3,True,0,2025-02-28,2,0.0,0.15,0.19,4,28,0,0,1,1.8571428571428572,0.0
9,3560,3,True,0,2025-02-28,1,0.0,0.2,0.21,4,28,0,0,1,1.8571428571428572,0.0
9,3589,3,True,0,2025-02-28,4,0.0,0.09,0.12,4,28,0,0,1,1.1428571428571428,0.0
9,3609,3,True,0,2025-02-28,1,0.0,0.04,0.05,4,28,0,0,1,1.5714285714285714,0.0
9,3641,3,True,0,2025-02-28,2,0.0,0.07,0.09,4,28,0,0,1,1.5714285714285714,0.0
9,3642,3,True,0,2025-02-28,2,0.0,0.42,0.54,4,28,0,0,1,1.7142857142857142,0.0
9,3653,3,True,0,2025-02-28,1,0.0,0.25,0.35,4,28,0,0,1,1.8571428571428572,0.0
9,3701,3,True,0,2025-02-28,3,0.0,0.23,0.24,4,28,0,0,1,1.8571428571428572,0.0
9,3708,3,True,0,2025-02-28,1,0.0,0.02,0.03,4,28,0,0,1,2.0,0.0
9,3726,3,True,0,2025-02-28,2,0.0,0.1,0.13,4,28,0,0,1,2.0,0.0
9,3746,3,True,0,2025-02-28,2,0.0,0.06,0.08,4,28,0,0,1,1.7142857142857142,0.0
9,3749,3,True,0,2025-02-28,1,0.0,0.08,0.11,4,28,0,0,1,1.8571428571428572,0.0
9,3769,3,True,0,2025-02-28,1,0.0,0.27,0.29,4,28,0,0,1,1.7142857142857142,0.0
9,3798,3,True,0,2025-02-28,2,0.0,0.04,0.05,4,28,0,0,1,1.5714285714285714,0.0
9,3803,3,True,0,2025-02-28,0,0.0,0.14,0.17,4,28,0,0,1,1.7142857142857142,0.0
9,3834,3,True,0,2025-02-28,1,0.0,0.04,0.06,4,28,0,0,1,1.2857142857142858,0.0
9,3839,3,True,0,2025-02-28,1,0.0,0.05,0.09,4,28,0,0,1,1.2857142857142858,0.0
9,3852,3,True,0,2025-02-28,1,0.0,0.24,0.27,4,28,0,0,1,1.1428571428571428,0.0
9,3864,3,True,0,2025-02-28,0,0.0,0.06,0.07,4,28,0,0,1,1.0,0.0
9,3877,3,True,0,2025-02-28,18,0.0,0.01,0.02,4,28,0,0,1,0.8571428571428571,0.0
9,3891,3,True,0,2025-02-28,1,0.0,0.17,0.17,4,28,0,0,1,3.2857142857142856,0.0
9,3893,3,True,0,2025-02-28,1,0.0,0.08,0.09,4,28,0,0,1,3.142857142857143,0.0
9,3909,3,True,0,2025-02-28,1,0.0,0.08,0.12,4,28,0,0,1,3.2857142857142856,0.0
9,3911,3,True,0,2025-02-28,2,0.0,0.08,0.09,4,28,0,0,1,3.2857142857142856,0.0
9,3915,3,True,0,2025-02-28,1,0.0,0.1,0.13,4,28,0,0,1,3.4285714285714284,0.0
9,3922,3,True,0,2025-02-28,1,0.0,0.03,0.04,4,28,0,0,1,3.4285714285714284,0.0
9,3934,3,True,0,2025-02-28,1,0.0,0.38,0.39,4,28,0,0,1,3.5714285714285716,0.0
9,3951,3,True,0,2025-02-28,2,0.0,0.39,0.33,4,28,0,0,1,1.1428571428571428,0.0
9,3982,3,True,0,2025-02-28,2,0.0,0.17,0.2,4,28,0,0,1,1.2857142857142858,0.0
9,4002,3,True,0,2025-02-28,3,0.0,0.05,0.06,4,28,0,0,1,1.4285714285714286,0.0
9,4011,3,True,0,2025-02-28,1,0.0,0.07,0.11,4,28,0,0,1,1.7142857142857142,0.0
9,4033,3,True,0,2025-02-28,1,0.0,0.11,0.15,4,28,0,0,1,1.5714285714285714,0.0
9,4041,3,True,0,2025-02-28,1,0.0,0.04,0.06,4,28,0,0,1,1.5714285714285714,0.0
9,4062,3,True,0,2025-02-28,1,0.0,0.12,0.14,4,28,0,0,1,1.5714285714285714,0.0
9,4097,3,True,0,2025-02-28,10,0.0,0.03,0.05,4,28,0,0,1,1.5714285714285714,0.0
9,4119,3,True,0,2025-02-28,0,0.0,0.16,0.19,4,28,0,0,1,2.7142857142857144,0.0
9,4120,3,True,0,2025-02-28,1,0.0,0.16,0.19,4,28,0,0,1,2.4285714285714284,0.0
9,4167,3,True,0,2025-02-28,3,0.0,0.33,0.37,4,28,0,0,1,2.142857142857143,0.0
9,4179,3,True,0,2025-02-28,1,0.0,0.12,0.13,4,28,0,0,1,2.4285714285714284,0.0
9,4191,3,True,0,2025-02-28,0,0.0,0.12,0.12,4,28,0,0,1,2.4285714285714284,0.0
9,4192,3,True,0,2025-02-28,0,0.0,0.18,0.18,4,28,0,0,1,2.2857142857142856,0.0
9,4203,3,True,0,2025-02-28,1,0.0,0.04,0.05,4,28,0,0,1,2.142857142857143,0.0
9,4207,3,True,0,2025-02-28,1,0.0,0.11,0.14,4,28,0,0,1,0.8571428571428571,0.0
9,4210,3,True,0,2025-02-28,1,0.0,0.28,0.33,4,28,0,0,1,1.0,0.0
9,4230,3,True,0,2025-02-28,1,0.0,0.13,0.18,4,28,0,0,1,1.0,0.0
9,4239,3,True,0,2025-02-28,1,0.0,0.05,0.11,4,28,0,0,1,0.7142857142857143,0.0
9,4242,3,True,0,2025-02-28,0,1.0,0.32,0.43,4,28,0,0,1,0.7142857142857143,0.0
9,4246,3,True,0,2025-02-28,3,0.0,0.26,0.33,4,28,0,0,1,0.7142857142857143,0.0
9,4248,3,True,0,2025-02-28,1,0.0,0.24,0.27,4,28,0,0,1,1.1428571428571428,0.0
9,4260,3,True,0,2025-02-28,1,0.0,0.06,0.07,4,28,0,0,1,1.1428571428571428,0.0
9,4269,3,True,0,2025-02-28,1,0.0,0.08,0.11,4,28,0,0,1,1.1428571428571428,0.0
9,4277,3,True,0,2025-02-28,0,0.0,0.04,0.05,4,28,0,0,1,1.1428571428571428,0.0
9,4302,3,True,0,2025-02-28,2,0.0,0.56,0.54,4,28,0,0,1,1.0,0.0
9,4315,3,True,0,2025-02-28,1,0.0,0.12,0.15,4,28,0,0,1,1.1428571428571428,0.0
9,4339,3,True,0,2025-02-28,1,0.0,0.23,0.25,4,28,0,0,1,1.2857142857142858,0.0
9,4357,3,True,0,2025-02-28,2,0.0,0.07,0.09,4,28,0,0,1,1.0,0.0
9,4369,3,True,0,2025-02-28,1,0.0,0.38,0.44,4,28,0,0,1,1.1428571428571428,0.0
9,4381,3,True,0,2025-02-28,1,0.0,0.14,0.2,4,28,0,0,1,1.1428571428571428,0.0
9,4397,3,True,0,2025-02-28,2,0.0,0.1,0.14,4,28,0,0,1,1.1428571428571428,0.0
9,4409,3,True,0,2025-02-28,2,0.0,0.09,0.12,4,28,0,0,1,1.4285714285714286,0.0
9,4469,3,True,0,2025-02-28,1,0.0,0.26,0.31,4,28,0,0,1,1.4285714285714286,0.0
9,4475,3,True,0,2025-02-28,2,0.0,0.06,0.07,4,28,0,0,1,1.4285714285714286,0.0
9,4517,3,True,0,2025-02-28,1,0.0,0.29,0.31,4,28,0,0,1,1.5714285714285714,0.0
9,4521,3,True,0,2025-02-28,1,0.0,0.22,0.23,4,28,0,0,1,1.4285714285714286,0.0
9,4524,3,True,0,2025-02-28,2,0.0,0.17,0.18,4,28,0,0,1,1.4285714285714286,0.0
9,4527,3,True,0,2025-02-28,2,0.0,0.1,0.11,4,28,0,0,1,1.5714285714285714,0.0
9,4539,3,True,0,2025-02-28,33,0.0,0.01,0.01,4,28,0,0,1,1.5714285714285714,0.0
9,4540,3,True,0,2025-02-28,1,0.0,0.04,0.05,4,28,0,0,1,6.0,0.0
9,4546,3,True,0,2025-02-28,1,0.0,0.1,0.11,4,28,0,0,1,6.0,0.0
9,4563,3,True,0,2025-02-28,1,0.0,0.15,0.2,4,28,0,0,1,5.857142857142857,0.0
9,4572,3,True,0,2025-02-28,1,1.0,0.09,0.1,4,28,0,0,1,5.857142857142857,0.0
9,4582,3,True,0,2025-02-28,1,0.0,0.4,0.54,4,28,0,0,1,5.857142857142857,0.0
9,4640,3,True,0,2025-02-28,1,0.0,0.25,0.27,4,28,0,0,1,5.714285714285714,0.0
9,4675,3,True,0,2025-02-28,1,0.0,0.1,0.16,4,28,0,0,1,5.571428571428571,0.0
9,4683,3,True,0,2025-02-28,1,0.0,0.03,0.05,4,28,0,0,1,1.0,0.0
9,4689,3,True,0,2025-02-28,1,0.0,0.11,0.14,4,28,0,0,1,1.0,0.0
9,4699,3,True,0,2025-02-28,2,0.0,0.07,0.1,4,28,0,0,1,1.0,0.0
9,4704,3,True,0,2025-02-28,1,0.0,0.24,0.29,4,28,0,0,1,1.1428571428571428,0.0
9,4725,3,True,0,2025-02-28,1,0.0,0.09,0.11,4,28,0,0,1,1.1428571428571428,0.0
9,4744,3,True,0,2025-02-28,1,0.0,0.04,0.05,4,28,0,0,1,1.1428571428571428,0.0
9,4757,3,True,0,2025-02-28,0,0.0,0.16,0.19,4,28,0,0,1,1.1428571428571428,0.0
9,4765,3,True,0,2025-02-28,1,0.0,0.12,0.17,4,28,0,0,1,1.0,0.0
9,4769,3,True,0,2025-02-28,1,0.0,0.5,0.69,4,28,0,0,1,1.0,0.0
9,4782,3,True,0,2025-02-28,5,0.0,0.14,0.17,4,28,0,0,1,1.0,0.0
9,4783,3,True,0,2025-02-28,0,0.0,0.27,0.37,4,28,0,0,1,1.4285714285714286,0.0
9,4790,3,True,0,2025-02-28,3,0.0,0.09,0.13,4,28,0,0,1,1.2857142857142858,0.0
9,4794,3,True,0,2025-02-28,0,0.0,0.06,0.07,4,28,0,0,1,1.5714285714285714,0.0
9,4802,3,True,0,2025-02-28,2,0.0,0.16,0.2,4,28,0,0,1,1.4285714285714286,0.0
9,4803,3,True,0,2025-02-28,1,0.0,0.66,0.81,4,28,0,0,1,1.7142857142857142,0.0
9,4816,3,True,0,2025-02-28,1,0.0,0.11,0.13,4,28,0,0,1,1.7142857142857142,0.0
9,4820,3,True,0,2025-02-28,0,0.0,0.06,0.08,4,28,0,0,1,1.7142857142857142,0.0
9,4833,3,True,0,2025-02-28,0,1.0,0.22,0.25,4,28,0,0,1,1.0,0.0
9,4848,3,True,0,2025-02-28,1,0.0,0.07,0.08,4,28,0,0,1,1.0,0.0
9,4852,3,True,0,2025-02-28,3,0.0,0.2,0.24,4,28,0,0,1,0.7142857142857143,0.0
9,4859,3,True,0,2025-02-28,1,0.0,0.05,0.05,4,28,0,0,1,1.1428571428571428,0.0
9,4870,3,True,0,2025-02-28,2,0.0,0.1,0.12,4,28,0,0,1,1.0,0.0
9,4878,3,True,0,2025-02-28,1,0.0,0.1,0.13,4,28,0,0,1,1.1428571428571428,0.0
9,4883,3,True,0,2025-02-28,3,0.0,0.11,0.14,4,28,0,0,1,1.1428571428571428,0.0
9,4885,3,True,0,2025-02-28,1,0.0,0.06,0.09,4,28,0,0,1,1.5714285714285714,0.0
9,4886,3,True,0,2025-02-28,1,1.0,0.16,0.2,4,28,0,0,1,1.7142857142857142,0.0
9,4888,3,True,0,2025-02-28,2,0.0,0.17,0.19,4,28,0,0,1,1.7142857142857142,0.0
9,4908,3,True,0,2025-02-28,3,0.0,0.16,0.19,4,28,0,0,1,1.5714285714285714,0.0
9,4934,3,True,0,2025-02-28,2,0.0,0.07,0.09,4,28,0,0,1,1.8571428571428572,0.0
9,4938,3,True,0,2025-02-28,5,0.0,0.54,0.59,4,28,0,0,1,1.8571428571428572,0.0
9,4948,3,True,0,2025-02-28,1,0.0,0.12,0.15,4,28,0,0,1,2.4285714285714284,0.0
9,4957,3,True,0,2025-02-28,0,0.0,0.11,0.14,4,28,0,0,1,2.142857142857143,0.0
9,4971,3,True,0,2025-02-28,1,0.0,0.29,0.31,4,28,0,0,1,2.0,0.0
9,4976,3,True,0,2025-02-28,1,0.0,0.04,0.05,4,28,0,0,1,2.0,0.0
9,4981,3,True,0,2025-02-28,1,0.0,0.15,0.2,4,28,0,0,1,1.8571428571428572,0.0
9,4984,3,True,0,2025-02-28,1,0.0,0.06,0.06,4,28,0,0,1,1.5714285714285714,0.0
9,4986,3,True,0,2025-02-28,1,0.0,0.05,0.04,4,28,0,0,1,1.4285714285714286,0.0
9,5004,3,True,0,2025-02-28,2,0.0,0.05,0.06,4,28,0,0,1,0.8571428571428571,0.0
9,5024,3,True,0,2025-02-28,3,0.0,0.1,0.13,4,28,0,0,1,1.0,0.0
9,5074,3,True,0,2025-02-28,1,0.0,0.23,0.23,4,28,0,0,1,1.4285714285714286,0.0
9,5094,3,True,0,2025-02-28,3,0.0,0.05,0.07,4,28,0,0,1,1.4285714285714286,0.0
9,5095,3,True,0,2025-02-28,1,0.0,0.03,0.04,4,28,0,0,1,1.7142857142857142,0.0
9,5101,3,True,0,2025-02-28,1,0.0,0.01,0.02,4,28,0,0,1,1.7142857142857142,0.0
9,5105,3,True,0,2025-02-28,4,0.0,0.15,0.19,4,28,0,0,1,1.7142857142857142,0.0
9,5119,3,True,0,2025-02-28,1,0.0,0.06,0.08,4,28,0,0,1,2.142857142857143,0.0
9,5125,3,True,0,2025-02-28,3,0.0,0.06,0.08,4,28,0,0,1,2.0,0.0
9,5139,3,True,0,2025-02-28,1,0.0,0.2,0.29,4,28,0,0,1,2.0,0.0
9,5209,3,True,0,2025-02-28,0,0.0,0.35,0.37,4,28,0,0,1,2.0,0.0
9,5221,3,True,0,2025-02-28,2,0.0,0.05,0.06,4,28,0,0,1,1.5714285714285714,0.0
9,5261,3,True,0,2025-02-28,1,0.0,0.15,0.2,4,28,0,0,1,1.7142857142857142,0.0
9,5262,3,True,0,2025-02-28,1,0.0,0.04,0.06,4,28,0,0,1,1.7142857142857142,0.0
9,5280,3,True,0,2025-02-28,1,0.0,0.09,0.12,4,28,0,0,1,1.2857142857142858,0.0
9,5281,3,True,0,2025-02-28,1,0.0,0.27,0.35,4,28,0,0,1,1.2857142857142858,0.0
9,17,4,False,0,2025-02-28,3,0.0,0.06,0.08,4,28,0,0,1,1.0,0.0
9,26,4,False,0,2025-02-28,3,0.0,0.04,0.06,4,28,0,0,1,1.2857142857142858,0.0
9,38,4,False,0,2025-02-28,1,0.0,0.12,0.17,4,28,0,0,1,1.7142857142857142,0.0
9,64,4,False,0,2025-02-28,3,0.0,0.01,0.02,4,28,0,0,1,1.5714285714285714,0.0
9,88,4,False,0,2025-02-28,0,0.0,0.02,0.03,4,28,0,0,1,1.8571428571428572,0.0
9,99,4,False,0,2025-02-28,2,0.0,0.02,0.03,4,28,0,0,1,1.7142857142857142,0.0
9,100,4,False,0,2025-02-28,2,0.0,0.04,0.05,4,28,0,0,1,1.8571428571428572,0.0
9,145,4,False,0,2025-02-28,1,0.0,0.06,0.07,4,28,0,0,1,2.0,0.0
9,168,4,False,0,2025-02-28,0,0.0,0.04,0.06,4,28,0,0,1,1.7142857142857142,0.0
9,175,4,False,0,2025-02-28,2,0.0,0.03,0.06,4,28,0,0,1,1.2857142857142858,0.0
9,178,4,False,0,2025-02-28,0,0.0,0.0,0.0,4,28,0,0,1,1.4285714285714286,0.0
9,182,4,False,0,2025-02-28,0,0.0,0.03,0.05,4,28,0,0,1,1.0,0.0
9,185,4,False,0,2025-02-28,4,0.0,0.02,0.03,4,28,0,0,1,1.0,0.0
9,205,4,False,0,2025-02-28,1,0.0,0.1,0.13,4,28,0,0,1,1.2857142857142858,0.0
9,235,4,False,0,2025-02-28,2,0.0,0.06,0.07,4,28,0,0,1,1.1428571428571428,0.0
9,255,4,False,0,2025-02-28,2,0.0,0.03,0.05,4,28,0,0,1,1.2857142857142858,0.0
9,272,4,False,0,2025-02-28,2,0.0,0.03,0.05,4,28,0,0,1,1.5714285714285714,0.0
9,290,4,False,0,2025-02-28,1,0.0,0.06,0.08,4,28,0,0,1,1.5714285714285714,0.0
9,292,4,False,0,2025-02-28,2,0.0,0.04,0.06,4,28,0,0,1,1.7142857142857142,0.0
9,306,4,False,0,2025-02-28,2,0.0,0.04,0.05,4,28,0,0,1,2.0,0.0
9,314,4,False,0,2025-02-28,2,0.0,0.03,0.03,4,28,0,0,1,1.7142857142857142,0.0
9,328,4,False,0,2025-02-28,2,0.0,0.07,0.09,4,28,0,0,1,1.8571428571428572,0.0
9,338,4,False,0,2025-02-28,3,0.0,0.05,0.07,4,28,0,0,1,1.8571428571428572,0.0
9,350,4,False,0,2025-02-28,4,0.0,0.03,0.05,4,28,0,0,1,2.0,0.0
9,362,4,False,0,2025-02-28,0,0.0,0.02,0.03,4,28,0,0,1,2.2857142857142856,0.0
9,370,4,False,0,2025-02-28,3,0.0,0.03,0.06,4,28,0,0,1,2.142857142857143,0.0
9,372,4,False,0,2025-02-28,0,0.0,0.02,0.04,4,28,0,0,1,2.2857142857142856,0.0
9,447,4,False,0,2025-02-28,2,0.0,0.06,0.07,4,28,0,0,1,2.0,0.0
9,464,4,False,0,2025-02-28,0,0.0,0.02,0.03,4,28,0,0,1,2.0,0.0
9,482,4,False,0,2025-02-28,2,0.0,0.02,0.04,4,28,0,0,1,1.7142857142857142,0.0
9,524,4,False,0,2025-02-28,3,0.0,0.02,0.03,4,28,0,0,1,1.5714285714285714,0.0
9,552,4,False,0,2025-02-28,2,0.0,0.07,0.1,4,28,0,0,1,1.4285714285714286,0.0
9,560,4,False,0,2025-02-28,4,0.0,0.02,0.03,4,28,0,0,1,1.7142857142857142,0.0
9,584,4,False,0,2025-02-28,0,0.0,0.05,0.08,4,28,0,0,1,1.8571428571428572,0.0
9,595,4,False,0,2025-02-28,2,0.0,0.07,0.1,4,28,0,0,1,1.8571428571428572,0.0
9,613,4,False,0,2025-02-28,2,0.0,0.02,0.04,4,28,0,0,1,1.8571428571428572,0.0
9,621,4,False,0,2025-02-28,1,0.0,0.05,0.08,4,28,0,0,1,2.142857142857143,0.0
9,622,4,False,0,2025-02-28,3,0.0,0.02,0.04,4,28,0,0,1,2.0,0.0
9,676,4,False,0,2025-02-28,3,0.0,0.08,0.14,4,28,0,0,1,2.0,0.0
9,700,4,False,0,2025-02-28,3,0.0,0.03,0.05,4,28,0,0,1,2.142857142857143,0.0
9,723,4,False,0,2025-02-28,1,0.0,0.03,0.04,4,28,0,0,1,2.0,0.0
9,726,4,False,0,2025-02-28,2,0.0,0.04,0.06,4,28,0,0,1,2.142857142857143,0.0
9,731,4,False,0,2025-02-28,0,0.0,0.19,0.24,4,28,0,0,1,2.142857142857143,0.0
9,736,4,False,0,2025-02-28,2,0.0,0.04,0.06,4,28,0,0,1,1.8571428571428572,0.0
9,749,4,False,0,2025-02-28,2,0.0,0.08,0.08,4,28,0,0,1,2.0,0.0
9,761,4,False,0,2025-02-28,1,0.0,0.02,0.02,4,28,0,0,1,1.8571428571428572,0.0
9,824,4,False,0,2025-02-28,3,0.0,0.01,0.01,4,28,0,0,1,1.5714285714285714,0.0
9,826,4,False,0,2025-02-28,3,0.0,0.05,0.06,4,28,0,0,1,1.5714285714285714,0.0
9,845,4,False,0,2025-02-28,3,0.0,0.07,0.11,4,28,0,0,1,1.8571428571428572,0.0
9,849,4,False,0,2025-02-28,2,0.0,0.04,0.06,4,28,0,0,1,2.0,0.0
9,852,4,False,0,2025-02-28,0,0.0,0.02,0.03,4,28,0,0,1,2.2857142857142856,0.0
9,871,4,False,0,2025-02-28,1,0.0,0.05,0.08,4,28,0,0,1,2.0,0.0
9,880,4,False,0,2025-02-28,1,0.0,0.04,0.06,4,28,0,0,1,1.8571428571428572,0.0
9,892,4,False,0,2025-02-28,4,0.0,0.02,0.02,4,28,0,0,1,1.8571428571428572,0.0
9,953,4,False,0,2025-02-28,3,0.0,0.01,0.02,4,28,0,0,1,2.0,0.0
9,963,4,False,0,2025-02-28,2,0.0,0.05,0.06,4,28,0,0,1,2.0,0.0
9,989,4,False,0,2025-02-28,0,0.0,0.02,0.03,4,28,0,0,1,1.8571428571428572,0.0
9,1003,4,False,0,2025-02-28,4,0.0,0.02,0.03,4,28,0,0,1,1.5714285714285714,0.0
9,1009,4,False,0,2025-02-28,3,0.0,0.21,0.24,4,28,0,0,1,2.142857142857143,0.0
9,1013,4,False,0,2025-02-28,2,0.0,0.08,0.12,4,28,0,0,1,2.4285714285714284,0.0
9,1040,4,False,0,2025-02-28,3,0.0,0.03,0.03,4,28,0,0,1,2.5714285714285716,0.0
9,1041,4,False,0,2025-02-28,2,0.0,0.05,0.06,4,28,0,0,1,2.4285714285714284,0.0
9,1069,4,False,0,2025-02-28,1,0.0,0.07,0.09,4,28,0,0,1,2.2857142857142856,0.0
9,1077,4,False,0,2025-02-28,1,0.0,0.06,0.09,4,28,0,0,1,2.142857142857143,0.0
9,1090,4,False,0,2025-02-28,1,0.0,0.04,0.06,4,28,0,0,1,2.2857142857142856,0.0
9,1092,4,False,0,2025-02-28,3,0.0,0.02,0.03,4,28,0,0,1,1.8571428571428572,0.0
9,1111,4,False,0,2025-02-28,1,0.0,0.06,0.09,4,28,0,0,1,1.8571428571428572,0.0
9,1119,4,False,0,2025-02-28,3,0.0,0.04,0.09,4,28,0,0,1,1.7142857142857142,0.0
9,1123,4,False,0,2025-02-28,3,0.0,0.0,0.01,4,28,0,0,1,1.7142857142857142,0.0
9,1137,4,False,0,2025-02-28,2,0.0,0.03,0.04,4,28,0,0,1,1.8571428571428572,0.0
9,1182,4,False,0,2025-02-28,3,0.0,0.02,0.03,4,28,0,0,1,2.0,0.0
9,1183,4,False,0,2025-02-28,1,0.0,0.01,0.01,4,28,0,0,1,2.2857142857142856,0.0
9,1245,4,False,0,2025-02-28,0,1.0,0.04,0.06,4,28,0,0,1,2.2857142857142856,0.0
9,1248,4,False,0,2025-02-28,2,0.0,0.01,0.01,4,28,0,0,1,1.8571428571428572,0.0
9,1257,4,False,0,2025-02-28,1,0.0,0.1,0.14,4,28,0,0,1,2.0,0.0
9,1268,4,False,0,2025-02-28,2,0.0,0.06,0.07,4,28,0,0,1,1.7142857142857142,0.0
9,1274,4,False,0,2025-02-28,2,0.0,0.09,0.15,4,28,0,0,1,1.5714285714285714,0.0
9,1316,4,False,0,2025-02-28,5,0.0,0.03,0.05,4,28,0,0,1,1.5714285714285714,0.0
9,1321,4,False,0,2025-02-28,3,0.0,0.03,0.04,4,28,0,0,1,1.8571428571428572,0.0
9,1329,4,False,0,2025-02-28,1,0.0,0.01,0.01,4,28,0,0,1,2.142857142857143,0.0
9,1369,4,False,0,2025-02-28,2,0.0,0.02,0.03,4,28,0,0,1,2.2857142857142856,0.0
9,1373,4,False,0,2025-02-28,3,0.0,0.05,0.06,4,28,0,0,1,2.2857142857142856,0.0
9,1394,4,False,0,2025-02-28,4,0.0,0.02,0.03,4,28,0,0,1,2.5714285714285716,0.0
9,1402,4,False,0,2025-02-28,2,0.0,0.03,0.05,4,28,0,0,1,2.857142857142857,0.0
9,1417,4,False,0,2025-02-28,2,0.0,0.06,0.08,4,28,0,0,1,2.857142857142857,0.0
9,1420,4,False,0,2025-02-28,0,0.0,0.04,0.05,4,28,0,0,1,2.4285714285714284,0.0
9,1428,4,False,0,2025-02-28,0,0.0,0.03,0.04,4,28,0,0,1,2.0,0.0
9,1436,4,False,0,2025-02-28,1,0.0,0.05,0.07,4,28,0,0,1,1.8571428571428572,0.0
9,1473,4,False,0,2025-02-28,2,0.0,0.06,0.06,4,28,0,0,1,1.7142857142857142,0.0
9,1481,4,False,0,2025-02-28,0,1.0,0.04,0.07,4,28,0,0,1,1.5714285714285714,0.0
9,1493,4,False,0,2025-02-28,1,0.0,0.06,0.07,4,28,0,0,1,1.0,0.0
9,1497,4,False,0,2025-02-28,2,0.0,0.05,0.06,4,28,0,0,1,0.8571428571428571,0.0
9,1506,4,False,0,2025-02-28,3,0.0,0.02,0.04,4,28,0,0,1,0.8571428571428571,0.0
9,1519,4,False,0,2025-02-28,3,0.0,0.05,0.06,4,28,0,0,1,1.2857142857142858,0.0
9,1539,4,False,0,2025-02-28,5,0.0,0.02,0.03,4,28,0,0,1,1.7142857142857142,0.0
9,1546,4,False,0,2025-02-28,2,0.0,0.03,0.05,4,28,0,0,1,2.2857142857142856,0.0
9,1563,4,False,0,2025-02-28,1,0.0,0.04,0.05,4,28,0,0,1,2.2857142857142856,0.0
9,1570,4,False,0,2025-02-28,0,0.0,0.02,0.03,4,28,0,0,1,2.4285714285714284,0.0
9,1573,4,False,0,2025-02-28,2,0.0,0.07,0.11,4,28,0,0,1,2.2857142857142856,0.0
9,1574,4,False,0,2025-02-28,2,0.0,0.07,0.09,4,28,0,0,1,2.2857142857142856,0.0
9,1594,4,False,0,2025-02-28,2,0.0,0.02,0.03,4,28,0,0,1,2.142857142857143,0.0
9,1626,4,False,0,2025-02-28,5,0.0,0.06,0.07,4,28,0,0,1,2.0,0.0
9,1644,4,False,0,2025-02-28,2,0.0,0.07,0.1,4,28,0,0,1,2.0,0.0
9,1652,4,False,0,2025-02-28,1,0.0,0.05,0.07,4,28,0,0,1,2.0,0.0
9,1673,4,False,0,2025-02-28,1,1.0,0.06,0.08,4,28,0,0,1,2.0,0.0
9,1675,4,False,0,2025-02-28,2,0.0,0.05,0.06,4,28,0,0,1,2.142857142857143,0.0
9,1686,4,False,0,2025-02-28,1,0.0,0.07,0.1,4,28,0,0,1,2.142857142857143,0.0
9,1706,4,False,0,2025-02-28,2,0.0,0.01,0.03,4,28,0,0,1,2.0,0.0
9,1716,4,False,0,2025-02-28,2,0.0,0.03,0.03,4,28,0,0,1,2.0,0.0
9,1732,4,False,0,2025-02-28,1,0.0,0.08,0.08,4,28,0,0,1,1.5714285714285714,0.0
9,1738,4,False,0,2025-02-28,1,0.0,0.02,0.04,4,28,0,0,1,1.4285714285714286,0.0
9,1745,4,False,0,2025-02-28,1,0.0,0.05,0.08,4,28,0,0,1,1.4285714285714286,0.0
9,1759,4,False,0,2025-02-28,1,0.0,0.03,0.04,4,28,0,0,1,1.4285714285714286,0.0
9,1776,4,False,0,2025-02-28,1,0.0,0.14,0.15,4,28,0,0,1,1.2857142857142858,0.0
9,1826,4,False,0,2025-02-28,3,0.0,0.07,0.08,4,28,0,0,1,1.2857142857142858,0.0
9,1830,4,False,0,2025-02-28,1,0.0,0.15,0.21,4,28,0,0,1,1.4285714285714286,0.0
9,1863,4,False,0,2025-02-28,1,0.0,0.04,0.07,4,28,0,0,1,1.2857142857142858,0.0
9,1866,4,False,0,2025-02-28,0,0.0,0.02,0.02,4,28,0,0,1,1.2857142857142858,0.0
9,1922,4,False,0,2025-02-28,4,0.0,0.02,0.04,4,28,0,0,1,1.1428571428571428,0.0
9,1934,4,False,0,2025-02-28,2,0.0,0.02,0.04,4,28,0,0,1,1.5714285714285714,0.0
9,1975,4,False,0,2025-02-28,0,0.0,0.03,0.05,4,28,0,0,1,1.7142857142857142,0.0
9,1984,4,False,0,2025-02-28,2,0.0,0.06,0.08,4,28,0,0,1,1.5714285714285714,0.0
9,2005,4,False,0,2025-02-28,2,0.0,0.16,0.18,4,28,0,0,1,1.4285714285714286,0.0
9,2013,4,False,0,2025-02-28,5,0.0,0.03,0.03,4,28,0,0,1,1.5714285714285714,0.0
9,2025,4,False,0,2025-02-28,1,0.0,0.03,0.05,4,28,0,0,1,2.142857142857143,0.0
9,2028,4,False,0,2025-02-28,1,0.0,0.03,0.04,4,28,0,0,1,2.2857142857142856,0.0
9,2033,4,False,0,2025-02-28,1,0.0,0.11,0.15,4,28,0,0,1,1.8571428571428572,0.0
9,2035,4,False,0,2025-02-28,1,0.0,0.02,0.03,4,28,0,0,1,1.7142857142857142,0.0
9,2042,4,False,0,2025-02-28,3,0.0,0.03,0.06,4,28,0,0,1,1.8571428571428572,0.0
9,2051,4,False,0,2025-02-28,2,0.0,0.03,0.03,4,28,0,0,1,2.0,0.0
9,2061,4,False,0,2025-02-28,1,0.0,0.02,0.04,4,28,0,0,1,2.0,0.0
9,2069,4,False,0,2025-02-28,1,0.0,0.07,0.1,4,28,0,0,1,1.4285714285714286,0.0
9,2083,4,False,0,2025-02-28,2,0.0,0.06,0.09,4,28,0,0,1,1.4285714285714286,0.0
9,2088,4,False,0,2025-02-28,1,0.0,0.03,0.04,4,28,0,0,1,1.5714285714285714,0.0
9,2129,4,False,0,2025-02-28,2,0.0,0.03,0.03,4,28,0,0,1,1.5714285714285714,0.0
9,2144,4,False,0,2025-02-28,2,0.0,0.03,0.05,4,28,0,0,1,1.7142857142857142,0.0
9,2149,4,False,0,2025-02-28,1,0.0,0.04,0.06,4,28,0,0,1,1.5714285714285714,0.0
9,2167,4,False,0,2025-02-28,3,0.0,0.05,0.07,4,28,0,0,1,1.4285714285714286,0.0
9,2193,4,False,0,2025-02-28,2,0.0,0.08,0.1,4,28,0,0,1,1.7142857142857142,0.0
9,2230,4,False,0,2025-02-28,2,0.0,0.02,0.03,4,28,0,0,1,1.8571428571428572,0.0
9,2233,4,False,0,2025-02-28,1,0.0,0.06,0.09,4,28,0,0,1,1.8571428571428572,0.0
9,2238,4,False,0,2025-02-28,1,0.0,0.04,0.05,4,28,0,0,1,1.8571428571428572,0.0
9,2257,4,False,0,2025-02-28,0,0.0,0.04,0.06,4,28,0,0,1,1.7142857142857142,0.0
9,2279,4,False,0,2025-02-28,3,0.0,0.11,0.15,4,28,0,0,1,1.4285714285714286,0.0
9,2283,4,False,0,2025-02-28,1,0.0,0.04,0.06,4,28,0,0,1,1.7142857142857142,0.0
9,2286,4,False,0,2025-02-28,1,0.0,0.11,0.15,4,28,0,0,1,1.4285714285714286,0.0
9,2306,4,False,0,2025-02-28,2,0.0,0.04,0.07,4,28,0,0,1,1.2857142857142858,0.0
9,2315,4,False,0,2025-02-28,2,0.0,0.06,0.1,4,28,0,0,1,1.2857142857142858,0.0
9,2392,4,False,0,2025-02-28,2,0.0,0.04,0.05,4,28,0,0,1,1.4285714285714286,0.0
9,2397,4,False,0,2025-02-28,3,0.0,0.02,0.03,4,28,0,0,1,1.5714285714285714,0.0
9,2398,4,False,0,2025-02-28,4,0.0,0.11,0.16,4,28,0,0,1,2.0,0.0
9,2438,4,False,0,2025-02-28,2,0.0,0.02,0.04,4,28,0,0,1,2.142857142857143,0.0
9,2443,4,False,0,2025-02-28,2,0.0,0.05,0.07,4,28,0,0,1,2.2857142857142856,0.0
9,2469,4,False,0,2025-02-28,2,0.0,0.07,0.09,4,28,0,0,1,2.4285714285714284,0.0
9,2473,4,False,0,2025-02-28,3,0.0,0.04,0.06,4,28,0,0,1,2.4285714285714284,0.0
9,2478,4,False,0,2025-02-28,2,0.0,0.02,0.03,4,28,0,0,1,2.5714285714285716,0.0
9,2487,4,False,0,2025-02-28,4,0.0,0.02,0.04,4,28,0,0,1,2.5714285714285716,0.0
9,2497,4,False,0,2025-02-28,2,0.0,0.03,0.04,4,28,0,0,1,2.7142857142857144,0.0
9,2506,4,False,0,2025-02-28,1,0.0,0.03,0.04,4,28,0,0,1,2.4285714285714284,0.0
9,2522,4,False,0,2025-02-28,1,0.0,0.11,0.17,4,28,0,0,1,2.2857142857142856,0.0
9,2567,4,False,0,2025-02-28,2,0.0,0.04,0.04,4,28,0,0,1,2.142857142857143,0.0
9,2581,4,False,0,2025-02-28,1,0.0,0.06,0.07,4,28,0,0,1,2.142857142857143,0.0
9,2624,4,False,0,2025-02-28,1,0.0,0.06,0.1,4,28,0,0,1,1.8571428571428572,0.0
9,2630,4,False,0,2025-02-28,2,0.0,0.03,0.03,4,28,0,0,1,1.7142857142857142,0.0
9,2631,4,False,0,2025-02-28,3,0.0,0.02,0.04,4,28,0,0,1,1.4285714285714286,0.0
9,2642,4,False,0,2025-02-28,3,0.0,0.03,0.05,4,28,0,0,1,1.5714285714285714,0.0
9,2658,4,False,0,2025-02-28,3,0.0,0.02,0.04,4,28,0,0,1,1.8571428571428572,0.0
9,2672,4,False,0,2025-02-28,2,0.0,0.02,0.03,4,28,0,0,1,2.142857142857143,0.0
9,2688,4,False,0,2025-02-28,3,0.0,0.03,0.04,4,28,0,0,1,2.142857142857143,0.0
9,2725,4,False,0,2025-02-28,1,0.0,0.08,0.14,4,28,0,0,1,2.4285714285714284,0.0
9,2744,4,False,0,2025-02-28,3,0.0,0.06,0.1,4,28,0,0,1,2.4285714285714284,0.0
9,2788,4,False,0,2025-02-28,3,0.0,0.02,0.03,4,28,0,0,1,2.5714285714285716,0.0
9,2801,4,False,0,2025-02-28,2,0.0,0.06,0.09,4,28,0,0,1,2.5714285714285716,0.0
9,2804,4,False,0,2025-02-28,2,0.0,0.06,0.07,4,28,0,0,1,2.4285714285714284,0.0
9,2818,4,False,0,2025-02-28,2,0.0,0.02,0.03,4,28,0,0,1,2.2857142857142856,0.0
9,2825,4,False,0,2025-02-28,1,0.0,0.18,0.24,4,28,0,0,1,2.2857142857142856,0.0
9,2830,4,False,0,2025-02-28,2,0.0,0.04,0.05,4,28,0,0,1,2.0,0.0
9,2832,4,False,0,2025-02-28,3,0.0,0.01,0.03,4,28,0,0,1,2.142857142857143,0.0
9,2838,4,False,0,2025-02-28,3,0.0,0.02,0.03,4,28,0,0,1,2.142857142857143,0.0
9,2844,4,False,0,2025-02-28,2,0.0,0.03,0.05,4,28,0,0,1,2.142857142857143,0.0
9,2860,4,False,0,2025-02-28,2,0.0,0.07,0.1,4,28,0,0,1,2.142857142857143,0.0
9,2870,4,False,0,2025-02-28,2,0.0,0.06,0.08,4,28,0,0,1,2.142857142857143,0.0
9,2871,4,False,0,2025-02-28,2,0.0,0.04,0.05,4,28,0,0,1,2.142857142857143,0.0
9,2892,4,False,0,2025-02-28,1,0.0,0.1,0.13,4,28,0,0,1,2.2857142857142856,0.0
9,2894,4,False,0,2025-02-28,0,0.0,0.04,0.07,4,28,0,0,1,2.142857142857143,0.0
9,2957,4,False,0,2025-02-28,2,0.0,0.02,0.04,4,28,0,0,1,1.7142857142857142,0.0
9,2961,4,False,0,2025-02-28,3,0.0,0.05,0.06,4,28,0,0,1,1.5714285714285714,0.0
9,2963,4,False,0,2025-02-28,1,0.0,0.06,0.08,4,28,0,0,1,1.7142857142857142,0.0
9,2970,4,False,0,2025-02-28,1,0.0,0.03,0.05,4,28,0,0,1,1.5714285714285714,0.0
9,2979,4,False,0,2025-02-28,2,0.0,0.06,0.07,4,28,0,0,1,1.4285714285714286,0.0
9,2992,4,False,0,2025-02-28,1,0.0,0.05,0.08,4,28,0,0,1,1.4285714285714286,0.0
9,3000,4,False,0,2025-02-28,2,0.0,0.1,0.17,4,28,0,0,1,1.4285714285714286,0.0
9,3012,4,False,0,2025-02-28,2,0.0,0.02,0.03,4,28,0,0,1,1.7142857142857142,0.0
9,3044,4,False,0,2025-02-28,3,0.0,0.02,0.02,4,28,0,0,1,1.7142857142857142,0.0
9,3086,4,False,0,2025-02-28,2,0.0,0.04,0.07,4,28,0,0,1,1.7142857142857142,0.0
9,3145,4,False,0,2025-02-28,2,0.0,0.04,0.06,4,28,0,0,1,1.8571428571428572,0.0
9,3146,4,False,0,2025-02-28,3,0.0,0.01,0.01,4,28,0,0,1,2.0,0.0
9,3162,4,False,0,2025-02-28,4,0.0,0.01,0.02,4,28,0,0,1,2.142857142857143,0.0
9,3178,4,False,0,2025-02-28,1,0.0,0.12,0.19,4,28,0,0,1,2.5714285714285716,0.0
9,3185,4,False,0,2025-02-28,2,0.0,0.04,0.06,4,28,0,0,1,2.4285714285714284,0.0
9,3196,4,False,0,2025-02-28,3,0.0,0.02,0.03,4,28,0,0,1,2.4285714285714284,0.0
9,3209,4,False,0,2025-02-28,0,0.0,0.02,0.04,4,28,0,0,1,2.4285714285714284,0.0
9,3224,4,False,0,2025-02-28,3,0.0,0.04,0.07,4,28,0,0,1,2.142857142857143,0.0
9,3262,4,False,0,2025-02-28,2,0.0,0.09,0.13,4,28,0,0,1,2.2857142857142856,0.0
9,3267,4,False,0,2025-02-28,3,0.0,0.01,0.01,4,28,0,0,1,2.142857142857143,0.0
9,3293,4,False,0,2025-02-28,3,0.0,0.0,0.01,4,28,0,0,1,2.0,0.0
9,3312,4,False,0,2025-02-28,1,0.0,0.01,0.02,4,28,0,0,1,2.2857142857142856,0.0
9,3317,4,False,0,2025-02-28,3,0.0,0.01,0.02,4,28,0,0,1,2.142857142857143,0.0
9,3327,4,False,0,2025-02-28,3,0.0,0.01,0.02,4,28,0,0,1,2.142857142857143,0.0
9,3377,4,False,0,2025-02-28,2,0.0,0.02,0.04,4,28,0,0,1,2.5714285714285716,0.0
9,3420,4,False,0,2025-02-28,2,0.0,0.07,0.09,4,28,0,0,1,2.4285714285714284,0.0
9,3453,4,False,0,2025-02-28,1,0.0,0.02,0.04,4,28,0,0,1,2.4285714285714284,0.0
9,3455,4,False,0,2025-02-28,0,0.0,0.02,0.04,4,28,0,0,1,2.142857142857143,0.0
9,3465,4,False,0,2025-02-28,1,0.0,0.06,0.07,4,28,0,0,1,1.7142857142857142,0.0
9,3466,4,False,0,2025-02-28,2,0.0,0.03,0.03,4,28,0,0,1,1.7142857142857142,0.0
9,3472,4,False,0,2025-02-28,0,0.0,0.04,0.06,4,28,0,0,1,1.5714285714285714,0.0
9,3473,4,False,0,2025-02-28,2,0.0,0.01,0.03,4,28,0,0,1,1.1428571428571428,0.0
9,3493,4,False,0,2025-02-28,2,0.0,0.04,0.07,4,28,0,0,1,1.1428571428571428,0.0
9,3552,4,False,0,2025-02-28,1,0.0,0.03,0.05,4,28,0,0,1,1.1428571428571428,0.0
9,3562,4,False,0,2025-02-28,2,0.0,0.05,0.07,4,28,0,0,1,1.1428571428571428,0.0
9,3569,4,False,0,2025-02-28,3,0.0,0.03,0.06,4,28,0,0,1,1.4285714285714286,0.0
9,3577,4,False,0,2025-02-28,2,0.0,0.04,0.06,4,28,0,0,1,1.7142857142857142,0.0
9,3590,4,False,0,2025-02-28,1,0.0,0.02,0.03,4,28,0,0,1,1.7142857142857142,0.0
9,3620,4,False,0,2025-02-28,2,0.0,0.02,0.04,4,28,0,0,1,1.8571428571428572,0.0
9,3627,4,False,0,2025-02-28,0,0.0,0.06,0.09,4,28,0,0,1,1.8571428571428572,0.0
9,3628,4,False,0,2025-02-28,1,0.0,0.06,0.09,4,28,0,0,1,1.5714285714285714,0.0
9,3633,4,False,0,2025-02-28,3,0.0,0.07,0.1,4,28,0,0,1,1.5714285714285714,0.0
9,3645,4,False,0,2025-02-28,2,0.0,0.07,0.08,4,28,0,0,1,1.7142857142857142,0.0
9,3651,4,False,0,2025-02-28,1,0.0,0.04,0.05,4,28,0,0,1,1.5714285714285714,0.0
9,3692,4,False,0,2025-02-28,1,0.0,0.1,0.12,4,28,0,0,1,1.4285714285714286,0.0
9,3700,4,False,0,2025-02-28,2,0.0,0.02,0.03,4,28,0,0,1,1.4285714285714286,0.0
9,3721,4,False,0,2025-02-28,0,0.0,0.03,0.05,4,28,0,0,1,1.4285714285714286,0.0
9,3728,4,False,0,2025-02-28,2,0.0,0.03,0.05,4,28,0,0,1,1.4285714285714286,0.0
9,3753,4,False,0,2025-02-28,2,1.0,0.04,0.07,4,28,0,0,1,1.5714285714285714,0.0
9,3772,4,False,0,2025-02-28,3,0.0,0.03,0.05,4,28,0,0,1,1.4285714285714286,0.0
9,3818,4,False,0,2025-02-28,3,0.0,0.06,0.09,4,28,0,0,1,1.5714285714285714,0.0
9,3843,4,False,0,2025-02-28,1,0.0,0.02,0.03,4,28,0,0,1,1.8571428571428572,0.0
9,3847,4,False,0,2025-02-28,2,0.0,0.01,0.03,4,28,0,0,1,1.8571428571428572,0.0
9,3850,4,False,0,2025-02-28,3,0.0,0.07,0.12,4,28,0,0,1,1.8571428571428572,0.0
9,3853,4,False,0,2025-02-28,0,0.0,0.1,0.15,4,28,0,0,1,2.2857142857142856,0.0
9,3879,4,False,0,2025-02-28,2,0.0,0.05,0.08,4,28,0,0,1,2.0,0.0
9,3888,4,False,0,2025-02-28,4,0.0,0.01,0.01,4,28,0,0,1,2.0,0.0
9,3903,4,False,0,2025-02-28,1,1.0,0.04,0.07,4,28,0,0,1,2.142857142857143,0.0
9,3906,4,False,0,2025-02-28,2,0.0,0.11,0.16,4,28,0,0,1,1.8571428571428572,0.0
9,3939,4,False,0,2025-02-28,2,0.0,0.04,0.06,4,28,0,0,1,2.0,0.0
9,3968,4,False,0,2025-02-28,1,0.0,0.01,0.02,4,28,0,0,1,2.0,0.0
9,3971,4,False,0,2025-02-28,1,0.0,0.08,0.09,4,28,0,0,1,1.7142857142857142,0.0
9,3974,4,False,0,2025-02-28,1,0.0,0.09,0.13,4,28,0,0,1,1.8571428571428572,0.0
9,3987,4,False,0,2025-02-28,1,0.0,0.03,0.05,4,28,0,0,1,1.7142857142857142,0.0
9,4019,4,False,0,2025-02-28,3,0.0,0.04,0.05,4,28,0,0,1,1.2857142857142858,0.0
9,4028,4,False,0,2025-02-28,2,0.0,0.02,0.03,4,28,0,0,1,1.5714285714285714,0.0
9,4071,4,False,0,2025-02-28,2,0.0,0.04,0.07,4,28,0,0,1,1.5714285714285714,0.0
9,4108,4,False,0,2025-02-28,2,0.0,0.02,0.03,4,28,0,0,1,1.5714285714285714,0.0
9,4133,4,False,0,2025-02-28,2,0.0,0.08,0.14,4,28,0,0,1,1.7142857142857142,0.0
9,4135,4,False,0,2025-02-28,1,0.0,0.03,0.04,4,28,0,0,1,1.8571428571428572,0.0
9,4170,4,False,0,2025-02-28,1,0.0,0.02,0.03,4,28,0,0,1,1.8571428571428572,0.0
9,4184,4,False,0,2025-02-28,1,0.0,0.06,0.09,4,28,0,0,1,1.8571428571428572,0.0
9,4186,4,False,0,2025-02-28,1,0.0,0.03,0.04,4,28,0,0,1,1.5714285714285714,0.0
9,4212,4,False,0,2025-02-28,0,0.0,0.06,0.08,4,28,0,0,1,1.4285714285714286,0.0
9,4243,4,False,0,2025-02-28,1,0.0,0.09,0.11,4,28,0,0,1,1.1428571428571428,0.0
9,4268,4,False,0,2025-02-28,2,0.0,0.02,0.03,4,28,0,0,1,1.0,0.0
9,4275,4,False,0,2025-02-28,0,0.0,0.01,0.02,4,28,0,0,1,1.0,0.0
9,4281,4,False,0,2025-02-28,0,0.0,0.02,0.04,4,28,0,0,1,0.8571428571428571,0.0
9,4293,4,False,0,2025-02-28,1,0.0,0.12,0.18,4,28,0,0,1,0.7142857142857143,0.0
9,4305,4,False,0,2025-02-28,1,0.0,0.07,0.1,4,28,0,0,1,0.7142857142857143,0.0
9,4335,4,False,0,2025-02-28,1,0.0,0.04,0.07,4,28,0,0,1,0.7142857142857143,0.0
9,4342,4,False,0,2025-02-28,0,0.0,0.02,0.04,4,28,0,0,1,0.8571428571428571,0.0
9,4372,4,False,0,2025-02-28,3,0.0,0.02,0.04,4,28,0,0,1,0.7142857142857143,0.0
9,4373,4,False,0,2025-02-28,0,0.0,0.07,0.09,4,28,0,0,1,0.8571428571428571,0.0
9,4392,4,False,0,2025-02-28,1,0.0,0.09,0.12,4,28,0,0,1,0.8571428571428571,0.0
9,4395,4,False,0,2025-02-28,3,0.0,0.05,0.08,4,28,0,0,1,1.0,0.0
9,4422,4,False,0,2025-02-28,2,0.0,0.01,0.02,4,28,0,0,1,1.2857142857142858,0.0
9,4438,4,False,0,2025-02-28,1,0.0,0.01,0.02,4,28,0,0,1,1.4285714285714286,0.0
9,4451,4,False,0,2025-02-28,2,0.0,0.04,0.06,4,28,0,0,1,1.4285714285714286,0.0
9,4456,4,False,0,2025-02-28,2,0.0,0.02,0.04,4,28,0,0,1,1.7142857142857142,0.0
9,4480,4,False,0,2025-02-28,1,0.0,0.06,0.1,4,28,0,0,1,1.5714285714285714,0.0
9,4520,4,False,0,2025-02-28,1,0.0,0.1,0.15,4,28,0,0,1,1.7142857142857142,0.0
9,4522,4,False,0,2025-02-28,1,0.0,0.02,0.04,4,28,0,0,1,1.7142857142857142,0.0
9,4550,4,False,0,2025-02-28,2,0.0,0.13,0.17,4,28,0,0,1,1.4285714285714286,0.0
9,4571,4,False,0,2025-02-28,2,0.0,0.03,0.06,4,28,0,0,1,1.4285714285714286,0.0
9,4577,4,False,0,2025-02-28,2,1.0,0.04,0.06,4,28,0,0,1,1.5714285714285714,0.0
9,4598,4,False,0,2025-02-28,3,0.0,0.07,0.08,4,28,0,0,1,1.5714285714285714,0.0
9,4621,4,False,0,2025-02-28,2,0.0,0.01,0.01,4,28,0,0,1,1.7142857142857142,0.0
9,4662,4,False,0,2025-02-28,2,0.0,0.02,0.04,4,28,0,0,1,1.8571428571428572,0.0
9,4663,4,False,0,2025-02-28,2,0.0,0.04,0.07,4,28,0,0,1,2.0,0.0
9,4672,4,False,0,2025-02-28,2,0.0,0.03,0.04,4,28,0,0,1,2.142857142857143,0.0
9,4715,4,False,0,2025-02-28,2,0.0,0.05,0.06,4,28,0,0,1,2.142857142857143,0.0
9,4778,4,False,0,2025-02-28,2,0.0,0.04,0.07,4,28,0,0,1,2.142857142857143,0.0
9,4785,4,False,0,2025-02-28,3,0.0,0.06,0.08,4,28,0,0,1,2.142857142857143,0.0
9,4806,4,False,0,2025-02-28,3,0.0,0.02,0.03,4,28,0,0,1,2.142857142857143,0.0
9,4808,4,False,0,2025-02-28,1,0.0,0.03,0.05,4,28,0,0,1,2.2857142857142856,0.0
9,4823,4,False,0,2025-02-28,3,0.0,0.01,0.01,4,28,0,0,1,2.142857142857143,0.0
9,4842,4,False,0,2025-02-28,1,0.0,0.03,0.05,4,28,0,0,1,2.2857142857142856,0.0
9,4851,4,False,0,2025-02-28,1,0.0,0.06,0.09,4,28,0,0,1,2.142857142857143,0.0
9,4855,4,False,0,2025-02-28,3,0.0,0.02,0.02,4,28,0,0,1,2.0,0.0
9,4895,4,False,0,2025-02-28,1,0.0,0.04,0.04,4,28,0,0,1,2.142857142857143,0.0
9,4928,4,False,0,2025-02-28,3,0.0,0.03,0.05,4,28,0,0,1,1.8571428571428572,0.0
9,4955,4,False,0,2025-02-28,2,0.0,0.03,0.05,4,28,0,0,1,1.8571428571428572,0.0
9,4958,4,False,0,2025-02-28,0,0.0,0.05,0.07,4,28,0,0,1,2.0,0.0
9,4967,4,False,0,2025-02-28,2,0.0,0.05,0.08,4,28,0,0,1,1.5714285714285714,0.0
9,4978,4,False,0,2025-02-28,1,0.0,0.04,0.06,4,28,0,0,1,1.7142857142857142,0.0
9,5005,4,False,0,2025-02-28,3,0.0,0.04,0.06,4,28,0,0,1,1.7142857142857142,0.0
9,5063,4,False,0,2025-02-28,3,0.0,0.01,0.01,4,28,0,0,1,1.7142857142857142,0.0
9,5088,4,False,0,2025-02-28,3,0.0,0.01,0.02,4,28,0,0,1,2.0,0.0
9,5113,4,False,0,2025-02-28,0,0.0,0.03,0.05,4,28,0,0,1,2.0,0.0
9,5146,4,False,0,2025-02-28,2,0.0,0.03,0.05,4,28,0,0,1,1.7142857142857142,0.0
9,5154,4,False,0,2025-02-28,0,0.0,0.04,0.06,4,28,0,0,1,2.0,0.0
9,5162,4,False,0,2025-02-28,1,0.0,0.09,0.11,4,28,0,0,1,1.7142857142857142,0.0
9,5186,4,False,0,2025-02-28,4,0.0,0.02,0.04,4,28,0,0,1,1.7142857142857142,0.0
9,5191,4,False,0,2025-02-28,2,0.0,0.02,0.04,4,28,0,0,1,1.8571428571428572,0.0
9,5202,4,False,0,2025-02-28,2,0.0,0.09,0.12,4,28,0,0,1,1.7142857142857142,0.0
9,5208,4,False,0,2025-02-28,1,0.0,0.02,0.03,4,28,0,0,1,1.5714285714285714,0.0
9,5228,4,False,0,2025-02-28,1,0.0,0.01,0.02,4,28,0,0,1,1.7142857142857142,0.0
9,5229,4,False,0,2025-02-28,2,0.0,0.03,0.05,4,28,0,0,1,1.5714285714285714,0.0
9,5263,4,False,0,2025-02-28,3,0.0,0.02,0.04,4,28,0,0,1,1.8571428571428572,0.0
9,5266,4,False,0,2025-02-28,1,1.0,0.06,0.1,4,28,0,0,1,2.142857142857143,0.0
9,5286,4,False,0,2025-02-28,1,0.0,0.05,0.08,4,28,0,0,1,1.7142857142857142,0.0
9,74,5,True,0,2025-02-28,1,0.0,0.02,0.04,4,28,0,0,1,1.5714285714285714,0.0
9,213,5,True,0,2025-02-28,1,0.0,0.01,0.03,4,28,0,0,1,1.4285714285714286,0.0
9,284,5,True,0,2025-02-28,2,2.0,0.05,0.08,4,28,0,0,1,1.4285714285714286,0.0
9,567,5,True,0,2025-02-28,1,0.0,0.01,0.04,4,28,0,0,1,1.5714285714285714,0.0
9,783,5,True,0,2025-02-28,7,0.0,0.03,0.06,4,28,0,0,1,1.4285714285714286,0.0
9,821,5,True,0,2025-02-28,1,0.0,0.03,0.06,4,28,0,0,1,2.0,0.0
9,873,5,True,0,2025-02-28,3,0.0,0.03,0.05,4,28,0,0,1,2.0,0.0
9,929,5,True,0,2025-02-28,0,1.0,0.07,0.17,4,28,0,0,1,2.2857142857142856,0.0
9,1037,5,True,0,2025-02-28,4,0.0,0.01,0.02,4,28,0,0,1,2.142857142857143,0.0
9,1163,5,True,0,2025-02-28,5,1.0,0.08,0.15,4,28,0,0,1,2.5714285714285716,0.0
9,1247,5,True,0,2025-02-28,7,0.0,0.04,0.05,4,28,0,0,1,3.0,0.0
9,1333,5,True,0,2025-02-28,2,0.0,0.02,0.03,4,28,0,0,1,3.857142857142857,0.0
9,1339,5,True,0,2025-02-28,1,0.0,0.02,0.04,4,28,0,0,1,3.142857142857143,0.0
9,1427,5,True,0,2025-02-28,1,0.0,0.01,0.04,4,28,0,0,1,3.142857142857143,0.0
9,1746,5,True,0,2025-02-28,1,0.0,0.02,0.07,4,28,0,0,1,2.857142857142857,0.0
9,1882,5,True,0,2025-02-28,5,0.0,0.17,0.49,4,28,0,0,1,3.0,0.0
9,2066,5,True,0,2025-02-28,1,0.0,0.1,0.15,4,28,0,0,1,3.142857142857143,0.0
9,2104,5,True,0,2025-02-28,2,0.0,0.03,0.04,4,28,0,0,1,2.5714285714285716,0.0
9,2120,5,True,0,2025-02-28,1,0.0,0.03,0.06,4,28,0,0,1,1.8571428571428572,0.0
9,2132,5,True,0,2025-02-28,3,0.0,0.01,0.04,4,28,0,0,1,1.7142857142857142,0.0
9,2141,5,True,0,2025-02-28,1,0.0,0.01,0.03,4,28,0,0,1,2.0,0.0
9,2219,5,True,0,2025-02-28,4,0.0,0.11,0.24,4,28,0,0,1,2.0,0.0
9,2224,5,True,0,2025-02-28,2,0.0,0.03,0.08,4,28,0,0,1,2.4285714285714284,0.0
9,2325,5,True,0,2025-02-28,4,0.0,0.03,0.06,4,28,0,0,1,2.0,0.0
9,2418,5,True,0,2025-02-28,0,0.0,0.03,0.07,4,28,0,0,1,2.4285714285714284,0.0
9,2880,5,True,0,2025-02-28,1,0.0,0.02,0.03,4,28,0,0,1,2.142857142857143,0.0
9,3085,5,True,0,2025-02-28,4,0.0,0.02,0.04,4,28,0,0,1,2.142857142857143,0.0
9,3087,5,True,0,2025-02-28,2,0.0,0.04,0.09,4,28,0,0,1,2.2857142857142856,0.0
9,3164,5,True,0,2025-02-28,3,0.0,0.06,0.1,4,28,0,0,1,2.4285714285714284,0.0
9,3218,5,True,0,2025-02-28,3,0.0,0.02,0.07,4,28,0,0,1,2.2857142857142856,0.0
9,3229,5,True,0,2025-02-28,0,0.0,0.04,0.1,4,28,0,0,1,2.4285714285714284,0.0
9,3292,5,True,0,2025-02-28,5,0.0,0.03,0.05,4,28,0,0,1,1.8571428571428572,0.0
9,3330,5,True,0,2025-02-28,4,0.0,0.06,0.11,4,28,0,0,1,2.5714285714285716,0.0
9,3424,5,True,0,2025-02-28,1,0.0,0.01,0.02,4,28,0,0,1,3.0,0.0
9,3439,5,True,0,2025-02-28,2,0.0,0.02,0.04,4,28,0,0,1,2.5714285714285716,0.0
9,3463,5,True,0,2025-02-28,3,0.0,0.03,0.05,4,28,0,0,1,2.5714285714285716,0.0
9,3558,5,True,0,2025-02-28,8,0.0,0.03,0.06,4,28,0,0,1,2.5714285714285716,0.0
9,3624,5,True,0,2025-02-28,1,0.0,0.06,0.13,4,28,0,0,1,3.2857142857142856,0.0
9,3807,5,True,0,2025-02-28,1,0.0,0.08,0.1,4,28,0,0,1,3.4285714285714284,0.0
9,3984,5,True,0,2025-02-28,1,0.0,0.02,0.04,4,28,0,0,1,2.857142857142857,0.0
9,3996,5,True,0,2025-02-28,4,0.0,0.03,0.07,4,28,0,0,1,2.4285714285714284,0.0
9,4036,5,True,0,2025-02-28,1,0.0,0.01,0.02,4,28,0,0,1,2.857142857142857,0.0
9,4081,5,True,0,2025-02-28,2,0.0,0.03,0.07,4,28,0,0,1,2.7142857142857144,0.0
9,4175,5,True,0,2025-02-28,7,0.0,0.03,0.06,4,28,0,0,1,2.5714285714285716,0.0
9,4544,5,True,0,2025-02-28,5,0.0,0.04,0.09,4,28,0,0,1,2.4285714285714284,0.0
9,4565,5,True,0,2025-02-28,3,0.0,0.01,0.04,4,28,0,0,1,3.0,0.0
9,4749,5,True,0,2025-02-28,3,0.0,0.01,0.02,4,28,0,0,1,3.2857142857142856,0.0
9,4789,5,True,0,2025-02-28,1,0.0,0.02,0.05,4,28,0,0,1,3.5714285714285716,0.0
9,4939,5,True,0,2025-02-28,3,0.0,0.02,0.06,4,28,0,0,1,3.142857142857143,0.0
9,4942,5,True,0,2025-02-28,1,0.0,0.07,0.11,4,28,0,0,1,3.4285714285714284,0.0
9,5006,5,True,0,2025-02-28,1,0.0,0.03,0.04,4,28,0,0,1,3.2857142857142856,0.0
9,5049,5,True,0,2025-02-28,1,0.0,0.02,0.05,4,28,0,0,1,2.4285714285714284,0.0
9,5098,5,True,0,2025-02-28,1,0.0,0.02,0.05,4,28,0,0,1,1.8571428571428572,0.0
9,5217,5,True,0,2025-02-28,2,0.0,0.02,0.04,4,28,0,0,1,1.5714285714285714,0.0
9,173,6,False,0,2025-02-28,1,0.0,0.09,0.14,4,28,0,0,1,1.4285714285714286,0.0
9,337,6,False,0,2025-02-28,1,0.0,0.12,0.04,4,28,0,0,1,1.4285714285714286,0.0
9,366,6,False,0,2025-02-28,0,0.0,0.08,0.1,4,28,0,0,1,1.1428571428571428,0.0
9,386,6,False,0,2025-02-28,0,0.0,0.17,0.24,4,28,0,0,1,1.0,0.0
9,449,6,False,0,2025-02-28,1,0.0,0.28,0.44,4,28,0,0,1,0.8571428571428571,0.0
9,594,6,False,0,2025-02-28,3,0.0,0.19,0.2,4,28,0,0,1,0.8571428571428571,0.0
9,820,6,False,0,2025-02-28,1,0.0,0.16,0.2,4,28,0,0,1,1.1428571428571428,0.0
9,988,6,False,0,2025-02-28,1,0.0,0.16,0.24,4,28,0,0,1,1.0,0.0
9,1031,6,False,0,2025-02-28,0,0.0,0.1,0.12,4,28,0,0,1,1.0,0.0
9,1124,6,False,0,2025-02-28,2,0.0,0.12,0.22,4,28,0,0,1,0.8571428571428571,0.0
9,1276,6,False,0,2025-02-28,1,0.0,0.13,0.17,4,28,0,0,1,1.1428571428571428,0.0
9,1340,6,False,0,2025-02-28,2,0.0,0.17,0.23,4,28,0,0,1,1.2857142857142858,0.0
9,1429,6,False,0,2025-02-28,1,0.0,0.08,0.11,4,28,0,0,1,1.4285714285714286,0.0
9,1534,6,False,0,2025-02-28,4,0.0,0.15,0.17,4,28,0,0,1,1.1428571428571428,0.0
9,1544,6,False,0,2025-02-28,2,0.0,0.08,0.1,4,28,0,0,1,1.5714285714285714,0.0
9,1611,6,False,0,2025-02-28,0,0.0,0.12,0.13,4,28,0,0,1,1.7142857142857142,0.0
9,1650,6,False,0,2025-02-28,1,0.0,0.24,0.28,4,28,0,0,1,1.7142857142857142,0.0
9,1702,6,False,0,2025-02-28,1,0.0,0.31,0.36,4,28,0,0,1,1.5714285714285714,0.0
9,1767,6,False,0,2025-02-28,1,0.0,0.12,0.17,4,28,0,0,1,1.5714285714285714,0.0
9,1807,6,False,0,2025-02-28,1,0.0,0.12,0.17,4,28,0,0,1,1.4285714285714286,0.0
9,1811,6,False,0,2025-02-28,0,0.0,0.04,0.06,4,28,0,0,1,1.4285714285714286,0.0
9,1828,6,False,0,2025-02-28,1,0.0,0.26,0.31,4,28,0,0,1,0.8571428571428571,0.0
9,1868,6,False,0,2025-02-28,1,0.0,0.12,0.13,4,28,0,0,1,0.7142857142857143,0.0
9,1901,6,False,0,2025-02-28,0,0.0,0.16,0.2,4,28,0,0,1,0.8571428571428571,0.0
9,2712,6,False,0,2025-02-28,1,0.0,0.12,0.13,4,28,0,0,1,0.7142857142857143,0.0
9,2912,6,False,0,2025-02-28,0,0.0,0.12,0.18,4,28,0,0,1,0.7142857142857143,0.0
9,3088,6,False,0,2025-02-28,2,0.0,0.06,0.08,4,28,0,0,1,0.5714285714285714,0.0
9,3187,6,False,0,2025-02-28,0,0.0,0.26,0.28,4,28,0,0,1,0.7142857142857143,0.0
9,3202,6,False,0,2025-02-28,0,0.0,0.14,0.21,4,28,0,0,1,0.7142857142857143,0.0
9,3604,6,False,0,2025-02-28,1,0.0,0.32,0.35,4,28,0,0,1,0.5714285714285714,0.0
9,3648,6,False,0,2025-02-28,1,0.0,0.2,0.24,4,28,0,0,1,0.5714285714285714,0.0
9,3687,6,False,0,2025-02-28,2,0.0,0.14,0.22,4,28,0,0,1,0.7142857142857143,0.0
9,3842,6,False,0,2025-02-28,2,0.0,0.39,0.49,4,28,0,0,1,0.8571428571428571,0.0
9,3902,6,False,0,2025-02-28,1,0.0,0.17,0.23,4,28,0,0,1,1.1428571428571428,0.0
9,3912,6,False,0,2025-02-28,1,0.0,0.06,0.07,4,28,0,0,1,1.0,0.0
9,4177,6,False,0,2025-02-28,0,0.0,0.06,0.08,4,28,0,0,1,1.1428571428571428,0.0
9,4234,6,False,0,2025-02-28,2,0.0,0.12,0.16,4,28,0,0,1,1.1428571428571428,0.0
9,4288,6,False,0,2025-02-28,1,0.0,0.13,0.18,4,28,0,0,1,1.2857142857142858,0.0
9,4376,6,False,0,2025-02-28,1,0.0,0.08,0.11,4,28,0,0,1,1.2857142857142858,0.0
9,4386,6,False,0,2025-02-28,1,0.0,0.09,0.14,4,28,0,0,1,1.1428571428571428,0.0
9,4468,6,False,0,2025-02-28,1,0.0,0.34,0.44,4,28,0,0,1,1.0,0.0
9,4892,6,False,0,2025-02-28,0,0.0,0.2,0.23,4,28,0,0,1,1.0,0.0
9,4899,6,False,0,2025-02-28,3,0.0,0.06,0.1,4,28,0,0,1,0.8571428571428571,0.0
9,4917,6,False,0,2025-02-28,8,0.0,0.15,0.22,4,28,0,0,1,1.2857142857142858,0.0
9,5150,6,False,0,2025-02-28,6,0.0,0.18,0.21,4,28,0,0,1,2.142857142857143,0.0
9,5253,6,False,0,2025-02-28,1,0.0,0.23,0.34,4,28,0,0,1,2.857142857142857,0.0
9,188,7,False,0,2025-02-28,1,0.0,0.03,0.04,4,28,0,0,1,2.857142857142857,0.0
9,348,7,False,0,2025-02-28,3,0.0,0.02,0.03,4,28,0,0,1,2.857142857142857,0.0
9,392,7,False,0,2025-02-28,1,0.0,0.01,0.01,4,28,0,0,1,3.142857142857143,0.0
9,503,7,False,0,2025-02-28,9,0.0,0.01,0.01,4,28,0,0,1,3.2857142857142856,0.0
9,680,7,False,0,2025-02-28,20,0.0,0.01,0.01,4,28,0,0,1,4.142857142857143,0.0
9,743,7,False,0,2025-02-28,4,0.0,0.02,0.04,4,28,0,0,1,5.857142857142857,0.0
9,840,7,False,0,2025-02-28,4,0.0,0.02,0.03,4,28,0,0,1,5.571428571428571,0.0
9,966,7,False,0,2025-02-28,2,0.0,0.03,0.04,4,28,0,0,1,6.0,0.0
9,1084,7,False,0,2025-02-28,1,0.0,0.01,0.01,4,28,0,0,1,6.142857142857143,0.0
9,1108,7,False,0,2025-02-28,1,0.0,0.05,0.09,4,28,0,0,1,5.857142857142857,0.0
9,1128,7,False,0,2025-02-28,0,0.0,0.02,0.02,4,28,0,0,1,5.857142857142857,0.0
9,1253,7,False,0,2025-02-28,1,0.0,0.01,0.02,4,28,0,0,1,4.571428571428571,0.0
9,1445,7,False,0,2025-02-28,4,0.0,0.04,0.05,4,28,0,0,1,1.8571428571428572,0.0
9,1488,7,False,0,2025-02-28,3,0.0,0.01,0.01,4,28,0,0,1,1.8571428571428572,0.0
9,1556,7,False,0,2025-02-28,4,0.0,0.02,0.03,4,28,0,0,1,1.7142857142857142,0.0
9,1591,7,False,0,2025-02-28,2,0.0,0.05,0.09,4,28,0,0,1,2.0,0.0
9,1677,7,False,0,2025-02-28,1,0.0,0.02,0.04,4,28,0,0,1,2.142857142857143,0.0
9,1697,7,False,0,2025-02-28,1,0.0,0.05,0.09,4,28,0,0,1,2.142857142857143,0.0
9,1895,7,False,0,2025-02-28,1,0.0,0.02,0.02,4,28,0,0,1,2.2857142857142856,0.0
9,1905,7,False,0,2025-02-28,1,2.0,0.02,0.02,4,28,0,0,1,2.2857142857142856,0.0
9,1981,7,False,0,2025-02-28,1,0.0,0.01,0.01,4,28,0,0,1,1.8571428571428572,0.0
9,2105,7,False,0,2025-02-28,1,0.0,0.02,0.03,4,28,0,0,1,1.5714285714285714,0.0
9,2182,7,False,0,2025-02-28,1,0.0,0.2,0.26,4,28,0,0,1,1.1428571428571428,0.0
9,2202,7,False,0,2025-02-28,4,0.0,0.11,0.14,4,28,0,0,1,1.0,0.0
9,2232,7,False,0,2025-02-28,2,0.0,0.04,0.08,4,28,0,0,1,1.4285714285714286,0.0
9,2340,7,False,0,2025-02-28,3,0.0,0.02,0.02,4,28,0,0,1,1.5714285714285714,0.0
9,2380,7,False,0,2025-02-28,1,0.0,0.03,0.05,4,28,0,0,1,1.8571428571428572,0.0
9,2439,7,False,0,2025-02-28,1,0.0,0.03,0.04,4,28,0,0,1,1.8571428571428572,0.0
9,2645,7,False,0,2025-02-28,5,0.0,0.03,0.04,4,28,0,0,1,1.8571428571428572,0.0
9,2792,7,False,0,2025-02-28,3,0.0,0.02,0.04,4,28,0,0,1,2.4285714285714284,0.0
9,2989,7,False,0,2025-02-28,0,0.0,0.0,0.0,4,28,0,0,1,2.7142857142857144,0.0
9,3025,7,False,0,2025-02-28,5,0.0,0.01,0.01,4,28,0,0,1,2.142857142857143,0.0
9,3078,7,False,0,2025-02-28,3,0.0,0.07,0.09,4,28,0,0,1,2.5714285714285716,0.0
9,3111,7,False,0,2025-02-28,1,0.0,0.03,0.04,4,28,0,0,1,2.5714285714285716,0.0
9,3125,7,False,0,2025-02-28,1,0.0,0.02,0.03,4,28,0,0,1,2.5714285714285716,0.0
9,4069,7,False,0,2025-02-28,1,0.0,0.02,0.02,4,28,0,0,1,2.5714285714285716,0.0
9,4233,7,False,0,2025-02-28,3,0.0,0.06,0.1,4,28,0,0,1,2.0,0.0
9,4424,7,False,0,2025-02-28,2,0.0,0.02,0.05,4,28,0,0,1,2.0,0.0
9,4454,7,False,0,2025-02-28,1,0.0,0.01,0.02,4,28,0,0,1,2.2857142857142856,0.0
9,4484,7,False,0,2025-02-28,19,1.0,0.02,0.05,4,28,0,0,1,1.7142857142857142,0.0
9,4599,7,False,0,2025-02-28,3,0.0,0.01,0.02,4,28,0,0,1,4.0,0.0
9,4624,7,False,0,2025-02-28,1,0.0,0.03,0.04,4,28,0,0,1,4.285714285714286,0.0
9,4763,7,False,0,2025-02-28,2,0.0,0.01,0.02,4,28,0,0,1,4.285714285714286,0.0
9,4788,7,False,0,2025-02-28,1,0.0,0.02,0.03,4,28,0,0,1,4.428571428571429,0.0
9,4841,7,False,0,2025-02-28,1,0.0,0.01,0.02,4,28,0,0,1,4.142857142857143,0.0
9,4910,7,False,0,2025-02-28,1,0.0,0.2,0.22,4,28,0,0,1,4.0,0.0
9,5031,7,False,0,2025-02-28,1,0.0,0.3,0.52,4,28,0,0,1,4.0,0.0
9,5141,7,False,0,2025-02-28,1,0.0,0.02,0.03,4,28,0,0,1,1.4285714285714286,0.0
9,55,8,False,0,2025-02-28,7,0.0,0.04,0.08,4,28,0,0,1,1.1428571428571428,0.0
9,494,8,False,0,2025-02-28,14,0.0,0.01,0.03,4,28,0,0,1,2.0,0.0
9,566,8,False,0,2025-02-28,29,0.0,0.01,0.01,4,28,0,0,1,3.7142857142857144,0.0
9,658,8,False,0,2025-02-28,3,0.0,0.1,0.15,4,28,0,0,1,7.714285714285714,0.0
9,675,8,False,0,2025-02-28,0,0.0,0.01,0.0,4,28,0,0,1,8.0,0.0
9,790,8,False,0,2025-02-28,3,0.0,0.01,0.02,4,28,0,0,1,7.857142857142857,0.0
9,868,8,False,0,2025-02-28,1,0.0,0.14,0.2,4,28,0,0,1,8.142857142857142,0.0
9,870,8,False,0,2025-02-28,3,0.0,0.01,0.01,4,28,0,0,1,8.142857142857142,0.0
9,1004,8,False,0,2025-02-28,8,1.0,0.02,0.05,4,28,0,0,1,7.571428571428571,0.0
9,1076,8,False,0,2025-02-28,11,0.0,0.01,0.02,4,28,0,0,1,6.714285714285714,0.0
9,1116,8,False,0,2025-02-28,12,0.0,0.02,0.02,4,28,0,0,1,4.142857142857143,0.0
9,1134,8,False,0,2025-02-28,12,0.0,0.0,0.01,4,28,0,0,1,5.428571428571429,0.0
9,1285,8,False,0,2025-02-28,8,0.0,0.03,0.05,4,28,0,0,1,7.142857142857143,0.0
9,1541,8,False,0,2025-02-28,5,0.0,0.02,0.04,4,28,0,0,1,7.857142857142857,0.0
9,1748,8,False,0,2025-02-28,8,0.0,0.03,0.04,4,28,0,0,1,8.428571428571429,0.0
9,1819,8,False,0,2025-02-28,7,1.0,0.01,0.02,4,28,0,0,1,9.142857142857142,0.0
9,1923,8,False,0,2025-02-28,1,1.0,0.01,0.02,4,28,0,0,1,9.0,0.0
9,1930,8,False,0,2025-02-28,2,0.0,0.03,0.06,4,28,0,0,1,7.571428571428571,0.0
9,2029,8,False,0,2025-02-28,2,0.0,0.04,0.07,4,28,0,0,1,6.142857142857143,0.0
9,2288,8,False,0,2025-02-28,16,0.0,0.01,0.02,4,28,0,0,1,4.714285714285714,0.0
9,3028,8,False,0,2025-02-28,3,0.0,0.01,0.02,4,28,0,0,1,5.857142857142857,0.0
9,3180,8,False,0,2025-02-28,12,0.0,0.01,0.03,4,28,0,0,1,5.571428571428571,0.0
9,3450,8,False,0,2025-02-28,15,0.0,0.02,0.03,4,28,0,0,1,6.142857142857143,0.0
9,3476,8,False,0,2025-02-28,2,0.0,0.07,0.11,4,28,0,0,1,7.285714285714286,0.0
9,3574,8,False,0,2025-02-28,5,0.0,0.02,0.03,4,28,0,0,1,7.428571428571429,0.0
9,3592,8,False,0,2025-02-28,5,0.0,0.02,0.04,4,28,0,0,1,7.857142857142857,0.0
9,3750,8,False,0,2025-02-28,11,0.0,0.01,0.02,4,28,0,0,1,8.285714285714286,0.0
9,3770,8,False,0,2025-02-28,15,0.0,0.01,0.02,4,28,0,0,1,7.571428571428571,0.0
9,3963,8,False,0,2025-02-28,5,0.0,0.01,0.01,4,28,0,0,1,9.285714285714286,0.0
9,4115,8,False,0,2025-02-28,4,0.0,0.02,0.04,4,28,0,0,1,8.285714285714286,0.0
9,4538,8,False,0,2025-02-28,11,0.0,0.02,0.02,4,28,0,0,1,6.714285714285714,0.0
9,4609,8,False,0,2025-02-28,6,0.0,0.05,0.08,4,28,0,0,1,8.0,0.0
9,4666,8,False,0,2025-02-28,15,0.0,0.01,0.02,4,28,0,0,1,8.142857142857142,0.0
9,4668,8,False,0,2025-02-28,3,0.0,0.01,0.02,4,28,0,0,1,9.571428571428571,0.0
9,4676,8,False,0,2025-02-28,14,0.0,0.01,0.01,4,28,0,0,1,8.428571428571429,0.0
9,4751,8,False,0,2025-02-28,1,0.0,0.02,0.03,4,28,0,0,1,8.285714285714286,0.0
9,4807,8,False,0,2025-02-28,8,0.0,0.01,0.01,4,28,0,0,1,7.714285714285714,0.0
9,4862,8,False,0,2025-02-28,2,0.0,0.18,0.31,4,28,0,0,1,8.285714285714286,0.0
9,5001,8,False,0,2025-02-28,15,0.0,0.01,0.03,4,28,0,0,1,7.0,0.0
9,5203,8,False,0,2025-02-28,9,0.0,0.01,0.03,4,28,0,0,1,8.285714285714286,0.0
9,3,9,True,0,2025-02-28,2,0.0,0.02,0.06,4,28,0,0,1,7.428571428571429,0.0
9,29,9,True,0,2025-02-28,5,0.0,0.05,0.06,4,28,0,0,1,7.285714285714286,0.0
9,67,9,True,0,2025-02-28,3,0.0,0.01,0.04,4,28,0,0,1,6.0,0.0
9,68,9,True,0,2025-02-28,0,3.0,0.02,0.02,4,28,0,0,1,6.285714285714286,1.2926144934686639
9,75,9,True,0,2025-02-28,1,0.0,0.03,0.05,4,28,0,0,1,5.142857142857143,0.0
9,162,9,True,0,2025-02-28,2,0.0,0.03,0.07,4,28,0,0,1,5.0,0.0
9,176,9,True,0,2025-02-28,7,0.0,0.02,0.06,4,28,0,0,1,3.142857142857143,0.0
9,266,9,True,0,2025-02-28,0,0.0,0.03,0.1,4,28,0,0,1,2.857142857142857,0.0
9,322,9,True,0,2025-02-28,4,0.0,0.05,0.06,4,28,0,0,1,2.5714285714285716,0.0
9,335,9,True,0,2025-02-28,3,0.0,0.02,0.06,4,28,0,0,1,2.4285714285714284,0.0
9,342,9,True,0,2025-02-28,0,2.0,0.02,0.07,4,28,0,0,1,2.4285714285714284,0.0
9,379,9,True,0,2025-02-28,1,0.0,0.06,0.08,4,28,0,0,1,2.4285714285714284,0.0
9,426,9,True,0,2025-02-28,4,0.0,0.05,0.1,4,28,0,0,1,2.4285714285714284,0.0
9,469,9,True,0,2025-02-28,2,0.0,0.02,0.03,4,28,0,0,1,2.7142857142857144,0.0
9,487,9,True,0,2025-02-28,8,0.0,0.03,0.1,4,28,0,0,1,2.0,0.0
9,500,9,True,0,2025-02-28,7,0.0,0.01,0.04,4,28,0,0,1,3.142857142857143,0.0
9,520,9,True,0,2025-02-28,1,0.0,0.04,0.1,4,28,0,0,1,3.5714285714285716,0.0
9,546,9,True,0,2025-02-28,1,0.0,0.02,0.03,4,28,0,0,1,3.2857142857142856,0.0
9,562,9,True,0,2025-02-28,3,0.0,0.03,0.04,4,28,0,0,1,3.4285714285714284,0.0
9,589,9,True,0,2025-02-28,6,0.0,0.03,0.04,4,28,0,0,1,3.7142857142857144,0.0
9,591,9,True,0,2025-02-28,2,0.0,0.04,0.1,4,28,0,0,1,4.0,0.0
9,654,9,True,0,2025-02-28,2,0.0,0.03,0.08,4,28,0,0,1,4.0,0.0
9,673,9,True,0,2025-02-28,1,0.0,0.02,0.04,4,28,0,0,1,3.142857142857143,0.0
9,687,9,True,0,2025-02-28,0,0.0,0.04,0.08,4,28,0,0,1,2.2857142857142856,0.0
9,698,9,True,0,2025-02-28,2,0.0,0.04,0.09,4,28,0,0,1,2.142857142857143,0.0
9,708,9,True,0,2025-02-28,1,0.0,0.04,0.08,4,28,0,0,1,2.2857142857142856,0.0
9,715,9,True,0,2025-02-28,2,0.0,0.02,0.04,4,28,0,0,1,2.0,0.0
9,738,9,True,0,2025-02-28,5,0.0,0.03,0.05,4,28,0,0,1,1.4285714285714286,0.0
9,856,9,True,0,2025-02-28,2,0.0,0.01,0.04,4,28,0,0,1,1.8571428571428572,0.0
9,884,9,True,0,2025-02-28,3,0.0,0.05,0.11,4,28,0,0,1,1.8571428571428572,0.0
9,893,9,True,0,2025-02-28,2,0.0,0.02,0.06,4,28,0,0,1,2.142857142857143,0.0
9,908,9,True,0,2025-02-28,6,0.0,0.05,0.09,4,28,0,0,1,2.4285714285714284,0.0
9,920,9,True,0,2025-02-28,1,0.0,0.04,0.05,4,28,0,0,1,3.0,0.0
9,942,9,True,0,2025-02-28,2,0.0,0.01,0.07,4,28,0,0,1,3.0,0.0
9,955,9,True,0,2025-02-28,2,0.0,0.06,0.13,4,28,0,0,1,3.0,0.0
9,957,9,True,0,2025-02-28,3,2.0,0.05,0.12,4,28,0,0,1,2.5714285714285716,0.0
9,977,9,True,0,2025-02-28,2,0.0,0.1,0.17,4,28,0,0,1,2.7142857142857144,0.0
9,1016,9,True,0,2025-02-28,1,0.0,0.02,0.09,4,28,0,0,1,2.5714285714285716,0.0
9,1039,9,True,0,2025-02-28,2,0.0,0.01,0.03,4,28,0,0,1,2.4285714285714284,0.0
9,1050,9,True,0,2025-02-28,6,0.0,0.07,0.07,4,28,0,0,1,1.8571428571428572,0.0
9,1075,9,True,0,2025-02-28,1,0.0,0.03,0.05,4,28,0,0,1,2.5714285714285716,0.0
9,1081,9,True,0,2025-02-28,9,0.0,0.02,0.19,4,28,0,0,1,2.4285714285714284,0.0
9,1157,9,True,0,2025-02-28,2,0.0,0.04,0.13,4,28,0,0,1,3.4285714285714284,0.0
9,1168,9,True,0,2025-02-28,4,0.0,0.09,0.17,4,28,0,0,1,3.2857142857142856,0.0
9,1241,9,True,0,2025-02-28,6,0.0,0.05,0.1,4,28,0,0,1,3.5714285714285716,0.0
9,1243,9,True,0,2025-02-28,9,0.0,0.04,0.07,4,28,0,0,1,4.285714285714286,0.0
9,1281,9,True,0,2025-02-28,4,0.0,0.02,0.03,4,28,0,0,1,5.285714285714286,0.0
9,1334,9,True,0,2025-02-28,2,0.0,0.02,0.05,4,28,0,0,1,5.0,0.0
9,1364,9,True,0,2025-02-28,2,0.0,0.03,0.13,4,28,0,0,1,5.142857142857143,0.0
9,1453,9,True,0,2025-02-28,1,0.0,0.04,0.06,4,28,0,0,1,4.142857142857143,0.0
9,1504,9,True,0,2025-02-28,5,0.0,0.1,0.17,4,28,0,0,1,4.0,0.0
9,1615,9,True,0,2025-02-28,3,0.0,0.02,0.04,4,28,0,0,1,4.142857142857143,0.0
9,1699,9,True,0,2025-02-28,6,0.0,0.04,0.09,4,28,0,0,1,3.7142857142857144,0.0
9,1701,9,True,0,2025-02-28,0,1.0,0.03,0.05,4,28,0,0,1,3.2857142857142856,0.0
9,1713,9,True,0,2025-02-28,2,0.0,0.01,0.02,4,28,0,0,1,2.7142857142857144,0.0
9,1728,9,True,0,2025-02-28,0,1.0,0.02,0.1,4,28,0,0,1,2.7142857142857144,0.0
9,1774,9,True,0,2025-02-28,3,0.0,0.04,0.06,4,28,0,0,1,2.4285714285714284,0.0
9,1872,9,True,0,2025-02-28,2,0.0,0.03,0.05,4,28,0,0,1,2.7142857142857144,0.0
9,1885,9,True,0,2025-02-28,0,0.0,0.01,0.01,4,28,0,0,1,2.2857142857142856,0.0
9,1890,9,True,0,2025-02-28,1,0.0,0.02,0.06,4,28,0,0,1,1.8571428571428572,0.0
9,2007,9,True,0,2025-02-28,2,1.0,0.02,0.05,4,28,0,0,1,1.1428571428571428,0.0
9,2009,9,True,0,2025-02-28,2,0.0,0.01,0.04,4,28,0,0,1,1.4285714285714286,0.0
9,2067,9,True,0,2025-02-28,5,0.0,0.04,0.09,4,28,0,0,1,1.4285714285714286,0.0
9,2068,9,True,0,2025-02-28,1,0.0,0.02,0.05,4,28,0,0,1,2.142857142857143,0.0
9,2073,9,True,0,2025-02-28,4,0.0,0.01,0.02,4,28,0,0,1,1.8571428571428572,0.0
9,2076,9,True,0,2025-02-28,7,0.0,0.04,0.07,4,28,0,0,1,2.142857142857143,0.0
9,2121,9,True,0,2025-02-28,5,0.0,0.02,0.03,4,28,0,0,1,3.142857142857143,0.0
9,2138,9,True,0,2025-02-28,1,1.0,0.05,0.07,4,28,0,0,1,3.7142857142857144,0.0
9,2184,9,True,0,2025-02-28,3,0.0,0.02,0.07,4,28,0,0,1,3.5714285714285716,0.0
9,2220,9,True,0,2025-02-28,0,0.0,0.01,0.04,4,28,0,0,1,3.7142857142857144,0.0
9,2225,9,True,0,2025-02-28,2,0.0,0.03,0.1,4,28,0,0,1,3.0,0.0
9,2299,9,True,0,2025-02-28,0,0.0,0.02,0.05,4,28,0,0,1,3.142857142857143,0.0
9,2353,9,True,0,2025-02-28,2,0.0,0.01,0.01,4,28,0,0,1,2.5714285714285716,0.0
9,2356,9,True,0,2025-02-28,1,0.0,0.01,0.01,4,28,0,0,1,1.8571428571428572,0.0
9,2388,9,True,0,2025-02-28,3,0.0,0.03,0.14,4,28,0,0,1,1.2857142857142858,0.0
9,2409,9,True,0,2025-02-28,4,0.0,0.05,0.1,4,28,0,0,1,1.5714285714285714,0.0
9,2427,9,True,0,2025-02-28,2,0.0,0.01,0.03,4,28,0,0,1,1.7142857142857142,0.0
9,2449,9,True,0,2025-02-28,0,1.0,0.05,0.07,4,28,0,0,1,2.0,0.0
9,2493,9,True,0,2025-02-28,2,0.0,0.02,0.02,4,28,0,0,1,1.7142857142857142,0.0
9,2540,9,True,0,2025-02-28,3,2.0,0.05,0.14,4,28,0,0,1,2.0,0.0
9,2552,9,True,0,2025-02-28,2,0.0,0.04,0.11,4,28,0,0,1,2.142857142857143,0.0
9,2597,9,True,0,2025-02-28,1,0.0,0.01,0.03,4,28,0,0,1,2.2857142857142856,0.0
9,2608,9,True,0,2025-02-28,3,0.0,0.04,0.1,4,28,0,0,1,2.0,0.0
9,2629,9,True,0,2025-02-28,1,0.0,0.02,0.09,4,28,0,0,1,1.8571428571428572,0.0
9,2633,9,True,0,2025-02-28,3,0.0,0.01,0.01,4,28,0,0,1,1.7142857142857142,0.0
9,2684,9,True,0,2025-02-28,2,0.0,0.04,0.05,4,28,0,0,1,2.142857142857143,0.0
9,2694,9,True,0,2025-02-28,3,0.0,0.04,0.11,4,28,0,0,1,2.142857142857143,0.0
9,2724,9,True,0,2025-02-28,1,0.0,0.01,0.04,4,28,0,0,1,2.142857142857143,0.0
9,2791,9,True,0,2025-02-28,2,0.0,0.1,0.18,4,28,0,0,1,2.0,0.0
9,2796,9,True,0,2025-02-28,1,0.0,0.03,0.06,4,28,0,0,1,2.142857142857143,0.0
9,2828,9,True,0,2025-02-28,4,0.0,0.02,0.03,4,28,0,0,1,1.8571428571428572,0.0
9,2868,9,True,0,2025-02-28,5,0.0,0.03,0.04,4,28,0,0,1,2.2857142857142856,0.0
9,2869,9,True,0,2025-02-28,0,0.0,0.05,0.1,4,28,0,0,1,2.5714285714285716,0.0
9,2877,9,True,0,2025-02-28,2,0.0,0.1,0.05,4,28,0,0,1,2.2857142857142856,0.0
9,2895,9,True,0,2025-02-28,2,0.0,0.06,0.07,4,28,0,0,1,2.142857142857143,0.0
9,2896,9,True,0,2025-02-28,5,0.0,0.04,0.09,4,28,0,0,1,2.2857142857142856,0.0
9,2921,9,True,0,2025-02-28,3,0.0,0.07,0.15,4,28,0,0,1,2.7142857142857144,0.0
9,2937,9,True,0,2025-02-28,0,0.0,0.03,0.07,4,28,0,0,1,3.0,0.0
9,2945,9,True,0,2025-02-28,1,0.0,0.06,0.07,4,28,0,0,1,2.4285714285714284,0.0
9,2967,9,True,0,2025-02-28,0,4.0,0.13,0.21,4,28,0,0,1,1.8571428571428572,0.0
9,2986,9,True,0,2025-02-28,4,0.0,0.03,0.04,4,28,0,0,1,1.8571428571428572,0.0
9,2998,9,True,0,2025-02-28,3,0.0,0.01,0.05,4,28,0,0,1,2.142857142857143,0.0
9,3036,9,True,0,2025-02-28,2,0.0,0.03,0.06,4,28,0,0,1,2.2857142857142856,0.0
9,3059,9,True,0,2025-02-28,3,0.0,0.06,0.13,4,28,0,0,1,1.8571428571428572,0.0
9,3160,9,True,0,2025-02-28,1,0.0,0.01,0.02,4,28,0,0,1,1.8571428571428572,0.0
9,3191,9,True,0,2025-02-28,2,0.0,0.06,0.1,4,28,0,0,1,2.0,0.0
9,3291,9,True,0,2025-02-28,6,0.0,0.05,0.1,4,28,0,0,1,2.142857142857143,0.0
9,3332,9,True,0,2025-02-28,1,0.0,0.02,0.07,4,28,0,0,1,3.0,0.0
9,3367,9,True,0,2025-02-28,6,0.0,0.06,0.07,4,28,0,0,1,2.5714285714285716,0.0
9,3405,9,True,0,2025-02-28,3,1.0,0.01,0.05,4,28,0,0,1,3.0,0.0
9,3412,9,True,0,2025-02-28,5,0.0,0.01,0.02,4,28,0,0,1,3.142857142857143,0.0
9,3477,9,True,0,2025-02-28,2,0.0,0.03,0.06,4,28,0,0,1,3.4285714285714284,0.0
9,3491,9,True,0,2025-02-28,0,0.0,0.03,0.06,4,28,0,0,1,3.5714285714285716,0.0
9,3503,9,True,0,2025-02-28,2,0.0,0.01,0.04,4,28,0,0,1,3.2857142857142856,0.0
9,3505,9,True,0,2025-02-28,3,0.0,0.04,0.06,4,28,0,0,1,2.7142857142857144,0.0
9,3531,9,True,0,2025-02-28,3,0.0,0.02,0.06,4,28,0,0,1,3.0,0.0
9,3584,9,True,0,2025-02-28,6,0.0,0.02,0.04,4,28,0,0,1,2.5714285714285716,0.0
9,3699,9,True,0,2025-02-28,5,0.0,0.01,0.02,4,28,0,0,1,3.0,0.0
9,3702,9,True,0,2025-02-28,2,0.0,0.02,0.03,4,28,0,0,1,3.0,0.0
9,3794,9,True,0,2025-02-28,1,0.0,0.03,0.07,4,28,0,0,1,3.0,0.0
9,3836,9,True,0,2025-02-28,1,0.0,0.05,0.08,4,28,0,0,1,3.142857142857143,0.0
9,3872,9,True,0,2025-02-28,2,0.0,0.04,0.07,4,28,0,0,1,3.0,0.0
9,3884,9,True,0,2025-02-28,4,0.0,0.01,0.03,4,28,0,0,1,2.857142857142857,0.0
9,3962,9,True,0,2025-02-28,9,0.0,0.05,0.14,4,28,0,0,1,3.0,0.0
9,3998,9,True,0,2025-02-28,1,0.0,0.04,0.06,4,28,0,0,1,3.4285714285714284,0.0
9,4008,9,True,0,2025-02-28,2,0.0,0.04,0.09,4,28,0,0,1,2.857142857142857,0.0
9,4056,9,True,0,2025-02-28,1,0.0,0.02,0.04,4,28,0,0,1,2.857142857142857,0.0
9,4075,9,True,0,2025-02-28,1,0.0,0.06,0.15,4,28,0,0,1,2.857142857142857,0.0
9,4083,9,True,0,2025-02-28,3,0.0,0.09,0.12,4,28,0,0,1,2.857142857142857,0.0
9,4232,9,True,0,2025-02-28,4,1.0,0.13,0.19,4,28,0,0,1,3.0,0.0
9,4259,9,True,0,2025-02-28,4,0.0,0.26,0.42,4,28,0,0,1,3.0,0.0
9,4262,9,True,0,2025-02-28,1,1.0,0.02,0.06,4,28,0,0,1,2.2857142857142856,0.0
9,4279,9,True,0,2025-02-28,3,0.0,0.05,0.1,4,28,0,0,1,2.2857142857142856,0.0
9,4296,9,True,0,2025-02-28,4,0.0,0.04,0.07,4,28,0,0,1,2.4285714285714284,0.0
9,4332,9,True,0,2025-02-28,1,0.0,0.04,0.12,4,28,0,0,1,2.857142857142857,0.0
9,4353,9,True,0,2025-02-28,3,0.0,0.01,0.06,4,28,0,0,1,2.857142857142857,0.0
9,4363,9,True,0,2025-02-28,5,0.0,0.05,0.09,4,28,0,0,1,2.857142857142857,0.0
9,4393,9,True,0,2025-02-28,0,0.0,0.11,0.17,4,28,0,0,1,3.0,0.0
9,4406,9,True,0,2025-02-28,2,0.0,0.02,0.07,4,28,0,0,1,2.4285714285714284,0.0
9,4459,9,True,0,2025-02-28,2,0.0,0.02,0.03,4,28,0,0,1,2.5714285714285716,0.0
9,4477,9,True,0,2025-02-28,0,0.0,0.03,0.05,4,28,0,0,1,2.4285714285714284,0.0
9,4532,9,True,0,2025-02-28,1,0.0,0.02,0.04,4,28,0,0,1,1.8571428571428572,0.0
9,4574,9,True,0,2025-02-28,2,0.0,0.01,0.06,4,28,0,0,1,1.8571428571428572,0.0
9,4623,9,True,0,2025-02-28,4,0.0,0.03,0.07,4,28,0,0,1,1.7142857142857142,0.0
9,4677,9,True,0,2025-02-28,3,0.0,0.12,0.16,4,28,0,0,1,1.5714285714285714,0.0
9,4695,9,True,0,2025-02-28,5,0.0,0.04,0.07,4,28,0,0,1,2.0,0.0
9,4709,9,True,0,2025-02-28,2,0.0,0.08,0.12,4,28,0,0,1,2.4285714285714284,0.0
9,4728,9,True,0,2025-02-28,3,0.0,0.02,0.04,4,28,0,0,1,2.4285714285714284,0.0
9,4737,9,True,0,2025-02-28,2,0.0,0.01,0.03,4,28,0,0,1,2.857142857142857,0.0
9,4775,9,True,0,2025-02-28,2,0.0,0.04,0.06,4,28,0,0,1,3.0,0.0
9,4784,9,True,0,2025-02-28,7,0.0,0.01,0.03,4,28,0,0,1,3.0,0.0
9,4858,9,True,0,2025-02-28,2,0.0,0.15,0.21,4,28,0,0,1,3.4285714285714284,0.0
9,4863,9,True,0,2025-02-28,2,0.0,0.02,0.05,4,28,0,0,1,3.2857142857142856,0.0
9,4927,9,True,0,2025-02-28,5,0.0,0.06,0.14,4,28,0,0,1,2.857142857142857,0.0
9,4974,9,True,0,2025-02-28,2,0.0,0.02,0.06,4,28,0,0,1,3.2857142857142856,0.0
9,5011,9,True,0,2025-02-28,2,0.0,0.06,0.11,4,28,0,0,1,3.142857142857143,0.0
9,5012,9,True,0,2025-02-28,1,0.0,0.01,0.03,4,28,0,0,1,3.142857142857143,0.0
9,5070,9,True,0,2025-02-28,5,0.0,0.05,0.12,4,28,0,0,1,3.0,0.0
9,5226,9,True,0,2025-02-28,7,0.0,0.05,0.07,4,28,0,0,1,2.7142857142857144,0.0
9,5242,9,True,0,2025-02-28,1,0.0,0.04,0.17,4,28,0,0,1,3.4285714285714284,0.0
9,15,10,False,0,2025-02-28,10,0.0,0.03,0.12,4,28,0,0,1,3.2857142857142856,0.0
9,149,10,False,0,2025-02-28,15,0.0,0.02,0.07,4,28,0,0,1,4.0,0.0
9,2636,10,False,0,2025-02-28,7,0.0,0.09,0.24,4,28,0,0,1,5.857142857142857,0.0
9,3122,10,False,0,2025-02-28,8,0.0,0.01,0.03,4,28,0,0,1,6.571428571428571,0.0
9,3904,10,False,0,2025-02-28,0,0.0,0.03,0.04,4,28,0,0,1,7.571428571428571,0.0
9,4959,10,False,0,2025-02-28,24,0.0,0.01,0.02,4,28,0,0,1,6.857142857142857,0.0
9,518,11,False,0,2025-02-28,2,1.0,0.16,0.15,4,28,0,0,1,9.285714285714286,0.0
9,669,11,False,0,2025-02-28,3,0.0,0.07,0.09,4,28,0,0,1,9.428571428571429,0.0
9,926,11,False,0,2025-02-28,3,0.0,0.14,0.16,4,28,0,0,1,8.428571428571429,0.0
9,934,11,False,0,2025-02-28,0,0.0,0.18,0.2,4,28,0,0,1,6.714285714285714,0.0
9,1341,11,False,0,2025-02-28,1,0.0,0.16,0.18,4,28,0,0,1,5.714285714285714,0.0
9,1710,11,False,0,2025-02-28,4,0.0,0.12,0.14,4,28,0,0,1,4.714285714285714,0.0
9,1735,11,False,0,2025-02-28,3,0.0,0.1,0.14,4,28,0,0,1,5.285714285714286,0.0
9,1879,11,False,0,2025-02-28,4,0.0,0.1,0.13,4,28,0,0,1,2.2857142857142856,0.0
9,3084,11,False,0,2025-02-28,3,0.0,0.12,0.14,4,28,0,0,1,2.5714285714285716,0.0
9,3602,11,False,0,2025-02-28,3,0.0,0.12,0.14,4,28,0,0,1,2.5714285714285716,0.0
9,3829,11,False,0,2025-02-28,6,0.0,0.1,0.15,4,28,0,0,1,2.5714285714285716,0.0
9,3961,11,False,0,2025-02-28,3,0.0,0.09,0.11,4,28,0,0,1,3.4285714285714284,0.0
9,4171,11,False,0,2025-02-28,3,0.0,0.15,0.21,4,28,0,0,1,3.7142857142857144,0.0
9,4322,11,False,0,2025-02-28,2,0.0,0.1,0.12,4,28,0,0,1,3.5714285714285716,0.0
9,4441,11,False,0,2025-02-28,2,0.0,0.12,0.15,4,28,0,0,1,3.4285714285714284,0.0
9,4930,11,False,0,2025-02-28,2,0.0,0.09,0.12,4,28,0,0,1,3.142857142857143,0.0
