loja_id,produto_id,categoria_id,is_medicamento,curva,data,estoque,venda,custo,preco,dia_semana_abrev,dia_do_mes,abreviacao_mes,fim_de_semana,inicio_fim_mes,media_leg7_estoque,pred_venda
7,134,1,False,0,2025-02-22,3,0.0,0.16,0.21,5,22,0,1,0,,0.0
7,140,1,False,0,2025-02-22,2,0.0,0.18,0.23,5,22,0,1,0,3.0,0.0
7,233,1,False,0,2025-02-22,2,0.0,0.24,0.29,5,22,0,1,0,2.5,0.0
7,277,1,False,0,2025-02-22,2,0.0,0.3,0.31,5,22,0,1,0,2.3333333333333335,0.0
7,288,1,False,0,2025-02-22,4,0.0,0.01,0.03,5,22,0,1,0,2.25,0.0
7,383,1,False,0,2025-02-22,0,0.0,0.01,0.01,5,22,0,1,0,2.6,0.0
7,423,1,False,0,2025-02-22,2,0.0,0.01,0.01,5,22,0,1,0,2.1666666666666665,0.0
7,491,1,False,0,2025-02-22,4,0.0,0.12,0.16,5,22,0,1,0,2.142857142857143,0.0
7,532,1,False,0,2025-02-22,2,0.0,0.17,0.2,5,22,0,1,0,2.2857142857142856,0.0
7,649,1,False,0,2025-02-22,3,0.0,0.32,0.4,5,22,0,1,0,2.2857142857142856,0.0
7,695,1,False,0,2025-02-22,0,0.0,0.14,0.15,5,22,0,1,0,2.4285714285714284,0.0
7,1376,1,False,0,2025-02-22,0,0.0,0.16,0.19,5,22,0,1,0,2.142857142857143,0.0
7,1568,1,False,0,2025-02-22,2,0.0,0.14,0.21,5,22,0,1,0,1.5714285714285714,0.0
7,1627,1,False,0,2025-02-22,2,0.0,0.13,0.2,5,22,0,1,0,1.8571428571428572,0.0
7,2070,1,False,0,2025-02-22,0,0.0,0.25,0.27,5,22,0,1,0,1.8571428571428572,0.0
7,2549,1,False,0,2025-02-22,3,0.0,0.22,0.28,5,22,0,1,0,1.2857142857142858,0.0
7,2611,1,False,0,2025-02-22,4,0.0,0.12,0.16,5,22,0,1,0,1.4285714285714286,0.0
7,2665,1,False,0,2025-02-22,2,0.0,0.32,0.39,5,22,0,1,0,1.5714285714285714,0.0
7,2808,1,False,0,2025-02-22,1,0.0,0.1,0.12,5,22,0,1,0,1.8571428571428572,0.0
7,3006,1,False,0,2025-02-22,1,0.0,0.14,0.17,5,22,0,1,0,2.0,0.0
7,3163,1,False,0,2025-02-22,1,0.0,0.04,0.05,5,22,0,1,0,1.8571428571428572,0.0
7,3643,1,False,0,2025-02-22,0,0.0,0.12,0.15,5,22,0,1,0,1.7142857142857142,0.0
7,3718,1,False,0,2025-02-22,2,0.0,0.18,0.22,5,22,0,1,0,1.7142857142857142,0.0
7,3983,1,False,0,2025-02-22,2,0.0,0.16,0.2,5,22,0,1,0,1.5714285714285714,0.0
7,4535,1,False,0,2025-02-22,3,0.0,0.44,0.53,5,22,0,1,0,1.2857142857142858,0.0
7,4601,1,False,0,2025-02-22,4,0.0,0.01,0.03,5,22,0,1,0,1.4285714285714286,0.0
7,4606,1,False,0,2025-02-22,2,0.0,0.13,0.17,5,22,0,1,0,1.8571428571428572,0.0
7,4651,1,False,0,2025-02-22,0,0.0,0.12,0.14,5,22,0,1,0,2.0,0.0
7,4920,1,False,0,2025-02-22,1,0.0,0.17,0.2,5,22,0,1,0,1.8571428571428572,0.0
7,208,2,False,0,2025-02-22,5,0.0,0.07,0.13,5,22,0,1,0,2.0,0.0
7,2165,2,False,0,2025-02-22,16,0.0,0.02,0.24,5,22,0,1,0,2.4285714285714284,0.0
7,2251,2,False,0,2025-02-22,0,0.0,0.17,0.37,5,22,0,1,0,4.428571428571429,0.0
7,28,3,True,0,2025-02-22,0,0.0,0.24,0.32,5,22,0,1,0,4.0,0.0
7,35,3,True,0,2025-02-22,2,0.0,0.11,0.14,5,22,0,1,0,3.4285714285714284,0.0
7,46,3,True,0,2025-02-22,0,0.0,0.25,0.34,5,22,0,1,0,3.4285714285714284,0.0
7,78,3,True,0,2025-02-22,0,0.0,0.11,0.12,5,22,0,1,0,3.4285714285714284,0.0
7,79,3,True,0,2025-02-22,0,0.0,0.24,0.31,5,22,0,1,0,3.2857142857142856,0.0
7,84,3,True,0,2025-02-22,0,0.0,0.22,0.29,5,22,0,1,0,2.5714285714285716,0.0
7,92,3,True,0,2025-02-22,0,0.0,0.11,0.29,5,22,0,1,0,0.2857142857142857,0.0
7,93,3,True,0,2025-02-22,0,0.0,0.15,0.22,5,22,0,1,0,0.2857142857142857,0.0
7,97,3,True,0,2025-02-22,0,0.0,0.16,0.22,5,22,0,1,0,0.2857142857142857,0.0
7,101,3,True,0,2025-02-22,0,0.0,0.25,0.35,5,22,0,1,0,0.0,0.0
7,105,3,True,0,2025-02-22,0,0.0,0.31,0.4,5,22,0,1,0,0.0,0.0
7,108,3,True,0,2025-02-22,1,0.0,0.53,0.68,5,22,0,1,0,0.0,0.0
7,117,3,True,0,2025-02-22,0,0.0,0.12,0.15,5,22,0,1,0,0.14285714285714285,0.0
7,127,3,True,0,2025-02-22,0,0.0,0.18,0.22,5,22,0,1,0,0.14285714285714285,0.0
7,133,3,True,0,2025-02-22,0,0.0,0.18,0.2,5,22,0,1,0,0.14285714285714285,0.0
7,143,3,True,0,2025-02-22,1,0.0,0.19,0.24,5,22,0,1,0,0.14285714285714285,0.0
7,153,3,True,0,2025-02-22,0,0.0,0.25,0.35,5,22,0,1,0,0.2857142857142857,0.0
7,181,3,True,0,2025-02-22,0,0.0,0.16,0.22,5,22,0,1,0,0.2857142857142857,0.0
7,183,3,True,0,2025-02-22,0,0.0,0.22,0.26,5,22,0,1,0,0.2857142857142857,0.0
7,186,3,True,0,2025-02-22,0,0.0,0.24,0.29,5,22,0,1,0,0.14285714285714285,0.0
7,195,3,True,0,2025-02-22,1,0.0,0.05,0.09,5,22,0,1,0,0.14285714285714285,0.0
7,197,3,True,0,2025-02-22,0,0.0,0.08,0.1,5,22,0,1,0,0.2857142857142857,0.0
7,204,3,True,0,2025-02-22,2,0.0,0.47,0.54,5,22,0,1,0,0.2857142857142857,0.0
7,214,3,True,0,2025-02-22,0,0.0,0.24,0.37,5,22,0,1,0,0.42857142857142855,0.0
7,219,3,True,0,2025-02-22,2,0.0,0.08,0.13,5,22,0,1,0,0.42857142857142855,0.0
7,220,3,True,0,2025-02-22,4,0.0,0.09,0.12,5,22,0,1,0,0.7142857142857143,0.0
7,223,3,True,0,2025-02-22,0,0.0,0.01,0.01,5,22,0,1,0,1.2857142857142858,0.0
7,227,3,True,0,2025-02-22,0,0.0,0.04,0.05,5,22,0,1,0,1.2857142857142858,0.0
7,232,3,True,0,2025-02-22,0,0.0,0.21,0.26,5,22,0,1,0,1.1428571428571428,0.0
7,236,3,True,0,2025-02-22,1,0.0,0.09,0.1,5,22,0,1,0,1.1428571428571428,0.0
7,241,3,True,0,2025-02-22,0,0.0,0.06,0.08,5,22,0,1,0,1.0,0.0
7,242,3,True,0,2025-02-22,0,0.0,0.13,0.24,5,22,0,1,0,1.0,0.0
7,245,3,True,0,2025-02-22,0,0.0,0.13,0.22,5,22,0,1,0,0.7142857142857143,0.0
7,247,3,True,0,2025-02-22,2,0.0,0.15,0.22,5,22,0,1,0,0.14285714285714285,0.0
7,254,3,True,0,2025-02-22,0,0.0,0.31,0.48,5,22,0,1,0,0.42857142857142855,0.0
7,263,3,True,0,2025-02-22,0,0.0,0.33,0.4,5,22,0,1,0,0.42857142857142855,0.0
7,273,3,True,0,2025-02-22,0,0.0,0.11,0.12,5,22,0,1,0,0.42857142857142855,0.0
7,274,3,True,0,2025-02-22,0,0.0,0.3,0.36,5,22,0,1,0,0.2857142857142857,0.0
7,279,3,True,0,2025-02-22,0,0.0,0.15,0.19,5,22,0,1,0,0.2857142857142857,0.0
7,285,3,True,0,2025-02-22,0,0.0,0.3,0.47,5,22,0,1,0,0.2857142857142857,0.0
7,293,3,True,0,2025-02-22,0,0.0,0.07,0.09,5,22,0,1,0,0.2857142857142857,0.0
7,295,3,True,0,2025-02-22,0,0.0,0.09,0.12,5,22,0,1,0,0.0,0.0
7,299,3,True,0,2025-02-22,0,0.0,0.31,0.47,5,22,0,1,0,0.0,0.0
7,300,3,True,0,2025-02-22,0,0.0,0.16,0.17,5,22,0,1,0,0.0,0.0
7,310,3,True,0,2025-02-22,0,0.0,0.15,0.16,5,22,0,1,0,0.0,0.0
7,332,3,True,0,2025-02-22,0,0.0,0.23,0.31,5,22,0,1,0,0.0,0.0
7,343,3,True,0,2025-02-22,0,0.0,0.03,0.04,5,22,0,1,0,0.0,0.0
7,353,3,True,0,2025-02-22,0,0.0,0.18,0.2,5,22,0,1,0,0.0,0.0
7,369,3,True,0,2025-02-22,0,0.0,0.16,0.18,5,22,0,1,0,0.0,0.0
7,373,3,True,0,2025-02-22,1,0.0,0.02,0.03,5,22,0,1,0,0.0,0.0
7,376,3,True,0,2025-02-22,0,0.0,0.6,0.64,5,22,0,1,0,0.14285714285714285,0.0
7,397,3,True,0,2025-02-22,0,0.0,0.09,0.11,5,22,0,1,0,0.14285714285714285,0.0
7,401,3,True,0,2025-02-22,0,0.0,0.11,0.16,5,22,0,1,0,0.14285714285714285,0.0
7,406,3,True,0,2025-02-22,0,0.0,0.39,0.46,5,22,0,1,0,0.14285714285714285,0.0
7,412,3,True,0,2025-02-22,0,0.0,0.25,0.29,5,22,0,1,0,0.14285714285714285,0.0
7,413,3,True,0,2025-02-22,2,0.0,0.04,0.04,5,22,0,1,0,0.14285714285714285,0.0
7,420,3,True,0,2025-02-22,0,0.0,0.29,0.45,5,22,0,1,0,0.42857142857142855,0.0
7,421,3,True,0,2025-02-22,0,0.0,0.18,0.28,5,22,0,1,0,0.2857142857142857,0.0
7,437,3,True,0,2025-02-22,0,0.0,0.09,0.14,5,22,0,1,0,0.2857142857142857,0.0
7,439,3,True,0,2025-02-22,0,0.0,0.07,0.13,5,22,0,1,0,0.2857142857142857,0.0
7,448,3,True,0,2025-02-22,0,0.0,0.14,0.19,5,22,0,1,0,0.2857142857142857,0.0
7,460,3,True,0,2025-02-22,0,0.0,0.18,0.19,5,22,0,1,0,0.2857142857142857,0.0
7,471,3,True,0,2025-02-22,0,0.0,0.1,0.14,5,22,0,1,0,0.2857142857142857,0.0
7,475,3,True,0,2025-02-22,0,0.0,0.26,0.32,5,22,0,1,0,0.0,0.0
7,476,3,True,0,2025-02-22,0,0.0,0.25,0.31,5,22,0,1,0,0.0,0.0
7,480,3,True,0,2025-02-22,0,0.0,0.09,0.1,5,22,0,1,0,0.0,0.0
7,490,3,True,0,2025-02-22,0,0.0,0.15,0.18,5,22,0,1,0,0.0,0.0
7,499,3,True,0,2025-02-22,0,0.0,0.08,0.12,5,22,0,1,0,0.0,0.0
7,502,3,True,0,2025-02-22,1,0.0,0.14,0.16,5,22,0,1,0,0.0,0.0
7,525,3,True,0,2025-02-22,1,0.0,0.3,0.38,5,22,0,1,0,0.14285714285714285,0.0
7,534,3,True,0,2025-02-22,0,0.0,0.22,0.29,5,22,0,1,0,0.2857142857142857,0.0
7,535,3,True,0,2025-02-22,1,0.0,0.13,0.12,5,22,0,1,0,0.2857142857142857,0.0
7,540,3,True,0,2025-02-22,0,0.0,0.05,0.07,5,22,0,1,0,0.42857142857142855,0.0
7,545,3,True,0,2025-02-22,0,0.0,0.26,0.3,5,22,0,1,0,0.42857142857142855,0.0
7,548,3,True,0,2025-02-22,0,0.0,0.37,0.46,5,22,0,1,0,0.42857142857142855,0.0
7,555,3,True,0,2025-02-22,0,0.0,0.48,0.47,5,22,0,1,0,0.42857142857142855,0.0
7,580,3,True,0,2025-02-22,4,0.0,0.16,0.2,5,22,0,1,0,0.2857142857142857,0.0
7,583,3,True,0,2025-02-22,0,0.0,0.61,0.83,5,22,0,1,0,0.7142857142857143,0.0
7,592,3,True,0,2025-02-22,0,0.0,0.21,0.31,5,22,0,1,0,0.7142857142857143,0.0
7,596,3,True,0,2025-02-22,0,0.0,0.16,0.2,5,22,0,1,0,0.5714285714285714,0.0
7,607,3,True,0,2025-02-22,0,0.0,0.48,0.56,5,22,0,1,0,0.5714285714285714,0.0
7,609,3,True,0,2025-02-22,0,0.0,0.08,0.11,5,22,0,1,0,0.5714285714285714,0.0
7,611,3,True,0,2025-02-22,0,0.0,0.15,0.17,5,22,0,1,0,0.5714285714285714,0.0
7,631,3,True,0,2025-02-22,0,0.0,0.07,0.08,5,22,0,1,0,0.5714285714285714,0.0
7,634,3,True,0,2025-02-22,0,0.0,0.34,0.38,5,22,0,1,0,0.0,0.0
7,637,3,True,0,2025-02-22,0,0.0,0.16,0.16,5,22,0,1,0,0.0,0.0
7,640,3,True,0,2025-02-22,0,0.0,0.09,0.09,5,22,0,1,0,0.0,0.0
7,651,3,True,0,2025-02-22,0,0.0,0.06,0.08,5,22,0,1,0,0.0,0.0
7,655,3,True,0,2025-02-22,0,0.0,0.09,0.12,5,22,0,1,0,0.0,0.0
7,659,3,True,0,2025-02-22,1,0.0,0.23,0.31,5,22,0,1,0,0.0,0.0
7,661,3,True,0,2025-02-22,0,0.0,0.06,0.08,5,22,0,1,0,0.14285714285714285,0.0
7,671,3,True,0,2025-02-22,0,0.0,0.21,0.22,5,22,0,1,0,0.14285714285714285,0.0
7,683,3,True,0,2025-02-22,0,0.0,0.19,0.23,5,22,0,1,0,0.14285714285714285,0.0
7,684,3,True,0,2025-02-22,0,0.0,0.08,0.12,5,22,0,1,0,0.14285714285714285,0.0
7,685,3,True,0,2025-02-22,0,0.0,0.16,0.2,5,22,0,1,0,0.14285714285714285,0.0
7,690,3,True,0,2025-02-22,3,0.0,0.01,0.02,5,22,0,1,0,0.14285714285714285,0.0
7,702,3,True,0,2025-02-22,0,0.0,0.1,0.12,5,22,0,1,0,0.5714285714285714,0.0
7,706,3,True,0,2025-02-22,0,0.0,0.21,0.25,5,22,0,1,0,0.42857142857142855,0.0
7,710,3,True,0,2025-02-22,0,0.0,0.08,0.11,5,22,0,1,0,0.42857142857142855,0.0
7,711,3,True,0,2025-02-22,0,0.0,0.04,0.05,5,22,0,1,0,0.42857142857142855,0.0
7,719,3,True,0,2025-02-22,0,0.0,0.15,0.17,5,22,0,1,0,0.42857142857142855,0.0
7,720,3,True,0,2025-02-22,0,0.0,0.11,0.15,5,22,0,1,0,0.42857142857142855,0.0
7,729,3,True,0,2025-02-22,2,0.0,0.12,0.15,5,22,0,1,0,0.42857142857142855,0.0
7,740,3,True,0,2025-02-22,0,0.0,0.12,0.16,5,22,0,1,0,0.2857142857142857,0.0
7,744,3,True,0,2025-02-22,0,0.0,0.07,0.1,5,22,0,1,0,0.2857142857142857,0.0
7,753,3,True,0,2025-02-22,5,0.0,0.04,0.06,5,22,0,1,0,0.2857142857142857,0.0
7,759,3,True,0,2025-02-22,0,0.0,0.46,0.4,5,22,0,1,0,1.0,0.0
7,785,3,True,0,2025-02-22,0,0.0,0.06,0.07,5,22,0,1,0,1.0,0.0
7,787,3,True,0,2025-02-22,0,0.0,0.23,0.31,5,22,0,1,0,1.0,0.0
7,795,3,True,0,2025-02-22,0,0.0,0.11,0.15,5,22,0,1,0,1.0,0.0
7,796,3,True,0,2025-02-22,0,0.0,0.13,0.15,5,22,0,1,0,0.7142857142857143,0.0
7,799,3,True,0,2025-02-22,0,0.0,0.28,0.35,5,22,0,1,0,0.7142857142857143,0.0
7,803,3,True,0,2025-02-22,0,0.0,0.13,0.17,5,22,0,1,0,0.7142857142857143,0.0
7,809,3,True,0,2025-02-22,0,0.0,0.54,0.62,5,22,0,1,0,0.0,0.0
7,815,3,True,0,2025-02-22,0,0.0,0.34,0.65,5,22,0,1,0,0.0,0.0
7,829,3,True,0,2025-02-22,0,0.0,0.57,0.84,5,22,0,1,0,0.0,0.0
7,830,3,True,0,2025-02-22,0,0.0,0.12,0.15,5,22,0,1,0,0.0,0.0
7,844,3,True,0,2025-02-22,0,0.0,0.12,0.16,5,22,0,1,0,0.0,0.0
7,859,3,True,0,2025-02-22,0,0.0,0.03,0.09,5,22,0,1,0,0.0,0.0
7,867,3,True,0,2025-02-22,0,0.0,0.11,0.22,5,22,0,1,0,0.0,0.0
7,885,3,True,0,2025-02-22,0,0.0,0.34,0.42,5,22,0,1,0,0.0,0.0
7,886,3,True,0,2025-02-22,0,0.0,0.17,0.2,5,22,0,1,0,0.0,0.0
7,889,3,True,0,2025-02-22,0,0.0,0.07,0.09,5,22,0,1,0,0.0,0.0
7,894,3,True,0,2025-02-22,0,0.0,0.09,0.11,5,22,0,1,0,0.0,0.0
7,899,3,True,0,2025-02-22,0,0.0,0.07,0.1,5,22,0,1,0,0.0,0.0
7,900,3,True,0,2025-02-22,0,0.0,0.32,0.37,5,22,0,1,0,0.0,0.0
7,916,3,True,0,2025-02-22,0,0.0,0.43,0.64,5,22,0,1,0,0.0,0.0
7,924,3,True,0,2025-02-22,0,0.0,0.06,0.08,5,22,0,1,0,0.0,0.0
7,930,3,True,0,2025-02-22,0,0.0,0.02,0.03,5,22,0,1,0,0.0,0.0
7,933,3,True,0,2025-02-22,0,0.0,0.53,0.67,5,22,0,1,0,0.0,0.0
7,939,3,True,0,2025-02-22,0,0.0,0.51,0.52,5,22,0,1,0,0.0,0.0
7,959,3,True,0,2025-02-22,0,0.0,0.07,0.08,5,22,0,1,0,0.0,0.0
7,970,3,True,0,2025-02-22,1,0.0,0.05,0.07,5,22,0,1,0,0.0,0.0
7,984,3,True,0,2025-02-22,0,0.0,0.2,0.25,5,22,0,1,0,0.14285714285714285,0.0
7,985,3,True,0,2025-02-22,0,0.0,0.46,0.62,5,22,0,1,0,0.14285714285714285,0.0
7,990,3,True,0,2025-02-22,0,0.0,0.05,0.08,5,22,0,1,0,0.14285714285714285,0.0
7,1002,3,True,0,2025-02-22,0,0.0,0.17,0.2,5,22,0,1,0,0.14285714285714285,0.0
7,1012,3,True,0,2025-02-22,0,0.0,0.2,0.24,5,22,0,1,0,0.14285714285714285,0.0
7,1015,3,True,0,2025-02-22,0,0.0,0.26,0.29,5,22,0,1,0,0.14285714285714285,0.0
7,1025,3,True,0,2025-02-22,0,0.0,0.06,0.1,5,22,0,1,0,0.14285714285714285,0.0
7,1026,3,True,0,2025-02-22,1,0.0,0.06,0.07,5,22,0,1,0,0.0,0.0
7,1038,3,True,0,2025-02-22,0,0.0,0.11,0.14,5,22,0,1,0,0.14285714285714285,0.0
7,1042,3,True,0,2025-02-22,0,0.0,0.16,0.2,5,22,0,1,0,0.14285714285714285,0.0
7,1049,3,True,0,2025-02-22,0,0.0,0.13,0.18,5,22,0,1,0,0.14285714285714285,0.0
7,1059,3,True,0,2025-02-22,0,0.0,0.19,0.24,5,22,0,1,0,0.14285714285714285,0.0
7,1061,3,True,0,2025-02-22,0,0.0,0.1,0.12,5,22,0,1,0,0.14285714285714285,0.0
7,1068,3,True,0,2025-02-22,0,0.0,0.21,0.24,5,22,0,1,0,0.14285714285714285,0.0
7,1083,3,True,0,2025-02-22,0,0.0,0.16,0.19,5,22,0,1,0,0.14285714285714285,0.0
7,1093,3,True,0,2025-02-22,0,0.0,0.12,0.17,5,22,0,1,0,0.0,0.0
7,1098,3,True,0,2025-02-22,0,0.0,0.23,0.3,5,22,0,1,0,0.0,0.0
7,1100,3,True,0,2025-02-22,0,0.0,0.05,0.07,5,22,0,1,0,0.0,0.0
7,1114,3,True,0,2025-02-22,0,0.0,0.1,0.15,5,22,0,1,0,0.0,0.0
7,1131,3,True,0,2025-02-22,0,0.0,0.06,0.09,5,22,0,1,0,0.0,0.0
7,1154,3,True,0,2025-02-22,0,0.0,0.08,0.11,5,22,0,1,0,0.0,0.0
7,1156,3,True,0,2025-02-22,3,0.0,0.12,0.12,5,22,0,1,0,0.0,0.0
7,1159,3,True,0,2025-02-22,0,0.0,0.17,0.15,5,22,0,1,0,0.42857142857142855,0.0
7,1160,3,True,0,2025-02-22,0,0.0,0.21,0.24,5,22,0,1,0,0.42857142857142855,0.0
7,1197,3,True,0,2025-02-22,2,0.0,0.17,0.19,5,22,0,1,0,0.42857142857142855,0.0
7,1201,3,True,0,2025-02-22,0,0.0,0.27,0.42,5,22,0,1,0,0.7142857142857143,0.0
7,1205,3,True,0,2025-02-22,0,0.0,0.09,0.1,5,22,0,1,0,0.7142857142857143,0.0
7,1206,3,True,0,2025-02-22,0,0.0,0.11,0.16,5,22,0,1,0,0.7142857142857143,0.0
7,1213,3,True,0,2025-02-22,0,0.0,0.06,0.08,5,22,0,1,0,0.7142857142857143,0.0
7,1214,3,True,0,2025-02-22,0,0.0,0.15,0.18,5,22,0,1,0,0.2857142857142857,0.0
7,1217,3,True,0,2025-02-22,0,0.0,0.1,0.21,5,22,0,1,0,0.2857142857142857,0.0
7,1226,3,True,0,2025-02-22,0,0.0,0.18,0.21,5,22,0,1,0,0.2857142857142857,0.0
7,1227,3,True,0,2025-02-22,0,0.0,0.13,0.17,5,22,0,1,0,0.0,0.0
7,1231,3,True,0,2025-02-22,0,0.0,0.17,0.21,5,22,0,1,0,0.0,0.0
7,1232,3,True,0,2025-02-22,0,0.0,0.09,0.09,5,22,0,1,0,0.0,0.0
7,1236,3,True,0,2025-02-22,0,0.0,0.23,0.29,5,22,0,1,0,0.0,0.0
7,1237,3,True,0,2025-02-22,0,0.0,0.11,0.18,5,22,0,1,0,0.0,0.0
7,1240,3,True,0,2025-02-22,0,0.0,0.2,0.28,5,22,0,1,0,0.0,0.0
7,1242,3,True,0,2025-02-22,0,0.0,0.11,0.13,5,22,0,1,0,0.0,0.0
7,1259,3,True,0,2025-02-22,0,0.0,0.15,0.17,5,22,0,1,0,0.0,0.0
7,1271,3,True,0,2025-02-22,0,0.0,0.14,0.15,5,22,0,1,0,0.0,0.0
7,1286,3,True,0,2025-02-22,0,0.0,0.04,0.04,5,22,0,1,0,0.0,0.0
7,1297,3,True,0,2025-02-22,0,0.0,0.4,0.56,5,22,0,1,0,0.0,0.0
7,1312,3,True,0,2025-02-22,0,0.0,0.38,0.51,5,22,0,1,0,0.0,0.0
7,1319,3,True,0,2025-02-22,0,0.0,0.31,0.43,5,22,0,1,0,0.0,0.0
7,1330,3,True,0,2025-02-22,0,0.0,0.47,0.62,5,22,0,1,0,0.0,0.0
7,1349,3,True,0,2025-02-22,0,0.0,0.09,0.15,5,22,0,1,0,0.0,0.0
7,1361,3,True,0,2025-02-22,0,0.0,0.19,0.24,5,22,0,1,0,0.0,0.0
7,1370,3,True,0,2025-02-22,0,0.0,0.06,0.09,5,22,0,1,0,0.0,0.0
7,1374,3,True,0,2025-02-22,0,0.0,0.26,0.36,5,22,0,1,0,0.0,0.0
7,1378,3,True,0,2025-02-22,0,0.0,0.13,0.16,5,22,0,1,0,0.0,0.0
7,1386,3,True,0,2025-02-22,0,0.0,0.12,0.1,5,22,0,1,0,0.0,0.0
7,1398,3,True,0,2025-02-22,0,0.0,0.08,0.11,5,22,0,1,0,0.0,0.0
7,1399,3,True,0,2025-02-22,10,0.0,0.01,0.02,5,22,0,1,0,0.0,0.0
7,1411,3,True,0,2025-02-22,0,0.0,0.24,0.33,5,22,0,1,0,1.4285714285714286,0.0
7,1440,3,True,0,2025-02-22,0,0.0,0.05,0.06,5,22,0,1,0,1.4285714285714286,0.0
7,1443,3,True,0,2025-02-22,0,0.0,0.14,0.17,5,22,0,1,0,1.4285714285714286,0.0
7,1455,3,True,0,2025-02-22,0,0.0,0.05,0.08,5,22,0,1,0,1.4285714285714286,0.0
7,1462,3,True,0,2025-02-22,0,0.0,0.32,0.42,5,22,0,1,0,1.4285714285714286,0.0
7,1472,3,True,0,2025-02-22,1,0.0,0.09,0.12,5,22,0,1,0,1.4285714285714286,0.0
7,1477,3,True,0,2025-02-22,1,0.0,0.1,0.13,5,22,0,1,0,1.5714285714285714,0.0
7,1478,3,True,0,2025-02-22,1,0.0,0.05,0.05,5,22,0,1,0,0.2857142857142857,0.0
7,1491,3,True,0,2025-02-22,0,0.0,0.24,0.3,5,22,0,1,0,0.42857142857142855,0.0
7,1499,3,True,0,2025-02-22,1,0.0,0.1,0.16,5,22,0,1,0,0.42857142857142855,0.0
7,1507,3,True,0,2025-02-22,0,0.0,0.09,0.1,5,22,0,1,0,0.5714285714285714,0.0
7,1508,3,True,0,2025-02-22,0,0.0,0.11,0.12,5,22,0,1,0,0.5714285714285714,0.0
7,1513,3,True,0,2025-02-22,0,0.0,0.12,0.16,5,22,0,1,0,0.5714285714285714,0.0
7,1523,3,True,0,2025-02-22,0,0.0,0.05,0.08,5,22,0,1,0,0.42857142857142855,0.0
7,1536,3,True,0,2025-02-22,1,0.0,0.1,0.15,5,22,0,1,0,0.2857142857142857,0.0
7,1545,3,True,0,2025-02-22,0,0.0,0.15,0.19,5,22,0,1,0,0.2857142857142857,0.0
7,1550,3,True,0,2025-02-22,0,0.0,0.28,0.33,5,22,0,1,0,0.2857142857142857,0.0
7,1557,3,True,0,2025-02-22,0,0.0,0.12,0.16,5,22,0,1,0,0.14285714285714285,0.0
7,1561,3,True,0,2025-02-22,0,0.0,0.37,0.45,5,22,0,1,0,0.14285714285714285,0.0
7,1566,3,True,0,2025-02-22,0,0.0,0.16,0.21,5,22,0,1,0,0.14285714285714285,0.0
7,1579,3,True,0,2025-02-22,0,0.0,0.07,0.1,5,22,0,1,0,0.14285714285714285,0.0
7,1582,3,True,0,2025-02-22,0,0.0,0.16,0.2,5,22,0,1,0,0.14285714285714285,0.0
7,1585,3,True,0,2025-02-22,0,0.0,0.46,0.6,5,22,0,1,0,0.0,0.0
7,1587,3,True,0,2025-02-22,0,0.0,0.05,0.05,5,22,0,1,0,0.0,0.0
7,1605,3,True,0,2025-02-22,0,0.0,0.07,0.09,5,22,0,1,0,0.0,0.0
7,1609,3,True,0,2025-02-22,0,0.0,0.18,0.21,5,22,0,1,0,0.0,0.0
7,1632,3,True,0,2025-02-22,0,0.0,0.12,0.2,5,22,0,1,0,0.0,0.0
7,1638,3,True,0,2025-02-22,0,0.0,0.25,0.34,5,22,0,1,0,0.0,0.0
7,1640,3,True,0,2025-02-22,0,0.0,0.2,0.27,5,22,0,1,0,0.0,0.0
7,1641,3,True,0,2025-02-22,0,0.0,0.08,0.16,5,22,0,1,0,0.0,0.0
7,1649,3,True,0,2025-02-22,0,0.0,0.28,0.38,5,22,0,1,0,0.0,0.0
7,1680,3,True,0,2025-02-22,0,0.0,0.21,0.25,5,22,0,1,0,0.0,0.0
7,1681,3,True,0,2025-02-22,0,0.0,0.05,0.07,5,22,0,1,0,0.0,0.0
7,1682,3,True,0,2025-02-22,0,0.0,0.38,0.54,5,22,0,1,0,0.0,0.0
7,1683,3,True,0,2025-02-22,0,0.0,0.07,0.09,5,22,0,1,0,0.0,0.0
7,1700,3,True,0,2025-02-22,0,0.0,0.28,0.37,5,22,0,1,0,0.0,0.0
7,1708,3,True,0,2025-02-22,0,0.0,0.42,0.44,5,22,0,1,0,0.0,0.0
7,1709,3,True,0,2025-02-22,0,0.0,0.08,0.1,5,22,0,1,0,0.0,0.0
7,1714,3,True,0,2025-02-22,0,0.0,0.29,0.36,5,22,0,1,0,0.0,0.0
7,1718,3,True,0,2025-02-22,0,0.0,0.36,0.39,5,22,0,1,0,0.0,0.0
7,1737,3,True,0,2025-02-22,0,0.0,0.12,0.21,5,22,0,1,0,0.0,0.0
7,1751,3,True,0,2025-02-22,0,0.0,0.16,0.2,5,22,0,1,0,0.0,0.0
7,1753,3,True,0,2025-02-22,0,0.0,0.2,0.24,5,22,0,1,0,0.0,0.0
7,1754,3,True,0,2025-02-22,2,0.0,0.03,0.05,5,22,0,1,0,0.0,0.0
7,1769,3,True,0,2025-02-22,0,0.0,0.13,0.15,5,22,0,1,0,0.2857142857142857,0.0
7,1779,3,True,0,2025-02-22,0,0.0,0.04,0.06,5,22,0,1,0,0.2857142857142857,0.0
7,1786,3,True,0,2025-02-22,0,0.0,0.2,0.24,5,22,0,1,0,0.2857142857142857,0.0
7,1788,3,True,0,2025-02-22,0,0.0,0.35,0.43,5,22,0,1,0,0.2857142857142857,0.0
7,1808,3,True,0,2025-02-22,0,0.0,0.25,0.29,5,22,0,1,0,0.2857142857142857,0.0
7,1812,3,True,0,2025-02-22,0,0.0,0.33,0.44,5,22,0,1,0,0.2857142857142857,0.0
7,1817,3,True,0,2025-02-22,1,0.0,0.19,0.29,5,22,0,1,0,0.2857142857142857,0.0
7,1823,3,True,0,2025-02-22,0,0.0,0.13,0.17,5,22,0,1,0,0.14285714285714285,0.0
7,1831,3,True,0,2025-02-22,0,0.0,0.1,0.12,5,22,0,1,0,0.14285714285714285,0.0
7,1862,3,True,0,2025-02-22,0,0.0,0.11,0.15,5,22,0,1,0,0.14285714285714285,0.0
7,1867,3,True,0,2025-02-22,0,0.0,0.54,0.72,5,22,0,1,0,0.14285714285714285,0.0
7,1888,3,True,0,2025-02-22,0,0.0,0.25,0.32,5,22,0,1,0,0.14285714285714285,0.0
7,1891,3,True,0,2025-02-22,0,0.0,0.45,0.55,5,22,0,1,0,0.14285714285714285,0.0
7,1913,3,True,0,2025-02-22,0,0.0,0.03,0.04,5,22,0,1,0,0.14285714285714285,0.0
7,1914,3,True,0,2025-02-22,0,0.0,0.15,0.21,5,22,0,1,0,0.0,0.0
7,1927,3,True,0,2025-02-22,0,0.0,0.3,0.34,5,22,0,1,0,0.0,0.0
7,1931,3,True,0,2025-02-22,0,0.0,0.67,0.81,5,22,0,1,0,0.0,0.0
7,1943,3,True,0,2025-02-22,0,0.0,0.22,0.24,5,22,0,1,0,0.0,0.0
7,1952,3,True,0,2025-02-22,0,0.0,0.07,0.09,5,22,0,1,0,0.0,0.0
7,1964,3,True,0,2025-02-22,3,0.0,0.2,0.24,5,22,0,1,0,0.0,0.0
7,1974,3,True,0,2025-02-22,0,0.0,0.44,0.47,5,22,0,1,0,0.42857142857142855,0.0
7,1989,3,True,0,2025-02-22,0,0.0,0.15,0.19,5,22,0,1,0,0.42857142857142855,0.0
7,1990,3,True,0,2025-02-22,0,0.0,0.23,0.31,5,22,0,1,0,0.42857142857142855,0.0
7,1993,3,True,0,2025-02-22,0,0.0,0.12,0.15,5,22,0,1,0,0.42857142857142855,0.0
7,2004,3,True,0,2025-02-22,0,0.0,0.21,0.29,5,22,0,1,0,0.42857142857142855,0.0
7,2026,3,True,0,2025-02-22,0,0.0,0.23,0.32,5,22,0,1,0,0.42857142857142855,0.0
7,2049,3,True,0,2025-02-22,0,0.0,0.06,0.09,5,22,0,1,0,0.42857142857142855,0.0
7,2054,3,True,0,2025-02-22,0,0.0,0.22,0.39,5,22,0,1,0,0.0,0.0
7,2075,3,True,0,2025-02-22,0,0.0,0.18,0.24,5,22,0,1,0,0.0,0.0
7,2079,3,True,0,2025-02-22,0,0.0,0.12,0.13,5,22,0,1,0,0.0,0.0
7,2080,3,True,0,2025-02-22,0,0.0,0.14,0.15,5,22,0,1,0,0.0,0.0
7,2087,3,True,0,2025-02-22,0,0.0,0.36,0.54,5,22,0,1,0,0.0,0.0
7,2089,3,True,0,2025-02-22,0,0.0,0.12,0.15,5,22,0,1,0,0.0,0.0
7,2098,3,True,0,2025-02-22,0,0.0,0.35,0.44,5,22,0,1,0,0.0,0.0
7,2101,3,True,0,2025-02-22,0,0.0,0.14,0.19,5,22,0,1,0,0.0,0.0
7,2102,3,True,0,2025-02-22,0,0.0,0.12,0.13,5,22,0,1,0,0.0,0.0
7,2112,3,True,0,2025-02-22,0,0.0,0.22,0.27,5,22,0,1,0,0.0,0.0
7,2113,3,True,0,2025-02-22,0,0.0,0.19,0.28,5,22,0,1,0,0.0,0.0
7,2118,3,True,0,2025-02-22,0,0.0,0.29,0.43,5,22,0,1,0,0.0,0.0
7,2122,3,True,0,2025-02-22,0,0.0,0.65,0.8,5,22,0,1,0,0.0,0.0
7,2123,3,True,0,2025-02-22,0,0.0,0.08,0.1,5,22,0,1,0,0.0,0.0
7,2128,3,True,0,2025-02-22,0,0.0,0.17,0.21,5,22,0,1,0,0.0,0.0
7,2130,3,True,0,2025-02-22,0,0.0,0.16,0.19,5,22,0,1,0,0.0,0.0
7,2143,3,True,0,2025-02-22,0,0.0,0.1,0.12,5,22,0,1,0,0.0,0.0
7,2147,3,True,0,2025-02-22,0,0.0,0.15,0.18,5,22,0,1,0,0.0,0.0
7,2158,3,True,0,2025-02-22,0,0.0,0.27,0.28,5,22,0,1,0,0.0,0.0
7,2166,3,True,0,2025-02-22,0,0.0,0.21,0.26,5,22,0,1,0,0.0,0.0
7,2176,3,True,0,2025-02-22,0,0.0,0.11,0.14,5,22,0,1,0,0.0,0.0
7,2178,3,True,0,2025-02-22,0,0.0,0.19,0.21,5,22,0,1,0,0.0,0.0
7,2200,3,True,0,2025-02-22,0,0.0,0.13,0.16,5,22,0,1,0,0.0,0.0
7,2211,3,True,0,2025-02-22,2,0.0,0.05,0.06,5,22,0,1,0,0.0,0.0
7,2222,3,True,0,2025-02-22,0,0.0,0.34,0.49,5,22,0,1,0,0.2857142857142857,0.0
7,2234,3,True,0,2025-02-22,0,0.0,0.33,0.32,5,22,0,1,0,0.2857142857142857,0.0
7,2246,3,True,0,2025-02-22,0,0.0,0.51,0.57,5,22,0,1,0,0.2857142857142857,0.0
7,2247,3,True,0,2025-02-22,0,0.0,0.71,0.73,5,22,0,1,0,0.2857142857142857,0.0
7,2261,3,True,0,2025-02-22,0,0.0,0.23,0.25,5,22,0,1,0,0.2857142857142857,0.0
7,2262,3,True,0,2025-02-22,0,0.0,0.06,0.13,5,22,0,1,0,0.2857142857142857,0.0
7,2264,3,True,0,2025-02-22,0,0.0,0.42,0.51,5,22,0,1,0,0.2857142857142857,0.0
7,2275,3,True,0,2025-02-22,0,0.0,0.08,0.1,5,22,0,1,0,0.0,0.0
7,2276,3,True,0,2025-02-22,0,0.0,0.49,0.63,5,22,0,1,0,0.0,0.0
7,2277,3,True,0,2025-02-22,0,0.0,0.18,0.23,5,22,0,1,0,0.0,0.0
7,2281,3,True,0,2025-02-22,0,0.0,0.08,0.1,5,22,0,1,0,0.0,0.0
7,2294,3,True,0,2025-02-22,1,0.0,0.12,0.17,5,22,0,1,0,0.0,0.0
7,2295,3,True,0,2025-02-22,0,0.0,0.35,0.39,5,22,0,1,0,0.14285714285714285,0.0
7,2296,3,True,0,2025-02-22,0,0.0,0.34,0.4,5,22,0,1,0,0.14285714285714285,0.0
7,2301,3,True,0,2025-02-22,0,0.0,0.21,0.28,5,22,0,1,0,0.14285714285714285,0.0
7,2321,3,True,0,2025-02-22,1,0.0,0.28,0.37,5,22,0,1,0,0.14285714285714285,0.0
7,2345,3,True,0,2025-02-22,0,0.0,0.16,0.2,5,22,0,1,0,0.2857142857142857,0.0
7,2367,3,True,0,2025-02-22,0,0.0,0.29,0.45,5,22,0,1,0,0.2857142857142857,0.0
7,2370,3,True,0,2025-02-22,0,0.0,0.06,0.09,5,22,0,1,0,0.2857142857142857,0.0
7,2372,3,True,0,2025-02-22,0,0.0,0.3,0.34,5,22,0,1,0,0.14285714285714285,0.0
7,2376,3,True,0,2025-02-22,0,0.0,0.14,0.19,5,22,0,1,0,0.14285714285714285,0.0
7,2382,3,True,0,2025-02-22,0,0.0,0.26,0.28,5,22,0,1,0,0.14285714285714285,0.0
7,2383,3,True,0,2025-02-22,0,0.0,0.11,0.14,5,22,0,1,0,0.14285714285714285,0.0
7,2384,3,True,0,2025-02-22,0,0.0,0.08,0.09,5,22,0,1,0,0.0,0.0
7,2395,3,True,0,2025-02-22,0,0.0,0.02,0.03,5,22,0,1,0,0.0,0.0
7,2416,3,True,0,2025-02-22,0,0.0,0.19,0.22,5,22,0,1,0,0.0,0.0
7,2429,3,True,0,2025-02-22,0,0.0,0.3,0.37,5,22,0,1,0,0.0,0.0
7,2433,3,True,0,2025-02-22,1,0.0,0.12,0.16,5,22,0,1,0,0.0,0.0
7,2440,3,True,0,2025-02-22,0,0.0,0.1,0.17,5,22,0,1,0,0.14285714285714285,0.0
7,2446,3,True,0,2025-02-22,0,0.0,0.2,0.27,5,22,0,1,0,0.14285714285714285,0.0
7,2447,3,True,0,2025-02-22,0,0.0,0.27,0.31,5,22,0,1,0,0.14285714285714285,0.0
7,2457,3,True,0,2025-02-22,0,0.0,0.11,0.15,5,22,0,1,0,0.14285714285714285,0.0
7,2467,3,True,0,2025-02-22,0,0.0,0.16,0.14,5,22,0,1,0,0.14285714285714285,0.0
7,2468,3,True,0,2025-02-22,1,0.0,0.46,0.42,5,22,0,1,0,0.14285714285714285,0.0
7,2477,3,True,0,2025-02-22,0,0.0,0.26,0.31,5,22,0,1,0,0.2857142857142857,0.0
7,2479,3,True,0,2025-02-22,0,0.0,0.04,0.05,5,22,0,1,0,0.14285714285714285,0.0
7,2485,3,True,0,2025-02-22,1,0.0,0.26,0.31,5,22,0,1,0,0.14285714285714285,0.0
7,2503,3,True,0,2025-02-22,0,0.0,0.04,0.06,5,22,0,1,0,0.2857142857142857,0.0
7,2536,3,True,0,2025-02-22,0,0.0,0.19,0.3,5,22,0,1,0,0.2857142857142857,0.0
7,2537,3,True,0,2025-02-22,0,0.0,0.16,0.2,5,22,0,1,0,0.2857142857142857,0.0
7,2565,3,True,0,2025-02-22,0,0.0,0.41,0.49,5,22,0,1,0,0.2857142857142857,0.0
7,2566,3,True,0,2025-02-22,0,0.0,0.33,0.38,5,22,0,1,0,0.14285714285714285,0.0
7,2574,3,True,0,2025-02-22,0,0.0,0.28,0.31,5,22,0,1,0,0.14285714285714285,0.0
7,2590,3,True,0,2025-02-22,0,0.0,0.07,0.1,5,22,0,1,0,0.14285714285714285,0.0
7,2591,3,True,0,2025-02-22,0,0.0,0.15,0.18,5,22,0,1,0,0.0,0.0
7,2598,3,True,0,2025-02-22,0,0.0,0.09,0.11,5,22,0,1,0,0.0,0.0
7,2601,3,True,0,2025-02-22,0,0.0,0.21,0.27,5,22,0,1,0,0.0,0.0
7,2609,3,True,0,2025-02-22,0,0.0,0.08,0.12,5,22,0,1,0,0.0,0.0
7,2625,3,True,0,2025-02-22,0,0.0,0.2,0.24,5,22,0,1,0,0.0,0.0
7,2627,3,True,0,2025-02-22,0,0.0,0.27,0.4,5,22,0,1,0,0.0,0.0
7,2646,3,True,0,2025-02-22,0,0.0,0.51,0.35,5,22,0,1,0,0.0,0.0
7,2654,3,True,0,2025-02-22,0,0.0,0.07,0.08,5,22,0,1,0,0.0,0.0
7,2669,3,True,0,2025-02-22,0,0.0,0.19,0.24,5,22,0,1,0,0.0,0.0
7,2677,3,True,0,2025-02-22,0,0.0,0.11,0.12,5,22,0,1,0,0.0,0.0
7,2683,3,True,0,2025-02-22,0,0.0,0.1,0.14,5,22,0,1,0,0.0,0.0
7,2692,3,True,0,2025-02-22,0,0.0,0.09,0.13,5,22,0,1,0,0.0,0.0
7,2693,3,True,0,2025-02-22,0,0.0,0.06,0.09,5,22,0,1,0,0.0,0.0
7,2695,3,True,0,2025-02-22,0,0.0,0.04,0.05,5,22,0,1,0,0.0,0.0
7,2697,3,True,0,2025-02-22,0,0.0,0.12,0.14,5,22,0,1,0,0.0,0.0
7,2714,3,True,0,2025-02-22,0,0.0,0.05,0.06,5,22,0,1,0,0.0,0.0
7,2716,3,True,0,2025-02-22,0,0.0,0.13,0.17,5,22,0,1,0,0.0,0.0
7,2731,3,True,0,2025-02-22,0,0.0,0.03,0.04,5,22,0,1,0,0.0,0.0
7,2734,3,True,0,2025-02-22,0,0.0,0.6,0.51,5,22,0,1,0,0.0,0.0
7,2738,3,True,0,2025-02-22,0,0.0,0.07,0.08,5,22,0,1,0,0.0,0.0
7,2747,3,True,0,2025-02-22,0,0.0,0.29,0.41,5,22,0,1,0,0.0,0.0
7,2757,3,True,0,2025-02-22,0,0.0,0.1,0.16,5,22,0,1,0,0.0,0.0
7,2759,3,True,0,2025-02-22,0,0.0,0.08,0.11,5,22,0,1,0,0.0,0.0
7,2772,3,True,0,2025-02-22,0,0.0,0.11,0.17,5,22,0,1,0,0.0,0.0
7,2784,3,True,0,2025-02-22,0,0.0,0.17,0.47,5,22,0,1,0,0.0,0.0
7,2797,3,True,0,2025-02-22,1,0.0,0.1,0.12,5,22,0,1,0,0.0,0.0
7,2807,3,True,0,2025-02-22,0,0.0,0.55,0.21,5,22,0,1,0,0.14285714285714285,0.0
7,2809,3,True,0,2025-02-22,1,0.0,0.4,0.63,5,22,0,1,0,0.14285714285714285,0.0
7,2815,3,True,0,2025-02-22,1,0.0,0.11,0.15,5,22,0,1,0,0.2857142857142857,0.0
7,2833,3,True,0,2025-02-22,0,0.0,0.22,0.26,5,22,0,1,0,0.42857142857142855,0.0
7,2834,3,True,0,2025-02-22,0,0.0,0.31,0.34,5,22,0,1,0,0.42857142857142855,0.0
7,2848,3,True,0,2025-02-22,0,0.0,0.1,0.15,5,22,0,1,0,0.42857142857142855,0.0
7,2876,3,True,0,2025-02-22,0,0.0,0.05,0.06,5,22,0,1,0,0.42857142857142855,0.0
7,2893,3,True,0,2025-02-22,0,0.0,0.28,0.36,5,22,0,1,0,0.2857142857142857,0.0
7,2898,3,True,0,2025-02-22,0,0.0,0.17,0.25,5,22,0,1,0,0.2857142857142857,0.0
7,2899,3,True,0,2025-02-22,0,0.0,0.18,0.24,5,22,0,1,0,0.14285714285714285,0.0
7,2907,3,True,0,2025-02-22,0,0.0,0.21,0.33,5,22,0,1,0,0.0,0.0
7,2917,3,True,0,2025-02-22,0,0.0,0.06,0.08,5,22,0,1,0,0.0,0.0
7,2919,3,True,0,2025-02-22,21,0.0,0.02,0.02,5,22,0,1,0,0.0,0.0
7,2920,3,True,0,2025-02-22,0,0.0,0.07,0.09,5,22,0,1,0,3.0,0.0
7,2924,3,True,0,2025-02-22,0,0.0,0.13,0.27,5,22,0,1,0,3.0,0.0
7,2925,3,True,0,2025-02-22,1,0.0,0.1,0.15,5,22,0,1,0,3.0,0.0
7,2932,3,True,0,2025-02-22,0,0.0,0.28,0.35,5,22,0,1,0,3.142857142857143,0.0
7,2933,3,True,0,2025-02-22,0,0.0,0.49,0.68,5,22,0,1,0,3.142857142857143,0.0
7,2935,3,True,0,2025-02-22,0,0.0,0.21,0.22,5,22,0,1,0,3.142857142857143,0.0
7,2936,3,True,0,2025-02-22,0,0.0,0.02,0.18,5,22,0,1,0,3.142857142857143,0.0
7,2939,3,True,0,2025-02-22,0,0.0,0.43,0.46,5,22,0,1,0,0.14285714285714285,0.0
7,2940,3,True,0,2025-02-22,1,0.0,0.09,0.11,5,22,0,1,0,0.14285714285714285,0.0
7,2946,3,True,0,2025-02-22,0,0.0,0.44,0.41,5,22,0,1,0,0.2857142857142857,0.0
7,2949,3,True,0,2025-02-22,0,0.0,0.19,0.28,5,22,0,1,0,0.14285714285714285,0.0
7,2960,3,True,0,2025-02-22,0,0.0,0.07,0.09,5,22,0,1,0,0.14285714285714285,0.0
7,2976,3,True,0,2025-02-22,0,0.0,0.1,0.13,5,22,0,1,0,0.14285714285714285,0.0
7,2982,3,True,0,2025-02-22,0,0.0,0.21,0.26,5,22,0,1,0,0.14285714285714285,0.0
7,2983,3,True,0,2025-02-22,0,0.0,0.13,0.17,5,22,0,1,0,0.14285714285714285,0.0
7,2996,3,True,0,2025-02-22,0,0.0,0.27,0.35,5,22,0,1,0,0.14285714285714285,0.0
7,3004,3,True,0,2025-02-22,0,0.0,0.11,0.17,5,22,0,1,0,0.0,0.0
7,3010,3,True,0,2025-02-22,0,0.0,0.49,0.63,5,22,0,1,0,0.0,0.0
7,3017,3,True,0,2025-02-22,0,0.0,0.21,0.29,5,22,0,1,0,0.0,0.0
7,3018,3,True,0,2025-02-22,0,0.0,0.11,0.13,5,22,0,1,0,0.0,0.0
7,3027,3,True,0,2025-02-22,0,0.0,0.1,0.13,5,22,0,1,0,0.0,0.0
7,3030,3,True,0,2025-02-22,0,0.0,0.45,0.58,5,22,0,1,0,0.0,0.0
7,3037,3,True,0,2025-02-22,0,0.0,0.11,0.13,5,22,0,1,0,0.0,0.0
7,3042,3,True,0,2025-02-22,0,0.0,0.1,0.13,5,22,0,1,0,0.0,0.0
7,3045,3,True,0,2025-02-22,0,0.0,0.13,0.16,5,22,0,1,0,0.0,0.0
7,3049,3,True,0,2025-02-22,0,0.0,0.39,0.5,5,22,0,1,0,0.0,0.0
7,3051,3,True,0,2025-02-22,0,0.0,0.38,0.31,5,22,0,1,0,0.0,0.0
7,3056,3,True,0,2025-02-22,0,0.0,0.25,0.32,5,22,0,1,0,0.0,0.0
7,3062,3,True,0,2025-02-22,0,0.0,0.26,0.31,5,22,0,1,0,0.0,0.0
7,3064,3,True,0,2025-02-22,0,0.0,0.12,0.14,5,22,0,1,0,0.0,0.0
7,3067,3,True,0,2025-02-22,0,0.0,0.67,0.94,5,22,0,1,0,0.0,0.0
7,3071,3,True,0,2025-02-22,0,0.0,0.09,0.11,5,22,0,1,0,0.0,0.0
7,3094,3,True,0,2025-02-22,0,0.0,0.27,0.34,5,22,0,1,0,0.0,0.0
7,3097,3,True,0,2025-02-22,0,0.0,0.29,0.4,5,22,0,1,0,0.0,0.0
7,3106,3,True,0,2025-02-22,0,0.0,0.09,0.1,5,22,0,1,0,0.0,0.0
7,3110,3,True,0,2025-02-22,0,0.0,0.23,0.29,5,22,0,1,0,0.0,0.0
7,3124,3,True,0,2025-02-22,0,0.0,0.11,0.15,5,22,0,1,0,0.0,0.0
7,3129,3,True,0,2025-02-22,0,0.0,0.23,0.27,5,22,0,1,0,0.0,0.0
7,3131,3,True,0,2025-02-22,0,0.0,0.07,0.11,5,22,0,1,0,0.0,0.0
7,3134,3,True,0,2025-02-22,0,0.0,0.16,0.16,5,22,0,1,0,0.0,0.0
7,3139,3,True,0,2025-02-22,0,0.0,0.22,0.26,5,22,0,1,0,0.0,0.0
7,3142,3,True,0,2025-02-22,0,0.0,0.3,0.44,5,22,0,1,0,0.0,0.0
7,3156,3,True,0,2025-02-22,0,0.0,0.2,0.26,5,22,0,1,0,0.0,0.0
7,3172,3,True,0,2025-02-22,0,0.0,0.08,0.09,5,22,0,1,0,0.0,0.0
7,3173,3,True,0,2025-02-22,0,0.0,0.22,0.24,5,22,0,1,0,0.0,0.0
7,3176,3,True,0,2025-02-22,0,0.0,0.1,0.13,5,22,0,1,0,0.0,0.0
7,3188,3,True,0,2025-02-22,0,0.0,0.07,0.06,5,22,0,1,0,0.0,0.0
7,3193,3,True,0,2025-02-22,0,0.0,0.13,0.2,5,22,0,1,0,0.0,0.0
7,3204,3,True,0,2025-02-22,3,0.0,0.17,0.21,5,22,0,1,0,0.0,0.0
7,3205,3,True,0,2025-02-22,1,0.0,0.18,0.24,5,22,0,1,0,0.42857142857142855,0.0
7,3206,3,True,0,2025-02-22,0,0.0,0.17,0.18,5,22,0,1,0,0.5714285714285714,0.0
7,3210,3,True,0,2025-02-22,0,0.0,0.08,0.07,5,22,0,1,0,0.5714285714285714,0.0
7,3251,3,True,0,2025-02-22,0,0.0,0.29,0.35,5,22,0,1,0,0.5714285714285714,0.0
7,3257,3,True,0,2025-02-22,0,0.0,0.11,0.13,5,22,0,1,0,0.5714285714285714,0.0
7,3265,3,True,0,2025-02-22,0,0.0,0.08,0.08,5,22,0,1,0,0.5714285714285714,0.0
7,3271,3,True,0,2025-02-22,0,0.0,0.12,0.16,5,22,0,1,0,0.5714285714285714,0.0
7,3274,3,True,0,2025-02-22,0,0.0,0.41,0.35,5,22,0,1,0,0.14285714285714285,0.0
7,3278,3,True,0,2025-02-22,0,0.0,0.18,0.27,5,22,0,1,0,0.0,0.0
7,3288,3,True,0,2025-02-22,0,0.0,0.29,0.26,5,22,0,1,0,0.0,0.0
7,3295,3,True,0,2025-02-22,0,0.0,0.28,0.38,5,22,0,1,0,0.0,0.0
7,3303,3,True,0,2025-02-22,0,0.0,0.02,0.02,5,22,0,1,0,0.0,0.0
7,3311,3,True,0,2025-02-22,0,0.0,0.21,0.25,5,22,0,1,0,0.0,0.0
7,3319,3,True,0,2025-02-22,0,0.0,0.08,0.09,5,22,0,1,0,0.0,0.0
7,3336,3,True,0,2025-02-22,0,0.0,0.01,0.01,5,22,0,1,0,0.0,0.0
7,3341,3,True,0,2025-02-22,0,0.0,0.22,0.19,5,22,0,1,0,0.0,0.0
7,3342,3,True,0,2025-02-22,0,0.0,0.04,0.07,5,22,0,1,0,0.0,0.0
7,3343,3,True,0,2025-02-22,0,0.0,0.1,0.14,5,22,0,1,0,0.0,0.0
7,3359,3,True,0,2025-02-22,0,0.0,0.49,0.56,5,22,0,1,0,0.0,0.0
7,3364,3,True,0,2025-02-22,4,0.0,0.11,0.14,5,22,0,1,0,0.0,0.0
7,3365,3,True,0,2025-02-22,0,0.0,0.18,0.23,5,22,0,1,0,0.5714285714285714,0.0
7,3381,3,True,0,2025-02-22,0,0.0,0.3,0.39,5,22,0,1,0,0.5714285714285714,0.0
7,3386,3,True,0,2025-02-22,0,0.0,0.06,0.09,5,22,0,1,0,0.5714285714285714,0.0
7,3392,3,True,0,2025-02-22,1,0.0,0.1,0.14,5,22,0,1,0,0.5714285714285714,0.0
7,3397,3,True,0,2025-02-22,0,0.0,0.29,0.49,5,22,0,1,0,0.7142857142857143,0.0
7,3403,3,True,0,2025-02-22,0,0.0,0.17,0.26,5,22,0,1,0,0.7142857142857143,0.0
7,3413,3,True,0,2025-02-22,0,0.0,0.18,0.28,5,22,0,1,0,0.7142857142857143,0.0
7,3423,3,True,0,2025-02-22,0,0.0,0.05,0.06,5,22,0,1,0,0.14285714285714285,0.0
7,3426,3,True,0,2025-02-22,0,0.0,0.13,0.17,5,22,0,1,0,0.14285714285714285,0.0
7,3433,3,True,0,2025-02-22,0,0.0,0.08,0.1,5,22,0,1,0,0.14285714285714285,0.0
7,3444,3,True,0,2025-02-22,0,0.0,0.31,0.37,5,22,0,1,0,0.14285714285714285,0.0
7,3446,3,True,0,2025-02-22,0,0.0,0.06,0.07,5,22,0,1,0,0.0,0.0
7,3449,3,True,0,2025-02-22,0,0.0,0.36,0.42,5,22,0,1,0,0.0,0.0
7,3469,3,True,0,2025-02-22,0,0.0,0.09,0.11,5,22,0,1,0,0.0,0.0
7,3474,3,True,0,2025-02-22,0,0.0,0.31,0.36,5,22,0,1,0,0.0,0.0
7,3481,3,True,0,2025-02-22,0,0.0,0.08,0.1,5,22,0,1,0,0.0,0.0
7,3482,3,True,0,2025-02-22,1,0.0,0.12,0.14,5,22,0,1,0,0.0,0.0
7,3484,3,True,0,2025-02-22,0,0.0,0.09,0.11,5,22,0,1,0,0.14285714285714285,0.0
7,3492,3,True,0,2025-02-22,0,0.0,0.25,0.3,5,22,0,1,0,0.14285714285714285,0.0
7,3517,3,True,0,2025-02-22,1,0.0,0.24,0.3,5,22,0,1,0,0.14285714285714285,0.0
7,3518,3,True,0,2025-02-22,0,0.0,0.16,0.18,5,22,0,1,0,0.2857142857142857,0.0
7,3525,3,True,0,2025-02-22,0,0.0,0.15,0.21,5,22,0,1,0,0.2857142857142857,0.0
7,3526,3,True,0,2025-02-22,1,0.0,0.08,0.11,5,22,0,1,0,0.2857142857142857,0.0
7,3543,3,True,0,2025-02-22,0,0.0,0.16,0.23,5,22,0,1,0,0.42857142857142855,0.0
7,3551,3,True,0,2025-02-22,0,0.0,0.06,0.16,5,22,0,1,0,0.2857142857142857,0.0
7,3557,3,True,0,2025-02-22,0,0.0,0.09,0.12,5,22,0,1,0,0.2857142857142857,0.0
7,3559,3,True,0,2025-02-22,0,0.0,0.24,0.32,5,22,0,1,0,0.2857142857142857,0.0
7,3573,3,True,0,2025-02-22,0,0.0,0.29,0.34,5,22,0,1,0,0.14285714285714285,0.0
7,3586,3,True,0,2025-02-22,0,0.0,0.5,0.51,5,22,0,1,0,0.14285714285714285,0.0
7,3587,3,True,0,2025-02-22,0,0.0,0.04,0.05,5,22,0,1,0,0.14285714285714285,0.0
7,3610,3,True,0,2025-02-22,0,0.0,0.03,0.04,5,22,0,1,0,0.0,0.0
7,3615,3,True,0,2025-02-22,0,0.0,0.04,0.06,5,22,0,1,0,0.0,0.0
7,3616,3,True,0,2025-02-22,0,0.0,0.51,0.58,5,22,0,1,0,0.0,0.0
7,3629,3,True,0,2025-02-22,0,0.0,0.06,0.08,5,22,0,1,0,0.0,0.0
7,3630,3,True,0,2025-02-22,0,0.0,0.31,0.41,5,22,0,1,0,0.0,0.0
7,3638,3,True,0,2025-02-22,0,0.0,0.48,0.62,5,22,0,1,0,0.0,0.0
7,3644,3,True,0,2025-02-22,0,0.0,0.09,0.12,5,22,0,1,0,0.0,0.0
7,3655,3,True,0,2025-02-22,0,0.0,0.07,0.11,5,22,0,1,0,0.0,0.0
7,3659,3,True,0,2025-02-22,0,0.0,0.19,0.28,5,22,0,1,0,0.0,0.0
7,3660,3,True,0,2025-02-22,0,0.0,0.43,0.54,5,22,0,1,0,0.0,0.0
7,3667,3,True,0,2025-02-22,0,0.0,0.43,0.5,5,22,0,1,0,0.0,0.0
7,3672,3,True,0,2025-02-22,0,0.0,0.18,0.23,5,22,0,1,0,0.0,0.0
7,3682,3,True,0,2025-02-22,0,0.0,0.05,0.06,5,22,0,1,0,0.0,0.0
7,3697,3,True,0,2025-02-22,0,0.0,0.04,0.06,5,22,0,1,0,0.0,0.0
7,3714,3,True,0,2025-02-22,0,0.0,0.12,0.14,5,22,0,1,0,0.0,0.0
7,3742,3,True,0,2025-02-22,0,0.0,0.12,0.16,5,22,0,1,0,0.0,0.0
7,3765,3,True,0,2025-02-22,0,0.0,0.27,0.49,5,22,0,1,0,0.0,0.0
7,3773,3,True,0,2025-02-22,0,0.0,0.34,0.46,5,22,0,1,0,0.0,0.0
7,3779,3,True,0,2025-02-22,0,0.0,0.25,0.36,5,22,0,1,0,0.0,0.0
7,3785,3,True,0,2025-02-22,0,0.0,0.17,0.29,5,22,0,1,0,0.0,0.0
7,3804,3,True,0,2025-02-22,0,0.0,0.17,0.21,5,22,0,1,0,0.0,0.0
7,3823,3,True,0,2025-02-22,2,0.0,0.54,0.73,5,22,0,1,0,0.0,0.0
7,3827,3,True,0,2025-02-22,0,0.0,0.04,0.07,5,22,0,1,0,0.2857142857142857,0.0
7,3832,3,True,0,2025-02-22,2,0.0,0.05,0.12,5,22,0,1,0,0.2857142857142857,0.0
7,3837,3,True,0,2025-02-22,0,0.0,0.09,0.11,5,22,0,1,0,0.5714285714285714,0.0
7,3845,3,True,0,2025-02-22,0,0.0,0.01,0.01,5,22,0,1,0,0.5714285714285714,0.0
7,3846,3,True,0,2025-02-22,0,0.0,0.22,0.26,5,22,0,1,0,0.5714285714285714,0.0
7,3856,3,True,0,2025-02-22,0,0.0,0.21,0.27,5,22,0,1,0,0.5714285714285714,0.0
7,3867,3,True,0,2025-02-22,0,0.0,0.31,0.4,5,22,0,1,0,0.5714285714285714,0.0
7,3878,3,True,0,2025-02-22,0,0.0,0.05,0.06,5,22,0,1,0,0.2857142857142857,0.0
7,3881,3,True,0,2025-02-22,0,0.0,0.09,0.12,5,22,0,1,0,0.2857142857142857,0.0
7,3885,3,True,0,2025-02-22,0,0.0,0.05,0.07,5,22,0,1,0,0.0,0.0
7,3886,3,True,0,2025-02-22,0,0.0,0.49,0.71,5,22,0,1,0,0.0,0.0
7,3889,3,True,0,2025-02-22,0,0.0,0.1,0.16,5,22,0,1,0,0.0,0.0
7,3895,3,True,0,2025-02-22,1,0.0,0.21,0.22,5,22,0,1,0,0.0,0.0
7,3914,3,True,0,2025-02-22,0,0.0,0.4,0.57,5,22,0,1,0,0.14285714285714285,0.0
7,3916,3,True,0,2025-02-22,0,0.0,0.46,0.59,5,22,0,1,0,0.14285714285714285,0.0
7,3918,3,True,0,2025-02-22,1,0.0,0.4,0.49,5,22,0,1,0,0.14285714285714285,0.0
7,3932,3,True,0,2025-02-22,0,0.0,0.1,0.14,5,22,0,1,0,0.2857142857142857,0.0
7,3943,3,True,0,2025-02-22,0,0.0,0.25,0.29,5,22,0,1,0,0.2857142857142857,0.0
7,3947,3,True,0,2025-02-22,0,0.0,0.27,0.37,5,22,0,1,0,0.2857142857142857,0.0
7,3949,3,True,0,2025-02-22,0,0.0,0.06,0.08,5,22,0,1,0,0.2857142857142857,0.0
7,3952,3,True,0,2025-02-22,0,0.0,0.12,0.16,5,22,0,1,0,0.14285714285714285,0.0
7,3955,3,True,0,2025-02-22,0,0.0,0.73,0.76,5,22,0,1,0,0.14285714285714285,0.0
7,3967,3,True,0,2025-02-22,0,0.0,0.41,0.54,5,22,0,1,0,0.14285714285714285,0.0
7,3970,3,True,0,2025-02-22,0,0.0,0.15,0.19,5,22,0,1,0,0.0,0.0
7,3976,3,True,0,2025-02-22,0,0.0,0.24,0.29,5,22,0,1,0,0.0,0.0
7,3979,3,True,0,2025-02-22,0,0.0,0.15,0.21,5,22,0,1,0,0.0,0.0
7,3986,3,True,0,2025-02-22,0,0.0,0.62,0.22,5,22,0,1,0,0.0,0.0
7,3990,3,True,0,2025-02-22,0,0.0,0.1,0.13,5,22,0,1,0,0.0,0.0
7,3993,3,True,0,2025-02-22,0,0.0,0.13,0.18,5,22,0,1,0,0.0,0.0
7,4010,3,True,0,2025-02-22,0,0.0,0.17,0.31,5,22,0,1,0,0.0,0.0
7,4014,3,True,0,2025-02-22,1,0.0,0.39,0.46,5,22,0,1,0,0.0,0.0
7,4025,3,True,0,2025-02-22,0,0.0,0.17,0.15,5,22,0,1,0,0.14285714285714285,0.0
7,4027,3,True,0,2025-02-22,0,0.0,0.11,0.13,5,22,0,1,0,0.14285714285714285,0.0
7,4064,3,True,0,2025-02-22,0,0.0,0.05,0.08,5,22,0,1,0,0.14285714285714285,0.0
7,4068,3,True,0,2025-02-22,0,0.0,0.17,0.23,5,22,0,1,0,0.14285714285714285,0.0
7,4073,3,True,0,2025-02-22,0,0.0,0.43,0.49,5,22,0,1,0,0.14285714285714285,0.0
7,4077,3,True,0,2025-02-22,0,0.0,0.28,0.35,5,22,0,1,0,0.14285714285714285,0.0
7,4082,3,True,0,2025-02-22,0,0.0,0.08,0.1,5,22,0,1,0,0.14285714285714285,0.0
7,4084,3,True,0,2025-02-22,0,0.0,0.28,0.37,5,22,0,1,0,0.0,0.0
7,4094,3,True,0,2025-02-22,0,0.0,0.34,0.4,5,22,0,1,0,0.0,0.0
7,4102,3,True,0,2025-02-22,0,0.0,0.26,0.3,5,22,0,1,0,0.0,0.0
7,4117,3,True,0,2025-02-22,0,0.0,0.04,0.06,5,22,0,1,0,0.0,0.0
7,4129,3,True,0,2025-02-22,0,0.0,0.13,0.17,5,22,0,1,0,0.0,0.0
7,4136,3,True,0,2025-02-22,1,0.0,0.17,0.23,5,22,0,1,0,0.0,0.0
7,4155,3,True,0,2025-02-22,0,0.0,0.02,0.03,5,22,0,1,0,0.14285714285714285,0.0
7,4183,3,True,0,2025-02-22,0,0.0,0.19,0.2,5,22,0,1,0,0.14285714285714285,0.0
7,4185,3,True,0,2025-02-22,1,0.0,0.15,0.21,5,22,0,1,0,0.14285714285714285,0.0
7,4187,3,True,0,2025-02-22,2,0.0,0.07,0.11,5,22,0,1,0,0.2857142857142857,0.0
7,4188,3,True,0,2025-02-22,0,0.0,0.03,0.03,5,22,0,1,0,0.5714285714285714,0.0
7,4190,3,True,0,2025-02-22,0,0.0,0.12,0.19,5,22,0,1,0,0.5714285714285714,0.0
7,4213,3,True,0,2025-02-22,0,0.0,0.01,0.01,5,22,0,1,0,0.5714285714285714,0.0
7,4223,3,True,0,2025-02-22,0,0.0,0.12,0.13,5,22,0,1,0,0.42857142857142855,0.0
7,4227,3,True,0,2025-02-22,0,0.0,0.41,0.76,5,22,0,1,0,0.42857142857142855,0.0
7,4237,3,True,0,2025-02-22,0,0.0,0.08,0.11,5,22,0,1,0,0.42857142857142855,0.0
7,4247,3,True,0,2025-02-22,0,0.0,0.04,0.05,5,22,0,1,0,0.2857142857142857,0.0
7,4249,3,True,0,2025-02-22,0,0.0,0.12,0.15,5,22,0,1,0,0.0,0.0
7,4250,3,True,0,2025-02-22,0,0.0,0.13,0.17,5,22,0,1,0,0.0,0.0
7,4253,3,True,0,2025-02-22,0,0.0,0.13,0.17,5,22,0,1,0,0.0,0.0
7,4255,3,True,0,2025-02-22,0,0.0,0.13,0.14,5,22,0,1,0,0.0,0.0
7,4258,3,True,0,2025-02-22,0,0.0,0.18,0.26,5,22,0,1,0,0.0,0.0
7,4272,3,True,0,2025-02-22,0,0.0,0.09,0.11,5,22,0,1,0,0.0,0.0
7,4273,3,True,0,2025-02-22,0,0.0,0.12,0.16,5,22,0,1,0,0.0,0.0
7,4276,3,True,0,2025-02-22,0,0.0,0.07,0.09,5,22,0,1,0,0.0,0.0
7,4285,3,True,0,2025-02-22,0,0.0,0.22,0.21,5,22,0,1,0,0.0,0.0
7,4291,3,True,0,2025-02-22,0,0.0,0.09,0.12,5,22,0,1,0,0.0,0.0
7,4295,3,True,0,2025-02-22,0,0.0,0.2,0.24,5,22,0,1,0,0.0,0.0
7,4306,3,True,0,2025-02-22,0,0.0,0.34,0.48,5,22,0,1,0,0.0,0.0
7,4314,3,True,0,2025-02-22,0,0.0,0.29,0.33,5,22,0,1,0,0.0,0.0
7,4318,3,True,0,2025-02-22,0,0.0,0.3,0.41,5,22,0,1,0,0.0,0.0
7,4323,3,True,0,2025-02-22,2,0.0,0.05,0.07,5,22,0,1,0,0.0,0.0
7,4324,3,True,0,2025-02-22,0,0.0,0.05,0.07,5,22,0,1,0,0.2857142857142857,0.0
7,4334,3,True,0,2025-02-22,1,0.0,0.29,0.36,5,22,0,1,0,0.2857142857142857,0.0
7,4338,3,True,0,2025-02-22,0,0.0,0.1,0.12,5,22,0,1,0,0.42857142857142855,0.0
7,4354,3,True,0,2025-02-22,0,0.0,0.02,0.02,5,22,0,1,0,0.42857142857142855,0.0
7,4362,3,True,0,2025-02-22,0,0.0,0.05,0.15,5,22,0,1,0,0.42857142857142855,0.0
7,4364,3,True,0,2025-02-22,0,0.0,0.37,0.45,5,22,0,1,0,0.42857142857142855,0.0
7,4374,3,True,0,2025-02-22,0,0.0,0.06,0.07,5,22,0,1,0,0.42857142857142855,0.0
7,4387,3,True,0,2025-02-22,0,0.0,0.08,0.1,5,22,0,1,0,0.14285714285714285,0.0
7,4414,3,True,0,2025-02-22,0,0.0,0.15,0.25,5,22,0,1,0,0.14285714285714285,0.0
7,4416,3,True,0,2025-02-22,0,0.0,0.05,0.06,5,22,0,1,0,0.0,0.0
7,4418,3,True,0,2025-02-22,0,0.0,0.14,0.17,5,22,0,1,0,0.0,0.0
7,4428,3,True,0,2025-02-22,1,0.0,0.42,0.45,5,22,0,1,0,0.0,0.0
7,4431,3,True,0,2025-02-22,0,0.0,0.05,0.07,5,22,0,1,0,0.14285714285714285,0.0
7,4446,3,True,0,2025-02-22,0,0.0,0.53,0.77,5,22,0,1,0,0.14285714285714285,0.0
7,4490,3,True,0,2025-02-22,0,0.0,0.18,0.2,5,22,0,1,0,0.14285714285714285,0.0
7,4496,3,True,0,2025-02-22,0,0.0,0.07,0.09,5,22,0,1,0,0.14285714285714285,0.0
7,4500,3,True,0,2025-02-22,0,0.0,0.11,0.14,5,22,0,1,0,0.14285714285714285,0.0
7,4543,3,True,0,2025-02-22,2,0.0,0.04,0.06,5,22,0,1,0,0.14285714285714285,0.0
7,4561,3,True,0,2025-02-22,0,0.0,0.11,0.12,5,22,0,1,0,0.42857142857142855,0.0
7,4566,3,True,0,2025-02-22,0,0.0,0.07,0.08,5,22,0,1,0,0.2857142857142857,0.0
7,4569,3,True,0,2025-02-22,0,0.0,0.29,0.39,5,22,0,1,0,0.2857142857142857,0.0
7,4592,3,True,0,2025-02-22,0,0.0,0.14,0.21,5,22,0,1,0,0.2857142857142857,0.0
7,4627,3,True,0,2025-02-22,0,0.0,0.06,0.08,5,22,0,1,0,0.2857142857142857,0.0
7,4631,3,True,0,2025-02-22,0,0.0,0.15,0.19,5,22,0,1,0,0.2857142857142857,0.0
7,4641,3,True,0,2025-02-22,0,0.0,0.31,0.43,5,22,0,1,0,0.2857142857142857,0.0
7,4650,3,True,0,2025-02-22,0,0.0,0.27,0.39,5,22,0,1,0,0.0,0.0
7,4656,3,True,0,2025-02-22,0,0.0,0.07,0.1,5,22,0,1,0,0.0,0.0
7,4661,3,True,0,2025-02-22,0,0.0,0.05,0.06,5,22,0,1,0,0.0,0.0
7,4667,3,True,0,2025-02-22,0,0.0,0.07,0.08,5,22,0,1,0,0.0,0.0
7,4671,3,True,0,2025-02-22,0,0.0,0.22,0.27,5,22,0,1,0,0.0,0.0
7,4674,3,True,0,2025-02-22,0,0.0,0.22,0.27,5,22,0,1,0,0.0,0.0
7,4682,3,True,0,2025-02-22,0,0.0,0.35,0.43,5,22,0,1,0,0.0,0.0
7,4687,3,True,0,2025-02-22,0,0.0,0.23,0.37,5,22,0,1,0,0.0,0.0
7,4691,3,True,0,2025-02-22,0,0.0,0.18,0.25,5,22,0,1,0,0.0,0.0
7,4717,3,True,0,2025-02-22,0,0.0,0.18,0.26,5,22,0,1,0,0.0,0.0
7,4719,3,True,0,2025-02-22,0,0.0,0.33,0.36,5,22,0,1,0,0.0,0.0
7,4726,3,True,0,2025-02-22,1,0.0,0.13,0.21,5,22,0,1,0,0.0,0.0
7,4727,3,True,0,2025-02-22,0,0.0,0.22,0.31,5,22,0,1,0,0.14285714285714285,0.0
7,4731,3,True,0,2025-02-22,0,0.0,0.26,0.34,5,22,0,1,0,0.14285714285714285,0.0
7,4732,3,True,0,2025-02-22,0,0.0,0.17,0.22,5,22,0,1,0,0.14285714285714285,0.0
7,4745,3,True,0,2025-02-22,1,0.0,0.2,0.27,5,22,0,1,0,0.14285714285714285,0.0
7,4747,3,True,0,2025-02-22,0,0.0,0.06,0.09,5,22,0,1,0,0.2857142857142857,0.0
7,4748,3,True,0,2025-02-22,0,0.0,0.16,0.17,5,22,0,1,0,0.2857142857142857,0.0
7,4755,3,True,0,2025-02-22,0,0.0,0.31,0.37,5,22,0,1,0,0.2857142857142857,0.0
7,4767,3,True,0,2025-02-22,0,0.0,0.1,0.1,5,22,0,1,0,0.14285714285714285,0.0
7,4773,3,True,0,2025-02-22,0,0.0,0.32,0.51,5,22,0,1,0,0.14285714285714285,0.0
7,4779,3,True,0,2025-02-22,0,0.0,0.04,0.07,5,22,0,1,0,0.14285714285714285,0.0
7,4791,3,True,0,2025-02-22,0,0.0,0.14,0.22,5,22,0,1,0,0.14285714285714285,0.0
7,4819,3,True,0,2025-02-22,0,0.0,0.26,0.13,5,22,0,1,0,0.0,0.0
7,4827,3,True,0,2025-02-22,0,0.0,0.26,0.28,5,22,0,1,0,0.0,0.0
7,4829,3,True,0,2025-02-22,0,0.0,0.25,0.3,5,22,0,1,0,0.0,0.0
7,4830,3,True,0,2025-02-22,1,0.0,0.53,0.59,5,22,0,1,0,0.0,0.0
7,4846,3,True,0,2025-02-22,0,0.0,0.19,0.22,5,22,0,1,0,0.14285714285714285,0.0
7,4860,3,True,0,2025-02-22,0,0.0,0.15,0.21,5,22,0,1,0,0.14285714285714285,0.0
7,4865,3,True,0,2025-02-22,1,0.0,0.24,0.27,5,22,0,1,0,0.14285714285714285,0.0
7,4866,3,True,0,2025-02-22,0,0.0,0.17,0.21,5,22,0,1,0,0.2857142857142857,0.0
7,4875,3,True,0,2025-02-22,0,0.0,0.18,0.27,5,22,0,1,0,0.2857142857142857,0.0
7,4882,3,True,0,2025-02-22,0,0.0,0.06,0.07,5,22,0,1,0,0.2857142857142857,0.0
7,4890,3,True,0,2025-02-22,0,0.0,0.08,0.12,5,22,0,1,0,0.2857142857142857,0.0
7,4891,3,True,0,2025-02-22,0,0.0,0.06,0.08,5,22,0,1,0,0.14285714285714285,0.0
7,4894,3,True,0,2025-02-22,0,0.0,0.41,0.49,5,22,0,1,0,0.14285714285714285,0.0
7,4896,3,True,0,2025-02-22,2,0.0,0.02,0.12,5,22,0,1,0,0.14285714285714285,0.0
7,4900,3,True,0,2025-02-22,0,0.0,0.07,0.09,5,22,0,1,0,0.2857142857142857,0.0
7,4909,3,True,0,2025-02-22,0,0.0,0.03,0.05,5,22,0,1,0,0.2857142857142857,0.0
7,4919,3,True,0,2025-02-22,0,0.0,0.14,0.16,5,22,0,1,0,0.2857142857142857,0.0
7,4923,3,True,0,2025-02-22,2,0.0,0.08,0.14,5,22,0,1,0,0.2857142857142857,0.0
7,4926,3,True,0,2025-02-22,0,0.0,0.11,0.16,5,22,0,1,0,0.5714285714285714,0.0
7,4946,3,True,0,2025-02-22,0,0.0,0.2,0.24,5,22,0,1,0,0.5714285714285714,0.0
7,4966,3,True,0,2025-02-22,0,0.0,0.02,0.03,5,22,0,1,0,0.5714285714285714,0.0
7,4969,3,True,0,2025-02-22,0,0.0,0.21,0.22,5,22,0,1,0,0.2857142857142857,0.0
7,4970,3,True,0,2025-02-22,0,0.0,0.12,0.16,5,22,0,1,0,0.2857142857142857,0.0
7,4979,3,True,0,2025-02-22,0,0.0,0.12,0.15,5,22,0,1,0,0.2857142857142857,0.0
7,4988,3,True,0,2025-02-22,0,0.0,0.21,0.26,5,22,0,1,0,0.2857142857142857,0.0
7,5013,3,True,0,2025-02-22,0,0.0,0.16,0.19,5,22,0,1,0,0.0,0.0
7,5032,3,True,0,2025-02-22,0,0.0,0.14,0.17,5,22,0,1,0,0.0,0.0
7,5033,3,True,0,2025-02-22,0,0.0,0.08,0.1,5,22,0,1,0,0.0,0.0
7,5042,3,True,0,2025-02-22,0,0.0,0.17,0.23,5,22,0,1,0,0.0,0.0
7,5045,3,True,0,2025-02-22,0,0.0,0.31,0.4,5,22,0,1,0,0.0,0.0
7,5046,3,True,0,2025-02-22,0,0.0,0.15,0.21,5,22,0,1,0,0.0,0.0
7,5056,3,True,0,2025-02-22,0,0.0,0.11,0.15,5,22,0,1,0,0.0,0.0
7,5058,3,True,0,2025-02-22,0,0.0,0.26,0.28,5,22,0,1,0,0.0,0.0
7,5062,3,True,0,2025-02-22,0,0.0,0.06,0.08,5,22,0,1,0,0.0,0.0
7,5064,3,True,0,2025-02-22,0,0.0,0.08,0.09,5,22,0,1,0,0.0,0.0
7,5068,3,True,0,2025-02-22,0,0.0,0.07,0.1,5,22,0,1,0,0.0,0.0
7,5073,3,True,0,2025-02-22,0,0.0,0.36,0.48,5,22,0,1,0,0.0,0.0
7,5078,3,True,0,2025-02-22,0,0.0,0.4,0.54,5,22,0,1,0,0.0,0.0
7,5080,3,True,0,2025-02-22,0,0.0,0.04,0.05,5,22,0,1,0,0.0,0.0
7,5086,3,True,0,2025-02-22,0,0.0,0.12,0.16,5,22,0,1,0,0.0,0.0
7,5106,3,True,0,2025-02-22,0,0.0,0.15,0.19,5,22,0,1,0,0.0,0.0
7,5109,3,True,0,2025-02-22,0,0.0,0.18,0.22,5,22,0,1,0,0.0,0.0
7,5115,3,True,0,2025-02-22,0,0.0,0.1,0.48,5,22,0,1,0,0.0,0.0
7,5133,3,True,0,2025-02-22,0,0.0,0.09,0.12,5,22,0,1,0,0.0,0.0
7,5137,3,True,0,2025-02-22,0,0.0,0.77,0.88,5,22,0,1,0,0.0,0.0
7,5148,3,True,0,2025-02-22,0,0.0,0.15,0.14,5,22,0,1,0,0.0,0.0
7,5156,3,True,0,2025-02-22,0,0.0,0.1,0.06,5,22,0,1,0,0.0,0.0
7,5159,3,True,0,2025-02-22,1,0.0,0.17,0.17,5,22,0,1,0,0.0,0.0
7,5161,3,True,0,2025-02-22,0,0.0,0.54,0.57,5,22,0,1,0,0.14285714285714285,0.0
7,5168,3,True,0,2025-02-22,0,0.0,0.27,0.37,5,22,0,1,0,0.14285714285714285,0.0
7,5174,3,True,0,2025-02-22,0,0.0,0.06,0.07,5,22,0,1,0,0.14285714285714285,0.0
7,5185,3,True,0,2025-02-22,0,0.0,0.16,0.2,5,22,0,1,0,0.14285714285714285,0.0
7,5190,3,True,0,2025-02-22,0,0.0,0.21,0.3,5,22,0,1,0,0.14285714285714285,0.0
7,5197,3,True,0,2025-02-22,0,0.0,0.15,0.18,5,22,0,1,0,0.14285714285714285,0.0
7,5206,3,True,0,2025-02-22,0,0.0,0.06,0.09,5,22,0,1,0,0.14285714285714285,0.0
7,5218,3,True,0,2025-02-22,0,0.0,0.27,0.33,5,22,0,1,0,0.0,0.0
7,5219,3,True,0,2025-02-22,0,0.0,0.09,0.12,5,22,0,1,0,0.0,0.0
7,5232,3,True,0,2025-02-22,0,0.0,0.21,0.27,5,22,0,1,0,0.0,0.0
7,5236,3,True,0,2025-02-22,0,0.0,0.12,0.15,5,22,0,1,0,0.0,0.0
7,5238,3,True,0,2025-02-22,0,0.0,0.16,0.17,5,22,0,1,0,0.0,0.0
7,5249,3,True,0,2025-02-22,0,0.0,0.17,0.06,5,22,0,1,0,0.0,0.0
7,5255,3,True,0,2025-02-22,0,0.0,0.18,0.24,5,22,0,1,0,0.0,0.0
7,5256,3,True,0,2025-02-22,0,0.0,0.11,0.15,5,22,0,1,0,0.0,0.0
7,5264,3,True,0,2025-02-22,0,0.0,0.12,0.16,5,22,0,1,0,0.0,0.0
7,5265,3,True,0,2025-02-22,0,0.0,0.21,0.27,5,22,0,1,0,0.0,0.0
7,5282,3,True,0,2025-02-22,0,0.0,0.38,0.45,5,22,0,1,0,0.0,0.0
7,6,4,False,0,2025-02-22,1,0.0,0.07,0.08,5,22,0,1,0,0.0,0.0
7,7,4,False,0,2025-02-22,0,0.0,0.02,0.03,5,22,0,1,0,0.14285714285714285,0.0
7,32,4,False,0,2025-02-22,0,0.0,0.02,0.03,5,22,0,1,0,0.14285714285714285,0.0
7,36,4,False,0,2025-02-22,3,0.0,0.04,0.07,5,22,0,1,0,0.14285714285714285,0.0
7,41,4,False,0,2025-02-22,0,0.0,0.02,0.04,5,22,0,1,0,0.5714285714285714,0.0
7,66,4,False,0,2025-02-22,3,0.0,0.01,0.02,5,22,0,1,0,0.5714285714285714,0.0
7,85,4,False,0,2025-02-22,2,0.0,0.03,0.04,5,22,0,1,0,1.0,0.0
7,95,4,False,0,2025-02-22,2,0.0,0.06,0.09,5,22,0,1,0,1.2857142857142858,0.0
7,119,4,False,0,2025-02-22,1,0.0,0.05,0.07,5,22,0,1,0,1.4285714285714286,0.0
7,120,4,False,0,2025-02-22,0,0.0,0.02,0.02,5,22,0,1,0,1.5714285714285714,0.0
7,125,4,False,0,2025-02-22,5,0.0,0.01,0.01,5,22,0,1,0,1.5714285714285714,0.0
7,126,4,False,0,2025-02-22,0,0.0,0.03,0.03,5,22,0,1,0,1.8571428571428572,0.0
7,132,4,False,0,2025-02-22,1,0.0,0.05,0.06,5,22,0,1,0,1.8571428571428572,0.0
7,158,4,False,0,2025-02-22,3,0.0,0.05,0.04,5,22,0,1,0,1.5714285714285714,0.0
7,189,4,False,0,2025-02-22,1,0.0,0.07,0.12,5,22,0,1,0,1.7142857142857142,0.0
7,193,4,False,0,2025-02-22,0,0.0,0.02,0.03,5,22,0,1,0,1.5714285714285714,0.0
7,217,4,False,0,2025-02-22,0,0.0,0.01,0.01,5,22,0,1,0,1.4285714285714286,0.0
7,221,4,False,0,2025-02-22,0,0.0,0.06,0.12,5,22,0,1,0,1.4285714285714286,0.0
7,225,4,False,0,2025-02-22,2,0.0,0.05,0.08,5,22,0,1,0,0.7142857142857143,0.0
7,252,4,False,0,2025-02-22,2,0.0,0.03,0.06,5,22,0,1,0,1.0,0.0
7,253,4,False,0,2025-02-22,2,0.0,0.09,0.13,5,22,0,1,0,1.1428571428571428,0.0
7,267,4,False,0,2025-02-22,2,0.0,0.11,0.15,5,22,0,1,0,1.0,0.0
7,286,4,False,0,2025-02-22,3,0.0,0.04,0.06,5,22,0,1,0,1.1428571428571428,0.0
7,291,4,False,0,2025-02-22,0,0.0,0.07,0.09,5,22,0,1,0,1.5714285714285714,0.0
7,318,4,False,0,2025-02-22,2,0.0,0.05,0.07,5,22,0,1,0,1.5714285714285714,0.0
7,321,4,False,0,2025-02-22,2,0.0,0.12,0.17,5,22,0,1,0,1.8571428571428572,0.0
7,329,4,False,0,2025-02-22,2,0.0,0.03,0.05,5,22,0,1,0,1.8571428571428572,0.0
7,336,4,False,0,2025-02-22,2,0.0,0.12,0.16,5,22,0,1,0,1.8571428571428572,0.0
7,346,4,False,0,2025-02-22,0,0.0,0.03,0.03,5,22,0,1,0,1.8571428571428572,0.0
7,354,4,False,0,2025-02-22,2,0.0,0.13,0.2,5,22,0,1,0,1.5714285714285714,0.0
7,359,4,False,0,2025-02-22,1,0.0,0.03,0.03,5,22,0,1,0,1.4285714285714286,0.0
7,360,4,False,0,2025-02-22,1,0.0,0.06,0.09,5,22,0,1,0,1.5714285714285714,0.0
7,368,4,False,0,2025-02-22,3,0.0,0.04,0.07,5,22,0,1,0,1.4285714285714286,0.0
7,388,4,False,0,2025-02-22,6,0.0,0.08,0.11,5,22,0,1,0,1.5714285714285714,0.0
7,416,4,False,0,2025-02-22,1,0.0,0.1,0.12,5,22,0,1,0,2.142857142857143,0.0
7,428,4,False,0,2025-02-22,2,0.0,0.02,0.03,5,22,0,1,0,2.0,0.0
7,434,4,False,0,2025-02-22,0,0.0,0.03,0.04,5,22,0,1,0,2.2857142857142856,0.0
7,438,4,False,0,2025-02-22,1,0.0,0.04,0.05,5,22,0,1,0,2.0,0.0
7,441,4,False,0,2025-02-22,2,0.0,0.04,0.05,5,22,0,1,0,2.0,0.0
7,446,4,False,0,2025-02-22,0,0.0,0.03,0.04,5,22,0,1,0,2.142857142857143,0.0
7,454,4,False,0,2025-02-22,0,0.0,0.02,0.03,5,22,0,1,0,1.7142857142857142,0.0
7,457,4,False,0,2025-02-22,1,0.0,0.01,0.02,5,22,0,1,0,0.8571428571428571,0.0
7,467,4,False,0,2025-02-22,0,0.0,0.01,0.02,5,22,0,1,0,0.8571428571428571,0.0
7,474,4,False,0,2025-02-22,11,0.0,0.08,0.11,5,22,0,1,0,0.5714285714285714,0.0
7,481,4,False,0,2025-02-22,1,0.0,0.13,0.15,5,22,0,1,0,2.142857142857143,0.0
7,498,4,False,0,2025-02-22,2,0.0,0.13,0.18,5,22,0,1,0,2.142857142857143,0.0
7,505,4,False,0,2025-02-22,0,0.0,0.04,0.05,5,22,0,1,0,2.142857142857143,0.0
7,510,4,False,0,2025-02-22,1,0.0,0.03,0.05,5,22,0,1,0,2.142857142857143,0.0
7,515,4,False,0,2025-02-22,1,0.0,0.03,0.04,5,22,0,1,0,2.2857142857142856,0.0
7,528,4,False,0,2025-02-22,2,0.0,0.05,0.1,5,22,0,1,0,2.2857142857142856,0.0
7,556,4,False,0,2025-02-22,0,0.0,0.02,0.03,5,22,0,1,0,2.5714285714285716,0.0
7,565,4,False,0,2025-02-22,2,0.0,0.08,0.12,5,22,0,1,0,1.0,0.0
7,574,4,False,0,2025-02-22,1,0.0,0.15,0.21,5,22,0,1,0,1.1428571428571428,0.0
7,576,4,False,0,2025-02-22,0,0.0,0.04,0.05,5,22,0,1,0,1.0,0.0
7,587,4,False,0,2025-02-22,0,0.0,0.07,0.11,5,22,0,1,0,1.0,0.0
7,603,4,False,0,2025-02-22,0,0.0,0.06,0.09,5,22,0,1,0,0.8571428571428571,0.0
7,624,4,False,0,2025-02-22,1,0.0,0.05,0.06,5,22,0,1,0,0.7142857142857143,0.0
7,626,4,False,0,2025-02-22,2,0.0,0.01,0.02,5,22,0,1,0,0.5714285714285714,0.0
7,644,4,False,0,2025-02-22,2,0.0,0.09,0.14,5,22,0,1,0,0.8571428571428571,0.0
7,652,4,False,0,2025-02-22,2,0.0,0.04,0.08,5,22,0,1,0,0.8571428571428571,0.0
7,660,4,False,0,2025-02-22,3,0.0,0.06,0.12,5,22,0,1,0,1.0,0.0
7,665,4,False,0,2025-02-22,0,0.0,0.04,0.05,5,22,0,1,0,1.4285714285714286,0.0
7,666,4,False,0,2025-02-22,0,0.0,0.04,0.07,5,22,0,1,0,1.4285714285714286,0.0
7,672,4,False,0,2025-02-22,0,0.0,0.04,0.06,5,22,0,1,0,1.4285714285714286,0.0
7,692,4,False,0,2025-02-22,1,0.0,0.02,0.04,5,22,0,1,0,1.2857142857142858,0.0
7,707,4,False,0,2025-02-22,2,0.0,0.06,0.08,5,22,0,1,0,1.1428571428571428,0.0
7,721,4,False,0,2025-02-22,0,0.0,0.03,0.03,5,22,0,1,0,1.1428571428571428,0.0
7,722,4,False,0,2025-02-22,2,0.0,0.09,0.12,5,22,0,1,0,0.8571428571428571,0.0
7,732,4,False,0,2025-02-22,2,0.0,0.06,0.08,5,22,0,1,0,0.7142857142857143,0.0
7,735,4,False,0,2025-02-22,1,0.0,0.03,0.04,5,22,0,1,0,1.0,0.0
7,737,4,False,0,2025-02-22,0,0.0,0.07,0.1,5,22,0,1,0,1.1428571428571428,0.0
7,765,4,False,0,2025-02-22,3,0.0,0.02,0.04,5,22,0,1,0,1.1428571428571428,0.0
7,773,4,False,0,2025-02-22,0,0.0,0.0,0.01,5,22,0,1,0,1.4285714285714286,0.0
7,801,4,False,0,2025-02-22,0,0.0,0.01,0.01,5,22,0,1,0,1.1428571428571428,0.0
7,814,4,False,0,2025-02-22,2,0.0,0.09,0.13,5,22,0,1,0,1.1428571428571428,0.0
7,817,4,False,0,2025-02-22,2,0.0,0.05,0.07,5,22,0,1,0,1.1428571428571428,0.0
7,822,4,False,0,2025-02-22,4,0.0,0.03,0.06,5,22,0,1,0,1.1428571428571428,0.0
7,823,4,False,0,2025-02-22,0,0.0,0.03,0.04,5,22,0,1,0,1.5714285714285714,0.0
7,834,4,False,0,2025-02-22,0,0.0,0.22,0.22,5,22,0,1,0,1.5714285714285714,0.0
7,851,4,False,0,2025-02-22,0,0.0,0.06,0.07,5,22,0,1,0,1.1428571428571428,0.0
7,860,4,False,0,2025-02-22,1,0.0,0.02,0.03,5,22,0,1,0,1.1428571428571428,0.0
7,878,4,False,0,2025-02-22,1,0.0,0.16,0.31,5,22,0,1,0,1.2857142857142858,0.0
7,896,4,False,0,2025-02-22,1,0.0,0.13,0.14,5,22,0,1,0,1.1428571428571428,0.0
7,910,4,False,0,2025-02-22,0,0.0,0.01,0.02,5,22,0,1,0,1.0,0.0
7,912,4,False,0,2025-02-22,2,0.0,0.14,0.24,5,22,0,1,0,0.42857142857142855,0.0
7,918,4,False,0,2025-02-22,2,0.0,0.07,0.09,5,22,0,1,0,0.7142857142857143,0.0
7,925,4,False,0,2025-02-22,0,0.0,0.01,0.02,5,22,0,1,0,1.0,0.0
7,928,4,False,0,2025-02-22,2,0.0,0.03,0.05,5,22,0,1,0,1.0,0.0
7,936,4,False,0,2025-02-22,1,0.0,0.03,0.05,5,22,0,1,0,1.1428571428571428,0.0
7,962,4,False,0,2025-02-22,2,0.0,0.04,0.05,5,22,0,1,0,1.1428571428571428,0.0
7,987,4,False,0,2025-02-22,0,0.0,0.02,0.03,5,22,0,1,0,1.2857142857142858,0.0
7,991,4,False,0,2025-02-22,1,0.0,0.02,0.03,5,22,0,1,0,1.2857142857142858,0.0
7,995,4,False,0,2025-02-22,2,0.0,0.03,0.05,5,22,0,1,0,1.1428571428571428,0.0
7,1032,4,False,0,2025-02-22,2,0.0,0.13,0.17,5,22,0,1,0,1.1428571428571428,0.0
7,1035,4,False,0,2025-02-22,1,0.0,0.03,0.04,5,22,0,1,0,1.4285714285714286,0.0
7,1091,4,False,0,2025-02-22,2,0.0,0.06,0.09,5,22,0,1,0,1.2857142857142858,0.0
7,1101,4,False,0,2025-02-22,1,0.0,0.03,0.04,5,22,0,1,0,1.4285714285714286,0.0
7,1113,4,False,0,2025-02-22,0,0.0,0.03,0.03,5,22,0,1,0,1.2857142857142858,0.0
7,1121,4,False,0,2025-02-22,2,0.0,0.04,0.06,5,22,0,1,0,1.2857142857142858,0.0
7,1129,4,False,0,2025-02-22,4,0.0,0.01,0.01,5,22,0,1,0,1.4285714285714286,0.0
7,1130,4,False,0,2025-02-22,3,0.0,0.04,0.06,5,22,0,1,0,1.7142857142857142,0.0
7,1144,4,False,0,2025-02-22,2,0.0,0.12,0.2,5,22,0,1,0,1.8571428571428572,0.0
7,1151,4,False,0,2025-02-22,0,0.0,0.01,0.02,5,22,0,1,0,2.0,0.0
7,1165,4,False,0,2025-02-22,2,0.0,0.02,0.02,5,22,0,1,0,1.7142857142857142,0.0
7,1187,4,False,0,2025-02-22,3,0.0,0.01,0.02,5,22,0,1,0,1.8571428571428572,0.0
7,1210,4,False,0,2025-02-22,4,0.0,0.01,0.01,5,22,0,1,0,2.2857142857142856,0.0
7,1211,4,False,0,2025-02-22,2,0.0,0.1,0.12,5,22,0,1,0,2.5714285714285716,0.0
7,1218,4,False,0,2025-02-22,6,0.0,0.04,0.06,5,22,0,1,0,2.2857142857142856,0.0
7,1230,4,False,0,2025-02-22,1,0.0,0.06,0.07,5,22,0,1,0,2.7142857142857144,0.0
7,1234,4,False,0,2025-02-22,0,0.0,0.18,0.24,5,22,0,1,0,2.5714285714285716,0.0
7,1239,4,False,0,2025-02-22,2,0.0,0.09,0.12,5,22,0,1,0,2.5714285714285716,0.0
7,1255,4,False,0,2025-02-22,0,0.0,0.03,0.04,5,22,0,1,0,2.5714285714285716,0.0
7,1272,4,False,0,2025-02-22,0,0.0,0.02,0.03,5,22,0,1,0,2.142857142857143,0.0
7,1275,4,False,0,2025-02-22,3,0.0,0.01,0.03,5,22,0,1,0,1.5714285714285714,0.0
7,1277,4,False,0,2025-02-22,0,0.0,0.05,0.07,5,22,0,1,0,1.7142857142857142,0.0
7,1282,4,False,0,2025-02-22,1,0.0,0.17,0.25,5,22,0,1,0,0.8571428571428571,0.0
7,1283,4,False,0,2025-02-22,2,0.0,0.04,0.07,5,22,0,1,0,0.8571428571428571,0.0
7,1351,4,False,0,2025-02-22,2,0.0,0.08,0.11,5,22,0,1,0,1.1428571428571428,0.0
7,1352,4,False,0,2025-02-22,2,0.0,0.03,0.05,5,22,0,1,0,1.1428571428571428,0.0
7,1368,4,False,0,2025-02-22,6,0.0,0.03,0.05,5,22,0,1,0,1.4285714285714286,0.0
7,1381,4,False,0,2025-02-22,2,0.0,0.05,0.07,5,22,0,1,0,2.2857142857142856,0.0
7,1397,4,False,0,2025-02-22,0,0.0,0.05,0.09,5,22,0,1,0,2.142857142857143,0.0
7,1408,4,False,0,2025-02-22,1,0.0,0.12,0.16,5,22,0,1,0,2.142857142857143,0.0
7,1434,4,False,0,2025-02-22,3,0.0,0.03,0.03,5,22,0,1,0,2.142857142857143,0.0
7,1437,4,False,0,2025-02-22,0,0.0,0.04,0.07,5,22,0,1,0,2.2857142857142856,0.0
7,1438,4,False,0,2025-02-22,0,0.0,0.36,0.42,5,22,0,1,0,2.0,0.0
7,1444,4,False,0,2025-02-22,2,0.0,0.02,0.03,5,22,0,1,0,1.7142857142857142,0.0
7,1452,4,False,0,2025-02-22,2,0.0,0.05,0.08,5,22,0,1,0,1.1428571428571428,0.0
7,1454,4,False,0,2025-02-22,0,0.0,0.03,0.04,5,22,0,1,0,1.1428571428571428,0.0
7,1461,4,False,0,2025-02-22,0,0.0,0.02,0.04,5,22,0,1,0,1.1428571428571428,0.0
7,1467,4,False,0,2025-02-22,1,0.0,0.06,0.08,5,22,0,1,0,1.0,0.0
7,1475,4,False,0,2025-02-22,0,0.0,0.06,0.08,5,22,0,1,0,0.7142857142857143,0.0
7,1487,4,False,0,2025-02-22,3,0.0,0.05,0.07,5,22,0,1,0,0.7142857142857143,0.0
7,1490,4,False,0,2025-02-22,1,0.0,0.12,0.18,5,22,0,1,0,1.1428571428571428,0.0
7,1501,4,False,0,2025-02-22,2,0.0,0.02,0.03,5,22,0,1,0,1.0,0.0
7,1516,4,False,0,2025-02-22,3,0.0,0.03,0.04,5,22,0,1,0,1.0,0.0
7,1524,4,False,0,2025-02-22,2,0.0,0.06,0.09,5,22,0,1,0,1.4285714285714286,0.0
7,1527,4,False,0,2025-02-22,2,0.0,0.08,0.13,5,22,0,1,0,1.7142857142857142,0.0
7,1532,4,False,0,2025-02-22,0,0.0,0.03,0.05,5,22,0,1,0,1.8571428571428572,0.0
7,1552,4,False,0,2025-02-22,2,0.0,0.17,0.21,5,22,0,1,0,1.8571428571428572,0.0
7,1554,4,False,0,2025-02-22,0,0.0,0.03,0.04,5,22,0,1,0,1.7142857142857142,0.0
7,1565,4,False,0,2025-02-22,0,0.0,0.05,0.09,5,22,0,1,0,1.5714285714285714,0.0
7,1571,4,False,0,2025-02-22,1,0.0,0.09,0.13,5,22,0,1,0,1.2857142857142858,0.0
7,1575,4,False,0,2025-02-22,0,0.0,0.18,0.27,5,22,0,1,0,1.0,0.0
7,1589,4,False,0,2025-02-22,0,0.0,0.02,0.04,5,22,0,1,0,0.7142857142857143,0.0
7,1601,4,False,0,2025-02-22,2,0.0,0.1,0.2,5,22,0,1,0,0.42857142857142855,0.0
7,1608,4,False,0,2025-02-22,3,0.0,0.05,0.07,5,22,0,1,0,0.7142857142857143,0.0
7,1612,4,False,0,2025-02-22,1,0.0,0.06,0.07,5,22,0,1,0,0.8571428571428571,0.0
7,1623,4,False,0,2025-02-22,4,0.0,0.03,0.04,5,22,0,1,0,1.0,0.0
7,1637,4,False,0,2025-02-22,1,0.0,0.07,0.09,5,22,0,1,0,1.5714285714285714,0.0
7,1647,4,False,0,2025-02-22,1,0.0,0.09,0.12,5,22,0,1,0,1.5714285714285714,0.0
7,1655,4,False,0,2025-02-22,1,0.0,0.06,0.07,5,22,0,1,0,1.7142857142857142,0.0
7,1674,4,False,0,2025-02-22,0,0.0,0.04,0.06,5,22,0,1,0,1.8571428571428572,0.0
7,1676,4,False,0,2025-02-22,0,0.0,0.02,0.03,5,22,0,1,0,1.5714285714285714,0.0
7,1707,4,False,0,2025-02-22,0,0.0,0.01,0.02,5,22,0,1,0,1.1428571428571428,0.0
7,1712,4,False,0,2025-02-22,0,0.0,0.13,0.17,5,22,0,1,0,1.0,0.0
7,1742,4,False,0,2025-02-22,4,0.0,0.05,0.08,5,22,0,1,0,0.42857142857142855,0.0
7,1743,4,False,0,2025-02-22,0,0.0,0.05,0.07,5,22,0,1,0,0.8571428571428571,0.0
7,1747,4,False,0,2025-02-22,0,0.0,0.02,0.03,5,22,0,1,0,0.7142857142857143,0.0
7,1757,4,False,0,2025-02-22,3,0.0,0.01,0.02,5,22,0,1,0,0.5714285714285714,0.0
7,1761,4,False,0,2025-02-22,1,0.0,0.04,0.06,5,22,0,1,0,1.0,0.0
7,1768,4,False,0,2025-02-22,2,0.0,0.07,0.1,5,22,0,1,0,1.1428571428571428,0.0
7,1773,4,False,0,2025-02-22,2,0.0,0.04,0.06,5,22,0,1,0,1.4285714285714286,0.0
7,1780,4,False,0,2025-02-22,2,0.0,0.02,0.04,5,22,0,1,0,1.7142857142857142,0.0
7,1809,4,False,0,2025-02-22,0,0.0,0.01,0.01,5,22,0,1,0,1.4285714285714286,0.0
7,1820,4,False,0,2025-02-22,0,0.0,0.03,0.06,5,22,0,1,0,1.4285714285714286,0.0
7,1825,4,False,0,2025-02-22,0,0.0,0.06,0.09,5,22,0,1,0,1.4285714285714286,0.0
7,1833,4,False,0,2025-02-22,0,0.0,0.04,0.06,5,22,0,1,0,1.0,0.0
7,1848,4,False,0,2025-02-22,6,0.0,0.01,0.06,5,22,0,1,0,0.8571428571428571,0.0
7,1854,4,False,0,2025-02-22,0,0.0,0.03,0.05,5,22,0,1,0,1.4285714285714286,0.0
7,1864,4,False,0,2025-02-22,3,0.0,0.07,0.11,5,22,0,1,0,1.1428571428571428,0.0
7,1898,4,False,0,2025-02-22,0,0.0,0.08,0.13,5,22,0,1,0,1.2857142857142858,0.0
7,1909,4,False,0,2025-02-22,0,0.0,0.1,0.11,5,22,0,1,0,1.2857142857142858,0.0
7,1910,4,False,0,2025-02-22,0,0.0,0.09,0.16,5,22,0,1,0,1.2857142857142858,0.0
7,1921,4,False,0,2025-02-22,0,0.0,0.03,0.05,5,22,0,1,0,1.2857142857142858,0.0
7,1929,4,False,0,2025-02-22,3,0.0,0.01,0.02,5,22,0,1,0,1.2857142857142858,0.0
7,1935,4,False,0,2025-02-22,0,0.0,0.01,0.02,5,22,0,1,0,0.8571428571428571,0.0
7,1944,4,False,0,2025-02-22,3,0.0,0.07,0.09,5,22,0,1,0,0.8571428571428571,0.0
7,1948,4,False,0,2025-02-22,2,0.0,0.09,0.09,5,22,0,1,0,0.8571428571428571,0.0
7,1953,4,False,0,2025-02-22,4,0.0,0.03,0.05,5,22,0,1,0,1.1428571428571428,0.0
7,1955,4,False,0,2025-02-22,2,0.0,0.13,0.16,5,22,0,1,0,1.7142857142857142,0.0
7,1970,4,False,0,2025-02-22,1,0.0,0.07,0.11,5,22,0,1,0,2.0,0.0
7,1973,4,False,0,2025-02-22,0,0.0,0.03,0.04,5,22,0,1,0,2.142857142857143,0.0
7,1982,4,False,0,2025-02-22,0,0.0,0.01,0.02,5,22,0,1,0,1.7142857142857142,0.0
7,2000,4,False,0,2025-02-22,1,0.0,0.13,0.18,5,22,0,1,0,1.7142857142857142,0.0
7,2021,4,False,0,2025-02-22,0,0.0,0.01,0.02,5,22,0,1,0,1.4285714285714286,0.0
7,2030,4,False,0,2025-02-22,1,0.0,0.09,0.12,5,22,0,1,0,1.1428571428571428,0.0
7,2034,4,False,0,2025-02-22,5,0.0,0.03,0.04,5,22,0,1,0,0.7142857142857143,0.0
7,2036,4,False,0,2025-02-22,1,0.0,0.13,0.15,5,22,0,1,0,1.1428571428571428,0.0
7,2038,4,False,0,2025-02-22,2,0.0,0.11,0.15,5,22,0,1,0,1.1428571428571428,0.0
7,2053,4,False,0,2025-02-22,2,0.0,0.2,0.27,5,22,0,1,0,1.4285714285714286,0.0
7,2077,4,False,0,2025-02-22,8,0.0,0.02,0.04,5,22,0,1,0,1.7142857142857142,0.0
7,2091,4,False,0,2025-02-22,2,0.0,0.11,0.16,5,22,0,1,0,2.7142857142857144,0.0
7,2106,4,False,0,2025-02-22,1,0.0,0.12,0.2,5,22,0,1,0,3.0,0.0
7,2119,4,False,0,2025-02-22,0,0.0,0.09,0.11,5,22,0,1,0,3.0,0.0
7,2152,4,False,0,2025-02-22,3,0.0,0.05,0.07,5,22,0,1,0,2.2857142857142856,0.0
7,2163,4,False,0,2025-02-22,1,0.0,0.07,0.09,5,22,0,1,0,2.5714285714285716,0.0
7,2172,4,False,0,2025-02-22,0,0.0,0.06,0.07,5,22,0,1,0,2.4285714285714284,0.0
7,2181,4,False,0,2025-02-22,0,0.0,0.05,0.07,5,22,0,1,0,2.142857142857143,0.0
7,2196,4,False,0,2025-02-22,2,0.0,0.03,0.05,5,22,0,1,0,1.0,0.0
7,2204,4,False,0,2025-02-22,0,0.0,0.04,0.04,5,22,0,1,0,1.0,0.0
7,2217,4,False,0,2025-02-22,0,0.0,0.01,0.01,5,22,0,1,0,0.8571428571428571,0.0
7,2242,4,False,0,2025-02-22,3,0.0,0.06,0.11,5,22,0,1,0,0.8571428571428571,0.0
7,2244,4,False,0,2025-02-22,2,0.0,0.03,0.05,5,22,0,1,0,0.8571428571428571,0.0
7,2278,4,False,0,2025-02-22,1,0.0,0.09,0.13,5,22,0,1,0,1.0,0.0
7,2313,4,False,0,2025-02-22,2,0.0,0.01,0.02,5,22,0,1,0,1.1428571428571428,0.0
7,2334,4,False,0,2025-02-22,2,0.0,0.1,0.12,5,22,0,1,0,1.4285714285714286,0.0
7,2336,4,False,0,2025-02-22,1,0.0,0.04,0.05,5,22,0,1,0,1.4285714285714286,0.0
7,2342,4,False,0,2025-02-22,1,0.0,0.02,0.02,5,22,0,1,0,1.5714285714285714,0.0
7,2363,4,False,0,2025-02-22,0,0.0,0.07,0.09,5,22,0,1,0,1.7142857142857142,0.0
7,2375,4,False,0,2025-02-22,2,0.0,0.05,0.07,5,22,0,1,0,1.2857142857142858,0.0
7,2389,4,False,0,2025-02-22,0,0.0,0.04,0.04,5,22,0,1,0,1.2857142857142858,0.0
7,2390,4,False,0,2025-02-22,3,0.0,0.03,0.04,5,22,0,1,0,1.1428571428571428,0.0
7,2403,4,False,0,2025-02-22,3,0.0,0.03,0.05,5,22,0,1,0,1.2857142857142858,0.0
7,2410,4,False,0,2025-02-22,2,0.0,0.03,0.05,5,22,0,1,0,1.4285714285714286,0.0
7,2421,4,False,0,2025-02-22,0,0.0,0.02,0.02,5,22,0,1,0,1.5714285714285714,0.0
7,2434,4,False,0,2025-02-22,0,0.0,0.03,0.04,5,22,0,1,0,1.4285714285714286,0.0
7,2444,4,False,0,2025-02-22,1,0.0,0.06,0.07,5,22,0,1,0,1.4285714285714286,0.0
7,2445,4,False,0,2025-02-22,1,0.0,0.06,0.08,5,22,0,1,0,1.2857142857142858,0.0
7,2451,4,False,0,2025-02-22,0,0.0,0.02,0.04,5,22,0,1,0,1.4285714285714286,0.0
7,2453,4,False,0,2025-02-22,2,0.0,0.04,0.05,5,22,0,1,0,1.0,0.0
7,2488,4,False,0,2025-02-22,1,0.0,0.16,0.2,5,22,0,1,0,0.8571428571428571,0.0
7,2494,4,False,0,2025-02-22,0,0.0,0.04,0.06,5,22,0,1,0,0.7142857142857143,0.0
7,2512,4,False,0,2025-02-22,2,0.0,0.05,0.08,5,22,0,1,0,0.7142857142857143,0.0
7,2525,4,False,0,2025-02-22,2,0.0,0.11,0.15,5,22,0,1,0,1.0,0.0
7,2529,4,False,0,2025-02-22,1,0.0,0.03,0.05,5,22,0,1,0,1.1428571428571428,0.0
7,2531,4,False,0,2025-02-22,2,0.0,0.03,0.04,5,22,0,1,0,1.1428571428571428,0.0
7,2542,4,False,0,2025-02-22,0,0.0,0.02,0.03,5,22,0,1,0,1.4285714285714286,0.0
7,2556,4,False,0,2025-02-22,0,0.0,0.08,0.1,5,22,0,1,0,1.1428571428571428,0.0
7,2559,4,False,0,2025-02-22,0,0.0,0.03,0.05,5,22,0,1,0,1.0,0.0
7,2564,4,False,0,2025-02-22,0,0.0,0.01,0.02,5,22,0,1,0,1.0,0.0
7,2571,4,False,0,2025-02-22,2,0.0,0.14,0.14,5,22,0,1,0,0.7142857142857143,0.0
7,2589,4,False,0,2025-02-22,2,0.0,0.05,0.06,5,22,0,1,0,0.7142857142857143,0.0
7,2603,4,False,0,2025-02-22,3,0.0,0.1,0.15,5,22,0,1,0,0.8571428571428571,0.0
7,2610,4,False,0,2025-02-22,3,0.0,0.05,0.07,5,22,0,1,0,1.0,0.0
7,2613,4,False,0,2025-02-22,2,0.0,0.1,0.12,5,22,0,1,0,1.4285714285714286,0.0
7,2616,4,False,0,2025-02-22,0,0.0,0.02,0.04,5,22,0,1,0,1.7142857142857142,0.0
7,2623,4,False,0,2025-02-22,2,0.0,0.07,0.04,5,22,0,1,0,1.7142857142857142,0.0
7,2628,4,False,0,2025-02-22,0,0.0,0.04,0.06,5,22,0,1,0,2.0,0.0
7,2635,4,False,0,2025-02-22,0,0.0,0.03,0.04,5,22,0,1,0,1.7142857142857142,0.0
7,2638,4,False,0,2025-02-22,0,0.0,0.02,0.03,5,22,0,1,0,1.4285714285714286,0.0
7,2639,4,False,0,2025-02-22,0,0.0,0.03,0.05,5,22,0,1,0,1.0,0.0
7,2643,4,False,0,2025-02-22,1,0.0,0.09,0.12,5,22,0,1,0,0.5714285714285714,0.0
7,2651,4,False,0,2025-02-22,2,0.0,0.07,0.13,5,22,0,1,0,0.42857142857142855,0.0
7,2653,4,False,0,2025-02-22,3,0.0,0.04,0.05,5,22,0,1,0,0.7142857142857143,0.0
7,2655,4,False,0,2025-02-22,2,0.0,0.12,0.13,5,22,0,1,0,0.8571428571428571,0.0
7,2667,4,False,0,2025-02-22,1,0.0,0.14,0.22,5,22,0,1,0,1.1428571428571428,0.0
7,2670,4,False,0,2025-02-22,2,0.0,0.09,0.1,5,22,0,1,0,1.2857142857142858,0.0
7,2671,4,False,0,2025-02-22,0,0.0,0.02,0.03,5,22,0,1,0,1.5714285714285714,0.0
7,2679,4,False,0,2025-02-22,2,0.0,0.03,0.05,5,22,0,1,0,1.5714285714285714,0.0
7,2690,4,False,0,2025-02-22,2,0.0,0.09,0.11,5,22,0,1,0,1.7142857142857142,0.0
7,2701,4,False,0,2025-02-22,2,0.0,0.11,0.12,5,22,0,1,0,1.7142857142857142,0.0
7,2704,4,False,0,2025-02-22,3,0.0,0.06,0.09,5,22,0,1,0,1.5714285714285714,0.0
7,2709,4,False,0,2025-02-22,0,0.0,0.04,0.06,5,22,0,1,0,1.7142857142857142,0.0
7,2729,4,False,0,2025-02-22,2,0.0,0.1,0.13,5,22,0,1,0,1.5714285714285714,0.0
7,2748,4,False,0,2025-02-22,3,0.0,0.04,0.05,5,22,0,1,0,1.5714285714285714,0.0
7,2760,4,False,0,2025-02-22,0,0.0,0.04,0.06,5,22,0,1,0,2.0,0.0
7,2763,4,False,0,2025-02-22,4,0.0,0.05,0.06,5,22,0,1,0,1.7142857142857142,0.0
7,2774,4,False,0,2025-02-22,0,0.0,0.01,0.01,5,22,0,1,0,2.0,0.0
7,2775,4,False,0,2025-02-22,3,0.0,0.03,0.05,5,22,0,1,0,1.7142857142857142,0.0
7,2780,4,False,0,2025-02-22,1,0.0,0.16,0.22,5,22,0,1,0,1.7142857142857142,0.0
7,2781,4,False,0,2025-02-22,2,0.0,0.05,0.08,5,22,0,1,0,1.8571428571428572,0.0
7,2785,4,False,0,2025-02-22,0,0.0,0.04,0.05,5,22,0,1,0,1.8571428571428572,0.0
7,2813,4,False,0,2025-02-22,1,0.0,0.12,0.12,5,22,0,1,0,1.4285714285714286,0.0
7,2820,4,False,0,2025-02-22,0,0.0,0.15,0.22,5,22,0,1,0,1.5714285714285714,0.0
7,2839,4,False,0,2025-02-22,2,0.0,0.03,0.08,5,22,0,1,0,1.0,0.0
7,2845,4,False,0,2025-02-22,2,0.0,0.1,0.12,5,22,0,1,0,1.2857142857142858,0.0
7,2851,4,False,0,2025-02-22,0,0.0,0.01,0.01,5,22,0,1,0,1.1428571428571428,0.0
7,2853,4,False,0,2025-02-22,0,0.0,0.01,0.01,5,22,0,1,0,1.0,0.0
7,2856,4,False,0,2025-02-22,0,0.0,0.02,0.04,5,22,0,1,0,0.7142857142857143,0.0
7,2872,4,False,0,2025-02-22,0,0.0,0.02,0.03,5,22,0,1,0,0.7142857142857143,0.0
7,2891,4,False,0,2025-02-22,0,0.0,0.01,0.03,5,22,0,1,0,0.5714285714285714,0.0
7,2897,4,False,0,2025-02-22,0,0.0,0.04,0.06,5,22,0,1,0,0.5714285714285714,0.0
7,2903,4,False,0,2025-02-22,2,0.0,0.04,0.05,5,22,0,1,0,0.2857142857142857,0.0
7,2916,4,False,0,2025-02-22,1,0.0,0.1,0.14,5,22,0,1,0,0.2857142857142857,0.0
7,2923,4,False,0,2025-02-22,2,0.0,0.15,0.2,5,22,0,1,0,0.42857142857142855,0.0
7,2930,4,False,0,2025-02-22,3,0.0,0.02,0.04,5,22,0,1,0,0.7142857142857143,0.0
7,2962,4,False,0,2025-02-22,1,0.0,0.03,0.05,5,22,0,1,0,1.1428571428571428,0.0
7,2972,4,False,0,2025-02-22,3,0.0,0.03,0.06,5,22,0,1,0,1.2857142857142858,0.0
7,2978,4,False,0,2025-02-22,2,0.0,0.06,0.02,5,22,0,1,0,1.7142857142857142,0.0
7,3013,4,False,0,2025-02-22,1,0.0,0.03,0.04,5,22,0,1,0,2.0,0.0
7,3026,4,False,0,2025-02-22,0,0.0,0.03,0.06,5,22,0,1,0,1.8571428571428572,0.0
7,3041,4,False,0,2025-02-22,3,0.0,0.14,0.16,5,22,0,1,0,1.7142857142857142,0.0
7,3046,4,False,0,2025-02-22,0,0.0,0.06,0.12,5,22,0,1,0,1.8571428571428572,0.0
7,3073,4,False,0,2025-02-22,2,0.0,0.06,0.11,5,22,0,1,0,1.4285714285714286,0.0
7,3082,4,False,0,2025-02-22,1,0.0,0.04,0.07,5,22,0,1,0,1.5714285714285714,0.0
7,3092,4,False,0,2025-02-22,0,0.0,0.03,0.05,5,22,0,1,0,1.2857142857142858,0.0
7,3095,4,False,0,2025-02-22,2,0.0,0.06,0.08,5,22,0,1,0,1.0,0.0
7,3135,4,False,0,2025-02-22,0,0.0,0.04,0.07,5,22,0,1,0,1.1428571428571428,0.0
7,3140,4,False,0,2025-02-22,0,0.0,0.01,0.02,5,22,0,1,0,1.1428571428571428,0.0
7,3152,4,False,0,2025-02-22,0,0.0,0.02,0.03,5,22,0,1,0,0.7142857142857143,0.0
7,3168,4,False,0,2025-02-22,2,0.0,0.01,0.02,5,22,0,1,0,0.7142857142857143,0.0
7,3192,4,False,0,2025-02-22,2,0.0,0.02,0.04,5,22,0,1,0,0.7142857142857143,0.0
7,3200,4,False,0,2025-02-22,2,0.0,0.07,0.09,5,22,0,1,0,0.8571428571428571,0.0
7,3227,4,False,0,2025-02-22,2,0.0,0.09,0.15,5,22,0,1,0,1.1428571428571428,0.0
7,3255,4,False,0,2025-02-22,1,0.0,0.03,0.07,5,22,0,1,0,1.1428571428571428,0.0
7,3264,4,False,0,2025-02-22,3,0.0,0.13,0.19,5,22,0,1,0,1.2857142857142858,0.0
7,3277,4,False,0,2025-02-22,0,0.0,0.01,0.02,5,22,0,1,0,1.7142857142857142,0.0
7,3299,4,False,0,2025-02-22,4,0.0,0.02,0.02,5,22,0,1,0,1.7142857142857142,0.0
7,3323,4,False,0,2025-02-22,0,0.0,0.03,0.03,5,22,0,1,0,2.0,0.0
7,3325,4,False,0,2025-02-22,2,0.0,0.1,0.1,5,22,0,1,0,1.7142857142857142,0.0
7,3329,4,False,0,2025-02-22,1,0.0,0.04,0.06,5,22,0,1,0,1.7142857142857142,0.0
7,3345,4,False,0,2025-02-22,0,1.0,0.15,0.22,5,22,0,1,0,1.5714285714285714,0.0
7,3353,4,False,0,2025-02-22,0,0.0,0.09,0.13,5,22,0,1,0,1.4285714285714286,0.0
7,3373,4,False,0,2025-02-22,1,0.0,0.01,0.02,5,22,0,1,0,1.0,0.0
7,3379,4,False,0,2025-02-22,2,0.0,0.06,0.1,5,22,0,1,0,1.1428571428571428,0.0
7,3384,4,False,0,2025-02-22,0,0.0,0.08,0.12,5,22,0,1,0,0.8571428571428571,0.0
7,3385,4,False,0,2025-02-22,2,0.0,0.07,0.12,5,22,0,1,0,0.8571428571428571,0.0
7,3395,4,False,0,2025-02-22,0,0.0,0.05,0.07,5,22,0,1,0,0.8571428571428571,0.0
7,3416,4,False,0,2025-02-22,2,0.0,0.01,0.02,5,22,0,1,0,0.7142857142857143,0.0
7,3436,4,False,0,2025-02-22,0,0.0,0.11,0.14,5,22,0,1,0,1.0,0.0
7,3475,4,False,0,2025-02-22,2,0.0,0.08,0.1,5,22,0,1,0,1.0,0.0
7,3488,4,False,0,2025-02-22,1,0.0,0.04,0.06,5,22,0,1,0,1.1428571428571428,0.0
7,3489,4,False,0,2025-02-22,0,0.0,0.01,0.02,5,22,0,1,0,1.0,0.0
7,3494,4,False,0,2025-02-22,0,0.0,0.02,0.02,5,22,0,1,0,1.0,0.0
7,3501,4,False,0,2025-02-22,0,0.0,0.09,0.13,5,22,0,1,0,0.7142857142857143,0.0
7,3506,4,False,0,2025-02-22,0,0.0,0.02,0.03,5,22,0,1,0,0.7142857142857143,0.0
7,3512,4,False,0,2025-02-22,1,0.0,0.07,0.1,5,22,0,1,0,0.42857142857142855,0.0
7,3516,4,False,0,2025-02-22,2,0.0,0.08,0.11,5,22,0,1,0,0.5714285714285714,0.0
7,3521,4,False,0,2025-02-22,0,0.0,0.04,0.05,5,22,0,1,0,0.5714285714285714,0.0
7,3528,4,False,0,2025-02-22,1,0.0,0.02,0.04,5,22,0,1,0,0.42857142857142855,0.0
7,3534,4,False,0,2025-02-22,0,0.0,0.04,0.05,5,22,0,1,0,0.5714285714285714,0.0
7,3537,4,False,0,2025-02-22,3,0.0,0.04,0.05,5,22,0,1,0,0.5714285714285714,0.0
7,3542,4,False,0,2025-02-22,2,0.0,0.03,0.05,5,22,0,1,0,1.0,0.0
7,3554,4,False,0,2025-02-22,2,0.0,0.05,0.07,5,22,0,1,0,1.2857142857142858,0.0
7,3565,4,False,0,2025-02-22,1,0.0,0.13,0.17,5,22,0,1,0,1.4285714285714286,0.0
7,3566,4,False,0,2025-02-22,0,0.0,0.09,0.1,5,22,0,1,0,1.2857142857142858,0.0
7,3570,4,False,0,2025-02-22,0,0.0,0.01,0.01,5,22,0,1,0,1.2857142857142858,0.0
7,3572,4,False,0,2025-02-22,0,0.0,0.04,0.05,5,22,0,1,0,1.1428571428571428,0.0
7,3585,4,False,0,2025-02-22,2,0.0,0.05,0.07,5,22,0,1,0,1.1428571428571428,0.0
7,3598,4,False,0,2025-02-22,0,0.0,0.07,0.11,5,22,0,1,0,1.0,0.0
7,3599,4,False,0,2025-02-22,1,0.0,0.02,0.03,5,22,0,1,0,0.7142857142857143,0.0
7,3606,4,False,0,2025-02-22,3,0.0,0.04,0.07,5,22,0,1,0,0.5714285714285714,0.0
7,3611,4,False,0,2025-02-22,0,0.0,0.03,0.05,5,22,0,1,0,0.8571428571428571,0.0
7,3622,4,False,0,2025-02-22,3,0.0,0.05,0.07,5,22,0,1,0,0.8571428571428571,0.0
7,3636,4,False,0,2025-02-22,2,0.0,0.05,0.06,5,22,0,1,0,1.2857142857142858,0.0
7,3657,4,False,0,2025-02-22,2,0.0,0.13,0.17,5,22,0,1,0,1.5714285714285714,0.0
7,3662,4,False,0,2025-02-22,0,0.0,0.03,0.04,5,22,0,1,0,1.5714285714285714,0.0
7,3663,4,False,0,2025-02-22,1,0.0,0.02,0.03,5,22,0,1,0,1.5714285714285714,0.0
7,3668,4,False,0,2025-02-22,0,0.0,0.03,0.04,5,22,0,1,0,1.5714285714285714,0.0
7,3673,4,False,0,2025-02-22,4,0.0,0.04,0.06,5,22,0,1,0,1.1428571428571428,0.0
7,3686,4,False,0,2025-02-22,0,0.0,0.02,0.02,5,22,0,1,0,1.7142857142857142,0.0
7,3710,4,False,0,2025-02-22,1,0.0,0.08,0.11,5,22,0,1,0,1.2857142857142858,0.0
7,3715,4,False,0,2025-02-22,3,0.0,0.15,0.25,5,22,0,1,0,1.1428571428571428,0.0
7,3722,4,False,0,2025-02-22,2,0.0,0.03,0.04,5,22,0,1,0,1.2857142857142858,0.0
7,3736,4,False,0,2025-02-22,2,0.0,0.07,0.07,5,22,0,1,0,1.5714285714285714,0.0
7,3766,4,False,0,2025-02-22,2,0.0,0.11,0.15,5,22,0,1,0,1.7142857142857142,0.0
7,3790,4,False,0,2025-02-22,0,0.0,0.02,0.02,5,22,0,1,0,2.0,0.0
7,3796,4,False,0,2025-02-22,0,0.0,0.05,0.08,5,22,0,1,0,1.4285714285714286,0.0
7,3844,4,False,0,2025-02-22,2,0.0,0.05,0.06,5,22,0,1,0,1.4285714285714286,0.0
7,3861,4,False,0,2025-02-22,1,0.0,0.05,0.08,5,22,0,1,0,1.5714285714285714,0.0
7,3874,4,False,0,2025-02-22,3,0.0,0.08,0.1,5,22,0,1,0,1.2857142857142858,0.0
7,3876,4,False,0,2025-02-22,2,0.0,0.12,0.18,5,22,0,1,0,1.4285714285714286,0.0
7,3882,4,False,0,2025-02-22,0,0.0,0.05,0.08,5,22,0,1,0,1.4285714285714286,0.0
7,3883,4,False,0,2025-02-22,3,0.0,0.07,0.1,5,22,0,1,0,1.1428571428571428,0.0
7,3887,4,False,0,2025-02-22,2,0.0,0.03,0.05,5,22,0,1,0,1.5714285714285714,0.0
7,3892,4,False,0,2025-02-22,1,0.0,0.12,0.17,5,22,0,1,0,1.8571428571428572,0.0
7,3897,4,False,0,2025-02-22,0,0.0,0.05,0.07,5,22,0,1,0,1.7142857142857142,0.0
7,3899,4,False,0,2025-02-22,2,0.0,0.03,0.05,5,22,0,1,0,1.5714285714285714,0.0
7,3919,4,False,0,2025-02-22,1,0.0,0.07,0.1,5,22,0,1,0,1.4285714285714286,0.0
7,3921,4,False,0,2025-02-22,3,0.0,0.06,0.09,5,22,0,1,0,1.2857142857142858,0.0
7,3927,4,False,0,2025-02-22,0,0.0,0.03,0.04,5,22,0,1,0,1.7142857142857142,0.0
7,3929,4,False,0,2025-02-22,9,0.0,0.02,0.04,5,22,0,1,0,1.2857142857142858,0.0
7,3930,4,False,0,2025-02-22,1,0.0,0.04,0.06,5,22,0,1,0,2.2857142857142856,0.0
7,3936,4,False,0,2025-02-22,3,0.0,0.11,0.19,5,22,0,1,0,2.2857142857142856,0.0
7,3994,4,False,0,2025-02-22,2,0.0,0.08,0.1,5,22,0,1,0,2.7142857142857144,0.0
7,4000,4,False,0,2025-02-22,4,0.0,0.07,0.1,5,22,0,1,0,2.7142857142857144,0.0
7,4004,4,False,0,2025-02-22,0,0.0,0.01,0.02,5,22,0,1,0,3.142857142857143,0.0
7,4005,4,False,0,2025-02-22,2,0.0,0.03,0.05,5,22,0,1,0,2.7142857142857144,0.0
7,4024,4,False,0,2025-02-22,0,0.0,0.08,0.09,5,22,0,1,0,3.0,0.0
7,4042,4,False,0,2025-02-22,2,0.0,0.09,0.15,5,22,0,1,0,1.7142857142857142,0.0
7,4048,4,False,0,2025-02-22,2,0.0,0.03,0.04,5,22,0,1,0,1.8571428571428572,0.0
7,4050,4,False,0,2025-02-22,2,0.0,0.06,0.1,5,22,0,1,0,1.7142857142857142,0.0
7,4067,4,False,0,2025-02-22,2,0.0,0.01,0.01,5,22,0,1,0,1.7142857142857142,0.0
7,4080,4,False,0,2025-02-22,2,0.0,0.03,0.02,5,22,0,1,0,1.4285714285714286,0.0
7,4085,4,False,0,2025-02-22,3,0.0,0.03,0.05,5,22,0,1,0,1.7142857142857142,0.0
7,4099,4,False,0,2025-02-22,0,0.0,0.15,0.21,5,22,0,1,0,1.8571428571428572,0.0
7,4107,4,False,0,2025-02-22,0,0.0,0.01,0.02,5,22,0,1,0,1.8571428571428572,0.0
7,4110,4,False,0,2025-02-22,0,0.0,0.02,0.02,5,22,0,1,0,1.5714285714285714,0.0
7,4116,4,False,0,2025-02-22,0,0.0,0.04,0.06,5,22,0,1,0,1.2857142857142858,0.0
7,4127,4,False,0,2025-02-22,0,0.0,0.01,0.02,5,22,0,1,0,1.0,0.0
7,4130,4,False,0,2025-02-22,0,0.0,0.0,0.0,5,22,0,1,0,0.7142857142857143,0.0
7,4134,4,False,0,2025-02-22,1,0.0,0.03,0.05,5,22,0,1,0,0.42857142857142855,0.0
7,4139,4,False,0,2025-02-22,2,0.0,0.06,0.09,5,22,0,1,0,0.14285714285714285,0.0
7,4145,4,False,0,2025-02-22,0,0.0,0.02,0.02,5,22,0,1,0,0.42857142857142855,0.0
7,4147,4,False,0,2025-02-22,1,0.0,0.02,0.02,5,22,0,1,0,0.42857142857142855,0.0
7,4151,4,False,0,2025-02-22,2,0.0,0.07,0.08,5,22,0,1,0,0.5714285714285714,0.0
7,4152,4,False,0,2025-02-22,2,0.0,0.08,0.1,5,22,0,1,0,0.8571428571428571,0.0
7,4163,4,False,0,2025-02-22,0,0.0,0.01,0.02,5,22,0,1,0,1.1428571428571428,0.0
7,4166,4,False,0,2025-02-22,2,0.0,0.24,0.33,5,22,0,1,0,1.1428571428571428,0.0
7,4169,4,False,0,2025-02-22,2,0.0,0.05,0.08,5,22,0,1,0,1.2857142857142858,0.0
7,4174,4,False,0,2025-02-22,2,0.0,0.09,0.17,5,22,0,1,0,1.2857142857142858,0.0
7,4178,4,False,0,2025-02-22,1,0.0,0.06,0.08,5,22,0,1,0,1.5714285714285714,0.0
7,4209,4,False,0,2025-02-22,1,0.0,0.08,0.12,5,22,0,1,0,1.5714285714285714,0.0
7,4216,4,False,0,2025-02-22,8,0.0,0.02,0.03,5,22,0,1,0,1.4285714285714286,0.0
7,4218,4,False,0,2025-02-22,2,0.0,0.13,0.17,5,22,0,1,0,2.2857142857142856,0.0
7,4226,4,False,0,2025-02-22,3,0.0,0.05,0.08,5,22,0,1,0,2.5714285714285716,0.0
7,4235,4,False,0,2025-02-22,0,0.0,0.01,0.01,5,22,0,1,0,2.7142857142857144,0.0
7,4254,4,False,0,2025-02-22,2,0.0,0.05,0.1,5,22,0,1,0,2.4285714285714284,0.0
7,4266,4,False,0,2025-02-22,2,0.0,0.14,0.19,5,22,0,1,0,2.4285714285714284,0.0
7,4282,4,False,0,2025-02-22,3,0.0,0.05,0.09,5,22,0,1,0,2.5714285714285716,0.0
7,4287,4,False,0,2025-02-22,0,0.0,0.02,0.04,5,22,0,1,0,2.857142857142857,0.0
7,4294,4,False,0,2025-02-22,2,0.0,0.06,0.11,5,22,0,1,0,1.7142857142857142,0.0
7,4308,4,False,0,2025-02-22,3,0.0,0.12,0.17,5,22,0,1,0,1.7142857142857142,0.0
7,4309,4,False,0,2025-02-22,2,0.0,0.02,0.03,5,22,0,1,0,1.7142857142857142,0.0
7,4327,4,False,0,2025-02-22,2,0.0,0.07,0.11,5,22,0,1,0,2.0,0.0
7,4341,4,False,0,2025-02-22,5,0.0,0.01,0.01,5,22,0,1,0,2.0,0.0
7,4355,4,False,0,2025-02-22,4,0.0,0.03,0.04,5,22,0,1,0,2.4285714285714284,0.0
7,4358,4,False,0,2025-02-22,2,0.0,0.04,0.05,5,22,0,1,0,2.5714285714285716,0.0
7,4377,4,False,0,2025-02-22,3,0.0,0.04,0.05,5,22,0,1,0,2.857142857142857,0.0
7,4379,4,False,0,2025-02-22,0,0.0,0.08,0.11,5,22,0,1,0,3.0,0.0
7,4382,4,False,0,2025-02-22,1,0.0,0.14,0.23,5,22,0,1,0,2.5714285714285716,0.0
7,4389,4,False,0,2025-02-22,3,0.0,0.08,0.11,5,22,0,1,0,2.4285714285714284,0.0
7,4396,4,False,0,2025-02-22,0,0.0,0.05,0.08,5,22,0,1,0,2.5714285714285716,0.0
7,4399,4,False,0,2025-02-22,0,0.0,0.05,0.07,5,22,0,1,0,1.8571428571428572,0.0
7,4437,4,False,0,2025-02-22,1,0.0,0.06,0.08,5,22,0,1,0,1.2857142857142858,0.0
7,4448,4,False,0,2025-02-22,1,0.0,0.04,0.06,5,22,0,1,0,1.1428571428571428,0.0
7,4463,4,False,0,2025-02-22,2,0.0,0.12,0.18,5,22,0,1,0,0.8571428571428571,0.0
7,4471,4,False,0,2025-02-22,3,0.0,0.04,0.06,5,22,0,1,0,1.1428571428571428,0.0
7,4494,4,False,0,2025-02-22,1,0.0,0.06,0.06,5,22,0,1,0,1.4285714285714286,0.0
7,4498,4,False,0,2025-02-22,0,0.0,0.01,0.02,5,22,0,1,0,1.1428571428571428,0.0
7,4502,4,False,0,2025-02-22,0,0.0,0.01,0.02,5,22,0,1,0,1.1428571428571428,0.0
7,4509,4,False,0,2025-02-22,1,0.0,0.06,0.1,5,22,0,1,0,1.1428571428571428,0.0
7,4510,4,False,0,2025-02-22,1,0.0,0.07,0.09,5,22,0,1,0,1.1428571428571428,0.0
7,4514,4,False,0,2025-02-22,0,0.0,0.05,0.08,5,22,0,1,0,1.1428571428571428,0.0
7,4528,4,False,0,2025-02-22,1,0.0,0.11,0.14,5,22,0,1,0,0.8571428571428571,0.0
7,4529,4,False,0,2025-02-22,2,0.0,0.03,0.03,5,22,0,1,0,0.5714285714285714,0.0
7,4534,4,False,0,2025-02-22,2,0.0,0.02,0.03,5,22,0,1,0,0.7142857142857143,0.0
7,4541,4,False,0,2025-02-22,1,0.0,0.17,0.24,5,22,0,1,0,1.0,0.0
7,4556,4,False,0,2025-02-22,1,0.0,0.07,0.1,5,22,0,1,0,1.1428571428571428,0.0
7,4557,4,False,0,2025-02-22,2,0.0,0.1,0.1,5,22,0,1,0,1.1428571428571428,0.0
7,4559,4,False,0,2025-02-22,3,0.0,0.02,0.04,5,22,0,1,0,1.2857142857142858,0.0
7,4579,4,False,0,2025-02-22,1,0.0,0.12,0.17,5,22,0,1,0,1.7142857142857142,0.0
7,4589,4,False,0,2025-02-22,1,0.0,0.02,0.04,5,22,0,1,0,1.7142857142857142,0.0
7,4600,4,False,0,2025-02-22,2,0.0,0.05,0.07,5,22,0,1,0,1.5714285714285714,0.0
7,4634,4,False,0,2025-02-22,2,0.0,0.07,0.12,5,22,0,1,0,1.5714285714285714,0.0
7,4646,4,False,0,2025-02-22,1,0.0,0.02,0.04,5,22,0,1,0,1.7142857142857142,0.0
7,4649,4,False,0,2025-02-22,2,0.0,0.09,0.14,5,22,0,1,0,1.7142857142857142,0.0
7,4657,4,False,0,2025-02-22,3,0.0,0.05,0.07,5,22,0,1,0,1.7142857142857142,0.0
7,4684,4,False,0,2025-02-22,2,0.0,0.01,0.02,5,22,0,1,0,1.7142857142857142,0.0
7,4692,4,False,0,2025-02-22,0,0.0,0.08,0.1,5,22,0,1,0,1.8571428571428572,0.0
7,4714,4,False,0,2025-02-22,1,0.0,0.04,0.06,5,22,0,1,0,1.7142857142857142,0.0
7,4718,4,False,0,2025-02-22,1,0.0,0.06,0.13,5,22,0,1,0,1.5714285714285714,0.0
7,4721,4,False,0,2025-02-22,0,0.0,0.01,0.01,5,22,0,1,0,1.4285714285714286,0.0
7,4724,4,False,0,2025-02-22,0,0.0,0.02,0.04,5,22,0,1,0,1.2857142857142858,0.0
7,4739,4,False,0,2025-02-22,0,0.0,0.01,0.02,5,22,0,1,0,1.0,0.0
7,4743,4,False,0,2025-02-22,2,0.0,0.07,0.08,5,22,0,1,0,0.5714285714285714,0.0
7,4758,4,False,0,2025-02-22,1,0.0,0.03,0.04,5,22,0,1,0,0.5714285714285714,0.0
7,4764,4,False,0,2025-02-22,2,0.0,0.03,0.05,5,22,0,1,0,0.7142857142857143,0.0
7,4798,4,False,0,2025-02-22,6,0.0,0.05,0.07,5,22,0,1,0,0.8571428571428571,0.0
7,4815,4,False,0,2025-02-22,2,0.0,0.09,0.13,5,22,0,1,0,1.5714285714285714,0.0
7,4817,4,False,0,2025-02-22,0,0.0,0.04,0.06,5,22,0,1,0,1.8571428571428572,0.0
7,4821,4,False,0,2025-02-22,0,0.0,0.02,0.02,5,22,0,1,0,1.8571428571428572,0.0
7,4825,4,False,0,2025-02-22,2,0.0,0.11,0.2,5,22,0,1,0,1.8571428571428572,0.0
7,4837,4,False,0,2025-02-22,2,0.0,0.09,0.1,5,22,0,1,0,1.8571428571428572,0.0
7,4840,4,False,0,2025-02-22,0,0.0,0.04,0.06,5,22,0,1,0,2.0,0.0
7,4843,4,False,0,2025-02-22,0,0.0,0.05,0.06,5,22,0,1,0,1.7142857142857142,0.0
7,4857,4,False,0,2025-02-22,1,0.0,0.08,0.11,5,22,0,1,0,0.8571428571428571,0.0
7,4877,4,False,0,2025-02-22,0,0.0,0.13,0.13,5,22,0,1,0,0.7142857142857143,0.0
7,4879,4,False,0,2025-02-22,1,0.0,0.09,0.13,5,22,0,1,0,0.7142857142857143,0.0
7,4902,4,False,0,2025-02-22,0,0.0,0.02,0.03,5,22,0,1,0,0.8571428571428571,0.0
7,4912,4,False,0,2025-02-22,3,0.0,0.03,0.04,5,22,0,1,0,0.5714285714285714,0.0
7,4913,4,False,0,2025-02-22,3,0.0,0.04,0.04,5,22,0,1,0,0.7142857142857143,0.0
7,4914,4,False,0,2025-02-22,1,1.0,0.05,0.06,5,22,0,1,0,1.1428571428571428,0.0
7,4944,4,False,0,2025-02-22,2,0.0,0.05,0.07,5,22,0,1,0,1.2857142857142858,0.0
7,4945,4,False,0,2025-02-22,3,0.0,0.07,0.09,5,22,0,1,0,1.4285714285714286,0.0
7,4956,4,False,0,2025-02-22,4,0.0,0.03,0.05,5,22,0,1,0,1.8571428571428572,0.0
7,4985,4,False,0,2025-02-22,3,0.0,0.07,0.11,5,22,0,1,0,2.2857142857142856,0.0
7,4990,4,False,0,2025-02-22,0,0.0,0.0,0.0,5,22,0,1,0,2.7142857142857144,0.0
7,5003,4,False,0,2025-02-22,0,0.0,0.02,0.03,5,22,0,1,0,2.2857142857142856,0.0
7,5014,4,False,0,2025-02-22,2,0.0,0.11,0.16,5,22,0,1,0,1.8571428571428572,0.0
7,5017,4,False,0,2025-02-22,2,0.0,0.06,0.07,5,22,0,1,0,2.0,0.0
7,5020,4,False,0,2025-02-22,2,0.0,0.04,0.06,5,22,0,1,0,2.0,0.0
7,5030,4,False,0,2025-02-22,2,0.0,0.05,0.08,5,22,0,1,0,1.8571428571428572,0.0
7,5044,4,False,0,2025-02-22,0,0.0,0.04,0.06,5,22,0,1,0,1.5714285714285714,0.0
7,5054,4,False,0,2025-02-22,2,0.0,0.09,0.12,5,22,0,1,0,1.1428571428571428,0.0
7,5067,4,False,0,2025-02-22,1,0.0,0.02,0.04,5,22,0,1,0,1.4285714285714286,0.0
7,5071,4,False,0,2025-02-22,0,0.0,0.01,0.01,5,22,0,1,0,1.5714285714285714,0.0
7,5072,4,False,0,2025-02-22,3,0.0,0.04,0.05,5,22,0,1,0,1.2857142857142858,0.0
7,5077,4,False,0,2025-02-22,3,0.0,0.03,0.05,5,22,0,1,0,1.4285714285714286,0.0
7,5083,4,False,0,2025-02-22,2,0.0,0.07,0.07,5,22,0,1,0,1.5714285714285714,0.0
7,5089,4,False,0,2025-02-22,0,0.0,0.05,0.07,5,22,0,1,0,1.5714285714285714,0.0
7,5099,4,False,0,2025-02-22,3,0.0,0.04,0.05,5,22,0,1,0,1.5714285714285714,0.0
7,5121,4,False,0,2025-02-22,1,0.0,0.03,0.03,5,22,0,1,0,1.7142857142857142,0.0
7,5132,4,False,0,2025-02-22,1,0.0,0.02,0.04,5,22,0,1,0,1.7142857142857142,0.0
7,5134,4,False,0,2025-02-22,2,0.0,0.03,0.03,5,22,0,1,0,1.8571428571428572,0.0
7,5136,4,False,0,2025-02-22,0,0.0,0.07,0.07,5,22,0,1,0,1.7142857142857142,0.0
7,5181,4,False,0,2025-02-22,3,0.0,0.01,0.01,5,22,0,1,0,1.2857142857142858,0.0
7,5187,4,False,0,2025-02-22,3,0.0,0.05,0.07,5,22,0,1,0,1.4285714285714286,0.0
7,5194,4,False,0,2025-02-22,0,0.0,0.03,0.04,5,22,0,1,0,1.8571428571428572,0.0
7,5200,4,False,0,2025-02-22,0,0.0,0.08,0.1,5,22,0,1,0,1.4285714285714286,0.0
7,5213,4,False,0,2025-02-22,3,0.0,0.01,0.02,5,22,0,1,0,1.2857142857142858,0.0
7,5214,4,False,0,2025-02-22,1,0.0,0.04,0.06,5,22,0,1,0,1.5714285714285714,0.0
7,5220,4,False,0,2025-02-22,0,0.0,0.03,0.05,5,22,0,1,0,1.4285714285714286,0.0
7,5227,4,False,0,2025-02-22,2,0.0,0.02,0.02,5,22,0,1,0,1.4285714285714286,0.0
7,5231,4,False,0,2025-02-22,0,0.0,0.02,0.03,5,22,0,1,0,1.2857142857142858,0.0
7,5233,4,False,0,2025-02-22,1,0.0,0.04,0.04,5,22,0,1,0,0.8571428571428571,0.0
7,5237,4,False,0,2025-02-22,0,0.0,0.07,0.12,5,22,0,1,0,1.0,0.0
7,5243,4,False,0,2025-02-22,3,0.0,0.04,0.06,5,22,0,1,0,1.0,0.0
7,5251,4,False,0,2025-02-22,1,0.0,0.02,0.03,5,22,0,1,0,1.0,0.0
7,5258,4,False,0,2025-02-22,1,0.0,0.05,0.1,5,22,0,1,0,1.0,0.0
7,5271,4,False,0,2025-02-22,1,0.0,0.02,0.03,5,22,0,1,0,1.1428571428571428,0.0
7,20,5,True,0,2025-02-22,0,0.0,0.01,0.04,5,22,0,1,0,1.0,0.0
7,104,5,True,0,2025-02-22,2,0.0,0.04,0.07,5,22,0,1,0,1.0,0.0
7,160,5,True,0,2025-02-22,0,0.0,0.06,0.09,5,22,0,1,0,1.1428571428571428,0.0
7,297,5,True,0,2025-02-22,0,0.0,0.02,0.02,5,22,0,1,0,1.1428571428571428,0.0
7,358,5,True,0,2025-02-22,1,0.0,0.03,0.08,5,22,0,1,0,0.7142857142857143,0.0
7,387,5,True,0,2025-02-22,0,0.0,0.02,0.06,5,22,0,1,0,0.7142857142857143,0.0
7,410,5,True,0,2025-02-22,0,0.0,0.03,0.05,5,22,0,1,0,0.5714285714285714,0.0
7,433,5,True,0,2025-02-22,0,0.0,0.07,0.08,5,22,0,1,0,0.42857142857142855,0.0
7,445,5,True,0,2025-02-22,0,0.0,0.04,0.06,5,22,0,1,0,0.42857142857142855,0.0
7,478,5,True,0,2025-02-22,0,0.0,0.03,0.07,5,22,0,1,0,0.14285714285714285,0.0
7,504,5,True,0,2025-02-22,0,0.0,0.02,0.04,5,22,0,1,0,0.14285714285714285,0.0
7,522,5,True,0,2025-02-22,0,0.0,0.02,0.06,5,22,0,1,0,0.14285714285714285,0.0
7,531,5,True,0,2025-02-22,0,0.0,0.03,0.1,5,22,0,1,0,0.0,0.0
7,539,5,True,0,2025-02-22,1,0.0,0.02,0.04,5,22,0,1,0,0.0,0.0
7,557,5,True,0,2025-02-22,4,0.0,0.04,0.08,5,22,0,1,0,0.14285714285714285,0.0
7,791,5,True,0,2025-02-22,6,0.0,0.01,0.05,5,22,0,1,0,0.7142857142857143,0.0
7,837,5,True,0,2025-02-22,0,0.0,0.07,0.16,5,22,0,1,0,1.5714285714285714,0.0
7,866,5,True,0,2025-02-22,0,0.0,0.05,0.07,5,22,0,1,0,1.5714285714285714,0.0
7,1062,5,True,0,2025-02-22,3,0.0,0.01,0.02,5,22,0,1,0,1.5714285714285714,0.0
7,1070,5,True,0,2025-02-22,2,0.0,0.03,0.07,5,22,0,1,0,2.0,0.0
7,1079,5,True,0,2025-02-22,0,0.0,0.02,0.05,5,22,0,1,0,2.2857142857142856,0.0
7,1104,5,True,0,2025-02-22,0,0.0,0.03,0.09,5,22,0,1,0,2.142857142857143,0.0
7,1179,5,True,0,2025-02-22,0,0.0,0.13,0.18,5,22,0,1,0,1.5714285714285714,0.0
7,1244,5,True,0,2025-02-22,1,0.0,0.04,0.32,5,22,0,1,0,0.7142857142857143,0.0
7,1260,5,True,0,2025-02-22,0,0.0,0.06,0.12,5,22,0,1,0,0.8571428571428571,0.0
7,1289,5,True,0,2025-02-22,0,0.0,0.04,0.08,5,22,0,1,0,0.8571428571428571,0.0
7,1324,5,True,0,2025-02-22,4,0.0,0.01,0.03,5,22,0,1,0,0.42857142857142855,0.0
7,1356,5,True,0,2025-02-22,1,0.0,0.01,0.03,5,22,0,1,0,0.7142857142857143,0.0
7,1426,5,True,0,2025-02-22,3,0.0,0.02,0.04,5,22,0,1,0,0.8571428571428571,0.0
7,1480,5,True,0,2025-02-22,0,0.0,0.03,0.07,5,22,0,1,0,1.2857142857142858,0.0
7,1522,5,True,0,2025-02-22,0,0.0,0.02,0.07,5,22,0,1,0,1.2857142857142858,0.0
7,1538,5,True,0,2025-02-22,0,0.0,0.0,0.0,5,22,0,1,0,1.1428571428571428,0.0
7,1586,5,True,0,2025-02-22,0,0.0,0.03,0.06,5,22,0,1,0,1.1428571428571428,0.0
7,1588,5,True,0,2025-02-22,0,0.0,0.06,0.13,5,22,0,1,0,1.1428571428571428,0.0
7,1617,5,True,0,2025-02-22,8,0.0,0.01,0.04,5,22,0,1,0,0.5714285714285714,0.0
7,1662,5,True,0,2025-02-22,0,0.0,0.05,0.08,5,22,0,1,0,1.5714285714285714,0.0
7,1695,5,True,0,2025-02-22,0,0.0,0.03,0.09,5,22,0,1,0,1.1428571428571428,0.0
7,1723,5,True,0,2025-02-22,1,0.0,0.01,0.03,5,22,0,1,0,1.1428571428571428,0.0
7,1763,5,True,0,2025-02-22,0,0.0,0.03,0.06,5,22,0,1,0,1.2857142857142858,0.0
7,1765,5,True,0,2025-02-22,0,0.0,0.02,0.06,5,22,0,1,0,1.2857142857142858,0.0
7,1770,5,True,0,2025-02-22,1,0.0,0.01,0.04,5,22,0,1,0,1.2857142857142858,0.0
7,1772,5,True,0,2025-02-22,0,0.0,0.06,0.06,5,22,0,1,0,1.4285714285714286,0.0
7,1778,5,True,0,2025-02-22,1,0.0,0.03,0.05,5,22,0,1,0,0.2857142857142857,0.0
7,1887,5,True,0,2025-02-22,0,0.0,0.03,0.05,5,22,0,1,0,0.42857142857142855,0.0
7,1893,5,True,0,2025-02-22,0,0.0,0.03,0.04,5,22,0,1,0,0.42857142857142855,0.0
7,1971,5,True,0,2025-02-22,3,0.0,0.04,0.12,5,22,0,1,0,0.2857142857142857,0.0
7,2031,5,True,0,2025-02-22,0,0.0,0.0,0.01,5,22,0,1,0,0.7142857142857143,0.0
7,2090,5,True,0,2025-02-22,0,0.0,0.01,0.03,5,22,0,1,0,0.7142857142857143,0.0
7,2205,5,True,0,2025-02-22,3,0.0,0.09,0.15,5,22,0,1,0,0.5714285714285714,0.0
7,2361,5,True,0,2025-02-22,0,0.0,0.05,0.09,5,22,0,1,0,1.0,0.0
7,2441,5,True,0,2025-02-22,0,0.0,0.05,0.07,5,22,0,1,0,0.8571428571428571,0.0
7,2484,5,True,0,2025-02-22,1,0.0,0.07,0.09,5,22,0,1,0,0.8571428571428571,0.0
7,2513,5,True,0,2025-02-22,1,0.0,0.1,0.14,5,22,0,1,0,1.0,0.0
7,2520,5,True,0,2025-02-22,0,0.0,0.01,0.02,5,22,0,1,0,0.7142857142857143,0.0
7,2607,5,True,0,2025-02-22,0,0.0,0.01,0.04,5,22,0,1,0,0.7142857142857143,0.0
7,2705,5,True,0,2025-02-22,0,0.0,0.02,0.03,5,22,0,1,0,0.7142857142857143,0.0
7,2726,5,True,0,2025-02-22,0,0.0,0.03,0.06,5,22,0,1,0,0.2857142857142857,0.0
7,2765,5,True,0,2025-02-22,2,0.0,0.06,0.05,5,22,0,1,0,0.2857142857142857,0.0
7,2942,5,True,0,2025-02-22,0,0.0,0.03,0.08,5,22,0,1,0,0.5714285714285714,0.0
7,3016,5,True,0,2025-02-22,1,0.0,0.03,0.06,5,22,0,1,0,0.42857142857142855,0.0
7,3091,5,True,0,2025-02-22,0,0.0,0.11,0.15,5,22,0,1,0,0.42857142857142855,0.0
7,3215,5,True,0,2025-02-22,0,0.0,0.04,0.07,5,22,0,1,0,0.42857142857142855,0.0
7,3221,5,True,0,2025-02-22,4,0.0,0.01,0.03,5,22,0,1,0,0.42857142857142855,0.0
7,3304,5,True,0,2025-02-22,0,0.0,0.09,0.1,5,22,0,1,0,1.0,0.0
7,3370,5,True,0,2025-02-22,3,0.0,0.05,0.07,5,22,0,1,0,1.0,0.0
7,3388,5,True,0,2025-02-22,1,0.0,0.08,0.13,5,22,0,1,0,1.1428571428571428,0.0
7,3431,5,True,0,2025-02-22,1,0.0,0.02,0.05,5,22,0,1,0,1.2857142857142858,0.0
7,3438,5,True,0,2025-02-22,0,0.0,0.04,0.07,5,22,0,1,0,1.2857142857142858,0.0
7,3524,5,True,0,2025-02-22,3,0.0,0.03,0.06,5,22,0,1,0,1.2857142857142858,0.0
7,3561,5,True,0,2025-02-22,0,0.0,0.04,0.08,5,22,0,1,0,1.7142857142857142,0.0
7,3596,5,True,0,2025-02-22,0,0.0,0.04,0.08,5,22,0,1,0,1.1428571428571428,0.0
7,3658,5,True,0,2025-02-22,1,0.0,0.07,0.13,5,22,0,1,0,1.1428571428571428,0.0
7,3683,5,True,0,2025-02-22,0,0.0,0.07,0.12,5,22,0,1,0,0.8571428571428571,0.0
7,3706,5,True,0,2025-02-22,0,0.0,0.03,0.06,5,22,0,1,0,0.7142857142857143,0.0
7,3713,5,True,0,2025-02-22,1,0.0,0.03,0.05,5,22,0,1,0,0.5714285714285714,0.0
7,3724,5,True,0,2025-02-22,0,0.0,0.02,0.04,5,22,0,1,0,0.7142857142857143,0.0
7,3855,5,True,0,2025-02-22,0,0.0,0.01,0.05,5,22,0,1,0,0.2857142857142857,0.0
7,3880,5,True,0,2025-02-22,3,0.0,0.02,0.07,5,22,0,1,0,0.2857142857142857,0.0
7,3907,5,True,0,2025-02-22,0,0.0,0.04,0.09,5,22,0,1,0,0.7142857142857143,0.0
7,3923,5,True,0,2025-02-22,0,0.0,0.02,0.04,5,22,0,1,0,0.5714285714285714,0.0
7,3958,5,True,0,2025-02-22,0,0.0,0.01,0.05,5,22,0,1,0,0.5714285714285714,0.0
7,3999,5,True,0,2025-02-22,0,0.0,0.18,0.29,5,22,0,1,0,0.5714285714285714,0.0
7,4066,5,True,0,2025-02-22,0,0.0,0.12,0.16,5,22,0,1,0,0.42857142857142855,0.0
7,4092,5,True,0,2025-02-22,0,0.0,0.06,0.07,5,22,0,1,0,0.42857142857142855,0.0
7,4241,5,True,0,2025-02-22,0,0.0,0.06,0.09,5,22,0,1,0,0.42857142857142855,0.0
7,4345,5,True,0,2025-02-22,0,0.0,0.03,0.05,5,22,0,1,0,0.0,0.0
7,4384,5,True,0,2025-02-22,0,0.0,0.11,0.18,5,22,0,1,0,0.0,0.0
7,4385,5,True,0,2025-02-22,2,0.0,0.01,0.01,5,22,0,1,0,0.0,0.0
7,4401,5,True,0,2025-02-22,4,0.0,0.04,0.07,5,22,0,1,0,0.2857142857142857,0.0
7,4511,5,True,0,2025-02-22,2,0.0,0.02,0.03,5,22,0,1,0,0.8571428571428571,0.0
7,4581,5,True,0,2025-02-22,0,0.0,0.01,0.06,5,22,0,1,0,1.1428571428571428,0.0
7,4678,5,True,0,2025-02-22,0,0.0,0.0,0.02,5,22,0,1,0,1.1428571428571428,0.0
7,4735,5,True,0,2025-02-22,0,0.0,0.03,0.06,5,22,0,1,0,1.1428571428571428,0.0
7,4756,5,True,0,2025-02-22,0,0.0,0.02,0.03,5,22,0,1,0,1.1428571428571428,0.0
7,4761,5,True,0,2025-02-22,1,0.0,0.02,0.03,5,22,0,1,0,1.1428571428571428,0.0
7,4812,5,True,0,2025-02-22,0,0.0,0.03,0.09,5,22,0,1,0,1.0,0.0
7,4832,5,True,0,2025-02-22,0,0.0,0.06,0.06,5,22,0,1,0,0.42857142857142855,0.0
7,4856,5,True,0,2025-02-22,2,0.0,0.16,0.24,5,22,0,1,0,0.14285714285714285,0.0
7,4874,5,True,0,2025-02-22,3,0.0,0.1,0.18,5,22,0,1,0,0.42857142857142855,0.0
7,4897,5,True,0,2025-02-22,0,0.0,0.02,0.04,5,22,0,1,0,0.8571428571428571,0.0
7,4951,5,True,0,2025-02-22,1,0.0,0.01,0.06,5,22,0,1,0,0.8571428571428571,0.0
7,5108,5,True,0,2025-02-22,6,0.0,0.03,0.07,5,22,0,1,0,1.0,0.0
7,5127,5,True,0,2025-02-22,1,0.0,0.12,0.16,5,22,0,1,0,1.7142857142857142,0.0
7,5207,5,True,0,2025-02-22,0,0.0,0.01,0.03,5,22,0,1,0,1.8571428571428572,0.0
7,5244,5,True,0,2025-02-22,0,0.0,0.03,0.07,5,22,0,1,0,1.8571428571428572,0.0
7,69,6,False,0,2025-02-22,2,0.0,0.12,0.2,5,22,0,1,0,1.5714285714285714,0.0
7,142,6,False,0,2025-02-22,1,0.0,0.17,0.25,5,22,0,1,0,1.4285714285714286,0.0
7,315,6,False,0,2025-02-22,0,0.0,0.46,0.69,5,22,0,1,0,1.5714285714285714,0.0
7,627,6,False,0,2025-02-22,0,0.0,0.17,0.17,5,22,0,1,0,1.4285714285714286,0.0
7,646,6,False,0,2025-02-22,1,0.0,0.2,0.23,5,22,0,1,0,0.5714285714285714,0.0
7,739,6,False,0,2025-02-22,0,0.0,0.17,0.25,5,22,0,1,0,0.5714285714285714,0.0
7,811,6,False,0,2025-02-22,0,0.0,0.13,0.18,5,22,0,1,0,0.5714285714285714,0.0
7,862,6,False,0,2025-02-22,0,0.0,0.19,0.25,5,22,0,1,0,0.5714285714285714,0.0
7,931,6,False,0,2025-02-22,2,0.0,0.15,0.26,5,22,0,1,0,0.2857142857142857,0.0
7,938,6,False,0,2025-02-22,0,0.0,0.08,0.13,5,22,0,1,0,0.42857142857142855,0.0
7,951,6,False,0,2025-02-22,1,0.0,0.1,0.16,5,22,0,1,0,0.42857142857142855,0.0
7,1019,6,False,0,2025-02-22,0,0.0,0.1,0.12,5,22,0,1,0,0.5714285714285714,0.0
7,1024,6,False,0,2025-02-22,0,0.0,0.1,0.13,5,22,0,1,0,0.42857142857142855,0.0
7,1029,6,False,0,2025-02-22,0,0.0,0.12,0.17,5,22,0,1,0,0.42857142857142855,0.0
7,1136,6,False,0,2025-02-22,1,0.0,0.08,0.15,5,22,0,1,0,0.42857142857142855,0.0
7,1188,6,False,0,2025-02-22,0,0.0,0.09,0.11,5,22,0,1,0,0.5714285714285714,0.0
7,1203,6,False,0,2025-02-22,1,0.0,0.17,0.22,5,22,0,1,0,0.2857142857142857,0.0
7,1204,6,False,0,2025-02-22,1,0.0,0.14,0.23,5,22,0,1,0,0.42857142857142855,0.0
7,1225,6,False,0,2025-02-22,1,0.0,0.17,0.25,5,22,0,1,0,0.42857142857142855,0.0
7,1269,6,False,0,2025-02-22,0,0.0,0.12,0.16,5,22,0,1,0,0.5714285714285714,0.0
7,1326,6,False,0,2025-02-22,0,0.0,0.44,0.53,5,22,0,1,0,0.5714285714285714,0.0
7,1328,6,False,0,2025-02-22,0,0.0,0.36,0.37,5,22,0,1,0,0.5714285714285714,0.0
7,1403,6,False,0,2025-02-22,1,0.0,0.06,0.09,5,22,0,1,0,0.42857142857142855,0.0
7,1457,6,False,0,2025-02-22,1,0.0,0.4,0.56,5,22,0,1,0,0.5714285714285714,0.0
7,1476,6,False,0,2025-02-22,1,0.0,0.17,0.24,5,22,0,1,0,0.5714285714285714,0.0
7,1562,6,False,0,2025-02-22,0,0.0,0.08,0.13,5,22,0,1,0,0.5714285714285714,0.0
7,1616,6,False,0,2025-02-22,3,0.0,0.18,0.26,5,22,0,1,0,0.42857142857142855,0.0
7,1741,6,False,0,2025-02-22,0,0.0,0.09,0.12,5,22,0,1,0,0.8571428571428571,0.0
7,1760,6,False,0,2025-02-22,0,0.0,0.4,0.56,5,22,0,1,0,0.8571428571428571,0.0
7,1762,6,False,0,2025-02-22,0,0.0,0.09,0.11,5,22,0,1,0,0.8571428571428571,0.0
7,1821,6,False,0,2025-02-22,0,0.0,0.36,0.36,5,22,0,1,0,0.7142857142857143,0.0
7,1829,6,False,0,2025-02-22,0,0.0,0.08,0.12,5,22,0,1,0,0.5714285714285714,0.0
7,1878,6,False,0,2025-02-22,0,0.0,0.4,0.48,5,22,0,1,0,0.42857142857142855,0.0
7,2046,6,False,0,2025-02-22,1,0.0,0.36,0.49,5,22,0,1,0,0.42857142857142855,0.0
7,2346,6,False,0,2025-02-22,0,0.0,0.09,0.14,5,22,0,1,0,0.14285714285714285,0.0
7,2471,6,False,0,2025-02-22,0,0.0,0.17,0.17,5,22,0,1,0,0.14285714285714285,0.0
7,2482,6,False,0,2025-02-22,1,0.0,0.35,0.49,5,22,0,1,0,0.14285714285714285,0.0
7,2514,6,False,0,2025-02-22,5,0.0,0.18,0.16,5,22,0,1,0,0.2857142857142857,0.0
7,2516,6,False,0,2025-02-22,0,0.0,0.24,0.38,5,22,0,1,0,1.0,0.0
7,2587,6,False,0,2025-02-22,0,0.0,0.12,0.17,5,22,0,1,0,1.0,0.0
7,2789,6,False,0,2025-02-22,0,0.0,0.13,0.18,5,22,0,1,0,1.0,0.0
7,2846,6,False,0,2025-02-22,0,0.0,0.12,0.17,5,22,0,1,0,0.8571428571428571,0.0
7,3070,6,False,0,2025-02-22,0,0.0,0.21,0.23,5,22,0,1,0,0.8571428571428571,0.0
7,3076,6,False,0,2025-02-22,0,0.0,0.22,0.24,5,22,0,1,0,0.8571428571428571,0.0
7,3144,6,False,0,2025-02-22,0,0.0,0.26,0.37,5,22,0,1,0,0.7142857142857143,0.0
7,3151,6,False,0,2025-02-22,1,0.0,0.19,0.24,5,22,0,1,0,0.0,0.0
7,3154,6,False,0,2025-02-22,2,0.0,0.12,0.21,5,22,0,1,0,0.14285714285714285,0.0
7,3399,6,False,0,2025-02-22,0,0.0,0.13,0.14,5,22,0,1,0,0.42857142857142855,0.0
7,3480,6,False,0,2025-02-22,0,0.0,0.18,0.18,5,22,0,1,0,0.42857142857142855,0.0
7,3486,6,False,0,2025-02-22,0,0.0,0.49,0.62,5,22,0,1,0,0.42857142857142855,0.0
7,3533,6,False,0,2025-02-22,0,0.0,0.21,0.34,5,22,0,1,0,0.42857142857142855,0.0
7,3623,6,False,0,2025-02-22,1,0.0,0.17,0.28,5,22,0,1,0,0.42857142857142855,0.0
7,3626,6,False,0,2025-02-22,0,0.0,0.12,0.21,5,22,0,1,0,0.5714285714285714,0.0
7,3634,6,False,0,2025-02-22,0,0.0,0.12,0.18,5,22,0,1,0,0.42857142857142855,0.0
7,3719,6,False,0,2025-02-22,0,0.0,0.42,0.49,5,22,0,1,0,0.14285714285714285,0.0
7,3737,6,False,0,2025-02-22,0,0.0,0.19,0.24,5,22,0,1,0,0.14285714285714285,0.0
7,3840,6,False,0,2025-02-22,0,0.0,0.09,0.1,5,22,0,1,0,0.14285714285714285,0.0
7,3926,6,False,0,2025-02-22,1,0.0,0.14,0.22,5,22,0,1,0,0.14285714285714285,0.0
7,3945,6,False,0,2025-02-22,1,0.0,0.09,0.14,5,22,0,1,0,0.2857142857142857,0.0
7,4443,6,False,0,2025-02-22,0,0.0,0.25,0.35,5,22,0,1,0,0.2857142857142857,0.0
7,4545,6,False,0,2025-02-22,0,0.0,0.21,0.3,5,22,0,1,0,0.2857142857142857,0.0
7,4805,6,False,0,2025-02-22,1,0.0,0.16,0.23,5,22,0,1,0,0.2857142857142857,0.0
7,4965,6,False,0,2025-02-22,5,0.0,0.17,0.26,5,22,0,1,0,0.42857142857142855,0.0
7,5053,6,False,0,2025-02-22,2,0.0,0.54,0.78,5,22,0,1,0,1.1428571428571428,0.0
7,5160,6,False,0,2025-02-22,0,0.0,0.17,0.16,5,22,0,1,0,1.4285714285714286,0.0
7,62,7,False,0,2025-02-22,1,0.0,0.02,0.04,5,22,0,1,0,1.2857142857142858,0.0
7,77,7,False,0,2025-02-22,0,0.0,0.0,0.0,5,22,0,1,0,1.2857142857142858,0.0
7,98,7,False,0,2025-02-22,2,0.0,0.04,0.07,5,22,0,1,0,1.2857142857142858,0.0
7,113,7,False,0,2025-02-22,2,0.0,0.02,0.03,5,22,0,1,0,1.5714285714285714,0.0
7,184,7,False,0,2025-02-22,1,0.0,0.17,0.23,5,22,0,1,0,1.7142857142857142,0.0
7,194,7,False,0,2025-02-22,0,0.0,0.01,0.01,5,22,0,1,0,1.1428571428571428,0.0
7,265,7,False,0,2025-02-22,1,0.0,0.04,0.06,5,22,0,1,0,0.8571428571428571,0.0
7,364,7,False,0,2025-02-22,0,0.0,0.24,0.36,5,22,0,1,0,1.0,0.0
7,391,7,False,0,2025-02-22,0,0.0,0.02,0.03,5,22,0,1,0,0.8571428571428571,0.0
7,394,7,False,0,2025-02-22,1,0.0,0.04,0.07,5,22,0,1,0,0.8571428571428571,0.0
7,405,7,False,0,2025-02-22,3,0.0,0.02,0.03,5,22,0,1,0,0.7142857142857143,0.0
7,462,7,False,0,2025-02-22,1,0.0,0.33,0.4,5,22,0,1,0,0.8571428571428571,0.0
7,466,7,False,0,2025-02-22,3,0.0,0.03,0.06,5,22,0,1,0,0.8571428571428571,0.0
7,519,7,False,0,2025-02-22,2,0.0,0.03,0.06,5,22,0,1,0,1.2857142857142858,0.0
7,568,7,False,0,2025-02-22,0,0.0,0.0,0.0,5,22,0,1,0,1.4285714285714286,0.0
7,588,7,False,0,2025-02-22,1,0.0,0.11,0.15,5,22,0,1,0,1.4285714285714286,0.0
7,704,7,False,0,2025-02-22,0,0.0,0.07,0.08,5,22,0,1,0,1.5714285714285714,0.0
7,788,7,False,0,2025-02-22,0,0.0,0.0,0.0,5,22,0,1,0,1.4285714285714286,0.0
7,888,7,False,0,2025-02-22,1,0.0,0.06,0.08,5,22,0,1,0,1.0,0.0
7,911,7,False,0,2025-02-22,1,0.0,0.25,0.46,5,22,0,1,0,1.0,0.0
7,935,7,False,0,2025-02-22,1,0.0,0.03,0.05,5,22,0,1,0,0.7142857142857143,0.0
7,945,7,False,0,2025-02-22,1,0.0,0.04,0.06,5,22,0,1,0,0.5714285714285714,0.0
7,954,7,False,0,2025-02-22,1,0.0,0.11,0.13,5,22,0,1,0,0.7142857142857143,0.0
7,968,7,False,0,2025-02-22,0,0.0,0.02,0.02,5,22,0,1,0,0.7142857142857143,0.0
7,1051,7,False,0,2025-02-22,1,0.0,0.04,0.06,5,22,0,1,0,0.7142857142857143,0.0
7,1055,7,False,0,2025-02-22,1,0.0,0.11,0.15,5,22,0,1,0,0.8571428571428571,0.0
7,1147,7,False,0,2025-02-22,1,0.0,0.11,0.15,5,22,0,1,0,0.8571428571428571,0.0
7,1186,7,False,0,2025-02-22,0,0.0,0.38,0.45,5,22,0,1,0,0.8571428571428571,0.0
7,1233,7,False,0,2025-02-22,1,0.0,0.07,0.11,5,22,0,1,0,0.7142857142857143,0.0
7,1264,7,False,0,2025-02-22,0,0.0,0.0,0.0,5,22,0,1,0,0.7142857142857143,0.0
7,1302,7,False,0,2025-02-22,0,0.0,0.26,0.39,5,22,0,1,0,0.5714285714285714,0.0
7,1362,7,False,0,2025-02-22,0,0.0,0.05,0.06,5,22,0,1,0,0.5714285714285714,0.0
7,1581,7,False,0,2025-02-22,0,0.0,0.04,0.06,5,22,0,1,0,0.42857142857142855,0.0
7,1679,7,False,0,2025-02-22,1,0.0,0.07,0.1,5,22,0,1,0,0.2857142857142857,0.0
7,1704,7,False,0,2025-02-22,1,0.0,0.07,0.09,5,22,0,1,0,0.2857142857142857,0.0
7,1726,7,False,0,2025-02-22,1,0.0,0.01,0.02,5,22,0,1,0,0.42857142857142855,0.0
7,1734,7,False,0,2025-02-22,0,0.0,0.24,0.3,5,22,0,1,0,0.42857142857142855,0.0
7,1744,7,False,0,2025-02-22,2,0.0,0.07,0.11,5,22,0,1,0,0.42857142857142855,0.0
7,1796,7,False,0,2025-02-22,2,0.0,0.01,0.02,5,22,0,1,0,0.7142857142857143,0.0
7,1841,7,False,0,2025-02-22,1,0.0,0.03,0.07,5,22,0,1,0,1.0,0.0
7,1844,7,False,0,2025-02-22,1,0.0,0.13,0.18,5,22,0,1,0,1.1428571428571428,0.0
7,1858,7,False,0,2025-02-22,1,0.0,0.09,0.14,5,22,0,1,0,1.1428571428571428,0.0
7,1900,7,False,0,2025-02-22,1,0.0,0.18,0.15,5,22,0,1,0,1.1428571428571428,0.0
7,1938,7,False,0,2025-02-22,2,0.0,0.02,0.03,5,22,0,1,0,1.1428571428571428,0.0
7,2002,7,False,0,2025-02-22,3,0.0,0.01,0.02,5,22,0,1,0,1.4285714285714286,0.0
7,2008,7,False,0,2025-02-22,5,0.0,0.03,0.05,5,22,0,1,0,1.5714285714285714,0.0
7,2018,7,False,0,2025-02-22,1,0.0,0.11,0.14,5,22,0,1,0,2.0,0.0
7,2032,7,False,0,2025-02-22,1,0.0,0.34,0.37,5,22,0,1,0,2.0,0.0
7,2037,7,False,0,2025-02-22,10,0.0,0.06,0.1,5,22,0,1,0,2.0,0.0
7,2237,7,False,0,2025-02-22,1,0.0,0.12,0.15,5,22,0,1,0,3.2857142857142856,0.0
7,2243,7,False,0,2025-02-22,4,0.0,0.49,0.51,5,22,0,1,0,3.2857142857142856,0.0
7,2263,7,False,0,2025-02-22,2,0.0,0.04,0.07,5,22,0,1,0,3.5714285714285716,0.0
7,2310,7,False,0,2025-02-22,0,0.0,0.22,0.29,5,22,0,1,0,3.4285714285714284,0.0
7,2324,7,False,0,2025-02-22,1,0.0,0.19,0.22,5,22,0,1,0,2.7142857142857144,0.0
7,2341,7,False,0,2025-02-22,0,0.0,0.18,0.28,5,22,0,1,0,2.7142857142857144,0.0
7,2351,7,False,0,2025-02-22,1,0.0,0.07,0.11,5,22,0,1,0,2.5714285714285716,0.0
7,2408,7,False,0,2025-02-22,1,0.0,0.05,0.06,5,22,0,1,0,1.2857142857142858,0.0
7,2510,7,False,0,2025-02-22,1,0.0,0.19,0.27,5,22,0,1,0,1.2857142857142858,0.0
7,2526,7,False,0,2025-02-22,1,0.0,0.23,0.3,5,22,0,1,0,0.8571428571428571,0.0
7,2588,7,False,0,2025-02-22,3,0.0,0.04,0.07,5,22,0,1,0,0.7142857142857143,0.0
7,2604,7,False,0,2025-02-22,2,0.0,0.01,0.03,5,22,0,1,0,1.1428571428571428,0.0
7,2618,7,False,0,2025-02-22,0,0.0,0.04,0.06,5,22,0,1,0,1.2857142857142858,0.0
7,2686,7,False,0,2025-02-22,8,0.0,0.03,0.04,5,22,0,1,0,1.2857142857142858,0.0
7,2698,7,False,0,2025-02-22,0,0.0,0.5,0.76,5,22,0,1,0,2.2857142857142856,0.0
7,2723,7,False,0,2025-02-22,0,0.0,0.02,0.04,5,22,0,1,0,2.142857142857143,0.0
7,2823,7,False,0,2025-02-22,0,0.0,0.18,0.22,5,22,0,1,0,2.0,0.0
7,2836,7,False,0,2025-02-22,0,0.0,0.04,0.06,5,22,0,1,0,1.8571428571428572,0.0
7,2855,7,False,0,2025-02-22,1,0.0,0.07,0.08,5,22,0,1,0,1.4285714285714286,0.0
7,2966,7,False,0,2025-02-22,1,0.0,0.01,0.01,5,22,0,1,0,1.2857142857142858,0.0
7,3033,7,False,0,2025-02-22,1,0.0,0.09,0.12,5,22,0,1,0,1.4285714285714286,0.0
7,3039,7,False,0,2025-02-22,1,0.0,0.01,0.03,5,22,0,1,0,0.42857142857142855,0.0
7,3043,7,False,0,2025-02-22,1,0.0,0.19,0.26,5,22,0,1,0,0.5714285714285714,0.0
7,3060,7,False,0,2025-02-22,1,0.0,0.08,0.09,5,22,0,1,0,0.7142857142857143,0.0
7,3099,7,False,0,2025-02-22,1,0.0,0.04,0.06,5,22,0,1,0,0.8571428571428571,0.0
7,3103,7,False,0,2025-02-22,1,0.0,0.06,0.07,5,22,0,1,0,1.0,0.0
7,3155,7,False,0,2025-02-22,2,0.0,0.22,0.39,5,22,0,1,0,1.0,0.0
7,3245,7,False,0,2025-02-22,1,0.0,0.04,0.05,5,22,0,1,0,1.1428571428571428,0.0
7,3248,7,False,0,2025-02-22,0,0.0,0.05,0.05,5,22,0,1,0,1.1428571428571428,0.0
7,3355,7,False,0,2025-02-22,1,0.0,0.08,0.15,5,22,0,1,0,1.0,0.0
7,3435,7,False,0,2025-02-22,0,1.0,0.08,0.1,5,22,0,1,0,1.0,0.0
7,3441,7,False,0,2025-02-22,1,0.0,0.05,0.06,5,22,0,1,0,0.8571428571428571,0.0
7,3579,7,False,0,2025-02-22,0,0.0,0.04,0.05,5,22,0,1,0,0.8571428571428571,0.0
7,3619,7,False,0,2025-02-22,0,0.0,0.14,0.23,5,22,0,1,0,0.7142857142857143,0.0
7,3652,7,False,0,2025-02-22,1,0.0,0.07,0.1,5,22,0,1,0,0.42857142857142855,0.0
7,3763,7,False,0,2025-02-22,0,0.0,0.02,0.03,5,22,0,1,0,0.42857142857142855,0.0
7,3805,7,False,0,2025-02-22,0,0.0,0.04,0.05,5,22,0,1,0,0.42857142857142855,0.0
7,4060,7,False,0,2025-02-22,0,0.0,0.1,0.13,5,22,0,1,0,0.2857142857142857,0.0
7,4079,7,False,0,2025-02-22,3,0.0,0.01,0.02,5,22,0,1,0,0.2857142857142857,0.0
7,4114,7,False,0,2025-02-22,0,0.0,0.05,0.09,5,22,0,1,0,0.5714285714285714,0.0
7,4180,7,False,0,2025-02-22,0,0.0,0.29,0.51,5,22,0,1,0,0.5714285714285714,0.0
7,4219,7,False,0,2025-02-22,2,0.0,0.28,0.39,5,22,0,1,0,0.5714285714285714,0.0
7,4245,7,False,0,2025-02-22,1,0.0,0.04,0.05,5,22,0,1,0,0.7142857142857143,0.0
7,4297,7,False,0,2025-02-22,1,0.0,0.25,0.35,5,22,0,1,0,0.8571428571428571,0.0
7,4402,7,False,0,2025-02-22,0,0.0,0.02,0.03,5,22,0,1,0,1.0,0.0
7,4407,7,False,0,2025-02-22,0,0.0,0.19,0.34,5,22,0,1,0,1.0,0.0
7,4415,7,False,0,2025-02-22,0,0.0,0.04,0.03,5,22,0,1,0,0.5714285714285714,0.0
7,4537,7,False,0,2025-02-22,2,0.0,0.07,0.1,5,22,0,1,0,0.5714285714285714,0.0
7,4549,7,False,0,2025-02-22,0,0.0,0.05,0.06,5,22,0,1,0,0.8571428571428571,0.0
7,4597,7,False,0,2025-02-22,0,0.0,0.08,0.11,5,22,0,1,0,0.5714285714285714,0.0
7,4625,7,False,0,2025-02-22,0,0.0,0.11,0.17,5,22,0,1,0,0.42857142857142855,0.0
7,4639,7,False,0,2025-02-22,1,0.0,0.13,0.19,5,22,0,1,0,0.2857142857142857,0.0
7,4705,7,False,0,2025-02-22,2,0.0,0.43,0.52,5,22,0,1,0,0.42857142857142855,0.0
7,4754,7,False,0,2025-02-22,1,0.0,0.26,0.34,5,22,0,1,0,0.7142857142857143,0.0
7,4792,7,False,0,2025-02-22,0,0.0,0.34,0.4,5,22,0,1,0,0.8571428571428571,0.0
7,4793,7,False,0,2025-02-22,2,0.0,0.02,0.03,5,22,0,1,0,0.5714285714285714,0.0
7,4918,7,False,0,2025-02-22,0,0.0,0.14,0.23,5,22,0,1,0,0.8571428571428571,0.0
7,4932,7,False,0,2025-02-22,0,0.0,0.07,0.11,5,22,0,1,0,0.8571428571428571,0.0
7,4950,7,False,0,2025-02-22,1,0.0,0.05,0.09,5,22,0,1,0,0.8571428571428571,0.0
7,5009,7,False,0,2025-02-22,4,0.0,0.04,0.08,5,22,0,1,0,0.8571428571428571,0.0
7,5050,7,False,0,2025-02-22,1,0.0,0.07,0.11,5,22,0,1,0,1.1428571428571428,0.0
7,5061,7,False,0,2025-02-22,1,0.0,0.21,0.3,5,22,0,1,0,1.1428571428571428,0.0
7,5114,7,False,0,2025-02-22,0,0.0,0.02,0.04,5,22,0,1,0,1.2857142857142858,0.0
7,5147,7,False,0,2025-02-22,0,0.0,0.02,0.03,5,22,0,1,0,1.0,0.0
7,5166,7,False,0,2025-02-22,1,0.0,0.05,0.08,5,22,0,1,0,1.0,0.0
7,5235,7,False,0,2025-02-22,0,0.0,0.14,0.21,5,22,0,1,0,1.1428571428571428,0.0
7,5248,7,False,0,2025-02-22,4,0.0,0.03,0.12,5,22,0,1,0,1.0,0.0
7,5273,7,False,0,2025-02-22,1,0.0,0.09,0.12,5,22,0,1,0,1.0,0.0
7,14,8,False,0,2025-02-22,0,0.0,0.2,0.32,5,22,0,1,0,1.0,0.0
7,81,8,False,0,2025-02-22,0,0.0,0.01,0.01,5,22,0,1,0,0.8571428571428571,0.0
7,231,8,False,0,2025-02-22,0,0.0,0.03,0.04,5,22,0,1,0,0.8571428571428571,0.0
7,260,8,False,0,2025-02-22,43,1.0,0.02,0.03,5,22,0,1,0,0.8571428571428571,0.0
7,303,8,False,0,2025-02-22,0,0.0,0.0,0.01,5,22,0,1,0,6.857142857142857,0.0
7,320,8,False,0,2025-02-22,0,0.0,0.13,0.2,5,22,0,1,0,6.857142857142857,0.0
7,385,8,False,0,2025-02-22,0,0.0,0.22,0.32,5,22,0,1,0,6.285714285714286,0.0
7,389,8,False,0,2025-02-22,0,0.0,0.02,0.05,5,22,0,1,0,6.142857142857143,0.0
7,465,8,False,0,2025-02-22,1,0.0,0.03,0.06,5,22,0,1,0,6.142857142857143,0.0
7,633,8,False,0,2025-02-22,0,0.0,0.05,0.06,5,22,0,1,0,6.285714285714286,0.0
7,835,8,False,0,2025-02-22,1,0.0,0.25,0.33,5,22,0,1,0,6.285714285714286,0.0
7,857,8,False,0,2025-02-22,2,0.0,0.02,0.05,5,22,0,1,0,0.2857142857142857,0.0
7,876,8,False,0,2025-02-22,0,0.0,0.01,0.02,5,22,0,1,0,0.5714285714285714,0.0
7,902,8,False,0,2025-02-22,2,0.0,0.02,0.04,5,22,0,1,0,0.5714285714285714,0.0
7,914,8,False,0,2025-02-22,2,0.0,0.13,0.21,5,22,0,1,0,0.8571428571428571,0.0
7,927,8,False,0,2025-02-22,10,0.0,0.01,0.03,5,22,0,1,0,1.1428571428571428,0.0
7,981,8,False,0,2025-02-22,0,0.0,0.01,0.01,5,22,0,1,0,2.4285714285714284,0.0
7,1056,8,False,0,2025-02-22,11,0.0,0.02,0.03,5,22,0,1,0,2.4285714285714284,0.0
7,1310,8,False,0,2025-02-22,1,0.0,0.22,0.29,5,22,0,1,0,3.857142857142857,0.0
7,1327,8,False,0,2025-02-22,9,0.0,0.02,0.03,5,22,0,1,0,3.7142857142857144,0.0
7,1347,8,False,0,2025-02-22,1,0.0,0.25,0.3,5,22,0,1,0,5.0,0.0
7,1363,8,False,0,2025-02-22,3,0.0,0.01,0.03,5,22,0,1,0,4.857142857142857,0.0
7,1371,8,False,0,2025-02-22,0,0.0,0.02,0.02,5,22,0,1,0,5.0,0.0
7,1385,8,False,0,2025-02-22,2,0.0,0.39,0.44,5,22,0,1,0,3.5714285714285716,0.0
7,1395,8,False,0,2025-02-22,1,0.0,0.01,0.02,5,22,0,1,0,3.857142857142857,0.0
7,1415,8,False,0,2025-02-22,0,0.0,0.0,0.0,5,22,0,1,0,2.4285714285714284,0.0
7,1459,8,False,0,2025-02-22,1,0.0,0.03,0.05,5,22,0,1,0,2.2857142857142856,0.0
7,1521,8,False,0,2025-02-22,2,0.0,0.08,0.12,5,22,0,1,0,1.1428571428571428,0.0
7,1525,8,False,0,2025-02-22,68,0.0,0.01,0.02,5,22,0,1,0,1.2857142857142858,0.0
7,1549,8,False,0,2025-02-22,6,0.0,0.01,0.02,5,22,0,1,0,10.571428571428571,0.0
7,1620,8,False,0,2025-02-22,0,0.0,0.03,0.04,5,22,0,1,0,11.428571428571429,0.0
7,1755,8,False,0,2025-02-22,0,0.0,0.02,0.03,5,22,0,1,0,11.142857142857142,0.0
7,1846,8,False,0,2025-02-22,1,0.0,0.14,0.19,5,22,0,1,0,11.0,0.0
7,1916,8,False,0,2025-02-22,23,0.0,0.02,0.02,5,22,0,1,0,11.142857142857142,0.0
7,1941,8,False,0,2025-02-22,0,0.0,0.18,0.23,5,22,0,1,0,14.285714285714286,0.0
7,1966,8,False,0,2025-02-22,0,0.0,0.12,0.13,5,22,0,1,0,14.0,0.0
7,2001,8,False,0,2025-02-22,0,0.0,0.16,0.2,5,22,0,1,0,4.285714285714286,0.0
7,2094,8,False,0,2025-02-22,0,0.0,0.21,0.21,5,22,0,1,0,3.4285714285714284,0.0
7,2157,8,False,0,2025-02-22,1,0.0,0.03,0.05,5,22,0,1,0,3.4285714285714284,0.0
7,2254,8,False,0,2025-02-22,1,0.0,0.18,0.3,5,22,0,1,0,3.5714285714285716,0.0
7,2371,8,False,0,2025-02-22,0,0.0,0.02,0.05,5,22,0,1,0,3.5714285714285716,0.0
7,2462,8,False,0,2025-02-22,2,0.0,0.33,0.59,5,22,0,1,0,0.2857142857142857,0.0
7,2475,8,False,0,2025-02-22,0,0.0,0.13,0.19,5,22,0,1,0,0.5714285714285714,0.0
7,2507,8,False,0,2025-02-22,0,0.0,0.01,0.02,5,22,0,1,0,0.5714285714285714,0.0
7,2673,8,False,0,2025-02-22,0,0.0,0.02,0.04,5,22,0,1,0,0.5714285714285714,0.0
7,2681,8,False,0,2025-02-22,1,0.0,0.04,0.06,5,22,0,1,0,0.5714285714285714,0.0
7,2706,8,False,0,2025-02-22,0,0.0,0.02,0.05,5,22,0,1,0,0.5714285714285714,0.0
7,2718,8,False,0,2025-02-22,10,0.0,0.04,0.09,5,22,0,1,0,0.42857142857142855,0.0
7,2874,8,False,0,2025-02-22,44,0.0,0.02,0.03,5,22,0,1,0,1.8571428571428572,0.0
7,2875,8,False,0,2025-02-22,0,0.0,0.01,0.02,5,22,0,1,0,7.857142857142857,0.0
7,2888,8,False,0,2025-02-22,3,0.0,0.03,0.05,5,22,0,1,0,7.857142857142857,0.0
7,2969,8,False,0,2025-02-22,3,0.0,0.01,0.02,5,22,0,1,0,8.285714285714286,0.0
7,2971,8,False,0,2025-02-22,0,0.0,0.23,0.24,5,22,0,1,0,8.714285714285714,0.0
7,3057,8,False,0,2025-02-22,38,0.0,0.01,0.01,5,22,0,1,0,8.571428571428571,0.0
7,3121,8,False,0,2025-02-22,0,0.0,0.16,0.23,5,22,0,1,0,14.0,0.0
7,3157,8,False,0,2025-02-22,0,0.0,0.01,0.01,5,22,0,1,0,12.571428571428571,0.0
7,3189,8,False,0,2025-02-22,1,0.0,0.1,0.15,5,22,0,1,0,6.285714285714286,0.0
7,3194,8,False,0,2025-02-22,2,0.0,0.21,0.22,5,22,0,1,0,6.428571428571429,0.0
7,3228,8,False,0,2025-02-22,9,1.0,0.03,0.04,5,22,0,1,0,6.285714285714286,0.0
7,3269,8,False,0,2025-02-22,0,0.0,0.1,0.17,5,22,0,1,0,7.142857142857143,0.0
7,3294,8,False,0,2025-02-22,0,0.0,0.13,0.19,5,22,0,1,0,7.142857142857143,0.0
7,3300,8,False,0,2025-02-22,2,0.0,0.1,0.15,5,22,0,1,0,1.7142857142857142,0.0
7,3318,8,False,0,2025-02-22,6,0.0,0.1,0.21,5,22,0,1,0,2.0,0.0
7,3404,8,False,0,2025-02-22,0,0.0,0.11,0.2,5,22,0,1,0,2.857142857142857,0.0
7,3563,8,False,0,2025-02-22,0,0.0,0.29,0.32,5,22,0,1,0,2.7142857142857144,0.0
7,3666,8,False,0,2025-02-22,12,0.0,0.02,0.02,5,22,0,1,0,2.4285714285714284,0.0
7,3676,8,False,0,2025-02-22,2,0.0,0.01,0.01,5,22,0,1,0,2.857142857142857,0.0
7,3716,8,False,0,2025-02-22,2,0.0,0.1,0.15,5,22,0,1,0,3.142857142857143,0.0
7,3740,8,False,0,2025-02-22,2,0.0,0.04,0.06,5,22,0,1,0,3.4285714285714284,0.0
7,3781,8,False,0,2025-02-22,1,0.0,0.04,0.06,5,22,0,1,0,3.4285714285714284,0.0
7,3783,8,False,0,2025-02-22,26,0.0,0.03,0.03,5,22,0,1,0,2.7142857142857144,0.0
7,3938,8,False,0,2025-02-22,16,0.0,0.02,0.04,5,22,0,1,0,6.428571428571429,0.0
7,4003,8,False,0,2025-02-22,0,0.0,0.02,0.02,5,22,0,1,0,8.714285714285714,0.0
7,4029,8,False,0,2025-02-22,3,0.0,0.02,0.04,5,22,0,1,0,7.0,0.0
7,4044,8,False,0,2025-02-22,2,0.0,0.02,0.03,5,22,0,1,0,7.142857142857143,0.0
7,4113,8,False,0,2025-02-22,2,0.0,0.08,0.15,5,22,0,1,0,7.142857142857143,0.0
7,4208,8,False,0,2025-02-22,0,0.0,0.43,0.56,5,22,0,1,0,7.142857142857143,0.0
7,4236,8,False,0,2025-02-22,1,0.0,0.14,0.21,5,22,0,1,0,7.0,0.0
7,4403,8,False,0,2025-02-22,0,0.0,0.15,0.15,5,22,0,1,0,3.4285714285714284,0.0
7,4425,8,False,0,2025-02-22,0,0.0,0.06,0.05,5,22,0,1,0,1.1428571428571428,0.0
7,4442,8,False,0,2025-02-22,9,0.0,0.02,0.04,5,22,0,1,0,1.1428571428571428,0.0
7,4506,8,False,0,2025-02-22,2,0.0,0.04,0.07,5,22,0,1,0,2.0,0.0
7,4531,8,False,0,2025-02-22,1,0.0,0.25,0.35,5,22,0,1,0,2.0,0.0
7,4629,8,False,0,2025-02-22,3,0.0,0.01,0.02,5,22,0,1,0,1.8571428571428572,0.0
7,4873,8,False,0,2025-02-22,0,0.0,0.01,0.02,5,22,0,1,0,2.2857142857142856,0.0
7,4991,8,False,0,2025-02-22,3,0.0,0.05,0.08,5,22,0,1,0,2.142857142857143,0.0
7,5047,8,False,0,2025-02-22,0,0.0,0.16,0.19,5,22,0,1,0,2.5714285714285716,0.0
7,5152,8,False,0,2025-02-22,1,0.0,0.02,0.04,5,22,0,1,0,2.5714285714285716,0.0
7,5155,8,False,0,2025-02-22,0,0.0,0.04,0.07,5,22,0,1,0,1.4285714285714286,0.0
7,8,9,True,0,2025-02-22,0,0.0,0.05,0.18,5,22,0,1,0,1.1428571428571428,0.0
7,11,9,True,0,2025-02-22,0,0.0,0.03,0.06,5,22,0,1,0,1.0,0.0
7,23,9,True,0,2025-02-22,0,0.0,0.03,0.06,5,22,0,1,0,0.5714285714285714,0.0
7,49,9,True,0,2025-02-22,0,0.0,0.06,0.15,5,22,0,1,0,0.5714285714285714,0.0
7,50,9,True,0,2025-02-22,0,0.0,0.02,0.1,5,22,0,1,0,0.14285714285714285,0.0
7,135,9,True,0,2025-02-22,0,0.0,0.14,0.24,5,22,0,1,0,0.14285714285714285,0.0
7,150,9,True,0,2025-02-22,0,0.0,0.04,0.05,5,22,0,1,0,0.0,0.0
7,163,9,True,0,2025-02-22,0,0.0,0.05,0.07,5,22,0,1,0,0.0,0.0
7,201,9,True,0,2025-02-22,0,0.0,0.16,0.28,5,22,0,1,0,0.0,0.0
7,244,9,True,0,2025-02-22,0,0.0,0.01,0.05,5,22,0,1,0,0.0,0.0
7,259,9,True,0,2025-02-22,0,0.0,0.06,0.14,5,22,0,1,0,0.0,0.0
7,271,9,True,0,2025-02-22,0,0.0,0.01,0.07,5,22,0,1,0,0.0,0.0
7,276,9,True,0,2025-02-22,0,0.0,0.06,0.12,5,22,0,1,0,0.0,0.0
7,280,9,True,0,2025-02-22,0,0.0,0.01,0.03,5,22,0,1,0,0.0,0.0
7,296,9,True,0,2025-02-22,0,0.0,0.25,0.32,5,22,0,1,0,0.0,0.0
7,298,9,True,0,2025-02-22,0,0.0,0.03,0.07,5,22,0,1,0,0.0,0.0
7,302,9,True,0,2025-02-22,0,0.0,0.03,0.06,5,22,0,1,0,0.0,0.0
7,308,9,True,0,2025-02-22,0,0.0,0.03,0.06,5,22,0,1,0,0.0,0.0
7,334,9,True,0,2025-02-22,0,0.0,0.01,0.07,5,22,0,1,0,0.0,0.0
7,357,9,True,0,2025-02-22,0,0.0,0.09,0.16,5,22,0,1,0,0.0,0.0
7,365,9,True,0,2025-02-22,0,0.0,0.02,0.06,5,22,0,1,0,0.0,0.0
7,374,9,True,0,2025-02-22,1,0.0,0.03,0.05,5,22,0,1,0,0.0,0.0
7,378,9,True,0,2025-02-22,0,0.0,0.03,0.07,5,22,0,1,0,0.14285714285714285,0.0
7,395,9,True,0,2025-02-22,0,0.0,0.01,0.04,5,22,0,1,0,0.14285714285714285,0.0
7,453,9,True,0,2025-02-22,0,0.0,0.01,0.05,5,22,0,1,0,0.14285714285714285,0.0
7,479,9,True,0,2025-02-22,0,0.0,0.13,0.16,5,22,0,1,0,0.14285714285714285,0.0
7,485,9,True,0,2025-02-22,0,0.0,0.05,0.12,5,22,0,1,0,0.14285714285714285,0.0
7,507,9,True,0,2025-02-22,0,0.0,0.04,0.05,5,22,0,1,0,0.14285714285714285,0.0
7,508,9,True,0,2025-02-22,0,0.0,0.02,0.07,5,22,0,1,0,0.14285714285714285,0.0
7,533,9,True,0,2025-02-22,0,0.0,0.01,0.03,5,22,0,1,0,0.0,0.0
7,558,9,True,0,2025-02-22,0,0.0,0.11,0.17,5,22,0,1,0,0.0,0.0
7,572,9,True,0,2025-02-22,0,0.0,0.06,0.08,5,22,0,1,0,0.0,0.0
7,575,9,True,0,2025-02-22,0,0.0,0.05,0.09,5,22,0,1,0,0.0,0.0
7,578,9,True,0,2025-02-22,0,0.0,0.14,0.2,5,22,0,1,0,0.0,0.0
7,608,9,True,0,2025-02-22,0,0.0,0.06,0.16,5,22,0,1,0,0.0,0.0
7,648,9,True,0,2025-02-22,0,0.0,0.07,0.15,5,22,0,1,0,0.0,0.0
7,656,9,True,0,2025-02-22,0,0.0,0.1,0.16,5,22,0,1,0,0.0,0.0
7,682,9,True,0,2025-02-22,0,0.0,0.04,0.12,5,22,0,1,0,0.0,0.0
7,730,9,True,0,2025-02-22,0,0.0,0.01,0.04,5,22,0,1,0,0.0,0.0
7,756,9,True,0,2025-02-22,0,0.0,0.1,0.2,5,22,0,1,0,0.0,0.0
7,778,9,True,0,2025-02-22,0,0.0,0.07,0.09,5,22,0,1,0,0.0,0.0
7,782,9,True,0,2025-02-22,0,0.0,0.1,0.16,5,22,0,1,0,0.0,0.0
7,786,9,True,0,2025-02-22,0,0.0,0.02,0.04,5,22,0,1,0,0.0,0.0
7,816,9,True,0,2025-02-22,0,0.0,0.01,0.03,5,22,0,1,0,0.0,0.0
7,833,9,True,0,2025-02-22,0,0.0,0.04,0.07,5,22,0,1,0,0.0,0.0
7,853,9,True,0,2025-02-22,0,0.0,0.15,0.22,5,22,0,1,0,0.0,0.0
7,865,9,True,0,2025-02-22,0,0.0,0.12,0.2,5,22,0,1,0,0.0,0.0
7,890,9,True,0,2025-02-22,0,0.0,0.01,0.05,5,22,0,1,0,0.0,0.0
7,895,9,True,0,2025-02-22,0,0.0,0.06,0.11,5,22,0,1,0,0.0,0.0
7,898,9,True,0,2025-02-22,0,0.0,0.01,0.02,5,22,0,1,0,0.0,0.0
7,915,9,True,0,2025-02-22,0,0.0,0.01,0.03,5,22,0,1,0,0.0,0.0
7,943,9,True,0,2025-02-22,0,0.0,0.04,0.12,5,22,0,1,0,0.0,0.0
7,944,9,True,0,2025-02-22,0,0.0,0.09,0.13,5,22,0,1,0,0.0,0.0
7,949,9,True,0,2025-02-22,0,0.0,0.06,0.1,5,22,0,1,0,0.0,0.0
7,956,9,True,0,2025-02-22,0,0.0,0.02,0.06,5,22,0,1,0,0.0,0.0
7,986,9,True,0,2025-02-22,0,0.0,0.01,0.03,5,22,0,1,0,0.0,0.0
7,999,9,True,0,2025-02-22,0,0.0,0.06,0.14,5,22,0,1,0,0.0,0.0
7,1001,9,True,0,2025-02-22,0,0.0,0.02,0.06,5,22,0,1,0,0.0,0.0
7,1027,9,True,0,2025-02-22,0,0.0,0.02,0.06,5,22,0,1,0,0.0,0.0
7,1048,9,True,0,2025-02-22,0,0.0,0.08,0.4,5,22,0,1,0,0.0,0.0
7,1054,9,True,0,2025-02-22,0,0.0,0.01,0.02,5,22,0,1,0,0.0,0.0
7,1139,9,True,0,2025-02-22,0,0.0,0.03,0.06,5,22,0,1,0,0.0,0.0
7,1140,9,True,0,2025-02-22,0,0.0,0.01,0.05,5,22,0,1,0,0.0,0.0
7,1152,9,True,0,2025-02-22,0,0.0,0.0,0.04,5,22,0,1,0,0.0,0.0
7,1166,9,True,0,2025-02-22,0,0.0,0.04,0.1,5,22,0,1,0,0.0,0.0
7,1171,9,True,0,2025-02-22,0,0.0,0.41,0.54,5,22,0,1,0,0.0,0.0
7,1222,9,True,0,2025-02-22,0,0.0,0.05,0.19,5,22,0,1,0,0.0,0.0
7,1252,9,True,0,2025-02-22,0,0.0,0.06,0.23,5,22,0,1,0,0.0,0.0
7,1331,9,True,0,2025-02-22,0,0.0,0.09,0.63,5,22,0,1,0,0.0,0.0
7,1355,9,True,0,2025-02-22,0,0.0,0.02,0.04,5,22,0,1,0,0.0,0.0
7,1366,9,True,0,2025-02-22,0,0.0,0.62,0.84,5,22,0,1,0,0.0,0.0
7,1401,9,True,0,2025-02-22,0,0.0,0.03,0.07,5,22,0,1,0,0.0,0.0
7,1435,9,True,0,2025-02-22,0,0.0,0.03,0.03,5,22,0,1,0,0.0,0.0
7,1442,9,True,0,2025-02-22,0,0.0,0.03,0.06,5,22,0,1,0,0.0,0.0
7,1449,9,True,0,2025-02-22,0,0.0,0.01,0.06,5,22,0,1,0,0.0,0.0
7,1474,9,True,0,2025-02-22,0,0.0,0.06,0.11,5,22,0,1,0,0.0,0.0
7,1489,9,True,0,2025-02-22,0,0.0,0.02,0.06,5,22,0,1,0,0.0,0.0
7,1492,9,True,0,2025-02-22,0,0.0,0.11,0.16,5,22,0,1,0,0.0,0.0
7,1530,9,True,0,2025-02-22,0,0.0,0.09,0.11,5,22,0,1,0,0.0,0.0
7,1572,9,True,0,2025-02-22,0,0.0,0.04,0.1,5,22,0,1,0,0.0,0.0
7,1583,9,True,0,2025-02-22,0,0.0,0.03,0.08,5,22,0,1,0,0.0,0.0
7,1595,9,True,0,2025-02-22,0,0.0,0.02,0.05,5,22,0,1,0,0.0,0.0
7,1636,9,True,0,2025-02-22,0,0.0,0.02,0.09,5,22,0,1,0,0.0,0.0
7,1643,9,True,0,2025-02-22,0,0.0,0.07,0.11,5,22,0,1,0,0.0,0.0
7,1671,9,True,0,2025-02-22,0,0.0,0.01,0.09,5,22,0,1,0,0.0,0.0
7,1687,9,True,0,2025-02-22,0,0.0,0.06,0.1,5,22,0,1,0,0.0,0.0
7,1719,9,True,0,2025-02-22,1,1.0,0.06,0.1,5,22,0,1,0,0.0,0.0
7,1758,9,True,0,2025-02-22,0,0.0,0.05,0.09,5,22,0,1,0,0.14285714285714285,0.0
7,1810,9,True,0,2025-02-22,0,0.0,0.02,0.07,5,22,0,1,0,0.14285714285714285,0.0
7,1837,9,True,0,2025-02-22,0,0.0,0.04,0.06,5,22,0,1,0,0.14285714285714285,0.0
7,1857,9,True,0,2025-02-22,0,0.0,0.04,0.07,5,22,0,1,0,0.14285714285714285,0.0
7,1883,9,True,0,2025-02-22,1,0.0,0.06,0.12,5,22,0,1,0,0.14285714285714285,0.0
7,1889,9,True,0,2025-02-22,0,0.0,0.02,0.06,5,22,0,1,0,0.2857142857142857,0.0
7,1920,9,True,0,2025-02-22,0,0.0,0.13,0.15,5,22,0,1,0,0.2857142857142857,0.0
7,2012,9,True,0,2025-02-22,0,0.0,0.02,0.12,5,22,0,1,0,0.14285714285714285,0.0
7,2060,9,True,0,2025-02-22,0,0.0,0.13,0.2,5,22,0,1,0,0.14285714285714285,0.0
7,2065,9,True,0,2025-02-22,0,0.0,0.01,0.03,5,22,0,1,0,0.14285714285714285,0.0
7,2074,9,True,0,2025-02-22,0,0.0,0.07,0.22,5,22,0,1,0,0.14285714285714285,0.0
7,2139,9,True,0,2025-02-22,0,0.0,0.02,0.1,5,22,0,1,0,0.14285714285714285,0.0
7,2164,9,True,0,2025-02-22,0,0.0,0.01,0.05,5,22,0,1,0,0.0,0.0
7,2195,9,True,0,2025-02-22,0,0.0,0.01,0.02,5,22,0,1,0,0.0,0.0
7,2207,9,True,0,2025-02-22,0,0.0,0.07,0.12,5,22,0,1,0,0.0,0.0
7,2221,9,True,0,2025-02-22,0,0.0,0.01,0.05,5,22,0,1,0,0.0,0.0
7,2231,9,True,0,2025-02-22,0,0.0,0.03,0.09,5,22,0,1,0,0.0,0.0
7,2235,9,True,0,2025-02-22,0,0.0,0.06,0.07,5,22,0,1,0,0.0,0.0
7,2248,9,True,0,2025-02-22,1,2.0,0.07,0.28,5,22,0,1,0,0.0,0.0
7,2319,9,True,0,2025-02-22,0,0.0,0.18,0.54,5,22,0,1,0,0.14285714285714285,0.0
7,2327,9,True,0,2025-02-22,0,0.0,0.02,0.07,5,22,0,1,0,0.14285714285714285,0.0
7,2328,9,True,0,2025-02-22,0,0.0,0.18,0.25,5,22,0,1,0,0.14285714285714285,0.0
7,2339,9,True,0,2025-02-22,0,0.0,0.03,0.14,5,22,0,1,0,0.14285714285714285,0.0
7,2365,9,True,0,2025-02-22,0,0.0,0.0,0.01,5,22,0,1,0,0.14285714285714285,0.0
7,2425,9,True,0,2025-02-22,0,0.0,0.05,0.14,5,22,0,1,0,0.14285714285714285,0.0
7,2428,9,True,0,2025-02-22,0,0.0,0.31,0.42,5,22,0,1,0,0.14285714285714285,0.0
7,2430,9,True,0,2025-02-22,0,0.0,0.01,0.04,5,22,0,1,0,0.0,0.0
7,2437,9,True,0,2025-02-22,0,0.0,0.03,0.07,5,22,0,1,0,0.0,0.0
7,2476,9,True,0,2025-02-22,0,0.0,0.04,0.33,5,22,0,1,0,0.0,0.0
7,2509,9,True,0,2025-02-22,0,0.0,0.07,0.15,5,22,0,1,0,0.0,0.0
7,2535,9,True,0,2025-02-22,0,0.0,0.07,0.09,5,22,0,1,0,0.0,0.0
7,2561,9,True,0,2025-02-22,0,0.0,0.06,0.1,5,22,0,1,0,0.0,0.0
7,2562,9,True,0,2025-02-22,0,0.0,0.04,0.09,5,22,0,1,0,0.0,0.0
7,2570,9,True,0,2025-02-22,1,0.0,0.02,0.02,5,22,0,1,0,0.0,0.0
7,2579,9,True,0,2025-02-22,0,0.0,0.1,0.18,5,22,0,1,0,0.14285714285714285,0.0
7,2599,9,True,0,2025-02-22,0,0.0,0.14,0.2,5,22,0,1,0,0.14285714285714285,0.0
7,2656,9,True,0,2025-02-22,0,0.0,0.05,0.5,5,22,0,1,0,0.14285714285714285,0.0
7,2666,9,True,0,2025-02-22,0,0.0,0.07,0.15,5,22,0,1,0,0.14285714285714285,0.0
7,2696,9,True,0,2025-02-22,0,0.0,0.02,0.03,5,22,0,1,0,0.14285714285714285,0.0
7,2703,9,True,0,2025-02-22,0,0.0,0.03,0.06,5,22,0,1,0,0.14285714285714285,0.0
7,2713,9,True,0,2025-02-22,0,0.0,0.02,0.03,5,22,0,1,0,0.14285714285714285,0.0
7,2728,9,True,0,2025-02-22,0,0.0,0.1,0.11,5,22,0,1,0,0.0,0.0
7,2733,9,True,0,2025-02-22,0,0.0,0.06,0.09,5,22,0,1,0,0.0,0.0
7,2762,9,True,0,2025-02-22,0,0.0,0.02,0.04,5,22,0,1,0,0.0,0.0
7,2766,9,True,0,2025-02-22,0,0.0,0.13,0.29,5,22,0,1,0,0.0,0.0
7,2777,9,True,0,2025-02-22,0,0.0,0.03,0.07,5,22,0,1,0,0.0,0.0
7,2779,9,True,0,2025-02-22,0,0.0,0.03,0.05,5,22,0,1,0,0.0,0.0
7,2787,9,True,0,2025-02-22,0,0.0,0.02,0.07,5,22,0,1,0,0.0,0.0
7,2790,9,True,0,2025-02-22,0,0.0,0.02,0.07,5,22,0,1,0,0.0,0.0
7,2793,9,True,0,2025-02-22,0,0.0,0.07,0.17,5,22,0,1,0,0.0,0.0
7,2794,9,True,0,2025-02-22,0,0.0,0.02,0.05,5,22,0,1,0,0.0,0.0
7,2802,9,True,0,2025-02-22,0,0.0,0.01,0.04,5,22,0,1,0,0.0,0.0
7,2810,9,True,0,2025-02-22,0,0.0,0.04,0.09,5,22,0,1,0,0.0,0.0
7,2819,9,True,0,2025-02-22,0,0.0,0.16,0.22,5,22,0,1,0,0.0,0.0
7,2837,9,True,0,2025-02-22,0,0.0,0.15,0.17,5,22,0,1,0,0.0,0.0
7,2863,9,True,0,2025-02-22,0,0.0,0.14,0.22,5,22,0,1,0,0.0,0.0
7,2865,9,True,0,2025-02-22,0,0.0,0.07,0.14,5,22,0,1,0,0.0,0.0
7,2879,9,True,0,2025-02-22,0,0.0,0.02,0.04,5,22,0,1,0,0.0,0.0
7,2900,9,True,0,2025-02-22,0,0.0,0.03,0.09,5,22,0,1,0,0.0,0.0
7,2965,9,True,0,2025-02-22,0,0.0,0.04,0.04,5,22,0,1,0,0.0,0.0
7,2993,9,True,0,2025-02-22,0,0.0,0.08,0.17,5,22,0,1,0,0.0,0.0
7,3005,9,True,0,2025-02-22,0,0.0,0.1,0.12,5,22,0,1,0,0.0,0.0
7,3075,9,True,0,2025-02-22,1,0.0,0.19,0.43,5,22,0,1,0,0.0,0.0
7,3080,9,True,0,2025-02-22,0,0.0,0.22,0.5,5,22,0,1,0,0.14285714285714285,0.0
7,3081,9,True,0,2025-02-22,0,0.0,0.08,0.14,5,22,0,1,0,0.14285714285714285,0.0
7,3109,9,True,0,2025-02-22,0,0.0,0.03,0.08,5,22,0,1,0,0.14285714285714285,0.0
7,3138,9,True,0,2025-02-22,0,0.0,0.18,0.28,5,22,0,1,0,0.14285714285714285,0.0
7,3141,9,True,0,2025-02-22,0,0.0,0.06,0.17,5,22,0,1,0,0.14285714285714285,0.0
7,3150,9,True,0,2025-02-22,0,0.0,0.0,0.01,5,22,0,1,0,0.14285714285714285,0.0
7,3171,9,True,0,2025-02-22,0,0.0,0.03,0.06,5,22,0,1,0,0.14285714285714285,0.0
7,3182,9,True,0,2025-02-22,0,0.0,0.02,0.08,5,22,0,1,0,0.0,0.0
7,3231,9,True,0,2025-02-22,0,0.0,0.08,0.17,5,22,0,1,0,0.0,0.0
7,3243,9,True,0,2025-02-22,0,0.0,0.02,0.06,5,22,0,1,0,0.0,0.0
7,3252,9,True,0,2025-02-22,0,0.0,0.02,0.09,5,22,0,1,0,0.0,0.0
7,3270,9,True,0,2025-02-22,0,0.0,0.12,0.18,5,22,0,1,0,0.0,0.0
7,3297,9,True,0,2025-02-22,1,0.0,0.13,0.22,5,22,0,1,0,0.0,0.0
7,3301,9,True,0,2025-02-22,0,0.0,0.09,0.17,5,22,0,1,0,0.14285714285714285,0.0
7,3306,9,True,0,2025-02-22,0,0.0,0.13,0.19,5,22,0,1,0,0.14285714285714285,0.0
7,3316,9,True,0,2025-02-22,0,0.0,0.01,0.04,5,22,0,1,0,0.14285714285714285,0.0
7,3321,9,True,0,2025-02-22,0,0.0,0.02,0.08,5,22,0,1,0,0.14285714285714285,0.0
7,3357,9,True,0,2025-02-22,0,0.0,0.25,0.5,5,22,0,1,0,0.14285714285714285,0.0
7,3362,9,True,0,2025-02-22,0,0.0,0.02,0.05,5,22,0,1,0,0.14285714285714285,0.0
7,3371,9,True,0,2025-02-22,0,0.0,0.05,0.26,5,22,0,1,0,0.14285714285714285,0.0
7,3375,9,True,0,2025-02-22,0,0.0,0.1,0.31,5,22,0,1,0,0.0,0.0
7,3378,9,True,0,2025-02-22,0,0.0,0.09,0.15,5,22,0,1,0,0.0,0.0
7,3390,9,True,0,2025-02-22,0,0.0,0.04,0.08,5,22,0,1,0,0.0,0.0
7,3391,9,True,0,2025-02-22,0,0.0,0.1,0.15,5,22,0,1,0,0.0,0.0
7,3410,9,True,0,2025-02-22,0,0.0,0.06,0.08,5,22,0,1,0,0.0,0.0
7,3418,9,True,0,2025-02-22,0,0.0,0.11,0.2,5,22,0,1,0,0.0,0.0
7,3429,9,True,0,2025-02-22,0,0.0,0.09,0.13,5,22,0,1,0,0.0,0.0
7,3432,9,True,0,2025-02-22,0,0.0,0.01,0.05,5,22,0,1,0,0.0,0.0
7,3461,9,True,0,2025-02-22,0,0.0,0.01,0.05,5,22,0,1,0,0.0,0.0
7,3478,9,True,0,2025-02-22,2,0.0,0.03,0.05,5,22,0,1,0,0.0,0.0
7,3483,9,True,0,2025-02-22,0,0.0,0.07,0.15,5,22,0,1,0,0.2857142857142857,0.0
7,3487,9,True,0,2025-02-22,0,0.0,0.08,0.11,5,22,0,1,0,0.2857142857142857,0.0
7,3510,9,True,0,2025-02-22,0,0.0,0.08,0.14,5,22,0,1,0,0.2857142857142857,0.0
7,3513,9,True,0,2025-02-22,0,0.0,0.05,0.09,5,22,0,1,0,0.2857142857142857,0.0
7,3515,9,True,0,2025-02-22,0,0.0,0.01,0.02,5,22,0,1,0,0.2857142857142857,0.0
7,3541,9,True,0,2025-02-22,0,0.0,0.01,0.04,5,22,0,1,0,0.2857142857142857,0.0
7,3544,9,True,0,2025-02-22,1,0.0,0.1,0.15,5,22,0,1,0,0.2857142857142857,0.0
7,3600,9,True,0,2025-02-22,0,0.0,0.15,0.19,5,22,0,1,0,0.14285714285714285,0.0
7,3665,9,True,0,2025-02-22,0,0.0,0.02,0.03,5,22,0,1,0,0.14285714285714285,0.0
7,3674,9,True,0,2025-02-22,0,0.0,0.02,0.07,5,22,0,1,0,0.14285714285714285,0.0
7,3677,9,True,0,2025-02-22,0,0.0,0.05,0.08,5,22,0,1,0,0.14285714285714285,0.0
7,3709,9,True,0,2025-02-22,0,0.0,0.05,0.1,5,22,0,1,0,0.14285714285714285,0.0
7,3739,9,True,0,2025-02-22,0,0.0,0.02,0.02,5,22,0,1,0,0.14285714285714285,0.0
7,3747,9,True,0,2025-02-22,1,0.0,0.05,0.07,5,22,0,1,0,0.14285714285714285,0.0
7,3762,9,True,0,2025-02-22,0,0.0,0.02,0.09,5,22,0,1,0,0.14285714285714285,0.0
7,3771,9,True,0,2025-02-22,0,0.0,0.08,0.12,5,22,0,1,0,0.14285714285714285,0.0
7,3775,9,True,0,2025-02-22,0,0.0,0.07,0.23,5,22,0,1,0,0.14285714285714285,0.0
7,3787,9,True,0,2025-02-22,0,0.0,0.18,0.22,5,22,0,1,0,0.14285714285714285,0.0
7,3809,9,True,0,2025-02-22,0,0.0,0.02,0.09,5,22,0,1,0,0.14285714285714285,0.0
7,3810,9,True,0,2025-02-22,3,0.0,0.3,0.55,5,22,0,1,0,0.14285714285714285,0.0
7,3817,9,True,0,2025-02-22,0,0.0,0.01,0.06,5,22,0,1,0,0.5714285714285714,0.0
7,3849,9,True,0,2025-02-22,0,0.0,0.05,0.12,5,22,0,1,0,0.42857142857142855,0.0
7,3854,9,True,0,2025-02-22,1,0.0,0.06,0.38,5,22,0,1,0,0.42857142857142855,0.0
7,3859,9,True,0,2025-02-22,0,0.0,0.02,0.06,5,22,0,1,0,0.5714285714285714,0.0
7,3860,9,True,0,2025-02-22,0,0.0,0.02,0.09,5,22,0,1,0,0.5714285714285714,0.0
7,3871,9,True,0,2025-02-22,0,0.0,0.02,0.07,5,22,0,1,0,0.5714285714285714,0.0
7,3920,9,True,0,2025-02-22,0,0.0,0.06,0.13,5,22,0,1,0,0.5714285714285714,0.0
7,3933,9,True,0,2025-02-22,0,0.0,0.12,0.2,5,22,0,1,0,0.14285714285714285,0.0
7,3973,9,True,0,2025-02-22,0,0.0,0.02,0.04,5,22,0,1,0,0.14285714285714285,0.0
7,3981,9,True,0,2025-02-22,0,0.0,0.01,0.04,5,22,0,1,0,0.14285714285714285,0.0
7,3989,9,True,0,2025-02-22,0,0.0,0.15,0.35,5,22,0,1,0,0.0,0.0
7,4022,9,True,0,2025-02-22,0,0.0,0.08,0.09,5,22,0,1,0,0.0,0.0
7,4039,9,True,0,2025-02-22,0,0.0,0.05,0.12,5,22,0,1,0,0.0,0.0
7,4051,9,True,0,2025-02-22,0,0.0,0.02,0.09,5,22,0,1,0,0.0,0.0
7,4091,9,True,0,2025-02-22,0,0.0,0.04,0.17,5,22,0,1,0,0.0,0.0
7,4131,9,True,0,2025-02-22,0,0.0,0.02,0.08,5,22,0,1,0,0.0,0.0
7,4146,9,True,0,2025-02-22,0,0.0,0.09,0.23,5,22,0,1,0,0.0,0.0
7,4164,9,True,0,2025-02-22,0,0.0,0.02,0.04,5,22,0,1,0,0.0,0.0
7,4168,9,True,0,2025-02-22,0,0.0,0.06,0.12,5,22,0,1,0,0.0,0.0
7,4222,9,True,0,2025-02-22,0,0.0,0.04,0.1,5,22,0,1,0,0.0,0.0
7,4263,9,True,0,2025-02-22,0,0.0,0.01,0.02,5,22,0,1,0,0.0,0.0
7,4271,9,True,0,2025-02-22,0,0.0,0.02,0.06,5,22,0,1,0,0.0,0.0
7,4274,9,True,0,2025-02-22,0,0.0,0.04,0.07,5,22,0,1,0,0.0,0.0
7,4280,9,True,0,2025-02-22,0,0.0,0.05,0.08,5,22,0,1,0,0.0,0.0
7,4337,9,True,0,2025-02-22,0,0.0,0.04,0.05,5,22,0,1,0,0.0,0.0
7,4375,9,True,0,2025-02-22,0,0.0,0.01,0.01,5,22,0,1,0,0.0,0.0
7,4394,9,True,0,2025-02-22,0,0.0,0.02,0.04,5,22,0,1,0,0.0,0.0
7,4419,9,True,0,2025-02-22,0,0.0,0.06,0.09,5,22,0,1,0,0.0,0.0
7,4462,9,True,0,2025-02-22,0,0.0,0.13,0.17,5,22,0,1,0,0.0,0.0
7,4482,9,True,0,2025-02-22,0,0.0,0.04,0.13,5,22,0,1,0,0.0,0.0
7,4483,9,True,0,2025-02-22,0,0.0,0.05,0.06,5,22,0,1,0,0.0,0.0
7,4495,9,True,0,2025-02-22,0,0.0,0.01,0.05,5,22,0,1,0,0.0,0.0
7,4512,9,True,0,2025-02-22,0,0.0,0.04,0.09,5,22,0,1,0,0.0,0.0
7,4547,9,True,0,2025-02-22,6,0.0,0.01,0.05,5,22,0,1,0,0.0,0.0
7,4552,9,True,0,2025-02-22,0,0.0,0.07,0.14,5,22,0,1,0,0.8571428571428571,0.0
7,4578,9,True,0,2025-02-22,0,0.0,0.04,0.07,5,22,0,1,0,0.8571428571428571,0.0
7,4588,9,True,0,2025-02-22,0,0.0,0.02,0.06,5,22,0,1,0,0.8571428571428571,0.0
7,4603,9,True,0,2025-02-22,0,0.0,0.02,0.07,5,22,0,1,0,0.8571428571428571,0.0
7,4611,9,True,0,2025-02-22,0,0.0,0.01,0.03,5,22,0,1,0,0.8571428571428571,0.0
7,4619,9,True,0,2025-02-22,0,0.0,0.05,0.1,5,22,0,1,0,0.8571428571428571,0.0
7,4680,9,True,0,2025-02-22,0,0.0,0.01,0.05,5,22,0,1,0,0.8571428571428571,0.0
7,4694,9,True,0,2025-02-22,0,0.0,0.02,0.08,5,22,0,1,0,0.0,0.0
7,4708,9,True,0,2025-02-22,0,0.0,0.04,0.1,5,22,0,1,0,0.0,0.0
7,4720,9,True,0,2025-02-22,0,0.0,0.03,0.04,5,22,0,1,0,0.0,0.0
7,4738,9,True,0,2025-02-22,0,0.0,0.06,0.23,5,22,0,1,0,0.0,0.0
7,4746,9,True,0,2025-02-22,0,0.0,0.19,0.22,5,22,0,1,0,0.0,0.0
7,4752,9,True,0,2025-02-22,0,0.0,0.03,0.11,5,22,0,1,0,0.0,0.0
7,4762,9,True,0,2025-02-22,0,0.0,0.02,0.08,5,22,0,1,0,0.0,0.0
7,4776,9,True,0,2025-02-22,0,0.0,0.02,0.05,5,22,0,1,0,0.0,0.0
7,4777,9,True,0,2025-02-22,0,0.0,0.02,0.03,5,22,0,1,0,0.0,0.0
7,4796,9,True,0,2025-02-22,0,0.0,0.02,0.07,5,22,0,1,0,0.0,0.0
7,4797,9,True,0,2025-02-22,0,0.0,0.01,0.02,5,22,0,1,0,0.0,0.0
7,4814,9,True,0,2025-02-22,0,0.0,0.01,0.09,5,22,0,1,0,0.0,0.0
7,4828,9,True,0,2025-02-22,0,0.0,0.09,0.15,5,22,0,1,0,0.0,0.0
7,4831,9,True,0,2025-02-22,0,0.0,0.07,0.13,5,22,0,1,0,0.0,0.0
7,4916,9,True,0,2025-02-22,0,0.0,0.02,0.09,5,22,0,1,0,0.0,0.0
7,4940,9,True,0,2025-02-22,0,0.0,0.01,0.06,5,22,0,1,0,0.0,0.0
7,4949,9,True,0,2025-02-22,0,0.0,0.01,0.05,5,22,0,1,0,0.0,0.0
7,4982,9,True,0,2025-02-22,0,0.0,0.02,0.07,5,22,0,1,0,0.0,0.0
7,4993,9,True,0,2025-02-22,0,0.0,0.02,0.04,5,22,0,1,0,0.0,0.0
7,4995,9,True,0,2025-02-22,0,0.0,0.05,0.07,5,22,0,1,0,0.0,0.0
7,5007,9,True,0,2025-02-22,0,0.0,0.01,0.02,5,22,0,1,0,0.0,0.0
7,5010,9,True,0,2025-02-22,0,0.0,0.33,0.37,5,22,0,1,0,0.0,0.0
7,5037,9,True,0,2025-02-22,0,0.0,0.01,0.03,5,22,0,1,0,0.0,0.0
7,5065,9,True,0,2025-02-22,0,0.0,0.17,0.53,5,22,0,1,0,0.0,0.0
7,5066,9,True,0,2025-02-22,0,0.0,0.07,0.16,5,22,0,1,0,0.0,0.0
7,5081,9,True,0,2025-02-22,0,0.0,0.0,0.01,5,22,0,1,0,0.0,0.0
7,5104,9,True,0,2025-02-22,0,0.0,0.17,0.2,5,22,0,1,0,0.0,0.0
7,5157,9,True,0,2025-02-22,0,0.0,0.18,0.21,5,22,0,1,0,0.0,0.0
7,5164,9,True,0,2025-02-22,0,0.0,0.02,0.04,5,22,0,1,0,0.0,0.0
7,5215,9,True,0,2025-02-22,0,0.0,0.04,0.09,5,22,0,1,0,0.0,0.0
7,5222,9,True,0,2025-02-22,0,0.0,0.11,0.2,5,22,0,1,0,0.0,0.0
7,5224,9,True,0,2025-02-22,0,0.0,0.04,0.05,5,22,0,1,0,0.0,0.0
7,5245,9,True,0,2025-02-22,0,0.0,0.05,0.05,5,22,0,1,0,0.0,0.0
7,5254,9,True,0,2025-02-22,0,0.0,0.01,0.04,5,22,0,1,0,0.0,0.0
7,5277,9,True,0,2025-02-22,0,0.0,0.19,0.39,5,22,0,1,0,0.0,0.0
7,5279,9,True,0,2025-02-22,0,0.0,0.01,0.03,5,22,0,1,0,0.0,0.0
7,770,10,False,0,2025-02-22,3,0.0,0.02,0.03,5,22,0,1,0,0.0,0.0
7,2006,10,False,0,2025-02-22,50,0.0,0.0,0.0,5,22,0,1,0,0.42857142857142855,0.0
7,2223,10,False,0,2025-02-22,0,0.0,0.03,0.04,5,22,0,1,0,7.571428571428571,0.0
7,2582,10,False,0,2025-02-22,29,0.0,0.03,0.05,5,22,0,1,0,7.571428571428571,0.0
7,3368,10,False,0,2025-02-22,0,0.0,0.03,0.04,5,22,0,1,0,11.714285714285714,0.0
7,3451,10,False,0,2025-02-22,56,0.0,0.01,0.01,5,22,0,1,0,11.714285714285714,0.0
7,3825,10,False,0,2025-02-22,9,0.0,0.02,0.04,5,22,0,1,0,19.714285714285715,0.0
7,4021,10,False,0,2025-02-22,5,0.0,0.02,0.06,5,22,0,1,0,21.0,0.0
7,4072,10,False,0,2025-02-22,0,0.0,0.0,0.0,5,22,0,1,0,21.285714285714285,0.0
7,37,11,False,0,2025-02-22,0,0.0,0.14,0.17,5,22,0,1,0,14.142857142857142,0.0
7,256,11,False,0,2025-02-22,1,2.0,0.3,0.33,5,22,0,1,0,14.142857142857142,0.0
7,402,11,False,0,2025-02-22,2,0.0,0.09,0.1,5,22,0,1,0,10.142857142857142,0.0
7,456,11,False,0,2025-02-22,2,1.0,0.1,0.14,5,22,0,1,0,10.428571428571429,0.0
7,458,11,False,0,2025-02-22,3,0.0,0.15,0.16,5,22,0,1,0,2.7142857142857144,0.0
7,1064,11,False,0,2025-02-22,2,0.0,0.18,0.21,5,22,0,1,0,1.8571428571428572,0.0
7,1086,11,False,0,2025-02-22,3,0.0,0.07,0.08,5,22,0,1,0,1.4285714285714286,0.0
7,1465,11,False,0,2025-02-22,2,0.0,0.15,0.15,5,22,0,1,0,1.8571428571428572,0.0
7,1592,11,False,0,2025-02-22,3,0.0,0.3,0.18,5,22,0,1,0,2.142857142857143,0.0
7,1802,11,False,0,2025-02-22,4,0.0,0.1,0.11,5,22,0,1,0,2.4285714285714284,0.0
7,1816,11,False,0,2025-02-22,2,0.0,0.06,0.07,5,22,0,1,0,2.7142857142857144,0.0
7,1859,11,False,0,2025-02-22,3,0.0,0.1,0.14,5,22,0,1,0,2.7142857142857144,0.0
7,1961,11,False,0,2025-02-22,3,0.0,0.1,0.12,5,22,0,1,0,2.7142857142857144,0.0
7,2662,11,False,0,2025-02-22,0,0.0,0.2,0.23,5,22,0,1,0,2.857142857142857,0.0
7,2906,11,False,0,2025-02-22,4,0.0,0.14,0.17,5,22,0,1,0,2.4285714285714284,0.0
7,3213,11,False,0,2025-02-22,3,0.0,0.06,0.07,5,22,0,1,0,2.7142857142857144,0.0
7,3268,11,False,0,2025-02-22,0,0.0,0.19,0.29,5,22,0,1,0,2.7142857142857144,0.0
7,4505,11,False,0,2025-02-22,3,0.0,0.06,0.06,5,22,0,1,0,2.142857142857143,0.0
7,4665,11,False,0,2025-02-22,3,0.0,0.06,0.07,5,22,0,1,0,2.2857142857142856,0.0
7,5084,11,False,0,2025-02-22,3,0.0,0.14,0.18,5,22,0,1,0,2.2857142857142856,0.0
7,134,1,False,0,2025-02-27,3,0.0,0.16,0.21,3,27,0,0,1,2.2857142857142856,0.0
7,140,1,False,0,2025-02-27,2,0.0,0.18,0.23,3,27,0,0,1,2.7142857142857144,0.0
7,233,1,False,0,2025-02-27,2,0.0,0.24,0.29,3,27,0,0,1,2.4285714285714284,0.0
7,277,1,False,0,2025-02-27,2,0.0,0.3,0.31,3,27,0,0,1,2.2857142857142856,0.0
7,288,1,False,0,2025-02-27,4,0.0,0.01,0.03,3,27,0,0,1,2.5714285714285716,0.0
7,383,1,False,0,2025-02-27,0,0.0,0.01,0.01,3,27,0,0,1,2.7142857142857144,0.0
7,423,1,False,0,2025-02-27,2,0.0,0.01,0.01,3,27,0,0,1,2.2857142857142856,0.0
7,491,1,False,0,2025-02-27,4,0.0,0.12,0.16,3,27,0,0,1,2.142857142857143,0.0
7,532,1,False,0,2025-02-27,2,0.0,0.17,0.2,3,27,0,0,1,2.2857142857142856,0.0
7,649,1,False,0,2025-02-27,3,0.0,0.32,0.4,3,27,0,0,1,2.2857142857142856,0.0
7,695,1,False,0,2025-02-27,0,0.0,0.14,0.15,3,27,0,0,1,2.4285714285714284,0.0
7,1376,1,False,0,2025-02-27,2,0.0,0.16,0.19,3,27,0,0,1,2.142857142857143,0.0
7,1568,1,False,0,2025-02-27,2,0.0,0.14,0.19,3,27,0,0,1,1.8571428571428572,0.0
7,1627,1,False,0,2025-02-27,2,0.0,0.13,0.2,3,27,0,0,1,2.142857142857143,0.0
7,2070,1,False,0,2025-02-27,0,0.0,0.25,0.27,3,27,0,0,1,2.142857142857143,0.0
7,2549,1,False,0,2025-02-27,3,0.0,0.22,0.28,3,27,0,0,1,1.5714285714285714,0.0
7,2611,1,False,0,2025-02-27,4,0.0,0.12,0.16,3,27,0,0,1,1.7142857142857142,0.0
7,2665,1,False,0,2025-02-27,2,0.0,0.32,0.39,3,27,0,0,1,1.8571428571428572,0.0
7,2808,1,False,0,2025-02-27,1,0.0,0.1,0.12,3,27,0,0,1,2.142857142857143,0.0
7,3006,1,False,0,2025-02-27,1,0.0,0.14,0.17,3,27,0,0,1,2.0,0.0
7,3163,1,False,0,2025-02-27,1,0.0,0.04,0.05,3,27,0,0,1,1.8571428571428572,0.0
7,3643,1,False,0,2025-02-27,1,0.0,0.12,0.15,3,27,0,0,1,1.7142857142857142,0.0
7,3718,1,False,0,2025-02-27,2,0.0,0.18,0.22,3,27,0,0,1,1.8571428571428572,0.0
7,3983,1,False,0,2025-02-27,2,0.0,0.16,0.2,3,27,0,0,1,1.7142857142857142,0.0
7,4535,1,False,0,2025-02-27,3,0.0,0.44,0.53,3,27,0,0,1,1.4285714285714286,0.0
7,4601,1,False,0,2025-02-27,4,0.0,0.01,0.03,3,27,0,0,1,1.5714285714285714,0.0
7,4606,1,False,0,2025-02-27,2,0.0,0.13,0.17,3,27,0,0,1,2.0,0.0
7,4651,1,False,0,2025-02-27,0,0.0,0.12,0.14,3,27,0,0,1,2.142857142857143,0.0
7,4920,1,False,0,2025-02-27,1,0.0,0.17,0.2,3,27,0,0,1,2.0,0.0
7,208,2,False,0,2025-02-27,5,0.0,0.07,0.13,3,27,0,0,1,2.0,0.0
7,2165,2,False,0,2025-02-27,16,0.0,0.02,0.24,3,27,0,0,1,2.4285714285714284,0.0
7,2251,2,False,0,2025-02-27,0,0.0,0.17,0.37,3,27,0,0,1,4.428571428571429,0.0
7,28,3,True,0,2025-02-27,0,0.0,0.24,0.32,3,27,0,0,1,4.0,0.0
7,35,3,True,0,2025-02-27,2,0.0,0.11,0.14,3,27,0,0,1,3.4285714285714284,0.0
7,46,3,True,0,2025-02-27,0,0.0,0.25,0.32,3,27,0,0,1,3.4285714285714284,0.0
7,78,3,True,0,2025-02-27,0,0.0,0.11,0.12,3,27,0,0,1,3.4285714285714284,0.0
7,79,3,True,0,2025-02-27,0,0.0,0.24,0.31,3,27,0,0,1,3.2857142857142856,0.0
7,84,3,True,0,2025-02-27,0,0.0,0.22,0.29,3,27,0,0,1,2.5714285714285716,0.0
7,92,3,True,0,2025-02-27,0,0.0,0.11,0.29,3,27,0,0,1,0.2857142857142857,0.0
7,93,3,True,0,2025-02-27,0,0.0,0.15,0.22,3,27,0,0,1,0.2857142857142857,0.0
7,97,3,True,0,2025-02-27,0,0.0,0.16,0.22,3,27,0,0,1,0.2857142857142857,0.0
7,101,3,True,0,2025-02-27,0,0.0,0.25,0.35,3,27,0,0,1,0.0,0.0
7,105,3,True,0,2025-02-27,0,0.0,0.31,0.4,3,27,0,0,1,0.0,0.0
7,108,3,True,0,2025-02-27,1,0.0,0.53,0.68,3,27,0,0,1,0.0,0.0
7,117,3,True,0,2025-02-27,0,0.0,0.12,0.15,3,27,0,0,1,0.14285714285714285,0.0
7,127,3,True,0,2025-02-27,0,0.0,0.18,0.22,3,27,0,0,1,0.14285714285714285,0.0
7,133,3,True,0,2025-02-27,0,0.0,0.18,0.2,3,27,0,0,1,0.14285714285714285,0.0
7,143,3,True,0,2025-02-27,0,0.0,0.19,0.24,3,27,0,0,1,0.14285714285714285,0.0
7,153,3,True,0,2025-02-27,0,0.0,0.25,0.35,3,27,0,0,1,0.14285714285714285,0.0
7,181,3,True,0,2025-02-27,0,0.0,0.16,0.22,3,27,0,0,1,0.14285714285714285,0.0
7,183,3,True,0,2025-02-27,0,0.0,0.22,0.26,3,27,0,0,1,0.14285714285714285,0.0
7,186,3,True,0,2025-02-27,0,0.0,0.24,0.29,3,27,0,0,1,0.0,0.0
7,195,3,True,0,2025-02-27,1,0.0,0.05,0.08,3,27,0,0,1,0.0,0.0
7,197,3,True,0,2025-02-27,0,0.0,0.08,0.1,3,27,0,0,1,0.14285714285714285,0.0
7,204,3,True,0,2025-02-27,2,0.0,0.47,0.54,3,27,0,0,1,0.14285714285714285,0.0
7,214,3,True,0,2025-02-27,0,0.0,0.24,0.37,3,27,0,0,1,0.42857142857142855,0.0
7,219,3,True,0,2025-02-27,2,0.0,0.08,0.13,3,27,0,0,1,0.42857142857142855,0.0
7,220,3,True,0,2025-02-27,4,0.0,0.09,0.12,3,27,0,0,1,0.7142857142857143,0.0
7,223,3,True,0,2025-02-27,0,0.0,0.01,0.01,3,27,0,0,1,1.2857142857142858,0.0
7,227,3,True,0,2025-02-27,0,0.0,0.04,0.05,3,27,0,0,1,1.2857142857142858,0.0
7,232,3,True,0,2025-02-27,0,0.0,0.21,0.26,3,27,0,0,1,1.1428571428571428,0.0
7,236,3,True,0,2025-02-27,2,0.0,0.09,0.1,3,27,0,0,1,1.1428571428571428,0.0
7,241,3,True,0,2025-02-27,0,0.0,0.06,0.08,3,27,0,0,1,1.1428571428571428,0.0
7,242,3,True,0,2025-02-27,0,0.0,0.13,0.24,3,27,0,0,1,1.1428571428571428,0.0
7,245,3,True,0,2025-02-27,0,0.0,0.12,0.22,3,27,0,0,1,0.8571428571428571,0.0
7,247,3,True,0,2025-02-27,2,0.0,0.15,0.22,3,27,0,0,1,0.2857142857142857,0.0
7,254,3,True,0,2025-02-27,0,0.0,0.31,0.48,3,27,0,0,1,0.5714285714285714,0.0
7,263,3,True,0,2025-02-27,0,0.0,0.33,0.4,3,27,0,0,1,0.5714285714285714,0.0
7,273,3,True,0,2025-02-27,0,0.0,0.11,0.12,3,27,0,0,1,0.5714285714285714,0.0
7,274,3,True,0,2025-02-27,0,0.0,0.3,0.36,3,27,0,0,1,0.2857142857142857,0.0
7,279,3,True,0,2025-02-27,0,0.0,0.15,0.19,3,27,0,0,1,0.2857142857142857,0.0
7,285,3,True,0,2025-02-27,0,0.0,0.3,0.47,3,27,0,0,1,0.2857142857142857,0.0
7,293,3,True,0,2025-02-27,0,0.0,0.07,0.09,3,27,0,0,1,0.2857142857142857,0.0
7,295,3,True,0,2025-02-27,0,0.0,0.09,0.12,3,27,0,0,1,0.0,0.0
7,299,3,True,0,2025-02-27,0,0.0,0.31,0.47,3,27,0,0,1,0.0,0.0
7,300,3,True,0,2025-02-27,0,0.0,0.16,0.17,3,27,0,0,1,0.0,0.0
7,310,3,True,0,2025-02-27,0,0.0,0.14,0.16,3,27,0,0,1,0.0,0.0
7,332,3,True,0,2025-02-27,0,0.0,0.23,0.31,3,27,0,0,1,0.0,0.0
7,343,3,True,0,2025-02-27,0,0.0,0.03,0.04,3,27,0,0,1,0.0,0.0
7,353,3,True,0,2025-02-27,0,0.0,0.18,0.2,3,27,0,0,1,0.0,0.0
7,369,3,True,0,2025-02-27,0,0.0,0.16,0.18,3,27,0,0,1,0.0,0.0
7,373,3,True,0,2025-02-27,1,0.0,0.02,0.03,3,27,0,0,1,0.0,0.0
7,376,3,True,0,2025-02-27,0,0.0,0.6,0.64,3,27,0,0,1,0.14285714285714285,0.0
7,397,3,True,0,2025-02-27,1,0.0,0.09,0.11,3,27,0,0,1,0.14285714285714285,0.0
7,401,3,True,0,2025-02-27,0,0.0,0.11,0.16,3,27,0,0,1,0.2857142857142857,0.0
7,406,3,True,0,2025-02-27,0,0.0,0.39,0.46,3,27,0,0,1,0.2857142857142857,0.0
7,412,3,True,0,2025-02-27,0,0.0,0.25,0.29,3,27,0,0,1,0.2857142857142857,0.0
7,413,3,True,0,2025-02-27,2,0.0,0.04,0.04,3,27,0,0,1,0.2857142857142857,0.0
7,420,3,True,0,2025-02-27,0,0.0,0.29,0.45,3,27,0,0,1,0.5714285714285714,0.0
7,421,3,True,0,2025-02-27,0,0.0,0.18,0.28,3,27,0,0,1,0.42857142857142855,0.0
7,437,3,True,0,2025-02-27,0,0.0,0.09,0.14,3,27,0,0,1,0.42857142857142855,0.0
7,439,3,True,0,2025-02-27,0,0.0,0.07,0.13,3,27,0,0,1,0.2857142857142857,0.0
7,448,3,True,0,2025-02-27,0,0.0,0.14,0.19,3,27,0,0,1,0.2857142857142857,0.0
7,460,3,True,0,2025-02-27,0,0.0,0.18,0.19,3,27,0,0,1,0.2857142857142857,0.0
7,471,3,True,0,2025-02-27,0,0.0,0.1,0.14,3,27,0,0,1,0.2857142857142857,0.0
7,475,3,True,0,2025-02-27,0,0.0,0.26,0.32,3,27,0,0,1,0.0,0.0
7,476,3,True,0,2025-02-27,0,0.0,0.25,0.31,3,27,0,0,1,0.0,0.0
7,480,3,True,0,2025-02-27,0,0.0,0.09,0.1,3,27,0,0,1,0.0,0.0
7,490,3,True,0,2025-02-27,0,0.0,0.15,0.18,3,27,0,0,1,0.0,0.0
7,499,3,True,0,2025-02-27,0,0.0,0.08,0.12,3,27,0,0,1,0.0,0.0
7,502,3,True,0,2025-02-27,1,0.0,0.14,0.16,3,27,0,0,1,0.0,0.0
7,525,3,True,0,2025-02-27,1,0.0,0.3,0.38,3,27,0,0,1,0.14285714285714285,0.0
7,534,3,True,0,2025-02-27,0,0.0,0.22,0.29,3,27,0,0,1,0.2857142857142857,0.0
7,535,3,True,0,2025-02-27,1,0.0,0.12,0.12,3,27,0,0,1,0.2857142857142857,0.0
7,540,3,True,0,2025-02-27,0,0.0,0.05,0.07,3,27,0,0,1,0.42857142857142855,0.0
7,545,3,True,0,2025-02-27,0,0.0,0.26,0.3,3,27,0,0,1,0.42857142857142855,0.0
7,548,3,True,0,2025-02-27,0,0.0,0.37,0.46,3,27,0,0,1,0.42857142857142855,0.0
7,555,3,True,0,2025-02-27,0,0.0,0.48,0.47,3,27,0,0,1,0.42857142857142855,0.0
7,580,3,True,0,2025-02-27,4,5.0,0.16,0.22,3,27,0,0,1,0.2857142857142857,0.0
7,583,3,True,0,2025-02-27,0,0.0,0.61,0.83,3,27,0,0,1,0.7142857142857143,0.0
7,592,3,True,0,2025-02-27,0,0.0,0.21,0.31,3,27,0,0,1,0.7142857142857143,0.0
7,596,3,True,0,2025-02-27,0,0.0,0.16,0.2,3,27,0,0,1,0.5714285714285714,0.0
7,607,3,True,0,2025-02-27,0,0.0,0.48,0.56,3,27,0,0,1,0.5714285714285714,0.0
7,609,3,True,0,2025-02-27,0,0.0,0.08,0.11,3,27,0,0,1,0.5714285714285714,0.0
7,611,3,True,0,2025-02-27,0,0.0,0.15,0.17,3,27,0,0,1,0.5714285714285714,0.0
7,631,3,True,0,2025-02-27,0,0.0,0.07,0.08,3,27,0,0,1,0.5714285714285714,0.0
7,634,3,True,0,2025-02-27,0,0.0,0.34,0.38,3,27,0,0,1,0.0,0.0
7,637,3,True,0,2025-02-27,0,0.0,0.16,0.16,3,27,0,0,1,0.0,0.0
7,640,3,True,0,2025-02-27,0,0.0,0.09,0.09,3,27,0,0,1,0.0,0.0
7,651,3,True,0,2025-02-27,0,0.0,0.06,0.08,3,27,0,0,1,0.0,0.0
7,655,3,True,0,2025-02-27,0,0.0,0.09,0.12,3,27,0,0,1,0.0,0.0
7,659,3,True,0,2025-02-27,0,0.0,0.23,0.26,3,27,0,0,1,0.0,0.0
7,661,3,True,0,2025-02-27,0,0.0,0.06,0.08,3,27,0,0,1,0.0,0.0
7,671,3,True,0,2025-02-27,0,0.0,0.21,0.22,3,27,0,0,1,0.0,0.0
7,683,3,True,0,2025-02-27,0,0.0,0.19,0.23,3,27,0,0,1,0.0,0.0
7,684,3,True,0,2025-02-27,0,0.0,0.08,0.12,3,27,0,0,1,0.0,0.0
7,685,3,True,0,2025-02-27,0,0.0,0.16,0.2,3,27,0,0,1,0.0,0.0
7,690,3,True,0,2025-02-27,2,0.0,0.01,0.02,3,27,0,0,1,0.0,0.0
7,702,3,True,0,2025-02-27,0,0.0,0.1,0.12,3,27,0,0,1,0.2857142857142857,0.0
7,706,3,True,0,2025-02-27,0,0.0,0.21,0.25,3,27,0,0,1,0.2857142857142857,0.0
7,710,3,True,0,2025-02-27,0,0.0,0.09,0.11,3,27,0,0,1,0.2857142857142857,0.0
7,711,3,True,0,2025-02-27,0,0.0,0.04,0.05,3,27,0,0,1,0.2857142857142857,0.0
7,719,3,True,0,2025-02-27,0,0.0,0.15,0.17,3,27,0,0,1,0.2857142857142857,0.0
7,720,3,True,0,2025-02-27,0,0.0,0.11,0.15,3,27,0,0,1,0.2857142857142857,0.0
7,729,3,True,0,2025-02-27,2,0.0,0.12,0.15,3,27,0,0,1,0.2857142857142857,0.0
7,740,3,True,0,2025-02-27,0,0.0,0.12,0.16,3,27,0,0,1,0.2857142857142857,0.0
7,744,3,True,0,2025-02-27,0,0.0,0.07,0.1,3,27,0,0,1,0.2857142857142857,0.0
7,753,3,True,0,2025-02-27,5,0.0,0.04,0.06,3,27,0,0,1,0.2857142857142857,0.0
7,759,3,True,0,2025-02-27,0,0.0,0.46,0.4,3,27,0,0,1,1.0,0.0
7,785,3,True,0,2025-02-27,0,0.0,0.06,0.07,3,27,0,0,1,1.0,0.0
7,787,3,True,0,2025-02-27,0,0.0,0.23,0.31,3,27,0,0,1,1.0,0.0
7,795,3,True,0,2025-02-27,0,0.0,0.11,0.15,3,27,0,0,1,1.0,0.0
7,796,3,True,0,2025-02-27,0,0.0,0.13,0.15,3,27,0,0,1,0.7142857142857143,0.0
7,799,3,True,0,2025-02-27,0,0.0,0.28,0.35,3,27,0,0,1,0.7142857142857143,0.0
7,803,3,True,0,2025-02-27,0,0.0,0.13,0.17,3,27,0,0,1,0.7142857142857143,0.0
7,809,3,True,0,2025-02-27,0,0.0,0.54,0.62,3,27,0,0,1,0.0,0.0
7,815,3,True,0,2025-02-27,0,0.0,0.34,0.65,3,27,0,0,1,0.0,0.0
7,829,3,True,0,2025-02-27,0,0.0,0.57,0.84,3,27,0,0,1,0.0,0.0
7,830,3,True,0,2025-02-27,0,0.0,0.12,0.15,3,27,0,0,1,0.0,0.0
7,844,3,True,0,2025-02-27,0,0.0,0.12,0.16,3,27,0,0,1,0.0,0.0
7,859,3,True,0,2025-02-27,0,0.0,0.03,0.09,3,27,0,0,1,0.0,0.0
7,867,3,True,0,2025-02-27,0,0.0,0.11,0.22,3,27,0,0,1,0.0,0.0
7,885,3,True,0,2025-02-27,0,0.0,0.34,0.42,3,27,0,0,1,0.0,0.0
7,886,3,True,0,2025-02-27,0,0.0,0.17,0.2,3,27,0,0,1,0.0,0.0
7,889,3,True,0,2025-02-27,0,0.0,0.07,0.09,3,27,0,0,1,0.0,0.0
7,894,3,True,0,2025-02-27,0,0.0,0.09,0.11,3,27,0,0,1,0.0,0.0
7,899,3,True,0,2025-02-27,0,0.0,0.07,0.1,3,27,0,0,1,0.0,0.0
7,900,3,True,0,2025-02-27,0,0.0,0.32,0.37,3,27,0,0,1,0.0,0.0
7,916,3,True,0,2025-02-27,0,0.0,0.43,0.64,3,27,0,0,1,0.0,0.0
7,924,3,True,0,2025-02-27,0,0.0,0.06,0.08,3,27,0,0,1,0.0,0.0
7,930,3,True,0,2025-02-27,0,0.0,0.02,0.03,3,27,0,0,1,0.0,0.0
7,933,3,True,0,2025-02-27,0,0.0,0.53,0.67,3,27,0,0,1,0.0,0.0
7,939,3,True,0,2025-02-27,0,0.0,0.51,0.52,3,27,0,0,1,0.0,0.0
7,959,3,True,0,2025-02-27,0,0.0,0.07,0.08,3,27,0,0,1,0.0,0.0
7,970,3,True,0,2025-02-27,1,0.0,0.05,0.07,3,27,0,0,1,0.0,0.0
7,984,3,True,0,2025-02-27,0,0.0,0.2,0.25,3,27,0,0,1,0.14285714285714285,0.0
7,985,3,True,0,2025-02-27,0,0.0,0.46,0.62,3,27,0,0,1,0.14285714285714285,0.0
7,990,3,True,0,2025-02-27,0,0.0,0.05,0.08,3,27,0,0,1,0.14285714285714285,0.0
7,1002,3,True,0,2025-02-27,0,0.0,0.17,0.21,3,27,0,0,1,0.14285714285714285,0.0
7,1012,3,True,0,2025-02-27,0,0.0,0.2,0.24,3,27,0,0,1,0.14285714285714285,0.0
7,1015,3,True,0,2025-02-27,0,0.0,0.26,0.29,3,27,0,0,1,0.14285714285714285,0.0
7,1025,3,True,0,2025-02-27,0,0.0,0.06,0.1,3,27,0,0,1,0.14285714285714285,0.0
7,1026,3,True,0,2025-02-27,0,0.0,0.06,0.07,3,27,0,0,1,0.0,0.0
7,1038,3,True,0,2025-02-27,0,0.0,0.11,0.14,3,27,0,0,1,0.0,0.0
7,1042,3,True,0,2025-02-27,0,0.0,0.16,0.2,3,27,0,0,1,0.0,0.0
7,1049,3,True,0,2025-02-27,0,0.0,0.13,0.18,3,27,0,0,1,0.0,0.0
7,1059,3,True,0,2025-02-27,0,0.0,0.19,0.24,3,27,0,0,1,0.0,0.0
7,1061,3,True,0,2025-02-27,0,0.0,0.1,0.12,3,27,0,0,1,0.0,0.0
7,1068,3,True,0,2025-02-27,0,0.0,0.17,0.24,3,27,0,0,1,0.0,0.0
7,1083,3,True,0,2025-02-27,0,0.0,0.16,0.19,3,27,0,0,1,0.0,0.0
7,1093,3,True,0,2025-02-27,0,0.0,0.12,0.17,3,27,0,0,1,0.0,0.0
7,1098,3,True,0,2025-02-27,0,0.0,0.23,0.3,3,27,0,0,1,0.0,0.0
7,1100,3,True,0,2025-02-27,0,0.0,0.05,0.07,3,27,0,0,1,0.0,0.0
7,1114,3,True,0,2025-02-27,0,0.0,0.1,0.15,3,27,0,0,1,0.0,0.0
7,1131,3,True,0,2025-02-27,0,0.0,0.06,0.09,3,27,0,0,1,0.0,0.0
7,1154,3,True,0,2025-02-27,0,0.0,0.08,0.11,3,27,0,0,1,0.0,0.0
7,1156,3,True,0,2025-02-27,2,1.0,0.12,0.13,3,27,0,0,1,0.0,0.0
7,1159,3,True,0,2025-02-27,0,0.0,0.17,0.15,3,27,0,0,1,0.2857142857142857,0.0
7,1160,3,True,0,2025-02-27,0,0.0,0.21,0.24,3,27,0,0,1,0.2857142857142857,0.0
7,1197,3,True,0,2025-02-27,2,0.0,0.17,0.19,3,27,0,0,1,0.2857142857142857,0.0
7,1201,3,True,0,2025-02-27,0,0.0,0.27,0.42,3,27,0,0,1,0.5714285714285714,0.0
7,1205,3,True,0,2025-02-27,0,0.0,0.09,0.1,3,27,0,0,1,0.5714285714285714,0.0
7,1206,3,True,0,2025-02-27,0,0.0,0.11,0.16,3,27,0,0,1,0.5714285714285714,0.0
7,1213,3,True,0,2025-02-27,0,0.0,0.06,0.08,3,27,0,0,1,0.5714285714285714,0.0
7,1214,3,True,0,2025-02-27,1,0.0,0.15,0.18,3,27,0,0,1,0.2857142857142857,0.0
7,1217,3,True,0,2025-02-27,0,0.0,0.1,0.21,3,27,0,0,1,0.42857142857142855,0.0
7,1226,3,True,0,2025-02-27,0,0.0,0.18,0.21,3,27,0,0,1,0.42857142857142855,0.0
7,1227,3,True,0,2025-02-27,0,0.0,0.13,0.17,3,27,0,0,1,0.14285714285714285,0.0
7,1231,3,True,0,2025-02-27,0,0.0,0.18,0.21,3,27,0,0,1,0.14285714285714285,0.0
7,1232,3,True,0,2025-02-27,0,0.0,0.09,0.09,3,27,0,0,1,0.14285714285714285,0.0
7,1236,3,True,0,2025-02-27,0,0.0,0.23,0.29,3,27,0,0,1,0.14285714285714285,0.0
7,1237,3,True,0,2025-02-27,0,0.0,0.11,0.18,3,27,0,0,1,0.14285714285714285,0.0
7,1240,3,True,0,2025-02-27,0,0.0,0.2,0.28,3,27,0,0,1,0.0,0.0
7,1242,3,True,0,2025-02-27,0,0.0,0.11,0.13,3,27,0,0,1,0.0,0.0
7,1259,3,True,0,2025-02-27,0,0.0,0.15,0.18,3,27,0,0,1,0.0,0.0
7,1271,3,True,0,2025-02-27,0,0.0,0.14,0.15,3,27,0,0,1,0.0,0.0
7,1286,3,True,0,2025-02-27,0,0.0,0.04,0.04,3,27,0,0,1,0.0,0.0
7,1297,3,True,0,2025-02-27,0,0.0,0.4,0.56,3,27,0,0,1,0.0,0.0
7,1312,3,True,0,2025-02-27,0,0.0,0.38,0.51,3,27,0,0,1,0.0,0.0
7,1319,3,True,0,2025-02-27,0,0.0,0.31,0.43,3,27,0,0,1,0.0,0.0
7,1330,3,True,0,2025-02-27,0,0.0,0.47,0.62,3,27,0,0,1,0.0,0.0
7,1349,3,True,0,2025-02-27,0,0.0,0.09,0.15,3,27,0,0,1,0.0,0.0
7,1361,3,True,0,2025-02-27,0,0.0,0.19,0.24,3,27,0,0,1,0.0,0.0
7,1370,3,True,0,2025-02-27,0,0.0,0.06,0.09,3,27,0,0,1,0.0,0.0
7,1374,3,True,0,2025-02-27,0,0.0,0.26,0.36,3,27,0,0,1,0.0,0.0
7,1378,3,True,0,2025-02-27,0,0.0,0.13,0.16,3,27,0,0,1,0.0,0.0
7,1386,3,True,0,2025-02-27,0,0.0,0.12,0.1,3,27,0,0,1,0.0,0.0
7,1398,3,True,0,2025-02-27,0,0.0,0.08,0.11,3,27,0,0,1,0.0,0.0
7,1399,3,True,0,2025-02-27,10,0.0,0.01,0.02,3,27,0,0,1,0.0,0.0
7,1411,3,True,0,2025-02-27,0,0.0,0.24,0.33,3,27,0,0,1,1.4285714285714286,0.0
7,1440,3,True,0,2025-02-27,0,0.0,0.05,0.06,3,27,0,0,1,1.4285714285714286,0.0
7,1443,3,True,0,2025-02-27,0,0.0,0.14,0.17,3,27,0,0,1,1.4285714285714286,0.0
7,1455,3,True,0,2025-02-27,0,0.0,0.05,0.08,3,27,0,0,1,1.4285714285714286,0.0
7,1462,3,True,0,2025-02-27,0,0.0,0.32,0.42,3,27,0,0,1,1.4285714285714286,0.0
7,1472,3,True,0,2025-02-27,0,0.0,0.09,0.12,3,27,0,0,1,1.4285714285714286,0.0
7,1477,3,True,0,2025-02-27,1,0.0,0.1,0.13,3,27,0,0,1,1.4285714285714286,0.0
7,1478,3,True,0,2025-02-27,0,0.0,0.05,0.05,3,27,0,0,1,0.14285714285714285,0.0
7,1491,3,True,0,2025-02-27,0,0.0,0.24,0.3,3,27,0,0,1,0.14285714285714285,0.0
7,1499,3,True,0,2025-02-27,1,0.0,0.1,0.16,3,27,0,0,1,0.14285714285714285,0.0
7,1507,3,True,0,2025-02-27,0,0.0,0.09,0.1,3,27,0,0,1,0.2857142857142857,0.0
7,1508,3,True,0,2025-02-27,0,0.0,0.11,0.12,3,27,0,0,1,0.2857142857142857,0.0
7,1513,3,True,0,2025-02-27,0,0.0,0.12,0.16,3,27,0,0,1,0.2857142857142857,0.0
7,1523,3,True,0,2025-02-27,0,0.0,0.05,0.08,3,27,0,0,1,0.2857142857142857,0.0
7,1536,3,True,0,2025-02-27,1,0.0,0.1,0.15,3,27,0,0,1,0.14285714285714285,0.0
7,1545,3,True,0,2025-02-27,0,0.0,0.15,0.19,3,27,0,0,1,0.2857142857142857,0.0
7,1550,3,True,0,2025-02-27,0,0.0,0.28,0.33,3,27,0,0,1,0.2857142857142857,0.0
7,1557,3,True,0,2025-02-27,0,0.0,0.12,0.16,3,27,0,0,1,0.14285714285714285,0.0
7,1561,3,True,0,2025-02-27,0,0.0,0.37,0.45,3,27,0,0,1,0.14285714285714285,0.0
7,1566,3,True,0,2025-02-27,0,0.0,0.16,0.21,3,27,0,0,1,0.14285714285714285,0.0
7,1579,3,True,0,2025-02-27,0,0.0,0.07,0.1,3,27,0,0,1,0.14285714285714285,0.0
7,1582,3,True,0,2025-02-27,0,0.0,0.16,0.2,3,27,0,0,1,0.14285714285714285,0.0
7,1585,3,True,0,2025-02-27,0,0.0,0.45,0.6,3,27,0,0,1,0.0,0.0
7,1587,3,True,0,2025-02-27,0,0.0,0.05,0.05,3,27,0,0,1,0.0,0.0
7,1605,3,True,0,2025-02-27,0,0.0,0.07,0.09,3,27,0,0,1,0.0,0.0
7,1609,3,True,0,2025-02-27,0,0.0,0.18,0.21,3,27,0,0,1,0.0,0.0
7,1632,3,True,0,2025-02-27,0,0.0,0.12,0.2,3,27,0,0,1,0.0,0.0
7,1638,3,True,0,2025-02-27,0,0.0,0.25,0.34,3,27,0,0,1,0.0,0.0
7,1640,3,True,0,2025-02-27,0,0.0,0.2,0.27,3,27,0,0,1,0.0,0.0
7,1641,3,True,0,2025-02-27,0,0.0,0.08,0.16,3,27,0,0,1,0.0,0.0
7,1649,3,True,0,2025-02-27,0,0.0,0.28,0.38,3,27,0,0,1,0.0,0.0
7,1680,3,True,0,2025-02-27,0,0.0,0.21,0.25,3,27,0,0,1,0.0,0.0
7,1681,3,True,0,2025-02-27,0,0.0,0.05,0.07,3,27,0,0,1,0.0,0.0
7,1682,3,True,0,2025-02-27,0,0.0,0.38,0.54,3,27,0,0,1,0.0,0.0
7,1683,3,True,0,2025-02-27,0,0.0,0.07,0.09,3,27,0,0,1,0.0,0.0
7,1700,3,True,0,2025-02-27,0,0.0,0.25,0.37,3,27,0,0,1,0.0,0.0
7,1708,3,True,0,2025-02-27,0,0.0,0.42,0.44,3,27,0,0,1,0.0,0.0
7,1709,3,True,0,2025-02-27,0,0.0,0.08,0.1,3,27,0,0,1,0.0,0.0
7,1714,3,True,0,2025-02-27,0,0.0,0.29,0.36,3,27,0,0,1,0.0,0.0
7,1718,3,True,0,2025-02-27,0,0.0,0.36,0.39,3,27,0,0,1,0.0,0.0
7,1737,3,True,0,2025-02-27,0,0.0,0.12,0.21,3,27,0,0,1,0.0,0.0
7,1751,3,True,0,2025-02-27,0,0.0,0.16,0.2,3,27,0,0,1,0.0,0.0
7,1753,3,True,0,2025-02-27,0,0.0,0.2,0.24,3,27,0,0,1,0.0,0.0
7,1754,3,True,0,2025-02-27,2,0.0,0.03,0.05,3,27,0,0,1,0.0,0.0
7,1769,3,True,0,2025-02-27,0,0.0,0.13,0.15,3,27,0,0,1,0.2857142857142857,0.0
7,1779,3,True,0,2025-02-27,0,0.0,0.04,0.06,3,27,0,0,1,0.2857142857142857,0.0
7,1786,3,True,0,2025-02-27,0,0.0,0.2,0.24,3,27,0,0,1,0.2857142857142857,0.0
7,1788,3,True,0,2025-02-27,0,0.0,0.36,0.43,3,27,0,0,1,0.2857142857142857,0.0
7,1808,3,True,0,2025-02-27,0,0.0,0.25,0.29,3,27,0,0,1,0.2857142857142857,0.0
7,1812,3,True,0,2025-02-27,0,0.0,0.33,0.44,3,27,0,0,1,0.2857142857142857,0.0
7,1817,3,True,0,2025-02-27,1,0.0,0.19,0.29,3,27,0,0,1,0.2857142857142857,0.0
7,1823,3,True,0,2025-02-27,0,0.0,0.13,0.17,3,27,0,0,1,0.14285714285714285,0.0
7,1831,3,True,0,2025-02-27,0,0.0,0.1,0.12,3,27,0,0,1,0.14285714285714285,0.0
7,1862,3,True,0,2025-02-27,0,0.0,0.11,0.15,3,27,0,0,1,0.14285714285714285,0.0
7,1867,3,True,0,2025-02-27,0,0.0,0.54,0.72,3,27,0,0,1,0.14285714285714285,0.0
7,1888,3,True,0,2025-02-27,0,0.0,0.25,0.32,3,27,0,0,1,0.14285714285714285,0.0
7,1891,3,True,0,2025-02-27,0,0.0,0.45,0.55,3,27,0,0,1,0.14285714285714285,0.0
7,1913,3,True,0,2025-02-27,0,0.0,0.03,0.04,3,27,0,0,1,0.14285714285714285,0.0
7,1914,3,True,0,2025-02-27,0,0.0,0.15,0.21,3,27,0,0,1,0.0,0.0
7,1927,3,True,0,2025-02-27,0,0.0,0.3,0.34,3,27,0,0,1,0.0,0.0
7,1931,3,True,0,2025-02-27,0,0.0,0.67,0.81,3,27,0,0,1,0.0,0.0
7,1943,3,True,0,2025-02-27,0,0.0,0.22,0.24,3,27,0,0,1,0.0,0.0
7,1952,3,True,0,2025-02-27,0,0.0,0.07,0.09,3,27,0,0,1,0.0,0.0
7,1964,3,True,0,2025-02-27,3,0.0,0.2,0.24,3,27,0,0,1,0.0,0.0
7,1974,3,True,0,2025-02-27,0,0.0,0.44,0.47,3,27,0,0,1,0.42857142857142855,0.0
7,1989,3,True,0,2025-02-27,0,0.0,0.15,0.19,3,27,0,0,1,0.42857142857142855,0.0
7,1990,3,True,0,2025-02-27,0,0.0,0.23,0.31,3,27,0,0,1,0.42857142857142855,0.0
7,1993,3,True,0,2025-02-27,0,0.0,0.12,0.15,3,27,0,0,1,0.42857142857142855,0.0
7,2004,3,True,0,2025-02-27,0,0.0,0.21,0.29,3,27,0,0,1,0.42857142857142855,0.0
7,2026,3,True,0,2025-02-27,0,0.0,0.23,0.32,3,27,0,0,1,0.42857142857142855,0.0
7,2049,3,True,0,2025-02-27,0,0.0,0.06,0.09,3,27,0,0,1,0.42857142857142855,0.0
7,2054,3,True,0,2025-02-27,0,0.0,0.22,0.39,3,27,0,0,1,0.0,0.0
7,2075,3,True,0,2025-02-27,0,0.0,0.18,0.24,3,27,0,0,1,0.0,0.0
7,2079,3,True,0,2025-02-27,0,0.0,0.11,0.13,3,27,0,0,1,0.0,0.0
7,2080,3,True,0,2025-02-27,0,0.0,0.14,0.15,3,27,0,0,1,0.0,0.0
7,2087,3,True,0,2025-02-27,0,0.0,0.36,0.54,3,27,0,0,1,0.0,0.0
7,2089,3,True,0,2025-02-27,0,0.0,0.12,0.15,3,27,0,0,1,0.0,0.0
7,2098,3,True,0,2025-02-27,0,0.0,0.35,0.44,3,27,0,0,1,0.0,0.0
7,2101,3,True,0,2025-02-27,0,0.0,0.14,0.19,3,27,0,0,1,0.0,0.0
7,2102,3,True,0,2025-02-27,0,0.0,0.12,0.13,3,27,0,0,1,0.0,0.0
7,2112,3,True,0,2025-02-27,0,0.0,0.23,0.27,3,27,0,0,1,0.0,0.0
7,2113,3,True,0,2025-02-27,0,0.0,0.19,0.28,3,27,0,0,1,0.0,0.0
7,2118,3,True,0,2025-02-27,0,0.0,0.29,0.43,3,27,0,0,1,0.0,0.0
7,2122,3,True,0,2025-02-27,0,0.0,0.65,0.8,3,27,0,0,1,0.0,0.0
7,2123,3,True,0,2025-02-27,0,0.0,0.08,0.1,3,27,0,0,1,0.0,0.0
7,2128,3,True,0,2025-02-27,0,0.0,0.17,0.21,3,27,0,0,1,0.0,0.0
7,2130,3,True,0,2025-02-27,0,0.0,0.16,0.19,3,27,0,0,1,0.0,0.0
7,2143,3,True,0,2025-02-27,0,0.0,0.1,0.12,3,27,0,0,1,0.0,0.0
7,2147,3,True,0,2025-02-27,0,0.0,0.15,0.18,3,27,0,0,1,0.0,0.0
7,2158,3,True,0,2025-02-27,0,0.0,0.27,0.28,3,27,0,0,1,0.0,0.0
7,2166,3,True,0,2025-02-27,0,0.0,0.21,0.26,3,27,0,0,1,0.0,0.0
7,2176,3,True,0,2025-02-27,0,0.0,0.11,0.14,3,27,0,0,1,0.0,0.0
7,2178,3,True,0,2025-02-27,0,0.0,0.19,0.21,3,27,0,0,1,0.0,0.0
7,2200,3,True,0,2025-02-27,0,0.0,0.13,0.16,3,27,0,0,1,0.0,0.0
7,2211,3,True,0,2025-02-27,2,0.0,0.05,0.06,3,27,0,0,1,0.0,0.0
7,2222,3,True,0,2025-02-27,0,0.0,0.33,0.49,3,27,0,0,1,0.2857142857142857,0.0
7,2234,3,True,0,2025-02-27,0,0.0,0.33,0.32,3,27,0,0,1,0.2857142857142857,0.0
7,2246,3,True,0,2025-02-27,0,0.0,0.51,0.52,3,27,0,0,1,0.2857142857142857,0.0
7,2247,3,True,0,2025-02-27,0,0.0,0.71,0.73,3,27,0,0,1,0.2857142857142857,0.0
7,2261,3,True,0,2025-02-27,0,0.0,0.23,0.25,3,27,0,0,1,0.2857142857142857,0.0
7,2262,3,True,0,2025-02-27,0,0.0,0.06,0.13,3,27,0,0,1,0.2857142857142857,0.0
7,2264,3,True,0,2025-02-27,0,0.0,0.43,0.51,3,27,0,0,1,0.2857142857142857,0.0
7,2275,3,True,0,2025-02-27,0,0.0,0.08,0.1,3,27,0,0,1,0.0,0.0
7,2276,3,True,0,2025-02-27,0,0.0,0.49,0.63,3,27,0,0,1,0.0,0.0
7,2277,3,True,0,2025-02-27,0,0.0,0.18,0.23,3,27,0,0,1,0.0,0.0
7,2281,3,True,0,2025-02-27,0,0.0,0.08,0.1,3,27,0,0,1,0.0,0.0
7,2294,3,True,0,2025-02-27,1,0.0,0.12,0.17,3,27,0,0,1,0.0,0.0
7,2295,3,True,0,2025-02-27,0,0.0,0.35,0.39,3,27,0,0,1,0.14285714285714285,0.0
7,2296,3,True,0,2025-02-27,0,0.0,0.34,0.4,3,27,0,0,1,0.14285714285714285,0.0
7,2301,3,True,0,2025-02-27,0,0.0,0.21,0.28,3,27,0,0,1,0.14285714285714285,0.0
7,2321,3,True,0,2025-02-27,1,0.0,0.28,0.37,3,27,0,0,1,0.14285714285714285,0.0
7,2345,3,True,0,2025-02-27,0,0.0,0.16,0.2,3,27,0,0,1,0.2857142857142857,0.0
7,2367,3,True,0,2025-02-27,0,0.0,0.29,0.45,3,27,0,0,1,0.2857142857142857,0.0
7,2370,3,True,0,2025-02-27,0,0.0,0.06,0.09,3,27,0,0,1,0.2857142857142857,0.0
7,2372,3,True,0,2025-02-27,0,0.0,0.3,0.34,3,27,0,0,1,0.14285714285714285,0.0
7,2376,3,True,0,2025-02-27,0,0.0,0.14,0.19,3,27,0,0,1,0.14285714285714285,0.0
7,2382,3,True,0,2025-02-27,0,0.0,0.26,0.28,3,27,0,0,1,0.14285714285714285,0.0
7,2383,3,True,0,2025-02-27,0,0.0,0.11,0.14,3,27,0,0,1,0.14285714285714285,0.0
7,2384,3,True,0,2025-02-27,0,0.0,0.08,0.09,3,27,0,0,1,0.0,0.0
7,2395,3,True,0,2025-02-27,0,0.0,0.02,0.03,3,27,0,0,1,0.0,0.0
7,2416,3,True,0,2025-02-27,0,0.0,0.19,0.22,3,27,0,0,1,0.0,0.0
7,2429,3,True,0,2025-02-27,0,0.0,0.3,0.37,3,27,0,0,1,0.0,0.0
7,2433,3,True,0,2025-02-27,1,0.0,0.12,0.16,3,27,0,0,1,0.0,0.0
7,2440,3,True,0,2025-02-27,0,0.0,0.1,0.17,3,27,0,0,1,0.14285714285714285,0.0
7,2446,3,True,0,2025-02-27,0,0.0,0.2,0.27,3,27,0,0,1,0.14285714285714285,0.0
7,2447,3,True,0,2025-02-27,0,0.0,0.27,0.31,3,27,0,0,1,0.14285714285714285,0.0
7,2457,3,True,0,2025-02-27,0,0.0,0.11,0.15,3,27,0,0,1,0.14285714285714285,0.0
7,2467,3,True,0,2025-02-27,0,0.0,0.16,0.14,3,27,0,0,1,0.14285714285714285,0.0
7,2468,3,True,0,2025-02-27,1,0.0,0.46,0.42,3,27,0,0,1,0.14285714285714285,0.0
7,2477,3,True,0,2025-02-27,0,0.0,0.26,0.31,3,27,0,0,1,0.2857142857142857,0.0
7,2479,3,True,0,2025-02-27,0,0.0,0.04,0.05,3,27,0,0,1,0.14285714285714285,0.0
7,2485,3,True,0,2025-02-27,1,0.0,0.26,0.33,3,27,0,0,1,0.14285714285714285,0.0
7,2503,3,True,0,2025-02-27,0,0.0,0.04,0.06,3,27,0,0,1,0.2857142857142857,0.0
7,2536,3,True,0,2025-02-27,0,0.0,0.19,0.3,3,27,0,0,1,0.2857142857142857,0.0
7,2537,3,True,0,2025-02-27,0,0.0,0.16,0.2,3,27,0,0,1,0.2857142857142857,0.0
7,2565,3,True,0,2025-02-27,0,0.0,0.41,0.49,3,27,0,0,1,0.2857142857142857,0.0
7,2566,3,True,0,2025-02-27,0,0.0,0.33,0.38,3,27,0,0,1,0.14285714285714285,0.0
7,2574,3,True,0,2025-02-27,0,0.0,0.28,0.31,3,27,0,0,1,0.14285714285714285,0.0
7,2590,3,True,0,2025-02-27,0,0.0,0.07,0.1,3,27,0,0,1,0.14285714285714285,0.0
7,2591,3,True,0,2025-02-27,0,0.0,0.15,0.18,3,27,0,0,1,0.0,0.0
7,2598,3,True,0,2025-02-27,0,0.0,0.09,0.11,3,27,0,0,1,0.0,0.0
7,2601,3,True,0,2025-02-27,0,0.0,0.21,0.27,3,27,0,0,1,0.0,0.0
7,2609,3,True,0,2025-02-27,0,0.0,0.08,0.12,3,27,0,0,1,0.0,0.0
7,2625,3,True,0,2025-02-27,0,0.0,0.2,0.24,3,27,0,0,1,0.0,0.0
7,2627,3,True,0,2025-02-27,0,0.0,0.27,0.4,3,27,0,0,1,0.0,0.0
7,2646,3,True,0,2025-02-27,0,0.0,0.51,0.35,3,27,0,0,1,0.0,0.0
7,2654,3,True,0,2025-02-27,0,0.0,0.07,0.08,3,27,0,0,1,0.0,0.0
7,2669,3,True,0,2025-02-27,0,0.0,0.19,0.24,3,27,0,0,1,0.0,0.0
7,2677,3,True,0,2025-02-27,0,0.0,0.11,0.12,3,27,0,0,1,0.0,0.0
7,2683,3,True,0,2025-02-27,0,0.0,0.1,0.14,3,27,0,0,1,0.0,0.0
7,2692,3,True,0,2025-02-27,0,0.0,0.09,0.13,3,27,0,0,1,0.0,0.0
7,2693,3,True,0,2025-02-27,0,0.0,0.06,0.09,3,27,0,0,1,0.0,0.0
7,2695,3,True,0,2025-02-27,0,0.0,0.04,0.05,3,27,0,0,1,0.0,0.0
7,2697,3,True,0,2025-02-27,0,0.0,0.12,0.14,3,27,0,0,1,0.0,0.0
7,2714,3,True,0,2025-02-27,0,0.0,0.05,0.06,3,27,0,0,1,0.0,0.0
7,2716,3,True,0,2025-02-27,0,0.0,0.13,0.17,3,27,0,0,1,0.0,0.0
7,2731,3,True,0,2025-02-27,0,0.0,0.03,0.04,3,27,0,0,1,0.0,0.0
7,2734,3,True,0,2025-02-27,0,0.0,0.6,0.51,3,27,0,0,1,0.0,0.0
7,2738,3,True,0,2025-02-27,0,0.0,0.07,0.08,3,27,0,0,1,0.0,0.0
7,2747,3,True,0,2025-02-27,0,0.0,0.29,0.41,3,27,0,0,1,0.0,0.0
7,2757,3,True,0,2025-02-27,0,0.0,0.1,0.16,3,27,0,0,1,0.0,0.0
7,2759,3,True,0,2025-02-27,0,0.0,0.08,0.11,3,27,0,0,1,0.0,0.0
7,2772,3,True,0,2025-02-27,0,0.0,0.11,0.17,3,27,0,0,1,0.0,0.0
7,2784,3,True,0,2025-02-27,0,0.0,0.17,0.47,3,27,0,0,1,0.0,0.0
7,2797,3,True,0,2025-02-27,1,0.0,0.1,0.12,3,27,0,0,1,0.0,0.0
7,2807,3,True,0,2025-02-27,0,0.0,0.55,0.21,3,27,0,0,1,0.14285714285714285,0.0
7,2809,3,True,0,2025-02-27,1,0.0,0.4,0.63,3,27,0,0,1,0.14285714285714285,0.0
7,2815,3,True,0,2025-02-27,1,0.0,0.11,0.15,3,27,0,0,1,0.2857142857142857,0.0
7,2833,3,True,0,2025-02-27,0,0.0,0.22,0.26,3,27,0,0,1,0.42857142857142855,0.0
7,2834,3,True,0,2025-02-27,0,0.0,0.31,0.34,3,27,0,0,1,0.42857142857142855,0.0
7,2848,3,True,0,2025-02-27,0,0.0,0.1,0.15,3,27,0,0,1,0.42857142857142855,0.0
7,2876,3,True,0,2025-02-27,0,0.0,0.05,0.06,3,27,0,0,1,0.42857142857142855,0.0
7,2893,3,True,0,2025-02-27,0,0.0,0.28,0.36,3,27,0,0,1,0.2857142857142857,0.0
7,2898,3,True,0,2025-02-27,0,0.0,0.17,0.25,3,27,0,0,1,0.2857142857142857,0.0
7,2899,3,True,0,2025-02-27,0,0.0,0.18,0.24,3,27,0,0,1,0.14285714285714285,0.0
7,2907,3,True,0,2025-02-27,0,0.0,0.21,0.33,3,27,0,0,1,0.0,0.0
7,2917,3,True,0,2025-02-27,0,0.0,0.06,0.08,3,27,0,0,1,0.0,0.0
7,2919,3,True,0,2025-02-27,21,0.0,0.02,0.02,3,27,0,0,1,0.0,0.0
7,2920,3,True,0,2025-02-27,0,0.0,0.07,0.09,3,27,0,0,1,3.0,0.0
7,2924,3,True,0,2025-02-27,0,0.0,0.13,0.27,3,27,0,0,1,3.0,0.0
7,2925,3,True,0,2025-02-27,1,0.0,0.1,0.15,3,27,0,0,1,3.0,0.0
7,2932,3,True,0,2025-02-27,0,0.0,0.28,0.35,3,27,0,0,1,3.142857142857143,0.0
7,2933,3,True,0,2025-02-27,0,0.0,0.49,0.68,3,27,0,0,1,3.142857142857143,0.0
7,2935,3,True,0,2025-02-27,0,0.0,0.21,0.22,3,27,0,0,1,3.142857142857143,0.0
7,2936,3,True,0,2025-02-27,0,0.0,0.02,0.18,3,27,0,0,1,3.142857142857143,0.0
7,2939,3,True,0,2025-02-27,0,0.0,0.43,0.46,3,27,0,0,1,0.14285714285714285,0.0
7,2940,3,True,0,2025-02-27,1,0.0,0.09,0.11,3,27,0,0,1,0.14285714285714285,0.0
7,2946,3,True,0,2025-02-27,0,0.0,0.44,0.41,3,27,0,0,1,0.2857142857142857,0.0
7,2949,3,True,0,2025-02-27,0,0.0,0.19,0.28,3,27,0,0,1,0.14285714285714285,0.0
7,2960,3,True,0,2025-02-27,0,0.0,0.07,0.09,3,27,0,0,1,0.14285714285714285,0.0
7,2976,3,True,0,2025-02-27,0,0.0,0.1,0.13,3,27,0,0,1,0.14285714285714285,0.0
7,2982,3,True,0,2025-02-27,0,0.0,0.21,0.26,3,27,0,0,1,0.14285714285714285,0.0
7,2983,3,True,0,2025-02-27,0,0.0,0.13,0.17,3,27,0,0,1,0.14285714285714285,0.0
7,2996,3,True,0,2025-02-27,0,0.0,0.27,0.35,3,27,0,0,1,0.14285714285714285,0.0
7,3004,3,True,0,2025-02-27,0,0.0,0.11,0.17,3,27,0,0,1,0.0,0.0
7,3010,3,True,0,2025-02-27,0,0.0,0.49,0.63,3,27,0,0,1,0.0,0.0
7,3017,3,True,0,2025-02-27,0,0.0,0.21,0.29,3,27,0,0,1,0.0,0.0
7,3018,3,True,0,2025-02-27,1,0.0,0.11,0.13,3,27,0,0,1,0.0,0.0
7,3027,3,True,0,2025-02-27,0,0.0,0.1,0.13,3,27,0,0,1,0.14285714285714285,0.0
7,3030,3,True,0,2025-02-27,0,0.0,0.45,0.58,3,27,0,0,1,0.14285714285714285,0.0
7,3037,3,True,0,2025-02-27,0,0.0,0.11,0.13,3,27,0,0,1,0.14285714285714285,0.0
7,3042,3,True,0,2025-02-27,0,0.0,0.1,0.13,3,27,0,0,1,0.14285714285714285,0.0
7,3045,3,True,0,2025-02-27,0,0.0,0.13,0.16,3,27,0,0,1,0.14285714285714285,0.0
7,3049,3,True,0,2025-02-27,0,0.0,0.39,0.5,3,27,0,0,1,0.14285714285714285,0.0
7,3051,3,True,0,2025-02-27,0,0.0,0.38,0.31,3,27,0,0,1,0.14285714285714285,0.0
7,3056,3,True,0,2025-02-27,0,1.0,0.25,0.33,3,27,0,0,1,0.0,0.0
7,3062,3,True,0,2025-02-27,0,0.0,0.26,0.31,3,27,0,0,1,0.0,0.0
7,3064,3,True,0,2025-02-27,0,0.0,0.12,0.14,3,27,0,0,1,0.0,0.0
7,3067,3,True,0,2025-02-27,0,0.0,0.67,0.94,3,27,0,0,1,0.0,0.0
7,3071,3,True,0,2025-02-27,0,0.0,0.09,0.11,3,27,0,0,1,0.0,0.0
7,3094,3,True,0,2025-02-27,0,0.0,0.27,0.34,3,27,0,0,1,0.0,0.0
7,3097,3,True,0,2025-02-27,0,0.0,0.29,0.4,3,27,0,0,1,0.0,0.0
7,3106,3,True,0,2025-02-27,0,0.0,0.09,0.1,3,27,0,0,1,0.0,0.0
7,3110,3,True,0,2025-02-27,0,0.0,0.23,0.29,3,27,0,0,1,0.0,0.0
7,3124,3,True,0,2025-02-27,0,0.0,0.11,0.15,3,27,0,0,1,0.0,0.0
7,3129,3,True,0,2025-02-27,0,0.0,0.23,0.27,3,27,0,0,1,0.0,0.0
7,3131,3,True,0,2025-02-27,0,0.0,0.07,0.11,3,27,0,0,1,0.0,0.0
7,3134,3,True,0,2025-02-27,0,0.0,0.16,0.16,3,27,0,0,1,0.0,0.0
7,3139,3,True,0,2025-02-27,0,0.0,0.22,0.26,3,27,0,0,1,0.0,0.0
7,3142,3,True,0,2025-02-27,0,0.0,0.3,0.44,3,27,0,0,1,0.0,0.0
7,3156,3,True,0,2025-02-27,0,0.0,0.2,0.26,3,27,0,0,1,0.0,0.0
7,3172,3,True,0,2025-02-27,0,0.0,0.08,0.09,3,27,0,0,1,0.0,0.0
7,3173,3,True,0,2025-02-27,0,0.0,0.22,0.23,3,27,0,0,1,0.0,0.0
7,3176,3,True,0,2025-02-27,0,0.0,0.1,0.13,3,27,0,0,1,0.0,0.0
7,3188,3,True,0,2025-02-27,0,0.0,0.07,0.09,3,27,0,0,1,0.0,0.0
7,3193,3,True,0,2025-02-27,0,0.0,0.13,0.2,3,27,0,0,1,0.0,0.0
7,3204,3,True,0,2025-02-27,3,0.0,0.17,0.21,3,27,0,0,1,0.0,0.0
7,3205,3,True,0,2025-02-27,1,0.0,0.18,0.24,3,27,0,0,1,0.42857142857142855,0.0
7,3206,3,True,0,2025-02-27,0,0.0,0.17,0.18,3,27,0,0,1,0.5714285714285714,0.0
7,3210,3,True,0,2025-02-27,0,0.0,0.08,0.07,3,27,0,0,1,0.5714285714285714,0.0
7,3251,3,True,0,2025-02-27,0,0.0,0.29,0.35,3,27,0,0,1,0.5714285714285714,0.0
7,3257,3,True,0,2025-02-27,0,0.0,0.11,0.13,3,27,0,0,1,0.5714285714285714,0.0
7,3265,3,True,0,2025-02-27,0,0.0,0.08,0.08,3,27,0,0,1,0.5714285714285714,0.0
7,3271,3,True,0,2025-02-27,0,0.0,0.12,0.16,3,27,0,0,1,0.5714285714285714,0.0
7,3274,3,True,0,2025-02-27,0,0.0,0.41,0.35,3,27,0,0,1,0.14285714285714285,0.0
7,3278,3,True,0,2025-02-27,0,0.0,0.18,0.27,3,27,0,0,1,0.0,0.0
7,3288,3,True,0,2025-02-27,0,0.0,0.29,0.26,3,27,0,0,1,0.0,0.0
7,3295,3,True,0,2025-02-27,0,0.0,0.28,0.38,3,27,0,0,1,0.0,0.0
7,3303,3,True,0,2025-02-27,0,0.0,0.02,0.02,3,27,0,0,1,0.0,0.0
7,3311,3,True,0,2025-02-27,0,0.0,0.21,0.25,3,27,0,0,1,0.0,0.0
7,3319,3,True,0,2025-02-27,0,0.0,0.08,0.09,3,27,0,0,1,0.0,0.0
7,3336,3,True,0,2025-02-27,0,0.0,0.01,0.01,3,27,0,0,1,0.0,0.0
7,3341,3,True,0,2025-02-27,0,0.0,0.22,0.19,3,27,0,0,1,0.0,0.0
7,3342,3,True,0,2025-02-27,0,0.0,0.04,0.07,3,27,0,0,1,0.0,0.0
7,3343,3,True,0,2025-02-27,0,0.0,0.1,0.14,3,27,0,0,1,0.0,0.0
7,3359,3,True,0,2025-02-27,0,0.0,0.49,0.56,3,27,0,0,1,0.0,0.0
7,3364,3,True,0,2025-02-27,1,0.0,0.11,0.14,3,27,0,0,1,0.0,0.0
7,3365,3,True,0,2025-02-27,0,0.0,0.18,0.23,3,27,0,0,1,0.14285714285714285,0.0
7,3381,3,True,0,2025-02-27,0,0.0,0.3,0.39,3,27,0,0,1,0.14285714285714285,0.0
7,3386,3,True,0,2025-02-27,0,0.0,0.06,0.09,3,27,0,0,1,0.14285714285714285,0.0
7,3392,3,True,0,2025-02-27,0,0.0,0.1,0.14,3,27,0,0,1,0.14285714285714285,0.0
7,3397,3,True,0,2025-02-27,0,0.0,0.29,0.49,3,27,0,0,1,0.14285714285714285,0.0
7,3403,3,True,0,2025-02-27,0,0.0,0.17,0.26,3,27,0,0,1,0.14285714285714285,0.0
7,3413,3,True,0,2025-02-27,0,0.0,0.18,0.28,3,27,0,0,1,0.14285714285714285,0.0
7,3423,3,True,0,2025-02-27,0,0.0,0.05,0.06,3,27,0,0,1,0.0,0.0
7,3426,3,True,0,2025-02-27,0,0.0,0.13,0.17,3,27,0,0,1,0.0,0.0
7,3433,3,True,0,2025-02-27,0,0.0,0.08,0.1,3,27,0,0,1,0.0,0.0
7,3444,3,True,0,2025-02-27,0,0.0,0.31,0.37,3,27,0,0,1,0.0,0.0
7,3446,3,True,0,2025-02-27,0,0.0,0.06,0.07,3,27,0,0,1,0.0,0.0
7,3449,3,True,0,2025-02-27,0,0.0,0.36,0.42,3,27,0,0,1,0.0,0.0
7,3469,3,True,0,2025-02-27,0,0.0,0.09,0.11,3,27,0,0,1,0.0,0.0
7,3474,3,True,0,2025-02-27,0,0.0,0.31,0.36,3,27,0,0,1,0.0,0.0
7,3481,3,True,0,2025-02-27,0,0.0,0.08,0.1,3,27,0,0,1,0.0,0.0
7,3482,3,True,0,2025-02-27,1,0.0,0.12,0.14,3,27,0,0,1,0.0,0.0
7,3484,3,True,0,2025-02-27,0,0.0,0.09,0.11,3,27,0,0,1,0.14285714285714285,0.0
7,3492,3,True,0,2025-02-27,0,0.0,0.25,0.3,3,27,0,0,1,0.14285714285714285,0.0
7,3517,3,True,0,2025-02-27,1,0.0,0.24,0.32,3,27,0,0,1,0.14285714285714285,0.0
7,3518,3,True,0,2025-02-27,0,0.0,0.16,0.18,3,27,0,0,1,0.2857142857142857,0.0
7,3525,3,True,0,2025-02-27,0,0.0,0.15,0.21,3,27,0,0,1,0.2857142857142857,0.0
7,3526,3,True,0,2025-02-27,1,0.0,0.08,0.11,3,27,0,0,1,0.2857142857142857,0.0
7,3543,3,True,0,2025-02-27,0,0.0,0.16,0.23,3,27,0,0,1,0.42857142857142855,0.0
7,3551,3,True,0,2025-02-27,0,0.0,0.06,0.16,3,27,0,0,1,0.2857142857142857,0.0
7,3557,3,True,0,2025-02-27,0,0.0,0.09,0.12,3,27,0,0,1,0.2857142857142857,0.0
7,3559,3,True,0,2025-02-27,0,0.0,0.24,0.32,3,27,0,0,1,0.2857142857142857,0.0
7,3573,3,True,0,2025-02-27,0,0.0,0.29,0.34,3,27,0,0,1,0.14285714285714285,0.0
7,3586,3,True,0,2025-02-27,0,0.0,0.5,0.51,3,27,0,0,1,0.14285714285714285,0.0
7,3587,3,True,0,2025-02-27,0,0.0,0.04,0.05,3,27,0,0,1,0.14285714285714285,0.0
7,3610,3,True,0,2025-02-27,0,0.0,0.03,0.04,3,27,0,0,1,0.0,0.0
7,3615,3,True,0,2025-02-27,0,0.0,0.04,0.06,3,27,0,0,1,0.0,0.0
7,3616,3,True,0,2025-02-27,0,0.0,0.51,0.55,3,27,0,0,1,0.0,0.0
7,3629,3,True,0,2025-02-27,0,0.0,0.06,0.08,3,27,0,0,1,0.0,0.0
7,3630,3,True,0,2025-02-27,0,0.0,0.31,0.41,3,27,0,0,1,0.0,0.0
7,3638,3,True,0,2025-02-27,0,0.0,0.48,0.62,3,27,0,0,1,0.0,0.0
7,3644,3,True,0,2025-02-27,0,0.0,0.09,0.12,3,27,0,0,1,0.0,0.0
7,3655,3,True,0,2025-02-27,0,0.0,0.07,0.11,3,27,0,0,1,0.0,0.0
7,3659,3,True,0,2025-02-27,0,0.0,0.19,0.28,3,27,0,0,1,0.0,0.0
7,3660,3,True,0,2025-02-27,0,0.0,0.43,0.54,3,27,0,0,1,0.0,0.0
7,3667,3,True,0,2025-02-27,0,0.0,0.43,0.5,3,27,0,0,1,0.0,0.0
7,3672,3,True,0,2025-02-27,0,0.0,0.18,0.23,3,27,0,0,1,0.0,0.0
7,3682,3,True,0,2025-02-27,0,0.0,0.05,0.06,3,27,0,0,1,0.0,0.0
7,3697,3,True,0,2025-02-27,0,0.0,0.04,0.06,3,27,0,0,1,0.0,0.0
7,3714,3,True,0,2025-02-27,0,0.0,0.12,0.14,3,27,0,0,1,0.0,0.0
7,3742,3,True,0,2025-02-27,0,0.0,0.12,0.16,3,27,0,0,1,0.0,0.0
7,3765,3,True,0,2025-02-27,0,0.0,0.27,0.49,3,27,0,0,1,0.0,0.0
7,3773,3,True,0,2025-02-27,0,0.0,0.34,0.46,3,27,0,0,1,0.0,0.0
7,3779,3,True,0,2025-02-27,0,0.0,0.25,0.36,3,27,0,0,1,0.0,0.0
7,3785,3,True,0,2025-02-27,0,0.0,0.17,0.29,3,27,0,0,1,0.0,0.0
7,3804,3,True,0,2025-02-27,0,0.0,0.17,0.21,3,27,0,0,1,0.0,0.0
7,3823,3,True,0,2025-02-27,2,0.0,0.54,0.73,3,27,0,0,1,0.0,0.0
7,3827,3,True,0,2025-02-27,0,0.0,0.04,0.07,3,27,0,0,1,0.2857142857142857,0.0
7,3832,3,True,0,2025-02-27,2,0.0,0.05,0.12,3,27,0,0,1,0.2857142857142857,0.0
7,3837,3,True,0,2025-02-27,0,0.0,0.09,0.11,3,27,0,0,1,0.5714285714285714,0.0
7,3845,3,True,0,2025-02-27,0,0.0,0.01,0.01,3,27,0,0,1,0.5714285714285714,0.0
7,3846,3,True,0,2025-02-27,0,0.0,0.22,0.26,3,27,0,0,1,0.5714285714285714,0.0
7,3856,3,True,0,2025-02-27,0,0.0,0.21,0.27,3,27,0,0,1,0.5714285714285714,0.0
7,3867,3,True,0,2025-02-27,0,0.0,0.31,0.4,3,27,0,0,1,0.5714285714285714,0.0
7,3878,3,True,0,2025-02-27,0,0.0,0.05,0.06,3,27,0,0,1,0.2857142857142857,0.0
7,3881,3,True,0,2025-02-27,0,0.0,0.09,0.12,3,27,0,0,1,0.2857142857142857,0.0
7,3885,3,True,0,2025-02-27,0,0.0,0.05,0.07,3,27,0,0,1,0.0,0.0
7,3886,3,True,0,2025-02-27,0,0.0,0.49,0.71,3,27,0,0,1,0.0,0.0
7,3889,3,True,0,2025-02-27,0,0.0,0.1,0.16,3,27,0,0,1,0.0,0.0
7,3895,3,True,0,2025-02-27,1,0.0,0.21,0.22,3,27,0,0,1,0.0,0.0
7,3914,3,True,0,2025-02-27,0,0.0,0.4,0.57,3,27,0,0,1,0.14285714285714285,0.0
7,3916,3,True,0,2025-02-27,0,0.0,0.46,0.59,3,27,0,0,1,0.14285714285714285,0.0
7,3918,3,True,0,2025-02-27,1,0.0,0.4,0.49,3,27,0,0,1,0.14285714285714285,0.0
7,3932,3,True,0,2025-02-27,0,0.0,0.1,0.14,3,27,0,0,1,0.2857142857142857,0.0
7,3943,3,True,0,2025-02-27,0,0.0,0.25,0.29,3,27,0,0,1,0.2857142857142857,0.0
7,3947,3,True,0,2025-02-27,0,0.0,0.27,0.37,3,27,0,0,1,0.2857142857142857,0.0
7,3949,3,True,0,2025-02-27,0,0.0,0.06,0.08,3,27,0,0,1,0.2857142857142857,0.0
7,3952,3,True,0,2025-02-27,0,0.0,0.12,0.16,3,27,0,0,1,0.14285714285714285,0.0
7,3955,3,True,0,2025-02-27,0,0.0,0.73,0.76,3,27,0,0,1,0.14285714285714285,0.0
7,3967,3,True,0,2025-02-27,0,0.0,0.41,0.54,3,27,0,0,1,0.14285714285714285,0.0
7,3970,3,True,0,2025-02-27,0,0.0,0.15,0.19,3,27,0,0,1,0.0,0.0
7,3976,3,True,0,2025-02-27,0,0.0,0.24,0.29,3,27,0,0,1,0.0,0.0
7,3979,3,True,0,2025-02-27,0,0.0,0.15,0.21,3,27,0,0,1,0.0,0.0
7,3986,3,True,0,2025-02-27,0,0.0,0.62,0.22,3,27,0,0,1,0.0,0.0
7,3990,3,True,0,2025-02-27,0,0.0,0.1,0.13,3,27,0,0,1,0.0,0.0
7,3993,3,True,0,2025-02-27,0,0.0,0.13,0.18,3,27,0,0,1,0.0,0.0
7,4010,3,True,0,2025-02-27,0,0.0,0.17,0.31,3,27,0,0,1,0.0,0.0
7,4014,3,True,0,2025-02-27,0,0.0,0.39,0.46,3,27,0,0,1,0.0,0.0
7,4025,3,True,0,2025-02-27,0,0.0,0.17,0.15,3,27,0,0,1,0.0,0.0
7,4027,3,True,0,2025-02-27,0,0.0,0.11,0.13,3,27,0,0,1,0.0,0.0
7,4064,3,True,0,2025-02-27,0,0.0,0.05,0.08,3,27,0,0,1,0.0,0.0
7,4068,3,True,0,2025-02-27,0,0.0,0.17,0.23,3,27,0,0,1,0.0,1.1870779573225498
7,4073,3,True,0,2025-02-27,0,0.0,0.43,0.49,3,27,0,0,1,0.0,0.0
7,4077,3,True,0,2025-02-27,0,0.0,0.28,0.35,3,27,0,0,1,0.0,0.0
7,4082,3,True,0,2025-02-27,0,0.0,0.08,0.1,3,27,0,0,1,0.0,0.0
7,4084,3,True,0,2025-02-27,0,0.0,0.28,0.37,3,27,0,0,1,0.0,0.0
7,4094,3,True,0,2025-02-27,0,0.0,0.34,0.4,3,27,0,0,1,0.0,0.0
7,4102,3,True,0,2025-02-27,0,0.0,0.26,0.3,3,27,0,0,1,0.0,0.0
7,4117,3,True,0,2025-02-27,0,0.0,0.04,0.06,3,27,0,0,1,0.0,0.0
7,4129,3,True,0,2025-02-27,0,0.0,0.13,0.17,3,27,0,0,1,0.0,0.0
7,4136,3,True,0,2025-02-27,1,0.0,0.17,0.23,3,27,0,0,1,0.0,1.1571286320793486
7,4155,3,True,0,2025-02-27,0,0.0,0.02,0.03,3,27,0,0,1,0.14285714285714285,0.0
7,4183,3,True,0,2025-02-27,0,0.0,0.19,0.2,3,27,0,0,1,0.14285714285714285,0.0
7,4185,3,True,0,2025-02-27,1,0.0,0.15,0.21,3,27,0,0,1,0.14285714285714285,0.0
7,4187,3,True,0,2025-02-27,2,0.0,0.07,0.11,3,27,0,0,1,0.2857142857142857,0.0
7,4188,3,True,0,2025-02-27,0,0.0,0.03,0.03,3,27,0,0,1,0.5714285714285714,0.0
7,4190,3,True,0,2025-02-27,0,0.0,0.12,0.19,3,27,0,0,1,0.5714285714285714,0.0
7,4213,3,True,0,2025-02-27,0,0.0,0.01,0.01,3,27,0,0,1,0.5714285714285714,0.0
7,4223,3,True,0,2025-02-27,0,0.0,0.11,0.13,3,27,0,0,1,0.42857142857142855,0.0
7,4227,3,True,0,2025-02-27,0,0.0,0.41,0.76,3,27,0,0,1,0.42857142857142855,0.0
7,4237,3,True,0,2025-02-27,0,0.0,0.08,0.11,3,27,0,0,1,0.42857142857142855,0.0
7,4247,3,True,0,2025-02-27,0,0.0,0.04,0.05,3,27,0,0,1,0.2857142857142857,0.0
7,4249,3,True,0,2025-02-27,0,0.0,0.12,0.15,3,27,0,0,1,0.0,0.0
7,4250,3,True,0,2025-02-27,0,0.0,0.13,0.17,3,27,0,0,1,0.0,0.0
7,4253,3,True,0,2025-02-27,0,0.0,0.13,0.17,3,27,0,0,1,0.0,0.0
7,4255,3,True,0,2025-02-27,0,0.0,0.13,0.14,3,27,0,0,1,0.0,0.0
7,4258,3,True,0,2025-02-27,0,0.0,0.18,0.26,3,27,0,0,1,0.0,0.0
7,4272,3,True,0,2025-02-27,0,0.0,0.09,0.11,3,27,0,0,1,0.0,0.0
7,4273,3,True,0,2025-02-27,0,0.0,0.12,0.16,3,27,0,0,1,0.0,0.0
7,4276,3,True,0,2025-02-27,0,0.0,0.07,0.09,3,27,0,0,1,0.0,0.0
7,4285,3,True,0,2025-02-27,0,0.0,0.22,0.21,3,27,0,0,1,0.0,0.0
7,4291,3,True,0,2025-02-27,0,0.0,0.09,0.12,3,27,0,0,1,0.0,0.0
7,4295,3,True,0,2025-02-27,0,0.0,0.2,0.24,3,27,0,0,1,0.0,0.0
7,4306,3,True,0,2025-02-27,0,0.0,0.34,0.48,3,27,0,0,1,0.0,0.0
7,4314,3,True,0,2025-02-27,0,0.0,0.29,0.33,3,27,0,0,1,0.0,0.0
7,4318,3,True,0,2025-02-27,0,0.0,0.3,0.41,3,27,0,0,1,0.0,0.0
7,4323,3,True,0,2025-02-27,2,0.0,0.05,0.07,3,27,0,0,1,0.0,0.0
7,4324,3,True,0,2025-02-27,0,0.0,0.05,0.07,3,27,0,0,1,0.2857142857142857,0.0
7,4334,3,True,0,2025-02-27,1,0.0,0.29,0.36,3,27,0,0,1,0.2857142857142857,0.0
7,4338,3,True,0,2025-02-27,0,0.0,0.1,0.12,3,27,0,0,1,0.42857142857142855,0.0
7,4354,3,True,0,2025-02-27,0,0.0,0.02,0.02,3,27,0,0,1,0.42857142857142855,0.0
7,4362,3,True,0,2025-02-27,0,0.0,0.05,0.15,3,27,0,0,1,0.42857142857142855,0.0
7,4364,3,True,0,2025-02-27,0,0.0,0.37,0.45,3,27,0,0,1,0.42857142857142855,0.0
7,4374,3,True,0,2025-02-27,0,0.0,0.06,0.07,3,27,0,0,1,0.42857142857142855,0.0
7,4387,3,True,0,2025-02-27,0,0.0,0.08,0.1,3,27,0,0,1,0.14285714285714285,0.0
7,4414,3,True,0,2025-02-27,0,0.0,0.15,0.25,3,27,0,0,1,0.14285714285714285,0.0
7,4416,3,True,0,2025-02-27,0,0.0,0.05,0.06,3,27,0,0,1,0.0,0.0
7,4418,3,True,0,2025-02-27,0,0.0,0.14,0.17,3,27,0,0,1,0.0,0.0
7,4428,3,True,0,2025-02-27,1,0.0,0.42,0.45,3,27,0,0,1,0.0,0.0
7,4431,3,True,0,2025-02-27,0,0.0,0.05,0.07,3,27,0,0,1,0.14285714285714285,0.0
7,4446,3,True,0,2025-02-27,0,0.0,0.53,0.77,3,27,0,0,1,0.14285714285714285,0.0
7,4490,3,True,0,2025-02-27,0,0.0,0.18,0.2,3,27,0,0,1,0.14285714285714285,0.0
7,4496,3,True,0,2025-02-27,0,0.0,0.07,0.09,3,27,0,0,1,0.14285714285714285,0.0
7,4500,3,True,0,2025-02-27,0,0.0,0.11,0.14,3,27,0,0,1,0.14285714285714285,0.0
7,4543,3,True,0,2025-02-27,2,0.0,0.04,0.06,3,27,0,0,1,0.14285714285714285,0.0
7,4561,3,True,0,2025-02-27,0,0.0,0.11,0.12,3,27,0,0,1,0.42857142857142855,0.0
7,4566,3,True,0,2025-02-27,0,0.0,0.07,0.08,3,27,0,0,1,0.2857142857142857,0.0
7,4569,3,True,0,2025-02-27,0,0.0,0.29,0.39,3,27,0,0,1,0.2857142857142857,0.0
7,4592,3,True,0,2025-02-27,0,0.0,0.14,0.21,3,27,0,0,1,0.2857142857142857,0.0
7,4627,3,True,0,2025-02-27,0,0.0,0.06,0.08,3,27,0,0,1,0.2857142857142857,0.0
7,4631,3,True,0,2025-02-27,0,0.0,0.15,0.19,3,27,0,0,1,0.2857142857142857,0.0
7,4641,3,True,0,2025-02-27,0,0.0,0.31,0.43,3,27,0,0,1,0.2857142857142857,0.0
7,4650,3,True,0,2025-02-27,0,0.0,0.27,0.39,3,27,0,0,1,0.0,0.0
7,4656,3,True,0,2025-02-27,0,0.0,0.07,0.1,3,27,0,0,1,0.0,0.0
7,4661,3,True,0,2025-02-27,0,0.0,0.05,0.06,3,27,0,0,1,0.0,0.0
7,4667,3,True,0,2025-02-27,0,0.0,0.07,0.08,3,27,0,0,1,0.0,0.0
7,4671,3,True,0,2025-02-27,0,0.0,0.22,0.27,3,27,0,0,1,0.0,0.0
7,4674,3,True,0,2025-02-27,0,0.0,0.22,0.27,3,27,0,0,1,0.0,0.0
7,4682,3,True,0,2025-02-27,0,0.0,0.35,0.43,3,27,0,0,1,0.0,0.0
7,4687,3,True,0,2025-02-27,0,0.0,0.24,0.37,3,27,0,0,1,0.0,0.0
7,4691,3,True,0,2025-02-27,0,0.0,0.18,0.25,3,27,0,0,1,0.0,0.0
7,4717,3,True,0,2025-02-27,0,0.0,0.18,0.26,3,27,0,0,1,0.0,0.0
7,4719,3,True,0,2025-02-27,0,0.0,0.33,0.36,3,27,0,0,1,0.0,0.0
7,4726,3,True,0,2025-02-27,1,0.0,0.13,0.21,3,27,0,0,1,0.0,0.0
7,4727,3,True,0,2025-02-27,0,0.0,0.22,0.31,3,27,0,0,1,0.14285714285714285,0.0
7,4731,3,True,0,2025-02-27,0,0.0,0.26,0.34,3,27,0,0,1,0.14285714285714285,0.0
7,4732,3,True,0,2025-02-27,0,0.0,0.17,0.22,3,27,0,0,1,0.14285714285714285,0.0
7,4745,3,True,0,2025-02-27,1,0.0,0.2,0.27,3,27,0,0,1,0.14285714285714285,0.0
7,4747,3,True,0,2025-02-27,0,0.0,0.06,0.09,3,27,0,0,1,0.2857142857142857,0.0
7,4748,3,True,0,2025-02-27,0,0.0,0.16,0.17,3,27,0,0,1,0.2857142857142857,0.0
7,4755,3,True,0,2025-02-27,0,0.0,0.31,0.37,3,27,0,0,1,0.2857142857142857,0.0
7,4767,3,True,0,2025-02-27,0,0.0,0.1,0.1,3,27,0,0,1,0.14285714285714285,0.0
7,4773,3,True,0,2025-02-27,0,0.0,0.32,0.51,3,27,0,0,1,0.14285714285714285,0.0
7,4779,3,True,0,2025-02-27,0,0.0,0.04,0.07,3,27,0,0,1,0.14285714285714285,0.0
7,4791,3,True,0,2025-02-27,0,0.0,0.14,0.22,3,27,0,0,1,0.14285714285714285,0.0
7,4819,3,True,0,2025-02-27,0,0.0,0.26,0.13,3,27,0,0,1,0.0,0.0
7,4827,3,True,0,2025-02-27,0,0.0,0.26,0.28,3,27,0,0,1,0.0,0.0
7,4829,3,True,0,2025-02-27,0,0.0,0.25,0.3,3,27,0,0,1,0.0,0.0
7,4830,3,True,0,2025-02-27,1,0.0,0.53,0.59,3,27,0,0,1,0.0,0.0
7,4846,3,True,0,2025-02-27,0,0.0,0.19,0.22,3,27,0,0,1,0.14285714285714285,0.0
7,4860,3,True,0,2025-02-27,0,0.0,0.15,0.21,3,27,0,0,1,0.14285714285714285,0.0
7,4865,3,True,0,2025-02-27,1,0.0,0.24,0.27,3,27,0,0,1,0.14285714285714285,0.0
7,4866,3,True,0,2025-02-27,0,0.0,0.17,0.21,3,27,0,0,1,0.2857142857142857,0.0
7,4875,3,True,0,2025-02-27,0,0.0,0.18,0.27,3,27,0,0,1,0.2857142857142857,0.0
7,4882,3,True,0,2025-02-27,0,0.0,0.06,0.07,3,27,0,0,1,0.2857142857142857,0.0
7,4890,3,True,0,2025-02-27,0,0.0,0.08,0.12,3,27,0,0,1,0.2857142857142857,0.0
7,4891,3,True,0,2025-02-27,0,0.0,0.06,0.08,3,27,0,0,1,0.14285714285714285,0.0
7,4894,3,True,0,2025-02-27,0,0.0,0.41,0.49,3,27,0,0,1,0.14285714285714285,0.0
7,4896,3,True,0,2025-02-27,2,0.0,0.02,0.12,3,27,0,0,1,0.14285714285714285,0.0
7,4900,3,True,0,2025-02-27,0,0.0,0.08,0.09,3,27,0,0,1,0.2857142857142857,0.0
7,4909,3,True,0,2025-02-27,0,0.0,0.03,0.05,3,27,0,0,1,0.2857142857142857,0.0
7,4919,3,True,0,2025-02-27,0,0.0,0.14,0.16,3,27,0,0,1,0.2857142857142857,0.0
7,4923,3,True,0,2025-02-27,2,0.0,0.08,0.14,3,27,0,0,1,0.2857142857142857,0.0
7,4926,3,True,0,2025-02-27,0,0.0,0.11,0.16,3,27,0,0,1,0.5714285714285714,0.0
7,4946,3,True,0,2025-02-27,0,0.0,0.2,0.24,3,27,0,0,1,0.5714285714285714,0.0
7,4966,3,True,0,2025-02-27,0,0.0,0.02,0.03,3,27,0,0,1,0.5714285714285714,0.0
7,4969,3,True,0,2025-02-27,0,0.0,0.21,0.22,3,27,0,0,1,0.2857142857142857,0.0
7,4970,3,True,0,2025-02-27,0,0.0,0.12,0.16,3,27,0,0,1,0.2857142857142857,0.0
7,4979,3,True,0,2025-02-27,0,0.0,0.12,0.15,3,27,0,0,1,0.2857142857142857,0.0
7,4988,3,True,0,2025-02-27,0,0.0,0.21,0.26,3,27,0,0,1,0.2857142857142857,0.0
7,5013,3,True,0,2025-02-27,0,0.0,0.16,0.19,3,27,0,0,1,0.0,0.0
7,5032,3,True,0,2025-02-27,0,0.0,0.14,0.17,3,27,0,0,1,0.0,0.0
7,5033,3,True,0,2025-02-27,0,0.0,0.08,0.1,3,27,0,0,1,0.0,0.0
7,5042,3,True,0,2025-02-27,0,0.0,0.17,0.23,3,27,0,0,1,0.0,0.0
7,5045,3,True,0,2025-02-27,0,0.0,0.31,0.4,3,27,0,0,1,0.0,0.0
7,5046,3,True,0,2025-02-27,0,0.0,0.15,0.21,3,27,0,0,1,0.0,0.0
7,5056,3,True,0,2025-02-27,0,0.0,0.11,0.15,3,27,0,0,1,0.0,0.0
7,5058,3,True,0,2025-02-27,0,0.0,0.26,0.28,3,27,0,0,1,0.0,0.0
7,5062,3,True,0,2025-02-27,0,0.0,0.06,0.08,3,27,0,0,1,0.0,0.0
7,5064,3,True,0,2025-02-27,0,0.0,0.08,0.09,3,27,0,0,1,0.0,0.0
7,5068,3,True,0,2025-02-27,0,0.0,0.07,0.1,3,27,0,0,1,0.0,0.0
7,5073,3,True,0,2025-02-27,0,0.0,0.36,0.48,3,27,0,0,1,0.0,0.0
7,5078,3,True,0,2025-02-27,0,0.0,0.4,0.54,3,27,0,0,1,0.0,0.0
7,5080,3,True,0,2025-02-27,0,0.0,0.04,0.05,3,27,0,0,1,0.0,0.0
7,5086,3,True,0,2025-02-27,0,0.0,0.12,0.16,3,27,0,0,1,0.0,0.0
7,5106,3,True,0,2025-02-27,0,0.0,0.15,0.19,3,27,0,0,1,0.0,0.0
7,5109,3,True,0,2025-02-27,0,0.0,0.18,0.22,3,27,0,0,1,0.0,0.0
7,5115,3,True,0,2025-02-27,0,0.0,0.1,0.48,3,27,0,0,1,0.0,0.0
7,5133,3,True,0,2025-02-27,0,0.0,0.09,0.12,3,27,0,0,1,0.0,0.0
7,5137,3,True,0,2025-02-27,0,0.0,0.77,0.88,3,27,0,0,1,0.0,0.0
7,5148,3,True,0,2025-02-27,0,0.0,0.15,0.14,3,27,0,0,1,0.0,0.0
7,5156,3,True,0,2025-02-27,0,0.0,0.1,0.06,3,27,0,0,1,0.0,0.0
7,5159,3,True,0,2025-02-27,1,0.0,0.17,0.17,3,27,0,0,1,0.0,0.0
7,5161,3,True,0,2025-02-27,0,0.0,0.54,0.57,3,27,0,0,1,0.14285714285714285,0.0
7,5168,3,True,0,2025-02-27,0,0.0,0.27,0.37,3,27,0,0,1,0.14285714285714285,0.0
7,5174,3,True,0,2025-02-27,0,0.0,0.06,0.07,3,27,0,0,1,0.14285714285714285,0.0
7,5185,3,True,0,2025-02-27,0,1.0,0.16,0.2,3,27,0,0,1,0.14285714285714285,0.0
7,5190,3,True,0,2025-02-27,0,0.0,0.21,0.3,3,27,0,0,1,0.14285714285714285,0.0
7,5197,3,True,0,2025-02-27,0,0.0,0.15,0.18,3,27,0,0,1,0.14285714285714285,0.0
7,5206,3,True,0,2025-02-27,0,0.0,0.06,0.09,3,27,0,0,1,0.14285714285714285,0.0
7,5218,3,True,0,2025-02-27,0,0.0,0.27,0.33,3,27,0,0,1,0.0,0.0
7,5219,3,True,0,2025-02-27,0,0.0,0.09,0.12,3,27,0,0,1,0.0,0.0
7,5232,3,True,0,2025-02-27,0,0.0,0.21,0.27,3,27,0,0,1,0.0,0.0
7,5236,3,True,0,2025-02-27,0,0.0,0.12,0.15,3,27,0,0,1,0.0,0.0
7,5238,3,True,0,2025-02-27,0,0.0,0.16,0.17,3,27,0,0,1,0.0,0.0
7,5249,3,True,0,2025-02-27,0,0.0,0.17,0.06,3,27,0,0,1,0.0,0.0
7,5255,3,True,0,2025-02-27,0,0.0,0.18,0.24,3,27,0,0,1,0.0,0.0
7,5256,3,True,0,2025-02-27,0,0.0,0.11,0.15,3,27,0,0,1,0.0,0.0
7,5264,3,True,0,2025-02-27,0,0.0,0.12,0.16,3,27,0,0,1,0.0,0.0
7,5265,3,True,0,2025-02-27,0,0.0,0.21,0.27,3,27,0,0,1,0.0,0.0
7,5282,3,True,0,2025-02-27,0,0.0,0.38,0.45,3,27,0,0,1,0.0,0.0
7,6,4,False,0,2025-02-27,1,0.0,0.07,0.08,3,27,0,0,1,0.0,0.0
7,7,4,False,0,2025-02-27,0,0.0,0.02,0.03,3,27,0,0,1,0.14285714285714285,0.0
7,32,4,False,0,2025-02-27,0,0.0,0.02,0.03,3,27,0,0,1,0.14285714285714285,0.0
7,36,4,False,0,2025-02-27,3,0.0,0.04,0.07,3,27,0,0,1,0.14285714285714285,0.0
7,41,4,False,0,2025-02-27,0,0.0,0.02,0.04,3,27,0,0,1,0.5714285714285714,0.0
7,66,4,False,0,2025-02-27,3,0.0,0.01,0.02,3,27,0,0,1,0.5714285714285714,0.0
7,85,4,False,0,2025-02-27,2,0.0,0.03,0.04,3,27,0,0,1,1.0,0.0
7,95,4,False,0,2025-02-27,2,0.0,0.06,0.09,3,27,0,0,1,1.2857142857142858,0.0
7,119,4,False,0,2025-02-27,1,0.0,0.05,0.07,3,27,0,0,1,1.4285714285714286,0.0
7,120,4,False,0,2025-02-27,0,0.0,0.02,0.02,3,27,0,0,1,1.5714285714285714,0.0
7,125,4,False,0,2025-02-27,5,0.0,0.01,0.01,3,27,0,0,1,1.5714285714285714,0.0
7,126,4,False,0,2025-02-27,0,0.0,0.03,0.03,3,27,0,0,1,1.8571428571428572,0.0
7,132,4,False,0,2025-02-27,1,0.0,0.05,0.06,3,27,0,0,1,1.8571428571428572,0.0
7,158,4,False,0,2025-02-27,3,0.0,0.05,0.04,3,27,0,0,1,1.5714285714285714,0.0
7,189,4,False,0,2025-02-27,1,0.0,0.07,0.12,3,27,0,0,1,1.7142857142857142,0.0
7,193,4,False,0,2025-02-27,0,0.0,0.02,0.03,3,27,0,0,1,1.5714285714285714,0.0
7,217,4,False,0,2025-02-27,0,0.0,0.01,0.01,3,27,0,0,1,1.4285714285714286,0.0
7,221,4,False,0,2025-02-27,0,0.0,0.06,0.12,3,27,0,0,1,1.4285714285714286,0.0
7,225,4,False,0,2025-02-27,2,0.0,0.05,0.08,3,27,0,0,1,0.7142857142857143,0.0
7,252,4,False,0,2025-02-27,2,0.0,0.03,0.06,3,27,0,0,1,1.0,0.0
7,253,4,False,0,2025-02-27,2,0.0,0.09,0.13,3,27,0,0,1,1.1428571428571428,0.0
7,267,4,False,0,2025-02-27,1,0.0,0.11,0.15,3,27,0,0,1,1.0,0.0
7,286,4,False,0,2025-02-27,3,0.0,0.04,0.06,3,27,0,0,1,1.0,0.0
7,291,4,False,0,2025-02-27,0,0.0,0.07,0.09,3,27,0,0,1,1.4285714285714286,0.0
7,318,4,False,0,2025-02-27,2,0.0,0.05,0.07,3,27,0,0,1,1.4285714285714286,0.0
7,321,4,False,0,2025-02-27,2,0.0,0.12,0.17,3,27,0,0,1,1.7142857142857142,0.0
7,329,4,False,0,2025-02-27,2,0.0,0.03,0.05,3,27,0,0,1,1.7142857142857142,0.0
7,336,4,False,0,2025-02-27,2,0.0,0.12,0.16,3,27,0,0,1,1.7142857142857142,0.0
7,346,4,False,0,2025-02-27,0,0.0,0.03,0.03,3,27,0,0,1,1.7142857142857142,0.0
7,354,4,False,0,2025-02-27,2,0.0,0.13,0.2,3,27,0,0,1,1.5714285714285714,0.0
7,359,4,False,0,2025-02-27,1,0.0,0.03,0.03,3,27,0,0,1,1.4285714285714286,0.0
7,360,4,False,0,2025-02-27,1,0.0,0.06,0.09,3,27,0,0,1,1.5714285714285714,0.0
7,368,4,False,0,2025-02-27,3,0.0,0.04,0.07,3,27,0,0,1,1.4285714285714286,0.0
7,388,4,False,0,2025-02-27,6,0.0,0.08,0.11,3,27,0,0,1,1.5714285714285714,0.0
7,416,4,False,0,2025-02-27,1,0.0,0.1,0.12,3,27,0,0,1,2.142857142857143,0.0
7,428,4,False,0,2025-02-27,2,0.0,0.02,0.03,3,27,0,0,1,2.0,0.0
7,434,4,False,0,2025-02-27,0,0.0,0.03,0.04,3,27,0,0,1,2.2857142857142856,0.0
7,438,4,False,0,2025-02-27,1,0.0,0.04,0.05,3,27,0,0,1,2.0,0.0
7,441,4,False,0,2025-02-27,2,0.0,0.04,0.05,3,27,0,0,1,2.0,0.0
7,446,4,False,0,2025-02-27,0,0.0,0.03,0.04,3,27,0,0,1,2.142857142857143,0.0
7,454,4,False,0,2025-02-27,0,0.0,0.02,0.03,3,27,0,0,1,1.7142857142857142,0.0
7,457,4,False,0,2025-02-27,1,0.0,0.01,0.02,3,27,0,0,1,0.8571428571428571,0.0
7,467,4,False,0,2025-02-27,0,0.0,0.01,0.02,3,27,0,0,1,0.8571428571428571,0.0
7,474,4,False,0,2025-02-27,10,1.0,0.08,0.11,3,27,0,0,1,0.5714285714285714,0.0
7,481,4,False,0,2025-02-27,1,0.0,0.13,0.15,3,27,0,0,1,2.0,0.0
7,498,4,False,0,2025-02-27,2,0.0,0.13,0.18,3,27,0,0,1,2.0,0.0
7,505,4,False,0,2025-02-27,0,0.0,0.04,0.05,3,27,0,0,1,2.0,0.0
7,510,4,False,0,2025-02-27,1,0.0,0.03,0.05,3,27,0,0,1,2.0,0.0
7,515,4,False,0,2025-02-27,1,0.0,0.03,0.04,3,27,0,0,1,2.142857142857143,0.0
7,528,4,False,0,2025-02-27,2,0.0,0.05,0.1,3,27,0,0,1,2.142857142857143,0.0
7,556,4,False,0,2025-02-27,0,0.0,0.02,0.03,3,27,0,0,1,2.4285714285714284,0.0
7,565,4,False,0,2025-02-27,2,0.0,0.08,0.12,3,27,0,0,1,1.0,0.0
7,574,4,False,0,2025-02-27,1,0.0,0.15,0.21,3,27,0,0,1,1.1428571428571428,0.0
7,576,4,False,0,2025-02-27,0,0.0,0.04,0.05,3,27,0,0,1,1.0,0.0
7,587,4,False,0,2025-02-27,0,0.0,0.07,0.11,3,27,0,0,1,1.0,0.0
7,603,4,False,0,2025-02-27,0,0.0,0.06,0.09,3,27,0,0,1,0.8571428571428571,0.0
7,624,4,False,0,2025-02-27,1,0.0,0.05,0.06,3,27,0,0,1,0.7142857142857143,0.0
7,626,4,False,0,2025-02-27,2,0.0,0.01,0.02,3,27,0,0,1,0.5714285714285714,0.0
7,644,4,False,0,2025-02-27,2,0.0,0.09,0.14,3,27,0,0,1,0.8571428571428571,0.0
7,652,4,False,0,2025-02-27,2,0.0,0.04,0.08,3,27,0,0,1,0.8571428571428571,0.0
7,660,4,False,0,2025-02-27,3,0.0,0.06,0.12,3,27,0,0,1,1.0,0.0
7,665,4,False,0,2025-02-27,0,0.0,0.04,0.05,3,27,0,0,1,1.4285714285714286,0.0
7,666,4,False,0,2025-02-27,0,0.0,0.04,0.07,3,27,0,0,1,1.4285714285714286,0.0
7,672,4,False,0,2025-02-27,0,0.0,0.04,0.06,3,27,0,0,1,1.4285714285714286,0.0
7,692,4,False,0,2025-02-27,1,0.0,0.02,0.04,3,27,0,0,1,1.2857142857142858,0.0
7,707,4,False,0,2025-02-27,2,0.0,0.06,0.08,3,27,0,0,1,1.1428571428571428,0.0
7,721,4,False,0,2025-02-27,0,0.0,0.03,0.03,3,27,0,0,1,1.1428571428571428,0.0
7,722,4,False,0,2025-02-27,2,0.0,0.09,0.12,3,27,0,0,1,0.8571428571428571,0.0
7,732,4,False,0,2025-02-27,2,0.0,0.06,0.08,3,27,0,0,1,0.7142857142857143,0.0
7,735,4,False,0,2025-02-27,1,0.0,0.03,0.04,3,27,0,0,1,1.0,0.0
7,737,4,False,0,2025-02-27,0,0.0,0.07,0.1,3,27,0,0,1,1.1428571428571428,0.0
7,765,4,False,0,2025-02-27,3,0.0,0.02,0.04,3,27,0,0,1,1.1428571428571428,0.0
7,773,4,False,0,2025-02-27,0,0.0,0.0,0.01,3,27,0,0,1,1.4285714285714286,0.0
7,801,4,False,0,2025-02-27,0,0.0,0.01,0.01,3,27,0,0,1,1.1428571428571428,0.0
7,814,4,False,0,2025-02-27,2,0.0,0.09,0.13,3,27,0,0,1,1.1428571428571428,0.0
7,817,4,False,0,2025-02-27,2,0.0,0.05,0.07,3,27,0,0,1,1.1428571428571428,0.0
7,822,4,False,0,2025-02-27,4,0.0,0.03,0.06,3,27,0,0,1,1.1428571428571428,0.0
7,823,4,False,0,2025-02-27,0,0.0,0.03,0.04,3,27,0,0,1,1.5714285714285714,0.0
7,834,4,False,0,2025-02-27,0,0.0,0.22,0.22,3,27,0,0,1,1.5714285714285714,0.0
7,851,4,False,0,2025-02-27,0,0.0,0.06,0.07,3,27,0,0,1,1.1428571428571428,0.0
7,860,4,False,0,2025-02-27,0,0.0,0.02,0.03,3,27,0,0,1,1.1428571428571428,0.0
7,878,4,False,0,2025-02-27,1,0.0,0.16,0.31,3,27,0,0,1,1.1428571428571428,0.0
7,896,4,False,0,2025-02-27,1,0.0,0.13,0.14,3,27,0,0,1,1.0,0.0
7,910,4,False,0,2025-02-27,0,0.0,0.01,0.02,3,27,0,0,1,0.8571428571428571,0.0
7,912,4,False,0,2025-02-27,2,0.0,0.14,0.24,3,27,0,0,1,0.2857142857142857,0.0
7,918,4,False,0,2025-02-27,2,0.0,0.07,0.09,3,27,0,0,1,0.5714285714285714,0.0
7,925,4,False,0,2025-02-27,0,0.0,0.01,0.02,3,27,0,0,1,0.8571428571428571,0.0
7,928,4,False,0,2025-02-27,2,0.0,0.03,0.05,3,27,0,0,1,0.8571428571428571,0.0
7,936,4,False,0,2025-02-27,1,0.0,0.03,0.05,3,27,0,0,1,1.1428571428571428,0.0
7,962,4,False,0,2025-02-27,2,0.0,0.04,0.05,3,27,0,0,1,1.1428571428571428,0.0
7,987,4,False,0,2025-02-27,0,0.0,0.02,0.03,3,27,0,0,1,1.2857142857142858,0.0
7,991,4,False,0,2025-02-27,1,0.0,0.02,0.03,3,27,0,0,1,1.2857142857142858,0.0
7,995,4,False,0,2025-02-27,2,0.0,0.03,0.05,3,27,0,0,1,1.1428571428571428,0.0
7,1032,4,False,0,2025-02-27,2,0.0,0.13,0.17,3,27,0,0,1,1.1428571428571428,0.0
7,1035,4,False,0,2025-02-27,1,0.0,0.03,0.04,3,27,0,0,1,1.4285714285714286,0.0
7,1091,4,False,0,2025-02-27,2,0.0,0.06,0.09,3,27,0,0,1,1.2857142857142858,0.0
7,1101,4,False,0,2025-02-27,1,0.0,0.03,0.04,3,27,0,0,1,1.4285714285714286,0.0
7,1113,4,False,0,2025-02-27,0,0.0,0.03,0.03,3,27,0,0,1,1.2857142857142858,0.0
7,1121,4,False,0,2025-02-27,2,0.0,0.04,0.06,3,27,0,0,1,1.2857142857142858,0.0
7,1129,4,False,0,2025-02-27,4,0.0,0.01,0.01,3,27,0,0,1,1.4285714285714286,0.0
7,1130,4,False,0,2025-02-27,3,0.0,0.04,0.06,3,27,0,0,1,1.7142857142857142,0.0
7,1144,4,False,0,2025-02-27,2,0.0,0.12,0.2,3,27,0,0,1,1.8571428571428572,0.0
7,1151,4,False,0,2025-02-27,0,0.0,0.01,0.02,3,27,0,0,1,2.0,0.0
7,1165,4,False,0,2025-02-27,2,0.0,0.02,0.02,3,27,0,0,1,1.7142857142857142,0.0
7,1187,4,False,0,2025-02-27,3,0.0,0.01,0.02,3,27,0,0,1,1.8571428571428572,0.0
7,1210,4,False,0,2025-02-27,4,0.0,0.01,0.01,3,27,0,0,1,2.2857142857142856,0.0
7,1211,4,False,0,2025-02-27,2,0.0,0.1,0.12,3,27,0,0,1,2.5714285714285716,0.0
7,1218,4,False,0,2025-02-27,6,0.0,0.04,0.06,3,27,0,0,1,2.2857142857142856,0.0
7,1230,4,False,0,2025-02-27,1,0.0,0.06,0.07,3,27,0,0,1,2.7142857142857144,0.0
7,1234,4,False,0,2025-02-27,0,0.0,0.18,0.24,3,27,0,0,1,2.5714285714285716,0.0
7,1239,4,False,0,2025-02-27,2,0.0,0.09,0.12,3,27,0,0,1,2.5714285714285716,0.0
7,1255,4,False,0,2025-02-27,0,0.0,0.03,0.04,3,27,0,0,1,2.5714285714285716,0.0
7,1272,4,False,0,2025-02-27,0,0.0,0.02,0.03,3,27,0,0,1,2.142857142857143,0.0
7,1275,4,False,0,2025-02-27,3,0.0,0.01,0.03,3,27,0,0,1,1.5714285714285714,0.0
7,1277,4,False,0,2025-02-27,0,0.0,0.05,0.07,3,27,0,0,1,1.7142857142857142,0.0
7,1282,4,False,0,2025-02-27,1,0.0,0.17,0.25,3,27,0,0,1,0.8571428571428571,0.0
7,1283,4,False,0,2025-02-27,2,0.0,0.04,0.07,3,27,0,0,1,0.8571428571428571,0.0
7,1351,4,False,0,2025-02-27,2,0.0,0.08,0.11,3,27,0,0,1,1.1428571428571428,0.0
7,1352,4,False,0,2025-02-27,2,0.0,0.03,0.05,3,27,0,0,1,1.1428571428571428,0.0
7,1368,4,False,0,2025-02-27,5,1.0,0.03,0.05,3,27,0,0,1,1.4285714285714286,0.0
7,1381,4,False,0,2025-02-27,2,0.0,0.05,0.07,3,27,0,0,1,2.142857142857143,0.0
7,1397,4,False,0,2025-02-27,1,0.0,0.05,0.09,3,27,0,0,1,2.0,0.0
7,1408,4,False,0,2025-02-27,1,0.0,0.12,0.16,3,27,0,0,1,2.142857142857143,0.0
7,1434,4,False,0,2025-02-27,3,0.0,0.03,0.03,3,27,0,0,1,2.142857142857143,0.0
7,1437,4,False,0,2025-02-27,0,0.0,0.04,0.07,3,27,0,0,1,2.2857142857142856,0.0
7,1438,4,False,0,2025-02-27,0,0.0,0.36,0.42,3,27,0,0,1,2.0,0.0
7,1444,4,False,0,2025-02-27,2,0.0,0.02,0.03,3,27,0,0,1,1.7142857142857142,0.0
7,1452,4,False,0,2025-02-27,2,0.0,0.05,0.08,3,27,0,0,1,1.2857142857142858,0.0
7,1454,4,False,0,2025-02-27,0,0.0,0.03,0.04,3,27,0,0,1,1.2857142857142858,0.0
7,1461,4,False,0,2025-02-27,0,0.0,0.02,0.04,3,27,0,0,1,1.1428571428571428,0.0
7,1467,4,False,0,2025-02-27,2,0.0,0.06,0.08,3,27,0,0,1,1.0,0.0
7,1475,4,False,0,2025-02-27,0,0.0,0.06,0.08,3,27,0,0,1,0.8571428571428571,0.0
7,1487,4,False,0,2025-02-27,3,0.0,0.05,0.07,3,27,0,0,1,0.8571428571428571,0.0
7,1490,4,False,0,2025-02-27,1,0.0,0.12,0.18,3,27,0,0,1,1.2857142857142858,0.0
7,1501,4,False,0,2025-02-27,2,0.0,0.02,0.03,3,27,0,0,1,1.1428571428571428,0.0
7,1516,4,False,0,2025-02-27,3,0.0,0.03,0.04,3,27,0,0,1,1.1428571428571428,0.0
7,1524,4,False,0,2025-02-27,2,0.0,0.06,0.09,3,27,0,0,1,1.5714285714285714,0.0
7,1527,4,False,0,2025-02-27,2,0.0,0.08,0.13,3,27,0,0,1,1.8571428571428572,0.0
7,1532,4,False,0,2025-02-27,0,0.0,0.03,0.05,3,27,0,0,1,1.8571428571428572,0.0
7,1552,4,False,0,2025-02-27,2,0.0,0.17,0.21,3,27,0,0,1,1.8571428571428572,0.0
7,1554,4,False,0,2025-02-27,0,0.0,0.03,0.04,3,27,0,0,1,1.7142857142857142,0.0
7,1565,4,False,0,2025-02-27,0,0.0,0.05,0.09,3,27,0,0,1,1.5714285714285714,0.0
7,1571,4,False,0,2025-02-27,1,0.0,0.09,0.13,3,27,0,0,1,1.2857142857142858,0.0
7,1575,4,False,0,2025-02-27,0,0.0,0.18,0.27,3,27,0,0,1,1.0,0.0
7,1589,4,False,0,2025-02-27,0,0.0,0.02,0.04,3,27,0,0,1,0.7142857142857143,0.0
7,1601,4,False,0,2025-02-27,2,0.0,0.1,0.2,3,27,0,0,1,0.42857142857142855,0.0
7,1608,4,False,0,2025-02-27,3,0.0,0.05,0.07,3,27,0,0,1,0.7142857142857143,0.0
7,1612,4,False,0,2025-02-27,1,0.0,0.06,0.07,3,27,0,0,1,0.8571428571428571,0.0
7,1623,4,False,0,2025-02-27,4,0.0,0.03,0.04,3,27,0,0,1,1.0,0.0
7,1637,4,False,0,2025-02-27,1,0.0,0.07,0.09,3,27,0,0,1,1.5714285714285714,0.0
7,1647,4,False,0,2025-02-27,1,0.0,0.09,0.12,3,27,0,0,1,1.5714285714285714,0.0
7,1655,4,False,0,2025-02-27,1,0.0,0.06,0.07,3,27,0,0,1,1.7142857142857142,0.0
7,1674,4,False,0,2025-02-27,0,0.0,0.04,0.06,3,27,0,0,1,1.8571428571428572,0.0
7,1676,4,False,0,2025-02-27,0,0.0,0.02,0.03,3,27,0,0,1,1.5714285714285714,0.0
7,1707,4,False,0,2025-02-27,0,0.0,0.01,0.02,3,27,0,0,1,1.1428571428571428,0.0
7,1712,4,False,0,2025-02-27,0,0.0,0.13,0.17,3,27,0,0,1,1.0,0.0
7,1742,4,False,0,2025-02-27,4,0.0,0.05,0.08,3,27,0,0,1,0.42857142857142855,0.0
7,1743,4,False,0,2025-02-27,0,0.0,0.05,0.07,3,27,0,0,1,0.8571428571428571,0.0
7,1747,4,False,0,2025-02-27,0,0.0,0.02,0.03,3,27,0,0,1,0.7142857142857143,0.0
7,1757,4,False,0,2025-02-27,3,0.0,0.01,0.02,3,27,0,0,1,0.5714285714285714,0.0
7,1761,4,False,0,2025-02-27,1,0.0,0.04,0.06,3,27,0,0,1,1.0,0.0
7,1768,4,False,0,2025-02-27,2,0.0,0.07,0.1,3,27,0,0,1,1.1428571428571428,0.0
7,1773,4,False,0,2025-02-27,2,0.0,0.04,0.06,3,27,0,0,1,1.4285714285714286,0.0
7,1780,4,False,0,2025-02-27,2,0.0,0.02,0.04,3,27,0,0,1,1.7142857142857142,0.0
7,1809,4,False,0,2025-02-27,0,0.0,0.01,0.01,3,27,0,0,1,1.4285714285714286,0.0
7,1820,4,False,0,2025-02-27,0,0.0,0.03,0.06,3,27,0,0,1,1.4285714285714286,0.0
7,1825,4,False,0,2025-02-27,0,0.0,0.06,0.09,3,27,0,0,1,1.4285714285714286,0.0
7,1833,4,False,0,2025-02-27,0,0.0,0.04,0.06,3,27,0,0,1,1.0,0.0
7,1848,4,False,0,2025-02-27,6,0.0,0.01,0.06,3,27,0,0,1,0.8571428571428571,0.0
7,1854,4,False,0,2025-02-27,0,0.0,0.03,0.05,3,27,0,0,1,1.4285714285714286,0.0
7,1864,4,False,0,2025-02-27,3,0.0,0.07,0.11,3,27,0,0,1,1.1428571428571428,0.0
7,1898,4,False,0,2025-02-27,0,0.0,0.08,0.13,3,27,0,0,1,1.2857142857142858,0.0
7,1909,4,False,0,2025-02-27,0,0.0,0.1,0.11,3,27,0,0,1,1.2857142857142858,0.0
7,1910,4,False,0,2025-02-27,0,0.0,0.09,0.16,3,27,0,0,1,1.2857142857142858,0.0
7,1921,4,False,0,2025-02-27,0,0.0,0.03,0.05,3,27,0,0,1,1.2857142857142858,0.0
7,1929,4,False,0,2025-02-27,3,0.0,0.01,0.02,3,27,0,0,1,1.2857142857142858,0.0
7,1935,4,False,0,2025-02-27,0,0.0,0.01,0.02,3,27,0,0,1,0.8571428571428571,0.0
7,1944,4,False,0,2025-02-27,3,0.0,0.07,0.09,3,27,0,0,1,0.8571428571428571,0.0
7,1948,4,False,0,2025-02-27,2,0.0,0.09,0.09,3,27,0,0,1,0.8571428571428571,0.0
7,1953,4,False,0,2025-02-27,4,0.0,0.03,0.05,3,27,0,0,1,1.1428571428571428,0.0
7,1955,4,False,0,2025-02-27,2,0.0,0.13,0.16,3,27,0,0,1,1.7142857142857142,0.0
7,1970,4,False,0,2025-02-27,1,0.0,0.07,0.11,3,27,0,0,1,2.0,0.0
7,1973,4,False,0,2025-02-27,0,0.0,0.03,0.04,3,27,0,0,1,2.142857142857143,0.0
7,1982,4,False,0,2025-02-27,0,0.0,0.01,0.02,3,27,0,0,1,1.7142857142857142,0.0
7,2000,4,False,0,2025-02-27,1,0.0,0.13,0.18,3,27,0,0,1,1.7142857142857142,0.0
7,2021,4,False,0,2025-02-27,0,0.0,0.01,0.02,3,27,0,0,1,1.4285714285714286,0.0
7,2030,4,False,0,2025-02-27,1,0.0,0.09,0.12,3,27,0,0,1,1.1428571428571428,0.0
7,2034,4,False,0,2025-02-27,5,0.0,0.03,0.04,3,27,0,0,1,0.7142857142857143,0.0
7,2036,4,False,0,2025-02-27,1,0.0,0.13,0.15,3,27,0,0,1,1.1428571428571428,0.0
7,2038,4,False,0,2025-02-27,2,0.0,0.11,0.15,3,27,0,0,1,1.1428571428571428,0.0
7,2053,4,False,0,2025-02-27,2,0.0,0.2,0.27,3,27,0,0,1,1.4285714285714286,0.0
7,2077,4,False,0,2025-02-27,8,0.0,0.02,0.04,3,27,0,0,1,1.7142857142857142,0.0
7,2091,4,False,0,2025-02-27,2,0.0,0.11,0.16,3,27,0,0,1,2.7142857142857144,0.0
7,2106,4,False,0,2025-02-27,1,0.0,0.12,0.2,3,27,0,0,1,3.0,0.0
7,2119,4,False,0,2025-02-27,0,0.0,0.09,0.11,3,27,0,0,1,3.0,0.0
7,2152,4,False,0,2025-02-27,3,0.0,0.05,0.07,3,27,0,0,1,2.2857142857142856,0.0
7,2163,4,False,0,2025-02-27,1,0.0,0.07,0.09,3,27,0,0,1,2.5714285714285716,0.0
7,2172,4,False,0,2025-02-27,0,0.0,0.06,0.07,3,27,0,0,1,2.4285714285714284,0.0
7,2181,4,False,0,2025-02-27,0,0.0,0.05,0.07,3,27,0,0,1,2.142857142857143,0.0
7,2196,4,False,0,2025-02-27,2,0.0,0.03,0.05,3,27,0,0,1,1.0,0.0
7,2204,4,False,0,2025-02-27,0,0.0,0.04,0.04,3,27,0,0,1,1.0,0.0
7,2217,4,False,0,2025-02-27,0,0.0,0.01,0.01,3,27,0,0,1,0.8571428571428571,0.0
7,2242,4,False,0,2025-02-27,3,0.0,0.06,0.11,3,27,0,0,1,0.8571428571428571,0.0
7,2244,4,False,0,2025-02-27,2,0.0,0.03,0.05,3,27,0,0,1,0.8571428571428571,0.0
7,2278,4,False,0,2025-02-27,1,0.0,0.09,0.13,3,27,0,0,1,1.0,0.0
7,2313,4,False,0,2025-02-27,2,0.0,0.01,0.02,3,27,0,0,1,1.1428571428571428,0.0
7,2334,4,False,0,2025-02-27,2,0.0,0.1,0.12,3,27,0,0,1,1.4285714285714286,0.0
7,2336,4,False,0,2025-02-27,1,0.0,0.04,0.05,3,27,0,0,1,1.4285714285714286,0.0
7,2342,4,False,0,2025-02-27,1,0.0,0.02,0.02,3,27,0,0,1,1.5714285714285714,0.0
7,2363,4,False,0,2025-02-27,0,0.0,0.07,0.09,3,27,0,0,1,1.7142857142857142,0.0
7,2375,4,False,0,2025-02-27,2,0.0,0.05,0.07,3,27,0,0,1,1.2857142857142858,0.0
7,2389,4,False,0,2025-02-27,0,0.0,0.04,0.04,3,27,0,0,1,1.2857142857142858,0.0
7,2390,4,False,0,2025-02-27,3,0.0,0.03,0.04,3,27,0,0,1,1.1428571428571428,0.0
7,2403,4,False,0,2025-02-27,3,0.0,0.03,0.05,3,27,0,0,1,1.2857142857142858,0.0
7,2410,4,False,0,2025-02-27,2,0.0,0.03,0.05,3,27,0,0,1,1.4285714285714286,0.0
7,2421,4,False,0,2025-02-27,0,0.0,0.02,0.02,3,27,0,0,1,1.5714285714285714,0.0
7,2434,4,False,0,2025-02-27,0,0.0,0.03,0.04,3,27,0,0,1,1.4285714285714286,0.0
7,2444,4,False,0,2025-02-27,1,0.0,0.06,0.07,3,27,0,0,1,1.4285714285714286,0.0
7,2445,4,False,0,2025-02-27,1,0.0,0.06,0.08,3,27,0,0,1,1.2857142857142858,0.0
7,2451,4,False,0,2025-02-27,0,0.0,0.02,0.04,3,27,0,0,1,1.4285714285714286,0.0
7,2453,4,False,0,2025-02-27,2,0.0,0.04,0.05,3,27,0,0,1,1.0,0.0
7,2488,4,False,0,2025-02-27,0,0.0,0.16,0.17,3,27,0,0,1,0.8571428571428571,0.0
7,2494,4,False,0,2025-02-27,0,0.0,0.04,0.06,3,27,0,0,1,0.5714285714285714,0.0
7,2512,4,False,0,2025-02-27,2,0.0,0.05,0.08,3,27,0,0,1,0.5714285714285714,0.0
7,2525,4,False,0,2025-02-27,2,0.0,0.11,0.15,3,27,0,0,1,0.8571428571428571,0.0
7,2529,4,False,0,2025-02-27,1,0.0,0.03,0.05,3,27,0,0,1,1.0,0.0
7,2531,4,False,0,2025-02-27,2,0.0,0.03,0.04,3,27,0,0,1,1.0,0.0
7,2542,4,False,0,2025-02-27,0,0.0,0.02,0.03,3,27,0,0,1,1.2857142857142858,0.0
7,2556,4,False,0,2025-02-27,0,0.0,0.08,0.1,3,27,0,0,1,1.0,0.0
7,2559,4,False,0,2025-02-27,0,0.0,0.03,0.05,3,27,0,0,1,1.0,0.0
7,2564,4,False,0,2025-02-27,0,0.0,0.01,0.02,3,27,0,0,1,1.0,0.0
7,2571,4,False,0,2025-02-27,2,0.0,0.14,0.14,3,27,0,0,1,0.7142857142857143,0.0
7,2589,4,False,0,2025-02-27,2,0.0,0.05,0.06,3,27,0,0,1,0.7142857142857143,0.0
7,2603,4,False,0,2025-02-27,3,0.0,0.1,0.15,3,27,0,0,1,0.8571428571428571,0.0
7,2610,4,False,0,2025-02-27,3,0.0,0.05,0.07,3,27,0,0,1,1.0,0.0
7,2613,4,False,0,2025-02-27,2,0.0,0.1,0.12,3,27,0,0,1,1.4285714285714286,0.0
7,2616,4,False,0,2025-02-27,0,0.0,0.02,0.04,3,27,0,0,1,1.7142857142857142,0.0
7,2623,4,False,0,2025-02-27,2,0.0,0.07,0.04,3,27,0,0,1,1.7142857142857142,0.0
7,2628,4,False,0,2025-02-27,1,0.0,0.04,0.06,3,27,0,0,1,2.0,0.0
7,2635,4,False,0,2025-02-27,0,0.0,0.03,0.04,3,27,0,0,1,1.8571428571428572,0.0
7,2638,4,False,0,2025-02-27,0,0.0,0.02,0.03,3,27,0,0,1,1.5714285714285714,0.0
7,2639,4,False,0,2025-02-27,0,0.0,0.03,0.05,3,27,0,0,1,1.1428571428571428,0.0
7,2643,4,False,0,2025-02-27,1,0.0,0.09,0.12,3,27,0,0,1,0.7142857142857143,0.0
7,2651,4,False,0,2025-02-27,2,0.0,0.07,0.13,3,27,0,0,1,0.5714285714285714,0.0
7,2653,4,False,0,2025-02-27,3,0.0,0.04,0.05,3,27,0,0,1,0.8571428571428571,0.0
7,2655,4,False,0,2025-02-27,2,0.0,0.12,0.13,3,27,0,0,1,1.0,0.0
7,2667,4,False,0,2025-02-27,1,0.0,0.14,0.22,3,27,0,0,1,1.1428571428571428,0.0
7,2670,4,False,0,2025-02-27,2,0.0,0.09,0.1,3,27,0,0,1,1.2857142857142858,0.0
7,2671,4,False,0,2025-02-27,0,0.0,0.02,0.03,3,27,0,0,1,1.5714285714285714,0.0
7,2679,4,False,0,2025-02-27,2,0.0,0.03,0.05,3,27,0,0,1,1.5714285714285714,0.0
7,2690,4,False,0,2025-02-27,2,0.0,0.09,0.11,3,27,0,0,1,1.7142857142857142,0.0
7,2701,4,False,0,2025-02-27,2,0.0,0.11,0.12,3,27,0,0,1,1.7142857142857142,0.0
7,2704,4,False,0,2025-02-27,3,0.0,0.06,0.09,3,27,0,0,1,1.5714285714285714,0.0
7,2709,4,False,0,2025-02-27,0,0.0,0.04,0.06,3,27,0,0,1,1.7142857142857142,0.0
7,2729,4,False,0,2025-02-27,2,0.0,0.1,0.13,3,27,0,0,1,1.5714285714285714,0.0
7,2748,4,False,0,2025-02-27,3,0.0,0.04,0.05,3,27,0,0,1,1.5714285714285714,0.0
7,2760,4,False,0,2025-02-27,0,0.0,0.04,0.06,3,27,0,0,1,2.0,0.0
7,2763,4,False,0,2025-02-27,4,0.0,0.05,0.06,3,27,0,0,1,1.7142857142857142,0.0
7,2774,4,False,0,2025-02-27,0,0.0,0.01,0.01,3,27,0,0,1,2.0,0.0
7,2775,4,False,0,2025-02-27,3,0.0,0.03,0.05,3,27,0,0,1,1.7142857142857142,0.0
7,2780,4,False,0,2025-02-27,1,0.0,0.16,0.22,3,27,0,0,1,1.7142857142857142,0.0
7,2781,4,False,0,2025-02-27,2,0.0,0.05,0.08,3,27,0,0,1,1.8571428571428572,0.0
7,2785,4,False,0,2025-02-27,0,0.0,0.04,0.05,3,27,0,0,1,1.8571428571428572,0.0
7,2813,4,False,0,2025-02-27,1,0.0,0.12,0.12,3,27,0,0,1,1.4285714285714286,0.0
7,2820,4,False,0,2025-02-27,0,0.0,0.15,0.22,3,27,0,0,1,1.5714285714285714,0.0
7,2839,4,False,0,2025-02-27,2,0.0,0.03,0.08,3,27,0,0,1,1.0,0.0
7,2845,4,False,0,2025-02-27,2,0.0,0.1,0.12,3,27,0,0,1,1.2857142857142858,0.0
7,2851,4,False,0,2025-02-27,0,0.0,0.01,0.01,3,27,0,0,1,1.1428571428571428,0.0
7,2853,4,False,0,2025-02-27,0,0.0,0.01,0.01,3,27,0,0,1,1.0,0.0
7,2856,4,False,0,2025-02-27,0,0.0,0.02,0.04,3,27,0,0,1,0.7142857142857143,0.0
7,2872,4,False,0,2025-02-27,0,0.0,0.02,0.03,3,27,0,0,1,0.7142857142857143,0.0
7,2891,4,False,0,2025-02-27,0,0.0,0.01,0.03,3,27,0,0,1,0.5714285714285714,0.0
7,2897,4,False,0,2025-02-27,0,0.0,0.04,0.06,3,27,0,0,1,0.5714285714285714,0.0
7,2903,4,False,0,2025-02-27,2,0.0,0.04,0.05,3,27,0,0,1,0.2857142857142857,0.0
7,2916,4,False,0,2025-02-27,1,0.0,0.1,0.14,3,27,0,0,1,0.2857142857142857,0.0
7,2923,4,False,0,2025-02-27,2,0.0,0.15,0.2,3,27,0,0,1,0.42857142857142855,0.0
7,2930,4,False,0,2025-02-27,3,0.0,0.02,0.04,3,27,0,0,1,0.7142857142857143,0.0
7,2962,4,False,0,2025-02-27,1,0.0,0.03,0.05,3,27,0,0,1,1.1428571428571428,0.0
7,2972,4,False,0,2025-02-27,3,0.0,0.03,0.06,3,27,0,0,1,1.2857142857142858,0.0
7,2978,4,False,0,2025-02-27,2,0.0,0.06,0.02,3,27,0,0,1,1.7142857142857142,0.0
7,3013,4,False,0,2025-02-27,1,0.0,0.03,0.04,3,27,0,0,1,2.0,0.0
7,3026,4,False,0,2025-02-27,0,0.0,0.03,0.06,3,27,0,0,1,1.8571428571428572,0.0
7,3041,4,False,0,2025-02-27,3,0.0,0.14,0.16,3,27,0,0,1,1.7142857142857142,0.0
7,3046,4,False,0,2025-02-27,0,0.0,0.06,0.12,3,27,0,0,1,1.8571428571428572,0.0
7,3073,4,False,0,2025-02-27,2,0.0,0.06,0.11,3,27,0,0,1,1.4285714285714286,0.0
7,3082,4,False,0,2025-02-27,1,0.0,0.04,0.07,3,27,0,0,1,1.5714285714285714,0.0
7,3092,4,False,0,2025-02-27,0,0.0,0.03,0.05,3,27,0,0,1,1.2857142857142858,0.0
7,3095,4,False,0,2025-02-27,2,0.0,0.06,0.08,3,27,0,0,1,1.0,0.0
7,3135,4,False,0,2025-02-27,0,0.0,0.04,0.07,3,27,0,0,1,1.1428571428571428,0.0
7,3140,4,False,0,2025-02-27,0,0.0,0.01,0.02,3,27,0,0,1,1.1428571428571428,0.0
7,3152,4,False,0,2025-02-27,0,0.0,0.02,0.03,3,27,0,0,1,0.7142857142857143,0.0
7,3168,4,False,0,2025-02-27,1,0.0,0.01,0.02,3,27,0,0,1,0.7142857142857143,0.0
7,3192,4,False,0,2025-02-27,2,0.0,0.02,0.04,3,27,0,0,1,0.5714285714285714,0.0
7,3200,4,False,0,2025-02-27,2,0.0,0.07,0.09,3,27,0,0,1,0.7142857142857143,0.0
7,3227,4,False,0,2025-02-27,2,0.0,0.09,0.15,3,27,0,0,1,1.0,0.0
7,3255,4,False,0,2025-02-27,1,0.0,0.03,0.07,3,27,0,0,1,1.0,0.0
7,3264,4,False,0,2025-02-27,3,0.0,0.13,0.19,3,27,0,0,1,1.1428571428571428,0.0
7,3277,4,False,0,2025-02-27,0,0.0,0.01,0.02,3,27,0,0,1,1.5714285714285714,0.0
7,3299,4,False,0,2025-02-27,4,0.0,0.02,0.02,3,27,0,0,1,1.5714285714285714,0.0
7,3323,4,False,0,2025-02-27,0,0.0,0.03,0.03,3,27,0,0,1,2.0,0.0
7,3325,4,False,0,2025-02-27,2,0.0,0.09,0.1,3,27,0,0,1,1.7142857142857142,0.0
7,3329,4,False,0,2025-02-27,1,0.0,0.04,0.06,3,27,0,0,1,1.7142857142857142,0.0
7,3345,4,False,0,2025-02-27,0,0.0,0.15,0.22,3,27,0,0,1,1.5714285714285714,0.0
7,3353,4,False,0,2025-02-27,0,0.0,0.09,0.13,3,27,0,0,1,1.4285714285714286,0.0
7,3373,4,False,0,2025-02-27,1,0.0,0.01,0.02,3,27,0,0,1,1.0,0.0
7,3379,4,False,0,2025-02-27,2,0.0,0.06,0.1,3,27,0,0,1,1.1428571428571428,0.0
7,3384,4,False,0,2025-02-27,0,0.0,0.08,0.12,3,27,0,0,1,0.8571428571428571,0.0
7,3385,4,False,0,2025-02-27,2,0.0,0.07,0.12,3,27,0,0,1,0.8571428571428571,0.0
7,3395,4,False,0,2025-02-27,0,0.0,0.05,0.07,3,27,0,0,1,0.8571428571428571,0.0
7,3416,4,False,0,2025-02-27,2,0.0,0.01,0.02,3,27,0,0,1,0.7142857142857143,0.0
7,3436,4,False,0,2025-02-27,0,0.0,0.11,0.14,3,27,0,0,1,1.0,0.0
7,3475,4,False,0,2025-02-27,2,0.0,0.08,0.1,3,27,0,0,1,1.0,0.0
7,3488,4,False,0,2025-02-27,1,0.0,0.04,0.06,3,27,0,0,1,1.1428571428571428,0.0
7,3489,4,False,0,2025-02-27,0,0.0,0.01,0.02,3,27,0,0,1,1.0,0.0
7,3494,4,False,0,2025-02-27,0,0.0,0.02,0.02,3,27,0,0,1,1.0,0.0
7,3501,4,False,0,2025-02-27,1,0.0,0.09,0.13,3,27,0,0,1,0.7142857142857143,0.0
7,3506,4,False,0,2025-02-27,0,0.0,0.02,0.03,3,27,0,0,1,0.8571428571428571,0.0
7,3512,4,False,0,2025-02-27,1,0.0,0.07,0.1,3,27,0,0,1,0.5714285714285714,0.0
7,3516,4,False,0,2025-02-27,2,0.0,0.08,0.11,3,27,0,0,1,0.7142857142857143,0.0
7,3521,4,False,0,2025-02-27,0,0.0,0.04,0.05,3,27,0,0,1,0.7142857142857143,0.0
7,3528,4,False,0,2025-02-27,1,0.0,0.02,0.04,3,27,0,0,1,0.5714285714285714,0.0
7,3534,4,False,0,2025-02-27,0,0.0,0.04,0.05,3,27,0,0,1,0.7142857142857143,0.0
7,3537,4,False,0,2025-02-27,3,0.0,0.04,0.05,3,27,0,0,1,0.7142857142857143,0.0
7,3542,4,False,0,2025-02-27,2,0.0,0.03,0.05,3,27,0,0,1,1.0,0.0
7,3554,4,False,0,2025-02-27,2,0.0,0.05,0.07,3,27,0,0,1,1.2857142857142858,0.0
7,3565,4,False,0,2025-02-27,1,0.0,0.13,0.17,3,27,0,0,1,1.4285714285714286,0.0
7,3566,4,False,0,2025-02-27,0,0.0,0.09,0.1,3,27,0,0,1,1.2857142857142858,0.0
7,3570,4,False,0,2025-02-27,0,0.0,0.01,0.01,3,27,0,0,1,1.2857142857142858,0.0
7,3572,4,False,0,2025-02-27,0,0.0,0.04,0.05,3,27,0,0,1,1.1428571428571428,0.0
7,3585,4,False,0,2025-02-27,2,0.0,0.05,0.07,3,27,0,0,1,1.1428571428571428,0.0
7,3598,4,False,0,2025-02-27,0,0.0,0.07,0.11,3,27,0,0,1,1.0,0.0
7,3599,4,False,0,2025-02-27,1,0.0,0.02,0.03,3,27,0,0,1,0.7142857142857143,0.0
7,3606,4,False,0,2025-02-27,3,0.0,0.04,0.07,3,27,0,0,1,0.5714285714285714,0.0
7,3611,4,False,0,2025-02-27,0,0.0,0.03,0.05,3,27,0,0,1,0.8571428571428571,0.0
7,3622,4,False,0,2025-02-27,3,0.0,0.05,0.07,3,27,0,0,1,0.8571428571428571,0.0
7,3636,4,False,0,2025-02-27,2,0.0,0.05,0.06,3,27,0,0,1,1.2857142857142858,0.0
7,3657,4,False,0,2025-02-27,2,0.0,0.13,0.17,3,27,0,0,1,1.5714285714285714,0.0
7,3662,4,False,0,2025-02-27,0,0.0,0.03,0.04,3,27,0,0,1,1.5714285714285714,0.0
7,3663,4,False,0,2025-02-27,1,0.0,0.02,0.03,3,27,0,0,1,1.5714285714285714,0.0
7,3668,4,False,0,2025-02-27,0,0.0,0.03,0.04,3,27,0,0,1,1.5714285714285714,0.0
7,3673,4,False,0,2025-02-27,4,0.0,0.04,0.06,3,27,0,0,1,1.1428571428571428,0.0
7,3686,4,False,0,2025-02-27,0,0.0,0.02,0.02,3,27,0,0,1,1.7142857142857142,0.0
7,3710,4,False,0,2025-02-27,1,0.0,0.08,0.11,3,27,0,0,1,1.2857142857142858,0.0
7,3715,4,False,0,2025-02-27,3,0.0,0.15,0.25,3,27,0,0,1,1.1428571428571428,0.0
7,3722,4,False,0,2025-02-27,2,0.0,0.03,0.04,3,27,0,0,1,1.2857142857142858,0.0
7,3736,4,False,0,2025-02-27,2,0.0,0.07,0.07,3,27,0,0,1,1.5714285714285714,0.0
7,3766,4,False,0,2025-02-27,2,0.0,0.11,0.15,3,27,0,0,1,1.7142857142857142,0.0
7,3790,4,False,0,2025-02-27,0,0.0,0.02,0.02,3,27,0,0,1,2.0,0.0
7,3796,4,False,0,2025-02-27,0,0.0,0.05,0.08,3,27,0,0,1,1.4285714285714286,0.0
7,3844,4,False,0,2025-02-27,2,0.0,0.05,0.06,3,27,0,0,1,1.4285714285714286,0.0
7,3861,4,False,0,2025-02-27,1,0.0,0.05,0.08,3,27,0,0,1,1.5714285714285714,0.0
7,3874,4,False,0,2025-02-27,3,0.0,0.08,0.1,3,27,0,0,1,1.2857142857142858,0.0
7,3876,4,False,0,2025-02-27,2,0.0,0.12,0.18,3,27,0,0,1,1.4285714285714286,0.0
7,3882,4,False,0,2025-02-27,0,0.0,0.05,0.08,3,27,0,0,1,1.4285714285714286,0.0
7,3883,4,False,0,2025-02-27,3,0.0,0.07,0.1,3,27,0,0,1,1.1428571428571428,0.0
7,3887,4,False,0,2025-02-27,2,0.0,0.03,0.05,3,27,0,0,1,1.5714285714285714,0.0
7,3892,4,False,0,2025-02-27,1,0.0,0.12,0.17,3,27,0,0,1,1.8571428571428572,0.0
7,3897,4,False,0,2025-02-27,0,0.0,0.05,0.07,3,27,0,0,1,1.7142857142857142,0.0
7,3899,4,False,0,2025-02-27,2,0.0,0.03,0.05,3,27,0,0,1,1.5714285714285714,0.0
7,3919,4,False,0,2025-02-27,1,0.0,0.07,0.1,3,27,0,0,1,1.4285714285714286,0.0
7,3921,4,False,0,2025-02-27,2,0.0,0.06,0.09,3,27,0,0,1,1.2857142857142858,0.0
7,3927,4,False,0,2025-02-27,0,0.0,0.03,0.04,3,27,0,0,1,1.5714285714285714,0.0
7,3929,4,False,0,2025-02-27,9,0.0,0.02,0.04,3,27,0,0,1,1.1428571428571428,0.0
7,3930,4,False,0,2025-02-27,1,0.0,0.04,0.06,3,27,0,0,1,2.142857142857143,0.0
7,3936,4,False,0,2025-02-27,3,0.0,0.11,0.19,3,27,0,0,1,2.142857142857143,0.0
7,3994,4,False,0,2025-02-27,2,0.0,0.08,0.1,3,27,0,0,1,2.5714285714285716,0.0
7,4000,4,False,0,2025-02-27,4,0.0,0.07,0.1,3,27,0,0,1,2.5714285714285716,0.0
7,4004,4,False,0,2025-02-27,0,0.0,0.01,0.02,3,27,0,0,1,3.0,0.0
7,4005,4,False,0,2025-02-27,2,0.0,0.03,0.06,3,27,0,0,1,2.7142857142857144,0.0
7,4024,4,False,0,2025-02-27,0,0.0,0.08,0.09,3,27,0,0,1,3.0,0.0
7,4042,4,False,0,2025-02-27,2,0.0,0.09,0.15,3,27,0,0,1,1.7142857142857142,0.0
7,4048,4,False,0,2025-02-27,2,0.0,0.03,0.04,3,27,0,0,1,1.8571428571428572,0.0
7,4050,4,False,0,2025-02-27,2,0.0,0.06,0.1,3,27,0,0,1,1.7142857142857142,0.0
7,4067,4,False,0,2025-02-27,2,0.0,0.01,0.01,3,27,0,0,1,1.7142857142857142,0.0
7,4080,4,False,0,2025-02-27,2,0.0,0.03,0.02,3,27,0,0,1,1.4285714285714286,0.0
7,4085,4,False,0,2025-02-27,3,0.0,0.03,0.05,3,27,0,0,1,1.7142857142857142,0.0
7,4099,4,False,0,2025-02-27,0,0.0,0.15,0.21,3,27,0,0,1,1.8571428571428572,0.0
7,4107,4,False,0,2025-02-27,0,0.0,0.01,0.02,3,27,0,0,1,1.8571428571428572,0.0
7,4110,4,False,0,2025-02-27,0,0.0,0.02,0.02,3,27,0,0,1,1.5714285714285714,0.0
7,4116,4,False,0,2025-02-27,0,0.0,0.04,0.06,3,27,0,0,1,1.2857142857142858,0.0
7,4127,4,False,0,2025-02-27,0,0.0,0.01,0.02,3,27,0,0,1,1.0,0.0
7,4130,4,False,0,2025-02-27,0,0.0,0.0,0.0,3,27,0,0,1,0.7142857142857143,0.0
7,4134,4,False,0,2025-02-27,1,0.0,0.03,0.05,3,27,0,0,1,0.42857142857142855,0.0
7,4139,4,False,0,2025-02-27,2,0.0,0.06,0.09,3,27,0,0,1,0.14285714285714285,0.0
7,4145,4,False,0,2025-02-27,0,0.0,0.02,0.02,3,27,0,0,1,0.42857142857142855,0.0
7,4147,4,False,0,2025-02-27,1,0.0,0.02,0.02,3,27,0,0,1,0.42857142857142855,0.0
7,4151,4,False,0,2025-02-27,2,0.0,0.07,0.08,3,27,0,0,1,0.5714285714285714,0.0
7,4152,4,False,0,2025-02-27,2,0.0,0.08,0.1,3,27,0,0,1,0.8571428571428571,0.0
7,4163,4,False,0,2025-02-27,0,0.0,0.01,0.02,3,27,0,0,1,1.1428571428571428,0.0
7,4166,4,False,0,2025-02-27,2,0.0,0.24,0.33,3,27,0,0,1,1.1428571428571428,0.0
7,4169,4,False,0,2025-02-27,2,0.0,0.05,0.08,3,27,0,0,1,1.2857142857142858,0.0
7,4174,4,False,0,2025-02-27,2,0.0,0.09,0.17,3,27,0,0,1,1.2857142857142858,0.0
7,4178,4,False,0,2025-02-27,1,0.0,0.06,0.08,3,27,0,0,1,1.5714285714285714,0.0
7,4209,4,False,0,2025-02-27,1,0.0,0.08,0.12,3,27,0,0,1,1.5714285714285714,0.0
7,4216,4,False,0,2025-02-27,8,0.0,0.02,0.03,3,27,0,0,1,1.4285714285714286,0.0
7,4218,4,False,0,2025-02-27,2,0.0,0.13,0.17,3,27,0,0,1,2.2857142857142856,0.0
7,4226,4,False,0,2025-02-27,3,0.0,0.05,0.08,3,27,0,0,1,2.5714285714285716,0.0
7,4235,4,False,0,2025-02-27,0,0.0,0.01,0.01,3,27,0,0,1,2.7142857142857144,0.0
7,4254,4,False,0,2025-02-27,2,0.0,0.05,0.1,3,27,0,0,1,2.4285714285714284,0.0
7,4266,4,False,0,2025-02-27,1,0.0,0.14,0.2,3,27,0,0,1,2.4285714285714284,0.0
7,4282,4,False,0,2025-02-27,3,0.0,0.05,0.09,3,27,0,0,1,2.4285714285714284,0.0
7,4287,4,False,0,2025-02-27,0,0.0,0.02,0.04,3,27,0,0,1,2.7142857142857144,0.0
7,4294,4,False,0,2025-02-27,2,0.0,0.06,0.11,3,27,0,0,1,1.5714285714285714,0.0
7,4308,4,False,0,2025-02-27,3,0.0,0.12,0.17,3,27,0,0,1,1.5714285714285714,0.0
7,4309,4,False,0,2025-02-27,2,0.0,0.02,0.03,3,27,0,0,1,1.5714285714285714,0.0
7,4327,4,False,0,2025-02-27,2,0.0,0.07,0.11,3,27,0,0,1,1.8571428571428572,0.0
7,4341,4,False,0,2025-02-27,5,0.0,0.01,0.01,3,27,0,0,1,1.8571428571428572,0.0
7,4355,4,False,0,2025-02-27,4,0.0,0.03,0.04,3,27,0,0,1,2.4285714285714284,0.0
7,4358,4,False,0,2025-02-27,2,0.0,0.04,0.05,3,27,0,0,1,2.5714285714285716,0.0
7,4377,4,False,0,2025-02-27,3,0.0,0.04,0.05,3,27,0,0,1,2.857142857142857,0.0
7,4379,4,False,0,2025-02-27,0,0.0,0.08,0.11,3,27,0,0,1,3.0,0.0
7,4382,4,False,0,2025-02-27,1,0.0,0.14,0.23,3,27,0,0,1,2.5714285714285716,0.0
7,4389,4,False,0,2025-02-27,3,0.0,0.08,0.11,3,27,0,0,1,2.4285714285714284,0.0
7,4396,4,False,0,2025-02-27,0,0.0,0.05,0.08,3,27,0,0,1,2.5714285714285716,0.0
7,4399,4,False,0,2025-02-27,0,0.0,0.05,0.07,3,27,0,0,1,1.8571428571428572,0.0
7,4437,4,False,0,2025-02-27,1,0.0,0.06,0.08,3,27,0,0,1,1.2857142857142858,0.0
7,4448,4,False,0,2025-02-27,1,0.0,0.04,0.06,3,27,0,0,1,1.1428571428571428,0.0
7,4463,4,False,0,2025-02-27,2,0.0,0.12,0.18,3,27,0,0,1,0.8571428571428571,0.0
7,4471,4,False,0,2025-02-27,3,0.0,0.04,0.06,3,27,0,0,1,1.1428571428571428,0.0
7,4494,4,False,0,2025-02-27,1,0.0,0.06,0.06,3,27,0,0,1,1.4285714285714286,0.0
7,4498,4,False,0,2025-02-27,0,0.0,0.01,0.02,3,27,0,0,1,1.1428571428571428,0.0
7,4502,4,False,0,2025-02-27,0,0.0,0.01,0.02,3,27,0,0,1,1.1428571428571428,0.0
7,4509,4,False,0,2025-02-27,1,0.0,0.06,0.1,3,27,0,0,1,1.1428571428571428,0.0
7,4510,4,False,0,2025-02-27,2,0.0,0.07,0.09,3,27,0,0,1,1.1428571428571428,0.0
7,4514,4,False,0,2025-02-27,0,0.0,0.05,0.08,3,27,0,0,1,1.2857142857142858,0.0
7,4528,4,False,0,2025-02-27,2,0.0,0.11,0.14,3,27,0,0,1,1.0,0.0
7,4529,4,False,0,2025-02-27,2,0.0,0.03,0.03,3,27,0,0,1,0.8571428571428571,0.0
7,4534,4,False,0,2025-02-27,2,0.0,0.02,0.03,3,27,0,0,1,1.0,0.0
7,4541,4,False,0,2025-02-27,1,0.0,0.17,0.24,3,27,0,0,1,1.2857142857142858,0.0
7,4556,4,False,0,2025-02-27,1,0.0,0.07,0.1,3,27,0,0,1,1.4285714285714286,0.0
7,4557,4,False,0,2025-02-27,2,0.0,0.1,0.1,3,27,0,0,1,1.4285714285714286,0.0
7,4559,4,False,0,2025-02-27,3,0.0,0.02,0.04,3,27,0,0,1,1.4285714285714286,0.0
7,4579,4,False,0,2025-02-27,1,0.0,0.12,0.17,3,27,0,0,1,1.8571428571428572,0.0
7,4589,4,False,0,2025-02-27,1,0.0,0.02,0.04,3,27,0,0,1,1.7142857142857142,0.0
7,4600,4,False,0,2025-02-27,2,0.0,0.05,0.07,3,27,0,0,1,1.5714285714285714,0.0
7,4634,4,False,0,2025-02-27,2,0.0,0.07,0.12,3,27,0,0,1,1.5714285714285714,0.0
7,4646,4,False,0,2025-02-27,1,0.0,0.02,0.04,3,27,0,0,1,1.7142857142857142,0.0
7,4649,4,False,0,2025-02-27,2,0.0,0.09,0.14,3,27,0,0,1,1.7142857142857142,0.0
7,4657,4,False,0,2025-02-27,3,0.0,0.05,0.07,3,27,0,0,1,1.7142857142857142,0.0
7,4684,4,False,0,2025-02-27,2,0.0,0.01,0.02,3,27,0,0,1,1.7142857142857142,0.0
7,4692,4,False,0,2025-02-27,0,0.0,0.08,0.1,3,27,0,0,1,1.8571428571428572,0.0
7,4714,4,False,0,2025-02-27,1,0.0,0.04,0.06,3,27,0,0,1,1.7142857142857142,0.0
7,4718,4,False,0,2025-02-27,1,0.0,0.06,0.13,3,27,0,0,1,1.5714285714285714,0.0
7,4721,4,False,0,2025-02-27,0,0.0,0.01,0.01,3,27,0,0,1,1.4285714285714286,0.0
7,4724,4,False,0,2025-02-27,0,0.0,0.02,0.04,3,27,0,0,1,1.2857142857142858,0.0
7,4739,4,False,0,2025-02-27,0,0.0,0.01,0.02,3,27,0,0,1,1.0,0.0
7,4743,4,False,0,2025-02-27,2,0.0,0.07,0.08,3,27,0,0,1,0.5714285714285714,0.0
7,4758,4,False,0,2025-02-27,1,0.0,0.03,0.04,3,27,0,0,1,0.5714285714285714,0.0
7,4764,4,False,0,2025-02-27,2,0.0,0.03,0.05,3,27,0,0,1,0.7142857142857143,0.0
7,4798,4,False,0,2025-02-27,6,0.0,0.05,0.07,3,27,0,0,1,0.8571428571428571,0.0
7,4815,4,False,0,2025-02-27,2,0.0,0.09,0.13,3,27,0,0,1,1.5714285714285714,0.0
7,4817,4,False,0,2025-02-27,0,0.0,0.04,0.06,3,27,0,0,1,1.8571428571428572,0.0
7,4821,4,False,0,2025-02-27,0,0.0,0.02,0.02,3,27,0,0,1,1.8571428571428572,0.0
7,4825,4,False,0,2025-02-27,2,0.0,0.11,0.2,3,27,0,0,1,1.8571428571428572,0.0
7,4837,4,False,0,2025-02-27,2,0.0,0.09,0.1,3,27,0,0,1,1.8571428571428572,0.0
7,4840,4,False,0,2025-02-27,0,0.0,0.04,0.06,3,27,0,0,1,2.0,0.0
7,4843,4,False,0,2025-02-27,0,0.0,0.05,0.06,3,27,0,0,1,1.7142857142857142,0.0
7,4857,4,False,0,2025-02-27,1,0.0,0.08,0.11,3,27,0,0,1,0.8571428571428571,0.0
7,4877,4,False,0,2025-02-27,0,0.0,0.13,0.13,3,27,0,0,1,0.7142857142857143,0.0
7,4879,4,False,0,2025-02-27,1,0.0,0.09,0.13,3,27,0,0,1,0.7142857142857143,0.0
7,4902,4,False,0,2025-02-27,0,0.0,0.02,0.03,3,27,0,0,1,0.8571428571428571,0.0
7,4912,4,False,0,2025-02-27,3,0.0,0.03,0.04,3,27,0,0,1,0.5714285714285714,0.0
7,4913,4,False,0,2025-02-27,3,0.0,0.04,0.04,3,27,0,0,1,0.7142857142857143,0.0
7,4914,4,False,0,2025-02-27,2,0.0,0.05,0.05,3,27,0,0,1,1.1428571428571428,0.0
7,4944,4,False,0,2025-02-27,2,0.0,0.05,0.07,3,27,0,0,1,1.4285714285714286,0.0
7,4945,4,False,0,2025-02-27,3,0.0,0.07,0.09,3,27,0,0,1,1.5714285714285714,0.0
7,4956,4,False,0,2025-02-27,4,0.0,0.03,0.05,3,27,0,0,1,2.0,0.0
7,4985,4,False,0,2025-02-27,3,0.0,0.07,0.11,3,27,0,0,1,2.4285714285714284,0.0
7,4990,4,False,0,2025-02-27,0,0.0,0.0,0.0,3,27,0,0,1,2.857142857142857,0.0
7,5003,4,False,0,2025-02-27,0,0.0,0.02,0.03,3,27,0,0,1,2.4285714285714284,0.0
7,5014,4,False,0,2025-02-27,2,0.0,0.11,0.16,3,27,0,0,1,2.0,0.0
7,5017,4,False,0,2025-02-27,2,0.0,0.06,0.07,3,27,0,0,1,2.0,0.0
7,5020,4,False,0,2025-02-27,2,0.0,0.04,0.06,3,27,0,0,1,2.0,0.0
7,5030,4,False,0,2025-02-27,2,0.0,0.05,0.08,3,27,0,0,1,1.8571428571428572,0.0
7,5044,4,False,0,2025-02-27,0,0.0,0.04,0.06,3,27,0,0,1,1.5714285714285714,0.0
7,5054,4,False,0,2025-02-27,2,0.0,0.09,0.12,3,27,0,0,1,1.1428571428571428,0.0
7,5067,4,False,0,2025-02-27,1,0.0,0.02,0.04,3,27,0,0,1,1.4285714285714286,0.0
7,5071,4,False,0,2025-02-27,0,0.0,0.01,0.01,3,27,0,0,1,1.5714285714285714,0.0
7,5072,4,False,0,2025-02-27,3,0.0,0.04,0.05,3,27,0,0,1,1.2857142857142858,0.0
7,5077,4,False,0,2025-02-27,3,0.0,0.03,0.05,3,27,0,0,1,1.4285714285714286,0.0
7,5083,4,False,0,2025-02-27,2,0.0,0.07,0.07,3,27,0,0,1,1.5714285714285714,0.0
7,5089,4,False,0,2025-02-27,0,0.0,0.05,0.07,3,27,0,0,1,1.5714285714285714,0.0
7,5099,4,False,0,2025-02-27,3,0.0,0.04,0.05,3,27,0,0,1,1.5714285714285714,0.0
7,5121,4,False,0,2025-02-27,1,0.0,0.03,0.03,3,27,0,0,1,1.7142857142857142,0.0
7,5132,4,False,0,2025-02-27,1,0.0,0.02,0.04,3,27,0,0,1,1.7142857142857142,0.0
7,5134,4,False,0,2025-02-27,2,0.0,0.03,0.03,3,27,0,0,1,1.8571428571428572,0.0
7,5136,4,False,0,2025-02-27,0,0.0,0.07,0.07,3,27,0,0,1,1.7142857142857142,0.0
7,5181,4,False,0,2025-02-27,3,0.0,0.01,0.01,3,27,0,0,1,1.2857142857142858,0.0
7,5187,4,False,0,2025-02-27,3,0.0,0.05,0.07,3,27,0,0,1,1.4285714285714286,0.0
7,5194,4,False,0,2025-02-27,0,0.0,0.03,0.04,3,27,0,0,1,1.8571428571428572,0.0
7,5200,4,False,0,2025-02-27,0,0.0,0.08,0.1,3,27,0,0,1,1.4285714285714286,0.0
7,5213,4,False,0,2025-02-27,3,0.0,0.01,0.02,3,27,0,0,1,1.2857142857142858,0.0
7,5214,4,False,0,2025-02-27,1,0.0,0.04,0.06,3,27,0,0,1,1.5714285714285714,0.0
7,5220,4,False,0,2025-02-27,0,0.0,0.03,0.05,3,27,0,0,1,1.4285714285714286,0.0
7,5227,4,False,0,2025-02-27,2,0.0,0.02,0.02,3,27,0,0,1,1.4285714285714286,0.0
7,5231,4,False,0,2025-02-27,0,0.0,0.02,0.03,3,27,0,0,1,1.2857142857142858,0.0
7,5233,4,False,0,2025-02-27,1,0.0,0.04,0.04,3,27,0,0,1,0.8571428571428571,0.0
7,5237,4,False,0,2025-02-27,0,0.0,0.07,0.12,3,27,0,0,1,1.0,0.0
7,5243,4,False,0,2025-02-27,3,0.0,0.04,0.06,3,27,0,0,1,1.0,0.0
7,5251,4,False,0,2025-02-27,1,0.0,0.02,0.03,3,27,0,0,1,1.0,0.0
7,5258,4,False,0,2025-02-27,1,0.0,0.05,0.1,3,27,0,0,1,1.0,0.0
7,5271,4,False,0,2025-02-27,1,0.0,0.02,0.03,3,27,0,0,1,1.1428571428571428,0.0
7,20,5,True,0,2025-02-27,0,0.0,0.01,0.04,3,27,0,0,1,1.0,0.0
7,104,5,True,0,2025-02-27,2,0.0,0.04,0.07,3,27,0,0,1,1.0,0.0
7,160,5,True,0,2025-02-27,0,0.0,0.06,0.09,3,27,0,0,1,1.1428571428571428,0.0
7,297,5,True,0,2025-02-27,0,0.0,0.02,0.02,3,27,0,0,1,1.1428571428571428,0.0
7,358,5,True,0,2025-02-27,8,0.0,0.03,0.08,3,27,0,0,1,0.7142857142857143,0.0
7,387,5,True,0,2025-02-27,0,0.0,0.02,0.06,3,27,0,0,1,1.7142857142857142,0.0
7,410,5,True,0,2025-02-27,0,0.0,0.03,0.05,3,27,0,0,1,1.5714285714285714,0.0
7,433,5,True,0,2025-02-27,0,0.0,0.07,0.08,3,27,0,0,1,1.4285714285714286,0.0
7,445,5,True,0,2025-02-27,0,0.0,0.04,0.06,3,27,0,0,1,1.4285714285714286,0.0
7,478,5,True,0,2025-02-27,0,0.0,0.03,0.07,3,27,0,0,1,1.1428571428571428,0.0
7,504,5,True,0,2025-02-27,0,0.0,0.02,0.04,3,27,0,0,1,1.1428571428571428,0.0
7,522,5,True,0,2025-02-27,0,0.0,0.02,0.06,3,27,0,0,1,1.1428571428571428,0.0
7,531,5,True,0,2025-02-27,0,0.0,0.03,0.1,3,27,0,0,1,0.0,0.0
7,539,5,True,0,2025-02-27,1,0.0,0.02,0.04,3,27,0,0,1,0.0,0.0
7,557,5,True,0,2025-02-27,4,0.0,0.04,0.08,3,27,0,0,1,0.14285714285714285,0.0
7,791,5,True,0,2025-02-27,6,0.0,0.01,0.05,3,27,0,0,1,0.7142857142857143,0.0
7,837,5,True,0,2025-02-27,0,0.0,0.07,0.16,3,27,0,0,1,1.5714285714285714,0.0
7,866,5,True,0,2025-02-27,0,0.0,0.05,0.07,3,27,0,0,1,1.5714285714285714,0.0
7,1062,5,True,0,2025-02-27,3,0.0,0.01,0.02,3,27,0,0,1,1.5714285714285714,0.0
7,1070,5,True,0,2025-02-27,1,0.0,0.03,0.08,3,27,0,0,1,2.0,0.0
7,1079,5,True,0,2025-02-27,0,0.0,0.02,0.05,3,27,0,0,1,2.142857142857143,0.0
7,1104,5,True,0,2025-02-27,0,0.0,0.03,0.09,3,27,0,0,1,2.0,0.0
7,1179,5,True,0,2025-02-27,0,0.0,0.13,0.18,3,27,0,0,1,1.4285714285714286,0.0
7,1244,5,True,0,2025-02-27,1,0.0,0.04,0.32,3,27,0,0,1,0.5714285714285714,0.0
7,1260,5,True,0,2025-02-27,0,0.0,0.06,0.12,3,27,0,0,1,0.7142857142857143,0.0
7,1289,5,True,0,2025-02-27,0,0.0,0.04,0.08,3,27,0,0,1,0.7142857142857143,0.0
7,1324,5,True,0,2025-02-27,4,0.0,0.01,0.03,3,27,0,0,1,0.2857142857142857,0.0
7,1356,5,True,0,2025-02-27,1,0.0,0.01,0.03,3,27,0,0,1,0.7142857142857143,0.0
7,1426,5,True,0,2025-02-27,3,0.0,0.02,0.04,3,27,0,0,1,0.8571428571428571,0.0
7,1480,5,True,0,2025-02-27,0,0.0,0.03,0.07,3,27,0,0,1,1.2857142857142858,0.0
7,1522,5,True,0,2025-02-27,0,0.0,0.02,0.07,3,27,0,0,1,1.2857142857142858,0.0
7,1538,5,True,0,2025-02-27,0,0.0,0.0,0.0,3,27,0,0,1,1.1428571428571428,0.0
7,1586,5,True,0,2025-02-27,0,0.0,0.03,0.06,3,27,0,0,1,1.1428571428571428,0.0
7,1588,5,True,0,2025-02-27,0,0.0,0.06,0.13,3,27,0,0,1,1.1428571428571428,0.0
7,1617,5,True,0,2025-02-27,6,0.0,0.01,0.03,3,27,0,0,1,0.5714285714285714,0.0
7,1662,5,True,0,2025-02-27,0,0.0,0.05,0.08,3,27,0,0,1,1.2857142857142858,0.0
7,1695,5,True,0,2025-02-27,0,0.0,0.03,0.09,3,27,0,0,1,0.8571428571428571,0.0
7,1723,5,True,0,2025-02-27,1,0.0,0.01,0.03,3,27,0,0,1,0.8571428571428571,0.0
7,1763,5,True,0,2025-02-27,0,0.0,0.03,0.06,3,27,0,0,1,1.0,0.0
7,1765,5,True,0,2025-02-27,0,0.0,0.02,0.06,3,27,0,0,1,1.0,0.0
7,1770,5,True,0,2025-02-27,1,0.0,0.01,0.04,3,27,0,0,1,1.0,0.0
7,1772,5,True,0,2025-02-27,0,0.0,0.06,0.06,3,27,0,0,1,1.1428571428571428,0.0
7,1778,5,True,0,2025-02-27,1,0.0,0.03,0.05,3,27,0,0,1,0.2857142857142857,0.0
7,1887,5,True,0,2025-02-27,0,0.0,0.03,0.05,3,27,0,0,1,0.42857142857142855,0.0
7,1893,5,True,0,2025-02-27,0,0.0,0.03,0.04,3,27,0,0,1,0.42857142857142855,0.0
7,1971,5,True,0,2025-02-27,3,0.0,0.04,0.12,3,27,0,0,1,0.2857142857142857,0.0
7,2031,5,True,0,2025-02-27,0,0.0,0.0,0.01,3,27,0,0,1,0.7142857142857143,0.0
7,2090,5,True,0,2025-02-27,0,0.0,0.01,0.03,3,27,0,0,1,0.7142857142857143,0.0
7,2205,5,True,0,2025-02-27,2,0.0,0.09,0.14,3,27,0,0,1,0.5714285714285714,0.0
7,2361,5,True,0,2025-02-27,0,0.0,0.05,0.09,3,27,0,0,1,0.8571428571428571,0.0
7,2441,5,True,0,2025-02-27,0,0.0,0.05,0.07,3,27,0,0,1,0.7142857142857143,0.0
7,2484,5,True,0,2025-02-27,1,0.0,0.07,0.09,3,27,0,0,1,0.7142857142857143,0.0
7,2513,5,True,0,2025-02-27,1,0.0,0.1,0.14,3,27,0,0,1,0.8571428571428571,0.0
7,2520,5,True,0,2025-02-27,0,0.0,0.01,0.02,3,27,0,0,1,0.5714285714285714,0.0
7,2607,5,True,0,2025-02-27,0,0.0,0.01,0.04,3,27,0,0,1,0.5714285714285714,0.0
7,2705,5,True,0,2025-02-27,0,0.0,0.02,0.03,3,27,0,0,1,0.5714285714285714,0.0
7,2726,5,True,0,2025-02-27,0,0.0,0.03,0.06,3,27,0,0,1,0.2857142857142857,0.0
7,2765,5,True,0,2025-02-27,2,0.0,0.06,0.05,3,27,0,0,1,0.2857142857142857,0.0
7,2942,5,True,0,2025-02-27,0,0.0,0.03,0.08,3,27,0,0,1,0.5714285714285714,0.0
7,3016,5,True,0,2025-02-27,1,0.0,0.03,0.06,3,27,0,0,1,0.42857142857142855,0.0
7,3091,5,True,0,2025-02-27,0,0.0,0.11,0.15,3,27,0,0,1,0.42857142857142855,0.0
7,3215,5,True,0,2025-02-27,0,0.0,0.04,0.07,3,27,0,0,1,0.42857142857142855,0.0
7,3221,5,True,0,2025-02-27,4,0.0,0.01,0.03,3,27,0,0,1,0.42857142857142855,0.0
7,3304,5,True,0,2025-02-27,0,0.0,0.09,0.1,3,27,0,0,1,1.0,0.0
7,3370,5,True,0,2025-02-27,3,0.0,0.05,0.07,3,27,0,0,1,1.0,0.0
7,3388,5,True,0,2025-02-27,1,0.0,0.09,0.13,3,27,0,0,1,1.1428571428571428,0.0
7,3431,5,True,0,2025-02-27,1,0.0,0.02,0.05,3,27,0,0,1,1.2857142857142858,0.0
7,3438,5,True,0,2025-02-27,0,0.0,0.04,0.07,3,27,0,0,1,1.2857142857142858,0.0
7,3524,5,True,0,2025-02-27,2,0.0,0.03,0.06,3,27,0,0,1,1.2857142857142858,0.0
7,3561,5,True,0,2025-02-27,0,0.0,0.04,0.08,3,27,0,0,1,1.5714285714285714,0.0
7,3596,5,True,0,2025-02-27,0,0.0,0.04,0.08,3,27,0,0,1,1.0,0.0
7,3658,5,True,0,2025-02-27,1,0.0,0.07,0.13,3,27,0,0,1,1.0,0.0
7,3683,5,True,0,2025-02-27,0,0.0,0.07,0.12,3,27,0,0,1,0.7142857142857143,0.0
7,3706,5,True,0,2025-02-27,0,0.0,0.03,0.04,3,27,0,0,1,0.5714285714285714,0.0
7,3713,5,True,0,2025-02-27,1,0.0,0.03,0.05,3,27,0,0,1,0.42857142857142855,0.0
7,3724,5,True,0,2025-02-27,0,0.0,0.02,0.04,3,27,0,0,1,0.5714285714285714,0.0
7,3855,5,True,0,2025-02-27,0,0.0,0.01,0.05,3,27,0,0,1,0.2857142857142857,0.0
7,3880,5,True,0,2025-02-27,3,0.0,0.02,0.07,3,27,0,0,1,0.2857142857142857,0.0
7,3907,5,True,0,2025-02-27,0,0.0,0.04,0.09,3,27,0,0,1,0.7142857142857143,0.0
7,3923,5,True,0,2025-02-27,0,0.0,0.02,0.04,3,27,0,0,1,0.5714285714285714,0.0
7,3958,5,True,0,2025-02-27,0,0.0,0.01,0.05,3,27,0,0,1,0.5714285714285714,0.0
7,3999,5,True,0,2025-02-27,0,0.0,0.18,0.29,3,27,0,0,1,0.5714285714285714,0.0
7,4066,5,True,0,2025-02-27,0,0.0,0.12,0.16,3,27,0,0,1,0.42857142857142855,0.0
7,4092,5,True,0,2025-02-27,0,0.0,0.06,0.07,3,27,0,0,1,0.42857142857142855,0.0
7,4241,5,True,0,2025-02-27,0,1.0,0.06,0.1,3,27,0,0,1,0.42857142857142855,0.0
7,4345,5,True,0,2025-02-27,0,0.0,0.03,0.05,3,27,0,0,1,0.0,0.0
7,4384,5,True,0,2025-02-27,0,0.0,0.11,0.18,3,27,0,0,1,0.0,0.0
7,4385,5,True,0,2025-02-27,1,0.0,0.01,0.0,3,27,0,0,1,0.0,0.0
7,4401,5,True,0,2025-02-27,4,0.0,0.04,0.07,3,27,0,0,1,0.14285714285714285,0.0
7,4511,5,True,0,2025-02-27,2,0.0,0.02,0.03,3,27,0,0,1,0.7142857142857143,0.0
7,4581,5,True,0,2025-02-27,0,0.0,0.01,0.06,3,27,0,0,1,1.0,0.0
7,4678,5,True,0,2025-02-27,0,0.0,0.0,0.02,3,27,0,0,1,1.0,0.0
7,4735,5,True,0,2025-02-27,0,0.0,0.03,0.06,3,27,0,0,1,1.0,0.0
7,4756,5,True,0,2025-02-27,0,0.0,0.02,0.03,3,27,0,0,1,1.0,0.0
7,4761,5,True,0,2025-02-27,0,0.0,0.02,0.03,3,27,0,0,1,1.0,0.0
7,4812,5,True,0,2025-02-27,0,0.0,0.03,0.09,3,27,0,0,1,0.8571428571428571,0.0
7,4832,5,True,0,2025-02-27,0,0.0,0.06,0.06,3,27,0,0,1,0.2857142857142857,0.0
7,4856,5,True,0,2025-02-27,2,0.0,0.16,0.24,3,27,0,0,1,0.0,0.0
7,4874,5,True,0,2025-02-27,3,0.0,0.1,0.18,3,27,0,0,1,0.2857142857142857,0.0
7,4897,5,True,0,2025-02-27,0,1.0,0.02,0.04,3,27,0,0,1,0.7142857142857143,0.0
7,4951,5,True,0,2025-02-27,1,0.0,0.01,0.06,3,27,0,0,1,0.7142857142857143,0.0
7,5108,5,True,0,2025-02-27,6,0.0,0.03,0.07,3,27,0,0,1,0.8571428571428571,0.0
7,5127,5,True,0,2025-02-27,1,0.0,0.12,0.16,3,27,0,0,1,1.7142857142857142,0.0
7,5207,5,True,0,2025-02-27,0,0.0,0.01,0.03,3,27,0,0,1,1.8571428571428572,0.0
7,5244,5,True,0,2025-02-27,0,0.0,0.03,0.07,3,27,0,0,1,1.8571428571428572,0.0
7,69,6,False,0,2025-02-27,2,0.0,0.12,0.2,3,27,0,0,1,1.5714285714285714,0.0
7,142,6,False,0,2025-02-27,1,0.0,0.17,0.25,3,27,0,0,1,1.4285714285714286,0.0
7,315,6,False,0,2025-02-27,0,0.0,0.46,0.69,3,27,0,0,1,1.5714285714285714,0.0
7,627,6,False,0,2025-02-27,0,0.0,0.17,0.17,3,27,0,0,1,1.4285714285714286,0.0
7,646,6,False,0,2025-02-27,1,0.0,0.2,0.23,3,27,0,0,1,0.5714285714285714,0.0
7,739,6,False,0,2025-02-27,0,0.0,0.17,0.25,3,27,0,0,1,0.5714285714285714,0.0
7,811,6,False,0,2025-02-27,0,0.0,0.13,0.18,3,27,0,0,1,0.5714285714285714,0.0
7,862,6,False,0,2025-02-27,0,0.0,0.19,0.25,3,27,0,0,1,0.5714285714285714,0.0
7,931,6,False,0,2025-02-27,2,0.0,0.15,0.24,3,27,0,0,1,0.2857142857142857,0.0
7,938,6,False,0,2025-02-27,0,0.0,0.08,0.13,3,27,0,0,1,0.42857142857142855,0.0
7,951,6,False,0,2025-02-27,1,0.0,0.1,0.16,3,27,0,0,1,0.42857142857142855,0.0
7,1019,6,False,0,2025-02-27,0,0.0,0.1,0.12,3,27,0,0,1,0.5714285714285714,0.0
7,1024,6,False,0,2025-02-27,0,0.0,0.1,0.13,3,27,0,0,1,0.42857142857142855,0.0
7,1029,6,False,0,2025-02-27,0,0.0,0.12,0.17,3,27,0,0,1,0.42857142857142855,0.0
7,1136,6,False,0,2025-02-27,1,0.0,0.08,0.15,3,27,0,0,1,0.42857142857142855,0.0
7,1188,6,False,0,2025-02-27,0,0.0,0.09,0.11,3,27,0,0,1,0.5714285714285714,0.0
7,1203,6,False,0,2025-02-27,1,0.0,0.17,0.22,3,27,0,0,1,0.2857142857142857,0.0
7,1204,6,False,0,2025-02-27,1,0.0,0.14,0.23,3,27,0,0,1,0.42857142857142855,0.0
7,1225,6,False,0,2025-02-27,1,0.0,0.17,0.25,3,27,0,0,1,0.42857142857142855,0.0
7,1269,6,False,0,2025-02-27,0,0.0,0.12,0.16,3,27,0,0,1,0.5714285714285714,0.0
7,1326,6,False,0,2025-02-27,0,0.0,0.44,0.53,3,27,0,0,1,0.5714285714285714,0.0
7,1328,6,False,0,2025-02-27,0,0.0,0.36,0.37,3,27,0,0,1,0.5714285714285714,0.0
7,1403,6,False,0,2025-02-27,1,0.0,0.06,0.09,3,27,0,0,1,0.42857142857142855,0.0
7,1457,6,False,0,2025-02-27,1,0.0,0.4,0.56,3,27,0,0,1,0.5714285714285714,0.0
7,1476,6,False,0,2025-02-27,1,0.0,0.17,0.24,3,27,0,0,1,0.5714285714285714,0.0
7,1562,6,False,0,2025-02-27,0,0.0,0.08,0.13,3,27,0,0,1,0.5714285714285714,0.0
7,1616,6,False,0,2025-02-27,3,0.0,0.18,0.26,3,27,0,0,1,0.42857142857142855,0.0
7,1741,6,False,0,2025-02-27,0,0.0,0.09,0.12,3,27,0,0,1,0.8571428571428571,0.0
7,1760,6,False,0,2025-02-27,0,0.0,0.4,0.56,3,27,0,0,1,0.8571428571428571,0.0
7,1762,6,False,0,2025-02-27,0,0.0,0.09,0.11,3,27,0,0,1,0.8571428571428571,0.0
7,1821,6,False,0,2025-02-27,0,0.0,0.36,0.36,3,27,0,0,1,0.7142857142857143,0.0
7,1829,6,False,0,2025-02-27,0,0.0,0.08,0.12,3,27,0,0,1,0.5714285714285714,0.0
7,1878,6,False,0,2025-02-27,0,0.0,0.4,0.48,3,27,0,0,1,0.42857142857142855,0.0
7,2046,6,False,0,2025-02-27,1,0.0,0.36,0.49,3,27,0,0,1,0.42857142857142855,0.0
7,2346,6,False,0,2025-02-27,0,0.0,0.09,0.14,3,27,0,0,1,0.14285714285714285,0.0
7,2471,6,False,0,2025-02-27,0,0.0,0.17,0.17,3,27,0,0,1,0.14285714285714285,0.0
7,2482,6,False,0,2025-02-27,1,0.0,0.35,0.49,3,27,0,0,1,0.14285714285714285,0.0
7,2514,6,False,0,2025-02-27,5,0.0,0.18,0.16,3,27,0,0,1,0.2857142857142857,0.0
7,2516,6,False,0,2025-02-27,0,0.0,0.24,0.38,3,27,0,0,1,1.0,0.0
7,2587,6,False,0,2025-02-27,0,0.0,0.12,0.17,3,27,0,0,1,1.0,0.0
7,2789,6,False,0,2025-02-27,0,0.0,0.13,0.18,3,27,0,0,1,1.0,0.0
7,2846,6,False,0,2025-02-27,0,0.0,0.12,0.17,3,27,0,0,1,0.8571428571428571,0.0
7,3070,6,False,0,2025-02-27,0,0.0,0.21,0.23,3,27,0,0,1,0.8571428571428571,0.0
7,3076,6,False,0,2025-02-27,0,0.0,0.22,0.24,3,27,0,0,1,0.8571428571428571,0.0
7,3144,6,False,0,2025-02-27,0,0.0,0.26,0.37,3,27,0,0,1,0.7142857142857143,0.0
7,3151,6,False,0,2025-02-27,0,0.0,0.19,0.24,3,27,0,0,1,0.0,0.0
7,3154,6,False,0,2025-02-27,2,0.0,0.12,0.22,3,27,0,0,1,0.0,0.0
7,3399,6,False,0,2025-02-27,0,0.0,0.13,0.14,3,27,0,0,1,0.2857142857142857,0.0
7,3480,6,False,0,2025-02-27,0,0.0,0.18,0.18,3,27,0,0,1,0.2857142857142857,0.0
7,3486,6,False,0,2025-02-27,0,0.0,0.49,0.62,3,27,0,0,1,0.2857142857142857,0.0
7,3533,6,False,0,2025-02-27,0,0.0,0.21,0.34,3,27,0,0,1,0.2857142857142857,0.0
7,3623,6,False,0,2025-02-27,1,0.0,0.17,0.28,3,27,0,0,1,0.2857142857142857,0.0
7,3626,6,False,0,2025-02-27,0,0.0,0.12,0.21,3,27,0,0,1,0.42857142857142855,0.0
7,3634,6,False,0,2025-02-27,0,0.0,0.12,0.18,3,27,0,0,1,0.42857142857142855,0.0
7,3719,6,False,0,2025-02-27,0,0.0,0.42,0.49,3,27,0,0,1,0.14285714285714285,0.0
7,3737,6,False,0,2025-02-27,1,0.0,0.19,0.24,3,27,0,0,1,0.14285714285714285,0.0
7,3840,6,False,0,2025-02-27,0,0.0,0.09,0.1,3,27,0,0,1,0.2857142857142857,0.0
7,3926,6,False,0,2025-02-27,1,0.0,0.14,0.22,3,27,0,0,1,0.2857142857142857,0.0
7,3945,6,False,0,2025-02-27,1,0.0,0.09,0.14,3,27,0,0,1,0.42857142857142855,0.0
7,4443,6,False,0,2025-02-27,0,0.0,0.25,0.35,3,27,0,0,1,0.42857142857142855,0.0
7,4545,6,False,0,2025-02-27,0,0.0,0.21,0.3,3,27,0,0,1,0.42857142857142855,0.0
7,4805,6,False,0,2025-02-27,1,0.0,0.16,0.23,3,27,0,0,1,0.42857142857142855,0.0
7,4965,6,False,0,2025-02-27,5,0.0,0.17,0.26,3,27,0,0,1,0.5714285714285714,0.0
7,5053,6,False,0,2025-02-27,2,0.0,0.54,0.78,3,27,0,0,1,1.1428571428571428,0.0
7,5160,6,False,0,2025-02-27,0,0.0,0.17,0.16,3,27,0,0,1,1.4285714285714286,0.0
7,62,7,False,0,2025-02-27,1,0.0,0.02,0.04,3,27,0,0,1,1.2857142857142858,0.0
7,77,7,False,0,2025-02-27,0,0.0,0.0,0.0,3,27,0,0,1,1.2857142857142858,0.0
7,98,7,False,0,2025-02-27,2,0.0,0.04,0.07,3,27,0,0,1,1.2857142857142858,0.0
7,113,7,False,0,2025-02-27,2,0.0,0.02,0.03,3,27,0,0,1,1.5714285714285714,0.0
7,184,7,False,0,2025-02-27,0,0.0,0.17,0.23,3,27,0,0,1,1.7142857142857142,0.0
7,194,7,False,0,2025-02-27,0,0.0,0.01,0.01,3,27,0,0,1,1.0,0.0
7,265,7,False,0,2025-02-27,1,0.0,0.04,0.05,3,27,0,0,1,0.7142857142857143,0.0
7,364,7,False,0,2025-02-27,0,0.0,0.24,0.36,3,27,0,0,1,0.8571428571428571,0.0
7,391,7,False,0,2025-02-27,0,0.0,0.02,0.03,3,27,0,0,1,0.7142857142857143,0.0
7,394,7,False,0,2025-02-27,1,0.0,0.04,0.07,3,27,0,0,1,0.7142857142857143,0.0
7,405,7,False,0,2025-02-27,2,2.0,0.02,0.03,3,27,0,0,1,0.5714285714285714,0.0
7,462,7,False,0,2025-02-27,1,0.0,0.33,0.4,3,27,0,0,1,0.5714285714285714,0.0
7,466,7,False,0,2025-02-27,3,0.0,0.03,0.06,3,27,0,0,1,0.7142857142857143,0.0
7,519,7,False,0,2025-02-27,2,0.0,0.03,0.06,3,27,0,0,1,1.1428571428571428,0.0
7,568,7,False,0,2025-02-27,0,0.0,0.0,0.0,3,27,0,0,1,1.2857142857142858,0.0
7,588,7,False,0,2025-02-27,1,0.0,0.11,0.17,3,27,0,0,1,1.2857142857142858,0.0
7,704,7,False,0,2025-02-27,0,0.0,0.07,0.08,3,27,0,0,1,1.4285714285714286,0.0
7,788,7,False,0,2025-02-27,0,0.0,0.0,0.0,3,27,0,0,1,1.2857142857142858,0.0
7,888,7,False,0,2025-02-27,1,0.0,0.06,0.08,3,27,0,0,1,1.0,0.0
7,911,7,False,0,2025-02-27,1,0.0,0.25,0.46,3,27,0,0,1,1.0,0.0
7,935,7,False,0,2025-02-27,0,1.0,0.03,0.06,3,27,0,0,1,0.7142857142857143,0.0
7,945,7,False,0,2025-02-27,1,0.0,0.04,0.06,3,27,0,0,1,0.42857142857142855,0.0
7,954,7,False,0,2025-02-27,1,0.0,0.11,0.13,3,27,0,0,1,0.5714285714285714,0.0
7,968,7,False,0,2025-02-27,0,0.0,0.02,0.02,3,27,0,0,1,0.5714285714285714,0.0
7,1051,7,False,0,2025-02-27,1,0.0,0.04,0.06,3,27,0,0,1,0.5714285714285714,0.0
7,1055,7,False,0,2025-02-27,1,0.0,0.11,0.15,3,27,0,0,1,0.7142857142857143,0.0
7,1147,7,False,0,2025-02-27,1,0.0,0.11,0.15,3,27,0,0,1,0.7142857142857143,0.0
7,1186,7,False,0,2025-02-27,0,0.0,0.38,0.45,3,27,0,0,1,0.7142857142857143,0.0
7,1233,7,False,0,2025-02-27,1,0.0,0.07,0.11,3,27,0,0,1,0.7142857142857143,0.0
7,1264,7,False,0,2025-02-27,0,0.0,0.0,0.0,3,27,0,0,1,0.7142857142857143,0.0
7,1302,7,False,0,2025-02-27,0,0.0,0.26,0.39,3,27,0,0,1,0.5714285714285714,0.0
7,1362,7,False,0,2025-02-27,0,0.0,0.05,0.06,3,27,0,0,1,0.5714285714285714,0.0
7,1581,7,False,0,2025-02-27,0,0.0,0.04,0.06,3,27,0,0,1,0.42857142857142855,0.0
7,1679,7,False,0,2025-02-27,1,0.0,0.07,0.1,3,27,0,0,1,0.2857142857142857,0.0
7,1704,7,False,0,2025-02-27,1,0.0,0.07,0.09,3,27,0,0,1,0.2857142857142857,0.0
7,1726,7,False,0,2025-02-27,1,0.0,0.01,0.02,3,27,0,0,1,0.42857142857142855,0.0
7,1734,7,False,0,2025-02-27,0,0.0,0.24,0.3,3,27,0,0,1,0.42857142857142855,0.0
7,1744,7,False,0,2025-02-27,2,0.0,0.07,0.11,3,27,0,0,1,0.42857142857142855,0.0
7,1796,7,False,0,2025-02-27,2,0.0,0.01,0.02,3,27,0,0,1,0.7142857142857143,0.0
7,1841,7,False,0,2025-02-27,1,0.0,0.03,0.07,3,27,0,0,1,1.0,0.0
7,1844,7,False,0,2025-02-27,1,0.0,0.13,0.18,3,27,0,0,1,1.1428571428571428,0.0
7,1858,7,False,0,2025-02-27,1,0.0,0.09,0.14,3,27,0,0,1,1.1428571428571428,0.0
7,1900,7,False,0,2025-02-27,1,0.0,0.18,0.15,3,27,0,0,1,1.1428571428571428,0.0
7,1938,7,False,0,2025-02-27,2,0.0,0.02,0.03,3,27,0,0,1,1.1428571428571428,0.0
7,2002,7,False,0,2025-02-27,3,0.0,0.01,0.02,3,27,0,0,1,1.4285714285714286,0.0
7,2008,7,False,0,2025-02-27,5,0.0,0.03,0.05,3,27,0,0,1,1.5714285714285714,0.0
7,2018,7,False,0,2025-02-27,1,0.0,0.11,0.14,3,27,0,0,1,2.0,0.0
7,2032,7,False,0,2025-02-27,1,0.0,0.34,0.37,3,27,0,0,1,2.0,0.0
7,2037,7,False,0,2025-02-27,10,0.0,0.06,0.1,3,27,0,0,1,2.0,0.0
7,2237,7,False,0,2025-02-27,1,0.0,0.12,0.15,3,27,0,0,1,3.2857142857142856,0.0
7,2243,7,False,0,2025-02-27,4,0.0,0.49,0.51,3,27,0,0,1,3.2857142857142856,0.0
7,2263,7,False,0,2025-02-27,2,0.0,0.04,0.07,3,27,0,0,1,3.5714285714285716,0.0
7,2310,7,False,0,2025-02-27,0,0.0,0.22,0.29,3,27,0,0,1,3.4285714285714284,0.0
7,2324,7,False,0,2025-02-27,1,0.0,0.19,0.22,3,27,0,0,1,2.7142857142857144,0.0
7,2341,7,False,0,2025-02-27,0,0.0,0.18,0.28,3,27,0,0,1,2.7142857142857144,0.0
7,2351,7,False,0,2025-02-27,1,0.0,0.07,0.11,3,27,0,0,1,2.5714285714285716,0.0
7,2408,7,False,0,2025-02-27,1,0.0,0.05,0.06,3,27,0,0,1,1.2857142857142858,0.0
7,2510,7,False,0,2025-02-27,1,0.0,0.19,0.27,3,27,0,0,1,1.2857142857142858,0.0
7,2526,7,False,0,2025-02-27,1,0.0,0.23,0.3,3,27,0,0,1,0.8571428571428571,0.0
7,2588,7,False,0,2025-02-27,3,0.0,0.04,0.07,3,27,0,0,1,0.7142857142857143,0.0
7,2604,7,False,0,2025-02-27,2,0.0,0.01,0.03,3,27,0,0,1,1.1428571428571428,0.0
7,2618,7,False,0,2025-02-27,0,0.0,0.04,0.06,3,27,0,0,1,1.2857142857142858,0.0
7,2686,7,False,0,2025-02-27,8,0.0,0.03,0.04,3,27,0,0,1,1.2857142857142858,0.0
7,2698,7,False,0,2025-02-27,0,0.0,0.5,0.76,3,27,0,0,1,2.2857142857142856,0.0
7,2723,7,False,0,2025-02-27,0,0.0,0.02,0.04,3,27,0,0,1,2.142857142857143,0.0
7,2823,7,False,0,2025-02-27,0,0.0,0.18,0.22,3,27,0,0,1,2.0,0.0
7,2836,7,False,0,2025-02-27,0,0.0,0.04,0.06,3,27,0,0,1,1.8571428571428572,0.0
7,2855,7,False,0,2025-02-27,1,0.0,0.07,0.08,3,27,0,0,1,1.4285714285714286,0.0
7,2966,7,False,0,2025-02-27,1,0.0,0.01,0.01,3,27,0,0,1,1.2857142857142858,0.0
7,3033,7,False,0,2025-02-27,1,0.0,0.09,0.12,3,27,0,0,1,1.4285714285714286,0.0
7,3039,7,False,0,2025-02-27,1,0.0,0.01,0.03,3,27,0,0,1,0.42857142857142855,0.0
7,3043,7,False,0,2025-02-27,1,0.0,0.19,0.26,3,27,0,0,1,0.5714285714285714,0.0
7,3060,7,False,0,2025-02-27,1,0.0,0.08,0.09,3,27,0,0,1,0.7142857142857143,0.0
7,3099,7,False,0,2025-02-27,1,0.0,0.04,0.06,3,27,0,0,1,0.8571428571428571,0.0
7,3103,7,False,0,2025-02-27,1,0.0,0.06,0.07,3,27,0,0,1,1.0,0.0
7,3155,7,False,0,2025-02-27,2,0.0,0.22,0.39,3,27,0,0,1,1.0,0.0
7,3245,7,False,0,2025-02-27,1,0.0,0.04,0.05,3,27,0,0,1,1.1428571428571428,0.0
7,3248,7,False,0,2025-02-27,0,0.0,0.05,0.05,3,27,0,0,1,1.1428571428571428,0.0
7,3355,7,False,0,2025-02-27,1,0.0,0.08,0.15,3,27,0,0,1,1.0,0.0
7,3435,7,False,0,2025-02-27,1,0.0,0.08,0.1,3,27,0,0,1,1.0,0.0
7,3441,7,False,0,2025-02-27,1,0.0,0.05,0.06,3,27,0,0,1,1.0,0.0
7,3579,7,False,0,2025-02-27,1,0.0,0.04,0.05,3,27,0,0,1,1.0,0.0
7,3619,7,False,0,2025-02-27,0,0.0,0.14,0.23,3,27,0,0,1,1.0,0.0
7,3652,7,False,0,2025-02-27,1,0.0,0.07,0.1,3,27,0,0,1,0.7142857142857143,0.0
7,3763,7,False,0,2025-02-27,0,0.0,0.02,0.03,3,27,0,0,1,0.7142857142857143,0.0
7,3805,7,False,0,2025-02-27,0,0.0,0.04,0.05,3,27,0,0,1,0.7142857142857143,0.0
7,4060,7,False,0,2025-02-27,0,0.0,0.1,0.13,3,27,0,0,1,0.5714285714285714,0.0
7,4079,7,False,0,2025-02-27,3,0.0,0.01,0.02,3,27,0,0,1,0.42857142857142855,0.0
7,4114,7,False,0,2025-02-27,0,0.0,0.05,0.09,3,27,0,0,1,0.7142857142857143,0.0
7,4180,7,False,0,2025-02-27,0,0.0,0.29,0.51,3,27,0,0,1,0.5714285714285714,0.0
7,4219,7,False,0,2025-02-27,2,0.0,0.28,0.39,3,27,0,0,1,0.5714285714285714,0.0
7,4245,7,False,0,2025-02-27,1,0.0,0.04,0.05,3,27,0,0,1,0.7142857142857143,0.0
7,4297,7,False,0,2025-02-27,1,0.0,0.25,0.35,3,27,0,0,1,0.8571428571428571,0.0
7,4402,7,False,0,2025-02-27,0,0.0,0.02,0.03,3,27,0,0,1,1.0,0.0
7,4407,7,False,0,2025-02-27,0,0.0,0.19,0.34,3,27,0,0,1,1.0,0.0
7,4415,7,False,0,2025-02-27,0,0.0,0.04,0.03,3,27,0,0,1,0.5714285714285714,0.0
7,4537,7,False,0,2025-02-27,2,0.0,0.07,0.1,3,27,0,0,1,0.5714285714285714,0.0
7,4549,7,False,0,2025-02-27,0,0.0,0.05,0.06,3,27,0,0,1,0.8571428571428571,0.0
7,4597,7,False,0,2025-02-27,0,0.0,0.08,0.11,3,27,0,0,1,0.5714285714285714,0.0
7,4625,7,False,0,2025-02-27,0,0.0,0.11,0.17,3,27,0,0,1,0.42857142857142855,0.0
7,4639,7,False,0,2025-02-27,1,0.0,0.13,0.19,3,27,0,0,1,0.2857142857142857,0.0
7,4705,7,False,0,2025-02-27,2,0.0,0.43,0.52,3,27,0,0,1,0.42857142857142855,0.0
7,4754,7,False,0,2025-02-27,1,0.0,0.26,0.34,3,27,0,0,1,0.7142857142857143,0.0
7,4792,7,False,0,2025-02-27,0,0.0,0.34,0.4,3,27,0,0,1,0.8571428571428571,0.0
7,4793,7,False,0,2025-02-27,2,0.0,0.02,0.03,3,27,0,0,1,0.5714285714285714,0.0
7,4918,7,False,0,2025-02-27,0,0.0,0.14,0.23,3,27,0,0,1,0.8571428571428571,0.0
7,4932,7,False,0,2025-02-27,0,0.0,0.07,0.11,3,27,0,0,1,0.8571428571428571,0.0
7,4950,7,False,0,2025-02-27,1,0.0,0.05,0.09,3,27,0,0,1,0.8571428571428571,0.0
7,5009,7,False,0,2025-02-27,4,0.0,0.04,0.08,3,27,0,0,1,0.8571428571428571,0.0
7,5050,7,False,0,2025-02-27,1,0.0,0.07,0.11,3,27,0,0,1,1.1428571428571428,0.0
7,5061,7,False,0,2025-02-27,1,0.0,0.21,0.3,3,27,0,0,1,1.1428571428571428,0.0
7,5114,7,False,0,2025-02-27,0,0.0,0.02,0.04,3,27,0,0,1,1.2857142857142858,0.0
7,5147,7,False,0,2025-02-27,0,0.0,0.02,0.03,3,27,0,0,1,1.0,0.0
7,5166,7,False,0,2025-02-27,1,0.0,0.05,0.08,3,27,0,0,1,1.0,0.0
7,5235,7,False,0,2025-02-27,0,0.0,0.14,0.21,3,27,0,0,1,1.1428571428571428,0.0
7,5248,7,False,0,2025-02-27,4,0.0,0.03,0.12,3,27,0,0,1,1.0,0.0
7,5273,7,False,0,2025-02-27,1,0.0,0.09,0.12,3,27,0,0,1,1.0,0.0
7,14,8,False,0,2025-02-27,0,0.0,0.2,0.32,3,27,0,0,1,1.0,0.0
7,81,8,False,0,2025-02-27,0,0.0,0.01,0.01,3,27,0,0,1,0.8571428571428571,0.0
7,231,8,False,0,2025-02-27,0,1.0,0.03,0.04,3,27,0,0,1,0.8571428571428571,0.0
7,260,8,False,0,2025-02-27,43,0.0,0.02,0.03,3,27,0,0,1,0.8571428571428571,0.0
7,303,8,False,0,2025-02-27,0,0.0,0.0,0.01,3,27,0,0,1,6.857142857142857,0.0
7,320,8,False,0,2025-02-27,0,0.0,0.13,0.2,3,27,0,0,1,6.857142857142857,0.0
7,385,8,False,0,2025-02-27,0,0.0,0.22,0.32,3,27,0,0,1,6.285714285714286,0.0
7,389,8,False,0,2025-02-27,0,0.0,0.02,0.05,3,27,0,0,1,6.142857142857143,0.0
7,465,8,False,0,2025-02-27,1,0.0,0.03,0.06,3,27,0,0,1,6.142857142857143,0.0
7,633,8,False,0,2025-02-27,0,0.0,0.05,0.06,3,27,0,0,1,6.285714285714286,0.0
7,835,8,False,0,2025-02-27,1,0.0,0.25,0.33,3,27,0,0,1,6.285714285714286,0.0
7,857,8,False,0,2025-02-27,2,0.0,0.02,0.05,3,27,0,0,1,0.2857142857142857,0.0
7,876,8,False,0,2025-02-27,0,0.0,0.01,0.02,3,27,0,0,1,0.5714285714285714,0.0
7,902,8,False,0,2025-02-27,2,0.0,0.02,0.04,3,27,0,0,1,0.5714285714285714,0.0
7,914,8,False,0,2025-02-27,2,0.0,0.13,0.21,3,27,0,0,1,0.8571428571428571,0.0
7,927,8,False,0,2025-02-27,10,0.0,0.01,0.03,3,27,0,0,1,1.1428571428571428,0.0
7,981,8,False,0,2025-02-27,0,0.0,0.01,0.01,3,27,0,0,1,2.4285714285714284,0.0
7,1056,8,False,0,2025-02-27,11,0.0,0.02,0.03,3,27,0,0,1,2.4285714285714284,0.0
7,1310,8,False,0,2025-02-27,1,0.0,0.22,0.29,3,27,0,0,1,3.857142857142857,0.0
7,1327,8,False,0,2025-02-27,7,0.0,0.02,0.03,3,27,0,0,1,3.7142857142857144,0.0
7,1347,8,False,0,2025-02-27,1,0.0,0.25,0.3,3,27,0,0,1,4.714285714285714,0.0
7,1363,8,False,0,2025-02-27,3,0.0,0.01,0.03,3,27,0,0,1,4.571428571428571,0.0
7,1371,8,False,0,2025-02-27,0,0.0,0.02,0.02,3,27,0,0,1,4.714285714285714,0.0
7,1385,8,False,0,2025-02-27,2,0.0,0.39,0.44,3,27,0,0,1,3.2857142857142856,0.0
7,1395,8,False,0,2025-02-27,1,0.0,0.01,0.02,3,27,0,0,1,3.5714285714285716,0.0
7,1415,8,False,0,2025-02-27,0,0.0,0.0,0.0,3,27,0,0,1,2.142857142857143,0.0
7,1459,8,False,0,2025-02-27,1,0.0,0.03,0.05,3,27,0,0,1,2.0,0.0
7,1521,8,False,0,2025-02-27,2,0.0,0.08,0.12,3,27,0,0,1,1.1428571428571428,0.0
7,1525,8,False,0,2025-02-27,67,0.0,0.01,0.02,3,27,0,0,1,1.2857142857142858,0.0
7,1549,8,False,0,2025-02-27,4,1.0,0.01,0.02,3,27,0,0,1,10.428571428571429,0.0
7,1620,8,False,0,2025-02-27,0,1.0,0.03,0.04,3,27,0,0,1,11.0,0.0
7,1755,8,False,0,2025-02-27,0,0.0,0.02,0.03,3,27,0,0,1,10.714285714285714,0.0
7,1846,8,False,0,2025-02-27,1,0.0,0.14,0.19,3,27,0,0,1,10.571428571428571,0.0
7,1916,8,False,0,2025-02-27,21,0.0,0.02,0.02,3,27,0,0,1,10.714285714285714,0.0
7,1941,8,False,0,2025-02-27,0,0.0,0.18,0.23,3,27,0,0,1,13.571428571428571,0.0
7,1966,8,False,0,2025-02-27,0,0.0,0.12,0.13,3,27,0,0,1,13.285714285714286,0.0
7,2001,8,False,0,2025-02-27,0,0.0,0.16,0.2,3,27,0,0,1,3.7142857142857144,0.0
7,2094,8,False,0,2025-02-27,0,0.0,0.21,0.21,3,27,0,0,1,3.142857142857143,0.0
7,2157,8,False,0,2025-02-27,1,0.0,0.03,0.05,3,27,0,0,1,3.142857142857143,0.0
7,2254,8,False,0,2025-02-27,1,0.0,0.18,0.3,3,27,0,0,1,3.2857142857142856,0.0
7,2371,8,False,0,2025-02-27,0,0.0,0.02,0.05,3,27,0,0,1,3.2857142857142856,0.0
7,2462,8,False,0,2025-02-27,2,0.0,0.33,0.59,3,27,0,0,1,0.2857142857142857,0.0
7,2475,8,False,0,2025-02-27,0,0.0,0.13,0.19,3,27,0,0,1,0.5714285714285714,0.0
7,2507,8,False,0,2025-02-27,0,0.0,0.01,0.02,3,27,0,0,1,0.5714285714285714,0.0
7,2673,8,False,0,2025-02-27,0,0.0,0.02,0.04,3,27,0,0,1,0.5714285714285714,0.0
7,2681,8,False,0,2025-02-27,1,0.0,0.04,0.06,3,27,0,0,1,0.5714285714285714,0.0
7,2706,8,False,0,2025-02-27,0,0.0,0.02,0.05,3,27,0,0,1,0.5714285714285714,0.0
7,2718,8,False,0,2025-02-27,10,0.0,0.04,0.09,3,27,0,0,1,0.42857142857142855,0.0
7,2874,8,False,0,2025-02-27,40,2.0,0.02,0.03,3,27,0,0,1,1.8571428571428572,0.0
7,2875,8,False,0,2025-02-27,0,0.0,0.01,0.02,3,27,0,0,1,7.285714285714286,0.0
7,2888,8,False,0,2025-02-27,3,0.0,0.03,0.05,3,27,0,0,1,7.285714285714286,0.0
7,2969,8,False,0,2025-02-27,3,0.0,0.01,0.02,3,27,0,0,1,7.714285714285714,0.0
7,2971,8,False,0,2025-02-27,0,0.0,0.23,0.24,3,27,0,0,1,8.142857142857142,0.0
7,3057,8,False,0,2025-02-27,36,2.0,0.01,0.01,3,27,0,0,1,8.0,0.0
7,3121,8,False,0,2025-02-27,0,0.0,0.16,0.23,3,27,0,0,1,13.142857142857142,0.0
7,3157,8,False,0,2025-02-27,0,0.0,0.01,0.01,3,27,0,0,1,11.714285714285714,0.0
7,3189,8,False,0,2025-02-27,1,0.0,0.1,0.15,3,27,0,0,1,6.0,0.0
7,3194,8,False,0,2025-02-27,2,0.0,0.21,0.22,3,27,0,0,1,6.142857142857143,0.0
7,3228,8,False,0,2025-02-27,7,2.0,0.03,0.03,3,27,0,0,1,6.0,0.0
7,3269,8,False,0,2025-02-27,0,0.0,0.1,0.17,3,27,0,0,1,6.571428571428571,0.0
7,3294,8,False,0,2025-02-27,0,0.0,0.13,0.19,3,27,0,0,1,6.571428571428571,0.0
7,3300,8,False,0,2025-02-27,2,0.0,0.1,0.15,3,27,0,0,1,1.4285714285714286,0.0
7,3318,8,False,0,2025-02-27,6,0.0,0.1,0.21,3,27,0,0,1,1.7142857142857142,0.0
7,3404,8,False,0,2025-02-27,0,0.0,0.11,0.2,3,27,0,0,1,2.5714285714285716,0.0
7,3563,8,False,0,2025-02-27,0,0.0,0.29,0.32,3,27,0,0,1,2.4285714285714284,0.0
7,3666,8,False,0,2025-02-27,11,0.0,0.02,0.03,3,27,0,0,1,2.142857142857143,0.0
7,3676,8,False,0,2025-02-27,2,0.0,0.01,0.01,3,27,0,0,1,2.7142857142857144,0.0
7,3716,8,False,0,2025-02-27,2,0.0,0.1,0.15,3,27,0,0,1,3.0,0.0
7,3740,8,False,0,2025-02-27,2,0.0,0.04,0.06,3,27,0,0,1,3.2857142857142856,0.0
7,3781,8,False,0,2025-02-27,1,0.0,0.04,0.06,3,27,0,0,1,3.2857142857142856,0.0
7,3783,8,False,0,2025-02-27,24,0.0,0.03,0.04,3,27,0,0,1,2.5714285714285716,0.0
7,3938,8,False,0,2025-02-27,16,0.0,0.02,0.04,3,27,0,0,1,6.0,0.0
7,4003,8,False,0,2025-02-27,0,0.0,0.02,0.02,3,27,0,0,1,8.285714285714286,0.0
7,4029,8,False,0,2025-02-27,3,0.0,0.02,0.04,3,27,0,0,1,6.714285714285714,0.0
7,4044,8,False,0,2025-02-27,1,0.0,0.02,0.03,3,27,0,0,1,6.857142857142857,0.0
7,4113,8,False,0,2025-02-27,2,0.0,0.08,0.15,3,27,0,0,1,6.714285714285714,0.0
7,4208,8,False,0,2025-02-27,0,0.0,0.43,0.56,3,27,0,0,1,6.714285714285714,0.0
7,4236,8,False,0,2025-02-27,1,0.0,0.14,0.21,3,27,0,0,1,6.571428571428571,0.0
7,4403,8,False,0,2025-02-27,0,0.0,0.15,0.15,3,27,0,0,1,3.2857142857142856,0.0
7,4425,8,False,0,2025-02-27,0,0.0,0.06,0.05,3,27,0,0,1,1.0,0.0
7,4442,8,False,0,2025-02-27,9,0.0,0.02,0.04,3,27,0,0,1,1.0,0.0
7,4506,8,False,0,2025-02-27,2,0.0,0.04,0.07,3,27,0,0,1,1.8571428571428572,0.0
7,4531,8,False,0,2025-02-27,1,0.0,0.25,0.42,3,27,0,0,1,2.0,0.0
7,4629,8,False,0,2025-02-27,3,0.0,0.01,0.02,3,27,0,0,1,1.8571428571428572,0.0
7,4873,8,False,0,2025-02-27,0,0.0,0.01,0.02,3,27,0,0,1,2.2857142857142856,0.0
7,4991,8,False,0,2025-02-27,3,0.0,0.05,0.08,3,27,0,0,1,2.142857142857143,0.0
7,5047,8,False,0,2025-02-27,0,0.0,0.16,0.19,3,27,0,0,1,2.5714285714285716,0.0
7,5152,8,False,0,2025-02-27,1,0.0,0.02,0.04,3,27,0,0,1,2.5714285714285716,0.0
7,5155,8,False,0,2025-02-27,0,0.0,0.04,0.07,3,27,0,0,1,1.4285714285714286,0.0
7,8,9,True,0,2025-02-27,0,0.0,0.05,0.18,3,27,0,0,1,1.1428571428571428,0.0
7,11,9,True,0,2025-02-27,0,0.0,0.03,0.06,3,27,0,0,1,1.0,0.0
7,23,9,True,0,2025-02-27,0,0.0,0.03,0.06,3,27,0,0,1,0.5714285714285714,0.0
7,49,9,True,0,2025-02-27,0,0.0,0.06,0.15,3,27,0,0,1,0.5714285714285714,0.0
7,50,9,True,0,2025-02-27,0,0.0,0.02,0.1,3,27,0,0,1,0.14285714285714285,0.0
7,135,9,True,0,2025-02-27,0,0.0,0.14,0.24,3,27,0,0,1,0.14285714285714285,0.0
7,150,9,True,0,2025-02-27,0,0.0,0.04,0.05,3,27,0,0,1,0.0,0.0
7,163,9,True,0,2025-02-27,0,0.0,0.05,0.07,3,27,0,0,1,0.0,0.0
7,201,9,True,0,2025-02-27,0,0.0,0.14,0.28,3,27,0,0,1,0.0,0.0
7,244,9,True,0,2025-02-27,0,0.0,0.01,0.05,3,27,0,0,1,0.0,0.0
7,259,9,True,0,2025-02-27,0,0.0,0.06,0.14,3,27,0,0,1,0.0,0.0
7,271,9,True,0,2025-02-27,0,0.0,0.01,0.07,3,27,0,0,1,0.0,0.0
7,276,9,True,0,2025-02-27,0,0.0,0.06,0.12,3,27,0,0,1,0.0,0.0
7,280,9,True,0,2025-02-27,0,0.0,0.01,0.03,3,27,0,0,1,0.0,0.0
7,296,9,True,0,2025-02-27,0,0.0,0.25,0.32,3,27,0,0,1,0.0,0.0
7,298,9,True,0,2025-02-27,0,0.0,0.03,0.07,3,27,0,0,1,0.0,0.0
7,302,9,True,0,2025-02-27,0,0.0,0.03,0.06,3,27,0,0,1,0.0,0.0
7,308,9,True,0,2025-02-27,0,0.0,0.03,0.06,3,27,0,0,1,0.0,0.0
7,334,9,True,0,2025-02-27,0,0.0,0.01,0.07,3,27,0,0,1,0.0,0.0
7,357,9,True,0,2025-02-27,0,0.0,0.09,0.16,3,27,0,0,1,0.0,0.0
7,365,9,True,0,2025-02-27,0,0.0,0.02,0.06,3,27,0,0,1,0.0,0.0
7,374,9,True,0,2025-02-27,1,0.0,0.03,0.05,3,27,0,0,1,0.0,0.0
7,378,9,True,0,2025-02-27,0,0.0,0.03,0.07,3,27,0,0,1,0.14285714285714285,0.0
7,395,9,True,0,2025-02-27,0,0.0,0.01,0.04,3,27,0,0,1,0.14285714285714285,0.0
7,453,9,True,0,2025-02-27,0,0.0,0.01,0.05,3,27,0,0,1,0.14285714285714285,0.0
7,479,9,True,0,2025-02-27,0,0.0,0.13,0.17,3,27,0,0,1,0.14285714285714285,0.0
7,485,9,True,0,2025-02-27,0,0.0,0.05,0.12,3,27,0,0,1,0.14285714285714285,0.0
7,507,9,True,0,2025-02-27,0,0.0,0.04,0.05,3,27,0,0,1,0.14285714285714285,0.0
7,508,9,True,0,2025-02-27,0,0.0,0.02,0.07,3,27,0,0,1,0.14285714285714285,0.0
7,533,9,True,0,2025-02-27,0,0.0,0.01,0.03,3,27,0,0,1,0.0,0.0
7,558,9,True,0,2025-02-27,0,0.0,0.11,0.17,3,27,0,0,1,0.0,0.0
7,572,9,True,0,2025-02-27,0,0.0,0.06,0.08,3,27,0,0,1,0.0,0.0
7,575,9,True,0,2025-02-27,0,0.0,0.05,0.09,3,27,0,0,1,0.0,0.0
7,578,9,True,0,2025-02-27,0,0.0,0.14,0.2,3,27,0,0,1,0.0,0.0
7,608,9,True,0,2025-02-27,0,0.0,0.06,0.16,3,27,0,0,1,0.0,0.0
7,648,9,True,0,2025-02-27,0,0.0,0.07,0.15,3,27,0,0,1,0.0,0.0
7,656,9,True,0,2025-02-27,0,0.0,0.1,0.16,3,27,0,0,1,0.0,0.0
7,682,9,True,0,2025-02-27,0,0.0,0.04,0.12,3,27,0,0,1,0.0,0.0
7,730,9,True,0,2025-02-27,0,0.0,0.01,0.04,3,27,0,0,1,0.0,0.0
7,756,9,True,0,2025-02-27,0,0.0,0.1,0.2,3,27,0,0,1,0.0,0.0
7,778,9,True,0,2025-02-27,0,0.0,0.07,0.09,3,27,0,0,1,0.0,0.0
7,782,9,True,0,2025-02-27,0,0.0,0.1,0.16,3,27,0,0,1,0.0,0.0
7,786,9,True,0,2025-02-27,0,0.0,0.02,0.04,3,27,0,0,1,0.0,0.0
7,816,9,True,0,2025-02-27,0,0.0,0.01,0.03,3,27,0,0,1,0.0,0.0
7,833,9,True,0,2025-02-27,0,0.0,0.04,0.07,3,27,0,0,1,0.0,0.0
7,853,9,True,0,2025-02-27,0,0.0,0.15,0.22,3,27,0,0,1,0.0,0.0
7,865,9,True,0,2025-02-27,0,0.0,0.12,0.2,3,27,0,0,1,0.0,0.0
7,890,9,True,0,2025-02-27,0,0.0,0.01,0.05,3,27,0,0,1,0.0,0.0
7,895,9,True,0,2025-02-27,0,0.0,0.06,0.11,3,27,0,0,1,0.0,0.0
7,898,9,True,0,2025-02-27,0,0.0,0.01,0.02,3,27,0,0,1,0.0,0.0
7,915,9,True,0,2025-02-27,0,0.0,0.01,0.03,3,27,0,0,1,0.0,0.0
7,943,9,True,0,2025-02-27,0,0.0,0.04,0.12,3,27,0,0,1,0.0,0.0
7,944,9,True,0,2025-02-27,0,0.0,0.09,0.13,3,27,0,0,1,0.0,0.0
7,949,9,True,0,2025-02-27,0,0.0,0.06,0.1,3,27,0,0,1,0.0,0.0
7,956,9,True,0,2025-02-27,0,0.0,0.02,0.06,3,27,0,0,1,0.0,0.0
7,986,9,True,0,2025-02-27,0,0.0,0.01,0.03,3,27,0,0,1,0.0,0.0
7,999,9,True,0,2025-02-27,0,0.0,0.06,0.14,3,27,0,0,1,0.0,0.0
7,1001,9,True,0,2025-02-27,0,0.0,0.02,0.06,3,27,0,0,1,0.0,0.0
7,1027,9,True,0,2025-02-27,0,0.0,0.02,0.06,3,27,0,0,1,0.0,0.0
7,1048,9,True,0,2025-02-27,0,0.0,0.08,0.4,3,27,0,0,1,0.0,0.0
7,1054,9,True,0,2025-02-27,0,0.0,0.01,0.02,3,27,0,0,1,0.0,0.0
7,1139,9,True,0,2025-02-27,0,0.0,0.03,0.06,3,27,0,0,1,0.0,0.0
7,1140,9,True,0,2025-02-27,0,0.0,0.01,0.05,3,27,0,0,1,0.0,0.0
7,1152,9,True,0,2025-02-27,0,0.0,0.0,0.04,3,27,0,0,1,0.0,0.0
7,1166,9,True,0,2025-02-27,0,0.0,0.04,0.1,3,27,0,0,1,0.0,0.0
7,1171,9,True,0,2025-02-27,0,0.0,0.41,0.51,3,27,0,0,1,0.0,0.0
7,1222,9,True,0,2025-02-27,0,0.0,0.05,0.19,3,27,0,0,1,0.0,0.0
7,1252,9,True,0,2025-02-27,0,0.0,0.06,0.23,3,27,0,0,1,0.0,0.0
7,1331,9,True,0,2025-02-27,0,0.0,0.11,0.63,3,27,0,0,1,0.0,0.0
7,1355,9,True,0,2025-02-27,0,0.0,0.02,0.04,3,27,0,0,1,0.0,0.0
7,1366,9,True,0,2025-02-27,0,0.0,0.62,0.84,3,27,0,0,1,0.0,0.0
7,1389,9,True,0,2025-02-27,0,0.0,0.1,0.24,3,27,0,0,1,0.0,0.0
7,1401,9,True,0,2025-02-27,0,0.0,0.03,0.07,3,27,0,0,1,0.0,0.0
7,1435,9,True,0,2025-02-27,0,0.0,0.03,0.03,3,27,0,0,1,0.0,0.0
7,1442,9,True,0,2025-02-27,0,0.0,0.03,0.06,3,27,0,0,1,0.0,0.0
7,1449,9,True,0,2025-02-27,0,0.0,0.01,0.06,3,27,0,0,1,0.0,0.0
7,1474,9,True,0,2025-02-27,0,0.0,0.06,0.11,3,27,0,0,1,0.0,0.0
7,1489,9,True,0,2025-02-27,0,0.0,0.02,0.06,3,27,0,0,1,0.0,0.0
7,1492,9,True,0,2025-02-27,0,0.0,0.11,0.16,3,27,0,0,1,0.0,0.0
7,1530,9,True,0,2025-02-27,0,0.0,0.09,0.11,3,27,0,0,1,0.0,0.0
7,1572,9,True,0,2025-02-27,0,0.0,0.04,0.1,3,27,0,0,1,0.0,0.0
7,1583,9,True,0,2025-02-27,0,0.0,0.03,0.08,3,27,0,0,1,0.0,0.0
7,1595,9,True,0,2025-02-27,0,0.0,0.02,0.05,3,27,0,0,1,0.0,0.0
7,1636,9,True,0,2025-02-27,0,0.0,0.02,0.09,3,27,0,0,1,0.0,0.0
7,1643,9,True,0,2025-02-27,0,0.0,0.07,0.11,3,27,0,0,1,0.0,0.0
7,1671,9,True,0,2025-02-27,0,0.0,0.01,0.09,3,27,0,0,1,0.0,0.0
7,1687,9,True,0,2025-02-27,0,0.0,0.06,0.1,3,27,0,0,1,0.0,0.0
7,1719,9,True,0,2025-02-27,1,0.0,0.06,0.1,3,27,0,0,1,0.0,0.0
7,1758,9,True,0,2025-02-27,0,0.0,0.05,0.09,3,27,0,0,1,0.14285714285714285,0.0
7,1810,9,True,0,2025-02-27,0,0.0,0.02,0.07,3,27,0,0,1,0.14285714285714285,0.0
7,1837,9,True,0,2025-02-27,0,0.0,0.04,0.06,3,27,0,0,1,0.14285714285714285,0.0
7,1857,9,True,0,2025-02-27,0,0.0,0.04,0.07,3,27,0,0,1,0.14285714285714285,0.0
7,1883,9,True,0,2025-02-27,4,0.0,0.06,0.11,3,27,0,0,1,0.14285714285714285,0.0
7,1889,9,True,0,2025-02-27,0,0.0,0.02,0.06,3,27,0,0,1,0.7142857142857143,0.0
7,1920,9,True,0,2025-02-27,0,0.0,0.13,0.15,3,27,0,0,1,0.7142857142857143,0.0
7,2012,9,True,0,2025-02-27,0,0.0,0.02,0.12,3,27,0,0,1,0.5714285714285714,0.0
7,2060,9,True,0,2025-02-27,0,0.0,0.13,0.2,3,27,0,0,1,0.5714285714285714,0.0
7,2065,9,True,0,2025-02-27,0,0.0,0.01,0.03,3,27,0,0,1,0.5714285714285714,0.0
7,2074,9,True,0,2025-02-27,0,0.0,0.07,0.22,3,27,0,0,1,0.5714285714285714,0.0
7,2139,9,True,0,2025-02-27,0,0.0,0.02,0.1,3,27,0,0,1,0.5714285714285714,0.0
7,2164,9,True,0,2025-02-27,0,1.0,0.01,0.05,3,27,0,0,1,0.0,0.0
7,2195,9,True,0,2025-02-27,0,0.0,0.01,0.02,3,27,0,0,1,0.0,0.0
7,2207,9,True,0,2025-02-27,0,0.0,0.07,0.12,3,27,0,0,1,0.0,0.0
7,2221,9,True,0,2025-02-27,0,0.0,0.01,0.05,3,27,0,0,1,0.0,0.0
7,2231,9,True,0,2025-02-27,0,0.0,0.03,0.09,3,27,0,0,1,0.0,0.0
7,2235,9,True,0,2025-02-27,0,0.0,0.06,0.07,3,27,0,0,1,0.0,0.0
7,2248,9,True,0,2025-02-27,0,0.0,0.07,0.28,3,27,0,0,1,0.0,0.0
7,2319,9,True,0,2025-02-27,0,0.0,0.18,0.54,3,27,0,0,1,0.0,0.0
7,2327,9,True,0,2025-02-27,0,0.0,0.02,0.07,3,27,0,0,1,0.0,0.0
7,2328,9,True,0,2025-02-27,0,0.0,0.18,0.25,3,27,0,0,1,0.0,0.0
7,2339,9,True,0,2025-02-27,0,0.0,0.03,0.14,3,27,0,0,1,0.0,0.0
7,2365,9,True,0,2025-02-27,0,1.0,0.0,0.01,3,27,0,0,1,0.0,0.0
7,2425,9,True,0,2025-02-27,0,0.0,0.05,0.14,3,27,0,0,1,0.0,0.0
7,2428,9,True,0,2025-02-27,0,0.0,0.31,0.42,3,27,0,0,1,0.0,0.0
7,2430,9,True,0,2025-02-27,0,0.0,0.01,0.04,3,27,0,0,1,0.0,0.0
7,2437,9,True,0,2025-02-27,0,0.0,0.03,0.07,3,27,0,0,1,0.0,0.0
7,2476,9,True,0,2025-02-27,0,0.0,0.04,0.33,3,27,0,0,1,0.0,0.0
7,2509,9,True,0,2025-02-27,0,0.0,0.07,0.15,3,27,0,0,1,0.0,0.0
7,2535,9,True,0,2025-02-27,0,0.0,0.07,0.09,3,27,0,0,1,0.0,0.0
7,2561,9,True,0,2025-02-27,0,0.0,0.06,0.1,3,27,0,0,1,0.0,0.0
7,2562,9,True,0,2025-02-27,0,0.0,0.04,0.09,3,27,0,0,1,0.0,0.0
7,2570,9,True,0,2025-02-27,1,0.0,0.02,0.02,3,27,0,0,1,0.0,0.0
7,2579,9,True,0,2025-02-27,0,0.0,0.1,0.18,3,27,0,0,1,0.14285714285714285,0.0
7,2599,9,True,0,2025-02-27,0,0.0,0.14,0.2,3,27,0,0,1,0.14285714285714285,0.0
7,2656,9,True,0,2025-02-27,0,0.0,0.05,0.5,3,27,0,0,1,0.14285714285714285,0.0
7,2666,9,True,0,2025-02-27,0,0.0,0.07,0.15,3,27,0,0,1,0.14285714285714285,0.0
7,2696,9,True,0,2025-02-27,0,0.0,0.02,0.03,3,27,0,0,1,0.14285714285714285,0.0
7,2703,9,True,0,2025-02-27,0,0.0,0.03,0.06,3,27,0,0,1,0.14285714285714285,0.0
7,2713,9,True,0,2025-02-27,0,0.0,0.02,0.03,3,27,0,0,1,0.14285714285714285,0.0
7,2728,9,True,0,2025-02-27,0,0.0,0.1,0.11,3,27,0,0,1,0.0,0.0
7,2733,9,True,0,2025-02-27,0,0.0,0.06,0.09,3,27,0,0,1,0.0,0.0
7,2762,9,True,0,2025-02-27,0,0.0,0.02,0.04,3,27,0,0,1,0.0,0.0
7,2766,9,True,0,2025-02-27,0,0.0,0.13,0.29,3,27,0,0,1,0.0,0.0
7,2777,9,True,0,2025-02-27,0,0.0,0.03,0.07,3,27,0,0,1,0.0,0.0
7,2779,9,True,0,2025-02-27,0,0.0,0.03,0.05,3,27,0,0,1,0.0,0.0
7,2787,9,True,0,2025-02-27,0,0.0,0.02,0.07,3,27,0,0,1,0.0,0.0
7,2790,9,True,0,2025-02-27,0,0.0,0.02,0.07,3,27,0,0,1,0.0,0.0
7,2793,9,True,0,2025-02-27,0,0.0,0.07,0.17,3,27,0,0,1,0.0,0.0
7,2794,9,True,0,2025-02-27,0,0.0,0.02,0.05,3,27,0,0,1,0.0,0.0
7,2802,9,True,0,2025-02-27,0,0.0,0.01,0.04,3,27,0,0,1,0.0,0.0
7,2810,9,True,0,2025-02-27,0,0.0,0.04,0.09,3,27,0,0,1,0.0,0.0
7,2819,9,True,0,2025-02-27,0,0.0,0.16,0.22,3,27,0,0,1,0.0,0.0
7,2837,9,True,0,2025-02-27,0,0.0,0.15,0.19,3,27,0,0,1,0.0,0.0
7,2863,9,True,0,2025-02-27,0,0.0,0.14,0.22,3,27,0,0,1,0.0,0.0
7,2865,9,True,0,2025-02-27,0,0.0,0.07,0.14,3,27,0,0,1,0.0,0.0
7,2879,9,True,0,2025-02-27,0,0.0,0.02,0.04,3,27,0,0,1,0.0,0.0
7,2900,9,True,0,2025-02-27,0,0.0,0.03,0.09,3,27,0,0,1,0.0,0.0
7,2965,9,True,0,2025-02-27,0,0.0,0.04,0.04,3,27,0,0,1,0.0,0.0
7,2993,9,True,0,2025-02-27,0,0.0,0.08,0.17,3,27,0,0,1,0.0,0.0
7,3005,9,True,0,2025-02-27,0,0.0,0.1,0.12,3,27,0,0,1,0.0,0.0
7,3075,9,True,0,2025-02-27,1,0.0,0.19,0.43,3,27,0,0,1,0.0,0.0
7,3080,9,True,0,2025-02-27,0,0.0,0.22,0.5,3,27,0,0,1,0.14285714285714285,0.0
7,3081,9,True,0,2025-02-27,0,0.0,0.08,0.14,3,27,0,0,1,0.14285714285714285,0.0
7,3109,9,True,0,2025-02-27,0,0.0,0.03,0.08,3,27,0,0,1,0.14285714285714285,0.0
7,3138,9,True,0,2025-02-27,0,0.0,0.18,0.28,3,27,0,0,1,0.14285714285714285,0.0
7,3141,9,True,0,2025-02-27,0,0.0,0.06,0.17,3,27,0,0,1,0.14285714285714285,0.0
7,3150,9,True,0,2025-02-27,0,0.0,0.0,0.01,3,27,0,0,1,0.14285714285714285,0.0
7,3171,9,True,0,2025-02-27,0,0.0,0.03,0.06,3,27,0,0,1,0.14285714285714285,0.0
7,3182,9,True,0,2025-02-27,0,0.0,0.02,0.08,3,27,0,0,1,0.0,0.0
7,3231,9,True,0,2025-02-27,0,0.0,0.08,0.17,3,27,0,0,1,0.0,0.0
7,3243,9,True,0,2025-02-27,0,0.0,0.02,0.06,3,27,0,0,1,0.0,0.0
7,3252,9,True,0,2025-02-27,0,0.0,0.02,0.09,3,27,0,0,1,0.0,0.0
7,3270,9,True,0,2025-02-27,0,0.0,0.12,0.18,3,27,0,0,1,0.0,0.0
7,3297,9,True,0,2025-02-27,0,0.0,0.13,0.22,3,27,0,0,1,0.0,0.0
7,3301,9,True,0,2025-02-27,0,0.0,0.09,0.17,3,27,0,0,1,0.0,0.0
7,3306,9,True,0,2025-02-27,0,0.0,0.13,0.19,3,27,0,0,1,0.0,0.0
7,3316,9,True,0,2025-02-27,0,0.0,0.01,0.04,3,27,0,0,1,0.0,0.0
7,3321,9,True,0,2025-02-27,0,0.0,0.02,0.08,3,27,0,0,1,0.0,0.0
7,3357,9,True,0,2025-02-27,0,0.0,0.25,0.5,3,27,0,0,1,0.0,0.0
7,3362,9,True,0,2025-02-27,0,0.0,0.02,0.05,3,27,0,0,1,0.0,0.0
7,3371,9,True,0,2025-02-27,0,0.0,0.05,0.26,3,27,0,0,1,0.0,0.0
7,3375,9,True,0,2025-02-27,0,0.0,0.1,0.31,3,27,0,0,1,0.0,0.0
7,3378,9,True,0,2025-02-27,0,0.0,0.09,0.15,3,27,0,0,1,0.0,0.0
7,3390,9,True,0,2025-02-27,0,0.0,0.04,0.08,3,27,0,0,1,0.0,0.0
7,3391,9,True,0,2025-02-27,0,0.0,0.1,0.15,3,27,0,0,1,0.0,0.0
7,3410,9,True,0,2025-02-27,0,0.0,0.06,0.08,3,27,0,0,1,0.0,0.0
7,3418,9,True,0,2025-02-27,0,0.0,0.11,0.2,3,27,0,0,1,0.0,0.0
7,3429,9,True,0,2025-02-27,0,0.0,0.09,0.13,3,27,0,0,1,0.0,0.0
7,3432,9,True,0,2025-02-27,0,0.0,0.01,0.05,3,27,0,0,1,0.0,0.0
7,3461,9,True,0,2025-02-27,0,0.0,0.01,0.05,3,27,0,0,1,0.0,0.0
7,3478,9,True,0,2025-02-27,2,0.0,0.03,0.05,3,27,0,0,1,0.0,0.0
7,3483,9,True,0,2025-02-27,0,0.0,0.07,0.15,3,27,0,0,1,0.2857142857142857,0.0
7,3487,9,True,0,2025-02-27,0,0.0,0.08,0.11,3,27,0,0,1,0.2857142857142857,0.0
7,3510,9,True,0,2025-02-27,0,0.0,0.08,0.14,3,27,0,0,1,0.2857142857142857,0.0
7,3513,9,True,0,2025-02-27,0,0.0,0.05,0.09,3,27,0,0,1,0.2857142857142857,0.0
7,3515,9,True,0,2025-02-27,0,0.0,0.01,0.02,3,27,0,0,1,0.2857142857142857,0.0
7,3541,9,True,0,2025-02-27,0,0.0,0.01,0.04,3,27,0,0,1,0.2857142857142857,0.0
7,3544,9,True,0,2025-02-27,1,0.0,0.1,0.15,3,27,0,0,1,0.2857142857142857,0.0
7,3600,9,True,0,2025-02-27,0,0.0,0.15,0.19,3,27,0,0,1,0.14285714285714285,0.0
7,3665,9,True,0,2025-02-27,0,0.0,0.02,0.03,3,27,0,0,1,0.14285714285714285,0.0
7,3674,9,True,0,2025-02-27,0,0.0,0.02,0.07,3,27,0,0,1,0.14285714285714285,0.0
7,3677,9,True,0,2025-02-27,0,0.0,0.05,0.08,3,27,0,0,1,0.14285714285714285,0.0
7,3709,9,True,0,2025-02-27,0,0.0,0.05,0.1,3,27,0,0,1,0.14285714285714285,0.0
7,3739,9,True,0,2025-02-27,0,0.0,0.02,0.02,3,27,0,0,1,0.14285714285714285,0.0
7,3747,9,True,0,2025-02-27,1,0.0,0.05,0.07,3,27,0,0,1,0.14285714285714285,0.0
7,3762,9,True,0,2025-02-27,0,2.0,0.02,0.09,3,27,0,0,1,0.14285714285714285,0.0
7,3771,9,True,0,2025-02-27,0,0.0,0.08,0.12,3,27,0,0,1,0.14285714285714285,0.0
7,3775,9,True,0,2025-02-27,0,0.0,0.07,0.23,3,27,0,0,1,0.14285714285714285,0.0
7,3787,9,True,0,2025-02-27,0,0.0,0.18,0.22,3,27,0,0,1,0.14285714285714285,0.0
7,3809,9,True,0,2025-02-27,0,0.0,0.02,0.09,3,27,0,0,1,0.14285714285714285,0.0
7,3810,9,True,0,2025-02-27,3,0.0,0.3,0.55,3,27,0,0,1,0.14285714285714285,0.0
7,3817,9,True,0,2025-02-27,0,0.0,0.01,0.06,3,27,0,0,1,0.5714285714285714,0.0
7,3849,9,True,0,2025-02-27,0,0.0,0.05,0.12,3,27,0,0,1,0.42857142857142855,0.0
7,3854,9,True,0,2025-02-27,1,0.0,0.06,0.38,3,27,0,0,1,0.42857142857142855,0.0
7,3859,9,True,0,2025-02-27,0,0.0,0.02,0.06,3,27,0,0,1,0.5714285714285714,0.0
7,3860,9,True,0,2025-02-27,0,0.0,0.02,0.09,3,27,0,0,1,0.5714285714285714,0.0
7,3871,9,True,0,2025-02-27,0,0.0,0.02,0.07,3,27,0,0,1,0.5714285714285714,0.0
7,3920,9,True,0,2025-02-27,0,0.0,0.06,0.13,3,27,0,0,1,0.5714285714285714,0.0
7,3933,9,True,0,2025-02-27,0,0.0,0.12,0.2,3,27,0,0,1,0.14285714285714285,0.0
7,3973,9,True,0,2025-02-27,0,0.0,0.02,0.04,3,27,0,0,1,0.14285714285714285,0.0
7,3981,9,True,0,2025-02-27,0,0.0,0.01,0.04,3,27,0,0,1,0.14285714285714285,0.0
7,3989,9,True,0,2025-02-27,0,0.0,0.15,0.35,3,27,0,0,1,0.0,0.0
7,4022,9,True,0,2025-02-27,0,0.0,0.08,0.09,3,27,0,0,1,0.0,0.0
7,4039,9,True,0,2025-02-27,0,0.0,0.05,0.12,3,27,0,0,1,0.0,0.0
7,4051,9,True,0,2025-02-27,0,0.0,0.02,0.09,3,27,0,0,1,0.0,0.0
7,4091,9,True,0,2025-02-27,0,0.0,0.04,0.17,3,27,0,0,1,0.0,0.0
7,4131,9,True,0,2025-02-27,0,0.0,0.02,0.08,3,27,0,0,1,0.0,0.0
7,4146,9,True,0,2025-02-27,0,0.0,0.09,0.23,3,27,0,0,1,0.0,0.0
7,4164,9,True,0,2025-02-27,0,0.0,0.02,0.04,3,27,0,0,1,0.0,0.0
7,4168,9,True,0,2025-02-27,0,0.0,0.06,0.12,3,27,0,0,1,0.0,0.0
7,4222,9,True,0,2025-02-27,0,0.0,0.04,0.1,3,27,0,0,1,0.0,0.0
7,4263,9,True,0,2025-02-27,0,0.0,0.01,0.02,3,27,0,0,1,0.0,0.0
7,4271,9,True,0,2025-02-27,0,0.0,0.02,0.06,3,27,0,0,1,0.0,0.0
7,4274,9,True,0,2025-02-27,0,0.0,0.04,0.07,3,27,0,0,1,0.0,0.0
7,4280,9,True,0,2025-02-27,0,0.0,0.05,0.08,3,27,0,0,1,0.0,0.0
7,4337,9,True,0,2025-02-27,0,0.0,0.04,0.05,3,27,0,0,1,0.0,0.0
7,4375,9,True,0,2025-02-27,0,0.0,0.01,0.01,3,27,0,0,1,0.0,0.0
7,4394,9,True,0,2025-02-27,0,0.0,0.02,0.04,3,27,0,0,1,0.0,0.0
7,4419,9,True,0,2025-02-27,0,0.0,0.06,0.09,3,27,0,0,1,0.0,0.0
7,4462,9,True,0,2025-02-27,0,0.0,0.13,0.17,3,27,0,0,1,0.0,0.0
7,4482,9,True,0,2025-02-27,0,0.0,0.04,0.13,3,27,0,0,1,0.0,0.0
7,4483,9,True,0,2025-02-27,0,0.0,0.05,0.06,3,27,0,0,1,0.0,0.0
7,4495,9,True,0,2025-02-27,0,0.0,0.01,0.05,3,27,0,0,1,0.0,0.0
7,4512,9,True,0,2025-02-27,0,0.0,0.04,0.09,3,27,0,0,1,0.0,0.0
7,4547,9,True,0,2025-02-27,6,0.0,0.01,0.05,3,27,0,0,1,0.0,0.0
7,4552,9,True,0,2025-02-27,0,0.0,0.07,0.14,3,27,0,0,1,0.8571428571428571,0.0
7,4578,9,True,0,2025-02-27,0,0.0,0.04,0.07,3,27,0,0,1,0.8571428571428571,0.0
7,4588,9,True,0,2025-02-27,0,0.0,0.02,0.06,3,27,0,0,1,0.8571428571428571,0.0
7,4603,9,True,0,2025-02-27,0,0.0,0.02,0.07,3,27,0,0,1,0.8571428571428571,0.0
7,4611,9,True,0,2025-02-27,0,0.0,0.01,0.03,3,27,0,0,1,0.8571428571428571,0.0
7,4619,9,True,0,2025-02-27,0,0.0,0.05,0.1,3,27,0,0,1,0.8571428571428571,0.0
7,4680,9,True,0,2025-02-27,0,0.0,0.01,0.05,3,27,0,0,1,0.8571428571428571,0.0
7,4694,9,True,0,2025-02-27,0,0.0,0.02,0.08,3,27,0,0,1,0.0,0.0
7,4708,9,True,0,2025-02-27,0,0.0,0.04,0.1,3,27,0,0,1,0.0,0.0
7,4720,9,True,0,2025-02-27,0,0.0,0.03,0.04,3,27,0,0,1,0.0,0.0
7,4738,9,True,0,2025-02-27,0,0.0,0.06,0.23,3,27,0,0,1,0.0,0.0
7,4746,9,True,0,2025-02-27,0,0.0,0.19,0.22,3,27,0,0,1,0.0,0.0
7,4752,9,True,0,2025-02-27,0,0.0,0.03,0.11,3,27,0,0,1,0.0,0.0
7,4762,9,True,0,2025-02-27,0,0.0,0.02,0.08,3,27,0,0,1,0.0,0.0
7,4776,9,True,0,2025-02-27,0,0.0,0.02,0.05,3,27,0,0,1,0.0,0.0
7,4777,9,True,0,2025-02-27,0,0.0,0.02,0.03,3,27,0,0,1,0.0,0.0
7,4796,9,True,0,2025-02-27,0,0.0,0.02,0.07,3,27,0,0,1,0.0,0.0
7,4797,9,True,0,2025-02-27,0,0.0,0.01,0.02,3,27,0,0,1,0.0,0.0
7,4814,9,True,0,2025-02-27,0,0.0,0.01,0.09,3,27,0,0,1,0.0,0.0
7,4828,9,True,0,2025-02-27,0,0.0,0.1,0.15,3,27,0,0,1,0.0,0.0
7,4831,9,True,0,2025-02-27,0,0.0,0.07,0.13,3,27,0,0,1,0.0,0.0
7,4916,9,True,0,2025-02-27,0,0.0,0.02,0.09,3,27,0,0,1,0.0,0.0
7,4940,9,True,0,2025-02-27,0,0.0,0.01,0.06,3,27,0,0,1,0.0,0.0
7,4949,9,True,0,2025-02-27,0,0.0,0.01,0.05,3,27,0,0,1,0.0,0.0
7,4982,9,True,0,2025-02-27,0,0.0,0.02,0.07,3,27,0,0,1,0.0,0.0
7,4993,9,True,0,2025-02-27,0,0.0,0.02,0.04,3,27,0,0,1,0.0,0.0
7,4995,9,True,0,2025-02-27,0,0.0,0.05,0.07,3,27,0,0,1,0.0,0.0
7,5007,9,True,0,2025-02-27,0,0.0,0.01,0.02,3,27,0,0,1,0.0,0.0
7,5010,9,True,0,2025-02-27,0,0.0,0.33,0.37,3,27,0,0,1,0.0,0.0
7,5037,9,True,0,2025-02-27,0,0.0,0.01,0.03,3,27,0,0,1,0.0,0.0
7,5065,9,True,0,2025-02-27,0,0.0,0.17,0.53,3,27,0,0,1,0.0,0.0
7,5066,9,True,0,2025-02-27,0,0.0,0.07,0.16,3,27,0,0,1,0.0,0.0
7,5081,9,True,0,2025-02-27,0,0.0,0.0,0.01,3,27,0,0,1,0.0,0.0
7,5104,9,True,0,2025-02-27,0,0.0,0.17,0.2,3,27,0,0,1,0.0,0.0
7,5157,9,True,0,2025-02-27,0,0.0,0.18,0.21,3,27,0,0,1,0.0,0.0
7,5164,9,True,0,2025-02-27,0,0.0,0.02,0.04,3,27,0,0,1,0.0,0.0
7,5215,9,True,0,2025-02-27,0,0.0,0.04,0.09,3,27,0,0,1,0.0,0.0
7,5222,9,True,0,2025-02-27,0,0.0,0.11,0.2,3,27,0,0,1,0.0,0.0
7,5224,9,True,0,2025-02-27,0,0.0,0.04,0.05,3,27,0,0,1,0.0,0.0
7,5245,9,True,0,2025-02-27,0,0.0,0.05,0.05,3,27,0,0,1,0.0,0.0
7,5254,9,True,0,2025-02-27,0,0.0,0.01,0.04,3,27,0,0,1,0.0,0.0
7,5277,9,True,0,2025-02-27,0,0.0,0.19,0.39,3,27,0,0,1,0.0,0.0
7,5279,9,True,0,2025-02-27,0,0.0,0.01,0.03,3,27,0,0,1,0.0,0.0
7,770,10,False,0,2025-02-27,3,0.0,0.02,0.03,3,27,0,0,1,0.0,0.0
7,2006,10,False,0,2025-02-27,50,0.0,0.0,0.0,3,27,0,0,1,0.42857142857142855,0.0
7,2223,10,False,0,2025-02-27,0,0.0,0.03,0.04,3,27,0,0,1,7.571428571428571,0.0
7,2582,10,False,0,2025-02-27,29,0.0,0.03,0.05,3,27,0,0,1,7.571428571428571,0.0
7,3368,10,False,0,2025-02-27,0,0.0,0.03,0.04,3,27,0,0,1,11.714285714285714,0.0
7,3451,10,False,0,2025-02-27,56,0.0,0.01,0.01,3,27,0,0,1,11.714285714285714,3.3831215324548176
7,3825,10,False,0,2025-02-27,9,0.0,0.02,0.04,3,27,0,0,1,19.714285714285715,0.0
7,4021,10,False,0,2025-02-27,5,0.0,0.02,0.06,3,27,0,0,1,21.0,0.0
7,4072,10,False,0,2025-02-27,0,0.0,0.0,0.0,3,27,0,0,1,21.285714285714285,0.0
7,37,11,False,0,2025-02-27,0,0.0,0.14,0.17,3,27,0,0,1,14.142857142857142,0.0
7,256,11,False,0,2025-02-27,3,0.0,0.3,0.36,3,27,0,0,1,14.142857142857142,0.0
7,402,11,False,0,2025-02-27,2,0.0,0.09,0.1,3,27,0,0,1,10.428571428571429,0.0
7,456,11,False,0,2025-02-27,2,1.0,0.1,0.12,3,27,0,0,1,10.714285714285714,0.0
7,458,11,False,0,2025-02-27,3,0.0,0.15,0.16,3,27,0,0,1,3.0,0.0
7,1064,11,False,0,2025-02-27,2,0.0,0.18,0.21,3,27,0,0,1,2.142857142857143,0.0
7,1086,11,False,0,2025-02-27,3,0.0,0.07,0.08,3,27,0,0,1,1.7142857142857142,0.0
7,1465,11,False,0,2025-02-27,2,0.0,0.15,0.15,3,27,0,0,1,2.142857142857143,0.0
7,1592,11,False,0,2025-02-27,3,0.0,0.3,0.36,3,27,0,0,1,2.4285714285714284,0.0
7,1802,11,False,0,2025-02-27,4,0.0,0.1,0.11,3,27,0,0,1,2.4285714285714284,0.0
7,1816,11,False,0,2025-02-27,2,0.0,0.06,0.07,3,27,0,0,1,2.7142857142857144,0.0
7,1859,11,False,0,2025-02-27,2,0.0,0.1,0.13,3,27,0,0,1,2.7142857142857144,0.0
7,1961,11,False,0,2025-02-27,3,0.0,0.1,0.12,3,27,0,0,1,2.5714285714285716,0.0
7,2662,11,False,0,2025-02-27,0,0.0,0.2,0.23,3,27,0,0,1,2.7142857142857144,0.0
7,2906,11,False,0,2025-02-27,4,0.0,0.14,0.17,3,27,0,0,1,2.2857142857142856,0.0
7,3213,11,False,0,2025-02-27,3,0.0,0.06,0.07,3,27,0,0,1,2.5714285714285716,0.0
7,3268,11,False,0,2025-02-27,0,0.0,0.19,0.29,3,27,0,0,1,2.5714285714285716,0.0
7,4505,11,False,0,2025-02-27,3,0.0,0.06,0.06,3,27,0,0,1,2.0,0.0
7,4665,11,False,0,2025-02-27,3,0.0,0.06,0.07,3,27,0,0,1,2.142857142857143,0.0
7,5084,11,False,0,2025-02-27,3,0.0,0.14,0.18,3,27,0,0,1,2.2857142857142856,0.0
7,134,1,False,0,2025-02-25,3,0.0,0.16,0.21,1,25,0,0,1,2.2857142857142856,0.0
7,140,1,False,0,2025-02-25,2,0.0,0.18,0.23,1,25,0,0,1,2.7142857142857144,0.0
7,233,1,False,0,2025-02-25,2,0.0,0.24,0.29,1,25,0,0,1,2.4285714285714284,0.0
7,277,1,False,0,2025-02-25,2,0.0,0.3,0.31,1,25,0,0,1,2.2857142857142856,0.0
7,288,1,False,0,2025-02-25,4,0.0,0.01,0.03,1,25,0,0,1,2.5714285714285716,0.0
7,383,1,False,0,2025-02-25,0,0.0,0.01,0.01,1,25,0,0,1,2.7142857142857144,0.0
7,423,1,False,0,2025-02-25,2,0.0,0.01,0.01,1,25,0,0,1,2.2857142857142856,0.0
7,491,1,False,0,2025-02-25,4,0.0,0.12,0.16,1,25,0,0,1,2.142857142857143,0.0
7,532,1,False,0,2025-02-25,2,0.0,0.17,0.2,1,25,0,0,1,2.2857142857142856,0.0
7,649,1,False,0,2025-02-25,3,0.0,0.32,0.4,1,25,0,0,1,2.2857142857142856,0.0
7,695,1,False,0,2025-02-25,0,0.0,0.14,0.15,1,25,0,0,1,2.4285714285714284,0.0
7,1376,1,False,0,2025-02-25,2,0.0,0.16,0.19,1,25,0,0,1,2.142857142857143,0.0
7,1568,1,False,0,2025-02-25,2,0.0,0.14,0.19,1,25,0,0,1,1.8571428571428572,0.0
7,1627,1,False,0,2025-02-25,2,0.0,0.13,0.2,1,25,0,0,1,2.142857142857143,0.0
7,2070,1,False,0,2025-02-25,0,0.0,0.25,0.27,1,25,0,0,1,2.142857142857143,0.0
7,2549,1,False,0,2025-02-25,3,0.0,0.22,0.28,1,25,0,0,1,1.5714285714285714,0.0
7,2611,1,False,0,2025-02-25,4,0.0,0.12,0.16,1,25,0,0,1,1.7142857142857142,0.0
7,2665,1,False,0,2025-02-25,2,0.0,0.32,0.39,1,25,0,0,1,1.8571428571428572,0.0
7,2808,1,False,0,2025-02-25,1,0.0,0.1,0.12,1,25,0,0,1,2.142857142857143,0.0
7,3006,1,False,0,2025-02-25,1,0.0,0.14,0.17,1,25,0,0,1,2.0,0.0
7,3163,1,False,0,2025-02-25,1,0.0,0.04,0.05,1,25,0,0,1,1.8571428571428572,0.0
7,3643,1,False,0,2025-02-25,1,0.0,0.12,0.15,1,25,0,0,1,1.7142857142857142,0.0
7,3718,1,False,0,2025-02-25,2,0.0,0.18,0.22,1,25,0,0,1,1.8571428571428572,0.0
7,3983,1,False,0,2025-02-25,2,0.0,0.16,0.2,1,25,0,0,1,1.7142857142857142,0.0
7,4535,1,False,0,2025-02-25,3,0.0,0.44,0.53,1,25,0,0,1,1.4285714285714286,0.0
7,4601,1,False,0,2025-02-25,4,0.0,0.01,0.03,1,25,0,0,1,1.5714285714285714,0.0
7,4606,1,False,0,2025-02-25,2,0.0,0.13,0.17,1,25,0,0,1,2.0,0.0
7,4651,1,False,0,2025-02-25,0,0.0,0.12,0.14,1,25,0,0,1,2.142857142857143,0.0
7,4920,1,False,0,2025-02-25,1,0.0,0.17,0.2,1,25,0,0,1,2.0,0.0
7,208,2,False,0,2025-02-25,5,0.0,0.07,0.13,1,25,0,0,1,2.0,0.0
7,2165,2,False,0,2025-02-25,16,0.0,0.02,0.24,1,25,0,0,1,2.4285714285714284,0.0
7,2251,2,False,0,2025-02-25,0,0.0,0.17,0.37,1,25,0,0,1,4.428571428571429,0.0
7,28,3,True,0,2025-02-25,0,0.0,0.24,0.32,1,25,0,0,1,4.0,0.0
7,35,3,True,0,2025-02-25,2,0.0,0.11,0.14,1,25,0,0,1,3.4285714285714284,0.0
7,46,3,True,0,2025-02-25,0,0.0,0.25,0.34,1,25,0,0,1,3.4285714285714284,0.0
7,78,3,True,0,2025-02-25,0,0.0,0.11,0.12,1,25,0,0,1,3.4285714285714284,0.0
7,79,3,True,0,2025-02-25,0,0.0,0.24,0.31,1,25,0,0,1,3.2857142857142856,0.0
7,84,3,True,0,2025-02-25,0,0.0,0.22,0.29,1,25,0,0,1,2.5714285714285716,0.0
7,92,3,True,0,2025-02-25,0,0.0,0.11,0.29,1,25,0,0,1,0.2857142857142857,0.0
7,93,3,True,0,2025-02-25,0,0.0,0.15,0.22,1,25,0,0,1,0.2857142857142857,0.0
7,97,3,True,0,2025-02-25,0,0.0,0.16,0.22,1,25,0,0,1,0.2857142857142857,0.0
7,101,3,True,0,2025-02-25,0,0.0,0.25,0.35,1,25,0,0,1,0.0,0.0
7,105,3,True,0,2025-02-25,0,0.0,0.31,0.4,1,25,0,0,1,0.0,0.0
7,108,3,True,0,2025-02-25,1,0.0,0.53,0.68,1,25,0,0,1,0.0,0.0
7,117,3,True,0,2025-02-25,0,0.0,0.12,0.15,1,25,0,0,1,0.14285714285714285,0.0
7,127,3,True,0,2025-02-25,0,0.0,0.18,0.22,1,25,0,0,1,0.14285714285714285,0.0
7,133,3,True,0,2025-02-25,0,0.0,0.18,0.2,1,25,0,0,1,0.14285714285714285,0.0
7,143,3,True,0,2025-02-25,0,0.0,0.19,0.24,1,25,0,0,1,0.14285714285714285,0.0
7,153,3,True,0,2025-02-25,0,0.0,0.25,0.35,1,25,0,0,1,0.14285714285714285,0.0
7,181,3,True,0,2025-02-25,0,0.0,0.16,0.22,1,25,0,0,1,0.14285714285714285,0.0
7,183,3,True,0,2025-02-25,0,0.0,0.22,0.26,1,25,0,0,1,0.14285714285714285,0.0
7,186,3,True,0,2025-02-25,0,0.0,0.24,0.29,1,25,0,0,1,0.0,0.0
7,195,3,True,0,2025-02-25,1,0.0,0.05,0.09,1,25,0,0,1,0.0,0.0
7,197,3,True,0,2025-02-25,0,0.0,0.08,0.1,1,25,0,0,1,0.14285714285714285,0.0
7,204,3,True,0,2025-02-25,2,0.0,0.47,0.54,1,25,0,0,1,0.14285714285714285,0.0
7,214,3,True,0,2025-02-25,0,0.0,0.24,0.37,1,25,0,0,1,0.42857142857142855,0.0
7,219,3,True,0,2025-02-25,2,0.0,0.08,0.13,1,25,0,0,1,0.42857142857142855,0.0
7,220,3,True,0,2025-02-25,4,0.0,0.09,0.12,1,25,0,0,1,0.7142857142857143,0.0
7,223,3,True,0,2025-02-25,0,0.0,0.01,0.01,1,25,0,0,1,1.2857142857142858,0.0
7,227,3,True,0,2025-02-25,0,0.0,0.04,0.05,1,25,0,0,1,1.2857142857142858,0.0
7,232,3,True,0,2025-02-25,0,0.0,0.21,0.26,1,25,0,0,1,1.1428571428571428,0.0
7,236,3,True,0,2025-02-25,2,0.0,0.09,0.1,1,25,0,0,1,1.1428571428571428,0.0
7,241,3,True,0,2025-02-25,0,0.0,0.06,0.08,1,25,0,0,1,1.1428571428571428,0.0
7,242,3,True,0,2025-02-25,0,0.0,0.13,0.24,1,25,0,0,1,1.1428571428571428,0.0
7,245,3,True,0,2025-02-25,0,0.0,0.12,0.22,1,25,0,0,1,0.8571428571428571,0.0
7,247,3,True,0,2025-02-25,2,0.0,0.15,0.22,1,25,0,0,1,0.2857142857142857,0.0
7,254,3,True,0,2025-02-25,0,0.0,0.31,0.48,1,25,0,0,1,0.5714285714285714,0.0
7,263,3,True,0,2025-02-25,0,0.0,0.33,0.4,1,25,0,0,1,0.5714285714285714,0.0
7,273,3,True,0,2025-02-25,0,0.0,0.11,0.12,1,25,0,0,1,0.5714285714285714,0.0
7,274,3,True,0,2025-02-25,0,0.0,0.3,0.36,1,25,0,0,1,0.2857142857142857,0.0
7,279,3,True,0,2025-02-25,0,0.0,0.15,0.19,1,25,0,0,1,0.2857142857142857,0.0
7,285,3,True,0,2025-02-25,0,0.0,0.3,0.47,1,25,0,0,1,0.2857142857142857,0.0
7,293,3,True,0,2025-02-25,0,0.0,0.07,0.09,1,25,0,0,1,0.2857142857142857,0.0
7,295,3,True,0,2025-02-25,0,0.0,0.09,0.12,1,25,0,0,1,0.0,0.0
7,299,3,True,0,2025-02-25,0,0.0,0.31,0.47,1,25,0,0,1,0.0,0.0
7,300,3,True,0,2025-02-25,0,0.0,0.16,0.17,1,25,0,0,1,0.0,0.0
7,310,3,True,0,2025-02-25,0,0.0,0.14,0.16,1,25,0,0,1,0.0,0.0
7,332,3,True,0,2025-02-25,0,0.0,0.23,0.31,1,25,0,0,1,0.0,0.0
7,343,3,True,0,2025-02-25,0,0.0,0.03,0.04,1,25,0,0,1,0.0,0.0
7,353,3,True,0,2025-02-25,0,0.0,0.18,0.2,1,25,0,0,1,0.0,0.0
7,369,3,True,0,2025-02-25,0,0.0,0.16,0.18,1,25,0,0,1,0.0,0.0
7,373,3,True,0,2025-02-25,1,0.0,0.02,0.03,1,25,0,0,1,0.0,0.0
7,376,3,True,0,2025-02-25,0,0.0,0.6,0.64,1,25,0,0,1,0.14285714285714285,0.0
7,397,3,True,0,2025-02-25,0,0.0,0.09,0.11,1,25,0,0,1,0.14285714285714285,0.0
7,401,3,True,0,2025-02-25,0,0.0,0.11,0.16,1,25,0,0,1,0.14285714285714285,0.0
7,406,3,True,0,2025-02-25,0,0.0,0.39,0.46,1,25,0,0,1,0.14285714285714285,0.0
7,412,3,True,0,2025-02-25,0,0.0,0.25,0.29,1,25,0,0,1,0.14285714285714285,0.0
7,413,3,True,0,2025-02-25,2,0.0,0.04,0.04,1,25,0,0,1,0.14285714285714285,0.0
7,420,3,True,0,2025-02-25,0,0.0,0.29,0.45,1,25,0,0,1,0.42857142857142855,0.0
7,421,3,True,0,2025-02-25,0,0.0,0.18,0.28,1,25,0,0,1,0.2857142857142857,0.0
7,437,3,True,0,2025-02-25,0,0.0,0.09,0.14,1,25,0,0,1,0.2857142857142857,0.0
7,439,3,True,0,2025-02-25,0,0.0,0.07,0.13,1,25,0,0,1,0.2857142857142857,0.0
7,448,3,True,0,2025-02-25,0,0.0,0.14,0.19,1,25,0,0,1,0.2857142857142857,0.0
7,460,3,True,0,2025-02-25,0,0.0,0.18,0.19,1,25,0,0,1,0.2857142857142857,0.0
7,471,3,True,0,2025-02-25,0,0.0,0.1,0.14,1,25,0,0,1,0.2857142857142857,0.0
7,475,3,True,0,2025-02-25,0,0.0,0.26,0.32,1,25,0,0,1,0.0,0.0
7,476,3,True,0,2025-02-25,1,0.0,0.25,0.31,1,25,0,0,1,0.0,0.0
7,480,3,True,0,2025-02-25,0,0.0,0.09,0.1,1,25,0,0,1,0.14285714285714285,0.0
7,490,3,True,0,2025-02-25,0,0.0,0.15,0.18,1,25,0,0,1,0.14285714285714285,0.0
7,499,3,True,0,2025-02-25,0,0.0,0.08,0.12,1,25,0,0,1,0.14285714285714285,0.0
7,502,3,True,0,2025-02-25,1,0.0,0.14,0.16,1,25,0,0,1,0.14285714285714285,0.0
7,525,3,True,0,2025-02-25,1,0.0,0.3,0.38,1,25,0,0,1,0.2857142857142857,0.0
7,534,3,True,0,2025-02-25,0,0.0,0.22,0.29,1,25,0,0,1,0.42857142857142855,0.0
7,535,3,True,0,2025-02-25,1,0.0,0.12,0.12,1,25,0,0,1,0.42857142857142855,0.0
7,540,3,True,0,2025-02-25,0,0.0,0.05,0.07,1,25,0,0,1,0.42857142857142855,0.0
7,545,3,True,0,2025-02-25,0,0.0,0.26,0.3,1,25,0,0,1,0.42857142857142855,0.0
7,548,3,True,0,2025-02-25,0,0.0,0.37,0.46,1,25,0,0,1,0.42857142857142855,0.0
7,555,3,True,0,2025-02-25,0,0.0,0.48,0.47,1,25,0,0,1,0.42857142857142855,0.0
7,580,3,True,0,2025-02-25,4,0.0,0.16,0.2,1,25,0,0,1,0.2857142857142857,0.0
7,583,3,True,0,2025-02-25,0,0.0,0.61,0.83,1,25,0,0,1,0.7142857142857143,0.0
7,592,3,True,0,2025-02-25,0,0.0,0.21,0.31,1,25,0,0,1,0.7142857142857143,0.0
7,596,3,True,0,2025-02-25,0,0.0,0.16,0.2,1,25,0,0,1,0.5714285714285714,0.0
7,607,3,True,0,2025-02-25,0,0.0,0.48,0.56,1,25,0,0,1,0.5714285714285714,0.0
7,609,3,True,0,2025-02-25,0,0.0,0.08,0.11,1,25,0,0,1,0.5714285714285714,0.0
7,611,3,True,0,2025-02-25,0,0.0,0.15,0.17,1,25,0,0,1,0.5714285714285714,0.0
7,631,3,True,0,2025-02-25,0,0.0,0.07,0.08,1,25,0,0,1,0.5714285714285714,0.0
7,634,3,True,0,2025-02-25,0,0.0,0.34,0.38,1,25,0,0,1,0.0,0.0
7,637,3,True,0,2025-02-25,0,0.0,0.16,0.16,1,25,0,0,1,0.0,0.0
7,640,3,True,0,2025-02-25,0,0.0,0.09,0.09,1,25,0,0,1,0.0,0.0
7,651,3,True,0,2025-02-25,0,0.0,0.06,0.08,1,25,0,0,1,0.0,0.0
7,655,3,True,0,2025-02-25,0,0.0,0.09,0.12,1,25,0,0,1,0.0,0.0
7,659,3,True,0,2025-02-25,1,0.0,0.23,0.31,1,25,0,0,1,0.0,0.0
7,661,3,True,0,2025-02-25,0,0.0,0.06,0.08,1,25,0,0,1,0.14285714285714285,0.0
7,671,3,True,0,2025-02-25,0,0.0,0.21,0.22,1,25,0,0,1,0.14285714285714285,0.0
7,683,3,True,0,2025-02-25,0,0.0,0.19,0.23,1,25,0,0,1,0.14285714285714285,0.0
7,684,3,True,0,2025-02-25,0,0.0,0.08,0.12,1,25,0,0,1,0.14285714285714285,0.0
7,685,3,True,0,2025-02-25,0,0.0,0.16,0.2,1,25,0,0,1,0.14285714285714285,0.0
7,690,3,True,0,2025-02-25,2,1.0,0.01,0.02,1,25,0,0,1,0.14285714285714285,0.0
7,702,3,True,0,2025-02-25,0,0.0,0.1,0.12,1,25,0,0,1,0.42857142857142855,0.0
7,706,3,True,0,2025-02-25,0,0.0,0.21,0.25,1,25,0,0,1,0.2857142857142857,0.0
7,710,3,True,0,2025-02-25,0,0.0,0.08,0.11,1,25,0,0,1,0.2857142857142857,0.0
7,711,3,True,0,2025-02-25,0,0.0,0.04,0.05,1,25,0,0,1,0.2857142857142857,0.0
7,719,3,True,0,2025-02-25,0,0.0,0.15,0.17,1,25,0,0,1,0.2857142857142857,0.0
7,720,3,True,0,2025-02-25,0,0.0,0.11,0.15,1,25,0,0,1,0.2857142857142857,0.0
7,729,3,True,0,2025-02-25,2,0.0,0.12,0.15,1,25,0,0,1,0.2857142857142857,0.0
7,740,3,True,0,2025-02-25,0,0.0,0.12,0.16,1,25,0,0,1,0.2857142857142857,0.0
7,744,3,True,0,2025-02-25,0,0.0,0.07,0.1,1,25,0,0,1,0.2857142857142857,0.0
7,753,3,True,0,2025-02-25,5,0.0,0.04,0.06,1,25,0,0,1,0.2857142857142857,0.0
7,759,3,True,0,2025-02-25,0,0.0,0.46,0.4,1,25,0,0,1,1.0,0.0
7,785,3,True,0,2025-02-25,0,0.0,0.06,0.07,1,25,0,0,1,1.0,0.0
7,787,3,True,0,2025-02-25,0,0.0,0.23,0.31,1,25,0,0,1,1.0,0.0
7,795,3,True,0,2025-02-25,0,0.0,0.11,0.15,1,25,0,0,1,1.0,0.0
7,796,3,True,0,2025-02-25,0,0.0,0.13,0.15,1,25,0,0,1,0.7142857142857143,0.0
7,799,3,True,0,2025-02-25,0,0.0,0.28,0.35,1,25,0,0,1,0.7142857142857143,0.0
7,803,3,True,0,2025-02-25,0,0.0,0.13,0.17,1,25,0,0,1,0.7142857142857143,0.0
7,809,3,True,0,2025-02-25,0,0.0,0.54,0.62,1,25,0,0,1,0.0,0.0
7,815,3,True,0,2025-02-25,0,0.0,0.34,0.65,1,25,0,0,1,0.0,0.0
7,829,3,True,0,2025-02-25,0,0.0,0.57,0.84,1,25,0,0,1,0.0,0.0
7,830,3,True,0,2025-02-25,0,0.0,0.12,0.15,1,25,0,0,1,0.0,0.0
7,844,3,True,0,2025-02-25,0,0.0,0.12,0.16,1,25,0,0,1,0.0,0.0
7,859,3,True,0,2025-02-25,0,0.0,0.03,0.09,1,25,0,0,1,0.0,0.0
7,867,3,True,0,2025-02-25,0,0.0,0.11,0.22,1,25,0,0,1,0.0,0.0
7,885,3,True,0,2025-02-25,0,0.0,0.34,0.42,1,25,0,0,1,0.0,0.0
7,886,3,True,0,2025-02-25,0,0.0,0.17,0.2,1,25,0,0,1,0.0,0.0
7,889,3,True,0,2025-02-25,0,0.0,0.07,0.09,1,25,0,0,1,0.0,0.0
7,894,3,True,0,2025-02-25,0,0.0,0.09,0.11,1,25,0,0,1,0.0,0.0
7,899,3,True,0,2025-02-25,0,0.0,0.07,0.1,1,25,0,0,1,0.0,0.0
7,900,3,True,0,2025-02-25,0,0.0,0.32,0.37,1,25,0,0,1,0.0,0.0
7,916,3,True,0,2025-02-25,0,0.0,0.43,0.64,1,25,0,0,1,0.0,0.0
7,924,3,True,0,2025-02-25,0,0.0,0.06,0.08,1,25,0,0,1,0.0,0.0
7,930,3,True,0,2025-02-25,0,0.0,0.02,0.03,1,25,0,0,1,0.0,0.0
7,933,3,True,0,2025-02-25,0,0.0,0.53,0.67,1,25,0,0,1,0.0,0.0
7,939,3,True,0,2025-02-25,0,0.0,0.51,0.52,1,25,0,0,1,0.0,0.0
7,959,3,True,0,2025-02-25,0,0.0,0.07,0.08,1,25,0,0,1,0.0,0.0
7,970,3,True,0,2025-02-25,1,0.0,0.05,0.07,1,25,0,0,1,0.0,0.0
7,984,3,True,0,2025-02-25,0,0.0,0.2,0.25,1,25,0,0,1,0.14285714285714285,0.0
7,985,3,True,0,2025-02-25,0,0.0,0.46,0.62,1,25,0,0,1,0.14285714285714285,0.0
7,990,3,True,0,2025-02-25,0,0.0,0.05,0.08,1,25,0,0,1,0.14285714285714285,0.0
7,1002,3,True,0,2025-02-25,0,0.0,0.17,0.21,1,25,0,0,1,0.14285714285714285,0.0
7,1012,3,True,0,2025-02-25,0,0.0,0.2,0.24,1,25,0,0,1,0.14285714285714285,0.0
7,1015,3,True,0,2025-02-25,0,0.0,0.26,0.29,1,25,0,0,1,0.14285714285714285,0.0
7,1025,3,True,0,2025-02-25,0,0.0,0.06,0.1,1,25,0,0,1,0.14285714285714285,0.0
7,1026,3,True,0,2025-02-25,1,0.0,0.06,0.07,1,25,0,0,1,0.0,0.0
7,1038,3,True,0,2025-02-25,0,0.0,0.11,0.14,1,25,0,0,1,0.14285714285714285,0.0
7,1042,3,True,0,2025-02-25,0,0.0,0.16,0.2,1,25,0,0,1,0.14285714285714285,0.0
7,1049,3,True,0,2025-02-25,0,0.0,0.13,0.18,1,25,0,0,1,0.14285714285714285,0.0
7,1059,3,True,0,2025-02-25,0,0.0,0.19,0.24,1,25,0,0,1,0.14285714285714285,0.0
7,1061,3,True,0,2025-02-25,0,0.0,0.1,0.12,1,25,0,0,1,0.14285714285714285,0.0
7,1068,3,True,0,2025-02-25,0,0.0,0.17,0.24,1,25,0,0,1,0.14285714285714285,0.0
7,1083,3,True,0,2025-02-25,0,0.0,0.16,0.19,1,25,0,0,1,0.14285714285714285,0.0
7,1093,3,True,0,2025-02-25,0,0.0,0.12,0.17,1,25,0,0,1,0.0,0.0
7,1098,3,True,0,2025-02-25,0,0.0,0.23,0.3,1,25,0,0,1,0.0,0.0
7,1100,3,True,0,2025-02-25,0,0.0,0.05,0.07,1,25,0,0,1,0.0,0.0
7,1114,3,True,0,2025-02-25,0,0.0,0.1,0.15,1,25,0,0,1,0.0,0.0
7,1131,3,True,0,2025-02-25,0,0.0,0.06,0.09,1,25,0,0,1,0.0,0.0
7,1154,3,True,0,2025-02-25,0,0.0,0.08,0.11,1,25,0,0,1,0.0,0.0
7,1156,3,True,0,2025-02-25,3,0.0,0.12,0.12,1,25,0,0,1,0.0,0.0
7,1159,3,True,0,2025-02-25,0,0.0,0.17,0.15,1,25,0,0,1,0.42857142857142855,0.0
7,1160,3,True,0,2025-02-25,0,0.0,0.21,0.24,1,25,0,0,1,0.42857142857142855,0.0
7,1197,3,True,0,2025-02-25,2,0.0,0.17,0.19,1,25,0,0,1,0.42857142857142855,0.0
7,1201,3,True,0,2025-02-25,0,0.0,0.27,0.42,1,25,0,0,1,0.7142857142857143,0.0
7,1205,3,True,0,2025-02-25,0,0.0,0.09,0.1,1,25,0,0,1,0.7142857142857143,0.0
7,1206,3,True,0,2025-02-25,0,0.0,0.11,0.16,1,25,0,0,1,0.7142857142857143,0.0
7,1213,3,True,0,2025-02-25,0,0.0,0.06,0.08,1,25,0,0,1,0.7142857142857143,0.0
7,1214,3,True,0,2025-02-25,0,0.0,0.15,0.18,1,25,0,0,1,0.2857142857142857,0.0
7,1217,3,True,0,2025-02-25,0,0.0,0.1,0.21,1,25,0,0,1,0.2857142857142857,0.0
7,1226,3,True,0,2025-02-25,0,0.0,0.18,0.21,1,25,0,0,1,0.2857142857142857,0.0
7,1227,3,True,0,2025-02-25,0,0.0,0.13,0.17,1,25,0,0,1,0.0,0.0
7,1231,3,True,0,2025-02-25,0,0.0,0.18,0.21,1,25,0,0,1,0.0,0.0
7,1232,3,True,0,2025-02-25,0,0.0,0.09,0.09,1,25,0,0,1,0.0,0.0
7,1236,3,True,0,2025-02-25,0,0.0,0.23,0.29,1,25,0,0,1,0.0,0.0
7,1237,3,True,0,2025-02-25,0,0.0,0.11,0.18,1,25,0,0,1,0.0,0.0
7,1240,3,True,0,2025-02-25,0,0.0,0.2,0.28,1,25,0,0,1,0.0,0.0
7,1242,3,True,0,2025-02-25,0,0.0,0.11,0.13,1,25,0,0,1,0.0,0.0
7,1259,3,True,0,2025-02-25,0,2.0,0.15,0.18,1,25,0,0,1,0.0,0.0
7,1271,3,True,0,2025-02-25,0,0.0,0.14,0.15,1,25,0,0,1,0.0,0.0
7,1286,3,True,0,2025-02-25,0,0.0,0.04,0.04,1,25,0,0,1,0.0,0.0
7,1297,3,True,0,2025-02-25,0,0.0,0.4,0.56,1,25,0,0,1,0.0,0.0
7,1312,3,True,0,2025-02-25,0,0.0,0.38,0.51,1,25,0,0,1,0.0,0.0
7,1319,3,True,0,2025-02-25,0,0.0,0.31,0.43,1,25,0,0,1,0.0,0.0
7,1330,3,True,0,2025-02-25,0,0.0,0.47,0.62,1,25,0,0,1,0.0,0.0
7,1349,3,True,0,2025-02-25,0,0.0,0.09,0.15,1,25,0,0,1,0.0,0.0
7,1361,3,True,0,2025-02-25,0,0.0,0.19,0.24,1,25,0,0,1,0.0,0.0
7,1370,3,True,0,2025-02-25,0,0.0,0.06,0.09,1,25,0,0,1,0.0,0.0
7,1374,3,True,0,2025-02-25,0,0.0,0.26,0.36,1,25,0,0,1,0.0,0.0
7,1378,3,True,0,2025-02-25,0,0.0,0.13,0.16,1,25,0,0,1,0.0,0.0
7,1386,3,True,0,2025-02-25,0,0.0,0.12,0.1,1,25,0,0,1,0.0,0.0
7,1398,3,True,0,2025-02-25,0,0.0,0.08,0.11,1,25,0,0,1,0.0,0.0
7,1399,3,True,0,2025-02-25,10,0.0,0.01,0.02,1,25,0,0,1,0.0,0.0
7,1411,3,True,0,2025-02-25,0,0.0,0.24,0.33,1,25,0,0,1,1.4285714285714286,0.0
7,1440,3,True,0,2025-02-25,0,0.0,0.05,0.06,1,25,0,0,1,1.4285714285714286,0.0
7,1443,3,True,0,2025-02-25,0,0.0,0.14,0.17,1,25,0,0,1,1.4285714285714286,0.0
7,1455,3,True,0,2025-02-25,0,0.0,0.05,0.08,1,25,0,0,1,1.4285714285714286,0.0
7,1462,3,True,0,2025-02-25,0,0.0,0.32,0.42,1,25,0,0,1,1.4285714285714286,0.0
7,1472,3,True,0,2025-02-25,1,0.0,0.09,0.12,1,25,0,0,1,1.4285714285714286,0.0
7,1477,3,True,0,2025-02-25,1,0.0,0.1,0.13,1,25,0,0,1,1.5714285714285714,0.0
7,1478,3,True,0,2025-02-25,1,0.0,0.05,0.05,1,25,0,0,1,0.2857142857142857,0.0
7,1491,3,True,0,2025-02-25,0,0.0,0.24,0.3,1,25,0,0,1,0.42857142857142855,0.0
7,1499,3,True,0,2025-02-25,1,0.0,0.1,0.16,1,25,0,0,1,0.42857142857142855,0.0
7,1507,3,True,0,2025-02-25,0,0.0,0.09,0.1,1,25,0,0,1,0.5714285714285714,0.0
7,1508,3,True,0,2025-02-25,0,0.0,0.11,0.12,1,25,0,0,1,0.5714285714285714,0.0
7,1513,3,True,0,2025-02-25,0,0.0,0.12,0.16,1,25,0,0,1,0.5714285714285714,0.0
7,1523,3,True,0,2025-02-25,0,0.0,0.05,0.08,1,25,0,0,1,0.42857142857142855,0.0
7,1536,3,True,0,2025-02-25,1,0.0,0.1,0.15,1,25,0,0,1,0.2857142857142857,0.0
7,1545,3,True,0,2025-02-25,0,0.0,0.15,0.19,1,25,0,0,1,0.2857142857142857,0.0
7,1550,3,True,0,2025-02-25,0,0.0,0.28,0.33,1,25,0,0,1,0.2857142857142857,0.0
7,1557,3,True,0,2025-02-25,0,0.0,0.12,0.16,1,25,0,0,1,0.14285714285714285,0.0
7,1561,3,True,0,2025-02-25,0,0.0,0.37,0.45,1,25,0,0,1,0.14285714285714285,0.0
7,1566,3,True,0,2025-02-25,0,0.0,0.16,0.21,1,25,0,0,1,0.14285714285714285,0.0
7,1579,3,True,0,2025-02-25,0,0.0,0.07,0.1,1,25,0,0,1,0.14285714285714285,0.0
7,1582,3,True,0,2025-02-25,0,0.0,0.16,0.2,1,25,0,0,1,0.14285714285714285,0.0
7,1585,3,True,0,2025-02-25,0,0.0,0.45,0.6,1,25,0,0,1,0.0,0.0
7,1587,3,True,0,2025-02-25,0,0.0,0.05,0.05,1,25,0,0,1,0.0,0.0
7,1605,3,True,0,2025-02-25,0,0.0,0.07,0.09,1,25,0,0,1,0.0,0.0
7,1609,3,True,0,2025-02-25,0,0.0,0.18,0.21,1,25,0,0,1,0.0,0.0
7,1632,3,True,0,2025-02-25,0,0.0,0.12,0.2,1,25,0,0,1,0.0,0.0
7,1638,3,True,0,2025-02-25,0,0.0,0.25,0.34,1,25,0,0,1,0.0,0.0
7,1640,3,True,0,2025-02-25,0,0.0,0.2,0.27,1,25,0,0,1,0.0,0.0
7,1641,3,True,0,2025-02-25,0,0.0,0.08,0.16,1,25,0,0,1,0.0,0.0
7,1649,3,True,0,2025-02-25,0,0.0,0.28,0.38,1,25,0,0,1,0.0,0.0
7,1680,3,True,0,2025-02-25,0,0.0,0.21,0.25,1,25,0,0,1,0.0,0.0
7,1681,3,True,0,2025-02-25,0,0.0,0.05,0.07,1,25,0,0,1,0.0,0.0
7,1682,3,True,0,2025-02-25,0,0.0,0.38,0.54,1,25,0,0,1,0.0,0.0
7,1683,3,True,0,2025-02-25,0,0.0,0.07,0.09,1,25,0,0,1,0.0,0.0
7,1700,3,True,0,2025-02-25,0,0.0,0.25,0.37,1,25,0,0,1,0.0,0.0
7,1708,3,True,0,2025-02-25,0,0.0,0.42,0.44,1,25,0,0,1,0.0,0.0
7,1709,3,True,0,2025-02-25,0,0.0,0.08,0.1,1,25,0,0,1,0.0,0.0
7,1714,3,True,0,2025-02-25,0,0.0,0.29,0.36,1,25,0,0,1,0.0,0.0
7,1718,3,True,0,2025-02-25,0,0.0,0.36,0.39,1,25,0,0,1,0.0,0.0
7,1737,3,True,0,2025-02-25,0,0.0,0.12,0.21,1,25,0,0,1,0.0,0.0
7,1751,3,True,0,2025-02-25,0,0.0,0.16,0.2,1,25,0,0,1,0.0,0.0
7,1753,3,True,0,2025-02-25,0,0.0,0.2,0.24,1,25,0,0,1,0.0,0.0
7,1754,3,True,0,2025-02-25,2,0.0,0.03,0.05,1,25,0,0,1,0.0,0.0
7,1769,3,True,0,2025-02-25,0,0.0,0.13,0.15,1,25,0,0,1,0.2857142857142857,0.0
7,1779,3,True,0,2025-02-25,0,0.0,0.04,0.06,1,25,0,0,1,0.2857142857142857,0.0
7,1786,3,True,0,2025-02-25,0,0.0,0.2,0.24,1,25,0,0,1,0.2857142857142857,0.0
7,1788,3,True,0,2025-02-25,0,0.0,0.35,0.43,1,25,0,0,1,0.2857142857142857,0.0
7,1808,3,True,0,2025-02-25,0,0.0,0.25,0.29,1,25,0,0,1,0.2857142857142857,0.0
7,1812,3,True,0,2025-02-25,0,0.0,0.33,0.44,1,25,0,0,1,0.2857142857142857,0.0
7,1817,3,True,0,2025-02-25,1,0.0,0.19,0.29,1,25,0,0,1,0.2857142857142857,0.0
7,1823,3,True,0,2025-02-25,0,0.0,0.13,0.17,1,25,0,0,1,0.14285714285714285,0.0
7,1831,3,True,0,2025-02-25,0,0.0,0.1,0.12,1,25,0,0,1,0.14285714285714285,0.0
7,1862,3,True,0,2025-02-25,0,0.0,0.11,0.15,1,25,0,0,1,0.14285714285714285,0.0
7,1867,3,True,0,2025-02-25,0,0.0,0.54,0.72,1,25,0,0,1,0.14285714285714285,0.0
7,1888,3,True,0,2025-02-25,0,0.0,0.25,0.32,1,25,0,0,1,0.14285714285714285,0.0
7,1891,3,True,0,2025-02-25,0,0.0,0.45,0.55,1,25,0,0,1,0.14285714285714285,0.0
7,1913,3,True,0,2025-02-25,0,0.0,0.03,0.04,1,25,0,0,1,0.14285714285714285,0.0
7,1914,3,True,0,2025-02-25,0,0.0,0.15,0.21,1,25,0,0,1,0.0,0.0
7,1927,3,True,0,2025-02-25,0,0.0,0.3,0.34,1,25,0,0,1,0.0,0.0
7,1931,3,True,0,2025-02-25,0,0.0,0.67,0.81,1,25,0,0,1,0.0,0.0
7,1943,3,True,0,2025-02-25,0,0.0,0.22,0.24,1,25,0,0,1,0.0,0.0
7,1952,3,True,0,2025-02-25,0,0.0,0.07,0.09,1,25,0,0,1,0.0,0.0
7,1964,3,True,0,2025-02-25,3,0.0,0.2,0.24,1,25,0,0,1,0.0,0.0
7,1974,3,True,0,2025-02-25,0,0.0,0.44,0.47,1,25,0,0,1,0.42857142857142855,0.0
7,1989,3,True,0,2025-02-25,0,0.0,0.15,0.19,1,25,0,0,1,0.42857142857142855,0.0
7,1990,3,True,0,2025-02-25,0,0.0,0.23,0.31,1,25,0,0,1,0.42857142857142855,0.0
7,1993,3,True,0,2025-02-25,0,0.0,0.12,0.15,1,25,0,0,1,0.42857142857142855,0.0
7,2004,3,True,0,2025-02-25,0,0.0,0.21,0.29,1,25,0,0,1,0.42857142857142855,0.0
7,2026,3,True,0,2025-02-25,0,0.0,0.23,0.32,1,25,0,0,1,0.42857142857142855,0.0
7,2049,3,True,0,2025-02-25,0,0.0,0.06,0.09,1,25,0,0,1,0.42857142857142855,0.0
7,2054,3,True,0,2025-02-25,0,0.0,0.22,0.39,1,25,0,0,1,0.0,0.0
7,2075,3,True,0,2025-02-25,0,0.0,0.18,0.24,1,25,0,0,1,0.0,0.0
7,2079,3,True,0,2025-02-25,0,0.0,0.11,0.13,1,25,0,0,1,0.0,0.0
7,2080,3,True,0,2025-02-25,0,0.0,0.14,0.15,1,25,0,0,1,0.0,0.0
7,2087,3,True,0,2025-02-25,0,0.0,0.36,0.54,1,25,0,0,1,0.0,0.0
7,2089,3,True,0,2025-02-25,0,0.0,0.12,0.15,1,25,0,0,1,0.0,0.0
7,2098,3,True,0,2025-02-25,0,0.0,0.35,0.44,1,25,0,0,1,0.0,0.0
7,2101,3,True,0,2025-02-25,0,0.0,0.14,0.19,1,25,0,0,1,0.0,0.0
7,2102,3,True,0,2025-02-25,0,0.0,0.12,0.13,1,25,0,0,1,0.0,0.0
7,2112,3,True,0,2025-02-25,0,0.0,0.22,0.27,1,25,0,0,1,0.0,0.0
7,2113,3,True,0,2025-02-25,0,0.0,0.19,0.28,1,25,0,0,1,0.0,0.0
7,2118,3,True,0,2025-02-25,0,0.0,0.29,0.43,1,25,0,0,1,0.0,0.0
7,2122,3,True,0,2025-02-25,0,0.0,0.65,0.8,1,25,0,0,1,0.0,0.0
7,2123,3,True,0,2025-02-25,0,0.0,0.08,0.1,1,25,0,0,1,0.0,0.0
7,2128,3,True,0,2025-02-25,0,0.0,0.17,0.21,1,25,0,0,1,0.0,0.0
7,2130,3,True,0,2025-02-25,0,0.0,0.16,0.19,1,25,0,0,1,0.0,0.0
7,2143,3,True,0,2025-02-25,0,0.0,0.1,0.12,1,25,0,0,1,0.0,0.0
7,2147,3,True,0,2025-02-25,0,0.0,0.15,0.18,1,25,0,0,1,0.0,0.0
7,2158,3,True,0,2025-02-25,0,0.0,0.27,0.28,1,25,0,0,1,0.0,0.0
7,2166,3,True,0,2025-02-25,0,0.0,0.21,0.26,1,25,0,0,1,0.0,0.0
7,2176,3,True,0,2025-02-25,0,0.0,0.11,0.14,1,25,0,0,1,0.0,0.0
7,2178,3,True,0,2025-02-25,0,0.0,0.19,0.21,1,25,0,0,1,0.0,0.0
7,2200,3,True,0,2025-02-25,0,0.0,0.13,0.16,1,25,0,0,1,0.0,0.0
7,2211,3,True,0,2025-02-25,2,0.0,0.05,0.06,1,25,0,0,1,0.0,0.0
7,2222,3,True,0,2025-02-25,0,0.0,0.34,0.49,1,25,0,0,1,0.2857142857142857,0.0
7,2234,3,True,0,2025-02-25,0,0.0,0.33,0.32,1,25,0,0,1,0.2857142857142857,0.0
7,2246,3,True,0,2025-02-25,0,0.0,0.51,0.52,1,25,0,0,1,0.2857142857142857,0.0
7,2247,3,True,0,2025-02-25,0,0.0,0.71,0.73,1,25,0,0,1,0.2857142857142857,0.0
7,2261,3,True,0,2025-02-25,0,0.0,0.23,0.25,1,25,0,0,1,0.2857142857142857,0.0
7,2262,3,True,0,2025-02-25,0,0.0,0.06,0.13,1,25,0,0,1,0.2857142857142857,0.0
7,2264,3,True,0,2025-02-25,0,0.0,0.43,0.51,1,25,0,0,1,0.2857142857142857,0.0
7,2275,3,True,0,2025-02-25,0,0.0,0.08,0.1,1,25,0,0,1,0.0,0.0
7,2276,3,True,0,2025-02-25,0,0.0,0.47,0.63,1,25,0,0,1,0.0,0.0
7,2277,3,True,0,2025-02-25,0,0.0,0.18,0.23,1,25,0,0,1,0.0,0.0
7,2281,3,True,0,2025-02-25,0,0.0,0.08,0.1,1,25,0,0,1,0.0,0.0
7,2294,3,True,0,2025-02-25,1,0.0,0.12,0.17,1,25,0,0,1,0.0,0.0
7,2295,3,True,0,2025-02-25,0,0.0,0.35,0.39,1,25,0,0,1,0.14285714285714285,0.0
7,2296,3,True,0,2025-02-25,0,0.0,0.34,0.4,1,25,0,0,1,0.14285714285714285,0.0
7,2301,3,True,0,2025-02-25,0,0.0,0.21,0.28,1,25,0,0,1,0.14285714285714285,0.0
7,2321,3,True,0,2025-02-25,1,0.0,0.28,0.37,1,25,0,0,1,0.14285714285714285,0.0
7,2345,3,True,0,2025-02-25,0,0.0,0.16,0.2,1,25,0,0,1,0.2857142857142857,0.0
7,2367,3,True,0,2025-02-25,0,0.0,0.29,0.45,1,25,0,0,1,0.2857142857142857,0.0
7,2370,3,True,0,2025-02-25,0,0.0,0.06,0.09,1,25,0,0,1,0.2857142857142857,0.0
7,2372,3,True,0,2025-02-25,0,0.0,0.3,0.34,1,25,0,0,1,0.14285714285714285,0.0
7,2376,3,True,0,2025-02-25,0,0.0,0.14,0.19,1,25,0,0,1,0.14285714285714285,0.0
7,2382,3,True,0,2025-02-25,0,0.0,0.26,0.28,1,25,0,0,1,0.14285714285714285,0.0
7,2383,3,True,0,2025-02-25,0,0.0,0.11,0.14,1,25,0,0,1,0.14285714285714285,0.0
7,2384,3,True,0,2025-02-25,0,0.0,0.08,0.09,1,25,0,0,1,0.0,0.0
7,2395,3,True,0,2025-02-25,0,0.0,0.02,0.03,1,25,0,0,1,0.0,0.0
7,2416,3,True,0,2025-02-25,0,0.0,0.19,0.22,1,25,0,0,1,0.0,0.0
7,2429,3,True,0,2025-02-25,0,0.0,0.3,0.37,1,25,0,0,1,0.0,0.0
7,2433,3,True,0,2025-02-25,1,0.0,0.12,0.16,1,25,0,0,1,0.0,0.0
7,2440,3,True,0,2025-02-25,0,0.0,0.1,0.17,1,25,0,0,1,0.14285714285714285,0.0
7,2446,3,True,0,2025-02-25,0,0.0,0.2,0.27,1,25,0,0,1,0.14285714285714285,0.0
7,2447,3,True,0,2025-02-25,0,0.0,0.27,0.31,1,25,0,0,1,0.14285714285714285,0.0
7,2457,3,True,0,2025-02-25,0,0.0,0.11,0.15,1,25,0,0,1,0.14285714285714285,0.0
7,2467,3,True,0,2025-02-25,0,0.0,0.16,0.14,1,25,0,0,1,0.14285714285714285,0.0
7,2468,3,True,0,2025-02-25,1,0.0,0.46,0.42,1,25,0,0,1,0.14285714285714285,0.0
7,2477,3,True,0,2025-02-25,0,0.0,0.26,0.31,1,25,0,0,1,0.2857142857142857,0.0
7,2479,3,True,0,2025-02-25,0,0.0,0.04,0.05,1,25,0,0,1,0.14285714285714285,0.0
7,2485,3,True,0,2025-02-25,1,1.0,0.26,0.33,1,25,0,0,1,0.14285714285714285,0.0
7,2503,3,True,0,2025-02-25,0,0.0,0.04,0.06,1,25,0,0,1,0.2857142857142857,0.0
7,2536,3,True,0,2025-02-25,0,0.0,0.19,0.3,1,25,0,0,1,0.2857142857142857,0.0
7,2537,3,True,0,2025-02-25,0,0.0,0.16,0.2,1,25,0,0,1,0.2857142857142857,0.0
7,2565,3,True,0,2025-02-25,0,0.0,0.41,0.49,1,25,0,0,1,0.2857142857142857,0.0
7,2566,3,True,0,2025-02-25,0,0.0,0.33,0.38,1,25,0,0,1,0.14285714285714285,0.0
7,2574,3,True,0,2025-02-25,0,0.0,0.28,0.31,1,25,0,0,1,0.14285714285714285,0.0
7,2590,3,True,0,2025-02-25,0,0.0,0.07,0.1,1,25,0,0,1,0.14285714285714285,0.0
7,2591,3,True,0,2025-02-25,0,0.0,0.15,0.18,1,25,0,0,1,0.0,0.0
7,2598,3,True,0,2025-02-25,0,0.0,0.09,0.11,1,25,0,0,1,0.0,0.0
7,2601,3,True,0,2025-02-25,0,0.0,0.21,0.27,1,25,0,0,1,0.0,0.0
7,2609,3,True,0,2025-02-25,0,0.0,0.08,0.12,1,25,0,0,1,0.0,0.0
7,2625,3,True,0,2025-02-25,0,0.0,0.2,0.24,1,25,0,0,1,0.0,0.0
7,2627,3,True,0,2025-02-25,0,0.0,0.27,0.4,1,25,0,0,1,0.0,0.0
7,2646,3,True,0,2025-02-25,0,0.0,0.51,0.35,1,25,0,0,1,0.0,0.0
7,2654,3,True,0,2025-02-25,0,0.0,0.07,0.08,1,25,0,0,1,0.0,0.0
7,2669,3,True,0,2025-02-25,0,0.0,0.19,0.24,1,25,0,0,1,0.0,0.0
7,2677,3,True,0,2025-02-25,0,0.0,0.11,0.12,1,25,0,0,1,0.0,0.0
7,2683,3,True,0,2025-02-25,0,0.0,0.1,0.14,1,25,0,0,1,0.0,0.0
7,2692,3,True,0,2025-02-25,0,0.0,0.09,0.13,1,25,0,0,1,0.0,0.0
7,2693,3,True,0,2025-02-25,0,0.0,0.06,0.09,1,25,0,0,1,0.0,0.0
7,2695,3,True,0,2025-02-25,0,0.0,0.04,0.05,1,25,0,0,1,0.0,0.0
7,2697,3,True,0,2025-02-25,1,0.0,0.12,0.14,1,25,0,0,1,0.0,0.0
7,2714,3,True,0,2025-02-25,0,0.0,0.05,0.06,1,25,0,0,1,0.14285714285714285,0.0
7,2716,3,True,0,2025-02-25,0,0.0,0.13,0.17,1,25,0,0,1,0.14285714285714285,0.0
7,2731,3,True,0,2025-02-25,0,0.0,0.03,0.04,1,25,0,0,1,0.14285714285714285,0.0
7,2734,3,True,0,2025-02-25,0,0.0,0.6,0.51,1,25,0,0,1,0.14285714285714285,0.0
7,2738,3,True,0,2025-02-25,0,0.0,0.07,0.08,1,25,0,0,1,0.14285714285714285,0.0
7,2747,3,True,0,2025-02-25,0,0.0,0.29,0.41,1,25,0,0,1,0.14285714285714285,0.0
7,2757,3,True,0,2025-02-25,0,0.0,0.1,0.16,1,25,0,0,1,0.14285714285714285,0.0
7,2759,3,True,0,2025-02-25,0,0.0,0.08,0.11,1,25,0,0,1,0.0,0.0
7,2772,3,True,0,2025-02-25,0,0.0,0.11,0.17,1,25,0,0,1,0.0,0.0
7,2784,3,True,0,2025-02-25,0,0.0,0.17,0.47,1,25,0,0,1,0.0,0.0
7,2797,3,True,0,2025-02-25,1,0.0,0.1,0.12,1,25,0,0,1,0.0,0.0
7,2807,3,True,0,2025-02-25,0,0.0,0.55,0.21,1,25,0,0,1,0.14285714285714285,0.0
7,2809,3,True,0,2025-02-25,1,0.0,0.4,0.63,1,25,0,0,1,0.14285714285714285,0.0
7,2815,3,True,0,2025-02-25,1,0.0,0.11,0.15,1,25,0,0,1,0.2857142857142857,0.0
7,2833,3,True,0,2025-02-25,0,0.0,0.22,0.26,1,25,0,0,1,0.42857142857142855,0.0
7,2834,3,True,0,2025-02-25,0,0.0,0.31,0.34,1,25,0,0,1,0.42857142857142855,0.0
7,2848,3,True,0,2025-02-25,0,0.0,0.1,0.15,1,25,0,0,1,0.42857142857142855,0.0
7,2876,3,True,0,2025-02-25,0,0.0,0.05,0.06,1,25,0,0,1,0.42857142857142855,0.0
7,2893,3,True,0,2025-02-25,0,0.0,0.28,0.36,1,25,0,0,1,0.2857142857142857,0.0
7,2898,3,True,0,2025-02-25,0,0.0,0.17,0.25,1,25,0,0,1,0.2857142857142857,0.0
7,2899,3,True,0,2025-02-25,0,0.0,0.18,0.24,1,25,0,0,1,0.14285714285714285,0.0
7,2907,3,True,0,2025-02-25,0,0.0,0.21,0.33,1,25,0,0,1,0.0,0.0
7,2917,3,True,0,2025-02-25,0,0.0,0.06,0.08,1,25,0,0,1,0.0,0.0
7,2919,3,True,0,2025-02-25,21,0.0,0.02,0.02,1,25,0,0,1,0.0,0.0
7,2920,3,True,0,2025-02-25,0,0.0,0.07,0.09,1,25,0,0,1,3.0,0.0
7,2924,3,True,0,2025-02-25,0,0.0,0.13,0.27,1,25,0,0,1,3.0,0.0
7,2925,3,True,0,2025-02-25,1,0.0,0.1,0.15,1,25,0,0,1,3.0,0.0
7,2932,3,True,0,2025-02-25,0,0.0,0.28,0.35,1,25,0,0,1,3.142857142857143,0.0
7,2933,3,True,0,2025-02-25,0,0.0,0.49,0.68,1,25,0,0,1,3.142857142857143,0.0
7,2935,3,True,0,2025-02-25,0,0.0,0.21,0.22,1,25,0,0,1,3.142857142857143,0.0
7,2936,3,True,0,2025-02-25,0,0.0,0.02,0.18,1,25,0,0,1,3.142857142857143,0.0
7,2939,3,True,0,2025-02-25,0,0.0,0.43,0.46,1,25,0,0,1,0.14285714285714285,0.0
7,2940,3,True,0,2025-02-25,1,0.0,0.09,0.11,1,25,0,0,1,0.14285714285714285,0.0
7,2946,3,True,0,2025-02-25,0,0.0,0.44,0.41,1,25,0,0,1,0.2857142857142857,0.0
7,2949,3,True,0,2025-02-25,0,0.0,0.19,0.28,1,25,0,0,1,0.14285714285714285,0.0
7,2960,3,True,0,2025-02-25,0,0.0,0.07,0.09,1,25,0,0,1,0.14285714285714285,0.0
7,2976,3,True,0,2025-02-25,0,0.0,0.1,0.13,1,25,0,0,1,0.14285714285714285,0.0
7,2982,3,True,0,2025-02-25,0,0.0,0.21,0.26,1,25,0,0,1,0.14285714285714285,0.0
7,2983,3,True,0,2025-02-25,0,0.0,0.13,0.17,1,25,0,0,1,0.14285714285714285,0.0
7,2996,3,True,0,2025-02-25,0,0.0,0.27,0.35,1,25,0,0,1,0.14285714285714285,0.0
7,3004,3,True,0,2025-02-25,0,0.0,0.11,0.17,1,25,0,0,1,0.0,0.0
7,3010,3,True,0,2025-02-25,0,0.0,0.49,0.63,1,25,0,0,1,0.0,0.0
7,3017,3,True,0,2025-02-25,0,0.0,0.21,0.29,1,25,0,0,1,0.0,0.0
7,3018,3,True,0,2025-02-25,0,0.0,0.11,0.13,1,25,0,0,1,0.0,0.0
7,3027,3,True,0,2025-02-25,0,0.0,0.1,0.13,1,25,0,0,1,0.0,0.0
7,3030,3,True,0,2025-02-25,0,0.0,0.45,0.58,1,25,0,0,1,0.0,0.0
7,3037,3,True,0,2025-02-25,0,0.0,0.11,0.13,1,25,0,0,1,0.0,0.0
7,3042,3,True,0,2025-02-25,0,0.0,0.1,0.13,1,25,0,0,1,0.0,0.0
7,3045,3,True,0,2025-02-25,0,0.0,0.13,0.16,1,25,0,0,1,0.0,0.0
7,3049,3,True,0,2025-02-25,0,0.0,0.39,0.5,1,25,0,0,1,0.0,0.0
7,3051,3,True,0,2025-02-25,0,0.0,0.38,0.31,1,25,0,0,1,0.0,0.0
7,3056,3,True,0,2025-02-25,0,0.0,0.25,0.32,1,25,0,0,1,0.0,0.0
7,3062,3,True,0,2025-02-25,0,1.0,0.26,0.31,1,25,0,0,1,0.0,0.0
7,3064,3,True,0,2025-02-25,0,0.0,0.12,0.14,1,25,0,0,1,0.0,0.0
7,3067,3,True,0,2025-02-25,0,0.0,0.67,0.94,1,25,0,0,1,0.0,0.0
7,3071,3,True,0,2025-02-25,0,0.0,0.09,0.11,1,25,0,0,1,0.0,0.0
7,3094,3,True,0,2025-02-25,0,0.0,0.27,0.34,1,25,0,0,1,0.0,0.0
7,3097,3,True,0,2025-02-25,0,0.0,0.29,0.4,1,25,0,0,1,0.0,0.0
7,3106,3,True,0,2025-02-25,0,0.0,0.09,0.1,1,25,0,0,1,0.0,0.0
7,3110,3,True,0,2025-02-25,0,0.0,0.23,0.29,1,25,0,0,1,0.0,0.0
7,3124,3,True,0,2025-02-25,0,0.0,0.11,0.15,1,25,0,0,1,0.0,0.0
7,3129,3,True,0,2025-02-25,0,0.0,0.23,0.27,1,25,0,0,1,0.0,0.0
7,3131,3,True,0,2025-02-25,0,0.0,0.07,0.11,1,25,0,0,1,0.0,0.0
7,3134,3,True,0,2025-02-25,0,0.0,0.16,0.16,1,25,0,0,1,0.0,0.0
7,3139,3,True,0,2025-02-25,0,0.0,0.22,0.26,1,25,0,0,1,0.0,0.0
7,3142,3,True,0,2025-02-25,0,0.0,0.3,0.44,1,25,0,0,1,0.0,0.0
7,3156,3,True,0,2025-02-25,0,0.0,0.2,0.26,1,25,0,0,1,0.0,0.0
7,3172,3,True,0,2025-02-25,0,0.0,0.08,0.09,1,25,0,0,1,0.0,0.0
7,3173,3,True,0,2025-02-25,0,0.0,0.22,0.23,1,25,0,0,1,0.0,0.0
7,3176,3,True,0,2025-02-25,0,0.0,0.1,0.13,1,25,0,0,1,0.0,0.0
7,3188,3,True,0,2025-02-25,0,1.0,0.07,0.09,1,25,0,0,1,0.0,0.0
7,3193,3,True,0,2025-02-25,0,0.0,0.13,0.2,1,25,0,0,1,0.0,0.0
7,3204,3,True,0,2025-02-25,3,0.0,0.17,0.21,1,25,0,0,1,0.0,0.0
7,3205,3,True,0,2025-02-25,1,0.0,0.18,0.24,1,25,0,0,1,0.42857142857142855,0.0
7,3206,3,True,0,2025-02-25,0,0.0,0.17,0.18,1,25,0,0,1,0.5714285714285714,0.0
7,3210,3,True,0,2025-02-25,0,0.0,0.08,0.07,1,25,0,0,1,0.5714285714285714,0.0
7,3251,3,True,0,2025-02-25,0,0.0,0.29,0.35,1,25,0,0,1,0.5714285714285714,0.0
7,3257,3,True,0,2025-02-25,0,0.0,0.11,0.13,1,25,0,0,1,0.5714285714285714,0.0
7,3265,3,True,0,2025-02-25,0,0.0,0.08,0.08,1,25,0,0,1,0.5714285714285714,0.0
7,3271,3,True,0,2025-02-25,0,0.0,0.12,0.16,1,25,0,0,1,0.5714285714285714,0.0
7,3274,3,True,0,2025-02-25,0,0.0,0.41,0.35,1,25,0,0,1,0.14285714285714285,0.0
7,3278,3,True,0,2025-02-25,0,0.0,0.18,0.27,1,25,0,0,1,0.0,0.0
7,3288,3,True,0,2025-02-25,0,0.0,0.29,0.26,1,25,0,0,1,0.0,0.0
7,3295,3,True,0,2025-02-25,0,0.0,0.28,0.38,1,25,0,0,1,0.0,0.0
7,3303,3,True,0,2025-02-25,0,0.0,0.02,0.02,1,25,0,0,1,0.0,0.0
7,3311,3,True,0,2025-02-25,0,0.0,0.21,0.25,1,25,0,0,1,0.0,0.0
7,3319,3,True,0,2025-02-25,0,0.0,0.08,0.09,1,25,0,0,1,0.0,0.0
7,3336,3,True,0,2025-02-25,0,0.0,0.01,0.01,1,25,0,0,1,0.0,0.0
7,3341,3,True,0,2025-02-25,0,0.0,0.22,0.19,1,25,0,0,1,0.0,0.0
7,3342,3,True,0,2025-02-25,0,0.0,0.04,0.07,1,25,0,0,1,0.0,0.0
7,3343,3,True,0,2025-02-25,0,0.0,0.1,0.14,1,25,0,0,1,0.0,0.0
7,3359,3,True,0,2025-02-25,0,0.0,0.49,0.56,1,25,0,0,1,0.0,0.0
7,3364,3,True,0,2025-02-25,1,0.0,0.11,0.14,1,25,0,0,1,0.0,0.0
7,3365,3,True,0,2025-02-25,0,0.0,0.18,0.23,1,25,0,0,1,0.14285714285714285,0.0
7,3381,3,True,0,2025-02-25,0,0.0,0.3,0.39,1,25,0,0,1,0.14285714285714285,0.0
7,3386,3,True,0,2025-02-25,0,0.0,0.06,0.09,1,25,0,0,1,0.14285714285714285,0.0
7,3392,3,True,0,2025-02-25,1,0.0,0.1,0.14,1,25,0,0,1,0.14285714285714285,0.0
7,3397,3,True,0,2025-02-25,0,0.0,0.29,0.49,1,25,0,0,1,0.2857142857142857,0.0
7,3403,3,True,0,2025-02-25,0,0.0,0.17,0.26,1,25,0,0,1,0.2857142857142857,0.0
7,3413,3,True,0,2025-02-25,0,0.0,0.18,0.28,1,25,0,0,1,0.2857142857142857,0.0
7,3423,3,True,0,2025-02-25,0,0.0,0.05,0.06,1,25,0,0,1,0.14285714285714285,0.0
7,3426,3,True,0,2025-02-25,0,0.0,0.13,0.17,1,25,0,0,1,0.14285714285714285,0.0
7,3433,3,True,0,2025-02-25,0,0.0,0.08,0.1,1,25,0,0,1,0.14285714285714285,0.0
7,3444,3,True,0,2025-02-25,0,0.0,0.31,0.37,1,25,0,0,1,0.14285714285714285,0.0
7,3446,3,True,0,2025-02-25,0,0.0,0.06,0.07,1,25,0,0,1,0.0,0.0
7,3449,3,True,0,2025-02-25,0,0.0,0.36,0.42,1,25,0,0,1,0.0,0.0
7,3469,3,True,0,2025-02-25,0,0.0,0.09,0.11,1,25,0,0,1,0.0,0.0
7,3474,3,True,0,2025-02-25,0,0.0,0.31,0.36,1,25,0,0,1,0.0,0.0
7,3481,3,True,0,2025-02-25,0,0.0,0.08,0.1,1,25,0,0,1,0.0,0.0
7,3482,3,True,0,2025-02-25,1,0.0,0.12,0.14,1,25,0,0,1,0.0,0.0
7,3484,3,True,0,2025-02-25,0,0.0,0.09,0.11,1,25,0,0,1,0.14285714285714285,0.0
7,3492,3,True,0,2025-02-25,0,0.0,0.25,0.3,1,25,0,0,1,0.14285714285714285,0.0
7,3517,3,True,0,2025-02-25,1,0.0,0.24,0.32,1,25,0,0,1,0.14285714285714285,0.0
7,3518,3,True,0,2025-02-25,0,0.0,0.16,0.18,1,25,0,0,1,0.2857142857142857,0.0
7,3525,3,True,0,2025-02-25,0,0.0,0.15,0.21,1,25,0,0,1,0.2857142857142857,0.0
7,3526,3,True,0,2025-02-25,1,0.0,0.08,0.11,1,25,0,0,1,0.2857142857142857,0.0
7,3543,3,True,0,2025-02-25,0,0.0,0.16,0.23,1,25,0,0,1,0.42857142857142855,0.0
7,3551,3,True,0,2025-02-25,0,0.0,0.06,0.16,1,25,0,0,1,0.2857142857142857,0.0
7,3557,3,True,0,2025-02-25,0,0.0,0.09,0.12,1,25,0,0,1,0.2857142857142857,0.0
7,3559,3,True,0,2025-02-25,0,0.0,0.24,0.32,1,25,0,0,1,0.2857142857142857,0.0
7,3573,3,True,0,2025-02-25,0,0.0,0.29,0.34,1,25,0,0,1,0.14285714285714285,0.0
7,3586,3,True,0,2025-02-25,0,0.0,0.5,0.51,1,25,0,0,1,0.14285714285714285,0.0
7,3587,3,True,0,2025-02-25,0,0.0,0.04,0.05,1,25,0,0,1,0.14285714285714285,0.0
7,3610,3,True,0,2025-02-25,0,0.0,0.03,0.04,1,25,0,0,1,0.0,0.0
7,3615,3,True,0,2025-02-25,0,0.0,0.04,0.06,1,25,0,0,1,0.0,0.0
7,3616,3,True,0,2025-02-25,0,0.0,0.51,0.55,1,25,0,0,1,0.0,0.0
7,3629,3,True,0,2025-02-25,0,0.0,0.06,0.08,1,25,0,0,1,0.0,0.0
7,3630,3,True,0,2025-02-25,0,0.0,0.31,0.41,1,25,0,0,1,0.0,0.0
7,3638,3,True,0,2025-02-25,0,0.0,0.48,0.62,1,25,0,0,1,0.0,0.0
7,3644,3,True,0,2025-02-25,0,0.0,0.09,0.12,1,25,0,0,1,0.0,0.0
7,3655,3,True,0,2025-02-25,0,0.0,0.07,0.11,1,25,0,0,1,0.0,0.0
7,3659,3,True,0,2025-02-25,0,0.0,0.19,0.28,1,25,0,0,1,0.0,0.0
7,3660,3,True,0,2025-02-25,0,0.0,0.43,0.54,1,25,0,0,1,0.0,0.0
7,3667,3,True,0,2025-02-25,0,0.0,0.43,0.5,1,25,0,0,1,0.0,0.0
7,3672,3,True,0,2025-02-25,0,0.0,0.18,0.23,1,25,0,0,1,0.0,0.0
7,3682,3,True,0,2025-02-25,0,0.0,0.05,0.06,1,25,0,0,1,0.0,0.0
7,3697,3,True,0,2025-02-25,0,0.0,0.04,0.06,1,25,0,0,1,0.0,0.0
7,3714,3,True,0,2025-02-25,0,0.0,0.12,0.14,1,25,0,0,1,0.0,0.0
7,3742,3,True,0,2025-02-25,0,0.0,0.12,0.16,1,25,0,0,1,0.0,0.0
7,3765,3,True,0,2025-02-25,0,0.0,0.27,0.49,1,25,0,0,1,0.0,0.0
7,3773,3,True,0,2025-02-25,0,0.0,0.34,0.46,1,25,0,0,1,0.0,0.0
7,3779,3,True,0,2025-02-25,0,0.0,0.25,0.36,1,25,0,0,1,0.0,0.0
7,3785,3,True,0,2025-02-25,0,0.0,0.17,0.29,1,25,0,0,1,0.0,0.0
7,3804,3,True,0,2025-02-25,0,0.0,0.17,0.21,1,25,0,0,1,0.0,0.0
7,3823,3,True,0,2025-02-25,2,0.0,0.54,0.73,1,25,0,0,1,0.0,0.0
7,3827,3,True,0,2025-02-25,0,0.0,0.04,0.07,1,25,0,0,1,0.2857142857142857,0.0
7,3832,3,True,0,2025-02-25,2,0.0,0.05,0.12,1,25,0,0,1,0.2857142857142857,0.0
7,3837,3,True,0,2025-02-25,0,0.0,0.09,0.11,1,25,0,0,1,0.5714285714285714,0.0
7,3845,3,True,0,2025-02-25,0,0.0,0.01,0.01,1,25,0,0,1,0.5714285714285714,0.0
7,3846,3,True,0,2025-02-25,0,0.0,0.22,0.26,1,25,0,0,1,0.5714285714285714,0.0
7,3856,3,True,0,2025-02-25,0,0.0,0.21,0.27,1,25,0,0,1,0.5714285714285714,0.0
7,3867,3,True,0,2025-02-25,0,0.0,0.31,0.4,1,25,0,0,1,0.5714285714285714,0.0
7,3878,3,True,0,2025-02-25,0,0.0,0.05,0.06,1,25,0,0,1,0.2857142857142857,0.0
7,3881,3,True,0,2025-02-25,0,0.0,0.09,0.12,1,25,0,0,1,0.2857142857142857,0.0
7,3885,3,True,0,2025-02-25,0,0.0,0.05,0.07,1,25,0,0,1,0.0,0.0
7,3886,3,True,0,2025-02-25,0,0.0,0.49,0.71,1,25,0,0,1,0.0,0.0
7,3889,3,True,0,2025-02-25,0,0.0,0.1,0.16,1,25,0,0,1,0.0,0.0
7,3895,3,True,0,2025-02-25,1,0.0,0.21,0.22,1,25,0,0,1,0.0,0.0
7,3914,3,True,0,2025-02-25,0,0.0,0.4,0.57,1,25,0,0,1,0.14285714285714285,0.0
7,3916,3,True,0,2025-02-25,0,0.0,0.46,0.59,1,25,0,0,1,0.14285714285714285,0.0
7,3918,3,True,0,2025-02-25,1,0.0,0.4,0.49,1,25,0,0,1,0.14285714285714285,0.0
7,3932,3,True,0,2025-02-25,0,0.0,0.1,0.14,1,25,0,0,1,0.2857142857142857,0.0
7,3943,3,True,0,2025-02-25,0,0.0,0.25,0.29,1,25,0,0,1,0.2857142857142857,0.0
7,3947,3,True,0,2025-02-25,0,0.0,0.27,0.37,1,25,0,0,1,0.2857142857142857,0.0
7,3949,3,True,0,2025-02-25,0,0.0,0.06,0.08,1,25,0,0,1,0.2857142857142857,0.0
7,3952,3,True,0,2025-02-25,0,0.0,0.12,0.16,1,25,0,0,1,0.14285714285714285,0.0
7,3955,3,True,0,2025-02-25,0,0.0,0.73,0.76,1,25,0,0,1,0.14285714285714285,0.0
7,3967,3,True,0,2025-02-25,0,0.0,0.41,0.54,1,25,0,0,1,0.14285714285714285,0.0
7,3970,3,True,0,2025-02-25,0,0.0,0.15,0.19,1,25,0,0,1,0.0,0.0
7,3976,3,True,0,2025-02-25,0,0.0,0.24,0.29,1,25,0,0,1,0.0,0.0
7,3979,3,True,0,2025-02-25,0,0.0,0.15,0.21,1,25,0,0,1,0.0,0.0
7,3986,3,True,0,2025-02-25,0,0.0,0.62,0.22,1,25,0,0,1,0.0,0.0
7,3990,3,True,0,2025-02-25,0,0.0,0.1,0.13,1,25,0,0,1,0.0,0.0
7,3993,3,True,0,2025-02-25,0,0.0,0.13,0.18,1,25,0,0,1,0.0,0.0
7,4010,3,True,0,2025-02-25,0,0.0,0.17,0.31,1,25,0,0,1,0.0,0.0
7,4014,3,True,0,2025-02-25,0,0.0,0.39,0.46,1,25,0,0,1,0.0,0.0
7,4025,3,True,0,2025-02-25,0,0.0,0.17,0.15,1,25,0,0,1,0.0,0.0
7,4027,3,True,0,2025-02-25,0,0.0,0.11,0.13,1,25,0,0,1,0.0,0.0
7,4064,3,True,0,2025-02-25,0,0.0,0.05,0.08,1,25,0,0,1,0.0,0.0
7,4068,3,True,0,2025-02-25,0,0.0,0.17,0.23,1,25,0,0,1,0.0,1.1870779573225498
7,4073,3,True,0,2025-02-25,0,0.0,0.43,0.49,1,25,0,0,1,0.0,0.0
7,4077,3,True,0,2025-02-25,0,0.0,0.28,0.35,1,25,0,0,1,0.0,0.0
7,4082,3,True,0,2025-02-25,0,0.0,0.08,0.1,1,25,0,0,1,0.0,0.0
7,4084,3,True,0,2025-02-25,0,0.0,0.28,0.37,1,25,0,0,1,0.0,0.0
7,4094,3,True,0,2025-02-25,0,0.0,0.34,0.4,1,25,0,0,1,0.0,0.0
7,4102,3,True,0,2025-02-25,0,0.0,0.26,0.3,1,25,0,0,1,0.0,0.0
7,4117,3,True,0,2025-02-25,0,0.0,0.04,0.06,1,25,0,0,1,0.0,0.0
7,4129,3,True,0,2025-02-25,0,0.0,0.13,0.17,1,25,0,0,1,0.0,0.0
7,4136,3,True,0,2025-02-25,1,0.0,0.17,0.23,1,25,0,0,1,0.0,1.1571286320793486
7,4155,3,True,0,2025-02-25,0,0.0,0.02,0.03,1,25,0,0,1,0.14285714285714285,0.0
7,4183,3,True,0,2025-02-25,0,0.0,0.19,0.2,1,25,0,0,1,0.14285714285714285,0.0
7,4185,3,True,0,2025-02-25,1,0.0,0.15,0.21,1,25,0,0,1,0.14285714285714285,0.0
7,4187,3,True,0,2025-02-25,2,0.0,0.07,0.11,1,25,0,0,1,0.2857142857142857,0.0
7,4188,3,True,0,2025-02-25,0,0.0,0.03,0.03,1,25,0,0,1,0.5714285714285714,0.0
7,4190,3,True,0,2025-02-25,0,0.0,0.12,0.19,1,25,0,0,1,0.5714285714285714,0.0
7,4213,3,True,0,2025-02-25,0,0.0,0.01,0.01,1,25,0,0,1,0.5714285714285714,0.0
7,4223,3,True,0,2025-02-25,0,0.0,0.11,0.13,1,25,0,0,1,0.42857142857142855,0.0
7,4227,3,True,0,2025-02-25,0,0.0,0.41,0.76,1,25,0,0,1,0.42857142857142855,0.0
7,4237,3,True,0,2025-02-25,0,0.0,0.08,0.11,1,25,0,0,1,0.42857142857142855,0.0
7,4247,3,True,0,2025-02-25,0,0.0,0.04,0.05,1,25,0,0,1,0.2857142857142857,0.0
7,4249,3,True,0,2025-02-25,0,0.0,0.12,0.15,1,25,0,0,1,0.0,0.0
7,4250,3,True,0,2025-02-25,0,0.0,0.13,0.17,1,25,0,0,1,0.0,0.0
7,4253,3,True,0,2025-02-25,0,1.0,0.13,0.17,1,25,0,0,1,0.0,0.0
7,4255,3,True,0,2025-02-25,0,0.0,0.13,0.14,1,25,0,0,1,0.0,0.0
7,4258,3,True,0,2025-02-25,0,0.0,0.18,0.26,1,25,0,0,1,0.0,0.0
7,4272,3,True,0,2025-02-25,0,0.0,0.09,0.11,1,25,0,0,1,0.0,0.0
7,4273,3,True,0,2025-02-25,0,0.0,0.12,0.16,1,25,0,0,1,0.0,0.0
7,4276,3,True,0,2025-02-25,0,0.0,0.07,0.09,1,25,0,0,1,0.0,0.0
7,4285,3,True,0,2025-02-25,0,0.0,0.22,0.21,1,25,0,0,1,0.0,0.0
7,4291,3,True,0,2025-02-25,0,0.0,0.09,0.12,1,25,0,0,1,0.0,0.0
7,4295,3,True,0,2025-02-25,0,0.0,0.2,0.24,1,25,0,0,1,0.0,0.0
7,4306,3,True,0,2025-02-25,0,0.0,0.34,0.48,1,25,0,0,1,0.0,0.0
7,4314,3,True,0,2025-02-25,0,0.0,0.29,0.33,1,25,0,0,1,0.0,0.0
7,4318,3,True,0,2025-02-25,0,0.0,0.3,0.41,1,25,0,0,1,0.0,0.0
7,4323,3,True,0,2025-02-25,2,1.0,0.05,0.07,1,25,0,0,1,0.0,0.0
7,4324,3,True,0,2025-02-25,0,0.0,0.05,0.07,1,25,0,0,1,0.2857142857142857,0.0
7,4334,3,True,0,2025-02-25,1,0.0,0.29,0.36,1,25,0,0,1,0.2857142857142857,0.0
7,4338,3,True,0,2025-02-25,0,0.0,0.1,0.12,1,25,0,0,1,0.42857142857142855,0.0
7,4354,3,True,0,2025-02-25,0,0.0,0.02,0.02,1,25,0,0,1,0.42857142857142855,0.0
7,4362,3,True,0,2025-02-25,0,0.0,0.05,0.15,1,25,0,0,1,0.42857142857142855,0.0
7,4364,3,True,0,2025-02-25,0,0.0,0.37,0.45,1,25,0,0,1,0.42857142857142855,0.0
7,4374,3,True,0,2025-02-25,0,0.0,0.06,0.07,1,25,0,0,1,0.42857142857142855,0.0
7,4387,3,True,0,2025-02-25,0,0.0,0.08,0.1,1,25,0,0,1,0.14285714285714285,0.0
7,4414,3,True,0,2025-02-25,0,0.0,0.15,0.25,1,25,0,0,1,0.14285714285714285,0.0
7,4416,3,True,0,2025-02-25,0,0.0,0.05,0.06,1,25,0,0,1,0.0,0.0
7,4418,3,True,0,2025-02-25,0,0.0,0.14,0.17,1,25,0,0,1,0.0,0.0
7,4428,3,True,0,2025-02-25,1,0.0,0.42,0.45,1,25,0,0,1,0.0,0.0
7,4431,3,True,0,2025-02-25,0,0.0,0.05,0.07,1,25,0,0,1,0.14285714285714285,0.0
7,4446,3,True,0,2025-02-25,0,0.0,0.53,0.77,1,25,0,0,1,0.14285714285714285,0.0
7,4490,3,True,0,2025-02-25,0,0.0,0.18,0.2,1,25,0,0,1,0.14285714285714285,0.0
7,4496,3,True,0,2025-02-25,0,0.0,0.07,0.09,1,25,0,0,1,0.14285714285714285,0.0
7,4500,3,True,0,2025-02-25,0,0.0,0.11,0.14,1,25,0,0,1,0.14285714285714285,0.0
7,4543,3,True,0,2025-02-25,2,0.0,0.04,0.06,1,25,0,0,1,0.14285714285714285,0.0
7,4561,3,True,0,2025-02-25,0,0.0,0.11,0.12,1,25,0,0,1,0.42857142857142855,0.0
7,4566,3,True,0,2025-02-25,0,0.0,0.07,0.08,1,25,0,0,1,0.2857142857142857,0.0
7,4569,3,True,0,2025-02-25,0,0.0,0.29,0.39,1,25,0,0,1,0.2857142857142857,0.0
7,4592,3,True,0,2025-02-25,0,0.0,0.14,0.21,1,25,0,0,1,0.2857142857142857,0.0
7,4627,3,True,0,2025-02-25,0,0.0,0.06,0.08,1,25,0,0,1,0.2857142857142857,0.0
7,4631,3,True,0,2025-02-25,0,0.0,0.15,0.19,1,25,0,0,1,0.2857142857142857,0.0
7,4641,3,True,0,2025-02-25,0,0.0,0.31,0.43,1,25,0,0,1,0.2857142857142857,0.0
7,4650,3,True,0,2025-02-25,0,0.0,0.27,0.39,1,25,0,0,1,0.0,0.0
7,4656,3,True,0,2025-02-25,0,0.0,0.07,0.1,1,25,0,0,1,0.0,0.0
7,4661,3,True,0,2025-02-25,0,0.0,0.05,0.06,1,25,0,0,1,0.0,0.0
7,4667,3,True,0,2025-02-25,0,0.0,0.07,0.08,1,25,0,0,1,0.0,0.0
7,4671,3,True,0,2025-02-25,0,0.0,0.22,0.27,1,25,0,0,1,0.0,0.0
7,4674,3,True,0,2025-02-25,0,0.0,0.22,0.27,1,25,0,0,1,0.0,0.0
7,4682,3,True,0,2025-02-25,0,0.0,0.35,0.43,1,25,0,0,1,0.0,0.0
7,4687,3,True,0,2025-02-25,0,0.0,0.23,0.37,1,25,0,0,1,0.0,0.0
7,4691,3,True,0,2025-02-25,0,0.0,0.18,0.25,1,25,0,0,1,0.0,0.0
7,4717,3,True,0,2025-02-25,0,0.0,0.18,0.26,1,25,0,0,1,0.0,0.0
7,4719,3,True,0,2025-02-25,0,0.0,0.33,0.36,1,25,0,0,1,0.0,0.0
7,4726,3,True,0,2025-02-25,1,0.0,0.13,0.21,1,25,0,0,1,0.0,0.0
7,4727,3,True,0,2025-02-25,0,0.0,0.22,0.31,1,25,0,0,1,0.14285714285714285,0.0
7,4731,3,True,0,2025-02-25,0,0.0,0.26,0.34,1,25,0,0,1,0.14285714285714285,0.0
7,4732,3,True,0,2025-02-25,0,0.0,0.17,0.22,1,25,0,0,1,0.14285714285714285,0.0
7,4745,3,True,0,2025-02-25,1,0.0,0.2,0.27,1,25,0,0,1,0.14285714285714285,0.0
7,4747,3,True,0,2025-02-25,0,0.0,0.06,0.09,1,25,0,0,1,0.2857142857142857,0.0
7,4748,3,True,0,2025-02-25,0,0.0,0.16,0.17,1,25,0,0,1,0.2857142857142857,0.0
7,4755,3,True,0,2025-02-25,0,0.0,0.31,0.37,1,25,0,0,1,0.2857142857142857,0.0
7,4767,3,True,0,2025-02-25,0,0.0,0.1,0.1,1,25,0,0,1,0.14285714285714285,0.0
7,4773,3,True,0,2025-02-25,0,0.0,0.32,0.51,1,25,0,0,1,0.14285714285714285,0.0
7,4779,3,True,0,2025-02-25,0,0.0,0.04,0.07,1,25,0,0,1,0.14285714285714285,0.0
7,4791,3,True,0,2025-02-25,0,0.0,0.14,0.22,1,25,0,0,1,0.14285714285714285,0.0
7,4819,3,True,0,2025-02-25,0,0.0,0.26,0.13,1,25,0,0,1,0.0,0.0
7,4827,3,True,0,2025-02-25,0,0.0,0.26,0.28,1,25,0,0,1,0.0,0.0
7,4829,3,True,0,2025-02-25,0,0.0,0.25,0.3,1,25,0,0,1,0.0,0.0
7,4830,3,True,0,2025-02-25,1,0.0,0.53,0.59,1,25,0,0,1,0.0,0.0
7,4846,3,True,0,2025-02-25,0,0.0,0.19,0.22,1,25,0,0,1,0.14285714285714285,0.0
7,4860,3,True,0,2025-02-25,0,0.0,0.15,0.21,1,25,0,0,1,0.14285714285714285,0.0
7,4865,3,True,0,2025-02-25,1,0.0,0.24,0.27,1,25,0,0,1,0.14285714285714285,0.0
7,4866,3,True,0,2025-02-25,0,0.0,0.17,0.21,1,25,0,0,1,0.2857142857142857,0.0
7,4875,3,True,0,2025-02-25,0,0.0,0.18,0.27,1,25,0,0,1,0.2857142857142857,0.0
7,4882,3,True,0,2025-02-25,0,0.0,0.06,0.07,1,25,0,0,1,0.2857142857142857,0.0
7,4890,3,True,0,2025-02-25,0,0.0,0.08,0.12,1,25,0,0,1,0.2857142857142857,0.0
7,4891,3,True,0,2025-02-25,0,0.0,0.06,0.08,1,25,0,0,1,0.14285714285714285,0.0
7,4894,3,True,0,2025-02-25,0,0.0,0.41,0.49,1,25,0,0,1,0.14285714285714285,0.0
7,4896,3,True,0,2025-02-25,2,0.0,0.02,0.12,1,25,0,0,1,0.14285714285714285,0.0
7,4900,3,True,0,2025-02-25,0,0.0,0.07,0.09,1,25,0,0,1,0.2857142857142857,0.0
7,4909,3,True,0,2025-02-25,0,0.0,0.03,0.05,1,25,0,0,1,0.2857142857142857,0.0
7,4919,3,True,0,2025-02-25,0,0.0,0.14,0.16,1,25,0,0,1,0.2857142857142857,0.0
7,4923,3,True,0,2025-02-25,2,0.0,0.08,0.14,1,25,0,0,1,0.2857142857142857,0.0
7,4926,3,True,0,2025-02-25,0,0.0,0.11,0.16,1,25,0,0,1,0.5714285714285714,0.0
7,4946,3,True,0,2025-02-25,0,0.0,0.2,0.24,1,25,0,0,1,0.5714285714285714,0.0
7,4966,3,True,0,2025-02-25,0,0.0,0.02,0.03,1,25,0,0,1,0.5714285714285714,0.0
7,4969,3,True,0,2025-02-25,0,0.0,0.21,0.22,1,25,0,0,1,0.2857142857142857,0.0
7,4970,3,True,0,2025-02-25,0,0.0,0.12,0.16,1,25,0,0,1,0.2857142857142857,0.0
7,4979,3,True,0,2025-02-25,0,0.0,0.12,0.15,1,25,0,0,1,0.2857142857142857,0.0
7,4988,3,True,0,2025-02-25,0,0.0,0.21,0.26,1,25,0,0,1,0.2857142857142857,0.0
7,5013,3,True,0,2025-02-25,0,0.0,0.16,0.19,1,25,0,0,1,0.0,0.0
7,5032,3,True,0,2025-02-25,0,0.0,0.14,0.17,1,25,0,0,1,0.0,0.0
7,5033,3,True,0,2025-02-25,0,0.0,0.08,0.1,1,25,0,0,1,0.0,0.0
7,5042,3,True,0,2025-02-25,0,0.0,0.17,0.23,1,25,0,0,1,0.0,0.0
7,5045,3,True,0,2025-02-25,0,0.0,0.31,0.4,1,25,0,0,1,0.0,0.0
7,5046,3,True,0,2025-02-25,0,0.0,0.15,0.21,1,25,0,0,1,0.0,0.0
7,5056,3,True,0,2025-02-25,0,0.0,0.11,0.15,1,25,0,0,1,0.0,0.0
7,5058,3,True,0,2025-02-25,0,0.0,0.26,0.28,1,25,0,0,1,0.0,0.0
7,5062,3,True,0,2025-02-25,0,0.0,0.06,0.08,1,25,0,0,1,0.0,0.0
7,5064,3,True,0,2025-02-25,0,0.0,0.08,0.09,1,25,0,0,1,0.0,0.0
7,5068,3,True,0,2025-02-25,0,0.0,0.07,0.1,1,25,0,0,1,0.0,0.0
7,5073,3,True,0,2025-02-25,0,0.0,0.36,0.48,1,25,0,0,1,0.0,0.0
7,5078,3,True,0,2025-02-25,0,0.0,0.4,0.54,1,25,0,0,1,0.0,0.0
7,5080,3,True,0,2025-02-25,0,0.0,0.04,0.05,1,25,0,0,1,0.0,0.0
7,5086,3,True,0,2025-02-25,0,0.0,0.12,0.16,1,25,0,0,1,0.0,0.0
7,5106,3,True,0,2025-02-25,0,0.0,0.15,0.19,1,25,0,0,1,0.0,0.0
7,5109,3,True,0,2025-02-25,0,0.0,0.18,0.22,1,25,0,0,1,0.0,0.0
7,5115,3,True,0,2025-02-25,0,0.0,0.1,0.48,1,25,0,0,1,0.0,0.0
7,5133,3,True,0,2025-02-25,0,0.0,0.09,0.12,1,25,0,0,1,0.0,0.0
7,5137,3,True,0,2025-02-25,0,0.0,0.77,0.88,1,25,0,0,1,0.0,0.0
7,5148,3,True,0,2025-02-25,0,0.0,0.15,0.14,1,25,0,0,1,0.0,0.0
7,5156,3,True,0,2025-02-25,0,0.0,0.1,0.06,1,25,0,0,1,0.0,0.0
7,5159,3,True,0,2025-02-25,1,0.0,0.17,0.17,1,25,0,0,1,0.0,0.0
7,5161,3,True,0,2025-02-25,0,0.0,0.54,0.57,1,25,0,0,1,0.14285714285714285,0.0
7,5168,3,True,0,2025-02-25,0,0.0,0.27,0.37,1,25,0,0,1,0.14285714285714285,0.0
7,5174,3,True,0,2025-02-25,0,0.0,0.06,0.07,1,25,0,0,1,0.14285714285714285,0.0
7,5185,3,True,0,2025-02-25,0,0.0,0.16,0.2,1,25,0,0,1,0.14285714285714285,0.0
7,5190,3,True,0,2025-02-25,0,0.0,0.21,0.3,1,25,0,0,1,0.14285714285714285,0.0
7,5197,3,True,0,2025-02-25,0,0.0,0.15,0.18,1,25,0,0,1,0.14285714285714285,0.0
7,5206,3,True,0,2025-02-25,0,0.0,0.06,0.09,1,25,0,0,1,0.14285714285714285,0.0
7,5218,3,True,0,2025-02-25,0,0.0,0.27,0.33,1,25,0,0,1,0.0,0.0
7,5219,3,True,0,2025-02-25,0,0.0,0.09,0.12,1,25,0,0,1,0.0,0.0
7,5232,3,True,0,2025-02-25,0,0.0,0.21,0.27,1,25,0,0,1,0.0,0.0
7,5236,3,True,0,2025-02-25,0,0.0,0.12,0.15,1,25,0,0,1,0.0,0.0
7,5238,3,True,0,2025-02-25,0,0.0,0.16,0.17,1,25,0,0,1,0.0,0.0
7,5249,3,True,0,2025-02-25,0,0.0,0.17,0.06,1,25,0,0,1,0.0,0.0
7,5255,3,True,0,2025-02-25,0,0.0,0.18,0.24,1,25,0,0,1,0.0,0.0
7,5256,3,True,0,2025-02-25,0,0.0,0.11,0.15,1,25,0,0,1,0.0,0.0
7,5264,3,True,0,2025-02-25,0,0.0,0.12,0.16,1,25,0,0,1,0.0,0.0
7,5265,3,True,0,2025-02-25,0,0.0,0.21,0.27,1,25,0,0,1,0.0,0.0
7,5282,3,True,0,2025-02-25,0,0.0,0.38,0.45,1,25,0,0,1,0.0,0.0
7,6,4,False,0,2025-02-25,1,0.0,0.07,0.08,1,25,0,0,1,0.0,0.0
7,7,4,False,0,2025-02-25,0,0.0,0.02,0.03,1,25,0,0,1,0.14285714285714285,0.0
7,32,4,False,0,2025-02-25,0,0.0,0.02,0.03,1,25,0,0,1,0.14285714285714285,0.0
7,36,4,False,0,2025-02-25,3,0.0,0.04,0.07,1,25,0,0,1,0.14285714285714285,0.0
7,41,4,False,0,2025-02-25,0,0.0,0.02,0.04,1,25,0,0,1,0.5714285714285714,0.0
7,66,4,False,0,2025-02-25,3,0.0,0.01,0.02,1,25,0,0,1,0.5714285714285714,0.0
7,85,4,False,0,2025-02-25,2,0.0,0.03,0.04,1,25,0,0,1,1.0,0.0
7,95,4,False,0,2025-02-25,2,0.0,0.06,0.09,1,25,0,0,1,1.2857142857142858,0.0
7,119,4,False,0,2025-02-25,1,0.0,0.05,0.07,1,25,0,0,1,1.4285714285714286,0.0
7,120,4,False,0,2025-02-25,0,0.0,0.02,0.02,1,25,0,0,1,1.5714285714285714,0.0
7,125,4,False,0,2025-02-25,5,0.0,0.01,0.01,1,25,0,0,1,1.5714285714285714,0.0
7,126,4,False,0,2025-02-25,0,0.0,0.03,0.03,1,25,0,0,1,1.8571428571428572,0.0
7,132,4,False,0,2025-02-25,1,0.0,0.05,0.06,1,25,0,0,1,1.8571428571428572,0.0
7,158,4,False,0,2025-02-25,3,0.0,0.05,0.04,1,25,0,0,1,1.5714285714285714,0.0
7,189,4,False,0,2025-02-25,1,0.0,0.07,0.12,1,25,0,0,1,1.7142857142857142,0.0
7,193,4,False,0,2025-02-25,0,0.0,0.02,0.03,1,25,0,0,1,1.5714285714285714,0.0
7,217,4,False,0,2025-02-25,0,0.0,0.01,0.01,1,25,0,0,1,1.4285714285714286,0.0
7,221,4,False,0,2025-02-25,0,0.0,0.06,0.12,1,25,0,0,1,1.4285714285714286,0.0
7,225,4,False,0,2025-02-25,2,0.0,0.05,0.08,1,25,0,0,1,0.7142857142857143,0.0
7,252,4,False,0,2025-02-25,2,0.0,0.03,0.06,1,25,0,0,1,1.0,0.0
7,253,4,False,0,2025-02-25,2,0.0,0.09,0.13,1,25,0,0,1,1.1428571428571428,0.0
7,267,4,False,0,2025-02-25,2,0.0,0.11,0.15,1,25,0,0,1,1.0,0.0
7,286,4,False,0,2025-02-25,3,0.0,0.04,0.06,1,25,0,0,1,1.1428571428571428,0.0
7,291,4,False,0,2025-02-25,0,0.0,0.07,0.09,1,25,0,0,1,1.5714285714285714,0.0
7,318,4,False,0,2025-02-25,2,0.0,0.05,0.07,1,25,0,0,1,1.5714285714285714,0.0
7,321,4,False,0,2025-02-25,2,0.0,0.12,0.17,1,25,0,0,1,1.8571428571428572,0.0
7,329,4,False,0,2025-02-25,2,0.0,0.03,0.05,1,25,0,0,1,1.8571428571428572,0.0
7,336,4,False,0,2025-02-25,2,0.0,0.12,0.16,1,25,0,0,1,1.8571428571428572,0.0
7,346,4,False,0,2025-02-25,0,0.0,0.03,0.03,1,25,0,0,1,1.8571428571428572,0.0
7,354,4,False,0,2025-02-25,2,0.0,0.13,0.2,1,25,0,0,1,1.5714285714285714,0.0
7,359,4,False,0,2025-02-25,1,0.0,0.03,0.03,1,25,0,0,1,1.4285714285714286,0.0
7,360,4,False,0,2025-02-25,1,0.0,0.06,0.09,1,25,0,0,1,1.5714285714285714,0.0
7,368,4,False,0,2025-02-25,3,0.0,0.04,0.07,1,25,0,0,1,1.4285714285714286,0.0
7,388,4,False,0,2025-02-25,6,0.0,0.08,0.11,1,25,0,0,1,1.5714285714285714,0.0
7,416,4,False,0,2025-02-25,1,0.0,0.1,0.12,1,25,0,0,1,2.142857142857143,0.0
7,428,4,False,0,2025-02-25,2,0.0,0.02,0.03,1,25,0,0,1,2.0,0.0
7,434,4,False,0,2025-02-25,0,0.0,0.03,0.04,1,25,0,0,1,2.2857142857142856,0.0
7,438,4,False,0,2025-02-25,1,0.0,0.04,0.05,1,25,0,0,1,2.0,0.0
7,441,4,False,0,2025-02-25,2,0.0,0.04,0.05,1,25,0,0,1,2.0,0.0
7,446,4,False,0,2025-02-25,0,0.0,0.03,0.04,1,25,0,0,1,2.142857142857143,0.0
7,454,4,False,0,2025-02-25,0,0.0,0.02,0.03,1,25,0,0,1,1.7142857142857142,0.0
7,457,4,False,0,2025-02-25,1,0.0,0.01,0.02,1,25,0,0,1,0.8571428571428571,0.0
7,467,4,False,0,2025-02-25,0,0.0,0.01,0.02,1,25,0,0,1,0.8571428571428571,0.0
7,474,4,False,0,2025-02-25,11,0.0,0.08,0.11,1,25,0,0,1,0.5714285714285714,0.0
7,481,4,False,0,2025-02-25,1,0.0,0.13,0.15,1,25,0,0,1,2.142857142857143,0.0
7,498,4,False,0,2025-02-25,2,0.0,0.13,0.18,1,25,0,0,1,2.142857142857143,0.0
7,505,4,False,0,2025-02-25,0,0.0,0.04,0.05,1,25,0,0,1,2.142857142857143,0.0
7,510,4,False,0,2025-02-25,1,0.0,0.03,0.05,1,25,0,0,1,2.142857142857143,0.0
7,515,4,False,0,2025-02-25,1,0.0,0.03,0.04,1,25,0,0,1,2.2857142857142856,0.0
7,528,4,False,0,2025-02-25,2,0.0,0.05,0.1,1,25,0,0,1,2.2857142857142856,0.0
7,556,4,False,0,2025-02-25,0,0.0,0.02,0.03,1,25,0,0,1,2.5714285714285716,0.0
7,565,4,False,0,2025-02-25,2,0.0,0.08,0.12,1,25,0,0,1,1.0,0.0
7,574,4,False,0,2025-02-25,1,0.0,0.15,0.21,1,25,0,0,1,1.1428571428571428,0.0
7,576,4,False,0,2025-02-25,0,0.0,0.04,0.05,1,25,0,0,1,1.0,0.0
7,587,4,False,0,2025-02-25,0,0.0,0.07,0.11,1,25,0,0,1,1.0,0.0
7,603,4,False,0,2025-02-25,0,0.0,0.06,0.09,1,25,0,0,1,0.8571428571428571,0.0
7,624,4,False,0,2025-02-25,1,0.0,0.05,0.06,1,25,0,0,1,0.7142857142857143,0.0
7,626,4,False,0,2025-02-25,1,0.0,0.01,0.02,1,25,0,0,1,0.5714285714285714,0.0
7,644,4,False,0,2025-02-25,2,0.0,0.09,0.14,1,25,0,0,1,0.7142857142857143,0.0
7,652,4,False,0,2025-02-25,2,0.0,0.04,0.08,1,25,0,0,1,0.7142857142857143,0.0
7,660,4,False,0,2025-02-25,3,0.0,0.06,0.12,1,25,0,0,1,0.8571428571428571,0.0
7,665,4,False,0,2025-02-25,0,0.0,0.04,0.05,1,25,0,0,1,1.2857142857142858,0.0
7,666,4,False,0,2025-02-25,0,0.0,0.04,0.07,1,25,0,0,1,1.2857142857142858,0.0
7,672,4,False,0,2025-02-25,0,0.0,0.04,0.06,1,25,0,0,1,1.2857142857142858,0.0
7,692,4,False,0,2025-02-25,1,0.0,0.02,0.04,1,25,0,0,1,1.1428571428571428,0.0
7,707,4,False,0,2025-02-25,2,0.0,0.06,0.08,1,25,0,0,1,1.1428571428571428,0.0
7,721,4,False,0,2025-02-25,0,0.0,0.03,0.03,1,25,0,0,1,1.1428571428571428,0.0
7,722,4,False,0,2025-02-25,2,0.0,0.09,0.12,1,25,0,0,1,0.8571428571428571,0.0
7,732,4,False,0,2025-02-25,2,0.0,0.06,0.08,1,25,0,0,1,0.7142857142857143,0.0
7,735,4,False,0,2025-02-25,1,0.0,0.03,0.04,1,25,0,0,1,1.0,0.0
7,737,4,False,0,2025-02-25,0,0.0,0.07,0.1,1,25,0,0,1,1.1428571428571428,0.0
7,765,4,False,0,2025-02-25,3,0.0,0.02,0.04,1,25,0,0,1,1.1428571428571428,0.0
7,773,4,False,0,2025-02-25,0,0.0,0.0,0.01,1,25,0,0,1,1.4285714285714286,0.0
7,801,4,False,0,2025-02-25,0,0.0,0.01,0.01,1,25,0,0,1,1.1428571428571428,0.0
7,814,4,False,0,2025-02-25,2,0.0,0.09,0.13,1,25,0,0,1,1.1428571428571428,0.0
7,817,4,False,0,2025-02-25,2,0.0,0.05,0.07,1,25,0,0,1,1.1428571428571428,0.0
7,822,4,False,0,2025-02-25,4,0.0,0.03,0.06,1,25,0,0,1,1.1428571428571428,0.0
7,823,4,False,0,2025-02-25,0,0.0,0.03,0.04,1,25,0,0,1,1.5714285714285714,0.0
7,834,4,False,0,2025-02-25,0,0.0,0.22,0.22,1,25,0,0,1,1.5714285714285714,0.0
7,851,4,False,0,2025-02-25,0,0.0,0.06,0.07,1,25,0,0,1,1.1428571428571428,0.0
7,860,4,False,0,2025-02-25,0,1.0,0.02,0.03,1,25,0,0,1,1.1428571428571428,0.0
7,878,4,False,0,2025-02-25,1,0.0,0.16,0.31,1,25,0,0,1,1.1428571428571428,0.0
7,896,4,False,0,2025-02-25,1,0.0,0.13,0.14,1,25,0,0,1,1.0,0.0
7,910,4,False,0,2025-02-25,0,0.0,0.01,0.02,1,25,0,0,1,0.8571428571428571,0.0
7,912,4,False,0,2025-02-25,2,0.0,0.14,0.24,1,25,0,0,1,0.2857142857142857,0.0
7,918,4,False,0,2025-02-25,2,0.0,0.07,0.09,1,25,0,0,1,0.5714285714285714,0.0
7,925,4,False,0,2025-02-25,0,0.0,0.01,0.02,1,25,0,0,1,0.8571428571428571,0.0
7,928,4,False,0,2025-02-25,2,0.0,0.03,0.05,1,25,0,0,1,0.8571428571428571,0.0
7,936,4,False,0,2025-02-25,1,0.0,0.03,0.05,1,25,0,0,1,1.1428571428571428,0.0
7,962,4,False,0,2025-02-25,2,0.0,0.04,0.05,1,25,0,0,1,1.1428571428571428,0.0
7,987,4,False,0,2025-02-25,0,0.0,0.02,0.03,1,25,0,0,1,1.2857142857142858,0.0
7,991,4,False,0,2025-02-25,1,0.0,0.02,0.03,1,25,0,0,1,1.2857142857142858,0.0
7,995,4,False,0,2025-02-25,2,0.0,0.03,0.05,1,25,0,0,1,1.1428571428571428,0.0
7,1032,4,False,0,2025-02-25,2,0.0,0.13,0.17,1,25,0,0,1,1.1428571428571428,0.0
7,1035,4,False,0,2025-02-25,1,0.0,0.03,0.04,1,25,0,0,1,1.4285714285714286,0.0
7,1091,4,False,0,2025-02-25,2,0.0,0.06,0.09,1,25,0,0,1,1.2857142857142858,0.0
7,1101,4,False,0,2025-02-25,1,0.0,0.03,0.04,1,25,0,0,1,1.4285714285714286,0.0
7,1113,4,False,0,2025-02-25,0,0.0,0.03,0.03,1,25,0,0,1,1.2857142857142858,0.0
7,1121,4,False,0,2025-02-25,2,0.0,0.04,0.06,1,25,0,0,1,1.2857142857142858,0.0
7,1129,4,False,0,2025-02-25,4,0.0,0.01,0.01,1,25,0,0,1,1.4285714285714286,0.0
7,1130,4,False,0,2025-02-25,3,0.0,0.04,0.06,1,25,0,0,1,1.7142857142857142,0.0
7,1144,4,False,0,2025-02-25,2,0.0,0.12,0.2,1,25,0,0,1,1.8571428571428572,0.0
7,1151,4,False,0,2025-02-25,0,0.0,0.01,0.02,1,25,0,0,1,2.0,0.0
7,1165,4,False,0,2025-02-25,2,0.0,0.02,0.02,1,25,0,0,1,1.7142857142857142,0.0
7,1187,4,False,0,2025-02-25,3,0.0,0.01,0.02,1,25,0,0,1,1.8571428571428572,0.0
7,1210,4,False,0,2025-02-25,4,0.0,0.01,0.01,1,25,0,0,1,2.2857142857142856,0.0
7,1211,4,False,0,2025-02-25,2,0.0,0.1,0.12,1,25,0,0,1,2.5714285714285716,0.0
7,1218,4,False,0,2025-02-25,6,0.0,0.04,0.06,1,25,0,0,1,2.2857142857142856,0.0
7,1230,4,False,0,2025-02-25,1,0.0,0.06,0.07,1,25,0,0,1,2.7142857142857144,0.0
7,1234,4,False,0,2025-02-25,0,0.0,0.18,0.24,1,25,0,0,1,2.5714285714285716,0.0
7,1239,4,False,0,2025-02-25,2,0.0,0.09,0.12,1,25,0,0,1,2.5714285714285716,0.0
7,1255,4,False,0,2025-02-25,0,0.0,0.03,0.04,1,25,0,0,1,2.5714285714285716,0.0
7,1272,4,False,0,2025-02-25,0,0.0,0.02,0.03,1,25,0,0,1,2.142857142857143,0.0
7,1275,4,False,0,2025-02-25,3,0.0,0.01,0.03,1,25,0,0,1,1.5714285714285714,0.0
7,1277,4,False,0,2025-02-25,0,0.0,0.05,0.07,1,25,0,0,1,1.7142857142857142,0.0
7,1282,4,False,0,2025-02-25,1,0.0,0.17,0.25,1,25,0,0,1,0.8571428571428571,0.0
7,1283,4,False,0,2025-02-25,2,0.0,0.04,0.07,1,25,0,0,1,0.8571428571428571,0.0
7,1351,4,False,0,2025-02-25,2,0.0,0.08,0.11,1,25,0,0,1,1.1428571428571428,0.0
7,1352,4,False,0,2025-02-25,2,0.0,0.03,0.05,1,25,0,0,1,1.1428571428571428,0.0
7,1368,4,False,0,2025-02-25,6,0.0,0.03,0.05,1,25,0,0,1,1.4285714285714286,0.0
7,1381,4,False,0,2025-02-25,2,0.0,0.05,0.07,1,25,0,0,1,2.2857142857142856,0.0
7,1397,4,False,0,2025-02-25,0,0.0,0.05,0.09,1,25,0,0,1,2.142857142857143,0.0
7,1408,4,False,0,2025-02-25,1,0.0,0.12,0.16,1,25,0,0,1,2.142857142857143,0.0
7,1434,4,False,0,2025-02-25,3,0.0,0.03,0.03,1,25,0,0,1,2.142857142857143,0.0
7,1437,4,False,0,2025-02-25,0,0.0,0.04,0.07,1,25,0,0,1,2.2857142857142856,0.0
7,1438,4,False,0,2025-02-25,0,0.0,0.36,0.42,1,25,0,0,1,2.0,0.0
7,1444,4,False,0,2025-02-25,2,0.0,0.02,0.03,1,25,0,0,1,1.7142857142857142,0.0
7,1452,4,False,0,2025-02-25,2,0.0,0.05,0.08,1,25,0,0,1,1.1428571428571428,0.0
7,1454,4,False,0,2025-02-25,0,0.0,0.03,0.04,1,25,0,0,1,1.1428571428571428,0.0
7,1461,4,False,0,2025-02-25,0,0.0,0.02,0.04,1,25,0,0,1,1.1428571428571428,0.0
7,1467,4,False,0,2025-02-25,2,0.0,0.06,0.08,1,25,0,0,1,1.0,0.0
7,1475,4,False,0,2025-02-25,0,0.0,0.06,0.08,1,25,0,0,1,0.8571428571428571,0.0
7,1487,4,False,0,2025-02-25,3,0.0,0.05,0.07,1,25,0,0,1,0.8571428571428571,0.0
7,1490,4,False,0,2025-02-25,1,0.0,0.12,0.18,1,25,0,0,1,1.2857142857142858,0.0
7,1501,4,False,0,2025-02-25,2,0.0,0.02,0.03,1,25,0,0,1,1.1428571428571428,0.0
7,1516,4,False,0,2025-02-25,3,0.0,0.03,0.04,1,25,0,0,1,1.1428571428571428,0.0
7,1524,4,False,0,2025-02-25,2,0.0,0.06,0.09,1,25,0,0,1,1.5714285714285714,0.0
7,1527,4,False,0,2025-02-25,2,0.0,0.08,0.13,1,25,0,0,1,1.8571428571428572,0.0
7,1532,4,False,0,2025-02-25,0,0.0,0.03,0.05,1,25,0,0,1,1.8571428571428572,0.0
7,1552,4,False,0,2025-02-25,2,0.0,0.17,0.21,1,25,0,0,1,1.8571428571428572,0.0
7,1554,4,False,0,2025-02-25,0,0.0,0.03,0.04,1,25,0,0,1,1.7142857142857142,0.0
7,1565,4,False,0,2025-02-25,0,0.0,0.05,0.09,1,25,0,0,1,1.5714285714285714,0.0
7,1571,4,False,0,2025-02-25,1,0.0,0.09,0.13,1,25,0,0,1,1.2857142857142858,0.0
7,1575,4,False,0,2025-02-25,0,0.0,0.18,0.27,1,25,0,0,1,1.0,0.0
7,1589,4,False,0,2025-02-25,0,0.0,0.02,0.04,1,25,0,0,1,0.7142857142857143,0.0
7,1601,4,False,0,2025-02-25,2,0.0,0.1,0.2,1,25,0,0,1,0.42857142857142855,0.0
7,1608,4,False,0,2025-02-25,3,0.0,0.05,0.07,1,25,0,0,1,0.7142857142857143,0.0
7,1612,4,False,0,2025-02-25,1,0.0,0.06,0.07,1,25,0,0,1,0.8571428571428571,0.0
7,1623,4,False,0,2025-02-25,4,0.0,0.03,0.04,1,25,0,0,1,1.0,0.0
7,1637,4,False,0,2025-02-25,1,0.0,0.07,0.09,1,25,0,0,1,1.5714285714285714,0.0
7,1647,4,False,0,2025-02-25,1,0.0,0.09,0.12,1,25,0,0,1,1.5714285714285714,0.0
7,1655,4,False,0,2025-02-25,1,0.0,0.06,0.07,1,25,0,0,1,1.7142857142857142,0.0
7,1674,4,False,0,2025-02-25,0,0.0,0.04,0.06,1,25,0,0,1,1.8571428571428572,0.0
7,1676,4,False,0,2025-02-25,0,0.0,0.02,0.03,1,25,0,0,1,1.5714285714285714,0.0
7,1707,4,False,0,2025-02-25,0,0.0,0.01,0.02,1,25,0,0,1,1.1428571428571428,0.0
7,1712,4,False,0,2025-02-25,0,0.0,0.13,0.17,1,25,0,0,1,1.0,0.0
7,1742,4,False,0,2025-02-25,4,0.0,0.05,0.08,1,25,0,0,1,0.42857142857142855,0.0
7,1743,4,False,0,2025-02-25,0,0.0,0.05,0.07,1,25,0,0,1,0.8571428571428571,0.0
7,1747,4,False,0,2025-02-25,0,0.0,0.02,0.03,1,25,0,0,1,0.7142857142857143,0.0
7,1757,4,False,0,2025-02-25,3,0.0,0.01,0.02,1,25,0,0,1,0.5714285714285714,0.0
7,1761,4,False,0,2025-02-25,1,0.0,0.04,0.06,1,25,0,0,1,1.0,0.0
7,1768,4,False,0,2025-02-25,2,0.0,0.07,0.1,1,25,0,0,1,1.1428571428571428,0.0
7,1773,4,False,0,2025-02-25,2,0.0,0.04,0.06,1,25,0,0,1,1.4285714285714286,0.0
7,1780,4,False,0,2025-02-25,2,0.0,0.02,0.04,1,25,0,0,1,1.7142857142857142,0.0
7,1809,4,False,0,2025-02-25,0,0.0,0.01,0.01,1,25,0,0,1,1.4285714285714286,0.0
7,1820,4,False,0,2025-02-25,0,0.0,0.03,0.06,1,25,0,0,1,1.4285714285714286,0.0
7,1825,4,False,0,2025-02-25,0,0.0,0.06,0.09,1,25,0,0,1,1.4285714285714286,0.0
7,1833,4,False,0,2025-02-25,0,0.0,0.04,0.06,1,25,0,0,1,1.0,0.0
7,1848,4,False,0,2025-02-25,6,0.0,0.01,0.06,1,25,0,0,1,0.8571428571428571,0.0
7,1854,4,False,0,2025-02-25,0,0.0,0.03,0.05,1,25,0,0,1,1.4285714285714286,0.0
7,1864,4,False,0,2025-02-25,3,0.0,0.07,0.11,1,25,0,0,1,1.1428571428571428,0.0
7,1898,4,False,0,2025-02-25,0,0.0,0.08,0.13,1,25,0,0,1,1.2857142857142858,0.0
7,1909,4,False,0,2025-02-25,0,0.0,0.1,0.11,1,25,0,0,1,1.2857142857142858,0.0
7,1910,4,False,0,2025-02-25,0,0.0,0.09,0.16,1,25,0,0,1,1.2857142857142858,0.0
7,1921,4,False,0,2025-02-25,0,0.0,0.03,0.05,1,25,0,0,1,1.2857142857142858,0.0
7,1929,4,False,0,2025-02-25,3,0.0,0.01,0.02,1,25,0,0,1,1.2857142857142858,0.0
7,1935,4,False,0,2025-02-25,0,0.0,0.01,0.02,1,25,0,0,1,0.8571428571428571,0.0
7,1944,4,False,0,2025-02-25,3,0.0,0.07,0.09,1,25,0,0,1,0.8571428571428571,0.0
7,1948,4,False,0,2025-02-25,2,0.0,0.09,0.09,1,25,0,0,1,0.8571428571428571,0.0
7,1953,4,False,0,2025-02-25,4,0.0,0.03,0.05,1,25,0,0,1,1.1428571428571428,0.0
7,1955,4,False,0,2025-02-25,2,0.0,0.13,0.16,1,25,0,0,1,1.7142857142857142,0.0
7,1970,4,False,0,2025-02-25,1,0.0,0.07,0.11,1,25,0,0,1,2.0,0.0
7,1973,4,False,0,2025-02-25,0,0.0,0.03,0.04,1,25,0,0,1,2.142857142857143,0.0
7,1982,4,False,0,2025-02-25,0,0.0,0.01,0.02,1,25,0,0,1,1.7142857142857142,0.0
7,2000,4,False,0,2025-02-25,1,0.0,0.13,0.18,1,25,0,0,1,1.7142857142857142,0.0
7,2021,4,False,0,2025-02-25,0,0.0,0.01,0.02,1,25,0,0,1,1.4285714285714286,0.0
7,2030,4,False,0,2025-02-25,1,0.0,0.09,0.12,1,25,0,0,1,1.1428571428571428,0.0
7,2034,4,False,0,2025-02-25,5,0.0,0.03,0.04,1,25,0,0,1,0.7142857142857143,0.0
7,2036,4,False,0,2025-02-25,1,0.0,0.13,0.15,1,25,0,0,1,1.1428571428571428,0.0
7,2038,4,False,0,2025-02-25,2,0.0,0.11,0.15,1,25,0,0,1,1.1428571428571428,0.0
7,2053,4,False,0,2025-02-25,2,0.0,0.2,0.27,1,25,0,0,1,1.4285714285714286,0.0
7,2077,4,False,0,2025-02-25,8,0.0,0.02,0.04,1,25,0,0,1,1.7142857142857142,0.0
7,2091,4,False,0,2025-02-25,2,0.0,0.11,0.16,1,25,0,0,1,2.7142857142857144,0.0
7,2106,4,False,0,2025-02-25,1,0.0,0.12,0.2,1,25,0,0,1,3.0,0.0
7,2119,4,False,0,2025-02-25,0,0.0,0.09,0.11,1,25,0,0,1,3.0,0.0
7,2152,4,False,0,2025-02-25,3,0.0,0.05,0.07,1,25,0,0,1,2.2857142857142856,0.0
7,2163,4,False,0,2025-02-25,1,0.0,0.07,0.09,1,25,0,0,1,2.5714285714285716,0.0
7,2172,4,False,0,2025-02-25,0,0.0,0.06,0.07,1,25,0,0,1,2.4285714285714284,0.0
7,2181,4,False,0,2025-02-25,0,0.0,0.05,0.07,1,25,0,0,1,2.142857142857143,0.0
7,2196,4,False,0,2025-02-25,2,0.0,0.03,0.05,1,25,0,0,1,1.0,0.0
7,2204,4,False,0,2025-02-25,0,0.0,0.04,0.04,1,25,0,0,1,1.0,0.0
7,2217,4,False,0,2025-02-25,0,0.0,0.01,0.01,1,25,0,0,1,0.8571428571428571,0.0
7,2242,4,False,0,2025-02-25,3,0.0,0.06,0.11,1,25,0,0,1,0.8571428571428571,0.0
7,2244,4,False,0,2025-02-25,2,0.0,0.03,0.05,1,25,0,0,1,0.8571428571428571,0.0
7,2278,4,False,0,2025-02-25,1,0.0,0.09,0.13,1,25,0,0,1,1.0,0.0
7,2313,4,False,0,2025-02-25,2,0.0,0.01,0.02,1,25,0,0,1,1.1428571428571428,0.0
7,2334,4,False,0,2025-02-25,2,0.0,0.1,0.12,1,25,0,0,1,1.4285714285714286,0.0
7,2336,4,False,0,2025-02-25,1,0.0,0.04,0.05,1,25,0,0,1,1.4285714285714286,0.0
7,2342,4,False,0,2025-02-25,1,0.0,0.02,0.02,1,25,0,0,1,1.5714285714285714,0.0
7,2363,4,False,0,2025-02-25,0,0.0,0.07,0.09,1,25,0,0,1,1.7142857142857142,0.0
7,2375,4,False,0,2025-02-25,2,0.0,0.05,0.07,1,25,0,0,1,1.2857142857142858,0.0
7,2389,4,False,0,2025-02-25,0,0.0,0.04,0.04,1,25,0,0,1,1.2857142857142858,0.0
7,2390,4,False,0,2025-02-25,3,0.0,0.03,0.04,1,25,0,0,1,1.1428571428571428,0.0
7,2403,4,False,0,2025-02-25,3,0.0,0.03,0.05,1,25,0,0,1,1.2857142857142858,0.0
7,2410,4,False,0,2025-02-25,2,0.0,0.03,0.05,1,25,0,0,1,1.4285714285714286,0.0
7,2421,4,False,0,2025-02-25,0,0.0,0.02,0.02,1,25,0,0,1,1.5714285714285714,0.0
7,2434,4,False,0,2025-02-25,0,0.0,0.03,0.04,1,25,0,0,1,1.4285714285714286,0.0
7,2444,4,False,0,2025-02-25,1,0.0,0.06,0.07,1,25,0,0,1,1.4285714285714286,0.0
7,2445,4,False,0,2025-02-25,1,0.0,0.06,0.08,1,25,0,0,1,1.2857142857142858,0.0
7,2451,4,False,0,2025-02-25,0,0.0,0.02,0.04,1,25,0,0,1,1.4285714285714286,0.0
7,2453,4,False,0,2025-02-25,2,0.0,0.04,0.05,1,25,0,0,1,1.0,0.0
7,2488,4,False,0,2025-02-25,1,0.0,0.16,0.2,1,25,0,0,1,0.8571428571428571,0.0
7,2494,4,False,0,2025-02-25,0,0.0,0.04,0.06,1,25,0,0,1,0.7142857142857143,0.0
7,2512,4,False,0,2025-02-25,2,0.0,0.05,0.08,1,25,0,0,1,0.7142857142857143,0.0
7,2525,4,False,0,2025-02-25,2,0.0,0.11,0.15,1,25,0,0,1,1.0,0.0
7,2529,4,False,0,2025-02-25,1,0.0,0.03,0.05,1,25,0,0,1,1.1428571428571428,0.0
7,2531,4,False,0,2025-02-25,2,0.0,0.03,0.04,1,25,0,0,1,1.1428571428571428,0.0
7,2542,4,False,0,2025-02-25,0,0.0,0.02,0.03,1,25,0,0,1,1.4285714285714286,0.0
7,2556,4,False,0,2025-02-25,0,0.0,0.08,0.1,1,25,0,0,1,1.1428571428571428,0.0
7,2559,4,False,0,2025-02-25,0,0.0,0.03,0.05,1,25,0,0,1,1.0,0.0
7,2564,4,False,0,2025-02-25,0,0.0,0.01,0.02,1,25,0,0,1,1.0,0.0
7,2571,4,False,0,2025-02-25,2,0.0,0.14,0.14,1,25,0,0,1,0.7142857142857143,0.0
7,2589,4,False,0,2025-02-25,2,0.0,0.05,0.06,1,25,0,0,1,0.7142857142857143,0.0
7,2603,4,False,0,2025-02-25,3,0.0,0.1,0.15,1,25,0,0,1,0.8571428571428571,0.0
7,2610,4,False,0,2025-02-25,3,0.0,0.05,0.07,1,25,0,0,1,1.0,0.0
7,2613,4,False,0,2025-02-25,2,0.0,0.1,0.12,1,25,0,0,1,1.4285714285714286,0.0
7,2616,4,False,0,2025-02-25,0,0.0,0.02,0.04,1,25,0,0,1,1.7142857142857142,0.0
7,2623,4,False,0,2025-02-25,2,0.0,0.07,0.04,1,25,0,0,1,1.7142857142857142,0.0
7,2628,4,False,0,2025-02-25,0,0.0,0.04,0.06,1,25,0,0,1,2.0,0.0
7,2635,4,False,0,2025-02-25,0,0.0,0.03,0.04,1,25,0,0,1,1.7142857142857142,0.0
7,2638,4,False,0,2025-02-25,0,0.0,0.02,0.03,1,25,0,0,1,1.4285714285714286,0.0
7,2639,4,False,0,2025-02-25,0,0.0,0.03,0.05,1,25,0,0,1,1.0,0.0
7,2643,4,False,0,2025-02-25,1,0.0,0.09,0.12,1,25,0,0,1,0.5714285714285714,0.0
7,2651,4,False,0,2025-02-25,2,0.0,0.07,0.13,1,25,0,0,1,0.42857142857142855,0.0
7,2653,4,False,0,2025-02-25,3,0.0,0.04,0.05,1,25,0,0,1,0.7142857142857143,0.0
7,2655,4,False,0,2025-02-25,2,0.0,0.12,0.13,1,25,0,0,1,0.8571428571428571,0.0
7,2667,4,False,0,2025-02-25,1,0.0,0.14,0.22,1,25,0,0,1,1.1428571428571428,0.0
7,2670,4,False,0,2025-02-25,2,0.0,0.09,0.1,1,25,0,0,1,1.2857142857142858,0.0
7,2671,4,False,0,2025-02-25,0,0.0,0.02,0.03,1,25,0,0,1,1.5714285714285714,0.0
7,2679,4,False,0,2025-02-25,2,0.0,0.03,0.05,1,25,0,0,1,1.5714285714285714,0.0
7,2690,4,False,0,2025-02-25,2,0.0,0.09,0.11,1,25,0,0,1,1.7142857142857142,0.0
7,2701,4,False,0,2025-02-25,2,0.0,0.11,0.12,1,25,0,0,1,1.7142857142857142,0.0
7,2704,4,False,0,2025-02-25,3,0.0,0.06,0.09,1,25,0,0,1,1.5714285714285714,0.0
7,2709,4,False,0,2025-02-25,0,0.0,0.04,0.06,1,25,0,0,1,1.7142857142857142,0.0
7,2729,4,False,0,2025-02-25,2,0.0,0.1,0.13,1,25,0,0,1,1.5714285714285714,0.0
7,2748,4,False,0,2025-02-25,3,0.0,0.04,0.05,1,25,0,0,1,1.5714285714285714,0.0
7,2760,4,False,0,2025-02-25,0,0.0,0.04,0.06,1,25,0,0,1,2.0,0.0
7,2763,4,False,0,2025-02-25,4,0.0,0.05,0.06,1,25,0,0,1,1.7142857142857142,0.0
7,2774,4,False,0,2025-02-25,0,0.0,0.01,0.01,1,25,0,0,1,2.0,0.0
7,2775,4,False,0,2025-02-25,3,0.0,0.03,0.05,1,25,0,0,1,1.7142857142857142,0.0
7,2780,4,False,0,2025-02-25,1,0.0,0.16,0.22,1,25,0,0,1,1.7142857142857142,0.0
7,2781,4,False,0,2025-02-25,2,0.0,0.05,0.08,1,25,0,0,1,1.8571428571428572,0.0
7,2785,4,False,0,2025-02-25,0,0.0,0.04,0.05,1,25,0,0,1,1.8571428571428572,0.0
7,2813,4,False,0,2025-02-25,1,0.0,0.12,0.12,1,25,0,0,1,1.4285714285714286,0.0
7,2820,4,False,0,2025-02-25,0,0.0,0.15,0.22,1,25,0,0,1,1.5714285714285714,0.0
7,2839,4,False,0,2025-02-25,2,0.0,0.03,0.08,1,25,0,0,1,1.0,0.0
7,2845,4,False,0,2025-02-25,2,0.0,0.1,0.12,1,25,0,0,1,1.2857142857142858,0.0
7,2851,4,False,0,2025-02-25,0,0.0,0.01,0.01,1,25,0,0,1,1.1428571428571428,0.0
7,2853,4,False,0,2025-02-25,0,0.0,0.01,0.01,1,25,0,0,1,1.0,0.0
7,2856,4,False,0,2025-02-25,0,0.0,0.02,0.04,1,25,0,0,1,0.7142857142857143,0.0
7,2872,4,False,0,2025-02-25,0,0.0,0.02,0.03,1,25,0,0,1,0.7142857142857143,0.0
7,2891,4,False,0,2025-02-25,0,0.0,0.01,0.03,1,25,0,0,1,0.5714285714285714,0.0
7,2897,4,False,0,2025-02-25,0,0.0,0.04,0.06,1,25,0,0,1,0.5714285714285714,0.0
7,2903,4,False,0,2025-02-25,2,0.0,0.04,0.05,1,25,0,0,1,0.2857142857142857,0.0
7,2916,4,False,0,2025-02-25,1,0.0,0.1,0.14,1,25,0,0,1,0.2857142857142857,0.0
7,2923,4,False,0,2025-02-25,2,0.0,0.15,0.2,1,25,0,0,1,0.42857142857142855,0.0
7,2930,4,False,0,2025-02-25,3,0.0,0.02,0.04,1,25,0,0,1,0.7142857142857143,0.0
7,2962,4,False,0,2025-02-25,1,0.0,0.03,0.05,1,25,0,0,1,1.1428571428571428,0.0
7,2972,4,False,0,2025-02-25,3,0.0,0.03,0.06,1,25,0,0,1,1.2857142857142858,0.0
7,2978,4,False,0,2025-02-25,2,0.0,0.06,0.02,1,25,0,0,1,1.7142857142857142,0.0
7,3013,4,False,0,2025-02-25,1,0.0,0.03,0.04,1,25,0,0,1,2.0,0.0
7,3026,4,False,0,2025-02-25,0,0.0,0.03,0.06,1,25,0,0,1,1.8571428571428572,0.0
7,3041,4,False,0,2025-02-25,3,0.0,0.14,0.16,1,25,0,0,1,1.7142857142857142,0.0
7,3046,4,False,0,2025-02-25,0,0.0,0.06,0.12,1,25,0,0,1,1.8571428571428572,0.0
7,3073,4,False,0,2025-02-25,2,0.0,0.06,0.11,1,25,0,0,1,1.4285714285714286,0.0
7,3082,4,False,0,2025-02-25,1,0.0,0.04,0.07,1,25,0,0,1,1.5714285714285714,0.0
7,3092,4,False,0,2025-02-25,0,0.0,0.03,0.05,1,25,0,0,1,1.2857142857142858,0.0
7,3095,4,False,0,2025-02-25,2,0.0,0.06,0.08,1,25,0,0,1,1.0,0.0
7,3135,4,False,0,2025-02-25,0,0.0,0.04,0.07,1,25,0,0,1,1.1428571428571428,0.0
7,3140,4,False,0,2025-02-25,0,0.0,0.01,0.02,1,25,0,0,1,1.1428571428571428,0.0
7,3152,4,False,0,2025-02-25,0,0.0,0.02,0.03,1,25,0,0,1,0.7142857142857143,0.0
7,3168,4,False,0,2025-02-25,1,1.0,0.01,0.02,1,25,0,0,1,0.7142857142857143,0.0
7,3192,4,False,0,2025-02-25,2,0.0,0.02,0.04,1,25,0,0,1,0.5714285714285714,0.0
7,3200,4,False,0,2025-02-25,2,0.0,0.07,0.09,1,25,0,0,1,0.7142857142857143,0.0
7,3227,4,False,0,2025-02-25,2,0.0,0.09,0.15,1,25,0,0,1,1.0,0.0
7,3255,4,False,0,2025-02-25,1,0.0,0.03,0.07,1,25,0,0,1,1.0,0.0
7,3264,4,False,0,2025-02-25,3,0.0,0.13,0.19,1,25,0,0,1,1.1428571428571428,0.0
7,3277,4,False,0,2025-02-25,0,0.0,0.01,0.02,1,25,0,0,1,1.5714285714285714,0.0
7,3299,4,False,0,2025-02-25,4,0.0,0.02,0.02,1,25,0,0,1,1.5714285714285714,0.0
7,3323,4,False,0,2025-02-25,0,0.0,0.03,0.03,1,25,0,0,1,2.0,0.0
7,3325,4,False,0,2025-02-25,2,0.0,0.1,0.1,1,25,0,0,1,1.7142857142857142,0.0
7,3329,4,False,0,2025-02-25,1,0.0,0.04,0.06,1,25,0,0,1,1.7142857142857142,0.0
7,3345,4,False,0,2025-02-25,0,0.0,0.15,0.22,1,25,0,0,1,1.5714285714285714,0.0
7,3353,4,False,0,2025-02-25,0,0.0,0.09,0.13,1,25,0,0,1,1.4285714285714286,0.0
7,3373,4,False,0,2025-02-25,1,0.0,0.01,0.02,1,25,0,0,1,1.0,0.0
7,3379,4,False,0,2025-02-25,2,0.0,0.06,0.1,1,25,0,0,1,1.1428571428571428,0.0
7,3384,4,False,0,2025-02-25,0,0.0,0.08,0.12,1,25,0,0,1,0.8571428571428571,0.0
7,3385,4,False,0,2025-02-25,2,0.0,0.07,0.12,1,25,0,0,1,0.8571428571428571,0.0
7,3395,4,False,0,2025-02-25,0,0.0,0.05,0.07,1,25,0,0,1,0.8571428571428571,0.0
7,3416,4,False,0,2025-02-25,2,0.0,0.01,0.02,1,25,0,0,1,0.7142857142857143,0.0
7,3436,4,False,0,2025-02-25,0,0.0,0.11,0.14,1,25,0,0,1,1.0,0.0
7,3475,4,False,0,2025-02-25,2,0.0,0.08,0.1,1,25,0,0,1,1.0,0.0
7,3488,4,False,0,2025-02-25,1,0.0,0.04,0.06,1,25,0,0,1,1.1428571428571428,0.0
7,3489,4,False,0,2025-02-25,0,0.0,0.01,0.02,1,25,0,0,1,1.0,0.0
7,3494,4,False,0,2025-02-25,0,0.0,0.02,0.02,1,25,0,0,1,1.0,0.0
7,3501,4,False,0,2025-02-25,1,0.0,0.09,0.13,1,25,0,0,1,0.7142857142857143,0.0
7,3506,4,False,0,2025-02-25,0,0.0,0.02,0.03,1,25,0,0,1,0.8571428571428571,0.0
7,3512,4,False,0,2025-02-25,1,0.0,0.07,0.1,1,25,0,0,1,0.5714285714285714,0.0
7,3516,4,False,0,2025-02-25,2,0.0,0.08,0.11,1,25,0,0,1,0.7142857142857143,0.0
7,3521,4,False,0,2025-02-25,0,0.0,0.04,0.05,1,25,0,0,1,0.7142857142857143,0.0
7,3528,4,False,0,2025-02-25,1,0.0,0.02,0.04,1,25,0,0,1,0.5714285714285714,0.0
7,3534,4,False,0,2025-02-25,0,0.0,0.04,0.05,1,25,0,0,1,0.7142857142857143,0.0
7,3537,4,False,0,2025-02-25,3,0.0,0.04,0.05,1,25,0,0,1,0.7142857142857143,0.0
7,3542,4,False,0,2025-02-25,2,0.0,0.03,0.05,1,25,0,0,1,1.0,0.0
7,3554,4,False,0,2025-02-25,2,0.0,0.05,0.07,1,25,0,0,1,1.2857142857142858,0.0
7,3565,4,False,0,2025-02-25,1,0.0,0.13,0.17,1,25,0,0,1,1.4285714285714286,0.0
7,3566,4,False,0,2025-02-25,0,0.0,0.09,0.1,1,25,0,0,1,1.2857142857142858,0.0
7,3570,4,False,0,2025-02-25,0,0.0,0.01,0.01,1,25,0,0,1,1.2857142857142858,0.0
7,3572,4,False,0,2025-02-25,0,0.0,0.04,0.05,1,25,0,0,1,1.1428571428571428,0.0
7,3585,4,False,0,2025-02-25,2,0.0,0.05,0.07,1,25,0,0,1,1.1428571428571428,0.0
7,3598,4,False,0,2025-02-25,0,0.0,0.07,0.11,1,25,0,0,1,1.0,0.0
7,3599,4,False,0,2025-02-25,1,0.0,0.02,0.03,1,25,0,0,1,0.7142857142857143,0.0
7,3606,4,False,0,2025-02-25,3,0.0,0.04,0.07,1,25,0,0,1,0.5714285714285714,0.0
7,3611,4,False,0,2025-02-25,0,0.0,0.03,0.05,1,25,0,0,1,0.8571428571428571,0.0
7,3622,4,False,0,2025-02-25,3,0.0,0.05,0.07,1,25,0,0,1,0.8571428571428571,0.0
7,3636,4,False,0,2025-02-25,2,0.0,0.05,0.06,1,25,0,0,1,1.2857142857142858,0.0
7,3657,4,False,0,2025-02-25,2,0.0,0.13,0.17,1,25,0,0,1,1.5714285714285714,0.0
7,3662,4,False,0,2025-02-25,0,0.0,0.03,0.04,1,25,0,0,1,1.5714285714285714,0.0
7,3663,4,False,0,2025-02-25,1,0.0,0.02,0.03,1,25,0,0,1,1.5714285714285714,0.0
7,3668,4,False,0,2025-02-25,0,0.0,0.03,0.04,1,25,0,0,1,1.5714285714285714,0.0
7,3673,4,False,0,2025-02-25,4,0.0,0.04,0.06,1,25,0,0,1,1.1428571428571428,0.0
7,3686,4,False,0,2025-02-25,0,0.0,0.02,0.02,1,25,0,0,1,1.7142857142857142,0.0
7,3710,4,False,0,2025-02-25,1,0.0,0.08,0.11,1,25,0,0,1,1.2857142857142858,0.0
7,3715,4,False,0,2025-02-25,3,0.0,0.15,0.25,1,25,0,0,1,1.1428571428571428,0.0
7,3722,4,False,0,2025-02-25,2,0.0,0.03,0.04,1,25,0,0,1,1.2857142857142858,0.0
7,3736,4,False,0,2025-02-25,2,0.0,0.07,0.07,1,25,0,0,1,1.5714285714285714,0.0
7,3766,4,False,0,2025-02-25,2,0.0,0.11,0.15,1,25,0,0,1,1.7142857142857142,0.0
7,3790,4,False,0,2025-02-25,0,0.0,0.02,0.02,1,25,0,0,1,2.0,0.0
7,3796,4,False,0,2025-02-25,0,0.0,0.05,0.08,1,25,0,0,1,1.4285714285714286,0.0
7,3844,4,False,0,2025-02-25,2,0.0,0.05,0.06,1,25,0,0,1,1.4285714285714286,0.0
7,3861,4,False,0,2025-02-25,1,0.0,0.05,0.08,1,25,0,0,1,1.5714285714285714,0.0
7,3874,4,False,0,2025-02-25,3,0.0,0.08,0.1,1,25,0,0,1,1.2857142857142858,0.0
7,3876,4,False,0,2025-02-25,2,0.0,0.12,0.18,1,25,0,0,1,1.4285714285714286,0.0
7,3882,4,False,0,2025-02-25,0,0.0,0.05,0.08,1,25,0,0,1,1.4285714285714286,0.0
7,3883,4,False,0,2025-02-25,3,0.0,0.07,0.1,1,25,0,0,1,1.1428571428571428,0.0
7,3887,4,False,0,2025-02-25,2,0.0,0.03,0.05,1,25,0,0,1,1.5714285714285714,0.0
7,3892,4,False,0,2025-02-25,1,0.0,0.12,0.17,1,25,0,0,1,1.8571428571428572,0.0
7,3897,4,False,0,2025-02-25,0,0.0,0.05,0.07,1,25,0,0,1,1.7142857142857142,0.0
7,3899,4,False,0,2025-02-25,2,0.0,0.03,0.05,1,25,0,0,1,1.5714285714285714,0.0
7,3919,4,False,0,2025-02-25,1,0.0,0.07,0.1,1,25,0,0,1,1.4285714285714286,0.0
7,3921,4,False,0,2025-02-25,3,0.0,0.06,0.09,1,25,0,0,1,1.2857142857142858,0.0
7,3927,4,False,0,2025-02-25,0,0.0,0.03,0.04,1,25,0,0,1,1.7142857142857142,0.0
7,3929,4,False,0,2025-02-25,9,0.0,0.02,0.04,1,25,0,0,1,1.2857142857142858,0.0
7,3930,4,False,0,2025-02-25,1,0.0,0.04,0.06,1,25,0,0,1,2.2857142857142856,0.0
7,3936,4,False,0,2025-02-25,3,0.0,0.11,0.19,1,25,0,0,1,2.2857142857142856,0.0
7,3994,4,False,0,2025-02-25,2,0.0,0.08,0.1,1,25,0,0,1,2.7142857142857144,0.0
7,4000,4,False,0,2025-02-25,4,0.0,0.07,0.1,1,25,0,0,1,2.7142857142857144,0.0
7,4004,4,False,0,2025-02-25,0,0.0,0.01,0.02,1,25,0,0,1,3.142857142857143,0.0
7,4005,4,False,0,2025-02-25,1,0.0,0.03,0.06,1,25,0,0,1,2.7142857142857144,0.0
7,4024,4,False,0,2025-02-25,0,0.0,0.08,0.09,1,25,0,0,1,2.857142857142857,0.0
7,4042,4,False,0,2025-02-25,2,0.0,0.09,0.15,1,25,0,0,1,1.5714285714285714,0.0
7,4048,4,False,0,2025-02-25,2,0.0,0.03,0.04,1,25,0,0,1,1.7142857142857142,0.0
7,4050,4,False,0,2025-02-25,2,0.0,0.06,0.1,1,25,0,0,1,1.5714285714285714,0.0
7,4067,4,False,0,2025-02-25,2,0.0,0.01,0.01,1,25,0,0,1,1.5714285714285714,0.0
7,4080,4,False,0,2025-02-25,2,0.0,0.03,0.02,1,25,0,0,1,1.2857142857142858,0.0
7,4085,4,False,0,2025-02-25,3,0.0,0.03,0.05,1,25,0,0,1,1.5714285714285714,0.0
7,4099,4,False,0,2025-02-25,0,0.0,0.15,0.21,1,25,0,0,1,1.8571428571428572,0.0
7,4107,4,False,0,2025-02-25,0,0.0,0.01,0.02,1,25,0,0,1,1.8571428571428572,0.0
7,4110,4,False,0,2025-02-25,0,0.0,0.02,0.02,1,25,0,0,1,1.5714285714285714,0.0
7,4116,4,False,0,2025-02-25,0,0.0,0.04,0.06,1,25,0,0,1,1.2857142857142858,0.0
7,4127,4,False,0,2025-02-25,0,0.0,0.01,0.02,1,25,0,0,1,1.0,0.0
7,4130,4,False,0,2025-02-25,0,0.0,0.0,0.0,1,25,0,0,1,0.7142857142857143,0.0
7,4134,4,False,0,2025-02-25,1,0.0,0.03,0.05,1,25,0,0,1,0.42857142857142855,0.0
7,4139,4,False,0,2025-02-25,2,0.0,0.06,0.09,1,25,0,0,1,0.14285714285714285,0.0
7,4145,4,False,0,2025-02-25,0,0.0,0.02,0.02,1,25,0,0,1,0.42857142857142855,0.0
7,4147,4,False,0,2025-02-25,1,0.0,0.02,0.02,1,25,0,0,1,0.42857142857142855,0.0
7,4151,4,False,0,2025-02-25,2,0.0,0.07,0.08,1,25,0,0,1,0.5714285714285714,0.0
7,4152,4,False,0,2025-02-25,2,0.0,0.08,0.1,1,25,0,0,1,0.8571428571428571,0.0
7,4163,4,False,0,2025-02-25,0,0.0,0.01,0.02,1,25,0,0,1,1.1428571428571428,0.0
7,4166,4,False,0,2025-02-25,2,0.0,0.24,0.33,1,25,0,0,1,1.1428571428571428,0.0
7,4169,4,False,0,2025-02-25,2,0.0,0.05,0.08,1,25,0,0,1,1.2857142857142858,0.0
7,4174,4,False,0,2025-02-25,2,0.0,0.09,0.17,1,25,0,0,1,1.2857142857142858,0.0
7,4178,4,False,0,2025-02-25,1,0.0,0.06,0.08,1,25,0,0,1,1.5714285714285714,0.0
7,4209,4,False,0,2025-02-25,1,0.0,0.08,0.12,1,25,0,0,1,1.5714285714285714,0.0
7,4216,4,False,0,2025-02-25,8,0.0,0.02,0.03,1,25,0,0,1,1.4285714285714286,0.0
7,4218,4,False,0,2025-02-25,2,0.0,0.13,0.17,1,25,0,0,1,2.2857142857142856,0.0
7,4226,4,False,0,2025-02-25,3,0.0,0.05,0.08,1,25,0,0,1,2.5714285714285716,0.0
7,4235,4,False,0,2025-02-25,0,0.0,0.01,0.01,1,25,0,0,1,2.7142857142857144,0.0
7,4254,4,False,0,2025-02-25,2,0.0,0.05,0.1,1,25,0,0,1,2.4285714285714284,0.0
7,4266,4,False,0,2025-02-25,2,0.0,0.14,0.19,1,25,0,0,1,2.4285714285714284,0.0
7,4282,4,False,0,2025-02-25,3,0.0,0.05,0.09,1,25,0,0,1,2.5714285714285716,0.0
7,4287,4,False,0,2025-02-25,0,0.0,0.02,0.04,1,25,0,0,1,2.857142857142857,0.0
7,4294,4,False,0,2025-02-25,2,0.0,0.06,0.11,1,25,0,0,1,1.7142857142857142,0.0
7,4308,4,False,0,2025-02-25,3,0.0,0.12,0.17,1,25,0,0,1,1.7142857142857142,0.0
7,4309,4,False,0,2025-02-25,2,0.0,0.02,0.03,1,25,0,0,1,1.7142857142857142,0.0
7,4327,4,False,0,2025-02-25,2,0.0,0.07,0.11,1,25,0,0,1,2.0,0.0
7,4341,4,False,0,2025-02-25,5,0.0,0.01,0.01,1,25,0,0,1,2.0,0.0
7,4355,4,False,0,2025-02-25,4,0.0,0.03,0.04,1,25,0,0,1,2.4285714285714284,0.0
7,4358,4,False,0,2025-02-25,2,0.0,0.04,0.05,1,25,0,0,1,2.5714285714285716,0.0
7,4377,4,False,0,2025-02-25,3,0.0,0.04,0.05,1,25,0,0,1,2.857142857142857,0.0
7,4379,4,False,0,2025-02-25,0,0.0,0.08,0.11,1,25,0,0,1,3.0,0.0
7,4382,4,False,0,2025-02-25,1,0.0,0.14,0.23,1,25,0,0,1,2.5714285714285716,0.0
7,4389,4,False,0,2025-02-25,3,0.0,0.08,0.11,1,25,0,0,1,2.4285714285714284,0.0
7,4396,4,False,0,2025-02-25,0,0.0,0.05,0.08,1,25,0,0,1,2.5714285714285716,0.0
7,4399,4,False,0,2025-02-25,0,0.0,0.05,0.07,1,25,0,0,1,1.8571428571428572,0.0
7,4437,4,False,0,2025-02-25,1,0.0,0.06,0.08,1,25,0,0,1,1.2857142857142858,0.0
7,4448,4,False,0,2025-02-25,1,0.0,0.04,0.06,1,25,0,0,1,1.1428571428571428,0.0
7,4463,4,False,0,2025-02-25,2,0.0,0.12,0.18,1,25,0,0,1,0.8571428571428571,0.0
7,4471,4,False,0,2025-02-25,3,0.0,0.04,0.06,1,25,0,0,1,1.1428571428571428,0.0
7,4494,4,False,0,2025-02-25,1,0.0,0.06,0.06,1,25,0,0,1,1.4285714285714286,0.0
7,4498,4,False,0,2025-02-25,0,0.0,0.01,0.02,1,25,0,0,1,1.1428571428571428,0.0
7,4502,4,False,0,2025-02-25,0,0.0,0.01,0.02,1,25,0,0,1,1.1428571428571428,0.0
7,4509,4,False,0,2025-02-25,1,0.0,0.06,0.1,1,25,0,0,1,1.1428571428571428,0.0
7,4510,4,False,0,2025-02-25,2,0.0,0.07,0.09,1,25,0,0,1,1.1428571428571428,0.0
7,4514,4,False,0,2025-02-25,0,0.0,0.05,0.08,1,25,0,0,1,1.2857142857142858,0.0
7,4528,4,False,0,2025-02-25,2,0.0,0.11,0.14,1,25,0,0,1,1.0,0.0
7,4529,4,False,0,2025-02-25,2,0.0,0.03,0.03,1,25,0,0,1,0.8571428571428571,0.0
7,4534,4,False,0,2025-02-25,2,0.0,0.02,0.03,1,25,0,0,1,1.0,0.0
7,4541,4,False,0,2025-02-25,1,0.0,0.17,0.24,1,25,0,0,1,1.2857142857142858,0.0
7,4556,4,False,0,2025-02-25,1,0.0,0.07,0.1,1,25,0,0,1,1.4285714285714286,0.0
7,4557,4,False,0,2025-02-25,2,0.0,0.1,0.1,1,25,0,0,1,1.4285714285714286,0.0
7,4559,4,False,0,2025-02-25,3,0.0,0.02,0.04,1,25,0,0,1,1.4285714285714286,0.0
7,4579,4,False,0,2025-02-25,1,0.0,0.12,0.17,1,25,0,0,1,1.8571428571428572,0.0
7,4589,4,False,0,2025-02-25,1,0.0,0.02,0.04,1,25,0,0,1,1.7142857142857142,0.0
7,4600,4,False,0,2025-02-25,2,0.0,0.05,0.07,1,25,0,0,1,1.5714285714285714,0.0
7,4634,4,False,0,2025-02-25,2,0.0,0.07,0.12,1,25,0,0,1,1.5714285714285714,0.0
7,4646,4,False,0,2025-02-25,1,0.0,0.02,0.04,1,25,0,0,1,1.7142857142857142,0.0
7,4649,4,False,0,2025-02-25,2,0.0,0.09,0.14,1,25,0,0,1,1.7142857142857142,0.0
7,4657,4,False,0,2025-02-25,3,0.0,0.05,0.07,1,25,0,0,1,1.7142857142857142,0.0
7,4684,4,False,0,2025-02-25,2,0.0,0.01,0.02,1,25,0,0,1,1.7142857142857142,0.0
7,4692,4,False,0,2025-02-25,0,0.0,0.08,0.1,1,25,0,0,1,1.8571428571428572,0.0
7,4714,4,False,0,2025-02-25,1,0.0,0.04,0.06,1,25,0,0,1,1.7142857142857142,0.0
7,4718,4,False,0,2025-02-25,1,0.0,0.06,0.13,1,25,0,0,1,1.5714285714285714,0.0
7,4721,4,False,0,2025-02-25,0,0.0,0.01,0.01,1,25,0,0,1,1.4285714285714286,0.0
7,4724,4,False,0,2025-02-25,0,0.0,0.02,0.04,1,25,0,0,1,1.2857142857142858,0.0
7,4739,4,False,0,2025-02-25,0,0.0,0.01,0.02,1,25,0,0,1,1.0,0.0
7,4743,4,False,0,2025-02-25,2,0.0,0.07,0.08,1,25,0,0,1,0.5714285714285714,0.0
7,4758,4,False,0,2025-02-25,1,0.0,0.03,0.04,1,25,0,0,1,0.5714285714285714,0.0
7,4764,4,False,0,2025-02-25,2,0.0,0.03,0.05,1,25,0,0,1,0.7142857142857143,0.0
7,4798,4,False,0,2025-02-25,6,0.0,0.05,0.07,1,25,0,0,1,0.8571428571428571,0.0
7,4815,4,False,0,2025-02-25,2,0.0,0.09,0.13,1,25,0,0,1,1.5714285714285714,0.0
7,4817,4,False,0,2025-02-25,0,0.0,0.04,0.06,1,25,0,0,1,1.8571428571428572,0.0
7,4821,4,False,0,2025-02-25,0,0.0,0.02,0.02,1,25,0,0,1,1.8571428571428572,0.0
7,4825,4,False,0,2025-02-25,2,0.0,0.11,0.2,1,25,0,0,1,1.8571428571428572,0.0
7,4837,4,False,0,2025-02-25,2,0.0,0.09,0.1,1,25,0,0,1,1.8571428571428572,0.0
7,4840,4,False,0,2025-02-25,0,0.0,0.04,0.06,1,25,0,0,1,2.0,0.0
7,4843,4,False,0,2025-02-25,0,0.0,0.05,0.06,1,25,0,0,1,1.7142857142857142,0.0
7,4857,4,False,0,2025-02-25,1,0.0,0.08,0.11,1,25,0,0,1,0.8571428571428571,0.0
7,4877,4,False,0,2025-02-25,0,0.0,0.13,0.13,1,25,0,0,1,0.7142857142857143,0.0
7,4879,4,False,0,2025-02-25,1,0.0,0.09,0.13,1,25,0,0,1,0.7142857142857143,0.0
7,4902,4,False,0,2025-02-25,0,0.0,0.02,0.03,1,25,0,0,1,0.8571428571428571,0.0
7,4912,4,False,0,2025-02-25,3,0.0,0.03,0.04,1,25,0,0,1,0.5714285714285714,0.0
7,4913,4,False,0,2025-02-25,3,0.0,0.04,0.04,1,25,0,0,1,0.7142857142857143,0.0
7,4914,4,False,0,2025-02-25,2,0.0,0.05,0.05,1,25,0,0,1,1.1428571428571428,0.0
7,4944,4,False,0,2025-02-25,2,0.0,0.05,0.07,1,25,0,0,1,1.4285714285714286,0.0
7,4945,4,False,0,2025-02-25,3,0.0,0.07,0.09,1,25,0,0,1,1.5714285714285714,0.0
7,4956,4,False,0,2025-02-25,4,0.0,0.03,0.05,1,25,0,0,1,2.0,0.0
7,4985,4,False,0,2025-02-25,3,0.0,0.07,0.11,1,25,0,0,1,2.4285714285714284,0.0
7,4990,4,False,0,2025-02-25,0,0.0,0.0,0.0,1,25,0,0,1,2.857142857142857,0.0
7,5003,4,False,0,2025-02-25,0,0.0,0.02,0.03,1,25,0,0,1,2.4285714285714284,0.0
7,5014,4,False,0,2025-02-25,2,0.0,0.11,0.16,1,25,0,0,1,2.0,0.0
7,5017,4,False,0,2025-02-25,2,0.0,0.06,0.07,1,25,0,0,1,2.0,0.0
7,5020,4,False,0,2025-02-25,2,0.0,0.04,0.06,1,25,0,0,1,2.0,0.0
7,5030,4,False,0,2025-02-25,2,0.0,0.05,0.08,1,25,0,0,1,1.8571428571428572,0.0
7,5044,4,False,0,2025-02-25,0,0.0,0.04,0.06,1,25,0,0,1,1.5714285714285714,0.0
7,5054,4,False,0,2025-02-25,2,0.0,0.09,0.12,1,25,0,0,1,1.1428571428571428,0.0
7,5067,4,False,0,2025-02-25,1,0.0,0.02,0.04,1,25,0,0,1,1.4285714285714286,0.0
7,5071,4,False,0,2025-02-25,0,0.0,0.01,0.01,1,25,0,0,1,1.5714285714285714,0.0
7,5072,4,False,0,2025-02-25,3,0.0,0.04,0.05,1,25,0,0,1,1.2857142857142858,0.0
7,5077,4,False,0,2025-02-25,3,0.0,0.03,0.05,1,25,0,0,1,1.4285714285714286,0.0
7,5083,4,False,0,2025-02-25,2,0.0,0.07,0.07,1,25,0,0,1,1.5714285714285714,0.0
7,5089,4,False,0,2025-02-25,0,0.0,0.05,0.07,1,25,0,0,1,1.5714285714285714,0.0
7,5099,4,False,0,2025-02-25,3,0.0,0.04,0.05,1,25,0,0,1,1.5714285714285714,0.0
7,5121,4,False,0,2025-02-25,1,0.0,0.03,0.03,1,25,0,0,1,1.7142857142857142,0.0
7,5132,4,False,0,2025-02-25,1,0.0,0.02,0.04,1,25,0,0,1,1.7142857142857142,0.0
7,5134,4,False,0,2025-02-25,2,0.0,0.03,0.03,1,25,0,0,1,1.8571428571428572,0.0
7,5136,4,False,0,2025-02-25,0,0.0,0.07,0.07,1,25,0,0,1,1.7142857142857142,0.0
7,5181,4,False,0,2025-02-25,3,0.0,0.01,0.01,1,25,0,0,1,1.2857142857142858,0.0
7,5187,4,False,0,2025-02-25,3,0.0,0.05,0.07,1,25,0,0,1,1.4285714285714286,0.0
7,5194,4,False,0,2025-02-25,0,0.0,0.03,0.04,1,25,0,0,1,1.8571428571428572,0.0
7,5200,4,False,0,2025-02-25,0,0.0,0.08,0.1,1,25,0,0,1,1.4285714285714286,0.0
7,5213,4,False,0,2025-02-25,3,0.0,0.01,0.02,1,25,0,0,1,1.2857142857142858,0.0
7,5214,4,False,0,2025-02-25,1,0.0,0.04,0.06,1,25,0,0,1,1.5714285714285714,0.0
7,5220,4,False,0,2025-02-25,0,0.0,0.03,0.05,1,25,0,0,1,1.4285714285714286,0.0
7,5227,4,False,0,2025-02-25,2,0.0,0.02,0.02,1,25,0,0,1,1.4285714285714286,0.0
7,5231,4,False,0,2025-02-25,0,0.0,0.02,0.03,1,25,0,0,1,1.2857142857142858,0.0
7,5233,4,False,0,2025-02-25,1,0.0,0.04,0.04,1,25,0,0,1,0.8571428571428571,0.0
7,5237,4,False,0,2025-02-25,0,0.0,0.07,0.12,1,25,0,0,1,1.0,0.0
7,5243,4,False,0,2025-02-25,3,0.0,0.04,0.06,1,25,0,0,1,1.0,0.0
7,5251,4,False,0,2025-02-25,1,0.0,0.02,0.03,1,25,0,0,1,1.0,0.0
7,5258,4,False,0,2025-02-25,1,0.0,0.05,0.1,1,25,0,0,1,1.0,0.0
7,5271,4,False,0,2025-02-25,1,0.0,0.02,0.03,1,25,0,0,1,1.1428571428571428,0.0
7,20,5,True,0,2025-02-25,0,0.0,0.01,0.04,1,25,0,0,1,1.0,0.0
7,104,5,True,0,2025-02-25,2,0.0,0.04,0.07,1,25,0,0,1,1.0,0.0
7,160,5,True,0,2025-02-25,0,0.0,0.06,0.09,1,25,0,0,1,1.1428571428571428,0.0
7,297,5,True,0,2025-02-25,0,0.0,0.02,0.02,1,25,0,0,1,1.1428571428571428,0.0
7,358,5,True,0,2025-02-25,8,1.0,0.03,0.08,1,25,0,0,1,0.7142857142857143,0.0
7,387,5,True,0,2025-02-25,0,0.0,0.02,0.06,1,25,0,0,1,1.7142857142857142,0.0
7,410,5,True,0,2025-02-25,0,0.0,0.03,0.05,1,25,0,0,1,1.5714285714285714,0.0
7,433,5,True,0,2025-02-25,0,0.0,0.07,0.08,1,25,0,0,1,1.4285714285714286,0.0
7,445,5,True,0,2025-02-25,0,0.0,0.04,0.06,1,25,0,0,1,1.4285714285714286,0.0
7,478,5,True,0,2025-02-25,0,0.0,0.03,0.07,1,25,0,0,1,1.1428571428571428,0.0
7,504,5,True,0,2025-02-25,0,0.0,0.02,0.04,1,25,0,0,1,1.1428571428571428,0.0
7,522,5,True,0,2025-02-25,0,0.0,0.02,0.06,1,25,0,0,1,1.1428571428571428,0.0
7,531,5,True,0,2025-02-25,0,0.0,0.03,0.1,1,25,0,0,1,0.0,0.0
7,539,5,True,0,2025-02-25,1,0.0,0.02,0.04,1,25,0,0,1,0.0,0.0
7,557,5,True,0,2025-02-25,4,0.0,0.04,0.08,1,25,0,0,1,0.14285714285714285,0.0
7,791,5,True,0,2025-02-25,6,0.0,0.01,0.05,1,25,0,0,1,0.7142857142857143,0.0
7,837,5,True,0,2025-02-25,0,0.0,0.07,0.16,1,25,0,0,1,1.5714285714285714,0.0
7,866,5,True,0,2025-02-25,0,0.0,0.05,0.07,1,25,0,0,1,1.5714285714285714,0.0
7,1062,5,True,0,2025-02-25,3,0.0,0.01,0.02,1,25,0,0,1,1.5714285714285714,0.0
7,1070,5,True,0,2025-02-25,1,0.0,0.03,0.08,1,25,0,0,1,2.0,0.0
7,1079,5,True,0,2025-02-25,0,0.0,0.02,0.05,1,25,0,0,1,2.142857142857143,0.0
7,1104,5,True,0,2025-02-25,0,0.0,0.03,0.09,1,25,0,0,1,2.0,0.0
7,1179,5,True,0,2025-02-25,0,0.0,0.13,0.18,1,25,0,0,1,1.4285714285714286,0.0
7,1244,5,True,0,2025-02-25,1,0.0,0.04,0.32,1,25,0,0,1,0.5714285714285714,0.0
7,1260,5,True,0,2025-02-25,0,0.0,0.06,0.12,1,25,0,0,1,0.7142857142857143,0.0
7,1289,5,True,0,2025-02-25,0,0.0,0.04,0.08,1,25,0,0,1,0.7142857142857143,0.0
7,1324,5,True,0,2025-02-25,4,0.0,0.01,0.03,1,25,0,0,1,0.2857142857142857,0.0
7,1356,5,True,0,2025-02-25,1,0.0,0.01,0.03,1,25,0,0,1,0.7142857142857143,0.0
7,1426,5,True,0,2025-02-25,3,0.0,0.02,0.04,1,25,0,0,1,0.8571428571428571,0.0
7,1480,5,True,0,2025-02-25,0,0.0,0.03,0.07,1,25,0,0,1,1.2857142857142858,0.0
7,1522,5,True,0,2025-02-25,0,0.0,0.02,0.07,1,25,0,0,1,1.2857142857142858,0.0
7,1538,5,True,0,2025-02-25,0,0.0,0.0,0.0,1,25,0,0,1,1.1428571428571428,0.0
7,1586,5,True,0,2025-02-25,0,0.0,0.03,0.06,1,25,0,0,1,1.1428571428571428,0.0
7,1588,5,True,0,2025-02-25,0,0.0,0.06,0.13,1,25,0,0,1,1.1428571428571428,0.0
7,1617,5,True,0,2025-02-25,8,0.0,0.01,0.04,1,25,0,0,1,0.5714285714285714,0.0
7,1662,5,True,0,2025-02-25,0,0.0,0.05,0.08,1,25,0,0,1,1.5714285714285714,0.0
7,1695,5,True,0,2025-02-25,0,0.0,0.03,0.09,1,25,0,0,1,1.1428571428571428,0.0
7,1723,5,True,0,2025-02-25,1,0.0,0.01,0.03,1,25,0,0,1,1.1428571428571428,0.0
7,1763,5,True,0,2025-02-25,0,0.0,0.03,0.06,1,25,0,0,1,1.2857142857142858,0.0
7,1765,5,True,0,2025-02-25,0,0.0,0.02,0.06,1,25,0,0,1,1.2857142857142858,0.0
7,1770,5,True,0,2025-02-25,1,0.0,0.01,0.04,1,25,0,0,1,1.2857142857142858,0.0
7,1772,5,True,0,2025-02-25,0,0.0,0.06,0.06,1,25,0,0,1,1.4285714285714286,0.0
7,1778,5,True,0,2025-02-25,1,0.0,0.03,0.05,1,25,0,0,1,0.2857142857142857,0.0
7,1887,5,True,0,2025-02-25,0,0.0,0.03,0.05,1,25,0,0,1,0.42857142857142855,0.0
7,1893,5,True,0,2025-02-25,0,0.0,0.03,0.04,1,25,0,0,1,0.42857142857142855,0.0
7,1971,5,True,0,2025-02-25,3,0.0,0.04,0.12,1,25,0,0,1,0.2857142857142857,0.0
7,2031,5,True,0,2025-02-25,0,0.0,0.0,0.01,1,25,0,0,1,0.7142857142857143,0.0
7,2090,5,True,0,2025-02-25,0,0.0,0.01,0.03,1,25,0,0,1,0.7142857142857143,0.0
7,2205,5,True,0,2025-02-25,3,0.0,0.09,0.15,1,25,0,0,1,0.5714285714285714,0.0
7,2361,5,True,0,2025-02-25,0,0.0,0.05,0.09,1,25,0,0,1,1.0,0.0
7,2441,5,True,0,2025-02-25,0,0.0,0.05,0.07,1,25,0,0,1,0.8571428571428571,0.0
7,2484,5,True,0,2025-02-25,1,0.0,0.07,0.09,1,25,0,0,1,0.8571428571428571,0.0
7,2513,5,True,0,2025-02-25,1,0.0,0.1,0.14,1,25,0,0,1,1.0,0.0
7,2520,5,True,0,2025-02-25,0,0.0,0.01,0.02,1,25,0,0,1,0.7142857142857143,0.0
7,2607,5,True,0,2025-02-25,0,0.0,0.01,0.04,1,25,0,0,1,0.7142857142857143,0.0
7,2705,5,True,0,2025-02-25,0,0.0,0.02,0.03,1,25,0,0,1,0.7142857142857143,0.0
7,2726,5,True,0,2025-02-25,0,0.0,0.03,0.06,1,25,0,0,1,0.2857142857142857,0.0
7,2765,5,True,0,2025-02-25,2,0.0,0.06,0.05,1,25,0,0,1,0.2857142857142857,0.0
7,2942,5,True,0,2025-02-25,0,0.0,0.03,0.08,1,25,0,0,1,0.5714285714285714,0.0
7,3016,5,True,0,2025-02-25,1,0.0,0.03,0.06,1,25,0,0,1,0.42857142857142855,0.0
7,3091,5,True,0,2025-02-25,0,0.0,0.11,0.15,1,25,0,0,1,0.42857142857142855,0.0
7,3215,5,True,0,2025-02-25,0,0.0,0.04,0.07,1,25,0,0,1,0.42857142857142855,0.0
7,3221,5,True,0,2025-02-25,4,0.0,0.01,0.03,1,25,0,0,1,0.42857142857142855,0.0
7,3304,5,True,0,2025-02-25,0,0.0,0.09,0.1,1,25,0,0,1,1.0,0.0
7,3370,5,True,0,2025-02-25,3,0.0,0.05,0.07,1,25,0,0,1,1.0,0.0
7,3388,5,True,0,2025-02-25,1,0.0,0.08,0.13,1,25,0,0,1,1.1428571428571428,0.0
7,3431,5,True,0,2025-02-25,1,0.0,0.02,0.05,1,25,0,0,1,1.2857142857142858,0.0
7,3438,5,True,0,2025-02-25,0,0.0,0.04,0.07,1,25,0,0,1,1.2857142857142858,0.0
7,3524,5,True,0,2025-02-25,3,0.0,0.03,0.06,1,25,0,0,1,1.2857142857142858,0.0
7,3561,5,True,0,2025-02-25,0,0.0,0.04,0.08,1,25,0,0,1,1.7142857142857142,0.0
7,3596,5,True,0,2025-02-25,0,0.0,0.04,0.08,1,25,0,0,1,1.1428571428571428,0.0
7,3658,5,True,0,2025-02-25,1,0.0,0.07,0.13,1,25,0,0,1,1.1428571428571428,0.0
7,3683,5,True,0,2025-02-25,0,0.0,0.07,0.12,1,25,0,0,1,0.8571428571428571,0.0
7,3706,5,True,0,2025-02-25,0,0.0,0.03,0.04,1,25,0,0,1,0.7142857142857143,0.0
7,3713,5,True,0,2025-02-25,1,0.0,0.03,0.05,1,25,0,0,1,0.5714285714285714,0.0
7,3724,5,True,0,2025-02-25,0,0.0,0.02,0.04,1,25,0,0,1,0.7142857142857143,0.0
7,3855,5,True,0,2025-02-25,0,0.0,0.01,0.05,1,25,0,0,1,0.2857142857142857,0.0
7,3880,5,True,0,2025-02-25,3,0.0,0.02,0.07,1,25,0,0,1,0.2857142857142857,0.0
7,3907,5,True,0,2025-02-25,0,0.0,0.04,0.09,1,25,0,0,1,0.7142857142857143,0.0
7,3923,5,True,0,2025-02-25,0,0.0,0.02,0.04,1,25,0,0,1,0.5714285714285714,0.0
7,3958,5,True,0,2025-02-25,0,0.0,0.01,0.05,1,25,0,0,1,0.5714285714285714,0.0
7,3999,5,True,0,2025-02-25,0,0.0,0.18,0.29,1,25,0,0,1,0.5714285714285714,0.0
7,4066,5,True,0,2025-02-25,0,0.0,0.12,0.16,1,25,0,0,1,0.42857142857142855,0.0
7,4092,5,True,0,2025-02-25,0,0.0,0.06,0.07,1,25,0,0,1,0.42857142857142855,0.0
7,4241,5,True,0,2025-02-25,0,0.0,0.06,0.09,1,25,0,0,1,0.42857142857142855,0.0
7,4345,5,True,0,2025-02-25,0,0.0,0.03,0.05,1,25,0,0,1,0.0,0.0
7,4384,5,True,0,2025-02-25,0,0.0,0.11,0.18,1,25,0,0,1,0.0,0.0
7,4385,5,True,0,2025-02-25,1,1.0,0.01,0.0,1,25,0,0,1,0.0,0.0
7,4401,5,True,0,2025-02-25,4,0.0,0.04,0.07,1,25,0,0,1,0.14285714285714285,0.0
7,4511,5,True,0,2025-02-25,2,0.0,0.02,0.03,1,25,0,0,1,0.7142857142857143,0.0
7,4581,5,True,0,2025-02-25,0,0.0,0.01,0.06,1,25,0,0,1,1.0,0.0
7,4678,5,True,0,2025-02-25,0,0.0,0.0,0.02,1,25,0,0,1,1.0,0.0
7,4735,5,True,0,2025-02-25,0,0.0,0.03,0.06,1,25,0,0,1,1.0,0.0
7,4756,5,True,0,2025-02-25,0,0.0,0.02,0.03,1,25,0,0,1,1.0,0.0
7,4761,5,True,0,2025-02-25,0,0.0,0.02,0.03,1,25,0,0,1,1.0,0.0
7,4812,5,True,0,2025-02-25,0,0.0,0.03,0.09,1,25,0,0,1,0.8571428571428571,0.0
7,4832,5,True,0,2025-02-25,0,0.0,0.06,0.06,1,25,0,0,1,0.2857142857142857,0.0
7,4856,5,True,0,2025-02-25,2,0.0,0.16,0.24,1,25,0,0,1,0.0,0.0
7,4874,5,True,0,2025-02-25,3,0.0,0.1,0.18,1,25,0,0,1,0.2857142857142857,0.0
7,4897,5,True,0,2025-02-25,0,0.0,0.02,0.04,1,25,0,0,1,0.7142857142857143,0.0
7,4951,5,True,0,2025-02-25,1,0.0,0.01,0.06,1,25,0,0,1,0.7142857142857143,0.0
7,5108,5,True,0,2025-02-25,6,0.0,0.03,0.07,1,25,0,0,1,0.8571428571428571,0.0
7,5127,5,True,0,2025-02-25,1,0.0,0.12,0.16,1,25,0,0,1,1.7142857142857142,0.0
7,5207,5,True,0,2025-02-25,0,0.0,0.01,0.03,1,25,0,0,1,1.8571428571428572,0.0
7,5244,5,True,0,2025-02-25,0,0.0,0.03,0.07,1,25,0,0,1,1.8571428571428572,0.0
7,69,6,False,0,2025-02-25,2,0.0,0.12,0.2,1,25,0,0,1,1.5714285714285714,0.0
7,142,6,False,0,2025-02-25,1,0.0,0.17,0.25,1,25,0,0,1,1.4285714285714286,0.0
7,315,6,False,0,2025-02-25,0,0.0,0.46,0.69,1,25,0,0,1,1.5714285714285714,0.0
7,627,6,False,0,2025-02-25,0,0.0,0.17,0.17,1,25,0,0,1,1.4285714285714286,0.0
7,646,6,False,0,2025-02-25,1,0.0,0.2,0.23,1,25,0,0,1,0.5714285714285714,0.0
7,739,6,False,0,2025-02-25,0,0.0,0.17,0.25,1,25,0,0,1,0.5714285714285714,0.0
7,811,6,False,0,2025-02-25,0,0.0,0.13,0.18,1,25,0,0,1,0.5714285714285714,0.0
7,862,6,False,0,2025-02-25,0,0.0,0.19,0.25,1,25,0,0,1,0.5714285714285714,0.0
7,931,6,False,0,2025-02-25,2,0.0,0.15,0.26,1,25,0,0,1,0.2857142857142857,0.0
7,938,6,False,0,2025-02-25,0,0.0,0.08,0.13,1,25,0,0,1,0.42857142857142855,0.0
7,951,6,False,0,2025-02-25,1,0.0,0.1,0.16,1,25,0,0,1,0.42857142857142855,0.0
7,1019,6,False,0,2025-02-25,0,0.0,0.1,0.12,1,25,0,0,1,0.5714285714285714,0.0
7,1024,6,False,0,2025-02-25,0,0.0,0.1,0.13,1,25,0,0,1,0.42857142857142855,0.0
7,1029,6,False,0,2025-02-25,0,0.0,0.12,0.17,1,25,0,0,1,0.42857142857142855,0.0
7,1136,6,False,0,2025-02-25,1,0.0,0.08,0.15,1,25,0,0,1,0.42857142857142855,0.0
7,1188,6,False,0,2025-02-25,0,0.0,0.09,0.11,1,25,0,0,1,0.5714285714285714,0.0
7,1203,6,False,0,2025-02-25,1,0.0,0.17,0.22,1,25,0,0,1,0.2857142857142857,0.0
7,1204,6,False,0,2025-02-25,1,0.0,0.14,0.23,1,25,0,0,1,0.42857142857142855,0.0
7,1225,6,False,0,2025-02-25,1,0.0,0.17,0.25,1,25,0,0,1,0.42857142857142855,0.0
7,1269,6,False,0,2025-02-25,0,0.0,0.12,0.16,1,25,0,0,1,0.5714285714285714,0.0
7,1326,6,False,0,2025-02-25,0,0.0,0.44,0.53,1,25,0,0,1,0.5714285714285714,0.0
7,1328,6,False,0,2025-02-25,0,0.0,0.36,0.37,1,25,0,0,1,0.5714285714285714,0.0
7,1403,6,False,0,2025-02-25,1,0.0,0.06,0.09,1,25,0,0,1,0.42857142857142855,0.0
7,1457,6,False,0,2025-02-25,1,0.0,0.4,0.56,1,25,0,0,1,0.5714285714285714,0.0
7,1476,6,False,0,2025-02-25,1,0.0,0.17,0.24,1,25,0,0,1,0.5714285714285714,0.0
7,1562,6,False,0,2025-02-25,0,0.0,0.08,0.13,1,25,0,0,1,0.5714285714285714,0.0
7,1616,6,False,0,2025-02-25,3,0.0,0.18,0.26,1,25,0,0,1,0.42857142857142855,0.0
7,1741,6,False,0,2025-02-25,0,0.0,0.09,0.12,1,25,0,0,1,0.8571428571428571,0.0
7,1760,6,False,0,2025-02-25,0,0.0,0.4,0.56,1,25,0,0,1,0.8571428571428571,0.0
7,1762,6,False,0,2025-02-25,0,0.0,0.09,0.11,1,25,0,0,1,0.8571428571428571,0.0
7,1821,6,False,0,2025-02-25,0,0.0,0.36,0.36,1,25,0,0,1,0.7142857142857143,0.0
7,1829,6,False,0,2025-02-25,0,0.0,0.08,0.12,1,25,0,0,1,0.5714285714285714,0.0
7,1878,6,False,0,2025-02-25,0,0.0,0.4,0.48,1,25,0,0,1,0.42857142857142855,0.0
7,2046,6,False,0,2025-02-25,1,0.0,0.36,0.49,1,25,0,0,1,0.42857142857142855,0.0
7,2346,6,False,0,2025-02-25,0,0.0,0.09,0.14,1,25,0,0,1,0.14285714285714285,0.0
7,2471,6,False,0,2025-02-25,0,0.0,0.17,0.17,1,25,0,0,1,0.14285714285714285,0.0
7,2482,6,False,0,2025-02-25,1,0.0,0.35,0.49,1,25,0,0,1,0.14285714285714285,0.0
7,2514,6,False,0,2025-02-25,5,0.0,0.18,0.16,1,25,0,0,1,0.2857142857142857,0.0
7,2516,6,False,0,2025-02-25,0,0.0,0.24,0.38,1,25,0,0,1,1.0,0.0
7,2587,6,False,0,2025-02-25,0,0.0,0.12,0.17,1,25,0,0,1,1.0,0.0
7,2789,6,False,0,2025-02-25,0,0.0,0.13,0.18,1,25,0,0,1,1.0,0.0
7,2846,6,False,0,2025-02-25,0,0.0,0.12,0.17,1,25,0,0,1,0.8571428571428571,0.0
7,3070,6,False,0,2025-02-25,0,0.0,0.21,0.23,1,25,0,0,1,0.8571428571428571,0.0
7,3076,6,False,0,2025-02-25,0,0.0,0.22,0.24,1,25,0,0,1,0.8571428571428571,0.0
7,3144,6,False,0,2025-02-25,0,0.0,0.26,0.37,1,25,0,0,1,0.7142857142857143,0.0
7,3151,6,False,0,2025-02-25,1,0.0,0.19,0.24,1,25,0,0,1,0.0,0.0
7,3154,6,False,0,2025-02-25,1,0.0,0.12,0.22,1,25,0,0,1,0.14285714285714285,0.0
7,3399,6,False,0,2025-02-25,0,0.0,0.13,0.14,1,25,0,0,1,0.2857142857142857,0.0
7,3480,6,False,0,2025-02-25,0,0.0,0.18,0.18,1,25,0,0,1,0.2857142857142857,0.0
7,3486,6,False,0,2025-02-25,0,0.0,0.49,0.62,1,25,0,0,1,0.2857142857142857,0.0
7,3533,6,False,0,2025-02-25,0,0.0,0.21,0.34,1,25,0,0,1,0.2857142857142857,0.0
7,3623,6,False,0,2025-02-25,1,0.0,0.17,0.28,1,25,0,0,1,0.2857142857142857,0.0
7,3626,6,False,0,2025-02-25,0,0.0,0.12,0.21,1,25,0,0,1,0.42857142857142855,0.0
7,3634,6,False,0,2025-02-25,0,0.0,0.12,0.18,1,25,0,0,1,0.2857142857142857,0.0
7,3719,6,False,0,2025-02-25,0,0.0,0.42,0.49,1,25,0,0,1,0.14285714285714285,0.0
7,3737,6,False,0,2025-02-25,0,0.0,0.19,0.24,1,25,0,0,1,0.14285714285714285,0.0
7,3840,6,False,0,2025-02-25,0,0.0,0.09,0.1,1,25,0,0,1,0.14285714285714285,0.0
7,3926,6,False,0,2025-02-25,1,0.0,0.14,0.22,1,25,0,0,1,0.14285714285714285,0.0
7,3945,6,False,0,2025-02-25,1,0.0,0.09,0.14,1,25,0,0,1,0.2857142857142857,0.0
7,4443,6,False,0,2025-02-25,0,0.0,0.25,0.35,1,25,0,0,1,0.2857142857142857,0.0
7,4545,6,False,0,2025-02-25,0,0.0,0.21,0.3,1,25,0,0,1,0.2857142857142857,0.0
7,4805,6,False,0,2025-02-25,1,0.0,0.16,0.23,1,25,0,0,1,0.2857142857142857,0.0
7,4965,6,False,0,2025-02-25,5,0.0,0.17,0.26,1,25,0,0,1,0.42857142857142855,0.0
7,5053,6,False,0,2025-02-25,2,0.0,0.54,0.78,1,25,0,0,1,1.1428571428571428,0.0
7,5160,6,False,0,2025-02-25,0,0.0,0.17,0.16,1,25,0,0,1,1.4285714285714286,0.0
7,62,7,False,0,2025-02-25,1,0.0,0.02,0.04,1,25,0,0,1,1.2857142857142858,0.0
7,77,7,False,0,2025-02-25,0,0.0,0.0,0.0,1,25,0,0,1,1.2857142857142858,0.0
7,98,7,False,0,2025-02-25,2,0.0,0.04,0.07,1,25,0,0,1,1.2857142857142858,0.0
7,113,7,False,0,2025-02-25,2,0.0,0.02,0.03,1,25,0,0,1,1.5714285714285714,0.0
7,184,7,False,0,2025-02-25,1,0.0,0.17,0.23,1,25,0,0,1,1.7142857142857142,0.0
7,194,7,False,0,2025-02-25,0,0.0,0.01,0.01,1,25,0,0,1,1.1428571428571428,0.0
7,265,7,False,0,2025-02-25,0,0.0,0.04,0.05,1,25,0,0,1,0.8571428571428571,0.0
7,364,7,False,0,2025-02-25,0,0.0,0.24,0.36,1,25,0,0,1,0.8571428571428571,0.0
7,391,7,False,0,2025-02-25,0,0.0,0.02,0.03,1,25,0,0,1,0.7142857142857143,0.0
7,394,7,False,0,2025-02-25,1,0.0,0.04,0.07,1,25,0,0,1,0.7142857142857143,0.0
7,405,7,False,0,2025-02-25,4,0.0,0.02,0.03,1,25,0,0,1,0.5714285714285714,0.0
7,462,7,False,0,2025-02-25,1,0.0,0.33,0.4,1,25,0,0,1,0.8571428571428571,0.0
7,466,7,False,0,2025-02-25,3,0.0,0.03,0.06,1,25,0,0,1,0.8571428571428571,0.0
7,519,7,False,0,2025-02-25,2,0.0,0.03,0.06,1,25,0,0,1,1.2857142857142858,0.0
7,568,7,False,0,2025-02-25,0,0.0,0.0,0.0,1,25,0,0,1,1.5714285714285714,0.0
7,588,7,False,0,2025-02-25,1,0.0,0.11,0.15,1,25,0,0,1,1.5714285714285714,0.0
7,704,7,False,0,2025-02-25,0,0.0,0.07,0.08,1,25,0,0,1,1.7142857142857142,0.0
7,788,7,False,0,2025-02-25,0,0.0,0.0,0.0,1,25,0,0,1,1.5714285714285714,0.0
7,888,7,False,0,2025-02-25,1,0.0,0.06,0.08,1,25,0,0,1,1.0,0.0
7,911,7,False,0,2025-02-25,1,0.0,0.25,0.46,1,25,0,0,1,1.0,0.0
7,935,7,False,0,2025-02-25,1,0.0,0.03,0.05,1,25,0,0,1,0.7142857142857143,0.0
7,945,7,False,0,2025-02-25,1,0.0,0.04,0.06,1,25,0,0,1,0.5714285714285714,0.0
7,954,7,False,0,2025-02-25,1,0.0,0.11,0.13,1,25,0,0,1,0.7142857142857143,0.0
7,968,7,False,0,2025-02-25,0,0.0,0.02,0.02,1,25,0,0,1,0.7142857142857143,0.0
7,1051,7,False,0,2025-02-25,1,0.0,0.04,0.06,1,25,0,0,1,0.7142857142857143,0.0
7,1055,7,False,0,2025-02-25,1,0.0,0.11,0.15,1,25,0,0,1,0.8571428571428571,0.0
7,1147,7,False,0,2025-02-25,1,0.0,0.11,0.15,1,25,0,0,1,0.8571428571428571,0.0
7,1186,7,False,0,2025-02-25,0,0.0,0.38,0.45,1,25,0,0,1,0.8571428571428571,0.0
7,1233,7,False,0,2025-02-25,1,0.0,0.07,0.11,1,25,0,0,1,0.7142857142857143,0.0
7,1264,7,False,0,2025-02-25,0,0.0,0.0,0.0,1,25,0,0,1,0.7142857142857143,0.0
7,1302,7,False,0,2025-02-25,0,0.0,0.26,0.39,1,25,0,0,1,0.5714285714285714,0.0
7,1362,7,False,0,2025-02-25,0,0.0,0.05,0.06,1,25,0,0,1,0.5714285714285714,0.0
7,1581,7,False,0,2025-02-25,0,0.0,0.04,0.06,1,25,0,0,1,0.42857142857142855,0.0
7,1679,7,False,0,2025-02-25,1,0.0,0.07,0.1,1,25,0,0,1,0.2857142857142857,0.0
7,1704,7,False,0,2025-02-25,1,0.0,0.07,0.09,1,25,0,0,1,0.2857142857142857,0.0
7,1726,7,False,0,2025-02-25,1,0.0,0.01,0.02,1,25,0,0,1,0.42857142857142855,0.0
7,1734,7,False,0,2025-02-25,0,0.0,0.24,0.3,1,25,0,0,1,0.42857142857142855,0.0
7,1744,7,False,0,2025-02-25,2,0.0,0.07,0.11,1,25,0,0,1,0.42857142857142855,0.0
7,1796,7,False,0,2025-02-25,2,0.0,0.01,0.02,1,25,0,0,1,0.7142857142857143,0.0
7,1841,7,False,0,2025-02-25,1,0.0,0.03,0.07,1,25,0,0,1,1.0,0.0
7,1844,7,False,0,2025-02-25,1,0.0,0.13,0.18,1,25,0,0,1,1.1428571428571428,0.0
7,1858,7,False,0,2025-02-25,1,0.0,0.09,0.14,1,25,0,0,1,1.1428571428571428,0.0
7,1900,7,False,0,2025-02-25,1,0.0,0.18,0.15,1,25,0,0,1,1.1428571428571428,0.0
7,1938,7,False,0,2025-02-25,2,0.0,0.02,0.03,1,25,0,0,1,1.1428571428571428,0.0
7,2002,7,False,0,2025-02-25,3,0.0,0.01,0.02,1,25,0,0,1,1.4285714285714286,0.0
7,2008,7,False,0,2025-02-25,5,0.0,0.03,0.05,1,25,0,0,1,1.5714285714285714,0.0
7,2018,7,False,0,2025-02-25,1,0.0,0.11,0.14,1,25,0,0,1,2.0,0.0
7,2032,7,False,0,2025-02-25,1,0.0,0.34,0.37,1,25,0,0,1,2.0,0.0
7,2037,7,False,0,2025-02-25,10,0.0,0.06,0.1,1,25,0,0,1,2.0,0.0
7,2237,7,False,0,2025-02-25,1,0.0,0.12,0.15,1,25,0,0,1,3.2857142857142856,0.0
7,2243,7,False,0,2025-02-25,4,0.0,0.49,0.51,1,25,0,0,1,3.2857142857142856,0.0
7,2263,7,False,0,2025-02-25,2,0.0,0.04,0.07,1,25,0,0,1,3.5714285714285716,0.0
7,2310,7,False,0,2025-02-25,0,0.0,0.22,0.29,1,25,0,0,1,3.4285714285714284,0.0
7,2324,7,False,0,2025-02-25,1,0.0,0.19,0.22,1,25,0,0,1,2.7142857142857144,0.0
7,2341,7,False,0,2025-02-25,0,0.0,0.18,0.28,1,25,0,0,1,2.7142857142857144,0.0
7,2351,7,False,0,2025-02-25,1,0.0,0.07,0.11,1,25,0,0,1,2.5714285714285716,0.0
7,2408,7,False,0,2025-02-25,1,0.0,0.05,0.06,1,25,0,0,1,1.2857142857142858,0.0
7,2510,7,False,0,2025-02-25,1,0.0,0.19,0.27,1,25,0,0,1,1.2857142857142858,0.0
7,2526,7,False,0,2025-02-25,1,0.0,0.23,0.3,1,25,0,0,1,0.8571428571428571,0.0
7,2588,7,False,0,2025-02-25,3,0.0,0.04,0.07,1,25,0,0,1,0.7142857142857143,0.0
7,2604,7,False,0,2025-02-25,2,0.0,0.01,0.03,1,25,0,0,1,1.1428571428571428,0.0
7,2618,7,False,0,2025-02-25,0,0.0,0.04,0.06,1,25,0,0,1,1.2857142857142858,0.0
7,2686,7,False,0,2025-02-25,8,0.0,0.03,0.04,1,25,0,0,1,1.2857142857142858,0.0
7,2698,7,False,0,2025-02-25,0,0.0,0.5,0.76,1,25,0,0,1,2.2857142857142856,0.0
7,2723,7,False,0,2025-02-25,0,0.0,0.02,0.04,1,25,0,0,1,2.142857142857143,0.0
7,2823,7,False,0,2025-02-25,0,0.0,0.18,0.22,1,25,0,0,1,2.0,0.0
7,2836,7,False,0,2025-02-25,0,0.0,0.04,0.06,1,25,0,0,1,1.8571428571428572,0.0
7,2855,7,False,0,2025-02-25,1,0.0,0.07,0.08,1,25,0,0,1,1.4285714285714286,0.0
7,2966,7,False,0,2025-02-25,1,0.0,0.01,0.01,1,25,0,0,1,1.2857142857142858,0.0
7,3033,7,False,0,2025-02-25,1,0.0,0.09,0.12,1,25,0,0,1,1.4285714285714286,0.0
7,3039,7,False,0,2025-02-25,1,0.0,0.01,0.03,1,25,0,0,1,0.42857142857142855,0.0
7,3043,7,False,0,2025-02-25,1,0.0,0.19,0.26,1,25,0,0,1,0.5714285714285714,0.0
7,3060,7,False,0,2025-02-25,1,0.0,0.08,0.09,1,25,0,0,1,0.7142857142857143,0.0
7,3099,7,False,0,2025-02-25,1,0.0,0.04,0.06,1,25,0,0,1,0.8571428571428571,0.0
7,3103,7,False,0,2025-02-25,1,0.0,0.06,0.07,1,25,0,0,1,1.0,0.0
7,3155,7,False,0,2025-02-25,2,0.0,0.22,0.39,1,25,0,0,1,1.0,0.0
7,3245,7,False,0,2025-02-25,1,0.0,0.04,0.05,1,25,0,0,1,1.1428571428571428,0.0
7,3248,7,False,0,2025-02-25,0,0.0,0.05,0.05,1,25,0,0,1,1.1428571428571428,0.0
7,3355,7,False,0,2025-02-25,1,0.0,0.08,0.15,1,25,0,0,1,1.0,0.0
7,3435,7,False,0,2025-02-25,1,0.0,0.08,0.1,1,25,0,0,1,1.0,0.0
7,3441,7,False,0,2025-02-25,1,0.0,0.05,0.06,1,25,0,0,1,1.0,0.0
7,3579,7,False,0,2025-02-25,1,0.0,0.04,0.05,1,25,0,0,1,1.0,0.0
7,3619,7,False,0,2025-02-25,0,0.0,0.14,0.23,1,25,0,0,1,1.0,0.0
7,3652,7,False,0,2025-02-25,1,0.0,0.07,0.1,1,25,0,0,1,0.7142857142857143,0.0
7,3763,7,False,0,2025-02-25,0,0.0,0.02,0.03,1,25,0,0,1,0.7142857142857143,0.0
7,3805,7,False,0,2025-02-25,0,0.0,0.04,0.05,1,25,0,0,1,0.7142857142857143,0.0
7,4060,7,False,0,2025-02-25,0,0.0,0.1,0.13,1,25,0,0,1,0.5714285714285714,0.0
7,4079,7,False,0,2025-02-25,3,0.0,0.01,0.02,1,25,0,0,1,0.42857142857142855,0.0
7,4114,7,False,0,2025-02-25,0,0.0,0.05,0.09,1,25,0,0,1,0.7142857142857143,0.0
7,4180,7,False,0,2025-02-25,0,0.0,0.29,0.51,1,25,0,0,1,0.5714285714285714,0.0
7,4219,7,False,0,2025-02-25,2,0.0,0.28,0.39,1,25,0,0,1,0.5714285714285714,0.0
7,4245,7,False,0,2025-02-25,1,0.0,0.04,0.05,1,25,0,0,1,0.7142857142857143,0.0
7,4297,7,False,0,2025-02-25,1,0.0,0.25,0.35,1,25,0,0,1,0.8571428571428571,0.0
7,4402,7,False,0,2025-02-25,0,0.0,0.02,0.03,1,25,0,0,1,1.0,0.0
7,4407,7,False,0,2025-02-25,0,0.0,0.19,0.34,1,25,0,0,1,1.0,0.0
7,4415,7,False,0,2025-02-25,0,0.0,0.04,0.03,1,25,0,0,1,0.5714285714285714,0.0
7,4537,7,False,0,2025-02-25,2,0.0,0.07,0.1,1,25,0,0,1,0.5714285714285714,0.0
7,4549,7,False,0,2025-02-25,0,0.0,0.05,0.06,1,25,0,0,1,0.8571428571428571,0.0
7,4597,7,False,0,2025-02-25,0,0.0,0.08,0.11,1,25,0,0,1,0.5714285714285714,0.0
7,4625,7,False,0,2025-02-25,0,0.0,0.11,0.17,1,25,0,0,1,0.42857142857142855,0.0
7,4639,7,False,0,2025-02-25,1,0.0,0.13,0.19,1,25,0,0,1,0.2857142857142857,0.0
7,4705,7,False,0,2025-02-25,2,0.0,0.43,0.52,1,25,0,0,1,0.42857142857142855,0.0
7,4754,7,False,0,2025-02-25,1,0.0,0.26,0.34,1,25,0,0,1,0.7142857142857143,0.0
7,4792,7,False,0,2025-02-25,0,0.0,0.34,0.4,1,25,0,0,1,0.8571428571428571,0.0
7,4793,7,False,0,2025-02-25,2,0.0,0.02,0.03,1,25,0,0,1,0.5714285714285714,0.0
7,4918,7,False,0,2025-02-25,0,0.0,0.14,0.23,1,25,0,0,1,0.8571428571428571,0.0
7,4932,7,False,0,2025-02-25,0,0.0,0.07,0.11,1,25,0,0,1,0.8571428571428571,0.0
7,4950,7,False,0,2025-02-25,1,0.0,0.05,0.09,1,25,0,0,1,0.8571428571428571,0.0
7,5009,7,False,0,2025-02-25,4,0.0,0.04,0.08,1,25,0,0,1,0.8571428571428571,0.0
7,5050,7,False,0,2025-02-25,1,0.0,0.07,0.11,1,25,0,0,1,1.1428571428571428,0.0
7,5061,7,False,0,2025-02-25,1,0.0,0.21,0.3,1,25,0,0,1,1.1428571428571428,0.0
7,5114,7,False,0,2025-02-25,0,0.0,0.02,0.04,1,25,0,0,1,1.2857142857142858,0.0
7,5147,7,False,0,2025-02-25,0,0.0,0.02,0.03,1,25,0,0,1,1.0,0.0
7,5166,7,False,0,2025-02-25,1,0.0,0.05,0.08,1,25,0,0,1,1.0,0.0
7,5235,7,False,0,2025-02-25,0,0.0,0.14,0.21,1,25,0,0,1,1.1428571428571428,0.0
7,5248,7,False,0,2025-02-25,4,0.0,0.03,0.12,1,25,0,0,1,1.0,0.0
7,5273,7,False,0,2025-02-25,1,0.0,0.09,0.12,1,25,0,0,1,1.0,0.0
7,14,8,False,0,2025-02-25,0,0.0,0.2,0.32,1,25,0,0,1,1.0,0.0
7,81,8,False,0,2025-02-25,0,0.0,0.01,0.01,1,25,0,0,1,0.8571428571428571,0.0
7,231,8,False,0,2025-02-25,0,0.0,0.03,0.04,1,25,0,0,1,0.8571428571428571,0.0
7,260,8,False,0,2025-02-25,43,0.0,0.02,0.03,1,25,0,0,1,0.8571428571428571,0.0
7,303,8,False,0,2025-02-25,0,0.0,0.0,0.01,1,25,0,0,1,6.857142857142857,0.0
7,320,8,False,0,2025-02-25,0,0.0,0.13,0.2,1,25,0,0,1,6.857142857142857,0.0
7,385,8,False,0,2025-02-25,0,0.0,0.22,0.32,1,25,0,0,1,6.285714285714286,0.0
7,389,8,False,0,2025-02-25,0,0.0,0.02,0.05,1,25,0,0,1,6.142857142857143,0.0
7,465,8,False,0,2025-02-25,1,0.0,0.03,0.06,1,25,0,0,1,6.142857142857143,0.0
7,633,8,False,0,2025-02-25,0,0.0,0.05,0.06,1,25,0,0,1,6.285714285714286,0.0
7,835,8,False,0,2025-02-25,1,0.0,0.25,0.33,1,25,0,0,1,6.285714285714286,0.0
7,857,8,False,0,2025-02-25,2,0.0,0.02,0.05,1,25,0,0,1,0.2857142857142857,0.0
7,876,8,False,0,2025-02-25,0,0.0,0.01,0.02,1,25,0,0,1,0.5714285714285714,0.0
7,902,8,False,0,2025-02-25,2,0.0,0.02,0.04,1,25,0,0,1,0.5714285714285714,0.0
7,914,8,False,0,2025-02-25,2,0.0,0.13,0.21,1,25,0,0,1,0.8571428571428571,0.0
7,927,8,False,0,2025-02-25,10,0.0,0.01,0.03,1,25,0,0,1,1.1428571428571428,0.0
7,981,8,False,0,2025-02-25,0,0.0,0.01,0.01,1,25,0,0,1,2.4285714285714284,0.0
7,1056,8,False,0,2025-02-25,11,0.0,0.02,0.03,1,25,0,0,1,2.4285714285714284,0.0
7,1310,8,False,0,2025-02-25,1,0.0,0.22,0.29,1,25,0,0,1,3.857142857142857,0.0
7,1327,8,False,0,2025-02-25,9,0.0,0.02,0.03,1,25,0,0,1,3.7142857142857144,0.0
7,1347,8,False,0,2025-02-25,1,0.0,0.25,0.3,1,25,0,0,1,5.0,0.0
7,1363,8,False,0,2025-02-25,3,0.0,0.01,0.03,1,25,0,0,1,4.857142857142857,0.0
7,1371,8,False,0,2025-02-25,0,0.0,0.02,0.02,1,25,0,0,1,5.0,0.0
7,1385,8,False,0,2025-02-25,2,0.0,0.39,0.44,1,25,0,0,1,3.5714285714285716,0.0
7,1395,8,False,0,2025-02-25,1,0.0,0.01,0.02,1,25,0,0,1,3.857142857142857,0.0
7,1415,8,False,0,2025-02-25,0,0.0,0.0,0.0,1,25,0,0,1,2.4285714285714284,0.0
7,1459,8,False,0,2025-02-25,1,0.0,0.03,0.05,1,25,0,0,1,2.2857142857142856,0.0
7,1521,8,False,0,2025-02-25,2,0.0,0.08,0.12,1,25,0,0,1,1.1428571428571428,0.0
7,1525,8,False,0,2025-02-25,67,0.0,0.01,0.02,1,25,0,0,1,1.2857142857142858,0.0
7,1549,8,False,0,2025-02-25,5,1.0,0.01,0.02,1,25,0,0,1,10.428571428571429,0.0
7,1620,8,False,0,2025-02-25,0,0.0,0.03,0.04,1,25,0,0,1,11.142857142857142,0.0
7,1755,8,False,0,2025-02-25,0,0.0,0.02,0.03,1,25,0,0,1,10.857142857142858,0.0
7,1846,8,False,0,2025-02-25,1,0.0,0.14,0.19,1,25,0,0,1,10.714285714285714,0.0
7,1916,8,False,0,2025-02-25,21,1.0,0.02,0.02,1,25,0,0,1,10.857142857142858,0.0
7,1941,8,False,0,2025-02-25,0,0.0,0.18,0.23,1,25,0,0,1,13.714285714285714,0.0
7,1966,8,False,0,2025-02-25,0,0.0,0.12,0.13,1,25,0,0,1,13.428571428571429,0.0
7,2001,8,False,0,2025-02-25,0,0.0,0.16,0.2,1,25,0,0,1,3.857142857142857,0.0
7,2094,8,False,0,2025-02-25,0,0.0,0.21,0.21,1,25,0,0,1,3.142857142857143,0.0
7,2157,8,False,0,2025-02-25,1,0.0,0.03,0.05,1,25,0,0,1,3.142857142857143,0.0
7,2254,8,False,0,2025-02-25,1,0.0,0.18,0.3,1,25,0,0,1,3.2857142857142856,0.0
7,2371,8,False,0,2025-02-25,0,0.0,0.02,0.05,1,25,0,0,1,3.2857142857142856,0.0
7,2462,8,False,0,2025-02-25,2,0.0,0.33,0.59,1,25,0,0,1,0.2857142857142857,0.0
7,2475,8,False,0,2025-02-25,0,0.0,0.13,0.19,1,25,0,0,1,0.5714285714285714,0.0
7,2507,8,False,0,2025-02-25,0,0.0,0.01,0.02,1,25,0,0,1,0.5714285714285714,0.0
7,2673,8,False,0,2025-02-25,0,0.0,0.02,0.04,1,25,0,0,1,0.5714285714285714,0.0
7,2681,8,False,0,2025-02-25,1,0.0,0.04,0.06,1,25,0,0,1,0.5714285714285714,0.0
7,2706,8,False,0,2025-02-25,0,0.0,0.02,0.05,1,25,0,0,1,0.5714285714285714,0.0
7,2718,8,False,0,2025-02-25,10,0.0,0.04,0.09,1,25,0,0,1,0.42857142857142855,0.0
7,2874,8,False,0,2025-02-25,43,0.0,0.02,0.02,1,25,0,0,1,1.8571428571428572,0.0
7,2875,8,False,0,2025-02-25,0,0.0,0.01,0.02,1,25,0,0,1,7.714285714285714,0.0
7,2888,8,False,0,2025-02-25,3,0.0,0.03,0.05,1,25,0,0,1,7.714285714285714,0.0
7,2969,8,False,0,2025-02-25,3,0.0,0.01,0.02,1,25,0,0,1,8.142857142857142,0.0
7,2971,8,False,0,2025-02-25,0,0.0,0.23,0.24,1,25,0,0,1,8.571428571428571,0.0
7,3057,8,False,0,2025-02-25,38,0.0,0.01,0.01,1,25,0,0,1,8.428571428571429,0.0
7,3121,8,False,0,2025-02-25,0,0.0,0.16,0.23,1,25,0,0,1,13.857142857142858,0.0
7,3157,8,False,0,2025-02-25,0,0.0,0.01,0.01,1,25,0,0,1,12.428571428571429,0.0
7,3189,8,False,0,2025-02-25,1,0.0,0.1,0.15,1,25,0,0,1,6.285714285714286,0.0
7,3194,8,False,0,2025-02-25,2,0.0,0.21,0.22,1,25,0,0,1,6.428571428571429,0.0
7,3228,8,False,0,2025-02-25,9,0.0,0.03,0.03,1,25,0,0,1,6.285714285714286,0.0
7,3269,8,False,0,2025-02-25,0,0.0,0.1,0.17,1,25,0,0,1,7.142857142857143,0.0
7,3294,8,False,0,2025-02-25,0,0.0,0.13,0.19,1,25,0,0,1,7.142857142857143,0.0
7,3300,8,False,0,2025-02-25,2,0.0,0.1,0.15,1,25,0,0,1,1.7142857142857142,0.0
7,3318,8,False,0,2025-02-25,6,0.0,0.1,0.21,1,25,0,0,1,2.0,0.0
7,3404,8,False,0,2025-02-25,0,0.0,0.11,0.2,1,25,0,0,1,2.857142857142857,0.0
7,3563,8,False,0,2025-02-25,0,0.0,0.29,0.32,1,25,0,0,1,2.7142857142857144,0.0
7,3666,8,False,0,2025-02-25,11,0.0,0.02,0.03,1,25,0,0,1,2.4285714285714284,0.0
7,3676,8,False,0,2025-02-25,2,0.0,0.01,0.01,1,25,0,0,1,2.7142857142857144,0.0
7,3716,8,False,0,2025-02-25,2,0.0,0.1,0.15,1,25,0,0,1,3.0,0.0
7,3740,8,False,0,2025-02-25,2,0.0,0.04,0.06,1,25,0,0,1,3.2857142857142856,0.0
7,3781,8,False,0,2025-02-25,1,0.0,0.04,0.06,1,25,0,0,1,3.2857142857142856,0.0
7,3783,8,False,0,2025-02-25,24,0.0,0.03,0.04,1,25,0,0,1,2.5714285714285716,0.0
7,3938,8,False,0,2025-02-25,16,0.0,0.02,0.04,1,25,0,0,1,6.0,0.0
7,4003,8,False,0,2025-02-25,0,0.0,0.02,0.02,1,25,0,0,1,8.285714285714286,0.0
7,4029,8,False,0,2025-02-25,3,0.0,0.02,0.04,1,25,0,0,1,6.714285714285714,0.0
7,4044,8,False,0,2025-02-25,1,0.0,0.02,0.03,1,25,0,0,1,6.857142857142857,0.0
7,4113,8,False,0,2025-02-25,2,0.0,0.08,0.15,1,25,0,0,1,6.714285714285714,0.0
7,4208,8,False,0,2025-02-25,0,0.0,0.43,0.56,1,25,0,0,1,6.714285714285714,0.0
7,4236,8,False,0,2025-02-25,1,0.0,0.14,0.21,1,25,0,0,1,6.571428571428571,0.0
7,4403,8,False,0,2025-02-25,0,0.0,0.15,0.15,1,25,0,0,1,3.2857142857142856,0.0
7,4425,8,False,0,2025-02-25,0,0.0,0.06,0.05,1,25,0,0,1,1.0,0.0
7,4442,8,False,0,2025-02-25,9,0.0,0.02,0.04,1,25,0,0,1,1.0,0.0
7,4506,8,False,0,2025-02-25,2,0.0,0.04,0.07,1,25,0,0,1,1.8571428571428572,0.0
7,4531,8,False,0,2025-02-25,0,0.0,0.25,0.42,1,25,0,0,1,2.0,0.0
7,4629,8,False,0,2025-02-25,3,0.0,0.01,0.02,1,25,0,0,1,1.7142857142857142,0.0
7,4873,8,False,0,2025-02-25,0,0.0,0.01,0.02,1,25,0,0,1,2.142857142857143,0.0
7,4991,8,False,0,2025-02-25,3,0.0,0.05,0.08,1,25,0,0,1,2.0,0.0
7,5047,8,False,0,2025-02-25,0,0.0,0.16,0.19,1,25,0,0,1,2.4285714285714284,0.0
7,5152,8,False,0,2025-02-25,1,0.0,0.02,0.04,1,25,0,0,1,2.4285714285714284,0.0
7,5155,8,False,0,2025-02-25,0,0.0,0.04,0.07,1,25,0,0,1,1.2857142857142858,0.0
7,8,9,True,0,2025-02-25,0,0.0,0.05,0.18,1,25,0,0,1,1.0,0.0
7,11,9,True,0,2025-02-25,0,0.0,0.03,0.06,1,25,0,0,1,1.0,0.0
7,23,9,True,0,2025-02-25,0,0.0,0.03,0.06,1,25,0,0,1,0.5714285714285714,0.0
7,49,9,True,0,2025-02-25,0,0.0,0.06,0.15,1,25,0,0,1,0.5714285714285714,0.0
7,50,9,True,0,2025-02-25,0,0.0,0.02,0.1,1,25,0,0,1,0.14285714285714285,0.0
7,135,9,True,0,2025-02-25,0,0.0,0.14,0.24,1,25,0,0,1,0.14285714285714285,0.0
7,150,9,True,0,2025-02-25,0,0.0,0.04,0.05,1,25,0,0,1,0.0,0.0
7,163,9,True,0,2025-02-25,0,0.0,0.05,0.07,1,25,0,0,1,0.0,0.0
7,201,9,True,0,2025-02-25,0,0.0,0.14,0.28,1,25,0,0,1,0.0,0.0
7,244,9,True,0,2025-02-25,0,0.0,0.01,0.05,1,25,0,0,1,0.0,0.0
7,259,9,True,0,2025-02-25,0,0.0,0.06,0.14,1,25,0,0,1,0.0,0.0
7,271,9,True,0,2025-02-25,0,0.0,0.01,0.07,1,25,0,0,1,0.0,0.0
7,276,9,True,0,2025-02-25,0,0.0,0.06,0.12,1,25,0,0,1,0.0,0.0
7,280,9,True,0,2025-02-25,0,0.0,0.01,0.03,1,25,0,0,1,0.0,0.0
7,296,9,True,0,2025-02-25,0,0.0,0.25,0.32,1,25,0,0,1,0.0,0.0
7,298,9,True,0,2025-02-25,0,0.0,0.03,0.07,1,25,0,0,1,0.0,0.0
7,302,9,True,0,2025-02-25,0,0.0,0.03,0.06,1,25,0,0,1,0.0,0.0
7,308,9,True,0,2025-02-25,0,0.0,0.03,0.06,1,25,0,0,1,0.0,0.0
7,334,9,True,0,2025-02-25,0,0.0,0.01,0.07,1,25,0,0,1,0.0,0.0
7,357,9,True,0,2025-02-25,0,0.0,0.09,0.16,1,25,0,0,1,0.0,0.0
7,365,9,True,0,2025-02-25,0,0.0,0.02,0.06,1,25,0,0,1,0.0,0.0
7,374,9,True,0,2025-02-25,1,0.0,0.03,0.05,1,25,0,0,1,0.0,0.0
7,378,9,True,0,2025-02-25,0,0.0,0.03,0.07,1,25,0,0,1,0.14285714285714285,0.0
7,395,9,True,0,2025-02-25,0,0.0,0.01,0.04,1,25,0,0,1,0.14285714285714285,0.0
7,453,9,True,0,2025-02-25,0,0.0,0.01,0.05,1,25,0,0,1,0.14285714285714285,0.0
7,479,9,True,0,2025-02-25,0,0.0,0.13,0.17,1,25,0,0,1,0.14285714285714285,0.0
7,485,9,True,0,2025-02-25,0,0.0,0.05,0.12,1,25,0,0,1,0.14285714285714285,0.0
7,507,9,True,0,2025-02-25,0,0.0,0.04,0.05,1,25,0,0,1,0.14285714285714285,0.0
7,508,9,True,0,2025-02-25,0,0.0,0.02,0.07,1,25,0,0,1,0.14285714285714285,0.0
7,533,9,True,0,2025-02-25,0,0.0,0.01,0.03,1,25,0,0,1,0.0,0.0
7,558,9,True,0,2025-02-25,0,0.0,0.11,0.17,1,25,0,0,1,0.0,0.0
7,572,9,True,0,2025-02-25,0,0.0,0.06,0.08,1,25,0,0,1,0.0,0.0
7,575,9,True,0,2025-02-25,0,0.0,0.05,0.09,1,25,0,0,1,0.0,0.0
7,578,9,True,0,2025-02-25,0,0.0,0.14,0.2,1,25,0,0,1,0.0,0.0
7,608,9,True,0,2025-02-25,0,0.0,0.06,0.16,1,25,0,0,1,0.0,0.0
7,648,9,True,0,2025-02-25,0,0.0,0.07,0.15,1,25,0,0,1,0.0,0.0
7,656,9,True,0,2025-02-25,0,0.0,0.1,0.16,1,25,0,0,1,0.0,0.0
7,682,9,True,0,2025-02-25,0,0.0,0.04,0.12,1,25,0,0,1,0.0,0.0
7,730,9,True,0,2025-02-25,0,0.0,0.01,0.04,1,25,0,0,1,0.0,0.0
7,756,9,True,0,2025-02-25,0,0.0,0.1,0.2,1,25,0,0,1,0.0,0.0
7,778,9,True,0,2025-02-25,0,0.0,0.07,0.09,1,25,0,0,1,0.0,0.0
7,782,9,True,0,2025-02-25,0,0.0,0.1,0.16,1,25,0,0,1,0.0,0.0
7,786,9,True,0,2025-02-25,0,0.0,0.02,0.04,1,25,0,0,1,0.0,0.0
7,816,9,True,0,2025-02-25,0,0.0,0.01,0.03,1,25,0,0,1,0.0,0.0
7,833,9,True,0,2025-02-25,0,0.0,0.04,0.07,1,25,0,0,1,0.0,0.0
7,853,9,True,0,2025-02-25,0,0.0,0.15,0.22,1,25,0,0,1,0.0,0.0
7,865,9,True,0,2025-02-25,0,0.0,0.12,0.2,1,25,0,0,1,0.0,0.0
7,890,9,True,0,2025-02-25,0,0.0,0.01,0.05,1,25,0,0,1,0.0,0.0
7,895,9,True,0,2025-02-25,0,0.0,0.06,0.11,1,25,0,0,1,0.0,0.0
7,898,9,True,0,2025-02-25,0,0.0,0.01,0.02,1,25,0,0,1,0.0,0.0
7,915,9,True,0,2025-02-25,0,0.0,0.01,0.03,1,25,0,0,1,0.0,0.0
7,943,9,True,0,2025-02-25,0,2.0,0.04,0.12,1,25,0,0,1,0.0,0.0
7,944,9,True,0,2025-02-25,0,0.0,0.09,0.13,1,25,0,0,1,0.0,0.0
7,949,9,True,0,2025-02-25,0,0.0,0.06,0.1,1,25,0,0,1,0.0,0.0
7,956,9,True,0,2025-02-25,0,0.0,0.02,0.06,1,25,0,0,1,0.0,0.0
7,986,9,True,0,2025-02-25,0,0.0,0.01,0.03,1,25,0,0,1,0.0,0.0
7,999,9,True,0,2025-02-25,0,0.0,0.06,0.14,1,25,0,0,1,0.0,0.0
7,1001,9,True,0,2025-02-25,0,0.0,0.02,0.06,1,25,0,0,1,0.0,0.0
7,1027,9,True,0,2025-02-25,0,0.0,0.02,0.06,1,25,0,0,1,0.0,0.0
7,1048,9,True,0,2025-02-25,0,0.0,0.08,0.4,1,25,0,0,1,0.0,0.0
7,1054,9,True,0,2025-02-25,0,0.0,0.01,0.02,1,25,0,0,1,0.0,0.0
7,1139,9,True,0,2025-02-25,0,0.0,0.03,0.06,1,25,0,0,1,0.0,0.0
7,1140,9,True,0,2025-02-25,0,0.0,0.01,0.05,1,25,0,0,1,0.0,0.0
7,1152,9,True,0,2025-02-25,0,0.0,0.0,0.04,1,25,0,0,1,0.0,0.0
7,1166,9,True,0,2025-02-25,0,0.0,0.04,0.1,1,25,0,0,1,0.0,0.0
7,1171,9,True,0,2025-02-25,0,1.0,0.41,0.51,1,25,0,0,1,0.0,0.0
7,1222,9,True,0,2025-02-25,0,0.0,0.05,0.19,1,25,0,0,1,0.0,0.0
7,1252,9,True,0,2025-02-25,0,0.0,0.06,0.23,1,25,0,0,1,0.0,0.0
7,1331,9,True,0,2025-02-25,0,0.0,0.11,0.63,1,25,0,0,1,0.0,0.0
7,1355,9,True,0,2025-02-25,0,0.0,0.02,0.04,1,25,0,0,1,0.0,0.0
7,1366,9,True,0,2025-02-25,0,0.0,0.62,0.84,1,25,0,0,1,0.0,0.0
7,1401,9,True,0,2025-02-25,0,0.0,0.03,0.07,1,25,0,0,1,0.0,0.0
7,1435,9,True,0,2025-02-25,0,0.0,0.03,0.03,1,25,0,0,1,0.0,0.0
7,1442,9,True,0,2025-02-25,0,0.0,0.03,0.06,1,25,0,0,1,0.0,0.0
7,1449,9,True,0,2025-02-25,0,0.0,0.01,0.06,1,25,0,0,1,0.0,0.0
7,1474,9,True,0,2025-02-25,0,0.0,0.06,0.11,1,25,0,0,1,0.0,0.0
7,1489,9,True,0,2025-02-25,0,0.0,0.02,0.06,1,25,0,0,1,0.0,0.0
7,1492,9,True,0,2025-02-25,0,0.0,0.11,0.16,1,25,0,0,1,0.0,0.0
7,1530,9,True,0,2025-02-25,0,0.0,0.09,0.11,1,25,0,0,1,0.0,0.0
7,1572,9,True,0,2025-02-25,0,0.0,0.04,0.1,1,25,0,0,1,0.0,0.0
7,1583,9,True,0,2025-02-25,0,0.0,0.03,0.08,1,25,0,0,1,0.0,0.0
7,1595,9,True,0,2025-02-25,0,0.0,0.02,0.05,1,25,0,0,1,0.0,0.0
7,1636,9,True,0,2025-02-25,0,0.0,0.02,0.09,1,25,0,0,1,0.0,0.0
7,1643,9,True,0,2025-02-25,0,0.0,0.07,0.11,1,25,0,0,1,0.0,0.0
7,1671,9,True,0,2025-02-25,0,0.0,0.01,0.09,1,25,0,0,1,0.0,0.0
7,1687,9,True,0,2025-02-25,0,0.0,0.06,0.1,1,25,0,0,1,0.0,0.0
7,1719,9,True,0,2025-02-25,1,0.0,0.06,0.1,1,25,0,0,1,0.0,0.0
7,1758,9,True,0,2025-02-25,0,0.0,0.05,0.09,1,25,0,0,1,0.14285714285714285,0.0
7,1810,9,True,0,2025-02-25,0,0.0,0.02,0.07,1,25,0,0,1,0.14285714285714285,0.0
7,1837,9,True,0,2025-02-25,0,0.0,0.04,0.06,1,25,0,0,1,0.14285714285714285,0.0
7,1857,9,True,0,2025-02-25,0,0.0,0.04,0.07,1,25,0,0,1,0.14285714285714285,0.0
7,1883,9,True,0,2025-02-25,0,0.0,0.06,0.11,1,25,0,0,1,0.14285714285714285,0.0
7,1889,9,True,0,2025-02-25,0,0.0,0.02,0.06,1,25,0,0,1,0.14285714285714285,0.0
7,1920,9,True,0,2025-02-25,0,0.0,0.13,0.15,1,25,0,0,1,0.14285714285714285,0.0
7,2012,9,True,0,2025-02-25,0,0.0,0.02,0.12,1,25,0,0,1,0.0,0.0
7,2060,9,True,0,2025-02-25,0,0.0,0.13,0.2,1,25,0,0,1,0.0,0.0
7,2065,9,True,0,2025-02-25,0,0.0,0.01,0.03,1,25,0,0,1,0.0,0.0
7,2074,9,True,0,2025-02-25,0,0.0,0.07,0.22,1,25,0,0,1,0.0,0.0
7,2139,9,True,0,2025-02-25,0,0.0,0.02,0.1,1,25,0,0,1,0.0,0.0
7,2164,9,True,0,2025-02-25,0,0.0,0.01,0.05,1,25,0,0,1,0.0,0.0
7,2195,9,True,0,2025-02-25,0,0.0,0.01,0.02,1,25,0,0,1,0.0,0.0
7,2207,9,True,0,2025-02-25,0,0.0,0.07,0.12,1,25,0,0,1,0.0,0.0
7,2221,9,True,0,2025-02-25,0,0.0,0.01,0.05,1,25,0,0,1,0.0,0.0
7,2231,9,True,0,2025-02-25,0,0.0,0.03,0.09,1,25,0,0,1,0.0,0.0
7,2235,9,True,0,2025-02-25,0,0.0,0.06,0.07,1,25,0,0,1,0.0,0.0
7,2248,9,True,0,2025-02-25,1,0.0,0.07,0.28,1,25,0,0,1,0.0,0.0
7,2319,9,True,0,2025-02-25,0,0.0,0.18,0.54,1,25,0,0,1,0.14285714285714285,0.0
7,2327,9,True,0,2025-02-25,0,0.0,0.02,0.07,1,25,0,0,1,0.14285714285714285,0.0
7,2328,9,True,0,2025-02-25,0,0.0,0.18,0.25,1,25,0,0,1,0.14285714285714285,0.0
7,2339,9,True,0,2025-02-25,0,0.0,0.03,0.14,1,25,0,0,1,0.14285714285714285,0.0
7,2365,9,True,0,2025-02-25,0,0.0,0.0,0.01,1,25,0,0,1,0.14285714285714285,0.0
7,2425,9,True,0,2025-02-25,0,0.0,0.05,0.14,1,25,0,0,1,0.14285714285714285,0.0
7,2428,9,True,0,2025-02-25,0,0.0,0.31,0.42,1,25,0,0,1,0.14285714285714285,0.0
7,2430,9,True,0,2025-02-25,0,0.0,0.01,0.04,1,25,0,0,1,0.0,0.0
7,2437,9,True,0,2025-02-25,0,0.0,0.03,0.07,1,25,0,0,1,0.0,0.0
7,2476,9,True,0,2025-02-25,0,0.0,0.04,0.33,1,25,0,0,1,0.0,0.0
7,2509,9,True,0,2025-02-25,0,0.0,0.07,0.15,1,25,0,0,1,0.0,0.0
7,2535,9,True,0,2025-02-25,0,0.0,0.07,0.09,1,25,0,0,1,0.0,0.0
7,2561,9,True,0,2025-02-25,0,0.0,0.06,0.1,1,25,0,0,1,0.0,0.0
7,2562,9,True,0,2025-02-25,0,1.0,0.04,0.09,1,25,0,0,1,0.0,0.0
7,2570,9,True,0,2025-02-25,1,0.0,0.02,0.02,1,25,0,0,1,0.0,0.0
7,2579,9,True,0,2025-02-25,0,0.0,0.1,0.18,1,25,0,0,1,0.14285714285714285,0.0
7,2599,9,True,0,2025-02-25,0,0.0,0.14,0.2,1,25,0,0,1,0.14285714285714285,0.0
7,2656,9,True,0,2025-02-25,0,0.0,0.05,0.5,1,25,0,0,1,0.14285714285714285,0.0
7,2666,9,True,0,2025-02-25,0,0.0,0.07,0.15,1,25,0,0,1,0.14285714285714285,0.0
7,2696,9,True,0,2025-02-25,0,0.0,0.02,0.03,1,25,0,0,1,0.14285714285714285,0.0
7,2703,9,True,0,2025-02-25,0,0.0,0.03,0.06,1,25,0,0,1,0.14285714285714285,0.0
7,2713,9,True,0,2025-02-25,0,0.0,0.02,0.03,1,25,0,0,1,0.14285714285714285,0.0
7,2728,9,True,0,2025-02-25,0,0.0,0.1,0.11,1,25,0,0,1,0.0,0.0
7,2733,9,True,0,2025-02-25,0,0.0,0.06,0.09,1,25,0,0,1,0.0,0.0
7,2762,9,True,0,2025-02-25,0,0.0,0.02,0.04,1,25,0,0,1,0.0,0.0
7,2766,9,True,0,2025-02-25,0,0.0,0.13,0.29,1,25,0,0,1,0.0,0.0
7,2777,9,True,0,2025-02-25,0,0.0,0.03,0.07,1,25,0,0,1,0.0,0.0
7,2779,9,True,0,2025-02-25,0,0.0,0.03,0.05,1,25,0,0,1,0.0,0.0
7,2787,9,True,0,2025-02-25,0,0.0,0.02,0.07,1,25,0,0,1,0.0,0.0
7,2790,9,True,0,2025-02-25,0,0.0,0.02,0.07,1,25,0,0,1,0.0,0.0
7,2793,9,True,0,2025-02-25,0,0.0,0.07,0.17,1,25,0,0,1,0.0,0.0
7,2794,9,True,0,2025-02-25,0,0.0,0.02,0.05,1,25,0,0,1,0.0,0.0
7,2802,9,True,0,2025-02-25,0,0.0,0.01,0.04,1,25,0,0,1,0.0,0.0
7,2810,9,True,0,2025-02-25,0,0.0,0.04,0.09,1,25,0,0,1,0.0,0.0
7,2819,9,True,0,2025-02-25,0,0.0,0.16,0.22,1,25,0,0,1,0.0,0.0
7,2837,9,True,0,2025-02-25,0,0.0,0.15,0.17,1,25,0,0,1,0.0,0.0
7,2863,9,True,0,2025-02-25,0,0.0,0.14,0.22,1,25,0,0,1,0.0,0.0
7,2865,9,True,0,2025-02-25,0,0.0,0.07,0.14,1,25,0,0,1,0.0,0.0
7,2879,9,True,0,2025-02-25,0,0.0,0.02,0.04,1,25,0,0,1,0.0,0.0
7,2900,9,True,0,2025-02-25,0,0.0,0.03,0.09,1,25,0,0,1,0.0,0.0
7,2965,9,True,0,2025-02-25,0,0.0,0.04,0.04,1,25,0,0,1,0.0,0.0
7,2993,9,True,0,2025-02-25,0,0.0,0.08,0.17,1,25,0,0,1,0.0,0.0
7,3005,9,True,0,2025-02-25,0,0.0,0.1,0.12,1,25,0,0,1,0.0,0.0
7,3075,9,True,0,2025-02-25,1,0.0,0.19,0.43,1,25,0,0,1,0.0,0.0
7,3080,9,True,0,2025-02-25,0,0.0,0.22,0.5,1,25,0,0,1,0.14285714285714285,0.0
7,3081,9,True,0,2025-02-25,0,0.0,0.08,0.14,1,25,0,0,1,0.14285714285714285,0.0
7,3109,9,True,0,2025-02-25,0,0.0,0.03,0.08,1,25,0,0,1,0.14285714285714285,0.0
7,3138,9,True,0,2025-02-25,0,0.0,0.18,0.28,1,25,0,0,1,0.14285714285714285,0.0
7,3141,9,True,0,2025-02-25,0,0.0,0.06,0.17,1,25,0,0,1,0.14285714285714285,0.0
7,3150,9,True,0,2025-02-25,0,0.0,0.0,0.01,1,25,0,0,1,0.14285714285714285,0.0
7,3171,9,True,0,2025-02-25,0,0.0,0.03,0.06,1,25,0,0,1,0.14285714285714285,0.0
7,3182,9,True,0,2025-02-25,0,0.0,0.02,0.08,1,25,0,0,1,0.0,0.0
7,3231,9,True,0,2025-02-25,0,0.0,0.08,0.17,1,25,0,0,1,0.0,0.0
7,3243,9,True,0,2025-02-25,0,0.0,0.02,0.06,1,25,0,0,1,0.0,0.0
7,3252,9,True,0,2025-02-25,0,0.0,0.02,0.09,1,25,0,0,1,0.0,0.0
7,3270,9,True,0,2025-02-25,0,0.0,0.12,0.18,1,25,0,0,1,0.0,0.0
7,3297,9,True,0,2025-02-25,0,0.0,0.13,0.22,1,25,0,0,1,0.0,0.0
7,3301,9,True,0,2025-02-25,0,0.0,0.09,0.17,1,25,0,0,1,0.0,0.0
7,3306,9,True,0,2025-02-25,0,0.0,0.13,0.19,1,25,0,0,1,0.0,0.0
7,3316,9,True,0,2025-02-25,0,0.0,0.01,0.04,1,25,0,0,1,0.0,0.0
7,3321,9,True,0,2025-02-25,0,0.0,0.02,0.08,1,25,0,0,1,0.0,0.0
7,3357,9,True,0,2025-02-25,0,0.0,0.25,0.5,1,25,0,0,1,0.0,0.0
7,3362,9,True,0,2025-02-25,0,0.0,0.02,0.05,1,25,0,0,1,0.0,0.0
7,3371,9,True,0,2025-02-25,0,0.0,0.05,0.26,1,25,0,0,1,0.0,0.0
7,3375,9,True,0,2025-02-25,0,0.0,0.1,0.31,1,25,0,0,1,0.0,0.0
7,3378,9,True,0,2025-02-25,0,0.0,0.09,0.15,1,25,0,0,1,0.0,0.0
7,3390,9,True,0,2025-02-25,0,0.0,0.04,0.08,1,25,0,0,1,0.0,0.0
7,3391,9,True,0,2025-02-25,0,0.0,0.1,0.15,1,25,0,0,1,0.0,0.0
7,3410,9,True,0,2025-02-25,0,0.0,0.06,0.08,1,25,0,0,1,0.0,0.0
7,3418,9,True,0,2025-02-25,0,0.0,0.11,0.2,1,25,0,0,1,0.0,0.0
7,3429,9,True,0,2025-02-25,0,0.0,0.09,0.13,1,25,0,0,1,0.0,0.0
7,3432,9,True,0,2025-02-25,0,0.0,0.01,0.05,1,25,0,0,1,0.0,0.0
7,3461,9,True,0,2025-02-25,0,0.0,0.01,0.05,1,25,0,0,1,0.0,0.0
7,3478,9,True,0,2025-02-25,2,0.0,0.03,0.05,1,25,0,0,1,0.0,0.0
7,3483,9,True,0,2025-02-25,0,0.0,0.07,0.15,1,25,0,0,1,0.2857142857142857,0.0
7,3487,9,True,0,2025-02-25,0,0.0,0.08,0.11,1,25,0,0,1,0.2857142857142857,0.0
7,3510,9,True,0,2025-02-25,0,0.0,0.08,0.14,1,25,0,0,1,0.2857142857142857,0.0
7,3513,9,True,0,2025-02-25,0,0.0,0.05,0.09,1,25,0,0,1,0.2857142857142857,0.0
7,3515,9,True,0,2025-02-25,0,0.0,0.01,0.02,1,25,0,0,1,0.2857142857142857,0.0
7,3541,9,True,0,2025-02-25,0,0.0,0.01,0.04,1,25,0,0,1,0.2857142857142857,0.0
7,3544,9,True,0,2025-02-25,1,0.0,0.1,0.15,1,25,0,0,1,0.2857142857142857,0.0
7,3600,9,True,0,2025-02-25,0,0.0,0.15,0.19,1,25,0,0,1,0.14285714285714285,0.0
7,3665,9,True,0,2025-02-25,0,0.0,0.02,0.03,1,25,0,0,1,0.14285714285714285,0.0
7,3674,9,True,0,2025-02-25,0,0.0,0.02,0.07,1,25,0,0,1,0.14285714285714285,0.0
7,3677,9,True,0,2025-02-25,0,0.0,0.05,0.08,1,25,0,0,1,0.14285714285714285,0.0
7,3709,9,True,0,2025-02-25,0,0.0,0.05,0.1,1,25,0,0,1,0.14285714285714285,0.0
7,3739,9,True,0,2025-02-25,0,0.0,0.02,0.02,1,25,0,0,1,0.14285714285714285,0.0
7,3747,9,True,0,2025-02-25,1,0.0,0.05,0.07,1,25,0,0,1,0.14285714285714285,0.0
7,3762,9,True,0,2025-02-25,0,0.0,0.02,0.09,1,25,0,0,1,0.14285714285714285,0.0
7,3771,9,True,0,2025-02-25,0,0.0,0.08,0.12,1,25,0,0,1,0.14285714285714285,0.0
7,3775,9,True,0,2025-02-25,0,0.0,0.07,0.23,1,25,0,0,1,0.14285714285714285,0.0
7,3787,9,True,0,2025-02-25,0,0.0,0.18,0.22,1,25,0,0,1,0.14285714285714285,0.0
7,3809,9,True,0,2025-02-25,0,0.0,0.02,0.09,1,25,0,0,1,0.14285714285714285,0.0
7,3810,9,True,0,2025-02-25,3,0.0,0.3,0.55,1,25,0,0,1,0.14285714285714285,0.0
7,3817,9,True,0,2025-02-25,0,0.0,0.01,0.06,1,25,0,0,1,0.5714285714285714,0.0
7,3849,9,True,0,2025-02-25,0,0.0,0.05,0.12,1,25,0,0,1,0.42857142857142855,0.0
7,3854,9,True,0,2025-02-25,1,0.0,0.06,0.38,1,25,0,0,1,0.42857142857142855,0.0
7,3859,9,True,0,2025-02-25,0,0.0,0.02,0.06,1,25,0,0,1,0.5714285714285714,0.0
7,3860,9,True,0,2025-02-25,0,0.0,0.02,0.09,1,25,0,0,1,0.5714285714285714,0.0
7,3871,9,True,0,2025-02-25,0,0.0,0.02,0.07,1,25,0,0,1,0.5714285714285714,0.0
7,3920,9,True,0,2025-02-25,0,0.0,0.06,0.13,1,25,0,0,1,0.5714285714285714,0.0
7,3933,9,True,0,2025-02-25,0,0.0,0.12,0.2,1,25,0,0,1,0.14285714285714285,0.0
7,3973,9,True,0,2025-02-25,0,0.0,0.02,0.04,1,25,0,0,1,0.14285714285714285,0.0
7,3981,9,True,0,2025-02-25,0,0.0,0.01,0.04,1,25,0,0,1,0.14285714285714285,0.0
7,3989,9,True,0,2025-02-25,0,0.0,0.15,0.35,1,25,0,0,1,0.0,0.0
7,4022,9,True,0,2025-02-25,0,0.0,0.08,0.09,1,25,0,0,1,0.0,0.0
7,4039,9,True,0,2025-02-25,0,0.0,0.05,0.12,1,25,0,0,1,0.0,0.0
7,4051,9,True,0,2025-02-25,0,0.0,0.02,0.09,1,25,0,0,1,0.0,0.0
7,4091,9,True,0,2025-02-25,0,0.0,0.04,0.17,1,25,0,0,1,0.0,0.0
7,4131,9,True,0,2025-02-25,0,0.0,0.02,0.08,1,25,0,0,1,0.0,0.0
7,4146,9,True,0,2025-02-25,0,0.0,0.09,0.23,1,25,0,0,1,0.0,0.0
7,4164,9,True,0,2025-02-25,0,0.0,0.02,0.04,1,25,0,0,1,0.0,0.0
7,4168,9,True,0,2025-02-25,0,0.0,0.06,0.12,1,25,0,0,1,0.0,0.0
7,4222,9,True,0,2025-02-25,0,0.0,0.04,0.1,1,25,0,0,1,0.0,0.0
7,4263,9,True,0,2025-02-25,0,0.0,0.01,0.02,1,25,0,0,1,0.0,0.0
7,4271,9,True,0,2025-02-25,0,0.0,0.02,0.06,1,25,0,0,1,0.0,0.0
7,4274,9,True,0,2025-02-25,0,0.0,0.04,0.07,1,25,0,0,1,0.0,0.0
7,4280,9,True,0,2025-02-25,0,0.0,0.05,0.08,1,25,0,0,1,0.0,0.0
7,4337,9,True,0,2025-02-25,0,0.0,0.04,0.05,1,25,0,0,1,0.0,0.0
7,4375,9,True,0,2025-02-25,0,0.0,0.01,0.01,1,25,0,0,1,0.0,0.0
7,4394,9,True,0,2025-02-25,0,0.0,0.02,0.04,1,25,0,0,1,0.0,0.0
7,4419,9,True,0,2025-02-25,0,0.0,0.06,0.09,1,25,0,0,1,0.0,0.0
7,4462,9,True,0,2025-02-25,0,0.0,0.13,0.17,1,25,0,0,1,0.0,0.0
7,4482,9,True,0,2025-02-25,0,0.0,0.04,0.13,1,25,0,0,1,0.0,0.0
7,4483,9,True,0,2025-02-25,0,0.0,0.05,0.06,1,25,0,0,1,0.0,0.0
7,4495,9,True,0,2025-02-25,0,0.0,0.01,0.05,1,25,0,0,1,0.0,0.0
7,4512,9,True,0,2025-02-25,0,0.0,0.04,0.09,1,25,0,0,1,0.0,0.0
7,4547,9,True,0,2025-02-25,6,0.0,0.01,0.05,1,25,0,0,1,0.0,0.0
7,4552,9,True,0,2025-02-25,0,0.0,0.07,0.14,1,25,0,0,1,0.8571428571428571,0.0
7,4578,9,True,0,2025-02-25,0,0.0,0.04,0.07,1,25,0,0,1,0.8571428571428571,0.0
7,4588,9,True,0,2025-02-25,0,0.0,0.02,0.06,1,25,0,0,1,0.8571428571428571,0.0
7,4603,9,True,0,2025-02-25,0,0.0,0.02,0.07,1,25,0,0,1,0.8571428571428571,0.0
7,4611,9,True,0,2025-02-25,0,0.0,0.01,0.03,1,25,0,0,1,0.8571428571428571,0.0
7,4619,9,True,0,2025-02-25,0,0.0,0.05,0.1,1,25,0,0,1,0.8571428571428571,0.0
7,4680,9,True,0,2025-02-25,0,0.0,0.01,0.05,1,25,0,0,1,0.8571428571428571,0.0
7,4694,9,True,0,2025-02-25,0,0.0,0.02,0.08,1,25,0,0,1,0.0,0.0
7,4708,9,True,0,2025-02-25,0,0.0,0.04,0.1,1,25,0,0,1,0.0,0.0
7,4720,9,True,0,2025-02-25,0,0.0,0.03,0.04,1,25,0,0,1,0.0,0.0
7,4738,9,True,0,2025-02-25,0,0.0,0.06,0.23,1,25,0,0,1,0.0,0.0
7,4746,9,True,0,2025-02-25,0,0.0,0.19,0.22,1,25,0,0,1,0.0,0.0
7,4752,9,True,0,2025-02-25,0,0.0,0.03,0.11,1,25,0,0,1,0.0,0.0
7,4762,9,True,0,2025-02-25,0,0.0,0.02,0.08,1,25,0,0,1,0.0,0.0
7,4776,9,True,0,2025-02-25,0,0.0,0.02,0.05,1,25,0,0,1,0.0,0.0
7,4777,9,True,0,2025-02-25,0,0.0,0.02,0.03,1,25,0,0,1,0.0,0.0
7,4796,9,True,0,2025-02-25,0,0.0,0.02,0.07,1,25,0,0,1,0.0,0.0
7,4797,9,True,0,2025-02-25,0,0.0,0.01,0.02,1,25,0,0,1,0.0,0.0
7,4814,9,True,0,2025-02-25,0,0.0,0.01,0.09,1,25,0,0,1,0.0,0.0
7,4828,9,True,0,2025-02-25,0,0.0,0.09,0.15,1,25,0,0,1,0.0,0.0
7,4831,9,True,0,2025-02-25,0,0.0,0.07,0.13,1,25,0,0,1,0.0,0.0
7,4916,9,True,0,2025-02-25,0,0.0,0.02,0.09,1,25,0,0,1,0.0,0.0
7,4940,9,True,0,2025-02-25,0,0.0,0.01,0.06,1,25,0,0,1,0.0,0.0
7,4949,9,True,0,2025-02-25,0,0.0,0.01,0.05,1,25,0,0,1,0.0,0.0
7,4982,9,True,0,2025-02-25,0,0.0,0.02,0.07,1,25,0,0,1,0.0,0.0
7,4993,9,True,0,2025-02-25,0,0.0,0.02,0.04,1,25,0,0,1,0.0,0.0
7,4995,9,True,0,2025-02-25,0,0.0,0.05,0.07,1,25,0,0,1,0.0,0.0
7,5007,9,True,0,2025-02-25,0,0.0,0.01,0.02,1,25,0,0,1,0.0,0.0
7,5010,9,True,0,2025-02-25,0,0.0,0.33,0.37,1,25,0,0,1,0.0,0.0
7,5037,9,True,0,2025-02-25,0,0.0,0.01,0.03,1,25,0,0,1,0.0,0.0
7,5065,9,True,0,2025-02-25,0,0.0,0.17,0.53,1,25,0,0,1,0.0,0.0
7,5066,9,True,0,2025-02-25,0,0.0,0.07,0.16,1,25,0,0,1,0.0,0.0
7,5081,9,True,0,2025-02-25,0,0.0,0.0,0.01,1,25,0,0,1,0.0,0.0
7,5104,9,True,0,2025-02-25,0,0.0,0.17,0.2,1,25,0,0,1,0.0,0.0
7,5157,9,True,0,2025-02-25,0,0.0,0.18,0.21,1,25,0,0,1,0.0,0.0
7,5164,9,True,0,2025-02-25,0,0.0,0.02,0.04,1,25,0,0,1,0.0,0.0
7,5215,9,True,0,2025-02-25,0,0.0,0.04,0.09,1,25,0,0,1,0.0,0.0
7,5222,9,True,0,2025-02-25,0,0.0,0.11,0.2,1,25,0,0,1,0.0,0.0
7,5224,9,True,0,2025-02-25,0,0.0,0.04,0.05,1,25,0,0,1,0.0,0.0
7,5245,9,True,0,2025-02-25,0,0.0,0.05,0.05,1,25,0,0,1,0.0,0.0
7,5254,9,True,0,2025-02-25,0,0.0,0.01,0.04,1,25,0,0,1,0.0,0.0
7,5277,9,True,0,2025-02-25,0,0.0,0.19,0.39,1,25,0,0,1,0.0,0.0
7,5279,9,True,0,2025-02-25,0,0.0,0.01,0.03,1,25,0,0,1,0.0,0.0
7,770,10,False,0,2025-02-25,3,0.0,0.02,0.03,1,25,0,0,1,0.0,0.0
7,2006,10,False,0,2025-02-25,50,0.0,0.0,0.0,1,25,0,0,1,0.42857142857142855,0.0
7,2223,10,False,0,2025-02-25,0,0.0,0.03,0.04,1,25,0,0,1,7.571428571428571,0.0
7,2582,10,False,0,2025-02-25,29,0.0,0.03,0.05,1,25,0,0,1,7.571428571428571,0.0
7,3368,10,False,0,2025-02-25,0,0.0,0.03,0.04,1,25,0,0,1,11.714285714285714,0.0
7,3451,10,False,0,2025-02-25,56,0.0,0.01,0.01,1,25,0,0,1,11.714285714285714,3.489992510220966
7,3825,10,False,0,2025-02-25,9,0.0,0.02,0.04,1,25,0,0,1,19.714285714285715,0.0
7,4021,10,False,0,2025-02-25,5,0.0,0.02,0.06,1,25,0,0,1,21.0,0.0
7,4072,10,False,0,2025-02-25,0,0.0,0.0,0.0,1,25,0,0,1,21.285714285714285,0.0
7,37,11,False,0,2025-02-25,0,0.0,0.14,0.17,1,25,0,0,1,14.142857142857142,0.0
7,256,11,False,0,2025-02-25,0,0.0,0.3,0.36,1,25,0,0,1,14.142857142857142,0.0
7,402,11,False,0,2025-02-25,2,0.0,0.09,0.1,1,25,0,0,1,10.0,0.0
7,456,11,False,0,2025-02-25,2,0.0,0.1,0.13,1,25,0,0,1,10.285714285714286,0.0
7,458,11,False,0,2025-02-25,3,0.0,0.15,0.16,1,25,0,0,1,2.5714285714285716,0.0
7,1064,11,False,0,2025-02-25,2,0.0,0.18,0.21,1,25,0,0,1,1.7142857142857142,0.0
7,1086,11,False,0,2025-02-25,3,0.0,0.07,0.08,1,25,0,0,1,1.2857142857142858,0.0
7,1465,11,False,0,2025-02-25,2,0.0,0.15,0.15,1,25,0,0,1,1.7142857142857142,0.0
7,1592,11,False,0,2025-02-25,3,0.0,0.3,0.36,1,25,0,0,1,2.0,0.0
7,1802,11,False,0,2025-02-25,4,0.0,0.1,0.11,1,25,0,0,1,2.4285714285714284,0.0
7,1816,11,False,0,2025-02-25,2,0.0,0.06,0.07,1,25,0,0,1,2.7142857142857144,0.0
7,1859,11,False,0,2025-02-25,3,0.0,0.1,0.14,1,25,0,0,1,2.7142857142857144,0.0
7,1961,11,False,0,2025-02-25,3,0.0,0.1,0.12,1,25,0,0,1,2.7142857142857144,0.0
7,2662,11,False,0,2025-02-25,0,0.0,0.2,0.23,1,25,0,0,1,2.857142857142857,0.0
7,2906,11,False,0,2025-02-25,4,0.0,0.14,0.17,1,25,0,0,1,2.4285714285714284,0.0
7,3213,11,False,0,2025-02-25,3,0.0,0.06,0.07,1,25,0,0,1,2.7142857142857144,0.0
7,3268,11,False,0,2025-02-25,0,0.0,0.19,0.29,1,25,0,0,1,2.7142857142857144,0.0
7,4505,11,False,0,2025-02-25,3,0.0,0.06,0.06,1,25,0,0,1,2.142857142857143,0.0
7,4665,11,False,0,2025-02-25,3,0.0,0.06,0.07,1,25,0,0,1,2.2857142857142856,0.0
7,5084,11,False,0,2025-02-25,3,0.0,0.14,0.18,1,25,0,0,1,2.2857142857142856,0.0
7,134,1,False,0,2025-02-23,3,0.0,0.16,0.21,6,23,0,1,0,2.2857142857142856,0.0
7,140,1,False,0,2025-02-23,2,0.0,0.18,0.23,6,23,0,1,0,2.7142857142857144,0.0
7,233,1,False,0,2025-02-23,2,0.0,0.24,0.29,6,23,0,1,0,2.4285714285714284,0.0
7,277,1,False,0,2025-02-23,2,0.0,0.3,0.31,6,23,0,1,0,2.2857142857142856,0.0
7,288,1,False,0,2025-02-23,4,0.0,0.01,0.03,6,23,0,1,0,2.5714285714285716,0.0
7,383,1,False,0,2025-02-23,0,0.0,0.01,0.01,6,23,0,1,0,2.7142857142857144,0.0
7,423,1,False,0,2025-02-23,2,0.0,0.01,0.01,6,23,0,1,0,2.2857142857142856,0.0
7,491,1,False,0,2025-02-23,4,0.0,0.12,0.16,6,23,0,1,0,2.142857142857143,0.0
7,532,1,False,0,2025-02-23,2,0.0,0.17,0.2,6,23,0,1,0,2.2857142857142856,0.0
7,649,1,False,0,2025-02-23,3,0.0,0.32,0.4,6,23,0,1,0,2.2857142857142856,0.0
7,695,1,False,0,2025-02-23,0,0.0,0.14,0.15,6,23,0,1,0,2.4285714285714284,0.0
7,1376,1,False,0,2025-02-23,2,0.0,0.16,0.19,6,23,0,1,0,2.142857142857143,0.0
7,1568,1,False,0,2025-02-23,2,0.0,0.14,0.21,6,23,0,1,0,1.8571428571428572,0.0
7,1627,1,False,0,2025-02-23,2,0.0,0.13,0.2,6,23,0,1,0,2.142857142857143,0.0
7,2070,1,False,0,2025-02-23,0,0.0,0.25,0.27,6,23,0,1,0,2.142857142857143,0.0
7,2549,1,False,0,2025-02-23,3,0.0,0.22,0.28,6,23,0,1,0,1.5714285714285714,0.0
7,2611,1,False,0,2025-02-23,4,0.0,0.12,0.16,6,23,0,1,0,1.7142857142857142,0.0
7,2665,1,False,0,2025-02-23,2,0.0,0.32,0.39,6,23,0,1,0,1.8571428571428572,0.0
7,2808,1,False,0,2025-02-23,1,0.0,0.1,0.12,6,23,0,1,0,2.142857142857143,0.0
7,3006,1,False,0,2025-02-23,1,0.0,0.14,0.17,6,23,0,1,0,2.0,0.0
7,3163,1,False,0,2025-02-23,1,0.0,0.04,0.05,6,23,0,1,0,1.8571428571428572,0.0
7,3643,1,False,0,2025-02-23,1,0.0,0.12,0.15,6,23,0,1,0,1.7142857142857142,0.0
7,3718,1,False,0,2025-02-23,2,0.0,0.18,0.22,6,23,0,1,0,1.8571428571428572,0.0
7,3983,1,False,0,2025-02-23,2,0.0,0.16,0.2,6,23,0,1,0,1.7142857142857142,0.0
7,4535,1,False,0,2025-02-23,3,0.0,0.44,0.53,6,23,0,1,0,1.4285714285714286,0.0
7,4601,1,False,0,2025-02-23,4,0.0,0.01,0.03,6,23,0,1,0,1.5714285714285714,0.0
7,4606,1,False,0,2025-02-23,2,0.0,0.13,0.17,6,23,0,1,0,2.0,0.0
7,4651,1,False,0,2025-02-23,0,0.0,0.12,0.14,6,23,0,1,0,2.142857142857143,0.0
7,4920,1,False,0,2025-02-23,1,0.0,0.17,0.2,6,23,0,1,0,2.0,0.0
7,208,2,False,0,2025-02-23,5,0.0,0.07,0.13,6,23,0,1,0,2.0,0.0
7,2165,2,False,0,2025-02-23,16,0.0,0.02,0.24,6,23,0,1,0,2.4285714285714284,0.0
7,2251,2,False,0,2025-02-23,0,0.0,0.17,0.37,6,23,0,1,0,4.428571428571429,0.0
7,28,3,True,0,2025-02-23,0,0.0,0.24,0.32,6,23,0,1,0,4.0,0.0
7,35,3,True,0,2025-02-23,2,0.0,0.11,0.14,6,23,0,1,0,3.4285714285714284,0.0
7,46,3,True,0,2025-02-23,0,0.0,0.25,0.34,6,23,0,1,0,3.4285714285714284,0.0
7,78,3,True,0,2025-02-23,0,0.0,0.11,0.12,6,23,0,1,0,3.4285714285714284,0.0
7,79,3,True,0,2025-02-23,0,0.0,0.24,0.31,6,23,0,1,0,3.2857142857142856,0.0
7,84,3,True,0,2025-02-23,0,0.0,0.22,0.29,6,23,0,1,0,2.5714285714285716,0.0
7,92,3,True,0,2025-02-23,0,0.0,0.11,0.29,6,23,0,1,0,0.2857142857142857,0.0
7,93,3,True,0,2025-02-23,0,0.0,0.15,0.22,6,23,0,1,0,0.2857142857142857,0.0
7,97,3,True,0,2025-02-23,0,0.0,0.16,0.22,6,23,0,1,0,0.2857142857142857,0.0
7,101,3,True,0,2025-02-23,0,0.0,0.25,0.35,6,23,0,1,0,0.0,0.0
7,105,3,True,0,2025-02-23,0,0.0,0.31,0.4,6,23,0,1,0,0.0,0.0
7,108,3,True,0,2025-02-23,1,0.0,0.53,0.68,6,23,0,1,0,0.0,0.0
7,117,3,True,0,2025-02-23,0,0.0,0.12,0.15,6,23,0,1,0,0.14285714285714285,0.0
7,127,3,True,0,2025-02-23,0,0.0,0.18,0.22,6,23,0,1,0,0.14285714285714285,0.0
7,133,3,True,0,2025-02-23,0,0.0,0.18,0.2,6,23,0,1,0,0.14285714285714285,0.0
7,143,3,True,0,2025-02-23,1,0.0,0.19,0.24,6,23,0,1,0,0.14285714285714285,0.0
7,153,3,True,0,2025-02-23,0,0.0,0.25,0.35,6,23,0,1,0,0.2857142857142857,0.0
7,181,3,True,0,2025-02-23,0,0.0,0.16,0.22,6,23,0,1,0,0.2857142857142857,0.0
7,183,3,True,0,2025-02-23,0,0.0,0.22,0.26,6,23,0,1,0,0.2857142857142857,0.0
7,186,3,True,0,2025-02-23,0,0.0,0.24,0.29,6,23,0,1,0,0.14285714285714285,0.0
7,195,3,True,0,2025-02-23,1,0.0,0.05,0.09,6,23,0,1,0,0.14285714285714285,0.0
7,197,3,True,0,2025-02-23,0,0.0,0.08,0.1,6,23,0,1,0,0.2857142857142857,0.0
7,204,3,True,0,2025-02-23,2,0.0,0.47,0.54,6,23,0,1,0,0.2857142857142857,0.0
7,214,3,True,0,2025-02-23,0,0.0,0.24,0.37,6,23,0,1,0,0.42857142857142855,0.0
7,219,3,True,0,2025-02-23,2,0.0,0.08,0.13,6,23,0,1,0,0.42857142857142855,0.0
7,220,3,True,0,2025-02-23,4,0.0,0.09,0.12,6,23,0,1,0,0.7142857142857143,0.0
7,223,3,True,0,2025-02-23,0,0.0,0.01,0.01,6,23,0,1,0,1.2857142857142858,0.0
7,227,3,True,0,2025-02-23,0,0.0,0.04,0.05,6,23,0,1,0,1.2857142857142858,0.0
7,232,3,True,0,2025-02-23,0,0.0,0.21,0.26,6,23,0,1,0,1.1428571428571428,0.0
7,236,3,True,0,2025-02-23,1,0.0,0.09,0.1,6,23,0,1,0,1.1428571428571428,0.0
7,241,3,True,0,2025-02-23,0,0.0,0.06,0.08,6,23,0,1,0,1.0,0.0
7,242,3,True,0,2025-02-23,0,0.0,0.13,0.24,6,23,0,1,0,1.0,0.0
7,245,3,True,0,2025-02-23,0,0.0,0.13,0.22,6,23,0,1,0,0.7142857142857143,0.0
7,247,3,True,0,2025-02-23,2,0.0,0.15,0.22,6,23,0,1,0,0.14285714285714285,0.0
7,254,3,True,0,2025-02-23,0,0.0,0.31,0.48,6,23,0,1,0,0.42857142857142855,0.0
7,263,3,True,0,2025-02-23,0,0.0,0.33,0.4,6,23,0,1,0,0.42857142857142855,0.0
7,273,3,True,0,2025-02-23,0,0.0,0.11,0.12,6,23,0,1,0,0.42857142857142855,0.0
7,274,3,True,0,2025-02-23,0,0.0,0.3,0.36,6,23,0,1,0,0.2857142857142857,0.0
7,279,3,True,0,2025-02-23,0,0.0,0.15,0.19,6,23,0,1,0,0.2857142857142857,0.0
7,285,3,True,0,2025-02-23,0,0.0,0.3,0.47,6,23,0,1,0,0.2857142857142857,0.0
7,293,3,True,0,2025-02-23,0,0.0,0.07,0.09,6,23,0,1,0,0.2857142857142857,0.0
7,295,3,True,0,2025-02-23,0,0.0,0.09,0.12,6,23,0,1,0,0.0,0.0
7,299,3,True,0,2025-02-23,0,0.0,0.31,0.47,6,23,0,1,0,0.0,0.0
7,300,3,True,0,2025-02-23,0,0.0,0.16,0.17,6,23,0,1,0,0.0,0.0
7,310,3,True,0,2025-02-23,0,0.0,0.15,0.16,6,23,0,1,0,0.0,0.0
7,332,3,True,0,2025-02-23,0,0.0,0.23,0.31,6,23,0,1,0,0.0,0.0
7,343,3,True,0,2025-02-23,0,0.0,0.03,0.04,6,23,0,1,0,0.0,0.0
7,353,3,True,0,2025-02-23,0,0.0,0.18,0.2,6,23,0,1,0,0.0,0.0
7,369,3,True,0,2025-02-23,0,0.0,0.16,0.18,6,23,0,1,0,0.0,0.0
7,373,3,True,0,2025-02-23,1,0.0,0.02,0.03,6,23,0,1,0,0.0,0.0
7,376,3,True,0,2025-02-23,0,0.0,0.6,0.64,6,23,0,1,0,0.14285714285714285,0.0
7,397,3,True,0,2025-02-23,0,0.0,0.09,0.11,6,23,0,1,0,0.14285714285714285,0.0
7,401,3,True,0,2025-02-23,0,0.0,0.11,0.16,6,23,0,1,0,0.14285714285714285,0.0
7,406,3,True,0,2025-02-23,0,0.0,0.39,0.46,6,23,0,1,0,0.14285714285714285,0.0
7,412,3,True,0,2025-02-23,0,0.0,0.25,0.29,6,23,0,1,0,0.14285714285714285,0.0
7,413,3,True,0,2025-02-23,2,0.0,0.04,0.04,6,23,0,1,0,0.14285714285714285,0.0
7,420,3,True,0,2025-02-23,0,0.0,0.29,0.45,6,23,0,1,0,0.42857142857142855,0.0
7,421,3,True,0,2025-02-23,0,0.0,0.18,0.28,6,23,0,1,0,0.2857142857142857,0.0
7,437,3,True,0,2025-02-23,0,0.0,0.09,0.14,6,23,0,1,0,0.2857142857142857,0.0
7,439,3,True,0,2025-02-23,0,0.0,0.07,0.13,6,23,0,1,0,0.2857142857142857,0.0
7,448,3,True,0,2025-02-23,0,0.0,0.14,0.19,6,23,0,1,0,0.2857142857142857,0.0
7,460,3,True,0,2025-02-23,0,0.0,0.18,0.19,6,23,0,1,0,0.2857142857142857,0.0
7,471,3,True,0,2025-02-23,0,0.0,0.1,0.14,6,23,0,1,0,0.2857142857142857,0.0
7,475,3,True,0,2025-02-23,0,0.0,0.26,0.32,6,23,0,1,0,0.0,0.0
7,476,3,True,0,2025-02-23,0,1.0,0.25,0.31,6,23,0,1,0,0.0,0.0
7,480,3,True,0,2025-02-23,0,0.0,0.09,0.1,6,23,0,1,0,0.0,0.0
7,490,3,True,0,2025-02-23,0,0.0,0.15,0.18,6,23,0,1,0,0.0,0.0
7,499,3,True,0,2025-02-23,0,0.0,0.08,0.12,6,23,0,1,0,0.0,0.0
7,502,3,True,0,2025-02-23,1,0.0,0.14,0.16,6,23,0,1,0,0.0,0.0
7,525,3,True,0,2025-02-23,1,0.0,0.3,0.38,6,23,0,1,0,0.14285714285714285,0.0
7,534,3,True,0,2025-02-23,0,0.0,0.22,0.29,6,23,0,1,0,0.2857142857142857,0.0
7,535,3,True,0,2025-02-23,1,0.0,0.13,0.12,6,23,0,1,0,0.2857142857142857,0.0
7,540,3,True,0,2025-02-23,0,0.0,0.05,0.07,6,23,0,1,0,0.42857142857142855,0.0
7,545,3,True,0,2025-02-23,0,0.0,0.26,0.3,6,23,0,1,0,0.42857142857142855,0.0
7,548,3,True,0,2025-02-23,0,0.0,0.37,0.46,6,23,0,1,0,0.42857142857142855,0.0
7,555,3,True,0,2025-02-23,0,0.0,0.48,0.47,6,23,0,1,0,0.42857142857142855,0.0
7,580,3,True,0,2025-02-23,4,0.0,0.16,0.2,6,23,0,1,0,0.2857142857142857,0.0
7,583,3,True,0,2025-02-23,0,0.0,0.61,0.83,6,23,0,1,0,0.7142857142857143,0.0
7,592,3,True,0,2025-02-23,0,0.0,0.21,0.31,6,23,0,1,0,0.7142857142857143,0.0
7,596,3,True,0,2025-02-23,0,0.0,0.16,0.2,6,23,0,1,0,0.5714285714285714,0.0
7,607,3,True,0,2025-02-23,0,0.0,0.48,0.56,6,23,0,1,0,0.5714285714285714,0.0
7,609,3,True,0,2025-02-23,0,0.0,0.08,0.11,6,23,0,1,0,0.5714285714285714,0.0
7,611,3,True,0,2025-02-23,0,0.0,0.15,0.17,6,23,0,1,0,0.5714285714285714,0.0
7,631,3,True,0,2025-02-23,0,0.0,0.07,0.08,6,23,0,1,0,0.5714285714285714,0.0
7,634,3,True,0,2025-02-23,0,0.0,0.34,0.38,6,23,0,1,0,0.0,0.0
7,637,3,True,0,2025-02-23,0,0.0,0.16,0.16,6,23,0,1,0,0.0,0.0
7,640,3,True,0,2025-02-23,0,0.0,0.09,0.09,6,23,0,1,0,0.0,0.0
7,651,3,True,0,2025-02-23,0,0.0,0.06,0.08,6,23,0,1,0,0.0,0.0
7,655,3,True,0,2025-02-23,0,0.0,0.09,0.12,6,23,0,1,0,0.0,0.0
7,659,3,True,0,2025-02-23,1,0.0,0.23,0.31,6,23,0,1,0,0.0,0.0
7,661,3,True,0,2025-02-23,0,0.0,0.06,0.08,6,23,0,1,0,0.14285714285714285,0.0
7,671,3,True,0,2025-02-23,0,0.0,0.21,0.22,6,23,0,1,0,0.14285714285714285,0.0
7,683,3,True,0,2025-02-23,0,0.0,0.19,0.23,6,23,0,1,0,0.14285714285714285,0.0
7,684,3,True,0,2025-02-23,0,0.0,0.08,0.12,6,23,0,1,0,0.14285714285714285,0.0
7,685,3,True,0,2025-02-23,0,0.0,0.16,0.2,6,23,0,1,0,0.14285714285714285,0.0
7,690,3,True,0,2025-02-23,3,0.0,0.01,0.02,6,23,0,1,0,0.14285714285714285,0.0
7,702,3,True,0,2025-02-23,0,0.0,0.1,0.12,6,23,0,1,0,0.5714285714285714,0.0
7,706,3,True,0,2025-02-23,0,0.0,0.21,0.25,6,23,0,1,0,0.42857142857142855,0.0
7,710,3,True,0,2025-02-23,0,0.0,0.08,0.11,6,23,0,1,0,0.42857142857142855,0.0
7,711,3,True,0,2025-02-23,0,0.0,0.04,0.05,6,23,0,1,0,0.42857142857142855,0.0
7,719,3,True,0,2025-02-23,0,0.0,0.15,0.17,6,23,0,1,0,0.42857142857142855,0.0
7,720,3,True,0,2025-02-23,0,0.0,0.11,0.15,6,23,0,1,0,0.42857142857142855,0.0
7,729,3,True,0,2025-02-23,2,0.0,0.12,0.15,6,23,0,1,0,0.42857142857142855,0.0
7,740,3,True,0,2025-02-23,0,0.0,0.12,0.16,6,23,0,1,0,0.2857142857142857,0.0
7,744,3,True,0,2025-02-23,0,0.0,0.07,0.1,6,23,0,1,0,0.2857142857142857,0.0
7,753,3,True,0,2025-02-23,5,0.0,0.04,0.06,6,23,0,1,0,0.2857142857142857,0.0
7,759,3,True,0,2025-02-23,0,0.0,0.46,0.4,6,23,0,1,0,1.0,0.0
7,785,3,True,0,2025-02-23,0,0.0,0.06,0.07,6,23,0,1,0,1.0,0.0
7,787,3,True,0,2025-02-23,0,0.0,0.23,0.31,6,23,0,1,0,1.0,0.0
7,795,3,True,0,2025-02-23,0,0.0,0.11,0.15,6,23,0,1,0,1.0,0.0
7,796,3,True,0,2025-02-23,0,0.0,0.13,0.15,6,23,0,1,0,0.7142857142857143,0.0
7,799,3,True,0,2025-02-23,0,0.0,0.28,0.35,6,23,0,1,0,0.7142857142857143,0.0
7,803,3,True,0,2025-02-23,0,0.0,0.13,0.17,6,23,0,1,0,0.7142857142857143,0.0
7,809,3,True,0,2025-02-23,0,0.0,0.54,0.62,6,23,0,1,0,0.0,0.0
7,815,3,True,0,2025-02-23,0,0.0,0.34,0.65,6,23,0,1,0,0.0,0.0
7,829,3,True,0,2025-02-23,0,0.0,0.57,0.84,6,23,0,1,0,0.0,0.0
7,830,3,True,0,2025-02-23,0,0.0,0.12,0.15,6,23,0,1,0,0.0,0.0
7,844,3,True,0,2025-02-23,0,0.0,0.12,0.16,6,23,0,1,0,0.0,0.0
7,859,3,True,0,2025-02-23,0,0.0,0.03,0.09,6,23,0,1,0,0.0,0.0
7,867,3,True,0,2025-02-23,0,0.0,0.11,0.22,6,23,0,1,0,0.0,0.0
7,885,3,True,0,2025-02-23,0,0.0,0.34,0.42,6,23,0,1,0,0.0,0.0
7,886,3,True,0,2025-02-23,0,0.0,0.17,0.2,6,23,0,1,0,0.0,0.0
7,889,3,True,0,2025-02-23,0,0.0,0.07,0.09,6,23,0,1,0,0.0,0.0
7,894,3,True,0,2025-02-23,0,0.0,0.09,0.11,6,23,0,1,0,0.0,0.0
7,899,3,True,0,2025-02-23,0,0.0,0.07,0.1,6,23,0,1,0,0.0,0.0
7,900,3,True,0,2025-02-23,0,0.0,0.32,0.37,6,23,0,1,0,0.0,0.0
7,916,3,True,0,2025-02-23,0,0.0,0.43,0.64,6,23,0,1,0,0.0,0.0
7,924,3,True,0,2025-02-23,0,0.0,0.06,0.08,6,23,0,1,0,0.0,0.0
7,930,3,True,0,2025-02-23,0,0.0,0.02,0.03,6,23,0,1,0,0.0,0.0
7,933,3,True,0,2025-02-23,0,0.0,0.53,0.67,6,23,0,1,0,0.0,0.0
7,939,3,True,0,2025-02-23,0,0.0,0.51,0.52,6,23,0,1,0,0.0,0.0
7,959,3,True,0,2025-02-23,0,0.0,0.07,0.08,6,23,0,1,0,0.0,0.0
7,970,3,True,0,2025-02-23,1,0.0,0.05,0.07,6,23,0,1,0,0.0,0.0
7,984,3,True,0,2025-02-23,0,0.0,0.2,0.25,6,23,0,1,0,0.14285714285714285,0.0
7,985,3,True,0,2025-02-23,0,0.0,0.46,0.62,6,23,0,1,0,0.14285714285714285,0.0
7,990,3,True,0,2025-02-23,0,0.0,0.05,0.08,6,23,0,1,0,0.14285714285714285,0.0
7,1002,3,True,0,2025-02-23,0,1.0,0.17,0.21,6,23,0,1,0,0.14285714285714285,0.0
7,1012,3,True,0,2025-02-23,0,0.0,0.2,0.24,6,23,0,1,0,0.14285714285714285,0.0
7,1015,3,True,0,2025-02-23,0,0.0,0.26,0.29,6,23,0,1,0,0.14285714285714285,0.0
7,1025,3,True,0,2025-02-23,0,0.0,0.06,0.1,6,23,0,1,0,0.14285714285714285,0.0
7,1026,3,True,0,2025-02-23,1,0.0,0.06,0.07,6,23,0,1,0,0.0,0.0
7,1038,3,True,0,2025-02-23,0,0.0,0.11,0.14,6,23,0,1,0,0.14285714285714285,0.0
7,1042,3,True,0,2025-02-23,0,0.0,0.16,0.2,6,23,0,1,0,0.14285714285714285,0.0
7,1049,3,True,0,2025-02-23,0,0.0,0.13,0.18,6,23,0,1,0,0.14285714285714285,0.0
7,1059,3,True,0,2025-02-23,0,0.0,0.19,0.24,6,23,0,1,0,0.14285714285714285,0.0
7,1061,3,True,0,2025-02-23,0,0.0,0.1,0.12,6,23,0,1,0,0.14285714285714285,0.0
7,1068,3,True,0,2025-02-23,0,0.0,0.21,0.24,6,23,0,1,0,0.14285714285714285,0.0
7,1083,3,True,0,2025-02-23,0,0.0,0.16,0.19,6,23,0,1,0,0.14285714285714285,0.0
7,1093,3,True,0,2025-02-23,0,0.0,0.12,0.17,6,23,0,1,0,0.0,0.0
7,1098,3,True,0,2025-02-23,0,0.0,0.23,0.3,6,23,0,1,0,0.0,0.0
7,1100,3,True,0,2025-02-23,0,0.0,0.05,0.07,6,23,0,1,0,0.0,0.0
7,1114,3,True,0,2025-02-23,0,0.0,0.1,0.15,6,23,0,1,0,0.0,0.0
7,1131,3,True,0,2025-02-23,0,0.0,0.06,0.09,6,23,0,1,0,0.0,0.0
7,1154,3,True,0,2025-02-23,0,0.0,0.08,0.11,6,23,0,1,0,0.0,0.0
7,1156,3,True,0,2025-02-23,3,0.0,0.12,0.12,6,23,0,1,0,0.0,0.0
7,1159,3,True,0,2025-02-23,0,0.0,0.17,0.15,6,23,0,1,0,0.42857142857142855,0.0
7,1160,3,True,0,2025-02-23,0,0.0,0.21,0.24,6,23,0,1,0,0.42857142857142855,0.0
7,1197,3,True,0,2025-02-23,2,0.0,0.17,0.19,6,23,0,1,0,0.42857142857142855,0.0
7,1201,3,True,0,2025-02-23,0,0.0,0.27,0.42,6,23,0,1,0,0.7142857142857143,0.0
7,1205,3,True,0,2025-02-23,0,0.0,0.09,0.1,6,23,0,1,0,0.7142857142857143,0.0
7,1206,3,True,0,2025-02-23,0,0.0,0.11,0.16,6,23,0,1,0,0.7142857142857143,0.0
7,1213,3,True,0,2025-02-23,0,0.0,0.06,0.08,6,23,0,1,0,0.7142857142857143,0.0
7,1214,3,True,0,2025-02-23,0,0.0,0.15,0.18,6,23,0,1,0,0.2857142857142857,0.0
7,1217,3,True,0,2025-02-23,0,0.0,0.1,0.21,6,23,0,1,0,0.2857142857142857,0.0
7,1226,3,True,0,2025-02-23,0,0.0,0.18,0.21,6,23,0,1,0,0.2857142857142857,0.0
7,1227,3,True,0,2025-02-23,0,0.0,0.13,0.17,6,23,0,1,0,0.0,0.0
7,1231,3,True,0,2025-02-23,0,0.0,0.17,0.21,6,23,0,1,0,0.0,0.0
7,1232,3,True,0,2025-02-23,0,0.0,0.09,0.09,6,23,0,1,0,0.0,0.0
7,1236,3,True,0,2025-02-23,0,0.0,0.23,0.29,6,23,0,1,0,0.0,0.0
7,1237,3,True,0,2025-02-23,0,0.0,0.11,0.18,6,23,0,1,0,0.0,0.0
7,1240,3,True,0,2025-02-23,0,0.0,0.2,0.28,6,23,0,1,0,0.0,0.0
7,1242,3,True,0,2025-02-23,0,0.0,0.11,0.13,6,23,0,1,0,0.0,0.0
7,1259,3,True,0,2025-02-23,0,0.0,0.15,0.17,6,23,0,1,0,0.0,0.0
7,1271,3,True,0,2025-02-23,0,0.0,0.14,0.15,6,23,0,1,0,0.0,0.0
7,1286,3,True,0,2025-02-23,0,0.0,0.04,0.04,6,23,0,1,0,0.0,0.0
7,1297,3,True,0,2025-02-23,0,0.0,0.4,0.56,6,23,0,1,0,0.0,0.0
7,1312,3,True,0,2025-02-23,0,0.0,0.38,0.51,6,23,0,1,0,0.0,0.0
7,1319,3,True,0,2025-02-23,0,0.0,0.31,0.43,6,23,0,1,0,0.0,0.0
7,1330,3,True,0,2025-02-23,0,0.0,0.47,0.62,6,23,0,1,0,0.0,0.0
7,1349,3,True,0,2025-02-23,0,0.0,0.09,0.15,6,23,0,1,0,0.0,0.0
7,1361,3,True,0,2025-02-23,0,0.0,0.19,0.24,6,23,0,1,0,0.0,0.0
7,1370,3,True,0,2025-02-23,0,0.0,0.06,0.09,6,23,0,1,0,0.0,0.0
7,1374,3,True,0,2025-02-23,0,0.0,0.26,0.36,6,23,0,1,0,0.0,0.0
7,1378,3,True,0,2025-02-23,0,0.0,0.13,0.16,6,23,0,1,0,0.0,0.0
7,1386,3,True,0,2025-02-23,0,0.0,0.12,0.1,6,23,0,1,0,0.0,0.0
7,1398,3,True,0,2025-02-23,0,0.0,0.08,0.11,6,23,0,1,0,0.0,0.0
7,1399,3,True,0,2025-02-23,10,0.0,0.01,0.02,6,23,0,1,0,0.0,0.0
7,1411,3,True,0,2025-02-23,0,0.0,0.24,0.33,6,23,0,1,0,1.4285714285714286,0.0
7,1440,3,True,0,2025-02-23,0,0.0,0.05,0.06,6,23,0,1,0,1.4285714285714286,0.0
7,1443,3,True,0,2025-02-23,0,0.0,0.14,0.17,6,23,0,1,0,1.4285714285714286,0.0
7,1455,3,True,0,2025-02-23,0,0.0,0.05,0.08,6,23,0,1,0,1.4285714285714286,0.0
7,1462,3,True,0,2025-02-23,0,0.0,0.32,0.42,6,23,0,1,0,1.4285714285714286,0.0
7,1472,3,True,0,2025-02-23,1,0.0,0.09,0.12,6,23,0,1,0,1.4285714285714286,0.0
7,1477,3,True,0,2025-02-23,1,0.0,0.1,0.13,6,23,0,1,0,1.5714285714285714,0.0
7,1478,3,True,0,2025-02-23,1,2.0,0.05,0.05,6,23,0,1,0,0.2857142857142857,0.0
7,1491,3,True,0,2025-02-23,0,0.0,0.24,0.3,6,23,0,1,0,0.42857142857142855,0.0
7,1499,3,True,0,2025-02-23,1,0.0,0.1,0.16,6,23,0,1,0,0.42857142857142855,0.0
7,1507,3,True,0,2025-02-23,0,0.0,0.09,0.1,6,23,0,1,0,0.5714285714285714,0.0
7,1508,3,True,0,2025-02-23,0,0.0,0.11,0.12,6,23,0,1,0,0.5714285714285714,0.0
7,1513,3,True,0,2025-02-23,0,0.0,0.12,0.16,6,23,0,1,0,0.5714285714285714,0.0
7,1523,3,True,0,2025-02-23,0,0.0,0.05,0.08,6,23,0,1,0,0.42857142857142855,0.0
7,1536,3,True,0,2025-02-23,1,0.0,0.1,0.15,6,23,0,1,0,0.2857142857142857,0.0
7,1545,3,True,0,2025-02-23,0,0.0,0.15,0.19,6,23,0,1,0,0.2857142857142857,0.0
7,1550,3,True,0,2025-02-23,0,0.0,0.28,0.33,6,23,0,1,0,0.2857142857142857,0.0
7,1557,3,True,0,2025-02-23,0,0.0,0.12,0.16,6,23,0,1,0,0.14285714285714285,0.0
7,1561,3,True,0,2025-02-23,0,0.0,0.37,0.45,6,23,0,1,0,0.14285714285714285,0.0
7,1566,3,True,0,2025-02-23,0,0.0,0.16,0.21,6,23,0,1,0,0.14285714285714285,0.0
7,1579,3,True,0,2025-02-23,0,0.0,0.07,0.1,6,23,0,1,0,0.14285714285714285,0.0
7,1582,3,True,0,2025-02-23,0,0.0,0.16,0.2,6,23,0,1,0,0.14285714285714285,0.0
7,1585,3,True,0,2025-02-23,0,0.0,0.46,0.6,6,23,0,1,0,0.0,0.0
7,1587,3,True,0,2025-02-23,0,0.0,0.05,0.05,6,23,0,1,0,0.0,0.0
7,1605,3,True,0,2025-02-23,0,0.0,0.07,0.09,6,23,0,1,0,0.0,0.0
7,1609,3,True,0,2025-02-23,0,0.0,0.18,0.21,6,23,0,1,0,0.0,0.0
7,1632,3,True,0,2025-02-23,0,0.0,0.12,0.2,6,23,0,1,0,0.0,0.0
7,1638,3,True,0,2025-02-23,0,0.0,0.25,0.34,6,23,0,1,0,0.0,0.0
7,1640,3,True,0,2025-02-23,0,0.0,0.2,0.27,6,23,0,1,0,0.0,0.0
7,1641,3,True,0,2025-02-23,0,0.0,0.08,0.16,6,23,0,1,0,0.0,0.0
7,1649,3,True,0,2025-02-23,0,0.0,0.28,0.38,6,23,0,1,0,0.0,0.0
7,1680,3,True,0,2025-02-23,0,0.0,0.21,0.25,6,23,0,1,0,0.0,0.0
7,1681,3,True,0,2025-02-23,0,0.0,0.05,0.07,6,23,0,1,0,0.0,0.0
7,1682,3,True,0,2025-02-23,0,0.0,0.38,0.54,6,23,0,1,0,0.0,0.0
7,1683,3,True,0,2025-02-23,0,0.0,0.07,0.09,6,23,0,1,0,0.0,0.0
7,1700,3,True,0,2025-02-23,0,0.0,0.28,0.37,6,23,0,1,0,0.0,0.0
7,1708,3,True,0,2025-02-23,0,0.0,0.42,0.44,6,23,0,1,0,0.0,0.0
7,1709,3,True,0,2025-02-23,0,0.0,0.08,0.1,6,23,0,1,0,0.0,0.0
7,1714,3,True,0,2025-02-23,0,0.0,0.29,0.36,6,23,0,1,0,0.0,0.0
7,1718,3,True,0,2025-02-23,0,0.0,0.36,0.39,6,23,0,1,0,0.0,0.0
7,1737,3,True,0,2025-02-23,0,0.0,0.12,0.21,6,23,0,1,0,0.0,0.0
7,1751,3,True,0,2025-02-23,0,0.0,0.16,0.2,6,23,0,1,0,0.0,0.0
7,1753,3,True,0,2025-02-23,0,0.0,0.2,0.24,6,23,0,1,0,0.0,0.0
7,1754,3,True,0,2025-02-23,2,0.0,0.03,0.05,6,23,0,1,0,0.0,0.0
7,1769,3,True,0,2025-02-23,0,0.0,0.13,0.15,6,23,0,1,0,0.2857142857142857,0.0
7,1779,3,True,0,2025-02-23,0,0.0,0.04,0.06,6,23,0,1,0,0.2857142857142857,0.0
7,1786,3,True,0,2025-02-23,0,0.0,0.2,0.24,6,23,0,1,0,0.2857142857142857,0.0
7,1788,3,True,0,2025-02-23,0,0.0,0.35,0.43,6,23,0,1,0,0.2857142857142857,0.0
7,1808,3,True,0,2025-02-23,0,0.0,0.25,0.29,6,23,0,1,0,0.2857142857142857,0.0
7,1812,3,True,0,2025-02-23,0,0.0,0.33,0.44,6,23,0,1,0,0.2857142857142857,0.0
7,1817,3,True,0,2025-02-23,1,0.0,0.19,0.29,6,23,0,1,0,0.2857142857142857,0.0
7,1823,3,True,0,2025-02-23,0,0.0,0.13,0.17,6,23,0,1,0,0.14285714285714285,0.0
7,1831,3,True,0,2025-02-23,0,0.0,0.1,0.12,6,23,0,1,0,0.14285714285714285,0.0
7,1862,3,True,0,2025-02-23,0,0.0,0.11,0.15,6,23,0,1,0,0.14285714285714285,0.0
7,1867,3,True,0,2025-02-23,0,0.0,0.54,0.72,6,23,0,1,0,0.14285714285714285,0.0
7,1888,3,True,0,2025-02-23,0,0.0,0.25,0.32,6,23,0,1,0,0.14285714285714285,0.0
7,1891,3,True,0,2025-02-23,0,0.0,0.45,0.55,6,23,0,1,0,0.14285714285714285,0.0
7,1913,3,True,0,2025-02-23,0,0.0,0.03,0.04,6,23,0,1,0,0.14285714285714285,0.0
7,1914,3,True,0,2025-02-23,0,0.0,0.15,0.21,6,23,0,1,0,0.0,0.0
7,1927,3,True,0,2025-02-23,0,0.0,0.3,0.34,6,23,0,1,0,0.0,0.0
7,1931,3,True,0,2025-02-23,0,0.0,0.67,0.81,6,23,0,1,0,0.0,0.0
7,1943,3,True,0,2025-02-23,0,0.0,0.22,0.24,6,23,0,1,0,0.0,0.0
7,1952,3,True,0,2025-02-23,0,0.0,0.07,0.09,6,23,0,1,0,0.0,0.0
7,1964,3,True,0,2025-02-23,3,0.0,0.2,0.24,6,23,0,1,0,0.0,0.0
7,1974,3,True,0,2025-02-23,0,0.0,0.44,0.47,6,23,0,1,0,0.42857142857142855,0.0
7,1989,3,True,0,2025-02-23,0,0.0,0.15,0.19,6,23,0,1,0,0.42857142857142855,0.0
7,1990,3,True,0,2025-02-23,0,0.0,0.23,0.31,6,23,0,1,0,0.42857142857142855,0.0
7,1993,3,True,0,2025-02-23,0,0.0,0.12,0.15,6,23,0,1,0,0.42857142857142855,0.0
7,2004,3,True,0,2025-02-23,0,0.0,0.21,0.29,6,23,0,1,0,0.42857142857142855,0.0
7,2026,3,True,0,2025-02-23,0,0.0,0.23,0.32,6,23,0,1,0,0.42857142857142855,0.0
7,2049,3,True,0,2025-02-23,0,0.0,0.06,0.09,6,23,0,1,0,0.42857142857142855,0.0
7,2054,3,True,0,2025-02-23,0,0.0,0.22,0.39,6,23,0,1,0,0.0,0.0
7,2075,3,True,0,2025-02-23,0,0.0,0.18,0.24,6,23,0,1,0,0.0,0.0
7,2079,3,True,0,2025-02-23,0,0.0,0.12,0.13,6,23,0,1,0,0.0,0.0
7,2080,3,True,0,2025-02-23,0,0.0,0.14,0.15,6,23,0,1,0,0.0,0.0
7,2087,3,True,0,2025-02-23,0,0.0,0.36,0.54,6,23,0,1,0,0.0,0.0
7,2089,3,True,0,2025-02-23,0,0.0,0.12,0.15,6,23,0,1,0,0.0,0.0
7,2098,3,True,0,2025-02-23,0,0.0,0.35,0.44,6,23,0,1,0,0.0,0.0
7,2101,3,True,0,2025-02-23,0,0.0,0.14,0.19,6,23,0,1,0,0.0,0.0
7,2102,3,True,0,2025-02-23,0,0.0,0.12,0.13,6,23,0,1,0,0.0,0.0
7,2112,3,True,0,2025-02-23,0,0.0,0.22,0.27,6,23,0,1,0,0.0,0.0
7,2113,3,True,0,2025-02-23,0,0.0,0.19,0.28,6,23,0,1,0,0.0,0.0
7,2118,3,True,0,2025-02-23,0,0.0,0.29,0.43,6,23,0,1,0,0.0,0.0
7,2122,3,True,0,2025-02-23,0,0.0,0.65,0.8,6,23,0,1,0,0.0,0.0
7,2123,3,True,0,2025-02-23,0,0.0,0.08,0.1,6,23,0,1,0,0.0,0.0
7,2128,3,True,0,2025-02-23,0,0.0,0.17,0.21,6,23,0,1,0,0.0,0.0
7,2130,3,True,0,2025-02-23,0,0.0,0.16,0.19,6,23,0,1,0,0.0,0.0
7,2143,3,True,0,2025-02-23,0,0.0,0.1,0.12,6,23,0,1,0,0.0,0.0
7,2147,3,True,0,2025-02-23,0,0.0,0.15,0.18,6,23,0,1,0,0.0,0.0
7,2158,3,True,0,2025-02-23,0,0.0,0.27,0.28,6,23,0,1,0,0.0,0.0
7,2166,3,True,0,2025-02-23,0,0.0,0.21,0.26,6,23,0,1,0,0.0,0.0
7,2176,3,True,0,2025-02-23,0,0.0,0.11,0.14,6,23,0,1,0,0.0,0.0
7,2178,3,True,0,2025-02-23,0,0.0,0.19,0.21,6,23,0,1,0,0.0,0.0
7,2200,3,True,0,2025-02-23,0,0.0,0.13,0.16,6,23,0,1,0,0.0,0.0
7,2211,3,True,0,2025-02-23,2,0.0,0.05,0.06,6,23,0,1,0,0.0,0.0
7,2222,3,True,0,2025-02-23,0,0.0,0.34,0.49,6,23,0,1,0,0.2857142857142857,0.0
7,2234,3,True,0,2025-02-23,0,0.0,0.33,0.32,6,23,0,1,0,0.2857142857142857,0.0
7,2246,3,True,0,2025-02-23,0,0.0,0.51,0.57,6,23,0,1,0,0.2857142857142857,0.0
7,2247,3,True,0,2025-02-23,0,0.0,0.71,0.73,6,23,0,1,0,0.2857142857142857,0.0
7,2261,3,True,0,2025-02-23,0,0.0,0.23,0.25,6,23,0,1,0,0.2857142857142857,0.0
7,2262,3,True,0,2025-02-23,0,0.0,0.06,0.13,6,23,0,1,0,0.2857142857142857,0.0
7,2264,3,True,0,2025-02-23,0,0.0,0.42,0.51,6,23,0,1,0,0.2857142857142857,0.0
7,2275,3,True,0,2025-02-23,0,0.0,0.08,0.1,6,23,0,1,0,0.0,0.0
7,2276,3,True,0,2025-02-23,0,0.0,0.49,0.63,6,23,0,1,0,0.0,0.0
7,2277,3,True,0,2025-02-23,0,0.0,0.18,0.23,6,23,0,1,0,0.0,0.0
7,2281,3,True,0,2025-02-23,0,0.0,0.08,0.1,6,23,0,1,0,0.0,0.0
7,2294,3,True,0,2025-02-23,1,0.0,0.12,0.17,6,23,0,1,0,0.0,0.0
7,2295,3,True,0,2025-02-23,0,0.0,0.35,0.39,6,23,0,1,0,0.14285714285714285,0.0
7,2296,3,True,0,2025-02-23,0,0.0,0.34,0.4,6,23,0,1,0,0.14285714285714285,0.0
7,2301,3,True,0,2025-02-23,0,0.0,0.21,0.28,6,23,0,1,0,0.14285714285714285,0.0
7,2321,3,True,0,2025-02-23,1,0.0,0.28,0.37,6,23,0,1,0,0.14285714285714285,0.0
7,2345,3,True,0,2025-02-23,0,0.0,0.16,0.2,6,23,0,1,0,0.2857142857142857,0.0
7,2367,3,True,0,2025-02-23,0,0.0,0.29,0.45,6,23,0,1,0,0.2857142857142857,0.0
7,2370,3,True,0,2025-02-23,0,0.0,0.06,0.09,6,23,0,1,0,0.2857142857142857,0.0
7,2372,3,True,0,2025-02-23,0,0.0,0.3,0.34,6,23,0,1,0,0.14285714285714285,0.0
7,2376,3,True,0,2025-02-23,0,0.0,0.14,0.19,6,23,0,1,0,0.14285714285714285,0.0
7,2382,3,True,0,2025-02-23,0,0.0,0.26,0.28,6,23,0,1,0,0.14285714285714285,0.0
7,2383,3,True,0,2025-02-23,0,0.0,0.11,0.14,6,23,0,1,0,0.14285714285714285,0.0
7,2384,3,True,0,2025-02-23,0,0.0,0.08,0.09,6,23,0,1,0,0.0,0.0
7,2395,3,True,0,2025-02-23,0,0.0,0.02,0.03,6,23,0,1,0,0.0,0.0
7,2416,3,True,0,2025-02-23,0,0.0,0.19,0.22,6,23,0,1,0,0.0,0.0
7,2429,3,True,0,2025-02-23,0,0.0,0.3,0.37,6,23,0,1,0,0.0,0.0
7,2433,3,True,0,2025-02-23,1,0.0,0.12,0.16,6,23,0,1,0,0.0,0.0
7,2440,3,True,0,2025-02-23,0,0.0,0.1,0.17,6,23,0,1,0,0.14285714285714285,0.0
7,2446,3,True,0,2025-02-23,0,0.0,0.2,0.27,6,23,0,1,0,0.14285714285714285,0.0
7,2447,3,True,0,2025-02-23,0,0.0,0.27,0.31,6,23,0,1,0,0.14285714285714285,0.0
7,2457,3,True,0,2025-02-23,0,0.0,0.11,0.15,6,23,0,1,0,0.14285714285714285,0.0
7,2467,3,True,0,2025-02-23,0,0.0,0.16,0.14,6,23,0,1,0,0.14285714285714285,0.0
7,2468,3,True,0,2025-02-23,1,0.0,0.46,0.42,6,23,0,1,0,0.14285714285714285,0.0
7,2477,3,True,0,2025-02-23,0,0.0,0.26,0.31,6,23,0,1,0,0.2857142857142857,0.0
7,2479,3,True,0,2025-02-23,0,0.0,0.04,0.05,6,23,0,1,0,0.14285714285714285,0.0
7,2485,3,True,0,2025-02-23,1,0.0,0.26,0.31,6,23,0,1,0,0.14285714285714285,0.0
7,2503,3,True,0,2025-02-23,0,0.0,0.04,0.06,6,23,0,1,0,0.2857142857142857,0.0
7,2536,3,True,0,2025-02-23,0,0.0,0.19,0.3,6,23,0,1,0,0.2857142857142857,0.0
7,2537,3,True,0,2025-02-23,0,0.0,0.16,0.2,6,23,0,1,0,0.2857142857142857,0.0
7,2565,3,True,0,2025-02-23,0,0.0,0.41,0.49,6,23,0,1,0,0.2857142857142857,0.0
7,2566,3,True,0,2025-02-23,0,0.0,0.33,0.38,6,23,0,1,0,0.14285714285714285,0.0
7,2574,3,True,0,2025-02-23,0,0.0,0.28,0.31,6,23,0,1,0,0.14285714285714285,0.0
7,2590,3,True,0,2025-02-23,0,0.0,0.07,0.1,6,23,0,1,0,0.14285714285714285,0.0
7,2591,3,True,0,2025-02-23,0,0.0,0.15,0.18,6,23,0,1,0,0.0,0.0
7,2598,3,True,0,2025-02-23,0,0.0,0.09,0.11,6,23,0,1,0,0.0,0.0
7,2601,3,True,0,2025-02-23,0,0.0,0.21,0.27,6,23,0,1,0,0.0,0.0
7,2609,3,True,0,2025-02-23,0,0.0,0.08,0.12,6,23,0,1,0,0.0,0.0
7,2625,3,True,0,2025-02-23,0,0.0,0.2,0.24,6,23,0,1,0,0.0,0.0
7,2627,3,True,0,2025-02-23,0,0.0,0.27,0.4,6,23,0,1,0,0.0,0.0
7,2646,3,True,0,2025-02-23,0,0.0,0.51,0.35,6,23,0,1,0,0.0,0.0
7,2654,3,True,0,2025-02-23,0,0.0,0.07,0.08,6,23,0,1,0,0.0,0.0
7,2669,3,True,0,2025-02-23,0,0.0,0.19,0.24,6,23,0,1,0,0.0,0.0
7,2677,3,True,0,2025-02-23,0,0.0,0.11,0.12,6,23,0,1,0,0.0,0.0
7,2683,3,True,0,2025-02-23,0,0.0,0.1,0.14,6,23,0,1,0,0.0,0.0
7,2692,3,True,0,2025-02-23,0,0.0,0.09,0.13,6,23,0,1,0,0.0,0.0
7,2693,3,True,0,2025-02-23,0,0.0,0.06,0.09,6,23,0,1,0,0.0,0.0
7,2695,3,True,0,2025-02-23,0,0.0,0.04,0.05,6,23,0,1,0,0.0,0.0
7,2697,3,True,0,2025-02-23,0,0.0,0.12,0.14,6,23,0,1,0,0.0,0.0
7,2714,3,True,0,2025-02-23,0,0.0,0.05,0.06,6,23,0,1,0,0.0,0.0
7,2716,3,True,0,2025-02-23,0,0.0,0.13,0.17,6,23,0,1,0,0.0,0.0
7,2731,3,True,0,2025-02-23,0,0.0,0.03,0.04,6,23,0,1,0,0.0,0.0
7,2734,3,True,0,2025-02-23,0,0.0,0.6,0.51,6,23,0,1,0,0.0,0.0
7,2738,3,True,0,2025-02-23,0,0.0,0.07,0.08,6,23,0,1,0,0.0,0.0
7,2747,3,True,0,2025-02-23,0,0.0,0.29,0.41,6,23,0,1,0,0.0,0.0
7,2757,3,True,0,2025-02-23,0,0.0,0.1,0.16,6,23,0,1,0,0.0,0.0
7,2759,3,True,0,2025-02-23,0,0.0,0.08,0.11,6,23,0,1,0,0.0,0.0
7,2772,3,True,0,2025-02-23,0,0.0,0.11,0.17,6,23,0,1,0,0.0,0.0
7,2784,3,True,0,2025-02-23,0,0.0,0.17,0.47,6,23,0,1,0,0.0,0.0
7,2797,3,True,0,2025-02-23,1,0.0,0.1,0.12,6,23,0,1,0,0.0,0.0
7,2807,3,True,0,2025-02-23,0,0.0,0.55,0.21,6,23,0,1,0,0.14285714285714285,0.0
7,2809,3,True,0,2025-02-23,1,0.0,0.4,0.63,6,23,0,1,0,0.14285714285714285,0.0
7,2815,3,True,0,2025-02-23,1,0.0,0.11,0.15,6,23,0,1,0,0.2857142857142857,0.0
7,2833,3,True,0,2025-02-23,0,0.0,0.22,0.26,6,23,0,1,0,0.42857142857142855,0.0
7,2834,3,True,0,2025-02-23,0,0.0,0.31,0.34,6,23,0,1,0,0.42857142857142855,0.0
7,2848,3,True,0,2025-02-23,0,0.0,0.1,0.15,6,23,0,1,0,0.42857142857142855,0.0
7,2876,3,True,0,2025-02-23,0,0.0,0.05,0.06,6,23,0,1,0,0.42857142857142855,0.0
7,2893,3,True,0,2025-02-23,0,0.0,0.28,0.36,6,23,0,1,0,0.2857142857142857,0.0
7,2898,3,True,0,2025-02-23,0,0.0,0.17,0.25,6,23,0,1,0,0.2857142857142857,0.0
7,2899,3,True,0,2025-02-23,0,0.0,0.18,0.24,6,23,0,1,0,0.14285714285714285,0.0
7,2907,3,True,0,2025-02-23,0,0.0,0.21,0.33,6,23,0,1,0,0.0,0.0
7,2917,3,True,0,2025-02-23,0,0.0,0.06,0.08,6,23,0,1,0,0.0,0.0
7,2919,3,True,0,2025-02-23,21,0.0,0.02,0.02,6,23,0,1,0,0.0,0.0
7,2920,3,True,0,2025-02-23,0,0.0,0.07,0.09,6,23,0,1,0,3.0,0.0
7,2924,3,True,0,2025-02-23,0,0.0,0.13,0.27,6,23,0,1,0,3.0,0.0
7,2925,3,True,0,2025-02-23,1,0.0,0.1,0.15,6,23,0,1,0,3.0,0.0
7,2932,3,True,0,2025-02-23,0,0.0,0.28,0.35,6,23,0,1,0,3.142857142857143,0.0
7,2933,3,True,0,2025-02-23,0,0.0,0.49,0.68,6,23,0,1,0,3.142857142857143,0.0
7,2935,3,True,0,2025-02-23,0,0.0,0.21,0.22,6,23,0,1,0,3.142857142857143,0.0
7,2936,3,True,0,2025-02-23,0,0.0,0.02,0.18,6,23,0,1,0,3.142857142857143,0.0
7,2939,3,True,0,2025-02-23,0,0.0,0.43,0.46,6,23,0,1,0,0.14285714285714285,0.0
7,2940,3,True,0,2025-02-23,1,0.0,0.09,0.11,6,23,0,1,0,0.14285714285714285,0.0
7,2946,3,True,0,2025-02-23,0,0.0,0.44,0.41,6,23,0,1,0,0.2857142857142857,0.0
7,2949,3,True,0,2025-02-23,0,0.0,0.19,0.28,6,23,0,1,0,0.14285714285714285,0.0
7,2960,3,True,0,2025-02-23,0,0.0,0.07,0.09,6,23,0,1,0,0.14285714285714285,0.0
7,2976,3,True,0,2025-02-23,0,0.0,0.1,0.13,6,23,0,1,0,0.14285714285714285,0.0
7,2982,3,True,0,2025-02-23,0,0.0,0.21,0.26,6,23,0,1,0,0.14285714285714285,0.0
7,2983,3,True,0,2025-02-23,0,0.0,0.13,0.17,6,23,0,1,0,0.14285714285714285,0.0
7,2996,3,True,0,2025-02-23,0,0.0,0.27,0.35,6,23,0,1,0,0.14285714285714285,0.0
7,3004,3,True,0,2025-02-23,0,0.0,0.11,0.17,6,23,0,1,0,0.0,0.0
7,3010,3,True,0,2025-02-23,0,0.0,0.49,0.63,6,23,0,1,0,0.0,0.0
7,3017,3,True,0,2025-02-23,0,0.0,0.21,0.29,6,23,0,1,0,0.0,0.0
7,3018,3,True,0,2025-02-23,0,0.0,0.11,0.13,6,23,0,1,0,0.0,0.0
7,3027,3,True,0,2025-02-23,0,0.0,0.1,0.13,6,23,0,1,0,0.0,0.0
7,3030,3,True,0,2025-02-23,0,0.0,0.45,0.58,6,23,0,1,0,0.0,0.0
7,3037,3,True,0,2025-02-23,0,0.0,0.11,0.13,6,23,0,1,0,0.0,0.0
7,3042,3,True,0,2025-02-23,0,0.0,0.1,0.13,6,23,0,1,0,0.0,0.0
7,3045,3,True,0,2025-02-23,0,0.0,0.13,0.16,6,23,0,1,0,0.0,0.0
7,3049,3,True,0,2025-02-23,0,0.0,0.39,0.5,6,23,0,1,0,0.0,0.0
7,3051,3,True,0,2025-02-23,0,0.0,0.38,0.31,6,23,0,1,0,0.0,0.0
7,3056,3,True,0,2025-02-23,0,0.0,0.25,0.32,6,23,0,1,0,0.0,0.0
7,3062,3,True,0,2025-02-23,0,0.0,0.26,0.31,6,23,0,1,0,0.0,0.0
7,3064,3,True,0,2025-02-23,0,0.0,0.12,0.14,6,23,0,1,0,0.0,0.0
7,3067,3,True,0,2025-02-23,0,0.0,0.67,0.94,6,23,0,1,0,0.0,0.0
7,3071,3,True,0,2025-02-23,0,0.0,0.09,0.11,6,23,0,1,0,0.0,0.0
7,3094,3,True,0,2025-02-23,0,0.0,0.27,0.34,6,23,0,1,0,0.0,0.0
7,3097,3,True,0,2025-02-23,0,0.0,0.29,0.4,6,23,0,1,0,0.0,0.0
7,3106,3,True,0,2025-02-23,0,0.0,0.09,0.1,6,23,0,1,0,0.0,0.0
7,3110,3,True,0,2025-02-23,0,0.0,0.23,0.29,6,23,0,1,0,0.0,0.0
7,3124,3,True,0,2025-02-23,0,0.0,0.11,0.15,6,23,0,1,0,0.0,0.0
7,3129,3,True,0,2025-02-23,0,0.0,0.23,0.27,6,23,0,1,0,0.0,0.0
7,3131,3,True,0,2025-02-23,0,0.0,0.07,0.11,6,23,0,1,0,0.0,0.0
7,3134,3,True,0,2025-02-23,0,0.0,0.16,0.16,6,23,0,1,0,0.0,0.0
7,3139,3,True,0,2025-02-23,0,0.0,0.22,0.26,6,23,0,1,0,0.0,0.0
7,3142,3,True,0,2025-02-23,0,0.0,0.3,0.44,6,23,0,1,0,0.0,0.0
7,3156,3,True,0,2025-02-23,0,0.0,0.2,0.26,6,23,0,1,0,0.0,0.0
7,3172,3,True,0,2025-02-23,0,0.0,0.08,0.09,6,23,0,1,0,0.0,0.0
7,3173,3,True,0,2025-02-23,0,2.0,0.22,0.23,6,23,0,1,0,0.0,0.0
7,3176,3,True,0,2025-02-23,0,0.0,0.1,0.13,6,23,0,1,0,0.0,0.0
7,3188,3,True,0,2025-02-23,0,0.0,0.07,0.06,6,23,0,1,0,0.0,0.0
7,3193,3,True,0,2025-02-23,0,0.0,0.13,0.2,6,23,0,1,0,0.0,0.0
7,3204,3,True,0,2025-02-23,3,0.0,0.17,0.21,6,23,0,1,0,0.0,0.0
7,3205,3,True,0,2025-02-23,1,0.0,0.18,0.24,6,23,0,1,0,0.42857142857142855,0.0
7,3206,3,True,0,2025-02-23,0,0.0,0.17,0.18,6,23,0,1,0,0.5714285714285714,0.0
7,3210,3,True,0,2025-02-23,0,0.0,0.08,0.07,6,23,0,1,0,0.5714285714285714,0.0
7,3251,3,True,0,2025-02-23,0,0.0,0.29,0.35,6,23,0,1,0,0.5714285714285714,0.0
7,3257,3,True,0,2025-02-23,0,0.0,0.11,0.13,6,23,0,1,0,0.5714285714285714,0.0
7,3265,3,True,0,2025-02-23,0,0.0,0.08,0.08,6,23,0,1,0,0.5714285714285714,0.0
7,3271,3,True,0,2025-02-23,0,0.0,0.12,0.16,6,23,0,1,0,0.5714285714285714,0.0
7,3274,3,True,0,2025-02-23,0,0.0,0.41,0.35,6,23,0,1,0,0.14285714285714285,0.0
7,3278,3,True,0,2025-02-23,0,0.0,0.18,0.27,6,23,0,1,0,0.0,0.0
7,3288,3,True,0,2025-02-23,0,0.0,0.29,0.26,6,23,0,1,0,0.0,0.0
7,3295,3,True,0,2025-02-23,0,0.0,0.28,0.38,6,23,0,1,0,0.0,0.0
7,3303,3,True,0,2025-02-23,0,0.0,0.02,0.02,6,23,0,1,0,0.0,0.0
7,3311,3,True,0,2025-02-23,0,0.0,0.21,0.25,6,23,0,1,0,0.0,0.0
7,3319,3,True,0,2025-02-23,0,0.0,0.08,0.09,6,23,0,1,0,0.0,0.0
7,3336,3,True,0,2025-02-23,0,0.0,0.01,0.01,6,23,0,1,0,0.0,0.0
7,3341,3,True,0,2025-02-23,0,0.0,0.22,0.19,6,23,0,1,0,0.0,0.0
7,3342,3,True,0,2025-02-23,0,0.0,0.04,0.07,6,23,0,1,0,0.0,0.0
7,3343,3,True,0,2025-02-23,0,0.0,0.1,0.14,6,23,0,1,0,0.0,0.0
7,3359,3,True,0,2025-02-23,0,0.0,0.49,0.56,6,23,0,1,0,0.0,0.0
7,3364,3,True,0,2025-02-23,4,0.0,0.11,0.14,6,23,0,1,0,0.0,0.0
7,3365,3,True,0,2025-02-23,0,0.0,0.18,0.23,6,23,0,1,0,0.5714285714285714,0.0
7,3381,3,True,0,2025-02-23,0,0.0,0.3,0.39,6,23,0,1,0,0.5714285714285714,0.0
7,3386,3,True,0,2025-02-23,0,0.0,0.06,0.09,6,23,0,1,0,0.5714285714285714,0.0
7,3392,3,True,0,2025-02-23,0,1.0,0.1,0.14,6,23,0,1,0,0.5714285714285714,0.0
7,3397,3,True,0,2025-02-23,0,0.0,0.29,0.49,6,23,0,1,0,0.5714285714285714,0.0
7,3403,3,True,0,2025-02-23,0,0.0,0.17,0.26,6,23,0,1,0,0.5714285714285714,0.0
7,3413,3,True,0,2025-02-23,0,0.0,0.18,0.28,6,23,0,1,0,0.5714285714285714,0.0
7,3423,3,True,0,2025-02-23,0,0.0,0.05,0.06,6,23,0,1,0,0.0,0.0
7,3426,3,True,0,2025-02-23,0,0.0,0.13,0.17,6,23,0,1,0,0.0,0.0
7,3433,3,True,0,2025-02-23,0,0.0,0.08,0.1,6,23,0,1,0,0.0,0.0
7,3444,3,True,0,2025-02-23,0,0.0,0.31,0.37,6,23,0,1,0,0.0,0.0
7,3446,3,True,0,2025-02-23,0,0.0,0.06,0.07,6,23,0,1,0,0.0,0.0
7,3449,3,True,0,2025-02-23,0,0.0,0.36,0.42,6,23,0,1,0,0.0,0.0
7,3469,3,True,0,2025-02-23,0,0.0,0.09,0.11,6,23,0,1,0,0.0,0.0
7,3474,3,True,0,2025-02-23,0,0.0,0.31,0.36,6,23,0,1,0,0.0,0.0
7,3481,3,True,0,2025-02-23,0,0.0,0.08,0.1,6,23,0,1,0,0.0,0.0
7,3482,3,True,0,2025-02-23,1,0.0,0.12,0.14,6,23,0,1,0,0.0,0.0
7,3484,3,True,0,2025-02-23,0,0.0,0.09,0.11,6,23,0,1,0,0.14285714285714285,0.0
7,3492,3,True,0,2025-02-23,0,0.0,0.25,0.3,6,23,0,1,0,0.14285714285714285,0.0
7,3517,3,True,0,2025-02-23,1,0.0,0.24,0.3,6,23,0,1,0,0.14285714285714285,0.0
7,3518,3,True,0,2025-02-23,0,0.0,0.16,0.18,6,23,0,1,0,0.2857142857142857,0.0
7,3525,3,True,0,2025-02-23,0,0.0,0.15,0.21,6,23,0,1,0,0.2857142857142857,0.0
7,3526,3,True,0,2025-02-23,1,0.0,0.08,0.11,6,23,0,1,0,0.2857142857142857,0.0
7,3543,3,True,0,2025-02-23,0,0.0,0.16,0.23,6,23,0,1,0,0.42857142857142855,0.0
7,3551,3,True,0,2025-02-23,0,0.0,0.06,0.16,6,23,0,1,0,0.2857142857142857,0.0
7,3557,3,True,0,2025-02-23,0,0.0,0.09,0.12,6,23,0,1,0,0.2857142857142857,0.0
7,3559,3,True,0,2025-02-23,0,0.0,0.24,0.32,6,23,0,1,0,0.2857142857142857,0.0
7,3573,3,True,0,2025-02-23,0,0.0,0.29,0.34,6,23,0,1,0,0.14285714285714285,0.0
7,3586,3,True,0,2025-02-23,0,0.0,0.5,0.51,6,23,0,1,0,0.14285714285714285,0.0
7,3587,3,True,0,2025-02-23,0,0.0,0.04,0.05,6,23,0,1,0,0.14285714285714285,0.0
7,3610,3,True,0,2025-02-23,0,0.0,0.03,0.04,6,23,0,1,0,0.0,0.0
7,3615,3,True,0,2025-02-23,0,0.0,0.04,0.06,6,23,0,1,0,0.0,0.0
7,3616,3,True,0,2025-02-23,0,0.0,0.51,0.58,6,23,0,1,0,0.0,0.0
7,3629,3,True,0,2025-02-23,0,0.0,0.06,0.08,6,23,0,1,0,0.0,0.0
7,3630,3,True,0,2025-02-23,0,0.0,0.31,0.41,6,23,0,1,0,0.0,0.0
7,3638,3,True,0,2025-02-23,0,0.0,0.48,0.62,6,23,0,1,0,0.0,0.0
7,3644,3,True,0,2025-02-23,0,0.0,0.09,0.12,6,23,0,1,0,0.0,0.0
7,3655,3,True,0,2025-02-23,0,0.0,0.07,0.11,6,23,0,1,0,0.0,0.0
7,3659,3,True,0,2025-02-23,0,0.0,0.19,0.28,6,23,0,1,0,0.0,0.0
7,3660,3,True,0,2025-02-23,0,0.0,0.43,0.54,6,23,0,1,0,0.0,0.0
7,3667,3,True,0,2025-02-23,0,0.0,0.43,0.5,6,23,0,1,0,0.0,0.0
7,3672,3,True,0,2025-02-23,0,0.0,0.18,0.23,6,23,0,1,0,0.0,0.0
7,3682,3,True,0,2025-02-23,0,0.0,0.05,0.06,6,23,0,1,0,0.0,0.0
7,3697,3,True,0,2025-02-23,0,0.0,0.04,0.06,6,23,0,1,0,0.0,0.0
7,3714,3,True,0,2025-02-23,0,0.0,0.12,0.14,6,23,0,1,0,0.0,0.0
7,3742,3,True,0,2025-02-23,0,0.0,0.12,0.16,6,23,0,1,0,0.0,0.0
7,3765,3,True,0,2025-02-23,0,0.0,0.27,0.49,6,23,0,1,0,0.0,0.0
7,3773,3,True,0,2025-02-23,0,0.0,0.34,0.46,6,23,0,1,0,0.0,0.0
7,3779,3,True,0,2025-02-23,0,0.0,0.25,0.36,6,23,0,1,0,0.0,0.0
7,3785,3,True,0,2025-02-23,0,0.0,0.17,0.29,6,23,0,1,0,0.0,0.0
7,3804,3,True,0,2025-02-23,0,0.0,0.17,0.21,6,23,0,1,0,0.0,0.0
7,3823,3,True,0,2025-02-23,2,0.0,0.54,0.73,6,23,0,1,0,0.0,0.0
7,3827,3,True,0,2025-02-23,0,0.0,0.04,0.07,6,23,0,1,0,0.2857142857142857,0.0
7,3832,3,True,0,2025-02-23,2,0.0,0.05,0.12,6,23,0,1,0,0.2857142857142857,0.0
7,3837,3,True,0,2025-02-23,0,0.0,0.09,0.11,6,23,0,1,0,0.5714285714285714,0.0
7,3845,3,True,0,2025-02-23,0,0.0,0.01,0.01,6,23,0,1,0,0.5714285714285714,0.0
7,3846,3,True,0,2025-02-23,0,0.0,0.22,0.26,6,23,0,1,0,0.5714285714285714,0.0
7,3856,3,True,0,2025-02-23,0,0.0,0.21,0.27,6,23,0,1,0,0.5714285714285714,0.0
7,3867,3,True,0,2025-02-23,0,0.0,0.31,0.4,6,23,0,1,0,0.5714285714285714,0.0
7,3878,3,True,0,2025-02-23,0,0.0,0.05,0.06,6,23,0,1,0,0.2857142857142857,0.0
7,3881,3,True,0,2025-02-23,0,0.0,0.09,0.12,6,23,0,1,0,0.2857142857142857,0.0
7,3885,3,True,0,2025-02-23,0,0.0,0.05,0.07,6,23,0,1,0,0.0,0.0
7,3886,3,True,0,2025-02-23,0,0.0,0.49,0.71,6,23,0,1,0,0.0,0.0
7,3889,3,True,0,2025-02-23,0,0.0,0.1,0.16,6,23,0,1,0,0.0,0.0
7,3895,3,True,0,2025-02-23,1,0.0,0.21,0.22,6,23,0,1,0,0.0,0.0
7,3914,3,True,0,2025-02-23,0,0.0,0.4,0.57,6,23,0,1,0,0.14285714285714285,0.0
7,3916,3,True,0,2025-02-23,0,0.0,0.46,0.59,6,23,0,1,0,0.14285714285714285,0.0
7,3918,3,True,0,2025-02-23,1,0.0,0.4,0.49,6,23,0,1,0,0.14285714285714285,0.0
7,3932,3,True,0,2025-02-23,0,0.0,0.1,0.14,6,23,0,1,0,0.2857142857142857,0.0
7,3943,3,True,0,2025-02-23,0,0.0,0.25,0.29,6,23,0,1,0,0.2857142857142857,0.0
7,3947,3,True,0,2025-02-23,0,0.0,0.27,0.37,6,23,0,1,0,0.2857142857142857,0.0
7,3949,3,True,0,2025-02-23,0,0.0,0.06,0.08,6,23,0,1,0,0.2857142857142857,0.0
7,3952,3,True,0,2025-02-23,0,0.0,0.12,0.16,6,23,0,1,0,0.14285714285714285,0.0
7,3955,3,True,0,2025-02-23,0,0.0,0.73,0.76,6,23,0,1,0,0.14285714285714285,0.0
7,3967,3,True,0,2025-02-23,0,0.0,0.41,0.54,6,23,0,1,0,0.14285714285714285,0.0
7,3970,3,True,0,2025-02-23,0,0.0,0.15,0.19,6,23,0,1,0,0.0,0.0
7,3976,3,True,0,2025-02-23,0,0.0,0.24,0.29,6,23,0,1,0,0.0,0.0
7,3979,3,True,0,2025-02-23,0,0.0,0.15,0.21,6,23,0,1,0,0.0,0.0
7,3986,3,True,0,2025-02-23,0,0.0,0.62,0.22,6,23,0,1,0,0.0,0.0
7,3990,3,True,0,2025-02-23,0,0.0,0.1,0.13,6,23,0,1,0,0.0,0.0
7,3993,3,True,0,2025-02-23,0,0.0,0.13,0.18,6,23,0,1,0,0.0,0.0
7,4010,3,True,0,2025-02-23,0,0.0,0.17,0.31,6,23,0,1,0,0.0,0.0
7,4014,3,True,0,2025-02-23,1,0.0,0.39,0.46,6,23,0,1,0,0.0,0.0
7,4025,3,True,0,2025-02-23,0,0.0,0.17,0.15,6,23,0,1,0,0.14285714285714285,0.0
7,4027,3,True,0,2025-02-23,0,0.0,0.11,0.13,6,23,0,1,0,0.14285714285714285,0.0
7,4064,3,True,0,2025-02-23,0,0.0,0.05,0.08,6,23,0,1,0,0.14285714285714285,0.0
7,4068,3,True,0,2025-02-23,0,0.0,0.17,0.23,6,23,0,1,0,0.14285714285714285,0.0
7,4073,3,True,0,2025-02-23,0,0.0,0.43,0.49,6,23,0,1,0,0.14285714285714285,0.0
7,4077,3,True,0,2025-02-23,0,0.0,0.28,0.35,6,23,0,1,0,0.14285714285714285,0.0
7,4082,3,True,0,2025-02-23,0,0.0,0.08,0.1,6,23,0,1,0,0.14285714285714285,0.0
7,4084,3,True,0,2025-02-23,0,0.0,0.28,0.37,6,23,0,1,0,0.0,0.0
7,4094,3,True,0,2025-02-23,0,0.0,0.34,0.4,6,23,0,1,0,0.0,0.0
7,4102,3,True,0,2025-02-23,0,0.0,0.26,0.3,6,23,0,1,0,0.0,0.0
7,4117,3,True,0,2025-02-23,0,0.0,0.04,0.06,6,23,0,1,0,0.0,0.0
7,4129,3,True,0,2025-02-23,0,0.0,0.13,0.17,6,23,0,1,0,0.0,0.0
7,4136,3,True,0,2025-02-23,1,0.0,0.17,0.23,6,23,0,1,0,0.0,0.0
7,4155,3,True,0,2025-02-23,0,0.0,0.02,0.03,6,23,0,1,0,0.14285714285714285,0.0
7,4183,3,True,0,2025-02-23,0,0.0,0.19,0.2,6,23,0,1,0,0.14285714285714285,0.0
7,4185,3,True,0,2025-02-23,1,0.0,0.15,0.21,6,23,0,1,0,0.14285714285714285,0.0
7,4187,3,True,0,2025-02-23,2,0.0,0.07,0.11,6,23,0,1,0,0.2857142857142857,0.0
7,4188,3,True,0,2025-02-23,0,0.0,0.03,0.03,6,23,0,1,0,0.5714285714285714,0.0
7,4190,3,True,0,2025-02-23,0,0.0,0.12,0.19,6,23,0,1,0,0.5714285714285714,0.0
7,4213,3,True,0,2025-02-23,0,0.0,0.01,0.01,6,23,0,1,0,0.5714285714285714,0.0
7,4223,3,True,0,2025-02-23,0,0.0,0.12,0.13,6,23,0,1,0,0.42857142857142855,0.0
7,4227,3,True,0,2025-02-23,0,0.0,0.41,0.76,6,23,0,1,0,0.42857142857142855,0.0
7,4237,3,True,0,2025-02-23,0,0.0,0.08,0.11,6,23,0,1,0,0.42857142857142855,0.0
7,4247,3,True,0,2025-02-23,0,0.0,0.04,0.05,6,23,0,1,0,0.2857142857142857,0.0
7,4249,3,True,0,2025-02-23,0,0.0,0.12,0.15,6,23,0,1,0,0.0,0.0
7,4250,3,True,0,2025-02-23,0,0.0,0.13,0.17,6,23,0,1,0,0.0,0.0
7,4253,3,True,0,2025-02-23,0,0.0,0.13,0.17,6,23,0,1,0,0.0,0.0
7,4255,3,True,0,2025-02-23,0,0.0,0.13,0.14,6,23,0,1,0,0.0,0.0
7,4258,3,True,0,2025-02-23,0,0.0,0.18,0.26,6,23,0,1,0,0.0,0.0
7,4272,3,True,0,2025-02-23,0,0.0,0.09,0.11,6,23,0,1,0,0.0,0.0
7,4273,3,True,0,2025-02-23,0,0.0,0.12,0.16,6,23,0,1,0,0.0,0.0
7,4276,3,True,0,2025-02-23,0,0.0,0.07,0.09,6,23,0,1,0,0.0,0.0
7,4285,3,True,0,2025-02-23,0,0.0,0.22,0.21,6,23,0,1,0,0.0,0.0
7,4291,3,True,0,2025-02-23,0,0.0,0.09,0.12,6,23,0,1,0,0.0,0.0
7,4295,3,True,0,2025-02-23,0,0.0,0.2,0.24,6,23,0,1,0,0.0,0.0
7,4306,3,True,0,2025-02-23,0,0.0,0.34,0.48,6,23,0,1,0,0.0,0.0
7,4314,3,True,0,2025-02-23,0,0.0,0.29,0.33,6,23,0,1,0,0.0,0.0
7,4318,3,True,0,2025-02-23,0,0.0,0.3,0.41,6,23,0,1,0,0.0,0.0
7,4323,3,True,0,2025-02-23,2,0.0,0.05,0.07,6,23,0,1,0,0.0,0.0
7,4324,3,True,0,2025-02-23,0,0.0,0.05,0.07,6,23,0,1,0,0.2857142857142857,0.0
7,4334,3,True,0,2025-02-23,1,0.0,0.29,0.36,6,23,0,1,0,0.2857142857142857,0.0
7,4338,3,True,0,2025-02-23,0,0.0,0.1,0.12,6,23,0,1,0,0.42857142857142855,0.0
7,4354,3,True,0,2025-02-23,0,0.0,0.02,0.02,6,23,0,1,0,0.42857142857142855,0.0
7,4362,3,True,0,2025-02-23,0,0.0,0.05,0.15,6,23,0,1,0,0.42857142857142855,0.0
7,4364,3,True,0,2025-02-23,0,0.0,0.37,0.45,6,23,0,1,0,0.42857142857142855,0.0
7,4374,3,True,0,2025-02-23,0,0.0,0.06,0.07,6,23,0,1,0,0.42857142857142855,0.0
7,4387,3,True,0,2025-02-23,0,0.0,0.08,0.1,6,23,0,1,0,0.14285714285714285,0.0
7,4414,3,True,0,2025-02-23,0,0.0,0.15,0.25,6,23,0,1,0,0.14285714285714285,0.0
7,4416,3,True,0,2025-02-23,0,0.0,0.05,0.06,6,23,0,1,0,0.0,0.0
7,4418,3,True,0,2025-02-23,0,0.0,0.14,0.17,6,23,0,1,0,0.0,0.0
7,4428,3,True,0,2025-02-23,1,0.0,0.42,0.45,6,23,0,1,0,0.0,0.0
7,4431,3,True,0,2025-02-23,0,0.0,0.05,0.07,6,23,0,1,0,0.14285714285714285,0.0
7,4446,3,True,0,2025-02-23,0,0.0,0.53,0.77,6,23,0,1,0,0.14285714285714285,0.0
7,4490,3,True,0,2025-02-23,0,0.0,0.18,0.2,6,23,0,1,0,0.14285714285714285,0.0
7,4496,3,True,0,2025-02-23,0,0.0,0.07,0.09,6,23,0,1,0,0.14285714285714285,0.0
7,4500,3,True,0,2025-02-23,0,0.0,0.11,0.14,6,23,0,1,0,0.14285714285714285,0.0
7,4543,3,True,0,2025-02-23,2,0.0,0.04,0.06,6,23,0,1,0,0.14285714285714285,0.0
7,4561,3,True,0,2025-02-23,0,0.0,0.11,0.12,6,23,0,1,0,0.42857142857142855,0.0
7,4566,3,True,0,2025-02-23,0,0.0,0.07,0.08,6,23,0,1,0,0.2857142857142857,0.0
7,4569,3,True,0,2025-02-23,0,0.0,0.29,0.39,6,23,0,1,0,0.2857142857142857,0.0
7,4592,3,True,0,2025-02-23,0,0.0,0.14,0.21,6,23,0,1,0,0.2857142857142857,0.0
7,4627,3,True,0,2025-02-23,0,0.0,0.06,0.08,6,23,0,1,0,0.2857142857142857,0.0
7,4631,3,True,0,2025-02-23,0,0.0,0.15,0.19,6,23,0,1,0,0.2857142857142857,0.0
7,4641,3,True,0,2025-02-23,0,0.0,0.31,0.43,6,23,0,1,0,0.2857142857142857,0.0
7,4650,3,True,0,2025-02-23,0,0.0,0.27,0.39,6,23,0,1,0,0.0,0.0
7,4656,3,True,0,2025-02-23,0,0.0,0.07,0.1,6,23,0,1,0,0.0,0.0
7,4661,3,True,0,2025-02-23,0,0.0,0.05,0.06,6,23,0,1,0,0.0,0.0
7,4667,3,True,0,2025-02-23,0,0.0,0.07,0.08,6,23,0,1,0,0.0,0.0
7,4671,3,True,0,2025-02-23,0,0.0,0.22,0.27,6,23,0,1,0,0.0,0.0
7,4674,3,True,0,2025-02-23,0,0.0,0.22,0.27,6,23,0,1,0,0.0,0.0
7,4682,3,True,0,2025-02-23,0,0.0,0.35,0.43,6,23,0,1,0,0.0,0.0
7,4687,3,True,0,2025-02-23,0,0.0,0.23,0.37,6,23,0,1,0,0.0,0.0
7,4691,3,True,0,2025-02-23,0,0.0,0.18,0.25,6,23,0,1,0,0.0,0.0
7,4717,3,True,0,2025-02-23,0,0.0,0.18,0.26,6,23,0,1,0,0.0,0.0
7,4719,3,True,0,2025-02-23,0,0.0,0.33,0.36,6,23,0,1,0,0.0,0.0
7,4726,3,True,0,2025-02-23,1,0.0,0.13,0.21,6,23,0,1,0,0.0,0.0
7,4727,3,True,0,2025-02-23,0,0.0,0.22,0.31,6,23,0,1,0,0.14285714285714285,0.0
7,4731,3,True,0,2025-02-23,0,0.0,0.26,0.34,6,23,0,1,0,0.14285714285714285,0.0
7,4732,3,True,0,2025-02-23,0,0.0,0.17,0.22,6,23,0,1,0,0.14285714285714285,0.0
7,4745,3,True,0,2025-02-23,1,0.0,0.2,0.27,6,23,0,1,0,0.14285714285714285,0.0
7,4747,3,True,0,2025-02-23,0,0.0,0.06,0.09,6,23,0,1,0,0.2857142857142857,0.0
7,4748,3,True,0,2025-02-23,0,0.0,0.16,0.17,6,23,0,1,0,0.2857142857142857,0.0
7,4755,3,True,0,2025-02-23,0,0.0,0.31,0.37,6,23,0,1,0,0.2857142857142857,0.0
7,4767,3,True,0,2025-02-23,0,0.0,0.1,0.1,6,23,0,1,0,0.14285714285714285,0.0
7,4773,3,True,0,2025-02-23,0,0.0,0.32,0.51,6,23,0,1,0,0.14285714285714285,0.0
7,4779,3,True,0,2025-02-23,0,0.0,0.04,0.07,6,23,0,1,0,0.14285714285714285,0.0
7,4791,3,True,0,2025-02-23,0,0.0,0.14,0.22,6,23,0,1,0,0.14285714285714285,0.0
7,4819,3,True,0,2025-02-23,0,0.0,0.26,0.13,6,23,0,1,0,0.0,0.0
7,4827,3,True,0,2025-02-23,0,0.0,0.26,0.28,6,23,0,1,0,0.0,0.0
7,4829,3,True,0,2025-02-23,0,0.0,0.25,0.3,6,23,0,1,0,0.0,0.0
7,4830,3,True,0,2025-02-23,1,0.0,0.53,0.59,6,23,0,1,0,0.0,0.0
7,4846,3,True,0,2025-02-23,0,0.0,0.19,0.22,6,23,0,1,0,0.14285714285714285,0.0
7,4860,3,True,0,2025-02-23,0,0.0,0.15,0.21,6,23,0,1,0,0.14285714285714285,0.0
7,4865,3,True,0,2025-02-23,1,0.0,0.24,0.27,6,23,0,1,0,0.14285714285714285,0.0
7,4866,3,True,0,2025-02-23,0,0.0,0.17,0.21,6,23,0,1,0,0.2857142857142857,0.0
7,4875,3,True,0,2025-02-23,0,0.0,0.18,0.27,6,23,0,1,0,0.2857142857142857,0.0
7,4882,3,True,0,2025-02-23,0,0.0,0.06,0.07,6,23,0,1,0,0.2857142857142857,0.0
7,4890,3,True,0,2025-02-23,0,0.0,0.08,0.12,6,23,0,1,0,0.2857142857142857,0.0
7,4891,3,True,0,2025-02-23,0,0.0,0.06,0.08,6,23,0,1,0,0.14285714285714285,0.0
7,4894,3,True,0,2025-02-23,0,0.0,0.41,0.49,6,23,0,1,0,0.14285714285714285,0.0
7,4896,3,True,0,2025-02-23,2,0.0,0.02,0.12,6,23,0,1,0,0.14285714285714285,0.0
7,4900,3,True,0,2025-02-23,0,0.0,0.07,0.09,6,23,0,1,0,0.2857142857142857,0.0
7,4909,3,True,0,2025-02-23,0,0.0,0.03,0.05,6,23,0,1,0,0.2857142857142857,0.0
7,4919,3,True,0,2025-02-23,0,0.0,0.14,0.16,6,23,0,1,0,0.2857142857142857,0.0
7,4923,3,True,0,2025-02-23,2,0.0,0.08,0.14,6,23,0,1,0,0.2857142857142857,0.0
7,4926,3,True,0,2025-02-23,0,0.0,0.11,0.16,6,23,0,1,0,0.5714285714285714,0.0
7,4946,3,True,0,2025-02-23,0,0.0,0.2,0.24,6,23,0,1,0,0.5714285714285714,0.0
7,4966,3,True,0,2025-02-23,0,0.0,0.02,0.03,6,23,0,1,0,0.5714285714285714,0.0
7,4969,3,True,0,2025-02-23,0,0.0,0.21,0.22,6,23,0,1,0,0.2857142857142857,0.0
7,4970,3,True,0,2025-02-23,0,0.0,0.12,0.16,6,23,0,1,0,0.2857142857142857,0.0
7,4979,3,True,0,2025-02-23,0,0.0,0.12,0.15,6,23,0,1,0,0.2857142857142857,0.0
7,4988,3,True,0,2025-02-23,0,0.0,0.21,0.26,6,23,0,1,0,0.2857142857142857,0.0
7,5013,3,True,0,2025-02-23,0,0.0,0.16,0.19,6,23,0,1,0,0.0,0.0
7,5032,3,True,0,2025-02-23,0,0.0,0.14,0.17,6,23,0,1,0,0.0,0.0
7,5033,3,True,0,2025-02-23,0,0.0,0.08,0.1,6,23,0,1,0,0.0,0.0
7,5042,3,True,0,2025-02-23,0,0.0,0.17,0.23,6,23,0,1,0,0.0,0.0
7,5045,3,True,0,2025-02-23,0,0.0,0.31,0.4,6,23,0,1,0,0.0,0.0
7,5046,3,True,0,2025-02-23,0,0.0,0.15,0.21,6,23,0,1,0,0.0,0.0
7,5056,3,True,0,2025-02-23,0,0.0,0.11,0.15,6,23,0,1,0,0.0,0.0
7,5058,3,True,0,2025-02-23,0,0.0,0.26,0.28,6,23,0,1,0,0.0,0.0
7,5062,3,True,0,2025-02-23,0,0.0,0.06,0.08,6,23,0,1,0,0.0,0.0
7,5064,3,True,0,2025-02-23,0,0.0,0.08,0.09,6,23,0,1,0,0.0,0.0
7,5068,3,True,0,2025-02-23,0,0.0,0.07,0.1,6,23,0,1,0,0.0,0.0
7,5073,3,True,0,2025-02-23,0,0.0,0.36,0.48,6,23,0,1,0,0.0,0.0
7,5078,3,True,0,2025-02-23,0,0.0,0.4,0.54,6,23,0,1,0,0.0,0.0
7,5080,3,True,0,2025-02-23,0,0.0,0.04,0.05,6,23,0,1,0,0.0,0.0
7,5086,3,True,0,2025-02-23,0,0.0,0.12,0.16,6,23,0,1,0,0.0,0.0
7,5106,3,True,0,2025-02-23,0,0.0,0.15,0.19,6,23,0,1,0,0.0,0.0
7,5109,3,True,0,2025-02-23,0,0.0,0.18,0.22,6,23,0,1,0,0.0,0.0
7,5115,3,True,0,2025-02-23,0,0.0,0.1,0.48,6,23,0,1,0,0.0,0.0
7,5133,3,True,0,2025-02-23,0,0.0,0.09,0.12,6,23,0,1,0,0.0,0.0
7,5137,3,True,0,2025-02-23,0,0.0,0.77,0.88,6,23,0,1,0,0.0,0.0
7,5148,3,True,0,2025-02-23,0,0.0,0.15,0.14,6,23,0,1,0,0.0,0.0
7,5156,3,True,0,2025-02-23,0,0.0,0.1,0.06,6,23,0,1,0,0.0,0.0
7,5159,3,True,0,2025-02-23,1,0.0,0.17,0.17,6,23,0,1,0,0.0,0.0
7,5161,3,True,0,2025-02-23,0,0.0,0.54,0.57,6,23,0,1,0,0.14285714285714285,0.0
7,5168,3,True,0,2025-02-23,0,0.0,0.27,0.37,6,23,0,1,0,0.14285714285714285,0.0
7,5174,3,True,0,2025-02-23,0,0.0,0.06,0.07,6,23,0,1,0,0.14285714285714285,0.0
7,5185,3,True,0,2025-02-23,0,0.0,0.16,0.2,6,23,0,1,0,0.14285714285714285,0.0
7,5190,3,True,0,2025-02-23,0,0.0,0.21,0.3,6,23,0,1,0,0.14285714285714285,0.0
7,5197,3,True,0,2025-02-23,0,0.0,0.15,0.18,6,23,0,1,0,0.14285714285714285,0.0
7,5206,3,True,0,2025-02-23,0,0.0,0.06,0.09,6,23,0,1,0,0.14285714285714285,0.0
7,5218,3,True,0,2025-02-23,0,0.0,0.27,0.33,6,23,0,1,0,0.0,0.0
7,5219,3,True,0,2025-02-23,0,0.0,0.09,0.12,6,23,0,1,0,0.0,0.0
7,5232,3,True,0,2025-02-23,0,0.0,0.21,0.27,6,23,0,1,0,0.0,0.0
7,5236,3,True,0,2025-02-23,0,0.0,0.12,0.15,6,23,0,1,0,0.0,0.0
7,5238,3,True,0,2025-02-23,0,0.0,0.16,0.17,6,23,0,1,0,0.0,0.0
7,5249,3,True,0,2025-02-23,0,0.0,0.17,0.06,6,23,0,1,0,0.0,0.0
7,5255,3,True,0,2025-02-23,0,0.0,0.18,0.24,6,23,0,1,0,0.0,0.0
7,5256,3,True,0,2025-02-23,0,0.0,0.11,0.15,6,23,0,1,0,0.0,0.0
7,5264,3,True,0,2025-02-23,0,0.0,0.12,0.16,6,23,0,1,0,0.0,0.0
7,5265,3,True,0,2025-02-23,0,0.0,0.21,0.27,6,23,0,1,0,0.0,0.0
7,5282,3,True,0,2025-02-23,0,0.0,0.38,0.45,6,23,0,1,0,0.0,0.0
7,6,4,False,0,2025-02-23,1,0.0,0.07,0.08,6,23,0,1,0,0.0,0.0
7,7,4,False,0,2025-02-23,0,0.0,0.02,0.03,6,23,0,1,0,0.14285714285714285,0.0
7,32,4,False,0,2025-02-23,0,0.0,0.02,0.03,6,23,0,1,0,0.14285714285714285,0.0
7,36,4,False,0,2025-02-23,3,0.0,0.04,0.07,6,23,0,1,0,0.14285714285714285,0.0
7,41,4,False,0,2025-02-23,0,0.0,0.02,0.04,6,23,0,1,0,0.5714285714285714,0.0
7,66,4,False,0,2025-02-23,3,0.0,0.01,0.02,6,23,0,1,0,0.5714285714285714,0.0
7,85,4,False,0,2025-02-23,2,0.0,0.03,0.04,6,23,0,1,0,1.0,0.0
7,95,4,False,0,2025-02-23,2,0.0,0.06,0.09,6,23,0,1,0,1.2857142857142858,0.0
7,119,4,False,0,2025-02-23,1,0.0,0.05,0.07,6,23,0,1,0,1.4285714285714286,0.0
7,120,4,False,0,2025-02-23,0,0.0,0.02,0.02,6,23,0,1,0,1.5714285714285714,0.0
7,125,4,False,0,2025-02-23,5,0.0,0.01,0.01,6,23,0,1,0,1.5714285714285714,0.0
7,126,4,False,0,2025-02-23,0,0.0,0.03,0.03,6,23,0,1,0,1.8571428571428572,0.0
7,132,4,False,0,2025-02-23,1,0.0,0.05,0.06,6,23,0,1,0,1.8571428571428572,0.0
7,158,4,False,0,2025-02-23,3,0.0,0.05,0.04,6,23,0,1,0,1.5714285714285714,0.0
7,189,4,False,0,2025-02-23,1,0.0,0.07,0.12,6,23,0,1,0,1.7142857142857142,0.0
7,193,4,False,0,2025-02-23,0,0.0,0.02,0.03,6,23,0,1,0,1.5714285714285714,0.0
7,217,4,False,0,2025-02-23,0,0.0,0.01,0.01,6,23,0,1,0,1.4285714285714286,0.0
7,221,4,False,0,2025-02-23,0,0.0,0.06,0.12,6,23,0,1,0,1.4285714285714286,0.0
7,225,4,False,0,2025-02-23,2,0.0,0.05,0.08,6,23,0,1,0,0.7142857142857143,0.0
7,252,4,False,0,2025-02-23,2,0.0,0.03,0.06,6,23,0,1,0,1.0,0.0
7,253,4,False,0,2025-02-23,2,0.0,0.09,0.13,6,23,0,1,0,1.1428571428571428,0.0
7,267,4,False,0,2025-02-23,2,0.0,0.11,0.15,6,23,0,1,0,1.0,0.0
7,286,4,False,0,2025-02-23,3,0.0,0.04,0.06,6,23,0,1,0,1.1428571428571428,0.0
7,291,4,False,0,2025-02-23,0,0.0,0.07,0.09,6,23,0,1,0,1.5714285714285714,0.0
7,318,4,False,0,2025-02-23,2,0.0,0.05,0.07,6,23,0,1,0,1.5714285714285714,0.0
7,321,4,False,0,2025-02-23,2,0.0,0.12,0.17,6,23,0,1,0,1.8571428571428572,0.0
7,329,4,False,0,2025-02-23,2,0.0,0.03,0.05,6,23,0,1,0,1.8571428571428572,0.0
7,336,4,False,0,2025-02-23,2,0.0,0.12,0.16,6,23,0,1,0,1.8571428571428572,0.0
7,346,4,False,0,2025-02-23,0,0.0,0.03,0.03,6,23,0,1,0,1.8571428571428572,0.0
7,354,4,False,0,2025-02-23,2,0.0,0.13,0.2,6,23,0,1,0,1.5714285714285714,0.0
7,359,4,False,0,2025-02-23,1,0.0,0.03,0.03,6,23,0,1,0,1.4285714285714286,0.0
7,360,4,False,0,2025-02-23,1,0.0,0.06,0.09,6,23,0,1,0,1.5714285714285714,0.0
7,368,4,False,0,2025-02-23,3,0.0,0.04,0.07,6,23,0,1,0,1.4285714285714286,0.0
7,388,4,False,0,2025-02-23,6,0.0,0.08,0.11,6,23,0,1,0,1.5714285714285714,0.0
7,416,4,False,0,2025-02-23,1,0.0,0.1,0.12,6,23,0,1,0,2.142857142857143,0.0
7,428,4,False,0,2025-02-23,2,0.0,0.02,0.03,6,23,0,1,0,2.0,0.0
7,434,4,False,0,2025-02-23,0,0.0,0.03,0.04,6,23,0,1,0,2.2857142857142856,0.0
7,438,4,False,0,2025-02-23,1,0.0,0.04,0.05,6,23,0,1,0,2.0,0.0
7,441,4,False,0,2025-02-23,2,0.0,0.04,0.05,6,23,0,1,0,2.0,0.0
7,446,4,False,0,2025-02-23,0,0.0,0.03,0.04,6,23,0,1,0,2.142857142857143,0.0
7,454,4,False,0,2025-02-23,0,0.0,0.02,0.03,6,23,0,1,0,1.7142857142857142,0.0
7,457,4,False,0,2025-02-23,1,0.0,0.01,0.02,6,23,0,1,0,0.8571428571428571,0.0
7,467,4,False,0,2025-02-23,0,0.0,0.01,0.02,6,23,0,1,0,0.8571428571428571,0.0
7,474,4,False,0,2025-02-23,11,0.0,0.08,0.11,6,23,0,1,0,0.5714285714285714,0.0
7,481,4,False,0,2025-02-23,1,0.0,0.13,0.15,6,23,0,1,0,2.142857142857143,0.0
7,498,4,False,0,2025-02-23,2,0.0,0.13,0.18,6,23,0,1,0,2.142857142857143,0.0
7,505,4,False,0,2025-02-23,0,0.0,0.04,0.05,6,23,0,1,0,2.142857142857143,0.0
7,510,4,False,0,2025-02-23,1,0.0,0.03,0.05,6,23,0,1,0,2.142857142857143,0.0
7,515,4,False,0,2025-02-23,1,0.0,0.03,0.04,6,23,0,1,0,2.2857142857142856,0.0
7,528,4,False,0,2025-02-23,2,0.0,0.05,0.1,6,23,0,1,0,2.2857142857142856,0.0
7,556,4,False,0,2025-02-23,0,0.0,0.02,0.03,6,23,0,1,0,2.5714285714285716,0.0
7,565,4,False,0,2025-02-23,2,0.0,0.08,0.12,6,23,0,1,0,1.0,0.0
7,574,4,False,0,2025-02-23,1,0.0,0.15,0.21,6,23,0,1,0,1.1428571428571428,0.0
7,576,4,False,0,2025-02-23,0,0.0,0.04,0.05,6,23,0,1,0,1.0,0.0
7,587,4,False,0,2025-02-23,0,0.0,0.07,0.11,6,23,0,1,0,1.0,0.0
7,603,4,False,0,2025-02-23,0,0.0,0.06,0.09,6,23,0,1,0,0.8571428571428571,0.0
7,624,4,False,0,2025-02-23,1,0.0,0.05,0.06,6,23,0,1,0,0.7142857142857143,0.0
7,626,4,False,0,2025-02-23,2,0.0,0.01,0.02,6,23,0,1,0,0.5714285714285714,0.0
7,644,4,False,0,2025-02-23,2,0.0,0.09,0.14,6,23,0,1,0,0.8571428571428571,0.0
7,652,4,False,0,2025-02-23,2,0.0,0.04,0.08,6,23,0,1,0,0.8571428571428571,0.0
7,660,4,False,0,2025-02-23,3,0.0,0.06,0.12,6,23,0,1,0,1.0,0.0
7,665,4,False,0,2025-02-23,0,0.0,0.04,0.05,6,23,0,1,0,1.4285714285714286,0.0
7,666,4,False,0,2025-02-23,0,0.0,0.04,0.07,6,23,0,1,0,1.4285714285714286,0.0
7,672,4,False,0,2025-02-23,0,0.0,0.04,0.06,6,23,0,1,0,1.4285714285714286,0.0
7,692,4,False,0,2025-02-23,1,0.0,0.02,0.04,6,23,0,1,0,1.2857142857142858,0.0
7,707,4,False,0,2025-02-23,2,0.0,0.06,0.08,6,23,0,1,0,1.1428571428571428,0.0
7,721,4,False,0,2025-02-23,0,0.0,0.03,0.03,6,23,0,1,0,1.1428571428571428,0.0
7,722,4,False,0,2025-02-23,2,0.0,0.09,0.12,6,23,0,1,0,0.8571428571428571,0.0
7,732,4,False,0,2025-02-23,2,0.0,0.06,0.08,6,23,0,1,0,0.7142857142857143,0.0
7,735,4,False,0,2025-02-23,1,0.0,0.03,0.04,6,23,0,1,0,1.0,0.0
7,737,4,False,0,2025-02-23,0,0.0,0.07,0.1,6,23,0,1,0,1.1428571428571428,0.0
7,765,4,False,0,2025-02-23,3,0.0,0.02,0.04,6,23,0,1,0,1.1428571428571428,0.0
7,773,4,False,0,2025-02-23,0,0.0,0.0,0.01,6,23,0,1,0,1.4285714285714286,0.0
7,801,4,False,0,2025-02-23,0,0.0,0.01,0.01,6,23,0,1,0,1.1428571428571428,0.0
7,814,4,False,0,2025-02-23,2,0.0,0.09,0.13,6,23,0,1,0,1.1428571428571428,0.0
7,817,4,False,0,2025-02-23,2,0.0,0.05,0.07,6,23,0,1,0,1.1428571428571428,0.0
7,822,4,False,0,2025-02-23,4,0.0,0.03,0.06,6,23,0,1,0,1.1428571428571428,0.0
7,823,4,False,0,2025-02-23,0,0.0,0.03,0.04,6,23,0,1,0,1.5714285714285714,0.0
7,834,4,False,0,2025-02-23,0,0.0,0.22,0.22,6,23,0,1,0,1.5714285714285714,0.0
7,851,4,False,0,2025-02-23,0,0.0,0.06,0.07,6,23,0,1,0,1.1428571428571428,0.0
7,860,4,False,0,2025-02-23,1,0.0,0.02,0.03,6,23,0,1,0,1.1428571428571428,0.0
7,878,4,False,0,2025-02-23,1,0.0,0.16,0.31,6,23,0,1,0,1.2857142857142858,0.0
7,896,4,False,0,2025-02-23,1,0.0,0.13,0.14,6,23,0,1,0,1.1428571428571428,0.0
7,910,4,False,0,2025-02-23,0,0.0,0.01,0.02,6,23,0,1,0,1.0,0.0
7,912,4,False,0,2025-02-23,2,0.0,0.14,0.24,6,23,0,1,0,0.42857142857142855,0.0
7,918,4,False,0,2025-02-23,2,0.0,0.07,0.09,6,23,0,1,0,0.7142857142857143,0.0
7,925,4,False,0,2025-02-23,0,0.0,0.01,0.02,6,23,0,1,0,1.0,0.0
7,928,4,False,0,2025-02-23,2,0.0,0.03,0.05,6,23,0,1,0,1.0,0.0
7,936,4,False,0,2025-02-23,1,0.0,0.03,0.05,6,23,0,1,0,1.1428571428571428,0.0
7,962,4,False,0,2025-02-23,2,0.0,0.04,0.05,6,23,0,1,0,1.1428571428571428,0.0
7,987,4,False,0,2025-02-23,0,0.0,0.02,0.03,6,23,0,1,0,1.2857142857142858,0.0
7,991,4,False,0,2025-02-23,1,0.0,0.02,0.03,6,23,0,1,0,1.2857142857142858,0.0
7,995,4,False,0,2025-02-23,2,0.0,0.03,0.05,6,23,0,1,0,1.1428571428571428,0.0
7,1032,4,False,0,2025-02-23,2,0.0,0.13,0.17,6,23,0,1,0,1.1428571428571428,0.0
7,1035,4,False,0,2025-02-23,1,0.0,0.03,0.04,6,23,0,1,0,1.4285714285714286,0.0
7,1091,4,False,0,2025-02-23,2,0.0,0.06,0.09,6,23,0,1,0,1.2857142857142858,0.0
7,1101,4,False,0,2025-02-23,1,0.0,0.03,0.04,6,23,0,1,0,1.4285714285714286,0.0
7,1113,4,False,0,2025-02-23,0,0.0,0.03,0.03,6,23,0,1,0,1.2857142857142858,0.0
7,1121,4,False,0,2025-02-23,2,0.0,0.04,0.06,6,23,0,1,0,1.2857142857142858,0.0
7,1129,4,False,0,2025-02-23,4,0.0,0.01,0.01,6,23,0,1,0,1.4285714285714286,0.0
7,1130,4,False,0,2025-02-23,3,0.0,0.04,0.06,6,23,0,1,0,1.7142857142857142,0.0
7,1144,4,False,0,2025-02-23,2,0.0,0.12,0.2,6,23,0,1,0,1.8571428571428572,0.0
7,1151,4,False,0,2025-02-23,0,0.0,0.01,0.02,6,23,0,1,0,2.0,0.0
7,1165,4,False,0,2025-02-23,2,0.0,0.02,0.02,6,23,0,1,0,1.7142857142857142,0.0
7,1187,4,False,0,2025-02-23,3,0.0,0.01,0.02,6,23,0,1,0,1.8571428571428572,0.0
7,1210,4,False,0,2025-02-23,4,0.0,0.01,0.01,6,23,0,1,0,2.2857142857142856,0.0
7,1211,4,False,0,2025-02-23,2,0.0,0.1,0.12,6,23,0,1,0,2.5714285714285716,0.0
7,1218,4,False,0,2025-02-23,6,0.0,0.04,0.06,6,23,0,1,0,2.2857142857142856,0.0
7,1230,4,False,0,2025-02-23,1,0.0,0.06,0.07,6,23,0,1,0,2.7142857142857144,0.0
7,1234,4,False,0,2025-02-23,0,0.0,0.18,0.24,6,23,0,1,0,2.5714285714285716,0.0
7,1239,4,False,0,2025-02-23,2,0.0,0.09,0.12,6,23,0,1,0,2.5714285714285716,0.0
7,1255,4,False,0,2025-02-23,0,0.0,0.03,0.04,6,23,0,1,0,2.5714285714285716,0.0
7,1272,4,False,0,2025-02-23,0,0.0,0.02,0.03,6,23,0,1,0,2.142857142857143,0.0
7,1275,4,False,0,2025-02-23,3,0.0,0.01,0.03,6,23,0,1,0,1.5714285714285714,0.0
7,1277,4,False,0,2025-02-23,0,0.0,0.05,0.07,6,23,0,1,0,1.7142857142857142,0.0
7,1282,4,False,0,2025-02-23,1,0.0,0.17,0.25,6,23,0,1,0,0.8571428571428571,0.0
7,1283,4,False,0,2025-02-23,2,0.0,0.04,0.07,6,23,0,1,0,0.8571428571428571,0.0
7,1351,4,False,0,2025-02-23,2,0.0,0.08,0.11,6,23,0,1,0,1.1428571428571428,0.0
7,1352,4,False,0,2025-02-23,2,0.0,0.03,0.05,6,23,0,1,0,1.1428571428571428,0.0
7,1368,4,False,0,2025-02-23,6,0.0,0.03,0.05,6,23,0,1,0,1.4285714285714286,0.0
7,1381,4,False,0,2025-02-23,2,0.0,0.05,0.07,6,23,0,1,0,2.2857142857142856,0.0
7,1397,4,False,0,2025-02-23,0,0.0,0.05,0.09,6,23,0,1,0,2.142857142857143,0.0
7,1408,4,False,0,2025-02-23,1,0.0,0.12,0.16,6,23,0,1,0,2.142857142857143,0.0
7,1434,4,False,0,2025-02-23,3,0.0,0.03,0.03,6,23,0,1,0,2.142857142857143,0.0
7,1437,4,False,0,2025-02-23,0,0.0,0.04,0.07,6,23,0,1,0,2.2857142857142856,0.0
7,1438,4,False,0,2025-02-23,0,0.0,0.36,0.42,6,23,0,1,0,2.0,0.0
7,1444,4,False,0,2025-02-23,2,0.0,0.02,0.03,6,23,0,1,0,1.7142857142857142,0.0
7,1452,4,False,0,2025-02-23,2,0.0,0.05,0.08,6,23,0,1,0,1.1428571428571428,0.0
7,1454,4,False,0,2025-02-23,0,0.0,0.03,0.04,6,23,0,1,0,1.1428571428571428,0.0
7,1461,4,False,0,2025-02-23,0,0.0,0.02,0.04,6,23,0,1,0,1.1428571428571428,0.0
7,1467,4,False,0,2025-02-23,1,0.0,0.06,0.08,6,23,0,1,0,1.0,0.0
7,1475,4,False,0,2025-02-23,0,0.0,0.06,0.08,6,23,0,1,0,0.7142857142857143,0.0
7,1487,4,False,0,2025-02-23,3,0.0,0.05,0.07,6,23,0,1,0,0.7142857142857143,0.0
7,1490,4,False,0,2025-02-23,1,0.0,0.12,0.18,6,23,0,1,0,1.1428571428571428,0.0
7,1501,4,False,0,2025-02-23,2,0.0,0.02,0.03,6,23,0,1,0,1.0,0.0
7,1516,4,False,0,2025-02-23,3,0.0,0.03,0.04,6,23,0,1,0,1.0,0.0
7,1524,4,False,0,2025-02-23,2,0.0,0.06,0.09,6,23,0,1,0,1.4285714285714286,0.0
7,1527,4,False,0,2025-02-23,2,0.0,0.08,0.13,6,23,0,1,0,1.7142857142857142,0.0
7,1532,4,False,0,2025-02-23,0,0.0,0.03,0.05,6,23,0,1,0,1.8571428571428572,0.0
7,1552,4,False,0,2025-02-23,2,0.0,0.17,0.21,6,23,0,1,0,1.8571428571428572,0.0
7,1554,4,False,0,2025-02-23,0,0.0,0.03,0.04,6,23,0,1,0,1.7142857142857142,0.0
7,1565,4,False,0,2025-02-23,0,0.0,0.05,0.09,6,23,0,1,0,1.5714285714285714,0.0
7,1571,4,False,0,2025-02-23,1,0.0,0.09,0.13,6,23,0,1,0,1.2857142857142858,0.0
7,1575,4,False,0,2025-02-23,0,0.0,0.18,0.27,6,23,0,1,0,1.0,0.0
7,1589,4,False,0,2025-02-23,0,0.0,0.02,0.04,6,23,0,1,0,0.7142857142857143,0.0
7,1601,4,False,0,2025-02-23,2,0.0,0.1,0.2,6,23,0,1,0,0.42857142857142855,0.0
7,1608,4,False,0,2025-02-23,3,0.0,0.05,0.07,6,23,0,1,0,0.7142857142857143,0.0
7,1612,4,False,0,2025-02-23,1,0.0,0.06,0.07,6,23,0,1,0,0.8571428571428571,0.0
7,1623,4,False,0,2025-02-23,4,0.0,0.03,0.04,6,23,0,1,0,1.0,0.0
7,1637,4,False,0,2025-02-23,1,0.0,0.07,0.09,6,23,0,1,0,1.5714285714285714,0.0
7,1647,4,False,0,2025-02-23,1,0.0,0.09,0.12,6,23,0,1,0,1.5714285714285714,0.0
7,1655,4,False,0,2025-02-23,1,0.0,0.06,0.07,6,23,0,1,0,1.7142857142857142,0.0
7,1674,4,False,0,2025-02-23,0,0.0,0.04,0.06,6,23,0,1,0,1.8571428571428572,0.0
7,1676,4,False,0,2025-02-23,0,0.0,0.02,0.03,6,23,0,1,0,1.5714285714285714,0.0
7,1707,4,False,0,2025-02-23,0,0.0,0.01,0.02,6,23,0,1,0,1.1428571428571428,0.0
7,1712,4,False,0,2025-02-23,0,0.0,0.13,0.17,6,23,0,1,0,1.0,0.0
7,1742,4,False,0,2025-02-23,4,0.0,0.05,0.08,6,23,0,1,0,0.42857142857142855,0.0
7,1743,4,False,0,2025-02-23,0,0.0,0.05,0.07,6,23,0,1,0,0.8571428571428571,0.0
7,1747,4,False,0,2025-02-23,0,0.0,0.02,0.03,6,23,0,1,0,0.7142857142857143,0.0
7,1757,4,False,0,2025-02-23,2,1.0,0.01,0.02,6,23,0,1,0,0.5714285714285714,0.0
7,1761,4,False,0,2025-02-23,1,0.0,0.04,0.06,6,23,0,1,0,0.8571428571428571,0.0
7,1768,4,False,0,2025-02-23,2,0.0,0.07,0.1,6,23,0,1,0,1.0,0.0
7,1773,4,False,0,2025-02-23,2,0.0,0.04,0.06,6,23,0,1,0,1.2857142857142858,0.0
7,1780,4,False,0,2025-02-23,2,0.0,0.02,0.04,6,23,0,1,0,1.5714285714285714,0.0
7,1809,4,False,0,2025-02-23,0,0.0,0.01,0.01,6,23,0,1,0,1.2857142857142858,0.0
7,1820,4,False,0,2025-02-23,0,0.0,0.03,0.06,6,23,0,1,0,1.2857142857142858,0.0
7,1825,4,False,0,2025-02-23,0,0.0,0.06,0.09,6,23,0,1,0,1.2857142857142858,0.0
7,1833,4,False,0,2025-02-23,0,0.0,0.04,0.06,6,23,0,1,0,1.0,0.0
7,1848,4,False,0,2025-02-23,6,0.0,0.01,0.06,6,23,0,1,0,0.8571428571428571,0.0
7,1854,4,False,0,2025-02-23,0,0.0,0.03,0.05,6,23,0,1,0,1.4285714285714286,0.0
7,1864,4,False,0,2025-02-23,3,0.0,0.07,0.11,6,23,0,1,0,1.1428571428571428,0.0
7,1898,4,False,0,2025-02-23,0,0.0,0.08,0.13,6,23,0,1,0,1.2857142857142858,0.0
7,1909,4,False,0,2025-02-23,0,0.0,0.1,0.11,6,23,0,1,0,1.2857142857142858,0.0
7,1910,4,False,0,2025-02-23,0,0.0,0.09,0.16,6,23,0,1,0,1.2857142857142858,0.0
7,1921,4,False,0,2025-02-23,0,0.0,0.03,0.05,6,23,0,1,0,1.2857142857142858,0.0
7,1929,4,False,0,2025-02-23,3,0.0,0.01,0.02,6,23,0,1,0,1.2857142857142858,0.0
7,1935,4,False,0,2025-02-23,0,0.0,0.01,0.02,6,23,0,1,0,0.8571428571428571,0.0
7,1944,4,False,0,2025-02-23,3,0.0,0.07,0.09,6,23,0,1,0,0.8571428571428571,0.0
7,1948,4,False,0,2025-02-23,2,0.0,0.09,0.09,6,23,0,1,0,0.8571428571428571,0.0
7,1953,4,False,0,2025-02-23,4,0.0,0.03,0.05,6,23,0,1,0,1.1428571428571428,0.0
7,1955,4,False,0,2025-02-23,2,0.0,0.13,0.16,6,23,0,1,0,1.7142857142857142,0.0
7,1970,4,False,0,2025-02-23,1,0.0,0.07,0.11,6,23,0,1,0,2.0,0.0
7,1973,4,False,0,2025-02-23,0,0.0,0.03,0.04,6,23,0,1,0,2.142857142857143,0.0
7,1982,4,False,0,2025-02-23,0,0.0,0.01,0.02,6,23,0,1,0,1.7142857142857142,0.0
7,2000,4,False,0,2025-02-23,1,0.0,0.13,0.18,6,23,0,1,0,1.7142857142857142,0.0
7,2021,4,False,0,2025-02-23,0,0.0,0.01,0.02,6,23,0,1,0,1.4285714285714286,0.0
7,2030,4,False,0,2025-02-23,1,0.0,0.09,0.12,6,23,0,1,0,1.1428571428571428,0.0
7,2034,4,False,0,2025-02-23,5,0.0,0.03,0.04,6,23,0,1,0,0.7142857142857143,0.0
7,2036,4,False,0,2025-02-23,1,0.0,0.13,0.15,6,23,0,1,0,1.1428571428571428,0.0
7,2038,4,False,0,2025-02-23,2,0.0,0.11,0.15,6,23,0,1,0,1.1428571428571428,0.0
7,2053,4,False,0,2025-02-23,2,0.0,0.2,0.27,6,23,0,1,0,1.4285714285714286,0.0
7,2077,4,False,0,2025-02-23,8,0.0,0.02,0.04,6,23,0,1,0,1.7142857142857142,0.0
7,2091,4,False,0,2025-02-23,2,0.0,0.11,0.16,6,23,0,1,0,2.7142857142857144,0.0
7,2106,4,False,0,2025-02-23,1,0.0,0.12,0.2,6,23,0,1,0,3.0,0.0
7,2119,4,False,0,2025-02-23,0,0.0,0.09,0.11,6,23,0,1,0,3.0,0.0
7,2152,4,False,0,2025-02-23,3,0.0,0.05,0.07,6,23,0,1,0,2.2857142857142856,0.0
7,2163,4,False,0,2025-02-23,1,0.0,0.07,0.09,6,23,0,1,0,2.5714285714285716,0.0
7,2172,4,False,0,2025-02-23,0,0.0,0.06,0.07,6,23,0,1,0,2.4285714285714284,0.0
7,2181,4,False,0,2025-02-23,0,0.0,0.05,0.07,6,23,0,1,0,2.142857142857143,0.0
7,2196,4,False,0,2025-02-23,2,0.0,0.03,0.05,6,23,0,1,0,1.0,0.0
7,2204,4,False,0,2025-02-23,0,0.0,0.04,0.04,6,23,0,1,0,1.0,0.0
7,2217,4,False,0,2025-02-23,0,0.0,0.01,0.01,6,23,0,1,0,0.8571428571428571,0.0
7,2242,4,False,0,2025-02-23,3,0.0,0.06,0.11,6,23,0,1,0,0.8571428571428571,0.0
7,2244,4,False,0,2025-02-23,2,0.0,0.03,0.05,6,23,0,1,0,0.8571428571428571,0.0
7,2278,4,False,0,2025-02-23,1,0.0,0.09,0.13,6,23,0,1,0,1.0,0.0
7,2313,4,False,0,2025-02-23,2,0.0,0.01,0.02,6,23,0,1,0,1.1428571428571428,0.0
7,2334,4,False,0,2025-02-23,2,0.0,0.1,0.12,6,23,0,1,0,1.4285714285714286,0.0
7,2336,4,False,0,2025-02-23,1,0.0,0.04,0.05,6,23,0,1,0,1.4285714285714286,0.0
7,2342,4,False,0,2025-02-23,1,0.0,0.02,0.02,6,23,0,1,0,1.5714285714285714,0.0
7,2363,4,False,0,2025-02-23,0,0.0,0.07,0.09,6,23,0,1,0,1.7142857142857142,0.0
7,2375,4,False,0,2025-02-23,2,0.0,0.05,0.07,6,23,0,1,0,1.2857142857142858,0.0
7,2389,4,False,0,2025-02-23,0,0.0,0.04,0.04,6,23,0,1,0,1.2857142857142858,0.0
7,2390,4,False,0,2025-02-23,3,0.0,0.03,0.04,6,23,0,1,0,1.1428571428571428,0.0
7,2403,4,False,0,2025-02-23,3,0.0,0.03,0.05,6,23,0,1,0,1.2857142857142858,0.0
7,2410,4,False,0,2025-02-23,2,0.0,0.03,0.05,6,23,0,1,0,1.4285714285714286,0.0
7,2421,4,False,0,2025-02-23,0,0.0,0.02,0.02,6,23,0,1,0,1.5714285714285714,0.0
7,2434,4,False,0,2025-02-23,0,0.0,0.03,0.04,6,23,0,1,0,1.4285714285714286,0.0
7,2444,4,False,0,2025-02-23,1,0.0,0.06,0.07,6,23,0,1,0,1.4285714285714286,0.0
7,2445,4,False,0,2025-02-23,1,0.0,0.06,0.08,6,23,0,1,0,1.2857142857142858,0.0
7,2451,4,False,0,2025-02-23,0,0.0,0.02,0.04,6,23,0,1,0,1.4285714285714286,0.0
7,2453,4,False,0,2025-02-23,2,0.0,0.04,0.05,6,23,0,1,0,1.0,0.0
7,2488,4,False,0,2025-02-23,1,0.0,0.16,0.2,6,23,0,1,0,0.8571428571428571,0.0
7,2494,4,False,0,2025-02-23,0,0.0,0.04,0.06,6,23,0,1,0,0.7142857142857143,0.0
7,2512,4,False,0,2025-02-23,2,0.0,0.05,0.08,6,23,0,1,0,0.7142857142857143,0.0
7,2525,4,False,0,2025-02-23,2,0.0,0.11,0.15,6,23,0,1,0,1.0,0.0
7,2529,4,False,0,2025-02-23,1,0.0,0.03,0.05,6,23,0,1,0,1.1428571428571428,0.0
7,2531,4,False,0,2025-02-23,2,0.0,0.03,0.04,6,23,0,1,0,1.1428571428571428,0.0
7,2542,4,False,0,2025-02-23,0,0.0,0.02,0.03,6,23,0,1,0,1.4285714285714286,0.0
7,2556,4,False,0,2025-02-23,0,0.0,0.08,0.1,6,23,0,1,0,1.1428571428571428,0.0
7,2559,4,False,0,2025-02-23,0,0.0,0.03,0.05,6,23,0,1,0,1.0,0.0
7,2564,4,False,0,2025-02-23,0,0.0,0.01,0.02,6,23,0,1,0,1.0,0.0
7,2571,4,False,0,2025-02-23,2,0.0,0.14,0.14,6,23,0,1,0,0.7142857142857143,0.0
7,2589,4,False,0,2025-02-23,2,0.0,0.05,0.06,6,23,0,1,0,0.7142857142857143,0.0
7,2603,4,False,0,2025-02-23,3,0.0,0.1,0.15,6,23,0,1,0,0.8571428571428571,0.0
7,2610,4,False,0,2025-02-23,3,0.0,0.05,0.07,6,23,0,1,0,1.0,0.0
7,2613,4,False,0,2025-02-23,2,0.0,0.1,0.12,6,23,0,1,0,1.4285714285714286,0.0
7,2616,4,False,0,2025-02-23,0,0.0,0.02,0.04,6,23,0,1,0,1.7142857142857142,0.0
7,2623,4,False,0,2025-02-23,2,0.0,0.07,0.04,6,23,0,1,0,1.7142857142857142,0.0
7,2628,4,False,0,2025-02-23,0,0.0,0.04,0.06,6,23,0,1,0,2.0,0.0
7,2635,4,False,0,2025-02-23,0,0.0,0.03,0.04,6,23,0,1,0,1.7142857142857142,0.0
7,2638,4,False,0,2025-02-23,0,0.0,0.02,0.03,6,23,0,1,0,1.4285714285714286,0.0
7,2639,4,False,0,2025-02-23,0,0.0,0.03,0.05,6,23,0,1,0,1.0,0.0
7,2643,4,False,0,2025-02-23,1,0.0,0.09,0.12,6,23,0,1,0,0.5714285714285714,0.0
7,2651,4,False,0,2025-02-23,2,0.0,0.07,0.13,6,23,0,1,0,0.42857142857142855,0.0
7,2653,4,False,0,2025-02-23,3,0.0,0.04,0.05,6,23,0,1,0,0.7142857142857143,0.0
7,2655,4,False,0,2025-02-23,2,0.0,0.12,0.13,6,23,0,1,0,0.8571428571428571,0.0
7,2667,4,False,0,2025-02-23,1,0.0,0.14,0.22,6,23,0,1,0,1.1428571428571428,0.0
7,2670,4,False,0,2025-02-23,2,0.0,0.09,0.1,6,23,0,1,0,1.2857142857142858,0.0
7,2671,4,False,0,2025-02-23,0,0.0,0.02,0.03,6,23,0,1,0,1.5714285714285714,0.0
7,2679,4,False,0,2025-02-23,2,0.0,0.03,0.05,6,23,0,1,0,1.5714285714285714,0.0
7,2690,4,False,0,2025-02-23,2,0.0,0.09,0.11,6,23,0,1,0,1.7142857142857142,0.0
7,2701,4,False,0,2025-02-23,2,0.0,0.11,0.12,6,23,0,1,0,1.7142857142857142,0.0
7,2704,4,False,0,2025-02-23,3,0.0,0.06,0.09,6,23,0,1,0,1.5714285714285714,0.0
7,2709,4,False,0,2025-02-23,0,0.0,0.04,0.06,6,23,0,1,0,1.7142857142857142,0.0
7,2729,4,False,0,2025-02-23,2,0.0,0.1,0.13,6,23,0,1,0,1.5714285714285714,0.0
7,2748,4,False,0,2025-02-23,3,0.0,0.04,0.05,6,23,0,1,0,1.5714285714285714,0.0
7,2760,4,False,0,2025-02-23,0,0.0,0.04,0.06,6,23,0,1,0,2.0,0.0
7,2763,4,False,0,2025-02-23,4,0.0,0.05,0.06,6,23,0,1,0,1.7142857142857142,0.0
7,2774,4,False,0,2025-02-23,0,0.0,0.01,0.01,6,23,0,1,0,2.0,0.0
7,2775,4,False,0,2025-02-23,3,0.0,0.03,0.05,6,23,0,1,0,1.7142857142857142,0.0
7,2780,4,False,0,2025-02-23,1,0.0,0.16,0.22,6,23,0,1,0,1.7142857142857142,0.0
7,2781,4,False,0,2025-02-23,2,0.0,0.05,0.08,6,23,0,1,0,1.8571428571428572,0.0
7,2785,4,False,0,2025-02-23,0,0.0,0.04,0.05,6,23,0,1,0,1.8571428571428572,0.0
7,2813,4,False,0,2025-02-23,1,0.0,0.12,0.12,6,23,0,1,0,1.4285714285714286,0.0
7,2820,4,False,0,2025-02-23,0,0.0,0.15,0.22,6,23,0,1,0,1.5714285714285714,0.0
7,2839,4,False,0,2025-02-23,2,0.0,0.03,0.08,6,23,0,1,0,1.0,0.0
7,2845,4,False,0,2025-02-23,2,0.0,0.1,0.12,6,23,0,1,0,1.2857142857142858,0.0
7,2851,4,False,0,2025-02-23,0,0.0,0.01,0.01,6,23,0,1,0,1.1428571428571428,0.0
7,2853,4,False,0,2025-02-23,0,0.0,0.01,0.01,6,23,0,1,0,1.0,0.0
7,2856,4,False,0,2025-02-23,0,0.0,0.02,0.04,6,23,0,1,0,0.7142857142857143,0.0
7,2872,4,False,0,2025-02-23,0,0.0,0.02,0.03,6,23,0,1,0,0.7142857142857143,0.0
7,2891,4,False,0,2025-02-23,0,0.0,0.01,0.03,6,23,0,1,0,0.5714285714285714,0.0
7,2897,4,False,0,2025-02-23,0,0.0,0.04,0.06,6,23,0,1,0,0.5714285714285714,0.0
7,2903,4,False,0,2025-02-23,2,0.0,0.04,0.05,6,23,0,1,0,0.2857142857142857,0.0
7,2916,4,False,0,2025-02-23,1,0.0,0.1,0.14,6,23,0,1,0,0.2857142857142857,0.0
7,2923,4,False,0,2025-02-23,2,0.0,0.15,0.2,6,23,0,1,0,0.42857142857142855,0.0
7,2930,4,False,0,2025-02-23,3,0.0,0.02,0.04,6,23,0,1,0,0.7142857142857143,0.0
7,2962,4,False,0,2025-02-23,1,0.0,0.03,0.05,6,23,0,1,0,1.1428571428571428,0.0
7,2972,4,False,0,2025-02-23,3,0.0,0.03,0.06,6,23,0,1,0,1.2857142857142858,0.0
7,2978,4,False,0,2025-02-23,2,0.0,0.06,0.02,6,23,0,1,0,1.7142857142857142,0.0
7,3013,4,False,0,2025-02-23,1,0.0,0.03,0.04,6,23,0,1,0,2.0,0.0
7,3026,4,False,0,2025-02-23,0,0.0,0.03,0.06,6,23,0,1,0,1.8571428571428572,0.0
7,3041,4,False,0,2025-02-23,3,0.0,0.14,0.16,6,23,0,1,0,1.7142857142857142,0.0
7,3046,4,False,0,2025-02-23,0,0.0,0.06,0.12,6,23,0,1,0,1.8571428571428572,0.0
7,3073,4,False,0,2025-02-23,2,0.0,0.06,0.11,6,23,0,1,0,1.4285714285714286,0.0
7,3082,4,False,0,2025-02-23,1,0.0,0.04,0.07,6,23,0,1,0,1.5714285714285714,0.0
7,3092,4,False,0,2025-02-23,0,0.0,0.03,0.05,6,23,0,1,0,1.2857142857142858,0.0
7,3095,4,False,0,2025-02-23,2,0.0,0.06,0.08,6,23,0,1,0,1.0,0.0
7,3135,4,False,0,2025-02-23,0,0.0,0.04,0.07,6,23,0,1,0,1.1428571428571428,0.0
7,3140,4,False,0,2025-02-23,0,0.0,0.01,0.02,6,23,0,1,0,1.1428571428571428,0.0
7,3152,4,False,0,2025-02-23,0,0.0,0.02,0.03,6,23,0,1,0,0.7142857142857143,0.0
7,3168,4,False,0,2025-02-23,2,0.0,0.01,0.02,6,23,0,1,0,0.7142857142857143,0.0
7,3192,4,False,0,2025-02-23,2,0.0,0.02,0.04,6,23,0,1,0,0.7142857142857143,0.0
7,3200,4,False,0,2025-02-23,2,0.0,0.07,0.09,6,23,0,1,0,0.8571428571428571,0.0
7,3227,4,False,0,2025-02-23,2,0.0,0.09,0.15,6,23,0,1,0,1.1428571428571428,0.0
7,3255,4,False,0,2025-02-23,1,0.0,0.03,0.07,6,23,0,1,0,1.1428571428571428,0.0
7,3264,4,False,0,2025-02-23,3,0.0,0.13,0.19,6,23,0,1,0,1.2857142857142858,0.0
7,3277,4,False,0,2025-02-23,0,0.0,0.01,0.02,6,23,0,1,0,1.7142857142857142,0.0
7,3299,4,False,0,2025-02-23,4,0.0,0.02,0.02,6,23,0,1,0,1.7142857142857142,0.0
7,3323,4,False,0,2025-02-23,0,0.0,0.03,0.03,6,23,0,1,0,2.0,0.0
7,3325,4,False,0,2025-02-23,2,0.0,0.1,0.1,6,23,0,1,0,1.7142857142857142,0.0
7,3329,4,False,0,2025-02-23,1,0.0,0.04,0.06,6,23,0,1,0,1.7142857142857142,0.0
7,3345,4,False,0,2025-02-23,0,0.0,0.15,0.22,6,23,0,1,0,1.5714285714285714,0.0
7,3353,4,False,0,2025-02-23,0,0.0,0.09,0.13,6,23,0,1,0,1.4285714285714286,0.0
7,3373,4,False,0,2025-02-23,1,0.0,0.01,0.02,6,23,0,1,0,1.0,0.0
7,3379,4,False,0,2025-02-23,2,0.0,0.06,0.1,6,23,0,1,0,1.1428571428571428,0.0
7,3384,4,False,0,2025-02-23,0,0.0,0.08,0.12,6,23,0,1,0,0.8571428571428571,0.0
7,3385,4,False,0,2025-02-23,2,0.0,0.07,0.12,6,23,0,1,0,0.8571428571428571,0.0
7,3395,4,False,0,2025-02-23,0,0.0,0.05,0.07,6,23,0,1,0,0.8571428571428571,0.0
7,3416,4,False,0,2025-02-23,2,0.0,0.01,0.02,6,23,0,1,0,0.7142857142857143,0.0
7,3436,4,False,0,2025-02-23,0,0.0,0.11,0.14,6,23,0,1,0,1.0,0.0
7,3475,4,False,0,2025-02-23,2,0.0,0.08,0.1,6,23,0,1,0,1.0,0.0
7,3488,4,False,0,2025-02-23,1,0.0,0.04,0.06,6,23,0,1,0,1.1428571428571428,0.0
7,3489,4,False,0,2025-02-23,0,0.0,0.01,0.02,6,23,0,1,0,1.0,0.0
7,3494,4,False,0,2025-02-23,0,0.0,0.02,0.02,6,23,0,1,0,1.0,0.0
7,3501,4,False,0,2025-02-23,0,0.0,0.09,0.13,6,23,0,1,0,0.7142857142857143,0.0
7,3506,4,False,0,2025-02-23,0,0.0,0.02,0.03,6,23,0,1,0,0.7142857142857143,0.0
7,3512,4,False,0,2025-02-23,1,0.0,0.07,0.1,6,23,0,1,0,0.42857142857142855,0.0
7,3516,4,False,0,2025-02-23,2,0.0,0.08,0.11,6,23,0,1,0,0.5714285714285714,0.0
7,3521,4,False,0,2025-02-23,0,0.0,0.04,0.05,6,23,0,1,0,0.5714285714285714,0.0
7,3528,4,False,0,2025-02-23,1,0.0,0.02,0.04,6,23,0,1,0,0.42857142857142855,0.0
7,3534,4,False,0,2025-02-23,0,0.0,0.04,0.05,6,23,0,1,0,0.5714285714285714,0.0
7,3537,4,False,0,2025-02-23,3,0.0,0.04,0.05,6,23,0,1,0,0.5714285714285714,0.0
7,3542,4,False,0,2025-02-23,2,0.0,0.03,0.05,6,23,0,1,0,1.0,0.0
7,3554,4,False,0,2025-02-23,2,0.0,0.05,0.07,6,23,0,1,0,1.2857142857142858,0.0
7,3565,4,False,0,2025-02-23,1,0.0,0.13,0.17,6,23,0,1,0,1.4285714285714286,0.0
7,3566,4,False,0,2025-02-23,0,0.0,0.09,0.1,6,23,0,1,0,1.2857142857142858,0.0
7,3570,4,False,0,2025-02-23,0,0.0,0.01,0.01,6,23,0,1,0,1.2857142857142858,0.0
7,3572,4,False,0,2025-02-23,0,0.0,0.04,0.05,6,23,0,1,0,1.1428571428571428,0.0
7,3585,4,False,0,2025-02-23,2,0.0,0.05,0.07,6,23,0,1,0,1.1428571428571428,0.0
7,3598,4,False,0,2025-02-23,0,0.0,0.07,0.11,6,23,0,1,0,1.0,0.0
7,3599,4,False,0,2025-02-23,1,0.0,0.02,0.03,6,23,0,1,0,0.7142857142857143,0.0
7,3606,4,False,0,2025-02-23,3,0.0,0.04,0.07,6,23,0,1,0,0.5714285714285714,0.0
7,3611,4,False,0,2025-02-23,0,0.0,0.03,0.05,6,23,0,1,0,0.8571428571428571,0.0
7,3622,4,False,0,2025-02-23,3,0.0,0.05,0.07,6,23,0,1,0,0.8571428571428571,0.0
7,3636,4,False,0,2025-02-23,2,0.0,0.05,0.06,6,23,0,1,0,1.2857142857142858,0.0
7,3657,4,False,0,2025-02-23,2,0.0,0.13,0.17,6,23,0,1,0,1.5714285714285714,0.0
7,3662,4,False,0,2025-02-23,0,0.0,0.03,0.04,6,23,0,1,0,1.5714285714285714,0.0
7,3663,4,False,0,2025-02-23,1,0.0,0.02,0.03,6,23,0,1,0,1.5714285714285714,0.0
7,3668,4,False,0,2025-02-23,0,0.0,0.03,0.04,6,23,0,1,0,1.5714285714285714,0.0
7,3673,4,False,0,2025-02-23,4,0.0,0.04,0.06,6,23,0,1,0,1.1428571428571428,0.0
7,3686,4,False,0,2025-02-23,0,0.0,0.02,0.02,6,23,0,1,0,1.7142857142857142,0.0
7,3710,4,False,0,2025-02-23,1,0.0,0.08,0.11,6,23,0,1,0,1.2857142857142858,0.0
7,3715,4,False,0,2025-02-23,3,0.0,0.15,0.25,6,23,0,1,0,1.1428571428571428,0.0
7,3722,4,False,0,2025-02-23,2,0.0,0.03,0.04,6,23,0,1,0,1.2857142857142858,0.0
7,3736,4,False,0,2025-02-23,2,0.0,0.07,0.07,6,23,0,1,0,1.5714285714285714,0.0
7,3766,4,False,0,2025-02-23,2,0.0,0.11,0.15,6,23,0,1,0,1.7142857142857142,0.0
7,3790,4,False,0,2025-02-23,0,0.0,0.02,0.02,6,23,0,1,0,2.0,0.0
7,3796,4,False,0,2025-02-23,0,0.0,0.05,0.08,6,23,0,1,0,1.4285714285714286,0.0
7,3844,4,False,0,2025-02-23,2,0.0,0.05,0.06,6,23,0,1,0,1.4285714285714286,0.0
7,3861,4,False,0,2025-02-23,1,0.0,0.05,0.08,6,23,0,1,0,1.5714285714285714,0.0
7,3874,4,False,0,2025-02-23,3,0.0,0.08,0.1,6,23,0,1,0,1.2857142857142858,0.0
7,3876,4,False,0,2025-02-23,2,0.0,0.12,0.18,6,23,0,1,0,1.4285714285714286,0.0
7,3882,4,False,0,2025-02-23,0,0.0,0.05,0.08,6,23,0,1,0,1.4285714285714286,0.0
7,3883,4,False,0,2025-02-23,3,0.0,0.07,0.1,6,23,0,1,0,1.1428571428571428,0.0
7,3887,4,False,0,2025-02-23,2,0.0,0.03,0.05,6,23,0,1,0,1.5714285714285714,0.0
7,3892,4,False,0,2025-02-23,1,0.0,0.12,0.17,6,23,0,1,0,1.8571428571428572,0.0
7,3897,4,False,0,2025-02-23,0,0.0,0.05,0.07,6,23,0,1,0,1.7142857142857142,0.0
7,3899,4,False,0,2025-02-23,2,0.0,0.03,0.05,6,23,0,1,0,1.5714285714285714,0.0
7,3919,4,False,0,2025-02-23,1,0.0,0.07,0.1,6,23,0,1,0,1.4285714285714286,0.0
7,3921,4,False,0,2025-02-23,3,0.0,0.06,0.09,6,23,0,1,0,1.2857142857142858,0.0
7,3927,4,False,0,2025-02-23,0,0.0,0.03,0.04,6,23,0,1,0,1.7142857142857142,0.0
7,3929,4,False,0,2025-02-23,9,0.0,0.02,0.04,6,23,0,1,0,1.2857142857142858,0.0
7,3930,4,False,0,2025-02-23,1,0.0,0.04,0.06,6,23,0,1,0,2.2857142857142856,0.0
7,3936,4,False,0,2025-02-23,3,0.0,0.11,0.19,6,23,0,1,0,2.2857142857142856,0.0
7,3994,4,False,0,2025-02-23,2,0.0,0.08,0.1,6,23,0,1,0,2.7142857142857144,0.0
7,4000,4,False,0,2025-02-23,4,0.0,0.07,0.1,6,23,0,1,0,2.7142857142857144,0.0
7,4004,4,False,0,2025-02-23,0,0.0,0.01,0.02,6,23,0,1,0,3.142857142857143,0.0
7,4005,4,False,0,2025-02-23,2,0.0,0.03,0.05,6,23,0,1,0,2.7142857142857144,0.0
7,4024,4,False,0,2025-02-23,0,0.0,0.08,0.09,6,23,0,1,0,3.0,0.0
7,4042,4,False,0,2025-02-23,2,0.0,0.09,0.15,6,23,0,1,0,1.7142857142857142,0.0
7,4048,4,False,0,2025-02-23,2,0.0,0.03,0.04,6,23,0,1,0,1.8571428571428572,0.0
7,4050,4,False,0,2025-02-23,2,0.0,0.06,0.1,6,23,0,1,0,1.7142857142857142,0.0
7,4067,4,False,0,2025-02-23,2,0.0,0.01,0.01,6,23,0,1,0,1.7142857142857142,0.0
7,4080,4,False,0,2025-02-23,2,0.0,0.03,0.02,6,23,0,1,0,1.4285714285714286,0.0
7,4085,4,False,0,2025-02-23,3,0.0,0.03,0.05,6,23,0,1,0,1.7142857142857142,0.0
7,4099,4,False,0,2025-02-23,0,0.0,0.15,0.21,6,23,0,1,0,1.8571428571428572,0.0
7,4107,4,False,0,2025-02-23,0,0.0,0.01,0.02,6,23,0,1,0,1.8571428571428572,0.0
7,4110,4,False,0,2025-02-23,0,0.0,0.02,0.02,6,23,0,1,0,1.5714285714285714,0.0
7,4116,4,False,0,2025-02-23,0,0.0,0.04,0.06,6,23,0,1,0,1.2857142857142858,0.0
7,4127,4,False,0,2025-02-23,0,0.0,0.01,0.02,6,23,0,1,0,1.0,0.0
7,4130,4,False,0,2025-02-23,0,0.0,0.0,0.0,6,23,0,1,0,0.7142857142857143,0.0
7,4134,4,False,0,2025-02-23,1,0.0,0.03,0.05,6,23,0,1,0,0.42857142857142855,0.0
7,4139,4,False,0,2025-02-23,2,0.0,0.06,0.09,6,23,0,1,0,0.14285714285714285,0.0
7,4145,4,False,0,2025-02-23,0,0.0,0.02,0.02,6,23,0,1,0,0.42857142857142855,0.0
7,4147,4,False,0,2025-02-23,1,0.0,0.02,0.02,6,23,0,1,0,0.42857142857142855,0.0
7,4151,4,False,0,2025-02-23,2,0.0,0.07,0.08,6,23,0,1,0,0.5714285714285714,0.0
7,4152,4,False,0,2025-02-23,2,0.0,0.08,0.1,6,23,0,1,0,0.8571428571428571,0.0
7,4163,4,False,0,2025-02-23,0,0.0,0.01,0.02,6,23,0,1,0,1.1428571428571428,0.0
7,4166,4,False,0,2025-02-23,2,0.0,0.24,0.33,6,23,0,1,0,1.1428571428571428,0.0
7,4169,4,False,0,2025-02-23,2,0.0,0.05,0.08,6,23,0,1,0,1.2857142857142858,0.0
7,4174,4,False,0,2025-02-23,2,0.0,0.09,0.17,6,23,0,1,0,1.2857142857142858,0.0
7,4178,4,False,0,2025-02-23,1,0.0,0.06,0.08,6,23,0,1,0,1.5714285714285714,0.0
7,4209,4,False,0,2025-02-23,1,0.0,0.08,0.12,6,23,0,1,0,1.5714285714285714,0.0
7,4216,4,False,0,2025-02-23,8,0.0,0.02,0.03,6,23,0,1,0,1.4285714285714286,0.0
7,4218,4,False,0,2025-02-23,2,0.0,0.13,0.17,6,23,0,1,0,2.2857142857142856,0.0
7,4226,4,False,0,2025-02-23,3,0.0,0.05,0.08,6,23,0,1,0,2.5714285714285716,0.0
7,4235,4,False,0,2025-02-23,0,0.0,0.01,0.01,6,23,0,1,0,2.7142857142857144,0.0
7,4254,4,False,0,2025-02-23,2,0.0,0.05,0.1,6,23,0,1,0,2.4285714285714284,0.0
7,4266,4,False,0,2025-02-23,2,0.0,0.14,0.19,6,23,0,1,0,2.4285714285714284,0.0
7,4282,4,False,0,2025-02-23,3,0.0,0.05,0.09,6,23,0,1,0,2.5714285714285716,0.0
7,4287,4,False,0,2025-02-23,0,0.0,0.02,0.04,6,23,0,1,0,2.857142857142857,0.0
7,4294,4,False,0,2025-02-23,2,0.0,0.06,0.11,6,23,0,1,0,1.7142857142857142,0.0
7,4308,4,False,0,2025-02-23,3,0.0,0.12,0.17,6,23,0,1,0,1.7142857142857142,0.0
7,4309,4,False,0,2025-02-23,2,0.0,0.02,0.03,6,23,0,1,0,1.7142857142857142,0.0
7,4327,4,False,0,2025-02-23,2,0.0,0.07,0.11,6,23,0,1,0,2.0,0.0
7,4341,4,False,0,2025-02-23,5,0.0,0.01,0.01,6,23,0,1,0,2.0,0.0
7,4355,4,False,0,2025-02-23,4,0.0,0.03,0.04,6,23,0,1,0,2.4285714285714284,0.0
7,4358,4,False,0,2025-02-23,2,0.0,0.04,0.05,6,23,0,1,0,2.5714285714285716,0.0
7,4377,4,False,0,2025-02-23,3,0.0,0.04,0.05,6,23,0,1,0,2.857142857142857,0.0
7,4379,4,False,0,2025-02-23,0,0.0,0.08,0.11,6,23,0,1,0,3.0,0.0
7,4382,4,False,0,2025-02-23,1,0.0,0.14,0.23,6,23,0,1,0,2.5714285714285716,0.0
7,4389,4,False,0,2025-02-23,3,0.0,0.08,0.11,6,23,0,1,0,2.4285714285714284,0.0
7,4396,4,False,0,2025-02-23,0,0.0,0.05,0.08,6,23,0,1,0,2.5714285714285716,0.0
7,4399,4,False,0,2025-02-23,0,0.0,0.05,0.07,6,23,0,1,0,1.8571428571428572,0.0
7,4437,4,False,0,2025-02-23,1,0.0,0.06,0.08,6,23,0,1,0,1.2857142857142858,0.0
7,4448,4,False,0,2025-02-23,1,0.0,0.04,0.06,6,23,0,1,0,1.1428571428571428,0.0
7,4463,4,False,0,2025-02-23,2,0.0,0.12,0.18,6,23,0,1,0,0.8571428571428571,0.0
7,4471,4,False,0,2025-02-23,3,0.0,0.04,0.06,6,23,0,1,0,1.1428571428571428,0.0
7,4494,4,False,0,2025-02-23,1,0.0,0.06,0.06,6,23,0,1,0,1.4285714285714286,0.0
7,4498,4,False,0,2025-02-23,0,0.0,0.01,0.02,6,23,0,1,0,1.1428571428571428,0.0
7,4502,4,False,0,2025-02-23,0,0.0,0.01,0.02,6,23,0,1,0,1.1428571428571428,0.0
7,4509,4,False,0,2025-02-23,1,0.0,0.06,0.1,6,23,0,1,0,1.1428571428571428,0.0
7,4510,4,False,0,2025-02-23,1,0.0,0.07,0.09,6,23,0,1,0,1.1428571428571428,0.0
7,4514,4,False,0,2025-02-23,0,0.0,0.05,0.08,6,23,0,1,0,1.1428571428571428,0.0
7,4528,4,False,0,2025-02-23,1,0.0,0.11,0.14,6,23,0,1,0,0.8571428571428571,0.0
7,4529,4,False,0,2025-02-23,2,0.0,0.03,0.03,6,23,0,1,0,0.5714285714285714,0.0
7,4534,4,False,0,2025-02-23,2,0.0,0.02,0.03,6,23,0,1,0,0.7142857142857143,0.0
7,4541,4,False,0,2025-02-23,1,0.0,0.17,0.24,6,23,0,1,0,1.0,0.0
7,4556,4,False,0,2025-02-23,1,0.0,0.07,0.1,6,23,0,1,0,1.1428571428571428,0.0
7,4557,4,False,0,2025-02-23,2,0.0,0.1,0.1,6,23,0,1,0,1.1428571428571428,0.0
7,4559,4,False,0,2025-02-23,3,0.0,0.02,0.04,6,23,0,1,0,1.2857142857142858,0.0
7,4579,4,False,0,2025-02-23,1,0.0,0.12,0.17,6,23,0,1,0,1.7142857142857142,0.0
7,4589,4,False,0,2025-02-23,1,0.0,0.02,0.04,6,23,0,1,0,1.7142857142857142,0.0
7,4600,4,False,0,2025-02-23,2,0.0,0.05,0.07,6,23,0,1,0,1.5714285714285714,0.0
7,4634,4,False,0,2025-02-23,2,0.0,0.07,0.12,6,23,0,1,0,1.5714285714285714,0.0
7,4646,4,False,0,2025-02-23,1,0.0,0.02,0.04,6,23,0,1,0,1.7142857142857142,0.0
7,4649,4,False,0,2025-02-23,2,0.0,0.09,0.14,6,23,0,1,0,1.7142857142857142,0.0
7,4657,4,False,0,2025-02-23,3,0.0,0.05,0.07,6,23,0,1,0,1.7142857142857142,0.0
7,4684,4,False,0,2025-02-23,2,0.0,0.01,0.02,6,23,0,1,0,1.7142857142857142,0.0
7,4692,4,False,0,2025-02-23,0,0.0,0.08,0.1,6,23,0,1,0,1.8571428571428572,0.0
7,4714,4,False,0,2025-02-23,1,0.0,0.04,0.06,6,23,0,1,0,1.7142857142857142,0.0
7,4718,4,False,0,2025-02-23,1,0.0,0.06,0.13,6,23,0,1,0,1.5714285714285714,0.0
7,4721,4,False,0,2025-02-23,0,0.0,0.01,0.01,6,23,0,1,0,1.4285714285714286,0.0
7,4724,4,False,0,2025-02-23,0,0.0,0.02,0.04,6,23,0,1,0,1.2857142857142858,0.0
7,4739,4,False,0,2025-02-23,0,0.0,0.01,0.02,6,23,0,1,0,1.0,0.0
7,4743,4,False,0,2025-02-23,2,0.0,0.07,0.08,6,23,0,1,0,0.5714285714285714,0.0
7,4758,4,False,0,2025-02-23,1,0.0,0.03,0.04,6,23,0,1,0,0.5714285714285714,0.0
7,4764,4,False,0,2025-02-23,2,0.0,0.03,0.05,6,23,0,1,0,0.7142857142857143,0.0
7,4798,4,False,0,2025-02-23,6,0.0,0.05,0.07,6,23,0,1,0,0.8571428571428571,0.0
7,4815,4,False,0,2025-02-23,2,0.0,0.09,0.13,6,23,0,1,0,1.5714285714285714,0.0
7,4817,4,False,0,2025-02-23,0,0.0,0.04,0.06,6,23,0,1,0,1.8571428571428572,0.0
7,4821,4,False,0,2025-02-23,0,0.0,0.02,0.02,6,23,0,1,0,1.8571428571428572,0.0
7,4825,4,False,0,2025-02-23,2,0.0,0.11,0.2,6,23,0,1,0,1.8571428571428572,0.0
7,4837,4,False,0,2025-02-23,2,0.0,0.09,0.1,6,23,0,1,0,1.8571428571428572,0.0
7,4840,4,False,0,2025-02-23,0,0.0,0.04,0.06,6,23,0,1,0,2.0,0.0
7,4843,4,False,0,2025-02-23,0,0.0,0.05,0.06,6,23,0,1,0,1.7142857142857142,0.0
7,4857,4,False,0,2025-02-23,1,0.0,0.08,0.11,6,23,0,1,0,0.8571428571428571,0.0
7,4877,4,False,0,2025-02-23,0,0.0,0.13,0.13,6,23,0,1,0,0.7142857142857143,0.0
7,4879,4,False,0,2025-02-23,1,0.0,0.09,0.13,6,23,0,1,0,0.7142857142857143,0.0
7,4902,4,False,0,2025-02-23,0,0.0,0.02,0.03,6,23,0,1,0,0.8571428571428571,0.0
7,4912,4,False,0,2025-02-23,3,0.0,0.03,0.04,6,23,0,1,0,0.5714285714285714,0.0
7,4913,4,False,0,2025-02-23,3,0.0,0.04,0.04,6,23,0,1,0,0.7142857142857143,0.0
7,4914,4,False,0,2025-02-23,0,1.0,0.05,0.05,6,23,0,1,0,1.1428571428571428,0.0
7,4944,4,False,0,2025-02-23,2,0.0,0.05,0.07,6,23,0,1,0,1.1428571428571428,0.0
7,4945,4,False,0,2025-02-23,3,0.0,0.07,0.09,6,23,0,1,0,1.2857142857142858,0.0
7,4956,4,False,0,2025-02-23,4,0.0,0.03,0.05,6,23,0,1,0,1.7142857142857142,0.0
7,4985,4,False,0,2025-02-23,3,0.0,0.07,0.11,6,23,0,1,0,2.142857142857143,0.0
7,4990,4,False,0,2025-02-23,0,0.0,0.0,0.0,6,23,0,1,0,2.5714285714285716,0.0
7,5003,4,False,0,2025-02-23,0,0.0,0.02,0.03,6,23,0,1,0,2.142857142857143,0.0
7,5014,4,False,0,2025-02-23,2,0.0,0.11,0.16,6,23,0,1,0,1.7142857142857142,0.0
7,5017,4,False,0,2025-02-23,2,0.0,0.06,0.07,6,23,0,1,0,2.0,0.0
7,5020,4,False,0,2025-02-23,2,0.0,0.04,0.06,6,23,0,1,0,2.0,0.0
7,5030,4,False,0,2025-02-23,2,0.0,0.05,0.08,6,23,0,1,0,1.8571428571428572,0.0
7,5044,4,False,0,2025-02-23,0,0.0,0.04,0.06,6,23,0,1,0,1.5714285714285714,0.0
7,5054,4,False,0,2025-02-23,2,0.0,0.09,0.12,6,23,0,1,0,1.1428571428571428,0.0
7,5067,4,False,0,2025-02-23,1,0.0,0.02,0.04,6,23,0,1,0,1.4285714285714286,0.0
7,5071,4,False,0,2025-02-23,0,0.0,0.01,0.01,6,23,0,1,0,1.5714285714285714,0.0
7,5072,4,False,0,2025-02-23,3,0.0,0.04,0.05,6,23,0,1,0,1.2857142857142858,0.0
7,5077,4,False,0,2025-02-23,3,0.0,0.03,0.05,6,23,0,1,0,1.4285714285714286,0.0
7,5083,4,False,0,2025-02-23,2,0.0,0.07,0.07,6,23,0,1,0,1.5714285714285714,0.0
7,5089,4,False,0,2025-02-23,0,0.0,0.05,0.07,6,23,0,1,0,1.5714285714285714,0.0
7,5099,4,False,0,2025-02-23,3,0.0,0.04,0.05,6,23,0,1,0,1.5714285714285714,0.0
7,5121,4,False,0,2025-02-23,1,0.0,0.03,0.03,6,23,0,1,0,1.7142857142857142,0.0
7,5132,4,False,0,2025-02-23,1,0.0,0.02,0.04,6,23,0,1,0,1.7142857142857142,0.0
7,5134,4,False,0,2025-02-23,2,0.0,0.03,0.03,6,23,0,1,0,1.8571428571428572,0.0
7,5136,4,False,0,2025-02-23,0,0.0,0.07,0.07,6,23,0,1,0,1.7142857142857142,0.0
7,5181,4,False,0,2025-02-23,3,0.0,0.01,0.01,6,23,0,1,0,1.2857142857142858,0.0
7,5187,4,False,0,2025-02-23,3,0.0,0.05,0.07,6,23,0,1,0,1.4285714285714286,0.0
7,5194,4,False,0,2025-02-23,0,0.0,0.03,0.04,6,23,0,1,0,1.8571428571428572,0.0
7,5200,4,False,0,2025-02-23,0,0.0,0.08,0.1,6,23,0,1,0,1.4285714285714286,0.0
7,5213,4,False,0,2025-02-23,3,0.0,0.01,0.02,6,23,0,1,0,1.2857142857142858,0.0
7,5214,4,False,0,2025-02-23,1,0.0,0.04,0.06,6,23,0,1,0,1.5714285714285714,0.0
7,5220,4,False,0,2025-02-23,0,0.0,0.03,0.05,6,23,0,1,0,1.4285714285714286,0.0
7,5227,4,False,0,2025-02-23,2,0.0,0.02,0.02,6,23,0,1,0,1.4285714285714286,0.0
7,5231,4,False,0,2025-02-23,0,0.0,0.02,0.03,6,23,0,1,0,1.2857142857142858,0.0
7,5233,4,False,0,2025-02-23,1,0.0,0.04,0.04,6,23,0,1,0,0.8571428571428571,0.0
7,5237,4,False,0,2025-02-23,0,0.0,0.07,0.12,6,23,0,1,0,1.0,0.0
7,5243,4,False,0,2025-02-23,3,0.0,0.04,0.06,6,23,0,1,0,1.0,0.0
7,5251,4,False,0,2025-02-23,1,0.0,0.02,0.03,6,23,0,1,0,1.0,0.0
7,5258,4,False,0,2025-02-23,1,0.0,0.05,0.1,6,23,0,1,0,1.0,0.0
7,5271,4,False,0,2025-02-23,1,0.0,0.02,0.03,6,23,0,1,0,1.1428571428571428,0.0
7,20,5,True,0,2025-02-23,0,0.0,0.01,0.04,6,23,0,1,0,1.0,0.0
7,104,5,True,0,2025-02-23,2,0.0,0.04,0.07,6,23,0,1,0,1.0,0.0
7,160,5,True,0,2025-02-23,0,0.0,0.06,0.09,6,23,0,1,0,1.1428571428571428,0.0
7,297,5,True,0,2025-02-23,0,0.0,0.02,0.02,6,23,0,1,0,1.1428571428571428,0.0
7,358,5,True,0,2025-02-23,1,0.0,0.03,0.08,6,23,0,1,0,0.7142857142857143,0.0
7,387,5,True,0,2025-02-23,0,0.0,0.02,0.06,6,23,0,1,0,0.7142857142857143,0.0
7,410,5,True,0,2025-02-23,0,0.0,0.03,0.05,6,23,0,1,0,0.5714285714285714,0.0
7,433,5,True,0,2025-02-23,0,0.0,0.07,0.08,6,23,0,1,0,0.42857142857142855,0.0
7,445,5,True,0,2025-02-23,0,0.0,0.04,0.06,6,23,0,1,0,0.42857142857142855,0.0
7,478,5,True,0,2025-02-23,0,0.0,0.03,0.07,6,23,0,1,0,0.14285714285714285,0.0
7,504,5,True,0,2025-02-23,0,0.0,0.02,0.04,6,23,0,1,0,0.14285714285714285,0.0
7,522,5,True,0,2025-02-23,0,0.0,0.02,0.06,6,23,0,1,0,0.14285714285714285,0.0
7,531,5,True,0,2025-02-23,0,0.0,0.03,0.1,6,23,0,1,0,0.0,0.0
7,539,5,True,0,2025-02-23,1,0.0,0.02,0.04,6,23,0,1,0,0.0,0.0
7,557,5,True,0,2025-02-23,4,0.0,0.04,0.08,6,23,0,1,0,0.14285714285714285,0.0
7,791,5,True,0,2025-02-23,6,0.0,0.01,0.05,6,23,0,1,0,0.7142857142857143,0.0
7,837,5,True,0,2025-02-23,0,0.0,0.07,0.16,6,23,0,1,0,1.5714285714285714,0.0
7,866,5,True,0,2025-02-23,0,0.0,0.05,0.07,6,23,0,1,0,1.5714285714285714,0.0
7,1062,5,True,0,2025-02-23,3,0.0,0.01,0.02,6,23,0,1,0,1.5714285714285714,0.0
7,1070,5,True,0,2025-02-23,1,1.0,0.03,0.08,6,23,0,1,0,2.0,0.0
7,1079,5,True,0,2025-02-23,0,0.0,0.02,0.05,6,23,0,1,0,2.142857142857143,0.0
7,1104,5,True,0,2025-02-23,0,0.0,0.03,0.09,6,23,0,1,0,2.0,0.0
7,1179,5,True,0,2025-02-23,0,0.0,0.13,0.18,6,23,0,1,0,1.4285714285714286,0.0
7,1244,5,True,0,2025-02-23,1,0.0,0.04,0.32,6,23,0,1,0,0.5714285714285714,0.0
7,1260,5,True,0,2025-02-23,0,0.0,0.06,0.12,6,23,0,1,0,0.7142857142857143,0.0
7,1289,5,True,0,2025-02-23,0,0.0,0.04,0.08,6,23,0,1,0,0.7142857142857143,0.0
7,1324,5,True,0,2025-02-23,4,0.0,0.01,0.03,6,23,0,1,0,0.2857142857142857,0.0
7,1356,5,True,0,2025-02-23,1,0.0,0.01,0.03,6,23,0,1,0,0.7142857142857143,0.0
7,1426,5,True,0,2025-02-23,3,0.0,0.02,0.04,6,23,0,1,0,0.8571428571428571,0.0
7,1480,5,True,0,2025-02-23,0,0.0,0.03,0.07,6,23,0,1,0,1.2857142857142858,0.0
7,1522,5,True,0,2025-02-23,0,0.0,0.02,0.07,6,23,0,1,0,1.2857142857142858,0.0
7,1538,5,True,0,2025-02-23,0,0.0,0.0,0.0,6,23,0,1,0,1.1428571428571428,0.0
7,1586,5,True,0,2025-02-23,0,0.0,0.03,0.06,6,23,0,1,0,1.1428571428571428,0.0
7,1588,5,True,0,2025-02-23,0,0.0,0.06,0.13,6,23,0,1,0,1.1428571428571428,0.0
7,1617,5,True,0,2025-02-23,8,0.0,0.01,0.04,6,23,0,1,0,0.5714285714285714,0.0
7,1662,5,True,0,2025-02-23,0,0.0,0.05,0.08,6,23,0,1,0,1.5714285714285714,0.0
7,1695,5,True,0,2025-02-23,0,0.0,0.03,0.09,6,23,0,1,0,1.1428571428571428,0.0
7,1723,5,True,0,2025-02-23,1,0.0,0.01,0.03,6,23,0,1,0,1.1428571428571428,0.0
7,1763,5,True,0,2025-02-23,0,0.0,0.03,0.06,6,23,0,1,0,1.2857142857142858,0.0
7,1765,5,True,0,2025-02-23,0,1.0,0.02,0.06,6,23,0,1,0,1.2857142857142858,0.0
7,1770,5,True,0,2025-02-23,1,0.0,0.01,0.04,6,23,0,1,0,1.2857142857142858,0.0
7,1772,5,True,0,2025-02-23,0,0.0,0.06,0.06,6,23,0,1,0,1.4285714285714286,0.0
7,1778,5,True,0,2025-02-23,1,0.0,0.03,0.05,6,23,0,1,0,0.2857142857142857,0.0
7,1887,5,True,0,2025-02-23,0,0.0,0.03,0.05,6,23,0,1,0,0.42857142857142855,0.0
7,1893,5,True,0,2025-02-23,0,0.0,0.03,0.04,6,23,0,1,0,0.42857142857142855,0.0
7,1971,5,True,0,2025-02-23,3,0.0,0.04,0.12,6,23,0,1,0,0.2857142857142857,0.0
7,2031,5,True,0,2025-02-23,0,0.0,0.0,0.01,6,23,0,1,0,0.7142857142857143,0.0
7,2090,5,True,0,2025-02-23,0,0.0,0.01,0.03,6,23,0,1,0,0.7142857142857143,0.0
7,2205,5,True,0,2025-02-23,3,0.0,0.09,0.15,6,23,0,1,0,0.5714285714285714,0.0
7,2361,5,True,0,2025-02-23,0,0.0,0.05,0.09,6,23,0,1,0,1.0,0.0
7,2441,5,True,0,2025-02-23,0,0.0,0.05,0.07,6,23,0,1,0,0.8571428571428571,0.0
7,2484,5,True,0,2025-02-23,1,0.0,0.07,0.09,6,23,0,1,0,0.8571428571428571,0.0
7,2513,5,True,0,2025-02-23,1,0.0,0.1,0.14,6,23,0,1,0,1.0,0.0
7,2520,5,True,0,2025-02-23,0,0.0,0.01,0.02,6,23,0,1,0,0.7142857142857143,0.0
7,2607,5,True,0,2025-02-23,0,0.0,0.01,0.04,6,23,0,1,0,0.7142857142857143,0.0
7,2705,5,True,0,2025-02-23,0,0.0,0.02,0.03,6,23,0,1,0,0.7142857142857143,0.0
7,2726,5,True,0,2025-02-23,0,0.0,0.03,0.06,6,23,0,1,0,0.2857142857142857,0.0
7,2765,5,True,0,2025-02-23,2,0.0,0.06,0.05,6,23,0,1,0,0.2857142857142857,0.0
7,2942,5,True,0,2025-02-23,0,0.0,0.03,0.08,6,23,0,1,0,0.5714285714285714,0.0
7,3016,5,True,0,2025-02-23,1,0.0,0.03,0.06,6,23,0,1,0,0.42857142857142855,0.0
7,3091,5,True,0,2025-02-23,0,0.0,0.11,0.15,6,23,0,1,0,0.42857142857142855,0.0
7,3215,5,True,0,2025-02-23,0,0.0,0.04,0.07,6,23,0,1,0,0.42857142857142855,0.0
7,3221,5,True,0,2025-02-23,4,0.0,0.01,0.03,6,23,0,1,0,0.42857142857142855,0.0
7,3304,5,True,0,2025-02-23,0,0.0,0.09,0.1,6,23,0,1,0,1.0,0.0
7,3370,5,True,0,2025-02-23,3,0.0,0.05,0.07,6,23,0,1,0,1.0,0.0
7,3388,5,True,0,2025-02-23,1,0.0,0.08,0.13,6,23,0,1,0,1.1428571428571428,0.0
7,3431,5,True,0,2025-02-23,1,0.0,0.02,0.05,6,23,0,1,0,1.2857142857142858,0.0
7,3438,5,True,0,2025-02-23,0,0.0,0.04,0.07,6,23,0,1,0,1.2857142857142858,0.0
7,3524,5,True,0,2025-02-23,3,0.0,0.03,0.06,6,23,0,1,0,1.2857142857142858,0.0
7,3561,5,True,0,2025-02-23,0,0.0,0.04,0.08,6,23,0,1,0,1.7142857142857142,0.0
7,3596,5,True,0,2025-02-23,0,0.0,0.04,0.08,6,23,0,1,0,1.1428571428571428,0.0
7,3658,5,True,0,2025-02-23,1,0.0,0.07,0.13,6,23,0,1,0,1.1428571428571428,0.0
7,3683,5,True,0,2025-02-23,0,0.0,0.07,0.12,6,23,0,1,0,0.8571428571428571,0.0
7,3706,5,True,0,2025-02-23,0,2.0,0.03,0.04,6,23,0,1,0,0.7142857142857143,0.0
7,3713,5,True,0,2025-02-23,1,0.0,0.03,0.05,6,23,0,1,0,0.5714285714285714,0.0
7,3724,5,True,0,2025-02-23,0,0.0,0.02,0.04,6,23,0,1,0,0.7142857142857143,0.0
7,3855,5,True,0,2025-02-23,0,0.0,0.01,0.05,6,23,0,1,0,0.2857142857142857,0.0
7,3880,5,True,0,2025-02-23,3,0.0,0.02,0.07,6,23,0,1,0,0.2857142857142857,0.0
7,3907,5,True,0,2025-02-23,0,0.0,0.04,0.09,6,23,0,1,0,0.7142857142857143,0.0
7,3923,5,True,0,2025-02-23,0,0.0,0.02,0.04,6,23,0,1,0,0.5714285714285714,0.0
7,3958,5,True,0,2025-02-23,0,0.0,0.01,0.05,6,23,0,1,0,0.5714285714285714,0.0
7,3999,5,True,0,2025-02-23,0,0.0,0.18,0.29,6,23,0,1,0,0.5714285714285714,0.0
7,4066,5,True,0,2025-02-23,0,0.0,0.12,0.16,6,23,0,1,0,0.42857142857142855,0.0
7,4092,5,True,0,2025-02-23,0,0.0,0.06,0.07,6,23,0,1,0,0.42857142857142855,0.0
7,4241,5,True,0,2025-02-23,0,0.0,0.06,0.09,6,23,0,1,0,0.42857142857142855,0.0
7,4345,5,True,0,2025-02-23,0,0.0,0.03,0.05,6,23,0,1,0,0.0,0.0
7,4384,5,True,0,2025-02-23,0,0.0,0.11,0.18,6,23,0,1,0,0.0,0.0
7,4385,5,True,0,2025-02-23,2,0.0,0.01,0.01,6,23,0,1,0,0.0,0.0
7,4401,5,True,0,2025-02-23,4,0.0,0.04,0.07,6,23,0,1,0,0.2857142857142857,0.0
7,4511,5,True,0,2025-02-23,2,0.0,0.02,0.03,6,23,0,1,0,0.8571428571428571,0.0
7,4581,5,True,0,2025-02-23,0,0.0,0.01,0.06,6,23,0,1,0,1.1428571428571428,0.0
7,4678,5,True,0,2025-02-23,0,0.0,0.0,0.02,6,23,0,1,0,1.1428571428571428,0.0
7,4735,5,True,0,2025-02-23,0,0.0,0.03,0.06,6,23,0,1,0,1.1428571428571428,0.0
7,4756,5,True,0,2025-02-23,0,0.0,0.02,0.03,6,23,0,1,0,1.1428571428571428,0.0
7,4761,5,True,0,2025-02-23,1,0.0,0.02,0.03,6,23,0,1,0,1.1428571428571428,0.0
7,4812,5,True,0,2025-02-23,0,0.0,0.03,0.09,6,23,0,1,0,1.0,0.0
7,4832,5,True,0,2025-02-23,0,0.0,0.06,0.06,6,23,0,1,0,0.42857142857142855,0.0
7,4856,5,True,0,2025-02-23,2,0.0,0.16,0.24,6,23,0,1,0,0.14285714285714285,0.0
7,4874,5,True,0,2025-02-23,3,0.0,0.1,0.18,6,23,0,1,0,0.42857142857142855,0.0
7,4897,5,True,0,2025-02-23,0,0.0,0.02,0.04,6,23,0,1,0,0.8571428571428571,0.0
7,4951,5,True,0,2025-02-23,1,0.0,0.01,0.06,6,23,0,1,0,0.8571428571428571,0.0
7,5108,5,True,0,2025-02-23,6,0.0,0.03,0.07,6,23,0,1,0,1.0,0.0
7,5127,5,True,0,2025-02-23,1,0.0,0.12,0.16,6,23,0,1,0,1.7142857142857142,0.0
7,5207,5,True,0,2025-02-23,0,0.0,0.01,0.03,6,23,0,1,0,1.8571428571428572,0.0
7,5244,5,True,0,2025-02-23,0,0.0,0.03,0.07,6,23,0,1,0,1.8571428571428572,0.0
7,69,6,False,0,2025-02-23,2,0.0,0.12,0.2,6,23,0,1,0,1.5714285714285714,0.0
7,142,6,False,0,2025-02-23,1,0.0,0.17,0.25,6,23,0,1,0,1.4285714285714286,0.0
7,315,6,False,0,2025-02-23,0,0.0,0.46,0.69,6,23,0,1,0,1.5714285714285714,0.0
7,627,6,False,0,2025-02-23,0,0.0,0.17,0.17,6,23,0,1,0,1.4285714285714286,0.0
7,646,6,False,0,2025-02-23,1,0.0,0.2,0.23,6,23,0,1,0,0.5714285714285714,0.0
7,739,6,False,0,2025-02-23,0,0.0,0.17,0.25,6,23,0,1,0,0.5714285714285714,0.0
7,811,6,False,0,2025-02-23,0,0.0,0.13,0.18,6,23,0,1,0,0.5714285714285714,0.0
7,862,6,False,0,2025-02-23,0,0.0,0.19,0.25,6,23,0,1,0,0.5714285714285714,0.0
7,931,6,False,0,2025-02-23,2,0.0,0.15,0.26,6,23,0,1,0,0.2857142857142857,0.0
7,938,6,False,0,2025-02-23,0,0.0,0.08,0.13,6,23,0,1,0,0.42857142857142855,0.0
7,951,6,False,0,2025-02-23,1,0.0,0.1,0.16,6,23,0,1,0,0.42857142857142855,0.0
7,1019,6,False,0,2025-02-23,0,0.0,0.1,0.12,6,23,0,1,0,0.5714285714285714,0.0
7,1024,6,False,0,2025-02-23,0,0.0,0.1,0.13,6,23,0,1,0,0.42857142857142855,0.0
7,1029,6,False,0,2025-02-23,0,0.0,0.12,0.17,6,23,0,1,0,0.42857142857142855,0.0
7,1136,6,False,0,2025-02-23,1,0.0,0.08,0.15,6,23,0,1,0,0.42857142857142855,0.0
7,1188,6,False,0,2025-02-23,0,0.0,0.09,0.11,6,23,0,1,0,0.5714285714285714,0.0
7,1203,6,False,0,2025-02-23,1,0.0,0.17,0.22,6,23,0,1,0,0.2857142857142857,0.0
7,1204,6,False,0,2025-02-23,1,0.0,0.14,0.23,6,23,0,1,0,0.42857142857142855,0.0
7,1225,6,False,0,2025-02-23,1,0.0,0.17,0.25,6,23,0,1,0,0.42857142857142855,0.0
7,1269,6,False,0,2025-02-23,0,0.0,0.12,0.16,6,23,0,1,0,0.5714285714285714,0.0
7,1326,6,False,0,2025-02-23,0,0.0,0.44,0.53,6,23,0,1,0,0.5714285714285714,0.0
7,1328,6,False,0,2025-02-23,0,0.0,0.36,0.37,6,23,0,1,0,0.5714285714285714,0.0
7,1403,6,False,0,2025-02-23,1,0.0,0.06,0.09,6,23,0,1,0,0.42857142857142855,0.0
7,1457,6,False,0,2025-02-23,1,0.0,0.4,0.56,6,23,0,1,0,0.5714285714285714,0.0
7,1476,6,False,0,2025-02-23,1,0.0,0.17,0.24,6,23,0,1,0,0.5714285714285714,0.0
7,1562,6,False,0,2025-02-23,0,0.0,0.08,0.13,6,23,0,1,0,0.5714285714285714,0.0
7,1616,6,False,0,2025-02-23,3,0.0,0.18,0.26,6,23,0,1,0,0.42857142857142855,0.0
7,1741,6,False,0,2025-02-23,0,0.0,0.09,0.12,6,23,0,1,0,0.8571428571428571,0.0
7,1760,6,False,0,2025-02-23,0,0.0,0.4,0.56,6,23,0,1,0,0.8571428571428571,0.0
7,1762,6,False,0,2025-02-23,0,0.0,0.09,0.11,6,23,0,1,0,0.8571428571428571,0.0
7,1821,6,False,0,2025-02-23,0,0.0,0.36,0.36,6,23,0,1,0,0.7142857142857143,0.0
7,1829,6,False,0,2025-02-23,0,0.0,0.08,0.12,6,23,0,1,0,0.5714285714285714,0.0
7,1878,6,False,0,2025-02-23,0,0.0,0.4,0.48,6,23,0,1,0,0.42857142857142855,0.0
7,2046,6,False,0,2025-02-23,1,0.0,0.36,0.49,6,23,0,1,0,0.42857142857142855,0.0
7,2346,6,False,0,2025-02-23,0,0.0,0.09,0.14,6,23,0,1,0,0.14285714285714285,0.0
7,2471,6,False,0,2025-02-23,0,0.0,0.17,0.17,6,23,0,1,0,0.14285714285714285,0.0
7,2482,6,False,0,2025-02-23,1,0.0,0.35,0.49,6,23,0,1,0,0.14285714285714285,0.0
7,2514,6,False,0,2025-02-23,5,0.0,0.18,0.16,6,23,0,1,0,0.2857142857142857,0.0
7,2516,6,False,0,2025-02-23,0,0.0,0.24,0.38,6,23,0,1,0,1.0,0.0
7,2587,6,False,0,2025-02-23,0,0.0,0.12,0.17,6,23,0,1,0,1.0,0.0
7,2789,6,False,0,2025-02-23,0,0.0,0.13,0.18,6,23,0,1,0,1.0,0.0
7,2846,6,False,0,2025-02-23,0,0.0,0.12,0.17,6,23,0,1,0,0.8571428571428571,0.0
7,3070,6,False,0,2025-02-23,0,0.0,0.21,0.23,6,23,0,1,0,0.8571428571428571,0.0
7,3076,6,False,0,2025-02-23,0,0.0,0.22,0.24,6,23,0,1,0,0.8571428571428571,0.0
7,3144,6,False,0,2025-02-23,0,0.0,0.26,0.37,6,23,0,1,0,0.7142857142857143,0.0
7,3151,6,False,0,2025-02-23,1,0.0,0.19,0.24,6,23,0,1,0,0.0,0.0
7,3154,6,False,0,2025-02-23,2,0.0,0.12,0.21,6,23,0,1,0,0.14285714285714285,0.0
7,3399,6,False,0,2025-02-23,0,0.0,0.13,0.14,6,23,0,1,0,0.42857142857142855,0.0
7,3480,6,False,0,2025-02-23,0,0.0,0.18,0.18,6,23,0,1,0,0.42857142857142855,0.0
7,3486,6,False,0,2025-02-23,0,0.0,0.49,0.62,6,23,0,1,0,0.42857142857142855,0.0
7,3533,6,False,0,2025-02-23,0,0.0,0.21,0.34,6,23,0,1,0,0.42857142857142855,0.0
7,3623,6,False,0,2025-02-23,1,0.0,0.17,0.28,6,23,0,1,0,0.42857142857142855,0.0
7,3626,6,False,0,2025-02-23,0,0.0,0.12,0.21,6,23,0,1,0,0.5714285714285714,0.0
7,3634,6,False,0,2025-02-23,0,0.0,0.12,0.18,6,23,0,1,0,0.42857142857142855,0.0
7,3719,6,False,0,2025-02-23,0,0.0,0.42,0.49,6,23,0,1,0,0.14285714285714285,0.0
7,3737,6,False,0,2025-02-23,0,0.0,0.19,0.24,6,23,0,1,0,0.14285714285714285,0.0
7,3840,6,False,0,2025-02-23,0,0.0,0.09,0.1,6,23,0,1,0,0.14285714285714285,0.0
7,3926,6,False,0,2025-02-23,1,0.0,0.14,0.22,6,23,0,1,0,0.14285714285714285,0.0
7,3945,6,False,0,2025-02-23,1,0.0,0.09,0.14,6,23,0,1,0,0.2857142857142857,0.0
7,4443,6,False,0,2025-02-23,0,0.0,0.25,0.35,6,23,0,1,0,0.2857142857142857,0.0
7,4545,6,False,0,2025-02-23,0,0.0,0.21,0.3,6,23,0,1,0,0.2857142857142857,0.0
7,4805,6,False,0,2025-02-23,1,0.0,0.16,0.23,6,23,0,1,0,0.2857142857142857,0.0
7,4965,6,False,0,2025-02-23,5,0.0,0.17,0.26,6,23,0,1,0,0.42857142857142855,0.0
7,5053,6,False,0,2025-02-23,2,0.0,0.54,0.78,6,23,0,1,0,1.1428571428571428,0.0
7,5160,6,False,0,2025-02-23,0,0.0,0.17,0.16,6,23,0,1,0,1.4285714285714286,0.0
7,62,7,False,0,2025-02-23,1,0.0,0.02,0.04,6,23,0,1,0,1.2857142857142858,0.0
7,77,7,False,0,2025-02-23,0,0.0,0.0,0.0,6,23,0,1,0,1.2857142857142858,0.0
7,98,7,False,0,2025-02-23,2,0.0,0.04,0.07,6,23,0,1,0,1.2857142857142858,0.0
7,113,7,False,0,2025-02-23,2,0.0,0.02,0.03,6,23,0,1,0,1.5714285714285714,0.0
7,184,7,False,0,2025-02-23,1,0.0,0.17,0.23,6,23,0,1,0,1.7142857142857142,0.0
7,194,7,False,0,2025-02-23,0,0.0,0.01,0.01,6,23,0,1,0,1.1428571428571428,0.0
7,265,7,False,0,2025-02-23,0,1.0,0.04,0.05,6,23,0,1,0,0.8571428571428571,0.0
7,364,7,False,0,2025-02-23,0,0.0,0.24,0.36,6,23,0,1,0,0.8571428571428571,0.0
7,391,7,False,0,2025-02-23,0,0.0,0.02,0.03,6,23,0,1,0,0.7142857142857143,0.0
7,394,7,False,0,2025-02-23,1,0.0,0.04,0.07,6,23,0,1,0,0.7142857142857143,0.0
7,405,7,False,0,2025-02-23,4,0.0,0.02,0.03,6,23,0,1,0,0.5714285714285714,0.0
7,462,7,False,0,2025-02-23,1,0.0,0.33,0.4,6,23,0,1,0,0.8571428571428571,0.0
7,466,7,False,0,2025-02-23,3,0.0,0.03,0.06,6,23,0,1,0,0.8571428571428571,0.0
7,519,7,False,0,2025-02-23,2,0.0,0.03,0.06,6,23,0,1,0,1.2857142857142858,0.0
7,568,7,False,0,2025-02-23,0,0.0,0.0,0.0,6,23,0,1,0,1.5714285714285714,0.0
7,588,7,False,0,2025-02-23,1,0.0,0.11,0.15,6,23,0,1,0,1.5714285714285714,0.0
7,704,7,False,0,2025-02-23,0,0.0,0.07,0.08,6,23,0,1,0,1.7142857142857142,0.0
7,788,7,False,0,2025-02-23,0,0.0,0.0,0.0,6,23,0,1,0,1.5714285714285714,0.0
7,888,7,False,0,2025-02-23,1,0.0,0.06,0.08,6,23,0,1,0,1.0,0.0
7,911,7,False,0,2025-02-23,1,0.0,0.25,0.46,6,23,0,1,0,1.0,0.0
7,935,7,False,0,2025-02-23,1,0.0,0.03,0.05,6,23,0,1,0,0.7142857142857143,0.0
7,945,7,False,0,2025-02-23,1,0.0,0.04,0.06,6,23,0,1,0,0.5714285714285714,0.0
7,954,7,False,0,2025-02-23,1,0.0,0.11,0.13,6,23,0,1,0,0.7142857142857143,0.0
7,968,7,False,0,2025-02-23,0,0.0,0.02,0.02,6,23,0,1,0,0.7142857142857143,0.0
7,1051,7,False,0,2025-02-23,1,0.0,0.04,0.06,6,23,0,1,0,0.7142857142857143,0.0
7,1055,7,False,0,2025-02-23,1,0.0,0.11,0.15,6,23,0,1,0,0.8571428571428571,0.0
7,1147,7,False,0,2025-02-23,1,0.0,0.11,0.15,6,23,0,1,0,0.8571428571428571,0.0
7,1186,7,False,0,2025-02-23,0,0.0,0.38,0.45,6,23,0,1,0,0.8571428571428571,0.0
7,1233,7,False,0,2025-02-23,1,0.0,0.07,0.11,6,23,0,1,0,0.7142857142857143,0.0
7,1264,7,False,0,2025-02-23,0,0.0,0.0,0.0,6,23,0,1,0,0.7142857142857143,0.0
7,1302,7,False,0,2025-02-23,0,0.0,0.26,0.39,6,23,0,1,0,0.5714285714285714,0.0
7,1362,7,False,0,2025-02-23,0,0.0,0.05,0.06,6,23,0,1,0,0.5714285714285714,0.0
7,1581,7,False,0,2025-02-23,0,0.0,0.04,0.06,6,23,0,1,0,0.42857142857142855,0.0
7,1679,7,False,0,2025-02-23,1,0.0,0.07,0.1,6,23,0,1,0,0.2857142857142857,0.0
7,1704,7,False,0,2025-02-23,1,0.0,0.07,0.09,6,23,0,1,0,0.2857142857142857,0.0
7,1726,7,False,0,2025-02-23,1,0.0,0.01,0.02,6,23,0,1,0,0.42857142857142855,0.0
7,1734,7,False,0,2025-02-23,0,0.0,0.24,0.3,6,23,0,1,0,0.42857142857142855,0.0
7,1744,7,False,0,2025-02-23,2,0.0,0.07,0.11,6,23,0,1,0,0.42857142857142855,0.0
7,1796,7,False,0,2025-02-23,2,0.0,0.01,0.02,6,23,0,1,0,0.7142857142857143,0.0
7,1841,7,False,0,2025-02-23,1,0.0,0.03,0.07,6,23,0,1,0,1.0,0.0
7,1844,7,False,0,2025-02-23,1,0.0,0.13,0.18,6,23,0,1,0,1.1428571428571428,0.0
7,1858,7,False,0,2025-02-23,1,0.0,0.09,0.14,6,23,0,1,0,1.1428571428571428,0.0
7,1900,7,False,0,2025-02-23,1,0.0,0.18,0.15,6,23,0,1,0,1.1428571428571428,0.0
7,1938,7,False,0,2025-02-23,2,0.0,0.02,0.03,6,23,0,1,0,1.1428571428571428,0.0
7,2002,7,False,0,2025-02-23,3,0.0,0.01,0.02,6,23,0,1,0,1.4285714285714286,0.0
7,2008,7,False,0,2025-02-23,5,0.0,0.03,0.05,6,23,0,1,0,1.5714285714285714,0.0
7,2018,7,False,0,2025-02-23,1,0.0,0.11,0.14,6,23,0,1,0,2.0,0.0
7,2032,7,False,0,2025-02-23,1,0.0,0.34,0.37,6,23,0,1,0,2.0,0.0
7,2037,7,False,0,2025-02-23,10,0.0,0.06,0.1,6,23,0,1,0,2.0,0.0
7,2237,7,False,0,2025-02-23,1,0.0,0.12,0.15,6,23,0,1,0,3.2857142857142856,0.0
7,2243,7,False,0,2025-02-23,4,0.0,0.49,0.51,6,23,0,1,0,3.2857142857142856,0.0
7,2263,7,False,0,2025-02-23,2,0.0,0.04,0.07,6,23,0,1,0,3.5714285714285716,0.0
7,2310,7,False,0,2025-02-23,0,0.0,0.22,0.29,6,23,0,1,0,3.4285714285714284,0.0
7,2324,7,False,0,2025-02-23,1,0.0,0.19,0.22,6,23,0,1,0,2.7142857142857144,0.0
7,2341,7,False,0,2025-02-23,0,0.0,0.18,0.28,6,23,0,1,0,2.7142857142857144,0.0
7,2351,7,False,0,2025-02-23,1,0.0,0.07,0.11,6,23,0,1,0,2.5714285714285716,0.0
7,2408,7,False,0,2025-02-23,1,0.0,0.05,0.06,6,23,0,1,0,1.2857142857142858,0.0
7,2510,7,False,0,2025-02-23,1,0.0,0.19,0.27,6,23,0,1,0,1.2857142857142858,0.0
7,2526,7,False,0,2025-02-23,1,0.0,0.23,0.3,6,23,0,1,0,0.8571428571428571,0.0
7,2588,7,False,0,2025-02-23,3,0.0,0.04,0.07,6,23,0,1,0,0.7142857142857143,0.0
7,2604,7,False,0,2025-02-23,2,0.0,0.01,0.03,6,23,0,1,0,1.1428571428571428,0.0
7,2618,7,False,0,2025-02-23,0,0.0,0.04,0.06,6,23,0,1,0,1.2857142857142858,0.0
7,2686,7,False,0,2025-02-23,8,0.0,0.03,0.04,6,23,0,1,0,1.2857142857142858,0.0
7,2698,7,False,0,2025-02-23,0,0.0,0.5,0.76,6,23,0,1,0,2.2857142857142856,0.0
7,2723,7,False,0,2025-02-23,0,0.0,0.02,0.04,6,23,0,1,0,2.142857142857143,0.0
7,2823,7,False,0,2025-02-23,0,0.0,0.18,0.22,6,23,0,1,0,2.0,0.0
7,2836,7,False,0,2025-02-23,0,0.0,0.04,0.06,6,23,0,1,0,1.8571428571428572,0.0
7,2855,7,False,0,2025-02-23,1,0.0,0.07,0.08,6,23,0,1,0,1.4285714285714286,0.0
7,2966,7,False,0,2025-02-23,1,0.0,0.01,0.01,6,23,0,1,0,1.2857142857142858,0.0
7,3033,7,False,0,2025-02-23,1,0.0,0.09,0.12,6,23,0,1,0,1.4285714285714286,0.0
7,3039,7,False,0,2025-02-23,1,0.0,0.01,0.03,6,23,0,1,0,0.42857142857142855,0.0
7,3043,7,False,0,2025-02-23,1,0.0,0.19,0.26,6,23,0,1,0,0.5714285714285714,0.0
7,3060,7,False,0,2025-02-23,1,0.0,0.08,0.09,6,23,0,1,0,0.7142857142857143,0.0
7,3099,7,False,0,2025-02-23,1,0.0,0.04,0.06,6,23,0,1,0,0.8571428571428571,0.0
7,3103,7,False,0,2025-02-23,1,0.0,0.06,0.07,6,23,0,1,0,1.0,0.0
7,3155,7,False,0,2025-02-23,2,0.0,0.22,0.39,6,23,0,1,0,1.0,0.0
7,3245,7,False,0,2025-02-23,1,0.0,0.04,0.05,6,23,0,1,0,1.1428571428571428,0.0
7,3248,7,False,0,2025-02-23,0,0.0,0.05,0.05,6,23,0,1,0,1.1428571428571428,0.0
7,3355,7,False,0,2025-02-23,1,0.0,0.08,0.15,6,23,0,1,0,1.0,0.0
7,3435,7,False,0,2025-02-23,0,0.0,0.08,0.1,6,23,0,1,0,1.0,0.0
7,3441,7,False,0,2025-02-23,1,0.0,0.05,0.06,6,23,0,1,0,0.8571428571428571,0.0
7,3579,7,False,0,2025-02-23,0,0.0,0.04,0.05,6,23,0,1,0,0.8571428571428571,0.0
7,3619,7,False,0,2025-02-23,0,0.0,0.14,0.23,6,23,0,1,0,0.7142857142857143,0.0
7,3652,7,False,0,2025-02-23,1,0.0,0.07,0.1,6,23,0,1,0,0.42857142857142855,0.0
7,3763,7,False,0,2025-02-23,0,0.0,0.02,0.03,6,23,0,1,0,0.42857142857142855,0.0
7,3805,7,False,0,2025-02-23,0,0.0,0.04,0.05,6,23,0,1,0,0.42857142857142855,0.0
7,4060,7,False,0,2025-02-23,0,0.0,0.1,0.13,6,23,0,1,0,0.2857142857142857,0.0
7,4079,7,False,0,2025-02-23,3,0.0,0.01,0.02,6,23,0,1,0,0.2857142857142857,0.0
7,4114,7,False,0,2025-02-23,0,0.0,0.05,0.09,6,23,0,1,0,0.5714285714285714,0.0
7,4180,7,False,0,2025-02-23,0,0.0,0.29,0.51,6,23,0,1,0,0.5714285714285714,0.0
7,4219,7,False,0,2025-02-23,2,0.0,0.28,0.39,6,23,0,1,0,0.5714285714285714,0.0
7,4245,7,False,0,2025-02-23,1,0.0,0.04,0.05,6,23,0,1,0,0.7142857142857143,0.0
7,4297,7,False,0,2025-02-23,1,0.0,0.25,0.35,6,23,0,1,0,0.8571428571428571,0.0
7,4402,7,False,0,2025-02-23,0,0.0,0.02,0.03,6,23,0,1,0,1.0,0.0
7,4407,7,False,0,2025-02-23,0,0.0,0.19,0.34,6,23,0,1,0,1.0,0.0
7,4415,7,False,0,2025-02-23,0,0.0,0.04,0.03,6,23,0,1,0,0.5714285714285714,0.0
7,4537,7,False,0,2025-02-23,2,0.0,0.07,0.1,6,23,0,1,0,0.5714285714285714,0.0
7,4549,7,False,0,2025-02-23,0,0.0,0.05,0.06,6,23,0,1,0,0.8571428571428571,0.0
7,4597,7,False,0,2025-02-23,0,0.0,0.08,0.11,6,23,0,1,0,0.5714285714285714,0.0
7,4625,7,False,0,2025-02-23,0,0.0,0.11,0.17,6,23,0,1,0,0.42857142857142855,0.0
7,4639,7,False,0,2025-02-23,1,0.0,0.13,0.19,6,23,0,1,0,0.2857142857142857,0.0
7,4705,7,False,0,2025-02-23,2,0.0,0.43,0.52,6,23,0,1,0,0.42857142857142855,0.0
7,4754,7,False,0,2025-02-23,1,0.0,0.26,0.34,6,23,0,1,0,0.7142857142857143,0.0
7,4792,7,False,0,2025-02-23,0,0.0,0.34,0.4,6,23,0,1,0,0.8571428571428571,0.0
7,4793,7,False,0,2025-02-23,2,0.0,0.02,0.03,6,23,0,1,0,0.5714285714285714,0.0
7,4918,7,False,0,2025-02-23,0,0.0,0.14,0.23,6,23,0,1,0,0.8571428571428571,0.0
7,4932,7,False,0,2025-02-23,0,0.0,0.07,0.11,6,23,0,1,0,0.8571428571428571,0.0
7,4950,7,False,0,2025-02-23,1,0.0,0.05,0.09,6,23,0,1,0,0.8571428571428571,0.0
7,5009,7,False,0,2025-02-23,4,0.0,0.04,0.08,6,23,0,1,0,0.8571428571428571,0.0
7,5050,7,False,0,2025-02-23,1,0.0,0.07,0.11,6,23,0,1,0,1.1428571428571428,0.0
7,5061,7,False,0,2025-02-23,1,0.0,0.21,0.3,6,23,0,1,0,1.1428571428571428,0.0
7,5114,7,False,0,2025-02-23,0,0.0,0.02,0.04,6,23,0,1,0,1.2857142857142858,0.0
7,5147,7,False,0,2025-02-23,0,0.0,0.02,0.03,6,23,0,1,0,1.0,0.0
7,5166,7,False,0,2025-02-23,1,0.0,0.05,0.08,6,23,0,1,0,1.0,0.0
7,5235,7,False,0,2025-02-23,0,0.0,0.14,0.21,6,23,0,1,0,1.1428571428571428,0.0
7,5248,7,False,0,2025-02-23,4,0.0,0.03,0.12,6,23,0,1,0,1.0,0.0
7,5273,7,False,0,2025-02-23,1,0.0,0.09,0.12,6,23,0,1,0,1.0,0.0
7,14,8,False,0,2025-02-23,0,0.0,0.2,0.32,6,23,0,1,0,1.0,0.0
7,81,8,False,0,2025-02-23,0,0.0,0.01,0.01,6,23,0,1,0,0.8571428571428571,0.0
7,231,8,False,0,2025-02-23,0,0.0,0.03,0.04,6,23,0,1,0,0.8571428571428571,0.0
7,260,8,False,0,2025-02-23,43,0.0,0.02,0.03,6,23,0,1,0,0.8571428571428571,0.0
7,303,8,False,0,2025-02-23,0,0.0,0.0,0.01,6,23,0,1,0,6.857142857142857,0.0
7,320,8,False,0,2025-02-23,0,0.0,0.13,0.2,6,23,0,1,0,6.857142857142857,0.0
7,385,8,False,0,2025-02-23,0,0.0,0.22,0.32,6,23,0,1,0,6.285714285714286,0.0
7,389,8,False,0,2025-02-23,0,0.0,0.02,0.05,6,23,0,1,0,6.142857142857143,0.0
7,465,8,False,0,2025-02-23,1,0.0,0.03,0.06,6,23,0,1,0,6.142857142857143,0.0
7,633,8,False,0,2025-02-23,0,0.0,0.05,0.06,6,23,0,1,0,6.285714285714286,0.0
7,835,8,False,0,2025-02-23,1,0.0,0.25,0.33,6,23,0,1,0,6.285714285714286,0.0
7,857,8,False,0,2025-02-23,2,0.0,0.02,0.05,6,23,0,1,0,0.2857142857142857,0.0
7,876,8,False,0,2025-02-23,0,0.0,0.01,0.02,6,23,0,1,0,0.5714285714285714,0.0
7,902,8,False,0,2025-02-23,2,0.0,0.02,0.04,6,23,0,1,0,0.5714285714285714,0.0
7,914,8,False,0,2025-02-23,2,0.0,0.13,0.21,6,23,0,1,0,0.8571428571428571,0.0
7,927,8,False,0,2025-02-23,10,0.0,0.01,0.03,6,23,0,1,0,1.1428571428571428,0.0
7,981,8,False,0,2025-02-23,0,0.0,0.01,0.01,6,23,0,1,0,2.4285714285714284,0.0
7,1056,8,False,0,2025-02-23,11,0.0,0.02,0.03,6,23,0,1,0,2.4285714285714284,0.0
7,1310,8,False,0,2025-02-23,1,0.0,0.22,0.29,6,23,0,1,0,3.857142857142857,0.0
7,1327,8,False,0,2025-02-23,9,0.0,0.02,0.03,6,23,0,1,0,3.7142857142857144,0.0
7,1347,8,False,0,2025-02-23,1,0.0,0.25,0.3,6,23,0,1,0,5.0,0.0
7,1363,8,False,0,2025-02-23,3,0.0,0.01,0.03,6,23,0,1,0,4.857142857142857,0.0
7,1371,8,False,0,2025-02-23,0,0.0,0.02,0.02,6,23,0,1,0,5.0,0.0
7,1385,8,False,0,2025-02-23,2,0.0,0.39,0.44,6,23,0,1,0,3.5714285714285716,0.0
7,1395,8,False,0,2025-02-23,1,0.0,0.01,0.02,6,23,0,1,0,3.857142857142857,0.0
7,1415,8,False,0,2025-02-23,0,0.0,0.0,0.0,6,23,0,1,0,2.4285714285714284,0.0
7,1459,8,False,0,2025-02-23,1,0.0,0.03,0.05,6,23,0,1,0,2.2857142857142856,0.0
7,1521,8,False,0,2025-02-23,2,0.0,0.08,0.12,6,23,0,1,0,1.1428571428571428,0.0
7,1525,8,False,0,2025-02-23,68,0.0,0.01,0.02,6,23,0,1,0,1.2857142857142858,0.0
7,1549,8,False,0,2025-02-23,6,0.0,0.01,0.02,6,23,0,1,0,10.571428571428571,0.0
7,1620,8,False,0,2025-02-23,0,0.0,0.03,0.04,6,23,0,1,0,11.428571428571429,0.0
7,1755,8,False,0,2025-02-23,0,0.0,0.02,0.03,6,23,0,1,0,11.142857142857142,0.0
7,1846,8,False,0,2025-02-23,1,0.0,0.14,0.19,6,23,0,1,0,11.0,0.0
7,1916,8,False,0,2025-02-23,22,1.0,0.02,0.02,6,23,0,1,0,11.142857142857142,0.0
7,1941,8,False,0,2025-02-23,0,0.0,0.18,0.23,6,23,0,1,0,14.142857142857142,0.0
7,1966,8,False,0,2025-02-23,0,0.0,0.12,0.13,6,23,0,1,0,13.857142857142858,0.0
7,2001,8,False,0,2025-02-23,0,0.0,0.16,0.2,6,23,0,1,0,4.142857142857143,0.0
7,2094,8,False,0,2025-02-23,0,0.0,0.21,0.21,6,23,0,1,0,3.2857142857142856,0.0
7,2157,8,False,0,2025-02-23,1,0.0,0.03,0.05,6,23,0,1,0,3.2857142857142856,0.0
7,2254,8,False,0,2025-02-23,1,0.0,0.18,0.3,6,23,0,1,0,3.4285714285714284,0.0
7,2371,8,False,0,2025-02-23,0,0.0,0.02,0.05,6,23,0,1,0,3.4285714285714284,0.0
7,2462,8,False,0,2025-02-23,2,0.0,0.33,0.59,6,23,0,1,0,0.2857142857142857,0.0
7,2475,8,False,0,2025-02-23,0,0.0,0.13,0.19,6,23,0,1,0,0.5714285714285714,0.0
7,2507,8,False,0,2025-02-23,0,0.0,0.01,0.02,6,23,0,1,0,0.5714285714285714,0.0
7,2673,8,False,0,2025-02-23,0,0.0,0.02,0.04,6,23,0,1,0,0.5714285714285714,0.0
7,2681,8,False,0,2025-02-23,1,0.0,0.04,0.06,6,23,0,1,0,0.5714285714285714,0.0
7,2706,8,False,0,2025-02-23,0,0.0,0.02,0.05,6,23,0,1,0,0.5714285714285714,0.0
7,2718,8,False,0,2025-02-23,10,0.0,0.04,0.09,6,23,0,1,0,0.42857142857142855,0.0
7,2874,8,False,0,2025-02-23,43,1.0,0.02,0.03,6,23,0,1,0,1.8571428571428572,0.0
7,2875,8,False,0,2025-02-23,0,0.0,0.01,0.02,6,23,0,1,0,7.714285714285714,0.0
7,2888,8,False,0,2025-02-23,3,0.0,0.03,0.05,6,23,0,1,0,7.714285714285714,0.0
7,2969,8,False,0,2025-02-23,3,0.0,0.01,0.02,6,23,0,1,0,8.142857142857142,0.0
7,2971,8,False,0,2025-02-23,0,0.0,0.23,0.24,6,23,0,1,0,8.571428571428571,0.0
7,3057,8,False,0,2025-02-23,38,0.0,0.01,0.01,6,23,0,1,0,8.428571428571429,0.0
7,3121,8,False,0,2025-02-23,0,0.0,0.16,0.23,6,23,0,1,0,13.857142857142858,0.0
7,3157,8,False,0,2025-02-23,0,0.0,0.01,0.01,6,23,0,1,0,12.428571428571429,0.0
7,3189,8,False,0,2025-02-23,1,0.0,0.1,0.15,6,23,0,1,0,6.285714285714286,0.0
7,3194,8,False,0,2025-02-23,2,0.0,0.21,0.22,6,23,0,1,0,6.428571428571429,0.0
7,3228,8,False,0,2025-02-23,9,0.0,0.03,0.03,6,23,0,1,0,6.285714285714286,0.0
7,3269,8,False,0,2025-02-23,0,0.0,0.1,0.17,6,23,0,1,0,7.142857142857143,0.0
7,3294,8,False,0,2025-02-23,0,0.0,0.13,0.19,6,23,0,1,0,7.142857142857143,0.0
7,3300,8,False,0,2025-02-23,1,1.0,0.1,0.15,6,23,0,1,0,1.7142857142857142,0.0
7,3318,8,False,0,2025-02-23,6,0.0,0.1,0.21,6,23,0,1,0,1.8571428571428572,0.0
7,3404,8,False,0,2025-02-23,0,0.0,0.11,0.2,6,23,0,1,0,2.7142857142857144,0.0
7,3563,8,False,0,2025-02-23,0,0.0,0.29,0.32,6,23,0,1,0,2.5714285714285716,0.0
7,3666,8,False,0,2025-02-23,12,0.0,0.02,0.02,6,23,0,1,0,2.2857142857142856,0.0
7,3676,8,False,0,2025-02-23,2,0.0,0.01,0.01,6,23,0,1,0,2.7142857142857144,0.0
7,3716,8,False,0,2025-02-23,2,0.0,0.1,0.15,6,23,0,1,0,3.0,0.0
7,3740,8,False,0,2025-02-23,2,0.0,0.04,0.06,6,23,0,1,0,3.2857142857142856,0.0
7,3781,8,False,0,2025-02-23,1,0.0,0.04,0.06,6,23,0,1,0,3.4285714285714284,0.0
7,3783,8,False,0,2025-02-23,25,1.0,0.03,0.04,6,23,0,1,0,2.7142857142857144,0.0
7,3938,8,False,0,2025-02-23,16,0.0,0.02,0.04,6,23,0,1,0,6.285714285714286,0.0
7,4003,8,False,0,2025-02-23,0,0.0,0.02,0.02,6,23,0,1,0,8.571428571428571,0.0
7,4029,8,False,0,2025-02-23,3,0.0,0.02,0.04,6,23,0,1,0,6.857142857142857,0.0
7,4044,8,False,0,2025-02-23,2,0.0,0.02,0.03,6,23,0,1,0,7.0,0.0
7,4113,8,False,0,2025-02-23,2,0.0,0.08,0.15,6,23,0,1,0,7.0,0.0
7,4208,8,False,0,2025-02-23,0,0.0,0.43,0.56,6,23,0,1,0,7.0,0.0
7,4236,8,False,0,2025-02-23,1,0.0,0.14,0.21,6,23,0,1,0,6.857142857142857,0.0
7,4403,8,False,0,2025-02-23,0,0.0,0.15,0.15,6,23,0,1,0,3.4285714285714284,0.0
7,4425,8,False,0,2025-02-23,0,0.0,0.06,0.05,6,23,0,1,0,1.1428571428571428,0.0
7,4442,8,False,0,2025-02-23,9,0.0,0.02,0.04,6,23,0,1,0,1.1428571428571428,0.0
7,4506,8,False,0,2025-02-23,2,0.0,0.04,0.07,6,23,0,1,0,2.0,0.0
7,4531,8,False,0,2025-02-23,1,0.0,0.25,0.35,6,23,0,1,0,2.0,0.0
7,4629,8,False,0,2025-02-23,3,0.0,0.01,0.02,6,23,0,1,0,1.8571428571428572,0.0
7,4873,8,False,0,2025-02-23,0,0.0,0.01,0.02,6,23,0,1,0,2.2857142857142856,0.0
7,4991,8,False,0,2025-02-23,3,0.0,0.05,0.08,6,23,0,1,0,2.142857142857143,0.0
7,5047,8,False,0,2025-02-23,0,0.0,0.16,0.19,6,23,0,1,0,2.5714285714285716,0.0
7,5152,8,False,0,2025-02-23,1,0.0,0.02,0.04,6,23,0,1,0,2.5714285714285716,0.0
7,5155,8,False,0,2025-02-23,0,0.0,0.04,0.07,6,23,0,1,0,1.4285714285714286,0.0
7,8,9,True,0,2025-02-23,0,0.0,0.05,0.18,6,23,0,1,0,1.1428571428571428,0.0
7,11,9,True,0,2025-02-23,0,0.0,0.03,0.06,6,23,0,1,0,1.0,0.0
7,23,9,True,0,2025-02-23,0,0.0,0.03,0.06,6,23,0,1,0,0.5714285714285714,0.0
7,49,9,True,0,2025-02-23,0,0.0,0.06,0.15,6,23,0,1,0,0.5714285714285714,0.0
7,50,9,True,0,2025-02-23,0,0.0,0.02,0.1,6,23,0,1,0,0.14285714285714285,0.0
7,135,9,True,0,2025-02-23,0,0.0,0.14,0.24,6,23,0,1,0,0.14285714285714285,0.0
7,150,9,True,0,2025-02-23,0,0.0,0.04,0.05,6,23,0,1,0,0.0,0.0
7,163,9,True,0,2025-02-23,0,0.0,0.05,0.07,6,23,0,1,0,0.0,0.0
7,201,9,True,0,2025-02-23,0,0.0,0.16,0.28,6,23,0,1,0,0.0,0.0
7,244,9,True,0,2025-02-23,0,0.0,0.01,0.05,6,23,0,1,0,0.0,0.0
7,259,9,True,0,2025-02-23,0,0.0,0.06,0.14,6,23,0,1,0,0.0,0.0
7,271,9,True,0,2025-02-23,0,0.0,0.01,0.07,6,23,0,1,0,0.0,0.0
7,276,9,True,0,2025-02-23,0,0.0,0.06,0.12,6,23,0,1,0,0.0,0.0
7,280,9,True,0,2025-02-23,0,0.0,0.01,0.03,6,23,0,1,0,0.0,0.0
7,296,9,True,0,2025-02-23,0,0.0,0.25,0.32,6,23,0,1,0,0.0,0.0
7,298,9,True,0,2025-02-23,0,0.0,0.03,0.07,6,23,0,1,0,0.0,0.0
7,302,9,True,0,2025-02-23,0,0.0,0.03,0.06,6,23,0,1,0,0.0,0.0
7,308,9,True,0,2025-02-23,0,0.0,0.03,0.06,6,23,0,1,0,0.0,0.0
7,334,9,True,0,2025-02-23,0,0.0,0.01,0.07,6,23,0,1,0,0.0,0.0
7,357,9,True,0,2025-02-23,0,0.0,0.09,0.16,6,23,0,1,0,0.0,0.0
7,365,9,True,0,2025-02-23,0,0.0,0.02,0.06,6,23,0,1,0,0.0,0.0
7,374,9,True,0,2025-02-23,1,0.0,0.03,0.05,6,23,0,1,0,0.0,0.0
7,378,9,True,0,2025-02-23,0,0.0,0.03,0.07,6,23,0,1,0,0.14285714285714285,0.0
7,395,9,True,0,2025-02-23,0,0.0,0.01,0.04,6,23,0,1,0,0.14285714285714285,0.0
7,453,9,True,0,2025-02-23,0,0.0,0.01,0.05,6,23,0,1,0,0.14285714285714285,0.0
7,479,9,True,0,2025-02-23,0,0.0,0.13,0.16,6,23,0,1,0,0.14285714285714285,0.0
7,485,9,True,0,2025-02-23,0,0.0,0.05,0.12,6,23,0,1,0,0.14285714285714285,0.0
7,507,9,True,0,2025-02-23,0,0.0,0.04,0.05,6,23,0,1,0,0.14285714285714285,0.0
7,508,9,True,0,2025-02-23,0,0.0,0.02,0.07,6,23,0,1,0,0.14285714285714285,0.0
7,533,9,True,0,2025-02-23,0,0.0,0.01,0.03,6,23,0,1,0,0.0,0.0
7,558,9,True,0,2025-02-23,0,0.0,0.11,0.17,6,23,0,1,0,0.0,0.0
7,572,9,True,0,2025-02-23,0,0.0,0.06,0.08,6,23,0,1,0,0.0,0.0
7,575,9,True,0,2025-02-23,0,0.0,0.05,0.09,6,23,0,1,0,0.0,0.0
7,578,9,True,0,2025-02-23,0,0.0,0.14,0.2,6,23,0,1,0,0.0,0.0
7,608,9,True,0,2025-02-23,0,0.0,0.06,0.16,6,23,0,1,0,0.0,0.0
7,648,9,True,0,2025-02-23,0,0.0,0.07,0.15,6,23,0,1,0,0.0,0.0
7,656,9,True,0,2025-02-23,0,0.0,0.1,0.16,6,23,0,1,0,0.0,0.0
7,682,9,True,0,2025-02-23,0,0.0,0.04,0.12,6,23,0,1,0,0.0,0.0
7,730,9,True,0,2025-02-23,0,0.0,0.01,0.04,6,23,0,1,0,0.0,0.0
7,756,9,True,0,2025-02-23,0,0.0,0.1,0.2,6,23,0,1,0,0.0,0.0
7,778,9,True,0,2025-02-23,0,0.0,0.07,0.09,6,23,0,1,0,0.0,0.0
7,782,9,True,0,2025-02-23,0,0.0,0.1,0.16,6,23,0,1,0,0.0,0.0
7,786,9,True,0,2025-02-23,0,0.0,0.02,0.04,6,23,0,1,0,0.0,0.0
7,816,9,True,0,2025-02-23,0,0.0,0.01,0.03,6,23,0,1,0,0.0,0.0
7,833,9,True,0,2025-02-23,0,0.0,0.04,0.07,6,23,0,1,0,0.0,0.0
7,853,9,True,0,2025-02-23,0,0.0,0.15,0.22,6,23,0,1,0,0.0,0.0
7,865,9,True,0,2025-02-23,0,0.0,0.12,0.2,6,23,0,1,0,0.0,0.0
7,890,9,True,0,2025-02-23,0,0.0,0.01,0.05,6,23,0,1,0,0.0,0.0
7,895,9,True,0,2025-02-23,0,0.0,0.06,0.11,6,23,0,1,0,0.0,0.0
7,898,9,True,0,2025-02-23,0,0.0,0.01,0.02,6,23,0,1,0,0.0,0.0
7,915,9,True,0,2025-02-23,0,0.0,0.01,0.03,6,23,0,1,0,0.0,0.0
7,943,9,True,0,2025-02-23,0,0.0,0.04,0.12,6,23,0,1,0,0.0,0.0
7,944,9,True,0,2025-02-23,0,0.0,0.09,0.13,6,23,0,1,0,0.0,0.0
7,949,9,True,0,2025-02-23,0,0.0,0.06,0.1,6,23,0,1,0,0.0,0.0
7,956,9,True,0,2025-02-23,0,0.0,0.02,0.06,6,23,0,1,0,0.0,0.0
7,986,9,True,0,2025-02-23,0,0.0,0.01,0.03,6,23,0,1,0,0.0,0.0
7,999,9,True,0,2025-02-23,0,0.0,0.06,0.14,6,23,0,1,0,0.0,0.0
7,1001,9,True,0,2025-02-23,0,0.0,0.02,0.06,6,23,0,1,0,0.0,0.0
7,1027,9,True,0,2025-02-23,0,0.0,0.02,0.06,6,23,0,1,0,0.0,0.0
7,1048,9,True,0,2025-02-23,0,0.0,0.08,0.4,6,23,0,1,0,0.0,0.0
7,1054,9,True,0,2025-02-23,0,0.0,0.01,0.02,6,23,0,1,0,0.0,0.0
7,1139,9,True,0,2025-02-23,0,0.0,0.03,0.06,6,23,0,1,0,0.0,0.0
7,1140,9,True,0,2025-02-23,0,0.0,0.01,0.05,6,23,0,1,0,0.0,0.0
7,1152,9,True,0,2025-02-23,0,0.0,0.0,0.04,6,23,0,1,0,0.0,0.0
7,1166,9,True,0,2025-02-23,0,0.0,0.04,0.1,6,23,0,1,0,0.0,0.0
7,1171,9,True,0,2025-02-23,0,0.0,0.41,0.54,6,23,0,1,0,0.0,0.0
7,1222,9,True,0,2025-02-23,0,0.0,0.05,0.19,6,23,0,1,0,0.0,0.0
7,1252,9,True,0,2025-02-23,0,0.0,0.06,0.23,6,23,0,1,0,0.0,0.0
7,1331,9,True,0,2025-02-23,0,0.0,0.09,0.63,6,23,0,1,0,0.0,0.0
7,1355,9,True,0,2025-02-23,0,0.0,0.02,0.04,6,23,0,1,0,0.0,0.0
7,1366,9,True,0,2025-02-23,0,0.0,0.62,0.84,6,23,0,1,0,0.0,0.0
7,1401,9,True,0,2025-02-23,0,0.0,0.03,0.07,6,23,0,1,0,0.0,0.0
7,1435,9,True,0,2025-02-23,0,0.0,0.03,0.03,6,23,0,1,0,0.0,0.0
7,1442,9,True,0,2025-02-23,0,0.0,0.03,0.06,6,23,0,1,0,0.0,0.0
7,1449,9,True,0,2025-02-23,0,0.0,0.01,0.06,6,23,0,1,0,0.0,0.0
7,1474,9,True,0,2025-02-23,0,0.0,0.06,0.11,6,23,0,1,0,0.0,0.0
7,1489,9,True,0,2025-02-23,0,0.0,0.02,0.06,6,23,0,1,0,0.0,0.0
7,1492,9,True,0,2025-02-23,0,0.0,0.11,0.16,6,23,0,1,0,0.0,0.0
7,1530,9,True,0,2025-02-23,0,0.0,0.09,0.11,6,23,0,1,0,0.0,0.0
7,1572,9,True,0,2025-02-23,0,0.0,0.04,0.1,6,23,0,1,0,0.0,0.0
7,1583,9,True,0,2025-02-23,0,0.0,0.03,0.08,6,23,0,1,0,0.0,0.0
7,1595,9,True,0,2025-02-23,0,0.0,0.02,0.05,6,23,0,1,0,0.0,0.0
7,1636,9,True,0,2025-02-23,0,0.0,0.02,0.09,6,23,0,1,0,0.0,0.0
7,1643,9,True,0,2025-02-23,0,0.0,0.07,0.11,6,23,0,1,0,0.0,0.0
7,1671,9,True,0,2025-02-23,0,0.0,0.01,0.09,6,23,0,1,0,0.0,0.0
7,1687,9,True,0,2025-02-23,0,0.0,0.06,0.1,6,23,0,1,0,0.0,0.0
7,1719,9,True,0,2025-02-23,1,0.0,0.06,0.1,6,23,0,1,0,0.0,0.0
7,1758,9,True,0,2025-02-23,0,0.0,0.05,0.09,6,23,0,1,0,0.14285714285714285,0.0
7,1810,9,True,0,2025-02-23,0,0.0,0.02,0.07,6,23,0,1,0,0.14285714285714285,0.0
7,1837,9,True,0,2025-02-23,0,0.0,0.04,0.06,6,23,0,1,0,0.14285714285714285,0.0
7,1857,9,True,0,2025-02-23,0,0.0,0.04,0.07,6,23,0,1,0,0.14285714285714285,0.0
7,1883,9,True,0,2025-02-23,1,1.0,0.06,0.11,6,23,0,1,0,0.14285714285714285,0.0
7,1889,9,True,0,2025-02-23,0,0.0,0.02,0.06,6,23,0,1,0,0.2857142857142857,0.0
7,1920,9,True,0,2025-02-23,0,0.0,0.13,0.15,6,23,0,1,0,0.2857142857142857,0.0
7,2012,9,True,0,2025-02-23,0,0.0,0.02,0.12,6,23,0,1,0,0.14285714285714285,0.0
7,2060,9,True,0,2025-02-23,0,0.0,0.13,0.2,6,23,0,1,0,0.14285714285714285,0.0
7,2065,9,True,0,2025-02-23,0,0.0,0.01,0.03,6,23,0,1,0,0.14285714285714285,0.0
7,2074,9,True,0,2025-02-23,0,0.0,0.07,0.22,6,23,0,1,0,0.14285714285714285,0.0
7,2139,9,True,0,2025-02-23,0,0.0,0.02,0.1,6,23,0,1,0,0.14285714285714285,0.0
7,2164,9,True,0,2025-02-23,0,0.0,0.01,0.05,6,23,0,1,0,0.0,0.0
7,2195,9,True,0,2025-02-23,0,0.0,0.01,0.02,6,23,0,1,0,0.0,0.0
7,2207,9,True,0,2025-02-23,0,0.0,0.07,0.12,6,23,0,1,0,0.0,0.0
7,2221,9,True,0,2025-02-23,0,0.0,0.01,0.05,6,23,0,1,0,0.0,0.0
7,2231,9,True,0,2025-02-23,0,0.0,0.03,0.09,6,23,0,1,0,0.0,0.0
7,2235,9,True,0,2025-02-23,0,0.0,0.06,0.07,6,23,0,1,0,0.0,0.0
7,2248,9,True,0,2025-02-23,1,0.0,0.07,0.28,6,23,0,1,0,0.0,0.0
7,2319,9,True,0,2025-02-23,0,0.0,0.18,0.54,6,23,0,1,0,0.14285714285714285,0.0
7,2327,9,True,0,2025-02-23,0,0.0,0.02,0.07,6,23,0,1,0,0.14285714285714285,0.0
7,2328,9,True,0,2025-02-23,0,0.0,0.18,0.25,6,23,0,1,0,0.14285714285714285,0.0
7,2339,9,True,0,2025-02-23,0,0.0,0.03,0.14,6,23,0,1,0,0.14285714285714285,0.0
7,2365,9,True,0,2025-02-23,0,0.0,0.0,0.01,6,23,0,1,0,0.14285714285714285,0.0
7,2425,9,True,0,2025-02-23,0,0.0,0.05,0.14,6,23,0,1,0,0.14285714285714285,0.0
7,2428,9,True,0,2025-02-23,0,0.0,0.31,0.42,6,23,0,1,0,0.14285714285714285,0.0
7,2430,9,True,0,2025-02-23,0,0.0,0.01,0.04,6,23,0,1,0,0.0,0.0
7,2437,9,True,0,2025-02-23,0,0.0,0.03,0.07,6,23,0,1,0,0.0,0.0
7,2476,9,True,0,2025-02-23,0,0.0,0.04,0.33,6,23,0,1,0,0.0,0.0
7,2509,9,True,0,2025-02-23,0,0.0,0.07,0.15,6,23,0,1,0,0.0,0.0
7,2535,9,True,0,2025-02-23,0,0.0,0.07,0.09,6,23,0,1,0,0.0,0.0
7,2561,9,True,0,2025-02-23,0,0.0,0.06,0.1,6,23,0,1,0,0.0,0.0
7,2562,9,True,0,2025-02-23,0,0.0,0.04,0.09,6,23,0,1,0,0.0,0.0
7,2570,9,True,0,2025-02-23,1,0.0,0.02,0.02,6,23,0,1,0,0.0,0.0
7,2579,9,True,0,2025-02-23,0,0.0,0.1,0.18,6,23,0,1,0,0.14285714285714285,0.0
7,2599,9,True,0,2025-02-23,0,0.0,0.14,0.2,6,23,0,1,0,0.14285714285714285,0.0
7,2656,9,True,0,2025-02-23,0,0.0,0.05,0.5,6,23,0,1,0,0.14285714285714285,0.0
7,2666,9,True,0,2025-02-23,0,0.0,0.07,0.15,6,23,0,1,0,0.14285714285714285,0.0
7,2696,9,True,0,2025-02-23,0,0.0,0.02,0.03,6,23,0,1,0,0.14285714285714285,0.0
7,2703,9,True,0,2025-02-23,0,0.0,0.03,0.06,6,23,0,1,0,0.14285714285714285,0.0
7,2713,9,True,0,2025-02-23,0,0.0,0.02,0.03,6,23,0,1,0,0.14285714285714285,0.0
7,2728,9,True,0,2025-02-23,0,0.0,0.1,0.11,6,23,0,1,0,0.0,0.0
7,2733,9,True,0,2025-02-23,0,0.0,0.06,0.09,6,23,0,1,0,0.0,0.0
7,2762,9,True,0,2025-02-23,0,0.0,0.02,0.04,6,23,0,1,0,0.0,0.0
7,2766,9,True,0,2025-02-23,0,0.0,0.13,0.29,6,23,0,1,0,0.0,0.0
7,2777,9,True,0,2025-02-23,0,0.0,0.03,0.07,6,23,0,1,0,0.0,0.0
7,2779,9,True,0,2025-02-23,0,0.0,0.03,0.05,6,23,0,1,0,0.0,0.0
7,2787,9,True,0,2025-02-23,0,0.0,0.02,0.07,6,23,0,1,0,0.0,0.0
7,2790,9,True,0,2025-02-23,0,0.0,0.02,0.07,6,23,0,1,0,0.0,0.0
7,2793,9,True,0,2025-02-23,0,0.0,0.07,0.17,6,23,0,1,0,0.0,0.0
7,2794,9,True,0,2025-02-23,0,0.0,0.02,0.05,6,23,0,1,0,0.0,0.0
7,2802,9,True,0,2025-02-23,0,0.0,0.01,0.04,6,23,0,1,0,0.0,0.0
7,2810,9,True,0,2025-02-23,0,0.0,0.04,0.09,6,23,0,1,0,0.0,0.0
7,2819,9,True,0,2025-02-23,0,0.0,0.16,0.22,6,23,0,1,0,0.0,0.0
7,2837,9,True,0,2025-02-23,0,0.0,0.15,0.17,6,23,0,1,0,0.0,0.0
7,2863,9,True,0,2025-02-23,0,0.0,0.14,0.22,6,23,0,1,0,0.0,0.0
7,2865,9,True,0,2025-02-23,0,0.0,0.07,0.14,6,23,0,1,0,0.0,0.0
7,2879,9,True,0,2025-02-23,0,0.0,0.02,0.04,6,23,0,1,0,0.0,0.0
7,2900,9,True,0,2025-02-23,0,0.0,0.03,0.09,6,23,0,1,0,0.0,0.0
7,2965,9,True,0,2025-02-23,0,0.0,0.04,0.04,6,23,0,1,0,0.0,0.0
7,2993,9,True,0,2025-02-23,0,0.0,0.08,0.17,6,23,0,1,0,0.0,0.0
7,3005,9,True,0,2025-02-23,0,0.0,0.1,0.12,6,23,0,1,0,0.0,0.0
7,3075,9,True,0,2025-02-23,1,0.0,0.19,0.43,6,23,0,1,0,0.0,0.0
7,3080,9,True,0,2025-02-23,0,0.0,0.22,0.5,6,23,0,1,0,0.14285714285714285,0.0
7,3081,9,True,0,2025-02-23,0,0.0,0.08,0.14,6,23,0,1,0,0.14285714285714285,0.0
7,3109,9,True,0,2025-02-23,0,0.0,0.03,0.08,6,23,0,1,0,0.14285714285714285,0.0
7,3138,9,True,0,2025-02-23,0,0.0,0.18,0.28,6,23,0,1,0,0.14285714285714285,0.0
7,3141,9,True,0,2025-02-23,0,0.0,0.06,0.17,6,23,0,1,0,0.14285714285714285,0.0
7,3150,9,True,0,2025-02-23,0,0.0,0.0,0.01,6,23,0,1,0,0.14285714285714285,0.0
7,3171,9,True,0,2025-02-23,0,0.0,0.03,0.06,6,23,0,1,0,0.14285714285714285,0.0
7,3182,9,True,0,2025-02-23,0,0.0,0.02,0.08,6,23,0,1,0,0.0,0.0
7,3231,9,True,0,2025-02-23,0,0.0,0.08,0.17,6,23,0,1,0,0.0,0.0
7,3243,9,True,0,2025-02-23,0,0.0,0.02,0.06,6,23,0,1,0,0.0,0.0
7,3252,9,True,0,2025-02-23,0,0.0,0.02,0.09,6,23,0,1,0,0.0,0.0
7,3270,9,True,0,2025-02-23,0,0.0,0.12,0.18,6,23,0,1,0,0.0,0.0
7,3297,9,True,0,2025-02-23,1,0.0,0.13,0.22,6,23,0,1,0,0.0,0.0
7,3301,9,True,0,2025-02-23,0,0.0,0.09,0.17,6,23,0,1,0,0.14285714285714285,0.0
7,3306,9,True,0,2025-02-23,0,0.0,0.13,0.19,6,23,0,1,0,0.14285714285714285,0.0
7,3316,9,True,0,2025-02-23,0,0.0,0.01,0.04,6,23,0,1,0,0.14285714285714285,0.0
7,3321,9,True,0,2025-02-23,0,0.0,0.02,0.08,6,23,0,1,0,0.14285714285714285,0.0
7,3357,9,True,0,2025-02-23,0,0.0,0.25,0.5,6,23,0,1,0,0.14285714285714285,0.0
7,3362,9,True,0,2025-02-23,0,0.0,0.02,0.05,6,23,0,1,0,0.14285714285714285,0.0
7,3371,9,True,0,2025-02-23,0,0.0,0.05,0.26,6,23,0,1,0,0.14285714285714285,0.0
7,3375,9,True,0,2025-02-23,0,0.0,0.1,0.31,6,23,0,1,0,0.0,0.0
7,3378,9,True,0,2025-02-23,0,0.0,0.09,0.15,6,23,0,1,0,0.0,0.0
7,3390,9,True,0,2025-02-23,0,0.0,0.04,0.08,6,23,0,1,0,0.0,0.0
7,3391,9,True,0,2025-02-23,0,0.0,0.1,0.15,6,23,0,1,0,0.0,0.0
7,3410,9,True,0,2025-02-23,0,0.0,0.06,0.08,6,23,0,1,0,0.0,0.0
7,3418,9,True,0,2025-02-23,0,0.0,0.11,0.2,6,23,0,1,0,0.0,0.0
7,3429,9,True,0,2025-02-23,0,0.0,0.09,0.13,6,23,0,1,0,0.0,0.0
7,3432,9,True,0,2025-02-23,0,0.0,0.01,0.05,6,23,0,1,0,0.0,0.0
7,3461,9,True,0,2025-02-23,0,0.0,0.01,0.05,6,23,0,1,0,0.0,0.0
7,3478,9,True,0,2025-02-23,2,0.0,0.03,0.05,6,23,0,1,0,0.0,0.0
7,3483,9,True,0,2025-02-23,0,0.0,0.07,0.15,6,23,0,1,0,0.2857142857142857,0.0
7,3487,9,True,0,2025-02-23,0,0.0,0.08,0.11,6,23,0,1,0,0.2857142857142857,0.0
7,3510,9,True,0,2025-02-23,0,0.0,0.08,0.14,6,23,0,1,0,0.2857142857142857,0.0
7,3513,9,True,0,2025-02-23,0,0.0,0.05,0.09,6,23,0,1,0,0.2857142857142857,0.0
7,3515,9,True,0,2025-02-23,0,0.0,0.01,0.02,6,23,0,1,0,0.2857142857142857,0.0
7,3541,9,True,0,2025-02-23,0,0.0,0.01,0.04,6,23,0,1,0,0.2857142857142857,0.0
7,3544,9,True,0,2025-02-23,1,0.0,0.1,0.15,6,23,0,1,0,0.2857142857142857,0.0
7,3600,9,True,0,2025-02-23,0,0.0,0.15,0.19,6,23,0,1,0,0.14285714285714285,0.0
7,3665,9,True,0,2025-02-23,0,0.0,0.02,0.03,6,23,0,1,0,0.14285714285714285,0.0
7,3674,9,True,0,2025-02-23,0,0.0,0.02,0.07,6,23,0,1,0,0.14285714285714285,0.0
7,3677,9,True,0,2025-02-23,0,0.0,0.05,0.08,6,23,0,1,0,0.14285714285714285,0.0
7,3709,9,True,0,2025-02-23,0,0.0,0.05,0.1,6,23,0,1,0,0.14285714285714285,0.0
7,3739,9,True,0,2025-02-23,0,0.0,0.02,0.02,6,23,0,1,0,0.14285714285714285,0.0
7,3747,9,True,0,2025-02-23,1,0.0,0.05,0.07,6,23,0,1,0,0.14285714285714285,0.0
7,3762,9,True,0,2025-02-23,0,0.0,0.02,0.09,6,23,0,1,0,0.14285714285714285,0.0
7,3771,9,True,0,2025-02-23,0,0.0,0.08,0.12,6,23,0,1,0,0.14285714285714285,0.0
7,3775,9,True,0,2025-02-23,0,0.0,0.07,0.23,6,23,0,1,0,0.14285714285714285,0.0
7,3787,9,True,0,2025-02-23,0,0.0,0.18,0.22,6,23,0,1,0,0.14285714285714285,0.0
7,3809,9,True,0,2025-02-23,0,0.0,0.02,0.09,6,23,0,1,0,0.14285714285714285,0.0
7,3810,9,True,0,2025-02-23,3,0.0,0.3,0.55,6,23,0,1,0,0.14285714285714285,0.0
7,3817,9,True,0,2025-02-23,0,0.0,0.01,0.06,6,23,0,1,0,0.5714285714285714,0.0
7,3849,9,True,0,2025-02-23,0,0.0,0.05,0.12,6,23,0,1,0,0.42857142857142855,0.0
7,3854,9,True,0,2025-02-23,1,0.0,0.06,0.38,6,23,0,1,0,0.42857142857142855,0.0
7,3859,9,True,0,2025-02-23,0,0.0,0.02,0.06,6,23,0,1,0,0.5714285714285714,0.0
7,3860,9,True,0,2025-02-23,0,0.0,0.02,0.09,6,23,0,1,0,0.5714285714285714,0.0
7,3871,9,True,0,2025-02-23,0,0.0,0.02,0.07,6,23,0,1,0,0.5714285714285714,0.0
7,3920,9,True,0,2025-02-23,0,0.0,0.06,0.13,6,23,0,1,0,0.5714285714285714,0.0
7,3933,9,True,0,2025-02-23,0,0.0,0.12,0.2,6,23,0,1,0,0.14285714285714285,0.0
7,3973,9,True,0,2025-02-23,0,0.0,0.02,0.04,6,23,0,1,0,0.14285714285714285,0.0
7,3981,9,True,0,2025-02-23,0,0.0,0.01,0.04,6,23,0,1,0,0.14285714285714285,0.0
7,3989,9,True,0,2025-02-23,0,0.0,0.15,0.35,6,23,0,1,0,0.0,0.0
7,4022,9,True,0,2025-02-23,0,0.0,0.08,0.09,6,23,0,1,0,0.0,0.0
7,4039,9,True,0,2025-02-23,0,0.0,0.05,0.12,6,23,0,1,0,0.0,0.0
7,4051,9,True,0,2025-02-23,0,0.0,0.02,0.09,6,23,0,1,0,0.0,0.0
7,4091,9,True,0,2025-02-23,0,0.0,0.04,0.17,6,23,0,1,0,0.0,0.0
7,4131,9,True,0,2025-02-23,0,0.0,0.02,0.08,6,23,0,1,0,0.0,0.0
7,4146,9,True,0,2025-02-23,0,0.0,0.09,0.23,6,23,0,1,0,0.0,0.0
7,4164,9,True,0,2025-02-23,0,0.0,0.02,0.04,6,23,0,1,0,0.0,0.0
7,4168,9,True,0,2025-02-23,0,0.0,0.06,0.12,6,23,0,1,0,0.0,0.0
7,4222,9,True,0,2025-02-23,0,0.0,0.04,0.1,6,23,0,1,0,0.0,0.0
7,4263,9,True,0,2025-02-23,0,0.0,0.01,0.02,6,23,0,1,0,0.0,0.0
7,4271,9,True,0,2025-02-23,0,0.0,0.02,0.06,6,23,0,1,0,0.0,0.0
7,4274,9,True,0,2025-02-23,0,0.0,0.04,0.07,6,23,0,1,0,0.0,0.0
7,4280,9,True,0,2025-02-23,0,0.0,0.05,0.08,6,23,0,1,0,0.0,0.0
7,4337,9,True,0,2025-02-23,0,0.0,0.04,0.05,6,23,0,1,0,0.0,0.0
7,4375,9,True,0,2025-02-23,0,0.0,0.01,0.01,6,23,0,1,0,0.0,0.0
7,4394,9,True,0,2025-02-23,0,0.0,0.02,0.04,6,23,0,1,0,0.0,0.0
7,4419,9,True,0,2025-02-23,0,0.0,0.06,0.09,6,23,0,1,0,0.0,0.0
7,4462,9,True,0,2025-02-23,0,0.0,0.13,0.17,6,23,0,1,0,0.0,0.0
7,4482,9,True,0,2025-02-23,0,0.0,0.04,0.13,6,23,0,1,0,0.0,0.0
7,4483,9,True,0,2025-02-23,0,0.0,0.05,0.06,6,23,0,1,0,0.0,0.0
7,4495,9,True,0,2025-02-23,0,0.0,0.01,0.05,6,23,0,1,0,0.0,0.0
7,4512,9,True,0,2025-02-23,0,0.0,0.04,0.09,6,23,0,1,0,0.0,0.0
7,4547,9,True,0,2025-02-23,6,0.0,0.01,0.05,6,23,0,1,0,0.0,0.0
7,4552,9,True,0,2025-02-23,0,0.0,0.07,0.14,6,23,0,1,0,0.8571428571428571,0.0
7,4578,9,True,0,2025-02-23,0,0.0,0.04,0.07,6,23,0,1,0,0.8571428571428571,0.0
7,4588,9,True,0,2025-02-23,0,0.0,0.02,0.06,6,23,0,1,0,0.8571428571428571,0.0
7,4603,9,True,0,2025-02-23,0,0.0,0.02,0.07,6,23,0,1,0,0.8571428571428571,0.0
7,4611,9,True,0,2025-02-23,0,0.0,0.01,0.03,6,23,0,1,0,0.8571428571428571,0.0
7,4619,9,True,0,2025-02-23,0,0.0,0.05,0.1,6,23,0,1,0,0.8571428571428571,0.0
7,4680,9,True,0,2025-02-23,0,0.0,0.01,0.05,6,23,0,1,0,0.8571428571428571,0.0
7,4694,9,True,0,2025-02-23,0,0.0,0.02,0.08,6,23,0,1,0,0.0,0.0
7,4708,9,True,0,2025-02-23,0,0.0,0.04,0.1,6,23,0,1,0,0.0,0.0
7,4720,9,True,0,2025-02-23,0,0.0,0.03,0.04,6,23,0,1,0,0.0,0.0
7,4738,9,True,0,2025-02-23,0,0.0,0.06,0.23,6,23,0,1,0,0.0,0.0
7,4746,9,True,0,2025-02-23,0,0.0,0.19,0.22,6,23,0,1,0,0.0,0.0
7,4752,9,True,0,2025-02-23,0,0.0,0.03,0.11,6,23,0,1,0,0.0,0.0
7,4762,9,True,0,2025-02-23,0,0.0,0.02,0.08,6,23,0,1,0,0.0,0.0
7,4776,9,True,0,2025-02-23,0,0.0,0.02,0.05,6,23,0,1,0,0.0,0.0
7,4777,9,True,0,2025-02-23,0,0.0,0.02,0.03,6,23,0,1,0,0.0,0.0
7,4796,9,True,0,2025-02-23,0,0.0,0.02,0.07,6,23,0,1,0,0.0,0.0
7,4797,9,True,0,2025-02-23,0,0.0,0.01,0.02,6,23,0,1,0,0.0,0.0
7,4814,9,True,0,2025-02-23,0,0.0,0.01,0.09,6,23,0,1,0,0.0,0.0
7,4828,9,True,0,2025-02-23,0,0.0,0.09,0.15,6,23,0,1,0,0.0,0.0
7,4831,9,True,0,2025-02-23,0,0.0,0.07,0.13,6,23,0,1,0,0.0,0.0
7,4916,9,True,0,2025-02-23,0,0.0,0.02,0.09,6,23,0,1,0,0.0,0.0
7,4940,9,True,0,2025-02-23,0,0.0,0.01,0.06,6,23,0,1,0,0.0,0.0
7,4949,9,True,0,2025-02-23,0,0.0,0.01,0.05,6,23,0,1,0,0.0,0.0
7,4982,9,True,0,2025-02-23,0,0.0,0.02,0.07,6,23,0,1,0,0.0,0.0
7,4993,9,True,0,2025-02-23,0,0.0,0.02,0.04,6,23,0,1,0,0.0,0.0
7,4995,9,True,0,2025-02-23,0,0.0,0.05,0.07,6,23,0,1,0,0.0,0.0
7,5007,9,True,0,2025-02-23,0,0.0,0.01,0.02,6,23,0,1,0,0.0,0.0
7,5010,9,True,0,2025-02-23,0,0.0,0.33,0.37,6,23,0,1,0,0.0,0.0
7,5037,9,True,0,2025-02-23,0,0.0,0.01,0.03,6,23,0,1,0,0.0,0.0
7,5065,9,True,0,2025-02-23,0,0.0,0.17,0.53,6,23,0,1,0,0.0,0.0
7,5066,9,True,0,2025-02-23,0,0.0,0.07,0.16,6,23,0,1,0,0.0,0.0
7,5081,9,True,0,2025-02-23,0,0.0,0.0,0.01,6,23,0,1,0,0.0,0.0
7,5104,9,True,0,2025-02-23,0,0.0,0.17,0.2,6,23,0,1,0,0.0,0.0
7,5157,9,True,0,2025-02-23,0,0.0,0.18,0.21,6,23,0,1,0,0.0,0.0
7,5164,9,True,0,2025-02-23,0,0.0,0.02,0.04,6,23,0,1,0,0.0,0.0
7,5215,9,True,0,2025-02-23,0,0.0,0.04,0.09,6,23,0,1,0,0.0,0.0
7,5222,9,True,0,2025-02-23,0,0.0,0.11,0.2,6,23,0,1,0,0.0,0.0
7,5224,9,True,0,2025-02-23,0,0.0,0.04,0.05,6,23,0,1,0,0.0,0.0
7,5245,9,True,0,2025-02-23,0,0.0,0.05,0.05,6,23,0,1,0,0.0,0.0
7,5254,9,True,0,2025-02-23,0,0.0,0.01,0.04,6,23,0,1,0,0.0,0.0
7,5277,9,True,0,2025-02-23,0,0.0,0.19,0.39,6,23,0,1,0,0.0,0.0
7,5279,9,True,0,2025-02-23,0,0.0,0.01,0.03,6,23,0,1,0,0.0,0.0
7,770,10,False,0,2025-02-23,3,0.0,0.02,0.03,6,23,0,1,0,0.0,0.0
7,2006,10,False,0,2025-02-23,50,0.0,0.0,0.0,6,23,0,1,0,0.42857142857142855,0.0
7,2223,10,False,0,2025-02-23,0,0.0,0.03,0.04,6,23,0,1,0,7.571428571428571,0.0
7,2582,10,False,0,2025-02-23,29,0.0,0.03,0.05,6,23,0,1,0,7.571428571428571,0.0
7,3368,10,False,0,2025-02-23,0,0.0,0.03,0.04,6,23,0,1,0,11.714285714285714,0.0
7,3451,10,False,0,2025-02-23,56,0.0,0.01,0.01,6,23,0,1,0,11.714285714285714,0.0
7,3825,10,False,0,2025-02-23,9,0.0,0.02,0.04,6,23,0,1,0,19.714285714285715,0.0
7,4021,10,False,0,2025-02-23,5,0.0,0.02,0.06,6,23,0,1,0,21.0,0.0
7,4072,10,False,0,2025-02-23,0,0.0,0.0,0.0,6,23,0,1,0,21.285714285714285,0.0
7,37,11,False,0,2025-02-23,0,0.0,0.14,0.17,6,23,0,1,0,14.142857142857142,0.0
7,256,11,False,0,2025-02-23,0,1.0,0.3,0.36,6,23,0,1,0,14.142857142857142,0.0
7,402,11,False,0,2025-02-23,2,0.0,0.09,0.1,6,23,0,1,0,10.0,0.0
7,456,11,False,0,2025-02-23,2,0.0,0.1,0.13,6,23,0,1,0,10.285714285714286,0.0
7,458,11,False,0,2025-02-23,3,0.0,0.15,0.16,6,23,0,1,0,2.5714285714285716,0.0
7,1064,11,False,0,2025-02-23,2,0.0,0.18,0.21,6,23,0,1,0,1.7142857142857142,0.0
7,1086,11,False,0,2025-02-23,3,0.0,0.07,0.08,6,23,0,1,0,1.2857142857142858,0.0
7,1465,11,False,0,2025-02-23,2,0.0,0.15,0.15,6,23,0,1,0,1.7142857142857142,0.0
7,1592,11,False,0,2025-02-23,3,2.0,0.3,0.36,6,23,0,1,0,2.0,0.0
7,1802,11,False,0,2025-02-23,4,0.0,0.1,0.11,6,23,0,1,0,2.4285714285714284,0.0
7,1816,11,False,0,2025-02-23,2,0.0,0.06,0.07,6,23,0,1,0,2.7142857142857144,0.0
7,1859,11,False,0,2025-02-23,3,0.0,0.1,0.14,6,23,0,1,0,2.7142857142857144,0.0
7,1961,11,False,0,2025-02-23,3,0.0,0.1,0.12,6,23,0,1,0,2.7142857142857144,0.0
7,2662,11,False,0,2025-02-23,0,0.0,0.2,0.23,6,23,0,1,0,2.857142857142857,0.0
7,2906,11,False,0,2025-02-23,4,0.0,0.14,0.17,6,23,0,1,0,2.4285714285714284,0.0
7,3213,11,False,0,2025-02-23,3,0.0,0.06,0.07,6,23,0,1,0,2.7142857142857144,0.0
7,3268,11,False,0,2025-02-23,0,0.0,0.19,0.29,6,23,0,1,0,2.7142857142857144,0.0
7,4505,11,False,0,2025-02-23,3,0.0,0.06,0.06,6,23,0,1,0,2.142857142857143,0.0
7,4665,11,False,0,2025-02-23,3,0.0,0.06,0.07,6,23,0,1,0,2.2857142857142856,0.0
7,5084,11,False,0,2025-02-23,3,0.0,0.14,0.18,6,23,0,1,0,2.2857142857142856,0.0
7,134,1,False,0,2025-02-26,3,0.0,0.16,0.21,2,26,0,0,1,2.2857142857142856,0.0
7,140,1,False,0,2025-02-26,2,0.0,0.18,0.23,2,26,0,0,1,2.7142857142857144,0.0
7,233,1,False,0,2025-02-26,2,0.0,0.24,0.29,2,26,0,0,1,2.4285714285714284,0.0
7,277,1,False,0,2025-02-26,2,0.0,0.3,0.31,2,26,0,0,1,2.2857142857142856,0.0
7,288,1,False,0,2025-02-26,4,0.0,0.01,0.03,2,26,0,0,1,2.5714285714285716,0.0
7,383,1,False,0,2025-02-26,0,0.0,0.01,0.01,2,26,0,0,1,2.7142857142857144,0.0
7,423,1,False,0,2025-02-26,2,0.0,0.01,0.01,2,26,0,0,1,2.2857142857142856,0.0
7,491,1,False,0,2025-02-26,4,0.0,0.12,0.16,2,26,0,0,1,2.142857142857143,0.0
7,532,1,False,0,2025-02-26,2,0.0,0.17,0.2,2,26,0,0,1,2.2857142857142856,0.0
7,649,1,False,0,2025-02-26,3,0.0,0.32,0.4,2,26,0,0,1,2.2857142857142856,0.0
7,695,1,False,0,2025-02-26,0,0.0,0.14,0.15,2,26,0,0,1,2.4285714285714284,0.0
7,1376,1,False,0,2025-02-26,2,0.0,0.16,0.19,2,26,0,0,1,2.142857142857143,0.0
7,1568,1,False,0,2025-02-26,2,0.0,0.14,0.19,2,26,0,0,1,1.8571428571428572,0.0
7,1627,1,False,0,2025-02-26,2,0.0,0.13,0.2,2,26,0,0,1,2.142857142857143,0.0
7,2070,1,False,0,2025-02-26,0,0.0,0.25,0.27,2,26,0,0,1,2.142857142857143,0.0
7,2549,1,False,0,2025-02-26,3,0.0,0.22,0.28,2,26,0,0,1,1.5714285714285714,0.0
7,2611,1,False,0,2025-02-26,4,0.0,0.12,0.16,2,26,0,0,1,1.7142857142857142,0.0
7,2665,1,False,0,2025-02-26,2,0.0,0.32,0.39,2,26,0,0,1,1.8571428571428572,0.0
7,2808,1,False,0,2025-02-26,1,0.0,0.1,0.12,2,26,0,0,1,2.142857142857143,0.0
7,3006,1,False,0,2025-02-26,1,0.0,0.14,0.17,2,26,0,0,1,2.0,0.0
7,3163,1,False,0,2025-02-26,1,0.0,0.04,0.05,2,26,0,0,1,1.8571428571428572,0.0
7,3643,1,False,0,2025-02-26,1,0.0,0.12,0.15,2,26,0,0,1,1.7142857142857142,0.0
7,3718,1,False,0,2025-02-26,2,0.0,0.18,0.22,2,26,0,0,1,1.8571428571428572,0.0
7,3983,1,False,0,2025-02-26,2,0.0,0.16,0.2,2,26,0,0,1,1.7142857142857142,0.0
7,4535,1,False,0,2025-02-26,3,0.0,0.44,0.53,2,26,0,0,1,1.4285714285714286,0.0
7,4601,1,False,0,2025-02-26,4,0.0,0.01,0.03,2,26,0,0,1,1.5714285714285714,0.0
7,4606,1,False,0,2025-02-26,2,0.0,0.13,0.17,2,26,0,0,1,2.0,0.0
7,4651,1,False,0,2025-02-26,0,0.0,0.12,0.14,2,26,0,0,1,2.142857142857143,0.0
7,4920,1,False,0,2025-02-26,1,0.0,0.17,0.2,2,26,0,0,1,2.0,0.0
7,208,2,False,0,2025-02-26,5,0.0,0.07,0.13,2,26,0,0,1,2.0,0.0
7,2165,2,False,0,2025-02-26,16,0.0,0.02,0.24,2,26,0,0,1,2.4285714285714284,0.0
7,2251,2,False,0,2025-02-26,0,0.0,0.17,0.37,2,26,0,0,1,4.428571428571429,0.0
7,28,3,True,0,2025-02-26,0,0.0,0.24,0.32,2,26,0,0,1,4.0,0.0
7,35,3,True,0,2025-02-26,2,0.0,0.11,0.14,2,26,0,0,1,3.4285714285714284,0.0
7,46,3,True,0,2025-02-26,0,1.0,0.25,0.32,2,26,0,0,1,3.4285714285714284,0.0
7,78,3,True,0,2025-02-26,0,0.0,0.11,0.12,2,26,0,0,1,3.4285714285714284,0.0
7,79,3,True,0,2025-02-26,0,0.0,0.24,0.31,2,26,0,0,1,3.2857142857142856,0.0
7,84,3,True,0,2025-02-26,0,0.0,0.22,0.29,2,26,0,0,1,2.5714285714285716,0.0
7,92,3,True,0,2025-02-26,0,0.0,0.11,0.29,2,26,0,0,1,0.2857142857142857,0.0
7,93,3,True,0,2025-02-26,0,0.0,0.15,0.22,2,26,0,0,1,0.2857142857142857,0.0
7,97,3,True,0,2025-02-26,0,0.0,0.16,0.22,2,26,0,0,1,0.2857142857142857,0.0
7,101,3,True,0,2025-02-26,0,0.0,0.25,0.35,2,26,0,0,1,0.0,0.0
7,105,3,True,0,2025-02-26,0,0.0,0.31,0.4,2,26,0,0,1,0.0,0.0
7,108,3,True,0,2025-02-26,1,0.0,0.53,0.68,2,26,0,0,1,0.0,0.0
7,117,3,True,0,2025-02-26,0,0.0,0.12,0.15,2,26,0,0,1,0.14285714285714285,0.0
7,127,3,True,0,2025-02-26,0,0.0,0.18,0.22,2,26,0,0,1,0.14285714285714285,0.0
7,133,3,True,0,2025-02-26,0,0.0,0.18,0.2,2,26,0,0,1,0.14285714285714285,0.0
7,143,3,True,0,2025-02-26,0,0.0,0.19,0.24,2,26,0,0,1,0.14285714285714285,0.0
7,153,3,True,0,2025-02-26,0,0.0,0.25,0.35,2,26,0,0,1,0.14285714285714285,0.0
7,181,3,True,0,2025-02-26,0,0.0,0.16,0.22,2,26,0,0,1,0.14285714285714285,0.0
7,183,3,True,0,2025-02-26,0,0.0,0.22,0.26,2,26,0,0,1,0.14285714285714285,0.0
7,186,3,True,0,2025-02-26,0,0.0,0.24,0.29,2,26,0,0,1,0.0,0.0
7,195,3,True,0,2025-02-26,1,0.0,0.05,0.09,2,26,0,0,1,0.0,0.0
7,197,3,True,0,2025-02-26,0,0.0,0.08,0.1,2,26,0,0,1,0.14285714285714285,0.0
7,204,3,True,0,2025-02-26,2,0.0,0.47,0.54,2,26,0,0,1,0.14285714285714285,0.0
7,214,3,True,0,2025-02-26,0,0.0,0.24,0.37,2,26,0,0,1,0.42857142857142855,0.0
7,219,3,True,0,2025-02-26,2,0.0,0.08,0.13,2,26,0,0,1,0.42857142857142855,0.0
7,220,3,True,0,2025-02-26,4,0.0,0.09,0.12,2,26,0,0,1,0.7142857142857143,0.0
7,223,3,True,0,2025-02-26,0,0.0,0.01,0.01,2,26,0,0,1,1.2857142857142858,0.0
7,227,3,True,0,2025-02-26,0,0.0,0.04,0.05,2,26,0,0,1,1.2857142857142858,0.0
7,232,3,True,0,2025-02-26,0,0.0,0.21,0.26,2,26,0,0,1,1.1428571428571428,0.0
7,236,3,True,0,2025-02-26,2,0.0,0.09,0.1,2,26,0,0,1,1.1428571428571428,0.0
7,241,3,True,0,2025-02-26,0,0.0,0.06,0.08,2,26,0,0,1,1.1428571428571428,0.0
7,242,3,True,0,2025-02-26,0,0.0,0.13,0.24,2,26,0,0,1,1.1428571428571428,0.0
7,245,3,True,0,2025-02-26,0,0.0,0.12,0.22,2,26,0,0,1,0.8571428571428571,0.0
7,247,3,True,0,2025-02-26,2,0.0,0.15,0.22,2,26,0,0,1,0.2857142857142857,0.0
7,254,3,True,0,2025-02-26,0,0.0,0.31,0.48,2,26,0,0,1,0.5714285714285714,0.0
7,263,3,True,0,2025-02-26,0,0.0,0.33,0.4,2,26,0,0,1,0.5714285714285714,0.0
7,273,3,True,0,2025-02-26,0,0.0,0.11,0.12,2,26,0,0,1,0.5714285714285714,0.0
7,274,3,True,0,2025-02-26,0,0.0,0.3,0.36,2,26,0,0,1,0.2857142857142857,0.0
7,279,3,True,0,2025-02-26,0,0.0,0.15,0.19,2,26,0,0,1,0.2857142857142857,0.0
7,285,3,True,0,2025-02-26,0,0.0,0.3,0.47,2,26,0,0,1,0.2857142857142857,0.0
7,293,3,True,0,2025-02-26,0,0.0,0.07,0.09,2,26,0,0,1,0.2857142857142857,0.0
7,295,3,True,0,2025-02-26,0,0.0,0.09,0.12,2,26,0,0,1,0.0,0.0
7,299,3,True,0,2025-02-26,0,0.0,0.31,0.47,2,26,0,0,1,0.0,0.0
7,300,3,True,0,2025-02-26,0,0.0,0.16,0.17,2,26,0,0,1,0.0,0.0
7,310,3,True,0,2025-02-26,0,0.0,0.14,0.16,2,26,0,0,1,0.0,0.0
7,332,3,True,0,2025-02-26,0,0.0,0.23,0.31,2,26,0,0,1,0.0,0.0
7,343,3,True,0,2025-02-26,0,0.0,0.03,0.04,2,26,0,0,1,0.0,0.0
7,353,3,True,0,2025-02-26,0,0.0,0.18,0.2,2,26,0,0,1,0.0,0.0
7,369,3,True,0,2025-02-26,0,0.0,0.16,0.18,2,26,0,0,1,0.0,0.0
7,373,3,True,0,2025-02-26,1,0.0,0.02,0.03,2,26,0,0,1,0.0,0.0
7,376,3,True,0,2025-02-26,0,1.0,0.6,0.64,2,26,0,0,1,0.14285714285714285,0.0
7,397,3,True,0,2025-02-26,0,0.0,0.09,0.11,2,26,0,0,1,0.14285714285714285,0.0
7,401,3,True,0,2025-02-26,0,0.0,0.11,0.16,2,26,0,0,1,0.14285714285714285,0.0
7,406,3,True,0,2025-02-26,0,0.0,0.39,0.46,2,26,0,0,1,0.14285714285714285,0.0
7,412,3,True,0,2025-02-26,0,0.0,0.25,0.29,2,26,0,0,1,0.14285714285714285,0.0
7,413,3,True,0,2025-02-26,2,0.0,0.04,0.04,2,26,0,0,1,0.14285714285714285,0.0
7,420,3,True,0,2025-02-26,0,0.0,0.29,0.45,2,26,0,0,1,0.42857142857142855,0.0
7,421,3,True,0,2025-02-26,0,0.0,0.18,0.28,2,26,0,0,1,0.2857142857142857,0.0
7,437,3,True,0,2025-02-26,0,0.0,0.09,0.14,2,26,0,0,1,0.2857142857142857,0.0
7,439,3,True,0,2025-02-26,0,0.0,0.07,0.13,2,26,0,0,1,0.2857142857142857,0.0
7,448,3,True,0,2025-02-26,0,1.0,0.14,0.19,2,26,0,0,1,0.2857142857142857,0.0
7,460,3,True,0,2025-02-26,0,0.0,0.18,0.19,2,26,0,0,1,0.2857142857142857,0.0
7,471,3,True,0,2025-02-26,0,0.0,0.1,0.14,2,26,0,0,1,0.2857142857142857,0.0
7,475,3,True,0,2025-02-26,0,0.0,0.26,0.32,2,26,0,0,1,0.0,0.0
7,476,3,True,0,2025-02-26,0,0.0,0.25,0.31,2,26,0,0,1,0.0,0.0
7,480,3,True,0,2025-02-26,0,0.0,0.09,0.1,2,26,0,0,1,0.0,0.0
7,490,3,True,0,2025-02-26,0,0.0,0.15,0.18,2,26,0,0,1,0.0,0.0
7,499,3,True,0,2025-02-26,0,0.0,0.08,0.12,2,26,0,0,1,0.0,0.0
7,502,3,True,0,2025-02-26,1,0.0,0.14,0.16,2,26,0,0,1,0.0,0.0
7,525,3,True,0,2025-02-26,1,0.0,0.3,0.38,2,26,0,0,1,0.14285714285714285,0.0
7,534,3,True,0,2025-02-26,0,0.0,0.22,0.29,2,26,0,0,1,0.2857142857142857,0.0
7,535,3,True,0,2025-02-26,1,0.0,0.12,0.12,2,26,0,0,1,0.2857142857142857,0.0
7,540,3,True,0,2025-02-26,0,0.0,0.05,0.07,2,26,0,0,1,0.42857142857142855,0.0
7,545,3,True,0,2025-02-26,0,0.0,0.26,0.3,2,26,0,0,1,0.42857142857142855,0.0
7,548,3,True,0,2025-02-26,0,0.0,0.37,0.46,2,26,0,0,1,0.42857142857142855,0.0
7,555,3,True,0,2025-02-26,0,0.0,0.48,0.47,2,26,0,0,1,0.42857142857142855,0.0
7,580,3,True,0,2025-02-26,4,0.0,0.16,0.2,2,26,0,0,1,0.2857142857142857,0.0
7,583,3,True,0,2025-02-26,0,0.0,0.61,0.83,2,26,0,0,1,0.7142857142857143,0.0
7,592,3,True,0,2025-02-26,0,0.0,0.21,0.31,2,26,0,0,1,0.7142857142857143,0.0
7,596,3,True,0,2025-02-26,0,0.0,0.16,0.2,2,26,0,0,1,0.5714285714285714,0.0
7,607,3,True,0,2025-02-26,0,0.0,0.48,0.56,2,26,0,0,1,0.5714285714285714,0.0
7,609,3,True,0,2025-02-26,0,0.0,0.08,0.11,2,26,0,0,1,0.5714285714285714,0.0
7,611,3,True,0,2025-02-26,0,0.0,0.15,0.17,2,26,0,0,1,0.5714285714285714,0.0
7,631,3,True,0,2025-02-26,0,0.0,0.07,0.08,2,26,0,0,1,0.5714285714285714,0.0
7,634,3,True,0,2025-02-26,0,0.0,0.34,0.38,2,26,0,0,1,0.0,0.0
7,637,3,True,0,2025-02-26,0,0.0,0.16,0.16,2,26,0,0,1,0.0,0.0
7,640,3,True,0,2025-02-26,0,0.0,0.09,0.09,2,26,0,0,1,0.0,0.0
7,651,3,True,0,2025-02-26,0,0.0,0.06,0.08,2,26,0,0,1,0.0,0.0
7,655,3,True,0,2025-02-26,0,0.0,0.09,0.12,2,26,0,0,1,0.0,0.0
7,659,3,True,0,2025-02-26,2,1.0,0.23,0.26,2,26,0,0,1,0.0,0.0
7,661,3,True,0,2025-02-26,0,0.0,0.06,0.08,2,26,0,0,1,0.2857142857142857,0.0
7,671,3,True,0,2025-02-26,0,0.0,0.21,0.22,2,26,0,0,1,0.2857142857142857,0.0
7,683,3,True,0,2025-02-26,0,0.0,0.19,0.23,2,26,0,0,1,0.2857142857142857,0.0
7,684,3,True,0,2025-02-26,0,0.0,0.08,0.12,2,26,0,0,1,0.2857142857142857,0.0
7,685,3,True,0,2025-02-26,0,0.0,0.16,0.2,2,26,0,0,1,0.2857142857142857,0.0
7,690,3,True,0,2025-02-26,2,0.0,0.01,0.02,2,26,0,0,1,0.2857142857142857,0.0
7,702,3,True,0,2025-02-26,0,0.0,0.1,0.12,2,26,0,0,1,0.5714285714285714,0.0
7,706,3,True,0,2025-02-26,0,0.0,0.21,0.25,2,26,0,0,1,0.2857142857142857,0.0
7,710,3,True,0,2025-02-26,0,0.0,0.09,0.11,2,26,0,0,1,0.2857142857142857,0.0
7,711,3,True,0,2025-02-26,0,0.0,0.04,0.05,2,26,0,0,1,0.2857142857142857,0.0
7,719,3,True,0,2025-02-26,0,0.0,0.15,0.17,2,26,0,0,1,0.2857142857142857,0.0
7,720,3,True,0,2025-02-26,0,0.0,0.11,0.15,2,26,0,0,1,0.2857142857142857,0.0
7,729,3,True,0,2025-02-26,2,0.0,0.12,0.15,2,26,0,0,1,0.2857142857142857,0.0
7,740,3,True,0,2025-02-26,0,0.0,0.12,0.16,2,26,0,0,1,0.2857142857142857,0.0
7,744,3,True,0,2025-02-26,0,0.0,0.07,0.1,2,26,0,0,1,0.2857142857142857,0.0
7,753,3,True,0,2025-02-26,5,0.0,0.04,0.06,2,26,0,0,1,0.2857142857142857,0.0
7,759,3,True,0,2025-02-26,0,0.0,0.46,0.4,2,26,0,0,1,1.0,0.0
7,785,3,True,0,2025-02-26,0,0.0,0.06,0.07,2,26,0,0,1,1.0,0.0
7,787,3,True,0,2025-02-26,0,0.0,0.23,0.31,2,26,0,0,1,1.0,0.0
7,795,3,True,0,2025-02-26,0,0.0,0.11,0.15,2,26,0,0,1,1.0,0.0
7,796,3,True,0,2025-02-26,0,0.0,0.13,0.15,2,26,0,0,1,0.7142857142857143,0.0
7,799,3,True,0,2025-02-26,0,0.0,0.28,0.35,2,26,0,0,1,0.7142857142857143,0.0
7,803,3,True,0,2025-02-26,0,0.0,0.13,0.17,2,26,0,0,1,0.7142857142857143,0.0
7,809,3,True,0,2025-02-26,0,0.0,0.54,0.62,2,26,0,0,1,0.0,0.0
7,815,3,True,0,2025-02-26,0,0.0,0.34,0.65,2,26,0,0,1,0.0,0.0
7,829,3,True,0,2025-02-26,0,0.0,0.57,0.84,2,26,0,0,1,0.0,0.0
7,830,3,True,0,2025-02-26,0,0.0,0.12,0.15,2,26,0,0,1,0.0,0.0
7,844,3,True,0,2025-02-26,0,0.0,0.12,0.16,2,26,0,0,1,0.0,0.0
7,859,3,True,0,2025-02-26,0,0.0,0.03,0.09,2,26,0,0,1,0.0,0.0
7,867,3,True,0,2025-02-26,0,0.0,0.11,0.22,2,26,0,0,1,0.0,0.0
7,885,3,True,0,2025-02-26,0,0.0,0.34,0.42,2,26,0,0,1,0.0,0.0
7,886,3,True,0,2025-02-26,0,0.0,0.17,0.2,2,26,0,0,1,0.0,0.0
7,889,3,True,0,2025-02-26,0,0.0,0.07,0.09,2,26,0,0,1,0.0,0.0
7,894,3,True,0,2025-02-26,0,0.0,0.09,0.11,2,26,0,0,1,0.0,0.0
7,899,3,True,0,2025-02-26,0,0.0,0.07,0.1,2,26,0,0,1,0.0,0.0
7,900,3,True,0,2025-02-26,0,0.0,0.32,0.37,2,26,0,0,1,0.0,0.0
7,916,3,True,0,2025-02-26,0,0.0,0.43,0.64,2,26,0,0,1,0.0,0.0
7,924,3,True,0,2025-02-26,0,0.0,0.06,0.08,2,26,0,0,1,0.0,0.0
7,930,3,True,0,2025-02-26,0,0.0,0.02,0.03,2,26,0,0,1,0.0,0.0
7,933,3,True,0,2025-02-26,0,0.0,0.53,0.67,2,26,0,0,1,0.0,0.0
7,939,3,True,0,2025-02-26,0,0.0,0.51,0.52,2,26,0,0,1,0.0,0.0
7,959,3,True,0,2025-02-26,0,0.0,0.07,0.08,2,26,0,0,1,0.0,0.0
7,970,3,True,0,2025-02-26,1,0.0,0.05,0.07,2,26,0,0,1,0.0,0.0
7,984,3,True,0,2025-02-26,0,0.0,0.2,0.25,2,26,0,0,1,0.14285714285714285,0.0
7,985,3,True,0,2025-02-26,0,0.0,0.46,0.62,2,26,0,0,1,0.14285714285714285,0.0
7,990,3,True,0,2025-02-26,0,0.0,0.05,0.08,2,26,0,0,1,0.14285714285714285,0.0
7,1002,3,True,0,2025-02-26,0,0.0,0.17,0.21,2,26,0,0,1,0.14285714285714285,0.0
7,1012,3,True,0,2025-02-26,0,0.0,0.2,0.24,2,26,0,0,1,0.14285714285714285,0.0
7,1015,3,True,0,2025-02-26,0,0.0,0.26,0.29,2,26,0,0,1,0.14285714285714285,0.0
7,1025,3,True,0,2025-02-26,0,0.0,0.06,0.1,2,26,0,0,1,0.14285714285714285,0.0
7,1026,3,True,0,2025-02-26,1,0.0,0.06,0.07,2,26,0,0,1,0.0,0.0
7,1038,3,True,0,2025-02-26,0,0.0,0.11,0.14,2,26,0,0,1,0.14285714285714285,0.0
7,1042,3,True,0,2025-02-26,0,0.0,0.16,0.2,2,26,0,0,1,0.14285714285714285,0.0
7,1049,3,True,0,2025-02-26,0,0.0,0.13,0.18,2,26,0,0,1,0.14285714285714285,0.0
7,1059,3,True,0,2025-02-26,0,0.0,0.19,0.24,2,26,0,0,1,0.14285714285714285,0.0
7,1061,3,True,0,2025-02-26,0,0.0,0.1,0.12,2,26,0,0,1,0.14285714285714285,0.0
7,1068,3,True,0,2025-02-26,0,0.0,0.17,0.24,2,26,0,0,1,0.14285714285714285,0.0
7,1083,3,True,0,2025-02-26,0,0.0,0.16,0.19,2,26,0,0,1,0.14285714285714285,0.0
7,1093,3,True,0,2025-02-26,0,0.0,0.12,0.17,2,26,0,0,1,0.0,0.0
7,1098,3,True,0,2025-02-26,0,0.0,0.23,0.3,2,26,0,0,1,0.0,0.0
7,1100,3,True,0,2025-02-26,0,0.0,0.05,0.07,2,26,0,0,1,0.0,0.0
7,1114,3,True,0,2025-02-26,0,0.0,0.1,0.15,2,26,0,0,1,0.0,0.0
7,1131,3,True,0,2025-02-26,0,0.0,0.06,0.09,2,26,0,0,1,0.0,0.0
7,1154,3,True,0,2025-02-26,0,0.0,0.08,0.11,2,26,0,0,1,0.0,0.0
7,1156,3,True,0,2025-02-26,3,0.0,0.12,0.12,2,26,0,0,1,0.0,0.0
7,1159,3,True,0,2025-02-26,0,0.0,0.17,0.15,2,26,0,0,1,0.42857142857142855,0.0
7,1160,3,True,0,2025-02-26,0,0.0,0.21,0.24,2,26,0,0,1,0.42857142857142855,0.0
7,1197,3,True,0,2025-02-26,2,0.0,0.17,0.19,2,26,0,0,1,0.42857142857142855,0.0
7,1201,3,True,0,2025-02-26,0,0.0,0.27,0.42,2,26,0,0,1,0.7142857142857143,0.0
7,1205,3,True,0,2025-02-26,0,0.0,0.09,0.1,2,26,0,0,1,0.7142857142857143,0.0
7,1206,3,True,0,2025-02-26,0,0.0,0.11,0.16,2,26,0,0,1,0.7142857142857143,0.0
7,1213,3,True,0,2025-02-26,0,0.0,0.06,0.08,2,26,0,0,1,0.7142857142857143,0.0
7,1214,3,True,0,2025-02-26,0,0.0,0.15,0.18,2,26,0,0,1,0.2857142857142857,0.0
7,1217,3,True,0,2025-02-26,0,0.0,0.1,0.21,2,26,0,0,1,0.2857142857142857,0.0
7,1226,3,True,0,2025-02-26,0,0.0,0.18,0.21,2,26,0,0,1,0.2857142857142857,0.0
7,1227,3,True,0,2025-02-26,0,0.0,0.13,0.17,2,26,0,0,1,0.0,0.0
7,1231,3,True,0,2025-02-26,0,0.0,0.18,0.21,2,26,0,0,1,0.0,0.0
7,1232,3,True,0,2025-02-26,0,0.0,0.09,0.09,2,26,0,0,1,0.0,0.0
7,1236,3,True,0,2025-02-26,0,0.0,0.23,0.29,2,26,0,0,1,0.0,0.0
7,1237,3,True,0,2025-02-26,0,0.0,0.11,0.18,2,26,0,0,1,0.0,0.0
7,1240,3,True,0,2025-02-26,0,0.0,0.2,0.28,2,26,0,0,1,0.0,0.0
7,1242,3,True,0,2025-02-26,0,0.0,0.11,0.13,2,26,0,0,1,0.0,0.0
7,1259,3,True,0,2025-02-26,0,0.0,0.15,0.18,2,26,0,0,1,0.0,0.0
7,1271,3,True,0,2025-02-26,0,0.0,0.14,0.15,2,26,0,0,1,0.0,0.0
7,1286,3,True,0,2025-02-26,0,0.0,0.04,0.04,2,26,0,0,1,0.0,0.0
7,1297,3,True,0,2025-02-26,0,0.0,0.4,0.56,2,26,0,0,1,0.0,0.0
7,1312,3,True,0,2025-02-26,0,0.0,0.38,0.51,2,26,0,0,1,0.0,0.0
7,1319,3,True,0,2025-02-26,0,0.0,0.31,0.43,2,26,0,0,1,0.0,0.0
7,1330,3,True,0,2025-02-26,0,0.0,0.47,0.62,2,26,0,0,1,0.0,0.0
7,1349,3,True,0,2025-02-26,0,0.0,0.09,0.15,2,26,0,0,1,0.0,0.0
7,1361,3,True,0,2025-02-26,0,0.0,0.19,0.24,2,26,0,0,1,0.0,0.0
7,1370,3,True,0,2025-02-26,0,0.0,0.06,0.09,2,26,0,0,1,0.0,0.0
7,1374,3,True,0,2025-02-26,0,0.0,0.26,0.36,2,26,0,0,1,0.0,0.0
7,1378,3,True,0,2025-02-26,0,0.0,0.13,0.16,2,26,0,0,1,0.0,0.0
7,1386,3,True,0,2025-02-26,0,0.0,0.12,0.1,2,26,0,0,1,0.0,0.0
7,1398,3,True,0,2025-02-26,0,0.0,0.08,0.11,2,26,0,0,1,0.0,0.0
7,1399,3,True,0,2025-02-26,10,0.0,0.01,0.02,2,26,0,0,1,0.0,0.0
7,1411,3,True,0,2025-02-26,0,0.0,0.24,0.33,2,26,0,0,1,1.4285714285714286,0.0
7,1440,3,True,0,2025-02-26,0,0.0,0.05,0.06,2,26,0,0,1,1.4285714285714286,0.0
7,1443,3,True,0,2025-02-26,0,0.0,0.14,0.17,2,26,0,0,1,1.4285714285714286,0.0
7,1455,3,True,0,2025-02-26,0,0.0,0.05,0.08,2,26,0,0,1,1.4285714285714286,0.0
7,1462,3,True,0,2025-02-26,0,0.0,0.32,0.42,2,26,0,0,1,1.4285714285714286,0.0
7,1472,3,True,0,2025-02-26,0,1.0,0.09,0.12,2,26,0,0,1,1.4285714285714286,0.0
7,1477,3,True,0,2025-02-26,1,0.0,0.1,0.13,2,26,0,0,1,1.4285714285714286,0.0
7,1478,3,True,0,2025-02-26,1,0.0,0.05,0.05,2,26,0,0,1,0.14285714285714285,0.0
7,1491,3,True,0,2025-02-26,0,0.0,0.24,0.3,2,26,0,0,1,0.2857142857142857,0.0
7,1499,3,True,0,2025-02-26,1,0.0,0.1,0.16,2,26,0,0,1,0.2857142857142857,0.0
7,1507,3,True,0,2025-02-26,0,0.0,0.09,0.1,2,26,0,0,1,0.42857142857142855,0.0
7,1508,3,True,0,2025-02-26,0,0.0,0.11,0.12,2,26,0,0,1,0.42857142857142855,0.0
7,1513,3,True,0,2025-02-26,0,0.0,0.12,0.16,2,26,0,0,1,0.42857142857142855,0.0
7,1523,3,True,0,2025-02-26,0,0.0,0.05,0.08,2,26,0,0,1,0.42857142857142855,0.0
7,1536,3,True,0,2025-02-26,1,0.0,0.1,0.15,2,26,0,0,1,0.2857142857142857,0.0
7,1545,3,True,0,2025-02-26,0,0.0,0.15,0.19,2,26,0,0,1,0.2857142857142857,0.0
7,1550,3,True,0,2025-02-26,0,0.0,0.28,0.33,2,26,0,0,1,0.2857142857142857,0.0
7,1557,3,True,0,2025-02-26,0,0.0,0.12,0.16,2,26,0,0,1,0.14285714285714285,0.0
7,1561,3,True,0,2025-02-26,0,0.0,0.37,0.45,2,26,0,0,1,0.14285714285714285,0.0
7,1566,3,True,0,2025-02-26,0,0.0,0.16,0.21,2,26,0,0,1,0.14285714285714285,0.0
7,1579,3,True,0,2025-02-26,0,0.0,0.07,0.1,2,26,0,0,1,0.14285714285714285,0.0
7,1582,3,True,0,2025-02-26,0,0.0,0.16,0.2,2,26,0,0,1,0.14285714285714285,0.0
7,1585,3,True,0,2025-02-26,0,0.0,0.45,0.6,2,26,0,0,1,0.0,0.0
7,1587,3,True,0,2025-02-26,0,0.0,0.05,0.05,2,26,0,0,1,0.0,0.0
7,1605,3,True,0,2025-02-26,0,0.0,0.07,0.09,2,26,0,0,1,0.0,0.0
7,1609,3,True,0,2025-02-26,0,0.0,0.18,0.21,2,26,0,0,1,0.0,0.0
7,1632,3,True,0,2025-02-26,0,0.0,0.12,0.2,2,26,0,0,1,0.0,0.0
7,1638,3,True,0,2025-02-26,0,0.0,0.25,0.34,2,26,0,0,1,0.0,0.0
7,1640,3,True,0,2025-02-26,0,0.0,0.2,0.27,2,26,0,0,1,0.0,0.0
7,1641,3,True,0,2025-02-26,0,0.0,0.08,0.16,2,26,0,0,1,0.0,0.0
7,1649,3,True,0,2025-02-26,0,0.0,0.28,0.38,2,26,0,0,1,0.0,0.0
7,1680,3,True,0,2025-02-26,0,0.0,0.21,0.25,2,26,0,0,1,0.0,0.0
7,1681,3,True,0,2025-02-26,0,0.0,0.05,0.07,2,26,0,0,1,0.0,0.0
7,1682,3,True,0,2025-02-26,0,0.0,0.38,0.54,2,26,0,0,1,0.0,0.0
7,1683,3,True,0,2025-02-26,0,0.0,0.07,0.09,2,26,0,0,1,0.0,0.0
7,1700,3,True,0,2025-02-26,0,0.0,0.25,0.37,2,26,0,0,1,0.0,0.0
7,1708,3,True,0,2025-02-26,0,0.0,0.42,0.44,2,26,0,0,1,0.0,0.0
7,1709,3,True,0,2025-02-26,0,0.0,0.08,0.1,2,26,0,0,1,0.0,0.0
7,1714,3,True,0,2025-02-26,0,0.0,0.29,0.36,2,26,0,0,1,0.0,0.0
7,1718,3,True,0,2025-02-26,0,0.0,0.36,0.39,2,26,0,0,1,0.0,0.0
7,1737,3,True,0,2025-02-26,0,0.0,0.12,0.21,2,26,0,0,1,0.0,0.0
7,1751,3,True,0,2025-02-26,0,0.0,0.16,0.2,2,26,0,0,1,0.0,0.0
7,1753,3,True,0,2025-02-26,0,0.0,0.2,0.24,2,26,0,0,1,0.0,0.0
7,1754,3,True,0,2025-02-26,2,0.0,0.03,0.05,2,26,0,0,1,0.0,0.0
7,1769,3,True,0,2025-02-26,0,0.0,0.13,0.15,2,26,0,0,1,0.2857142857142857,0.0
7,1779,3,True,0,2025-02-26,0,0.0,0.04,0.06,2,26,0,0,1,0.2857142857142857,0.0
7,1786,3,True,0,2025-02-26,0,0.0,0.2,0.24,2,26,0,0,1,0.2857142857142857,0.0
7,1788,3,True,0,2025-02-26,0,0.0,0.36,0.43,2,26,0,0,1,0.2857142857142857,0.0
7,1808,3,True,0,2025-02-26,0,0.0,0.25,0.29,2,26,0,0,1,0.2857142857142857,0.0
7,1812,3,True,0,2025-02-26,0,0.0,0.33,0.44,2,26,0,0,1,0.2857142857142857,0.0
7,1817,3,True,0,2025-02-26,1,0.0,0.19,0.29,2,26,0,0,1,0.2857142857142857,0.0
7,1823,3,True,0,2025-02-26,0,0.0,0.13,0.17,2,26,0,0,1,0.14285714285714285,0.0
7,1831,3,True,0,2025-02-26,0,0.0,0.1,0.12,2,26,0,0,1,0.14285714285714285,0.0
7,1862,3,True,0,2025-02-26,0,0.0,0.11,0.15,2,26,0,0,1,0.14285714285714285,0.0
7,1867,3,True,0,2025-02-26,0,0.0,0.54,0.72,2,26,0,0,1,0.14285714285714285,0.0
7,1888,3,True,0,2025-02-26,0,0.0,0.25,0.32,2,26,0,0,1,0.14285714285714285,0.0
7,1891,3,True,0,2025-02-26,0,0.0,0.45,0.55,2,26,0,0,1,0.14285714285714285,0.0
7,1913,3,True,0,2025-02-26,0,0.0,0.03,0.04,2,26,0,0,1,0.14285714285714285,0.0
7,1914,3,True,0,2025-02-26,0,0.0,0.15,0.21,2,26,0,0,1,0.0,0.0
7,1927,3,True,0,2025-02-26,0,0.0,0.3,0.34,2,26,0,0,1,0.0,0.0
7,1931,3,True,0,2025-02-26,0,0.0,0.67,0.81,2,26,0,0,1,0.0,0.0
7,1943,3,True,0,2025-02-26,0,0.0,0.22,0.24,2,26,0,0,1,0.0,0.0
7,1952,3,True,0,2025-02-26,0,0.0,0.07,0.09,2,26,0,0,1,0.0,0.0
7,1964,3,True,0,2025-02-26,3,0.0,0.2,0.24,2,26,0,0,1,0.0,0.0
7,1974,3,True,0,2025-02-26,0,0.0,0.44,0.47,2,26,0,0,1,0.42857142857142855,0.0
7,1989,3,True,0,2025-02-26,0,0.0,0.15,0.19,2,26,0,0,1,0.42857142857142855,0.0
7,1990,3,True,0,2025-02-26,0,0.0,0.23,0.31,2,26,0,0,1,0.42857142857142855,0.0
7,1993,3,True,0,2025-02-26,0,0.0,0.12,0.15,2,26,0,0,1,0.42857142857142855,0.0
7,2004,3,True,0,2025-02-26,0,0.0,0.21,0.29,2,26,0,0,1,0.42857142857142855,0.0
7,2026,3,True,0,2025-02-26,0,0.0,0.23,0.32,2,26,0,0,1,0.42857142857142855,0.0
7,2049,3,True,0,2025-02-26,0,0.0,0.06,0.09,2,26,0,0,1,0.42857142857142855,0.0
7,2054,3,True,0,2025-02-26,0,0.0,0.22,0.39,2,26,0,0,1,0.0,0.0
7,2075,3,True,0,2025-02-26,0,0.0,0.18,0.24,2,26,0,0,1,0.0,0.0
7,2079,3,True,0,2025-02-26,0,0.0,0.11,0.13,2,26,0,0,1,0.0,0.0
7,2080,3,True,0,2025-02-26,0,0.0,0.14,0.15,2,26,0,0,1,0.0,0.0
7,2087,3,True,0,2025-02-26,0,0.0,0.36,0.54,2,26,0,0,1,0.0,0.0
7,2089,3,True,0,2025-02-26,0,0.0,0.12,0.15,2,26,0,0,1,0.0,0.0
7,2098,3,True,0,2025-02-26,0,0.0,0.35,0.44,2,26,0,0,1,0.0,0.0
7,2101,3,True,0,2025-02-26,0,0.0,0.14,0.19,2,26,0,0,1,0.0,0.0
7,2102,3,True,0,2025-02-26,0,0.0,0.12,0.13,2,26,0,0,1,0.0,0.0
7,2112,3,True,0,2025-02-26,0,0.0,0.23,0.27,2,26,0,0,1,0.0,0.0
7,2113,3,True,0,2025-02-26,0,0.0,0.19,0.28,2,26,0,0,1,0.0,0.0
7,2118,3,True,0,2025-02-26,0,0.0,0.29,0.43,2,26,0,0,1,0.0,0.0
7,2122,3,True,0,2025-02-26,0,0.0,0.65,0.8,2,26,0,0,1,0.0,0.0
7,2123,3,True,0,2025-02-26,0,0.0,0.08,0.1,2,26,0,0,1,0.0,0.0
7,2128,3,True,0,2025-02-26,0,0.0,0.17,0.21,2,26,0,0,1,0.0,0.0
7,2130,3,True,0,2025-02-26,0,0.0,0.16,0.19,2,26,0,0,1,0.0,0.0
7,2143,3,True,0,2025-02-26,0,0.0,0.1,0.12,2,26,0,0,1,0.0,0.0
7,2147,3,True,0,2025-02-26,0,0.0,0.15,0.18,2,26,0,0,1,0.0,0.0
7,2158,3,True,0,2025-02-26,0,0.0,0.27,0.28,2,26,0,0,1,0.0,0.0
7,2166,3,True,0,2025-02-26,0,0.0,0.21,0.26,2,26,0,0,1,0.0,0.0
7,2176,3,True,0,2025-02-26,0,0.0,0.11,0.14,2,26,0,0,1,0.0,0.0
7,2178,3,True,0,2025-02-26,0,0.0,0.19,0.21,2,26,0,0,1,0.0,0.0
7,2200,3,True,0,2025-02-26,0,0.0,0.13,0.16,2,26,0,0,1,0.0,0.0
7,2211,3,True,0,2025-02-26,2,0.0,0.05,0.06,2,26,0,0,1,0.0,0.0
7,2222,3,True,0,2025-02-26,0,0.0,0.33,0.49,2,26,0,0,1,0.2857142857142857,0.0
7,2234,3,True,0,2025-02-26,0,0.0,0.33,0.32,2,26,0,0,1,0.2857142857142857,0.0
7,2246,3,True,0,2025-02-26,0,0.0,0.51,0.52,2,26,0,0,1,0.2857142857142857,0.0
7,2247,3,True,0,2025-02-26,0,0.0,0.71,0.73,2,26,0,0,1,0.2857142857142857,0.0
7,2261,3,True,0,2025-02-26,0,0.0,0.23,0.25,2,26,0,0,1,0.2857142857142857,0.0
7,2262,3,True,0,2025-02-26,0,0.0,0.06,0.13,2,26,0,0,1,0.2857142857142857,0.0
7,2264,3,True,0,2025-02-26,0,0.0,0.43,0.51,2,26,0,0,1,0.2857142857142857,0.0
7,2275,3,True,0,2025-02-26,0,0.0,0.08,0.1,2,26,0,0,1,0.0,0.0
7,2276,3,True,0,2025-02-26,0,0.0,0.49,0.63,2,26,0,0,1,0.0,0.0
7,2277,3,True,0,2025-02-26,0,0.0,0.18,0.23,2,26,0,0,1,0.0,0.0
7,2281,3,True,0,2025-02-26,0,0.0,0.08,0.1,2,26,0,0,1,0.0,0.0
7,2294,3,True,0,2025-02-26,1,0.0,0.12,0.17,2,26,0,0,1,0.0,0.0
7,2295,3,True,0,2025-02-26,0,0.0,0.35,0.39,2,26,0,0,1,0.14285714285714285,0.0
7,2296,3,True,0,2025-02-26,0,0.0,0.34,0.4,2,26,0,0,1,0.14285714285714285,0.0
7,2301,3,True,0,2025-02-26,0,0.0,0.21,0.28,2,26,0,0,1,0.14285714285714285,0.0
7,2321,3,True,0,2025-02-26,1,0.0,0.28,0.37,2,26,0,0,1,0.14285714285714285,0.0
7,2345,3,True,0,2025-02-26,0,0.0,0.16,0.2,2,26,0,0,1,0.2857142857142857,0.0
7,2367,3,True,0,2025-02-26,0,0.0,0.29,0.45,2,26,0,0,1,0.2857142857142857,0.0
7,2370,3,True,0,2025-02-26,0,0.0,0.06,0.09,2,26,0,0,1,0.2857142857142857,0.0
7,2372,3,True,0,2025-02-26,0,0.0,0.3,0.34,2,26,0,0,1,0.14285714285714285,0.0
7,2376,3,True,0,2025-02-26,0,0.0,0.14,0.19,2,26,0,0,1,0.14285714285714285,0.0
7,2382,3,True,0,2025-02-26,0,0.0,0.26,0.28,2,26,0,0,1,0.14285714285714285,0.0
7,2383,3,True,0,2025-02-26,0,0.0,0.11,0.14,2,26,0,0,1,0.14285714285714285,0.0
7,2384,3,True,0,2025-02-26,0,0.0,0.08,0.09,2,26,0,0,1,0.0,0.0
7,2395,3,True,0,2025-02-26,0,0.0,0.02,0.03,2,26,0,0,1,0.0,0.0
7,2416,3,True,0,2025-02-26,0,0.0,0.19,0.22,2,26,0,0,1,0.0,0.0
7,2429,3,True,0,2025-02-26,0,0.0,0.3,0.37,2,26,0,0,1,0.0,0.0
7,2433,3,True,0,2025-02-26,1,0.0,0.12,0.16,2,26,0,0,1,0.0,0.0
7,2440,3,True,0,2025-02-26,0,0.0,0.1,0.17,2,26,0,0,1,0.14285714285714285,0.0
7,2446,3,True,0,2025-02-26,0,0.0,0.2,0.27,2,26,0,0,1,0.14285714285714285,0.0
7,2447,3,True,0,2025-02-26,0,0.0,0.27,0.31,2,26,0,0,1,0.14285714285714285,0.0
7,2457,3,True,0,2025-02-26,0,0.0,0.11,0.15,2,26,0,0,1,0.14285714285714285,0.0
7,2467,3,True,0,2025-02-26,0,0.0,0.16,0.14,2,26,0,0,1,0.14285714285714285,0.0
7,2468,3,True,0,2025-02-26,1,0.0,0.46,0.42,2,26,0,0,1,0.14285714285714285,0.0
7,2477,3,True,0,2025-02-26,0,0.0,0.26,0.31,2,26,0,0,1,0.2857142857142857,0.0
7,2479,3,True,0,2025-02-26,0,0.0,0.04,0.05,2,26,0,0,1,0.14285714285714285,0.0
7,2485,3,True,0,2025-02-26,1,0.0,0.26,0.33,2,26,0,0,1,0.14285714285714285,0.0
7,2503,3,True,0,2025-02-26,0,0.0,0.04,0.06,2,26,0,0,1,0.2857142857142857,0.0
7,2536,3,True,0,2025-02-26,0,0.0,0.19,0.3,2,26,0,0,1,0.2857142857142857,0.0
7,2537,3,True,0,2025-02-26,0,0.0,0.16,0.2,2,26,0,0,1,0.2857142857142857,0.0
7,2565,3,True,0,2025-02-26,0,0.0,0.41,0.49,2,26,0,0,1,0.2857142857142857,0.0
7,2566,3,True,0,2025-02-26,0,0.0,0.33,0.38,2,26,0,0,1,0.14285714285714285,0.0
7,2574,3,True,0,2025-02-26,0,0.0,0.28,0.31,2,26,0,0,1,0.14285714285714285,0.0
7,2590,3,True,0,2025-02-26,0,0.0,0.07,0.1,2,26,0,0,1,0.14285714285714285,0.0
7,2591,3,True,0,2025-02-26,0,0.0,0.15,0.18,2,26,0,0,1,0.0,0.0
7,2598,3,True,0,2025-02-26,0,0.0,0.09,0.11,2,26,0,0,1,0.0,0.0
7,2601,3,True,0,2025-02-26,0,0.0,0.21,0.27,2,26,0,0,1,0.0,0.0
7,2609,3,True,0,2025-02-26,0,0.0,0.08,0.12,2,26,0,0,1,0.0,0.0
7,2625,3,True,0,2025-02-26,0,0.0,0.2,0.24,2,26,0,0,1,0.0,0.0
7,2627,3,True,0,2025-02-26,0,0.0,0.27,0.4,2,26,0,0,1,0.0,0.0
7,2646,3,True,0,2025-02-26,0,0.0,0.51,0.35,2,26,0,0,1,0.0,0.0
7,2654,3,True,0,2025-02-26,0,0.0,0.07,0.08,2,26,0,0,1,0.0,0.0
7,2669,3,True,0,2025-02-26,0,0.0,0.19,0.24,2,26,0,0,1,0.0,0.0
7,2677,3,True,0,2025-02-26,0,0.0,0.11,0.12,2,26,0,0,1,0.0,0.0
7,2683,3,True,0,2025-02-26,0,0.0,0.1,0.14,2,26,0,0,1,0.0,0.0
7,2692,3,True,0,2025-02-26,0,0.0,0.09,0.13,2,26,0,0,1,0.0,0.0
7,2693,3,True,0,2025-02-26,0,0.0,0.06,0.09,2,26,0,0,1,0.0,0.0
7,2695,3,True,0,2025-02-26,0,0.0,0.04,0.05,2,26,0,0,1,0.0,0.0
7,2697,3,True,0,2025-02-26,0,0.0,0.12,0.14,2,26,0,0,1,0.0,0.0
7,2714,3,True,0,2025-02-26,0,0.0,0.05,0.06,2,26,0,0,1,0.0,0.0
7,2716,3,True,0,2025-02-26,0,0.0,0.13,0.17,2,26,0,0,1,0.0,0.0
7,2731,3,True,0,2025-02-26,0,0.0,0.03,0.04,2,26,0,0,1,0.0,0.0
7,2734,3,True,0,2025-02-26,0,0.0,0.6,0.51,2,26,0,0,1,0.0,0.0
7,2738,3,True,0,2025-02-26,0,0.0,0.07,0.08,2,26,0,0,1,0.0,0.0
7,2747,3,True,0,2025-02-26,0,0.0,0.29,0.41,2,26,0,0,1,0.0,0.0
7,2757,3,True,0,2025-02-26,0,0.0,0.1,0.16,2,26,0,0,1,0.0,0.0
7,2759,3,True,0,2025-02-26,0,0.0,0.08,0.11,2,26,0,0,1,0.0,0.0
7,2772,3,True,0,2025-02-26,0,0.0,0.11,0.17,2,26,0,0,1,0.0,0.0
7,2784,3,True,0,2025-02-26,0,0.0,0.17,0.47,2,26,0,0,1,0.0,0.0
7,2797,3,True,0,2025-02-26,1,0.0,0.1,0.12,2,26,0,0,1,0.0,0.0
7,2807,3,True,0,2025-02-26,0,0.0,0.55,0.21,2,26,0,0,1,0.14285714285714285,0.0
7,2809,3,True,0,2025-02-26,1,0.0,0.4,0.63,2,26,0,0,1,0.14285714285714285,0.0
7,2815,3,True,0,2025-02-26,1,0.0,0.11,0.15,2,26,0,0,1,0.2857142857142857,0.0
7,2833,3,True,0,2025-02-26,0,0.0,0.22,0.26,2,26,0,0,1,0.42857142857142855,0.0
7,2834,3,True,0,2025-02-26,0,0.0,0.31,0.34,2,26,0,0,1,0.42857142857142855,0.0
7,2848,3,True,0,2025-02-26,0,0.0,0.1,0.15,2,26,0,0,1,0.42857142857142855,0.0
7,2876,3,True,0,2025-02-26,0,0.0,0.05,0.06,2,26,0,0,1,0.42857142857142855,0.0
7,2893,3,True,0,2025-02-26,0,0.0,0.28,0.36,2,26,0,0,1,0.2857142857142857,0.0
7,2898,3,True,0,2025-02-26,0,0.0,0.17,0.25,2,26,0,0,1,0.2857142857142857,0.0
7,2899,3,True,0,2025-02-26,0,0.0,0.18,0.24,2,26,0,0,1,0.14285714285714285,0.0
7,2907,3,True,0,2025-02-26,0,0.0,0.21,0.33,2,26,0,0,1,0.0,0.0
7,2917,3,True,0,2025-02-26,0,0.0,0.06,0.08,2,26,0,0,1,0.0,0.0
7,2919,3,True,0,2025-02-26,21,0.0,0.02,0.02,2,26,0,0,1,0.0,0.0
7,2920,3,True,0,2025-02-26,0,0.0,0.07,0.09,2,26,0,0,1,3.0,0.0
7,2924,3,True,0,2025-02-26,0,0.0,0.13,0.27,2,26,0,0,1,3.0,0.0
7,2925,3,True,0,2025-02-26,1,0.0,0.1,0.15,2,26,0,0,1,3.0,0.0
7,2932,3,True,0,2025-02-26,0,0.0,0.28,0.35,2,26,0,0,1,3.142857142857143,0.0
7,2933,3,True,0,2025-02-26,0,0.0,0.49,0.68,2,26,0,0,1,3.142857142857143,0.0
7,2935,3,True,0,2025-02-26,0,0.0,0.21,0.22,2,26,0,0,1,3.142857142857143,0.0
7,2936,3,True,0,2025-02-26,0,0.0,0.02,0.18,2,26,0,0,1,3.142857142857143,0.0
7,2939,3,True,0,2025-02-26,0,0.0,0.43,0.46,2,26,0,0,1,0.14285714285714285,0.0
7,2940,3,True,0,2025-02-26,1,0.0,0.09,0.11,2,26,0,0,1,0.14285714285714285,0.0
7,2946,3,True,0,2025-02-26,0,0.0,0.44,0.41,2,26,0,0,1,0.2857142857142857,0.0
7,2949,3,True,0,2025-02-26,0,0.0,0.19,0.28,2,26,0,0,1,0.14285714285714285,0.0
7,2960,3,True,0,2025-02-26,0,0.0,0.07,0.09,2,26,0,0,1,0.14285714285714285,0.0
7,2976,3,True,0,2025-02-26,0,0.0,0.1,0.13,2,26,0,0,1,0.14285714285714285,0.0
7,2982,3,True,0,2025-02-26,0,0.0,0.21,0.26,2,26,0,0,1,0.14285714285714285,0.0
7,2983,3,True,0,2025-02-26,0,0.0,0.13,0.17,2,26,0,0,1,0.14285714285714285,0.0
7,2996,3,True,0,2025-02-26,0,0.0,0.27,0.35,2,26,0,0,1,0.14285714285714285,0.0
7,3004,3,True,0,2025-02-26,0,0.0,0.11,0.17,2,26,0,0,1,0.0,0.0
7,3010,3,True,0,2025-02-26,0,0.0,0.49,0.63,2,26,0,0,1,0.0,0.0
7,3017,3,True,0,2025-02-26,0,0.0,0.21,0.29,2,26,0,0,1,0.0,0.0
7,3018,3,True,0,2025-02-26,0,0.0,0.11,0.13,2,26,0,0,1,0.0,0.0
7,3027,3,True,0,2025-02-26,0,0.0,0.1,0.13,2,26,0,0,1,0.0,0.0
7,3030,3,True,0,2025-02-26,0,0.0,0.45,0.58,2,26,0,0,1,0.0,0.0
7,3037,3,True,0,2025-02-26,0,0.0,0.11,0.13,2,26,0,0,1,0.0,0.0
7,3042,3,True,0,2025-02-26,0,0.0,0.1,0.13,2,26,0,0,1,0.0,0.0
7,3045,3,True,0,2025-02-26,0,0.0,0.13,0.16,2,26,0,0,1,0.0,0.0
7,3049,3,True,0,2025-02-26,0,0.0,0.39,0.5,2,26,0,0,1,0.0,0.0
7,3051,3,True,0,2025-02-26,0,0.0,0.38,0.31,2,26,0,0,1,0.0,0.0
7,3056,3,True,0,2025-02-26,0,0.0,0.25,0.32,2,26,0,0,1,0.0,0.0
7,3062,3,True,0,2025-02-26,0,0.0,0.26,0.31,2,26,0,0,1,0.0,0.0
7,3064,3,True,0,2025-02-26,0,0.0,0.12,0.14,2,26,0,0,1,0.0,0.0
7,3067,3,True,0,2025-02-26,0,0.0,0.67,0.94,2,26,0,0,1,0.0,0.0
7,3071,3,True,0,2025-02-26,0,0.0,0.09,0.11,2,26,0,0,1,0.0,0.0
7,3094,3,True,0,2025-02-26,0,0.0,0.27,0.34,2,26,0,0,1,0.0,0.0
7,3097,3,True,0,2025-02-26,0,0.0,0.29,0.4,2,26,0,0,1,0.0,0.0
7,3106,3,True,0,2025-02-26,0,0.0,0.09,0.1,2,26,0,0,1,0.0,0.0
7,3110,3,True,0,2025-02-26,0,0.0,0.23,0.29,2,26,0,0,1,0.0,0.0
7,3124,3,True,0,2025-02-26,0,0.0,0.11,0.15,2,26,0,0,1,0.0,0.0
7,3129,3,True,0,2025-02-26,0,0.0,0.23,0.27,2,26,0,0,1,0.0,0.0
7,3131,3,True,0,2025-02-26,0,0.0,0.07,0.11,2,26,0,0,1,0.0,0.0
7,3134,3,True,0,2025-02-26,0,0.0,0.16,0.16,2,26,0,0,1,0.0,0.0
7,3139,3,True,0,2025-02-26,0,0.0,0.22,0.26,2,26,0,0,1,0.0,0.0
7,3142,3,True,0,2025-02-26,0,0.0,0.3,0.44,2,26,0,0,1,0.0,0.0
7,3156,3,True,0,2025-02-26,0,0.0,0.2,0.26,2,26,0,0,1,0.0,0.0
7,3172,3,True,0,2025-02-26,0,0.0,0.08,0.09,2,26,0,0,1,0.0,0.0
7,3173,3,True,0,2025-02-26,0,0.0,0.22,0.23,2,26,0,0,1,0.0,0.0
7,3176,3,True,0,2025-02-26,0,0.0,0.1,0.13,2,26,0,0,1,0.0,0.0
7,3188,3,True,0,2025-02-26,0,0.0,0.07,0.09,2,26,0,0,1,0.0,0.0
7,3193,3,True,0,2025-02-26,0,0.0,0.13,0.2,2,26,0,0,1,0.0,0.0
7,3204,3,True,0,2025-02-26,3,0.0,0.17,0.21,2,26,0,0,1,0.0,0.0
7,3205,3,True,0,2025-02-26,1,0.0,0.18,0.24,2,26,0,0,1,0.42857142857142855,0.0
7,3206,3,True,0,2025-02-26,0,0.0,0.17,0.18,2,26,0,0,1,0.5714285714285714,0.0
7,3210,3,True,0,2025-02-26,0,0.0,0.08,0.07,2,26,0,0,1,0.5714285714285714,0.0
7,3251,3,True,0,2025-02-26,0,0.0,0.29,0.35,2,26,0,0,1,0.5714285714285714,0.0
7,3257,3,True,0,2025-02-26,0,0.0,0.11,0.13,2,26,0,0,1,0.5714285714285714,0.0
7,3265,3,True,0,2025-02-26,0,0.0,0.08,0.08,2,26,0,0,1,0.5714285714285714,0.0
7,3271,3,True,0,2025-02-26,0,0.0,0.12,0.16,2,26,0,0,1,0.5714285714285714,0.0
7,3274,3,True,0,2025-02-26,0,0.0,0.41,0.35,2,26,0,0,1,0.14285714285714285,0.0
7,3278,3,True,0,2025-02-26,0,0.0,0.18,0.27,2,26,0,0,1,0.0,0.0
7,3288,3,True,0,2025-02-26,0,0.0,0.29,0.26,2,26,0,0,1,0.0,0.0
7,3295,3,True,0,2025-02-26,0,0.0,0.28,0.38,2,26,0,0,1,0.0,0.0
7,3303,3,True,0,2025-02-26,0,0.0,0.02,0.02,2,26,0,0,1,0.0,0.0
7,3311,3,True,0,2025-02-26,0,0.0,0.21,0.25,2,26,0,0,1,0.0,0.0
7,3319,3,True,0,2025-02-26,0,0.0,0.08,0.09,2,26,0,0,1,0.0,0.0
7,3336,3,True,0,2025-02-26,0,0.0,0.01,0.01,2,26,0,0,1,0.0,0.0
7,3341,3,True,0,2025-02-26,0,0.0,0.22,0.19,2,26,0,0,1,0.0,0.0
7,3342,3,True,0,2025-02-26,0,0.0,0.04,0.07,2,26,0,0,1,0.0,0.0
7,3343,3,True,0,2025-02-26,0,0.0,0.1,0.14,2,26,0,0,1,0.0,0.0
7,3359,3,True,0,2025-02-26,0,0.0,0.49,0.56,2,26,0,0,1,0.0,0.0
7,3364,3,True,0,2025-02-26,1,0.0,0.11,0.14,2,26,0,0,1,0.0,0.0
7,3365,3,True,0,2025-02-26,0,0.0,0.18,0.23,2,26,0,0,1,0.14285714285714285,0.0
7,3381,3,True,0,2025-02-26,0,0.0,0.3,0.39,2,26,0,0,1,0.14285714285714285,0.0
7,3386,3,True,0,2025-02-26,0,2.0,0.06,0.09,2,26,0,0,1,0.14285714285714285,0.0
7,3392,3,True,0,2025-02-26,0,0.0,0.1,0.14,2,26,0,0,1,0.14285714285714285,0.0
7,3397,3,True,0,2025-02-26,0,0.0,0.29,0.49,2,26,0,0,1,0.14285714285714285,0.0
7,3403,3,True,0,2025-02-26,0,0.0,0.17,0.26,2,26,0,0,1,0.14285714285714285,0.0
7,3413,3,True,0,2025-02-26,0,0.0,0.18,0.28,2,26,0,0,1,0.14285714285714285,0.0
7,3423,3,True,0,2025-02-26,0,0.0,0.05,0.06,2,26,0,0,1,0.0,0.0
7,3426,3,True,0,2025-02-26,0,0.0,0.13,0.17,2,26,0,0,1,0.0,0.0
7,3433,3,True,0,2025-02-26,0,0.0,0.08,0.1,2,26,0,0,1,0.0,0.0
7,3444,3,True,0,2025-02-26,0,0.0,0.31,0.37,2,26,0,0,1,0.0,0.0
7,3446,3,True,0,2025-02-26,0,0.0,0.06,0.07,2,26,0,0,1,0.0,0.0
7,3449,3,True,0,2025-02-26,0,0.0,0.36,0.42,2,26,0,0,1,0.0,0.0
7,3469,3,True,0,2025-02-26,0,0.0,0.09,0.11,2,26,0,0,1,0.0,0.0
7,3474,3,True,0,2025-02-26,0,0.0,0.31,0.36,2,26,0,0,1,0.0,0.0
7,3481,3,True,0,2025-02-26,0,0.0,0.08,0.1,2,26,0,0,1,0.0,0.0
7,3482,3,True,0,2025-02-26,1,0.0,0.12,0.14,2,26,0,0,1,0.0,0.0
7,3484,3,True,0,2025-02-26,0,0.0,0.09,0.11,2,26,0,0,1,0.14285714285714285,0.0
7,3492,3,True,0,2025-02-26,0,0.0,0.25,0.3,2,26,0,0,1,0.14285714285714285,0.0
7,3517,3,True,0,2025-02-26,1,0.0,0.24,0.32,2,26,0,0,1,0.14285714285714285,0.0
7,3518,3,True,0,2025-02-26,0,0.0,0.16,0.18,2,26,0,0,1,0.2857142857142857,0.0
7,3525,3,True,0,2025-02-26,0,0.0,0.15,0.21,2,26,0,0,1,0.2857142857142857,0.0
7,3526,3,True,0,2025-02-26,1,0.0,0.08,0.11,2,26,0,0,1,0.2857142857142857,0.0
7,3543,3,True,0,2025-02-26,0,0.0,0.16,0.23,2,26,0,0,1,0.42857142857142855,0.0
7,3551,3,True,0,2025-02-26,0,0.0,0.06,0.16,2,26,0,0,1,0.2857142857142857,0.0
7,3557,3,True,0,2025-02-26,0,0.0,0.09,0.12,2,26,0,0,1,0.2857142857142857,0.0
7,3559,3,True,0,2025-02-26,0,0.0,0.24,0.32,2,26,0,0,1,0.2857142857142857,0.0
7,3573,3,True,0,2025-02-26,0,0.0,0.29,0.34,2,26,0,0,1,0.14285714285714285,0.0
7,3586,3,True,0,2025-02-26,0,0.0,0.5,0.51,2,26,0,0,1,0.14285714285714285,0.0
7,3587,3,True,0,2025-02-26,0,0.0,0.04,0.05,2,26,0,0,1,0.14285714285714285,0.0
7,3610,3,True,0,2025-02-26,0,0.0,0.03,0.04,2,26,0,0,1,0.0,0.0
7,3615,3,True,0,2025-02-26,0,0.0,0.04,0.06,2,26,0,0,1,0.0,0.0
7,3616,3,True,0,2025-02-26,0,0.0,0.51,0.55,2,26,0,0,1,0.0,0.0
7,3629,3,True,0,2025-02-26,0,0.0,0.06,0.08,2,26,0,0,1,0.0,0.0
7,3630,3,True,0,2025-02-26,0,0.0,0.31,0.41,2,26,0,0,1,0.0,0.0
7,3638,3,True,0,2025-02-26,0,0.0,0.48,0.62,2,26,0,0,1,0.0,0.0
7,3644,3,True,0,2025-02-26,0,0.0,0.09,0.12,2,26,0,0,1,0.0,0.0
7,3655,3,True,0,2025-02-26,0,0.0,0.07,0.11,2,26,0,0,1,0.0,0.0
7,3659,3,True,0,2025-02-26,0,0.0,0.19,0.28,2,26,0,0,1,0.0,0.0
7,3660,3,True,0,2025-02-26,0,0.0,0.43,0.54,2,26,0,0,1,0.0,0.0
7,3667,3,True,0,2025-02-26,0,0.0,0.43,0.5,2,26,0,0,1,0.0,0.0
7,3672,3,True,0,2025-02-26,0,0.0,0.18,0.23,2,26,0,0,1,0.0,0.0
7,3682,3,True,0,2025-02-26,0,0.0,0.05,0.06,2,26,0,0,1,0.0,0.0
7,3697,3,True,0,2025-02-26,0,0.0,0.04,0.06,2,26,0,0,1,0.0,0.0
7,3714,3,True,0,2025-02-26,0,0.0,0.12,0.14,2,26,0,0,1,0.0,0.0
7,3742,3,True,0,2025-02-26,0,0.0,0.12,0.16,2,26,0,0,1,0.0,0.0
7,3765,3,True,0,2025-02-26,0,0.0,0.27,0.49,2,26,0,0,1,0.0,0.0
7,3773,3,True,0,2025-02-26,0,0.0,0.34,0.46,2,26,0,0,1,0.0,0.0
7,3779,3,True,0,2025-02-26,0,0.0,0.25,0.36,2,26,0,0,1,0.0,0.0
7,3785,3,True,0,2025-02-26,0,0.0,0.17,0.29,2,26,0,0,1,0.0,0.0
7,3804,3,True,0,2025-02-26,0,0.0,0.17,0.21,2,26,0,0,1,0.0,0.0
7,3823,3,True,0,2025-02-26,2,0.0,0.54,0.73,2,26,0,0,1,0.0,0.0
7,3827,3,True,0,2025-02-26,0,0.0,0.04,0.07,2,26,0,0,1,0.2857142857142857,0.0
7,3832,3,True,0,2025-02-26,2,0.0,0.05,0.12,2,26,0,0,1,0.2857142857142857,0.0
7,3837,3,True,0,2025-02-26,0,0.0,0.09,0.11,2,26,0,0,1,0.5714285714285714,0.0
7,3845,3,True,0,2025-02-26,0,0.0,0.01,0.01,2,26,0,0,1,0.5714285714285714,0.0
7,3846,3,True,0,2025-02-26,0,0.0,0.22,0.26,2,26,0,0,1,0.5714285714285714,0.0
7,3856,3,True,0,2025-02-26,0,0.0,0.21,0.27,2,26,0,0,1,0.5714285714285714,0.0
7,3867,3,True,0,2025-02-26,0,0.0,0.31,0.4,2,26,0,0,1,0.5714285714285714,0.0
7,3878,3,True,0,2025-02-26,0,0.0,0.05,0.06,2,26,0,0,1,0.2857142857142857,0.0
7,3881,3,True,0,2025-02-26,0,0.0,0.09,0.12,2,26,0,0,1,0.2857142857142857,0.0
7,3885,3,True,0,2025-02-26,0,0.0,0.05,0.07,2,26,0,0,1,0.0,0.0
7,3886,3,True,0,2025-02-26,0,0.0,0.49,0.71,2,26,0,0,1,0.0,0.0
7,3889,3,True,0,2025-02-26,0,0.0,0.1,0.16,2,26,0,0,1,0.0,0.0
7,3895,3,True,0,2025-02-26,1,0.0,0.21,0.22,2,26,0,0,1,0.0,0.0
7,3914,3,True,0,2025-02-26,0,0.0,0.4,0.57,2,26,0,0,1,0.14285714285714285,0.0
7,3916,3,True,0,2025-02-26,0,0.0,0.46,0.59,2,26,0,0,1,0.14285714285714285,0.0
7,3918,3,True,0,2025-02-26,1,0.0,0.4,0.49,2,26,0,0,1,0.14285714285714285,0.0
7,3932,3,True,0,2025-02-26,0,0.0,0.1,0.14,2,26,0,0,1,0.2857142857142857,0.0
7,3943,3,True,0,2025-02-26,0,0.0,0.25,0.29,2,26,0,0,1,0.2857142857142857,0.0
7,3947,3,True,0,2025-02-26,0,0.0,0.27,0.37,2,26,0,0,1,0.2857142857142857,0.0
7,3949,3,True,0,2025-02-26,0,0.0,0.06,0.08,2,26,0,0,1,0.2857142857142857,0.0
7,3952,3,True,0,2025-02-26,0,0.0,0.12,0.16,2,26,0,0,1,0.14285714285714285,0.0
7,3955,3,True,0,2025-02-26,0,0.0,0.73,0.76,2,26,0,0,1,0.14285714285714285,0.0
7,3967,3,True,0,2025-02-26,0,0.0,0.41,0.54,2,26,0,0,1,0.14285714285714285,0.0
7,3970,3,True,0,2025-02-26,0,0.0,0.15,0.19,2,26,0,0,1,0.0,0.0
7,3976,3,True,0,2025-02-26,0,0.0,0.24,0.29,2,26,0,0,1,0.0,0.0
7,3979,3,True,0,2025-02-26,0,0.0,0.15,0.21,2,26,0,0,1,0.0,0.0
7,3986,3,True,0,2025-02-26,0,0.0,0.62,0.22,2,26,0,0,1,0.0,0.0
7,3990,3,True,0,2025-02-26,0,0.0,0.1,0.13,2,26,0,0,1,0.0,0.0
7,3993,3,True,0,2025-02-26,0,0.0,0.13,0.18,2,26,0,0,1,0.0,0.0
7,4010,3,True,0,2025-02-26,0,0.0,0.17,0.31,2,26,0,0,1,0.0,0.0
7,4014,3,True,0,2025-02-26,0,0.0,0.39,0.46,2,26,0,0,1,0.0,0.0
7,4025,3,True,0,2025-02-26,0,0.0,0.17,0.15,2,26,0,0,1,0.0,0.0
7,4027,3,True,0,2025-02-26,0,0.0,0.11,0.13,2,26,0,0,1,0.0,0.0
7,4064,3,True,0,2025-02-26,0,0.0,0.05,0.08,2,26,0,0,1,0.0,0.0
7,4068,3,True,0,2025-02-26,0,0.0,0.17,0.23,2,26,0,0,1,0.0,1.1870779573225498
7,4073,3,True,0,2025-02-26,0,0.0,0.43,0.49,2,26,0,0,1,0.0,0.0
7,4077,3,True,0,2025-02-26,0,0.0,0.28,0.35,2,26,0,0,1,0.0,0.0
7,4082,3,True,0,2025-02-26,0,0.0,0.08,0.1,2,26,0,0,1,0.0,0.0
7,4084,3,True,0,2025-02-26,0,0.0,0.28,0.37,2,26,0,0,1,0.0,0.0
7,4094,3,True,0,2025-02-26,0,0.0,0.34,0.4,2,26,0,0,1,0.0,0.0
7,4102,3,True,0,2025-02-26,0,0.0,0.26,0.3,2,26,0,0,1,0.0,0.0
7,4117,3,True,0,2025-02-26,0,0.0,0.04,0.06,2,26,0,0,1,0.0,0.0
7,4129,3,True,0,2025-02-26,0,0.0,0.13,0.17,2,26,0,0,1,0.0,0.0
7,4136,3,True,0,2025-02-26,1,0.0,0.17,0.23,2,26,0,0,1,0.0,1.1571286320793486
7,4155,3,True,0,2025-02-26,0,0.0,0.02,0.03,2,26,0,0,1,0.14285714285714285,0.0
7,4183,3,True,0,2025-02-26,0,0.0,0.19,0.2,2,26,0,0,1,0.14285714285714285,0.0
7,4185,3,True,0,2025-02-26,1,0.0,0.15,0.21,2,26,0,0,1,0.14285714285714285,0.0
7,4187,3,True,0,2025-02-26,2,0.0,0.07,0.11,2,26,0,0,1,0.2857142857142857,0.0
7,4188,3,True,0,2025-02-26,0,0.0,0.03,0.03,2,26,0,0,1,0.5714285714285714,0.0
7,4190,3,True,0,2025-02-26,0,0.0,0.12,0.19,2,26,0,0,1,0.5714285714285714,0.0
7,4213,3,True,0,2025-02-26,0,0.0,0.01,0.01,2,26,0,0,1,0.5714285714285714,0.0
7,4223,3,True,0,2025-02-26,0,0.0,0.11,0.13,2,26,0,0,1,0.42857142857142855,0.0
7,4227,3,True,0,2025-02-26,0,0.0,0.41,0.76,2,26,0,0,1,0.42857142857142855,0.0
7,4237,3,True,0,2025-02-26,0,0.0,0.08,0.11,2,26,0,0,1,0.42857142857142855,0.0
7,4247,3,True,0,2025-02-26,0,0.0,0.04,0.05,2,26,0,0,1,0.2857142857142857,0.0
7,4249,3,True,0,2025-02-26,0,0.0,0.12,0.15,2,26,0,0,1,0.0,0.0
7,4250,3,True,0,2025-02-26,0,0.0,0.13,0.17,2,26,0,0,1,0.0,0.0
7,4253,3,True,0,2025-02-26,0,0.0,0.13,0.17,2,26,0,0,1,0.0,0.0
7,4255,3,True,0,2025-02-26,0,0.0,0.13,0.14,2,26,0,0,1,0.0,0.0
7,4258,3,True,0,2025-02-26,0,0.0,0.18,0.26,2,26,0,0,1,0.0,0.0
7,4272,3,True,0,2025-02-26,0,0.0,0.09,0.11,2,26,0,0,1,0.0,0.0
7,4273,3,True,0,2025-02-26,0,0.0,0.12,0.16,2,26,0,0,1,0.0,0.0
7,4276,3,True,0,2025-02-26,0,0.0,0.07,0.09,2,26,0,0,1,0.0,0.0
7,4285,3,True,0,2025-02-26,0,0.0,0.22,0.21,2,26,0,0,1,0.0,0.0
7,4291,3,True,0,2025-02-26,0,0.0,0.09,0.12,2,26,0,0,1,0.0,0.0
7,4295,3,True,0,2025-02-26,0,0.0,0.2,0.24,2,26,0,0,1,0.0,0.0
7,4306,3,True,0,2025-02-26,0,0.0,0.34,0.48,2,26,0,0,1,0.0,0.0
7,4314,3,True,0,2025-02-26,0,0.0,0.29,0.33,2,26,0,0,1,0.0,0.0
7,4318,3,True,0,2025-02-26,0,0.0,0.3,0.41,2,26,0,0,1,0.0,0.0
7,4323,3,True,0,2025-02-26,2,0.0,0.05,0.07,2,26,0,0,1,0.0,0.0
7,4324,3,True,0,2025-02-26,0,0.0,0.05,0.07,2,26,0,0,1,0.2857142857142857,0.0
7,4334,3,True,0,2025-02-26,1,0.0,0.29,0.36,2,26,0,0,1,0.2857142857142857,0.0
7,4338,3,True,0,2025-02-26,0,0.0,0.1,0.12,2,26,0,0,1,0.42857142857142855,0.0
7,4354,3,True,0,2025-02-26,0,0.0,0.02,0.02,2,26,0,0,1,0.42857142857142855,0.0
7,4362,3,True,0,2025-02-26,0,0.0,0.05,0.15,2,26,0,0,1,0.42857142857142855,0.0
7,4364,3,True,0,2025-02-26,0,0.0,0.37,0.45,2,26,0,0,1,0.42857142857142855,0.0
7,4374,3,True,0,2025-02-26,0,0.0,0.06,0.07,2,26,0,0,1,0.42857142857142855,0.0
7,4387,3,True,0,2025-02-26,0,0.0,0.08,0.1,2,26,0,0,1,0.14285714285714285,0.0
7,4414,3,True,0,2025-02-26,0,0.0,0.15,0.25,2,26,0,0,1,0.14285714285714285,0.0
7,4416,3,True,0,2025-02-26,0,0.0,0.05,0.06,2,26,0,0,1,0.0,0.0
7,4418,3,True,0,2025-02-26,0,0.0,0.14,0.17,2,26,0,0,1,0.0,0.0
7,4428,3,True,0,2025-02-26,1,0.0,0.42,0.45,2,26,0,0,1,0.0,0.0
7,4431,3,True,0,2025-02-26,0,0.0,0.05,0.07,2,26,0,0,1,0.14285714285714285,0.0
7,4446,3,True,0,2025-02-26,0,0.0,0.53,0.77,2,26,0,0,1,0.14285714285714285,0.0
7,4490,3,True,0,2025-02-26,0,0.0,0.18,0.2,2,26,0,0,1,0.14285714285714285,0.0
7,4496,3,True,0,2025-02-26,0,0.0,0.07,0.09,2,26,0,0,1,0.14285714285714285,0.0
7,4500,3,True,0,2025-02-26,0,0.0,0.11,0.14,2,26,0,0,1,0.14285714285714285,0.0
7,4543,3,True,0,2025-02-26,2,0.0,0.04,0.06,2,26,0,0,1,0.14285714285714285,0.0
7,4561,3,True,0,2025-02-26,0,0.0,0.11,0.12,2,26,0,0,1,0.42857142857142855,0.0
7,4566,3,True,0,2025-02-26,0,0.0,0.07,0.08,2,26,0,0,1,0.2857142857142857,0.0
7,4569,3,True,0,2025-02-26,0,0.0,0.29,0.39,2,26,0,0,1,0.2857142857142857,0.0
7,4592,3,True,0,2025-02-26,0,0.0,0.14,0.21,2,26,0,0,1,0.2857142857142857,0.0
7,4627,3,True,0,2025-02-26,0,0.0,0.06,0.08,2,26,0,0,1,0.2857142857142857,0.0
7,4631,3,True,0,2025-02-26,0,0.0,0.15,0.19,2,26,0,0,1,0.2857142857142857,0.0
7,4641,3,True,0,2025-02-26,0,0.0,0.31,0.43,2,26,0,0,1,0.2857142857142857,0.0
7,4650,3,True,0,2025-02-26,0,0.0,0.27,0.39,2,26,0,0,1,0.0,0.0
7,4656,3,True,0,2025-02-26,0,0.0,0.07,0.1,2,26,0,0,1,0.0,0.0
7,4661,3,True,0,2025-02-26,0,0.0,0.05,0.06,2,26,0,0,1,0.0,0.0
7,4667,3,True,0,2025-02-26,0,0.0,0.07,0.08,2,26,0,0,1,0.0,0.0
7,4671,3,True,0,2025-02-26,0,0.0,0.22,0.27,2,26,0,0,1,0.0,0.0
7,4674,3,True,0,2025-02-26,0,0.0,0.22,0.27,2,26,0,0,1,0.0,0.0
7,4682,3,True,0,2025-02-26,0,0.0,0.35,0.43,2,26,0,0,1,0.0,0.0
7,4687,3,True,0,2025-02-26,0,0.0,0.24,0.37,2,26,0,0,1,0.0,0.0
7,4691,3,True,0,2025-02-26,0,0.0,0.18,0.25,2,26,0,0,1,0.0,0.0
7,4717,3,True,0,2025-02-26,0,0.0,0.18,0.26,2,26,0,0,1,0.0,0.0
7,4719,3,True,0,2025-02-26,0,0.0,0.33,0.36,2,26,0,0,1,0.0,0.0
7,4726,3,True,0,2025-02-26,1,0.0,0.13,0.21,2,26,0,0,1,0.0,0.0
7,4727,3,True,0,2025-02-26,0,0.0,0.22,0.31,2,26,0,0,1,0.14285714285714285,0.0
7,4731,3,True,0,2025-02-26,0,0.0,0.26,0.34,2,26,0,0,1,0.14285714285714285,0.0
7,4732,3,True,0,2025-02-26,0,0.0,0.17,0.22,2,26,0,0,1,0.14285714285714285,0.0
7,4745,3,True,0,2025-02-26,1,0.0,0.2,0.27,2,26,0,0,1,0.14285714285714285,0.0
7,4747,3,True,0,2025-02-26,0,0.0,0.06,0.09,2,26,0,0,1,0.2857142857142857,0.0
7,4748,3,True,0,2025-02-26,0,0.0,0.16,0.17,2,26,0,0,1,0.2857142857142857,0.0
7,4755,3,True,0,2025-02-26,0,0.0,0.31,0.37,2,26,0,0,1,0.2857142857142857,0.0
7,4767,3,True,0,2025-02-26,0,0.0,0.1,0.1,2,26,0,0,1,0.14285714285714285,0.0
7,4773,3,True,0,2025-02-26,0,0.0,0.32,0.51,2,26,0,0,1,0.14285714285714285,0.0
7,4779,3,True,0,2025-02-26,0,0.0,0.04,0.07,2,26,0,0,1,0.14285714285714285,0.0
7,4791,3,True,0,2025-02-26,0,0.0,0.14,0.22,2,26,0,0,1,0.14285714285714285,0.0
7,4819,3,True,0,2025-02-26,0,0.0,0.26,0.13,2,26,0,0,1,0.0,0.0
7,4827,3,True,0,2025-02-26,0,0.0,0.26,0.28,2,26,0,0,1,0.0,0.0
7,4829,3,True,0,2025-02-26,0,0.0,0.25,0.3,2,26,0,0,1,0.0,0.0
7,4830,3,True,0,2025-02-26,1,0.0,0.53,0.59,2,26,0,0,1,0.0,0.0
7,4846,3,True,0,2025-02-26,0,0.0,0.19,0.22,2,26,0,0,1,0.14285714285714285,0.0
7,4860,3,True,0,2025-02-26,0,0.0,0.15,0.21,2,26,0,0,1,0.14285714285714285,0.0
7,4865,3,True,0,2025-02-26,1,0.0,0.24,0.27,2,26,0,0,1,0.14285714285714285,0.0
7,4866,3,True,0,2025-02-26,0,0.0,0.17,0.21,2,26,0,0,1,0.2857142857142857,0.0
7,4875,3,True,0,2025-02-26,0,0.0,0.18,0.27,2,26,0,0,1,0.2857142857142857,0.0
7,4882,3,True,0,2025-02-26,0,0.0,0.06,0.07,2,26,0,0,1,0.2857142857142857,0.0
7,4890,3,True,0,2025-02-26,0,0.0,0.08,0.12,2,26,0,0,1,0.2857142857142857,0.0
7,4891,3,True,0,2025-02-26,0,0.0,0.06,0.08,2,26,0,0,1,0.14285714285714285,0.0
7,4894,3,True,0,2025-02-26,0,0.0,0.41,0.49,2,26,0,0,1,0.14285714285714285,0.0
7,4896,3,True,0,2025-02-26,2,0.0,0.02,0.12,2,26,0,0,1,0.14285714285714285,0.0
7,4900,3,True,0,2025-02-26,0,0.0,0.08,0.09,2,26,0,0,1,0.2857142857142857,0.0
7,4909,3,True,0,2025-02-26,0,0.0,0.03,0.05,2,26,0,0,1,0.2857142857142857,0.0
7,4919,3,True,0,2025-02-26,0,0.0,0.14,0.16,2,26,0,0,1,0.2857142857142857,0.0
7,4923,3,True,0,2025-02-26,2,0.0,0.08,0.14,2,26,0,0,1,0.2857142857142857,0.0
7,4926,3,True,0,2025-02-26,0,0.0,0.11,0.16,2,26,0,0,1,0.5714285714285714,0.0
7,4946,3,True,0,2025-02-26,0,0.0,0.2,0.24,2,26,0,0,1,0.5714285714285714,0.0
7,4966,3,True,0,2025-02-26,0,0.0,0.02,0.03,2,26,0,0,1,0.5714285714285714,0.0
7,4969,3,True,0,2025-02-26,0,0.0,0.21,0.22,2,26,0,0,1,0.2857142857142857,0.0
7,4970,3,True,0,2025-02-26,0,0.0,0.12,0.16,2,26,0,0,1,0.2857142857142857,0.0
7,4979,3,True,0,2025-02-26,0,0.0,0.12,0.15,2,26,0,0,1,0.2857142857142857,0.0
7,4988,3,True,0,2025-02-26,0,0.0,0.21,0.26,2,26,0,0,1,0.2857142857142857,0.0
7,5013,3,True,0,2025-02-26,0,0.0,0.16,0.19,2,26,0,0,1,0.0,0.0
7,5032,3,True,0,2025-02-26,0,0.0,0.14,0.17,2,26,0,0,1,0.0,0.0
7,5033,3,True,0,2025-02-26,0,0.0,0.08,0.1,2,26,0,0,1,0.0,0.0
7,5042,3,True,0,2025-02-26,0,0.0,0.17,0.23,2,26,0,0,1,0.0,0.0
7,5045,3,True,0,2025-02-26,0,0.0,0.31,0.4,2,26,0,0,1,0.0,0.0
7,5046,3,True,0,2025-02-26,0,0.0,0.15,0.21,2,26,0,0,1,0.0,0.0
7,5056,3,True,0,2025-02-26,0,0.0,0.11,0.15,2,26,0,0,1,0.0,0.0
7,5058,3,True,0,2025-02-26,0,0.0,0.26,0.28,2,26,0,0,1,0.0,0.0
7,5062,3,True,0,2025-02-26,0,0.0,0.06,0.08,2,26,0,0,1,0.0,0.0
7,5064,3,True,0,2025-02-26,0,0.0,0.08,0.09,2,26,0,0,1,0.0,0.0
7,5068,3,True,0,2025-02-26,0,0.0,0.07,0.1,2,26,0,0,1,0.0,0.0
7,5073,3,True,0,2025-02-26,0,0.0,0.36,0.48,2,26,0,0,1,0.0,0.0
7,5078,3,True,0,2025-02-26,0,0.0,0.4,0.54,2,26,0,0,1,0.0,0.0
7,5080,3,True,0,2025-02-26,0,0.0,0.04,0.05,2,26,0,0,1,0.0,0.0
7,5086,3,True,0,2025-02-26,0,0.0,0.12,0.16,2,26,0,0,1,0.0,0.0
7,5106,3,True,0,2025-02-26,0,0.0,0.15,0.19,2,26,0,0,1,0.0,0.0
7,5109,3,True,0,2025-02-26,0,0.0,0.18,0.22,2,26,0,0,1,0.0,0.0
7,5115,3,True,0,2025-02-26,0,0.0,0.1,0.48,2,26,0,0,1,0.0,0.0
7,5133,3,True,0,2025-02-26,0,0.0,0.09,0.12,2,26,0,0,1,0.0,0.0
7,5137,3,True,0,2025-02-26,0,0.0,0.77,0.88,2,26,0,0,1,0.0,0.0
7,5148,3,True,0,2025-02-26,0,0.0,0.15,0.14,2,26,0,0,1,0.0,0.0
7,5156,3,True,0,2025-02-26,0,0.0,0.1,0.06,2,26,0,0,1,0.0,0.0
7,5159,3,True,0,2025-02-26,1,0.0,0.17,0.17,2,26,0,0,1,0.0,0.0
7,5161,3,True,0,2025-02-26,0,0.0,0.54,0.57,2,26,0,0,1,0.14285714285714285,0.0
7,5168,3,True,0,2025-02-26,0,0.0,0.27,0.37,2,26,0,0,1,0.14285714285714285,0.0
7,5174,3,True,0,2025-02-26,0,0.0,0.06,0.07,2,26,0,0,1,0.14285714285714285,0.0
7,5185,3,True,0,2025-02-26,0,0.0,0.16,0.2,2,26,0,0,1,0.14285714285714285,0.0
7,5190,3,True,0,2025-02-26,0,0.0,0.21,0.3,2,26,0,0,1,0.14285714285714285,0.0
7,5197,3,True,0,2025-02-26,0,0.0,0.15,0.18,2,26,0,0,1,0.14285714285714285,0.0
7,5206,3,True,0,2025-02-26,0,0.0,0.06,0.09,2,26,0,0,1,0.14285714285714285,0.0
7,5218,3,True,0,2025-02-26,0,0.0,0.27,0.33,2,26,0,0,1,0.0,0.0
7,5219,3,True,0,2025-02-26,0,0.0,0.09,0.12,2,26,0,0,1,0.0,0.0
7,5232,3,True,0,2025-02-26,0,0.0,0.21,0.27,2,26,0,0,1,0.0,0.0
7,5236,3,True,0,2025-02-26,0,0.0,0.12,0.15,2,26,0,0,1,0.0,0.0
7,5238,3,True,0,2025-02-26,0,0.0,0.16,0.17,2,26,0,0,1,0.0,0.0
7,5249,3,True,0,2025-02-26,0,0.0,0.17,0.06,2,26,0,0,1,0.0,0.0
7,5255,3,True,0,2025-02-26,0,0.0,0.18,0.24,2,26,0,0,1,0.0,0.0
7,5256,3,True,0,2025-02-26,0,0.0,0.11,0.15,2,26,0,0,1,0.0,0.0
7,5264,3,True,0,2025-02-26,0,0.0,0.12,0.16,2,26,0,0,1,0.0,0.0
7,5265,3,True,0,2025-02-26,0,0.0,0.21,0.27,2,26,0,0,1,0.0,0.0
7,5282,3,True,0,2025-02-26,0,0.0,0.38,0.45,2,26,0,0,1,0.0,0.0
7,6,4,False,0,2025-02-26,1,0.0,0.07,0.08,2,26,0,0,1,0.0,0.0
7,7,4,False,0,2025-02-26,0,0.0,0.02,0.03,2,26,0,0,1,0.14285714285714285,0.0
7,32,4,False,0,2025-02-26,0,0.0,0.02,0.03,2,26,0,0,1,0.14285714285714285,0.0
7,36,4,False,0,2025-02-26,3,0.0,0.04,0.07,2,26,0,0,1,0.14285714285714285,0.0
7,41,4,False,0,2025-02-26,0,0.0,0.02,0.04,2,26,0,0,1,0.5714285714285714,0.0
7,66,4,False,0,2025-02-26,3,0.0,0.01,0.02,2,26,0,0,1,0.5714285714285714,0.0
7,85,4,False,0,2025-02-26,2,0.0,0.03,0.04,2,26,0,0,1,1.0,0.0
7,95,4,False,0,2025-02-26,2,0.0,0.06,0.09,2,26,0,0,1,1.2857142857142858,0.0
7,119,4,False,0,2025-02-26,1,0.0,0.05,0.07,2,26,0,0,1,1.4285714285714286,0.0
7,120,4,False,0,2025-02-26,0,0.0,0.02,0.02,2,26,0,0,1,1.5714285714285714,0.0
7,125,4,False,0,2025-02-26,5,0.0,0.01,0.01,2,26,0,0,1,1.5714285714285714,0.0
7,126,4,False,0,2025-02-26,0,0.0,0.03,0.03,2,26,0,0,1,1.8571428571428572,0.0
7,132,4,False,0,2025-02-26,1,0.0,0.05,0.06,2,26,0,0,1,1.8571428571428572,0.0
7,158,4,False,0,2025-02-26,3,0.0,0.05,0.04,2,26,0,0,1,1.5714285714285714,0.0
7,189,4,False,0,2025-02-26,1,0.0,0.07,0.12,2,26,0,0,1,1.7142857142857142,0.0
7,193,4,False,0,2025-02-26,0,0.0,0.02,0.03,2,26,0,0,1,1.5714285714285714,0.0
7,217,4,False,0,2025-02-26,0,0.0,0.01,0.01,2,26,0,0,1,1.4285714285714286,0.0
7,221,4,False,0,2025-02-26,0,0.0,0.06,0.12,2,26,0,0,1,1.4285714285714286,0.0
7,225,4,False,0,2025-02-26,2,0.0,0.05,0.08,2,26,0,0,1,0.7142857142857143,0.0
7,252,4,False,0,2025-02-26,2,0.0,0.03,0.06,2,26,0,0,1,1.0,0.0
7,253,4,False,0,2025-02-26,2,0.0,0.09,0.13,2,26,0,0,1,1.1428571428571428,0.0
7,267,4,False,0,2025-02-26,1,1.0,0.11,0.15,2,26,0,0,1,1.0,0.0
7,286,4,False,0,2025-02-26,3,0.0,0.04,0.06,2,26,0,0,1,1.0,0.0
7,291,4,False,0,2025-02-26,0,0.0,0.07,0.09,2,26,0,0,1,1.4285714285714286,0.0
7,318,4,False,0,2025-02-26,2,0.0,0.05,0.07,2,26,0,0,1,1.4285714285714286,0.0
7,321,4,False,0,2025-02-26,2,0.0,0.12,0.17,2,26,0,0,1,1.7142857142857142,0.0
7,329,4,False,0,2025-02-26,2,0.0,0.03,0.05,2,26,0,0,1,1.7142857142857142,0.0
7,336,4,False,0,2025-02-26,2,0.0,0.12,0.16,2,26,0,0,1,1.7142857142857142,0.0
7,346,4,False,0,2025-02-26,0,0.0,0.03,0.03,2,26,0,0,1,1.7142857142857142,0.0
7,354,4,False,0,2025-02-26,2,0.0,0.13,0.2,2,26,0,0,1,1.5714285714285714,0.0
7,359,4,False,0,2025-02-26,1,0.0,0.03,0.03,2,26,0,0,1,1.4285714285714286,0.0
7,360,4,False,0,2025-02-26,1,0.0,0.06,0.09,2,26,0,0,1,1.5714285714285714,0.0
7,368,4,False,0,2025-02-26,3,0.0,0.04,0.07,2,26,0,0,1,1.4285714285714286,0.0
7,388,4,False,0,2025-02-26,6,0.0,0.08,0.11,2,26,0,0,1,1.5714285714285714,0.0
7,416,4,False,0,2025-02-26,1,0.0,0.1,0.12,2,26,0,0,1,2.142857142857143,0.0
7,428,4,False,0,2025-02-26,2,0.0,0.02,0.03,2,26,0,0,1,2.0,0.0
7,434,4,False,0,2025-02-26,0,0.0,0.03,0.04,2,26,0,0,1,2.2857142857142856,0.0
7,438,4,False,0,2025-02-26,1,0.0,0.04,0.05,2,26,0,0,1,2.0,0.0
7,441,4,False,0,2025-02-26,2,0.0,0.04,0.05,2,26,0,0,1,2.0,0.0
7,446,4,False,0,2025-02-26,0,0.0,0.03,0.04,2,26,0,0,1,2.142857142857143,0.0
7,454,4,False,0,2025-02-26,0,0.0,0.02,0.03,2,26,0,0,1,1.7142857142857142,0.0
7,457,4,False,0,2025-02-26,1,0.0,0.01,0.02,2,26,0,0,1,0.8571428571428571,0.0
7,467,4,False,0,2025-02-26,0,0.0,0.01,0.02,2,26,0,0,1,0.8571428571428571,0.0
7,474,4,False,0,2025-02-26,11,0.0,0.08,0.11,2,26,0,0,1,0.5714285714285714,0.0
7,481,4,False,0,2025-02-26,1,0.0,0.13,0.15,2,26,0,0,1,2.142857142857143,0.0
7,498,4,False,0,2025-02-26,2,0.0,0.13,0.18,2,26,0,0,1,2.142857142857143,0.0
7,505,4,False,0,2025-02-26,0,0.0,0.04,0.05,2,26,0,0,1,2.142857142857143,0.0
7,510,4,False,0,2025-02-26,1,0.0,0.03,0.05,2,26,0,0,1,2.142857142857143,0.0
7,515,4,False,0,2025-02-26,1,0.0,0.03,0.04,2,26,0,0,1,2.2857142857142856,0.0
7,528,4,False,0,2025-02-26,2,0.0,0.05,0.1,2,26,0,0,1,2.2857142857142856,0.0
7,556,4,False,0,2025-02-26,0,0.0,0.02,0.03,2,26,0,0,1,2.5714285714285716,0.0
7,565,4,False,0,2025-02-26,2,0.0,0.08,0.12,2,26,0,0,1,1.0,0.0
7,574,4,False,0,2025-02-26,1,0.0,0.15,0.21,2,26,0,0,1,1.1428571428571428,0.0
7,576,4,False,0,2025-02-26,0,0.0,0.04,0.05,2,26,0,0,1,1.0,0.0
7,587,4,False,0,2025-02-26,0,0.0,0.07,0.11,2,26,0,0,1,1.0,0.0
7,603,4,False,0,2025-02-26,0,0.0,0.06,0.09,2,26,0,0,1,0.8571428571428571,0.0
7,624,4,False,0,2025-02-26,1,0.0,0.05,0.06,2,26,0,0,1,0.7142857142857143,0.0
7,626,4,False,0,2025-02-26,2,0.0,0.01,0.02,2,26,0,0,1,0.5714285714285714,0.0
7,644,4,False,0,2025-02-26,2,0.0,0.09,0.14,2,26,0,0,1,0.8571428571428571,0.0
7,652,4,False,0,2025-02-26,2,0.0,0.04,0.08,2,26,0,0,1,0.8571428571428571,0.0
7,660,4,False,0,2025-02-26,3,0.0,0.06,0.12,2,26,0,0,1,1.0,0.0
7,665,4,False,0,2025-02-26,0,0.0,0.04,0.05,2,26,0,0,1,1.4285714285714286,0.0
7,666,4,False,0,2025-02-26,0,0.0,0.04,0.07,2,26,0,0,1,1.4285714285714286,0.0
7,672,4,False,0,2025-02-26,0,0.0,0.04,0.06,2,26,0,0,1,1.4285714285714286,0.0
7,692,4,False,0,2025-02-26,1,0.0,0.02,0.04,2,26,0,0,1,1.2857142857142858,0.0
7,707,4,False,0,2025-02-26,2,0.0,0.06,0.08,2,26,0,0,1,1.1428571428571428,0.0
7,721,4,False,0,2025-02-26,0,0.0,0.03,0.03,2,26,0,0,1,1.1428571428571428,0.0
7,722,4,False,0,2025-02-26,2,0.0,0.09,0.12,2,26,0,0,1,0.8571428571428571,0.0
7,732,4,False,0,2025-02-26,2,0.0,0.06,0.08,2,26,0,0,1,0.7142857142857143,0.0
7,735,4,False,0,2025-02-26,1,0.0,0.03,0.04,2,26,0,0,1,1.0,0.0
7,737,4,False,0,2025-02-26,0,0.0,0.07,0.1,2,26,0,0,1,1.1428571428571428,0.0
7,765,4,False,0,2025-02-26,3,0.0,0.02,0.04,2,26,0,0,1,1.1428571428571428,0.0
7,773,4,False,0,2025-02-26,0,0.0,0.0,0.01,2,26,0,0,1,1.4285714285714286,0.0
7,801,4,False,0,2025-02-26,0,0.0,0.01,0.01,2,26,0,0,1,1.1428571428571428,0.0
7,814,4,False,0,2025-02-26,2,0.0,0.09,0.13,2,26,0,0,1,1.1428571428571428,0.0
7,817,4,False,0,2025-02-26,2,0.0,0.05,0.07,2,26,0,0,1,1.1428571428571428,0.0
7,822,4,False,0,2025-02-26,4,0.0,0.03,0.06,2,26,0,0,1,1.1428571428571428,0.0
7,823,4,False,0,2025-02-26,0,0.0,0.03,0.04,2,26,0,0,1,1.5714285714285714,0.0
7,834,4,False,0,2025-02-26,0,0.0,0.22,0.22,2,26,0,0,1,1.5714285714285714,0.0
7,851,4,False,0,2025-02-26,0,0.0,0.06,0.07,2,26,0,0,1,1.1428571428571428,0.0
7,860,4,False,0,2025-02-26,0,0.0,0.02,0.03,2,26,0,0,1,1.1428571428571428,0.0
7,878,4,False,0,2025-02-26,1,0.0,0.16,0.31,2,26,0,0,1,1.1428571428571428,0.0
7,896,4,False,0,2025-02-26,1,0.0,0.13,0.14,2,26,0,0,1,1.0,0.0
7,910,4,False,0,2025-02-26,0,0.0,0.01,0.02,2,26,0,0,1,0.8571428571428571,0.0
7,912,4,False,0,2025-02-26,2,0.0,0.14,0.24,2,26,0,0,1,0.2857142857142857,0.0
7,918,4,False,0,2025-02-26,2,0.0,0.07,0.09,2,26,0,0,1,0.5714285714285714,0.0
7,925,4,False,0,2025-02-26,0,0.0,0.01,0.02,2,26,0,0,1,0.8571428571428571,0.0
7,928,4,False,0,2025-02-26,2,0.0,0.03,0.05,2,26,0,0,1,0.8571428571428571,0.0
7,936,4,False,0,2025-02-26,1,0.0,0.03,0.05,2,26,0,0,1,1.1428571428571428,0.0
7,962,4,False,0,2025-02-26,2,0.0,0.04,0.05,2,26,0,0,1,1.1428571428571428,0.0
7,987,4,False,0,2025-02-26,0,0.0,0.02,0.03,2,26,0,0,1,1.2857142857142858,0.0
7,991,4,False,0,2025-02-26,1,0.0,0.02,0.03,2,26,0,0,1,1.2857142857142858,0.0
7,995,4,False,0,2025-02-26,2,0.0,0.03,0.05,2,26,0,0,1,1.1428571428571428,0.0
7,1032,4,False,0,2025-02-26,2,0.0,0.13,0.17,2,26,0,0,1,1.1428571428571428,0.0
7,1035,4,False,0,2025-02-26,1,0.0,0.03,0.04,2,26,0,0,1,1.4285714285714286,0.0
7,1091,4,False,0,2025-02-26,2,0.0,0.06,0.09,2,26,0,0,1,1.2857142857142858,0.0
7,1101,4,False,0,2025-02-26,1,0.0,0.03,0.04,2,26,0,0,1,1.4285714285714286,0.0
7,1113,4,False,0,2025-02-26,0,0.0,0.03,0.03,2,26,0,0,1,1.2857142857142858,0.0
7,1121,4,False,0,2025-02-26,2,0.0,0.04,0.06,2,26,0,0,1,1.2857142857142858,0.0
7,1129,4,False,0,2025-02-26,4,0.0,0.01,0.01,2,26,0,0,1,1.4285714285714286,0.0
7,1130,4,False,0,2025-02-26,3,0.0,0.04,0.06,2,26,0,0,1,1.7142857142857142,0.0
7,1144,4,False,0,2025-02-26,2,0.0,0.12,0.2,2,26,0,0,1,1.8571428571428572,0.0
7,1151,4,False,0,2025-02-26,0,0.0,0.01,0.02,2,26,0,0,1,2.0,0.0
7,1165,4,False,0,2025-02-26,2,0.0,0.02,0.02,2,26,0,0,1,1.7142857142857142,0.0
7,1187,4,False,0,2025-02-26,3,0.0,0.01,0.02,2,26,0,0,1,1.8571428571428572,0.0
7,1210,4,False,0,2025-02-26,4,0.0,0.01,0.01,2,26,0,0,1,2.2857142857142856,0.0
7,1211,4,False,0,2025-02-26,2,0.0,0.1,0.12,2,26,0,0,1,2.5714285714285716,0.0
7,1218,4,False,0,2025-02-26,6,0.0,0.04,0.06,2,26,0,0,1,2.2857142857142856,0.0
7,1230,4,False,0,2025-02-26,1,0.0,0.06,0.07,2,26,0,0,1,2.7142857142857144,0.0
7,1234,4,False,0,2025-02-26,0,0.0,0.18,0.24,2,26,0,0,1,2.5714285714285716,0.0
7,1239,4,False,0,2025-02-26,2,0.0,0.09,0.12,2,26,0,0,1,2.5714285714285716,0.0
7,1255,4,False,0,2025-02-26,0,0.0,0.03,0.04,2,26,0,0,1,2.5714285714285716,0.0
7,1272,4,False,0,2025-02-26,0,0.0,0.02,0.03,2,26,0,0,1,2.142857142857143,0.0
7,1275,4,False,0,2025-02-26,3,0.0,0.01,0.03,2,26,0,0,1,1.5714285714285714,0.0
7,1277,4,False,0,2025-02-26,0,0.0,0.05,0.07,2,26,0,0,1,1.7142857142857142,0.0
7,1282,4,False,0,2025-02-26,1,0.0,0.17,0.25,2,26,0,0,1,0.8571428571428571,0.0
7,1283,4,False,0,2025-02-26,2,0.0,0.04,0.07,2,26,0,0,1,0.8571428571428571,0.0
7,1351,4,False,0,2025-02-26,2,0.0,0.08,0.11,2,26,0,0,1,1.1428571428571428,0.0
7,1352,4,False,0,2025-02-26,2,0.0,0.03,0.05,2,26,0,0,1,1.1428571428571428,0.0
7,1368,4,False,0,2025-02-26,6,0.0,0.03,0.05,2,26,0,0,1,1.4285714285714286,0.0
7,1381,4,False,0,2025-02-26,2,0.0,0.05,0.07,2,26,0,0,1,2.2857142857142856,0.0
7,1397,4,False,0,2025-02-26,1,0.0,0.05,0.09,2,26,0,0,1,2.142857142857143,0.0
7,1408,4,False,0,2025-02-26,1,0.0,0.12,0.16,2,26,0,0,1,2.2857142857142856,0.0
7,1434,4,False,0,2025-02-26,3,0.0,0.03,0.03,2,26,0,0,1,2.2857142857142856,0.0
7,1437,4,False,0,2025-02-26,0,0.0,0.04,0.07,2,26,0,0,1,2.4285714285714284,0.0
7,1438,4,False,0,2025-02-26,0,0.0,0.36,0.42,2,26,0,0,1,2.142857142857143,0.0
7,1444,4,False,0,2025-02-26,2,0.0,0.02,0.03,2,26,0,0,1,1.8571428571428572,0.0
7,1452,4,False,0,2025-02-26,2,0.0,0.05,0.08,2,26,0,0,1,1.2857142857142858,0.0
7,1454,4,False,0,2025-02-26,0,0.0,0.03,0.04,2,26,0,0,1,1.2857142857142858,0.0
7,1461,4,False,0,2025-02-26,0,0.0,0.02,0.04,2,26,0,0,1,1.1428571428571428,0.0
7,1467,4,False,0,2025-02-26,2,0.0,0.06,0.08,2,26,0,0,1,1.0,0.0
7,1475,4,False,0,2025-02-26,0,0.0,0.06,0.08,2,26,0,0,1,0.8571428571428571,0.0
7,1487,4,False,0,2025-02-26,3,0.0,0.05,0.07,2,26,0,0,1,0.8571428571428571,0.0
7,1490,4,False,0,2025-02-26,1,0.0,0.12,0.18,2,26,0,0,1,1.2857142857142858,0.0
7,1501,4,False,0,2025-02-26,2,0.0,0.02,0.03,2,26,0,0,1,1.1428571428571428,0.0
7,1516,4,False,0,2025-02-26,3,0.0,0.03,0.04,2,26,0,0,1,1.1428571428571428,0.0
7,1524,4,False,0,2025-02-26,2,0.0,0.06,0.09,2,26,0,0,1,1.5714285714285714,0.0
7,1527,4,False,0,2025-02-26,2,0.0,0.08,0.13,2,26,0,0,1,1.8571428571428572,0.0
7,1532,4,False,0,2025-02-26,0,0.0,0.03,0.05,2,26,0,0,1,1.8571428571428572,0.0
7,1552,4,False,0,2025-02-26,2,0.0,0.17,0.21,2,26,0,0,1,1.8571428571428572,0.0
7,1554,4,False,0,2025-02-26,0,0.0,0.03,0.04,2,26,0,0,1,1.7142857142857142,0.0
7,1565,4,False,0,2025-02-26,0,0.0,0.05,0.09,2,26,0,0,1,1.5714285714285714,0.0
7,1571,4,False,0,2025-02-26,1,0.0,0.09,0.13,2,26,0,0,1,1.2857142857142858,0.0
7,1575,4,False,0,2025-02-26,0,0.0,0.18,0.27,2,26,0,0,1,1.0,0.0
7,1589,4,False,0,2025-02-26,0,0.0,0.02,0.04,2,26,0,0,1,0.7142857142857143,0.0
7,1601,4,False,0,2025-02-26,2,0.0,0.1,0.2,2,26,0,0,1,0.42857142857142855,0.0
7,1608,4,False,0,2025-02-26,3,0.0,0.05,0.07,2,26,0,0,1,0.7142857142857143,0.0
7,1612,4,False,0,2025-02-26,1,0.0,0.06,0.07,2,26,0,0,1,0.8571428571428571,0.0
7,1623,4,False,0,2025-02-26,4,0.0,0.03,0.04,2,26,0,0,1,1.0,0.0
7,1637,4,False,0,2025-02-26,1,0.0,0.07,0.09,2,26,0,0,1,1.5714285714285714,0.0
7,1647,4,False,0,2025-02-26,1,0.0,0.09,0.12,2,26,0,0,1,1.5714285714285714,0.0
7,1655,4,False,0,2025-02-26,1,0.0,0.06,0.07,2,26,0,0,1,1.7142857142857142,0.0
7,1674,4,False,0,2025-02-26,0,0.0,0.04,0.06,2,26,0,0,1,1.8571428571428572,0.0
7,1676,4,False,0,2025-02-26,0,0.0,0.02,0.03,2,26,0,0,1,1.5714285714285714,0.0
7,1707,4,False,0,2025-02-26,0,0.0,0.01,0.02,2,26,0,0,1,1.1428571428571428,0.0
7,1712,4,False,0,2025-02-26,0,0.0,0.13,0.17,2,26,0,0,1,1.0,0.0
7,1742,4,False,0,2025-02-26,4,0.0,0.05,0.08,2,26,0,0,1,0.42857142857142855,0.0
7,1743,4,False,0,2025-02-26,0,0.0,0.05,0.07,2,26,0,0,1,0.8571428571428571,0.0
7,1747,4,False,0,2025-02-26,0,0.0,0.02,0.03,2,26,0,0,1,0.7142857142857143,0.0
7,1757,4,False,0,2025-02-26,3,0.0,0.01,0.02,2,26,0,0,1,0.5714285714285714,0.0
7,1761,4,False,0,2025-02-26,1,0.0,0.04,0.06,2,26,0,0,1,1.0,0.0
7,1768,4,False,0,2025-02-26,2,0.0,0.07,0.1,2,26,0,0,1,1.1428571428571428,0.0
7,1773,4,False,0,2025-02-26,2,0.0,0.04,0.06,2,26,0,0,1,1.4285714285714286,0.0
7,1780,4,False,0,2025-02-26,2,0.0,0.02,0.04,2,26,0,0,1,1.7142857142857142,0.0
7,1809,4,False,0,2025-02-26,0,0.0,0.01,0.01,2,26,0,0,1,1.4285714285714286,0.0
7,1820,4,False,0,2025-02-26,0,0.0,0.03,0.06,2,26,0,0,1,1.4285714285714286,0.0
7,1825,4,False,0,2025-02-26,0,0.0,0.06,0.09,2,26,0,0,1,1.4285714285714286,0.0
7,1833,4,False,0,2025-02-26,0,0.0,0.04,0.06,2,26,0,0,1,1.0,0.0
7,1848,4,False,0,2025-02-26,6,0.0,0.01,0.06,2,26,0,0,1,0.8571428571428571,0.0
7,1854,4,False,0,2025-02-26,0,0.0,0.03,0.05,2,26,0,0,1,1.4285714285714286,0.0
7,1864,4,False,0,2025-02-26,3,0.0,0.07,0.11,2,26,0,0,1,1.1428571428571428,0.0
7,1898,4,False,0,2025-02-26,0,0.0,0.08,0.13,2,26,0,0,1,1.2857142857142858,0.0
7,1909,4,False,0,2025-02-26,0,0.0,0.1,0.11,2,26,0,0,1,1.2857142857142858,0.0
7,1910,4,False,0,2025-02-26,0,0.0,0.09,0.16,2,26,0,0,1,1.2857142857142858,0.0
7,1921,4,False,0,2025-02-26,0,0.0,0.03,0.05,2,26,0,0,1,1.2857142857142858,0.0
7,1929,4,False,0,2025-02-26,3,0.0,0.01,0.02,2,26,0,0,1,1.2857142857142858,0.0
7,1935,4,False,0,2025-02-26,0,0.0,0.01,0.02,2,26,0,0,1,0.8571428571428571,0.0
7,1944,4,False,0,2025-02-26,3,0.0,0.07,0.09,2,26,0,0,1,0.8571428571428571,0.0
7,1948,4,False,0,2025-02-26,2,0.0,0.09,0.09,2,26,0,0,1,0.8571428571428571,0.0
7,1953,4,False,0,2025-02-26,4,0.0,0.03,0.05,2,26,0,0,1,1.1428571428571428,0.0
7,1955,4,False,0,2025-02-26,2,0.0,0.13,0.16,2,26,0,0,1,1.7142857142857142,0.0
7,1970,4,False,0,2025-02-26,1,0.0,0.07,0.11,2,26,0,0,1,2.0,0.0
7,1973,4,False,0,2025-02-26,0,0.0,0.03,0.04,2,26,0,0,1,2.142857142857143,0.0
7,1982,4,False,0,2025-02-26,0,0.0,0.01,0.02,2,26,0,0,1,1.7142857142857142,0.0
7,2000,4,False,0,2025-02-26,1,0.0,0.13,0.18,2,26,0,0,1,1.7142857142857142,0.0
7,2021,4,False,0,2025-02-26,0,0.0,0.01,0.02,2,26,0,0,1,1.4285714285714286,0.0
7,2030,4,False,0,2025-02-26,1,0.0,0.09,0.12,2,26,0,0,1,1.1428571428571428,0.0
7,2034,4,False,0,2025-02-26,5,0.0,0.03,0.04,2,26,0,0,1,0.7142857142857143,0.0
7,2036,4,False,0,2025-02-26,1,0.0,0.13,0.15,2,26,0,0,1,1.1428571428571428,0.0
7,2038,4,False,0,2025-02-26,2,0.0,0.11,0.15,2,26,0,0,1,1.1428571428571428,0.0
7,2053,4,False,0,2025-02-26,2,0.0,0.2,0.27,2,26,0,0,1,1.4285714285714286,0.0
7,2077,4,False,0,2025-02-26,8,0.0,0.02,0.04,2,26,0,0,1,1.7142857142857142,0.0
7,2091,4,False,0,2025-02-26,2,0.0,0.11,0.16,2,26,0,0,1,2.7142857142857144,0.0
7,2106,4,False,0,2025-02-26,1,0.0,0.12,0.2,2,26,0,0,1,3.0,0.0
7,2119,4,False,0,2025-02-26,0,0.0,0.09,0.11,2,26,0,0,1,3.0,0.0
7,2152,4,False,0,2025-02-26,3,0.0,0.05,0.07,2,26,0,0,1,2.2857142857142856,0.0
7,2163,4,False,0,2025-02-26,1,0.0,0.07,0.09,2,26,0,0,1,2.5714285714285716,0.0
7,2172,4,False,0,2025-02-26,0,0.0,0.06,0.07,2,26,0,0,1,2.4285714285714284,0.0
7,2181,4,False,0,2025-02-26,0,0.0,0.05,0.07,2,26,0,0,1,2.142857142857143,0.0
7,2196,4,False,0,2025-02-26,2,0.0,0.03,0.05,2,26,0,0,1,1.0,0.0
7,2204,4,False,0,2025-02-26,0,0.0,0.04,0.04,2,26,0,0,1,1.0,0.0
7,2217,4,False,0,2025-02-26,0,0.0,0.01,0.01,2,26,0,0,1,0.8571428571428571,0.0
7,2242,4,False,0,2025-02-26,3,0.0,0.06,0.11,2,26,0,0,1,0.8571428571428571,0.0
7,2244,4,False,0,2025-02-26,2,0.0,0.03,0.05,2,26,0,0,1,0.8571428571428571,0.0
7,2278,4,False,0,2025-02-26,1,0.0,0.09,0.13,2,26,0,0,1,1.0,0.0
7,2313,4,False,0,2025-02-26,2,0.0,0.01,0.02,2,26,0,0,1,1.1428571428571428,0.0
7,2334,4,False,0,2025-02-26,2,0.0,0.1,0.12,2,26,0,0,1,1.4285714285714286,0.0
7,2336,4,False,0,2025-02-26,1,0.0,0.04,0.05,2,26,0,0,1,1.4285714285714286,0.0
7,2342,4,False,0,2025-02-26,1,0.0,0.02,0.02,2,26,0,0,1,1.5714285714285714,0.0
7,2363,4,False,0,2025-02-26,0,0.0,0.07,0.09,2,26,0,0,1,1.7142857142857142,0.0
7,2375,4,False,0,2025-02-26,2,0.0,0.05,0.07,2,26,0,0,1,1.2857142857142858,0.0
7,2389,4,False,0,2025-02-26,0,0.0,0.04,0.04,2,26,0,0,1,1.2857142857142858,0.0
7,2390,4,False,0,2025-02-26,3,0.0,0.03,0.04,2,26,0,0,1,1.1428571428571428,0.0
7,2403,4,False,0,2025-02-26,3,0.0,0.03,0.05,2,26,0,0,1,1.2857142857142858,0.0
7,2410,4,False,0,2025-02-26,2,0.0,0.03,0.05,2,26,0,0,1,1.4285714285714286,0.0
7,2421,4,False,0,2025-02-26,0,0.0,0.02,0.02,2,26,0,0,1,1.5714285714285714,0.0
7,2434,4,False,0,2025-02-26,0,0.0,0.03,0.04,2,26,0,0,1,1.4285714285714286,0.0
7,2444,4,False,0,2025-02-26,1,0.0,0.06,0.07,2,26,0,0,1,1.4285714285714286,0.0
7,2445,4,False,0,2025-02-26,1,0.0,0.06,0.08,2,26,0,0,1,1.2857142857142858,0.0
7,2451,4,False,0,2025-02-26,0,0.0,0.02,0.04,2,26,0,0,1,1.4285714285714286,0.0
7,2453,4,False,0,2025-02-26,2,0.0,0.04,0.05,2,26,0,0,1,1.0,0.0
7,2488,4,False,0,2025-02-26,0,1.0,0.16,0.17,2,26,0,0,1,0.8571428571428571,0.0
7,2494,4,False,0,2025-02-26,0,0.0,0.04,0.06,2,26,0,0,1,0.5714285714285714,0.0
7,2512,4,False,0,2025-02-26,2,0.0,0.05,0.08,2,26,0,0,1,0.5714285714285714,0.0
7,2525,4,False,0,2025-02-26,2,0.0,0.11,0.15,2,26,0,0,1,0.8571428571428571,0.0
7,2529,4,False,0,2025-02-26,1,0.0,0.03,0.05,2,26,0,0,1,1.0,0.0
7,2531,4,False,0,2025-02-26,2,0.0,0.03,0.04,2,26,0,0,1,1.0,0.0
7,2542,4,False,0,2025-02-26,0,0.0,0.02,0.03,2,26,0,0,1,1.2857142857142858,0.0
7,2556,4,False,0,2025-02-26,0,0.0,0.08,0.1,2,26,0,0,1,1.0,0.0
7,2559,4,False,0,2025-02-26,0,0.0,0.03,0.05,2,26,0,0,1,1.0,0.0
7,2564,4,False,0,2025-02-26,0,0.0,0.01,0.02,2,26,0,0,1,1.0,0.0
7,2571,4,False,0,2025-02-26,2,0.0,0.14,0.14,2,26,0,0,1,0.7142857142857143,0.0
7,2589,4,False,0,2025-02-26,2,0.0,0.05,0.06,2,26,0,0,1,0.7142857142857143,0.0
7,2603,4,False,0,2025-02-26,3,0.0,0.1,0.15,2,26,0,0,1,0.8571428571428571,0.0
7,2610,4,False,0,2025-02-26,3,0.0,0.05,0.07,2,26,0,0,1,1.0,0.0
7,2613,4,False,0,2025-02-26,2,0.0,0.1,0.12,2,26,0,0,1,1.4285714285714286,0.0
7,2616,4,False,0,2025-02-26,0,0.0,0.02,0.04,2,26,0,0,1,1.7142857142857142,0.0
7,2623,4,False,0,2025-02-26,2,0.0,0.07,0.04,2,26,0,0,1,1.7142857142857142,0.0
7,2628,4,False,0,2025-02-26,1,0.0,0.04,0.06,2,26,0,0,1,2.0,0.0
7,2635,4,False,0,2025-02-26,0,0.0,0.03,0.04,2,26,0,0,1,1.8571428571428572,0.0
7,2638,4,False,0,2025-02-26,0,0.0,0.02,0.03,2,26,0,0,1,1.5714285714285714,0.0
7,2639,4,False,0,2025-02-26,0,0.0,0.03,0.05,2,26,0,0,1,1.1428571428571428,0.0
7,2643,4,False,0,2025-02-26,1,0.0,0.09,0.12,2,26,0,0,1,0.7142857142857143,0.0
7,2651,4,False,0,2025-02-26,2,0.0,0.07,0.13,2,26,0,0,1,0.5714285714285714,0.0
7,2653,4,False,0,2025-02-26,3,0.0,0.04,0.05,2,26,0,0,1,0.8571428571428571,0.0
7,2655,4,False,0,2025-02-26,2,0.0,0.12,0.13,2,26,0,0,1,1.0,0.0
7,2667,4,False,0,2025-02-26,1,0.0,0.14,0.22,2,26,0,0,1,1.1428571428571428,0.0
7,2670,4,False,0,2025-02-26,2,0.0,0.09,0.1,2,26,0,0,1,1.2857142857142858,0.0
7,2671,4,False,0,2025-02-26,0,0.0,0.02,0.03,2,26,0,0,1,1.5714285714285714,0.0
7,2679,4,False,0,2025-02-26,2,0.0,0.03,0.05,2,26,0,0,1,1.5714285714285714,0.0
7,2690,4,False,0,2025-02-26,2,0.0,0.09,0.11,2,26,0,0,1,1.7142857142857142,0.0
7,2701,4,False,0,2025-02-26,2,0.0,0.11,0.12,2,26,0,0,1,1.7142857142857142,0.0
7,2704,4,False,0,2025-02-26,3,0.0,0.06,0.09,2,26,0,0,1,1.5714285714285714,0.0
7,2709,4,False,0,2025-02-26,0,0.0,0.04,0.06,2,26,0,0,1,1.7142857142857142,0.0
7,2729,4,False,0,2025-02-26,2,0.0,0.1,0.13,2,26,0,0,1,1.5714285714285714,0.0
7,2748,4,False,0,2025-02-26,3,0.0,0.04,0.05,2,26,0,0,1,1.5714285714285714,0.0
7,2760,4,False,0,2025-02-26,0,0.0,0.04,0.06,2,26,0,0,1,2.0,0.0
7,2763,4,False,0,2025-02-26,4,0.0,0.05,0.06,2,26,0,0,1,1.7142857142857142,0.0
7,2774,4,False,0,2025-02-26,0,0.0,0.01,0.01,2,26,0,0,1,2.0,0.0
7,2775,4,False,0,2025-02-26,3,0.0,0.03,0.05,2,26,0,0,1,1.7142857142857142,0.0
7,2780,4,False,0,2025-02-26,1,0.0,0.16,0.22,2,26,0,0,1,1.7142857142857142,0.0
7,2781,4,False,0,2025-02-26,2,0.0,0.05,0.08,2,26,0,0,1,1.8571428571428572,0.0
7,2785,4,False,0,2025-02-26,0,0.0,0.04,0.05,2,26,0,0,1,1.8571428571428572,0.0
7,2813,4,False,0,2025-02-26,1,0.0,0.12,0.12,2,26,0,0,1,1.4285714285714286,0.0
7,2820,4,False,0,2025-02-26,0,0.0,0.15,0.22,2,26,0,0,1,1.5714285714285714,0.0
7,2839,4,False,0,2025-02-26,2,0.0,0.03,0.08,2,26,0,0,1,1.0,0.0
7,2845,4,False,0,2025-02-26,2,0.0,0.1,0.12,2,26,0,0,1,1.2857142857142858,0.0
7,2851,4,False,0,2025-02-26,0,0.0,0.01,0.01,2,26,0,0,1,1.1428571428571428,0.0
7,2853,4,False,0,2025-02-26,0,0.0,0.01,0.01,2,26,0,0,1,1.0,0.0
7,2856,4,False,0,2025-02-26,0,0.0,0.02,0.04,2,26,0,0,1,0.7142857142857143,0.0
7,2872,4,False,0,2025-02-26,0,0.0,0.02,0.03,2,26,0,0,1,0.7142857142857143,0.0
7,2891,4,False,0,2025-02-26,0,0.0,0.01,0.03,2,26,0,0,1,0.5714285714285714,0.0
7,2897,4,False,0,2025-02-26,0,0.0,0.04,0.06,2,26,0,0,1,0.5714285714285714,0.0
7,2903,4,False,0,2025-02-26,2,0.0,0.04,0.05,2,26,0,0,1,0.2857142857142857,0.0
7,2916,4,False,0,2025-02-26,1,0.0,0.1,0.14,2,26,0,0,1,0.2857142857142857,0.0
7,2923,4,False,0,2025-02-26,2,0.0,0.15,0.2,2,26,0,0,1,0.42857142857142855,0.0
7,2930,4,False,0,2025-02-26,3,0.0,0.02,0.04,2,26,0,0,1,0.7142857142857143,0.0
7,2962,4,False,0,2025-02-26,1,0.0,0.03,0.05,2,26,0,0,1,1.1428571428571428,0.0
7,2972,4,False,0,2025-02-26,3,0.0,0.03,0.06,2,26,0,0,1,1.2857142857142858,0.0
7,2978,4,False,0,2025-02-26,2,0.0,0.06,0.02,2,26,0,0,1,1.7142857142857142,0.0
7,3013,4,False,0,2025-02-26,1,0.0,0.03,0.04,2,26,0,0,1,2.0,0.0
7,3026,4,False,0,2025-02-26,0,0.0,0.03,0.06,2,26,0,0,1,1.8571428571428572,0.0
7,3041,4,False,0,2025-02-26,3,0.0,0.14,0.16,2,26,0,0,1,1.7142857142857142,0.0
7,3046,4,False,0,2025-02-26,0,0.0,0.06,0.12,2,26,0,0,1,1.8571428571428572,0.0
7,3073,4,False,0,2025-02-26,2,0.0,0.06,0.11,2,26,0,0,1,1.4285714285714286,0.0
7,3082,4,False,0,2025-02-26,1,0.0,0.04,0.07,2,26,0,0,1,1.5714285714285714,0.0
7,3092,4,False,0,2025-02-26,0,0.0,0.03,0.05,2,26,0,0,1,1.2857142857142858,0.0
7,3095,4,False,0,2025-02-26,2,0.0,0.06,0.08,2,26,0,0,1,1.0,0.0
7,3135,4,False,0,2025-02-26,0,0.0,0.04,0.07,2,26,0,0,1,1.1428571428571428,0.0
7,3140,4,False,0,2025-02-26,0,0.0,0.01,0.02,2,26,0,0,1,1.1428571428571428,0.0
7,3152,4,False,0,2025-02-26,0,0.0,0.02,0.03,2,26,0,0,1,0.7142857142857143,0.0
7,3168,4,False,0,2025-02-26,1,0.0,0.01,0.02,2,26,0,0,1,0.7142857142857143,0.0
7,3192,4,False,0,2025-02-26,2,0.0,0.02,0.04,2,26,0,0,1,0.5714285714285714,0.0
7,3200,4,False,0,2025-02-26,2,0.0,0.07,0.09,2,26,0,0,1,0.7142857142857143,0.0
7,3227,4,False,0,2025-02-26,2,0.0,0.09,0.15,2,26,0,0,1,1.0,0.0
7,3255,4,False,0,2025-02-26,1,0.0,0.03,0.07,2,26,0,0,1,1.0,0.0
7,3264,4,False,0,2025-02-26,3,0.0,0.13,0.19,2,26,0,0,1,1.1428571428571428,0.0
7,3277,4,False,0,2025-02-26,0,0.0,0.01,0.02,2,26,0,0,1,1.5714285714285714,0.0
7,3299,4,False,0,2025-02-26,4,0.0,0.02,0.02,2,26,0,0,1,1.5714285714285714,0.0
7,3323,4,False,0,2025-02-26,0,0.0,0.03,0.03,2,26,0,0,1,2.0,0.0
7,3325,4,False,0,2025-02-26,2,0.0,0.09,0.1,2,26,0,0,1,1.7142857142857142,0.0
7,3329,4,False,0,2025-02-26,1,0.0,0.04,0.06,2,26,0,0,1,1.7142857142857142,0.0
7,3345,4,False,0,2025-02-26,0,0.0,0.15,0.22,2,26,0,0,1,1.5714285714285714,0.0
7,3353,4,False,0,2025-02-26,0,0.0,0.09,0.13,2,26,0,0,1,1.4285714285714286,0.0
7,3373,4,False,0,2025-02-26,1,0.0,0.01,0.02,2,26,0,0,1,1.0,0.0
7,3379,4,False,0,2025-02-26,2,0.0,0.06,0.1,2,26,0,0,1,1.1428571428571428,0.0
7,3384,4,False,0,2025-02-26,0,0.0,0.08,0.12,2,26,0,0,1,0.8571428571428571,0.0
7,3385,4,False,0,2025-02-26,2,0.0,0.07,0.12,2,26,0,0,1,0.8571428571428571,0.0
7,3395,4,False,0,2025-02-26,0,0.0,0.05,0.07,2,26,0,0,1,0.8571428571428571,0.0
7,3416,4,False,0,2025-02-26,2,0.0,0.01,0.02,2,26,0,0,1,0.7142857142857143,0.0
7,3436,4,False,0,2025-02-26,0,0.0,0.11,0.14,2,26,0,0,1,1.0,0.0
7,3475,4,False,0,2025-02-26,2,0.0,0.08,0.1,2,26,0,0,1,1.0,0.0
7,3488,4,False,0,2025-02-26,1,0.0,0.04,0.06,2,26,0,0,1,1.1428571428571428,0.0
7,3489,4,False,0,2025-02-26,0,0.0,0.01,0.02,2,26,0,0,1,1.0,0.0
7,3494,4,False,0,2025-02-26,0,0.0,0.02,0.02,2,26,0,0,1,1.0,0.0
7,3501,4,False,0,2025-02-26,1,0.0,0.09,0.13,2,26,0,0,1,0.7142857142857143,0.0
7,3506,4,False,0,2025-02-26,0,0.0,0.02,0.03,2,26,0,0,1,0.8571428571428571,0.0
7,3512,4,False,0,2025-02-26,1,0.0,0.07,0.1,2,26,0,0,1,0.5714285714285714,0.0
7,3516,4,False,0,2025-02-26,2,0.0,0.08,0.11,2,26,0,0,1,0.7142857142857143,0.0
7,3521,4,False,0,2025-02-26,0,0.0,0.04,0.05,2,26,0,0,1,0.7142857142857143,0.0
7,3528,4,False,0,2025-02-26,1,0.0,0.02,0.04,2,26,0,0,1,0.5714285714285714,0.0
7,3534,4,False,0,2025-02-26,0,0.0,0.04,0.05,2,26,0,0,1,0.7142857142857143,0.0
7,3537,4,False,0,2025-02-26,3,0.0,0.04,0.05,2,26,0,0,1,0.7142857142857143,0.0
7,3542,4,False,0,2025-02-26,2,0.0,0.03,0.05,2,26,0,0,1,1.0,0.0
7,3554,4,False,0,2025-02-26,2,0.0,0.05,0.07,2,26,0,0,1,1.2857142857142858,0.0
7,3565,4,False,0,2025-02-26,1,0.0,0.13,0.17,2,26,0,0,1,1.4285714285714286,0.0
7,3566,4,False,0,2025-02-26,0,0.0,0.09,0.1,2,26,0,0,1,1.2857142857142858,0.0
7,3570,4,False,0,2025-02-26,0,0.0,0.01,0.01,2,26,0,0,1,1.2857142857142858,0.0
7,3572,4,False,0,2025-02-26,0,0.0,0.04,0.05,2,26,0,0,1,1.1428571428571428,0.0
7,3585,4,False,0,2025-02-26,2,0.0,0.05,0.07,2,26,0,0,1,1.1428571428571428,0.0
7,3598,4,False,0,2025-02-26,0,0.0,0.07,0.11,2,26,0,0,1,1.0,0.0
7,3599,4,False,0,2025-02-26,1,0.0,0.02,0.03,2,26,0,0,1,0.7142857142857143,0.0
7,3606,4,False,0,2025-02-26,3,0.0,0.04,0.07,2,26,0,0,1,0.5714285714285714,0.0
7,3611,4,False,0,2025-02-26,0,0.0,0.03,0.05,2,26,0,0,1,0.8571428571428571,0.0
7,3622,4,False,0,2025-02-26,3,0.0,0.05,0.07,2,26,0,0,1,0.8571428571428571,0.0
7,3636,4,False,0,2025-02-26,2,0.0,0.05,0.06,2,26,0,0,1,1.2857142857142858,0.0
7,3657,4,False,0,2025-02-26,2,0.0,0.13,0.17,2,26,0,0,1,1.5714285714285714,0.0
7,3662,4,False,0,2025-02-26,0,0.0,0.03,0.04,2,26,0,0,1,1.5714285714285714,0.0
7,3663,4,False,0,2025-02-26,1,0.0,0.02,0.03,2,26,0,0,1,1.5714285714285714,0.0
7,3668,4,False,0,2025-02-26,0,0.0,0.03,0.04,2,26,0,0,1,1.5714285714285714,0.0
7,3673,4,False,0,2025-02-26,4,0.0,0.04,0.06,2,26,0,0,1,1.1428571428571428,0.0
7,3686,4,False,0,2025-02-26,0,0.0,0.02,0.02,2,26,0,0,1,1.7142857142857142,0.0
7,3710,4,False,0,2025-02-26,1,0.0,0.08,0.11,2,26,0,0,1,1.2857142857142858,0.0
7,3715,4,False,0,2025-02-26,3,0.0,0.15,0.25,2,26,0,0,1,1.1428571428571428,0.0
7,3722,4,False,0,2025-02-26,2,0.0,0.03,0.04,2,26,0,0,1,1.2857142857142858,0.0
7,3736,4,False,0,2025-02-26,2,0.0,0.07,0.07,2,26,0,0,1,1.5714285714285714,0.0
7,3766,4,False,0,2025-02-26,2,0.0,0.11,0.15,2,26,0,0,1,1.7142857142857142,0.0
7,3790,4,False,0,2025-02-26,0,0.0,0.02,0.02,2,26,0,0,1,2.0,0.0
7,3796,4,False,0,2025-02-26,0,0.0,0.05,0.08,2,26,0,0,1,1.4285714285714286,0.0
7,3844,4,False,0,2025-02-26,2,0.0,0.05,0.06,2,26,0,0,1,1.4285714285714286,0.0
7,3861,4,False,0,2025-02-26,1,0.0,0.05,0.08,2,26,0,0,1,1.5714285714285714,0.0
7,3874,4,False,0,2025-02-26,3,0.0,0.08,0.1,2,26,0,0,1,1.2857142857142858,0.0
7,3876,4,False,0,2025-02-26,2,0.0,0.12,0.18,2,26,0,0,1,1.4285714285714286,0.0
7,3882,4,False,0,2025-02-26,0,0.0,0.05,0.08,2,26,0,0,1,1.4285714285714286,0.0
7,3883,4,False,0,2025-02-26,3,0.0,0.07,0.1,2,26,0,0,1,1.1428571428571428,0.0
7,3887,4,False,0,2025-02-26,2,0.0,0.03,0.05,2,26,0,0,1,1.5714285714285714,0.0
7,3892,4,False,0,2025-02-26,1,0.0,0.12,0.17,2,26,0,0,1,1.8571428571428572,0.0
7,3897,4,False,0,2025-02-26,0,0.0,0.05,0.07,2,26,0,0,1,1.7142857142857142,0.0
7,3899,4,False,0,2025-02-26,2,0.0,0.03,0.05,2,26,0,0,1,1.5714285714285714,0.0
7,3919,4,False,0,2025-02-26,1,0.0,0.07,0.1,2,26,0,0,1,1.4285714285714286,0.0
7,3921,4,False,0,2025-02-26,2,1.0,0.06,0.09,2,26,0,0,1,1.2857142857142858,0.0
7,3927,4,False,0,2025-02-26,0,0.0,0.03,0.04,2,26,0,0,1,1.5714285714285714,0.0
7,3929,4,False,0,2025-02-26,9,0.0,0.02,0.04,2,26,0,0,1,1.1428571428571428,0.0
7,3930,4,False,0,2025-02-26,1,0.0,0.04,0.06,2,26,0,0,1,2.142857142857143,0.0
7,3936,4,False,0,2025-02-26,3,0.0,0.11,0.19,2,26,0,0,1,2.142857142857143,0.0
7,3994,4,False,0,2025-02-26,2,0.0,0.08,0.1,2,26,0,0,1,2.5714285714285716,0.0
7,4000,4,False,0,2025-02-26,4,0.0,0.07,0.1,2,26,0,0,1,2.5714285714285716,0.0
7,4004,4,False,0,2025-02-26,0,0.0,0.01,0.02,2,26,0,0,1,3.0,0.0
7,4005,4,False,0,2025-02-26,2,0.0,0.03,0.06,2,26,0,0,1,2.7142857142857144,0.0
7,4024,4,False,0,2025-02-26,0,0.0,0.08,0.09,2,26,0,0,1,3.0,0.0
7,4042,4,False,0,2025-02-26,2,0.0,0.09,0.15,2,26,0,0,1,1.7142857142857142,0.0
7,4048,4,False,0,2025-02-26,2,0.0,0.03,0.04,2,26,0,0,1,1.8571428571428572,0.0
7,4050,4,False,0,2025-02-26,2,0.0,0.06,0.1,2,26,0,0,1,1.7142857142857142,0.0
7,4067,4,False,0,2025-02-26,2,0.0,0.01,0.01,2,26,0,0,1,1.7142857142857142,0.0
7,4080,4,False,0,2025-02-26,2,0.0,0.03,0.02,2,26,0,0,1,1.4285714285714286,0.0
7,4085,4,False,0,2025-02-26,3,0.0,0.03,0.05,2,26,0,0,1,1.7142857142857142,0.0
7,4099,4,False,0,2025-02-26,0,0.0,0.15,0.21,2,26,0,0,1,1.8571428571428572,0.0
7,4107,4,False,0,2025-02-26,0,0.0,0.01,0.02,2,26,0,0,1,1.8571428571428572,0.0
7,4110,4,False,0,2025-02-26,0,0.0,0.02,0.02,2,26,0,0,1,1.5714285714285714,0.0
7,4116,4,False,0,2025-02-26,0,0.0,0.04,0.06,2,26,0,0,1,1.2857142857142858,0.0
7,4127,4,False,0,2025-02-26,0,0.0,0.01,0.02,2,26,0,0,1,1.0,0.0
7,4130,4,False,0,2025-02-26,0,0.0,0.0,0.0,2,26,0,0,1,0.7142857142857143,0.0
7,4134,4,False,0,2025-02-26,1,0.0,0.03,0.05,2,26,0,0,1,0.42857142857142855,0.0
7,4139,4,False,0,2025-02-26,2,0.0,0.06,0.09,2,26,0,0,1,0.14285714285714285,0.0
7,4145,4,False,0,2025-02-26,0,0.0,0.02,0.02,2,26,0,0,1,0.42857142857142855,0.0
7,4147,4,False,0,2025-02-26,1,0.0,0.02,0.02,2,26,0,0,1,0.42857142857142855,0.0
7,4151,4,False,0,2025-02-26,2,0.0,0.07,0.08,2,26,0,0,1,0.5714285714285714,0.0
7,4152,4,False,0,2025-02-26,2,0.0,0.08,0.1,2,26,0,0,1,0.8571428571428571,0.0
7,4163,4,False,0,2025-02-26,0,0.0,0.01,0.02,2,26,0,0,1,1.1428571428571428,0.0
7,4166,4,False,0,2025-02-26,2,0.0,0.24,0.33,2,26,0,0,1,1.1428571428571428,0.0
7,4169,4,False,0,2025-02-26,2,0.0,0.05,0.08,2,26,0,0,1,1.2857142857142858,0.0
7,4174,4,False,0,2025-02-26,2,0.0,0.09,0.17,2,26,0,0,1,1.2857142857142858,0.0
7,4178,4,False,0,2025-02-26,1,0.0,0.06,0.08,2,26,0,0,1,1.5714285714285714,0.0
7,4209,4,False,0,2025-02-26,1,0.0,0.08,0.12,2,26,0,0,1,1.5714285714285714,0.0
7,4216,4,False,0,2025-02-26,8,0.0,0.02,0.03,2,26,0,0,1,1.4285714285714286,0.0
7,4218,4,False,0,2025-02-26,2,0.0,0.13,0.17,2,26,0,0,1,2.2857142857142856,0.0
7,4226,4,False,0,2025-02-26,3,0.0,0.05,0.08,2,26,0,0,1,2.5714285714285716,0.0
7,4235,4,False,0,2025-02-26,0,0.0,0.01,0.01,2,26,0,0,1,2.7142857142857144,0.0
7,4254,4,False,0,2025-02-26,2,0.0,0.05,0.1,2,26,0,0,1,2.4285714285714284,0.0
7,4266,4,False,0,2025-02-26,1,1.0,0.14,0.2,2,26,0,0,1,2.4285714285714284,0.0
7,4282,4,False,0,2025-02-26,3,0.0,0.05,0.09,2,26,0,0,1,2.4285714285714284,0.0
7,4287,4,False,0,2025-02-26,0,0.0,0.02,0.04,2,26,0,0,1,2.7142857142857144,0.0
7,4294,4,False,0,2025-02-26,2,0.0,0.06,0.11,2,26,0,0,1,1.5714285714285714,0.0
7,4308,4,False,0,2025-02-26,3,0.0,0.12,0.17,2,26,0,0,1,1.5714285714285714,0.0
7,4309,4,False,0,2025-02-26,2,0.0,0.02,0.03,2,26,0,0,1,1.5714285714285714,0.0
7,4327,4,False,0,2025-02-26,2,0.0,0.07,0.11,2,26,0,0,1,1.8571428571428572,0.0
7,4341,4,False,0,2025-02-26,5,0.0,0.01,0.01,2,26,0,0,1,1.8571428571428572,0.0
7,4355,4,False,0,2025-02-26,4,0.0,0.03,0.04,2,26,0,0,1,2.4285714285714284,0.0
7,4358,4,False,0,2025-02-26,2,0.0,0.04,0.05,2,26,0,0,1,2.5714285714285716,0.0
7,4377,4,False,0,2025-02-26,3,0.0,0.04,0.05,2,26,0,0,1,2.857142857142857,0.0
7,4379,4,False,0,2025-02-26,0,0.0,0.08,0.11,2,26,0,0,1,3.0,0.0
7,4382,4,False,0,2025-02-26,1,0.0,0.14,0.23,2,26,0,0,1,2.5714285714285716,0.0
7,4389,4,False,0,2025-02-26,3,0.0,0.08,0.11,2,26,0,0,1,2.4285714285714284,0.0
7,4396,4,False,0,2025-02-26,0,0.0,0.05,0.08,2,26,0,0,1,2.5714285714285716,0.0
7,4399,4,False,0,2025-02-26,0,0.0,0.05,0.07,2,26,0,0,1,1.8571428571428572,0.0
7,4437,4,False,0,2025-02-26,1,0.0,0.06,0.08,2,26,0,0,1,1.2857142857142858,0.0
7,4448,4,False,0,2025-02-26,1,0.0,0.04,0.06,2,26,0,0,1,1.1428571428571428,0.0
7,4463,4,False,0,2025-02-26,2,0.0,0.12,0.18,2,26,0,0,1,0.8571428571428571,0.0
7,4471,4,False,0,2025-02-26,3,0.0,0.04,0.06,2,26,0,0,1,1.1428571428571428,0.0
7,4494,4,False,0,2025-02-26,1,0.0,0.06,0.06,2,26,0,0,1,1.4285714285714286,0.0
7,4498,4,False,0,2025-02-26,0,0.0,0.01,0.02,2,26,0,0,1,1.1428571428571428,0.0
7,4502,4,False,0,2025-02-26,0,0.0,0.01,0.02,2,26,0,0,1,1.1428571428571428,0.0
7,4509,4,False,0,2025-02-26,1,0.0,0.06,0.1,2,26,0,0,1,1.1428571428571428,0.0
7,4510,4,False,0,2025-02-26,2,0.0,0.07,0.09,2,26,0,0,1,1.1428571428571428,0.0
7,4514,4,False,0,2025-02-26,0,0.0,0.05,0.08,2,26,0,0,1,1.2857142857142858,0.0
7,4528,4,False,0,2025-02-26,2,0.0,0.11,0.14,2,26,0,0,1,1.0,0.0
7,4529,4,False,0,2025-02-26,2,0.0,0.03,0.03,2,26,0,0,1,0.8571428571428571,0.0
7,4534,4,False,0,2025-02-26,2,0.0,0.02,0.03,2,26,0,0,1,1.0,0.0
7,4541,4,False,0,2025-02-26,1,0.0,0.17,0.24,2,26,0,0,1,1.2857142857142858,0.0
7,4556,4,False,0,2025-02-26,1,0.0,0.07,0.1,2,26,0,0,1,1.4285714285714286,0.0
7,4557,4,False,0,2025-02-26,2,0.0,0.1,0.1,2,26,0,0,1,1.4285714285714286,0.0
7,4559,4,False,0,2025-02-26,3,0.0,0.02,0.04,2,26,0,0,1,1.4285714285714286,0.0
7,4579,4,False,0,2025-02-26,1,0.0,0.12,0.17,2,26,0,0,1,1.8571428571428572,0.0
7,4589,4,False,0,2025-02-26,1,0.0,0.02,0.04,2,26,0,0,1,1.7142857142857142,0.0
7,4600,4,False,0,2025-02-26,2,0.0,0.05,0.07,2,26,0,0,1,1.5714285714285714,0.0
7,4634,4,False,0,2025-02-26,2,0.0,0.07,0.12,2,26,0,0,1,1.5714285714285714,0.0
7,4646,4,False,0,2025-02-26,1,0.0,0.02,0.04,2,26,0,0,1,1.7142857142857142,0.0
7,4649,4,False,0,2025-02-26,2,0.0,0.09,0.14,2,26,0,0,1,1.7142857142857142,0.0
7,4657,4,False,0,2025-02-26,3,0.0,0.05,0.07,2,26,0,0,1,1.7142857142857142,0.0
7,4684,4,False,0,2025-02-26,2,0.0,0.01,0.02,2,26,0,0,1,1.7142857142857142,0.0
7,4692,4,False,0,2025-02-26,0,0.0,0.08,0.1,2,26,0,0,1,1.8571428571428572,0.0
7,4714,4,False,0,2025-02-26,1,0.0,0.04,0.06,2,26,0,0,1,1.7142857142857142,0.0
7,4718,4,False,0,2025-02-26,1,0.0,0.06,0.13,2,26,0,0,1,1.5714285714285714,0.0
7,4721,4,False,0,2025-02-26,0,0.0,0.01,0.01,2,26,0,0,1,1.4285714285714286,0.0
7,4724,4,False,0,2025-02-26,0,0.0,0.02,0.04,2,26,0,0,1,1.2857142857142858,0.0
7,4739,4,False,0,2025-02-26,0,0.0,0.01,0.02,2,26,0,0,1,1.0,0.0
7,4743,4,False,0,2025-02-26,2,0.0,0.07,0.08,2,26,0,0,1,0.5714285714285714,0.0
7,4758,4,False,0,2025-02-26,1,0.0,0.03,0.04,2,26,0,0,1,0.5714285714285714,0.0
7,4764,4,False,0,2025-02-26,2,0.0,0.03,0.05,2,26,0,0,1,0.7142857142857143,0.0
7,4798,4,False,0,2025-02-26,6,0.0,0.05,0.07,2,26,0,0,1,0.8571428571428571,0.0
7,4815,4,False,0,2025-02-26,2,0.0,0.09,0.13,2,26,0,0,1,1.5714285714285714,0.0
7,4817,4,False,0,2025-02-26,0,0.0,0.04,0.06,2,26,0,0,1,1.8571428571428572,0.0
7,4821,4,False,0,2025-02-26,0,0.0,0.02,0.02,2,26,0,0,1,1.8571428571428572,0.0
7,4825,4,False,0,2025-02-26,2,0.0,0.11,0.2,2,26,0,0,1,1.8571428571428572,0.0
7,4837,4,False,0,2025-02-26,2,0.0,0.09,0.1,2,26,0,0,1,1.8571428571428572,0.0
7,4840,4,False,0,2025-02-26,0,0.0,0.04,0.06,2,26,0,0,1,2.0,0.0
7,4843,4,False,0,2025-02-26,0,0.0,0.05,0.06,2,26,0,0,1,1.7142857142857142,0.0
7,4857,4,False,0,2025-02-26,1,0.0,0.08,0.11,2,26,0,0,1,0.8571428571428571,0.0
7,4877,4,False,0,2025-02-26,0,0.0,0.13,0.13,2,26,0,0,1,0.7142857142857143,0.0
7,4879,4,False,0,2025-02-26,1,0.0,0.09,0.13,2,26,0,0,1,0.7142857142857143,0.0
7,4902,4,False,0,2025-02-26,0,0.0,0.02,0.03,2,26,0,0,1,0.8571428571428571,0.0
7,4912,4,False,0,2025-02-26,3,0.0,0.03,0.04,2,26,0,0,1,0.5714285714285714,0.0
7,4913,4,False,0,2025-02-26,3,0.0,0.04,0.04,2,26,0,0,1,0.7142857142857143,0.0
7,4914,4,False,0,2025-02-26,2,0.0,0.05,0.05,2,26,0,0,1,1.1428571428571428,0.0
7,4944,4,False,0,2025-02-26,2,0.0,0.05,0.07,2,26,0,0,1,1.4285714285714286,0.0
7,4945,4,False,0,2025-02-26,3,0.0,0.07,0.09,2,26,0,0,1,1.5714285714285714,0.0
7,4956,4,False,0,2025-02-26,4,0.0,0.03,0.05,2,26,0,0,1,2.0,0.0
7,4985,4,False,0,2025-02-26,3,0.0,0.07,0.11,2,26,0,0,1,2.4285714285714284,0.0
7,4990,4,False,0,2025-02-26,0,0.0,0.0,0.0,2,26,0,0,1,2.857142857142857,0.0
7,5003,4,False,0,2025-02-26,0,0.0,0.02,0.03,2,26,0,0,1,2.4285714285714284,0.0
7,5014,4,False,0,2025-02-26,2,0.0,0.11,0.16,2,26,0,0,1,2.0,0.0
7,5017,4,False,0,2025-02-26,2,0.0,0.06,0.07,2,26,0,0,1,2.0,0.0
7,5020,4,False,0,2025-02-26,2,0.0,0.04,0.06,2,26,0,0,1,2.0,0.0
7,5030,4,False,0,2025-02-26,2,0.0,0.05,0.08,2,26,0,0,1,1.8571428571428572,0.0
7,5044,4,False,0,2025-02-26,0,0.0,0.04,0.06,2,26,0,0,1,1.5714285714285714,0.0
7,5054,4,False,0,2025-02-26,2,0.0,0.09,0.12,2,26,0,0,1,1.1428571428571428,0.0
7,5067,4,False,0,2025-02-26,1,0.0,0.02,0.04,2,26,0,0,1,1.4285714285714286,0.0
7,5071,4,False,0,2025-02-26,0,0.0,0.01,0.01,2,26,0,0,1,1.5714285714285714,0.0
7,5072,4,False,0,2025-02-26,3,0.0,0.04,0.05,2,26,0,0,1,1.2857142857142858,0.0
7,5077,4,False,0,2025-02-26,3,0.0,0.03,0.05,2,26,0,0,1,1.4285714285714286,0.0
7,5083,4,False,0,2025-02-26,2,0.0,0.07,0.07,2,26,0,0,1,1.5714285714285714,0.0
7,5089,4,False,0,2025-02-26,0,0.0,0.05,0.07,2,26,0,0,1,1.5714285714285714,0.0
7,5099,4,False,0,2025-02-26,3,0.0,0.04,0.05,2,26,0,0,1,1.5714285714285714,0.0
7,5121,4,False,0,2025-02-26,1,0.0,0.03,0.03,2,26,0,0,1,1.7142857142857142,0.0
7,5132,4,False,0,2025-02-26,1,0.0,0.02,0.04,2,26,0,0,1,1.7142857142857142,0.0
7,5134,4,False,0,2025-02-26,2,0.0,0.03,0.03,2,26,0,0,1,1.8571428571428572,0.0
7,5136,4,False,0,2025-02-26,0,0.0,0.07,0.07,2,26,0,0,1,1.7142857142857142,0.0
7,5181,4,False,0,2025-02-26,3,0.0,0.01,0.01,2,26,0,0,1,1.2857142857142858,0.0
7,5187,4,False,0,2025-02-26,3,0.0,0.05,0.07,2,26,0,0,1,1.4285714285714286,0.0
7,5194,4,False,0,2025-02-26,0,0.0,0.03,0.04,2,26,0,0,1,1.8571428571428572,0.0
7,5200,4,False,0,2025-02-26,0,0.0,0.08,0.1,2,26,0,0,1,1.4285714285714286,0.0
7,5213,4,False,0,2025-02-26,3,0.0,0.01,0.02,2,26,0,0,1,1.2857142857142858,0.0
7,5214,4,False,0,2025-02-26,1,0.0,0.04,0.06,2,26,0,0,1,1.5714285714285714,0.0
7,5220,4,False,0,2025-02-26,0,0.0,0.03,0.05,2,26,0,0,1,1.4285714285714286,0.0
7,5227,4,False,0,2025-02-26,2,0.0,0.02,0.02,2,26,0,0,1,1.4285714285714286,0.0
7,5231,4,False,0,2025-02-26,0,0.0,0.02,0.03,2,26,0,0,1,1.2857142857142858,0.0
7,5233,4,False,0,2025-02-26,1,0.0,0.04,0.04,2,26,0,0,1,0.8571428571428571,0.0
7,5237,4,False,0,2025-02-26,0,0.0,0.07,0.12,2,26,0,0,1,1.0,0.0
7,5243,4,False,0,2025-02-26,3,0.0,0.04,0.06,2,26,0,0,1,1.0,0.0
7,5251,4,False,0,2025-02-26,1,0.0,0.02,0.03,2,26,0,0,1,1.0,0.0
7,5258,4,False,0,2025-02-26,1,0.0,0.05,0.1,2,26,0,0,1,1.0,0.0
7,5271,4,False,0,2025-02-26,1,0.0,0.02,0.03,2,26,0,0,1,1.1428571428571428,0.0
7,20,5,True,0,2025-02-26,0,0.0,0.01,0.04,2,26,0,0,1,1.0,0.0
7,104,5,True,0,2025-02-26,2,0.0,0.04,0.07,2,26,0,0,1,1.0,0.0
7,160,5,True,0,2025-02-26,0,0.0,0.06,0.09,2,26,0,0,1,1.1428571428571428,0.0
7,297,5,True,0,2025-02-26,0,0.0,0.02,0.02,2,26,0,0,1,1.1428571428571428,0.0
7,358,5,True,0,2025-02-26,8,0.0,0.03,0.08,2,26,0,0,1,0.7142857142857143,0.0
7,387,5,True,0,2025-02-26,0,0.0,0.02,0.06,2,26,0,0,1,1.7142857142857142,0.0
7,410,5,True,0,2025-02-26,0,0.0,0.03,0.05,2,26,0,0,1,1.5714285714285714,0.0
7,433,5,True,0,2025-02-26,0,0.0,0.07,0.08,2,26,0,0,1,1.4285714285714286,0.0
7,445,5,True,0,2025-02-26,0,0.0,0.04,0.06,2,26,0,0,1,1.4285714285714286,0.0
7,478,5,True,0,2025-02-26,0,0.0,0.03,0.07,2,26,0,0,1,1.1428571428571428,0.0
7,504,5,True,0,2025-02-26,0,0.0,0.02,0.04,2,26,0,0,1,1.1428571428571428,0.0
7,522,5,True,0,2025-02-26,0,0.0,0.02,0.06,2,26,0,0,1,1.1428571428571428,0.0
7,531,5,True,0,2025-02-26,0,0.0,0.03,0.1,2,26,0,0,1,0.0,0.0
7,539,5,True,0,2025-02-26,1,0.0,0.02,0.04,2,26,0,0,1,0.0,0.0
7,557,5,True,0,2025-02-26,4,0.0,0.04,0.08,2,26,0,0,1,0.14285714285714285,0.0
7,791,5,True,0,2025-02-26,6,0.0,0.01,0.05,2,26,0,0,1,0.7142857142857143,0.0
7,837,5,True,0,2025-02-26,0,0.0,0.07,0.16,2,26,0,0,1,1.5714285714285714,0.0
7,866,5,True,0,2025-02-26,0,0.0,0.05,0.07,2,26,0,0,1,1.5714285714285714,0.0
7,1062,5,True,0,2025-02-26,3,0.0,0.01,0.02,2,26,0,0,1,1.5714285714285714,0.0
7,1070,5,True,0,2025-02-26,1,0.0,0.03,0.08,2,26,0,0,1,2.0,0.0
7,1079,5,True,0,2025-02-26,0,0.0,0.02,0.05,2,26,0,0,1,2.142857142857143,0.0
7,1104,5,True,0,2025-02-26,0,0.0,0.03,0.09,2,26,0,0,1,2.0,0.0
7,1179,5,True,0,2025-02-26,0,0.0,0.13,0.18,2,26,0,0,1,1.4285714285714286,0.0
7,1244,5,True,0,2025-02-26,1,0.0,0.04,0.32,2,26,0,0,1,0.5714285714285714,0.0
7,1260,5,True,0,2025-02-26,0,0.0,0.06,0.12,2,26,0,0,1,0.7142857142857143,0.0
7,1289,5,True,0,2025-02-26,0,0.0,0.04,0.08,2,26,0,0,1,0.7142857142857143,0.0
7,1324,5,True,0,2025-02-26,4,0.0,0.01,0.03,2,26,0,0,1,0.2857142857142857,0.0
7,1356,5,True,0,2025-02-26,1,0.0,0.01,0.03,2,26,0,0,1,0.7142857142857143,0.0
7,1426,5,True,0,2025-02-26,3,0.0,0.02,0.04,2,26,0,0,1,0.8571428571428571,0.0
7,1480,5,True,0,2025-02-26,0,0.0,0.03,0.07,2,26,0,0,1,1.2857142857142858,0.0
7,1522,5,True,0,2025-02-26,0,0.0,0.02,0.07,2,26,0,0,1,1.2857142857142858,0.0
7,1538,5,True,0,2025-02-26,0,0.0,0.0,0.0,2,26,0,0,1,1.1428571428571428,0.0
7,1586,5,True,0,2025-02-26,0,0.0,0.03,0.06,2,26,0,0,1,1.1428571428571428,0.0
7,1588,5,True,0,2025-02-26,0,0.0,0.06,0.13,2,26,0,0,1,1.1428571428571428,0.0
7,1617,5,True,0,2025-02-26,6,2.0,0.01,0.03,2,26,0,0,1,0.5714285714285714,0.0
7,1662,5,True,0,2025-02-26,0,0.0,0.05,0.08,2,26,0,0,1,1.2857142857142858,0.0
7,1695,5,True,0,2025-02-26,0,0.0,0.03,0.09,2,26,0,0,1,0.8571428571428571,0.0
7,1723,5,True,0,2025-02-26,1,0.0,0.01,0.03,2,26,0,0,1,0.8571428571428571,0.0
7,1763,5,True,0,2025-02-26,0,0.0,0.03,0.06,2,26,0,0,1,1.0,0.0
7,1765,5,True,0,2025-02-26,0,0.0,0.02,0.06,2,26,0,0,1,1.0,0.0
7,1770,5,True,0,2025-02-26,1,0.0,0.01,0.04,2,26,0,0,1,1.0,0.0
7,1772,5,True,0,2025-02-26,0,0.0,0.06,0.06,2,26,0,0,1,1.1428571428571428,0.0
7,1778,5,True,0,2025-02-26,1,0.0,0.03,0.05,2,26,0,0,1,0.2857142857142857,0.0
7,1887,5,True,0,2025-02-26,0,0.0,0.03,0.05,2,26,0,0,1,0.42857142857142855,0.0
7,1893,5,True,0,2025-02-26,0,0.0,0.03,0.04,2,26,0,0,1,0.42857142857142855,0.0
7,1971,5,True,0,2025-02-26,3,0.0,0.04,0.12,2,26,0,0,1,0.2857142857142857,0.0
7,2031,5,True,0,2025-02-26,0,0.0,0.0,0.01,2,26,0,0,1,0.7142857142857143,0.0
7,2090,5,True,0,2025-02-26,0,0.0,0.01,0.03,2,26,0,0,1,0.7142857142857143,0.0
7,2205,5,True,0,2025-02-26,2,1.0,0.09,0.15,2,26,0,0,1,0.5714285714285714,0.0
7,2361,5,True,0,2025-02-26,0,0.0,0.05,0.09,2,26,0,0,1,0.8571428571428571,0.0
7,2441,5,True,0,2025-02-26,0,0.0,0.05,0.07,2,26,0,0,1,0.7142857142857143,0.0
7,2484,5,True,0,2025-02-26,1,0.0,0.07,0.09,2,26,0,0,1,0.7142857142857143,0.0
7,2513,5,True,0,2025-02-26,1,0.0,0.1,0.14,2,26,0,0,1,0.8571428571428571,0.0
7,2520,5,True,0,2025-02-26,0,0.0,0.01,0.02,2,26,0,0,1,0.5714285714285714,0.0
7,2607,5,True,0,2025-02-26,1,0.0,0.01,0.04,2,26,0,0,1,0.5714285714285714,0.0
7,2705,5,True,0,2025-02-26,0,0.0,0.02,0.03,2,26,0,0,1,0.7142857142857143,0.0
7,2726,5,True,0,2025-02-26,0,0.0,0.03,0.06,2,26,0,0,1,0.42857142857142855,0.0
7,2765,5,True,0,2025-02-26,2,0.0,0.06,0.05,2,26,0,0,1,0.42857142857142855,0.0
7,2942,5,True,0,2025-02-26,0,0.0,0.03,0.08,2,26,0,0,1,0.7142857142857143,0.0
7,3016,5,True,0,2025-02-26,1,0.0,0.03,0.06,2,26,0,0,1,0.5714285714285714,0.0
7,3091,5,True,0,2025-02-26,0,0.0,0.11,0.15,2,26,0,0,1,0.5714285714285714,0.0
7,3215,5,True,0,2025-02-26,0,0.0,0.04,0.07,2,26,0,0,1,0.5714285714285714,0.0
7,3221,5,True,0,2025-02-26,4,0.0,0.01,0.03,2,26,0,0,1,0.42857142857142855,0.0
7,3304,5,True,0,2025-02-26,0,0.0,0.09,0.1,2,26,0,0,1,1.0,0.0
7,3370,5,True,0,2025-02-26,3,0.0,0.05,0.07,2,26,0,0,1,1.0,0.0
7,3388,5,True,0,2025-02-26,1,0.0,0.08,0.13,2,26,0,0,1,1.1428571428571428,0.0
7,3431,5,True,0,2025-02-26,1,0.0,0.02,0.05,2,26,0,0,1,1.2857142857142858,0.0
7,3438,5,True,0,2025-02-26,0,0.0,0.04,0.07,2,26,0,0,1,1.2857142857142858,0.0
7,3524,5,True,0,2025-02-26,2,1.0,0.03,0.06,2,26,0,0,1,1.2857142857142858,0.0
7,3561,5,True,0,2025-02-26,0,0.0,0.04,0.08,2,26,0,0,1,1.5714285714285714,0.0
7,3596,5,True,0,2025-02-26,0,0.0,0.04,0.08,2,26,0,0,1,1.0,0.0
7,3658,5,True,0,2025-02-26,1,0.0,0.07,0.13,2,26,0,0,1,1.0,0.0
7,3683,5,True,0,2025-02-26,0,0.0,0.07,0.12,2,26,0,0,1,0.7142857142857143,0.0
7,3706,5,True,0,2025-02-26,0,0.0,0.03,0.04,2,26,0,0,1,0.5714285714285714,0.0
7,3713,5,True,0,2025-02-26,1,0.0,0.03,0.05,2,26,0,0,1,0.42857142857142855,0.0
7,3724,5,True,0,2025-02-26,0,0.0,0.02,0.04,2,26,0,0,1,0.5714285714285714,0.0
7,3855,5,True,0,2025-02-26,0,0.0,0.01,0.05,2,26,0,0,1,0.2857142857142857,0.0
7,3880,5,True,0,2025-02-26,3,0.0,0.02,0.07,2,26,0,0,1,0.2857142857142857,0.0
7,3907,5,True,0,2025-02-26,0,0.0,0.04,0.09,2,26,0,0,1,0.7142857142857143,0.0
7,3923,5,True,0,2025-02-26,0,0.0,0.02,0.04,2,26,0,0,1,0.5714285714285714,0.0
7,3958,5,True,0,2025-02-26,0,0.0,0.01,0.05,2,26,0,0,1,0.5714285714285714,0.0
7,3999,5,True,0,2025-02-26,0,0.0,0.18,0.29,2,26,0,0,1,0.5714285714285714,0.0
7,4066,5,True,0,2025-02-26,0,0.0,0.12,0.16,2,26,0,0,1,0.42857142857142855,0.0
7,4092,5,True,0,2025-02-26,0,0.0,0.06,0.07,2,26,0,0,1,0.42857142857142855,0.0
7,4241,5,True,0,2025-02-26,0,0.0,0.06,0.09,2,26,0,0,1,0.42857142857142855,0.0
7,4345,5,True,0,2025-02-26,0,0.0,0.03,0.05,2,26,0,0,1,0.0,0.0
7,4384,5,True,0,2025-02-26,0,0.0,0.11,0.18,2,26,0,0,1,0.0,0.0
7,4385,5,True,0,2025-02-26,1,0.0,0.01,0.0,2,26,0,0,1,0.0,0.0
7,4401,5,True,0,2025-02-26,4,0.0,0.04,0.07,2,26,0,0,1,0.14285714285714285,0.0
7,4511,5,True,0,2025-02-26,2,0.0,0.02,0.03,2,26,0,0,1,0.7142857142857143,0.0
7,4581,5,True,0,2025-02-26,0,0.0,0.01,0.06,2,26,0,0,1,1.0,0.0
7,4678,5,True,0,2025-02-26,0,0.0,0.0,0.02,2,26,0,0,1,1.0,0.0
7,4735,5,True,0,2025-02-26,0,0.0,0.03,0.06,2,26,0,0,1,1.0,0.0
7,4756,5,True,0,2025-02-26,0,0.0,0.02,0.03,2,26,0,0,1,1.0,0.0
7,4761,5,True,0,2025-02-26,0,0.0,0.02,0.03,2,26,0,0,1,1.0,0.0
7,4812,5,True,0,2025-02-26,0,0.0,0.03,0.09,2,26,0,0,1,0.8571428571428571,0.0
7,4832,5,True,0,2025-02-26,0,0.0,0.06,0.06,2,26,0,0,1,0.2857142857142857,0.0
7,4856,5,True,0,2025-02-26,2,0.0,0.16,0.24,2,26,0,0,1,0.0,0.0
7,4874,5,True,0,2025-02-26,3,0.0,0.1,0.18,2,26,0,0,1,0.2857142857142857,0.0
7,4897,5,True,0,2025-02-26,0,0.0,0.02,0.04,2,26,0,0,1,0.7142857142857143,0.0
7,4951,5,True,0,2025-02-26,1,0.0,0.01,0.06,2,26,0,0,1,0.7142857142857143,0.0
7,5108,5,True,0,2025-02-26,6,0.0,0.03,0.07,2,26,0,0,1,0.8571428571428571,0.0
7,5127,5,True,0,2025-02-26,1,0.0,0.12,0.16,2,26,0,0,1,1.7142857142857142,0.0
7,5207,5,True,0,2025-02-26,0,0.0,0.01,0.03,2,26,0,0,1,1.8571428571428572,0.0
7,5244,5,True,0,2025-02-26,0,0.0,0.03,0.07,2,26,0,0,1,1.8571428571428572,0.0
7,69,6,False,0,2025-02-26,2,0.0,0.12,0.2,2,26,0,0,1,1.5714285714285714,0.0
7,142,6,False,0,2025-02-26,1,0.0,0.17,0.25,2,26,0,0,1,1.4285714285714286,0.0
7,315,6,False,0,2025-02-26,0,0.0,0.46,0.69,2,26,0,0,1,1.5714285714285714,0.0
7,627,6,False,0,2025-02-26,0,0.0,0.17,0.17,2,26,0,0,1,1.4285714285714286,0.0
7,646,6,False,0,2025-02-26,1,0.0,0.2,0.23,2,26,0,0,1,0.5714285714285714,0.0
7,739,6,False,0,2025-02-26,0,0.0,0.17,0.25,2,26,0,0,1,0.5714285714285714,0.0
7,811,6,False,0,2025-02-26,0,0.0,0.13,0.18,2,26,0,0,1,0.5714285714285714,0.0
7,862,6,False,0,2025-02-26,0,0.0,0.19,0.25,2,26,0,0,1,0.5714285714285714,0.0
7,931,6,False,0,2025-02-26,2,0.0,0.15,0.26,2,26,0,0,1,0.2857142857142857,0.0
7,938,6,False,0,2025-02-26,0,0.0,0.08,0.13,2,26,0,0,1,0.42857142857142855,0.0
7,951,6,False,0,2025-02-26,1,0.0,0.1,0.16,2,26,0,0,1,0.42857142857142855,0.0
7,1019,6,False,0,2025-02-26,0,0.0,0.1,0.12,2,26,0,0,1,0.5714285714285714,0.0
7,1024,6,False,0,2025-02-26,0,0.0,0.1,0.13,2,26,0,0,1,0.42857142857142855,0.0
7,1029,6,False,0,2025-02-26,0,0.0,0.12,0.17,2,26,0,0,1,0.42857142857142855,0.0
7,1136,6,False,0,2025-02-26,1,0.0,0.08,0.15,2,26,0,0,1,0.42857142857142855,0.0
7,1188,6,False,0,2025-02-26,0,0.0,0.09,0.11,2,26,0,0,1,0.5714285714285714,0.0
7,1203,6,False,0,2025-02-26,1,0.0,0.17,0.22,2,26,0,0,1,0.2857142857142857,0.0
7,1204,6,False,0,2025-02-26,1,0.0,0.14,0.23,2,26,0,0,1,0.42857142857142855,0.0
7,1225,6,False,0,2025-02-26,1,0.0,0.17,0.25,2,26,0,0,1,0.42857142857142855,0.0
7,1269,6,False,0,2025-02-26,0,0.0,0.12,0.16,2,26,0,0,1,0.5714285714285714,0.0
7,1326,6,False,0,2025-02-26,0,0.0,0.44,0.53,2,26,0,0,1,0.5714285714285714,0.0
7,1328,6,False,0,2025-02-26,0,0.0,0.36,0.37,2,26,0,0,1,0.5714285714285714,0.0
7,1403,6,False,0,2025-02-26,1,0.0,0.06,0.09,2,26,0,0,1,0.42857142857142855,0.0
7,1457,6,False,0,2025-02-26,1,0.0,0.4,0.56,2,26,0,0,1,0.5714285714285714,0.0
7,1476,6,False,0,2025-02-26,1,0.0,0.17,0.24,2,26,0,0,1,0.5714285714285714,0.0
7,1562,6,False,0,2025-02-26,0,0.0,0.08,0.13,2,26,0,0,1,0.5714285714285714,0.0
7,1616,6,False,0,2025-02-26,3,0.0,0.18,0.26,2,26,0,0,1,0.42857142857142855,0.0
7,1741,6,False,0,2025-02-26,0,0.0,0.09,0.12,2,26,0,0,1,0.8571428571428571,0.0
7,1760,6,False,0,2025-02-26,0,0.0,0.4,0.56,2,26,0,0,1,0.8571428571428571,0.0
7,1762,6,False,0,2025-02-26,0,0.0,0.09,0.11,2,26,0,0,1,0.8571428571428571,0.0
7,1821,6,False,0,2025-02-26,0,0.0,0.36,0.36,2,26,0,0,1,0.7142857142857143,0.0
7,1829,6,False,0,2025-02-26,0,0.0,0.08,0.12,2,26,0,0,1,0.5714285714285714,0.0
7,1878,6,False,0,2025-02-26,0,0.0,0.4,0.48,2,26,0,0,1,0.42857142857142855,0.0
7,2046,6,False,0,2025-02-26,1,0.0,0.36,0.49,2,26,0,0,1,0.42857142857142855,0.0
7,2346,6,False,0,2025-02-26,0,0.0,0.09,0.14,2,26,0,0,1,0.14285714285714285,0.0
7,2471,6,False,0,2025-02-26,0,0.0,0.17,0.17,2,26,0,0,1,0.14285714285714285,0.0
7,2482,6,False,0,2025-02-26,1,0.0,0.35,0.49,2,26,0,0,1,0.14285714285714285,0.0
7,2514,6,False,0,2025-02-26,5,0.0,0.18,0.16,2,26,0,0,1,0.2857142857142857,0.0
7,2516,6,False,0,2025-02-26,0,0.0,0.24,0.38,2,26,0,0,1,1.0,0.0
7,2587,6,False,0,2025-02-26,0,0.0,0.12,0.17,2,26,0,0,1,1.0,0.0
7,2789,6,False,0,2025-02-26,0,0.0,0.13,0.18,2,26,0,0,1,1.0,0.0
7,2846,6,False,0,2025-02-26,0,0.0,0.12,0.17,2,26,0,0,1,0.8571428571428571,0.0
7,3070,6,False,0,2025-02-26,0,0.0,0.21,0.23,2,26,0,0,1,0.8571428571428571,0.0
7,3076,6,False,0,2025-02-26,0,0.0,0.22,0.24,2,26,0,0,1,0.8571428571428571,0.0
7,3144,6,False,0,2025-02-26,0,0.0,0.26,0.37,2,26,0,0,1,0.7142857142857143,0.0
7,3151,6,False,0,2025-02-26,0,0.0,0.19,0.24,2,26,0,0,1,0.0,0.0
7,3154,6,False,0,2025-02-26,2,0.0,0.12,0.22,2,26,0,0,1,0.0,0.0
7,3399,6,False,0,2025-02-26,0,0.0,0.13,0.14,2,26,0,0,1,0.2857142857142857,0.0
7,3480,6,False,0,2025-02-26,0,0.0,0.18,0.18,2,26,0,0,1,0.2857142857142857,0.0
7,3486,6,False,0,2025-02-26,0,0.0,0.49,0.62,2,26,0,0,1,0.2857142857142857,0.0
7,3533,6,False,0,2025-02-26,0,0.0,0.21,0.34,2,26,0,0,1,0.2857142857142857,0.0
7,3623,6,False,0,2025-02-26,1,0.0,0.17,0.28,2,26,0,0,1,0.2857142857142857,0.0
7,3626,6,False,0,2025-02-26,0,0.0,0.12,0.21,2,26,0,0,1,0.42857142857142855,0.0
7,3634,6,False,0,2025-02-26,0,0.0,0.12,0.18,2,26,0,0,1,0.42857142857142855,0.0
7,3719,6,False,0,2025-02-26,0,0.0,0.42,0.49,2,26,0,0,1,0.14285714285714285,0.0
7,3737,6,False,0,2025-02-26,1,0.0,0.19,0.24,2,26,0,0,1,0.14285714285714285,0.0
7,3840,6,False,0,2025-02-26,0,0.0,0.09,0.1,2,26,0,0,1,0.2857142857142857,0.0
7,3926,6,False,0,2025-02-26,1,0.0,0.14,0.22,2,26,0,0,1,0.2857142857142857,0.0
7,3945,6,False,0,2025-02-26,1,0.0,0.09,0.14,2,26,0,0,1,0.42857142857142855,0.0
7,4443,6,False,0,2025-02-26,0,0.0,0.25,0.35,2,26,0,0,1,0.42857142857142855,0.0
7,4545,6,False,0,2025-02-26,0,0.0,0.21,0.3,2,26,0,0,1,0.42857142857142855,0.0
7,4805,6,False,0,2025-02-26,1,0.0,0.16,0.23,2,26,0,0,1,0.42857142857142855,0.0
7,4965,6,False,0,2025-02-26,5,0.0,0.17,0.26,2,26,0,0,1,0.5714285714285714,0.0
7,5053,6,False,0,2025-02-26,2,0.0,0.54,0.78,2,26,0,0,1,1.1428571428571428,0.0
7,5160,6,False,0,2025-02-26,0,0.0,0.17,0.16,2,26,0,0,1,1.4285714285714286,0.0
7,62,7,False,0,2025-02-26,1,0.0,0.02,0.04,2,26,0,0,1,1.2857142857142858,0.0
7,77,7,False,0,2025-02-26,0,0.0,0.0,0.0,2,26,0,0,1,1.2857142857142858,0.0
7,98,7,False,0,2025-02-26,2,0.0,0.04,0.07,2,26,0,0,1,1.2857142857142858,0.0
7,113,7,False,0,2025-02-26,2,0.0,0.02,0.03,2,26,0,0,1,1.5714285714285714,0.0
7,184,7,False,0,2025-02-26,0,0.0,0.17,0.23,2,26,0,0,1,1.7142857142857142,0.0
7,194,7,False,0,2025-02-26,0,0.0,0.01,0.01,2,26,0,0,1,1.0,0.0
7,265,7,False,0,2025-02-26,1,0.0,0.04,0.05,2,26,0,0,1,0.7142857142857143,0.0
7,364,7,False,0,2025-02-26,0,0.0,0.24,0.36,2,26,0,0,1,0.8571428571428571,0.0
7,391,7,False,0,2025-02-26,0,0.0,0.02,0.03,2,26,0,0,1,0.7142857142857143,0.0
7,394,7,False,0,2025-02-26,1,0.0,0.04,0.07,2,26,0,0,1,0.7142857142857143,0.0
7,405,7,False,0,2025-02-26,4,0.0,0.02,0.03,2,26,0,0,1,0.5714285714285714,0.0
7,462,7,False,0,2025-02-26,1,0.0,0.33,0.4,2,26,0,0,1,0.8571428571428571,0.0
7,466,7,False,0,2025-02-26,3,0.0,0.03,0.06,2,26,0,0,1,1.0,0.0
7,519,7,False,0,2025-02-26,2,0.0,0.03,0.06,2,26,0,0,1,1.4285714285714286,0.0
7,568,7,False,0,2025-02-26,0,0.0,0.0,0.0,2,26,0,0,1,1.5714285714285714,0.0
7,588,7,False,0,2025-02-26,1,0.0,0.11,0.15,2,26,0,0,1,1.5714285714285714,0.0
7,704,7,False,0,2025-02-26,0,0.0,0.07,0.08,2,26,0,0,1,1.7142857142857142,0.0
7,788,7,False,0,2025-02-26,0,0.0,0.0,0.0,2,26,0,0,1,1.5714285714285714,0.0
7,888,7,False,0,2025-02-26,1,0.0,0.06,0.08,2,26,0,0,1,1.0,0.0
7,911,7,False,0,2025-02-26,1,0.0,0.25,0.46,2,26,0,0,1,1.0,0.0
7,935,7,False,0,2025-02-26,1,0.0,0.03,0.05,2,26,0,0,1,0.7142857142857143,0.0
7,945,7,False,0,2025-02-26,1,0.0,0.04,0.06,2,26,0,0,1,0.5714285714285714,0.0
7,954,7,False,0,2025-02-26,1,0.0,0.11,0.13,2,26,0,0,1,0.7142857142857143,0.0
7,968,7,False,0,2025-02-26,0,0.0,0.02,0.02,2,26,0,0,1,0.7142857142857143,0.0
7,1051,7,False,0,2025-02-26,1,0.0,0.04,0.06,2,26,0,0,1,0.7142857142857143,0.0
7,1055,7,False,0,2025-02-26,1,0.0,0.11,0.15,2,26,0,0,1,0.8571428571428571,0.0
7,1147,7,False,0,2025-02-26,1,0.0,0.11,0.15,2,26,0,0,1,0.8571428571428571,0.0
7,1186,7,False,0,2025-02-26,0,0.0,0.38,0.45,2,26,0,0,1,0.8571428571428571,0.0
7,1233,7,False,0,2025-02-26,1,0.0,0.07,0.11,2,26,0,0,1,0.7142857142857143,0.0
7,1264,7,False,0,2025-02-26,0,0.0,0.0,0.0,2,26,0,0,1,0.7142857142857143,0.0
7,1302,7,False,0,2025-02-26,0,0.0,0.26,0.39,2,26,0,0,1,0.5714285714285714,0.0
7,1362,7,False,0,2025-02-26,0,0.0,0.05,0.06,2,26,0,0,1,0.5714285714285714,0.0
7,1581,7,False,0,2025-02-26,0,0.0,0.04,0.06,2,26,0,0,1,0.42857142857142855,0.0
7,1679,7,False,0,2025-02-26,1,0.0,0.07,0.1,2,26,0,0,1,0.2857142857142857,0.0
7,1704,7,False,0,2025-02-26,1,0.0,0.07,0.09,2,26,0,0,1,0.2857142857142857,0.0
7,1726,7,False,0,2025-02-26,1,0.0,0.01,0.02,2,26,0,0,1,0.42857142857142855,0.0
7,1734,7,False,0,2025-02-26,0,0.0,0.24,0.3,2,26,0,0,1,0.42857142857142855,0.0
7,1744,7,False,0,2025-02-26,2,0.0,0.07,0.11,2,26,0,0,1,0.42857142857142855,0.0
7,1796,7,False,0,2025-02-26,2,0.0,0.01,0.02,2,26,0,0,1,0.7142857142857143,0.0
7,1841,7,False,0,2025-02-26,1,0.0,0.03,0.07,2,26,0,0,1,1.0,0.0
7,1844,7,False,0,2025-02-26,1,0.0,0.13,0.18,2,26,0,0,1,1.1428571428571428,0.0
7,1858,7,False,0,2025-02-26,1,0.0,0.09,0.14,2,26,0,0,1,1.1428571428571428,0.0
7,1900,7,False,0,2025-02-26,1,0.0,0.18,0.15,2,26,0,0,1,1.1428571428571428,0.0
7,1938,7,False,0,2025-02-26,2,0.0,0.02,0.03,2,26,0,0,1,1.1428571428571428,0.0
7,2002,7,False,0,2025-02-26,3,0.0,0.01,0.02,2,26,0,0,1,1.4285714285714286,0.0
7,2008,7,False,0,2025-02-26,5,0.0,0.03,0.05,2,26,0,0,1,1.5714285714285714,0.0
7,2018,7,False,0,2025-02-26,1,0.0,0.11,0.14,2,26,0,0,1,2.0,0.0
7,2032,7,False,0,2025-02-26,1,0.0,0.34,0.37,2,26,0,0,1,2.0,0.0
7,2037,7,False,0,2025-02-26,10,0.0,0.06,0.1,2,26,0,0,1,2.0,0.0
7,2237,7,False,0,2025-02-26,1,0.0,0.12,0.15,2,26,0,0,1,3.2857142857142856,0.0
7,2243,7,False,0,2025-02-26,4,0.0,0.49,0.51,2,26,0,0,1,3.2857142857142856,0.0
7,2263,7,False,0,2025-02-26,2,0.0,0.04,0.07,2,26,0,0,1,3.5714285714285716,0.0
7,2310,7,False,0,2025-02-26,0,0.0,0.22,0.29,2,26,0,0,1,3.4285714285714284,0.0
7,2324,7,False,0,2025-02-26,1,0.0,0.19,0.22,2,26,0,0,1,2.7142857142857144,0.0
7,2341,7,False,0,2025-02-26,0,0.0,0.18,0.28,2,26,0,0,1,2.7142857142857144,0.0
7,2351,7,False,0,2025-02-26,1,0.0,0.07,0.11,2,26,0,0,1,2.5714285714285716,0.0
7,2408,7,False,0,2025-02-26,1,0.0,0.05,0.06,2,26,0,0,1,1.2857142857142858,0.0
7,2510,7,False,0,2025-02-26,1,0.0,0.19,0.27,2,26,0,0,1,1.2857142857142858,0.0
7,2526,7,False,0,2025-02-26,1,0.0,0.23,0.3,2,26,0,0,1,0.8571428571428571,0.0
7,2588,7,False,0,2025-02-26,3,0.0,0.04,0.07,2,26,0,0,1,0.7142857142857143,0.0
7,2604,7,False,0,2025-02-26,2,0.0,0.01,0.03,2,26,0,0,1,1.1428571428571428,0.0
7,2618,7,False,0,2025-02-26,0,0.0,0.04,0.06,2,26,0,0,1,1.2857142857142858,0.0
7,2686,7,False,0,2025-02-26,8,0.0,0.03,0.04,2,26,0,0,1,1.2857142857142858,0.0
7,2698,7,False,0,2025-02-26,0,0.0,0.5,0.76,2,26,0,0,1,2.2857142857142856,0.0
7,2723,7,False,0,2025-02-26,0,0.0,0.02,0.04,2,26,0,0,1,2.142857142857143,0.0
7,2823,7,False,0,2025-02-26,0,0.0,0.18,0.22,2,26,0,0,1,2.0,0.0
7,2836,7,False,0,2025-02-26,0,0.0,0.04,0.06,2,26,0,0,1,1.8571428571428572,0.0
7,2855,7,False,0,2025-02-26,1,0.0,0.07,0.08,2,26,0,0,1,1.4285714285714286,0.0
7,2966,7,False,0,2025-02-26,1,0.0,0.01,0.01,2,26,0,0,1,1.2857142857142858,0.0
7,3033,7,False,0,2025-02-26,1,0.0,0.09,0.12,2,26,0,0,1,1.4285714285714286,0.0
7,3039,7,False,0,2025-02-26,1,0.0,0.01,0.03,2,26,0,0,1,0.42857142857142855,0.0
7,3043,7,False,0,2025-02-26,1,0.0,0.19,0.26,2,26,0,0,1,0.5714285714285714,0.0
7,3060,7,False,0,2025-02-26,1,0.0,0.08,0.09,2,26,0,0,1,0.7142857142857143,0.0
7,3099,7,False,0,2025-02-26,1,0.0,0.04,0.06,2,26,0,0,1,0.8571428571428571,0.0
7,3103,7,False,0,2025-02-26,1,0.0,0.06,0.07,2,26,0,0,1,1.0,0.0
7,3155,7,False,0,2025-02-26,2,0.0,0.22,0.39,2,26,0,0,1,1.0,0.0
7,3245,7,False,0,2025-02-26,1,0.0,0.04,0.05,2,26,0,0,1,1.1428571428571428,0.0
7,3248,7,False,0,2025-02-26,0,0.0,0.05,0.05,2,26,0,0,1,1.1428571428571428,0.0
7,3355,7,False,0,2025-02-26,1,0.0,0.08,0.15,2,26,0,0,1,1.0,0.0
7,3435,7,False,0,2025-02-26,1,0.0,0.08,0.1,2,26,0,0,1,1.0,0.0
7,3441,7,False,0,2025-02-26,1,0.0,0.05,0.06,2,26,0,0,1,1.0,0.0
7,3579,7,False,0,2025-02-26,1,0.0,0.04,0.05,2,26,0,0,1,1.0,0.0
7,3619,7,False,0,2025-02-26,0,0.0,0.14,0.23,2,26,0,0,1,1.0,0.0
7,3652,7,False,0,2025-02-26,1,0.0,0.07,0.1,2,26,0,0,1,0.7142857142857143,0.0
7,3763,7,False,0,2025-02-26,0,0.0,0.02,0.03,2,26,0,0,1,0.7142857142857143,0.0
7,3805,7,False,0,2025-02-26,0,0.0,0.04,0.05,2,26,0,0,1,0.7142857142857143,0.0
7,4060,7,False,0,2025-02-26,0,0.0,0.1,0.13,2,26,0,0,1,0.5714285714285714,0.0
7,4079,7,False,0,2025-02-26,3,0.0,0.01,0.02,2,26,0,0,1,0.42857142857142855,0.0
7,4114,7,False,0,2025-02-26,0,0.0,0.05,0.09,2,26,0,0,1,0.7142857142857143,0.0
7,4180,7,False,0,2025-02-26,0,0.0,0.29,0.51,2,26,0,0,1,0.5714285714285714,0.0
7,4219,7,False,0,2025-02-26,2,0.0,0.28,0.39,2,26,0,0,1,0.5714285714285714,0.0
7,4245,7,False,0,2025-02-26,1,0.0,0.04,0.05,2,26,0,0,1,0.7142857142857143,0.0
7,4297,7,False,0,2025-02-26,1,0.0,0.25,0.35,2,26,0,0,1,0.8571428571428571,0.0
7,4402,7,False,0,2025-02-26,0,0.0,0.02,0.03,2,26,0,0,1,1.0,0.0
7,4407,7,False,0,2025-02-26,0,0.0,0.19,0.34,2,26,0,0,1,1.0,0.0
7,4415,7,False,0,2025-02-26,0,0.0,0.04,0.03,2,26,0,0,1,0.5714285714285714,0.0
7,4537,7,False,0,2025-02-26,2,0.0,0.07,0.1,2,26,0,0,1,0.5714285714285714,0.0
7,4549,7,False,0,2025-02-26,0,0.0,0.05,0.06,2,26,0,0,1,0.8571428571428571,0.0
7,4597,7,False,0,2025-02-26,0,0.0,0.08,0.11,2,26,0,0,1,0.5714285714285714,0.0
7,4625,7,False,0,2025-02-26,0,0.0,0.11,0.17,2,26,0,0,1,0.42857142857142855,0.0
7,4639,7,False,0,2025-02-26,1,0.0,0.13,0.19,2,26,0,0,1,0.2857142857142857,0.0
7,4705,7,False,0,2025-02-26,2,0.0,0.43,0.52,2,26,0,0,1,0.42857142857142855,0.0
7,4754,7,False,0,2025-02-26,1,0.0,0.26,0.34,2,26,0,0,1,0.7142857142857143,0.0
7,4792,7,False,0,2025-02-26,0,0.0,0.34,0.4,2,26,0,0,1,0.8571428571428571,0.0
7,4793,7,False,0,2025-02-26,2,0.0,0.02,0.03,2,26,0,0,1,0.5714285714285714,0.0
7,4918,7,False,0,2025-02-26,0,0.0,0.14,0.23,2,26,0,0,1,0.8571428571428571,0.0
7,4932,7,False,0,2025-02-26,0,0.0,0.07,0.11,2,26,0,0,1,0.8571428571428571,0.0
7,4950,7,False,0,2025-02-26,1,0.0,0.05,0.09,2,26,0,0,1,0.8571428571428571,0.0
7,5009,7,False,0,2025-02-26,4,0.0,0.04,0.08,2,26,0,0,1,0.8571428571428571,0.0
7,5050,7,False,0,2025-02-26,1,0.0,0.07,0.11,2,26,0,0,1,1.1428571428571428,0.0
7,5061,7,False,0,2025-02-26,1,0.0,0.21,0.3,2,26,0,0,1,1.1428571428571428,0.0
7,5114,7,False,0,2025-02-26,0,0.0,0.02,0.04,2,26,0,0,1,1.2857142857142858,0.0
7,5147,7,False,0,2025-02-26,0,0.0,0.02,0.03,2,26,0,0,1,1.0,0.0
7,5166,7,False,0,2025-02-26,1,0.0,0.05,0.08,2,26,0,0,1,1.0,0.0
7,5235,7,False,0,2025-02-26,0,0.0,0.14,0.21,2,26,0,0,1,1.1428571428571428,0.0
7,5248,7,False,0,2025-02-26,4,0.0,0.03,0.12,2,26,0,0,1,1.0,0.0
7,5273,7,False,0,2025-02-26,1,0.0,0.09,0.12,2,26,0,0,1,1.0,0.0
7,14,8,False,0,2025-02-26,0,0.0,0.2,0.32,2,26,0,0,1,1.0,0.0
7,81,8,False,0,2025-02-26,0,0.0,0.01,0.01,2,26,0,0,1,0.8571428571428571,0.0
7,231,8,False,0,2025-02-26,0,0.0,0.03,0.04,2,26,0,0,1,0.8571428571428571,0.0
7,260,8,False,0,2025-02-26,43,0.0,0.02,0.03,2,26,0,0,1,0.8571428571428571,0.0
7,303,8,False,0,2025-02-26,0,0.0,0.0,0.01,2,26,0,0,1,6.857142857142857,0.0
7,320,8,False,0,2025-02-26,0,0.0,0.13,0.2,2,26,0,0,1,6.857142857142857,0.0
7,385,8,False,0,2025-02-26,0,0.0,0.22,0.32,2,26,0,0,1,6.285714285714286,0.0
7,389,8,False,0,2025-02-26,0,0.0,0.02,0.05,2,26,0,0,1,6.142857142857143,0.0
7,465,8,False,0,2025-02-26,1,0.0,0.03,0.06,2,26,0,0,1,6.142857142857143,0.0
7,633,8,False,0,2025-02-26,0,0.0,0.05,0.06,2,26,0,0,1,6.285714285714286,0.0
7,835,8,False,0,2025-02-26,1,0.0,0.25,0.33,2,26,0,0,1,6.285714285714286,0.0
7,857,8,False,0,2025-02-26,2,0.0,0.02,0.05,2,26,0,0,1,0.2857142857142857,0.0
7,876,8,False,0,2025-02-26,0,0.0,0.01,0.02,2,26,0,0,1,0.5714285714285714,0.0
7,902,8,False,0,2025-02-26,2,0.0,0.02,0.04,2,26,0,0,1,0.5714285714285714,0.0
7,914,8,False,0,2025-02-26,2,0.0,0.13,0.21,2,26,0,0,1,0.8571428571428571,0.0
7,927,8,False,0,2025-02-26,10,0.0,0.01,0.03,2,26,0,0,1,1.1428571428571428,0.0
7,981,8,False,0,2025-02-26,0,0.0,0.01,0.01,2,26,0,0,1,2.4285714285714284,0.0
7,1056,8,False,0,2025-02-26,11,0.0,0.02,0.03,2,26,0,0,1,2.4285714285714284,0.0
7,1310,8,False,0,2025-02-26,1,0.0,0.22,0.29,2,26,0,0,1,3.857142857142857,0.0
7,1327,8,False,0,2025-02-26,7,2.0,0.02,0.03,2,26,0,0,1,3.7142857142857144,0.0
7,1347,8,False,0,2025-02-26,1,0.0,0.25,0.3,2,26,0,0,1,4.714285714285714,0.0
7,1363,8,False,0,2025-02-26,3,0.0,0.01,0.03,2,26,0,0,1,4.571428571428571,0.0
7,1371,8,False,0,2025-02-26,0,0.0,0.02,0.02,2,26,0,0,1,4.714285714285714,0.0
7,1385,8,False,0,2025-02-26,2,0.0,0.39,0.44,2,26,0,0,1,3.2857142857142856,0.0
7,1395,8,False,0,2025-02-26,1,0.0,0.01,0.02,2,26,0,0,1,3.5714285714285716,0.0
7,1415,8,False,0,2025-02-26,0,0.0,0.0,0.0,2,26,0,0,1,2.142857142857143,0.0
7,1459,8,False,0,2025-02-26,1,0.0,0.03,0.05,2,26,0,0,1,2.0,0.0
7,1521,8,False,0,2025-02-26,2,0.0,0.08,0.12,2,26,0,0,1,1.1428571428571428,0.0
7,1525,8,False,0,2025-02-26,67,0.0,0.01,0.02,2,26,0,0,1,1.2857142857142858,0.0
7,1549,8,False,0,2025-02-26,5,0.0,0.01,0.02,2,26,0,0,1,10.428571428571429,0.0
7,1620,8,False,0,2025-02-26,0,0.0,0.03,0.04,2,26,0,0,1,11.142857142857142,0.0
7,1755,8,False,0,2025-02-26,0,0.0,0.02,0.03,2,26,0,0,1,10.857142857142858,0.0
7,1846,8,False,0,2025-02-26,1,0.0,0.14,0.19,2,26,0,0,1,10.714285714285714,0.0
7,1916,8,False,0,2025-02-26,21,0.0,0.02,0.02,2,26,0,0,1,10.857142857142858,0.0
7,1941,8,False,0,2025-02-26,0,0.0,0.18,0.23,2,26,0,0,1,13.714285714285714,0.0
7,1966,8,False,0,2025-02-26,0,0.0,0.12,0.13,2,26,0,0,1,13.428571428571429,0.0
7,2001,8,False,0,2025-02-26,0,0.0,0.16,0.2,2,26,0,0,1,3.857142857142857,0.0
7,2094,8,False,0,2025-02-26,0,0.0,0.21,0.21,2,26,0,0,1,3.142857142857143,0.0
7,2157,8,False,0,2025-02-26,1,0.0,0.03,0.05,2,26,0,0,1,3.142857142857143,0.0
7,2254,8,False,0,2025-02-26,1,0.0,0.18,0.3,2,26,0,0,1,3.2857142857142856,0.0
7,2371,8,False,0,2025-02-26,0,0.0,0.02,0.05,2,26,0,0,1,3.2857142857142856,0.0
7,2462,8,False,0,2025-02-26,2,0.0,0.33,0.59,2,26,0,0,1,0.2857142857142857,0.0
7,2475,8,False,0,2025-02-26,0,0.0,0.13,0.19,2,26,0,0,1,0.5714285714285714,0.0
7,2507,8,False,0,2025-02-26,0,0.0,0.01,0.02,2,26,0,0,1,0.5714285714285714,0.0
7,2673,8,False,0,2025-02-26,0,0.0,0.02,0.04,2,26,0,0,1,0.5714285714285714,0.0
7,2681,8,False,0,2025-02-26,1,0.0,0.04,0.06,2,26,0,0,1,0.5714285714285714,0.0
7,2706,8,False,0,2025-02-26,0,0.0,0.02,0.05,2,26,0,0,1,0.5714285714285714,0.0
7,2718,8,False,0,2025-02-26,10,0.0,0.04,0.09,2,26,0,0,1,0.42857142857142855,0.0
7,2874,8,False,0,2025-02-26,42,1.0,0.02,0.02,2,26,0,0,1,1.8571428571428572,0.0
7,2875,8,False,0,2025-02-26,0,0.0,0.01,0.02,2,26,0,0,1,7.571428571428571,0.0
7,2888,8,False,0,2025-02-26,3,0.0,0.03,0.05,2,26,0,0,1,7.571428571428571,0.0
7,2969,8,False,0,2025-02-26,3,0.0,0.01,0.02,2,26,0,0,1,8.0,0.0
7,2971,8,False,0,2025-02-26,0,0.0,0.23,0.24,2,26,0,0,1,8.428571428571429,0.0
7,3057,8,False,0,2025-02-26,38,0.0,0.01,0.01,2,26,0,0,1,8.285714285714286,0.0
7,3121,8,False,0,2025-02-26,0,0.0,0.16,0.23,2,26,0,0,1,13.714285714285714,0.0
7,3157,8,False,0,2025-02-26,0,0.0,0.01,0.01,2,26,0,0,1,12.285714285714286,0.0
7,3189,8,False,0,2025-02-26,1,0.0,0.1,0.15,2,26,0,0,1,6.285714285714286,0.0
7,3194,8,False,0,2025-02-26,2,0.0,0.21,0.22,2,26,0,0,1,6.428571428571429,0.0
7,3228,8,False,0,2025-02-26,9,0.0,0.03,0.03,2,26,0,0,1,6.285714285714286,0.0
7,3269,8,False,0,2025-02-26,0,0.0,0.1,0.17,2,26,0,0,1,7.142857142857143,0.0
7,3294,8,False,0,2025-02-26,0,0.0,0.13,0.19,2,26,0,0,1,7.142857142857143,0.0
7,3300,8,False,0,2025-02-26,2,0.0,0.1,0.15,2,26,0,0,1,1.7142857142857142,0.0
7,3318,8,False,0,2025-02-26,6,0.0,0.1,0.21,2,26,0,0,1,2.0,0.0
7,3404,8,False,0,2025-02-26,0,0.0,0.11,0.2,2,26,0,0,1,2.857142857142857,0.0
7,3563,8,False,0,2025-02-26,0,0.0,0.29,0.32,2,26,0,0,1,2.7142857142857144,0.0
7,3666,8,False,0,2025-02-26,11,0.0,0.02,0.03,2,26,0,0,1,2.4285714285714284,0.0
7,3676,8,False,0,2025-02-26,2,0.0,0.01,0.01,2,26,0,0,1,2.7142857142857144,0.0
7,3716,8,False,0,2025-02-26,2,0.0,0.1,0.15,2,26,0,0,1,3.0,0.0
7,3740,8,False,0,2025-02-26,2,0.0,0.04,0.06,2,26,0,0,1,3.2857142857142856,0.0
7,3781,8,False,0,2025-02-26,1,0.0,0.04,0.06,2,26,0,0,1,3.2857142857142856,0.0
7,3783,8,False,0,2025-02-26,24,0.0,0.03,0.04,2,26,0,0,1,2.5714285714285716,0.0
7,3938,8,False,0,2025-02-26,16,0.0,0.02,0.04,2,26,0,0,1,6.0,0.0
7,4003,8,False,0,2025-02-26,0,0.0,0.02,0.02,2,26,0,0,1,8.285714285714286,0.0
7,4029,8,False,0,2025-02-26,3,0.0,0.02,0.04,2,26,0,0,1,6.714285714285714,0.0
7,4044,8,False,0,2025-02-26,1,0.0,0.02,0.03,2,26,0,0,1,6.857142857142857,0.0
7,4113,8,False,0,2025-02-26,2,0.0,0.08,0.15,2,26,0,0,1,6.714285714285714,0.0
7,4208,8,False,0,2025-02-26,0,0.0,0.43,0.56,2,26,0,0,1,6.714285714285714,0.0
7,4236,8,False,0,2025-02-26,1,0.0,0.14,0.21,2,26,0,0,1,6.571428571428571,0.0
7,4403,8,False,0,2025-02-26,0,0.0,0.15,0.15,2,26,0,0,1,3.2857142857142856,0.0
7,4425,8,False,0,2025-02-26,0,0.0,0.06,0.05,2,26,0,0,1,1.0,0.0
7,4442,8,False,0,2025-02-26,9,0.0,0.02,0.04,2,26,0,0,1,1.0,0.0
7,4506,8,False,0,2025-02-26,2,0.0,0.04,0.07,2,26,0,0,1,1.8571428571428572,0.0
7,4531,8,False,0,2025-02-26,1,0.0,0.25,0.42,2,26,0,0,1,2.0,0.0
7,4629,8,False,0,2025-02-26,3,0.0,0.01,0.02,2,26,0,0,1,1.8571428571428572,0.0
7,4873,8,False,0,2025-02-26,0,0.0,0.01,0.02,2,26,0,0,1,2.2857142857142856,0.0
7,4991,8,False,0,2025-02-26,3,0.0,0.05,0.08,2,26,0,0,1,2.142857142857143,0.0
7,5047,8,False,0,2025-02-26,0,0.0,0.16,0.19,2,26,0,0,1,2.5714285714285716,0.0
7,5152,8,False,0,2025-02-26,1,0.0,0.02,0.04,2,26,0,0,1,2.5714285714285716,0.0
7,5155,8,False,0,2025-02-26,0,0.0,0.04,0.07,2,26,0,0,1,1.4285714285714286,0.0
7,8,9,True,0,2025-02-26,0,0.0,0.05,0.18,2,26,0,0,1,1.1428571428571428,0.0
7,11,9,True,0,2025-02-26,0,0.0,0.03,0.06,2,26,0,0,1,1.0,0.0
7,23,9,True,0,2025-02-26,0,0.0,0.03,0.06,2,26,0,0,1,0.5714285714285714,0.0
7,49,9,True,0,2025-02-26,0,0.0,0.06,0.15,2,26,0,0,1,0.5714285714285714,0.0
7,50,9,True,0,2025-02-26,0,0.0,0.02,0.1,2,26,0,0,1,0.14285714285714285,0.0
7,135,9,True,0,2025-02-26,0,0.0,0.14,0.24,2,26,0,0,1,0.14285714285714285,0.0
7,150,9,True,0,2025-02-26,0,0.0,0.04,0.05,2,26,0,0,1,0.0,0.0
7,163,9,True,0,2025-02-26,0,0.0,0.05,0.07,2,26,0,0,1,0.0,0.0
7,201,9,True,0,2025-02-26,0,0.0,0.14,0.28,2,26,0,0,1,0.0,0.0
7,244,9,True,0,2025-02-26,0,0.0,0.01,0.05,2,26,0,0,1,0.0,0.0
7,259,9,True,0,2025-02-26,0,0.0,0.06,0.14,2,26,0,0,1,0.0,0.0
7,271,9,True,0,2025-02-26,0,0.0,0.01,0.07,2,26,0,0,1,0.0,0.0
7,276,9,True,0,2025-02-26,0,0.0,0.06,0.12,2,26,0,0,1,0.0,0.0
7,280,9,True,0,2025-02-26,0,0.0,0.01,0.03,2,26,0,0,1,0.0,0.0
7,296,9,True,0,2025-02-26,0,0.0,0.25,0.32,2,26,0,0,1,0.0,0.0
7,298,9,True,0,2025-02-26,0,0.0,0.03,0.07,2,26,0,0,1,0.0,0.0
7,302,9,True,0,2025-02-26,0,0.0,0.03,0.06,2,26,0,0,1,0.0,0.0
7,308,9,True,0,2025-02-26,0,0.0,0.03,0.06,2,26,0,0,1,0.0,0.0
7,334,9,True,0,2025-02-26,0,0.0,0.01,0.07,2,26,0,0,1,0.0,0.0
7,357,9,True,0,2025-02-26,0,0.0,0.09,0.16,2,26,0,0,1,0.0,0.0
7,365,9,True,0,2025-02-26,0,0.0,0.02,0.06,2,26,0,0,1,0.0,0.0
7,374,9,True,0,2025-02-26,1,0.0,0.03,0.05,2,26,0,0,1,0.0,0.0
7,378,9,True,0,2025-02-26,0,0.0,0.03,0.07,2,26,0,0,1,0.14285714285714285,0.0
7,395,9,True,0,2025-02-26,0,0.0,0.01,0.04,2,26,0,0,1,0.14285714285714285,0.0
7,453,9,True,0,2025-02-26,0,0.0,0.01,0.05,2,26,0,0,1,0.14285714285714285,0.0
7,479,9,True,0,2025-02-26,0,0.0,0.13,0.17,2,26,0,0,1,0.14285714285714285,0.0
7,485,9,True,0,2025-02-26,0,0.0,0.05,0.12,2,26,0,0,1,0.14285714285714285,0.0
7,507,9,True,0,2025-02-26,0,0.0,0.04,0.05,2,26,0,0,1,0.14285714285714285,0.0
7,508,9,True,0,2025-02-26,0,0.0,0.02,0.07,2,26,0,0,1,0.14285714285714285,0.0
7,533,9,True,0,2025-02-26,0,0.0,0.01,0.03,2,26,0,0,1,0.0,0.0
7,558,9,True,0,2025-02-26,0,0.0,0.11,0.17,2,26,0,0,1,0.0,0.0
7,572,9,True,0,2025-02-26,0,0.0,0.06,0.08,2,26,0,0,1,0.0,0.0
7,575,9,True,0,2025-02-26,0,0.0,0.05,0.09,2,26,0,0,1,0.0,0.0
7,578,9,True,0,2025-02-26,0,0.0,0.14,0.2,2,26,0,0,1,0.0,0.0
7,608,9,True,0,2025-02-26,0,0.0,0.06,0.16,2,26,0,0,1,0.0,0.0
7,648,9,True,0,2025-02-26,0,0.0,0.07,0.15,2,26,0,0,1,0.0,0.0
7,656,9,True,0,2025-02-26,0,0.0,0.1,0.16,2,26,0,0,1,0.0,0.0
7,682,9,True,0,2025-02-26,0,0.0,0.04,0.12,2,26,0,0,1,0.0,0.0
7,730,9,True,0,2025-02-26,0,0.0,0.01,0.04,2,26,0,0,1,0.0,0.0
7,756,9,True,0,2025-02-26,0,0.0,0.1,0.2,2,26,0,0,1,0.0,0.0
7,778,9,True,0,2025-02-26,0,0.0,0.07,0.09,2,26,0,0,1,0.0,0.0
7,782,9,True,0,2025-02-26,0,0.0,0.1,0.16,2,26,0,0,1,0.0,0.0
7,786,9,True,0,2025-02-26,0,0.0,0.02,0.04,2,26,0,0,1,0.0,0.0
7,816,9,True,0,2025-02-26,0,0.0,0.01,0.03,2,26,0,0,1,0.0,0.0
7,833,9,True,0,2025-02-26,0,0.0,0.04,0.07,2,26,0,0,1,0.0,0.0
7,853,9,True,0,2025-02-26,0,0.0,0.15,0.22,2,26,0,0,1,0.0,0.0
7,865,9,True,0,2025-02-26,0,0.0,0.12,0.2,2,26,0,0,1,0.0,0.0
7,890,9,True,0,2025-02-26,0,0.0,0.01,0.05,2,26,0,0,1,0.0,0.0
7,895,9,True,0,2025-02-26,0,0.0,0.06,0.11,2,26,0,0,1,0.0,0.0
7,898,9,True,0,2025-02-26,0,0.0,0.01,0.02,2,26,0,0,1,0.0,0.0
7,915,9,True,0,2025-02-26,0,0.0,0.01,0.03,2,26,0,0,1,0.0,0.0
7,943,9,True,0,2025-02-26,0,0.0,0.04,0.12,2,26,0,0,1,0.0,0.0
7,944,9,True,0,2025-02-26,0,0.0,0.09,0.13,2,26,0,0,1,0.0,0.0
7,949,9,True,0,2025-02-26,0,0.0,0.06,0.1,2,26,0,0,1,0.0,0.0
7,956,9,True,0,2025-02-26,0,0.0,0.02,0.06,2,26,0,0,1,0.0,0.0
7,986,9,True,0,2025-02-26,0,0.0,0.01,0.03,2,26,0,0,1,0.0,0.0
7,999,9,True,0,2025-02-26,0,0.0,0.06,0.14,2,26,0,0,1,0.0,0.0
7,1001,9,True,0,2025-02-26,0,0.0,0.02,0.06,2,26,0,0,1,0.0,0.0
7,1027,9,True,0,2025-02-26,0,0.0,0.02,0.06,2,26,0,0,1,0.0,0.0
7,1048,9,True,0,2025-02-26,0,0.0,0.08,0.4,2,26,0,0,1,0.0,0.0
7,1054,9,True,0,2025-02-26,0,0.0,0.01,0.02,2,26,0,0,1,0.0,0.0
7,1139,9,True,0,2025-02-26,0,0.0,0.03,0.06,2,26,0,0,1,0.0,0.0
7,1140,9,True,0,2025-02-26,0,0.0,0.01,0.05,2,26,0,0,1,0.0,0.0
7,1152,9,True,0,2025-02-26,0,0.0,0.0,0.04,2,26,0,0,1,0.0,0.0
7,1166,9,True,0,2025-02-26,0,0.0,0.04,0.1,2,26,0,0,1,0.0,0.0
7,1171,9,True,0,2025-02-26,0,0.0,0.41,0.51,2,26,0,0,1,0.0,0.0
7,1222,9,True,0,2025-02-26,0,0.0,0.05,0.19,2,26,0,0,1,0.0,0.0
7,1252,9,True,0,2025-02-26,0,0.0,0.06,0.23,2,26,0,0,1,0.0,0.0
7,1331,9,True,0,2025-02-26,0,0.0,0.11,0.63,2,26,0,0,1,0.0,0.0
7,1355,9,True,0,2025-02-26,0,0.0,0.02,0.04,2,26,0,0,1,0.0,0.0
7,1366,9,True,0,2025-02-26,0,0.0,0.62,0.84,2,26,0,0,1,0.0,0.0
7,1401,9,True,0,2025-02-26,0,0.0,0.03,0.07,2,26,0,0,1,0.0,0.0
7,1435,9,True,0,2025-02-26,0,0.0,0.03,0.03,2,26,0,0,1,0.0,0.0
7,1442,9,True,0,2025-02-26,0,0.0,0.03,0.06,2,26,0,0,1,0.0,0.0
7,1449,9,True,0,2025-02-26,0,0.0,0.01,0.06,2,26,0,0,1,0.0,0.0
7,1474,9,True,0,2025-02-26,0,0.0,0.06,0.11,2,26,0,0,1,0.0,0.0
7,1489,9,True,0,2025-02-26,0,0.0,0.02,0.06,2,26,0,0,1,0.0,0.0
7,1492,9,True,0,2025-02-26,0,0.0,0.11,0.16,2,26,0,0,1,0.0,0.0
7,1530,9,True,0,2025-02-26,0,0.0,0.09,0.11,2,26,0,0,1,0.0,0.0
7,1572,9,True,0,2025-02-26,0,0.0,0.04,0.1,2,26,0,0,1,0.0,0.0
7,1583,9,True,0,2025-02-26,0,0.0,0.03,0.08,2,26,0,0,1,0.0,0.0
7,1595,9,True,0,2025-02-26,0,0.0,0.02,0.05,2,26,0,0,1,0.0,0.0
7,1636,9,True,0,2025-02-26,0,0.0,0.02,0.09,2,26,0,0,1,0.0,0.0
7,1643,9,True,0,2025-02-26,0,0.0,0.07,0.11,2,26,0,0,1,0.0,0.0
7,1671,9,True,0,2025-02-26,0,0.0,0.01,0.09,2,26,0,0,1,0.0,0.0
7,1687,9,True,0,2025-02-26,0,0.0,0.06,0.1,2,26,0,0,1,0.0,0.0
7,1719,9,True,0,2025-02-26,1,0.0,0.06,0.1,2,26,0,0,1,0.0,0.0
7,1758,9,True,0,2025-02-26,0,0.0,0.05,0.09,2,26,0,0,1,0.14285714285714285,0.0
7,1810,9,True,0,2025-02-26,0,0.0,0.02,0.07,2,26,0,0,1,0.14285714285714285,0.0
7,1837,9,True,0,2025-02-26,0,0.0,0.04,0.06,2,26,0,0,1,0.14285714285714285,0.0
7,1857,9,True,0,2025-02-26,0,0.0,0.04,0.07,2,26,0,0,1,0.14285714285714285,0.0
7,1883,9,True,0,2025-02-26,0,0.0,0.06,0.11,2,26,0,0,1,0.14285714285714285,0.0
7,1889,9,True,0,2025-02-26,0,0.0,0.02,0.06,2,26,0,0,1,0.14285714285714285,0.0
7,1920,9,True,0,2025-02-26,0,0.0,0.13,0.15,2,26,0,0,1,0.14285714285714285,0.0
7,2012,9,True,0,2025-02-26,0,0.0,0.02,0.12,2,26,0,0,1,0.0,0.0
7,2060,9,True,0,2025-02-26,0,0.0,0.13,0.2,2,26,0,0,1,0.0,0.0
7,2065,9,True,0,2025-02-26,0,0.0,0.01,0.03,2,26,0,0,1,0.0,0.0
7,2074,9,True,0,2025-02-26,0,0.0,0.07,0.22,2,26,0,0,1,0.0,0.0
7,2139,9,True,0,2025-02-26,0,0.0,0.02,0.1,2,26,0,0,1,0.0,0.0
7,2164,9,True,0,2025-02-26,0,0.0,0.01,0.05,2,26,0,0,1,0.0,0.0
7,2195,9,True,0,2025-02-26,0,0.0,0.01,0.02,2,26,0,0,1,0.0,0.0
7,2207,9,True,0,2025-02-26,0,0.0,0.07,0.12,2,26,0,0,1,0.0,0.0
7,2221,9,True,0,2025-02-26,0,0.0,0.01,0.05,2,26,0,0,1,0.0,0.0
7,2231,9,True,0,2025-02-26,0,0.0,0.03,0.09,2,26,0,0,1,0.0,0.0
7,2235,9,True,0,2025-02-26,0,0.0,0.06,0.07,2,26,0,0,1,0.0,0.0
7,2248,9,True,0,2025-02-26,0,0.0,0.07,0.28,2,26,0,0,1,0.0,0.0
7,2319,9,True,0,2025-02-26,0,0.0,0.18,0.54,2,26,0,0,1,0.0,0.0
7,2327,9,True,0,2025-02-26,0,0.0,0.02,0.07,2,26,0,0,1,0.0,0.0
7,2328,9,True,0,2025-02-26,0,0.0,0.18,0.25,2,26,0,0,1,0.0,0.0
7,2339,9,True,0,2025-02-26,0,0.0,0.03,0.14,2,26,0,0,1,0.0,0.0
7,2365,9,True,0,2025-02-26,0,0.0,0.0,0.01,2,26,0,0,1,0.0,0.0
7,2425,9,True,0,2025-02-26,0,0.0,0.05,0.14,2,26,0,0,1,0.0,0.0
7,2428,9,True,0,2025-02-26,0,0.0,0.31,0.42,2,26,0,0,1,0.0,0.0
7,2430,9,True,0,2025-02-26,0,0.0,0.01,0.04,2,26,0,0,1,0.0,0.0
7,2437,9,True,0,2025-02-26,0,0.0,0.03,0.07,2,26,0,0,1,0.0,0.0
7,2476,9,True,0,2025-02-26,0,0.0,0.04,0.33,2,26,0,0,1,0.0,0.0
7,2509,9,True,0,2025-02-26,0,0.0,0.07,0.15,2,26,0,0,1,0.0,0.0
7,2535,9,True,0,2025-02-26,0,0.0,0.07,0.09,2,26,0,0,1,0.0,0.0
7,2561,9,True,0,2025-02-26,0,0.0,0.06,0.1,2,26,0,0,1,0.0,0.0
7,2562,9,True,0,2025-02-26,0,0.0,0.04,0.09,2,26,0,0,1,0.0,0.0
7,2570,9,True,0,2025-02-26,1,0.0,0.02,0.02,2,26,0,0,1,0.0,0.0
7,2579,9,True,0,2025-02-26,0,0.0,0.1,0.18,2,26,0,0,1,0.14285714285714285,0.0
7,2599,9,True,0,2025-02-26,0,0.0,0.14,0.2,2,26,0,0,1,0.14285714285714285,0.0
7,2656,9,True,0,2025-02-26,0,0.0,0.05,0.5,2,26,0,0,1,0.14285714285714285,0.0
7,2666,9,True,0,2025-02-26,0,0.0,0.07,0.15,2,26,0,0,1,0.14285714285714285,0.0
7,2696,9,True,0,2025-02-26,0,0.0,0.02,0.03,2,26,0,0,1,0.14285714285714285,0.0
7,2703,9,True,0,2025-02-26,0,0.0,0.03,0.06,2,26,0,0,1,0.14285714285714285,0.0
7,2713,9,True,0,2025-02-26,0,0.0,0.02,0.03,2,26,0,0,1,0.14285714285714285,0.0
7,2728,9,True,0,2025-02-26,0,0.0,0.1,0.11,2,26,0,0,1,0.0,0.0
7,2733,9,True,0,2025-02-26,0,0.0,0.06,0.09,2,26,0,0,1,0.0,0.0
7,2762,9,True,0,2025-02-26,0,0.0,0.02,0.04,2,26,0,0,1,0.0,0.0
7,2766,9,True,0,2025-02-26,0,0.0,0.13,0.29,2,26,0,0,1,0.0,0.0
7,2777,9,True,0,2025-02-26,0,0.0,0.03,0.07,2,26,0,0,1,0.0,0.0
7,2779,9,True,0,2025-02-26,0,0.0,0.03,0.05,2,26,0,0,1,0.0,0.0
7,2787,9,True,0,2025-02-26,0,0.0,0.02,0.07,2,26,0,0,1,0.0,0.0
7,2790,9,True,0,2025-02-26,0,0.0,0.02,0.07,2,26,0,0,1,0.0,0.0
7,2793,9,True,0,2025-02-26,0,0.0,0.07,0.17,2,26,0,0,1,0.0,0.0
7,2794,9,True,0,2025-02-26,0,0.0,0.02,0.05,2,26,0,0,1,0.0,0.0
7,2802,9,True,0,2025-02-26,0,0.0,0.01,0.04,2,26,0,0,1,0.0,0.0
7,2810,9,True,0,2025-02-26,0,0.0,0.04,0.09,2,26,0,0,1,0.0,0.0
7,2819,9,True,0,2025-02-26,0,0.0,0.16,0.22,2,26,0,0,1,0.0,0.0
7,2837,9,True,0,2025-02-26,0,1.0,0.15,0.19,2,26,0,0,1,0.0,0.0
7,2863,9,True,0,2025-02-26,0,0.0,0.14,0.22,2,26,0,0,1,0.0,0.0
7,2865,9,True,0,2025-02-26,0,0.0,0.07,0.14,2,26,0,0,1,0.0,0.0
7,2879,9,True,0,2025-02-26,0,0.0,0.02,0.04,2,26,0,0,1,0.0,0.0
7,2900,9,True,0,2025-02-26,0,0.0,0.03,0.09,2,26,0,0,1,0.0,0.0
7,2965,9,True,0,2025-02-26,0,0.0,0.04,0.04,2,26,0,0,1,0.0,0.0
7,2993,9,True,0,2025-02-26,0,0.0,0.08,0.17,2,26,0,0,1,0.0,0.0
7,3005,9,True,0,2025-02-26,0,0.0,0.1,0.12,2,26,0,0,1,0.0,0.0
7,3075,9,True,0,2025-02-26,1,0.0,0.19,0.43,2,26,0,0,1,0.0,0.0
7,3080,9,True,0,2025-02-26,0,0.0,0.22,0.5,2,26,0,0,1,0.14285714285714285,0.0
7,3081,9,True,0,2025-02-26,0,0.0,0.08,0.14,2,26,0,0,1,0.14285714285714285,0.0
7,3109,9,True,0,2025-02-26,0,0.0,0.03,0.08,2,26,0,0,1,0.14285714285714285,0.0
7,3138,9,True,0,2025-02-26,0,0.0,0.18,0.28,2,26,0,0,1,0.14285714285714285,0.0
7,3141,9,True,0,2025-02-26,0,0.0,0.06,0.17,2,26,0,0,1,0.14285714285714285,0.0
7,3150,9,True,0,2025-02-26,0,0.0,0.0,0.01,2,26,0,0,1,0.14285714285714285,0.0
7,3171,9,True,0,2025-02-26,0,0.0,0.03,0.06,2,26,0,0,1,0.14285714285714285,0.0
7,3182,9,True,0,2025-02-26,0,0.0,0.02,0.08,2,26,0,0,1,0.0,0.0
7,3231,9,True,0,2025-02-26,0,0.0,0.08,0.17,2,26,0,0,1,0.0,0.0
7,3243,9,True,0,2025-02-26,0,0.0,0.02,0.06,2,26,0,0,1,0.0,0.0
7,3252,9,True,0,2025-02-26,0,0.0,0.02,0.09,2,26,0,0,1,0.0,0.0
7,3270,9,True,0,2025-02-26,0,0.0,0.12,0.18,2,26,0,0,1,0.0,0.0
7,3297,9,True,0,2025-02-26,0,0.0,0.13,0.22,2,26,0,0,1,0.0,0.0
7,3301,9,True,0,2025-02-26,0,0.0,0.09,0.17,2,26,0,0,1,0.0,0.0
7,3306,9,True,0,2025-02-26,0,0.0,0.13,0.19,2,26,0,0,1,0.0,0.0
7,3316,9,True,0,2025-02-26,0,0.0,0.01,0.04,2,26,0,0,1,0.0,0.0
7,3321,9,True,0,2025-02-26,0,0.0,0.02,0.08,2,26,0,0,1,0.0,0.0
7,3357,9,True,0,2025-02-26,0,0.0,0.25,0.5,2,26,0,0,1,0.0,0.0
7,3362,9,True,0,2025-02-26,0,0.0,0.02,0.05,2,26,0,0,1,0.0,0.0
7,3371,9,True,0,2025-02-26,0,0.0,0.05,0.26,2,26,0,0,1,0.0,0.0
7,3375,9,True,0,2025-02-26,0,0.0,0.1,0.31,2,26,0,0,1,0.0,0.0
7,3378,9,True,0,2025-02-26,0,0.0,0.09,0.15,2,26,0,0,1,0.0,0.0
7,3390,9,True,0,2025-02-26,0,0.0,0.04,0.08,2,26,0,0,1,0.0,0.0
7,3391,9,True,0,2025-02-26,0,0.0,0.1,0.15,2,26,0,0,1,0.0,0.0
7,3410,9,True,0,2025-02-26,0,0.0,0.06,0.08,2,26,0,0,1,0.0,0.0
7,3418,9,True,0,2025-02-26,0,0.0,0.11,0.2,2,26,0,0,1,0.0,0.0
7,3429,9,True,0,2025-02-26,0,0.0,0.09,0.13,2,26,0,0,1,0.0,0.0
7,3432,9,True,0,2025-02-26,0,0.0,0.01,0.05,2,26,0,0,1,0.0,0.0
7,3461,9,True,0,2025-02-26,0,0.0,0.01,0.05,2,26,0,0,1,0.0,0.0
7,3478,9,True,0,2025-02-26,2,0.0,0.03,0.05,2,26,0,0,1,0.0,0.0
7,3483,9,True,0,2025-02-26,0,0.0,0.07,0.15,2,26,0,0,1,0.2857142857142857,0.0
7,3487,9,True,0,2025-02-26,0,0.0,0.08,0.11,2,26,0,0,1,0.2857142857142857,0.0
7,3510,9,True,0,2025-02-26,0,0.0,0.08,0.14,2,26,0,0,1,0.2857142857142857,0.0
7,3513,9,True,0,2025-02-26,0,0.0,0.05,0.09,2,26,0,0,1,0.2857142857142857,0.0
7,3515,9,True,0,2025-02-26,0,0.0,0.01,0.02,2,26,0,0,1,0.2857142857142857,0.0
7,3541,9,True,0,2025-02-26,0,0.0,0.01,0.04,2,26,0,0,1,0.2857142857142857,0.0
7,3544,9,True,0,2025-02-26,1,0.0,0.1,0.15,2,26,0,0,1,0.2857142857142857,0.0
7,3600,9,True,0,2025-02-26,0,0.0,0.15,0.19,2,26,0,0,1,0.14285714285714285,0.0
7,3665,9,True,0,2025-02-26,0,0.0,0.02,0.03,2,26,0,0,1,0.14285714285714285,0.0
7,3674,9,True,0,2025-02-26,0,0.0,0.02,0.07,2,26,0,0,1,0.14285714285714285,0.0
7,3677,9,True,0,2025-02-26,0,0.0,0.05,0.08,2,26,0,0,1,0.14285714285714285,0.0
7,3709,9,True,0,2025-02-26,0,0.0,0.05,0.1,2,26,0,0,1,0.14285714285714285,0.0
7,3739,9,True,0,2025-02-26,0,0.0,0.02,0.02,2,26,0,0,1,0.14285714285714285,0.0
7,3747,9,True,0,2025-02-26,1,0.0,0.05,0.07,2,26,0,0,1,0.14285714285714285,0.0
7,3762,9,True,0,2025-02-26,0,0.0,0.02,0.09,2,26,0,0,1,0.14285714285714285,0.0
7,3771,9,True,0,2025-02-26,0,0.0,0.08,0.12,2,26,0,0,1,0.14285714285714285,0.0
7,3775,9,True,0,2025-02-26,0,0.0,0.07,0.23,2,26,0,0,1,0.14285714285714285,0.0
7,3787,9,True,0,2025-02-26,0,0.0,0.18,0.22,2,26,0,0,1,0.14285714285714285,0.0
7,3809,9,True,0,2025-02-26,0,0.0,0.02,0.09,2,26,0,0,1,0.14285714285714285,0.0
7,3810,9,True,0,2025-02-26,3,0.0,0.3,0.55,2,26,0,0,1,0.14285714285714285,0.0
7,3817,9,True,0,2025-02-26,0,0.0,0.01,0.06,2,26,0,0,1,0.5714285714285714,0.0
7,3849,9,True,0,2025-02-26,0,0.0,0.05,0.12,2,26,0,0,1,0.42857142857142855,0.0
7,3854,9,True,0,2025-02-26,1,0.0,0.06,0.38,2,26,0,0,1,0.42857142857142855,0.0
7,3859,9,True,0,2025-02-26,0,0.0,0.02,0.06,2,26,0,0,1,0.5714285714285714,0.0
7,3860,9,True,0,2025-02-26,0,0.0,0.02,0.09,2,26,0,0,1,0.5714285714285714,0.0
7,3871,9,True,0,2025-02-26,0,0.0,0.02,0.07,2,26,0,0,1,0.5714285714285714,0.0
7,3920,9,True,0,2025-02-26,0,0.0,0.06,0.13,2,26,0,0,1,0.5714285714285714,0.0
7,3933,9,True,0,2025-02-26,0,0.0,0.12,0.2,2,26,0,0,1,0.14285714285714285,0.0
7,3973,9,True,0,2025-02-26,0,0.0,0.02,0.04,2,26,0,0,1,0.14285714285714285,0.0
7,3981,9,True,0,2025-02-26,0,0.0,0.01,0.04,2,26,0,0,1,0.14285714285714285,0.0
7,3989,9,True,0,2025-02-26,0,0.0,0.15,0.35,2,26,0,0,1,0.0,0.0
7,4022,9,True,0,2025-02-26,0,0.0,0.08,0.09,2,26,0,0,1,0.0,0.0
7,4039,9,True,0,2025-02-26,0,0.0,0.05,0.12,2,26,0,0,1,0.0,0.0
7,4051,9,True,0,2025-02-26,0,0.0,0.02,0.09,2,26,0,0,1,0.0,0.0
7,4091,9,True,0,2025-02-26,0,0.0,0.04,0.17,2,26,0,0,1,0.0,0.0
7,4131,9,True,0,2025-02-26,0,0.0,0.02,0.08,2,26,0,0,1,0.0,0.0
7,4146,9,True,0,2025-02-26,0,0.0,0.09,0.23,2,26,0,0,1,0.0,0.0
7,4164,9,True,0,2025-02-26,0,0.0,0.02,0.04,2,26,0,0,1,0.0,0.0
7,4168,9,True,0,2025-02-26,0,0.0,0.06,0.12,2,26,0,0,1,0.0,0.0
7,4222,9,True,0,2025-02-26,0,0.0,0.04,0.1,2,26,0,0,1,0.0,0.0
7,4263,9,True,0,2025-02-26,0,0.0,0.01,0.02,2,26,0,0,1,0.0,0.0
7,4271,9,True,0,2025-02-26,0,0.0,0.02,0.06,2,26,0,0,1,0.0,0.0
7,4274,9,True,0,2025-02-26,0,0.0,0.04,0.07,2,26,0,0,1,0.0,0.0
7,4280,9,True,0,2025-02-26,0,0.0,0.05,0.08,2,26,0,0,1,0.0,0.0
7,4337,9,True,0,2025-02-26,0,0.0,0.04,0.05,2,26,0,0,1,0.0,0.0
7,4375,9,True,0,2025-02-26,0,0.0,0.01,0.01,2,26,0,0,1,0.0,0.0
7,4394,9,True,0,2025-02-26,0,0.0,0.02,0.04,2,26,0,0,1,0.0,0.0
7,4419,9,True,0,2025-02-26,0,0.0,0.06,0.09,2,26,0,0,1,0.0,0.0
7,4462,9,True,0,2025-02-26,0,0.0,0.13,0.17,2,26,0,0,1,0.0,0.0
7,4482,9,True,0,2025-02-26,0,0.0,0.04,0.13,2,26,0,0,1,0.0,0.0
7,4483,9,True,0,2025-02-26,0,0.0,0.05,0.06,2,26,0,0,1,0.0,0.0
7,4495,9,True,0,2025-02-26,0,0.0,0.01,0.05,2,26,0,0,1,0.0,0.0
7,4512,9,True,0,2025-02-26,0,0.0,0.04,0.09,2,26,0,0,1,0.0,0.0
7,4547,9,True,0,2025-02-26,6,0.0,0.01,0.05,2,26,0,0,1,0.0,0.0
7,4552,9,True,0,2025-02-26,0,0.0,0.07,0.14,2,26,0,0,1,0.8571428571428571,0.0
7,4578,9,True,0,2025-02-26,0,0.0,0.04,0.07,2,26,0,0,1,0.8571428571428571,0.0
7,4588,9,True,0,2025-02-26,0,0.0,0.02,0.06,2,26,0,0,1,0.8571428571428571,0.0
7,4603,9,True,0,2025-02-26,0,0.0,0.02,0.07,2,26,0,0,1,0.8571428571428571,0.0
7,4611,9,True,0,2025-02-26,0,0.0,0.01,0.03,2,26,0,0,1,0.8571428571428571,0.0
7,4619,9,True,0,2025-02-26,0,0.0,0.05,0.1,2,26,0,0,1,0.8571428571428571,0.0
7,4680,9,True,0,2025-02-26,0,0.0,0.01,0.05,2,26,0,0,1,0.8571428571428571,0.0
7,4694,9,True,0,2025-02-26,0,0.0,0.02,0.08,2,26,0,0,1,0.0,0.0
7,4708,9,True,0,2025-02-26,0,0.0,0.04,0.1,2,26,0,0,1,0.0,0.0
7,4720,9,True,0,2025-02-26,0,0.0,0.03,0.04,2,26,0,0,1,0.0,0.0
7,4738,9,True,0,2025-02-26,0,0.0,0.06,0.23,2,26,0,0,1,0.0,0.0
7,4746,9,True,0,2025-02-26,0,0.0,0.19,0.22,2,26,0,0,1,0.0,0.0
7,4752,9,True,0,2025-02-26,0,0.0,0.03,0.11,2,26,0,0,1,0.0,0.0
7,4762,9,True,0,2025-02-26,0,0.0,0.02,0.08,2,26,0,0,1,0.0,0.0
7,4776,9,True,0,2025-02-26,0,0.0,0.02,0.05,2,26,0,0,1,0.0,0.0
7,4777,9,True,0,2025-02-26,0,0.0,0.02,0.03,2,26,0,0,1,0.0,0.0
7,4796,9,True,0,2025-02-26,0,0.0,0.02,0.07,2,26,0,0,1,0.0,0.0
7,4797,9,True,0,2025-02-26,0,0.0,0.01,0.02,2,26,0,0,1,0.0,0.0
7,4814,9,True,0,2025-02-26,0,0.0,0.01,0.09,2,26,0,0,1,0.0,0.0
7,4828,9,True,0,2025-02-26,0,0.0,0.09,0.15,2,26,0,0,1,0.0,0.0
7,4831,9,True,0,2025-02-26,0,0.0,0.07,0.13,2,26,0,0,1,0.0,0.0
7,4916,9,True,0,2025-02-26,0,0.0,0.02,0.09,2,26,0,0,1,0.0,0.0
7,4940,9,True,0,2025-02-26,0,0.0,0.01,0.06,2,26,0,0,1,0.0,0.0
7,4949,9,True,0,2025-02-26,0,0.0,0.01,0.05,2,26,0,0,1,0.0,0.0
7,4982,9,True,0,2025-02-26,0,0.0,0.02,0.07,2,26,0,0,1,0.0,0.0
7,4993,9,True,0,2025-02-26,0,0.0,0.02,0.04,2,26,0,0,1,0.0,0.0
7,4995,9,True,0,2025-02-26,0,0.0,0.05,0.07,2,26,0,0,1,0.0,0.0
7,5007,9,True,0,2025-02-26,0,0.0,0.01,0.02,2,26,0,0,1,0.0,0.0
7,5010,9,True,0,2025-02-26,0,0.0,0.33,0.37,2,26,0,0,1,0.0,0.0
7,5037,9,True,0,2025-02-26,0,0.0,0.01,0.03,2,26,0,0,1,0.0,0.0
7,5065,9,True,0,2025-02-26,0,0.0,0.17,0.53,2,26,0,0,1,0.0,0.0
7,5066,9,True,0,2025-02-26,0,0.0,0.07,0.16,2,26,0,0,1,0.0,0.0
7,5081,9,True,0,2025-02-26,0,0.0,0.0,0.01,2,26,0,0,1,0.0,0.0
7,5104,9,True,0,2025-02-26,0,0.0,0.17,0.2,2,26,0,0,1,0.0,0.0
7,5157,9,True,0,2025-02-26,0,0.0,0.18,0.21,2,26,0,0,1,0.0,0.0
7,5164,9,True,0,2025-02-26,0,0.0,0.02,0.04,2,26,0,0,1,0.0,0.0
7,5215,9,True,0,2025-02-26,0,0.0,0.04,0.09,2,26,0,0,1,0.0,0.0
7,5222,9,True,0,2025-02-26,0,0.0,0.11,0.2,2,26,0,0,1,0.0,0.0
7,5224,9,True,0,2025-02-26,0,0.0,0.04,0.05,2,26,0,0,1,0.0,0.0
7,5245,9,True,0,2025-02-26,0,0.0,0.05,0.05,2,26,0,0,1,0.0,0.0
7,5254,9,True,0,2025-02-26,0,0.0,0.01,0.04,2,26,0,0,1,0.0,0.0
7,5277,9,True,0,2025-02-26,0,0.0,0.19,0.39,2,26,0,0,1,0.0,0.0
7,5279,9,True,0,2025-02-26,0,0.0,0.01,0.03,2,26,0,0,1,0.0,0.0
7,770,10,False,0,2025-02-26,3,0.0,0.02,0.03,2,26,0,0,1,0.0,0.0
7,2006,10,False,0,2025-02-26,50,0.0,0.0,0.0,2,26,0,0,1,0.42857142857142855,0.0
7,2223,10,False,0,2025-02-26,0,0.0,0.03,0.04,2,26,0,0,1,7.571428571428571,0.0
7,2582,10,False,0,2025-02-26,29,0.0,0.03,0.05,2,26,0,0,1,7.571428571428571,0.0
7,3368,10,False,0,2025-02-26,0,0.0,0.03,0.04,2,26,0,0,1,11.714285714285714,0.0
7,3451,10,False,0,2025-02-26,56,0.0,0.01,0.01,2,26,0,0,1,11.714285714285714,3.4535836949567114
7,3825,10,False,0,2025-02-26,9,0.0,0.02,0.04,2,26,0,0,1,19.714285714285715,0.0
7,4021,10,False,0,2025-02-26,5,0.0,0.02,0.06,2,26,0,0,1,21.0,0.0
7,4072,10,False,0,2025-02-26,0,0.0,0.0,0.0,2,26,0,0,1,21.285714285714285,0.0
7,37,11,False,0,2025-02-26,0,0.0,0.14,0.17,2,26,0,0,1,14.142857142857142,0.0
7,256,11,False,0,2025-02-26,3,0.0,0.3,0.36,2,26,0,0,1,14.142857142857142,0.0
7,402,11,False,0,2025-02-26,2,0.0,0.09,0.1,2,26,0,0,1,10.428571428571429,0.0
7,456,11,False,0,2025-02-26,3,0.0,0.1,0.13,2,26,0,0,1,10.714285714285714,0.0
7,458,11,False,0,2025-02-26,3,0.0,0.15,0.16,2,26,0,0,1,3.142857142857143,0.0
7,1064,11,False,0,2025-02-26,2,0.0,0.18,0.21,2,26,0,0,1,2.2857142857142856,0.0
7,1086,11,False,0,2025-02-26,3,0.0,0.07,0.08,2,26,0,0,1,1.8571428571428572,0.0
7,1465,11,False,0,2025-02-26,2,0.0,0.15,0.15,2,26,0,0,1,2.2857142857142856,0.0
7,1592,11,False,0,2025-02-26,3,0.0,0.3,0.36,2,26,0,0,1,2.5714285714285716,0.0
7,1802,11,False,0,2025-02-26,4,0.0,0.1,0.11,2,26,0,0,1,2.5714285714285716,0.0
7,1816,11,False,0,2025-02-26,2,0.0,0.06,0.07,2,26,0,0,1,2.857142857142857,0.0
7,1859,11,False,0,2025-02-26,2,1.0,0.1,0.13,2,26,0,0,1,2.7142857142857144,0.0
7,1961,11,False,0,2025-02-26,3,0.0,0.1,0.12,2,26,0,0,1,2.5714285714285716,0.0
7,2662,11,False,0,2025-02-26,0,0.0,0.2,0.23,2,26,0,0,1,2.7142857142857144,0.0
7,2906,11,False,0,2025-02-26,4,0.0,0.14,0.17,2,26,0,0,1,2.2857142857142856,0.0
7,3213,11,False,0,2025-02-26,3,0.0,0.06,0.07,2,26,0,0,1,2.5714285714285716,0.0
7,3268,11,False,0,2025-02-26,0,0.0,0.19,0.29,2,26,0,0,1,2.5714285714285716,0.0
7,4505,11,False,0,2025-02-26,3,0.0,0.06,0.06,2,26,0,0,1,2.0,0.0
7,4665,11,False,0,2025-02-26,3,0.0,0.06,0.07,2,26,0,0,1,2.142857142857143,0.0
7,5084,11,False,0,2025-02-26,3,0.0,0.14,0.18,2,26,0,0,1,2.2857142857142856,0.0
7,134,1,False,0,2025-02-24,3,0.0,0.16,0.21,0,24,0,0,0,2.2857142857142856,0.0
7,140,1,False,0,2025-02-24,2,0.0,0.18,0.23,0,24,0,0,0,2.7142857142857144,0.0
7,233,1,False,0,2025-02-24,2,0.0,0.24,0.29,0,24,0,0,0,2.4285714285714284,0.0
7,277,1,False,0,2025-02-24,2,0.0,0.3,0.31,0,24,0,0,0,2.2857142857142856,0.0
7,288,1,False,0,2025-02-24,4,0.0,0.01,0.03,0,24,0,0,0,2.5714285714285716,0.0
7,383,1,False,0,2025-02-24,0,0.0,0.01,0.01,0,24,0,0,0,2.7142857142857144,0.0
7,423,1,False,0,2025-02-24,2,0.0,0.01,0.01,0,24,0,0,0,2.2857142857142856,0.0
7,491,1,False,0,2025-02-24,4,0.0,0.12,0.16,0,24,0,0,0,2.142857142857143,0.0
7,532,1,False,0,2025-02-24,2,0.0,0.17,0.2,0,24,0,0,0,2.2857142857142856,0.0
7,649,1,False,0,2025-02-24,3,0.0,0.32,0.4,0,24,0,0,0,2.2857142857142856,0.0
7,695,1,False,0,2025-02-24,0,0.0,0.14,0.15,0,24,0,0,0,2.4285714285714284,0.0
7,1376,1,False,0,2025-02-24,2,0.0,0.16,0.19,0,24,0,0,0,2.142857142857143,0.0
7,1568,1,False,0,2025-02-24,2,0.0,0.14,0.21,0,24,0,0,0,1.8571428571428572,0.0
7,1627,1,False,0,2025-02-24,2,0.0,0.13,0.2,0,24,0,0,0,2.142857142857143,0.0
7,2070,1,False,0,2025-02-24,0,0.0,0.25,0.27,0,24,0,0,0,2.142857142857143,0.0
7,2549,1,False,0,2025-02-24,3,0.0,0.22,0.28,0,24,0,0,0,1.5714285714285714,0.0
7,2611,1,False,0,2025-02-24,4,0.0,0.12,0.16,0,24,0,0,0,1.7142857142857142,0.0
7,2665,1,False,0,2025-02-24,2,0.0,0.32,0.39,0,24,0,0,0,1.8571428571428572,0.0
7,2808,1,False,0,2025-02-24,1,0.0,0.1,0.12,0,24,0,0,0,2.142857142857143,0.0
7,3006,1,False,0,2025-02-24,1,0.0,0.14,0.17,0,24,0,0,0,2.0,0.0
7,3163,1,False,0,2025-02-24,1,0.0,0.04,0.05,0,24,0,0,0,1.8571428571428572,0.0
7,3643,1,False,0,2025-02-24,1,0.0,0.12,0.15,0,24,0,0,0,1.7142857142857142,0.0
7,3718,1,False,0,2025-02-24,2,0.0,0.18,0.22,0,24,0,0,0,1.8571428571428572,0.0
7,3983,1,False,0,2025-02-24,2,0.0,0.16,0.2,0,24,0,0,0,1.7142857142857142,0.0
7,4535,1,False,0,2025-02-24,3,0.0,0.44,0.53,0,24,0,0,0,1.4285714285714286,0.0
7,4601,1,False,0,2025-02-24,4,0.0,0.01,0.03,0,24,0,0,0,1.5714285714285714,0.0
7,4606,1,False,0,2025-02-24,2,0.0,0.13,0.17,0,24,0,0,0,2.0,0.0
7,4651,1,False,0,2025-02-24,0,0.0,0.12,0.14,0,24,0,0,0,2.142857142857143,0.0
7,4920,1,False,0,2025-02-24,1,0.0,0.17,0.2,0,24,0,0,0,2.0,0.0
7,208,2,False,0,2025-02-24,5,0.0,0.07,0.13,0,24,0,0,0,2.0,0.0
7,2165,2,False,0,2025-02-24,16,0.0,0.02,0.24,0,24,0,0,0,2.4285714285714284,0.0
7,2251,2,False,0,2025-02-24,0,0.0,0.17,0.37,0,24,0,0,0,4.428571428571429,0.0
7,28,3,True,0,2025-02-24,0,0.0,0.24,0.32,0,24,0,0,0,4.0,0.0
7,35,3,True,0,2025-02-24,2,0.0,0.11,0.14,0,24,0,0,0,3.4285714285714284,0.0
7,46,3,True,0,2025-02-24,0,0.0,0.25,0.34,0,24,0,0,0,3.4285714285714284,0.0
7,78,3,True,0,2025-02-24,0,0.0,0.11,0.12,0,24,0,0,0,3.4285714285714284,0.0
7,79,3,True,0,2025-02-24,0,0.0,0.24,0.31,0,24,0,0,0,3.2857142857142856,0.0
7,84,3,True,0,2025-02-24,0,0.0,0.22,0.29,0,24,0,0,0,2.5714285714285716,0.0
7,92,3,True,0,2025-02-24,0,0.0,0.11,0.29,0,24,0,0,0,0.2857142857142857,0.0
7,93,3,True,0,2025-02-24,0,0.0,0.15,0.22,0,24,0,0,0,0.2857142857142857,0.0
7,97,3,True,0,2025-02-24,0,0.0,0.16,0.22,0,24,0,0,0,0.2857142857142857,0.0
7,101,3,True,0,2025-02-24,0,0.0,0.25,0.35,0,24,0,0,0,0.0,0.0
7,105,3,True,0,2025-02-24,0,0.0,0.31,0.4,0,24,0,0,0,0.0,0.0
7,108,3,True,0,2025-02-24,1,0.0,0.53,0.68,0,24,0,0,0,0.0,0.0
7,117,3,True,0,2025-02-24,0,0.0,0.12,0.15,0,24,0,0,0,0.14285714285714285,0.0
7,127,3,True,0,2025-02-24,0,0.0,0.18,0.22,0,24,0,0,0,0.14285714285714285,0.0
7,133,3,True,0,2025-02-24,0,0.0,0.18,0.2,0,24,0,0,0,0.14285714285714285,0.0
7,143,3,True,0,2025-02-24,1,0.0,0.19,0.24,0,24,0,0,0,0.14285714285714285,0.0
7,153,3,True,0,2025-02-24,0,0.0,0.25,0.35,0,24,0,0,0,0.2857142857142857,0.0
7,181,3,True,0,2025-02-24,0,0.0,0.16,0.22,0,24,0,0,0,0.2857142857142857,0.0
7,183,3,True,0,2025-02-24,0,0.0,0.22,0.26,0,24,0,0,0,0.2857142857142857,0.0
7,186,3,True,0,2025-02-24,0,0.0,0.24,0.29,0,24,0,0,0,0.14285714285714285,0.0
7,195,3,True,0,2025-02-24,1,0.0,0.05,0.09,0,24,0,0,0,0.14285714285714285,0.0
7,197,3,True,0,2025-02-24,0,0.0,0.08,0.1,0,24,0,0,0,0.2857142857142857,0.0
7,204,3,True,0,2025-02-24,2,0.0,0.47,0.54,0,24,0,0,0,0.2857142857142857,0.0
7,214,3,True,0,2025-02-24,0,0.0,0.24,0.37,0,24,0,0,0,0.42857142857142855,0.0
7,219,3,True,0,2025-02-24,2,0.0,0.08,0.13,0,24,0,0,0,0.42857142857142855,0.0
7,220,3,True,0,2025-02-24,4,0.0,0.09,0.12,0,24,0,0,0,0.7142857142857143,0.0
7,223,3,True,0,2025-02-24,0,0.0,0.01,0.01,0,24,0,0,0,1.2857142857142858,0.0
7,227,3,True,0,2025-02-24,0,0.0,0.04,0.05,0,24,0,0,0,1.2857142857142858,0.0
7,232,3,True,0,2025-02-24,0,0.0,0.21,0.26,0,24,0,0,0,1.1428571428571428,0.0
7,236,3,True,0,2025-02-24,1,0.0,0.09,0.1,0,24,0,0,0,1.1428571428571428,0.0
7,241,3,True,0,2025-02-24,0,0.0,0.06,0.08,0,24,0,0,0,1.0,0.0
7,242,3,True,0,2025-02-24,0,0.0,0.13,0.24,0,24,0,0,0,1.0,0.0
7,245,3,True,0,2025-02-24,0,0.0,0.13,0.22,0,24,0,0,0,0.7142857142857143,0.0
7,247,3,True,0,2025-02-24,2,0.0,0.15,0.22,0,24,0,0,0,0.14285714285714285,0.0
7,254,3,True,0,2025-02-24,0,0.0,0.31,0.48,0,24,0,0,0,0.42857142857142855,0.0
7,263,3,True,0,2025-02-24,0,0.0,0.33,0.4,0,24,0,0,0,0.42857142857142855,0.0
7,273,3,True,0,2025-02-24,0,0.0,0.11,0.12,0,24,0,0,0,0.42857142857142855,0.0
7,274,3,True,0,2025-02-24,0,0.0,0.3,0.36,0,24,0,0,0,0.2857142857142857,0.0
7,279,3,True,0,2025-02-24,0,0.0,0.15,0.19,0,24,0,0,0,0.2857142857142857,0.0
7,285,3,True,0,2025-02-24,0,0.0,0.3,0.47,0,24,0,0,0,0.2857142857142857,0.0
7,293,3,True,0,2025-02-24,0,0.0,0.07,0.09,0,24,0,0,0,0.2857142857142857,0.0
7,295,3,True,0,2025-02-24,0,0.0,0.09,0.12,0,24,0,0,0,0.0,0.0
7,299,3,True,0,2025-02-24,0,0.0,0.31,0.47,0,24,0,0,0,0.0,0.0
7,300,3,True,0,2025-02-24,0,0.0,0.16,0.17,0,24,0,0,0,0.0,0.0
7,310,3,True,0,2025-02-24,0,0.0,0.15,0.16,0,24,0,0,0,0.0,0.0
7,332,3,True,0,2025-02-24,0,0.0,0.23,0.31,0,24,0,0,0,0.0,0.0
7,343,3,True,0,2025-02-24,0,0.0,0.03,0.04,0,24,0,0,0,0.0,0.0
7,353,3,True,0,2025-02-24,0,0.0,0.18,0.2,0,24,0,0,0,0.0,0.0
7,369,3,True,0,2025-02-24,0,0.0,0.16,0.18,0,24,0,0,0,0.0,0.0
7,373,3,True,0,2025-02-24,1,0.0,0.02,0.03,0,24,0,0,0,0.0,0.0
7,376,3,True,0,2025-02-24,0,0.0,0.6,0.64,0,24,0,0,0,0.14285714285714285,0.0
7,397,3,True,0,2025-02-24,0,0.0,0.09,0.11,0,24,0,0,0,0.14285714285714285,0.0
7,401,3,True,0,2025-02-24,0,0.0,0.11,0.16,0,24,0,0,0,0.14285714285714285,0.0
7,406,3,True,0,2025-02-24,0,1.0,0.39,0.46,0,24,0,0,0,0.14285714285714285,0.0
7,412,3,True,0,2025-02-24,0,0.0,0.25,0.29,0,24,0,0,0,0.14285714285714285,0.0
7,413,3,True,0,2025-02-24,2,0.0,0.04,0.04,0,24,0,0,0,0.14285714285714285,0.0
7,420,3,True,0,2025-02-24,0,0.0,0.29,0.45,0,24,0,0,0,0.42857142857142855,0.0
7,421,3,True,0,2025-02-24,0,0.0,0.18,0.28,0,24,0,0,0,0.2857142857142857,0.0
7,437,3,True,0,2025-02-24,0,0.0,0.09,0.14,0,24,0,0,0,0.2857142857142857,0.0
7,439,3,True,0,2025-02-24,0,0.0,0.07,0.13,0,24,0,0,0,0.2857142857142857,0.0
7,448,3,True,0,2025-02-24,0,0.0,0.14,0.19,0,24,0,0,0,0.2857142857142857,0.0
7,460,3,True,0,2025-02-24,0,0.0,0.18,0.19,0,24,0,0,0,0.2857142857142857,0.0
7,471,3,True,0,2025-02-24,0,0.0,0.1,0.14,0,24,0,0,0,0.2857142857142857,0.0
7,475,3,True,0,2025-02-24,0,0.0,0.26,0.32,0,24,0,0,0,0.0,0.0
7,476,3,True,0,2025-02-24,0,0.0,0.25,0.31,0,24,0,0,0,0.0,0.0
7,480,3,True,0,2025-02-24,0,0.0,0.09,0.1,0,24,0,0,0,0.0,0.0
7,490,3,True,0,2025-02-24,0,0.0,0.15,0.18,0,24,0,0,0,0.0,0.0
7,499,3,True,0,2025-02-24,0,0.0,0.08,0.12,0,24,0,0,0,0.0,0.0
7,502,3,True,0,2025-02-24,1,0.0,0.14,0.16,0,24,0,0,0,0.0,0.0
7,525,3,True,0,2025-02-24,1,0.0,0.3,0.38,0,24,0,0,0,0.14285714285714285,0.0
7,534,3,True,0,2025-02-24,0,0.0,0.22,0.29,0,24,0,0,0,0.2857142857142857,0.0
7,535,3,True,0,2025-02-24,1,0.0,0.13,0.12,0,24,0,0,0,0.2857142857142857,0.0
7,540,3,True,0,2025-02-24,0,0.0,0.05,0.07,0,24,0,0,0,0.42857142857142855,0.0
7,545,3,True,0,2025-02-24,0,0.0,0.26,0.3,0,24,0,0,0,0.42857142857142855,0.0
7,548,3,True,0,2025-02-24,0,0.0,0.37,0.46,0,24,0,0,0,0.42857142857142855,0.0
7,555,3,True,0,2025-02-24,0,0.0,0.48,0.47,0,24,0,0,0,0.42857142857142855,0.0
7,580,3,True,0,2025-02-24,4,0.0,0.16,0.2,0,24,0,0,0,0.2857142857142857,0.0
7,583,3,True,0,2025-02-24,0,0.0,0.61,0.83,0,24,0,0,0,0.7142857142857143,0.0
7,592,3,True,0,2025-02-24,0,0.0,0.21,0.31,0,24,0,0,0,0.7142857142857143,0.0
7,596,3,True,0,2025-02-24,0,0.0,0.16,0.2,0,24,0,0,0,0.5714285714285714,0.0
7,607,3,True,0,2025-02-24,0,0.0,0.48,0.56,0,24,0,0,0,0.5714285714285714,0.0
7,609,3,True,0,2025-02-24,0,0.0,0.08,0.11,0,24,0,0,0,0.5714285714285714,0.0
7,611,3,True,0,2025-02-24,0,0.0,0.15,0.17,0,24,0,0,0,0.5714285714285714,0.0
7,631,3,True,0,2025-02-24,0,0.0,0.07,0.08,0,24,0,0,0,0.5714285714285714,0.0
7,634,3,True,0,2025-02-24,0,0.0,0.34,0.38,0,24,0,0,0,0.0,0.0
7,637,3,True,0,2025-02-24,0,0.0,0.16,0.16,0,24,0,0,0,0.0,0.0
7,640,3,True,0,2025-02-24,0,0.0,0.09,0.09,0,24,0,0,0,0.0,0.0
7,651,3,True,0,2025-02-24,0,0.0,0.06,0.08,0,24,0,0,0,0.0,0.0
7,655,3,True,0,2025-02-24,0,0.0,0.09,0.12,0,24,0,0,0,0.0,0.0
7,659,3,True,0,2025-02-24,1,0.0,0.23,0.31,0,24,0,0,0,0.0,0.0
7,661,3,True,0,2025-02-24,0,0.0,0.06,0.08,0,24,0,0,0,0.14285714285714285,0.0
7,671,3,True,0,2025-02-24,0,0.0,0.21,0.22,0,24,0,0,0,0.14285714285714285,0.0
7,683,3,True,0,2025-02-24,0,0.0,0.19,0.23,0,24,0,0,0,0.14285714285714285,0.0
7,684,3,True,0,2025-02-24,0,0.0,0.08,0.12,0,24,0,0,0,0.14285714285714285,0.0
7,685,3,True,0,2025-02-24,0,0.0,0.16,0.2,0,24,0,0,0,0.14285714285714285,0.0
7,690,3,True,0,2025-02-24,3,0.0,0.01,0.02,0,24,0,0,0,0.14285714285714285,0.0
7,702,3,True,0,2025-02-24,0,0.0,0.1,0.12,0,24,0,0,0,0.5714285714285714,0.0
7,706,3,True,0,2025-02-24,0,0.0,0.21,0.25,0,24,0,0,0,0.42857142857142855,0.0
7,710,3,True,0,2025-02-24,0,0.0,0.08,0.11,0,24,0,0,0,0.42857142857142855,0.0
7,711,3,True,0,2025-02-24,0,0.0,0.04,0.05,0,24,0,0,0,0.42857142857142855,0.0
7,719,3,True,0,2025-02-24,0,0.0,0.15,0.17,0,24,0,0,0,0.42857142857142855,0.0
7,720,3,True,0,2025-02-24,0,0.0,0.11,0.15,0,24,0,0,0,0.42857142857142855,0.0
7,729,3,True,0,2025-02-24,2,0.0,0.12,0.15,0,24,0,0,0,0.42857142857142855,0.0
7,740,3,True,0,2025-02-24,0,0.0,0.12,0.16,0,24,0,0,0,0.2857142857142857,0.0
7,744,3,True,0,2025-02-24,0,0.0,0.07,0.1,0,24,0,0,0,0.2857142857142857,0.0
7,753,3,True,0,2025-02-24,5,0.0,0.04,0.06,0,24,0,0,0,0.2857142857142857,0.0
7,759,3,True,0,2025-02-24,0,0.0,0.46,0.4,0,24,0,0,0,1.0,0.0
7,785,3,True,0,2025-02-24,0,0.0,0.06,0.07,0,24,0,0,0,1.0,0.0
7,787,3,True,0,2025-02-24,0,0.0,0.23,0.31,0,24,0,0,0,1.0,0.0
7,795,3,True,0,2025-02-24,0,0.0,0.11,0.15,0,24,0,0,0,1.0,0.0
7,796,3,True,0,2025-02-24,0,0.0,0.13,0.15,0,24,0,0,0,0.7142857142857143,0.0
7,799,3,True,0,2025-02-24,0,0.0,0.28,0.35,0,24,0,0,0,0.7142857142857143,0.0
7,803,3,True,0,2025-02-24,0,0.0,0.13,0.17,0,24,0,0,0,0.7142857142857143,0.0
7,809,3,True,0,2025-02-24,0,0.0,0.54,0.62,0,24,0,0,0,0.0,0.0
7,815,3,True,0,2025-02-24,0,0.0,0.34,0.65,0,24,0,0,0,0.0,0.0
7,829,3,True,0,2025-02-24,0,0.0,0.57,0.84,0,24,0,0,0,0.0,0.0
7,830,3,True,0,2025-02-24,0,0.0,0.12,0.15,0,24,0,0,0,0.0,0.0
7,844,3,True,0,2025-02-24,0,0.0,0.12,0.16,0,24,0,0,0,0.0,0.0
7,859,3,True,0,2025-02-24,0,0.0,0.03,0.09,0,24,0,0,0,0.0,0.0
7,867,3,True,0,2025-02-24,0,0.0,0.11,0.22,0,24,0,0,0,0.0,0.0
7,885,3,True,0,2025-02-24,0,0.0,0.34,0.42,0,24,0,0,0,0.0,0.0
7,886,3,True,0,2025-02-24,0,0.0,0.17,0.2,0,24,0,0,0,0.0,0.0
7,889,3,True,0,2025-02-24,0,0.0,0.07,0.09,0,24,0,0,0,0.0,0.0
7,894,3,True,0,2025-02-24,0,0.0,0.09,0.11,0,24,0,0,0,0.0,0.0
7,899,3,True,0,2025-02-24,0,0.0,0.07,0.1,0,24,0,0,0,0.0,0.0
7,900,3,True,0,2025-02-24,0,0.0,0.32,0.37,0,24,0,0,0,0.0,0.0
7,916,3,True,0,2025-02-24,0,0.0,0.43,0.64,0,24,0,0,0,0.0,0.0
7,924,3,True,0,2025-02-24,0,0.0,0.06,0.08,0,24,0,0,0,0.0,0.0
7,930,3,True,0,2025-02-24,0,0.0,0.02,0.03,0,24,0,0,0,0.0,0.0
7,933,3,True,0,2025-02-24,0,0.0,0.53,0.67,0,24,0,0,0,0.0,0.0
7,939,3,True,0,2025-02-24,0,0.0,0.51,0.52,0,24,0,0,0,0.0,0.0
7,959,3,True,0,2025-02-24,0,0.0,0.07,0.08,0,24,0,0,0,0.0,0.0
7,970,3,True,0,2025-02-24,1,0.0,0.05,0.07,0,24,0,0,0,0.0,0.0
7,984,3,True,0,2025-02-24,0,0.0,0.2,0.25,0,24,0,0,0,0.14285714285714285,0.0
7,985,3,True,0,2025-02-24,0,0.0,0.46,0.62,0,24,0,0,0,0.14285714285714285,0.0
7,990,3,True,0,2025-02-24,0,0.0,0.05,0.08,0,24,0,0,0,0.14285714285714285,0.0
7,1002,3,True,0,2025-02-24,0,0.0,0.17,0.21,0,24,0,0,0,0.14285714285714285,0.0
7,1012,3,True,0,2025-02-24,0,0.0,0.2,0.24,0,24,0,0,0,0.14285714285714285,0.0
7,1015,3,True,0,2025-02-24,0,0.0,0.26,0.29,0,24,0,0,0,0.14285714285714285,0.0
7,1025,3,True,0,2025-02-24,0,0.0,0.06,0.1,0,24,0,0,0,0.14285714285714285,0.0
7,1026,3,True,0,2025-02-24,1,0.0,0.06,0.07,0,24,0,0,0,0.0,0.0
7,1038,3,True,0,2025-02-24,0,0.0,0.11,0.14,0,24,0,0,0,0.14285714285714285,0.0
7,1042,3,True,0,2025-02-24,0,0.0,0.16,0.2,0,24,0,0,0,0.14285714285714285,0.0
7,1049,3,True,0,2025-02-24,0,0.0,0.13,0.18,0,24,0,0,0,0.14285714285714285,0.0
7,1059,3,True,0,2025-02-24,0,0.0,0.19,0.24,0,24,0,0,0,0.14285714285714285,0.0
7,1061,3,True,0,2025-02-24,0,0.0,0.1,0.12,0,24,0,0,0,0.14285714285714285,0.0
7,1068,3,True,0,2025-02-24,0,0.0,0.21,0.24,0,24,0,0,0,0.14285714285714285,0.0
7,1083,3,True,0,2025-02-24,0,0.0,0.16,0.19,0,24,0,0,0,0.14285714285714285,0.0
7,1093,3,True,0,2025-02-24,0,0.0,0.12,0.17,0,24,0,0,0,0.0,0.0
7,1098,3,True,0,2025-02-24,0,0.0,0.23,0.3,0,24,0,0,0,0.0,0.0
7,1100,3,True,0,2025-02-24,0,0.0,0.05,0.07,0,24,0,0,0,0.0,0.0
7,1114,3,True,0,2025-02-24,0,0.0,0.1,0.15,0,24,0,0,0,0.0,0.0
7,1131,3,True,0,2025-02-24,0,0.0,0.06,0.09,0,24,0,0,0,0.0,0.0
7,1154,3,True,0,2025-02-24,0,0.0,0.08,0.11,0,24,0,0,0,0.0,0.0
7,1156,3,True,0,2025-02-24,3,0.0,0.12,0.12,0,24,0,0,0,0.0,0.0
7,1159,3,True,0,2025-02-24,0,0.0,0.17,0.15,0,24,0,0,0,0.42857142857142855,0.0
7,1160,3,True,0,2025-02-24,0,0.0,0.21,0.24,0,24,0,0,0,0.42857142857142855,0.0
7,1197,3,True,0,2025-02-24,2,0.0,0.17,0.19,0,24,0,0,0,0.42857142857142855,0.0
7,1201,3,True,0,2025-02-24,0,0.0,0.27,0.42,0,24,0,0,0,0.7142857142857143,0.0
7,1205,3,True,0,2025-02-24,0,0.0,0.09,0.1,0,24,0,0,0,0.7142857142857143,0.0
7,1206,3,True,0,2025-02-24,0,0.0,0.11,0.16,0,24,0,0,0,0.7142857142857143,0.0
7,1213,3,True,0,2025-02-24,0,0.0,0.06,0.08,0,24,0,0,0,0.7142857142857143,0.0
7,1214,3,True,0,2025-02-24,1,0.0,0.15,0.18,0,24,0,0,0,0.2857142857142857,0.0
7,1217,3,True,0,2025-02-24,0,0.0,0.1,0.21,0,24,0,0,0,0.42857142857142855,0.0
7,1226,3,True,0,2025-02-24,0,0.0,0.18,0.21,0,24,0,0,0,0.42857142857142855,0.0
7,1227,3,True,0,2025-02-24,0,0.0,0.13,0.17,0,24,0,0,0,0.14285714285714285,0.0
7,1231,3,True,0,2025-02-24,0,0.0,0.17,0.21,0,24,0,0,0,0.14285714285714285,0.0
7,1232,3,True,0,2025-02-24,0,0.0,0.09,0.09,0,24,0,0,0,0.14285714285714285,0.0
7,1236,3,True,0,2025-02-24,0,0.0,0.23,0.29,0,24,0,0,0,0.14285714285714285,0.0
7,1237,3,True,0,2025-02-24,0,0.0,0.11,0.18,0,24,0,0,0,0.14285714285714285,0.0
7,1240,3,True,0,2025-02-24,0,0.0,0.2,0.28,0,24,0,0,0,0.0,0.0
7,1242,3,True,0,2025-02-24,0,0.0,0.11,0.13,0,24,0,0,0,0.0,0.0
7,1259,3,True,0,2025-02-24,0,0.0,0.15,0.17,0,24,0,0,0,0.0,0.0
7,1271,3,True,0,2025-02-24,0,0.0,0.14,0.15,0,24,0,0,0,0.0,0.0
7,1286,3,True,0,2025-02-24,0,0.0,0.04,0.04,0,24,0,0,0,0.0,0.0
7,1297,3,True,0,2025-02-24,0,0.0,0.4,0.56,0,24,0,0,0,0.0,0.0
7,1312,3,True,0,2025-02-24,0,0.0,0.38,0.51,0,24,0,0,0,0.0,0.0
7,1319,3,True,0,2025-02-24,0,0.0,0.31,0.43,0,24,0,0,0,0.0,0.0
7,1330,3,True,0,2025-02-24,0,0.0,0.47,0.62,0,24,0,0,0,0.0,0.0
7,1349,3,True,0,2025-02-24,0,0.0,0.09,0.15,0,24,0,0,0,0.0,0.0
7,1361,3,True,0,2025-02-24,0,0.0,0.19,0.24,0,24,0,0,0,0.0,0.0
7,1370,3,True,0,2025-02-24,0,0.0,0.06,0.09,0,24,0,0,0,0.0,0.0
7,1374,3,True,0,2025-02-24,0,0.0,0.26,0.36,0,24,0,0,0,0.0,0.0
7,1378,3,True,0,2025-02-24,0,0.0,0.13,0.16,0,24,0,0,0,0.0,0.0
7,1386,3,True,0,2025-02-24,0,0.0,0.12,0.1,0,24,0,0,0,0.0,0.0
7,1398,3,True,0,2025-02-24,0,0.0,0.08,0.11,0,24,0,0,0,0.0,0.0
7,1399,3,True,0,2025-02-24,10,0.0,0.01,0.02,0,24,0,0,0,0.0,0.0
7,1411,3,True,0,2025-02-24,0,0.0,0.24,0.33,0,24,0,0,0,1.4285714285714286,0.0
7,1440,3,True,0,2025-02-24,0,0.0,0.05,0.06,0,24,0,0,0,1.4285714285714286,0.0
7,1443,3,True,0,2025-02-24,0,0.0,0.14,0.17,0,24,0,0,0,1.4285714285714286,0.0
7,1455,3,True,0,2025-02-24,0,0.0,0.05,0.08,0,24,0,0,0,1.4285714285714286,0.0
7,1462,3,True,0,2025-02-24,0,0.0,0.32,0.42,0,24,0,0,0,1.4285714285714286,0.0
7,1472,3,True,0,2025-02-24,1,0.0,0.09,0.12,0,24,0,0,0,1.4285714285714286,0.0
7,1477,3,True,0,2025-02-24,1,0.0,0.1,0.13,0,24,0,0,0,1.5714285714285714,0.0
7,1478,3,True,0,2025-02-24,1,0.0,0.05,0.05,0,24,0,0,0,0.2857142857142857,0.0
7,1491,3,True,0,2025-02-24,0,0.0,0.24,0.3,0,24,0,0,0,0.42857142857142855,0.0
7,1499,3,True,0,2025-02-24,1,0.0,0.1,0.16,0,24,0,0,0,0.42857142857142855,0.0
7,1507,3,True,0,2025-02-24,0,0.0,0.09,0.1,0,24,0,0,0,0.5714285714285714,0.0
7,1508,3,True,0,2025-02-24,0,0.0,0.11,0.12,0,24,0,0,0,0.5714285714285714,0.0
7,1513,3,True,0,2025-02-24,0,0.0,0.12,0.16,0,24,0,0,0,0.5714285714285714,0.0
7,1523,3,True,0,2025-02-24,0,0.0,0.05,0.08,0,24,0,0,0,0.42857142857142855,0.0
7,1536,3,True,0,2025-02-24,1,0.0,0.1,0.15,0,24,0,0,0,0.2857142857142857,0.0
7,1545,3,True,0,2025-02-24,0,0.0,0.15,0.19,0,24,0,0,0,0.2857142857142857,0.0
7,1550,3,True,0,2025-02-24,0,0.0,0.28,0.33,0,24,0,0,0,0.2857142857142857,0.0
7,1557,3,True,0,2025-02-24,0,0.0,0.12,0.16,0,24,0,0,0,0.14285714285714285,0.0
7,1561,3,True,0,2025-02-24,0,0.0,0.37,0.45,0,24,0,0,0,0.14285714285714285,0.0
7,1566,3,True,0,2025-02-24,0,0.0,0.16,0.21,0,24,0,0,0,0.14285714285714285,0.0
7,1579,3,True,0,2025-02-24,0,0.0,0.07,0.1,0,24,0,0,0,0.14285714285714285,0.0
7,1582,3,True,0,2025-02-24,0,0.0,0.16,0.2,0,24,0,0,0,0.14285714285714285,0.0
7,1585,3,True,0,2025-02-24,0,0.0,0.46,0.6,0,24,0,0,0,0.0,0.0
7,1587,3,True,0,2025-02-24,0,0.0,0.05,0.05,0,24,0,0,0,0.0,0.0
7,1605,3,True,0,2025-02-24,0,0.0,0.07,0.09,0,24,0,0,0,0.0,0.0
7,1609,3,True,0,2025-02-24,0,0.0,0.18,0.21,0,24,0,0,0,0.0,0.0
7,1632,3,True,0,2025-02-24,0,0.0,0.12,0.2,0,24,0,0,0,0.0,0.0
7,1638,3,True,0,2025-02-24,0,0.0,0.25,0.34,0,24,0,0,0,0.0,0.0
7,1640,3,True,0,2025-02-24,0,0.0,0.2,0.27,0,24,0,0,0,0.0,0.0
7,1641,3,True,0,2025-02-24,0,0.0,0.08,0.16,0,24,0,0,0,0.0,0.0
7,1649,3,True,0,2025-02-24,0,0.0,0.28,0.38,0,24,0,0,0,0.0,0.0
7,1680,3,True,0,2025-02-24,0,0.0,0.21,0.25,0,24,0,0,0,0.0,0.0
7,1681,3,True,0,2025-02-24,0,0.0,0.05,0.07,0,24,0,0,0,0.0,0.0
7,1682,3,True,0,2025-02-24,0,0.0,0.38,0.54,0,24,0,0,0,0.0,0.0
7,1683,3,True,0,2025-02-24,0,0.0,0.07,0.09,0,24,0,0,0,0.0,0.0
7,1700,3,True,0,2025-02-24,0,0.0,0.28,0.37,0,24,0,0,0,0.0,0.0
7,1708,3,True,0,2025-02-24,0,0.0,0.42,0.44,0,24,0,0,0,0.0,0.0
7,1709,3,True,0,2025-02-24,0,0.0,0.08,0.1,0,24,0,0,0,0.0,0.0
7,1714,3,True,0,2025-02-24,0,0.0,0.29,0.36,0,24,0,0,0,0.0,0.0
7,1718,3,True,0,2025-02-24,0,0.0,0.36,0.39,0,24,0,0,0,0.0,0.0
7,1737,3,True,0,2025-02-24,0,0.0,0.12,0.21,0,24,0,0,0,0.0,0.0
7,1751,3,True,0,2025-02-24,0,0.0,0.16,0.2,0,24,0,0,0,0.0,0.0
7,1753,3,True,0,2025-02-24,0,0.0,0.2,0.24,0,24,0,0,0,0.0,0.0
7,1754,3,True,0,2025-02-24,2,0.0,0.03,0.05,0,24,0,0,0,0.0,0.0
7,1769,3,True,0,2025-02-24,0,0.0,0.13,0.15,0,24,0,0,0,0.2857142857142857,0.0
7,1779,3,True,0,2025-02-24,0,0.0,0.04,0.06,0,24,0,0,0,0.2857142857142857,0.0
7,1786,3,True,0,2025-02-24,0,0.0,0.2,0.24,0,24,0,0,0,0.2857142857142857,0.0
7,1788,3,True,0,2025-02-24,0,0.0,0.35,0.43,0,24,0,0,0,0.2857142857142857,0.0
7,1808,3,True,0,2025-02-24,0,0.0,0.25,0.29,0,24,0,0,0,0.2857142857142857,0.0
7,1812,3,True,0,2025-02-24,0,0.0,0.33,0.44,0,24,0,0,0,0.2857142857142857,0.0
7,1817,3,True,0,2025-02-24,1,0.0,0.19,0.29,0,24,0,0,0,0.2857142857142857,0.0
7,1823,3,True,0,2025-02-24,0,0.0,0.13,0.17,0,24,0,0,0,0.14285714285714285,0.0
7,1831,3,True,0,2025-02-24,0,0.0,0.1,0.12,0,24,0,0,0,0.14285714285714285,0.0
7,1862,3,True,0,2025-02-24,0,0.0,0.11,0.15,0,24,0,0,0,0.14285714285714285,0.0
7,1867,3,True,0,2025-02-24,0,0.0,0.54,0.72,0,24,0,0,0,0.14285714285714285,0.0
7,1888,3,True,0,2025-02-24,0,0.0,0.25,0.32,0,24,0,0,0,0.14285714285714285,0.0
7,1891,3,True,0,2025-02-24,0,0.0,0.45,0.55,0,24,0,0,0,0.14285714285714285,0.0
7,1913,3,True,0,2025-02-24,0,0.0,0.03,0.04,0,24,0,0,0,0.14285714285714285,0.0
7,1914,3,True,0,2025-02-24,0,0.0,0.15,0.21,0,24,0,0,0,0.0,0.0
7,1927,3,True,0,2025-02-24,0,0.0,0.3,0.34,0,24,0,0,0,0.0,0.0
7,1931,3,True,0,2025-02-24,0,0.0,0.67,0.81,0,24,0,0,0,0.0,0.0
7,1943,3,True,0,2025-02-24,0,0.0,0.22,0.24,0,24,0,0,0,0.0,0.0
7,1952,3,True,0,2025-02-24,0,0.0,0.07,0.09,0,24,0,0,0,0.0,0.0
7,1964,3,True,0,2025-02-24,3,0.0,0.2,0.24,0,24,0,0,0,0.0,0.0
7,1974,3,True,0,2025-02-24,0,0.0,0.44,0.47,0,24,0,0,0,0.42857142857142855,0.0
7,1989,3,True,0,2025-02-24,0,0.0,0.15,0.19,0,24,0,0,0,0.42857142857142855,0.0
7,1990,3,True,0,2025-02-24,0,0.0,0.23,0.31,0,24,0,0,0,0.42857142857142855,0.0
7,1993,3,True,0,2025-02-24,0,0.0,0.12,0.15,0,24,0,0,0,0.42857142857142855,0.0
7,2004,3,True,0,2025-02-24,0,0.0,0.21,0.29,0,24,0,0,0,0.42857142857142855,0.0
7,2026,3,True,0,2025-02-24,0,0.0,0.23,0.32,0,24,0,0,0,0.42857142857142855,0.0
7,2049,3,True,0,2025-02-24,0,0.0,0.06,0.09,0,24,0,0,0,0.42857142857142855,0.0
7,2054,3,True,0,2025-02-24,0,0.0,0.22,0.39,0,24,0,0,0,0.0,0.0
7,2075,3,True,0,2025-02-24,0,0.0,0.18,0.24,0,24,0,0,0,0.0,0.0
7,2079,3,True,0,2025-02-24,0,0.0,0.12,0.13,0,24,0,0,0,0.0,0.0
7,2080,3,True,0,2025-02-24,0,0.0,0.14,0.15,0,24,0,0,0,0.0,0.0
7,2087,3,True,0,2025-02-24,0,0.0,0.36,0.54,0,24,0,0,0,0.0,0.0
7,2089,3,True,0,2025-02-24,0,0.0,0.12,0.15,0,24,0,0,0,0.0,0.0
7,2098,3,True,0,2025-02-24,0,0.0,0.35,0.44,0,24,0,0,0,0.0,0.0
7,2101,3,True,0,2025-02-24,0,0.0,0.14,0.19,0,24,0,0,0,0.0,0.0
7,2102,3,True,0,2025-02-24,0,0.0,0.12,0.13,0,24,0,0,0,0.0,0.0
7,2112,3,True,0,2025-02-24,0,0.0,0.22,0.27,0,24,0,0,0,0.0,0.0
7,2113,3,True,0,2025-02-24,0,0.0,0.19,0.28,0,24,0,0,0,0.0,0.0
7,2118,3,True,0,2025-02-24,0,0.0,0.29,0.43,0,24,0,0,0,0.0,0.0
7,2122,3,True,0,2025-02-24,0,0.0,0.65,0.8,0,24,0,0,0,0.0,0.0
7,2123,3,True,0,2025-02-24,0,0.0,0.08,0.1,0,24,0,0,0,0.0,0.0
7,2128,3,True,0,2025-02-24,0,0.0,0.17,0.21,0,24,0,0,0,0.0,0.0
7,2130,3,True,0,2025-02-24,0,0.0,0.16,0.19,0,24,0,0,0,0.0,0.0
7,2143,3,True,0,2025-02-24,0,0.0,0.1,0.12,0,24,0,0,0,0.0,0.0
7,2147,3,True,0,2025-02-24,0,0.0,0.15,0.18,0,24,0,0,0,0.0,0.0
7,2158,3,True,0,2025-02-24,0,0.0,0.27,0.28,0,24,0,0,0,0.0,0.0
7,2166,3,True,0,2025-02-24,0,0.0,0.21,0.26,0,24,0,0,0,0.0,0.0
7,2176,3,True,0,2025-02-24,0,0.0,0.11,0.14,0,24,0,0,0,0.0,0.0
7,2178,3,True,0,2025-02-24,0,0.0,0.19,0.21,0,24,0,0,0,0.0,0.0
7,2200,3,True,0,2025-02-24,0,0.0,0.13,0.16,0,24,0,0,0,0.0,0.0
7,2211,3,True,0,2025-02-24,2,0.0,0.05,0.06,0,24,0,0,0,0.0,0.0
7,2222,3,True,0,2025-02-24,0,0.0,0.34,0.49,0,24,0,0,0,0.2857142857142857,0.0
7,2234,3,True,0,2025-02-24,0,0.0,0.33,0.32,0,24,0,0,0,0.2857142857142857,0.0
7,2246,3,True,0,2025-02-24,0,1.0,0.51,0.52,0,24,0,0,0,0.2857142857142857,0.0
7,2247,3,True,0,2025-02-24,0,0.0,0.71,0.73,0,24,0,0,0,0.2857142857142857,0.0
7,2261,3,True,0,2025-02-24,0,0.0,0.23,0.25,0,24,0,0,0,0.2857142857142857,0.0
7,2262,3,True,0,2025-02-24,0,0.0,0.06,0.13,0,24,0,0,0,0.2857142857142857,0.0
7,2264,3,True,0,2025-02-24,0,0.0,0.42,0.51,0,24,0,0,0,0.2857142857142857,0.0
7,2275,3,True,0,2025-02-24,0,0.0,0.08,0.1,0,24,0,0,0,0.0,0.0
7,2276,3,True,0,2025-02-24,0,0.0,0.49,0.63,0,24,0,0,0,0.0,0.0
7,2277,3,True,0,2025-02-24,0,0.0,0.18,0.23,0,24,0,0,0,0.0,0.0
7,2281,3,True,0,2025-02-24,0,0.0,0.08,0.1,0,24,0,0,0,0.0,0.0
7,2294,3,True,0,2025-02-24,1,0.0,0.12,0.17,0,24,0,0,0,0.0,0.0
7,2295,3,True,0,2025-02-24,0,0.0,0.35,0.39,0,24,0,0,0,0.14285714285714285,0.0
7,2296,3,True,0,2025-02-24,0,0.0,0.34,0.4,0,24,0,0,0,0.14285714285714285,0.0
7,2301,3,True,0,2025-02-24,0,0.0,0.21,0.28,0,24,0,0,0,0.14285714285714285,0.0
7,2321,3,True,0,2025-02-24,1,0.0,0.28,0.37,0,24,0,0,0,0.14285714285714285,0.0
7,2345,3,True,0,2025-02-24,0,0.0,0.16,0.2,0,24,0,0,0,0.2857142857142857,0.0
7,2367,3,True,0,2025-02-24,0,0.0,0.29,0.45,0,24,0,0,0,0.2857142857142857,0.0
7,2370,3,True,0,2025-02-24,0,0.0,0.06,0.09,0,24,0,0,0,0.2857142857142857,0.0
7,2372,3,True,0,2025-02-24,0,0.0,0.3,0.34,0,24,0,0,0,0.14285714285714285,0.0
7,2376,3,True,0,2025-02-24,0,0.0,0.14,0.19,0,24,0,0,0,0.14285714285714285,0.0
7,2382,3,True,0,2025-02-24,0,0.0,0.26,0.28,0,24,0,0,0,0.14285714285714285,0.0
7,2383,3,True,0,2025-02-24,0,0.0,0.11,0.14,0,24,0,0,0,0.14285714285714285,0.0
7,2384,3,True,0,2025-02-24,0,0.0,0.08,0.09,0,24,0,0,0,0.0,0.0
7,2395,3,True,0,2025-02-24,0,0.0,0.02,0.03,0,24,0,0,0,0.0,0.0
7,2416,3,True,0,2025-02-24,0,0.0,0.19,0.22,0,24,0,0,0,0.0,0.0
7,2429,3,True,0,2025-02-24,0,0.0,0.3,0.37,0,24,0,0,0,0.0,0.0
7,2433,3,True,0,2025-02-24,1,0.0,0.12,0.16,0,24,0,0,0,0.0,0.0
7,2440,3,True,0,2025-02-24,0,0.0,0.1,0.17,0,24,0,0,0,0.14285714285714285,0.0
7,2446,3,True,0,2025-02-24,0,0.0,0.2,0.27,0,24,0,0,0,0.14285714285714285,0.0
7,2447,3,True,0,2025-02-24,0,0.0,0.27,0.31,0,24,0,0,0,0.14285714285714285,0.0
7,2457,3,True,0,2025-02-24,0,0.0,0.11,0.15,0,24,0,0,0,0.14285714285714285,0.0
7,2467,3,True,0,2025-02-24,0,0.0,0.16,0.14,0,24,0,0,0,0.14285714285714285,0.0
7,2468,3,True,0,2025-02-24,1,0.0,0.46,0.42,0,24,0,0,0,0.14285714285714285,0.0
7,2477,3,True,0,2025-02-24,0,0.0,0.26,0.31,0,24,0,0,0,0.2857142857142857,0.0
7,2479,3,True,0,2025-02-24,0,0.0,0.04,0.05,0,24,0,0,0,0.14285714285714285,0.0
7,2485,3,True,0,2025-02-24,1,0.0,0.26,0.31,0,24,0,0,0,0.14285714285714285,0.0
7,2503,3,True,0,2025-02-24,0,0.0,0.04,0.06,0,24,0,0,0,0.2857142857142857,0.0
7,2536,3,True,0,2025-02-24,0,0.0,0.19,0.3,0,24,0,0,0,0.2857142857142857,0.0
7,2537,3,True,0,2025-02-24,0,0.0,0.16,0.2,0,24,0,0,0,0.2857142857142857,0.0
7,2565,3,True,0,2025-02-24,0,0.0,0.41,0.49,0,24,0,0,0,0.2857142857142857,0.0
7,2566,3,True,0,2025-02-24,0,0.0,0.33,0.38,0,24,0,0,0,0.14285714285714285,0.0
7,2574,3,True,0,2025-02-24,0,0.0,0.28,0.31,0,24,0,0,0,0.14285714285714285,0.0
7,2590,3,True,0,2025-02-24,0,0.0,0.07,0.1,0,24,0,0,0,0.14285714285714285,0.0
7,2591,3,True,0,2025-02-24,0,0.0,0.15,0.18,0,24,0,0,0,0.0,0.0
7,2598,3,True,0,2025-02-24,0,0.0,0.09,0.11,0,24,0,0,0,0.0,0.0
7,2601,3,True,0,2025-02-24,0,0.0,0.21,0.27,0,24,0,0,0,0.0,0.0
7,2609,3,True,0,2025-02-24,0,0.0,0.08,0.12,0,24,0,0,0,0.0,0.0
7,2625,3,True,0,2025-02-24,0,0.0,0.2,0.24,0,24,0,0,0,0.0,0.0
7,2627,3,True,0,2025-02-24,0,0.0,0.27,0.4,0,24,0,0,0,0.0,0.0
7,2646,3,True,0,2025-02-24,0,0.0,0.51,0.35,0,24,0,0,0,0.0,0.0
7,2654,3,True,0,2025-02-24,0,0.0,0.07,0.08,0,24,0,0,0,0.0,0.0
7,2669,3,True,0,2025-02-24,0,0.0,0.19,0.24,0,24,0,0,0,0.0,0.0
7,2677,3,True,0,2025-02-24,0,0.0,0.11,0.12,0,24,0,0,0,0.0,0.0
7,2683,3,True,0,2025-02-24,0,0.0,0.1,0.14,0,24,0,0,0,0.0,0.0
7,2692,3,True,0,2025-02-24,0,0.0,0.09,0.13,0,24,0,0,0,0.0,0.0
7,2693,3,True,0,2025-02-24,0,0.0,0.06,0.09,0,24,0,0,0,0.0,0.0
7,2695,3,True,0,2025-02-24,0,0.0,0.04,0.05,0,24,0,0,0,0.0,0.0
7,2697,3,True,0,2025-02-24,0,0.0,0.12,0.14,0,24,0,0,0,0.0,0.0
7,2714,3,True,0,2025-02-24,0,0.0,0.05,0.06,0,24,0,0,0,0.0,0.0
7,2716,3,True,0,2025-02-24,0,0.0,0.13,0.17,0,24,0,0,0,0.0,0.0
7,2731,3,True,0,2025-02-24,0,0.0,0.03,0.04,0,24,0,0,0,0.0,0.0
7,2734,3,True,0,2025-02-24,0,0.0,0.6,0.51,0,24,0,0,0,0.0,0.0
7,2738,3,True,0,2025-02-24,0,0.0,0.07,0.08,0,24,0,0,0,0.0,0.0
7,2747,3,True,0,2025-02-24,0,0.0,0.29,0.41,0,24,0,0,0,0.0,0.0
7,2757,3,True,0,2025-02-24,0,0.0,0.1,0.16,0,24,0,0,0,0.0,0.0
7,2759,3,True,0,2025-02-24,0,0.0,0.08,0.11,0,24,0,0,0,0.0,0.0
7,2772,3,True,0,2025-02-24,0,0.0,0.11,0.17,0,24,0,0,0,0.0,0.0
7,2784,3,True,0,2025-02-24,0,0.0,0.17,0.47,0,24,0,0,0,0.0,0.0
7,2797,3,True,0,2025-02-24,1,0.0,0.1,0.12,0,24,0,0,0,0.0,0.0
7,2807,3,True,0,2025-02-24,0,0.0,0.55,0.21,0,24,0,0,0,0.14285714285714285,0.0
7,2809,3,True,0,2025-02-24,1,0.0,0.4,0.63,0,24,0,0,0,0.14285714285714285,0.0
7,2815,3,True,0,2025-02-24,1,0.0,0.11,0.15,0,24,0,0,0,0.2857142857142857,0.0
7,2833,3,True,0,2025-02-24,0,0.0,0.22,0.26,0,24,0,0,0,0.42857142857142855,0.0
7,2834,3,True,0,2025-02-24,0,0.0,0.31,0.34,0,24,0,0,0,0.42857142857142855,0.0
7,2848,3,True,0,2025-02-24,0,0.0,0.1,0.15,0,24,0,0,0,0.42857142857142855,0.0
7,2876,3,True,0,2025-02-24,0,0.0,0.05,0.06,0,24,0,0,0,0.42857142857142855,0.0
7,2893,3,True,0,2025-02-24,0,0.0,0.28,0.36,0,24,0,0,0,0.2857142857142857,0.0
7,2898,3,True,0,2025-02-24,0,0.0,0.17,0.25,0,24,0,0,0,0.2857142857142857,0.0
7,2899,3,True,0,2025-02-24,0,0.0,0.18,0.24,0,24,0,0,0,0.14285714285714285,0.0
7,2907,3,True,0,2025-02-24,0,0.0,0.21,0.33,0,24,0,0,0,0.0,0.0
7,2917,3,True,0,2025-02-24,0,0.0,0.06,0.08,0,24,0,0,0,0.0,0.0
7,2919,3,True,0,2025-02-24,21,0.0,0.02,0.02,0,24,0,0,0,0.0,0.0
7,2920,3,True,0,2025-02-24,0,0.0,0.07,0.09,0,24,0,0,0,3.0,0.0
7,2924,3,True,0,2025-02-24,0,0.0,0.13,0.27,0,24,0,0,0,3.0,0.0
7,2925,3,True,0,2025-02-24,1,0.0,0.1,0.15,0,24,0,0,0,3.0,0.0
7,2932,3,True,0,2025-02-24,0,0.0,0.28,0.35,0,24,0,0,0,3.142857142857143,0.0
7,2933,3,True,0,2025-02-24,0,0.0,0.49,0.68,0,24,0,0,0,3.142857142857143,0.0
7,2935,3,True,0,2025-02-24,0,0.0,0.21,0.22,0,24,0,0,0,3.142857142857143,0.0
7,2936,3,True,0,2025-02-24,0,0.0,0.02,0.18,0,24,0,0,0,3.142857142857143,0.0
7,2939,3,True,0,2025-02-24,0,0.0,0.43,0.46,0,24,0,0,0,0.14285714285714285,0.0
7,2940,3,True,0,2025-02-24,1,0.0,0.09,0.11,0,24,0,0,0,0.14285714285714285,0.0
7,2946,3,True,0,2025-02-24,0,0.0,0.44,0.41,0,24,0,0,0,0.2857142857142857,0.0
7,2949,3,True,0,2025-02-24,0,0.0,0.19,0.28,0,24,0,0,0,0.14285714285714285,0.0
7,2960,3,True,0,2025-02-24,0,0.0,0.07,0.09,0,24,0,0,0,0.14285714285714285,0.0
7,2976,3,True,0,2025-02-24,0,0.0,0.1,0.13,0,24,0,0,0,0.14285714285714285,0.0
7,2982,3,True,0,2025-02-24,0,0.0,0.21,0.26,0,24,0,0,0,0.14285714285714285,0.0
7,2983,3,True,0,2025-02-24,0,0.0,0.13,0.17,0,24,0,0,0,0.14285714285714285,0.0
7,2996,3,True,0,2025-02-24,0,0.0,0.27,0.35,0,24,0,0,0,0.14285714285714285,0.0
7,3004,3,True,0,2025-02-24,0,0.0,0.11,0.17,0,24,0,0,0,0.0,0.0
7,3010,3,True,0,2025-02-24,0,0.0,0.49,0.63,0,24,0,0,0,0.0,0.0
7,3017,3,True,0,2025-02-24,0,0.0,0.21,0.29,0,24,0,0,0,0.0,0.0
7,3018,3,True,0,2025-02-24,0,0.0,0.11,0.13,0,24,0,0,0,0.0,0.0
7,3027,3,True,0,2025-02-24,0,0.0,0.1,0.13,0,24,0,0,0,0.0,0.0
7,3030,3,True,0,2025-02-24,0,0.0,0.45,0.58,0,24,0,0,0,0.0,0.0
7,3037,3,True,0,2025-02-24,0,0.0,0.11,0.13,0,24,0,0,0,0.0,0.0
7,3042,3,True,0,2025-02-24,0,0.0,0.1,0.13,0,24,0,0,0,0.0,0.0
7,3045,3,True,0,2025-02-24,0,0.0,0.13,0.16,0,24,0,0,0,0.0,0.0
7,3049,3,True,0,2025-02-24,0,0.0,0.39,0.5,0,24,0,0,0,0.0,0.0
7,3051,3,True,0,2025-02-24,0,0.0,0.38,0.31,0,24,0,0,0,0.0,0.0
7,3056,3,True,0,2025-02-24,0,0.0,0.25,0.32,0,24,0,0,0,0.0,0.0
7,3062,3,True,0,2025-02-24,0,1.0,0.26,0.34,0,24,0,0,0,0.0,0.0
7,3064,3,True,0,2025-02-24,0,0.0,0.12,0.14,0,24,0,0,0,0.0,0.0
7,3067,3,True,0,2025-02-24,0,0.0,0.67,0.94,0,24,0,0,0,0.0,0.0
7,3071,3,True,0,2025-02-24,0,0.0,0.09,0.11,0,24,0,0,0,0.0,0.0
7,3094,3,True,0,2025-02-24,0,0.0,0.27,0.34,0,24,0,0,0,0.0,0.0
7,3097,3,True,0,2025-02-24,0,0.0,0.29,0.4,0,24,0,0,0,0.0,0.0
7,3106,3,True,0,2025-02-24,0,0.0,0.09,0.1,0,24,0,0,0,0.0,0.0
7,3110,3,True,0,2025-02-24,0,0.0,0.23,0.29,0,24,0,0,0,0.0,0.0
7,3124,3,True,0,2025-02-24,0,0.0,0.11,0.15,0,24,0,0,0,0.0,0.0
7,3129,3,True,0,2025-02-24,0,0.0,0.23,0.27,0,24,0,0,0,0.0,0.0
7,3131,3,True,0,2025-02-24,0,0.0,0.07,0.11,0,24,0,0,0,0.0,0.0
7,3134,3,True,0,2025-02-24,0,0.0,0.16,0.16,0,24,0,0,0,0.0,0.0
7,3139,3,True,0,2025-02-24,0,0.0,0.22,0.26,0,24,0,0,0,0.0,0.0
7,3142,3,True,0,2025-02-24,0,0.0,0.3,0.44,0,24,0,0,0,0.0,0.0
7,3156,3,True,0,2025-02-24,0,0.0,0.2,0.26,0,24,0,0,0,0.0,0.0
7,3172,3,True,0,2025-02-24,0,0.0,0.08,0.09,0,24,0,0,0,0.0,0.0
7,3173,3,True,0,2025-02-24,0,0.0,0.22,0.23,0,24,0,0,0,0.0,0.0
7,3176,3,True,0,2025-02-24,0,0.0,0.1,0.13,0,24,0,0,0,0.0,0.0
7,3188,3,True,0,2025-02-24,0,0.0,0.07,0.06,0,24,0,0,0,0.0,0.0
7,3193,3,True,0,2025-02-24,0,0.0,0.13,0.2,0,24,0,0,0,0.0,0.0
7,3204,3,True,0,2025-02-24,3,0.0,0.17,0.21,0,24,0,0,0,0.0,0.0
7,3205,3,True,0,2025-02-24,1,0.0,0.18,0.24,0,24,0,0,0,0.42857142857142855,0.0
7,3206,3,True,0,2025-02-24,0,0.0,0.17,0.18,0,24,0,0,0,0.5714285714285714,0.0
7,3210,3,True,0,2025-02-24,0,0.0,0.08,0.07,0,24,0,0,0,0.5714285714285714,0.0
7,3251,3,True,0,2025-02-24,0,0.0,0.29,0.35,0,24,0,0,0,0.5714285714285714,0.0
7,3257,3,True,0,2025-02-24,0,0.0,0.11,0.13,0,24,0,0,0,0.5714285714285714,0.0
7,3265,3,True,0,2025-02-24,0,0.0,0.08,0.08,0,24,0,0,0,0.5714285714285714,0.0
7,3271,3,True,0,2025-02-24,0,0.0,0.12,0.16,0,24,0,0,0,0.5714285714285714,0.0
7,3274,3,True,0,2025-02-24,0,0.0,0.41,0.35,0,24,0,0,0,0.14285714285714285,0.0
7,3278,3,True,0,2025-02-24,0,0.0,0.18,0.27,0,24,0,0,0,0.0,0.0
7,3288,3,True,0,2025-02-24,0,0.0,0.29,0.26,0,24,0,0,0,0.0,0.0
7,3295,3,True,0,2025-02-24,0,0.0,0.28,0.38,0,24,0,0,0,0.0,0.0
7,3303,3,True,0,2025-02-24,0,0.0,0.02,0.02,0,24,0,0,0,0.0,0.0
7,3311,3,True,0,2025-02-24,0,0.0,0.21,0.25,0,24,0,0,0,0.0,0.0
7,3319,3,True,0,2025-02-24,0,0.0,0.08,0.09,0,24,0,0,0,0.0,0.0
7,3336,3,True,0,2025-02-24,0,0.0,0.01,0.01,0,24,0,0,0,0.0,0.0
7,3341,3,True,0,2025-02-24,0,0.0,0.22,0.19,0,24,0,0,0,0.0,0.0
7,3342,3,True,0,2025-02-24,0,0.0,0.04,0.07,0,24,0,0,0,0.0,0.0
7,3343,3,True,0,2025-02-24,0,0.0,0.1,0.14,0,24,0,0,0,0.0,0.0
7,3359,3,True,0,2025-02-24,0,0.0,0.49,0.56,0,24,0,0,0,0.0,0.0
7,3364,3,True,0,2025-02-24,1,0.0,0.11,0.14,0,24,0,0,0,0.0,0.0
7,3365,3,True,0,2025-02-24,0,0.0,0.18,0.23,0,24,0,0,0,0.14285714285714285,0.0
7,3381,3,True,0,2025-02-24,0,0.0,0.3,0.39,0,24,0,0,0,0.14285714285714285,0.0
7,3386,3,True,0,2025-02-24,0,0.0,0.06,0.09,0,24,0,0,0,0.14285714285714285,0.0
7,3392,3,True,0,2025-02-24,0,0.0,0.1,0.14,0,24,0,0,0,0.14285714285714285,0.0
7,3397,3,True,0,2025-02-24,0,0.0,0.29,0.49,0,24,0,0,0,0.14285714285714285,0.0
7,3403,3,True,0,2025-02-24,0,0.0,0.17,0.26,0,24,0,0,0,0.14285714285714285,0.0
7,3413,3,True,0,2025-02-24,0,0.0,0.18,0.28,0,24,0,0,0,0.14285714285714285,0.0
7,3423,3,True,0,2025-02-24,0,0.0,0.05,0.06,0,24,0,0,0,0.0,0.0
7,3426,3,True,0,2025-02-24,0,0.0,0.13,0.17,0,24,0,0,0,0.0,0.0
7,3433,3,True,0,2025-02-24,0,0.0,0.08,0.1,0,24,0,0,0,0.0,0.0
7,3444,3,True,0,2025-02-24,0,0.0,0.31,0.37,0,24,0,0,0,0.0,0.0
7,3446,3,True,0,2025-02-24,0,0.0,0.06,0.07,0,24,0,0,0,0.0,0.0
7,3449,3,True,0,2025-02-24,0,0.0,0.36,0.42,0,24,0,0,0,0.0,0.0
7,3469,3,True,0,2025-02-24,0,0.0,0.09,0.11,0,24,0,0,0,0.0,0.0
7,3474,3,True,0,2025-02-24,0,0.0,0.31,0.36,0,24,0,0,0,0.0,0.0
7,3481,3,True,0,2025-02-24,0,0.0,0.08,0.1,0,24,0,0,0,0.0,0.0
7,3482,3,True,0,2025-02-24,1,0.0,0.12,0.14,0,24,0,0,0,0.0,0.0
7,3484,3,True,0,2025-02-24,0,0.0,0.09,0.11,0,24,0,0,0,0.14285714285714285,0.0
7,3492,3,True,0,2025-02-24,0,0.0,0.25,0.3,0,24,0,0,0,0.14285714285714285,0.0
7,3517,3,True,0,2025-02-24,1,1.0,0.24,0.32,0,24,0,0,0,0.14285714285714285,0.0
7,3518,3,True,0,2025-02-24,0,0.0,0.16,0.18,0,24,0,0,0,0.2857142857142857,0.0
7,3525,3,True,0,2025-02-24,0,0.0,0.15,0.21,0,24,0,0,0,0.2857142857142857,0.0
7,3526,3,True,0,2025-02-24,1,0.0,0.08,0.11,0,24,0,0,0,0.2857142857142857,0.0
7,3543,3,True,0,2025-02-24,0,0.0,0.16,0.23,0,24,0,0,0,0.42857142857142855,0.0
7,3551,3,True,0,2025-02-24,0,0.0,0.06,0.16,0,24,0,0,0,0.2857142857142857,0.0
7,3557,3,True,0,2025-02-24,0,0.0,0.09,0.12,0,24,0,0,0,0.2857142857142857,0.0
7,3559,3,True,0,2025-02-24,0,0.0,0.24,0.32,0,24,0,0,0,0.2857142857142857,0.0
7,3573,3,True,0,2025-02-24,0,0.0,0.29,0.34,0,24,0,0,0,0.14285714285714285,0.0
7,3586,3,True,0,2025-02-24,0,0.0,0.5,0.51,0,24,0,0,0,0.14285714285714285,0.0
7,3587,3,True,0,2025-02-24,0,0.0,0.04,0.05,0,24,0,0,0,0.14285714285714285,0.0
7,3610,3,True,0,2025-02-24,0,0.0,0.03,0.04,0,24,0,0,0,0.0,0.0
7,3615,3,True,0,2025-02-24,0,0.0,0.04,0.06,0,24,0,0,0,0.0,0.0
7,3616,3,True,0,2025-02-24,0,1.0,0.51,0.55,0,24,0,0,0,0.0,0.0
7,3629,3,True,0,2025-02-24,0,0.0,0.06,0.08,0,24,0,0,0,0.0,0.0
7,3630,3,True,0,2025-02-24,0,0.0,0.31,0.41,0,24,0,0,0,0.0,0.0
7,3638,3,True,0,2025-02-24,0,0.0,0.48,0.62,0,24,0,0,0,0.0,0.0
7,3644,3,True,0,2025-02-24,0,0.0,0.09,0.12,0,24,0,0,0,0.0,0.0
7,3655,3,True,0,2025-02-24,0,0.0,0.07,0.11,0,24,0,0,0,0.0,0.0
7,3659,3,True,0,2025-02-24,0,0.0,0.19,0.28,0,24,0,0,0,0.0,0.0
7,3660,3,True,0,2025-02-24,0,0.0,0.43,0.54,0,24,0,0,0,0.0,0.0
7,3667,3,True,0,2025-02-24,0,0.0,0.43,0.5,0,24,0,0,0,0.0,0.0
7,3672,3,True,0,2025-02-24,0,0.0,0.18,0.23,0,24,0,0,0,0.0,0.0
7,3682,3,True,0,2025-02-24,0,0.0,0.05,0.06,0,24,0,0,0,0.0,0.0
7,3697,3,True,0,2025-02-24,0,0.0,0.04,0.06,0,24,0,0,0,0.0,0.0
7,3714,3,True,0,2025-02-24,0,0.0,0.12,0.14,0,24,0,0,0,0.0,0.0
7,3742,3,True,0,2025-02-24,0,0.0,0.12,0.16,0,24,0,0,0,0.0,0.0
7,3765,3,True,0,2025-02-24,0,0.0,0.27,0.49,0,24,0,0,0,0.0,0.0
7,3773,3,True,0,2025-02-24,0,0.0,0.34,0.46,0,24,0,0,0,0.0,0.0
7,3779,3,True,0,2025-02-24,0,0.0,0.25,0.36,0,24,0,0,0,0.0,0.0
7,3785,3,True,0,2025-02-24,0,0.0,0.17,0.29,0,24,0,0,0,0.0,0.0
7,3804,3,True,0,2025-02-24,0,0.0,0.17,0.21,0,24,0,0,0,0.0,0.0
7,3823,3,True,0,2025-02-24,2,0.0,0.54,0.73,0,24,0,0,0,0.0,0.0
7,3827,3,True,0,2025-02-24,0,0.0,0.04,0.07,0,24,0,0,0,0.2857142857142857,0.0
7,3832,3,True,0,2025-02-24,2,0.0,0.05,0.12,0,24,0,0,0,0.2857142857142857,0.0
7,3837,3,True,0,2025-02-24,0,0.0,0.09,0.11,0,24,0,0,0,0.5714285714285714,0.0
7,3845,3,True,0,2025-02-24,0,0.0,0.01,0.01,0,24,0,0,0,0.5714285714285714,0.0
7,3846,3,True,0,2025-02-24,0,0.0,0.22,0.26,0,24,0,0,0,0.5714285714285714,0.0
7,3856,3,True,0,2025-02-24,0,0.0,0.21,0.27,0,24,0,0,0,0.5714285714285714,0.0
7,3867,3,True,0,2025-02-24,0,0.0,0.31,0.4,0,24,0,0,0,0.5714285714285714,0.0
7,3878,3,True,0,2025-02-24,0,0.0,0.05,0.06,0,24,0,0,0,0.2857142857142857,0.0
7,3881,3,True,0,2025-02-24,0,0.0,0.09,0.12,0,24,0,0,0,0.2857142857142857,0.0
7,3885,3,True,0,2025-02-24,0,0.0,0.05,0.07,0,24,0,0,0,0.0,0.0
7,3886,3,True,0,2025-02-24,0,0.0,0.49,0.71,0,24,0,0,0,0.0,0.0
7,3889,3,True,0,2025-02-24,0,0.0,0.1,0.16,0,24,0,0,0,0.0,0.0
7,3895,3,True,0,2025-02-24,1,0.0,0.21,0.22,0,24,0,0,0,0.0,0.0
7,3914,3,True,0,2025-02-24,0,0.0,0.4,0.57,0,24,0,0,0,0.14285714285714285,0.0
7,3916,3,True,0,2025-02-24,0,0.0,0.46,0.59,0,24,0,0,0,0.14285714285714285,0.0
7,3918,3,True,0,2025-02-24,1,0.0,0.4,0.49,0,24,0,0,0,0.14285714285714285,0.0
7,3932,3,True,0,2025-02-24,0,0.0,0.1,0.14,0,24,0,0,0,0.2857142857142857,0.0
7,3943,3,True,0,2025-02-24,0,0.0,0.25,0.29,0,24,0,0,0,0.2857142857142857,0.0
7,3947,3,True,0,2025-02-24,0,0.0,0.27,0.37,0,24,0,0,0,0.2857142857142857,0.0
7,3949,3,True,0,2025-02-24,0,0.0,0.06,0.08,0,24,0,0,0,0.2857142857142857,0.0
7,3952,3,True,0,2025-02-24,0,0.0,0.12,0.16,0,24,0,0,0,0.14285714285714285,0.0
7,3955,3,True,0,2025-02-24,0,0.0,0.73,0.76,0,24,0,0,0,0.14285714285714285,0.0
7,3967,3,True,0,2025-02-24,0,0.0,0.41,0.54,0,24,0,0,0,0.14285714285714285,0.0
7,3970,3,True,0,2025-02-24,0,0.0,0.15,0.19,0,24,0,0,0,0.0,0.0
7,3976,3,True,0,2025-02-24,0,0.0,0.24,0.29,0,24,0,0,0,0.0,0.0
7,3979,3,True,0,2025-02-24,0,0.0,0.15,0.21,0,24,0,0,0,0.0,0.0
7,3986,3,True,0,2025-02-24,0,0.0,0.62,0.22,0,24,0,0,0,0.0,0.0
7,3990,3,True,0,2025-02-24,0,0.0,0.1,0.13,0,24,0,0,0,0.0,0.0
7,3993,3,True,0,2025-02-24,0,0.0,0.13,0.18,0,24,0,0,0,0.0,0.0
7,4010,3,True,0,2025-02-24,0,0.0,0.17,0.31,0,24,0,0,0,0.0,0.0
7,4014,3,True,0,2025-02-24,0,0.0,0.39,0.46,0,24,0,0,0,0.0,0.0
7,4025,3,True,0,2025-02-24,0,0.0,0.17,0.15,0,24,0,0,0,0.0,0.0
7,4027,3,True,0,2025-02-24,0,0.0,0.11,0.13,0,24,0,0,0,0.0,0.0
7,4064,3,True,0,2025-02-24,0,0.0,0.05,0.08,0,24,0,0,0,0.0,0.0
7,4068,3,True,0,2025-02-24,0,0.0,0.17,0.23,0,24,0,0,0,0.0,1.1870779573225498
7,4073,3,True,0,2025-02-24,0,0.0,0.43,0.49,0,24,0,0,0,0.0,0.0
7,4077,3,True,0,2025-02-24,0,0.0,0.28,0.35,0,24,0,0,0,0.0,0.0
7,4082,3,True,0,2025-02-24,0,0.0,0.08,0.1,0,24,0,0,0,0.0,0.0
7,4084,3,True,0,2025-02-24,0,0.0,0.28,0.37,0,24,0,0,0,0.0,0.0
7,4094,3,True,0,2025-02-24,0,0.0,0.34,0.4,0,24,0,0,0,0.0,0.0
7,4102,3,True,0,2025-02-24,0,0.0,0.26,0.3,0,24,0,0,0,0.0,0.0
7,4117,3,True,0,2025-02-24,0,0.0,0.04,0.06,0,24,0,0,0,0.0,0.0
7,4129,3,True,0,2025-02-24,0,0.0,0.13,0.17,0,24,0,0,0,0.0,0.0
7,4136,3,True,0,2025-02-24,1,0.0,0.17,0.23,0,24,0,0,0,0.0,1.1571286320793486
7,4155,3,True,0,2025-02-24,0,0.0,0.02,0.03,0,24,0,0,0,0.14285714285714285,0.0
7,4183,3,True,0,2025-02-24,0,0.0,0.19,0.2,0,24,0,0,0,0.14285714285714285,0.0
7,4185,3,True,0,2025-02-24,1,0.0,0.15,0.21,0,24,0,0,0,0.14285714285714285,0.0
7,4187,3,True,0,2025-02-24,2,0.0,0.07,0.11,0,24,0,0,0,0.2857142857142857,0.0
7,4188,3,True,0,2025-02-24,0,0.0,0.03,0.03,0,24,0,0,0,0.5714285714285714,0.0
7,4190,3,True,0,2025-02-24,0,0.0,0.12,0.19,0,24,0,0,0,0.5714285714285714,0.0
7,4213,3,True,0,2025-02-24,0,0.0,0.01,0.01,0,24,0,0,0,0.5714285714285714,0.0
7,4223,3,True,0,2025-02-24,0,0.0,0.12,0.13,0,24,0,0,0,0.42857142857142855,0.0
7,4227,3,True,0,2025-02-24,0,0.0,0.41,0.76,0,24,0,0,0,0.42857142857142855,0.0
7,4237,3,True,0,2025-02-24,0,0.0,0.08,0.11,0,24,0,0,0,0.42857142857142855,0.0
7,4247,3,True,0,2025-02-24,0,0.0,0.04,0.05,0,24,0,0,0,0.2857142857142857,0.0
7,4249,3,True,0,2025-02-24,0,0.0,0.12,0.15,0,24,0,0,0,0.0,0.0
7,4250,3,True,0,2025-02-24,0,0.0,0.13,0.17,0,24,0,0,0,0.0,0.0
7,4253,3,True,0,2025-02-24,0,0.0,0.13,0.17,0,24,0,0,0,0.0,0.0
7,4255,3,True,0,2025-02-24,0,0.0,0.13,0.14,0,24,0,0,0,0.0,0.0
7,4258,3,True,0,2025-02-24,0,0.0,0.18,0.26,0,24,0,0,0,0.0,0.0
7,4272,3,True,0,2025-02-24,0,0.0,0.09,0.11,0,24,0,0,0,0.0,0.0
7,4273,3,True,0,2025-02-24,0,0.0,0.12,0.16,0,24,0,0,0,0.0,0.0
7,4276,3,True,0,2025-02-24,0,0.0,0.07,0.09,0,24,0,0,0,0.0,0.0
7,4285,3,True,0,2025-02-24,0,0.0,0.22,0.21,0,24,0,0,0,0.0,0.0
7,4291,3,True,0,2025-02-24,0,0.0,0.09,0.12,0,24,0,0,0,0.0,0.0
7,4295,3,True,0,2025-02-24,0,0.0,0.2,0.24,0,24,0,0,0,0.0,0.0
7,4306,3,True,0,2025-02-24,0,0.0,0.34,0.48,0,24,0,0,0,0.0,0.0
7,4314,3,True,0,2025-02-24,0,0.0,0.29,0.33,0,24,0,0,0,0.0,0.0
7,4318,3,True,0,2025-02-24,0,0.0,0.3,0.41,0,24,0,0,0,0.0,0.0
7,4323,3,True,0,2025-02-24,2,0.0,0.05,0.07,0,24,0,0,0,0.0,0.0
7,4324,3,True,0,2025-02-24,0,0.0,0.05,0.07,0,24,0,0,0,0.2857142857142857,0.0
7,4334,3,True,0,2025-02-24,1,0.0,0.29,0.36,0,24,0,0,0,0.2857142857142857,0.0
7,4338,3,True,0,2025-02-24,0,0.0,0.1,0.12,0,24,0,0,0,0.42857142857142855,0.0
7,4354,3,True,0,2025-02-24,0,0.0,0.02,0.02,0,24,0,0,0,0.42857142857142855,0.0
7,4362,3,True,0,2025-02-24,0,0.0,0.05,0.15,0,24,0,0,0,0.42857142857142855,0.0
7,4364,3,True,0,2025-02-24,0,0.0,0.37,0.45,0,24,0,0,0,0.42857142857142855,0.0
7,4374,3,True,0,2025-02-24,0,0.0,0.06,0.07,0,24,0,0,0,0.42857142857142855,0.0
7,4387,3,True,0,2025-02-24,0,0.0,0.08,0.1,0,24,0,0,0,0.14285714285714285,0.0
7,4414,3,True,0,2025-02-24,0,0.0,0.15,0.25,0,24,0,0,0,0.14285714285714285,0.0
7,4416,3,True,0,2025-02-24,0,0.0,0.05,0.06,0,24,0,0,0,0.0,0.0
7,4418,3,True,0,2025-02-24,0,0.0,0.14,0.17,0,24,0,0,0,0.0,0.0
7,4428,3,True,0,2025-02-24,1,0.0,0.42,0.45,0,24,0,0,0,0.0,0.0
7,4431,3,True,0,2025-02-24,0,0.0,0.05,0.07,0,24,0,0,0,0.14285714285714285,0.0
7,4446,3,True,0,2025-02-24,0,0.0,0.53,0.77,0,24,0,0,0,0.14285714285714285,0.0
7,4490,3,True,0,2025-02-24,0,0.0,0.18,0.2,0,24,0,0,0,0.14285714285714285,0.0
7,4496,3,True,0,2025-02-24,0,0.0,0.07,0.09,0,24,0,0,0,0.14285714285714285,0.0
7,4500,3,True,0,2025-02-24,0,0.0,0.11,0.14,0,24,0,0,0,0.14285714285714285,0.0
7,4543,3,True,0,2025-02-24,2,0.0,0.04,0.06,0,24,0,0,0,0.14285714285714285,0.0
7,4561,3,True,0,2025-02-24,0,0.0,0.11,0.12,0,24,0,0,0,0.42857142857142855,0.0
7,4566,3,True,0,2025-02-24,0,0.0,0.07,0.08,0,24,0,0,0,0.2857142857142857,0.0
7,4569,3,True,0,2025-02-24,0,0.0,0.29,0.39,0,24,0,0,0,0.2857142857142857,0.0
7,4592,3,True,0,2025-02-24,0,0.0,0.14,0.21,0,24,0,0,0,0.2857142857142857,0.0
7,4627,3,True,0,2025-02-24,0,0.0,0.06,0.08,0,24,0,0,0,0.2857142857142857,0.0
7,4631,3,True,0,2025-02-24,0,0.0,0.15,0.19,0,24,0,0,0,0.2857142857142857,0.0
7,4641,3,True,0,2025-02-24,0,0.0,0.31,0.43,0,24,0,0,0,0.2857142857142857,0.0
7,4650,3,True,0,2025-02-24,0,0.0,0.27,0.39,0,24,0,0,0,0.0,0.0
7,4656,3,True,0,2025-02-24,0,0.0,0.07,0.1,0,24,0,0,0,0.0,0.0
7,4661,3,True,0,2025-02-24,0,0.0,0.05,0.06,0,24,0,0,0,0.0,0.0
7,4667,3,True,0,2025-02-24,0,0.0,0.07,0.08,0,24,0,0,0,0.0,0.0
7,4671,3,True,0,2025-02-24,0,0.0,0.22,0.27,0,24,0,0,0,0.0,0.0
7,4674,3,True,0,2025-02-24,0,0.0,0.22,0.27,0,24,0,0,0,0.0,0.0
7,4682,3,True,0,2025-02-24,0,0.0,0.35,0.43,0,24,0,0,0,0.0,0.0
7,4687,3,True,0,2025-02-24,0,0.0,0.23,0.37,0,24,0,0,0,0.0,0.0
7,4691,3,True,0,2025-02-24,0,0.0,0.18,0.25,0,24,0,0,0,0.0,0.0
7,4717,3,True,0,2025-02-24,0,0.0,0.18,0.26,0,24,0,0,0,0.0,0.0
7,4719,3,True,0,2025-02-24,0,0.0,0.33,0.36,0,24,0,0,0,0.0,0.0
7,4726,3,True,0,2025-02-24,1,0.0,0.13,0.21,0,24,0,0,0,0.0,0.0
7,4727,3,True,0,2025-02-24,0,0.0,0.22,0.31,0,24,0,0,0,0.14285714285714285,0.0
7,4731,3,True,0,2025-02-24,0,0.0,0.26,0.34,0,24,0,0,0,0.14285714285714285,0.0
7,4732,3,True,0,2025-02-24,0,0.0,0.17,0.22,0,24,0,0,0,0.14285714285714285,0.0
7,4745,3,True,0,2025-02-24,1,0.0,0.2,0.27,0,24,0,0,0,0.14285714285714285,0.0
7,4747,3,True,0,2025-02-24,0,0.0,0.06,0.09,0,24,0,0,0,0.2857142857142857,0.0
7,4748,3,True,0,2025-02-24,0,0.0,0.16,0.17,0,24,0,0,0,0.2857142857142857,0.0
7,4755,3,True,0,2025-02-24,0,0.0,0.31,0.37,0,24,0,0,0,0.2857142857142857,0.0
7,4767,3,True,0,2025-02-24,0,0.0,0.1,0.1,0,24,0,0,0,0.14285714285714285,0.0
7,4773,3,True,0,2025-02-24,0,0.0,0.32,0.51,0,24,0,0,0,0.14285714285714285,0.0
7,4779,3,True,0,2025-02-24,0,0.0,0.04,0.07,0,24,0,0,0,0.14285714285714285,0.0
7,4791,3,True,0,2025-02-24,0,0.0,0.14,0.22,0,24,0,0,0,0.14285714285714285,0.0
7,4819,3,True,0,2025-02-24,0,0.0,0.26,0.13,0,24,0,0,0,0.0,0.0
7,4827,3,True,0,2025-02-24,0,0.0,0.26,0.28,0,24,0,0,0,0.0,0.0
7,4829,3,True,0,2025-02-24,0,0.0,0.25,0.3,0,24,0,0,0,0.0,0.0
7,4830,3,True,0,2025-02-24,1,0.0,0.53,0.59,0,24,0,0,0,0.0,0.0
7,4846,3,True,0,2025-02-24,0,0.0,0.19,0.22,0,24,0,0,0,0.14285714285714285,0.0
7,4860,3,True,0,2025-02-24,0,0.0,0.15,0.21,0,24,0,0,0,0.14285714285714285,0.0
7,4865,3,True,0,2025-02-24,1,0.0,0.24,0.27,0,24,0,0,0,0.14285714285714285,0.0
7,4866,3,True,0,2025-02-24,0,0.0,0.17,0.21,0,24,0,0,0,0.2857142857142857,0.0
7,4875,3,True,0,2025-02-24,0,0.0,0.18,0.27,0,24,0,0,0,0.2857142857142857,0.0
7,4882,3,True,0,2025-02-24,0,0.0,0.06,0.07,0,24,0,0,0,0.2857142857142857,0.0
7,4890,3,True,0,2025-02-24,0,0.0,0.08,0.12,0,24,0,0,0,0.2857142857142857,0.0
7,4891,3,True,0,2025-02-24,0,0.0,0.06,0.08,0,24,0,0,0,0.14285714285714285,0.0
7,4894,3,True,0,2025-02-24,0,0.0,0.41,0.49,0,24,0,0,0,0.14285714285714285,0.0
7,4896,3,True,0,2025-02-24,2,0.0,0.02,0.12,0,24,0,0,0,0.14285714285714285,0.0
7,4900,3,True,0,2025-02-24,0,0.0,0.07,0.09,0,24,0,0,0,0.2857142857142857,0.0
7,4909,3,True,0,2025-02-24,0,0.0,0.03,0.05,0,24,0,0,0,0.2857142857142857,0.0
7,4919,3,True,0,2025-02-24,0,0.0,0.14,0.16,0,24,0,0,0,0.2857142857142857,0.0
7,4923,3,True,0,2025-02-24,2,0.0,0.08,0.14,0,24,0,0,0,0.2857142857142857,0.0
7,4926,3,True,0,2025-02-24,0,0.0,0.11,0.16,0,24,0,0,0,0.5714285714285714,0.0
7,4946,3,True,0,2025-02-24,0,0.0,0.2,0.24,0,24,0,0,0,0.5714285714285714,0.0
7,4966,3,True,0,2025-02-24,0,0.0,0.02,0.03,0,24,0,0,0,0.5714285714285714,0.0
7,4969,3,True,0,2025-02-24,0,0.0,0.21,0.22,0,24,0,0,0,0.2857142857142857,0.0
7,4970,3,True,0,2025-02-24,0,0.0,0.12,0.16,0,24,0,0,0,0.2857142857142857,0.0
7,4979,3,True,0,2025-02-24,0,0.0,0.12,0.15,0,24,0,0,0,0.2857142857142857,0.0
7,4988,3,True,0,2025-02-24,0,0.0,0.21,0.26,0,24,0,0,0,0.2857142857142857,0.0
7,5013,3,True,0,2025-02-24,0,0.0,0.16,0.19,0,24,0,0,0,0.0,0.0
7,5032,3,True,0,2025-02-24,0,0.0,0.14,0.17,0,24,0,0,0,0.0,0.0
7,5033,3,True,0,2025-02-24,0,0.0,0.08,0.1,0,24,0,0,0,0.0,0.0
7,5042,3,True,0,2025-02-24,0,0.0,0.17,0.23,0,24,0,0,0,0.0,0.0
7,5045,3,True,0,2025-02-24,0,0.0,0.31,0.4,0,24,0,0,0,0.0,0.0
7,5046,3,True,0,2025-02-24,0,0.0,0.15,0.21,0,24,0,0,0,0.0,0.0
7,5056,3,True,0,2025-02-24,0,0.0,0.11,0.15,0,24,0,0,0,0.0,0.0
7,5058,3,True,0,2025-02-24,0,0.0,0.26,0.28,0,24,0,0,0,0.0,0.0
7,5062,3,True,0,2025-02-24,0,0.0,0.06,0.08,0,24,0,0,0,0.0,0.0
7,5064,3,True,0,2025-02-24,0,0.0,0.08,0.09,0,24,0,0,0,0.0,0.0
7,5068,3,True,0,2025-02-24,0,0.0,0.07,0.1,0,24,0,0,0,0.0,0.0
7,5073,3,True,0,2025-02-24,0,0.0,0.36,0.48,0,24,0,0,0,0.0,0.0
7,5078,3,True,0,2025-02-24,0,0.0,0.4,0.54,0,24,0,0,0,0.0,0.0
7,5080,3,True,0,2025-02-24,0,0.0,0.04,0.05,0,24,0,0,0,0.0,0.0
7,5086,3,True,0,2025-02-24,0,0.0,0.12,0.16,0,24,0,0,0,0.0,0.0
7,5106,3,True,0,2025-02-24,0,0.0,0.15,0.19,0,24,0,0,0,0.0,0.0
7,5109,3,True,0,2025-02-24,0,0.0,0.18,0.22,0,24,0,0,0,0.0,0.0
7,5115,3,True,0,2025-02-24,0,0.0,0.1,0.48,0,24,0,0,0,0.0,0.0
7,5133,3,True,0,2025-02-24,0,0.0,0.09,0.12,0,24,0,0,0,0.0,0.0
7,5137,3,True,0,2025-02-24,0,0.0,0.77,0.88,0,24,0,0,0,0.0,0.0
7,5148,3,True,0,2025-02-24,0,0.0,0.15,0.14,0,24,0,0,0,0.0,0.0
7,5156,3,True,0,2025-02-24,0,0.0,0.1,0.06,0,24,0,0,0,0.0,0.0
7,5159,3,True,0,2025-02-24,1,0.0,0.17,0.17,0,24,0,0,0,0.0,0.0
7,5161,3,True,0,2025-02-24,0,0.0,0.54,0.57,0,24,0,0,0,0.14285714285714285,0.0
7,5168,3,True,0,2025-02-24,0,0.0,0.27,0.37,0,24,0,0,0,0.14285714285714285,0.0
7,5174,3,True,0,2025-02-24,0,0.0,0.06,0.07,0,24,0,0,0,0.14285714285714285,0.0
7,5185,3,True,0,2025-02-24,0,0.0,0.16,0.2,0,24,0,0,0,0.14285714285714285,0.0
7,5190,3,True,0,2025-02-24,0,0.0,0.21,0.3,0,24,0,0,0,0.14285714285714285,0.0
7,5197,3,True,0,2025-02-24,0,0.0,0.15,0.18,0,24,0,0,0,0.14285714285714285,0.0
7,5206,3,True,0,2025-02-24,0,0.0,0.06,0.09,0,24,0,0,0,0.14285714285714285,0.0
7,5218,3,True,0,2025-02-24,0,0.0,0.27,0.33,0,24,0,0,0,0.0,0.0
7,5219,3,True,0,2025-02-24,0,0.0,0.09,0.12,0,24,0,0,0,0.0,0.0
7,5232,3,True,0,2025-02-24,0,0.0,0.21,0.27,0,24,0,0,0,0.0,0.0
7,5236,3,True,0,2025-02-24,0,0.0,0.12,0.15,0,24,0,0,0,0.0,0.0
7,5238,3,True,0,2025-02-24,0,0.0,0.16,0.17,0,24,0,0,0,0.0,0.0
7,5249,3,True,0,2025-02-24,0,0.0,0.17,0.06,0,24,0,0,0,0.0,0.0
7,5255,3,True,0,2025-02-24,0,0.0,0.18,0.24,0,24,0,0,0,0.0,0.0
7,5256,3,True,0,2025-02-24,0,0.0,0.11,0.15,0,24,0,0,0,0.0,0.0
7,5264,3,True,0,2025-02-24,0,0.0,0.12,0.16,0,24,0,0,0,0.0,0.0
7,5265,3,True,0,2025-02-24,0,0.0,0.21,0.27,0,24,0,0,0,0.0,0.0
7,5282,3,True,0,2025-02-24,0,0.0,0.38,0.45,0,24,0,0,0,0.0,0.0
7,6,4,False,0,2025-02-24,1,0.0,0.07,0.08,0,24,0,0,0,0.0,0.0
7,7,4,False,0,2025-02-24,0,0.0,0.02,0.03,0,24,0,0,0,0.14285714285714285,0.0
7,32,4,False,0,2025-02-24,0,0.0,0.02,0.03,0,24,0,0,0,0.14285714285714285,0.0
7,36,4,False,0,2025-02-24,3,0.0,0.04,0.07,0,24,0,0,0,0.14285714285714285,0.0
7,41,4,False,0,2025-02-24,0,0.0,0.02,0.04,0,24,0,0,0,0.5714285714285714,0.0
7,66,4,False,0,2025-02-24,3,0.0,0.01,0.02,0,24,0,0,0,0.5714285714285714,0.0
7,85,4,False,0,2025-02-24,2,0.0,0.03,0.04,0,24,0,0,0,1.0,0.0
7,95,4,False,0,2025-02-24,2,0.0,0.06,0.09,0,24,0,0,0,1.2857142857142858,0.0
7,119,4,False,0,2025-02-24,1,0.0,0.05,0.07,0,24,0,0,0,1.4285714285714286,0.0
7,120,4,False,0,2025-02-24,0,0.0,0.02,0.02,0,24,0,0,0,1.5714285714285714,0.0
7,125,4,False,0,2025-02-24,5,0.0,0.01,0.01,0,24,0,0,0,1.5714285714285714,0.0
7,126,4,False,0,2025-02-24,0,0.0,0.03,0.03,0,24,0,0,0,1.8571428571428572,0.0
7,132,4,False,0,2025-02-24,1,0.0,0.05,0.06,0,24,0,0,0,1.8571428571428572,0.0
7,158,4,False,0,2025-02-24,3,0.0,0.05,0.04,0,24,0,0,0,1.5714285714285714,0.0
7,189,4,False,0,2025-02-24,1,0.0,0.07,0.12,0,24,0,0,0,1.7142857142857142,0.0
7,193,4,False,0,2025-02-24,0,0.0,0.02,0.03,0,24,0,0,0,1.5714285714285714,0.0
7,217,4,False,0,2025-02-24,0,0.0,0.01,0.01,0,24,0,0,0,1.4285714285714286,0.0
7,221,4,False,0,2025-02-24,0,0.0,0.06,0.12,0,24,0,0,0,1.4285714285714286,0.0
7,225,4,False,0,2025-02-24,2,0.0,0.05,0.08,0,24,0,0,0,0.7142857142857143,0.0
7,252,4,False,0,2025-02-24,2,0.0,0.03,0.06,0,24,0,0,0,1.0,0.0
7,253,4,False,0,2025-02-24,2,0.0,0.09,0.13,0,24,0,0,0,1.1428571428571428,0.0
7,267,4,False,0,2025-02-24,2,0.0,0.11,0.15,0,24,0,0,0,1.0,0.0
7,286,4,False,0,2025-02-24,3,0.0,0.04,0.06,0,24,0,0,0,1.1428571428571428,0.0
7,291,4,False,0,2025-02-24,0,0.0,0.07,0.09,0,24,0,0,0,1.5714285714285714,0.0
7,318,4,False,0,2025-02-24,2,0.0,0.05,0.07,0,24,0,0,0,1.5714285714285714,0.0
7,321,4,False,0,2025-02-24,2,0.0,0.12,0.17,0,24,0,0,0,1.8571428571428572,0.0
7,329,4,False,0,2025-02-24,2,0.0,0.03,0.05,0,24,0,0,0,1.8571428571428572,0.0
7,336,4,False,0,2025-02-24,2,0.0,0.12,0.16,0,24,0,0,0,1.8571428571428572,0.0
7,346,4,False,0,2025-02-24,0,0.0,0.03,0.03,0,24,0,0,0,1.8571428571428572,0.0
7,354,4,False,0,2025-02-24,2,0.0,0.13,0.2,0,24,0,0,0,1.5714285714285714,0.0
7,359,4,False,0,2025-02-24,1,0.0,0.03,0.03,0,24,0,0,0,1.4285714285714286,0.0
7,360,4,False,0,2025-02-24,1,0.0,0.06,0.09,0,24,0,0,0,1.5714285714285714,0.0
7,368,4,False,0,2025-02-24,3,0.0,0.04,0.07,0,24,0,0,0,1.4285714285714286,0.0
7,388,4,False,0,2025-02-24,6,0.0,0.08,0.11,0,24,0,0,0,1.5714285714285714,0.0
7,416,4,False,0,2025-02-24,1,0.0,0.1,0.12,0,24,0,0,0,2.142857142857143,0.0
7,428,4,False,0,2025-02-24,2,0.0,0.02,0.03,0,24,0,0,0,2.0,0.0
7,434,4,False,0,2025-02-24,0,0.0,0.03,0.04,0,24,0,0,0,2.2857142857142856,0.0
7,438,4,False,0,2025-02-24,1,0.0,0.04,0.05,0,24,0,0,0,2.0,0.0
7,441,4,False,0,2025-02-24,2,0.0,0.04,0.05,0,24,0,0,0,2.0,0.0
7,446,4,False,0,2025-02-24,0,0.0,0.03,0.04,0,24,0,0,0,2.142857142857143,0.0
7,454,4,False,0,2025-02-24,0,0.0,0.02,0.03,0,24,0,0,0,1.7142857142857142,0.0
7,457,4,False,0,2025-02-24,1,0.0,0.01,0.02,0,24,0,0,0,0.8571428571428571,0.0
7,467,4,False,0,2025-02-24,0,0.0,0.01,0.02,0,24,0,0,0,0.8571428571428571,0.0
7,474,4,False,0,2025-02-24,11,0.0,0.08,0.11,0,24,0,0,0,0.5714285714285714,0.0
7,481,4,False,0,2025-02-24,1,0.0,0.13,0.15,0,24,0,0,0,2.142857142857143,0.0
7,498,4,False,0,2025-02-24,2,0.0,0.13,0.18,0,24,0,0,0,2.142857142857143,0.0
7,505,4,False,0,2025-02-24,0,0.0,0.04,0.05,0,24,0,0,0,2.142857142857143,0.0
7,510,4,False,0,2025-02-24,1,0.0,0.03,0.05,0,24,0,0,0,2.142857142857143,0.0
7,515,4,False,0,2025-02-24,1,0.0,0.03,0.04,0,24,0,0,0,2.2857142857142856,0.0
7,528,4,False,0,2025-02-24,2,0.0,0.05,0.1,0,24,0,0,0,2.2857142857142856,0.0
7,556,4,False,0,2025-02-24,0,0.0,0.02,0.03,0,24,0,0,0,2.5714285714285716,0.0
7,565,4,False,0,2025-02-24,2,0.0,0.08,0.12,0,24,0,0,0,1.0,0.0
7,574,4,False,0,2025-02-24,1,0.0,0.15,0.21,0,24,0,0,0,1.1428571428571428,0.0
7,576,4,False,0,2025-02-24,0,0.0,0.04,0.05,0,24,0,0,0,1.0,0.0
7,587,4,False,0,2025-02-24,0,0.0,0.07,0.11,0,24,0,0,0,1.0,0.0
7,603,4,False,0,2025-02-24,0,0.0,0.06,0.09,0,24,0,0,0,0.8571428571428571,0.0
7,624,4,False,0,2025-02-24,1,0.0,0.05,0.06,0,24,0,0,0,0.7142857142857143,0.0
7,626,4,False,0,2025-02-24,1,1.0,0.01,0.02,0,24,0,0,0,0.5714285714285714,0.0
7,644,4,False,0,2025-02-24,2,0.0,0.09,0.14,0,24,0,0,0,0.7142857142857143,0.0
7,652,4,False,0,2025-02-24,2,0.0,0.04,0.08,0,24,0,0,0,0.7142857142857143,0.0
7,660,4,False,0,2025-02-24,3,0.0,0.06,0.12,0,24,0,0,0,0.8571428571428571,0.0
7,665,4,False,0,2025-02-24,0,0.0,0.04,0.05,0,24,0,0,0,1.2857142857142858,0.0
7,666,4,False,0,2025-02-24,0,0.0,0.04,0.07,0,24,0,0,0,1.2857142857142858,0.0
7,672,4,False,0,2025-02-24,0,0.0,0.04,0.06,0,24,0,0,0,1.2857142857142858,0.0
7,692,4,False,0,2025-02-24,1,0.0,0.02,0.04,0,24,0,0,0,1.1428571428571428,0.0
7,707,4,False,0,2025-02-24,2,0.0,0.06,0.08,0,24,0,0,0,1.1428571428571428,0.0
7,721,4,False,0,2025-02-24,0,0.0,0.03,0.03,0,24,0,0,0,1.1428571428571428,0.0
7,722,4,False,0,2025-02-24,2,0.0,0.09,0.12,0,24,0,0,0,0.8571428571428571,0.0
7,732,4,False,0,2025-02-24,2,0.0,0.06,0.08,0,24,0,0,0,0.7142857142857143,0.0
7,735,4,False,0,2025-02-24,1,0.0,0.03,0.04,0,24,0,0,0,1.0,0.0
7,737,4,False,0,2025-02-24,0,0.0,0.07,0.1,0,24,0,0,0,1.1428571428571428,0.0
7,765,4,False,0,2025-02-24,3,0.0,0.02,0.04,0,24,0,0,0,1.1428571428571428,0.0
7,773,4,False,0,2025-02-24,0,0.0,0.0,0.01,0,24,0,0,0,1.4285714285714286,0.0
7,801,4,False,0,2025-02-24,0,0.0,0.01,0.01,0,24,0,0,0,1.1428571428571428,0.0
7,814,4,False,0,2025-02-24,2,0.0,0.09,0.13,0,24,0,0,0,1.1428571428571428,0.0
7,817,4,False,0,2025-02-24,2,0.0,0.05,0.07,0,24,0,0,0,1.1428571428571428,0.0
7,822,4,False,0,2025-02-24,4,0.0,0.03,0.06,0,24,0,0,0,1.1428571428571428,0.0
7,823,4,False,0,2025-02-24,0,0.0,0.03,0.04,0,24,0,0,0,1.5714285714285714,0.0
7,834,4,False,0,2025-02-24,0,0.0,0.22,0.22,0,24,0,0,0,1.5714285714285714,0.0
7,851,4,False,0,2025-02-24,0,0.0,0.06,0.07,0,24,0,0,0,1.1428571428571428,0.0
7,860,4,False,0,2025-02-24,1,0.0,0.02,0.03,0,24,0,0,0,1.1428571428571428,0.0
7,878,4,False,0,2025-02-24,1,0.0,0.16,0.31,0,24,0,0,0,1.2857142857142858,0.0
7,896,4,False,0,2025-02-24,1,0.0,0.13,0.14,0,24,0,0,0,1.1428571428571428,0.0
7,910,4,False,0,2025-02-24,0,0.0,0.01,0.02,0,24,0,0,0,1.0,0.0
7,912,4,False,0,2025-02-24,2,0.0,0.14,0.24,0,24,0,0,0,0.42857142857142855,0.0
7,918,4,False,0,2025-02-24,2,0.0,0.07,0.09,0,24,0,0,0,0.7142857142857143,0.0
7,925,4,False,0,2025-02-24,0,0.0,0.01,0.02,0,24,0,0,0,1.0,0.0
7,928,4,False,0,2025-02-24,2,0.0,0.03,0.05,0,24,0,0,0,1.0,0.0
7,936,4,False,0,2025-02-24,1,0.0,0.03,0.05,0,24,0,0,0,1.1428571428571428,0.0
7,962,4,False,0,2025-02-24,2,0.0,0.04,0.05,0,24,0,0,0,1.1428571428571428,0.0
7,987,4,False,0,2025-02-24,0,0.0,0.02,0.03,0,24,0,0,0,1.2857142857142858,0.0
7,991,4,False,0,2025-02-24,1,0.0,0.02,0.03,0,24,0,0,0,1.2857142857142858,0.0
7,995,4,False,0,2025-02-24,2,0.0,0.03,0.05,0,24,0,0,0,1.1428571428571428,0.0
7,1032,4,False,0,2025-02-24,2,0.0,0.13,0.17,0,24,0,0,0,1.1428571428571428,0.0
7,1035,4,False,0,2025-02-24,1,0.0,0.03,0.04,0,24,0,0,0,1.4285714285714286,0.0
7,1091,4,False,0,2025-02-24,2,0.0,0.06,0.09,0,24,0,0,0,1.2857142857142858,0.0
7,1101,4,False,0,2025-02-24,1,0.0,0.03,0.04,0,24,0,0,0,1.4285714285714286,0.0
7,1113,4,False,0,2025-02-24,0,0.0,0.03,0.03,0,24,0,0,0,1.2857142857142858,0.0
7,1121,4,False,0,2025-02-24,2,0.0,0.04,0.06,0,24,0,0,0,1.2857142857142858,0.0
7,1129,4,False,0,2025-02-24,4,0.0,0.01,0.01,0,24,0,0,0,1.4285714285714286,0.0
7,1130,4,False,0,2025-02-24,3,0.0,0.04,0.06,0,24,0,0,0,1.7142857142857142,0.0
7,1144,4,False,0,2025-02-24,2,0.0,0.12,0.2,0,24,0,0,0,1.8571428571428572,0.0
7,1151,4,False,0,2025-02-24,0,0.0,0.01,0.02,0,24,0,0,0,2.0,0.0
7,1165,4,False,0,2025-02-24,2,0.0,0.02,0.02,0,24,0,0,0,1.7142857142857142,0.0
7,1187,4,False,0,2025-02-24,3,0.0,0.01,0.02,0,24,0,0,0,1.8571428571428572,0.0
7,1210,4,False,0,2025-02-24,4,0.0,0.01,0.01,0,24,0,0,0,2.2857142857142856,0.0
7,1211,4,False,0,2025-02-24,2,0.0,0.1,0.12,0,24,0,0,0,2.5714285714285716,0.0
7,1218,4,False,0,2025-02-24,6,0.0,0.04,0.06,0,24,0,0,0,2.2857142857142856,0.0
7,1230,4,False,0,2025-02-24,1,0.0,0.06,0.07,0,24,0,0,0,2.7142857142857144,0.0
7,1234,4,False,0,2025-02-24,0,0.0,0.18,0.24,0,24,0,0,0,2.5714285714285716,0.0
7,1239,4,False,0,2025-02-24,2,0.0,0.09,0.12,0,24,0,0,0,2.5714285714285716,0.0
7,1255,4,False,0,2025-02-24,0,0.0,0.03,0.04,0,24,0,0,0,2.5714285714285716,0.0
7,1272,4,False,0,2025-02-24,0,0.0,0.02,0.03,0,24,0,0,0,2.142857142857143,0.0
7,1275,4,False,0,2025-02-24,3,0.0,0.01,0.03,0,24,0,0,0,1.5714285714285714,0.0
7,1277,4,False,0,2025-02-24,0,0.0,0.05,0.07,0,24,0,0,0,1.7142857142857142,0.0
7,1282,4,False,0,2025-02-24,1,0.0,0.17,0.25,0,24,0,0,0,0.8571428571428571,0.0
7,1283,4,False,0,2025-02-24,2,0.0,0.04,0.07,0,24,0,0,0,0.8571428571428571,0.0
7,1351,4,False,0,2025-02-24,2,0.0,0.08,0.11,0,24,0,0,0,1.1428571428571428,0.0
7,1352,4,False,0,2025-02-24,2,0.0,0.03,0.05,0,24,0,0,0,1.1428571428571428,0.0
7,1368,4,False,0,2025-02-24,6,0.0,0.03,0.05,0,24,0,0,0,1.4285714285714286,0.0
7,1381,4,False,0,2025-02-24,2,0.0,0.05,0.07,0,24,0,0,0,2.2857142857142856,0.0
7,1397,4,False,0,2025-02-24,0,0.0,0.05,0.09,0,24,0,0,0,2.142857142857143,0.0
7,1408,4,False,0,2025-02-24,1,0.0,0.12,0.16,0,24,0,0,0,2.142857142857143,0.0
7,1434,4,False,0,2025-02-24,3,0.0,0.03,0.03,0,24,0,0,0,2.142857142857143,0.0
7,1437,4,False,0,2025-02-24,0,0.0,0.04,0.07,0,24,0,0,0,2.2857142857142856,0.0
7,1438,4,False,0,2025-02-24,0,0.0,0.36,0.42,0,24,0,0,0,2.0,0.0
7,1444,4,False,0,2025-02-24,2,0.0,0.02,0.03,0,24,0,0,0,1.7142857142857142,0.0
7,1452,4,False,0,2025-02-24,2,0.0,0.05,0.08,0,24,0,0,0,1.1428571428571428,0.0
7,1454,4,False,0,2025-02-24,0,0.0,0.03,0.04,0,24,0,0,0,1.1428571428571428,0.0
7,1461,4,False,0,2025-02-24,0,0.0,0.02,0.04,0,24,0,0,0,1.1428571428571428,0.0
7,1467,4,False,0,2025-02-24,1,0.0,0.06,0.08,0,24,0,0,0,1.0,0.0
7,1475,4,False,0,2025-02-24,0,0.0,0.06,0.08,0,24,0,0,0,0.7142857142857143,0.0
7,1487,4,False,0,2025-02-24,3,0.0,0.05,0.07,0,24,0,0,0,0.7142857142857143,0.0
7,1490,4,False,0,2025-02-24,1,0.0,0.12,0.18,0,24,0,0,0,1.1428571428571428,0.0
7,1501,4,False,0,2025-02-24,2,0.0,0.02,0.03,0,24,0,0,0,1.0,0.0
7,1516,4,False,0,2025-02-24,3,0.0,0.03,0.04,0,24,0,0,0,1.0,0.0
7,1524,4,False,0,2025-02-24,2,0.0,0.06,0.09,0,24,0,0,0,1.4285714285714286,0.0
7,1527,4,False,0,2025-02-24,2,0.0,0.08,0.13,0,24,0,0,0,1.7142857142857142,0.0
7,1532,4,False,0,2025-02-24,0,0.0,0.03,0.05,0,24,0,0,0,1.8571428571428572,0.0
7,1552,4,False,0,2025-02-24,2,0.0,0.17,0.21,0,24,0,0,0,1.8571428571428572,0.0
7,1554,4,False,0,2025-02-24,0,0.0,0.03,0.04,0,24,0,0,0,1.7142857142857142,0.0
7,1565,4,False,0,2025-02-24,0,0.0,0.05,0.09,0,24,0,0,0,1.5714285714285714,0.0
7,1571,4,False,0,2025-02-24,1,0.0,0.09,0.13,0,24,0,0,0,1.2857142857142858,0.0
7,1575,4,False,0,2025-02-24,0,0.0,0.18,0.27,0,24,0,0,0,1.0,0.0
7,1589,4,False,0,2025-02-24,0,0.0,0.02,0.04,0,24,0,0,0,0.7142857142857143,0.0
7,1601,4,False,0,2025-02-24,2,0.0,0.1,0.2,0,24,0,0,0,0.42857142857142855,0.0
7,1608,4,False,0,2025-02-24,3,0.0,0.05,0.07,0,24,0,0,0,0.7142857142857143,0.0
7,1612,4,False,0,2025-02-24,1,0.0,0.06,0.07,0,24,0,0,0,0.8571428571428571,0.0
7,1623,4,False,0,2025-02-24,4,0.0,0.03,0.04,0,24,0,0,0,1.0,0.0
7,1637,4,False,0,2025-02-24,1,0.0,0.07,0.09,0,24,0,0,0,1.5714285714285714,0.0
7,1647,4,False,0,2025-02-24,1,0.0,0.09,0.12,0,24,0,0,0,1.5714285714285714,0.0
7,1655,4,False,0,2025-02-24,1,0.0,0.06,0.07,0,24,0,0,0,1.7142857142857142,0.0
7,1674,4,False,0,2025-02-24,0,0.0,0.04,0.06,0,24,0,0,0,1.8571428571428572,0.0
7,1676,4,False,0,2025-02-24,0,0.0,0.02,0.03,0,24,0,0,0,1.5714285714285714,0.0
7,1707,4,False,0,2025-02-24,0,0.0,0.01,0.02,0,24,0,0,0,1.1428571428571428,0.0
7,1712,4,False,0,2025-02-24,0,0.0,0.13,0.17,0,24,0,0,0,1.0,0.0
7,1742,4,False,0,2025-02-24,4,0.0,0.05,0.08,0,24,0,0,0,0.42857142857142855,0.0
7,1743,4,False,0,2025-02-24,0,0.0,0.05,0.07,0,24,0,0,0,0.8571428571428571,0.0
7,1747,4,False,0,2025-02-24,0,0.0,0.02,0.03,0,24,0,0,0,0.7142857142857143,0.0
7,1757,4,False,0,2025-02-24,2,0.0,0.01,0.02,0,24,0,0,0,0.5714285714285714,0.0
7,1761,4,False,0,2025-02-24,1,0.0,0.04,0.06,0,24,0,0,0,0.8571428571428571,0.0
7,1768,4,False,0,2025-02-24,2,0.0,0.07,0.1,0,24,0,0,0,1.0,0.0
7,1773,4,False,0,2025-02-24,2,0.0,0.04,0.06,0,24,0,0,0,1.2857142857142858,0.0
7,1780,4,False,0,2025-02-24,2,0.0,0.02,0.04,0,24,0,0,0,1.5714285714285714,0.0
7,1809,4,False,0,2025-02-24,0,0.0,0.01,0.01,0,24,0,0,0,1.2857142857142858,0.0
7,1820,4,False,0,2025-02-24,0,0.0,0.03,0.06,0,24,0,0,0,1.2857142857142858,0.0
7,1825,4,False,0,2025-02-24,0,0.0,0.06,0.09,0,24,0,0,0,1.2857142857142858,0.0
7,1833,4,False,0,2025-02-24,0,0.0,0.04,0.06,0,24,0,0,0,1.0,0.0
7,1848,4,False,0,2025-02-24,6,0.0,0.01,0.06,0,24,0,0,0,0.8571428571428571,0.0
7,1854,4,False,0,2025-02-24,0,0.0,0.03,0.05,0,24,0,0,0,1.4285714285714286,0.0
7,1864,4,False,0,2025-02-24,3,0.0,0.07,0.11,0,24,0,0,0,1.1428571428571428,0.0
7,1898,4,False,0,2025-02-24,0,0.0,0.08,0.13,0,24,0,0,0,1.2857142857142858,0.0
7,1909,4,False,0,2025-02-24,0,0.0,0.1,0.11,0,24,0,0,0,1.2857142857142858,0.0
7,1910,4,False,0,2025-02-24,0,0.0,0.09,0.16,0,24,0,0,0,1.2857142857142858,0.0
7,1921,4,False,0,2025-02-24,0,0.0,0.03,0.05,0,24,0,0,0,1.2857142857142858,0.0
7,1929,4,False,0,2025-02-24,3,0.0,0.01,0.02,0,24,0,0,0,1.2857142857142858,0.0
7,1935,4,False,0,2025-02-24,0,0.0,0.01,0.02,0,24,0,0,0,0.8571428571428571,0.0
7,1944,4,False,0,2025-02-24,3,0.0,0.07,0.09,0,24,0,0,0,0.8571428571428571,0.0
7,1948,4,False,0,2025-02-24,2,0.0,0.09,0.09,0,24,0,0,0,0.8571428571428571,0.0
7,1953,4,False,0,2025-02-24,4,0.0,0.03,0.05,0,24,0,0,0,1.1428571428571428,0.0
7,1955,4,False,0,2025-02-24,2,0.0,0.13,0.16,0,24,0,0,0,1.7142857142857142,0.0
7,1970,4,False,0,2025-02-24,1,0.0,0.07,0.11,0,24,0,0,0,2.0,0.0
7,1973,4,False,0,2025-02-24,0,0.0,0.03,0.04,0,24,0,0,0,2.142857142857143,0.0
7,1982,4,False,0,2025-02-24,0,0.0,0.01,0.02,0,24,0,0,0,1.7142857142857142,0.0
7,2000,4,False,0,2025-02-24,1,0.0,0.13,0.18,0,24,0,0,0,1.7142857142857142,0.0
7,2021,4,False,0,2025-02-24,0,0.0,0.01,0.02,0,24,0,0,0,1.4285714285714286,0.0
7,2030,4,False,0,2025-02-24,1,0.0,0.09,0.12,0,24,0,0,0,1.1428571428571428,0.0
7,2034,4,False,0,2025-02-24,5,0.0,0.03,0.04,0,24,0,0,0,0.7142857142857143,0.0
7,2036,4,False,0,2025-02-24,1,0.0,0.13,0.15,0,24,0,0,0,1.1428571428571428,0.0
7,2038,4,False,0,2025-02-24,2,0.0,0.11,0.15,0,24,0,0,0,1.1428571428571428,0.0
7,2053,4,False,0,2025-02-24,2,0.0,0.2,0.27,0,24,0,0,0,1.4285714285714286,0.0
7,2077,4,False,0,2025-02-24,8,0.0,0.02,0.04,0,24,0,0,0,1.7142857142857142,0.0
7,2091,4,False,0,2025-02-24,2,0.0,0.11,0.16,0,24,0,0,0,2.7142857142857144,0.0
7,2106,4,False,0,2025-02-24,1,0.0,0.12,0.2,0,24,0,0,0,3.0,0.0
7,2119,4,False,0,2025-02-24,0,0.0,0.09,0.11,0,24,0,0,0,3.0,0.0
7,2152,4,False,0,2025-02-24,3,0.0,0.05,0.07,0,24,0,0,0,2.2857142857142856,0.0
7,2163,4,False,0,2025-02-24,1,0.0,0.07,0.09,0,24,0,0,0,2.5714285714285716,0.0
7,2172,4,False,0,2025-02-24,0,0.0,0.06,0.07,0,24,0,0,0,2.4285714285714284,0.0
7,2181,4,False,0,2025-02-24,0,0.0,0.05,0.07,0,24,0,0,0,2.142857142857143,0.0
7,2196,4,False,0,2025-02-24,2,0.0,0.03,0.05,0,24,0,0,0,1.0,0.0
7,2204,4,False,0,2025-02-24,0,0.0,0.04,0.04,0,24,0,0,0,1.0,0.0
7,2217,4,False,0,2025-02-24,0,0.0,0.01,0.01,0,24,0,0,0,0.8571428571428571,0.0
7,2242,4,False,0,2025-02-24,3,0.0,0.06,0.11,0,24,0,0,0,0.8571428571428571,0.0
7,2244,4,False,0,2025-02-24,2,0.0,0.03,0.05,0,24,0,0,0,0.8571428571428571,0.0
7,2278,4,False,0,2025-02-24,1,0.0,0.09,0.13,0,24,0,0,0,1.0,0.0
7,2313,4,False,0,2025-02-24,2,0.0,0.01,0.02,0,24,0,0,0,1.1428571428571428,0.0
7,2334,4,False,0,2025-02-24,2,0.0,0.1,0.12,0,24,0,0,0,1.4285714285714286,0.0
7,2336,4,False,0,2025-02-24,1,0.0,0.04,0.05,0,24,0,0,0,1.4285714285714286,0.0
7,2342,4,False,0,2025-02-24,1,0.0,0.02,0.02,0,24,0,0,0,1.5714285714285714,0.0
7,2363,4,False,0,2025-02-24,0,0.0,0.07,0.09,0,24,0,0,0,1.7142857142857142,0.0
7,2375,4,False,0,2025-02-24,2,0.0,0.05,0.07,0,24,0,0,0,1.2857142857142858,0.0
7,2389,4,False,0,2025-02-24,0,0.0,0.04,0.04,0,24,0,0,0,1.2857142857142858,0.0
7,2390,4,False,0,2025-02-24,3,0.0,0.03,0.04,0,24,0,0,0,1.1428571428571428,0.0
7,2403,4,False,0,2025-02-24,3,0.0,0.03,0.05,0,24,0,0,0,1.2857142857142858,0.0
7,2410,4,False,0,2025-02-24,2,0.0,0.03,0.05,0,24,0,0,0,1.4285714285714286,0.0
7,2421,4,False,0,2025-02-24,0,0.0,0.02,0.02,0,24,0,0,0,1.5714285714285714,0.0
7,2434,4,False,0,2025-02-24,0,0.0,0.03,0.04,0,24,0,0,0,1.4285714285714286,0.0
7,2444,4,False,0,2025-02-24,1,0.0,0.06,0.07,0,24,0,0,0,1.4285714285714286,0.0
7,2445,4,False,0,2025-02-24,1,0.0,0.06,0.08,0,24,0,0,0,1.2857142857142858,0.0
7,2451,4,False,0,2025-02-24,0,0.0,0.02,0.04,0,24,0,0,0,1.4285714285714286,0.0
7,2453,4,False,0,2025-02-24,2,0.0,0.04,0.05,0,24,0,0,0,1.0,0.0
7,2488,4,False,0,2025-02-24,1,0.0,0.16,0.2,0,24,0,0,0,0.8571428571428571,0.0
7,2494,4,False,0,2025-02-24,0,0.0,0.04,0.06,0,24,0,0,0,0.7142857142857143,0.0
7,2512,4,False,0,2025-02-24,2,0.0,0.05,0.08,0,24,0,0,0,0.7142857142857143,0.0
7,2525,4,False,0,2025-02-24,2,0.0,0.11,0.15,0,24,0,0,0,1.0,0.0
7,2529,4,False,0,2025-02-24,1,0.0,0.03,0.05,0,24,0,0,0,1.1428571428571428,0.0
7,2531,4,False,0,2025-02-24,2,0.0,0.03,0.04,0,24,0,0,0,1.1428571428571428,0.0
7,2542,4,False,0,2025-02-24,0,0.0,0.02,0.03,0,24,0,0,0,1.4285714285714286,0.0
7,2556,4,False,0,2025-02-24,0,0.0,0.08,0.1,0,24,0,0,0,1.1428571428571428,0.0
7,2559,4,False,0,2025-02-24,0,0.0,0.03,0.05,0,24,0,0,0,1.0,0.0
7,2564,4,False,0,2025-02-24,0,0.0,0.01,0.02,0,24,0,0,0,1.0,0.0
7,2571,4,False,0,2025-02-24,2,0.0,0.14,0.14,0,24,0,0,0,0.7142857142857143,0.0
7,2589,4,False,0,2025-02-24,2,0.0,0.05,0.06,0,24,0,0,0,0.7142857142857143,0.0
7,2603,4,False,0,2025-02-24,3,0.0,0.1,0.15,0,24,0,0,0,0.8571428571428571,0.0
7,2610,4,False,0,2025-02-24,3,0.0,0.05,0.07,0,24,0,0,0,1.0,0.0
7,2613,4,False,0,2025-02-24,2,0.0,0.1,0.12,0,24,0,0,0,1.4285714285714286,0.0
7,2616,4,False,0,2025-02-24,0,0.0,0.02,0.04,0,24,0,0,0,1.7142857142857142,0.0
7,2623,4,False,0,2025-02-24,2,0.0,0.07,0.04,0,24,0,0,0,1.7142857142857142,0.0
7,2628,4,False,0,2025-02-24,0,0.0,0.04,0.06,0,24,0,0,0,2.0,0.0
7,2635,4,False,0,2025-02-24,0,0.0,0.03,0.04,0,24,0,0,0,1.7142857142857142,0.0
7,2638,4,False,0,2025-02-24,0,0.0,0.02,0.03,0,24,0,0,0,1.4285714285714286,0.0
7,2639,4,False,0,2025-02-24,0,0.0,0.03,0.05,0,24,0,0,0,1.0,0.0
7,2643,4,False,0,2025-02-24,1,0.0,0.09,0.12,0,24,0,0,0,0.5714285714285714,0.0
7,2651,4,False,0,2025-02-24,2,0.0,0.07,0.13,0,24,0,0,0,0.42857142857142855,0.0
7,2653,4,False,0,2025-02-24,3,0.0,0.04,0.05,0,24,0,0,0,0.7142857142857143,0.0
7,2655,4,False,0,2025-02-24,2,0.0,0.12,0.13,0,24,0,0,0,0.8571428571428571,0.0
7,2667,4,False,0,2025-02-24,1,0.0,0.14,0.22,0,24,0,0,0,1.1428571428571428,0.0
7,2670,4,False,0,2025-02-24,2,0.0,0.09,0.1,0,24,0,0,0,1.2857142857142858,0.0
7,2671,4,False,0,2025-02-24,0,0.0,0.02,0.03,0,24,0,0,0,1.5714285714285714,0.0
7,2679,4,False,0,2025-02-24,2,0.0,0.03,0.05,0,24,0,0,0,1.5714285714285714,0.0
7,2690,4,False,0,2025-02-24,2,0.0,0.09,0.11,0,24,0,0,0,1.7142857142857142,0.0
7,2701,4,False,0,2025-02-24,2,0.0,0.11,0.12,0,24,0,0,0,1.7142857142857142,0.0
7,2704,4,False,0,2025-02-24,3,0.0,0.06,0.09,0,24,0,0,0,1.5714285714285714,0.0
7,2709,4,False,0,2025-02-24,0,0.0,0.04,0.06,0,24,0,0,0,1.7142857142857142,0.0
7,2729,4,False,0,2025-02-24,2,0.0,0.1,0.13,0,24,0,0,0,1.5714285714285714,0.0
7,2748,4,False,0,2025-02-24,3,0.0,0.04,0.05,0,24,0,0,0,1.5714285714285714,0.0
7,2760,4,False,0,2025-02-24,0,0.0,0.04,0.06,0,24,0,0,0,2.0,0.0
7,2763,4,False,0,2025-02-24,4,0.0,0.05,0.06,0,24,0,0,0,1.7142857142857142,0.0
7,2774,4,False,0,2025-02-24,0,0.0,0.01,0.01,0,24,0,0,0,2.0,0.0
7,2775,4,False,0,2025-02-24,3,0.0,0.03,0.05,0,24,0,0,0,1.7142857142857142,0.0
7,2780,4,False,0,2025-02-24,1,0.0,0.16,0.22,0,24,0,0,0,1.7142857142857142,0.0
7,2781,4,False,0,2025-02-24,2,0.0,0.05,0.08,0,24,0,0,0,1.8571428571428572,0.0
7,2785,4,False,0,2025-02-24,0,0.0,0.04,0.05,0,24,0,0,0,1.8571428571428572,0.0
7,2813,4,False,0,2025-02-24,1,0.0,0.12,0.12,0,24,0,0,0,1.4285714285714286,0.0
7,2820,4,False,0,2025-02-24,0,0.0,0.15,0.22,0,24,0,0,0,1.5714285714285714,0.0
7,2839,4,False,0,2025-02-24,2,0.0,0.03,0.08,0,24,0,0,0,1.0,0.0
7,2845,4,False,0,2025-02-24,2,0.0,0.1,0.12,0,24,0,0,0,1.2857142857142858,0.0
7,2851,4,False,0,2025-02-24,0,0.0,0.01,0.01,0,24,0,0,0,1.1428571428571428,0.0
7,2853,4,False,0,2025-02-24,0,0.0,0.01,0.01,0,24,0,0,0,1.0,0.0
7,2856,4,False,0,2025-02-24,0,0.0,0.02,0.04,0,24,0,0,0,0.7142857142857143,0.0
7,2872,4,False,0,2025-02-24,0,0.0,0.02,0.03,0,24,0,0,0,0.7142857142857143,0.0
7,2891,4,False,0,2025-02-24,0,0.0,0.01,0.03,0,24,0,0,0,0.5714285714285714,0.0
7,2897,4,False,0,2025-02-24,0,0.0,0.04,0.06,0,24,0,0,0,0.5714285714285714,0.0
7,2903,4,False,0,2025-02-24,2,0.0,0.04,0.05,0,24,0,0,0,0.2857142857142857,0.0
7,2916,4,False,0,2025-02-24,1,0.0,0.1,0.14,0,24,0,0,0,0.2857142857142857,0.0
7,2923,4,False,0,2025-02-24,2,0.0,0.15,0.2,0,24,0,0,0,0.42857142857142855,0.0
7,2930,4,False,0,2025-02-24,3,0.0,0.02,0.04,0,24,0,0,0,0.7142857142857143,0.0
7,2962,4,False,0,2025-02-24,1,0.0,0.03,0.05,0,24,0,0,0,1.1428571428571428,0.0
7,2972,4,False,0,2025-02-24,3,0.0,0.03,0.06,0,24,0,0,0,1.2857142857142858,0.0
7,2978,4,False,0,2025-02-24,2,0.0,0.06,0.02,0,24,0,0,0,1.7142857142857142,0.0
7,3013,4,False,0,2025-02-24,1,0.0,0.03,0.04,0,24,0,0,0,2.0,0.0
7,3026,4,False,0,2025-02-24,0,0.0,0.03,0.06,0,24,0,0,0,1.8571428571428572,0.0
7,3041,4,False,0,2025-02-24,3,0.0,0.14,0.16,0,24,0,0,0,1.7142857142857142,0.0
7,3046,4,False,0,2025-02-24,0,0.0,0.06,0.12,0,24,0,0,0,1.8571428571428572,0.0
7,3073,4,False,0,2025-02-24,2,0.0,0.06,0.11,0,24,0,0,0,1.4285714285714286,0.0
7,3082,4,False,0,2025-02-24,1,0.0,0.04,0.07,0,24,0,0,0,1.5714285714285714,0.0
7,3092,4,False,0,2025-02-24,0,0.0,0.03,0.05,0,24,0,0,0,1.2857142857142858,0.0
7,3095,4,False,0,2025-02-24,2,0.0,0.06,0.08,0,24,0,0,0,1.0,0.0
7,3135,4,False,0,2025-02-24,0,0.0,0.04,0.07,0,24,0,0,0,1.1428571428571428,0.0
7,3140,4,False,0,2025-02-24,0,0.0,0.01,0.02,0,24,0,0,0,1.1428571428571428,0.0
7,3152,4,False,0,2025-02-24,0,0.0,0.02,0.03,0,24,0,0,0,0.7142857142857143,0.0
7,3168,4,False,0,2025-02-24,2,0.0,0.01,0.02,0,24,0,0,0,0.7142857142857143,0.0
7,3192,4,False,0,2025-02-24,2,0.0,0.02,0.04,0,24,0,0,0,0.7142857142857143,0.0
7,3200,4,False,0,2025-02-24,2,0.0,0.07,0.09,0,24,0,0,0,0.8571428571428571,0.0
7,3227,4,False,0,2025-02-24,2,0.0,0.09,0.15,0,24,0,0,0,1.1428571428571428,0.0
7,3255,4,False,0,2025-02-24,1,0.0,0.03,0.07,0,24,0,0,0,1.1428571428571428,0.0
7,3264,4,False,0,2025-02-24,3,0.0,0.13,0.19,0,24,0,0,0,1.2857142857142858,0.0
7,3277,4,False,0,2025-02-24,0,0.0,0.01,0.02,0,24,0,0,0,1.7142857142857142,0.0
7,3299,4,False,0,2025-02-24,4,0.0,0.02,0.02,0,24,0,0,0,1.7142857142857142,0.0
7,3323,4,False,0,2025-02-24,0,0.0,0.03,0.03,0,24,0,0,0,2.0,0.0
7,3325,4,False,0,2025-02-24,2,0.0,0.1,0.1,0,24,0,0,0,1.7142857142857142,0.0
7,3329,4,False,0,2025-02-24,1,0.0,0.04,0.06,0,24,0,0,0,1.7142857142857142,0.0
7,3345,4,False,0,2025-02-24,0,0.0,0.15,0.22,0,24,0,0,0,1.5714285714285714,0.0
7,3353,4,False,0,2025-02-24,0,0.0,0.09,0.13,0,24,0,0,0,1.4285714285714286,0.0
7,3373,4,False,0,2025-02-24,1,0.0,0.01,0.02,0,24,0,0,0,1.0,0.0
7,3379,4,False,0,2025-02-24,2,0.0,0.06,0.1,0,24,0,0,0,1.1428571428571428,0.0
7,3384,4,False,0,2025-02-24,0,0.0,0.08,0.12,0,24,0,0,0,0.8571428571428571,0.0
7,3385,4,False,0,2025-02-24,2,0.0,0.07,0.12,0,24,0,0,0,0.8571428571428571,0.0
7,3395,4,False,0,2025-02-24,0,0.0,0.05,0.07,0,24,0,0,0,0.8571428571428571,0.0
7,3416,4,False,0,2025-02-24,2,0.0,0.01,0.02,0,24,0,0,0,0.7142857142857143,0.0
7,3436,4,False,0,2025-02-24,0,0.0,0.11,0.14,0,24,0,0,0,1.0,0.0
7,3475,4,False,0,2025-02-24,2,0.0,0.08,0.1,0,24,0,0,0,1.0,0.0
7,3488,4,False,0,2025-02-24,1,0.0,0.04,0.06,0,24,0,0,0,1.1428571428571428,0.0
7,3489,4,False,0,2025-02-24,0,0.0,0.01,0.02,0,24,0,0,0,1.0,0.0
7,3494,4,False,0,2025-02-24,0,0.0,0.02,0.02,0,24,0,0,0,1.0,0.0
7,3501,4,False,0,2025-02-24,0,0.0,0.09,0.13,0,24,0,0,0,0.7142857142857143,0.0
7,3506,4,False,0,2025-02-24,0,0.0,0.02,0.03,0,24,0,0,0,0.7142857142857143,0.0
7,3512,4,False,0,2025-02-24,1,0.0,0.07,0.1,0,24,0,0,0,0.42857142857142855,0.0
7,3516,4,False,0,2025-02-24,2,0.0,0.08,0.11,0,24,0,0,0,0.5714285714285714,0.0
7,3521,4,False,0,2025-02-24,0,0.0,0.04,0.05,0,24,0,0,0,0.5714285714285714,0.0
7,3528,4,False,0,2025-02-24,1,0.0,0.02,0.04,0,24,0,0,0,0.42857142857142855,0.0
7,3534,4,False,0,2025-02-24,0,0.0,0.04,0.05,0,24,0,0,0,0.5714285714285714,0.0
7,3537,4,False,0,2025-02-24,3,0.0,0.04,0.05,0,24,0,0,0,0.5714285714285714,0.0
7,3542,4,False,0,2025-02-24,2,0.0,0.03,0.05,0,24,0,0,0,1.0,0.0
7,3554,4,False,0,2025-02-24,2,0.0,0.05,0.07,0,24,0,0,0,1.2857142857142858,0.0
7,3565,4,False,0,2025-02-24,1,0.0,0.13,0.17,0,24,0,0,0,1.4285714285714286,0.0
7,3566,4,False,0,2025-02-24,0,0.0,0.09,0.1,0,24,0,0,0,1.2857142857142858,0.0
7,3570,4,False,0,2025-02-24,0,0.0,0.01,0.01,0,24,0,0,0,1.2857142857142858,0.0
7,3572,4,False,0,2025-02-24,0,0.0,0.04,0.05,0,24,0,0,0,1.1428571428571428,0.0
7,3585,4,False,0,2025-02-24,2,0.0,0.05,0.07,0,24,0,0,0,1.1428571428571428,0.0
7,3598,4,False,0,2025-02-24,0,0.0,0.07,0.11,0,24,0,0,0,1.0,0.0
7,3599,4,False,0,2025-02-24,1,0.0,0.02,0.03,0,24,0,0,0,0.7142857142857143,0.0
7,3606,4,False,0,2025-02-24,3,0.0,0.04,0.07,0,24,0,0,0,0.5714285714285714,0.0
7,3611,4,False,0,2025-02-24,0,0.0,0.03,0.05,0,24,0,0,0,0.8571428571428571,0.0
7,3622,4,False,0,2025-02-24,3,0.0,0.05,0.07,0,24,0,0,0,0.8571428571428571,0.0
7,3636,4,False,0,2025-02-24,2,0.0,0.05,0.06,0,24,0,0,0,1.2857142857142858,0.0
7,3657,4,False,0,2025-02-24,2,0.0,0.13,0.17,0,24,0,0,0,1.5714285714285714,0.0
7,3662,4,False,0,2025-02-24,0,0.0,0.03,0.04,0,24,0,0,0,1.5714285714285714,0.0
7,3663,4,False,0,2025-02-24,1,0.0,0.02,0.03,0,24,0,0,0,1.5714285714285714,0.0
7,3668,4,False,0,2025-02-24,0,0.0,0.03,0.04,0,24,0,0,0,1.5714285714285714,0.0
7,3673,4,False,0,2025-02-24,4,0.0,0.04,0.06,0,24,0,0,0,1.1428571428571428,0.0
7,3686,4,False,0,2025-02-24,0,0.0,0.02,0.02,0,24,0,0,0,1.7142857142857142,0.0
7,3710,4,False,0,2025-02-24,1,0.0,0.08,0.11,0,24,0,0,0,1.2857142857142858,0.0
7,3715,4,False,0,2025-02-24,3,0.0,0.15,0.25,0,24,0,0,0,1.1428571428571428,0.0
7,3722,4,False,0,2025-02-24,2,0.0,0.03,0.04,0,24,0,0,0,1.2857142857142858,0.0
7,3736,4,False,0,2025-02-24,2,0.0,0.07,0.07,0,24,0,0,0,1.5714285714285714,0.0
7,3766,4,False,0,2025-02-24,2,0.0,0.11,0.15,0,24,0,0,0,1.7142857142857142,0.0
7,3790,4,False,0,2025-02-24,0,0.0,0.02,0.02,0,24,0,0,0,2.0,0.0
7,3796,4,False,0,2025-02-24,0,0.0,0.05,0.08,0,24,0,0,0,1.4285714285714286,0.0
7,3844,4,False,0,2025-02-24,2,0.0,0.05,0.06,0,24,0,0,0,1.4285714285714286,0.0
7,3861,4,False,0,2025-02-24,1,0.0,0.05,0.08,0,24,0,0,0,1.5714285714285714,0.0
7,3874,4,False,0,2025-02-24,3,0.0,0.08,0.1,0,24,0,0,0,1.2857142857142858,0.0
7,3876,4,False,0,2025-02-24,2,0.0,0.12,0.18,0,24,0,0,0,1.4285714285714286,0.0
7,3882,4,False,0,2025-02-24,0,0.0,0.05,0.08,0,24,0,0,0,1.4285714285714286,0.0
7,3883,4,False,0,2025-02-24,3,0.0,0.07,0.1,0,24,0,0,0,1.1428571428571428,0.0
7,3887,4,False,0,2025-02-24,2,0.0,0.03,0.05,0,24,0,0,0,1.5714285714285714,0.0
7,3892,4,False,0,2025-02-24,1,0.0,0.12,0.17,0,24,0,0,0,1.8571428571428572,0.0
7,3897,4,False,0,2025-02-24,0,0.0,0.05,0.07,0,24,0,0,0,1.7142857142857142,0.0
7,3899,4,False,0,2025-02-24,2,0.0,0.03,0.05,0,24,0,0,0,1.5714285714285714,0.0
7,3919,4,False,0,2025-02-24,1,0.0,0.07,0.1,0,24,0,0,0,1.4285714285714286,0.0
7,3921,4,False,0,2025-02-24,3,0.0,0.06,0.09,0,24,0,0,0,1.2857142857142858,0.0
7,3927,4,False,0,2025-02-24,0,0.0,0.03,0.04,0,24,0,0,0,1.7142857142857142,0.0
7,3929,4,False,0,2025-02-24,9,0.0,0.02,0.04,0,24,0,0,0,1.2857142857142858,0.0
7,3930,4,False,0,2025-02-24,1,0.0,0.04,0.06,0,24,0,0,0,2.2857142857142856,0.0
7,3936,4,False,0,2025-02-24,3,0.0,0.11,0.19,0,24,0,0,0,2.2857142857142856,0.0
7,3994,4,False,0,2025-02-24,2,0.0,0.08,0.1,0,24,0,0,0,2.7142857142857144,0.0
7,4000,4,False,0,2025-02-24,4,0.0,0.07,0.1,0,24,0,0,0,2.7142857142857144,0.0
7,4004,4,False,0,2025-02-24,0,0.0,0.01,0.02,0,24,0,0,0,3.142857142857143,0.0
7,4005,4,False,0,2025-02-24,1,1.0,0.03,0.06,0,24,0,0,0,2.7142857142857144,0.0
7,4024,4,False,0,2025-02-24,0,0.0,0.08,0.09,0,24,0,0,0,2.857142857142857,0.0
7,4042,4,False,0,2025-02-24,2,0.0,0.09,0.15,0,24,0,0,0,1.5714285714285714,0.0
7,4048,4,False,0,2025-02-24,2,0.0,0.03,0.04,0,24,0,0,0,1.7142857142857142,0.0
7,4050,4,False,0,2025-02-24,2,0.0,0.06,0.1,0,24,0,0,0,1.5714285714285714,0.0
7,4067,4,False,0,2025-02-24,2,0.0,0.01,0.01,0,24,0,0,0,1.5714285714285714,0.0
7,4080,4,False,0,2025-02-24,2,0.0,0.03,0.02,0,24,0,0,0,1.2857142857142858,0.0
7,4085,4,False,0,2025-02-24,3,0.0,0.03,0.05,0,24,0,0,0,1.5714285714285714,0.0
7,4099,4,False,0,2025-02-24,0,0.0,0.15,0.21,0,24,0,0,0,1.8571428571428572,0.0
7,4107,4,False,0,2025-02-24,0,0.0,0.01,0.02,0,24,0,0,0,1.8571428571428572,0.0
7,4110,4,False,0,2025-02-24,0,0.0,0.02,0.02,0,24,0,0,0,1.5714285714285714,0.0
7,4116,4,False,0,2025-02-24,0,0.0,0.04,0.06,0,24,0,0,0,1.2857142857142858,0.0
7,4127,4,False,0,2025-02-24,0,0.0,0.01,0.02,0,24,0,0,0,1.0,0.0
7,4130,4,False,0,2025-02-24,0,0.0,0.0,0.0,0,24,0,0,0,0.7142857142857143,0.0
7,4134,4,False,0,2025-02-24,1,0.0,0.03,0.05,0,24,0,0,0,0.42857142857142855,0.0
7,4139,4,False,0,2025-02-24,2,0.0,0.06,0.09,0,24,0,0,0,0.14285714285714285,0.0
7,4145,4,False,0,2025-02-24,0,0.0,0.02,0.02,0,24,0,0,0,0.42857142857142855,0.0
7,4147,4,False,0,2025-02-24,1,0.0,0.02,0.02,0,24,0,0,0,0.42857142857142855,0.0
7,4151,4,False,0,2025-02-24,2,0.0,0.07,0.08,0,24,0,0,0,0.5714285714285714,0.0
7,4152,4,False,0,2025-02-24,2,0.0,0.08,0.1,0,24,0,0,0,0.8571428571428571,0.0
7,4163,4,False,0,2025-02-24,0,0.0,0.01,0.02,0,24,0,0,0,1.1428571428571428,0.0
7,4166,4,False,0,2025-02-24,2,0.0,0.24,0.33,0,24,0,0,0,1.1428571428571428,0.0
7,4169,4,False,0,2025-02-24,2,0.0,0.05,0.08,0,24,0,0,0,1.2857142857142858,0.0
7,4174,4,False,0,2025-02-24,2,0.0,0.09,0.17,0,24,0,0,0,1.2857142857142858,0.0
7,4178,4,False,0,2025-02-24,1,0.0,0.06,0.08,0,24,0,0,0,1.5714285714285714,0.0
7,4209,4,False,0,2025-02-24,1,0.0,0.08,0.12,0,24,0,0,0,1.5714285714285714,0.0
7,4216,4,False,0,2025-02-24,8,0.0,0.02,0.03,0,24,0,0,0,1.4285714285714286,0.0
7,4218,4,False,0,2025-02-24,2,0.0,0.13,0.17,0,24,0,0,0,2.2857142857142856,0.0
7,4226,4,False,0,2025-02-24,3,0.0,0.05,0.08,0,24,0,0,0,2.5714285714285716,0.0
7,4235,4,False,0,2025-02-24,0,0.0,0.01,0.01,0,24,0,0,0,2.7142857142857144,0.0
7,4254,4,False,0,2025-02-24,2,0.0,0.05,0.1,0,24,0,0,0,2.4285714285714284,0.0
7,4266,4,False,0,2025-02-24,2,0.0,0.14,0.19,0,24,0,0,0,2.4285714285714284,0.0
7,4282,4,False,0,2025-02-24,3,0.0,0.05,0.09,0,24,0,0,0,2.5714285714285716,0.0
7,4287,4,False,0,2025-02-24,0,0.0,0.02,0.04,0,24,0,0,0,2.857142857142857,0.0
7,4294,4,False,0,2025-02-24,2,0.0,0.06,0.11,0,24,0,0,0,1.7142857142857142,0.0
7,4308,4,False,0,2025-02-24,3,0.0,0.12,0.17,0,24,0,0,0,1.7142857142857142,0.0
7,4309,4,False,0,2025-02-24,2,0.0,0.02,0.03,0,24,0,0,0,1.7142857142857142,0.0
7,4327,4,False,0,2025-02-24,2,0.0,0.07,0.11,0,24,0,0,0,2.0,0.0
7,4341,4,False,0,2025-02-24,5,0.0,0.01,0.01,0,24,0,0,0,2.0,0.0
7,4355,4,False,0,2025-02-24,4,0.0,0.03,0.04,0,24,0,0,0,2.4285714285714284,0.0
7,4358,4,False,0,2025-02-24,2,0.0,0.04,0.05,0,24,0,0,0,2.5714285714285716,0.0
7,4377,4,False,0,2025-02-24,3,0.0,0.04,0.05,0,24,0,0,0,2.857142857142857,0.0
7,4379,4,False,0,2025-02-24,0,0.0,0.08,0.11,0,24,0,0,0,3.0,0.0
7,4382,4,False,0,2025-02-24,1,0.0,0.14,0.23,0,24,0,0,0,2.5714285714285716,0.0
7,4389,4,False,0,2025-02-24,3,0.0,0.08,0.11,0,24,0,0,0,2.4285714285714284,0.0
7,4396,4,False,0,2025-02-24,0,0.0,0.05,0.08,0,24,0,0,0,2.5714285714285716,0.0
7,4399,4,False,0,2025-02-24,0,0.0,0.05,0.07,0,24,0,0,0,1.8571428571428572,0.0
7,4437,4,False,0,2025-02-24,1,0.0,0.06,0.08,0,24,0,0,0,1.2857142857142858,0.0
7,4448,4,False,0,2025-02-24,1,0.0,0.04,0.06,0,24,0,0,0,1.1428571428571428,0.0
7,4463,4,False,0,2025-02-24,2,0.0,0.12,0.18,0,24,0,0,0,0.8571428571428571,0.0
7,4471,4,False,0,2025-02-24,3,0.0,0.04,0.06,0,24,0,0,0,1.1428571428571428,0.0
7,4494,4,False,0,2025-02-24,1,0.0,0.06,0.06,0,24,0,0,0,1.4285714285714286,0.0
7,4498,4,False,0,2025-02-24,0,0.0,0.01,0.02,0,24,0,0,0,1.1428571428571428,0.0
7,4502,4,False,0,2025-02-24,0,0.0,0.01,0.02,0,24,0,0,0,1.1428571428571428,0.0
7,4509,4,False,0,2025-02-24,1,0.0,0.06,0.1,0,24,0,0,0,1.1428571428571428,0.0
7,4510,4,False,0,2025-02-24,1,0.0,0.07,0.09,0,24,0,0,0,1.1428571428571428,0.0
7,4514,4,False,0,2025-02-24,0,0.0,0.05,0.08,0,24,0,0,0,1.1428571428571428,0.0
7,4528,4,False,0,2025-02-24,1,0.0,0.11,0.14,0,24,0,0,0,0.8571428571428571,0.0
7,4529,4,False,0,2025-02-24,2,0.0,0.03,0.03,0,24,0,0,0,0.5714285714285714,0.0
7,4534,4,False,0,2025-02-24,2,0.0,0.02,0.03,0,24,0,0,0,0.7142857142857143,0.0
7,4541,4,False,0,2025-02-24,1,0.0,0.17,0.24,0,24,0,0,0,1.0,0.0
7,4556,4,False,0,2025-02-24,1,0.0,0.07,0.1,0,24,0,0,0,1.1428571428571428,0.0
7,4557,4,False,0,2025-02-24,2,0.0,0.1,0.1,0,24,0,0,0,1.1428571428571428,0.0
7,4559,4,False,0,2025-02-24,3,0.0,0.02,0.04,0,24,0,0,0,1.2857142857142858,0.0
7,4579,4,False,0,2025-02-24,1,0.0,0.12,0.17,0,24,0,0,0,1.7142857142857142,0.0
7,4589,4,False,0,2025-02-24,1,0.0,0.02,0.04,0,24,0,0,0,1.7142857142857142,0.0
7,4600,4,False,0,2025-02-24,2,0.0,0.05,0.07,0,24,0,0,0,1.5714285714285714,0.0
7,4634,4,False,0,2025-02-24,2,0.0,0.07,0.12,0,24,0,0,0,1.5714285714285714,0.0
7,4646,4,False,0,2025-02-24,1,0.0,0.02,0.04,0,24,0,0,0,1.7142857142857142,0.0
7,4649,4,False,0,2025-02-24,2,0.0,0.09,0.14,0,24,0,0,0,1.7142857142857142,0.0
7,4657,4,False,0,2025-02-24,3,0.0,0.05,0.07,0,24,0,0,0,1.7142857142857142,0.0
7,4684,4,False,0,2025-02-24,2,0.0,0.01,0.02,0,24,0,0,0,1.7142857142857142,0.0
7,4692,4,False,0,2025-02-24,0,0.0,0.08,0.1,0,24,0,0,0,1.8571428571428572,0.0
7,4714,4,False,0,2025-02-24,1,0.0,0.04,0.06,0,24,0,0,0,1.7142857142857142,0.0
7,4718,4,False,0,2025-02-24,1,0.0,0.06,0.13,0,24,0,0,0,1.5714285714285714,0.0
7,4721,4,False,0,2025-02-24,0,0.0,0.01,0.01,0,24,0,0,0,1.4285714285714286,0.0
7,4724,4,False,0,2025-02-24,0,0.0,0.02,0.04,0,24,0,0,0,1.2857142857142858,0.0
7,4739,4,False,0,2025-02-24,0,0.0,0.01,0.02,0,24,0,0,0,1.0,0.0
7,4743,4,False,0,2025-02-24,2,0.0,0.07,0.08,0,24,0,0,0,0.5714285714285714,0.0
7,4758,4,False,0,2025-02-24,1,0.0,0.03,0.04,0,24,0,0,0,0.5714285714285714,0.0
7,4764,4,False,0,2025-02-24,2,0.0,0.03,0.05,0,24,0,0,0,0.7142857142857143,0.0
7,4798,4,False,0,2025-02-24,6,0.0,0.05,0.07,0,24,0,0,0,0.8571428571428571,0.0
7,4815,4,False,0,2025-02-24,2,0.0,0.09,0.13,0,24,0,0,0,1.5714285714285714,0.0
7,4817,4,False,0,2025-02-24,0,0.0,0.04,0.06,0,24,0,0,0,1.8571428571428572,0.0
7,4821,4,False,0,2025-02-24,0,0.0,0.02,0.02,0,24,0,0,0,1.8571428571428572,0.0
7,4825,4,False,0,2025-02-24,2,0.0,0.11,0.2,0,24,0,0,0,1.8571428571428572,0.0
7,4837,4,False,0,2025-02-24,2,0.0,0.09,0.1,0,24,0,0,0,1.8571428571428572,0.0
7,4840,4,False,0,2025-02-24,0,0.0,0.04,0.06,0,24,0,0,0,2.0,0.0
7,4843,4,False,0,2025-02-24,0,0.0,0.05,0.06,0,24,0,0,0,1.7142857142857142,0.0
7,4857,4,False,0,2025-02-24,1,0.0,0.08,0.11,0,24,0,0,0,0.8571428571428571,0.0
7,4877,4,False,0,2025-02-24,0,0.0,0.13,0.13,0,24,0,0,0,0.7142857142857143,0.0
7,4879,4,False,0,2025-02-24,1,0.0,0.09,0.13,0,24,0,0,0,0.7142857142857143,0.0
7,4902,4,False,0,2025-02-24,0,0.0,0.02,0.03,0,24,0,0,0,0.8571428571428571,0.0
7,4912,4,False,0,2025-02-24,3,0.0,0.03,0.04,0,24,0,0,0,0.5714285714285714,0.0
7,4913,4,False,0,2025-02-24,3,0.0,0.04,0.04,0,24,0,0,0,0.7142857142857143,0.0
7,4914,4,False,0,2025-02-24,0,0.0,0.05,0.05,0,24,0,0,0,1.1428571428571428,0.0
7,4944,4,False,0,2025-02-24,2,0.0,0.05,0.07,0,24,0,0,0,1.1428571428571428,0.0
7,4945,4,False,0,2025-02-24,3,0.0,0.07,0.09,0,24,0,0,0,1.2857142857142858,0.0
7,4956,4,False,0,2025-02-24,4,0.0,0.03,0.05,0,24,0,0,0,1.7142857142857142,0.0
7,4985,4,False,0,2025-02-24,3,0.0,0.07,0.11,0,24,0,0,0,2.142857142857143,0.0
7,4990,4,False,0,2025-02-24,0,0.0,0.0,0.0,0,24,0,0,0,2.5714285714285716,0.0
7,5003,4,False,0,2025-02-24,0,0.0,0.02,0.03,0,24,0,0,0,2.142857142857143,0.0
7,5014,4,False,0,2025-02-24,2,0.0,0.11,0.16,0,24,0,0,0,1.7142857142857142,0.0
7,5017,4,False,0,2025-02-24,2,0.0,0.06,0.07,0,24,0,0,0,2.0,0.0
7,5020,4,False,0,2025-02-24,2,0.0,0.04,0.06,0,24,0,0,0,2.0,0.0
7,5030,4,False,0,2025-02-24,2,0.0,0.05,0.08,0,24,0,0,0,1.8571428571428572,0.0
7,5044,4,False,0,2025-02-24,0,0.0,0.04,0.06,0,24,0,0,0,1.5714285714285714,0.0
7,5054,4,False,0,2025-02-24,2,0.0,0.09,0.12,0,24,0,0,0,1.1428571428571428,0.0
7,5067,4,False,0,2025-02-24,1,0.0,0.02,0.04,0,24,0,0,0,1.4285714285714286,0.0
7,5071,4,False,0,2025-02-24,0,0.0,0.01,0.01,0,24,0,0,0,1.5714285714285714,0.0
7,5072,4,False,0,2025-02-24,3,0.0,0.04,0.05,0,24,0,0,0,1.2857142857142858,0.0
7,5077,4,False,0,2025-02-24,3,0.0,0.03,0.05,0,24,0,0,0,1.4285714285714286,0.0
7,5083,4,False,0,2025-02-24,2,0.0,0.07,0.07,0,24,0,0,0,1.5714285714285714,0.0
7,5089,4,False,0,2025-02-24,0,0.0,0.05,0.07,0,24,0,0,0,1.5714285714285714,0.0
7,5099,4,False,0,2025-02-24,3,0.0,0.04,0.05,0,24,0,0,0,1.5714285714285714,0.0
7,5121,4,False,0,2025-02-24,1,0.0,0.03,0.03,0,24,0,0,0,1.7142857142857142,0.0
7,5132,4,False,0,2025-02-24,1,0.0,0.02,0.04,0,24,0,0,0,1.7142857142857142,0.0
7,5134,4,False,0,2025-02-24,2,0.0,0.03,0.03,0,24,0,0,0,1.8571428571428572,0.0
7,5136,4,False,0,2025-02-24,0,0.0,0.07,0.07,0,24,0,0,0,1.7142857142857142,0.0
7,5181,4,False,0,2025-02-24,3,0.0,0.01,0.01,0,24,0,0,0,1.2857142857142858,0.0
7,5187,4,False,0,2025-02-24,3,0.0,0.05,0.07,0,24,0,0,0,1.4285714285714286,0.0
7,5194,4,False,0,2025-02-24,0,0.0,0.03,0.04,0,24,0,0,0,1.8571428571428572,0.0
7,5200,4,False,0,2025-02-24,0,0.0,0.08,0.1,0,24,0,0,0,1.4285714285714286,0.0
7,5213,4,False,0,2025-02-24,3,0.0,0.01,0.02,0,24,0,0,0,1.2857142857142858,0.0
7,5214,4,False,0,2025-02-24,1,0.0,0.04,0.06,0,24,0,0,0,1.5714285714285714,0.0
7,5220,4,False,0,2025-02-24,0,0.0,0.03,0.05,0,24,0,0,0,1.4285714285714286,0.0
7,5227,4,False,0,2025-02-24,2,0.0,0.02,0.02,0,24,0,0,0,1.4285714285714286,0.0
7,5231,4,False,0,2025-02-24,0,0.0,0.02,0.03,0,24,0,0,0,1.2857142857142858,0.0
7,5233,4,False,0,2025-02-24,1,0.0,0.04,0.04,0,24,0,0,0,0.8571428571428571,0.0
7,5237,4,False,0,2025-02-24,0,0.0,0.07,0.12,0,24,0,0,0,1.0,0.0
7,5243,4,False,0,2025-02-24,3,0.0,0.04,0.06,0,24,0,0,0,1.0,0.0
7,5251,4,False,0,2025-02-24,1,0.0,0.02,0.03,0,24,0,0,0,1.0,0.0
7,5258,4,False,0,2025-02-24,1,0.0,0.05,0.1,0,24,0,0,0,1.0,0.0
7,5271,4,False,0,2025-02-24,1,0.0,0.02,0.03,0,24,0,0,0,1.1428571428571428,0.0
7,20,5,True,0,2025-02-24,0,0.0,0.01,0.04,0,24,0,0,0,1.0,0.0
7,104,5,True,0,2025-02-24,2,0.0,0.04,0.07,0,24,0,0,0,1.0,0.0
7,160,5,True,0,2025-02-24,0,0.0,0.06,0.09,0,24,0,0,0,1.1428571428571428,0.0
7,297,5,True,0,2025-02-24,0,0.0,0.02,0.02,0,24,0,0,0,1.1428571428571428,0.0
7,358,5,True,0,2025-02-24,1,0.0,0.03,0.08,0,24,0,0,0,0.7142857142857143,0.0
7,387,5,True,0,2025-02-24,0,0.0,0.02,0.06,0,24,0,0,0,0.7142857142857143,0.0
7,410,5,True,0,2025-02-24,0,0.0,0.03,0.05,0,24,0,0,0,0.5714285714285714,0.0
7,433,5,True,0,2025-02-24,0,0.0,0.07,0.08,0,24,0,0,0,0.42857142857142855,0.0
7,445,5,True,0,2025-02-24,0,0.0,0.04,0.06,0,24,0,0,0,0.42857142857142855,0.0
7,478,5,True,0,2025-02-24,0,0.0,0.03,0.07,0,24,0,0,0,0.14285714285714285,0.0
7,504,5,True,0,2025-02-24,0,0.0,0.02,0.04,0,24,0,0,0,0.14285714285714285,0.0
7,522,5,True,0,2025-02-24,0,0.0,0.02,0.06,0,24,0,0,0,0.14285714285714285,0.0
7,531,5,True,0,2025-02-24,0,0.0,0.03,0.1,0,24,0,0,0,0.0,0.0
7,539,5,True,0,2025-02-24,1,0.0,0.02,0.04,0,24,0,0,0,0.0,0.0
7,557,5,True,0,2025-02-24,4,0.0,0.04,0.08,0,24,0,0,0,0.14285714285714285,0.0
7,791,5,True,0,2025-02-24,6,0.0,0.01,0.05,0,24,0,0,0,0.7142857142857143,0.0
7,837,5,True,0,2025-02-24,0,0.0,0.07,0.16,0,24,0,0,0,1.5714285714285714,0.0
7,866,5,True,0,2025-02-24,0,0.0,0.05,0.07,0,24,0,0,0,1.5714285714285714,0.0
7,1062,5,True,0,2025-02-24,3,0.0,0.01,0.02,0,24,0,0,0,1.5714285714285714,0.0
7,1070,5,True,0,2025-02-24,1,0.0,0.03,0.08,0,24,0,0,0,2.0,0.0
7,1079,5,True,0,2025-02-24,0,0.0,0.02,0.05,0,24,0,0,0,2.142857142857143,0.0
7,1104,5,True,0,2025-02-24,0,0.0,0.03,0.09,0,24,0,0,0,2.0,0.0
7,1179,5,True,0,2025-02-24,0,0.0,0.13,0.18,0,24,0,0,0,1.4285714285714286,0.0
7,1244,5,True,0,2025-02-24,1,0.0,0.04,0.32,0,24,0,0,0,0.5714285714285714,0.0
7,1260,5,True,0,2025-02-24,0,0.0,0.06,0.12,0,24,0,0,0,0.7142857142857143,0.0
7,1289,5,True,0,2025-02-24,0,0.0,0.04,0.08,0,24,0,0,0,0.7142857142857143,0.0
7,1324,5,True,0,2025-02-24,4,0.0,0.01,0.03,0,24,0,0,0,0.2857142857142857,0.0
7,1356,5,True,0,2025-02-24,1,0.0,0.01,0.03,0,24,0,0,0,0.7142857142857143,0.0
7,1426,5,True,0,2025-02-24,3,0.0,0.02,0.04,0,24,0,0,0,0.8571428571428571,0.0
7,1480,5,True,0,2025-02-24,0,0.0,0.03,0.07,0,24,0,0,0,1.2857142857142858,0.0
7,1522,5,True,0,2025-02-24,0,0.0,0.02,0.07,0,24,0,0,0,1.2857142857142858,0.0
7,1538,5,True,0,2025-02-24,0,0.0,0.0,0.0,0,24,0,0,0,1.1428571428571428,0.0
7,1586,5,True,0,2025-02-24,0,0.0,0.03,0.06,0,24,0,0,0,1.1428571428571428,0.0
7,1588,5,True,0,2025-02-24,0,0.0,0.06,0.13,0,24,0,0,0,1.1428571428571428,0.0
7,1617,5,True,0,2025-02-24,8,0.0,0.01,0.04,0,24,0,0,0,0.5714285714285714,0.0
7,1662,5,True,0,2025-02-24,0,0.0,0.05,0.08,0,24,0,0,0,1.5714285714285714,0.0
7,1695,5,True,0,2025-02-24,0,0.0,0.03,0.09,0,24,0,0,0,1.1428571428571428,0.0
7,1723,5,True,0,2025-02-24,1,0.0,0.01,0.03,0,24,0,0,0,1.1428571428571428,0.0
7,1763,5,True,0,2025-02-24,0,0.0,0.03,0.06,0,24,0,0,0,1.2857142857142858,0.0
7,1765,5,True,0,2025-02-24,0,0.0,0.02,0.06,0,24,0,0,0,1.2857142857142858,0.0
7,1770,5,True,0,2025-02-24,1,0.0,0.01,0.04,0,24,0,0,0,1.2857142857142858,0.0
7,1772,5,True,0,2025-02-24,0,0.0,0.06,0.06,0,24,0,0,0,1.4285714285714286,0.0
7,1778,5,True,0,2025-02-24,1,0.0,0.03,0.05,0,24,0,0,0,0.2857142857142857,0.0
7,1887,5,True,0,2025-02-24,0,0.0,0.03,0.05,0,24,0,0,0,0.42857142857142855,0.0
7,1893,5,True,0,2025-02-24,0,0.0,0.03,0.04,0,24,0,0,0,0.42857142857142855,0.0
7,1971,5,True,0,2025-02-24,3,0.0,0.04,0.12,0,24,0,0,0,0.2857142857142857,0.0
7,2031,5,True,0,2025-02-24,0,0.0,0.0,0.01,0,24,0,0,0,0.7142857142857143,0.0
7,2090,5,True,0,2025-02-24,0,0.0,0.01,0.03,0,24,0,0,0,0.7142857142857143,0.0
7,2205,5,True,0,2025-02-24,3,0.0,0.09,0.15,0,24,0,0,0,0.5714285714285714,0.0
7,2361,5,True,0,2025-02-24,0,0.0,0.05,0.09,0,24,0,0,0,1.0,0.0
7,2441,5,True,0,2025-02-24,0,0.0,0.05,0.07,0,24,0,0,0,0.8571428571428571,0.0
7,2484,5,True,0,2025-02-24,1,0.0,0.07,0.09,0,24,0,0,0,0.8571428571428571,0.0
7,2513,5,True,0,2025-02-24,1,0.0,0.1,0.14,0,24,0,0,0,1.0,0.0
7,2520,5,True,0,2025-02-24,0,0.0,0.01,0.02,0,24,0,0,0,0.7142857142857143,0.0
7,2607,5,True,0,2025-02-24,0,0.0,0.01,0.04,0,24,0,0,0,0.7142857142857143,0.0
7,2705,5,True,0,2025-02-24,0,0.0,0.02,0.03,0,24,0,0,0,0.7142857142857143,0.0
7,2726,5,True,0,2025-02-24,0,0.0,0.03,0.06,0,24,0,0,0,0.2857142857142857,0.0
7,2765,5,True,0,2025-02-24,2,0.0,0.06,0.05,0,24,0,0,0,0.2857142857142857,0.0
7,2942,5,True,0,2025-02-24,0,0.0,0.03,0.08,0,24,0,0,0,0.5714285714285714,0.0
7,3016,5,True,0,2025-02-24,1,0.0,0.03,0.06,0,24,0,0,0,0.42857142857142855,0.0
7,3091,5,True,0,2025-02-24,0,0.0,0.11,0.15,0,24,0,0,0,0.42857142857142855,0.0
7,3215,5,True,0,2025-02-24,0,0.0,0.04,0.07,0,24,0,0,0,0.42857142857142855,0.0
7,3221,5,True,0,2025-02-24,4,0.0,0.01,0.03,0,24,0,0,0,0.42857142857142855,0.0
7,3304,5,True,0,2025-02-24,0,0.0,0.09,0.1,0,24,0,0,0,1.0,0.0
7,3370,5,True,0,2025-02-24,3,0.0,0.05,0.07,0,24,0,0,0,1.0,0.0
7,3388,5,True,0,2025-02-24,1,0.0,0.08,0.13,0,24,0,0,0,1.1428571428571428,0.0
7,3431,5,True,0,2025-02-24,1,0.0,0.02,0.05,0,24,0,0,0,1.2857142857142858,0.0
7,3438,5,True,0,2025-02-24,0,0.0,0.04,0.07,0,24,0,0,0,1.2857142857142858,0.0
7,3524,5,True,0,2025-02-24,3,0.0,0.03,0.06,0,24,0,0,0,1.2857142857142858,0.0
7,3561,5,True,0,2025-02-24,0,0.0,0.04,0.08,0,24,0,0,0,1.7142857142857142,0.0
7,3596,5,True,0,2025-02-24,0,0.0,0.04,0.08,0,24,0,0,0,1.1428571428571428,0.0
7,3658,5,True,0,2025-02-24,1,0.0,0.07,0.13,0,24,0,0,0,1.1428571428571428,0.0
7,3683,5,True,0,2025-02-24,0,0.0,0.07,0.12,0,24,0,0,0,0.8571428571428571,0.0
7,3706,5,True,0,2025-02-24,0,0.0,0.03,0.04,0,24,0,0,0,0.7142857142857143,0.0
7,3713,5,True,0,2025-02-24,1,0.0,0.03,0.05,0,24,0,0,0,0.5714285714285714,0.0
7,3724,5,True,0,2025-02-24,0,0.0,0.02,0.04,0,24,0,0,0,0.7142857142857143,0.0
7,3855,5,True,0,2025-02-24,0,0.0,0.01,0.05,0,24,0,0,0,0.2857142857142857,0.0
7,3880,5,True,0,2025-02-24,3,0.0,0.02,0.07,0,24,0,0,0,0.2857142857142857,0.0
7,3907,5,True,0,2025-02-24,0,0.0,0.04,0.09,0,24,0,0,0,0.7142857142857143,0.0
7,3923,5,True,0,2025-02-24,0,0.0,0.02,0.04,0,24,0,0,0,0.5714285714285714,0.0
7,3958,5,True,0,2025-02-24,0,0.0,0.01,0.05,0,24,0,0,0,0.5714285714285714,0.0
7,3999,5,True,0,2025-02-24,0,0.0,0.18,0.29,0,24,0,0,0,0.5714285714285714,0.0
7,4066,5,True,0,2025-02-24,1,0.0,0.12,0.16,0,24,0,0,0,0.42857142857142855,0.0
7,4092,5,True,0,2025-02-24,0,0.0,0.06,0.07,0,24,0,0,0,0.5714285714285714,0.0
7,4241,5,True,0,2025-02-24,0,0.0,0.06,0.09,0,24,0,0,0,0.5714285714285714,0.0
7,4345,5,True,0,2025-02-24,0,0.0,0.03,0.05,0,24,0,0,0,0.14285714285714285,0.0
7,4384,5,True,0,2025-02-24,0,0.0,0.11,0.18,0,24,0,0,0,0.14285714285714285,0.0
7,4385,5,True,0,2025-02-24,2,0.0,0.01,0.01,0,24,0,0,0,0.14285714285714285,0.0
7,4401,5,True,0,2025-02-24,4,0.0,0.04,0.07,0,24,0,0,0,0.42857142857142855,0.0
7,4511,5,True,0,2025-02-24,2,0.0,0.02,0.03,0,24,0,0,0,1.0,0.0
7,4581,5,True,0,2025-02-24,0,0.0,0.01,0.06,0,24,0,0,0,1.1428571428571428,0.0
7,4678,5,True,0,2025-02-24,0,0.0,0.0,0.02,0,24,0,0,0,1.1428571428571428,0.0
7,4735,5,True,0,2025-02-24,0,0.0,0.03,0.06,0,24,0,0,0,1.1428571428571428,0.0
7,4756,5,True,0,2025-02-24,0,0.0,0.02,0.03,0,24,0,0,0,1.1428571428571428,0.0
7,4761,5,True,0,2025-02-24,0,0.0,0.02,0.03,0,24,0,0,0,1.1428571428571428,0.0
7,4812,5,True,0,2025-02-24,0,0.0,0.03,0.09,0,24,0,0,0,0.8571428571428571,0.0
7,4832,5,True,0,2025-02-24,0,0.0,0.06,0.06,0,24,0,0,0,0.2857142857142857,0.0
7,4856,5,True,0,2025-02-24,2,0.0,0.16,0.24,0,24,0,0,0,0.0,0.0
7,4874,5,True,0,2025-02-24,3,0.0,0.1,0.18,0,24,0,0,0,0.2857142857142857,0.0
7,4897,5,True,0,2025-02-24,0,0.0,0.02,0.04,0,24,0,0,0,0.7142857142857143,0.0
7,4951,5,True,0,2025-02-24,1,0.0,0.01,0.06,0,24,0,0,0,0.7142857142857143,0.0
7,5108,5,True,0,2025-02-24,6,0.0,0.03,0.07,0,24,0,0,0,0.8571428571428571,0.0
7,5127,5,True,0,2025-02-24,1,0.0,0.12,0.16,0,24,0,0,0,1.7142857142857142,0.0
7,5207,5,True,0,2025-02-24,0,0.0,0.01,0.03,0,24,0,0,0,1.8571428571428572,0.0
7,5244,5,True,0,2025-02-24,0,0.0,0.03,0.07,0,24,0,0,0,1.8571428571428572,0.0
7,69,6,False,0,2025-02-24,2,0.0,0.12,0.2,0,24,0,0,0,1.5714285714285714,0.0
7,142,6,False,0,2025-02-24,1,0.0,0.17,0.25,0,24,0,0,0,1.4285714285714286,0.0
7,315,6,False,0,2025-02-24,0,0.0,0.46,0.69,0,24,0,0,0,1.5714285714285714,0.0
7,627,6,False,0,2025-02-24,0,0.0,0.17,0.17,0,24,0,0,0,1.4285714285714286,0.0
7,646,6,False,0,2025-02-24,1,0.0,0.2,0.23,0,24,0,0,0,0.5714285714285714,0.0
7,739,6,False,0,2025-02-24,0,0.0,0.17,0.25,0,24,0,0,0,0.5714285714285714,0.0
7,811,6,False,0,2025-02-24,0,0.0,0.13,0.18,0,24,0,0,0,0.5714285714285714,0.0
7,862,6,False,0,2025-02-24,0,0.0,0.19,0.25,0,24,0,0,0,0.5714285714285714,0.0
7,931,6,False,0,2025-02-24,2,0.0,0.15,0.26,0,24,0,0,0,0.2857142857142857,0.0
7,938,6,False,0,2025-02-24,0,0.0,0.08,0.13,0,24,0,0,0,0.42857142857142855,0.0
7,951,6,False,0,2025-02-24,1,0.0,0.1,0.16,0,24,0,0,0,0.42857142857142855,0.0
7,1019,6,False,0,2025-02-24,0,0.0,0.1,0.12,0,24,0,0,0,0.5714285714285714,0.0
7,1024,6,False,0,2025-02-24,0,0.0,0.1,0.13,0,24,0,0,0,0.42857142857142855,0.0
7,1029,6,False,0,2025-02-24,0,0.0,0.12,0.17,0,24,0,0,0,0.42857142857142855,0.0
7,1136,6,False,0,2025-02-24,1,0.0,0.08,0.15,0,24,0,0,0,0.42857142857142855,0.0
7,1188,6,False,0,2025-02-24,0,0.0,0.09,0.11,0,24,0,0,0,0.5714285714285714,0.0
7,1203,6,False,0,2025-02-24,1,0.0,0.17,0.22,0,24,0,0,0,0.2857142857142857,0.0
7,1204,6,False,0,2025-02-24,1,0.0,0.14,0.23,0,24,0,0,0,0.42857142857142855,0.0
7,1225,6,False,0,2025-02-24,1,0.0,0.17,0.25,0,24,0,0,0,0.42857142857142855,0.0
7,1269,6,False,0,2025-02-24,0,0.0,0.12,0.16,0,24,0,0,0,0.5714285714285714,0.0
7,1326,6,False,0,2025-02-24,0,0.0,0.44,0.53,0,24,0,0,0,0.5714285714285714,0.0
7,1328,6,False,0,2025-02-24,0,0.0,0.36,0.37,0,24,0,0,0,0.5714285714285714,0.0
7,1403,6,False,0,2025-02-24,1,0.0,0.06,0.09,0,24,0,0,0,0.42857142857142855,0.0
7,1457,6,False,0,2025-02-24,1,0.0,0.4,0.56,0,24,0,0,0,0.5714285714285714,0.0
7,1476,6,False,0,2025-02-24,1,0.0,0.17,0.24,0,24,0,0,0,0.5714285714285714,0.0
7,1562,6,False,0,2025-02-24,0,0.0,0.08,0.13,0,24,0,0,0,0.5714285714285714,0.0
7,1616,6,False,0,2025-02-24,3,0.0,0.18,0.26,0,24,0,0,0,0.42857142857142855,0.0
7,1741,6,False,0,2025-02-24,0,0.0,0.09,0.12,0,24,0,0,0,0.8571428571428571,0.0
7,1760,6,False,0,2025-02-24,0,0.0,0.4,0.56,0,24,0,0,0,0.8571428571428571,0.0
7,1762,6,False,0,2025-02-24,0,0.0,0.09,0.11,0,24,0,0,0,0.8571428571428571,0.0
7,1821,6,False,0,2025-02-24,0,0.0,0.36,0.36,0,24,0,0,0,0.7142857142857143,0.0
7,1829,6,False,0,2025-02-24,0,0.0,0.08,0.12,0,24,0,0,0,0.5714285714285714,0.0
7,1878,6,False,0,2025-02-24,0,0.0,0.4,0.48,0,24,0,0,0,0.42857142857142855,0.0
7,2046,6,False,0,2025-02-24,1,0.0,0.36,0.49,0,24,0,0,0,0.42857142857142855,0.0
7,2346,6,False,0,2025-02-24,0,0.0,0.09,0.14,0,24,0,0,0,0.14285714285714285,0.0
7,2471,6,False,0,2025-02-24,0,0.0,0.17,0.17,0,24,0,0,0,0.14285714285714285,0.0
7,2482,6,False,0,2025-02-24,1,0.0,0.35,0.49,0,24,0,0,0,0.14285714285714285,0.0
7,2514,6,False,0,2025-02-24,5,0.0,0.18,0.16,0,24,0,0,0,0.2857142857142857,0.0
7,2516,6,False,0,2025-02-24,0,0.0,0.24,0.38,0,24,0,0,0,1.0,0.0
7,2587,6,False,0,2025-02-24,0,0.0,0.12,0.17,0,24,0,0,0,1.0,0.0
7,2789,6,False,0,2025-02-24,0,0.0,0.13,0.18,0,24,0,0,0,1.0,0.0
7,2846,6,False,0,2025-02-24,0,0.0,0.12,0.17,0,24,0,0,0,0.8571428571428571,0.0
7,3070,6,False,0,2025-02-24,0,0.0,0.21,0.23,0,24,0,0,0,0.8571428571428571,0.0
7,3076,6,False,0,2025-02-24,0,0.0,0.22,0.24,0,24,0,0,0,0.8571428571428571,0.0
7,3144,6,False,0,2025-02-24,0,0.0,0.26,0.37,0,24,0,0,0,0.7142857142857143,0.0
7,3151,6,False,0,2025-02-24,1,0.0,0.19,0.24,0,24,0,0,0,0.0,0.0
7,3154,6,False,0,2025-02-24,1,1.0,0.12,0.22,0,24,0,0,0,0.14285714285714285,0.0
7,3399,6,False,0,2025-02-24,0,0.0,0.13,0.14,0,24,0,0,0,0.2857142857142857,0.0
7,3480,6,False,0,2025-02-24,0,0.0,0.18,0.18,0,24,0,0,0,0.2857142857142857,0.0
7,3486,6,False,0,2025-02-24,0,0.0,0.49,0.62,0,24,0,0,0,0.2857142857142857,0.0
7,3533,6,False,0,2025-02-24,0,0.0,0.21,0.34,0,24,0,0,0,0.2857142857142857,0.0
7,3623,6,False,0,2025-02-24,1,0.0,0.17,0.28,0,24,0,0,0,0.2857142857142857,0.0
7,3626,6,False,0,2025-02-24,0,0.0,0.12,0.21,0,24,0,0,0,0.42857142857142855,0.0
7,3634,6,False,0,2025-02-24,0,0.0,0.12,0.18,0,24,0,0,0,0.2857142857142857,0.0
7,3719,6,False,0,2025-02-24,0,0.0,0.42,0.49,0,24,0,0,0,0.14285714285714285,0.0
7,3737,6,False,0,2025-02-24,0,0.0,0.19,0.24,0,24,0,0,0,0.14285714285714285,0.0
7,3840,6,False,0,2025-02-24,0,0.0,0.09,0.1,0,24,0,0,0,0.14285714285714285,0.0
7,3926,6,False,0,2025-02-24,1,0.0,0.14,0.22,0,24,0,0,0,0.14285714285714285,0.0
7,3945,6,False,0,2025-02-24,1,0.0,0.09,0.14,0,24,0,0,0,0.2857142857142857,0.0
7,4443,6,False,0,2025-02-24,0,0.0,0.25,0.35,0,24,0,0,0,0.2857142857142857,0.0
7,4545,6,False,0,2025-02-24,0,0.0,0.21,0.3,0,24,0,0,0,0.2857142857142857,0.0
7,4805,6,False,0,2025-02-24,1,0.0,0.16,0.23,0,24,0,0,0,0.2857142857142857,0.0
7,4965,6,False,0,2025-02-24,5,0.0,0.17,0.26,0,24,0,0,0,0.42857142857142855,0.0
7,5053,6,False,0,2025-02-24,2,0.0,0.54,0.78,0,24,0,0,0,1.1428571428571428,0.0
7,5160,6,False,0,2025-02-24,0,0.0,0.17,0.16,0,24,0,0,0,1.4285714285714286,0.0
7,62,7,False,0,2025-02-24,1,0.0,0.02,0.04,0,24,0,0,0,1.2857142857142858,0.0
7,77,7,False,0,2025-02-24,0,0.0,0.0,0.0,0,24,0,0,0,1.2857142857142858,0.0
7,98,7,False,0,2025-02-24,2,0.0,0.04,0.07,0,24,0,0,0,1.2857142857142858,0.0
7,113,7,False,0,2025-02-24,2,0.0,0.02,0.03,0,24,0,0,0,1.5714285714285714,0.0
7,184,7,False,0,2025-02-24,1,0.0,0.17,0.23,0,24,0,0,0,1.7142857142857142,0.0
7,194,7,False,0,2025-02-24,0,0.0,0.01,0.01,0,24,0,0,0,1.1428571428571428,0.0
7,265,7,False,0,2025-02-24,0,0.0,0.04,0.05,0,24,0,0,0,0.8571428571428571,0.0
7,364,7,False,0,2025-02-24,0,0.0,0.24,0.36,0,24,0,0,0,0.8571428571428571,0.0
7,391,7,False,0,2025-02-24,0,0.0,0.02,0.03,0,24,0,0,0,0.7142857142857143,0.0
7,394,7,False,0,2025-02-24,1,0.0,0.04,0.07,0,24,0,0,0,0.7142857142857143,0.0
7,405,7,False,0,2025-02-24,4,0.0,0.02,0.03,0,24,0,0,0,0.5714285714285714,0.0
7,462,7,False,0,2025-02-24,1,0.0,0.33,0.4,0,24,0,0,0,0.8571428571428571,0.0
7,466,7,False,0,2025-02-24,3,0.0,0.03,0.06,0,24,0,0,0,0.8571428571428571,0.0
7,519,7,False,0,2025-02-24,2,0.0,0.03,0.06,0,24,0,0,0,1.2857142857142858,0.0
7,568,7,False,0,2025-02-24,0,0.0,0.0,0.0,0,24,0,0,0,1.5714285714285714,0.0
7,588,7,False,0,2025-02-24,1,0.0,0.11,0.15,0,24,0,0,0,1.5714285714285714,0.0
7,704,7,False,0,2025-02-24,0,0.0,0.07,0.08,0,24,0,0,0,1.7142857142857142,0.0
7,788,7,False,0,2025-02-24,0,0.0,0.0,0.0,0,24,0,0,0,1.5714285714285714,0.0
7,888,7,False,0,2025-02-24,1,0.0,0.06,0.08,0,24,0,0,0,1.0,0.0
7,911,7,False,0,2025-02-24,1,0.0,0.25,0.46,0,24,0,0,0,1.0,0.0
7,935,7,False,0,2025-02-24,1,0.0,0.03,0.05,0,24,0,0,0,0.7142857142857143,0.0
7,945,7,False,0,2025-02-24,1,0.0,0.04,0.06,0,24,0,0,0,0.5714285714285714,0.0
7,954,7,False,0,2025-02-24,1,0.0,0.11,0.13,0,24,0,0,0,0.7142857142857143,0.0
7,968,7,False,0,2025-02-24,0,0.0,0.02,0.02,0,24,0,0,0,0.7142857142857143,0.0
7,1051,7,False,0,2025-02-24,1,0.0,0.04,0.06,0,24,0,0,0,0.7142857142857143,0.0
7,1055,7,False,0,2025-02-24,1,0.0,0.11,0.15,0,24,0,0,0,0.8571428571428571,0.0
7,1147,7,False,0,2025-02-24,1,0.0,0.11,0.15,0,24,0,0,0,0.8571428571428571,0.0
7,1186,7,False,0,2025-02-24,0,0.0,0.38,0.45,0,24,0,0,0,0.8571428571428571,0.0
7,1233,7,False,0,2025-02-24,1,0.0,0.07,0.11,0,24,0,0,0,0.7142857142857143,0.0
7,1264,7,False,0,2025-02-24,0,0.0,0.0,0.0,0,24,0,0,0,0.7142857142857143,0.0
7,1302,7,False,0,2025-02-24,0,0.0,0.26,0.39,0,24,0,0,0,0.5714285714285714,0.0
7,1362,7,False,0,2025-02-24,0,0.0,0.05,0.06,0,24,0,0,0,0.5714285714285714,0.0
7,1581,7,False,0,2025-02-24,0,0.0,0.04,0.06,0,24,0,0,0,0.42857142857142855,0.0
7,1679,7,False,0,2025-02-24,1,0.0,0.07,0.1,0,24,0,0,0,0.2857142857142857,0.0
7,1704,7,False,0,2025-02-24,1,0.0,0.07,0.09,0,24,0,0,0,0.2857142857142857,0.0
7,1726,7,False,0,2025-02-24,1,0.0,0.01,0.02,0,24,0,0,0,0.42857142857142855,0.0
7,1734,7,False,0,2025-02-24,0,0.0,0.24,0.3,0,24,0,0,0,0.42857142857142855,0.0
7,1744,7,False,0,2025-02-24,2,0.0,0.07,0.11,0,24,0,0,0,0.42857142857142855,0.0
7,1796,7,False,0,2025-02-24,2,0.0,0.01,0.02,0,24,0,0,0,0.7142857142857143,0.0
7,1841,7,False,0,2025-02-24,1,0.0,0.03,0.07,0,24,0,0,0,1.0,0.0
7,1844,7,False,0,2025-02-24,1,0.0,0.13,0.18,0,24,0,0,0,1.1428571428571428,0.0
7,1858,7,False,0,2025-02-24,1,0.0,0.09,0.14,0,24,0,0,0,1.1428571428571428,0.0
7,1900,7,False,0,2025-02-24,1,0.0,0.18,0.15,0,24,0,0,0,1.1428571428571428,0.0
7,1938,7,False,0,2025-02-24,2,0.0,0.02,0.03,0,24,0,0,0,1.1428571428571428,0.0
7,2002,7,False,0,2025-02-24,3,0.0,0.01,0.02,0,24,0,0,0,1.4285714285714286,0.0
7,2008,7,False,0,2025-02-24,5,0.0,0.03,0.05,0,24,0,0,0,1.5714285714285714,0.0
7,2018,7,False,0,2025-02-24,1,0.0,0.11,0.14,0,24,0,0,0,2.0,0.0
7,2032,7,False,0,2025-02-24,1,0.0,0.34,0.37,0,24,0,0,0,2.0,0.0
7,2037,7,False,0,2025-02-24,10,0.0,0.06,0.1,0,24,0,0,0,2.0,0.0
7,2237,7,False,0,2025-02-24,1,0.0,0.12,0.15,0,24,0,0,0,3.2857142857142856,0.0
7,2243,7,False,0,2025-02-24,4,0.0,0.49,0.51,0,24,0,0,0,3.2857142857142856,0.0
7,2263,7,False,0,2025-02-24,2,0.0,0.04,0.07,0,24,0,0,0,3.5714285714285716,0.0
7,2310,7,False,0,2025-02-24,0,0.0,0.22,0.29,0,24,0,0,0,3.4285714285714284,0.0
7,2324,7,False,0,2025-02-24,1,0.0,0.19,0.22,0,24,0,0,0,2.7142857142857144,0.0
7,2341,7,False,0,2025-02-24,0,0.0,0.18,0.28,0,24,0,0,0,2.7142857142857144,0.0
7,2351,7,False,0,2025-02-24,1,0.0,0.07,0.11,0,24,0,0,0,2.5714285714285716,0.0
7,2408,7,False,0,2025-02-24,1,0.0,0.05,0.06,0,24,0,0,0,1.2857142857142858,0.0
7,2510,7,False,0,2025-02-24,1,0.0,0.19,0.27,0,24,0,0,0,1.2857142857142858,0.0
7,2526,7,False,0,2025-02-24,1,0.0,0.23,0.3,0,24,0,0,0,0.8571428571428571,0.0
7,2588,7,False,0,2025-02-24,3,0.0,0.04,0.07,0,24,0,0,0,0.7142857142857143,0.0
7,2604,7,False,0,2025-02-24,2,0.0,0.01,0.03,0,24,0,0,0,1.1428571428571428,0.0
7,2618,7,False,0,2025-02-24,0,0.0,0.04,0.06,0,24,0,0,0,1.2857142857142858,0.0
7,2686,7,False,0,2025-02-24,8,0.0,0.03,0.04,0,24,0,0,0,1.2857142857142858,0.0
7,2698,7,False,0,2025-02-24,0,0.0,0.5,0.76,0,24,0,0,0,2.2857142857142856,0.0
7,2723,7,False,0,2025-02-24,0,0.0,0.02,0.04,0,24,0,0,0,2.142857142857143,0.0
7,2823,7,False,0,2025-02-24,0,0.0,0.18,0.22,0,24,0,0,0,2.0,0.0
7,2836,7,False,0,2025-02-24,0,0.0,0.04,0.06,0,24,0,0,0,1.8571428571428572,0.0
7,2855,7,False,0,2025-02-24,1,0.0,0.07,0.08,0,24,0,0,0,1.4285714285714286,0.0
7,2966,7,False,0,2025-02-24,1,0.0,0.01,0.01,0,24,0,0,0,1.2857142857142858,0.0
7,3033,7,False,0,2025-02-24,1,0.0,0.09,0.12,0,24,0,0,0,1.4285714285714286,0.0
7,3039,7,False,0,2025-02-24,1,0.0,0.01,0.03,0,24,0,0,0,0.42857142857142855,0.0
7,3043,7,False,0,2025-02-24,1,0.0,0.19,0.26,0,24,0,0,0,0.5714285714285714,0.0
7,3060,7,False,0,2025-02-24,1,0.0,0.08,0.09,0,24,0,0,0,0.7142857142857143,0.0
7,3099,7,False,0,2025-02-24,1,0.0,0.04,0.06,0,24,0,0,0,0.8571428571428571,0.0
7,3103,7,False,0,2025-02-24,1,0.0,0.06,0.07,0,24,0,0,0,1.0,0.0
7,3155,7,False,0,2025-02-24,2,0.0,0.22,0.39,0,24,0,0,0,1.0,0.0
7,3245,7,False,0,2025-02-24,1,0.0,0.04,0.05,0,24,0,0,0,1.1428571428571428,0.0
7,3248,7,False,0,2025-02-24,0,0.0,0.05,0.05,0,24,0,0,0,1.1428571428571428,0.0
7,3355,7,False,0,2025-02-24,1,0.0,0.08,0.15,0,24,0,0,0,1.0,0.0
7,3435,7,False,0,2025-02-24,0,0.0,0.08,0.1,0,24,0,0,0,1.0,0.0
7,3441,7,False,0,2025-02-24,1,0.0,0.05,0.06,0,24,0,0,0,0.8571428571428571,0.0
7,3579,7,False,0,2025-02-24,0,0.0,0.04,0.05,0,24,0,0,0,0.8571428571428571,0.0
7,3619,7,False,0,2025-02-24,0,0.0,0.14,0.23,0,24,0,0,0,0.7142857142857143,0.0
7,3652,7,False,0,2025-02-24,1,0.0,0.07,0.1,0,24,0,0,0,0.42857142857142855,0.0
7,3763,7,False,0,2025-02-24,0,0.0,0.02,0.03,0,24,0,0,0,0.42857142857142855,0.0
7,3805,7,False,0,2025-02-24,0,0.0,0.04,0.05,0,24,0,0,0,0.42857142857142855,0.0
7,4060,7,False,0,2025-02-24,0,0.0,0.1,0.13,0,24,0,0,0,0.2857142857142857,0.0
7,4079,7,False,0,2025-02-24,3,0.0,0.01,0.02,0,24,0,0,0,0.2857142857142857,0.0
7,4114,7,False,0,2025-02-24,0,0.0,0.05,0.09,0,24,0,0,0,0.5714285714285714,0.0
7,4180,7,False,0,2025-02-24,0,0.0,0.29,0.51,0,24,0,0,0,0.5714285714285714,0.0
7,4219,7,False,0,2025-02-24,2,0.0,0.28,0.39,0,24,0,0,0,0.5714285714285714,0.0
7,4245,7,False,0,2025-02-24,1,0.0,0.04,0.05,0,24,0,0,0,0.7142857142857143,0.0
7,4297,7,False,0,2025-02-24,1,0.0,0.25,0.35,0,24,0,0,0,0.8571428571428571,0.0
7,4402,7,False,0,2025-02-24,0,0.0,0.02,0.03,0,24,0,0,0,1.0,0.0
7,4407,7,False,0,2025-02-24,0,0.0,0.19,0.34,0,24,0,0,0,1.0,0.0
7,4415,7,False,0,2025-02-24,0,0.0,0.04,0.03,0,24,0,0,0,0.5714285714285714,0.0
7,4537,7,False,0,2025-02-24,2,0.0,0.07,0.1,0,24,0,0,0,0.5714285714285714,0.0
7,4549,7,False,0,2025-02-24,0,0.0,0.05,0.06,0,24,0,0,0,0.8571428571428571,0.0
7,4597,7,False,0,2025-02-24,0,0.0,0.08,0.11,0,24,0,0,0,0.5714285714285714,0.0
7,4625,7,False,0,2025-02-24,0,0.0,0.11,0.17,0,24,0,0,0,0.42857142857142855,0.0
7,4639,7,False,0,2025-02-24,1,0.0,0.13,0.19,0,24,0,0,0,0.2857142857142857,0.0
7,4705,7,False,0,2025-02-24,2,0.0,0.43,0.52,0,24,0,0,0,0.42857142857142855,0.0
7,4754,7,False,0,2025-02-24,1,0.0,0.26,0.34,0,24,0,0,0,0.7142857142857143,0.0
7,4792,7,False,0,2025-02-24,0,0.0,0.34,0.4,0,24,0,0,0,0.8571428571428571,0.0
7,4793,7,False,0,2025-02-24,2,0.0,0.02,0.03,0,24,0,0,0,0.5714285714285714,0.0
7,4918,7,False,0,2025-02-24,0,0.0,0.14,0.23,0,24,0,0,0,0.8571428571428571,0.0
7,4932,7,False,0,2025-02-24,0,0.0,0.07,0.11,0,24,0,0,0,0.8571428571428571,0.0
7,4950,7,False,0,2025-02-24,1,0.0,0.05,0.09,0,24,0,0,0,0.8571428571428571,0.0
7,5009,7,False,0,2025-02-24,4,0.0,0.04,0.08,0,24,0,0,0,0.8571428571428571,0.0
7,5050,7,False,0,2025-02-24,1,0.0,0.07,0.11,0,24,0,0,0,1.1428571428571428,0.0
7,5061,7,False,0,2025-02-24,1,0.0,0.21,0.3,0,24,0,0,0,1.1428571428571428,0.0
7,5114,7,False,0,2025-02-24,0,0.0,0.02,0.04,0,24,0,0,0,1.2857142857142858,0.0
7,5147,7,False,0,2025-02-24,0,0.0,0.02,0.03,0,24,0,0,0,1.0,0.0
7,5166,7,False,0,2025-02-24,1,0.0,0.05,0.08,0,24,0,0,0,1.0,0.0
7,5235,7,False,0,2025-02-24,0,0.0,0.14,0.21,0,24,0,0,0,1.1428571428571428,0.0
7,5248,7,False,0,2025-02-24,4,0.0,0.03,0.12,0,24,0,0,0,1.0,0.0
7,5273,7,False,0,2025-02-24,1,0.0,0.09,0.12,0,24,0,0,0,1.0,0.0
7,14,8,False,0,2025-02-24,0,0.0,0.2,0.32,0,24,0,0,0,1.0,0.0
7,81,8,False,0,2025-02-24,0,0.0,0.01,0.01,0,24,0,0,0,0.8571428571428571,0.0
7,231,8,False,0,2025-02-24,0,1.0,0.03,0.04,0,24,0,0,0,0.8571428571428571,0.0
7,260,8,False,0,2025-02-24,43,0.0,0.02,0.03,0,24,0,0,0,0.8571428571428571,0.0
7,303,8,False,0,2025-02-24,0,0.0,0.0,0.01,0,24,0,0,0,6.857142857142857,0.0
7,320,8,False,0,2025-02-24,0,0.0,0.13,0.2,0,24,0,0,0,6.857142857142857,0.0
7,385,8,False,0,2025-02-24,0,0.0,0.22,0.32,0,24,0,0,0,6.285714285714286,0.0
7,389,8,False,0,2025-02-24,0,0.0,0.02,0.05,0,24,0,0,0,6.142857142857143,0.0
7,465,8,False,0,2025-02-24,1,0.0,0.03,0.06,0,24,0,0,0,6.142857142857143,0.0
7,633,8,False,0,2025-02-24,0,0.0,0.05,0.06,0,24,0,0,0,6.285714285714286,0.0
7,835,8,False,0,2025-02-24,1,0.0,0.25,0.33,0,24,0,0,0,6.285714285714286,0.0
7,857,8,False,0,2025-02-24,2,0.0,0.02,0.05,0,24,0,0,0,0.2857142857142857,0.0
7,876,8,False,0,2025-02-24,0,0.0,0.01,0.02,0,24,0,0,0,0.5714285714285714,0.0
7,902,8,False,0,2025-02-24,2,0.0,0.02,0.04,0,24,0,0,0,0.5714285714285714,0.0
7,914,8,False,0,2025-02-24,2,0.0,0.13,0.21,0,24,0,0,0,0.8571428571428571,0.0
7,927,8,False,0,2025-02-24,10,0.0,0.01,0.03,0,24,0,0,0,1.1428571428571428,0.0
7,981,8,False,0,2025-02-24,0,0.0,0.01,0.01,0,24,0,0,0,2.4285714285714284,0.0
7,1056,8,False,0,2025-02-24,11,0.0,0.02,0.03,0,24,0,0,0,2.4285714285714284,0.0
7,1310,8,False,0,2025-02-24,1,0.0,0.22,0.29,0,24,0,0,0,3.857142857142857,0.0
7,1327,8,False,0,2025-02-24,9,0.0,0.02,0.03,0,24,0,0,0,3.7142857142857144,0.0
7,1347,8,False,0,2025-02-24,1,0.0,0.25,0.3,0,24,0,0,0,5.0,0.0
7,1363,8,False,0,2025-02-24,3,0.0,0.01,0.03,0,24,0,0,0,4.857142857142857,0.0
7,1371,8,False,0,2025-02-24,0,0.0,0.02,0.02,0,24,0,0,0,5.0,0.0
7,1385,8,False,0,2025-02-24,2,0.0,0.39,0.44,0,24,0,0,0,3.5714285714285716,0.0
7,1395,8,False,0,2025-02-24,1,0.0,0.01,0.02,0,24,0,0,0,3.857142857142857,0.0
7,1415,8,False,0,2025-02-24,0,0.0,0.0,0.0,0,24,0,0,0,2.4285714285714284,0.0
7,1459,8,False,0,2025-02-24,1,0.0,0.03,0.05,0,24,0,0,0,2.2857142857142856,0.0
7,1521,8,False,0,2025-02-24,2,0.0,0.08,0.12,0,24,0,0,0,1.1428571428571428,0.0
7,1525,8,False,0,2025-02-24,67,1.0,0.01,0.02,0,24,0,0,0,1.2857142857142858,0.0
7,1549,8,False,0,2025-02-24,6,0.0,0.01,0.02,0,24,0,0,0,10.428571428571429,0.0
7,1620,8,False,0,2025-02-24,0,1.0,0.03,0.04,0,24,0,0,0,11.285714285714286,0.0
7,1755,8,False,0,2025-02-24,0,0.0,0.02,0.03,0,24,0,0,0,11.0,0.0
7,1846,8,False,0,2025-02-24,1,0.0,0.14,0.19,0,24,0,0,0,10.857142857142858,0.0
7,1916,8,False,0,2025-02-24,22,0.0,0.02,0.02,0,24,0,0,0,11.0,0.0
7,1941,8,False,0,2025-02-24,0,0.0,0.18,0.23,0,24,0,0,0,14.0,0.0
7,1966,8,False,0,2025-02-24,0,0.0,0.12,0.13,0,24,0,0,0,13.714285714285714,0.0
7,2001,8,False,0,2025-02-24,0,0.0,0.16,0.2,0,24,0,0,0,4.142857142857143,0.0
7,2094,8,False,0,2025-02-24,0,0.0,0.21,0.21,0,24,0,0,0,3.2857142857142856,0.0
7,2157,8,False,0,2025-02-24,1,0.0,0.03,0.05,0,24,0,0,0,3.2857142857142856,0.0
7,2254,8,False,0,2025-02-24,1,0.0,0.18,0.3,0,24,0,0,0,3.4285714285714284,0.0
7,2371,8,False,0,2025-02-24,0,0.0,0.02,0.05,0,24,0,0,0,3.4285714285714284,0.0
7,2462,8,False,0,2025-02-24,2,0.0,0.33,0.59,0,24,0,0,0,0.2857142857142857,0.0
7,2475,8,False,0,2025-02-24,0,0.0,0.13,0.19,0,24,0,0,0,0.5714285714285714,0.0
7,2507,8,False,0,2025-02-24,0,0.0,0.01,0.02,0,24,0,0,0,0.5714285714285714,0.0
7,2673,8,False,0,2025-02-24,0,0.0,0.02,0.04,0,24,0,0,0,0.5714285714285714,0.0
7,2681,8,False,0,2025-02-24,1,0.0,0.04,0.06,0,24,0,0,0,0.5714285714285714,0.0
7,2706,8,False,0,2025-02-24,0,0.0,0.02,0.05,0,24,0,0,0,0.5714285714285714,0.0
7,2718,8,False,0,2025-02-24,10,0.0,0.04,0.09,0,24,0,0,0,0.42857142857142855,0.0
7,2874,8,False,0,2025-02-24,43,0.0,0.02,0.02,0,24,0,0,0,1.8571428571428572,0.0
7,2875,8,False,0,2025-02-24,0,0.0,0.01,0.02,0,24,0,0,0,7.714285714285714,0.0
7,2888,8,False,0,2025-02-24,3,0.0,0.03,0.05,0,24,0,0,0,7.714285714285714,0.0
7,2969,8,False,0,2025-02-24,3,0.0,0.01,0.02,0,24,0,0,0,8.142857142857142,0.0
7,2971,8,False,0,2025-02-24,0,0.0,0.23,0.24,0,24,0,0,0,8.571428571428571,0.0
7,3057,8,False,0,2025-02-24,38,0.0,0.01,0.01,0,24,0,0,0,8.428571428571429,0.0
7,3121,8,False,0,2025-02-24,0,0.0,0.16,0.23,0,24,0,0,0,13.857142857142858,0.0
7,3157,8,False,0,2025-02-24,0,0.0,0.01,0.01,0,24,0,0,0,12.428571428571429,0.0
7,3189,8,False,0,2025-02-24,1,0.0,0.1,0.15,0,24,0,0,0,6.285714285714286,0.0
7,3194,8,False,0,2025-02-24,2,0.0,0.21,0.22,0,24,0,0,0,6.428571428571429,0.0
7,3228,8,False,0,2025-02-24,9,0.0,0.03,0.03,0,24,0,0,0,6.285714285714286,0.0
7,3269,8,False,0,2025-02-24,0,0.0,0.1,0.17,0,24,0,0,0,7.142857142857143,0.0
7,3294,8,False,0,2025-02-24,0,0.0,0.13,0.19,0,24,0,0,0,7.142857142857143,0.0
7,3300,8,False,0,2025-02-24,1,0.0,0.1,0.15,0,24,0,0,0,1.7142857142857142,0.0
7,3318,8,False,0,2025-02-24,6,0.0,0.1,0.21,0,24,0,0,0,1.8571428571428572,0.0
7,3404,8,False,0,2025-02-24,0,0.0,0.11,0.2,0,24,0,0,0,2.7142857142857144,0.0
7,3563,8,False,0,2025-02-24,0,0.0,0.29,0.32,0,24,0,0,0,2.5714285714285716,0.0
7,3666,8,False,0,2025-02-24,11,1.0,0.02,0.03,0,24,0,0,0,2.2857142857142856,0.0
7,3676,8,False,0,2025-02-24,2,0.0,0.01,0.01,0,24,0,0,0,2.5714285714285716,0.0
7,3716,8,False,0,2025-02-24,2,0.0,0.1,0.15,0,24,0,0,0,2.857142857142857,0.0
7,3740,8,False,0,2025-02-24,2,0.0,0.04,0.06,0,24,0,0,0,3.142857142857143,0.0
7,3781,8,False,0,2025-02-24,1,0.0,0.04,0.06,0,24,0,0,0,3.2857142857142856,0.0
7,3783,8,False,0,2025-02-24,24,1.0,0.03,0.04,0,24,0,0,0,2.5714285714285716,0.0
7,3938,8,False,0,2025-02-24,16,0.0,0.02,0.04,0,24,0,0,0,6.0,0.0
7,4003,8,False,0,2025-02-24,0,0.0,0.02,0.02,0,24,0,0,0,8.285714285714286,0.0
7,4029,8,False,0,2025-02-24,3,0.0,0.02,0.04,0,24,0,0,0,6.714285714285714,0.0
7,4044,8,False,0,2025-02-24,1,1.0,0.02,0.03,0,24,0,0,0,6.857142857142857,0.0
7,4113,8,False,0,2025-02-24,2,0.0,0.08,0.15,0,24,0,0,0,6.714285714285714,0.0
7,4208,8,False,0,2025-02-24,0,0.0,0.43,0.56,0,24,0,0,0,6.714285714285714,0.0
7,4236,8,False,0,2025-02-24,1,0.0,0.14,0.21,0,24,0,0,0,6.571428571428571,0.0
7,4403,8,False,0,2025-02-24,0,0.0,0.15,0.15,0,24,0,0,0,3.2857142857142856,0.0
7,4425,8,False,0,2025-02-24,0,0.0,0.06,0.05,0,24,0,0,0,1.0,0.0
7,4442,8,False,0,2025-02-24,9,0.0,0.02,0.04,0,24,0,0,0,1.0,0.0
7,4506,8,False,0,2025-02-24,2,0.0,0.04,0.07,0,24,0,0,0,1.8571428571428572,0.0
7,4531,8,False,0,2025-02-24,0,1.0,0.25,0.42,0,24,0,0,0,2.0,0.0
7,4629,8,False,0,2025-02-24,3,0.0,0.01,0.02,0,24,0,0,0,1.7142857142857142,0.0
7,4873,8,False,0,2025-02-24,0,0.0,0.01,0.02,0,24,0,0,0,2.142857142857143,0.0
7,4991,8,False,0,2025-02-24,3,0.0,0.05,0.08,0,24,0,0,0,2.0,0.0
7,5047,8,False,0,2025-02-24,0,0.0,0.16,0.19,0,24,0,0,0,2.4285714285714284,0.0
7,5152,8,False,0,2025-02-24,1,0.0,0.02,0.04,0,24,0,0,0,2.4285714285714284,0.0
7,5155,8,False,0,2025-02-24,0,0.0,0.04,0.07,0,24,0,0,0,1.2857142857142858,0.0
7,8,9,True,0,2025-02-24,0,0.0,0.05,0.18,0,24,0,0,0,1.0,0.0
7,11,9,True,0,2025-02-24,0,0.0,0.03,0.06,0,24,0,0,0,1.0,0.0
7,23,9,True,0,2025-02-24,0,0.0,0.03,0.06,0,24,0,0,0,0.5714285714285714,0.0
7,49,9,True,0,2025-02-24,0,0.0,0.06,0.15,0,24,0,0,0,0.5714285714285714,0.0
7,50,9,True,0,2025-02-24,0,0.0,0.02,0.1,0,24,0,0,0,0.14285714285714285,0.0
7,135,9,True,0,2025-02-24,0,0.0,0.14,0.24,0,24,0,0,0,0.14285714285714285,0.0
7,150,9,True,0,2025-02-24,0,0.0,0.04,0.05,0,24,0,0,0,0.0,0.0
7,163,9,True,0,2025-02-24,0,0.0,0.05,0.07,0,24,0,0,0,0.0,0.0
7,201,9,True,0,2025-02-24,0,0.0,0.16,0.28,0,24,0,0,0,0.0,0.0
7,244,9,True,0,2025-02-24,0,0.0,0.01,0.05,0,24,0,0,0,0.0,0.0
7,259,9,True,0,2025-02-24,0,0.0,0.06,0.14,0,24,0,0,0,0.0,0.0
7,271,9,True,0,2025-02-24,0,0.0,0.01,0.07,0,24,0,0,0,0.0,0.0
7,276,9,True,0,2025-02-24,0,0.0,0.06,0.12,0,24,0,0,0,0.0,0.0
7,280,9,True,0,2025-02-24,0,0.0,0.01,0.03,0,24,0,0,0,0.0,0.0
7,296,9,True,0,2025-02-24,0,0.0,0.25,0.32,0,24,0,0,0,0.0,0.0
7,298,9,True,0,2025-02-24,0,0.0,0.03,0.07,0,24,0,0,0,0.0,0.0
7,302,9,True,0,2025-02-24,0,0.0,0.03,0.06,0,24,0,0,0,0.0,0.0
7,308,9,True,0,2025-02-24,0,0.0,0.03,0.06,0,24,0,0,0,0.0,0.0
7,334,9,True,0,2025-02-24,0,0.0,0.01,0.07,0,24,0,0,0,0.0,0.0
7,357,9,True,0,2025-02-24,0,0.0,0.09,0.16,0,24,0,0,0,0.0,0.0
7,365,9,True,0,2025-02-24,0,0.0,0.02,0.06,0,24,0,0,0,0.0,0.0
7,374,9,True,0,2025-02-24,1,0.0,0.03,0.05,0,24,0,0,0,0.0,0.0
7,378,9,True,0,2025-02-24,0,0.0,0.03,0.07,0,24,0,0,0,0.14285714285714285,0.0
7,395,9,True,0,2025-02-24,0,0.0,0.01,0.04,0,24,0,0,0,0.14285714285714285,0.0
7,453,9,True,0,2025-02-24,0,0.0,0.01,0.05,0,24,0,0,0,0.14285714285714285,0.0
7,479,9,True,0,2025-02-24,0,1.0,0.13,0.17,0,24,0,0,0,0.14285714285714285,0.0
7,485,9,True,0,2025-02-24,0,0.0,0.05,0.12,0,24,0,0,0,0.14285714285714285,0.0
7,507,9,True,0,2025-02-24,0,0.0,0.04,0.05,0,24,0,0,0,0.14285714285714285,0.0
7,508,9,True,0,2025-02-24,0,0.0,0.02,0.07,0,24,0,0,0,0.14285714285714285,0.0
7,533,9,True,0,2025-02-24,0,0.0,0.01,0.03,0,24,0,0,0,0.0,0.0
7,558,9,True,0,2025-02-24,0,0.0,0.11,0.17,0,24,0,0,0,0.0,0.0
7,572,9,True,0,2025-02-24,0,0.0,0.06,0.08,0,24,0,0,0,0.0,0.0
7,575,9,True,0,2025-02-24,0,0.0,0.05,0.09,0,24,0,0,0,0.0,0.0
7,578,9,True,0,2025-02-24,0,0.0,0.14,0.2,0,24,0,0,0,0.0,0.0
7,608,9,True,0,2025-02-24,0,0.0,0.06,0.16,0,24,0,0,0,0.0,0.0
7,648,9,True,0,2025-02-24,0,0.0,0.07,0.15,0,24,0,0,0,0.0,0.0
7,656,9,True,0,2025-02-24,0,0.0,0.1,0.16,0,24,0,0,0,0.0,0.0
7,682,9,True,0,2025-02-24,0,0.0,0.04,0.12,0,24,0,0,0,0.0,0.0
7,730,9,True,0,2025-02-24,0,0.0,0.01,0.04,0,24,0,0,0,0.0,0.0
7,756,9,True,0,2025-02-24,0,0.0,0.1,0.2,0,24,0,0,0,0.0,0.0
7,778,9,True,0,2025-02-24,0,0.0,0.07,0.09,0,24,0,0,0,0.0,0.0
7,782,9,True,0,2025-02-24,0,0.0,0.1,0.16,0,24,0,0,0,0.0,0.0
7,786,9,True,0,2025-02-24,0,0.0,0.02,0.04,0,24,0,0,0,0.0,0.0
7,816,9,True,0,2025-02-24,0,0.0,0.01,0.03,0,24,0,0,0,0.0,0.0
7,833,9,True,0,2025-02-24,0,0.0,0.04,0.07,0,24,0,0,0,0.0,0.0
7,853,9,True,0,2025-02-24,0,0.0,0.15,0.22,0,24,0,0,0,0.0,0.0
7,865,9,True,0,2025-02-24,0,0.0,0.12,0.2,0,24,0,0,0,0.0,0.0
7,890,9,True,0,2025-02-24,0,0.0,0.01,0.05,0,24,0,0,0,0.0,0.0
7,895,9,True,0,2025-02-24,0,0.0,0.06,0.11,0,24,0,0,0,0.0,0.0
7,898,9,True,0,2025-02-24,0,0.0,0.01,0.02,0,24,0,0,0,0.0,0.0
7,915,9,True,0,2025-02-24,0,0.0,0.01,0.03,0,24,0,0,0,0.0,0.0
7,943,9,True,0,2025-02-24,0,0.0,0.04,0.12,0,24,0,0,0,0.0,0.0
7,944,9,True,0,2025-02-24,0,0.0,0.09,0.13,0,24,0,0,0,0.0,0.0
7,949,9,True,0,2025-02-24,0,0.0,0.06,0.1,0,24,0,0,0,0.0,0.0
7,956,9,True,0,2025-02-24,0,0.0,0.02,0.06,0,24,0,0,0,0.0,0.0
7,986,9,True,0,2025-02-24,0,0.0,0.01,0.03,0,24,0,0,0,0.0,0.0
7,999,9,True,0,2025-02-24,0,0.0,0.06,0.14,0,24,0,0,0,0.0,0.0
7,1001,9,True,0,2025-02-24,0,0.0,0.02,0.06,0,24,0,0,0,0.0,0.0
7,1027,9,True,0,2025-02-24,0,0.0,0.02,0.06,0,24,0,0,0,0.0,0.0
7,1048,9,True,0,2025-02-24,0,0.0,0.08,0.4,0,24,0,0,0,0.0,0.0
7,1054,9,True,0,2025-02-24,0,0.0,0.01,0.02,0,24,0,0,0,0.0,0.0
7,1139,9,True,0,2025-02-24,0,0.0,0.03,0.06,0,24,0,0,0,0.0,0.0
7,1140,9,True,0,2025-02-24,0,0.0,0.01,0.05,0,24,0,0,0,0.0,0.0
7,1152,9,True,0,2025-02-24,0,0.0,0.0,0.04,0,24,0,0,0,0.0,0.0
7,1166,9,True,0,2025-02-24,0,0.0,0.04,0.1,0,24,0,0,0,0.0,0.0
7,1171,9,True,0,2025-02-24,0,0.0,0.41,0.54,0,24,0,0,0,0.0,0.0
7,1222,9,True,0,2025-02-24,0,0.0,0.05,0.19,0,24,0,0,0,0.0,0.0
7,1252,9,True,0,2025-02-24,0,0.0,0.06,0.23,0,24,0,0,0,0.0,0.0
7,1331,9,True,0,2025-02-24,0,0.0,0.09,0.63,0,24,0,0,0,0.0,0.0
7,1355,9,True,0,2025-02-24,0,0.0,0.02,0.04,0,24,0,0,0,0.0,0.0
7,1366,9,True,0,2025-02-24,0,0.0,0.62,0.84,0,24,0,0,0,0.0,0.0
7,1401,9,True,0,2025-02-24,0,0.0,0.03,0.07,0,24,0,0,0,0.0,0.0
7,1435,9,True,0,2025-02-24,0,0.0,0.03,0.03,0,24,0,0,0,0.0,0.0
7,1442,9,True,0,2025-02-24,0,0.0,0.03,0.06,0,24,0,0,0,0.0,0.0
7,1449,9,True,0,2025-02-24,0,0.0,0.01,0.06,0,24,0,0,0,0.0,0.0
7,1474,9,True,0,2025-02-24,0,0.0,0.06,0.11,0,24,0,0,0,0.0,0.0
7,1489,9,True,0,2025-02-24,0,0.0,0.02,0.06,0,24,0,0,0,0.0,0.0
7,1492,9,True,0,2025-02-24,0,0.0,0.11,0.16,0,24,0,0,0,0.0,0.0
7,1530,9,True,0,2025-02-24,0,0.0,0.09,0.11,0,24,0,0,0,0.0,0.0
7,1572,9,True,0,2025-02-24,0,0.0,0.04,0.1,0,24,0,0,0,0.0,0.0
7,1583,9,True,0,2025-02-24,0,0.0,0.03,0.08,0,24,0,0,0,0.0,0.0
7,1595,9,True,0,2025-02-24,0,0.0,0.02,0.05,0,24,0,0,0,0.0,0.0
7,1636,9,True,0,2025-02-24,0,0.0,0.02,0.09,0,24,0,0,0,0.0,0.0
7,1643,9,True,0,2025-02-24,0,0.0,0.07,0.11,0,24,0,0,0,0.0,0.0
7,1671,9,True,0,2025-02-24,0,0.0,0.01,0.09,0,24,0,0,0,0.0,0.0
7,1687,9,True,0,2025-02-24,0,0.0,0.06,0.1,0,24,0,0,0,0.0,0.0
7,1719,9,True,0,2025-02-24,1,0.0,0.06,0.1,0,24,0,0,0,0.0,0.0
7,1758,9,True,0,2025-02-24,0,0.0,0.05,0.09,0,24,0,0,0,0.14285714285714285,0.0
7,1810,9,True,0,2025-02-24,0,0.0,0.02,0.07,0,24,0,0,0,0.14285714285714285,0.0
7,1837,9,True,0,2025-02-24,0,0.0,0.04,0.06,0,24,0,0,0,0.14285714285714285,0.0
7,1857,9,True,0,2025-02-24,0,0.0,0.04,0.07,0,24,0,0,0,0.14285714285714285,0.0
7,1883,9,True,0,2025-02-24,1,0.0,0.06,0.11,0,24,0,0,0,0.14285714285714285,0.0
7,1889,9,True,0,2025-02-24,0,0.0,0.02,0.06,0,24,0,0,0,0.2857142857142857,0.0
7,1920,9,True,0,2025-02-24,0,0.0,0.13,0.15,0,24,0,0,0,0.2857142857142857,0.0
7,2012,9,True,0,2025-02-24,0,0.0,0.02,0.12,0,24,0,0,0,0.14285714285714285,0.0
7,2060,9,True,0,2025-02-24,0,0.0,0.13,0.2,0,24,0,0,0,0.14285714285714285,0.0
7,2065,9,True,0,2025-02-24,0,0.0,0.01,0.03,0,24,0,0,0,0.14285714285714285,0.0
7,2074,9,True,0,2025-02-24,0,0.0,0.07,0.22,0,24,0,0,0,0.14285714285714285,0.0
7,2139,9,True,0,2025-02-24,0,0.0,0.02,0.1,0,24,0,0,0,0.14285714285714285,0.0
7,2164,9,True,0,2025-02-24,0,0.0,0.01,0.05,0,24,0,0,0,0.0,0.0
7,2195,9,True,0,2025-02-24,0,0.0,0.01,0.02,0,24,0,0,0,0.0,0.0
7,2207,9,True,0,2025-02-24,0,0.0,0.07,0.12,0,24,0,0,0,0.0,0.0
7,2221,9,True,0,2025-02-24,0,0.0,0.01,0.05,0,24,0,0,0,0.0,0.0
7,2231,9,True,0,2025-02-24,0,0.0,0.03,0.09,0,24,0,0,0,0.0,0.0
7,2235,9,True,0,2025-02-24,0,0.0,0.06,0.07,0,24,0,0,0,0.0,0.0
7,2248,9,True,0,2025-02-24,1,0.0,0.07,0.28,0,24,0,0,0,0.0,0.0
7,2319,9,True,0,2025-02-24,0,0.0,0.18,0.54,0,24,0,0,0,0.14285714285714285,0.0
7,2327,9,True,0,2025-02-24,0,0.0,0.02,0.07,0,24,0,0,0,0.14285714285714285,0.0
7,2328,9,True,0,2025-02-24,0,0.0,0.18,0.25,0,24,0,0,0,0.14285714285714285,0.0
7,2339,9,True,0,2025-02-24,0,0.0,0.03,0.14,0,24,0,0,0,0.14285714285714285,0.0
7,2365,9,True,0,2025-02-24,0,0.0,0.0,0.01,0,24,0,0,0,0.14285714285714285,0.0
7,2425,9,True,0,2025-02-24,0,0.0,0.05,0.14,0,24,0,0,0,0.14285714285714285,0.0
7,2428,9,True,0,2025-02-24,0,0.0,0.31,0.42,0,24,0,0,0,0.14285714285714285,0.0
7,2430,9,True,0,2025-02-24,0,0.0,0.01,0.04,0,24,0,0,0,0.0,0.0
7,2437,9,True,0,2025-02-24,0,0.0,0.03,0.07,0,24,0,0,0,0.0,0.0
7,2476,9,True,0,2025-02-24,0,0.0,0.04,0.33,0,24,0,0,0,0.0,0.0
7,2509,9,True,0,2025-02-24,0,0.0,0.07,0.15,0,24,0,0,0,0.0,0.0
7,2535,9,True,0,2025-02-24,0,0.0,0.07,0.09,0,24,0,0,0,0.0,0.0
7,2561,9,True,0,2025-02-24,0,0.0,0.06,0.1,0,24,0,0,0,0.0,0.0
7,2562,9,True,0,2025-02-24,0,0.0,0.04,0.09,0,24,0,0,0,0.0,0.0
7,2570,9,True,0,2025-02-24,1,0.0,0.02,0.02,0,24,0,0,0,0.0,0.0
7,2579,9,True,0,2025-02-24,0,0.0,0.1,0.18,0,24,0,0,0,0.14285714285714285,0.0
7,2599,9,True,0,2025-02-24,0,0.0,0.14,0.2,0,24,0,0,0,0.14285714285714285,0.0
7,2656,9,True,0,2025-02-24,0,0.0,0.05,0.5,0,24,0,0,0,0.14285714285714285,0.0
7,2666,9,True,0,2025-02-24,0,0.0,0.07,0.15,0,24,0,0,0,0.14285714285714285,0.0
7,2696,9,True,0,2025-02-24,0,0.0,0.02,0.03,0,24,0,0,0,0.14285714285714285,0.0
7,2703,9,True,0,2025-02-24,0,0.0,0.03,0.06,0,24,0,0,0,0.14285714285714285,0.0
7,2713,9,True,0,2025-02-24,0,0.0,0.02,0.03,0,24,0,0,0,0.14285714285714285,0.0
7,2728,9,True,0,2025-02-24,0,0.0,0.1,0.11,0,24,0,0,0,0.0,0.0
7,2733,9,True,0,2025-02-24,0,0.0,0.06,0.09,0,24,0,0,0,0.0,0.0
7,2762,9,True,0,2025-02-24,0,0.0,0.02,0.04,0,24,0,0,0,0.0,0.0
7,2766,9,True,0,2025-02-24,0,0.0,0.13,0.29,0,24,0,0,0,0.0,0.0
7,2777,9,True,0,2025-02-24,0,0.0,0.03,0.07,0,24,0,0,0,0.0,0.0
7,2779,9,True,0,2025-02-24,0,0.0,0.03,0.05,0,24,0,0,0,0.0,0.0
7,2787,9,True,0,2025-02-24,0,0.0,0.02,0.07,0,24,0,0,0,0.0,0.0
7,2790,9,True,0,2025-02-24,0,0.0,0.02,0.07,0,24,0,0,0,0.0,0.0
7,2793,9,True,0,2025-02-24,0,0.0,0.07,0.17,0,24,0,0,0,0.0,0.0
7,2794,9,True,0,2025-02-24,0,0.0,0.02,0.05,0,24,0,0,0,0.0,0.0
7,2802,9,True,0,2025-02-24,0,0.0,0.01,0.04,0,24,0,0,0,0.0,0.0
7,2810,9,True,0,2025-02-24,0,0.0,0.04,0.09,0,24,0,0,0,0.0,0.0
7,2819,9,True,0,2025-02-24,0,0.0,0.16,0.22,0,24,0,0,0,0.0,0.0
7,2837,9,True,0,2025-02-24,0,0.0,0.15,0.17,0,24,0,0,0,0.0,0.0
7,2863,9,True,0,2025-02-24,0,0.0,0.14,0.22,0,24,0,0,0,0.0,0.0
7,2865,9,True,0,2025-02-24,0,0.0,0.07,0.14,0,24,0,0,0,0.0,0.0
7,2879,9,True,0,2025-02-24,0,0.0,0.02,0.04,0,24,0,0,0,0.0,0.0
7,2900,9,True,0,2025-02-24,0,0.0,0.03,0.09,0,24,0,0,0,0.0,0.0
7,2965,9,True,0,2025-02-24,0,0.0,0.04,0.04,0,24,0,0,0,0.0,0.0
7,2993,9,True,0,2025-02-24,0,0.0,0.08,0.17,0,24,0,0,0,0.0,0.0
7,3005,9,True,0,2025-02-24,0,0.0,0.1,0.12,0,24,0,0,0,0.0,0.0
7,3075,9,True,0,2025-02-24,1,0.0,0.19,0.43,0,24,0,0,0,0.0,0.0
7,3080,9,True,0,2025-02-24,0,0.0,0.22,0.5,0,24,0,0,0,0.14285714285714285,0.0
7,3081,9,True,0,2025-02-24,0,0.0,0.08,0.14,0,24,0,0,0,0.14285714285714285,0.0
7,3109,9,True,0,2025-02-24,0,0.0,0.03,0.08,0,24,0,0,0,0.14285714285714285,0.0
7,3138,9,True,0,2025-02-24,0,0.0,0.18,0.28,0,24,0,0,0,0.14285714285714285,0.0
7,3141,9,True,0,2025-02-24,0,0.0,0.06,0.17,0,24,0,0,0,0.14285714285714285,0.0
7,3150,9,True,0,2025-02-24,0,0.0,0.0,0.01,0,24,0,0,0,0.14285714285714285,0.0
7,3171,9,True,0,2025-02-24,0,0.0,0.03,0.06,0,24,0,0,0,0.14285714285714285,0.0
7,3182,9,True,0,2025-02-24,0,0.0,0.02,0.08,0,24,0,0,0,0.0,0.0
7,3231,9,True,0,2025-02-24,0,0.0,0.08,0.17,0,24,0,0,0,0.0,0.0
7,3243,9,True,0,2025-02-24,0,0.0,0.02,0.06,0,24,0,0,0,0.0,0.0
7,3252,9,True,0,2025-02-24,0,0.0,0.02,0.09,0,24,0,0,0,0.0,0.0
7,3270,9,True,0,2025-02-24,0,0.0,0.12,0.18,0,24,0,0,0,0.0,0.0
7,3297,9,True,0,2025-02-24,1,0.0,0.13,0.22,0,24,0,0,0,0.0,0.0
7,3301,9,True,0,2025-02-24,0,0.0,0.09,0.17,0,24,0,0,0,0.14285714285714285,0.0
7,3306,9,True,0,2025-02-24,0,0.0,0.13,0.19,0,24,0,0,0,0.14285714285714285,0.0
7,3316,9,True,0,2025-02-24,0,0.0,0.01,0.04,0,24,0,0,0,0.14285714285714285,0.0
7,3321,9,True,0,2025-02-24,0,0.0,0.02,0.08,0,24,0,0,0,0.14285714285714285,0.0
7,3357,9,True,0,2025-02-24,0,0.0,0.25,0.5,0,24,0,0,0,0.14285714285714285,0.0
7,3362,9,True,0,2025-02-24,0,0.0,0.02,0.05,0,24,0,0,0,0.14285714285714285,0.0
7,3371,9,True,0,2025-02-24,0,0.0,0.05,0.26,0,24,0,0,0,0.14285714285714285,0.0
7,3375,9,True,0,2025-02-24,0,0.0,0.1,0.31,0,24,0,0,0,0.0,0.0
7,3378,9,True,0,2025-02-24,0,0.0,0.09,0.15,0,24,0,0,0,0.0,0.0
7,3390,9,True,0,2025-02-24,0,0.0,0.04,0.08,0,24,0,0,0,0.0,0.0
7,3391,9,True,0,2025-02-24,0,0.0,0.1,0.15,0,24,0,0,0,0.0,0.0
7,3410,9,True,0,2025-02-24,0,0.0,0.06,0.08,0,24,0,0,0,0.0,0.0
7,3418,9,True,0,2025-02-24,0,0.0,0.11,0.2,0,24,0,0,0,0.0,0.0
7,3429,9,True,0,2025-02-24,0,0.0,0.09,0.13,0,24,0,0,0,0.0,0.0
7,3432,9,True,0,2025-02-24,0,0.0,0.01,0.05,0,24,0,0,0,0.0,0.0
7,3461,9,True,0,2025-02-24,0,0.0,0.01,0.05,0,24,0,0,0,0.0,0.0
7,3478,9,True,0,2025-02-24,2,0.0,0.03,0.05,0,24,0,0,0,0.0,0.0
7,3483,9,True,0,2025-02-24,0,0.0,0.07,0.15,0,24,0,0,0,0.2857142857142857,0.0
7,3487,9,True,0,2025-02-24,0,0.0,0.08,0.11,0,24,0,0,0,0.2857142857142857,0.0
7,3510,9,True,0,2025-02-24,0,0.0,0.08,0.14,0,24,0,0,0,0.2857142857142857,0.0
7,3513,9,True,0,2025-02-24,0,0.0,0.05,0.09,0,24,0,0,0,0.2857142857142857,0.0
7,3515,9,True,0,2025-02-24,0,0.0,0.01,0.02,0,24,0,0,0,0.2857142857142857,0.0
7,3541,9,True,0,2025-02-24,0,0.0,0.01,0.04,0,24,0,0,0,0.2857142857142857,0.0
7,3544,9,True,0,2025-02-24,1,0.0,0.1,0.15,0,24,0,0,0,0.2857142857142857,0.0
7,3600,9,True,0,2025-02-24,0,0.0,0.15,0.19,0,24,0,0,0,0.14285714285714285,0.0
7,3665,9,True,0,2025-02-24,0,0.0,0.02,0.03,0,24,0,0,0,0.14285714285714285,0.0
7,3674,9,True,0,2025-02-24,0,0.0,0.02,0.07,0,24,0,0,0,0.14285714285714285,0.0
7,3677,9,True,0,2025-02-24,0,0.0,0.05,0.08,0,24,0,0,0,0.14285714285714285,0.0
7,3709,9,True,0,2025-02-24,0,0.0,0.05,0.1,0,24,0,0,0,0.14285714285714285,0.0
7,3739,9,True,0,2025-02-24,0,0.0,0.02,0.02,0,24,0,0,0,0.14285714285714285,0.0
7,3747,9,True,0,2025-02-24,1,0.0,0.05,0.07,0,24,0,0,0,0.14285714285714285,0.0
7,3762,9,True,0,2025-02-24,0,0.0,0.02,0.09,0,24,0,0,0,0.14285714285714285,0.0
7,3771,9,True,0,2025-02-24,0,0.0,0.08,0.12,0,24,0,0,0,0.14285714285714285,0.0
7,3775,9,True,0,2025-02-24,0,0.0,0.07,0.23,0,24,0,0,0,0.14285714285714285,0.0
7,3787,9,True,0,2025-02-24,0,0.0,0.18,0.22,0,24,0,0,0,0.14285714285714285,0.0
7,3809,9,True,0,2025-02-24,0,0.0,0.02,0.09,0,24,0,0,0,0.14285714285714285,0.0
7,3810,9,True,0,2025-02-24,3,0.0,0.3,0.55,0,24,0,0,0,0.14285714285714285,0.0
7,3817,9,True,0,2025-02-24,0,0.0,0.01,0.06,0,24,0,0,0,0.5714285714285714,0.0
7,3849,9,True,0,2025-02-24,0,0.0,0.05,0.12,0,24,0,0,0,0.42857142857142855,0.0
7,3854,9,True,0,2025-02-24,1,0.0,0.06,0.38,0,24,0,0,0,0.42857142857142855,0.0
7,3859,9,True,0,2025-02-24,0,0.0,0.02,0.06,0,24,0,0,0,0.5714285714285714,0.0
7,3860,9,True,0,2025-02-24,0,0.0,0.02,0.09,0,24,0,0,0,0.5714285714285714,0.0
7,3871,9,True,0,2025-02-24,0,0.0,0.02,0.07,0,24,0,0,0,0.5714285714285714,0.0
7,3920,9,True,0,2025-02-24,0,0.0,0.06,0.13,0,24,0,0,0,0.5714285714285714,0.0
7,3933,9,True,0,2025-02-24,0,0.0,0.12,0.2,0,24,0,0,0,0.14285714285714285,0.0
7,3973,9,True,0,2025-02-24,0,0.0,0.02,0.04,0,24,0,0,0,0.14285714285714285,0.0
7,3981,9,True,0,2025-02-24,0,0.0,0.01,0.04,0,24,0,0,0,0.14285714285714285,0.0
7,3989,9,True,0,2025-02-24,0,0.0,0.15,0.35,0,24,0,0,0,0.0,0.0
7,4022,9,True,0,2025-02-24,0,0.0,0.08,0.09,0,24,0,0,0,0.0,0.0
7,4039,9,True,0,2025-02-24,0,0.0,0.05,0.12,0,24,0,0,0,0.0,0.0
7,4051,9,True,0,2025-02-24,0,0.0,0.02,0.09,0,24,0,0,0,0.0,0.0
7,4091,9,True,0,2025-02-24,0,0.0,0.04,0.17,0,24,0,0,0,0.0,0.0
7,4131,9,True,0,2025-02-24,0,0.0,0.02,0.08,0,24,0,0,0,0.0,0.0
7,4146,9,True,0,2025-02-24,0,0.0,0.09,0.23,0,24,0,0,0,0.0,0.0
7,4164,9,True,0,2025-02-24,0,0.0,0.02,0.04,0,24,0,0,0,0.0,0.0
7,4168,9,True,0,2025-02-24,0,0.0,0.06,0.12,0,24,0,0,0,0.0,0.0
7,4222,9,True,0,2025-02-24,0,0.0,0.04,0.1,0,24,0,0,0,0.0,0.0
7,4263,9,True,0,2025-02-24,0,0.0,0.01,0.02,0,24,0,0,0,0.0,0.0
7,4271,9,True,0,2025-02-24,0,0.0,0.02,0.06,0,24,0,0,0,0.0,0.0
7,4274,9,True,0,2025-02-24,0,0.0,0.04,0.07,0,24,0,0,0,0.0,0.0
7,4280,9,True,0,2025-02-24,0,0.0,0.05,0.08,0,24,0,0,0,0.0,0.0
7,4337,9,True,0,2025-02-24,0,0.0,0.04,0.05,0,24,0,0,0,0.0,0.0
7,4375,9,True,0,2025-02-24,0,0.0,0.01,0.01,0,24,0,0,0,0.0,0.0
7,4394,9,True,0,2025-02-24,0,0.0,0.02,0.04,0,24,0,0,0,0.0,0.0
7,4419,9,True,0,2025-02-24,0,0.0,0.06,0.09,0,24,0,0,0,0.0,0.0
7,4462,9,True,0,2025-02-24,0,0.0,0.13,0.17,0,24,0,0,0,0.0,0.0
7,4482,9,True,0,2025-02-24,0,0.0,0.04,0.13,0,24,0,0,0,0.0,0.0
7,4483,9,True,0,2025-02-24,0,0.0,0.05,0.06,0,24,0,0,0,0.0,0.0
7,4495,9,True,0,2025-02-24,0,0.0,0.01,0.05,0,24,0,0,0,0.0,0.0
7,4512,9,True,0,2025-02-24,0,0.0,0.04,0.09,0,24,0,0,0,0.0,0.0
7,4547,9,True,0,2025-02-24,6,0.0,0.01,0.05,0,24,0,0,0,0.0,0.0
7,4552,9,True,0,2025-02-24,0,0.0,0.07,0.14,0,24,0,0,0,0.8571428571428571,0.0
7,4578,9,True,0,2025-02-24,0,0.0,0.04,0.07,0,24,0,0,0,0.8571428571428571,0.0
7,4588,9,True,0,2025-02-24,0,0.0,0.02,0.06,0,24,0,0,0,0.8571428571428571,0.0
7,4603,9,True,0,2025-02-24,0,0.0,0.02,0.07,0,24,0,0,0,0.8571428571428571,0.0
7,4611,9,True,0,2025-02-24,0,0.0,0.01,0.03,0,24,0,0,0,0.8571428571428571,0.0
7,4619,9,True,0,2025-02-24,0,0.0,0.05,0.1,0,24,0,0,0,0.8571428571428571,0.0
7,4680,9,True,0,2025-02-24,0,0.0,0.01,0.05,0,24,0,0,0,0.8571428571428571,0.0
7,4694,9,True,0,2025-02-24,0,0.0,0.02,0.08,0,24,0,0,0,0.0,0.0
7,4708,9,True,0,2025-02-24,0,0.0,0.04,0.1,0,24,0,0,0,0.0,0.0
7,4720,9,True,0,2025-02-24,0,0.0,0.03,0.04,0,24,0,0,0,0.0,0.0
7,4738,9,True,0,2025-02-24,0,0.0,0.06,0.23,0,24,0,0,0,0.0,0.0
7,4746,9,True,0,2025-02-24,0,0.0,0.19,0.22,0,24,0,0,0,0.0,0.0
7,4752,9,True,0,2025-02-24,0,0.0,0.03,0.11,0,24,0,0,0,0.0,0.0
7,4762,9,True,0,2025-02-24,0,0.0,0.02,0.08,0,24,0,0,0,0.0,0.0
7,4776,9,True,0,2025-02-24,0,0.0,0.02,0.05,0,24,0,0,0,0.0,0.0
7,4777,9,True,0,2025-02-24,0,0.0,0.02,0.03,0,24,0,0,0,0.0,0.0
7,4796,9,True,0,2025-02-24,0,0.0,0.02,0.07,0,24,0,0,0,0.0,0.0
7,4797,9,True,0,2025-02-24,0,0.0,0.01,0.02,0,24,0,0,0,0.0,0.0
7,4814,9,True,0,2025-02-24,0,0.0,0.01,0.09,0,24,0,0,0,0.0,0.0
7,4828,9,True,0,2025-02-24,0,0.0,0.09,0.15,0,24,0,0,0,0.0,0.0
7,4831,9,True,0,2025-02-24,0,0.0,0.07,0.13,0,24,0,0,0,0.0,0.0
7,4916,9,True,0,2025-02-24,0,0.0,0.02,0.09,0,24,0,0,0,0.0,0.0
7,4940,9,True,0,2025-02-24,0,0.0,0.01,0.06,0,24,0,0,0,0.0,0.0
7,4949,9,True,0,2025-02-24,0,0.0,0.01,0.05,0,24,0,0,0,0.0,0.0
7,4982,9,True,0,2025-02-24,0,0.0,0.02,0.07,0,24,0,0,0,0.0,0.0
7,4993,9,True,0,2025-02-24,0,0.0,0.02,0.04,0,24,0,0,0,0.0,0.0
7,4995,9,True,0,2025-02-24,0,0.0,0.05,0.07,0,24,0,0,0,0.0,0.0
7,5007,9,True,0,2025-02-24,0,0.0,0.01,0.02,0,24,0,0,0,0.0,0.0
7,5010,9,True,0,2025-02-24,0,1.0,0.33,0.37,0,24,0,0,0,0.0,0.0
7,5037,9,True,0,2025-02-24,0,0.0,0.01,0.03,0,24,0,0,0,0.0,0.0
7,5065,9,True,0,2025-02-24,0,0.0,0.17,0.53,0,24,0,0,0,0.0,0.0
7,5066,9,True,0,2025-02-24,0,0.0,0.07,0.16,0,24,0,0,0,0.0,0.0
7,5081,9,True,0,2025-02-24,0,0.0,0.0,0.01,0,24,0,0,0,0.0,0.0
7,5104,9,True,0,2025-02-24,0,0.0,0.17,0.2,0,24,0,0,0,0.0,0.0
7,5157,9,True,0,2025-02-24,0,0.0,0.18,0.21,0,24,0,0,0,0.0,0.0
7,5164,9,True,0,2025-02-24,0,0.0,0.02,0.04,0,24,0,0,0,0.0,0.0
7,5215,9,True,0,2025-02-24,0,0.0,0.04,0.09,0,24,0,0,0,0.0,0.0
7,5222,9,True,0,2025-02-24,0,0.0,0.11,0.2,0,24,0,0,0,0.0,0.0
7,5224,9,True,0,2025-02-24,0,0.0,0.04,0.05,0,24,0,0,0,0.0,0.0
7,5245,9,True,0,2025-02-24,0,0.0,0.05,0.05,0,24,0,0,0,0.0,0.0
7,5254,9,True,0,2025-02-24,0,0.0,0.01,0.04,0,24,0,0,0,0.0,0.0
7,5277,9,True,0,2025-02-24,0,0.0,0.19,0.39,0,24,0,0,0,0.0,0.0
7,5279,9,True,0,2025-02-24,0,0.0,0.01,0.03,0,24,0,0,0,0.0,0.0
7,770,10,False,0,2025-02-24,3,0.0,0.02,0.03,0,24,0,0,0,0.0,0.0
7,2006,10,False,0,2025-02-24,50,0.0,0.0,0.0,0,24,0,0,0,0.42857142857142855,0.0
7,2223,10,False,0,2025-02-24,0,0.0,0.03,0.04,0,24,0,0,0,7.571428571428571,0.0
7,2582,10,False,0,2025-02-24,29,0.0,0.03,0.05,0,24,0,0,0,7.571428571428571,0.0
7,3368,10,False,0,2025-02-24,0,0.0,0.03,0.04,0,24,0,0,0,11.714285714285714,0.0
7,3451,10,False,0,2025-02-24,56,0.0,0.01,0.01,0,24,0,0,0,11.714285714285714,3.498361641144496
7,3825,10,False,0,2025-02-24,9,0.0,0.02,0.04,0,24,0,0,0,19.714285714285715,0.0
7,4021,10,False,0,2025-02-24,5,0.0,0.02,0.06,0,24,0,0,0,21.0,0.0
7,4072,10,False,0,2025-02-24,0,0.0,0.0,0.0,0,24,0,0,0,21.285714285714285,0.0
7,37,11,False,0,2025-02-24,0,0.0,0.14,0.17,0,24,0,0,0,14.142857142857142,0.0
7,256,11,False,0,2025-02-24,0,0.0,0.3,0.36,0,24,0,0,0,14.142857142857142,0.0
7,402,11,False,0,2025-02-24,2,0.0,0.09,0.1,0,24,0,0,0,10.0,0.0
7,456,11,False,0,2025-02-24,2,0.0,0.1,0.13,0,24,0,0,0,10.285714285714286,0.0
7,458,11,False,0,2025-02-24,3,0.0,0.15,0.16,0,24,0,0,0,2.5714285714285716,0.0
7,1064,11,False,0,2025-02-24,2,0.0,0.18,0.21,0,24,0,0,0,1.7142857142857142,0.0
7,1086,11,False,0,2025-02-24,3,0.0,0.07,0.08,0,24,0,0,0,1.2857142857142858,0.0
7,1465,11,False,0,2025-02-24,2,0.0,0.15,0.15,0,24,0,0,0,1.7142857142857142,0.0
7,1592,11,False,0,2025-02-24,3,0.0,0.3,0.36,0,24,0,0,0,2.0,0.0
7,1802,11,False,0,2025-02-24,4,0.0,0.1,0.11,0,24,0,0,0,2.4285714285714284,0.0
7,1816,11,False,0,2025-02-24,2,0.0,0.06,0.07,0,24,0,0,0,2.7142857142857144,0.0
7,1859,11,False,0,2025-02-24,3,0.0,0.1,0.14,0,24,0,0,0,2.7142857142857144,0.0
7,1961,11,False,0,2025-02-24,3,0.0,0.1,0.12,0,24,0,0,0,2.7142857142857144,0.0
7,2662,11,False,0,2025-02-24,0,0.0,0.2,0.23,0,24,0,0,0,2.857142857142857,0.0
7,2906,11,False,0,2025-02-24,4,0.0,0.14,0.17,0,24,0,0,0,2.4285714285714284,0.0
7,3213,11,False,0,2025-02-24,3,0.0,0.06,0.07,0,24,0,0,0,2.7142857142857144,0.0
7,3268,11,False,0,2025-02-24,0,0.0,0.19,0.29,0,24,0,0,0,2.7142857142857144,0.0
7,4505,11,False,0,2025-02-24,3,0.0,0.06,0.06,0,24,0,0,0,2.142857142857143,0.0
7,4665,11,False,0,2025-02-24,3,0.0,0.06,0.07,0,24,0,0,0,2.2857142857142856,0.0
7,5084,11,False,0,2025-02-24,3,0.0,0.14,0.18,0,24,0,0,0,2.2857142857142856,0.0
7,134,1,False,0,2025-02-28,3,0.0,0.16,0.21,4,28,0,0,1,2.2857142857142856,0.0
7,140,1,False,0,2025-02-28,2,0.0,0.18,0.23,4,28,0,0,1,2.7142857142857144,0.0
7,233,1,False,0,2025-02-28,2,0.0,0.24,0.29,4,28,0,0,1,2.4285714285714284,0.0
7,277,1,False,0,2025-02-28,2,0.0,0.3,0.31,4,28,0,0,1,2.2857142857142856,0.0
7,288,1,False,0,2025-02-28,4,0.0,0.01,0.03,4,28,0,0,1,2.5714285714285716,0.0
7,383,1,False,0,2025-02-28,0,0.0,0.01,0.01,4,28,0,0,1,2.7142857142857144,0.0
7,423,1,False,0,2025-02-28,2,0.0,0.01,0.01,4,28,0,0,1,2.2857142857142856,0.0
7,491,1,False,0,2025-02-28,4,0.0,0.13,0.16,4,28,0,0,1,2.142857142857143,0.0
7,532,1,False,0,2025-02-28,2,0.0,0.17,0.2,4,28,0,0,1,2.2857142857142856,0.0
7,649,1,False,0,2025-02-28,3,0.0,0.32,0.4,4,28,0,0,1,2.2857142857142856,0.0
7,695,1,False,0,2025-02-28,0,0.0,0.14,0.15,4,28,0,0,1,2.4285714285714284,0.0
7,1376,1,False,0,2025-02-28,2,0.0,0.16,0.19,4,28,0,0,1,2.142857142857143,0.0
7,1568,1,False,0,2025-02-28,2,0.0,0.14,0.19,4,28,0,0,1,1.8571428571428572,0.0
7,1627,1,False,0,2025-02-28,2,0.0,0.13,0.2,4,28,0,0,1,2.142857142857143,0.0
7,2070,1,False,0,2025-02-28,0,0.0,0.25,0.31,4,28,0,0,1,2.142857142857143,0.0
7,2549,1,False,0,2025-02-28,3,0.0,0.22,0.28,4,28,0,0,1,1.5714285714285714,0.0
7,2611,1,False,0,2025-02-28,4,0.0,0.12,0.16,4,28,0,0,1,1.7142857142857142,0.0
7,2665,1,False,0,2025-02-28,2,0.0,0.32,0.41,4,28,0,0,1,1.8571428571428572,0.0
7,2808,1,False,0,2025-02-28,1,0.0,0.1,0.12,4,28,0,0,1,2.142857142857143,0.0
7,3006,1,False,0,2025-02-28,1,0.0,0.14,0.17,4,28,0,0,1,2.0,0.0
7,3163,1,False,0,2025-02-28,1,0.0,0.04,0.05,4,28,0,0,1,1.8571428571428572,0.0
7,3643,1,False,0,2025-02-28,1,0.0,0.12,0.15,4,28,0,0,1,1.7142857142857142,0.0
7,3718,1,False,0,2025-02-28,2,0.0,0.18,0.22,4,28,0,0,1,1.8571428571428572,0.0
7,3983,1,False,0,2025-02-28,2,0.0,0.16,0.2,4,28,0,0,1,1.7142857142857142,0.0
7,4535,1,False,0,2025-02-28,3,0.0,0.44,0.53,4,28,0,0,1,1.4285714285714286,0.0
7,4601,1,False,0,2025-02-28,4,0.0,0.01,0.03,4,28,0,0,1,1.5714285714285714,0.0
7,4606,1,False,0,2025-02-28,2,0.0,0.13,0.17,4,28,0,0,1,2.0,0.0
7,4651,1,False,0,2025-02-28,0,0.0,0.12,0.14,4,28,0,0,1,2.142857142857143,0.0
7,4920,1,False,0,2025-02-28,1,0.0,0.17,0.2,4,28,0,0,1,2.0,0.0
7,208,2,False,0,2025-02-28,5,0.0,0.07,0.13,4,28,0,0,1,2.0,0.0
7,2165,2,False,0,2025-02-28,15,1.0,0.02,0.24,4,28,0,0,1,2.4285714285714284,0.0
7,2251,2,False,0,2025-02-28,0,0.0,0.17,0.37,4,28,0,0,1,4.285714285714286,0.0
7,28,3,True,0,2025-02-28,0,0.0,0.24,0.32,4,28,0,0,1,3.857142857142857,0.0
7,35,3,True,0,2025-02-28,2,0.0,0.11,0.14,4,28,0,0,1,3.2857142857142856,0.0
7,46,3,True,0,2025-02-28,0,0.0,0.25,0.32,4,28,0,0,1,3.2857142857142856,0.0
7,78,3,True,0,2025-02-28,0,0.0,0.11,0.12,4,28,0,0,1,3.2857142857142856,0.0
7,79,3,True,0,2025-02-28,0,0.0,0.24,0.31,4,28,0,0,1,3.142857142857143,0.0
7,84,3,True,0,2025-02-28,0,0.0,0.22,0.29,4,28,0,0,1,2.4285714285714284,0.0
7,92,3,True,0,2025-02-28,0,0.0,0.11,0.29,4,28,0,0,1,0.2857142857142857,0.0
7,93,3,True,0,2025-02-28,0,0.0,0.15,0.22,4,28,0,0,1,0.2857142857142857,0.0
7,97,3,True,0,2025-02-28,0,0.0,0.16,0.22,4,28,0,0,1,0.2857142857142857,0.0
7,101,3,True,0,2025-02-28,0,0.0,0.25,0.35,4,28,0,0,1,0.0,0.0
7,105,3,True,0,2025-02-28,0,0.0,0.31,0.4,4,28,0,0,1,0.0,0.0
7,108,3,True,0,2025-02-28,1,0.0,0.53,0.68,4,28,0,0,1,0.0,0.0
7,117,3,True,0,2025-02-28,0,0.0,0.12,0.15,4,28,0,0,1,0.14285714285714285,0.0
7,127,3,True,0,2025-02-28,0,0.0,0.18,0.22,4,28,0,0,1,0.14285714285714285,0.0
7,133,3,True,0,2025-02-28,0,0.0,0.18,0.2,4,28,0,0,1,0.14285714285714285,0.0
7,143,3,True,0,2025-02-28,0,0.0,0.19,0.24,4,28,0,0,1,0.14285714285714285,0.0
7,153,3,True,0,2025-02-28,0,0.0,0.24,0.35,4,28,0,0,1,0.14285714285714285,0.0
7,181,3,True,0,2025-02-28,0,0.0,0.16,0.22,4,28,0,0,1,0.14285714285714285,0.0
7,183,3,True,0,2025-02-28,0,0.0,0.22,0.26,4,28,0,0,1,0.14285714285714285,0.0
7,186,3,True,0,2025-02-28,0,0.0,0.24,0.29,4,28,0,0,1,0.0,0.0
7,195,3,True,0,2025-02-28,1,0.0,0.05,0.08,4,28,0,0,1,0.0,0.0
7,197,3,True,0,2025-02-28,0,0.0,0.08,0.1,4,28,0,0,1,0.14285714285714285,0.0
7,204,3,True,0,2025-02-28,2,0.0,0.47,0.54,4,28,0,0,1,0.14285714285714285,0.0
7,214,3,True,0,2025-02-28,0,0.0,0.24,0.37,4,28,0,0,1,0.42857142857142855,0.0
7,219,3,True,0,2025-02-28,2,0.0,0.08,0.13,4,28,0,0,1,0.42857142857142855,0.0
7,220,3,True,0,2025-02-28,4,0.0,0.09,0.12,4,28,0,0,1,0.7142857142857143,0.0
7,223,3,True,0,2025-02-28,0,0.0,0.01,0.01,4,28,0,0,1,1.2857142857142858,0.0
7,227,3,True,0,2025-02-28,0,0.0,0.04,0.05,4,28,0,0,1,1.2857142857142858,0.0
7,232,3,True,0,2025-02-28,0,0.0,0.21,0.26,4,28,0,0,1,1.1428571428571428,0.0
7,236,3,True,0,2025-02-28,2,0.0,0.09,0.1,4,28,0,0,1,1.1428571428571428,0.0
7,241,3,True,0,2025-02-28,0,0.0,0.06,0.08,4,28,0,0,1,1.1428571428571428,0.0
7,242,3,True,0,2025-02-28,0,0.0,0.13,0.24,4,28,0,0,1,1.1428571428571428,0.0
7,245,3,True,0,2025-02-28,0,0.0,0.12,0.22,4,28,0,0,1,0.8571428571428571,0.0
7,247,3,True,0,2025-02-28,2,0.0,0.15,0.22,4,28,0,0,1,0.2857142857142857,0.0
7,254,3,True,0,2025-02-28,0,0.0,0.31,0.48,4,28,0,0,1,0.5714285714285714,0.0
7,263,3,True,0,2025-02-28,0,0.0,0.33,0.4,4,28,0,0,1,0.5714285714285714,0.0
7,273,3,True,0,2025-02-28,0,0.0,0.11,0.12,4,28,0,0,1,0.5714285714285714,0.0
7,274,3,True,0,2025-02-28,0,0.0,0.3,0.36,4,28,0,0,1,0.2857142857142857,0.0
7,279,3,True,0,2025-02-28,0,0.0,0.15,0.19,4,28,0,0,1,0.2857142857142857,0.0
7,285,3,True,0,2025-02-28,0,0.0,0.3,0.47,4,28,0,0,1,0.2857142857142857,0.0
7,293,3,True,0,2025-02-28,0,0.0,0.07,0.09,4,28,0,0,1,0.2857142857142857,0.0
7,295,3,True,0,2025-02-28,0,0.0,0.09,0.12,4,28,0,0,1,0.0,0.0
7,299,3,True,0,2025-02-28,0,0.0,0.31,0.47,4,28,0,0,1,0.0,0.0
7,300,3,True,0,2025-02-28,0,0.0,0.16,0.17,4,28,0,0,1,0.0,0.0
7,310,3,True,0,2025-02-28,0,0.0,0.14,0.16,4,28,0,0,1,0.0,0.0
7,332,3,True,0,2025-02-28,0,0.0,0.23,0.31,4,28,0,0,1,0.0,0.0
7,343,3,True,0,2025-02-28,0,0.0,0.03,0.04,4,28,0,0,1,0.0,0.0
7,353,3,True,0,2025-02-28,0,0.0,0.18,0.2,4,28,0,0,1,0.0,0.0
7,369,3,True,0,2025-02-28,0,0.0,0.16,0.18,4,28,0,0,1,0.0,0.0
7,373,3,True,0,2025-02-28,1,0.0,0.02,0.03,4,28,0,0,1,0.0,0.0
7,376,3,True,0,2025-02-28,0,0.0,0.6,0.64,4,28,0,0,1,0.14285714285714285,0.0
7,397,3,True,0,2025-02-28,0,0.0,0.09,0.11,4,28,0,0,1,0.14285714285714285,0.0
7,401,3,True,0,2025-02-28,0,0.0,0.11,0.16,4,28,0,0,1,0.14285714285714285,0.0
7,406,3,True,0,2025-02-28,0,0.0,0.39,0.46,4,28,0,0,1,0.14285714285714285,0.0
7,412,3,True,0,2025-02-28,0,0.0,0.25,0.29,4,28,0,0,1,0.14285714285714285,0.0
7,413,3,True,0,2025-02-28,2,0.0,0.04,0.04,4,28,0,0,1,0.14285714285714285,0.0
7,420,3,True,0,2025-02-28,0,0.0,0.29,0.45,4,28,0,0,1,0.42857142857142855,0.0
7,421,3,True,0,2025-02-28,0,0.0,0.18,0.28,4,28,0,0,1,0.2857142857142857,0.0
7,437,3,True,0,2025-02-28,0,0.0,0.09,0.14,4,28,0,0,1,0.2857142857142857,0.0
7,439,3,True,0,2025-02-28,0,0.0,0.07,0.13,4,28,0,0,1,0.2857142857142857,0.0
7,448,3,True,0,2025-02-28,0,0.0,0.14,0.19,4,28,0,0,1,0.2857142857142857,0.0
7,460,3,True,0,2025-02-28,0,0.0,0.18,0.19,4,28,0,0,1,0.2857142857142857,0.0
7,471,3,True,0,2025-02-28,0,0.0,0.1,0.14,4,28,0,0,1,0.2857142857142857,0.0
7,475,3,True,0,2025-02-28,0,0.0,0.26,0.32,4,28,0,0,1,0.0,0.0
7,476,3,True,0,2025-02-28,0,0.0,0.25,0.31,4,28,0,0,1,0.0,0.0
7,480,3,True,0,2025-02-28,0,0.0,0.09,0.1,4,28,0,0,1,0.0,0.0
7,490,3,True,0,2025-02-28,0,0.0,0.15,0.18,4,28,0,0,1,0.0,0.0
7,499,3,True,0,2025-02-28,0,0.0,0.08,0.12,4,28,0,0,1,0.0,0.0
7,502,3,True,0,2025-02-28,1,0.0,0.14,0.16,4,28,0,0,1,0.0,0.0
7,525,3,True,0,2025-02-28,1,0.0,0.3,0.38,4,28,0,0,1,0.14285714285714285,0.0
7,534,3,True,0,2025-02-28,0,0.0,0.22,0.29,4,28,0,0,1,0.2857142857142857,0.0
7,535,3,True,0,2025-02-28,1,0.0,0.12,0.12,4,28,0,0,1,0.2857142857142857,0.0
7,540,3,True,0,2025-02-28,0,0.0,0.05,0.07,4,28,0,0,1,0.42857142857142855,0.0
7,545,3,True,0,2025-02-28,0,0.0,0.26,0.3,4,28,0,0,1,0.42857142857142855,0.0
7,548,3,True,0,2025-02-28,0,0.0,0.37,0.46,4,28,0,0,1,0.42857142857142855,0.0
7,555,3,True,0,2025-02-28,0,0.0,0.48,0.47,4,28,0,0,1,0.42857142857142855,0.0
7,580,3,True,0,2025-02-28,4,0.0,0.16,0.22,4,28,0,0,1,0.2857142857142857,0.0
7,583,3,True,0,2025-02-28,0,0.0,0.61,0.83,4,28,0,0,1,0.7142857142857143,0.0
7,592,3,True,0,2025-02-28,0,0.0,0.21,0.31,4,28,0,0,1,0.7142857142857143,0.0
7,596,3,True,0,2025-02-28,0,0.0,0.16,0.2,4,28,0,0,1,0.5714285714285714,0.0
7,607,3,True,0,2025-02-28,0,0.0,0.48,0.56,4,28,0,0,1,0.5714285714285714,0.0
7,609,3,True,0,2025-02-28,0,0.0,0.08,0.11,4,28,0,0,1,0.5714285714285714,0.0
7,611,3,True,0,2025-02-28,0,0.0,0.15,0.17,4,28,0,0,1,0.5714285714285714,0.0
7,631,3,True,0,2025-02-28,0,0.0,0.07,0.08,4,28,0,0,1,0.5714285714285714,0.0
7,634,3,True,0,2025-02-28,0,0.0,0.34,0.38,4,28,0,0,1,0.0,0.0
7,637,3,True,0,2025-02-28,0,0.0,0.16,0.16,4,28,0,0,1,0.0,0.0
7,640,3,True,0,2025-02-28,0,0.0,0.09,0.09,4,28,0,0,1,0.0,0.0
7,651,3,True,0,2025-02-28,0,0.0,0.06,0.08,4,28,0,0,1,0.0,0.0
7,655,3,True,0,2025-02-28,0,0.0,0.09,0.12,4,28,0,0,1,0.0,0.0
7,659,3,True,0,2025-02-28,0,0.0,0.23,0.26,4,28,0,0,1,0.0,0.0
7,661,3,True,0,2025-02-28,0,0.0,0.06,0.08,4,28,0,0,1,0.0,0.0
7,671,3,True,0,2025-02-28,0,0.0,0.21,0.22,4,28,0,0,1,0.0,0.0
7,683,3,True,0,2025-02-28,0,0.0,0.19,0.23,4,28,0,0,1,0.0,0.0
7,684,3,True,0,2025-02-28,0,0.0,0.08,0.12,4,28,0,0,1,0.0,0.0
7,685,3,True,0,2025-02-28,0,0.0,0.16,0.2,4,28,0,0,1,0.0,0.0
7,690,3,True,0,2025-02-28,2,0.0,0.01,0.02,4,28,0,0,1,0.0,0.0
7,702,3,True,0,2025-02-28,0,0.0,0.1,0.12,4,28,0,0,1,0.2857142857142857,0.0
7,706,3,True,0,2025-02-28,0,0.0,0.21,0.25,4,28,0,0,1,0.2857142857142857,0.0
7,710,3,True,0,2025-02-28,0,0.0,0.09,0.11,4,28,0,0,1,0.2857142857142857,0.0
7,711,3,True,0,2025-02-28,0,0.0,0.04,0.05,4,28,0,0,1,0.2857142857142857,0.0
7,719,3,True,0,2025-02-28,0,0.0,0.15,0.17,4,28,0,0,1,0.2857142857142857,0.0
7,720,3,True,0,2025-02-28,0,0.0,0.11,0.15,4,28,0,0,1,0.2857142857142857,0.0
7,729,3,True,0,2025-02-28,2,0.0,0.12,0.15,4,28,0,0,1,0.2857142857142857,0.0
7,740,3,True,0,2025-02-28,0,1.0,0.12,0.18,4,28,0,0,1,0.2857142857142857,0.0
7,744,3,True,0,2025-02-28,0,0.0,0.07,0.1,4,28,0,0,1,0.2857142857142857,0.0
7,753,3,True,0,2025-02-28,5,0.0,0.04,0.06,4,28,0,0,1,0.2857142857142857,0.0
7,759,3,True,0,2025-02-28,0,0.0,0.46,0.4,4,28,0,0,1,1.0,0.0
7,785,3,True,0,2025-02-28,0,0.0,0.06,0.07,4,28,0,0,1,1.0,0.0
7,787,3,True,0,2025-02-28,0,0.0,0.23,0.31,4,28,0,0,1,1.0,0.0
7,795,3,True,0,2025-02-28,0,0.0,0.11,0.15,4,28,0,0,1,1.0,0.0
7,796,3,True,0,2025-02-28,0,0.0,0.13,0.15,4,28,0,0,1,0.7142857142857143,0.0
7,799,3,True,0,2025-02-28,0,0.0,0.28,0.35,4,28,0,0,1,0.7142857142857143,0.0
7,803,3,True,0,2025-02-28,0,0.0,0.13,0.17,4,28,0,0,1,0.7142857142857143,0.0
7,809,3,True,0,2025-02-28,0,0.0,0.54,0.62,4,28,0,0,1,0.0,0.0
7,815,3,True,0,2025-02-28,0,0.0,0.34,0.65,4,28,0,0,1,0.0,0.0
7,829,3,True,0,2025-02-28,0,0.0,0.57,0.84,4,28,0,0,1,0.0,0.0
7,830,3,True,0,2025-02-28,0,0.0,0.12,0.15,4,28,0,0,1,0.0,0.0
7,844,3,True,0,2025-02-28,0,0.0,0.12,0.16,4,28,0,0,1,0.0,0.0
7,859,3,True,0,2025-02-28,0,0.0,0.03,0.09,4,28,0,0,1,0.0,0.0
7,867,3,True,0,2025-02-28,0,0.0,0.11,0.22,4,28,0,0,1,0.0,0.0
7,885,3,True,0,2025-02-28,0,0.0,0.34,0.42,4,28,0,0,1,0.0,0.0
7,886,3,True,0,2025-02-28,0,0.0,0.17,0.2,4,28,0,0,1,0.0,0.0
7,889,3,True,0,2025-02-28,0,0.0,0.07,0.09,4,28,0,0,1,0.0,0.0
7,894,3,True,0,2025-02-28,0,0.0,0.09,0.11,4,28,0,0,1,0.0,0.0
7,899,3,True,0,2025-02-28,0,0.0,0.07,0.1,4,28,0,0,1,0.0,0.0
7,900,3,True,0,2025-02-28,0,0.0,0.32,0.37,4,28,0,0,1,0.0,0.0
7,916,3,True,0,2025-02-28,0,0.0,0.43,0.64,4,28,0,0,1,0.0,0.0
7,924,3,True,0,2025-02-28,0,0.0,0.06,0.08,4,28,0,0,1,0.0,0.0
7,930,3,True,0,2025-02-28,0,0.0,0.02,0.03,4,28,0,0,1,0.0,0.0
7,933,3,True,0,2025-02-28,0,0.0,0.53,0.67,4,28,0,0,1,0.0,0.0
7,939,3,True,0,2025-02-28,0,0.0,0.51,0.52,4,28,0,0,1,0.0,0.0
7,959,3,True,0,2025-02-28,0,0.0,0.07,0.08,4,28,0,0,1,0.0,0.0
7,970,3,True,0,2025-02-28,1,0.0,0.05,0.07,4,28,0,0,1,0.0,0.0
7,984,3,True,0,2025-02-28,0,0.0,0.2,0.25,4,28,0,0,1,0.14285714285714285,0.0
7,985,3,True,0,2025-02-28,0,0.0,0.46,0.62,4,28,0,0,1,0.14285714285714285,0.0
7,990,3,True,0,2025-02-28,0,0.0,0.05,0.08,4,28,0,0,1,0.14285714285714285,0.0
7,1002,3,True,0,2025-02-28,0,0.0,0.17,0.21,4,28,0,0,1,0.14285714285714285,0.0
7,1012,3,True,0,2025-02-28,0,0.0,0.2,0.24,4,28,0,0,1,0.14285714285714285,0.0
7,1015,3,True,0,2025-02-28,0,0.0,0.26,0.29,4,28,0,0,1,0.14285714285714285,0.0
7,1025,3,True,0,2025-02-28,0,0.0,0.06,0.1,4,28,0,0,1,0.14285714285714285,0.0
7,1026,3,True,0,2025-02-28,0,0.0,0.06,0.07,4,28,0,0,1,0.0,0.0
7,1038,3,True,0,2025-02-28,0,0.0,0.11,0.14,4,28,0,0,1,0.0,0.0
7,1042,3,True,0,2025-02-28,0,0.0,0.16,0.2,4,28,0,0,1,0.0,0.0
7,1049,3,True,0,2025-02-28,0,0.0,0.13,0.18,4,28,0,0,1,0.0,0.0
7,1059,3,True,0,2025-02-28,0,0.0,0.19,0.24,4,28,0,0,1,0.0,0.0
7,1061,3,True,0,2025-02-28,0,0.0,0.1,0.12,4,28,0,0,1,0.0,0.0
7,1068,3,True,0,2025-02-28,0,0.0,0.17,0.24,4,28,0,0,1,0.0,0.0
7,1083,3,True,0,2025-02-28,0,0.0,0.16,0.19,4,28,0,0,1,0.0,0.0
7,1093,3,True,0,2025-02-28,0,0.0,0.12,0.17,4,28,0,0,1,0.0,0.0
7,1098,3,True,0,2025-02-28,0,0.0,0.23,0.3,4,28,0,0,1,0.0,0.0
7,1100,3,True,0,2025-02-28,0,0.0,0.05,0.07,4,28,0,0,1,0.0,0.0
7,1114,3,True,0,2025-02-28,0,0.0,0.1,0.15,4,28,0,0,1,0.0,0.0
7,1131,3,True,0,2025-02-28,0,0.0,0.06,0.09,4,28,0,0,1,0.0,0.0
7,1154,3,True,0,2025-02-28,0,0.0,0.08,0.11,4,28,0,0,1,0.0,0.0
7,1156,3,True,0,2025-02-28,2,0.0,0.12,0.13,4,28,0,0,1,0.0,0.0
7,1159,3,True,0,2025-02-28,0,0.0,0.17,0.15,4,28,0,0,1,0.2857142857142857,0.0
7,1160,3,True,0,2025-02-28,0,0.0,0.21,0.24,4,28,0,0,1,0.2857142857142857,0.0
7,1197,3,True,0,2025-02-28,2,0.0,0.17,0.19,4,28,0,0,1,0.2857142857142857,0.0
7,1201,3,True,0,2025-02-28,0,0.0,0.27,0.42,4,28,0,0,1,0.5714285714285714,0.0
7,1205,3,True,0,2025-02-28,0,0.0,0.09,0.1,4,28,0,0,1,0.5714285714285714,0.0
7,1206,3,True,0,2025-02-28,0,0.0,0.11,0.16,4,28,0,0,1,0.5714285714285714,0.0
7,1213,3,True,0,2025-02-28,0,0.0,0.06,0.08,4,28,0,0,1,0.5714285714285714,0.0
7,1214,3,True,0,2025-02-28,0,0.0,0.15,0.18,4,28,0,0,1,0.2857142857142857,0.0
7,1217,3,True,0,2025-02-28,0,0.0,0.1,0.21,4,28,0,0,1,0.2857142857142857,0.0
7,1226,3,True,0,2025-02-28,0,0.0,0.18,0.21,4,28,0,0,1,0.2857142857142857,0.0
7,1227,3,True,0,2025-02-28,0,0.0,0.13,0.17,4,28,0,0,1,0.0,0.0
7,1231,3,True,0,2025-02-28,0,0.0,0.18,0.21,4,28,0,0,1,0.0,0.0
7,1232,3,True,0,2025-02-28,0,0.0,0.09,0.09,4,28,0,0,1,0.0,0.0
7,1236,3,True,0,2025-02-28,0,0.0,0.23,0.29,4,28,0,0,1,0.0,0.0
7,1237,3,True,0,2025-02-28,0,0.0,0.11,0.18,4,28,0,0,1,0.0,0.0
7,1240,3,True,0,2025-02-28,0,0.0,0.2,0.28,4,28,0,0,1,0.0,0.0
7,1242,3,True,0,2025-02-28,0,0.0,0.11,0.13,4,28,0,0,1,0.0,0.0
7,1259,3,True,0,2025-02-28,0,0.0,0.15,0.18,4,28,0,0,1,0.0,0.0
7,1271,3,True,0,2025-02-28,0,0.0,0.14,0.15,4,28,0,0,1,0.0,0.0
7,1286,3,True,0,2025-02-28,0,0.0,0.04,0.04,4,28,0,0,1,0.0,0.0
7,1297,3,True,0,2025-02-28,0,0.0,0.4,0.56,4,28,0,0,1,0.0,0.0
7,1312,3,True,0,2025-02-28,0,0.0,0.38,0.51,4,28,0,0,1,0.0,0.0
7,1319,3,True,0,2025-02-28,0,0.0,0.31,0.43,4,28,0,0,1,0.0,0.0
7,1330,3,True,0,2025-02-28,0,0.0,0.47,0.62,4,28,0,0,1,0.0,0.0
7,1349,3,True,0,2025-02-28,0,0.0,0.09,0.15,4,28,0,0,1,0.0,0.0
7,1361,3,True,0,2025-02-28,0,0.0,0.19,0.24,4,28,0,0,1,0.0,0.0
7,1370,3,True,0,2025-02-28,0,0.0,0.06,0.09,4,28,0,0,1,0.0,0.0
7,1374,3,True,0,2025-02-28,0,0.0,0.26,0.36,4,28,0,0,1,0.0,0.0
7,1378,3,True,0,2025-02-28,0,0.0,0.13,0.16,4,28,0,0,1,0.0,0.0
7,1386,3,True,0,2025-02-28,0,0.0,0.12,0.1,4,28,0,0,1,0.0,0.0
7,1398,3,True,0,2025-02-28,0,0.0,0.08,0.11,4,28,0,0,1,0.0,0.0
7,1399,3,True,0,2025-02-28,10,0.0,0.01,0.02,4,28,0,0,1,0.0,0.0
7,1411,3,True,0,2025-02-28,0,0.0,0.24,0.33,4,28,0,0,1,1.4285714285714286,0.0
7,1440,3,True,0,2025-02-28,0,0.0,0.05,0.06,4,28,0,0,1,1.4285714285714286,0.0
7,1443,3,True,0,2025-02-28,0,0.0,0.14,0.17,4,28,0,0,1,1.4285714285714286,0.0
7,1455,3,True,0,2025-02-28,0,0.0,0.05,0.08,4,28,0,0,1,1.4285714285714286,0.0
7,1462,3,True,0,2025-02-28,0,0.0,0.32,0.42,4,28,0,0,1,1.4285714285714286,0.0
7,1472,3,True,0,2025-02-28,0,0.0,0.09,0.12,4,28,0,0,1,1.4285714285714286,0.0
7,1477,3,True,0,2025-02-28,1,0.0,0.1,0.13,4,28,0,0,1,1.4285714285714286,0.0
7,1478,3,True,0,2025-02-28,1,0.0,0.05,0.05,4,28,0,0,1,0.14285714285714285,0.0
7,1491,3,True,0,2025-02-28,0,0.0,0.24,0.3,4,28,0,0,1,0.2857142857142857,0.0
7,1499,3,True,0,2025-02-28,1,0.0,0.1,0.16,4,28,0,0,1,0.2857142857142857,0.0
7,1507,3,True,0,2025-02-28,0,0.0,0.09,0.1,4,28,0,0,1,0.42857142857142855,0.0
7,1508,3,True,0,2025-02-28,0,0.0,0.11,0.12,4,28,0,0,1,0.42857142857142855,0.0
7,1513,3,True,0,2025-02-28,0,0.0,0.12,0.16,4,28,0,0,1,0.42857142857142855,0.0
7,1523,3,True,0,2025-02-28,0,0.0,0.05,0.08,4,28,0,0,1,0.42857142857142855,0.0
7,1536,3,True,0,2025-02-28,1,0.0,0.1,0.15,4,28,0,0,1,0.2857142857142857,0.0
7,1545,3,True,0,2025-02-28,0,0.0,0.15,0.19,4,28,0,0,1,0.2857142857142857,0.0
7,1550,3,True,0,2025-02-28,0,0.0,0.28,0.33,4,28,0,0,1,0.2857142857142857,0.0
7,1557,3,True,0,2025-02-28,0,0.0,0.12,0.16,4,28,0,0,1,0.14285714285714285,0.0
7,1561,3,True,0,2025-02-28,0,0.0,0.37,0.45,4,28,0,0,1,0.14285714285714285,0.0
7,1566,3,True,0,2025-02-28,0,0.0,0.16,0.21,4,28,0,0,1,0.14285714285714285,0.0
7,1579,3,True,0,2025-02-28,0,0.0,0.07,0.1,4,28,0,0,1,0.14285714285714285,0.0
7,1582,3,True,0,2025-02-28,0,0.0,0.16,0.2,4,28,0,0,1,0.14285714285714285,0.0
7,1585,3,True,0,2025-02-28,0,0.0,0.45,0.6,4,28,0,0,1,0.0,0.0
7,1587,3,True,0,2025-02-28,0,0.0,0.05,0.05,4,28,0,0,1,0.0,0.0
7,1605,3,True,0,2025-02-28,0,0.0,0.07,0.09,4,28,0,0,1,0.0,0.0
7,1609,3,True,0,2025-02-28,0,0.0,0.18,0.21,4,28,0,0,1,0.0,0.0
7,1632,3,True,0,2025-02-28,0,0.0,0.12,0.2,4,28,0,0,1,0.0,0.0
7,1638,3,True,0,2025-02-28,0,0.0,0.25,0.34,4,28,0,0,1,0.0,0.0
7,1640,3,True,0,2025-02-28,0,0.0,0.2,0.27,4,28,0,0,1,0.0,0.0
7,1641,3,True,0,2025-02-28,0,0.0,0.08,0.16,4,28,0,0,1,0.0,0.0
7,1649,3,True,0,2025-02-28,0,0.0,0.28,0.38,4,28,0,0,1,0.0,0.0
7,1680,3,True,0,2025-02-28,0,0.0,0.21,0.25,4,28,0,0,1,0.0,0.0
7,1681,3,True,0,2025-02-28,0,0.0,0.05,0.07,4,28,0,0,1,0.0,0.0
7,1682,3,True,0,2025-02-28,0,0.0,0.38,0.54,4,28,0,0,1,0.0,0.0
7,1683,3,True,0,2025-02-28,0,0.0,0.07,0.09,4,28,0,0,1,0.0,0.0
7,1700,3,True,0,2025-02-28,0,0.0,0.25,0.37,4,28,0,0,1,0.0,0.0
7,1708,3,True,0,2025-02-28,0,0.0,0.42,0.44,4,28,0,0,1,0.0,0.0
7,1709,3,True,0,2025-02-28,0,0.0,0.08,0.1,4,28,0,0,1,0.0,0.0
7,1714,3,True,0,2025-02-28,0,0.0,0.29,0.36,4,28,0,0,1,0.0,0.0
7,1718,3,True,0,2025-02-28,0,0.0,0.36,0.39,4,28,0,0,1,0.0,0.0
7,1737,3,True,0,2025-02-28,0,0.0,0.12,0.21,4,28,0,0,1,0.0,0.0
7,1751,3,True,0,2025-02-28,0,0.0,0.16,0.2,4,28,0,0,1,0.0,0.0
7,1753,3,True,0,2025-02-28,0,0.0,0.2,0.24,4,28,0,0,1,0.0,0.0
7,1754,3,True,0,2025-02-28,2,0.0,0.03,0.05,4,28,0,0,1,0.0,0.0
7,1769,3,True,0,2025-02-28,0,0.0,0.13,0.15,4,28,0,0,1,0.2857142857142857,0.0
7,1779,3,True,0,2025-02-28,0,0.0,0.04,0.06,4,28,0,0,1,0.2857142857142857,0.0
7,1786,3,True,0,2025-02-28,0,0.0,0.2,0.24,4,28,0,0,1,0.2857142857142857,0.0
7,1788,3,True,0,2025-02-28,0,0.0,0.36,0.43,4,28,0,0,1,0.2857142857142857,0.0
7,1808,3,True,0,2025-02-28,0,0.0,0.25,0.29,4,28,0,0,1,0.2857142857142857,0.0
7,1812,3,True,0,2025-02-28,0,0.0,0.33,0.44,4,28,0,0,1,0.2857142857142857,0.0
7,1817,3,True,0,2025-02-28,1,0.0,0.19,0.29,4,28,0,0,1,0.2857142857142857,0.0
7,1823,3,True,0,2025-02-28,0,0.0,0.13,0.17,4,28,0,0,1,0.14285714285714285,0.0
7,1831,3,True,0,2025-02-28,0,0.0,0.1,0.12,4,28,0,0,1,0.14285714285714285,0.0
7,1862,3,True,0,2025-02-28,0,0.0,0.11,0.15,4,28,0,0,1,0.14285714285714285,0.0
7,1867,3,True,0,2025-02-28,0,0.0,0.54,0.72,4,28,0,0,1,0.14285714285714285,0.0
7,1888,3,True,0,2025-02-28,0,0.0,0.25,0.32,4,28,0,0,1,0.14285714285714285,0.0
7,1891,3,True,0,2025-02-28,0,0.0,0.45,0.55,4,28,0,0,1,0.14285714285714285,0.0
7,1913,3,True,0,2025-02-28,0,0.0,0.03,0.04,4,28,0,0,1,0.14285714285714285,0.0
7,1914,3,True,0,2025-02-28,0,0.0,0.15,0.21,4,28,0,0,1,0.0,0.0
7,1927,3,True,0,2025-02-28,0,0.0,0.3,0.34,4,28,0,0,1,0.0,0.0
7,1931,3,True,0,2025-02-28,0,0.0,0.67,0.81,4,28,0,0,1,0.0,0.0
7,1943,3,True,0,2025-02-28,0,0.0,0.22,0.24,4,28,0,0,1,0.0,0.0
7,1952,3,True,0,2025-02-28,0,0.0,0.07,0.09,4,28,0,0,1,0.0,0.0
7,1964,3,True,0,2025-02-28,3,0.0,0.2,0.24,4,28,0,0,1,0.0,0.0
7,1974,3,True,0,2025-02-28,0,0.0,0.44,0.47,4,28,0,0,1,0.42857142857142855,0.0
7,1989,3,True,0,2025-02-28,0,0.0,0.15,0.19,4,28,0,0,1,0.42857142857142855,0.0
7,1990,3,True,0,2025-02-28,0,0.0,0.23,0.31,4,28,0,0,1,0.42857142857142855,0.0
7,1993,3,True,0,2025-02-28,0,0.0,0.12,0.15,4,28,0,0,1,0.42857142857142855,0.0
7,2004,3,True,0,2025-02-28,0,0.0,0.21,0.29,4,28,0,0,1,0.42857142857142855,0.0
7,2026,3,True,0,2025-02-28,0,0.0,0.23,0.32,4,28,0,0,1,0.42857142857142855,0.0
7,2049,3,True,0,2025-02-28,0,0.0,0.06,0.09,4,28,0,0,1,0.42857142857142855,0.0
7,2054,3,True,0,2025-02-28,0,0.0,0.22,0.39,4,28,0,0,1,0.0,0.0
7,2075,3,True,0,2025-02-28,0,0.0,0.18,0.24,4,28,0,0,1,0.0,0.0
7,2079,3,True,0,2025-02-28,0,0.0,0.11,0.13,4,28,0,0,1,0.0,0.0
7,2080,3,True,0,2025-02-28,0,0.0,0.14,0.15,4,28,0,0,1,0.0,0.0
7,2087,3,True,0,2025-02-28,0,0.0,0.36,0.54,4,28,0,0,1,0.0,0.0
7,2089,3,True,0,2025-02-28,0,0.0,0.12,0.15,4,28,0,0,1,0.0,0.0
7,2098,3,True,0,2025-02-28,0,0.0,0.35,0.44,4,28,0,0,1,0.0,0.0
7,2101,3,True,0,2025-02-28,0,0.0,0.14,0.19,4,28,0,0,1,0.0,0.0
7,2102,3,True,0,2025-02-28,0,0.0,0.12,0.13,4,28,0,0,1,0.0,0.0
7,2112,3,True,0,2025-02-28,0,0.0,0.23,0.27,4,28,0,0,1,0.0,0.0
7,2113,3,True,0,2025-02-28,0,0.0,0.19,0.28,4,28,0,0,1,0.0,0.0
7,2118,3,True,0,2025-02-28,0,0.0,0.29,0.43,4,28,0,0,1,0.0,0.0
7,2122,3,True,0,2025-02-28,0,0.0,0.65,0.8,4,28,0,0,1,0.0,0.0
7,2123,3,True,0,2025-02-28,0,0.0,0.08,0.1,4,28,0,0,1,0.0,0.0
7,2128,3,True,0,2025-02-28,0,0.0,0.17,0.21,4,28,0,0,1,0.0,0.0
7,2130,3,True,0,2025-02-28,0,0.0,0.16,0.19,4,28,0,0,1,0.0,0.0
7,2143,3,True,0,2025-02-28,0,0.0,0.1,0.12,4,28,0,0,1,0.0,0.0
7,2147,3,True,0,2025-02-28,0,0.0,0.15,0.18,4,28,0,0,1,0.0,0.0
7,2158,3,True,0,2025-02-28,0,0.0,0.27,0.28,4,28,0,0,1,0.0,0.0
7,2166,3,True,0,2025-02-28,0,0.0,0.21,0.26,4,28,0,0,1,0.0,0.0
7,2176,3,True,0,2025-02-28,0,0.0,0.11,0.14,4,28,0,0,1,0.0,0.0
7,2178,3,True,0,2025-02-28,0,0.0,0.19,0.21,4,28,0,0,1,0.0,0.0
7,2200,3,True,0,2025-02-28,0,0.0,0.13,0.16,4,28,0,0,1,0.0,0.0
7,2211,3,True,0,2025-02-28,2,0.0,0.05,0.06,4,28,0,0,1,0.0,0.0
7,2222,3,True,0,2025-02-28,0,0.0,0.33,0.49,4,28,0,0,1,0.2857142857142857,0.0
7,2234,3,True,0,2025-02-28,0,0.0,0.33,0.32,4,28,0,0,1,0.2857142857142857,0.0
7,2246,3,True,0,2025-02-28,0,0.0,0.51,0.52,4,28,0,0,1,0.2857142857142857,0.0
7,2247,3,True,0,2025-02-28,0,0.0,0.71,0.73,4,28,0,0,1,0.2857142857142857,0.0
7,2261,3,True,0,2025-02-28,0,0.0,0.23,0.25,4,28,0,0,1,0.2857142857142857,0.0
7,2262,3,True,0,2025-02-28,0,0.0,0.06,0.13,4,28,0,0,1,0.2857142857142857,0.0
7,2264,3,True,0,2025-02-28,0,0.0,0.43,0.51,4,28,0,0,1,0.2857142857142857,0.0
7,2275,3,True,0,2025-02-28,0,0.0,0.08,0.1,4,28,0,0,1,0.0,0.0
7,2276,3,True,0,2025-02-28,0,0.0,0.49,0.63,4,28,0,0,1,0.0,0.0
7,2277,3,True,0,2025-02-28,0,0.0,0.18,0.23,4,28,0,0,1,0.0,0.0
7,2281,3,True,0,2025-02-28,0,0.0,0.08,0.1,4,28,0,0,1,0.0,0.0
7,2294,3,True,0,2025-02-28,1,0.0,0.12,0.17,4,28,0,0,1,0.0,0.0
7,2295,3,True,0,2025-02-28,0,0.0,0.35,0.39,4,28,0,0,1,0.14285714285714285,0.0
7,2296,3,True,0,2025-02-28,0,0.0,0.34,0.4,4,28,0,0,1,0.14285714285714285,0.0
7,2301,3,True,0,2025-02-28,0,0.0,0.21,0.28,4,28,0,0,1,0.14285714285714285,0.0
7,2321,3,True,0,2025-02-28,1,0.0,0.28,0.37,4,28,0,0,1,0.14285714285714285,0.0
7,2345,3,True,0,2025-02-28,0,0.0,0.16,0.2,4,28,0,0,1,0.2857142857142857,0.0
7,2367,3,True,0,2025-02-28,0,0.0,0.29,0.45,4,28,0,0,1,0.2857142857142857,0.0
7,2370,3,True,0,2025-02-28,0,0.0,0.06,0.09,4,28,0,0,1,0.2857142857142857,0.0
7,2372,3,True,0,2025-02-28,0,0.0,0.3,0.34,4,28,0,0,1,0.14285714285714285,0.0
7,2376,3,True,0,2025-02-28,0,0.0,0.14,0.19,4,28,0,0,1,0.14285714285714285,0.0
7,2382,3,True,0,2025-02-28,0,0.0,0.26,0.28,4,28,0,0,1,0.14285714285714285,0.0
7,2383,3,True,0,2025-02-28,0,0.0,0.11,0.14,4,28,0,0,1,0.14285714285714285,0.0
7,2384,3,True,0,2025-02-28,0,0.0,0.08,0.09,4,28,0,0,1,0.0,0.0
7,2395,3,True,0,2025-02-28,0,0.0,0.02,0.03,4,28,0,0,1,0.0,0.0
7,2416,3,True,0,2025-02-28,0,0.0,0.19,0.22,4,28,0,0,1,0.0,0.0
7,2429,3,True,0,2025-02-28,0,0.0,0.3,0.37,4,28,0,0,1,0.0,0.0
7,2433,3,True,0,2025-02-28,1,0.0,0.12,0.16,4,28,0,0,1,0.0,0.0
7,2440,3,True,0,2025-02-28,0,0.0,0.1,0.17,4,28,0,0,1,0.14285714285714285,0.0
7,2446,3,True,0,2025-02-28,0,0.0,0.2,0.27,4,28,0,0,1,0.14285714285714285,0.0
7,2447,3,True,0,2025-02-28,0,0.0,0.27,0.31,4,28,0,0,1,0.14285714285714285,0.0
7,2457,3,True,0,2025-02-28,0,0.0,0.11,0.15,4,28,0,0,1,0.14285714285714285,0.0
7,2467,3,True,0,2025-02-28,0,0.0,0.16,0.14,4,28,0,0,1,0.14285714285714285,0.0
7,2468,3,True,0,2025-02-28,1,0.0,0.46,0.42,4,28,0,0,1,0.14285714285714285,0.0
7,2477,3,True,0,2025-02-28,0,0.0,0.26,0.31,4,28,0,0,1,0.2857142857142857,0.0
7,2479,3,True,0,2025-02-28,0,0.0,0.04,0.05,4,28,0,0,1,0.14285714285714285,0.0
7,2485,3,True,0,2025-02-28,1,0.0,0.26,0.33,4,28,0,0,1,0.14285714285714285,0.0
7,2503,3,True,0,2025-02-28,0,0.0,0.04,0.06,4,28,0,0,1,0.2857142857142857,0.0
7,2536,3,True,0,2025-02-28,0,0.0,0.19,0.3,4,28,0,0,1,0.2857142857142857,0.0
7,2537,3,True,0,2025-02-28,0,0.0,0.16,0.2,4,28,0,0,1,0.2857142857142857,0.0
7,2565,3,True,0,2025-02-28,0,0.0,0.41,0.49,4,28,0,0,1,0.2857142857142857,0.0
7,2566,3,True,0,2025-02-28,0,0.0,0.33,0.38,4,28,0,0,1,0.14285714285714285,0.0
7,2574,3,True,0,2025-02-28,0,0.0,0.28,0.31,4,28,0,0,1,0.14285714285714285,0.0
7,2590,3,True,0,2025-02-28,0,0.0,0.07,0.1,4,28,0,0,1,0.14285714285714285,0.0
7,2591,3,True,0,2025-02-28,0,0.0,0.15,0.18,4,28,0,0,1,0.0,0.0
7,2598,3,True,0,2025-02-28,0,0.0,0.09,0.11,4,28,0,0,1,0.0,0.0
7,2601,3,True,0,2025-02-28,0,0.0,0.21,0.27,4,28,0,0,1,0.0,0.0
7,2609,3,True,0,2025-02-28,0,0.0,0.08,0.12,4,28,0,0,1,0.0,0.0
7,2625,3,True,0,2025-02-28,0,0.0,0.2,0.24,4,28,0,0,1,0.0,0.0
7,2627,3,True,0,2025-02-28,0,0.0,0.27,0.4,4,28,0,0,1,0.0,0.0
7,2646,3,True,0,2025-02-28,0,0.0,0.51,0.35,4,28,0,0,1,0.0,0.0
7,2654,3,True,0,2025-02-28,0,0.0,0.07,0.08,4,28,0,0,1,0.0,0.0
7,2669,3,True,0,2025-02-28,0,0.0,0.19,0.24,4,28,0,0,1,0.0,0.0
7,2677,3,True,0,2025-02-28,0,0.0,0.11,0.12,4,28,0,0,1,0.0,0.0
7,2683,3,True,0,2025-02-28,0,0.0,0.1,0.14,4,28,0,0,1,0.0,0.0
7,2692,3,True,0,2025-02-28,0,0.0,0.09,0.13,4,28,0,0,1,0.0,0.0
7,2693,3,True,0,2025-02-28,0,0.0,0.06,0.09,4,28,0,0,1,0.0,0.0
7,2695,3,True,0,2025-02-28,0,0.0,0.04,0.05,4,28,0,0,1,0.0,0.0
7,2697,3,True,0,2025-02-28,0,0.0,0.12,0.14,4,28,0,0,1,0.0,0.0
7,2714,3,True,0,2025-02-28,0,0.0,0.05,0.06,4,28,0,0,1,0.0,0.0
7,2716,3,True,0,2025-02-28,0,0.0,0.13,0.17,4,28,0,0,1,0.0,0.0
7,2731,3,True,0,2025-02-28,0,0.0,0.03,0.04,4,28,0,0,1,0.0,0.0
7,2734,3,True,0,2025-02-28,0,0.0,0.6,0.51,4,28,0,0,1,0.0,0.0
7,2738,3,True,0,2025-02-28,0,0.0,0.07,0.08,4,28,0,0,1,0.0,0.0
7,2747,3,True,0,2025-02-28,0,0.0,0.29,0.41,4,28,0,0,1,0.0,0.0
7,2757,3,True,0,2025-02-28,0,0.0,0.1,0.16,4,28,0,0,1,0.0,0.0
7,2759,3,True,0,2025-02-28,0,0.0,0.08,0.11,4,28,0,0,1,0.0,0.0
7,2772,3,True,0,2025-02-28,0,0.0,0.11,0.17,4,28,0,0,1,0.0,0.0
7,2784,3,True,0,2025-02-28,0,0.0,0.17,0.47,4,28,0,0,1,0.0,0.0
7,2797,3,True,0,2025-02-28,1,0.0,0.1,0.12,4,28,0,0,1,0.0,0.0
7,2807,3,True,0,2025-02-28,0,0.0,0.55,0.21,4,28,0,0,1,0.14285714285714285,0.0
7,2809,3,True,0,2025-02-28,1,0.0,0.4,0.63,4,28,0,0,1,0.14285714285714285,0.0
7,2815,3,True,0,2025-02-28,1,0.0,0.11,0.15,4,28,0,0,1,0.2857142857142857,0.0
7,2833,3,True,0,2025-02-28,0,0.0,0.22,0.26,4,28,0,0,1,0.42857142857142855,0.0
7,2834,3,True,0,2025-02-28,0,0.0,0.31,0.34,4,28,0,0,1,0.42857142857142855,0.0
7,2848,3,True,0,2025-02-28,0,0.0,0.1,0.15,4,28,0,0,1,0.42857142857142855,0.0
7,2876,3,True,0,2025-02-28,0,0.0,0.05,0.06,4,28,0,0,1,0.42857142857142855,0.0
7,2893,3,True,0,2025-02-28,0,0.0,0.28,0.36,4,28,0,0,1,0.2857142857142857,0.0
7,2898,3,True,0,2025-02-28,0,0.0,0.17,0.25,4,28,0,0,1,0.2857142857142857,0.0
7,2899,3,True,0,2025-02-28,0,0.0,0.18,0.24,4,28,0,0,1,0.14285714285714285,0.0
7,2907,3,True,0,2025-02-28,0,0.0,0.21,0.33,4,28,0,0,1,0.0,0.0
7,2917,3,True,0,2025-02-28,0,0.0,0.06,0.08,4,28,0,0,1,0.0,0.0
7,2919,3,True,0,2025-02-28,21,0.0,0.02,0.02,4,28,0,0,1,0.0,0.0
7,2920,3,True,0,2025-02-28,0,0.0,0.07,0.09,4,28,0,0,1,3.0,0.0
7,2924,3,True,0,2025-02-28,0,0.0,0.13,0.27,4,28,0,0,1,3.0,0.0
7,2925,3,True,0,2025-02-28,1,0.0,0.1,0.15,4,28,0,0,1,3.0,0.0
7,2932,3,True,0,2025-02-28,0,0.0,0.28,0.35,4,28,0,0,1,3.142857142857143,0.0
7,2933,3,True,0,2025-02-28,0,0.0,0.49,0.68,4,28,0,0,1,3.142857142857143,0.0
7,2935,3,True,0,2025-02-28,0,0.0,0.21,0.22,4,28,0,0,1,3.142857142857143,0.0
7,2936,3,True,0,2025-02-28,0,0.0,0.02,0.18,4,28,0,0,1,3.142857142857143,0.0
7,2939,3,True,0,2025-02-28,0,0.0,0.43,0.46,4,28,0,0,1,0.14285714285714285,0.0
7,2940,3,True,0,2025-02-28,1,0.0,0.09,0.11,4,28,0,0,1,0.14285714285714285,0.0
7,2946,3,True,0,2025-02-28,0,0.0,0.44,0.41,4,28,0,0,1,0.2857142857142857,0.0
7,2949,3,True,0,2025-02-28,0,0.0,0.19,0.28,4,28,0,0,1,0.14285714285714285,0.0
7,2960,3,True,0,2025-02-28,0,0.0,0.07,0.09,4,28,0,0,1,0.14285714285714285,0.0
7,2976,3,True,0,2025-02-28,0,0.0,0.1,0.13,4,28,0,0,1,0.14285714285714285,0.0
7,2982,3,True,0,2025-02-28,0,0.0,0.21,0.26,4,28,0,0,1,0.14285714285714285,0.0
7,2983,3,True,0,2025-02-28,0,0.0,0.13,0.17,4,28,0,0,1,0.14285714285714285,0.0
7,2996,3,True,0,2025-02-28,0,0.0,0.27,0.35,4,28,0,0,1,0.14285714285714285,0.0
7,3004,3,True,0,2025-02-28,0,0.0,0.11,0.17,4,28,0,0,1,0.0,0.0
7,3010,3,True,0,2025-02-28,0,0.0,0.49,0.63,4,28,0,0,1,0.0,0.0
7,3017,3,True,0,2025-02-28,0,0.0,0.21,0.29,4,28,0,0,1,0.0,0.0
7,3018,3,True,0,2025-02-28,0,0.0,0.11,0.13,4,28,0,0,1,0.0,0.0
7,3027,3,True,0,2025-02-28,0,0.0,0.1,0.13,4,28,0,0,1,0.0,0.0
7,3030,3,True,0,2025-02-28,0,0.0,0.45,0.58,4,28,0,0,1,0.0,0.0
7,3037,3,True,0,2025-02-28,0,0.0,0.11,0.13,4,28,0,0,1,0.0,0.0
7,3042,3,True,0,2025-02-28,0,0.0,0.1,0.13,4,28,0,0,1,0.0,0.0
7,3045,3,True,0,2025-02-28,0,0.0,0.13,0.16,4,28,0,0,1,0.0,0.0
7,3049,3,True,0,2025-02-28,0,0.0,0.39,0.5,4,28,0,0,1,0.0,0.0
7,3051,3,True,0,2025-02-28,0,0.0,0.38,0.31,4,28,0,0,1,0.0,0.0
7,3056,3,True,0,2025-02-28,0,0.0,0.25,0.33,4,28,0,0,1,0.0,0.0
7,3062,3,True,0,2025-02-28,0,0.0,0.26,0.31,4,28,0,0,1,0.0,0.0
7,3064,3,True,0,2025-02-28,0,0.0,0.12,0.14,4,28,0,0,1,0.0,0.0
7,3067,3,True,0,2025-02-28,0,0.0,0.67,0.94,4,28,0,0,1,0.0,0.0
7,3071,3,True,0,2025-02-28,0,0.0,0.09,0.11,4,28,0,0,1,0.0,0.0
7,3094,3,True,0,2025-02-28,0,0.0,0.27,0.34,4,28,0,0,1,0.0,0.0
7,3097,3,True,0,2025-02-28,0,0.0,0.29,0.4,4,28,0,0,1,0.0,0.0
7,3106,3,True,0,2025-02-28,0,0.0,0.09,0.1,4,28,0,0,1,0.0,0.0
7,3110,3,True,0,2025-02-28,0,0.0,0.23,0.29,4,28,0,0,1,0.0,0.0
7,3124,3,True,0,2025-02-28,0,0.0,0.11,0.15,4,28,0,0,1,0.0,0.0
7,3129,3,True,0,2025-02-28,0,0.0,0.23,0.27,4,28,0,0,1,0.0,0.0
7,3131,3,True,0,2025-02-28,0,0.0,0.07,0.11,4,28,0,0,1,0.0,0.0
7,3134,3,True,0,2025-02-28,0,0.0,0.16,0.16,4,28,0,0,1,0.0,0.0
7,3139,3,True,0,2025-02-28,0,0.0,0.22,0.26,4,28,0,0,1,0.0,0.0
7,3142,3,True,0,2025-02-28,0,0.0,0.3,0.44,4,28,0,0,1,0.0,0.0
7,3156,3,True,0,2025-02-28,0,0.0,0.2,0.26,4,28,0,0,1,0.0,0.0
7,3172,3,True,0,2025-02-28,0,0.0,0.08,0.09,4,28,0,0,1,0.0,0.0
7,3173,3,True,0,2025-02-28,0,0.0,0.22,0.23,4,28,0,0,1,0.0,0.0
7,3176,3,True,0,2025-02-28,0,0.0,0.1,0.13,4,28,0,0,1,0.0,0.0
7,3188,3,True,0,2025-02-28,0,0.0,0.07,0.09,4,28,0,0,1,0.0,0.0
7,3193,3,True,0,2025-02-28,0,0.0,0.13,0.2,4,28,0,0,1,0.0,0.0
7,3204,3,True,0,2025-02-28,3,0.0,0.17,0.21,4,28,0,0,1,0.0,0.0
7,3205,3,True,0,2025-02-28,1,0.0,0.18,0.24,4,28,0,0,1,0.42857142857142855,0.0
7,3206,3,True,0,2025-02-28,0,0.0,0.17,0.18,4,28,0,0,1,0.5714285714285714,0.0
7,3210,3,True,0,2025-02-28,0,0.0,0.08,0.07,4,28,0,0,1,0.5714285714285714,0.0
7,3251,3,True,0,2025-02-28,0,0.0,0.29,0.35,4,28,0,0,1,0.5714285714285714,0.0
7,3257,3,True,0,2025-02-28,0,0.0,0.11,0.13,4,28,0,0,1,0.5714285714285714,0.0
7,3265,3,True,0,2025-02-28,0,0.0,0.08,0.08,4,28,0,0,1,0.5714285714285714,0.0
7,3271,3,True,0,2025-02-28,0,0.0,0.12,0.16,4,28,0,0,1,0.5714285714285714,0.0
7,3274,3,True,0,2025-02-28,0,0.0,0.41,0.35,4,28,0,0,1,0.14285714285714285,0.0
7,3278,3,True,0,2025-02-28,0,0.0,0.2,0.27,4,28,0,0,1,0.0,0.0
7,3288,3,True,0,2025-02-28,0,0.0,0.29,0.26,4,28,0,0,1,0.0,0.0
7,3295,3,True,0,2025-02-28,0,0.0,0.28,0.38,4,28,0,0,1,0.0,0.0
7,3303,3,True,0,2025-02-28,0,0.0,0.02,0.02,4,28,0,0,1,0.0,0.0
7,3311,3,True,0,2025-02-28,0,0.0,0.21,0.25,4,28,0,0,1,0.0,0.0
7,3319,3,True,0,2025-02-28,0,0.0,0.08,0.09,4,28,0,0,1,0.0,0.0
7,3336,3,True,0,2025-02-28,0,0.0,0.01,0.01,4,28,0,0,1,0.0,0.0
7,3341,3,True,0,2025-02-28,0,0.0,0.22,0.19,4,28,0,0,1,0.0,0.0
7,3342,3,True,0,2025-02-28,0,0.0,0.04,0.07,4,28,0,0,1,0.0,0.0
7,3343,3,True,0,2025-02-28,0,0.0,0.1,0.14,4,28,0,0,1,0.0,0.0
7,3359,3,True,0,2025-02-28,0,0.0,0.49,0.56,4,28,0,0,1,0.0,0.0
7,3364,3,True,0,2025-02-28,1,0.0,0.11,0.14,4,28,0,0,1,0.0,0.0
7,3365,3,True,0,2025-02-28,0,0.0,0.18,0.23,4,28,0,0,1,0.14285714285714285,0.0
7,3381,3,True,0,2025-02-28,0,0.0,0.3,0.39,4,28,0,0,1,0.14285714285714285,0.0
7,3386,3,True,0,2025-02-28,0,0.0,0.06,0.09,4,28,0,0,1,0.14285714285714285,0.0
7,3392,3,True,0,2025-02-28,0,0.0,0.1,0.14,4,28,0,0,1,0.14285714285714285,0.0
7,3397,3,True,0,2025-02-28,0,0.0,0.29,0.49,4,28,0,0,1,0.14285714285714285,0.0
7,3403,3,True,0,2025-02-28,0,0.0,0.17,0.26,4,28,0,0,1,0.14285714285714285,0.0
7,3413,3,True,0,2025-02-28,0,0.0,0.18,0.28,4,28,0,0,1,0.14285714285714285,0.0
7,3423,3,True,0,2025-02-28,0,0.0,0.05,0.06,4,28,0,0,1,0.0,0.0
7,3426,3,True,0,2025-02-28,0,0.0,0.13,0.17,4,28,0,0,1,0.0,0.0
7,3433,3,True,0,2025-02-28,0,0.0,0.08,0.1,4,28,0,0,1,0.0,0.0
7,3444,3,True,0,2025-02-28,0,0.0,0.31,0.37,4,28,0,0,1,0.0,0.0
7,3446,3,True,0,2025-02-28,0,0.0,0.06,0.07,4,28,0,0,1,0.0,0.0
7,3449,3,True,0,2025-02-28,0,0.0,0.36,0.42,4,28,0,0,1,0.0,0.0
7,3469,3,True,0,2025-02-28,0,0.0,0.09,0.11,4,28,0,0,1,0.0,0.0
7,3474,3,True,0,2025-02-28,0,0.0,0.31,0.36,4,28,0,0,1,0.0,0.0
7,3481,3,True,0,2025-02-28,0,0.0,0.08,0.1,4,28,0,0,1,0.0,0.0
7,3482,3,True,0,2025-02-28,1,0.0,0.12,0.14,4,28,0,0,1,0.0,0.0
7,3484,3,True,0,2025-02-28,0,0.0,0.09,0.11,4,28,0,0,1,0.14285714285714285,0.0
7,3492,3,True,0,2025-02-28,0,0.0,0.25,0.3,4,28,0,0,1,0.14285714285714285,0.0
7,3517,3,True,0,2025-02-28,1,0.0,0.24,0.32,4,28,0,0,1,0.14285714285714285,0.0
7,3518,3,True,0,2025-02-28,0,0.0,0.16,0.18,4,28,0,0,1,0.2857142857142857,0.0
7,3525,3,True,0,2025-02-28,0,0.0,0.15,0.21,4,28,0,0,1,0.2857142857142857,0.0
7,3526,3,True,0,2025-02-28,1,0.0,0.08,0.11,4,28,0,0,1,0.2857142857142857,0.0
7,3543,3,True,0,2025-02-28,0,0.0,0.16,0.23,4,28,0,0,1,0.42857142857142855,0.0
7,3551,3,True,0,2025-02-28,0,0.0,0.06,0.16,4,28,0,0,1,0.2857142857142857,0.0
7,3557,3,True,0,2025-02-28,0,0.0,0.09,0.12,4,28,0,0,1,0.2857142857142857,0.0
7,3559,3,True,0,2025-02-28,0,0.0,0.24,0.32,4,28,0,0,1,0.2857142857142857,0.0
7,3573,3,True,0,2025-02-28,0,0.0,0.29,0.34,4,28,0,0,1,0.14285714285714285,0.0
7,3586,3,True,0,2025-02-28,0,0.0,0.5,0.51,4,28,0,0,1,0.14285714285714285,0.0
7,3587,3,True,0,2025-02-28,0,0.0,0.04,0.05,4,28,0,0,1,0.14285714285714285,0.0
7,3610,3,True,0,2025-02-28,0,0.0,0.03,0.04,4,28,0,0,1,0.0,0.0
7,3615,3,True,0,2025-02-28,0,0.0,0.04,0.06,4,28,0,0,1,0.0,0.0
7,3616,3,True,0,2025-02-28,0,0.0,0.51,0.55,4,28,0,0,1,0.0,0.0
7,3629,3,True,0,2025-02-28,0,0.0,0.06,0.08,4,28,0,0,1,0.0,0.0
7,3630,3,True,0,2025-02-28,0,0.0,0.31,0.41,4,28,0,0,1,0.0,0.0
7,3638,3,True,0,2025-02-28,0,0.0,0.48,0.62,4,28,0,0,1,0.0,0.0
7,3644,3,True,0,2025-02-28,0,0.0,0.09,0.12,4,28,0,0,1,0.0,0.0
7,3655,3,True,0,2025-02-28,0,0.0,0.07,0.11,4,28,0,0,1,0.0,0.0
7,3659,3,True,0,2025-02-28,0,0.0,0.19,0.28,4,28,0,0,1,0.0,0.0
7,3660,3,True,0,2025-02-28,0,0.0,0.43,0.54,4,28,0,0,1,0.0,0.0
7,3667,3,True,0,2025-02-28,0,0.0,0.43,0.5,4,28,0,0,1,0.0,0.0
7,3672,3,True,0,2025-02-28,0,0.0,0.18,0.23,4,28,0,0,1,0.0,0.0
7,3682,3,True,0,2025-02-28,0,0.0,0.05,0.06,4,28,0,0,1,0.0,0.0
7,3697,3,True,0,2025-02-28,0,0.0,0.04,0.06,4,28,0,0,1,0.0,0.0
7,3714,3,True,0,2025-02-28,0,0.0,0.12,0.14,4,28,0,0,1,0.0,0.0
7,3742,3,True,0,2025-02-28,0,0.0,0.12,0.16,4,28,0,0,1,0.0,0.0
7,3765,3,True,0,2025-02-28,0,0.0,0.26,0.49,4,28,0,0,1,0.0,0.0
7,3773,3,True,0,2025-02-28,0,0.0,0.34,0.46,4,28,0,0,1,0.0,0.0
7,3779,3,True,0,2025-02-28,0,0.0,0.25,0.36,4,28,0,0,1,0.0,0.0
7,3785,3,True,0,2025-02-28,0,0.0,0.17,0.29,4,28,0,0,1,0.0,0.0
7,3804,3,True,0,2025-02-28,0,0.0,0.17,0.21,4,28,0,0,1,0.0,0.0
7,3823,3,True,0,2025-02-28,2,0.0,0.54,0.73,4,28,0,0,1,0.0,0.0
7,3827,3,True,0,2025-02-28,0,0.0,0.04,0.07,4,28,0,0,1,0.2857142857142857,0.0
7,3832,3,True,0,2025-02-28,2,0.0,0.05,0.12,4,28,0,0,1,0.2857142857142857,0.0
7,3837,3,True,0,2025-02-28,0,0.0,0.09,0.11,4,28,0,0,1,0.5714285714285714,0.0
7,3845,3,True,0,2025-02-28,0,0.0,0.01,0.01,4,28,0,0,1,0.5714285714285714,0.0
7,3846,3,True,0,2025-02-28,0,0.0,0.22,0.26,4,28,0,0,1,0.5714285714285714,0.0
7,3856,3,True,0,2025-02-28,0,0.0,0.21,0.27,4,28,0,0,1,0.5714285714285714,0.0
7,3867,3,True,0,2025-02-28,0,0.0,0.31,0.4,4,28,0,0,1,0.5714285714285714,0.0
7,3878,3,True,0,2025-02-28,0,0.0,0.05,0.06,4,28,0,0,1,0.2857142857142857,0.0
7,3881,3,True,0,2025-02-28,0,0.0,0.09,0.12,4,28,0,0,1,0.2857142857142857,0.0
7,3885,3,True,0,2025-02-28,0,0.0,0.05,0.07,4,28,0,0,1,0.0,0.0
7,3886,3,True,0,2025-02-28,0,0.0,0.49,0.71,4,28,0,0,1,0.0,0.0
7,3889,3,True,0,2025-02-28,0,0.0,0.1,0.16,4,28,0,0,1,0.0,0.0
7,3895,3,True,0,2025-02-28,1,0.0,0.21,0.22,4,28,0,0,1,0.0,0.0
7,3914,3,True,0,2025-02-28,0,0.0,0.4,0.57,4,28,0,0,1,0.14285714285714285,0.0
7,3916,3,True,0,2025-02-28,0,0.0,0.46,0.59,4,28,0,0,1,0.14285714285714285,0.0
7,3918,3,True,0,2025-02-28,1,0.0,0.4,0.49,4,28,0,0,1,0.14285714285714285,0.0
7,3932,3,True,0,2025-02-28,0,0.0,0.1,0.14,4,28,0,0,1,0.2857142857142857,0.0
7,3943,3,True,0,2025-02-28,0,0.0,0.25,0.29,4,28,0,0,1,0.2857142857142857,0.0
7,3947,3,True,0,2025-02-28,0,0.0,0.27,0.37,4,28,0,0,1,0.2857142857142857,0.0
7,3949,3,True,0,2025-02-28,0,0.0,0.06,0.08,4,28,0,0,1,0.2857142857142857,0.0
7,3952,3,True,0,2025-02-28,0,0.0,0.12,0.16,4,28,0,0,1,0.14285714285714285,0.0
7,3955,3,True,0,2025-02-28,0,0.0,0.73,0.76,4,28,0,0,1,0.14285714285714285,0.0
7,3967,3,True,0,2025-02-28,0,0.0,0.41,0.54,4,28,0,0,1,0.14285714285714285,0.0
7,3970,3,True,0,2025-02-28,0,0.0,0.15,0.19,4,28,0,0,1,0.0,0.0
7,3976,3,True,0,2025-02-28,0,0.0,0.24,0.29,4,28,0,0,1,0.0,0.0
7,3979,3,True,0,2025-02-28,0,0.0,0.15,0.21,4,28,0,0,1,0.0,0.0
7,3986,3,True,0,2025-02-28,0,0.0,0.62,0.22,4,28,0,0,1,0.0,0.0
7,3990,3,True,0,2025-02-28,0,0.0,0.1,0.13,4,28,0,0,1,0.0,0.0
7,3993,3,True,0,2025-02-28,0,0.0,0.13,0.18,4,28,0,0,1,0.0,0.0
7,4010,3,True,0,2025-02-28,0,0.0,0.17,0.31,4,28,0,0,1,0.0,0.0
7,4014,3,True,0,2025-02-28,0,0.0,0.39,0.46,4,28,0,0,1,0.0,0.0
7,4025,3,True,0,2025-02-28,0,0.0,0.17,0.15,4,28,0,0,1,0.0,0.0
7,4027,3,True,0,2025-02-28,0,0.0,0.11,0.13,4,28,0,0,1,0.0,0.0
7,4064,3,True,0,2025-02-28,0,0.0,0.05,0.08,4,28,0,0,1,0.0,0.0
7,4068,3,True,0,2025-02-28,0,0.0,0.17,0.23,4,28,0,0,1,0.0,1.1875082032244277
7,4073,3,True,0,2025-02-28,0,0.0,0.43,0.49,4,28,0,0,1,0.0,0.0
7,4077,3,True,0,2025-02-28,0,0.0,0.28,0.35,4,28,0,0,1,0.0,0.0
7,4082,3,True,0,2025-02-28,0,0.0,0.08,0.1,4,28,0,0,1,0.0,0.0
7,4084,3,True,0,2025-02-28,0,0.0,0.28,0.37,4,28,0,0,1,0.0,0.0
7,4094,3,True,0,2025-02-28,0,0.0,0.34,0.4,4,28,0,0,1,0.0,0.0
7,4102,3,True,0,2025-02-28,0,0.0,0.26,0.3,4,28,0,0,1,0.0,0.0
7,4117,3,True,0,2025-02-28,0,0.0,0.04,0.06,4,28,0,0,1,0.0,0.0
7,4129,3,True,0,2025-02-28,0,0.0,0.13,0.17,4,28,0,0,1,0.0,0.0
7,4136,3,True,0,2025-02-28,1,0.0,0.17,0.23,4,28,0,0,1,0.0,1.1575529862962013
7,4155,3,True,0,2025-02-28,0,0.0,0.02,0.03,4,28,0,0,1,0.14285714285714285,0.0
7,4183,3,True,0,2025-02-28,0,0.0,0.19,0.2,4,28,0,0,1,0.14285714285714285,0.0
7,4185,3,True,0,2025-02-28,1,0.0,0.15,0.21,4,28,0,0,1,0.14285714285714285,0.0
7,4187,3,True,0,2025-02-28,2,0.0,0.07,0.11,4,28,0,0,1,0.2857142857142857,0.0
7,4188,3,True,0,2025-02-28,0,0.0,0.03,0.03,4,28,0,0,1,0.5714285714285714,0.0
7,4190,3,True,0,2025-02-28,0,0.0,0.12,0.19,4,28,0,0,1,0.5714285714285714,0.0
7,4213,3,True,0,2025-02-28,0,0.0,0.01,0.01,4,28,0,0,1,0.5714285714285714,0.0
7,4223,3,True,0,2025-02-28,0,0.0,0.11,0.13,4,28,0,0,1,0.42857142857142855,0.0
7,4227,3,True,0,2025-02-28,0,0.0,0.41,0.76,4,28,0,0,1,0.42857142857142855,0.0
7,4237,3,True,0,2025-02-28,0,0.0,0.08,0.11,4,28,0,0,1,0.42857142857142855,0.0
7,4247,3,True,0,2025-02-28,0,0.0,0.04,0.05,4,28,0,0,1,0.2857142857142857,0.0
7,4249,3,True,0,2025-02-28,0,0.0,0.12,0.15,4,28,0,0,1,0.0,0.0
7,4250,3,True,0,2025-02-28,0,0.0,0.13,0.17,4,28,0,0,1,0.0,0.0
7,4253,3,True,0,2025-02-28,0,0.0,0.13,0.17,4,28,0,0,1,0.0,0.0
7,4255,3,True,0,2025-02-28,0,0.0,0.13,0.14,4,28,0,0,1,0.0,0.0
7,4258,3,True,0,2025-02-28,0,0.0,0.18,0.26,4,28,0,0,1,0.0,0.0
7,4272,3,True,0,2025-02-28,0,0.0,0.09,0.11,4,28,0,0,1,0.0,0.0
7,4273,3,True,0,2025-02-28,0,0.0,0.12,0.16,4,28,0,0,1,0.0,0.0
7,4276,3,True,0,2025-02-28,0,0.0,0.07,0.09,4,28,0,0,1,0.0,0.0
7,4285,3,True,0,2025-02-28,0,0.0,0.22,0.21,4,28,0,0,1,0.0,0.0
7,4291,3,True,0,2025-02-28,0,0.0,0.09,0.12,4,28,0,0,1,0.0,0.0
7,4295,3,True,0,2025-02-28,0,0.0,0.2,0.24,4,28,0,0,1,0.0,0.0
7,4306,3,True,0,2025-02-28,0,0.0,0.34,0.48,4,28,0,0,1,0.0,0.0
7,4314,3,True,0,2025-02-28,0,0.0,0.29,0.33,4,28,0,0,1,0.0,0.0
7,4318,3,True,0,2025-02-28,0,0.0,0.3,0.41,4,28,0,0,1,0.0,0.0
7,4323,3,True,0,2025-02-28,2,0.0,0.05,0.07,4,28,0,0,1,0.0,0.0
7,4324,3,True,0,2025-02-28,0,0.0,0.05,0.07,4,28,0,0,1,0.2857142857142857,0.0
7,4334,3,True,0,2025-02-28,1,0.0,0.29,0.36,4,28,0,0,1,0.2857142857142857,0.0
7,4338,3,True,0,2025-02-28,0,0.0,0.1,0.12,4,28,0,0,1,0.42857142857142855,0.0
7,4354,3,True,0,2025-02-28,0,0.0,0.02,0.02,4,28,0,0,1,0.42857142857142855,0.0
7,4362,3,True,0,2025-02-28,0,0.0,0.05,0.15,4,28,0,0,1,0.42857142857142855,0.0
7,4364,3,True,0,2025-02-28,0,0.0,0.37,0.45,4,28,0,0,1,0.42857142857142855,0.0
7,4374,3,True,0,2025-02-28,0,0.0,0.06,0.07,4,28,0,0,1,0.42857142857142855,0.0
7,4387,3,True,0,2025-02-28,0,0.0,0.08,0.1,4,28,0,0,1,0.14285714285714285,0.0
7,4414,3,True,0,2025-02-28,0,0.0,0.15,0.25,4,28,0,0,1,0.14285714285714285,0.0
7,4416,3,True,0,2025-02-28,0,0.0,0.05,0.06,4,28,0,0,1,0.0,0.0
7,4418,3,True,0,2025-02-28,0,0.0,0.14,0.17,4,28,0,0,1,0.0,0.0
7,4428,3,True,0,2025-02-28,1,0.0,0.42,0.45,4,28,0,0,1,0.0,0.0
7,4431,3,True,0,2025-02-28,0,0.0,0.05,0.07,4,28,0,0,1,0.14285714285714285,0.0
7,4446,3,True,0,2025-02-28,0,0.0,0.53,0.77,4,28,0,0,1,0.14285714285714285,0.0
7,4490,3,True,0,2025-02-28,0,0.0,0.18,0.2,4,28,0,0,1,0.14285714285714285,0.0
7,4496,3,True,0,2025-02-28,0,0.0,0.07,0.09,4,28,0,0,1,0.14285714285714285,0.0
7,4500,3,True,0,2025-02-28,0,0.0,0.11,0.14,4,28,0,0,1,0.14285714285714285,0.0
7,4543,3,True,0,2025-02-28,2,0.0,0.04,0.06,4,28,0,0,1,0.14285714285714285,0.0
7,4561,3,True,0,2025-02-28,0,0.0,0.11,0.12,4,28,0,0,1,0.42857142857142855,0.0
7,4566,3,True,0,2025-02-28,0,0.0,0.07,0.08,4,28,0,0,1,0.2857142857142857,0.0
7,4569,3,True,0,2025-02-28,0,0.0,0.29,0.39,4,28,0,0,1,0.2857142857142857,0.0
7,4592,3,True,0,2025-02-28,0,0.0,0.14,0.21,4,28,0,0,1,0.2857142857142857,0.0
7,4627,3,True,0,2025-02-28,0,0.0,0.06,0.08,4,28,0,0,1,0.2857142857142857,0.0
7,4631,3,True,0,2025-02-28,0,0.0,0.15,0.19,4,28,0,0,1,0.2857142857142857,0.0
7,4641,3,True,0,2025-02-28,0,0.0,0.31,0.43,4,28,0,0,1,0.2857142857142857,0.0
7,4650,3,True,0,2025-02-28,0,0.0,0.27,0.39,4,28,0,0,1,0.0,0.0
7,4656,3,True,0,2025-02-28,0,0.0,0.07,0.1,4,28,0,0,1,0.0,0.0
7,4661,3,True,0,2025-02-28,0,0.0,0.05,0.06,4,28,0,0,1,0.0,0.0
7,4667,3,True,0,2025-02-28,0,0.0,0.07,0.08,4,28,0,0,1,0.0,0.0
7,4671,3,True,0,2025-02-28,0,0.0,0.22,0.27,4,28,0,0,1,0.0,0.0
7,4674,3,True,0,2025-02-28,0,0.0,0.22,0.27,4,28,0,0,1,0.0,0.0
7,4682,3,True,0,2025-02-28,0,0.0,0.35,0.43,4,28,0,0,1,0.0,0.0
7,4687,3,True,0,2025-02-28,0,0.0,0.24,0.37,4,28,0,0,1,0.0,0.0
7,4691,3,True,0,2025-02-28,0,0.0,0.18,0.25,4,28,0,0,1,0.0,0.0
7,4717,3,True,0,2025-02-28,0,0.0,0.18,0.26,4,28,0,0,1,0.0,0.0
7,4719,3,True,0,2025-02-28,0,1.0,0.33,0.37,4,28,0,0,1,0.0,0.0
7,4726,3,True,0,2025-02-28,1,0.0,0.13,0.21,4,28,0,0,1,0.0,0.0
7,4727,3,True,0,2025-02-28,0,0.0,0.22,0.31,4,28,0,0,1,0.14285714285714285,0.0
7,4731,3,True,0,2025-02-28,0,0.0,0.26,0.34,4,28,0,0,1,0.14285714285714285,0.0
7,4732,3,True,0,2025-02-28,0,0.0,0.17,0.22,4,28,0,0,1,0.14285714285714285,0.0
7,4745,3,True,0,2025-02-28,1,0.0,0.2,0.27,4,28,0,0,1,0.14285714285714285,0.0
7,4747,3,True,0,2025-02-28,0,0.0,0.06,0.09,4,28,0,0,1,0.2857142857142857,0.0
7,4748,3,True,0,2025-02-28,0,0.0,0.16,0.17,4,28,0,0,1,0.2857142857142857,0.0
7,4755,3,True,0,2025-02-28,0,0.0,0.31,0.37,4,28,0,0,1,0.2857142857142857,0.0
7,4767,3,True,0,2025-02-28,0,0.0,0.1,0.1,4,28,0,0,1,0.14285714285714285,0.0
7,4773,3,True,0,2025-02-28,0,0.0,0.32,0.51,4,28,0,0,1,0.14285714285714285,0.0
7,4779,3,True,0,2025-02-28,0,0.0,0.04,0.07,4,28,0,0,1,0.14285714285714285,0.0
7,4791,3,True,0,2025-02-28,0,0.0,0.14,0.22,4,28,0,0,1,0.14285714285714285,0.0
7,4819,3,True,0,2025-02-28,0,0.0,0.26,0.13,4,28,0,0,1,0.0,0.0
7,4827,3,True,0,2025-02-28,0,0.0,0.26,0.28,4,28,0,0,1,0.0,0.0
7,4829,3,True,0,2025-02-28,0,0.0,0.25,0.3,4,28,0,0,1,0.0,0.0
7,4830,3,True,0,2025-02-28,1,0.0,0.53,0.59,4,28,0,0,1,0.0,0.0
7,4846,3,True,0,2025-02-28,0,0.0,0.19,0.22,4,28,0,0,1,0.14285714285714285,0.0
7,4860,3,True,0,2025-02-28,0,1.0,0.15,0.21,4,28,0,0,1,0.14285714285714285,0.0
7,4865,3,True,0,2025-02-28,1,0.0,0.24,0.27,4,28,0,0,1,0.14285714285714285,0.0
7,4866,3,True,0,2025-02-28,0,0.0,0.17,0.21,4,28,0,0,1,0.2857142857142857,0.0
7,4875,3,True,0,2025-02-28,0,0.0,0.18,0.27,4,28,0,0,1,0.2857142857142857,0.0
7,4882,3,True,0,2025-02-28,0,0.0,0.06,0.07,4,28,0,0,1,0.2857142857142857,0.0
7,4890,3,True,0,2025-02-28,0,0.0,0.08,0.12,4,28,0,0,1,0.2857142857142857,0.0
7,4891,3,True,0,2025-02-28,0,0.0,0.06,0.08,4,28,0,0,1,0.14285714285714285,0.0
7,4894,3,True,0,2025-02-28,0,0.0,0.41,0.49,4,28,0,0,1,0.14285714285714285,0.0
7,4896,3,True,0,2025-02-28,2,0.0,0.02,0.12,4,28,0,0,1,0.14285714285714285,0.0
7,4900,3,True,0,2025-02-28,0,0.0,0.08,0.09,4,28,0,0,1,0.2857142857142857,0.0
7,4909,3,True,0,2025-02-28,0,0.0,0.03,0.05,4,28,0,0,1,0.2857142857142857,0.0
7,4919,3,True,0,2025-02-28,0,0.0,0.14,0.16,4,28,0,0,1,0.2857142857142857,0.0
7,4923,3,True,0,2025-02-28,2,0.0,0.08,0.14,4,28,0,0,1,0.2857142857142857,0.0
7,4926,3,True,0,2025-02-28,0,0.0,0.11,0.16,4,28,0,0,1,0.5714285714285714,0.0
7,4946,3,True,0,2025-02-28,0,0.0,0.2,0.24,4,28,0,0,1,0.5714285714285714,0.0
7,4966,3,True,0,2025-02-28,0,0.0,0.02,0.03,4,28,0,0,1,0.5714285714285714,0.0
7,4969,3,True,0,2025-02-28,0,0.0,0.21,0.22,4,28,0,0,1,0.2857142857142857,0.0
7,4970,3,True,0,2025-02-28,0,0.0,0.12,0.16,4,28,0,0,1,0.2857142857142857,0.0
7,4979,3,True,0,2025-02-28,0,0.0,0.12,0.15,4,28,0,0,1,0.2857142857142857,0.0
7,4988,3,True,0,2025-02-28,0,0.0,0.21,0.26,4,28,0,0,1,0.2857142857142857,0.0
7,5013,3,True,0,2025-02-28,0,0.0,0.16,0.19,4,28,0,0,1,0.0,0.0
7,5032,3,True,0,2025-02-28,0,0.0,0.14,0.17,4,28,0,0,1,0.0,0.0
7,5033,3,True,0,2025-02-28,0,0.0,0.08,0.1,4,28,0,0,1,0.0,0.0
7,5042,3,True,0,2025-02-28,0,0.0,0.17,0.23,4,28,0,0,1,0.0,0.0
7,5045,3,True,0,2025-02-28,0,0.0,0.31,0.4,4,28,0,0,1,0.0,0.0
7,5046,3,True,0,2025-02-28,0,0.0,0.15,0.21,4,28,0,0,1,0.0,0.0
7,5056,3,True,0,2025-02-28,0,0.0,0.11,0.15,4,28,0,0,1,0.0,0.0
7,5058,3,True,0,2025-02-28,0,0.0,0.26,0.28,4,28,0,0,1,0.0,0.0
7,5062,3,True,0,2025-02-28,0,0.0,0.06,0.08,4,28,0,0,1,0.0,0.0
7,5064,3,True,0,2025-02-28,0,0.0,0.08,0.09,4,28,0,0,1,0.0,0.0
7,5068,3,True,0,2025-02-28,0,0.0,0.07,0.1,4,28,0,0,1,0.0,0.0
7,5073,3,True,0,2025-02-28,0,0.0,0.36,0.48,4,28,0,0,1,0.0,0.0
7,5078,3,True,0,2025-02-28,0,0.0,0.4,0.54,4,28,0,0,1,0.0,0.0
7,5080,3,True,0,2025-02-28,0,0.0,0.04,0.05,4,28,0,0,1,0.0,0.0
7,5086,3,True,0,2025-02-28,0,0.0,0.12,0.16,4,28,0,0,1,0.0,0.0
7,5106,3,True,0,2025-02-28,0,0.0,0.15,0.19,4,28,0,0,1,0.0,0.0
7,5109,3,True,0,2025-02-28,0,0.0,0.18,0.22,4,28,0,0,1,0.0,0.0
7,5115,3,True,0,2025-02-28,0,0.0,0.1,0.48,4,28,0,0,1,0.0,0.0
7,5133,3,True,0,2025-02-28,0,0.0,0.09,0.12,4,28,0,0,1,0.0,0.0
7,5137,3,True,0,2025-02-28,0,0.0,0.77,0.88,4,28,0,0,1,0.0,0.0
7,5148,3,True,0,2025-02-28,0,0.0,0.15,0.14,4,28,0,0,1,0.0,0.0
7,5156,3,True,0,2025-02-28,1,2.0,0.1,0.13,4,28,0,0,1,0.0,0.0
7,5159,3,True,0,2025-02-28,1,0.0,0.17,0.17,4,28,0,0,1,0.14285714285714285,0.0
7,5161,3,True,0,2025-02-28,0,0.0,0.54,0.57,4,28,0,0,1,0.2857142857142857,0.0
7,5168,3,True,0,2025-02-28,0,0.0,0.27,0.37,4,28,0,0,1,0.2857142857142857,0.0
7,5174,3,True,0,2025-02-28,0,0.0,0.06,0.07,4,28,0,0,1,0.2857142857142857,0.0
7,5185,3,True,0,2025-02-28,0,0.0,0.16,0.2,4,28,0,0,1,0.2857142857142857,0.0
7,5190,3,True,0,2025-02-28,0,0.0,0.21,0.3,4,28,0,0,1,0.2857142857142857,0.0
7,5197,3,True,0,2025-02-28,0,0.0,0.15,0.18,4,28,0,0,1,0.2857142857142857,0.0
7,5206,3,True,0,2025-02-28,0,0.0,0.06,0.09,4,28,0,0,1,0.14285714285714285,0.0
7,5218,3,True,0,2025-02-28,0,0.0,0.27,0.33,4,28,0,0,1,0.0,0.0
7,5219,3,True,0,2025-02-28,0,0.0,0.09,0.12,4,28,0,0,1,0.0,0.0
7,5232,3,True,0,2025-02-28,0,0.0,0.21,0.27,4,28,0,0,1,0.0,0.0
7,5236,3,True,0,2025-02-28,0,0.0,0.12,0.15,4,28,0,0,1,0.0,0.0
7,5238,3,True,0,2025-02-28,0,0.0,0.16,0.17,4,28,0,0,1,0.0,0.0
7,5249,3,True,0,2025-02-28,0,0.0,0.17,0.06,4,28,0,0,1,0.0,0.0
7,5255,3,True,0,2025-02-28,0,0.0,0.18,0.24,4,28,0,0,1,0.0,0.0
7,5256,3,True,0,2025-02-28,0,0.0,0.11,0.15,4,28,0,0,1,0.0,0.0
7,5264,3,True,0,2025-02-28,0,0.0,0.12,0.16,4,28,0,0,1,0.0,0.0
7,5265,3,True,0,2025-02-28,0,0.0,0.21,0.27,4,28,0,0,1,0.0,0.0
7,5282,3,True,0,2025-02-28,0,0.0,0.38,0.45,4,28,0,0,1,0.0,0.0
7,6,4,False,0,2025-02-28,1,0.0,0.07,0.08,4,28,0,0,1,0.0,0.0
7,7,4,False,0,2025-02-28,0,0.0,0.02,0.03,4,28,0,0,1,0.14285714285714285,0.0
7,32,4,False,0,2025-02-28,0,0.0,0.02,0.03,4,28,0,0,1,0.14285714285714285,0.0
7,36,4,False,0,2025-02-28,3,0.0,0.04,0.07,4,28,0,0,1,0.14285714285714285,0.0
7,41,4,False,0,2025-02-28,0,0.0,0.02,0.04,4,28,0,0,1,0.5714285714285714,0.0
7,66,4,False,0,2025-02-28,3,0.0,0.01,0.02,4,28,0,0,1,0.5714285714285714,0.0
7,85,4,False,0,2025-02-28,2,0.0,0.03,0.04,4,28,0,0,1,1.0,0.0
7,95,4,False,0,2025-02-28,2,0.0,0.06,0.09,4,28,0,0,1,1.2857142857142858,0.0
7,119,4,False,0,2025-02-28,1,0.0,0.05,0.07,4,28,0,0,1,1.4285714285714286,0.0
7,120,4,False,0,2025-02-28,0,0.0,0.02,0.02,4,28,0,0,1,1.5714285714285714,0.0
7,125,4,False,0,2025-02-28,5,0.0,0.01,0.01,4,28,0,0,1,1.5714285714285714,0.0
7,126,4,False,0,2025-02-28,0,0.0,0.03,0.03,4,28,0,0,1,1.8571428571428572,0.0
7,132,4,False,0,2025-02-28,1,0.0,0.05,0.06,4,28,0,0,1,1.8571428571428572,0.0
7,158,4,False,0,2025-02-28,3,0.0,0.05,0.04,4,28,0,0,1,1.5714285714285714,0.0
7,189,4,False,0,2025-02-28,1,0.0,0.07,0.12,4,28,0,0,1,1.7142857142857142,0.0
7,193,4,False,0,2025-02-28,0,0.0,0.02,0.03,4,28,0,0,1,1.5714285714285714,0.0
7,217,4,False,0,2025-02-28,0,0.0,0.01,0.01,4,28,0,0,1,1.4285714285714286,0.0
7,221,4,False,0,2025-02-28,0,0.0,0.06,0.12,4,28,0,0,1,1.4285714285714286,0.0
7,225,4,False,0,2025-02-28,2,0.0,0.05,0.08,4,28,0,0,1,0.7142857142857143,0.0
7,252,4,False,0,2025-02-28,2,0.0,0.03,0.06,4,28,0,0,1,1.0,0.0
7,253,4,False,0,2025-02-28,2,0.0,0.09,0.13,4,28,0,0,1,1.1428571428571428,0.0
7,267,4,False,0,2025-02-28,2,0.0,0.11,0.15,4,28,0,0,1,1.0,0.0
7,286,4,False,0,2025-02-28,3,0.0,0.04,0.06,4,28,0,0,1,1.1428571428571428,0.0
7,291,4,False,0,2025-02-28,0,0.0,0.07,0.09,4,28,0,0,1,1.5714285714285714,0.0
7,318,4,False,0,2025-02-28,2,0.0,0.05,0.07,4,28,0,0,1,1.5714285714285714,0.0
7,321,4,False,0,2025-02-28,2,0.0,0.12,0.17,4,28,0,0,1,1.8571428571428572,0.0
7,329,4,False,0,2025-02-28,2,0.0,0.03,0.05,4,28,0,0,1,1.8571428571428572,0.0
7,336,4,False,0,2025-02-28,2,0.0,0.12,0.16,4,28,0,0,1,1.8571428571428572,0.0
7,346,4,False,0,2025-02-28,0,0.0,0.03,0.03,4,28,0,0,1,1.8571428571428572,0.0
7,354,4,False,0,2025-02-28,2,0.0,0.13,0.2,4,28,0,0,1,1.5714285714285714,0.0
7,359,4,False,0,2025-02-28,1,0.0,0.03,0.03,4,28,0,0,1,1.4285714285714286,0.0
7,360,4,False,0,2025-02-28,1,0.0,0.06,0.09,4,28,0,0,1,1.5714285714285714,0.0
7,368,4,False,0,2025-02-28,3,0.0,0.04,0.07,4,28,0,0,1,1.4285714285714286,0.0
7,388,4,False,0,2025-02-28,6,0.0,0.08,0.11,4,28,0,0,1,1.5714285714285714,0.0
7,416,4,False,0,2025-02-28,1,0.0,0.1,0.12,4,28,0,0,1,2.142857142857143,0.0
7,428,4,False,0,2025-02-28,2,0.0,0.02,0.03,4,28,0,0,1,2.0,0.0
7,434,4,False,0,2025-02-28,0,0.0,0.03,0.04,4,28,0,0,1,2.2857142857142856,0.0
7,438,4,False,0,2025-02-28,1,0.0,0.04,0.05,4,28,0,0,1,2.0,0.0
7,441,4,False,0,2025-02-28,2,0.0,0.04,0.05,4,28,0,0,1,2.0,0.0
7,446,4,False,0,2025-02-28,0,0.0,0.03,0.04,4,28,0,0,1,2.142857142857143,0.0
7,454,4,False,0,2025-02-28,0,0.0,0.02,0.03,4,28,0,0,1,1.7142857142857142,0.0
7,457,4,False,0,2025-02-28,1,0.0,0.01,0.02,4,28,0,0,1,0.8571428571428571,0.0
7,467,4,False,0,2025-02-28,0,0.0,0.01,0.02,4,28,0,0,1,0.8571428571428571,0.0
7,474,4,False,0,2025-02-28,10,0.0,0.08,0.11,4,28,0,0,1,0.5714285714285714,0.0
7,481,4,False,0,2025-02-28,1,0.0,0.13,0.15,4,28,0,0,1,2.0,0.0
7,498,4,False,0,2025-02-28,2,0.0,0.13,0.18,4,28,0,0,1,2.0,0.0
7,505,4,False,0,2025-02-28,0,0.0,0.04,0.05,4,28,0,0,1,2.0,0.0
7,510,4,False,0,2025-02-28,1,0.0,0.03,0.05,4,28,0,0,1,2.0,0.0
7,515,4,False,0,2025-02-28,1,0.0,0.03,0.04,4,28,0,0,1,2.142857142857143,0.0
7,528,4,False,0,2025-02-28,2,0.0,0.05,0.1,4,28,0,0,1,2.142857142857143,0.0
7,556,4,False,0,2025-02-28,0,0.0,0.02,0.03,4,28,0,0,1,2.4285714285714284,0.0
7,565,4,False,0,2025-02-28,2,0.0,0.08,0.12,4,28,0,0,1,1.0,0.0
7,574,4,False,0,2025-02-28,1,0.0,0.15,0.21,4,28,0,0,1,1.1428571428571428,0.0
7,576,4,False,0,2025-02-28,0,0.0,0.04,0.05,4,28,0,0,1,1.0,0.0
7,587,4,False,0,2025-02-28,0,0.0,0.07,0.11,4,28,0,0,1,1.0,0.0
7,603,4,False,0,2025-02-28,0,0.0,0.06,0.09,4,28,0,0,1,0.8571428571428571,0.0
7,624,4,False,0,2025-02-28,1,0.0,0.05,0.06,4,28,0,0,1,0.7142857142857143,0.0
7,626,4,False,0,2025-02-28,2,0.0,0.01,0.02,4,28,0,0,1,0.5714285714285714,0.0
7,644,4,False,0,2025-02-28,2,0.0,0.09,0.14,4,28,0,0,1,0.8571428571428571,0.0
7,652,4,False,0,2025-02-28,2,0.0,0.04,0.08,4,28,0,0,1,0.8571428571428571,0.0
7,660,4,False,0,2025-02-28,3,0.0,0.06,0.12,4,28,0,0,1,1.0,0.0
7,665,4,False,0,2025-02-28,0,0.0,0.04,0.05,4,28,0,0,1,1.4285714285714286,0.0
7,666,4,False,0,2025-02-28,0,0.0,0.04,0.07,4,28,0,0,1,1.4285714285714286,0.0
7,672,4,False,0,2025-02-28,0,0.0,0.04,0.06,4,28,0,0,1,1.4285714285714286,0.0
7,692,4,False,0,2025-02-28,1,0.0,0.02,0.04,4,28,0,0,1,1.2857142857142858,0.0
7,707,4,False,0,2025-02-28,2,0.0,0.06,0.08,4,28,0,0,1,1.1428571428571428,0.0
7,721,4,False,0,2025-02-28,0,0.0,0.03,0.03,4,28,0,0,1,1.1428571428571428,0.0
7,722,4,False,0,2025-02-28,2,0.0,0.09,0.12,4,28,0,0,1,0.8571428571428571,0.0
7,732,4,False,0,2025-02-28,2,0.0,0.06,0.08,4,28,0,0,1,0.7142857142857143,0.0
7,735,4,False,0,2025-02-28,1,0.0,0.03,0.04,4,28,0,0,1,1.0,0.0
7,737,4,False,0,2025-02-28,0,0.0,0.07,0.1,4,28,0,0,1,1.1428571428571428,0.0
7,765,4,False,0,2025-02-28,3,0.0,0.02,0.04,4,28,0,0,1,1.1428571428571428,0.0
7,773,4,False,0,2025-02-28,0,0.0,0.0,0.01,4,28,0,0,1,1.4285714285714286,0.0
7,801,4,False,0,2025-02-28,0,0.0,0.01,0.01,4,28,0,0,1,1.1428571428571428,0.0
7,814,4,False,0,2025-02-28,2,0.0,0.09,0.13,4,28,0,0,1,1.1428571428571428,0.0
7,817,4,False,0,2025-02-28,2,0.0,0.05,0.07,4,28,0,0,1,1.1428571428571428,0.0
7,822,4,False,0,2025-02-28,4,0.0,0.03,0.06,4,28,0,0,1,1.1428571428571428,0.0
7,823,4,False,0,2025-02-28,0,0.0,0.03,0.04,4,28,0,0,1,1.5714285714285714,0.0
7,834,4,False,0,2025-02-28,0,0.0,0.22,0.22,4,28,0,0,1,1.5714285714285714,0.0
7,851,4,False,0,2025-02-28,0,0.0,0.06,0.07,4,28,0,0,1,1.1428571428571428,0.0
7,860,4,False,0,2025-02-28,0,0.0,0.02,0.03,4,28,0,0,1,1.1428571428571428,0.0
7,878,4,False,0,2025-02-28,1,0.0,0.16,0.31,4,28,0,0,1,1.1428571428571428,0.0
7,896,4,False,0,2025-02-28,1,0.0,0.13,0.14,4,28,0,0,1,1.0,0.0
7,910,4,False,0,2025-02-28,0,0.0,0.01,0.02,4,28,0,0,1,0.8571428571428571,0.0
7,912,4,False,0,2025-02-28,2,0.0,0.14,0.24,4,28,0,0,1,0.2857142857142857,0.0
7,918,4,False,0,2025-02-28,2,0.0,0.07,0.09,4,28,0,0,1,0.5714285714285714,0.0
7,925,4,False,0,2025-02-28,0,0.0,0.01,0.02,4,28,0,0,1,0.8571428571428571,0.0
7,928,4,False,0,2025-02-28,2,0.0,0.03,0.05,4,28,0,0,1,0.8571428571428571,0.0
7,936,4,False,0,2025-02-28,1,0.0,0.03,0.05,4,28,0,0,1,1.1428571428571428,0.0
7,962,4,False,0,2025-02-28,2,0.0,0.04,0.05,4,28,0,0,1,1.1428571428571428,0.0
7,987,4,False,0,2025-02-28,0,0.0,0.02,0.03,4,28,0,0,1,1.2857142857142858,0.0
7,991,4,False,0,2025-02-28,1,0.0,0.02,0.03,4,28,0,0,1,1.2857142857142858,0.0
7,995,4,False,0,2025-02-28,2,0.0,0.03,0.05,4,28,0,0,1,1.1428571428571428,0.0
7,1032,4,False,0,2025-02-28,2,0.0,0.13,0.17,4,28,0,0,1,1.1428571428571428,0.0
7,1035,4,False,0,2025-02-28,1,0.0,0.03,0.04,4,28,0,0,1,1.4285714285714286,0.0
7,1091,4,False,0,2025-02-28,2,0.0,0.06,0.09,4,28,0,0,1,1.2857142857142858,0.0
7,1101,4,False,0,2025-02-28,1,0.0,0.03,0.04,4,28,0,0,1,1.4285714285714286,0.0
7,1113,4,False,0,2025-02-28,0,0.0,0.03,0.03,4,28,0,0,1,1.2857142857142858,0.0
7,1121,4,False,0,2025-02-28,2,0.0,0.04,0.06,4,28,0,0,1,1.2857142857142858,0.0
7,1129,4,False,0,2025-02-28,4,0.0,0.01,0.01,4,28,0,0,1,1.4285714285714286,0.0
7,1130,4,False,0,2025-02-28,3,0.0,0.04,0.06,4,28,0,0,1,1.7142857142857142,0.0
7,1144,4,False,0,2025-02-28,2,0.0,0.12,0.2,4,28,0,0,1,1.8571428571428572,0.0
7,1151,4,False,0,2025-02-28,0,0.0,0.01,0.02,4,28,0,0,1,2.0,0.0
7,1165,4,False,0,2025-02-28,2,0.0,0.02,0.02,4,28,0,0,1,1.7142857142857142,0.0
7,1187,4,False,0,2025-02-28,3,0.0,0.01,0.02,4,28,0,0,1,1.8571428571428572,0.0
7,1210,4,False,0,2025-02-28,4,0.0,0.01,0.01,4,28,0,0,1,2.2857142857142856,0.0
7,1211,4,False,0,2025-02-28,2,0.0,0.1,0.12,4,28,0,0,1,2.5714285714285716,0.0
7,1218,4,False,0,2025-02-28,6,0.0,0.04,0.06,4,28,0,0,1,2.2857142857142856,0.0
7,1230,4,False,0,2025-02-28,1,0.0,0.06,0.07,4,28,0,0,1,2.7142857142857144,0.0
7,1234,4,False,0,2025-02-28,0,0.0,0.18,0.24,4,28,0,0,1,2.5714285714285716,0.0
7,1239,4,False,0,2025-02-28,2,0.0,0.09,0.12,4,28,0,0,1,2.5714285714285716,0.0
7,1255,4,False,0,2025-02-28,1,0.0,0.03,0.04,4,28,0,0,1,2.5714285714285716,0.0
7,1272,4,False,0,2025-02-28,0,0.0,0.02,0.03,4,28,0,0,1,2.2857142857142856,0.0
7,1275,4,False,0,2025-02-28,3,0.0,0.01,0.03,4,28,0,0,1,1.7142857142857142,0.0
7,1277,4,False,0,2025-02-28,0,0.0,0.05,0.07,4,28,0,0,1,1.8571428571428572,0.0
7,1282,4,False,0,2025-02-28,1,0.0,0.17,0.25,4,28,0,0,1,1.0,0.0
7,1283,4,False,0,2025-02-28,2,0.0,0.04,0.07,4,28,0,0,1,1.0,0.0
7,1351,4,False,0,2025-02-28,2,0.0,0.08,0.11,4,28,0,0,1,1.2857142857142858,0.0
7,1352,4,False,0,2025-02-28,2,0.0,0.03,0.05,4,28,0,0,1,1.2857142857142858,0.0
7,1368,4,False,0,2025-02-28,5,0.0,0.03,0.05,4,28,0,0,1,1.4285714285714286,0.0
7,1381,4,False,0,2025-02-28,2,0.0,0.05,0.07,4,28,0,0,1,2.142857142857143,0.0
7,1397,4,False,0,2025-02-28,1,0.0,0.05,0.09,4,28,0,0,1,2.0,0.0
7,1408,4,False,0,2025-02-28,1,0.0,0.12,0.16,4,28,0,0,1,2.142857142857143,0.0
7,1434,4,False,0,2025-02-28,3,0.0,0.03,0.03,4,28,0,0,1,2.142857142857143,0.0
7,1437,4,False,0,2025-02-28,0,0.0,0.04,0.07,4,28,0,0,1,2.2857142857142856,0.0
7,1438,4,False,0,2025-02-28,0,0.0,0.36,0.42,4,28,0,0,1,2.0,0.0
7,1444,4,False,0,2025-02-28,2,0.0,0.02,0.03,4,28,0,0,1,1.7142857142857142,0.0
7,1452,4,False,0,2025-02-28,2,0.0,0.05,0.08,4,28,0,0,1,1.2857142857142858,0.0
7,1454,4,False,0,2025-02-28,0,0.0,0.03,0.04,4,28,0,0,1,1.2857142857142858,0.0
7,1461,4,False,0,2025-02-28,0,0.0,0.02,0.04,4,28,0,0,1,1.1428571428571428,0.0
7,1467,4,False,0,2025-02-28,2,0.0,0.06,0.08,4,28,0,0,1,1.0,0.0
7,1475,4,False,0,2025-02-28,0,0.0,0.06,0.08,4,28,0,0,1,0.8571428571428571,0.0
7,1487,4,False,0,2025-02-28,3,0.0,0.05,0.07,4,28,0,0,1,0.8571428571428571,0.0
7,1490,4,False,0,2025-02-28,1,0.0,0.12,0.18,4,28,0,0,1,1.2857142857142858,0.0
7,1501,4,False,0,2025-02-28,2,0.0,0.02,0.03,4,28,0,0,1,1.1428571428571428,0.0
7,1516,4,False,0,2025-02-28,3,0.0,0.03,0.04,4,28,0,0,1,1.1428571428571428,0.0
7,1524,4,False,0,2025-02-28,2,0.0,0.06,0.09,4,28,0,0,1,1.5714285714285714,0.0
7,1527,4,False,0,2025-02-28,2,0.0,0.08,0.13,4,28,0,0,1,1.8571428571428572,0.0
7,1532,4,False,0,2025-02-28,0,0.0,0.03,0.05,4,28,0,0,1,1.8571428571428572,0.0
7,1552,4,False,0,2025-02-28,2,0.0,0.17,0.21,4,28,0,0,1,1.8571428571428572,0.0
7,1554,4,False,0,2025-02-28,0,0.0,0.03,0.04,4,28,0,0,1,1.7142857142857142,0.0
7,1565,4,False,0,2025-02-28,0,0.0,0.05,0.09,4,28,0,0,1,1.5714285714285714,0.0
7,1571,4,False,0,2025-02-28,1,0.0,0.09,0.13,4,28,0,0,1,1.2857142857142858,0.0
7,1575,4,False,0,2025-02-28,0,0.0,0.18,0.27,4,28,0,0,1,1.0,0.0
7,1589,4,False,0,2025-02-28,0,0.0,0.02,0.04,4,28,0,0,1,0.7142857142857143,0.0
7,1601,4,False,0,2025-02-28,2,0.0,0.1,0.2,4,28,0,0,1,0.42857142857142855,0.0
7,1608,4,False,0,2025-02-28,3,0.0,0.05,0.07,4,28,0,0,1,0.7142857142857143,0.0
7,1612,4,False,0,2025-02-28,1,0.0,0.06,0.07,4,28,0,0,1,0.8571428571428571,0.0
7,1623,4,False,0,2025-02-28,4,0.0,0.03,0.04,4,28,0,0,1,1.0,0.0
7,1637,4,False,0,2025-02-28,1,0.0,0.07,0.09,4,28,0,0,1,1.5714285714285714,0.0
7,1647,4,False,0,2025-02-28,1,0.0,0.09,0.12,4,28,0,0,1,1.5714285714285714,0.0
7,1655,4,False,0,2025-02-28,1,0.0,0.06,0.07,4,28,0,0,1,1.7142857142857142,0.0
7,1674,4,False,0,2025-02-28,0,0.0,0.04,0.06,4,28,0,0,1,1.8571428571428572,0.0
7,1676,4,False,0,2025-02-28,0,0.0,0.02,0.03,4,28,0,0,1,1.5714285714285714,0.0
7,1707,4,False,0,2025-02-28,0,0.0,0.01,0.02,4,28,0,0,1,1.1428571428571428,0.0
7,1712,4,False,0,2025-02-28,0,0.0,0.13,0.17,4,28,0,0,1,1.0,0.0
7,1742,4,False,0,2025-02-28,4,0.0,0.05,0.08,4,28,0,0,1,0.42857142857142855,0.0
7,1743,4,False,0,2025-02-28,0,0.0,0.05,0.07,4,28,0,0,1,0.8571428571428571,0.0
7,1747,4,False,0,2025-02-28,0,0.0,0.02,0.03,4,28,0,0,1,0.7142857142857143,0.0
7,1757,4,False,0,2025-02-28,3,0.0,0.01,0.02,4,28,0,0,1,0.5714285714285714,0.0
7,1761,4,False,0,2025-02-28,1,0.0,0.04,0.06,4,28,0,0,1,1.0,0.0
7,1768,4,False,0,2025-02-28,2,0.0,0.07,0.1,4,28,0,0,1,1.1428571428571428,0.0
7,1773,4,False,0,2025-02-28,2,0.0,0.04,0.06,4,28,0,0,1,1.4285714285714286,0.0
7,1780,4,False,0,2025-02-28,2,0.0,0.02,0.04,4,28,0,0,1,1.7142857142857142,0.0
7,1809,4,False,0,2025-02-28,0,0.0,0.01,0.01,4,28,0,0,1,1.4285714285714286,0.0
7,1820,4,False,0,2025-02-28,0,0.0,0.03,0.06,4,28,0,0,1,1.4285714285714286,0.0
7,1825,4,False,0,2025-02-28,0,0.0,0.06,0.09,4,28,0,0,1,1.4285714285714286,0.0
7,1833,4,False,0,2025-02-28,0,0.0,0.04,0.06,4,28,0,0,1,1.0,0.0
7,1848,4,False,0,2025-02-28,6,0.0,0.01,0.06,4,28,0,0,1,0.8571428571428571,0.0
7,1854,4,False,0,2025-02-28,0,0.0,0.03,0.05,4,28,0,0,1,1.4285714285714286,0.0
7,1864,4,False,0,2025-02-28,3,0.0,0.07,0.11,4,28,0,0,1,1.1428571428571428,0.0
7,1898,4,False,0,2025-02-28,0,0.0,0.08,0.13,4,28,0,0,1,1.2857142857142858,0.0
7,1909,4,False,0,2025-02-28,0,0.0,0.1,0.11,4,28,0,0,1,1.2857142857142858,0.0
7,1910,4,False,0,2025-02-28,0,0.0,0.09,0.16,4,28,0,0,1,1.2857142857142858,0.0
7,1921,4,False,0,2025-02-28,0,0.0,0.03,0.05,4,28,0,0,1,1.2857142857142858,0.0
7,1929,4,False,0,2025-02-28,3,0.0,0.01,0.02,4,28,0,0,1,1.2857142857142858,0.0
7,1935,4,False,0,2025-02-28,0,0.0,0.01,0.02,4,28,0,0,1,0.8571428571428571,0.0
7,1944,4,False,0,2025-02-28,3,0.0,0.07,0.09,4,28,0,0,1,0.8571428571428571,0.0
7,1948,4,False,0,2025-02-28,2,0.0,0.09,0.09,4,28,0,0,1,0.8571428571428571,0.0
7,1953,4,False,0,2025-02-28,4,0.0,0.03,0.05,4,28,0,0,1,1.1428571428571428,0.0
7,1955,4,False,0,2025-02-28,2,0.0,0.13,0.16,4,28,0,0,1,1.7142857142857142,0.0
7,1970,4,False,0,2025-02-28,1,0.0,0.07,0.11,4,28,0,0,1,2.0,0.0
7,1973,4,False,0,2025-02-28,0,0.0,0.03,0.04,4,28,0,0,1,2.142857142857143,0.0
7,1982,4,False,0,2025-02-28,0,0.0,0.01,0.02,4,28,0,0,1,1.7142857142857142,0.0
7,2000,4,False,0,2025-02-28,1,0.0,0.13,0.18,4,28,0,0,1,1.7142857142857142,0.0
7,2021,4,False,0,2025-02-28,0,0.0,0.01,0.02,4,28,0,0,1,1.4285714285714286,0.0
7,2030,4,False,0,2025-02-28,1,0.0,0.09,0.12,4,28,0,0,1,1.1428571428571428,0.0
7,2034,4,False,0,2025-02-28,5,0.0,0.03,0.04,4,28,0,0,1,0.7142857142857143,0.0
7,2036,4,False,0,2025-02-28,1,0.0,0.13,0.15,4,28,0,0,1,1.1428571428571428,0.0
7,2038,4,False,0,2025-02-28,2,0.0,0.11,0.15,4,28,0,0,1,1.1428571428571428,0.0
7,2053,4,False,0,2025-02-28,2,0.0,0.2,0.27,4,28,0,0,1,1.4285714285714286,0.0
7,2077,4,False,0,2025-02-28,8,0.0,0.02,0.04,4,28,0,0,1,1.7142857142857142,0.0
7,2091,4,False,0,2025-02-28,2,0.0,0.11,0.16,4,28,0,0,1,2.7142857142857144,0.0
7,2106,4,False,0,2025-02-28,1,0.0,0.12,0.2,4,28,0,0,1,3.0,0.0
7,2119,4,False,0,2025-02-28,0,0.0,0.09,0.11,4,28,0,0,1,3.0,0.0
7,2152,4,False,0,2025-02-28,3,0.0,0.05,0.07,4,28,0,0,1,2.2857142857142856,0.0
7,2163,4,False,0,2025-02-28,1,0.0,0.07,0.09,4,28,0,0,1,2.5714285714285716,0.0
7,2172,4,False,0,2025-02-28,0,0.0,0.06,0.07,4,28,0,0,1,2.4285714285714284,0.0
7,2181,4,False,0,2025-02-28,0,0.0,0.05,0.07,4,28,0,0,1,2.142857142857143,0.0
7,2196,4,False,0,2025-02-28,2,0.0,0.03,0.05,4,28,0,0,1,1.0,0.0
7,2204,4,False,0,2025-02-28,0,0.0,0.04,0.04,4,28,0,0,1,1.0,0.0
7,2217,4,False,0,2025-02-28,0,0.0,0.01,0.01,4,28,0,0,1,0.8571428571428571,0.0
7,2242,4,False,0,2025-02-28,3,0.0,0.06,0.11,4,28,0,0,1,0.8571428571428571,0.0
7,2244,4,False,0,2025-02-28,2,0.0,0.03,0.05,4,28,0,0,1,0.8571428571428571,0.0
7,2278,4,False,0,2025-02-28,1,0.0,0.09,0.13,4,28,0,0,1,1.0,0.0
7,2313,4,False,0,2025-02-28,2,0.0,0.01,0.02,4,28,0,0,1,1.1428571428571428,0.0
7,2334,4,False,0,2025-02-28,2,0.0,0.1,0.12,4,28,0,0,1,1.4285714285714286,0.0
7,2336,4,False,0,2025-02-28,1,0.0,0.04,0.05,4,28,0,0,1,1.4285714285714286,0.0
7,2342,4,False,0,2025-02-28,1,0.0,0.02,0.02,4,28,0,0,1,1.5714285714285714,0.0
7,2363,4,False,0,2025-02-28,0,0.0,0.07,0.09,4,28,0,0,1,1.7142857142857142,0.0
7,2375,4,False,0,2025-02-28,2,0.0,0.05,0.07,4,28,0,0,1,1.2857142857142858,0.0
7,2389,4,False,0,2025-02-28,0,0.0,0.04,0.04,4,28,0,0,1,1.2857142857142858,0.0
7,2390,4,False,0,2025-02-28,3,0.0,0.03,0.04,4,28,0,0,1,1.1428571428571428,0.0
7,2403,4,False,0,2025-02-28,3,0.0,0.03,0.05,4,28,0,0,1,1.2857142857142858,0.0
7,2410,4,False,0,2025-02-28,2,0.0,0.03,0.05,4,28,0,0,1,1.4285714285714286,0.0
7,2421,4,False,0,2025-02-28,0,0.0,0.02,0.02,4,28,0,0,1,1.5714285714285714,0.0
7,2434,4,False,0,2025-02-28,0,0.0,0.03,0.04,4,28,0,0,1,1.4285714285714286,0.0
7,2444,4,False,0,2025-02-28,1,0.0,0.06,0.07,4,28,0,0,1,1.4285714285714286,0.0
7,2445,4,False,0,2025-02-28,1,0.0,0.06,0.08,4,28,0,0,1,1.2857142857142858,0.0
7,2451,4,False,0,2025-02-28,0,0.0,0.02,0.04,4,28,0,0,1,1.4285714285714286,0.0
7,2453,4,False,0,2025-02-28,2,0.0,0.04,0.05,4,28,0,0,1,1.0,0.0
7,2488,4,False,0,2025-02-28,0,0.0,0.16,0.17,4,28,0,0,1,0.8571428571428571,0.0
7,2494,4,False,0,2025-02-28,0,0.0,0.04,0.06,4,28,0,0,1,0.5714285714285714,0.0
7,2512,4,False,0,2025-02-28,2,0.0,0.05,0.08,4,28,0,0,1,0.5714285714285714,0.0
7,2525,4,False,0,2025-02-28,2,0.0,0.11,0.15,4,28,0,0,1,0.8571428571428571,0.0
7,2529,4,False,0,2025-02-28,2,0.0,0.03,0.05,4,28,0,0,1,1.0,0.0
7,2531,4,False,0,2025-02-28,2,0.0,0.03,0.04,4,28,0,0,1,1.1428571428571428,0.0
7,2542,4,False,0,2025-02-28,0,0.0,0.02,0.03,4,28,0,0,1,1.4285714285714286,0.0
7,2556,4,False,0,2025-02-28,0,0.0,0.08,0.1,4,28,0,0,1,1.1428571428571428,0.0
7,2559,4,False,0,2025-02-28,0,0.0,0.03,0.05,4,28,0,0,1,1.1428571428571428,0.0
7,2564,4,False,0,2025-02-28,0,0.0,0.01,0.02,4,28,0,0,1,1.1428571428571428,0.0
7,2571,4,False,0,2025-02-28,2,0.0,0.14,0.14,4,28,0,0,1,0.8571428571428571,0.0
7,2589,4,False,0,2025-02-28,2,0.0,0.05,0.06,4,28,0,0,1,0.8571428571428571,0.0
7,2603,4,False,0,2025-02-28,3,0.0,0.1,0.15,4,28,0,0,1,0.8571428571428571,0.0
7,2610,4,False,0,2025-02-28,3,0.0,0.05,0.07,4,28,0,0,1,1.0,0.0
7,2613,4,False,0,2025-02-28,2,0.0,0.1,0.12,4,28,0,0,1,1.4285714285714286,0.0
7,2616,4,False,0,2025-02-28,0,0.0,0.02,0.04,4,28,0,0,1,1.7142857142857142,0.0
7,2623,4,False,0,2025-02-28,2,0.0,0.07,0.04,4,28,0,0,1,1.7142857142857142,0.0
7,2628,4,False,0,2025-02-28,1,0.0,0.04,0.06,4,28,0,0,1,2.0,0.0
7,2635,4,False,0,2025-02-28,0,0.0,0.03,0.04,4,28,0,0,1,1.8571428571428572,0.0
7,2638,4,False,0,2025-02-28,0,0.0,0.02,0.03,4,28,0,0,1,1.5714285714285714,0.0
7,2639,4,False,0,2025-02-28,1,0.0,0.03,0.05,4,28,0,0,1,1.1428571428571428,0.0
7,2643,4,False,0,2025-02-28,1,0.0,0.09,0.12,4,28,0,0,1,0.8571428571428571,0.0
7,2651,4,False,0,2025-02-28,2,0.0,0.07,0.13,4,28,0,0,1,0.7142857142857143,0.0
7,2653,4,False,0,2025-02-28,3,0.0,0.04,0.05,4,28,0,0,1,1.0,0.0
7,2655,4,False,0,2025-02-28,2,0.0,0.12,0.13,4,28,0,0,1,1.1428571428571428,0.0
7,2667,4,False,0,2025-02-28,1,0.0,0.14,0.22,4,28,0,0,1,1.2857142857142858,0.0
7,2670,4,False,0,2025-02-28,2,0.0,0.09,0.1,4,28,0,0,1,1.4285714285714286,0.0
7,2671,4,False,0,2025-02-28,0,0.0,0.02,0.03,4,28,0,0,1,1.7142857142857142,0.0
7,2679,4,False,0,2025-02-28,2,0.0,0.03,0.05,4,28,0,0,1,1.5714285714285714,0.0
7,2690,4,False,0,2025-02-28,2,0.0,0.09,0.11,4,28,0,0,1,1.7142857142857142,0.0
7,2701,4,False,0,2025-02-28,2,0.0,0.11,0.12,4,28,0,0,1,1.7142857142857142,0.0
7,2704,4,False,0,2025-02-28,3,0.0,0.06,0.09,4,28,0,0,1,1.5714285714285714,0.0
7,2709,4,False,0,2025-02-28,0,0.0,0.04,0.06,4,28,0,0,1,1.7142857142857142,0.0
7,2729,4,False,0,2025-02-28,2,0.0,0.1,0.13,4,28,0,0,1,1.5714285714285714,0.0
7,2748,4,False,0,2025-02-28,3,0.0,0.04,0.05,4,28,0,0,1,1.5714285714285714,0.0
7,2760,4,False,0,2025-02-28,0,0.0,0.04,0.06,4,28,0,0,1,2.0,0.0
7,2763,4,False,0,2025-02-28,4,0.0,0.05,0.06,4,28,0,0,1,1.7142857142857142,0.0
7,2774,4,False,0,2025-02-28,0,0.0,0.01,0.01,4,28,0,0,1,2.0,0.0
7,2775,4,False,0,2025-02-28,3,0.0,0.03,0.05,4,28,0,0,1,1.7142857142857142,0.0
7,2780,4,False,0,2025-02-28,1,0.0,0.16,0.22,4,28,0,0,1,1.7142857142857142,0.0
7,2781,4,False,0,2025-02-28,2,0.0,0.05,0.08,4,28,0,0,1,1.8571428571428572,0.0
7,2785,4,False,0,2025-02-28,0,0.0,0.04,0.05,4,28,0,0,1,1.8571428571428572,0.0
7,2813,4,False,0,2025-02-28,1,0.0,0.12,0.12,4,28,0,0,1,1.4285714285714286,0.0
7,2820,4,False,0,2025-02-28,0,0.0,0.15,0.22,4,28,0,0,1,1.5714285714285714,0.0
7,2839,4,False,0,2025-02-28,2,0.0,0.03,0.08,4,28,0,0,1,1.0,0.0
7,2845,4,False,0,2025-02-28,2,0.0,0.1,0.12,4,28,0,0,1,1.2857142857142858,0.0
7,2851,4,False,0,2025-02-28,0,0.0,0.01,0.01,4,28,0,0,1,1.1428571428571428,0.0
7,2853,4,False,0,2025-02-28,0,0.0,0.01,0.01,4,28,0,0,1,1.0,0.0
7,2856,4,False,0,2025-02-28,0,0.0,0.02,0.04,4,28,0,0,1,0.7142857142857143,0.0
7,2872,4,False,0,2025-02-28,0,0.0,0.02,0.03,4,28,0,0,1,0.7142857142857143,0.0
7,2891,4,False,0,2025-02-28,0,0.0,0.01,0.03,4,28,0,0,1,0.5714285714285714,0.0
7,2897,4,False,0,2025-02-28,0,0.0,0.04,0.06,4,28,0,0,1,0.5714285714285714,0.0
7,2903,4,False,0,2025-02-28,2,0.0,0.04,0.05,4,28,0,0,1,0.2857142857142857,0.0
7,2916,4,False,0,2025-02-28,1,0.0,0.1,0.14,4,28,0,0,1,0.2857142857142857,0.0
7,2923,4,False,0,2025-02-28,2,0.0,0.15,0.2,4,28,0,0,1,0.42857142857142855,0.0
7,2930,4,False,0,2025-02-28,3,0.0,0.02,0.04,4,28,0,0,1,0.7142857142857143,0.0
7,2962,4,False,0,2025-02-28,1,0.0,0.03,0.05,4,28,0,0,1,1.1428571428571428,0.0
7,2972,4,False,0,2025-02-28,3,0.0,0.03,0.06,4,28,0,0,1,1.2857142857142858,0.0
7,2978,4,False,0,2025-02-28,2,0.0,0.06,0.02,4,28,0,0,1,1.7142857142857142,0.0
7,3013,4,False,0,2025-02-28,1,0.0,0.03,0.04,4,28,0,0,1,2.0,0.0
7,3026,4,False,0,2025-02-28,0,0.0,0.03,0.06,4,28,0,0,1,1.8571428571428572,0.0
7,3041,4,False,0,2025-02-28,3,0.0,0.14,0.16,4,28,0,0,1,1.7142857142857142,0.0
7,3046,4,False,0,2025-02-28,0,0.0,0.06,0.12,4,28,0,0,1,1.8571428571428572,0.0
7,3073,4,False,0,2025-02-28,2,0.0,0.06,0.11,4,28,0,0,1,1.4285714285714286,0.0
7,3082,4,False,0,2025-02-28,1,0.0,0.04,0.07,4,28,0,0,1,1.5714285714285714,0.0
7,3092,4,False,0,2025-02-28,0,0.0,0.03,0.05,4,28,0,0,1,1.2857142857142858,0.0
7,3095,4,False,0,2025-02-28,2,0.0,0.06,0.08,4,28,0,0,1,1.0,0.0
7,3135,4,False,0,2025-02-28,0,0.0,0.04,0.07,4,28,0,0,1,1.1428571428571428,0.0
7,3140,4,False,0,2025-02-28,0,0.0,0.01,0.02,4,28,0,0,1,1.1428571428571428,0.0
7,3152,4,False,0,2025-02-28,0,0.0,0.02,0.03,4,28,0,0,1,0.7142857142857143,0.0
7,3168,4,False,0,2025-02-28,1,0.0,0.01,0.02,4,28,0,0,1,0.7142857142857143,0.0
7,3192,4,False,0,2025-02-28,2,0.0,0.02,0.04,4,28,0,0,1,0.5714285714285714,0.0
7,3200,4,False,0,2025-02-28,2,0.0,0.07,0.09,4,28,0,0,1,0.7142857142857143,0.0
7,3227,4,False,0,2025-02-28,2,0.0,0.09,0.15,4,28,0,0,1,1.0,0.0
7,3255,4,False,0,2025-02-28,1,0.0,0.03,0.07,4,28,0,0,1,1.0,0.0
7,3264,4,False,0,2025-02-28,3,0.0,0.13,0.19,4,28,0,0,1,1.1428571428571428,0.0
7,3277,4,False,0,2025-02-28,0,0.0,0.01,0.02,4,28,0,0,1,1.5714285714285714,0.0
7,3299,4,False,0,2025-02-28,4,0.0,0.02,0.02,4,28,0,0,1,1.5714285714285714,0.0
7,3323,4,False,0,2025-02-28,0,0.0,0.03,0.03,4,28,0,0,1,2.0,0.0
7,3325,4,False,0,2025-02-28,2,0.0,0.09,0.1,4,28,0,0,1,1.7142857142857142,0.0
7,3329,4,False,0,2025-02-28,1,0.0,0.04,0.06,4,28,0,0,1,1.7142857142857142,0.0
7,3345,4,False,0,2025-02-28,0,0.0,0.15,0.22,4,28,0,0,1,1.5714285714285714,0.0
7,3353,4,False,0,2025-02-28,0,0.0,0.09,0.13,4,28,0,0,1,1.4285714285714286,0.0
7,3373,4,False,0,2025-02-28,1,0.0,0.01,0.02,4,28,0,0,1,1.0,0.0
7,3379,4,False,0,2025-02-28,2,0.0,0.06,0.1,4,28,0,0,1,1.1428571428571428,0.0
7,3384,4,False,0,2025-02-28,0,0.0,0.08,0.12,4,28,0,0,1,0.8571428571428571,0.0
7,3385,4,False,0,2025-02-28,2,0.0,0.07,0.12,4,28,0,0,1,0.8571428571428571,0.0
7,3395,4,False,0,2025-02-28,0,0.0,0.05,0.07,4,28,0,0,1,0.8571428571428571,0.0
7,3416,4,False,0,2025-02-28,2,0.0,0.01,0.02,4,28,0,0,1,0.7142857142857143,0.0
7,3436,4,False,0,2025-02-28,0,0.0,0.11,0.14,4,28,0,0,1,1.0,0.0
7,3475,4,False,0,2025-02-28,2,0.0,0.08,0.1,4,28,0,0,1,1.0,0.0
7,3488,4,False,0,2025-02-28,1,0.0,0.04,0.06,4,28,0,0,1,1.1428571428571428,0.0
7,3489,4,False,0,2025-02-28,0,0.0,0.01,0.02,4,28,0,0,1,1.0,0.0
7,3494,4,False,0,2025-02-28,0,0.0,0.02,0.02,4,28,0,0,1,1.0,0.0
7,3501,4,False,0,2025-02-28,1,0.0,0.09,0.13,4,28,0,0,1,0.7142857142857143,0.0
7,3506,4,False,0,2025-02-28,0,0.0,0.02,0.03,4,28,0,0,1,0.8571428571428571,0.0
7,3512,4,False,0,2025-02-28,1,0.0,0.07,0.1,4,28,0,0,1,0.5714285714285714,0.0
7,3516,4,False,0,2025-02-28,2,0.0,0.08,0.11,4,28,0,0,1,0.7142857142857143,0.0
7,3521,4,False,0,2025-02-28,0,0.0,0.04,0.05,4,28,0,0,1,0.7142857142857143,0.0
7,3528,4,False,0,2025-02-28,1,0.0,0.02,0.04,4,28,0,0,1,0.5714285714285714,0.0
7,3534,4,False,0,2025-02-28,0,0.0,0.04,0.05,4,28,0,0,1,0.7142857142857143,0.0
7,3537,4,False,0,2025-02-28,3,0.0,0.04,0.05,4,28,0,0,1,0.7142857142857143,0.0
7,3542,4,False,0,2025-02-28,2,0.0,0.03,0.05,4,28,0,0,1,1.0,0.0
7,3554,4,False,0,2025-02-28,2,0.0,0.05,0.07,4,28,0,0,1,1.2857142857142858,0.0
7,3565,4,False,0,2025-02-28,1,0.0,0.13,0.17,4,28,0,0,1,1.4285714285714286,0.0
7,3566,4,False,0,2025-02-28,0,0.0,0.09,0.1,4,28,0,0,1,1.2857142857142858,0.0
7,3570,4,False,0,2025-02-28,0,0.0,0.01,0.01,4,28,0,0,1,1.2857142857142858,0.0
7,3572,4,False,0,2025-02-28,0,0.0,0.04,0.05,4,28,0,0,1,1.1428571428571428,0.0
7,3585,4,False,0,2025-02-28,2,0.0,0.05,0.07,4,28,0,0,1,1.1428571428571428,0.0
7,3598,4,False,0,2025-02-28,0,0.0,0.07,0.11,4,28,0,0,1,1.0,0.0
7,3599,4,False,0,2025-02-28,1,0.0,0.02,0.03,4,28,0,0,1,0.7142857142857143,0.0
7,3606,4,False,0,2025-02-28,3,0.0,0.04,0.07,4,28,0,0,1,0.5714285714285714,0.0
7,3611,4,False,0,2025-02-28,0,0.0,0.03,0.05,4,28,0,0,1,0.8571428571428571,0.0
7,3622,4,False,0,2025-02-28,3,0.0,0.05,0.07,4,28,0,0,1,0.8571428571428571,0.0
7,3636,4,False,0,2025-02-28,2,0.0,0.05,0.06,4,28,0,0,1,1.2857142857142858,0.0
7,3657,4,False,0,2025-02-28,2,0.0,0.13,0.17,4,28,0,0,1,1.5714285714285714,0.0
7,3662,4,False,0,2025-02-28,0,0.0,0.03,0.04,4,28,0,0,1,1.5714285714285714,0.0
7,3663,4,False,0,2025-02-28,1,0.0,0.02,0.03,4,28,0,0,1,1.5714285714285714,0.0
7,3668,4,False,0,2025-02-28,0,0.0,0.03,0.04,4,28,0,0,1,1.5714285714285714,0.0
7,3673,4,False,0,2025-02-28,4,0.0,0.04,0.06,4,28,0,0,1,1.1428571428571428,0.0
7,3686,4,False,0,2025-02-28,0,0.0,0.02,0.02,4,28,0,0,1,1.7142857142857142,0.0
7,3710,4,False,0,2025-02-28,1,0.0,0.08,0.11,4,28,0,0,1,1.2857142857142858,0.0
7,3715,4,False,0,2025-02-28,3,0.0,0.15,0.25,4,28,0,0,1,1.1428571428571428,0.0
7,3722,4,False,0,2025-02-28,2,0.0,0.03,0.04,4,28,0,0,1,1.2857142857142858,0.0
7,3736,4,False,0,2025-02-28,2,0.0,0.07,0.07,4,28,0,0,1,1.5714285714285714,0.0
7,3766,4,False,0,2025-02-28,2,0.0,0.11,0.15,4,28,0,0,1,1.7142857142857142,0.0
7,3790,4,False,0,2025-02-28,0,0.0,0.02,0.02,4,28,0,0,1,2.0,0.0
7,3796,4,False,0,2025-02-28,0,0.0,0.05,0.08,4,28,0,0,1,1.4285714285714286,0.0
7,3844,4,False,0,2025-02-28,2,0.0,0.05,0.06,4,28,0,0,1,1.4285714285714286,0.0
7,3861,4,False,0,2025-02-28,1,0.0,0.05,0.08,4,28,0,0,1,1.5714285714285714,0.0
7,3874,4,False,0,2025-02-28,3,0.0,0.08,0.1,4,28,0,0,1,1.2857142857142858,0.0
7,3876,4,False,0,2025-02-28,2,0.0,0.12,0.18,4,28,0,0,1,1.4285714285714286,0.0
7,3882,4,False,0,2025-02-28,0,0.0,0.05,0.08,4,28,0,0,1,1.4285714285714286,0.0
7,3883,4,False,0,2025-02-28,3,0.0,0.07,0.1,4,28,0,0,1,1.1428571428571428,0.0
7,3887,4,False,0,2025-02-28,2,0.0,0.03,0.05,4,28,0,0,1,1.5714285714285714,0.0
7,3892,4,False,0,2025-02-28,1,0.0,0.12,0.17,4,28,0,0,1,1.8571428571428572,0.0
7,3897,4,False,0,2025-02-28,0,0.0,0.05,0.07,4,28,0,0,1,1.7142857142857142,0.0
7,3899,4,False,0,2025-02-28,2,0.0,0.03,0.05,4,28,0,0,1,1.5714285714285714,0.0
7,3919,4,False,0,2025-02-28,1,0.0,0.07,0.1,4,28,0,0,1,1.4285714285714286,0.0
7,3921,4,False,0,2025-02-28,2,0.0,0.06,0.09,4,28,0,0,1,1.2857142857142858,0.0
7,3927,4,False,0,2025-02-28,0,0.0,0.03,0.04,4,28,0,0,1,1.5714285714285714,0.0
7,3929,4,False,0,2025-02-28,9,0.0,0.02,0.04,4,28,0,0,1,1.1428571428571428,0.0
7,3930,4,False,0,2025-02-28,1,0.0,0.04,0.06,4,28,0,0,1,2.142857142857143,0.0
7,3936,4,False,0,2025-02-28,3,0.0,0.11,0.19,4,28,0,0,1,2.142857142857143,0.0
7,3994,4,False,0,2025-02-28,2,0.0,0.08,0.1,4,28,0,0,1,2.5714285714285716,0.0
7,4000,4,False,0,2025-02-28,4,0.0,0.07,0.1,4,28,0,0,1,2.5714285714285716,0.0
7,4004,4,False,0,2025-02-28,0,0.0,0.01,0.02,4,28,0,0,1,3.0,0.0
7,4005,4,False,0,2025-02-28,2,0.0,0.03,0.06,4,28,0,0,1,2.7142857142857144,0.0
7,4024,4,False,0,2025-02-28,0,0.0,0.08,0.09,4,28,0,0,1,3.0,0.0
7,4042,4,False,0,2025-02-28,2,0.0,0.09,0.15,4,28,0,0,1,1.7142857142857142,0.0
7,4048,4,False,0,2025-02-28,2,0.0,0.03,0.04,4,28,0,0,1,1.8571428571428572,0.0
7,4050,4,False,0,2025-02-28,2,0.0,0.06,0.1,4,28,0,0,1,1.7142857142857142,0.0
7,4067,4,False,0,2025-02-28,2,0.0,0.01,0.01,4,28,0,0,1,1.7142857142857142,0.0
7,4080,4,False,0,2025-02-28,2,0.0,0.03,0.02,4,28,0,0,1,1.4285714285714286,0.0
7,4085,4,False,0,2025-02-28,3,0.0,0.03,0.05,4,28,0,0,1,1.7142857142857142,0.0
7,4099,4,False,0,2025-02-28,0,0.0,0.15,0.21,4,28,0,0,1,1.8571428571428572,0.0
7,4107,4,False,0,2025-02-28,0,0.0,0.01,0.02,4,28,0,0,1,1.8571428571428572,0.0
7,4110,4,False,0,2025-02-28,0,0.0,0.02,0.02,4,28,0,0,1,1.5714285714285714,0.0
7,4116,4,False,0,2025-02-28,0,0.0,0.04,0.06,4,28,0,0,1,1.2857142857142858,0.0
7,4127,4,False,0,2025-02-28,0,0.0,0.01,0.02,4,28,0,0,1,1.0,0.0
7,4130,4,False,0,2025-02-28,0,0.0,0.0,0.0,4,28,0,0,1,0.7142857142857143,0.0
7,4134,4,False,0,2025-02-28,1,0.0,0.03,0.05,4,28,0,0,1,0.42857142857142855,0.0
7,4139,4,False,0,2025-02-28,2,0.0,0.06,0.09,4,28,0,0,1,0.14285714285714285,0.0
7,4145,4,False,0,2025-02-28,0,0.0,0.02,0.02,4,28,0,0,1,0.42857142857142855,0.0
7,4147,4,False,0,2025-02-28,1,0.0,0.02,0.02,4,28,0,0,1,0.42857142857142855,0.0
7,4151,4,False,0,2025-02-28,2,0.0,0.07,0.08,4,28,0,0,1,0.5714285714285714,0.0
7,4152,4,False,0,2025-02-28,2,0.0,0.08,0.1,4,28,0,0,1,0.8571428571428571,0.0
7,4163,4,False,0,2025-02-28,0,0.0,0.01,0.02,4,28,0,0,1,1.1428571428571428,0.0
7,4166,4,False,0,2025-02-28,2,0.0,0.24,0.33,4,28,0,0,1,1.1428571428571428,0.0
7,4169,4,False,0,2025-02-28,2,0.0,0.05,0.08,4,28,0,0,1,1.2857142857142858,0.0
7,4174,4,False,0,2025-02-28,2,0.0,0.09,0.17,4,28,0,0,1,1.2857142857142858,0.0
7,4178,4,False,0,2025-02-28,1,0.0,0.06,0.08,4,28,0,0,1,1.5714285714285714,0.0
7,4209,4,False,0,2025-02-28,1,0.0,0.08,0.12,4,28,0,0,1,1.5714285714285714,0.0
7,4216,4,False,0,2025-02-28,8,0.0,0.02,0.03,4,28,0,0,1,1.4285714285714286,0.0
7,4218,4,False,0,2025-02-28,2,0.0,0.13,0.17,4,28,0,0,1,2.2857142857142856,0.0
7,4226,4,False,0,2025-02-28,3,0.0,0.05,0.08,4,28,0,0,1,2.5714285714285716,0.0
7,4235,4,False,0,2025-02-28,0,0.0,0.01,0.01,4,28,0,0,1,2.7142857142857144,0.0
7,4254,4,False,0,2025-02-28,2,0.0,0.05,0.1,4,28,0,0,1,2.4285714285714284,0.0
7,4266,4,False,0,2025-02-28,1,0.0,0.14,0.2,4,28,0,0,1,2.4285714285714284,0.0
7,4282,4,False,0,2025-02-28,3,0.0,0.05,0.09,4,28,0,0,1,2.4285714285714284,0.0
7,4287,4,False,0,2025-02-28,0,0.0,0.02,0.04,4,28,0,0,1,2.7142857142857144,0.0
7,4294,4,False,0,2025-02-28,2,0.0,0.06,0.11,4,28,0,0,1,1.5714285714285714,0.0
7,4308,4,False,0,2025-02-28,3,0.0,0.12,0.17,4,28,0,0,1,1.5714285714285714,0.0
7,4309,4,False,0,2025-02-28,2,0.0,0.02,0.03,4,28,0,0,1,1.5714285714285714,0.0
7,4327,4,False,0,2025-02-28,2,0.0,0.07,0.11,4,28,0,0,1,1.8571428571428572,0.0
7,4341,4,False,0,2025-02-28,5,0.0,0.01,0.01,4,28,0,0,1,1.8571428571428572,0.0
7,4355,4,False,0,2025-02-28,4,0.0,0.03,0.04,4,28,0,0,1,2.4285714285714284,0.0
7,4358,4,False,0,2025-02-28,2,0.0,0.04,0.05,4,28,0,0,1,2.5714285714285716,0.0
7,4377,4,False,0,2025-02-28,3,0.0,0.04,0.05,4,28,0,0,1,2.857142857142857,0.0
7,4379,4,False,0,2025-02-28,0,0.0,0.08,0.11,4,28,0,0,1,3.0,0.0
7,4382,4,False,0,2025-02-28,1,0.0,0.14,0.23,4,28,0,0,1,2.5714285714285716,0.0
7,4389,4,False,0,2025-02-28,3,0.0,0.08,0.11,4,28,0,0,1,2.4285714285714284,0.0
7,4396,4,False,0,2025-02-28,0,0.0,0.05,0.08,4,28,0,0,1,2.5714285714285716,0.0
7,4399,4,False,0,2025-02-28,0,0.0,0.05,0.07,4,28,0,0,1,1.8571428571428572,0.0
7,4437,4,False,0,2025-02-28,1,0.0,0.06,0.08,4,28,0,0,1,1.2857142857142858,0.0
7,4448,4,False,0,2025-02-28,1,0.0,0.04,0.06,4,28,0,0,1,1.1428571428571428,0.0
7,4463,4,False,0,2025-02-28,2,0.0,0.12,0.18,4,28,0,0,1,0.8571428571428571,0.0
7,4471,4,False,0,2025-02-28,3,0.0,0.04,0.06,4,28,0,0,1,1.1428571428571428,0.0
7,4494,4,False,0,2025-02-28,1,0.0,0.06,0.06,4,28,0,0,1,1.4285714285714286,0.0
7,4498,4,False,0,2025-02-28,0,0.0,0.01,0.02,4,28,0,0,1,1.1428571428571428,0.0
7,4502,4,False,0,2025-02-28,0,0.0,0.01,0.02,4,28,0,0,1,1.1428571428571428,0.0
7,4509,4,False,0,2025-02-28,1,0.0,0.06,0.1,4,28,0,0,1,1.1428571428571428,0.0
7,4510,4,False,0,2025-02-28,2,0.0,0.07,0.09,4,28,0,0,1,1.1428571428571428,0.0
7,4514,4,False,0,2025-02-28,0,0.0,0.05,0.08,4,28,0,0,1,1.2857142857142858,0.0
7,4528,4,False,0,2025-02-28,2,0.0,0.11,0.14,4,28,0,0,1,1.0,0.0
7,4529,4,False,0,2025-02-28,2,0.0,0.03,0.03,4,28,0,0,1,0.8571428571428571,0.0
7,4534,4,False,0,2025-02-28,2,0.0,0.02,0.03,4,28,0,0,1,1.0,0.0
7,4541,4,False,0,2025-02-28,1,0.0,0.17,0.24,4,28,0,0,1,1.2857142857142858,0.0
7,4556,4,False,0,2025-02-28,1,0.0,0.07,0.1,4,28,0,0,1,1.4285714285714286,0.0
7,4557,4,False,0,2025-02-28,2,0.0,0.1,0.1,4,28,0,0,1,1.4285714285714286,0.0
7,4559,4,False,0,2025-02-28,3,0.0,0.02,0.04,4,28,0,0,1,1.4285714285714286,0.0
7,4579,4,False,0,2025-02-28,1,0.0,0.12,0.17,4,28,0,0,1,1.8571428571428572,0.0
7,4589,4,False,0,2025-02-28,1,0.0,0.02,0.04,4,28,0,0,1,1.7142857142857142,0.0
7,4600,4,False,0,2025-02-28,2,0.0,0.05,0.07,4,28,0,0,1,1.5714285714285714,0.0
7,4634,4,False,0,2025-02-28,2,0.0,0.07,0.12,4,28,0,0,1,1.5714285714285714,0.0
7,4646,4,False,0,2025-02-28,1,0.0,0.02,0.04,4,28,0,0,1,1.7142857142857142,0.0
7,4649,4,False,0,2025-02-28,2,0.0,0.09,0.14,4,28,0,0,1,1.7142857142857142,0.0
7,4657,4,False,0,2025-02-28,3,0.0,0.05,0.07,4,28,0,0,1,1.7142857142857142,0.0
7,4684,4,False,0,2025-02-28,2,0.0,0.01,0.02,4,28,0,0,1,1.7142857142857142,0.0
7,4692,4,False,0,2025-02-28,0,0.0,0.08,0.1,4,28,0,0,1,1.8571428571428572,0.0
7,4714,4,False,0,2025-02-28,1,0.0,0.04,0.06,4,28,0,0,1,1.7142857142857142,0.0
7,4718,4,False,0,2025-02-28,1,0.0,0.06,0.13,4,28,0,0,1,1.5714285714285714,0.0
7,4721,4,False,0,2025-02-28,0,0.0,0.01,0.01,4,28,0,0,1,1.4285714285714286,0.0
7,4724,4,False,0,2025-02-28,0,0.0,0.02,0.04,4,28,0,0,1,1.2857142857142858,0.0
7,4739,4,False,0,2025-02-28,0,0.0,0.01,0.02,4,28,0,0,1,1.0,0.0
7,4743,4,False,0,2025-02-28,2,0.0,0.07,0.08,4,28,0,0,1,0.5714285714285714,0.0
7,4758,4,False,0,2025-02-28,0,1.0,0.03,0.05,4,28,0,0,1,0.5714285714285714,0.0
7,4764,4,False,0,2025-02-28,2,0.0,0.03,0.05,4,28,0,0,1,0.5714285714285714,0.0
7,4798,4,False,0,2025-02-28,6,0.0,0.05,0.07,4,28,0,0,1,0.7142857142857143,0.0
7,4815,4,False,0,2025-02-28,2,0.0,0.09,0.13,4,28,0,0,1,1.4285714285714286,0.0
7,4817,4,False,0,2025-02-28,0,0.0,0.04,0.06,4,28,0,0,1,1.7142857142857142,0.0
7,4821,4,False,0,2025-02-28,0,0.0,0.02,0.02,4,28,0,0,1,1.7142857142857142,0.0
7,4825,4,False,0,2025-02-28,2,0.0,0.11,0.2,4,28,0,0,1,1.7142857142857142,0.0
7,4837,4,False,0,2025-02-28,2,0.0,0.09,0.1,4,28,0,0,1,1.7142857142857142,0.0
7,4840,4,False,0,2025-02-28,0,0.0,0.04,0.06,4,28,0,0,1,2.0,0.0
7,4843,4,False,0,2025-02-28,0,0.0,0.05,0.06,4,28,0,0,1,1.7142857142857142,0.0
7,4857,4,False,0,2025-02-28,1,0.0,0.08,0.11,4,28,0,0,1,0.8571428571428571,0.0
7,4877,4,False,0,2025-02-28,0,0.0,0.13,0.13,4,28,0,0,1,0.7142857142857143,0.0
7,4879,4,False,0,2025-02-28,1,0.0,0.09,0.13,4,28,0,0,1,0.7142857142857143,0.0
7,4902,4,False,0,2025-02-28,0,0.0,0.02,0.03,4,28,0,0,1,0.8571428571428571,0.0
7,4912,4,False,0,2025-02-28,3,0.0,0.03,0.04,4,28,0,0,1,0.5714285714285714,0.0
7,4913,4,False,0,2025-02-28,3,0.0,0.04,0.04,4,28,0,0,1,0.7142857142857143,0.0
7,4914,4,False,0,2025-02-28,2,0.0,0.05,0.05,4,28,0,0,1,1.1428571428571428,0.0
7,4944,4,False,0,2025-02-28,2,0.0,0.05,0.07,4,28,0,0,1,1.4285714285714286,0.0
7,4945,4,False,0,2025-02-28,3,0.0,0.07,0.09,4,28,0,0,1,1.5714285714285714,0.0
7,4956,4,False,0,2025-02-28,4,0.0,0.03,0.05,4,28,0,0,1,2.0,0.0
7,4985,4,False,0,2025-02-28,3,0.0,0.07,0.11,4,28,0,0,1,2.4285714285714284,0.0
7,4990,4,False,0,2025-02-28,0,0.0,0.0,0.0,4,28,0,0,1,2.857142857142857,0.0
7,5003,4,False,0,2025-02-28,0,0.0,0.02,0.03,4,28,0,0,1,2.4285714285714284,0.0
7,5014,4,False,0,2025-02-28,2,0.0,0.11,0.16,4,28,0,0,1,2.0,0.0
7,5017,4,False,0,2025-02-28,2,0.0,0.06,0.07,4,28,0,0,1,2.0,0.0
7,5020,4,False,0,2025-02-28,2,0.0,0.04,0.06,4,28,0,0,1,2.0,0.0
7,5030,4,False,0,2025-02-28,2,0.0,0.05,0.08,4,28,0,0,1,1.8571428571428572,0.0
7,5044,4,False,0,2025-02-28,0,0.0,0.04,0.06,4,28,0,0,1,1.5714285714285714,0.0
7,5054,4,False,0,2025-02-28,2,0.0,0.09,0.12,4,28,0,0,1,1.1428571428571428,0.0
7,5067,4,False,0,2025-02-28,1,0.0,0.02,0.04,4,28,0,0,1,1.4285714285714286,0.0
7,5071,4,False,0,2025-02-28,0,0.0,0.01,0.01,4,28,0,0,1,1.5714285714285714,0.0
7,5072,4,False,0,2025-02-28,3,0.0,0.04,0.05,4,28,0,0,1,1.2857142857142858,0.0
7,5077,4,False,0,2025-02-28,3,0.0,0.03,0.05,4,28,0,0,1,1.4285714285714286,0.0
7,5083,4,False,0,2025-02-28,2,0.0,0.07,0.07,4,28,0,0,1,1.5714285714285714,0.0
7,5089,4,False,0,2025-02-28,0,0.0,0.05,0.07,4,28,0,0,1,1.5714285714285714,0.0
7,5099,4,False,0,2025-02-28,3,0.0,0.04,0.05,4,28,0,0,1,1.5714285714285714,0.0
7,5121,4,False,0,2025-02-28,1,0.0,0.03,0.03,4,28,0,0,1,1.7142857142857142,0.0
7,5132,4,False,0,2025-02-28,1,0.0,0.02,0.04,4,28,0,0,1,1.7142857142857142,0.0
7,5134,4,False,0,2025-02-28,2,0.0,0.03,0.03,4,28,0,0,1,1.8571428571428572,0.0
7,5136,4,False,0,2025-02-28,0,0.0,0.07,0.07,4,28,0,0,1,1.7142857142857142,0.0
7,5181,4,False,0,2025-02-28,3,0.0,0.01,0.01,4,28,0,0,1,1.2857142857142858,0.0
7,5187,4,False,0,2025-02-28,2,1.0,0.05,0.07,4,28,0,0,1,1.4285714285714286,0.0
7,5194,4,False,0,2025-02-28,0,0.0,0.03,0.04,4,28,0,0,1,1.7142857142857142,0.0
7,5200,4,False,0,2025-02-28,0,0.0,0.08,0.1,4,28,0,0,1,1.2857142857142858,0.0
7,5213,4,False,0,2025-02-28,3,0.0,0.01,0.02,4,28,0,0,1,1.1428571428571428,0.0
7,5214,4,False,0,2025-02-28,1,0.0,0.04,0.06,4,28,0,0,1,1.4285714285714286,0.0
7,5220,4,False,0,2025-02-28,0,0.0,0.03,0.05,4,28,0,0,1,1.2857142857142858,0.0
7,5227,4,False,0,2025-02-28,2,0.0,0.02,0.02,4,28,0,0,1,1.2857142857142858,0.0
7,5231,4,False,0,2025-02-28,0,0.0,0.02,0.03,4,28,0,0,1,1.1428571428571428,0.0
7,5233,4,False,0,2025-02-28,1,0.0,0.04,0.04,4,28,0,0,1,0.8571428571428571,0.0
7,5237,4,False,0,2025-02-28,0,0.0,0.07,0.12,4,28,0,0,1,1.0,0.0
7,5243,4,False,0,2025-02-28,3,0.0,0.04,0.06,4,28,0,0,1,1.0,0.0
7,5251,4,False,0,2025-02-28,1,0.0,0.02,0.03,4,28,0,0,1,1.0,0.0
7,5258,4,False,0,2025-02-28,1,0.0,0.05,0.1,4,28,0,0,1,1.0,0.0
7,5271,4,False,0,2025-02-28,1,0.0,0.02,0.03,4,28,0,0,1,1.1428571428571428,0.0
7,20,5,True,0,2025-02-28,0,0.0,0.01,0.04,4,28,0,0,1,1.0,0.0
7,104,5,True,0,2025-02-28,2,0.0,0.04,0.07,4,28,0,0,1,1.0,0.0
7,160,5,True,0,2025-02-28,0,0.0,0.06,0.09,4,28,0,0,1,1.1428571428571428,0.0
7,297,5,True,0,2025-02-28,0,0.0,0.02,0.02,4,28,0,0,1,1.1428571428571428,0.0
7,358,5,True,0,2025-02-28,8,1.0,0.03,0.08,4,28,0,0,1,0.7142857142857143,0.0
7,387,5,True,0,2025-02-28,0,0.0,0.02,0.06,4,28,0,0,1,1.7142857142857142,0.0
7,410,5,True,0,2025-02-28,0,0.0,0.03,0.05,4,28,0,0,1,1.5714285714285714,0.0
7,433,5,True,0,2025-02-28,0,0.0,0.07,0.08,4,28,0,0,1,1.4285714285714286,0.0
7,445,5,True,0,2025-02-28,0,0.0,0.04,0.06,4,28,0,0,1,1.4285714285714286,0.0
7,478,5,True,0,2025-02-28,0,0.0,0.03,0.07,4,28,0,0,1,1.1428571428571428,0.0
7,504,5,True,0,2025-02-28,0,0.0,0.02,0.04,4,28,0,0,1,1.1428571428571428,0.0
7,522,5,True,0,2025-02-28,0,0.0,0.02,0.06,4,28,0,0,1,1.1428571428571428,0.0
7,531,5,True,0,2025-02-28,0,0.0,0.03,0.1,4,28,0,0,1,0.0,0.0
7,539,5,True,0,2025-02-28,1,0.0,0.02,0.04,4,28,0,0,1,0.0,0.0
7,557,5,True,0,2025-02-28,4,0.0,0.04,0.08,4,28,0,0,1,0.14285714285714285,0.0
7,791,5,True,0,2025-02-28,6,0.0,0.01,0.05,4,28,0,0,1,0.7142857142857143,0.0
7,837,5,True,0,2025-02-28,0,0.0,0.07,0.16,4,28,0,0,1,1.5714285714285714,0.0
7,866,5,True,0,2025-02-28,0,0.0,0.05,0.07,4,28,0,0,1,1.5714285714285714,0.0
7,1062,5,True,0,2025-02-28,3,0.0,0.01,0.02,4,28,0,0,1,1.5714285714285714,0.0
7,1070,5,True,0,2025-02-28,1,0.0,0.03,0.08,4,28,0,0,1,2.0,0.0
7,1079,5,True,0,2025-02-28,0,0.0,0.02,0.05,4,28,0,0,1,2.142857142857143,0.0
7,1104,5,True,0,2025-02-28,0,0.0,0.03,0.09,4,28,0,0,1,2.0,0.0
7,1179,5,True,0,2025-02-28,0,0.0,0.13,0.18,4,28,0,0,1,1.4285714285714286,0.0
7,1244,5,True,0,2025-02-28,1,0.0,0.04,0.32,4,28,0,0,1,0.5714285714285714,0.0
7,1260,5,True,0,2025-02-28,0,0.0,0.06,0.12,4,28,0,0,1,0.7142857142857143,0.0
7,1289,5,True,0,2025-02-28,0,0.0,0.04,0.08,4,28,0,0,1,0.7142857142857143,0.0
7,1324,5,True,0,2025-02-28,4,0.0,0.01,0.03,4,28,0,0,1,0.2857142857142857,0.0
7,1356,5,True,0,2025-02-28,1,0.0,0.01,0.03,4,28,0,0,1,0.7142857142857143,0.0
7,1426,5,True,0,2025-02-28,3,0.0,0.02,0.04,4,28,0,0,1,0.8571428571428571,0.0
7,1480,5,True,0,2025-02-28,0,0.0,0.03,0.07,4,28,0,0,1,1.2857142857142858,0.0
7,1522,5,True,0,2025-02-28,0,0.0,0.02,0.07,4,28,0,0,1,1.2857142857142858,0.0
7,1538,5,True,0,2025-02-28,0,0.0,0.0,0.0,4,28,0,0,1,1.1428571428571428,0.0
7,1586,5,True,0,2025-02-28,0,0.0,0.03,0.06,4,28,0,0,1,1.1428571428571428,0.0
7,1588,5,True,0,2025-02-28,0,0.0,0.06,0.13,4,28,0,0,1,1.1428571428571428,0.0
7,1617,5,True,0,2025-02-28,8,0.0,0.01,0.03,4,28,0,0,1,0.5714285714285714,0.0
7,1662,5,True,0,2025-02-28,0,0.0,0.05,0.08,4,28,0,0,1,1.5714285714285714,0.0
7,1692,5,True,0,2025-02-28,0,1.0,0.17,0.26,4,28,0,0,1,1.1428571428571428,0.0
7,1695,5,True,0,2025-02-28,0,0.0,0.03,0.09,4,28,0,0,1,1.1428571428571428,0.0
7,1723,5,True,0,2025-02-28,1,0.0,0.01,0.03,4,28,0,0,1,1.1428571428571428,0.0
7,1763,5,True,0,2025-02-28,0,0.0,0.03,0.06,4,28,0,0,1,1.2857142857142858,0.0
7,1765,5,True,0,2025-02-28,0,0.0,0.02,0.06,4,28,0,0,1,1.2857142857142858,0.0
7,1770,5,True,0,2025-02-28,1,0.0,0.01,0.04,4,28,0,0,1,1.2857142857142858,0.0
7,1772,5,True,0,2025-02-28,0,0.0,0.06,0.06,4,28,0,0,1,0.2857142857142857,0.0
7,1778,5,True,0,2025-02-28,1,0.0,0.03,0.05,4,28,0,0,1,0.2857142857142857,0.0
7,1887,5,True,0,2025-02-28,0,0.0,0.03,0.05,4,28,0,0,1,0.42857142857142855,0.0
7,1893,5,True,0,2025-02-28,0,0.0,0.03,0.04,4,28,0,0,1,0.42857142857142855,0.0
7,1971,5,True,0,2025-02-28,3,0.0,0.04,0.12,4,28,0,0,1,0.2857142857142857,0.0
7,2031,5,True,0,2025-02-28,0,0.0,0.0,0.01,4,28,0,0,1,0.7142857142857143,0.0
7,2090,5,True,0,2025-02-28,0,0.0,0.01,0.03,4,28,0,0,1,0.7142857142857143,0.0
7,2205,5,True,0,2025-02-28,1,1.0,0.09,0.13,4,28,0,0,1,0.5714285714285714,0.0
7,2361,5,True,0,2025-02-28,0,0.0,0.05,0.09,4,28,0,0,1,0.7142857142857143,0.0
7,2441,5,True,0,2025-02-28,0,0.0,0.05,0.07,4,28,0,0,1,0.5714285714285714,0.0
7,2484,5,True,0,2025-02-28,1,0.0,0.07,0.09,4,28,0,0,1,0.5714285714285714,0.0
7,2513,5,True,0,2025-02-28,1,0.0,0.1,0.14,4,28,0,0,1,0.7142857142857143,0.0
7,2520,5,True,0,2025-02-28,0,0.0,0.01,0.02,4,28,0,0,1,0.42857142857142855,0.0
7,2607,5,True,0,2025-02-28,0,0.0,0.01,0.04,4,28,0,0,1,0.42857142857142855,0.0
7,2705,5,True,0,2025-02-28,0,0.0,0.02,0.03,4,28,0,0,1,0.42857142857142855,0.0
7,2726,5,True,0,2025-02-28,0,0.0,0.03,0.06,4,28,0,0,1,0.2857142857142857,0.0
7,2765,5,True,0,2025-02-28,2,0.0,0.06,0.05,4,28,0,0,1,0.2857142857142857,0.0
7,2942,5,True,0,2025-02-28,0,0.0,0.03,0.08,4,28,0,0,1,0.5714285714285714,0.0
7,3016,5,True,0,2025-02-28,1,0.0,0.03,0.06,4,28,0,0,1,0.42857142857142855,0.0
7,3091,5,True,0,2025-02-28,0,0.0,0.11,0.15,4,28,0,0,1,0.42857142857142855,0.0
7,3215,5,True,0,2025-02-28,0,0.0,0.04,0.07,4,28,0,0,1,0.42857142857142855,0.0
7,3221,5,True,0,2025-02-28,4,0.0,0.01,0.03,4,28,0,0,1,0.42857142857142855,0.0
7,3304,5,True,0,2025-02-28,0,0.0,0.07,0.1,4,28,0,0,1,1.0,0.0
7,3370,5,True,0,2025-02-28,3,0.0,0.05,0.07,4,28,0,0,1,1.0,0.0
7,3388,5,True,0,2025-02-28,1,0.0,0.09,0.13,4,28,0,0,1,1.1428571428571428,0.0
7,3431,5,True,0,2025-02-28,1,0.0,0.02,0.05,4,28,0,0,1,1.2857142857142858,0.0
7,3438,5,True,0,2025-02-28,0,0.0,0.04,0.07,4,28,0,0,1,1.2857142857142858,0.0
7,3524,5,True,0,2025-02-28,2,0.0,0.03,0.06,4,28,0,0,1,1.2857142857142858,0.0
7,3561,5,True,0,2025-02-28,0,0.0,0.04,0.08,4,28,0,0,1,1.5714285714285714,0.0
7,3596,5,True,0,2025-02-28,0,0.0,0.04,0.08,4,28,0,0,1,1.0,0.0
7,3658,5,True,0,2025-02-28,1,1.0,0.07,0.11,4,28,0,0,1,1.0,0.0
7,3683,5,True,0,2025-02-28,0,0.0,0.07,0.12,4,28,0,0,1,0.7142857142857143,0.0
7,3706,5,True,0,2025-02-28,0,0.0,0.03,0.04,4,28,0,0,1,0.5714285714285714,0.0
7,3713,5,True,0,2025-02-28,1,0.0,0.03,0.05,4,28,0,0,1,0.42857142857142855,0.0
7,3724,5,True,0,2025-02-28,0,0.0,0.02,0.04,4,28,0,0,1,0.5714285714285714,0.0
7,3855,5,True,0,2025-02-28,0,0.0,0.01,0.05,4,28,0,0,1,0.2857142857142857,0.0
7,3880,5,True,0,2025-02-28,3,0.0,0.02,0.07,4,28,0,0,1,0.2857142857142857,0.0
7,3907,5,True,0,2025-02-28,0,0.0,0.04,0.09,4,28,0,0,1,0.7142857142857143,0.0
7,3923,5,True,0,2025-02-28,0,0.0,0.02,0.04,4,28,0,0,1,0.5714285714285714,0.0
7,3958,5,True,0,2025-02-28,0,0.0,0.01,0.05,4,28,0,0,1,0.5714285714285714,0.0
7,3999,5,True,0,2025-02-28,0,0.0,0.18,0.29,4,28,0,0,1,0.5714285714285714,0.0
7,4066,5,True,0,2025-02-28,0,0.0,0.12,0.16,4,28,0,0,1,0.42857142857142855,0.0
7,4092,5,True,0,2025-02-28,0,0.0,0.06,0.07,4,28,0,0,1,0.42857142857142855,0.0
7,4241,5,True,0,2025-02-28,0,0.0,0.06,0.1,4,28,0,0,1,0.42857142857142855,0.0
7,4345,5,True,0,2025-02-28,0,0.0,0.03,0.05,4,28,0,0,1,0.0,0.0
7,4384,5,True,0,2025-02-28,0,0.0,0.11,0.18,4,28,0,0,1,0.0,0.0
7,4385,5,True,0,2025-02-28,3,0.0,0.01,0.0,4,28,0,0,1,0.0,0.0
7,4401,5,True,0,2025-02-28,4,0.0,0.04,0.07,4,28,0,0,1,0.42857142857142855,0.0
7,4511,5,True,0,2025-02-28,2,0.0,0.02,0.03,4,28,0,0,1,1.0,0.0
7,4581,5,True,0,2025-02-28,0,0.0,0.01,0.06,4,28,0,0,1,1.2857142857142858,0.0
7,4678,5,True,0,2025-02-28,0,0.0,0.0,0.02,4,28,0,0,1,1.2857142857142858,0.0
7,4735,5,True,0,2025-02-28,0,0.0,0.03,0.06,4,28,0,0,1,1.2857142857142858,0.0
7,4756,5,True,0,2025-02-28,0,0.0,0.02,0.03,4,28,0,0,1,1.2857142857142858,0.0
7,4761,5,True,0,2025-02-28,0,0.0,0.02,0.03,4,28,0,0,1,1.2857142857142858,0.0
7,4812,5,True,0,2025-02-28,0,0.0,0.03,0.09,4,28,0,0,1,0.8571428571428571,0.0
7,4832,5,True,0,2025-02-28,0,0.0,0.06,0.06,4,28,0,0,1,0.2857142857142857,0.0
7,4856,5,True,0,2025-02-28,2,0.0,0.16,0.24,4,28,0,0,1,0.0,0.0
7,4874,5,True,0,2025-02-28,3,0.0,0.1,0.18,4,28,0,0,1,0.2857142857142857,0.0
7,4897,5,True,0,2025-02-28,0,0.0,0.02,0.04,4,28,0,0,1,0.7142857142857143,0.0
7,4951,5,True,0,2025-02-28,1,0.0,0.01,0.06,4,28,0,0,1,0.7142857142857143,0.0
7,5108,5,True,0,2025-02-28,6,0.0,0.03,0.07,4,28,0,0,1,0.8571428571428571,0.0
7,5127,5,True,0,2025-02-28,1,0.0,0.12,0.16,4,28,0,0,1,1.7142857142857142,0.0
7,5207,5,True,0,2025-02-28,0,0.0,0.01,0.03,4,28,0,0,1,1.8571428571428572,0.0
7,5244,5,True,0,2025-02-28,0,0.0,0.03,0.07,4,28,0,0,1,1.8571428571428572,0.0
7,69,6,False,0,2025-02-28,2,0.0,0.12,0.2,4,28,0,0,1,1.5714285714285714,0.0
7,142,6,False,0,2025-02-28,1,0.0,0.17,0.25,4,28,0,0,1,1.4285714285714286,0.0
7,315,6,False,0,2025-02-28,0,0.0,0.46,0.69,4,28,0,0,1,1.5714285714285714,0.0
7,627,6,False,0,2025-02-28,0,0.0,0.17,0.17,4,28,0,0,1,1.4285714285714286,0.0
7,646,6,False,0,2025-02-28,1,0.0,0.2,0.23,4,28,0,0,1,0.5714285714285714,0.0
7,739,6,False,0,2025-02-28,0,0.0,0.17,0.25,4,28,0,0,1,0.5714285714285714,0.0
7,811,6,False,0,2025-02-28,0,0.0,0.13,0.18,4,28,0,0,1,0.5714285714285714,0.0
7,862,6,False,0,2025-02-28,0,0.0,0.19,0.25,4,28,0,0,1,0.5714285714285714,0.0
7,931,6,False,0,2025-02-28,2,0.0,0.15,0.24,4,28,0,0,1,0.2857142857142857,0.0
7,938,6,False,0,2025-02-28,0,0.0,0.08,0.13,4,28,0,0,1,0.42857142857142855,0.0
7,951,6,False,0,2025-02-28,1,0.0,0.1,0.16,4,28,0,0,1,0.42857142857142855,0.0
7,1019,6,False,0,2025-02-28,0,0.0,0.1,0.12,4,28,0,0,1,0.5714285714285714,0.0
7,1024,6,False,0,2025-02-28,0,0.0,0.1,0.13,4,28,0,0,1,0.42857142857142855,0.0
7,1029,6,False,0,2025-02-28,0,0.0,0.12,0.17,4,28,0,0,1,0.42857142857142855,0.0
7,1136,6,False,0,2025-02-28,1,0.0,0.08,0.15,4,28,0,0,1,0.42857142857142855,0.0
7,1188,6,False,0,2025-02-28,0,0.0,0.09,0.11,4,28,0,0,1,0.5714285714285714,0.0
7,1203,6,False,0,2025-02-28,1,0.0,0.17,0.22,4,28,0,0,1,0.2857142857142857,0.0
7,1204,6,False,0,2025-02-28,1,0.0,0.14,0.23,4,28,0,0,1,0.42857142857142855,0.0
7,1225,6,False,0,2025-02-28,1,0.0,0.17,0.25,4,28,0,0,1,0.42857142857142855,0.0
7,1269,6,False,0,2025-02-28,0,0.0,0.12,0.16,4,28,0,0,1,0.5714285714285714,0.0
7,1326,6,False,0,2025-02-28,0,0.0,0.44,0.53,4,28,0,0,1,0.5714285714285714,0.0
7,1328,6,False,0,2025-02-28,0,0.0,0.36,0.37,4,28,0,0,1,0.5714285714285714,0.0
7,1403,6,False,0,2025-02-28,1,0.0,0.06,0.09,4,28,0,0,1,0.42857142857142855,0.0
7,1457,6,False,0,2025-02-28,1,0.0,0.4,0.56,4,28,0,0,1,0.5714285714285714,0.0
7,1476,6,False,0,2025-02-28,1,0.0,0.17,0.24,4,28,0,0,1,0.5714285714285714,0.0
7,1562,6,False,0,2025-02-28,0,0.0,0.08,0.13,4,28,0,0,1,0.5714285714285714,0.0
7,1616,6,False,0,2025-02-28,3,0.0,0.18,0.26,4,28,0,0,1,0.42857142857142855,0.0
7,1741,6,False,0,2025-02-28,0,0.0,0.09,0.12,4,28,0,0,1,0.8571428571428571,0.0
7,1760,6,False,0,2025-02-28,0,0.0,0.4,0.56,4,28,0,0,1,0.8571428571428571,0.0
7,1762,6,False,0,2025-02-28,0,0.0,0.09,0.11,4,28,0,0,1,0.8571428571428571,0.0
7,1821,6,False,0,2025-02-28,0,0.0,0.36,0.36,4,28,0,0,1,0.7142857142857143,0.0
7,1829,6,False,0,2025-02-28,0,0.0,0.08,0.12,4,28,0,0,1,0.5714285714285714,0.0
7,1878,6,False,0,2025-02-28,0,0.0,0.4,0.48,4,28,0,0,1,0.42857142857142855,0.0
7,2046,6,False,0,2025-02-28,1,0.0,0.36,0.49,4,28,0,0,1,0.42857142857142855,0.0
7,2346,6,False,0,2025-02-28,0,0.0,0.09,0.14,4,28,0,0,1,0.14285714285714285,0.0
7,2471,6,False,0,2025-02-28,0,0.0,0.17,0.17,4,28,0,0,1,0.14285714285714285,0.0
7,2482,6,False,0,2025-02-28,1,0.0,0.35,0.49,4,28,0,0,1,0.14285714285714285,0.0
7,2514,6,False,0,2025-02-28,5,0.0,0.18,0.16,4,28,0,0,1,0.2857142857142857,0.0
7,2516,6,False,0,2025-02-28,0,0.0,0.24,0.38,4,28,0,0,1,1.0,0.0
7,2587,6,False,0,2025-02-28,0,0.0,0.12,0.17,4,28,0,0,1,1.0,0.0
7,2789,6,False,0,2025-02-28,0,0.0,0.13,0.18,4,28,0,0,1,1.0,0.0
7,2846,6,False,0,2025-02-28,0,0.0,0.12,0.17,4,28,0,0,1,0.8571428571428571,0.0
7,3070,6,False,0,2025-02-28,0,0.0,0.21,0.23,4,28,0,0,1,0.8571428571428571,0.0
7,3076,6,False,0,2025-02-28,0,0.0,0.22,0.24,4,28,0,0,1,0.8571428571428571,0.0
7,3144,6,False,0,2025-02-28,0,0.0,0.26,0.37,4,28,0,0,1,0.7142857142857143,0.0
7,3151,6,False,0,2025-02-28,0,0.0,0.19,0.24,4,28,0,0,1,0.0,0.0
7,3154,6,False,0,2025-02-28,2,0.0,0.12,0.22,4,28,0,0,1,0.0,0.0
7,3399,6,False,0,2025-02-28,0,0.0,0.13,0.14,4,28,0,0,1,0.2857142857142857,0.0
7,3480,6,False,0,2025-02-28,0,0.0,0.18,0.18,4,28,0,0,1,0.2857142857142857,0.0
7,3486,6,False,0,2025-02-28,0,0.0,0.49,0.62,4,28,0,0,1,0.2857142857142857,0.0
7,3533,6,False,0,2025-02-28,0,0.0,0.21,0.34,4,28,0,0,1,0.2857142857142857,0.0
7,3623,6,False,0,2025-02-28,1,0.0,0.17,0.28,4,28,0,0,1,0.2857142857142857,0.0
7,3626,6,False,0,2025-02-28,0,0.0,0.12,0.21,4,28,0,0,1,0.42857142857142855,0.0
7,3634,6,False,0,2025-02-28,0,0.0,0.12,0.18,4,28,0,0,1,0.42857142857142855,0.0
7,3719,6,False,0,2025-02-28,0,0.0,0.42,0.49,4,28,0,0,1,0.14285714285714285,0.0
7,3737,6,False,0,2025-02-28,1,0.0,0.19,0.24,4,28,0,0,1,0.14285714285714285,0.0
7,3840,6,False,0,2025-02-28,0,0.0,0.09,0.1,4,28,0,0,1,0.2857142857142857,0.0
7,3926,6,False,0,2025-02-28,1,0.0,0.14,0.22,4,28,0,0,1,0.2857142857142857,0.0
7,3945,6,False,0,2025-02-28,1,0.0,0.09,0.14,4,28,0,0,1,0.42857142857142855,0.0
7,4443,6,False,0,2025-02-28,0,0.0,0.25,0.35,4,28,0,0,1,0.42857142857142855,0.0
7,4545,6,False,0,2025-02-28,0,0.0,0.21,0.3,4,28,0,0,1,0.42857142857142855,0.0
7,4805,6,False,0,2025-02-28,1,0.0,0.16,0.23,4,28,0,0,1,0.42857142857142855,0.0
7,4965,6,False,0,2025-02-28,5,0.0,0.17,0.26,4,28,0,0,1,0.5714285714285714,0.0
7,5053,6,False,0,2025-02-28,2,0.0,0.54,0.78,4,28,0,0,1,1.1428571428571428,0.0
7,5160,6,False,0,2025-02-28,0,0.0,0.16,0.16,4,28,0,0,1,1.4285714285714286,0.0
7,62,7,False,0,2025-02-28,1,0.0,0.02,0.04,4,28,0,0,1,1.2857142857142858,0.0
7,77,7,False,0,2025-02-28,0,0.0,0.0,0.0,4,28,0,0,1,1.2857142857142858,0.0
7,98,7,False,0,2025-02-28,2,0.0,0.04,0.07,4,28,0,0,1,1.2857142857142858,0.0
7,113,7,False,0,2025-02-28,2,0.0,0.02,0.03,4,28,0,0,1,1.5714285714285714,0.0
7,184,7,False,0,2025-02-28,0,0.0,0.17,0.23,4,28,0,0,1,1.7142857142857142,0.0
7,194,7,False,0,2025-02-28,0,0.0,0.01,0.01,4,28,0,0,1,1.0,0.0
7,265,7,False,0,2025-02-28,1,0.0,0.04,0.05,4,28,0,0,1,0.7142857142857143,0.0
7,364,7,False,0,2025-02-28,0,0.0,0.24,0.36,4,28,0,0,1,0.8571428571428571,0.0
7,391,7,False,0,2025-02-28,0,0.0,0.02,0.03,4,28,0,0,1,0.7142857142857143,0.0
7,394,7,False,0,2025-02-28,1,0.0,0.04,0.07,4,28,0,0,1,0.7142857142857143,0.0
7,405,7,False,0,2025-02-28,2,0.0,0.02,0.03,4,28,0,0,1,0.5714285714285714,0.0
7,462,7,False,0,2025-02-28,1,0.0,0.33,0.4,4,28,0,0,1,0.5714285714285714,0.0
7,466,7,False,0,2025-02-28,2,1.0,0.03,0.06,4,28,0,0,1,0.7142857142857143,0.0
7,519,7,False,0,2025-02-28,2,0.0,0.03,0.06,4,28,0,0,1,1.0,0.0
7,568,7,False,0,2025-02-28,0,0.0,0.0,0.0,4,28,0,0,1,1.1428571428571428,0.0
7,588,7,False,0,2025-02-28,1,0.0,0.11,0.17,4,28,0,0,1,1.1428571428571428,0.0
7,704,7,False,0,2025-02-28,0,0.0,0.07,0.08,4,28,0,0,1,1.2857142857142858,0.0
7,788,7,False,0,2025-02-28,0,0.0,0.0,0.0,4,28,0,0,1,1.1428571428571428,0.0
7,888,7,False,0,2025-02-28,1,0.0,0.06,0.08,4,28,0,0,1,0.8571428571428571,0.0
7,911,7,False,0,2025-02-28,1,0.0,0.25,0.46,4,28,0,0,1,0.8571428571428571,0.0
7,935,7,False,0,2025-02-28,0,0.0,0.03,0.06,4,28,0,0,1,0.7142857142857143,0.0
7,945,7,False,0,2025-02-28,1,0.0,0.04,0.06,4,28,0,0,1,0.42857142857142855,0.0
7,954,7,False,0,2025-02-28,1,0.0,0.11,0.13,4,28,0,0,1,0.5714285714285714,0.0
7,968,7,False,0,2025-02-28,0,0.0,0.02,0.02,4,28,0,0,1,0.5714285714285714,0.0
7,1051,7,False,0,2025-02-28,1,0.0,0.04,0.06,4,28,0,0,1,0.5714285714285714,0.0
7,1055,7,False,0,2025-02-28,1,0.0,0.11,0.15,4,28,0,0,1,0.7142857142857143,0.0
7,1147,7,False,0,2025-02-28,1,0.0,0.11,0.15,4,28,0,0,1,0.7142857142857143,0.0
7,1186,7,False,0,2025-02-28,0,0.0,0.38,0.45,4,28,0,0,1,0.7142857142857143,0.0
7,1233,7,False,0,2025-02-28,1,0.0,0.07,0.11,4,28,0,0,1,0.7142857142857143,0.0
7,1264,7,False,0,2025-02-28,0,0.0,0.0,0.0,4,28,0,0,1,0.7142857142857143,0.0
7,1302,7,False,0,2025-02-28,0,0.0,0.26,0.39,4,28,0,0,1,0.5714285714285714,0.0
7,1362,7,False,0,2025-02-28,0,0.0,0.05,0.06,4,28,0,0,1,0.5714285714285714,0.0
7,1581,7,False,0,2025-02-28,0,0.0,0.04,0.06,4,28,0,0,1,0.42857142857142855,0.0
7,1679,7,False,0,2025-02-28,1,0.0,0.07,0.1,4,28,0,0,1,0.2857142857142857,0.0
7,1704,7,False,0,2025-02-28,1,0.0,0.07,0.09,4,28,0,0,1,0.2857142857142857,0.0
7,1726,7,False,0,2025-02-28,1,0.0,0.01,0.02,4,28,0,0,1,0.42857142857142855,0.0
7,1734,7,False,0,2025-02-28,0,0.0,0.24,0.3,4,28,0,0,1,0.42857142857142855,0.0
7,1744,7,False,0,2025-02-28,2,0.0,0.07,0.11,4,28,0,0,1,0.42857142857142855,0.0
7,1796,7,False,0,2025-02-28,2,0.0,0.01,0.02,4,28,0,0,1,0.7142857142857143,0.0
7,1841,7,False,0,2025-02-28,1,0.0,0.03,0.07,4,28,0,0,1,1.0,0.0
7,1844,7,False,0,2025-02-28,1,0.0,0.13,0.18,4,28,0,0,1,1.1428571428571428,0.0
7,1858,7,False,0,2025-02-28,1,0.0,0.09,0.14,4,28,0,0,1,1.1428571428571428,0.0
7,1900,7,False,0,2025-02-28,1,0.0,0.18,0.15,4,28,0,0,1,1.1428571428571428,0.0
7,1938,7,False,0,2025-02-28,2,0.0,0.02,0.03,4,28,0,0,1,1.1428571428571428,0.0
7,2002,7,False,0,2025-02-28,3,0.0,0.01,0.02,4,28,0,0,1,1.4285714285714286,0.0
7,2008,7,False,0,2025-02-28,5,0.0,0.03,0.05,4,28,0,0,1,1.5714285714285714,0.0
7,2018,7,False,0,2025-02-28,1,0.0,0.11,0.14,4,28,0,0,1,2.0,0.0
7,2032,7,False,0,2025-02-28,1,0.0,0.34,0.37,4,28,0,0,1,2.0,0.0
7,2037,7,False,0,2025-02-28,10,0.0,0.06,0.1,4,28,0,0,1,2.0,0.0
7,2237,7,False,0,2025-02-28,1,0.0,0.12,0.15,4,28,0,0,1,3.2857142857142856,0.0
7,2243,7,False,0,2025-02-28,4,0.0,0.49,0.51,4,28,0,0,1,3.2857142857142856,0.0
7,2263,7,False,0,2025-02-28,2,0.0,0.04,0.07,4,28,0,0,1,3.5714285714285716,0.0
7,2310,7,False,0,2025-02-28,0,0.0,0.22,0.29,4,28,0,0,1,3.4285714285714284,0.0
7,2324,7,False,0,2025-02-28,1,0.0,0.19,0.22,4,28,0,0,1,2.7142857142857144,0.0
7,2341,7,False,0,2025-02-28,0,0.0,0.18,0.28,4,28,0,0,1,2.7142857142857144,0.0
7,2351,7,False,0,2025-02-28,1,0.0,0.07,0.11,4,28,0,0,1,2.5714285714285716,0.0
7,2408,7,False,0,2025-02-28,1,0.0,0.05,0.06,4,28,0,0,1,1.2857142857142858,0.0
7,2510,7,False,0,2025-02-28,1,0.0,0.19,0.27,4,28,0,0,1,1.2857142857142858,0.0
7,2526,7,False,0,2025-02-28,1,0.0,0.23,0.3,4,28,0,0,1,0.8571428571428571,0.0
7,2588,7,False,0,2025-02-28,3,0.0,0.04,0.07,4,28,0,0,1,0.7142857142857143,0.0
7,2604,7,False,0,2025-02-28,2,0.0,0.01,0.03,4,28,0,0,1,1.1428571428571428,0.0
7,2618,7,False,0,2025-02-28,0,0.0,0.04,0.06,4,28,0,0,1,1.2857142857142858,0.0
7,2686,7,False,0,2025-02-28,8,0.0,0.03,0.04,4,28,0,0,1,1.2857142857142858,0.0
7,2698,7,False,0,2025-02-28,0,0.0,0.5,0.76,4,28,0,0,1,2.2857142857142856,0.0
7,2723,7,False,0,2025-02-28,0,0.0,0.02,0.04,4,28,0,0,1,2.142857142857143,0.0
7,2823,7,False,0,2025-02-28,0,0.0,0.18,0.22,4,28,0,0,1,2.0,0.0
7,2836,7,False,0,2025-02-28,0,0.0,0.04,0.06,4,28,0,0,1,1.8571428571428572,0.0
7,2855,7,False,0,2025-02-28,1,0.0,0.07,0.08,4,28,0,0,1,1.4285714285714286,0.0
7,2966,7,False,0,2025-02-28,1,0.0,0.01,0.01,4,28,0,0,1,1.2857142857142858,0.0
7,3033,7,False,0,2025-02-28,1,0.0,0.09,0.12,4,28,0,0,1,1.4285714285714286,0.0
7,3039,7,False,0,2025-02-28,1,0.0,0.01,0.03,4,28,0,0,1,0.42857142857142855,0.0
7,3043,7,False,0,2025-02-28,1,0.0,0.19,0.26,4,28,0,0,1,0.5714285714285714,0.0
7,3060,7,False,0,2025-02-28,1,0.0,0.08,0.09,4,28,0,0,1,0.7142857142857143,0.0
7,3099,7,False,0,2025-02-28,1,0.0,0.04,0.06,4,28,0,0,1,0.8571428571428571,0.0
7,3103,7,False,0,2025-02-28,1,0.0,0.06,0.07,4,28,0,0,1,1.0,0.0
7,3155,7,False,0,2025-02-28,2,0.0,0.22,0.39,4,28,0,0,1,1.0,0.0
7,3245,7,False,0,2025-02-28,1,0.0,0.04,0.05,4,28,0,0,1,1.1428571428571428,0.0
7,3248,7,False,0,2025-02-28,0,0.0,0.05,0.05,4,28,0,0,1,1.1428571428571428,0.0
7,3355,7,False,0,2025-02-28,1,0.0,0.08,0.15,4,28,0,0,1,1.0,0.0
7,3435,7,False,0,2025-02-28,1,0.0,0.08,0.1,4,28,0,0,1,1.0,0.0
7,3441,7,False,0,2025-02-28,1,0.0,0.05,0.06,4,28,0,0,1,1.0,0.0
7,3579,7,False,0,2025-02-28,1,0.0,0.04,0.05,4,28,0,0,1,1.0,0.0
7,3619,7,False,0,2025-02-28,0,0.0,0.14,0.23,4,28,0,0,1,1.0,0.0
7,3652,7,False,0,2025-02-28,1,0.0,0.07,0.1,4,28,0,0,1,0.7142857142857143,0.0
7,3763,7,False,0,2025-02-28,0,0.0,0.02,0.03,4,28,0,0,1,0.7142857142857143,0.0
7,3805,7,False,0,2025-02-28,0,0.0,0.04,0.05,4,28,0,0,1,0.7142857142857143,0.0
7,4060,7,False,0,2025-02-28,0,0.0,0.1,0.13,4,28,0,0,1,0.5714285714285714,0.0
7,4079,7,False,0,2025-02-28,3,0.0,0.01,0.02,4,28,0,0,1,0.42857142857142855,0.0
7,4114,7,False,0,2025-02-28,0,0.0,0.05,0.09,4,28,0,0,1,0.7142857142857143,0.0
7,4180,7,False,0,2025-02-28,0,0.0,0.29,0.51,4,28,0,0,1,0.5714285714285714,0.0
7,4219,7,False,0,2025-02-28,2,0.0,0.28,0.39,4,28,0,0,1,0.5714285714285714,0.0
7,4245,7,False,0,2025-02-28,1,0.0,0.04,0.05,4,28,0,0,1,0.7142857142857143,0.0
7,4297,7,False,0,2025-02-28,1,0.0,0.25,0.35,4,28,0,0,1,0.8571428571428571,0.0
7,4402,7,False,0,2025-02-28,0,0.0,0.02,0.03,4,28,0,0,1,1.0,0.0
7,4407,7,False,0,2025-02-28,0,0.0,0.19,0.34,4,28,0,0,1,1.0,0.0
7,4415,7,False,0,2025-02-28,0,0.0,0.04,0.03,4,28,0,0,1,0.5714285714285714,0.0
7,4537,7,False,0,2025-02-28,2,0.0,0.07,0.1,4,28,0,0,1,0.5714285714285714,0.0
7,4549,7,False,0,2025-02-28,0,0.0,0.05,0.06,4,28,0,0,1,0.8571428571428571,0.0
7,4597,7,False,0,2025-02-28,0,0.0,0.08,0.11,4,28,0,0,1,0.5714285714285714,0.0
7,4625,7,False,0,2025-02-28,0,0.0,0.11,0.17,4,28,0,0,1,0.42857142857142855,0.0
7,4639,7,False,0,2025-02-28,1,0.0,0.13,0.19,4,28,0,0,1,0.2857142857142857,0.0
7,4705,7,False,0,2025-02-28,2,0.0,0.43,0.52,4,28,0,0,1,0.42857142857142855,0.0
7,4754,7,False,0,2025-02-28,1,0.0,0.26,0.34,4,28,0,0,1,0.7142857142857143,0.0
7,4792,7,False,0,2025-02-28,0,0.0,0.34,0.4,4,28,0,0,1,0.8571428571428571,0.0
7,4793,7,False,0,2025-02-28,2,0.0,0.02,0.03,4,28,0,0,1,0.5714285714285714,0.0
7,4918,7,False,0,2025-02-28,0,0.0,0.14,0.23,4,28,0,0,1,0.8571428571428571,0.0
7,4932,7,False,0,2025-02-28,0,0.0,0.07,0.11,4,28,0,0,1,0.8571428571428571,0.0
7,4950,7,False,0,2025-02-28,1,0.0,0.05,0.09,4,28,0,0,1,0.8571428571428571,0.0
7,5009,7,False,0,2025-02-28,4,0.0,0.04,0.08,4,28,0,0,1,0.8571428571428571,0.0
7,5050,7,False,0,2025-02-28,1,0.0,0.07,0.11,4,28,0,0,1,1.1428571428571428,0.0
7,5061,7,False,0,2025-02-28,1,0.0,0.21,0.3,4,28,0,0,1,1.1428571428571428,0.0
7,5114,7,False,0,2025-02-28,0,0.0,0.02,0.04,4,28,0,0,1,1.2857142857142858,0.0
7,5147,7,False,0,2025-02-28,0,0.0,0.02,0.03,4,28,0,0,1,1.0,0.0
7,5166,7,False,0,2025-02-28,1,0.0,0.05,0.08,4,28,0,0,1,1.0,0.0
7,5235,7,False,0,2025-02-28,0,0.0,0.14,0.21,4,28,0,0,1,1.1428571428571428,0.0
7,5248,7,False,0,2025-02-28,4,0.0,0.03,0.12,4,28,0,0,1,1.0,0.0
7,5273,7,False,0,2025-02-28,1,0.0,0.09,0.12,4,28,0,0,1,1.0,0.0
7,14,8,False,0,2025-02-28,0,0.0,0.2,0.32,4,28,0,0,1,1.0,0.0
7,81,8,False,0,2025-02-28,0,0.0,0.01,0.01,4,28,0,0,1,0.8571428571428571,0.0
7,231,8,False,0,2025-02-28,0,2.0,0.03,0.04,4,28,0,0,1,0.8571428571428571,0.0
7,260,8,False,0,2025-02-28,43,0.0,0.02,0.03,4,28,0,0,1,0.8571428571428571,0.0
7,303,8,False,0,2025-02-28,0,0.0,0.0,0.01,4,28,0,0,1,6.857142857142857,0.0
7,320,8,False,0,2025-02-28,0,0.0,0.13,0.2,4,28,0,0,1,6.857142857142857,0.0
7,385,8,False,0,2025-02-28,0,0.0,0.22,0.32,4,28,0,0,1,6.285714285714286,0.0
7,389,8,False,0,2025-02-28,0,0.0,0.02,0.05,4,28,0,0,1,6.142857142857143,0.0
7,465,8,False,0,2025-02-28,1,0.0,0.03,0.06,4,28,0,0,1,6.142857142857143,0.0
7,633,8,False,0,2025-02-28,0,0.0,0.05,0.06,4,28,0,0,1,6.285714285714286,0.0
7,835,8,False,0,2025-02-28,1,0.0,0.25,0.33,4,28,0,0,1,6.285714285714286,0.0
7,857,8,False,0,2025-02-28,2,0.0,0.02,0.05,4,28,0,0,1,0.2857142857142857,0.0
7,876,8,False,0,2025-02-28,0,0.0,0.01,0.02,4,28,0,0,1,0.5714285714285714,0.0
7,902,8,False,0,2025-02-28,2,0.0,0.02,0.04,4,28,0,0,1,0.5714285714285714,0.0
7,914,8,False,0,2025-02-28,2,0.0,0.13,0.21,4,28,0,0,1,0.8571428571428571,0.0
7,927,8,False,0,2025-02-28,10,0.0,0.01,0.03,4,28,0,0,1,1.1428571428571428,0.0
7,981,8,False,0,2025-02-28,0,0.0,0.01,0.01,4,28,0,0,1,2.4285714285714284,0.0
7,1056,8,False,0,2025-02-28,11,0.0,0.02,0.03,4,28,0,0,1,2.4285714285714284,0.0
7,1310,8,False,0,2025-02-28,1,0.0,0.22,0.29,4,28,0,0,1,3.857142857142857,0.0
7,1327,8,False,0,2025-02-28,7,0.0,0.02,0.03,4,28,0,0,1,3.7142857142857144,0.0
7,1347,8,False,0,2025-02-28,1,0.0,0.25,0.3,4,28,0,0,1,4.714285714285714,0.0
7,1363,8,False,0,2025-02-28,3,0.0,0.01,0.03,4,28,0,0,1,4.571428571428571,0.0
7,1371,8,False,0,2025-02-28,0,0.0,0.02,0.02,4,28,0,0,1,4.714285714285714,0.0
7,1385,8,False,0,2025-02-28,2,0.0,0.39,0.44,4,28,0,0,1,3.2857142857142856,0.0
7,1395,8,False,0,2025-02-28,1,0.0,0.01,0.02,4,28,0,0,1,3.5714285714285716,0.0
7,1415,8,False,0,2025-02-28,0,0.0,0.0,0.0,4,28,0,0,1,2.142857142857143,0.0
7,1459,8,False,0,2025-02-28,1,0.0,0.03,0.05,4,28,0,0,1,2.0,0.0
7,1521,8,False,0,2025-02-28,2,0.0,0.08,0.12,4,28,0,0,1,1.1428571428571428,0.0
7,1525,8,False,0,2025-02-28,67,0.0,0.01,0.02,4,28,0,0,1,1.2857142857142858,0.0
7,1549,8,False,0,2025-02-28,3,1.0,0.01,0.02,4,28,0,0,1,10.428571428571429,0.0
7,1620,8,False,0,2025-02-28,0,0.0,0.03,0.04,4,28,0,0,1,10.857142857142858,0.0
7,1755,8,False,0,2025-02-28,0,0.0,0.02,0.03,4,28,0,0,1,10.571428571428571,0.0
7,1846,8,False,0,2025-02-28,1,0.0,0.14,0.19,4,28,0,0,1,10.428571428571429,0.0
7,1916,8,False,0,2025-02-28,21,0.0,0.02,0.02,4,28,0,0,1,10.571428571428571,0.0
7,1941,8,False,0,2025-02-28,0,0.0,0.18,0.23,4,28,0,0,1,13.428571428571429,0.0
7,1966,8,False,0,2025-02-28,0,0.0,0.12,0.13,4,28,0,0,1,13.142857142857142,0.0
7,2001,8,False,0,2025-02-28,0,0.0,0.16,0.2,4,28,0,0,1,3.5714285714285716,0.0
7,2094,8,False,0,2025-02-28,0,0.0,0.21,0.21,4,28,0,0,1,3.142857142857143,0.0
7,2157,8,False,0,2025-02-28,1,0.0,0.03,0.05,4,28,0,0,1,3.142857142857143,0.0
7,2254,8,False,0,2025-02-28,1,0.0,0.18,0.3,4,28,0,0,1,3.2857142857142856,0.0
7,2371,8,False,0,2025-02-28,0,0.0,0.02,0.05,4,28,0,0,1,3.2857142857142856,0.0
7,2462,8,False,0,2025-02-28,2,0.0,0.33,0.59,4,28,0,0,1,0.2857142857142857,0.0
7,2475,8,False,0,2025-02-28,0,0.0,0.13,0.19,4,28,0,0,1,0.5714285714285714,0.0
7,2507,8,False,0,2025-02-28,0,0.0,0.01,0.02,4,28,0,0,1,0.5714285714285714,0.0
7,2673,8,False,0,2025-02-28,0,0.0,0.02,0.04,4,28,0,0,1,0.5714285714285714,0.0
7,2681,8,False,0,2025-02-28,1,0.0,0.04,0.06,4,28,0,0,1,0.5714285714285714,0.0
7,2706,8,False,0,2025-02-28,0,0.0,0.02,0.05,4,28,0,0,1,0.5714285714285714,0.0
7,2718,8,False,0,2025-02-28,10,0.0,0.04,0.09,4,28,0,0,1,0.42857142857142855,0.0
7,2874,8,False,0,2025-02-28,39,1.0,0.02,0.03,4,28,0,0,1,1.8571428571428572,0.0
7,2875,8,False,0,2025-02-28,0,0.0,0.01,0.02,4,28,0,0,1,7.142857142857143,0.0
7,2888,8,False,0,2025-02-28,3,0.0,0.03,0.05,4,28,0,0,1,7.142857142857143,0.0
7,2969,8,False,0,2025-02-28,3,0.0,0.01,0.02,4,28,0,0,1,7.571428571428571,0.0
7,2971,8,False,0,2025-02-28,0,0.0,0.23,0.24,4,28,0,0,1,8.0,0.0
7,3057,8,False,0,2025-02-28,36,0.0,0.01,0.01,4,28,0,0,1,7.857142857142857,0.0
7,3121,8,False,0,2025-02-28,0,0.0,0.16,0.23,4,28,0,0,1,13.0,0.0
7,3157,8,False,0,2025-02-28,0,0.0,0.01,0.01,4,28,0,0,1,11.571428571428571,0.0
7,3189,8,False,0,2025-02-28,1,0.0,0.1,0.15,4,28,0,0,1,6.0,0.0
7,3194,8,False,0,2025-02-28,2,0.0,0.21,0.22,4,28,0,0,1,6.142857142857143,0.0
7,3228,8,False,0,2025-02-28,6,1.0,0.03,0.04,4,28,0,0,1,6.0,0.0
7,3269,8,False,0,2025-02-28,0,0.0,0.1,0.17,4,28,0,0,1,6.428571428571429,0.0
7,3294,8,False,0,2025-02-28,0,0.0,0.13,0.19,4,28,0,0,1,6.428571428571429,0.0
7,3300,8,False,0,2025-02-28,2,0.0,0.1,0.15,4,28,0,0,1,1.2857142857142858,0.0
7,3318,8,False,0,2025-02-28,6,0.0,0.1,0.21,4,28,0,0,1,1.5714285714285714,0.0
7,3404,8,False,0,2025-02-28,0,0.0,0.11,0.2,4,28,0,0,1,2.4285714285714284,0.0
7,3563,8,False,0,2025-02-28,0,0.0,0.29,0.32,4,28,0,0,1,2.2857142857142856,0.0
7,3666,8,False,0,2025-02-28,11,0.0,0.02,0.03,4,28,0,0,1,2.0,0.0
7,3676,8,False,0,2025-02-28,2,0.0,0.01,0.01,4,28,0,0,1,2.7142857142857144,0.0
7,3716,8,False,0,2025-02-28,2,0.0,0.1,0.15,4,28,0,0,1,3.0,0.0
7,3740,8,False,0,2025-02-28,2,0.0,0.04,0.06,4,28,0,0,1,3.2857142857142856,0.0
7,3781,8,False,0,2025-02-28,1,0.0,0.04,0.06,4,28,0,0,1,3.2857142857142856,0.0
7,3783,8,False,0,2025-02-28,24,0.0,0.03,0.04,4,28,0,0,1,2.5714285714285716,0.0
7,3938,8,False,0,2025-02-28,16,0.0,0.02,0.04,4,28,0,0,1,6.0,0.0
7,4003,8,False,0,2025-02-28,0,0.0,0.02,0.02,4,28,0,0,1,8.285714285714286,0.0
7,4029,8,False,0,2025-02-28,3,0.0,0.02,0.04,4,28,0,0,1,6.714285714285714,0.0
7,4044,8,False,0,2025-02-28,1,0.0,0.02,0.03,4,28,0,0,1,6.857142857142857,0.0
7,4113,8,False,0,2025-02-28,2,0.0,0.08,0.15,4,28,0,0,1,6.714285714285714,0.0
7,4208,8,False,0,2025-02-28,0,0.0,0.43,0.56,4,28,0,0,1,6.714285714285714,0.0
7,4236,8,False,0,2025-02-28,1,0.0,0.14,0.21,4,28,0,0,1,6.571428571428571,0.0
7,4403,8,False,0,2025-02-28,0,0.0,0.15,0.15,4,28,0,0,1,3.2857142857142856,0.0
7,4425,8,False,0,2025-02-28,0,0.0,0.06,0.05,4,28,0,0,1,1.0,0.0
7,4442,8,False,0,2025-02-28,9,0.0,0.02,0.04,4,28,0,0,1,1.0,0.0
7,4506,8,False,0,2025-02-28,2,0.0,0.04,0.07,4,28,0,0,1,1.8571428571428572,0.0
7,4531,8,False,0,2025-02-28,1,0.0,0.25,0.42,4,28,0,0,1,2.0,0.0
7,4629,8,False,0,2025-02-28,3,0.0,0.01,0.02,4,28,0,0,1,1.8571428571428572,0.0
7,4873,8,False,0,2025-02-28,0,0.0,0.01,0.02,4,28,0,0,1,2.2857142857142856,0.0
7,4991,8,False,0,2025-02-28,3,0.0,0.05,0.08,4,28,0,0,1,2.142857142857143,0.0
7,5047,8,False,0,2025-02-28,0,0.0,0.16,0.19,4,28,0,0,1,2.5714285714285716,0.0
7,5152,8,False,0,2025-02-28,1,0.0,0.02,0.04,4,28,0,0,1,2.5714285714285716,0.0
7,5155,8,False,0,2025-02-28,0,0.0,0.04,0.07,4,28,0,0,1,1.4285714285714286,0.0
7,8,9,True,0,2025-02-28,0,0.0,0.05,0.18,4,28,0,0,1,1.1428571428571428,0.0
7,11,9,True,0,2025-02-28,0,0.0,0.03,0.06,4,28,0,0,1,1.0,0.0
7,23,9,True,0,2025-02-28,0,0.0,0.03,0.06,4,28,0,0,1,0.5714285714285714,0.0
7,49,9,True,0,2025-02-28,0,0.0,0.06,0.15,4,28,0,0,1,0.5714285714285714,0.0
7,50,9,True,0,2025-02-28,0,0.0,0.02,0.1,4,28,0,0,1,0.14285714285714285,0.0
7,135,9,True,0,2025-02-28,0,0.0,0.14,0.24,4,28,0,0,1,0.14285714285714285,0.0
7,150,9,True,0,2025-02-28,0,0.0,0.04,0.05,4,28,0,0,1,0.0,0.0
7,163,9,True,0,2025-02-28,0,0.0,0.05,0.07,4,28,0,0,1,0.0,0.0
7,201,9,True,0,2025-02-28,0,0.0,0.14,0.28,4,28,0,0,1,0.0,0.0
7,244,9,True,0,2025-02-28,0,0.0,0.01,0.05,4,28,0,0,1,0.0,0.0
7,259,9,True,0,2025-02-28,0,0.0,0.06,0.14,4,28,0,0,1,0.0,0.0
7,271,9,True,0,2025-02-28,0,0.0,0.01,0.07,4,28,0,0,1,0.0,0.0
7,276,9,True,0,2025-02-28,0,0.0,0.06,0.12,4,28,0,0,1,0.0,0.0
7,280,9,True,0,2025-02-28,0,0.0,0.01,0.03,4,28,0,0,1,0.0,0.0
7,296,9,True,0,2025-02-28,0,0.0,0.25,0.32,4,28,0,0,1,0.0,0.0
7,298,9,True,0,2025-02-28,0,0.0,0.03,0.07,4,28,0,0,1,0.0,0.0
7,302,9,True,0,2025-02-28,0,0.0,0.03,0.06,4,28,0,0,1,0.0,0.0
7,308,9,True,0,2025-02-28,0,0.0,0.03,0.06,4,28,0,0,1,0.0,0.0
7,334,9,True,0,2025-02-28,0,0.0,0.01,0.07,4,28,0,0,1,0.0,0.0
7,357,9,True,0,2025-02-28,0,0.0,0.09,0.16,4,28,0,0,1,0.0,0.0
7,365,9,True,0,2025-02-28,0,0.0,0.02,0.06,4,28,0,0,1,0.0,0.0
7,374,9,True,0,2025-02-28,1,0.0,0.03,0.05,4,28,0,0,1,0.0,0.0
7,378,9,True,0,2025-02-28,0,0.0,0.03,0.07,4,28,0,0,1,0.14285714285714285,0.0
7,395,9,True,0,2025-02-28,0,0.0,0.01,0.04,4,28,0,0,1,0.14285714285714285,0.0
7,453,9,True,0,2025-02-28,0,0.0,0.01,0.05,4,28,0,0,1,0.14285714285714285,0.0
7,479,9,True,0,2025-02-28,0,0.0,0.13,0.17,4,28,0,0,1,0.14285714285714285,0.0
7,485,9,True,0,2025-02-28,0,0.0,0.05,0.12,4,28,0,0,1,0.14285714285714285,0.0
7,507,9,True,0,2025-02-28,0,0.0,0.04,0.05,4,28,0,0,1,0.14285714285714285,0.0
7,508,9,True,0,2025-02-28,0,0.0,0.02,0.07,4,28,0,0,1,0.14285714285714285,0.0
7,533,9,True,0,2025-02-28,0,0.0,0.01,0.03,4,28,0,0,1,0.0,0.0
7,558,9,True,0,2025-02-28,0,0.0,0.11,0.17,4,28,0,0,1,0.0,0.0
7,572,9,True,0,2025-02-28,0,0.0,0.06,0.08,4,28,0,0,1,0.0,0.0
7,575,9,True,0,2025-02-28,0,0.0,0.05,0.09,4,28,0,0,1,0.0,0.0
7,578,9,True,0,2025-02-28,0,0.0,0.14,0.2,4,28,0,0,1,0.0,0.0
7,608,9,True,0,2025-02-28,0,0.0,0.06,0.16,4,28,0,0,1,0.0,0.0
7,648,9,True,0,2025-02-28,0,0.0,0.07,0.15,4,28,0,0,1,0.0,0.0
7,656,9,True,0,2025-02-28,0,0.0,0.1,0.16,4,28,0,0,1,0.0,0.0
7,682,9,True,0,2025-02-28,0,0.0,0.04,0.12,4,28,0,0,1,0.0,0.0
7,730,9,True,0,2025-02-28,0,0.0,0.01,0.04,4,28,0,0,1,0.0,0.0
7,756,9,True,0,2025-02-28,0,0.0,0.1,0.2,4,28,0,0,1,0.0,0.0
7,778,9,True,0,2025-02-28,0,0.0,0.07,0.09,4,28,0,0,1,0.0,0.0
7,782,9,True,0,2025-02-28,0,0.0,0.1,0.16,4,28,0,0,1,0.0,0.0
7,786,9,True,0,2025-02-28,0,0.0,0.02,0.04,4,28,0,0,1,0.0,0.0
7,816,9,True,0,2025-02-28,0,0.0,0.01,0.03,4,28,0,0,1,0.0,0.0
7,833,9,True,0,2025-02-28,0,0.0,0.04,0.07,4,28,0,0,1,0.0,0.0
7,853,9,True,0,2025-02-28,0,0.0,0.15,0.22,4,28,0,0,1,0.0,0.0
7,865,9,True,0,2025-02-28,0,0.0,0.12,0.2,4,28,0,0,1,0.0,0.0
7,890,9,True,0,2025-02-28,0,0.0,0.01,0.05,4,28,0,0,1,0.0,0.0
7,895,9,True,0,2025-02-28,0,0.0,0.06,0.11,4,28,0,0,1,0.0,0.0
7,898,9,True,0,2025-02-28,0,0.0,0.01,0.02,4,28,0,0,1,0.0,0.0
7,915,9,True,0,2025-02-28,0,0.0,0.01,0.03,4,28,0,0,1,0.0,0.0
7,943,9,True,0,2025-02-28,0,0.0,0.04,0.12,4,28,0,0,1,0.0,0.0
7,944,9,True,0,2025-02-28,0,0.0,0.09,0.13,4,28,0,0,1,0.0,0.0
7,949,9,True,0,2025-02-28,0,0.0,0.06,0.1,4,28,0,0,1,0.0,0.0
7,956,9,True,0,2025-02-28,0,0.0,0.02,0.06,4,28,0,0,1,0.0,0.0
7,986,9,True,0,2025-02-28,0,0.0,0.01,0.03,4,28,0,0,1,0.0,0.0
7,999,9,True,0,2025-02-28,0,0.0,0.06,0.14,4,28,0,0,1,0.0,0.0
7,1001,9,True,0,2025-02-28,0,0.0,0.02,0.06,4,28,0,0,1,0.0,0.0
7,1027,9,True,0,2025-02-28,0,0.0,0.02,0.06,4,28,0,0,1,0.0,0.0
7,1048,9,True,0,2025-02-28,0,0.0,0.08,0.4,4,28,0,0,1,0.0,0.0
7,1054,9,True,0,2025-02-28,0,0.0,0.01,0.02,4,28,0,0,1,0.0,0.0
7,1139,9,True,0,2025-02-28,0,0.0,0.03,0.06,4,28,0,0,1,0.0,0.0
7,1140,9,True,0,2025-02-28,0,0.0,0.01,0.05,4,28,0,0,1,0.0,0.0
7,1152,9,True,0,2025-02-28,0,0.0,0.0,0.04,4,28,0,0,1,0.0,0.0
7,1166,9,True,0,2025-02-28,0,0.0,0.04,0.1,4,28,0,0,1,0.0,0.0
7,1171,9,True,0,2025-02-28,0,0.0,0.41,0.51,4,28,0,0,1,0.0,0.0
7,1222,9,True,0,2025-02-28,0,0.0,0.05,0.19,4,28,0,0,1,0.0,0.0
7,1252,9,True,0,2025-02-28,0,0.0,0.06,0.23,4,28,0,0,1,0.0,0.0
7,1331,9,True,0,2025-02-28,0,0.0,0.11,0.63,4,28,0,0,1,0.0,0.0
7,1355,9,True,0,2025-02-28,0,0.0,0.02,0.04,4,28,0,0,1,0.0,0.0
7,1366,9,True,0,2025-02-28,0,0.0,0.62,0.84,4,28,0,0,1,0.0,0.0
7,1389,9,True,0,2025-02-28,0,0.0,0.1,0.24,4,28,0,0,1,0.0,0.0
7,1401,9,True,0,2025-02-28,0,0.0,0.03,0.07,4,28,0,0,1,0.0,0.0
7,1435,9,True,0,2025-02-28,0,0.0,0.03,0.03,4,28,0,0,1,0.0,0.0
7,1442,9,True,0,2025-02-28,0,0.0,0.03,0.06,4,28,0,0,1,0.0,0.0
7,1449,9,True,0,2025-02-28,0,0.0,0.01,0.06,4,28,0,0,1,0.0,0.0
7,1474,9,True,0,2025-02-28,0,0.0,0.06,0.11,4,28,0,0,1,0.0,0.0
7,1489,9,True,0,2025-02-28,0,0.0,0.02,0.06,4,28,0,0,1,0.0,0.0
7,1492,9,True,0,2025-02-28,0,0.0,0.11,0.16,4,28,0,0,1,0.0,0.0
7,1530,9,True,0,2025-02-28,0,0.0,0.09,0.11,4,28,0,0,1,0.0,0.0
7,1572,9,True,0,2025-02-28,0,0.0,0.04,0.1,4,28,0,0,1,0.0,0.0
7,1583,9,True,0,2025-02-28,0,0.0,0.03,0.08,4,28,0,0,1,0.0,0.0
7,1595,9,True,0,2025-02-28,0,0.0,0.02,0.05,4,28,0,0,1,0.0,0.0
7,1636,9,True,0,2025-02-28,0,0.0,0.02,0.09,4,28,0,0,1,0.0,0.0
7,1643,9,True,0,2025-02-28,0,0.0,0.07,0.11,4,28,0,0,1,0.0,0.0
7,1671,9,True,0,2025-02-28,0,0.0,0.01,0.09,4,28,0,0,1,0.0,0.0
7,1687,9,True,0,2025-02-28,0,0.0,0.06,0.1,4,28,0,0,1,0.0,0.0
7,1719,9,True,0,2025-02-28,1,0.0,0.06,0.1,4,28,0,0,1,0.0,0.0
7,1758,9,True,0,2025-02-28,0,0.0,0.05,0.09,4,28,0,0,1,0.14285714285714285,0.0
7,1810,9,True,0,2025-02-28,0,0.0,0.02,0.07,4,28,0,0,1,0.14285714285714285,0.0
7,1837,9,True,0,2025-02-28,0,1.0,0.04,0.06,4,28,0,0,1,0.14285714285714285,0.0
7,1857,9,True,0,2025-02-28,0,0.0,0.04,0.07,4,28,0,0,1,0.14285714285714285,0.0
7,1883,9,True,0,2025-02-28,4,0.0,0.06,0.11,4,28,0,0,1,0.14285714285714285,0.0
7,1889,9,True,0,2025-02-28,0,0.0,0.02,0.06,4,28,0,0,1,0.7142857142857143,0.0
7,1920,9,True,0,2025-02-28,0,0.0,0.13,0.15,4,28,0,0,1,0.7142857142857143,0.0
7,2012,9,True,0,2025-02-28,0,0.0,0.02,0.12,4,28,0,0,1,0.5714285714285714,0.0
7,2060,9,True,0,2025-02-28,0,0.0,0.13,0.2,4,28,0,0,1,0.5714285714285714,0.0
7,2065,9,True,0,2025-02-28,0,0.0,0.01,0.03,4,28,0,0,1,0.5714285714285714,0.0
7,2074,9,True,0,2025-02-28,0,0.0,0.07,0.22,4,28,0,0,1,0.5714285714285714,0.0
7,2139,9,True,0,2025-02-28,0,0.0,0.02,0.1,4,28,0,0,1,0.5714285714285714,0.0
7,2164,9,True,0,2025-02-28,0,0.0,0.01,0.05,4,28,0,0,1,0.0,0.0
7,2195,9,True,0,2025-02-28,0,0.0,0.01,0.02,4,28,0,0,1,0.0,0.0
7,2207,9,True,0,2025-02-28,0,0.0,0.07,0.12,4,28,0,0,1,0.0,0.0
7,2221,9,True,0,2025-02-28,0,0.0,0.01,0.05,4,28,0,0,1,0.0,0.0
7,2231,9,True,0,2025-02-28,0,0.0,0.03,0.09,4,28,0,0,1,0.0,0.0
7,2235,9,True,0,2025-02-28,0,0.0,0.06,0.07,4,28,0,0,1,0.0,0.0
7,2248,9,True,0,2025-02-28,0,0.0,0.07,0.28,4,28,0,0,1,0.0,0.0
7,2319,9,True,0,2025-02-28,0,0.0,0.18,0.54,4,28,0,0,1,0.0,0.0
7,2327,9,True,0,2025-02-28,0,0.0,0.02,0.07,4,28,0,0,1,0.0,0.0
7,2328,9,True,0,2025-02-28,0,0.0,0.18,0.25,4,28,0,0,1,0.0,0.0
7,2339,9,True,0,2025-02-28,0,0.0,0.03,0.14,4,28,0,0,1,0.0,0.0
7,2365,9,True,0,2025-02-28,0,0.0,0.0,0.01,4,28,0,0,1,0.0,0.0
7,2425,9,True,0,2025-02-28,0,0.0,0.05,0.14,4,28,0,0,1,0.0,0.0
7,2428,9,True,0,2025-02-28,0,0.0,0.31,0.42,4,28,0,0,1,0.0,0.0
7,2430,9,True,0,2025-02-28,0,0.0,0.01,0.04,4,28,0,0,1,0.0,0.0
7,2437,9,True,0,2025-02-28,0,0.0,0.03,0.07,4,28,0,0,1,0.0,0.0
7,2476,9,True,0,2025-02-28,0,0.0,0.04,0.33,4,28,0,0,1,0.0,0.0
7,2509,9,True,0,2025-02-28,0,0.0,0.07,0.15,4,28,0,0,1,0.0,0.0
7,2535,9,True,0,2025-02-28,0,0.0,0.07,0.09,4,28,0,0,1,0.0,0.0
7,2561,9,True,0,2025-02-28,0,0.0,0.06,0.1,4,28,0,0,1,0.0,0.0
7,2562,9,True,0,2025-02-28,0,0.0,0.04,0.09,4,28,0,0,1,0.0,0.0
7,2570,9,True,0,2025-02-28,1,0.0,0.02,0.02,4,28,0,0,1,0.0,0.0
7,2579,9,True,0,2025-02-28,0,0.0,0.1,0.18,4,28,0,0,1,0.14285714285714285,0.0
7,2599,9,True,0,2025-02-28,0,0.0,0.14,0.2,4,28,0,0,1,0.14285714285714285,0.0
7,2656,9,True,0,2025-02-28,0,0.0,0.05,0.5,4,28,0,0,1,0.14285714285714285,0.0
7,2666,9,True,0,2025-02-28,0,0.0,0.07,0.15,4,28,0,0,1,0.14285714285714285,0.0
7,2696,9,True,0,2025-02-28,0,0.0,0.02,0.03,4,28,0,0,1,0.14285714285714285,0.0
7,2703,9,True,0,2025-02-28,0,0.0,0.03,0.06,4,28,0,0,1,0.14285714285714285,0.0
7,2713,9,True,0,2025-02-28,0,0.0,0.02,0.03,4,28,0,0,1,0.14285714285714285,0.0
7,2728,9,True,0,2025-02-28,0,0.0,0.1,0.11,4,28,0,0,1,0.0,0.0
7,2733,9,True,0,2025-02-28,0,0.0,0.06,0.09,4,28,0,0,1,0.0,0.0
7,2762,9,True,0,2025-02-28,0,0.0,0.02,0.04,4,28,0,0,1,0.0,0.0
7,2766,9,True,0,2025-02-28,0,0.0,0.13,0.29,4,28,0,0,1,0.0,0.0
7,2777,9,True,0,2025-02-28,0,0.0,0.03,0.07,4,28,0,0,1,0.0,0.0
7,2779,9,True,0,2025-02-28,0,0.0,0.03,0.05,4,28,0,0,1,0.0,0.0
7,2787,9,True,0,2025-02-28,0,0.0,0.02,0.07,4,28,0,0,1,0.0,0.0
7,2790,9,True,0,2025-02-28,0,0.0,0.02,0.07,4,28,0,0,1,0.0,0.0
7,2793,9,True,0,2025-02-28,0,0.0,0.07,0.17,4,28,0,0,1,0.0,0.0
7,2794,9,True,0,2025-02-28,0,0.0,0.02,0.05,4,28,0,0,1,0.0,0.0
7,2802,9,True,0,2025-02-28,0,0.0,0.01,0.04,4,28,0,0,1,0.0,0.0
7,2810,9,True,0,2025-02-28,0,0.0,0.04,0.09,4,28,0,0,1,0.0,0.0
7,2819,9,True,0,2025-02-28,0,0.0,0.16,0.22,4,28,0,0,1,0.0,0.0
7,2837,9,True,0,2025-02-28,0,0.0,0.15,0.19,4,28,0,0,1,0.0,0.0
7,2863,9,True,0,2025-02-28,0,0.0,0.14,0.22,4,28,0,0,1,0.0,0.0
7,2865,9,True,0,2025-02-28,0,0.0,0.07,0.14,4,28,0,0,1,0.0,0.0
7,2879,9,True,0,2025-02-28,0,0.0,0.02,0.04,4,28,0,0,1,0.0,0.0
7,2900,9,True,0,2025-02-28,0,0.0,0.03,0.09,4,28,0,0,1,0.0,0.0
7,2965,9,True,0,2025-02-28,0,0.0,0.04,0.04,4,28,0,0,1,0.0,0.0
7,2993,9,True,0,2025-02-28,0,0.0,0.08,0.17,4,28,0,0,1,0.0,0.0
7,3005,9,True,0,2025-02-28,0,0.0,0.1,0.12,4,28,0,0,1,0.0,0.0
7,3075,9,True,0,2025-02-28,1,0.0,0.19,0.43,4,28,0,0,1,0.0,0.0
7,3080,9,True,0,2025-02-28,0,0.0,0.22,0.5,4,28,0,0,1,0.14285714285714285,0.0
7,3081,9,True,0,2025-02-28,0,0.0,0.08,0.14,4,28,0,0,1,0.14285714285714285,0.0
7,3109,9,True,0,2025-02-28,0,0.0,0.03,0.08,4,28,0,0,1,0.14285714285714285,0.0
7,3138,9,True,0,2025-02-28,0,0.0,0.18,0.28,4,28,0,0,1,0.14285714285714285,0.0
7,3141,9,True,0,2025-02-28,0,0.0,0.06,0.17,4,28,0,0,1,0.14285714285714285,0.0
7,3150,9,True,0,2025-02-28,0,0.0,0.0,0.01,4,28,0,0,1,0.14285714285714285,0.0
7,3171,9,True,0,2025-02-28,0,0.0,0.03,0.06,4,28,0,0,1,0.14285714285714285,0.0
7,3182,9,True,0,2025-02-28,0,0.0,0.02,0.08,4,28,0,0,1,0.0,0.0
7,3231,9,True,0,2025-02-28,0,0.0,0.08,0.17,4,28,0,0,1,0.0,0.0
7,3243,9,True,0,2025-02-28,0,0.0,0.02,0.06,4,28,0,0,1,0.0,0.0
7,3252,9,True,0,2025-02-28,0,0.0,0.02,0.09,4,28,0,0,1,0.0,0.0
7,3270,9,True,0,2025-02-28,0,0.0,0.12,0.18,4,28,0,0,1,0.0,0.0
7,3297,9,True,0,2025-02-28,0,0.0,0.13,0.22,4,28,0,0,1,0.0,0.0
7,3301,9,True,0,2025-02-28,0,0.0,0.09,0.17,4,28,0,0,1,0.0,0.0
7,3306,9,True,0,2025-02-28,0,0.0,0.13,0.19,4,28,0,0,1,0.0,0.0
7,3316,9,True,0,2025-02-28,0,0.0,0.01,0.04,4,28,0,0,1,0.0,0.0
7,3321,9,True,0,2025-02-28,0,0.0,0.02,0.08,4,28,0,0,1,0.0,0.0
7,3357,9,True,0,2025-02-28,0,0.0,0.25,0.5,4,28,0,0,1,0.0,0.0
7,3362,9,True,0,2025-02-28,0,0.0,0.02,0.05,4,28,0,0,1,0.0,0.0
7,3371,9,True,0,2025-02-28,0,0.0,0.05,0.26,4,28,0,0,1,0.0,0.0
7,3375,9,True,0,2025-02-28,0,0.0,0.1,0.31,4,28,0,0,1,0.0,0.0
7,3378,9,True,0,2025-02-28,0,0.0,0.09,0.15,4,28,0,0,1,0.0,0.0
7,3390,9,True,0,2025-02-28,0,0.0,0.04,0.08,4,28,0,0,1,0.0,0.0
7,3391,9,True,0,2025-02-28,0,0.0,0.1,0.15,4,28,0,0,1,0.0,0.0
7,3410,9,True,0,2025-02-28,0,0.0,0.06,0.08,4,28,0,0,1,0.0,0.0
7,3418,9,True,0,2025-02-28,0,0.0,0.11,0.2,4,28,0,0,1,0.0,0.0
7,3429,9,True,0,2025-02-28,0,0.0,0.09,0.13,4,28,0,0,1,0.0,0.0
7,3432,9,True,0,2025-02-28,0,0.0,0.01,0.05,4,28,0,0,1,0.0,0.0
7,3461,9,True,0,2025-02-28,0,0.0,0.01,0.05,4,28,0,0,1,0.0,0.0
7,3478,9,True,0,2025-02-28,2,0.0,0.03,0.05,4,28,0,0,1,0.0,0.0
7,3483,9,True,0,2025-02-28,0,0.0,0.07,0.15,4,28,0,0,1,0.2857142857142857,0.0
7,3487,9,True,0,2025-02-28,0,0.0,0.08,0.11,4,28,0,0,1,0.2857142857142857,0.0
7,3510,9,True,0,2025-02-28,0,0.0,0.08,0.14,4,28,0,0,1,0.2857142857142857,0.0
7,3513,9,True,0,2025-02-28,0,0.0,0.05,0.09,4,28,0,0,1,0.2857142857142857,0.0
7,3515,9,True,0,2025-02-28,0,0.0,0.01,0.02,4,28,0,0,1,0.2857142857142857,0.0
7,3541,9,True,0,2025-02-28,0,0.0,0.01,0.04,4,28,0,0,1,0.2857142857142857,0.0
7,3544,9,True,0,2025-02-28,1,0.0,0.1,0.15,4,28,0,0,1,0.2857142857142857,0.0
7,3600,9,True,0,2025-02-28,0,0.0,0.15,0.19,4,28,0,0,1,0.14285714285714285,0.0
7,3665,9,True,0,2025-02-28,0,0.0,0.02,0.03,4,28,0,0,1,0.14285714285714285,0.0
7,3674,9,True,0,2025-02-28,0,0.0,0.02,0.07,4,28,0,0,1,0.14285714285714285,0.0
7,3677,9,True,0,2025-02-28,0,0.0,0.05,0.08,4,28,0,0,1,0.14285714285714285,0.0
7,3709,9,True,0,2025-02-28,0,0.0,0.05,0.1,4,28,0,0,1,0.14285714285714285,0.0
7,3739,9,True,0,2025-02-28,0,0.0,0.02,0.02,4,28,0,0,1,0.14285714285714285,0.0
7,3747,9,True,0,2025-02-28,1,0.0,0.05,0.07,4,28,0,0,1,0.14285714285714285,0.0
7,3762,9,True,0,2025-02-28,0,0.0,0.02,0.09,4,28,0,0,1,0.14285714285714285,0.0
7,3771,9,True,0,2025-02-28,0,0.0,0.08,0.12,4,28,0,0,1,0.14285714285714285,0.0
7,3775,9,True,0,2025-02-28,0,0.0,0.07,0.23,4,28,0,0,1,0.14285714285714285,0.0
7,3787,9,True,0,2025-02-28,0,0.0,0.18,0.22,4,28,0,0,1,0.14285714285714285,0.0
7,3809,9,True,0,2025-02-28,0,0.0,0.02,0.09,4,28,0,0,1,0.14285714285714285,0.0
7,3810,9,True,0,2025-02-28,3,0.0,0.3,0.55,4,28,0,0,1,0.14285714285714285,0.0
7,3817,9,True,0,2025-02-28,0,0.0,0.01,0.06,4,28,0,0,1,0.5714285714285714,0.0
7,3849,9,True,0,2025-02-28,0,0.0,0.05,0.12,4,28,0,0,1,0.42857142857142855,0.0
7,3854,9,True,0,2025-02-28,1,0.0,0.06,0.38,4,28,0,0,1,0.42857142857142855,0.0
7,3859,9,True,0,2025-02-28,0,0.0,0.02,0.06,4,28,0,0,1,0.5714285714285714,0.0
7,3860,9,True,0,2025-02-28,0,0.0,0.02,0.09,4,28,0,0,1,0.5714285714285714,0.0
7,3871,9,True,0,2025-02-28,0,0.0,0.02,0.07,4,28,0,0,1,0.5714285714285714,0.0
7,3920,9,True,0,2025-02-28,0,0.0,0.06,0.13,4,28,0,0,1,0.5714285714285714,0.0
7,3933,9,True,0,2025-02-28,0,0.0,0.12,0.2,4,28,0,0,1,0.14285714285714285,0.0
7,3973,9,True,0,2025-02-28,0,0.0,0.02,0.04,4,28,0,0,1,0.14285714285714285,0.0
7,3981,9,True,0,2025-02-28,0,0.0,0.01,0.04,4,28,0,0,1,0.14285714285714285,0.0
7,3989,9,True,0,2025-02-28,0,0.0,0.15,0.35,4,28,0,0,1,0.0,0.0
7,4022,9,True,0,2025-02-28,0,0.0,0.08,0.09,4,28,0,0,1,0.0,0.0
7,4039,9,True,0,2025-02-28,0,0.0,0.05,0.12,4,28,0,0,1,0.0,0.0
7,4051,9,True,0,2025-02-28,0,0.0,0.02,0.09,4,28,0,0,1,0.0,0.0
7,4091,9,True,0,2025-02-28,0,0.0,0.04,0.17,4,28,0,0,1,0.0,0.0
7,4131,9,True,0,2025-02-28,0,0.0,0.02,0.08,4,28,0,0,1,0.0,0.0
7,4146,9,True,0,2025-02-28,0,0.0,0.09,0.23,4,28,0,0,1,0.0,0.0
7,4164,9,True,0,2025-02-28,0,0.0,0.02,0.04,4,28,0,0,1,0.0,0.0
7,4168,9,True,0,2025-02-28,0,0.0,0.06,0.12,4,28,0,0,1,0.0,0.0
7,4222,9,True,0,2025-02-28,0,0.0,0.04,0.1,4,28,0,0,1,0.0,0.0
7,4263,9,True,0,2025-02-28,0,0.0,0.01,0.02,4,28,0,0,1,0.0,0.0
7,4271,9,True,0,2025-02-28,0,0.0,0.02,0.06,4,28,0,0,1,0.0,0.0
7,4274,9,True,0,2025-02-28,0,0.0,0.04,0.07,4,28,0,0,1,0.0,0.0
7,4280,9,True,0,2025-02-28,0,0.0,0.05,0.08,4,28,0,0,1,0.0,0.0
7,4337,9,True,0,2025-02-28,0,0.0,0.04,0.05,4,28,0,0,1,0.0,0.0
7,4375,9,True,0,2025-02-28,0,0.0,0.01,0.01,4,28,0,0,1,0.0,0.0
7,4394,9,True,0,2025-02-28,0,0.0,0.02,0.04,4,28,0,0,1,0.0,0.0
7,4419,9,True,0,2025-02-28,0,0.0,0.06,0.09,4,28,0,0,1,0.0,0.0
7,4462,9,True,0,2025-02-28,0,0.0,0.13,0.17,4,28,0,0,1,0.0,0.0
7,4482,9,True,0,2025-02-28,0,0.0,0.04,0.13,4,28,0,0,1,0.0,0.0
7,4483,9,True,0,2025-02-28,0,0.0,0.05,0.06,4,28,0,0,1,0.0,0.0
7,4495,9,True,0,2025-02-28,0,0.0,0.01,0.05,4,28,0,0,1,0.0,0.0
7,4512,9,True,0,2025-02-28,0,0.0,0.04,0.09,4,28,0,0,1,0.0,0.0
7,4547,9,True,0,2025-02-28,6,0.0,0.01,0.05,4,28,0,0,1,0.0,0.0
7,4552,9,True,0,2025-02-28,0,0.0,0.07,0.14,4,28,0,0,1,0.8571428571428571,0.0
7,4578,9,True,0,2025-02-28,0,0.0,0.04,0.07,4,28,0,0,1,0.8571428571428571,0.0
7,4588,9,True,0,2025-02-28,0,0.0,0.02,0.06,4,28,0,0,1,0.8571428571428571,0.0
7,4603,9,True,0,2025-02-28,0,0.0,0.02,0.07,4,28,0,0,1,0.8571428571428571,0.0
7,4611,9,True,0,2025-02-28,0,0.0,0.01,0.03,4,28,0,0,1,0.8571428571428571,0.0
7,4619,9,True,0,2025-02-28,0,0.0,0.05,0.1,4,28,0,0,1,0.8571428571428571,0.0
7,4680,9,True,0,2025-02-28,0,0.0,0.01,0.05,4,28,0,0,1,0.8571428571428571,0.0
7,4694,9,True,0,2025-02-28,0,0.0,0.02,0.08,4,28,0,0,1,0.0,0.0
7,4708,9,True,0,2025-02-28,0,0.0,0.04,0.1,4,28,0,0,1,0.0,0.0
7,4720,9,True,0,2025-02-28,0,0.0,0.03,0.04,4,28,0,0,1,0.0,0.0
7,4738,9,True,0,2025-02-28,0,0.0,0.06,0.23,4,28,0,0,1,0.0,0.0
7,4746,9,True,0,2025-02-28,0,0.0,0.19,0.22,4,28,0,0,1,0.0,0.0
7,4752,9,True,0,2025-02-28,0,0.0,0.03,0.11,4,28,0,0,1,0.0,0.0
7,4762,9,True,0,2025-02-28,0,0.0,0.02,0.08,4,28,0,0,1,0.0,0.0
7,4776,9,True,0,2025-02-28,0,0.0,0.02,0.05,4,28,0,0,1,0.0,0.0
7,4777,9,True,0,2025-02-28,0,0.0,0.02,0.03,4,28,0,0,1,0.0,0.0
7,4796,9,True,0,2025-02-28,0,0.0,0.02,0.07,4,28,0,0,1,0.0,0.0
7,4797,9,True,0,2025-02-28,0,0.0,0.01,0.02,4,28,0,0,1,0.0,0.0
7,4814,9,True,0,2025-02-28,0,0.0,0.01,0.09,4,28,0,0,1,0.0,0.0
7,4828,9,True,0,2025-02-28,0,0.0,0.1,0.15,4,28,0,0,1,0.0,0.0
7,4831,9,True,0,2025-02-28,0,0.0,0.07,0.13,4,28,0,0,1,0.0,0.0
7,4916,9,True,0,2025-02-28,0,0.0,0.02,0.09,4,28,0,0,1,0.0,0.0
7,4940,9,True,0,2025-02-28,0,0.0,0.01,0.06,4,28,0,0,1,0.0,0.0
7,4949,9,True,0,2025-02-28,0,0.0,0.01,0.05,4,28,0,0,1,0.0,0.0
7,4982,9,True,0,2025-02-28,0,0.0,0.02,0.07,4,28,0,0,1,0.0,0.0
7,4993,9,True,0,2025-02-28,0,0.0,0.02,0.04,4,28,0,0,1,0.0,0.0
7,4995,9,True,0,2025-02-28,0,0.0,0.05,0.07,4,28,0,0,1,0.0,0.0
7,5007,9,True,0,2025-02-28,0,0.0,0.01,0.02,4,28,0,0,1,0.0,0.0
7,5010,9,True,0,2025-02-28,0,0.0,0.33,0.37,4,28,0,0,1,0.0,0.0
7,5037,9,True,0,2025-02-28,0,0.0,0.01,0.03,4,28,0,0,1,0.0,0.0
7,5065,9,True,0,2025-02-28,0,0.0,0.17,0.53,4,28,0,0,1,0.0,0.0
7,5066,9,True,0,2025-02-28,0,0.0,0.07,0.16,4,28,0,0,1,0.0,0.0
7,5081,9,True,0,2025-02-28,0,0.0,0.0,0.01,4,28,0,0,1,0.0,0.0
7,5104,9,True,0,2025-02-28,0,0.0,0.17,0.2,4,28,0,0,1,0.0,0.0
7,5157,9,True,0,2025-02-28,0,0.0,0.18,0.21,4,28,0,0,1,0.0,0.0
7,5164,9,True,0,2025-02-28,0,0.0,0.02,0.04,4,28,0,0,1,0.0,0.0
7,5215,9,True,0,2025-02-28,0,0.0,0.04,0.09,4,28,0,0,1,0.0,0.0
7,5222,9,True,0,2025-02-28,0,0.0,0.11,0.2,4,28,0,0,1,0.0,0.0
7,5224,9,True,0,2025-02-28,0,0.0,0.04,0.05,4,28,0,0,1,0.0,0.0
7,5245,9,True,0,2025-02-28,0,0.0,0.05,0.05,4,28,0,0,1,0.0,0.0
7,5254,9,True,0,2025-02-28,0,0.0,0.01,0.04,4,28,0,0,1,0.0,0.0
7,5277,9,True,0,2025-02-28,0,0.0,0.19,0.39,4,28,0,0,1,0.0,0.0
7,5279,9,True,0,2025-02-28,0,0.0,0.01,0.03,4,28,0,0,1,0.0,0.0
7,770,10,False,0,2025-02-28,3,0.0,0.02,0.03,4,28,0,0,1,0.0,0.0
7,2006,10,False,0,2025-02-28,50,0.0,0.0,0.0,4,28,0,0,1,0.42857142857142855,0.0
7,2223,10,False,0,2025-02-28,0,0.0,0.03,0.04,4,28,0,0,1,7.571428571428571,0.0
7,2582,10,False,0,2025-02-28,29,0.0,0.03,0.05,4,28,0,0,1,7.571428571428571,0.0
7,3368,10,False,0,2025-02-28,0,0.0,0.03,0.04,4,28,0,0,1,11.714285714285714,0.0
7,3451,10,False,0,2025-02-28,56,0.0,0.01,0.01,4,28,0,0,1,11.714285714285714,0.0
7,3825,10,False,0,2025-02-28,9,0.0,0.02,0.04,4,28,0,0,1,19.714285714285715,0.0
7,4021,10,False,0,2025-02-28,5,0.0,0.02,0.06,4,28,0,0,1,21.0,0.0
7,4072,10,False,0,2025-02-28,0,0.0,0.0,0.0,4,28,0,0,1,21.285714285714285,0.0
7,37,11,False,0,2025-02-28,0,0.0,0.14,0.17,4,28,0,0,1,14.142857142857142,0.0
7,256,11,False,0,2025-02-28,3,0.0,0.3,0.36,4,28,0,0,1,14.142857142857142,0.0
7,402,11,False,0,2025-02-28,2,0.0,0.09,0.1,4,28,0,0,1,10.428571428571429,0.0
7,456,11,False,0,2025-02-28,2,0.0,0.1,0.12,4,28,0,0,1,10.714285714285714,0.0
7,458,11,False,0,2025-02-28,3,0.0,0.15,0.16,4,28,0,0,1,3.0,0.0
7,1064,11,False,0,2025-02-28,2,0.0,0.18,0.21,4,28,0,0,1,2.142857142857143,0.0
7,1086,11,False,0,2025-02-28,3,0.0,0.07,0.08,4,28,0,0,1,1.7142857142857142,0.0
7,1465,11,False,0,2025-02-28,2,0.0,0.15,0.15,4,28,0,0,1,2.142857142857143,0.0
7,1592,11,False,0,2025-02-28,3,0.0,0.3,0.36,4,28,0,0,1,2.4285714285714284,0.0
7,1802,11,False,0,2025-02-28,4,0.0,0.1,0.11,4,28,0,0,1,2.4285714285714284,0.0
7,1816,11,False,0,2025-02-28,2,0.0,0.06,0.07,4,28,0,0,1,2.7142857142857144,0.0
7,1859,11,False,0,2025-02-28,3,0.0,0.1,0.13,4,28,0,0,1,2.7142857142857144,0.0
7,1961,11,False,0,2025-02-28,2,1.0,0.1,0.13,4,28,0,0,1,2.7142857142857144,0.0
7,2662,11,False,0,2025-02-28,0,0.0,0.2,0.23,4,28,0,0,1,2.7142857142857144,0.0
7,2906,11,False,0,2025-02-28,4,0.0,0.14,0.17,4,28,0,0,1,2.2857142857142856,0.0
7,3213,11,False,0,2025-02-28,3,0.0,0.06,0.07,4,28,0,0,1,2.5714285714285716,0.0
7,3268,11,False,0,2025-02-28,0,0.0,0.19,0.29,4,28,0,0,1,2.5714285714285716,0.0
7,4505,11,False,0,2025-02-28,3,0.0,0.06,0.06,4,28,0,0,1,2.0,0.0
7,4665,11,False,0,2025-02-28,3,0.0,0.06,0.07,4,28,0,0,1,2.142857142857143,0.0
7,5084,11,False,0,2025-02-28,3,0.0,0.14,0.18,4,28,0,0,1,2.142857142857143,0.0
