loja_id,produto_id,categoria_id,is_medicamento,curva,data,estoque,venda,custo,preco,dia_semana_abrev,dia_do_mes,abreviacao_mes,fim_de_semana,inicio_fim_mes,media_leg7_estoque,pred_venda
1,909,1,False,0,2025-02-22,5,0.0,0.11,0.13,5,22,0,1,0,,0.0
1,1995,1,False,0,2025-02-22,18,0.0,0.1,0.11,5,22,0,1,0,5.0,0.0
1,3901,1,False,0,2025-02-22,20,0.0,0.11,0.13,5,22,0,1,0,11.5,0.0
1,4584,1,False,0,2025-02-22,10,0.0,0.11,0.13,5,22,0,1,0,14.333333333333334,0.0
1,123,3,True,0,2025-02-22,21,1.0,0.04,0.06,5,22,0,1,0,13.25,2.4004486717194014
1,312,3,True,0,2025-02-22,9,0.0,0.05,0.08,5,22,0,1,0,14.8,0.0
1,842,3,True,0,2025-02-22,53,3.0,0.01,0.01,5,22,0,1,0,13.833333333333334,5.021958138530719
1,1855,3,True,0,2025-02-22,124,1.0,0.01,0.01,5,22,0,1,0,19.428571428571427,4.340468601405319
1,1933,3,True,0,2025-02-22,156,22.0,0.02,0.02,5,22,0,1,0,36.42857142857143,7.052596493656779
1,2198,3,True,0,2025-02-22,15,2.0,0.01,0.06,5,22,0,1,0,56.142857142857146,0.0
1,2308,3,True,0,2025-02-22,284,6.0,0.01,0.01,5,22,0,1,0,55.42857142857143,5.117850296266896
1,2767,3,True,0,2025-02-22,98,8.0,0.01,0.02,5,22,0,1,0,94.57142857142857,2.69478082119864
1,3158,3,True,0,2025-02-22,41,3.0,0.04,0.06,5,22,0,1,0,105.57142857142857,2.582275101870015
1,4032,3,True,0,2025-02-22,61,5.0,0.04,0.05,5,22,0,1,0,110.14285714285714,3.594361491961296
1,5034,3,True,0,2025-02-22,126,5.0,0.01,0.01,5,22,0,1,0,111.28571428571429,3.96410922771777
1,5195,3,True,0,2025-02-22,41,0.0,0.0,0.01,5,22,0,1,0,111.57142857142857,0.0
1,25,4,False,0,2025-02-22,12,0.0,0.02,0.04,5,22,0,1,0,95.14285714285714,0.0
1,52,4,False,0,2025-02-22,8,0.0,0.12,0.17,5,22,0,1,0,94.71428571428571,0.0
1,57,4,False,0,2025-02-22,7,3.0,0.06,0.08,5,22,0,1,0,55.285714285714285,0.0
1,60,4,False,0,2025-02-22,0,0.0,0.02,0.03,5,22,0,1,0,42.285714285714285,0.0
1,72,4,False,0,2025-02-22,4,0.0,0.03,0.04,5,22,0,1,0,36.42857142857143,0.0
1,96,4,False,0,2025-02-22,3,0.0,0.03,0.05,5,22,0,1,0,28.285714285714285,0.0
1,268,4,False,0,2025-02-22,7,0.0,0.03,0.05,5,22,0,1,0,10.714285714285714,0.0
1,301,4,False,0,2025-02-22,11,0.0,0.03,0.05,5,22,0,1,0,5.857142857142857,0.0
1,313,4,False,0,2025-02-22,10,2.0,0.04,0.05,5,22,0,1,0,5.714285714285714,1.2730371728542786
1,340,4,False,0,2025-02-22,6,0.0,0.04,0.06,5,22,0,1,0,6.0,0.0
1,349,4,False,0,2025-02-22,2,2.0,0.08,0.1,5,22,0,1,0,5.857142857142857,0.0
1,511,4,False,0,2025-02-22,8,2.0,0.06,0.08,5,22,0,1,0,6.142857142857143,0.0
1,537,4,False,0,2025-02-22,3,2.0,0.04,0.06,5,22,0,1,0,6.714285714285714,0.0
1,577,4,False,0,2025-02-22,8,0.0,0.02,0.03,5,22,0,1,0,6.714285714285714,0.0
1,662,4,False,0,2025-02-22,6,0.0,0.01,0.02,5,22,0,1,0,6.857142857142857,0.0
1,691,4,False,0,2025-02-22,6,0.0,0.05,0.07,5,22,0,1,0,6.142857142857143,0.0
1,751,4,False,0,2025-02-22,10,0.0,0.0,0.01,5,22,0,1,0,5.571428571428571,0.0
1,777,4,False,0,2025-02-22,10,0.0,0.01,0.01,5,22,0,1,0,6.142857142857143,0.0
1,797,4,False,0,2025-02-22,5,1.0,0.05,0.07,5,22,0,1,0,7.285714285714286,0.0
1,839,4,False,0,2025-02-22,9,0.0,0.03,0.04,5,22,0,1,0,6.857142857142857,0.0
1,1034,4,False,0,2025-02-22,5,0.0,0.12,0.15,5,22,0,1,0,7.714285714285714,0.0
1,1053,4,False,0,2025-02-22,8,1.0,0.02,0.03,5,22,0,1,0,7.285714285714286,0.0
1,1058,4,False,0,2025-02-22,3,1.0,0.03,0.05,5,22,0,1,0,7.571428571428571,0.0
1,1072,4,False,0,2025-02-22,26,4.0,0.0,0.01,5,22,0,1,0,7.142857142857143,0.0
1,1082,4,False,0,2025-02-22,14,0.0,0.07,0.12,5,22,0,1,0,9.428571428571429,0.0
1,1096,4,False,0,2025-02-22,7,0.0,0.03,0.05,5,22,0,1,0,10.0,0.0
1,1127,4,False,0,2025-02-22,5,0.0,0.03,0.04,5,22,0,1,0,10.285714285714286,0.0
1,1174,4,False,0,2025-02-22,7,0.0,0.01,0.02,5,22,0,1,0,9.714285714285714,0.0
1,1221,4,False,0,2025-02-22,4,0.0,0.04,0.06,5,22,0,1,0,10.0,0.0
1,1299,4,False,0,2025-02-22,7,1.0,0.01,0.02,5,22,0,1,0,9.428571428571429,0.0
1,1300,4,False,0,2025-02-22,25,1.0,0.01,0.01,5,22,0,1,0,10.0,1.3218019203021292
1,1311,4,False,0,2025-02-22,6,0.0,0.02,0.03,5,22,0,1,0,9.857142857142858,0.0
1,1392,4,False,0,2025-02-22,4,1.0,0.05,0.07,5,22,0,1,0,8.714285714285714,0.0
1,1424,4,False,0,2025-02-22,3,1.0,0.01,0.03,5,22,0,1,0,8.285714285714286,0.0
1,1494,4,False,0,2025-02-22,7,0.0,0.02,0.04,5,22,0,1,0,8.0,0.0
1,1547,4,False,0,2025-02-22,4,0.0,0.05,0.07,5,22,0,1,0,8.0,0.0
1,1548,4,False,0,2025-02-22,12,0.0,0.03,0.04,5,22,0,1,0,8.0,0.0
1,1657,4,False,0,2025-02-22,14,3.0,0.01,0.02,5,22,0,1,0,8.714285714285714,0.0
1,1659,4,False,0,2025-02-22,5,0.0,0.04,0.06,5,22,0,1,0,7.142857142857143,0.0
1,1665,4,False,0,2025-02-22,4,0.0,0.04,0.06,5,22,0,1,0,7.0,0.0
1,1685,4,False,0,2025-02-22,6,1.0,0.02,0.02,5,22,0,1,0,7.0,0.0
1,1703,4,False,0,2025-02-22,6,0.0,0.02,0.03,5,22,0,1,0,7.428571428571429,0.0
1,1880,4,False,0,2025-02-22,3,0.0,0.01,0.02,5,22,0,1,0,7.285714285714286,0.0
1,1904,4,False,0,2025-02-22,3,0.0,0.02,0.04,5,22,0,1,0,7.142857142857143,0.0
1,1939,4,False,0,2025-02-22,4,0.0,0.01,0.01,5,22,0,1,0,5.857142857142857,0.0
1,1960,4,False,0,2025-02-22,4,0.0,0.03,0.04,5,22,0,1,0,4.428571428571429,0.0
1,2016,4,False,0,2025-02-22,4,0.0,0.03,0.04,5,22,0,1,0,4.285714285714286,0.0
1,2052,4,False,0,2025-02-22,5,1.0,0.02,0.03,5,22,0,1,0,4.285714285714286,0.0
1,2116,4,False,0,2025-02-22,4,0.0,0.03,0.05,5,22,0,1,0,4.142857142857143,0.0
1,2125,4,False,0,2025-02-22,4,0.0,0.08,0.1,5,22,0,1,0,3.857142857142857,0.0
1,2156,4,False,0,2025-02-22,10,0.0,0.04,0.05,5,22,0,1,0,4.0,0.0
1,2212,4,False,0,2025-02-22,12,0.0,0.03,0.05,5,22,0,1,0,5.0,0.0
1,2326,4,False,0,2025-02-22,5,1.0,0.04,0.06,5,22,0,1,0,6.142857142857143,0.0
1,2343,4,False,0,2025-02-22,4,0.0,0.01,0.02,5,22,0,1,0,6.285714285714286,0.0
1,2415,4,False,0,2025-02-22,16,0.0,0.01,0.01,5,22,0,1,0,6.285714285714286,0.0
1,2454,4,False,0,2025-02-22,2,0.0,0.01,0.02,5,22,0,1,0,7.857142857142857,0.0
1,2461,4,False,0,2025-02-22,4,1.0,0.01,0.01,5,22,0,1,0,7.571428571428571,0.0
1,2492,4,False,0,2025-02-22,3,1.0,0.02,0.03,5,22,0,1,0,7.571428571428571,0.0
1,2632,4,False,0,2025-02-22,11,0.0,0.06,0.06,5,22,0,1,0,6.571428571428571,0.0
1,2691,4,False,0,2025-02-22,4,0.0,0.05,0.06,5,22,0,1,0,6.428571428571429,0.0
1,2730,4,False,0,2025-02-22,5,0.0,0.02,0.04,5,22,0,1,0,6.285714285714286,0.0
1,2754,4,False,0,2025-02-22,9,0.0,0.02,0.04,5,22,0,1,0,6.428571428571429,0.0
1,2824,4,False,0,2025-02-22,6,0.0,0.03,0.04,5,22,0,1,0,5.428571428571429,0.0
1,2835,4,False,0,2025-02-22,8,1.0,0.01,0.03,5,22,0,1,0,6.0,0.0
1,2842,4,False,0,2025-02-22,4,0.0,0.03,0.04,5,22,0,1,0,6.571428571428571,0.0
1,2847,4,False,0,2025-02-22,8,0.0,0.04,0.05,5,22,0,1,0,6.714285714285714,0.0
1,2885,4,False,0,2025-02-22,1,3.0,0.04,0.07,5,22,0,1,0,6.285714285714286,0.0
1,2950,4,False,0,2025-02-22,5,0.0,0.01,0.02,5,22,0,1,0,5.857142857142857,0.0
1,2977,4,False,0,2025-02-22,4,0.0,0.04,0.07,5,22,0,1,0,5.857142857142857,0.0
1,3089,4,False,0,2025-02-22,4,0.0,0.06,0.07,5,22,0,1,0,5.142857142857143,0.0
1,3143,4,False,0,2025-02-22,2,0.0,0.03,0.04,5,22,0,1,0,4.857142857142857,0.0
1,3148,4,False,0,2025-02-22,4,0.0,0.03,0.04,5,22,0,1,0,4.0,0.0
1,3153,4,False,0,2025-02-22,4,0.0,0.06,0.08,5,22,0,1,0,4.0,0.0
1,3223,4,False,0,2025-02-22,13,0.0,0.03,0.05,5,22,0,1,0,3.4285714285714284,0.0
1,3334,4,False,0,2025-02-22,11,5.0,0.02,0.03,5,22,0,1,0,5.142857142857143,0.0
1,3335,4,False,0,2025-02-22,4,0.0,0.12,0.16,5,22,0,1,0,6.0,0.0
1,3382,4,False,0,2025-02-22,4,0.0,0.03,0.05,5,22,0,1,0,6.0,0.0
1,3419,4,False,0,2025-02-22,12,0.0,0.03,0.04,5,22,0,1,0,6.0,0.0
1,3447,4,False,0,2025-02-22,4,0.0,0.01,0.02,5,22,0,1,0,7.428571428571429,0.0
1,3448,4,False,0,2025-02-22,15,1.0,0.04,0.06,5,22,0,1,0,7.428571428571429,0.0
1,3479,4,False,0,2025-02-22,9,1.0,0.04,0.06,5,22,0,1,0,9.0,0.0
1,3529,4,False,0,2025-02-22,4,0.0,0.02,0.03,5,22,0,1,0,8.428571428571429,0.0
1,3532,4,False,0,2025-02-22,2,0.0,0.01,0.02,5,22,0,1,0,7.428571428571429,0.0
1,3535,4,False,0,2025-02-22,4,0.0,0.11,0.15,5,22,0,1,0,7.142857142857143,0.0
1,3607,4,False,0,2025-02-22,4,0.0,0.01,0.02,5,22,0,1,0,7.142857142857143,0.0
1,3646,4,False,0,2025-02-22,3,0.0,0.02,0.02,5,22,0,1,0,6.0,0.0
1,3865,4,False,0,2025-02-22,4,1.0,0.06,0.09,5,22,0,1,0,5.857142857142857,0.0
1,3960,4,False,0,2025-02-22,4,0.0,0.01,0.02,5,22,0,1,0,4.285714285714286,0.0
1,4070,4,False,0,2025-02-22,23,1.0,0.04,0.06,5,22,0,1,0,3.5714285714285716,0.0
1,4098,4,False,0,2025-02-22,5,0.0,0.01,0.02,5,22,0,1,0,6.285714285714286,0.0
1,4126,4,False,0,2025-02-22,3,1.0,0.05,0.06,5,22,0,1,0,6.714285714285714,0.0
1,4198,4,False,0,2025-02-22,8,2.0,0.05,0.07,5,22,0,1,0,6.571428571428571,0.0
1,4240,4,False,0,2025-02-22,5,0.0,0.01,0.02,5,22,0,1,0,7.142857142857143,0.0
1,4304,4,False,0,2025-02-22,4,0.0,0.02,0.03,5,22,0,1,0,7.428571428571429,0.0
1,4307,4,False,0,2025-02-22,4,0.0,0.02,0.03,5,22,0,1,0,7.428571428571429,0.0
1,4347,4,False,0,2025-02-22,0,0.0,0.03,0.05,5,22,0,1,0,7.428571428571429,0.0
1,4423,4,False,0,2025-02-22,11,2.0,0.04,0.07,5,22,0,1,0,4.142857142857143,0.0
1,4554,4,False,0,2025-02-22,4,1.0,0.0,0.01,5,22,0,1,0,5.0,0.0
1,4652,4,False,0,2025-02-22,7,0.0,0.02,0.02,5,22,0,1,0,5.142857142857143,0.0
1,4653,4,False,0,2025-02-22,4,1.0,0.0,0.01,5,22,0,1,0,5.0,0.0
1,4659,4,False,0,2025-02-22,5,0.0,0.05,0.1,5,22,0,1,0,4.857142857142857,0.0
1,4690,4,False,0,2025-02-22,5,0.0,0.02,0.03,5,22,0,1,0,5.0,0.0
1,4723,4,False,0,2025-02-22,4,0.0,0.02,0.03,5,22,0,1,0,5.142857142857143,0.0
1,4760,4,False,0,2025-02-22,4,0.0,0.02,0.03,5,22,0,1,0,5.714285714285714,0.0
1,4822,4,False,0,2025-02-22,3,3.0,0.02,0.05,5,22,0,1,0,4.714285714285714,0.0
1,4871,4,False,0,2025-02-22,7,1.0,0.03,0.05,5,22,0,1,0,4.571428571428571,0.0
1,4972,4,False,0,2025-02-22,3,0.0,0.02,0.03,5,22,0,1,0,4.571428571428571,0.0
1,5016,4,False,0,2025-02-22,5,0.0,0.05,0.07,5,22,0,1,0,4.428571428571429,0.0
1,5039,4,False,0,2025-02-22,3,0.0,0.03,0.06,5,22,0,1,0,4.428571428571429,0.0
1,5184,4,False,0,2025-02-22,2,0.0,0.01,0.01,5,22,0,1,0,4.142857142857143,0.0
1,5250,4,False,0,2025-02-22,62,0.0,0.0,0.01,5,22,0,1,0,3.857142857142857,0.0
1,492,5,True,0,2025-02-22,19,0.0,0.01,0.03,5,22,0,1,0,12.142857142857142,0.0
1,663,5,True,0,2025-02-22,124,12.0,0.01,0.01,5,22,0,1,0,14.428571428571429,4.386397091337469
1,1950,5,True,0,2025-02-22,62,5.0,0.03,0.04,5,22,0,1,0,31.142857142857142,2.3348924475863324
1,2743,5,True,0,2025-02-22,41,1.0,0.02,0.06,5,22,0,1,0,39.57142857142857,2.2238093243133275
1,3550,5,True,0,2025-02-22,49,6.0,0.0,0.01,5,22,0,1,0,44.714285714285715,2.5012104209831527
1,4090,5,True,0,2025-02-22,90,1.0,0.02,0.05,5,22,0,1,0,51.285714285714285,3.218658682056493
1,4132,5,True,0,2025-02-22,65,1.0,0.01,0.01,5,22,0,1,0,63.857142857142854,5.943818992837582
1,4344,5,True,0,2025-02-22,44,3.0,0.02,0.03,5,22,0,1,0,64.28571428571429,2.516925995703007
1,243,6,False,0,2025-02-22,2,0.0,0.2,0.26,5,22,0,1,0,67.85714285714286,0.0
1,1668,6,False,0,2025-02-22,2,0.0,0.1,0.16,5,22,0,1,0,50.42857142857143,0.0
1,1684,6,False,0,2025-02-22,7,0.0,0.03,0.05,5,22,0,1,0,41.857142857142854,0.0
1,2078,6,False,0,2025-02-22,7,0.0,0.16,0.2,5,22,0,1,0,37.0,0.0
1,2508,6,False,0,2025-02-22,0,1.0,0.11,0.13,5,22,0,1,0,31.0,0.0
1,2544,6,False,0,2025-02-22,2,0.0,0.27,0.35,5,22,0,1,0,18.142857142857142,0.0
1,3024,6,False,0,2025-02-22,5,0.0,0.22,0.32,5,22,0,1,0,9.142857142857142,0.0
1,3959,6,False,0,2025-02-22,4,0.0,0.17,0.24,5,22,0,1,0,3.5714285714285716,0.0
1,3978,6,False,0,2025-02-22,1,0.0,0.07,0.1,5,22,0,1,0,3.857142857142857,0.0
1,4165,6,False,0,2025-02-22,2,0.0,0.09,0.15,5,22,0,1,0,3.7142857142857144,0.0
1,4329,6,False,0,2025-02-22,1,0.0,0.09,0.14,5,22,0,1,0,3.0,0.0
1,4787,6,False,0,2025-02-22,3,0.0,0.08,0.12,5,22,0,1,0,2.142857142857143,0.0
1,4854,6,False,0,2025-02-22,12,0.0,0.07,0.09,5,22,0,1,0,2.5714285714285716,0.0
1,4904,6,False,0,2025-02-22,3,0.0,0.16,0.21,5,22,0,1,0,4.0,0.0
1,2554,7,False,0,2025-02-22,106,5.0,0.0,0.01,5,22,0,1,0,3.7142857142857144,7.6642178658452575
1,2867,7,False,0,2025-02-22,163,11.0,0.01,0.02,5,22,0,1,0,18.285714285714285,5.574928578081962
1,3133,7,False,0,2025-02-22,131,29.0,0.0,0.01,5,22,0,1,0,41.42857142857143,3.8491849140733416
1,1,8,False,0,2025-02-22,65,0.0,0.0,0.0,5,22,0,1,0,59.857142857142854,0.0
1,65,8,False,0,2025-02-22,29,0.0,0.0,0.01,5,22,0,1,0,69.0,0.0
1,206,8,False,0,2025-02-22,38,1.0,0.0,0.0,5,22,0,1,0,72.71428571428571,4.343031011038569
1,435,8,False,0,2025-02-22,54,6.0,0.01,0.02,5,22,0,1,0,76.42857142857143,2.2255622928812455
1,512,8,False,0,2025-02-22,23,5.0,0.0,0.01,5,22,0,1,0,83.71428571428571,2.4733324405682136
1,579,8,False,0,2025-02-22,23,4.0,0.01,0.02,5,22,0,1,0,71.85714285714286,1.7302153178661799
1,1375,8,False,0,2025-02-22,19,0.0,0.0,0.01,5,22,0,1,0,51.857142857142854,2.7973111168200204
1,1954,8,False,0,2025-02-22,16,0.0,0.0,0.0,5,22,0,1,0,35.857142857142854,0.0
1,3322,8,False,0,2025-02-22,32,3.0,0.0,0.01,5,22,0,1,0,28.857142857142858,0.0
1,4435,8,False,0,2025-02-22,24,0.0,0.02,0.03,5,22,0,1,0,29.285714285714285,0.0
1,5257,8,False,0,2025-02-22,42,2.0,0.0,0.01,5,22,0,1,0,27.285714285714285,0.0
1,110,9,True,0,2025-02-22,21,4.0,0.01,0.01,5,22,0,1,0,25.571428571428573,2.842043802142022
1,309,9,True,0,2025-02-22,31,7.0,0.01,0.02,5,22,0,1,0,25.285714285714285,3.5494693018812162
1,404,9,True,0,2025-02-22,21,0.0,0.01,0.05,5,22,0,1,0,26.428571428571427,0.0
1,1270,9,True,0,2025-02-22,64,1.0,0.03,0.07,5,22,0,1,0,26.714285714285715,3.6526514192571646
1,1553,9,True,0,2025-02-22,503,17.0,0.01,0.01,5,22,0,1,0,33.57142857142857,6.031746942064757
1,1749,9,True,0,2025-02-22,31,1.0,0.01,0.03,5,22,0,1,0,100.85714285714286,2.376840241616431
1,1875,9,True,0,2025-02-22,35,0.0,0.02,0.09,5,22,0,1,0,101.85714285714286,0.0
1,2194,9,True,0,2025-02-22,59,1.0,0.0,0.02,5,22,0,1,0,100.85714285714286,0.0
1,2269,9,True,0,2025-02-22,83,4.0,0.01,0.02,5,22,0,1,0,106.28571428571429,3.6201325285747954
1,2829,9,True,0,2025-02-22,40,0.0,0.02,0.03,5,22,0,1,0,113.71428571428571,2.630066065397506
1,2927,9,True,0,2025-02-22,7,2.0,0.02,0.05,5,22,0,1,0,116.42857142857143,2.046444732809448
1,3458,9,True,0,2025-02-22,74,1.0,0.0,0.02,5,22,0,1,0,108.28571428571429,0.0
1,3972,9,True,0,2025-02-22,34,2.0,0.01,0.02,5,22,0,1,0,47.0,0.0
1,3997,9,True,0,2025-02-22,11,0.0,0.03,0.1,5,22,0,1,0,47.42857142857143,1.784304500563606
1,4125,9,True,0,2025-02-22,72,4.0,0.0,0.01,5,22,0,1,0,44.0,4.510089507979756
1,4201,9,True,0,2025-02-22,34,8.0,0.01,0.08,5,22,0,1,0,45.857142857142854,3.7765196360574067
1,4378,9,True,0,2025-02-22,50,4.0,0.02,0.03,5,22,0,1,0,38.857142857142854,2.533569817085791
1,4706,9,True,0,2025-02-22,23,1.0,0.02,0.06,5,22,0,1,0,40.285714285714285,0.0
1,4836,9,True,0,2025-02-22,55,4.0,0.01,0.04,5,22,0,1,0,42.57142857142857,2.3292445504757517
1,4884,9,True,0,2025-02-22,14,1.0,0.0,0.02,5,22,0,1,0,39.857142857142854,0.0
1,4975,9,True,0,2025-02-22,22,0.0,0.01,0.02,5,22,0,1,0,37.0,0.0
1,5107,9,True,0,2025-02-22,87,2.0,0.01,0.02,5,22,0,1,0,38.57142857142857,4.1032105578444895
1,513,10,False,0,2025-02-22,30,5.0,0.03,0.07,5,22,0,1,0,40.714285714285715,2.8880179644373194
1,1564,10,False,0,2025-02-22,22,1.0,0.02,0.11,5,22,0,1,0,40.142857142857146,1.6342742179665397
1,2480,10,False,0,2025-02-22,47,2.0,0.01,0.02,5,22,0,1,0,36.142857142857146,0.0
1,3576,10,False,0,2025-02-22,25,3.0,0.02,0.04,5,22,0,1,0,39.57142857142857,2.162923310690566
1,2502,11,False,0,2025-02-22,59,1.0,0.23,0.23,5,22,0,1,0,35.285714285714285,1.7641494517041199
1,3113,11,False,0,2025-02-22,14,0.0,0.23,0.22,5,22,0,1,0,41.714285714285715,1.690071757323814
1,3928,11,False,0,2025-02-22,12,0.0,0.05,0.07,5,22,0,1,0,40.57142857142857,0.0
1,909,1,False,0,2025-02-27,5,0.0,0.11,0.13,3,27,0,0,1,29.857142857142858,0.0
1,1995,1,False,0,2025-02-27,18,0.0,0.1,0.11,3,27,0,0,1,26.285714285714285,0.0
1,3901,1,False,0,2025-02-27,20,0.0,0.11,0.13,3,27,0,0,1,25.714285714285715,0.0
1,4584,1,False,0,2025-02-27,9,1.0,0.11,0.11,3,27,0,0,1,21.857142857142858,0.0
1,123,3,True,0,2025-02-27,19,3.0,0.04,0.06,3,27,0,0,1,19.571428571428573,1.8629054828916376
1,312,3,True,0,2025-02-27,9,0.0,0.05,0.09,3,27,0,0,1,13.857142857142858,0.0
1,842,3,True,0,2025-02-27,68,1.0,0.01,0.01,3,27,0,0,1,13.142857142857142,5.077758582385378
1,1855,3,True,0,2025-02-27,122,0.0,0.01,0.01,3,27,0,0,1,21.142857142857142,4.052193779340415
1,1933,3,True,0,2025-02-27,207,5.0,0.02,0.03,3,27,0,0,1,37.857142857142854,4.216955360789763
1,2198,3,True,0,2025-02-27,5,15.0,0.01,0.03,3,27,0,0,1,64.85714285714286,0.0
1,2308,3,True,0,2025-02-27,264,11.0,0.01,0.01,3,27,0,0,1,62.714285714285715,4.624303868668447
1,2767,3,True,0,2025-02-27,78,2.0,0.01,0.02,3,27,0,0,1,99.14285714285714,2.1812064501723967
1,3158,3,True,0,2025-02-27,41,1.0,0.04,0.06,3,27,0,0,1,107.57142857142857,2.1860199605351815
1,4032,3,True,0,2025-02-27,67,4.0,0.04,0.05,3,27,0,0,1,112.14285714285714,3.0176964520625433
1,5034,3,True,0,2025-02-27,111,3.0,0.01,0.01,3,27,0,0,1,112.0,3.2990493809203403
1,5195,3,True,0,2025-02-27,35,3.0,0.0,0.01,3,27,0,0,1,110.42857142857143,0.0
1,25,4,False,0,2025-02-27,12,0.0,0.02,0.04,3,27,0,0,1,85.85714285714286,0.0
1,52,4,False,0,2025-02-27,8,0.0,0.12,0.17,3,27,0,0,1,86.85714285714286,0.0
1,57,4,False,0,2025-02-27,10,0.0,0.06,0.08,3,27,0,0,1,50.285714285714285,0.0
1,60,4,False,0,2025-02-27,0,0.0,0.02,0.03,3,27,0,0,1,40.57142857142857,0.0
1,72,4,False,0,2025-02-27,4,0.0,0.03,0.04,3,27,0,0,1,34.714285714285715,0.0
1,96,4,False,0,2025-02-27,3,0.0,0.03,0.05,3,27,0,0,1,25.714285714285715,0.0
1,268,4,False,0,2025-02-27,7,0.0,0.03,0.05,3,27,0,0,1,10.285714285714286,0.0
1,301,4,False,0,2025-02-27,11,0.0,0.03,0.05,3,27,0,0,1,6.285714285714286,0.0
1,313,4,False,0,2025-02-27,8,4.0,0.04,0.05,3,27,0,0,1,6.142857142857143,0.0
1,340,4,False,0,2025-02-27,6,0.0,0.04,0.06,3,27,0,0,1,6.142857142857143,0.0
1,349,4,False,0,2025-02-27,2,1.0,0.08,0.1,3,27,0,0,1,5.571428571428571,0.0
1,511,4,False,0,2025-02-27,8,1.0,0.06,0.08,3,27,0,0,1,5.857142857142857,0.0
1,537,4,False,0,2025-02-27,5,1.0,0.04,0.06,3,27,0,0,1,6.428571428571429,0.0
1,577,4,False,0,2025-02-27,7,0.0,0.02,0.03,3,27,0,0,1,6.714285714285714,0.0
1,662,4,False,0,2025-02-27,6,0.0,0.01,0.02,3,27,0,0,1,6.714285714285714,0.0
1,691,4,False,0,2025-02-27,5,0.0,0.05,0.07,3,27,0,0,1,6.0,0.0
1,751,4,False,0,2025-02-27,10,1.0,0.0,0.01,3,27,0,0,1,5.571428571428571,0.0
1,777,4,False,0,2025-02-27,10,0.0,0.01,0.01,3,27,0,0,1,6.142857142857143,0.0
1,797,4,False,0,2025-02-27,7,0.0,0.05,0.07,3,27,0,0,1,7.285714285714286,0.0
1,839,4,False,0,2025-02-27,10,0.0,0.03,0.04,3,27,0,0,1,7.142857142857143,0.0
1,1034,4,False,0,2025-02-27,4,1.0,0.12,0.14,3,27,0,0,1,7.857142857142857,0.0
1,1053,4,False,0,2025-02-27,9,0.0,0.02,0.03,3,27,0,0,1,7.428571428571429,0.0
1,1058,4,False,0,2025-02-27,4,0.0,0.03,0.05,3,27,0,0,1,7.857142857142857,0.0
1,1072,4,False,0,2025-02-27,24,1.0,0.0,0.01,3,27,0,0,1,7.714285714285714,0.0
1,1082,4,False,0,2025-02-27,12,2.0,0.07,0.12,3,27,0,0,1,9.714285714285714,0.0
1,1096,4,False,0,2025-02-27,5,2.0,0.03,0.05,3,27,0,0,1,10.0,0.0
1,1127,4,False,0,2025-02-27,3,0.0,0.03,0.04,3,27,0,0,1,9.714285714285714,0.0
1,1174,4,False,0,2025-02-27,4,1.0,0.01,0.02,3,27,0,0,1,8.714285714285714,0.0
1,1221,4,False,0,2025-02-27,7,1.0,0.04,0.06,3,27,0,0,1,8.714285714285714,0.0
1,1299,4,False,0,2025-02-27,11,0.0,0.01,0.02,3,27,0,0,1,8.428571428571429,0.0
1,1300,4,False,0,2025-02-27,26,0.0,0.01,0.01,3,27,0,0,1,9.428571428571429,1.2333701933688426
1,1311,4,False,0,2025-02-27,6,1.0,0.02,0.03,3,27,0,0,1,9.714285714285714,0.0
1,1392,4,False,0,2025-02-27,5,0.0,0.05,0.07,3,27,0,0,1,8.857142857142858,0.0
1,1424,4,False,0,2025-02-27,5,0.0,0.01,0.03,3,27,0,0,1,8.857142857142858,0.0
1,1494,4,False,0,2025-02-27,4,0.0,0.02,0.04,3,27,0,0,1,9.142857142857142,0.0
1,1547,4,False,0,2025-02-27,3,0.0,0.05,0.07,3,27,0,0,1,9.142857142857142,0.0
1,1548,4,False,0,2025-02-27,12,0.0,0.03,0.04,3,27,0,0,1,8.571428571428571,0.0
1,1657,4,False,0,2025-02-27,15,2.0,0.01,0.02,3,27,0,0,1,8.714285714285714,0.0
1,1659,4,False,0,2025-02-27,5,0.0,0.04,0.06,3,27,0,0,1,7.142857142857143,0.0
1,1665,4,False,0,2025-02-27,3,0.0,0.04,0.06,3,27,0,0,1,7.0,0.0
1,1685,4,False,0,2025-02-27,5,0.0,0.02,0.02,3,27,0,0,1,6.714285714285714,0.0
1,1703,4,False,0,2025-02-27,7,0.0,0.02,0.03,3,27,0,0,1,6.714285714285714,0.0
1,1880,4,False,0,2025-02-27,3,1.0,0.01,0.02,3,27,0,0,1,7.142857142857143,0.0
1,1904,4,False,0,2025-02-27,3,0.0,0.02,0.04,3,27,0,0,1,7.142857142857143,0.0
1,1939,4,False,0,2025-02-27,4,0.0,0.01,0.01,3,27,0,0,1,5.857142857142857,0.0
1,1960,4,False,0,2025-02-27,4,0.0,0.03,0.04,3,27,0,0,1,4.285714285714286,0.0
1,2016,4,False,0,2025-02-27,4,0.0,0.03,0.04,3,27,0,0,1,4.142857142857143,0.0
1,2052,4,False,0,2025-02-27,3,2.0,0.02,0.03,3,27,0,0,1,4.285714285714286,0.0
1,2116,4,False,0,2025-02-27,4,0.0,0.03,0.05,3,27,0,0,1,4.0,0.0
1,2125,4,False,0,2025-02-27,4,0.0,0.08,0.1,3,27,0,0,1,3.5714285714285716,0.0
1,2156,4,False,0,2025-02-27,7,1.0,0.04,0.05,3,27,0,0,1,3.7142857142857144,0.0
1,2212,4,False,0,2025-02-27,12,0.0,0.03,0.05,3,27,0,0,1,4.285714285714286,0.0
1,2326,4,False,0,2025-02-27,6,0.0,0.04,0.06,3,27,0,0,1,5.428571428571429,0.0
1,2343,4,False,0,2025-02-27,4,0.0,0.01,0.02,3,27,0,0,1,5.714285714285714,0.0
1,2415,4,False,0,2025-02-27,14,1.0,0.01,0.01,3,27,0,0,1,5.714285714285714,0.0
1,2454,4,False,0,2025-02-27,1,1.0,0.01,0.02,3,27,0,0,1,7.285714285714286,0.0
1,2461,4,False,0,2025-02-27,5,0.0,0.01,0.01,3,27,0,0,1,6.857142857142857,0.0
1,2492,4,False,0,2025-02-27,4,0.0,0.02,0.03,3,27,0,0,1,7.0,0.0
1,2632,4,False,0,2025-02-27,12,0.0,0.06,0.06,3,27,0,0,1,6.571428571428571,0.0
1,2691,4,False,0,2025-02-27,3,0.0,0.05,0.06,3,27,0,0,1,6.571428571428571,0.0
1,2730,4,False,0,2025-02-27,0,2.0,0.02,0.04,3,27,0,0,1,6.142857142857143,0.0
1,2754,4,False,0,2025-02-27,6,1.0,0.02,0.04,3,27,0,0,1,5.571428571428571,0.0
1,2824,4,False,0,2025-02-27,5,0.0,0.03,0.04,3,27,0,0,1,4.428571428571429,0.0
1,2835,4,False,0,2025-02-27,10,0.0,0.01,0.03,3,27,0,0,1,5.0,0.0
1,2842,4,False,0,2025-02-27,3,0.0,0.03,0.04,3,27,0,0,1,5.714285714285714,0.0
1,2847,4,False,0,2025-02-27,6,0.0,0.04,0.05,3,27,0,0,1,5.571428571428571,0.0
1,2885,4,False,0,2025-02-27,4,0.0,0.04,0.07,3,27,0,0,1,4.714285714285714,0.0
1,2950,4,False,0,2025-02-27,5,0.0,0.01,0.02,3,27,0,0,1,4.857142857142857,0.0
1,2977,4,False,0,2025-02-27,4,1.0,0.04,0.07,3,27,0,0,1,5.571428571428571,0.0
1,3089,4,False,0,2025-02-27,3,0.0,0.06,0.07,3,27,0,0,1,5.285714285714286,0.0
1,3143,4,False,0,2025-02-27,1,1.0,0.03,0.03,3,27,0,0,1,5.0,0.0
1,3148,4,False,0,2025-02-27,4,0.0,0.03,0.04,3,27,0,0,1,3.7142857142857144,0.0
1,3153,4,False,0,2025-02-27,4,0.0,0.06,0.08,3,27,0,0,1,3.857142857142857,0.0
1,3223,4,False,0,2025-02-27,13,0.0,0.03,0.05,3,27,0,0,1,3.5714285714285716,0.0
1,3334,4,False,0,2025-02-27,16,0.0,0.02,0.03,3,27,0,0,1,4.857142857142857,0.0
1,3335,4,False,0,2025-02-27,4,0.0,0.12,0.16,3,27,0,0,1,6.428571428571429,0.0
1,3382,4,False,0,2025-02-27,10,0.0,0.03,0.05,3,27,0,0,1,6.428571428571429,0.0
1,3419,4,False,0,2025-02-27,12,0.0,0.03,0.04,3,27,0,0,1,7.428571428571429,0.0
1,3447,4,False,0,2025-02-27,4,0.0,0.01,0.02,3,27,0,0,1,9.0,0.0
1,3448,4,False,0,2025-02-27,14,0.0,0.04,0.06,3,27,0,0,1,9.0,0.0
1,3479,4,False,0,2025-02-27,8,0.0,0.04,0.06,3,27,0,0,1,10.428571428571429,0.0
1,3529,4,False,0,2025-02-27,4,0.0,0.02,0.03,3,27,0,0,1,9.714285714285714,0.0
1,3532,4,False,0,2025-02-27,2,0.0,0.01,0.02,3,27,0,0,1,8.0,0.0
1,3535,4,False,0,2025-02-27,3,1.0,0.11,0.15,3,27,0,0,1,7.714285714285714,0.0
1,3607,4,False,0,2025-02-27,2,2.0,0.01,0.02,3,27,0,0,1,6.714285714285714,0.0
1,3646,4,False,0,2025-02-27,4,0.0,0.02,0.02,3,27,0,0,1,5.285714285714286,0.0
1,3865,4,False,0,2025-02-27,3,1.0,0.06,0.09,3,27,0,0,1,5.285714285714286,0.0
1,3960,4,False,0,2025-02-27,4,0.0,0.01,0.02,3,27,0,0,1,3.7142857142857144,0.0
1,4070,4,False,0,2025-02-27,23,1.0,0.04,0.06,3,27,0,0,1,3.142857142857143,0.0
1,4098,4,False,0,2025-02-27,5,0.0,0.01,0.02,3,27,0,0,1,5.857142857142857,0.0
1,4126,4,False,0,2025-02-27,6,0.0,0.05,0.06,3,27,0,0,1,6.285714285714286,0.0
1,4198,4,False,0,2025-02-27,10,1.0,0.05,0.07,3,27,0,0,1,6.714285714285714,0.0
1,4240,4,False,0,2025-02-27,5,0.0,0.01,0.02,3,27,0,0,1,7.857142857142857,0.0
1,4304,4,False,0,2025-02-27,4,0.0,0.02,0.03,3,27,0,0,1,8.0,0.0
1,4307,4,False,0,2025-02-27,1,1.0,0.02,0.03,3,27,0,0,1,8.142857142857142,0.0
1,4347,4,False,0,2025-02-27,8,0.0,0.03,0.05,3,27,0,0,1,7.714285714285714,0.0
1,4423,4,False,0,2025-02-27,15,0.0,0.04,0.07,3,27,0,0,1,5.571428571428571,0.0
1,4554,4,False,0,2025-02-27,4,0.0,0.0,0.01,3,27,0,0,1,7.0,0.0
1,4652,4,False,0,2025-02-27,7,0.0,0.02,0.02,3,27,0,0,1,6.714285714285714,0.0
1,4653,4,False,0,2025-02-27,3,2.0,0.0,0.01,3,27,0,0,1,6.285714285714286,0.0
1,4659,4,False,0,2025-02-27,4,0.0,0.05,0.1,3,27,0,0,1,6.0,0.0
1,4690,4,False,0,2025-02-27,4,0.0,0.02,0.03,3,27,0,0,1,6.0,0.0
1,4723,4,False,0,2025-02-27,4,0.0,0.02,0.03,3,27,0,0,1,6.428571428571429,0.0
1,4760,4,False,0,2025-02-27,3,1.0,0.02,0.03,3,27,0,0,1,5.857142857142857,0.0
1,4822,4,False,0,2025-02-27,5,0.0,0.02,0.04,3,27,0,0,1,4.142857142857143,0.0
1,4871,4,False,0,2025-02-27,6,0.0,0.03,0.05,3,27,0,0,1,4.285714285714286,0.0
1,4972,4,False,0,2025-02-27,3,0.0,0.02,0.03,3,27,0,0,1,4.142857142857143,0.0
1,5016,4,False,0,2025-02-27,5,0.0,0.05,0.07,3,27,0,0,1,4.142857142857143,0.0
1,5039,4,False,0,2025-02-27,4,0.0,0.03,0.06,3,27,0,0,1,4.285714285714286,0.0
1,5184,4,False,0,2025-02-27,2,0.0,0.01,0.01,3,27,0,0,1,4.285714285714286,0.0
1,5250,4,False,0,2025-02-27,62,0.0,0.0,0.01,3,27,0,0,1,4.0,0.0
1,492,5,True,0,2025-02-27,18,2.0,0.01,0.04,3,27,0,0,1,12.428571428571429,0.0
1,663,5,True,0,2025-02-27,144,3.0,0.01,0.01,3,27,0,0,1,14.285714285714286,4.042486446331443
1,1950,5,True,0,2025-02-27,54,1.0,0.03,0.05,3,27,0,0,1,34.0,0.0
1,2743,5,True,0,2025-02-27,39,3.0,0.02,0.05,3,27,0,0,1,41.285714285714285,1.8778723345608959
1,3550,5,True,0,2025-02-27,91,4.0,0.0,0.01,3,27,0,0,1,46.142857142857146,2.345590083288275
1,4090,5,True,0,2025-02-27,99,1.0,0.02,0.03,3,27,0,0,1,58.57142857142857,3.830305794995041
1,4132,5,True,0,2025-02-27,61,0.0,0.01,0.01,3,27,0,0,1,72.42857142857143,5.367562056866213
1,4344,5,True,0,2025-02-27,48,1.0,0.02,0.03,3,27,0,0,1,72.28571428571429,2.2213420439829092
1,243,6,False,0,2025-02-27,2,0.0,0.2,0.26,3,27,0,0,1,76.57142857142857,0.0
1,1668,6,False,0,2025-02-27,0,2.0,0.1,0.15,3,27,0,0,1,56.285714285714285,0.0
1,1684,6,False,0,2025-02-27,7,0.0,0.03,0.05,3,27,0,0,1,48.57142857142857,0.0
1,2078,6,False,0,2025-02-27,8,0.0,0.16,0.2,3,27,0,0,1,44.0,0.0
1,2508,6,False,0,2025-02-27,3,0.0,0.11,0.13,3,27,0,0,1,32.142857142857146,0.0
1,2544,6,False,0,2025-02-27,2,0.0,0.27,0.35,3,27,0,0,1,18.428571428571427,0.0
1,3024,6,False,0,2025-02-27,4,0.0,0.22,0.31,3,27,0,0,1,10.0,0.0
1,3959,6,False,0,2025-02-27,2,1.0,0.17,0.22,3,27,0,0,1,3.7142857142857144,0.0
1,3978,6,False,0,2025-02-27,1,0.0,0.07,0.1,3,27,0,0,1,3.7142857142857144,0.0
1,4165,6,False,0,2025-02-27,2,0.0,0.09,0.15,3,27,0,0,1,3.857142857142857,0.0
1,4329,6,False,0,2025-02-27,0,1.0,0.09,0.14,3,27,0,0,1,3.142857142857143,0.0
1,4787,6,False,0,2025-02-27,0,1.0,0.08,0.11,3,27,0,0,1,2.0,0.0
1,4854,6,False,0,2025-02-27,12,2.0,0.07,0.09,3,27,0,0,1,1.5714285714285714,0.0
1,4904,6,False,0,2025-02-27,3,0.0,0.16,0.21,3,27,0,0,1,3.0,0.0
1,2554,7,False,0,2025-02-27,82,1.0,0.0,0.01,3,27,0,0,1,2.857142857142857,7.505858856084737
1,2867,7,False,0,2025-02-27,169,3.0,0.01,0.02,3,27,0,0,1,14.285714285714286,0.0
1,3133,7,False,0,2025-02-27,143,13.0,0.0,0.01,3,27,0,0,1,38.285714285714285,4.274200080590638
1,1,8,False,0,2025-02-27,54,0.0,0.0,0.01,3,27,0,0,1,58.42857142857143,0.0
1,65,8,False,0,2025-02-27,23,0.0,0.0,0.01,3,27,0,0,1,66.14285714285714,0.0
1,206,8,False,0,2025-02-27,19,17.0,0.0,0.0,3,27,0,0,1,69.42857142857143,4.589850347106862
1,435,8,False,0,2025-02-27,41,1.0,0.01,0.02,3,27,0,0,1,70.42857142857143,2.252013682456632
1,512,8,False,0,2025-02-27,21,0.0,0.0,0.01,3,27,0,0,1,75.85714285714286,0.0
1,579,8,False,0,2025-02-27,23,2.0,0.01,0.02,3,27,0,0,1,67.14285714285714,1.7119862503690462
1,1375,8,False,0,2025-02-27,14,0.0,0.0,0.01,3,27,0,0,1,46.285714285714285,2.6489099551353394
1,1954,8,False,0,2025-02-27,16,0.0,0.0,0.0,3,27,0,0,1,27.857142857142858,0.0
1,3322,8,False,0,2025-02-27,30,3.0,0.0,0.01,3,27,0,0,1,22.428571428571427,0.0
1,4435,8,False,0,2025-02-27,23,1.0,0.02,0.03,3,27,0,0,1,23.428571428571427,0.0
1,5257,8,False,0,2025-02-27,32,0.0,0.0,0.01,3,27,0,0,1,24.0,0.0
1,110,9,True,0,2025-02-27,24,4.0,0.01,0.02,3,27,0,0,1,22.714285714285715,0.0
1,309,9,True,0,2025-02-27,44,8.0,0.01,0.03,3,27,0,0,1,23.142857142857142,0.0
1,404,9,True,0,2025-02-27,22,0.0,0.01,0.06,3,27,0,0,1,26.142857142857142,0.0
1,1270,9,True,0,2025-02-27,62,2.0,0.03,0.07,3,27,0,0,1,27.285714285714285,0.0
1,1553,9,True,0,2025-02-27,502,27.0,0.01,0.01,3,27,0,0,1,33.857142857142854,5.499598774169262
1,1749,9,True,0,2025-02-27,32,0.0,0.01,0.02,3,27,0,0,1,101.28571428571429,3.059675059032553
1,1875,9,True,0,2025-02-27,27,0.0,0.02,0.06,3,27,0,0,1,102.57142857142857,0.0
1,2194,9,True,0,2025-02-27,48,1.0,0.0,0.05,3,27,0,0,1,101.85714285714286,0.0
1,2269,9,True,0,2025-02-27,95,5.0,0.01,0.04,3,27,0,0,1,105.28571428571429,2.261816852030541
1,2829,9,True,0,2025-02-27,46,0.0,0.02,0.03,3,27,0,0,1,112.57142857142857,2.6331651809157033
1,2927,9,True,0,2025-02-27,9,1.0,0.02,0.05,3,27,0,0,1,116.0,1.727312170014976
1,3458,9,True,0,2025-02-27,75,1.0,0.0,0.02,3,27,0,0,1,108.42857142857143,0.0
1,3972,9,True,0,2025-02-27,43,1.0,0.01,0.02,3,27,0,0,1,47.42857142857143,0.0
1,3997,9,True,0,2025-02-27,11,0.0,0.03,0.1,3,27,0,0,1,49.0,1.700025995037468
1,4125,9,True,0,2025-02-27,94,3.0,0.0,0.01,3,27,0,0,1,46.714285714285715,4.31784818486456
1,4201,9,True,0,2025-02-27,53,2.0,0.01,0.02,3,27,0,0,1,53.285714285714285,4.638102204411477
1,4378,9,True,0,2025-02-27,55,1.0,0.02,0.03,3,27,0,0,1,47.285714285714285,2.25993253514729
1,4706,9,True,0,2025-02-27,25,0.0,0.02,0.06,3,27,0,0,1,48.57142857142857,0.0
1,4836,9,True,0,2025-02-27,58,0.0,0.01,0.03,3,27,0,0,1,50.857142857142854,2.2461195449250946
1,4884,9,True,0,2025-02-27,10,0.0,0.0,0.02,3,27,0,0,1,48.42857142857143,0.0
1,4975,9,True,0,2025-02-27,24,0.0,0.01,0.02,3,27,0,0,1,43.714285714285715,0.0
1,5107,9,True,0,2025-02-27,99,2.0,0.01,0.02,3,27,0,0,1,45.57142857142857,3.0365707536036397
1,513,10,False,0,2025-02-27,34,1.0,0.03,0.09,3,27,0,0,1,46.285714285714285,1.6046456911977076
1,1564,10,False,0,2025-02-27,26,0.0,0.02,0.07,3,27,0,0,1,43.57142857142857,0.0
1,2480,10,False,0,2025-02-27,47,0.0,0.01,0.02,3,27,0,0,1,39.42857142857143,0.0
1,3576,10,False,0,2025-02-27,28,2.0,0.02,0.04,3,27,0,0,1,42.57142857142857,0.0
1,2502,11,False,0,2025-02-27,60,0.0,0.23,0.21,3,27,0,0,1,38.285714285714285,1.526792104615079
1,3113,11,False,0,2025-02-27,12,1.0,0.23,0.22,3,27,0,0,1,45.42857142857143,0.0
1,3928,11,False,0,2025-02-27,9,0.0,0.05,0.06,3,27,0,0,1,43.714285714285715,0.0
1,909,1,False,0,2025-02-25,5,0.0,0.11,0.13,1,25,0,0,1,30.857142857142858,0.0
1,1995,1,False,0,2025-02-25,18,0.0,0.1,0.11,1,25,0,0,1,26.714285714285715,0.0
1,3901,1,False,0,2025-02-25,20,0.0,0.11,0.13,1,25,0,0,1,25.571428571428573,0.0
1,4584,1,False,0,2025-02-25,9,1.0,0.11,0.13,1,25,0,0,1,21.714285714285715,0.0
1,123,3,True,0,2025-02-25,22,1.0,0.04,0.06,1,25,0,0,1,19.0,1.887541614779458
1,312,3,True,0,2025-02-25,9,0.0,0.05,0.08,1,25,0,0,1,13.571428571428571,0.0
1,842,3,True,0,2025-02-25,71,2.0,0.01,0.01,1,25,0,0,1,13.142857142857142,5.096600339538375
1,1855,3,True,0,2025-02-25,124,0.0,0.01,0.01,1,25,0,0,1,22.0,4.080277079771412
1,1933,3,True,0,2025-02-25,159,18.0,0.02,0.02,1,25,0,0,1,39.0,6.664176134582963
1,2198,3,True,0,2025-02-25,17,0.0,0.01,0.05,1,25,0,0,1,59.142857142857146,0.0
1,2308,3,True,0,2025-02-25,279,5.0,0.01,0.01,1,25,0,0,1,58.714285714285715,4.637951117125657
1,2767,3,True,0,2025-02-25,84,3.0,0.01,0.02,1,25,0,0,1,97.28571428571429,2.3131129174125595
1,3158,3,True,0,2025-02-25,45,0.0,0.04,0.06,1,25,0,0,1,106.14285714285714,2.318126016565611
1,4032,3,True,0,2025-02-25,65,2.0,0.04,0.05,1,25,0,0,1,111.28571428571429,3.1842873834389667
1,5034,3,True,0,2025-02-25,115,2.0,0.01,0.01,1,25,0,0,1,110.42857142857143,3.3721481409018867
1,5195,3,True,0,2025-02-25,38,1.0,0.0,0.01,1,25,0,0,1,109.14285714285714,0.0
1,25,4,False,0,2025-02-25,12,0.0,0.02,0.04,1,25,0,0,1,91.85714285714286,0.0
1,52,4,False,0,2025-02-25,8,0.0,0.12,0.17,1,25,0,0,1,91.14285714285714,0.0
1,57,4,False,0,2025-02-25,8,0.0,0.06,0.08,1,25,0,0,1,52.42857142857143,0.0
1,60,4,False,0,2025-02-25,0,0.0,0.02,0.03,1,25,0,0,1,41.57142857142857,0.0
1,72,4,False,0,2025-02-25,4,0.0,0.03,0.04,1,25,0,0,1,35.142857142857146,0.0
1,96,4,False,0,2025-02-25,3,0.0,0.03,0.05,1,25,0,0,1,26.428571428571427,0.0
1,268,4,False,0,2025-02-25,7,0.0,0.03,0.05,1,25,0,0,1,10.428571428571429,0.0
1,301,4,False,0,2025-02-25,11,0.0,0.03,0.05,1,25,0,0,1,6.0,0.0
1,313,4,False,0,2025-02-25,12,0.0,0.04,0.05,1,25,0,0,1,5.857142857142857,0.0
1,340,4,False,0,2025-02-25,6,0.0,0.04,0.06,1,25,0,0,1,6.428571428571429,0.0
1,349,4,False,0,2025-02-25,4,0.0,0.08,0.1,1,25,0,0,1,6.142857142857143,0.0
1,511,4,False,0,2025-02-25,10,0.0,0.06,0.08,1,25,0,0,1,6.714285714285714,0.0
1,537,4,False,0,2025-02-25,5,1.0,0.04,0.06,1,25,0,0,1,7.571428571428571,0.0
1,577,4,False,0,2025-02-25,7,0.0,0.02,0.03,1,25,0,0,1,7.857142857142857,0.0
1,662,4,False,0,2025-02-25,6,0.0,0.01,0.02,1,25,0,0,1,7.857142857142857,0.0
1,691,4,False,0,2025-02-25,5,0.0,0.05,0.07,1,25,0,0,1,7.142857142857143,0.0
1,751,4,False,0,2025-02-25,10,0.0,0.0,0.01,1,25,0,0,1,6.142857142857143,0.0
1,777,4,False,0,2025-02-25,10,0.0,0.01,0.01,1,25,0,0,1,6.714285714285714,0.0
1,797,4,False,0,2025-02-25,6,0.0,0.05,0.07,1,25,0,0,1,7.571428571428571,0.0
1,839,4,False,0,2025-02-25,10,0.0,0.03,0.04,1,25,0,0,1,7.0,0.0
1,1034,4,False,0,2025-02-25,5,0.0,0.12,0.14,1,25,0,0,1,7.714285714285714,0.0
1,1053,4,False,0,2025-02-25,8,1.0,0.02,0.03,1,25,0,0,1,7.428571428571429,0.0
1,1058,4,False,0,2025-02-25,4,0.0,0.03,0.05,1,25,0,0,1,7.714285714285714,0.0
1,1072,4,False,0,2025-02-25,22,4.0,0.0,0.01,1,25,0,0,1,7.571428571428571,0.0
1,1082,4,False,0,2025-02-25,14,0.0,0.07,0.12,1,25,0,0,1,9.285714285714286,0.0
1,1096,4,False,0,2025-02-25,6,0.0,0.03,0.05,1,25,0,0,1,9.857142857142858,0.0
1,1127,4,False,0,2025-02-25,4,1.0,0.03,0.04,1,25,0,0,1,9.857142857142858,0.0
1,1174,4,False,0,2025-02-25,6,1.0,0.01,0.02,1,25,0,0,1,9.0,0.0
1,1221,4,False,0,2025-02-25,6,1.0,0.04,0.06,1,25,0,0,1,9.142857142857142,0.0
1,1299,4,False,0,2025-02-25,9,1.0,0.01,0.02,1,25,0,0,1,8.857142857142858,0.0
1,1300,4,False,0,2025-02-25,27,1.0,0.01,0.01,1,25,0,0,1,9.571428571428571,1.2307217828153338
1,1311,4,False,0,2025-02-25,5,1.0,0.02,0.03,1,25,0,0,1,10.285714285714286,0.0
1,1392,4,False,0,2025-02-25,5,0.0,0.05,0.07,1,25,0,0,1,9.0,0.0
1,1424,4,False,0,2025-02-25,4,0.0,0.01,0.03,1,25,0,0,1,8.857142857142858,0.0
1,1494,4,False,0,2025-02-25,5,1.0,0.02,0.04,1,25,0,0,1,8.857142857142858,0.0
1,1547,4,False,0,2025-02-25,3,1.0,0.05,0.07,1,25,0,0,1,8.714285714285714,0.0
1,1548,4,False,0,2025-02-25,12,0.0,0.03,0.04,1,25,0,0,1,8.285714285714286,0.0
1,1657,4,False,0,2025-02-25,10,5.0,0.01,0.02,1,25,0,0,1,8.714285714285714,0.0
1,1659,4,False,0,2025-02-25,5,0.0,0.04,0.06,1,25,0,0,1,6.285714285714286,0.0
1,1665,4,False,0,2025-02-25,4,0.0,0.04,0.06,1,25,0,0,1,6.285714285714286,0.0
1,1685,4,False,0,2025-02-25,5,1.0,0.02,0.02,1,25,0,0,1,6.142857142857143,0.0
1,1703,4,False,0,2025-02-25,7,0.0,0.02,0.03,1,25,0,0,1,6.285714285714286,0.0
1,1880,4,False,0,2025-02-25,3,1.0,0.01,0.02,1,25,0,0,1,6.571428571428571,0.0
1,1904,4,False,0,2025-02-25,3,0.0,0.02,0.04,1,25,0,0,1,6.571428571428571,0.0
1,1939,4,False,0,2025-02-25,4,0.0,0.01,0.01,1,25,0,0,1,5.285714285714286,0.0
1,1960,4,False,0,2025-02-25,4,0.0,0.03,0.04,1,25,0,0,1,4.428571428571429,0.0
1,2016,4,False,0,2025-02-25,3,1.0,0.03,0.04,1,25,0,0,1,4.285714285714286,0.0
1,2052,4,False,0,2025-02-25,5,0.0,0.02,0.03,1,25,0,0,1,4.142857142857143,0.0
1,2116,4,False,0,2025-02-25,4,0.0,0.03,0.05,1,25,0,0,1,4.142857142857143,0.0
1,2125,4,False,0,2025-02-25,4,0.0,0.08,0.1,1,25,0,0,1,3.7142857142857144,0.0
1,2156,4,False,0,2025-02-25,9,1.0,0.04,0.05,1,25,0,0,1,3.857142857142857,0.0
1,2212,4,False,0,2025-02-25,12,0.0,0.03,0.05,1,25,0,0,1,4.714285714285714,0.0
1,2326,4,False,0,2025-02-25,5,0.0,0.04,0.06,1,25,0,0,1,5.857142857142857,0.0
1,2343,4,False,0,2025-02-25,4,0.0,0.01,0.02,1,25,0,0,1,6.0,0.0
1,2415,4,False,0,2025-02-25,15,1.0,0.01,0.01,1,25,0,0,1,6.142857142857143,0.0
1,2454,4,False,0,2025-02-25,1,1.0,0.01,0.02,1,25,0,0,1,7.571428571428571,0.0
1,2461,4,False,0,2025-02-25,5,0.0,0.01,0.01,1,25,0,0,1,7.142857142857143,0.0
1,2492,4,False,0,2025-02-25,4,0.0,0.02,0.03,1,25,0,0,1,7.285714285714286,0.0
1,2632,4,False,0,2025-02-25,10,0.0,0.06,0.06,1,25,0,0,1,6.571428571428571,0.0
1,2691,4,False,0,2025-02-25,4,0.0,0.05,0.06,1,25,0,0,1,6.285714285714286,0.0
1,2730,4,False,0,2025-02-25,4,1.0,0.02,0.04,1,25,0,0,1,6.142857142857143,0.0
1,2754,4,False,0,2025-02-25,7,1.0,0.02,0.04,1,25,0,0,1,6.142857142857143,0.0
1,2824,4,False,0,2025-02-25,6,0.0,0.03,0.04,1,25,0,0,1,5.0,0.0
1,2835,4,False,0,2025-02-25,10,0.0,0.01,0.03,1,25,0,0,1,5.714285714285714,0.0
1,2842,4,False,0,2025-02-25,3,1.0,0.03,0.04,1,25,0,0,1,6.428571428571429,0.0
1,2847,4,False,0,2025-02-25,6,1.0,0.04,0.05,1,25,0,0,1,6.285714285714286,0.0
1,2885,4,False,0,2025-02-25,4,0.0,0.04,0.07,1,25,0,0,1,5.714285714285714,0.0
1,2950,4,False,0,2025-02-25,5,0.0,0.01,0.02,1,25,0,0,1,5.714285714285714,0.0
1,2977,4,False,0,2025-02-25,3,1.0,0.04,0.07,1,25,0,0,1,5.857142857142857,0.0
1,3089,4,False,0,2025-02-25,3,0.0,0.06,0.07,1,25,0,0,1,5.285714285714286,0.0
1,3143,4,False,0,2025-02-25,2,0.0,0.03,0.04,1,25,0,0,1,4.857142857142857,0.0
1,3148,4,False,0,2025-02-25,4,0.0,0.03,0.04,1,25,0,0,1,3.7142857142857144,0.0
1,3153,4,False,0,2025-02-25,4,0.0,0.06,0.08,1,25,0,0,1,3.857142857142857,0.0
1,3223,4,False,0,2025-02-25,13,0.0,0.03,0.05,1,25,0,0,1,3.5714285714285716,0.0
1,3334,4,False,0,2025-02-25,15,1.0,0.02,0.03,1,25,0,0,1,4.857142857142857,0.0
1,3335,4,False,0,2025-02-25,3,1.0,0.12,0.16,1,25,0,0,1,6.285714285714286,0.0
1,3382,4,False,0,2025-02-25,10,0.0,0.03,0.05,1,25,0,0,1,6.285714285714286,0.0
1,3419,4,False,0,2025-02-25,12,0.0,0.03,0.04,1,25,0,0,1,7.285714285714286,0.0
1,3447,4,False,0,2025-02-25,4,0.0,0.01,0.02,1,25,0,0,1,8.714285714285714,0.0
1,3448,4,False,0,2025-02-25,14,0.0,0.04,0.06,1,25,0,0,1,8.714285714285714,0.0
1,3479,4,False,0,2025-02-25,8,0.0,0.04,0.06,1,25,0,0,1,10.142857142857142,0.0
1,3529,4,False,0,2025-02-25,4,0.0,0.02,0.03,1,25,0,0,1,9.428571428571429,0.0
1,3532,4,False,0,2025-02-25,2,0.0,0.01,0.02,1,25,0,0,1,7.857142857142857,0.0
1,3535,4,False,0,2025-02-25,2,1.0,0.11,0.15,1,25,0,0,1,7.714285714285714,0.0
1,3607,4,False,0,2025-02-25,4,0.0,0.01,0.02,1,25,0,0,1,6.571428571428571,0.0
1,3646,4,False,0,2025-02-25,2,0.0,0.02,0.02,1,25,0,0,1,5.428571428571429,0.0
1,3865,4,False,0,2025-02-25,4,0.0,0.06,0.09,1,25,0,0,1,5.142857142857143,0.0
1,3960,4,False,0,2025-02-25,3,0.0,0.01,0.02,1,25,0,0,1,3.7142857142857144,0.0
1,4070,4,False,0,2025-02-25,23,1.0,0.04,0.06,1,25,0,0,1,3.0,0.0
1,4098,4,False,0,2025-02-25,4,1.0,0.01,0.02,1,25,0,0,1,5.714285714285714,0.0
1,4126,4,False,0,2025-02-25,5,0.0,0.05,0.06,1,25,0,0,1,6.0,0.0
1,4198,4,False,0,2025-02-25,7,3.0,0.05,0.07,1,25,0,0,1,6.428571428571429,0.0
1,4240,4,False,0,2025-02-25,5,0.0,0.01,0.02,1,25,0,0,1,6.857142857142857,0.0
1,4304,4,False,0,2025-02-25,3,1.0,0.02,0.03,1,25,0,0,1,7.285714285714286,0.0
1,4307,4,False,0,2025-02-25,3,1.0,0.02,0.03,1,25,0,0,1,7.142857142857143,0.0
1,4347,4,False,0,2025-02-25,0,0.0,0.03,0.05,1,25,0,0,1,7.142857142857143,0.0
1,4423,4,False,0,2025-02-25,12,2.0,0.04,0.07,1,25,0,0,1,3.857142857142857,0.0
1,4554,4,False,0,2025-02-25,5,0.0,0.0,0.01,1,25,0,0,1,5.0,0.0
1,4652,4,False,0,2025-02-25,6,0.0,0.02,0.02,1,25,0,0,1,5.0,0.0
1,4653,4,False,0,2025-02-25,5,0.0,0.0,0.01,1,25,0,0,1,4.857142857142857,0.0
1,4659,4,False,0,2025-02-25,3,1.0,0.05,0.1,1,25,0,0,1,4.857142857142857,0.0
1,4690,4,False,0,2025-02-25,4,0.0,0.02,0.03,1,25,0,0,1,4.857142857142857,0.0
1,4723,4,False,0,2025-02-25,4,0.0,0.02,0.03,1,25,0,0,1,5.0,0.0
1,4760,4,False,0,2025-02-25,4,0.0,0.02,0.03,1,25,0,0,1,5.571428571428571,0.0
1,4822,4,False,0,2025-02-25,6,0.0,0.02,0.04,1,25,0,0,1,4.428571428571429,0.0
1,4871,4,False,0,2025-02-25,6,0.0,0.03,0.05,1,25,0,0,1,4.571428571428571,0.0
1,4972,4,False,0,2025-02-25,3,0.0,0.02,0.03,1,25,0,0,1,4.571428571428571,0.0
1,5016,4,False,0,2025-02-25,4,1.0,0.05,0.07,1,25,0,0,1,4.285714285714286,0.0
1,5039,4,False,0,2025-02-25,4,0.0,0.03,0.06,1,25,0,0,1,4.428571428571429,0.0
1,5184,4,False,0,2025-02-25,2,0.0,0.01,0.01,1,25,0,0,1,4.428571428571429,0.0
1,5250,4,False,0,2025-02-25,62,0.0,0.0,0.01,1,25,0,0,1,4.142857142857143,0.0
1,492,5,True,0,2025-02-25,19,1.0,0.01,0.03,1,25,0,0,1,12.428571428571429,0.0
1,663,5,True,0,2025-02-25,117,12.0,0.01,0.01,1,25,0,0,1,14.285714285714286,4.058118739681233
1,1950,5,True,0,2025-02-25,56,1.0,0.03,0.05,1,25,0,0,1,30.142857142857142,0.0
1,2743,5,True,0,2025-02-25,39,0.0,0.02,0.06,1,25,0,0,1,37.714285714285715,2.033884809051606
1,3550,5,True,0,2025-02-25,39,0.0,0.0,0.01,1,25,0,0,1,42.714285714285715,2.433630694026109
1,4090,5,True,0,2025-02-25,94,4.0,0.02,0.05,1,25,0,0,1,47.714285714285715,2.9073315581146115
1,4132,5,True,0,2025-02-25,62,1.0,0.01,0.01,1,25,0,0,1,60.857142857142854,5.377333636678077
1,4344,5,True,0,2025-02-25,49,0.0,0.02,0.03,1,25,0,0,1,60.857142857142854,2.3146699552413814
1,243,6,False,0,2025-02-25,2,0.0,0.2,0.26,1,25,0,0,1,65.14285714285714,0.0
1,1668,6,False,0,2025-02-25,2,0.0,0.1,0.16,1,25,0,0,1,48.714285714285715,0.0
1,1684,6,False,0,2025-02-25,7,0.0,0.03,0.05,1,25,0,0,1,41.0,0.0
1,2078,6,False,0,2025-02-25,6,1.0,0.16,0.21,1,25,0,0,1,36.42857142857143,0.0
1,2508,6,False,0,2025-02-25,0,0.0,0.11,0.13,1,25,0,0,1,31.714285714285715,0.0
1,2544,6,False,0,2025-02-25,2,0.0,0.27,0.35,1,25,0,0,1,18.285714285714285,0.0
1,3024,6,False,0,2025-02-25,4,0.0,0.22,0.31,1,25,0,0,1,9.714285714285714,0.0
1,3959,6,False,0,2025-02-25,3,1.0,0.17,0.24,1,25,0,0,1,3.2857142857142856,0.0
1,3978,6,False,0,2025-02-25,1,0.0,0.07,0.1,1,25,0,0,1,3.4285714285714284,0.0
1,4165,6,False,0,2025-02-25,2,0.0,0.09,0.15,1,25,0,0,1,3.2857142857142856,0.0
1,4329,6,False,0,2025-02-25,1,0.0,0.09,0.14,1,25,0,0,1,2.5714285714285716,0.0
1,4787,6,False,0,2025-02-25,2,0.0,0.08,0.12,1,25,0,0,1,1.8571428571428572,0.0
1,4854,6,False,0,2025-02-25,9,0.0,0.07,0.09,1,25,0,0,1,2.142857142857143,0.0
1,4904,6,False,0,2025-02-25,3,0.0,0.16,0.21,1,25,0,0,1,3.142857142857143,0.0
1,2554,7,False,0,2025-02-25,85,1.0,0.0,0.01,1,25,0,0,1,3.0,7.497760058386297
1,2867,7,False,0,2025-02-25,139,3.0,0.01,0.02,1,25,0,0,1,14.714285714285714,0.0
1,3133,7,False,0,2025-02-25,129,24.0,0.0,0.01,1,25,0,0,1,34.42857142857143,4.457443277134715
1,1,8,False,0,2025-02-25,54,6.0,0.0,0.01,1,25,0,0,1,52.57142857142857,0.0
1,65,8,False,0,2025-02-25,25,4.0,0.0,0.01,1,25,0,0,1,60.142857142857146,0.0
1,206,8,False,0,2025-02-25,38,0.0,0.0,0.0,1,25,0,0,1,63.42857142857143,4.343050032093139
1,435,8,False,0,2025-02-25,46,5.0,0.01,0.02,1,25,0,0,1,67.57142857142857,2.321213194675882
1,512,8,False,0,2025-02-25,22,0.0,0.0,0.01,1,25,0,0,1,73.71428571428571,0.0
1,579,8,False,0,2025-02-25,27,1.0,0.01,0.02,1,25,0,0,1,64.71428571428571,1.718186835721941
1,1375,8,False,0,2025-02-25,15,3.0,0.0,0.01,1,25,0,0,1,48.714285714285715,2.663488286842306
1,1954,8,False,0,2025-02-25,16,0.0,0.0,0.0,1,25,0,0,1,32.42857142857143,0.0
1,3322,8,False,0,2025-02-25,30,4.0,0.0,0.01,1,25,0,0,1,27.0,0.0
1,4435,8,False,0,2025-02-25,24,0.0,0.02,0.03,1,25,0,0,1,27.714285714285715,0.0
1,5257,8,False,0,2025-02-25,32,9.0,0.0,0.01,1,25,0,0,1,25.714285714285715,0.0
1,110,9,True,0,2025-02-25,28,0.0,0.01,0.02,1,25,0,0,1,23.714285714285715,0.0
1,309,9,True,0,2025-02-25,34,10.0,0.01,0.02,1,25,0,0,1,24.571428571428573,3.546018709708876
1,404,9,True,0,2025-02-25,20,1.0,0.01,0.05,1,25,0,0,1,25.571428571428573,0.0
1,1270,9,True,0,2025-02-25,53,5.0,0.03,0.05,1,25,0,0,1,26.285714285714285,0.0
1,1553,9,True,0,2025-02-25,566,14.0,0.01,0.01,1,25,0,0,1,31.571428571428573,0.0
1,1749,9,True,0,2025-02-25,29,1.0,0.01,0.03,1,25,0,0,1,108.14285714285714,2.4069368173985417
1,1875,9,True,0,2025-02-25,27,4.0,0.02,0.06,1,25,0,0,1,108.85714285714286,0.0
1,2194,9,True,0,2025-02-25,59,0.0,0.0,0.03,1,25,0,0,1,108.14285714285714,0.0
1,2269,9,True,0,2025-02-25,85,6.0,0.01,0.04,1,25,0,0,1,112.57142857142857,2.4207119437569236
1,2829,9,True,0,2025-02-25,33,5.0,0.02,0.03,1,25,0,0,1,119.85714285714286,2.756849985621975
1,2927,9,True,0,2025-02-25,3,2.0,0.02,0.05,1,25,0,0,1,121.71428571428571,1.8201587807039843
1,3458,9,True,0,2025-02-25,65,0.0,0.0,0.02,1,25,0,0,1,114.57142857142857,0.0
1,3972,9,True,0,2025-02-25,36,4.0,0.01,0.02,1,25,0,0,1,43.0,0.0
1,3997,9,True,0,2025-02-25,11,0.0,0.03,0.1,1,25,0,0,1,44.0,1.7059045024183734
1,4125,9,True,0,2025-02-25,102,3.0,0.0,0.01,1,25,0,0,1,41.714285714285715,4.520307751756754
1,4201,9,True,0,2025-02-25,39,4.0,0.01,0.05,1,25,0,0,1,47.857142857142854,0.0
1,4378,9,True,0,2025-02-25,49,4.0,0.02,0.03,1,25,0,0,1,41.285714285714285,2.315035448870564
1,4706,9,True,0,2025-02-25,22,1.0,0.02,0.07,1,25,0,0,1,43.57142857142857,0.0
1,4836,9,True,0,2025-02-25,50,3.0,0.01,0.03,1,25,0,0,1,46.285714285714285,2.3245098215344626
1,4884,9,True,0,2025-02-25,14,0.0,0.0,0.02,1,25,0,0,1,44.142857142857146,0.0
1,4975,9,True,0,2025-02-25,20,2.0,0.01,0.02,1,25,0,0,1,41.0,0.0
1,5107,9,True,0,2025-02-25,92,3.0,0.01,0.02,1,25,0,0,1,42.285714285714285,3.450231451142651
1,513,10,False,0,2025-02-25,35,0.0,0.03,0.06,1,25,0,0,1,40.857142857142854,3.743947572915275
1,1564,10,False,0,2025-02-25,21,2.0,0.02,0.11,1,25,0,0,1,40.285714285714285,1.5888892326790012
1,2480,10,False,0,2025-02-25,47,0.0,0.01,0.02,1,25,0,0,1,36.285714285714285,0.0
1,3576,10,False,0,2025-02-25,23,4.0,0.02,0.04,1,25,0,0,1,39.857142857142854,0.0
1,2502,11,False,0,2025-02-25,59,1.0,0.23,0.22,1,25,0,0,1,36.0,1.5527792598703685
1,3113,11,False,0,2025-02-25,13,0.0,0.23,0.22,1,25,0,0,1,42.42857142857143,0.0
1,3928,11,False,0,2025-02-25,9,1.0,0.05,0.06,1,25,0,0,1,41.42857142857143,0.0
1,909,1,False,0,2025-02-23,5,0.0,0.11,0.13,6,23,0,1,0,29.571428571428573,0.0
1,1995,1,False,0,2025-02-23,18,0.0,0.1,0.11,6,23,0,1,0,25.285714285714285,0.0
1,3901,1,False,0,2025-02-23,20,0.0,0.11,0.13,6,23,0,1,0,24.857142857142858,0.0
1,4584,1,False,0,2025-02-23,10,0.0,0.11,0.13,6,23,0,1,0,21.0,0.0
1,123,3,True,0,2025-02-23,20,1.0,0.04,0.06,6,23,0,1,0,19.142857142857142,1.7964561815305498
1,312,3,True,0,2025-02-23,9,0.0,0.05,0.08,6,23,0,1,0,13.571428571428571,0.0
1,842,3,True,0,2025-02-23,48,5.0,0.01,0.01,6,23,0,1,0,13.0,4.879925755781628
1,1855,3,True,0,2025-02-23,124,0.0,0.01,0.01,6,23,0,1,0,18.571428571428573,3.9777952260581766
1,1933,3,True,0,2025-02-23,138,18.0,0.02,0.02,6,23,0,1,0,35.57142857142857,4.542365177740794
1,2198,3,True,0,2025-02-23,13,2.0,0.01,0.07,6,23,0,1,0,52.714285714285715,0.0
1,2308,3,True,0,2025-02-23,279,5.0,0.01,0.01,6,23,0,1,0,51.714285714285715,4.524219587810401
1,2767,3,True,0,2025-02-23,93,5.0,0.01,0.02,6,23,0,1,0,90.14285714285714,2.039705908442771
1,3158,3,True,0,2025-02-23,39,2.0,0.04,0.06,6,23,0,1,0,100.57142857142857,2.091172750186717
1,4032,3,True,0,2025-02-23,57,4.0,0.04,0.05,6,23,0,1,0,104.85714285714286,2.898090390196866
1,5034,3,True,0,2025-02-23,117,9.0,0.01,0.01,6,23,0,1,0,106.14285714285714,3.2187910207091326
1,5195,3,True,0,2025-02-23,39,2.0,0.0,0.01,6,23,0,1,0,105.14285714285714,0.0
1,25,4,False,0,2025-02-23,12,0.0,0.02,0.04,6,23,0,1,0,91.0,0.0
1,52,4,False,0,2025-02-23,8,0.0,0.12,0.17,6,23,0,1,0,90.85714285714286,0.0
1,57,4,False,0,2025-02-23,6,1.0,0.06,0.08,6,23,0,1,0,52.142857142857146,0.0
1,60,4,False,0,2025-02-23,0,0.0,0.02,0.03,6,23,0,1,0,39.714285714285715,0.0
1,72,4,False,0,2025-02-23,4,0.0,0.03,0.04,6,23,0,1,0,34.142857142857146,0.0
1,96,4,False,0,2025-02-23,3,0.0,0.03,0.05,6,23,0,1,0,26.571428571428573,0.0
1,268,4,False,0,2025-02-23,7,0.0,0.03,0.05,6,23,0,1,0,10.285714285714286,0.0
1,301,4,False,0,2025-02-23,11,0.0,0.03,0.05,6,23,0,1,0,5.714285714285714,0.0
1,313,4,False,0,2025-02-23,9,1.0,0.04,0.05,6,23,0,1,0,5.571428571428571,0.0
1,340,4,False,0,2025-02-23,6,0.0,0.04,0.06,6,23,0,1,0,5.714285714285714,0.0
1,349,4,False,0,2025-02-23,2,0.0,0.08,0.1,6,23,0,1,0,5.714285714285714,0.0
1,511,4,False,0,2025-02-23,8,0.0,0.06,0.08,6,23,0,1,0,6.0,0.0
1,537,4,False,0,2025-02-23,2,1.0,0.04,0.06,6,23,0,1,0,6.571428571428571,0.0
1,577,4,False,0,2025-02-23,7,1.0,0.02,0.03,6,23,0,1,0,6.428571428571429,0.0
1,662,4,False,0,2025-02-23,6,0.0,0.01,0.02,6,23,0,1,0,6.428571428571429,0.0
1,691,4,False,0,2025-02-23,6,0.0,0.05,0.07,6,23,0,1,0,5.714285714285714,0.0
1,751,4,False,0,2025-02-23,8,2.0,0.0,0.01,6,23,0,1,0,5.285714285714286,0.0
1,777,4,False,0,2025-02-23,10,0.0,0.01,0.01,6,23,0,1,0,5.571428571428571,0.0
1,797,4,False,0,2025-02-23,5,0.0,0.05,0.07,6,23,0,1,0,6.714285714285714,0.0
1,839,4,False,0,2025-02-23,9,0.0,0.03,0.04,6,23,0,1,0,6.285714285714286,0.0
1,1034,4,False,0,2025-02-23,4,1.0,0.12,0.14,6,23,0,1,0,7.285714285714286,0.0
1,1053,4,False,0,2025-02-23,8,0.0,0.02,0.03,6,23,0,1,0,6.857142857142857,0.0
1,1058,4,False,0,2025-02-23,2,1.0,0.03,0.05,6,23,0,1,0,7.142857142857143,0.0
1,1072,4,False,0,2025-02-23,26,1.0,0.0,0.01,6,23,0,1,0,6.571428571428571,0.0
1,1082,4,False,0,2025-02-23,14,0.0,0.07,0.12,6,23,0,1,0,9.142857142857142,0.0
1,1096,4,False,0,2025-02-23,7,0.0,0.03,0.05,6,23,0,1,0,9.714285714285714,0.0
1,1127,4,False,0,2025-02-23,5,0.0,0.03,0.04,6,23,0,1,0,10.0,0.0
1,1174,4,False,0,2025-02-23,7,0.0,0.01,0.02,6,23,0,1,0,9.428571428571429,0.0
1,1221,4,False,0,2025-02-23,4,0.0,0.04,0.06,6,23,0,1,0,9.857142857142858,0.0
1,1299,4,False,0,2025-02-23,7,0.0,0.01,0.02,6,23,0,1,0,9.285714285714286,0.0
1,1300,4,False,0,2025-02-23,21,4.0,0.01,0.01,6,23,0,1,0,10.0,1.231534407728673
1,1311,4,False,0,2025-02-23,6,0.0,0.02,0.03,6,23,0,1,0,9.285714285714286,0.0
1,1392,4,False,0,2025-02-23,4,0.0,0.05,0.07,6,23,0,1,0,8.142857142857142,0.0
1,1424,4,False,0,2025-02-23,2,1.0,0.01,0.03,6,23,0,1,0,7.714285714285714,0.0
1,1494,4,False,0,2025-02-23,7,0.0,0.02,0.04,6,23,0,1,0,7.285714285714286,0.0
1,1547,4,False,0,2025-02-23,4,0.0,0.05,0.07,6,23,0,1,0,7.285714285714286,0.0
1,1548,4,False,0,2025-02-23,12,0.0,0.03,0.04,6,23,0,1,0,7.285714285714286,0.0
1,1657,4,False,0,2025-02-23,13,1.0,0.01,0.02,6,23,0,1,0,8.0,0.0
1,1659,4,False,0,2025-02-23,5,0.0,0.04,0.06,6,23,0,1,0,6.857142857142857,0.0
1,1665,4,False,0,2025-02-23,4,0.0,0.04,0.06,6,23,0,1,0,6.714285714285714,0.0
1,1685,4,False,0,2025-02-23,6,0.0,0.02,0.02,6,23,0,1,0,6.714285714285714,0.0
1,1703,4,False,0,2025-02-23,5,1.0,0.02,0.03,6,23,0,1,0,7.285714285714286,0.0
1,1880,4,False,0,2025-02-23,3,0.0,0.01,0.02,6,23,0,1,0,7.0,0.0
1,1904,4,False,0,2025-02-23,3,0.0,0.02,0.04,6,23,0,1,0,6.857142857142857,0.0
1,1939,4,False,0,2025-02-23,4,0.0,0.01,0.01,6,23,0,1,0,5.571428571428571,0.0
1,1960,4,False,0,2025-02-23,4,0.0,0.03,0.04,6,23,0,1,0,4.285714285714286,0.0
1,2016,4,False,0,2025-02-23,4,0.0,0.03,0.04,6,23,0,1,0,4.142857142857143,0.0
1,2052,4,False,0,2025-02-23,4,1.0,0.02,0.03,6,23,0,1,0,4.142857142857143,0.0
1,2116,4,False,0,2025-02-23,4,0.0,0.03,0.05,6,23,0,1,0,3.857142857142857,0.0
1,2125,4,False,0,2025-02-23,4,0.0,0.08,0.1,6,23,0,1,0,3.7142857142857144,0.0
1,2156,4,False,0,2025-02-23,10,0.0,0.04,0.05,6,23,0,1,0,3.857142857142857,0.0
1,2212,4,False,0,2025-02-23,12,0.0,0.03,0.05,6,23,0,1,0,4.857142857142857,0.0
1,2326,4,False,0,2025-02-23,5,0.0,0.04,0.06,6,23,0,1,0,6.0,0.0
1,2343,4,False,0,2025-02-23,4,0.0,0.01,0.02,6,23,0,1,0,6.142857142857143,0.0
1,2415,4,False,0,2025-02-23,16,0.0,0.01,0.01,6,23,0,1,0,6.142857142857143,0.0
1,2454,4,False,0,2025-02-23,2,0.0,0.01,0.02,6,23,0,1,0,7.857142857142857,0.0
1,2461,4,False,0,2025-02-23,4,0.0,0.01,0.01,6,23,0,1,0,7.571428571428571,0.0
1,2492,4,False,0,2025-02-23,3,0.0,0.02,0.03,6,23,0,1,0,7.571428571428571,0.0
1,2632,4,False,0,2025-02-23,10,1.0,0.06,0.06,6,23,0,1,0,6.571428571428571,0.0
1,2691,4,False,0,2025-02-23,4,0.0,0.05,0.06,6,23,0,1,0,6.285714285714286,0.0
1,2730,4,False,0,2025-02-23,5,0.0,0.02,0.04,6,23,0,1,0,6.142857142857143,0.0
1,2754,4,False,0,2025-02-23,8,1.0,0.02,0.04,6,23,0,1,0,6.285714285714286,0.0
1,2824,4,False,0,2025-02-23,6,0.0,0.03,0.04,6,23,0,1,0,5.142857142857143,0.0
1,2835,4,False,0,2025-02-23,6,2.0,0.01,0.03,6,23,0,1,0,5.714285714285714,0.0
1,2842,4,False,0,2025-02-23,4,0.0,0.03,0.04,6,23,0,1,0,6.0,0.0
1,2847,4,False,0,2025-02-23,7,1.0,0.04,0.05,6,23,0,1,0,6.142857142857143,0.0
1,2885,4,False,0,2025-02-23,1,0.0,0.04,0.07,6,23,0,1,0,5.714285714285714,0.0
1,2950,4,False,0,2025-02-23,5,0.0,0.01,0.02,6,23,0,1,0,5.285714285714286,0.0
1,2977,4,False,0,2025-02-23,3,1.0,0.04,0.07,6,23,0,1,0,5.285714285714286,0.0
1,3089,4,False,0,2025-02-23,3,1.0,0.06,0.07,6,23,0,1,0,4.571428571428571,0.0
1,3143,4,False,0,2025-02-23,2,0.0,0.03,0.04,6,23,0,1,0,4.142857142857143,0.0
1,3148,4,False,0,2025-02-23,4,0.0,0.03,0.04,6,23,0,1,0,3.5714285714285716,0.0
1,3153,4,False,0,2025-02-23,4,0.0,0.06,0.08,6,23,0,1,0,3.5714285714285716,0.0
1,3223,4,False,0,2025-02-23,13,0.0,0.03,0.05,6,23,0,1,0,3.142857142857143,0.0
1,3334,4,False,0,2025-02-23,10,1.0,0.02,0.03,6,23,0,1,0,4.857142857142857,0.0
1,3335,4,False,0,2025-02-23,4,0.0,0.12,0.16,6,23,0,1,0,5.571428571428571,0.0
1,3382,4,False,0,2025-02-23,3,1.0,0.03,0.05,6,23,0,1,0,5.714285714285714,0.0
1,3419,4,False,0,2025-02-23,12,0.0,0.03,0.04,6,23,0,1,0,5.714285714285714,0.0
1,3447,4,False,0,2025-02-23,4,0.0,0.01,0.02,6,23,0,1,0,7.142857142857143,0.0
1,3448,4,False,0,2025-02-23,15,0.0,0.04,0.06,6,23,0,1,0,7.142857142857143,0.0
1,3479,4,False,0,2025-02-23,8,1.0,0.04,0.06,6,23,0,1,0,8.714285714285714,0.0
1,3529,4,False,0,2025-02-23,4,0.0,0.02,0.03,6,23,0,1,0,8.0,0.0
1,3532,4,False,0,2025-02-23,2,0.0,0.01,0.02,6,23,0,1,0,7.142857142857143,0.0
1,3535,4,False,0,2025-02-23,3,1.0,0.11,0.15,6,23,0,1,0,6.857142857142857,0.0
1,3607,4,False,0,2025-02-23,4,0.0,0.01,0.02,6,23,0,1,0,6.857142857142857,0.0
1,3646,4,False,0,2025-02-23,3,0.0,0.02,0.02,6,23,0,1,0,5.714285714285714,0.0
1,3865,4,False,0,2025-02-23,4,0.0,0.06,0.09,6,23,0,1,0,5.571428571428571,0.0
1,3960,4,False,0,2025-02-23,4,0.0,0.01,0.02,6,23,0,1,0,4.0,0.0
1,4070,4,False,0,2025-02-23,23,0.0,0.04,0.06,6,23,0,1,0,3.4285714285714284,0.0
1,4098,4,False,0,2025-02-23,5,0.0,0.01,0.02,6,23,0,1,0,6.142857142857143,0.0
1,4126,4,False,0,2025-02-23,2,1.0,0.05,0.06,6,23,0,1,0,6.571428571428571,0.0
1,4198,4,False,0,2025-02-23,8,0.0,0.05,0.07,6,23,0,1,0,6.428571428571429,0.0
1,4240,4,False,0,2025-02-23,5,0.0,0.01,0.02,6,23,0,1,0,7.0,0.0
1,4304,4,False,0,2025-02-23,4,0.0,0.02,0.03,6,23,0,1,0,7.285714285714286,0.0
1,4307,4,False,0,2025-02-23,4,0.0,0.02,0.03,6,23,0,1,0,7.285714285714286,0.0
1,4347,4,False,0,2025-02-23,0,0.0,0.03,0.05,6,23,0,1,0,7.285714285714286,0.0
1,4423,4,False,0,2025-02-23,10,1.0,0.04,0.07,6,23,0,1,0,4.0,0.0
1,4554,4,False,0,2025-02-23,3,1.0,0.0,0.01,6,23,0,1,0,4.714285714285714,0.0
1,4652,4,False,0,2025-02-23,6,1.0,0.02,0.02,6,23,0,1,0,4.857142857142857,0.0
1,4653,4,False,0,2025-02-23,4,0.0,0.0,0.01,6,23,0,1,0,4.571428571428571,0.0
1,4659,4,False,0,2025-02-23,4,1.0,0.05,0.1,6,23,0,1,0,4.428571428571429,0.0
1,4690,4,False,0,2025-02-23,4,1.0,0.02,0.03,6,23,0,1,0,4.428571428571429,0.0
1,4723,4,False,0,2025-02-23,4,0.0,0.02,0.03,6,23,0,1,0,4.428571428571429,0.0
1,4760,4,False,0,2025-02-23,4,0.0,0.02,0.03,6,23,0,1,0,5.0,0.0
1,4822,4,False,0,2025-02-23,3,0.0,0.02,0.04,6,23,0,1,0,4.142857142857143,0.0
1,4871,4,False,0,2025-02-23,7,0.0,0.03,0.05,6,23,0,1,0,4.142857142857143,0.0
1,4972,4,False,0,2025-02-23,3,0.0,0.02,0.03,6,23,0,1,0,4.285714285714286,0.0
1,5016,4,False,0,2025-02-23,5,0.0,0.05,0.07,6,23,0,1,0,4.142857142857143,0.0
1,5039,4,False,0,2025-02-23,3,0.0,0.03,0.06,6,23,0,1,0,4.285714285714286,0.0
1,5184,4,False,0,2025-02-23,2,0.0,0.01,0.01,6,23,0,1,0,4.142857142857143,0.0
1,5250,4,False,0,2025-02-23,62,0.0,0.0,0.01,6,23,0,1,0,3.857142857142857,0.0
1,492,5,True,0,2025-02-23,19,0.0,0.01,0.03,6,23,0,1,0,12.142857142857142,0.0
1,663,5,True,0,2025-02-23,118,6.0,0.01,0.01,6,23,0,1,0,14.428571428571429,0.0
1,1950,5,True,0,2025-02-23,59,3.0,0.03,0.04,6,23,0,1,0,30.285714285714285,0.0
1,2743,5,True,0,2025-02-23,40,1.0,0.02,0.05,6,23,0,1,0,38.285714285714285,1.7718562656990018
1,3550,5,True,0,2025-02-23,43,6.0,0.0,0.01,6,23,0,1,0,43.285714285714285,2.2768036304620693
1,4090,5,True,0,2025-02-23,89,1.0,0.02,0.04,6,23,0,1,0,49.0,3.073518297276706
1,4132,5,True,0,2025-02-23,64,1.0,0.01,0.01,6,23,0,1,0,61.42857142857143,5.126860468297827
1,4344,5,True,0,2025-02-23,42,2.0,0.02,0.02,6,23,0,1,0,61.714285714285715,0.0
1,243,6,False,0,2025-02-23,2,0.0,0.2,0.26,6,23,0,1,0,65.0,0.0
1,1668,6,False,0,2025-02-23,2,0.0,0.1,0.16,6,23,0,1,0,48.42857142857143,0.0
1,1684,6,False,0,2025-02-23,7,0.0,0.03,0.05,6,23,0,1,0,40.285714285714285,0.0
1,2078,6,False,0,2025-02-23,5,2.0,0.16,0.21,6,23,0,1,0,35.57142857142857,0.0
1,2508,6,False,0,2025-02-23,0,0.0,0.11,0.13,6,23,0,1,0,30.142857142857142,0.0
1,2544,6,False,0,2025-02-23,2,0.0,0.27,0.35,6,23,0,1,0,17.428571428571427,0.0
1,3024,6,False,0,2025-02-23,5,0.0,0.22,0.32,6,23,0,1,0,8.571428571428571,0.0
1,3959,6,False,0,2025-02-23,4,0.0,0.17,0.24,6,23,0,1,0,3.2857142857142856,0.0
1,3978,6,False,0,2025-02-23,1,0.0,0.07,0.1,6,23,0,1,0,3.5714285714285716,0.0
1,4165,6,False,0,2025-02-23,2,0.0,0.09,0.15,6,23,0,1,0,3.4285714285714284,0.0
1,4329,6,False,0,2025-02-23,1,0.0,0.09,0.14,6,23,0,1,0,2.7142857142857144,0.0
1,4787,6,False,0,2025-02-23,2,1.0,0.08,0.11,6,23,0,1,0,2.142857142857143,0.0
1,4854,6,False,0,2025-02-23,11,1.0,0.07,0.09,6,23,0,1,0,2.4285714285714284,0.0
1,4904,6,False,0,2025-02-23,3,0.0,0.16,0.21,6,23,0,1,0,3.7142857142857144,0.0
1,2554,7,False,0,2025-02-23,103,3.0,0.0,0.01,6,23,0,1,0,3.4285714285714284,7.45525427775629
1,2867,7,False,0,2025-02-23,155,8.0,0.01,0.02,6,23,0,1,0,17.571428571428573,0.0
1,3133,7,False,0,2025-02-23,114,17.0,0.0,0.01,6,23,0,1,0,39.57142857142857,4.256236171366901
1,1,8,False,0,2025-02-23,65,0.0,0.0,0.0,6,23,0,1,0,55.57142857142857,0.0
1,65,8,False,0,2025-02-23,29,0.0,0.0,0.01,6,23,0,1,0,64.71428571428571,0.0
1,206,8,False,0,2025-02-23,38,0.0,0.0,0.0,6,23,0,1,0,68.57142857142857,4.126249739384306
1,435,8,False,0,2025-02-23,54,0.0,0.01,0.02,6,23,0,1,0,72.42857142857143,2.1620394861448164
1,512,8,False,0,2025-02-23,22,1.0,0.0,0.0,6,23,0,1,0,79.71428571428571,0.0
1,579,8,False,0,2025-02-23,23,0.0,0.01,0.02,6,23,0,1,0,68.14285714285714,1.676447656839014
1,1375,8,False,0,2025-02-23,19,0.0,0.0,0.01,6,23,0,1,0,49.285714285714285,2.5412478554442024
1,1954,8,False,0,2025-02-23,16,0.0,0.0,0.0,6,23,0,1,0,35.714285714285715,0.0
1,3322,8,False,0,2025-02-23,30,2.0,0.0,0.01,6,23,0,1,0,28.714285714285715,0.0
1,4435,8,False,0,2025-02-23,24,0.0,0.02,0.03,6,23,0,1,0,28.857142857142858,0.0
1,5257,8,False,0,2025-02-23,42,0.0,0.0,0.01,6,23,0,1,0,26.857142857142858,0.0
1,110,9,True,0,2025-02-23,21,0.0,0.01,0.01,6,23,0,1,0,25.142857142857142,0.0
1,309,9,True,0,2025-02-23,31,0.0,0.01,0.03,6,23,0,1,0,25.0,0.0
1,404,9,True,0,2025-02-23,21,0.0,0.01,0.05,6,23,0,1,0,26.142857142857142,0.0
1,1270,9,True,0,2025-02-23,62,2.0,0.03,0.07,6,23,0,1,0,26.428571428571427,0.0
1,1553,9,True,0,2025-02-23,482,21.0,0.01,0.01,6,23,0,1,0,33.0,0.0
1,1749,9,True,0,2025-02-23,30,1.0,0.01,0.03,6,23,0,1,0,97.57142857142857,2.1336308159282686
1,1875,9,True,0,2025-02-23,35,0.0,0.02,0.09,6,23,0,1,0,98.42857142857143,0.0
1,2194,9,True,0,2025-02-23,58,1.0,0.0,0.04,6,23,0,1,0,97.42857142857143,0.0
1,2269,9,True,0,2025-02-23,77,6.0,0.01,0.03,6,23,0,1,0,102.71428571428571,2.768309763670129
1,2829,9,True,0,2025-02-23,39,1.0,0.02,0.02,6,23,0,1,0,109.28571428571429,2.208166447964633
1,2927,9,True,0,2025-02-23,6,1.0,0.02,0.05,6,23,0,1,0,111.85714285714286,1.6519803591218458
1,3458,9,True,0,2025-02-23,70,4.0,0.0,0.02,6,23,0,1,0,103.85714285714286,0.0
1,3972,9,True,0,2025-02-23,29,5.0,0.01,0.02,6,23,0,1,0,45.0,0.0
1,3997,9,True,0,2025-02-23,11,0.0,0.03,0.1,6,23,0,1,0,44.857142857142854,0.0
1,4125,9,True,0,2025-02-23,56,16.0,0.0,0.01,6,23,0,1,0,41.42857142857143,3.915370741481846
1,4201,9,True,0,2025-02-23,34,0.0,0.01,0.06,6,23,0,1,0,41.142857142857146,2.6309983860561545
1,4378,9,True,0,2025-02-23,48,2.0,0.02,0.03,6,23,0,1,0,35.0,2.263547793081923
1,4706,9,True,0,2025-02-23,23,0.0,0.02,0.07,6,23,0,1,0,36.285714285714285,0.0
1,4836,9,True,0,2025-02-23,54,1.0,0.01,0.03,6,23,0,1,0,38.714285714285715,0.0
1,4884,9,True,0,2025-02-23,14,0.0,0.0,0.02,6,23,0,1,0,36.42857142857143,0.0
1,4975,9,True,0,2025-02-23,20,2.0,0.01,0.01,6,23,0,1,0,34.285714285714285,0.0
1,5107,9,True,0,2025-02-23,80,7.0,0.01,0.02,6,23,0,1,0,35.57142857142857,2.9758722762777685
1,513,10,False,0,2025-02-23,30,0.0,0.03,0.06,6,23,0,1,0,39.0,3.1717443820285838
1,1564,10,False,0,2025-02-23,22,0.0,0.02,0.1,6,23,0,1,0,38.42857142857143,0.0
1,2480,10,False,0,2025-02-23,47,0.0,0.01,0.02,6,23,0,1,0,34.714285714285715,0.0
1,3576,10,False,0,2025-02-23,25,0.0,0.02,0.04,6,23,0,1,0,38.142857142857146,0.0
1,2502,11,False,0,2025-02-23,57,2.0,0.23,0.22,6,23,0,1,0,34.0,1.5683425936068485
1,3113,11,False,0,2025-02-23,14,0.0,0.23,0.22,6,23,0,1,0,40.142857142857146,0.0
1,3928,11,False,0,2025-02-23,12,0.0,0.05,0.07,6,23,0,1,0,39.285714285714285,0.0
1,909,1,False,0,2025-02-26,5,0.0,0.11,0.13,2,26,0,0,1,29.571428571428573,0.0
1,1995,1,False,0,2025-02-26,15,3.0,0.1,0.11,2,26,0,0,1,26.0,0.0
1,3901,1,False,0,2025-02-26,20,0.0,0.11,0.13,2,26,0,0,1,25.0,0.0
1,4584,1,False,0,2025-02-26,9,0.0,0.11,0.12,2,26,0,0,1,21.142857142857142,0.0
1,123,3,True,0,2025-02-26,22,0.0,0.04,0.06,2,26,0,0,1,18.857142857142858,1.887541614779458
1,312,3,True,0,2025-02-26,8,1.0,0.05,0.09,2,26,0,0,1,13.857142857142858,0.0
1,842,3,True,0,2025-02-26,69,2.0,0.01,0.01,2,26,0,0,1,13.0,5.096600339538375
1,1855,3,True,0,2025-02-26,122,2.0,0.01,0.01,2,26,0,0,1,21.142857142857142,4.080277079771412
1,1933,3,True,0,2025-02-26,187,12.0,0.02,0.02,2,26,0,0,1,37.857142857142854,6.664176134582963
1,2198,3,True,0,2025-02-26,17,0.0,0.01,0.05,2,26,0,0,1,62.42857142857143,0.0
1,2308,3,True,0,2025-02-26,275,4.0,0.01,0.01,2,26,0,0,1,62.0,4.591752129337288
1,2767,3,True,0,2025-02-26,80,4.0,0.01,0.02,2,26,0,0,1,100.0,2.3131129174125595
1,3158,3,True,0,2025-02-26,42,3.0,0.04,0.06,2,26,0,0,1,108.28571428571429,2.318126016565611
1,4032,3,True,0,2025-02-26,60,5.0,0.04,0.05,2,26,0,0,1,113.14285714285714,3.1842873834389667
1,5034,3,True,0,2025-02-26,114,1.0,0.01,0.01,2,26,0,0,1,111.85714285714286,3.3721481409018867
1,5195,3,True,0,2025-02-26,38,0.0,0.0,0.01,2,26,0,0,1,110.71428571428571,0.0
1,25,4,False,0,2025-02-26,12,0.0,0.02,0.04,2,26,0,0,1,89.42857142857143,0.0
1,52,4,False,0,2025-02-26,8,0.0,0.12,0.17,2,26,0,0,1,88.71428571428571,0.0
1,57,4,False,0,2025-02-26,10,0.0,0.06,0.08,2,26,0,0,1,50.57142857142857,0.0
1,60,4,False,0,2025-02-26,0,0.0,0.02,0.03,2,26,0,0,1,40.57142857142857,0.0
1,72,4,False,0,2025-02-26,4,0.0,0.03,0.04,2,26,0,0,1,34.57142857142857,0.0
1,96,4,False,0,2025-02-26,3,0.0,0.03,0.05,2,26,0,0,1,26.571428571428573,0.0
1,268,4,False,0,2025-02-26,7,0.0,0.03,0.05,2,26,0,0,1,10.714285714285714,0.0
1,301,4,False,0,2025-02-26,11,0.0,0.03,0.05,2,26,0,0,1,6.285714285714286,0.0
1,313,4,False,0,2025-02-26,12,0.0,0.04,0.05,2,26,0,0,1,6.142857142857143,0.0
1,340,4,False,0,2025-02-26,6,0.0,0.04,0.06,2,26,0,0,1,6.714285714285714,0.0
1,349,4,False,0,2025-02-26,2,2.0,0.08,0.1,2,26,0,0,1,6.142857142857143,0.0
1,511,4,False,0,2025-02-26,9,1.0,0.06,0.08,2,26,0,0,1,6.428571428571429,0.0
1,537,4,False,0,2025-02-26,5,0.0,0.04,0.06,2,26,0,0,1,7.142857142857143,0.0
1,577,4,False,0,2025-02-26,7,0.0,0.02,0.03,2,26,0,0,1,7.428571428571429,0.0
1,662,4,False,0,2025-02-26,6,0.0,0.01,0.02,2,26,0,0,1,7.428571428571429,0.0
1,691,4,False,0,2025-02-26,4,1.0,0.05,0.07,2,26,0,0,1,6.714285714285714,0.0
1,751,4,False,0,2025-02-26,8,2.0,0.0,0.01,2,26,0,0,1,5.571428571428571,0.0
1,777,4,False,0,2025-02-26,10,0.0,0.01,0.01,2,26,0,0,1,5.857142857142857,0.0
1,797,4,False,0,2025-02-26,6,1.0,0.05,0.07,2,26,0,0,1,7.0,0.0
1,839,4,False,0,2025-02-26,10,0.0,0.03,0.04,2,26,0,0,1,6.571428571428571,0.0
1,1034,4,False,0,2025-02-26,5,0.0,0.12,0.14,2,26,0,0,1,7.285714285714286,0.0
1,1053,4,False,0,2025-02-26,8,0.0,0.02,0.03,2,26,0,0,1,7.0,0.0
1,1058,4,False,0,2025-02-26,4,0.0,0.03,0.05,2,26,0,0,1,7.285714285714286,0.0
1,1072,4,False,0,2025-02-26,25,0.0,0.0,0.01,2,26,0,0,1,7.285714285714286,0.0
1,1082,4,False,0,2025-02-26,10,4.0,0.07,0.12,2,26,0,0,1,9.714285714285714,0.0
1,1096,4,False,0,2025-02-26,5,2.0,0.03,0.05,2,26,0,0,1,9.714285714285714,0.0
1,1127,4,False,0,2025-02-26,3,1.0,0.03,0.04,2,26,0,0,1,9.571428571428571,0.0
1,1174,4,False,0,2025-02-26,5,1.0,0.01,0.02,2,26,0,0,1,8.571428571428571,0.0
1,1221,4,False,0,2025-02-26,8,0.0,0.04,0.06,2,26,0,0,1,8.571428571428571,0.0
1,1299,4,False,0,2025-02-26,8,1.0,0.01,0.02,2,26,0,0,1,8.571428571428571,0.0
1,1300,4,False,0,2025-02-26,26,1.0,0.01,0.01,2,26,0,0,1,9.142857142857142,1.2307217828153338
1,1311,4,False,0,2025-02-26,5,2.0,0.02,0.03,2,26,0,0,1,9.285714285714286,0.0
1,1392,4,False,0,2025-02-26,5,0.0,0.05,0.07,2,26,0,0,1,8.571428571428571,0.0
1,1424,4,False,0,2025-02-26,5,0.0,0.01,0.03,2,26,0,0,1,8.571428571428571,0.0
1,1494,4,False,0,2025-02-26,4,1.0,0.02,0.04,2,26,0,0,1,8.857142857142858,0.0
1,1547,4,False,0,2025-02-26,3,0.0,0.05,0.07,2,26,0,0,1,8.714285714285714,0.0
1,1548,4,False,0,2025-02-26,12,0.0,0.03,0.04,2,26,0,0,1,8.0,0.0
1,1657,4,False,0,2025-02-26,17,0.0,0.01,0.02,2,26,0,0,1,8.571428571428571,0.0
1,1659,4,False,0,2025-02-26,5,0.0,0.04,0.06,2,26,0,0,1,7.285714285714286,0.0
1,1665,4,False,0,2025-02-26,3,1.0,0.04,0.06,2,26,0,0,1,7.285714285714286,0.0
1,1685,4,False,0,2025-02-26,5,0.0,0.02,0.02,2,26,0,0,1,7.0,0.0
1,1703,4,False,0,2025-02-26,6,1.0,0.02,0.03,2,26,0,0,1,7.0,0.0
1,1880,4,False,0,2025-02-26,3,0.0,0.01,0.02,2,26,0,0,1,7.285714285714286,0.0
1,1904,4,False,0,2025-02-26,3,0.0,0.02,0.04,2,26,0,0,1,7.285714285714286,0.0
1,1939,4,False,0,2025-02-26,4,0.0,0.01,0.01,2,26,0,0,1,6.0,0.0
1,1960,4,False,0,2025-02-26,4,0.0,0.03,0.04,2,26,0,0,1,4.142857142857143,0.0
1,2016,4,False,0,2025-02-26,4,0.0,0.03,0.04,2,26,0,0,1,4.0,0.0
1,2052,4,False,0,2025-02-26,5,0.0,0.02,0.03,2,26,0,0,1,4.142857142857143,0.0
1,2116,4,False,0,2025-02-26,4,0.0,0.03,0.05,2,26,0,0,1,4.142857142857143,0.0
1,2125,4,False,0,2025-02-26,4,0.0,0.08,0.1,2,26,0,0,1,3.857142857142857,0.0
1,2156,4,False,0,2025-02-26,6,5.0,0.04,0.03,2,26,0,0,1,4.0,0.0
1,2212,4,False,0,2025-02-26,12,0.0,0.03,0.05,2,26,0,0,1,4.428571428571429,0.0
1,2326,4,False,0,2025-02-26,6,0.0,0.04,0.06,2,26,0,0,1,5.571428571428571,0.0
1,2343,4,False,0,2025-02-26,4,0.0,0.01,0.02,2,26,0,0,1,5.857142857142857,0.0
1,2415,4,False,0,2025-02-26,15,0.0,0.01,0.01,2,26,0,0,1,5.857142857142857,0.0
1,2454,4,False,0,2025-02-26,2,0.0,0.01,0.02,2,26,0,0,1,7.285714285714286,0.0
1,2461,4,False,0,2025-02-26,5,0.0,0.01,0.01,2,26,0,0,1,7.0,0.0
1,2492,4,False,0,2025-02-26,4,0.0,0.02,0.03,2,26,0,0,1,7.142857142857143,0.0
1,2632,4,False,0,2025-02-26,12,0.0,0.06,0.06,2,26,0,0,1,6.857142857142857,0.0
1,2691,4,False,0,2025-02-26,3,1.0,0.05,0.06,2,26,0,0,1,6.857142857142857,0.0
1,2730,4,False,0,2025-02-26,2,2.0,0.02,0.04,2,26,0,0,1,6.428571428571429,0.0
1,2754,4,False,0,2025-02-26,7,0.0,0.02,0.04,2,26,0,0,1,6.142857142857143,0.0
1,2824,4,False,0,2025-02-26,5,1.0,0.03,0.04,2,26,0,0,1,5.0,0.0
1,2835,4,False,0,2025-02-26,9,1.0,0.01,0.03,2,26,0,0,1,5.428571428571429,0.0
1,2842,4,False,0,2025-02-26,2,1.0,0.03,0.04,2,26,0,0,1,6.0,0.0
1,2847,4,False,0,2025-02-26,6,2.0,0.04,0.05,2,26,0,0,1,5.714285714285714,0.0
1,2885,4,False,0,2025-02-26,4,0.0,0.04,0.07,2,26,0,0,1,4.857142857142857,0.0
1,2950,4,False,0,2025-02-26,5,0.0,0.01,0.02,2,26,0,0,1,5.0,0.0
1,2977,4,False,0,2025-02-26,4,0.0,0.04,0.07,2,26,0,0,1,5.428571428571429,0.0
1,3089,4,False,0,2025-02-26,3,0.0,0.06,0.07,2,26,0,0,1,5.0,0.0
1,3143,4,False,0,2025-02-26,2,0.0,0.03,0.04,2,26,0,0,1,4.714285714285714,0.0
1,3148,4,False,0,2025-02-26,3,1.0,0.03,0.04,2,26,0,0,1,3.7142857142857144,0.0
1,3153,4,False,0,2025-02-26,4,0.0,0.06,0.08,2,26,0,0,1,3.857142857142857,0.0
1,3223,4,False,0,2025-02-26,13,0.0,0.03,0.05,2,26,0,0,1,3.5714285714285716,0.0
1,3334,4,False,0,2025-02-26,12,3.0,0.02,0.03,2,26,0,0,1,4.857142857142857,0.0
1,3335,4,False,0,2025-02-26,4,0.0,0.12,0.16,2,26,0,0,1,5.857142857142857,0.0
1,3382,4,False,0,2025-02-26,10,0.0,0.03,0.05,2,26,0,0,1,5.857142857142857,0.0
1,3419,4,False,0,2025-02-26,12,0.0,0.03,0.04,2,26,0,0,1,6.857142857142857,0.0
1,3447,4,False,0,2025-02-26,3,1.0,0.01,0.02,2,26,0,0,1,8.285714285714286,0.0
1,3448,4,False,0,2025-02-26,14,0.0,0.04,0.06,2,26,0,0,1,8.285714285714286,0.0
1,3479,4,False,0,2025-02-26,8,0.0,0.04,0.06,2,26,0,0,1,9.714285714285714,0.0
1,3529,4,False,0,2025-02-26,4,0.0,0.02,0.03,2,26,0,0,1,9.0,0.0
1,3532,4,False,0,2025-02-26,2,0.0,0.01,0.02,2,26,0,0,1,7.857142857142857,0.0
1,3535,4,False,0,2025-02-26,3,0.0,0.11,0.15,2,26,0,0,1,7.571428571428571,0.0
1,3607,4,False,0,2025-02-26,4,0.0,0.01,0.02,2,26,0,0,1,6.571428571428571,0.0
1,3646,4,False,0,2025-02-26,4,0.0,0.02,0.02,2,26,0,0,1,5.428571428571429,0.0
1,3865,4,False,0,2025-02-26,4,0.0,0.06,0.09,2,26,0,0,1,5.571428571428571,0.0
1,3960,4,False,0,2025-02-26,3,0.0,0.01,0.02,2,26,0,0,1,4.142857142857143,0.0
1,4070,4,False,0,2025-02-26,24,0.0,0.04,0.06,2,26,0,0,1,3.4285714285714284,0.0
1,4098,4,False,0,2025-02-26,4,0.0,0.01,0.02,2,26,0,0,1,6.285714285714286,0.0
1,4126,4,False,0,2025-02-26,6,0.0,0.05,0.06,2,26,0,0,1,6.571428571428571,0.0
1,4198,4,False,0,2025-02-26,11,0.0,0.05,0.07,2,26,0,0,1,7.0,0.0
1,4240,4,False,0,2025-02-26,5,0.0,0.01,0.02,2,26,0,0,1,8.0,0.0
1,4304,4,False,0,2025-02-26,4,0.0,0.02,0.03,2,26,0,0,1,8.142857142857142,0.0
1,4307,4,False,0,2025-02-26,2,1.0,0.02,0.03,2,26,0,0,1,8.142857142857142,0.0
1,4347,4,False,0,2025-02-26,0,0.0,0.03,0.05,2,26,0,0,1,8.0,0.0
1,4423,4,False,0,2025-02-26,13,1.0,0.04,0.07,2,26,0,0,1,4.571428571428571,0.0
1,4554,4,False,0,2025-02-26,4,2.0,0.0,0.01,2,26,0,0,1,5.857142857142857,0.0
1,4652,4,False,0,2025-02-26,6,1.0,0.02,0.02,2,26,0,0,1,5.571428571428571,0.0
1,4653,4,False,0,2025-02-26,4,1.0,0.0,0.01,2,26,0,0,1,4.857142857142857,0.0
1,4659,4,False,0,2025-02-26,3,0.0,0.05,0.1,2,26,0,0,1,4.714285714285714,0.0
1,4690,4,False,0,2025-02-26,4,0.0,0.02,0.03,2,26,0,0,1,4.571428571428571,0.0
1,4723,4,False,0,2025-02-26,4,0.0,0.02,0.03,2,26,0,0,1,4.857142857142857,0.0
1,4760,4,False,0,2025-02-26,4,0.0,0.02,0.03,2,26,0,0,1,5.428571428571429,0.0
1,4822,4,False,0,2025-02-26,5,1.0,0.02,0.04,2,26,0,0,1,4.142857142857143,0.0
1,4871,4,False,0,2025-02-26,6,0.0,0.03,0.05,2,26,0,0,1,4.285714285714286,0.0
1,4972,4,False,0,2025-02-26,3,0.0,0.02,0.03,2,26,0,0,1,4.285714285714286,0.0
1,5016,4,False,0,2025-02-26,5,0.0,0.05,0.07,2,26,0,0,1,4.142857142857143,0.0
1,5039,4,False,0,2025-02-26,4,0.0,0.03,0.06,2,26,0,0,1,4.428571428571429,0.0
1,5184,4,False,0,2025-02-26,2,0.0,0.01,0.01,2,26,0,0,1,4.428571428571429,0.0
1,5250,4,False,0,2025-02-26,62,0.0,0.0,0.01,2,26,0,0,1,4.142857142857143,0.0
1,492,5,True,0,2025-02-26,18,1.0,0.01,0.04,2,26,0,0,1,12.428571428571429,0.0
1,663,5,True,0,2025-02-26,134,6.0,0.01,0.01,2,26,0,0,1,14.285714285714286,4.058118739681233
1,1950,5,True,0,2025-02-26,55,1.0,0.03,0.05,2,26,0,0,1,32.57142857142857,0.0
1,2743,5,True,0,2025-02-26,39,0.0,0.02,0.06,2,26,0,0,1,40.0,2.033884809051606
1,3550,5,True,0,2025-02-26,35,4.0,0.0,0.01,2,26,0,0,1,44.857142857142854,2.383671482128283
1,4090,5,True,0,2025-02-26,91,3.0,0.02,0.04,2,26,0,0,1,49.285714285714285,3.3958944867731424
1,4132,5,True,0,2025-02-26,61,1.0,0.01,0.01,2,26,0,0,1,62.0,5.325075936552175
1,4344,5,True,0,2025-02-26,49,0.0,0.02,0.03,2,26,0,0,1,61.857142857142854,2.3146699552413814
1,243,6,False,0,2025-02-26,2,0.0,0.2,0.26,2,26,0,0,1,66.28571428571429,0.0
1,1668,6,False,0,2025-02-26,2,0.0,0.1,0.16,2,26,0,0,1,47.42857142857143,0.0
1,1684,6,False,0,2025-02-26,6,1.0,0.03,0.05,2,26,0,0,1,39.857142857142854,0.0
1,2078,6,False,0,2025-02-26,7,1.0,0.16,0.2,2,26,0,0,1,35.142857142857146,0.0
1,2508,6,False,0,2025-02-26,0,0.0,0.11,0.13,2,26,0,0,1,31.142857142857142,0.0
1,2544,6,False,0,2025-02-26,2,0.0,0.27,0.35,2,26,0,0,1,18.142857142857142,0.0
1,3024,6,False,0,2025-02-26,4,0.0,0.22,0.31,2,26,0,0,1,9.714285714285714,0.0
1,3959,6,False,0,2025-02-26,3,0.0,0.17,0.23,2,26,0,0,1,3.2857142857142856,0.0
1,3978,6,False,0,2025-02-26,1,0.0,0.07,0.1,2,26,0,0,1,3.4285714285714284,0.0
1,4165,6,False,0,2025-02-26,2,0.0,0.09,0.15,2,26,0,0,1,3.2857142857142856,0.0
1,4329,6,False,0,2025-02-26,1,0.0,0.09,0.14,2,26,0,0,1,2.7142857142857144,0.0
1,4787,6,False,0,2025-02-26,1,1.0,0.08,0.12,2,26,0,0,1,1.8571428571428572,0.0
1,4854,6,False,0,2025-02-26,14,0.0,0.07,0.09,2,26,0,0,1,2.0,0.0
1,4904,6,False,0,2025-02-26,3,0.0,0.16,0.21,2,26,0,0,1,3.7142857142857144,0.0
1,2554,7,False,0,2025-02-26,83,2.0,0.0,0.01,2,26,0,0,1,3.5714285714285716,7.497760058386297
1,2867,7,False,0,2025-02-26,172,5.0,0.01,0.02,2,26,0,0,1,15.0,0.0
1,3133,7,False,0,2025-02-26,156,13.0,0.0,0.01,2,26,0,0,1,39.42857142857143,4.3161494720995
1,1,8,False,0,2025-02-26,54,0.0,0.0,0.01,2,26,0,0,1,61.42857142857143,0.0
1,65,8,False,0,2025-02-26,23,2.0,0.0,0.01,2,26,0,0,1,69.0,0.0
1,206,8,False,0,2025-02-26,36,2.0,0.0,0.0,2,26,0,0,1,72.14285714285714,4.96715498157578
1,435,8,False,0,2025-02-26,42,4.0,0.01,0.02,2,26,0,0,1,75.28571428571429,2.345990725484036
1,512,8,False,0,2025-02-26,21,1.0,0.0,0.01,2,26,0,0,1,80.85714285714286,0.0
1,579,8,False,0,2025-02-26,25,2.0,0.01,0.02,2,26,0,0,1,72.0,1.7887474993384491
1,1375,8,False,0,2025-02-26,14,1.0,0.0,0.01,2,26,0,0,1,51.0,2.6669400653429842
1,1954,8,False,0,2025-02-26,16,0.0,0.0,0.0,2,26,0,0,1,30.714285714285715,0.0
1,3322,8,False,0,2025-02-26,33,3.0,0.0,0.01,2,26,0,0,1,25.285714285714285,0.0
1,4435,8,False,0,2025-02-26,24,0.0,0.02,0.03,2,26,0,0,1,26.714285714285715,0.0
1,5257,8,False,0,2025-02-26,32,0.0,0.0,0.01,2,26,0,0,1,25.0,0.0
1,110,9,True,0,2025-02-26,28,0.0,0.01,0.02,2,26,0,0,1,23.571428571428573,0.0
1,309,9,True,0,2025-02-26,41,0.0,0.01,0.03,2,26,0,0,1,24.571428571428573,0.0
1,404,9,True,0,2025-02-26,20,0.0,0.01,0.06,2,26,0,0,1,26.857142857142858,1.4400384387104814
1,1270,9,True,0,2025-02-26,64,2.0,0.03,0.07,2,26,0,0,1,27.714285714285715,0.0
1,1553,9,True,0,2025-02-26,529,37.0,0.01,0.01,2,26,0,0,1,34.57142857142857,5.811064572063327
1,1749,9,True,0,2025-02-26,25,4.0,0.01,0.03,2,26,0,0,1,105.42857142857143,2.4069368173985417
1,1875,9,True,0,2025-02-26,27,0.0,0.02,0.06,2,26,0,0,1,105.57142857142857,0.0
1,2194,9,True,0,2025-02-26,49,10.0,0.0,0.02,2,26,0,0,1,104.85714285714286,0.0
1,2269,9,True,0,2025-02-26,83,2.0,0.01,0.03,2,26,0,0,1,107.85714285714286,3.36245687595735
1,2829,9,True,0,2025-02-26,40,2.0,0.02,0.03,2,26,0,0,1,113.85714285714286,2.761674466164606
1,2927,9,True,0,2025-02-26,10,0.0,0.02,0.05,2,26,0,0,1,116.71428571428571,1.823780378909052
1,3458,9,True,0,2025-02-26,60,5.0,0.0,0.02,2,26,0,0,1,109.0,0.0
1,3972,9,True,0,2025-02-26,44,0.0,0.01,0.02,2,26,0,0,1,42.0,0.0
1,3997,9,True,0,2025-02-26,11,0.0,0.03,0.1,2,26,0,0,1,44.714285714285715,1.7172561806017874
1,4125,9,True,0,2025-02-26,97,5.0,0.0,0.01,2,26,0,0,1,42.42857142857143,4.620010077702048
1,4201,9,True,0,2025-02-26,44,1.0,0.01,0.09,2,26,0,0,1,49.285714285714285,2.9159370692419633
1,4378,9,True,0,2025-02-26,56,3.0,0.02,0.03,2,26,0,0,1,43.714285714285715,2.328942523399083
1,4706,9,True,0,2025-02-26,21,1.0,0.02,0.05,2,26,0,0,1,46.0,0.0
1,4836,9,True,0,2025-02-26,44,6.0,0.01,0.04,2,26,0,0,1,47.57142857142857,2.333807762103494
1,4884,9,True,0,2025-02-26,10,4.0,0.0,0.02,2,26,0,0,1,45.285714285714285,0.0
1,4975,9,True,0,2025-02-26,22,0.0,0.01,0.02,2,26,0,0,1,40.42857142857143,0.0
1,5107,9,True,0,2025-02-26,85,7.0,0.01,0.02,2,26,0,0,1,42.0,3.46890084440096
1,513,10,False,0,2025-02-26,32,3.0,0.03,0.06,2,26,0,0,1,40.285714285714285,3.743947572915275
1,1564,10,False,0,2025-02-26,21,3.0,0.02,0.07,2,26,0,0,1,38.57142857142857,0.0
1,2480,10,False,0,2025-02-26,47,0.0,0.01,0.02,2,26,0,0,1,33.57142857142857,0.0
1,3576,10,False,0,2025-02-26,26,0.0,0.02,0.04,2,26,0,0,1,37.285714285714285,0.0
1,2502,11,False,0,2025-02-26,59,0.0,0.23,0.21,2,26,0,0,1,34.714285714285715,1.5634885545278268
1,3113,11,False,0,2025-02-26,13,0.0,0.23,0.22,2,26,0,0,1,41.714285714285715,0.0
1,3928,11,False,0,2025-02-26,9,0.0,0.05,0.06,2,26,0,0,1,40.42857142857143,0.0
1,909,1,False,0,2025-02-24,5,0.0,0.11,0.13,0,24,0,0,0,29.571428571428573,0.0
1,1995,1,False,0,2025-02-24,18,0.0,0.1,0.11,0,24,0,0,0,25.714285714285715,0.0
1,3901,1,False,0,2025-02-24,20,0.0,0.11,0.13,0,24,0,0,0,25.285714285714285,0.0
1,4584,1,False,0,2025-02-24,10,0.0,0.11,0.13,0,24,0,0,0,21.428571428571427,0.0
1,123,3,True,0,2025-02-24,18,2.0,0.04,0.06,0,24,0,0,0,19.142857142857142,1.8434361577251648
1,312,3,True,0,2025-02-24,8,1.0,0.05,0.08,0,24,0,0,0,13.285714285714286,0.0
1,842,3,True,0,2025-02-24,43,5.0,0.01,0.01,0,24,0,0,0,12.571428571428571,4.746320271324837
1,1855,3,True,0,2025-02-24,124,0.0,0.01,0.01,0,24,0,0,0,17.428571428571427,3.7387426132113104
1,1933,3,True,0,2025-02-24,131,7.0,0.02,0.02,0,24,0,0,0,34.42857142857143,5.373962396093342
1,2198,3,True,0,2025-02-24,13,0.0,0.01,0.05,0,24,0,0,0,50.57142857142857,0.0
1,2308,3,True,0,2025-02-24,260,19.0,0.01,0.01,0,24,0,0,0,49.57142857142857,4.25892560394123
1,2767,3,True,0,2025-02-24,87,6.0,0.01,0.02,0,24,0,0,0,85.28571428571429,2.276608763895598
1,3158,3,True,0,2025-02-24,35,4.0,0.04,0.06,0,24,0,0,0,95.14285714285714,2.402321075965172
1,4032,3,True,0,2025-02-24,52,5.0,0.04,0.05,0,24,0,0,0,99.0,3.1899811370239064
1,5034,3,True,0,2025-02-24,117,0.0,0.01,0.01,0,24,0,0,0,100.28571428571429,3.1692339613537643
1,5195,3,True,0,2025-02-24,39,0.0,0.0,0.01,0,24,0,0,0,99.28571428571429,0.0
1,25,4,False,0,2025-02-24,12,0.0,0.02,0.04,0,24,0,0,0,86.14285714285714,0.0
1,52,4,False,0,2025-02-24,8,0.0,0.12,0.17,0,24,0,0,0,86.0,0.0
1,57,4,False,0,2025-02-24,5,1.0,0.06,0.08,0,24,0,0,0,50.0,0.0
1,60,4,False,0,2025-02-24,0,0.0,0.02,0.03,0,24,0,0,0,38.285714285714285,0.0
1,72,4,False,0,2025-02-24,4,0.0,0.03,0.04,0,24,0,0,0,33.285714285714285,0.0
1,96,4,False,0,2025-02-24,3,0.0,0.03,0.05,0,24,0,0,0,26.428571428571427,0.0
1,268,4,False,0,2025-02-24,7,0.0,0.03,0.05,0,24,0,0,0,10.142857142857142,0.0
1,301,4,False,0,2025-02-24,11,0.0,0.03,0.05,0,24,0,0,0,5.571428571428571,0.0
1,313,4,False,0,2025-02-24,9,0.0,0.04,0.05,0,24,0,0,0,5.428571428571429,0.0
1,340,4,False,0,2025-02-24,6,0.0,0.04,0.06,0,24,0,0,0,5.571428571428571,0.0
1,349,4,False,0,2025-02-24,2,0.0,0.08,0.1,0,24,0,0,0,5.714285714285714,0.0
1,511,4,False,0,2025-02-24,7,1.0,0.06,0.08,0,24,0,0,0,6.0,0.0
1,537,4,False,0,2025-02-24,1,1.0,0.04,0.06,0,24,0,0,0,6.428571428571429,0.0
1,577,4,False,0,2025-02-24,7,0.0,0.02,0.03,0,24,0,0,0,6.142857142857143,0.0
1,662,4,False,0,2025-02-24,6,0.0,0.01,0.02,0,24,0,0,0,6.142857142857143,0.0
1,691,4,False,0,2025-02-24,5,1.0,0.05,0.07,0,24,0,0,0,5.428571428571429,0.0
1,751,4,False,0,2025-02-24,8,0.0,0.0,0.01,0,24,0,0,0,4.857142857142857,0.0
1,777,4,False,0,2025-02-24,10,0.0,0.01,0.01,0,24,0,0,0,5.142857142857143,0.0
1,797,4,False,0,2025-02-24,5,0.0,0.05,0.07,0,24,0,0,0,6.285714285714286,0.0
1,839,4,False,0,2025-02-24,9,0.0,0.03,0.04,0,24,0,0,0,6.0,0.0
1,1034,4,False,0,2025-02-24,3,1.0,0.12,0.14,0,24,0,0,0,7.142857142857143,0.0
1,1053,4,False,0,2025-02-24,8,0.0,0.02,0.03,0,24,0,0,0,6.571428571428571,0.0
1,1058,4,False,0,2025-02-24,2,0.0,0.03,0.05,0,24,0,0,0,6.857142857142857,0.0
1,1072,4,False,0,2025-02-24,26,0.0,0.0,0.01,0,24,0,0,0,6.428571428571429,0.0
1,1082,4,False,0,2025-02-24,14,0.0,0.07,0.12,0,24,0,0,0,9.0,0.0
1,1096,4,False,0,2025-02-24,6,1.0,0.03,0.05,0,24,0,0,0,9.571428571428571,0.0
1,1127,4,False,0,2025-02-24,5,0.0,0.03,0.04,0,24,0,0,0,9.714285714285714,0.0
1,1174,4,False,0,2025-02-24,7,0.0,0.01,0.02,0,24,0,0,0,9.142857142857142,0.0
1,1221,4,False,0,2025-02-24,4,0.0,0.04,0.06,0,24,0,0,0,9.714285714285714,0.0
1,1299,4,False,0,2025-02-24,7,0.0,0.01,0.02,0,24,0,0,0,9.142857142857142,0.0
1,1300,4,False,0,2025-02-24,20,1.0,0.01,0.01,0,24,0,0,0,9.857142857142858,0.0
1,1311,4,False,0,2025-02-24,6,0.0,0.02,0.03,0,24,0,0,0,9.0,0.0
1,1392,4,False,0,2025-02-24,4,0.0,0.05,0.07,0,24,0,0,0,7.857142857142857,0.0
1,1424,4,False,0,2025-02-24,2,0.0,0.01,0.03,0,24,0,0,0,7.571428571428571,0.0
1,1494,4,False,0,2025-02-24,6,1.0,0.02,0.04,0,24,0,0,0,7.142857142857143,0.0
1,1547,4,False,0,2025-02-24,4,0.0,0.05,0.07,0,24,0,0,0,7.0,0.0
1,1548,4,False,0,2025-02-24,12,0.0,0.03,0.04,0,24,0,0,0,7.0,0.0
1,1657,4,False,0,2025-02-24,12,1.0,0.01,0.02,0,24,0,0,0,7.714285714285714,0.0
1,1659,4,False,0,2025-02-24,5,0.0,0.04,0.06,0,24,0,0,0,6.571428571428571,0.0
1,1665,4,False,0,2025-02-24,4,0.0,0.04,0.06,0,24,0,0,0,6.428571428571429,0.0
1,1685,4,False,0,2025-02-24,6,0.0,0.02,0.02,0,24,0,0,0,6.428571428571429,0.0
1,1703,4,False,0,2025-02-24,4,1.0,0.02,0.03,0,24,0,0,0,7.0,0.0
1,1880,4,False,0,2025-02-24,3,0.0,0.01,0.02,0,24,0,0,0,6.714285714285714,0.0
1,1904,4,False,0,2025-02-24,3,0.0,0.02,0.04,0,24,0,0,0,6.571428571428571,0.0
1,1939,4,False,0,2025-02-24,4,0.0,0.01,0.01,0,24,0,0,0,5.285714285714286,0.0
1,1960,4,False,0,2025-02-24,4,0.0,0.03,0.04,0,24,0,0,0,4.142857142857143,0.0
1,2016,4,False,0,2025-02-24,4,0.0,0.03,0.04,0,24,0,0,0,4.0,0.0
1,2052,4,False,0,2025-02-24,4,0.0,0.02,0.03,0,24,0,0,0,4.0,0.0
1,2116,4,False,0,2025-02-24,4,0.0,0.03,0.05,0,24,0,0,0,3.7142857142857144,0.0
1,2125,4,False,0,2025-02-24,4,0.0,0.08,0.1,0,24,0,0,0,3.7142857142857144,0.0
1,2156,4,False,0,2025-02-24,10,0.0,0.04,0.05,0,24,0,0,0,3.857142857142857,0.0
1,2212,4,False,0,2025-02-24,12,0.0,0.03,0.05,0,24,0,0,0,4.857142857142857,0.0
1,2326,4,False,0,2025-02-24,5,0.0,0.04,0.06,0,24,0,0,0,6.0,0.0
1,2343,4,False,0,2025-02-24,4,0.0,0.01,0.02,0,24,0,0,0,6.142857142857143,0.0
1,2415,4,False,0,2025-02-24,16,0.0,0.01,0.01,0,24,0,0,0,6.142857142857143,0.0
1,2454,4,False,0,2025-02-24,2,0.0,0.01,0.02,0,24,0,0,0,7.857142857142857,0.0
1,2461,4,False,0,2025-02-24,4,0.0,0.01,0.01,0,24,0,0,0,7.571428571428571,0.0
1,2492,4,False,0,2025-02-24,3,0.0,0.02,0.03,0,24,0,0,0,7.571428571428571,0.0
1,2632,4,False,0,2025-02-24,10,0.0,0.06,0.06,0,24,0,0,0,6.571428571428571,0.0
1,2691,4,False,0,2025-02-24,4,0.0,0.05,0.06,0,24,0,0,0,6.285714285714286,0.0
1,2730,4,False,0,2025-02-24,5,0.0,0.02,0.04,0,24,0,0,0,6.142857142857143,0.0
1,2754,4,False,0,2025-02-24,8,0.0,0.02,0.04,0,24,0,0,0,6.285714285714286,0.0
1,2824,4,False,0,2025-02-24,6,0.0,0.03,0.04,0,24,0,0,0,5.142857142857143,0.0
1,2835,4,False,0,2025-02-24,6,0.0,0.01,0.03,0,24,0,0,0,5.714285714285714,0.0
1,2842,4,False,0,2025-02-24,4,0.0,0.03,0.04,0,24,0,0,0,6.0,0.0
1,2847,4,False,0,2025-02-24,7,0.0,0.04,0.05,0,24,0,0,0,6.142857142857143,0.0
1,2885,4,False,0,2025-02-24,1,0.0,0.04,0.07,0,24,0,0,0,5.714285714285714,0.0
1,2950,4,False,0,2025-02-24,5,0.0,0.01,0.02,0,24,0,0,0,5.285714285714286,0.0
1,2977,4,False,0,2025-02-24,3,0.0,0.04,0.07,0,24,0,0,0,5.285714285714286,0.0
1,3089,4,False,0,2025-02-24,3,0.0,0.06,0.07,0,24,0,0,0,4.571428571428571,0.0
1,3143,4,False,0,2025-02-24,2,0.0,0.03,0.04,0,24,0,0,0,4.142857142857143,0.0
1,3148,4,False,0,2025-02-24,4,0.0,0.03,0.04,0,24,0,0,0,3.5714285714285716,0.0
1,3153,4,False,0,2025-02-24,4,0.0,0.06,0.08,0,24,0,0,0,3.5714285714285716,0.0
1,3223,4,False,0,2025-02-24,13,0.0,0.03,0.05,0,24,0,0,0,3.142857142857143,0.0
1,3334,4,False,0,2025-02-24,9,1.0,0.02,0.03,0,24,0,0,0,4.857142857142857,0.0
1,3335,4,False,0,2025-02-24,4,0.0,0.12,0.16,0,24,0,0,0,5.428571428571429,0.0
1,3382,4,False,0,2025-02-24,3,0.0,0.03,0.05,0,24,0,0,0,5.571428571428571,0.0
1,3419,4,False,0,2025-02-24,12,0.0,0.03,0.04,0,24,0,0,0,5.571428571428571,0.0
1,3447,4,False,0,2025-02-24,4,0.0,0.01,0.02,0,24,0,0,0,7.0,0.0
1,3448,4,False,0,2025-02-24,14,1.0,0.04,0.06,0,24,0,0,0,7.0,0.0
1,3479,4,False,0,2025-02-24,8,0.0,0.04,0.06,0,24,0,0,0,8.428571428571429,0.0
1,3529,4,False,0,2025-02-24,4,0.0,0.02,0.03,0,24,0,0,0,7.714285714285714,0.0
1,3532,4,False,0,2025-02-24,2,0.0,0.01,0.02,0,24,0,0,0,7.0,0.0
1,3535,4,False,0,2025-02-24,2,1.0,0.11,0.15,0,24,0,0,0,6.714285714285714,0.0
1,3607,4,False,0,2025-02-24,4,0.0,0.01,0.02,0,24,0,0,0,6.571428571428571,0.0
1,3646,4,False,0,2025-02-24,2,1.0,0.02,0.02,0,24,0,0,0,5.428571428571429,0.0
1,3865,4,False,0,2025-02-24,4,0.0,0.06,0.09,0,24,0,0,0,5.142857142857143,0.0
1,3960,4,False,0,2025-02-24,3,1.0,0.01,0.02,0,24,0,0,0,3.7142857142857144,0.0
1,4070,4,False,0,2025-02-24,22,1.0,0.04,0.06,0,24,0,0,0,3.0,0.0
1,4098,4,False,0,2025-02-24,5,0.0,0.01,0.02,0,24,0,0,0,5.571428571428571,0.0
1,4126,4,False,0,2025-02-24,2,0.0,0.05,0.06,0,24,0,0,0,6.0,0.0
1,4198,4,False,0,2025-02-24,8,0.0,0.05,0.07,0,24,0,0,0,6.0,0.0
1,4240,4,False,0,2025-02-24,5,0.0,0.01,0.02,0,24,0,0,0,6.571428571428571,0.0
1,4304,4,False,0,2025-02-24,4,0.0,0.02,0.03,0,24,0,0,0,7.0,0.0
1,4307,4,False,0,2025-02-24,4,0.0,0.02,0.03,0,24,0,0,0,7.0,0.0
1,4347,4,False,0,2025-02-24,0,0.0,0.03,0.05,0,24,0,0,0,7.142857142857143,0.0
1,4423,4,False,0,2025-02-24,9,1.0,0.04,0.07,0,24,0,0,0,4.0,0.0
1,4554,4,False,0,2025-02-24,2,1.0,0.0,0.01,0,24,0,0,0,4.571428571428571,0.0
1,4652,4,False,0,2025-02-24,6,0.0,0.02,0.02,0,24,0,0,0,4.571428571428571,0.0
1,4653,4,False,0,2025-02-24,3,1.0,0.0,0.01,0,24,0,0,0,4.285714285714286,0.0
1,4659,4,False,0,2025-02-24,3,1.0,0.05,0.1,0,24,0,0,0,4.0,0.0
1,4690,4,False,0,2025-02-24,4,0.0,0.02,0.03,0,24,0,0,0,3.857142857142857,0.0
1,4723,4,False,0,2025-02-24,4,0.0,0.02,0.03,0,24,0,0,0,3.857142857142857,0.0
1,4760,4,False,0,2025-02-24,4,0.0,0.02,0.03,0,24,0,0,0,4.428571428571429,0.0
1,4822,4,False,0,2025-02-24,3,0.0,0.02,0.04,0,24,0,0,0,3.7142857142857144,0.0
1,4871,4,False,0,2025-02-24,6,1.0,0.03,0.05,0,24,0,0,0,3.857142857142857,0.0
1,4972,4,False,0,2025-02-24,3,0.0,0.02,0.03,0,24,0,0,0,3.857142857142857,0.0
1,5016,4,False,0,2025-02-24,5,0.0,0.05,0.07,0,24,0,0,0,3.857142857142857,0.0
1,5039,4,False,0,2025-02-24,3,0.0,0.03,0.06,0,24,0,0,0,4.142857142857143,0.0
1,5184,4,False,0,2025-02-24,2,0.0,0.01,0.01,0,24,0,0,0,4.0,0.0
1,5250,4,False,0,2025-02-24,62,0.0,0.0,0.01,0,24,0,0,0,3.7142857142857144,0.0
1,492,5,True,0,2025-02-24,17,2.0,0.01,0.03,0,24,0,0,0,12.0,0.0
1,663,5,True,0,2025-02-24,111,7.0,0.01,0.01,0,24,0,0,0,14.0,3.7675046140221666
1,1950,5,True,0,2025-02-24,57,2.0,0.03,0.05,0,24,0,0,0,29.0,0.0
1,2743,5,True,0,2025-02-24,39,1.0,0.02,0.06,0,24,0,0,0,36.714285714285715,1.9729503904125378
1,3550,5,True,0,2025-02-24,39,4.0,0.0,0.01,0,24,0,0,0,41.57142857142857,2.3815774915729637
1,4090,5,True,0,2025-02-24,86,3.0,0.02,0.05,0,24,0,0,0,46.714285714285715,2.8288542948337336
1,4132,5,True,0,2025-02-24,63,1.0,0.01,0.01,0,24,0,0,0,58.714285714285715,4.948601264904243
1,4344,5,True,0,2025-02-24,36,1.0,0.02,0.03,0,24,0,0,0,58.857142857142854,2.2655485978706205
1,243,6,False,0,2025-02-24,2,0.0,0.2,0.26,0,24,0,0,0,61.57142857142857,0.0
1,1668,6,False,0,2025-02-24,2,0.0,0.1,0.16,0,24,0,0,0,46.0,0.0
1,1684,6,False,0,2025-02-24,6,1.0,0.03,0.05,0,24,0,0,0,38.142857142857146,0.0
1,2078,6,False,0,2025-02-24,4,1.0,0.16,0.21,0,24,0,0,0,33.42857142857143,0.0
1,2508,6,False,0,2025-02-24,0,0.0,0.11,0.13,0,24,0,0,0,28.428571428571427,0.0
1,2544,6,False,0,2025-02-24,2,0.0,0.27,0.35,0,24,0,0,0,16.142857142857142,0.0
1,3024,6,False,0,2025-02-24,4,1.0,0.22,0.31,0,24,0,0,0,7.428571428571429,0.0
1,3959,6,False,0,2025-02-24,4,0.0,0.17,0.24,0,24,0,0,0,2.857142857142857,0.0
1,3978,6,False,0,2025-02-24,1,0.0,0.07,0.1,0,24,0,0,0,3.142857142857143,0.0
1,4165,6,False,0,2025-02-24,2,0.0,0.09,0.15,0,24,0,0,0,3.0,0.0
1,4329,6,False,0,2025-02-24,1,0.0,0.09,0.14,0,24,0,0,0,2.4285714285714284,0.0
1,4787,6,False,0,2025-02-24,2,0.0,0.08,0.12,0,24,0,0,0,2.0,0.0
1,4854,6,False,0,2025-02-24,9,2.0,0.07,0.09,0,24,0,0,0,2.2857142857142856,0.0
1,4904,6,False,0,2025-02-24,3,0.0,0.16,0.21,0,24,0,0,0,3.2857142857142856,0.0
1,2554,7,False,0,2025-02-24,86,17.0,0.0,0.01,0,24,0,0,0,3.142857142857143,7.334437900607262
1,2867,7,False,0,2025-02-24,142,13.0,0.01,0.02,0,24,0,0,0,14.857142857142858,0.0
1,3133,7,False,0,2025-02-24,106,8.0,0.0,0.01,0,24,0,0,0,35.0,4.478423007813556
1,1,8,False,0,2025-02-24,60,5.0,0.0,0.0,0,24,0,0,0,49.857142857142854,0.0
1,65,8,False,0,2025-02-24,29,0.0,0.0,0.01,0,24,0,0,0,58.285714285714285,0.0
1,206,8,False,0,2025-02-24,38,0.0,0.0,0.0,0,24,0,0,0,62.142857142857146,4.918245751663848
1,435,8,False,0,2025-02-24,51,3.0,0.01,0.02,0,24,0,0,0,66.28571428571429,2.2797147690936046
1,512,8,False,0,2025-02-24,22,0.0,0.0,0.01,0,24,0,0,0,73.14285714285714,0.0
1,579,8,False,0,2025-02-24,23,0.0,0.01,0.02,0,24,0,0,0,64.0,1.722077909379763
1,1375,8,False,0,2025-02-24,18,1.0,0.0,0.01,0,24,0,0,0,47.0,2.6768167284510778
1,1954,8,False,0,2025-02-24,16,0.0,0.0,0.0,0,24,0,0,0,34.42857142857143,0.0
1,3322,8,False,0,2025-02-24,29,1.0,0.0,0.01,0,24,0,0,0,28.142857142857142,0.0
1,4435,8,False,0,2025-02-24,24,0.0,0.02,0.03,0,24,0,0,0,28.142857142857142,0.0
1,5257,8,False,0,2025-02-24,41,1.0,0.0,0.01,0,24,0,0,0,26.142857142857142,0.0
1,110,9,True,0,2025-02-24,19,2.0,0.01,0.01,0,24,0,0,0,24.714285714285715,0.0
1,309,9,True,0,2025-02-24,25,6.0,0.01,0.03,0,24,0,0,0,24.285714285714285,0.0
1,404,9,True,0,2025-02-24,21,0.0,0.01,0.05,0,24,0,0,0,24.571428571428573,0.0
1,1270,9,True,0,2025-02-24,58,4.0,0.03,0.06,0,24,0,0,0,25.0,3.512451054082151
1,1553,9,True,0,2025-02-24,460,22.0,0.01,0.01,0,24,0,0,0,31.0,0.0
1,1749,9,True,0,2025-02-24,30,0.0,0.01,0.03,0,24,0,0,0,92.57142857142857,2.4875342037762924
1,1875,9,True,0,2025-02-24,31,4.0,0.02,0.09,0,24,0,0,0,93.42857142857143,0.0
1,2194,9,True,0,2025-02-24,57,1.0,0.0,0.03,0,24,0,0,0,92.0,0.0
1,2269,9,True,0,2025-02-24,69,8.0,0.01,0.03,0,24,0,0,0,97.42857142857143,3.420036401218034
1,2829,9,True,0,2025-02-24,38,1.0,0.02,0.03,0,24,0,0,0,103.71428571428571,2.7499246205960772
1,2927,9,True,0,2025-02-24,2,0.0,0.02,0.05,0,24,0,0,0,106.14285714285714,1.814960109194046
1,3458,9,True,0,2025-02-24,65,5.0,0.0,0.02,0,24,0,0,0,98.14285714285714,0.0
1,3972,9,True,0,2025-02-24,19,10.0,0.01,0.02,0,24,0,0,0,41.714285714285715,0.0
1,3997,9,True,0,2025-02-24,11,0.0,0.03,0.1,0,24,0,0,0,40.142857142857146,0.0
1,4125,9,True,0,2025-02-24,55,1.0,0.0,0.01,0,24,0,0,0,37.285714285714285,4.284655666290089
1,4201,9,True,0,2025-02-24,43,0.0,0.01,0.06,0,24,0,0,0,37.0,0.0
1,4378,9,True,0,2025-02-24,44,4.0,0.02,0.03,0,24,0,0,0,33.285714285714285,0.0
1,4706,9,True,0,2025-02-24,23,0.0,0.02,0.07,0,24,0,0,0,34.142857142857146,0.0
1,4836,9,True,0,2025-02-24,53,1.0,0.01,0.03,0,24,0,0,0,37.142857142857146,0.0
1,4884,9,True,0,2025-02-24,14,0.0,0.0,0.02,0,24,0,0,0,35.42857142857143,0.0
1,4975,9,True,0,2025-02-24,20,0.0,0.01,0.02,0,24,0,0,0,34.714285714285715,0.0
1,5107,9,True,0,2025-02-24,74,6.0,0.01,0.02,0,24,0,0,0,36.0,3.2619583109310475
1,513,10,False,0,2025-02-24,30,0.0,0.03,0.06,0,24,0,0,0,38.714285714285715,3.7140632409036334
1,1564,10,False,0,2025-02-24,18,4.0,0.02,0.08,0,24,0,0,0,36.857142857142854,0.0
1,2480,10,False,0,2025-02-24,47,0.0,0.01,0.02,0,24,0,0,0,33.142857142857146,0.0
1,3576,10,False,0,2025-02-24,24,1.0,0.02,0.04,0,24,0,0,0,36.57142857142857,0.0
1,2502,11,False,0,2025-02-24,59,1.0,0.23,0.22,0,24,0,0,0,32.42857142857143,1.5576032415771217
1,3113,11,False,0,2025-02-24,10,4.0,0.23,0.22,0,24,0,0,0,38.857142857142854,0.0
1,3928,11,False,0,2025-02-24,10,2.0,0.05,0.07,0,24,0,0,0,37.42857142857143,0.0
1,909,1,False,0,2025-02-28,5,0.0,0.11,0.13,4,28,0,0,1,28.285714285714285,0.0
1,1995,1,False,0,2025-02-28,16,2.0,0.1,0.12,4,28,0,0,1,24.714285714285715,0.0
1,3901,1,False,0,2025-02-28,19,1.0,0.11,0.13,4,28,0,0,1,24.428571428571427,0.0
1,4584,1,False,0,2025-02-28,10,0.0,0.11,0.11,4,28,0,0,1,20.428571428571427,0.0
1,123,3,True,0,2025-02-28,17,2.0,0.04,0.06,4,28,0,0,1,18.428571428571427,1.8845604820613544
1,312,3,True,0,2025-02-28,10,0.0,0.05,0.09,4,28,0,0,1,12.428571428571429,0.0
1,842,3,True,0,2025-02-28,64,4.0,0.01,0.01,4,28,0,0,1,12.428571428571429,5.39952699480931
1,1855,3,True,0,2025-02-28,122,0.0,0.01,0.01,4,28,0,0,1,20.142857142857142,4.0871213599505
1,1933,3,True,0,2025-02-28,197,10.0,0.02,0.02,4,28,0,0,1,36.857142857142854,6.496768971856804
1,2198,3,True,0,2025-02-28,17,3.0,0.01,0.04,4,28,0,0,1,62.714285714285715,0.0
1,2308,3,True,0,2025-02-28,275,13.0,0.01,0.01,4,28,0,0,1,62.42857142857143,4.786625166586317
1,2767,3,True,0,2025-02-28,72,6.0,0.01,0.02,4,28,0,0,1,100.28571428571429,2.269113777092582
1,3158,3,True,0,2025-02-28,42,5.0,0.04,0.06,4,28,0,0,1,108.14285714285714,2.2381146963086844
1,4032,3,True,0,2025-02-28,66,1.0,0.04,0.05,4,28,0,0,1,112.71428571428571,3.083389962360947
1,5034,3,True,0,2025-02-28,107,4.0,0.01,0.01,4,28,0,0,1,113.0,3.419187525939768
1,5195,3,True,0,2025-02-28,31,4.0,0.0,0.01,4,28,0,0,1,110.85714285714286,0.0
1,25,4,False,0,2025-02-28,12,0.0,0.02,0.04,4,28,0,0,1,87.14285714285714,0.0
1,52,4,False,0,2025-02-28,8,0.0,0.12,0.17,4,28,0,0,1,86.42857142857143,0.0
1,57,4,False,0,2025-02-28,9,1.0,0.06,0.08,4,28,0,0,1,48.285714285714285,0.0
1,60,4,False,0,2025-02-28,3,0.0,0.02,0.03,4,28,0,0,1,39.285714285714285,0.0
1,72,4,False,0,2025-02-28,5,0.0,0.03,0.04,4,28,0,0,1,33.714285714285715,0.0
1,96,4,False,0,2025-02-28,2,1.0,0.03,0.05,4,28,0,0,1,25.0,0.0
1,268,4,False,0,2025-02-28,7,0.0,0.03,0.05,4,28,0,0,1,10.0,0.0
1,301,4,False,0,2025-02-28,11,0.0,0.03,0.05,4,28,0,0,1,6.571428571428571,0.0
1,313,4,False,0,2025-02-28,12,0.0,0.04,0.05,4,28,0,0,1,6.428571428571429,0.0
1,340,4,False,0,2025-02-28,6,0.0,0.04,0.06,4,28,0,0,1,7.0,0.0
1,349,4,False,0,2025-02-28,4,1.0,0.08,0.1,4,28,0,0,1,6.571428571428571,0.0
1,511,4,False,0,2025-02-28,9,1.0,0.06,0.08,4,28,0,0,1,6.714285714285714,0.0
1,537,4,False,0,2025-02-28,6,0.0,0.04,0.06,4,28,0,0,1,7.285714285714286,0.0
1,577,4,False,0,2025-02-28,7,0.0,0.02,0.03,4,28,0,0,1,7.857142857142857,0.0
1,662,4,False,0,2025-02-28,6,0.0,0.01,0.02,4,28,0,0,1,7.857142857142857,0.0
1,691,4,False,0,2025-02-28,5,0.0,0.05,0.07,4,28,0,0,1,7.142857142857143,0.0
1,751,4,False,0,2025-02-28,12,0.0,0.0,0.01,4,28,0,0,1,6.142857142857143,0.0
1,777,4,False,0,2025-02-28,12,0.0,0.01,0.01,4,28,0,0,1,7.0,0.0
1,797,4,False,0,2025-02-28,8,0.0,0.05,0.07,4,28,0,0,1,8.142857142857142,0.0
1,839,4,False,0,2025-02-28,10,0.0,0.03,0.04,4,28,0,0,1,8.0,0.0
1,1034,4,False,0,2025-02-28,4,1.0,0.12,0.14,4,28,0,0,1,8.571428571428571,0.0
1,1053,4,False,0,2025-02-28,8,1.0,0.02,0.03,4,28,0,0,1,8.142857142857142,0.0
1,1058,4,False,0,2025-02-28,4,0.0,0.03,0.05,4,28,0,0,1,8.428571428571429,0.0
1,1072,4,False,0,2025-02-28,24,0.0,0.0,0.01,4,28,0,0,1,8.285714285714286,0.0
1,1082,4,False,0,2025-02-28,14,0.0,0.07,0.12,4,28,0,0,1,10.0,0.0
1,1096,4,False,0,2025-02-28,7,0.0,0.03,0.05,4,28,0,0,1,10.285714285714286,0.0
1,1127,4,False,0,2025-02-28,4,1.0,0.03,0.04,4,28,0,0,1,10.142857142857142,0.0
1,1174,4,False,0,2025-02-28,4,0.0,0.01,0.02,4,28,0,0,1,9.285714285714286,0.0
1,1221,4,False,0,2025-02-28,6,1.0,0.04,0.06,4,28,0,0,1,9.285714285714286,0.0
1,1299,4,False,0,2025-02-28,11,0.0,0.01,0.02,4,28,0,0,1,9.0,0.0
1,1300,4,False,0,2025-02-28,26,0.0,0.01,0.01,4,28,0,0,1,10.0,1.3092609381163163
1,1311,4,False,0,2025-02-28,7,0.0,0.02,0.03,4,28,0,0,1,10.285714285714286,0.0
1,1392,4,False,0,2025-02-28,5,0.0,0.05,0.07,4,28,0,0,1,9.285714285714286,0.0
1,1424,4,False,0,2025-02-28,5,0.0,0.01,0.03,4,28,0,0,1,9.0,0.0
1,1494,4,False,0,2025-02-28,3,1.0,0.02,0.04,4,28,0,0,1,9.142857142857142,0.0
1,1547,4,False,0,2025-02-28,3,0.0,0.05,0.07,4,28,0,0,1,9.0,0.0
1,1548,4,False,0,2025-02-28,12,0.0,0.03,0.04,4,28,0,0,1,8.571428571428571,0.0
1,1657,4,False,0,2025-02-28,14,5.0,0.01,0.02,4,28,0,0,1,8.714285714285714,0.0
1,1659,4,False,0,2025-02-28,6,0.0,0.04,0.06,4,28,0,0,1,7.0,0.0
1,1665,4,False,0,2025-02-28,4,0.0,0.04,0.06,4,28,0,0,1,6.857142857142857,0.0
1,1685,4,False,0,2025-02-28,6,0.0,0.02,0.02,4,28,0,0,1,6.714285714285714,0.0
1,1703,4,False,0,2025-02-28,7,0.0,0.02,0.03,4,28,0,0,1,6.857142857142857,0.0
1,1880,4,False,0,2025-02-28,2,2.0,0.01,0.02,4,28,0,0,1,7.428571428571429,0.0
1,1904,4,False,0,2025-02-28,3,0.0,0.02,0.04,4,28,0,0,1,7.285714285714286,0.0
1,1939,4,False,0,2025-02-28,4,0.0,0.01,0.01,4,28,0,0,1,6.0,0.0
1,1960,4,False,0,2025-02-28,4,0.0,0.03,0.04,4,28,0,0,1,4.571428571428571,0.0
1,2016,4,False,0,2025-02-28,4,0.0,0.03,0.04,4,28,0,0,1,4.285714285714286,0.0
1,2052,4,False,0,2025-02-28,0,3.0,0.02,0.03,4,28,0,0,1,4.285714285714286,0.0
1,2116,4,False,0,2025-02-28,4,0.0,0.03,0.05,4,28,0,0,1,3.4285714285714284,0.0
1,2125,4,False,0,2025-02-28,4,0.0,0.08,0.1,4,28,0,0,1,3.0,0.0
1,2156,4,False,0,2025-02-28,8,2.0,0.04,0.05,4,28,0,0,1,3.2857142857142856,0.0
1,2212,4,False,0,2025-02-28,12,0.0,0.03,0.05,4,28,0,0,1,4.0,0.0
1,2326,4,False,0,2025-02-28,6,0.0,0.04,0.06,4,28,0,0,1,5.142857142857143,0.0
1,2343,4,False,0,2025-02-28,4,0.0,0.01,0.02,4,28,0,0,1,5.428571428571429,0.0
1,2415,4,False,0,2025-02-28,14,0.0,0.01,0.01,4,28,0,0,1,5.428571428571429,0.0
1,2454,4,False,0,2025-02-28,2,0.0,0.01,0.02,4,28,0,0,1,7.428571428571429,0.0
1,2461,4,False,0,2025-02-28,5,0.0,0.01,0.01,4,28,0,0,1,7.142857142857143,0.0
1,2492,4,False,0,2025-02-28,3,1.0,0.02,0.03,4,28,0,0,1,7.285714285714286,0.0
1,2632,4,False,0,2025-02-28,12,0.0,0.06,0.06,4,28,0,0,1,6.571428571428571,0.0
1,2691,4,False,0,2025-02-28,2,1.0,0.05,0.06,4,28,0,0,1,6.571428571428571,0.0
1,2730,4,False,0,2025-02-28,0,0.0,0.02,0.04,4,28,0,0,1,6.0,0.0
1,2754,4,False,0,2025-02-28,8,0.0,0.02,0.04,4,28,0,0,1,5.428571428571429,0.0
1,2824,4,False,0,2025-02-28,5,0.0,0.03,0.04,4,28,0,0,1,4.571428571428571,0.0
1,2835,4,False,0,2025-02-28,9,1.0,0.01,0.03,4,28,0,0,1,5.0,0.0
1,2842,4,False,0,2025-02-28,4,0.0,0.03,0.04,4,28,0,0,1,5.571428571428571,0.0
1,2847,4,False,0,2025-02-28,8,1.0,0.04,0.05,4,28,0,0,1,5.714285714285714,0.0
1,2885,4,False,0,2025-02-28,4,0.0,0.04,0.07,4,28,0,0,1,5.142857142857143,0.0
1,2950,4,False,0,2025-02-28,5,0.0,0.01,0.02,4,28,0,0,1,5.428571428571429,0.0
1,2977,4,False,0,2025-02-28,4,0.0,0.04,0.07,4,28,0,0,1,6.142857142857143,0.0
1,3089,4,False,0,2025-02-28,3,0.0,0.06,0.07,4,28,0,0,1,5.571428571428571,0.0
1,3143,4,False,0,2025-02-28,1,0.0,0.03,0.03,4,28,0,0,1,5.285714285714286,0.0
1,3148,4,False,0,2025-02-28,5,0.0,0.03,0.04,4,28,0,0,1,4.142857142857143,0.0
1,3153,4,False,0,2025-02-28,4,0.0,0.06,0.08,4,28,0,0,1,4.285714285714286,0.0
1,3223,4,False,0,2025-02-28,11,2.0,0.03,0.05,4,28,0,0,1,3.7142857142857144,0.0
1,3334,4,False,0,2025-02-28,15,1.0,0.02,0.03,4,28,0,0,1,4.714285714285714,0.0
1,3335,4,False,0,2025-02-28,2,2.0,0.12,0.16,4,28,0,0,1,6.142857142857143,0.0
1,3382,4,False,0,2025-02-28,10,0.0,0.03,0.05,4,28,0,0,1,5.857142857142857,0.0
1,3419,4,False,0,2025-02-28,12,0.0,0.03,0.04,4,28,0,0,1,6.857142857142857,0.0
1,3447,4,False,0,2025-02-28,4,0.0,0.01,0.02,4,28,0,0,1,8.428571428571429,0.0
1,3448,4,False,0,2025-02-28,14,0.0,0.04,0.06,4,28,0,0,1,8.285714285714286,0.0
1,3479,4,False,0,2025-02-28,11,0.0,0.04,0.06,4,28,0,0,1,9.714285714285714,0.0
1,3529,4,False,0,2025-02-28,4,0.0,0.02,0.03,4,28,0,0,1,9.714285714285714,0.0
1,3532,4,False,0,2025-02-28,2,0.0,0.01,0.02,4,28,0,0,1,8.142857142857142,0.0
1,3535,4,False,0,2025-02-28,4,0.0,0.11,0.15,4,28,0,0,1,8.142857142857142,0.0
1,3607,4,False,0,2025-02-28,4,0.0,0.01,0.02,4,28,0,0,1,7.285714285714286,0.0
1,3646,4,False,0,2025-02-28,2,2.0,0.02,0.02,4,28,0,0,1,6.142857142857143,0.0
1,3865,4,False,0,2025-02-28,3,1.0,0.06,0.09,4,28,0,0,1,5.857142857142857,0.0
1,3960,4,False,0,2025-02-28,4,0.0,0.01,0.02,4,28,0,0,1,4.285714285714286,0.0
1,4070,4,False,0,2025-02-28,22,2.0,0.04,0.05,4,28,0,0,1,3.2857142857142856,0.0
1,4098,4,False,0,2025-02-28,3,2.0,0.01,0.02,4,28,0,0,1,5.857142857142857,0.0
1,4126,4,False,0,2025-02-28,6,0.0,0.05,0.06,4,28,0,0,1,6.0,0.0
1,4198,4,False,0,2025-02-28,12,0.0,0.05,0.07,4,28,0,0,1,6.285714285714286,0.0
1,4240,4,False,0,2025-02-28,5,0.0,0.01,0.02,4,28,0,0,1,7.428571428571429,0.0
1,4304,4,False,0,2025-02-28,4,0.0,0.02,0.03,4,28,0,0,1,7.857142857142857,0.0
1,4307,4,False,0,2025-02-28,3,0.0,0.02,0.03,4,28,0,0,1,8.0,0.0
1,4347,4,False,0,2025-02-28,7,1.0,0.03,0.04,4,28,0,0,1,7.857142857142857,0.0
1,4423,4,False,0,2025-02-28,15,0.0,0.04,0.07,4,28,0,0,1,5.714285714285714,0.0
1,4554,4,False,0,2025-02-28,6,0.0,0.0,0.01,4,28,0,0,1,7.428571428571429,0.0
1,4652,4,False,0,2025-02-28,5,3.0,0.02,0.02,4,28,0,0,1,7.428571428571429,0.0
1,4653,4,False,0,2025-02-28,6,0.0,0.0,0.01,4,28,0,0,1,6.428571428571429,0.0
1,4659,4,False,0,2025-02-28,4,0.0,0.05,0.1,4,28,0,0,1,6.571428571428571,0.0
1,4690,4,False,0,2025-02-28,4,0.0,0.02,0.03,4,28,0,0,1,6.571428571428571,0.0
1,4723,4,False,0,2025-02-28,4,0.0,0.02,0.03,4,28,0,0,1,6.714285714285714,0.0
1,4760,4,False,0,2025-02-28,4,0.0,0.02,0.03,4,28,0,0,1,6.285714285714286,0.0
1,4822,4,False,0,2025-02-28,5,0.0,0.02,0.04,4,28,0,0,1,4.714285714285714,0.0
1,4871,4,False,0,2025-02-28,6,0.0,0.03,0.05,4,28,0,0,1,4.571428571428571,0.0
1,4972,4,False,0,2025-02-28,3,0.0,0.02,0.03,4,28,0,0,1,4.714285714285714,0.0
1,5016,4,False,0,2025-02-28,6,0.0,0.05,0.07,4,28,0,0,1,4.285714285714286,0.0
1,5039,4,False,0,2025-02-28,3,1.0,0.03,0.06,4,28,0,0,1,4.571428571428571,0.0
1,5184,4,False,0,2025-02-28,2,0.0,0.01,0.01,4,28,0,0,1,4.428571428571429,0.0
1,5250,4,False,0,2025-02-28,62,0.0,0.0,0.01,4,28,0,0,1,4.142857142857143,0.0
1,492,5,True,0,2025-02-28,21,0.0,0.01,0.04,4,28,0,0,1,12.428571428571429,0.0
1,663,5,True,0,2025-02-28,137,7.0,0.01,0.01,4,28,0,0,1,14.714285714285714,4.309445529439424
1,1950,5,True,0,2025-02-28,53,1.0,0.03,0.05,4,28,0,0,1,33.42857142857143,1.897729745759896
1,2743,5,True,0,2025-02-28,41,1.0,0.02,0.06,4,28,0,0,1,40.57142857142857,2.014669633442525
1,3550,5,True,0,2025-02-28,90,1.0,0.0,0.01,4,28,0,0,1,45.57142857142857,2.4559134088182066
1,4090,5,True,0,2025-02-28,95,4.0,0.02,0.04,4,28,0,0,1,58.0,3.3323717879590222
1,4132,5,True,0,2025-02-28,58,3.0,0.01,0.01,4,28,0,0,1,71.28571428571429,5.545505370846996
1,4344,5,True,0,2025-02-28,48,0.0,0.02,0.03,4,28,0,0,1,70.71428571428571,2.266771448607849
1,243,6,False,0,2025-02-28,2,0.0,0.2,0.26,4,28,0,0,1,74.57142857142857,0.0
1,1668,6,False,0,2025-02-28,0,0.0,0.1,0.15,4,28,0,0,1,55.285714285714285,0.0
1,1684,6,False,0,2025-02-28,8,0.0,0.03,0.05,4,28,0,0,1,47.714285714285715,0.0
1,2078,6,False,0,2025-02-28,9,0.0,0.16,0.2,4,28,0,0,1,43.0,0.0
1,2508,6,False,0,2025-02-28,3,0.0,0.11,0.13,4,28,0,0,1,31.428571428571427,0.0
1,2544,6,False,0,2025-02-28,2,0.0,0.27,0.35,4,28,0,0,1,18.285714285714285,0.0
1,3024,6,False,0,2025-02-28,4,0.0,0.22,0.31,4,28,0,0,1,10.285714285714286,0.0
1,3959,6,False,0,2025-02-28,2,0.0,0.18,0.22,4,28,0,0,1,4.0,0.0
1,3978,6,False,0,2025-02-28,1,0.0,0.07,0.1,4,28,0,0,1,4.0,0.0
1,4165,6,False,0,2025-02-28,2,0.0,0.09,0.15,4,28,0,0,1,4.142857142857143,0.0
1,4329,6,False,0,2025-02-28,0,0.0,0.09,0.14,4,28,0,0,1,3.2857142857142856,0.0
1,4787,6,False,0,2025-02-28,6,0.0,0.08,0.11,4,28,0,0,1,2.0,0.0
1,4854,6,False,0,2025-02-28,11,1.0,0.07,0.09,4,28,0,0,1,2.4285714285714284,0.0
1,4904,6,False,0,2025-02-28,3,0.0,0.16,0.21,4,28,0,0,1,3.7142857142857144,0.0
1,2554,7,False,0,2025-02-28,79,3.0,0.0,0.01,4,28,0,0,1,3.5714285714285716,7.478055610870755
1,2867,7,False,0,2025-02-28,166,3.0,0.01,0.02,4,28,0,0,1,14.571428571428571,6.756151809309033
1,3133,7,False,0,2025-02-28,174,15.0,0.0,0.01,4,28,0,0,1,38.142857142857146,4.35211093006034
1,1,8,False,0,2025-02-28,53,1.0,0.0,0.01,4,28,0,0,1,62.714285714285715,0.0
1,65,8,False,0,2025-02-28,23,0.0,0.0,0.01,4,28,0,0,1,70.28571428571429,0.0
1,206,8,False,0,2025-02-28,69,0.0,0.0,0.0,4,28,0,0,1,72.71428571428571,4.429237972867664
1,435,8,False,0,2025-02-28,39,2.0,0.01,0.02,4,28,0,0,1,81.0,2.27387538362292
1,512,8,False,0,2025-02-28,21,0.0,0.0,0.01,4,28,0,0,1,86.14285714285714,0.0
1,579,8,False,0,2025-02-28,26,3.0,0.01,0.02,4,28,0,0,1,77.85714285714286,1.7395922165220716
1,1375,8,False,0,2025-02-28,13,1.0,0.0,0.01,4,28,0,0,1,57.857142857142854,2.766564398741939
1,1954,8,False,0,2025-02-28,16,0.0,0.0,0.0,4,28,0,0,1,34.857142857142854,0.0
1,3322,8,False,0,2025-02-28,34,5.0,0.0,0.01,4,28,0,0,1,29.571428571428573,0.0
1,4435,8,False,0,2025-02-28,21,2.0,0.02,0.03,4,28,0,0,1,31.142857142857142,0.0
1,5257,8,False,0,2025-02-28,31,1.0,0.0,0.01,4,28,0,0,1,24.285714285714285,0.0
1,110,9,True,0,2025-02-28,28,2.0,0.01,0.02,4,28,0,0,1,23.142857142857142,0.0
1,309,9,True,0,2025-02-28,43,1.0,0.01,0.02,4,28,0,0,1,24.142857142857142,3.4900814882979136
1,404,9,True,0,2025-02-28,21,1.0,0.01,0.07,4,28,0,0,1,26.571428571428573,0.0
1,1270,9,True,0,2025-02-28,61,1.0,0.03,0.06,4,28,0,0,1,27.714285714285715,3.5154711407491095
1,1553,9,True,0,2025-02-28,570,38.0,0.01,0.01,4,28,0,0,1,34.142857142857146,5.259391003229182
1,1749,9,True,0,2025-02-28,30,2.0,0.01,0.01,4,28,0,0,1,110.71428571428571,2.523037157442085
1,1875,9,True,0,2025-02-28,27,0.0,0.02,0.06,4,28,0,0,1,112.0,0.0
1,2194,9,True,0,2025-02-28,48,0.0,0.0,0.05,4,28,0,0,1,111.42857142857143,0.0
1,2269,9,True,0,2025-02-28,90,5.0,0.01,0.03,4,28,0,0,1,114.28571428571429,3.2183411785595712
1,2829,9,True,0,2025-02-28,45,1.0,0.02,0.02,4,28,0,0,1,121.0,2.704324921378665
1,2927,9,True,0,2025-02-28,8,3.0,0.02,0.05,4,28,0,0,1,124.42857142857143,1.7941096966180632
1,3458,9,True,0,2025-02-28,70,5.0,0.0,0.02,4,28,0,0,1,116.85714285714286,0.0
1,3972,9,True,0,2025-02-28,39,4.0,0.01,0.02,4,28,0,0,1,45.42857142857143,0.0
1,3997,9,True,0,2025-02-28,11,0.0,0.03,0.1,4,28,0,0,1,46.714285714285715,1.7563187811967902
1,4125,9,True,0,2025-02-28,90,4.0,0.0,0.01,4,28,0,0,1,44.42857142857143,4.387980581112404
1,4201,9,True,0,2025-02-28,47,12.0,0.01,0.08,4,28,0,0,1,50.42857142857143,4.031101991604677
1,4378,9,True,0,2025-02-28,59,5.0,0.02,0.03,4,28,0,0,1,44.285714285714285,2.3278988011877466
1,4706,9,True,0,2025-02-28,24,1.0,0.02,0.06,4,28,0,0,1,46.285714285714285,0.0
1,4836,9,True,0,2025-02-28,52,10.0,0.01,0.02,4,28,0,0,1,48.57142857142857,2.2267755190865275
1,4884,9,True,0,2025-02-28,10,0.0,0.0,0.02,4,28,0,0,1,46.0,0.0
1,4975,9,True,0,2025-02-28,20,4.0,0.01,0.02,4,28,0,0,1,41.857142857142854,2.3878650857509136
1,5107,9,True,0,2025-02-28,98,1.0,0.01,0.02,4,28,0,0,1,43.142857142857146,3.076317697144235
1,513,10,False,0,2025-02-28,35,0.0,0.03,0.09,4,28,0,0,1,44.285714285714285,1.6447548643002712
1,1564,10,False,0,2025-02-28,26,0.0,0.02,0.07,4,28,0,0,1,42.57142857142857,2.3537893167562802
1,2480,10,False,0,2025-02-28,46,1.0,0.01,0.02,4,28,0,0,1,37.857142857142854,0.0
1,3576,10,False,0,2025-02-28,29,1.0,0.02,0.04,4,28,0,0,1,41.0,0.0
1,2502,11,False,0,2025-02-28,55,5.0,0.23,0.2,4,28,0,0,1,37.714285714285715,1.8097512494207013
1,3113,11,False,0,2025-02-28,12,2.0,0.23,0.2,4,28,0,0,1,44.142857142857146,0.0
1,3928,11,False,0,2025-02-28,6,4.0,0.05,0.06,4,28,0,0,1,43.0,0.0
