loja_id,produto_id,categoria_id,is_medicamento,curva,data,estoque,venda,custo,preco,dia_semana_abrev,dia_do_mes,abreviacao_mes,fim_de_semana,inicio_fim_mes,media_leg7_estoque,pred_venda
5,909,1,False,0,2025-02-22,10,0.0,0.11,0.13,5,22,0,1,0,,1.153312426254218
5,1995,1,False,0,2025-02-22,17,0.0,0.1,0.11,5,22,0,1,0,10.0,1.9563778224636872
5,3901,1,False,0,2025-02-22,12,0.0,0.11,0.13,5,22,0,1,0,13.5,0.0
5,4584,1,False,0,2025-02-22,7,0.0,0.11,0.14,5,22,0,1,0,13.0,0.0
5,123,3,True,0,2025-02-22,58,3.0,0.04,0.05,5,22,0,1,0,11.5,4.744320808131853
5,312,3,True,0,2025-02-22,53,3.0,0.05,0.05,5,22,0,1,0,20.8,3.1860623319191856
5,842,3,True,0,2025-02-22,59,7.0,0.01,0.01,5,22,0,1,0,26.166666666666668,3.8399845332788494
5,1855,3,True,0,2025-02-22,240,0.0,0.01,0.01,5,22,0,1,0,30.857142857142858,3.3885029843916814
5,1933,3,True,0,2025-02-22,400,53.0,0.02,0.02,5,22,0,1,0,63.714285714285715,6.182603894143449
5,2198,3,True,0,2025-02-22,45,5.0,0.01,0.01,5,22,0,1,0,118.42857142857143,4.021079733890239
5,2308,3,True,0,2025-02-22,128,0.0,0.01,0.01,5,22,0,1,0,123.14285714285714,4.021079733890239
5,2767,3,True,0,2025-02-22,76,0.0,0.01,0.02,5,22,0,1,0,140.42857142857142,2.178055490075113
5,3158,3,True,0,2025-02-22,30,1.0,0.04,0.06,5,22,0,1,0,143.0,2.2016413899688816
5,4032,3,True,0,2025-02-22,27,2.0,0.04,0.05,5,22,0,1,0,139.71428571428572,2.9977176547468636
5,5034,3,True,0,2025-02-22,127,0.0,0.01,0.01,5,22,0,1,0,135.14285714285714,3.5190113926611306
5,5195,3,True,0,2025-02-22,61,0.0,0.0,0.01,5,22,0,1,0,119.0,0.0
5,25,4,False,0,2025-02-22,12,0.0,0.02,0.05,5,22,0,1,0,70.57142857142857,0.0
5,52,4,False,0,2025-02-22,5,0.0,0.12,0.17,5,22,0,1,0,65.85714285714286,0.0
5,57,4,False,0,2025-02-22,6,1.0,0.06,0.07,5,22,0,1,0,48.285714285714285,0.0
5,60,4,False,0,2025-02-22,0,0.0,0.02,0.03,5,22,0,1,0,38.285714285714285,0.0
5,72,4,False,0,2025-02-22,4,0.0,0.03,0.04,5,22,0,1,0,34.0,0.0
5,96,4,False,0,2025-02-22,4,0.0,0.03,0.04,5,22,0,1,0,30.714285714285715,0.0
5,268,4,False,0,2025-02-22,3,1.0,0.03,0.05,5,22,0,1,0,13.142857142857142,0.0
5,301,4,False,0,2025-02-22,3,0.0,0.03,0.05,5,22,0,1,0,4.857142857142857,0.0
5,313,4,False,0,2025-02-22,7,0.0,0.04,0.05,5,22,0,1,0,3.5714285714285716,0.0
5,340,4,False,0,2025-02-22,2,0.0,0.04,0.06,5,22,0,1,0,3.857142857142857,0.0
5,349,4,False,0,2025-02-22,2,0.0,0.08,0.1,5,22,0,1,0,3.2857142857142856,0.0
5,511,4,False,0,2025-02-22,5,0.0,0.06,0.08,5,22,0,1,0,3.5714285714285716,0.0
5,537,4,False,0,2025-02-22,4,0.0,0.04,0.06,5,22,0,1,0,3.7142857142857144,0.0
5,577,4,False,0,2025-02-22,3,0.0,0.02,0.03,5,22,0,1,0,3.7142857142857144,0.0
5,662,4,False,0,2025-02-22,6,0.0,0.01,0.02,5,22,0,1,0,3.7142857142857144,0.0
5,691,4,False,0,2025-02-22,6,0.0,0.05,0.07,5,22,0,1,0,4.142857142857143,0.0
5,751,4,False,0,2025-02-22,8,1.0,0.0,0.01,5,22,0,1,0,4.0,0.0
5,777,4,False,0,2025-02-22,98,1.0,0.01,0.01,5,22,0,1,0,4.857142857142857,0.0
5,797,4,False,0,2025-02-22,4,0.0,0.05,0.07,5,22,0,1,0,18.571428571428573,0.0
5,839,4,False,0,2025-02-22,2,0.0,0.03,0.05,5,22,0,1,0,18.428571428571427,0.0
5,1034,4,False,0,2025-02-22,4,1.0,0.12,0.16,5,22,0,1,0,18.142857142857142,0.0
5,1053,4,False,0,2025-02-22,2,2.0,0.02,0.03,5,22,0,1,0,18.285714285714285,0.0
5,1058,4,False,0,2025-02-22,3,1.0,0.03,0.05,5,22,0,1,0,17.714285714285715,0.0
5,1072,4,False,0,2025-02-22,24,0.0,0.0,0.01,5,22,0,1,0,17.285714285714285,0.0
5,1082,4,False,0,2025-02-22,5,0.0,0.07,0.12,5,22,0,1,0,19.571428571428573,0.0
5,1096,4,False,0,2025-02-22,3,0.0,0.03,0.05,5,22,0,1,0,6.285714285714286,0.0
5,1127,4,False,0,2025-02-22,4,0.0,0.03,0.04,5,22,0,1,0,6.142857142857143,0.0
5,1174,4,False,0,2025-02-22,3,0.0,0.01,0.02,5,22,0,1,0,6.428571428571429,0.0
5,1221,4,False,0,2025-02-22,2,0.0,0.04,0.05,5,22,0,1,0,6.285714285714286,0.0
5,1299,4,False,0,2025-02-22,3,1.0,0.01,0.02,5,22,0,1,0,6.285714285714286,0.0
5,1300,4,False,0,2025-02-22,5,1.0,0.01,0.01,5,22,0,1,0,6.285714285714286,0.0
5,1311,4,False,0,2025-02-22,3,1.0,0.02,0.03,5,22,0,1,0,3.5714285714285716,0.0
5,1392,4,False,0,2025-02-22,3,0.0,0.05,0.07,5,22,0,1,0,3.2857142857142856,0.0
5,1424,4,False,0,2025-02-22,4,0.0,0.01,0.03,5,22,0,1,0,3.2857142857142856,0.0
5,1494,4,False,0,2025-02-22,3,0.0,0.02,0.04,5,22,0,1,0,3.2857142857142856,0.0
5,1547,4,False,0,2025-02-22,2,0.0,0.05,0.07,5,22,0,1,0,3.2857142857142856,0.0
5,1548,4,False,0,2025-02-22,4,0.0,0.03,0.05,5,22,0,1,0,3.2857142857142856,0.0
5,1657,4,False,0,2025-02-22,7,0.0,0.01,0.02,5,22,0,1,0,3.4285714285714284,0.0
5,1659,4,False,0,2025-02-22,7,0.0,0.04,0.06,5,22,0,1,0,3.7142857142857144,0.0
5,1665,4,False,0,2025-02-22,1,0.0,0.04,0.06,5,22,0,1,0,4.285714285714286,0.0
5,1685,4,False,0,2025-02-22,4,0.0,0.02,0.02,5,22,0,1,0,4.0,0.0
5,1703,4,False,0,2025-02-22,5,0.0,0.02,0.03,5,22,0,1,0,4.0,0.0
5,1880,4,False,0,2025-02-22,4,0.0,0.01,0.02,5,22,0,1,0,4.285714285714286,0.0
5,1904,4,False,0,2025-02-22,2,0.0,0.02,0.04,5,22,0,1,0,4.571428571428571,0.0
5,1939,4,False,0,2025-02-22,6,1.0,0.01,0.02,5,22,0,1,0,4.285714285714286,0.0
5,1960,4,False,0,2025-02-22,4,0.0,0.03,0.04,5,22,0,1,0,4.142857142857143,0.0
5,2016,4,False,0,2025-02-22,4,0.0,0.03,0.04,5,22,0,1,0,3.7142857142857144,0.0
5,2052,4,False,0,2025-02-22,5,0.0,0.02,0.03,5,22,0,1,0,4.142857142857143,0.0
5,2116,4,False,0,2025-02-22,4,1.0,0.03,0.05,5,22,0,1,0,4.285714285714286,0.0
5,2125,4,False,0,2025-02-22,3,0.0,0.08,0.1,5,22,0,1,0,4.142857142857143,0.0
5,2156,4,False,0,2025-02-22,3,0.0,0.04,0.05,5,22,0,1,0,4.0,0.0
5,2212,4,False,0,2025-02-22,2,0.0,0.03,0.05,5,22,0,1,0,4.142857142857143,0.0
5,2326,4,False,0,2025-02-22,4,0.0,0.04,0.06,5,22,0,1,0,3.5714285714285716,0.0
5,2343,4,False,0,2025-02-22,3,0.0,0.01,0.02,5,22,0,1,0,3.5714285714285716,0.0
5,2415,4,False,0,2025-02-22,48,0.0,0.01,0.01,5,22,0,1,0,3.4285714285714284,0.0
5,2454,4,False,0,2025-02-22,6,0.0,0.01,0.02,5,22,0,1,0,9.571428571428571,0.0
5,2461,4,False,0,2025-02-22,7,1.0,0.01,0.01,5,22,0,1,0,9.857142857142858,0.0
5,2492,4,False,0,2025-02-22,3,0.0,0.02,0.03,5,22,0,1,0,10.428571428571429,0.0
5,2632,4,False,0,2025-02-22,5,0.0,0.06,0.06,5,22,0,1,0,10.428571428571429,0.0
5,2691,4,False,0,2025-02-22,3,0.0,0.05,0.06,5,22,0,1,0,10.857142857142858,0.0
5,2730,4,False,0,2025-02-22,7,2.0,0.02,0.04,5,22,0,1,0,10.714285714285714,0.0
5,2754,4,False,0,2025-02-22,16,1.0,0.02,0.04,5,22,0,1,0,11.285714285714286,1.9630186940979377
5,2824,4,False,0,2025-02-22,2,0.0,0.03,0.04,5,22,0,1,0,6.714285714285714,0.0
5,2835,4,False,0,2025-02-22,4,1.0,0.01,0.03,5,22,0,1,0,6.142857142857143,0.0
5,2842,4,False,0,2025-02-22,4,0.0,0.03,0.04,5,22,0,1,0,5.714285714285714,0.0
5,2847,4,False,0,2025-02-22,3,0.0,0.04,0.05,5,22,0,1,0,5.857142857142857,0.0
5,2885,4,False,0,2025-02-22,6,0.0,0.04,0.07,5,22,0,1,0,5.571428571428571,0.0
5,2950,4,False,0,2025-02-22,5,0.0,0.01,0.02,5,22,0,1,0,6.0,0.0
5,2977,4,False,0,2025-02-22,5,0.0,0.04,0.07,5,22,0,1,0,5.714285714285714,0.0
5,3089,4,False,0,2025-02-22,1,0.0,0.06,0.07,5,22,0,1,0,4.142857142857143,0.0
5,3143,4,False,0,2025-02-22,3,0.0,0.03,0.04,5,22,0,1,0,4.0,0.0
5,3148,4,False,0,2025-02-22,5,0.0,0.03,0.04,5,22,0,1,0,3.857142857142857,0.0
5,3153,4,False,0,2025-02-22,3,0.0,0.06,0.08,5,22,0,1,0,4.0,0.0
5,3223,4,False,0,2025-02-22,10,0.0,0.03,0.05,5,22,0,1,0,4.0,0.0
5,3334,4,False,0,2025-02-22,5,2.0,0.02,0.03,5,22,0,1,0,4.571428571428571,0.0
5,3335,4,False,0,2025-02-22,7,0.0,0.12,0.16,5,22,0,1,0,4.571428571428571,0.0
5,3382,4,False,0,2025-02-22,5,0.0,0.03,0.05,5,22,0,1,0,4.857142857142857,0.0
5,3419,4,False,0,2025-02-22,1,0.0,0.03,0.05,5,22,0,1,0,5.428571428571429,0.0
5,3447,4,False,0,2025-02-22,4,0.0,0.01,0.02,5,22,0,1,0,5.142857142857143,0.0
5,3448,4,False,0,2025-02-22,5,0.0,0.04,0.06,5,22,0,1,0,5.0,0.0
5,3479,4,False,0,2025-02-22,6,0.0,0.04,0.07,5,22,0,1,0,5.285714285714286,0.0
5,3529,4,False,0,2025-02-22,1,2.0,0.02,0.03,5,22,0,1,0,4.714285714285714,0.0
5,3532,4,False,0,2025-02-22,0,0.0,0.01,0.02,5,22,0,1,0,4.142857142857143,0.0
5,3535,4,False,0,2025-02-22,4,0.0,0.11,0.15,5,22,0,1,0,3.142857142857143,0.0
5,3607,4,False,0,2025-02-22,3,0.0,0.01,0.02,5,22,0,1,0,3.0,0.0
5,3646,4,False,0,2025-02-22,4,0.0,0.02,0.02,5,22,0,1,0,3.2857142857142856,0.0
5,3865,4,False,0,2025-02-22,4,0.0,0.06,0.09,5,22,0,1,0,3.2857142857142856,0.0
5,3960,4,False,0,2025-02-22,5,0.0,0.01,0.02,5,22,0,1,0,3.142857142857143,0.0
5,4070,4,False,0,2025-02-22,7,0.0,0.04,0.06,5,22,0,1,0,3.0,0.0
5,4098,4,False,0,2025-02-22,4,0.0,0.01,0.02,5,22,0,1,0,3.857142857142857,0.0
5,4126,4,False,0,2025-02-22,3,0.0,0.05,0.06,5,22,0,1,0,4.428571428571429,0.0
5,4198,4,False,0,2025-02-22,2,0.0,0.05,0.07,5,22,0,1,0,4.285714285714286,0.0
5,4240,4,False,0,2025-02-22,1,0.0,0.01,0.02,5,22,0,1,0,4.142857142857143,0.0
5,4304,4,False,0,2025-02-22,4,0.0,0.02,0.03,5,22,0,1,0,3.7142857142857144,0.0
5,4307,4,False,0,2025-02-22,0,2.0,0.02,0.03,5,22,0,1,0,3.7142857142857144,0.0
5,4347,4,False,0,2025-02-22,6,0.0,0.03,0.05,5,22,0,1,0,3.0,0.0
5,4423,4,False,0,2025-02-22,1,0.0,0.04,0.07,5,22,0,1,0,2.857142857142857,0.0
5,4554,4,False,0,2025-02-22,2,1.0,0.0,0.01,5,22,0,1,0,2.4285714285714284,0.0
5,4652,4,False,0,2025-02-22,8,0.0,0.02,0.02,5,22,0,1,0,2.2857142857142856,0.0
5,4653,4,False,0,2025-02-22,4,0.0,0.0,0.01,5,22,0,1,0,3.142857142857143,0.0
5,4659,4,False,0,2025-02-22,3,0.0,0.05,0.1,5,22,0,1,0,3.5714285714285716,0.0
5,4690,4,False,0,2025-02-22,4,0.0,0.02,0.03,5,22,0,1,0,3.4285714285714284,0.0
5,4723,4,False,0,2025-02-22,3,0.0,0.02,0.02,5,22,0,1,0,4.0,0.0
5,4760,4,False,0,2025-02-22,4,0.0,0.02,0.03,5,22,0,1,0,3.5714285714285716,0.0
5,4822,4,False,0,2025-02-22,3,0.0,0.02,0.05,5,22,0,1,0,4.0,0.0
5,4871,4,False,0,2025-02-22,4,0.0,0.03,0.05,5,22,0,1,0,4.142857142857143,0.0
5,4972,4,False,0,2025-02-22,5,0.0,0.02,0.03,5,22,0,1,0,3.5714285714285716,0.0
5,5016,4,False,0,2025-02-22,6,1.0,0.05,0.07,5,22,0,1,0,3.7142857142857144,0.0
5,5039,4,False,0,2025-02-22,3,0.0,0.03,0.05,5,22,0,1,0,4.142857142857143,0.0
5,5184,4,False,0,2025-02-22,5,0.0,0.01,0.01,5,22,0,1,0,4.0,0.0
5,5250,4,False,0,2025-02-22,6,1.0,0.0,0.01,5,22,0,1,0,4.285714285714286,0.0
5,492,5,True,0,2025-02-22,14,3.0,0.01,0.03,5,22,0,1,0,4.571428571428571,2.6972383050715845
5,663,5,True,0,2025-02-22,78,5.0,0.01,0.01,5,22,0,1,0,6.142857142857143,4.310032035955167
5,1950,5,True,0,2025-02-22,15,1.0,0.03,0.05,5,22,0,1,0,16.714285714285715,2.6478427475204747
5,2743,5,True,0,2025-02-22,14,1.0,0.02,0.06,5,22,0,1,0,18.142857142857142,2.0482583775596597
5,3550,5,True,0,2025-02-22,53,0.0,0.0,0.01,5,22,0,1,0,19.285714285714285,3.9079508389262565
5,4090,5,True,0,2025-02-22,75,4.0,0.02,0.04,5,22,0,1,0,26.428571428571427,4.181518927848697
5,4132,5,True,0,2025-02-22,68,4.0,0.01,0.01,5,22,0,1,0,36.42857142857143,5.293874098729857
5,4344,5,True,0,2025-02-22,13,0.0,0.02,0.02,5,22,0,1,0,45.285714285714285,2.3362538908551262
5,243,6,False,0,2025-02-22,3,0.0,0.2,0.24,5,22,0,1,0,45.142857142857146,0.0
5,1668,6,False,0,2025-02-22,3,0.0,0.1,0.14,5,22,0,1,0,34.42857142857143,0.0
5,1684,6,False,0,2025-02-22,5,0.0,0.03,0.05,5,22,0,1,0,32.714285714285715,0.0
5,2078,6,False,0,2025-02-22,3,1.0,0.16,0.2,5,22,0,1,0,31.428571428571427,0.0
5,2508,6,False,0,2025-02-22,2,0.0,0.11,0.13,5,22,0,1,0,24.285714285714285,0.0
5,2544,6,False,0,2025-02-22,2,0.0,0.27,0.34,5,22,0,1,0,13.857142857142858,0.0
5,3024,6,False,0,2025-02-22,4,0.0,0.22,0.32,5,22,0,1,0,4.428571428571429,0.0
5,3959,6,False,0,2025-02-22,4,0.0,0.17,0.21,5,22,0,1,0,3.142857142857143,0.0
5,3978,6,False,0,2025-02-22,1,0.0,0.07,0.1,5,22,0,1,0,3.2857142857142856,0.0
5,4165,6,False,0,2025-02-22,1,0.0,0.09,0.15,5,22,0,1,0,3.0,0.0
5,4329,6,False,0,2025-02-22,1,0.0,0.09,0.14,5,22,0,1,0,2.4285714285714284,0.0
5,4787,6,False,0,2025-02-22,3,0.0,0.08,0.12,5,22,0,1,0,2.142857142857143,0.0
5,4854,6,False,0,2025-02-22,3,1.0,0.07,0.09,5,22,0,1,0,2.2857142857142856,0.0
5,4904,6,False,0,2025-02-22,2,0.0,0.16,0.21,5,22,0,1,0,2.4285714285714284,0.0
5,2554,7,False,0,2025-02-22,17,1.0,0.0,0.01,5,22,0,1,0,2.142857142857143,3.1357650003833277
5,2867,7,False,0,2025-02-22,77,4.0,0.01,0.02,5,22,0,1,0,4.0,4.484375229988814
5,3133,7,False,0,2025-02-22,66,0.0,0.0,0.01,5,22,0,1,0,14.857142857142858,3.75835768128416
5,1,8,False,0,2025-02-22,70,15.0,0.0,0.0,5,22,0,1,0,24.142857142857142,7.339544246014384
5,65,8,False,0,2025-02-22,20,2.0,0.0,0.01,5,22,0,1,0,34.0,2.3703651347326837
5,206,8,False,0,2025-02-22,53,2.0,0.0,0.0,5,22,0,1,0,36.42857142857143,0.0
5,435,8,False,0,2025-02-22,29,2.0,0.01,0.02,5,22,0,1,0,43.57142857142857,1.9726316993397568
5,512,8,False,0,2025-02-22,23,0.0,0.0,0.01,5,22,0,1,0,47.42857142857143,2.4289177057795834
5,579,8,False,0,2025-02-22,3,6.0,0.01,0.02,5,22,0,1,0,48.285714285714285,2.0750719657812193
5,1375,8,False,0,2025-02-22,27,0.0,0.0,0.01,5,22,0,1,0,37.714285714285715,2.432335437869792
5,1954,8,False,0,2025-02-22,36,0.0,0.0,0.0,5,22,0,1,0,32.142857142857146,0.0
5,3322,8,False,0,2025-02-22,11,4.0,0.0,0.01,5,22,0,1,0,27.285714285714285,2.5474963175121785
5,4435,8,False,0,2025-02-22,25,3.0,0.02,0.03,5,22,0,1,0,26.0,0.0
5,5257,8,False,0,2025-02-22,48,2.0,0.0,0.01,5,22,0,1,0,22.0,0.0
5,110,9,True,0,2025-02-22,49,18.0,0.01,0.01,5,22,0,1,0,24.714285714285715,5.114426981740292
5,309,9,True,0,2025-02-22,19,1.0,0.01,0.02,5,22,0,1,0,28.428571428571427,2.451741535735168
5,404,9,True,0,2025-02-22,23,0.0,0.01,0.02,5,22,0,1,0,30.714285714285715,2.3096219536227545
5,1270,9,True,0,2025-02-22,9,0.0,0.03,0.07,5,22,0,1,0,30.142857142857142,0.0
5,1553,9,True,0,2025-02-22,29,0.0,0.01,0.01,5,22,0,1,0,26.285714285714285,3.111915744830584
5,1749,9,True,0,2025-02-22,5,0.0,0.01,0.03,5,22,0,1,0,28.857142857142858,0.0
5,1875,9,True,0,2025-02-22,6,6.0,0.02,0.1,5,22,0,1,0,26.0,0.0
5,2194,9,True,0,2025-02-22,26,13.0,0.0,0.02,5,22,0,1,0,20.0,0.0
5,2269,9,True,0,2025-02-22,45,7.0,0.01,0.02,5,22,0,1,0,16.714285714285715,3.2244420818875867
5,2829,9,True,0,2025-02-22,12,2.0,0.02,0.02,5,22,0,1,0,20.428571428571427,2.272365085148763
5,2927,9,True,0,2025-02-22,27,2.0,0.02,0.04,5,22,0,1,0,18.857142857142858,2.483471131127591
5,3458,9,True,0,2025-02-22,16,1.0,0.0,0.02,5,22,0,1,0,21.428571428571427,0.0
5,3972,9,True,0,2025-02-22,13,4.0,0.01,0.03,5,22,0,1,0,19.571428571428573,0.0
5,3997,9,True,0,2025-02-22,16,0.0,0.03,0.09,5,22,0,1,0,20.714285714285715,2.0956794093639903
5,4125,9,True,0,2025-02-22,243,40.0,0.0,0.01,5,22,0,1,0,22.142857142857142,35.436507918733454
5,4201,9,True,0,2025-02-22,21,0.0,0.01,0.09,5,22,0,1,0,53.142857142857146,2.254152612230393
5,4378,9,True,0,2025-02-22,34,2.0,0.02,0.03,5,22,0,1,0,49.714285714285715,2.6707557303729046
5,4706,9,True,0,2025-02-22,21,2.0,0.02,0.07,5,22,0,1,0,52.857142857142854,2.196626669618148
5,4836,9,True,0,2025-02-22,16,2.0,0.01,0.03,5,22,0,1,0,52.0,2.023676839114192
5,4884,9,True,0,2025-02-22,44,5.0,0.0,0.01,5,22,0,1,0,52.0,8.99120616815847
5,4975,9,True,0,2025-02-22,54,3.0,0.01,0.01,5,22,0,1,0,56.42857142857143,5.437250505106317
5,5107,9,True,0,2025-02-22,29,0.0,0.01,0.02,5,22,0,1,0,61.857142857142854,2.387069060433675
5,513,10,False,0,2025-02-22,35,0.0,0.03,0.06,5,22,0,1,0,31.285714285714285,0.0
5,1564,10,False,0,2025-02-22,21,4.0,0.02,0.08,5,22,0,1,0,33.285714285714285,2.4176010704252224
5,2480,10,False,0,2025-02-22,20,0.0,0.01,0.02,5,22,0,1,0,31.428571428571427,2.0602632240403307
5,3576,10,False,0,2025-02-22,20,7.0,0.02,0.03,5,22,0,1,0,31.285714285714285,3.9000559980746843
5,2502,11,False,0,2025-02-22,59,0.0,0.23,0.21,5,22,0,1,0,31.857142857142858,1.8914093911420893
5,3113,11,False,0,2025-02-22,12,2.0,0.23,0.22,5,22,0,1,0,34.0,1.8682973912233647
5,3928,11,False,0,2025-02-22,14,2.0,0.05,0.07,5,22,0,1,0,28.0,1.8801552327144098
5,909,1,False,0,2025-02-27,11,0.0,0.11,0.13,3,27,0,0,1,25.857142857142858,0.0
5,1995,1,False,0,2025-02-27,16,1.0,0.1,0.12,3,27,0,0,1,22.428571428571427,0.0
5,3901,1,False,0,2025-02-27,11,1.0,0.11,0.13,3,27,0,0,1,21.714285714285715,0.0
5,4584,1,False,0,2025-02-27,8,0.0,0.11,0.13,3,27,0,0,1,20.428571428571427,0.0
5,123,3,True,0,2025-02-27,42,12.0,0.04,0.05,3,27,0,0,1,18.714285714285715,5.195573185804253
5,312,3,True,0,2025-02-27,44,3.0,0.05,0.06,3,27,0,0,1,16.285714285714285,2.651965162349284
5,842,3,True,0,2025-02-27,71,2.0,0.01,0.01,3,27,0,0,1,20.857142857142858,3.690993881302811
5,1855,3,True,0,2025-02-27,231,0.0,0.01,0.01,3,27,0,0,1,29.0,3.329200297685493
5,1933,3,True,0,2025-02-27,252,88.0,0.02,0.02,3,27,0,0,1,60.42857142857143,6.451305922933329
5,2198,3,True,0,2025-02-27,38,3.0,0.01,0.02,3,27,0,0,1,94.14285714285714,5.298799856193282
5,2308,3,True,0,2025-02-27,114,5.0,0.01,0.01,3,27,0,0,1,98.0,4.155520653787899
5,2767,3,True,0,2025-02-27,122,2.0,0.01,0.02,3,27,0,0,1,113.14285714285714,2.113926170401803
5,3158,3,True,0,2025-02-27,19,4.0,0.04,0.06,3,27,0,0,1,124.57142857142857,2.1865877923591714
5,4032,3,True,0,2025-02-27,22,1.0,0.04,0.05,3,27,0,0,1,121.0,3.0007263536348274
5,5034,3,True,0,2025-02-27,122,0.0,0.01,0.01,3,27,0,0,1,114.0,3.4901667851071325
5,5195,3,True,0,2025-02-27,51,1.0,0.0,0.01,3,27,0,0,1,98.42857142857143,0.0
5,25,4,False,0,2025-02-27,12,0.0,0.02,0.05,3,27,0,0,1,69.71428571428571,0.0
5,52,4,False,0,2025-02-27,5,0.0,0.12,0.17,3,27,0,0,1,66.0,0.0
5,57,4,False,0,2025-02-27,10,1.0,0.06,0.08,3,27,0,0,1,50.42857142857143,0.0
5,60,4,False,0,2025-02-27,0,0.0,0.02,0.03,3,27,0,0,1,34.42857142857143,0.0
5,72,4,False,0,2025-02-27,3,0.0,0.03,0.04,3,27,0,0,1,31.714285714285715,0.0
5,96,4,False,0,2025-02-27,4,0.0,0.03,0.04,3,27,0,0,1,29.0,0.0
5,268,4,False,0,2025-02-27,5,0.0,0.03,0.05,3,27,0,0,1,12.142857142857142,0.0
5,301,4,False,0,2025-02-27,3,0.0,0.03,0.05,3,27,0,0,1,5.571428571428571,0.0
5,313,4,False,0,2025-02-27,7,0.0,0.04,0.05,3,27,0,0,1,4.285714285714286,0.0
5,340,4,False,0,2025-02-27,7,0.0,0.04,0.06,3,27,0,0,1,4.571428571428571,0.0
5,349,4,False,0,2025-02-27,5,0.0,0.08,0.1,3,27,0,0,1,4.142857142857143,0.0
5,511,4,False,0,2025-02-27,4,0.0,0.06,0.08,3,27,0,0,1,4.857142857142857,0.0
5,537,4,False,0,2025-02-27,4,0.0,0.04,0.06,3,27,0,0,1,5.0,0.0
5,577,4,False,0,2025-02-27,3,0.0,0.02,0.03,3,27,0,0,1,5.0,0.0
5,662,4,False,0,2025-02-27,6,0.0,0.01,0.02,3,27,0,0,1,4.714285714285714,0.0
5,691,4,False,0,2025-02-27,5,0.0,0.05,0.07,3,27,0,0,1,5.142857142857143,0.0
5,751,4,False,0,2025-02-27,10,0.0,0.0,0.01,3,27,0,0,1,4.857142857142857,0.0
5,777,4,False,0,2025-02-27,100,0.0,0.01,0.01,3,27,0,0,1,5.285714285714286,0.0
5,797,4,False,0,2025-02-27,4,1.0,0.05,0.07,3,27,0,0,1,18.857142857142858,0.0
5,839,4,False,0,2025-02-27,2,0.0,0.03,0.05,3,27,0,0,1,18.857142857142858,0.0
5,1034,4,False,0,2025-02-27,6,0.0,0.12,0.14,3,27,0,0,1,18.571428571428573,0.0
5,1053,4,False,0,2025-02-27,3,0.0,0.02,0.03,3,27,0,0,1,19.0,0.0
5,1058,4,False,0,2025-02-27,4,0.0,0.03,0.05,3,27,0,0,1,18.571428571428573,0.0
5,1072,4,False,0,2025-02-27,24,0.0,0.0,0.01,3,27,0,0,1,18.428571428571427,0.0
5,1082,4,False,0,2025-02-27,6,0.0,0.07,0.12,3,27,0,0,1,20.428571428571427,0.0
5,1096,4,False,0,2025-02-27,3,1.0,0.03,0.05,3,27,0,0,1,7.0,0.0
5,1127,4,False,0,2025-02-27,4,0.0,0.03,0.04,3,27,0,0,1,6.857142857142857,0.0
5,1174,4,False,0,2025-02-27,3,0.0,0.01,0.02,3,27,0,0,1,7.142857142857143,0.0
5,1221,4,False,0,2025-02-27,2,0.0,0.04,0.05,3,27,0,0,1,6.714285714285714,0.0
5,1299,4,False,0,2025-02-27,4,1.0,0.01,0.02,3,27,0,0,1,6.571428571428571,0.0
5,1300,4,False,0,2025-02-27,7,0.0,0.01,0.01,3,27,0,0,1,6.571428571428571,0.0
5,1311,4,False,0,2025-02-27,3,0.0,0.02,0.03,3,27,0,0,1,4.142857142857143,0.0
5,1392,4,False,0,2025-02-27,3,0.0,0.05,0.07,3,27,0,0,1,3.7142857142857144,0.0
5,1424,4,False,0,2025-02-27,4,0.0,0.01,0.03,3,27,0,0,1,3.7142857142857144,0.0
5,1494,4,False,0,2025-02-27,3,0.0,0.02,0.04,3,27,0,0,1,3.7142857142857144,0.0
5,1547,4,False,0,2025-02-27,1,0.0,0.05,0.07,3,27,0,0,1,3.7142857142857144,0.0
5,1548,4,False,0,2025-02-27,4,0.0,0.03,0.05,3,27,0,0,1,3.5714285714285716,0.0
5,1657,4,False,0,2025-02-27,6,0.0,0.01,0.02,3,27,0,0,1,3.5714285714285716,0.0
5,1659,4,False,0,2025-02-27,7,0.0,0.04,0.06,3,27,0,0,1,3.4285714285714284,0.0
5,1665,4,False,0,2025-02-27,1,0.0,0.04,0.06,3,27,0,0,1,4.0,0.0
5,1685,4,False,0,2025-02-27,3,1.0,0.02,0.02,3,27,0,0,1,3.7142857142857144,0.0
5,1703,4,False,0,2025-02-27,4,0.0,0.02,0.03,3,27,0,0,1,3.5714285714285716,0.0
5,1880,4,False,0,2025-02-27,2,0.0,0.01,0.02,3,27,0,0,1,3.7142857142857144,0.0
5,1904,4,False,0,2025-02-27,2,0.0,0.02,0.04,3,27,0,0,1,3.857142857142857,0.0
5,1939,4,False,0,2025-02-27,4,0.0,0.01,0.02,3,27,0,0,1,3.5714285714285716,0.0
5,1960,4,False,0,2025-02-27,4,0.0,0.03,0.04,3,27,0,0,1,3.2857142857142856,0.0
5,2016,4,False,0,2025-02-27,3,0.0,0.03,0.04,3,27,0,0,1,2.857142857142857,0.0
5,2052,4,False,0,2025-02-27,5,0.0,0.02,0.03,3,27,0,0,1,3.142857142857143,0.0
5,2116,4,False,0,2025-02-27,3,1.0,0.03,0.05,3,27,0,0,1,3.4285714285714284,0.0
5,2125,4,False,0,2025-02-27,6,0.0,0.08,0.1,3,27,0,0,1,3.2857142857142856,0.0
5,2156,4,False,0,2025-02-27,3,0.0,0.04,0.05,3,27,0,0,1,3.857142857142857,0.0
5,2212,4,False,0,2025-02-27,2,0.0,0.03,0.05,3,27,0,0,1,4.0,0.0
5,2326,4,False,0,2025-02-27,4,0.0,0.04,0.06,3,27,0,0,1,3.7142857142857144,0.0
5,2343,4,False,0,2025-02-27,2,0.0,0.01,0.02,3,27,0,0,1,3.7142857142857144,0.0
5,2415,4,False,0,2025-02-27,59,1.0,0.01,0.01,3,27,0,0,1,3.5714285714285716,0.0
5,2454,4,False,0,2025-02-27,6,0.0,0.01,0.02,3,27,0,0,1,11.285714285714286,0.0
5,2461,4,False,0,2025-02-27,10,0.0,0.01,0.01,3,27,0,0,1,11.714285714285714,0.0
5,2492,4,False,0,2025-02-27,4,0.0,0.02,0.03,3,27,0,0,1,12.285714285714286,0.0
5,2632,4,False,0,2025-02-27,6,0.0,0.06,0.06,3,27,0,0,1,12.428571428571429,0.0
5,2691,4,False,0,2025-02-27,3,0.0,0.05,0.06,3,27,0,0,1,13.0,0.0
5,2730,4,False,0,2025-02-27,6,0.0,0.02,0.04,3,27,0,0,1,12.857142857142858,0.0
5,2754,4,False,0,2025-02-27,13,1.0,0.02,0.04,3,27,0,0,1,13.428571428571429,1.9440246009453446
5,2824,4,False,0,2025-02-27,2,0.0,0.03,0.04,3,27,0,0,1,6.857142857142857,0.0
5,2835,4,False,0,2025-02-27,9,1.0,0.01,0.03,3,27,0,0,1,6.285714285714286,0.0
5,2842,4,False,0,2025-02-27,4,0.0,0.03,0.04,3,27,0,0,1,6.142857142857143,0.0
5,2847,4,False,0,2025-02-27,2,1.0,0.04,0.05,3,27,0,0,1,6.142857142857143,0.0
5,2885,4,False,0,2025-02-27,7,0.0,0.04,0.07,3,27,0,0,1,5.571428571428571,0.0
5,2950,4,False,0,2025-02-27,5,0.0,0.01,0.02,3,27,0,0,1,6.142857142857143,0.0
5,2977,4,False,0,2025-02-27,4,0.0,0.04,0.07,3,27,0,0,1,6.0,0.0
5,3089,4,False,0,2025-02-27,2,0.0,0.06,0.07,3,27,0,0,1,4.714285714285714,0.0
5,3143,4,False,0,2025-02-27,3,0.0,0.03,0.04,3,27,0,0,1,4.714285714285714,0.0
5,3148,4,False,0,2025-02-27,4,0.0,0.03,0.04,3,27,0,0,1,3.857142857142857,0.0
5,3153,4,False,0,2025-02-27,3,0.0,0.06,0.08,3,27,0,0,1,3.857142857142857,0.0
5,3223,4,False,0,2025-02-27,12,0.0,0.03,0.05,3,27,0,0,1,4.0,0.0
5,3334,4,False,0,2025-02-27,8,1.0,0.02,0.03,3,27,0,0,1,4.714285714285714,0.0
5,3335,4,False,0,2025-02-27,6,0.0,0.12,0.16,3,27,0,0,1,5.142857142857143,0.0
5,3382,4,False,0,2025-02-27,10,0.0,0.03,0.05,3,27,0,0,1,5.428571428571429,0.0
5,3419,4,False,0,2025-02-27,1,0.0,0.03,0.05,3,27,0,0,1,6.571428571428571,0.0
5,3447,4,False,0,2025-02-27,4,0.0,0.01,0.02,3,27,0,0,1,6.285714285714286,0.0
5,3448,4,False,0,2025-02-27,7,0.0,0.04,0.06,3,27,0,0,1,6.285714285714286,0.0
5,3479,4,False,0,2025-02-27,5,1.0,0.04,0.07,3,27,0,0,1,6.857142857142857,0.0
5,3529,4,False,0,2025-02-27,3,0.0,0.02,0.03,3,27,0,0,1,5.857142857142857,0.0
5,3532,4,False,0,2025-02-27,0,0.0,0.01,0.02,3,27,0,0,1,5.142857142857143,0.0
5,3535,4,False,0,2025-02-27,4,0.0,0.11,0.15,3,27,0,0,1,4.285714285714286,0.0
5,3607,4,False,0,2025-02-27,3,0.0,0.01,0.02,3,27,0,0,1,3.4285714285714284,0.0
5,3646,4,False,0,2025-02-27,4,0.0,0.02,0.02,3,27,0,0,1,3.7142857142857144,0.0
5,3865,4,False,0,2025-02-27,3,1.0,0.06,0.09,3,27,0,0,1,3.7142857142857144,0.0
5,3960,4,False,0,2025-02-27,4,0.0,0.01,0.02,3,27,0,0,1,3.142857142857143,0.0
5,4070,4,False,0,2025-02-27,12,0.0,0.04,0.06,3,27,0,0,1,3.0,0.0
5,4098,4,False,0,2025-02-27,4,0.0,0.01,0.02,3,27,0,0,1,4.285714285714286,0.0
5,4126,4,False,0,2025-02-27,3,0.0,0.05,0.06,3,27,0,0,1,4.857142857142857,0.0
5,4198,4,False,0,2025-02-27,2,0.0,0.05,0.07,3,27,0,0,1,4.714285714285714,0.0
5,4240,4,False,0,2025-02-27,1,0.0,0.01,0.02,3,27,0,0,1,4.571428571428571,0.0
5,4304,4,False,0,2025-02-27,4,0.0,0.02,0.03,3,27,0,0,1,4.142857142857143,0.0
5,4307,4,False,0,2025-02-27,4,0.0,0.02,0.03,3,27,0,0,1,4.285714285714286,0.0
5,4347,4,False,0,2025-02-27,5,0.0,0.03,0.05,3,27,0,0,1,4.285714285714286,0.0
5,4423,4,False,0,2025-02-27,4,0.0,0.04,0.07,3,27,0,0,1,3.2857142857142856,0.0
5,4554,4,False,0,2025-02-27,3,0.0,0.0,0.01,3,27,0,0,1,3.2857142857142856,0.0
5,4652,4,False,0,2025-02-27,6,1.0,0.02,0.02,3,27,0,0,1,3.2857142857142856,0.0
5,4653,4,False,0,2025-02-27,3,1.0,0.0,0.01,3,27,0,0,1,3.857142857142857,0.0
5,4659,4,False,0,2025-02-27,2,0.0,0.05,0.1,3,27,0,0,1,4.142857142857143,0.0
5,4690,4,False,0,2025-02-27,4,0.0,0.02,0.03,3,27,0,0,1,3.857142857142857,0.0
5,4723,4,False,0,2025-02-27,3,0.0,0.02,0.02,3,27,0,0,1,3.857142857142857,0.0
5,4760,4,False,0,2025-02-27,3,0.0,0.02,0.03,3,27,0,0,1,3.5714285714285716,0.0
5,4822,4,False,0,2025-02-27,3,0.0,0.02,0.05,3,27,0,0,1,3.4285714285714284,0.0
5,4871,4,False,0,2025-02-27,3,0.0,0.03,0.05,3,27,0,0,1,3.4285714285714284,0.0
5,4972,4,False,0,2025-02-27,4,0.0,0.02,0.03,3,27,0,0,1,3.0,0.0
5,5016,4,False,0,2025-02-27,2,1.0,0.05,0.07,3,27,0,0,1,3.142857142857143,0.0
5,5039,4,False,0,2025-02-27,3,0.0,0.03,0.05,3,27,0,0,1,3.142857142857143,0.0
5,5184,4,False,0,2025-02-27,5,0.0,0.01,0.01,3,27,0,0,1,3.0,0.0
5,5250,4,False,0,2025-02-27,9,0.0,0.0,0.01,3,27,0,0,1,3.2857142857142856,0.0
5,492,5,True,0,2025-02-27,8,5.0,0.01,0.04,3,27,0,0,1,4.142857142857143,2.5817837526061047
5,663,5,True,0,2025-02-27,54,12.0,0.01,0.01,3,27,0,0,1,4.857142857142857,4.245732153457243
5,1950,5,True,0,2025-02-27,12,2.0,0.03,0.05,3,27,0,0,1,12.142857142857142,2.5821049045719553
5,2743,5,True,0,2025-02-27,12,2.0,0.02,0.06,3,27,0,0,1,13.285714285714286,2.0993382992564023
5,3550,5,True,0,2025-02-27,39,0.0,0.0,0.01,3,27,0,0,1,14.714285714285714,4.0408202683829595
5,4090,5,True,0,2025-02-27,92,3.0,0.02,0.04,3,27,0,0,1,19.857142857142858,4.182144963013601
5,4132,5,True,0,2025-02-27,50,0.0,0.01,0.01,3,27,0,0,1,32.285714285714285,5.36544942330491
5,4344,5,True,0,2025-02-27,11,1.0,0.02,0.02,3,27,0,0,1,38.142857142857146,2.343304321354563
5,243,6,False,0,2025-02-27,3,0.0,0.2,0.24,3,27,0,0,1,38.57142857142857,0.0
5,1668,6,False,0,2025-02-27,3,0.0,0.1,0.14,3,27,0,0,1,31.285714285714285,0.0
5,1684,6,False,0,2025-02-27,4,0.0,0.03,0.05,3,27,0,0,1,30.0,0.0
5,2078,6,False,0,2025-02-27,2,1.0,0.16,0.19,3,27,0,0,1,28.857142857142858,0.0
5,2508,6,False,0,2025-02-27,1,0.0,0.11,0.13,3,27,0,0,1,23.571428571428573,0.0
5,2544,6,False,0,2025-02-27,2,0.0,0.27,0.34,3,27,0,0,1,10.571428571428571,0.0
5,3024,6,False,0,2025-02-27,3,0.0,0.22,0.32,3,27,0,0,1,3.7142857142857144,0.0
5,3959,6,False,0,2025-02-27,3,0.0,0.17,0.21,3,27,0,0,1,2.5714285714285716,0.0
5,3978,6,False,0,2025-02-27,1,0.0,0.07,0.1,3,27,0,0,1,2.5714285714285716,0.0
5,4165,6,False,0,2025-02-27,1,0.0,0.09,0.15,3,27,0,0,1,2.2857142857142856,0.0
5,4329,6,False,0,2025-02-27,1,0.0,0.09,0.14,3,27,0,0,1,1.8571428571428572,0.0
5,4787,6,False,0,2025-02-27,2,1.0,0.08,0.11,3,27,0,0,1,1.7142857142857142,0.0
5,4854,6,False,0,2025-02-27,3,0.0,0.07,0.09,3,27,0,0,1,1.8571428571428572,0.0
5,4904,6,False,0,2025-02-27,2,0.0,0.16,0.21,3,27,0,0,1,2.0,0.0
5,2554,7,False,0,2025-02-27,8,0.0,0.0,0.01,3,27,0,0,1,1.8571428571428572,3.0521463062436105
5,2867,7,False,0,2025-02-27,64,22.0,0.01,0.01,3,27,0,0,1,2.5714285714285716,6.568411704998515
5,3133,7,False,0,2025-02-27,61,2.0,0.0,0.01,3,27,0,0,1,11.571428571428571,3.6621511377494578
5,1,8,False,0,2025-02-27,40,0.0,0.0,0.01,3,27,0,0,1,20.142857142857142,3.5467118558673225
5,65,8,False,0,2025-02-27,38,0.0,0.0,0.01,3,27,0,0,1,25.714285714285715,2.3064908272780835
5,206,8,False,0,2025-02-27,47,0.0,0.0,0.0,3,27,0,0,1,30.857142857142858,0.0
5,435,8,False,0,2025-02-27,25,1.0,0.01,0.02,3,27,0,0,1,37.142857142857146,1.9395349419313954
5,512,8,False,0,2025-02-27,39,2.0,0.0,0.01,3,27,0,0,1,40.42857142857143,2.363933724810157
5,579,8,False,0,2025-02-27,14,2.0,0.01,0.02,3,27,0,0,1,44.857142857142854,2.0593096176780175
5,1375,8,False,0,2025-02-27,22,0.0,0.0,0.01,3,27,0,0,1,37.714285714285715,2.367286684906353
5,1954,8,False,0,2025-02-27,36,0.0,0.0,0.0,3,27,0,0,1,32.142857142857146,0.0
5,3322,8,False,0,2025-02-27,19,0.0,0.0,0.01,3,27,0,0,1,31.571428571428573,2.4757714952584164
5,4435,8,False,0,2025-02-27,15,2.0,0.02,0.03,3,27,0,0,1,28.857142857142858,0.0
5,5257,8,False,0,2025-02-27,38,0.0,0.0,0.01,3,27,0,0,1,24.285714285714285,0.0
5,110,9,True,0,2025-02-27,49,9.0,0.01,0.01,3,27,0,0,1,26.142857142857142,5.358748087684237
5,309,9,True,0,2025-02-27,17,2.0,0.01,0.06,3,27,0,0,1,27.571428571428573,1.9812369816464244
5,404,9,True,0,2025-02-27,15,1.0,0.01,0.02,3,27,0,0,1,28.0,2.2695453022410805
5,1270,9,True,0,2025-02-27,7,0.0,0.03,0.06,3,27,0,0,1,27.0,0.0
5,1553,9,True,0,2025-02-27,21,1.0,0.01,0.01,3,27,0,0,1,22.857142857142858,3.129170336777574
5,1749,9,True,0,2025-02-27,4,0.0,0.01,0.03,3,27,0,0,1,23.142857142857142,0.0
5,1875,9,True,0,2025-02-27,13,0.0,0.02,0.1,3,27,0,0,1,21.571428571428573,0.0
5,2194,9,True,0,2025-02-27,40,0.0,0.0,0.02,3,27,0,0,1,18.0,0.0
5,2269,9,True,0,2025-02-27,40,10.0,0.01,0.03,3,27,0,0,1,16.714285714285715,3.440714120123967
5,2829,9,True,0,2025-02-27,13,0.0,0.02,0.03,3,27,0,0,1,20.0,2.3919952445364405
5,2927,9,True,0,2025-02-27,28,1.0,0.02,0.05,3,27,0,0,1,19.714285714285715,2.146511970656131
5,3458,9,True,0,2025-02-27,11,4.0,0.0,0.03,3,27,0,0,1,22.714285714285715,0.0
5,3972,9,True,0,2025-02-27,14,0.0,0.01,0.01,3,27,0,0,1,21.285714285714285,0.0
5,3997,9,True,0,2025-02-27,14,0.0,0.03,0.11,3,27,0,0,1,22.714285714285715,1.8863815562244821
5,4125,9,True,0,2025-02-27,256,13.0,0.0,0.01,3,27,0,0,1,22.857142857142858,39.07927854978194
5,4201,9,True,0,2025-02-27,20,1.0,0.01,0.07,3,27,0,0,1,53.714285714285715,2.2811261851229707
5,4378,9,True,0,2025-02-27,29,2.0,0.02,0.03,3,27,0,0,1,50.857142857142854,2.714809915658427
5,4706,9,True,0,2025-02-27,18,0.0,0.02,0.07,3,27,0,0,1,53.142857142857146,2.167320447894101
5,4836,9,True,0,2025-02-27,11,3.0,0.01,0.03,3,27,0,0,1,51.714285714285715,2.058811349310417
5,4884,9,True,0,2025-02-27,43,1.0,0.0,0.02,3,27,0,0,1,51.714285714285715,0.0
5,4975,9,True,0,2025-02-27,55,3.0,0.01,0.01,3,27,0,0,1,55.857142857142854,5.5047799776569715
5,5107,9,True,0,2025-02-27,18,0.0,0.01,0.02,3,27,0,0,1,61.714285714285715,2.3383429262123956
5,513,10,False,0,2025-02-27,29,6.0,0.03,0.06,3,27,0,0,1,27.714285714285715,0.0
5,1564,10,False,0,2025-02-27,28,0.0,0.02,0.09,3,27,0,0,1,29.0,2.3925158799627724
5,2480,10,False,0,2025-02-27,20,2.0,0.01,0.02,3,27,0,0,1,28.857142857142858,2.0406457559276046
5,3576,10,False,0,2025-02-27,25,1.0,0.02,0.04,3,27,0,0,1,29.142857142857142,3.0611474074438556
5,2502,11,False,0,2025-02-27,59,0.0,0.23,0.21,3,27,0,0,1,31.142857142857142,1.8701864473908771
5,3113,11,False,0,2025-02-27,15,1.0,0.23,0.22,3,27,0,0,1,33.42857142857143,1.8472440895421258
5,3928,11,False,0,2025-02-27,10,2.0,0.05,0.06,3,27,0,0,1,27.714285714285715,2.1796070670294507
5,909,1,False,0,2025-02-25,11,0.0,0.11,0.13,1,25,0,0,1,26.571428571428573,0.0
5,1995,1,False,0,2025-02-25,18,0.0,0.1,0.12,1,25,0,0,1,24.0,0.0
5,3901,1,False,0,2025-02-25,9,1.0,0.11,0.13,1,25,0,0,1,22.571428571428573,0.0
5,4584,1,False,0,2025-02-25,8,0.0,0.11,0.13,1,25,0,0,1,21.0,0.0
5,123,3,True,0,2025-02-25,45,7.0,0.04,0.05,1,25,0,0,1,18.571428571428573,5.195573185804253
5,312,3,True,0,2025-02-25,60,7.0,0.05,0.05,1,25,0,0,1,16.571428571428573,3.166479571721666
5,842,3,True,0,2025-02-25,48,5.0,0.01,0.01,1,25,0,0,1,23.0,3.774580889380082
5,1855,3,True,0,2025-02-25,233,0.0,0.01,0.01,1,25,0,0,1,28.428571428571427,3.329200297685493
5,1933,3,True,0,2025-02-25,315,77.0,0.02,0.02,1,25,0,0,1,60.142857142857146,6.451305922933329
5,2198,3,True,0,2025-02-25,47,7.0,0.01,0.01,1,25,0,0,1,102.57142857142857,4.155520653787899
5,2308,3,True,0,2025-02-25,119,3.0,0.01,0.01,1,25,0,0,1,108.0,4.155520653787899
5,2767,3,True,0,2025-02-25,75,1.0,0.01,0.02,1,25,0,0,1,123.85714285714286,2.113926170401803
5,3158,3,True,0,2025-02-25,25,3.0,0.04,0.06,1,25,0,0,1,128.14285714285714,2.1865877923591714
5,4032,3,True,0,2025-02-25,24,2.0,0.04,0.05,1,25,0,0,1,123.14285714285714,3.0007263536348274
5,5034,3,True,0,2025-02-25,122,0.0,0.01,0.01,1,25,0,0,1,119.71428571428571,3.4901667851071325
5,5195,3,True,0,2025-02-25,53,0.0,0.0,0.01,1,25,0,0,1,103.85714285714286,0.0
5,25,4,False,0,2025-02-25,11,1.0,0.02,0.05,1,25,0,0,1,66.42857142857143,0.0
5,52,4,False,0,2025-02-25,5,0.0,0.12,0.17,1,25,0,0,1,61.285714285714285,0.0
5,57,4,False,0,2025-02-25,10,1.0,0.06,0.08,1,25,0,0,1,45.0,0.0
5,60,4,False,0,2025-02-25,0,0.0,0.02,0.03,1,25,0,0,1,35.714285714285715,0.0
5,72,4,False,0,2025-02-25,4,0.0,0.03,0.04,1,25,0,0,1,32.142857142857146,0.0
5,96,4,False,0,2025-02-25,4,0.0,0.03,0.04,1,25,0,0,1,29.285714285714285,0.0
5,268,4,False,0,2025-02-25,6,0.0,0.03,0.05,1,25,0,0,1,12.428571428571429,0.0
5,301,4,False,0,2025-02-25,3,0.0,0.03,0.05,1,25,0,0,1,5.714285714285714,0.0
5,313,4,False,0,2025-02-25,7,0.0,0.04,0.05,1,25,0,0,1,4.571428571428571,0.0
5,340,4,False,0,2025-02-25,7,0.0,0.04,0.06,1,25,0,0,1,4.857142857142857,0.0
5,349,4,False,0,2025-02-25,4,1.0,0.08,0.1,1,25,0,0,1,4.428571428571429,0.0
5,511,4,False,0,2025-02-25,3,2.0,0.06,0.08,1,25,0,0,1,5.0,0.0
5,537,4,False,0,2025-02-25,3,1.0,0.04,0.06,1,25,0,0,1,4.857142857142857,0.0
5,577,4,False,0,2025-02-25,3,0.0,0.02,0.03,1,25,0,0,1,4.714285714285714,0.0
5,662,4,False,0,2025-02-25,6,0.0,0.01,0.02,1,25,0,0,1,4.285714285714286,0.0
5,691,4,False,0,2025-02-25,6,0.0,0.05,0.07,1,25,0,0,1,4.714285714285714,0.0
5,751,4,False,0,2025-02-25,10,0.0,0.0,0.01,1,25,0,0,1,4.571428571428571,0.0
5,777,4,False,0,2025-02-25,91,9.0,0.01,0.01,1,25,0,0,1,5.0,0.0
5,797,4,False,0,2025-02-25,4,1.0,0.05,0.07,1,25,0,0,1,17.428571428571427,0.0
5,839,4,False,0,2025-02-25,2,0.0,0.03,0.05,1,25,0,0,1,17.571428571428573,0.0
5,1034,4,False,0,2025-02-25,7,0.0,0.12,0.14,1,25,0,0,1,17.428571428571427,0.0
5,1053,4,False,0,2025-02-25,4,0.0,0.02,0.03,1,25,0,0,1,18.0,0.0
5,1058,4,False,0,2025-02-25,4,0.0,0.03,0.05,1,25,0,0,1,17.714285714285715,0.0
5,1072,4,False,0,2025-02-25,24,0.0,0.0,0.01,1,25,0,0,1,17.428571428571427,0.0
5,1082,4,False,0,2025-02-25,6,0.0,0.07,0.12,1,25,0,0,1,19.428571428571427,0.0
5,1096,4,False,0,2025-02-25,2,0.0,0.03,0.05,1,25,0,0,1,7.285714285714286,0.0
5,1127,4,False,0,2025-02-25,4,0.0,0.03,0.04,1,25,0,0,1,7.0,0.0
5,1174,4,False,0,2025-02-25,3,0.0,0.01,0.02,1,25,0,0,1,7.285714285714286,0.0
5,1221,4,False,0,2025-02-25,2,0.0,0.04,0.05,1,25,0,0,1,6.714285714285714,0.0
5,1299,4,False,0,2025-02-25,4,1.0,0.01,0.02,1,25,0,0,1,6.428571428571429,0.0
5,1300,4,False,0,2025-02-25,5,2.0,0.01,0.01,1,25,0,0,1,6.428571428571429,0.0
5,1311,4,False,0,2025-02-25,4,0.0,0.02,0.03,1,25,0,0,1,3.7142857142857144,0.0
5,1392,4,False,0,2025-02-25,3,0.0,0.05,0.07,1,25,0,0,1,3.4285714285714284,0.0
5,1424,4,False,0,2025-02-25,3,1.0,0.01,0.03,1,25,0,0,1,3.5714285714285716,0.0
5,1494,4,False,0,2025-02-25,3,0.0,0.02,0.04,1,25,0,0,1,3.4285714285714284,0.0
5,1547,4,False,0,2025-02-25,2,0.0,0.05,0.07,1,25,0,0,1,3.4285714285714284,0.0
5,1548,4,False,0,2025-02-25,4,0.0,0.03,0.05,1,25,0,0,1,3.4285714285714284,0.0
5,1657,4,False,0,2025-02-25,7,0.0,0.01,0.02,1,25,0,0,1,3.4285714285714284,0.0
5,1659,4,False,0,2025-02-25,7,0.0,0.04,0.06,1,25,0,0,1,3.7142857142857144,0.0
5,1665,4,False,0,2025-02-25,1,0.0,0.04,0.06,1,25,0,0,1,4.142857142857143,0.0
5,1685,4,False,0,2025-02-25,4,0.0,0.02,0.02,1,25,0,0,1,3.857142857142857,0.0
5,1703,4,False,0,2025-02-25,4,0.0,0.02,0.03,1,25,0,0,1,4.0,0.0
5,1880,4,False,0,2025-02-25,3,0.0,0.01,0.02,1,25,0,0,1,4.142857142857143,0.0
5,1904,4,False,0,2025-02-25,2,0.0,0.02,0.04,1,25,0,0,1,4.285714285714286,0.0
5,1939,4,False,0,2025-02-25,5,0.0,0.01,0.02,1,25,0,0,1,4.0,0.0
5,1960,4,False,0,2025-02-25,4,0.0,0.03,0.04,1,25,0,0,1,3.7142857142857144,0.0
5,2016,4,False,0,2025-02-25,3,0.0,0.03,0.04,1,25,0,0,1,3.2857142857142856,0.0
5,2052,4,False,0,2025-02-25,5,0.0,0.02,0.03,1,25,0,0,1,3.5714285714285716,0.0
5,2116,4,False,0,2025-02-25,4,0.0,0.03,0.05,1,25,0,0,1,3.7142857142857144,0.0
5,2125,4,False,0,2025-02-25,6,0.0,0.08,0.1,1,25,0,0,1,3.7142857142857144,0.0
5,2156,4,False,0,2025-02-25,3,0.0,0.04,0.05,1,25,0,0,1,4.142857142857143,0.0
5,2212,4,False,0,2025-02-25,2,0.0,0.03,0.05,1,25,0,0,1,4.285714285714286,0.0
5,2326,4,False,0,2025-02-25,4,0.0,0.04,0.06,1,25,0,0,1,3.857142857142857,0.0
5,2343,4,False,0,2025-02-25,2,1.0,0.01,0.02,1,25,0,0,1,3.857142857142857,0.0
5,2415,4,False,0,2025-02-25,59,1.0,0.01,0.01,1,25,0,0,1,3.7142857142857144,0.0
5,2454,4,False,0,2025-02-25,6,0.0,0.01,0.02,1,25,0,0,1,11.428571428571429,0.0
5,2461,4,False,0,2025-02-25,7,1.0,0.01,0.01,1,25,0,0,1,11.714285714285714,0.0
5,2492,4,False,0,2025-02-25,4,0.0,0.02,0.03,1,25,0,0,1,11.857142857142858,0.0
5,2632,4,False,0,2025-02-25,6,0.0,0.06,0.06,1,25,0,0,1,12.0,0.0
5,2691,4,False,0,2025-02-25,3,0.0,0.05,0.06,1,25,0,0,1,12.571428571428571,0.0
5,2730,4,False,0,2025-02-25,6,1.0,0.02,0.04,1,25,0,0,1,12.428571428571429,0.0
5,2754,4,False,0,2025-02-25,15,1.0,0.02,0.04,1,25,0,0,1,13.0,1.9440246009453446
5,2824,4,False,0,2025-02-25,3,0.0,0.03,0.04,1,25,0,0,1,6.714285714285714,0.0
5,2835,4,False,0,2025-02-25,9,1.0,0.01,0.03,1,25,0,0,1,6.285714285714286,0.0
5,2842,4,False,0,2025-02-25,4,0.0,0.03,0.04,1,25,0,0,1,6.571428571428571,0.0
5,2847,4,False,0,2025-02-25,3,0.0,0.04,0.05,1,25,0,0,1,6.571428571428571,0.0
5,2885,4,False,0,2025-02-25,7,0.0,0.04,0.07,1,25,0,0,1,6.142857142857143,0.0
5,2950,4,False,0,2025-02-25,5,0.0,0.01,0.02,1,25,0,0,1,6.714285714285714,0.0
5,2977,4,False,0,2025-02-25,4,1.0,0.04,0.07,1,25,0,0,1,6.571428571428571,0.0
5,3089,4,False,0,2025-02-25,2,0.0,0.06,0.07,1,25,0,0,1,5.0,0.0
5,3143,4,False,0,2025-02-25,3,0.0,0.03,0.04,1,25,0,0,1,4.857142857142857,0.0
5,3148,4,False,0,2025-02-25,5,0.0,0.03,0.04,1,25,0,0,1,4.0,0.0
5,3153,4,False,0,2025-02-25,3,1.0,0.06,0.08,1,25,0,0,1,4.142857142857143,0.0
5,3223,4,False,0,2025-02-25,12,0.0,0.03,0.05,1,25,0,0,1,4.142857142857143,0.0
5,3334,4,False,0,2025-02-25,9,1.0,0.02,0.03,1,25,0,0,1,4.857142857142857,0.0
5,3335,4,False,0,2025-02-25,6,0.0,0.12,0.16,1,25,0,0,1,5.428571428571429,0.0
5,3382,4,False,0,2025-02-25,10,0.0,0.03,0.05,1,25,0,0,1,5.714285714285714,0.0
5,3419,4,False,0,2025-02-25,1,0.0,0.03,0.05,1,25,0,0,1,6.857142857142857,0.0
5,3447,4,False,0,2025-02-25,4,0.0,0.01,0.02,1,25,0,0,1,6.571428571428571,0.0
5,3448,4,False,0,2025-02-25,7,0.0,0.04,0.06,1,25,0,0,1,6.428571428571429,0.0
5,3479,4,False,0,2025-02-25,6,0.0,0.04,0.07,1,25,0,0,1,7.0,0.0
5,3529,4,False,0,2025-02-25,3,0.0,0.02,0.03,1,25,0,0,1,6.142857142857143,0.0
5,3532,4,False,0,2025-02-25,0,0.0,0.01,0.02,1,25,0,0,1,5.285714285714286,0.0
5,3535,4,False,0,2025-02-25,4,0.0,0.11,0.15,1,25,0,0,1,4.428571428571429,0.0
5,3607,4,False,0,2025-02-25,3,0.0,0.01,0.02,1,25,0,0,1,3.5714285714285716,0.0
5,3646,4,False,0,2025-02-25,4,0.0,0.02,0.02,1,25,0,0,1,3.857142857142857,0.0
5,3865,4,False,0,2025-02-25,4,0.0,0.06,0.09,1,25,0,0,1,3.857142857142857,0.0
5,3960,4,False,0,2025-02-25,4,0.0,0.01,0.02,1,25,0,0,1,3.4285714285714284,0.0
5,4070,4,False,0,2025-02-25,12,0.0,0.04,0.06,1,25,0,0,1,3.142857142857143,0.0
5,4098,4,False,0,2025-02-25,4,0.0,0.01,0.02,1,25,0,0,1,4.428571428571429,0.0
5,4126,4,False,0,2025-02-25,2,1.0,0.05,0.06,1,25,0,0,1,5.0,0.0
5,4198,4,False,0,2025-02-25,1,1.0,0.05,0.07,1,25,0,0,1,4.714285714285714,0.0
5,4240,4,False,0,2025-02-25,1,0.0,0.01,0.02,1,25,0,0,1,4.428571428571429,0.0
5,4304,4,False,0,2025-02-25,4,0.0,0.02,0.03,1,25,0,0,1,4.0,0.0
5,4307,4,False,0,2025-02-25,3,1.0,0.02,0.03,1,25,0,0,1,4.0,0.0
5,4347,4,False,0,2025-02-25,5,0.0,0.03,0.05,1,25,0,0,1,3.857142857142857,0.0
5,4423,4,False,0,2025-02-25,4,0.0,0.04,0.07,1,25,0,0,1,2.857142857142857,0.0
5,4554,4,False,0,2025-02-25,3,0.0,0.0,0.01,1,25,0,0,1,2.857142857142857,0.0
5,4652,4,False,0,2025-02-25,8,0.0,0.02,0.02,1,25,0,0,1,3.0,0.0
5,4653,4,False,0,2025-02-25,4,0.0,0.0,0.01,1,25,0,0,1,4.0,0.0
5,4659,4,False,0,2025-02-25,2,1.0,0.05,0.1,1,25,0,0,1,4.428571428571429,0.0
5,4690,4,False,0,2025-02-25,4,0.0,0.02,0.03,1,25,0,0,1,4.142857142857143,0.0
5,4723,4,False,0,2025-02-25,3,0.0,0.02,0.02,1,25,0,0,1,4.285714285714286,0.0
5,4760,4,False,0,2025-02-25,4,0.0,0.02,0.03,1,25,0,0,1,4.0,0.0
5,4822,4,False,0,2025-02-25,3,0.0,0.02,0.05,1,25,0,0,1,4.0,0.0
5,4871,4,False,0,2025-02-25,4,0.0,0.03,0.05,1,25,0,0,1,4.0,0.0
5,4972,4,False,0,2025-02-25,4,0.0,0.02,0.03,1,25,0,0,1,3.4285714285714284,0.0
5,5016,4,False,0,2025-02-25,4,2.0,0.05,0.07,1,25,0,0,1,3.4285714285714284,0.0
5,5039,4,False,0,2025-02-25,4,0.0,0.03,0.05,1,25,0,0,1,3.7142857142857144,0.0
5,5184,4,False,0,2025-02-25,5,0.0,0.01,0.01,1,25,0,0,1,3.7142857142857144,0.0
5,5250,4,False,0,2025-02-25,9,0.0,0.0,0.01,1,25,0,0,1,4.0,0.0
5,492,5,True,0,2025-02-25,15,5.0,0.01,0.04,1,25,0,0,1,4.714285714285714,2.5817837526061047
5,663,5,True,0,2025-02-25,60,13.0,0.01,0.01,1,25,0,0,1,6.428571428571429,4.245732153457243
5,1950,5,True,0,2025-02-25,14,0.0,0.03,0.05,1,25,0,0,1,14.428571428571429,2.5821049045719553
5,2743,5,True,0,2025-02-25,12,3.0,0.02,0.07,1,25,0,0,1,15.857142857142858,2.1098482057670687
5,3550,5,True,0,2025-02-25,40,4.0,0.0,0.01,1,25,0,0,1,17.0,4.0408202683829595
5,4090,5,True,0,2025-02-25,93,6.0,0.02,0.04,1,25,0,0,1,22.142857142857142,4.244967722417672
5,4132,5,True,0,2025-02-25,53,8.0,0.01,0.01,1,25,0,0,1,34.714285714285715,5.36544942330491
5,4344,5,True,0,2025-02-25,11,3.0,0.02,0.02,1,25,0,0,1,41.0,2.343304321354563
5,243,6,False,0,2025-02-25,3,0.0,0.2,0.24,1,25,0,0,1,40.42857142857143,0.0
5,1668,6,False,0,2025-02-25,3,0.0,0.1,0.14,1,25,0,0,1,32.285714285714285,0.0
5,1684,6,False,0,2025-02-25,4,0.0,0.03,0.05,1,25,0,0,1,30.714285714285715,0.0
5,2078,6,False,0,2025-02-25,4,0.0,0.16,0.19,1,25,0,0,1,29.571428571428573,0.0
5,2508,6,False,0,2025-02-25,1,0.0,0.11,0.13,1,25,0,0,1,24.428571428571427,0.0
5,2544,6,False,0,2025-02-25,2,0.0,0.27,0.34,1,25,0,0,1,11.285714285714286,0.0
5,3024,6,False,0,2025-02-25,4,0.0,0.22,0.32,1,25,0,0,1,4.0,0.0
5,3959,6,False,0,2025-02-25,4,0.0,0.17,0.21,1,25,0,0,1,3.0,0.0
5,3978,6,False,0,2025-02-25,1,0.0,0.07,0.1,1,25,0,0,1,3.142857142857143,0.0
5,4165,6,False,0,2025-02-25,1,0.0,0.09,0.15,1,25,0,0,1,2.857142857142857,0.0
5,4329,6,False,0,2025-02-25,1,0.0,0.09,0.14,1,25,0,0,1,2.4285714285714284,0.0
5,4787,6,False,0,2025-02-25,3,0.0,0.08,0.12,1,25,0,0,1,2.0,0.0
5,4854,6,False,0,2025-02-25,3,0.0,0.07,0.09,1,25,0,0,1,2.2857142857142856,0.0
5,4904,6,False,0,2025-02-25,2,0.0,0.16,0.21,1,25,0,0,1,2.4285714285714284,0.0
5,2554,7,False,0,2025-02-25,8,0.0,0.0,0.01,1,25,0,0,1,2.142857142857143,3.0521463062436105
5,2867,7,False,0,2025-02-25,90,6.0,0.01,0.02,1,25,0,0,1,2.7142857142857144,4.449218268539438
5,3133,7,False,0,2025-02-25,68,0.0,0.0,0.01,1,25,0,0,1,15.428571428571429,3.6621511377494578
5,1,8,False,0,2025-02-25,51,4.0,0.0,0.0,1,25,0,0,1,25.0,7.147350115866702
5,65,8,False,0,2025-02-25,40,0.0,0.0,0.01,1,25,0,0,1,32.142857142857146,2.3064908272780835
5,206,8,False,0,2025-02-25,49,1.0,0.0,0.0,1,25,0,0,1,37.42857142857143,0.0
5,435,8,False,0,2025-02-25,28,1.0,0.01,0.02,1,25,0,0,1,44.0,1.9573944443587332
5,512,8,False,0,2025-02-25,20,2.0,0.0,0.01,1,25,0,0,1,47.714285714285715,2.363933724810157
5,579,8,False,0,2025-02-25,17,0.0,0.01,0.01,1,25,0,0,1,49.42857142857143,2.1818630791606575
5,1375,8,False,0,2025-02-25,24,1.0,0.0,0.01,1,25,0,0,1,39.0,2.3438571460356474
5,1954,8,False,0,2025-02-25,36,0.0,0.0,0.0,1,25,0,0,1,32.714285714285715,0.0
5,3322,8,False,0,2025-02-25,18,4.0,0.0,0.01,1,25,0,0,1,30.571428571428573,2.4757714952584164
5,4435,8,False,0,2025-02-25,18,0.0,0.02,0.02,1,25,0,0,1,27.428571428571427,0.0
5,5257,8,False,0,2025-02-25,45,2.0,0.0,0.01,1,25,0,0,1,23.0,0.0
5,110,9,True,0,2025-02-25,64,12.0,0.01,0.01,1,25,0,0,1,25.428571428571427,5.358748087684237
5,309,9,True,0,2025-02-25,21,0.0,0.01,0.03,1,25,0,0,1,31.714285714285715,2.5444255103977453
5,404,9,True,0,2025-02-25,18,2.0,0.01,0.02,1,25,0,0,1,32.285714285714285,2.2695453022410805
5,1270,9,True,0,2025-02-25,8,0.0,0.03,0.07,1,25,0,0,1,31.428571428571427,0.0
5,1553,9,True,0,2025-02-25,23,2.0,0.01,0.01,1,25,0,0,1,27.428571428571427,3.129170336777574
5,1749,9,True,0,2025-02-25,4,0.0,0.01,0.03,1,25,0,0,1,28.142857142857142,0.0
5,1875,9,True,0,2025-02-25,13,0.0,0.02,0.1,1,25,0,0,1,26.142857142857142,0.0
5,2194,9,True,0,2025-02-25,40,0.0,0.0,0.02,1,25,0,0,1,21.571428571428573,0.0
5,2269,9,True,0,2025-02-25,54,9.0,0.01,0.03,1,25,0,0,1,18.142857142857142,3.6395191699395704
5,2829,9,True,0,2025-02-25,13,1.0,0.02,0.03,1,25,0,0,1,22.857142857142858,2.330368582523611
5,2927,9,True,0,2025-02-25,28,2.0,0.02,0.05,1,25,0,0,1,22.142857142857142,2.138598790297053
5,3458,9,True,0,2025-02-25,15,1.0,0.0,0.02,1,25,0,0,1,25.0,0.0
5,3972,9,True,0,2025-02-25,16,0.0,0.01,0.02,1,25,0,0,1,23.857142857142858,0.0
5,3997,9,True,0,2025-02-25,14,2.0,0.03,0.11,1,25,0,0,1,25.571428571428573,1.8863815562244821
5,4125,9,True,0,2025-02-25,316,33.0,0.0,0.01,1,25,0,0,1,25.714285714285715,39.07927854978194
5,4201,9,True,0,2025-02-25,22,1.0,0.01,0.07,1,25,0,0,1,65.14285714285714,2.2811261851229707
5,4378,9,True,0,2025-02-25,38,3.0,0.02,0.03,1,25,0,0,1,60.57142857142857,2.714809915658427
5,4706,9,True,0,2025-02-25,15,9.0,0.02,0.07,1,25,0,0,1,64.14285714285714,2.167320447894101
5,4836,9,True,0,2025-02-25,18,0.0,0.01,0.03,1,25,0,0,1,62.285714285714285,2.058811349310417
5,4884,9,True,0,2025-02-25,46,6.0,0.0,0.01,1,25,0,0,1,62.714285714285715,9.268044165837377
5,4975,9,True,0,2025-02-25,50,12.0,0.01,0.01,1,25,0,0,1,67.0,5.5047799776569715
5,5107,9,True,0,2025-02-25,27,2.0,0.01,0.02,1,25,0,0,1,72.14285714285714,2.3383429262123956
5,513,10,False,0,2025-02-25,34,1.0,0.03,0.09,1,25,0,0,1,30.857142857142858,1.6556569038952604
5,1564,10,False,0,2025-02-25,23,2.0,0.02,0.11,1,25,0,0,1,32.57142857142857,0.0
5,2480,10,False,0,2025-02-25,22,0.0,0.01,0.02,1,25,0,0,1,30.428571428571427,2.0406457559276046
5,3576,10,False,0,2025-02-25,21,4.0,0.02,0.03,1,25,0,0,1,31.428571428571427,3.8686447483698663
5,2502,11,False,0,2025-02-25,57,1.0,0.23,0.22,1,25,0,0,1,31.857142857142858,1.8701864473908771
5,3113,11,False,0,2025-02-25,16,1.0,0.23,0.22,1,25,0,0,1,33.42857142857143,1.8472440895421258
5,3928,11,False,0,2025-02-25,9,6.0,0.05,0.06,1,25,0,0,1,28.571428571428573,2.1796070670294507
5,909,1,False,0,2025-02-23,9,1.0,0.11,0.13,6,23,0,1,0,26.0,0.0
5,1995,1,False,0,2025-02-23,18,0.0,0.1,0.11,6,23,0,1,0,22.428571428571427,2.0715664460810888
5,3901,1,False,0,2025-02-23,12,0.0,0.11,0.13,6,23,0,1,0,21.714285714285715,0.0
5,4584,1,False,0,2025-02-23,8,1.0,0.11,0.13,6,23,0,1,0,20.285714285714285,0.0
5,123,3,True,0,2025-02-23,54,4.0,0.04,0.05,6,23,0,1,0,18.428571428571427,4.440593338397929
5,312,3,True,0,2025-02-23,49,4.0,0.05,0.06,6,23,0,1,0,18.0,2.162278224327071
5,842,3,True,0,2025-02-23,55,4.0,0.01,0.01,6,23,0,1,0,22.714285714285715,3.553310474515968
5,1855,3,True,0,2025-02-23,236,4.0,0.01,0.01,6,23,0,1,0,29.285714285714285,3.0982271771363514
5,1933,3,True,0,2025-02-23,329,71.0,0.02,0.02,6,23,0,1,0,61.714285714285715,5.2299615198991605
5,2198,3,True,0,2025-02-23,37,8.0,0.01,0.02,6,23,0,1,0,106.14285714285714,4.392491923412921
5,2308,3,True,0,2025-02-23,124,4.0,0.01,0.01,6,23,0,1,0,109.71428571428571,3.5153578451541296
5,2767,3,True,0,2025-02-23,76,0.0,0.01,0.02,6,23,0,1,0,126.28571428571429,2.0317270589214194
5,3158,3,True,0,2025-02-23,30,0.0,0.04,0.06,6,23,0,1,0,129.42857142857142,2.035074964245519
5,4032,3,True,0,2025-02-23,22,5.0,0.04,0.05,6,23,0,1,0,126.71428571428571,2.700758658198795
5,5034,3,True,0,2025-02-23,122,5.0,0.01,0.01,6,23,0,1,0,122.0,0.0
5,5195,3,True,0,2025-02-23,58,3.0,0.0,0.01,6,23,0,1,0,105.71428571428571,0.0
5,25,4,False,0,2025-02-23,12,0.0,0.02,0.05,6,23,0,1,0,67.0,0.0
5,52,4,False,0,2025-02-23,5,0.0,0.12,0.17,6,23,0,1,0,63.42857142857143,0.0
5,57,4,False,0,2025-02-23,5,1.0,0.06,0.08,6,23,0,1,0,46.42857142857143,0.0
5,60,4,False,0,2025-02-23,0,0.0,0.02,0.03,6,23,0,1,0,36.285714285714285,0.0
5,72,4,False,0,2025-02-23,4,0.0,0.03,0.04,6,23,0,1,0,32.0,0.0
5,96,4,False,0,2025-02-23,4,0.0,0.03,0.04,6,23,0,1,0,29.428571428571427,0.0
5,268,4,False,0,2025-02-23,5,0.0,0.03,0.05,6,23,0,1,0,12.571428571428571,0.0
5,301,4,False,0,2025-02-23,3,0.0,0.03,0.05,6,23,0,1,0,5.0,0.0
5,313,4,False,0,2025-02-23,7,0.0,0.04,0.05,6,23,0,1,0,3.7142857142857144,0.0
5,340,4,False,0,2025-02-23,1,1.0,0.04,0.06,6,23,0,1,0,4.0,0.0
5,349,4,False,0,2025-02-23,2,0.0,0.08,0.1,6,23,0,1,0,3.4285714285714284,0.0
5,511,4,False,0,2025-02-23,5,0.0,0.06,0.08,6,23,0,1,0,3.7142857142857144,0.0
5,537,4,False,0,2025-02-23,5,0.0,0.04,0.06,6,23,0,1,0,3.857142857142857,0.0
5,577,4,False,0,2025-02-23,3,0.0,0.02,0.03,6,23,0,1,0,4.0,0.0
5,662,4,False,0,2025-02-23,6,0.0,0.01,0.02,6,23,0,1,0,3.7142857142857144,0.0
5,691,4,False,0,2025-02-23,6,0.0,0.05,0.07,6,23,0,1,0,4.142857142857143,0.0
5,751,4,False,0,2025-02-23,10,0.0,0.0,0.01,6,23,0,1,0,4.0,0.0
5,777,4,False,0,2025-02-23,98,0.0,0.01,0.01,6,23,0,1,0,5.285714285714286,0.0
5,797,4,False,0,2025-02-23,4,0.0,0.05,0.07,6,23,0,1,0,19.0,0.0
5,839,4,False,0,2025-02-23,2,0.0,0.03,0.05,6,23,0,1,0,18.857142857142858,0.0
5,1034,4,False,0,2025-02-23,5,0.0,0.12,0.15,6,23,0,1,0,18.428571428571427,0.0
5,1053,4,False,0,2025-02-23,2,0.0,0.02,0.03,6,23,0,1,0,18.714285714285715,0.0
5,1058,4,False,0,2025-02-23,3,0.0,0.03,0.05,6,23,0,1,0,18.142857142857142,0.0
5,1072,4,False,0,2025-02-23,24,0.0,0.0,0.01,6,23,0,1,0,17.714285714285715,0.0
5,1082,4,False,0,2025-02-23,4,1.0,0.07,0.12,6,23,0,1,0,19.714285714285715,0.0
5,1096,4,False,0,2025-02-23,4,0.0,0.03,0.05,6,23,0,1,0,6.285714285714286,0.0
5,1127,4,False,0,2025-02-23,3,1.0,0.03,0.04,6,23,0,1,0,6.285714285714286,0.0
5,1174,4,False,0,2025-02-23,3,0.0,0.01,0.02,6,23,0,1,0,6.428571428571429,0.0
5,1221,4,False,0,2025-02-23,2,0.0,0.04,0.05,6,23,0,1,0,6.142857142857143,0.0
5,1299,4,False,0,2025-02-23,5,0.0,0.01,0.02,6,23,0,1,0,6.142857142857143,0.0
5,1300,4,False,0,2025-02-23,5,0.0,0.01,0.01,6,23,0,1,0,6.428571428571429,0.0
5,1311,4,False,0,2025-02-23,2,1.0,0.02,0.03,6,23,0,1,0,3.7142857142857144,0.0
5,1392,4,False,0,2025-02-23,3,0.0,0.05,0.07,6,23,0,1,0,3.4285714285714284,0.0
5,1424,4,False,0,2025-02-23,4,0.0,0.01,0.03,6,23,0,1,0,3.2857142857142856,0.0
5,1494,4,False,0,2025-02-23,3,0.0,0.02,0.04,6,23,0,1,0,3.4285714285714284,0.0
5,1547,4,False,0,2025-02-23,2,0.0,0.05,0.07,6,23,0,1,0,3.4285714285714284,0.0
5,1548,4,False,0,2025-02-23,4,0.0,0.03,0.05,6,23,0,1,0,3.4285714285714284,0.0
5,1657,4,False,0,2025-02-23,7,0.0,0.01,0.02,6,23,0,1,0,3.2857142857142856,0.0
5,1659,4,False,0,2025-02-23,7,0.0,0.04,0.06,6,23,0,1,0,3.5714285714285716,0.0
5,1665,4,False,0,2025-02-23,1,0.0,0.04,0.06,6,23,0,1,0,4.285714285714286,0.0
5,1685,4,False,0,2025-02-23,4,0.0,0.02,0.02,6,23,0,1,0,4.0,0.0
5,1703,4,False,0,2025-02-23,5,0.0,0.02,0.03,6,23,0,1,0,4.0,0.0
5,1880,4,False,0,2025-02-23,3,1.0,0.01,0.02,6,23,0,1,0,4.285714285714286,0.0
5,1904,4,False,0,2025-02-23,2,0.0,0.02,0.04,6,23,0,1,0,4.428571428571429,0.0
5,1939,4,False,0,2025-02-23,6,0.0,0.01,0.02,6,23,0,1,0,4.142857142857143,0.0
5,1960,4,False,0,2025-02-23,4,0.0,0.03,0.04,6,23,0,1,0,4.0,0.0
5,2016,4,False,0,2025-02-23,4,0.0,0.03,0.04,6,23,0,1,0,3.5714285714285716,0.0
5,2052,4,False,0,2025-02-23,5,0.0,0.02,0.03,6,23,0,1,0,4.0,0.0
5,2116,4,False,0,2025-02-23,3,1.0,0.03,0.05,6,23,0,1,0,4.142857142857143,0.0
5,2125,4,False,0,2025-02-23,3,0.0,0.08,0.1,6,23,0,1,0,3.857142857142857,0.0
5,2156,4,False,0,2025-02-23,3,0.0,0.04,0.05,6,23,0,1,0,3.857142857142857,0.0
5,2212,4,False,0,2025-02-23,2,0.0,0.03,0.05,6,23,0,1,0,4.0,0.0
5,2326,4,False,0,2025-02-23,4,0.0,0.04,0.06,6,23,0,1,0,3.4285714285714284,0.0
5,2343,4,False,0,2025-02-23,3,0.0,0.01,0.02,6,23,0,1,0,3.4285714285714284,0.0
5,2415,4,False,0,2025-02-23,48,0.0,0.01,0.01,6,23,0,1,0,3.2857142857142856,0.0
5,2454,4,False,0,2025-02-23,6,0.0,0.01,0.02,6,23,0,1,0,9.428571428571429,0.0
5,2461,4,False,0,2025-02-23,6,2.0,0.01,0.01,6,23,0,1,0,9.857142857142858,0.0
5,2492,4,False,0,2025-02-23,4,0.0,0.02,0.03,6,23,0,1,0,10.285714285714286,0.0
5,2632,4,False,0,2025-02-23,7,0.0,0.06,0.06,6,23,0,1,0,10.428571428571429,0.0
5,2691,4,False,0,2025-02-23,3,0.0,0.05,0.06,6,23,0,1,0,11.142857142857142,0.0
5,2730,4,False,0,2025-02-23,7,0.0,0.02,0.04,6,23,0,1,0,11.0,0.0
5,2754,4,False,0,2025-02-23,16,0.0,0.02,0.04,6,23,0,1,0,11.571428571428571,1.965615106543723
5,2824,4,False,0,2025-02-23,1,1.0,0.03,0.03,6,23,0,1,0,7.0,0.0
5,2835,4,False,0,2025-02-23,7,0.0,0.01,0.03,6,23,0,1,0,6.285714285714286,0.0
5,2842,4,False,0,2025-02-23,3,1.0,0.03,0.04,6,23,0,1,0,6.428571428571429,0.0
5,2847,4,False,0,2025-02-23,3,0.0,0.04,0.05,6,23,0,1,0,6.285714285714286,0.0
5,2885,4,False,0,2025-02-23,7,0.0,0.04,0.07,6,23,0,1,0,5.714285714285714,0.0
5,2950,4,False,0,2025-02-23,5,0.0,0.01,0.02,6,23,0,1,0,6.285714285714286,0.0
5,2977,4,False,0,2025-02-23,5,0.0,0.04,0.07,6,23,0,1,0,6.0,0.0
5,3089,4,False,0,2025-02-23,2,0.0,0.06,0.07,6,23,0,1,0,4.428571428571429,0.0
5,3143,4,False,0,2025-02-23,3,0.0,0.03,0.04,6,23,0,1,0,4.571428571428571,0.0
5,3148,4,False,0,2025-02-23,5,0.0,0.03,0.04,6,23,0,1,0,4.0,0.0
5,3153,4,False,0,2025-02-23,4,0.0,0.06,0.08,6,23,0,1,0,4.285714285714286,0.0
5,3223,4,False,0,2025-02-23,9,1.0,0.03,0.05,6,23,0,1,0,4.428571428571429,0.0
5,3334,4,False,0,2025-02-23,7,0.0,0.02,0.03,6,23,0,1,0,4.714285714285714,0.0
5,3335,4,False,0,2025-02-23,5,2.0,0.12,0.16,6,23,0,1,0,5.0,0.0
5,3382,4,False,0,2025-02-23,5,0.0,0.03,0.05,6,23,0,1,0,5.0,0.0
5,3419,4,False,0,2025-02-23,1,0.0,0.03,0.05,6,23,0,1,0,5.428571428571429,0.0
5,3447,4,False,0,2025-02-23,3,1.0,0.01,0.02,6,23,0,1,0,5.142857142857143,0.0
5,3448,4,False,0,2025-02-23,5,0.0,0.04,0.06,6,23,0,1,0,4.857142857142857,0.0
5,3479,4,False,0,2025-02-23,6,0.0,0.04,0.07,6,23,0,1,0,5.0,0.0
5,3529,4,False,0,2025-02-23,1,0.0,0.02,0.03,6,23,0,1,0,4.571428571428571,0.0
5,3532,4,False,0,2025-02-23,0,0.0,0.01,0.02,6,23,0,1,0,3.7142857142857144,0.0
5,3535,4,False,0,2025-02-23,4,0.0,0.11,0.15,6,23,0,1,0,3.0,0.0
5,3607,4,False,0,2025-02-23,3,0.0,0.01,0.02,6,23,0,1,0,2.857142857142857,0.0
5,3646,4,False,0,2025-02-23,4,0.0,0.02,0.02,6,23,0,1,0,3.142857142857143,0.0
5,3865,4,False,0,2025-02-23,4,0.0,0.06,0.09,6,23,0,1,0,3.2857142857142856,0.0
5,3960,4,False,0,2025-02-23,4,1.0,0.01,0.02,6,23,0,1,0,3.142857142857143,0.0
5,4070,4,False,0,2025-02-23,11,1.0,0.04,0.06,6,23,0,1,0,2.857142857142857,0.0
5,4098,4,False,0,2025-02-23,4,0.0,0.01,0.02,6,23,0,1,0,4.285714285714286,0.0
5,4126,4,False,0,2025-02-23,3,0.0,0.05,0.06,6,23,0,1,0,4.857142857142857,0.0
5,4198,4,False,0,2025-02-23,2,0.0,0.05,0.07,6,23,0,1,0,4.714285714285714,0.0
5,4240,4,False,0,2025-02-23,1,0.0,0.01,0.02,6,23,0,1,0,4.571428571428571,0.0
5,4304,4,False,0,2025-02-23,4,0.0,0.02,0.03,6,23,0,1,0,4.142857142857143,0.0
5,4307,4,False,0,2025-02-23,0,0.0,0.02,0.03,6,23,0,1,0,4.142857142857143,0.0
5,4347,4,False,0,2025-02-23,5,1.0,0.03,0.05,6,23,0,1,0,3.5714285714285716,0.0
5,4423,4,False,0,2025-02-23,3,0.0,0.04,0.07,6,23,0,1,0,2.7142857142857144,0.0
5,4554,4,False,0,2025-02-23,2,0.0,0.0,0.01,6,23,0,1,0,2.5714285714285716,0.0
5,4652,4,False,0,2025-02-23,8,0.0,0.02,0.02,6,23,0,1,0,2.4285714285714284,0.0
5,4653,4,False,0,2025-02-23,4,0.0,0.0,0.01,6,23,0,1,0,3.2857142857142856,0.0
5,4659,4,False,0,2025-02-23,3,0.0,0.05,0.1,6,23,0,1,0,3.7142857142857144,0.0
5,4690,4,False,0,2025-02-23,4,0.0,0.02,0.03,6,23,0,1,0,3.5714285714285716,0.0
5,4723,4,False,0,2025-02-23,3,0.0,0.02,0.02,6,23,0,1,0,4.142857142857143,0.0
5,4760,4,False,0,2025-02-23,4,0.0,0.02,0.03,6,23,0,1,0,3.857142857142857,0.0
5,4822,4,False,0,2025-02-23,3,0.0,0.02,0.05,6,23,0,1,0,4.0,0.0
5,4871,4,False,0,2025-02-23,4,0.0,0.03,0.05,6,23,0,1,0,4.142857142857143,0.0
5,4972,4,False,0,2025-02-23,5,0.0,0.02,0.03,6,23,0,1,0,3.5714285714285716,0.0
5,5016,4,False,0,2025-02-23,6,0.0,0.05,0.07,6,23,0,1,0,3.7142857142857144,0.0
5,5039,4,False,0,2025-02-23,4,0.0,0.03,0.05,6,23,0,1,0,4.142857142857143,0.0
5,5184,4,False,0,2025-02-23,5,0.0,0.01,0.01,6,23,0,1,0,4.142857142857143,0.0
5,5250,4,False,0,2025-02-23,5,2.0,0.0,0.01,6,23,0,1,0,4.428571428571429,0.0
5,492,5,True,0,2025-02-23,13,1.0,0.01,0.04,6,23,0,1,0,4.571428571428571,2.523539413467315
5,663,5,True,0,2025-02-23,72,6.0,0.01,0.01,6,23,0,1,0,6.0,3.919880485864416
5,1950,5,True,0,2025-02-23,15,0.0,0.03,0.05,6,23,0,1,0,15.714285714285714,2.3824618079572164
5,2743,5,True,0,2025-02-23,13,1.0,0.02,0.07,6,23,0,1,0,17.142857142857142,1.9964292762178506
5,3550,5,True,0,2025-02-23,44,9.0,0.0,0.01,6,23,0,1,0,18.142857142857142,3.609920342497172
5,4090,5,True,0,2025-02-23,71,4.0,0.02,0.04,6,23,0,1,0,23.857142857142858,3.9318302590108725
5,4132,5,True,0,2025-02-23,67,1.0,0.01,0.01,6,23,0,1,0,33.285714285714285,4.667469230549017
5,4344,5,True,0,2025-02-23,13,0.0,0.02,0.02,6,23,0,1,0,42.142857142857146,2.065672387564268
5,243,6,False,0,2025-02-23,3,0.0,0.2,0.24,6,23,0,1,0,42.142857142857146,0.0
5,1668,6,False,0,2025-02-23,3,0.0,0.1,0.14,6,23,0,1,0,32.285714285714285,0.0
5,1684,6,False,0,2025-02-23,5,0.0,0.03,0.05,6,23,0,1,0,30.571428571428573,0.0
5,2078,6,False,0,2025-02-23,3,0.0,0.16,0.19,6,23,0,1,0,29.428571428571427,0.0
5,2508,6,False,0,2025-02-23,1,1.0,0.11,0.13,6,23,0,1,0,23.571428571428573,0.0
5,2544,6,False,0,2025-02-23,2,0.0,0.27,0.34,6,23,0,1,0,13.571428571428571,0.0
5,3024,6,False,0,2025-02-23,4,0.0,0.22,0.32,6,23,0,1,0,4.285714285714286,0.0
5,3959,6,False,0,2025-02-23,4,0.0,0.17,0.21,6,23,0,1,0,3.0,0.0
5,3978,6,False,0,2025-02-23,1,0.0,0.07,0.1,6,23,0,1,0,3.142857142857143,0.0
5,4165,6,False,0,2025-02-23,1,0.0,0.09,0.15,6,23,0,1,0,2.857142857142857,0.0
5,4329,6,False,0,2025-02-23,1,0.0,0.09,0.14,6,23,0,1,0,2.2857142857142856,0.0
5,4787,6,False,0,2025-02-23,3,0.0,0.08,0.12,6,23,0,1,0,2.0,0.0
5,4854,6,False,0,2025-02-23,3,0.0,0.07,0.09,6,23,0,1,0,2.2857142857142856,0.0
5,4904,6,False,0,2025-02-23,2,0.0,0.16,0.21,6,23,0,1,0,2.4285714285714284,0.0
5,2554,7,False,0,2025-02-23,8,9.0,0.0,0.01,6,23,0,1,0,2.142857142857143,2.947616783041513
5,2867,7,False,0,2025-02-23,61,16.0,0.01,0.02,6,23,0,1,0,2.7142857142857144,4.431546877630129
5,3133,7,False,0,2025-02-23,62,4.0,0.0,0.01,6,23,0,1,0,11.285714285714286,3.5418858761585383
5,1,8,False,0,2025-02-23,63,7.0,0.0,0.01,6,23,0,1,0,20.0,3.665758795019382
5,65,8,False,0,2025-02-23,20,0.0,0.0,0.01,6,23,0,1,0,28.857142857142858,2.374577713017196
5,206,8,False,0,2025-02-23,52,1.0,0.0,0.0,6,23,0,1,0,31.285714285714285,0.0
5,435,8,False,0,2025-02-23,29,0.0,0.01,0.02,6,23,0,1,0,38.285714285714285,1.9221310065933173
5,512,8,False,0,2025-02-23,23,0.0,0.0,0.01,6,23,0,1,0,42.142857142857146,2.418931005243464
5,579,8,False,0,2025-02-23,7,3.0,0.01,0.02,6,23,0,1,0,44.285714285714285,2.0413149808367113
5,1375,8,False,0,2025-02-23,27,0.0,0.0,0.01,6,23,0,1,0,36.57142857142857,2.392628149140961
5,1954,8,False,0,2025-02-23,36,0.0,0.0,0.0,6,23,0,1,0,31.571428571428573,0.0
5,3322,8,False,0,2025-02-23,11,5.0,0.0,0.01,6,23,0,1,0,27.714285714285715,2.489203514083985
5,4435,8,False,0,2025-02-23,20,5.0,0.02,0.03,6,23,0,1,0,26.428571428571427,0.0
5,5257,8,False,0,2025-02-23,48,0.0,0.0,0.01,6,23,0,1,0,21.857142857142858,0.0
5,110,9,True,0,2025-02-23,41,8.0,0.01,0.01,6,23,0,1,0,24.571428571428573,4.202258869723634
5,309,9,True,0,2025-02-23,15,4.0,0.01,0.02,6,23,0,1,0,27.142857142857142,2.10094594532652
5,404,9,True,0,2025-02-23,23,0.0,0.01,0.02,6,23,0,1,0,28.285714285714285,0.0
5,1270,9,True,0,2025-02-23,9,0.0,0.03,0.07,6,23,0,1,0,27.714285714285715,0.0
5,1553,9,True,0,2025-02-23,26,3.0,0.01,0.01,6,23,0,1,0,23.857142857142858,0.0
5,1749,9,True,0,2025-02-23,3,2.0,0.01,0.03,6,23,0,1,0,26.0,0.0
5,1875,9,True,0,2025-02-23,6,0.0,0.02,0.1,6,23,0,1,0,23.571428571428573,0.0
5,2194,9,True,0,2025-02-23,21,5.0,0.0,0.02,6,23,0,1,0,17.571428571428573,0.0
5,2269,9,True,0,2025-02-23,42,3.0,0.01,0.04,6,23,0,1,0,14.714285714285714,2.6982912798109626
5,2829,9,True,0,2025-02-23,12,0.0,0.02,0.02,6,23,0,1,0,18.571428571428573,2.11923782276114
5,2927,9,True,0,2025-02-23,25,2.0,0.02,0.05,6,23,0,1,0,17.0,2.0276884299834794
5,3458,9,True,0,2025-02-23,16,0.0,0.0,0.02,6,23,0,1,0,19.285714285714285,0.0
5,3972,9,True,0,2025-02-23,13,0.0,0.01,0.02,6,23,0,1,0,17.857142857142858,0.0
5,3997,9,True,0,2025-02-23,14,2.0,0.03,0.08,6,23,0,1,0,19.285714285714285,0.0
5,4125,9,True,0,2025-02-23,228,15.0,0.0,0.01,6,23,0,1,0,20.428571428571427,30.45728586235498
5,4201,9,True,0,2025-02-23,17,4.0,0.01,0.09,6,23,0,1,0,50.0,0.0
5,4378,9,True,0,2025-02-23,31,3.0,0.02,0.03,6,23,0,1,0,46.42857142857143,2.420788091668328
5,4706,9,True,0,2025-02-23,20,1.0,0.02,0.06,6,23,0,1,0,49.142857142857146,1.9419566487977304
5,4836,9,True,0,2025-02-23,15,1.0,0.01,0.03,6,23,0,1,0,48.42857142857143,0.0
5,4884,9,True,0,2025-02-23,44,0.0,0.0,0.02,6,23,0,1,0,48.285714285714285,0.0
5,4975,9,True,0,2025-02-23,51,3.0,0.01,0.01,6,23,0,1,0,52.714285714285715,0.0
5,5107,9,True,0,2025-02-23,26,3.0,0.01,0.02,6,23,0,1,0,58.0,2.088750250695673
5,513,10,False,0,2025-02-23,35,0.0,0.03,0.06,6,23,0,1,0,29.142857142857142,0.0
5,1564,10,False,0,2025-02-23,21,0.0,0.02,0.09,6,23,0,1,0,31.714285714285715,0.0
5,2480,10,False,0,2025-02-23,15,5.0,0.01,0.02,6,23,0,1,0,30.285714285714285,2.0204394110385047
5,3576,10,False,0,2025-02-23,15,5.0,0.02,0.03,6,23,0,1,0,29.571428571428573,3.841429506811951
5,2502,11,False,0,2025-02-23,58,2.0,0.23,0.21,6,23,0,1,0,29.571428571428573,1.860811765082149
5,3113,11,False,0,2025-02-23,10,2.0,0.23,0.22,6,23,0,1,0,31.571428571428573,1.8379443421967483
5,3928,11,False,0,2025-02-23,13,1.0,0.05,0.07,6,23,0,1,0,25.714285714285715,1.9053453990793319
5,909,1,False,0,2025-02-26,11,0.0,0.11,0.13,2,26,0,0,1,23.857142857142858,0.0
5,1995,1,False,0,2025-02-26,17,1.0,0.1,0.12,2,26,0,0,1,20.428571428571427,0.0
5,3901,1,False,0,2025-02-26,9,0.0,0.11,0.13,2,26,0,0,1,19.857142857142858,0.0
5,4584,1,False,0,2025-02-26,8,0.0,0.11,0.13,2,26,0,0,1,19.0,0.0
5,123,3,True,0,2025-02-26,42,3.0,0.04,0.06,2,26,0,0,1,18.0,3.945941338718666
5,312,3,True,0,2025-02-26,47,13.0,0.05,0.05,2,26,0,0,1,15.714285714285714,3.166479571721666
5,842,3,True,0,2025-02-26,43,5.0,0.01,0.01,2,26,0,0,1,21.0,3.774580889380082
5,1855,3,True,0,2025-02-26,231,2.0,0.01,0.01,2,26,0,0,1,25.285714285714285,3.329200297685493
5,1933,3,True,0,2025-02-26,219,96.0,0.02,0.02,2,26,0,0,1,56.714285714285715,6.451305922933329
5,2198,3,True,0,2025-02-26,38,9.0,0.01,0.01,2,26,0,0,1,85.57142857142857,4.155520653787899
5,2308,3,True,0,2025-02-26,119,0.0,0.01,0.01,2,26,0,0,1,89.71428571428571,4.155520653787899
5,2767,3,True,0,2025-02-26,74,1.0,0.01,0.02,2,26,0,0,1,105.57142857142857,2.113926170401803
5,3158,3,True,0,2025-02-26,23,2.0,0.04,0.06,2,26,0,0,1,110.14285714285714,2.1865877923591714
5,4032,3,True,0,2025-02-26,23,1.0,0.04,0.05,2,26,0,0,1,106.71428571428571,3.0007263536348274
5,5034,3,True,0,2025-02-26,122,0.0,0.01,0.01,2,26,0,0,1,103.85714285714286,3.4901667851071325
5,5195,3,True,0,2025-02-26,52,1.0,0.0,0.01,2,26,0,0,1,88.28571428571429,0.0
5,25,4,False,0,2025-02-26,11,0.0,0.02,0.05,2,26,0,0,1,64.42857142857143,0.0
5,52,4,False,0,2025-02-26,5,0.0,0.12,0.17,2,26,0,0,1,60.57142857142857,0.0
5,57,4,False,0,2025-02-26,10,0.0,0.06,0.08,2,26,0,0,1,44.285714285714285,0.0
5,60,4,False,0,2025-02-26,0,0.0,0.02,0.03,2,26,0,0,1,35.142857142857146,0.0
5,72,4,False,0,2025-02-26,3,1.0,0.03,0.04,2,26,0,0,1,31.857142857142858,0.0
5,96,4,False,0,2025-02-26,4,0.0,0.03,0.04,2,26,0,0,1,29.0,0.0
5,268,4,False,0,2025-02-26,5,1.0,0.03,0.05,2,26,0,0,1,12.142857142857142,0.0
5,301,4,False,0,2025-02-26,3,0.0,0.03,0.05,2,26,0,0,1,5.428571428571429,0.0
5,313,4,False,0,2025-02-26,7,0.0,0.04,0.05,2,26,0,0,1,4.285714285714286,0.0
5,340,4,False,0,2025-02-26,7,0.0,0.04,0.06,2,26,0,0,1,4.571428571428571,0.0
5,349,4,False,0,2025-02-26,4,0.0,0.08,0.1,2,26,0,0,1,4.142857142857143,0.0
5,511,4,False,0,2025-02-26,2,1.0,0.06,0.08,2,26,0,0,1,4.714285714285714,0.0
5,537,4,False,0,2025-02-26,3,0.0,0.04,0.06,2,26,0,0,1,4.571428571428571,0.0
5,577,4,False,0,2025-02-26,3,0.0,0.02,0.03,2,26,0,0,1,4.428571428571429,0.0
5,662,4,False,0,2025-02-26,6,0.0,0.01,0.02,2,26,0,0,1,4.142857142857143,0.0
5,691,4,False,0,2025-02-26,5,1.0,0.05,0.07,2,26,0,0,1,4.571428571428571,0.0
5,751,4,False,0,2025-02-26,10,0.0,0.0,0.01,2,26,0,0,1,4.285714285714286,0.0
5,777,4,False,0,2025-02-26,91,0.0,0.01,0.01,2,26,0,0,1,4.714285714285714,0.0
5,797,4,False,0,2025-02-26,4,0.0,0.05,0.07,2,26,0,0,1,17.142857142857142,0.0
5,839,4,False,0,2025-02-26,2,0.0,0.03,0.05,2,26,0,0,1,17.428571428571427,0.0
5,1034,4,False,0,2025-02-26,6,1.0,0.12,0.14,2,26,0,0,1,17.285714285714285,0.0
5,1053,4,False,0,2025-02-26,3,1.0,0.02,0.03,2,26,0,0,1,17.714285714285715,0.0
5,1058,4,False,0,2025-02-26,4,0.0,0.03,0.05,2,26,0,0,1,17.285714285714285,0.0
5,1072,4,False,0,2025-02-26,24,0.0,0.0,0.01,2,26,0,0,1,17.142857142857142,0.0
5,1082,4,False,0,2025-02-26,6,0.0,0.07,0.12,2,26,0,0,1,19.142857142857142,0.0
5,1096,4,False,0,2025-02-26,2,0.0,0.03,0.05,2,26,0,0,1,7.0,0.0
5,1127,4,False,0,2025-02-26,4,0.0,0.03,0.04,2,26,0,0,1,6.714285714285714,0.0
5,1174,4,False,0,2025-02-26,3,0.0,0.01,0.02,2,26,0,0,1,7.0,0.0
5,1221,4,False,0,2025-02-26,2,0.0,0.04,0.05,2,26,0,0,1,6.571428571428571,0.0
5,1299,4,False,0,2025-02-26,4,0.0,0.01,0.02,2,26,0,0,1,6.428571428571429,0.0
5,1300,4,False,0,2025-02-26,4,1.0,0.01,0.01,2,26,0,0,1,6.428571428571429,0.0
5,1311,4,False,0,2025-02-26,3,1.0,0.02,0.03,2,26,0,0,1,3.5714285714285716,0.0
5,1392,4,False,0,2025-02-26,3,0.0,0.05,0.07,2,26,0,0,1,3.142857142857143,0.0
5,1424,4,False,0,2025-02-26,3,0.0,0.01,0.03,2,26,0,0,1,3.2857142857142856,0.0
5,1494,4,False,0,2025-02-26,3,0.0,0.02,0.04,2,26,0,0,1,3.142857142857143,0.0
5,1547,4,False,0,2025-02-26,1,1.0,0.05,0.07,2,26,0,0,1,3.142857142857143,0.0
5,1548,4,False,0,2025-02-26,4,0.0,0.03,0.05,2,26,0,0,1,3.0,0.0
5,1657,4,False,0,2025-02-26,6,1.0,0.01,0.02,2,26,0,0,1,3.0,0.0
5,1659,4,False,0,2025-02-26,7,0.0,0.04,0.06,2,26,0,0,1,3.2857142857142856,0.0
5,1665,4,False,0,2025-02-26,1,0.0,0.04,0.06,2,26,0,0,1,3.857142857142857,0.0
5,1685,4,False,0,2025-02-26,4,0.0,0.02,0.02,2,26,0,0,1,3.5714285714285716,0.0
5,1703,4,False,0,2025-02-26,4,0.0,0.02,0.03,2,26,0,0,1,3.7142857142857144,0.0
5,1880,4,False,0,2025-02-26,2,1.0,0.01,0.02,2,26,0,0,1,3.857142857142857,0.0
5,1904,4,False,0,2025-02-26,2,0.0,0.02,0.04,2,26,0,0,1,4.0,0.0
5,1939,4,False,0,2025-02-26,4,1.0,0.01,0.02,2,26,0,0,1,3.7142857142857144,0.0
5,1960,4,False,0,2025-02-26,4,0.0,0.03,0.04,2,26,0,0,1,3.4285714285714284,0.0
5,2016,4,False,0,2025-02-26,3,0.0,0.03,0.04,2,26,0,0,1,3.0,0.0
5,2052,4,False,0,2025-02-26,5,0.0,0.02,0.03,2,26,0,0,1,3.2857142857142856,0.0
5,2116,4,False,0,2025-02-26,4,0.0,0.03,0.05,2,26,0,0,1,3.4285714285714284,0.0
5,2125,4,False,0,2025-02-26,6,0.0,0.08,0.1,2,26,0,0,1,3.4285714285714284,0.0
5,2156,4,False,0,2025-02-26,3,0.0,0.04,0.05,2,26,0,0,1,4.0,0.0
5,2212,4,False,0,2025-02-26,2,0.0,0.03,0.05,2,26,0,0,1,4.142857142857143,0.0
5,2326,4,False,0,2025-02-26,4,0.0,0.04,0.06,2,26,0,0,1,3.857142857142857,0.0
5,2343,4,False,0,2025-02-26,2,0.0,0.01,0.02,2,26,0,0,1,3.857142857142857,0.0
5,2415,4,False,0,2025-02-26,59,0.0,0.01,0.01,2,26,0,0,1,3.7142857142857144,0.0
5,2454,4,False,0,2025-02-26,6,0.0,0.01,0.02,2,26,0,0,1,11.428571428571429,0.0
5,2461,4,False,0,2025-02-26,7,0.0,0.01,0.01,2,26,0,0,1,11.714285714285714,0.0
5,2492,4,False,0,2025-02-26,4,0.0,0.02,0.03,2,26,0,0,1,11.857142857142858,0.0
5,2632,4,False,0,2025-02-26,6,0.0,0.06,0.06,2,26,0,0,1,12.0,0.0
5,2691,4,False,0,2025-02-26,3,0.0,0.05,0.06,2,26,0,0,1,12.571428571428571,0.0
5,2730,4,False,0,2025-02-26,6,0.0,0.02,0.04,2,26,0,0,1,12.428571428571429,0.0
5,2754,4,False,0,2025-02-26,14,1.0,0.02,0.04,2,26,0,0,1,13.0,1.9440246009453446
5,2824,4,False,0,2025-02-26,2,1.0,0.03,0.04,2,26,0,0,1,6.571428571428571,0.0
5,2835,4,False,0,2025-02-26,9,0.0,0.01,0.03,2,26,0,0,1,6.0,0.0
5,2842,4,False,0,2025-02-26,4,0.0,0.03,0.04,2,26,0,0,1,6.285714285714286,0.0
5,2847,4,False,0,2025-02-26,3,0.0,0.04,0.05,2,26,0,0,1,6.285714285714286,0.0
5,2885,4,False,0,2025-02-26,7,0.0,0.04,0.07,2,26,0,0,1,5.857142857142857,0.0
5,2950,4,False,0,2025-02-26,5,0.0,0.01,0.02,2,26,0,0,1,6.428571428571429,0.0
5,2977,4,False,0,2025-02-26,4,0.0,0.04,0.07,2,26,0,0,1,6.285714285714286,0.0
5,3089,4,False,0,2025-02-26,2,0.0,0.06,0.07,2,26,0,0,1,4.857142857142857,0.0
5,3143,4,False,0,2025-02-26,3,0.0,0.03,0.04,2,26,0,0,1,4.857142857142857,0.0
5,3148,4,False,0,2025-02-26,4,1.0,0.03,0.04,2,26,0,0,1,4.0,0.0
5,3153,4,False,0,2025-02-26,3,0.0,0.06,0.08,2,26,0,0,1,4.0,0.0
5,3223,4,False,0,2025-02-26,12,0.0,0.03,0.05,2,26,0,0,1,4.0,0.0
5,3334,4,False,0,2025-02-26,9,0.0,0.02,0.03,2,26,0,0,1,4.714285714285714,0.0
5,3335,4,False,0,2025-02-26,6,0.0,0.12,0.16,2,26,0,0,1,5.285714285714286,0.0
5,3382,4,False,0,2025-02-26,10,0.0,0.03,0.05,2,26,0,0,1,5.571428571428571,0.0
5,3419,4,False,0,2025-02-26,1,0.0,0.03,0.05,2,26,0,0,1,6.714285714285714,0.0
5,3447,4,False,0,2025-02-26,4,0.0,0.01,0.02,2,26,0,0,1,6.428571428571429,0.0
5,3448,4,False,0,2025-02-26,7,0.0,0.04,0.06,2,26,0,0,1,6.428571428571429,0.0
5,3479,4,False,0,2025-02-26,6,0.0,0.04,0.07,2,26,0,0,1,7.0,0.0
5,3529,4,False,0,2025-02-26,3,0.0,0.02,0.03,2,26,0,0,1,6.142857142857143,0.0
5,3532,4,False,0,2025-02-26,0,0.0,0.01,0.02,2,26,0,0,1,5.285714285714286,0.0
5,3535,4,False,0,2025-02-26,4,0.0,0.11,0.15,2,26,0,0,1,4.428571428571429,0.0
5,3607,4,False,0,2025-02-26,3,0.0,0.01,0.02,2,26,0,0,1,3.5714285714285716,0.0
5,3646,4,False,0,2025-02-26,4,0.0,0.02,0.02,2,26,0,0,1,3.857142857142857,0.0
5,3865,4,False,0,2025-02-26,4,0.0,0.06,0.09,2,26,0,0,1,3.857142857142857,0.0
5,3960,4,False,0,2025-02-26,4,0.0,0.01,0.02,2,26,0,0,1,3.4285714285714284,0.0
5,4070,4,False,0,2025-02-26,12,0.0,0.04,0.06,2,26,0,0,1,3.142857142857143,0.0
5,4098,4,False,0,2025-02-26,4,0.0,0.01,0.02,2,26,0,0,1,4.428571428571429,0.0
5,4126,4,False,0,2025-02-26,2,0.0,0.05,0.06,2,26,0,0,1,5.0,0.0
5,4198,4,False,0,2025-02-26,1,0.0,0.05,0.07,2,26,0,0,1,4.714285714285714,0.0
5,4240,4,False,0,2025-02-26,1,0.0,0.01,0.02,2,26,0,0,1,4.428571428571429,0.0
5,4304,4,False,0,2025-02-26,4,0.0,0.02,0.03,2,26,0,0,1,4.0,0.0
5,4307,4,False,0,2025-02-26,3,0.0,0.02,0.03,2,26,0,0,1,4.0,0.0
5,4347,4,False,0,2025-02-26,5,0.0,0.03,0.05,2,26,0,0,1,3.857142857142857,0.0
5,4423,4,False,0,2025-02-26,4,0.0,0.04,0.07,2,26,0,0,1,2.857142857142857,0.0
5,4554,4,False,0,2025-02-26,3,0.0,0.0,0.01,2,26,0,0,1,2.857142857142857,0.0
5,4652,4,False,0,2025-02-26,7,1.0,0.02,0.02,2,26,0,0,1,3.0,0.0
5,4653,4,False,0,2025-02-26,4,0.0,0.0,0.01,2,26,0,0,1,3.857142857142857,0.0
5,4659,4,False,0,2025-02-26,2,0.0,0.05,0.1,2,26,0,0,1,4.285714285714286,0.0
5,4690,4,False,0,2025-02-26,4,0.0,0.02,0.03,2,26,0,0,1,4.0,0.0
5,4723,4,False,0,2025-02-26,3,0.0,0.02,0.02,2,26,0,0,1,4.142857142857143,0.0
5,4760,4,False,0,2025-02-26,3,1.0,0.02,0.03,2,26,0,0,1,3.857142857142857,0.0
5,4822,4,False,0,2025-02-26,3,0.0,0.02,0.05,2,26,0,0,1,3.7142857142857144,0.0
5,4871,4,False,0,2025-02-26,3,1.0,0.03,0.05,2,26,0,0,1,3.7142857142857144,0.0
5,4972,4,False,0,2025-02-26,4,0.0,0.02,0.03,2,26,0,0,1,3.142857142857143,0.0
5,5016,4,False,0,2025-02-26,3,1.0,0.05,0.07,2,26,0,0,1,3.142857142857143,0.0
5,5039,4,False,0,2025-02-26,3,1.0,0.03,0.05,2,26,0,0,1,3.2857142857142856,0.0
5,5184,4,False,0,2025-02-26,5,0.0,0.01,0.01,2,26,0,0,1,3.142857142857143,0.0
5,5250,4,False,0,2025-02-26,9,0.0,0.0,0.01,2,26,0,0,1,3.4285714285714284,0.0
5,492,5,True,0,2025-02-26,13,2.0,0.01,0.04,2,26,0,0,1,4.285714285714286,2.5817837526061047
5,663,5,True,0,2025-02-26,43,17.0,0.01,0.01,2,26,0,0,1,5.714285714285714,4.245732153457243
5,1950,5,True,0,2025-02-26,12,2.0,0.03,0.05,2,26,0,0,1,11.428571428571429,2.5821049045719553
5,2743,5,True,0,2025-02-26,11,1.0,0.02,0.07,2,26,0,0,1,12.571428571428571,2.1098482057670687
5,3550,5,True,0,2025-02-26,39,1.0,0.0,0.01,2,26,0,0,1,13.714285714285714,4.0408202683829595
5,4090,5,True,0,2025-02-26,88,5.0,0.02,0.04,2,26,0,0,1,18.857142857142858,4.182144963013601
5,4132,5,True,0,2025-02-26,50,3.0,0.01,0.01,2,26,0,0,1,30.714285714285715,5.36544942330491
5,4344,5,True,0,2025-02-26,9,2.0,0.02,0.02,2,26,0,0,1,36.57142857142857,2.343304321354563
5,243,6,False,0,2025-02-26,3,0.0,0.2,0.24,2,26,0,0,1,36.0,0.0
5,1668,6,False,0,2025-02-26,3,0.0,0.1,0.14,2,26,0,0,1,30.285714285714285,0.0
5,1684,6,False,0,2025-02-26,3,1.0,0.03,0.05,2,26,0,0,1,29.0,0.0
5,2078,6,False,0,2025-02-26,3,1.0,0.16,0.19,2,26,0,0,1,27.857142857142858,0.0
5,2508,6,False,0,2025-02-26,1,0.0,0.11,0.13,2,26,0,0,1,22.714285714285715,0.0
5,2544,6,False,0,2025-02-26,2,0.0,0.27,0.34,2,26,0,0,1,10.285714285714286,0.0
5,3024,6,False,0,2025-02-26,3,1.0,0.22,0.32,2,26,0,0,1,3.4285714285714284,0.0
5,3959,6,False,0,2025-02-26,3,1.0,0.17,0.21,2,26,0,0,1,2.5714285714285716,0.0
5,3978,6,False,0,2025-02-26,1,0.0,0.07,0.1,2,26,0,0,1,2.5714285714285716,0.0
5,4165,6,False,0,2025-02-26,1,0.0,0.09,0.15,2,26,0,0,1,2.2857142857142856,0.0
5,4329,6,False,0,2025-02-26,1,0.0,0.09,0.14,2,26,0,0,1,2.0,0.0
5,4787,6,False,0,2025-02-26,3,0.0,0.08,0.12,2,26,0,0,1,1.7142857142857142,0.0
5,4854,6,False,0,2025-02-26,3,0.0,0.07,0.09,2,26,0,0,1,2.0,0.0
5,4904,6,False,0,2025-02-26,2,0.0,0.16,0.21,2,26,0,0,1,2.142857142857143,0.0
5,2554,7,False,0,2025-02-26,8,0.0,0.0,0.01,2,26,0,0,1,2.0,3.0521463062436105
5,2867,7,False,0,2025-02-26,86,4.0,0.01,0.02,2,26,0,0,1,2.7142857142857144,4.449218268539438
5,3133,7,False,0,2025-02-26,63,5.0,0.0,0.01,2,26,0,0,1,14.857142857142858,3.6621511377494578
5,1,8,False,0,2025-02-26,40,11.0,0.0,0.01,2,26,0,0,1,23.714285714285715,3.4761083382619193
5,65,8,False,0,2025-02-26,38,2.0,0.0,0.01,2,26,0,0,1,29.285714285714285,2.3064908272780835
5,206,8,False,0,2025-02-26,47,2.0,0.0,0.0,2,26,0,0,1,34.285714285714285,0.0
5,435,8,False,0,2025-02-26,26,2.0,0.01,0.02,2,26,0,0,1,40.57142857142857,1.9573944443587332
5,512,8,False,0,2025-02-26,20,0.0,0.0,0.01,2,26,0,0,1,44.0,2.363933724810157
5,579,8,False,0,2025-02-26,16,1.0,0.01,0.02,2,26,0,0,1,45.714285714285715,2.0593096176780175
5,1375,8,False,0,2025-02-26,22,2.0,0.0,0.01,2,26,0,0,1,35.714285714285715,2.367286684906353
5,1954,8,False,0,2025-02-26,36,0.0,0.0,0.0,2,26,0,0,1,29.857142857142858,0.0
5,3322,8,False,0,2025-02-26,15,3.0,0.0,0.01,2,26,0,0,1,29.285714285714285,2.4757714952584164
5,4435,8,False,0,2025-02-26,17,1.0,0.02,0.02,2,26,0,0,1,26.0,0.0
5,5257,8,False,0,2025-02-26,38,7.0,0.0,0.01,2,26,0,0,1,21.714285714285715,0.0
5,110,9,True,0,2025-02-26,58,6.0,0.01,0.01,2,26,0,0,1,23.428571428571427,5.358748087684237
5,309,9,True,0,2025-02-26,19,2.0,0.01,0.04,2,26,0,0,1,28.857142857142858,2.4433506260926063
5,404,9,True,0,2025-02-26,16,2.0,0.01,0.02,2,26,0,0,1,29.285714285714285,2.2695453022410805
5,1270,9,True,0,2025-02-26,7,1.0,0.03,0.06,2,26,0,0,1,28.428571428571427,0.0
5,1553,9,True,0,2025-02-26,22,1.0,0.01,0.01,2,26,0,0,1,24.285714285714285,3.129170336777574
5,1749,9,True,0,2025-02-26,4,0.0,0.01,0.03,2,26,0,0,1,25.285714285714285,0.0
5,1875,9,True,0,2025-02-26,13,0.0,0.02,0.1,2,26,0,0,1,23.428571428571427,0.0
5,2194,9,True,0,2025-02-26,40,0.0,0.0,0.02,2,26,0,0,1,19.857142857142858,0.0
5,2269,9,True,0,2025-02-26,50,4.0,0.01,0.04,2,26,0,0,1,17.285714285714285,3.2415362249306074
5,2829,9,True,0,2025-02-26,13,0.0,0.02,0.03,2,26,0,0,1,21.714285714285715,2.330368582523611
5,2927,9,True,0,2025-02-26,27,1.0,0.02,0.03,2,26,0,0,1,21.285714285714285,2.6103804930486967
5,3458,9,True,0,2025-02-26,15,0.0,0.0,0.03,2,26,0,0,1,24.142857142857142,0.0
5,3972,9,True,0,2025-02-26,14,2.0,0.01,0.01,2,26,0,0,1,23.142857142857142,0.0
5,3997,9,True,0,2025-02-26,14,0.0,0.03,0.11,2,26,0,0,1,24.571428571428573,1.8863815562244821
5,4125,9,True,0,2025-02-26,269,47.0,0.0,0.01,2,26,0,0,1,24.714285714285715,39.07927854978194
5,4201,9,True,0,2025-02-26,21,1.0,0.01,0.14,2,26,0,0,1,57.42857142857143,2.0525158875211167
5,4378,9,True,0,2025-02-26,31,7.0,0.02,0.03,2,26,0,0,1,53.285714285714285,2.714809915658427
5,4706,9,True,0,2025-02-26,8,7.0,0.02,0.06,2,26,0,0,1,55.857142857142854,2.1631708900151136
5,4836,9,True,0,2025-02-26,14,4.0,0.01,0.03,2,26,0,0,1,53.142857142857146,2.058811349310417
5,4884,9,True,0,2025-02-26,44,2.0,0.0,0.01,2,26,0,0,1,53.0,9.268044165837377
5,4975,9,True,0,2025-02-26,46,4.0,0.01,0.01,2,26,0,0,1,57.285714285714285,5.5047799776569715
5,5107,9,True,0,2025-02-26,18,9.0,0.01,0.02,2,26,0,0,1,61.857142857142854,2.3383429262123956
5,513,10,False,0,2025-02-26,34,0.0,0.03,0.07,2,26,0,0,1,26.0,0.0
5,1564,10,False,0,2025-02-26,23,0.0,0.02,0.09,2,26,0,0,1,27.857142857142858,2.3925158799627724
5,2480,10,False,0,2025-02-26,22,0.0,0.01,0.02,2,26,0,0,1,26.714285714285715,2.0406457559276046
5,3576,10,False,0,2025-02-26,18,3.0,0.02,0.02,2,26,0,0,1,28.714285714285715,3.321183136327971
5,2502,11,False,0,2025-02-26,57,1.0,0.23,0.22,2,26,0,0,1,29.285714285714285,1.8701864473908771
5,3113,11,False,0,2025-02-26,16,0.0,0.23,0.22,2,26,0,0,1,31.142857142857142,1.8472440895421258
5,3928,11,False,0,2025-02-26,6,3.0,0.05,0.06,2,26,0,0,1,26.857142857142858,2.1796070670294507
5,909,1,False,0,2025-02-24,8,1.0,0.11,0.13,0,24,0,0,0,25.142857142857142,0.0
5,1995,1,False,0,2025-02-24,17,1.0,0.1,0.12,0,24,0,0,0,21.428571428571427,0.0
5,3901,1,False,0,2025-02-24,10,2.0,0.11,0.13,0,24,0,0,0,20.571428571428573,0.0
5,4584,1,False,0,2025-02-24,6,2.0,0.11,0.13,0,24,0,0,0,18.857142857142858,0.0
5,123,3,True,0,2025-02-24,52,2.0,0.04,0.04,0,24,0,0,0,17.142857142857142,4.54483136956104
5,312,3,True,0,2025-02-24,43,6.0,0.05,0.05,0,24,0,0,0,16.428571428571427,3.166479571721666
5,842,3,True,0,2025-02-24,53,2.0,0.01,0.01,0,24,0,0,0,20.285714285714285,3.690993881302811
5,1855,3,True,0,2025-02-24,233,3.0,0.01,0.01,0,24,0,0,0,27.0,3.329200297685493
5,1933,3,True,0,2025-02-24,266,63.0,0.02,0.02,0,24,0,0,0,59.142857142857146,6.451305922933329
5,2198,3,True,0,2025-02-24,34,3.0,0.01,0.01,0,24,0,0,0,94.71428571428571,4.155520653787899
5,2308,3,True,0,2025-02-24,122,2.0,0.01,0.01,0,24,0,0,0,98.14285714285714,4.155520653787899
5,2767,3,True,0,2025-02-24,76,0.0,0.01,0.02,0,24,0,0,0,114.71428571428571,2.113926170401803
5,3158,3,True,0,2025-02-24,28,2.0,0.04,0.06,0,24,0,0,0,118.14285714285714,2.1865877923591714
5,4032,3,True,0,2025-02-24,20,2.0,0.04,0.05,0,24,0,0,0,116.0,3.0007263536348274
5,5034,3,True,0,2025-02-24,122,0.0,0.01,0.01,0,24,0,0,0,111.28571428571429,3.4901667851071325
5,5195,3,True,0,2025-02-24,53,5.0,0.0,0.01,0,24,0,0,0,95.42857142857143,0.0
5,25,4,False,0,2025-02-24,12,0.0,0.02,0.05,0,24,0,0,0,65.0,0.0
5,52,4,False,0,2025-02-24,5,0.0,0.12,0.17,0,24,0,0,0,61.857142857142854,0.0
5,57,4,False,0,2025-02-24,5,0.0,0.06,0.08,0,24,0,0,0,45.142857142857146,0.0
5,60,4,False,0,2025-02-24,0,0.0,0.02,0.03,0,24,0,0,0,35.0,0.0
5,72,4,False,0,2025-02-24,2,2.0,0.03,0.04,0,24,0,0,0,31.0,0.0
5,96,4,False,0,2025-02-24,4,0.0,0.03,0.04,0,24,0,0,0,28.428571428571427,0.0
5,268,4,False,0,2025-02-24,4,1.0,0.03,0.05,0,24,0,0,0,11.571428571428571,0.0
5,301,4,False,0,2025-02-24,3,0.0,0.03,0.05,0,24,0,0,0,4.571428571428571,0.0
5,313,4,False,0,2025-02-24,7,0.0,0.04,0.05,0,24,0,0,0,3.2857142857142856,0.0
5,340,4,False,0,2025-02-24,1,0.0,0.04,0.06,0,24,0,0,0,3.5714285714285716,0.0
5,349,4,False,0,2025-02-24,2,0.0,0.08,0.1,0,24,0,0,0,3.0,0.0
5,511,4,False,0,2025-02-24,5,0.0,0.06,0.08,0,24,0,0,0,3.2857142857142856,0.0
5,537,4,False,0,2025-02-24,4,1.0,0.04,0.06,0,24,0,0,0,3.7142857142857144,0.0
5,577,4,False,0,2025-02-24,3,0.0,0.02,0.03,0,24,0,0,0,3.7142857142857144,0.0
5,662,4,False,0,2025-02-24,5,1.0,0.01,0.02,0,24,0,0,0,3.5714285714285716,0.0
5,691,4,False,0,2025-02-24,6,0.0,0.05,0.07,0,24,0,0,0,3.857142857142857,0.0
5,751,4,False,0,2025-02-24,8,2.0,0.0,0.01,0,24,0,0,0,3.7142857142857144,0.0
5,777,4,False,0,2025-02-24,94,4.0,0.01,0.01,0,24,0,0,0,4.714285714285714,0.0
5,797,4,False,0,2025-02-24,4,0.0,0.05,0.07,0,24,0,0,0,17.857142857142858,0.0
5,839,4,False,0,2025-02-24,2,0.0,0.03,0.05,0,24,0,0,0,17.714285714285715,0.0
5,1034,4,False,0,2025-02-24,4,1.0,0.12,0.14,0,24,0,0,0,17.428571428571427,0.0
5,1053,4,False,0,2025-02-24,2,0.0,0.02,0.03,0,24,0,0,0,17.571428571428573,0.0
5,1058,4,False,0,2025-02-24,3,0.0,0.03,0.05,0,24,0,0,0,17.142857142857142,0.0
5,1072,4,False,0,2025-02-24,24,0.0,0.0,0.01,0,24,0,0,0,16.714285714285715,0.0
5,1082,4,False,0,2025-02-24,4,0.0,0.07,0.12,0,24,0,0,0,19.0,0.0
5,1096,4,False,0,2025-02-24,2,2.0,0.03,0.05,0,24,0,0,0,6.142857142857143,0.0
5,1127,4,False,0,2025-02-24,2,1.0,0.03,0.04,0,24,0,0,0,5.857142857142857,0.0
5,1174,4,False,0,2025-02-24,3,0.0,0.01,0.02,0,24,0,0,0,5.857142857142857,0.0
5,1221,4,False,0,2025-02-24,2,0.0,0.04,0.05,0,24,0,0,0,5.714285714285714,0.0
5,1299,4,False,0,2025-02-24,4,1.0,0.01,0.02,0,24,0,0,0,5.714285714285714,0.0
5,1300,4,False,0,2025-02-24,3,2.0,0.01,0.01,0,24,0,0,0,5.857142857142857,0.0
5,1311,4,False,0,2025-02-24,2,0.0,0.02,0.03,0,24,0,0,0,2.857142857142857,0.0
5,1392,4,False,0,2025-02-24,3,0.0,0.05,0.07,0,24,0,0,0,2.5714285714285716,0.0
5,1424,4,False,0,2025-02-24,4,0.0,0.01,0.03,0,24,0,0,0,2.7142857142857144,0.0
5,1494,4,False,0,2025-02-24,3,0.0,0.02,0.04,0,24,0,0,0,3.0,0.0
5,1547,4,False,0,2025-02-24,1,1.0,0.05,0.07,0,24,0,0,0,3.0,0.0
5,1548,4,False,0,2025-02-24,4,0.0,0.03,0.05,0,24,0,0,0,2.857142857142857,0.0
5,1657,4,False,0,2025-02-24,7,0.0,0.01,0.02,0,24,0,0,0,2.857142857142857,0.0
5,1659,4,False,0,2025-02-24,7,0.0,0.04,0.06,0,24,0,0,0,3.4285714285714284,0.0
5,1665,4,False,0,2025-02-24,1,0.0,0.04,0.06,0,24,0,0,0,4.142857142857143,0.0
5,1685,4,False,0,2025-02-24,4,0.0,0.02,0.02,0,24,0,0,0,3.857142857142857,0.0
5,1703,4,False,0,2025-02-24,4,1.0,0.02,0.03,0,24,0,0,0,3.857142857142857,0.0
5,1880,4,False,0,2025-02-24,2,1.0,0.01,0.02,0,24,0,0,0,4.0,0.0
5,1904,4,False,0,2025-02-24,2,0.0,0.02,0.04,0,24,0,0,0,4.142857142857143,0.0
5,1939,4,False,0,2025-02-24,5,1.0,0.01,0.02,0,24,0,0,0,3.857142857142857,0.0
5,1960,4,False,0,2025-02-24,4,0.0,0.03,0.04,0,24,0,0,0,3.5714285714285716,0.0
5,2016,4,False,0,2025-02-24,3,1.0,0.03,0.04,0,24,0,0,0,3.142857142857143,0.0
5,2052,4,False,0,2025-02-24,4,1.0,0.02,0.03,0,24,0,0,0,3.4285714285714284,0.0
5,2116,4,False,0,2025-02-24,3,0.0,0.03,0.05,0,24,0,0,0,3.4285714285714284,0.0
5,2125,4,False,0,2025-02-24,3,0.0,0.08,0.1,0,24,0,0,0,3.2857142857142856,0.0
5,2156,4,False,0,2025-02-24,3,0.0,0.04,0.05,0,24,0,0,0,3.4285714285714284,0.0
5,2212,4,False,0,2025-02-24,2,0.0,0.03,0.05,0,24,0,0,0,3.5714285714285716,0.0
5,2326,4,False,0,2025-02-24,4,0.0,0.04,0.06,0,24,0,0,0,3.142857142857143,0.0
5,2343,4,False,0,2025-02-24,3,0.0,0.01,0.02,0,24,0,0,0,3.142857142857143,0.0
5,2415,4,False,0,2025-02-24,47,1.0,0.01,0.01,0,24,0,0,0,3.142857142857143,0.0
5,2454,4,False,0,2025-02-24,6,0.0,0.01,0.02,0,24,0,0,0,9.285714285714286,0.0
5,2461,4,False,0,2025-02-24,4,2.0,0.01,0.01,0,24,0,0,0,9.714285714285714,0.0
5,2492,4,False,0,2025-02-24,4,0.0,0.02,0.03,0,24,0,0,0,9.857142857142858,0.0
5,2632,4,False,0,2025-02-24,6,1.0,0.06,0.06,0,24,0,0,0,10.0,0.0
5,2691,4,False,0,2025-02-24,3,0.0,0.05,0.06,0,24,0,0,0,10.571428571428571,0.0
5,2730,4,False,0,2025-02-24,7,0.0,0.02,0.04,0,24,0,0,0,10.428571428571429,0.0
5,2754,4,False,0,2025-02-24,16,0.0,0.02,0.04,0,24,0,0,0,11.0,1.9440246009453446
5,2824,4,False,0,2025-02-24,1,0.0,0.03,0.04,0,24,0,0,0,6.571428571428571,0.0
5,2835,4,False,0,2025-02-24,7,0.0,0.01,0.03,0,24,0,0,0,5.857142857142857,0.0
5,2842,4,False,0,2025-02-24,3,0.0,0.03,0.04,0,24,0,0,0,6.285714285714286,0.0
5,2847,4,False,0,2025-02-24,3,0.0,0.04,0.05,0,24,0,0,0,6.142857142857143,0.0
5,2885,4,False,0,2025-02-24,7,0.0,0.04,0.07,0,24,0,0,0,5.714285714285714,0.0
5,2950,4,False,0,2025-02-24,5,0.0,0.01,0.02,0,24,0,0,0,6.285714285714286,0.0
5,2977,4,False,0,2025-02-24,5,0.0,0.04,0.07,0,24,0,0,0,6.0,0.0
5,3089,4,False,0,2025-02-24,2,0.0,0.06,0.07,0,24,0,0,0,4.428571428571429,0.0
5,3143,4,False,0,2025-02-24,3,0.0,0.03,0.04,0,24,0,0,0,4.571428571428571,0.0
5,3148,4,False,0,2025-02-24,5,0.0,0.03,0.04,0,24,0,0,0,4.0,0.0
5,3153,4,False,0,2025-02-24,4,0.0,0.06,0.08,0,24,0,0,0,4.285714285714286,0.0
5,3223,4,False,0,2025-02-24,9,0.0,0.03,0.05,0,24,0,0,0,4.428571428571429,0.0
5,3334,4,False,0,2025-02-24,6,1.0,0.02,0.03,0,24,0,0,0,4.714285714285714,0.0
5,3335,4,False,0,2025-02-24,5,0.0,0.12,0.16,0,24,0,0,0,4.857142857142857,0.0
5,3382,4,False,0,2025-02-24,5,0.0,0.03,0.05,0,24,0,0,0,4.857142857142857,0.0
5,3419,4,False,0,2025-02-24,1,0.0,0.03,0.05,0,24,0,0,0,5.285714285714286,0.0
5,3447,4,False,0,2025-02-24,1,2.0,0.01,0.02,0,24,0,0,0,5.0,0.0
5,3448,4,False,0,2025-02-24,5,0.0,0.04,0.06,0,24,0,0,0,4.428571428571429,0.0
5,3479,4,False,0,2025-02-24,6,0.0,0.04,0.07,0,24,0,0,0,4.571428571428571,0.0
5,3529,4,False,0,2025-02-24,1,0.0,0.02,0.03,0,24,0,0,0,4.142857142857143,0.0
5,3532,4,False,0,2025-02-24,0,0.0,0.01,0.02,0,24,0,0,0,3.4285714285714284,0.0
5,3535,4,False,0,2025-02-24,4,0.0,0.11,0.15,0,24,0,0,0,2.7142857142857144,0.0
5,3607,4,False,0,2025-02-24,3,0.0,0.01,0.02,0,24,0,0,0,2.5714285714285716,0.0
5,3646,4,False,0,2025-02-24,4,0.0,0.02,0.02,0,24,0,0,0,2.857142857142857,0.0
5,3865,4,False,0,2025-02-24,4,0.0,0.06,0.09,0,24,0,0,0,3.2857142857142856,0.0
5,3960,4,False,0,2025-02-24,4,0.0,0.01,0.02,0,24,0,0,0,3.142857142857143,0.0
5,4070,4,False,0,2025-02-24,11,0.0,0.04,0.06,0,24,0,0,0,2.857142857142857,0.0
5,4098,4,False,0,2025-02-24,4,0.0,0.01,0.02,0,24,0,0,0,4.285714285714286,0.0
5,4126,4,False,0,2025-02-24,3,0.0,0.05,0.06,0,24,0,0,0,4.857142857142857,0.0
5,4198,4,False,0,2025-02-24,2,0.0,0.05,0.07,0,24,0,0,0,4.714285714285714,0.0
5,4240,4,False,0,2025-02-24,1,0.0,0.01,0.02,0,24,0,0,0,4.571428571428571,0.0
5,4304,4,False,0,2025-02-24,4,0.0,0.02,0.03,0,24,0,0,0,4.142857142857143,0.0
5,4307,4,False,0,2025-02-24,0,0.0,0.02,0.03,0,24,0,0,0,4.142857142857143,0.0
5,4347,4,False,0,2025-02-24,5,0.0,0.03,0.05,0,24,0,0,0,3.5714285714285716,0.0
5,4423,4,False,0,2025-02-24,3,0.0,0.04,0.07,0,24,0,0,0,2.7142857142857144,0.0
5,4554,4,False,0,2025-02-24,2,0.0,0.0,0.01,0,24,0,0,0,2.5714285714285716,0.0
5,4652,4,False,0,2025-02-24,7,1.0,0.02,0.02,0,24,0,0,0,2.4285714285714284,0.0
5,4653,4,False,0,2025-02-24,3,1.0,0.0,0.01,0,24,0,0,0,3.142857142857143,0.0
5,4659,4,False,0,2025-02-24,3,0.0,0.05,0.1,0,24,0,0,0,3.4285714285714284,0.0
5,4690,4,False,0,2025-02-24,4,0.0,0.02,0.03,0,24,0,0,0,3.2857142857142856,0.0
5,4723,4,False,0,2025-02-24,3,0.0,0.02,0.02,0,24,0,0,0,3.857142857142857,0.0
5,4760,4,False,0,2025-02-24,4,0.0,0.02,0.03,0,24,0,0,0,3.5714285714285716,0.0
5,4822,4,False,0,2025-02-24,3,0.0,0.02,0.05,0,24,0,0,0,3.7142857142857144,0.0
5,4871,4,False,0,2025-02-24,4,0.0,0.03,0.05,0,24,0,0,0,3.857142857142857,0.0
5,4972,4,False,0,2025-02-24,4,1.0,0.02,0.03,0,24,0,0,0,3.4285714285714284,0.0
5,5016,4,False,0,2025-02-24,6,0.0,0.05,0.07,0,24,0,0,0,3.5714285714285716,0.0
5,5039,4,False,0,2025-02-24,4,0.0,0.03,0.05,0,24,0,0,0,4.0,0.0
5,5184,4,False,0,2025-02-24,5,0.0,0.01,0.01,0,24,0,0,0,4.0,0.0
5,5250,4,False,0,2025-02-24,5,0.0,0.0,0.01,0,24,0,0,0,4.285714285714286,0.0
5,492,5,True,0,2025-02-24,11,2.0,0.01,0.03,0,24,0,0,0,4.428571428571429,2.652467955858396
5,663,5,True,0,2025-02-24,62,10.0,0.01,0.01,0,24,0,0,0,5.571428571428571,4.245732153457243
5,1950,5,True,0,2025-02-24,12,3.0,0.03,0.05,0,24,0,0,0,13.857142857142858,2.5821049045719553
5,2743,5,True,0,2025-02-24,9,4.0,0.02,0.07,0,24,0,0,0,15.0,2.1098482057670687
5,3550,5,True,0,2025-02-24,44,0.0,0.0,0.01,0,24,0,0,0,15.428571428571429,4.0408202683829595
5,4090,5,True,0,2025-02-24,68,3.0,0.02,0.04,0,24,0,0,0,21.142857142857142,4.244967722417672
5,4132,5,True,0,2025-02-24,61,6.0,0.01,0.01,0,24,0,0,0,30.142857142857142,5.36544942330491
5,4344,5,True,0,2025-02-24,8,5.0,0.02,0.02,0,24,0,0,0,38.142857142857146,2.343304321354563
5,243,6,False,0,2025-02-24,3,0.0,0.2,0.24,0,24,0,0,0,37.714285714285715,0.0
5,1668,6,False,0,2025-02-24,3,0.0,0.1,0.14,0,24,0,0,0,29.285714285714285,0.0
5,1684,6,False,0,2025-02-24,4,1.0,0.03,0.05,0,24,0,0,0,28.0,0.0
5,2078,6,False,0,2025-02-24,3,0.0,0.16,0.19,0,24,0,0,0,27.285714285714285,0.0
5,2508,6,False,0,2025-02-24,1,0.0,0.11,0.13,0,24,0,0,0,21.428571428571427,0.0
5,2544,6,False,0,2025-02-24,2,0.0,0.27,0.34,0,24,0,0,0,11.857142857142858,0.0
5,3024,6,False,0,2025-02-24,4,0.0,0.22,0.32,0,24,0,0,0,3.4285714285714284,0.0
5,3959,6,False,0,2025-02-24,4,0.0,0.17,0.21,0,24,0,0,0,2.857142857142857,0.0
5,3978,6,False,0,2025-02-24,1,0.0,0.07,0.1,0,24,0,0,0,3.0,0.0
5,4165,6,False,0,2025-02-24,1,0.0,0.09,0.15,0,24,0,0,0,2.7142857142857144,0.0
5,4329,6,False,0,2025-02-24,1,0.0,0.09,0.14,0,24,0,0,0,2.2857142857142856,0.0
5,4787,6,False,0,2025-02-24,3,0.0,0.08,0.12,0,24,0,0,0,2.0,0.0
5,4854,6,False,0,2025-02-24,3,0.0,0.07,0.09,0,24,0,0,0,2.2857142857142856,0.0
5,4904,6,False,0,2025-02-24,2,0.0,0.16,0.21,0,24,0,0,0,2.4285714285714284,0.0
5,2554,7,False,0,2025-02-24,8,0.0,0.0,0.01,0,24,0,0,0,2.142857142857143,3.0521463062436105
5,2867,7,False,0,2025-02-24,53,8.0,0.01,0.02,0,24,0,0,0,2.7142857142857144,4.449218268539438
5,3133,7,False,0,2025-02-24,60,2.0,0.0,0.01,0,24,0,0,0,10.142857142857142,3.6621511377494578
5,1,8,False,0,2025-02-24,55,8.0,0.0,0.01,0,24,0,0,0,18.571428571428573,3.5467118558673225
5,65,8,False,0,2025-02-24,19,1.0,0.0,0.01,0,24,0,0,0,26.285714285714285,2.3064908272780835
5,206,8,False,0,2025-02-24,50,2.0,0.0,0.0,0,24,0,0,0,28.571428571428573,0.0
5,435,8,False,0,2025-02-24,29,0.0,0.01,0.02,0,24,0,0,0,35.285714285714285,1.9395349419313954
5,512,8,False,0,2025-02-24,22,1.0,0.0,0.01,0,24,0,0,0,39.142857142857146,2.363933724810157
5,579,8,False,0,2025-02-24,6,1.0,0.01,0.01,0,24,0,0,0,41.142857142857146,2.1818630791606575
5,1375,8,False,0,2025-02-24,25,2.0,0.0,0.01,0,24,0,0,0,34.42857142857143,2.367286684906353
5,1954,8,False,0,2025-02-24,36,0.0,0.0,0.0,0,24,0,0,0,29.428571428571427,0.0
5,3322,8,False,0,2025-02-24,10,1.0,0.0,0.01,0,24,0,0,0,26.714285714285715,2.4757714952584164
5,4435,8,False,0,2025-02-24,18,2.0,0.02,0.03,0,24,0,0,0,25.428571428571427,0.0
5,5257,8,False,0,2025-02-24,47,1.0,0.0,0.01,0,24,0,0,0,20.857142857142858,0.0
5,110,9,True,0,2025-02-24,36,5.0,0.01,0.02,0,24,0,0,0,23.428571428571427,3.659585820128519
5,309,9,True,0,2025-02-24,7,8.0,0.01,0.03,0,24,0,0,0,25.428571428571427,2.5444255103977453
5,404,9,True,0,2025-02-24,20,3.0,0.01,0.02,0,24,0,0,0,25.571428571428573,2.2695453022410805
5,1270,9,True,0,2025-02-24,8,1.0,0.03,0.07,0,24,0,0,0,24.857142857142858,0.0
5,1553,9,True,0,2025-02-24,25,1.0,0.01,0.01,0,24,0,0,0,20.857142857142858,3.0038355770696885
5,1749,9,True,0,2025-02-24,3,0.0,0.01,0.03,0,24,0,0,0,23.0,0.0
5,1875,9,True,0,2025-02-24,13,0.0,0.02,0.1,0,24,0,0,0,20.857142857142858,0.0
5,2194,9,True,0,2025-02-24,21,0.0,0.0,0.02,0,24,0,0,0,16.0,0.0
5,2269,9,True,0,2025-02-24,39,3.0,0.01,0.03,0,24,0,0,0,13.857142857142858,3.440714120123967
5,2829,9,True,0,2025-02-24,11,1.0,0.02,0.02,0,24,0,0,0,18.428571428571427,2.2152952910120782
5,2927,9,True,0,2025-02-24,23,2.0,0.02,0.05,0,24,0,0,0,17.142857142857142,2.1503244314155996
5,3458,9,True,0,2025-02-24,16,0.0,0.0,0.02,0,24,0,0,0,19.285714285714285,0.0
5,3972,9,True,0,2025-02-24,13,0.0,0.01,0.02,0,24,0,0,0,18.0,0.0
5,3997,9,True,0,2025-02-24,9,5.0,0.03,0.07,0,24,0,0,0,19.428571428571427,2.1018697323895097
5,4125,9,True,0,2025-02-24,199,29.0,0.0,0.01,0,24,0,0,0,18.857142857142858,36.5292042953726
5,4201,9,True,0,2025-02-24,23,0.0,0.01,0.08,0,24,0,0,0,44.285714285714285,0.0
5,4378,9,True,0,2025-02-24,30,1.0,0.02,0.03,0,24,0,0,0,42.0,2.714809915658427
5,4706,9,True,0,2025-02-24,19,1.0,0.02,0.06,0,24,0,0,0,44.714285714285715,2.1631708900151136
5,4836,9,True,0,2025-02-24,15,0.0,0.01,0.03,0,24,0,0,0,44.142857142857146,2.058811349310417
5,4884,9,True,0,2025-02-24,43,1.0,0.0,0.02,0,24,0,0,0,44.0,0.0
5,4975,9,True,0,2025-02-24,42,9.0,0.01,0.01,0,24,0,0,0,48.285714285714285,5.5047799776569715
5,5107,9,True,0,2025-02-24,24,2.0,0.01,0.02,0,24,0,0,0,53.0,2.3383429262123956
5,513,10,False,0,2025-02-24,29,6.0,0.03,0.06,0,24,0,0,0,28.0,0.0
5,1564,10,False,0,2025-02-24,19,2.0,0.02,0.1,0,24,0,0,0,28.857142857142858,2.3925158799627724
5,2480,10,False,0,2025-02-24,15,0.0,0.01,0.02,0,24,0,0,0,27.285714285714285,2.0406457559276046
5,3576,10,False,0,2025-02-24,11,4.0,0.02,0.03,0,24,0,0,0,26.714285714285715,3.8686447483698663
5,2502,11,False,0,2025-02-24,56,2.0,0.23,0.22,0,24,0,0,0,26.142857142857142,1.8701864473908771
5,3113,11,False,0,2025-02-24,9,1.0,0.23,0.21,0,24,0,0,0,28.0,1.8472440895421258
5,3928,11,False,0,2025-02-24,11,2.0,0.05,0.07,0,24,0,0,0,23.285714285714285,1.876212267598608
5,909,1,False,0,2025-02-28,11,0.0,0.11,0.13,4,28,0,0,1,21.428571428571427,0.0
5,1995,1,False,0,2025-02-28,15,1.0,0.1,0.12,4,28,0,0,1,18.857142857142858,0.0
5,3901,1,False,0,2025-02-28,11,0.0,0.11,0.13,4,28,0,0,1,18.285714285714285,0.0
5,4584,1,False,0,2025-02-28,7,1.0,0.11,0.13,4,28,0,0,1,17.714285714285715,0.0
5,123,3,True,0,2025-02-28,38,4.0,0.04,0.05,4,28,0,0,1,17.142857142857142,4.795552030707609
5,312,3,True,0,2025-02-28,56,7.0,0.05,0.05,4,28,0,0,1,14.571428571428571,3.166479571721666
5,842,3,True,0,2025-02-28,71,0.0,0.01,0.01,4,28,0,0,1,21.285714285714285,3.774580889380082
5,1855,3,True,0,2025-02-28,229,2.0,0.01,0.01,4,28,0,0,1,29.857142857142858,3.329200297685493
5,1933,3,True,0,2025-02-28,259,86.0,0.02,0.02,4,28,0,0,1,61.0,6.451305922933329
5,2198,3,True,0,2025-02-28,39,7.0,0.01,0.01,4,28,0,0,1,95.85714285714286,4.155520653787899
5,2308,3,True,0,2025-02-28,96,18.0,0.01,0.01,4,28,0,0,1,99.85714285714286,4.155520653787899
5,2767,3,True,0,2025-02-28,120,2.0,0.01,0.02,4,28,0,0,1,112.57142857142857,2.113926170401803
5,3158,3,True,0,2025-02-28,14,5.0,0.04,0.06,4,28,0,0,1,124.28571428571429,2.1865877923591714
5,4032,3,True,0,2025-02-28,21,1.0,0.04,0.05,4,28,0,0,1,118.28571428571429,3.0007263536348274
5,5034,3,True,0,2025-02-28,118,4.0,0.01,0.01,4,28,0,0,1,111.14285714285714,3.4901667851071325
5,5195,3,True,0,2025-02-28,48,3.0,0.0,0.01,4,28,0,0,1,95.28571428571429,0.0
5,25,4,False,0,2025-02-28,12,0.0,0.02,0.05,4,28,0,0,1,65.14285714285714,0.0
5,52,4,False,0,2025-02-28,5,0.0,0.12,0.17,4,28,0,0,1,61.285714285714285,0.0
5,57,4,False,0,2025-02-28,10,0.0,0.06,0.08,4,28,0,0,1,48.285714285714285,0.0
5,60,4,False,0,2025-02-28,0,0.0,0.02,0.03,4,28,0,0,1,32.57142857142857,0.0
5,72,4,False,0,2025-02-28,4,0.0,0.03,0.04,4,28,0,0,1,30.571428571428573,0.0
5,96,4,False,0,2025-02-28,4,0.0,0.03,0.04,4,28,0,0,1,28.142857142857142,0.0
5,268,4,False,0,2025-02-28,6,0.0,0.03,0.05,4,28,0,0,1,11.857142857142858,0.0
5,301,4,False,0,2025-02-28,3,0.0,0.03,0.05,4,28,0,0,1,5.857142857142857,0.0
5,313,4,False,0,2025-02-28,7,0.0,0.04,0.05,4,28,0,0,1,4.571428571428571,0.0
5,340,4,False,0,2025-02-28,7,0.0,0.04,0.06,4,28,0,0,1,4.857142857142857,0.0
5,349,4,False,0,2025-02-28,3,2.0,0.08,0.1,4,28,0,0,1,4.428571428571429,0.0
5,511,4,False,0,2025-02-28,5,0.0,0.06,0.08,4,28,0,0,1,4.857142857142857,0.0
5,537,4,False,0,2025-02-28,4,0.0,0.04,0.06,4,28,0,0,1,5.0,0.0
5,577,4,False,0,2025-02-28,3,0.0,0.02,0.03,4,28,0,0,1,5.0,0.0
5,662,4,False,0,2025-02-28,6,0.0,0.01,0.02,4,28,0,0,1,4.571428571428571,0.0
5,691,4,False,0,2025-02-28,5,0.0,0.05,0.07,4,28,0,0,1,5.0,0.0
5,751,4,False,0,2025-02-28,10,0.0,0.0,0.01,4,28,0,0,1,4.714285714285714,0.0
5,777,4,False,0,2025-02-28,100,0.0,0.01,0.01,4,28,0,0,1,5.142857142857143,0.0
5,797,4,False,0,2025-02-28,4,0.0,0.05,0.07,4,28,0,0,1,19.0,0.0
5,839,4,False,0,2025-02-28,2,0.0,0.03,0.05,4,28,0,0,1,18.857142857142858,0.0
5,1034,4,False,0,2025-02-28,6,1.0,0.12,0.14,4,28,0,0,1,18.571428571428573,0.0
5,1053,4,False,0,2025-02-28,3,0.0,0.02,0.03,4,28,0,0,1,19.0,0.0
5,1058,4,False,0,2025-02-28,4,0.0,0.03,0.05,4,28,0,0,1,18.571428571428573,0.0
5,1072,4,False,0,2025-02-28,24,0.0,0.0,0.01,4,28,0,0,1,18.428571428571427,0.0
5,1082,4,False,0,2025-02-28,6,0.0,0.07,0.12,4,28,0,0,1,20.428571428571427,0.0
5,1096,4,False,0,2025-02-28,3,0.0,0.03,0.05,4,28,0,0,1,7.0,0.0
5,1127,4,False,0,2025-02-28,4,0.0,0.03,0.04,4,28,0,0,1,6.857142857142857,0.0
5,1174,4,False,0,2025-02-28,3,0.0,0.01,0.02,4,28,0,0,1,7.142857142857143,0.0
5,1221,4,False,0,2025-02-28,2,0.0,0.04,0.05,4,28,0,0,1,6.714285714285714,0.0
5,1299,4,False,0,2025-02-28,3,1.0,0.01,0.02,4,28,0,0,1,6.571428571428571,0.0
5,1300,4,False,0,2025-02-28,9,0.0,0.01,0.01,4,28,0,0,1,6.428571428571429,0.0
5,1311,4,False,0,2025-02-28,3,1.0,0.02,0.03,4,28,0,0,1,4.285714285714286,0.0
5,1392,4,False,0,2025-02-28,3,0.0,0.05,0.07,4,28,0,0,1,3.857142857142857,0.0
5,1424,4,False,0,2025-02-28,4,0.0,0.01,0.03,4,28,0,0,1,3.857142857142857,0.0
5,1494,4,False,0,2025-02-28,3,0.0,0.02,0.04,4,28,0,0,1,3.857142857142857,0.0
5,1547,4,False,0,2025-02-28,1,0.0,0.05,0.07,4,28,0,0,1,3.857142857142857,0.0
5,1548,4,False,0,2025-02-28,4,0.0,0.03,0.05,4,28,0,0,1,3.7142857142857144,0.0
5,1657,4,False,0,2025-02-28,6,0.0,0.01,0.02,4,28,0,0,1,3.857142857142857,0.0
5,1659,4,False,0,2025-02-28,6,1.0,0.04,0.06,4,28,0,0,1,3.4285714285714284,0.0
5,1665,4,False,0,2025-02-28,1,0.0,0.04,0.06,4,28,0,0,1,3.857142857142857,0.0
5,1685,4,False,0,2025-02-28,3,0.0,0.02,0.02,4,28,0,0,1,3.5714285714285716,0.0
5,1703,4,False,0,2025-02-28,4,0.0,0.02,0.03,4,28,0,0,1,3.4285714285714284,0.0
5,1880,4,False,0,2025-02-28,3,0.0,0.01,0.02,4,28,0,0,1,3.5714285714285716,0.0
5,1904,4,False,0,2025-02-28,2,0.0,0.02,0.04,4,28,0,0,1,3.857142857142857,0.0
5,1939,4,False,0,2025-02-28,4,0.0,0.01,0.02,4,28,0,0,1,3.5714285714285716,0.0
5,1960,4,False,0,2025-02-28,4,0.0,0.03,0.04,4,28,0,0,1,3.2857142857142856,0.0
5,2016,4,False,0,2025-02-28,3,0.0,0.03,0.04,4,28,0,0,1,3.0,0.0
5,2052,4,False,0,2025-02-28,5,0.0,0.02,0.03,4,28,0,0,1,3.2857142857142856,0.0
5,2116,4,False,0,2025-02-28,3,0.0,0.03,0.05,4,28,0,0,1,3.5714285714285716,0.0
5,2125,4,False,0,2025-02-28,6,0.0,0.08,0.1,4,28,0,0,1,3.4285714285714284,0.0
5,2156,4,False,0,2025-02-28,3,0.0,0.04,0.05,4,28,0,0,1,3.857142857142857,0.0
5,2212,4,False,0,2025-02-28,2,0.0,0.03,0.05,4,28,0,0,1,4.0,0.0
5,2326,4,False,0,2025-02-28,4,0.0,0.04,0.06,4,28,0,0,1,3.7142857142857144,0.0
5,2343,4,False,0,2025-02-28,3,0.0,0.01,0.02,4,28,0,0,1,3.7142857142857144,0.0
5,2415,4,False,0,2025-02-28,59,0.0,0.01,0.01,4,28,0,0,1,3.7142857142857144,0.0
5,2454,4,False,0,2025-02-28,6,0.0,0.01,0.02,4,28,0,0,1,11.428571428571429,0.0
5,2461,4,False,0,2025-02-28,10,0.0,0.01,0.01,4,28,0,0,1,11.857142857142858,0.0
5,2492,4,False,0,2025-02-28,4,0.0,0.02,0.03,4,28,0,0,1,12.428571428571429,0.0
5,2632,4,False,0,2025-02-28,5,1.0,0.06,0.06,4,28,0,0,1,12.571428571428571,0.0
5,2691,4,False,0,2025-02-28,3,0.0,0.05,0.06,4,28,0,0,1,13.0,0.0
5,2730,4,False,0,2025-02-28,6,0.0,0.02,0.04,4,28,0,0,1,12.857142857142858,0.0
5,2754,4,False,0,2025-02-28,12,1.0,0.02,0.04,4,28,0,0,1,13.285714285714286,1.9440246009453446
5,2824,4,False,0,2025-02-28,2,0.0,0.03,0.04,4,28,0,0,1,6.571428571428571,0.0
5,2835,4,False,0,2025-02-28,9,0.0,0.01,0.03,4,28,0,0,1,6.0,0.0
5,2842,4,False,0,2025-02-28,4,0.0,0.03,0.04,4,28,0,0,1,5.857142857142857,0.0
5,2847,4,False,0,2025-02-28,2,0.0,0.04,0.05,4,28,0,0,1,5.857142857142857,0.0
5,2885,4,False,0,2025-02-28,6,1.0,0.04,0.07,4,28,0,0,1,5.428571428571429,0.0
5,2950,4,False,0,2025-02-28,5,0.0,0.01,0.02,4,28,0,0,1,5.857142857142857,0.0
5,2977,4,False,0,2025-02-28,4,0.0,0.04,0.07,4,28,0,0,1,5.714285714285714,0.0
5,3089,4,False,0,2025-02-28,2,0.0,0.06,0.07,4,28,0,0,1,4.571428571428571,0.0
5,3143,4,False,0,2025-02-28,3,0.0,0.03,0.04,4,28,0,0,1,4.571428571428571,0.0
5,3148,4,False,0,2025-02-28,5,0.0,0.03,0.04,4,28,0,0,1,3.7142857142857144,0.0
5,3153,4,False,0,2025-02-28,3,0.0,0.06,0.08,4,28,0,0,1,3.857142857142857,0.0
5,3223,4,False,0,2025-02-28,12,0.0,0.03,0.05,4,28,0,0,1,4.0,0.0
5,3334,4,False,0,2025-02-28,7,1.0,0.02,0.03,4,28,0,0,1,4.857142857142857,0.0
5,3335,4,False,0,2025-02-28,5,1.0,0.12,0.16,4,28,0,0,1,5.142857142857143,0.0
5,3382,4,False,0,2025-02-28,10,0.0,0.03,0.05,4,28,0,0,1,5.285714285714286,0.0
5,3419,4,False,0,2025-02-28,1,0.0,0.03,0.05,4,28,0,0,1,6.428571428571429,0.0
5,3447,4,False,0,2025-02-28,4,0.0,0.01,0.02,4,28,0,0,1,6.142857142857143,0.0
5,3448,4,False,0,2025-02-28,6,1.0,0.04,0.06,4,28,0,0,1,6.0,0.0
5,3479,4,False,0,2025-02-28,5,0.0,0.04,0.07,4,28,0,0,1,6.428571428571429,0.0
5,3529,4,False,0,2025-02-28,2,1.0,0.02,0.03,4,28,0,0,1,5.428571428571429,0.0
5,3532,4,False,0,2025-02-28,0,0.0,0.01,0.02,4,28,0,0,1,4.714285714285714,0.0
5,3535,4,False,0,2025-02-28,4,0.0,0.11,0.15,4,28,0,0,1,4.0,0.0
5,3607,4,False,0,2025-02-28,2,1.0,0.01,0.02,4,28,0,0,1,3.142857142857143,0.0
5,3646,4,False,0,2025-02-28,4,0.0,0.02,0.02,4,28,0,0,1,3.2857142857142856,0.0
5,3865,4,False,0,2025-02-28,3,0.0,0.06,0.09,4,28,0,0,1,3.2857142857142856,0.0
5,3960,4,False,0,2025-02-28,4,0.0,0.01,0.02,4,28,0,0,1,2.857142857142857,0.0
5,4070,4,False,0,2025-02-28,12,0.0,0.04,0.06,4,28,0,0,1,2.7142857142857144,0.0
5,4098,4,False,0,2025-02-28,4,0.0,0.01,0.02,4,28,0,0,1,4.142857142857143,0.0
5,4126,4,False,0,2025-02-28,3,0.0,0.05,0.06,4,28,0,0,1,4.714285714285714,0.0
5,4198,4,False,0,2025-02-28,2,0.0,0.05,0.07,4,28,0,0,1,4.571428571428571,0.0
5,4240,4,False,0,2025-02-28,1,0.0,0.01,0.02,4,28,0,0,1,4.571428571428571,0.0
5,4304,4,False,0,2025-02-28,4,0.0,0.02,0.03,4,28,0,0,1,4.142857142857143,0.0
5,4307,4,False,0,2025-02-28,4,0.0,0.02,0.03,4,28,0,0,1,4.285714285714286,0.0
5,4347,4,False,0,2025-02-28,8,0.0,0.03,0.05,4,28,0,0,1,4.285714285714286,0.0
5,4423,4,False,0,2025-02-28,4,0.0,0.04,0.07,4,28,0,0,1,3.7142857142857144,0.0
5,4554,4,False,0,2025-02-28,3,0.0,0.0,0.01,4,28,0,0,1,3.7142857142857144,0.0
5,4652,4,False,0,2025-02-28,6,0.0,0.02,0.02,4,28,0,0,1,3.7142857142857144,0.0
5,4653,4,False,0,2025-02-28,3,0.0,0.0,0.01,4,28,0,0,1,4.285714285714286,0.0
5,4659,4,False,0,2025-02-28,3,0.0,0.05,0.1,4,28,0,0,1,4.571428571428571,0.0
5,4690,4,False,0,2025-02-28,4,0.0,0.02,0.03,4,28,0,0,1,4.428571428571429,0.0
5,4723,4,False,0,2025-02-28,2,1.0,0.02,0.02,4,28,0,0,1,4.428571428571429,0.0
5,4760,4,False,0,2025-02-28,3,0.0,0.02,0.03,4,28,0,0,1,3.5714285714285716,0.0
5,4822,4,False,0,2025-02-28,3,0.0,0.02,0.05,4,28,0,0,1,3.4285714285714284,0.0
5,4871,4,False,0,2025-02-28,4,0.0,0.03,0.05,4,28,0,0,1,3.4285714285714284,0.0
5,4972,4,False,0,2025-02-28,4,0.0,0.02,0.03,4,28,0,0,1,3.142857142857143,0.0
5,5016,4,False,0,2025-02-28,3,0.0,0.05,0.07,4,28,0,0,1,3.2857142857142856,0.0
5,5039,4,False,0,2025-02-28,3,1.0,0.03,0.06,4,28,0,0,1,3.2857142857142856,0.0
5,5184,4,False,0,2025-02-28,5,0.0,0.01,0.01,4,28,0,0,1,3.142857142857143,0.0
5,5250,4,False,0,2025-02-28,9,0.0,0.0,0.01,4,28,0,0,1,3.5714285714285716,0.0
5,492,5,True,0,2025-02-28,10,5.0,0.01,0.03,4,28,0,0,1,4.428571428571429,2.652467955858396
5,663,5,True,0,2025-02-28,63,11.0,0.01,0.01,4,28,0,0,1,5.428571428571429,4.245732153457243
5,1950,5,True,0,2025-02-28,10,2.0,0.03,0.05,4,28,0,0,1,13.857142857142858,2.5821049045719553
5,2743,5,True,0,2025-02-28,10,2.0,0.02,0.06,4,28,0,0,1,14.714285714285714,2.0993382992564023
5,3550,5,True,0,2025-02-28,31,8.0,0.0,0.01,4,28,0,0,1,15.714285714285714,4.0408202683829595
5,4090,5,True,0,2025-02-28,92,4.0,0.02,0.04,4,28,0,0,1,19.714285714285715,4.182144963013601
5,4132,5,True,0,2025-02-28,45,5.0,0.01,0.01,4,28,0,0,1,32.142857142857146,5.36544942330491
5,4344,5,True,0,2025-02-28,9,2.0,0.02,0.02,4,28,0,0,1,37.285714285714285,2.343304321354563
5,243,6,False,0,2025-02-28,3,0.0,0.2,0.24,4,28,0,0,1,37.142857142857146,0.0
5,1668,6,False,0,2025-02-28,3,0.0,0.1,0.14,4,28,0,0,1,28.571428571428573,0.0
5,1684,6,False,0,2025-02-28,5,0.0,0.03,0.05,4,28,0,0,1,27.571428571428573,0.0
5,2078,6,False,0,2025-02-28,3,0.0,0.16,0.19,4,28,0,0,1,26.857142857142858,0.0
5,2508,6,False,0,2025-02-28,1,0.0,0.11,0.13,4,28,0,0,1,22.857142857142858,0.0
5,2544,6,False,0,2025-02-28,0,2.0,0.27,0.33,4,28,0,0,1,9.857142857142858,0.0
5,3024,6,False,0,2025-02-28,3,0.0,0.22,0.32,4,28,0,0,1,3.4285714285714284,0.0
5,3959,6,False,0,2025-02-28,3,0.0,0.18,0.21,4,28,0,0,1,2.5714285714285716,0.0
5,3978,6,False,0,2025-02-28,1,0.0,0.07,0.1,4,28,0,0,1,2.5714285714285716,0.0
5,4165,6,False,0,2025-02-28,0,1.0,0.09,0.15,4,28,0,0,1,2.2857142857142856,0.0
5,4329,6,False,0,2025-02-28,1,0.0,0.09,0.14,4,28,0,0,1,1.5714285714285714,0.0
5,4787,6,False,0,2025-02-28,2,0.0,0.08,0.11,4,28,0,0,1,1.2857142857142858,0.0
5,4854,6,False,0,2025-02-28,3,0.0,0.07,0.09,4,28,0,0,1,1.4285714285714286,0.0
5,4904,6,False,0,2025-02-28,2,0.0,0.16,0.21,4,28,0,0,1,1.8571428571428572,0.0
5,2554,7,False,0,2025-02-28,8,0.0,0.0,0.01,4,28,0,0,1,1.7142857142857142,3.0521463062436105
5,2867,7,False,0,2025-02-28,60,4.0,0.01,0.02,4,28,0,0,1,2.4285714285714284,4.449218268539438
5,3133,7,False,0,2025-02-28,59,2.0,0.0,0.01,4,28,0,0,1,10.857142857142858,3.6621511377494578
5,1,8,False,0,2025-02-28,89,1.0,0.0,0.01,4,28,0,0,1,19.285714285714285,3.5467118558673225
5,65,8,False,0,2025-02-28,37,1.0,0.0,0.01,4,28,0,0,1,31.857142857142858,2.3064908272780835
5,206,8,False,0,2025-02-28,46,1.0,0.0,0.0,4,28,0,0,1,36.857142857142854,0.0
5,435,8,False,0,2025-02-28,22,3.0,0.01,0.02,4,28,0,0,1,43.0,1.9573944443587332
5,512,8,False,0,2025-02-28,38,1.0,0.0,0.01,4,28,0,0,1,45.857142857142854,2.363933724810157
5,579,8,False,0,2025-02-28,14,0.0,0.01,0.02,4,28,0,0,1,50.142857142857146,2.0593096176780175
5,1375,8,False,0,2025-02-28,22,0.0,0.0,0.01,4,28,0,0,1,43.57142857142857,2.3438571460356474
5,1954,8,False,0,2025-02-28,36,0.0,0.0,0.0,4,28,0,0,1,38.285714285714285,0.0
5,3322,8,False,0,2025-02-28,16,3.0,0.0,0.01,4,28,0,0,1,30.714285714285715,2.4757714952584164
5,4435,8,False,0,2025-02-28,15,0.0,0.02,0.03,4,28,0,0,1,27.714285714285715,0.0
5,5257,8,False,0,2025-02-28,38,0.0,0.0,0.01,4,28,0,0,1,23.285714285714285,0.0
5,110,9,True,0,2025-02-28,64,3.0,0.01,0.01,4,28,0,0,1,25.571428571428573,5.358748087684237
5,309,9,True,0,2025-02-28,12,5.0,0.01,0.03,4,28,0,0,1,29.285714285714285,2.5444255103977453
5,404,9,True,0,2025-02-28,21,1.0,0.01,0.05,4,28,0,0,1,29.0,1.969655875101473
5,1270,9,True,0,2025-02-28,8,0.0,0.03,0.06,4,28,0,0,1,28.857142857142858,0.0
5,1553,9,True,0,2025-02-28,19,2.0,0.01,0.01,4,28,0,0,1,24.857142857142858,3.129170336777574
5,1749,9,True,0,2025-02-28,4,0.0,0.01,0.03,4,28,0,0,1,25.285714285714285,0.0
5,1875,9,True,0,2025-02-28,13,0.0,0.02,0.1,4,28,0,0,1,23.714285714285715,0.0
5,2194,9,True,0,2025-02-28,38,2.0,0.0,0.03,4,28,0,0,1,20.142857142857142,0.0
5,2269,9,True,0,2025-02-28,46,2.0,0.01,0.03,4,28,0,0,1,16.428571428571427,3.440714120123967
5,2829,9,True,0,2025-02-28,13,0.0,0.02,0.03,4,28,0,0,1,21.285714285714285,2.330368582523611
5,2927,9,True,0,2025-02-28,28,1.0,0.02,0.05,4,28,0,0,1,20.142857142857142,2.146511970656131
5,3458,9,True,0,2025-02-28,11,0.0,0.0,0.03,4,28,0,0,1,23.0,0.0
5,3972,9,True,0,2025-02-28,10,4.0,0.01,0.01,4,28,0,0,1,21.857142857142858,0.0
5,3997,9,True,0,2025-02-28,15,3.0,0.03,0.11,4,28,0,0,1,22.714285714285715,1.8863815562244821
5,4125,9,True,0,2025-02-28,213,43.0,0.0,0.01,4,28,0,0,1,23.0,39.07927854978194
5,4201,9,True,0,2025-02-28,12,8.0,0.01,0.1,4,28,0,0,1,48.0,2.133728095406529
5,4378,9,True,0,2025-02-28,34,4.0,0.02,0.03,4,28,0,0,1,43.142857142857146,2.714809915658427
5,4706,9,True,0,2025-02-28,23,4.0,0.02,0.08,4,28,0,0,1,46.142857142857146,2.159167594446829
5,4836,9,True,0,2025-02-28,12,2.0,0.01,0.03,4,28,0,0,1,45.42857142857143,0.0
5,4884,9,True,0,2025-02-28,38,5.0,0.0,0.02,4,28,0,0,1,45.57142857142857,0.0
5,4975,9,True,0,2025-02-28,43,12.0,0.01,0.01,4,28,0,0,1,49.57142857142857,5.5047799776569715
5,5107,9,True,0,2025-02-28,23,5.0,0.01,0.02,4,28,0,0,1,53.57142857142857,2.3383429262123956
5,513,10,False,0,2025-02-28,28,1.0,0.03,0.09,4,28,0,0,1,26.428571428571427,1.6556569038952604
5,1564,10,False,0,2025-02-28,22,6.0,0.02,0.07,4,28,0,0,1,28.714285714285715,2.2395004150048132
5,2480,10,False,0,2025-02-28,19,1.0,0.01,0.02,4,28,0,0,1,27.0,2.0406457559276046
5,3576,10,False,0,2025-02-28,20,5.0,0.02,0.03,4,28,0,0,1,26.428571428571427,3.8686447483698663
5,2502,11,False,0,2025-02-28,58,2.0,0.23,0.2,4,28,0,0,1,27.571428571428573,1.8701864473908771
5,3113,11,False,0,2025-02-28,12,3.0,0.23,0.2,4,28,0,0,1,30.428571428571427,1.8472440895421258
5,3928,11,False,0,2025-02-28,13,2.0,0.05,0.06,4,28,0,0,1,26.0,2.1796070670294507
