loja_id,produto_id,categoria_id,is_medicamento,curva,data,estoque,venda,custo,preco,dia_semana_abrev,dia_do_mes,abreviacao_mes,fim_de_semana,inicio_fim_mes,media_leg7_estoque,pred_venda
8,488,1,False,0,2025-02-22,6,2.0,0.14,0.16,5,22,0,1,0,,1.1347742165363333
8,1985,1,False,0,2025-02-22,8,0.0,0.14,0.17,5,22,0,1,0,6.0,0.0
8,2735,1,False,0,2025-02-22,8,5.0,0.14,0.15,5,22,0,1,0,7.0,0.0
8,3664,1,False,0,2025-02-22,2,0.0,0.14,0.16,5,22,0,1,0,7.333333333333333,0.0
8,4052,1,False,0,2025-02-22,6,0.0,0.15,0.17,5,22,0,1,0,6.0,0.0
8,48,3,True,0,2025-02-22,2,0.0,0.12,0.17,5,22,0,1,0,6.0,0.0
8,59,3,True,0,2025-02-22,13,0.0,0.02,0.02,5,22,0,1,0,5.333333333333333,0.0
8,82,3,True,0,2025-02-22,6,0.0,0.06,0.07,5,22,0,1,0,6.428571428571429,0.0
8,86,3,True,0,2025-02-22,3,0.0,0.12,0.14,5,22,0,1,0,6.428571428571429,0.0
8,87,3,True,0,2025-02-22,10,0.0,0.03,0.04,5,22,0,1,0,5.714285714285714,0.0
8,94,3,True,0,2025-02-22,11,2.0,0.08,0.16,5,22,0,1,0,6.0,0.0
8,103,3,True,0,2025-02-22,9,0.0,0.06,0.08,5,22,0,1,0,7.285714285714286,0.0
8,106,3,True,0,2025-02-22,2,0.0,0.04,0.06,5,22,0,1,0,7.714285714285714,0.0
8,167,3,True,0,2025-02-22,1,0.0,0.09,0.12,5,22,0,1,0,7.714285714285714,0.0
8,212,3,True,0,2025-02-22,3,0.0,0.05,0.07,5,22,0,1,0,6.0,0.0
8,234,3,True,0,2025-02-22,2,0.0,0.08,0.1,5,22,0,1,0,5.571428571428571,0.0
8,281,3,True,0,2025-02-22,9,1.0,0.07,0.09,5,22,0,1,0,5.428571428571429,0.0
8,381,3,True,0,2025-02-22,13,0.0,0.04,0.05,5,22,0,1,0,5.285714285714286,0.0
8,415,3,True,0,2025-02-22,3,0.0,0.07,0.1,5,22,0,1,0,5.571428571428571,0.0
8,440,3,True,0,2025-02-22,4,1.0,0.05,0.06,5,22,0,1,0,4.714285714285714,0.0
8,470,3,True,0,2025-02-22,1,0.0,0.07,0.09,5,22,0,1,0,5.0,0.0
8,493,3,True,0,2025-02-22,2,0.0,0.11,0.13,5,22,0,1,0,5.0,0.0
8,516,3,True,0,2025-02-22,0,0.0,0.02,0.02,5,22,0,1,0,4.857142857142857,0.0
8,605,3,True,0,2025-02-22,4,0.0,0.05,0.06,5,22,0,1,0,4.571428571428571,0.0
8,612,3,True,0,2025-02-22,14,0.0,0.03,0.03,5,22,0,1,0,3.857142857142857,0.0
8,620,3,True,0,2025-02-22,3,0.0,0.02,0.02,5,22,0,1,0,4.0,0.0
8,650,3,True,0,2025-02-22,6,1.0,0.08,0.11,5,22,0,1,0,4.0,0.0
8,686,3,True,0,2025-02-22,3,0.0,0.03,0.05,5,22,0,1,0,4.285714285714286,0.0
8,703,3,True,0,2025-02-22,8,0.0,0.02,0.02,5,22,0,1,0,4.571428571428571,0.0
8,742,3,True,0,2025-02-22,2,0.0,0.04,0.05,5,22,0,1,0,5.428571428571429,0.0
8,855,3,True,0,2025-02-22,1,0.0,0.02,0.03,5,22,0,1,0,5.714285714285714,0.0
8,947,3,True,0,2025-02-22,40,0.0,0.01,0.01,5,22,0,1,0,5.285714285714286,0.0
8,1052,3,True,0,2025-02-22,1,0.0,0.02,0.03,5,22,0,1,0,9.0,0.0
8,1071,3,True,0,2025-02-22,3,0.0,0.02,0.05,5,22,0,1,0,8.714285714285714,0.0
8,1103,3,True,0,2025-02-22,25,0.0,0.1,0.14,5,22,0,1,0,8.285714285714286,0.0
8,1105,3,True,0,2025-02-22,7,0.0,0.05,0.07,5,22,0,1,0,11.428571428571429,0.0
8,1120,3,True,0,2025-02-22,4,0.0,0.06,0.09,5,22,0,1,0,11.285714285714286,0.0
8,1175,3,True,0,2025-02-22,2,0.0,0.01,0.03,5,22,0,1,0,11.571428571428571,0.0
8,1190,3,True,0,2025-02-22,3,0.0,0.04,0.05,5,22,0,1,0,11.714285714285714,0.0
8,1223,3,True,0,2025-02-22,2,1.0,0.03,0.05,5,22,0,1,0,6.428571428571429,0.0
8,1235,3,True,0,2025-02-22,1,0.0,0.06,0.08,5,22,0,1,0,6.571428571428571,0.0
8,1261,3,True,0,2025-02-22,5,0.0,0.07,0.09,5,22,0,1,0,6.285714285714286,0.0
8,1291,3,True,0,2025-02-22,7,0.0,0.04,0.05,5,22,0,1,0,3.4285714285714284,0.0
8,1382,3,True,0,2025-02-22,3,0.0,0.05,0.07,5,22,0,1,0,3.4285714285714284,0.0
8,1384,3,True,0,2025-02-22,4,0.0,0.08,0.1,5,22,0,1,0,3.2857142857142856,0.0
8,1390,3,True,0,2025-02-22,5,1.0,0.04,0.06,5,22,0,1,0,3.5714285714285716,0.0
8,1447,3,True,0,2025-02-22,4,0.0,0.08,0.11,5,22,0,1,0,3.857142857142857,0.0
8,1470,3,True,0,2025-02-22,8,0.0,0.06,0.08,5,22,0,1,0,4.142857142857143,0.0
8,1503,3,True,0,2025-02-22,2,0.0,0.17,0.19,5,22,0,1,0,5.142857142857143,0.0
8,1505,3,True,0,2025-02-22,16,0.0,0.01,0.02,5,22,0,1,0,4.714285714285714,0.0
8,1531,3,True,0,2025-02-22,5,0.0,0.05,0.08,5,22,0,1,0,6.0,0.0
8,1576,3,True,0,2025-02-22,3,1.0,0.13,0.16,5,22,0,1,0,6.285714285714286,0.0
8,1610,3,True,0,2025-02-22,36,0.0,0.01,0.01,5,22,0,1,0,6.142857142857143,0.0
8,1642,3,True,0,2025-02-22,0,0.0,0.09,0.12,5,22,0,1,0,10.571428571428571,0.0
8,1771,3,True,0,2025-02-22,1,0.0,0.17,0.22,5,22,0,1,0,10.0,0.0
8,1822,3,True,0,2025-02-22,1,0.0,0.08,0.1,5,22,0,1,0,9.0,0.0
8,1849,3,True,0,2025-02-22,2,0.0,0.05,0.06,5,22,0,1,0,8.857142857142858,0.0
8,1902,3,True,0,2025-02-22,5,0.0,0.03,0.04,5,22,0,1,0,6.857142857142857,0.0
8,1940,3,True,0,2025-02-22,2,0.0,0.04,0.06,5,22,0,1,0,6.857142857142857,0.0
8,1949,3,True,0,2025-02-22,3,0.0,0.04,0.05,5,22,0,1,0,6.714285714285714,0.0
8,1969,3,True,0,2025-02-22,2,0.0,0.13,0.14,5,22,0,1,0,2.0,0.0
8,1988,3,True,0,2025-02-22,3,0.0,0.12,0.16,5,22,0,1,0,2.2857142857142856,0.0
8,1997,3,True,0,2025-02-22,7,0.0,0.01,0.02,5,22,0,1,0,2.5714285714285716,0.0
8,2039,3,True,0,2025-02-22,24,1.0,0.01,0.02,5,22,0,1,0,3.4285714285714284,0.0
8,2040,3,True,0,2025-02-22,1,0.0,0.08,0.11,5,22,0,1,0,6.571428571428571,0.0
8,2048,3,True,0,2025-02-22,3,0.0,0.04,0.06,5,22,0,1,0,6.0,0.0
8,2062,3,True,0,2025-02-22,2,0.0,0.11,0.13,5,22,0,1,0,6.142857142857143,0.0
8,2110,3,True,0,2025-02-22,5,0.0,0.06,0.08,5,22,0,1,0,6.0,0.0
8,2127,3,True,0,2025-02-22,25,0.0,0.03,0.03,5,22,0,1,0,6.428571428571429,0.0
8,2151,3,True,0,2025-02-22,0,0.0,0.0,0.01,5,22,0,1,0,9.571428571428571,0.0
8,2185,3,True,0,2025-02-22,7,0.0,0.04,0.05,5,22,0,1,0,8.571428571428571,0.0
8,2236,3,True,0,2025-02-22,8,1.0,0.07,0.09,5,22,0,1,0,6.142857142857143,0.0
8,2331,3,True,0,2025-02-22,6,0.0,0.51,0.55,5,22,0,1,0,7.142857142857143,0.0
8,2432,3,True,0,2025-02-22,5,0.0,0.03,0.04,5,22,0,1,0,7.571428571428571,0.0
8,2491,3,True,0,2025-02-22,2,0.0,0.03,0.04,5,22,0,1,0,8.0,0.0
8,2551,3,True,0,2025-02-22,1,0.0,0.02,0.02,5,22,0,1,0,7.571428571428571,0.0
8,2558,3,True,0,2025-02-22,1,3.0,0.08,0.11,5,22,0,1,0,4.142857142857143,0.0
8,2585,3,True,0,2025-02-22,5,0.0,0.03,0.04,5,22,0,1,0,4.285714285714286,0.0
8,2595,3,True,0,2025-02-22,14,0.0,0.0,0.01,5,22,0,1,0,4.0,0.0
8,2700,3,True,0,2025-02-22,21,0.0,0.01,0.01,5,22,0,1,0,4.857142857142857,0.0
8,2805,3,True,0,2025-02-22,6,0.0,0.08,0.11,5,22,0,1,0,7.0,0.0
8,2816,3,True,0,2025-02-22,5,0.0,0.06,0.08,5,22,0,1,0,7.142857142857143,0.0
8,2840,3,True,0,2025-02-22,4,0.0,0.17,0.21,5,22,0,1,0,7.571428571428571,0.0
8,2852,3,True,0,2025-02-22,3,0.0,0.07,0.1,5,22,0,1,0,8.0,0.0
8,2884,3,True,0,2025-02-22,5,0.0,0.23,0.3,5,22,0,1,0,8.285714285714286,0.0
8,2889,3,True,0,2025-02-22,5,0.0,0.03,0.04,5,22,0,1,0,8.285714285714286,0.0
8,3190,3,True,0,2025-02-22,35,0.0,0.02,0.02,5,22,0,1,0,7.0,0.0
8,3239,3,True,0,2025-02-22,4,0.0,0.06,0.07,5,22,0,1,0,9.0,0.0
8,3279,3,True,0,2025-02-22,5,0.0,0.02,0.02,5,22,0,1,0,8.714285714285714,0.0
8,3283,3,True,0,2025-02-22,3,0.0,0.1,0.13,5,22,0,1,0,8.714285714285714,0.0
8,3339,3,True,0,2025-02-22,27,0.0,0.01,0.01,5,22,0,1,0,8.571428571428571,0.0
8,3349,3,True,0,2025-02-22,2,0.0,0.27,0.38,5,22,0,1,0,12.0,0.0
8,3360,3,True,0,2025-02-22,1,0.0,0.02,0.04,5,22,0,1,0,11.571428571428571,0.0
8,3556,3,True,0,2025-02-22,1,0.0,0.26,0.32,5,22,0,1,0,11.0,0.0
8,3693,3,True,0,2025-02-22,10,0.0,0.01,0.01,5,22,0,1,0,6.142857142857143,0.0
8,3717,3,True,0,2025-02-22,0,0.0,0.05,0.06,5,22,0,1,0,7.0,0.0
8,3768,3,True,0,2025-02-22,3,0.0,0.02,0.02,5,22,0,1,0,6.285714285714286,0.0
8,3786,3,True,0,2025-02-22,0,0.0,0.05,0.16,5,22,0,1,0,6.285714285714286,0.0
8,3862,3,True,0,2025-02-22,1,1.0,0.07,0.09,5,22,0,1,0,2.4285714285714284,0.0
8,3931,3,True,0,2025-02-22,13,0.0,0.01,0.02,5,22,0,1,0,2.2857142857142856,0.0
8,3985,3,True,0,2025-02-22,4,0.0,0.12,0.16,5,22,0,1,0,4.0,0.0
8,4059,3,True,0,2025-02-22,6,0.0,0.33,0.34,5,22,0,1,0,4.428571428571429,0.0
8,4101,3,True,0,2025-02-22,8,0.0,0.13,0.15,5,22,0,1,0,3.857142857142857,0.0
8,4144,3,True,0,2025-02-22,23,0.0,0.02,0.03,5,22,0,1,0,5.0,0.0
8,4176,3,True,0,2025-02-22,5,0.0,0.03,0.05,5,22,0,1,0,7.857142857142857,0.0
8,4204,3,True,0,2025-02-22,0,0.0,0.14,0.17,5,22,0,1,0,8.571428571428571,0.0
8,4205,3,True,0,2025-02-22,30,2.0,0.02,0.02,5,22,0,1,0,8.428571428571429,0.0
8,4215,3,True,0,2025-02-22,2,0.0,0.03,0.07,5,22,0,1,0,10.857142857142858,0.0
8,4252,3,True,0,2025-02-22,2,2.0,0.02,0.03,5,22,0,1,0,10.571428571428571,0.0
8,4321,3,True,0,2025-02-22,1,0.0,0.1,0.11,5,22,0,1,0,10.0,0.0
8,4333,3,True,0,2025-02-22,2,0.0,0.21,0.26,5,22,0,1,0,9.0,0.0
8,4426,3,True,0,2025-02-22,40,0.0,0.03,0.05,5,22,0,1,0,6.0,0.0
8,4433,3,True,0,2025-02-22,1,0.0,0.05,0.07,5,22,0,1,0,11.0,0.0
8,4439,3,True,0,2025-02-22,27,1.0,0.02,0.02,5,22,0,1,0,11.142857142857142,0.0
8,4447,3,True,0,2025-02-22,6,0.0,0.02,0.03,5,22,0,1,0,10.714285714285714,0.0
8,4461,3,True,0,2025-02-22,9,0.0,0.03,0.03,5,22,0,1,0,11.285714285714286,0.0
8,4470,3,True,0,2025-02-22,2,0.0,0.07,0.09,5,22,0,1,0,12.285714285714286,0.0
8,4488,3,True,0,2025-02-22,3,0.0,0.01,0.03,5,22,0,1,0,12.428571428571429,0.0
8,4504,3,True,0,2025-02-22,2,0.0,0.03,0.04,5,22,0,1,0,12.571428571428571,0.0
8,4523,3,True,0,2025-02-22,2,0.0,0.06,0.09,5,22,0,1,0,7.142857142857143,0.0
8,4596,3,True,0,2025-02-22,4,0.0,0.07,0.08,5,22,0,1,0,7.285714285714286,0.0
8,4633,3,True,0,2025-02-22,4,0.0,0.04,0.06,5,22,0,1,0,4.0,0.0
8,4713,3,True,0,2025-02-22,2,0.0,0.04,0.06,5,22,0,1,0,3.7142857142857144,0.0
8,4722,3,True,0,2025-02-22,7,0.0,0.04,0.06,5,22,0,1,0,2.7142857142857144,0.0
8,4766,3,True,0,2025-02-22,5,0.0,0.03,0.04,5,22,0,1,0,3.4285714285714284,0.0
8,4786,3,True,0,2025-02-22,5,0.0,0.03,0.04,5,22,0,1,0,3.7142857142857144,0.0
8,4800,3,True,0,2025-02-22,7,0.0,0.08,0.11,5,22,0,1,0,4.142857142857143,0.0
8,4809,3,True,0,2025-02-22,2,0.0,0.1,0.16,5,22,0,1,0,4.857142857142857,0.0
8,4810,3,True,0,2025-02-22,4,0.0,0.03,0.04,5,22,0,1,0,4.571428571428571,0.0
8,4818,3,True,0,2025-02-22,5,0.0,0.04,0.07,5,22,0,1,0,4.571428571428571,0.0
8,4826,3,True,0,2025-02-22,13,1.0,0.12,0.17,5,22,0,1,0,5.0,0.0
8,4847,3,True,0,2025-02-22,18,0.0,0.1,0.13,5,22,0,1,0,5.857142857142857,0.0
8,4889,3,True,0,2025-02-22,4,0.0,0.03,0.04,5,22,0,1,0,7.714285714285714,0.0
8,4952,3,True,0,2025-02-22,3,0.0,0.24,0.28,5,22,0,1,0,7.571428571428571,0.0
8,4960,3,True,0,2025-02-22,2,0.0,0.02,0.03,5,22,0,1,0,7.0,0.0
8,5029,3,True,0,2025-02-22,7,0.0,0.06,0.08,5,22,0,1,0,7.0,0.0
8,5057,3,True,0,2025-02-22,2,0.0,0.06,0.09,5,22,0,1,0,7.428571428571429,0.0
8,5060,3,True,0,2025-02-22,1,0.0,0.06,0.08,5,22,0,1,0,7.0,0.0
8,5082,3,True,0,2025-02-22,4,0.0,0.04,0.06,5,22,0,1,0,5.285714285714286,0.0
8,5090,3,True,0,2025-02-22,3,0.0,0.05,0.06,5,22,0,1,0,3.2857142857142856,0.0
8,5153,3,True,0,2025-02-22,1,0.0,0.09,0.12,5,22,0,1,0,3.142857142857143,0.0
8,5167,3,True,0,2025-02-22,2,0.0,0.05,0.07,5,22,0,1,0,2.857142857142857,0.0
8,5176,3,True,0,2025-02-22,1,0.0,0.23,0.35,5,22,0,1,0,2.857142857142857,0.0
8,5183,3,True,0,2025-02-22,2,0.0,0.03,0.04,5,22,0,1,0,2.0,0.0
8,5259,3,True,0,2025-02-22,2,0.0,0.06,0.09,5,22,0,1,0,2.0,0.0
8,4,4,False,0,2025-02-22,3,0.0,0.12,0.15,5,22,0,1,0,2.142857142857143,0.0
8,19,4,False,0,2025-02-22,3,0.0,0.01,0.03,5,22,0,1,0,2.0,0.0
8,31,4,False,0,2025-02-22,1,0.0,0.02,0.03,5,22,0,1,0,2.0,0.0
8,34,4,False,0,2025-02-22,2,1.0,0.01,0.01,5,22,0,1,0,2.0,0.0
8,47,4,False,0,2025-02-22,5,0.0,0.01,0.01,5,22,0,1,0,2.0,0.0
8,61,4,False,0,2025-02-22,3,0.0,0.01,0.02,5,22,0,1,0,2.5714285714285716,0.0
8,70,4,False,0,2025-02-22,4,0.0,0.03,0.06,5,22,0,1,0,2.7142857142857144,0.0
8,91,4,False,0,2025-02-22,4,0.0,0.03,0.03,5,22,0,1,0,3.0,0.0
8,107,4,False,0,2025-02-22,3,0.0,0.03,0.04,5,22,0,1,0,3.142857142857143,0.0
8,122,4,False,0,2025-02-22,2,0.0,0.03,0.04,5,22,0,1,0,3.142857142857143,0.0
8,155,4,False,0,2025-02-22,3,0.0,0.04,0.0,5,22,0,1,0,3.2857142857142856,0.0
8,200,4,False,0,2025-02-22,3,0.0,0.04,0.05,5,22,0,1,0,3.4285714285714284,0.0
8,248,4,False,0,2025-02-22,2,0.0,0.05,0.07,5,22,0,1,0,3.142857142857143,0.0
8,249,4,False,0,2025-02-22,2,0.0,0.13,0.14,5,22,0,1,0,3.0,0.0
8,283,4,False,0,2025-02-22,3,0.0,0.03,0.05,5,22,0,1,0,2.7142857142857144,0.0
8,355,4,False,0,2025-02-22,3,0.0,0.02,0.03,5,22,0,1,0,2.5714285714285716,0.0
8,363,4,False,0,2025-02-22,0,0.0,0.01,0.01,5,22,0,1,0,2.5714285714285716,0.0
8,371,4,False,0,2025-02-22,3,0.0,0.01,0.01,5,22,0,1,0,2.2857142857142856,0.0
8,393,4,False,0,2025-02-22,2,0.0,0.02,0.03,5,22,0,1,0,2.2857142857142856,0.0
8,442,4,False,0,2025-02-22,2,0.0,0.05,0.07,5,22,0,1,0,2.142857142857143,0.0
8,495,4,False,0,2025-02-22,3,0.0,0.02,0.03,5,22,0,1,0,2.142857142857143,0.0
8,523,4,False,0,2025-02-22,3,0.0,0.03,0.05,5,22,0,1,0,2.2857142857142856,0.0
8,538,4,False,0,2025-02-22,2,0.0,0.02,0.04,5,22,0,1,0,2.2857142857142856,0.0
8,542,4,False,0,2025-02-22,4,0.0,0.04,0.06,5,22,0,1,0,2.142857142857143,0.0
8,544,4,False,0,2025-02-22,4,0.0,0.02,0.04,5,22,0,1,0,2.7142857142857144,0.0
8,564,4,False,0,2025-02-22,2,0.0,0.02,0.03,5,22,0,1,0,2.857142857142857,0.0
8,610,4,False,0,2025-02-22,5,0.0,0.04,0.05,5,22,0,1,0,2.857142857142857,0.0
8,619,4,False,0,2025-02-22,0,0.0,0.04,0.05,5,22,0,1,0,3.2857142857142856,0.0
8,636,4,False,0,2025-02-22,3,0.0,0.02,0.03,5,22,0,1,0,2.857142857142857,0.0
8,645,4,False,0,2025-02-22,3,1.0,0.01,0.02,5,22,0,1,0,2.857142857142857,0.0
8,653,4,False,0,2025-02-22,5,0.0,0.02,0.03,5,22,0,1,0,3.0,0.0
8,668,4,False,0,2025-02-22,4,0.0,0.03,0.04,5,22,0,1,0,3.142857142857143,0.0
8,701,4,False,0,2025-02-22,4,0.0,0.02,0.04,5,22,0,1,0,3.142857142857143,0.0
8,717,4,False,0,2025-02-22,3,0.0,0.05,0.07,5,22,0,1,0,3.4285714285714284,0.0
8,768,4,False,0,2025-02-22,6,0.0,0.03,0.04,5,22,0,1,0,3.142857142857143,0.0
8,769,4,False,0,2025-02-22,5,0.0,0.01,0.01,5,22,0,1,0,4.0,0.0
8,780,4,False,0,2025-02-22,2,0.0,0.03,0.04,5,22,0,1,0,4.285714285714286,0.0
8,794,4,False,0,2025-02-22,1,0.0,0.03,0.05,5,22,0,1,0,4.142857142857143,0.0
8,854,4,False,0,2025-02-22,2,1.0,0.05,0.06,5,22,0,1,0,3.5714285714285716,0.0
8,858,4,False,0,2025-02-22,2,0.0,0.04,0.06,5,22,0,1,0,3.2857142857142856,0.0
8,864,4,False,0,2025-02-22,4,0.0,0.02,0.03,5,22,0,1,0,3.0,0.0
8,875,4,False,0,2025-02-22,6,0.0,0.02,0.03,5,22,0,1,0,3.142857142857143,0.0
8,891,4,False,0,2025-02-22,4,0.0,0.03,0.04,5,22,0,1,0,3.142857142857143,0.0
8,961,4,False,0,2025-02-22,2,0.0,0.05,0.05,5,22,0,1,0,3.0,0.0
8,1017,4,False,0,2025-02-22,3,0.0,0.03,0.04,5,22,0,1,0,3.0,0.0
8,1047,4,False,0,2025-02-22,4,0.0,0.09,0.14,5,22,0,1,0,3.2857142857142856,0.0
8,1057,4,False,0,2025-02-22,3,0.0,0.04,0.07,5,22,0,1,0,3.5714285714285716,0.0
8,1095,4,False,0,2025-02-22,0,0.0,0.03,0.05,5,22,0,1,0,3.7142857142857144,0.0
8,1107,4,False,0,2025-02-22,2,0.0,0.02,0.03,5,22,0,1,0,3.142857142857143,0.0
8,1161,4,False,0,2025-02-22,2,0.0,0.02,0.03,5,22,0,1,0,2.5714285714285716,0.0
8,1177,4,False,0,2025-02-22,4,0.0,0.1,0.15,5,22,0,1,0,2.2857142857142856,0.0
8,1189,4,False,0,2025-02-22,2,1.0,0.02,0.04,5,22,0,1,0,2.5714285714285716,0.0
8,1193,4,False,0,2025-02-22,4,0.0,0.02,0.03,5,22,0,1,0,2.4285714285714284,0.0
8,1202,4,False,0,2025-02-22,3,0.0,0.02,0.04,5,22,0,1,0,2.4285714285714284,0.0
8,1215,4,False,0,2025-02-22,3,0.0,0.01,0.02,5,22,0,1,0,2.4285714285714284,0.0
8,1224,4,False,0,2025-02-22,0,0.0,0.04,0.05,5,22,0,1,0,2.857142857142857,0.0
8,1267,4,False,0,2025-02-22,3,0.0,0.07,0.09,5,22,0,1,0,2.5714285714285716,0.0
8,1293,4,False,0,2025-02-22,6,0.0,0.03,0.04,5,22,0,1,0,2.7142857142857144,0.0
8,1303,4,False,0,2025-02-22,4,0.0,0.06,0.07,5,22,0,1,0,3.0,0.0
8,1338,4,False,0,2025-02-22,2,0.0,0.06,0.09,5,22,0,1,0,3.2857142857142856,0.0
8,1344,4,False,0,2025-02-22,2,0.0,0.06,0.09,5,22,0,1,0,3.0,0.0
8,1350,4,False,0,2025-02-22,1,0.0,0.03,0.05,5,22,0,1,0,2.857142857142857,0.0
8,1367,4,False,0,2025-02-22,4,0.0,0.02,0.03,5,22,0,1,0,2.5714285714285716,0.0
8,1404,4,False,0,2025-02-22,4,0.0,0.02,0.04,5,22,0,1,0,3.142857142857143,0.0
8,1421,4,False,0,2025-02-22,3,0.0,0.02,0.03,5,22,0,1,0,3.2857142857142856,0.0
8,1448,4,False,0,2025-02-22,1,0.0,0.06,0.07,5,22,0,1,0,2.857142857142857,0.0
8,1466,4,False,0,2025-02-22,0,0.0,0.02,0.03,5,22,0,1,0,2.4285714285714284,0.0
8,1479,4,False,0,2025-02-22,5,0.0,0.05,0.06,5,22,0,1,0,2.142857142857143,0.0
8,1483,4,False,0,2025-02-22,7,0.0,0.02,0.04,5,22,0,1,0,2.5714285714285716,0.0
8,1498,4,False,0,2025-02-22,5,0.0,0.12,0.17,5,22,0,1,0,3.4285714285714284,0.0
8,1517,4,False,0,2025-02-22,2,0.0,0.02,0.03,5,22,0,1,0,3.5714285714285716,0.0
8,1533,4,False,0,2025-02-22,2,0.0,0.05,0.07,5,22,0,1,0,3.2857142857142856,0.0
8,1606,4,False,0,2025-02-22,7,0.0,0.04,0.05,5,22,0,1,0,3.142857142857143,0.0
8,1622,4,False,0,2025-02-22,6,0.0,0.07,0.09,5,22,0,1,0,4.0,0.0
8,1624,4,False,0,2025-02-22,2,0.0,0.04,0.06,5,22,0,1,0,4.857142857142857,0.0
8,1625,4,False,0,2025-02-22,3,1.0,0.03,0.04,5,22,0,1,0,4.428571428571429,0.0
8,1634,4,False,0,2025-02-22,3,0.0,0.05,0.06,5,22,0,1,0,3.857142857142857,0.0
8,1648,4,False,0,2025-02-22,5,0.0,0.03,0.04,5,22,0,1,0,3.5714285714285716,0.0
8,1654,4,False,0,2025-02-22,4,0.0,0.01,0.02,5,22,0,1,0,4.0,0.0
8,1672,4,False,0,2025-02-22,3,0.0,0.02,0.02,5,22,0,1,0,4.285714285714286,0.0
8,1693,4,False,0,2025-02-22,4,0.0,0.02,0.04,5,22,0,1,0,3.7142857142857144,0.0
8,1805,4,False,0,2025-02-22,3,0.0,0.04,0.07,5,22,0,1,0,3.4285714285714284,0.0
8,1806,4,False,0,2025-02-22,3,0.0,0.08,0.12,5,22,0,1,0,3.5714285714285716,0.0
8,1824,4,False,0,2025-02-22,3,0.0,0.01,0.01,5,22,0,1,0,3.5714285714285716,0.0
8,1836,4,False,0,2025-02-22,3,1.0,0.04,0.06,5,22,0,1,0,3.5714285714285716,0.0
8,1838,4,False,0,2025-02-22,3,0.0,0.01,0.01,5,22,0,1,0,3.2857142857142856,0.0
8,1842,4,False,0,2025-02-22,3,0.0,0.01,0.01,5,22,0,1,0,3.142857142857143,0.0
8,1856,4,False,0,2025-02-22,2,0.0,0.02,0.04,5,22,0,1,0,3.142857142857143,0.0
8,1861,4,False,0,2025-02-22,2,0.0,0.02,0.03,5,22,0,1,0,2.857142857142857,0.0
8,1869,4,False,0,2025-02-22,3,0.0,0.01,0.01,5,22,0,1,0,2.7142857142857144,0.0
8,1870,4,False,0,2025-02-22,2,0.0,0.04,0.06,5,22,0,1,0,2.7142857142857144,0.0
8,1894,4,False,0,2025-02-22,3,0.0,0.03,0.04,5,22,0,1,0,2.5714285714285716,0.0
8,1928,4,False,0,2025-02-22,0,0.0,0.01,0.01,5,22,0,1,0,2.5714285714285716,0.0
8,1942,4,False,0,2025-02-22,4,0.0,0.01,0.02,5,22,0,1,0,2.142857142857143,0.0
8,1958,4,False,0,2025-02-22,1,0.0,0.04,0.06,5,22,0,1,0,2.2857142857142856,0.0
8,1959,4,False,0,2025-02-22,10,0.0,0.05,0.08,5,22,0,1,0,2.142857142857143,0.0
8,1968,4,False,0,2025-02-22,5,0.0,0.03,0.05,5,22,0,1,0,3.2857142857142856,0.0
8,1996,4,False,0,2025-02-22,5,0.0,0.01,0.02,5,22,0,1,0,3.5714285714285716,0.0
8,1999,4,False,0,2025-02-22,1,0.0,0.01,0.01,5,22,0,1,0,4.0,0.0
8,2022,4,False,0,2025-02-22,3,1.0,0.03,0.05,5,22,0,1,0,3.7142857142857144,0.0
8,2024,4,False,0,2025-02-22,2,0.0,0.02,0.04,5,22,0,1,0,4.142857142857143,0.0
8,2064,4,False,0,2025-02-22,3,0.0,0.02,0.03,5,22,0,1,0,3.857142857142857,0.0
8,2092,4,False,0,2025-02-22,1,0.0,0.04,0.06,5,22,0,1,0,4.142857142857143,0.0
8,2097,4,False,0,2025-02-22,2,0.0,0.03,0.05,5,22,0,1,0,2.857142857142857,0.0
8,2103,4,False,0,2025-02-22,3,0.0,0.01,0.02,5,22,0,1,0,2.4285714285714284,0.0
8,2137,4,False,0,2025-02-22,1,0.0,0.04,0.06,5,22,0,1,0,2.142857142857143,0.0
8,2150,4,False,0,2025-02-22,1,1.0,0.01,0.02,5,22,0,1,0,2.142857142857143,0.0
8,2180,4,False,0,2025-02-22,3,0.0,0.05,0.08,5,22,0,1,0,1.8571428571428572,0.0
8,2239,4,False,0,2025-02-22,3,0.0,0.03,0.04,5,22,0,1,0,2.0,0.0
8,2252,4,False,0,2025-02-22,2,0.0,0.02,0.02,5,22,0,1,0,2.0,0.0
8,2297,4,False,0,2025-02-22,3,0.0,0.14,0.15,5,22,0,1,0,2.142857142857143,0.0
8,2320,4,False,0,2025-02-22,2,0.0,0.03,0.04,5,22,0,1,0,2.2857142857142856,0.0
8,2355,4,False,0,2025-02-22,1,0.0,0.05,0.09,5,22,0,1,0,2.142857142857143,0.0
8,2369,4,False,0,2025-02-22,4,0.0,0.03,0.05,5,22,0,1,0,2.142857142857143,0.0
8,2423,4,False,0,2025-02-22,4,0.0,0.02,0.03,5,22,0,1,0,2.5714285714285716,0.0
8,2456,4,False,0,2025-02-22,2,1.0,0.02,0.03,5,22,0,1,0,2.7142857142857144,0.0
8,2495,4,False,0,2025-02-22,0,1.0,0.05,0.08,5,22,0,1,0,2.5714285714285716,0.0
8,2517,4,False,0,2025-02-22,3,1.0,0.05,0.09,5,22,0,1,0,2.2857142857142856,0.0
8,2550,4,False,0,2025-02-22,2,0.0,0.03,0.05,5,22,0,1,0,2.2857142857142856,0.0
8,2569,4,False,0,2025-02-22,2,0.0,0.01,0.02,5,22,0,1,0,2.2857142857142856,0.0
8,2586,4,False,0,2025-02-22,2,0.0,0.04,0.06,5,22,0,1,0,2.4285714285714284,0.0
8,2644,4,False,0,2025-02-22,1,0.0,0.05,0.08,5,22,0,1,0,2.142857142857143,0.0
8,2711,4,False,0,2025-02-22,5,0.0,0.04,0.06,5,22,0,1,0,1.7142857142857142,0.0
8,2750,4,False,0,2025-02-22,0,1.0,0.01,0.01,5,22,0,1,0,2.142857142857143,0.0
8,2773,4,False,0,2025-02-22,3,0.0,0.02,0.04,5,22,0,1,0,2.142857142857143,0.0
8,2800,4,False,0,2025-02-22,9,0.0,0.03,0.04,5,22,0,1,0,2.142857142857143,0.0
8,2908,4,False,0,2025-02-22,2,0.0,0.03,0.04,5,22,0,1,0,3.142857142857143,0.0
8,2943,4,False,0,2025-02-22,3,2.0,0.02,0.03,5,22,0,1,0,3.142857142857143,0.0
8,2955,4,False,0,2025-02-22,4,0.0,0.01,0.02,5,22,0,1,0,3.2857142857142856,0.0
8,2973,4,False,0,2025-02-22,4,0.0,0.04,0.05,5,22,0,1,0,3.7142857142857144,0.0
8,2995,4,False,0,2025-02-22,3,0.0,0.05,0.07,5,22,0,1,0,3.5714285714285716,0.0
8,3003,4,False,0,2025-02-22,6,0.0,0.02,0.04,5,22,0,1,0,4.0,0.0
8,3029,4,False,0,2025-02-22,3,0.0,0.09,0.12,5,22,0,1,0,4.428571428571429,0.0
8,3127,4,False,0,2025-02-22,4,0.0,0.12,0.18,5,22,0,1,0,3.5714285714285716,0.0
8,3130,4,False,0,2025-02-22,6,0.0,0.14,0.22,5,22,0,1,0,3.857142857142857,0.0
8,3166,4,False,0,2025-02-22,3,0.0,0.01,0.01,5,22,0,1,0,4.285714285714286,0.0
8,3169,4,False,0,2025-02-22,3,0.0,0.02,0.03,5,22,0,1,0,4.142857142857143,0.0
8,3174,4,False,0,2025-02-22,4,0.0,0.01,0.01,5,22,0,1,0,4.0,0.0
8,3222,4,False,0,2025-02-22,2,0.0,0.02,0.04,5,22,0,1,0,4.142857142857143,0.0
8,3281,4,False,0,2025-02-22,2,0.0,0.06,0.08,5,22,0,1,0,3.5714285714285716,0.0
8,3344,4,False,0,2025-02-22,2,0.0,0.04,0.05,5,22,0,1,0,3.4285714285714284,0.0
8,3374,4,False,0,2025-02-22,2,0.0,0.06,0.09,5,22,0,1,0,3.142857142857143,0.0
8,3376,4,False,0,2025-02-22,4,0.0,0.03,0.05,5,22,0,1,0,2.5714285714285716,0.0
8,3400,4,False,0,2025-02-22,12,0.0,0.01,0.01,5,22,0,1,0,2.7142857142857144,0.0
8,3425,4,False,0,2025-02-22,0,0.0,0.01,0.01,5,22,0,1,0,4.0,0.0
8,3428,4,False,0,2025-02-22,2,0.0,0.04,0.06,5,22,0,1,0,3.4285714285714284,0.0
8,3442,4,False,0,2025-02-22,0,0.0,0.07,0.1,5,22,0,1,0,3.4285714285714284,0.0
8,3459,4,False,0,2025-02-22,2,0.0,0.04,0.07,5,22,0,1,0,3.142857142857143,0.0
8,3460,4,False,0,2025-02-22,4,0.0,0.02,0.03,5,22,0,1,0,3.142857142857143,0.0
8,3462,4,False,0,2025-02-22,1,0.0,0.03,0.05,5,22,0,1,0,3.4285714285714284,0.0
8,3471,4,False,0,2025-02-22,4,1.0,0.03,0.04,5,22,0,1,0,3.0,0.0
8,3497,4,False,0,2025-02-22,5,0.0,0.04,0.06,5,22,0,1,0,1.8571428571428572,0.0
8,3511,4,False,0,2025-02-22,3,0.0,0.04,0.07,5,22,0,1,0,2.5714285714285716,0.0
8,3603,4,False,0,2025-02-22,3,0.0,0.04,0.06,5,22,0,1,0,2.7142857142857144,0.0
8,3618,4,False,0,2025-02-22,5,0.0,0.12,0.17,5,22,0,1,0,3.142857142857143,0.0
8,3669,4,False,0,2025-02-22,2,1.0,0.01,0.01,5,22,0,1,0,3.5714285714285716,0.0
8,3670,4,False,0,2025-02-22,4,0.0,0.03,0.05,5,22,0,1,0,3.2857142857142856,0.0
8,3671,4,False,0,2025-02-22,4,0.0,0.04,0.07,5,22,0,1,0,3.7142857142857144,0.0
8,3678,4,False,0,2025-02-22,1,0.0,0.03,0.05,5,22,0,1,0,3.7142857142857144,0.0
8,3685,4,False,0,2025-02-22,0,0.0,0.03,0.05,5,22,0,1,0,3.142857142857143,0.0
8,3720,4,False,0,2025-02-22,0,0.0,0.05,0.06,5,22,0,1,0,2.7142857142857144,0.0
8,3738,4,False,0,2025-02-22,1,0.0,0.01,0.01,5,22,0,1,0,2.2857142857142856,0.0
8,3744,4,False,0,2025-02-22,4,0.0,0.04,0.05,5,22,0,1,0,1.7142857142857142,0.0
8,3797,4,False,0,2025-02-22,5,0.0,0.03,0.04,5,22,0,1,0,2.0,0.0
8,3799,4,False,0,2025-02-22,3,0.0,0.03,0.05,5,22,0,1,0,2.142857142857143,0.0
8,3820,4,False,0,2025-02-22,4,0.0,0.02,0.04,5,22,0,1,0,2.0,0.0
8,3821,4,False,0,2025-02-22,3,0.0,0.04,0.05,5,22,0,1,0,2.4285714285714284,0.0
8,3826,4,False,0,2025-02-22,4,0.0,0.02,0.04,5,22,0,1,0,2.857142857142857,0.0
8,3831,4,False,0,2025-02-22,3,0.0,0.01,0.02,5,22,0,1,0,3.4285714285714284,0.0
8,3858,4,False,0,2025-02-22,2,0.0,0.06,0.08,5,22,0,1,0,3.7142857142857144,0.0
8,3894,4,False,0,2025-02-22,5,0.0,0.02,0.03,5,22,0,1,0,3.4285714285714284,0.0
8,3898,4,False,0,2025-02-22,4,0.0,0.06,0.1,5,22,0,1,0,3.4285714285714284,0.0
8,3913,4,False,0,2025-02-22,4,0.0,0.03,0.05,5,22,0,1,0,3.5714285714285716,0.0
8,3917,4,False,0,2025-02-22,4,0.0,0.01,0.01,5,22,0,1,0,3.5714285714285716,0.0
8,3925,4,False,0,2025-02-22,0,0.0,0.03,0.05,5,22,0,1,0,3.7142857142857144,0.0
8,3940,4,False,0,2025-02-22,3,0.0,0.05,0.06,5,22,0,1,0,3.142857142857143,0.0
8,3954,4,False,0,2025-02-22,0,0.0,0.02,0.03,5,22,0,1,0,3.142857142857143,0.0
8,3966,4,False,0,2025-02-22,0,0.0,0.02,0.04,5,22,0,1,0,2.857142857142857,0.0
8,3969,4,False,0,2025-02-22,1,0.0,0.01,0.03,5,22,0,1,0,2.142857142857143,0.0
8,3977,4,False,0,2025-02-22,3,0.0,0.06,0.08,5,22,0,1,0,1.7142857142857142,0.0
8,4001,4,False,0,2025-02-22,2,0.0,0.04,0.06,5,22,0,1,0,1.5714285714285714,0.0
8,4034,4,False,0,2025-02-22,3,0.0,0.08,0.11,5,22,0,1,0,1.2857142857142858,0.0
8,4054,4,False,0,2025-02-22,1,0.0,0.02,0.04,5,22,0,1,0,1.7142857142857142,0.0
8,4061,4,False,0,2025-02-22,7,0.0,0.05,0.07,5,22,0,1,0,1.4285714285714286,0.0
8,4086,4,False,0,2025-02-22,3,0.0,0.01,0.02,5,22,0,1,0,2.4285714285714284,0.0
8,4096,4,False,0,2025-02-22,2,0.0,0.05,0.07,5,22,0,1,0,2.857142857142857,0.0
8,4142,4,False,0,2025-02-22,4,0.0,0.02,0.03,5,22,0,1,0,3.0,0.0
8,4156,4,False,0,2025-02-22,4,0.0,0.03,0.04,5,22,0,1,0,3.142857142857143,0.0
8,4229,4,False,0,2025-02-22,3,0.0,0.02,0.04,5,22,0,1,0,3.4285714285714284,0.0
8,4244,4,False,0,2025-02-22,2,0.0,0.03,0.04,5,22,0,1,0,3.4285714285714284,0.0
8,4264,4,False,0,2025-02-22,3,0.0,0.05,0.07,5,22,0,1,0,3.5714285714285716,0.0
8,4331,4,False,0,2025-02-22,5,0.0,0.01,0.01,5,22,0,1,0,3.0,0.0
8,4365,4,False,0,2025-02-22,0,0.0,0.04,0.06,5,22,0,1,0,3.2857142857142856,0.0
8,4366,4,False,0,2025-02-22,4,0.0,0.05,0.06,5,22,0,1,0,3.0,0.0
8,4420,4,False,0,2025-02-22,5,0.0,0.02,0.02,5,22,0,1,0,3.0,0.0
8,4436,4,False,0,2025-02-22,2,0.0,0.02,0.03,5,22,0,1,0,3.142857142857143,0.0
8,4444,4,False,0,2025-02-22,2,1.0,0.07,0.1,5,22,0,1,0,3.0,0.0
8,4450,4,False,0,2025-02-22,4,0.0,0.02,0.03,5,22,0,1,0,3.0,0.0
8,4458,4,False,0,2025-02-22,11,0.0,0.03,0.05,5,22,0,1,0,3.142857142857143,0.0
8,4465,4,False,0,2025-02-22,4,0.0,0.02,0.04,5,22,0,1,0,4.0,0.0
8,4472,4,False,0,2025-02-22,5,0.0,0.01,0.01,5,22,0,1,0,4.571428571428571,0.0
8,4507,4,False,0,2025-02-22,4,0.0,0.03,0.04,5,22,0,1,0,4.714285714285714,0.0
8,4525,4,False,0,2025-02-22,3,0.0,0.01,0.03,5,22,0,1,0,4.571428571428571,0.0
8,4536,4,False,0,2025-02-22,3,0.0,0.01,0.01,5,22,0,1,0,4.714285714285714,0.0
8,4564,4,False,0,2025-02-22,3,0.0,0.02,0.04,5,22,0,1,0,4.857142857142857,0.0
8,4568,4,False,0,2025-02-22,5,0.0,0.01,0.01,5,22,0,1,0,4.714285714285714,0.0
8,4604,4,False,0,2025-02-22,6,0.0,0.02,0.03,5,22,0,1,0,3.857142857142857,0.0
8,4610,4,False,0,2025-02-22,2,0.0,0.06,0.09,5,22,0,1,0,4.142857142857143,0.0
8,4620,4,False,0,2025-02-22,4,0.0,0.02,0.04,5,22,0,1,0,3.7142857142857144,0.0
8,4648,4,False,0,2025-02-22,3,0.0,0.05,0.07,5,22,0,1,0,3.7142857142857144,0.0
8,4700,4,False,0,2025-02-22,4,0.0,0.02,0.03,5,22,0,1,0,3.7142857142857144,0.0
8,4741,4,False,0,2025-02-22,5,0.0,0.02,0.05,5,22,0,1,0,3.857142857142857,0.0
8,4759,4,False,0,2025-02-22,4,0.0,0.03,0.04,5,22,0,1,0,4.142857142857143,0.0
8,4770,4,False,0,2025-02-22,2,1.0,0.03,0.04,5,22,0,1,0,4.0,0.0
8,4774,4,False,0,2025-02-22,4,0.0,0.03,0.04,5,22,0,1,0,3.4285714285714284,0.0
8,4903,4,False,0,2025-02-22,4,0.0,0.01,0.01,5,22,0,1,0,3.7142857142857144,0.0
8,4915,4,False,0,2025-02-22,5,0.0,0.01,0.02,5,22,0,1,0,3.7142857142857144,0.0
8,4929,4,False,0,2025-02-22,0,0.0,0.03,0.04,5,22,0,1,0,4.0,0.0
8,4961,4,False,0,2025-02-22,7,0.0,0.03,0.03,5,22,0,1,0,3.4285714285714284,0.0
8,4987,4,False,0,2025-02-22,3,0.0,0.02,0.03,5,22,0,1,0,3.7142857142857144,0.0
8,4992,4,False,0,2025-02-22,2,0.0,0.04,0.06,5,22,0,1,0,3.5714285714285716,0.0
8,4997,4,False,0,2025-02-22,2,0.0,0.07,0.1,5,22,0,1,0,3.5714285714285716,0.0
8,4998,4,False,0,2025-02-22,3,0.0,0.01,0.01,5,22,0,1,0,3.2857142857142856,0.0
8,5008,4,False,0,2025-02-22,2,0.0,0.02,0.03,5,22,0,1,0,3.142857142857143,0.0
8,5048,4,False,0,2025-02-22,1,0.0,0.01,0.02,5,22,0,1,0,2.7142857142857144,0.0
8,5091,4,False,0,2025-02-22,2,0.0,0.06,0.08,5,22,0,1,0,2.857142857142857,0.0
8,5100,4,False,0,2025-02-22,3,0.0,0.02,0.03,5,22,0,1,0,2.142857142857143,0.0
8,5112,4,False,0,2025-02-22,1,2.0,0.02,0.04,5,22,0,1,0,2.142857142857143,0.0
8,5118,4,False,0,2025-02-22,2,0.0,0.05,0.07,5,22,0,1,0,2.0,0.0
8,5120,4,False,0,2025-02-22,0,0.0,0.02,0.03,5,22,0,1,0,2.0,0.0
8,5123,4,False,0,2025-02-22,7,0.0,0.02,0.04,5,22,0,1,0,1.5714285714285714,0.0
8,5130,4,False,0,2025-02-22,5,0.0,0.02,0.03,5,22,0,1,0,2.2857142857142856,0.0
8,5149,4,False,0,2025-02-22,2,0.0,0.12,0.14,5,22,0,1,0,2.857142857142857,0.0
8,5163,4,False,0,2025-02-22,1,0.0,0.05,0.09,5,22,0,1,0,2.857142857142857,0.0
8,5169,4,False,0,2025-02-22,2,0.0,0.06,0.08,5,22,0,1,0,2.5714285714285716,0.0
8,5172,4,False,0,2025-02-22,4,0.0,0.04,0.04,5,22,0,1,0,2.7142857142857144,0.0
8,5177,4,False,0,2025-02-22,1,1.0,0.01,0.01,5,22,0,1,0,3.0,0.0
8,5199,4,False,0,2025-02-22,2,0.0,0.02,0.02,5,22,0,1,0,3.142857142857143,0.0
8,5234,4,False,0,2025-02-22,2,0.0,0.02,0.03,5,22,0,1,0,2.4285714285714284,0.0
8,5241,4,False,0,2025-02-22,2,0.0,0.01,0.01,5,22,0,1,0,2.0,0.0
8,5247,4,False,0,2025-02-22,5,0.0,0.02,0.02,5,22,0,1,0,2.0,0.0
8,5267,4,False,0,2025-02-22,3,0.0,0.02,0.03,5,22,0,1,0,2.5714285714285716,0.0
8,5269,4,False,0,2025-02-22,2,0.0,0.01,0.01,5,22,0,1,0,2.7142857142857144,0.0
8,5275,4,False,0,2025-02-22,4,0.0,0.02,0.05,5,22,0,1,0,2.4285714285714284,0.0
8,5283,4,False,0,2025-02-22,2,0.0,0.03,0.04,5,22,0,1,0,2.857142857142857,0.0
8,172,5,True,0,2025-02-22,7,0.0,0.01,0.01,5,22,0,1,0,2.857142857142857,0.0
8,327,5,True,0,2025-02-22,6,0.0,0.01,0.03,5,22,0,1,0,3.5714285714285716,0.0
8,697,5,True,0,2025-02-22,12,1.0,0.04,0.09,5,22,0,1,0,4.142857142857143,0.0
8,1278,5,True,0,2025-02-22,2,0.0,0.02,0.05,5,22,0,1,0,5.142857142857143,0.0
8,1463,5,True,0,2025-02-22,9,0.0,0.01,0.03,5,22,0,1,0,5.0,0.0
8,1471,5,True,0,2025-02-22,2,0.0,0.02,0.05,5,22,0,1,0,6.0,0.0
8,1580,5,True,0,2025-02-22,6,1.0,0.02,0.04,5,22,0,1,0,5.714285714285714,0.0
8,1795,5,True,0,2025-02-22,5,0.0,0.02,0.04,5,22,0,1,0,6.285714285714286,0.0
8,1860,5,True,0,2025-02-22,3,0.0,0.03,0.05,5,22,0,1,0,6.0,0.0
8,2169,5,True,0,2025-02-22,5,0.0,0.01,0.02,5,22,0,1,0,5.571428571428571,0.0
8,2338,5,True,0,2025-02-22,17,0.0,0.01,0.02,5,22,0,1,0,4.571428571428571,0.0
8,2381,5,True,0,2025-02-22,7,0.0,0.04,0.07,5,22,0,1,0,6.714285714285714,0.0
8,2518,5,True,0,2025-02-22,4,0.0,0.02,0.09,5,22,0,1,0,6.428571428571429,0.0
8,2560,5,True,0,2025-02-22,5,0.0,0.03,0.05,5,22,0,1,0,6.714285714285714,0.0
8,2647,5,True,0,2025-02-22,6,2.0,0.03,0.05,5,22,0,1,0,6.571428571428571,0.0
8,2926,5,True,0,2025-02-22,31,0.0,0.03,0.05,5,22,0,1,0,6.714285714285714,0.0
8,3002,5,True,0,2025-02-22,5,0.0,0.04,0.08,5,22,0,1,0,10.714285714285714,0.0
8,3175,5,True,0,2025-02-22,3,0.0,0.04,0.1,5,22,0,1,0,10.714285714285714,0.0
8,3612,5,True,0,2025-02-22,36,0.0,0.05,0.08,5,22,0,1,0,8.714285714285714,0.0
8,3734,5,True,0,2025-02-22,5,0.0,0.05,0.07,5,22,0,1,0,12.857142857142858,0.0
8,3819,5,True,0,2025-02-22,5,0.0,0.02,0.07,5,22,0,1,0,13.0,0.0
8,4150,5,True,0,2025-02-22,4,0.0,0.02,0.04,5,22,0,1,0,13.0,0.0
8,4200,5,True,0,2025-02-22,4,0.0,0.06,0.12,5,22,0,1,0,12.714285714285714,0.0
8,5036,5,True,0,2025-02-22,7,0.0,0.03,0.05,5,22,0,1,0,8.857142857142858,0.0
8,5260,5,True,0,2025-02-22,7,0.0,0.02,0.06,5,22,0,1,0,9.142857142857142,0.0
8,138,6,False,0,2025-02-22,1,0.0,0.16,0.24,5,22,0,1,0,9.714285714285714,0.0
8,177,6,False,0,2025-02-22,2,0.0,0.08,0.09,5,22,0,1,0,4.714285714285714,0.0
8,207,6,False,0,2025-02-22,2,0.0,0.22,0.3,5,22,0,1,0,4.285714285714286,0.0
8,316,6,False,0,2025-02-22,2,0.0,0.08,0.12,5,22,0,1,0,3.857142857142857,0.0
8,647,6,False,0,2025-02-22,3,0.0,0.07,0.09,5,22,0,1,0,3.5714285714285716,0.0
8,755,6,False,0,2025-02-22,1,0.0,0.15,0.21,5,22,0,1,0,3.4285714285714284,0.0
8,975,6,False,0,2025-02-22,3,0.0,0.08,0.09,5,22,0,1,0,2.5714285714285716,0.0
8,1265,6,False,0,2025-02-22,4,0.0,0.14,0.22,5,22,0,1,0,2.0,0.0
8,1309,6,False,0,2025-02-22,0,0.0,0.24,0.32,5,22,0,1,0,2.4285714285714284,0.0
8,1509,6,False,0,2025-02-22,0,0.0,0.22,0.3,5,22,0,1,0,2.142857142857143,0.0
8,1740,6,False,0,2025-02-22,2,0.0,0.08,0.12,5,22,0,1,0,1.8571428571428572,0.0
8,1827,6,False,0,2025-02-22,2,0.0,0.1,0.15,5,22,0,1,0,1.8571428571428572,0.0
8,1845,6,False,0,2025-02-22,1,0.0,0.05,0.06,5,22,0,1,0,1.7142857142857142,0.0
8,1865,6,False,0,2025-02-22,0,0.0,0.12,0.15,5,22,0,1,0,1.7142857142857142,0.0
8,2131,6,False,0,2025-02-22,3,0.0,0.1,0.14,5,22,0,1,0,1.2857142857142858,0.0
8,2216,6,False,0,2025-02-22,2,0.0,0.06,0.09,5,22,0,1,0,1.1428571428571428,0.0
8,2240,6,False,0,2025-02-22,2,0.0,0.13,0.17,5,22,0,1,0,1.4285714285714286,0.0
8,2291,6,False,0,2025-02-22,1,0.0,0.15,0.2,5,22,0,1,0,1.7142857142857142,0.0
8,2352,6,False,0,2025-02-22,1,0.0,0.11,0.15,5,22,0,1,0,1.5714285714285714,0.0
8,2515,6,False,0,2025-02-22,1,0.0,0.16,0.18,5,22,0,1,0,1.4285714285714286,0.0
8,2617,6,False,0,2025-02-22,1,0.0,0.13,0.2,5,22,0,1,0,1.4285714285714286,0.0
8,2799,6,False,0,2025-02-22,1,0.0,0.06,0.08,5,22,0,1,0,1.5714285714285714,0.0
8,2934,6,False,0,2025-02-22,1,0.0,0.07,0.1,5,22,0,1,0,1.2857142857142858,0.0
8,3090,6,False,0,2025-02-22,1,0.0,0.15,0.2,5,22,0,1,0,1.1428571428571428,0.0
8,3380,6,False,0,2025-02-22,3,0.0,0.06,0.09,5,22,0,1,0,1.0,0.0
8,3637,6,False,0,2025-02-22,0,0.0,0.07,0.09,5,22,0,1,0,1.2857142857142858,0.0
8,3793,6,False,0,2025-02-22,1,0.0,0.03,0.04,5,22,0,1,0,1.1428571428571428,0.0
8,3937,6,False,0,2025-02-22,3,0.0,0.14,0.19,5,22,0,1,0,1.1428571428571428,0.0
8,4074,6,False,0,2025-02-22,1,0.0,0.16,0.22,5,22,0,1,0,1.4285714285714286,0.0
8,4196,6,False,0,2025-02-22,1,0.0,0.06,0.08,5,22,0,1,0,1.4285714285714286,0.0
8,4228,6,False,0,2025-02-22,0,0.0,0.16,0.2,5,22,0,1,0,1.4285714285714286,0.0
8,4356,6,False,0,2025-02-22,1,0.0,0.09,0.14,5,22,0,1,0,1.2857142857142858,0.0
8,4398,6,False,0,2025-02-22,0,0.0,0.09,0.22,5,22,0,1,0,1.0,0.0
8,4430,6,False,0,2025-02-22,1,0.0,0.08,0.13,5,22,0,1,0,1.0,0.0
8,4730,6,False,0,2025-02-22,1,0.0,0.13,0.19,5,22,0,1,0,1.0,0.0
8,4736,6,False,0,2025-02-22,1,0.0,0.07,0.09,5,22,0,1,0,0.7142857142857143,0.0
8,4849,6,False,0,2025-02-22,0,0.0,0.13,0.22,5,22,0,1,0,0.7142857142857143,0.0
8,4887,6,False,0,2025-02-22,4,0.0,0.13,0.16,5,22,0,1,0,0.5714285714285714,0.0
8,5023,6,False,0,2025-02-22,1,0.0,0.13,0.19,5,22,0,1,0,1.1428571428571428,0.0
8,411,7,False,0,2025-02-22,6,0.0,0.0,0.01,5,22,0,1,0,1.1428571428571428,0.0
8,461,7,False,0,2025-02-22,2,1.0,0.0,0.01,5,22,0,1,0,2.0,0.0
8,551,7,False,0,2025-02-22,5,0.0,0.01,0.01,5,22,0,1,0,2.142857142857143,0.0
8,559,7,False,0,2025-02-22,24,0.0,0.01,0.01,5,22,0,1,0,2.7142857142857144,0.0
8,848,7,False,0,2025-02-22,6,0.0,0.04,0.06,5,22,0,1,0,6.0,0.0
8,861,7,False,0,2025-02-22,2,0.0,0.01,0.02,5,22,0,1,0,6.857142857142857,0.0
8,1115,7,False,0,2025-02-22,74,0.0,0.0,0.0,5,22,0,1,0,6.571428571428571,0.0
8,1288,7,False,0,2025-02-22,4,1.0,0.01,0.02,5,22,0,1,0,17.0,0.0
8,1787,7,False,0,2025-02-22,0,0.0,0.02,0.02,5,22,0,1,0,16.714285714285715,0.0
8,2175,7,False,0,2025-02-22,5,0.0,0.03,0.04,5,22,0,1,0,16.428571428571427,0.0
8,2227,7,False,0,2025-02-22,0,1.0,0.02,0.03,5,22,0,1,0,16.428571428571427,0.0
8,2499,7,False,0,2025-02-22,10,1.0,0.0,0.01,5,22,0,1,0,13.0,0.0
8,2887,7,False,0,2025-02-22,21,0.0,0.02,0.03,5,22,0,1,0,13.571428571428571,0.0
8,3023,7,False,0,2025-02-22,19,1.0,0.01,0.01,5,22,0,1,0,16.285714285714285,0.0
8,3040,7,False,0,2025-02-22,3,0.0,0.0,0.0,5,22,0,1,0,8.428571428571429,0.0
8,3105,7,False,0,2025-02-22,7,0.0,0.0,0.01,5,22,0,1,0,8.285714285714286,0.0
8,3272,7,False,0,2025-02-22,5,1.0,0.01,0.02,5,22,0,1,0,9.285714285714286,0.0
8,3314,7,False,0,2025-02-22,6,2.0,0.0,0.01,5,22,0,1,0,9.285714285714286,0.0
8,3401,7,False,0,2025-02-22,8,0.0,0.0,0.01,5,22,0,1,0,10.142857142857142,0.0
8,4026,7,False,0,2025-02-22,2,0.0,0.12,0.18,5,22,0,1,0,9.857142857142858,0.0
8,4093,7,False,0,2025-02-22,5,0.0,0.01,0.01,5,22,0,1,0,7.142857142857143,0.0
8,4298,7,False,0,2025-02-22,12,0.0,0.01,0.01,5,22,0,1,0,5.142857142857143,0.0
8,4351,7,False,0,2025-02-22,7,0.0,0.01,0.03,5,22,0,1,0,6.428571428571429,0.0
8,4411,7,False,0,2025-02-22,15,0.0,0.02,0.04,5,22,0,1,0,6.428571428571429,0.0
8,4585,7,False,0,2025-02-22,7,1.0,0.02,0.04,5,22,0,1,0,7.857142857142857,0.0
8,4688,7,False,0,2025-02-22,7,0.0,0.0,0.03,5,22,0,1,0,8.0,0.0
8,4867,7,False,0,2025-02-22,0,0.0,0.03,0.05,5,22,0,1,0,7.857142857142857,0.0
8,199,8,False,0,2025-02-22,10,0.0,0.01,0.02,5,22,0,1,0,7.571428571428571,0.0
8,269,8,False,0,2025-02-22,26,0.0,0.0,0.01,5,22,0,1,0,8.285714285714286,0.0
8,805,8,False,0,2025-02-22,14,0.0,0.0,0.01,5,22,0,1,0,10.285714285714286,0.0
8,828,8,False,0,2025-02-22,9,0.0,0.01,0.01,5,22,0,1,0,11.285714285714286,0.0
8,932,8,False,0,2025-02-22,16,3.0,0.01,0.02,5,22,0,1,0,10.428571428571429,0.0
8,1010,8,False,0,2025-02-22,19,0.0,0.01,0.02,5,22,0,1,0,11.714285714285714,0.0
8,1073,8,False,0,2025-02-22,22,1.0,0.01,0.02,5,22,0,1,0,13.428571428571429,0.0
8,1308,8,False,0,2025-02-22,16,0.0,0.02,0.03,5,22,0,1,0,16.571428571428573,0.0
8,2253,8,False,0,2025-02-22,17,1.0,0.0,0.01,5,22,0,1,0,17.428571428571427,0.0
8,2420,8,False,0,2025-02-22,9,0.0,0.0,0.01,5,22,0,1,0,16.142857142857142,0.0
8,2659,8,False,0,2025-02-22,21,0.0,0.01,0.01,5,22,0,1,0,15.428571428571429,0.0
8,2985,8,False,0,2025-02-22,28,2.0,0.02,0.02,5,22,0,1,0,17.142857142857142,0.0
8,3015,8,False,0,2025-02-22,7,0.0,0.01,0.02,5,22,0,1,0,18.857142857142858,0.0
8,3331,8,False,0,2025-02-22,34,0.0,0.01,0.02,5,22,0,1,0,17.142857142857142,0.0
8,3430,8,False,0,2025-02-22,11,1.0,0.01,0.02,5,22,0,1,0,18.857142857142858,0.0
8,3545,8,False,0,2025-02-22,8,3.0,0.02,0.03,5,22,0,1,0,18.142857142857142,0.0
8,3594,8,False,0,2025-02-22,9,0.0,0.01,0.01,5,22,0,1,0,16.857142857142858,0.0
8,4513,8,False,0,2025-02-22,13,0.0,0.01,0.02,5,22,0,1,0,16.857142857142858,0.0
8,4560,8,False,0,2025-02-22,9,1.0,0.01,0.02,5,22,0,1,0,15.714285714285714,0.0
8,5038,8,False,0,2025-02-22,11,1.0,0.02,0.03,5,22,0,1,0,13.0,0.0
8,5075,8,False,0,2025-02-22,10,1.0,0.01,0.02,5,22,0,1,0,13.571428571428571,0.0
8,5178,8,False,0,2025-02-22,14,3.0,0.01,0.02,5,22,0,1,0,10.142857142857142,0.0
8,10,9,True,0,2025-02-22,3,0.0,0.04,0.1,5,22,0,1,0,10.571428571428571,0.0
8,45,9,True,0,2025-02-22,10,0.0,0.02,0.05,5,22,0,1,0,9.857142857142858,0.0
8,141,9,True,0,2025-02-22,15,2.0,0.03,0.08,5,22,0,1,0,10.0,0.0
8,187,9,True,0,2025-02-22,5,0.0,0.01,0.02,5,22,0,1,0,10.285714285714286,0.0
8,270,9,True,0,2025-02-22,4,0.0,0.02,0.14,5,22,0,1,0,9.714285714285714,0.0
8,275,9,True,0,2025-02-22,11,1.0,0.04,0.06,5,22,0,1,0,8.714285714285714,0.0
8,278,9,True,0,2025-02-22,5,1.0,0.05,0.1,5,22,0,1,0,8.857142857142858,0.0
8,317,9,True,0,2025-02-22,6,0.0,0.01,0.02,5,22,0,1,0,7.571428571428571,0.0
8,352,9,True,0,2025-02-22,9,4.0,0.02,0.15,5,22,0,1,0,8.0,0.0
8,473,9,True,0,2025-02-22,4,0.0,0.01,0.02,5,22,0,1,0,7.857142857142857,0.0
8,496,9,True,0,2025-02-22,11,0.0,0.01,0.02,5,22,0,1,0,6.285714285714286,0.0
8,615,9,True,0,2025-02-22,3,0.0,0.02,0.05,5,22,0,1,0,7.142857142857143,0.0
8,678,9,True,0,2025-02-22,12,0.0,0.01,0.06,5,22,0,1,0,7.0,0.0
8,696,9,True,0,2025-02-22,8,0.0,0.01,0.05,5,22,0,1,0,7.142857142857143,0.0
8,747,9,True,0,2025-02-22,3,0.0,0.01,0.03,5,22,0,1,0,7.571428571428571,0.0
8,802,9,True,0,2025-02-22,7,1.0,0.06,0.1,5,22,0,1,0,7.142857142857143,0.0
8,813,9,True,0,2025-02-22,11,0.0,0.02,0.03,5,22,0,1,0,6.857142857142857,0.0
8,958,9,True,0,2025-02-22,9,0.0,0.01,0.04,5,22,0,1,0,7.857142857142857,0.0
8,976,9,True,0,2025-02-22,7,0.0,0.01,0.03,5,22,0,1,0,7.571428571428571,0.0
8,1112,9,True,0,2025-02-22,3,1.0,0.02,0.05,5,22,0,1,0,8.142857142857142,0.0
8,1148,9,True,0,2025-02-22,2,0.0,0.02,0.05,5,22,0,1,0,6.857142857142857,0.0
8,1172,9,True,0,2025-02-22,3,0.0,0.01,0.03,5,22,0,1,0,6.0,0.0
8,1178,9,True,0,2025-02-22,27,0.0,0.02,0.07,5,22,0,1,0,6.0,0.0
8,1287,9,True,0,2025-02-22,3,0.0,0.01,0.04,5,22,0,1,0,8.857142857142858,0.0
8,1323,9,True,0,2025-02-22,21,0.0,0.02,0.07,5,22,0,1,0,7.714285714285714,0.0
8,1409,9,True,0,2025-02-22,14,1.0,0.02,0.05,5,22,0,1,0,9.428571428571429,0.0
8,1510,9,True,0,2025-02-22,9,0.0,0.03,0.14,5,22,0,1,0,10.428571428571429,0.0
8,1661,9,True,0,2025-02-22,5,1.0,0.01,0.04,5,22,0,1,0,11.285714285714286,0.0
8,1696,9,True,0,2025-02-22,19,0.0,0.01,0.02,5,22,0,1,0,11.714285714285714,0.0
8,1705,9,True,0,2025-02-22,4,0.0,0.04,0.1,5,22,0,1,0,14.0,0.0
8,1896,9,True,0,2025-02-22,4,0.0,0.03,0.11,5,22,0,1,0,10.714285714285714,0.0
8,1906,9,True,0,2025-02-22,5,0.0,0.04,0.16,5,22,0,1,0,10.857142857142858,0.0
8,1951,9,True,0,2025-02-22,7,0.0,0.02,0.04,5,22,0,1,0,8.571428571428571,0.0
8,2010,9,True,0,2025-02-22,9,0.0,0.03,0.21,5,22,0,1,0,7.571428571428571,0.0
8,2011,9,True,0,2025-02-22,9,0.0,0.01,0.05,5,22,0,1,0,7.571428571428571,0.0
8,2056,9,True,0,2025-02-22,15,0.0,0.01,0.03,5,22,0,1,0,8.142857142857142,0.0
8,2256,9,True,0,2025-02-22,20,0.0,0.02,0.04,5,22,0,1,0,7.571428571428571,0.0
8,2284,9,True,0,2025-02-22,3,0.0,0.01,0.03,5,22,0,1,0,9.857142857142858,0.0
8,2307,9,True,0,2025-02-22,1,0.0,0.02,0.06,5,22,0,1,0,9.714285714285714,0.0
8,2357,9,True,0,2025-02-22,4,0.0,0.09,0.46,5,22,0,1,0,9.142857142857142,0.0
8,2360,9,True,0,2025-02-22,1,0.0,0.01,0.04,5,22,0,1,0,8.714285714285714,0.0
8,2399,9,True,0,2025-02-22,15,0.0,0.03,0.1,5,22,0,1,0,7.571428571428571,0.0
8,2401,9,True,0,2025-02-22,4,0.0,0.01,0.05,5,22,0,1,0,8.428571428571429,0.0
8,2419,9,True,0,2025-02-22,4,0.0,0.02,0.03,5,22,0,1,0,6.857142857142857,0.0
8,2474,9,True,0,2025-02-22,4,0.0,0.04,0.12,5,22,0,1,0,4.571428571428571,0.0
8,2486,9,True,0,2025-02-22,1,0.0,0.02,0.07,5,22,0,1,0,4.714285714285714,0.0
8,2543,9,True,0,2025-02-22,3,0.0,0.0,0.02,5,22,0,1,0,4.714285714285714,0.0
8,2615,9,True,0,2025-02-22,17,0.0,0.02,0.06,5,22,0,1,0,4.571428571428571,0.0
8,2795,9,True,0,2025-02-22,9,0.0,0.02,0.07,5,22,0,1,0,6.857142857142857,0.0
8,2812,9,True,0,2025-02-22,8,0.0,0.02,0.06,5,22,0,1,0,6.0,0.0
8,2841,9,True,0,2025-02-22,5,0.0,0.01,0.08,5,22,0,1,0,6.571428571428571,0.0
8,2857,9,True,0,2025-02-22,9,0.0,0.01,0.02,5,22,0,1,0,6.714285714285714,0.0
8,3008,9,True,0,2025-02-22,15,0.0,0.01,0.05,5,22,0,1,0,7.428571428571429,0.0
8,3226,9,True,0,2025-02-22,8,0.0,0.02,0.06,5,22,0,1,0,9.428571428571429,0.0
8,3241,9,True,0,2025-02-22,5,0.0,0.01,0.02,5,22,0,1,0,10.142857142857142,0.0
8,3244,9,True,0,2025-02-22,6,0.0,0.01,0.05,5,22,0,1,0,8.428571428571429,0.0
8,3356,9,True,0,2025-02-22,2,0.0,0.01,0.02,5,22,0,1,0,8.0,0.0
8,3540,9,True,0,2025-02-22,9,0.0,0.03,0.08,5,22,0,1,0,7.142857142857143,0.0
8,3735,9,True,0,2025-02-22,8,0.0,0.02,0.06,5,22,0,1,0,7.714285714285714,0.0
8,3751,9,True,0,2025-02-22,34,0.0,0.04,0.11,5,22,0,1,0,7.571428571428571,0.0
8,3789,9,True,0,2025-02-22,36,0.0,0.01,0.02,5,22,0,1,0,10.285714285714286,0.0
8,3905,9,True,0,2025-02-22,1,0.0,0.01,0.07,5,22,0,1,0,14.285714285714286,0.0
8,4012,9,True,0,2025-02-22,12,0.0,0.01,0.06,5,22,0,1,0,13.714285714285714,0.0
8,4106,9,True,0,2025-02-22,4,0.0,0.02,0.14,5,22,0,1,0,14.571428571428571,0.0
8,4141,9,True,0,2025-02-22,3,0.0,0.05,0.1,5,22,0,1,0,14.857142857142858,0.0
8,4153,9,True,0,2025-02-22,10,0.0,0.01,0.03,5,22,0,1,0,14.0,0.0
8,4154,9,True,0,2025-02-22,4,0.0,0.0,0.01,5,22,0,1,0,14.285714285714286,0.0
8,4197,9,True,0,2025-02-22,15,0.0,0.01,0.02,5,22,0,1,0,10.0,0.0
8,4348,9,True,0,2025-02-22,7,1.0,0.01,0.03,5,22,0,1,0,7.0,0.0
8,4350,9,True,0,2025-02-22,9,1.0,0.03,0.07,5,22,0,1,0,7.857142857142857,0.0
8,4367,9,True,0,2025-02-22,5,0.0,0.03,0.05,5,22,0,1,0,7.428571428571429,0.0
8,4466,9,True,0,2025-02-22,4,0.0,0.02,0.09,5,22,0,1,0,7.571428571428571,0.0
8,4493,9,True,0,2025-02-22,16,0.0,0.01,0.07,5,22,0,1,0,7.714285714285714,0.0
8,4530,9,True,0,2025-02-22,19,1.0,0.01,0.02,5,22,0,1,0,8.571428571428571,0.0
8,4594,9,True,0,2025-02-22,30,5.0,0.01,0.06,5,22,0,1,0,10.714285714285714,0.0
8,4637,9,True,0,2025-02-22,6,1.0,0.01,0.03,5,22,0,1,0,12.857142857142858,0.0
8,4645,9,True,0,2025-02-22,5,0.0,0.01,0.02,5,22,0,1,0,12.714285714285714,0.0
8,4655,9,True,0,2025-02-22,7,0.0,0.06,0.08,5,22,0,1,0,12.142857142857142,0.0
8,4679,9,True,0,2025-02-22,45,3.0,0.01,0.04,5,22,0,1,0,12.428571428571429,0.0
8,4845,9,True,0,2025-02-22,4,0.0,0.01,0.03,5,22,0,1,0,18.285714285714285,0.0
8,4906,9,True,0,2025-02-22,4,0.0,0.01,0.04,5,22,0,1,0,16.571428571428573,0.0
8,4996,9,True,0,2025-02-22,3,0.0,0.0,0.02,5,22,0,1,0,14.428571428571429,0.0
8,5079,9,True,0,2025-02-22,1,0.0,0.01,0.03,5,22,0,1,0,10.571428571428571,0.0
8,5087,9,True,0,2025-02-22,7,1.0,0.03,0.06,5,22,0,1,0,9.857142857142858,0.0
8,5093,9,True,0,2025-02-22,40,0.0,0.02,0.08,5,22,0,1,0,10.142857142857142,0.0
8,5122,9,True,0,2025-02-22,2,0.0,0.01,0.02,5,22,0,1,0,14.857142857142858,0.0
8,5135,9,True,0,2025-02-22,6,2.0,0.02,0.06,5,22,0,1,0,8.714285714285714,0.0
8,5175,9,True,0,2025-02-22,7,0.0,0.01,0.03,5,22,0,1,0,9.0,0.0
8,5212,9,True,0,2025-02-22,5,0.0,0.01,0.06,5,22,0,1,0,9.428571428571429,0.0
8,5272,9,True,0,2025-02-22,56,3.0,0.01,0.02,5,22,0,1,0,9.714285714285714,0.0
8,147,10,False,0,2025-02-22,27,3.0,0.03,0.07,5,22,0,1,0,17.571428571428573,0.0
8,1782,10,False,0,2025-02-22,24,0.0,0.04,0.08,5,22,0,1,0,20.428571428571427,0.0
8,2377,10,False,0,2025-02-22,53,2.0,0.0,0.01,5,22,0,1,0,18.142857142857142,3.2718525716743465
8,3203,10,False,0,2025-02-22,30,0.0,0.03,0.09,5,22,0,1,0,25.428571428571427,0.0
8,5018,10,False,0,2025-02-22,24,0.0,0.02,0.11,5,22,0,1,0,28.857142857142858,0.0
8,2058,11,False,0,2025-02-22,0,0.0,0.22,0.21,5,22,0,1,0,31.285714285714285,0.0
8,2882,11,False,0,2025-02-22,10,0.0,0.23,0.2,5,22,0,1,0,30.571428571428573,0.0
8,3107,11,False,0,2025-02-22,6,0.0,0.12,0.15,5,22,0,1,0,24.0,0.0
8,3123,11,False,0,2025-02-22,17,1.0,0.23,0.2,5,22,0,1,0,21.0,0.0
8,3499,11,False,0,2025-02-22,8,0.0,0.09,0.08,5,22,0,1,0,20.0,0.0
8,3870,11,False,0,2025-02-22,3,0.0,0.15,0.16,5,22,0,1,0,13.571428571428571,0.0
8,4160,11,False,0,2025-02-22,2,1.0,0.16,0.19,5,22,0,1,0,9.714285714285714,0.0
8,5085,11,False,0,2025-02-22,19,1.0,0.23,0.2,5,22,0,1,0,6.571428571428571,0.0
8,488,1,False,0,2025-02-27,8,0.0,0.14,0.16,3,27,0,0,1,9.285714285714286,0.0
8,1985,1,False,0,2025-02-27,8,0.0,0.14,0.17,3,27,0,0,1,9.0,0.0
8,2735,1,False,0,2025-02-27,13,0.0,0.14,0.16,3,27,0,0,1,9.285714285714286,0.0
8,3664,1,False,0,2025-02-27,3,0.0,0.14,0.16,3,27,0,0,1,8.714285714285714,0.0
8,4052,1,False,0,2025-02-27,6,0.0,0.15,0.17,3,27,0,0,1,8.0,0.0
8,48,3,True,0,2025-02-27,1,1.0,0.12,0.17,3,27,0,0,1,8.428571428571429,0.0
8,59,3,True,0,2025-02-27,11,0.0,0.02,0.03,3,27,0,0,1,8.285714285714286,0.0
8,82,3,True,0,2025-02-27,5,0.0,0.06,0.07,3,27,0,0,1,7.142857142857143,0.0
8,86,3,True,0,2025-02-27,3,0.0,0.12,0.14,3,27,0,0,1,6.714285714285714,0.0
8,87,3,True,0,2025-02-27,10,1.0,0.03,0.04,3,27,0,0,1,6.0,0.0
8,94,3,True,0,2025-02-27,9,0.0,0.08,0.15,3,27,0,0,1,5.571428571428571,0.0
8,103,3,True,0,2025-02-27,7,0.0,0.06,0.09,3,27,0,0,1,6.428571428571429,0.0
8,106,3,True,0,2025-02-27,2,0.0,0.04,0.06,3,27,0,0,1,6.571428571428571,0.0
8,167,3,True,0,2025-02-27,2,0.0,0.09,0.12,3,27,0,0,1,6.714285714285714,0.0
8,212,3,True,0,2025-02-27,3,0.0,0.05,0.07,3,27,0,0,1,5.428571428571429,0.0
8,234,3,True,0,2025-02-27,2,0.0,0.08,0.1,3,27,0,0,1,5.142857142857143,0.0
8,281,3,True,0,2025-02-27,10,0.0,0.07,0.09,3,27,0,0,1,5.0,0.0
8,381,3,True,0,2025-02-27,15,0.0,0.04,0.04,3,27,0,0,1,5.0,0.0
8,415,3,True,0,2025-02-27,3,0.0,0.07,0.1,3,27,0,0,1,5.857142857142857,0.0
8,440,3,True,0,2025-02-27,3,0.0,0.05,0.06,3,27,0,0,1,5.285714285714286,0.0
8,470,3,True,0,2025-02-27,1,0.0,0.07,0.09,3,27,0,0,1,5.428571428571429,0.0
8,493,3,True,0,2025-02-27,3,0.0,0.11,0.13,3,27,0,0,1,5.285714285714286,0.0
8,516,3,True,0,2025-02-27,0,0.0,0.02,0.02,3,27,0,0,1,5.285714285714286,0.0
8,605,3,True,0,2025-02-27,4,0.0,0.05,0.06,3,27,0,0,1,5.0,0.0
8,612,3,True,0,2025-02-27,12,0.0,0.03,0.03,3,27,0,0,1,4.142857142857143,0.0
8,620,3,True,0,2025-02-27,1,2.0,0.02,0.03,3,27,0,0,1,3.7142857142857144,0.0
8,650,3,True,0,2025-02-27,7,0.0,0.08,0.11,3,27,0,0,1,3.4285714285714284,0.0
8,686,3,True,0,2025-02-27,3,0.0,0.03,0.05,3,27,0,0,1,4.0,0.0
8,703,3,True,0,2025-02-27,8,0.0,0.02,0.02,3,27,0,0,1,4.285714285714286,0.0
8,742,3,True,0,2025-02-27,2,0.0,0.04,0.05,3,27,0,0,1,5.0,0.0
8,855,3,True,0,2025-02-27,1,0.0,0.02,0.03,3,27,0,0,1,5.285714285714286,0.0
8,947,3,True,0,2025-02-27,38,0.0,0.01,0.01,3,27,0,0,1,4.857142857142857,0.0
8,1052,3,True,0,2025-02-27,2,0.0,0.02,0.03,3,27,0,0,1,8.571428571428571,0.0
8,1071,3,True,0,2025-02-27,3,0.0,0.02,0.05,3,27,0,0,1,8.714285714285714,0.0
8,1103,3,True,0,2025-02-27,20,5.0,0.1,0.14,3,27,0,0,1,8.142857142857142,0.0
8,1105,3,True,0,2025-02-27,7,0.0,0.05,0.08,3,27,0,0,1,10.571428571428571,0.0
8,1120,3,True,0,2025-02-27,0,0.0,0.06,0.09,3,27,0,0,1,10.428571428571429,0.0
8,1175,3,True,0,2025-02-27,2,0.0,0.01,0.03,3,27,0,0,1,10.142857142857142,0.0
8,1190,3,True,0,2025-02-27,3,0.0,0.04,0.05,3,27,0,0,1,10.285714285714286,0.0
8,1223,3,True,0,2025-02-27,3,0.0,0.03,0.05,3,27,0,0,1,5.285714285714286,0.0
8,1235,3,True,0,2025-02-27,1,0.0,0.06,0.08,3,27,0,0,1,5.428571428571429,0.0
8,1261,3,True,0,2025-02-27,4,1.0,0.07,0.08,3,27,0,0,1,5.142857142857143,0.0
8,1291,3,True,0,2025-02-27,8,0.0,0.04,0.06,3,27,0,0,1,2.857142857142857,0.0
8,1382,3,True,0,2025-02-27,2,1.0,0.05,0.07,3,27,0,0,1,3.0,0.0
8,1384,3,True,0,2025-02-27,4,0.0,0.08,0.1,3,27,0,0,1,3.2857142857142856,0.0
8,1390,3,True,0,2025-02-27,5,1.0,0.04,0.06,3,27,0,0,1,3.5714285714285716,0.0
8,1447,3,True,0,2025-02-27,4,0.0,0.08,0.11,3,27,0,0,1,3.857142857142857,0.0
8,1470,3,True,0,2025-02-27,8,1.0,0.06,0.08,3,27,0,0,1,4.0,0.0
8,1503,3,True,0,2025-02-27,2,0.0,0.17,0.19,3,27,0,0,1,5.0,0.0
8,1505,3,True,0,2025-02-27,13,1.0,0.01,0.02,3,27,0,0,1,4.714285714285714,0.0
8,1531,3,True,0,2025-02-27,5,0.0,0.05,0.07,3,27,0,0,1,5.428571428571429,0.0
8,1576,3,True,0,2025-02-27,3,0.0,0.13,0.16,3,27,0,0,1,5.857142857142857,0.0
8,1610,3,True,0,2025-02-27,30,0.0,0.01,0.0,3,27,0,0,1,5.714285714285714,0.0
8,1642,3,True,0,2025-02-27,0,0.0,0.09,0.12,3,27,0,0,1,9.285714285714286,0.0
8,1771,3,True,0,2025-02-27,1,0.0,0.17,0.22,3,27,0,0,1,8.714285714285714,0.0
8,1822,3,True,0,2025-02-27,1,0.0,0.08,0.1,3,27,0,0,1,7.714285714285714,0.0
8,1849,3,True,0,2025-02-27,2,0.0,0.05,0.06,3,27,0,0,1,7.571428571428571,0.0
8,1902,3,True,0,2025-02-27,5,0.0,0.03,0.04,3,27,0,0,1,6.0,0.0
8,1940,3,True,0,2025-02-27,2,0.0,0.04,0.06,3,27,0,0,1,6.0,0.0
8,1949,3,True,0,2025-02-27,3,0.0,0.04,0.05,3,27,0,0,1,5.857142857142857,0.0
8,1969,3,True,0,2025-02-27,2,0.0,0.13,0.14,3,27,0,0,1,2.0,0.0
8,1988,3,True,0,2025-02-27,3,0.0,0.12,0.16,3,27,0,0,1,2.2857142857142856,0.0
8,1997,3,True,0,2025-02-27,13,0.0,0.01,0.02,3,27,0,0,1,2.5714285714285716,0.0
8,2039,3,True,0,2025-02-27,24,0.0,0.01,0.02,3,27,0,0,1,4.285714285714286,0.0
8,2040,3,True,0,2025-02-27,1,0.0,0.08,0.11,3,27,0,0,1,7.428571428571429,0.0
8,2048,3,True,0,2025-02-27,3,0.0,0.04,0.06,3,27,0,0,1,6.857142857142857,0.0
8,2062,3,True,0,2025-02-27,1,1.0,0.11,0.14,3,27,0,0,1,7.0,0.0
8,2110,3,True,0,2025-02-27,4,0.0,0.06,0.07,3,27,0,0,1,6.714285714285714,0.0
8,2127,3,True,0,2025-02-27,20,0.0,0.03,0.04,3,27,0,0,1,7.0,0.0
8,2151,3,True,0,2025-02-27,0,0.0,0.0,0.01,3,27,0,0,1,9.428571428571429,0.0
8,2185,3,True,0,2025-02-27,7,0.0,0.04,0.05,3,27,0,0,1,7.571428571428571,0.0
8,2236,3,True,0,2025-02-27,9,0.0,0.07,0.08,3,27,0,0,1,5.142857142857143,0.0
8,2331,3,True,0,2025-02-27,6,0.0,0.52,0.55,3,27,0,0,1,6.285714285714286,0.0
8,2432,3,True,0,2025-02-27,5,0.0,0.03,0.04,3,27,0,0,1,6.714285714285714,0.0
8,2491,3,True,0,2025-02-27,1,2.0,0.03,0.04,3,27,0,0,1,7.285714285714286,0.0
8,2551,3,True,0,2025-02-27,1,0.0,0.02,0.02,3,27,0,0,1,6.857142857142857,0.0
8,2558,3,True,0,2025-02-27,4,1.0,0.08,0.11,3,27,0,0,1,4.142857142857143,0.0
8,2585,3,True,0,2025-02-27,5,0.0,0.03,0.04,3,27,0,0,1,4.714285714285714,0.0
8,2595,3,True,0,2025-02-27,14,0.0,0.0,0.01,3,27,0,0,1,4.428571428571429,0.0
8,2700,3,True,0,2025-02-27,19,0.0,0.01,0.01,3,27,0,0,1,5.142857142857143,0.0
8,2805,3,True,0,2025-02-27,7,0.0,0.08,0.11,3,27,0,0,1,7.0,0.0
8,2816,3,True,0,2025-02-27,5,0.0,0.06,0.08,3,27,0,0,1,7.285714285714286,0.0
8,2840,3,True,0,2025-02-27,4,0.0,0.17,0.21,3,27,0,0,1,7.857142857142857,0.0
8,2852,3,True,0,2025-02-27,3,0.0,0.07,0.1,3,27,0,0,1,8.285714285714286,0.0
8,2884,3,True,0,2025-02-27,4,0.0,0.23,0.29,3,27,0,0,1,8.142857142857142,0.0
8,2889,3,True,0,2025-02-27,5,0.0,0.03,0.04,3,27,0,0,1,8.0,0.0
8,3190,3,True,0,2025-02-27,35,0.0,0.02,0.02,3,27,0,0,1,6.714285714285714,0.0
8,3239,3,True,0,2025-02-27,4,0.0,0.06,0.07,3,27,0,0,1,9.0,0.0
8,3279,3,True,0,2025-02-27,5,0.0,0.02,0.02,3,27,0,0,1,8.571428571428571,0.0
8,3283,3,True,0,2025-02-27,2,1.0,0.1,0.12,3,27,0,0,1,8.571428571428571,0.0
8,3339,3,True,0,2025-02-27,21,0.0,0.01,0.01,3,27,0,0,1,8.285714285714286,0.0
8,3349,3,True,0,2025-02-27,2,0.0,0.27,0.38,3,27,0,0,1,10.857142857142858,0.0
8,3360,3,True,0,2025-02-27,1,0.0,0.02,0.04,3,27,0,0,1,10.571428571428571,0.0
8,3556,3,True,0,2025-02-27,2,0.0,0.26,0.32,3,27,0,0,1,10.0,0.0
8,3693,3,True,0,2025-02-27,33,0.0,0.01,0.01,3,27,0,0,1,5.285714285714286,0.0
8,3717,3,True,0,2025-02-27,0,0.0,0.05,0.06,3,27,0,0,1,9.428571428571429,0.0
8,3768,3,True,0,2025-02-27,3,0.0,0.02,0.02,3,27,0,0,1,8.714285714285714,0.0
8,3786,3,True,0,2025-02-27,0,0.0,0.05,0.16,3,27,0,0,1,8.857142857142858,0.0
8,3862,3,True,0,2025-02-27,2,0.0,0.07,0.09,3,27,0,0,1,5.857142857142857,0.0
8,3931,3,True,0,2025-02-27,12,0.0,0.01,0.02,3,27,0,0,1,5.857142857142857,0.0
8,3985,3,True,0,2025-02-27,3,0.0,0.12,0.16,3,27,0,0,1,7.428571428571429,0.0
8,4059,3,True,0,2025-02-27,5,0.0,0.33,0.34,3,27,0,0,1,7.571428571428571,0.0
8,4101,3,True,0,2025-02-27,4,3.0,0.13,0.15,3,27,0,0,1,3.5714285714285716,0.0
8,4144,3,True,0,2025-02-27,21,0.0,0.02,0.03,3,27,0,0,1,4.142857142857143,0.0
8,4176,3,True,0,2025-02-27,5,0.0,0.03,0.05,3,27,0,0,1,6.714285714285714,0.0
8,4204,3,True,0,2025-02-27,0,0.0,0.14,0.17,3,27,0,0,1,7.428571428571429,0.0
8,4205,3,True,0,2025-02-27,28,1.0,0.02,0.02,3,27,0,0,1,7.142857142857143,0.0
8,4215,3,True,0,2025-02-27,2,0.0,0.03,0.07,3,27,0,0,1,9.428571428571429,0.0
8,4252,3,True,0,2025-02-27,5,1.0,0.02,0.03,3,27,0,0,1,9.285714285714286,0.0
8,4321,3,True,0,2025-02-27,2,0.0,0.1,0.12,3,27,0,0,1,9.285714285714286,0.0
8,4333,3,True,0,2025-02-27,2,0.0,0.21,0.26,3,27,0,0,1,9.0,0.0
8,4426,3,True,0,2025-02-27,40,0.0,0.03,0.04,3,27,0,0,1,6.285714285714286,0.0
8,4433,3,True,0,2025-02-27,1,0.0,0.05,0.07,3,27,0,0,1,11.285714285714286,0.0
8,4439,3,True,0,2025-02-27,23,1.0,0.02,0.02,3,27,0,0,1,11.428571428571429,0.0
8,4447,3,True,0,2025-02-27,9,0.0,0.02,0.03,3,27,0,0,1,10.714285714285714,0.0
8,4461,3,True,0,2025-02-27,9,0.0,0.03,0.03,3,27,0,0,1,11.714285714285714,0.0
8,4470,3,True,0,2025-02-27,2,0.0,0.07,0.09,3,27,0,0,1,12.285714285714286,0.0
8,4488,3,True,0,2025-02-27,3,0.0,0.01,0.03,3,27,0,0,1,12.285714285714286,0.0
8,4504,3,True,0,2025-02-27,2,0.0,0.03,0.04,3,27,0,0,1,12.428571428571429,0.0
8,4523,3,True,0,2025-02-27,2,0.0,0.06,0.09,3,27,0,0,1,7.0,0.0
8,4596,3,True,0,2025-02-27,5,0.0,0.07,0.08,3,27,0,0,1,7.142857142857143,0.0
8,4633,3,True,0,2025-02-27,3,0.0,0.04,0.06,3,27,0,0,1,4.571428571428571,0.0
8,4713,3,True,0,2025-02-27,2,0.0,0.04,0.06,3,27,0,0,1,3.7142857142857144,0.0
8,4722,3,True,0,2025-02-27,6,1.0,0.04,0.06,3,27,0,0,1,2.7142857142857144,0.0
8,4766,3,True,0,2025-02-27,6,0.0,0.03,0.04,3,27,0,0,1,3.2857142857142856,0.0
8,4786,3,True,0,2025-02-27,4,1.0,0.03,0.04,3,27,0,0,1,3.7142857142857144,0.0
8,4800,3,True,0,2025-02-27,8,0.0,0.08,0.11,3,27,0,0,1,4.0,0.0
8,4809,3,True,0,2025-02-27,2,0.0,0.1,0.16,3,27,0,0,1,4.857142857142857,0.0
8,4810,3,True,0,2025-02-27,3,0.0,0.03,0.04,3,27,0,0,1,4.428571428571429,0.0
8,4818,3,True,0,2025-02-27,5,0.0,0.04,0.07,3,27,0,0,1,4.428571428571429,0.0
8,4826,3,True,0,2025-02-27,14,2.0,0.12,0.17,3,27,0,0,1,4.857142857142857,0.0
8,4847,3,True,0,2025-02-27,16,5.0,0.1,0.13,3,27,0,0,1,6.0,0.0
8,4889,3,True,0,2025-02-27,4,0.0,0.03,0.04,3,27,0,0,1,7.428571428571429,0.0
8,4952,3,True,0,2025-02-27,3,0.0,0.24,0.28,3,27,0,0,1,7.428571428571429,0.0
8,4960,3,True,0,2025-02-27,3,0.0,0.02,0.03,3,27,0,0,1,6.714285714285714,0.0
8,5029,3,True,0,2025-02-27,7,0.0,0.06,0.08,3,27,0,0,1,6.857142857142857,0.0
8,5057,3,True,0,2025-02-27,2,0.0,0.06,0.09,3,27,0,0,1,7.428571428571429,0.0
8,5060,3,True,0,2025-02-27,1,0.0,0.06,0.08,3,27,0,0,1,7.0,0.0
8,5082,3,True,0,2025-02-27,4,0.0,0.04,0.06,3,27,0,0,1,5.142857142857143,0.0
8,5090,3,True,0,2025-02-27,3,0.0,0.05,0.06,3,27,0,0,1,3.4285714285714284,0.0
8,5153,3,True,0,2025-02-27,1,0.0,0.09,0.12,3,27,0,0,1,3.2857142857142856,0.0
8,5167,3,True,0,2025-02-27,2,0.0,0.05,0.07,3,27,0,0,1,3.0,0.0
8,5176,3,True,0,2025-02-27,4,0.0,0.24,0.35,3,27,0,0,1,2.857142857142857,0.0
8,5183,3,True,0,2025-02-27,7,0.0,0.03,0.04,3,27,0,0,1,2.4285714285714284,0.0
8,5259,3,True,0,2025-02-27,2,0.0,0.06,0.09,3,27,0,0,1,3.142857142857143,0.0
8,4,4,False,0,2025-02-27,3,0.0,0.12,0.15,3,27,0,0,1,3.2857142857142856,0.0
8,19,4,False,0,2025-02-27,6,0.0,0.01,0.03,3,27,0,0,1,3.142857142857143,0.0
8,31,4,False,0,2025-02-27,1,0.0,0.02,0.03,3,27,0,0,1,3.5714285714285716,0.0
8,34,4,False,0,2025-02-27,3,0.0,0.01,0.01,3,27,0,0,1,3.5714285714285716,0.0
8,47,4,False,0,2025-02-27,5,0.0,0.01,0.01,3,27,0,0,1,3.7142857142857144,0.0
8,61,4,False,0,2025-02-27,4,0.0,0.01,0.02,3,27,0,0,1,3.857142857142857,0.0
8,70,4,False,0,2025-02-27,4,0.0,0.03,0.06,3,27,0,0,1,3.4285714285714284,0.0
8,91,4,False,0,2025-02-27,4,0.0,0.03,0.03,3,27,0,0,1,3.7142857142857144,0.0
8,107,4,False,0,2025-02-27,3,0.0,0.03,0.04,3,27,0,0,1,3.857142857142857,0.0
8,122,4,False,0,2025-02-27,2,0.0,0.03,0.04,3,27,0,0,1,3.4285714285714284,0.0
8,155,4,False,0,2025-02-27,3,0.0,0.04,0.0,3,27,0,0,1,3.5714285714285716,0.0
8,200,4,False,0,2025-02-27,3,0.0,0.04,0.05,3,27,0,0,1,3.5714285714285716,0.0
8,248,4,False,0,2025-02-27,3,0.0,0.05,0.07,3,27,0,0,1,3.2857142857142856,0.0
8,249,4,False,0,2025-02-27,2,0.0,0.13,0.14,3,27,0,0,1,3.142857142857143,0.0
8,283,4,False,0,2025-02-27,3,0.0,0.03,0.05,3,27,0,0,1,2.857142857142857,0.0
8,355,4,False,0,2025-02-27,3,0.0,0.02,0.03,3,27,0,0,1,2.7142857142857144,0.0
8,363,4,False,0,2025-02-27,3,0.0,0.01,0.01,3,27,0,0,1,2.7142857142857144,0.0
8,371,4,False,0,2025-02-27,3,0.0,0.01,0.01,3,27,0,0,1,2.857142857142857,0.0
8,393,4,False,0,2025-02-27,2,0.0,0.02,0.03,3,27,0,0,1,2.857142857142857,0.0
8,442,4,False,0,2025-02-27,2,0.0,0.05,0.07,3,27,0,0,1,2.7142857142857144,0.0
8,495,4,False,0,2025-02-27,3,0.0,0.02,0.03,3,27,0,0,1,2.5714285714285716,0.0
8,523,4,False,0,2025-02-27,3,0.0,0.03,0.05,3,27,0,0,1,2.7142857142857144,0.0
8,538,4,False,0,2025-02-27,2,0.0,0.02,0.04,3,27,0,0,1,2.7142857142857144,0.0
8,542,4,False,0,2025-02-27,4,0.0,0.04,0.06,3,27,0,0,1,2.5714285714285716,0.0
8,544,4,False,0,2025-02-27,4,0.0,0.02,0.04,3,27,0,0,1,2.7142857142857144,0.0
8,564,4,False,0,2025-02-27,2,0.0,0.02,0.03,3,27,0,0,1,2.857142857142857,0.0
8,610,4,False,0,2025-02-27,5,0.0,0.04,0.05,3,27,0,0,1,2.857142857142857,0.0
8,619,4,False,0,2025-02-27,1,1.0,0.04,0.05,3,27,0,0,1,3.2857142857142856,0.0
8,636,4,False,0,2025-02-27,3,0.0,0.02,0.03,3,27,0,0,1,3.0,0.0
8,645,4,False,0,2025-02-27,1,0.0,0.01,0.02,3,27,0,0,1,3.0,0.0
8,653,4,False,0,2025-02-27,5,0.0,0.02,0.03,3,27,0,0,1,2.857142857142857,0.0
8,668,4,False,0,2025-02-27,3,0.0,0.03,0.04,3,27,0,0,1,3.0,0.0
8,701,4,False,0,2025-02-27,4,0.0,0.02,0.04,3,27,0,0,1,2.857142857142857,0.0
8,717,4,False,0,2025-02-27,4,0.0,0.05,0.07,3,27,0,0,1,3.142857142857143,0.0
8,768,4,False,0,2025-02-27,6,0.0,0.03,0.04,3,27,0,0,1,3.0,0.0
8,769,4,False,0,2025-02-27,5,0.0,0.01,0.01,3,27,0,0,1,3.7142857142857144,0.0
8,780,4,False,0,2025-02-27,6,0.0,0.03,0.04,3,27,0,0,1,4.0,0.0
8,794,4,False,0,2025-02-27,1,0.0,0.04,0.05,3,27,0,0,1,4.714285714285714,0.0
8,854,4,False,0,2025-02-27,3,0.0,0.05,0.06,3,27,0,0,1,4.142857142857143,0.0
8,858,4,False,0,2025-02-27,2,0.0,0.04,0.06,3,27,0,0,1,4.142857142857143,0.0
8,864,4,False,0,2025-02-27,4,0.0,0.02,0.03,3,27,0,0,1,3.857142857142857,0.0
8,875,4,False,0,2025-02-27,4,0.0,0.02,0.03,3,27,0,0,1,3.857142857142857,0.0
8,891,4,False,0,2025-02-27,4,0.0,0.03,0.04,3,27,0,0,1,3.5714285714285716,0.0
8,961,4,False,0,2025-02-27,1,0.0,0.05,0.05,3,27,0,0,1,3.4285714285714284,0.0
8,1017,4,False,0,2025-02-27,3,0.0,0.03,0.04,3,27,0,0,1,2.7142857142857144,0.0
8,1047,4,False,0,2025-02-27,4,0.0,0.09,0.14,3,27,0,0,1,3.0,0.0
8,1057,4,False,0,2025-02-27,3,0.0,0.04,0.07,3,27,0,0,1,3.142857142857143,0.0
8,1095,4,False,0,2025-02-27,0,0.0,0.03,0.05,3,27,0,0,1,3.2857142857142856,0.0
8,1107,4,False,0,2025-02-27,1,0.0,0.02,0.03,3,27,0,0,1,2.7142857142857144,0.0
8,1161,4,False,0,2025-02-27,2,0.0,0.02,0.03,3,27,0,0,1,2.2857142857142856,0.0
8,1177,4,False,0,2025-02-27,4,0.0,0.1,0.15,3,27,0,0,1,2.0,0.0
8,1189,4,False,0,2025-02-27,3,1.0,0.02,0.04,3,27,0,0,1,2.4285714285714284,0.0
8,1193,4,False,0,2025-02-27,4,0.0,0.02,0.03,3,27,0,0,1,2.4285714285714284,0.0
8,1202,4,False,0,2025-02-27,3,0.0,0.02,0.04,3,27,0,0,1,2.4285714285714284,0.0
8,1215,4,False,0,2025-02-27,2,0.0,0.01,0.02,3,27,0,0,1,2.4285714285714284,0.0
8,1224,4,False,0,2025-02-27,0,0.0,0.04,0.05,3,27,0,0,1,2.7142857142857144,0.0
8,1267,4,False,0,2025-02-27,3,0.0,0.07,0.09,3,27,0,0,1,2.5714285714285716,0.0
8,1293,4,False,0,2025-02-27,6,0.0,0.03,0.04,3,27,0,0,1,2.7142857142857144,0.0
8,1303,4,False,0,2025-02-27,4,0.0,0.06,0.07,3,27,0,0,1,3.0,0.0
8,1338,4,False,0,2025-02-27,1,1.0,0.06,0.09,3,27,0,0,1,3.142857142857143,0.0
8,1344,4,False,0,2025-02-27,3,0.0,0.06,0.09,3,27,0,0,1,2.7142857142857144,0.0
8,1350,4,False,0,2025-02-27,1,0.0,0.03,0.05,3,27,0,0,1,2.7142857142857144,0.0
8,1367,4,False,0,2025-02-27,4,0.0,0.02,0.03,3,27,0,0,1,2.5714285714285716,0.0
8,1404,4,False,0,2025-02-27,4,0.0,0.02,0.04,3,27,0,0,1,3.142857142857143,0.0
8,1421,4,False,0,2025-02-27,4,0.0,0.02,0.03,3,27,0,0,1,3.2857142857142856,0.0
8,1448,4,False,0,2025-02-27,2,0.0,0.06,0.07,3,27,0,0,1,3.0,0.0
8,1466,4,False,0,2025-02-27,0,0.0,0.02,0.03,3,27,0,0,1,2.7142857142857144,0.0
8,1479,4,False,0,2025-02-27,3,0.0,0.05,0.06,3,27,0,0,1,2.5714285714285716,0.0
8,1483,4,False,0,2025-02-27,7,0.0,0.02,0.04,3,27,0,0,1,2.5714285714285716,0.0
8,1498,4,False,0,2025-02-27,3,2.0,0.12,0.17,3,27,0,0,1,3.4285714285714284,0.0
8,1517,4,False,0,2025-02-27,2,0.0,0.02,0.03,3,27,0,0,1,3.2857142857142856,0.0
8,1533,4,False,0,2025-02-27,2,0.0,0.05,0.07,3,27,0,0,1,3.0,0.0
8,1606,4,False,0,2025-02-27,6,0.0,0.04,0.05,3,27,0,0,1,2.7142857142857144,0.0
8,1622,4,False,0,2025-02-27,6,0.0,0.07,0.09,3,27,0,0,1,3.2857142857142856,0.0
8,1624,4,False,0,2025-02-27,2,0.0,0.04,0.06,3,27,0,0,1,4.142857142857143,0.0
8,1625,4,False,0,2025-02-27,0,0.0,0.03,0.04,3,27,0,0,1,4.0,0.0
8,1634,4,False,0,2025-02-27,3,0.0,0.05,0.06,3,27,0,0,1,3.0,0.0
8,1648,4,False,0,2025-02-27,5,0.0,0.03,0.04,3,27,0,0,1,3.0,0.0
8,1654,4,False,0,2025-02-27,4,0.0,0.01,0.02,3,27,0,0,1,3.4285714285714284,0.0
8,1672,4,False,0,2025-02-27,3,0.0,0.02,0.02,3,27,0,0,1,3.7142857142857144,0.0
8,1693,4,False,0,2025-02-27,4,0.0,0.02,0.04,3,27,0,0,1,3.2857142857142856,0.0
8,1805,4,False,0,2025-02-27,3,0.0,0.04,0.07,3,27,0,0,1,3.0,0.0
8,1806,4,False,0,2025-02-27,3,0.0,0.08,0.12,3,27,0,0,1,3.142857142857143,0.0
8,1824,4,False,0,2025-02-27,3,0.0,0.01,0.01,3,27,0,0,1,3.5714285714285716,0.0
8,1836,4,False,0,2025-02-27,6,0.0,0.04,0.06,3,27,0,0,1,3.5714285714285716,0.0
8,1838,4,False,0,2025-02-27,3,0.0,0.01,0.01,3,27,0,0,1,3.7142857142857144,0.0
8,1842,4,False,0,2025-02-27,2,0.0,0.01,0.01,3,27,0,0,1,3.5714285714285716,0.0
8,1856,4,False,0,2025-02-27,2,0.0,0.02,0.04,3,27,0,0,1,3.4285714285714284,0.0
8,1861,4,False,0,2025-02-27,2,0.0,0.02,0.03,3,27,0,0,1,3.142857142857143,0.0
8,1869,4,False,0,2025-02-27,2,1.0,0.01,0.01,3,27,0,0,1,3.0,0.0
8,1870,4,False,0,2025-02-27,2,0.0,0.04,0.06,3,27,0,0,1,2.857142857142857,0.0
8,1894,4,False,0,2025-02-27,3,0.0,0.03,0.04,3,27,0,0,1,2.7142857142857144,0.0
8,1928,4,False,0,2025-02-27,0,0.0,0.01,0.01,3,27,0,0,1,2.2857142857142856,0.0
8,1942,4,False,0,2025-02-27,4,0.0,0.01,0.02,3,27,0,0,1,1.8571428571428572,0.0
8,1958,4,False,0,2025-02-27,1,0.0,0.04,0.06,3,27,0,0,1,2.142857142857143,0.0
8,1959,4,False,0,2025-02-27,8,1.0,0.05,0.08,3,27,0,0,1,2.0,0.0
8,1968,4,False,0,2025-02-27,4,0.0,0.03,0.05,3,27,0,0,1,2.857142857142857,0.0
8,1996,4,False,0,2025-02-27,5,0.0,0.01,0.02,3,27,0,0,1,3.142857142857143,0.0
8,1999,4,False,0,2025-02-27,1,0.0,0.01,0.01,3,27,0,0,1,3.5714285714285716,0.0
8,2022,4,False,0,2025-02-27,10,0.0,0.03,0.05,3,27,0,0,1,3.2857142857142856,0.0
8,2024,4,False,0,2025-02-27,2,0.0,0.02,0.04,3,27,0,0,1,4.714285714285714,0.0
8,2064,4,False,0,2025-02-27,2,1.0,0.02,0.03,3,27,0,0,1,4.428571428571429,0.0
8,2092,4,False,0,2025-02-27,4,0.0,0.04,0.06,3,27,0,0,1,4.571428571428571,0.0
8,2097,4,False,0,2025-02-27,2,0.0,0.03,0.05,3,27,0,0,1,4.0,0.0
8,2103,4,False,0,2025-02-27,3,0.0,0.01,0.02,3,27,0,0,1,3.7142857142857144,0.0
8,2137,4,False,0,2025-02-27,1,0.0,0.04,0.06,3,27,0,0,1,3.4285714285714284,0.0
8,2150,4,False,0,2025-02-27,2,0.0,0.01,0.02,3,27,0,0,1,3.4285714285714284,0.0
8,2180,4,False,0,2025-02-27,3,0.0,0.05,0.08,3,27,0,0,1,2.2857142857142856,0.0
8,2239,4,False,0,2025-02-27,3,0.0,0.03,0.04,3,27,0,0,1,2.4285714285714284,0.0
8,2252,4,False,0,2025-02-27,0,0.0,0.02,0.03,3,27,0,0,1,2.5714285714285716,0.0
8,2297,4,False,0,2025-02-27,3,0.0,0.14,0.15,3,27,0,0,1,2.0,0.0
8,2320,4,False,0,2025-02-27,2,0.0,0.03,0.04,3,27,0,0,1,2.142857142857143,0.0
8,2355,4,False,0,2025-02-27,0,0.0,0.05,0.09,3,27,0,0,1,2.0,0.0
8,2369,4,False,0,2025-02-27,4,0.0,0.03,0.05,3,27,0,0,1,1.8571428571428572,0.0
8,2423,4,False,0,2025-02-27,4,0.0,0.02,0.03,3,27,0,0,1,2.142857142857143,0.0
8,2456,4,False,0,2025-02-27,2,0.0,0.02,0.03,3,27,0,0,1,2.2857142857142856,0.0
8,2495,4,False,0,2025-02-27,2,0.0,0.05,0.08,3,27,0,0,1,2.142857142857143,0.0
8,2517,4,False,0,2025-02-27,2,0.0,0.05,0.09,3,27,0,0,1,2.4285714285714284,0.0
8,2550,4,False,0,2025-02-27,3,0.0,0.03,0.05,3,27,0,0,1,2.2857142857142856,0.0
8,2569,4,False,0,2025-02-27,2,0.0,0.01,0.02,3,27,0,0,1,2.4285714285714284,0.0
8,2586,4,False,0,2025-02-27,2,0.0,0.04,0.06,3,27,0,0,1,2.7142857142857144,0.0
8,2644,4,False,0,2025-02-27,2,0.0,0.05,0.08,3,27,0,0,1,2.4285714285714284,0.0
8,2711,4,False,0,2025-02-27,5,0.0,0.04,0.06,3,27,0,0,1,2.142857142857143,0.0
8,2750,4,False,0,2025-02-27,3,0.0,0.01,0.01,3,27,0,0,1,2.5714285714285716,0.0
8,2773,4,False,0,2025-02-27,4,0.0,0.02,0.04,3,27,0,0,1,2.7142857142857144,0.0
8,2800,4,False,0,2025-02-27,7,0.0,0.02,0.04,3,27,0,0,1,3.0,0.0
8,2908,4,False,0,2025-02-27,2,0.0,0.03,0.04,3,27,0,0,1,3.5714285714285716,0.0
8,2943,4,False,0,2025-02-27,4,0.0,0.02,0.03,3,27,0,0,1,3.5714285714285716,0.0
8,2955,4,False,0,2025-02-27,3,0.0,0.01,0.02,3,27,0,0,1,3.857142857142857,0.0
8,2973,4,False,0,2025-02-27,4,0.0,0.04,0.05,3,27,0,0,1,4.0,0.0
8,2995,4,False,0,2025-02-27,5,0.0,0.05,0.07,3,27,0,0,1,3.857142857142857,0.0
8,3003,4,False,0,2025-02-27,5,0.0,0.02,0.04,3,27,0,0,1,4.142857142857143,0.0
8,3029,4,False,0,2025-02-27,3,0.0,0.09,0.12,3,27,0,0,1,4.285714285714286,0.0
8,3127,4,False,0,2025-02-27,4,0.0,0.12,0.18,3,27,0,0,1,3.7142857142857144,0.0
8,3130,4,False,0,2025-02-27,6,0.0,0.14,0.22,3,27,0,0,1,4.0,0.0
8,3166,4,False,0,2025-02-27,3,0.0,0.01,0.01,3,27,0,0,1,4.285714285714286,0.0
8,3169,4,False,0,2025-02-27,3,0.0,0.02,0.03,3,27,0,0,1,4.285714285714286,0.0
8,3174,4,False,0,2025-02-27,2,1.0,0.01,0.01,3,27,0,0,1,4.142857142857143,0.0
8,3222,4,False,0,2025-02-27,2,0.0,0.02,0.04,3,27,0,0,1,3.7142857142857144,0.0
8,3281,4,False,0,2025-02-27,2,0.0,0.06,0.08,3,27,0,0,1,3.2857142857142856,0.0
8,3344,4,False,0,2025-02-27,1,1.0,0.04,0.05,3,27,0,0,1,3.142857142857143,0.0
8,3374,4,False,0,2025-02-27,1,0.0,0.06,0.09,3,27,0,0,1,2.7142857142857144,0.0
8,3376,4,False,0,2025-02-27,3,0.0,0.03,0.04,3,27,0,0,1,2.0,0.0
8,3400,4,False,0,2025-02-27,11,0.0,0.01,0.01,3,27,0,0,1,2.0,0.0
8,3425,4,False,0,2025-02-27,0,0.0,0.01,0.01,3,27,0,0,1,3.142857142857143,0.0
8,3428,4,False,0,2025-02-27,2,0.0,0.04,0.06,3,27,0,0,1,2.857142857142857,0.0
8,3442,4,False,0,2025-02-27,4,0.0,0.07,0.1,3,27,0,0,1,2.857142857142857,0.0
8,3459,4,False,0,2025-02-27,2,0.0,0.04,0.07,3,27,0,0,1,3.142857142857143,0.0
8,3460,4,False,0,2025-02-27,4,0.0,0.02,0.03,3,27,0,0,1,3.2857142857142856,0.0
8,3462,4,False,0,2025-02-27,3,0.0,0.03,0.05,3,27,0,0,1,3.7142857142857144,0.0
8,3471,4,False,0,2025-02-27,5,0.0,0.03,0.04,3,27,0,0,1,3.7142857142857144,0.0
8,3497,4,False,0,2025-02-27,3,2.0,0.04,0.06,3,27,0,0,1,2.857142857142857,0.0
8,3511,4,False,0,2025-02-27,2,1.0,0.04,0.07,3,27,0,0,1,3.2857142857142856,0.0
8,3603,4,False,0,2025-02-27,2,0.0,0.04,0.06,3,27,0,0,1,3.2857142857142856,0.0
8,3618,4,False,0,2025-02-27,5,0.0,0.12,0.17,3,27,0,0,1,3.0,0.0
8,3669,4,False,0,2025-02-27,2,0.0,0.01,0.01,3,27,0,0,1,3.4285714285714284,0.0
8,3670,4,False,0,2025-02-27,4,0.0,0.03,0.05,3,27,0,0,1,3.142857142857143,0.0
8,3671,4,False,0,2025-02-27,4,0.0,0.04,0.07,3,27,0,0,1,3.2857142857142856,0.0
8,3678,4,False,0,2025-02-27,1,1.0,0.03,0.05,3,27,0,0,1,3.142857142857143,0.0
8,3685,4,False,0,2025-02-27,0,0.0,0.03,0.05,3,27,0,0,1,2.857142857142857,0.0
8,3720,4,False,0,2025-02-27,3,0.0,0.05,0.06,3,27,0,0,1,2.5714285714285716,0.0
8,3738,4,False,0,2025-02-27,1,0.0,0.01,0.01,3,27,0,0,1,2.7142857142857144,0.0
8,3744,4,False,0,2025-02-27,4,0.0,0.04,0.05,3,27,0,0,1,2.142857142857143,0.0
8,3797,4,False,0,2025-02-27,4,0.0,0.03,0.04,3,27,0,0,1,2.4285714285714284,0.0
8,3799,4,False,0,2025-02-27,3,0.0,0.03,0.05,3,27,0,0,1,2.4285714285714284,0.0
8,3820,4,False,0,2025-02-27,4,0.0,0.02,0.04,3,27,0,0,1,2.2857142857142856,0.0
8,3821,4,False,0,2025-02-27,3,0.0,0.04,0.05,3,27,0,0,1,2.7142857142857144,0.0
8,3826,4,False,0,2025-02-27,4,0.0,0.03,0.04,3,27,0,0,1,3.142857142857143,0.0
8,3831,4,False,0,2025-02-27,3,0.0,0.01,0.02,3,27,0,0,1,3.2857142857142856,0.0
8,3858,4,False,0,2025-02-27,2,0.0,0.06,0.08,3,27,0,0,1,3.5714285714285716,0.0
8,3894,4,False,0,2025-02-27,5,0.0,0.02,0.03,3,27,0,0,1,3.2857142857142856,0.0
8,3898,4,False,0,2025-02-27,4,0.0,0.06,0.1,3,27,0,0,1,3.4285714285714284,0.0
8,3913,4,False,0,2025-02-27,4,0.0,0.03,0.05,3,27,0,0,1,3.5714285714285716,0.0
8,3917,4,False,0,2025-02-27,4,0.0,0.01,0.01,3,27,0,0,1,3.5714285714285716,0.0
8,3925,4,False,0,2025-02-27,0,0.0,0.03,0.05,3,27,0,0,1,3.7142857142857144,0.0
8,3940,4,False,0,2025-02-27,2,0.0,0.05,0.06,3,27,0,0,1,3.142857142857143,0.0
8,3954,4,False,0,2025-02-27,0,0.0,0.02,0.03,3,27,0,0,1,3.0,0.0
8,3966,4,False,0,2025-02-27,0,0.0,0.02,0.04,3,27,0,0,1,2.7142857142857144,0.0
8,3969,4,False,0,2025-02-27,1,0.0,0.01,0.03,3,27,0,0,1,2.0,0.0
8,3977,4,False,0,2025-02-27,4,0.0,0.06,0.08,3,27,0,0,1,1.5714285714285714,0.0
8,4001,4,False,0,2025-02-27,2,0.0,0.04,0.06,3,27,0,0,1,1.5714285714285714,0.0
8,4034,4,False,0,2025-02-27,2,0.0,0.08,0.11,3,27,0,0,1,1.2857142857142858,0.0
8,4054,4,False,0,2025-02-27,0,0.0,0.02,0.04,3,27,0,0,1,1.5714285714285714,0.0
8,4061,4,False,0,2025-02-27,7,0.0,0.05,0.07,3,27,0,0,1,1.2857142857142858,0.0
8,4086,4,False,0,2025-02-27,3,0.0,0.02,0.02,3,27,0,0,1,2.2857142857142856,0.0
8,4096,4,False,0,2025-02-27,1,0.0,0.05,0.07,3,27,0,0,1,2.7142857142857144,0.0
8,4142,4,False,0,2025-02-27,4,0.0,0.02,0.03,3,27,0,0,1,2.7142857142857144,0.0
8,4156,4,False,0,2025-02-27,4,0.0,0.03,0.04,3,27,0,0,1,2.7142857142857144,0.0
8,4229,4,False,0,2025-02-27,3,0.0,0.02,0.04,3,27,0,0,1,3.0,0.0
8,4244,4,False,0,2025-02-27,3,0.0,0.02,0.04,3,27,0,0,1,3.142857142857143,0.0
8,4264,4,False,0,2025-02-27,2,0.0,0.05,0.07,3,27,0,0,1,3.5714285714285716,0.0
8,4331,4,False,0,2025-02-27,5,0.0,0.01,0.01,3,27,0,0,1,2.857142857142857,0.0
8,4365,4,False,0,2025-02-27,2,0.0,0.04,0.06,3,27,0,0,1,3.142857142857143,0.0
8,4366,4,False,0,2025-02-27,4,0.0,0.05,0.06,3,27,0,0,1,3.2857142857142856,0.0
8,4420,4,False,0,2025-02-27,6,0.0,0.02,0.02,3,27,0,0,1,3.2857142857142856,0.0
8,4436,4,False,0,2025-02-27,2,0.0,0.02,0.03,3,27,0,0,1,3.5714285714285716,0.0
8,4444,4,False,0,2025-02-27,2,0.0,0.07,0.1,3,27,0,0,1,3.4285714285714284,0.0
8,4450,4,False,0,2025-02-27,4,0.0,0.02,0.03,3,27,0,0,1,3.2857142857142856,0.0
8,4458,4,False,0,2025-02-27,11,0.0,0.03,0.05,3,27,0,0,1,3.5714285714285716,0.0
8,4465,4,False,0,2025-02-27,4,0.0,0.02,0.04,3,27,0,0,1,4.428571428571429,0.0
8,4472,4,False,0,2025-02-27,5,0.0,0.01,0.01,3,27,0,0,1,4.714285714285714,0.0
8,4507,4,False,0,2025-02-27,3,0.0,0.03,0.04,3,27,0,0,1,4.857142857142857,0.0
8,4525,4,False,0,2025-02-27,3,0.0,0.01,0.03,3,27,0,0,1,4.428571428571429,0.0
8,4536,4,False,0,2025-02-27,3,1.0,0.01,0.01,3,27,0,0,1,4.571428571428571,0.0
8,4564,4,False,0,2025-02-27,3,0.0,0.02,0.04,3,27,0,0,1,4.714285714285714,0.0
8,4568,4,False,0,2025-02-27,4,0.0,0.01,0.01,3,27,0,0,1,4.571428571428571,0.0
8,4604,4,False,0,2025-02-27,6,0.0,0.02,0.03,3,27,0,0,1,3.5714285714285716,0.0
8,4610,4,False,0,2025-02-27,2,0.0,0.06,0.09,3,27,0,0,1,3.857142857142857,0.0
8,4620,4,False,0,2025-02-27,3,0.0,0.02,0.04,3,27,0,0,1,3.4285714285714284,0.0
8,4648,4,False,0,2025-02-27,3,0.0,0.05,0.07,3,27,0,0,1,3.4285714285714284,0.0
8,4700,4,False,0,2025-02-27,4,0.0,0.02,0.03,3,27,0,0,1,3.4285714285714284,0.0
8,4741,4,False,0,2025-02-27,5,0.0,0.02,0.05,3,27,0,0,1,3.5714285714285716,0.0
8,4759,4,False,0,2025-02-27,4,0.0,0.04,0.04,3,27,0,0,1,3.857142857142857,0.0
8,4770,4,False,0,2025-02-27,3,0.0,0.03,0.05,3,27,0,0,1,3.857142857142857,0.0
8,4774,4,False,0,2025-02-27,4,0.0,0.03,0.04,3,27,0,0,1,3.4285714285714284,0.0
8,4903,4,False,0,2025-02-27,4,0.0,0.01,0.01,3,27,0,0,1,3.7142857142857144,0.0
8,4915,4,False,0,2025-02-27,5,0.0,0.01,0.02,3,27,0,0,1,3.857142857142857,0.0
8,4929,4,False,0,2025-02-27,0,0.0,0.03,0.04,3,27,0,0,1,4.142857142857143,0.0
8,4961,4,False,0,2025-02-27,7,0.0,0.03,0.06,3,27,0,0,1,3.5714285714285716,0.0
8,4987,4,False,0,2025-02-27,3,0.0,0.02,0.03,3,27,0,0,1,3.857142857142857,0.0
8,4992,4,False,0,2025-02-27,1,0.0,0.04,0.06,3,27,0,0,1,3.7142857142857144,0.0
8,4997,4,False,0,2025-02-27,2,0.0,0.07,0.1,3,27,0,0,1,3.4285714285714284,0.0
8,4998,4,False,0,2025-02-27,3,0.0,0.01,0.01,3,27,0,0,1,3.142857142857143,0.0
8,5008,4,False,0,2025-02-27,2,0.0,0.02,0.03,3,27,0,0,1,3.0,0.0
8,5048,4,False,0,2025-02-27,1,0.0,0.01,0.02,3,27,0,0,1,2.5714285714285716,0.0
8,5091,4,False,0,2025-02-27,2,0.0,0.06,0.08,3,27,0,0,1,2.7142857142857144,0.0
8,5100,4,False,0,2025-02-27,2,1.0,0.02,0.03,3,27,0,0,1,2.0,0.0
8,5112,4,False,0,2025-02-27,6,0.0,0.02,0.04,3,27,0,0,1,1.8571428571428572,0.0
8,5118,4,False,0,2025-02-27,2,0.0,0.05,0.08,3,27,0,0,1,2.5714285714285716,0.0
8,5120,4,False,0,2025-02-27,0,0.0,0.02,0.03,3,27,0,0,1,2.5714285714285716,0.0
8,5123,4,False,0,2025-02-27,5,2.0,0.02,0.04,3,27,0,0,1,2.142857142857143,0.0
8,5130,4,False,0,2025-02-27,4,0.0,0.02,0.03,3,27,0,0,1,2.5714285714285716,0.0
8,5149,4,False,0,2025-02-27,2,0.0,0.12,0.15,3,27,0,0,1,3.0,0.0
8,5163,4,False,0,2025-02-27,1,0.0,0.05,0.09,3,27,0,0,1,3.0,0.0
8,5169,4,False,0,2025-02-27,2,0.0,0.06,0.08,3,27,0,0,1,2.857142857142857,0.0
8,5172,4,False,0,2025-02-27,4,0.0,0.04,0.04,3,27,0,0,1,2.2857142857142856,0.0
8,5177,4,False,0,2025-02-27,2,0.0,0.01,0.01,3,27,0,0,1,2.5714285714285716,0.0
8,5199,4,False,0,2025-02-27,2,0.0,0.02,0.02,3,27,0,0,1,2.857142857142857,0.0
8,5234,4,False,0,2025-02-27,2,0.0,0.02,0.03,3,27,0,0,1,2.4285714285714284,0.0
8,5241,4,False,0,2025-02-27,2,0.0,0.01,0.01,3,27,0,0,1,2.142857142857143,0.0
8,5247,4,False,0,2025-02-27,5,0.0,0.02,0.02,3,27,0,0,1,2.142857142857143,0.0
8,5267,4,False,0,2025-02-27,3,0.0,0.02,0.03,3,27,0,0,1,2.7142857142857144,0.0
8,5269,4,False,0,2025-02-27,2,0.0,0.01,0.01,3,27,0,0,1,2.857142857142857,0.0
8,5275,4,False,0,2025-02-27,3,0.0,0.02,0.05,3,27,0,0,1,2.5714285714285716,0.0
8,5283,4,False,0,2025-02-27,2,0.0,0.03,0.04,3,27,0,0,1,2.7142857142857144,0.0
8,172,5,True,0,2025-02-27,7,0.0,0.01,0.01,3,27,0,0,1,2.7142857142857144,0.0
8,327,5,True,0,2025-02-27,6,2.0,0.01,0.03,3,27,0,0,1,3.4285714285714284,0.0
8,697,5,True,0,2025-02-27,13,0.0,0.04,0.13,3,27,0,0,1,4.0,0.0
8,1278,5,True,0,2025-02-27,2,0.0,0.02,0.05,3,27,0,0,1,5.142857142857143,0.0
8,1463,5,True,0,2025-02-27,9,0.0,0.01,0.03,3,27,0,0,1,5.0,0.0
8,1471,5,True,0,2025-02-27,4,0.0,0.02,0.05,3,27,0,0,1,6.0,0.0
8,1580,5,True,0,2025-02-27,7,1.0,0.02,0.04,3,27,0,0,1,6.142857142857143,0.0
8,1795,5,True,0,2025-02-27,5,0.0,0.02,0.04,3,27,0,0,1,6.857142857142857,0.0
8,1860,5,True,0,2025-02-27,4,0.0,0.03,0.04,3,27,0,0,1,6.571428571428571,0.0
8,2169,5,True,0,2025-02-27,0,5.0,0.01,0.01,3,27,0,0,1,6.285714285714286,0.0
8,2338,5,True,0,2025-02-27,17,0.0,0.01,0.02,3,27,0,0,1,4.428571428571429,0.0
8,2381,5,True,0,2025-02-27,6,0.0,0.04,0.06,3,27,0,0,1,6.571428571428571,0.0
8,2518,5,True,0,2025-02-27,4,0.0,0.02,0.09,3,27,0,0,1,6.142857142857143,0.0
8,2560,5,True,0,2025-02-27,6,0.0,0.03,0.06,3,27,0,0,1,6.142857142857143,0.0
8,2647,5,True,0,2025-02-27,10,1.0,0.03,0.05,3,27,0,0,1,6.0,0.0
8,2926,5,True,0,2025-02-27,42,20.0,0.03,0.04,3,27,0,0,1,6.714285714285714,0.0
8,3002,5,True,0,2025-02-27,4,0.0,0.04,0.09,3,27,0,0,1,12.142857142857142,0.0
8,3175,5,True,0,2025-02-27,4,0.0,0.04,0.1,3,27,0,0,1,12.714285714285714,0.0
8,3612,5,True,0,2025-02-27,40,1.0,0.05,0.08,3,27,0,0,1,10.857142857142858,0.0
8,3734,5,True,0,2025-02-27,5,0.0,0.05,0.07,3,27,0,0,1,15.714285714285714,0.0
8,3819,5,True,0,2025-02-27,5,0.0,0.02,0.06,3,27,0,0,1,15.857142857142858,0.0
8,4150,5,True,0,2025-02-27,4,0.0,0.02,0.04,3,27,0,0,1,15.714285714285714,0.0
8,4200,5,True,0,2025-02-27,4,1.0,0.06,0.11,3,27,0,0,1,14.857142857142858,0.0
8,5036,5,True,0,2025-02-27,6,0.0,0.03,0.05,3,27,0,0,1,9.428571428571429,0.0
8,5260,5,True,0,2025-02-27,7,1.0,0.02,0.06,3,27,0,0,1,9.714285714285714,0.0
8,138,6,False,0,2025-02-27,1,0.0,0.16,0.24,3,27,0,0,1,10.142857142857142,0.0
8,177,6,False,0,2025-02-27,2,0.0,0.08,0.09,3,27,0,0,1,4.571428571428571,0.0
8,207,6,False,0,2025-02-27,2,0.0,0.23,0.3,3,27,0,0,1,4.142857142857143,0.0
8,316,6,False,0,2025-02-27,2,0.0,0.08,0.12,3,27,0,0,1,3.7142857142857144,0.0
8,647,6,False,0,2025-02-27,3,0.0,0.07,0.09,3,27,0,0,1,3.4285714285714284,0.0
8,755,6,False,0,2025-02-27,1,0.0,0.15,0.21,3,27,0,0,1,3.2857142857142856,0.0
8,975,6,False,0,2025-02-27,3,0.0,0.08,0.09,3,27,0,0,1,2.5714285714285716,0.0
8,1265,6,False,0,2025-02-27,4,0.0,0.14,0.22,3,27,0,0,1,2.0,0.0
8,1309,6,False,0,2025-02-27,0,0.0,0.24,0.32,3,27,0,0,1,2.4285714285714284,0.0
8,1509,6,False,0,2025-02-27,0,0.0,0.22,0.3,3,27,0,0,1,2.142857142857143,0.0
8,1740,6,False,0,2025-02-27,2,0.0,0.08,0.12,3,27,0,0,1,1.8571428571428572,0.0
8,1827,6,False,0,2025-02-27,2,0.0,0.1,0.15,3,27,0,0,1,1.8571428571428572,0.0
8,1845,6,False,0,2025-02-27,1,0.0,0.05,0.06,3,27,0,0,1,1.7142857142857142,0.0
8,1865,6,False,0,2025-02-27,0,0.0,0.12,0.15,3,27,0,0,1,1.7142857142857142,0.0
8,2131,6,False,0,2025-02-27,2,0.0,0.1,0.15,3,27,0,0,1,1.2857142857142858,0.0
8,2216,6,False,0,2025-02-27,2,0.0,0.06,0.09,3,27,0,0,1,1.0,0.0
8,2240,6,False,0,2025-02-27,2,0.0,0.13,0.17,3,27,0,0,1,1.2857142857142858,0.0
8,2291,6,False,0,2025-02-27,0,0.0,0.15,0.19,3,27,0,0,1,1.5714285714285714,0.0
8,2352,6,False,0,2025-02-27,1,0.0,0.11,0.15,3,27,0,0,1,1.2857142857142858,0.0
8,2515,6,False,0,2025-02-27,1,0.0,0.16,0.18,3,27,0,0,1,1.1428571428571428,0.0
8,2617,6,False,0,2025-02-27,1,0.0,0.13,0.2,3,27,0,0,1,1.1428571428571428,0.0
8,2799,6,False,0,2025-02-27,1,0.0,0.06,0.08,3,27,0,0,1,1.2857142857142858,0.0
8,2934,6,False,0,2025-02-27,1,0.0,0.07,0.1,3,27,0,0,1,1.1428571428571428,0.0
8,3090,6,False,0,2025-02-27,1,0.0,0.15,0.2,3,27,0,0,1,1.0,0.0
8,3380,6,False,0,2025-02-27,3,0.0,0.06,0.09,3,27,0,0,1,0.8571428571428571,0.0
8,3637,6,False,0,2025-02-27,0,0.0,0.07,0.09,3,27,0,0,1,1.2857142857142858,0.0
8,3793,6,False,0,2025-02-27,1,0.0,0.03,0.04,3,27,0,0,1,1.1428571428571428,0.0
8,3937,6,False,0,2025-02-27,3,0.0,0.14,0.19,3,27,0,0,1,1.1428571428571428,0.0
8,4074,6,False,0,2025-02-27,1,0.0,0.16,0.22,3,27,0,0,1,1.4285714285714286,0.0
8,4196,6,False,0,2025-02-27,1,0.0,0.06,0.08,3,27,0,0,1,1.4285714285714286,0.0
8,4228,6,False,0,2025-02-27,0,0.0,0.16,0.2,3,27,0,0,1,1.4285714285714286,0.0
8,4356,6,False,0,2025-02-27,1,0.0,0.09,0.14,3,27,0,0,1,1.2857142857142858,0.0
8,4398,6,False,0,2025-02-27,0,0.0,0.09,0.22,3,27,0,0,1,1.0,0.0
8,4430,6,False,0,2025-02-27,1,0.0,0.08,0.13,3,27,0,0,1,1.0,0.0
8,4730,6,False,0,2025-02-27,1,0.0,0.13,0.19,3,27,0,0,1,1.0,0.0
8,4736,6,False,0,2025-02-27,0,0.0,0.07,0.09,3,27,0,0,1,0.7142857142857143,0.0
8,4849,6,False,0,2025-02-27,0,0.0,0.13,0.22,3,27,0,0,1,0.5714285714285714,0.0
8,4887,6,False,0,2025-02-27,4,0.0,0.13,0.16,3,27,0,0,1,0.42857142857142855,0.0
8,5023,6,False,0,2025-02-27,1,0.0,0.13,0.19,3,27,0,0,1,1.0,0.0
8,411,7,False,0,2025-02-27,4,0.0,0.0,0.01,3,27,0,0,1,1.0,0.0
8,461,7,False,0,2025-02-27,2,1.0,0.0,0.01,3,27,0,0,1,1.5714285714285714,0.0
8,551,7,False,0,2025-02-27,3,0.0,0.01,0.01,3,27,0,0,1,1.7142857142857142,0.0
8,559,7,False,0,2025-02-27,24,0.0,0.01,0.01,3,27,0,0,1,2.0,0.0
8,848,7,False,0,2025-02-27,5,0.0,0.04,0.05,3,27,0,0,1,5.428571428571429,0.0
8,861,7,False,0,2025-02-27,3,1.0,0.01,0.02,3,27,0,0,1,6.142857142857143,0.0
8,1115,7,False,0,2025-02-27,74,0.0,0.0,0.0,3,27,0,0,1,6.0,0.0
8,1288,7,False,0,2025-02-27,4,2.0,0.01,0.02,3,27,0,0,1,16.428571428571427,0.0
8,1787,7,False,0,2025-02-27,0,0.0,0.02,0.02,3,27,0,0,1,16.428571428571427,0.0
8,2175,7,False,0,2025-02-27,4,0.0,0.03,0.04,3,27,0,0,1,16.142857142857142,0.0
8,2227,7,False,0,2025-02-27,4,0.0,0.02,0.03,3,27,0,0,1,16.285714285714285,0.0
8,2499,7,False,0,2025-02-27,9,0.0,0.0,0.01,3,27,0,0,1,13.428571428571429,0.0
8,2887,7,False,0,2025-02-27,21,0.0,0.02,0.03,3,27,0,0,1,14.0,0.0
8,3023,7,False,0,2025-02-27,18,2.0,0.01,0.01,3,27,0,0,1,16.571428571428573,0.0
8,3040,7,False,0,2025-02-27,2,0.0,0.0,0.0,3,27,0,0,1,8.571428571428571,0.0
8,3105,7,False,0,2025-02-27,3,4.0,0.0,0.01,3,27,0,0,1,8.285714285714286,0.0
8,3272,7,False,0,2025-02-27,6,0.0,0.01,0.02,3,27,0,0,1,8.714285714285714,0.0
8,3314,7,False,0,2025-02-27,7,1.0,0.0,0.01,3,27,0,0,1,9.0,0.0
8,3401,7,False,0,2025-02-27,8,0.0,0.0,0.01,3,27,0,0,1,9.428571428571429,0.0
8,4026,7,False,0,2025-02-27,1,0.0,0.12,0.18,3,27,0,0,1,9.285714285714286,0.0
8,4093,7,False,0,2025-02-27,6,0.0,0.01,0.01,3,27,0,0,1,6.428571428571429,0.0
8,4298,7,False,0,2025-02-27,8,0.0,0.01,0.01,3,27,0,0,1,4.714285714285714,0.0
8,4351,7,False,0,2025-02-27,6,0.0,0.01,0.03,3,27,0,0,1,5.571428571428571,0.0
8,4411,7,False,0,2025-02-27,15,0.0,0.02,0.04,3,27,0,0,1,6.0,0.0
8,4585,7,False,0,2025-02-27,6,2.0,0.02,0.04,3,27,0,0,1,7.285714285714286,0.0
8,4688,7,False,0,2025-02-27,8,0.0,0.0,0.03,3,27,0,0,1,7.142857142857143,0.0
8,4867,7,False,0,2025-02-27,0,0.0,0.03,0.05,3,27,0,0,1,7.142857142857143,0.0
8,199,8,False,0,2025-02-27,10,0.0,0.01,0.02,3,27,0,0,1,7.0,0.0
8,269,8,False,0,2025-02-27,26,0.0,0.0,0.01,3,27,0,0,1,7.571428571428571,0.0
8,805,8,False,0,2025-02-27,11,0.0,0.0,0.01,3,27,0,0,1,10.142857142857142,0.0
8,828,8,False,0,2025-02-27,9,0.0,0.01,0.01,3,27,0,0,1,10.857142857142858,0.0
8,932,8,False,0,2025-02-27,6,0.0,0.01,0.02,3,27,0,0,1,10.0,0.0
8,1010,8,False,0,2025-02-27,13,3.0,0.01,0.02,3,27,0,0,1,10.0,0.0
8,1073,8,False,0,2025-02-27,16,0.0,0.01,0.02,3,27,0,0,1,10.714285714285714,0.0
8,1308,8,False,0,2025-02-27,16,0.0,0.02,0.03,3,27,0,0,1,13.0,0.0
8,2253,8,False,0,2025-02-27,17,0.0,0.0,0.01,3,27,0,0,1,13.857142857142858,0.0
8,2420,8,False,0,2025-02-27,8,1.0,0.0,0.01,3,27,0,0,1,12.571428571428571,2.401869674580819
8,2659,8,False,0,2025-02-27,17,1.0,0.01,0.01,3,27,0,0,1,12.142857142857142,0.0
8,2985,8,False,0,2025-02-27,20,1.0,0.02,0.02,3,27,0,0,1,13.285714285714286,0.0
8,3015,8,False,0,2025-02-27,7,0.0,0.01,0.02,3,27,0,0,1,15.285714285714286,0.0
8,3331,8,False,0,2025-02-27,34,0.0,0.01,0.02,3,27,0,0,1,14.428571428571429,0.0
8,3430,8,False,0,2025-02-27,1,1.0,0.01,0.02,3,27,0,0,1,17.0,0.0
8,3545,8,False,0,2025-02-27,9,1.0,0.02,0.03,3,27,0,0,1,14.857142857142858,0.0
8,3594,8,False,0,2025-02-27,10,0.0,0.01,0.01,3,27,0,0,1,13.714285714285714,0.0
8,4513,8,False,0,2025-02-27,13,0.0,0.01,0.02,3,27,0,0,1,14.0,0.0
8,4560,8,False,0,2025-02-27,14,2.0,0.01,0.02,3,27,0,0,1,13.428571428571429,0.0
8,5038,8,False,0,2025-02-27,12,0.0,0.02,0.03,3,27,0,0,1,12.571428571428571,0.0
8,5075,8,False,0,2025-02-27,13,3.0,0.01,0.02,3,27,0,0,1,13.285714285714286,0.0
8,5178,8,False,0,2025-02-27,15,3.0,0.01,0.02,3,27,0,0,1,10.285714285714286,0.0
8,10,9,True,0,2025-02-27,3,0.0,0.04,0.1,3,27,0,0,1,12.285714285714286,0.0
8,45,9,True,0,2025-02-27,9,1.0,0.02,0.05,3,27,0,0,1,11.428571428571429,0.0
8,141,9,True,0,2025-02-27,17,0.0,0.03,0.08,3,27,0,0,1,11.285714285714286,1.639655308534734
8,187,9,True,0,2025-02-27,5,0.0,0.01,0.02,3,27,0,0,1,11.857142857142858,0.0
8,270,9,True,0,2025-02-27,4,0.0,0.02,0.14,3,27,0,0,1,10.571428571428571,0.0
8,275,9,True,0,2025-02-27,11,3.0,0.04,0.06,3,27,0,0,1,9.428571428571429,0.0
8,278,9,True,0,2025-02-27,7,1.0,0.05,0.1,3,27,0,0,1,9.142857142857142,0.0
8,317,9,True,0,2025-02-27,6,0.0,0.01,0.02,3,27,0,0,1,8.0,0.0
8,352,9,True,0,2025-02-27,12,3.0,0.02,0.17,3,27,0,0,1,8.428571428571429,0.0
8,473,9,True,0,2025-02-27,4,0.0,0.01,0.02,3,27,0,0,1,8.857142857142858,0.0
8,496,9,True,0,2025-02-27,11,0.0,0.01,0.02,3,27,0,0,1,7.0,0.0
8,615,9,True,0,2025-02-27,2,0.0,0.02,0.05,3,27,0,0,1,7.857142857142857,0.0
8,678,9,True,0,2025-02-27,11,0.0,0.01,0.05,3,27,0,0,1,7.571428571428571,0.0
8,696,9,True,0,2025-02-27,7,0.0,0.01,0.05,3,27,0,0,1,7.571428571428571,0.0
8,747,9,True,0,2025-02-27,1,1.0,0.01,0.03,3,27,0,0,1,7.571428571428571,0.0
8,802,9,True,0,2025-02-27,8,1.0,0.06,0.1,3,27,0,0,1,6.857142857142857,0.0
8,813,9,True,0,2025-02-27,12,0.0,0.02,0.03,3,27,0,0,1,6.285714285714286,0.0
8,958,9,True,0,2025-02-27,9,0.0,0.01,0.04,3,27,0,0,1,7.428571428571429,0.0
8,976,9,True,0,2025-02-27,7,0.0,0.01,0.03,3,27,0,0,1,7.142857142857143,0.0
8,1112,9,True,0,2025-02-27,5,0.0,0.02,0.05,3,27,0,0,1,7.857142857142857,0.0
8,1148,9,True,0,2025-02-27,2,0.0,0.02,0.05,3,27,0,0,1,7.0,0.0
8,1172,9,True,0,2025-02-27,2,0.0,0.01,0.03,3,27,0,0,1,6.285714285714286,0.0
8,1178,9,True,0,2025-02-27,27,1.0,0.02,0.08,3,27,0,0,1,6.428571428571429,0.0
8,1287,9,True,0,2025-02-27,3,0.0,0.01,0.04,3,27,0,0,1,9.142857142857142,0.0
8,1323,9,True,0,2025-02-27,21,1.0,0.02,0.07,3,27,0,0,1,7.857142857142857,0.0
8,1409,9,True,0,2025-02-27,14,1.0,0.02,0.06,3,27,0,0,1,9.571428571428571,0.0
8,1510,9,True,0,2025-02-27,9,0.0,0.03,0.14,3,27,0,0,1,10.571428571428571,0.0
8,1661,9,True,0,2025-02-27,5,0.0,0.01,0.04,3,27,0,0,1,11.142857142857142,0.0
8,1696,9,True,0,2025-02-27,19,0.0,0.01,0.03,3,27,0,0,1,11.571428571428571,0.0
8,1705,9,True,0,2025-02-27,4,0.0,0.04,0.1,3,27,0,0,1,14.0,0.0
8,1896,9,True,0,2025-02-27,4,0.0,0.03,0.11,3,27,0,0,1,10.714285714285714,0.0
8,1906,9,True,0,2025-02-27,5,0.0,0.04,0.16,3,27,0,0,1,10.857142857142858,0.0
8,1951,9,True,0,2025-02-27,7,0.0,0.02,0.06,3,27,0,0,1,8.571428571428571,0.0
8,2010,9,True,0,2025-02-27,7,0.0,0.03,0.07,3,27,0,0,1,7.571428571428571,0.0
8,2011,9,True,0,2025-02-27,9,0.0,0.01,0.05,3,27,0,0,1,7.285714285714286,0.0
8,2056,9,True,0,2025-02-27,15,0.0,0.01,0.03,3,27,0,0,1,7.857142857142857,0.0
8,2256,9,True,0,2025-02-27,20,0.0,0.02,0.04,3,27,0,0,1,7.285714285714286,0.0
8,2284,9,True,0,2025-02-27,3,0.0,0.01,0.03,3,27,0,0,1,9.571428571428571,0.0
8,2307,9,True,0,2025-02-27,1,0.0,0.02,0.06,3,27,0,0,1,9.428571428571429,0.0
8,2357,9,True,0,2025-02-27,4,0.0,0.09,0.46,3,27,0,0,1,8.857142857142858,0.0
8,2360,9,True,0,2025-02-27,0,0.0,0.01,0.04,3,27,0,0,1,8.428571428571429,0.0
8,2399,9,True,0,2025-02-27,15,0.0,0.03,0.1,3,27,0,0,1,7.428571428571429,0.0
8,2401,9,True,0,2025-02-27,3,0.0,0.01,0.05,3,27,0,0,1,8.285714285714286,0.0
8,2419,9,True,0,2025-02-27,5,0.0,0.02,0.03,3,27,0,0,1,6.571428571428571,0.0
8,2474,9,True,0,2025-02-27,4,0.0,0.04,0.12,3,27,0,0,1,4.428571428571429,0.0
8,2486,9,True,0,2025-02-27,1,0.0,0.02,0.07,3,27,0,0,1,4.571428571428571,0.0
8,2543,9,True,0,2025-02-27,2,0.0,0.0,0.02,3,27,0,0,1,4.571428571428571,0.0
8,2615,9,True,0,2025-02-27,13,2.0,0.02,0.06,3,27,0,0,1,4.285714285714286,0.0
8,2795,9,True,0,2025-02-27,9,0.0,0.02,0.07,3,27,0,0,1,6.142857142857143,0.0
8,2812,9,True,0,2025-02-27,8,0.0,0.02,0.06,3,27,0,0,1,5.285714285714286,0.0
8,2841,9,True,0,2025-02-27,5,0.0,0.01,0.07,3,27,0,0,1,6.0,0.0
8,2857,9,True,0,2025-02-27,7,1.0,0.01,0.02,3,27,0,0,1,6.0,0.0
8,3008,9,True,0,2025-02-27,12,3.0,0.01,0.05,3,27,0,0,1,6.428571428571429,0.0
8,3226,9,True,0,2025-02-27,6,0.0,0.02,0.06,3,27,0,0,1,8.0,0.0
8,3241,9,True,0,2025-02-27,5,0.0,0.01,0.02,3,27,0,0,1,8.571428571428571,0.0
8,3244,9,True,0,2025-02-27,4,3.0,0.01,0.04,3,27,0,0,1,7.428571428571429,0.0
8,3356,9,True,0,2025-02-27,2,0.0,0.01,0.02,3,27,0,0,1,6.714285714285714,0.0
8,3540,9,True,0,2025-02-27,9,0.0,0.03,0.08,3,27,0,0,1,5.857142857142857,0.0
8,3735,9,True,0,2025-02-27,8,1.0,0.02,0.07,3,27,0,0,1,6.428571428571429,0.0
8,3751,9,True,0,2025-02-27,33,1.0,0.04,0.11,3,27,0,0,1,6.571428571428571,0.0
8,3789,9,True,0,2025-02-27,37,2.0,0.01,0.02,3,27,0,0,1,9.571428571428571,0.0
8,3905,9,True,0,2025-02-27,0,0.0,0.01,0.08,3,27,0,0,1,14.0,0.0
8,4012,9,True,0,2025-02-27,11,0.0,0.01,0.06,3,27,0,0,1,13.285714285714286,0.0
8,4106,9,True,0,2025-02-27,4,0.0,0.02,0.14,3,27,0,0,1,14.285714285714286,0.0
8,4141,9,True,0,2025-02-27,3,0.0,0.05,0.1,3,27,0,0,1,14.571428571428571,0.0
8,4153,9,True,0,2025-02-27,10,0.0,0.01,0.03,3,27,0,0,1,13.714285714285714,0.0
8,4154,9,True,0,2025-02-27,4,0.0,0.0,0.01,3,27,0,0,1,14.0,0.0
8,4197,9,True,0,2025-02-27,15,0.0,0.01,0.02,3,27,0,0,1,9.857142857142858,0.0
8,4348,9,True,0,2025-02-27,8,0.0,0.01,0.03,3,27,0,0,1,6.714285714285714,0.0
8,4350,9,True,0,2025-02-27,11,0.0,0.03,0.07,3,27,0,0,1,7.857142857142857,0.0
8,4367,9,True,0,2025-02-27,5,0.0,0.03,0.05,3,27,0,0,1,7.857142857142857,0.0
8,4466,9,True,0,2025-02-27,5,0.0,0.02,0.05,3,27,0,0,1,8.0,0.0
8,4493,9,True,0,2025-02-27,16,0.0,0.01,0.07,3,27,0,0,1,8.285714285714286,0.0
8,4530,9,True,0,2025-02-27,19,1.0,0.01,0.02,3,27,0,0,1,9.142857142857142,0.0
8,4594,9,True,0,2025-02-27,29,2.0,0.01,0.07,3,27,0,0,1,11.285714285714286,1.944332490307875
8,4637,9,True,0,2025-02-27,5,2.0,0.01,0.03,3,27,0,0,1,13.285714285714286,0.0
8,4645,9,True,0,2025-02-27,5,1.0,0.01,0.02,3,27,0,0,1,12.857142857142858,0.0
8,4655,9,True,0,2025-02-27,7,2.0,0.06,0.08,3,27,0,0,1,12.0,0.0
8,4679,9,True,0,2025-02-27,45,0.0,0.01,0.04,3,27,0,0,1,12.285714285714286,0.0
8,4845,9,True,0,2025-02-27,4,0.0,0.01,0.03,3,27,0,0,1,18.0,0.0
8,4906,9,True,0,2025-02-27,5,0.0,0.01,0.04,3,27,0,0,1,16.285714285714285,0.0
8,4996,9,True,0,2025-02-27,4,0.0,0.0,0.02,3,27,0,0,1,14.285714285714286,0.0
8,5079,9,True,0,2025-02-27,1,0.0,0.01,0.03,3,27,0,0,1,10.714285714285714,0.0
8,5087,9,True,0,2025-02-27,10,0.0,0.03,0.07,3,27,0,0,1,10.142857142857142,0.0
8,5093,9,True,0,2025-02-27,41,3.0,0.02,0.08,3,27,0,0,1,10.857142857142858,0.0
8,5122,9,True,0,2025-02-27,2,0.0,0.01,0.02,3,27,0,0,1,15.714285714285714,0.0
8,5135,9,True,0,2025-02-27,7,0.0,0.02,0.06,3,27,0,0,1,9.571428571428571,0.0
8,5175,9,True,0,2025-02-27,4,1.0,0.01,0.03,3,27,0,0,1,10.0,0.0
8,5212,9,True,0,2025-02-27,5,0.0,0.01,0.05,3,27,0,0,1,9.857142857142858,0.0
8,5272,9,True,0,2025-02-27,55,1.0,0.01,0.02,3,27,0,0,1,10.0,0.0
8,147,10,False,0,2025-02-27,30,0.0,0.03,0.07,3,27,0,0,1,17.714285714285715,0.0
8,1782,10,False,0,2025-02-27,24,0.0,0.04,0.09,3,27,0,0,1,20.571428571428573,0.0
8,2377,10,False,0,2025-02-27,52,0.0,0.0,0.01,3,27,0,0,1,18.142857142857142,3.4467239228731095
8,3203,10,False,0,2025-02-27,30,0.0,0.03,0.09,3,27,0,0,1,25.285714285714285,0.0
8,5018,10,False,0,2025-02-27,23,0.0,0.02,0.13,3,27,0,0,1,28.571428571428573,0.0
8,2058,11,False,0,2025-02-27,0,0.0,0.22,0.21,3,27,0,0,1,31.285714285714285,0.0
8,2882,11,False,0,2025-02-27,10,0.0,0.23,0.2,3,27,0,0,1,30.571428571428573,0.0
8,3107,11,False,0,2025-02-27,6,0.0,0.12,0.15,3,27,0,0,1,24.142857142857142,0.0
8,3123,11,False,0,2025-02-27,14,1.0,0.23,0.22,3,27,0,0,1,20.714285714285715,0.0
8,3499,11,False,0,2025-02-27,1,5.0,0.09,0.08,3,27,0,0,1,19.285714285714285,0.0
8,3870,11,False,0,2025-02-27,3,0.0,0.15,0.16,3,27,0,0,1,12.0,0.0
8,4160,11,False,0,2025-02-27,3,0.0,0.16,0.19,3,27,0,0,1,8.142857142857142,0.0
8,5085,11,False,0,2025-02-27,20,0.0,0.23,0.22,3,27,0,0,1,5.285714285714286,0.0
8,488,1,False,0,2025-02-25,8,0.0,0.14,0.16,1,25,0,0,1,8.142857142857142,0.0
8,1985,1,False,0,2025-02-25,8,0.0,0.14,0.17,1,25,0,0,1,7.857142857142857,0.0
8,2735,1,False,0,2025-02-25,14,0.0,0.14,0.17,1,25,0,0,1,8.142857142857142,0.0
8,3664,1,False,0,2025-02-25,3,0.0,0.14,0.16,1,25,0,0,1,8.142857142857142,0.0
8,4052,1,False,0,2025-02-25,4,0.0,0.15,0.17,1,25,0,0,1,8.428571428571429,0.0
8,48,3,True,0,2025-02-25,2,0.0,0.12,0.17,1,25,0,0,1,8.571428571428571,0.0
8,59,3,True,0,2025-02-25,12,1.0,0.02,0.03,1,25,0,0,1,8.428571428571429,0.0
8,82,3,True,0,2025-02-25,4,0.0,0.06,0.07,1,25,0,0,1,7.285714285714286,0.0
8,86,3,True,0,2025-02-25,3,0.0,0.12,0.14,1,25,0,0,1,6.714285714285714,0.0
8,87,3,True,0,2025-02-25,10,1.0,0.03,0.04,1,25,0,0,1,6.0,0.0
8,94,3,True,0,2025-02-25,9,2.0,0.08,0.15,1,25,0,0,1,5.428571428571429,0.0
8,103,3,True,0,2025-02-25,7,1.0,0.06,0.09,1,25,0,0,1,6.285714285714286,0.0
8,106,3,True,0,2025-02-25,2,0.0,0.04,0.06,1,25,0,0,1,6.714285714285714,0.0
8,167,3,True,0,2025-02-25,1,0.0,0.09,0.12,1,25,0,0,1,6.714285714285714,0.0
8,212,3,True,0,2025-02-25,3,0.0,0.05,0.07,1,25,0,0,1,5.142857142857143,0.0
8,234,3,True,0,2025-02-25,2,0.0,0.08,0.1,1,25,0,0,1,5.0,0.0
8,281,3,True,0,2025-02-25,10,0.0,0.07,0.09,1,25,0,0,1,4.857142857142857,0.0
8,381,3,True,0,2025-02-25,12,1.0,0.04,0.04,1,25,0,0,1,4.857142857142857,0.0
8,415,3,True,0,2025-02-25,3,0.0,0.07,0.1,1,25,0,0,1,5.285714285714286,0.0
8,440,3,True,0,2025-02-25,3,1.0,0.05,0.06,1,25,0,0,1,4.714285714285714,0.0
8,470,3,True,0,2025-02-25,1,0.0,0.07,0.09,1,25,0,0,1,4.857142857142857,0.0
8,493,3,True,0,2025-02-25,3,0.0,0.11,0.13,1,25,0,0,1,4.857142857142857,0.0
8,516,3,True,0,2025-02-25,0,0.0,0.02,0.02,1,25,0,0,1,4.857142857142857,0.0
8,605,3,True,0,2025-02-25,2,1.0,0.05,0.06,1,25,0,0,1,4.571428571428571,0.0
8,612,3,True,0,2025-02-25,9,2.0,0.03,0.03,1,25,0,0,1,3.4285714285714284,1.4450665282325377
8,620,3,True,0,2025-02-25,3,0.0,0.02,0.02,1,25,0,0,1,3.0,0.0
8,650,3,True,0,2025-02-25,7,0.0,0.08,0.11,1,25,0,0,1,3.0,0.0
8,686,3,True,0,2025-02-25,3,0.0,0.03,0.05,1,25,0,0,1,3.5714285714285716,0.0
8,703,3,True,0,2025-02-25,8,0.0,0.02,0.02,1,25,0,0,1,3.857142857142857,0.0
8,742,3,True,0,2025-02-25,2,0.0,0.04,0.05,1,25,0,0,1,4.571428571428571,0.0
8,855,3,True,0,2025-02-25,1,0.0,0.02,0.03,1,25,0,0,1,4.857142857142857,0.0
8,947,3,True,0,2025-02-25,40,0.0,0.01,0.01,1,25,0,0,1,4.714285714285714,0.0
8,1052,3,True,0,2025-02-25,1,0.0,0.02,0.03,1,25,0,0,1,9.142857142857142,0.0
8,1071,3,True,0,2025-02-25,2,1.0,0.02,0.05,1,25,0,0,1,8.857142857142858,0.0
8,1103,3,True,0,2025-02-25,25,0.0,0.1,0.14,1,25,0,0,1,8.142857142857142,0.0
8,1105,3,True,0,2025-02-25,5,1.0,0.05,0.08,1,25,0,0,1,11.285714285714286,0.0
8,1120,3,True,0,2025-02-25,2,0.0,0.06,0.09,1,25,0,0,1,10.857142857142858,0.0
8,1175,3,True,0,2025-02-25,2,0.0,0.01,0.03,1,25,0,0,1,10.857142857142858,0.0
8,1190,3,True,0,2025-02-25,3,0.0,0.04,0.05,1,25,0,0,1,11.0,0.0
8,1223,3,True,0,2025-02-25,2,0.0,0.03,0.05,1,25,0,0,1,5.714285714285714,0.0
8,1235,3,True,0,2025-02-25,1,0.0,0.06,0.08,1,25,0,0,1,5.857142857142857,0.0
8,1261,3,True,0,2025-02-25,4,0.0,0.07,0.09,1,25,0,0,1,5.714285714285714,0.0
8,1291,3,True,0,2025-02-25,6,0.0,0.04,0.06,1,25,0,0,1,2.7142857142857144,0.0
8,1382,3,True,0,2025-02-25,3,0.0,0.05,0.07,1,25,0,0,1,2.857142857142857,0.0
8,1384,3,True,0,2025-02-25,4,0.0,0.08,0.1,1,25,0,0,1,3.0,0.0
8,1390,3,True,0,2025-02-25,6,0.0,0.04,0.06,1,25,0,0,1,3.2857142857142856,0.0
8,1447,3,True,0,2025-02-25,2,0.0,0.08,0.11,1,25,0,0,1,3.7142857142857144,0.0
8,1470,3,True,0,2025-02-25,8,0.0,0.06,0.08,1,25,0,0,1,3.7142857142857144,0.0
8,1503,3,True,0,2025-02-25,2,0.0,0.17,0.19,1,25,0,0,1,4.714285714285714,0.0
8,1505,3,True,0,2025-02-25,16,0.0,0.01,0.02,1,25,0,0,1,4.428571428571429,0.0
8,1531,3,True,0,2025-02-25,4,1.0,0.05,0.07,1,25,0,0,1,5.857142857142857,0.0
8,1576,3,True,0,2025-02-25,3,0.0,0.13,0.16,1,25,0,0,1,6.0,0.0
8,1610,3,True,0,2025-02-25,30,3.0,0.01,0.0,1,25,0,0,1,5.857142857142857,0.0
8,1642,3,True,0,2025-02-25,0,0.0,0.09,0.12,1,25,0,0,1,9.285714285714286,0.0
8,1771,3,True,0,2025-02-25,1,0.0,0.17,0.22,1,25,0,0,1,9.0,0.0
8,1822,3,True,0,2025-02-25,1,0.0,0.08,0.1,1,25,0,0,1,8.0,0.0
8,1849,3,True,0,2025-02-25,2,0.0,0.05,0.06,1,25,0,0,1,7.857142857142857,0.0
8,1902,3,True,0,2025-02-25,5,0.0,0.03,0.04,1,25,0,0,1,5.857142857142857,0.0
8,1940,3,True,0,2025-02-25,1,0.0,0.04,0.06,1,25,0,0,1,6.0,0.0
8,1949,3,True,0,2025-02-25,3,0.0,0.04,0.05,1,25,0,0,1,5.714285714285714,0.0
8,1969,3,True,0,2025-02-25,2,0.0,0.13,0.14,1,25,0,0,1,1.8571428571428572,0.0
8,1988,3,True,0,2025-02-25,3,0.0,0.12,0.16,1,25,0,0,1,2.142857142857143,0.0
8,1997,3,True,0,2025-02-25,15,0.0,0.01,0.02,1,25,0,0,1,2.4285714285714284,0.0
8,2039,3,True,0,2025-02-25,24,0.0,0.01,0.02,1,25,0,0,1,4.428571428571429,0.0
8,2040,3,True,0,2025-02-25,1,0.0,0.08,0.11,1,25,0,0,1,7.571428571428571,0.0
8,2048,3,True,0,2025-02-25,3,0.0,0.04,0.06,1,25,0,0,1,7.0,0.0
8,2062,3,True,0,2025-02-25,2,0.0,0.11,0.13,1,25,0,0,1,7.285714285714286,0.0
8,2110,3,True,0,2025-02-25,5,0.0,0.06,0.08,1,25,0,0,1,7.142857142857143,0.0
8,2127,3,True,0,2025-02-25,22,3.0,0.03,0.03,1,25,0,0,1,7.571428571428571,0.0
8,2151,3,True,0,2025-02-25,0,0.0,0.0,0.01,1,25,0,0,1,10.285714285714286,0.0
8,2185,3,True,0,2025-02-25,7,0.0,0.04,0.05,1,25,0,0,1,8.142857142857142,0.0
8,2236,3,True,0,2025-02-25,6,1.0,0.07,0.08,1,25,0,0,1,5.714285714285714,0.0
8,2331,3,True,0,2025-02-25,6,0.0,0.51,0.55,1,25,0,0,1,6.428571428571429,0.0
8,2432,3,True,0,2025-02-25,6,0.0,0.03,0.04,1,25,0,0,1,6.857142857142857,0.0
8,2491,3,True,0,2025-02-25,2,0.0,0.03,0.04,1,25,0,0,1,7.428571428571429,0.0
8,2551,3,True,0,2025-02-25,1,0.0,0.02,0.02,1,25,0,0,1,7.0,0.0
8,2558,3,True,0,2025-02-25,5,0.0,0.08,0.11,1,25,0,0,1,4.0,0.0
8,2585,3,True,0,2025-02-25,4,0.0,0.03,0.04,1,25,0,0,1,4.714285714285714,0.0
8,2595,3,True,0,2025-02-25,14,0.0,0.0,0.01,1,25,0,0,1,4.285714285714286,0.0
8,2700,3,True,0,2025-02-25,21,0.0,0.01,0.01,1,25,0,0,1,5.428571428571429,0.0
8,2805,3,True,0,2025-02-25,5,1.0,0.08,0.11,1,25,0,0,1,7.571428571428571,0.0
8,2816,3,True,0,2025-02-25,2,0.0,0.06,0.08,1,25,0,0,1,7.428571428571429,0.0
8,2840,3,True,0,2025-02-25,3,1.0,0.17,0.21,1,25,0,0,1,7.428571428571429,0.0
8,2852,3,True,0,2025-02-25,3,0.0,0.07,0.1,1,25,0,0,1,7.714285714285714,0.0
8,2884,3,True,0,2025-02-25,4,0.0,0.23,0.29,1,25,0,0,1,7.428571428571429,0.0
8,2889,3,True,0,2025-02-25,5,0.0,0.03,0.04,1,25,0,0,1,7.428571428571429,0.0
8,3190,3,True,0,2025-02-25,35,0.0,0.02,0.02,1,25,0,0,1,6.142857142857143,0.0
8,3239,3,True,0,2025-02-25,4,0.0,0.06,0.07,1,25,0,0,1,8.142857142857142,0.0
8,3279,3,True,0,2025-02-25,4,0.0,0.02,0.02,1,25,0,0,1,8.0,0.0
8,3283,3,True,0,2025-02-25,3,0.0,0.1,0.13,1,25,0,0,1,8.285714285714286,0.0
8,3339,3,True,0,2025-02-25,21,0.0,0.01,0.01,1,25,0,0,1,8.285714285714286,0.0
8,3349,3,True,0,2025-02-25,2,0.0,0.27,0.38,1,25,0,0,1,10.857142857142858,0.0
8,3360,3,True,0,2025-02-25,1,0.0,0.02,0.04,1,25,0,0,1,10.571428571428571,0.0
8,3556,3,True,0,2025-02-25,1,0.0,0.26,0.32,1,25,0,0,1,10.0,0.0
8,3693,3,True,0,2025-02-25,33,0.0,0.01,0.01,1,25,0,0,1,5.142857142857143,0.0
8,3717,3,True,0,2025-02-25,0,0.0,0.05,0.06,1,25,0,0,1,9.285714285714286,0.0
8,3768,3,True,0,2025-02-25,3,0.0,0.02,0.02,1,25,0,0,1,8.714285714285714,0.0
8,3786,3,True,0,2025-02-25,0,0.0,0.05,0.16,1,25,0,0,1,8.714285714285714,0.0
8,3862,3,True,0,2025-02-25,2,0.0,0.07,0.09,1,25,0,0,1,5.714285714285714,0.0
8,3931,3,True,0,2025-02-25,13,0.0,0.01,0.02,1,25,0,0,1,5.714285714285714,0.0
8,3985,3,True,0,2025-02-25,3,0.0,0.12,0.16,1,25,0,0,1,7.428571428571429,0.0
8,4059,3,True,0,2025-02-25,5,0.0,0.33,0.34,1,25,0,0,1,7.714285714285714,0.0
8,4101,3,True,0,2025-02-25,7,0.0,0.13,0.15,1,25,0,0,1,3.7142857142857144,0.0
8,4144,3,True,0,2025-02-25,21,0.0,0.02,0.03,1,25,0,0,1,4.714285714285714,0.0
8,4176,3,True,0,2025-02-25,4,1.0,0.03,0.05,1,25,0,0,1,7.285714285714286,0.0
8,4204,3,True,0,2025-02-25,0,0.0,0.14,0.17,1,25,0,0,1,7.857142857142857,0.0
8,4205,3,True,0,2025-02-25,30,0.0,0.02,0.02,1,25,0,0,1,7.571428571428571,0.0
8,4215,3,True,0,2025-02-25,2,0.0,0.03,0.07,1,25,0,0,1,10.0,0.0
8,4252,3,True,0,2025-02-25,6,0.0,0.02,0.03,1,25,0,0,1,9.857142857142858,0.0
8,4321,3,True,0,2025-02-25,2,0.0,0.1,0.12,1,25,0,0,1,10.0,0.0
8,4333,3,True,0,2025-02-25,2,0.0,0.21,0.26,1,25,0,0,1,9.285714285714286,0.0
8,4426,3,True,0,2025-02-25,39,1.0,0.03,0.04,1,25,0,0,1,6.571428571428571,0.0
8,4433,3,True,0,2025-02-25,1,0.0,0.05,0.07,1,25,0,0,1,11.571428571428571,0.0
8,4439,3,True,0,2025-02-25,24,2.0,0.02,0.02,1,25,0,0,1,11.714285714285714,0.0
8,4447,3,True,0,2025-02-25,8,0.0,0.02,0.03,1,25,0,0,1,10.857142857142858,0.0
8,4461,3,True,0,2025-02-25,9,0.0,0.03,0.03,1,25,0,0,1,11.714285714285714,0.0
8,4470,3,True,0,2025-02-25,2,0.0,0.07,0.09,1,25,0,0,1,12.142857142857142,0.0
8,4488,3,True,0,2025-02-25,3,0.0,0.01,0.03,1,25,0,0,1,12.142857142857142,0.0
8,4504,3,True,0,2025-02-25,2,0.0,0.03,0.04,1,25,0,0,1,12.285714285714286,0.0
8,4523,3,True,0,2025-02-25,2,0.0,0.06,0.09,1,25,0,0,1,7.0,0.0
8,4596,3,True,0,2025-02-25,4,0.0,0.07,0.08,1,25,0,0,1,7.142857142857143,0.0
8,4633,3,True,0,2025-02-25,3,1.0,0.04,0.06,1,25,0,0,1,4.285714285714286,0.0
8,4713,3,True,0,2025-02-25,2,0.0,0.04,0.06,1,25,0,0,1,3.5714285714285716,0.0
8,4722,3,True,0,2025-02-25,7,0.0,0.04,0.06,1,25,0,0,1,2.5714285714285716,0.0
8,4766,3,True,0,2025-02-25,5,0.0,0.03,0.04,1,25,0,0,1,3.2857142857142856,0.0
8,4786,3,True,0,2025-02-25,4,1.0,0.03,0.04,1,25,0,0,1,3.5714285714285716,0.0
8,4800,3,True,0,2025-02-25,5,2.0,0.08,0.11,1,25,0,0,1,3.857142857142857,0.0
8,4809,3,True,0,2025-02-25,2,0.0,0.1,0.16,1,25,0,0,1,4.285714285714286,0.0
8,4810,3,True,0,2025-02-25,3,0.0,0.03,0.04,1,25,0,0,1,4.0,0.0
8,4818,3,True,0,2025-02-25,4,1.0,0.04,0.07,1,25,0,0,1,4.0,0.0
8,4826,3,True,0,2025-02-25,8,1.0,0.12,0.16,1,25,0,0,1,4.285714285714286,0.0
8,4847,3,True,0,2025-02-25,17,2.0,0.1,0.13,1,25,0,0,1,4.428571428571429,0.0
8,4889,3,True,0,2025-02-25,4,0.0,0.03,0.04,1,25,0,0,1,6.142857142857143,0.0
8,4952,3,True,0,2025-02-25,3,0.0,0.24,0.28,1,25,0,0,1,6.142857142857143,0.0
8,4960,3,True,0,2025-02-25,0,2.0,0.02,0.03,1,25,0,0,1,5.857142857142857,0.0
8,5029,3,True,0,2025-02-25,7,0.0,0.06,0.08,1,25,0,0,1,5.571428571428571,0.0
8,5057,3,True,0,2025-02-25,2,0.0,0.06,0.09,1,25,0,0,1,6.142857142857143,0.0
8,5060,3,True,0,2025-02-25,1,0.0,0.06,0.08,1,25,0,0,1,5.857142857142857,0.0
8,5082,3,True,0,2025-02-25,4,0.0,0.04,0.06,1,25,0,0,1,4.857142857142857,0.0
8,5090,3,True,0,2025-02-25,3,0.0,0.05,0.06,1,25,0,0,1,3.0,0.0
8,5153,3,True,0,2025-02-25,1,0.0,0.09,0.12,1,25,0,0,1,2.857142857142857,0.0
8,5167,3,True,0,2025-02-25,2,0.0,0.05,0.07,1,25,0,0,1,2.5714285714285716,0.0
8,5176,3,True,0,2025-02-25,1,0.0,0.23,0.35,1,25,0,0,1,2.857142857142857,0.0
8,5183,3,True,0,2025-02-25,5,1.0,0.03,0.04,1,25,0,0,1,2.0,0.0
8,5259,3,True,0,2025-02-25,2,0.0,0.06,0.09,1,25,0,0,1,2.4285714285714284,0.0
8,4,4,False,0,2025-02-25,3,0.0,0.12,0.15,1,25,0,0,1,2.5714285714285716,0.0
8,19,4,False,0,2025-02-25,6,0.0,0.01,0.03,1,25,0,0,1,2.4285714285714284,0.0
8,31,4,False,0,2025-02-25,1,0.0,0.02,0.03,1,25,0,0,1,2.857142857142857,0.0
8,34,4,False,0,2025-02-25,3,0.0,0.01,0.01,1,25,0,0,1,2.857142857142857,0.0
8,47,4,False,0,2025-02-25,5,0.0,0.01,0.01,1,25,0,0,1,3.0,0.0
8,61,4,False,0,2025-02-25,4,0.0,0.01,0.02,1,25,0,0,1,3.5714285714285716,0.0
8,70,4,False,0,2025-02-25,4,0.0,0.03,0.06,1,25,0,0,1,3.4285714285714284,0.0
8,91,4,False,0,2025-02-25,4,0.0,0.03,0.03,1,25,0,0,1,3.7142857142857144,0.0
8,107,4,False,0,2025-02-25,3,0.0,0.03,0.04,1,25,0,0,1,3.857142857142857,0.0
8,122,4,False,0,2025-02-25,2,0.0,0.03,0.04,1,25,0,0,1,3.4285714285714284,0.0
8,155,4,False,0,2025-02-25,3,0.0,0.04,0.0,1,25,0,0,1,3.5714285714285716,0.0
8,200,4,False,0,2025-02-25,3,0.0,0.04,0.05,1,25,0,0,1,3.5714285714285716,0.0
8,248,4,False,0,2025-02-25,1,2.0,0.05,0.07,1,25,0,0,1,3.2857142857142856,0.0
8,249,4,False,0,2025-02-25,2,0.0,0.13,0.14,1,25,0,0,1,2.857142857142857,0.0
8,283,4,False,0,2025-02-25,3,0.0,0.03,0.05,1,25,0,0,1,2.5714285714285716,0.0
8,355,4,False,0,2025-02-25,2,0.0,0.02,0.03,1,25,0,0,1,2.4285714285714284,0.0
8,363,4,False,0,2025-02-25,3,0.0,0.01,0.01,1,25,0,0,1,2.2857142857142856,0.0
8,371,4,False,0,2025-02-25,3,0.0,0.01,0.01,1,25,0,0,1,2.4285714285714284,0.0
8,393,4,False,0,2025-02-25,2,0.0,0.02,0.03,1,25,0,0,1,2.4285714285714284,0.0
8,442,4,False,0,2025-02-25,1,1.0,0.05,0.07,1,25,0,0,1,2.2857142857142856,0.0
8,495,4,False,0,2025-02-25,3,0.0,0.02,0.03,1,25,0,0,1,2.2857142857142856,0.0
8,523,4,False,0,2025-02-25,3,0.0,0.03,0.05,1,25,0,0,1,2.4285714285714284,0.0
8,538,4,False,0,2025-02-25,2,0.0,0.02,0.04,1,25,0,0,1,2.4285714285714284,0.0
8,542,4,False,0,2025-02-25,4,0.0,0.04,0.06,1,25,0,0,1,2.4285714285714284,0.0
8,544,4,False,0,2025-02-25,4,0.0,0.02,0.04,1,25,0,0,1,2.5714285714285716,0.0
8,564,4,False,0,2025-02-25,2,0.0,0.02,0.03,1,25,0,0,1,2.7142857142857144,0.0
8,610,4,False,0,2025-02-25,5,0.0,0.04,0.05,1,25,0,0,1,2.7142857142857144,0.0
8,619,4,False,0,2025-02-25,3,0.0,0.04,0.05,1,25,0,0,1,3.2857142857142856,0.0
8,636,4,False,0,2025-02-25,3,0.0,0.02,0.03,1,25,0,0,1,3.2857142857142856,0.0
8,645,4,False,0,2025-02-25,2,0.0,0.01,0.02,1,25,0,0,1,3.2857142857142856,0.0
8,653,4,False,0,2025-02-25,5,0.0,0.02,0.03,1,25,0,0,1,3.2857142857142856,0.0
8,668,4,False,0,2025-02-25,3,0.0,0.03,0.04,1,25,0,0,1,3.4285714285714284,0.0
8,701,4,False,0,2025-02-25,4,0.0,0.02,0.04,1,25,0,0,1,3.2857142857142856,0.0
8,717,4,False,0,2025-02-25,4,0.0,0.05,0.07,1,25,0,0,1,3.5714285714285716,0.0
8,768,4,False,0,2025-02-25,6,0.0,0.03,0.04,1,25,0,0,1,3.4285714285714284,0.0
8,769,4,False,0,2025-02-25,5,0.0,0.01,0.01,1,25,0,0,1,3.857142857142857,0.0
8,780,4,False,0,2025-02-25,6,0.0,0.03,0.04,1,25,0,0,1,4.142857142857143,0.0
8,794,4,False,0,2025-02-25,1,0.0,0.03,0.05,1,25,0,0,1,4.714285714285714,0.0
8,854,4,False,0,2025-02-25,3,0.0,0.05,0.06,1,25,0,0,1,4.142857142857143,0.0
8,858,4,False,0,2025-02-25,2,0.0,0.04,0.06,1,25,0,0,1,4.142857142857143,0.0
8,864,4,False,0,2025-02-25,4,0.0,0.02,0.03,1,25,0,0,1,3.857142857142857,0.0
8,875,4,False,0,2025-02-25,5,0.0,0.02,0.03,1,25,0,0,1,3.857142857142857,0.0
8,891,4,False,0,2025-02-25,3,0.0,0.03,0.04,1,25,0,0,1,3.7142857142857144,0.0
8,961,4,False,0,2025-02-25,2,0.0,0.05,0.05,1,25,0,0,1,3.4285714285714284,0.0
8,1017,4,False,0,2025-02-25,3,0.0,0.03,0.04,1,25,0,0,1,2.857142857142857,0.0
8,1047,4,False,0,2025-02-25,4,0.0,0.09,0.14,1,25,0,0,1,3.142857142857143,0.0
8,1057,4,False,0,2025-02-25,3,0.0,0.04,0.07,1,25,0,0,1,3.2857142857142856,0.0
8,1095,4,False,0,2025-02-25,0,0.0,0.03,0.05,1,25,0,0,1,3.4285714285714284,0.0
8,1107,4,False,0,2025-02-25,1,0.0,0.02,0.03,1,25,0,0,1,2.857142857142857,0.0
8,1161,4,False,0,2025-02-25,2,0.0,0.02,0.03,1,25,0,0,1,2.2857142857142856,0.0
8,1177,4,False,0,2025-02-25,3,1.0,0.1,0.15,1,25,0,0,1,2.142857142857143,0.0
8,1189,4,False,0,2025-02-25,3,0.0,0.02,0.04,1,25,0,0,1,2.2857142857142856,0.0
8,1193,4,False,0,2025-02-25,4,0.0,0.02,0.03,1,25,0,0,1,2.2857142857142856,0.0
8,1202,4,False,0,2025-02-25,3,0.0,0.02,0.04,1,25,0,0,1,2.2857142857142856,0.0
8,1215,4,False,0,2025-02-25,2,0.0,0.01,0.02,1,25,0,0,1,2.2857142857142856,0.0
8,1224,4,False,0,2025-02-25,0,0.0,0.04,0.05,1,25,0,0,1,2.5714285714285716,0.0
8,1267,4,False,0,2025-02-25,2,0.0,0.07,0.09,1,25,0,0,1,2.4285714285714284,0.0
8,1293,4,False,0,2025-02-25,6,0.0,0.03,0.04,1,25,0,0,1,2.4285714285714284,0.0
8,1303,4,False,0,2025-02-25,4,0.0,0.06,0.07,1,25,0,0,1,2.857142857142857,0.0
8,1338,4,False,0,2025-02-25,2,0.0,0.06,0.09,1,25,0,0,1,3.0,0.0
8,1344,4,False,0,2025-02-25,3,0.0,0.06,0.09,1,25,0,0,1,2.7142857142857144,0.0
8,1350,4,False,0,2025-02-25,1,0.0,0.03,0.05,1,25,0,0,1,2.7142857142857144,0.0
8,1367,4,False,0,2025-02-25,4,0.0,0.02,0.03,1,25,0,0,1,2.5714285714285716,0.0
8,1404,4,False,0,2025-02-25,4,0.0,0.02,0.04,1,25,0,0,1,3.142857142857143,0.0
8,1421,4,False,0,2025-02-25,4,0.0,0.02,0.03,1,25,0,0,1,3.4285714285714284,0.0
8,1448,4,False,0,2025-02-25,2,0.0,0.06,0.07,1,25,0,0,1,3.142857142857143,0.0
8,1466,4,False,0,2025-02-25,0,0.0,0.02,0.03,1,25,0,0,1,2.857142857142857,0.0
8,1479,4,False,0,2025-02-25,3,1.0,0.05,0.06,1,25,0,0,1,2.5714285714285716,0.0
8,1483,4,False,0,2025-02-25,7,0.0,0.02,0.04,1,25,0,0,1,2.5714285714285716,0.0
8,1498,4,False,0,2025-02-25,5,0.0,0.12,0.17,1,25,0,0,1,3.4285714285714284,0.0
8,1517,4,False,0,2025-02-25,2,0.0,0.02,0.03,1,25,0,0,1,3.5714285714285716,0.0
8,1533,4,False,0,2025-02-25,2,0.0,0.05,0.07,1,25,0,0,1,3.2857142857142856,0.0
8,1606,4,False,0,2025-02-25,6,1.0,0.04,0.05,1,25,0,0,1,3.0,0.0
8,1622,4,False,0,2025-02-25,6,0.0,0.07,0.09,1,25,0,0,1,3.5714285714285716,0.0
8,1624,4,False,0,2025-02-25,2,0.0,0.04,0.06,1,25,0,0,1,4.428571428571429,0.0
8,1625,4,False,0,2025-02-25,2,1.0,0.03,0.04,1,25,0,0,1,4.285714285714286,0.0
8,1634,4,False,0,2025-02-25,3,0.0,0.05,0.06,1,25,0,0,1,3.5714285714285716,0.0
8,1648,4,False,0,2025-02-25,5,0.0,0.03,0.04,1,25,0,0,1,3.2857142857142856,0.0
8,1654,4,False,0,2025-02-25,4,0.0,0.01,0.02,1,25,0,0,1,3.7142857142857144,0.0
8,1672,4,False,0,2025-02-25,3,0.0,0.02,0.02,1,25,0,0,1,4.0,0.0
8,1693,4,False,0,2025-02-25,2,2.0,0.02,0.04,1,25,0,0,1,3.5714285714285716,0.0
8,1805,4,False,0,2025-02-25,3,0.0,0.04,0.07,1,25,0,0,1,3.0,0.0
8,1806,4,False,0,2025-02-25,3,0.0,0.08,0.12,1,25,0,0,1,3.142857142857143,0.0
8,1824,4,False,0,2025-02-25,3,0.0,0.01,0.01,1,25,0,0,1,3.2857142857142856,0.0
8,1836,4,False,0,2025-02-25,5,0.0,0.04,0.06,1,25,0,0,1,3.2857142857142856,0.0
8,1838,4,False,0,2025-02-25,3,0.0,0.01,0.01,1,25,0,0,1,3.2857142857142856,0.0
8,1842,4,False,0,2025-02-25,2,0.0,0.01,0.01,1,25,0,0,1,3.142857142857143,0.0
8,1856,4,False,0,2025-02-25,2,0.0,0.02,0.04,1,25,0,0,1,3.0,0.0
8,1861,4,False,0,2025-02-25,2,0.0,0.02,0.03,1,25,0,0,1,3.0,0.0
8,1869,4,False,0,2025-02-25,3,0.0,0.01,0.01,1,25,0,0,1,2.857142857142857,0.0
8,1870,4,False,0,2025-02-25,2,0.0,0.04,0.06,1,25,0,0,1,2.857142857142857,0.0
8,1894,4,False,0,2025-02-25,3,0.0,0.03,0.04,1,25,0,0,1,2.7142857142857144,0.0
8,1928,4,False,0,2025-02-25,0,0.0,0.01,0.01,1,25,0,0,1,2.4285714285714284,0.0
8,1942,4,False,0,2025-02-25,4,0.0,0.01,0.02,1,25,0,0,1,2.0,0.0
8,1958,4,False,0,2025-02-25,1,0.0,0.04,0.06,1,25,0,0,1,2.2857142857142856,0.0
8,1959,4,False,0,2025-02-25,10,0.0,0.05,0.08,1,25,0,0,1,2.142857142857143,0.0
8,1968,4,False,0,2025-02-25,4,0.0,0.03,0.05,1,25,0,0,1,3.2857142857142856,0.0
8,1996,4,False,0,2025-02-25,5,0.0,0.01,0.02,1,25,0,0,1,3.4285714285714284,0.0
8,1999,4,False,0,2025-02-25,1,0.0,0.01,0.01,1,25,0,0,1,3.857142857142857,0.0
8,2022,4,False,0,2025-02-25,10,0.0,0.03,0.05,1,25,0,0,1,3.5714285714285716,0.0
8,2024,4,False,0,2025-02-25,2,0.0,0.02,0.04,1,25,0,0,1,5.0,0.0
8,2064,4,False,0,2025-02-25,3,0.0,0.02,0.03,1,25,0,0,1,4.714285714285714,0.0
8,2092,4,False,0,2025-02-25,3,1.0,0.04,0.06,1,25,0,0,1,5.0,0.0
8,2097,4,False,0,2025-02-25,2,0.0,0.03,0.05,1,25,0,0,1,4.0,0.0
8,2103,4,False,0,2025-02-25,3,0.0,0.01,0.02,1,25,0,0,1,3.7142857142857144,0.0
8,2137,4,False,0,2025-02-25,1,0.0,0.04,0.06,1,25,0,0,1,3.4285714285714284,0.0
8,2150,4,False,0,2025-02-25,2,0.0,0.01,0.02,1,25,0,0,1,3.4285714285714284,0.0
8,2180,4,False,0,2025-02-25,3,0.0,0.05,0.08,1,25,0,0,1,2.2857142857142856,0.0
8,2239,4,False,0,2025-02-25,3,0.0,0.03,0.04,1,25,0,0,1,2.4285714285714284,0.0
8,2252,4,False,0,2025-02-25,0,1.0,0.02,0.03,1,25,0,0,1,2.4285714285714284,0.0
8,2297,4,False,0,2025-02-25,3,0.0,0.14,0.15,1,25,0,0,1,2.0,0.0
8,2320,4,False,0,2025-02-25,2,0.0,0.03,0.04,1,25,0,0,1,2.142857142857143,0.0
8,2355,4,False,0,2025-02-25,1,0.0,0.05,0.09,1,25,0,0,1,2.0,0.0
8,2369,4,False,0,2025-02-25,4,0.0,0.03,0.05,1,25,0,0,1,2.0,0.0
8,2423,4,False,0,2025-02-25,4,0.0,0.02,0.03,1,25,0,0,1,2.2857142857142856,0.0
8,2456,4,False,0,2025-02-25,3,0.0,0.02,0.03,1,25,0,0,1,2.4285714285714284,0.0
8,2495,4,False,0,2025-02-25,2,0.0,0.05,0.08,1,25,0,0,1,2.4285714285714284,0.0
8,2517,4,False,0,2025-02-25,2,0.0,0.05,0.09,1,25,0,0,1,2.7142857142857144,0.0
8,2550,4,False,0,2025-02-25,3,0.0,0.03,0.05,1,25,0,0,1,2.5714285714285716,0.0
8,2569,4,False,0,2025-02-25,2,0.0,0.01,0.02,1,25,0,0,1,2.7142857142857144,0.0
8,2586,4,False,0,2025-02-25,2,0.0,0.04,0.06,1,25,0,0,1,2.857142857142857,0.0
8,2644,4,False,0,2025-02-25,2,0.0,0.05,0.08,1,25,0,0,1,2.5714285714285716,0.0
8,2711,4,False,0,2025-02-25,5,0.0,0.04,0.06,1,25,0,0,1,2.2857142857142856,0.0
8,2750,4,False,0,2025-02-25,3,0.0,0.01,0.01,1,25,0,0,1,2.5714285714285716,0.0
8,2773,4,False,0,2025-02-25,3,1.0,0.02,0.04,1,25,0,0,1,2.7142857142857144,0.0
8,2800,4,False,0,2025-02-25,8,0.0,0.03,0.04,1,25,0,0,1,2.857142857142857,0.0
8,2908,4,False,0,2025-02-25,2,0.0,0.03,0.04,1,25,0,0,1,3.5714285714285716,0.0
8,2943,4,False,0,2025-02-25,4,0.0,0.02,0.03,1,25,0,0,1,3.5714285714285716,0.0
8,2955,4,False,0,2025-02-25,3,0.0,0.01,0.02,1,25,0,0,1,3.857142857142857,0.0
8,2973,4,False,0,2025-02-25,4,0.0,0.04,0.05,1,25,0,0,1,4.0,0.0
8,2995,4,False,0,2025-02-25,4,0.0,0.05,0.07,1,25,0,0,1,3.857142857142857,0.0
8,3003,4,False,0,2025-02-25,5,0.0,0.02,0.04,1,25,0,0,1,4.0,0.0
8,3029,4,False,0,2025-02-25,3,0.0,0.09,0.12,1,25,0,0,1,4.285714285714286,0.0
8,3127,4,False,0,2025-02-25,4,0.0,0.12,0.18,1,25,0,0,1,3.5714285714285716,0.0
8,3130,4,False,0,2025-02-25,6,0.0,0.14,0.22,1,25,0,0,1,3.857142857142857,0.0
8,3166,4,False,0,2025-02-25,3,0.0,0.01,0.01,1,25,0,0,1,4.142857142857143,0.0
8,3169,4,False,0,2025-02-25,3,0.0,0.02,0.03,1,25,0,0,1,4.142857142857143,0.0
8,3174,4,False,0,2025-02-25,4,0.0,0.01,0.01,1,25,0,0,1,4.0,0.0
8,3222,4,False,0,2025-02-25,2,0.0,0.02,0.04,1,25,0,0,1,4.0,0.0
8,3281,4,False,0,2025-02-25,2,0.0,0.06,0.08,1,25,0,0,1,3.5714285714285716,0.0
8,3344,4,False,0,2025-02-25,2,0.0,0.04,0.05,1,25,0,0,1,3.4285714285714284,0.0
8,3374,4,False,0,2025-02-25,1,0.0,0.06,0.09,1,25,0,0,1,3.142857142857143,0.0
8,3376,4,False,0,2025-02-25,3,1.0,0.03,0.05,1,25,0,0,1,2.4285714285714284,0.0
8,3400,4,False,0,2025-02-25,12,0.0,0.01,0.01,1,25,0,0,1,2.4285714285714284,0.0
8,3425,4,False,0,2025-02-25,0,0.0,0.01,0.01,1,25,0,0,1,3.7142857142857144,0.0
8,3428,4,False,0,2025-02-25,2,0.0,0.04,0.06,1,25,0,0,1,3.142857142857143,0.0
8,3442,4,False,0,2025-02-25,4,0.0,0.07,0.1,1,25,0,0,1,3.142857142857143,0.0
8,3459,4,False,0,2025-02-25,2,0.0,0.04,0.07,1,25,0,0,1,3.4285714285714284,0.0
8,3460,4,False,0,2025-02-25,4,0.0,0.02,0.03,1,25,0,0,1,3.4285714285714284,0.0
8,3462,4,False,0,2025-02-25,3,0.0,0.03,0.05,1,25,0,0,1,3.857142857142857,0.0
8,3471,4,False,0,2025-02-25,5,0.0,0.03,0.04,1,25,0,0,1,3.857142857142857,0.0
8,3497,4,False,0,2025-02-25,5,0.0,0.04,0.06,1,25,0,0,1,2.857142857142857,0.0
8,3511,4,False,0,2025-02-25,3,0.0,0.04,0.07,1,25,0,0,1,3.5714285714285716,0.0
8,3603,4,False,0,2025-02-25,3,0.0,0.04,0.06,1,25,0,0,1,3.7142857142857144,0.0
8,3618,4,False,0,2025-02-25,5,0.0,0.12,0.17,1,25,0,0,1,3.5714285714285716,0.0
8,3669,4,False,0,2025-02-25,2,0.0,0.01,0.01,1,25,0,0,1,4.0,0.0
8,3670,4,False,0,2025-02-25,4,0.0,0.03,0.05,1,25,0,0,1,3.7142857142857144,0.0
8,3671,4,False,0,2025-02-25,4,0.0,0.04,0.07,1,25,0,0,1,3.857142857142857,0.0
8,3678,4,False,0,2025-02-25,2,0.0,0.03,0.05,1,25,0,0,1,3.7142857142857144,0.0
8,3685,4,False,0,2025-02-25,0,0.0,0.03,0.05,1,25,0,0,1,3.2857142857142856,0.0
8,3720,4,False,0,2025-02-25,0,0.0,0.05,0.06,1,25,0,0,1,2.857142857142857,0.0
8,3738,4,False,0,2025-02-25,1,0.0,0.01,0.01,1,25,0,0,1,2.4285714285714284,0.0
8,3744,4,False,0,2025-02-25,4,0.0,0.04,0.05,1,25,0,0,1,1.8571428571428572,0.0
8,3797,4,False,0,2025-02-25,4,0.0,0.03,0.04,1,25,0,0,1,2.142857142857143,0.0
8,3799,4,False,0,2025-02-25,3,0.0,0.03,0.05,1,25,0,0,1,2.142857142857143,0.0
8,3820,4,False,0,2025-02-25,4,0.0,0.02,0.04,1,25,0,0,1,2.0,0.0
8,3821,4,False,0,2025-02-25,3,0.0,0.04,0.05,1,25,0,0,1,2.2857142857142856,0.0
8,3826,4,False,0,2025-02-25,4,0.0,0.03,0.04,1,25,0,0,1,2.7142857142857144,0.0
8,3831,4,False,0,2025-02-25,3,0.0,0.01,0.02,1,25,0,0,1,3.2857142857142856,0.0
8,3858,4,False,0,2025-02-25,2,0.0,0.06,0.08,1,25,0,0,1,3.5714285714285716,0.0
8,3894,4,False,0,2025-02-25,5,0.0,0.02,0.03,1,25,0,0,1,3.2857142857142856,0.0
8,3898,4,False,0,2025-02-25,4,0.0,0.06,0.1,1,25,0,0,1,3.4285714285714284,0.0
8,3913,4,False,0,2025-02-25,4,0.0,0.03,0.05,1,25,0,0,1,3.5714285714285716,0.0
8,3917,4,False,0,2025-02-25,3,1.0,0.01,0.01,1,25,0,0,1,3.5714285714285716,0.0
8,3925,4,False,0,2025-02-25,0,0.0,0.03,0.05,1,25,0,0,1,3.5714285714285716,0.0
8,3940,4,False,0,2025-02-25,3,0.0,0.05,0.06,1,25,0,0,1,3.0,0.0
8,3954,4,False,0,2025-02-25,0,0.0,0.02,0.03,1,25,0,0,1,3.0,0.0
8,3966,4,False,0,2025-02-25,0,0.0,0.02,0.04,1,25,0,0,1,2.7142857142857144,0.0
8,3969,4,False,0,2025-02-25,1,0.0,0.01,0.03,1,25,0,0,1,2.0,0.0
8,3977,4,False,0,2025-02-25,4,0.0,0.06,0.08,1,25,0,0,1,1.5714285714285714,0.0
8,4001,4,False,0,2025-02-25,2,0.0,0.04,0.06,1,25,0,0,1,1.5714285714285714,0.0
8,4034,4,False,0,2025-02-25,2,1.0,0.08,0.11,1,25,0,0,1,1.4285714285714286,0.0
8,4054,4,False,0,2025-02-25,1,0.0,0.02,0.04,1,25,0,0,1,1.7142857142857142,0.0
8,4061,4,False,0,2025-02-25,7,0.0,0.05,0.07,1,25,0,0,1,1.4285714285714286,0.0
8,4086,4,False,0,2025-02-25,3,0.0,0.02,0.02,1,25,0,0,1,2.4285714285714284,0.0
8,4096,4,False,0,2025-02-25,1,0.0,0.05,0.07,1,25,0,0,1,2.857142857142857,0.0
8,4142,4,False,0,2025-02-25,4,0.0,0.02,0.03,1,25,0,0,1,2.857142857142857,0.0
8,4156,4,False,0,2025-02-25,4,0.0,0.03,0.04,1,25,0,0,1,2.857142857142857,0.0
8,4229,4,False,0,2025-02-25,3,0.0,0.02,0.04,1,25,0,0,1,3.142857142857143,0.0
8,4244,4,False,0,2025-02-25,2,0.0,0.03,0.04,1,25,0,0,1,3.2857142857142856,0.0
8,4264,4,False,0,2025-02-25,2,1.0,0.05,0.07,1,25,0,0,1,3.4285714285714284,0.0
8,4331,4,False,0,2025-02-25,5,0.0,0.01,0.01,1,25,0,0,1,2.7142857142857144,0.0
8,4365,4,False,0,2025-02-25,0,0.0,0.04,0.06,1,25,0,0,1,3.0,0.0
8,4366,4,False,0,2025-02-25,3,0.0,0.05,0.06,1,25,0,0,1,2.857142857142857,0.0
8,4420,4,False,0,2025-02-25,6,0.0,0.02,0.02,1,25,0,0,1,2.7142857142857144,0.0
8,4436,4,False,0,2025-02-25,2,0.0,0.02,0.03,1,25,0,0,1,3.0,0.0
8,4444,4,False,0,2025-02-25,2,0.0,0.07,0.1,1,25,0,0,1,2.857142857142857,0.0
8,4450,4,False,0,2025-02-25,4,0.0,0.02,0.03,1,25,0,0,1,2.857142857142857,0.0
8,4458,4,False,0,2025-02-25,11,0.0,0.03,0.05,1,25,0,0,1,3.142857142857143,0.0
8,4465,4,False,0,2025-02-25,4,0.0,0.02,0.04,1,25,0,0,1,4.0,0.0
8,4472,4,False,0,2025-02-25,5,0.0,0.01,0.01,1,25,0,0,1,4.571428571428571,0.0
8,4507,4,False,0,2025-02-25,3,0.0,0.03,0.04,1,25,0,0,1,4.857142857142857,0.0
8,4525,4,False,0,2025-02-25,3,0.0,0.01,0.03,1,25,0,0,1,4.428571428571429,0.0
8,4536,4,False,0,2025-02-25,4,0.0,0.01,0.01,1,25,0,0,1,4.571428571428571,0.0
8,4564,4,False,0,2025-02-25,3,0.0,0.02,0.04,1,25,0,0,1,4.857142857142857,0.0
8,4568,4,False,0,2025-02-25,5,0.0,0.01,0.01,1,25,0,0,1,4.714285714285714,0.0
8,4604,4,False,0,2025-02-25,6,0.0,0.02,0.03,1,25,0,0,1,3.857142857142857,0.0
8,4610,4,False,0,2025-02-25,2,0.0,0.06,0.09,1,25,0,0,1,4.142857142857143,0.0
8,4620,4,False,0,2025-02-25,3,0.0,0.02,0.04,1,25,0,0,1,3.7142857142857144,0.0
8,4648,4,False,0,2025-02-25,3,0.0,0.05,0.07,1,25,0,0,1,3.7142857142857144,0.0
8,4700,4,False,0,2025-02-25,4,0.0,0.02,0.03,1,25,0,0,1,3.7142857142857144,0.0
8,4741,4,False,0,2025-02-25,5,0.0,0.02,0.05,1,25,0,0,1,3.7142857142857144,0.0
8,4759,4,False,0,2025-02-25,3,1.0,0.03,0.04,1,25,0,0,1,4.0,0.0
8,4770,4,False,0,2025-02-25,3,0.0,0.03,0.05,1,25,0,0,1,3.7142857142857144,0.0
8,4774,4,False,0,2025-02-25,4,0.0,0.03,0.04,1,25,0,0,1,3.2857142857142856,0.0
8,4903,4,False,0,2025-02-25,4,0.0,0.01,0.01,1,25,0,0,1,3.5714285714285716,0.0
8,4915,4,False,0,2025-02-25,5,0.0,0.01,0.02,1,25,0,0,1,3.7142857142857144,0.0
8,4929,4,False,0,2025-02-25,0,0.0,0.03,0.04,1,25,0,0,1,4.0,0.0
8,4961,4,False,0,2025-02-25,7,2.0,0.03,0.06,1,25,0,0,1,3.4285714285714284,0.0
8,4987,4,False,0,2025-02-25,3,0.0,0.02,0.03,1,25,0,0,1,3.7142857142857144,0.0
8,4992,4,False,0,2025-02-25,1,0.0,0.04,0.06,1,25,0,0,1,3.7142857142857144,0.0
8,4997,4,False,0,2025-02-25,2,0.0,0.07,0.1,1,25,0,0,1,3.4285714285714284,0.0
8,4998,4,False,0,2025-02-25,3,0.0,0.01,0.01,1,25,0,0,1,3.142857142857143,0.0
8,5008,4,False,0,2025-02-25,2,0.0,0.02,0.03,1,25,0,0,1,3.0,0.0
8,5048,4,False,0,2025-02-25,1,0.0,0.01,0.02,1,25,0,0,1,2.5714285714285716,0.0
8,5091,4,False,0,2025-02-25,2,0.0,0.06,0.08,1,25,0,0,1,2.7142857142857144,0.0
8,5100,4,False,0,2025-02-25,3,0.0,0.02,0.03,1,25,0,0,1,2.0,0.0
8,5112,4,False,0,2025-02-25,6,0.0,0.02,0.04,1,25,0,0,1,2.0,0.0
8,5118,4,False,0,2025-02-25,1,0.0,0.05,0.08,1,25,0,0,1,2.7142857142857144,0.0
8,5120,4,False,0,2025-02-25,0,0.0,0.02,0.03,1,25,0,0,1,2.5714285714285716,0.0
8,5123,4,False,0,2025-02-25,7,0.0,0.02,0.04,1,25,0,0,1,2.142857142857143,0.0
8,5130,4,False,0,2025-02-25,5,0.0,0.02,0.03,1,25,0,0,1,2.857142857142857,0.0
8,5149,4,False,0,2025-02-25,1,0.0,0.12,0.15,1,25,0,0,1,3.4285714285714284,0.0
8,5163,4,False,0,2025-02-25,1,0.0,0.05,0.09,1,25,0,0,1,3.2857142857142856,0.0
8,5169,4,False,0,2025-02-25,2,0.0,0.06,0.08,1,25,0,0,1,3.0,0.0
8,5172,4,False,0,2025-02-25,4,0.0,0.04,0.04,1,25,0,0,1,2.4285714285714284,0.0
8,5177,4,False,0,2025-02-25,3,0.0,0.01,0.01,1,25,0,0,1,2.857142857142857,0.0
8,5199,4,False,0,2025-02-25,2,0.0,0.02,0.02,1,25,0,0,1,3.2857142857142856,0.0
8,5234,4,False,0,2025-02-25,2,0.0,0.02,0.03,1,25,0,0,1,2.5714285714285716,0.0
8,5241,4,False,0,2025-02-25,2,0.0,0.01,0.01,1,25,0,0,1,2.142857142857143,0.0
8,5247,4,False,0,2025-02-25,5,0.0,0.02,0.02,1,25,0,0,1,2.2857142857142856,0.0
8,5267,4,False,0,2025-02-25,3,0.0,0.02,0.03,1,25,0,0,1,2.857142857142857,0.0
8,5269,4,False,0,2025-02-25,2,0.0,0.01,0.01,1,25,0,0,1,3.0,0.0
8,5275,4,False,0,2025-02-25,4,0.0,0.02,0.05,1,25,0,0,1,2.7142857142857144,0.0
8,5283,4,False,0,2025-02-25,2,0.0,0.03,0.04,1,25,0,0,1,2.857142857142857,0.0
8,172,5,True,0,2025-02-25,6,0.0,0.01,0.01,1,25,0,0,1,2.857142857142857,0.0
8,327,5,True,0,2025-02-25,5,1.0,0.01,0.03,1,25,0,0,1,3.4285714285714284,0.0
8,697,5,True,0,2025-02-25,13,1.0,0.04,0.19,1,25,0,0,1,3.857142857142857,0.0
8,1278,5,True,0,2025-02-25,2,0.0,0.02,0.05,1,25,0,0,1,5.0,0.0
8,1463,5,True,0,2025-02-25,9,0.0,0.01,0.03,1,25,0,0,1,4.857142857142857,0.0
8,1471,5,True,0,2025-02-25,2,1.0,0.02,0.05,1,25,0,0,1,5.857142857142857,0.0
8,1580,5,True,0,2025-02-25,7,0.0,0.02,0.04,1,25,0,0,1,5.571428571428571,0.0
8,1795,5,True,0,2025-02-25,5,0.0,0.02,0.04,1,25,0,0,1,6.285714285714286,0.0
8,1860,5,True,0,2025-02-25,3,0.0,0.03,0.04,1,25,0,0,1,6.142857142857143,0.0
8,2169,5,True,0,2025-02-25,5,0.0,0.01,0.02,1,25,0,0,1,5.857142857142857,0.0
8,2338,5,True,0,2025-02-25,17,0.0,0.01,0.02,1,25,0,0,1,4.714285714285714,0.0
8,2381,5,True,0,2025-02-25,6,0.0,0.04,0.07,1,25,0,0,1,6.857142857142857,0.0
8,2518,5,True,0,2025-02-25,4,0.0,0.02,0.09,1,25,0,0,1,6.428571428571429,0.0
8,2560,5,True,0,2025-02-25,5,0.0,0.03,0.06,1,25,0,0,1,6.714285714285714,0.0
8,2647,5,True,0,2025-02-25,10,0.0,0.03,0.05,1,25,0,0,1,6.428571428571429,0.0
8,2926,5,True,0,2025-02-25,31,0.0,0.03,0.05,1,25,0,0,1,7.142857142857143,0.0
8,3002,5,True,0,2025-02-25,5,0.0,0.04,0.08,1,25,0,0,1,11.142857142857142,0.0
8,3175,5,True,0,2025-02-25,3,0.0,0.04,0.1,1,25,0,0,1,11.142857142857142,0.0
8,3612,5,True,0,2025-02-25,38,1.0,0.05,0.08,1,25,0,0,1,9.142857142857142,0.0
8,3734,5,True,0,2025-02-25,4,1.0,0.05,0.07,1,25,0,0,1,13.714285714285714,0.0
8,3819,5,True,0,2025-02-25,4,0.0,0.02,0.06,1,25,0,0,1,13.714285714285714,0.0
8,4150,5,True,0,2025-02-25,4,0.0,0.02,0.04,1,25,0,0,1,13.571428571428571,0.0
8,4200,5,True,0,2025-02-25,5,0.0,0.06,0.12,1,25,0,0,1,12.714285714285714,0.0
8,5036,5,True,0,2025-02-25,6,1.0,0.03,0.05,1,25,0,0,1,9.0,0.0
8,5260,5,True,0,2025-02-25,6,0.0,0.02,0.06,1,25,0,0,1,9.142857142857142,0.0
8,138,6,False,0,2025-02-25,1,0.0,0.16,0.24,1,25,0,0,1,9.571428571428571,0.0
8,177,6,False,0,2025-02-25,2,0.0,0.08,0.09,1,25,0,0,1,4.285714285714286,0.0
8,207,6,False,0,2025-02-25,2,0.0,0.23,0.3,1,25,0,0,1,4.0,0.0
8,316,6,False,0,2025-02-25,2,0.0,0.08,0.12,1,25,0,0,1,3.7142857142857144,0.0
8,647,6,False,0,2025-02-25,3,0.0,0.07,0.09,1,25,0,0,1,3.4285714285714284,0.0
8,755,6,False,0,2025-02-25,1,0.0,0.15,0.21,1,25,0,0,1,3.142857142857143,0.0
8,975,6,False,0,2025-02-25,3,0.0,0.08,0.09,1,25,0,0,1,2.4285714285714284,0.0
8,1265,6,False,0,2025-02-25,4,0.0,0.14,0.22,1,25,0,0,1,2.0,0.0
8,1309,6,False,0,2025-02-25,0,0.0,0.24,0.32,1,25,0,0,1,2.4285714285714284,0.0
8,1509,6,False,0,2025-02-25,0,0.0,0.22,0.3,1,25,0,0,1,2.142857142857143,0.0
8,1740,6,False,0,2025-02-25,2,0.0,0.08,0.12,1,25,0,0,1,1.8571428571428572,0.0
8,1827,6,False,0,2025-02-25,2,0.0,0.1,0.15,1,25,0,0,1,1.8571428571428572,0.0
8,1845,6,False,0,2025-02-25,1,0.0,0.05,0.06,1,25,0,0,1,1.7142857142857142,0.0
8,1865,6,False,0,2025-02-25,0,0.0,0.12,0.15,1,25,0,0,1,1.7142857142857142,0.0
8,2131,6,False,0,2025-02-25,3,0.0,0.1,0.14,1,25,0,0,1,1.2857142857142858,0.0
8,2216,6,False,0,2025-02-25,2,0.0,0.06,0.09,1,25,0,0,1,1.1428571428571428,0.0
8,2240,6,False,0,2025-02-25,2,0.0,0.13,0.17,1,25,0,0,1,1.4285714285714286,0.0
8,2291,6,False,0,2025-02-25,0,1.0,0.15,0.19,1,25,0,0,1,1.7142857142857142,0.0
8,2352,6,False,0,2025-02-25,1,0.0,0.11,0.15,1,25,0,0,1,1.4285714285714286,0.0
8,2515,6,False,0,2025-02-25,1,0.0,0.16,0.18,1,25,0,0,1,1.2857142857142858,0.0
8,2617,6,False,0,2025-02-25,1,0.0,0.13,0.2,1,25,0,0,1,1.2857142857142858,0.0
8,2799,6,False,0,2025-02-25,1,0.0,0.06,0.08,1,25,0,0,1,1.4285714285714286,0.0
8,2934,6,False,0,2025-02-25,1,0.0,0.07,0.1,1,25,0,0,1,1.1428571428571428,0.0
8,3090,6,False,0,2025-02-25,1,0.0,0.15,0.2,1,25,0,0,1,1.0,0.0
8,3380,6,False,0,2025-02-25,3,0.0,0.06,0.09,1,25,0,0,1,0.8571428571428571,0.0
8,3637,6,False,0,2025-02-25,0,0.0,0.07,0.09,1,25,0,0,1,1.2857142857142858,0.0
8,3793,6,False,0,2025-02-25,1,0.0,0.03,0.04,1,25,0,0,1,1.1428571428571428,0.0
8,3937,6,False,0,2025-02-25,3,0.0,0.14,0.19,1,25,0,0,1,1.1428571428571428,0.0
8,4074,6,False,0,2025-02-25,1,0.0,0.16,0.22,1,25,0,0,1,1.4285714285714286,0.0
8,4196,6,False,0,2025-02-25,1,0.0,0.06,0.08,1,25,0,0,1,1.4285714285714286,0.0
8,4228,6,False,0,2025-02-25,0,0.0,0.16,0.2,1,25,0,0,1,1.4285714285714286,0.0
8,4356,6,False,0,2025-02-25,1,0.0,0.09,0.14,1,25,0,0,1,1.2857142857142858,0.0
8,4398,6,False,0,2025-02-25,0,0.0,0.09,0.22,1,25,0,0,1,1.0,0.0
8,4430,6,False,0,2025-02-25,1,0.0,0.08,0.13,1,25,0,0,1,1.0,0.0
8,4730,6,False,0,2025-02-25,1,0.0,0.13,0.19,1,25,0,0,1,1.0,0.0
8,4736,6,False,0,2025-02-25,0,0.0,0.07,0.09,1,25,0,0,1,0.7142857142857143,0.0
8,4849,6,False,0,2025-02-25,0,0.0,0.13,0.22,1,25,0,0,1,0.5714285714285714,0.0
8,4887,6,False,0,2025-02-25,4,0.0,0.13,0.16,1,25,0,0,1,0.42857142857142855,0.0
8,5023,6,False,0,2025-02-25,1,0.0,0.13,0.19,1,25,0,0,1,1.0,0.0
8,411,7,False,0,2025-02-25,4,2.0,0.0,0.01,1,25,0,0,1,1.0,0.0
8,461,7,False,0,2025-02-25,3,0.0,0.0,0.01,1,25,0,0,1,1.5714285714285714,0.0
8,551,7,False,0,2025-02-25,3,1.0,0.01,0.01,1,25,0,0,1,1.8571428571428572,0.0
8,559,7,False,0,2025-02-25,24,0.0,0.01,0.01,1,25,0,0,1,2.142857142857143,0.0
8,848,7,False,0,2025-02-25,5,1.0,0.04,0.05,1,25,0,0,1,5.571428571428571,0.0
8,861,7,False,0,2025-02-25,3,1.0,0.01,0.02,1,25,0,0,1,6.285714285714286,0.0
8,1115,7,False,0,2025-02-25,74,0.0,0.0,0.0,1,25,0,0,1,6.142857142857143,0.0
8,1288,7,False,0,2025-02-25,6,1.0,0.01,0.02,1,25,0,0,1,16.571428571428573,0.0
8,1787,7,False,0,2025-02-25,0,0.0,0.02,0.02,1,25,0,0,1,16.857142857142858,0.0
8,2175,7,False,0,2025-02-25,5,0.0,0.03,0.04,1,25,0,0,1,16.428571428571427,0.0
8,2227,7,False,0,2025-02-25,2,1.0,0.02,0.03,1,25,0,0,1,16.714285714285715,0.0
8,2499,7,False,0,2025-02-25,10,1.0,0.0,0.01,1,25,0,0,1,13.571428571428571,0.0
8,2887,7,False,0,2025-02-25,21,0.0,0.02,0.03,1,25,0,0,1,14.285714285714286,0.0
8,3023,7,False,0,2025-02-25,20,0.0,0.01,0.01,1,25,0,0,1,16.857142857142858,0.0
8,3040,7,False,0,2025-02-25,2,2.0,0.0,0.0,1,25,0,0,1,9.142857142857142,0.0
8,3105,7,False,0,2025-02-25,7,0.0,0.0,0.01,1,25,0,0,1,8.571428571428571,0.0
8,3272,7,False,0,2025-02-25,5,0.0,0.01,0.02,1,25,0,0,1,9.571428571428571,0.0
8,3314,7,False,0,2025-02-25,7,1.0,0.0,0.01,1,25,0,0,1,9.571428571428571,0.0
8,3401,7,False,0,2025-02-25,8,0.0,0.0,0.01,1,25,0,0,1,10.285714285714286,0.0
8,4026,7,False,0,2025-02-25,1,1.0,0.12,0.18,1,25,0,0,1,10.0,0.0
8,4093,7,False,0,2025-02-25,5,0.0,0.01,0.01,1,25,0,0,1,7.142857142857143,0.0
8,4298,7,False,0,2025-02-25,8,2.0,0.01,0.01,1,25,0,0,1,5.0,0.0
8,4351,7,False,0,2025-02-25,6,0.0,0.01,0.03,1,25,0,0,1,5.857142857142857,0.0
8,4411,7,False,0,2025-02-25,15,0.0,0.02,0.04,1,25,0,0,1,5.714285714285714,0.0
8,4585,7,False,0,2025-02-25,8,0.0,0.02,0.04,1,25,0,0,1,7.142857142857143,0.0
8,4688,7,False,0,2025-02-25,7,0.0,0.0,0.03,1,25,0,0,1,7.285714285714286,0.0
8,4867,7,False,0,2025-02-25,0,0.0,0.03,0.05,1,25,0,0,1,7.142857142857143,0.0
8,199,8,False,0,2025-02-25,10,0.0,0.01,0.02,1,25,0,0,1,7.0,0.0
8,269,8,False,0,2025-02-25,26,0.0,0.0,0.01,1,25,0,0,1,7.714285714285714,0.0
8,805,8,False,0,2025-02-25,11,0.0,0.0,0.01,1,25,0,0,1,10.285714285714286,0.0
8,828,8,False,0,2025-02-25,9,0.0,0.01,0.01,1,25,0,0,1,11.0,0.0
8,932,8,False,0,2025-02-25,9,0.0,0.01,0.02,1,25,0,0,1,10.142857142857142,0.0
8,1010,8,False,0,2025-02-25,18,0.0,0.01,0.02,1,25,0,0,1,10.285714285714286,0.0
8,1073,8,False,0,2025-02-25,17,1.0,0.01,0.02,1,25,0,0,1,11.857142857142858,0.0
8,1308,8,False,0,2025-02-25,16,0.0,0.02,0.03,1,25,0,0,1,14.285714285714286,0.0
8,2253,8,False,0,2025-02-25,17,0.0,0.0,0.01,1,25,0,0,1,15.142857142857142,0.0
8,2420,8,False,0,2025-02-25,9,0.0,0.0,0.01,1,25,0,0,1,13.857142857142858,2.4357803479334432
8,2659,8,False,0,2025-02-25,19,1.0,0.01,0.01,1,25,0,0,1,13.571428571428571,0.0
8,2985,8,False,0,2025-02-25,21,1.0,0.02,0.02,1,25,0,0,1,15.0,0.0
8,3015,8,False,0,2025-02-25,7,0.0,0.01,0.02,1,25,0,0,1,16.714285714285715,0.0
8,3331,8,False,0,2025-02-25,34,0.0,0.01,0.02,1,25,0,0,1,15.142857142857142,0.0
8,3430,8,False,0,2025-02-25,2,3.0,0.01,0.02,1,25,0,0,1,17.571428571428573,0.0
8,3545,8,False,0,2025-02-25,11,1.0,0.02,0.03,1,25,0,0,1,15.571428571428571,0.0
8,3594,8,False,0,2025-02-25,10,1.0,0.01,0.01,1,25,0,0,1,14.714285714285714,0.0
8,4513,8,False,0,2025-02-25,13,0.0,0.01,0.02,1,25,0,0,1,14.857142857142858,0.0
8,4560,8,False,0,2025-02-25,16,2.0,0.01,0.02,1,25,0,0,1,14.0,0.0
8,5038,8,False,0,2025-02-25,10,1.0,0.02,0.03,1,25,0,0,1,13.285714285714286,0.0
8,5075,8,False,0,2025-02-25,17,1.0,0.01,0.02,1,25,0,0,1,13.714285714285714,0.0
8,5178,8,False,0,2025-02-25,13,2.0,0.01,0.02,1,25,0,0,1,11.285714285714286,0.0
8,10,9,True,0,2025-02-25,3,0.0,0.04,0.1,1,25,0,0,1,12.857142857142858,0.0
8,45,9,True,0,2025-02-25,9,1.0,0.02,0.05,1,25,0,0,1,11.714285714285714,0.0
8,141,9,True,0,2025-02-25,13,1.0,0.03,0.07,1,25,0,0,1,11.571428571428571,1.7538541746884595
8,187,9,True,0,2025-02-25,5,0.0,0.01,0.02,1,25,0,0,1,11.571428571428571,0.0
8,270,9,True,0,2025-02-25,4,0.0,0.02,0.14,1,25,0,0,1,10.0,0.0
8,275,9,True,0,2025-02-25,15,0.0,0.04,0.06,1,25,0,0,1,9.142857142857142,0.0
8,278,9,True,0,2025-02-25,5,2.0,0.05,0.1,1,25,0,0,1,8.857142857142858,0.0
8,317,9,True,0,2025-02-25,6,0.0,0.01,0.02,1,25,0,0,1,7.714285714285714,0.0
8,352,9,True,0,2025-02-25,7,0.0,0.02,0.17,1,25,0,0,1,8.142857142857142,0.0
8,473,9,True,0,2025-02-25,4,0.0,0.01,0.02,1,25,0,0,1,7.857142857142857,0.0
8,496,9,True,0,2025-02-25,11,0.0,0.01,0.02,1,25,0,0,1,6.571428571428571,0.0
8,615,9,True,0,2025-02-25,2,0.0,0.02,0.05,1,25,0,0,1,7.428571428571429,0.0
8,678,9,True,0,2025-02-25,11,0.0,0.01,0.05,1,25,0,0,1,7.142857142857143,0.0
8,696,9,True,0,2025-02-25,8,0.0,0.01,0.05,1,25,0,0,1,6.571428571428571,0.0
8,747,9,True,0,2025-02-25,2,0.0,0.01,0.03,1,25,0,0,1,7.0,0.0
8,802,9,True,0,2025-02-25,7,0.0,0.06,0.1,1,25,0,0,1,6.428571428571429,0.0
8,813,9,True,0,2025-02-25,9,2.0,0.02,0.03,1,25,0,0,1,6.428571428571429,0.0
8,958,9,True,0,2025-02-25,9,0.0,0.01,0.04,1,25,0,0,1,7.142857142857143,0.0
8,976,9,True,0,2025-02-25,7,0.0,0.01,0.03,1,25,0,0,1,6.857142857142857,0.0
8,1112,9,True,0,2025-02-25,5,0.0,0.02,0.05,1,25,0,0,1,7.571428571428571,0.0
8,1148,9,True,0,2025-02-25,2,0.0,0.02,0.05,1,25,0,0,1,6.714285714285714,0.0
8,1172,9,True,0,2025-02-25,2,1.0,0.01,0.03,1,25,0,0,1,5.857142857142857,0.0
8,1178,9,True,0,2025-02-25,26,1.0,0.02,0.07,1,25,0,0,1,5.857142857142857,0.0
8,1287,9,True,0,2025-02-25,3,0.0,0.01,0.04,1,25,0,0,1,8.571428571428571,0.0
8,1323,9,True,0,2025-02-25,18,2.0,0.02,0.07,1,25,0,0,1,7.714285714285714,0.0
8,1409,9,True,0,2025-02-25,14,0.0,0.02,0.05,1,25,0,0,1,9.0,0.0
8,1510,9,True,0,2025-02-25,9,0.0,0.03,0.14,1,25,0,0,1,10.0,0.0
8,1661,9,True,0,2025-02-25,5,0.0,0.01,0.04,1,25,0,0,1,10.571428571428571,0.0
8,1696,9,True,0,2025-02-25,18,0.0,0.01,0.02,1,25,0,0,1,11.0,0.0
8,1705,9,True,0,2025-02-25,4,0.0,0.04,0.1,1,25,0,0,1,13.285714285714286,0.0
8,1896,9,True,0,2025-02-25,4,0.0,0.03,0.11,1,25,0,0,1,10.142857142857142,0.0
8,1906,9,True,0,2025-02-25,5,0.0,0.04,0.16,1,25,0,0,1,10.285714285714286,0.0
8,1951,9,True,0,2025-02-25,7,0.0,0.02,0.04,1,25,0,0,1,8.428571428571429,0.0
8,2010,9,True,0,2025-02-25,9,0.0,0.03,0.21,1,25,0,0,1,7.428571428571429,0.0
8,2011,9,True,0,2025-02-25,9,0.0,0.01,0.05,1,25,0,0,1,7.428571428571429,0.0
8,2056,9,True,0,2025-02-25,15,0.0,0.01,0.03,1,25,0,0,1,8.0,0.0
8,2256,9,True,0,2025-02-25,20,0.0,0.02,0.04,1,25,0,0,1,7.571428571428571,0.0
8,2284,9,True,0,2025-02-25,3,0.0,0.01,0.03,1,25,0,0,1,9.857142857142858,0.0
8,2307,9,True,0,2025-02-25,1,0.0,0.02,0.06,1,25,0,0,1,9.714285714285714,0.0
8,2357,9,True,0,2025-02-25,4,0.0,0.09,0.46,1,25,0,0,1,9.142857142857142,0.0
8,2360,9,True,0,2025-02-25,1,0.0,0.01,0.04,1,25,0,0,1,8.714285714285714,0.0
8,2399,9,True,0,2025-02-25,15,0.0,0.03,0.1,1,25,0,0,1,7.571428571428571,0.0
8,2401,9,True,0,2025-02-25,3,1.0,0.01,0.05,1,25,0,0,1,8.428571428571429,0.0
8,2419,9,True,0,2025-02-25,4,0.0,0.02,0.03,1,25,0,0,1,6.714285714285714,0.0
8,2474,9,True,0,2025-02-25,4,0.0,0.04,0.12,1,25,0,0,1,4.428571428571429,0.0
8,2486,9,True,0,2025-02-25,1,0.0,0.02,0.07,1,25,0,0,1,4.571428571428571,0.0
8,2543,9,True,0,2025-02-25,3,0.0,0.0,0.02,1,25,0,0,1,4.571428571428571,0.0
8,2615,9,True,0,2025-02-25,16,0.0,0.02,0.06,1,25,0,0,1,4.428571428571429,0.0
8,2795,9,True,0,2025-02-25,9,0.0,0.02,0.07,1,25,0,0,1,6.571428571428571,0.0
8,2812,9,True,0,2025-02-25,8,0.0,0.02,0.06,1,25,0,0,1,5.714285714285714,0.0
8,2841,9,True,0,2025-02-25,4,1.0,0.01,0.08,1,25,0,0,1,6.428571428571429,0.0
8,2857,9,True,0,2025-02-25,8,0.0,0.01,0.02,1,25,0,0,1,6.428571428571429,0.0
8,3008,9,True,0,2025-02-25,15,0.0,0.01,0.05,1,25,0,0,1,7.0,0.0
8,3226,9,True,0,2025-02-25,8,0.0,0.02,0.06,1,25,0,0,1,9.0,0.0
8,3241,9,True,0,2025-02-25,5,0.0,0.01,0.02,1,25,0,0,1,9.714285714285714,0.0
8,3244,9,True,0,2025-02-25,7,0.0,0.01,0.04,1,25,0,0,1,8.142857142857142,0.0
8,3356,9,True,0,2025-02-25,2,0.0,0.01,0.02,1,25,0,0,1,7.857142857142857,0.0
8,3540,9,True,0,2025-02-25,9,0.0,0.03,0.08,1,25,0,0,1,7.0,0.0
8,3735,9,True,0,2025-02-25,8,0.0,0.02,0.06,1,25,0,0,1,7.714285714285714,0.0
8,3751,9,True,0,2025-02-25,28,2.0,0.04,0.09,1,25,0,0,1,7.714285714285714,0.0
8,3789,9,True,0,2025-02-25,25,10.0,0.01,0.02,1,25,0,0,1,9.571428571428571,0.0
8,3905,9,True,0,2025-02-25,0,1.0,0.01,0.08,1,25,0,0,1,12.0,0.0
8,4012,9,True,0,2025-02-25,12,0.0,0.01,0.06,1,25,0,0,1,11.285714285714286,0.0
8,4106,9,True,0,2025-02-25,4,0.0,0.02,0.14,1,25,0,0,1,12.0,0.0
8,4141,9,True,0,2025-02-25,3,0.0,0.05,0.1,1,25,0,0,1,12.285714285714286,0.0
8,4153,9,True,0,2025-02-25,10,0.0,0.01,0.03,1,25,0,0,1,11.428571428571429,0.0
8,4154,9,True,0,2025-02-25,4,0.0,0.0,0.01,1,25,0,0,1,11.714285714285714,0.0
8,4197,9,True,0,2025-02-25,15,0.0,0.01,0.02,1,25,0,0,1,8.285714285714286,0.0
8,4348,9,True,0,2025-02-25,6,1.0,0.01,0.03,1,25,0,0,1,6.857142857142857,0.0
8,4350,9,True,0,2025-02-25,11,0.0,0.03,0.07,1,25,0,0,1,7.714285714285714,0.0
8,4367,9,True,0,2025-02-25,5,0.0,0.03,0.05,1,25,0,0,1,7.571428571428571,0.0
8,4466,9,True,0,2025-02-25,4,0.0,0.02,0.07,1,25,0,0,1,7.714285714285714,0.0
8,4493,9,True,0,2025-02-25,16,0.0,0.01,0.07,1,25,0,0,1,7.857142857142857,0.0
8,4530,9,True,0,2025-02-25,20,0.0,0.01,0.02,1,25,0,0,1,8.714285714285714,0.0
8,4594,9,True,0,2025-02-25,20,4.0,0.01,0.06,1,25,0,0,1,11.0,0.0
8,4637,9,True,0,2025-02-25,7,0.0,0.01,0.02,1,25,0,0,1,11.714285714285714,0.0
8,4645,9,True,0,2025-02-25,5,0.0,0.01,0.02,1,25,0,0,1,11.857142857142858,0.0
8,4655,9,True,0,2025-02-25,6,2.0,0.06,0.08,1,25,0,0,1,11.0,0.0
8,4679,9,True,0,2025-02-25,45,0.0,0.01,0.04,1,25,0,0,1,11.142857142857142,0.0
8,4845,9,True,0,2025-02-25,4,0.0,0.01,0.03,1,25,0,0,1,17.0,0.0
8,4906,9,True,0,2025-02-25,5,0.0,0.01,0.04,1,25,0,0,1,15.285714285714286,0.0
8,4996,9,True,0,2025-02-25,4,0.0,0.0,0.02,1,25,0,0,1,13.142857142857142,0.0
8,5079,9,True,0,2025-02-25,1,0.0,0.01,0.03,1,25,0,0,1,10.857142857142858,0.0
8,5087,9,True,0,2025-02-25,7,0.0,0.03,0.07,1,25,0,0,1,10.0,0.0
8,5093,9,True,0,2025-02-25,47,4.0,0.02,0.08,1,25,0,0,1,10.285714285714286,0.0
8,5122,9,True,0,2025-02-25,2,0.0,0.01,0.02,1,25,0,0,1,16.142857142857142,0.0
8,5135,9,True,0,2025-02-25,5,0.0,0.02,0.06,1,25,0,0,1,10.0,0.0
8,5175,9,True,0,2025-02-25,4,2.0,0.01,0.02,1,25,0,0,1,10.142857142857142,0.0
8,5212,9,True,0,2025-02-25,4,1.0,0.01,0.05,1,25,0,0,1,10.0,0.0
8,5272,9,True,0,2025-02-25,58,1.0,0.01,0.02,1,25,0,0,1,10.0,0.0
8,147,10,False,0,2025-02-25,30,0.0,0.03,0.07,1,25,0,0,1,18.142857142857142,0.0
8,1782,10,False,0,2025-02-25,23,1.0,0.04,0.09,1,25,0,0,1,21.428571428571427,0.0
8,2377,10,False,0,2025-02-25,53,0.0,0.0,0.01,1,25,0,0,1,18.0,3.723445655184854
8,3203,10,False,0,2025-02-25,30,0.0,0.03,0.09,1,25,0,0,1,25.285714285714285,0.0
8,5018,10,False,0,2025-02-25,24,0.0,0.02,0.11,1,25,0,0,1,28.857142857142858,0.0
8,2058,11,False,0,2025-02-25,0,0.0,0.22,0.21,1,25,0,0,1,31.714285714285715,0.0
8,2882,11,False,0,2025-02-25,10,0.0,0.23,0.2,1,25,0,0,1,31.142857142857142,0.0
8,3107,11,False,0,2025-02-25,5,0.0,0.12,0.15,1,25,0,0,1,24.285714285714285,0.0
8,3123,11,False,0,2025-02-25,15,1.0,0.23,0.22,1,25,0,0,1,20.714285714285715,0.0
8,3499,11,False,0,2025-02-25,4,0.0,0.09,0.08,1,25,0,0,1,19.571428571428573,0.0
8,3870,11,False,0,2025-02-25,3,0.0,0.15,0.16,1,25,0,0,1,12.571428571428571,0.0
8,4160,11,False,0,2025-02-25,0,1.0,0.16,0.19,1,25,0,0,1,8.714285714285714,0.0
8,5085,11,False,0,2025-02-25,19,1.0,0.23,0.22,1,25,0,0,1,5.285714285714286,0.0
8,488,1,False,0,2025-02-23,5,1.0,0.14,0.16,6,23,0,1,0,8.0,0.0
8,1985,1,False,0,2025-02-23,8,0.0,0.14,0.17,6,23,0,1,0,7.285714285714286,0.0
8,2735,1,False,0,2025-02-23,7,1.0,0.14,0.17,6,23,0,1,0,7.714285714285714,0.0
8,3664,1,False,0,2025-02-23,3,0.0,0.14,0.16,6,23,0,1,0,6.571428571428571,0.0
8,4052,1,False,0,2025-02-23,5,1.0,0.15,0.17,6,23,0,1,0,6.428571428571429,0.0
8,48,3,True,0,2025-02-23,2,0.0,0.12,0.17,6,23,0,1,0,6.714285714285714,0.0
8,59,3,True,0,2025-02-23,13,0.0,0.02,0.02,6,23,0,1,0,7.0,0.0
8,82,3,True,0,2025-02-23,5,1.0,0.06,0.07,6,23,0,1,0,6.142857142857143,0.0
8,86,3,True,0,2025-02-23,3,0.0,0.12,0.14,6,23,0,1,0,6.142857142857143,0.0
8,87,3,True,0,2025-02-23,9,1.0,0.03,0.04,6,23,0,1,0,5.428571428571429,0.0
8,94,3,True,0,2025-02-23,11,0.0,0.08,0.15,6,23,0,1,0,5.714285714285714,0.0
8,103,3,True,0,2025-02-23,8,1.0,0.06,0.09,6,23,0,1,0,6.857142857142857,0.0
8,106,3,True,0,2025-02-23,2,0.0,0.04,0.06,6,23,0,1,0,7.285714285714286,0.0
8,167,3,True,0,2025-02-23,1,0.0,0.09,0.12,6,23,0,1,0,7.285714285714286,0.0
8,212,3,True,0,2025-02-23,3,0.0,0.05,0.07,6,23,0,1,0,5.571428571428571,0.0
8,234,3,True,0,2025-02-23,2,0.0,0.08,0.1,6,23,0,1,0,5.285714285714286,0.0
8,281,3,True,0,2025-02-23,9,0.0,0.07,0.09,6,23,0,1,0,5.142857142857143,0.0
8,381,3,True,0,2025-02-23,13,0.0,0.04,0.05,6,23,0,1,0,5.142857142857143,0.0
8,415,3,True,0,2025-02-23,3,0.0,0.07,0.1,6,23,0,1,0,5.428571428571429,0.0
8,440,3,True,0,2025-02-23,4,0.0,0.05,0.06,6,23,0,1,0,4.714285714285714,0.0
8,470,3,True,0,2025-02-23,1,0.0,0.07,0.09,6,23,0,1,0,5.0,0.0
8,493,3,True,0,2025-02-23,2,0.0,0.11,0.13,6,23,0,1,0,5.0,0.0
8,516,3,True,0,2025-02-23,0,0.0,0.02,0.02,6,23,0,1,0,4.857142857142857,0.0
8,605,3,True,0,2025-02-23,4,0.0,0.05,0.06,6,23,0,1,0,4.571428571428571,0.0
8,612,3,True,0,2025-02-23,11,3.0,0.03,0.03,6,23,0,1,0,3.857142857142857,0.0
8,620,3,True,0,2025-02-23,3,0.0,0.02,0.02,6,23,0,1,0,3.5714285714285716,0.0
8,650,3,True,0,2025-02-23,6,0.0,0.08,0.11,6,23,0,1,0,3.5714285714285716,0.0
8,686,3,True,0,2025-02-23,3,0.0,0.03,0.05,6,23,0,1,0,3.857142857142857,0.0
8,703,3,True,0,2025-02-23,8,0.0,0.02,0.02,6,23,0,1,0,4.142857142857143,0.0
8,742,3,True,0,2025-02-23,2,0.0,0.04,0.05,6,23,0,1,0,5.0,0.0
8,855,3,True,0,2025-02-23,1,0.0,0.02,0.03,6,23,0,1,0,5.285714285714286,0.0
8,947,3,True,0,2025-02-23,40,0.0,0.01,0.01,6,23,0,1,0,4.857142857142857,0.0
8,1052,3,True,0,2025-02-23,0,1.0,0.02,0.03,6,23,0,1,0,9.0,0.0
8,1071,3,True,0,2025-02-23,3,0.0,0.02,0.05,6,23,0,1,0,8.571428571428571,0.0
8,1103,3,True,0,2025-02-23,25,0.0,0.1,0.14,6,23,0,1,0,8.142857142857142,0.0
8,1105,3,True,0,2025-02-23,7,0.0,0.05,0.07,6,23,0,1,0,11.285714285714286,0.0
8,1120,3,True,0,2025-02-23,4,0.0,0.06,0.09,6,23,0,1,0,11.142857142857142,0.0
8,1175,3,True,0,2025-02-23,2,0.0,0.01,0.03,6,23,0,1,0,11.428571428571429,0.0
8,1190,3,True,0,2025-02-23,3,0.0,0.04,0.05,6,23,0,1,0,11.571428571428571,0.0
8,1223,3,True,0,2025-02-23,2,0.0,0.03,0.05,6,23,0,1,0,6.285714285714286,0.0
8,1235,3,True,0,2025-02-23,1,0.0,0.06,0.08,6,23,0,1,0,6.571428571428571,0.0
8,1261,3,True,0,2025-02-23,5,0.0,0.07,0.09,6,23,0,1,0,6.285714285714286,0.0
8,1291,3,True,0,2025-02-23,7,0.0,0.04,0.05,6,23,0,1,0,3.4285714285714284,0.0
8,1382,3,True,0,2025-02-23,3,0.0,0.05,0.07,6,23,0,1,0,3.4285714285714284,0.0
8,1384,3,True,0,2025-02-23,4,0.0,0.08,0.1,6,23,0,1,0,3.2857142857142856,0.0
8,1390,3,True,0,2025-02-23,5,0.0,0.04,0.06,6,23,0,1,0,3.5714285714285716,0.0
8,1447,3,True,0,2025-02-23,4,0.0,0.08,0.11,6,23,0,1,0,3.857142857142857,0.0
8,1470,3,True,0,2025-02-23,7,1.0,0.06,0.08,6,23,0,1,0,4.142857142857143,0.0
8,1503,3,True,0,2025-02-23,2,0.0,0.17,0.19,6,23,0,1,0,5.0,0.0
8,1505,3,True,0,2025-02-23,16,0.0,0.01,0.02,6,23,0,1,0,4.571428571428571,0.0
8,1531,3,True,0,2025-02-23,5,0.0,0.05,0.08,6,23,0,1,0,5.857142857142857,0.0
8,1576,3,True,0,2025-02-23,3,0.0,0.13,0.16,6,23,0,1,0,6.142857142857143,0.0
8,1610,3,True,0,2025-02-23,36,0.0,0.01,0.01,6,23,0,1,0,6.0,0.0
8,1642,3,True,0,2025-02-23,0,0.0,0.09,0.12,6,23,0,1,0,10.428571428571429,0.0
8,1771,3,True,0,2025-02-23,1,0.0,0.17,0.22,6,23,0,1,0,9.857142857142858,0.0
8,1822,3,True,0,2025-02-23,1,0.0,0.08,0.1,6,23,0,1,0,9.0,0.0
8,1849,3,True,0,2025-02-23,2,0.0,0.05,0.06,6,23,0,1,0,8.857142857142858,0.0
8,1902,3,True,0,2025-02-23,5,0.0,0.03,0.04,6,23,0,1,0,6.857142857142857,0.0
8,1940,3,True,0,2025-02-23,2,0.0,0.04,0.06,6,23,0,1,0,6.857142857142857,0.0
8,1949,3,True,0,2025-02-23,3,0.0,0.04,0.05,6,23,0,1,0,6.714285714285714,0.0
8,1969,3,True,0,2025-02-23,2,0.0,0.13,0.14,6,23,0,1,0,2.0,0.0
8,1988,3,True,0,2025-02-23,3,0.0,0.12,0.16,6,23,0,1,0,2.2857142857142856,0.0
8,1997,3,True,0,2025-02-23,6,1.0,0.01,0.02,6,23,0,1,0,2.5714285714285716,0.0
8,2039,3,True,0,2025-02-23,24,0.0,0.01,0.02,6,23,0,1,0,3.2857142857142856,0.0
8,2040,3,True,0,2025-02-23,0,1.0,0.08,0.11,6,23,0,1,0,6.428571428571429,0.0
8,2048,3,True,0,2025-02-23,3,0.0,0.04,0.06,6,23,0,1,0,5.714285714285714,0.0
8,2062,3,True,0,2025-02-23,2,0.0,0.11,0.13,6,23,0,1,0,5.857142857142857,0.0
8,2110,3,True,0,2025-02-23,5,0.0,0.06,0.08,6,23,0,1,0,5.714285714285714,0.0
8,2127,3,True,0,2025-02-23,25,0.0,0.03,0.03,6,23,0,1,0,6.142857142857143,0.0
8,2151,3,True,0,2025-02-23,0,0.0,0.0,0.01,6,23,0,1,0,9.285714285714286,0.0
8,2185,3,True,0,2025-02-23,7,0.0,0.04,0.05,6,23,0,1,0,8.428571428571429,0.0
8,2236,3,True,0,2025-02-23,8,0.0,0.07,0.09,6,23,0,1,0,6.0,0.0
8,2331,3,True,0,2025-02-23,6,0.0,0.51,0.55,6,23,0,1,0,7.142857142857143,0.0
8,2432,3,True,0,2025-02-23,5,0.0,0.03,0.04,6,23,0,1,0,7.571428571428571,0.0
8,2491,3,True,0,2025-02-23,2,0.0,0.03,0.04,6,23,0,1,0,8.0,0.0
8,2551,3,True,0,2025-02-23,1,0.0,0.02,0.02,6,23,0,1,0,7.571428571428571,0.0
8,2558,3,True,0,2025-02-23,1,0.0,0.08,0.11,6,23,0,1,0,4.142857142857143,0.0
8,2585,3,True,0,2025-02-23,5,0.0,0.03,0.04,6,23,0,1,0,4.285714285714286,0.0
8,2595,3,True,0,2025-02-23,14,0.0,0.0,0.01,6,23,0,1,0,4.0,0.0
8,2700,3,True,0,2025-02-23,21,0.0,0.01,0.01,6,23,0,1,0,4.857142857142857,0.0
8,2805,3,True,0,2025-02-23,6,0.0,0.08,0.11,6,23,0,1,0,7.0,0.0
8,2816,3,True,0,2025-02-23,4,1.0,0.06,0.08,6,23,0,1,0,7.142857142857143,0.0
8,2840,3,True,0,2025-02-23,3,1.0,0.17,0.21,6,23,0,1,0,7.428571428571429,0.0
8,2852,3,True,0,2025-02-23,3,0.0,0.07,0.1,6,23,0,1,0,7.714285714285714,0.0
8,2884,3,True,0,2025-02-23,4,1.0,0.23,0.29,6,23,0,1,0,8.0,0.0
8,2889,3,True,0,2025-02-23,5,0.0,0.03,0.04,6,23,0,1,0,7.857142857142857,0.0
8,3190,3,True,0,2025-02-23,35,0.0,0.02,0.02,6,23,0,1,0,6.571428571428571,0.0
8,3239,3,True,0,2025-02-23,4,0.0,0.06,0.07,6,23,0,1,0,8.571428571428571,0.0
8,3279,3,True,0,2025-02-23,5,0.0,0.02,0.02,6,23,0,1,0,8.285714285714286,0.0
8,3283,3,True,0,2025-02-23,3,0.0,0.1,0.13,6,23,0,1,0,8.428571428571429,0.0
8,3339,3,True,0,2025-02-23,23,4.0,0.01,0.01,6,23,0,1,0,8.428571428571429,0.0
8,3349,3,True,0,2025-02-23,2,0.0,0.27,0.38,6,23,0,1,0,11.285714285714286,0.0
8,3360,3,True,0,2025-02-23,1,0.0,0.02,0.04,6,23,0,1,0,11.0,0.0
8,3556,3,True,0,2025-02-23,1,0.0,0.26,0.32,6,23,0,1,0,10.428571428571429,0.0
8,3693,3,True,0,2025-02-23,9,1.0,0.01,0.01,6,23,0,1,0,5.571428571428571,0.0
8,3717,3,True,0,2025-02-23,0,0.0,0.05,0.06,6,23,0,1,0,6.285714285714286,0.0
8,3768,3,True,0,2025-02-23,3,0.0,0.02,0.02,6,23,0,1,0,5.571428571428571,0.0
8,3786,3,True,0,2025-02-23,0,0.0,0.05,0.16,6,23,0,1,0,5.571428571428571,0.0
8,3862,3,True,0,2025-02-23,1,0.0,0.07,0.09,6,23,0,1,0,2.2857142857142856,0.0
8,3931,3,True,0,2025-02-23,13,0.0,0.01,0.02,6,23,0,1,0,2.142857142857143,0.0
8,3985,3,True,0,2025-02-23,3,1.0,0.12,0.16,6,23,0,1,0,3.857142857142857,0.0
8,4059,3,True,0,2025-02-23,6,0.0,0.33,0.34,6,23,0,1,0,4.142857142857143,0.0
8,4101,3,True,0,2025-02-23,8,0.0,0.13,0.15,6,23,0,1,0,3.7142857142857144,0.0
8,4144,3,True,0,2025-02-23,21,2.0,0.02,0.03,6,23,0,1,0,4.857142857142857,0.0
8,4176,3,True,0,2025-02-23,5,0.0,0.03,0.05,6,23,0,1,0,7.428571428571429,0.0
8,4204,3,True,0,2025-02-23,0,0.0,0.14,0.17,6,23,0,1,0,8.142857142857142,0.0
8,4205,3,True,0,2025-02-23,30,0.0,0.02,0.02,6,23,0,1,0,8.0,0.0
8,4215,3,True,0,2025-02-23,2,0.0,0.03,0.07,6,23,0,1,0,10.428571428571429,0.0
8,4252,3,True,0,2025-02-23,2,0.0,0.02,0.03,6,23,0,1,0,10.285714285714286,0.0
8,4321,3,True,0,2025-02-23,0,1.0,0.1,0.11,6,23,0,1,0,9.714285714285714,0.0
8,4333,3,True,0,2025-02-23,2,0.0,0.21,0.26,6,23,0,1,0,8.571428571428571,0.0
8,4426,3,True,0,2025-02-23,40,0.0,0.03,0.05,6,23,0,1,0,5.857142857142857,0.0
8,4433,3,True,0,2025-02-23,1,0.0,0.05,0.07,6,23,0,1,0,10.857142857142858,0.0
8,4439,3,True,0,2025-02-23,27,0.0,0.02,0.02,6,23,0,1,0,11.0,0.0
8,4447,3,True,0,2025-02-23,6,0.0,0.02,0.03,6,23,0,1,0,10.571428571428571,0.0
8,4461,3,True,0,2025-02-23,9,0.0,0.03,0.03,6,23,0,1,0,11.142857142857142,0.0
8,4470,3,True,0,2025-02-23,2,0.0,0.07,0.09,6,23,0,1,0,12.142857142857142,0.0
8,4488,3,True,0,2025-02-23,3,0.0,0.01,0.03,6,23,0,1,0,12.428571428571429,0.0
8,4504,3,True,0,2025-02-23,2,0.0,0.03,0.04,6,23,0,1,0,12.571428571428571,0.0
8,4523,3,True,0,2025-02-23,1,1.0,0.06,0.09,6,23,0,1,0,7.142857142857143,0.0
8,4596,3,True,0,2025-02-23,4,0.0,0.07,0.08,6,23,0,1,0,7.142857142857143,0.0
8,4633,3,True,0,2025-02-23,4,0.0,0.04,0.06,6,23,0,1,0,3.857142857142857,0.0
8,4713,3,True,0,2025-02-23,2,0.0,0.04,0.06,6,23,0,1,0,3.5714285714285716,0.0
8,4722,3,True,0,2025-02-23,7,0.0,0.04,0.06,6,23,0,1,0,2.5714285714285716,0.0
8,4766,3,True,0,2025-02-23,5,0.0,0.03,0.04,6,23,0,1,0,3.2857142857142856,0.0
8,4786,3,True,0,2025-02-23,5,0.0,0.03,0.04,6,23,0,1,0,3.5714285714285716,0.0
8,4800,3,True,0,2025-02-23,6,1.0,0.08,0.11,6,23,0,1,0,4.0,0.0
8,4809,3,True,0,2025-02-23,2,0.0,0.1,0.16,6,23,0,1,0,4.714285714285714,0.0
8,4810,3,True,0,2025-02-23,4,0.0,0.03,0.04,6,23,0,1,0,4.428571428571429,0.0
8,4818,3,True,0,2025-02-23,5,0.0,0.04,0.07,6,23,0,1,0,4.428571428571429,0.0
8,4826,3,True,0,2025-02-23,13,0.0,0.12,0.17,6,23,0,1,0,4.857142857142857,0.0
8,4847,3,True,0,2025-02-23,13,5.0,0.1,0.13,6,23,0,1,0,5.714285714285714,0.0
8,4889,3,True,0,2025-02-23,4,0.0,0.03,0.04,6,23,0,1,0,6.857142857142857,0.0
8,4952,3,True,0,2025-02-23,3,0.0,0.24,0.28,6,23,0,1,0,6.714285714285714,0.0
8,4960,3,True,0,2025-02-23,2,0.0,0.02,0.03,6,23,0,1,0,6.285714285714286,0.0
8,5029,3,True,0,2025-02-23,7,0.0,0.06,0.08,6,23,0,1,0,6.285714285714286,0.0
8,5057,3,True,0,2025-02-23,2,0.0,0.06,0.09,6,23,0,1,0,6.714285714285714,0.0
8,5060,3,True,0,2025-02-23,1,0.0,0.06,0.08,6,23,0,1,0,6.285714285714286,0.0
8,5082,3,True,0,2025-02-23,4,0.0,0.04,0.06,6,23,0,1,0,4.571428571428571,0.0
8,5090,3,True,0,2025-02-23,3,0.0,0.05,0.06,6,23,0,1,0,3.2857142857142856,0.0
8,5153,3,True,0,2025-02-23,1,0.0,0.09,0.12,6,23,0,1,0,3.142857142857143,0.0
8,5167,3,True,0,2025-02-23,2,0.0,0.05,0.07,6,23,0,1,0,2.857142857142857,0.0
8,5176,3,True,0,2025-02-23,1,0.0,0.23,0.35,6,23,0,1,0,2.857142857142857,0.0
8,5183,3,True,0,2025-02-23,2,0.0,0.03,0.04,6,23,0,1,0,2.0,0.0
8,5259,3,True,0,2025-02-23,2,0.0,0.06,0.09,6,23,0,1,0,2.0,0.0
8,4,4,False,0,2025-02-23,3,0.0,0.12,0.15,6,23,0,1,0,2.142857142857143,0.0
8,19,4,False,0,2025-02-23,6,0.0,0.01,0.03,6,23,0,1,0,2.0,0.0
8,31,4,False,0,2025-02-23,1,0.0,0.02,0.03,6,23,0,1,0,2.4285714285714284,0.0
8,34,4,False,0,2025-02-23,2,0.0,0.01,0.01,6,23,0,1,0,2.4285714285714284,0.0
8,47,4,False,0,2025-02-23,5,0.0,0.01,0.01,6,23,0,1,0,2.4285714285714284,0.0
8,61,4,False,0,2025-02-23,4,0.0,0.01,0.02,6,23,0,1,0,3.0,0.0
8,70,4,False,0,2025-02-23,4,0.0,0.03,0.06,6,23,0,1,0,3.2857142857142856,0.0
8,91,4,False,0,2025-02-23,4,0.0,0.03,0.03,6,23,0,1,0,3.5714285714285716,0.0
8,107,4,False,0,2025-02-23,3,0.0,0.03,0.04,6,23,0,1,0,3.7142857142857144,0.0
8,122,4,False,0,2025-02-23,2,0.0,0.03,0.04,6,23,0,1,0,3.2857142857142856,0.0
8,155,4,False,0,2025-02-23,3,0.0,0.04,0.0,6,23,0,1,0,3.4285714285714284,0.0
8,200,4,False,0,2025-02-23,3,0.0,0.04,0.05,6,23,0,1,0,3.5714285714285716,0.0
8,248,4,False,0,2025-02-23,3,0.0,0.05,0.07,6,23,0,1,0,3.2857142857142856,0.0
8,249,4,False,0,2025-02-23,2,0.0,0.13,0.14,6,23,0,1,0,3.142857142857143,0.0
8,283,4,False,0,2025-02-23,3,0.0,0.03,0.05,6,23,0,1,0,2.857142857142857,0.0
8,355,4,False,0,2025-02-23,3,0.0,0.02,0.03,6,23,0,1,0,2.7142857142857144,0.0
8,363,4,False,0,2025-02-23,0,0.0,0.01,0.01,6,23,0,1,0,2.7142857142857144,0.0
8,371,4,False,0,2025-02-23,3,0.0,0.01,0.01,6,23,0,1,0,2.4285714285714284,0.0
8,393,4,False,0,2025-02-23,2,0.0,0.02,0.03,6,23,0,1,0,2.4285714285714284,0.0
8,442,4,False,0,2025-02-23,2,0.0,0.05,0.07,6,23,0,1,0,2.2857142857142856,0.0
8,495,4,False,0,2025-02-23,3,0.0,0.02,0.03,6,23,0,1,0,2.142857142857143,0.0
8,523,4,False,0,2025-02-23,3,0.0,0.03,0.05,6,23,0,1,0,2.2857142857142856,0.0
8,538,4,False,0,2025-02-23,2,0.0,0.02,0.04,6,23,0,1,0,2.2857142857142856,0.0
8,542,4,False,0,2025-02-23,4,0.0,0.04,0.06,6,23,0,1,0,2.142857142857143,0.0
8,544,4,False,0,2025-02-23,4,0.0,0.02,0.04,6,23,0,1,0,2.7142857142857144,0.0
8,564,4,False,0,2025-02-23,2,0.0,0.02,0.03,6,23,0,1,0,2.857142857142857,0.0
8,610,4,False,0,2025-02-23,5,0.0,0.04,0.05,6,23,0,1,0,2.857142857142857,0.0
8,619,4,False,0,2025-02-23,0,0.0,0.04,0.05,6,23,0,1,0,3.2857142857142856,0.0
8,636,4,False,0,2025-02-23,3,0.0,0.02,0.03,6,23,0,1,0,2.857142857142857,0.0
8,645,4,False,0,2025-02-23,3,0.0,0.01,0.02,6,23,0,1,0,2.857142857142857,0.0
8,653,4,False,0,2025-02-23,5,0.0,0.02,0.03,6,23,0,1,0,3.0,0.0
8,668,4,False,0,2025-02-23,3,1.0,0.03,0.04,6,23,0,1,0,3.142857142857143,0.0
8,701,4,False,0,2025-02-23,4,0.0,0.02,0.04,6,23,0,1,0,3.0,0.0
8,717,4,False,0,2025-02-23,4,0.0,0.05,0.07,6,23,0,1,0,3.2857142857142856,0.0
8,768,4,False,0,2025-02-23,6,0.0,0.03,0.04,6,23,0,1,0,3.142857142857143,0.0
8,769,4,False,0,2025-02-23,5,0.0,0.01,0.01,6,23,0,1,0,4.0,0.0
8,780,4,False,0,2025-02-23,6,0.0,0.03,0.04,6,23,0,1,0,4.285714285714286,0.0
8,794,4,False,0,2025-02-23,1,0.0,0.03,0.05,6,23,0,1,0,4.714285714285714,0.0
8,854,4,False,0,2025-02-23,2,0.0,0.05,0.06,6,23,0,1,0,4.142857142857143,0.0
8,858,4,False,0,2025-02-23,2,0.0,0.04,0.06,6,23,0,1,0,4.0,0.0
8,864,4,False,0,2025-02-23,4,0.0,0.02,0.03,6,23,0,1,0,3.7142857142857144,0.0
8,875,4,False,0,2025-02-23,6,0.0,0.02,0.03,6,23,0,1,0,3.7142857142857144,0.0
8,891,4,False,0,2025-02-23,4,0.0,0.03,0.04,6,23,0,1,0,3.7142857142857144,0.0
8,961,4,False,0,2025-02-23,2,0.0,0.05,0.05,6,23,0,1,0,3.5714285714285716,0.0
8,1017,4,False,0,2025-02-23,3,0.0,0.03,0.04,6,23,0,1,0,3.0,0.0
8,1047,4,False,0,2025-02-23,4,0.0,0.09,0.14,6,23,0,1,0,3.2857142857142856,0.0
8,1057,4,False,0,2025-02-23,3,0.0,0.04,0.07,6,23,0,1,0,3.5714285714285716,0.0
8,1095,4,False,0,2025-02-23,0,0.0,0.03,0.05,6,23,0,1,0,3.7142857142857144,0.0
8,1107,4,False,0,2025-02-23,2,0.0,0.02,0.03,6,23,0,1,0,3.142857142857143,0.0
8,1161,4,False,0,2025-02-23,2,0.0,0.02,0.03,6,23,0,1,0,2.5714285714285716,0.0
8,1177,4,False,0,2025-02-23,4,0.0,0.1,0.15,6,23,0,1,0,2.2857142857142856,0.0
8,1189,4,False,0,2025-02-23,2,0.0,0.02,0.04,6,23,0,1,0,2.5714285714285716,0.0
8,1193,4,False,0,2025-02-23,4,0.0,0.02,0.03,6,23,0,1,0,2.4285714285714284,0.0
8,1202,4,False,0,2025-02-23,3,0.0,0.02,0.04,6,23,0,1,0,2.4285714285714284,0.0
8,1215,4,False,0,2025-02-23,2,1.0,0.01,0.02,6,23,0,1,0,2.4285714285714284,0.0
8,1224,4,False,0,2025-02-23,0,0.0,0.04,0.05,6,23,0,1,0,2.7142857142857144,0.0
8,1267,4,False,0,2025-02-23,2,1.0,0.07,0.09,6,23,0,1,0,2.4285714285714284,0.0
8,1293,4,False,0,2025-02-23,6,0.0,0.03,0.04,6,23,0,1,0,2.4285714285714284,0.0
8,1303,4,False,0,2025-02-23,4,0.0,0.06,0.07,6,23,0,1,0,2.7142857142857144,0.0
8,1338,4,False,0,2025-02-23,2,0.0,0.06,0.09,6,23,0,1,0,3.0,0.0
8,1344,4,False,0,2025-02-23,0,2.0,0.06,0.09,6,23,0,1,0,2.7142857142857144,0.0
8,1350,4,False,0,2025-02-23,1,0.0,0.03,0.05,6,23,0,1,0,2.2857142857142856,0.0
8,1367,4,False,0,2025-02-23,4,0.0,0.02,0.03,6,23,0,1,0,2.142857142857143,0.0
8,1404,4,False,0,2025-02-23,3,1.0,0.02,0.04,6,23,0,1,0,2.7142857142857144,0.0
8,1421,4,False,0,2025-02-23,4,0.0,0.02,0.03,6,23,0,1,0,2.857142857142857,0.0
8,1448,4,False,0,2025-02-23,2,0.0,0.06,0.07,6,23,0,1,0,2.5714285714285716,0.0
8,1466,4,False,0,2025-02-23,0,0.0,0.02,0.03,6,23,0,1,0,2.2857142857142856,0.0
8,1479,4,False,0,2025-02-23,5,0.0,0.05,0.06,6,23,0,1,0,2.0,0.0
8,1483,4,False,0,2025-02-23,7,0.0,0.02,0.04,6,23,0,1,0,2.7142857142857144,0.0
8,1498,4,False,0,2025-02-23,5,0.0,0.12,0.17,6,23,0,1,0,3.5714285714285716,0.0
8,1517,4,False,0,2025-02-23,2,0.0,0.02,0.03,6,23,0,1,0,3.7142857142857144,0.0
8,1533,4,False,0,2025-02-23,2,0.0,0.05,0.07,6,23,0,1,0,3.5714285714285716,0.0
8,1606,4,False,0,2025-02-23,7,0.0,0.04,0.05,6,23,0,1,0,3.2857142857142856,0.0
8,1622,4,False,0,2025-02-23,6,0.0,0.07,0.09,6,23,0,1,0,4.0,0.0
8,1624,4,False,0,2025-02-23,2,0.0,0.04,0.06,6,23,0,1,0,4.857142857142857,0.0
8,1625,4,False,0,2025-02-23,2,1.0,0.03,0.04,6,23,0,1,0,4.428571428571429,0.0
8,1634,4,False,0,2025-02-23,3,0.0,0.05,0.06,6,23,0,1,0,3.7142857142857144,0.0
8,1648,4,False,0,2025-02-23,5,0.0,0.03,0.04,6,23,0,1,0,3.4285714285714284,0.0
8,1654,4,False,0,2025-02-23,4,0.0,0.01,0.02,6,23,0,1,0,3.857142857142857,0.0
8,1672,4,False,0,2025-02-23,2,1.0,0.02,0.02,6,23,0,1,0,4.142857142857143,0.0
8,1693,4,False,0,2025-02-23,4,0.0,0.02,0.04,6,23,0,1,0,3.4285714285714284,0.0
8,1805,4,False,0,2025-02-23,3,0.0,0.04,0.07,6,23,0,1,0,3.142857142857143,0.0
8,1806,4,False,0,2025-02-23,3,0.0,0.08,0.12,6,23,0,1,0,3.2857142857142856,0.0
8,1824,4,False,0,2025-02-23,2,1.0,0.01,0.01,6,23,0,1,0,3.4285714285714284,0.0
8,1836,4,False,0,2025-02-23,3,0.0,0.04,0.06,6,23,0,1,0,3.2857142857142856,0.0
8,1838,4,False,0,2025-02-23,3,0.0,0.01,0.01,6,23,0,1,0,3.0,0.0
8,1842,4,False,0,2025-02-23,2,1.0,0.01,0.01,6,23,0,1,0,2.857142857142857,0.0
8,1856,4,False,0,2025-02-23,2,0.0,0.02,0.04,6,23,0,1,0,2.857142857142857,0.0
8,1861,4,False,0,2025-02-23,2,0.0,0.02,0.03,6,23,0,1,0,2.5714285714285716,0.0
8,1869,4,False,0,2025-02-23,3,0.0,0.01,0.01,6,23,0,1,0,2.4285714285714284,0.0
8,1870,4,False,0,2025-02-23,2,0.0,0.04,0.06,6,23,0,1,0,2.4285714285714284,0.0
8,1894,4,False,0,2025-02-23,3,0.0,0.03,0.04,6,23,0,1,0,2.4285714285714284,0.0
8,1928,4,False,0,2025-02-23,0,0.0,0.01,0.01,6,23,0,1,0,2.4285714285714284,0.0
8,1942,4,False,0,2025-02-23,4,0.0,0.01,0.02,6,23,0,1,0,2.0,0.0
8,1958,4,False,0,2025-02-23,1,0.0,0.04,0.06,6,23,0,1,0,2.2857142857142856,0.0
8,1959,4,False,0,2025-02-23,10,0.0,0.05,0.08,6,23,0,1,0,2.142857142857143,0.0
8,1968,4,False,0,2025-02-23,5,0.0,0.03,0.05,6,23,0,1,0,3.2857142857142856,0.0
8,1996,4,False,0,2025-02-23,5,0.0,0.01,0.02,6,23,0,1,0,3.5714285714285716,0.0
8,1999,4,False,0,2025-02-23,1,0.0,0.01,0.01,6,23,0,1,0,4.0,0.0
8,2022,4,False,0,2025-02-23,5,0.0,0.03,0.05,6,23,0,1,0,3.7142857142857144,0.0
8,2024,4,False,0,2025-02-23,2,0.0,0.02,0.04,6,23,0,1,0,4.428571428571429,0.0
8,2064,4,False,0,2025-02-23,3,0.0,0.02,0.03,6,23,0,1,0,4.142857142857143,0.0
8,2092,4,False,0,2025-02-23,3,0.0,0.04,0.06,6,23,0,1,0,4.428571428571429,0.0
8,2097,4,False,0,2025-02-23,2,0.0,0.03,0.05,6,23,0,1,0,3.4285714285714284,0.0
8,2103,4,False,0,2025-02-23,3,0.0,0.01,0.02,6,23,0,1,0,3.0,0.0
8,2137,4,False,0,2025-02-23,1,0.0,0.04,0.06,6,23,0,1,0,2.7142857142857144,0.0
8,2150,4,False,0,2025-02-23,1,0.0,0.01,0.02,6,23,0,1,0,2.7142857142857144,0.0
8,2180,4,False,0,2025-02-23,3,0.0,0.05,0.08,6,23,0,1,0,2.142857142857143,0.0
8,2239,4,False,0,2025-02-23,3,0.0,0.03,0.04,6,23,0,1,0,2.2857142857142856,0.0
8,2252,4,False,0,2025-02-23,1,3.0,0.02,0.01,6,23,0,1,0,2.2857142857142856,0.0
8,2297,4,False,0,2025-02-23,3,0.0,0.14,0.15,6,23,0,1,0,2.0,0.0
8,2320,4,False,0,2025-02-23,2,0.0,0.03,0.04,6,23,0,1,0,2.142857142857143,0.0
8,2355,4,False,0,2025-02-23,1,0.0,0.05,0.09,6,23,0,1,0,2.0,0.0
8,2369,4,False,0,2025-02-23,4,0.0,0.03,0.05,6,23,0,1,0,2.0,0.0
8,2423,4,False,0,2025-02-23,4,0.0,0.02,0.03,6,23,0,1,0,2.4285714285714284,0.0
8,2456,4,False,0,2025-02-23,2,0.0,0.02,0.03,6,23,0,1,0,2.5714285714285716,0.0
8,2495,4,False,0,2025-02-23,0,0.0,0.05,0.08,6,23,0,1,0,2.4285714285714284,0.0
8,2517,4,False,0,2025-02-23,3,0.0,0.05,0.09,6,23,0,1,0,2.2857142857142856,0.0
8,2550,4,False,0,2025-02-23,3,0.0,0.03,0.05,6,23,0,1,0,2.2857142857142856,0.0
8,2569,4,False,0,2025-02-23,2,0.0,0.01,0.02,6,23,0,1,0,2.4285714285714284,0.0
8,2586,4,False,0,2025-02-23,2,0.0,0.04,0.06,6,23,0,1,0,2.5714285714285716,0.0
8,2644,4,False,0,2025-02-23,2,0.0,0.05,0.08,6,23,0,1,0,2.2857142857142856,0.0
8,2711,4,False,0,2025-02-23,5,0.0,0.04,0.06,6,23,0,1,0,2.0,0.0
8,2750,4,False,0,2025-02-23,2,0.0,0.01,0.01,6,23,0,1,0,2.4285714285714284,0.0
8,2773,4,False,0,2025-02-23,4,0.0,0.02,0.04,6,23,0,1,0,2.7142857142857144,0.0
8,2800,4,False,0,2025-02-23,9,0.0,0.03,0.04,6,23,0,1,0,2.857142857142857,0.0
8,2908,4,False,0,2025-02-23,2,0.0,0.03,0.04,6,23,0,1,0,3.7142857142857144,0.0
8,2943,4,False,0,2025-02-23,3,0.0,0.02,0.03,6,23,0,1,0,3.7142857142857144,0.0
8,2955,4,False,0,2025-02-23,4,0.0,0.01,0.02,6,23,0,1,0,3.857142857142857,0.0
8,2973,4,False,0,2025-02-23,4,0.0,0.04,0.05,6,23,0,1,0,4.142857142857143,0.0
8,2995,4,False,0,2025-02-23,4,0.0,0.05,0.07,6,23,0,1,0,4.0,0.0
8,3003,4,False,0,2025-02-23,5,1.0,0.02,0.04,6,23,0,1,0,4.285714285714286,0.0
8,3029,4,False,0,2025-02-23,3,0.0,0.09,0.12,6,23,0,1,0,4.428571428571429,0.0
8,3127,4,False,0,2025-02-23,4,0.0,0.12,0.18,6,23,0,1,0,3.5714285714285716,0.0
8,3130,4,False,0,2025-02-23,6,0.0,0.14,0.22,6,23,0,1,0,3.857142857142857,0.0
8,3166,4,False,0,2025-02-23,3,0.0,0.01,0.01,6,23,0,1,0,4.285714285714286,0.0
8,3169,4,False,0,2025-02-23,3,0.0,0.02,0.03,6,23,0,1,0,4.142857142857143,0.0
8,3174,4,False,0,2025-02-23,4,0.0,0.01,0.01,6,23,0,1,0,4.0,0.0
8,3222,4,False,0,2025-02-23,2,0.0,0.02,0.04,6,23,0,1,0,4.0,0.0
8,3281,4,False,0,2025-02-23,2,0.0,0.06,0.08,6,23,0,1,0,3.5714285714285716,0.0
8,3344,4,False,0,2025-02-23,2,0.0,0.04,0.05,6,23,0,1,0,3.4285714285714284,0.0
8,3374,4,False,0,2025-02-23,2,0.0,0.06,0.09,6,23,0,1,0,3.142857142857143,0.0
8,3376,4,False,0,2025-02-23,4,0.0,0.03,0.05,6,23,0,1,0,2.5714285714285716,0.0
8,3400,4,False,0,2025-02-23,12,0.0,0.01,0.01,6,23,0,1,0,2.7142857142857144,0.0
8,3425,4,False,0,2025-02-23,0,0.0,0.01,0.01,6,23,0,1,0,4.0,0.0
8,3428,4,False,0,2025-02-23,2,0.0,0.04,0.06,6,23,0,1,0,3.4285714285714284,0.0
8,3442,4,False,0,2025-02-23,4,0.0,0.07,0.1,6,23,0,1,0,3.4285714285714284,0.0
8,3459,4,False,0,2025-02-23,2,0.0,0.04,0.07,6,23,0,1,0,3.7142857142857144,0.0
8,3460,4,False,0,2025-02-23,4,0.0,0.02,0.03,6,23,0,1,0,3.7142857142857144,0.0
8,3462,4,False,0,2025-02-23,2,0.0,0.03,0.05,6,23,0,1,0,4.0,0.0
8,3471,4,False,0,2025-02-23,4,0.0,0.03,0.04,6,23,0,1,0,3.7142857142857144,0.0
8,3497,4,False,0,2025-02-23,5,0.0,0.04,0.06,6,23,0,1,0,2.5714285714285716,0.0
8,3511,4,False,0,2025-02-23,3,0.0,0.04,0.07,6,23,0,1,0,3.2857142857142856,0.0
8,3603,4,False,0,2025-02-23,3,0.0,0.04,0.06,6,23,0,1,0,3.4285714285714284,0.0
8,3618,4,False,0,2025-02-23,5,0.0,0.12,0.17,6,23,0,1,0,3.2857142857142856,0.0
8,3669,4,False,0,2025-02-23,2,0.0,0.01,0.01,6,23,0,1,0,3.7142857142857144,0.0
8,3670,4,False,0,2025-02-23,4,0.0,0.03,0.05,6,23,0,1,0,3.4285714285714284,0.0
8,3671,4,False,0,2025-02-23,4,0.0,0.04,0.07,6,23,0,1,0,3.7142857142857144,0.0
8,3678,4,False,0,2025-02-23,1,0.0,0.03,0.05,6,23,0,1,0,3.7142857142857144,0.0
8,3685,4,False,0,2025-02-23,0,0.0,0.03,0.05,6,23,0,1,0,3.142857142857143,0.0
8,3720,4,False,0,2025-02-23,0,0.0,0.05,0.06,6,23,0,1,0,2.7142857142857144,0.0
8,3738,4,False,0,2025-02-23,1,0.0,0.01,0.01,6,23,0,1,0,2.2857142857142856,0.0
8,3744,4,False,0,2025-02-23,4,0.0,0.04,0.05,6,23,0,1,0,1.7142857142857142,0.0
8,3797,4,False,0,2025-02-23,5,0.0,0.03,0.04,6,23,0,1,0,2.0,0.0
8,3799,4,False,0,2025-02-23,2,1.0,0.03,0.05,6,23,0,1,0,2.142857142857143,0.0
8,3820,4,False,0,2025-02-23,4,0.0,0.02,0.04,6,23,0,1,0,1.8571428571428572,0.0
8,3821,4,False,0,2025-02-23,3,0.0,0.04,0.05,6,23,0,1,0,2.2857142857142856,0.0
8,3826,4,False,0,2025-02-23,4,0.0,0.02,0.04,6,23,0,1,0,2.7142857142857144,0.0
8,3831,4,False,0,2025-02-23,3,0.0,0.01,0.02,6,23,0,1,0,3.2857142857142856,0.0
8,3858,4,False,0,2025-02-23,2,0.0,0.06,0.08,6,23,0,1,0,3.5714285714285716,0.0
8,3894,4,False,0,2025-02-23,5,0.0,0.02,0.03,6,23,0,1,0,3.2857142857142856,0.0
8,3898,4,False,0,2025-02-23,4,0.0,0.06,0.1,6,23,0,1,0,3.2857142857142856,0.0
8,3913,4,False,0,2025-02-23,4,0.0,0.03,0.05,6,23,0,1,0,3.5714285714285716,0.0
8,3917,4,False,0,2025-02-23,4,0.0,0.01,0.01,6,23,0,1,0,3.5714285714285716,0.0
8,3925,4,False,0,2025-02-23,0,0.0,0.03,0.05,6,23,0,1,0,3.7142857142857144,0.0
8,3940,4,False,0,2025-02-23,3,0.0,0.05,0.06,6,23,0,1,0,3.142857142857143,0.0
8,3954,4,False,0,2025-02-23,0,0.0,0.02,0.03,6,23,0,1,0,3.142857142857143,0.0
8,3966,4,False,0,2025-02-23,0,0.0,0.02,0.04,6,23,0,1,0,2.857142857142857,0.0
8,3969,4,False,0,2025-02-23,1,0.0,0.01,0.03,6,23,0,1,0,2.142857142857143,0.0
8,3977,4,False,0,2025-02-23,4,0.0,0.06,0.08,6,23,0,1,0,1.7142857142857142,0.0
8,4001,4,False,0,2025-02-23,2,0.0,0.04,0.06,6,23,0,1,0,1.7142857142857142,0.0
8,4034,4,False,0,2025-02-23,3,0.0,0.08,0.11,6,23,0,1,0,1.4285714285714286,0.0
8,4054,4,False,0,2025-02-23,1,0.0,0.02,0.04,6,23,0,1,0,1.8571428571428572,0.0
8,4061,4,False,0,2025-02-23,7,0.0,0.05,0.07,6,23,0,1,0,1.5714285714285714,0.0
8,4086,4,False,0,2025-02-23,3,0.0,0.01,0.02,6,23,0,1,0,2.5714285714285716,0.0
8,4096,4,False,0,2025-02-23,1,1.0,0.05,0.07,6,23,0,1,0,3.0,0.0
8,4142,4,False,0,2025-02-23,4,0.0,0.02,0.03,6,23,0,1,0,3.0,0.0
8,4156,4,False,0,2025-02-23,2,2.0,0.03,0.04,6,23,0,1,0,3.0,0.0
8,4229,4,False,0,2025-02-23,3,0.0,0.02,0.04,6,23,0,1,0,3.0,0.0
8,4244,4,False,0,2025-02-23,2,0.0,0.03,0.04,6,23,0,1,0,3.0,0.0
8,4264,4,False,0,2025-02-23,3,0.0,0.05,0.07,6,23,0,1,0,3.142857142857143,0.0
8,4331,4,False,0,2025-02-23,5,0.0,0.01,0.01,6,23,0,1,0,2.5714285714285716,0.0
8,4365,4,False,0,2025-02-23,0,0.0,0.04,0.06,6,23,0,1,0,2.857142857142857,0.0
8,4366,4,False,0,2025-02-23,4,0.0,0.05,0.06,6,23,0,1,0,2.7142857142857144,0.0
8,4420,4,False,0,2025-02-23,6,0.0,0.02,0.02,6,23,0,1,0,2.7142857142857144,0.0
8,4436,4,False,0,2025-02-23,2,0.0,0.02,0.03,6,23,0,1,0,3.2857142857142856,0.0
8,4444,4,False,0,2025-02-23,2,0.0,0.07,0.1,6,23,0,1,0,3.142857142857143,0.0
8,4450,4,False,0,2025-02-23,4,0.0,0.02,0.03,6,23,0,1,0,3.142857142857143,0.0
8,4458,4,False,0,2025-02-23,11,0.0,0.03,0.05,6,23,0,1,0,3.2857142857142856,0.0
8,4465,4,False,0,2025-02-23,4,0.0,0.02,0.04,6,23,0,1,0,4.142857142857143,0.0
8,4472,4,False,0,2025-02-23,5,0.0,0.01,0.01,6,23,0,1,0,4.714285714285714,0.0
8,4507,4,False,0,2025-02-23,4,0.0,0.03,0.04,6,23,0,1,0,4.857142857142857,0.0
8,4525,4,False,0,2025-02-23,3,0.0,0.01,0.03,6,23,0,1,0,4.571428571428571,0.0
8,4536,4,False,0,2025-02-23,4,0.0,0.01,0.01,6,23,0,1,0,4.714285714285714,0.0
8,4564,4,False,0,2025-02-23,2,1.0,0.02,0.04,6,23,0,1,0,5.0,0.0
8,4568,4,False,0,2025-02-23,5,0.0,0.01,0.01,6,23,0,1,0,4.714285714285714,0.0
8,4604,4,False,0,2025-02-23,6,0.0,0.02,0.03,6,23,0,1,0,3.857142857142857,0.0
8,4610,4,False,0,2025-02-23,2,0.0,0.06,0.09,6,23,0,1,0,4.142857142857143,0.0
8,4620,4,False,0,2025-02-23,4,0.0,0.02,0.04,6,23,0,1,0,3.7142857142857144,0.0
8,4648,4,False,0,2025-02-23,3,0.0,0.05,0.07,6,23,0,1,0,3.7142857142857144,0.0
8,4700,4,False,0,2025-02-23,4,0.0,0.02,0.03,6,23,0,1,0,3.7142857142857144,0.0
8,4741,4,False,0,2025-02-23,5,0.0,0.02,0.05,6,23,0,1,0,3.7142857142857144,0.0
8,4759,4,False,0,2025-02-23,4,0.0,0.03,0.04,6,23,0,1,0,4.142857142857143,0.0
8,4770,4,False,0,2025-02-23,2,0.0,0.03,0.05,6,23,0,1,0,4.0,0.0
8,4774,4,False,0,2025-02-23,4,0.0,0.03,0.04,6,23,0,1,0,3.4285714285714284,0.0
8,4903,4,False,0,2025-02-23,4,0.0,0.01,0.01,6,23,0,1,0,3.7142857142857144,0.0
8,4915,4,False,0,2025-02-23,5,0.0,0.01,0.02,6,23,0,1,0,3.7142857142857144,0.0
8,4929,4,False,0,2025-02-23,0,0.0,0.03,0.04,6,23,0,1,0,4.0,0.0
8,4961,4,False,0,2025-02-23,7,0.0,0.03,0.03,6,23,0,1,0,3.4285714285714284,0.0
8,4987,4,False,0,2025-02-23,3,0.0,0.02,0.03,6,23,0,1,0,3.7142857142857144,0.0
8,4992,4,False,0,2025-02-23,1,1.0,0.04,0.06,6,23,0,1,0,3.5714285714285716,0.0
8,4997,4,False,0,2025-02-23,2,0.0,0.07,0.1,6,23,0,1,0,3.4285714285714284,0.0
8,4998,4,False,0,2025-02-23,3,0.0,0.01,0.01,6,23,0,1,0,3.142857142857143,0.0
8,5008,4,False,0,2025-02-23,2,0.0,0.02,0.03,6,23,0,1,0,3.0,0.0
8,5048,4,False,0,2025-02-23,1,0.0,0.01,0.02,6,23,0,1,0,2.5714285714285716,0.0
8,5091,4,False,0,2025-02-23,3,0.0,0.06,0.08,6,23,0,1,0,2.7142857142857144,0.0
8,5100,4,False,0,2025-02-23,3,0.0,0.02,0.03,6,23,0,1,0,2.142857142857143,0.0
8,5112,4,False,0,2025-02-23,1,1.0,0.02,0.04,6,23,0,1,0,2.142857142857143,0.0
8,5118,4,False,0,2025-02-23,2,0.0,0.05,0.07,6,23,0,1,0,2.142857142857143,0.0
8,5120,4,False,0,2025-02-23,0,0.0,0.02,0.03,6,23,0,1,0,2.142857142857143,0.0
8,5123,4,False,0,2025-02-23,7,0.0,0.02,0.04,6,23,0,1,0,1.7142857142857142,0.0
8,5130,4,False,0,2025-02-23,5,0.0,0.02,0.03,6,23,0,1,0,2.4285714285714284,0.0
8,5149,4,False,0,2025-02-23,2,0.0,0.12,0.14,6,23,0,1,0,3.0,0.0
8,5163,4,False,0,2025-02-23,1,0.0,0.05,0.09,6,23,0,1,0,2.857142857142857,0.0
8,5169,4,False,0,2025-02-23,2,0.0,0.06,0.08,6,23,0,1,0,2.5714285714285716,0.0
8,5172,4,False,0,2025-02-23,4,0.0,0.04,0.04,6,23,0,1,0,2.7142857142857144,0.0
8,5177,4,False,0,2025-02-23,2,0.0,0.01,0.01,6,23,0,1,0,3.0,0.0
8,5199,4,False,0,2025-02-23,2,0.0,0.02,0.02,6,23,0,1,0,3.2857142857142856,0.0
8,5234,4,False,0,2025-02-23,2,0.0,0.02,0.03,6,23,0,1,0,2.5714285714285716,0.0
8,5241,4,False,0,2025-02-23,2,0.0,0.01,0.01,6,23,0,1,0,2.142857142857143,0.0
8,5247,4,False,0,2025-02-23,5,0.0,0.02,0.02,6,23,0,1,0,2.142857142857143,0.0
8,5267,4,False,0,2025-02-23,3,0.0,0.02,0.03,6,23,0,1,0,2.7142857142857144,0.0
8,5269,4,False,0,2025-02-23,2,0.0,0.01,0.01,6,23,0,1,0,2.857142857142857,0.0
8,5275,4,False,0,2025-02-23,4,0.0,0.02,0.05,6,23,0,1,0,2.5714285714285716,0.0
8,5283,4,False,0,2025-02-23,2,0.0,0.03,0.04,6,23,0,1,0,2.857142857142857,0.0
8,172,5,True,0,2025-02-23,7,0.0,0.01,0.01,6,23,0,1,0,2.857142857142857,0.0
8,327,5,True,0,2025-02-23,4,2.0,0.01,0.03,6,23,0,1,0,3.5714285714285716,0.0
8,697,5,True,0,2025-02-23,12,0.0,0.04,0.14,6,23,0,1,0,3.857142857142857,0.0
8,1278,5,True,0,2025-02-23,2,0.0,0.02,0.05,6,23,0,1,0,4.857142857142857,0.0
8,1463,5,True,0,2025-02-23,9,0.0,0.01,0.03,6,23,0,1,0,4.714285714285714,0.0
8,1471,5,True,0,2025-02-23,2,0.0,0.02,0.05,6,23,0,1,0,5.714285714285714,0.0
8,1580,5,True,0,2025-02-23,6,0.0,0.02,0.04,6,23,0,1,0,5.428571428571429,0.0
8,1795,5,True,0,2025-02-23,5,0.0,0.02,0.04,6,23,0,1,0,6.0,0.0
8,1860,5,True,0,2025-02-23,3,0.0,0.03,0.05,6,23,0,1,0,5.714285714285714,0.0
8,2169,5,True,0,2025-02-23,5,0.0,0.01,0.02,6,23,0,1,0,5.571428571428571,0.0
8,2338,5,True,0,2025-02-23,17,0.0,0.01,0.02,6,23,0,1,0,4.571428571428571,0.0
8,2381,5,True,0,2025-02-23,7,0.0,0.04,0.07,6,23,0,1,0,6.714285714285714,0.0
8,2518,5,True,0,2025-02-23,4,0.0,0.02,0.09,6,23,0,1,0,6.428571428571429,0.0
8,2560,5,True,0,2025-02-23,5,0.0,0.03,0.05,6,23,0,1,0,6.714285714285714,0.0
8,2647,5,True,0,2025-02-23,5,1.0,0.03,0.05,6,23,0,1,0,6.571428571428571,0.0
8,2926,5,True,0,2025-02-23,31,0.0,0.03,0.05,6,23,0,1,0,6.571428571428571,0.0
8,3002,5,True,0,2025-02-23,5,0.0,0.04,0.08,6,23,0,1,0,10.571428571428571,0.0
8,3175,5,True,0,2025-02-23,3,0.0,0.04,0.1,6,23,0,1,0,10.571428571428571,0.0
8,3612,5,True,0,2025-02-23,32,4.0,0.05,0.08,6,23,0,1,0,8.571428571428571,0.0
8,3734,5,True,0,2025-02-23,5,0.0,0.05,0.07,6,23,0,1,0,12.142857142857142,0.0
8,3819,5,True,0,2025-02-23,5,0.0,0.02,0.07,6,23,0,1,0,12.285714285714286,0.0
8,4150,5,True,0,2025-02-23,4,0.0,0.02,0.04,6,23,0,1,0,12.285714285714286,0.0
8,4200,5,True,0,2025-02-23,4,0.0,0.06,0.12,6,23,0,1,0,12.142857142857142,0.0
8,5036,5,True,0,2025-02-23,7,0.0,0.03,0.05,6,23,0,1,0,8.285714285714286,0.0
8,5260,5,True,0,2025-02-23,7,0.0,0.02,0.06,6,23,0,1,0,8.571428571428571,0.0
8,138,6,False,0,2025-02-23,1,0.0,0.16,0.24,6,23,0,1,0,9.142857142857142,0.0
8,177,6,False,0,2025-02-23,2,0.0,0.08,0.09,6,23,0,1,0,4.714285714285714,0.0
8,207,6,False,0,2025-02-23,2,0.0,0.22,0.3,6,23,0,1,0,4.285714285714286,0.0
8,316,6,False,0,2025-02-23,2,0.0,0.08,0.12,6,23,0,1,0,3.857142857142857,0.0
8,647,6,False,0,2025-02-23,3,0.0,0.07,0.09,6,23,0,1,0,3.5714285714285716,0.0
8,755,6,False,0,2025-02-23,1,0.0,0.15,0.21,6,23,0,1,0,3.4285714285714284,0.0
8,975,6,False,0,2025-02-23,3,0.0,0.08,0.09,6,23,0,1,0,2.5714285714285716,0.0
8,1265,6,False,0,2025-02-23,4,0.0,0.14,0.22,6,23,0,1,0,2.0,0.0
8,1309,6,False,0,2025-02-23,0,0.0,0.24,0.32,6,23,0,1,0,2.4285714285714284,0.0
8,1509,6,False,0,2025-02-23,0,0.0,0.22,0.3,6,23,0,1,0,2.142857142857143,0.0
8,1740,6,False,0,2025-02-23,2,0.0,0.08,0.12,6,23,0,1,0,1.8571428571428572,0.0
8,1827,6,False,0,2025-02-23,2,0.0,0.1,0.15,6,23,0,1,0,1.8571428571428572,0.0
8,1845,6,False,0,2025-02-23,1,0.0,0.05,0.06,6,23,0,1,0,1.7142857142857142,0.0
8,1865,6,False,0,2025-02-23,0,0.0,0.12,0.15,6,23,0,1,0,1.7142857142857142,0.0
8,2131,6,False,0,2025-02-23,3,0.0,0.1,0.14,6,23,0,1,0,1.2857142857142858,0.0
8,2216,6,False,0,2025-02-23,2,0.0,0.06,0.09,6,23,0,1,0,1.1428571428571428,0.0
8,2240,6,False,0,2025-02-23,2,0.0,0.13,0.17,6,23,0,1,0,1.4285714285714286,0.0
8,2291,6,False,0,2025-02-23,1,0.0,0.15,0.2,6,23,0,1,0,1.7142857142857142,0.0
8,2352,6,False,0,2025-02-23,1,0.0,0.11,0.15,6,23,0,1,0,1.5714285714285714,0.0
8,2515,6,False,0,2025-02-23,1,0.0,0.16,0.18,6,23,0,1,0,1.4285714285714286,0.0
8,2617,6,False,0,2025-02-23,1,0.0,0.13,0.2,6,23,0,1,0,1.4285714285714286,0.0
8,2799,6,False,0,2025-02-23,1,0.0,0.06,0.08,6,23,0,1,0,1.5714285714285714,0.0
8,2934,6,False,0,2025-02-23,1,0.0,0.07,0.1,6,23,0,1,0,1.2857142857142858,0.0
8,3090,6,False,0,2025-02-23,1,0.0,0.15,0.2,6,23,0,1,0,1.1428571428571428,0.0
8,3380,6,False,0,2025-02-23,3,0.0,0.06,0.09,6,23,0,1,0,1.0,0.0
8,3637,6,False,0,2025-02-23,0,0.0,0.07,0.09,6,23,0,1,0,1.2857142857142858,0.0
8,3793,6,False,0,2025-02-23,1,0.0,0.03,0.04,6,23,0,1,0,1.1428571428571428,0.0
8,3937,6,False,0,2025-02-23,3,0.0,0.14,0.19,6,23,0,1,0,1.1428571428571428,0.0
8,4074,6,False,0,2025-02-23,1,0.0,0.16,0.22,6,23,0,1,0,1.4285714285714286,0.0
8,4196,6,False,0,2025-02-23,1,0.0,0.06,0.08,6,23,0,1,0,1.4285714285714286,0.0
8,4228,6,False,0,2025-02-23,0,0.0,0.16,0.2,6,23,0,1,0,1.4285714285714286,0.0
8,4356,6,False,0,2025-02-23,1,0.0,0.09,0.14,6,23,0,1,0,1.2857142857142858,0.0
8,4398,6,False,0,2025-02-23,0,0.0,0.09,0.22,6,23,0,1,0,1.0,0.0
8,4430,6,False,0,2025-02-23,1,0.0,0.08,0.13,6,23,0,1,0,1.0,0.0
8,4730,6,False,0,2025-02-23,1,0.0,0.13,0.19,6,23,0,1,0,1.0,0.0
8,4736,6,False,0,2025-02-23,1,0.0,0.07,0.09,6,23,0,1,0,0.7142857142857143,0.0
8,4849,6,False,0,2025-02-23,0,0.0,0.13,0.22,6,23,0,1,0,0.7142857142857143,0.0
8,4887,6,False,0,2025-02-23,4,0.0,0.13,0.16,6,23,0,1,0,0.5714285714285714,0.0
8,5023,6,False,0,2025-02-23,1,0.0,0.13,0.19,6,23,0,1,0,1.1428571428571428,0.0
8,411,7,False,0,2025-02-23,6,0.0,0.0,0.01,6,23,0,1,0,1.1428571428571428,0.0
8,461,7,False,0,2025-02-23,1,1.0,0.0,0.01,6,23,0,1,0,2.0,0.0
8,551,7,False,0,2025-02-23,5,0.0,0.01,0.01,6,23,0,1,0,2.0,0.0
8,559,7,False,0,2025-02-23,24,0.0,0.01,0.01,6,23,0,1,0,2.5714285714285716,0.0
8,848,7,False,0,2025-02-23,6,0.0,0.04,0.06,6,23,0,1,0,5.857142857142857,0.0
8,861,7,False,0,2025-02-23,2,1.0,0.01,0.02,6,23,0,1,0,6.714285714285714,0.0
8,1115,7,False,0,2025-02-23,74,0.0,0.0,0.0,6,23,0,1,0,6.428571428571429,0.0
8,1288,7,False,0,2025-02-23,5,0.0,0.01,0.02,6,23,0,1,0,16.857142857142858,0.0
8,1787,7,False,0,2025-02-23,0,0.0,0.02,0.02,6,23,0,1,0,16.714285714285715,0.0
8,2175,7,False,0,2025-02-23,5,1.0,0.03,0.04,6,23,0,1,0,16.571428571428573,0.0
8,2227,7,False,0,2025-02-23,2,0.0,0.02,0.03,6,23,0,1,0,16.571428571428573,0.0
8,2499,7,False,0,2025-02-23,10,0.0,0.0,0.01,6,23,0,1,0,13.428571428571429,0.0
8,2887,7,False,0,2025-02-23,21,0.0,0.02,0.03,6,23,0,1,0,14.0,0.0
8,3023,7,False,0,2025-02-23,19,0.0,0.01,0.01,6,23,0,1,0,16.714285714285715,0.0
8,3040,7,False,0,2025-02-23,4,0.0,0.0,0.0,6,23,0,1,0,8.857142857142858,0.0
8,3105,7,False,0,2025-02-23,7,0.0,0.0,0.01,6,23,0,1,0,8.714285714285714,0.0
8,3272,7,False,0,2025-02-23,5,0.0,0.01,0.02,6,23,0,1,0,9.714285714285714,0.0
8,3314,7,False,0,2025-02-23,6,0.0,0.0,0.01,6,23,0,1,0,9.714285714285714,0.0
8,3401,7,False,0,2025-02-23,8,0.0,0.0,0.01,6,23,0,1,0,10.285714285714286,0.0
8,4026,7,False,0,2025-02-23,2,0.0,0.12,0.18,6,23,0,1,0,10.0,0.0
8,4093,7,False,0,2025-02-23,6,0.0,0.01,0.01,6,23,0,1,0,7.285714285714286,0.0
8,4298,7,False,0,2025-02-23,11,1.0,0.01,0.01,6,23,0,1,0,5.428571428571429,0.0
8,4351,7,False,0,2025-02-23,6,1.0,0.01,0.03,6,23,0,1,0,6.428571428571429,0.0
8,4411,7,False,0,2025-02-23,15,0.0,0.02,0.04,6,23,0,1,0,6.285714285714286,0.0
8,4585,7,False,0,2025-02-23,6,1.0,0.02,0.04,6,23,0,1,0,7.714285714285714,0.0
8,4688,7,False,0,2025-02-23,7,1.0,0.0,0.03,6,23,0,1,0,7.714285714285714,0.0
8,4867,7,False,0,2025-02-23,0,0.0,0.03,0.05,6,23,0,1,0,7.571428571428571,0.0
8,199,8,False,0,2025-02-23,10,0.0,0.01,0.02,6,23,0,1,0,7.285714285714286,0.0
8,269,8,False,0,2025-02-23,26,0.0,0.0,0.01,6,23,0,1,0,7.857142857142857,0.0
8,805,8,False,0,2025-02-23,12,2.0,0.0,0.01,6,23,0,1,0,10.0,0.0
8,828,8,False,0,2025-02-23,9,0.0,0.01,0.01,6,23,0,1,0,10.857142857142858,0.0
8,932,8,False,0,2025-02-23,16,0.0,0.01,0.02,6,23,0,1,0,10.0,0.0
8,1010,8,False,0,2025-02-23,18,1.0,0.01,0.02,6,23,0,1,0,11.428571428571429,0.0
8,1073,8,False,0,2025-02-23,20,2.0,0.01,0.02,6,23,0,1,0,13.0,0.0
8,1308,8,False,0,2025-02-23,16,0.0,0.02,0.03,6,23,0,1,0,15.857142857142858,0.0
8,2253,8,False,0,2025-02-23,17,0.0,0.0,0.01,6,23,0,1,0,16.714285714285715,0.0
8,2420,8,False,0,2025-02-23,9,0.0,0.0,0.01,6,23,0,1,0,15.428571428571429,0.0
8,2659,8,False,0,2025-02-23,21,0.0,0.01,0.01,6,23,0,1,0,15.0,0.0
8,2985,8,False,0,2025-02-23,25,3.0,0.02,0.02,6,23,0,1,0,16.714285714285715,0.0
8,3015,8,False,0,2025-02-23,7,0.0,0.01,0.02,6,23,0,1,0,18.0,0.0
8,3331,8,False,0,2025-02-23,34,0.0,0.01,0.02,6,23,0,1,0,16.428571428571427,0.0
8,3430,8,False,0,2025-02-23,10,1.0,0.01,0.02,6,23,0,1,0,18.428571428571427,0.0
8,3545,8,False,0,2025-02-23,10,0.0,0.02,0.03,6,23,0,1,0,17.571428571428573,0.0
8,3594,8,False,0,2025-02-23,7,3.0,0.01,0.01,6,23,0,1,0,16.571428571428573,0.0
8,4513,8,False,0,2025-02-23,13,0.0,0.01,0.02,6,23,0,1,0,16.285714285714285,0.0
8,4560,8,False,0,2025-02-23,6,3.0,0.01,0.02,6,23,0,1,0,15.142857142857142,0.0
8,5038,8,False,0,2025-02-23,11,0.0,0.02,0.03,6,23,0,1,0,12.428571428571429,0.0
8,5075,8,False,0,2025-02-23,7,3.0,0.01,0.02,6,23,0,1,0,13.0,0.0
8,5178,8,False,0,2025-02-23,13,1.0,0.01,0.02,6,23,0,1,0,9.142857142857142,0.0
8,10,9,True,0,2025-02-23,3,0.0,0.04,0.1,6,23,0,1,0,9.571428571428571,0.0
8,45,9,True,0,2025-02-23,10,0.0,0.02,0.05,6,23,0,1,0,8.571428571428571,0.0
8,141,9,True,0,2025-02-23,15,0.0,0.03,0.08,6,23,0,1,0,9.0,0.0
8,187,9,True,0,2025-02-23,5,0.0,0.01,0.02,6,23,0,1,0,9.285714285714286,0.0
8,270,9,True,0,2025-02-23,4,0.0,0.02,0.14,6,23,0,1,0,9.142857142857142,0.0
8,275,9,True,0,2025-02-23,11,0.0,0.04,0.06,6,23,0,1,0,8.142857142857142,0.0
8,278,9,True,0,2025-02-23,3,2.0,0.05,0.1,6,23,0,1,0,8.714285714285714,0.0
8,317,9,True,0,2025-02-23,6,0.0,0.01,0.02,6,23,0,1,0,7.285714285714286,0.0
8,352,9,True,0,2025-02-23,9,0.0,0.02,0.16,6,23,0,1,0,7.714285714285714,0.0
8,473,9,True,0,2025-02-23,4,0.0,0.01,0.02,6,23,0,1,0,7.571428571428571,0.0
8,496,9,True,0,2025-02-23,11,0.0,0.01,0.02,6,23,0,1,0,6.0,0.0
8,615,9,True,0,2025-02-23,2,1.0,0.02,0.05,6,23,0,1,0,6.857142857142857,0.0
8,678,9,True,0,2025-02-23,10,2.0,0.01,0.05,6,23,0,1,0,6.571428571428571,0.0
8,696,9,True,0,2025-02-23,8,0.0,0.01,0.05,6,23,0,1,0,6.428571428571429,0.0
8,747,9,True,0,2025-02-23,3,0.0,0.01,0.03,6,23,0,1,0,7.142857142857143,0.0
8,802,9,True,0,2025-02-23,7,0.0,0.06,0.1,6,23,0,1,0,6.714285714285714,0.0
8,813,9,True,0,2025-02-23,11,0.0,0.02,0.03,6,23,0,1,0,6.428571428571429,0.0
8,958,9,True,0,2025-02-23,9,0.0,0.01,0.04,6,23,0,1,0,7.428571428571429,0.0
8,976,9,True,0,2025-02-23,7,0.0,0.01,0.03,6,23,0,1,0,7.142857142857143,0.0
8,1112,9,True,0,2025-02-23,2,1.0,0.02,0.05,6,23,0,1,0,7.857142857142857,0.0
8,1148,9,True,0,2025-02-23,2,0.0,0.02,0.05,6,23,0,1,0,6.714285714285714,0.0
8,1172,9,True,0,2025-02-23,3,0.0,0.01,0.03,6,23,0,1,0,5.857142857142857,0.0
8,1178,9,True,0,2025-02-23,27,0.0,0.02,0.07,6,23,0,1,0,5.857142857142857,0.0
8,1287,9,True,0,2025-02-23,3,0.0,0.01,0.04,6,23,0,1,0,8.714285714285714,0.0
8,1323,9,True,0,2025-02-23,20,1.0,0.02,0.06,6,23,0,1,0,7.571428571428571,0.0
8,1409,9,True,0,2025-02-23,14,0.0,0.02,0.05,6,23,0,1,0,9.142857142857142,0.0
8,1510,9,True,0,2025-02-23,9,0.0,0.03,0.14,6,23,0,1,0,10.142857142857142,0.0
8,1661,9,True,0,2025-02-23,5,0.0,0.01,0.04,6,23,0,1,0,11.142857142857142,0.0
8,1696,9,True,0,2025-02-23,18,1.0,0.01,0.02,6,23,0,1,0,11.571428571428571,0.0
8,1705,9,True,0,2025-02-23,4,0.0,0.04,0.1,6,23,0,1,0,13.714285714285714,0.0
8,1896,9,True,0,2025-02-23,4,0.0,0.03,0.11,6,23,0,1,0,10.428571428571429,0.0
8,1906,9,True,0,2025-02-23,5,0.0,0.04,0.16,6,23,0,1,0,10.571428571428571,0.0
8,1951,9,True,0,2025-02-23,7,0.0,0.02,0.04,6,23,0,1,0,8.428571428571429,0.0
8,2010,9,True,0,2025-02-23,9,0.0,0.03,0.21,6,23,0,1,0,7.428571428571429,0.0
8,2011,9,True,0,2025-02-23,9,0.0,0.01,0.05,6,23,0,1,0,7.428571428571429,0.0
8,2056,9,True,0,2025-02-23,15,0.0,0.01,0.03,6,23,0,1,0,8.0,0.0
8,2256,9,True,0,2025-02-23,20,0.0,0.02,0.04,6,23,0,1,0,7.571428571428571,0.0
8,2284,9,True,0,2025-02-23,3,0.0,0.01,0.03,6,23,0,1,0,9.857142857142858,0.0
8,2307,9,True,0,2025-02-23,1,0.0,0.02,0.06,6,23,0,1,0,9.714285714285714,0.0
8,2357,9,True,0,2025-02-23,4,0.0,0.09,0.46,6,23,0,1,0,9.142857142857142,0.0
8,2360,9,True,0,2025-02-23,1,0.0,0.01,0.04,6,23,0,1,0,8.714285714285714,0.0
8,2399,9,True,0,2025-02-23,15,0.0,0.03,0.1,6,23,0,1,0,7.571428571428571,0.0
8,2401,9,True,0,2025-02-23,4,0.0,0.01,0.05,6,23,0,1,0,8.428571428571429,0.0
8,2419,9,True,0,2025-02-23,4,0.0,0.02,0.03,6,23,0,1,0,6.857142857142857,0.0
8,2474,9,True,0,2025-02-23,4,0.0,0.04,0.12,6,23,0,1,0,4.571428571428571,0.0
8,2486,9,True,0,2025-02-23,1,0.0,0.02,0.07,6,23,0,1,0,4.714285714285714,0.0
8,2543,9,True,0,2025-02-23,3,0.0,0.0,0.02,6,23,0,1,0,4.714285714285714,0.0
8,2615,9,True,0,2025-02-23,17,0.0,0.02,0.06,6,23,0,1,0,4.571428571428571,0.0
8,2795,9,True,0,2025-02-23,9,0.0,0.02,0.07,6,23,0,1,0,6.857142857142857,0.0
8,2812,9,True,0,2025-02-23,8,0.0,0.02,0.06,6,23,0,1,0,6.0,0.0
8,2841,9,True,0,2025-02-23,5,0.0,0.01,0.08,6,23,0,1,0,6.571428571428571,0.0
8,2857,9,True,0,2025-02-23,9,0.0,0.01,0.02,6,23,0,1,0,6.714285714285714,0.0
8,3008,9,True,0,2025-02-23,15,0.0,0.01,0.05,6,23,0,1,0,7.428571428571429,0.0
8,3226,9,True,0,2025-02-23,8,0.0,0.02,0.06,6,23,0,1,0,9.428571428571429,0.0
8,3241,9,True,0,2025-02-23,5,0.0,0.01,0.02,6,23,0,1,0,10.142857142857142,0.0
8,3244,9,True,0,2025-02-23,4,2.0,0.01,0.05,6,23,0,1,0,8.428571428571429,0.0
8,3356,9,True,0,2025-02-23,2,0.0,0.01,0.02,6,23,0,1,0,7.714285714285714,0.0
8,3540,9,True,0,2025-02-23,9,0.0,0.03,0.08,6,23,0,1,0,6.857142857142857,0.0
8,3735,9,True,0,2025-02-23,8,0.0,0.02,0.06,6,23,0,1,0,7.428571428571429,0.0
8,3751,9,True,0,2025-02-23,32,2.0,0.04,0.1,6,23,0,1,0,7.285714285714286,0.0
8,3789,9,True,0,2025-02-23,36,0.0,0.01,0.02,6,23,0,1,0,9.714285714285714,0.0
8,3905,9,True,0,2025-02-23,1,0.0,0.01,0.07,6,23,0,1,0,13.714285714285714,0.0
8,4012,9,True,0,2025-02-23,12,0.0,0.01,0.06,6,23,0,1,0,13.142857142857142,0.0
8,4106,9,True,0,2025-02-23,4,0.0,0.02,0.14,6,23,0,1,0,14.285714285714286,0.0
8,4141,9,True,0,2025-02-23,3,0.0,0.05,0.1,6,23,0,1,0,14.571428571428571,0.0
8,4153,9,True,0,2025-02-23,10,0.0,0.01,0.03,6,23,0,1,0,13.714285714285714,0.0
8,4154,9,True,0,2025-02-23,4,0.0,0.0,0.01,6,23,0,1,0,14.0,0.0
8,4197,9,True,0,2025-02-23,15,0.0,0.01,0.02,6,23,0,1,0,10.0,0.0
8,4348,9,True,0,2025-02-23,7,0.0,0.01,0.03,6,23,0,1,0,7.0,0.0
8,4350,9,True,0,2025-02-23,9,0.0,0.03,0.07,6,23,0,1,0,7.857142857142857,0.0
8,4367,9,True,0,2025-02-23,5,0.0,0.03,0.05,6,23,0,1,0,7.428571428571429,0.0
8,4466,9,True,0,2025-02-23,4,0.0,0.02,0.09,6,23,0,1,0,7.571428571428571,0.0
8,4493,9,True,0,2025-02-23,16,0.0,0.01,0.07,6,23,0,1,0,7.714285714285714,0.0
8,4530,9,True,0,2025-02-23,19,0.0,0.01,0.02,6,23,0,1,0,8.571428571428571,0.0
8,4594,9,True,0,2025-02-23,28,2.0,0.01,0.09,6,23,0,1,0,10.714285714285714,1.820385449626912
8,4637,9,True,0,2025-02-23,6,0.0,0.01,0.03,6,23,0,1,0,12.571428571428571,0.0
8,4645,9,True,0,2025-02-23,5,0.0,0.01,0.02,6,23,0,1,0,12.428571428571429,0.0
8,4655,9,True,0,2025-02-23,7,0.0,0.06,0.08,6,23,0,1,0,11.857142857142858,0.0
8,4679,9,True,0,2025-02-23,45,0.0,0.01,0.04,6,23,0,1,0,12.142857142857142,0.0
8,4845,9,True,0,2025-02-23,4,0.0,0.01,0.03,6,23,0,1,0,18.0,0.0
8,4906,9,True,0,2025-02-23,4,0.0,0.01,0.04,6,23,0,1,0,16.285714285714285,0.0
8,4996,9,True,0,2025-02-23,3,0.0,0.0,0.02,6,23,0,1,0,14.142857142857142,0.0
8,5079,9,True,0,2025-02-23,1,0.0,0.01,0.03,6,23,0,1,0,10.571428571428571,0.0
8,5087,9,True,0,2025-02-23,7,0.0,0.03,0.06,6,23,0,1,0,9.857142857142858,0.0
8,5093,9,True,0,2025-02-23,40,0.0,0.02,0.08,6,23,0,1,0,10.142857142857142,0.0
8,5122,9,True,0,2025-02-23,2,0.0,0.01,0.02,6,23,0,1,0,14.857142857142858,0.0
8,5135,9,True,0,2025-02-23,6,0.0,0.02,0.06,6,23,0,1,0,8.714285714285714,0.0
8,5175,9,True,0,2025-02-23,6,1.0,0.01,0.03,6,23,0,1,0,9.0,0.0
8,5212,9,True,0,2025-02-23,5,0.0,0.01,0.06,6,23,0,1,0,9.285714285714286,0.0
8,5272,9,True,0,2025-02-23,55,1.0,0.01,0.02,6,23,0,1,0,9.571428571428571,0.0
8,147,10,False,0,2025-02-23,27,0.0,0.03,0.07,6,23,0,1,0,17.285714285714285,0.0
8,1782,10,False,0,2025-02-23,24,0.0,0.04,0.08,6,23,0,1,0,20.142857142857142,0.0
8,2377,10,False,0,2025-02-23,53,0.0,0.0,0.01,6,23,0,1,0,17.857142857142858,0.0
8,3203,10,False,0,2025-02-23,30,0.0,0.03,0.09,6,23,0,1,0,25.142857142857142,0.0
8,5018,10,False,0,2025-02-23,21,3.0,0.02,0.09,6,23,0,1,0,28.571428571428573,0.0
8,2058,11,False,0,2025-02-23,0,0.0,0.22,0.21,6,23,0,1,0,30.714285714285715,0.0
8,2882,11,False,0,2025-02-23,9,1.0,0.23,0.21,6,23,0,1,0,30.0,0.0
8,3107,11,False,0,2025-02-23,5,1.0,0.12,0.15,6,23,0,1,0,23.428571428571427,0.0
8,3123,11,False,0,2025-02-23,17,0.0,0.23,0.21,6,23,0,1,0,20.285714285714285,0.0
8,3499,11,False,0,2025-02-23,8,0.0,0.09,0.08,6,23,0,1,0,19.285714285714285,0.0
8,3870,11,False,0,2025-02-23,3,0.0,0.15,0.16,6,23,0,1,0,12.857142857142858,0.0
8,4160,11,False,0,2025-02-23,2,0.0,0.16,0.19,6,23,0,1,0,9.0,0.0
8,5085,11,False,0,2025-02-23,19,0.0,0.23,0.21,6,23,0,1,0,6.285714285714286,0.0
8,488,1,False,0,2025-02-26,8,0.0,0.14,0.16,2,26,0,0,1,9.0,0.0
8,1985,1,False,0,2025-02-26,8,0.0,0.14,0.17,2,26,0,0,1,8.857142857142858,0.0
8,2735,1,False,0,2025-02-26,13,1.0,0.14,0.16,2,26,0,0,1,9.285714285714286,0.0
8,3664,1,False,0,2025-02-26,3,0.0,0.14,0.16,2,26,0,0,1,8.714285714285714,0.0
8,4052,1,False,0,2025-02-26,4,0.0,0.15,0.17,2,26,0,0,1,8.0,0.0
8,48,3,True,0,2025-02-26,2,0.0,0.12,0.17,2,26,0,0,1,8.142857142857142,0.0
8,59,3,True,0,2025-02-26,11,1.0,0.02,0.03,2,26,0,0,1,8.142857142857142,0.0
8,82,3,True,0,2025-02-26,2,2.0,0.06,0.07,2,26,0,0,1,7.0,0.0
8,86,3,True,0,2025-02-26,3,0.0,0.12,0.14,2,26,0,0,1,6.142857142857143,0.0
8,87,3,True,0,2025-02-26,9,1.0,0.03,0.04,2,26,0,0,1,5.428571428571429,0.0
8,94,3,True,0,2025-02-26,7,3.0,0.08,0.15,2,26,0,0,1,4.857142857142857,0.0
8,103,3,True,0,2025-02-26,7,0.0,0.06,0.09,2,26,0,0,1,5.428571428571429,0.0
8,106,3,True,0,2025-02-26,2,0.0,0.04,0.06,2,26,0,0,1,5.857142857142857,0.0
8,167,3,True,0,2025-02-26,1,0.0,0.09,0.12,2,26,0,0,1,5.857142857142857,0.0
8,212,3,True,0,2025-02-26,3,0.0,0.05,0.07,2,26,0,0,1,4.428571428571429,0.0
8,234,3,True,0,2025-02-26,2,0.0,0.08,0.1,2,26,0,0,1,4.571428571428571,0.0
8,281,3,True,0,2025-02-26,10,0.0,0.07,0.09,2,26,0,0,1,4.428571428571429,0.0
8,381,3,True,0,2025-02-26,12,0.0,0.04,0.04,2,26,0,0,1,4.571428571428571,0.0
8,415,3,True,0,2025-02-26,3,0.0,0.07,0.1,2,26,0,0,1,5.285714285714286,0.0
8,440,3,True,0,2025-02-26,2,1.0,0.05,0.07,2,26,0,0,1,4.714285714285714,0.0
8,470,3,True,0,2025-02-26,1,0.0,0.07,0.09,2,26,0,0,1,4.714285714285714,0.0
8,493,3,True,0,2025-02-26,3,0.0,0.11,0.13,2,26,0,0,1,4.714285714285714,0.0
8,516,3,True,0,2025-02-26,0,0.0,0.02,0.02,2,26,0,0,1,4.714285714285714,0.0
8,605,3,True,0,2025-02-26,2,0.0,0.05,0.06,2,26,0,0,1,4.428571428571429,0.0
8,612,3,True,0,2025-02-26,8,1.0,0.03,0.03,2,26,0,0,1,3.2857142857142856,1.4311311084041296
8,620,3,True,0,2025-02-26,3,0.0,0.02,0.02,2,26,0,0,1,2.7142857142857144,0.0
8,650,3,True,0,2025-02-26,7,0.0,0.08,0.11,2,26,0,0,1,2.7142857142857144,0.0
8,686,3,True,0,2025-02-26,3,0.0,0.03,0.05,2,26,0,0,1,3.4285714285714284,0.0
8,703,3,True,0,2025-02-26,8,0.0,0.02,0.02,2,26,0,0,1,3.7142857142857144,0.0
8,742,3,True,0,2025-02-26,2,0.0,0.04,0.05,2,26,0,0,1,4.428571428571429,0.0
8,855,3,True,0,2025-02-26,1,0.0,0.02,0.03,2,26,0,0,1,4.714285714285714,0.0
8,947,3,True,0,2025-02-26,38,2.0,0.01,0.01,2,26,0,0,1,4.571428571428571,0.0
8,1052,3,True,0,2025-02-26,1,0.0,0.02,0.03,2,26,0,0,1,8.857142857142858,0.0
8,1071,3,True,0,2025-02-26,2,0.0,0.02,0.05,2,26,0,0,1,8.571428571428571,0.0
8,1103,3,True,0,2025-02-26,25,0.0,0.1,0.14,2,26,0,0,1,7.857142857142857,0.0
8,1105,3,True,0,2025-02-26,5,0.0,0.05,0.08,2,26,0,0,1,11.0,0.0
8,1120,3,True,0,2025-02-26,0,3.0,0.06,0.09,2,26,0,0,1,10.571428571428571,0.0
8,1175,3,True,0,2025-02-26,2,0.0,0.01,0.03,2,26,0,0,1,10.285714285714286,0.0
8,1190,3,True,0,2025-02-26,3,0.0,0.04,0.05,2,26,0,0,1,10.428571428571429,0.0
8,1223,3,True,0,2025-02-26,2,0.0,0.03,0.05,2,26,0,0,1,5.428571428571429,0.0
8,1235,3,True,0,2025-02-26,1,0.0,0.06,0.08,2,26,0,0,1,5.571428571428571,0.0
8,1261,3,True,0,2025-02-26,5,0.0,0.07,0.09,2,26,0,0,1,5.428571428571429,0.0
8,1291,3,True,0,2025-02-26,6,0.0,0.04,0.06,2,26,0,0,1,2.5714285714285716,0.0
8,1382,3,True,0,2025-02-26,3,0.0,0.05,0.07,2,26,0,0,1,2.7142857142857144,0.0
8,1384,3,True,0,2025-02-26,4,0.0,0.08,0.1,2,26,0,0,1,3.142857142857143,0.0
8,1390,3,True,0,2025-02-26,6,0.0,0.04,0.06,2,26,0,0,1,3.4285714285714284,0.0
8,1447,3,True,0,2025-02-26,1,1.0,0.08,0.11,2,26,0,0,1,3.857142857142857,0.0
8,1470,3,True,0,2025-02-26,7,1.0,0.06,0.08,2,26,0,0,1,3.7142857142857144,0.0
8,1503,3,True,0,2025-02-26,2,0.0,0.17,0.19,2,26,0,0,1,4.571428571428571,0.0
8,1505,3,True,0,2025-02-26,14,2.0,0.01,0.02,2,26,0,0,1,4.142857142857143,0.0
8,1531,3,True,0,2025-02-26,4,0.0,0.05,0.07,2,26,0,0,1,5.285714285714286,0.0
8,1576,3,True,0,2025-02-26,3,0.0,0.13,0.16,2,26,0,0,1,5.428571428571429,0.0
8,1610,3,True,0,2025-02-26,30,0.0,0.01,0.0,2,26,0,0,1,5.285714285714286,0.0
8,1642,3,True,0,2025-02-26,0,0.0,0.09,0.12,2,26,0,0,1,8.714285714285714,0.0
8,1771,3,True,0,2025-02-26,1,0.0,0.17,0.22,2,26,0,0,1,8.571428571428571,0.0
8,1822,3,True,0,2025-02-26,1,0.0,0.08,0.1,2,26,0,0,1,7.714285714285714,0.0
8,1849,3,True,0,2025-02-26,2,0.0,0.05,0.06,2,26,0,0,1,7.571428571428571,0.0
8,1902,3,True,0,2025-02-26,5,0.0,0.03,0.04,2,26,0,0,1,5.857142857142857,0.0
8,1940,3,True,0,2025-02-26,1,0.0,0.04,0.06,2,26,0,0,1,6.0,0.0
8,1949,3,True,0,2025-02-26,3,0.0,0.04,0.05,2,26,0,0,1,5.714285714285714,0.0
8,1969,3,True,0,2025-02-26,2,0.0,0.13,0.14,2,26,0,0,1,1.8571428571428572,0.0
8,1988,3,True,0,2025-02-26,3,0.0,0.12,0.16,2,26,0,0,1,2.142857142857143,0.0
8,1997,3,True,0,2025-02-26,13,2.0,0.01,0.02,2,26,0,0,1,2.4285714285714284,0.0
8,2039,3,True,0,2025-02-26,24,0.0,0.01,0.02,2,26,0,0,1,4.142857142857143,0.0
8,2040,3,True,0,2025-02-26,1,0.0,0.08,0.11,2,26,0,0,1,7.285714285714286,0.0
8,2048,3,True,0,2025-02-26,1,2.0,0.04,0.06,2,26,0,0,1,6.714285714285714,0.0
8,2062,3,True,0,2025-02-26,2,0.0,0.11,0.13,2,26,0,0,1,6.714285714285714,0.0
8,2110,3,True,0,2025-02-26,4,1.0,0.06,0.07,2,26,0,0,1,6.571428571428571,0.0
8,2127,3,True,0,2025-02-26,20,2.0,0.03,0.04,2,26,0,0,1,6.857142857142857,0.0
8,2151,3,True,0,2025-02-26,0,0.0,0.0,0.01,2,26,0,0,1,9.285714285714286,0.0
8,2185,3,True,0,2025-02-26,7,0.0,0.04,0.05,2,26,0,0,1,7.428571428571429,0.0
8,2236,3,True,0,2025-02-26,6,0.0,0.07,0.08,2,26,0,0,1,5.0,0.0
8,2331,3,True,0,2025-02-26,6,0.0,0.52,0.55,2,26,0,0,1,5.714285714285714,0.0
8,2432,3,True,0,2025-02-26,3,3.0,0.03,0.04,2,26,0,0,1,6.428571428571429,0.0
8,2491,3,True,0,2025-02-26,2,0.0,0.03,0.04,2,26,0,0,1,6.571428571428571,0.0
8,2551,3,True,0,2025-02-26,1,0.0,0.02,0.02,2,26,0,0,1,6.285714285714286,0.0
8,2558,3,True,0,2025-02-26,5,0.0,0.08,0.11,2,26,0,0,1,3.5714285714285716,0.0
8,2585,3,True,0,2025-02-26,5,0.0,0.03,0.04,2,26,0,0,1,4.285714285714286,0.0
8,2595,3,True,0,2025-02-26,14,0.0,0.0,0.01,2,26,0,0,1,4.0,0.0
8,2700,3,True,0,2025-02-26,19,2.0,0.01,0.01,2,26,0,0,1,5.142857142857143,0.0
8,2805,3,True,0,2025-02-26,5,0.0,0.08,0.11,2,26,0,0,1,7.0,0.0
8,2816,3,True,0,2025-02-26,2,0.0,0.06,0.08,2,26,0,0,1,7.285714285714286,0.0
8,2840,3,True,0,2025-02-26,3,0.0,0.17,0.21,2,26,0,0,1,7.285714285714286,0.0
8,2852,3,True,0,2025-02-26,3,0.0,0.07,0.1,2,26,0,0,1,7.571428571428571,0.0
8,2884,3,True,0,2025-02-26,4,0.0,0.23,0.29,2,26,0,0,1,7.285714285714286,0.0
8,2889,3,True,0,2025-02-26,5,0.0,0.03,0.04,2,26,0,0,1,7.142857142857143,0.0
8,3190,3,True,0,2025-02-26,35,0.0,0.02,0.02,2,26,0,0,1,5.857142857142857,0.0
8,3239,3,True,0,2025-02-26,4,0.0,0.06,0.07,2,26,0,0,1,8.142857142857142,0.0
8,3279,3,True,0,2025-02-26,4,0.0,0.02,0.02,2,26,0,0,1,8.0,0.0
8,3283,3,True,0,2025-02-26,3,0.0,0.1,0.13,2,26,0,0,1,8.285714285714286,0.0
8,3339,3,True,0,2025-02-26,21,0.0,0.01,0.01,2,26,0,0,1,8.285714285714286,0.0
8,3349,3,True,0,2025-02-26,2,0.0,0.27,0.38,2,26,0,0,1,10.857142857142858,0.0
8,3360,3,True,0,2025-02-26,1,0.0,0.02,0.04,2,26,0,0,1,10.571428571428571,0.0
8,3556,3,True,0,2025-02-26,1,0.0,0.26,0.32,2,26,0,0,1,10.0,0.0
8,3693,3,True,0,2025-02-26,33,0.0,0.01,0.01,2,26,0,0,1,5.142857142857143,0.0
8,3717,3,True,0,2025-02-26,0,0.0,0.05,0.06,2,26,0,0,1,9.285714285714286,0.0
8,3768,3,True,0,2025-02-26,3,0.0,0.02,0.02,2,26,0,0,1,8.714285714285714,0.0
8,3786,3,True,0,2025-02-26,0,0.0,0.05,0.16,2,26,0,0,1,8.714285714285714,0.0
8,3862,3,True,0,2025-02-26,2,0.0,0.07,0.09,2,26,0,0,1,5.714285714285714,0.0
8,3931,3,True,0,2025-02-26,12,1.0,0.01,0.02,2,26,0,0,1,5.714285714285714,0.0
8,3985,3,True,0,2025-02-26,3,0.0,0.12,0.16,2,26,0,0,1,7.285714285714286,0.0
8,4059,3,True,0,2025-02-26,5,0.0,0.33,0.34,2,26,0,0,1,7.571428571428571,0.0
8,4101,3,True,0,2025-02-26,7,0.0,0.13,0.15,2,26,0,0,1,3.5714285714285716,0.0
8,4144,3,True,0,2025-02-26,21,0.0,0.02,0.03,2,26,0,0,1,4.571428571428571,0.0
8,4176,3,True,0,2025-02-26,4,0.0,0.03,0.05,2,26,0,0,1,7.142857142857143,0.0
8,4204,3,True,0,2025-02-26,0,0.0,0.14,0.17,2,26,0,0,1,7.714285714285714,0.0
8,4205,3,True,0,2025-02-26,29,1.0,0.02,0.02,2,26,0,0,1,7.428571428571429,0.0
8,4215,3,True,0,2025-02-26,2,0.0,0.03,0.07,2,26,0,0,1,9.857142857142858,0.0
8,4252,3,True,0,2025-02-26,5,1.0,0.02,0.03,2,26,0,0,1,9.714285714285714,0.0
8,4321,3,True,0,2025-02-26,2,0.0,0.1,0.12,2,26,0,0,1,9.714285714285714,0.0
8,4333,3,True,0,2025-02-26,2,0.0,0.21,0.26,2,26,0,0,1,9.0,0.0
8,4426,3,True,0,2025-02-26,38,1.0,0.03,0.04,2,26,0,0,1,6.285714285714286,0.0
8,4433,3,True,0,2025-02-26,1,0.0,0.05,0.07,2,26,0,0,1,11.142857142857142,0.0
8,4439,3,True,0,2025-02-26,24,0.0,0.02,0.02,2,26,0,0,1,11.285714285714286,0.0
8,4447,3,True,0,2025-02-26,8,0.0,0.02,0.03,2,26,0,0,1,10.571428571428571,0.0
8,4461,3,True,0,2025-02-26,9,0.0,0.03,0.03,2,26,0,0,1,11.428571428571429,0.0
8,4470,3,True,0,2025-02-26,2,0.0,0.07,0.09,2,26,0,0,1,12.0,0.0
8,4488,3,True,0,2025-02-26,3,0.0,0.01,0.03,2,26,0,0,1,12.0,0.0
8,4504,3,True,0,2025-02-26,2,0.0,0.03,0.04,2,26,0,0,1,12.142857142857142,0.0
8,4523,3,True,0,2025-02-26,2,0.0,0.06,0.09,2,26,0,0,1,7.0,0.0
8,4596,3,True,0,2025-02-26,4,0.0,0.07,0.08,2,26,0,0,1,7.142857142857143,0.0
8,4633,3,True,0,2025-02-26,3,0.0,0.04,0.06,2,26,0,0,1,4.285714285714286,0.0
8,4713,3,True,0,2025-02-26,2,0.0,0.04,0.06,2,26,0,0,1,3.5714285714285716,0.0
8,4722,3,True,0,2025-02-26,6,1.0,0.04,0.06,2,26,0,0,1,2.5714285714285716,0.0
8,4766,3,True,0,2025-02-26,5,0.0,0.03,0.04,2,26,0,0,1,3.142857142857143,0.0
8,4786,3,True,0,2025-02-26,4,0.0,0.03,0.04,2,26,0,0,1,3.4285714285714284,0.0
8,4800,3,True,0,2025-02-26,5,0.0,0.08,0.11,2,26,0,0,1,3.7142857142857144,0.0
8,4809,3,True,0,2025-02-26,2,0.0,0.1,0.16,2,26,0,0,1,4.142857142857143,0.0
8,4810,3,True,0,2025-02-26,3,0.0,0.03,0.04,2,26,0,0,1,3.857142857142857,0.0
8,4818,3,True,0,2025-02-26,3,1.0,0.04,0.07,2,26,0,0,1,3.857142857142857,0.0
8,4826,3,True,0,2025-02-26,13,0.0,0.12,0.17,2,26,0,0,1,4.0,0.0
8,4847,3,True,0,2025-02-26,15,2.0,0.1,0.12,2,26,0,0,1,5.0,0.0
8,4889,3,True,0,2025-02-26,4,0.0,0.03,0.04,2,26,0,0,1,6.428571428571429,0.0
8,4952,3,True,0,2025-02-26,3,0.0,0.24,0.28,2,26,0,0,1,6.428571428571429,0.0
8,4960,3,True,0,2025-02-26,0,0.0,0.02,0.03,2,26,0,0,1,6.142857142857143,0.0
8,5029,3,True,0,2025-02-26,7,0.0,0.06,0.08,2,26,0,0,1,5.857142857142857,0.0
8,5057,3,True,0,2025-02-26,2,0.0,0.06,0.09,2,26,0,0,1,6.428571428571429,0.0
8,5060,3,True,0,2025-02-26,0,1.0,0.06,0.08,2,26,0,0,1,6.285714285714286,0.0
8,5082,3,True,0,2025-02-26,4,0.0,0.04,0.06,2,26,0,0,1,4.428571428571429,0.0
8,5090,3,True,0,2025-02-26,3,0.0,0.05,0.06,2,26,0,0,1,2.857142857142857,0.0
8,5153,3,True,0,2025-02-26,1,0.0,0.09,0.12,2,26,0,0,1,2.7142857142857144,0.0
8,5167,3,True,0,2025-02-26,2,0.0,0.05,0.07,2,26,0,0,1,2.4285714285714284,0.0
8,5176,3,True,0,2025-02-26,1,0.0,0.24,0.35,2,26,0,0,1,2.7142857142857144,0.0
8,5183,3,True,0,2025-02-26,5,0.0,0.03,0.04,2,26,0,0,1,1.8571428571428572,0.0
8,5259,3,True,0,2025-02-26,2,0.0,0.06,0.09,2,26,0,0,1,2.2857142857142856,0.0
8,4,4,False,0,2025-02-26,3,0.0,0.12,0.15,2,26,0,0,1,2.5714285714285716,0.0
8,19,4,False,0,2025-02-26,6,0.0,0.01,0.03,2,26,0,0,1,2.4285714285714284,0.0
8,31,4,False,0,2025-02-26,1,0.0,0.02,0.03,2,26,0,0,1,2.857142857142857,0.0
8,34,4,False,0,2025-02-26,3,0.0,0.01,0.01,2,26,0,0,1,2.857142857142857,0.0
8,47,4,False,0,2025-02-26,5,0.0,0.01,0.01,2,26,0,0,1,3.0,0.0
8,61,4,False,0,2025-02-26,4,0.0,0.01,0.02,2,26,0,0,1,3.5714285714285716,0.0
8,70,4,False,0,2025-02-26,4,0.0,0.03,0.06,2,26,0,0,1,3.4285714285714284,0.0
8,91,4,False,0,2025-02-26,4,0.0,0.03,0.03,2,26,0,0,1,3.7142857142857144,0.0
8,107,4,False,0,2025-02-26,3,0.0,0.03,0.04,2,26,0,0,1,3.857142857142857,0.0
8,122,4,False,0,2025-02-26,2,0.0,0.03,0.04,2,26,0,0,1,3.4285714285714284,0.0
8,155,4,False,0,2025-02-26,3,0.0,0.04,0.0,2,26,0,0,1,3.5714285714285716,0.0
8,200,4,False,0,2025-02-26,3,0.0,0.04,0.05,2,26,0,0,1,3.5714285714285716,0.0
8,248,4,False,0,2025-02-26,1,0.0,0.05,0.07,2,26,0,0,1,3.2857142857142856,0.0
8,249,4,False,0,2025-02-26,2,0.0,0.13,0.14,2,26,0,0,1,2.857142857142857,0.0
8,283,4,False,0,2025-02-26,3,0.0,0.03,0.05,2,26,0,0,1,2.5714285714285716,0.0
8,355,4,False,0,2025-02-26,2,0.0,0.02,0.03,2,26,0,0,1,2.4285714285714284,0.0
8,363,4,False,0,2025-02-26,3,0.0,0.01,0.01,2,26,0,0,1,2.2857142857142856,0.0
8,371,4,False,0,2025-02-26,3,0.0,0.01,0.01,2,26,0,0,1,2.4285714285714284,0.0
8,393,4,False,0,2025-02-26,2,0.0,0.02,0.03,2,26,0,0,1,2.4285714285714284,0.0
8,442,4,False,0,2025-02-26,1,0.0,0.05,0.07,2,26,0,0,1,2.2857142857142856,0.0
8,495,4,False,0,2025-02-26,3,0.0,0.02,0.03,2,26,0,0,1,2.2857142857142856,0.0
8,523,4,False,0,2025-02-26,3,0.0,0.03,0.05,2,26,0,0,1,2.4285714285714284,0.0
8,538,4,False,0,2025-02-26,2,0.0,0.02,0.04,2,26,0,0,1,2.4285714285714284,0.0
8,542,4,False,0,2025-02-26,4,0.0,0.04,0.06,2,26,0,0,1,2.4285714285714284,0.0
8,544,4,False,0,2025-02-26,4,0.0,0.02,0.04,2,26,0,0,1,2.5714285714285716,0.0
8,564,4,False,0,2025-02-26,2,0.0,0.02,0.03,2,26,0,0,1,2.7142857142857144,0.0
8,610,4,False,0,2025-02-26,5,0.0,0.04,0.05,2,26,0,0,1,2.7142857142857144,0.0
8,619,4,False,0,2025-02-26,2,1.0,0.04,0.05,2,26,0,0,1,3.2857142857142856,0.0
8,636,4,False,0,2025-02-26,3,0.0,0.02,0.03,2,26,0,0,1,3.142857142857143,0.0
8,645,4,False,0,2025-02-26,1,1.0,0.01,0.02,2,26,0,0,1,3.142857142857143,0.0
8,653,4,False,0,2025-02-26,5,0.0,0.02,0.03,2,26,0,0,1,3.0,0.0
8,668,4,False,0,2025-02-26,3,0.0,0.03,0.04,2,26,0,0,1,3.142857142857143,0.0
8,701,4,False,0,2025-02-26,4,0.0,0.02,0.04,2,26,0,0,1,3.0,0.0
8,717,4,False,0,2025-02-26,4,0.0,0.05,0.07,2,26,0,0,1,3.2857142857142856,0.0
8,768,4,False,0,2025-02-26,6,0.0,0.03,0.04,2,26,0,0,1,3.142857142857143,0.0
8,769,4,False,0,2025-02-26,5,0.0,0.01,0.01,2,26,0,0,1,3.7142857142857144,0.0
8,780,4,False,0,2025-02-26,6,0.0,0.03,0.04,2,26,0,0,1,4.0,0.0
8,794,4,False,0,2025-02-26,1,0.0,0.03,0.05,2,26,0,0,1,4.714285714285714,0.0
8,854,4,False,0,2025-02-26,3,0.0,0.05,0.06,2,26,0,0,1,4.142857142857143,0.0
8,858,4,False,0,2025-02-26,2,0.0,0.04,0.06,2,26,0,0,1,4.142857142857143,0.0
8,864,4,False,0,2025-02-26,4,0.0,0.02,0.03,2,26,0,0,1,3.857142857142857,0.0
8,875,4,False,0,2025-02-26,4,1.0,0.02,0.03,2,26,0,0,1,3.857142857142857,0.0
8,891,4,False,0,2025-02-26,3,0.0,0.03,0.04,2,26,0,0,1,3.5714285714285716,0.0
8,961,4,False,0,2025-02-26,1,1.0,0.05,0.05,2,26,0,0,1,3.2857142857142856,0.0
8,1017,4,False,0,2025-02-26,3,0.0,0.03,0.04,2,26,0,0,1,2.5714285714285716,0.0
8,1047,4,False,0,2025-02-26,4,0.0,0.09,0.14,2,26,0,0,1,2.857142857142857,0.0
8,1057,4,False,0,2025-02-26,3,0.0,0.04,0.07,2,26,0,0,1,3.0,0.0
8,1095,4,False,0,2025-02-26,0,0.0,0.03,0.05,2,26,0,0,1,3.142857142857143,0.0
8,1107,4,False,0,2025-02-26,1,0.0,0.02,0.03,2,26,0,0,1,2.5714285714285716,0.0
8,1161,4,False,0,2025-02-26,2,0.0,0.02,0.03,2,26,0,0,1,2.142857142857143,0.0
8,1177,4,False,0,2025-02-26,3,0.0,0.1,0.15,2,26,0,0,1,2.0,0.0
8,1189,4,False,0,2025-02-26,3,0.0,0.02,0.04,2,26,0,0,1,2.2857142857142856,0.0
8,1193,4,False,0,2025-02-26,4,0.0,0.02,0.03,2,26,0,0,1,2.2857142857142856,0.0
8,1202,4,False,0,2025-02-26,3,0.0,0.02,0.04,2,26,0,0,1,2.2857142857142856,0.0
8,1215,4,False,0,2025-02-26,2,0.0,0.01,0.02,2,26,0,0,1,2.2857142857142856,0.0
8,1224,4,False,0,2025-02-26,0,0.0,0.04,0.05,2,26,0,0,1,2.5714285714285716,0.0
8,1267,4,False,0,2025-02-26,2,0.0,0.07,0.09,2,26,0,0,1,2.4285714285714284,0.0
8,1293,4,False,0,2025-02-26,6,0.0,0.03,0.04,2,26,0,0,1,2.4285714285714284,0.0
8,1303,4,False,0,2025-02-26,4,0.0,0.06,0.07,2,26,0,0,1,2.857142857142857,0.0
8,1338,4,False,0,2025-02-26,2,0.0,0.06,0.09,2,26,0,0,1,3.0,0.0
8,1344,4,False,0,2025-02-26,3,0.0,0.06,0.09,2,26,0,0,1,2.7142857142857144,0.0
8,1350,4,False,0,2025-02-26,1,0.0,0.03,0.05,2,26,0,0,1,2.7142857142857144,0.0
8,1367,4,False,0,2025-02-26,4,0.0,0.02,0.03,2,26,0,0,1,2.5714285714285716,0.0
8,1404,4,False,0,2025-02-26,4,0.0,0.02,0.04,2,26,0,0,1,3.142857142857143,0.0
8,1421,4,False,0,2025-02-26,4,0.0,0.02,0.03,2,26,0,0,1,3.4285714285714284,0.0
8,1448,4,False,0,2025-02-26,2,0.0,0.06,0.07,2,26,0,0,1,3.142857142857143,0.0
8,1466,4,False,0,2025-02-26,0,0.0,0.02,0.03,2,26,0,0,1,2.857142857142857,0.0
8,1479,4,False,0,2025-02-26,3,0.0,0.05,0.06,2,26,0,0,1,2.5714285714285716,0.0
8,1483,4,False,0,2025-02-26,7,0.0,0.02,0.04,2,26,0,0,1,2.5714285714285716,0.0
8,1498,4,False,0,2025-02-26,5,0.0,0.12,0.17,2,26,0,0,1,3.4285714285714284,0.0
8,1517,4,False,0,2025-02-26,2,0.0,0.02,0.03,2,26,0,0,1,3.5714285714285716,0.0
8,1533,4,False,0,2025-02-26,2,0.0,0.05,0.07,2,26,0,0,1,3.2857142857142856,0.0
8,1606,4,False,0,2025-02-26,6,0.0,0.04,0.05,2,26,0,0,1,3.0,0.0
8,1622,4,False,0,2025-02-26,6,0.0,0.07,0.09,2,26,0,0,1,3.5714285714285716,0.0
8,1624,4,False,0,2025-02-26,2,0.0,0.04,0.06,2,26,0,0,1,4.428571428571429,0.0
8,1625,4,False,0,2025-02-26,0,2.0,0.03,0.04,2,26,0,0,1,4.285714285714286,0.0
8,1634,4,False,0,2025-02-26,3,0.0,0.05,0.06,2,26,0,0,1,3.2857142857142856,0.0
8,1648,4,False,0,2025-02-26,5,0.0,0.03,0.04,2,26,0,0,1,3.0,0.0
8,1654,4,False,0,2025-02-26,4,0.0,0.01,0.02,2,26,0,0,1,3.4285714285714284,0.0
8,1672,4,False,0,2025-02-26,3,0.0,0.02,0.02,2,26,0,0,1,3.7142857142857144,0.0
8,1693,4,False,0,2025-02-26,2,0.0,0.02,0.04,2,26,0,0,1,3.2857142857142856,0.0
8,1805,4,False,0,2025-02-26,3,0.0,0.04,0.07,2,26,0,0,1,2.7142857142857144,0.0
8,1806,4,False,0,2025-02-26,3,0.0,0.08,0.12,2,26,0,0,1,2.857142857142857,0.0
8,1824,4,False,0,2025-02-26,3,0.0,0.01,0.01,2,26,0,0,1,3.2857142857142856,0.0
8,1836,4,False,0,2025-02-26,5,0.0,0.04,0.06,2,26,0,0,1,3.2857142857142856,0.0
8,1838,4,False,0,2025-02-26,3,0.0,0.01,0.01,2,26,0,0,1,3.2857142857142856,0.0
8,1842,4,False,0,2025-02-26,2,0.0,0.01,0.01,2,26,0,0,1,3.142857142857143,0.0
8,1856,4,False,0,2025-02-26,2,0.0,0.02,0.04,2,26,0,0,1,3.0,0.0
8,1861,4,False,0,2025-02-26,2,0.0,0.02,0.03,2,26,0,0,1,3.0,0.0
8,1869,4,False,0,2025-02-26,3,0.0,0.01,0.01,2,26,0,0,1,2.857142857142857,0.0
8,1870,4,False,0,2025-02-26,2,0.0,0.04,0.06,2,26,0,0,1,2.857142857142857,0.0
8,1894,4,False,0,2025-02-26,3,0.0,0.03,0.04,2,26,0,0,1,2.7142857142857144,0.0
8,1928,4,False,0,2025-02-26,0,0.0,0.01,0.01,2,26,0,0,1,2.4285714285714284,0.0
8,1942,4,False,0,2025-02-26,4,0.0,0.01,0.02,2,26,0,0,1,2.0,0.0
8,1958,4,False,0,2025-02-26,1,0.0,0.04,0.06,2,26,0,0,1,2.2857142857142856,0.0
8,1959,4,False,0,2025-02-26,9,1.0,0.05,0.08,2,26,0,0,1,2.142857142857143,0.0
8,1968,4,False,0,2025-02-26,4,0.0,0.03,0.05,2,26,0,0,1,3.142857142857143,0.0
8,1996,4,False,0,2025-02-26,5,0.0,0.01,0.02,2,26,0,0,1,3.2857142857142856,0.0
8,1999,4,False,0,2025-02-26,1,0.0,0.01,0.01,2,26,0,0,1,3.7142857142857144,0.0
8,2022,4,False,0,2025-02-26,10,0.0,0.03,0.05,2,26,0,0,1,3.4285714285714284,0.0
8,2024,4,False,0,2025-02-26,2,0.0,0.02,0.04,2,26,0,0,1,4.857142857142857,0.0
8,2064,4,False,0,2025-02-26,3,0.0,0.02,0.03,2,26,0,0,1,4.571428571428571,0.0
8,2092,4,False,0,2025-02-26,3,0.0,0.04,0.06,2,26,0,0,1,4.857142857142857,0.0
8,2097,4,False,0,2025-02-26,2,0.0,0.03,0.05,2,26,0,0,1,4.0,0.0
8,2103,4,False,0,2025-02-26,3,0.0,0.01,0.02,2,26,0,0,1,3.7142857142857144,0.0
8,2137,4,False,0,2025-02-26,1,0.0,0.04,0.06,2,26,0,0,1,3.4285714285714284,0.0
8,2150,4,False,0,2025-02-26,2,0.0,0.01,0.02,2,26,0,0,1,3.4285714285714284,0.0
8,2180,4,False,0,2025-02-26,3,0.0,0.05,0.08,2,26,0,0,1,2.2857142857142856,0.0
8,2239,4,False,0,2025-02-26,3,0.0,0.03,0.04,2,26,0,0,1,2.4285714285714284,0.0
8,2252,4,False,0,2025-02-26,0,0.0,0.02,0.03,2,26,0,0,1,2.4285714285714284,0.0
8,2297,4,False,0,2025-02-26,3,0.0,0.14,0.15,2,26,0,0,1,2.0,0.0
8,2320,4,False,0,2025-02-26,2,0.0,0.03,0.04,2,26,0,0,1,2.142857142857143,0.0
8,2355,4,False,0,2025-02-26,0,1.0,0.05,0.09,2,26,0,0,1,2.0,0.0
8,2369,4,False,0,2025-02-26,4,0.0,0.03,0.05,2,26,0,0,1,1.8571428571428572,0.0
8,2423,4,False,0,2025-02-26,4,0.0,0.02,0.03,2,26,0,0,1,2.142857142857143,0.0
8,2456,4,False,0,2025-02-26,2,1.0,0.02,0.03,2,26,0,0,1,2.2857142857142856,0.0
8,2495,4,False,0,2025-02-26,2,0.0,0.05,0.08,2,26,0,0,1,2.142857142857143,0.0
8,2517,4,False,0,2025-02-26,2,0.0,0.05,0.09,2,26,0,0,1,2.4285714285714284,0.0
8,2550,4,False,0,2025-02-26,3,0.0,0.03,0.05,2,26,0,0,1,2.2857142857142856,0.0
8,2569,4,False,0,2025-02-26,2,0.0,0.01,0.02,2,26,0,0,1,2.4285714285714284,0.0
8,2586,4,False,0,2025-02-26,2,0.0,0.04,0.06,2,26,0,0,1,2.7142857142857144,0.0
8,2644,4,False,0,2025-02-26,2,0.0,0.05,0.08,2,26,0,0,1,2.4285714285714284,0.0
8,2711,4,False,0,2025-02-26,5,0.0,0.04,0.06,2,26,0,0,1,2.142857142857143,0.0
8,2750,4,False,0,2025-02-26,3,0.0,0.01,0.01,2,26,0,0,1,2.5714285714285716,0.0
8,2773,4,False,0,2025-02-26,3,0.0,0.02,0.04,2,26,0,0,1,2.7142857142857144,0.0
8,2800,4,False,0,2025-02-26,6,2.0,0.02,0.04,2,26,0,0,1,2.857142857142857,0.0
8,2908,4,False,0,2025-02-26,2,0.0,0.03,0.04,2,26,0,0,1,3.2857142857142856,0.0
8,2943,4,False,0,2025-02-26,4,0.0,0.02,0.03,2,26,0,0,1,3.2857142857142856,0.0
8,2955,4,False,0,2025-02-26,2,1.0,0.01,0.02,2,26,0,0,1,3.5714285714285716,0.0
8,2973,4,False,0,2025-02-26,4,0.0,0.04,0.05,2,26,0,0,1,3.5714285714285716,0.0
8,2995,4,False,0,2025-02-26,4,0.0,0.05,0.07,2,26,0,0,1,3.4285714285714284,0.0
8,3003,4,False,0,2025-02-26,5,0.0,0.02,0.04,2,26,0,0,1,3.5714285714285716,0.0
8,3029,4,False,0,2025-02-26,3,0.0,0.09,0.12,2,26,0,0,1,3.857142857142857,0.0
8,3127,4,False,0,2025-02-26,4,0.0,0.12,0.18,2,26,0,0,1,3.4285714285714284,0.0
8,3130,4,False,0,2025-02-26,6,0.0,0.14,0.22,2,26,0,0,1,3.7142857142857144,0.0
8,3166,4,False,0,2025-02-26,3,0.0,0.01,0.01,2,26,0,0,1,4.0,0.0
8,3169,4,False,0,2025-02-26,3,0.0,0.02,0.03,2,26,0,0,1,4.142857142857143,0.0
8,3174,4,False,0,2025-02-26,3,1.0,0.01,0.01,2,26,0,0,1,4.0,0.0
8,3222,4,False,0,2025-02-26,2,0.0,0.02,0.04,2,26,0,0,1,3.857142857142857,0.0
8,3281,4,False,0,2025-02-26,2,0.0,0.06,0.08,2,26,0,0,1,3.4285714285714284,0.0
8,3344,4,False,0,2025-02-26,2,0.0,0.04,0.05,2,26,0,0,1,3.2857142857142856,0.0
8,3374,4,False,0,2025-02-26,1,0.0,0.06,0.09,2,26,0,0,1,3.0,0.0
8,3376,4,False,0,2025-02-26,3,0.0,0.03,0.04,2,26,0,0,1,2.2857142857142856,0.0
8,3400,4,False,0,2025-02-26,11,1.0,0.01,0.01,2,26,0,0,1,2.2857142857142856,0.0
8,3425,4,False,0,2025-02-26,0,0.0,0.01,0.01,2,26,0,0,1,3.4285714285714284,0.0
8,3428,4,False,0,2025-02-26,2,0.0,0.04,0.06,2,26,0,0,1,3.0,0.0
8,3442,4,False,0,2025-02-26,4,0.0,0.07,0.1,2,26,0,0,1,3.0,0.0
8,3459,4,False,0,2025-02-26,2,0.0,0.04,0.07,2,26,0,0,1,3.2857142857142856,0.0
8,3460,4,False,0,2025-02-26,4,0.0,0.02,0.03,2,26,0,0,1,3.2857142857142856,0.0
8,3462,4,False,0,2025-02-26,3,0.0,0.03,0.05,2,26,0,0,1,3.7142857142857144,0.0
8,3471,4,False,0,2025-02-26,5,0.0,0.03,0.04,2,26,0,0,1,3.7142857142857144,0.0
8,3497,4,False,0,2025-02-26,5,0.0,0.04,0.06,2,26,0,0,1,2.857142857142857,0.0
8,3511,4,False,0,2025-02-26,2,1.0,0.04,0.07,2,26,0,0,1,3.5714285714285716,0.0
8,3603,4,False,0,2025-02-26,2,1.0,0.04,0.06,2,26,0,0,1,3.5714285714285716,0.0
8,3618,4,False,0,2025-02-26,5,0.0,0.12,0.17,2,26,0,0,1,3.2857142857142856,0.0
8,3669,4,False,0,2025-02-26,2,0.0,0.01,0.01,2,26,0,0,1,3.7142857142857144,0.0
8,3670,4,False,0,2025-02-26,4,0.0,0.03,0.05,2,26,0,0,1,3.4285714285714284,0.0
8,3671,4,False,0,2025-02-26,4,0.0,0.04,0.07,2,26,0,0,1,3.5714285714285716,0.0
8,3678,4,False,0,2025-02-26,2,0.0,0.03,0.05,2,26,0,0,1,3.4285714285714284,0.0
8,3685,4,False,0,2025-02-26,0,0.0,0.03,0.05,2,26,0,0,1,3.0,0.0
8,3720,4,False,0,2025-02-26,0,0.0,0.05,0.06,2,26,0,0,1,2.7142857142857144,0.0
8,3738,4,False,0,2025-02-26,1,0.0,0.01,0.01,2,26,0,0,1,2.4285714285714284,0.0
8,3744,4,False,0,2025-02-26,4,0.0,0.04,0.05,2,26,0,0,1,1.8571428571428572,0.0
8,3797,4,False,0,2025-02-26,4,0.0,0.03,0.04,2,26,0,0,1,2.142857142857143,0.0
8,3799,4,False,0,2025-02-26,3,0.0,0.03,0.05,2,26,0,0,1,2.142857142857143,0.0
8,3820,4,False,0,2025-02-26,4,0.0,0.02,0.04,2,26,0,0,1,2.0,0.0
8,3821,4,False,0,2025-02-26,3,0.0,0.04,0.05,2,26,0,0,1,2.2857142857142856,0.0
8,3826,4,False,0,2025-02-26,4,0.0,0.03,0.04,2,26,0,0,1,2.7142857142857144,0.0
8,3831,4,False,0,2025-02-26,3,0.0,0.01,0.02,2,26,0,0,1,3.2857142857142856,0.0
8,3858,4,False,0,2025-02-26,2,0.0,0.06,0.08,2,26,0,0,1,3.5714285714285716,0.0
8,3894,4,False,0,2025-02-26,5,0.0,0.02,0.03,2,26,0,0,1,3.2857142857142856,0.0
8,3898,4,False,0,2025-02-26,4,0.0,0.06,0.1,2,26,0,0,1,3.4285714285714284,0.0
8,3913,4,False,0,2025-02-26,4,0.0,0.03,0.05,2,26,0,0,1,3.5714285714285716,0.0
8,3917,4,False,0,2025-02-26,3,0.0,0.01,0.01,2,26,0,0,1,3.5714285714285716,0.0
8,3925,4,False,0,2025-02-26,0,0.0,0.03,0.05,2,26,0,0,1,3.5714285714285716,0.0
8,3940,4,False,0,2025-02-26,2,1.0,0.05,0.06,2,26,0,0,1,3.0,0.0
8,3954,4,False,0,2025-02-26,0,0.0,0.02,0.03,2,26,0,0,1,2.857142857142857,0.0
8,3966,4,False,0,2025-02-26,0,0.0,0.02,0.04,2,26,0,0,1,2.5714285714285716,0.0
8,3969,4,False,0,2025-02-26,1,0.0,0.01,0.03,2,26,0,0,1,1.8571428571428572,0.0
8,3977,4,False,0,2025-02-26,4,0.0,0.06,0.08,2,26,0,0,1,1.4285714285714286,0.0
8,4001,4,False,0,2025-02-26,2,0.0,0.04,0.06,2,26,0,0,1,1.4285714285714286,0.0
8,4034,4,False,0,2025-02-26,2,0.0,0.08,0.11,2,26,0,0,1,1.2857142857142858,0.0
8,4054,4,False,0,2025-02-26,0,1.0,0.02,0.04,2,26,0,0,1,1.5714285714285714,0.0
8,4061,4,False,0,2025-02-26,7,0.0,0.05,0.07,2,26,0,0,1,1.2857142857142858,0.0
8,4086,4,False,0,2025-02-26,3,0.0,0.02,0.02,2,26,0,0,1,2.2857142857142856,0.0
8,4096,4,False,0,2025-02-26,1,0.0,0.05,0.07,2,26,0,0,1,2.7142857142857144,0.0
8,4142,4,False,0,2025-02-26,4,0.0,0.02,0.03,2,26,0,0,1,2.7142857142857144,0.0
8,4156,4,False,0,2025-02-26,4,0.0,0.03,0.04,2,26,0,0,1,2.7142857142857144,0.0
8,4229,4,False,0,2025-02-26,3,0.0,0.02,0.04,2,26,0,0,1,3.0,0.0
8,4244,4,False,0,2025-02-26,2,0.0,0.02,0.04,2,26,0,0,1,3.142857142857143,0.0
8,4264,4,False,0,2025-02-26,2,0.0,0.05,0.07,2,26,0,0,1,3.4285714285714284,0.0
8,4331,4,False,0,2025-02-26,5,0.0,0.01,0.01,2,26,0,0,1,2.7142857142857144,0.0
8,4365,4,False,0,2025-02-26,0,0.0,0.04,0.06,2,26,0,0,1,3.0,0.0
8,4366,4,False,0,2025-02-26,3,0.0,0.05,0.06,2,26,0,0,1,2.857142857142857,0.0
8,4420,4,False,0,2025-02-26,6,0.0,0.02,0.02,2,26,0,0,1,2.7142857142857144,0.0
8,4436,4,False,0,2025-02-26,2,0.0,0.02,0.03,2,26,0,0,1,3.0,0.0
8,4444,4,False,0,2025-02-26,2,0.0,0.07,0.1,2,26,0,0,1,2.857142857142857,0.0
8,4450,4,False,0,2025-02-26,4,0.0,0.02,0.03,2,26,0,0,1,2.857142857142857,0.0
8,4458,4,False,0,2025-02-26,11,0.0,0.03,0.05,2,26,0,0,1,3.142857142857143,0.0
8,4465,4,False,0,2025-02-26,4,0.0,0.02,0.04,2,26,0,0,1,4.0,0.0
8,4472,4,False,0,2025-02-26,5,0.0,0.01,0.01,2,26,0,0,1,4.571428571428571,0.0
8,4507,4,False,0,2025-02-26,3,0.0,0.03,0.04,2,26,0,0,1,4.857142857142857,0.0
8,4525,4,False,0,2025-02-26,3,0.0,0.01,0.03,2,26,0,0,1,4.428571428571429,0.0
8,4536,4,False,0,2025-02-26,4,0.0,0.01,0.01,2,26,0,0,1,4.571428571428571,0.0
8,4564,4,False,0,2025-02-26,3,0.0,0.02,0.04,2,26,0,0,1,4.857142857142857,0.0
8,4568,4,False,0,2025-02-26,4,1.0,0.01,0.01,2,26,0,0,1,4.714285714285714,0.0
8,4604,4,False,0,2025-02-26,6,0.0,0.02,0.03,2,26,0,0,1,3.7142857142857144,0.0
8,4610,4,False,0,2025-02-26,2,0.0,0.06,0.09,2,26,0,0,1,4.0,0.0
8,4620,4,False,0,2025-02-26,3,0.0,0.02,0.04,2,26,0,0,1,3.5714285714285716,0.0
8,4648,4,False,0,2025-02-26,3,0.0,0.05,0.07,2,26,0,0,1,3.5714285714285716,0.0
8,4700,4,False,0,2025-02-26,4,0.0,0.02,0.03,2,26,0,0,1,3.5714285714285716,0.0
8,4741,4,False,0,2025-02-26,5,0.0,0.02,0.05,2,26,0,0,1,3.5714285714285716,0.0
8,4759,4,False,0,2025-02-26,3,0.0,0.04,0.04,2,26,0,0,1,3.857142857142857,0.0
8,4770,4,False,0,2025-02-26,3,0.0,0.03,0.05,2,26,0,0,1,3.7142857142857144,0.0
8,4774,4,False,0,2025-02-26,4,0.0,0.03,0.04,2,26,0,0,1,3.2857142857142856,0.0
8,4903,4,False,0,2025-02-26,4,0.0,0.01,0.01,2,26,0,0,1,3.5714285714285716,0.0
8,4915,4,False,0,2025-02-26,5,0.0,0.01,0.02,2,26,0,0,1,3.7142857142857144,0.0
8,4929,4,False,0,2025-02-26,0,0.0,0.03,0.04,2,26,0,0,1,4.0,0.0
8,4961,4,False,0,2025-02-26,7,0.0,0.03,0.06,2,26,0,0,1,3.4285714285714284,0.0
8,4987,4,False,0,2025-02-26,3,0.0,0.02,0.03,2,26,0,0,1,3.7142857142857144,0.0
8,4992,4,False,0,2025-02-26,1,0.0,0.04,0.06,2,26,0,0,1,3.7142857142857144,0.0
8,4997,4,False,0,2025-02-26,2,0.0,0.07,0.1,2,26,0,0,1,3.4285714285714284,0.0
8,4998,4,False,0,2025-02-26,3,0.0,0.01,0.01,2,26,0,0,1,3.142857142857143,0.0
8,5008,4,False,0,2025-02-26,2,0.0,0.02,0.03,2,26,0,0,1,3.0,0.0
8,5048,4,False,0,2025-02-26,1,0.0,0.01,0.02,2,26,0,0,1,2.5714285714285716,0.0
8,5091,4,False,0,2025-02-26,1,1.0,0.06,0.08,2,26,0,0,1,2.7142857142857144,0.0
8,5100,4,False,0,2025-02-26,3,0.0,0.02,0.03,2,26,0,0,1,1.8571428571428572,0.0
8,5112,4,False,0,2025-02-26,6,0.0,0.02,0.04,2,26,0,0,1,1.8571428571428572,0.0
8,5118,4,False,0,2025-02-26,1,0.0,0.05,0.08,2,26,0,0,1,2.5714285714285716,0.0
8,5120,4,False,0,2025-02-26,0,0.0,0.02,0.03,2,26,0,0,1,2.4285714285714284,0.0
8,5123,4,False,0,2025-02-26,7,0.0,0.02,0.04,2,26,0,0,1,2.0,0.0
8,5130,4,False,0,2025-02-26,4,1.0,0.02,0.03,2,26,0,0,1,2.7142857142857144,0.0
8,5149,4,False,0,2025-02-26,1,0.0,0.12,0.15,2,26,0,0,1,3.142857142857143,0.0
8,5163,4,False,0,2025-02-26,1,0.0,0.05,0.09,2,26,0,0,1,3.142857142857143,0.0
8,5169,4,False,0,2025-02-26,2,0.0,0.06,0.08,2,26,0,0,1,2.857142857142857,0.0
8,5172,4,False,0,2025-02-26,4,0.0,0.04,0.04,2,26,0,0,1,2.2857142857142856,0.0
8,5177,4,False,0,2025-02-26,2,1.0,0.01,0.01,2,26,0,0,1,2.7142857142857144,0.0
8,5199,4,False,0,2025-02-26,2,0.0,0.02,0.02,2,26,0,0,1,3.0,0.0
8,5234,4,False,0,2025-02-26,2,0.0,0.02,0.03,2,26,0,0,1,2.2857142857142856,0.0
8,5241,4,False,0,2025-02-26,2,0.0,0.01,0.01,2,26,0,0,1,2.0,0.0
8,5247,4,False,0,2025-02-26,5,0.0,0.02,0.02,2,26,0,0,1,2.142857142857143,0.0
8,5267,4,False,0,2025-02-26,3,0.0,0.02,0.03,2,26,0,0,1,2.7142857142857144,0.0
8,5269,4,False,0,2025-02-26,2,0.0,0.01,0.01,2,26,0,0,1,2.857142857142857,0.0
8,5275,4,False,0,2025-02-26,3,1.0,0.02,0.05,2,26,0,0,1,2.5714285714285716,0.0
8,5283,4,False,0,2025-02-26,2,0.0,0.03,0.04,2,26,0,0,1,2.7142857142857144,0.0
8,172,5,True,0,2025-02-26,4,2.0,0.01,0.01,2,26,0,0,1,2.7142857142857144,0.0
8,327,5,True,0,2025-02-26,5,0.0,0.01,0.03,2,26,0,0,1,3.0,0.0
8,697,5,True,0,2025-02-26,13,0.0,0.04,0.13,2,26,0,0,1,3.4285714285714284,0.0
8,1278,5,True,0,2025-02-26,2,0.0,0.02,0.05,2,26,0,0,1,4.571428571428571,0.0
8,1463,5,True,0,2025-02-26,9,0.0,0.01,0.03,2,26,0,0,1,4.428571428571429,0.0
8,1471,5,True,0,2025-02-26,2,0.0,0.02,0.05,2,26,0,0,1,5.428571428571429,0.0
8,1580,5,True,0,2025-02-26,7,0.0,0.02,0.04,2,26,0,0,1,5.285714285714286,0.0
8,1795,5,True,0,2025-02-26,5,0.0,0.02,0.04,2,26,0,0,1,6.0,0.0
8,1860,5,True,0,2025-02-26,3,0.0,0.03,0.04,2,26,0,0,1,6.142857142857143,0.0
8,2169,5,True,0,2025-02-26,5,0.0,0.01,0.02,2,26,0,0,1,5.857142857142857,0.0
8,2338,5,True,0,2025-02-26,17,0.0,0.01,0.02,2,26,0,0,1,4.714285714285714,0.0
8,2381,5,True,0,2025-02-26,5,1.0,0.04,0.06,2,26,0,0,1,6.857142857142857,0.0
8,2518,5,True,0,2025-02-26,4,0.0,0.02,0.09,2,26,0,0,1,6.285714285714286,0.0
8,2560,5,True,0,2025-02-26,5,0.0,0.03,0.06,2,26,0,0,1,6.571428571428571,0.0
8,2647,5,True,0,2025-02-26,7,3.0,0.03,0.04,2,26,0,0,1,6.285714285714286,0.0
8,2926,5,True,0,2025-02-26,30,1.0,0.03,0.05,2,26,0,0,1,6.571428571428571,0.0
8,3002,5,True,0,2025-02-26,4,1.0,0.04,0.09,2,26,0,0,1,10.428571428571429,0.0
8,3175,5,True,0,2025-02-26,3,0.0,0.04,0.1,2,26,0,0,1,10.285714285714286,0.0
8,3612,5,True,0,2025-02-26,36,2.0,0.05,0.08,2,26,0,0,1,8.285714285714286,0.0
8,3734,5,True,0,2025-02-26,4,0.0,0.05,0.07,2,26,0,0,1,12.714285714285714,0.0
8,3819,5,True,0,2025-02-26,4,0.0,0.02,0.06,2,26,0,0,1,12.714285714285714,0.0
8,4150,5,True,0,2025-02-26,4,0.0,0.02,0.04,2,26,0,0,1,12.571428571428571,0.0
8,4200,5,True,0,2025-02-26,5,0.0,0.06,0.12,2,26,0,0,1,12.142857142857142,0.0
8,5036,5,True,0,2025-02-26,6,0.0,0.03,0.05,2,26,0,0,1,8.571428571428571,0.0
8,5260,5,True,0,2025-02-26,5,1.0,0.02,0.06,2,26,0,0,1,8.857142857142858,0.0
8,138,6,False,0,2025-02-26,1,0.0,0.16,0.24,2,26,0,0,1,9.142857142857142,0.0
8,177,6,False,0,2025-02-26,2,0.0,0.08,0.09,2,26,0,0,1,4.142857142857143,0.0
8,207,6,False,0,2025-02-26,2,0.0,0.23,0.3,2,26,0,0,1,3.857142857142857,0.0
8,316,6,False,0,2025-02-26,2,0.0,0.08,0.12,2,26,0,0,1,3.5714285714285716,0.0
8,647,6,False,0,2025-02-26,3,0.0,0.07,0.09,2,26,0,0,1,3.2857142857142856,0.0
8,755,6,False,0,2025-02-26,1,0.0,0.15,0.21,2,26,0,0,1,3.0,0.0
8,975,6,False,0,2025-02-26,3,0.0,0.08,0.09,2,26,0,0,1,2.2857142857142856,0.0
8,1265,6,False,0,2025-02-26,4,0.0,0.14,0.22,2,26,0,0,1,2.0,0.0
8,1309,6,False,0,2025-02-26,0,0.0,0.24,0.32,2,26,0,0,1,2.4285714285714284,0.0
8,1509,6,False,0,2025-02-26,0,0.0,0.22,0.3,2,26,0,0,1,2.142857142857143,0.0
8,1740,6,False,0,2025-02-26,2,0.0,0.08,0.12,2,26,0,0,1,1.8571428571428572,0.0
8,1827,6,False,0,2025-02-26,2,0.0,0.1,0.15,2,26,0,0,1,1.8571428571428572,0.0
8,1845,6,False,0,2025-02-26,1,0.0,0.05,0.06,2,26,0,0,1,1.7142857142857142,0.0
8,1865,6,False,0,2025-02-26,0,0.0,0.12,0.15,2,26,0,0,1,1.7142857142857142,0.0
8,2131,6,False,0,2025-02-26,2,1.0,0.1,0.15,2,26,0,0,1,1.2857142857142858,0.0
8,2216,6,False,0,2025-02-26,2,0.0,0.06,0.09,2,26,0,0,1,1.0,0.0
8,2240,6,False,0,2025-02-26,2,0.0,0.13,0.17,2,26,0,0,1,1.2857142857142858,0.0
8,2291,6,False,0,2025-02-26,0,0.0,0.15,0.19,2,26,0,0,1,1.5714285714285714,0.0
8,2352,6,False,0,2025-02-26,1,0.0,0.11,0.15,2,26,0,0,1,1.2857142857142858,0.0
8,2515,6,False,0,2025-02-26,1,0.0,0.16,0.18,2,26,0,0,1,1.1428571428571428,0.0
8,2617,6,False,0,2025-02-26,1,0.0,0.13,0.2,2,26,0,0,1,1.1428571428571428,0.0
8,2799,6,False,0,2025-02-26,1,0.0,0.06,0.08,2,26,0,0,1,1.2857142857142858,0.0
8,2934,6,False,0,2025-02-26,1,0.0,0.07,0.1,2,26,0,0,1,1.1428571428571428,0.0
8,3090,6,False,0,2025-02-26,1,0.0,0.15,0.2,2,26,0,0,1,1.0,0.0
8,3380,6,False,0,2025-02-26,3,0.0,0.06,0.09,2,26,0,0,1,0.8571428571428571,0.0
8,3637,6,False,0,2025-02-26,0,0.0,0.07,0.09,2,26,0,0,1,1.2857142857142858,0.0
8,3793,6,False,0,2025-02-26,1,0.0,0.03,0.04,2,26,0,0,1,1.1428571428571428,0.0
8,3937,6,False,0,2025-02-26,3,0.0,0.14,0.19,2,26,0,0,1,1.1428571428571428,0.0
8,4074,6,False,0,2025-02-26,1,0.0,0.16,0.22,2,26,0,0,1,1.4285714285714286,0.0
8,4196,6,False,0,2025-02-26,1,0.0,0.06,0.08,2,26,0,0,1,1.4285714285714286,0.0
8,4228,6,False,0,2025-02-26,0,0.0,0.16,0.2,2,26,0,0,1,1.4285714285714286,0.0
8,4356,6,False,0,2025-02-26,1,0.0,0.09,0.14,2,26,0,0,1,1.2857142857142858,0.0
8,4398,6,False,0,2025-02-26,0,0.0,0.09,0.22,2,26,0,0,1,1.0,0.0
8,4430,6,False,0,2025-02-26,1,0.0,0.08,0.13,2,26,0,0,1,1.0,0.0
8,4730,6,False,0,2025-02-26,1,0.0,0.13,0.19,2,26,0,0,1,1.0,0.0
8,4736,6,False,0,2025-02-26,0,0.0,0.07,0.09,2,26,0,0,1,0.7142857142857143,0.0
8,4849,6,False,0,2025-02-26,0,0.0,0.13,0.22,2,26,0,0,1,0.5714285714285714,0.0
8,4887,6,False,0,2025-02-26,4,0.0,0.13,0.16,2,26,0,0,1,0.42857142857142855,0.0
8,5023,6,False,0,2025-02-26,1,0.0,0.13,0.19,2,26,0,0,1,1.0,0.0
8,411,7,False,0,2025-02-26,4,0.0,0.0,0.01,2,26,0,0,1,1.0,0.0
8,461,7,False,0,2025-02-26,3,0.0,0.0,0.01,2,26,0,0,1,1.5714285714285714,0.0
8,551,7,False,0,2025-02-26,2,1.0,0.01,0.01,2,26,0,0,1,1.8571428571428572,0.0
8,559,7,False,0,2025-02-26,24,0.0,0.01,0.01,2,26,0,0,1,2.0,0.0
8,848,7,False,0,2025-02-26,5,0.0,0.04,0.05,2,26,0,0,1,5.428571428571429,0.0
8,861,7,False,0,2025-02-26,3,0.0,0.01,0.02,2,26,0,0,1,6.142857142857143,0.0
8,1115,7,False,0,2025-02-26,74,0.0,0.0,0.0,2,26,0,0,1,6.0,0.0
8,1288,7,False,0,2025-02-26,6,0.0,0.01,0.02,2,26,0,0,1,16.428571428571427,0.0
8,1787,7,False,0,2025-02-26,0,0.0,0.02,0.02,2,26,0,0,1,16.714285714285715,0.0
8,2175,7,False,0,2025-02-26,3,2.0,0.03,0.04,2,26,0,0,1,16.285714285714285,0.0
8,2227,7,False,0,2025-02-26,2,0.0,0.02,0.03,2,26,0,0,1,16.428571428571427,0.0
8,2499,7,False,0,2025-02-26,8,2.0,0.0,0.01,2,26,0,0,1,13.285714285714286,0.0
8,2887,7,False,0,2025-02-26,21,0.0,0.02,0.03,2,26,0,0,1,13.714285714285714,0.0
8,3023,7,False,0,2025-02-26,20,0.0,0.01,0.01,2,26,0,0,1,16.285714285714285,0.0
8,3040,7,False,0,2025-02-26,2,0.0,0.0,0.0,2,26,0,0,1,8.571428571428571,0.0
8,3105,7,False,0,2025-02-26,7,0.0,0.0,0.01,2,26,0,0,1,8.0,0.0
8,3272,7,False,0,2025-02-26,5,0.0,0.01,0.02,2,26,0,0,1,9.0,0.0
8,3314,7,False,0,2025-02-26,6,1.0,0.0,0.01,2,26,0,0,1,9.285714285714286,0.0
8,3401,7,False,0,2025-02-26,8,0.0,0.0,0.01,2,26,0,0,1,9.857142857142858,0.0
8,4026,7,False,0,2025-02-26,1,0.0,0.12,0.18,2,26,0,0,1,9.857142857142858,0.0
8,4093,7,False,0,2025-02-26,5,0.0,0.01,0.01,2,26,0,0,1,7.0,0.0
8,4298,7,False,0,2025-02-26,6,2.0,0.01,0.01,2,26,0,0,1,4.857142857142857,0.0
8,4351,7,False,0,2025-02-26,6,0.0,0.01,0.03,2,26,0,0,1,5.428571428571429,0.0
8,4411,7,False,0,2025-02-26,15,0.0,0.02,0.04,2,26,0,0,1,5.285714285714286,0.0
8,4585,7,False,0,2025-02-26,8,0.0,0.02,0.04,2,26,0,0,1,6.714285714285714,0.0
8,4688,7,False,0,2025-02-26,7,0.0,0.0,0.03,2,26,0,0,1,7.0,0.0
8,4867,7,False,0,2025-02-26,0,0.0,0.03,0.05,2,26,0,0,1,6.857142857142857,0.0
8,199,8,False,0,2025-02-26,10,0.0,0.01,0.02,2,26,0,0,1,6.714285714285714,0.0
8,269,8,False,0,2025-02-26,26,0.0,0.0,0.01,2,26,0,0,1,7.428571428571429,0.0
8,805,8,False,0,2025-02-26,11,0.0,0.0,0.01,2,26,0,0,1,10.285714285714286,0.0
8,828,8,False,0,2025-02-26,9,0.0,0.01,0.01,2,26,0,0,1,11.0,0.0
8,932,8,False,0,2025-02-26,6,3.0,0.01,0.02,2,26,0,0,1,10.142857142857142,0.0
8,1010,8,False,0,2025-02-26,16,2.0,0.01,0.02,2,26,0,0,1,9.857142857142858,0.0
8,1073,8,False,0,2025-02-26,16,1.0,0.01,0.02,2,26,0,0,1,11.142857142857142,0.0
8,1308,8,False,0,2025-02-26,16,0.0,0.02,0.03,2,26,0,0,1,13.428571428571429,0.0
8,2253,8,False,0,2025-02-26,17,0.0,0.0,0.01,2,26,0,0,1,14.285714285714286,0.0
8,2420,8,False,0,2025-02-26,9,0.0,0.0,0.01,2,26,0,0,1,13.0,2.4214973727580222
8,2659,8,False,0,2025-02-26,18,1.0,0.01,0.01,2,26,0,0,1,12.714285714285714,0.0
8,2985,8,False,0,2025-02-26,21,0.0,0.02,0.02,2,26,0,0,1,14.0,0.0
8,3015,8,False,0,2025-02-26,7,0.0,0.01,0.02,2,26,0,0,1,16.142857142857142,0.0
8,3331,8,False,0,2025-02-26,34,0.0,0.01,0.02,2,26,0,0,1,14.857142857142858,0.0
8,3430,8,False,0,2025-02-26,2,0.0,0.01,0.02,2,26,0,0,1,17.428571428571427,0.0
8,3545,8,False,0,2025-02-26,9,2.0,0.02,0.03,2,26,0,0,1,15.428571428571429,0.0
8,3594,8,False,0,2025-02-26,10,0.0,0.01,0.01,2,26,0,0,1,14.285714285714286,0.0
8,4513,8,False,0,2025-02-26,13,0.0,0.01,0.02,2,26,0,0,1,14.428571428571429,0.0
8,4560,8,False,0,2025-02-26,16,0.0,0.01,0.02,2,26,0,0,1,13.714285714285714,0.0
8,5038,8,False,0,2025-02-26,10,0.0,0.02,0.03,2,26,0,0,1,13.0,0.0
8,5075,8,False,0,2025-02-26,16,1.0,0.01,0.02,2,26,0,0,1,13.428571428571429,0.0
8,5178,8,False,0,2025-02-26,13,0.0,0.01,0.02,2,26,0,0,1,10.857142857142858,0.0
8,10,9,True,0,2025-02-26,3,0.0,0.04,0.1,2,26,0,0,1,12.428571428571429,0.0
8,45,9,True,0,2025-02-26,9,0.0,0.02,0.05,2,26,0,0,1,11.571428571428571,0.0
8,141,9,True,0,2025-02-26,12,1.0,0.03,0.08,2,26,0,0,1,11.428571428571429,1.6228713889023263
8,187,9,True,0,2025-02-26,5,0.0,0.01,0.02,2,26,0,0,1,11.285714285714286,0.0
8,270,9,True,0,2025-02-26,4,0.0,0.02,0.14,2,26,0,0,1,9.714285714285714,0.0
8,275,9,True,0,2025-02-26,14,1.0,0.04,0.06,2,26,0,0,1,8.857142857142858,0.0
8,278,9,True,0,2025-02-26,4,1.0,0.05,0.1,2,26,0,0,1,8.571428571428571,0.0
8,317,9,True,0,2025-02-26,6,0.0,0.01,0.02,2,26,0,0,1,7.285714285714286,0.0
8,352,9,True,0,2025-02-26,7,0.0,0.02,0.17,2,26,0,0,1,7.714285714285714,0.0
8,473,9,True,0,2025-02-26,4,0.0,0.01,0.02,2,26,0,0,1,7.428571428571429,0.0
8,496,9,True,0,2025-02-26,11,0.0,0.01,0.02,2,26,0,0,1,6.285714285714286,0.0
8,615,9,True,0,2025-02-26,2,0.0,0.02,0.05,2,26,0,0,1,7.142857142857143,0.0
8,678,9,True,0,2025-02-26,11,0.0,0.01,0.05,2,26,0,0,1,6.857142857142857,0.0
8,696,9,True,0,2025-02-26,7,1.0,0.01,0.05,2,26,0,0,1,6.428571428571429,0.0
8,747,9,True,0,2025-02-26,2,0.0,0.01,0.03,2,26,0,0,1,6.857142857142857,0.0
8,802,9,True,0,2025-02-26,7,0.0,0.06,0.1,2,26,0,0,1,6.285714285714286,0.0
8,813,9,True,0,2025-02-26,9,0.0,0.02,0.03,2,26,0,0,1,6.285714285714286,0.0
8,958,9,True,0,2025-02-26,9,0.0,0.01,0.04,2,26,0,0,1,7.0,0.0
8,976,9,True,0,2025-02-26,7,0.0,0.01,0.03,2,26,0,0,1,6.714285714285714,0.0
8,1112,9,True,0,2025-02-26,5,0.0,0.02,0.05,2,26,0,0,1,7.428571428571429,0.0
8,1148,9,True,0,2025-02-26,2,0.0,0.02,0.05,2,26,0,0,1,6.571428571428571,0.0
8,1172,9,True,0,2025-02-26,2,0.0,0.01,0.03,2,26,0,0,1,5.857142857142857,0.0
8,1178,9,True,0,2025-02-26,24,2.0,0.02,0.08,2,26,0,0,1,5.857142857142857,0.0
8,1287,9,True,0,2025-02-26,3,0.0,0.01,0.04,2,26,0,0,1,8.285714285714286,0.0
8,1323,9,True,0,2025-02-26,17,1.0,0.02,0.07,2,26,0,0,1,7.428571428571429,0.0
8,1409,9,True,0,2025-02-26,14,0.0,0.02,0.05,2,26,0,0,1,8.571428571428571,0.0
8,1510,9,True,0,2025-02-26,9,0.0,0.03,0.14,2,26,0,0,1,9.571428571428571,0.0
8,1661,9,True,0,2025-02-26,5,0.0,0.01,0.04,2,26,0,0,1,10.142857142857142,0.0
8,1696,9,True,0,2025-02-26,16,2.0,0.01,0.03,2,26,0,0,1,10.571428571428571,0.0
8,1705,9,True,0,2025-02-26,4,0.0,0.04,0.1,2,26,0,0,1,12.571428571428571,0.0
8,1896,9,True,0,2025-02-26,4,0.0,0.03,0.11,2,26,0,0,1,9.714285714285714,0.0
8,1906,9,True,0,2025-02-26,5,0.0,0.04,0.16,2,26,0,0,1,9.857142857142858,0.0
8,1951,9,True,0,2025-02-26,6,1.0,0.02,0.06,2,26,0,0,1,8.142857142857142,0.0
8,2010,9,True,0,2025-02-26,7,2.0,0.03,0.07,2,26,0,0,1,7.0,0.0
8,2011,9,True,0,2025-02-26,9,0.0,0.01,0.05,2,26,0,0,1,6.714285714285714,0.0
8,2056,9,True,0,2025-02-26,15,0.0,0.01,0.03,2,26,0,0,1,7.285714285714286,0.0
8,2256,9,True,0,2025-02-26,18,2.0,0.02,0.04,2,26,0,0,1,7.142857142857143,0.0
8,2284,9,True,0,2025-02-26,3,0.0,0.01,0.03,2,26,0,0,1,9.142857142857142,0.0
8,2307,9,True,0,2025-02-26,1,0.0,0.02,0.06,2,26,0,0,1,9.0,0.0
8,2357,9,True,0,2025-02-26,4,0.0,0.09,0.46,2,26,0,0,1,8.428571428571429,0.0
8,2360,9,True,0,2025-02-26,0,1.0,0.01,0.04,2,26,0,0,1,8.142857142857142,0.0
8,2399,9,True,0,2025-02-26,15,0.0,0.03,0.1,2,26,0,0,1,7.142857142857143,0.0
8,2401,9,True,0,2025-02-26,3,0.0,0.01,0.05,2,26,0,0,1,8.0,0.0
8,2419,9,True,0,2025-02-26,4,0.0,0.02,0.03,2,26,0,0,1,6.285714285714286,0.0
8,2474,9,True,0,2025-02-26,4,0.0,0.04,0.12,2,26,0,0,1,4.285714285714286,0.0
8,2486,9,True,0,2025-02-26,1,0.0,0.02,0.07,2,26,0,0,1,4.428571428571429,0.0
8,2543,9,True,0,2025-02-26,2,1.0,0.0,0.02,2,26,0,0,1,4.428571428571429,0.0
8,2615,9,True,0,2025-02-26,15,1.0,0.02,0.06,2,26,0,0,1,4.142857142857143,0.0
8,2795,9,True,0,2025-02-26,9,0.0,0.02,0.07,2,26,0,0,1,6.285714285714286,0.0
8,2812,9,True,0,2025-02-26,8,0.0,0.02,0.06,2,26,0,0,1,5.428571428571429,0.0
8,2841,9,True,0,2025-02-26,3,1.0,0.01,0.07,2,26,0,0,1,6.142857142857143,0.0
8,2857,9,True,0,2025-02-26,8,0.0,0.01,0.02,2,26,0,0,1,6.0,0.0
8,3008,9,True,0,2025-02-26,15,0.0,0.01,0.05,2,26,0,0,1,6.571428571428571,0.0
8,3226,9,True,0,2025-02-26,6,2.0,0.02,0.06,2,26,0,0,1,8.571428571428571,0.0
8,3241,9,True,0,2025-02-26,5,0.0,0.01,0.02,2,26,0,0,1,9.142857142857142,0.0
8,3244,9,True,0,2025-02-26,7,0.0,0.01,0.04,2,26,0,0,1,7.714285714285714,0.0
8,3356,9,True,0,2025-02-26,2,0.0,0.01,0.02,2,26,0,0,1,7.428571428571429,0.0
8,3540,9,True,0,2025-02-26,9,0.0,0.03,0.08,2,26,0,0,1,6.571428571428571,0.0
8,3735,9,True,0,2025-02-26,8,0.0,0.02,0.06,2,26,0,0,1,7.428571428571429,0.0
8,3751,9,True,0,2025-02-26,34,1.0,0.04,0.11,2,26,0,0,1,7.428571428571429,0.0
8,3789,9,True,0,2025-02-26,25,0.0,0.01,0.02,2,26,0,0,1,10.142857142857142,0.0
8,3905,9,True,0,2025-02-26,0,0.0,0.01,0.08,2,26,0,0,1,12.857142857142858,0.0
8,4012,9,True,0,2025-02-26,11,1.0,0.01,0.06,2,26,0,0,1,12.142857142857142,0.0
8,4106,9,True,0,2025-02-26,4,0.0,0.02,0.14,2,26,0,0,1,12.714285714285714,0.0
8,4141,9,True,0,2025-02-26,3,0.0,0.05,0.1,2,26,0,0,1,13.0,0.0
8,4153,9,True,0,2025-02-26,10,0.0,0.01,0.03,2,26,0,0,1,12.142857142857142,0.0
8,4154,9,True,0,2025-02-26,4,0.0,0.0,0.01,2,26,0,0,1,12.428571428571429,0.0
8,4197,9,True,0,2025-02-26,15,0.0,0.01,0.02,2,26,0,0,1,8.142857142857142,0.0
8,4348,9,True,0,2025-02-26,5,1.0,0.01,0.03,2,26,0,0,1,6.714285714285714,0.0
8,4350,9,True,0,2025-02-26,11,0.0,0.03,0.07,2,26,0,0,1,7.428571428571429,0.0
8,4367,9,True,0,2025-02-26,5,0.0,0.03,0.05,2,26,0,0,1,7.428571428571429,0.0
8,4466,9,True,0,2025-02-26,2,2.0,0.02,0.05,2,26,0,0,1,7.571428571428571,0.0
8,4493,9,True,0,2025-02-26,16,0.0,0.01,0.07,2,26,0,0,1,7.428571428571429,0.0
8,4530,9,True,0,2025-02-26,20,0.0,0.01,0.02,2,26,0,0,1,8.285714285714286,0.0
8,4594,9,True,0,2025-02-26,31,0.0,0.01,0.07,2,26,0,0,1,10.571428571428571,1.875908137441456
8,4637,9,True,0,2025-02-26,6,1.0,0.01,0.01,2,26,0,0,1,12.857142857142858,0.0
8,4645,9,True,0,2025-02-26,5,0.0,0.01,0.02,2,26,0,0,1,13.0,0.0
8,4655,9,True,0,2025-02-26,5,1.0,0.06,0.08,2,26,0,0,1,12.142857142857142,0.0
8,4679,9,True,0,2025-02-26,45,0.0,0.01,0.04,2,26,0,0,1,12.142857142857142,0.0
8,4845,9,True,0,2025-02-26,4,0.0,0.01,0.03,2,26,0,0,1,18.285714285714285,0.0
8,4906,9,True,0,2025-02-26,5,0.0,0.01,0.04,2,26,0,0,1,16.571428571428573,0.0
8,4996,9,True,0,2025-02-26,4,0.0,0.0,0.02,2,26,0,0,1,14.428571428571429,0.0
8,5079,9,True,0,2025-02-26,1,0.0,0.01,0.03,2,26,0,0,1,10.571428571428571,0.0
8,5087,9,True,0,2025-02-26,6,1.0,0.03,0.07,2,26,0,0,1,9.857142857142858,0.0
8,5093,9,True,0,2025-02-26,44,3.0,0.02,0.08,2,26,0,0,1,10.0,0.0
8,5122,9,True,0,2025-02-26,2,0.0,0.01,0.02,2,26,0,0,1,15.571428571428571,0.0
8,5135,9,True,0,2025-02-26,6,0.0,0.02,0.06,2,26,0,0,1,9.428571428571429,0.0
8,5175,9,True,0,2025-02-26,4,0.0,0.01,0.03,2,26,0,0,1,9.714285714285714,0.0
8,5212,9,True,0,2025-02-26,4,0.0,0.01,0.05,2,26,0,0,1,9.571428571428571,0.0
8,5272,9,True,0,2025-02-26,56,2.0,0.01,0.02,2,26,0,0,1,9.571428571428571,0.0
8,147,10,False,0,2025-02-26,30,0.0,0.03,0.07,2,26,0,0,1,17.428571428571427,0.0
8,1782,10,False,0,2025-02-26,23,0.0,0.04,0.09,2,26,0,0,1,20.857142857142858,0.0
8,2377,10,False,0,2025-02-26,52,1.0,0.0,0.01,2,26,0,0,1,17.857142857142858,3.4925071455083523
8,3203,10,False,0,2025-02-26,30,0.0,0.03,0.09,2,26,0,0,1,25.0,0.0
8,5018,10,False,0,2025-02-26,23,1.0,0.02,0.13,2,26,0,0,1,28.428571428571427,0.0
8,2058,11,False,0,2025-02-26,0,0.0,0.22,0.21,2,26,0,0,1,31.142857142857142,0.0
8,2882,11,False,0,2025-02-26,10,0.0,0.23,0.2,2,26,0,0,1,30.571428571428573,0.0
8,3107,11,False,0,2025-02-26,4,1.0,0.12,0.15,2,26,0,0,1,24.0,0.0
8,3123,11,False,0,2025-02-26,15,0.0,0.23,0.22,2,26,0,0,1,20.285714285714285,0.0
8,3499,11,False,0,2025-02-26,4,0.0,0.09,0.08,2,26,0,0,1,19.142857142857142,0.0
8,3870,11,False,0,2025-02-26,3,0.0,0.15,0.16,2,26,0,0,1,12.285714285714286,0.0
8,4160,11,False,0,2025-02-26,0,0.0,0.16,0.19,2,26,0,0,1,8.428571428571429,0.0
8,5085,11,False,0,2025-02-26,19,0.0,0.23,0.22,2,26,0,0,1,5.142857142857143,0.0
8,488,1,False,0,2025-02-24,7,0.0,0.14,0.16,0,24,0,0,0,7.857142857142857,0.0
8,1985,1,False,0,2025-02-24,8,0.0,0.14,0.17,0,24,0,0,0,7.428571428571429,0.0
8,2735,1,False,0,2025-02-24,14,0.0,0.14,0.17,0,24,0,0,0,8.0,0.0
8,3664,1,False,0,2025-02-24,3,0.0,0.14,0.16,0,24,0,0,0,7.857142857142857,0.0
8,4052,1,False,0,2025-02-24,4,1.0,0.15,0.17,0,24,0,0,0,7.714285714285714,0.0
8,48,3,True,0,2025-02-24,1,1.0,0.12,0.17,0,24,0,0,0,7.857142857142857,0.0
8,59,3,True,0,2025-02-24,13,0.0,0.02,0.02,0,24,0,0,0,8.0,0.0
8,82,3,True,0,2025-02-24,4,1.0,0.06,0.07,0,24,0,0,0,7.142857142857143,0.0
8,86,3,True,0,2025-02-24,3,0.0,0.12,0.14,0,24,0,0,0,6.714285714285714,0.0
8,87,3,True,0,2025-02-24,9,0.0,0.03,0.04,0,24,0,0,0,6.0,0.0
8,94,3,True,0,2025-02-24,11,0.0,0.08,0.15,0,24,0,0,0,5.285714285714286,0.0
8,103,3,True,0,2025-02-24,8,0.0,0.06,0.09,0,24,0,0,0,6.428571428571429,0.0
8,106,3,True,0,2025-02-24,2,0.0,0.04,0.06,0,24,0,0,0,7.0,0.0
8,167,3,True,0,2025-02-24,1,0.0,0.09,0.12,0,24,0,0,0,7.142857142857143,0.0
8,212,3,True,0,2025-02-24,3,0.0,0.05,0.07,0,24,0,0,0,5.428571428571429,0.0
8,234,3,True,0,2025-02-24,2,0.0,0.08,0.1,0,24,0,0,0,5.285714285714286,0.0
8,281,3,True,0,2025-02-24,10,0.0,0.07,0.09,0,24,0,0,0,5.142857142857143,0.0
8,381,3,True,0,2025-02-24,13,0.0,0.04,0.05,0,24,0,0,0,5.285714285714286,0.0
8,415,3,True,0,2025-02-24,3,0.0,0.07,0.1,0,24,0,0,0,5.571428571428571,0.0
8,440,3,True,0,2025-02-24,4,0.0,0.05,0.06,0,24,0,0,0,4.857142857142857,0.0
8,470,3,True,0,2025-02-24,1,0.0,0.07,0.09,0,24,0,0,0,5.142857142857143,0.0
8,493,3,True,0,2025-02-24,3,0.0,0.11,0.13,0,24,0,0,0,5.142857142857143,0.0
8,516,3,True,0,2025-02-24,0,0.0,0.02,0.02,0,24,0,0,0,5.142857142857143,0.0
8,605,3,True,0,2025-02-24,3,1.0,0.05,0.05,0,24,0,0,0,4.857142857142857,0.0
8,612,3,True,0,2025-02-24,11,0.0,0.03,0.03,0,24,0,0,0,3.857142857142857,1.433155417622059
8,620,3,True,0,2025-02-24,3,0.0,0.02,0.02,0,24,0,0,0,3.5714285714285716,0.0
8,650,3,True,0,2025-02-24,7,0.0,0.08,0.11,0,24,0,0,0,3.5714285714285716,0.0
8,686,3,True,0,2025-02-24,3,0.0,0.03,0.05,0,24,0,0,0,4.0,0.0
8,703,3,True,0,2025-02-24,8,0.0,0.02,0.02,0,24,0,0,0,4.285714285714286,0.0
8,742,3,True,0,2025-02-24,2,0.0,0.04,0.05,0,24,0,0,0,5.0,0.0
8,855,3,True,0,2025-02-24,1,0.0,0.02,0.03,0,24,0,0,0,5.285714285714286,0.0
8,947,3,True,0,2025-02-24,40,0.0,0.01,0.01,0,24,0,0,0,5.0,0.0
8,1052,3,True,0,2025-02-24,1,0.0,0.02,0.03,0,24,0,0,0,9.142857142857142,0.0
8,1071,3,True,0,2025-02-24,2,1.0,0.02,0.05,0,24,0,0,0,8.857142857142858,0.0
8,1103,3,True,0,2025-02-24,25,0.0,0.1,0.14,0,24,0,0,0,8.142857142857142,0.0
8,1105,3,True,0,2025-02-24,6,1.0,0.05,0.07,0,24,0,0,0,11.285714285714286,0.0
8,1120,3,True,0,2025-02-24,2,2.0,0.06,0.09,0,24,0,0,0,11.0,0.0
8,1175,3,True,0,2025-02-24,2,0.0,0.01,0.03,0,24,0,0,0,11.0,0.0
8,1190,3,True,0,2025-02-24,3,0.0,0.04,0.05,0,24,0,0,0,11.142857142857142,0.0
8,1223,3,True,0,2025-02-24,1,1.0,0.03,0.05,0,24,0,0,0,5.857142857142857,0.0
8,1235,3,True,0,2025-02-24,1,0.0,0.06,0.08,0,24,0,0,0,5.857142857142857,0.0
8,1261,3,True,0,2025-02-24,4,1.0,0.07,0.09,0,24,0,0,0,5.714285714285714,0.0
8,1291,3,True,0,2025-02-24,6,1.0,0.04,0.05,0,24,0,0,0,2.7142857142857144,0.0
8,1382,3,True,0,2025-02-24,3,0.0,0.05,0.07,0,24,0,0,0,2.7142857142857144,0.0
8,1384,3,True,0,2025-02-24,4,0.0,0.08,0.1,0,24,0,0,0,2.857142857142857,0.0
8,1390,3,True,0,2025-02-24,6,0.0,0.04,0.06,0,24,0,0,0,3.142857142857143,0.0
8,1447,3,True,0,2025-02-24,1,3.0,0.08,0.11,0,24,0,0,0,3.5714285714285716,0.0
8,1470,3,True,0,2025-02-24,6,2.0,0.06,0.08,0,24,0,0,0,3.5714285714285716,0.0
8,1503,3,True,0,2025-02-24,2,0.0,0.17,0.19,0,24,0,0,0,4.285714285714286,0.0
8,1505,3,True,0,2025-02-24,16,0.0,0.01,0.02,0,24,0,0,0,4.0,0.0
8,1531,3,True,0,2025-02-24,5,0.0,0.05,0.08,0,24,0,0,0,5.428571428571429,0.0
8,1576,3,True,0,2025-02-24,3,0.0,0.13,0.16,0,24,0,0,0,5.714285714285714,0.0
8,1610,3,True,0,2025-02-24,33,3.0,0.01,0.01,0,24,0,0,0,5.571428571428571,0.0
8,1642,3,True,0,2025-02-24,0,0.0,0.09,0.12,0,24,0,0,0,9.428571428571429,0.0
8,1771,3,True,0,2025-02-24,1,0.0,0.17,0.22,0,24,0,0,0,9.285714285714286,0.0
8,1822,3,True,0,2025-02-24,1,0.0,0.08,0.1,0,24,0,0,0,8.571428571428571,0.0
8,1849,3,True,0,2025-02-24,2,0.0,0.05,0.06,0,24,0,0,0,8.428571428571429,0.0
8,1902,3,True,0,2025-02-24,5,0.0,0.03,0.04,0,24,0,0,0,6.428571428571429,0.0
8,1940,3,True,0,2025-02-24,1,1.0,0.04,0.06,0,24,0,0,0,6.428571428571429,0.0
8,1949,3,True,0,2025-02-24,3,0.0,0.04,0.05,0,24,0,0,0,6.142857142857143,0.0
8,1969,3,True,0,2025-02-24,2,0.0,0.13,0.14,0,24,0,0,0,1.8571428571428572,0.0
8,1988,3,True,0,2025-02-24,3,0.0,0.12,0.16,0,24,0,0,0,2.142857142857143,0.0
8,1997,3,True,0,2025-02-24,5,1.0,0.01,0.02,0,24,0,0,0,2.4285714285714284,0.0
8,2039,3,True,0,2025-02-24,24,0.0,0.01,0.02,0,24,0,0,0,3.0,0.0
8,2040,3,True,0,2025-02-24,0,0.0,0.08,0.11,0,24,0,0,0,6.142857142857143,0.0
8,2048,3,True,0,2025-02-24,3,0.0,0.04,0.06,0,24,0,0,0,5.428571428571429,0.0
8,2062,3,True,0,2025-02-24,2,0.0,0.11,0.13,0,24,0,0,0,5.714285714285714,0.0
8,2110,3,True,0,2025-02-24,5,0.0,0.06,0.08,0,24,0,0,0,5.571428571428571,0.0
8,2127,3,True,0,2025-02-24,25,0.0,0.03,0.03,0,24,0,0,0,6.0,0.0
8,2151,3,True,0,2025-02-24,0,0.0,0.0,0.01,0,24,0,0,0,9.142857142857142,0.0
8,2185,3,True,0,2025-02-24,7,0.0,0.04,0.05,0,24,0,0,0,8.428571428571429,0.0
8,2236,3,True,0,2025-02-24,6,2.0,0.07,0.09,0,24,0,0,0,6.0,0.0
8,2331,3,True,0,2025-02-24,6,0.0,0.51,0.55,0,24,0,0,0,6.857142857142857,0.0
8,2432,3,True,0,2025-02-24,6,0.0,0.03,0.04,0,24,0,0,0,7.285714285714286,0.0
8,2491,3,True,0,2025-02-24,1,1.0,0.03,0.04,0,24,0,0,0,7.857142857142857,0.0
8,2551,3,True,0,2025-02-24,1,0.0,0.02,0.02,0,24,0,0,0,7.285714285714286,0.0
8,2558,3,True,0,2025-02-24,5,0.0,0.08,0.11,0,24,0,0,0,3.857142857142857,0.0
8,2585,3,True,0,2025-02-24,4,1.0,0.03,0.04,0,24,0,0,0,4.571428571428571,0.0
8,2595,3,True,0,2025-02-24,14,0.0,0.0,0.01,0,24,0,0,0,4.142857142857143,0.0
8,2700,3,True,0,2025-02-24,21,0.0,0.01,0.01,0,24,0,0,0,5.285714285714286,0.0
8,2805,3,True,0,2025-02-24,6,0.0,0.08,0.11,0,24,0,0,0,7.428571428571429,0.0
8,2816,3,True,0,2025-02-24,2,2.0,0.06,0.08,0,24,0,0,0,7.428571428571429,0.0
8,2840,3,True,0,2025-02-24,3,0.0,0.17,0.21,0,24,0,0,0,7.571428571428571,0.0
8,2852,3,True,0,2025-02-24,3,0.0,0.07,0.1,0,24,0,0,0,7.857142857142857,0.0
8,2884,3,True,0,2025-02-24,3,1.0,0.23,0.29,0,24,0,0,0,7.571428571428571,0.0
8,2889,3,True,0,2025-02-24,5,0.0,0.03,0.04,0,24,0,0,0,7.428571428571429,0.0
8,3190,3,True,0,2025-02-24,35,0.0,0.02,0.02,0,24,0,0,0,6.142857142857143,0.0
8,3239,3,True,0,2025-02-24,4,0.0,0.06,0.07,0,24,0,0,0,8.142857142857142,0.0
8,3279,3,True,0,2025-02-24,4,1.0,0.02,0.02,0,24,0,0,0,7.857142857142857,0.0
8,3283,3,True,0,2025-02-24,3,0.0,0.1,0.13,0,24,0,0,0,8.142857142857142,0.0
8,3339,3,True,0,2025-02-24,21,2.0,0.01,0.01,0,24,0,0,0,8.142857142857142,0.0
8,3349,3,True,0,2025-02-24,2,0.0,0.27,0.38,0,24,0,0,0,10.714285714285714,0.0
8,3360,3,True,0,2025-02-24,1,0.0,0.02,0.04,0,24,0,0,0,10.571428571428571,0.0
8,3556,3,True,0,2025-02-24,0,1.0,0.26,0.32,0,24,0,0,0,10.0,0.0
8,3693,3,True,0,2025-02-24,8,1.0,0.01,0.01,0,24,0,0,0,5.0,0.0
8,3717,3,True,0,2025-02-24,0,0.0,0.05,0.06,0,24,0,0,0,5.571428571428571,0.0
8,3768,3,True,0,2025-02-24,3,0.0,0.02,0.02,0,24,0,0,0,5.0,0.0
8,3786,3,True,0,2025-02-24,0,0.0,0.05,0.16,0,24,0,0,0,5.0,0.0
8,3862,3,True,0,2025-02-24,2,0.0,0.07,0.09,0,24,0,0,0,2.0,0.0
8,3931,3,True,0,2025-02-24,13,0.0,0.01,0.02,0,24,0,0,0,2.0,0.0
8,3985,3,True,0,2025-02-24,3,0.0,0.12,0.16,0,24,0,0,0,3.7142857142857144,0.0
8,4059,3,True,0,2025-02-24,5,1.0,0.33,0.34,0,24,0,0,0,4.142857142857143,0.0
8,4101,3,True,0,2025-02-24,7,1.0,0.13,0.15,0,24,0,0,0,3.7142857142857144,0.0
8,4144,3,True,0,2025-02-24,21,0.0,0.02,0.03,0,24,0,0,0,4.714285714285714,0.0
8,4176,3,True,0,2025-02-24,5,0.0,0.03,0.05,0,24,0,0,0,7.285714285714286,0.0
8,4204,3,True,0,2025-02-24,0,0.0,0.14,0.17,0,24,0,0,0,8.0,0.0
8,4205,3,True,0,2025-02-24,30,0.0,0.02,0.02,0,24,0,0,0,7.714285714285714,0.0
8,4215,3,True,0,2025-02-24,2,0.0,0.03,0.07,0,24,0,0,0,10.142857142857142,0.0
8,4252,3,True,0,2025-02-24,6,0.0,0.02,0.03,0,24,0,0,0,10.0,0.0
8,4321,3,True,0,2025-02-24,1,0.0,0.1,0.12,0,24,0,0,0,10.142857142857142,0.0
8,4333,3,True,0,2025-02-24,2,0.0,0.21,0.26,0,24,0,0,0,9.285714285714286,0.0
8,4426,3,True,0,2025-02-24,38,2.0,0.03,0.05,0,24,0,0,0,6.571428571428571,0.0
8,4433,3,True,0,2025-02-24,1,0.0,0.05,0.07,0,24,0,0,0,11.285714285714286,0.0
8,4439,3,True,0,2025-02-24,26,1.0,0.02,0.02,0,24,0,0,0,11.428571428571429,0.0
8,4447,3,True,0,2025-02-24,2,5.0,0.02,0.03,0,24,0,0,0,10.857142857142858,0.0
8,4461,3,True,0,2025-02-24,9,0.0,0.03,0.03,0,24,0,0,0,10.857142857142858,0.0
8,4470,3,True,0,2025-02-24,2,0.0,0.07,0.09,0,24,0,0,0,11.285714285714286,0.0
8,4488,3,True,0,2025-02-24,3,0.0,0.01,0.03,0,24,0,0,0,11.428571428571429,0.0
8,4504,3,True,0,2025-02-24,2,0.0,0.03,0.04,0,24,0,0,0,11.571428571428571,0.0
8,4523,3,True,0,2025-02-24,1,0.0,0.06,0.09,0,24,0,0,0,6.428571428571429,0.0
8,4596,3,True,0,2025-02-24,3,1.0,0.07,0.08,0,24,0,0,0,6.428571428571429,0.0
8,4633,3,True,0,2025-02-24,4,0.0,0.04,0.06,0,24,0,0,0,3.142857142857143,0.0
8,4713,3,True,0,2025-02-24,2,0.0,0.04,0.06,0,24,0,0,0,3.4285714285714284,0.0
8,4722,3,True,0,2025-02-24,7,0.0,0.04,0.06,0,24,0,0,0,2.4285714285714284,0.0
8,4766,3,True,0,2025-02-24,5,0.0,0.03,0.04,0,24,0,0,0,3.142857142857143,0.0
8,4786,3,True,0,2025-02-24,5,0.0,0.03,0.04,0,24,0,0,0,3.4285714285714284,0.0
8,4800,3,True,0,2025-02-24,6,0.0,0.08,0.11,0,24,0,0,0,3.857142857142857,0.0
8,4809,3,True,0,2025-02-24,2,0.0,0.1,0.16,0,24,0,0,0,4.571428571428571,0.0
8,4810,3,True,0,2025-02-24,3,1.0,0.03,0.04,0,24,0,0,0,4.428571428571429,0.0
8,4818,3,True,0,2025-02-24,5,0.0,0.04,0.07,0,24,0,0,0,4.285714285714286,0.0
8,4826,3,True,0,2025-02-24,9,4.0,0.12,0.16,0,24,0,0,0,4.714285714285714,0.0
8,4847,3,True,0,2025-02-24,13,0.0,0.1,0.13,0,24,0,0,0,5.0,0.0
8,4889,3,True,0,2025-02-24,4,0.0,0.03,0.04,0,24,0,0,0,6.142857142857143,0.0
8,4952,3,True,0,2025-02-24,3,0.0,0.24,0.28,0,24,0,0,0,6.0,0.0
8,4960,3,True,0,2025-02-24,2,0.0,0.02,0.03,0,24,0,0,0,5.571428571428571,0.0
8,5029,3,True,0,2025-02-24,7,0.0,0.06,0.08,0,24,0,0,0,5.571428571428571,0.0
8,5057,3,True,0,2025-02-24,2,0.0,0.06,0.09,0,24,0,0,0,6.142857142857143,0.0
8,5060,3,True,0,2025-02-24,1,0.0,0.06,0.08,0,24,0,0,0,5.714285714285714,0.0
8,5082,3,True,0,2025-02-24,4,0.0,0.04,0.06,0,24,0,0,0,4.571428571428571,0.0
8,5090,3,True,0,2025-02-24,3,0.0,0.05,0.06,0,24,0,0,0,3.2857142857142856,0.0
8,5153,3,True,0,2025-02-24,1,0.0,0.09,0.12,0,24,0,0,0,3.142857142857143,0.0
8,5167,3,True,0,2025-02-24,2,0.0,0.05,0.07,0,24,0,0,0,2.857142857142857,0.0
8,5176,3,True,0,2025-02-24,1,0.0,0.23,0.35,0,24,0,0,0,2.857142857142857,0.0
8,5183,3,True,0,2025-02-24,6,0.0,0.03,0.04,0,24,0,0,0,2.0,0.0
8,5259,3,True,0,2025-02-24,2,0.0,0.06,0.09,0,24,0,0,0,2.5714285714285716,0.0
8,4,4,False,0,2025-02-24,3,0.0,0.12,0.15,0,24,0,0,0,2.7142857142857144,0.0
8,19,4,False,0,2025-02-24,6,0.0,0.01,0.03,0,24,0,0,0,2.5714285714285716,0.0
8,31,4,False,0,2025-02-24,1,0.0,0.02,0.03,0,24,0,0,0,3.0,0.0
8,34,4,False,0,2025-02-24,3,0.0,0.01,0.01,0,24,0,0,0,3.0,0.0
8,47,4,False,0,2025-02-24,5,0.0,0.01,0.01,0,24,0,0,0,3.142857142857143,0.0
8,61,4,False,0,2025-02-24,4,0.0,0.01,0.02,0,24,0,0,0,3.7142857142857144,0.0
8,70,4,False,0,2025-02-24,4,0.0,0.03,0.06,0,24,0,0,0,3.4285714285714284,0.0
8,91,4,False,0,2025-02-24,4,0.0,0.03,0.03,0,24,0,0,0,3.7142857142857144,0.0
8,107,4,False,0,2025-02-24,3,0.0,0.03,0.04,0,24,0,0,0,3.857142857142857,0.0
8,122,4,False,0,2025-02-24,2,0.0,0.03,0.04,0,24,0,0,0,3.4285714285714284,0.0
8,155,4,False,0,2025-02-24,3,0.0,0.04,0.0,0,24,0,0,0,3.5714285714285716,0.0
8,200,4,False,0,2025-02-24,3,0.0,0.04,0.05,0,24,0,0,0,3.5714285714285716,0.0
8,248,4,False,0,2025-02-24,3,0.0,0.05,0.07,0,24,0,0,0,3.2857142857142856,0.0
8,249,4,False,0,2025-02-24,2,0.0,0.13,0.14,0,24,0,0,0,3.142857142857143,0.0
8,283,4,False,0,2025-02-24,3,0.0,0.03,0.05,0,24,0,0,0,2.857142857142857,0.0
8,355,4,False,0,2025-02-24,2,1.0,0.02,0.03,0,24,0,0,0,2.7142857142857144,0.0
8,363,4,False,0,2025-02-24,0,0.0,0.01,0.01,0,24,0,0,0,2.5714285714285716,0.0
8,371,4,False,0,2025-02-24,2,1.0,0.01,0.01,0,24,0,0,0,2.2857142857142856,0.0
8,393,4,False,0,2025-02-24,2,0.0,0.02,0.03,0,24,0,0,0,2.142857142857143,0.0
8,442,4,False,0,2025-02-24,2,0.0,0.05,0.07,0,24,0,0,0,2.0,0.0
8,495,4,False,0,2025-02-24,3,0.0,0.02,0.03,0,24,0,0,0,1.8571428571428572,0.0
8,523,4,False,0,2025-02-24,3,0.0,0.03,0.05,0,24,0,0,0,2.0,0.0
8,538,4,False,0,2025-02-24,2,0.0,0.02,0.04,0,24,0,0,0,2.0,0.0
8,542,4,False,0,2025-02-24,4,0.0,0.04,0.06,0,24,0,0,0,2.0,0.0
8,544,4,False,0,2025-02-24,4,0.0,0.02,0.04,0,24,0,0,0,2.5714285714285716,0.0
8,564,4,False,0,2025-02-24,2,0.0,0.02,0.03,0,24,0,0,0,2.857142857142857,0.0
8,610,4,False,0,2025-02-24,5,0.0,0.04,0.05,0,24,0,0,0,2.857142857142857,0.0
8,619,4,False,0,2025-02-24,3,0.0,0.04,0.05,0,24,0,0,0,3.2857142857142856,0.0
8,636,4,False,0,2025-02-24,3,0.0,0.02,0.03,0,24,0,0,0,3.2857142857142856,0.0
8,645,4,False,0,2025-02-24,2,1.0,0.01,0.02,0,24,0,0,0,3.2857142857142856,0.0
8,653,4,False,0,2025-02-24,5,0.0,0.02,0.03,0,24,0,0,0,3.2857142857142856,0.0
8,668,4,False,0,2025-02-24,3,0.0,0.03,0.04,0,24,0,0,0,3.4285714285714284,0.0
8,701,4,False,0,2025-02-24,4,0.0,0.02,0.04,0,24,0,0,0,3.2857142857142856,0.0
8,717,4,False,0,2025-02-24,4,0.0,0.05,0.07,0,24,0,0,0,3.5714285714285716,0.0
8,768,4,False,0,2025-02-24,6,0.0,0.03,0.04,0,24,0,0,0,3.4285714285714284,0.0
8,769,4,False,0,2025-02-24,5,0.0,0.01,0.01,0,24,0,0,0,3.857142857142857,0.0
8,780,4,False,0,2025-02-24,6,0.0,0.03,0.04,0,24,0,0,0,4.142857142857143,0.0
8,794,4,False,0,2025-02-24,1,0.0,0.03,0.05,0,24,0,0,0,4.714285714285714,0.0
8,854,4,False,0,2025-02-24,3,0.0,0.05,0.06,0,24,0,0,0,4.142857142857143,0.0
8,858,4,False,0,2025-02-24,2,0.0,0.04,0.06,0,24,0,0,0,4.142857142857143,0.0
8,864,4,False,0,2025-02-24,4,0.0,0.02,0.03,0,24,0,0,0,3.857142857142857,0.0
8,875,4,False,0,2025-02-24,5,1.0,0.02,0.03,0,24,0,0,0,3.857142857142857,0.0
8,891,4,False,0,2025-02-24,3,1.0,0.03,0.04,0,24,0,0,0,3.7142857142857144,0.0
8,961,4,False,0,2025-02-24,2,0.0,0.05,0.05,0,24,0,0,0,3.4285714285714284,0.0
8,1017,4,False,0,2025-02-24,3,0.0,0.03,0.04,0,24,0,0,0,2.857142857142857,0.0
8,1047,4,False,0,2025-02-24,4,0.0,0.09,0.14,0,24,0,0,0,3.142857142857143,0.0
8,1057,4,False,0,2025-02-24,3,0.0,0.04,0.07,0,24,0,0,0,3.2857142857142856,0.0
8,1095,4,False,0,2025-02-24,0,0.0,0.03,0.05,0,24,0,0,0,3.4285714285714284,0.0
8,1107,4,False,0,2025-02-24,1,1.0,0.02,0.03,0,24,0,0,0,2.857142857142857,0.0
8,1161,4,False,0,2025-02-24,2,0.0,0.02,0.03,0,24,0,0,0,2.2857142857142856,0.0
8,1177,4,False,0,2025-02-24,4,0.0,0.1,0.15,0,24,0,0,0,2.142857142857143,0.0
8,1189,4,False,0,2025-02-24,2,1.0,0.02,0.04,0,24,0,0,0,2.4285714285714284,0.0
8,1193,4,False,0,2025-02-24,4,0.0,0.02,0.03,0,24,0,0,0,2.2857142857142856,0.0
8,1202,4,False,0,2025-02-24,3,0.0,0.02,0.04,0,24,0,0,0,2.2857142857142856,0.0
8,1215,4,False,0,2025-02-24,2,0.0,0.01,0.02,0,24,0,0,0,2.2857142857142856,0.0
8,1224,4,False,0,2025-02-24,0,0.0,0.04,0.05,0,24,0,0,0,2.5714285714285716,0.0
8,1267,4,False,0,2025-02-24,2,0.0,0.07,0.09,0,24,0,0,0,2.4285714285714284,0.0
8,1293,4,False,0,2025-02-24,6,0.0,0.03,0.04,0,24,0,0,0,2.4285714285714284,0.0
8,1303,4,False,0,2025-02-24,4,0.0,0.06,0.07,0,24,0,0,0,2.7142857142857144,0.0
8,1338,4,False,0,2025-02-24,2,0.0,0.06,0.09,0,24,0,0,0,3.0,0.0
8,1344,4,False,0,2025-02-24,3,0.0,0.06,0.09,0,24,0,0,0,2.7142857142857144,0.0
8,1350,4,False,0,2025-02-24,1,0.0,0.03,0.05,0,24,0,0,0,2.7142857142857144,0.0
8,1367,4,False,0,2025-02-24,4,0.0,0.02,0.03,0,24,0,0,0,2.5714285714285716,0.0
8,1404,4,False,0,2025-02-24,4,0.0,0.02,0.04,0,24,0,0,0,3.142857142857143,0.0
8,1421,4,False,0,2025-02-24,4,0.0,0.02,0.03,0,24,0,0,0,3.4285714285714284,0.0
8,1448,4,False,0,2025-02-24,2,0.0,0.06,0.07,0,24,0,0,0,3.142857142857143,0.0
8,1466,4,False,0,2025-02-24,0,0.0,0.02,0.03,0,24,0,0,0,2.857142857142857,0.0
8,1479,4,False,0,2025-02-24,4,1.0,0.05,0.06,0,24,0,0,0,2.5714285714285716,0.0
8,1483,4,False,0,2025-02-24,7,0.0,0.02,0.04,0,24,0,0,0,2.7142857142857144,0.0
8,1498,4,False,0,2025-02-24,5,0.0,0.12,0.17,0,24,0,0,0,3.5714285714285716,0.0
8,1517,4,False,0,2025-02-24,2,0.0,0.02,0.03,0,24,0,0,0,3.7142857142857144,0.0
8,1533,4,False,0,2025-02-24,2,0.0,0.05,0.07,0,24,0,0,0,3.4285714285714284,0.0
8,1606,4,False,0,2025-02-24,7,0.0,0.04,0.05,0,24,0,0,0,3.142857142857143,0.0
8,1622,4,False,0,2025-02-24,6,0.0,0.07,0.09,0,24,0,0,0,3.857142857142857,0.0
8,1624,4,False,0,2025-02-24,2,0.0,0.04,0.06,0,24,0,0,0,4.714285714285714,0.0
8,1625,4,False,0,2025-02-24,3,0.0,0.03,0.04,0,24,0,0,0,4.428571428571429,0.0
8,1634,4,False,0,2025-02-24,3,0.0,0.05,0.06,0,24,0,0,0,3.857142857142857,0.0
8,1648,4,False,0,2025-02-24,5,0.0,0.03,0.04,0,24,0,0,0,3.5714285714285716,0.0
8,1654,4,False,0,2025-02-24,4,0.0,0.01,0.02,0,24,0,0,0,4.0,0.0
8,1672,4,False,0,2025-02-24,3,0.0,0.02,0.02,0,24,0,0,0,4.285714285714286,0.0
8,1693,4,False,0,2025-02-24,4,0.0,0.02,0.04,0,24,0,0,0,3.7142857142857144,0.0
8,1805,4,False,0,2025-02-24,3,0.0,0.04,0.07,0,24,0,0,0,3.4285714285714284,0.0
8,1806,4,False,0,2025-02-24,3,0.0,0.08,0.12,0,24,0,0,0,3.5714285714285716,0.0
8,1824,4,False,0,2025-02-24,3,0.0,0.01,0.01,0,24,0,0,0,3.5714285714285716,0.0
8,1836,4,False,0,2025-02-24,5,0.0,0.04,0.06,0,24,0,0,0,3.5714285714285716,0.0
8,1838,4,False,0,2025-02-24,3,0.0,0.01,0.01,0,24,0,0,0,3.5714285714285716,0.0
8,1842,4,False,0,2025-02-24,2,0.0,0.01,0.01,0,24,0,0,0,3.4285714285714284,0.0
8,1856,4,False,0,2025-02-24,2,0.0,0.02,0.04,0,24,0,0,0,3.2857142857142856,0.0
8,1861,4,False,0,2025-02-24,2,0.0,0.02,0.03,0,24,0,0,0,3.0,0.0
8,1869,4,False,0,2025-02-24,3,0.0,0.01,0.01,0,24,0,0,0,2.857142857142857,0.0
8,1870,4,False,0,2025-02-24,2,0.0,0.04,0.06,0,24,0,0,0,2.857142857142857,0.0
8,1894,4,False,0,2025-02-24,3,0.0,0.03,0.04,0,24,0,0,0,2.7142857142857144,0.0
8,1928,4,False,0,2025-02-24,0,0.0,0.01,0.01,0,24,0,0,0,2.4285714285714284,0.0
8,1942,4,False,0,2025-02-24,4,0.0,0.01,0.02,0,24,0,0,0,2.0,0.0
8,1958,4,False,0,2025-02-24,1,0.0,0.04,0.06,0,24,0,0,0,2.2857142857142856,0.0
8,1959,4,False,0,2025-02-24,10,0.0,0.05,0.08,0,24,0,0,0,2.142857142857143,0.0
8,1968,4,False,0,2025-02-24,4,1.0,0.03,0.05,0,24,0,0,0,3.2857142857142856,0.0
8,1996,4,False,0,2025-02-24,5,0.0,0.01,0.02,0,24,0,0,0,3.4285714285714284,0.0
8,1999,4,False,0,2025-02-24,1,0.0,0.01,0.01,0,24,0,0,0,3.857142857142857,0.0
8,2022,4,False,0,2025-02-24,10,0.0,0.03,0.05,0,24,0,0,0,3.5714285714285716,0.0
8,2024,4,False,0,2025-02-24,2,0.0,0.02,0.04,0,24,0,0,0,5.0,0.0
8,2064,4,False,0,2025-02-24,3,0.0,0.02,0.03,0,24,0,0,0,4.714285714285714,0.0
8,2092,4,False,0,2025-02-24,4,0.0,0.04,0.06,0,24,0,0,0,5.0,0.0
8,2097,4,False,0,2025-02-24,2,0.0,0.03,0.05,0,24,0,0,0,4.142857142857143,0.0
8,2103,4,False,0,2025-02-24,3,0.0,0.01,0.02,0,24,0,0,0,3.857142857142857,0.0
8,2137,4,False,0,2025-02-24,1,0.0,0.04,0.06,0,24,0,0,0,3.5714285714285716,0.0
8,2150,4,False,0,2025-02-24,2,0.0,0.01,0.02,0,24,0,0,0,3.5714285714285716,0.0
8,2180,4,False,0,2025-02-24,3,0.0,0.05,0.08,0,24,0,0,0,2.4285714285714284,0.0
8,2239,4,False,0,2025-02-24,3,0.0,0.03,0.04,0,24,0,0,0,2.5714285714285716,0.0
8,2252,4,False,0,2025-02-24,1,0.0,0.02,0.02,0,24,0,0,0,2.5714285714285716,0.0
8,2297,4,False,0,2025-02-24,3,0.0,0.14,0.15,0,24,0,0,0,2.142857142857143,0.0
8,2320,4,False,0,2025-02-24,2,0.0,0.03,0.04,0,24,0,0,0,2.2857142857142856,0.0
8,2355,4,False,0,2025-02-24,1,0.0,0.05,0.09,0,24,0,0,0,2.142857142857143,0.0
8,2369,4,False,0,2025-02-24,4,0.0,0.03,0.05,0,24,0,0,0,2.142857142857143,0.0
8,2423,4,False,0,2025-02-24,4,0.0,0.02,0.03,0,24,0,0,0,2.4285714285714284,0.0
8,2456,4,False,0,2025-02-24,3,0.0,0.02,0.03,0,24,0,0,0,2.5714285714285716,0.0
8,2495,4,False,0,2025-02-24,2,0.0,0.05,0.08,0,24,0,0,0,2.5714285714285716,0.0
8,2517,4,False,0,2025-02-24,2,1.0,0.05,0.09,0,24,0,0,0,2.7142857142857144,0.0
8,2550,4,False,0,2025-02-24,3,0.0,0.03,0.05,0,24,0,0,0,2.5714285714285716,0.0
8,2569,4,False,0,2025-02-24,2,0.0,0.01,0.02,0,24,0,0,0,2.7142857142857144,0.0
8,2586,4,False,0,2025-02-24,2,0.0,0.04,0.06,0,24,0,0,0,2.857142857142857,0.0
8,2644,4,False,0,2025-02-24,1,1.0,0.05,0.08,0,24,0,0,0,2.5714285714285716,0.0
8,2711,4,False,0,2025-02-24,5,0.0,0.04,0.06,0,24,0,0,0,2.142857142857143,0.0
8,2750,4,False,0,2025-02-24,3,0.0,0.01,0.01,0,24,0,0,0,2.4285714285714284,0.0
8,2773,4,False,0,2025-02-24,4,0.0,0.02,0.04,0,24,0,0,0,2.5714285714285716,0.0
8,2800,4,False,0,2025-02-24,7,2.0,0.03,0.04,0,24,0,0,0,2.857142857142857,0.0
8,2908,4,False,0,2025-02-24,1,1.0,0.03,0.04,0,24,0,0,0,3.4285714285714284,0.0
8,2943,4,False,0,2025-02-24,4,0.0,0.02,0.03,0,24,0,0,0,3.2857142857142856,0.0
8,2955,4,False,0,2025-02-24,3,1.0,0.01,0.02,0,24,0,0,0,3.5714285714285716,0.0
8,2973,4,False,0,2025-02-24,4,0.0,0.04,0.05,0,24,0,0,0,3.857142857142857,0.0
8,2995,4,False,0,2025-02-24,3,1.0,0.05,0.07,0,24,0,0,0,3.7142857142857144,0.0
8,3003,4,False,0,2025-02-24,5,0.0,0.02,0.04,0,24,0,0,0,3.7142857142857144,0.0
8,3029,4,False,0,2025-02-24,3,0.0,0.09,0.12,0,24,0,0,0,3.857142857142857,0.0
8,3127,4,False,0,2025-02-24,4,0.0,0.12,0.18,0,24,0,0,0,3.2857142857142856,0.0
8,3130,4,False,0,2025-02-24,6,0.0,0.14,0.22,0,24,0,0,0,3.7142857142857144,0.0
8,3166,4,False,0,2025-02-24,3,0.0,0.01,0.01,0,24,0,0,0,4.0,0.0
8,3169,4,False,0,2025-02-24,3,0.0,0.02,0.03,0,24,0,0,0,4.0,0.0
8,3174,4,False,0,2025-02-24,4,0.0,0.01,0.01,0,24,0,0,0,3.857142857142857,0.0
8,3222,4,False,0,2025-02-24,2,0.0,0.02,0.04,0,24,0,0,0,4.0,0.0
8,3281,4,False,0,2025-02-24,2,0.0,0.06,0.08,0,24,0,0,0,3.5714285714285716,0.0
8,3344,4,False,0,2025-02-24,2,0.0,0.04,0.05,0,24,0,0,0,3.4285714285714284,0.0
8,3374,4,False,0,2025-02-24,1,1.0,0.06,0.09,0,24,0,0,0,3.142857142857143,0.0
8,3376,4,False,0,2025-02-24,4,0.0,0.03,0.05,0,24,0,0,0,2.4285714285714284,0.0
8,3400,4,False,0,2025-02-24,12,0.0,0.01,0.01,0,24,0,0,0,2.5714285714285716,0.0
8,3425,4,False,0,2025-02-24,0,0.0,0.01,0.01,0,24,0,0,0,3.857142857142857,0.0
8,3428,4,False,0,2025-02-24,2,0.0,0.04,0.06,0,24,0,0,0,3.2857142857142856,0.0
8,3442,4,False,0,2025-02-24,4,0.0,0.07,0.1,0,24,0,0,0,3.2857142857142856,0.0
8,3459,4,False,0,2025-02-24,2,0.0,0.04,0.07,0,24,0,0,0,3.5714285714285716,0.0
8,3460,4,False,0,2025-02-24,4,0.0,0.02,0.03,0,24,0,0,0,3.5714285714285716,0.0
8,3462,4,False,0,2025-02-24,2,1.0,0.03,0.05,0,24,0,0,0,4.0,0.0
8,3471,4,False,0,2025-02-24,5,0.0,0.03,0.04,0,24,0,0,0,3.7142857142857144,0.0
8,3497,4,False,0,2025-02-24,5,0.0,0.04,0.06,0,24,0,0,0,2.7142857142857144,0.0
8,3511,4,False,0,2025-02-24,3,0.0,0.04,0.07,0,24,0,0,0,3.4285714285714284,0.0
8,3603,4,False,0,2025-02-24,3,0.0,0.04,0.06,0,24,0,0,0,3.5714285714285716,0.0
8,3618,4,False,0,2025-02-24,5,0.0,0.12,0.17,0,24,0,0,0,3.4285714285714284,0.0
8,3669,4,False,0,2025-02-24,2,0.0,0.01,0.01,0,24,0,0,0,3.857142857142857,0.0
8,3670,4,False,0,2025-02-24,4,0.0,0.03,0.05,0,24,0,0,0,3.5714285714285716,0.0
8,3671,4,False,0,2025-02-24,4,0.0,0.04,0.07,0,24,0,0,0,3.857142857142857,0.0
8,3678,4,False,0,2025-02-24,2,0.0,0.03,0.05,0,24,0,0,0,3.7142857142857144,0.0
8,3685,4,False,0,2025-02-24,0,0.0,0.03,0.05,0,24,0,0,0,3.2857142857142856,0.0
8,3720,4,False,0,2025-02-24,0,0.0,0.05,0.06,0,24,0,0,0,2.857142857142857,0.0
8,3738,4,False,0,2025-02-24,1,0.0,0.01,0.01,0,24,0,0,0,2.4285714285714284,0.0
8,3744,4,False,0,2025-02-24,4,0.0,0.04,0.05,0,24,0,0,0,1.8571428571428572,0.0
8,3797,4,False,0,2025-02-24,4,1.0,0.03,0.04,0,24,0,0,0,2.142857142857143,0.0
8,3799,4,False,0,2025-02-24,3,0.0,0.03,0.05,0,24,0,0,0,2.142857142857143,0.0
8,3820,4,False,0,2025-02-24,4,0.0,0.02,0.04,0,24,0,0,0,2.0,0.0
8,3821,4,False,0,2025-02-24,3,0.0,0.04,0.05,0,24,0,0,0,2.2857142857142856,0.0
8,3826,4,False,0,2025-02-24,4,0.0,0.02,0.04,0,24,0,0,0,2.7142857142857144,0.0
8,3831,4,False,0,2025-02-24,3,0.0,0.01,0.02,0,24,0,0,0,3.2857142857142856,0.0
8,3858,4,False,0,2025-02-24,2,0.0,0.06,0.08,0,24,0,0,0,3.5714285714285716,0.0
8,3894,4,False,0,2025-02-24,5,0.0,0.02,0.03,0,24,0,0,0,3.2857142857142856,0.0
8,3898,4,False,0,2025-02-24,4,0.0,0.06,0.1,0,24,0,0,0,3.4285714285714284,0.0
8,3913,4,False,0,2025-02-24,3,1.0,0.03,0.05,0,24,0,0,0,3.5714285714285716,0.0
8,3917,4,False,0,2025-02-24,4,0.0,0.01,0.01,0,24,0,0,0,3.4285714285714284,0.0
8,3925,4,False,0,2025-02-24,0,0.0,0.03,0.05,0,24,0,0,0,3.5714285714285716,0.0
8,3940,4,False,0,2025-02-24,3,0.0,0.05,0.06,0,24,0,0,0,3.0,0.0
8,3954,4,False,0,2025-02-24,0,0.0,0.02,0.03,0,24,0,0,0,3.0,0.0
8,3966,4,False,0,2025-02-24,0,0.0,0.02,0.04,0,24,0,0,0,2.7142857142857144,0.0
8,3969,4,False,0,2025-02-24,1,0.0,0.01,0.03,0,24,0,0,0,2.0,0.0
8,3977,4,False,0,2025-02-24,4,0.0,0.06,0.08,0,24,0,0,0,1.5714285714285714,0.0
8,4001,4,False,0,2025-02-24,2,0.0,0.04,0.06,0,24,0,0,0,1.7142857142857142,0.0
8,4034,4,False,0,2025-02-24,3,0.0,0.08,0.11,0,24,0,0,0,1.4285714285714286,0.0
8,4054,4,False,0,2025-02-24,1,0.0,0.02,0.04,0,24,0,0,0,1.8571428571428572,0.0
8,4061,4,False,0,2025-02-24,7,0.0,0.05,0.07,0,24,0,0,0,1.5714285714285714,0.0
8,4086,4,False,0,2025-02-24,3,0.0,0.01,0.02,0,24,0,0,0,2.5714285714285716,0.0
8,4096,4,False,0,2025-02-24,1,0.0,0.05,0.07,0,24,0,0,0,3.0,0.0
8,4142,4,False,0,2025-02-24,4,0.0,0.02,0.03,0,24,0,0,0,3.0,0.0
8,4156,4,False,0,2025-02-24,4,0.0,0.03,0.04,0,24,0,0,0,3.0,0.0
8,4229,4,False,0,2025-02-24,3,0.0,0.02,0.04,0,24,0,0,0,3.2857142857142856,0.0
8,4244,4,False,0,2025-02-24,2,0.0,0.03,0.04,0,24,0,0,0,3.2857142857142856,0.0
8,4264,4,False,0,2025-02-24,3,0.0,0.05,0.07,0,24,0,0,0,3.4285714285714284,0.0
8,4331,4,False,0,2025-02-24,5,0.0,0.01,0.01,0,24,0,0,0,2.857142857142857,0.0
8,4365,4,False,0,2025-02-24,0,0.0,0.04,0.06,0,24,0,0,0,3.142857142857143,0.0
8,4366,4,False,0,2025-02-24,2,2.0,0.05,0.06,0,24,0,0,0,3.0,0.0
8,4420,4,False,0,2025-02-24,6,0.0,0.02,0.02,0,24,0,0,0,2.7142857142857144,0.0
8,4436,4,False,0,2025-02-24,2,0.0,0.02,0.03,0,24,0,0,0,3.0,0.0
8,4444,4,False,0,2025-02-24,2,0.0,0.07,0.1,0,24,0,0,0,2.857142857142857,0.0
8,4450,4,False,0,2025-02-24,4,0.0,0.02,0.03,0,24,0,0,0,2.857142857142857,0.0
8,4458,4,False,0,2025-02-24,11,0.0,0.03,0.05,0,24,0,0,0,3.0,0.0
8,4465,4,False,0,2025-02-24,4,0.0,0.02,0.04,0,24,0,0,0,3.857142857142857,0.0
8,4472,4,False,0,2025-02-24,5,0.0,0.01,0.01,0,24,0,0,0,4.428571428571429,0.0
8,4507,4,False,0,2025-02-24,3,1.0,0.03,0.04,0,24,0,0,0,4.857142857142857,0.0
8,4525,4,False,0,2025-02-24,3,0.0,0.01,0.03,0,24,0,0,0,4.428571428571429,0.0
8,4536,4,False,0,2025-02-24,4,0.0,0.01,0.01,0,24,0,0,0,4.571428571428571,0.0
8,4564,4,False,0,2025-02-24,3,0.0,0.02,0.04,0,24,0,0,0,4.857142857142857,0.0
8,4568,4,False,0,2025-02-24,5,0.0,0.01,0.01,0,24,0,0,0,4.714285714285714,0.0
8,4604,4,False,0,2025-02-24,6,0.0,0.02,0.03,0,24,0,0,0,3.857142857142857,0.0
8,4610,4,False,0,2025-02-24,2,0.0,0.06,0.09,0,24,0,0,0,4.142857142857143,0.0
8,4620,4,False,0,2025-02-24,3,1.0,0.02,0.04,0,24,0,0,0,3.7142857142857144,0.0
8,4648,4,False,0,2025-02-24,3,0.0,0.05,0.07,0,24,0,0,0,3.7142857142857144,0.0
8,4700,4,False,0,2025-02-24,4,0.0,0.02,0.03,0,24,0,0,0,3.7142857142857144,0.0
8,4741,4,False,0,2025-02-24,5,0.0,0.02,0.05,0,24,0,0,0,3.7142857142857144,0.0
8,4759,4,False,0,2025-02-24,4,0.0,0.03,0.04,0,24,0,0,0,4.0,0.0
8,4770,4,False,0,2025-02-24,3,0.0,0.03,0.05,0,24,0,0,0,3.857142857142857,0.0
8,4774,4,False,0,2025-02-24,4,0.0,0.03,0.04,0,24,0,0,0,3.4285714285714284,0.0
8,4903,4,False,0,2025-02-24,4,0.0,0.01,0.01,0,24,0,0,0,3.7142857142857144,0.0
8,4915,4,False,0,2025-02-24,5,0.0,0.01,0.02,0,24,0,0,0,3.857142857142857,0.0
8,4929,4,False,0,2025-02-24,0,0.0,0.03,0.04,0,24,0,0,0,4.142857142857143,0.0
8,4961,4,False,0,2025-02-24,7,0.0,0.03,0.03,0,24,0,0,0,3.5714285714285716,0.0
8,4987,4,False,0,2025-02-24,3,0.0,0.02,0.03,0,24,0,0,0,3.857142857142857,0.0
8,4992,4,False,0,2025-02-24,1,0.0,0.04,0.06,0,24,0,0,0,3.7142857142857144,0.0
8,4997,4,False,0,2025-02-24,2,0.0,0.07,0.1,0,24,0,0,0,3.4285714285714284,0.0
8,4998,4,False,0,2025-02-24,3,0.0,0.01,0.01,0,24,0,0,0,3.142857142857143,0.0
8,5008,4,False,0,2025-02-24,2,0.0,0.02,0.03,0,24,0,0,0,3.0,0.0
8,5048,4,False,0,2025-02-24,1,0.0,0.01,0.02,0,24,0,0,0,2.5714285714285716,0.0
8,5091,4,False,0,2025-02-24,2,1.0,0.06,0.08,0,24,0,0,0,2.7142857142857144,0.0
8,5100,4,False,0,2025-02-24,3,0.0,0.02,0.03,0,24,0,0,0,2.0,0.0
8,5112,4,False,0,2025-02-24,5,0.0,0.02,0.04,0,24,0,0,0,2.0,0.0
8,5118,4,False,0,2025-02-24,1,1.0,0.05,0.08,0,24,0,0,0,2.5714285714285716,0.0
8,5120,4,False,0,2025-02-24,0,0.0,0.02,0.03,0,24,0,0,0,2.4285714285714284,0.0
8,5123,4,False,0,2025-02-24,7,0.0,0.02,0.04,0,24,0,0,0,2.0,0.0
8,5130,4,False,0,2025-02-24,5,0.0,0.02,0.03,0,24,0,0,0,2.7142857142857144,0.0
8,5149,4,False,0,2025-02-24,1,1.0,0.12,0.15,0,24,0,0,0,3.2857142857142856,0.0
8,5163,4,False,0,2025-02-24,1,0.0,0.05,0.09,0,24,0,0,0,3.142857142857143,0.0
8,5169,4,False,0,2025-02-24,2,0.0,0.06,0.08,0,24,0,0,0,2.857142857142857,0.0
8,5172,4,False,0,2025-02-24,4,0.0,0.04,0.04,0,24,0,0,0,2.4285714285714284,0.0
8,5177,4,False,0,2025-02-24,3,0.0,0.01,0.01,0,24,0,0,0,2.857142857142857,0.0
8,5199,4,False,0,2025-02-24,2,0.0,0.02,0.02,0,24,0,0,0,3.2857142857142856,0.0
8,5234,4,False,0,2025-02-24,2,0.0,0.02,0.03,0,24,0,0,0,2.5714285714285716,0.0
8,5241,4,False,0,2025-02-24,2,0.0,0.01,0.01,0,24,0,0,0,2.142857142857143,0.0
8,5247,4,False,0,2025-02-24,5,0.0,0.02,0.02,0,24,0,0,0,2.2857142857142856,0.0
8,5267,4,False,0,2025-02-24,3,0.0,0.02,0.03,0,24,0,0,0,2.857142857142857,0.0
8,5269,4,False,0,2025-02-24,2,0.0,0.01,0.01,0,24,0,0,0,3.0,0.0
8,5275,4,False,0,2025-02-24,4,0.0,0.02,0.05,0,24,0,0,0,2.7142857142857144,0.0
8,5283,4,False,0,2025-02-24,2,0.0,0.03,0.04,0,24,0,0,0,2.857142857142857,0.0
8,172,5,True,0,2025-02-24,6,1.0,0.01,0.01,0,24,0,0,0,2.857142857142857,0.0
8,327,5,True,0,2025-02-24,4,2.0,0.01,0.03,0,24,0,0,0,3.4285714285714284,0.0
8,697,5,True,0,2025-02-24,14,0.0,0.04,0.14,0,24,0,0,0,3.7142857142857144,0.0
8,1278,5,True,0,2025-02-24,2,0.0,0.02,0.05,0,24,0,0,0,5.0,0.0
8,1463,5,True,0,2025-02-24,9,0.0,0.01,0.03,0,24,0,0,0,4.857142857142857,0.0
8,1471,5,True,0,2025-02-24,3,0.0,0.02,0.05,0,24,0,0,0,5.857142857142857,0.0
8,1580,5,True,0,2025-02-24,7,0.0,0.02,0.04,0,24,0,0,0,5.714285714285714,0.0
8,1795,5,True,0,2025-02-24,5,0.0,0.02,0.04,0,24,0,0,0,6.428571428571429,0.0
8,1860,5,True,0,2025-02-24,1,2.0,0.03,0.04,0,24,0,0,0,6.285714285714286,0.0
8,2169,5,True,0,2025-02-24,5,0.0,0.01,0.02,0,24,0,0,0,5.857142857142857,0.0
8,2338,5,True,0,2025-02-24,17,0.0,0.01,0.02,0,24,0,0,0,4.571428571428571,0.0
8,2381,5,True,0,2025-02-24,6,1.0,0.04,0.09,0,24,0,0,0,6.714285714285714,0.0
8,2518,5,True,0,2025-02-24,4,0.0,0.02,0.09,0,24,0,0,0,6.285714285714286,0.0
8,2560,5,True,0,2025-02-24,4,1.0,0.03,0.06,0,24,0,0,0,6.428571428571429,0.0
8,2647,5,True,0,2025-02-24,9,0.0,0.03,0.05,0,24,0,0,0,6.0,0.0
8,2926,5,True,0,2025-02-24,31,0.0,0.03,0.05,0,24,0,0,0,6.571428571428571,0.0
8,3002,5,True,0,2025-02-24,5,0.0,0.04,0.08,0,24,0,0,0,10.857142857142858,0.0
8,3175,5,True,0,2025-02-24,3,0.0,0.04,0.1,0,24,0,0,0,10.857142857142858,0.0
8,3612,5,True,0,2025-02-24,31,1.0,0.05,0.08,0,24,0,0,0,8.857142857142858,0.0
8,3734,5,True,0,2025-02-24,5,0.0,0.05,0.07,0,24,0,0,0,12.428571428571429,0.0
8,3819,5,True,0,2025-02-24,4,1.0,0.02,0.06,0,24,0,0,0,12.571428571428571,0.0
8,4150,5,True,0,2025-02-24,4,0.0,0.02,0.04,0,24,0,0,0,12.571428571428571,0.0
8,4200,5,True,0,2025-02-24,5,0.0,0.06,0.12,0,24,0,0,0,11.857142857142858,0.0
8,5036,5,True,0,2025-02-24,7,0.0,0.03,0.05,0,24,0,0,0,8.142857142857142,0.0
8,5260,5,True,0,2025-02-24,6,1.0,0.02,0.06,0,24,0,0,0,8.428571428571429,0.0
8,138,6,False,0,2025-02-24,1,0.0,0.16,0.24,0,24,0,0,0,8.857142857142858,0.0
8,177,6,False,0,2025-02-24,2,0.0,0.08,0.09,0,24,0,0,0,4.571428571428571,0.0
8,207,6,False,0,2025-02-24,2,0.0,0.22,0.3,0,24,0,0,0,4.142857142857143,0.0
8,316,6,False,0,2025-02-24,2,0.0,0.08,0.12,0,24,0,0,0,3.857142857142857,0.0
8,647,6,False,0,2025-02-24,3,0.0,0.07,0.09,0,24,0,0,0,3.5714285714285716,0.0
8,755,6,False,0,2025-02-24,1,0.0,0.15,0.21,0,24,0,0,0,3.2857142857142856,0.0
8,975,6,False,0,2025-02-24,3,0.0,0.08,0.09,0,24,0,0,0,2.4285714285714284,0.0
8,1265,6,False,0,2025-02-24,4,0.0,0.14,0.22,0,24,0,0,0,2.0,0.0
8,1309,6,False,0,2025-02-24,0,0.0,0.24,0.32,0,24,0,0,0,2.4285714285714284,0.0
8,1509,6,False,0,2025-02-24,0,0.0,0.22,0.3,0,24,0,0,0,2.142857142857143,0.0
8,1740,6,False,0,2025-02-24,2,0.0,0.08,0.12,0,24,0,0,0,1.8571428571428572,0.0
8,1827,6,False,0,2025-02-24,2,0.0,0.1,0.15,0,24,0,0,0,1.8571428571428572,0.0
8,1845,6,False,0,2025-02-24,1,0.0,0.05,0.06,0,24,0,0,0,1.7142857142857142,0.0
8,1865,6,False,0,2025-02-24,0,0.0,0.12,0.15,0,24,0,0,0,1.7142857142857142,0.0
8,2131,6,False,0,2025-02-24,3,0.0,0.1,0.14,0,24,0,0,0,1.2857142857142858,0.0
8,2216,6,False,0,2025-02-24,2,0.0,0.06,0.09,0,24,0,0,0,1.1428571428571428,0.0
8,2240,6,False,0,2025-02-24,2,0.0,0.13,0.17,0,24,0,0,0,1.4285714285714286,0.0
8,2291,6,False,0,2025-02-24,1,0.0,0.15,0.2,0,24,0,0,0,1.7142857142857142,0.0
8,2352,6,False,0,2025-02-24,1,0.0,0.11,0.15,0,24,0,0,0,1.5714285714285714,0.0
8,2515,6,False,0,2025-02-24,1,0.0,0.16,0.18,0,24,0,0,0,1.4285714285714286,0.0
8,2617,6,False,0,2025-02-24,1,0.0,0.13,0.2,0,24,0,0,0,1.4285714285714286,0.0
8,2799,6,False,0,2025-02-24,1,0.0,0.06,0.08,0,24,0,0,0,1.5714285714285714,0.0
8,2934,6,False,0,2025-02-24,1,0.0,0.07,0.1,0,24,0,0,0,1.2857142857142858,0.0
8,3090,6,False,0,2025-02-24,1,0.0,0.15,0.2,0,24,0,0,0,1.1428571428571428,0.0
8,3380,6,False,0,2025-02-24,3,0.0,0.06,0.09,0,24,0,0,0,1.0,0.0
8,3637,6,False,0,2025-02-24,0,0.0,0.07,0.09,0,24,0,0,0,1.2857142857142858,0.0
8,3793,6,False,0,2025-02-24,1,0.0,0.03,0.04,0,24,0,0,0,1.1428571428571428,0.0
8,3937,6,False,0,2025-02-24,3,0.0,0.14,0.19,0,24,0,0,0,1.1428571428571428,0.0
8,4074,6,False,0,2025-02-24,1,0.0,0.16,0.22,0,24,0,0,0,1.4285714285714286,0.0
8,4196,6,False,0,2025-02-24,1,0.0,0.06,0.08,0,24,0,0,0,1.4285714285714286,0.0
8,4228,6,False,0,2025-02-24,0,0.0,0.16,0.2,0,24,0,0,0,1.4285714285714286,0.0
8,4356,6,False,0,2025-02-24,1,0.0,0.09,0.14,0,24,0,0,0,1.2857142857142858,0.0
8,4398,6,False,0,2025-02-24,0,0.0,0.09,0.22,0,24,0,0,0,1.0,0.0
8,4430,6,False,0,2025-02-24,1,0.0,0.08,0.13,0,24,0,0,0,1.0,0.0
8,4730,6,False,0,2025-02-24,1,0.0,0.13,0.19,0,24,0,0,0,1.0,0.0
8,4736,6,False,0,2025-02-24,0,1.0,0.07,0.09,0,24,0,0,0,0.7142857142857143,0.0
8,4849,6,False,0,2025-02-24,0,0.0,0.13,0.22,0,24,0,0,0,0.5714285714285714,0.0
8,4887,6,False,0,2025-02-24,4,0.0,0.13,0.16,0,24,0,0,0,0.42857142857142855,0.0
8,5023,6,False,0,2025-02-24,1,0.0,0.13,0.19,0,24,0,0,0,1.0,0.0
8,411,7,False,0,2025-02-24,6,0.0,0.0,0.01,0,24,0,0,0,1.0,0.0
8,461,7,False,0,2025-02-24,3,0.0,0.0,0.01,0,24,0,0,0,1.8571428571428572,0.0
8,551,7,False,0,2025-02-24,4,1.0,0.01,0.01,0,24,0,0,0,2.142857142857143,0.0
8,559,7,False,0,2025-02-24,24,0.0,0.01,0.01,0,24,0,0,0,2.5714285714285716,0.0
8,848,7,False,0,2025-02-24,6,0.0,0.04,0.06,0,24,0,0,0,6.0,0.0
8,861,7,False,0,2025-02-24,3,0.0,0.01,0.02,0,24,0,0,0,6.857142857142857,0.0
8,1115,7,False,0,2025-02-24,74,0.0,0.0,0.0,0,24,0,0,0,6.714285714285714,0.0
8,1288,7,False,0,2025-02-24,5,2.0,0.01,0.02,0,24,0,0,0,17.142857142857142,0.0
8,1787,7,False,0,2025-02-24,0,0.0,0.02,0.02,0,24,0,0,0,17.0,0.0
8,2175,7,False,0,2025-02-24,4,1.0,0.03,0.04,0,24,0,0,0,16.571428571428573,0.0
8,2227,7,False,0,2025-02-24,3,0.0,0.02,0.03,0,24,0,0,0,16.571428571428573,0.0
8,2499,7,False,0,2025-02-24,11,0.0,0.0,0.01,0,24,0,0,0,13.571428571428571,0.0
8,2887,7,False,0,2025-02-24,21,0.0,0.02,0.03,0,24,0,0,0,14.285714285714286,0.0
8,3023,7,False,0,2025-02-24,20,0.0,0.01,0.01,0,24,0,0,0,16.857142857142858,0.0
8,3040,7,False,0,2025-02-24,4,0.0,0.0,0.0,0,24,0,0,0,9.142857142857142,0.0
8,3105,7,False,0,2025-02-24,7,0.0,0.0,0.01,0,24,0,0,0,9.0,0.0
8,3272,7,False,0,2025-02-24,3,2.0,0.01,0.02,0,24,0,0,0,10.0,0.0
8,3314,7,False,0,2025-02-24,7,1.0,0.0,0.01,0,24,0,0,0,9.857142857142858,0.0
8,3401,7,False,0,2025-02-24,8,0.0,0.0,0.01,0,24,0,0,0,10.428571428571429,0.0
8,4026,7,False,0,2025-02-24,2,0.0,0.12,0.18,0,24,0,0,0,10.0,0.0
8,4093,7,False,0,2025-02-24,5,1.0,0.01,0.01,0,24,0,0,0,7.285714285714286,0.0
8,4298,7,False,0,2025-02-24,10,1.0,0.01,0.01,0,24,0,0,0,5.142857142857143,0.0
8,4351,7,False,0,2025-02-24,6,0.0,0.01,0.03,0,24,0,0,0,6.0,0.0
8,4411,7,False,0,2025-02-24,15,0.0,0.02,0.04,0,24,0,0,0,5.857142857142857,0.0
8,4585,7,False,0,2025-02-24,8,1.0,0.02,0.04,0,24,0,0,0,7.571428571428571,0.0
8,4688,7,False,0,2025-02-24,6,1.0,0.0,0.03,0,24,0,0,0,7.714285714285714,0.0
8,4867,7,False,0,2025-02-24,0,0.0,0.03,0.05,0,24,0,0,0,7.428571428571429,0.0
8,199,8,False,0,2025-02-24,10,0.0,0.01,0.02,0,24,0,0,0,7.142857142857143,0.0
8,269,8,False,0,2025-02-24,26,0.0,0.0,0.01,0,24,0,0,0,7.857142857142857,0.0
8,805,8,False,0,2025-02-24,11,1.0,0.0,0.01,0,24,0,0,0,10.142857142857142,0.0
8,828,8,False,0,2025-02-24,9,0.0,0.01,0.01,0,24,0,0,0,10.857142857142858,0.0
8,932,8,False,0,2025-02-24,9,7.0,0.01,0.02,0,24,0,0,0,10.0,0.0
8,1010,8,False,0,2025-02-24,18,0.0,0.01,0.02,0,24,0,0,0,10.142857142857142,0.0
8,1073,8,False,0,2025-02-24,18,2.0,0.01,0.02,0,24,0,0,0,11.857142857142858,0.0
8,1308,8,False,0,2025-02-24,16,0.0,0.02,0.03,0,24,0,0,0,14.428571428571429,0.0
8,2253,8,False,0,2025-02-24,17,0.0,0.0,0.01,0,24,0,0,0,15.285714285714286,0.0
8,2420,8,False,0,2025-02-24,9,0.0,0.0,0.01,0,24,0,0,0,14.0,2.429852224496614
8,2659,8,False,0,2025-02-24,20,1.0,0.01,0.01,0,24,0,0,0,13.714285714285714,0.0
8,2985,8,False,0,2025-02-24,22,3.0,0.02,0.02,0,24,0,0,0,15.285714285714286,0.0
8,3015,8,False,0,2025-02-24,7,0.0,0.01,0.02,0,24,0,0,0,17.142857142857142,0.0
8,3331,8,False,0,2025-02-24,34,0.0,0.01,0.02,0,24,0,0,0,15.571428571428571,0.0
8,3430,8,False,0,2025-02-24,5,5.0,0.01,0.02,0,24,0,0,0,17.857142857142858,0.0
8,3545,8,False,0,2025-02-24,11,1.0,0.02,0.03,0,24,0,0,0,16.285714285714285,0.0
8,3594,8,False,0,2025-02-24,9,1.0,0.01,0.01,0,24,0,0,0,15.428571428571429,0.0
8,4513,8,False,0,2025-02-24,13,0.0,0.01,0.02,0,24,0,0,0,15.428571428571429,0.0
8,4560,8,False,0,2025-02-24,18,0.0,0.01,0.02,0,24,0,0,0,14.428571428571429,0.0
8,5038,8,False,0,2025-02-24,11,0.0,0.02,0.03,0,24,0,0,0,13.857142857142858,0.0
8,5075,8,False,0,2025-02-24,18,1.0,0.01,0.02,0,24,0,0,0,14.428571428571429,0.0
8,5178,8,False,0,2025-02-24,12,1.0,0.01,0.04,0,24,0,0,0,12.142857142857142,0.0
8,10,9,True,0,2025-02-24,3,0.0,0.04,0.1,0,24,0,0,0,13.142857142857142,0.0
8,45,9,True,0,2025-02-24,10,0.0,0.02,0.05,0,24,0,0,0,12.0,0.0
8,141,9,True,0,2025-02-24,14,1.0,0.03,0.08,0,24,0,0,0,12.142857142857142,1.647706695105464
8,187,9,True,0,2025-02-24,5,0.0,0.01,0.02,0,24,0,0,0,12.285714285714286,0.0
8,270,9,True,0,2025-02-24,4,0.0,0.02,0.14,0,24,0,0,0,10.428571428571429,0.0
8,275,9,True,0,2025-02-24,13,1.0,0.04,0.07,0,24,0,0,0,9.428571428571429,0.0
8,278,9,True,0,2025-02-24,6,0.0,0.05,0.1,0,24,0,0,0,8.714285714285714,0.0
8,317,9,True,0,2025-02-24,6,0.0,0.01,0.02,0,24,0,0,0,7.857142857142857,0.0
8,352,9,True,0,2025-02-24,7,2.0,0.02,0.17,0,24,0,0,0,8.285714285714286,0.0
8,473,9,True,0,2025-02-24,4,0.0,0.01,0.02,0,24,0,0,0,7.857142857142857,0.0
8,496,9,True,0,2025-02-24,11,0.0,0.01,0.02,0,24,0,0,0,6.428571428571429,0.0
8,615,9,True,0,2025-02-24,2,0.0,0.02,0.05,0,24,0,0,0,7.285714285714286,0.0
8,678,9,True,0,2025-02-24,10,0.0,0.01,0.05,0,24,0,0,0,7.0,0.0
8,696,9,True,0,2025-02-24,8,0.0,0.01,0.05,0,24,0,0,0,6.571428571428571,0.0
8,747,9,True,0,2025-02-24,2,1.0,0.01,0.03,0,24,0,0,0,6.857142857142857,0.0
8,802,9,True,0,2025-02-24,5,2.0,0.06,0.1,0,24,0,0,0,6.285714285714286,0.0
8,813,9,True,0,2025-02-24,11,0.0,0.02,0.03,0,24,0,0,0,6.0,0.0
8,958,9,True,0,2025-02-24,9,0.0,0.01,0.04,0,24,0,0,0,7.0,0.0
8,976,9,True,0,2025-02-24,7,0.0,0.01,0.03,0,24,0,0,0,6.714285714285714,0.0
8,1112,9,True,0,2025-02-24,4,0.0,0.02,0.05,0,24,0,0,0,7.428571428571429,0.0
8,1148,9,True,0,2025-02-24,2,0.0,0.02,0.05,0,24,0,0,0,6.571428571428571,0.0
8,1172,9,True,0,2025-02-24,3,0.0,0.01,0.03,0,24,0,0,0,5.714285714285714,0.0
8,1178,9,True,0,2025-02-24,27,0.0,0.02,0.07,0,24,0,0,0,5.857142857142857,0.0
8,1287,9,True,0,2025-02-24,3,0.0,0.01,0.04,0,24,0,0,0,9.0,0.0
8,1323,9,True,0,2025-02-24,16,4.0,0.02,0.07,0,24,0,0,0,7.857142857142857,0.0
8,1409,9,True,0,2025-02-24,14,0.0,0.02,0.05,0,24,0,0,0,8.857142857142858,0.0
8,1510,9,True,0,2025-02-24,9,0.0,0.03,0.14,0,24,0,0,0,9.857142857142858,0.0
8,1661,9,True,0,2025-02-24,5,0.0,0.01,0.04,0,24,0,0,0,10.571428571428571,0.0
8,1696,9,True,0,2025-02-24,18,0.0,0.01,0.02,0,24,0,0,0,11.0,0.0
8,1705,9,True,0,2025-02-24,4,0.0,0.04,0.1,0,24,0,0,0,13.142857142857142,0.0
8,1896,9,True,0,2025-02-24,4,0.0,0.03,0.11,0,24,0,0,0,9.857142857142858,0.0
8,1906,9,True,0,2025-02-24,5,0.0,0.04,0.16,0,24,0,0,0,10.0,0.0
8,1951,9,True,0,2025-02-24,7,0.0,0.02,0.04,0,24,0,0,0,8.428571428571429,0.0
8,2010,9,True,0,2025-02-24,9,0.0,0.03,0.21,0,24,0,0,0,7.428571428571429,0.0
8,2011,9,True,0,2025-02-24,9,0.0,0.01,0.05,0,24,0,0,0,7.428571428571429,0.0
8,2056,9,True,0,2025-02-24,15,0.0,0.01,0.03,0,24,0,0,0,8.0,0.0
8,2256,9,True,0,2025-02-24,20,0.0,0.02,0.04,0,24,0,0,0,7.571428571428571,0.0
8,2284,9,True,0,2025-02-24,3,0.0,0.01,0.03,0,24,0,0,0,9.857142857142858,0.0
8,2307,9,True,0,2025-02-24,1,0.0,0.02,0.06,0,24,0,0,0,9.714285714285714,0.0
8,2357,9,True,0,2025-02-24,4,0.0,0.09,0.46,0,24,0,0,0,9.142857142857142,0.0
8,2360,9,True,0,2025-02-24,1,0.0,0.01,0.04,0,24,0,0,0,8.714285714285714,0.0
8,2399,9,True,0,2025-02-24,15,0.0,0.03,0.1,0,24,0,0,0,7.571428571428571,0.0
8,2401,9,True,0,2025-02-24,4,0.0,0.01,0.05,0,24,0,0,0,8.428571428571429,0.0
8,2419,9,True,0,2025-02-24,4,0.0,0.02,0.03,0,24,0,0,0,6.857142857142857,0.0
8,2474,9,True,0,2025-02-24,4,0.0,0.04,0.12,0,24,0,0,0,4.571428571428571,0.0
8,2486,9,True,0,2025-02-24,1,0.0,0.02,0.07,0,24,0,0,0,4.714285714285714,0.0
8,2543,9,True,0,2025-02-24,3,0.0,0.0,0.02,0,24,0,0,0,4.714285714285714,0.0
8,2615,9,True,0,2025-02-24,16,1.0,0.02,0.07,0,24,0,0,0,4.571428571428571,0.0
8,2795,9,True,0,2025-02-24,9,0.0,0.02,0.07,0,24,0,0,0,6.714285714285714,0.0
8,2812,9,True,0,2025-02-24,8,0.0,0.02,0.06,0,24,0,0,0,5.857142857142857,0.0
8,2841,9,True,0,2025-02-24,5,0.0,0.01,0.08,0,24,0,0,0,6.428571428571429,0.0
8,2857,9,True,0,2025-02-24,8,1.0,0.01,0.02,0,24,0,0,0,6.571428571428571,0.0
8,3008,9,True,0,2025-02-24,15,0.0,0.01,0.05,0,24,0,0,0,7.142857142857143,0.0
8,3226,9,True,0,2025-02-24,8,0.0,0.02,0.06,0,24,0,0,0,9.142857142857142,0.0
8,3241,9,True,0,2025-02-24,5,0.0,0.01,0.02,0,24,0,0,0,9.857142857142858,0.0
8,3244,9,True,0,2025-02-24,5,1.0,0.01,0.04,0,24,0,0,0,8.285714285714286,0.0
8,3356,9,True,0,2025-02-24,2,0.0,0.01,0.02,0,24,0,0,0,7.714285714285714,0.0
8,3540,9,True,0,2025-02-24,9,0.0,0.03,0.08,0,24,0,0,0,6.857142857142857,0.0
8,3735,9,True,0,2025-02-24,7,1.0,0.02,0.06,0,24,0,0,0,7.428571428571429,0.0
8,3751,9,True,0,2025-02-24,30,2.0,0.04,0.09,0,24,0,0,0,7.285714285714286,0.0
8,3789,9,True,0,2025-02-24,35,1.0,0.01,0.03,0,24,0,0,0,9.428571428571429,0.0
8,3905,9,True,0,2025-02-24,1,0.0,0.01,0.07,0,24,0,0,0,13.285714285714286,0.0
8,4012,9,True,0,2025-02-24,12,0.0,0.01,0.06,0,24,0,0,0,12.714285714285714,0.0
8,4106,9,True,0,2025-02-24,4,0.0,0.02,0.14,0,24,0,0,0,13.714285714285714,0.0
8,4141,9,True,0,2025-02-24,3,0.0,0.05,0.1,0,24,0,0,0,14.0,0.0
8,4153,9,True,0,2025-02-24,10,0.0,0.01,0.03,0,24,0,0,0,13.142857142857142,0.0
8,4154,9,True,0,2025-02-24,4,0.0,0.0,0.01,0,24,0,0,0,13.571428571428571,0.0
8,4197,9,True,0,2025-02-24,15,0.0,0.01,0.02,0,24,0,0,0,9.857142857142858,0.0
8,4348,9,True,0,2025-02-24,6,1.0,0.01,0.03,0,24,0,0,0,7.0,0.0
8,4350,9,True,0,2025-02-24,10,0.0,0.03,0.07,0,24,0,0,0,7.714285714285714,0.0
8,4367,9,True,0,2025-02-24,5,0.0,0.03,0.05,0,24,0,0,0,7.428571428571429,0.0
8,4466,9,True,0,2025-02-24,3,1.0,0.02,0.09,0,24,0,0,0,7.571428571428571,0.0
8,4493,9,True,0,2025-02-24,16,0.0,0.01,0.07,0,24,0,0,0,7.571428571428571,0.0
8,4530,9,True,0,2025-02-24,20,0.0,0.01,0.02,0,24,0,0,0,8.428571428571429,0.0
8,4594,9,True,0,2025-02-24,19,9.0,0.01,0.09,0,24,0,0,0,10.714285714285714,1.8140031642527692
8,4637,9,True,0,2025-02-24,6,1.0,0.01,0.03,0,24,0,0,0,11.285714285714286,0.0
8,4645,9,True,0,2025-02-24,5,0.0,0.01,0.02,0,24,0,0,0,11.285714285714286,0.0
8,4655,9,True,0,2025-02-24,8,0.0,0.06,0.08,0,24,0,0,0,10.571428571428571,0.0
8,4679,9,True,0,2025-02-24,45,0.0,0.01,0.04,0,24,0,0,0,11.0,0.0
8,4845,9,True,0,2025-02-24,4,0.0,0.01,0.03,0,24,0,0,0,17.0,0.0
8,4906,9,True,0,2025-02-24,5,0.0,0.01,0.04,0,24,0,0,0,15.285714285714286,0.0
8,4996,9,True,0,2025-02-24,4,0.0,0.0,0.02,0,24,0,0,0,13.142857142857142,0.0
8,5079,9,True,0,2025-02-24,1,0.0,0.01,0.03,0,24,0,0,0,11.0,0.0
8,5087,9,True,0,2025-02-24,6,2.0,0.03,0.06,0,24,0,0,0,10.285714285714286,0.0
8,5093,9,True,0,2025-02-24,40,0.0,0.02,0.08,0,24,0,0,0,10.428571428571429,0.0
8,5122,9,True,0,2025-02-24,2,0.0,0.01,0.02,0,24,0,0,0,15.0,0.0
8,5135,9,True,0,2025-02-24,5,1.0,0.02,0.06,0,24,0,0,0,8.857142857142858,0.0
8,5175,9,True,0,2025-02-24,6,0.0,0.01,0.03,0,24,0,0,0,9.0,0.0
8,5212,9,True,0,2025-02-24,5,0.0,0.01,0.06,0,24,0,0,0,9.142857142857142,0.0
8,5272,9,True,0,2025-02-24,59,0.0,0.01,0.02,0,24,0,0,0,9.285714285714286,0.0
8,147,10,False,0,2025-02-24,30,0.0,0.03,0.07,0,24,0,0,0,17.571428571428573,0.0
8,1782,10,False,0,2025-02-24,23,1.0,0.04,0.09,0,24,0,0,0,21.0,0.0
8,2377,10,False,0,2025-02-24,53,0.0,0.0,0.01,0,24,0,0,0,18.571428571428573,3.71529578352384
8,3203,10,False,0,2025-02-24,30,0.0,0.03,0.09,0,24,0,0,0,25.857142857142858,0.0
8,5018,10,False,0,2025-02-24,24,0.0,0.02,0.11,0,24,0,0,0,29.428571428571427,0.0
8,2058,11,False,0,2025-02-24,0,0.0,0.22,0.21,0,24,0,0,0,32.0,0.0
8,2882,11,False,0,2025-02-24,10,0.0,0.23,0.2,0,24,0,0,0,31.285714285714285,0.0
8,3107,11,False,0,2025-02-24,5,1.0,0.12,0.15,0,24,0,0,0,24.285714285714285,0.0
8,3123,11,False,0,2025-02-24,16,1.0,0.23,0.22,0,24,0,0,0,20.714285714285715,0.0
8,3499,11,False,0,2025-02-24,4,4.0,0.09,0.08,0,24,0,0,0,19.714285714285715,0.0
8,3870,11,False,0,2025-02-24,3,0.0,0.15,0.16,0,24,0,0,0,12.714285714285714,0.0
8,4160,11,False,0,2025-02-24,1,1.0,0.16,0.19,0,24,0,0,0,8.857142857142858,0.0
8,5085,11,False,0,2025-02-24,20,0.0,0.23,0.21,0,24,0,0,0,5.571428571428571,0.0
8,488,1,False,0,2025-02-28,9,0.0,0.14,0.16,4,28,0,0,1,8.428571428571429,0.0
8,1985,1,False,0,2025-02-28,8,0.0,0.14,0.17,4,28,0,0,1,8.285714285714286,0.0
8,2735,1,False,0,2025-02-28,13,0.0,0.14,0.16,4,28,0,0,1,8.714285714285714,0.0
8,3664,1,False,0,2025-02-28,2,1.0,0.14,0.17,4,28,0,0,1,8.285714285714286,0.0
8,4052,1,False,0,2025-02-28,6,0.0,0.15,0.17,4,28,0,0,1,8.0,0.0
8,48,3,True,0,2025-02-28,1,1.0,0.12,0.17,4,28,0,0,1,8.428571428571429,0.0
8,59,3,True,0,2025-02-28,11,0.0,0.02,0.03,4,28,0,0,1,8.428571428571429,0.0
8,82,3,True,0,2025-02-28,5,0.0,0.06,0.07,4,28,0,0,1,7.142857142857143,0.0
8,86,3,True,0,2025-02-28,3,0.0,0.12,0.14,4,28,0,0,1,6.571428571428571,0.0
8,87,3,True,0,2025-02-28,8,3.0,0.03,0.04,4,28,0,0,1,5.857142857142857,0.0
8,94,3,True,0,2025-02-28,12,1.0,0.08,0.14,4,28,0,0,1,5.142857142857143,0.0
8,103,3,True,0,2025-02-28,7,0.0,0.06,0.09,4,28,0,0,1,6.571428571428571,0.0
8,106,3,True,0,2025-02-28,1,1.0,0.04,0.06,4,28,0,0,1,6.714285714285714,0.0
8,167,3,True,0,2025-02-28,2,0.0,0.09,0.12,4,28,0,0,1,6.714285714285714,0.0
8,212,3,True,0,2025-02-28,3,0.0,0.05,0.07,4,28,0,0,1,5.428571428571429,0.0
8,234,3,True,0,2025-02-28,2,0.0,0.08,0.1,4,28,0,0,1,5.142857142857143,0.0
8,281,3,True,0,2025-02-28,10,0.0,0.07,0.09,4,28,0,0,1,5.0,0.0
8,381,3,True,0,2025-02-28,15,0.0,0.04,0.04,4,28,0,0,1,5.285714285714286,0.0
8,415,3,True,0,2025-02-28,3,0.0,0.07,0.1,4,28,0,0,1,5.714285714285714,0.0
8,440,3,True,0,2025-02-28,2,1.0,0.05,0.06,4,28,0,0,1,5.142857142857143,0.0
8,470,3,True,0,2025-02-28,1,0.0,0.07,0.09,4,28,0,0,1,5.285714285714286,0.0
8,493,3,True,0,2025-02-28,3,0.0,0.11,0.13,4,28,0,0,1,5.142857142857143,0.0
8,516,3,True,0,2025-02-28,0,0.0,0.02,0.02,4,28,0,0,1,5.142857142857143,0.0
8,605,3,True,0,2025-02-28,4,0.0,0.05,0.06,4,28,0,0,1,4.857142857142857,0.0
8,612,3,True,0,2025-02-28,11,1.0,0.03,0.03,4,28,0,0,1,4.0,0.0
8,620,3,True,0,2025-02-28,1,0.0,0.02,0.03,4,28,0,0,1,3.4285714285714284,0.0
8,650,3,True,0,2025-02-28,7,0.0,0.08,0.11,4,28,0,0,1,3.142857142857143,0.0
8,686,3,True,0,2025-02-28,3,0.0,0.03,0.05,4,28,0,0,1,3.857142857142857,0.0
8,703,3,True,0,2025-02-28,8,0.0,0.02,0.02,4,28,0,0,1,4.142857142857143,0.0
8,742,3,True,0,2025-02-28,2,0.0,0.04,0.05,4,28,0,0,1,4.857142857142857,0.0
8,855,3,True,0,2025-02-28,1,0.0,0.02,0.03,4,28,0,0,1,5.142857142857143,0.0
8,947,3,True,0,2025-02-28,38,0.0,0.01,0.01,4,28,0,0,1,4.714285714285714,0.0
8,1052,3,True,0,2025-02-28,2,0.0,0.02,0.03,4,28,0,0,1,8.571428571428571,0.0
8,1071,3,True,0,2025-02-28,2,1.0,0.02,0.05,4,28,0,0,1,8.714285714285714,0.0
8,1103,3,True,0,2025-02-28,20,0.0,0.1,0.14,4,28,0,0,1,8.0,0.0
8,1105,3,True,0,2025-02-28,5,2.0,0.05,0.07,4,28,0,0,1,10.428571428571429,0.0
8,1120,3,True,0,2025-02-28,2,0.0,0.06,0.09,4,28,0,0,1,10.0,0.0
8,1175,3,True,0,2025-02-28,2,0.0,0.01,0.03,4,28,0,0,1,10.0,0.0
8,1190,3,True,0,2025-02-28,3,0.0,0.04,0.05,4,28,0,0,1,10.142857142857142,0.0
8,1223,3,True,0,2025-02-28,3,0.0,0.03,0.05,4,28,0,0,1,5.142857142857143,0.0
8,1235,3,True,0,2025-02-28,1,0.0,0.06,0.08,4,28,0,0,1,5.285714285714286,0.0
8,1261,3,True,0,2025-02-28,3,1.0,0.07,0.09,4,28,0,0,1,5.142857142857143,0.0
8,1291,3,True,0,2025-02-28,7,1.0,0.04,0.06,4,28,0,0,1,2.7142857142857144,0.0
8,1382,3,True,0,2025-02-28,3,0.0,0.05,0.07,4,28,0,0,1,3.0,0.0
8,1384,3,True,0,2025-02-28,4,0.0,0.08,0.1,4,28,0,0,1,3.142857142857143,0.0
8,1390,3,True,0,2025-02-28,5,1.0,0.04,0.06,4,28,0,0,1,3.4285714285714284,0.0
8,1447,3,True,0,2025-02-28,5,0.0,0.08,0.11,4,28,0,0,1,3.7142857142857144,0.0
8,1470,3,True,0,2025-02-28,9,0.0,0.06,0.08,4,28,0,0,1,4.0,0.0
8,1503,3,True,0,2025-02-28,2,0.0,0.17,0.19,4,28,0,0,1,5.142857142857143,0.0
8,1505,3,True,0,2025-02-28,13,0.0,0.01,0.02,4,28,0,0,1,5.0,0.0
8,1531,3,True,0,2025-02-28,5,0.0,0.05,0.07,4,28,0,0,1,5.857142857142857,0.0
8,1576,3,True,0,2025-02-28,2,1.0,0.13,0.16,4,28,0,0,1,6.142857142857143,0.0
8,1610,3,True,0,2025-02-28,30,0.0,0.01,0.0,4,28,0,0,1,5.857142857142857,0.0
8,1642,3,True,0,2025-02-28,0,0.0,0.09,0.12,4,28,0,0,1,9.428571428571429,0.0
8,1771,3,True,0,2025-02-28,1,0.0,0.17,0.22,4,28,0,0,1,8.714285714285714,0.0
8,1822,3,True,0,2025-02-28,1,0.0,0.08,0.1,4,28,0,0,1,7.571428571428571,0.0
8,1849,3,True,0,2025-02-28,2,0.0,0.05,0.06,4,28,0,0,1,7.428571428571429,0.0
8,1902,3,True,0,2025-02-28,5,0.0,0.03,0.04,4,28,0,0,1,5.857142857142857,0.0
8,1940,3,True,0,2025-02-28,2,0.0,0.04,0.06,4,28,0,0,1,5.857142857142857,0.0
8,1949,3,True,0,2025-02-28,3,0.0,0.04,0.05,4,28,0,0,1,5.857142857142857,0.0
8,1969,3,True,0,2025-02-28,2,0.0,0.13,0.14,4,28,0,0,1,2.0,0.0
8,1988,3,True,0,2025-02-28,3,0.0,0.12,0.16,4,28,0,0,1,2.2857142857142856,0.0
8,1997,3,True,0,2025-02-28,13,0.0,0.01,0.02,4,28,0,0,1,2.5714285714285716,0.0
8,2039,3,True,0,2025-02-28,24,0.0,0.01,0.02,4,28,0,0,1,4.285714285714286,0.0
8,2040,3,True,0,2025-02-28,1,0.0,0.08,0.11,4,28,0,0,1,7.428571428571429,0.0
8,2048,3,True,0,2025-02-28,4,0.0,0.04,0.06,4,28,0,0,1,6.857142857142857,0.0
8,2062,3,True,0,2025-02-28,2,0.0,0.11,0.14,4,28,0,0,1,7.142857142857143,0.0
8,2110,3,True,0,2025-02-28,4,0.0,0.06,0.07,4,28,0,0,1,7.0,0.0
8,2127,3,True,0,2025-02-28,20,0.0,0.03,0.04,4,28,0,0,1,7.285714285714286,0.0
8,2151,3,True,0,2025-02-28,0,0.0,0.0,0.01,4,28,0,0,1,9.714285714285714,0.0
8,2185,3,True,0,2025-02-28,7,0.0,0.04,0.05,4,28,0,0,1,7.857142857142857,0.0
8,2236,3,True,0,2025-02-28,9,0.0,0.07,0.08,4,28,0,0,1,5.428571428571429,0.0
8,2331,3,True,0,2025-02-28,6,0.0,0.52,0.55,4,28,0,0,1,6.571428571428571,0.0
8,2432,3,True,0,2025-02-28,7,0.0,0.03,0.04,4,28,0,0,1,6.857142857142857,0.0
8,2491,3,True,0,2025-02-28,3,0.0,0.03,0.04,4,28,0,0,1,7.571428571428571,0.0
8,2551,3,True,0,2025-02-28,1,0.0,0.02,0.02,4,28,0,0,1,7.428571428571429,0.0
8,2558,3,True,0,2025-02-28,4,0.0,0.08,0.11,4,28,0,0,1,4.714285714285714,0.0
8,2585,3,True,0,2025-02-28,5,0.0,0.03,0.04,4,28,0,0,1,5.285714285714286,0.0
8,2595,3,True,0,2025-02-28,14,0.0,0.0,0.01,4,28,0,0,1,5.0,0.0
8,2700,3,True,0,2025-02-28,18,1.0,0.01,0.01,4,28,0,0,1,5.714285714285714,0.0
8,2805,3,True,0,2025-02-28,6,1.0,0.08,0.11,4,28,0,0,1,7.428571428571429,0.0
8,2816,3,True,0,2025-02-28,4,1.0,0.06,0.08,4,28,0,0,1,7.285714285714286,0.0
8,2840,3,True,0,2025-02-28,4,0.0,0.17,0.21,4,28,0,0,1,7.428571428571429,0.0
8,2852,3,True,0,2025-02-28,3,0.0,0.07,0.1,4,28,0,0,1,7.857142857142857,0.0
8,2884,3,True,0,2025-02-28,4,0.0,0.23,0.29,4,28,0,0,1,7.714285714285714,0.0
8,2889,3,True,0,2025-02-28,4,1.0,0.03,0.04,4,28,0,0,1,7.571428571428571,0.0
8,3190,3,True,0,2025-02-28,35,0.0,0.02,0.02,4,28,0,0,1,6.142857142857143,0.0
8,3239,3,True,0,2025-02-28,3,1.0,0.06,0.07,4,28,0,0,1,8.571428571428571,0.0
8,3279,3,True,0,2025-02-28,5,0.0,0.02,0.02,4,28,0,0,1,8.142857142857142,0.0
8,3283,3,True,0,2025-02-28,3,0.0,0.1,0.12,4,28,0,0,1,8.285714285714286,0.0
8,3339,3,True,0,2025-02-28,21,0.0,0.01,0.01,4,28,0,0,1,8.142857142857142,0.0
8,3349,3,True,0,2025-02-28,2,0.0,0.27,0.38,4,28,0,0,1,10.714285714285714,0.0
8,3360,3,True,0,2025-02-28,1,0.0,0.02,0.04,4,28,0,0,1,10.428571428571429,0.0
8,3556,3,True,0,2025-02-28,2,0.0,0.26,0.32,4,28,0,0,1,10.0,0.0
8,3693,3,True,0,2025-02-28,33,0.0,0.01,0.01,4,28,0,0,1,5.285714285714286,0.0
8,3717,3,True,0,2025-02-28,0,0.0,0.05,0.06,4,28,0,0,1,9.571428571428571,0.0
8,3768,3,True,0,2025-02-28,3,0.0,0.02,0.02,4,28,0,0,1,8.857142857142858,0.0
8,3786,3,True,0,2025-02-28,0,0.0,0.05,0.16,4,28,0,0,1,8.857142857142858,0.0
8,3862,3,True,0,2025-02-28,2,0.0,0.07,0.09,4,28,0,0,1,5.857142857142857,0.0
8,3931,3,True,0,2025-02-28,12,0.0,0.01,0.02,4,28,0,0,1,5.857142857142857,0.0
8,3985,3,True,0,2025-02-28,3,0.0,0.12,0.16,4,28,0,0,1,7.428571428571429,0.0
8,4059,3,True,0,2025-02-28,5,0.0,0.33,0.34,4,28,0,0,1,7.571428571428571,0.0
8,4101,3,True,0,2025-02-28,4,0.0,0.13,0.15,4,28,0,0,1,3.5714285714285716,0.0
8,4144,3,True,0,2025-02-28,21,0.0,0.02,0.03,4,28,0,0,1,4.142857142857143,0.0
8,4176,3,True,0,2025-02-28,5,0.0,0.03,0.05,4,28,0,0,1,6.714285714285714,0.0
8,4204,3,True,0,2025-02-28,0,0.0,0.14,0.17,4,28,0,0,1,7.428571428571429,0.0
8,4205,3,True,0,2025-02-28,27,1.0,0.02,0.02,4,28,0,0,1,7.142857142857143,0.0
8,4215,3,True,0,2025-02-28,2,0.0,0.03,0.07,4,28,0,0,1,9.285714285714286,0.0
8,4252,3,True,0,2025-02-28,4,1.0,0.02,0.03,4,28,0,0,1,9.142857142857142,0.0
8,4321,3,True,0,2025-02-28,1,1.0,0.1,0.12,4,28,0,0,1,9.0,0.0
8,4333,3,True,0,2025-02-28,2,0.0,0.21,0.26,4,28,0,0,1,8.571428571428571,0.0
8,4426,3,True,0,2025-02-28,38,2.0,0.03,0.04,4,28,0,0,1,5.857142857142857,0.0
8,4433,3,True,0,2025-02-28,1,0.0,0.05,0.07,4,28,0,0,1,10.571428571428571,0.0
8,4439,3,True,0,2025-02-28,21,2.0,0.02,0.02,4,28,0,0,1,10.714285714285714,0.0
8,4447,3,True,0,2025-02-28,9,0.0,0.02,0.03,4,28,0,0,1,9.857142857142858,0.0
8,4461,3,True,0,2025-02-28,9,0.0,0.03,0.03,4,28,0,0,1,10.857142857142858,0.0
8,4470,3,True,0,2025-02-28,2,0.0,0.07,0.09,4,28,0,0,1,11.571428571428571,0.0
8,4488,3,True,0,2025-02-28,3,0.0,0.01,0.03,4,28,0,0,1,11.714285714285714,0.0
8,4504,3,True,0,2025-02-28,2,0.0,0.03,0.04,4,28,0,0,1,11.857142857142858,0.0
8,4523,3,True,0,2025-02-28,2,0.0,0.06,0.09,4,28,0,0,1,6.714285714285714,0.0
8,4596,3,True,0,2025-02-28,5,0.0,0.07,0.08,4,28,0,0,1,6.857142857142857,0.0
8,4633,3,True,0,2025-02-28,3,0.0,0.04,0.06,4,28,0,0,1,4.571428571428571,0.0
8,4713,3,True,0,2025-02-28,2,0.0,0.04,0.06,4,28,0,0,1,3.7142857142857144,0.0
8,4722,3,True,0,2025-02-28,6,1.0,0.04,0.06,4,28,0,0,1,2.7142857142857144,0.0
8,4766,3,True,0,2025-02-28,6,0.0,0.03,0.04,4,28,0,0,1,3.2857142857142856,0.0
8,4786,3,True,0,2025-02-28,5,0.0,0.03,0.04,4,28,0,0,1,3.7142857142857144,0.0
8,4800,3,True,0,2025-02-28,8,0.0,0.08,0.11,4,28,0,0,1,4.142857142857143,0.0
8,4809,3,True,0,2025-02-28,1,1.0,0.1,0.15,4,28,0,0,1,5.0,0.0
8,4810,3,True,0,2025-02-28,3,0.0,0.03,0.04,4,28,0,0,1,4.428571428571429,0.0
8,4818,3,True,0,2025-02-28,5,0.0,0.04,0.07,4,28,0,0,1,4.428571428571429,0.0
8,4826,3,True,0,2025-02-28,14,0.0,0.12,0.17,4,28,0,0,1,4.857142857142857,0.0
8,4847,3,True,0,2025-02-28,16,0.0,0.1,0.13,4,28,0,0,1,6.0,0.0
8,4889,3,True,0,2025-02-28,4,0.0,0.03,0.04,4,28,0,0,1,7.428571428571429,0.0
8,4952,3,True,0,2025-02-28,3,0.0,0.24,0.28,4,28,0,0,1,7.285714285714286,0.0
8,4960,3,True,0,2025-02-28,3,0.0,0.02,0.03,4,28,0,0,1,6.571428571428571,0.0
8,5029,3,True,0,2025-02-28,6,1.0,0.06,0.08,4,28,0,0,1,6.857142857142857,0.0
8,5057,3,True,0,2025-02-28,2,0.0,0.06,0.09,4,28,0,0,1,7.285714285714286,0.0
8,5060,3,True,0,2025-02-28,2,0.0,0.06,0.08,4,28,0,0,1,6.857142857142857,0.0
8,5082,3,True,0,2025-02-28,4,0.0,0.04,0.06,4,28,0,0,1,5.142857142857143,0.0
8,5090,3,True,0,2025-02-28,3,0.0,0.05,0.06,4,28,0,0,1,3.4285714285714284,0.0
8,5153,3,True,0,2025-02-28,1,0.0,0.09,0.12,4,28,0,0,1,3.2857142857142856,0.0
8,5167,3,True,0,2025-02-28,2,0.0,0.05,0.07,4,28,0,0,1,3.0,0.0
8,5176,3,True,0,2025-02-28,4,0.0,0.24,0.35,4,28,0,0,1,2.857142857142857,0.0
8,5183,3,True,0,2025-02-28,6,1.0,0.03,0.04,4,28,0,0,1,2.5714285714285716,0.0
8,5259,3,True,0,2025-02-28,2,0.0,0.06,0.09,4,28,0,0,1,3.142857142857143,0.0
8,4,4,False,0,2025-02-28,3,0.0,0.12,0.15,4,28,0,0,1,3.142857142857143,0.0
8,19,4,False,0,2025-02-28,6,0.0,0.01,0.03,4,28,0,0,1,3.0,0.0
8,31,4,False,0,2025-02-28,1,0.0,0.02,0.03,4,28,0,0,1,3.4285714285714284,0.0
8,34,4,False,0,2025-02-28,3,0.0,0.01,0.01,4,28,0,0,1,3.4285714285714284,0.0
8,47,4,False,0,2025-02-28,5,0.0,0.01,0.01,4,28,0,0,1,3.5714285714285716,0.0
8,61,4,False,0,2025-02-28,4,0.0,0.01,0.02,4,28,0,0,1,3.7142857142857144,0.0
8,70,4,False,0,2025-02-28,4,0.0,0.03,0.06,4,28,0,0,1,3.4285714285714284,0.0
8,91,4,False,0,2025-02-28,4,0.0,0.03,0.03,4,28,0,0,1,3.7142857142857144,0.0
8,107,4,False,0,2025-02-28,4,0.0,0.03,0.04,4,28,0,0,1,3.857142857142857,0.0
8,122,4,False,0,2025-02-28,2,0.0,0.03,0.04,4,28,0,0,1,3.5714285714285716,0.0
8,155,4,False,0,2025-02-28,3,0.0,0.04,0.0,4,28,0,0,1,3.7142857142857144,0.0
8,200,4,False,0,2025-02-28,3,0.0,0.04,0.05,4,28,0,0,1,3.7142857142857144,0.0
8,248,4,False,0,2025-02-28,4,0.0,0.05,0.07,4,28,0,0,1,3.4285714285714284,0.0
8,249,4,False,0,2025-02-28,2,0.0,0.13,0.14,4,28,0,0,1,3.4285714285714284,0.0
8,283,4,False,0,2025-02-28,3,0.0,0.03,0.05,4,28,0,0,1,3.142857142857143,0.0
8,355,4,False,0,2025-02-28,3,0.0,0.02,0.03,4,28,0,0,1,3.0,0.0
8,363,4,False,0,2025-02-28,3,0.0,0.01,0.01,4,28,0,0,1,2.857142857142857,0.0
8,371,4,False,0,2025-02-28,3,0.0,0.01,0.01,4,28,0,0,1,3.0,0.0
8,393,4,False,0,2025-02-28,2,0.0,0.02,0.03,4,28,0,0,1,3.0,0.0
8,442,4,False,0,2025-02-28,1,1.0,0.05,0.07,4,28,0,0,1,2.857142857142857,0.0
8,495,4,False,0,2025-02-28,3,0.0,0.02,0.03,4,28,0,0,1,2.4285714285714284,0.0
8,523,4,False,0,2025-02-28,2,1.0,0.03,0.05,4,28,0,0,1,2.5714285714285716,0.0
8,538,4,False,0,2025-02-28,2,0.0,0.02,0.04,4,28,0,0,1,2.4285714285714284,0.0
8,542,4,False,0,2025-02-28,4,0.0,0.04,0.06,4,28,0,0,1,2.2857142857142856,0.0
8,544,4,False,0,2025-02-28,4,0.0,0.02,0.04,4,28,0,0,1,2.4285714285714284,0.0
8,564,4,False,0,2025-02-28,2,0.0,0.02,0.03,4,28,0,0,1,2.5714285714285716,0.0
8,610,4,False,0,2025-02-28,5,0.0,0.04,0.05,4,28,0,0,1,2.5714285714285716,0.0
8,619,4,False,0,2025-02-28,3,0.0,0.04,0.05,4,28,0,0,1,3.142857142857143,0.0
8,636,4,False,0,2025-02-28,3,0.0,0.02,0.03,4,28,0,0,1,3.142857142857143,0.0
8,645,4,False,0,2025-02-28,1,0.0,0.01,0.02,4,28,0,0,1,3.2857142857142856,0.0
8,653,4,False,0,2025-02-28,5,0.0,0.02,0.03,4,28,0,0,1,3.142857142857143,0.0
8,668,4,False,0,2025-02-28,3,0.0,0.03,0.04,4,28,0,0,1,3.2857142857142856,0.0
8,701,4,False,0,2025-02-28,4,0.0,0.02,0.04,4,28,0,0,1,3.142857142857143,0.0
8,717,4,False,0,2025-02-28,4,0.0,0.05,0.07,4,28,0,0,1,3.4285714285714284,0.0
8,768,4,False,0,2025-02-28,5,1.0,0.03,0.04,4,28,0,0,1,3.2857142857142856,0.0
8,769,4,False,0,2025-02-28,5,0.0,0.01,0.01,4,28,0,0,1,3.5714285714285716,0.0
8,780,4,False,0,2025-02-28,6,0.0,0.03,0.04,4,28,0,0,1,3.857142857142857,0.0
8,794,4,False,0,2025-02-28,1,0.0,0.04,0.05,4,28,0,0,1,4.571428571428571,0.0
8,854,4,False,0,2025-02-28,3,0.0,0.05,0.06,4,28,0,0,1,4.0,0.0
8,858,4,False,0,2025-02-28,2,0.0,0.04,0.06,4,28,0,0,1,4.0,0.0
8,864,4,False,0,2025-02-28,3,1.0,0.02,0.03,4,28,0,0,1,3.7142857142857144,0.0
8,875,4,False,0,2025-02-28,4,0.0,0.02,0.03,4,28,0,0,1,3.5714285714285716,0.0
8,891,4,False,0,2025-02-28,4,0.0,0.03,0.04,4,28,0,0,1,3.4285714285714284,0.0
8,961,4,False,0,2025-02-28,2,0.0,0.05,0.05,4,28,0,0,1,3.2857142857142856,0.0
8,1017,4,False,0,2025-02-28,3,0.0,0.03,0.04,4,28,0,0,1,2.7142857142857144,0.0
8,1047,4,False,0,2025-02-28,4,0.0,0.09,0.14,4,28,0,0,1,3.0,0.0
8,1057,4,False,0,2025-02-28,3,0.0,0.04,0.07,4,28,0,0,1,3.142857142857143,0.0
8,1095,4,False,0,2025-02-28,4,0.0,0.03,0.05,4,28,0,0,1,3.2857142857142856,0.0
8,1107,4,False,0,2025-02-28,1,0.0,0.02,0.03,4,28,0,0,1,3.4285714285714284,0.0
8,1161,4,False,0,2025-02-28,2,0.0,0.02,0.03,4,28,0,0,1,3.0,0.0
8,1177,4,False,0,2025-02-28,4,0.0,0.1,0.15,4,28,0,0,1,2.7142857142857144,0.0
8,1189,4,False,0,2025-02-28,3,0.0,0.02,0.04,4,28,0,0,1,3.0,0.0
8,1193,4,False,0,2025-02-28,3,1.0,0.02,0.03,4,28,0,0,1,3.0,0.0
8,1202,4,False,0,2025-02-28,3,0.0,0.02,0.04,4,28,0,0,1,2.857142857142857,0.0
8,1215,4,False,0,2025-02-28,2,0.0,0.01,0.02,4,28,0,0,1,2.857142857142857,0.0
8,1224,4,False,0,2025-02-28,0,0.0,0.04,0.05,4,28,0,0,1,2.5714285714285716,0.0
8,1267,4,False,0,2025-02-28,3,0.0,0.07,0.09,4,28,0,0,1,2.4285714285714284,0.0
8,1293,4,False,0,2025-02-28,6,0.0,0.03,0.04,4,28,0,0,1,2.5714285714285716,0.0
8,1303,4,False,0,2025-02-28,4,0.0,0.06,0.07,4,28,0,0,1,2.857142857142857,0.0
8,1338,4,False,0,2025-02-28,2,0.0,0.06,0.09,4,28,0,0,1,3.0,0.0
8,1344,4,False,0,2025-02-28,3,0.0,0.06,0.09,4,28,0,0,1,2.857142857142857,0.0
8,1350,4,False,0,2025-02-28,0,1.0,0.03,0.06,4,28,0,0,1,2.857142857142857,0.0
8,1367,4,False,0,2025-02-28,4,0.0,0.02,0.03,4,28,0,0,1,2.5714285714285716,0.0
8,1404,4,False,0,2025-02-28,2,2.0,0.02,0.03,4,28,0,0,1,3.142857142857143,0.0
8,1421,4,False,0,2025-02-28,4,0.0,0.02,0.03,4,28,0,0,1,3.0,0.0
8,1448,4,False,0,2025-02-28,2,0.0,0.06,0.07,4,28,0,0,1,2.7142857142857144,0.0
8,1466,4,False,0,2025-02-28,0,0.0,0.02,0.03,4,28,0,0,1,2.4285714285714284,0.0
8,1479,4,False,0,2025-02-28,6,0.0,0.04,0.06,4,28,0,0,1,2.142857142857143,0.0
8,1483,4,False,0,2025-02-28,7,0.0,0.02,0.04,4,28,0,0,1,2.5714285714285716,0.0
8,1498,4,False,0,2025-02-28,3,0.0,0.12,0.17,4,28,0,0,1,3.5714285714285716,0.0
8,1517,4,False,0,2025-02-28,1,1.0,0.02,0.03,4,28,0,0,1,3.4285714285714284,0.0
8,1533,4,False,0,2025-02-28,1,1.0,0.05,0.07,4,28,0,0,1,3.2857142857142856,0.0
8,1606,4,False,0,2025-02-28,6,0.0,0.04,0.05,4,28,0,0,1,2.857142857142857,0.0
8,1622,4,False,0,2025-02-28,6,0.0,0.07,0.09,4,28,0,0,1,3.4285714285714284,0.0
8,1624,4,False,0,2025-02-28,2,0.0,0.04,0.06,4,28,0,0,1,4.285714285714286,0.0
8,1625,4,False,0,2025-02-28,4,0.0,0.03,0.04,4,28,0,0,1,3.7142857142857144,0.0
8,1634,4,False,0,2025-02-28,3,0.0,0.05,0.06,4,28,0,0,1,3.2857142857142856,0.0
8,1648,4,False,0,2025-02-28,5,0.0,0.03,0.04,4,28,0,0,1,3.2857142857142856,0.0
8,1654,4,False,0,2025-02-28,4,0.0,0.01,0.02,4,28,0,0,1,3.857142857142857,0.0
8,1672,4,False,0,2025-02-28,3,0.0,0.02,0.02,4,28,0,0,1,4.285714285714286,0.0
8,1693,4,False,0,2025-02-28,4,0.0,0.02,0.04,4,28,0,0,1,3.857142857142857,0.0
8,1805,4,False,0,2025-02-28,3,0.0,0.04,0.07,4,28,0,0,1,3.5714285714285716,0.0
8,1806,4,False,0,2025-02-28,3,0.0,0.08,0.12,4,28,0,0,1,3.7142857142857144,0.0
8,1824,4,False,0,2025-02-28,3,0.0,0.01,0.01,4,28,0,0,1,3.5714285714285716,0.0
8,1836,4,False,0,2025-02-28,6,0.0,0.04,0.06,4,28,0,0,1,3.5714285714285716,0.0
8,1838,4,False,0,2025-02-28,3,0.0,0.01,0.01,4,28,0,0,1,3.7142857142857144,0.0
8,1842,4,False,0,2025-02-28,2,0.0,0.01,0.01,4,28,0,0,1,3.5714285714285716,0.0
8,1856,4,False,0,2025-02-28,2,0.0,0.02,0.04,4,28,0,0,1,3.4285714285714284,0.0
8,1861,4,False,0,2025-02-28,1,1.0,0.02,0.03,4,28,0,0,1,3.142857142857143,0.0
8,1869,4,False,0,2025-02-28,3,0.0,0.01,0.01,4,28,0,0,1,2.857142857142857,0.0
8,1870,4,False,0,2025-02-28,2,0.0,0.04,0.06,4,28,0,0,1,2.857142857142857,0.0
8,1894,4,False,0,2025-02-28,3,0.0,0.03,0.04,4,28,0,0,1,2.7142857142857144,0.0
8,1928,4,False,0,2025-02-28,0,0.0,0.01,0.01,4,28,0,0,1,2.2857142857142856,0.0
8,1942,4,False,0,2025-02-28,4,0.0,0.01,0.02,4,28,0,0,1,1.8571428571428572,0.0
8,1958,4,False,0,2025-02-28,1,0.0,0.04,0.06,4,28,0,0,1,2.142857142857143,0.0
8,1959,4,False,0,2025-02-28,10,0.0,0.05,0.08,4,28,0,0,1,2.0,0.0
8,1968,4,False,0,2025-02-28,5,0.0,0.03,0.05,4,28,0,0,1,3.2857142857142856,0.0
8,1996,4,False,0,2025-02-28,5,0.0,0.01,0.02,4,28,0,0,1,3.5714285714285716,0.0
8,1999,4,False,0,2025-02-28,1,0.0,0.01,0.01,4,28,0,0,1,4.0,0.0
8,2022,4,False,0,2025-02-28,10,0.0,0.03,0.05,4,28,0,0,1,3.7142857142857144,0.0
8,2024,4,False,0,2025-02-28,2,0.0,0.02,0.04,4,28,0,0,1,5.142857142857143,0.0
8,2064,4,False,0,2025-02-28,1,1.0,0.02,0.02,4,28,0,0,1,4.857142857142857,0.0
8,2092,4,False,0,2025-02-28,4,0.0,0.04,0.06,4,28,0,0,1,4.857142857142857,0.0
8,2097,4,False,0,2025-02-28,2,0.0,0.03,0.05,4,28,0,0,1,4.0,0.0
8,2103,4,False,0,2025-02-28,3,0.0,0.01,0.02,4,28,0,0,1,3.5714285714285716,0.0
8,2137,4,False,0,2025-02-28,1,0.0,0.04,0.06,4,28,0,0,1,3.2857142857142856,0.0
8,2150,4,False,0,2025-02-28,2,0.0,0.01,0.02,4,28,0,0,1,3.2857142857142856,0.0
8,2180,4,False,0,2025-02-28,3,0.0,0.05,0.08,4,28,0,0,1,2.142857142857143,0.0
8,2239,4,False,0,2025-02-28,2,1.0,0.03,0.03,4,28,0,0,1,2.2857142857142856,0.0
8,2252,4,False,0,2025-02-28,0,0.0,0.02,0.03,4,28,0,0,1,2.4285714285714284,0.0
8,2297,4,False,0,2025-02-28,3,0.0,0.14,0.15,4,28,0,0,1,1.8571428571428572,0.0
8,2320,4,False,0,2025-02-28,2,0.0,0.03,0.04,4,28,0,0,1,2.0,0.0
8,2355,4,False,0,2025-02-28,1,0.0,0.05,0.09,4,28,0,0,1,1.8571428571428572,0.0
8,2369,4,False,0,2025-02-28,4,0.0,0.03,0.05,4,28,0,0,1,1.8571428571428572,0.0
8,2423,4,False,0,2025-02-28,4,0.0,0.02,0.03,4,28,0,0,1,2.142857142857143,0.0
8,2456,4,False,0,2025-02-28,4,0.0,0.02,0.03,4,28,0,0,1,2.2857142857142856,0.0
8,2495,4,False,0,2025-02-28,2,0.0,0.05,0.08,4,28,0,0,1,2.5714285714285716,0.0
8,2517,4,False,0,2025-02-28,2,0.0,0.05,0.09,4,28,0,0,1,2.857142857142857,0.0
8,2550,4,False,0,2025-02-28,3,0.0,0.03,0.05,4,28,0,0,1,2.7142857142857144,0.0
8,2569,4,False,0,2025-02-28,2,0.0,0.01,0.02,4,28,0,0,1,2.857142857142857,0.0
8,2586,4,False,0,2025-02-28,2,0.0,0.04,0.06,4,28,0,0,1,3.0,0.0
8,2644,4,False,0,2025-02-28,1,1.0,0.05,0.08,4,28,0,0,1,2.7142857142857144,0.0
8,2711,4,False,0,2025-02-28,5,0.0,0.04,0.06,4,28,0,0,1,2.2857142857142856,0.0
8,2750,4,False,0,2025-02-28,3,0.0,0.01,0.01,4,28,0,0,1,2.4285714285714284,0.0
8,2773,4,False,0,2025-02-28,4,0.0,0.02,0.04,4,28,0,0,1,2.5714285714285716,0.0
8,2800,4,False,0,2025-02-28,10,0.0,0.02,0.04,4,28,0,0,1,2.857142857142857,0.0
8,2908,4,False,0,2025-02-28,0,2.0,0.03,0.04,4,28,0,0,1,3.857142857142857,0.0
8,2943,4,False,0,2025-02-28,4,0.0,0.02,0.03,4,28,0,0,1,3.5714285714285716,0.0
8,2955,4,False,0,2025-02-28,4,0.0,0.01,0.02,4,28,0,0,1,3.857142857142857,0.0
8,2973,4,False,0,2025-02-28,4,0.0,0.04,0.05,4,28,0,0,1,4.285714285714286,0.0
8,2995,4,False,0,2025-02-28,5,0.0,0.05,0.07,4,28,0,0,1,4.142857142857143,0.0
8,3003,4,False,0,2025-02-28,5,0.0,0.02,0.04,4,28,0,0,1,4.428571428571429,0.0
8,3029,4,False,0,2025-02-28,3,0.0,0.09,0.12,4,28,0,0,1,4.571428571428571,0.0
8,3127,4,False,0,2025-02-28,4,0.0,0.12,0.18,4,28,0,0,1,3.5714285714285716,0.0
8,3130,4,False,0,2025-02-28,6,0.0,0.14,0.22,4,28,0,0,1,4.142857142857143,0.0
8,3166,4,False,0,2025-02-28,3,0.0,0.01,0.01,4,28,0,0,1,4.428571428571429,0.0
8,3169,4,False,0,2025-02-28,3,0.0,0.02,0.03,4,28,0,0,1,4.285714285714286,0.0
8,3174,4,False,0,2025-02-28,3,1.0,0.01,0.01,4,28,0,0,1,4.142857142857143,0.0
8,3222,4,False,0,2025-02-28,2,0.0,0.02,0.04,4,28,0,0,1,3.857142857142857,0.0
8,3281,4,False,0,2025-02-28,2,0.0,0.06,0.08,4,28,0,0,1,3.4285714285714284,0.0
8,3344,4,False,0,2025-02-28,1,0.0,0.04,0.05,4,28,0,0,1,3.2857142857142856,0.0
8,3374,4,False,0,2025-02-28,2,0.0,0.06,0.09,4,28,0,0,1,2.857142857142857,0.0
8,3376,4,False,0,2025-02-28,2,1.0,0.03,0.03,4,28,0,0,1,2.2857142857142856,0.0
8,3400,4,False,0,2025-02-28,11,0.0,0.01,0.01,4,28,0,0,1,2.142857142857143,0.0
8,3425,4,False,0,2025-02-28,0,0.0,0.01,0.01,4,28,0,0,1,3.2857142857142856,0.0
8,3428,4,False,0,2025-02-28,2,0.0,0.04,0.06,4,28,0,0,1,2.857142857142857,0.0
8,3442,4,False,0,2025-02-28,3,1.0,0.07,0.1,4,28,0,0,1,2.857142857142857,0.0
8,3459,4,False,0,2025-02-28,2,0.0,0.04,0.07,4,28,0,0,1,3.0,0.0
8,3460,4,False,0,2025-02-28,4,0.0,0.02,0.03,4,28,0,0,1,3.142857142857143,0.0
8,3462,4,False,0,2025-02-28,3,0.0,0.03,0.05,4,28,0,0,1,3.4285714285714284,0.0
8,3471,4,False,0,2025-02-28,6,0.0,0.03,0.04,4,28,0,0,1,3.5714285714285716,0.0
8,3497,4,False,0,2025-02-28,3,0.0,0.04,0.06,4,28,0,0,1,2.857142857142857,0.0
8,3511,4,False,0,2025-02-28,4,0.0,0.04,0.07,4,28,0,0,1,3.2857142857142856,0.0
8,3603,4,False,0,2025-02-28,4,0.0,0.04,0.06,4,28,0,0,1,3.5714285714285716,0.0
8,3618,4,False,0,2025-02-28,5,0.0,0.12,0.17,4,28,0,0,1,3.7142857142857144,0.0
8,3669,4,False,0,2025-02-28,2,0.0,0.01,0.01,4,28,0,0,1,4.142857142857143,0.0
8,3670,4,False,0,2025-02-28,4,0.0,0.03,0.05,4,28,0,0,1,3.857142857142857,0.0
8,3671,4,False,0,2025-02-28,4,0.0,0.04,0.07,4,28,0,0,1,4.0,0.0
8,3678,4,False,0,2025-02-28,2,0.0,0.03,0.05,4,28,0,0,1,3.7142857142857144,0.0
8,3685,4,False,0,2025-02-28,0,0.0,0.03,0.05,4,28,0,0,1,3.5714285714285716,0.0
8,3720,4,False,0,2025-02-28,3,0.0,0.05,0.06,4,28,0,0,1,3.0,0.0
8,3738,4,False,0,2025-02-28,1,0.0,0.01,0.01,4,28,0,0,1,2.857142857142857,0.0
8,3744,4,False,0,2025-02-28,4,0.0,0.04,0.05,4,28,0,0,1,2.2857142857142856,0.0
8,3797,4,False,0,2025-02-28,4,0.0,0.03,0.04,4,28,0,0,1,2.5714285714285716,0.0
8,3799,4,False,0,2025-02-28,4,0.0,0.03,0.05,4,28,0,0,1,2.5714285714285716,0.0
8,3820,4,False,0,2025-02-28,4,0.0,0.02,0.04,4,28,0,0,1,2.5714285714285716,0.0
8,3821,4,False,0,2025-02-28,4,0.0,0.04,0.05,4,28,0,0,1,2.857142857142857,0.0
8,3826,4,False,0,2025-02-28,3,1.0,0.03,0.04,4,28,0,0,1,3.4285714285714284,0.0
8,3831,4,False,0,2025-02-28,3,0.0,0.01,0.02,4,28,0,0,1,3.4285714285714284,0.0
8,3858,4,False,0,2025-02-28,2,0.0,0.06,0.08,4,28,0,0,1,3.7142857142857144,0.0
8,3894,4,False,0,2025-02-28,5,0.0,0.02,0.03,4,28,0,0,1,3.4285714285714284,0.0
8,3898,4,False,0,2025-02-28,4,0.0,0.06,0.1,4,28,0,0,1,3.5714285714285716,0.0
8,3913,4,False,0,2025-02-28,4,0.0,0.03,0.05,4,28,0,0,1,3.5714285714285716,0.0
8,3917,4,False,0,2025-02-28,4,0.0,0.01,0.01,4,28,0,0,1,3.5714285714285716,0.0
8,3925,4,False,0,2025-02-28,0,0.0,0.03,0.05,4,28,0,0,1,3.5714285714285716,0.0
8,3940,4,False,0,2025-02-28,3,0.0,0.05,0.06,4,28,0,0,1,3.142857142857143,0.0
8,3954,4,False,0,2025-02-28,0,0.0,0.02,0.03,4,28,0,0,1,3.142857142857143,0.0
8,3966,4,False,0,2025-02-28,0,0.0,0.02,0.04,4,28,0,0,1,2.857142857142857,0.0
8,3969,4,False,0,2025-02-28,1,0.0,0.01,0.03,4,28,0,0,1,2.142857142857143,0.0
8,3977,4,False,0,2025-02-28,4,0.0,0.06,0.08,4,28,0,0,1,1.7142857142857142,0.0
8,4001,4,False,0,2025-02-28,2,0.0,0.04,0.06,4,28,0,0,1,1.7142857142857142,0.0
8,4034,4,False,0,2025-02-28,3,0.0,0.08,0.11,4,28,0,0,1,1.4285714285714286,0.0
8,4054,4,False,0,2025-02-28,2,0.0,0.02,0.04,4,28,0,0,1,1.8571428571428572,0.0
8,4061,4,False,0,2025-02-28,7,0.0,0.05,0.07,4,28,0,0,1,1.7142857142857142,0.0
8,4086,4,False,0,2025-02-28,3,0.0,0.02,0.02,4,28,0,0,1,2.7142857142857144,0.0
8,4096,4,False,0,2025-02-28,1,0.0,0.05,0.07,4,28,0,0,1,3.142857142857143,0.0
8,4142,4,False,0,2025-02-28,4,0.0,0.02,0.03,4,28,0,0,1,3.142857142857143,0.0
8,4156,4,False,0,2025-02-28,4,0.0,0.03,0.04,4,28,0,0,1,3.142857142857143,0.0
8,4229,4,False,0,2025-02-28,3,0.0,0.02,0.04,4,28,0,0,1,3.4285714285714284,0.0
8,4244,4,False,0,2025-02-28,3,0.0,0.02,0.04,4,28,0,0,1,3.4285714285714284,0.0
8,4264,4,False,0,2025-02-28,2,0.0,0.05,0.07,4,28,0,0,1,3.5714285714285716,0.0
8,4331,4,False,0,2025-02-28,5,0.0,0.01,0.01,4,28,0,0,1,2.857142857142857,0.0
8,4365,4,False,0,2025-02-28,3,0.0,0.04,0.06,4,28,0,0,1,3.142857142857143,0.0
8,4366,4,False,0,2025-02-28,2,2.0,0.05,0.06,4,28,0,0,1,3.4285714285714284,0.0
8,4420,4,False,0,2025-02-28,5,1.0,0.02,0.02,4,28,0,0,1,3.142857142857143,0.0
8,4436,4,False,0,2025-02-28,2,0.0,0.02,0.03,4,28,0,0,1,3.2857142857142856,0.0
8,4444,4,False,0,2025-02-28,2,0.0,0.07,0.1,4,28,0,0,1,3.142857142857143,0.0
8,4450,4,False,0,2025-02-28,4,0.0,0.02,0.03,4,28,0,0,1,3.0,0.0
8,4458,4,False,0,2025-02-28,11,0.0,0.03,0.05,4,28,0,0,1,3.2857142857142856,0.0
8,4465,4,False,0,2025-02-28,4,0.0,0.02,0.04,4,28,0,0,1,4.142857142857143,0.0
8,4472,4,False,0,2025-02-28,5,0.0,0.01,0.01,4,28,0,0,1,4.285714285714286,0.0
8,4507,4,False,0,2025-02-28,4,0.0,0.03,0.04,4,28,0,0,1,4.714285714285714,0.0
8,4525,4,False,0,2025-02-28,3,0.0,0.01,0.03,4,28,0,0,1,4.571428571428571,0.0
8,4536,4,False,0,2025-02-28,3,0.0,0.01,0.01,4,28,0,0,1,4.714285714285714,0.0
8,4564,4,False,0,2025-02-28,3,0.0,0.02,0.04,4,28,0,0,1,4.857142857142857,0.0
8,4568,4,False,0,2025-02-28,5,0.0,0.01,0.01,4,28,0,0,1,4.714285714285714,0.0
8,4604,4,False,0,2025-02-28,6,0.0,0.02,0.03,4,28,0,0,1,3.857142857142857,0.0
8,4610,4,False,0,2025-02-28,2,0.0,0.06,0.09,4,28,0,0,1,4.142857142857143,0.0
8,4620,4,False,0,2025-02-28,2,1.0,0.02,0.04,4,28,0,0,1,3.7142857142857144,0.0
8,4648,4,False,0,2025-02-28,3,0.0,0.05,0.07,4,28,0,0,1,3.4285714285714284,0.0
8,4700,4,False,0,2025-02-28,4,0.0,0.02,0.03,4,28,0,0,1,3.4285714285714284,0.0
8,4741,4,False,0,2025-02-28,5,0.0,0.02,0.05,4,28,0,0,1,3.5714285714285716,0.0
8,4759,4,False,0,2025-02-28,4,0.0,0.04,0.04,4,28,0,0,1,3.857142857142857,0.0
8,4770,4,False,0,2025-02-28,2,1.0,0.03,0.05,4,28,0,0,1,3.7142857142857144,0.0
8,4774,4,False,0,2025-02-28,4,0.0,0.03,0.04,4,28,0,0,1,3.142857142857143,0.0
8,4903,4,False,0,2025-02-28,4,0.0,0.01,0.01,4,28,0,0,1,3.4285714285714284,0.0
8,4915,4,False,0,2025-02-28,5,0.0,0.01,0.02,4,28,0,0,1,3.7142857142857144,0.0
8,4929,4,False,0,2025-02-28,4,0.0,0.03,0.04,4,28,0,0,1,4.0,0.0
8,4961,4,False,0,2025-02-28,7,0.0,0.03,0.06,4,28,0,0,1,4.0,0.0
8,4987,4,False,0,2025-02-28,3,0.0,0.02,0.03,4,28,0,0,1,4.285714285714286,0.0
8,4992,4,False,0,2025-02-28,2,1.0,0.04,0.06,4,28,0,0,1,4.142857142857143,0.0
8,4997,4,False,0,2025-02-28,2,0.0,0.07,0.1,4,28,0,0,1,4.142857142857143,0.0
8,4998,4,False,0,2025-02-28,3,0.0,0.01,0.01,4,28,0,0,1,3.857142857142857,0.0
8,5008,4,False,0,2025-02-28,2,0.0,0.02,0.03,4,28,0,0,1,3.7142857142857144,0.0
8,5048,4,False,0,2025-02-28,1,0.0,0.01,0.02,4,28,0,0,1,3.2857142857142856,0.0
8,5091,4,False,0,2025-02-28,3,0.0,0.06,0.08,4,28,0,0,1,2.857142857142857,0.0
8,5100,4,False,0,2025-02-28,2,0.0,0.02,0.03,4,28,0,0,1,2.2857142857142856,0.0
8,5112,4,False,0,2025-02-28,6,0.0,0.02,0.04,4,28,0,0,1,2.142857142857143,0.0
8,5118,4,False,0,2025-02-28,2,0.0,0.05,0.08,4,28,0,0,1,2.7142857142857144,0.0
8,5120,4,False,0,2025-02-28,0,0.0,0.02,0.03,4,28,0,0,1,2.7142857142857144,0.0
8,5123,4,False,0,2025-02-28,5,0.0,0.02,0.04,4,28,0,0,1,2.2857142857142856,0.0
8,5130,4,False,0,2025-02-28,5,0.0,0.02,0.03,4,28,0,0,1,2.7142857142857144,0.0
8,5149,4,False,0,2025-02-28,2,0.0,0.12,0.15,4,28,0,0,1,3.2857142857142856,0.0
8,5163,4,False,0,2025-02-28,1,0.0,0.05,0.09,4,28,0,0,1,3.142857142857143,0.0
8,5169,4,False,0,2025-02-28,2,0.0,0.06,0.08,4,28,0,0,1,3.0,0.0
8,5172,4,False,0,2025-02-28,4,0.0,0.04,0.04,4,28,0,0,1,2.4285714285714284,0.0
8,5177,4,False,0,2025-02-28,3,0.0,0.01,0.01,4,28,0,0,1,2.7142857142857144,0.0
8,5199,4,False,0,2025-02-28,2,0.0,0.02,0.02,4,28,0,0,1,3.142857142857143,0.0
8,5234,4,False,0,2025-02-28,2,0.0,0.02,0.03,4,28,0,0,1,2.7142857142857144,0.0
8,5241,4,False,0,2025-02-28,2,0.0,0.01,0.01,4,28,0,0,1,2.2857142857142856,0.0
8,5247,4,False,0,2025-02-28,4,1.0,0.02,0.02,4,28,0,0,1,2.2857142857142856,0.0
8,5267,4,False,0,2025-02-28,3,0.0,0.02,0.03,4,28,0,0,1,2.7142857142857144,0.0
8,5269,4,False,0,2025-02-28,2,0.0,0.01,0.01,4,28,0,0,1,2.857142857142857,0.0
8,5275,4,False,0,2025-02-28,4,0.0,0.02,0.05,4,28,0,0,1,2.5714285714285716,0.0
8,5283,4,False,0,2025-02-28,2,0.0,0.03,0.04,4,28,0,0,1,2.7142857142857144,0.0
8,172,5,True,0,2025-02-28,8,0.0,0.01,0.01,4,28,0,0,1,2.7142857142857144,0.0
8,327,5,True,0,2025-02-28,8,0.0,0.01,0.03,4,28,0,0,1,3.5714285714285716,0.0
8,697,5,True,0,2025-02-28,11,2.0,0.04,0.06,4,28,0,0,1,4.428571428571429,0.0
8,1278,5,True,0,2025-02-28,2,0.0,0.02,0.05,4,28,0,0,1,5.428571428571429,0.0
8,1463,5,True,0,2025-02-28,9,0.0,0.01,0.03,4,28,0,0,1,5.285714285714286,0.0
8,1471,5,True,0,2025-02-28,4,0.0,0.02,0.05,4,28,0,0,1,6.285714285714286,0.0
8,1580,5,True,0,2025-02-28,6,1.0,0.02,0.04,4,28,0,0,1,6.285714285714286,0.0
8,1795,5,True,0,2025-02-28,5,0.0,0.02,0.04,4,28,0,0,1,6.857142857142857,0.0
8,1860,5,True,0,2025-02-28,4,0.0,0.03,0.04,4,28,0,0,1,6.428571428571429,0.0
8,2169,5,True,0,2025-02-28,5,0.0,0.01,0.01,4,28,0,0,1,5.857142857142857,0.0
8,2338,5,True,0,2025-02-28,17,0.0,0.01,0.02,4,28,0,0,1,5.0,0.0
8,2381,5,True,0,2025-02-28,6,0.0,0.04,0.06,4,28,0,0,1,7.142857142857143,0.0
8,2518,5,True,0,2025-02-28,4,0.0,0.02,0.09,4,28,0,0,1,6.714285714285714,0.0
8,2560,5,True,0,2025-02-28,6,0.0,0.03,0.06,4,28,0,0,1,6.714285714285714,0.0
8,2647,5,True,0,2025-02-28,10,0.0,0.03,0.05,4,28,0,0,1,6.714285714285714,0.0
8,2926,5,True,0,2025-02-28,61,1.0,0.03,0.05,4,28,0,0,1,7.428571428571429,0.0
8,3002,5,True,0,2025-02-28,6,0.0,0.04,0.09,4,28,0,0,1,15.571428571428571,0.0
8,3175,5,True,0,2025-02-28,4,0.0,0.04,0.1,4,28,0,0,1,15.714285714285714,0.0
8,3612,5,True,0,2025-02-28,40,0.0,0.05,0.08,4,28,0,0,1,13.857142857142858,0.0
8,3734,5,True,0,2025-02-28,5,0.0,0.05,0.07,4,28,0,0,1,18.714285714285715,0.0
8,3819,5,True,0,2025-02-28,5,0.0,0.02,0.06,4,28,0,0,1,18.857142857142858,0.0
8,4150,5,True,0,2025-02-28,3,1.0,0.02,0.04,4,28,0,0,1,18.714285714285715,0.0
8,4200,5,True,0,2025-02-28,4,1.0,0.06,0.11,4,28,0,0,1,17.714285714285715,0.0
8,5036,5,True,0,2025-02-28,6,0.0,0.03,0.05,4,28,0,0,1,9.571428571428571,0.0
8,5260,5,True,0,2025-02-28,9,0.0,0.02,0.06,4,28,0,0,1,9.571428571428571,0.0
8,138,6,False,0,2025-02-28,1,0.0,0.16,0.24,4,28,0,0,1,10.285714285714286,0.0
8,177,6,False,0,2025-02-28,2,0.0,0.08,0.09,4,28,0,0,1,4.714285714285714,0.0
8,207,6,False,0,2025-02-28,2,0.0,0.23,0.3,4,28,0,0,1,4.285714285714286,0.0
8,316,6,False,0,2025-02-28,2,0.0,0.08,0.12,4,28,0,0,1,3.857142857142857,0.0
8,647,6,False,0,2025-02-28,3,0.0,0.07,0.09,4,28,0,0,1,3.7142857142857144,0.0
8,755,6,False,0,2025-02-28,1,0.0,0.15,0.21,4,28,0,0,1,3.5714285714285716,0.0
8,975,6,False,0,2025-02-28,3,0.0,0.08,0.09,4,28,0,0,1,2.857142857142857,0.0
8,1265,6,False,0,2025-02-28,4,0.0,0.14,0.22,4,28,0,0,1,2.0,0.0
8,1309,6,False,0,2025-02-28,0,0.0,0.24,0.32,4,28,0,0,1,2.4285714285714284,0.0
8,1509,6,False,0,2025-02-28,0,0.0,0.22,0.3,4,28,0,0,1,2.142857142857143,0.0
8,1740,6,False,0,2025-02-28,2,0.0,0.08,0.12,4,28,0,0,1,1.8571428571428572,0.0
8,1827,6,False,0,2025-02-28,2,0.0,0.1,0.15,4,28,0,0,1,1.8571428571428572,0.0
8,1845,6,False,0,2025-02-28,1,0.0,0.05,0.06,4,28,0,0,1,1.7142857142857142,0.0
8,1865,6,False,0,2025-02-28,0,0.0,0.12,0.15,4,28,0,0,1,1.7142857142857142,0.0
8,2131,6,False,0,2025-02-28,2,0.0,0.1,0.15,4,28,0,0,1,1.2857142857142858,0.0
8,2216,6,False,0,2025-02-28,2,0.0,0.06,0.09,4,28,0,0,1,1.0,0.0
8,2240,6,False,0,2025-02-28,2,0.0,0.13,0.17,4,28,0,0,1,1.2857142857142858,0.0
8,2291,6,False,0,2025-02-28,1,0.0,0.15,0.19,4,28,0,0,1,1.5714285714285714,0.0
8,2352,6,False,0,2025-02-28,1,0.0,0.11,0.15,4,28,0,0,1,1.4285714285714286,0.0
8,2515,6,False,0,2025-02-28,1,0.0,0.16,0.18,4,28,0,0,1,1.2857142857142858,0.0
8,2617,6,False,0,2025-02-28,1,0.0,0.13,0.2,4,28,0,0,1,1.2857142857142858,0.0
8,2799,6,False,0,2025-02-28,1,0.0,0.06,0.08,4,28,0,0,1,1.4285714285714286,0.0
8,2934,6,False,0,2025-02-28,1,0.0,0.07,0.1,4,28,0,0,1,1.2857142857142858,0.0
8,3090,6,False,0,2025-02-28,1,0.0,0.15,0.2,4,28,0,0,1,1.1428571428571428,0.0
8,3380,6,False,0,2025-02-28,3,0.0,0.06,0.09,4,28,0,0,1,1.0,0.0
8,3637,6,False,0,2025-02-28,0,0.0,0.07,0.09,4,28,0,0,1,1.2857142857142858,0.0
8,3793,6,False,0,2025-02-28,1,0.0,0.03,0.04,4,28,0,0,1,1.1428571428571428,0.0
8,3937,6,False,0,2025-02-28,3,0.0,0.14,0.19,4,28,0,0,1,1.1428571428571428,0.0
8,4074,6,False,0,2025-02-28,1,0.0,0.16,0.22,4,28,0,0,1,1.4285714285714286,0.0
8,4196,6,False,0,2025-02-28,1,0.0,0.06,0.08,4,28,0,0,1,1.4285714285714286,0.0
8,4228,6,False,0,2025-02-28,0,0.0,0.16,0.2,4,28,0,0,1,1.4285714285714286,0.0
8,4356,6,False,0,2025-02-28,0,1.0,0.09,0.14,4,28,0,0,1,1.2857142857142858,0.0
8,4398,6,False,0,2025-02-28,0,0.0,0.09,0.22,4,28,0,0,1,0.8571428571428571,0.0
8,4430,6,False,0,2025-02-28,1,0.0,0.08,0.13,4,28,0,0,1,0.8571428571428571,0.0
8,4730,6,False,0,2025-02-28,1,0.0,0.13,0.19,4,28,0,0,1,0.8571428571428571,0.0
8,4736,6,False,0,2025-02-28,1,0.0,0.07,0.09,4,28,0,0,1,0.5714285714285714,0.0
8,4849,6,False,0,2025-02-28,0,0.0,0.13,0.22,4,28,0,0,1,0.5714285714285714,0.0
8,4887,6,False,0,2025-02-28,4,0.0,0.13,0.16,4,28,0,0,1,0.42857142857142855,0.0
8,5023,6,False,0,2025-02-28,1,0.0,0.13,0.19,4,28,0,0,1,1.0,0.0
8,411,7,False,0,2025-02-28,5,0.0,0.0,0.01,4,28,0,0,1,1.1428571428571428,0.0
8,461,7,False,0,2025-02-28,2,0.0,0.0,0.01,4,28,0,0,1,1.8571428571428572,0.0
8,551,7,False,0,2025-02-28,5,0.0,0.01,0.01,4,28,0,0,1,2.0,0.0
8,559,7,False,0,2025-02-28,24,0.0,0.01,0.01,4,28,0,0,1,2.5714285714285716,0.0
8,848,7,False,0,2025-02-28,5,0.0,0.04,0.05,4,28,0,0,1,5.857142857142857,0.0
8,861,7,False,0,2025-02-28,5,0.0,0.01,0.02,4,28,0,0,1,6.571428571428571,0.0
8,1115,7,False,0,2025-02-28,74,0.0,0.0,0.0,4,28,0,0,1,6.714285714285714,0.0
8,1288,7,False,0,2025-02-28,1,3.0,0.01,0.02,4,28,0,0,1,17.142857142857142,0.0
8,1787,7,False,0,2025-02-28,0,0.0,0.02,0.02,4,28,0,0,1,16.571428571428573,0.0
8,2175,7,False,0,2025-02-28,7,0.0,0.03,0.04,4,28,0,0,1,16.285714285714285,0.0
8,2227,7,False,0,2025-02-28,4,0.0,0.02,0.03,4,28,0,0,1,16.571428571428573,0.0
8,2499,7,False,0,2025-02-28,10,4.0,0.0,0.01,4,28,0,0,1,13.714285714285714,0.0
8,2887,7,False,0,2025-02-28,21,0.0,0.02,0.03,4,28,0,0,1,14.428571428571429,0.0
8,3023,7,False,0,2025-02-28,20,0.0,0.01,0.01,4,28,0,0,1,16.714285714285715,0.0
8,3040,7,False,0,2025-02-28,2,0.0,0.0,0.0,4,28,0,0,1,9.0,0.0
8,3105,7,False,0,2025-02-28,4,0.0,0.0,0.01,4,28,0,0,1,9.142857142857142,0.0
8,3272,7,False,0,2025-02-28,6,0.0,0.01,0.02,4,28,0,0,1,9.714285714285714,0.0
8,3314,7,False,0,2025-02-28,8,2.0,0.0,0.01,4,28,0,0,1,9.571428571428571,0.0
8,3401,7,False,0,2025-02-28,8,0.0,0.0,0.01,4,28,0,0,1,10.142857142857142,0.0
8,4026,7,False,0,2025-02-28,2,0.0,0.12,0.18,4,28,0,0,1,9.857142857142858,0.0
8,4093,7,False,0,2025-02-28,6,0.0,0.01,0.01,4,28,0,0,1,7.142857142857143,0.0
8,4298,7,False,0,2025-02-28,12,0.0,0.01,0.01,4,28,0,0,1,5.142857142857143,0.0
8,4351,7,False,0,2025-02-28,5,1.0,0.01,0.03,4,28,0,0,1,6.571428571428571,0.0
8,4411,7,False,0,2025-02-28,15,0.0,0.02,0.04,4,28,0,0,1,6.714285714285714,0.0
8,4585,7,False,0,2025-02-28,9,0.0,0.02,0.04,4,28,0,0,1,8.0,0.0
8,4688,7,False,0,2025-02-28,7,1.0,0.0,0.03,4,28,0,0,1,8.142857142857142,0.0
8,4867,7,False,0,2025-02-28,0,0.0,0.03,0.05,4,28,0,0,1,8.0,0.0
8,199,8,False,0,2025-02-28,10,0.0,0.01,0.02,4,28,0,0,1,7.714285714285714,0.0
8,269,8,False,0,2025-02-28,26,0.0,0.0,0.01,4,28,0,0,1,8.285714285714286,0.0
8,805,8,False,0,2025-02-28,11,0.0,0.0,0.01,4,28,0,0,1,10.285714285714286,0.0
8,828,8,False,0,2025-02-28,9,0.0,0.01,0.01,4,28,0,0,1,11.142857142857142,0.0
8,932,8,False,0,2025-02-28,5,1.0,0.01,0.02,4,28,0,0,1,10.285714285714286,0.0
8,1010,8,False,0,2025-02-28,13,0.0,0.01,0.02,4,28,0,0,1,9.714285714285714,0.0
8,1073,8,False,0,2025-02-28,14,2.0,0.01,0.02,4,28,0,0,1,10.571428571428571,0.0
8,1308,8,False,0,2025-02-28,16,0.0,0.02,0.03,4,28,0,0,1,12.571428571428571,0.0
8,2253,8,False,0,2025-02-28,17,0.0,0.0,0.01,4,28,0,0,1,13.428571428571429,0.0
8,2420,8,False,0,2025-02-28,24,0.0,0.0,0.01,4,28,0,0,1,12.142857142857142,2.3893964009446873
8,2659,8,False,0,2025-02-28,17,0.0,0.01,0.01,4,28,0,0,1,14.0,0.0
8,2985,8,False,0,2025-02-28,20,0.0,0.02,0.02,4,28,0,0,1,15.142857142857142,0.0
8,3015,8,False,0,2025-02-28,7,0.0,0.01,0.02,4,28,0,0,1,17.285714285714285,0.0
8,3331,8,False,0,2025-02-28,34,0.0,0.01,0.02,4,28,0,0,1,16.428571428571427,0.0
8,3430,8,False,0,2025-02-28,1,0.0,0.01,0.02,4,28,0,0,1,19.285714285714285,0.0
8,3545,8,False,0,2025-02-28,10,2.0,0.02,0.03,4,28,0,0,1,17.142857142857142,0.0
8,3594,8,False,0,2025-02-28,12,0.0,0.01,0.01,4,28,0,0,1,16.142857142857142,0.0
8,4513,8,False,0,2025-02-28,13,0.0,0.01,0.02,4,28,0,0,1,14.428571428571429,0.0
8,4560,8,False,0,2025-02-28,13,1.0,0.01,0.02,4,28,0,0,1,13.857142857142858,0.0
8,5038,8,False,0,2025-02-28,10,2.0,0.02,0.03,4,28,0,0,1,12.857142857142858,0.0
8,5075,8,False,0,2025-02-28,8,5.0,0.01,0.02,4,28,0,0,1,13.285714285714286,0.0
8,5178,8,False,0,2025-02-28,15,0.0,0.01,0.02,4,28,0,0,1,9.571428571428571,0.0
8,10,9,True,0,2025-02-28,3,0.0,0.04,0.1,4,28,0,0,1,11.571428571428571,0.0
8,45,9,True,0,2025-02-28,10,0.0,0.02,0.05,4,28,0,0,1,10.571428571428571,0.0
8,141,9,True,0,2025-02-28,17,0.0,0.03,0.08,4,28,0,0,1,10.285714285714286,1.5826463735466287
8,187,9,True,0,2025-02-28,5,0.0,0.01,0.02,4,28,0,0,1,10.857142857142858,0.0
8,270,9,True,0,2025-02-28,4,0.0,0.02,0.14,4,28,0,0,1,9.714285714285714,0.0
8,275,9,True,0,2025-02-28,13,2.0,0.04,0.06,4,28,0,0,1,8.857142857142858,0.0
8,278,9,True,0,2025-02-28,6,1.0,0.05,0.1,4,28,0,0,1,9.571428571428571,0.0
8,317,9,True,0,2025-02-28,6,0.0,0.01,0.02,4,28,0,0,1,8.285714285714286,0.0
8,352,9,True,0,2025-02-28,12,0.0,0.02,0.17,4,28,0,0,1,8.714285714285714,0.0
8,473,9,True,0,2025-02-28,4,0.0,0.01,0.02,4,28,0,0,1,9.0,0.0
8,496,9,True,0,2025-02-28,11,0.0,0.01,0.02,4,28,0,0,1,7.142857142857143,0.0
8,615,9,True,0,2025-02-28,2,0.0,0.02,0.05,4,28,0,0,1,8.0,0.0
8,678,9,True,0,2025-02-28,11,0.0,0.01,0.05,4,28,0,0,1,7.714285714285714,0.0
8,696,9,True,0,2025-02-28,7,0.0,0.01,0.05,4,28,0,0,1,7.428571428571429,0.0
8,747,9,True,0,2025-02-28,1,0.0,0.01,0.03,4,28,0,0,1,7.571428571428571,0.0
8,802,9,True,0,2025-02-28,8,1.0,0.06,0.1,4,28,0,0,1,6.857142857142857,0.0
8,813,9,True,0,2025-02-28,12,0.0,0.02,0.03,4,28,0,0,1,6.285714285714286,0.0
8,958,9,True,0,2025-02-28,9,0.0,0.01,0.04,4,28,0,0,1,7.428571428571429,0.0
8,976,9,True,0,2025-02-28,6,1.0,0.01,0.05,4,28,0,0,1,7.142857142857143,0.0
8,1112,9,True,0,2025-02-28,5,0.0,0.02,0.05,4,28,0,0,1,7.714285714285714,0.0
8,1148,9,True,0,2025-02-28,2,0.0,0.02,0.05,4,28,0,0,1,6.857142857142857,0.0
8,1172,9,True,0,2025-02-28,2,0.0,0.01,0.03,4,28,0,0,1,6.142857142857143,0.0
8,1178,9,True,0,2025-02-28,26,1.0,0.02,0.07,4,28,0,0,1,6.285714285714286,0.0
8,1287,9,True,0,2025-02-28,3,0.0,0.01,0.04,4,28,0,0,1,8.857142857142858,0.0
8,1323,9,True,0,2025-02-28,18,3.0,0.02,0.07,4,28,0,0,1,7.571428571428571,0.0
8,1409,9,True,0,2025-02-28,15,0.0,0.02,0.06,4,28,0,0,1,8.857142857142858,0.0
8,1510,9,True,0,2025-02-28,9,0.0,0.03,0.14,4,28,0,0,1,10.142857142857142,0.0
8,1661,9,True,0,2025-02-28,5,0.0,0.01,0.04,4,28,0,0,1,10.714285714285714,0.0
8,1696,9,True,0,2025-02-28,19,0.0,0.01,0.03,4,28,0,0,1,11.142857142857142,0.0
8,1705,9,True,0,2025-02-28,4,0.0,0.04,0.1,4,28,0,0,1,13.571428571428571,0.0
8,1896,9,True,0,2025-02-28,4,0.0,0.03,0.11,4,28,0,0,1,10.428571428571429,0.0
8,1906,9,True,0,2025-02-28,5,0.0,0.04,0.16,4,28,0,0,1,10.571428571428571,0.0
8,1951,9,True,0,2025-02-28,7,1.0,0.02,0.06,4,28,0,0,1,8.714285714285714,0.0
8,2010,9,True,0,2025-02-28,7,0.0,0.03,0.07,4,28,0,0,1,7.571428571428571,0.0
8,2011,9,True,0,2025-02-28,7,2.0,0.01,0.05,4,28,0,0,1,7.285714285714286,0.0
8,2056,9,True,0,2025-02-28,15,0.0,0.01,0.03,4,28,0,0,1,7.571428571428571,0.0
8,2256,9,True,0,2025-02-28,20,0.0,0.02,0.04,4,28,0,0,1,7.0,0.0
8,2284,9,True,0,2025-02-28,3,0.0,0.01,0.03,4,28,0,0,1,9.285714285714286,0.0
8,2307,9,True,0,2025-02-28,1,0.0,0.02,0.06,4,28,0,0,1,9.142857142857142,0.0
8,2357,9,True,0,2025-02-28,4,0.0,0.09,0.46,4,28,0,0,1,8.571428571428571,0.0
8,2360,9,True,0,2025-02-28,1,0.0,0.01,0.04,4,28,0,0,1,8.142857142857142,0.0
8,2399,9,True,0,2025-02-28,15,0.0,0.03,0.1,4,28,0,0,1,7.285714285714286,0.0
8,2401,9,True,0,2025-02-28,3,0.0,0.01,0.05,4,28,0,0,1,8.428571428571429,0.0
8,2419,9,True,0,2025-02-28,5,0.0,0.02,0.03,4,28,0,0,1,6.714285714285714,0.0
8,2474,9,True,0,2025-02-28,4,0.0,0.04,0.12,4,28,0,0,1,4.571428571428571,0.0
8,2486,9,True,0,2025-02-28,0,1.0,0.02,0.06,4,28,0,0,1,4.714285714285714,0.0
8,2543,9,True,0,2025-02-28,2,0.0,0.0,0.02,4,28,0,0,1,4.571428571428571,0.0
8,2615,9,True,0,2025-02-28,13,0.0,0.02,0.06,4,28,0,0,1,4.285714285714286,0.0
8,2795,9,True,0,2025-02-28,9,0.0,0.02,0.07,4,28,0,0,1,6.0,0.0
8,2812,9,True,0,2025-02-28,8,0.0,0.02,0.06,4,28,0,0,1,5.142857142857143,0.0
8,2841,9,True,0,2025-02-28,5,0.0,0.01,0.07,4,28,0,0,1,5.857142857142857,0.0
8,2857,9,True,0,2025-02-28,8,0.0,0.01,0.02,4,28,0,0,1,5.857142857142857,0.0
8,3008,9,True,0,2025-02-28,10,2.0,0.01,0.13,4,28,0,0,1,6.428571428571429,0.0
8,3226,9,True,0,2025-02-28,8,0.0,0.02,0.06,4,28,0,0,1,7.857142857142857,0.0
8,3241,9,True,0,2025-02-28,5,0.0,0.01,0.02,4,28,0,0,1,8.714285714285714,0.0
8,3244,9,True,0,2025-02-28,3,1.0,0.01,0.05,4,28,0,0,1,7.571428571428571,0.0
8,3356,9,True,0,2025-02-28,2,0.0,0.01,0.02,4,28,0,0,1,6.714285714285714,0.0
8,3540,9,True,0,2025-02-28,9,0.0,0.03,0.08,4,28,0,0,1,5.857142857142857,0.0
8,3735,9,True,0,2025-02-28,8,0.0,0.02,0.07,4,28,0,0,1,6.428571428571429,0.0
8,3751,9,True,0,2025-02-28,38,2.0,0.04,0.09,4,28,0,0,1,6.428571428571429,0.0
8,3789,9,True,0,2025-02-28,37,0.0,0.01,0.02,4,28,0,0,1,10.428571428571429,0.0
8,3905,9,True,0,2025-02-28,0,0.0,0.01,0.08,4,28,0,0,1,14.571428571428571,0.0
8,4012,9,True,0,2025-02-28,11,0.0,0.01,0.06,4,28,0,0,1,13.857142857142858,0.0
8,4106,9,True,0,2025-02-28,4,0.0,0.02,0.14,4,28,0,0,1,15.0,0.0
8,4141,9,True,0,2025-02-28,3,0.0,0.05,0.1,4,28,0,0,1,15.285714285714286,0.0
8,4153,9,True,0,2025-02-28,10,0.0,0.01,0.03,4,28,0,0,1,14.428571428571429,0.0
8,4154,9,True,0,2025-02-28,4,0.0,0.0,0.01,4,28,0,0,1,14.714285714285714,0.0
8,4197,9,True,0,2025-02-28,15,0.0,0.01,0.02,4,28,0,0,1,9.857142857142858,0.0
8,4348,9,True,0,2025-02-28,7,1.0,0.01,0.03,4,28,0,0,1,6.714285714285714,0.0
8,4350,9,True,0,2025-02-28,11,0.0,0.03,0.07,4,28,0,0,1,7.714285714285714,0.0
8,4367,9,True,0,2025-02-28,5,0.0,0.03,0.05,4,28,0,0,1,7.714285714285714,0.0
8,4466,9,True,0,2025-02-28,6,0.0,0.02,0.05,4,28,0,0,1,7.857142857142857,0.0
8,4493,9,True,0,2025-02-28,16,0.0,0.01,0.07,4,28,0,0,1,8.285714285714286,0.0
8,4530,9,True,0,2025-02-28,20,0.0,0.01,0.02,4,28,0,0,1,9.142857142857142,0.0
8,4594,9,True,0,2025-02-28,34,5.0,0.01,0.08,4,28,0,0,1,11.428571428571429,1.9140007383940911
8,4637,9,True,0,2025-02-28,4,1.0,0.01,0.03,4,28,0,0,1,14.142857142857142,0.0
8,4645,9,True,0,2025-02-28,4,1.0,0.01,0.02,4,28,0,0,1,13.714285714285714,0.0
8,4655,9,True,0,2025-02-28,10,0.0,0.06,0.08,4,28,0,0,1,12.714285714285714,0.0
8,4679,9,True,0,2025-02-28,45,0.0,0.01,0.04,4,28,0,0,1,13.428571428571429,0.0
8,4845,9,True,0,2025-02-28,4,0.0,0.01,0.03,4,28,0,0,1,19.0,0.0
8,4906,9,True,0,2025-02-28,5,0.0,0.01,0.04,4,28,0,0,1,17.285714285714285,0.0
8,4996,9,True,0,2025-02-28,2,2.0,0.0,0.02,4,28,0,0,1,15.142857142857142,0.0
8,5079,9,True,0,2025-02-28,1,0.0,0.01,0.03,4,28,0,0,1,10.571428571428571,0.0
8,5087,9,True,0,2025-02-28,10,0.0,0.03,0.07,4,28,0,0,1,10.142857142857142,0.0
8,5093,9,True,0,2025-02-28,49,0.0,0.02,0.08,4,28,0,0,1,11.0,0.0
8,5122,9,True,0,2025-02-28,2,0.0,0.01,0.02,4,28,0,0,1,16.571428571428573,0.0
8,5135,9,True,0,2025-02-28,7,0.0,0.02,0.06,4,28,0,0,1,10.428571428571429,0.0
8,5175,9,True,0,2025-02-28,4,0.0,0.01,0.03,4,28,0,0,1,10.857142857142858,0.0
8,5212,9,True,0,2025-02-28,5,0.0,0.01,0.05,4,28,0,0,1,10.714285714285714,0.0
8,5272,9,True,0,2025-02-28,55,0.0,0.01,0.02,4,28,0,0,1,11.142857142857142,0.0
8,147,10,False,0,2025-02-28,30,0.0,0.03,0.07,4,28,0,0,1,18.857142857142858,0.0
8,1782,10,False,0,2025-02-28,24,0.0,0.04,0.09,4,28,0,0,1,21.714285714285715,0.0
8,2377,10,False,0,2025-02-28,51,1.0,0.0,0.01,4,28,0,0,1,18.142857142857142,3.4607967884203803
8,3203,10,False,0,2025-02-28,30,0.0,0.03,0.09,4,28,0,0,1,25.142857142857142,0.0
8,5018,10,False,0,2025-02-28,25,0.0,0.02,0.13,4,28,0,0,1,28.428571428571427,0.0
8,2058,11,False,0,2025-02-28,0,0.0,0.22,0.21,4,28,0,0,1,31.428571428571427,0.0
8,2882,11,False,0,2025-02-28,5,5.0,0.23,0.2,4,28,0,0,1,30.714285714285715,0.0
8,3107,11,False,0,2025-02-28,7,0.0,0.12,0.15,4,28,0,0,1,23.571428571428573,0.0
8,3123,11,False,0,2025-02-28,14,0.0,0.23,0.22,4,28,0,0,1,20.285714285714285,0.0
8,3499,11,False,0,2025-02-28,6,0.0,0.09,0.08,4,28,0,0,1,18.857142857142858,0.0
8,3870,11,False,0,2025-02-28,3,0.0,0.15,0.16,4,28,0,0,1,12.428571428571429,0.0
8,4160,11,False,0,2025-02-28,3,0.0,0.16,0.19,4,28,0,0,1,8.571428571428571,0.0
8,5085,11,False,0,2025-02-28,20,0.0,0.23,0.22,4,28,0,0,1,5.428571428571429,0.0
