loja_id,produto_id,categoria_id,is_medicamento,curva,data,estoque,venda,custo,preco,dia_semana_abrev,dia_do_mes,abreviacao_mes,fim_de_semana,inicio_fim_mes,media_leg7_estoque,pred_venda
7,909,1,False,0,2025-02-22,3,0.0,0.11,0.12,5,22,0,1,0,,0.0
7,1995,1,False,0,2025-02-22,13,2.0,0.1,0.1,5,22,0,1,0,3.0,0.0
7,3901,1,False,0,2025-02-22,10,0.0,0.11,0.13,5,22,0,1,0,8.0,0.0
7,4584,1,False,0,2025-02-22,6,0.0,0.11,0.13,5,22,0,1,0,8.666666666666666,0.0
7,123,3,True,0,2025-02-22,1,1.0,0.04,0.06,5,22,0,1,0,8.0,1.8025637537663746
7,312,3,True,0,2025-02-22,662,6.0,0.05,0.05,5,22,0,1,0,6.6,0.0
7,842,3,True,0,2025-02-22,15,3.0,0.01,0.01,5,22,0,1,0,115.83333333333333,0.0
7,1855,3,True,0,2025-02-22,280,0.0,0.01,0.01,5,22,0,1,0,101.42857142857143,0.0
7,1933,3,True,0,2025-02-22,0,30.0,0.02,0.02,5,22,0,1,0,141.0,5.8748805276068845
7,2198,3,True,0,2025-02-22,0,6.0,0.01,0.01,5,22,0,1,0,139.14285714285714,3.094881984387215
7,2308,3,True,0,2025-02-22,72,5.0,0.01,0.01,5,22,0,1,0,137.71428571428572,0.0
7,2767,3,True,0,2025-02-22,50,0.0,0.01,0.02,5,22,0,1,0,147.14285714285714,0.0
7,3158,3,True,0,2025-02-22,12,1.0,0.04,0.06,5,22,0,1,0,154.14285714285714,0.0
7,4032,3,True,0,2025-02-22,22,0.0,0.04,0.05,5,22,0,1,0,61.285714285714285,1.8122704844714699
7,5034,3,True,0,2025-02-22,104,4.0,0.01,0.01,5,22,0,1,0,62.285714285714285,0.0
7,5195,3,True,0,2025-02-22,43,0.0,0.0,0.01,5,22,0,1,0,37.142857142857146,0.0
7,25,4,False,0,2025-02-22,3,0.0,0.02,0.05,5,22,0,1,0,43.285714285714285,0.0
7,52,4,False,0,2025-02-22,2,0.0,0.12,0.17,5,22,0,1,0,43.714285714285715,0.0
7,57,4,False,0,2025-02-22,3,0.0,0.06,0.08,5,22,0,1,0,33.714285714285715,0.0
7,60,4,False,0,2025-02-22,0,0.0,0.02,0.03,5,22,0,1,0,27.0,0.0
7,72,4,False,0,2025-02-22,4,0.0,0.03,0.04,5,22,0,1,0,25.285714285714285,0.0
7,96,4,False,0,2025-02-22,3,0.0,0.03,0.05,5,22,0,1,0,22.714285714285715,0.0
7,268,4,False,0,2025-02-22,6,0.0,0.03,0.05,5,22,0,1,0,8.285714285714286,0.0
7,301,4,False,0,2025-02-22,12,0.0,0.03,0.05,5,22,0,1,0,3.0,0.0
7,313,4,False,0,2025-02-22,6,0.0,0.04,0.05,5,22,0,1,0,4.285714285714286,0.0
7,340,4,False,0,2025-02-22,2,0.0,0.04,0.06,5,22,0,1,0,4.857142857142857,0.0
7,349,4,False,0,2025-02-22,3,0.0,0.08,0.1,5,22,0,1,0,4.714285714285714,0.0
7,511,4,False,0,2025-02-22,6,0.0,0.06,0.08,5,22,0,1,0,5.142857142857143,0.0
7,537,4,False,0,2025-02-22,4,0.0,0.04,0.05,5,22,0,1,0,5.428571428571429,0.0
7,577,4,False,0,2025-02-22,1,0.0,0.02,0.03,5,22,0,1,0,5.571428571428571,0.0
7,662,4,False,0,2025-02-22,6,0.0,0.01,0.02,5,22,0,1,0,4.857142857142857,0.0
7,691,4,False,0,2025-02-22,2,0.0,0.05,0.07,5,22,0,1,0,4.0,0.0
7,751,4,False,0,2025-02-22,6,0.0,0.0,0.01,5,22,0,1,0,3.4285714285714284,0.0
7,777,4,False,0,2025-02-22,96,0.0,0.01,0.01,5,22,0,1,0,4.0,0.0
7,797,4,False,0,2025-02-22,3,0.0,0.05,0.07,5,22,0,1,0,17.285714285714285,0.0
7,839,4,False,0,2025-02-22,12,0.0,0.03,0.05,5,22,0,1,0,16.857142857142858,0.0
7,1034,4,False,0,2025-02-22,2,0.0,0.12,0.14,5,22,0,1,0,18.0,0.0
7,1053,4,False,0,2025-02-22,5,1.0,0.02,0.03,5,22,0,1,0,18.142857142857142,0.0
7,1058,4,False,0,2025-02-22,4,0.0,0.03,0.05,5,22,0,1,0,18.0,0.0
7,1072,4,False,0,2025-02-22,26,0.0,0.0,0.01,5,22,0,1,0,18.285714285714285,0.0
7,1082,4,False,0,2025-02-22,9,0.0,0.07,0.12,5,22,0,1,0,21.142857142857142,0.0
7,1096,4,False,0,2025-02-22,4,0.0,0.03,0.05,5,22,0,1,0,8.714285714285714,0.0
7,1127,4,False,0,2025-02-22,4,0.0,0.03,0.04,5,22,0,1,0,8.857142857142858,0.0
7,1174,4,False,0,2025-02-22,4,0.0,0.01,0.02,5,22,0,1,0,7.714285714285714,0.0
7,1221,4,False,0,2025-02-22,4,0.0,0.04,0.06,5,22,0,1,0,8.0,0.0
7,1299,4,False,0,2025-02-22,3,0.0,0.01,0.02,5,22,0,1,0,7.857142857142857,0.0
7,1300,4,False,0,2025-02-22,9,0.0,0.01,0.01,5,22,0,1,0,7.714285714285714,0.0
7,1311,4,False,0,2025-02-22,4,0.0,0.02,0.03,5,22,0,1,0,5.285714285714286,0.0
7,1392,4,False,0,2025-02-22,3,0.0,0.05,0.07,5,22,0,1,0,4.571428571428571,0.0
7,1424,4,False,0,2025-02-22,3,0.0,0.01,0.03,5,22,0,1,0,4.428571428571429,0.0
7,1494,4,False,0,2025-02-22,4,0.0,0.02,0.04,5,22,0,1,0,4.285714285714286,0.0
7,1547,4,False,0,2025-02-22,2,0.0,0.05,0.08,5,22,0,1,0,4.285714285714286,0.0
7,1548,4,False,0,2025-02-22,12,0.0,0.03,0.05,5,22,0,1,0,4.0,0.0
7,1657,4,False,0,2025-02-22,3,0.0,0.01,0.02,5,22,0,1,0,5.285714285714286,0.0
7,1659,4,False,0,2025-02-22,6,0.0,0.04,0.03,5,22,0,1,0,4.428571428571429,0.0
7,1665,4,False,0,2025-02-22,4,0.0,0.04,0.06,5,22,0,1,0,4.714285714285714,0.0
7,1685,4,False,0,2025-02-22,4,0.0,0.02,0.02,5,22,0,1,0,4.857142857142857,0.0
7,1703,4,False,0,2025-02-22,4,0.0,0.02,0.03,5,22,0,1,0,5.0,0.0
7,1880,4,False,0,2025-02-22,8,0.0,0.01,0.02,5,22,0,1,0,5.0,0.0
7,1904,4,False,0,2025-02-22,4,0.0,0.02,0.04,5,22,0,1,0,5.857142857142857,0.0
7,1939,4,False,0,2025-02-22,4,0.0,0.01,0.02,5,22,0,1,0,4.714285714285714,0.0
7,1960,4,False,0,2025-02-22,4,0.0,0.03,0.04,5,22,0,1,0,4.857142857142857,0.0
7,2016,4,False,0,2025-02-22,3,0.0,0.03,0.04,5,22,0,1,0,4.571428571428571,0.0
7,2052,4,False,0,2025-02-22,3,0.0,0.02,0.03,5,22,0,1,0,4.428571428571429,0.0
7,2116,4,False,0,2025-02-22,4,0.0,0.03,0.04,5,22,0,1,0,4.285714285714286,0.0
7,2125,4,False,0,2025-02-22,3,1.0,0.08,0.1,5,22,0,1,0,4.285714285714286,0.0
7,2156,4,False,0,2025-02-22,3,0.0,0.04,0.05,5,22,0,1,0,3.5714285714285716,0.0
7,2212,4,False,0,2025-02-22,9,3.0,0.03,0.04,5,22,0,1,0,3.4285714285714284,0.0
7,2326,4,False,0,2025-02-22,4,0.0,0.04,0.06,5,22,0,1,0,4.142857142857143,0.0
7,2343,4,False,0,2025-02-22,3,0.0,0.01,0.02,5,22,0,1,0,4.142857142857143,0.0
7,2415,4,False,0,2025-02-22,45,1.0,0.01,0.01,5,22,0,1,0,4.142857142857143,0.0
7,2454,4,False,0,2025-02-22,5,0.0,0.01,0.02,5,22,0,1,0,10.142857142857142,0.0
7,2461,4,False,0,2025-02-22,4,0.0,0.01,0.01,5,22,0,1,0,10.285714285714286,0.0
7,2492,4,False,0,2025-02-22,4,0.0,0.02,0.03,5,22,0,1,0,10.428571428571429,0.0
7,2632,4,False,0,2025-02-22,3,0.0,0.06,0.07,5,22,0,1,0,10.571428571428571,0.0
7,2691,4,False,0,2025-02-22,13,0.0,0.05,0.06,5,22,0,1,0,9.714285714285714,0.0
7,2730,4,False,0,2025-02-22,3,0.0,0.02,0.03,5,22,0,1,0,11.0,0.0
7,2754,4,False,0,2025-02-22,3,1.0,0.02,0.04,5,22,0,1,0,11.0,0.0
7,2824,4,False,0,2025-02-22,10,1.0,0.03,0.04,5,22,0,1,0,5.0,0.0
7,2835,4,False,0,2025-02-22,4,0.0,0.01,0.03,5,22,0,1,0,5.714285714285714,0.0
7,2842,4,False,0,2025-02-22,3,0.0,0.03,0.04,5,22,0,1,0,5.714285714285714,0.0
7,2847,4,False,0,2025-02-22,3,0.0,0.04,0.04,5,22,0,1,0,5.571428571428571,0.0
7,2885,4,False,0,2025-02-22,4,0.0,0.04,0.07,5,22,0,1,0,5.571428571428571,0.0
7,2950,4,False,0,2025-02-22,4,1.0,0.01,0.02,5,22,0,1,0,4.285714285714286,0.0
7,2977,4,False,0,2025-02-22,2,2.0,0.04,0.07,5,22,0,1,0,4.428571428571429,0.0
7,3089,4,False,0,2025-02-22,4,0.0,0.06,0.08,5,22,0,1,0,4.285714285714286,0.0
7,3143,4,False,0,2025-02-22,7,0.0,0.03,0.04,5,22,0,1,0,3.4285714285714284,0.0
7,3148,4,False,0,2025-02-22,3,0.0,0.03,0.04,5,22,0,1,0,3.857142857142857,0.0
7,3153,4,False,0,2025-02-22,4,0.0,0.06,0.08,5,22,0,1,0,3.857142857142857,0.0
7,3223,4,False,0,2025-02-22,13,0.0,0.03,0.03,5,22,0,1,0,4.0,0.0
7,3334,4,False,0,2025-02-22,5,0.0,0.02,0.02,5,22,0,1,0,5.285714285714286,0.0
7,3335,4,False,0,2025-02-22,4,0.0,0.12,0.17,5,22,0,1,0,5.428571428571429,0.0
7,3382,4,False,0,2025-02-22,4,0.0,0.03,0.04,5,22,0,1,0,5.714285714285714,0.0
7,3419,4,False,0,2025-02-22,12,0.0,0.03,0.05,5,22,0,1,0,5.714285714285714,0.0
7,3447,4,False,0,2025-02-22,3,1.0,0.01,0.02,5,22,0,1,0,6.428571428571429,0.0
7,3448,4,False,0,2025-02-22,2,0.0,0.04,0.06,5,22,0,1,0,6.428571428571429,0.0
7,3479,4,False,0,2025-02-22,6,0.0,0.04,0.06,5,22,0,1,0,6.142857142857143,0.0
7,3529,4,False,0,2025-02-22,3,0.0,0.02,0.03,5,22,0,1,0,5.142857142857143,0.0
7,3532,4,False,0,2025-02-22,5,0.0,0.01,0.02,5,22,0,1,0,4.857142857142857,0.0
7,3535,4,False,0,2025-02-22,2,0.0,0.11,0.15,5,22,0,1,0,5.0,0.0
7,3607,4,False,0,2025-02-22,3,0.0,0.01,0.01,5,22,0,1,0,4.714285714285714,0.0
7,3646,4,False,0,2025-02-22,4,0.0,0.02,0.02,5,22,0,1,0,3.4285714285714284,0.0
7,3865,4,False,0,2025-02-22,1,0.0,0.06,0.09,5,22,0,1,0,3.5714285714285716,0.0
7,3960,4,False,0,2025-02-22,6,1.0,0.01,0.02,5,22,0,1,0,3.4285714285714284,0.0
7,4070,4,False,0,2025-02-22,50,0.0,0.04,0.06,5,22,0,1,0,3.4285714285714284,0.0
7,4098,4,False,0,2025-02-22,4,0.0,0.01,0.02,5,22,0,1,0,10.142857142857142,0.0
7,4126,4,False,0,2025-02-22,6,0.0,0.05,0.06,5,22,0,1,0,10.0,0.0
7,4198,4,False,0,2025-02-22,2,0.0,0.05,0.07,5,22,0,1,0,10.571428571428571,0.0
7,4240,4,False,0,2025-02-22,3,0.0,0.01,0.02,5,22,0,1,0,10.428571428571429,0.0
7,4304,4,False,0,2025-02-22,4,0.0,0.02,0.02,5,22,0,1,0,10.285714285714286,0.0
7,4307,4,False,0,2025-02-22,2,0.0,0.02,0.03,5,22,0,1,0,10.714285714285714,0.0
7,4347,4,False,0,2025-02-22,6,0.0,0.03,0.02,5,22,0,1,0,10.142857142857142,0.0
7,4423,4,False,0,2025-02-22,4,0.0,0.04,0.07,5,22,0,1,0,3.857142857142857,0.0
7,4554,4,False,0,2025-02-22,8,0.0,0.0,0.01,5,22,0,1,0,3.857142857142857,0.0
7,4652,4,False,0,2025-02-22,6,0.0,0.02,0.02,5,22,0,1,0,4.142857142857143,0.0
7,4653,4,False,0,2025-02-22,3,0.0,0.0,0.01,5,22,0,1,0,4.714285714285714,0.0
7,4659,4,False,0,2025-02-22,2,0.0,0.05,0.1,5,22,0,1,0,4.714285714285714,0.0
7,4690,4,False,0,2025-02-22,2,0.0,0.02,0.03,5,22,0,1,0,4.428571428571429,0.0
7,4723,4,False,0,2025-02-22,12,1.0,0.02,0.02,5,22,0,1,0,4.428571428571429,0.0
7,4760,4,False,0,2025-02-22,3,0.0,0.02,0.03,5,22,0,1,0,5.285714285714286,0.0
7,4822,4,False,0,2025-02-22,7,1.0,0.02,0.05,5,22,0,1,0,5.142857142857143,0.0
7,4871,4,False,0,2025-02-22,8,0.0,0.03,0.05,5,22,0,1,0,5.0,0.0
7,4972,4,False,0,2025-02-22,6,0.0,0.02,0.03,5,22,0,1,0,5.285714285714286,0.0
7,5016,4,False,0,2025-02-22,8,0.0,0.05,0.07,5,22,0,1,0,5.714285714285714,0.0
7,5039,4,False,0,2025-02-22,3,0.0,0.03,0.06,5,22,0,1,0,6.571428571428571,0.0
7,5184,4,False,0,2025-02-22,17,0.0,0.01,0.01,5,22,0,1,0,6.714285714285714,0.0
7,5250,4,False,0,2025-02-22,5,0.0,0.0,0.0,5,22,0,1,0,7.428571428571429,0.0
7,492,5,True,0,2025-02-22,0,0.0,0.01,0.03,5,22,0,1,0,7.714285714285714,0.0
7,663,5,True,0,2025-02-22,25,1.0,0.01,0.01,5,22,0,1,0,6.714285714285714,0.0
7,1950,5,True,0,2025-02-22,15,0.0,0.03,0.05,5,22,0,1,0,9.142857142857142,0.0
7,2743,5,True,0,2025-02-22,0,2.0,0.02,0.06,5,22,0,1,0,10.428571428571429,0.0
7,3550,5,True,0,2025-02-22,24,1.0,0.0,0.01,5,22,0,1,0,9.285714285714286,0.0
7,4090,5,True,0,2025-02-22,31,4.0,0.02,0.04,5,22,0,1,0,12.285714285714286,1.8627870536275006
7,4132,5,True,0,2025-02-22,30,0.0,0.01,0.01,5,22,0,1,0,14.285714285714286,0.0
7,4344,5,True,0,2025-02-22,0,0.0,0.02,0.03,5,22,0,1,0,17.857142857142858,0.0
7,243,6,False,0,2025-02-22,0,0.0,0.2,0.24,5,22,0,1,0,17.857142857142858,0.0
7,1668,6,False,0,2025-02-22,1,0.0,0.1,0.16,5,22,0,1,0,14.285714285714286,0.0
7,1684,6,False,0,2025-02-22,5,0.0,0.03,0.05,5,22,0,1,0,12.285714285714286,0.0
7,2078,6,False,0,2025-02-22,3,0.0,0.16,0.19,5,22,0,1,0,13.0,0.0
7,2508,6,False,0,2025-02-22,1,0.0,0.11,0.13,5,22,0,1,0,10.0,0.0
7,2544,6,False,0,2025-02-22,0,0.0,0.27,0.34,5,22,0,1,0,5.714285714285714,0.0
7,3024,6,False,0,2025-02-22,4,0.0,0.22,0.34,5,22,0,1,0,1.4285714285714286,0.0
7,3959,6,False,0,2025-02-22,1,0.0,0.17,0.21,5,22,0,1,0,2.0,0.0
7,3978,6,False,0,2025-02-22,1,0.0,0.07,0.11,5,22,0,1,0,2.142857142857143,0.0
7,4165,6,False,0,2025-02-22,1,0.0,0.09,0.16,5,22,0,1,0,2.142857142857143,0.0
7,4329,6,False,0,2025-02-22,2,0.0,0.09,0.1,5,22,0,1,0,1.5714285714285714,0.0
7,4787,6,False,0,2025-02-22,2,0.0,0.08,0.1,5,22,0,1,0,1.4285714285714286,0.0
7,4854,6,False,0,2025-02-22,3,0.0,0.07,0.09,5,22,0,1,0,1.5714285714285714,0.0
7,4904,6,False,0,2025-02-22,1,0.0,0.16,0.21,5,22,0,1,0,2.0,0.0
7,2554,7,False,0,2025-02-22,22,0.0,0.0,0.01,5,22,0,1,0,1.5714285714285714,0.0
7,2867,7,False,0,2025-02-22,104,0.0,0.01,0.02,5,22,0,1,0,4.571428571428571,0.0
7,3133,7,False,0,2025-02-22,32,13.0,0.0,0.01,5,22,0,1,0,19.285714285714285,0.0
7,1,8,False,0,2025-02-22,47,0.0,0.0,0.0,5,22,0,1,0,23.714285714285715,2.034021806276488
7,65,8,False,0,2025-02-22,16,1.0,0.0,0.01,5,22,0,1,0,30.142857142857142,0.0
7,206,8,False,0,2025-02-22,30,0.0,0.0,0.0,5,22,0,1,0,32.142857142857146,3.3665858808125937
7,435,8,False,0,2025-02-22,30,0.0,0.01,0.02,5,22,0,1,0,36.0,0.0
7,512,8,False,0,2025-02-22,20,1.0,0.0,0.01,5,22,0,1,0,40.142857142857146,0.0
7,579,8,False,0,2025-02-22,15,1.0,0.01,0.02,5,22,0,1,0,39.857142857142854,0.0
7,1375,8,False,0,2025-02-22,15,0.0,0.0,0.01,5,22,0,1,0,27.142857142857142,0.0
7,1954,8,False,0,2025-02-22,45,0.0,0.0,0.0,5,22,0,1,0,24.714285714285715,0.0
7,3322,8,False,0,2025-02-22,10,5.0,0.0,0.01,5,22,0,1,0,24.428571428571427,0.0
7,4435,8,False,0,2025-02-22,23,0.0,0.02,0.03,5,22,0,1,0,23.571428571428573,0.0
7,5257,8,False,0,2025-02-22,36,0.0,0.0,0.01,5,22,0,1,0,22.571428571428573,0.0
7,110,9,True,0,2025-02-22,0,0.0,0.01,0.01,5,22,0,1,0,23.428571428571427,0.0
7,309,9,True,0,2025-02-22,0,0.0,0.01,0.03,5,22,0,1,0,20.571428571428573,0.0
7,404,9,True,0,2025-02-22,1,1.0,0.01,0.02,5,22,0,1,0,18.428571428571427,0.0
7,1270,9,True,0,2025-02-22,0,4.0,0.03,0.07,5,22,0,1,0,16.428571428571427,0.0
7,1553,9,True,0,2025-02-22,44,8.0,0.01,0.01,5,22,0,1,0,10.0,0.0
7,1749,9,True,0,2025-02-22,27,1.0,0.01,0.03,5,22,0,1,0,14.857142857142858,0.0
7,1875,9,True,0,2025-02-22,0,0.0,0.02,0.07,5,22,0,1,0,15.428571428571429,0.0
7,2194,9,True,0,2025-02-22,0,0.0,0.0,0.02,5,22,0,1,0,10.285714285714286,0.0
7,2269,9,True,0,2025-02-22,0,1.0,0.01,0.02,5,22,0,1,0,10.285714285714286,2.6641744015266196
7,2829,9,True,0,2025-02-22,1,0.0,0.02,0.03,5,22,0,1,0,10.285714285714286,0.0
7,2927,9,True,0,2025-02-22,9,0.0,0.02,0.04,5,22,0,1,0,10.285714285714286,0.0
7,3458,9,True,0,2025-02-22,3,2.0,0.0,0.01,5,22,0,1,0,11.571428571428571,0.0
7,3972,9,True,0,2025-02-22,0,2.0,0.01,0.01,5,22,0,1,0,5.714285714285714,0.0
7,3997,9,True,0,2025-02-22,0,1.0,0.03,0.06,5,22,0,1,0,1.8571428571428572,0.0
7,4125,9,True,0,2025-02-22,199,6.0,0.0,0.01,5,22,0,1,0,1.8571428571428572,0.0
7,4201,9,True,0,2025-02-22,0,2.0,0.01,0.09,5,22,0,1,0,30.285714285714285,0.0
7,4378,9,True,0,2025-02-22,19,1.0,0.02,0.03,5,22,0,1,0,30.285714285714285,0.0
7,4706,9,True,0,2025-02-22,0,2.0,0.02,0.05,5,22,0,1,0,32.857142857142854,0.0
7,4836,9,True,0,2025-02-22,0,0.0,0.01,0.03,5,22,0,1,0,31.571428571428573,0.0
7,4884,9,True,0,2025-02-22,1,3.0,0.0,0.01,5,22,0,1,0,31.142857142857142,0.0
7,4975,9,True,0,2025-02-22,0,0.0,0.01,0.01,5,22,0,1,0,31.285714285714285,3.790215795060738
7,5107,9,True,0,2025-02-22,85,0.0,0.01,0.02,5,22,0,1,0,31.285714285714285,1.7488326520626036
7,513,10,False,0,2025-02-22,35,0.0,0.03,0.07,5,22,0,1,0,15.0,0.0
7,1564,10,False,0,2025-02-22,26,1.0,0.02,0.08,5,22,0,1,0,20.0,0.0
7,2480,10,False,0,2025-02-22,29,0.0,0.01,0.02,5,22,0,1,0,21.0,0.0
7,3576,10,False,0,2025-02-22,15,0.0,0.02,0.02,5,22,0,1,0,25.142857142857142,0.0
7,2502,11,False,0,2025-02-22,60,0.0,0.23,0.21,5,22,0,1,0,27.285714285714285,0.0
7,3113,11,False,0,2025-02-22,9,0.0,0.23,0.22,5,22,0,1,0,35.714285714285715,0.0
7,3928,11,False,0,2025-02-22,10,0.0,0.05,0.07,5,22,0,1,0,37.0,0.0
7,909,1,False,0,2025-02-27,4,0.0,0.11,0.11,3,27,0,0,1,26.285714285714285,0.0
7,1995,1,False,0,2025-02-27,14,0.0,0.1,0.12,3,27,0,0,1,21.857142857142858,0.0
7,3901,1,False,0,2025-02-27,11,0.0,0.11,0.13,3,27,0,0,1,20.142857142857142,0.0
7,4584,1,False,0,2025-02-27,7,0.0,0.11,0.12,3,27,0,0,1,17.571428571428573,0.0
7,123,3,True,0,2025-02-27,1,1.0,0.04,0.04,3,27,0,0,1,16.428571428571427,2.2126630438333588
7,312,3,True,0,2025-02-27,660,9.0,0.05,0.05,3,27,0,0,1,8.0,0.0
7,842,3,True,0,2025-02-27,41,0.0,0.01,0.01,3,27,0,0,1,101.0,0.0
7,1855,3,True,0,2025-02-27,280,0.0,0.01,0.01,3,27,0,0,1,105.42857142857143,0.0
7,1933,3,True,0,2025-02-27,0,48.0,0.02,0.02,3,27,0,0,1,144.85714285714286,6.276949448982991
7,2198,3,True,0,2025-02-27,0,4.0,0.01,0.01,3,27,0,0,1,142.85714285714286,3.206787145265782
7,2308,3,True,0,2025-02-27,68,0.0,0.01,0.01,3,27,0,0,1,141.28571428571428,0.0
7,2767,3,True,0,2025-02-27,49,0.0,0.01,0.02,3,27,0,0,1,150.0,0.0
7,3158,3,True,0,2025-02-27,10,3.0,0.04,0.06,3,27,0,0,1,156.85714285714286,0.0
7,4032,3,True,0,2025-02-27,22,2.0,0.04,0.05,3,27,0,0,1,64.0,1.8613946674447326
7,5034,3,True,0,2025-02-27,103,0.0,0.01,0.01,3,27,0,0,1,61.285714285714285,0.0
7,5195,3,True,0,2025-02-27,43,0.0,0.0,0.01,3,27,0,0,1,36.0,0.0
7,25,4,False,0,2025-02-27,2,0.0,0.02,0.04,3,27,0,0,1,42.142857142857146,0.0
7,52,4,False,0,2025-02-27,2,0.0,0.12,0.17,3,27,0,0,1,42.42857142857143,0.0
7,57,4,False,0,2025-02-27,4,0.0,0.06,0.08,3,27,0,0,1,33.0,0.0
7,60,4,False,0,2025-02-27,0,0.0,0.02,0.03,3,27,0,0,1,26.571428571428573,0.0
7,72,4,False,0,2025-02-27,4,0.0,0.03,0.04,3,27,0,0,1,25.142857142857142,0.0
7,96,4,False,0,2025-02-27,3,0.0,0.03,0.05,3,27,0,0,1,22.571428571428573,0.0
7,268,4,False,0,2025-02-27,6,0.0,0.03,0.05,3,27,0,0,1,8.285714285714286,0.0
7,301,4,False,0,2025-02-27,12,0.0,0.03,0.05,3,27,0,0,1,3.0,0.0
7,313,4,False,0,2025-02-27,6,0.0,0.04,0.05,3,27,0,0,1,4.428571428571429,0.0
7,340,4,False,0,2025-02-27,2,0.0,0.04,0.06,3,27,0,0,1,5.0,0.0
7,349,4,False,0,2025-02-27,3,0.0,0.08,0.1,3,27,0,0,1,4.714285714285714,0.0
7,511,4,False,0,2025-02-27,6,0.0,0.06,0.08,3,27,0,0,1,5.142857142857143,0.0
7,537,4,False,0,2025-02-27,4,0.0,0.04,0.05,3,27,0,0,1,5.428571428571429,0.0
7,577,4,False,0,2025-02-27,1,0.0,0.02,0.03,3,27,0,0,1,5.571428571428571,0.0
7,662,4,False,0,2025-02-27,6,0.0,0.01,0.02,3,27,0,0,1,4.857142857142857,0.0
7,691,4,False,0,2025-02-27,4,0.0,0.05,0.07,3,27,0,0,1,4.0,0.0
7,751,4,False,0,2025-02-27,6,0.0,0.0,0.01,3,27,0,0,1,3.7142857142857144,0.0
7,777,4,False,0,2025-02-27,97,2.0,0.01,0.01,3,27,0,0,1,4.285714285714286,0.0
7,797,4,False,0,2025-02-27,4,0.0,0.05,0.07,3,27,0,0,1,17.714285714285715,0.0
7,839,4,False,0,2025-02-27,12,0.0,0.03,0.05,3,27,0,0,1,17.428571428571427,0.0
7,1034,4,False,0,2025-02-27,1,1.0,0.12,0.14,3,27,0,0,1,18.571428571428573,0.0
7,1053,4,False,0,2025-02-27,7,0.0,0.02,0.03,3,27,0,0,1,18.571428571428573,0.0
7,1058,4,False,0,2025-02-27,4,0.0,0.03,0.05,3,27,0,0,1,18.714285714285715,0.0
7,1072,4,False,0,2025-02-27,25,1.0,0.0,0.01,3,27,0,0,1,18.714285714285715,0.0
7,1082,4,False,0,2025-02-27,8,0.0,0.07,0.11,3,27,0,0,1,21.428571428571427,0.0
7,1096,4,False,0,2025-02-27,4,0.0,0.03,0.05,3,27,0,0,1,8.714285714285714,0.0
7,1127,4,False,0,2025-02-27,4,0.0,0.03,0.04,3,27,0,0,1,8.714285714285714,0.0
7,1174,4,False,0,2025-02-27,4,0.0,0.01,0.02,3,27,0,0,1,7.571428571428571,0.0
7,1221,4,False,0,2025-02-27,1,2.0,0.04,0.06,3,27,0,0,1,8.0,0.0
7,1299,4,False,0,2025-02-27,3,0.0,0.01,0.02,3,27,0,0,1,7.142857142857143,0.0
7,1300,4,False,0,2025-02-27,7,0.0,0.01,0.01,3,27,0,0,1,7.0,0.0
7,1311,4,False,0,2025-02-27,4,0.0,0.02,0.03,3,27,0,0,1,4.428571428571429,0.0
7,1392,4,False,0,2025-02-27,3,0.0,0.05,0.07,3,27,0,0,1,3.857142857142857,0.0
7,1424,4,False,0,2025-02-27,4,0.0,0.01,0.03,3,27,0,0,1,3.7142857142857144,0.0
7,1494,4,False,0,2025-02-27,3,0.0,0.02,0.04,3,27,0,0,1,3.7142857142857144,0.0
7,1547,4,False,0,2025-02-27,2,0.0,0.05,0.08,3,27,0,0,1,3.5714285714285716,0.0
7,1548,4,False,0,2025-02-27,12,0.0,0.03,0.05,3,27,0,0,1,3.7142857142857144,0.0
7,1657,4,False,0,2025-02-27,3,0.0,0.01,0.02,3,27,0,0,1,5.0,0.0
7,1659,4,False,0,2025-02-27,6,0.0,0.04,0.03,3,27,0,0,1,4.428571428571429,0.0
7,1665,4,False,0,2025-02-27,4,0.0,0.04,0.06,3,27,0,0,1,4.714285714285714,0.0
7,1685,4,False,0,2025-02-27,4,0.0,0.02,0.02,3,27,0,0,1,4.857142857142857,0.0
7,1703,4,False,0,2025-02-27,4,0.0,0.02,0.03,3,27,0,0,1,4.857142857142857,0.0
7,1880,4,False,0,2025-02-27,8,0.0,0.01,0.02,3,27,0,0,1,5.0,0.0
7,1904,4,False,0,2025-02-27,1,0.0,0.02,0.04,3,27,0,0,1,5.857142857142857,0.0
7,1939,4,False,0,2025-02-27,4,0.0,0.01,0.02,3,27,0,0,1,4.285714285714286,0.0
7,1960,4,False,0,2025-02-27,3,1.0,0.03,0.04,3,27,0,0,1,4.428571428571429,0.0
7,2016,4,False,0,2025-02-27,3,0.0,0.03,0.04,3,27,0,0,1,4.0,0.0
7,2052,4,False,0,2025-02-27,4,0.0,0.02,0.03,3,27,0,0,1,3.857142857142857,0.0
7,2116,4,False,0,2025-02-27,4,0.0,0.03,0.04,3,27,0,0,1,3.857142857142857,0.0
7,2125,4,False,0,2025-02-27,3,1.0,0.08,0.1,3,27,0,0,1,3.857142857142857,0.0
7,2156,4,False,0,2025-02-27,3,0.0,0.04,0.05,3,27,0,0,1,3.142857142857143,0.0
7,2212,4,False,0,2025-02-27,9,1.0,0.03,0.0,3,27,0,0,1,3.4285714285714284,0.0
7,2326,4,False,0,2025-02-27,4,0.0,0.04,0.06,3,27,0,0,1,4.142857142857143,0.0
7,2343,4,False,0,2025-02-27,3,0.0,0.01,0.02,3,27,0,0,1,4.285714285714286,0.0
7,2415,4,False,0,2025-02-27,57,3.0,0.01,0.01,3,27,0,0,1,4.285714285714286,0.0
7,2454,4,False,0,2025-02-27,5,0.0,0.01,0.02,3,27,0,0,1,11.857142857142858,0.0
7,2461,4,False,0,2025-02-27,4,0.0,0.01,0.01,3,27,0,0,1,12.0,0.0
7,2492,4,False,0,2025-02-27,4,0.0,0.02,0.03,3,27,0,0,1,12.142857142857142,0.0
7,2632,4,False,0,2025-02-27,2,0.0,0.06,0.06,3,27,0,0,1,12.285714285714286,0.0
7,2691,4,False,0,2025-02-27,11,0.0,0.05,0.06,3,27,0,0,1,11.285714285714286,0.0
7,2730,4,False,0,2025-02-27,1,1.0,0.02,0.03,3,27,0,0,1,12.285714285714286,0.0
7,2754,4,False,0,2025-02-27,1,0.0,0.02,0.04,3,27,0,0,1,12.0,0.0
7,2824,4,False,0,2025-02-27,10,2.0,0.03,0.04,3,27,0,0,1,4.0,0.0
7,2835,4,False,0,2025-02-27,10,0.0,0.01,0.03,3,27,0,0,1,4.714285714285714,0.0
7,2842,4,False,0,2025-02-27,3,0.0,0.03,0.04,3,27,0,0,1,5.571428571428571,0.0
7,2847,4,False,0,2025-02-27,2,1.0,0.04,0.05,3,27,0,0,1,5.428571428571429,0.0
7,2885,4,False,0,2025-02-27,4,0.0,0.04,0.07,3,27,0,0,1,5.428571428571429,0.0
7,2950,4,False,0,2025-02-27,5,0.0,0.01,0.02,3,27,0,0,1,4.428571428571429,0.0
7,2977,4,False,0,2025-02-27,4,0.0,0.04,0.07,3,27,0,0,1,5.0,0.0
7,3089,4,False,0,2025-02-27,4,0.0,0.06,0.08,3,27,0,0,1,5.428571428571429,0.0
7,3143,4,False,0,2025-02-27,7,0.0,0.03,0.04,3,27,0,0,1,4.571428571428571,0.0
7,3148,4,False,0,2025-02-27,4,0.0,0.03,0.04,3,27,0,0,1,4.142857142857143,0.0
7,3153,4,False,0,2025-02-27,4,0.0,0.06,0.08,3,27,0,0,1,4.285714285714286,0.0
7,3223,4,False,0,2025-02-27,13,0.0,0.03,0.03,3,27,0,0,1,4.571428571428571,0.0
7,3334,4,False,0,2025-02-27,3,0.0,0.02,0.03,3,27,0,0,1,5.857142857142857,0.0
7,3335,4,False,0,2025-02-27,4,0.0,0.12,0.17,3,27,0,0,1,5.571428571428571,0.0
7,3382,4,False,0,2025-02-27,10,0.0,0.03,0.05,3,27,0,0,1,5.571428571428571,0.0
7,3419,4,False,0,2025-02-27,10,2.0,0.03,0.05,3,27,0,0,1,6.428571428571429,0.0
7,3447,4,False,0,2025-02-27,4,0.0,0.01,0.02,3,27,0,0,1,6.857142857142857,0.0
7,3448,4,False,0,2025-02-27,1,1.0,0.04,0.06,3,27,0,0,1,6.857142857142857,0.0
7,3479,4,False,0,2025-02-27,3,0.0,0.04,0.06,3,27,0,0,1,6.428571428571429,0.0
7,3529,4,False,0,2025-02-27,1,0.0,0.02,0.03,3,27,0,0,1,5.0,0.0
7,3532,4,False,0,2025-02-27,5,0.0,0.01,0.02,3,27,0,0,1,4.714285714285714,0.0
7,3535,4,False,0,2025-02-27,2,0.0,0.11,0.15,3,27,0,0,1,4.857142857142857,0.0
7,3607,4,False,0,2025-02-27,4,0.0,0.01,0.01,3,27,0,0,1,3.7142857142857144,0.0
7,3646,4,False,0,2025-02-27,4,0.0,0.02,0.02,3,27,0,0,1,2.857142857142857,0.0
7,3865,4,False,0,2025-02-27,2,0.0,0.06,0.09,3,27,0,0,1,2.857142857142857,0.0
7,3960,4,False,0,2025-02-27,7,0.0,0.01,0.02,3,27,0,0,1,3.0,0.0
7,4070,4,False,0,2025-02-27,50,0.0,0.04,0.06,3,27,0,0,1,3.5714285714285716,0.0
7,4098,4,False,0,2025-02-27,3,0.0,0.01,0.02,3,27,0,0,1,10.571428571428571,0.0
7,4126,4,False,0,2025-02-27,6,0.0,0.05,0.06,3,27,0,0,1,10.285714285714286,0.0
7,4198,4,False,0,2025-02-27,2,0.0,0.05,0.07,3,27,0,0,1,10.857142857142858,0.0
7,4240,4,False,0,2025-02-27,0,0.0,0.01,0.02,3,27,0,0,1,10.571428571428571,0.0
7,4304,4,False,0,2025-02-27,4,0.0,0.02,0.02,3,27,0,0,1,10.0,0.0
7,4307,4,False,0,2025-02-27,1,0.0,0.02,0.03,3,27,0,0,1,10.285714285714286,0.0
7,4347,4,False,0,2025-02-27,6,0.0,0.03,0.02,3,27,0,0,1,9.428571428571429,0.0
7,4423,4,False,0,2025-02-27,4,0.0,0.04,0.07,3,27,0,0,1,3.142857142857143,0.0
7,4554,4,False,0,2025-02-27,8,0.0,0.0,0.01,3,27,0,0,1,3.2857142857142856,0.0
7,4652,4,False,0,2025-02-27,6,0.0,0.02,0.02,3,27,0,0,1,3.5714285714285716,0.0
7,4653,4,False,0,2025-02-27,1,2.0,0.0,0.01,3,27,0,0,1,4.142857142857143,0.0
7,4659,4,False,0,2025-02-27,2,0.0,0.05,0.1,3,27,0,0,1,4.285714285714286,0.0
7,4690,4,False,0,2025-02-27,2,0.0,0.02,0.03,3,27,0,0,1,4.0,0.0
7,4723,4,False,0,2025-02-27,12,0.0,0.02,0.02,3,27,0,0,1,4.142857142857143,0.0
7,4760,4,False,0,2025-02-27,3,0.0,0.02,0.03,3,27,0,0,1,5.0,0.0
7,4822,4,False,0,2025-02-27,5,1.0,0.02,0.04,3,27,0,0,1,4.857142857142857,0.0
7,4871,4,False,0,2025-02-27,8,0.0,0.03,0.05,3,27,0,0,1,4.428571428571429,0.0
7,4972,4,False,0,2025-02-27,6,0.0,0.02,0.03,3,27,0,0,1,4.714285714285714,0.0
7,5016,4,False,0,2025-02-27,8,0.0,0.05,0.07,3,27,0,0,1,5.428571428571429,0.0
7,5039,4,False,0,2025-02-27,3,0.0,0.03,0.06,3,27,0,0,1,6.285714285714286,0.0
7,5184,4,False,0,2025-02-27,17,0.0,0.01,0.01,3,27,0,0,1,6.428571428571429,0.0
7,5250,4,False,0,2025-02-27,5,0.0,0.0,0.0,3,27,0,0,1,7.142857142857143,0.0
7,492,5,True,0,2025-02-27,0,1.0,0.01,0.04,3,27,0,0,1,7.428571428571429,0.0
7,663,5,True,0,2025-02-27,23,1.0,0.01,0.01,3,27,0,0,1,6.714285714285714,0.0
7,1950,5,True,0,2025-02-27,14,0.0,0.03,0.05,3,27,0,0,1,8.857142857142858,0.0
7,2743,5,True,0,2025-02-27,0,0.0,0.02,0.06,3,27,0,0,1,10.0,0.0
7,3550,5,True,0,2025-02-27,23,0.0,0.0,0.0,3,27,0,0,1,8.857142857142858,0.0
7,4090,5,True,0,2025-02-27,34,3.0,0.02,0.04,3,27,0,0,1,11.714285714285714,1.9229098844544443
7,4132,5,True,0,2025-02-27,29,0.0,0.01,0.01,3,27,0,0,1,14.142857142857142,0.0
7,4344,5,True,0,2025-02-27,0,2.0,0.02,0.02,3,27,0,0,1,17.571428571428573,0.0
7,243,6,False,0,2025-02-27,1,0.0,0.2,0.24,3,27,0,0,1,17.571428571428573,0.0
7,1668,6,False,0,2025-02-27,1,0.0,0.1,0.16,3,27,0,0,1,14.428571428571429,0.0
7,1684,6,False,0,2025-02-27,5,0.0,0.03,0.05,3,27,0,0,1,12.571428571428571,0.0
7,2078,6,False,0,2025-02-27,2,0.0,0.16,0.2,3,27,0,0,1,13.285714285714286,0.0
7,2508,6,False,0,2025-02-27,1,0.0,0.11,0.13,3,27,0,0,1,10.285714285714286,0.0
7,2544,6,False,0,2025-02-27,1,0.0,0.27,0.34,3,27,0,0,1,5.571428571428571,0.0
7,3024,6,False,0,2025-02-27,4,0.0,0.22,0.34,3,27,0,0,1,1.5714285714285714,0.0
7,3959,6,False,0,2025-02-27,1,0.0,0.17,0.21,3,27,0,0,1,2.142857142857143,0.0
7,3978,6,False,0,2025-02-27,1,0.0,0.07,0.11,3,27,0,0,1,2.142857142857143,0.0
7,4165,6,False,0,2025-02-27,2,0.0,0.09,0.16,3,27,0,0,1,2.142857142857143,0.0
7,4329,6,False,0,2025-02-27,2,0.0,0.09,0.1,3,27,0,0,1,1.7142857142857142,0.0
7,4787,6,False,0,2025-02-27,0,0.0,0.08,0.11,3,27,0,0,1,1.7142857142857142,0.0
7,4854,6,False,0,2025-02-27,3,0.0,0.07,0.09,3,27,0,0,1,1.5714285714285714,0.0
7,4904,6,False,0,2025-02-27,1,0.0,0.16,0.21,3,27,0,0,1,1.8571428571428572,0.0
7,2554,7,False,0,2025-02-27,8,1.0,0.0,0.01,3,27,0,0,1,1.4285714285714286,0.0
7,2867,7,False,0,2025-02-27,77,17.0,0.01,0.01,3,27,0,0,1,2.4285714285714284,0.0
7,3133,7,False,0,2025-02-27,25,24.0,0.0,0.01,3,27,0,0,1,13.285714285714286,0.0
7,1,8,False,0,2025-02-27,38,1.0,0.0,0.01,3,27,0,0,1,16.571428571428573,0.0
7,65,8,False,0,2025-02-27,13,0.0,0.0,0.01,3,27,0,0,1,21.714285714285715,0.0
7,206,8,False,0,2025-02-27,29,0.0,0.0,0.0,3,27,0,0,1,23.571428571428573,0.0
7,435,8,False,0,2025-02-27,30,0.0,0.01,0.02,3,27,0,0,1,27.285714285714285,0.0
7,512,8,False,0,2025-02-27,16,3.0,0.0,0.01,3,27,0,0,1,31.428571428571427,0.0
7,579,8,False,0,2025-02-27,16,0.0,0.01,0.02,3,27,0,0,1,32.57142857142857,0.0
7,1375,8,False,0,2025-02-27,13,0.0,0.0,0.01,3,27,0,0,1,23.857142857142858,0.0
7,1954,8,False,0,2025-02-27,42,2.0,0.0,0.0,3,27,0,0,1,22.142857142857142,0.0
7,3322,8,False,0,2025-02-27,17,2.0,0.0,0.01,3,27,0,0,1,22.714285714285715,0.0
7,4435,8,False,0,2025-02-27,22,0.0,0.02,0.03,3,27,0,0,1,23.285714285714285,0.0
7,5257,8,False,0,2025-02-27,36,0.0,0.0,0.01,3,27,0,0,1,22.285714285714285,0.0
7,110,9,True,0,2025-02-27,0,0.0,0.01,0.01,3,27,0,0,1,23.142857142857142,0.0
7,309,9,True,0,2025-02-27,0,1.0,0.01,0.04,3,27,0,0,1,20.857142857142858,0.0
7,404,9,True,0,2025-02-27,1,2.0,0.01,0.03,3,27,0,0,1,18.571428571428573,0.0
7,1270,9,True,0,2025-02-27,0,0.0,0.03,0.07,3,27,0,0,1,16.857142857142858,0.0
7,1553,9,True,0,2025-02-27,49,3.0,0.01,0.01,3,27,0,0,1,10.857142857142858,0.0
7,1749,9,True,0,2025-02-27,29,0.0,0.01,0.02,3,27,0,0,1,15.428571428571429,0.0
7,1875,9,True,0,2025-02-27,0,0.0,0.02,0.07,3,27,0,0,1,16.428571428571427,0.0
7,2194,9,True,0,2025-02-27,0,0.0,0.0,0.02,3,27,0,0,1,11.285714285714286,0.0
7,2269,9,True,0,2025-02-27,0,1.0,0.01,0.04,3,27,0,0,1,11.285714285714286,0.0
7,2829,9,True,0,2025-02-27,1,0.0,0.02,0.03,3,27,0,0,1,11.285714285714286,0.0
7,2927,9,True,0,2025-02-27,6,5.0,0.02,0.04,3,27,0,0,1,11.285714285714286,0.0
7,3458,9,True,0,2025-02-27,3,2.0,0.0,0.01,3,27,0,0,1,12.142857142857142,0.0
7,3972,9,True,0,2025-02-27,0,10.0,0.01,0.01,3,27,0,0,1,5.571428571428571,0.0
7,3997,9,True,0,2025-02-27,0,0.0,0.03,0.06,3,27,0,0,1,1.4285714285714286,0.0
7,4125,9,True,0,2025-02-27,175,4.0,0.0,0.01,3,27,0,0,1,1.4285714285714286,0.0
7,4201,9,True,0,2025-02-27,0,0.0,0.01,0.05,3,27,0,0,1,26.428571428571427,0.0
7,4378,9,True,0,2025-02-27,20,0.0,0.02,0.03,3,27,0,0,1,26.428571428571427,0.0
7,4706,9,True,0,2025-02-27,0,3.0,0.02,0.05,3,27,0,0,1,29.142857142857142,0.0
7,4836,9,True,0,2025-02-27,0,2.0,0.01,0.03,3,27,0,0,1,28.285714285714285,0.0
7,4884,9,True,0,2025-02-27,1,10.0,0.0,0.01,3,27,0,0,1,27.857142857142858,0.0
7,4975,9,True,0,2025-02-27,0,0.0,0.01,0.01,3,27,0,0,1,28.0,4.214429803041276
7,5107,9,True,0,2025-02-27,85,2.0,0.01,0.02,3,27,0,0,1,28.0,1.6375105719163663
7,513,10,False,0,2025-02-27,30,1.0,0.03,0.09,3,27,0,0,1,15.142857142857142,0.0
7,1564,10,False,0,2025-02-27,21,0.0,0.02,0.08,3,27,0,0,1,19.428571428571427,0.0
7,2480,10,False,0,2025-02-27,27,2.0,0.01,0.02,3,27,0,0,1,19.571428571428573,0.0
7,3576,10,False,0,2025-02-27,12,0.0,0.02,0.03,3,27,0,0,1,23.428571428571427,0.0
7,2502,11,False,0,2025-02-27,58,0.0,0.23,0.21,3,27,0,0,1,25.142857142857142,0.0
7,3113,11,False,0,2025-02-27,10,1.0,0.23,0.22,3,27,0,0,1,33.285714285714285,1.4635140786764433
7,3928,11,False,0,2025-02-27,5,5.0,0.05,0.06,3,27,0,0,1,34.714285714285715,0.0
7,909,1,False,0,2025-02-25,1,0.0,0.11,0.11,1,25,0,0,1,23.285714285714285,0.0
7,1995,1,False,0,2025-02-25,12,0.0,0.1,0.12,1,25,0,0,1,19.142857142857142,0.0
7,3901,1,False,0,2025-02-25,11,0.0,0.11,0.13,1,25,0,0,1,17.857142857142858,0.0
7,4584,1,False,0,2025-02-25,5,0.0,0.11,0.12,1,25,0,0,1,15.571428571428571,0.0
7,123,3,True,0,2025-02-25,1,2.0,0.04,0.05,1,25,0,0,1,14.571428571428571,2.3262551947724424
7,312,3,True,0,2025-02-25,661,1.0,0.05,0.05,1,25,0,0,1,6.428571428571429,0.0
7,842,3,True,0,2025-02-25,41,2.0,0.01,0.01,1,25,0,0,1,99.42857142857143,0.0
7,1855,3,True,0,2025-02-25,280,0.0,0.01,0.01,1,25,0,0,1,104.57142857142857,0.0
7,1933,3,True,0,2025-02-25,0,19.0,0.02,0.02,1,25,0,0,1,144.42857142857142,6.446661158226543
7,2198,3,True,0,2025-02-25,0,0.0,0.01,0.01,1,25,0,0,1,142.71428571428572,3.180585891515916
7,2308,3,True,0,2025-02-25,71,0.0,0.01,0.01,1,25,0,0,1,141.14285714285714,0.0
7,2767,3,True,0,2025-02-25,49,1.0,0.01,0.02,1,25,0,0,1,150.57142857142858,0.0
7,3158,3,True,0,2025-02-25,11,0.0,0.04,0.06,1,25,0,0,1,157.42857142857142,0.0
7,4032,3,True,0,2025-02-25,24,2.0,0.04,0.05,1,25,0,0,1,64.57142857142857,1.887086240880109
7,5034,3,True,0,2025-02-25,103,1.0,0.01,0.01,1,25,0,0,1,62.142857142857146,0.0
7,5195,3,True,0,2025-02-25,43,0.0,0.0,0.01,1,25,0,0,1,36.857142857142854,0.0
7,25,4,False,0,2025-02-25,2,1.0,0.02,0.05,1,25,0,0,1,43.0,0.0
7,52,4,False,0,2025-02-25,2,0.0,0.12,0.17,1,25,0,0,1,43.285714285714285,0.0
7,57,4,False,0,2025-02-25,4,0.0,0.06,0.08,1,25,0,0,1,33.42857142857143,0.0
7,60,4,False,0,2025-02-25,0,0.0,0.02,0.03,1,25,0,0,1,27.0,0.0
7,72,4,False,0,2025-02-25,3,0.0,0.03,0.04,1,25,0,0,1,25.428571428571427,0.0
7,96,4,False,0,2025-02-25,3,0.0,0.03,0.05,1,25,0,0,1,22.428571428571427,0.0
7,268,4,False,0,2025-02-25,6,0.0,0.03,0.05,1,25,0,0,1,8.142857142857142,0.0
7,301,4,False,0,2025-02-25,12,0.0,0.03,0.05,1,25,0,0,1,2.857142857142857,0.0
7,313,4,False,0,2025-02-25,6,0.0,0.04,0.05,1,25,0,0,1,4.285714285714286,0.0
7,340,4,False,0,2025-02-25,2,0.0,0.04,0.06,1,25,0,0,1,4.857142857142857,0.0
7,349,4,False,0,2025-02-25,3,0.0,0.08,0.1,1,25,0,0,1,4.571428571428571,0.0
7,511,4,False,0,2025-02-25,6,0.0,0.06,0.08,1,25,0,0,1,5.0,0.0
7,537,4,False,0,2025-02-25,4,0.0,0.04,0.05,1,25,0,0,1,5.428571428571429,0.0
7,577,4,False,0,2025-02-25,1,0.0,0.02,0.03,1,25,0,0,1,5.571428571428571,0.0
7,662,4,False,0,2025-02-25,6,0.0,0.01,0.02,1,25,0,0,1,4.857142857142857,0.0
7,691,4,False,0,2025-02-25,3,0.0,0.05,0.07,1,25,0,0,1,4.0,0.0
7,751,4,False,0,2025-02-25,6,0.0,0.0,0.01,1,25,0,0,1,3.5714285714285716,0.0
7,777,4,False,0,2025-02-25,100,0.0,0.01,0.01,1,25,0,0,1,4.142857142857143,0.0
7,797,4,False,0,2025-02-25,3,1.0,0.05,0.07,1,25,0,0,1,18.0,0.0
7,839,4,False,0,2025-02-25,12,0.0,0.03,0.05,1,25,0,0,1,17.571428571428573,0.0
7,1034,4,False,0,2025-02-25,2,0.0,0.12,0.14,1,25,0,0,1,18.714285714285715,0.0
7,1053,4,False,0,2025-02-25,5,0.0,0.02,0.03,1,25,0,0,1,18.857142857142858,0.0
7,1058,4,False,0,2025-02-25,4,0.0,0.03,0.05,1,25,0,0,1,18.714285714285715,0.0
7,1072,4,False,0,2025-02-25,26,0.0,0.0,0.01,1,25,0,0,1,18.857142857142858,0.0
7,1082,4,False,0,2025-02-25,8,0.0,0.07,0.11,1,25,0,0,1,21.714285714285715,0.0
7,1096,4,False,0,2025-02-25,3,1.0,0.03,0.05,1,25,0,0,1,8.571428571428571,0.0
7,1127,4,False,0,2025-02-25,4,0.0,0.03,0.04,1,25,0,0,1,8.571428571428571,0.0
7,1174,4,False,0,2025-02-25,4,0.0,0.01,0.02,1,25,0,0,1,7.428571428571429,0.0
7,1221,4,False,0,2025-02-25,3,1.0,0.04,0.06,1,25,0,0,1,7.714285714285714,0.0
7,1299,4,False,0,2025-02-25,4,0.0,0.01,0.02,1,25,0,0,1,7.428571428571429,0.0
7,1300,4,False,0,2025-02-25,5,1.0,0.01,0.01,1,25,0,0,1,7.428571428571429,0.0
7,1311,4,False,0,2025-02-25,4,0.0,0.02,0.03,1,25,0,0,1,4.428571428571429,0.0
7,1392,4,False,0,2025-02-25,3,0.0,0.05,0.07,1,25,0,0,1,3.857142857142857,0.0
7,1424,4,False,0,2025-02-25,4,0.0,0.01,0.03,1,25,0,0,1,3.857142857142857,0.0
7,1494,4,False,0,2025-02-25,3,0.0,0.02,0.04,1,25,0,0,1,3.857142857142857,0.0
7,1547,4,False,0,2025-02-25,2,0.0,0.05,0.08,1,25,0,0,1,3.7142857142857144,0.0
7,1548,4,False,0,2025-02-25,12,0.0,0.03,0.05,1,25,0,0,1,3.5714285714285716,0.0
7,1657,4,False,0,2025-02-25,3,0.0,0.01,0.02,1,25,0,0,1,4.714285714285714,0.0
7,1659,4,False,0,2025-02-25,6,0.0,0.04,0.03,1,25,0,0,1,4.428571428571429,0.0
7,1665,4,False,0,2025-02-25,4,0.0,0.04,0.06,1,25,0,0,1,4.714285714285714,0.0
7,1685,4,False,0,2025-02-25,4,0.0,0.02,0.02,1,25,0,0,1,4.857142857142857,0.0
7,1703,4,False,0,2025-02-25,4,0.0,0.02,0.03,1,25,0,0,1,4.857142857142857,0.0
7,1880,4,False,0,2025-02-25,8,0.0,0.01,0.02,1,25,0,0,1,5.0,0.0
7,1904,4,False,0,2025-02-25,1,0.0,0.02,0.04,1,25,0,0,1,5.857142857142857,0.0
7,1939,4,False,0,2025-02-25,4,0.0,0.01,0.02,1,25,0,0,1,4.285714285714286,0.0
7,1960,4,False,0,2025-02-25,4,0.0,0.03,0.04,1,25,0,0,1,4.428571428571429,0.0
7,2016,4,False,0,2025-02-25,3,0.0,0.03,0.04,1,25,0,0,1,4.142857142857143,0.0
7,2052,4,False,0,2025-02-25,3,1.0,0.02,0.03,1,25,0,0,1,4.0,0.0
7,2116,4,False,0,2025-02-25,4,0.0,0.03,0.04,1,25,0,0,1,3.857142857142857,0.0
7,2125,4,False,0,2025-02-25,4,0.0,0.08,0.1,1,25,0,0,1,3.857142857142857,0.0
7,2156,4,False,0,2025-02-25,3,0.0,0.04,0.05,1,25,0,0,1,3.2857142857142856,0.0
7,2212,4,False,0,2025-02-25,10,0.0,0.03,0.02,1,25,0,0,1,3.5714285714285716,0.0
7,2326,4,False,0,2025-02-25,4,0.0,0.04,0.06,1,25,0,0,1,4.428571428571429,0.0
7,2343,4,False,0,2025-02-25,2,0.0,0.01,0.02,1,25,0,0,1,4.428571428571429,0.0
7,2415,4,False,0,2025-02-25,60,0.0,0.01,0.01,1,25,0,0,1,4.285714285714286,0.0
7,2454,4,False,0,2025-02-25,4,0.0,0.01,0.02,1,25,0,0,1,12.428571428571429,0.0
7,2461,4,False,0,2025-02-25,4,0.0,0.01,0.01,1,25,0,0,1,12.428571428571429,0.0
7,2492,4,False,0,2025-02-25,4,0.0,0.02,0.03,1,25,0,0,1,12.428571428571429,0.0
7,2632,4,False,0,2025-02-25,3,0.0,0.06,0.07,1,25,0,0,1,12.571428571428571,0.0
7,2691,4,False,0,2025-02-25,11,1.0,0.05,0.06,1,25,0,0,1,11.571428571428571,0.0
7,2730,4,False,0,2025-02-25,2,0.0,0.02,0.03,1,25,0,0,1,12.571428571428571,0.0
7,2754,4,False,0,2025-02-25,1,2.0,0.02,0.04,1,25,0,0,1,12.571428571428571,0.0
7,2824,4,False,0,2025-02-25,12,0.0,0.03,0.04,1,25,0,0,1,4.142857142857143,0.0
7,2835,4,False,0,2025-02-25,10,0.0,0.01,0.03,1,25,0,0,1,5.285714285714286,0.0
7,2842,4,False,0,2025-02-25,3,0.0,0.03,0.04,1,25,0,0,1,6.142857142857143,0.0
7,2847,4,False,0,2025-02-25,2,1.0,0.04,0.04,1,25,0,0,1,6.0,0.0
7,2885,4,False,0,2025-02-25,4,0.0,0.04,0.07,1,25,0,0,1,5.857142857142857,0.0
7,2950,4,False,0,2025-02-25,5,0.0,0.01,0.02,1,25,0,0,1,4.857142857142857,0.0
7,2977,4,False,0,2025-02-25,3,0.0,0.04,0.07,1,25,0,0,1,5.285714285714286,0.0
7,3089,4,False,0,2025-02-25,4,0.0,0.06,0.08,1,25,0,0,1,5.571428571428571,0.0
7,3143,4,False,0,2025-02-25,7,0.0,0.03,0.04,1,25,0,0,1,4.428571428571429,0.0
7,3148,4,False,0,2025-02-25,4,0.0,0.03,0.04,1,25,0,0,1,4.0,0.0
7,3153,4,False,0,2025-02-25,4,0.0,0.06,0.08,1,25,0,0,1,4.142857142857143,0.0
7,3223,4,False,0,2025-02-25,13,0.0,0.03,0.03,1,25,0,0,1,4.428571428571429,0.0
7,3334,4,False,0,2025-02-25,4,0.0,0.02,0.03,1,25,0,0,1,5.714285714285714,0.0
7,3335,4,False,0,2025-02-25,4,0.0,0.12,0.17,1,25,0,0,1,5.571428571428571,0.0
7,3382,4,False,0,2025-02-25,9,1.0,0.03,0.05,1,25,0,0,1,5.714285714285714,0.0
7,3419,4,False,0,2025-02-25,12,0.0,0.03,0.05,1,25,0,0,1,6.428571428571429,0.0
7,3447,4,False,0,2025-02-25,4,0.0,0.01,0.02,1,25,0,0,1,7.142857142857143,0.0
7,3448,4,False,0,2025-02-25,2,0.0,0.04,0.06,1,25,0,0,1,7.142857142857143,0.0
7,3479,4,False,0,2025-02-25,3,0.0,0.04,0.06,1,25,0,0,1,6.857142857142857,0.0
7,3529,4,False,0,2025-02-25,1,0.0,0.02,0.03,1,25,0,0,1,5.428571428571429,0.0
7,3532,4,False,0,2025-02-25,5,0.0,0.01,0.02,1,25,0,0,1,5.0,0.0
7,3535,4,False,0,2025-02-25,2,0.0,0.11,0.15,1,25,0,0,1,5.142857142857143,0.0
7,3607,4,False,0,2025-02-25,4,0.0,0.01,0.01,1,25,0,0,1,4.142857142857143,0.0
7,3646,4,False,0,2025-02-25,4,0.0,0.02,0.02,1,25,0,0,1,3.0,0.0
7,3865,4,False,0,2025-02-25,2,0.0,0.06,0.09,1,25,0,0,1,3.0,0.0
7,3960,4,False,0,2025-02-25,7,0.0,0.01,0.02,1,25,0,0,1,3.0,0.0
7,4070,4,False,0,2025-02-25,50,0.0,0.04,0.06,1,25,0,0,1,3.5714285714285716,0.0
7,4098,4,False,0,2025-02-25,4,0.0,0.01,0.02,1,25,0,0,1,10.571428571428571,0.0
7,4126,4,False,0,2025-02-25,6,0.0,0.05,0.06,1,25,0,0,1,10.428571428571429,0.0
7,4198,4,False,0,2025-02-25,2,0.0,0.05,0.07,1,25,0,0,1,11.0,0.0
7,4240,4,False,0,2025-02-25,1,1.0,0.01,0.02,1,25,0,0,1,10.714285714285714,0.0
7,4304,4,False,0,2025-02-25,4,0.0,0.02,0.02,1,25,0,0,1,10.285714285714286,0.0
7,4307,4,False,0,2025-02-25,1,1.0,0.02,0.03,1,25,0,0,1,10.571428571428571,0.0
7,4347,4,False,0,2025-02-25,6,0.0,0.03,0.02,1,25,0,0,1,9.714285714285714,0.0
7,4423,4,False,0,2025-02-25,4,0.0,0.04,0.07,1,25,0,0,1,3.4285714285714284,0.0
7,4554,4,False,0,2025-02-25,8,0.0,0.0,0.01,1,25,0,0,1,3.4285714285714284,0.0
7,4652,4,False,0,2025-02-25,4,1.0,0.02,0.02,1,25,0,0,1,3.7142857142857144,0.0
7,4653,4,False,0,2025-02-25,3,0.0,0.0,0.01,1,25,0,0,1,4.0,0.0
7,4659,4,False,0,2025-02-25,2,0.0,0.05,0.1,1,25,0,0,1,4.285714285714286,0.0
7,4690,4,False,0,2025-02-25,2,0.0,0.02,0.03,1,25,0,0,1,4.0,0.0
7,4723,4,False,0,2025-02-25,12,0.0,0.02,0.02,1,25,0,0,1,4.142857142857143,0.0
7,4760,4,False,0,2025-02-25,3,0.0,0.02,0.03,1,25,0,0,1,5.0,0.0
7,4822,4,False,0,2025-02-25,6,2.0,0.02,0.03,1,25,0,0,1,4.857142857142857,0.0
7,4871,4,False,0,2025-02-25,8,0.0,0.03,0.05,1,25,0,0,1,4.571428571428571,0.0
7,4972,4,False,0,2025-02-25,6,0.0,0.02,0.03,1,25,0,0,1,5.142857142857143,0.0
7,5016,4,False,0,2025-02-25,8,0.0,0.05,0.07,1,25,0,0,1,5.571428571428571,0.0
7,5039,4,False,0,2025-02-25,3,0.0,0.03,0.06,1,25,0,0,1,6.428571428571429,0.0
7,5184,4,False,0,2025-02-25,17,0.0,0.01,0.01,1,25,0,0,1,6.571428571428571,0.0
7,5250,4,False,0,2025-02-25,5,0.0,0.0,0.0,1,25,0,0,1,7.285714285714286,0.0
7,492,5,True,0,2025-02-25,0,1.0,0.01,0.03,1,25,0,0,1,7.571428571428571,0.0
7,663,5,True,0,2025-02-25,24,2.0,0.01,0.01,1,25,0,0,1,6.714285714285714,0.0
7,1950,5,True,0,2025-02-25,14,1.0,0.03,0.05,1,25,0,0,1,9.0,0.0
7,2743,5,True,0,2025-02-25,0,0.0,0.02,0.06,1,25,0,0,1,10.142857142857142,0.0
7,3550,5,True,0,2025-02-25,23,1.0,0.0,0.0,1,25,0,0,1,9.0,0.0
7,4090,5,True,0,2025-02-25,34,2.0,0.02,0.03,1,25,0,0,1,11.857142857142858,2.3498968286553263
7,4132,5,True,0,2025-02-25,29,0.0,0.01,0.01,1,25,0,0,1,14.285714285714286,0.0
7,4344,5,True,0,2025-02-25,0,0.0,0.02,0.02,1,25,0,0,1,17.714285714285715,0.0
7,243,6,False,0,2025-02-25,1,0.0,0.2,0.24,1,25,0,0,1,17.714285714285715,0.0
7,1668,6,False,0,2025-02-25,1,0.0,0.1,0.16,1,25,0,0,1,14.428571428571429,0.0
7,1684,6,False,0,2025-02-25,5,0.0,0.03,0.05,1,25,0,0,1,12.571428571428571,0.0
7,2078,6,False,0,2025-02-25,3,0.0,0.16,0.19,1,25,0,0,1,13.285714285714286,0.0
7,2508,6,False,0,2025-02-25,1,0.0,0.11,0.13,1,25,0,0,1,10.428571428571429,0.0
7,2544,6,False,0,2025-02-25,1,0.0,0.27,0.34,1,25,0,0,1,5.714285714285714,0.0
7,3024,6,False,0,2025-02-25,4,0.0,0.22,0.34,1,25,0,0,1,1.7142857142857142,0.0
7,3959,6,False,0,2025-02-25,1,0.0,0.17,0.21,1,25,0,0,1,2.2857142857142856,0.0
7,3978,6,False,0,2025-02-25,1,0.0,0.07,0.11,1,25,0,0,1,2.2857142857142856,0.0
7,4165,6,False,0,2025-02-25,2,0.0,0.09,0.16,1,25,0,0,1,2.2857142857142856,0.0
7,4329,6,False,0,2025-02-25,2,0.0,0.09,0.1,1,25,0,0,1,1.8571428571428572,0.0
7,4787,6,False,0,2025-02-25,1,0.0,0.08,0.11,1,25,0,0,1,1.7142857142857142,0.0
7,4854,6,False,0,2025-02-25,3,0.0,0.07,0.09,1,25,0,0,1,1.7142857142857142,0.0
7,4904,6,False,0,2025-02-25,1,0.0,0.16,0.21,1,25,0,0,1,2.0,0.0
7,2554,7,False,0,2025-02-25,10,2.0,0.0,0.01,1,25,0,0,1,1.5714285714285714,0.0
7,2867,7,False,0,2025-02-25,95,4.0,0.01,0.01,1,25,0,0,1,2.857142857142857,0.0
7,3133,7,False,0,2025-02-25,35,1.0,0.0,0.01,1,25,0,0,1,16.285714285714285,0.0
7,1,8,False,0,2025-02-25,39,0.0,0.0,0.0,1,25,0,0,1,21.0,2.2159754740054582
7,65,8,False,0,2025-02-25,15,0.0,0.0,0.01,1,25,0,0,1,26.285714285714285,0.0
7,206,8,False,0,2025-02-25,29,1.0,0.0,0.0,1,25,0,0,1,28.285714285714285,3.809443385582269
7,435,8,False,0,2025-02-25,30,0.0,0.01,0.02,1,25,0,0,1,32.0,0.0
7,512,8,False,0,2025-02-25,19,1.0,0.0,0.01,1,25,0,0,1,36.142857142857146,0.0
7,579,8,False,0,2025-02-25,13,0.0,0.01,0.02,1,25,0,0,1,37.42857142857143,0.0
7,1375,8,False,0,2025-02-25,14,0.0,0.0,0.01,1,25,0,0,1,25.714285714285715,0.0
7,1954,8,False,0,2025-02-25,45,0.0,0.0,0.0,1,25,0,0,1,22.714285714285715,0.0
7,3322,8,False,0,2025-02-25,15,1.0,0.0,0.01,1,25,0,0,1,23.571428571428573,0.0
7,4435,8,False,0,2025-02-25,22,0.0,0.02,0.03,1,25,0,0,1,23.571428571428573,0.0
7,5257,8,False,0,2025-02-25,36,0.0,0.0,0.01,1,25,0,0,1,22.571428571428573,0.0
7,110,9,True,0,2025-02-25,0,0.0,0.01,0.01,1,25,0,0,1,23.428571428571427,0.0
7,309,9,True,0,2025-02-25,0,4.0,0.01,0.02,1,25,0,0,1,20.714285714285715,0.0
7,404,9,True,0,2025-02-25,1,0.0,0.01,0.02,1,25,0,0,1,18.857142857142858,0.0
7,1270,9,True,0,2025-02-25,0,0.0,0.03,0.07,1,25,0,0,1,17.0,0.0
7,1553,9,True,0,2025-02-25,63,0.0,0.01,0.01,1,25,0,0,1,10.571428571428571,0.0
7,1749,9,True,0,2025-02-25,29,0.0,0.01,0.02,1,25,0,0,1,17.428571428571427,0.0
7,1875,9,True,0,2025-02-25,0,0.0,0.02,0.07,1,25,0,0,1,18.428571428571427,0.0
7,2194,9,True,0,2025-02-25,0,0.0,0.0,0.02,1,25,0,0,1,13.285714285714286,0.0
7,2269,9,True,0,2025-02-25,0,1.0,0.01,0.03,1,25,0,0,1,13.285714285714286,2.052848436698968
7,2829,9,True,0,2025-02-25,1,9.0,0.02,0.03,1,25,0,0,1,13.285714285714286,0.0
7,2927,9,True,0,2025-02-25,6,1.0,0.02,0.05,1,25,0,0,1,13.285714285714286,0.0
7,3458,9,True,0,2025-02-25,3,0.0,0.0,0.01,1,25,0,0,1,14.142857142857142,0.0
7,3972,9,True,0,2025-02-25,0,3.0,0.01,0.02,1,25,0,0,1,5.571428571428571,0.0
7,3997,9,True,0,2025-02-25,0,0.0,0.03,0.06,1,25,0,0,1,1.4285714285714286,0.0
7,4125,9,True,0,2025-02-25,184,6.0,0.0,0.01,1,25,0,0,1,1.4285714285714286,0.0
7,4201,9,True,0,2025-02-25,0,0.0,0.01,0.07,1,25,0,0,1,27.714285714285715,0.0
7,4378,9,True,0,2025-02-25,22,0.0,0.02,0.03,1,25,0,0,1,27.714285714285715,0.0
7,4706,9,True,0,2025-02-25,0,1.0,0.02,0.06,1,25,0,0,1,30.714285714285715,0.0
7,4836,9,True,0,2025-02-25,0,2.0,0.01,0.03,1,25,0,0,1,29.857142857142858,0.0
7,4884,9,True,0,2025-02-25,3,5.0,0.0,0.02,1,25,0,0,1,29.428571428571427,0.0
7,4975,9,True,0,2025-02-25,0,0.0,0.01,0.01,1,25,0,0,1,29.857142857142858,4.220144916200851
7,5107,9,True,0,2025-02-25,85,0.0,0.01,0.02,1,25,0,0,1,29.857142857142858,1.6404013331208394
7,513,10,False,0,2025-02-25,31,4.0,0.03,0.06,1,25,0,0,1,15.714285714285714,0.0
7,1564,10,False,0,2025-02-25,19,3.0,0.02,0.07,1,25,0,0,1,20.142857142857142,0.0
7,2480,10,False,0,2025-02-25,29,0.0,0.01,0.02,1,25,0,0,1,19.714285714285715,0.0
7,3576,10,False,0,2025-02-25,12,2.0,0.02,0.04,1,25,0,0,1,23.857142857142858,0.0
7,2502,11,False,0,2025-02-25,55,1.0,0.23,0.22,1,25,0,0,1,25.571428571428573,0.0
7,3113,11,False,0,2025-02-25,5,1.0,0.23,0.21,1,25,0,0,1,33.0,0.0
7,3928,11,False,0,2025-02-25,10,0.0,0.05,0.07,1,25,0,0,1,33.714285714285715,0.0
7,909,1,False,0,2025-02-23,3,0.0,0.11,0.12,6,23,0,1,0,23.0,0.0
7,1995,1,False,0,2025-02-23,12,1.0,0.1,0.12,6,23,0,1,0,19.0,0.0
7,3901,1,False,0,2025-02-23,12,0.0,0.11,0.13,6,23,0,1,0,18.0,0.0
7,4584,1,False,0,2025-02-23,6,0.0,0.11,0.13,6,23,0,1,0,15.571428571428571,0.0
7,123,3,True,0,2025-02-23,1,0.0,0.04,0.06,6,23,0,1,0,14.714285714285714,1.5873378044602438
7,312,3,True,0,2025-02-23,661,7.0,0.05,0.06,6,23,0,1,0,7.0,0.0
7,842,3,True,0,2025-02-23,15,0.0,0.01,0.01,6,23,0,1,0,100.71428571428571,0.0
7,1855,3,True,0,2025-02-23,280,0.0,0.01,0.01,6,23,0,1,0,101.42857142857143,0.0
7,1933,3,True,0,2025-02-23,0,9.0,0.02,0.02,6,23,0,1,0,141.0,5.651321673009957
7,2198,3,True,0,2025-02-23,0,0.0,0.01,0.01,6,23,0,1,0,139.28571428571428,0.0
7,2308,3,True,0,2025-02-23,72,0.0,0.01,0.01,6,23,0,1,0,137.57142857142858,0.0
7,2767,3,True,0,2025-02-23,50,0.0,0.01,0.02,6,23,0,1,0,147.0,0.0
7,3158,3,True,0,2025-02-23,11,1.0,0.04,0.06,6,23,0,1,0,154.0,0.0
7,4032,3,True,0,2025-02-23,21,1.0,0.04,0.05,6,23,0,1,0,61.142857142857146,1.6198152536002257
7,5034,3,True,0,2025-02-23,104,0.0,0.01,0.01,6,23,0,1,0,62.0,0.0
7,5195,3,True,0,2025-02-23,43,0.0,0.0,0.01,6,23,0,1,0,36.857142857142854,0.0
7,25,4,False,0,2025-02-23,3,0.0,0.02,0.05,6,23,0,1,0,43.0,0.0
7,52,4,False,0,2025-02-23,2,0.0,0.12,0.17,6,23,0,1,0,43.42857142857143,0.0
7,57,4,False,0,2025-02-23,4,0.0,0.06,0.08,6,23,0,1,0,33.42857142857143,0.0
7,60,4,False,0,2025-02-23,0,0.0,0.02,0.03,6,23,0,1,0,26.857142857142858,0.0
7,72,4,False,0,2025-02-23,4,0.0,0.03,0.04,6,23,0,1,0,25.285714285714285,0.0
7,96,4,False,0,2025-02-23,3,0.0,0.03,0.05,6,23,0,1,0,22.857142857142858,0.0
7,268,4,False,0,2025-02-23,6,0.0,0.03,0.05,6,23,0,1,0,8.428571428571429,0.0
7,301,4,False,0,2025-02-23,12,0.0,0.03,0.05,6,23,0,1,0,3.142857142857143,0.0
7,313,4,False,0,2025-02-23,6,0.0,0.04,0.05,6,23,0,1,0,4.428571428571429,0.0
7,340,4,False,0,2025-02-23,2,0.0,0.04,0.06,6,23,0,1,0,5.0,0.0
7,349,4,False,0,2025-02-23,3,0.0,0.08,0.1,6,23,0,1,0,4.714285714285714,0.0
7,511,4,False,0,2025-02-23,6,0.0,0.06,0.08,6,23,0,1,0,5.142857142857143,0.0
7,537,4,False,0,2025-02-23,4,0.0,0.04,0.05,6,23,0,1,0,5.428571428571429,0.0
7,577,4,False,0,2025-02-23,1,0.0,0.02,0.03,6,23,0,1,0,5.571428571428571,0.0
7,662,4,False,0,2025-02-23,6,0.0,0.01,0.02,6,23,0,1,0,4.857142857142857,0.0
7,691,4,False,0,2025-02-23,3,0.0,0.05,0.07,6,23,0,1,0,4.0,0.0
7,751,4,False,0,2025-02-23,6,0.0,0.0,0.01,6,23,0,1,0,3.5714285714285716,0.0
7,777,4,False,0,2025-02-23,95,1.0,0.01,0.01,6,23,0,1,0,4.142857142857143,0.0
7,797,4,False,0,2025-02-23,3,0.0,0.05,0.07,6,23,0,1,0,17.285714285714285,0.0
7,839,4,False,0,2025-02-23,12,0.0,0.03,0.05,6,23,0,1,0,16.857142857142858,0.0
7,1034,4,False,0,2025-02-23,2,0.0,0.12,0.14,6,23,0,1,0,18.0,0.0
7,1053,4,False,0,2025-02-23,5,0.0,0.02,0.03,6,23,0,1,0,18.142857142857142,0.0
7,1058,4,False,0,2025-02-23,4,0.0,0.03,0.05,6,23,0,1,0,18.0,0.0
7,1072,4,False,0,2025-02-23,26,0.0,0.0,0.01,6,23,0,1,0,18.142857142857142,0.0
7,1082,4,False,0,2025-02-23,9,0.0,0.07,0.12,6,23,0,1,0,21.0,0.0
7,1096,4,False,0,2025-02-23,4,0.0,0.03,0.05,6,23,0,1,0,8.714285714285714,0.0
7,1127,4,False,0,2025-02-23,4,0.0,0.03,0.04,6,23,0,1,0,8.857142857142858,0.0
7,1174,4,False,0,2025-02-23,4,0.0,0.01,0.02,6,23,0,1,0,7.714285714285714,0.0
7,1221,4,False,0,2025-02-23,4,0.0,0.04,0.06,6,23,0,1,0,8.0,0.0
7,1299,4,False,0,2025-02-23,3,0.0,0.01,0.02,6,23,0,1,0,7.857142857142857,0.0
7,1300,4,False,0,2025-02-23,6,3.0,0.01,0.01,6,23,0,1,0,7.714285714285714,0.0
7,1311,4,False,0,2025-02-23,4,0.0,0.02,0.03,6,23,0,1,0,4.857142857142857,0.0
7,1392,4,False,0,2025-02-23,3,0.0,0.05,0.07,6,23,0,1,0,4.142857142857143,0.0
7,1424,4,False,0,2025-02-23,4,0.0,0.01,0.03,6,23,0,1,0,4.0,0.0
7,1494,4,False,0,2025-02-23,3,1.0,0.02,0.04,6,23,0,1,0,4.0,0.0
7,1547,4,False,0,2025-02-23,2,0.0,0.05,0.08,6,23,0,1,0,3.857142857142857,0.0
7,1548,4,False,0,2025-02-23,12,0.0,0.03,0.05,6,23,0,1,0,3.5714285714285716,0.0
7,1657,4,False,0,2025-02-23,3,0.0,0.01,0.02,6,23,0,1,0,4.857142857142857,0.0
7,1659,4,False,0,2025-02-23,6,0.0,0.04,0.03,6,23,0,1,0,4.428571428571429,0.0
7,1665,4,False,0,2025-02-23,4,0.0,0.04,0.06,6,23,0,1,0,4.714285714285714,0.0
7,1685,4,False,0,2025-02-23,4,0.0,0.02,0.02,6,23,0,1,0,4.857142857142857,0.0
7,1703,4,False,0,2025-02-23,4,0.0,0.02,0.03,6,23,0,1,0,4.857142857142857,0.0
7,1880,4,False,0,2025-02-23,8,0.0,0.01,0.02,6,23,0,1,0,5.0,0.0
7,1904,4,False,0,2025-02-23,4,0.0,0.02,0.04,6,23,0,1,0,5.857142857142857,0.0
7,1939,4,False,0,2025-02-23,4,0.0,0.01,0.02,6,23,0,1,0,4.714285714285714,0.0
7,1960,4,False,0,2025-02-23,4,0.0,0.03,0.04,6,23,0,1,0,4.857142857142857,0.0
7,2016,4,False,0,2025-02-23,3,0.0,0.03,0.04,6,23,0,1,0,4.571428571428571,0.0
7,2052,4,False,0,2025-02-23,4,0.0,0.02,0.03,6,23,0,1,0,4.428571428571429,0.0
7,2116,4,False,0,2025-02-23,4,0.0,0.03,0.04,6,23,0,1,0,4.428571428571429,0.0
7,2125,4,False,0,2025-02-23,3,0.0,0.08,0.1,6,23,0,1,0,4.428571428571429,0.0
7,2156,4,False,0,2025-02-23,3,0.0,0.04,0.05,6,23,0,1,0,3.7142857142857144,0.0
7,2212,4,False,0,2025-02-23,9,0.0,0.03,0.02,6,23,0,1,0,3.5714285714285716,0.0
7,2326,4,False,0,2025-02-23,4,0.0,0.04,0.06,6,23,0,1,0,4.285714285714286,0.0
7,2343,4,False,0,2025-02-23,3,0.0,0.01,0.02,6,23,0,1,0,4.285714285714286,0.0
7,2415,4,False,0,2025-02-23,45,0.0,0.01,0.01,6,23,0,1,0,4.285714285714286,0.0
7,2454,4,False,0,2025-02-23,5,0.0,0.01,0.02,6,23,0,1,0,10.142857142857142,0.0
7,2461,4,False,0,2025-02-23,4,0.0,0.01,0.01,6,23,0,1,0,10.285714285714286,0.0
7,2492,4,False,0,2025-02-23,4,0.0,0.02,0.03,6,23,0,1,0,10.428571428571429,0.0
7,2632,4,False,0,2025-02-23,3,0.0,0.06,0.07,6,23,0,1,0,10.571428571428571,0.0
7,2691,4,False,0,2025-02-23,12,1.0,0.05,0.06,6,23,0,1,0,9.714285714285714,0.0
7,2730,4,False,0,2025-02-23,3,0.0,0.02,0.03,6,23,0,1,0,10.857142857142858,0.0
7,2754,4,False,0,2025-02-23,3,0.0,0.02,0.04,6,23,0,1,0,10.857142857142858,0.0
7,2824,4,False,0,2025-02-23,11,0.0,0.03,0.04,6,23,0,1,0,4.857142857142857,0.0
7,2835,4,False,0,2025-02-23,4,0.0,0.01,0.03,6,23,0,1,0,5.714285714285714,0.0
7,2842,4,False,0,2025-02-23,3,0.0,0.03,0.04,6,23,0,1,0,5.714285714285714,0.0
7,2847,4,False,0,2025-02-23,3,0.0,0.04,0.04,6,23,0,1,0,5.571428571428571,0.0
7,2885,4,False,0,2025-02-23,4,0.0,0.04,0.07,6,23,0,1,0,5.571428571428571,0.0
7,2950,4,False,0,2025-02-23,4,0.0,0.01,0.02,6,23,0,1,0,4.428571428571429,0.0
7,2977,4,False,0,2025-02-23,1,1.0,0.04,0.07,6,23,0,1,0,4.571428571428571,0.0
7,3089,4,False,0,2025-02-23,4,0.0,0.06,0.08,6,23,0,1,0,4.285714285714286,0.0
7,3143,4,False,0,2025-02-23,7,0.0,0.03,0.04,6,23,0,1,0,3.2857142857142856,0.0
7,3148,4,False,0,2025-02-23,4,0.0,0.03,0.04,6,23,0,1,0,3.7142857142857144,0.0
7,3153,4,False,0,2025-02-23,4,0.0,0.06,0.08,6,23,0,1,0,3.857142857142857,0.0
7,3223,4,False,0,2025-02-23,13,0.0,0.03,0.03,6,23,0,1,0,4.0,0.0
7,3334,4,False,0,2025-02-23,4,1.0,0.02,0.03,6,23,0,1,0,5.285714285714286,0.0
7,3335,4,False,0,2025-02-23,4,0.0,0.12,0.17,6,23,0,1,0,5.285714285714286,0.0
7,3382,4,False,0,2025-02-23,4,0.0,0.03,0.04,6,23,0,1,0,5.714285714285714,0.0
7,3419,4,False,0,2025-02-23,12,0.0,0.03,0.05,6,23,0,1,0,5.714285714285714,0.0
7,3447,4,False,0,2025-02-23,3,0.0,0.01,0.02,6,23,0,1,0,6.428571428571429,0.0
7,3448,4,False,0,2025-02-23,2,0.0,0.04,0.06,6,23,0,1,0,6.285714285714286,0.0
7,3479,4,False,0,2025-02-23,5,1.0,0.04,0.06,6,23,0,1,0,6.0,0.0
7,3529,4,False,0,2025-02-23,3,0.0,0.02,0.03,6,23,0,1,0,4.857142857142857,0.0
7,3532,4,False,0,2025-02-23,5,0.0,0.01,0.02,6,23,0,1,0,4.714285714285714,0.0
7,3535,4,False,0,2025-02-23,2,0.0,0.11,0.15,6,23,0,1,0,4.857142857142857,0.0
7,3607,4,False,0,2025-02-23,4,0.0,0.01,0.01,6,23,0,1,0,4.571428571428571,0.0
7,3646,4,False,0,2025-02-23,4,0.0,0.02,0.02,6,23,0,1,0,3.4285714285714284,0.0
7,3865,4,False,0,2025-02-23,2,0.0,0.06,0.09,6,23,0,1,0,3.5714285714285716,0.0
7,3960,4,False,0,2025-02-23,6,0.0,0.01,0.02,6,23,0,1,0,3.5714285714285716,0.0
7,4070,4,False,0,2025-02-23,50,0.0,0.04,0.06,6,23,0,1,0,3.7142857142857144,0.0
7,4098,4,False,0,2025-02-23,4,0.0,0.01,0.02,6,23,0,1,0,10.428571428571429,0.0
7,4126,4,False,0,2025-02-23,6,0.0,0.05,0.06,6,23,0,1,0,10.285714285714286,0.0
7,4198,4,False,0,2025-02-23,2,0.0,0.05,0.07,6,23,0,1,0,10.857142857142858,0.0
7,4240,4,False,0,2025-02-23,2,1.0,0.01,0.02,6,23,0,1,0,10.571428571428571,0.0
7,4304,4,False,0,2025-02-23,4,0.0,0.02,0.02,6,23,0,1,0,10.285714285714286,0.0
7,4307,4,False,0,2025-02-23,2,0.0,0.02,0.03,6,23,0,1,0,10.571428571428571,0.0
7,4347,4,False,0,2025-02-23,6,0.0,0.03,0.02,6,23,0,1,0,10.0,0.0
7,4423,4,False,0,2025-02-23,4,0.0,0.04,0.07,6,23,0,1,0,3.7142857142857144,0.0
7,4554,4,False,0,2025-02-23,8,0.0,0.0,0.01,6,23,0,1,0,3.7142857142857144,0.0
7,4652,4,False,0,2025-02-23,6,0.0,0.02,0.02,6,23,0,1,0,4.0,0.0
7,4653,4,False,0,2025-02-23,3,0.0,0.0,0.01,6,23,0,1,0,4.571428571428571,0.0
7,4659,4,False,0,2025-02-23,2,0.0,0.05,0.1,6,23,0,1,0,4.714285714285714,0.0
7,4690,4,False,0,2025-02-23,2,0.0,0.02,0.03,6,23,0,1,0,4.428571428571429,0.0
7,4723,4,False,0,2025-02-23,12,0.0,0.02,0.02,6,23,0,1,0,4.428571428571429,0.0
7,4760,4,False,0,2025-02-23,3,0.0,0.02,0.03,6,23,0,1,0,5.285714285714286,0.0
7,4822,4,False,0,2025-02-23,7,0.0,0.02,0.04,6,23,0,1,0,5.142857142857143,0.0
7,4871,4,False,0,2025-02-23,8,0.0,0.03,0.05,6,23,0,1,0,5.0,0.0
7,4972,4,False,0,2025-02-23,6,0.0,0.02,0.03,6,23,0,1,0,5.285714285714286,0.0
7,5016,4,False,0,2025-02-23,8,0.0,0.05,0.07,6,23,0,1,0,5.714285714285714,0.0
7,5039,4,False,0,2025-02-23,3,0.0,0.03,0.06,6,23,0,1,0,6.571428571428571,0.0
7,5184,4,False,0,2025-02-23,17,0.0,0.01,0.01,6,23,0,1,0,6.714285714285714,0.0
7,5250,4,False,0,2025-02-23,5,0.0,0.0,0.0,6,23,0,1,0,7.428571428571429,0.0
7,492,5,True,0,2025-02-23,0,4.0,0.01,0.04,6,23,0,1,0,7.714285714285714,0.0
7,663,5,True,0,2025-02-23,24,1.0,0.01,0.01,6,23,0,1,0,6.714285714285714,0.0
7,1950,5,True,0,2025-02-23,15,0.0,0.03,0.05,6,23,0,1,0,9.0,0.0
7,2743,5,True,0,2025-02-23,0,0.0,0.02,0.06,6,23,0,1,0,10.285714285714286,0.0
7,3550,5,True,0,2025-02-23,24,0.0,0.0,0.01,6,23,0,1,0,9.142857142857142,0.0
7,4090,5,True,0,2025-02-23,31,0.0,0.02,0.04,6,23,0,1,0,12.142857142857142,1.7344992840317215
7,4132,5,True,0,2025-02-23,30,0.0,0.01,0.01,6,23,0,1,0,14.142857142857142,0.0
7,4344,5,True,0,2025-02-23,0,0.0,0.02,0.03,6,23,0,1,0,17.714285714285715,0.0
7,243,6,False,0,2025-02-23,1,0.0,0.2,0.24,6,23,0,1,0,17.714285714285715,0.0
7,1668,6,False,0,2025-02-23,1,0.0,0.1,0.16,6,23,0,1,0,14.428571428571429,0.0
7,1684,6,False,0,2025-02-23,5,0.0,0.03,0.05,6,23,0,1,0,12.428571428571429,0.0
7,2078,6,False,0,2025-02-23,3,0.0,0.16,0.19,6,23,0,1,0,13.142857142857142,0.0
7,2508,6,False,0,2025-02-23,1,0.0,0.11,0.13,6,23,0,1,0,10.142857142857142,0.0
7,2544,6,False,0,2025-02-23,1,0.0,0.27,0.34,6,23,0,1,0,5.857142857142857,0.0
7,3024,6,False,0,2025-02-23,4,0.0,0.22,0.34,6,23,0,1,0,1.7142857142857142,0.0
7,3959,6,False,0,2025-02-23,1,0.0,0.17,0.21,6,23,0,1,0,2.2857142857142856,0.0
7,3978,6,False,0,2025-02-23,1,0.0,0.07,0.11,6,23,0,1,0,2.2857142857142856,0.0
7,4165,6,False,0,2025-02-23,2,0.0,0.09,0.16,6,23,0,1,0,2.2857142857142856,0.0
7,4329,6,False,0,2025-02-23,2,0.0,0.09,0.1,6,23,0,1,0,1.8571428571428572,0.0
7,4787,6,False,0,2025-02-23,2,0.0,0.08,0.1,6,23,0,1,0,1.7142857142857142,0.0
7,4854,6,False,0,2025-02-23,3,0.0,0.07,0.09,6,23,0,1,0,1.8571428571428572,0.0
7,4904,6,False,0,2025-02-23,1,0.0,0.16,0.21,6,23,0,1,0,2.142857142857143,0.0
7,2554,7,False,0,2025-02-23,20,2.0,0.0,0.01,6,23,0,1,0,1.7142857142857142,0.0
7,2867,7,False,0,2025-02-23,103,1.0,0.01,0.02,6,23,0,1,0,4.428571428571429,0.0
7,3133,7,False,0,2025-02-23,21,11.0,0.0,0.01,6,23,0,1,0,19.0,0.0
7,1,8,False,0,2025-02-23,43,4.0,0.0,0.0,6,23,0,1,0,21.714285714285715,0.0
7,65,8,False,0,2025-02-23,15,1.0,0.0,0.01,6,23,0,1,0,27.571428571428573,0.0
7,206,8,False,0,2025-02-23,30,0.0,0.0,0.0,6,23,0,1,0,29.428571428571427,3.4202087428766825
7,435,8,False,0,2025-02-23,30,0.0,0.01,0.02,6,23,0,1,0,33.285714285714285,0.0
7,512,8,False,0,2025-02-23,20,0.0,0.0,0.01,6,23,0,1,0,37.42857142857143,0.0
7,579,8,False,0,2025-02-23,15,0.0,0.01,0.02,6,23,0,1,0,37.42857142857143,0.0
7,1375,8,False,0,2025-02-23,15,0.0,0.0,0.01,6,23,0,1,0,24.857142857142858,0.0
7,1954,8,False,0,2025-02-23,45,0.0,0.0,0.0,6,23,0,1,0,24.0,0.0
7,3322,8,False,0,2025-02-23,14,0.0,0.0,0.01,6,23,0,1,0,24.285714285714285,0.0
7,4435,8,False,0,2025-02-23,22,1.0,0.02,0.03,6,23,0,1,0,24.142857142857142,0.0
7,5257,8,False,0,2025-02-23,36,0.0,0.0,0.01,6,23,0,1,0,23.0,0.0
7,110,9,True,0,2025-02-23,0,0.0,0.01,0.01,6,23,0,1,0,23.857142857142858,0.0
7,309,9,True,0,2025-02-23,0,0.0,0.01,0.03,6,23,0,1,0,21.0,0.0
7,404,9,True,0,2025-02-23,1,0.0,0.01,0.02,6,23,0,1,0,18.857142857142858,0.0
7,1270,9,True,0,2025-02-23,0,8.0,0.03,0.06,6,23,0,1,0,16.857142857142858,0.0
7,1553,9,True,0,2025-02-23,44,0.0,0.01,0.01,6,23,0,1,0,10.428571428571429,0.0
7,1749,9,True,0,2025-02-23,26,1.0,0.01,0.03,6,23,0,1,0,14.714285714285714,0.0
7,1875,9,True,0,2025-02-23,0,0.0,0.02,0.07,6,23,0,1,0,15.285714285714286,0.0
7,2194,9,True,0,2025-02-23,0,0.0,0.0,0.02,6,23,0,1,0,10.142857142857142,0.0
7,2269,9,True,0,2025-02-23,0,0.0,0.01,0.02,6,23,0,1,0,10.142857142857142,0.0
7,2829,9,True,0,2025-02-23,1,0.0,0.02,0.03,6,23,0,1,0,10.142857142857142,0.0
7,2927,9,True,0,2025-02-23,7,2.0,0.02,0.04,6,23,0,1,0,10.142857142857142,0.0
7,3458,9,True,0,2025-02-23,3,3.0,0.0,0.01,6,23,0,1,0,11.142857142857142,0.0
7,3972,9,True,0,2025-02-23,0,0.0,0.01,0.01,6,23,0,1,0,5.285714285714286,0.0
7,3997,9,True,0,2025-02-23,0,0.0,0.03,0.06,6,23,0,1,0,1.5714285714285714,0.0
7,4125,9,True,0,2025-02-23,191,8.0,0.0,0.01,6,23,0,1,0,1.5714285714285714,0.0
7,4201,9,True,0,2025-02-23,0,0.0,0.01,0.07,6,23,0,1,0,28.857142857142858,0.0
7,4378,9,True,0,2025-02-23,19,0.0,0.02,0.03,6,23,0,1,0,28.857142857142858,0.0
7,4706,9,True,0,2025-02-23,0,0.0,0.02,0.06,6,23,0,1,0,31.428571428571427,0.0
7,4836,9,True,0,2025-02-23,0,1.0,0.01,0.02,6,23,0,1,0,30.428571428571427,0.0
7,4884,9,True,0,2025-02-23,1,8.0,0.0,0.01,6,23,0,1,0,30.0,0.0
7,4975,9,True,0,2025-02-23,0,0.0,0.01,0.01,6,23,0,1,0,30.142857142857142,0.0
7,5107,9,True,0,2025-02-23,85,0.0,0.01,0.02,6,23,0,1,0,30.142857142857142,0.0
7,513,10,False,0,2025-02-23,34,1.0,0.03,0.09,6,23,0,1,0,15.0,0.0
7,1564,10,False,0,2025-02-23,25,1.0,0.02,0.11,6,23,0,1,0,19.857142857142858,0.0
7,2480,10,False,0,2025-02-23,29,0.0,0.01,0.02,6,23,0,1,0,20.714285714285715,0.0
7,3576,10,False,0,2025-02-23,15,0.0,0.02,0.02,6,23,0,1,0,24.857142857142858,0.0
7,2502,11,False,0,2025-02-23,56,4.0,0.23,0.22,6,23,0,1,0,27.0,0.0
7,3113,11,False,0,2025-02-23,6,3.0,0.23,0.22,6,23,0,1,0,34.857142857142854,0.0
7,3928,11,False,0,2025-02-23,10,0.0,0.05,0.07,6,23,0,1,0,35.714285714285715,0.0
7,909,1,False,0,2025-02-26,4,0.0,0.11,0.11,2,26,0,0,1,25.0,0.0
7,1995,1,False,0,2025-02-26,14,0.0,0.1,0.12,2,26,0,0,1,20.714285714285715,0.0
7,3901,1,False,0,2025-02-26,11,0.0,0.11,0.13,2,26,0,0,1,19.142857142857142,0.0
7,4584,1,False,0,2025-02-26,7,0.0,0.11,0.12,2,26,0,0,1,16.571428571428573,0.0
7,123,3,True,0,2025-02-26,0,3.0,0.04,0.05,2,26,0,0,1,15.428571428571429,2.3262551947724424
7,312,3,True,0,2025-02-26,661,13.0,0.05,0.06,2,26,0,0,1,7.428571428571429,0.0
7,842,3,True,0,2025-02-26,41,0.0,0.01,0.01,2,26,0,0,1,101.0,0.0
7,1855,3,True,0,2025-02-26,280,0.0,0.01,0.01,2,26,0,0,1,105.42857142857143,0.0
7,1933,3,True,0,2025-02-26,0,27.0,0.02,0.02,2,26,0,0,1,144.85714285714286,6.446661158226543
7,2198,3,True,0,2025-02-26,0,11.0,0.01,0.01,2,26,0,0,1,142.85714285714286,3.180585891515916
7,2308,3,True,0,2025-02-26,68,3.0,0.01,0.01,2,26,0,0,1,141.28571428571428,0.0
7,2767,3,True,0,2025-02-26,49,0.0,0.01,0.02,2,26,0,0,1,150.0,0.0
7,3158,3,True,0,2025-02-26,10,1.0,0.04,0.06,2,26,0,0,1,157.0,0.0
7,4032,3,True,0,2025-02-26,24,0.0,0.04,0.05,2,26,0,0,1,64.0,1.887086240880109
7,5034,3,True,0,2025-02-26,103,0.0,0.01,0.01,2,26,0,0,1,61.57142857142857,0.0
7,5195,3,True,0,2025-02-26,43,0.0,0.0,0.01,2,26,0,0,1,36.285714285714285,0.0
7,25,4,False,0,2025-02-26,2,0.0,0.02,0.04,2,26,0,0,1,42.42857142857143,0.0
7,52,4,False,0,2025-02-26,2,0.0,0.12,0.17,2,26,0,0,1,42.714285714285715,0.0
7,57,4,False,0,2025-02-26,4,0.0,0.06,0.08,2,26,0,0,1,33.285714285714285,0.0
7,60,4,False,0,2025-02-26,0,0.0,0.02,0.03,2,26,0,0,1,26.857142857142858,0.0
7,72,4,False,0,2025-02-26,4,0.0,0.03,0.04,2,26,0,0,1,25.428571428571427,0.0
7,96,4,False,0,2025-02-26,3,0.0,0.03,0.05,2,26,0,0,1,22.571428571428573,0.0
7,268,4,False,0,2025-02-26,6,0.0,0.03,0.05,2,26,0,0,1,8.285714285714286,0.0
7,301,4,False,0,2025-02-26,12,0.0,0.03,0.05,2,26,0,0,1,3.0,0.0
7,313,4,False,0,2025-02-26,6,0.0,0.04,0.05,2,26,0,0,1,4.428571428571429,0.0
7,340,4,False,0,2025-02-26,2,0.0,0.04,0.06,2,26,0,0,1,5.0,0.0
7,349,4,False,0,2025-02-26,3,0.0,0.08,0.1,2,26,0,0,1,4.714285714285714,0.0
7,511,4,False,0,2025-02-26,6,0.0,0.06,0.08,2,26,0,0,1,5.142857142857143,0.0
7,537,4,False,0,2025-02-26,4,0.0,0.04,0.05,2,26,0,0,1,5.428571428571429,0.0
7,577,4,False,0,2025-02-26,1,0.0,0.02,0.03,2,26,0,0,1,5.571428571428571,0.0
7,662,4,False,0,2025-02-26,6,0.0,0.01,0.02,2,26,0,0,1,4.857142857142857,0.0
7,691,4,False,0,2025-02-26,4,0.0,0.05,0.07,2,26,0,0,1,4.0,0.0
7,751,4,False,0,2025-02-26,6,0.0,0.0,0.01,2,26,0,0,1,3.7142857142857144,0.0
7,777,4,False,0,2025-02-26,99,1.0,0.01,0.01,2,26,0,0,1,4.285714285714286,0.0
7,797,4,False,0,2025-02-26,4,0.0,0.05,0.07,2,26,0,0,1,18.0,0.0
7,839,4,False,0,2025-02-26,12,0.0,0.03,0.05,2,26,0,0,1,17.714285714285715,0.0
7,1034,4,False,0,2025-02-26,2,0.0,0.12,0.14,2,26,0,0,1,18.857142857142858,0.0
7,1053,4,False,0,2025-02-26,7,0.0,0.02,0.03,2,26,0,0,1,19.0,0.0
7,1058,4,False,0,2025-02-26,4,0.0,0.03,0.05,2,26,0,0,1,19.142857142857142,0.0
7,1072,4,False,0,2025-02-26,26,0.0,0.0,0.01,2,26,0,0,1,19.142857142857142,0.0
7,1082,4,False,0,2025-02-26,8,0.0,0.07,0.11,2,26,0,0,1,22.0,0.0
7,1096,4,False,0,2025-02-26,4,0.0,0.03,0.05,2,26,0,0,1,9.0,0.0
7,1127,4,False,0,2025-02-26,4,0.0,0.03,0.04,2,26,0,0,1,9.0,0.0
7,1174,4,False,0,2025-02-26,4,0.0,0.01,0.02,2,26,0,0,1,7.857142857142857,0.0
7,1221,4,False,0,2025-02-26,3,0.0,0.04,0.06,2,26,0,0,1,8.142857142857142,0.0
7,1299,4,False,0,2025-02-26,3,1.0,0.01,0.02,2,26,0,0,1,7.571428571428571,0.0
7,1300,4,False,0,2025-02-26,7,1.0,0.01,0.01,2,26,0,0,1,7.428571428571429,0.0
7,1311,4,False,0,2025-02-26,4,0.0,0.02,0.03,2,26,0,0,1,4.714285714285714,0.0
7,1392,4,False,0,2025-02-26,3,0.0,0.05,0.07,2,26,0,0,1,4.142857142857143,0.0
7,1424,4,False,0,2025-02-26,4,0.0,0.01,0.03,2,26,0,0,1,4.0,0.0
7,1494,4,False,0,2025-02-26,3,0.0,0.02,0.04,2,26,0,0,1,4.0,0.0
7,1547,4,False,0,2025-02-26,2,0.0,0.05,0.08,2,26,0,0,1,3.857142857142857,0.0
7,1548,4,False,0,2025-02-26,12,0.0,0.03,0.05,2,26,0,0,1,3.7142857142857144,0.0
7,1657,4,False,0,2025-02-26,3,0.0,0.01,0.02,2,26,0,0,1,5.0,0.0
7,1659,4,False,0,2025-02-26,6,0.0,0.04,0.03,2,26,0,0,1,4.428571428571429,0.0
7,1665,4,False,0,2025-02-26,4,0.0,0.04,0.06,2,26,0,0,1,4.714285714285714,0.0
7,1685,4,False,0,2025-02-26,4,0.0,0.02,0.02,2,26,0,0,1,4.857142857142857,0.0
7,1703,4,False,0,2025-02-26,4,0.0,0.02,0.03,2,26,0,0,1,4.857142857142857,0.0
7,1880,4,False,0,2025-02-26,8,0.0,0.01,0.02,2,26,0,0,1,5.0,0.0
7,1904,4,False,0,2025-02-26,1,0.0,0.02,0.04,2,26,0,0,1,5.857142857142857,0.0
7,1939,4,False,0,2025-02-26,4,0.0,0.01,0.02,2,26,0,0,1,4.285714285714286,0.0
7,1960,4,False,0,2025-02-26,4,0.0,0.03,0.04,2,26,0,0,1,4.428571428571429,0.0
7,2016,4,False,0,2025-02-26,3,0.0,0.03,0.04,2,26,0,0,1,4.142857142857143,0.0
7,2052,4,False,0,2025-02-26,4,0.0,0.02,0.03,2,26,0,0,1,4.0,0.0
7,2116,4,False,0,2025-02-26,4,0.0,0.03,0.04,2,26,0,0,1,4.0,0.0
7,2125,4,False,0,2025-02-26,4,0.0,0.08,0.1,2,26,0,0,1,4.0,0.0
7,2156,4,False,0,2025-02-26,3,0.0,0.04,0.05,2,26,0,0,1,3.4285714285714284,0.0
7,2212,4,False,0,2025-02-26,10,0.0,0.03,0.02,2,26,0,0,1,3.7142857142857144,0.0
7,2326,4,False,0,2025-02-26,4,0.0,0.04,0.06,2,26,0,0,1,4.571428571428571,0.0
7,2343,4,False,0,2025-02-26,3,0.0,0.01,0.02,2,26,0,0,1,4.571428571428571,0.0
7,2415,4,False,0,2025-02-26,60,0.0,0.01,0.01,2,26,0,0,1,4.571428571428571,0.0
7,2454,4,False,0,2025-02-26,5,0.0,0.01,0.02,2,26,0,0,1,12.571428571428571,0.0
7,2461,4,False,0,2025-02-26,4,0.0,0.01,0.01,2,26,0,0,1,12.714285714285714,0.0
7,2492,4,False,0,2025-02-26,4,0.0,0.02,0.03,2,26,0,0,1,12.714285714285714,0.0
7,2632,4,False,0,2025-02-26,2,1.0,0.06,0.06,2,26,0,0,1,12.857142857142858,0.0
7,2691,4,False,0,2025-02-26,11,0.0,0.05,0.06,2,26,0,0,1,11.714285714285714,0.0
7,2730,4,False,0,2025-02-26,2,0.0,0.02,0.03,2,26,0,0,1,12.714285714285714,0.0
7,2754,4,False,0,2025-02-26,1,1.0,0.02,0.04,2,26,0,0,1,12.571428571428571,0.0
7,2824,4,False,0,2025-02-26,12,0.0,0.03,0.04,2,26,0,0,1,4.142857142857143,0.0
7,2835,4,False,0,2025-02-26,10,0.0,0.01,0.03,2,26,0,0,1,5.142857142857143,0.0
7,2842,4,False,0,2025-02-26,3,0.0,0.03,0.04,2,26,0,0,1,6.0,0.0
7,2847,4,False,0,2025-02-26,3,0.0,0.04,0.05,2,26,0,0,1,5.857142857142857,0.0
7,2885,4,False,0,2025-02-26,4,0.0,0.04,0.07,2,26,0,0,1,6.0,0.0
7,2950,4,False,0,2025-02-26,5,0.0,0.01,0.02,2,26,0,0,1,5.0,0.0
7,2977,4,False,0,2025-02-26,4,0.0,0.04,0.07,2,26,0,0,1,5.428571428571429,0.0
7,3089,4,False,0,2025-02-26,4,0.0,0.06,0.08,2,26,0,0,1,5.857142857142857,0.0
7,3143,4,False,0,2025-02-26,7,0.0,0.03,0.04,2,26,0,0,1,4.714285714285714,0.0
7,3148,4,False,0,2025-02-26,4,0.0,0.03,0.04,2,26,0,0,1,4.285714285714286,0.0
7,3153,4,False,0,2025-02-26,4,0.0,0.06,0.08,2,26,0,0,1,4.428571428571429,0.0
7,3223,4,False,0,2025-02-26,13,0.0,0.03,0.03,2,26,0,0,1,4.571428571428571,0.0
7,3334,4,False,0,2025-02-26,3,2.0,0.02,0.03,2,26,0,0,1,5.857142857142857,0.0
7,3335,4,False,0,2025-02-26,4,0.0,0.12,0.17,2,26,0,0,1,5.571428571428571,0.0
7,3382,4,False,0,2025-02-26,10,0.0,0.03,0.05,2,26,0,0,1,5.571428571428571,0.0
7,3419,4,False,0,2025-02-26,12,0.0,0.03,0.05,2,26,0,0,1,6.428571428571429,0.0
7,3447,4,False,0,2025-02-26,4,0.0,0.01,0.02,2,26,0,0,1,7.142857142857143,0.0
7,3448,4,False,0,2025-02-26,2,0.0,0.04,0.06,2,26,0,0,1,7.142857142857143,0.0
7,3479,4,False,0,2025-02-26,3,0.0,0.04,0.06,2,26,0,0,1,6.857142857142857,0.0
7,3529,4,False,0,2025-02-26,1,0.0,0.02,0.03,2,26,0,0,1,5.428571428571429,0.0
7,3532,4,False,0,2025-02-26,5,0.0,0.01,0.02,2,26,0,0,1,5.142857142857143,0.0
7,3535,4,False,0,2025-02-26,2,0.0,0.11,0.15,2,26,0,0,1,5.285714285714286,0.0
7,3607,4,False,0,2025-02-26,4,0.0,0.01,0.01,2,26,0,0,1,4.142857142857143,0.0
7,3646,4,False,0,2025-02-26,4,0.0,0.02,0.02,2,26,0,0,1,3.0,0.0
7,3865,4,False,0,2025-02-26,2,0.0,0.06,0.09,2,26,0,0,1,3.0,0.0
7,3960,4,False,0,2025-02-26,7,0.0,0.01,0.02,2,26,0,0,1,3.0,0.0
7,4070,4,False,0,2025-02-26,50,0.0,0.04,0.06,2,26,0,0,1,3.5714285714285716,0.0
7,4098,4,False,0,2025-02-26,3,1.0,0.01,0.02,2,26,0,0,1,10.571428571428571,0.0
7,4126,4,False,0,2025-02-26,6,0.0,0.05,0.06,2,26,0,0,1,10.285714285714286,0.0
7,4198,4,False,0,2025-02-26,2,0.0,0.05,0.07,2,26,0,0,1,10.857142857142858,0.0
7,4240,4,False,0,2025-02-26,0,1.0,0.01,0.02,2,26,0,0,1,10.571428571428571,0.0
7,4304,4,False,0,2025-02-26,4,0.0,0.02,0.02,2,26,0,0,1,10.0,0.0
7,4307,4,False,0,2025-02-26,1,0.0,0.02,0.03,2,26,0,0,1,10.285714285714286,0.0
7,4347,4,False,0,2025-02-26,6,0.0,0.03,0.02,2,26,0,0,1,9.428571428571429,0.0
7,4423,4,False,0,2025-02-26,4,0.0,0.04,0.07,2,26,0,0,1,3.142857142857143,0.0
7,4554,4,False,0,2025-02-26,8,0.0,0.0,0.01,2,26,0,0,1,3.2857142857142856,0.0
7,4652,4,False,0,2025-02-26,6,0.0,0.02,0.02,2,26,0,0,1,3.5714285714285716,0.0
7,4653,4,False,0,2025-02-26,3,0.0,0.0,0.01,2,26,0,0,1,4.142857142857143,0.0
7,4659,4,False,0,2025-02-26,2,0.0,0.05,0.1,2,26,0,0,1,4.571428571428571,0.0
7,4690,4,False,0,2025-02-26,2,0.0,0.02,0.03,2,26,0,0,1,4.285714285714286,0.0
7,4723,4,False,0,2025-02-26,12,0.0,0.02,0.02,2,26,0,0,1,4.428571428571429,0.0
7,4760,4,False,0,2025-02-26,3,0.0,0.02,0.03,2,26,0,0,1,5.285714285714286,0.0
7,4822,4,False,0,2025-02-26,6,0.0,0.02,0.04,2,26,0,0,1,5.142857142857143,0.0
7,4871,4,False,0,2025-02-26,8,0.0,0.03,0.05,2,26,0,0,1,4.857142857142857,0.0
7,4972,4,False,0,2025-02-26,6,0.0,0.02,0.03,2,26,0,0,1,5.142857142857143,0.0
7,5016,4,False,0,2025-02-26,8,0.0,0.05,0.07,2,26,0,0,1,5.571428571428571,0.0
7,5039,4,False,0,2025-02-26,3,0.0,0.03,0.06,2,26,0,0,1,6.428571428571429,0.0
7,5184,4,False,0,2025-02-26,17,0.0,0.01,0.01,2,26,0,0,1,6.571428571428571,0.0
7,5250,4,False,0,2025-02-26,5,0.0,0.0,0.0,2,26,0,0,1,7.285714285714286,0.0
7,492,5,True,0,2025-02-26,0,1.0,0.01,0.02,2,26,0,0,1,7.571428571428571,0.0
7,663,5,True,0,2025-02-26,24,0.0,0.01,0.01,2,26,0,0,1,6.714285714285714,0.0
7,1950,5,True,0,2025-02-26,14,0.0,0.03,0.05,2,26,0,0,1,9.0,0.0
7,2743,5,True,0,2025-02-26,0,0.0,0.02,0.06,2,26,0,0,1,10.142857142857142,0.0
7,3550,5,True,0,2025-02-26,23,0.0,0.0,0.0,2,26,0,0,1,9.0,0.0
7,4090,5,True,0,2025-02-26,33,2.0,0.02,0.03,2,26,0,0,1,11.857142857142858,2.3498968286553263
7,4132,5,True,0,2025-02-26,29,0.0,0.01,0.01,2,26,0,0,1,14.142857142857142,0.0
7,4344,5,True,0,2025-02-26,0,0.0,0.02,0.02,2,26,0,0,1,17.571428571428573,0.0
7,243,6,False,0,2025-02-26,1,0.0,0.2,0.24,2,26,0,0,1,17.571428571428573,0.0
7,1668,6,False,0,2025-02-26,1,0.0,0.1,0.16,2,26,0,0,1,14.285714285714286,0.0
7,1684,6,False,0,2025-02-26,5,0.0,0.03,0.05,2,26,0,0,1,12.428571428571429,0.0
7,2078,6,False,0,2025-02-26,2,1.0,0.16,0.21,2,26,0,0,1,13.142857142857142,0.0
7,2508,6,False,0,2025-02-26,1,0.0,0.11,0.13,2,26,0,0,1,10.142857142857142,0.0
7,2544,6,False,0,2025-02-26,1,0.0,0.27,0.34,2,26,0,0,1,5.571428571428571,0.0
7,3024,6,False,0,2025-02-26,4,0.0,0.22,0.34,2,26,0,0,1,1.5714285714285714,0.0
7,3959,6,False,0,2025-02-26,1,0.0,0.17,0.21,2,26,0,0,1,2.142857142857143,0.0
7,3978,6,False,0,2025-02-26,1,0.0,0.07,0.11,2,26,0,0,1,2.142857142857143,0.0
7,4165,6,False,0,2025-02-26,2,0.0,0.09,0.16,2,26,0,0,1,2.142857142857143,0.0
7,4329,6,False,0,2025-02-26,2,0.0,0.09,0.1,2,26,0,0,1,1.7142857142857142,0.0
7,4787,6,False,0,2025-02-26,0,1.0,0.08,0.11,2,26,0,0,1,1.7142857142857142,0.0
7,4854,6,False,0,2025-02-26,3,0.0,0.07,0.09,2,26,0,0,1,1.5714285714285714,0.0
7,4904,6,False,0,2025-02-26,1,0.0,0.16,0.21,2,26,0,0,1,1.8571428571428572,0.0
7,2554,7,False,0,2025-02-26,9,1.0,0.0,0.01,2,26,0,0,1,1.4285714285714286,0.0
7,2867,7,False,0,2025-02-26,94,1.0,0.01,0.02,2,26,0,0,1,2.5714285714285716,0.0
7,3133,7,False,0,2025-02-26,49,0.0,0.0,0.01,2,26,0,0,1,15.857142857142858,0.0
7,1,8,False,0,2025-02-26,39,0.0,0.0,0.0,2,26,0,0,1,22.571428571428573,2.50408905445316
7,65,8,False,0,2025-02-26,13,2.0,0.0,0.01,2,26,0,0,1,27.857142857142858,0.0
7,206,8,False,0,2025-02-26,29,0.0,0.0,0.0,2,26,0,0,1,29.714285714285715,4.000118583595489
7,435,8,False,0,2025-02-26,30,0.0,0.01,0.02,2,26,0,0,1,33.42857142857143,0.0
7,512,8,False,0,2025-02-26,19,0.0,0.0,0.01,2,26,0,0,1,37.57142857142857,0.0
7,579,8,False,0,2025-02-26,16,0.0,0.01,0.02,2,26,0,0,1,39.0,0.0
7,1375,8,False,0,2025-02-26,13,1.0,0.0,0.01,2,26,0,0,1,27.857142857142858,0.0
7,1954,8,False,0,2025-02-26,44,1.0,0.0,0.0,2,26,0,0,1,22.714285714285715,0.0
7,3322,8,False,0,2025-02-26,19,1.0,0.0,0.01,2,26,0,0,1,23.428571428571427,0.0
7,4435,8,False,0,2025-02-26,22,0.0,0.02,0.03,2,26,0,0,1,24.285714285714285,0.0
7,5257,8,False,0,2025-02-26,36,0.0,0.0,0.01,2,26,0,0,1,23.285714285714285,0.0
7,110,9,True,0,2025-02-26,0,0.0,0.01,0.01,2,26,0,0,1,24.142857142857142,0.0
7,309,9,True,0,2025-02-26,0,2.0,0.01,0.04,2,26,0,0,1,21.428571428571427,0.0
7,404,9,True,0,2025-02-26,1,0.0,0.01,0.02,2,26,0,0,1,19.142857142857142,0.0
7,1270,9,True,0,2025-02-26,0,0.0,0.03,0.07,2,26,0,0,1,17.428571428571427,0.0
7,1553,9,True,0,2025-02-26,52,11.0,0.01,0.01,2,26,0,0,1,11.142857142857142,0.0
7,1749,9,True,0,2025-02-26,29,0.0,0.01,0.02,2,26,0,0,1,15.857142857142858,0.0
7,1875,9,True,0,2025-02-26,0,0.0,0.02,0.07,2,26,0,0,1,16.857142857142858,0.0
7,2194,9,True,0,2025-02-26,0,0.0,0.0,0.02,2,26,0,0,1,11.714285714285714,0.0
7,2269,9,True,0,2025-02-26,0,0.0,0.01,0.04,2,26,0,0,1,11.714285714285714,0.0
7,2829,9,True,0,2025-02-26,1,0.0,0.02,0.03,2,26,0,0,1,11.714285714285714,0.0
7,2927,9,True,0,2025-02-26,5,1.0,0.02,0.04,2,26,0,0,1,11.714285714285714,0.0
7,3458,9,True,0,2025-02-26,3,7.0,0.0,0.02,2,26,0,0,1,12.428571428571429,0.0
7,3972,9,True,0,2025-02-26,0,1.0,0.01,0.01,2,26,0,0,1,5.428571428571429,0.0
7,3997,9,True,0,2025-02-26,0,0.0,0.03,0.06,2,26,0,0,1,1.2857142857142858,0.0
7,4125,9,True,0,2025-02-26,179,5.0,0.0,0.01,2,26,0,0,1,1.2857142857142858,0.0
7,4201,9,True,0,2025-02-26,0,4.0,0.01,0.05,2,26,0,0,1,26.857142857142858,0.0
7,4378,9,True,0,2025-02-26,20,2.0,0.02,0.03,2,26,0,0,1,26.857142857142858,0.0
7,4706,9,True,0,2025-02-26,0,1.0,0.02,0.07,2,26,0,0,1,29.571428571428573,0.0
7,4836,9,True,0,2025-02-26,0,0.0,0.01,0.03,2,26,0,0,1,28.857142857142858,0.0
7,4884,9,True,0,2025-02-26,1,5.0,0.0,0.02,2,26,0,0,1,28.428571428571427,0.0
7,4975,9,True,0,2025-02-26,0,0.0,0.01,0.01,2,26,0,0,1,28.571428571428573,4.220144916200851
7,5107,9,True,0,2025-02-26,85,0.0,0.01,0.02,2,26,0,0,1,28.571428571428573,1.6404013331208394
7,513,10,False,0,2025-02-26,27,4.0,0.03,0.06,2,26,0,0,1,15.142857142857142,0.0
7,1564,10,False,0,2025-02-26,15,4.0,0.02,0.08,2,26,0,0,1,19.0,0.0
7,2480,10,False,0,2025-02-26,29,0.0,0.01,0.02,2,26,0,0,1,18.285714285714285,0.0
7,3576,10,False,0,2025-02-26,8,4.0,0.02,0.03,2,26,0,0,1,22.428571428571427,0.0
7,2502,11,False,0,2025-02-26,58,1.0,0.23,0.22,2,26,0,0,1,23.571428571428573,0.0
7,3113,11,False,0,2025-02-26,11,0.0,0.23,0.22,2,26,0,0,1,31.714285714285715,1.457672390326157
7,3928,11,False,0,2025-02-26,10,0.0,0.05,0.07,2,26,0,0,1,33.285714285714285,0.0
7,909,1,False,0,2025-02-24,1,2.0,0.11,0.11,0,24,0,0,0,22.571428571428573,0.0
7,1995,1,False,0,2025-02-24,12,0.0,0.1,0.12,0,24,0,0,0,18.857142857142858,0.0
7,3901,1,False,0,2025-02-24,11,1.0,0.11,0.13,0,24,0,0,0,18.428571428571427,0.0
7,4584,1,False,0,2025-02-24,5,1.0,0.11,0.12,0,24,0,0,0,15.857142857142858,0.0
7,123,3,True,0,2025-02-24,1,0.0,0.04,0.06,0,24,0,0,0,15.428571428571429,2.1152163081686663
7,312,3,True,0,2025-02-24,661,6.0,0.05,0.05,0,24,0,0,0,7.285714285714286,0.0
7,842,3,True,0,2025-02-24,43,2.0,0.01,0.01,0,24,0,0,0,100.14285714285714,0.0
7,1855,3,True,0,2025-02-24,280,0.0,0.01,0.01,0,24,0,0,0,104.85714285714286,0.0
7,1933,3,True,0,2025-02-24,0,28.0,0.02,0.02,0,24,0,0,0,144.71428571428572,6.701928363822175
7,2198,3,True,0,2025-02-24,0,6.0,0.01,0.01,0,24,0,0,0,143.0,3.3238939399962595
7,2308,3,True,0,2025-02-24,71,1.0,0.01,0.01,0,24,0,0,0,141.42857142857142,0.0
7,2767,3,True,0,2025-02-24,50,0.0,0.01,0.02,0,24,0,0,0,150.85714285714286,0.0
7,3158,3,True,0,2025-02-24,9,3.0,0.04,0.06,0,24,0,0,0,157.85714285714286,0.0
7,4032,3,True,0,2025-02-24,20,3.0,0.04,0.05,0,24,0,0,0,64.71428571428571,1.9235852447395634
7,5034,3,True,0,2025-02-24,104,0.0,0.01,0.01,0,24,0,0,0,61.42857142857143,0.0
7,5195,3,True,0,2025-02-24,43,0.0,0.0,0.01,0,24,0,0,0,36.285714285714285,0.0
7,25,4,False,0,2025-02-24,3,0.0,0.02,0.05,0,24,0,0,0,42.42857142857143,0.0
7,52,4,False,0,2025-02-24,2,0.0,0.12,0.17,0,24,0,0,0,42.857142857142854,0.0
7,57,4,False,0,2025-02-24,4,0.0,0.06,0.08,0,24,0,0,0,33.0,0.0
7,60,4,False,0,2025-02-24,0,0.0,0.02,0.03,0,24,0,0,0,26.428571428571427,0.0
7,72,4,False,0,2025-02-24,3,1.0,0.03,0.04,0,24,0,0,0,25.142857142857142,0.0
7,96,4,False,0,2025-02-24,3,0.0,0.03,0.05,0,24,0,0,0,22.714285714285715,0.0
7,268,4,False,0,2025-02-24,6,0.0,0.03,0.05,0,24,0,0,0,8.285714285714286,0.0
7,301,4,False,0,2025-02-24,12,0.0,0.03,0.05,0,24,0,0,0,3.0,0.0
7,313,4,False,0,2025-02-24,6,0.0,0.04,0.05,0,24,0,0,0,4.285714285714286,0.0
7,340,4,False,0,2025-02-24,2,0.0,0.04,0.06,0,24,0,0,0,4.857142857142857,0.0
7,349,4,False,0,2025-02-24,3,0.0,0.08,0.1,0,24,0,0,0,4.571428571428571,0.0
7,511,4,False,0,2025-02-24,6,0.0,0.06,0.08,0,24,0,0,0,5.0,0.0
7,537,4,False,0,2025-02-24,4,0.0,0.04,0.05,0,24,0,0,0,5.428571428571429,0.0
7,577,4,False,0,2025-02-24,1,0.0,0.02,0.03,0,24,0,0,0,5.571428571428571,0.0
7,662,4,False,0,2025-02-24,6,0.0,0.01,0.02,0,24,0,0,0,4.857142857142857,0.0
7,691,4,False,0,2025-02-24,3,0.0,0.05,0.07,0,24,0,0,0,4.0,0.0
7,751,4,False,0,2025-02-24,6,0.0,0.0,0.01,0,24,0,0,0,3.5714285714285716,0.0
7,777,4,False,0,2025-02-24,95,0.0,0.01,0.01,0,24,0,0,0,4.142857142857143,0.0
7,797,4,False,0,2025-02-24,3,0.0,0.05,0.07,0,24,0,0,0,17.285714285714285,0.0
7,839,4,False,0,2025-02-24,12,0.0,0.03,0.05,0,24,0,0,0,16.857142857142858,0.0
7,1034,4,False,0,2025-02-24,2,0.0,0.12,0.14,0,24,0,0,0,18.0,0.0
7,1053,4,False,0,2025-02-24,4,1.0,0.02,0.03,0,24,0,0,0,18.142857142857142,0.0
7,1058,4,False,0,2025-02-24,4,0.0,0.03,0.05,0,24,0,0,0,17.857142857142858,0.0
7,1072,4,False,0,2025-02-24,26,0.0,0.0,0.01,0,24,0,0,0,18.0,0.0
7,1082,4,False,0,2025-02-24,8,1.0,0.07,0.11,0,24,0,0,0,20.857142857142858,0.0
7,1096,4,False,0,2025-02-24,4,0.0,0.03,0.05,0,24,0,0,0,8.428571428571429,0.0
7,1127,4,False,0,2025-02-24,4,0.0,0.03,0.04,0,24,0,0,0,8.571428571428571,0.0
7,1174,4,False,0,2025-02-24,4,0.0,0.01,0.02,0,24,0,0,0,7.428571428571429,0.0
7,1221,4,False,0,2025-02-24,4,0.0,0.04,0.06,0,24,0,0,0,7.714285714285714,0.0
7,1299,4,False,0,2025-02-24,3,0.0,0.01,0.02,0,24,0,0,0,7.714285714285714,0.0
7,1300,4,False,0,2025-02-24,6,0.0,0.01,0.01,0,24,0,0,0,7.571428571428571,0.0
7,1311,4,False,0,2025-02-24,4,0.0,0.02,0.03,0,24,0,0,0,4.714285714285714,0.0
7,1392,4,False,0,2025-02-24,3,0.0,0.05,0.07,0,24,0,0,0,4.142857142857143,0.0
7,1424,4,False,0,2025-02-24,4,0.0,0.01,0.03,0,24,0,0,0,4.0,0.0
7,1494,4,False,0,2025-02-24,3,0.0,0.02,0.04,0,24,0,0,0,4.0,0.0
7,1547,4,False,0,2025-02-24,2,0.0,0.05,0.08,0,24,0,0,0,3.857142857142857,0.0
7,1548,4,False,0,2025-02-24,12,0.0,0.03,0.05,0,24,0,0,0,3.5714285714285716,0.0
7,1657,4,False,0,2025-02-24,3,0.0,0.01,0.02,0,24,0,0,0,4.857142857142857,0.0
7,1659,4,False,0,2025-02-24,6,0.0,0.04,0.03,0,24,0,0,0,4.428571428571429,0.0
7,1665,4,False,0,2025-02-24,4,0.0,0.04,0.06,0,24,0,0,0,4.714285714285714,0.0
7,1685,4,False,0,2025-02-24,4,0.0,0.02,0.02,0,24,0,0,0,4.857142857142857,0.0
7,1703,4,False,0,2025-02-24,4,0.0,0.02,0.03,0,24,0,0,0,4.857142857142857,0.0
7,1880,4,False,0,2025-02-24,8,0.0,0.01,0.02,0,24,0,0,0,5.0,0.0
7,1904,4,False,0,2025-02-24,1,3.0,0.02,0.04,0,24,0,0,0,5.857142857142857,0.0
7,1939,4,False,0,2025-02-24,4,0.0,0.01,0.02,0,24,0,0,0,4.285714285714286,0.0
7,1960,4,False,0,2025-02-24,4,0.0,0.03,0.04,0,24,0,0,0,4.428571428571429,0.0
7,2016,4,False,0,2025-02-24,3,0.0,0.03,0.04,0,24,0,0,0,4.142857142857143,0.0
7,2052,4,False,0,2025-02-24,4,0.0,0.02,0.03,0,24,0,0,0,4.0,0.0
7,2116,4,False,0,2025-02-24,4,0.0,0.03,0.04,0,24,0,0,0,4.0,0.0
7,2125,4,False,0,2025-02-24,3,0.0,0.08,0.1,0,24,0,0,0,4.0,0.0
7,2156,4,False,0,2025-02-24,3,0.0,0.04,0.05,0,24,0,0,0,3.2857142857142856,0.0
7,2212,4,False,0,2025-02-24,9,0.0,0.03,0.02,0,24,0,0,0,3.5714285714285716,0.0
7,2326,4,False,0,2025-02-24,4,0.0,0.04,0.06,0,24,0,0,0,4.285714285714286,0.0
7,2343,4,False,0,2025-02-24,2,1.0,0.01,0.02,0,24,0,0,0,4.285714285714286,0.0
7,2415,4,False,0,2025-02-24,45,0.0,0.01,0.01,0,24,0,0,0,4.142857142857143,0.0
7,2454,4,False,0,2025-02-24,4,1.0,0.01,0.02,0,24,0,0,0,10.0,0.0
7,2461,4,False,0,2025-02-24,4,0.0,0.01,0.01,0,24,0,0,0,10.0,0.0
7,2492,4,False,0,2025-02-24,4,0.0,0.02,0.03,0,24,0,0,0,10.142857142857142,0.0
7,2632,4,False,0,2025-02-24,3,0.0,0.06,0.07,0,24,0,0,0,10.285714285714286,0.0
7,2691,4,False,0,2025-02-24,12,0.0,0.05,0.06,0,24,0,0,0,9.428571428571429,0.0
7,2730,4,False,0,2025-02-24,2,1.0,0.02,0.03,0,24,0,0,0,10.571428571428571,0.0
7,2754,4,False,0,2025-02-24,3,0.0,0.02,0.04,0,24,0,0,0,10.571428571428571,0.0
7,2824,4,False,0,2025-02-24,11,0.0,0.03,0.04,0,24,0,0,0,4.571428571428571,0.0
7,2835,4,False,0,2025-02-24,4,0.0,0.01,0.03,0,24,0,0,0,5.571428571428571,0.0
7,2842,4,False,0,2025-02-24,3,0.0,0.03,0.04,0,24,0,0,0,5.571428571428571,0.0
7,2847,4,False,0,2025-02-24,3,0.0,0.04,0.04,0,24,0,0,0,5.428571428571429,0.0
7,2885,4,False,0,2025-02-24,4,0.0,0.04,0.07,0,24,0,0,0,5.428571428571429,0.0
7,2950,4,False,0,2025-02-24,4,0.0,0.01,0.02,0,24,0,0,0,4.285714285714286,0.0
7,2977,4,False,0,2025-02-24,0,1.0,0.04,0.07,0,24,0,0,0,4.571428571428571,0.0
7,3089,4,False,0,2025-02-24,4,0.0,0.06,0.08,0,24,0,0,0,4.142857142857143,0.0
7,3143,4,False,0,2025-02-24,7,0.0,0.03,0.04,0,24,0,0,0,3.142857142857143,0.0
7,3148,4,False,0,2025-02-24,4,0.0,0.03,0.04,0,24,0,0,0,3.5714285714285716,0.0
7,3153,4,False,0,2025-02-24,4,0.0,0.06,0.08,0,24,0,0,0,3.7142857142857144,0.0
7,3223,4,False,0,2025-02-24,13,0.0,0.03,0.03,0,24,0,0,0,3.857142857142857,0.0
7,3334,4,False,0,2025-02-24,4,0.0,0.02,0.03,0,24,0,0,0,5.142857142857143,0.0
7,3335,4,False,0,2025-02-24,4,0.0,0.12,0.17,0,24,0,0,0,5.142857142857143,0.0
7,3382,4,False,0,2025-02-24,4,0.0,0.03,0.04,0,24,0,0,0,5.714285714285714,0.0
7,3419,4,False,0,2025-02-24,12,0.0,0.03,0.05,0,24,0,0,0,5.714285714285714,0.0
7,3447,4,False,0,2025-02-24,3,0.0,0.01,0.02,0,24,0,0,0,6.428571428571429,0.0
7,3448,4,False,0,2025-02-24,2,0.0,0.04,0.06,0,24,0,0,0,6.285714285714286,0.0
7,3479,4,False,0,2025-02-24,3,2.0,0.04,0.06,0,24,0,0,0,6.0,0.0
7,3529,4,False,0,2025-02-24,1,2.0,0.02,0.03,0,24,0,0,0,4.571428571428571,0.0
7,3532,4,False,0,2025-02-24,5,0.0,0.01,0.02,0,24,0,0,0,4.142857142857143,0.0
7,3535,4,False,0,2025-02-24,2,0.0,0.11,0.15,0,24,0,0,0,4.285714285714286,0.0
7,3607,4,False,0,2025-02-24,4,0.0,0.01,0.01,0,24,0,0,0,4.0,0.0
7,3646,4,False,0,2025-02-24,4,0.0,0.02,0.02,0,24,0,0,0,2.857142857142857,0.0
7,3865,4,False,0,2025-02-24,2,0.0,0.06,0.09,0,24,0,0,0,3.0,0.0
7,3960,4,False,0,2025-02-24,5,1.0,0.01,0.02,0,24,0,0,0,3.0,0.0
7,4070,4,False,0,2025-02-24,50,0.0,0.04,0.06,0,24,0,0,0,3.2857142857142856,0.0
7,4098,4,False,0,2025-02-24,4,0.0,0.01,0.02,0,24,0,0,0,10.285714285714286,0.0
7,4126,4,False,0,2025-02-24,6,0.0,0.05,0.06,0,24,0,0,0,10.142857142857142,0.0
7,4198,4,False,0,2025-02-24,2,0.0,0.05,0.07,0,24,0,0,0,10.714285714285714,0.0
7,4240,4,False,0,2025-02-24,2,0.0,0.01,0.02,0,24,0,0,0,10.428571428571429,0.0
7,4304,4,False,0,2025-02-24,4,0.0,0.02,0.02,0,24,0,0,0,10.142857142857142,0.0
7,4307,4,False,0,2025-02-24,2,0.0,0.02,0.03,0,24,0,0,0,10.428571428571429,0.0
7,4347,4,False,0,2025-02-24,6,0.0,0.03,0.02,0,24,0,0,0,10.0,0.0
7,4423,4,False,0,2025-02-24,4,0.0,0.04,0.07,0,24,0,0,0,3.7142857142857144,0.0
7,4554,4,False,0,2025-02-24,8,0.0,0.0,0.01,0,24,0,0,0,3.7142857142857144,0.0
7,4652,4,False,0,2025-02-24,5,1.0,0.02,0.02,0,24,0,0,0,4.0,0.0
7,4653,4,False,0,2025-02-24,3,0.0,0.0,0.01,0,24,0,0,0,4.428571428571429,0.0
7,4659,4,False,0,2025-02-24,2,0.0,0.05,0.1,0,24,0,0,0,4.571428571428571,0.0
7,4690,4,False,0,2025-02-24,2,0.0,0.02,0.03,0,24,0,0,0,4.285714285714286,0.0
7,4723,4,False,0,2025-02-24,12,0.0,0.02,0.02,0,24,0,0,0,4.285714285714286,0.0
7,4760,4,False,0,2025-02-24,3,0.0,0.02,0.03,0,24,0,0,0,5.142857142857143,0.0
7,4822,4,False,0,2025-02-24,7,0.0,0.02,0.04,0,24,0,0,0,5.0,0.0
7,4871,4,False,0,2025-02-24,8,0.0,0.03,0.05,0,24,0,0,0,4.857142857142857,0.0
7,4972,4,False,0,2025-02-24,6,0.0,0.02,0.03,0,24,0,0,0,5.285714285714286,0.0
7,5016,4,False,0,2025-02-24,8,0.0,0.05,0.07,0,24,0,0,0,5.714285714285714,0.0
7,5039,4,False,0,2025-02-24,3,0.0,0.03,0.06,0,24,0,0,0,6.571428571428571,0.0
7,5184,4,False,0,2025-02-24,17,0.0,0.01,0.01,0,24,0,0,0,6.714285714285714,0.0
7,5250,4,False,0,2025-02-24,5,0.0,0.0,0.0,0,24,0,0,0,7.428571428571429,0.0
7,492,5,True,0,2025-02-24,0,0.0,0.01,0.03,0,24,0,0,0,7.714285714285714,0.0
7,663,5,True,0,2025-02-24,23,1.0,0.01,0.01,0,24,0,0,0,6.714285714285714,0.0
7,1950,5,True,0,2025-02-24,15,0.0,0.03,0.05,0,24,0,0,0,8.857142857142858,0.0
7,2743,5,True,0,2025-02-24,0,0.0,0.02,0.06,0,24,0,0,0,10.142857142857142,1.3976312590373636
7,3550,5,True,0,2025-02-24,24,0.0,0.0,0.01,0,24,0,0,0,9.0,0.0
7,4090,5,True,0,2025-02-24,34,2.0,0.02,0.03,0,24,0,0,0,12.0,2.3790407422304787
7,4132,5,True,0,2025-02-24,29,1.0,0.01,0.01,0,24,0,0,0,14.428571428571429,3.324133056842647
7,4344,5,True,0,2025-02-24,0,1.0,0.02,0.03,0,24,0,0,0,17.857142857142858,0.0
7,243,6,False,0,2025-02-24,1,0.0,0.2,0.24,0,24,0,0,0,17.857142857142858,0.0
7,1668,6,False,0,2025-02-24,1,0.0,0.1,0.16,0,24,0,0,0,14.714285714285714,0.0
7,1684,6,False,0,2025-02-24,5,0.0,0.03,0.05,0,24,0,0,0,12.714285714285714,0.0
7,2078,6,False,0,2025-02-24,3,0.0,0.16,0.19,0,24,0,0,0,13.428571428571429,0.0
7,2508,6,False,0,2025-02-24,1,0.0,0.11,0.13,0,24,0,0,0,10.428571428571429,0.0
7,2544,6,False,0,2025-02-24,1,0.0,0.27,0.34,0,24,0,0,0,5.714285714285714,0.0
7,3024,6,False,0,2025-02-24,4,0.0,0.22,0.34,0,24,0,0,0,1.7142857142857142,0.0
7,3959,6,False,0,2025-02-24,1,0.0,0.17,0.21,0,24,0,0,0,2.2857142857142856,0.0
7,3978,6,False,0,2025-02-24,1,0.0,0.07,0.11,0,24,0,0,0,2.2857142857142856,0.0
7,4165,6,False,0,2025-02-24,2,0.0,0.09,0.16,0,24,0,0,0,2.2857142857142856,0.0
7,4329,6,False,0,2025-02-24,2,0.0,0.09,0.1,0,24,0,0,0,1.8571428571428572,0.0
7,4787,6,False,0,2025-02-24,1,1.0,0.08,0.1,0,24,0,0,0,1.7142857142857142,0.0
7,4854,6,False,0,2025-02-24,3,0.0,0.07,0.09,0,24,0,0,0,1.7142857142857142,0.0
7,4904,6,False,0,2025-02-24,1,0.0,0.16,0.21,0,24,0,0,0,2.0,0.0
7,2554,7,False,0,2025-02-24,12,8.0,0.0,0.01,0,24,0,0,0,1.5714285714285714,0.0
7,2867,7,False,0,2025-02-24,99,4.0,0.01,0.01,0,24,0,0,0,3.142857142857143,0.0
7,3133,7,False,0,2025-02-24,9,12.0,0.0,0.01,0,24,0,0,0,17.142857142857142,0.0
7,1,8,False,0,2025-02-24,39,4.0,0.0,0.0,0,24,0,0,0,18.142857142857142,1.9996154388091483
7,65,8,False,0,2025-02-24,15,0.0,0.0,0.01,0,24,0,0,0,23.428571428571427,0.0
7,206,8,False,0,2025-02-24,30,0.0,0.0,0.0,0,24,0,0,0,25.428571428571427,3.348159634568402
7,435,8,False,0,2025-02-24,30,0.0,0.01,0.02,0,24,0,0,0,29.285714285714285,0.0
7,512,8,False,0,2025-02-24,20,0.0,0.0,0.01,0,24,0,0,0,33.42857142857143,0.0
7,579,8,False,0,2025-02-24,13,2.0,0.01,0.02,0,24,0,0,0,34.57142857142857,0.0
7,1375,8,False,0,2025-02-24,14,1.0,0.0,0.01,0,24,0,0,0,22.285714285714285,0.0
7,1954,8,False,0,2025-02-24,45,0.0,0.0,0.0,0,24,0,0,0,23.0,0.0
7,3322,8,False,0,2025-02-24,11,3.0,0.0,0.01,0,24,0,0,0,23.857142857142858,0.0
7,4435,8,False,0,2025-02-24,22,0.0,0.02,0.03,0,24,0,0,0,23.285714285714285,0.0
7,5257,8,False,0,2025-02-24,36,0.0,0.0,0.01,0,24,0,0,0,22.142857142857142,0.0
7,110,9,True,0,2025-02-24,0,0.0,0.01,0.01,0,24,0,0,0,23.0,0.0
7,309,9,True,0,2025-02-24,0,1.0,0.01,0.03,0,24,0,0,0,20.142857142857142,0.0
7,404,9,True,0,2025-02-24,1,0.0,0.01,0.02,0,24,0,0,0,18.285714285714285,0.0
7,1270,9,True,0,2025-02-24,0,1.0,0.03,0.07,0,24,0,0,0,16.428571428571427,0.0
7,1553,9,True,0,2025-02-24,39,5.0,0.01,0.01,0,24,0,0,0,10.0,0.0
7,1749,9,True,0,2025-02-24,25,1.0,0.01,0.03,0,24,0,0,0,14.0,0.0
7,1875,9,True,0,2025-02-24,0,0.0,0.02,0.07,0,24,0,0,0,14.428571428571429,0.0
7,2194,9,True,0,2025-02-24,0,0.0,0.0,0.02,0,24,0,0,0,9.285714285714286,0.0
7,2269,9,True,0,2025-02-24,0,4.0,0.01,0.02,0,24,0,0,0,9.285714285714286,2.681077749869998
7,2829,9,True,0,2025-02-24,1,0.0,0.02,0.03,0,24,0,0,0,9.285714285714286,0.0
7,2927,9,True,0,2025-02-24,7,0.0,0.02,0.04,0,24,0,0,0,9.285714285714286,0.0
7,3458,9,True,0,2025-02-24,3,0.0,0.0,0.01,0,24,0,0,0,10.285714285714286,0.0
7,3972,9,True,0,2025-02-24,0,2.0,0.01,0.01,0,24,0,0,0,5.142857142857143,0.0
7,3997,9,True,0,2025-02-24,0,0.0,0.03,0.06,0,24,0,0,0,1.5714285714285714,0.0
7,4125,9,True,0,2025-02-24,190,1.0,0.0,0.01,0,24,0,0,0,1.5714285714285714,0.0
7,4201,9,True,0,2025-02-24,0,0.0,0.01,0.07,0,24,0,0,0,28.714285714285715,0.0
7,4378,9,True,0,2025-02-24,22,1.0,0.02,0.03,0,24,0,0,0,28.714285714285715,0.0
7,4706,9,True,0,2025-02-24,0,0.0,0.02,0.06,0,24,0,0,0,31.714285714285715,0.0
7,4836,9,True,0,2025-02-24,0,0.0,0.01,0.03,0,24,0,0,0,30.714285714285715,0.0
7,4884,9,True,0,2025-02-24,3,2.0,0.0,0.01,0,24,0,0,0,30.285714285714285,0.0
7,4975,9,True,0,2025-02-24,0,0.0,0.01,0.01,0,24,0,0,0,30.714285714285715,4.276104161084011
7,5107,9,True,0,2025-02-24,85,0.0,0.01,0.02,0,24,0,0,0,30.714285714285715,1.6687060769855868
7,513,10,False,0,2025-02-24,35,0.0,0.03,0.07,0,24,0,0,0,15.714285714285714,0.0
7,1564,10,False,0,2025-02-24,22,3.0,0.02,0.07,0,24,0,0,0,20.714285714285715,0.0
7,2480,10,False,0,2025-02-24,29,0.0,0.01,0.02,0,24,0,0,0,20.714285714285715,0.0
7,3576,10,False,0,2025-02-24,9,6.0,0.02,0.02,0,24,0,0,0,24.857142857142858,0.0
7,2502,11,False,0,2025-02-24,56,0.0,0.23,0.22,0,24,0,0,0,26.142857142857142,0.0
7,3113,11,False,0,2025-02-24,6,0.0,0.23,0.21,0,24,0,0,0,33.714285714285715,0.0
7,3928,11,False,0,2025-02-24,10,0.0,0.05,0.07,0,24,0,0,0,34.57142857142857,0.0
7,909,1,False,0,2025-02-28,4,0.0,0.11,0.11,4,28,0,0,1,23.857142857142858,0.0
7,1995,1,False,0,2025-02-28,14,0.0,0.1,0.12,4,28,0,0,1,19.428571428571427,0.0
7,3901,1,False,0,2025-02-28,10,1.0,0.11,0.13,4,28,0,0,1,18.285714285714285,0.0
7,4584,1,False,0,2025-02-28,6,1.0,0.11,0.13,4,28,0,0,1,15.571428571428571,0.0
7,123,3,True,0,2025-02-28,1,7.0,0.04,0.05,4,28,0,0,1,15.142857142857142,2.331856416879162
7,312,3,True,0,2025-02-28,658,11.0,0.05,0.05,4,28,0,0,1,7.285714285714286,0.0
7,842,3,True,0,2025-02-28,36,5.0,0.01,0.01,4,28,0,0,1,100.42857142857143,0.0
7,1855,3,True,0,2025-02-28,280,0.0,0.01,0.01,4,28,0,0,1,104.14285714285714,0.0
7,1933,3,True,0,2025-02-28,0,39.0,0.02,0.02,4,28,0,0,1,143.57142857142858,6.276949448982991
7,2198,3,True,0,2025-02-28,0,3.0,0.01,0.01,4,28,0,0,1,141.57142857142858,3.206787145265782
7,2308,3,True,0,2025-02-28,68,0.0,0.01,0.01,4,28,0,0,1,140.14285714285714,0.0
7,2767,3,True,0,2025-02-28,49,0.0,0.01,0.02,4,28,0,0,1,149.0,0.0
7,3158,3,True,0,2025-02-28,12,0.0,0.04,0.06,4,28,0,0,1,155.85714285714286,0.0
7,4032,3,True,0,2025-02-28,25,0.0,0.04,0.05,4,28,0,0,1,63.57142857142857,1.8613946674447326
7,5034,3,True,0,2025-02-28,103,0.0,0.01,0.01,4,28,0,0,1,62.0,0.0
7,5195,3,True,0,2025-02-28,43,0.0,0.0,0.01,4,28,0,0,1,36.714285714285715,0.0
7,25,4,False,0,2025-02-28,1,1.0,0.02,0.04,4,28,0,0,1,42.857142857142854,0.0
7,52,4,False,0,2025-02-28,2,0.0,0.12,0.17,4,28,0,0,1,43.0,0.0
7,57,4,False,0,2025-02-28,4,0.0,0.06,0.08,4,28,0,0,1,33.57142857142857,0.0
7,60,4,False,0,2025-02-28,0,0.0,0.02,0.03,4,28,0,0,1,27.142857142857142,0.0
7,72,4,False,0,2025-02-28,4,0.0,0.03,0.04,4,28,0,0,1,25.428571428571427,0.0
7,96,4,False,0,2025-02-28,3,0.0,0.03,0.05,4,28,0,0,1,22.428571428571427,0.0
7,268,4,False,0,2025-02-28,6,0.0,0.03,0.05,4,28,0,0,1,8.142857142857142,0.0
7,301,4,False,0,2025-02-28,12,0.0,0.03,0.05,4,28,0,0,1,2.857142857142857,0.0
7,313,4,False,0,2025-02-28,5,1.0,0.04,0.05,4,28,0,0,1,4.428571428571429,0.0
7,340,4,False,0,2025-02-28,2,0.0,0.04,0.06,4,28,0,0,1,4.857142857142857,0.0
7,349,4,False,0,2025-02-28,3,0.0,0.08,0.1,4,28,0,0,1,4.571428571428571,0.0
7,511,4,False,0,2025-02-28,6,0.0,0.06,0.08,4,28,0,0,1,5.0,0.0
7,537,4,False,0,2025-02-28,4,0.0,0.04,0.05,4,28,0,0,1,5.285714285714286,0.0
7,577,4,False,0,2025-02-28,1,0.0,0.02,0.03,4,28,0,0,1,5.428571428571429,0.0
7,662,4,False,0,2025-02-28,4,2.0,0.01,0.02,4,28,0,0,1,4.714285714285714,0.0
7,691,4,False,0,2025-02-28,4,0.0,0.05,0.07,4,28,0,0,1,3.5714285714285716,0.0
7,751,4,False,0,2025-02-28,6,0.0,0.0,0.01,4,28,0,0,1,3.4285714285714284,0.0
7,777,4,False,0,2025-02-28,98,0.0,0.01,0.01,4,28,0,0,1,4.0,0.0
7,797,4,False,0,2025-02-28,3,2.0,0.05,0.07,4,28,0,0,1,17.571428571428573,0.0
7,839,4,False,0,2025-02-28,12,0.0,0.03,0.05,4,28,0,0,1,17.142857142857142,0.0
7,1034,4,False,0,2025-02-28,1,0.0,0.12,0.14,4,28,0,0,1,18.285714285714285,0.0
7,1053,4,False,0,2025-02-28,4,3.0,0.02,0.03,4,28,0,0,1,18.285714285714285,0.0
7,1058,4,False,0,2025-02-28,4,0.0,0.03,0.05,4,28,0,0,1,18.285714285714285,0.0
7,1072,4,False,0,2025-02-28,25,0.0,0.0,0.01,4,28,0,0,1,18.285714285714285,0.0
7,1082,4,False,0,2025-02-28,8,0.0,0.07,0.11,4,28,0,0,1,21.0,0.0
7,1096,4,False,0,2025-02-28,4,0.0,0.03,0.05,4,28,0,0,1,8.142857142857142,0.0
7,1127,4,False,0,2025-02-28,4,0.0,0.03,0.04,4,28,0,0,1,8.285714285714286,0.0
7,1174,4,False,0,2025-02-28,4,0.0,0.01,0.02,4,28,0,0,1,7.142857142857143,0.0
7,1221,4,False,0,2025-02-28,1,0.0,0.04,0.06,4,28,0,0,1,7.571428571428571,0.0
7,1299,4,False,0,2025-02-28,3,0.0,0.01,0.02,4,28,0,0,1,7.142857142857143,0.0
7,1300,4,False,0,2025-02-28,9,0.0,0.01,0.01,4,28,0,0,1,7.0,0.0
7,1311,4,False,0,2025-02-28,3,1.0,0.02,0.03,4,28,0,0,1,4.714285714285714,0.0
7,1392,4,False,0,2025-02-28,3,0.0,0.05,0.07,4,28,0,0,1,4.0,0.0
7,1424,4,False,0,2025-02-28,4,0.0,0.01,0.03,4,28,0,0,1,3.857142857142857,0.0
7,1494,4,False,0,2025-02-28,3,0.0,0.02,0.04,4,28,0,0,1,3.857142857142857,0.0
7,1547,4,False,0,2025-02-28,2,0.0,0.05,0.08,4,28,0,0,1,3.7142857142857144,0.0
7,1548,4,False,0,2025-02-28,11,1.0,0.03,0.05,4,28,0,0,1,3.857142857142857,0.0
7,1657,4,False,0,2025-02-28,3,0.0,0.01,0.02,4,28,0,0,1,5.0,0.0
7,1659,4,False,0,2025-02-28,6,0.0,0.04,0.03,4,28,0,0,1,4.142857142857143,0.0
7,1665,4,False,0,2025-02-28,4,0.0,0.04,0.06,4,28,0,0,1,4.571428571428571,0.0
7,1685,4,False,0,2025-02-28,3,1.0,0.02,0.02,4,28,0,0,1,4.714285714285714,0.0
7,1703,4,False,0,2025-02-28,4,0.0,0.02,0.03,4,28,0,0,1,4.571428571428571,0.0
7,1880,4,False,0,2025-02-28,8,0.0,0.01,0.02,4,28,0,0,1,4.714285714285714,0.0
7,1904,4,False,0,2025-02-28,1,0.0,0.02,0.04,4,28,0,0,1,5.571428571428571,0.0
7,1939,4,False,0,2025-02-28,3,1.0,0.01,0.02,4,28,0,0,1,4.142857142857143,0.0
7,1960,4,False,0,2025-02-28,2,1.0,0.03,0.04,4,28,0,0,1,4.142857142857143,0.0
7,2016,4,False,0,2025-02-28,3,0.0,0.03,0.04,4,28,0,0,1,3.5714285714285716,0.0
7,2052,4,False,0,2025-02-28,4,0.0,0.02,0.03,4,28,0,0,1,3.4285714285714284,0.0
7,2116,4,False,0,2025-02-28,4,0.0,0.03,0.04,4,28,0,0,1,3.5714285714285716,0.0
7,2125,4,False,0,2025-02-28,2,1.0,0.08,0.1,4,28,0,0,1,3.5714285714285716,0.0
7,2156,4,False,0,2025-02-28,3,0.0,0.04,0.05,4,28,0,0,1,2.7142857142857144,0.0
7,2212,4,False,0,2025-02-28,9,0.0,0.03,0.0,4,28,0,0,1,3.0,0.0
7,2326,4,False,0,2025-02-28,4,0.0,0.04,0.06,4,28,0,0,1,3.857142857142857,0.0
7,2343,4,False,0,2025-02-28,3,0.0,0.01,0.02,4,28,0,0,1,4.142857142857143,0.0
7,2415,4,False,0,2025-02-28,56,1.0,0.01,0.01,4,28,0,0,1,4.142857142857143,0.0
7,2454,4,False,0,2025-02-28,4,1.0,0.01,0.02,4,28,0,0,1,11.571428571428571,0.0
7,2461,4,False,0,2025-02-28,4,0.0,0.01,0.01,4,28,0,0,1,11.571428571428571,0.0
7,2492,4,False,0,2025-02-28,4,0.0,0.02,0.03,4,28,0,0,1,11.857142857142858,0.0
7,2632,4,False,0,2025-02-28,2,0.0,0.06,0.06,4,28,0,0,1,12.0,0.0
7,2691,4,False,0,2025-02-28,11,0.0,0.05,0.06,4,28,0,0,1,11.0,0.0
7,2730,4,False,0,2025-02-28,1,0.0,0.02,0.03,4,28,0,0,1,12.0,0.0
7,2754,4,False,0,2025-02-28,3,1.0,0.02,0.04,4,28,0,0,1,11.714285714285714,0.0
7,2824,4,False,0,2025-02-28,9,1.0,0.03,0.04,4,28,0,0,1,4.142857142857143,0.0
7,2835,4,False,0,2025-02-28,10,0.0,0.01,0.03,4,28,0,0,1,4.857142857142857,0.0
7,2842,4,False,0,2025-02-28,3,0.0,0.03,0.04,4,28,0,0,1,5.714285714285714,0.0
7,2847,4,False,0,2025-02-28,2,0.0,0.04,0.05,4,28,0,0,1,5.571428571428571,0.0
7,2885,4,False,0,2025-02-28,4,0.0,0.04,0.07,4,28,0,0,1,5.571428571428571,0.0
7,2950,4,False,0,2025-02-28,5,0.0,0.01,0.02,4,28,0,0,1,4.571428571428571,0.0
7,2977,4,False,0,2025-02-28,4,0.0,0.04,0.07,4,28,0,0,1,5.142857142857143,0.0
7,3089,4,False,0,2025-02-28,4,0.0,0.06,0.08,4,28,0,0,1,5.285714285714286,0.0
7,3143,4,False,0,2025-02-28,7,0.0,0.03,0.04,4,28,0,0,1,4.571428571428571,0.0
7,3148,4,False,0,2025-02-28,4,0.0,0.03,0.04,4,28,0,0,1,4.142857142857143,0.0
7,3153,4,False,0,2025-02-28,4,0.0,0.06,0.08,4,28,0,0,1,4.285714285714286,0.0
7,3223,4,False,0,2025-02-28,13,0.0,0.03,0.03,4,28,0,0,1,4.571428571428571,0.0
7,3334,4,False,0,2025-02-28,4,1.0,0.02,0.03,4,28,0,0,1,5.857142857142857,0.0
7,3335,4,False,0,2025-02-28,4,0.0,0.12,0.17,4,28,0,0,1,5.714285714285714,0.0
7,3382,4,False,0,2025-02-28,10,0.0,0.03,0.05,4,28,0,0,1,5.714285714285714,0.0
7,3419,4,False,0,2025-02-28,10,0.0,0.03,0.05,4,28,0,0,1,6.571428571428571,0.0
7,3447,4,False,0,2025-02-28,4,0.0,0.01,0.02,4,28,0,0,1,7.0,0.0
7,3448,4,False,0,2025-02-28,1,0.0,0.04,0.06,4,28,0,0,1,7.0,0.0
7,3479,4,False,0,2025-02-28,2,1.0,0.04,0.06,4,28,0,0,1,6.571428571428571,0.0
7,3529,4,False,0,2025-02-28,1,0.0,0.02,0.03,4,28,0,0,1,5.0,0.0
7,3532,4,False,0,2025-02-28,4,1.0,0.01,0.02,4,28,0,0,1,4.571428571428571,0.0
7,3535,4,False,0,2025-02-28,2,0.0,0.11,0.15,4,28,0,0,1,4.571428571428571,0.0
7,3607,4,False,0,2025-02-28,4,0.0,0.01,0.01,4,28,0,0,1,3.4285714285714284,0.0
7,3646,4,False,0,2025-02-28,4,0.0,0.02,0.02,4,28,0,0,1,2.5714285714285716,0.0
7,3865,4,False,0,2025-02-28,2,0.0,0.06,0.09,4,28,0,0,1,2.5714285714285716,0.0
7,3960,4,False,0,2025-02-28,6,1.0,0.01,0.02,4,28,0,0,1,2.7142857142857144,0.0
7,4070,4,False,0,2025-02-28,49,1.0,0.04,0.05,4,28,0,0,1,3.2857142857142856,0.0
7,4098,4,False,0,2025-02-28,4,0.0,0.01,0.02,4,28,0,0,1,10.142857142857142,0.0
7,4126,4,False,0,2025-02-28,6,0.0,0.05,0.06,4,28,0,0,1,10.142857142857142,0.0
7,4198,4,False,0,2025-02-28,1,1.0,0.05,0.07,4,28,0,0,1,10.714285714285714,0.0
7,4240,4,False,0,2025-02-28,0,0.0,0.01,0.02,4,28,0,0,1,10.285714285714286,0.0
7,4304,4,False,0,2025-02-28,4,0.0,0.02,0.02,4,28,0,0,1,9.714285714285714,0.0
7,4307,4,False,0,2025-02-28,2,0.0,0.02,0.03,4,28,0,0,1,10.0,0.0
7,4347,4,False,0,2025-02-28,8,0.0,0.03,0.02,4,28,0,0,1,9.428571428571429,0.0
7,4423,4,False,0,2025-02-28,4,0.0,0.04,0.07,4,28,0,0,1,3.5714285714285716,0.0
7,4554,4,False,0,2025-02-28,8,0.0,0.0,0.01,4,28,0,0,1,3.5714285714285716,0.0
7,4652,4,False,0,2025-02-28,6,0.0,0.02,0.02,4,28,0,0,1,3.857142857142857,0.0
7,4653,4,False,0,2025-02-28,1,0.0,0.0,0.01,4,28,0,0,1,4.571428571428571,0.0
7,4659,4,False,0,2025-02-28,2,0.0,0.05,0.1,4,28,0,0,1,4.714285714285714,0.0
7,4690,4,False,0,2025-02-28,2,0.0,0.02,0.03,4,28,0,0,1,4.428571428571429,0.0
7,4723,4,False,0,2025-02-28,12,0.0,0.02,0.02,4,28,0,0,1,4.428571428571429,0.0
7,4760,4,False,0,2025-02-28,3,0.0,0.02,0.03,4,28,0,0,1,5.0,0.0
7,4822,4,False,0,2025-02-28,5,0.0,0.02,0.04,4,28,0,0,1,4.857142857142857,0.0
7,4871,4,False,0,2025-02-28,8,0.0,0.03,0.05,4,28,0,0,1,4.428571428571429,0.0
7,4972,4,False,0,2025-02-28,6,0.0,0.02,0.03,4,28,0,0,1,4.714285714285714,0.0
7,5016,4,False,0,2025-02-28,8,0.0,0.05,0.07,4,28,0,0,1,5.428571428571429,0.0
7,5039,4,False,0,2025-02-28,3,0.0,0.03,0.06,4,28,0,0,1,6.285714285714286,0.0
7,5184,4,False,0,2025-02-28,17,0.0,0.01,0.01,4,28,0,0,1,6.428571428571429,0.0
7,5250,4,False,0,2025-02-28,5,0.0,0.0,0.0,4,28,0,0,1,7.142857142857143,0.0
7,492,5,True,0,2025-02-28,0,0.0,0.01,0.04,4,28,0,0,1,7.428571428571429,0.0
7,663,5,True,0,2025-02-28,22,1.0,0.01,0.01,4,28,0,0,1,6.714285714285714,0.0
7,1950,5,True,0,2025-02-28,13,1.0,0.03,0.05,4,28,0,0,1,8.714285714285714,0.0
7,2743,5,True,0,2025-02-28,0,0.0,0.02,0.06,4,28,0,0,1,9.714285714285714,0.0
7,3550,5,True,0,2025-02-28,23,0.0,0.0,0.0,4,28,0,0,1,8.571428571428571,0.0
7,4090,5,True,0,2025-02-28,38,0.0,0.02,0.04,4,28,0,0,1,11.428571428571429,1.9229098844544443
7,4132,5,True,0,2025-02-28,29,0.0,0.01,0.01,4,28,0,0,1,14.428571428571429,0.0
7,4344,5,True,0,2025-02-28,1,0.0,0.02,0.02,4,28,0,0,1,17.857142857142858,0.0
7,243,6,False,0,2025-02-28,1,0.0,0.2,0.24,4,28,0,0,1,18.0,0.0
7,1668,6,False,0,2025-02-28,1,0.0,0.1,0.16,4,28,0,0,1,15.0,0.0
7,1684,6,False,0,2025-02-28,4,1.0,0.03,0.05,4,28,0,0,1,13.285714285714286,0.0
7,2078,6,False,0,2025-02-28,1,1.0,0.16,0.2,4,28,0,0,1,13.857142857142858,0.0
7,2508,6,False,0,2025-02-28,1,0.0,0.11,0.13,4,28,0,0,1,10.714285714285714,0.0
7,2544,6,False,0,2025-02-28,1,0.0,0.27,0.34,4,28,0,0,1,5.428571428571429,0.0
7,3024,6,False,0,2025-02-28,4,0.0,0.22,0.34,4,28,0,0,1,1.4285714285714286,0.0
7,3959,6,False,0,2025-02-28,1,0.0,0.18,0.21,4,28,0,0,1,1.8571428571428572,0.0
7,3978,6,False,0,2025-02-28,1,0.0,0.07,0.11,4,28,0,0,1,1.8571428571428572,0.0
7,4165,6,False,0,2025-02-28,2,0.0,0.09,0.16,4,28,0,0,1,1.8571428571428572,0.0
7,4329,6,False,0,2025-02-28,2,0.0,0.09,0.1,4,28,0,0,1,1.5714285714285714,0.0
7,4787,6,False,0,2025-02-28,0,0.0,0.08,0.11,4,28,0,0,1,1.7142857142857142,0.0
7,4854,6,False,0,2025-02-28,3,0.0,0.07,0.09,4,28,0,0,1,1.5714285714285714,0.0
7,4904,6,False,0,2025-02-28,1,0.0,0.16,0.21,4,28,0,0,1,1.8571428571428572,0.0
7,2554,7,False,0,2025-02-28,8,0.0,0.0,0.01,4,28,0,0,1,1.4285714285714286,0.0
7,2867,7,False,0,2025-02-28,74,3.0,0.01,0.02,4,28,0,0,1,2.4285714285714284,0.0
7,3133,7,False,0,2025-02-28,23,2.0,0.0,0.01,4,28,0,0,1,12.857142857142858,0.0
7,1,8,False,0,2025-02-28,38,0.0,0.0,0.01,4,28,0,0,1,15.857142857142858,0.0
7,65,8,False,0,2025-02-28,13,0.0,0.0,0.01,4,28,0,0,1,21.0,0.0
7,206,8,False,0,2025-02-28,29,0.0,0.0,0.0,4,28,0,0,1,22.857142857142858,0.0
7,435,8,False,0,2025-02-28,30,0.0,0.01,0.02,4,28,0,0,1,26.571428571428573,0.0
7,512,8,False,0,2025-02-28,16,0.0,0.0,0.01,4,28,0,0,1,30.714285714285715,0.0
7,579,8,False,0,2025-02-28,16,0.0,0.01,0.02,4,28,0,0,1,31.857142857142858,0.0
7,1375,8,False,0,2025-02-28,13,0.0,0.0,0.01,4,28,0,0,1,23.571428571428573,0.0
7,1954,8,False,0,2025-02-28,41,1.0,0.0,0.0,4,28,0,0,1,22.142857142857142,0.0
7,3322,8,False,0,2025-02-28,15,2.0,0.0,0.01,4,28,0,0,1,22.571428571428573,0.0
7,4435,8,False,0,2025-02-28,22,0.0,0.02,0.03,4,28,0,0,1,22.857142857142858,0.0
7,5257,8,False,0,2025-02-28,36,0.0,0.0,0.01,4,28,0,0,1,21.857142857142858,0.0
7,110,9,True,0,2025-02-28,0,0.0,0.01,0.01,4,28,0,0,1,22.714285714285715,0.0
7,309,9,True,0,2025-02-28,0,0.0,0.01,0.04,4,28,0,0,1,20.428571428571427,0.0
7,404,9,True,0,2025-02-28,1,3.0,0.01,0.02,4,28,0,0,1,18.142857142857142,0.0
7,1270,9,True,0,2025-02-28,0,0.0,0.03,0.07,4,28,0,0,1,16.428571428571427,0.0
7,1553,9,True,0,2025-02-28,46,3.0,0.01,0.01,4,28,0,0,1,10.571428571428571,0.0
7,1749,9,True,0,2025-02-28,27,2.0,0.01,0.01,4,28,0,0,1,15.0,0.0
7,1875,9,True,0,2025-02-28,0,0.0,0.02,0.07,4,28,0,0,1,15.714285714285714,0.0
7,2194,9,True,0,2025-02-28,0,0.0,0.0,0.02,4,28,0,0,1,10.571428571428571,0.0
7,2269,9,True,0,2025-02-28,0,0.0,0.01,0.04,4,28,0,0,1,10.571428571428571,0.0
7,2829,9,True,0,2025-02-28,1,0.0,0.02,0.03,4,28,0,0,1,10.571428571428571,0.0
7,2927,9,True,0,2025-02-28,6,0.0,0.02,0.04,4,28,0,0,1,10.571428571428571,0.0
7,3458,9,True,0,2025-02-28,4,4.0,0.0,0.02,4,28,0,0,1,11.428571428571429,0.0
7,3972,9,True,0,2025-02-28,0,3.0,0.01,0.01,4,28,0,0,1,5.428571428571429,0.0
7,3997,9,True,0,2025-02-28,0,0.0,0.03,0.06,4,28,0,0,1,1.5714285714285714,0.0
7,4125,9,True,0,2025-02-28,211,14.0,0.0,0.01,4,28,0,0,1,1.5714285714285714,0.0
7,4201,9,True,0,2025-02-28,0,0.0,0.01,0.05,4,28,0,0,1,31.714285714285715,0.0
7,4378,9,True,0,2025-02-28,19,1.0,0.02,0.03,4,28,0,0,1,31.714285714285715,0.0
7,4706,9,True,0,2025-02-28,0,1.0,0.02,0.05,4,28,0,0,1,34.285714285714285,0.0
7,4836,9,True,0,2025-02-28,0,0.0,0.01,0.03,4,28,0,0,1,33.42857142857143,0.0
7,4884,9,True,0,2025-02-28,1,6.0,0.0,0.01,4,28,0,0,1,32.857142857142854,0.0
7,4975,9,True,0,2025-02-28,0,0.0,0.01,0.01,4,28,0,0,1,33.0,4.214429803041276
7,5107,9,True,0,2025-02-28,85,0.0,0.01,0.02,4,28,0,0,1,33.0,1.6375105719163663
7,513,10,False,0,2025-02-28,33,1.0,0.03,0.09,4,28,0,0,1,15.0,0.0
7,1564,10,False,0,2025-02-28,24,0.0,0.02,0.08,4,28,0,0,1,19.714285714285715,0.0
7,2480,10,False,0,2025-02-28,27,0.0,0.01,0.02,4,28,0,0,1,20.428571428571427,0.0
7,3576,10,False,0,2025-02-28,18,1.0,0.02,0.04,4,28,0,0,1,24.285714285714285,0.0
7,2502,11,False,0,2025-02-28,59,1.0,0.23,0.2,4,28,0,0,1,26.857142857142858,0.0
7,3113,11,False,0,2025-02-28,10,0.0,0.23,0.22,4,28,0,0,1,35.142857142857146,1.4635140786764433
7,3928,11,False,0,2025-02-28,5,0.0,0.05,0.06,4,28,0,0,1,36.57142857142857,0.0
