loja_id,produto_id,categoria_id,is_medicamento,curva,data,estoque,venda,custo,preco,dia_semana_abrev,dia_do_mes,abreviacao_mes,fim_de_semana,inicio_fim_mes,media_leg7_estoque,pred_venda
3,488,1,False,0,2025-02-22,21,3.0,0.14,0.17,5,22,0,1,0,,1.7057273354447962
3,1985,1,False,0,2025-02-22,10,0.0,0.14,0.16,5,22,0,1,0,21.0,0.0
3,2735,1,False,0,2025-02-22,14,2.0,0.14,0.16,5,22,0,1,0,15.5,1.6585337165402034
3,3664,1,False,0,2025-02-22,19,2.0,0.14,0.17,5,22,0,1,0,15.0,1.6324557705470926
3,4052,1,False,0,2025-02-22,21,1.0,0.15,0.17,5,22,0,1,0,16.0,1.6202665397854825
3,48,3,True,0,2025-02-22,3,0.0,0.12,0.17,5,22,0,1,0,17.0,0.0
3,59,3,True,0,2025-02-22,10,0.0,0.02,0.02,5,22,0,1,0,14.666666666666666,0.0
3,82,3,True,0,2025-02-22,5,0.0,0.06,0.07,5,22,0,1,0,14.0,0.0
3,86,3,True,0,2025-02-22,2,0.0,0.12,0.15,5,22,0,1,0,11.714285714285714,0.0
3,87,3,True,0,2025-02-22,6,0.0,0.03,0.05,5,22,0,1,0,10.571428571428571,0.0
3,94,3,True,0,2025-02-22,2,0.0,0.08,0.14,5,22,0,1,0,9.428571428571429,0.0
3,103,3,True,0,2025-02-22,4,0.0,0.06,0.08,5,22,0,1,0,7.0,0.0
3,106,3,True,0,2025-02-22,5,0.0,0.04,0.06,5,22,0,1,0,4.571428571428571,0.0
3,167,3,True,0,2025-02-22,2,0.0,0.09,0.16,5,22,0,1,0,4.857142857142857,0.0
3,212,3,True,0,2025-02-22,2,0.0,0.05,0.07,5,22,0,1,0,3.7142857142857144,0.0
3,234,3,True,0,2025-02-22,1,0.0,0.08,0.11,5,22,0,1,0,3.2857142857142856,0.0
3,281,3,True,0,2025-02-22,1,0.0,0.07,0.09,5,22,0,1,0,3.142857142857143,0.0
3,381,3,True,0,2025-02-22,4,0.0,0.04,0.05,5,22,0,1,0,2.4285714285714284,0.0
3,415,3,True,0,2025-02-22,1,0.0,0.07,0.1,5,22,0,1,0,2.7142857142857144,0.0
3,440,3,True,0,2025-02-22,6,1.0,0.05,0.07,5,22,0,1,0,2.2857142857142856,0.0
3,470,3,True,0,2025-02-22,3,0.0,0.07,0.09,5,22,0,1,0,2.4285714285714284,0.0
3,493,3,True,0,2025-02-22,5,0.0,0.11,0.11,5,22,0,1,0,2.5714285714285716,0.0
3,516,3,True,0,2025-02-22,18,0.0,0.02,0.02,5,22,0,1,0,3.0,0.0
3,605,3,True,0,2025-02-22,5,0.0,0.05,0.07,5,22,0,1,0,5.428571428571429,0.0
3,612,3,True,0,2025-02-22,6,1.0,0.03,0.03,5,22,0,1,0,6.0,0.0
3,620,3,True,0,2025-02-22,4,1.0,0.02,0.03,5,22,0,1,0,6.285714285714286,0.0
3,650,3,True,0,2025-02-22,2,0.0,0.08,0.11,5,22,0,1,0,6.714285714285714,0.0
3,686,3,True,0,2025-02-22,1,0.0,0.03,0.04,5,22,0,1,0,6.142857142857143,0.0
3,703,3,True,0,2025-02-22,18,0.0,0.02,0.03,5,22,0,1,0,5.857142857142857,0.0
3,742,3,True,0,2025-02-22,5,0.0,0.04,0.05,5,22,0,1,0,7.714285714285714,0.0
3,855,3,True,0,2025-02-22,1,0.0,0.02,0.03,5,22,0,1,0,5.857142857142857,0.0
3,947,3,True,0,2025-02-22,42,0.0,0.01,0.01,5,22,0,1,0,5.285714285714286,0.0
3,1052,3,True,0,2025-02-22,6,0.0,0.02,0.03,5,22,0,1,0,10.428571428571429,0.0
3,1071,3,True,0,2025-02-22,1,0.0,0.02,0.05,5,22,0,1,0,10.714285714285714,0.0
3,1103,3,True,0,2025-02-22,4,0.0,0.1,0.13,5,22,0,1,0,10.571428571428571,0.0
3,1105,3,True,0,2025-02-22,7,0.0,0.05,0.07,5,22,0,1,0,11.0,0.0
3,1120,3,True,0,2025-02-22,7,0.0,0.06,0.08,5,22,0,1,0,9.428571428571429,0.0
3,1175,3,True,0,2025-02-22,5,0.0,0.01,0.03,5,22,0,1,0,9.714285714285714,0.0
3,1190,3,True,0,2025-02-22,6,0.0,0.04,0.05,5,22,0,1,0,10.285714285714286,0.0
3,1223,3,True,0,2025-02-22,2,0.0,0.03,0.05,5,22,0,1,0,5.142857142857143,0.0
3,1235,3,True,0,2025-02-22,1,0.0,0.06,0.08,5,22,0,1,0,4.571428571428571,0.0
3,1261,3,True,0,2025-02-22,2,0.0,0.07,0.08,5,22,0,1,0,4.571428571428571,0.0
3,1291,3,True,0,2025-02-22,6,0.0,0.04,0.06,5,22,0,1,0,4.285714285714286,0.0
3,1382,3,True,0,2025-02-22,2,0.0,0.05,0.07,5,22,0,1,0,4.142857142857143,0.0
3,1384,3,True,0,2025-02-22,3,0.0,0.08,0.1,5,22,0,1,0,3.4285714285714284,0.0
3,1390,3,True,0,2025-02-22,4,0.0,0.04,0.06,5,22,0,1,0,3.142857142857143,0.0
3,1447,3,True,0,2025-02-22,4,0.0,0.08,0.12,5,22,0,1,0,2.857142857142857,0.0
3,1470,3,True,0,2025-02-22,5,0.0,0.06,0.08,5,22,0,1,0,3.142857142857143,0.0
3,1503,3,True,0,2025-02-22,2,0.0,0.17,0.23,5,22,0,1,0,3.7142857142857144,0.0
3,1505,3,True,0,2025-02-22,9,1.0,0.01,0.02,5,22,0,1,0,3.7142857142857144,0.0
3,1531,3,True,0,2025-02-22,23,0.0,0.05,0.08,5,22,0,1,0,4.142857142857143,0.0
3,1576,3,True,0,2025-02-22,1,0.0,0.13,0.17,5,22,0,1,0,7.142857142857143,0.0
3,1610,3,True,0,2025-02-22,34,2.0,0.01,0.01,5,22,0,1,0,6.857142857142857,0.0
3,1642,3,True,0,2025-02-22,2,0.0,0.09,0.11,5,22,0,1,0,11.142857142857142,0.0
3,1771,3,True,0,2025-02-22,3,0.0,0.17,0.24,5,22,0,1,0,10.857142857142858,0.0
3,1822,3,True,0,2025-02-22,3,0.0,0.08,0.11,5,22,0,1,0,10.571428571428571,0.0
3,1849,3,True,0,2025-02-22,2,0.0,0.05,0.06,5,22,0,1,0,10.714285714285714,0.0
3,1902,3,True,0,2025-02-22,4,0.0,0.03,0.04,5,22,0,1,0,9.714285714285714,0.0
3,1940,3,True,0,2025-02-22,3,0.0,0.04,0.06,5,22,0,1,0,7.0,0.0
3,1949,3,True,0,2025-02-22,1,0.0,0.04,0.05,5,22,0,1,0,7.285714285714286,0.0
3,1969,3,True,0,2025-02-22,2,0.0,0.13,0.15,5,22,0,1,0,2.5714285714285716,0.0
3,1988,3,True,0,2025-02-22,1,0.0,0.12,0.16,5,22,0,1,0,2.5714285714285716,0.0
3,1997,3,True,0,2025-02-22,10,2.0,0.01,0.02,5,22,0,1,0,2.2857142857142856,0.0
3,2039,3,True,0,2025-02-22,29,0.0,0.01,0.02,5,22,0,1,0,3.2857142857142856,0.0
3,2040,3,True,0,2025-02-22,2,0.0,0.08,0.11,5,22,0,1,0,7.142857142857143,0.0
3,2048,3,True,0,2025-02-22,2,0.0,0.04,0.06,5,22,0,1,0,6.857142857142857,0.0
3,2062,3,True,0,2025-02-22,3,0.0,0.11,0.15,5,22,0,1,0,6.714285714285714,0.0
3,2110,3,True,0,2025-02-22,4,0.0,0.06,0.08,5,22,0,1,0,7.0,0.0
3,2127,3,True,0,2025-02-22,54,0.0,0.03,0.04,5,22,0,1,0,7.285714285714286,0.0
3,2151,3,True,0,2025-02-22,0,0.0,0.0,0.01,5,22,0,1,0,14.857142857142858,0.0
3,2185,3,True,0,2025-02-22,10,1.0,0.04,0.05,5,22,0,1,0,13.428571428571429,0.0
3,2236,3,True,0,2025-02-22,6,0.0,0.07,0.09,5,22,0,1,0,10.714285714285714,0.0
3,2331,3,True,0,2025-02-22,1,0.0,0.51,0.59,5,22,0,1,0,11.285714285714286,0.0
3,2432,3,True,0,2025-02-22,3,0.0,0.03,0.04,5,22,0,1,0,11.142857142857142,0.0
3,2491,3,True,0,2025-02-22,2,0.0,0.03,0.05,5,22,0,1,0,11.142857142857142,0.0
3,2551,3,True,0,2025-02-22,11,0.0,0.02,0.02,5,22,0,1,0,10.857142857142858,0.0
3,2558,3,True,0,2025-02-22,3,0.0,0.08,0.11,5,22,0,1,0,4.714285714285714,0.0
3,2585,3,True,0,2025-02-22,3,1.0,0.03,0.03,5,22,0,1,0,5.142857142857143,0.0
3,2595,3,True,0,2025-02-22,34,1.0,0.0,0.01,5,22,0,1,0,4.142857142857143,0.0
3,2700,3,True,0,2025-02-22,30,0.0,0.01,0.01,5,22,0,1,0,8.142857142857142,0.0
3,2805,3,True,0,2025-02-22,0,1.0,0.08,0.11,5,22,0,1,0,12.285714285714286,0.0
3,2816,3,True,0,2025-02-22,3,0.0,0.06,0.08,5,22,0,1,0,11.857142857142858,0.0
3,2840,3,True,0,2025-02-22,4,1.0,0.17,0.21,5,22,0,1,0,12.0,0.0
3,2852,3,True,0,2025-02-22,1,0.0,0.07,0.1,5,22,0,1,0,11.0,0.0
3,2884,3,True,0,2025-02-22,1,0.0,0.23,0.28,5,22,0,1,0,10.714285714285714,0.0
3,2889,3,True,0,2025-02-22,6,2.0,0.03,0.04,5,22,0,1,0,10.428571428571429,0.0
3,3190,3,True,0,2025-02-22,26,0.0,0.02,0.02,5,22,0,1,0,6.428571428571429,0.0
3,3239,3,True,0,2025-02-22,3,1.0,0.06,0.07,5,22,0,1,0,5.857142857142857,0.0
3,3279,3,True,0,2025-02-22,2,0.0,0.02,0.02,5,22,0,1,0,6.285714285714286,0.0
3,3283,3,True,0,2025-02-22,2,0.0,0.1,0.13,5,22,0,1,0,6.142857142857143,0.0
3,3339,3,True,0,2025-02-22,39,0.0,0.01,0.01,5,22,0,1,0,5.857142857142857,0.0
3,3349,3,True,0,2025-02-22,1,0.0,0.27,0.34,5,22,0,1,0,11.285714285714286,0.0
3,3360,3,True,0,2025-02-22,1,0.0,0.02,0.04,5,22,0,1,0,11.285714285714286,0.0
3,3556,3,True,0,2025-02-22,1,0.0,0.26,0.35,5,22,0,1,0,10.571428571428571,0.0
3,3693,3,True,0,2025-02-22,25,0.0,0.01,0.01,5,22,0,1,0,7.0,0.0
3,3768,3,True,0,2025-02-22,1,0.0,0.02,0.02,5,22,0,1,0,10.142857142857142,0.0
3,3786,3,True,0,2025-02-22,0,0.0,0.05,0.15,5,22,0,1,0,10.0,0.0
3,3862,3,True,0,2025-02-22,3,0.0,0.07,0.09,5,22,0,1,0,9.714285714285714,0.0
3,3931,3,True,0,2025-02-22,11,0.0,0.01,0.02,5,22,0,1,0,4.571428571428571,0.0
3,3985,3,True,0,2025-02-22,4,0.0,0.12,0.16,5,22,0,1,0,6.0,0.0
3,4059,3,True,0,2025-02-22,1,0.0,0.33,0.42,5,22,0,1,0,6.428571428571429,0.0
3,4101,3,True,0,2025-02-22,5,0.0,0.13,0.15,5,22,0,1,0,6.428571428571429,0.0
3,4144,3,True,0,2025-02-22,26,0.0,0.02,0.03,5,22,0,1,0,3.5714285714285716,0.0
3,4176,3,True,0,2025-02-22,5,0.0,0.03,0.05,5,22,0,1,0,7.142857142857143,0.0
3,4204,3,True,0,2025-02-22,1,0.0,0.14,0.17,5,22,0,1,0,7.857142857142857,0.0
3,4205,3,True,0,2025-02-22,35,0.0,0.02,0.02,5,22,0,1,0,7.571428571428571,0.0
3,4215,3,True,0,2025-02-22,2,0.0,0.03,0.07,5,22,0,1,0,11.0,0.0
3,4252,3,True,0,2025-02-22,6,2.0,0.02,0.03,5,22,0,1,0,10.714285714285714,0.0
3,4321,3,True,0,2025-02-22,1,1.0,0.1,0.12,5,22,0,1,0,11.428571428571429,0.0
3,4333,3,True,0,2025-02-22,1,0.0,0.21,0.26,5,22,0,1,0,10.857142857142858,0.0
3,4426,3,True,0,2025-02-22,7,1.0,0.03,0.04,5,22,0,1,0,7.285714285714286,0.0
3,4433,3,True,0,2025-02-22,1,0.0,0.05,0.09,5,22,0,1,0,7.571428571428571,0.0
3,4439,3,True,0,2025-02-22,22,1.0,0.02,0.02,5,22,0,1,0,7.571428571428571,0.0
3,4447,3,True,0,2025-02-22,5,0.0,0.02,0.04,5,22,0,1,0,5.714285714285714,0.0
3,4461,3,True,0,2025-02-22,10,0.0,0.03,0.03,5,22,0,1,0,6.142857142857143,0.0
3,4470,3,True,0,2025-02-22,1,0.0,0.07,0.09,5,22,0,1,0,6.714285714285714,0.0
3,4488,3,True,0,2025-02-22,15,0.0,0.01,0.03,5,22,0,1,0,6.714285714285714,0.0
3,4504,3,True,0,2025-02-22,3,0.0,0.03,0.04,5,22,0,1,0,8.714285714285714,0.0
3,4523,3,True,0,2025-02-22,6,0.0,0.06,0.08,5,22,0,1,0,8.142857142857142,0.0
3,4596,3,True,0,2025-02-22,5,1.0,0.07,0.08,5,22,0,1,0,8.857142857142858,0.0
3,4633,3,True,0,2025-02-22,4,0.0,0.04,0.06,5,22,0,1,0,6.428571428571429,0.0
3,4713,3,True,0,2025-02-22,4,0.0,0.04,0.05,5,22,0,1,0,6.285714285714286,0.0
3,4722,3,True,0,2025-02-22,4,0.0,0.04,0.06,5,22,0,1,0,5.428571428571429,0.0
3,4766,3,True,0,2025-02-22,16,0.0,0.03,0.04,5,22,0,1,0,5.857142857142857,0.0
3,4786,3,True,0,2025-02-22,5,0.0,0.03,0.04,5,22,0,1,0,6.0,0.0
3,4800,3,True,0,2025-02-22,4,1.0,0.08,0.11,5,22,0,1,0,6.285714285714286,0.0
3,4809,3,True,0,2025-02-22,3,0.0,0.1,0.17,5,22,0,1,0,6.0,0.0
3,4810,3,True,0,2025-02-22,4,0.0,0.03,0.04,5,22,0,1,0,5.714285714285714,0.0
3,4818,3,True,0,2025-02-22,7,0.0,0.04,0.07,5,22,0,1,0,5.714285714285714,0.0
3,4826,3,True,0,2025-02-22,1,0.0,0.12,0.16,5,22,0,1,0,6.142857142857143,0.0
3,4847,3,True,0,2025-02-22,4,0.0,0.1,0.13,5,22,0,1,0,5.714285714285714,0.0
3,4889,3,True,0,2025-02-22,2,0.0,0.03,0.04,5,22,0,1,0,4.0,0.0
3,4952,3,True,0,2025-02-22,2,0.0,0.24,0.27,5,22,0,1,0,3.5714285714285716,0.0
3,4960,3,True,0,2025-02-22,3,0.0,0.02,0.03,5,22,0,1,0,3.2857142857142856,0.0
3,5029,3,True,0,2025-02-22,4,0.0,0.06,0.08,5,22,0,1,0,3.2857142857142856,0.0
3,5057,3,True,0,2025-02-22,1,0.0,0.06,0.09,5,22,0,1,0,3.2857142857142856,0.0
3,5060,3,True,0,2025-02-22,6,0.0,0.06,0.08,5,22,0,1,0,2.4285714285714284,0.0
3,5082,3,True,0,2025-02-22,2,0.0,0.04,0.05,5,22,0,1,0,3.142857142857143,0.0
3,5090,3,True,0,2025-02-22,2,0.0,0.05,0.06,5,22,0,1,0,2.857142857142857,0.0
3,5153,3,True,0,2025-02-22,1,0.0,0.09,0.11,5,22,0,1,0,2.857142857142857,0.0
3,5167,3,True,0,2025-02-22,8,0.0,0.05,0.06,5,22,0,1,0,2.7142857142857144,0.0
3,5176,3,True,0,2025-02-22,3,0.0,0.23,0.31,5,22,0,1,0,3.4285714285714284,0.0
3,5183,3,True,0,2025-02-22,1,0.0,0.03,0.04,5,22,0,1,0,3.2857142857142856,0.0
3,5259,3,True,0,2025-02-22,3,0.0,0.06,0.08,5,22,0,1,0,3.2857142857142856,0.0
3,4,4,False,0,2025-02-22,4,0.0,0.12,0.16,5,22,0,1,0,2.857142857142857,0.0
3,19,4,False,0,2025-02-22,3,0.0,0.01,0.03,5,22,0,1,0,3.142857142857143,0.0
3,31,4,False,0,2025-02-22,2,0.0,0.02,0.03,5,22,0,1,0,3.2857142857142856,0.0
3,34,4,False,0,2025-02-22,3,0.0,0.01,0.01,5,22,0,1,0,3.4285714285714284,0.0
3,47,4,False,0,2025-02-22,5,0.0,0.01,0.02,5,22,0,1,0,2.7142857142857144,0.0
3,61,4,False,0,2025-02-22,4,0.0,0.01,0.02,5,22,0,1,0,3.0,0.0
3,70,4,False,0,2025-02-22,4,0.0,0.03,0.06,5,22,0,1,0,3.4285714285714284,0.0
3,91,4,False,0,2025-02-22,4,0.0,0.03,0.03,5,22,0,1,0,3.5714285714285716,0.0
3,107,4,False,0,2025-02-22,3,0.0,0.03,0.04,5,22,0,1,0,3.5714285714285716,0.0
3,122,4,False,0,2025-02-22,1,0.0,0.03,0.04,5,22,0,1,0,3.5714285714285716,0.0
3,155,4,False,0,2025-02-22,3,0.0,0.04,0.06,5,22,0,1,0,3.4285714285714284,0.0
3,200,4,False,0,2025-02-22,2,0.0,0.04,0.05,5,22,0,1,0,3.4285714285714284,0.0
3,248,4,False,0,2025-02-22,3,0.0,0.05,0.07,5,22,0,1,0,3.0,0.0
3,249,4,False,0,2025-02-22,2,0.0,0.13,0.17,5,22,0,1,0,2.857142857142857,0.0
3,283,4,False,0,2025-02-22,3,0.0,0.03,0.05,5,22,0,1,0,2.5714285714285716,0.0
3,355,4,False,0,2025-02-22,2,0.0,0.02,0.03,5,22,0,1,0,2.4285714285714284,0.0
3,363,4,False,0,2025-02-22,0,0.0,0.01,0.01,5,22,0,1,0,2.2857142857142856,0.0
3,371,4,False,0,2025-02-22,3,0.0,0.01,0.01,5,22,0,1,0,2.142857142857143,0.0
3,393,4,False,0,2025-02-22,4,0.0,0.02,0.03,5,22,0,1,0,2.142857142857143,0.0
3,442,4,False,0,2025-02-22,2,0.0,0.05,0.08,5,22,0,1,0,2.4285714285714284,0.0
3,495,4,False,0,2025-02-22,3,0.0,0.02,0.03,5,22,0,1,0,2.2857142857142856,0.0
3,523,4,False,0,2025-02-22,3,0.0,0.03,0.05,5,22,0,1,0,2.4285714285714284,0.0
3,538,4,False,0,2025-02-22,2,0.0,0.02,0.04,5,22,0,1,0,2.4285714285714284,0.0
3,542,4,False,0,2025-02-22,2,0.0,0.04,0.05,5,22,0,1,0,2.4285714285714284,0.0
3,544,4,False,0,2025-02-22,3,1.0,0.02,0.04,5,22,0,1,0,2.7142857142857144,0.0
3,564,4,False,0,2025-02-22,3,0.0,0.02,0.03,5,22,0,1,0,2.7142857142857144,0.0
3,610,4,False,0,2025-02-22,4,0.0,0.04,0.06,5,22,0,1,0,2.5714285714285716,0.0
3,619,4,False,0,2025-02-22,0,0.0,0.04,0.05,5,22,0,1,0,2.857142857142857,0.0
3,636,4,False,0,2025-02-22,3,0.0,0.02,0.03,5,22,0,1,0,2.4285714285714284,0.0
3,645,4,False,0,2025-02-22,3,0.0,0.01,0.02,5,22,0,1,0,2.4285714285714284,0.0
3,653,4,False,0,2025-02-22,2,0.0,0.02,0.03,5,22,0,1,0,2.5714285714285716,0.0
3,668,4,False,0,2025-02-22,3,0.0,0.03,0.04,5,22,0,1,0,2.5714285714285716,0.0
3,701,4,False,0,2025-02-22,4,0.0,0.02,0.04,5,22,0,1,0,2.5714285714285716,0.0
3,717,4,False,0,2025-02-22,2,0.0,0.05,0.07,5,22,0,1,0,2.7142857142857144,0.0
3,768,4,False,0,2025-02-22,1,0.0,0.03,0.04,5,22,0,1,0,2.4285714285714284,0.0
3,769,4,False,0,2025-02-22,5,0.0,0.01,0.01,5,22,0,1,0,2.5714285714285716,0.0
3,780,4,False,0,2025-02-22,7,1.0,0.03,0.04,5,22,0,1,0,2.857142857142857,0.0
3,794,4,False,0,2025-02-22,0,0.0,0.03,0.05,5,22,0,1,0,3.4285714285714284,0.0
3,854,4,False,0,2025-02-22,1,0.0,0.05,0.06,5,22,0,1,0,3.142857142857143,0.0
3,858,4,False,0,2025-02-22,2,0.0,0.04,0.06,5,22,0,1,0,2.857142857142857,0.0
3,864,4,False,0,2025-02-22,4,0.0,0.02,0.03,5,22,0,1,0,2.5714285714285716,0.0
3,875,4,False,0,2025-02-22,3,0.0,0.02,0.03,5,22,0,1,0,2.857142857142857,0.0
3,891,4,False,0,2025-02-22,4,0.0,0.03,0.04,5,22,0,1,0,3.142857142857143,0.0
3,961,4,False,0,2025-02-22,2,0.0,0.05,0.06,5,22,0,1,0,3.0,0.0
3,979,4,False,0,2025-02-22,4,0.0,0.06,0.07,5,22,0,1,0,2.2857142857142856,0.0
3,1017,4,False,0,2025-02-22,3,0.0,0.03,0.04,5,22,0,1,0,2.857142857142857,0.0
3,1047,4,False,0,2025-02-22,4,0.0,0.09,0.14,5,22,0,1,0,3.142857142857143,0.0
3,1057,4,False,0,2025-02-22,4,0.0,0.04,0.06,5,22,0,1,0,3.4285714285714284,0.0
3,1095,4,False,0,2025-02-22,3,0.0,0.03,0.05,5,22,0,1,0,3.4285714285714284,0.0
3,1107,4,False,0,2025-02-22,2,0.0,0.02,0.03,5,22,0,1,0,3.4285714285714284,0.0
3,1161,4,False,0,2025-02-22,2,0.0,0.02,0.03,5,22,0,1,0,3.142857142857143,0.0
3,1177,4,False,0,2025-02-22,4,0.0,0.1,0.15,5,22,0,1,0,3.142857142857143,0.0
3,1189,4,False,0,2025-02-22,2,0.0,0.02,0.04,5,22,0,1,0,3.142857142857143,0.0
3,1193,4,False,0,2025-02-22,2,0.0,0.02,0.03,5,22,0,1,0,3.0,0.0
3,1202,4,False,0,2025-02-22,2,0.0,0.02,0.04,5,22,0,1,0,2.7142857142857144,0.0
3,1215,4,False,0,2025-02-22,2,0.0,0.01,0.02,5,22,0,1,0,2.4285714285714284,0.0
3,1224,4,False,0,2025-02-22,5,0.0,0.04,0.04,5,22,0,1,0,2.2857142857142856,0.0
3,1267,4,False,0,2025-02-22,1,0.0,0.07,0.09,5,22,0,1,0,2.7142857142857144,0.0
3,1293,4,False,0,2025-02-22,6,0.0,0.03,0.04,5,22,0,1,0,2.5714285714285716,0.0
3,1303,4,False,0,2025-02-22,4,0.0,0.06,0.08,5,22,0,1,0,2.857142857142857,0.0
3,1338,4,False,0,2025-02-22,2,0.0,0.06,0.09,5,22,0,1,0,3.142857142857143,0.0
3,1344,4,False,0,2025-02-22,3,2.0,0.06,0.09,5,22,0,1,0,3.142857142857143,0.0
3,1350,4,False,0,2025-02-22,0,0.0,0.03,0.06,5,22,0,1,0,3.2857142857142856,0.0
3,1367,4,False,0,2025-02-22,3,1.0,0.02,0.03,5,22,0,1,0,3.0,0.0
3,1404,4,False,0,2025-02-22,4,0.0,0.02,0.03,5,22,0,1,0,2.7142857142857144,0.0
3,1421,4,False,0,2025-02-22,4,0.0,0.02,0.03,5,22,0,1,0,3.142857142857143,0.0
3,1448,4,False,0,2025-02-22,2,0.0,0.06,0.07,5,22,0,1,0,2.857142857142857,0.0
3,1466,4,False,0,2025-02-22,0,0.0,0.02,0.04,5,22,0,1,0,2.5714285714285716,0.0
3,1479,4,False,0,2025-02-22,2,0.0,0.05,0.06,5,22,0,1,0,2.2857142857142856,0.0
3,1483,4,False,0,2025-02-22,4,0.0,0.02,0.03,5,22,0,1,0,2.142857142857143,0.0
3,1498,4,False,0,2025-02-22,6,0.0,0.12,0.17,5,22,0,1,0,2.7142857142857144,0.0
3,1517,4,False,0,2025-02-22,2,0.0,0.02,0.02,5,22,0,1,0,3.142857142857143,0.0
3,1533,4,False,0,2025-02-22,3,0.0,0.05,0.07,5,22,0,1,0,2.857142857142857,0.0
3,1606,4,False,0,2025-02-22,1,0.0,0.04,0.05,5,22,0,1,0,2.7142857142857144,0.0
3,1622,4,False,0,2025-02-22,3,0.0,0.07,0.09,5,22,0,1,0,2.5714285714285716,0.0
3,1624,4,False,0,2025-02-22,3,0.0,0.04,0.03,5,22,0,1,0,3.0,0.0
3,1625,4,False,0,2025-02-22,2,0.0,0.03,0.04,5,22,0,1,0,3.142857142857143,0.0
3,1634,4,False,0,2025-02-22,2,1.0,0.05,0.07,5,22,0,1,0,2.857142857142857,0.0
3,1648,4,False,0,2025-02-22,4,0.0,0.03,0.04,5,22,0,1,0,2.2857142857142856,0.0
3,1654,4,False,0,2025-02-22,4,0.0,0.01,0.02,5,22,0,1,0,2.5714285714285716,0.0
3,1672,4,False,0,2025-02-22,3,0.0,0.02,0.02,5,22,0,1,0,2.7142857142857144,0.0
3,1693,4,False,0,2025-02-22,4,0.0,0.02,0.04,5,22,0,1,0,3.0,0.0
3,1805,4,False,0,2025-02-22,3,0.0,0.04,0.06,5,22,0,1,0,3.142857142857143,0.0
3,1806,4,False,0,2025-02-22,3,0.0,0.08,0.12,5,22,0,1,0,3.142857142857143,0.0
3,1824,4,False,0,2025-02-22,3,0.0,0.01,0.01,5,22,0,1,0,3.2857142857142856,0.0
3,1836,4,False,0,2025-02-22,4,0.0,0.04,0.04,5,22,0,1,0,3.4285714285714284,0.0
3,1838,4,False,0,2025-02-22,3,0.0,0.01,0.01,5,22,0,1,0,3.4285714285714284,0.0
3,1842,4,False,0,2025-02-22,3,0.0,0.01,0.01,5,22,0,1,0,3.2857142857142856,0.0
3,1856,4,False,0,2025-02-22,2,0.0,0.02,0.04,5,22,0,1,0,3.2857142857142856,0.0
3,1861,4,False,0,2025-02-22,1,0.0,0.02,0.03,5,22,0,1,0,3.0,0.0
3,1869,4,False,0,2025-02-22,3,0.0,0.01,0.01,5,22,0,1,0,2.7142857142857144,0.0
3,1870,4,False,0,2025-02-22,2,0.0,0.04,0.06,5,22,0,1,0,2.7142857142857144,0.0
3,1894,4,False,0,2025-02-22,2,0.0,0.03,0.04,5,22,0,1,0,2.5714285714285716,0.0
3,1928,4,False,0,2025-02-22,2,1.0,0.01,0.01,5,22,0,1,0,2.2857142857142856,0.0
3,1942,4,False,0,2025-02-22,4,0.0,0.01,0.02,5,22,0,1,0,2.142857142857143,0.0
3,1958,4,False,0,2025-02-22,2,0.0,0.04,0.06,5,22,0,1,0,2.2857142857142856,0.0
3,1959,4,False,0,2025-02-22,2,0.0,0.05,0.08,5,22,0,1,0,2.2857142857142856,0.0
3,1968,4,False,0,2025-02-22,5,0.0,0.03,0.05,5,22,0,1,0,2.4285714285714284,0.0
3,1996,4,False,0,2025-02-22,4,0.0,0.01,0.02,5,22,0,1,0,2.7142857142857144,0.0
3,1999,4,False,0,2025-02-22,0,0.0,0.01,0.01,5,22,0,1,0,3.0,0.0
3,2022,4,False,0,2025-02-22,3,1.0,0.03,0.04,5,22,0,1,0,2.7142857142857144,0.0
3,2024,4,False,0,2025-02-22,2,0.0,0.02,0.04,5,22,0,1,0,2.857142857142857,0.0
3,2064,4,False,0,2025-02-22,1,0.0,0.02,0.03,5,22,0,1,0,2.5714285714285716,0.0
3,2092,4,False,0,2025-02-22,3,0.0,0.04,0.06,5,22,0,1,0,2.4285714285714284,0.0
3,2097,4,False,0,2025-02-22,1,0.0,0.03,0.04,5,22,0,1,0,2.5714285714285716,0.0
3,2103,4,False,0,2025-02-22,1,0.0,0.01,0.02,5,22,0,1,0,2.0,0.0
3,2137,4,False,0,2025-02-22,2,0.0,0.04,0.06,5,22,0,1,0,1.5714285714285714,0.0
3,2150,4,False,0,2025-02-22,2,0.0,0.01,0.02,5,22,0,1,0,1.8571428571428572,0.0
3,2180,4,False,0,2025-02-22,3,0.0,0.05,0.08,5,22,0,1,0,1.7142857142857142,0.0
3,2239,4,False,0,2025-02-22,3,0.0,0.03,0.04,5,22,0,1,0,1.8571428571428572,0.0
3,2252,4,False,0,2025-02-22,1,0.0,0.02,0.03,5,22,0,1,0,2.142857142857143,0.0
3,2297,4,False,0,2025-02-22,3,0.0,0.14,0.15,5,22,0,1,0,1.8571428571428572,0.0
3,2312,4,False,0,2025-02-22,2,0.0,0.05,0.08,5,22,0,1,0,2.142857142857143,0.0
3,2320,4,False,0,2025-02-22,2,0.0,0.03,0.04,5,22,0,1,0,2.2857142857142856,0.0
3,2355,4,False,0,2025-02-22,2,0.0,0.05,0.09,5,22,0,1,0,2.2857142857142856,0.0
3,2369,4,False,0,2025-02-22,4,0.0,0.03,0.05,5,22,0,1,0,2.2857142857142856,0.0
3,2423,4,False,0,2025-02-22,2,2.0,0.02,0.03,5,22,0,1,0,2.4285714285714284,0.0
3,2456,4,False,0,2025-02-22,2,0.0,0.02,0.03,5,22,0,1,0,2.2857142857142856,0.0
3,2495,4,False,0,2025-02-22,2,0.0,0.05,0.08,5,22,0,1,0,2.4285714285714284,0.0
3,2517,4,False,0,2025-02-22,2,0.0,0.05,0.08,5,22,0,1,0,2.2857142857142856,0.0
3,2550,4,False,0,2025-02-22,3,0.0,0.03,0.05,5,22,0,1,0,2.2857142857142856,0.0
3,2569,4,False,0,2025-02-22,1,0.0,0.01,0.02,5,22,0,1,0,2.4285714285714284,0.0
3,2586,4,False,0,2025-02-22,2,0.0,0.04,0.06,5,22,0,1,0,2.2857142857142856,0.0
3,2644,4,False,0,2025-02-22,2,0.0,0.05,0.08,5,22,0,1,0,2.0,0.0
3,2711,4,False,0,2025-02-22,2,0.0,0.04,0.06,5,22,0,1,0,2.0,0.0
3,2750,4,False,0,2025-02-22,3,0.0,0.01,0.01,5,22,0,1,0,2.0,0.0
3,2773,4,False,0,2025-02-22,4,0.0,0.02,0.04,5,22,0,1,0,2.142857142857143,0.0
3,2800,4,False,0,2025-02-22,2,0.0,0.03,0.04,5,22,0,1,0,2.4285714285714284,0.0
3,2908,4,False,0,2025-02-22,6,0.0,0.03,0.04,5,22,0,1,0,2.2857142857142856,0.0
3,2943,4,False,0,2025-02-22,5,0.0,0.02,0.03,5,22,0,1,0,3.0,0.0
3,2955,4,False,0,2025-02-22,1,0.0,0.01,0.02,5,22,0,1,0,3.4285714285714284,0.0
3,2973,4,False,0,2025-02-22,4,0.0,0.04,0.05,5,22,0,1,0,3.2857142857142856,0.0
3,2988,4,False,0,2025-02-22,2,0.0,0.02,0.03,5,22,0,1,0,3.5714285714285716,0.0
3,2995,4,False,0,2025-02-22,8,0.0,0.05,0.07,5,22,0,1,0,3.4285714285714284,0.0
3,3003,4,False,0,2025-02-22,3,0.0,0.02,0.04,5,22,0,1,0,4.0,0.0
3,3029,4,False,0,2025-02-22,3,0.0,0.09,0.12,5,22,0,1,0,4.142857142857143,0.0
3,3127,4,False,0,2025-02-22,4,2.0,0.12,0.16,5,22,0,1,0,3.7142857142857144,0.0
3,3130,4,False,0,2025-02-22,5,0.0,0.14,0.22,5,22,0,1,0,3.5714285714285716,0.0
3,3166,4,False,0,2025-02-22,3,0.0,0.01,0.01,5,22,0,1,0,4.142857142857143,0.0
3,3169,4,False,0,2025-02-22,2,1.0,0.02,0.03,5,22,0,1,0,4.0,0.0
3,3174,4,False,0,2025-02-22,4,0.0,0.01,0.01,5,22,0,1,0,4.0,0.0
3,3222,4,False,0,2025-02-22,2,0.0,0.02,0.04,5,22,0,1,0,3.4285714285714284,0.0
3,3281,4,False,0,2025-02-22,1,1.0,0.06,0.08,5,22,0,1,0,3.2857142857142856,0.0
3,3344,4,False,0,2025-02-22,3,0.0,0.04,0.05,5,22,0,1,0,3.0,0.0
3,3374,4,False,0,2025-02-22,2,0.0,0.06,0.09,5,22,0,1,0,2.857142857142857,0.0
3,3376,4,False,0,2025-02-22,2,0.0,0.03,0.05,5,22,0,1,0,2.4285714285714284,0.0
3,3400,4,False,0,2025-02-22,5,0.0,0.01,0.01,5,22,0,1,0,2.2857142857142856,0.0
3,3425,4,False,0,2025-02-22,0,0.0,0.01,0.02,5,22,0,1,0,2.7142857142857144,0.0
3,3428,4,False,0,2025-02-22,2,0.0,0.04,0.06,5,22,0,1,0,2.142857142857143,0.0
3,3442,4,False,0,2025-02-22,7,1.0,0.07,0.11,5,22,0,1,0,2.142857142857143,0.0
3,3459,4,False,0,2025-02-22,3,0.0,0.04,0.06,5,22,0,1,0,3.0,0.0
3,3460,4,False,0,2025-02-22,1,0.0,0.02,0.03,5,22,0,1,0,3.0,0.0
3,3462,4,False,0,2025-02-22,7,0.0,0.03,0.05,5,22,0,1,0,2.857142857142857,0.0
3,3471,4,False,0,2025-02-22,3,0.0,0.03,0.04,5,22,0,1,0,3.5714285714285716,0.0
3,3497,4,False,0,2025-02-22,2,0.0,0.04,0.06,5,22,0,1,0,3.2857142857142856,0.0
3,3511,4,False,0,2025-02-22,4,0.0,0.04,0.07,5,22,0,1,0,3.5714285714285716,0.0
3,3603,4,False,0,2025-02-22,2,0.0,0.04,0.06,5,22,0,1,0,3.857142857142857,0.0
3,3618,4,False,0,2025-02-22,5,0.0,0.12,0.17,5,22,0,1,0,3.142857142857143,0.0
3,3669,4,False,0,2025-02-22,3,0.0,0.01,0.01,5,22,0,1,0,3.4285714285714284,0.0
3,3670,4,False,0,2025-02-22,4,0.0,0.03,0.05,5,22,0,1,0,3.7142857142857144,0.0
3,3671,4,False,0,2025-02-22,1,0.0,0.04,0.07,5,22,0,1,0,3.2857142857142856,0.0
3,3678,4,False,0,2025-02-22,2,1.0,0.03,0.05,5,22,0,1,0,3.0,0.0
3,3685,4,False,0,2025-02-22,0,0.0,0.03,0.05,5,22,0,1,0,3.0,0.0
3,3720,4,False,0,2025-02-22,0,0.0,0.05,0.08,5,22,0,1,0,2.4285714285714284,0.0
3,3738,4,False,0,2025-02-22,3,0.0,0.01,0.01,5,22,0,1,0,2.142857142857143,0.0
3,3744,4,False,0,2025-02-22,4,0.0,0.04,0.05,5,22,0,1,0,1.8571428571428572,0.0
3,3797,4,False,0,2025-02-22,9,0.0,0.03,0.04,5,22,0,1,0,2.0,0.0
3,3799,4,False,0,2025-02-22,2,0.0,0.03,0.05,5,22,0,1,0,2.7142857142857144,0.0
3,3820,4,False,0,2025-02-22,2,1.0,0.02,0.04,5,22,0,1,0,2.857142857142857,0.0
3,3821,4,False,0,2025-02-22,1,1.0,0.04,0.06,5,22,0,1,0,2.857142857142857,0.0
3,3826,4,False,0,2025-02-22,4,0.0,0.02,0.04,5,22,0,1,0,3.0,0.0
3,3831,4,False,0,2025-02-22,3,0.0,0.01,0.02,5,22,0,1,0,3.5714285714285716,0.0
3,3858,4,False,0,2025-02-22,2,0.0,0.06,0.08,5,22,0,1,0,3.5714285714285716,0.0
3,3894,4,False,0,2025-02-22,4,0.0,0.02,0.03,5,22,0,1,0,3.2857142857142856,0.0
3,3898,4,False,0,2025-02-22,2,0.0,0.06,0.1,5,22,0,1,0,2.5714285714285716,0.0
3,3913,4,False,0,2025-02-22,4,0.0,0.03,0.05,5,22,0,1,0,2.5714285714285716,0.0
3,3917,4,False,0,2025-02-22,4,0.0,0.01,0.01,5,22,0,1,0,2.857142857142857,0.0
3,3925,4,False,0,2025-02-22,0,0.0,0.03,0.04,5,22,0,1,0,3.2857142857142856,0.0
3,3940,4,False,0,2025-02-22,2,0.0,0.05,0.06,5,22,0,1,0,2.7142857142857144,0.0
3,3954,4,False,0,2025-02-22,0,0.0,0.02,0.03,5,22,0,1,0,2.5714285714285716,0.0
3,3966,4,False,0,2025-02-22,1,0.0,0.02,0.04,5,22,0,1,0,2.2857142857142856,0.0
3,3969,4,False,0,2025-02-22,2,0.0,0.01,0.03,5,22,0,1,0,1.8571428571428572,0.0
3,3977,4,False,0,2025-02-22,4,0.0,0.06,0.08,5,22,0,1,0,1.8571428571428572,0.0
3,4001,4,False,0,2025-02-22,2,0.0,0.04,0.05,5,22,0,1,0,1.8571428571428572,0.0
3,4034,4,False,0,2025-02-22,3,0.0,0.08,0.11,5,22,0,1,0,1.5714285714285714,0.0
3,4054,4,False,0,2025-02-22,2,0.0,0.02,0.04,5,22,0,1,0,2.0,0.0
3,4061,4,False,0,2025-02-22,2,0.0,0.05,0.07,5,22,0,1,0,2.0,0.0
3,4086,4,False,0,2025-02-22,3,0.0,0.01,0.02,5,22,0,1,0,2.2857142857142856,0.0
3,4096,4,False,0,2025-02-22,2,0.0,0.05,0.07,5,22,0,1,0,2.5714285714285716,0.0
3,4142,4,False,0,2025-02-22,4,0.0,0.02,0.03,5,22,0,1,0,2.5714285714285716,0.0
3,4156,4,False,0,2025-02-22,4,0.0,0.03,0.05,5,22,0,1,0,2.5714285714285716,0.0
3,4229,4,False,0,2025-02-22,1,1.0,0.02,0.04,5,22,0,1,0,2.857142857142857,0.0
3,4244,4,False,0,2025-02-22,0,1.0,0.03,0.04,5,22,0,1,0,2.5714285714285716,0.0
3,4264,4,False,0,2025-02-22,2,0.0,0.05,0.07,5,22,0,1,0,2.2857142857142856,0.0
3,4331,4,False,0,2025-02-22,5,0.0,0.01,0.02,5,22,0,1,0,2.2857142857142856,0.0
3,4365,4,False,0,2025-02-22,3,0.0,0.04,0.06,5,22,0,1,0,2.5714285714285716,0.0
3,4366,4,False,0,2025-02-22,3,0.0,0.05,0.06,5,22,0,1,0,2.7142857142857144,0.0
3,4420,4,False,0,2025-02-22,3,0.0,0.02,0.02,5,22,0,1,0,2.5714285714285716,0.0
3,4436,4,False,0,2025-02-22,2,0.0,0.02,0.03,5,22,0,1,0,2.4285714285714284,0.0
3,4444,4,False,0,2025-02-22,2,0.0,0.07,0.1,5,22,0,1,0,2.5714285714285716,0.0
3,4450,4,False,0,2025-02-22,4,0.0,0.02,0.03,5,22,0,1,0,2.857142857142857,0.0
3,4458,4,False,0,2025-02-22,11,0.0,0.03,0.04,5,22,0,1,0,3.142857142857143,0.0
3,4465,4,False,0,2025-02-22,4,0.0,0.02,0.04,5,22,0,1,0,4.0,0.0
3,4472,4,False,0,2025-02-22,5,0.0,0.01,0.01,5,22,0,1,0,4.142857142857143,0.0
3,4507,4,False,0,2025-02-22,3,0.0,0.03,0.04,5,22,0,1,0,4.428571428571429,0.0
3,4525,4,False,0,2025-02-22,3,0.0,0.01,0.03,5,22,0,1,0,4.428571428571429,0.0
3,4536,4,False,0,2025-02-22,3,0.0,0.01,0.01,5,22,0,1,0,4.571428571428571,0.0
3,4564,4,False,0,2025-02-22,3,0.0,0.02,0.04,5,22,0,1,0,4.714285714285714,0.0
3,4568,4,False,0,2025-02-22,5,0.0,0.01,0.01,5,22,0,1,0,4.571428571428571,0.0
3,4604,4,False,0,2025-02-22,3,0.0,0.02,0.03,5,22,0,1,0,3.7142857142857144,0.0
3,4610,4,False,0,2025-02-22,0,1.0,0.06,0.09,5,22,0,1,0,3.5714285714285716,0.0
3,4620,4,False,0,2025-02-22,4,0.0,0.02,0.04,5,22,0,1,0,2.857142857142857,0.0
3,4648,4,False,0,2025-02-22,2,0.0,0.05,0.07,5,22,0,1,0,3.0,0.0
3,4700,4,False,0,2025-02-22,2,0.0,0.02,0.03,5,22,0,1,0,2.857142857142857,0.0
3,4741,4,False,0,2025-02-22,6,0.0,0.02,0.05,5,22,0,1,0,2.7142857142857144,0.0
3,4759,4,False,0,2025-02-22,4,0.0,0.03,0.04,5,22,0,1,0,3.142857142857143,0.0
3,4770,4,False,0,2025-02-22,2,0.0,0.03,0.03,5,22,0,1,0,3.0,0.0
3,4774,4,False,0,2025-02-22,4,0.0,0.03,0.04,5,22,0,1,0,2.857142857142857,0.0
3,4903,4,False,0,2025-02-22,4,0.0,0.01,0.01,5,22,0,1,0,3.4285714285714284,0.0
3,4915,4,False,0,2025-02-22,5,0.0,0.01,0.02,5,22,0,1,0,3.4285714285714284,0.0
3,4929,4,False,0,2025-02-22,3,0.0,0.03,0.04,5,22,0,1,0,3.857142857142857,0.0
3,4961,4,False,0,2025-02-22,7,0.0,0.03,0.06,5,22,0,1,0,4.0,0.0
3,4987,4,False,0,2025-02-22,2,0.0,0.02,0.03,5,22,0,1,0,4.142857142857143,0.0
3,4992,4,False,0,2025-02-22,2,0.0,0.04,0.05,5,22,0,1,0,3.857142857142857,0.0
3,4997,4,False,0,2025-02-22,2,0.0,0.07,0.1,5,22,0,1,0,3.857142857142857,0.0
3,4998,4,False,0,2025-02-22,3,0.0,0.01,0.01,5,22,0,1,0,3.5714285714285716,0.0
3,5008,4,False,0,2025-02-22,2,0.0,0.02,0.03,5,22,0,1,0,3.4285714285714284,0.0
3,5048,4,False,0,2025-02-22,1,0.0,0.01,0.02,5,22,0,1,0,3.0,0.0
3,5091,4,False,0,2025-02-22,3,0.0,0.06,0.08,5,22,0,1,0,2.7142857142857144,0.0
3,5100,4,False,0,2025-02-22,3,0.0,0.02,0.03,5,22,0,1,0,2.142857142857143,0.0
3,5112,4,False,0,2025-02-22,1,0.0,0.02,0.04,5,22,0,1,0,2.2857142857142856,0.0
3,5118,4,False,0,2025-02-22,2,0.0,0.05,0.08,5,22,0,1,0,2.142857142857143,0.0
3,5120,4,False,0,2025-02-22,0,0.0,0.02,0.03,5,22,0,1,0,2.142857142857143,0.0
3,5123,4,False,0,2025-02-22,2,0.0,0.02,0.04,5,22,0,1,0,1.7142857142857142,0.0
3,5130,4,False,0,2025-02-22,3,0.0,0.02,0.03,5,22,0,1,0,1.7142857142857142,0.0
3,5149,4,False,0,2025-02-22,2,0.0,0.12,0.14,5,22,0,1,0,2.0,0.0
3,5163,4,False,0,2025-02-22,1,0.0,0.05,0.09,5,22,0,1,0,1.8571428571428572,0.0
3,5169,4,False,0,2025-02-22,3,0.0,0.06,0.08,5,22,0,1,0,1.5714285714285714,0.0
3,5172,4,False,0,2025-02-22,2,0.0,0.04,0.06,5,22,0,1,0,1.8571428571428572,0.0
3,5177,4,False,0,2025-02-22,3,0.0,0.01,0.01,5,22,0,1,0,1.8571428571428572,0.0
3,5199,4,False,0,2025-02-22,1,1.0,0.02,0.02,5,22,0,1,0,2.2857142857142856,0.0
3,5234,4,False,0,2025-02-22,2,0.0,0.02,0.03,5,22,0,1,0,2.142857142857143,0.0
3,5241,4,False,0,2025-02-22,3,0.0,0.01,0.01,5,22,0,1,0,2.0,0.0
3,5247,4,False,0,2025-02-22,0,0.0,0.02,0.02,5,22,0,1,0,2.142857142857143,0.0
3,5267,4,False,0,2025-02-22,1,0.0,0.02,0.03,5,22,0,1,0,2.0,0.0
3,5269,4,False,0,2025-02-22,2,0.0,0.01,0.02,5,22,0,1,0,1.7142857142857142,0.0
3,5275,4,False,0,2025-02-22,4,0.0,0.02,0.05,5,22,0,1,0,1.7142857142857142,0.0
3,5283,4,False,0,2025-02-22,3,0.0,0.03,0.04,5,22,0,1,0,1.8571428571428572,0.0
3,172,5,True,0,2025-02-22,196,0.0,0.01,0.01,5,22,0,1,0,2.142857142857143,0.0
3,327,5,True,0,2025-02-22,9,0.0,0.01,0.03,5,22,0,1,0,29.857142857142858,0.0
3,697,5,True,0,2025-02-22,9,1.0,0.04,0.13,5,22,0,1,0,30.714285714285715,0.0
3,1278,5,True,0,2025-02-22,5,0.0,0.02,0.05,5,22,0,1,0,32.0,0.0
3,1463,5,True,0,2025-02-22,7,0.0,0.01,0.04,5,22,0,1,0,32.57142857142857,0.0
3,1471,5,True,0,2025-02-22,7,0.0,0.02,0.05,5,22,0,1,0,33.285714285714285,0.0
3,1580,5,True,0,2025-02-22,7,1.0,0.02,0.04,5,22,0,1,0,33.714285714285715,0.0
3,1795,5,True,0,2025-02-22,3,0.0,0.02,0.04,5,22,0,1,0,34.285714285714285,0.0
3,1860,5,True,0,2025-02-22,11,0.0,0.03,0.04,5,22,0,1,0,6.714285714285714,0.0
3,2169,5,True,0,2025-02-22,11,0.0,0.01,0.02,5,22,0,1,0,7.0,0.0
3,2338,5,True,0,2025-02-22,58,1.0,0.01,0.03,5,22,0,1,0,7.285714285714286,0.0
3,2381,5,True,0,2025-02-22,67,0.0,0.04,0.05,5,22,0,1,0,14.857142857142858,1.9111001863259773
3,2518,5,True,0,2025-02-22,16,1.0,0.02,0.1,5,22,0,1,0,23.428571428571427,0.0
3,2560,5,True,0,2025-02-22,10,0.0,0.03,0.04,5,22,0,1,0,24.714285714285715,0.0
3,2647,5,True,0,2025-02-22,6,0.0,0.03,0.05,5,22,0,1,0,25.142857142857142,0.0
3,2661,5,True,0,2025-02-22,30,3.0,0.0,0.01,5,22,0,1,0,25.571428571428573,0.0
3,2926,5,True,0,2025-02-22,2,0.0,0.03,0.05,5,22,0,1,0,28.285714285714285,0.0
3,3002,5,True,0,2025-02-22,10,1.0,0.04,0.07,5,22,0,1,0,27.0,0.0
3,3175,5,True,0,2025-02-22,1,1.0,0.04,0.1,5,22,0,1,0,20.142857142857142,0.0
3,3612,5,True,0,2025-02-22,23,1.0,0.05,0.08,5,22,0,1,0,10.714285714285714,0.0
3,3734,5,True,0,2025-02-22,6,0.0,0.05,0.11,5,22,0,1,0,11.714285714285714,0.0
3,3819,5,True,0,2025-02-22,15,1.0,0.02,0.06,5,22,0,1,0,11.142857142857142,0.0
3,4150,5,True,0,2025-02-22,36,0.0,0.02,0.04,5,22,0,1,0,12.428571428571429,0.0
3,4200,5,True,0,2025-02-22,8,1.0,0.06,0.12,5,22,0,1,0,13.285714285714286,0.0
3,5036,5,True,0,2025-02-22,11,0.0,0.03,0.05,5,22,0,1,0,14.142857142857142,0.0
3,5260,5,True,0,2025-02-22,14,0.0,0.02,0.06,5,22,0,1,0,14.285714285714286,0.0
3,138,6,False,0,2025-02-22,0,1.0,0.16,0.23,5,22,0,1,0,16.142857142857142,0.0
3,177,6,False,0,2025-02-22,1,0.0,0.08,0.1,5,22,0,1,0,12.857142857142858,0.0
3,207,6,False,0,2025-02-22,1,0.0,0.22,0.31,5,22,0,1,0,12.142857142857142,0.0
3,316,6,False,0,2025-02-22,2,0.0,0.08,0.12,5,22,0,1,0,10.142857142857142,0.0
3,647,6,False,0,2025-02-22,1,0.0,0.07,0.09,5,22,0,1,0,5.285714285714286,0.0
3,975,6,False,0,2025-02-22,1,0.0,0.08,0.08,5,22,0,1,0,4.285714285714286,0.0
3,1265,6,False,0,2025-02-22,1,0.0,0.14,0.21,5,22,0,1,0,2.857142857142857,0.0
3,1509,6,False,0,2025-02-22,1,0.0,0.22,0.27,5,22,0,1,0,1.0,0.0
3,1740,6,False,0,2025-02-22,1,0.0,0.08,0.11,5,22,0,1,0,1.1428571428571428,0.0
3,1827,6,False,0,2025-02-22,1,0.0,0.1,0.15,5,22,0,1,0,1.1428571428571428,0.0
3,1845,6,False,0,2025-02-22,1,0.0,0.05,0.06,5,22,0,1,0,1.1428571428571428,0.0
3,1865,6,False,0,2025-02-22,0,0.0,0.12,0.16,5,22,0,1,0,1.0,0.0
3,2131,6,False,0,2025-02-22,2,0.0,0.1,0.15,5,22,0,1,0,0.8571428571428571,0.0
3,2216,6,False,0,2025-02-22,1,0.0,0.06,0.09,5,22,0,1,0,1.0,0.0
3,2240,6,False,0,2025-02-22,1,0.0,0.13,0.18,5,22,0,1,0,1.0,0.0
3,2291,6,False,0,2025-02-22,0,0.0,0.15,0.21,5,22,0,1,0,1.0,0.0
3,2352,6,False,0,2025-02-22,1,0.0,0.11,0.15,5,22,0,1,0,0.8571428571428571,0.0
3,2515,6,False,0,2025-02-22,0,0.0,0.16,0.19,5,22,0,1,0,0.8571428571428571,0.0
3,2617,6,False,0,2025-02-22,1,0.0,0.13,0.19,5,22,0,1,0,0.7142857142857143,0.0
3,2799,6,False,0,2025-02-22,1,0.0,0.06,0.08,5,22,0,1,0,0.8571428571428571,0.0
3,2934,6,False,0,2025-02-22,0,1.0,0.07,0.1,5,22,0,1,0,0.7142857142857143,0.0
3,3090,6,False,0,2025-02-22,1,0.0,0.15,0.2,5,22,0,1,0,0.5714285714285714,0.0
3,3380,6,False,0,2025-02-22,2,0.0,0.06,0.09,5,22,0,1,0,0.5714285714285714,0.0
3,3637,6,False,0,2025-02-22,1,0.0,0.07,0.09,5,22,0,1,0,0.8571428571428571,0.0
3,3793,6,False,0,2025-02-22,1,0.0,0.03,0.04,5,22,0,1,0,0.8571428571428571,0.0
3,3937,6,False,0,2025-02-22,1,0.0,0.14,0.18,5,22,0,1,0,1.0,0.0
3,4074,6,False,0,2025-02-22,1,0.0,0.16,0.24,5,22,0,1,0,1.0,0.0
3,4196,6,False,0,2025-02-22,1,0.0,0.06,0.08,5,22,0,1,0,1.0,0.0
3,4356,6,False,0,2025-02-22,1,0.0,0.09,0.13,5,22,0,1,0,1.1428571428571428,0.0
3,4398,6,False,0,2025-02-22,0,0.0,0.09,0.1,5,22,0,1,0,1.1428571428571428,0.0
3,4430,6,False,0,2025-02-22,2,0.0,0.08,0.11,5,22,0,1,0,0.8571428571428571,0.0
3,4730,6,False,0,2025-02-22,1,0.0,0.13,0.19,5,22,0,1,0,1.0,0.0
3,4736,6,False,0,2025-02-22,1,0.0,0.07,0.09,5,22,0,1,0,1.0,0.0
3,4849,6,False,0,2025-02-22,2,0.0,0.13,0.25,5,22,0,1,0,1.0,0.0
3,4887,6,False,0,2025-02-22,1,1.0,0.13,0.15,5,22,0,1,0,1.1428571428571428,0.0
3,5023,6,False,0,2025-02-22,1,0.0,0.13,0.18,5,22,0,1,0,1.1428571428571428,0.0
3,411,7,False,0,2025-02-22,6,1.0,0.0,0.01,5,22,0,1,0,1.1428571428571428,0.0
3,461,7,False,0,2025-02-22,14,0.0,0.0,0.01,5,22,0,1,0,2.0,0.0
3,551,7,False,0,2025-02-22,8,0.0,0.01,0.01,5,22,0,1,0,3.7142857142857144,0.0
3,559,7,False,0,2025-02-22,20,0.0,0.01,0.01,5,22,0,1,0,4.714285714285714,0.0
3,848,7,False,0,2025-02-22,4,0.0,0.04,0.06,5,22,0,1,0,7.428571428571429,0.0
3,861,7,False,0,2025-02-22,7,0.0,0.01,0.02,5,22,0,1,0,7.714285714285714,0.0
3,1115,7,False,0,2025-02-22,0,0.0,0.0,0.0,5,22,0,1,0,8.571428571428571,0.0
3,1288,7,False,0,2025-02-22,2,0.0,0.01,0.02,5,22,0,1,0,8.428571428571429,0.0
3,1787,7,False,0,2025-02-22,0,0.0,0.02,0.02,5,22,0,1,0,7.857142857142857,0.0
3,2175,7,False,0,2025-02-22,3,1.0,0.03,0.03,5,22,0,1,0,5.857142857142857,0.0
3,2227,7,False,0,2025-02-22,5,0.0,0.02,0.03,5,22,0,1,0,5.142857142857143,0.0
3,2499,7,False,0,2025-02-22,3,0.0,0.0,0.01,5,22,0,1,0,3.0,0.0
3,2887,7,False,0,2025-02-22,19,1.0,0.02,0.03,5,22,0,1,0,2.857142857142857,0.0
3,3023,7,False,0,2025-02-22,20,0.0,0.01,0.01,5,22,0,1,0,4.571428571428571,0.0
3,3040,7,False,0,2025-02-22,16,0.0,0.0,0.0,5,22,0,1,0,7.428571428571429,0.0
3,3105,7,False,0,2025-02-22,9,0.0,0.0,0.01,5,22,0,1,0,9.428571428571429,0.0
3,3272,7,False,0,2025-02-22,6,0.0,0.01,0.02,5,22,0,1,0,10.714285714285714,0.0
3,3314,7,False,0,2025-02-22,13,0.0,0.0,0.01,5,22,0,1,0,11.142857142857142,0.0
3,3401,7,False,0,2025-02-22,6,0.0,0.0,0.01,5,22,0,1,0,12.285714285714286,0.0
3,4026,7,False,0,2025-02-22,6,0.0,0.12,0.16,5,22,0,1,0,12.714285714285714,0.0
3,4093,7,False,0,2025-02-22,6,0.0,0.01,0.01,5,22,0,1,0,10.857142857142858,0.0
3,4298,7,False,0,2025-02-22,8,0.0,0.01,0.01,5,22,0,1,0,8.857142857142858,0.0
3,4351,7,False,0,2025-02-22,3,1.0,0.01,0.03,5,22,0,1,0,7.714285714285714,0.0
3,4411,7,False,0,2025-02-22,15,0.0,0.02,0.03,5,22,0,1,0,6.857142857142857,0.0
3,4585,7,False,0,2025-02-22,6,0.0,0.02,0.04,5,22,0,1,0,8.142857142857142,0.0
3,4688,7,False,0,2025-02-22,15,0.0,0.0,0.03,5,22,0,1,0,7.142857142857143,0.0
3,4867,7,False,0,2025-02-22,14,0.0,0.03,0.04,5,22,0,1,0,8.428571428571429,0.0
3,199,8,False,0,2025-02-22,11,0.0,0.01,0.02,5,22,0,1,0,9.571428571428571,0.0
3,269,8,False,0,2025-02-22,46,0.0,0.0,0.01,5,22,0,1,0,10.285714285714286,0.0
3,805,8,False,0,2025-02-22,10,0.0,0.0,0.01,5,22,0,1,0,15.714285714285714,0.0
3,828,8,False,0,2025-02-22,39,0.0,0.01,0.01,5,22,0,1,0,16.714285714285715,0.0
3,932,8,False,0,2025-02-22,6,0.0,0.01,0.02,5,22,0,1,0,20.142857142857142,0.0
3,1010,8,False,0,2025-02-22,10,0.0,0.01,0.02,5,22,0,1,0,20.142857142857142,0.0
3,1073,8,False,0,2025-02-22,19,0.0,0.01,0.02,5,22,0,1,0,19.428571428571427,0.0
3,1308,8,False,0,2025-02-22,28,3.0,0.02,0.02,5,22,0,1,0,20.142857142857142,0.0
3,2253,8,False,0,2025-02-22,7,0.0,0.0,0.01,5,22,0,1,0,22.571428571428573,0.0
3,2420,8,False,0,2025-02-22,19,0.0,0.0,0.01,5,22,0,1,0,17.0,0.0
3,2659,8,False,0,2025-02-22,21,0.0,0.01,0.01,5,22,0,1,0,18.285714285714285,0.0
3,2985,8,False,0,2025-02-22,20,0.0,0.02,0.02,5,22,0,1,0,15.714285714285714,0.0
3,3015,8,False,0,2025-02-22,12,0.0,0.01,0.02,5,22,0,1,0,17.714285714285715,0.0
3,3331,8,False,0,2025-02-22,34,0.0,0.01,0.02,5,22,0,1,0,18.0,0.0
3,3430,8,False,0,2025-02-22,14,0.0,0.01,0.02,5,22,0,1,0,20.142857142857142,0.0
3,3545,8,False,0,2025-02-22,12,0.0,0.02,0.03,5,22,0,1,0,18.142857142857142,0.0
3,3594,8,False,0,2025-02-22,5,0.0,0.01,0.01,5,22,0,1,0,18.857142857142858,0.0
3,3605,8,False,0,2025-02-22,19,0.0,0.01,0.01,5,22,0,1,0,16.857142857142858,0.0
3,4513,8,False,0,2025-02-22,12,0.0,0.01,0.02,5,22,0,1,0,16.571428571428573,0.0
3,4560,8,False,0,2025-02-22,18,0.0,0.01,0.02,5,22,0,1,0,15.428571428571429,0.0
3,5038,8,False,0,2025-02-22,1,3.0,0.02,0.02,5,22,0,1,0,16.285714285714285,0.0
3,5075,8,False,0,2025-02-22,14,0.0,0.01,0.02,5,22,0,1,0,11.571428571428571,0.0
3,5178,8,False,0,2025-02-22,10,2.0,0.01,0.02,5,22,0,1,0,11.571428571428571,0.0
3,10,9,True,0,2025-02-22,3,0.0,0.04,0.13,5,22,0,1,0,11.285714285714286,0.0
3,45,9,True,0,2025-02-22,12,1.0,0.02,0.05,5,22,0,1,0,11.0,0.0
3,141,9,True,0,2025-02-22,9,1.0,0.03,0.07,5,22,0,1,0,10.0,0.0
3,187,9,True,0,2025-02-22,12,0.0,0.01,0.03,5,22,0,1,0,9.571428571428571,0.0
3,270,9,True,0,2025-02-22,5,0.0,0.02,0.11,5,22,0,1,0,8.714285714285714,0.0
3,275,9,True,0,2025-02-22,11,0.0,0.04,0.06,5,22,0,1,0,9.285714285714286,0.0
3,278,9,True,0,2025-02-22,7,1.0,0.05,0.1,5,22,0,1,0,8.857142857142858,0.0
3,317,9,True,0,2025-02-22,9,0.0,0.01,0.01,5,22,0,1,0,8.428571428571429,0.0
3,352,9,True,0,2025-02-22,7,0.0,0.02,0.08,5,22,0,1,0,9.285714285714286,0.0
3,473,9,True,0,2025-02-22,18,4.0,0.01,0.02,5,22,0,1,0,8.571428571428571,0.0
3,496,9,True,0,2025-02-22,19,5.0,0.01,0.02,5,22,0,1,0,9.857142857142858,0.0
3,615,9,True,0,2025-02-22,9,0.0,0.02,0.04,5,22,0,1,0,10.857142857142858,0.0
3,678,9,True,0,2025-02-22,22,0.0,0.01,0.05,5,22,0,1,0,11.428571428571429,0.0
3,696,9,True,0,2025-02-22,3,1.0,0.01,0.05,5,22,0,1,0,13.0,0.0
3,747,9,True,0,2025-02-22,5,0.0,0.01,0.03,5,22,0,1,0,12.428571428571429,0.0
3,802,9,True,0,2025-02-22,11,0.0,0.06,0.1,5,22,0,1,0,11.857142857142858,0.0
3,813,9,True,0,2025-02-22,11,0.0,0.02,0.03,5,22,0,1,0,12.428571428571429,0.0
3,958,9,True,0,2025-02-22,9,0.0,0.01,0.03,5,22,0,1,0,11.428571428571429,0.0
3,976,9,True,0,2025-02-22,4,0.0,0.01,0.03,5,22,0,1,0,10.0,0.0
3,1112,9,True,0,2025-02-22,7,0.0,0.02,0.06,5,22,0,1,0,9.285714285714286,0.0
3,1148,9,True,0,2025-02-22,11,1.0,0.02,0.06,5,22,0,1,0,7.142857142857143,0.0
3,1172,9,True,0,2025-02-22,8,0.0,0.01,0.03,5,22,0,1,0,8.285714285714286,0.0
3,1178,9,True,0,2025-02-22,3,0.0,0.02,0.06,5,22,0,1,0,8.714285714285714,0.0
3,1287,9,True,0,2025-02-22,10,0.0,0.01,0.03,5,22,0,1,0,7.571428571428571,0.0
3,1323,9,True,0,2025-02-22,5,0.0,0.02,0.06,5,22,0,1,0,7.428571428571429,0.0
3,1409,9,True,0,2025-02-22,7,1.0,0.02,0.06,5,22,0,1,0,6.857142857142857,0.0
3,1510,9,True,0,2025-02-22,0,2.0,0.03,0.09,5,22,0,1,0,7.285714285714286,0.0
3,1661,9,True,0,2025-02-22,6,0.0,0.01,0.05,5,22,0,1,0,6.285714285714286,0.0
3,1696,9,True,0,2025-02-22,29,2.0,0.01,0.02,5,22,0,1,0,5.571428571428571,0.0
3,1705,9,True,0,2025-02-22,6,2.0,0.04,0.07,5,22,0,1,0,8.571428571428571,0.0
3,1896,9,True,0,2025-02-22,16,1.0,0.03,0.08,5,22,0,1,0,9.0,0.0
3,1906,9,True,0,2025-02-22,4,0.0,0.04,0.16,5,22,0,1,0,9.857142857142858,0.0
3,1951,9,True,0,2025-02-22,1,0.0,0.02,0.07,5,22,0,1,0,9.714285714285714,0.0
3,2010,9,True,0,2025-02-22,4,0.0,0.03,0.17,5,22,0,1,0,8.857142857142858,0.0
3,2011,9,True,0,2025-02-22,2,0.0,0.01,0.04,5,22,0,1,0,9.428571428571429,0.0
3,2056,9,True,0,2025-02-22,12,1.0,0.01,0.02,5,22,0,1,0,8.857142857142858,0.0
3,2256,9,True,0,2025-02-22,5,0.0,0.02,0.04,5,22,0,1,0,6.428571428571429,0.0
3,2284,9,True,0,2025-02-22,19,0.0,0.01,0.03,5,22,0,1,0,6.285714285714286,0.0
3,2307,9,True,0,2025-02-22,3,0.0,0.02,0.07,5,22,0,1,0,6.714285714285714,0.0
3,2357,9,True,0,2025-02-22,5,0.0,0.09,0.2,5,22,0,1,0,6.571428571428571,0.0
3,2360,9,True,0,2025-02-22,22,0.0,0.01,0.04,5,22,0,1,0,7.142857142857143,0.0
3,2399,9,True,0,2025-02-22,9,0.0,0.03,0.12,5,22,0,1,0,9.714285714285714,0.0
3,2401,9,True,0,2025-02-22,8,0.0,0.01,0.05,5,22,0,1,0,10.714285714285714,0.0
3,2419,9,True,0,2025-02-22,15,0.0,0.02,0.03,5,22,0,1,0,10.142857142857142,0.0
3,2474,9,True,0,2025-02-22,8,0.0,0.04,0.08,5,22,0,1,0,11.571428571428571,0.0
3,2486,9,True,0,2025-02-22,21,0.0,0.02,0.07,5,22,0,1,0,10.0,0.0
3,2543,9,True,0,2025-02-22,19,0.0,0.0,0.02,5,22,0,1,0,12.571428571428571,0.0
3,2615,9,True,0,2025-02-22,3,1.0,0.02,0.06,5,22,0,1,0,14.571428571428571,0.0
3,2795,9,True,0,2025-02-22,17,0.0,0.02,0.07,5,22,0,1,0,11.857142857142858,0.0
3,2812,9,True,0,2025-02-22,2,0.0,0.02,0.1,5,22,0,1,0,13.0,0.0
3,2841,9,True,0,2025-02-22,13,0.0,0.01,0.06,5,22,0,1,0,12.142857142857142,0.0
3,2857,9,True,0,2025-02-22,10,4.0,0.01,0.02,5,22,0,1,0,11.857142857142858,0.0
3,3008,9,True,0,2025-02-22,15,0.0,0.01,0.09,5,22,0,1,0,12.142857142857142,0.0
3,3226,9,True,0,2025-02-22,20,0.0,0.02,0.05,5,22,0,1,0,11.285714285714286,0.0
3,3241,9,True,0,2025-02-22,7,1.0,0.01,0.06,5,22,0,1,0,11.428571428571429,0.0
3,3244,9,True,0,2025-02-22,10,0.0,0.01,0.05,5,22,0,1,0,12.0,0.0
3,3356,9,True,0,2025-02-22,7,0.0,0.01,0.03,5,22,0,1,0,11.0,0.0
3,3540,9,True,0,2025-02-22,10,0.0,0.03,0.07,5,22,0,1,0,11.714285714285714,0.0
3,3735,9,True,0,2025-02-22,3,0.0,0.02,0.08,5,22,0,1,0,11.285714285714286,0.0
3,3751,9,True,0,2025-02-22,5,0.0,0.04,0.11,5,22,0,1,0,10.285714285714286,0.0
3,3789,9,True,0,2025-02-22,2,0.0,0.01,0.03,5,22,0,1,0,8.857142857142858,0.0
3,3905,9,True,0,2025-02-22,1,0.0,0.01,0.06,5,22,0,1,0,6.285714285714286,0.0
3,4012,9,True,0,2025-02-22,11,0.0,0.01,0.05,5,22,0,1,0,5.428571428571429,0.0
3,4106,9,True,0,2025-02-22,2,0.0,0.02,0.1,5,22,0,1,0,5.571428571428571,0.0
3,4141,9,True,0,2025-02-22,8,0.0,0.05,0.09,5,22,0,1,0,4.857142857142857,0.0
3,4153,9,True,0,2025-02-22,9,0.0,0.01,0.02,5,22,0,1,0,4.571428571428571,0.0
3,4154,9,True,0,2025-02-22,20,2.0,0.0,0.01,5,22,0,1,0,5.428571428571429,0.0
3,4197,9,True,0,2025-02-22,6,0.0,0.01,0.02,5,22,0,1,0,7.571428571428571,0.0
3,4348,9,True,0,2025-02-22,12,0.0,0.01,0.03,5,22,0,1,0,8.142857142857142,0.0
3,4350,9,True,0,2025-02-22,6,0.0,0.03,0.07,5,22,0,1,0,9.714285714285714,0.0
3,4367,9,True,0,2025-02-22,4,0.0,0.03,0.09,5,22,0,1,0,9.0,0.0
3,4466,9,True,0,2025-02-22,5,0.0,0.02,0.09,5,22,0,1,0,9.285714285714286,0.0
3,4493,9,True,0,2025-02-22,7,0.0,0.01,0.09,5,22,0,1,0,8.857142857142858,0.0
3,4530,9,True,0,2025-02-22,5,1.0,0.01,0.02,5,22,0,1,0,8.571428571428571,0.0
3,4594,9,True,0,2025-02-22,0,3.0,0.01,0.08,5,22,0,1,0,6.428571428571429,0.0
3,4637,9,True,0,2025-02-22,22,2.0,0.01,0.03,5,22,0,1,0,5.571428571428571,0.0
3,4645,9,True,0,2025-02-22,11,2.0,0.01,0.02,5,22,0,1,0,7.0,0.0
3,4655,9,True,0,2025-02-22,4,0.0,0.06,0.08,5,22,0,1,0,7.714285714285714,0.0
3,4679,9,True,0,2025-02-22,10,0.0,0.01,0.03,5,22,0,1,0,7.714285714285714,0.0
3,4845,9,True,0,2025-02-22,6,0.0,0.01,0.03,5,22,0,1,0,8.428571428571429,0.0
3,4906,9,True,0,2025-02-22,13,0.0,0.01,0.04,5,22,0,1,0,8.285714285714286,0.0
3,4996,9,True,0,2025-02-22,4,0.0,0.0,0.02,5,22,0,1,0,9.428571428571429,0.0
3,5079,9,True,0,2025-02-22,10,0.0,0.01,0.03,5,22,0,1,0,10.0,0.0
3,5087,9,True,0,2025-02-22,10,1.0,0.03,0.07,5,22,0,1,0,8.285714285714286,0.0
3,5093,9,True,0,2025-02-22,20,0.0,0.02,0.07,5,22,0,1,0,8.142857142857142,0.0
3,5122,9,True,0,2025-02-22,9,0.0,0.01,0.03,5,22,0,1,0,10.428571428571429,0.0
3,5135,9,True,0,2025-02-22,9,0.0,0.02,0.06,5,22,0,1,0,10.285714285714286,0.0
3,5175,9,True,0,2025-02-22,13,0.0,0.01,0.04,5,22,0,1,0,10.714285714285714,0.0
3,5212,9,True,0,2025-02-22,2,0.0,0.01,0.05,5,22,0,1,0,10.714285714285714,0.0
3,5272,9,True,0,2025-02-22,16,3.0,0.01,0.02,5,22,0,1,0,10.428571428571429,1.6691230550328073
3,147,10,False,0,2025-02-22,30,0.0,0.03,0.1,5,22,0,1,0,11.285714285714286,0.0
3,1782,10,False,0,2025-02-22,24,0.0,0.04,0.09,5,22,0,1,0,14.142857142857142,0.0
3,2377,10,False,0,2025-02-22,32,0.0,0.0,0.01,5,22,0,1,0,14.714285714285714,2.9328023780551344
3,3203,10,False,0,2025-02-22,30,0.0,0.03,0.13,5,22,0,1,0,18.0,0.0
3,5018,10,False,0,2025-02-22,24,0.0,0.02,0.13,5,22,0,1,0,21.0,0.0
3,2058,11,False,0,2025-02-22,0,0.0,0.22,0.22,5,22,0,1,0,22.571428571428573,1.8331267913221603
3,2882,11,False,0,2025-02-22,16,0.0,0.23,0.23,5,22,0,1,0,22.285714285714285,0.0
3,3107,11,False,0,2025-02-22,3,0.0,0.12,0.15,5,22,0,1,0,22.285714285714285,0.0
3,3123,11,False,0,2025-02-22,21,7.0,0.23,0.22,5,22,0,1,0,18.428571428571427,0.0
3,3499,11,False,0,2025-02-22,23,1.0,0.09,0.08,5,22,0,1,0,18.0,2.845090490888476
3,3870,11,False,0,2025-02-22,3,0.0,0.15,0.18,5,22,0,1,0,16.714285714285715,0.0
3,4160,11,False,0,2025-02-22,9,0.0,0.16,0.19,5,22,0,1,0,12.857142857142858,0.0
3,5085,11,False,0,2025-02-22,20,0.0,0.23,0.22,5,22,0,1,0,10.714285714285714,0.0
3,488,1,False,0,2025-02-27,28,1.0,0.14,0.16,3,27,0,0,1,13.571428571428571,1.6599240733597882
3,1985,1,False,0,2025-02-27,10,0.0,0.14,0.15,3,27,0,0,1,15.285714285714286,0.0
3,2735,1,False,0,2025-02-27,15,0.0,0.14,0.16,3,27,0,0,1,16.285714285714285,1.6551524555615378
3,3664,1,False,0,2025-02-27,18,1.0,0.14,0.17,3,27,0,0,1,15.428571428571429,1.628032586249946
3,4052,1,False,0,2025-02-27,12,4.0,0.15,0.15,3,27,0,0,1,14.714285714285714,0.0
3,48,3,True,0,2025-02-27,4,0.0,0.12,0.17,3,27,0,0,1,16.0,0.0
3,59,3,True,0,2025-02-27,10,0.0,0.02,0.02,3,27,0,0,1,15.285714285714286,0.0
3,82,3,True,0,2025-02-27,5,0.0,0.06,0.07,3,27,0,0,1,13.857142857142858,0.0
3,86,3,True,0,2025-02-27,2,0.0,0.12,0.15,3,27,0,0,1,10.571428571428571,0.0
3,87,3,True,0,2025-02-27,6,0.0,0.03,0.05,3,27,0,0,1,9.428571428571429,0.0
3,94,3,True,0,2025-02-27,2,0.0,0.08,0.14,3,27,0,0,1,8.142857142857142,0.0
3,103,3,True,0,2025-02-27,4,0.0,0.06,0.09,3,27,0,0,1,5.857142857142857,0.0
3,106,3,True,0,2025-02-27,5,0.0,0.04,0.06,3,27,0,0,1,4.714285714285714,0.0
3,167,3,True,0,2025-02-27,3,0.0,0.09,0.16,3,27,0,0,1,4.857142857142857,0.0
3,212,3,True,0,2025-02-27,2,0.0,0.05,0.07,3,27,0,0,1,3.857142857142857,0.0
3,234,3,True,0,2025-02-27,1,0.0,0.08,0.11,3,27,0,0,1,3.4285714285714284,0.0
3,281,3,True,0,2025-02-27,1,0.0,0.07,0.1,3,27,0,0,1,3.2857142857142856,0.0
3,381,3,True,0,2025-02-27,4,0.0,0.04,0.05,3,27,0,0,1,2.5714285714285716,0.0
3,415,3,True,0,2025-02-27,1,0.0,0.07,0.1,3,27,0,0,1,2.857142857142857,0.0
3,440,3,True,0,2025-02-27,6,0.0,0.05,0.07,3,27,0,0,1,2.4285714285714284,0.0
3,470,3,True,0,2025-02-27,3,0.0,0.07,0.09,3,27,0,0,1,2.5714285714285716,0.0
3,493,3,True,0,2025-02-27,5,0.0,0.11,0.12,3,27,0,0,1,2.5714285714285716,0.0
3,516,3,True,0,2025-02-27,18,0.0,0.02,0.02,3,27,0,0,1,3.0,0.0
3,605,3,True,0,2025-02-27,4,1.0,0.05,0.07,3,27,0,0,1,5.428571428571429,0.0
3,612,3,True,0,2025-02-27,8,0.0,0.03,0.03,3,27,0,0,1,5.857142857142857,0.0
3,620,3,True,0,2025-02-27,5,0.0,0.02,0.03,3,27,0,0,1,6.428571428571429,0.0
3,650,3,True,0,2025-02-27,1,1.0,0.08,0.11,3,27,0,0,1,7.0,0.0
3,686,3,True,0,2025-02-27,2,0.0,0.03,0.04,3,27,0,0,1,6.285714285714286,0.0
3,703,3,True,0,2025-02-27,17,0.0,0.02,0.02,3,27,0,0,1,6.142857142857143,0.0
3,742,3,True,0,2025-02-27,5,0.0,0.04,0.05,3,27,0,0,1,7.857142857142857,0.0
3,855,3,True,0,2025-02-27,1,0.0,0.02,0.03,3,27,0,0,1,6.0,0.0
3,947,3,True,0,2025-02-27,42,0.0,0.01,0.01,3,27,0,0,1,5.571428571428571,0.0
3,1052,3,True,0,2025-02-27,7,0.0,0.02,0.03,3,27,0,0,1,10.428571428571429,0.0
3,1071,3,True,0,2025-02-27,2,0.0,0.02,0.05,3,27,0,0,1,10.714285714285714,0.0
3,1103,3,True,0,2025-02-27,4,0.0,0.1,0.13,3,27,0,0,1,10.857142857142858,0.0
3,1105,3,True,0,2025-02-27,7,0.0,0.05,0.07,3,27,0,0,1,11.142857142857142,0.0
3,1120,3,True,0,2025-02-27,4,2.0,0.06,0.09,3,27,0,0,1,9.714285714285714,0.0
3,1175,3,True,0,2025-02-27,5,0.0,0.01,0.03,3,27,0,0,1,9.571428571428571,0.0
3,1190,3,True,0,2025-02-27,6,0.0,0.04,0.05,3,27,0,0,1,10.142857142857142,0.0
3,1223,3,True,0,2025-02-27,2,0.0,0.03,0.05,3,27,0,0,1,5.0,0.0
3,1235,3,True,0,2025-02-27,2,0.0,0.06,0.08,3,27,0,0,1,4.285714285714286,0.0
3,1261,3,True,0,2025-02-27,2,0.0,0.07,0.09,3,27,0,0,1,4.285714285714286,0.0
3,1291,3,True,0,2025-02-27,7,0.0,0.04,0.06,3,27,0,0,1,4.0,0.0
3,1382,3,True,0,2025-02-27,1,1.0,0.05,0.07,3,27,0,0,1,4.0,0.0
3,1384,3,True,0,2025-02-27,2,1.0,0.08,0.1,3,27,0,0,1,3.5714285714285716,0.0
3,1390,3,True,0,2025-02-27,4,0.0,0.04,0.06,3,27,0,0,1,3.142857142857143,0.0
3,1447,3,True,0,2025-02-27,3,0.0,0.08,0.12,3,27,0,0,1,2.857142857142857,0.0
3,1470,3,True,0,2025-02-27,6,0.0,0.06,0.08,3,27,0,0,1,3.0,0.0
3,1503,3,True,0,2025-02-27,1,0.0,0.17,0.24,3,27,0,0,1,3.5714285714285716,0.0
3,1505,3,True,0,2025-02-27,9,0.0,0.01,0.02,3,27,0,0,1,3.4285714285714284,0.0
3,1531,3,True,0,2025-02-27,23,0.0,0.05,0.08,3,27,0,0,1,3.7142857142857144,0.0
3,1576,3,True,0,2025-02-27,2,0.0,0.13,0.17,3,27,0,0,1,6.857142857142857,0.0
3,1610,3,True,0,2025-02-27,29,2.0,0.01,0.01,3,27,0,0,1,6.857142857142857,0.0
3,1642,3,True,0,2025-02-27,1,0.0,0.09,0.11,3,27,0,0,1,10.428571428571429,0.0
3,1771,3,True,0,2025-02-27,2,0.0,0.17,0.26,3,27,0,0,1,10.142857142857142,0.0
3,1822,3,True,0,2025-02-27,4,0.0,0.08,0.11,3,27,0,0,1,9.571428571428571,0.0
3,1849,3,True,0,2025-02-27,1,0.0,0.05,0.06,3,27,0,0,1,10.0,0.0
3,1902,3,True,0,2025-02-27,4,0.0,0.03,0.04,3,27,0,0,1,8.857142857142858,0.0
3,1940,3,True,0,2025-02-27,3,0.0,0.04,0.06,3,27,0,0,1,6.142857142857143,0.0
3,1949,3,True,0,2025-02-27,1,0.0,0.04,0.05,3,27,0,0,1,6.285714285714286,0.0
3,1969,3,True,0,2025-02-27,2,0.0,0.13,0.15,3,27,0,0,1,2.2857142857142856,0.0
3,1988,3,True,0,2025-02-27,1,0.0,0.12,0.16,3,27,0,0,1,2.4285714285714284,0.0
3,1997,3,True,0,2025-02-27,10,0.0,0.01,0.02,3,27,0,0,1,2.2857142857142856,0.0
3,2039,3,True,0,2025-02-27,29,0.0,0.01,0.02,3,27,0,0,1,3.142857142857143,0.0
3,2040,3,True,0,2025-02-27,3,0.0,0.08,0.11,3,27,0,0,1,7.142857142857143,0.0
3,2048,3,True,0,2025-02-27,2,0.0,0.04,0.06,3,27,0,0,1,7.0,0.0
3,2062,3,True,0,2025-02-27,3,0.0,0.11,0.14,3,27,0,0,1,6.857142857142857,0.0
3,2110,3,True,0,2025-02-27,4,0.0,0.06,0.08,3,27,0,0,1,7.142857142857143,0.0
3,2127,3,True,0,2025-02-27,54,0.0,0.03,0.04,3,27,0,0,1,7.428571428571429,0.0
3,2151,3,True,0,2025-02-27,0,0.0,0.0,0.01,3,27,0,0,1,15.0,0.0
3,2185,3,True,0,2025-02-27,11,0.0,0.04,0.05,3,27,0,0,1,13.571428571428571,0.0
3,2236,3,True,0,2025-02-27,5,1.0,0.07,0.09,3,27,0,0,1,11.0,0.0
3,2331,3,True,0,2025-02-27,1,0.0,0.52,0.59,3,27,0,0,1,11.285714285714286,0.0
3,2432,3,True,0,2025-02-27,2,0.0,0.03,0.04,3,27,0,0,1,11.142857142857142,0.0
3,2491,3,True,0,2025-02-27,2,0.0,0.03,0.05,3,27,0,0,1,11.0,0.0
3,2551,3,True,0,2025-02-27,11,0.0,0.02,0.02,3,27,0,0,1,10.714285714285714,0.0
3,2558,3,True,0,2025-02-27,3,0.0,0.08,0.11,3,27,0,0,1,4.571428571428571,0.0
3,2585,3,True,0,2025-02-27,2,0.0,0.03,0.03,3,27,0,0,1,5.0,0.0
3,2595,3,True,0,2025-02-27,31,0.0,0.0,0.01,3,27,0,0,1,3.7142857142857144,0.0
3,2700,3,True,0,2025-02-27,24,2.0,0.01,0.01,3,27,0,0,1,7.428571428571429,0.0
3,2805,3,True,0,2025-02-27,1,0.0,0.08,0.11,3,27,0,0,1,10.714285714285714,0.0
3,2816,3,True,0,2025-02-27,3,0.0,0.06,0.08,3,27,0,0,1,10.571428571428571,0.0
3,2840,3,True,0,2025-02-27,5,0.0,0.17,0.21,3,27,0,0,1,10.714285714285714,0.0
3,2852,3,True,0,2025-02-27,1,0.0,0.07,0.1,3,27,0,0,1,9.857142857142858,0.0
3,2884,3,True,0,2025-02-27,1,0.0,0.23,0.28,3,27,0,0,1,9.571428571428571,0.0
3,2889,3,True,0,2025-02-27,7,1.0,0.03,0.04,3,27,0,0,1,9.428571428571429,0.0
3,3190,3,True,0,2025-02-27,24,0.0,0.02,0.02,3,27,0,0,1,6.0,0.0
3,3239,3,True,0,2025-02-27,3,1.0,0.06,0.07,3,27,0,0,1,6.0,0.0
3,3279,3,True,0,2025-02-27,2,0.0,0.02,0.03,3,27,0,0,1,6.285714285714286,0.0
3,3283,3,True,0,2025-02-27,2,0.0,0.1,0.13,3,27,0,0,1,6.142857142857143,0.0
3,3339,3,True,0,2025-02-27,39,0.0,0.01,0.01,3,27,0,0,1,5.714285714285714,0.0
3,3349,3,True,0,2025-02-27,1,1.0,0.27,0.32,3,27,0,0,1,11.142857142857142,0.0
3,3360,3,True,0,2025-02-27,1,0.0,0.02,0.04,3,27,0,0,1,11.142857142857142,0.0
3,3556,3,True,0,2025-02-27,1,0.0,0.26,0.35,3,27,0,0,1,10.285714285714286,0.0
3,3693,3,True,0,2025-02-27,21,1.0,0.01,0.01,3,27,0,0,1,7.0,0.0
3,3768,3,True,0,2025-02-27,1,0.0,0.02,0.02,3,27,0,0,1,9.571428571428571,0.0
3,3786,3,True,0,2025-02-27,0,0.0,0.05,0.15,3,27,0,0,1,9.428571428571429,0.0
3,3862,3,True,0,2025-02-27,3,0.0,0.07,0.09,3,27,0,0,1,9.142857142857142,0.0
3,3931,3,True,0,2025-02-27,11,0.0,0.01,0.02,3,27,0,0,1,4.0,0.0
3,3985,3,True,0,2025-02-27,4,0.0,0.12,0.15,3,27,0,0,1,5.428571428571429,0.0
3,4059,3,True,0,2025-02-27,1,0.0,0.33,0.42,3,27,0,0,1,5.857142857142857,0.0
3,4101,3,True,0,2025-02-27,5,0.0,0.13,0.15,3,27,0,0,1,5.857142857142857,0.0
3,4144,3,True,0,2025-02-27,26,0.0,0.02,0.03,3,27,0,0,1,3.5714285714285716,0.0
3,4176,3,True,0,2025-02-27,5,0.0,0.03,0.05,3,27,0,0,1,7.142857142857143,0.0
3,4204,3,True,0,2025-02-27,1,0.0,0.14,0.17,3,27,0,0,1,7.857142857142857,0.0
3,4205,3,True,0,2025-02-27,29,1.0,0.02,0.02,3,27,0,0,1,7.571428571428571,0.0
3,4215,3,True,0,2025-02-27,2,0.0,0.03,0.07,3,27,0,0,1,10.142857142857142,0.0
3,4252,3,True,0,2025-02-27,8,1.0,0.02,0.03,3,27,0,0,1,9.857142857142858,0.0
3,4321,3,True,0,2025-02-27,1,0.0,0.1,0.12,3,27,0,0,1,10.857142857142858,0.0
3,4333,3,True,0,2025-02-27,0,1.0,0.21,0.26,3,27,0,0,1,10.285714285714286,0.0
3,4426,3,True,0,2025-02-27,8,1.0,0.03,0.04,3,27,0,0,1,6.571428571428571,0.0
3,4433,3,True,0,2025-02-27,1,0.0,0.05,0.07,3,27,0,0,1,7.0,0.0
3,4439,3,True,0,2025-02-27,17,0.0,0.02,0.02,3,27,0,0,1,7.0,0.0
3,4447,3,True,0,2025-02-27,4,0.0,0.02,0.03,3,27,0,0,1,5.285714285714286,0.0
3,4461,3,True,0,2025-02-27,10,0.0,0.03,0.03,3,27,0,0,1,5.571428571428571,0.0
3,4470,3,True,0,2025-02-27,1,0.0,0.07,0.09,3,27,0,0,1,5.857142857142857,0.0
3,4488,3,True,0,2025-02-27,15,0.0,0.01,0.03,3,27,0,0,1,5.857142857142857,0.0
3,4504,3,True,0,2025-02-27,3,0.0,0.03,0.04,3,27,0,0,1,8.0,0.0
3,4523,3,True,0,2025-02-27,6,0.0,0.06,0.09,3,27,0,0,1,7.285714285714286,0.0
3,4596,3,True,0,2025-02-27,7,0.0,0.07,0.08,3,27,0,0,1,8.0,0.0
3,4633,3,True,0,2025-02-27,4,0.0,0.04,0.06,3,27,0,0,1,6.571428571428571,0.0
3,4713,3,True,0,2025-02-27,4,0.0,0.04,0.05,3,27,0,0,1,6.571428571428571,0.0
3,4722,3,True,0,2025-02-27,3,0.0,0.04,0.06,3,27,0,0,1,5.714285714285714,0.0
3,4766,3,True,0,2025-02-27,17,0.0,0.03,0.04,3,27,0,0,1,6.0,0.0
3,4786,3,True,0,2025-02-27,5,0.0,0.03,0.04,3,27,0,0,1,6.285714285714286,0.0
3,4800,3,True,0,2025-02-27,7,0.0,0.08,0.11,3,27,0,0,1,6.571428571428571,0.0
3,4809,3,True,0,2025-02-27,3,0.0,0.1,0.17,3,27,0,0,1,6.714285714285714,0.0
3,4810,3,True,0,2025-02-27,4,0.0,0.03,0.04,3,27,0,0,1,6.142857142857143,0.0
3,4818,3,True,0,2025-02-27,7,0.0,0.04,0.07,3,27,0,0,1,6.142857142857143,0.0
3,4826,3,True,0,2025-02-27,1,0.0,0.12,0.16,3,27,0,0,1,6.571428571428571,0.0
3,4847,3,True,0,2025-02-27,3,0.0,0.1,0.13,3,27,0,0,1,6.285714285714286,0.0
3,4889,3,True,0,2025-02-27,3,0.0,0.03,0.04,3,27,0,0,1,4.285714285714286,0.0
3,4952,3,True,0,2025-02-27,2,0.0,0.24,0.27,3,27,0,0,1,4.0,0.0
3,4960,3,True,0,2025-02-27,3,0.0,0.02,0.03,3,27,0,0,1,3.2857142857142856,0.0
3,5029,3,True,0,2025-02-27,4,1.0,0.06,0.08,3,27,0,0,1,3.2857142857142856,0.0
3,5057,3,True,0,2025-02-27,2,0.0,0.06,0.09,3,27,0,0,1,3.2857142857142856,0.0
3,5060,3,True,0,2025-02-27,7,0.0,0.06,0.07,3,27,0,0,1,2.5714285714285716,0.0
3,5082,3,True,0,2025-02-27,3,0.0,0.04,0.06,3,27,0,0,1,3.4285714285714284,0.0
3,5090,3,True,0,2025-02-27,2,0.0,0.05,0.06,3,27,0,0,1,3.4285714285714284,0.0
3,5153,3,True,0,2025-02-27,1,0.0,0.09,0.11,3,27,0,0,1,3.2857142857142856,0.0
3,5167,3,True,0,2025-02-27,8,0.0,0.05,0.06,3,27,0,0,1,3.142857142857143,0.0
3,5176,3,True,0,2025-02-27,2,0.0,0.24,0.31,3,27,0,0,1,3.857142857142857,0.0
3,5183,3,True,0,2025-02-27,2,0.0,0.03,0.04,3,27,0,0,1,3.5714285714285716,0.0
3,5259,3,True,0,2025-02-27,3,0.0,0.06,0.08,3,27,0,0,1,3.5714285714285716,0.0
3,4,4,False,0,2025-02-27,4,0.0,0.12,0.16,3,27,0,0,1,3.0,0.0
3,19,4,False,0,2025-02-27,0,0.0,0.01,0.02,3,27,0,0,1,3.142857142857143,0.0
3,31,4,False,0,2025-02-27,2,0.0,0.02,0.03,3,27,0,0,1,2.857142857142857,0.0
3,34,4,False,0,2025-02-27,3,0.0,0.01,0.01,3,27,0,0,1,3.0,0.0
3,47,4,False,0,2025-02-27,5,0.0,0.01,0.02,3,27,0,0,1,2.2857142857142856,0.0
3,61,4,False,0,2025-02-27,4,0.0,0.01,0.02,3,27,0,0,1,2.7142857142857144,0.0
3,70,4,False,0,2025-02-27,3,0.0,0.03,0.06,3,27,0,0,1,3.0,0.0
3,91,4,False,0,2025-02-27,4,0.0,0.03,0.03,3,27,0,0,1,3.0,0.0
3,107,4,False,0,2025-02-27,3,0.0,0.03,0.04,3,27,0,0,1,3.0,0.0
3,122,4,False,0,2025-02-27,1,0.0,0.03,0.04,3,27,0,0,1,3.4285714285714284,0.0
3,155,4,False,0,2025-02-27,3,0.0,0.04,0.06,3,27,0,0,1,3.2857142857142856,0.0
3,200,4,False,0,2025-02-27,2,0.0,0.04,0.05,3,27,0,0,1,3.2857142857142856,0.0
3,248,4,False,0,2025-02-27,3,0.0,0.05,0.07,3,27,0,0,1,2.857142857142857,0.0
3,249,4,False,0,2025-02-27,2,0.0,0.13,0.17,3,27,0,0,1,2.7142857142857144,0.0
3,283,4,False,0,2025-02-27,3,0.0,0.03,0.05,3,27,0,0,1,2.5714285714285716,0.0
3,355,4,False,0,2025-02-27,2,0.0,0.02,0.03,3,27,0,0,1,2.4285714285714284,0.0
3,363,4,False,0,2025-02-27,3,0.0,0.01,0.01,3,27,0,0,1,2.2857142857142856,0.0
3,371,4,False,0,2025-02-27,3,0.0,0.01,0.01,3,27,0,0,1,2.5714285714285716,0.0
3,393,4,False,0,2025-02-27,3,1.0,0.02,0.03,3,27,0,0,1,2.5714285714285716,0.0
3,442,4,False,0,2025-02-27,2,0.0,0.05,0.08,3,27,0,0,1,2.7142857142857144,0.0
3,495,4,False,0,2025-02-27,3,0.0,0.02,0.03,3,27,0,0,1,2.5714285714285716,0.0
3,523,4,False,0,2025-02-27,3,0.0,0.03,0.05,3,27,0,0,1,2.7142857142857144,0.0
3,538,4,False,0,2025-02-27,2,0.0,0.02,0.04,3,27,0,0,1,2.7142857142857144,0.0
3,542,4,False,0,2025-02-27,2,0.0,0.04,0.05,3,27,0,0,1,2.7142857142857144,0.0
3,544,4,False,0,2025-02-27,4,0.0,0.02,0.04,3,27,0,0,1,2.5714285714285716,0.0
3,564,4,False,0,2025-02-27,4,0.0,0.02,0.03,3,27,0,0,1,2.7142857142857144,0.0
3,610,4,False,0,2025-02-27,4,0.0,0.04,0.06,3,27,0,0,1,2.857142857142857,0.0
3,619,4,False,0,2025-02-27,2,0.0,0.04,0.05,3,27,0,0,1,3.142857142857143,0.0
3,636,4,False,0,2025-02-27,2,0.0,0.02,0.03,3,27,0,0,1,3.0,0.0
3,645,4,False,0,2025-02-27,3,0.0,0.01,0.02,3,27,0,0,1,2.857142857142857,0.0
3,653,4,False,0,2025-02-27,2,0.0,0.02,0.03,3,27,0,0,1,3.0,0.0
3,668,4,False,0,2025-02-27,2,0.0,0.03,0.04,3,27,0,0,1,3.0,0.0
3,701,4,False,0,2025-02-27,3,1.0,0.02,0.04,3,27,0,0,1,2.7142857142857144,0.0
3,717,4,False,0,2025-02-27,2,0.0,0.05,0.07,3,27,0,0,1,2.5714285714285716,0.0
3,768,4,False,0,2025-02-27,1,0.0,0.03,0.04,3,27,0,0,1,2.2857142857142856,0.0
3,769,4,False,0,2025-02-27,5,0.0,0.01,0.01,3,27,0,0,1,2.142857142857143,0.0
3,780,4,False,0,2025-02-27,7,1.0,0.03,0.05,3,27,0,0,1,2.5714285714285716,0.0
3,794,4,False,0,2025-02-27,0,0.0,0.04,0.05,3,27,0,0,1,3.142857142857143,0.0
3,854,4,False,0,2025-02-27,1,0.0,0.05,0.06,3,27,0,0,1,2.857142857142857,0.0
3,858,4,False,0,2025-02-27,2,0.0,0.04,0.06,3,27,0,0,1,2.7142857142857144,0.0
3,864,4,False,0,2025-02-27,4,0.0,0.02,0.03,3,27,0,0,1,2.5714285714285716,0.0
3,875,4,False,0,2025-02-27,3,0.0,0.02,0.03,3,27,0,0,1,2.857142857142857,0.0
3,891,4,False,0,2025-02-27,4,0.0,0.03,0.04,3,27,0,0,1,3.142857142857143,0.0
3,961,4,False,0,2025-02-27,2,0.0,0.05,0.06,3,27,0,0,1,3.0,0.0
3,979,4,False,0,2025-02-27,4,0.0,0.06,0.07,3,27,0,0,1,2.2857142857142856,0.0
3,1017,4,False,0,2025-02-27,3,0.0,0.03,0.04,3,27,0,0,1,2.857142857142857,0.0
3,1047,4,False,0,2025-02-27,4,0.0,0.09,0.14,3,27,0,0,1,3.142857142857143,0.0
3,1057,4,False,0,2025-02-27,3,0.0,0.04,0.06,3,27,0,0,1,3.4285714285714284,0.0
3,1095,4,False,0,2025-02-27,3,0.0,0.03,0.05,3,27,0,0,1,3.2857142857142856,0.0
3,1107,4,False,0,2025-02-27,2,0.0,0.02,0.03,3,27,0,0,1,3.2857142857142856,0.0
3,1161,4,False,0,2025-02-27,2,0.0,0.02,0.03,3,27,0,0,1,3.0,0.0
3,1177,4,False,0,2025-02-27,4,0.0,0.1,0.15,3,27,0,0,1,3.0,0.0
3,1189,4,False,0,2025-02-27,2,0.0,0.02,0.04,3,27,0,0,1,3.0,0.0
3,1193,4,False,0,2025-02-27,2,0.0,0.02,0.03,3,27,0,0,1,2.857142857142857,0.0
3,1202,4,False,0,2025-02-27,2,0.0,0.02,0.04,3,27,0,0,1,2.5714285714285716,0.0
3,1215,4,False,0,2025-02-27,2,0.0,0.01,0.02,3,27,0,0,1,2.4285714285714284,0.0
3,1224,4,False,0,2025-02-27,5,0.0,0.04,0.04,3,27,0,0,1,2.2857142857142856,0.0
3,1267,4,False,0,2025-02-27,1,0.0,0.07,0.09,3,27,0,0,1,2.7142857142857144,0.0
3,1293,4,False,0,2025-02-27,6,0.0,0.03,0.04,3,27,0,0,1,2.5714285714285716,0.0
3,1303,4,False,0,2025-02-27,4,0.0,0.06,0.08,3,27,0,0,1,2.857142857142857,0.0
3,1338,4,False,0,2025-02-27,2,0.0,0.06,0.09,3,27,0,0,1,3.142857142857143,0.0
3,1344,4,False,0,2025-02-27,3,0.0,0.06,0.09,3,27,0,0,1,3.142857142857143,0.0
3,1350,4,False,0,2025-02-27,0,0.0,0.03,0.06,3,27,0,0,1,3.2857142857142856,0.0
3,1367,4,False,0,2025-02-27,2,0.0,0.02,0.03,3,27,0,0,1,3.0,0.0
3,1404,4,False,0,2025-02-27,4,0.0,0.02,0.04,3,27,0,0,1,2.5714285714285716,0.0
3,1421,4,False,0,2025-02-27,3,0.0,0.02,0.03,3,27,0,0,1,3.0,0.0
3,1448,4,False,0,2025-02-27,2,0.0,0.06,0.07,3,27,0,0,1,2.5714285714285716,0.0
3,1466,4,False,0,2025-02-27,0,0.0,0.02,0.04,3,27,0,0,1,2.2857142857142856,0.0
3,1479,4,False,0,2025-02-27,2,0.0,0.05,0.06,3,27,0,0,1,2.0,0.0
3,1483,4,False,0,2025-02-27,4,0.0,0.02,0.03,3,27,0,0,1,1.8571428571428572,0.0
3,1498,4,False,0,2025-02-27,4,1.0,0.12,0.17,3,27,0,0,1,2.4285714285714284,0.0
3,1517,4,False,0,2025-02-27,2,0.0,0.02,0.02,3,27,0,0,1,2.7142857142857144,0.0
3,1533,4,False,0,2025-02-27,3,0.0,0.05,0.07,3,27,0,0,1,2.4285714285714284,0.0
3,1606,4,False,0,2025-02-27,1,0.0,0.04,0.05,3,27,0,0,1,2.4285714285714284,0.0
3,1622,4,False,0,2025-02-27,3,0.0,0.07,0.09,3,27,0,0,1,2.2857142857142856,0.0
3,1624,4,False,0,2025-02-27,3,0.0,0.04,0.03,3,27,0,0,1,2.7142857142857144,0.0
3,1625,4,False,0,2025-02-27,2,0.0,0.03,0.04,3,27,0,0,1,2.857142857142857,0.0
3,1634,4,False,0,2025-02-27,3,0.0,0.05,0.07,3,27,0,0,1,2.5714285714285716,0.0
3,1648,4,False,0,2025-02-27,4,0.0,0.03,0.04,3,27,0,0,1,2.4285714285714284,0.0
3,1654,4,False,0,2025-02-27,4,0.0,0.01,0.02,3,27,0,0,1,2.7142857142857144,0.0
3,1672,4,False,0,2025-02-27,3,0.0,0.02,0.02,3,27,0,0,1,2.857142857142857,0.0
3,1693,4,False,0,2025-02-27,4,0.0,0.02,0.04,3,27,0,0,1,3.142857142857143,0.0
3,1805,4,False,0,2025-02-27,3,0.0,0.04,0.06,3,27,0,0,1,3.2857142857142856,0.0
3,1806,4,False,0,2025-02-27,3,0.0,0.08,0.12,3,27,0,0,1,3.2857142857142856,0.0
3,1824,4,False,0,2025-02-27,3,0.0,0.01,0.01,3,27,0,0,1,3.4285714285714284,0.0
3,1836,4,False,0,2025-02-27,4,0.0,0.04,0.04,3,27,0,0,1,3.4285714285714284,0.0
3,1838,4,False,0,2025-02-27,3,0.0,0.01,0.01,3,27,0,0,1,3.4285714285714284,0.0
3,1842,4,False,0,2025-02-27,3,0.0,0.01,0.01,3,27,0,0,1,3.2857142857142856,0.0
3,1856,4,False,0,2025-02-27,2,0.0,0.02,0.04,3,27,0,0,1,3.2857142857142856,0.0
3,1861,4,False,0,2025-02-27,1,0.0,0.02,0.03,3,27,0,0,1,3.0,0.0
3,1869,4,False,0,2025-02-27,3,0.0,0.01,0.01,3,27,0,0,1,2.7142857142857144,0.0
3,1870,4,False,0,2025-02-27,2,0.0,0.04,0.06,3,27,0,0,1,2.7142857142857144,0.0
3,1894,4,False,0,2025-02-27,2,0.0,0.03,0.04,3,27,0,0,1,2.5714285714285716,0.0
3,1928,4,False,0,2025-02-27,2,0.0,0.01,0.01,3,27,0,0,1,2.2857142857142856,0.0
3,1942,4,False,0,2025-02-27,4,0.0,0.01,0.02,3,27,0,0,1,2.142857142857143,0.0
3,1958,4,False,0,2025-02-27,2,0.0,0.04,0.06,3,27,0,0,1,2.2857142857142856,0.0
3,1959,4,False,0,2025-02-27,2,0.0,0.05,0.08,3,27,0,0,1,2.2857142857142856,0.0
3,1968,4,False,0,2025-02-27,5,0.0,0.03,0.05,3,27,0,0,1,2.4285714285714284,0.0
3,1996,4,False,0,2025-02-27,4,0.0,0.01,0.02,3,27,0,0,1,2.7142857142857144,0.0
3,1999,4,False,0,2025-02-27,0,0.0,0.01,0.01,3,27,0,0,1,3.0,0.0
3,2022,4,False,0,2025-02-27,3,0.0,0.03,0.04,3,27,0,0,1,2.7142857142857144,0.0
3,2024,4,False,0,2025-02-27,2,0.0,0.02,0.04,3,27,0,0,1,2.857142857142857,0.0
3,2064,4,False,0,2025-02-27,2,0.0,0.02,0.02,3,27,0,0,1,2.5714285714285716,0.0
3,2092,4,False,0,2025-02-27,3,0.0,0.04,0.06,3,27,0,0,1,2.5714285714285716,0.0
3,2097,4,False,0,2025-02-27,1,0.0,0.03,0.04,3,27,0,0,1,2.7142857142857144,0.0
3,2103,4,False,0,2025-02-27,1,0.0,0.01,0.02,3,27,0,0,1,2.142857142857143,0.0
3,2137,4,False,0,2025-02-27,2,0.0,0.04,0.06,3,27,0,0,1,1.7142857142857142,0.0
3,2150,4,False,0,2025-02-27,2,0.0,0.01,0.02,3,27,0,0,1,2.0,0.0
3,2180,4,False,0,2025-02-27,3,0.0,0.05,0.08,3,27,0,0,1,1.8571428571428572,0.0
3,2239,4,False,0,2025-02-27,2,0.0,0.03,0.04,3,27,0,0,1,2.0,0.0
3,2252,4,False,0,2025-02-27,1,0.0,0.02,0.03,3,27,0,0,1,2.0,0.0
3,2297,4,False,0,2025-02-27,3,0.0,0.14,0.15,3,27,0,0,1,1.7142857142857142,0.0
3,2312,4,False,0,2025-02-27,2,0.0,0.05,0.08,3,27,0,0,1,2.0,0.0
3,2320,4,False,0,2025-02-27,2,0.0,0.03,0.04,3,27,0,0,1,2.142857142857143,0.0
3,2355,4,False,0,2025-02-27,2,0.0,0.05,0.09,3,27,0,0,1,2.142857142857143,0.0
3,2369,4,False,0,2025-02-27,4,0.0,0.03,0.05,3,27,0,0,1,2.142857142857143,0.0
3,2423,4,False,0,2025-02-27,4,0.0,0.02,0.03,3,27,0,0,1,2.2857142857142856,0.0
3,2456,4,False,0,2025-02-27,2,0.0,0.02,0.03,3,27,0,0,1,2.5714285714285716,0.0
3,2495,4,False,0,2025-02-27,2,0.0,0.05,0.08,3,27,0,0,1,2.7142857142857144,0.0
3,2517,4,False,0,2025-02-27,1,0.0,0.05,0.07,3,27,0,0,1,2.5714285714285716,0.0
3,2550,4,False,0,2025-02-27,3,0.0,0.03,0.05,3,27,0,0,1,2.4285714285714284,0.0
3,2569,4,False,0,2025-02-27,1,0.0,0.01,0.02,3,27,0,0,1,2.5714285714285716,0.0
3,2586,4,False,0,2025-02-27,2,0.0,0.04,0.06,3,27,0,0,1,2.4285714285714284,0.0
3,2644,4,False,0,2025-02-27,2,0.0,0.05,0.08,3,27,0,0,1,2.142857142857143,0.0
3,2711,4,False,0,2025-02-27,2,0.0,0.04,0.06,3,27,0,0,1,1.8571428571428572,0.0
3,2750,4,False,0,2025-02-27,3,0.0,0.01,0.01,3,27,0,0,1,1.8571428571428572,0.0
3,2773,4,False,0,2025-02-27,4,0.0,0.02,0.04,3,27,0,0,1,2.0,0.0
3,2800,4,False,0,2025-02-27,2,0.0,0.02,0.04,3,27,0,0,1,2.4285714285714284,0.0
3,2908,4,False,0,2025-02-27,6,0.0,0.03,0.04,3,27,0,0,1,2.2857142857142856,0.0
3,2943,4,False,0,2025-02-27,6,0.0,0.02,0.02,3,27,0,0,1,3.0,0.0
3,2955,4,False,0,2025-02-27,1,0.0,0.01,0.02,3,27,0,0,1,3.5714285714285716,0.0
3,2973,4,False,0,2025-02-27,4,0.0,0.04,0.05,3,27,0,0,1,3.4285714285714284,0.0
3,2988,4,False,0,2025-02-27,1,1.0,0.02,0.03,3,27,0,0,1,3.7142857142857144,0.0
3,2995,4,False,0,2025-02-27,8,0.0,0.05,0.07,3,27,0,0,1,3.4285714285714284,0.0
3,3003,4,False,0,2025-02-27,3,0.0,0.02,0.04,3,27,0,0,1,4.0,0.0
3,3029,4,False,0,2025-02-27,3,0.0,0.09,0.12,3,27,0,0,1,4.142857142857143,0.0
3,3127,4,False,0,2025-02-27,3,0.0,0.12,0.16,3,27,0,0,1,3.7142857142857144,0.0
3,3130,4,False,0,2025-02-27,5,0.0,0.14,0.22,3,27,0,0,1,3.2857142857142856,0.0
3,3166,4,False,0,2025-02-27,3,0.0,0.01,0.01,3,27,0,0,1,3.857142857142857,0.0
3,3169,4,False,0,2025-02-27,3,0.0,0.02,0.03,3,27,0,0,1,3.7142857142857144,0.0
3,3174,4,False,0,2025-02-27,4,0.0,0.01,0.01,3,27,0,0,1,4.0,0.0
3,3222,4,False,0,2025-02-27,2,0.0,0.02,0.04,3,27,0,0,1,3.4285714285714284,0.0
3,3281,4,False,0,2025-02-27,1,0.0,0.06,0.08,3,27,0,0,1,3.2857142857142856,0.0
3,3344,4,False,0,2025-02-27,3,0.0,0.04,0.05,3,27,0,0,1,3.0,0.0
3,3374,4,False,0,2025-02-27,2,0.0,0.06,0.09,3,27,0,0,1,3.0,0.0
3,3376,4,False,0,2025-02-27,2,0.0,0.03,0.05,3,27,0,0,1,2.5714285714285716,0.0
3,3400,4,False,0,2025-02-27,5,0.0,0.01,0.01,3,27,0,0,1,2.4285714285714284,0.0
3,3425,4,False,0,2025-02-27,0,0.0,0.01,0.02,3,27,0,0,1,2.7142857142857144,0.0
3,3428,4,False,0,2025-02-27,2,0.0,0.04,0.06,3,27,0,0,1,2.142857142857143,0.0
3,3442,4,False,0,2025-02-27,8,0.0,0.07,0.1,3,27,0,0,1,2.142857142857143,0.0
3,3459,4,False,0,2025-02-27,3,0.0,0.04,0.06,3,27,0,0,1,3.142857142857143,0.0
3,3460,4,False,0,2025-02-27,2,0.0,0.02,0.03,3,27,0,0,1,3.142857142857143,0.0
3,3462,4,False,0,2025-02-27,6,1.0,0.03,0.05,3,27,0,0,1,3.142857142857143,0.0
3,3471,4,False,0,2025-02-27,3,0.0,0.03,0.04,3,27,0,0,1,3.7142857142857144,0.0
3,3497,4,False,0,2025-02-27,2,0.0,0.04,0.06,3,27,0,0,1,3.4285714285714284,0.0
3,3511,4,False,0,2025-02-27,4,0.0,0.04,0.07,3,27,0,0,1,3.7142857142857144,0.0
3,3603,4,False,0,2025-02-27,2,0.0,0.04,0.06,3,27,0,0,1,4.0,0.0
3,3618,4,False,0,2025-02-27,5,0.0,0.12,0.17,3,27,0,0,1,3.142857142857143,0.0
3,3669,4,False,0,2025-02-27,3,0.0,0.01,0.01,3,27,0,0,1,3.4285714285714284,0.0
3,3670,4,False,0,2025-02-27,4,0.0,0.03,0.05,3,27,0,0,1,3.5714285714285716,0.0
3,3671,4,False,0,2025-02-27,2,0.0,0.04,0.07,3,27,0,0,1,3.2857142857142856,0.0
3,3678,4,False,0,2025-02-27,2,0.0,0.03,0.05,3,27,0,0,1,3.142857142857143,0.0
3,3685,4,False,0,2025-02-27,0,0.0,0.03,0.05,3,27,0,0,1,3.142857142857143,0.0
3,3720,4,False,0,2025-02-27,1,0.0,0.05,0.08,3,27,0,0,1,2.5714285714285716,0.0
3,3738,4,False,0,2025-02-27,3,0.0,0.01,0.01,3,27,0,0,1,2.4285714285714284,0.0
3,3744,4,False,0,2025-02-27,4,0.0,0.04,0.05,3,27,0,0,1,2.142857142857143,0.0
3,3797,4,False,0,2025-02-27,9,0.0,0.03,0.04,3,27,0,0,1,2.2857142857142856,0.0
3,3799,4,False,0,2025-02-27,2,0.0,0.03,0.05,3,27,0,0,1,3.0,0.0
3,3820,4,False,0,2025-02-27,2,0.0,0.02,0.04,3,27,0,0,1,3.0,0.0
3,3821,4,False,0,2025-02-27,2,0.0,0.04,0.06,3,27,0,0,1,3.0,0.0
3,3826,4,False,0,2025-02-27,4,0.0,0.03,0.04,3,27,0,0,1,3.2857142857142856,0.0
3,3831,4,False,0,2025-02-27,3,0.0,0.01,0.02,3,27,0,0,1,3.7142857142857144,0.0
3,3858,4,False,0,2025-02-27,2,0.0,0.06,0.08,3,27,0,0,1,3.7142857142857144,0.0
3,3894,4,False,0,2025-02-27,4,0.0,0.02,0.03,3,27,0,0,1,3.4285714285714284,0.0
3,3898,4,False,0,2025-02-27,2,0.0,0.06,0.1,3,27,0,0,1,2.7142857142857144,0.0
3,3913,4,False,0,2025-02-27,4,0.0,0.03,0.05,3,27,0,0,1,2.7142857142857144,0.0
3,3917,4,False,0,2025-02-27,4,0.0,0.01,0.01,3,27,0,0,1,3.0,0.0
3,3925,4,False,0,2025-02-27,0,0.0,0.03,0.04,3,27,0,0,1,3.2857142857142856,0.0
3,3940,4,False,0,2025-02-27,2,0.0,0.05,0.06,3,27,0,0,1,2.7142857142857144,0.0
3,3954,4,False,0,2025-02-27,0,0.0,0.02,0.03,3,27,0,0,1,2.5714285714285716,0.0
3,3966,4,False,0,2025-02-27,1,0.0,0.02,0.04,3,27,0,0,1,2.2857142857142856,0.0
3,3969,4,False,0,2025-02-27,1,1.0,0.01,0.03,3,27,0,0,1,1.8571428571428572,0.0
3,3977,4,False,0,2025-02-27,4,0.0,0.06,0.08,3,27,0,0,1,1.7142857142857142,0.0
3,4001,4,False,0,2025-02-27,2,0.0,0.04,0.05,3,27,0,0,1,1.7142857142857142,0.0
3,4034,4,False,0,2025-02-27,3,0.0,0.08,0.11,3,27,0,0,1,1.4285714285714286,0.0
3,4054,4,False,0,2025-02-27,2,0.0,0.02,0.04,3,27,0,0,1,1.8571428571428572,0.0
3,4061,4,False,0,2025-02-27,2,0.0,0.05,0.07,3,27,0,0,1,1.8571428571428572,0.0
3,4086,4,False,0,2025-02-27,4,0.0,0.02,0.02,3,27,0,0,1,2.142857142857143,0.0
3,4096,4,False,0,2025-02-27,2,0.0,0.05,0.07,3,27,0,0,1,2.5714285714285716,0.0
3,4142,4,False,0,2025-02-27,4,0.0,0.02,0.03,3,27,0,0,1,2.7142857142857144,0.0
3,4156,4,False,0,2025-02-27,4,0.0,0.03,0.05,3,27,0,0,1,2.7142857142857144,0.0
3,4229,4,False,0,2025-02-27,2,0.0,0.02,0.04,3,27,0,0,1,3.0,0.0
3,4244,4,False,0,2025-02-27,2,0.0,0.02,0.04,3,27,0,0,1,2.857142857142857,0.0
3,4264,4,False,0,2025-02-27,2,0.0,0.05,0.07,3,27,0,0,1,2.857142857142857,0.0
3,4331,4,False,0,2025-02-27,5,0.0,0.01,0.02,3,27,0,0,1,2.857142857142857,0.0
3,4365,4,False,0,2025-02-27,2,0.0,0.04,0.06,3,27,0,0,1,3.0,0.0
3,4366,4,False,0,2025-02-27,3,0.0,0.05,0.06,3,27,0,0,1,3.0,0.0
3,4420,4,False,0,2025-02-27,3,0.0,0.02,0.02,3,27,0,0,1,2.857142857142857,0.0
3,4436,4,False,0,2025-02-27,2,0.0,0.02,0.03,3,27,0,0,1,2.7142857142857144,0.0
3,4444,4,False,0,2025-02-27,2,0.0,0.07,0.1,3,27,0,0,1,2.7142857142857144,0.0
3,4450,4,False,0,2025-02-27,4,0.0,0.02,0.03,3,27,0,0,1,2.7142857142857144,0.0
3,4458,4,False,0,2025-02-27,10,0.0,0.03,0.05,3,27,0,0,1,3.0,0.0
3,4465,4,False,0,2025-02-27,4,0.0,0.02,0.04,3,27,0,0,1,3.7142857142857144,0.0
3,4472,4,False,0,2025-02-27,5,0.0,0.01,0.01,3,27,0,0,1,4.0,0.0
3,4507,4,False,0,2025-02-27,3,0.0,0.03,0.04,3,27,0,0,1,4.285714285714286,0.0
3,4525,4,False,0,2025-02-27,3,0.0,0.01,0.03,3,27,0,0,1,4.285714285714286,0.0
3,4536,4,False,0,2025-02-27,3,0.0,0.01,0.01,3,27,0,0,1,4.428571428571429,0.0
3,4564,4,False,0,2025-02-27,3,0.0,0.02,0.04,3,27,0,0,1,4.571428571428571,0.0
3,4568,4,False,0,2025-02-27,4,1.0,0.01,0.01,3,27,0,0,1,4.428571428571429,0.0
3,4604,4,False,0,2025-02-27,2,0.0,0.02,0.03,3,27,0,0,1,3.5714285714285716,0.0
3,4610,4,False,0,2025-02-27,2,0.0,0.06,0.09,3,27,0,0,1,3.2857142857142856,0.0
3,4620,4,False,0,2025-02-27,1,0.0,0.02,0.04,3,27,0,0,1,2.857142857142857,0.0
3,4648,4,False,0,2025-02-27,2,0.0,0.05,0.07,3,27,0,0,1,2.5714285714285716,0.0
3,4700,4,False,0,2025-02-27,2,0.0,0.02,0.03,3,27,0,0,1,2.4285714285714284,0.0
3,4741,4,False,0,2025-02-27,5,1.0,0.02,0.05,3,27,0,0,1,2.2857142857142856,0.0
3,4759,4,False,0,2025-02-27,4,0.0,0.04,0.04,3,27,0,0,1,2.5714285714285716,0.0
3,4770,4,False,0,2025-02-27,2,0.0,0.03,0.03,3,27,0,0,1,2.5714285714285716,0.0
3,4774,4,False,0,2025-02-27,4,0.0,0.03,0.04,3,27,0,0,1,2.5714285714285716,0.0
3,4903,4,False,0,2025-02-27,3,1.0,0.01,0.02,3,27,0,0,1,2.857142857142857,0.0
3,4915,4,False,0,2025-02-27,5,0.0,0.01,0.02,3,27,0,0,1,3.142857142857143,0.0
3,4929,4,False,0,2025-02-27,2,0.0,0.03,0.04,3,27,0,0,1,3.5714285714285716,0.0
3,4961,4,False,0,2025-02-27,7,0.0,0.03,0.06,3,27,0,0,1,3.5714285714285716,0.0
3,4987,4,False,0,2025-02-27,2,0.0,0.02,0.03,3,27,0,0,1,3.857142857142857,0.0
3,4992,4,False,0,2025-02-27,2,0.0,0.04,0.05,3,27,0,0,1,3.5714285714285716,0.0
3,4997,4,False,0,2025-02-27,2,0.0,0.07,0.1,3,27,0,0,1,3.5714285714285716,0.0
3,4998,4,False,0,2025-02-27,3,0.0,0.01,0.01,3,27,0,0,1,3.2857142857142856,0.0
3,5008,4,False,0,2025-02-27,2,0.0,0.02,0.03,3,27,0,0,1,3.2857142857142856,0.0
3,5048,4,False,0,2025-02-27,1,0.0,0.01,0.02,3,27,0,0,1,2.857142857142857,0.0
3,5091,4,False,0,2025-02-27,3,0.0,0.06,0.08,3,27,0,0,1,2.7142857142857144,0.0
3,5100,4,False,0,2025-02-27,3,0.0,0.02,0.03,3,27,0,0,1,2.142857142857143,0.0
3,5112,4,False,0,2025-02-27,1,0.0,0.02,0.04,3,27,0,0,1,2.2857142857142856,0.0
3,5118,4,False,0,2025-02-27,1,1.0,0.05,0.08,3,27,0,0,1,2.142857142857143,0.0
3,5120,4,False,0,2025-02-27,0,0.0,0.02,0.03,3,27,0,0,1,2.0,0.0
3,5123,4,False,0,2025-02-27,2,0.0,0.02,0.04,3,27,0,0,1,1.5714285714285714,0.0
3,5130,4,False,0,2025-02-27,3,0.0,0.02,0.03,3,27,0,0,1,1.5714285714285714,0.0
3,5149,4,False,0,2025-02-27,2,0.0,0.12,0.14,3,27,0,0,1,1.8571428571428572,0.0
3,5163,4,False,0,2025-02-27,1,0.0,0.05,0.09,3,27,0,0,1,1.7142857142857142,0.0
3,5169,4,False,0,2025-02-27,3,0.0,0.06,0.08,3,27,0,0,1,1.4285714285714286,0.0
3,5172,4,False,0,2025-02-27,2,0.0,0.04,0.06,3,27,0,0,1,1.7142857142857142,0.0
3,5177,4,False,0,2025-02-27,2,1.0,0.01,0.01,3,27,0,0,1,1.8571428571428572,0.0
3,5199,4,False,0,2025-02-27,2,0.0,0.02,0.02,3,27,0,0,1,2.142857142857143,0.0
3,5234,4,False,0,2025-02-27,2,0.0,0.02,0.03,3,27,0,0,1,2.142857142857143,0.0
3,5241,4,False,0,2025-02-27,3,0.0,0.01,0.01,3,27,0,0,1,2.0,0.0
3,5247,4,False,0,2025-02-27,0,0.0,0.02,0.02,3,27,0,0,1,2.142857142857143,0.0
3,5267,4,False,0,2025-02-27,1,0.0,0.02,0.03,3,27,0,0,1,2.0,0.0
3,5269,4,False,0,2025-02-27,2,0.0,0.01,0.02,3,27,0,0,1,1.7142857142857142,0.0
3,5275,4,False,0,2025-02-27,4,0.0,0.02,0.05,3,27,0,0,1,1.7142857142857142,0.0
3,5283,4,False,0,2025-02-27,3,0.0,0.03,0.04,3,27,0,0,1,2.0,0.0
3,172,5,True,0,2025-02-27,191,0.0,0.01,0.01,3,27,0,0,1,2.142857142857143,0.0
3,327,5,True,0,2025-02-27,9,0.0,0.01,0.03,3,27,0,0,1,29.142857142857142,0.0
3,697,5,True,0,2025-02-27,9,0.0,0.04,0.16,3,27,0,0,1,30.0,0.0
3,1278,5,True,0,2025-02-27,5,0.0,0.02,0.05,3,27,0,0,1,31.285714285714285,0.0
3,1463,5,True,0,2025-02-27,7,0.0,0.01,0.04,3,27,0,0,1,31.857142857142858,0.0
3,1471,5,True,0,2025-02-27,9,0.0,0.02,0.05,3,27,0,0,1,32.57142857142857,0.0
3,1580,5,True,0,2025-02-27,7,1.0,0.02,0.04,3,27,0,0,1,33.285714285714285,0.0
3,1795,5,True,0,2025-02-27,4,0.0,0.02,0.04,3,27,0,0,1,33.857142857142854,0.0
3,1860,5,True,0,2025-02-27,12,0.0,0.03,0.04,3,27,0,0,1,7.142857142857143,0.0
3,2169,5,True,0,2025-02-27,12,0.0,0.01,0.02,3,27,0,0,1,7.571428571428571,0.0
3,2338,5,True,0,2025-02-27,58,0.0,0.01,0.04,3,27,0,0,1,8.0,0.0
3,2381,5,True,0,2025-02-27,68,4.0,0.04,0.05,3,27,0,0,1,15.571428571428571,1.9789064178528157
3,2518,5,True,0,2025-02-27,13,2.0,0.02,0.07,3,27,0,0,1,24.285714285714285,0.0
3,2560,5,True,0,2025-02-27,10,0.0,0.03,0.04,3,27,0,0,1,24.857142857142858,0.0
3,2647,5,True,0,2025-02-27,6,0.0,0.03,0.05,3,27,0,0,1,25.285714285714285,0.0
3,2661,5,True,0,2025-02-27,29,0.0,0.0,0.01,3,27,0,0,1,25.571428571428573,0.0
3,2926,5,True,0,2025-02-27,5,0.0,0.03,0.05,3,27,0,0,1,28.0,0.0
3,3002,5,True,0,2025-02-27,11,0.0,0.04,0.07,3,27,0,0,1,27.0,0.0
3,3175,5,True,0,2025-02-27,2,0.0,0.04,0.1,3,27,0,0,1,20.285714285714285,0.0
3,3612,5,True,0,2025-02-27,26,1.0,0.05,0.08,3,27,0,0,1,10.857142857142858,0.0
3,3734,5,True,0,2025-02-27,7,0.0,0.05,0.11,3,27,0,0,1,12.714285714285714,0.0
3,3819,5,True,0,2025-02-27,14,1.0,0.02,0.05,3,27,0,0,1,12.285714285714286,0.0
3,4150,5,True,0,2025-02-27,40,0.0,0.02,0.04,3,27,0,0,1,13.428571428571429,0.0
3,4200,5,True,0,2025-02-27,9,2.0,0.06,0.12,3,27,0,0,1,15.0,0.0
3,5036,5,True,0,2025-02-27,10,1.0,0.03,0.05,3,27,0,0,1,15.571428571428571,0.0
3,5260,5,True,0,2025-02-27,14,0.0,0.02,0.05,3,27,0,0,1,15.428571428571429,0.0
3,138,6,False,0,2025-02-27,0,0.0,0.16,0.23,3,27,0,0,1,17.142857142857142,0.0
3,177,6,False,0,2025-02-27,1,0.0,0.08,0.1,3,27,0,0,1,13.428571428571429,0.0
3,207,6,False,0,2025-02-27,1,0.0,0.23,0.31,3,27,0,0,1,12.571428571428571,0.0
3,316,6,False,0,2025-02-27,2,0.0,0.08,0.12,3,27,0,0,1,10.714285714285714,0.0
3,647,6,False,0,2025-02-27,1,0.0,0.07,0.09,3,27,0,0,1,5.285714285714286,0.0
3,975,6,False,0,2025-02-27,1,0.0,0.08,0.08,3,27,0,0,1,4.142857142857143,0.0
3,1265,6,False,0,2025-02-27,1,0.0,0.14,0.2,3,27,0,0,1,2.857142857142857,0.0
3,1509,6,False,0,2025-02-27,1,0.0,0.22,0.27,3,27,0,0,1,1.0,0.0
3,1740,6,False,0,2025-02-27,1,0.0,0.08,0.11,3,27,0,0,1,1.1428571428571428,0.0
3,1827,6,False,0,2025-02-27,1,0.0,0.1,0.15,3,27,0,0,1,1.1428571428571428,0.0
3,1845,6,False,0,2025-02-27,1,0.0,0.05,0.06,3,27,0,0,1,1.1428571428571428,0.0
3,1865,6,False,0,2025-02-27,0,0.0,0.12,0.16,3,27,0,0,1,1.0,0.0
3,2131,6,False,0,2025-02-27,2,0.0,0.1,0.15,3,27,0,0,1,0.8571428571428571,0.0
3,2216,6,False,0,2025-02-27,1,0.0,0.06,0.09,3,27,0,0,1,1.0,0.0
3,2240,6,False,0,2025-02-27,1,0.0,0.13,0.18,3,27,0,0,1,1.0,0.0
3,2291,6,False,0,2025-02-27,2,0.0,0.15,0.21,3,27,0,0,1,1.0,0.0
3,2352,6,False,0,2025-02-27,1,0.0,0.11,0.15,3,27,0,0,1,1.1428571428571428,0.0
3,2515,6,False,0,2025-02-27,0,0.0,0.16,0.2,3,27,0,0,1,1.1428571428571428,0.0
3,2617,6,False,0,2025-02-27,1,0.0,0.13,0.19,3,27,0,0,1,1.0,0.0
3,2799,6,False,0,2025-02-27,1,0.0,0.06,0.08,3,27,0,0,1,1.1428571428571428,0.0
3,2934,6,False,0,2025-02-27,1,0.0,0.07,0.1,3,27,0,0,1,1.0,0.0
3,3090,6,False,0,2025-02-27,1,0.0,0.15,0.2,3,27,0,0,1,1.0,0.0
3,3380,6,False,0,2025-02-27,2,0.0,0.06,0.09,3,27,0,0,1,1.0,0.0
3,3637,6,False,0,2025-02-27,1,0.0,0.07,0.09,3,27,0,0,1,1.0,0.0
3,3793,6,False,0,2025-02-27,1,0.0,0.03,0.04,3,27,0,0,1,1.0,0.0
3,3937,6,False,0,2025-02-27,1,0.0,0.14,0.18,3,27,0,0,1,1.1428571428571428,0.0
3,4074,6,False,0,2025-02-27,1,0.0,0.16,0.24,3,27,0,0,1,1.1428571428571428,0.0
3,4196,6,False,0,2025-02-27,1,0.0,0.06,0.08,3,27,0,0,1,1.1428571428571428,0.0
3,4356,6,False,0,2025-02-27,1,0.0,0.09,0.13,3,27,0,0,1,1.1428571428571428,0.0
3,4398,6,False,0,2025-02-27,0,0.0,0.09,0.1,3,27,0,0,1,1.1428571428571428,0.0
3,4430,6,False,0,2025-02-27,1,0.0,0.08,0.12,3,27,0,0,1,0.8571428571428571,0.0
3,4730,6,False,0,2025-02-27,1,0.0,0.13,0.19,3,27,0,0,1,0.8571428571428571,0.0
3,4736,6,False,0,2025-02-27,1,0.0,0.07,0.09,3,27,0,0,1,0.8571428571428571,0.0
3,4849,6,False,0,2025-02-27,2,0.0,0.13,0.25,3,27,0,0,1,0.8571428571428571,0.0
3,4887,6,False,0,2025-02-27,2,0.0,0.13,0.15,3,27,0,0,1,1.0,0.0
3,5023,6,False,0,2025-02-27,1,0.0,0.13,0.18,3,27,0,0,1,1.1428571428571428,0.0
3,411,7,False,0,2025-02-27,7,1.0,0.0,0.01,3,27,0,0,1,1.1428571428571428,0.0
3,461,7,False,0,2025-02-27,13,1.0,0.0,0.01,3,27,0,0,1,2.142857142857143,0.0
3,551,7,False,0,2025-02-27,7,0.0,0.01,0.01,3,27,0,0,1,3.857142857142857,0.0
3,559,7,False,0,2025-02-27,20,0.0,0.01,0.01,3,27,0,0,1,4.714285714285714,0.0
3,848,7,False,0,2025-02-27,5,2.0,0.04,0.05,3,27,0,0,1,7.428571428571429,0.0
3,861,7,False,0,2025-02-27,6,0.0,0.01,0.02,3,27,0,0,1,7.857142857142857,0.0
3,1115,7,False,0,2025-02-27,0,0.0,0.0,0.0,3,27,0,0,1,8.428571428571429,0.0
3,1288,7,False,0,2025-02-27,2,0.0,0.01,0.02,3,27,0,0,1,8.285714285714286,0.0
3,1787,7,False,0,2025-02-27,0,0.0,0.02,0.02,3,27,0,0,1,7.571428571428571,0.0
3,2175,7,False,0,2025-02-27,4,0.0,0.03,0.04,3,27,0,0,1,5.714285714285714,0.0
3,2227,7,False,0,2025-02-27,5,0.0,0.02,0.03,3,27,0,0,1,5.285714285714286,0.0
3,2499,7,False,0,2025-02-27,2,1.0,0.0,0.01,3,27,0,0,1,3.142857142857143,0.0
3,2887,7,False,0,2025-02-27,18,1.0,0.02,0.03,3,27,0,0,1,2.7142857142857144,0.0
3,3023,7,False,0,2025-02-27,20,0.0,0.01,0.01,3,27,0,0,1,4.428571428571429,0.0
3,3040,7,False,0,2025-02-27,9,2.0,0.0,0.0,3,27,0,0,1,7.285714285714286,0.0
3,3105,7,False,0,2025-02-27,9,0.0,0.0,0.01,3,27,0,0,1,8.285714285714286,0.0
3,3272,7,False,0,2025-02-27,6,0.0,0.01,0.02,3,27,0,0,1,9.571428571428571,0.0
3,3314,7,False,0,2025-02-27,13,1.0,0.0,0.01,3,27,0,0,1,9.857142857142858,0.0
3,3401,7,False,0,2025-02-27,5,1.0,0.0,0.01,3,27,0,0,1,11.0,0.0
3,4026,7,False,0,2025-02-27,5,1.0,0.12,0.18,3,27,0,0,1,11.428571428571429,0.0
3,4093,7,False,0,2025-02-27,6,0.0,0.01,0.01,3,27,0,0,1,9.571428571428571,0.0
3,4298,7,False,0,2025-02-27,8,0.0,0.01,0.01,3,27,0,0,1,7.571428571428571,0.0
3,4351,7,False,0,2025-02-27,5,0.0,0.01,0.03,3,27,0,0,1,7.428571428571429,0.0
3,4411,7,False,0,2025-02-27,14,0.0,0.02,0.04,3,27,0,0,1,6.857142857142857,0.0
3,4585,7,False,0,2025-02-27,4,0.0,0.02,0.04,3,27,0,0,1,8.0,0.0
3,4688,7,False,0,2025-02-27,12,2.0,0.0,0.03,3,27,0,0,1,6.714285714285714,0.0
3,4867,7,False,0,2025-02-27,8,1.0,0.03,0.04,3,27,0,0,1,7.714285714285714,0.0
3,199,8,False,0,2025-02-27,10,0.0,0.01,0.02,3,27,0,0,1,8.142857142857142,0.0
3,269,8,False,0,2025-02-27,44,1.0,0.0,0.01,3,27,0,0,1,8.714285714285714,0.0
3,805,8,False,0,2025-02-27,10,0.0,0.0,0.01,3,27,0,0,1,13.857142857142858,0.0
3,828,8,False,0,2025-02-27,36,0.0,0.01,0.01,3,27,0,0,1,14.571428571428571,0.0
3,932,8,False,0,2025-02-27,6,0.0,0.01,0.02,3,27,0,0,1,17.714285714285715,0.0
3,1010,8,False,0,2025-02-27,8,0.0,0.01,0.02,3,27,0,0,1,18.0,0.0
3,1073,8,False,0,2025-02-27,17,0.0,0.01,0.02,3,27,0,0,1,17.428571428571427,0.0
3,1308,8,False,0,2025-02-27,22,0.0,0.02,0.02,3,27,0,0,1,18.714285714285715,0.0
3,2253,8,False,0,2025-02-27,7,0.0,0.0,0.01,3,27,0,0,1,20.428571428571427,0.0
3,2420,8,False,0,2025-02-27,19,0.0,0.0,0.01,3,27,0,0,1,15.142857142857142,0.0
3,2659,8,False,0,2025-02-27,19,1.0,0.01,0.01,3,27,0,0,1,16.428571428571427,0.0
3,2985,8,False,0,2025-02-27,17,1.0,0.02,0.02,3,27,0,0,1,14.0,0.0
3,3015,8,False,0,2025-02-27,11,0.0,0.01,0.02,3,27,0,0,1,15.571428571428571,0.0
3,3331,8,False,0,2025-02-27,34,0.0,0.01,0.02,3,27,0,0,1,16.0,0.0
3,3430,8,False,0,2025-02-27,14,0.0,0.01,0.02,3,27,0,0,1,18.428571428571427,0.0
3,3545,8,False,0,2025-02-27,12,0.0,0.02,0.03,3,27,0,0,1,17.285714285714285,0.0
3,3594,8,False,0,2025-02-27,7,2.0,0.01,0.01,3,27,0,0,1,18.0,0.0
3,3605,8,False,0,2025-02-27,14,1.0,0.01,0.01,3,27,0,0,1,16.285714285714285,0.0
3,4513,8,False,0,2025-02-27,12,0.0,0.01,0.02,3,27,0,0,1,15.571428571428571,0.0
3,4560,8,False,0,2025-02-27,18,0.0,0.01,0.02,3,27,0,0,1,14.857142857142858,0.0
3,5038,8,False,0,2025-02-27,4,0.0,0.02,0.02,3,27,0,0,1,15.857142857142858,0.0
3,5075,8,False,0,2025-02-27,13,0.0,0.01,0.02,3,27,0,0,1,11.571428571428571,0.0
3,5178,8,False,0,2025-02-27,12,0.0,0.01,0.02,3,27,0,0,1,11.428571428571429,0.0
3,10,9,True,0,2025-02-27,3,0.0,0.04,0.13,3,27,0,0,1,11.428571428571429,0.0
3,45,9,True,0,2025-02-27,14,1.0,0.02,0.05,3,27,0,0,1,10.857142857142858,0.0
3,141,9,True,0,2025-02-27,11,1.0,0.03,0.09,3,27,0,0,1,10.857142857142858,0.0
3,187,9,True,0,2025-02-27,11,0.0,0.01,0.03,3,27,0,0,1,10.714285714285714,0.0
3,270,9,True,0,2025-02-27,6,0.0,0.02,0.11,3,27,0,0,1,9.714285714285714,0.0
3,275,9,True,0,2025-02-27,11,0.0,0.04,0.07,3,27,0,0,1,10.0,0.0
3,278,9,True,0,2025-02-27,6,3.0,0.05,0.1,3,27,0,0,1,9.714285714285714,0.0
3,317,9,True,0,2025-02-27,9,0.0,0.01,0.01,3,27,0,0,1,8.857142857142858,0.0
3,352,9,True,0,2025-02-27,4,3.0,0.02,0.11,3,27,0,0,1,9.714285714285714,0.0
3,473,9,True,0,2025-02-27,19,3.0,0.01,0.02,3,27,0,0,1,8.285714285714286,0.0
3,496,9,True,0,2025-02-27,28,1.0,0.01,0.02,3,27,0,0,1,9.428571428571429,0.0
3,615,9,True,0,2025-02-27,9,0.0,0.02,0.04,3,27,0,0,1,11.857142857142858,0.0
3,678,9,True,0,2025-02-27,20,0.0,0.01,0.06,3,27,0,0,1,12.285714285714286,0.0
3,696,9,True,0,2025-02-27,4,0.0,0.01,0.05,3,27,0,0,1,13.571428571428571,0.0
3,747,9,True,0,2025-02-27,3,0.0,0.01,0.03,3,27,0,0,1,13.285714285714286,0.0
3,802,9,True,0,2025-02-27,8,2.0,0.06,0.08,3,27,0,0,1,12.428571428571429,0.0
3,813,9,True,0,2025-02-27,10,0.0,0.02,0.02,3,27,0,0,1,13.0,0.0
3,958,9,True,0,2025-02-27,9,0.0,0.01,0.03,3,27,0,0,1,11.714285714285714,0.0
3,976,9,True,0,2025-02-27,4,0.0,0.01,0.03,3,27,0,0,1,9.0,0.0
3,1112,9,True,0,2025-02-27,7,1.0,0.02,0.06,3,27,0,0,1,8.285714285714286,0.0
3,1148,9,True,0,2025-02-27,9,2.0,0.02,0.06,3,27,0,0,1,6.428571428571429,0.0
3,1172,9,True,0,2025-02-27,7,1.0,0.01,0.04,3,27,0,0,1,7.142857142857143,0.0
3,1178,9,True,0,2025-02-27,3,0.0,0.02,0.06,3,27,0,0,1,7.714285714285714,0.0
3,1287,9,True,0,2025-02-27,8,2.0,0.01,0.03,3,27,0,0,1,7.0,0.0
3,1323,9,True,0,2025-02-27,7,0.0,0.02,0.06,3,27,0,0,1,6.714285714285714,0.0
3,1409,9,True,0,2025-02-27,8,0.0,0.02,0.04,3,27,0,0,1,6.428571428571429,0.0
3,1510,9,True,0,2025-02-27,0,0.0,0.03,0.09,3,27,0,0,1,7.0,0.0
3,1661,9,True,0,2025-02-27,5,0.0,0.01,0.06,3,27,0,0,1,6.0,0.0
3,1696,9,True,0,2025-02-27,32,0.0,0.01,0.03,3,27,0,0,1,5.428571428571429,0.0
3,1705,9,True,0,2025-02-27,9,0.0,0.04,0.1,3,27,0,0,1,9.0,0.0
3,1896,9,True,0,2025-02-27,16,4.0,0.03,0.07,3,27,0,0,1,9.857142857142858,0.0
3,1906,9,True,0,2025-02-27,4,0.0,0.04,0.16,3,27,0,0,1,11.0,0.0
3,1951,9,True,0,2025-02-27,1,0.0,0.02,0.07,3,27,0,0,1,10.571428571428571,0.0
3,2010,9,True,0,2025-02-27,5,0.0,0.03,0.17,3,27,0,0,1,9.571428571428571,0.0
3,2011,9,True,0,2025-02-27,2,0.0,0.01,0.04,3,27,0,0,1,10.285714285714286,0.0
3,2056,9,True,0,2025-02-27,15,0.0,0.01,0.02,3,27,0,0,1,9.857142857142858,0.0
3,2256,9,True,0,2025-02-27,6,0.0,0.02,0.04,3,27,0,0,1,7.428571428571429,0.0
3,2284,9,True,0,2025-02-27,17,0.0,0.01,0.03,3,27,0,0,1,7.0,0.0
3,2307,9,True,0,2025-02-27,3,0.0,0.02,0.07,3,27,0,0,1,7.142857142857143,0.0
3,2357,9,True,0,2025-02-27,5,0.0,0.09,0.2,3,27,0,0,1,7.0,0.0
3,2360,9,True,0,2025-02-27,21,1.0,0.01,0.03,3,27,0,0,1,7.571428571428571,0.0
3,2399,9,True,0,2025-02-27,9,0.0,0.03,0.12,3,27,0,0,1,9.857142857142858,0.0
3,2401,9,True,0,2025-02-27,8,0.0,0.01,0.05,3,27,0,0,1,10.857142857142858,0.0
3,2419,9,True,0,2025-02-27,14,1.0,0.02,0.03,3,27,0,0,1,9.857142857142858,0.0
3,2474,9,True,0,2025-02-27,8,0.0,0.04,0.1,3,27,0,0,1,11.0,0.0
3,2486,9,True,0,2025-02-27,23,0.0,0.02,0.07,3,27,0,0,1,9.714285714285714,0.0
3,2543,9,True,0,2025-02-27,16,4.0,0.0,0.02,3,27,0,0,1,12.571428571428571,0.0
3,2615,9,True,0,2025-02-27,5,0.0,0.02,0.06,3,27,0,0,1,14.142857142857142,0.0
3,2795,9,True,0,2025-02-27,17,0.0,0.02,0.07,3,27,0,0,1,11.857142857142858,0.0
3,2812,9,True,0,2025-02-27,2,0.0,0.02,0.1,3,27,0,0,1,13.0,0.0
3,2841,9,True,0,2025-02-27,8,4.0,0.01,0.05,3,27,0,0,1,12.142857142857142,0.0
3,2857,9,True,0,2025-02-27,17,1.0,0.01,0.02,3,27,0,0,1,11.285714285714286,0.0
3,3008,9,True,0,2025-02-27,12,3.0,0.01,0.09,3,27,0,0,1,12.571428571428571,0.0
3,3226,9,True,0,2025-02-27,21,0.0,0.02,0.04,3,27,0,0,1,11.0,0.0
3,3241,9,True,0,2025-02-27,9,0.0,0.01,0.06,3,27,0,0,1,11.714285714285714,0.0
3,3244,9,True,0,2025-02-27,9,0.0,0.01,0.03,3,27,0,0,1,12.285714285714286,0.0
3,3356,9,True,0,2025-02-27,7,0.0,0.01,0.03,3,27,0,0,1,11.142857142857142,0.0
3,3540,9,True,0,2025-02-27,10,0.0,0.03,0.07,3,27,0,0,1,11.857142857142858,0.0
3,3735,9,True,0,2025-02-27,2,1.0,0.02,0.06,3,27,0,0,1,12.142857142857142,0.0
3,3751,9,True,0,2025-02-27,5,0.0,0.04,0.11,3,27,0,0,1,10.0,0.0
3,3789,9,True,0,2025-02-27,2,0.0,0.01,0.03,3,27,0,0,1,9.0,0.0
3,3905,9,True,0,2025-02-27,1,0.0,0.01,0.07,3,27,0,0,1,6.285714285714286,0.0
3,4012,9,True,0,2025-02-27,11,0.0,0.01,0.05,3,27,0,0,1,5.142857142857143,0.0
3,4106,9,True,0,2025-02-27,1,0.0,0.02,0.1,3,27,0,0,1,5.428571428571429,0.0
3,4141,9,True,0,2025-02-27,9,0.0,0.05,0.09,3,27,0,0,1,4.571428571428571,0.0
3,4153,9,True,0,2025-02-27,9,0.0,0.01,0.06,3,27,0,0,1,4.428571428571429,0.0
3,4154,9,True,0,2025-02-27,20,1.0,0.0,0.01,3,27,0,0,1,5.428571428571429,0.0
3,4197,9,True,0,2025-02-27,6,0.0,0.01,0.02,3,27,0,0,1,7.571428571428571,0.0
3,4348,9,True,0,2025-02-27,14,1.0,0.01,0.03,3,27,0,0,1,8.142857142857142,0.0
3,4350,9,True,0,2025-02-27,6,0.0,0.03,0.07,3,27,0,0,1,10.0,0.0
3,4367,9,True,0,2025-02-27,3,1.0,0.03,0.09,3,27,0,0,1,9.285714285714286,0.0
3,4466,9,True,0,2025-02-27,5,0.0,0.02,0.09,3,27,0,0,1,9.571428571428571,0.0
3,4493,9,True,0,2025-02-27,7,0.0,0.01,0.09,3,27,0,0,1,9.0,0.0
3,4530,9,True,0,2025-02-27,5,1.0,0.01,0.02,3,27,0,0,1,8.714285714285714,0.0
3,4594,9,True,0,2025-02-27,2,0.0,0.01,0.08,3,27,0,0,1,6.571428571428571,0.0
3,4637,9,True,0,2025-02-27,26,3.0,0.01,0.03,3,27,0,0,1,6.0,0.0
3,4645,9,True,0,2025-02-27,12,0.0,0.01,0.02,3,27,0,0,1,7.714285714285714,0.0
3,4655,9,True,0,2025-02-27,4,1.0,0.06,0.09,3,27,0,0,1,8.571428571428571,0.0
3,4679,9,True,0,2025-02-27,10,0.0,0.01,0.04,3,27,0,0,1,8.714285714285714,0.0
3,4845,9,True,0,2025-02-27,6,0.0,0.01,0.03,3,27,0,0,1,9.428571428571429,0.0
3,4906,9,True,0,2025-02-27,13,0.0,0.01,0.04,3,27,0,0,1,9.285714285714286,0.0
3,4996,9,True,0,2025-02-27,4,0.0,0.0,0.02,3,27,0,0,1,10.428571428571429,0.0
3,5079,9,True,0,2025-02-27,11,1.0,0.01,0.03,3,27,0,0,1,10.714285714285714,0.0
3,5087,9,True,0,2025-02-27,12,0.0,0.03,0.07,3,27,0,0,1,8.571428571428571,0.0
3,5093,9,True,0,2025-02-27,20,0.0,0.02,0.07,3,27,0,0,1,8.571428571428571,0.0
3,5122,9,True,0,2025-02-27,9,0.0,0.01,0.03,3,27,0,0,1,10.857142857142858,0.0
3,5135,9,True,0,2025-02-27,8,0.0,0.02,0.06,3,27,0,0,1,10.714285714285714,0.0
3,5175,9,True,0,2025-02-27,13,0.0,0.01,0.04,3,27,0,0,1,11.0,0.0
3,5212,9,True,0,2025-02-27,2,0.0,0.01,0.05,3,27,0,0,1,11.0,0.0
3,5272,9,True,0,2025-02-27,12,1.0,0.01,0.02,3,27,0,0,1,10.714285714285714,1.668042202177483
3,147,10,False,0,2025-02-27,30,0.0,0.03,0.11,3,27,0,0,1,10.857142857142858,0.0
3,1782,10,False,0,2025-02-27,24,0.0,0.04,0.09,3,27,0,0,1,13.428571428571429,0.0
3,2377,10,False,0,2025-02-27,31,0.0,0.0,0.01,3,27,0,0,1,14.0,0.0
3,3203,10,False,0,2025-02-27,30,0.0,0.03,0.13,3,27,0,0,1,17.142857142857142,0.0
3,5018,10,False,0,2025-02-27,23,0.0,0.02,0.13,3,27,0,0,1,20.285714285714285,0.0
3,2058,11,False,0,2025-02-27,0,0.0,0.22,0.22,3,27,0,0,1,21.714285714285715,1.864587641886731
3,2882,11,False,0,2025-02-27,20,0.0,0.23,0.21,3,27,0,0,1,21.428571428571427,0.0
3,3107,11,False,0,2025-02-27,3,0.0,0.12,0.15,3,27,0,0,1,22.571428571428573,0.0
3,3123,11,False,0,2025-02-27,25,1.0,0.23,0.22,3,27,0,0,1,18.714285714285715,0.0
3,3499,11,False,0,2025-02-27,23,2.0,0.09,0.08,3,27,0,0,1,18.857142857142858,2.8172741532751018
3,3870,11,False,0,2025-02-27,3,0.0,0.15,0.18,3,27,0,0,1,17.714285714285715,0.0
3,4160,11,False,0,2025-02-27,9,0.0,0.16,0.19,3,27,0,0,1,13.857142857142858,0.0
3,5085,11,False,0,2025-02-27,19,1.0,0.23,0.22,3,27,0,0,1,11.857142857142858,0.0
3,488,1,False,0,2025-02-25,23,0.0,0.14,0.16,1,25,0,0,1,14.571428571428571,1.6599240733597882
3,1985,1,False,0,2025-02-25,9,0.0,0.14,0.15,1,25,0,0,1,15.0,0.0
3,2735,1,False,0,2025-02-25,15,0.0,0.14,0.16,1,25,0,0,1,15.857142857142858,1.6551524555615378
3,3664,1,False,0,2025-02-25,19,0.0,0.14,0.17,1,25,0,0,1,14.428571428571429,1.628032586249946
3,4052,1,False,0,2025-02-25,19,0.0,0.15,0.17,1,25,0,0,1,13.857142857142858,1.6158638364455862
3,48,3,True,0,2025-02-25,4,0.0,0.12,0.17,1,25,0,0,1,16.142857142857142,0.0
3,59,3,True,0,2025-02-25,10,0.0,0.02,0.02,1,25,0,0,1,15.428571428571429,0.0
3,82,3,True,0,2025-02-25,5,0.0,0.06,0.07,1,25,0,0,1,14.142857142857142,0.0
3,86,3,True,0,2025-02-25,2,0.0,0.12,0.15,1,25,0,0,1,11.571428571428571,0.0
3,87,3,True,0,2025-02-25,6,0.0,0.03,0.05,1,25,0,0,1,10.571428571428571,0.0
3,94,3,True,0,2025-02-25,2,0.0,0.08,0.14,1,25,0,0,1,9.285714285714286,0.0
3,103,3,True,0,2025-02-25,4,0.0,0.06,0.09,1,25,0,0,1,6.857142857142857,0.0
3,106,3,True,0,2025-02-25,5,0.0,0.04,0.06,1,25,0,0,1,4.714285714285714,0.0
3,167,3,True,0,2025-02-25,2,0.0,0.09,0.16,1,25,0,0,1,4.857142857142857,0.0
3,212,3,True,0,2025-02-25,2,0.0,0.05,0.07,1,25,0,0,1,3.7142857142857144,0.0
3,234,3,True,0,2025-02-25,1,0.0,0.08,0.11,1,25,0,0,1,3.2857142857142856,0.0
3,281,3,True,0,2025-02-25,1,0.0,0.07,0.1,1,25,0,0,1,3.142857142857143,0.0
3,381,3,True,0,2025-02-25,4,0.0,0.04,0.05,1,25,0,0,1,2.4285714285714284,0.0
3,415,3,True,0,2025-02-25,1,0.0,0.07,0.1,1,25,0,0,1,2.7142857142857144,0.0
3,440,3,True,0,2025-02-25,5,1.0,0.05,0.07,1,25,0,0,1,2.2857142857142856,0.0
3,470,3,True,0,2025-02-25,3,0.0,0.07,0.09,1,25,0,0,1,2.2857142857142856,0.0
3,493,3,True,0,2025-02-25,5,0.0,0.11,0.12,1,25,0,0,1,2.4285714285714284,0.0
3,516,3,True,0,2025-02-25,18,0.0,0.02,0.02,1,25,0,0,1,2.857142857142857,0.0
3,605,3,True,0,2025-02-25,5,0.0,0.05,0.07,1,25,0,0,1,5.285714285714286,0.0
3,612,3,True,0,2025-02-25,7,1.0,0.03,0.03,1,25,0,0,1,5.857142857142857,0.0
3,620,3,True,0,2025-02-25,5,0.0,0.02,0.03,1,25,0,0,1,6.285714285714286,0.0
3,650,3,True,0,2025-02-25,2,0.0,0.08,0.11,1,25,0,0,1,6.857142857142857,0.0
3,686,3,True,0,2025-02-25,1,0.0,0.03,0.04,1,25,0,0,1,6.428571428571429,0.0
3,703,3,True,0,2025-02-25,17,0.0,0.02,0.02,1,25,0,0,1,6.142857142857143,0.0
3,742,3,True,0,2025-02-25,5,0.0,0.04,0.05,1,25,0,0,1,7.857142857142857,0.0
3,855,3,True,0,2025-02-25,1,0.0,0.02,0.03,1,25,0,0,1,6.0,0.0
3,947,3,True,0,2025-02-25,42,0.0,0.01,0.01,1,25,0,0,1,5.428571428571429,0.0
3,1052,3,True,0,2025-02-25,5,1.0,0.02,0.03,1,25,0,0,1,10.428571428571429,0.0
3,1071,3,True,0,2025-02-25,2,0.0,0.02,0.05,1,25,0,0,1,10.428571428571429,0.0
3,1103,3,True,0,2025-02-25,4,0.0,0.1,0.13,1,25,0,0,1,10.428571428571429,0.0
3,1105,3,True,0,2025-02-25,7,0.0,0.05,0.07,1,25,0,0,1,10.857142857142858,0.0
3,1120,3,True,0,2025-02-25,5,2.0,0.06,0.08,1,25,0,0,1,9.428571428571429,0.0
3,1175,3,True,0,2025-02-25,5,0.0,0.01,0.03,1,25,0,0,1,9.428571428571429,0.0
3,1190,3,True,0,2025-02-25,6,0.0,0.04,0.05,1,25,0,0,1,10.0,0.0
3,1223,3,True,0,2025-02-25,2,0.0,0.03,0.05,1,25,0,0,1,4.857142857142857,0.0
3,1235,3,True,0,2025-02-25,0,1.0,0.06,0.08,1,25,0,0,1,4.428571428571429,0.0
3,1261,3,True,0,2025-02-25,1,0.0,0.07,0.09,1,25,0,0,1,4.142857142857143,0.0
3,1291,3,True,0,2025-02-25,6,0.0,0.04,0.06,1,25,0,0,1,3.7142857142857144,0.0
3,1382,3,True,0,2025-02-25,2,0.0,0.05,0.07,1,25,0,0,1,3.5714285714285716,0.0
3,1384,3,True,0,2025-02-25,3,0.0,0.08,0.1,1,25,0,0,1,3.142857142857143,0.0
3,1390,3,True,0,2025-02-25,4,0.0,0.04,0.06,1,25,0,0,1,2.857142857142857,0.0
3,1447,3,True,0,2025-02-25,4,0.0,0.08,0.12,1,25,0,0,1,2.5714285714285716,0.0
3,1470,3,True,0,2025-02-25,6,0.0,0.06,0.08,1,25,0,0,1,2.857142857142857,0.0
3,1503,3,True,0,2025-02-25,2,0.0,0.17,0.23,1,25,0,0,1,3.7142857142857144,0.0
3,1505,3,True,0,2025-02-25,9,0.0,0.01,0.02,1,25,0,0,1,3.857142857142857,0.0
3,1531,3,True,0,2025-02-25,23,0.0,0.05,0.08,1,25,0,0,1,4.285714285714286,0.0
3,1576,3,True,0,2025-02-25,2,0.0,0.13,0.17,1,25,0,0,1,7.285714285714286,0.0
3,1610,3,True,0,2025-02-25,31,0.0,0.01,0.01,1,25,0,0,1,7.142857142857143,0.0
3,1642,3,True,0,2025-02-25,2,0.0,0.09,0.11,1,25,0,0,1,11.0,0.0
3,1771,3,True,0,2025-02-25,2,0.0,0.17,0.26,1,25,0,0,1,10.714285714285714,0.0
3,1822,3,True,0,2025-02-25,2,1.0,0.08,0.11,1,25,0,0,1,10.142857142857142,0.0
3,1849,3,True,0,2025-02-25,2,0.0,0.05,0.06,1,25,0,0,1,10.142857142857142,0.0
3,1902,3,True,0,2025-02-25,3,0.0,0.03,0.04,1,25,0,0,1,9.142857142857142,0.0
3,1940,3,True,0,2025-02-25,3,0.0,0.04,0.06,1,25,0,0,1,6.285714285714286,0.0
3,1949,3,True,0,2025-02-25,0,1.0,0.04,0.05,1,25,0,0,1,6.428571428571429,0.0
3,1969,3,True,0,2025-02-25,2,0.0,0.13,0.15,1,25,0,0,1,2.0,0.0
3,1988,3,True,0,2025-02-25,1,0.0,0.12,0.16,1,25,0,0,1,2.0,0.0
3,1997,3,True,0,2025-02-25,10,0.0,0.01,0.02,1,25,0,0,1,1.8571428571428572,0.0
3,2039,3,True,0,2025-02-25,29,0.0,0.01,0.02,1,25,0,0,1,3.0,0.0
3,2040,3,True,0,2025-02-25,3,0.0,0.08,0.11,1,25,0,0,1,6.857142857142857,0.0
3,2048,3,True,0,2025-02-25,2,0.0,0.04,0.06,1,25,0,0,1,6.857142857142857,0.0
3,2062,3,True,0,2025-02-25,2,1.0,0.11,0.14,1,25,0,0,1,6.714285714285714,0.0
3,2110,3,True,0,2025-02-25,4,0.0,0.06,0.08,1,25,0,0,1,7.0,0.0
3,2127,3,True,0,2025-02-25,54,0.0,0.03,0.04,1,25,0,0,1,7.285714285714286,0.0
3,2151,3,True,0,2025-02-25,0,0.0,0.0,0.01,1,25,0,0,1,14.857142857142858,0.0
3,2185,3,True,0,2025-02-25,11,0.0,0.04,0.05,1,25,0,0,1,13.428571428571429,0.0
3,2236,3,True,0,2025-02-25,6,0.0,0.07,0.09,1,25,0,0,1,10.857142857142858,0.0
3,2331,3,True,0,2025-02-25,1,0.0,0.51,0.59,1,25,0,0,1,11.285714285714286,0.0
3,2432,3,True,0,2025-02-25,2,1.0,0.03,0.04,1,25,0,0,1,11.142857142857142,0.0
3,2491,3,True,0,2025-02-25,2,0.0,0.03,0.05,1,25,0,0,1,11.142857142857142,0.0
3,2551,3,True,0,2025-02-25,11,0.0,0.02,0.02,1,25,0,0,1,10.857142857142858,0.0
3,2558,3,True,0,2025-02-25,3,0.0,0.08,0.11,1,25,0,0,1,4.714285714285714,0.0
3,2585,3,True,0,2025-02-25,2,0.0,0.03,0.03,1,25,0,0,1,5.142857142857143,0.0
3,2595,3,True,0,2025-02-25,31,2.0,0.0,0.01,1,25,0,0,1,3.857142857142857,0.0
3,2700,3,True,0,2025-02-25,27,2.0,0.01,0.01,1,25,0,0,1,7.428571428571429,0.0
3,2805,3,True,0,2025-02-25,1,0.0,0.08,0.11,1,25,0,0,1,11.142857142857142,0.0
3,2816,3,True,0,2025-02-25,3,0.0,0.06,0.08,1,25,0,0,1,11.0,0.0
3,2840,3,True,0,2025-02-25,5,0.0,0.17,0.21,1,25,0,0,1,11.142857142857142,0.0
3,2852,3,True,0,2025-02-25,1,0.0,0.07,0.1,1,25,0,0,1,10.285714285714286,0.0
3,2884,3,True,0,2025-02-25,1,0.0,0.23,0.28,1,25,0,0,1,10.0,0.0
3,2889,3,True,0,2025-02-25,7,1.0,0.03,0.04,1,25,0,0,1,9.857142857142858,0.0
3,3190,3,True,0,2025-02-25,25,0.0,0.02,0.02,1,25,0,0,1,6.428571428571429,0.0
3,3239,3,True,0,2025-02-25,3,1.0,0.06,0.07,1,25,0,0,1,6.142857142857143,0.0
3,3279,3,True,0,2025-02-25,2,0.0,0.02,0.02,1,25,0,0,1,6.428571428571429,0.0
3,3283,3,True,0,2025-02-25,2,0.0,0.1,0.13,1,25,0,0,1,6.285714285714286,0.0
3,3339,3,True,0,2025-02-25,39,0.0,0.01,0.01,1,25,0,0,1,5.857142857142857,0.0
3,3349,3,True,0,2025-02-25,1,0.0,0.27,0.34,1,25,0,0,1,11.285714285714286,0.0
3,3360,3,True,0,2025-02-25,1,0.0,0.02,0.04,1,25,0,0,1,11.285714285714286,0.0
3,3556,3,True,0,2025-02-25,1,0.0,0.26,0.35,1,25,0,0,1,10.428571428571429,0.0
3,3693,3,True,0,2025-02-25,22,2.0,0.01,0.01,1,25,0,0,1,7.0,0.0
3,3768,3,True,0,2025-02-25,1,0.0,0.02,0.02,1,25,0,0,1,9.714285714285714,0.0
3,3786,3,True,0,2025-02-25,0,0.0,0.05,0.15,1,25,0,0,1,9.571428571428571,0.0
3,3862,3,True,0,2025-02-25,3,0.0,0.07,0.09,1,25,0,0,1,9.285714285714286,0.0
3,3931,3,True,0,2025-02-25,11,0.0,0.01,0.02,1,25,0,0,1,4.142857142857143,0.0
3,3985,3,True,0,2025-02-25,4,0.0,0.12,0.15,1,25,0,0,1,5.571428571428571,0.0
3,4059,3,True,0,2025-02-25,1,0.0,0.33,0.42,1,25,0,0,1,6.0,0.0
3,4101,3,True,0,2025-02-25,5,0.0,0.13,0.15,1,25,0,0,1,6.0,0.0
3,4144,3,True,0,2025-02-25,26,0.0,0.02,0.03,1,25,0,0,1,3.5714285714285716,0.0
3,4176,3,True,0,2025-02-25,5,0.0,0.03,0.05,1,25,0,0,1,7.142857142857143,0.0
3,4204,3,True,0,2025-02-25,1,0.0,0.14,0.17,1,25,0,0,1,7.857142857142857,0.0
3,4205,3,True,0,2025-02-25,30,3.0,0.02,0.02,1,25,0,0,1,7.571428571428571,0.0
3,4215,3,True,0,2025-02-25,2,0.0,0.03,0.07,1,25,0,0,1,10.285714285714286,0.0
3,4252,3,True,0,2025-02-25,8,0.0,0.02,0.03,1,25,0,0,1,10.0,0.0
3,4321,3,True,0,2025-02-25,1,0.0,0.1,0.12,1,25,0,0,1,11.0,0.0
3,4333,3,True,0,2025-02-25,1,0.0,0.21,0.26,1,25,0,0,1,10.428571428571429,0.0
3,4426,3,True,0,2025-02-25,7,1.0,0.03,0.05,1,25,0,0,1,6.857142857142857,0.0
3,4433,3,True,0,2025-02-25,1,0.0,0.05,0.09,1,25,0,0,1,7.142857142857143,0.0
3,4439,3,True,0,2025-02-25,20,0.0,0.02,0.02,1,25,0,0,1,7.142857142857143,0.0
3,4447,3,True,0,2025-02-25,4,0.0,0.02,0.03,1,25,0,0,1,5.714285714285714,0.0
3,4461,3,True,0,2025-02-25,10,0.0,0.03,0.03,1,25,0,0,1,6.0,0.0
3,4470,3,True,0,2025-02-25,1,0.0,0.07,0.09,1,25,0,0,1,6.285714285714286,0.0
3,4488,3,True,0,2025-02-25,15,0.0,0.01,0.03,1,25,0,0,1,6.285714285714286,0.0
3,4504,3,True,0,2025-02-25,3,0.0,0.03,0.04,1,25,0,0,1,8.285714285714286,0.0
3,4523,3,True,0,2025-02-25,6,0.0,0.06,0.08,1,25,0,0,1,7.714285714285714,0.0
3,4596,3,True,0,2025-02-25,7,0.0,0.07,0.08,1,25,0,0,1,8.428571428571429,0.0
3,4633,3,True,0,2025-02-25,4,0.0,0.04,0.06,1,25,0,0,1,6.571428571428571,0.0
3,4713,3,True,0,2025-02-25,4,0.0,0.04,0.05,1,25,0,0,1,6.571428571428571,0.0
3,4722,3,True,0,2025-02-25,3,1.0,0.04,0.06,1,25,0,0,1,5.714285714285714,0.0
3,4766,3,True,0,2025-02-25,15,1.0,0.03,0.04,1,25,0,0,1,6.0,0.0
3,4786,3,True,0,2025-02-25,5,0.0,0.03,0.04,1,25,0,0,1,6.0,0.0
3,4800,3,True,0,2025-02-25,6,0.0,0.08,0.11,1,25,0,0,1,6.285714285714286,0.0
3,4809,3,True,0,2025-02-25,3,0.0,0.1,0.17,1,25,0,0,1,6.285714285714286,0.0
3,4810,3,True,0,2025-02-25,3,1.0,0.03,0.04,1,25,0,0,1,5.714285714285714,0.0
3,4818,3,True,0,2025-02-25,7,0.0,0.04,0.07,1,25,0,0,1,5.571428571428571,0.0
3,4826,3,True,0,2025-02-25,1,0.0,0.12,0.16,1,25,0,0,1,6.0,0.0
3,4847,3,True,0,2025-02-25,3,1.0,0.1,0.13,1,25,0,0,1,5.714285714285714,0.0
3,4889,3,True,0,2025-02-25,2,0.0,0.03,0.04,1,25,0,0,1,4.0,0.0
3,4952,3,True,0,2025-02-25,2,0.0,0.24,0.27,1,25,0,0,1,3.5714285714285716,0.0
3,4960,3,True,0,2025-02-25,3,0.0,0.02,0.03,1,25,0,0,1,3.0,0.0
3,5029,3,True,0,2025-02-25,2,2.0,0.06,0.08,1,25,0,0,1,3.0,0.0
3,5057,3,True,0,2025-02-25,1,0.0,0.06,0.09,1,25,0,0,1,2.857142857142857,0.0
3,5060,3,True,0,2025-02-25,6,0.0,0.06,0.08,1,25,0,0,1,2.0,0.0
3,5082,3,True,0,2025-02-25,0,2.0,0.04,0.06,1,25,0,0,1,2.7142857142857144,0.0
3,5090,3,True,0,2025-02-25,2,0.0,0.05,0.06,1,25,0,0,1,2.2857142857142856,0.0
3,5153,3,True,0,2025-02-25,1,0.0,0.09,0.11,1,25,0,0,1,2.2857142857142856,0.0
3,5167,3,True,0,2025-02-25,8,0.0,0.05,0.06,1,25,0,0,1,2.142857142857143,0.0
3,5176,3,True,0,2025-02-25,1,0.0,0.23,0.31,1,25,0,0,1,2.857142857142857,0.0
3,5183,3,True,0,2025-02-25,2,0.0,0.03,0.04,1,25,0,0,1,2.7142857142857144,0.0
3,5259,3,True,0,2025-02-25,3,0.0,0.06,0.08,1,25,0,0,1,2.857142857142857,0.0
3,4,4,False,0,2025-02-25,4,0.0,0.12,0.16,1,25,0,0,1,2.4285714285714284,0.0
3,19,4,False,0,2025-02-25,0,2.0,0.01,0.02,1,25,0,0,1,3.0,0.0
3,31,4,False,0,2025-02-25,2,0.0,0.02,0.03,1,25,0,0,1,2.7142857142857144,0.0
3,34,4,False,0,2025-02-25,3,0.0,0.01,0.01,1,25,0,0,1,2.857142857142857,0.0
3,47,4,False,0,2025-02-25,5,0.0,0.01,0.02,1,25,0,0,1,2.142857142857143,0.0
3,61,4,False,0,2025-02-25,4,0.0,0.01,0.02,1,25,0,0,1,2.7142857142857144,0.0
3,70,4,False,0,2025-02-25,3,1.0,0.03,0.06,1,25,0,0,1,3.0,0.0
3,91,4,False,0,2025-02-25,4,0.0,0.03,0.03,1,25,0,0,1,3.0,0.0
3,107,4,False,0,2025-02-25,3,0.0,0.03,0.04,1,25,0,0,1,3.0,0.0
3,122,4,False,0,2025-02-25,1,0.0,0.03,0.04,1,25,0,0,1,3.4285714285714284,0.0
3,155,4,False,0,2025-02-25,3,0.0,0.04,0.06,1,25,0,0,1,3.2857142857142856,0.0
3,200,4,False,0,2025-02-25,2,0.0,0.04,0.05,1,25,0,0,1,3.2857142857142856,0.0
3,248,4,False,0,2025-02-25,3,0.0,0.05,0.07,1,25,0,0,1,2.857142857142857,0.0
3,249,4,False,0,2025-02-25,2,0.0,0.13,0.17,1,25,0,0,1,2.7142857142857144,0.0
3,283,4,False,0,2025-02-25,3,0.0,0.03,0.05,1,25,0,0,1,2.5714285714285716,0.0
3,355,4,False,0,2025-02-25,2,0.0,0.02,0.03,1,25,0,0,1,2.4285714285714284,0.0
3,363,4,False,0,2025-02-25,3,0.0,0.01,0.01,1,25,0,0,1,2.2857142857142856,0.0
3,371,4,False,0,2025-02-25,3,0.0,0.01,0.01,1,25,0,0,1,2.5714285714285716,0.0
3,393,4,False,0,2025-02-25,4,0.0,0.02,0.03,1,25,0,0,1,2.5714285714285716,0.0
3,442,4,False,0,2025-02-25,2,0.0,0.05,0.08,1,25,0,0,1,2.857142857142857,0.0
3,495,4,False,0,2025-02-25,3,0.0,0.02,0.03,1,25,0,0,1,2.7142857142857144,0.0
3,523,4,False,0,2025-02-25,3,0.0,0.03,0.05,1,25,0,0,1,2.857142857142857,0.0
3,538,4,False,0,2025-02-25,2,0.0,0.02,0.04,1,25,0,0,1,2.857142857142857,0.0
3,542,4,False,0,2025-02-25,2,0.0,0.04,0.05,1,25,0,0,1,2.857142857142857,0.0
3,544,4,False,0,2025-02-25,3,1.0,0.02,0.04,1,25,0,0,1,2.7142857142857144,0.0
3,564,4,False,0,2025-02-25,3,0.0,0.02,0.03,1,25,0,0,1,2.7142857142857144,0.0
3,610,4,False,0,2025-02-25,4,0.0,0.04,0.06,1,25,0,0,1,2.5714285714285716,0.0
3,619,4,False,0,2025-02-25,2,0.0,0.04,0.05,1,25,0,0,1,2.857142857142857,0.0
3,636,4,False,0,2025-02-25,2,0.0,0.02,0.03,1,25,0,0,1,2.7142857142857144,0.0
3,645,4,False,0,2025-02-25,3,0.0,0.01,0.02,1,25,0,0,1,2.5714285714285716,0.0
3,653,4,False,0,2025-02-25,2,0.0,0.02,0.03,1,25,0,0,1,2.7142857142857144,0.0
3,668,4,False,0,2025-02-25,2,0.0,0.03,0.04,1,25,0,0,1,2.7142857142857144,0.0
3,701,4,False,0,2025-02-25,3,0.0,0.02,0.04,1,25,0,0,1,2.5714285714285716,0.0
3,717,4,False,0,2025-02-25,2,0.0,0.05,0.07,1,25,0,0,1,2.5714285714285716,0.0
3,768,4,False,0,2025-02-25,1,0.0,0.03,0.04,1,25,0,0,1,2.2857142857142856,0.0
3,769,4,False,0,2025-02-25,5,0.0,0.01,0.01,1,25,0,0,1,2.142857142857143,0.0
3,780,4,False,0,2025-02-25,8,0.0,0.03,0.04,1,25,0,0,1,2.5714285714285716,0.0
3,794,4,False,0,2025-02-25,0,0.0,0.03,0.05,1,25,0,0,1,3.2857142857142856,0.0
3,854,4,False,0,2025-02-25,1,0.0,0.05,0.06,1,25,0,0,1,3.0,0.0
3,858,4,False,0,2025-02-25,2,0.0,0.04,0.06,1,25,0,0,1,2.857142857142857,0.0
3,864,4,False,0,2025-02-25,3,1.0,0.02,0.03,1,25,0,0,1,2.7142857142857144,0.0
3,875,4,False,0,2025-02-25,3,0.0,0.02,0.03,1,25,0,0,1,2.857142857142857,0.0
3,891,4,False,0,2025-02-25,4,0.0,0.03,0.04,1,25,0,0,1,3.142857142857143,0.0
3,961,4,False,0,2025-02-25,2,0.0,0.05,0.06,1,25,0,0,1,3.0,0.0
3,979,4,False,0,2025-02-25,4,0.0,0.06,0.07,1,25,0,0,1,2.142857142857143,0.0
3,1017,4,False,0,2025-02-25,3,0.0,0.03,0.04,1,25,0,0,1,2.7142857142857144,0.0
3,1047,4,False,0,2025-02-25,4,0.0,0.09,0.14,1,25,0,0,1,3.0,0.0
3,1057,4,False,0,2025-02-25,3,0.0,0.04,0.06,1,25,0,0,1,3.2857142857142856,0.0
3,1095,4,False,0,2025-02-25,3,0.0,0.03,0.05,1,25,0,0,1,3.2857142857142856,0.0
3,1107,4,False,0,2025-02-25,2,0.0,0.02,0.03,1,25,0,0,1,3.2857142857142856,0.0
3,1161,4,False,0,2025-02-25,1,1.0,0.02,0.03,1,25,0,0,1,3.0,0.0
3,1177,4,False,0,2025-02-25,4,0.0,0.1,0.15,1,25,0,0,1,2.857142857142857,0.0
3,1189,4,False,0,2025-02-25,2,0.0,0.02,0.04,1,25,0,0,1,2.857142857142857,0.0
3,1193,4,False,0,2025-02-25,2,0.0,0.02,0.03,1,25,0,0,1,2.7142857142857144,0.0
3,1202,4,False,0,2025-02-25,2,0.0,0.02,0.04,1,25,0,0,1,2.4285714285714284,0.0
3,1215,4,False,0,2025-02-25,2,0.0,0.01,0.02,1,25,0,0,1,2.2857142857142856,0.0
3,1224,4,False,0,2025-02-25,5,0.0,0.04,0.04,1,25,0,0,1,2.142857142857143,0.0
3,1267,4,False,0,2025-02-25,1,0.0,0.07,0.09,1,25,0,0,1,2.5714285714285716,0.0
3,1293,4,False,0,2025-02-25,6,0.0,0.03,0.04,1,25,0,0,1,2.5714285714285716,0.0
3,1303,4,False,0,2025-02-25,4,0.0,0.06,0.08,1,25,0,0,1,2.857142857142857,0.0
3,1338,4,False,0,2025-02-25,2,0.0,0.06,0.09,1,25,0,0,1,3.142857142857143,0.0
3,1344,4,False,0,2025-02-25,3,0.0,0.06,0.09,1,25,0,0,1,3.142857142857143,0.0
3,1350,4,False,0,2025-02-25,0,0.0,0.03,0.06,1,25,0,0,1,3.2857142857142856,0.0
3,1367,4,False,0,2025-02-25,3,0.0,0.02,0.03,1,25,0,0,1,3.0,0.0
3,1404,4,False,0,2025-02-25,4,0.0,0.02,0.04,1,25,0,0,1,2.7142857142857144,0.0
3,1421,4,False,0,2025-02-25,3,1.0,0.02,0.03,1,25,0,0,1,3.142857142857143,0.0
3,1448,4,False,0,2025-02-25,2,0.0,0.06,0.07,1,25,0,0,1,2.7142857142857144,0.0
3,1466,4,False,0,2025-02-25,0,0.0,0.02,0.04,1,25,0,0,1,2.4285714285714284,0.0
3,1479,4,False,0,2025-02-25,2,0.0,0.05,0.06,1,25,0,0,1,2.142857142857143,0.0
3,1483,4,False,0,2025-02-25,4,0.0,0.02,0.03,1,25,0,0,1,2.0,0.0
3,1498,4,False,0,2025-02-25,6,0.0,0.12,0.17,1,25,0,0,1,2.5714285714285716,0.0
3,1517,4,False,0,2025-02-25,2,0.0,0.02,0.02,1,25,0,0,1,3.0,0.0
3,1533,4,False,0,2025-02-25,3,0.0,0.05,0.07,1,25,0,0,1,2.7142857142857144,0.0
3,1606,4,False,0,2025-02-25,1,0.0,0.04,0.05,1,25,0,0,1,2.7142857142857144,0.0
3,1622,4,False,0,2025-02-25,3,0.0,0.07,0.09,1,25,0,0,1,2.5714285714285716,0.0
3,1624,4,False,0,2025-02-25,3,0.0,0.04,0.03,1,25,0,0,1,3.0,0.0
3,1625,4,False,0,2025-02-25,2,0.0,0.03,0.04,1,25,0,0,1,3.142857142857143,0.0
3,1634,4,False,0,2025-02-25,3,0.0,0.05,0.07,1,25,0,0,1,2.857142857142857,0.0
3,1648,4,False,0,2025-02-25,4,0.0,0.03,0.04,1,25,0,0,1,2.4285714285714284,0.0
3,1654,4,False,0,2025-02-25,4,0.0,0.01,0.02,1,25,0,0,1,2.7142857142857144,0.0
3,1672,4,False,0,2025-02-25,3,0.0,0.02,0.02,1,25,0,0,1,2.857142857142857,0.0
3,1693,4,False,0,2025-02-25,4,0.0,0.02,0.04,1,25,0,0,1,3.142857142857143,0.0
3,1805,4,False,0,2025-02-25,3,0.0,0.04,0.06,1,25,0,0,1,3.2857142857142856,0.0
3,1806,4,False,0,2025-02-25,3,0.0,0.08,0.12,1,25,0,0,1,3.2857142857142856,0.0
3,1824,4,False,0,2025-02-25,3,0.0,0.01,0.01,1,25,0,0,1,3.4285714285714284,0.0
3,1836,4,False,0,2025-02-25,4,0.0,0.04,0.04,1,25,0,0,1,3.4285714285714284,0.0
3,1838,4,False,0,2025-02-25,2,1.0,0.01,0.01,1,25,0,0,1,3.4285714285714284,0.0
3,1842,4,False,0,2025-02-25,3,0.0,0.01,0.01,1,25,0,0,1,3.142857142857143,0.0
3,1856,4,False,0,2025-02-25,2,0.0,0.02,0.04,1,25,0,0,1,3.142857142857143,0.0
3,1861,4,False,0,2025-02-25,1,0.0,0.02,0.03,1,25,0,0,1,2.857142857142857,0.0
3,1869,4,False,0,2025-02-25,2,1.0,0.01,0.01,1,25,0,0,1,2.5714285714285716,0.0
3,1870,4,False,0,2025-02-25,2,0.0,0.04,0.06,1,25,0,0,1,2.4285714285714284,0.0
3,1894,4,False,0,2025-02-25,2,0.0,0.03,0.04,1,25,0,0,1,2.2857142857142856,0.0
3,1928,4,False,0,2025-02-25,2,0.0,0.01,0.01,1,25,0,0,1,2.0,0.0
3,1942,4,False,0,2025-02-25,4,0.0,0.01,0.02,1,25,0,0,1,2.0,0.0
3,1958,4,False,0,2025-02-25,2,0.0,0.04,0.06,1,25,0,0,1,2.142857142857143,0.0
3,1959,4,False,0,2025-02-25,2,0.0,0.05,0.08,1,25,0,0,1,2.142857142857143,0.0
3,1968,4,False,0,2025-02-25,5,0.0,0.03,0.05,1,25,0,0,1,2.2857142857142856,0.0
3,1996,4,False,0,2025-02-25,4,0.0,0.01,0.02,1,25,0,0,1,2.7142857142857144,0.0
3,1999,4,False,0,2025-02-25,0,0.0,0.01,0.01,1,25,0,0,1,3.0,0.0
3,2022,4,False,0,2025-02-25,3,0.0,0.03,0.04,1,25,0,0,1,2.7142857142857144,0.0
3,2024,4,False,0,2025-02-25,2,0.0,0.02,0.04,1,25,0,0,1,2.857142857142857,0.0
3,2064,4,False,0,2025-02-25,1,0.0,0.02,0.02,1,25,0,0,1,2.5714285714285716,0.0
3,2092,4,False,0,2025-02-25,3,0.0,0.04,0.06,1,25,0,0,1,2.4285714285714284,0.0
3,2097,4,False,0,2025-02-25,1,0.0,0.03,0.04,1,25,0,0,1,2.5714285714285716,0.0
3,2103,4,False,0,2025-02-25,1,0.0,0.01,0.02,1,25,0,0,1,2.0,0.0
3,2137,4,False,0,2025-02-25,2,0.0,0.04,0.06,1,25,0,0,1,1.5714285714285714,0.0
3,2150,4,False,0,2025-02-25,2,0.0,0.01,0.02,1,25,0,0,1,1.8571428571428572,0.0
3,2180,4,False,0,2025-02-25,3,0.0,0.05,0.08,1,25,0,0,1,1.7142857142857142,0.0
3,2239,4,False,0,2025-02-25,2,0.0,0.03,0.04,1,25,0,0,1,1.8571428571428572,0.0
3,2252,4,False,0,2025-02-25,1,0.0,0.02,0.03,1,25,0,0,1,2.0,0.0
3,2297,4,False,0,2025-02-25,3,0.0,0.14,0.15,1,25,0,0,1,1.7142857142857142,0.0
3,2312,4,False,0,2025-02-25,2,0.0,0.05,0.08,1,25,0,0,1,2.0,0.0
3,2320,4,False,0,2025-02-25,2,0.0,0.03,0.04,1,25,0,0,1,2.142857142857143,0.0
3,2355,4,False,0,2025-02-25,2,0.0,0.05,0.09,1,25,0,0,1,2.142857142857143,0.0
3,2369,4,False,0,2025-02-25,4,0.0,0.03,0.05,1,25,0,0,1,2.142857142857143,0.0
3,2423,4,False,0,2025-02-25,4,0.0,0.02,0.03,1,25,0,0,1,2.2857142857142856,0.0
3,2456,4,False,0,2025-02-25,2,0.0,0.02,0.03,1,25,0,0,1,2.5714285714285716,0.0
3,2495,4,False,0,2025-02-25,2,0.0,0.05,0.08,1,25,0,0,1,2.7142857142857144,0.0
3,2517,4,False,0,2025-02-25,1,1.0,0.05,0.07,1,25,0,0,1,2.5714285714285716,0.0
3,2550,4,False,0,2025-02-25,3,0.0,0.03,0.05,1,25,0,0,1,2.4285714285714284,0.0
3,2569,4,False,0,2025-02-25,1,0.0,0.01,0.02,1,25,0,0,1,2.5714285714285716,0.0
3,2586,4,False,0,2025-02-25,2,0.0,0.04,0.06,1,25,0,0,1,2.4285714285714284,0.0
3,2644,4,False,0,2025-02-25,2,0.0,0.05,0.08,1,25,0,0,1,2.142857142857143,0.0
3,2711,4,False,0,2025-02-25,2,0.0,0.04,0.06,1,25,0,0,1,1.8571428571428572,0.0
3,2750,4,False,0,2025-02-25,3,0.0,0.01,0.01,1,25,0,0,1,1.8571428571428572,0.0
3,2773,4,False,0,2025-02-25,4,0.0,0.02,0.04,1,25,0,0,1,2.0,0.0
3,2800,4,False,0,2025-02-25,2,0.0,0.03,0.04,1,25,0,0,1,2.4285714285714284,0.0
3,2908,4,False,0,2025-02-25,6,0.0,0.03,0.04,1,25,0,0,1,2.2857142857142856,0.0
3,2943,4,False,0,2025-02-25,5,0.0,0.02,0.02,1,25,0,0,1,3.0,0.0
3,2955,4,False,0,2025-02-25,1,0.0,0.01,0.02,1,25,0,0,1,3.4285714285714284,0.0
3,2973,4,False,0,2025-02-25,4,0.0,0.04,0.05,1,25,0,0,1,3.2857142857142856,0.0
3,2988,4,False,0,2025-02-25,2,0.0,0.02,0.03,1,25,0,0,1,3.5714285714285716,0.0
3,2995,4,False,0,2025-02-25,8,0.0,0.05,0.07,1,25,0,0,1,3.4285714285714284,0.0
3,3003,4,False,0,2025-02-25,3,0.0,0.02,0.04,1,25,0,0,1,4.0,0.0
3,3029,4,False,0,2025-02-25,3,0.0,0.09,0.12,1,25,0,0,1,4.142857142857143,0.0
3,3127,4,False,0,2025-02-25,4,0.0,0.12,0.08,1,25,0,0,1,3.7142857142857144,0.0
3,3130,4,False,0,2025-02-25,5,0.0,0.14,0.22,1,25,0,0,1,3.5714285714285716,0.0
3,3166,4,False,0,2025-02-25,3,0.0,0.01,0.01,1,25,0,0,1,4.142857142857143,0.0
3,3169,4,False,0,2025-02-25,3,0.0,0.02,0.03,1,25,0,0,1,4.0,0.0
3,3174,4,False,0,2025-02-25,4,0.0,0.01,0.01,1,25,0,0,1,4.142857142857143,0.0
3,3222,4,False,0,2025-02-25,2,0.0,0.02,0.04,1,25,0,0,1,3.5714285714285716,0.0
3,3281,4,False,0,2025-02-25,1,0.0,0.06,0.08,1,25,0,0,1,3.4285714285714284,0.0
3,3344,4,False,0,2025-02-25,3,0.0,0.04,0.05,1,25,0,0,1,3.142857142857143,0.0
3,3374,4,False,0,2025-02-25,2,0.0,0.06,0.09,1,25,0,0,1,3.0,0.0
3,3376,4,False,0,2025-02-25,2,0.0,0.03,0.05,1,25,0,0,1,2.5714285714285716,0.0
3,3400,4,False,0,2025-02-25,5,0.0,0.01,0.01,1,25,0,0,1,2.4285714285714284,0.0
3,3425,4,False,0,2025-02-25,0,0.0,0.01,0.02,1,25,0,0,1,2.7142857142857144,0.0
3,3428,4,False,0,2025-02-25,2,0.0,0.04,0.06,1,25,0,0,1,2.142857142857143,0.0
3,3442,4,False,0,2025-02-25,8,0.0,0.07,0.1,1,25,0,0,1,2.142857142857143,0.0
3,3459,4,False,0,2025-02-25,3,0.0,0.04,0.06,1,25,0,0,1,3.142857142857143,0.0
3,3460,4,False,0,2025-02-25,2,0.0,0.02,0.03,1,25,0,0,1,3.142857142857143,0.0
3,3462,4,False,0,2025-02-25,7,0.0,0.03,0.05,1,25,0,0,1,3.142857142857143,0.0
3,3471,4,False,0,2025-02-25,3,0.0,0.03,0.04,1,25,0,0,1,3.857142857142857,0.0
3,3497,4,False,0,2025-02-25,2,0.0,0.04,0.06,1,25,0,0,1,3.5714285714285716,0.0
3,3511,4,False,0,2025-02-25,4,0.0,0.04,0.07,1,25,0,0,1,3.857142857142857,0.0
3,3603,4,False,0,2025-02-25,2,0.0,0.04,0.06,1,25,0,0,1,4.142857142857143,0.0
3,3618,4,False,0,2025-02-25,5,0.0,0.12,0.17,1,25,0,0,1,3.2857142857142856,0.0
3,3669,4,False,0,2025-02-25,3,0.0,0.01,0.01,1,25,0,0,1,3.5714285714285716,0.0
3,3670,4,False,0,2025-02-25,3,1.0,0.03,0.05,1,25,0,0,1,3.7142857142857144,0.0
3,3671,4,False,0,2025-02-25,1,0.0,0.04,0.07,1,25,0,0,1,3.142857142857143,0.0
3,3678,4,False,0,2025-02-25,1,1.0,0.03,0.05,1,25,0,0,1,2.857142857142857,0.0
3,3685,4,False,0,2025-02-25,0,0.0,0.03,0.05,1,25,0,0,1,2.7142857142857144,0.0
3,3720,4,False,0,2025-02-25,0,0.0,0.05,0.08,1,25,0,0,1,2.142857142857143,0.0
3,3738,4,False,0,2025-02-25,3,0.0,0.01,0.01,1,25,0,0,1,1.8571428571428572,0.0
3,3744,4,False,0,2025-02-25,4,0.0,0.04,0.05,1,25,0,0,1,1.5714285714285714,0.0
3,3797,4,False,0,2025-02-25,9,0.0,0.03,0.04,1,25,0,0,1,1.7142857142857142,0.0
3,3799,4,False,0,2025-02-25,2,0.0,0.03,0.05,1,25,0,0,1,2.5714285714285716,0.0
3,3820,4,False,0,2025-02-25,2,0.0,0.02,0.04,1,25,0,0,1,2.7142857142857144,0.0
3,3821,4,False,0,2025-02-25,2,0.0,0.04,0.06,1,25,0,0,1,2.857142857142857,0.0
3,3826,4,False,0,2025-02-25,3,1.0,0.03,0.04,1,25,0,0,1,3.142857142857143,0.0
3,3831,4,False,0,2025-02-25,3,0.0,0.01,0.02,1,25,0,0,1,3.5714285714285716,0.0
3,3858,4,False,0,2025-02-25,2,0.0,0.06,0.08,1,25,0,0,1,3.5714285714285716,0.0
3,3894,4,False,0,2025-02-25,4,0.0,0.02,0.03,1,25,0,0,1,3.2857142857142856,0.0
3,3898,4,False,0,2025-02-25,2,0.0,0.06,0.1,1,25,0,0,1,2.5714285714285716,0.0
3,3913,4,False,0,2025-02-25,4,0.0,0.03,0.05,1,25,0,0,1,2.5714285714285716,0.0
3,3917,4,False,0,2025-02-25,4,0.0,0.01,0.01,1,25,0,0,1,2.857142857142857,0.0
3,3925,4,False,0,2025-02-25,0,0.0,0.03,0.04,1,25,0,0,1,3.142857142857143,0.0
3,3940,4,False,0,2025-02-25,2,0.0,0.05,0.06,1,25,0,0,1,2.7142857142857144,0.0
3,3954,4,False,0,2025-02-25,0,0.0,0.02,0.03,1,25,0,0,1,2.5714285714285716,0.0
3,3966,4,False,0,2025-02-25,1,0.0,0.02,0.04,1,25,0,0,1,2.2857142857142856,0.0
3,3969,4,False,0,2025-02-25,2,0.0,0.01,0.03,1,25,0,0,1,1.8571428571428572,0.0
3,3977,4,False,0,2025-02-25,4,0.0,0.06,0.08,1,25,0,0,1,1.8571428571428572,0.0
3,4001,4,False,0,2025-02-25,2,0.0,0.04,0.05,1,25,0,0,1,1.8571428571428572,0.0
3,4034,4,False,0,2025-02-25,3,0.0,0.08,0.11,1,25,0,0,1,1.5714285714285714,0.0
3,4054,4,False,0,2025-02-25,2,0.0,0.02,0.04,1,25,0,0,1,2.0,0.0
3,4061,4,False,0,2025-02-25,2,0.0,0.05,0.07,1,25,0,0,1,2.0,0.0
3,4086,4,False,0,2025-02-25,2,0.0,0.02,0.02,1,25,0,0,1,2.2857142857142856,0.0
3,4096,4,False,0,2025-02-25,2,0.0,0.05,0.07,1,25,0,0,1,2.4285714285714284,0.0
3,4142,4,False,0,2025-02-25,4,0.0,0.02,0.03,1,25,0,0,1,2.4285714285714284,0.0
3,4156,4,False,0,2025-02-25,4,0.0,0.03,0.05,1,25,0,0,1,2.4285714285714284,0.0
3,4229,4,False,0,2025-02-25,2,0.0,0.02,0.04,1,25,0,0,1,2.7142857142857144,0.0
3,4244,4,False,0,2025-02-25,0,0.0,0.03,0.04,1,25,0,0,1,2.5714285714285716,0.0
3,4264,4,False,0,2025-02-25,2,0.0,0.05,0.07,1,25,0,0,1,2.2857142857142856,0.0
3,4331,4,False,0,2025-02-25,5,0.0,0.01,0.02,1,25,0,0,1,2.2857142857142856,0.0
3,4365,4,False,0,2025-02-25,2,0.0,0.04,0.06,1,25,0,0,1,2.7142857142857144,0.0
3,4366,4,False,0,2025-02-25,3,0.0,0.05,0.06,1,25,0,0,1,2.7142857142857144,0.0
3,4420,4,False,0,2025-02-25,3,0.0,0.02,0.02,1,25,0,0,1,2.5714285714285716,0.0
3,4436,4,False,0,2025-02-25,2,0.0,0.02,0.03,1,25,0,0,1,2.4285714285714284,0.0
3,4444,4,False,0,2025-02-25,2,0.0,0.07,0.1,1,25,0,0,1,2.4285714285714284,0.0
3,4450,4,False,0,2025-02-25,4,0.0,0.02,0.03,1,25,0,0,1,2.7142857142857144,0.0
3,4458,4,False,0,2025-02-25,6,2.0,0.03,0.05,1,25,0,0,1,3.0,0.0
3,4465,4,False,0,2025-02-25,4,0.0,0.02,0.04,1,25,0,0,1,3.142857142857143,0.0
3,4472,4,False,0,2025-02-25,5,0.0,0.01,0.01,1,25,0,0,1,3.4285714285714284,0.0
3,4507,4,False,0,2025-02-25,3,0.0,0.03,0.04,1,25,0,0,1,3.7142857142857144,0.0
3,4525,4,False,0,2025-02-25,3,0.0,0.01,0.03,1,25,0,0,1,3.7142857142857144,0.0
3,4536,4,False,0,2025-02-25,2,1.0,0.01,0.01,1,25,0,0,1,3.857142857142857,0.0
3,4564,4,False,0,2025-02-25,3,0.0,0.02,0.04,1,25,0,0,1,3.857142857142857,0.0
3,4568,4,False,0,2025-02-25,5,0.0,0.01,0.01,1,25,0,0,1,3.7142857142857144,0.0
3,4604,4,False,0,2025-02-25,3,0.0,0.02,0.03,1,25,0,0,1,3.5714285714285716,0.0
3,4610,4,False,0,2025-02-25,0,0.0,0.06,0.09,1,25,0,0,1,3.4285714285714284,0.0
3,4620,4,False,0,2025-02-25,1,0.0,0.02,0.04,1,25,0,0,1,2.7142857142857144,0.0
3,4648,4,False,0,2025-02-25,2,0.0,0.05,0.07,1,25,0,0,1,2.4285714285714284,0.0
3,4700,4,False,0,2025-02-25,2,0.0,0.02,0.03,1,25,0,0,1,2.2857142857142856,0.0
3,4741,4,False,0,2025-02-25,6,0.0,0.02,0.05,1,25,0,0,1,2.2857142857142856,0.0
3,4759,4,False,0,2025-02-25,4,0.0,0.03,0.04,1,25,0,0,1,2.7142857142857144,0.0
3,4770,4,False,0,2025-02-25,2,0.0,0.03,0.03,1,25,0,0,1,2.5714285714285716,0.0
3,4774,4,False,0,2025-02-25,3,1.0,0.03,0.04,1,25,0,0,1,2.4285714285714284,0.0
3,4903,4,False,0,2025-02-25,4,0.0,0.01,0.01,1,25,0,0,1,2.857142857142857,0.0
3,4915,4,False,0,2025-02-25,4,1.0,0.01,0.02,1,25,0,0,1,3.2857142857142856,0.0
3,4929,4,False,0,2025-02-25,2,0.0,0.03,0.04,1,25,0,0,1,3.5714285714285716,0.0
3,4961,4,False,0,2025-02-25,7,0.0,0.03,0.06,1,25,0,0,1,3.5714285714285716,0.0
3,4987,4,False,0,2025-02-25,2,0.0,0.02,0.03,1,25,0,0,1,3.7142857142857144,0.0
3,4992,4,False,0,2025-02-25,2,0.0,0.04,0.05,1,25,0,0,1,3.4285714285714284,0.0
3,4997,4,False,0,2025-02-25,2,0.0,0.07,0.1,1,25,0,0,1,3.4285714285714284,0.0
3,4998,4,False,0,2025-02-25,3,0.0,0.01,0.01,1,25,0,0,1,3.2857142857142856,0.0
3,5008,4,False,0,2025-02-25,2,0.0,0.02,0.03,1,25,0,0,1,3.142857142857143,0.0
3,5048,4,False,0,2025-02-25,1,0.0,0.01,0.02,1,25,0,0,1,2.857142857142857,0.0
3,5091,4,False,0,2025-02-25,3,0.0,0.06,0.08,1,25,0,0,1,2.7142857142857144,0.0
3,5100,4,False,0,2025-02-25,3,0.0,0.02,0.03,1,25,0,0,1,2.142857142857143,0.0
3,5112,4,False,0,2025-02-25,1,0.0,0.02,0.04,1,25,0,0,1,2.2857142857142856,0.0
3,5118,4,False,0,2025-02-25,2,0.0,0.05,0.08,1,25,0,0,1,2.142857142857143,0.0
3,5120,4,False,0,2025-02-25,0,0.0,0.02,0.03,1,25,0,0,1,2.142857142857143,0.0
3,5123,4,False,0,2025-02-25,2,0.0,0.02,0.04,1,25,0,0,1,1.7142857142857142,0.0
3,5130,4,False,0,2025-02-25,2,0.0,0.02,0.03,1,25,0,0,1,1.7142857142857142,0.0
3,5149,4,False,0,2025-02-25,2,0.0,0.12,0.14,1,25,0,0,1,1.8571428571428572,0.0
3,5163,4,False,0,2025-02-25,1,0.0,0.05,0.09,1,25,0,0,1,1.7142857142857142,0.0
3,5169,4,False,0,2025-02-25,3,0.0,0.06,0.08,1,25,0,0,1,1.4285714285714286,0.0
3,5172,4,False,0,2025-02-25,2,0.0,0.04,0.06,1,25,0,0,1,1.7142857142857142,0.0
3,5177,4,False,0,2025-02-25,3,0.0,0.01,0.01,1,25,0,0,1,1.7142857142857142,0.0
3,5199,4,False,0,2025-02-25,2,0.0,0.02,0.02,1,25,0,0,1,2.142857142857143,0.0
3,5234,4,False,0,2025-02-25,2,0.0,0.02,0.03,1,25,0,0,1,2.142857142857143,0.0
3,5241,4,False,0,2025-02-25,3,0.0,0.01,0.01,1,25,0,0,1,2.142857142857143,0.0
3,5247,4,False,0,2025-02-25,0,0.0,0.02,0.02,1,25,0,0,1,2.2857142857142856,0.0
3,5267,4,False,0,2025-02-25,1,0.0,0.02,0.03,1,25,0,0,1,2.142857142857143,0.0
3,5269,4,False,0,2025-02-25,2,0.0,0.01,0.02,1,25,0,0,1,1.8571428571428572,0.0
3,5275,4,False,0,2025-02-25,4,0.0,0.02,0.05,1,25,0,0,1,1.8571428571428572,0.0
3,5283,4,False,0,2025-02-25,3,0.0,0.03,0.04,1,25,0,0,1,2.0,0.0
3,172,5,True,0,2025-02-25,191,2.0,0.01,0.01,1,25,0,0,1,2.142857142857143,0.0
3,327,5,True,0,2025-02-25,5,2.0,0.01,0.03,1,25,0,0,1,29.142857142857142,0.0
3,697,5,True,0,2025-02-25,8,1.0,0.04,0.16,1,25,0,0,1,29.428571428571427,0.0
3,1278,5,True,0,2025-02-25,5,0.0,0.02,0.05,1,25,0,0,1,30.571428571428573,0.0
3,1463,5,True,0,2025-02-25,7,0.0,0.01,0.04,1,25,0,0,1,31.142857142857142,0.0
3,1471,5,True,0,2025-02-25,8,0.0,0.02,0.05,1,25,0,0,1,31.857142857142858,0.0
3,1580,5,True,0,2025-02-25,8,0.0,0.02,0.04,1,25,0,0,1,32.42857142857143,0.0
3,1795,5,True,0,2025-02-25,1,1.0,0.02,0.04,1,25,0,0,1,33.142857142857146,0.0
3,1860,5,True,0,2025-02-25,12,0.0,0.03,0.04,1,25,0,0,1,6.0,0.0
3,2169,5,True,0,2025-02-25,10,1.0,0.01,0.01,1,25,0,0,1,7.0,0.0
3,2338,5,True,0,2025-02-25,58,2.0,0.01,0.04,1,25,0,0,1,7.285714285714286,0.0
3,2381,5,True,0,2025-02-25,64,7.0,0.04,0.05,1,25,0,0,1,14.857142857142858,1.9789064178528157
3,2518,5,True,0,2025-02-25,14,1.0,0.02,0.06,1,25,0,0,1,23.0,0.0
3,2560,5,True,0,2025-02-25,10,0.0,0.03,0.04,1,25,0,0,1,23.857142857142858,0.0
3,2647,5,True,0,2025-02-25,6,0.0,0.03,0.05,1,25,0,0,1,24.142857142857142,0.0
3,2661,5,True,0,2025-02-25,29,0.0,0.0,0.01,1,25,0,0,1,24.857142857142858,0.0
3,2926,5,True,0,2025-02-25,2,0.0,0.03,0.05,1,25,0,0,1,27.285714285714285,0.0
3,3002,5,True,0,2025-02-25,11,0.0,0.04,0.07,1,25,0,0,1,26.142857142857142,0.0
3,3175,5,True,0,2025-02-25,2,0.0,0.04,0.1,1,25,0,0,1,19.428571428571427,0.0
3,3612,5,True,0,2025-02-25,18,4.0,0.05,0.08,1,25,0,0,1,10.571428571428571,0.0
3,3734,5,True,0,2025-02-25,6,0.0,0.05,0.11,1,25,0,0,1,11.142857142857142,0.0
3,3819,5,True,0,2025-02-25,15,0.0,0.02,0.05,1,25,0,0,1,10.571428571428571,0.0
3,4150,5,True,0,2025-02-25,39,1.0,0.02,0.04,1,25,0,0,1,11.857142857142858,0.0
3,4200,5,True,0,2025-02-25,11,0.0,0.06,0.12,1,25,0,0,1,13.285714285714286,0.0
3,5036,5,True,0,2025-02-25,11,0.0,0.03,0.05,1,25,0,0,1,14.571428571428571,0.0
3,5260,5,True,0,2025-02-25,14,0.0,0.02,0.05,1,25,0,0,1,14.571428571428571,0.0
3,138,6,False,0,2025-02-25,0,0.0,0.16,0.23,1,25,0,0,1,16.285714285714285,0.0
3,177,6,False,0,2025-02-25,1,0.0,0.08,0.1,1,25,0,0,1,13.714285714285714,0.0
3,207,6,False,0,2025-02-25,1,0.0,0.23,0.31,1,25,0,0,1,13.0,0.0
3,316,6,False,0,2025-02-25,2,0.0,0.08,0.12,1,25,0,0,1,11.0,0.0
3,647,6,False,0,2025-02-25,1,0.0,0.07,0.09,1,25,0,0,1,5.714285714285714,0.0
3,975,6,False,0,2025-02-25,1,0.0,0.08,0.08,1,25,0,0,1,4.285714285714286,0.0
3,1265,6,False,0,2025-02-25,1,0.0,0.14,0.2,1,25,0,0,1,2.857142857142857,0.0
3,1509,6,False,0,2025-02-25,1,0.0,0.22,0.27,1,25,0,0,1,1.0,0.0
3,1740,6,False,0,2025-02-25,1,0.0,0.08,0.11,1,25,0,0,1,1.1428571428571428,0.0
3,1827,6,False,0,2025-02-25,1,0.0,0.1,0.15,1,25,0,0,1,1.1428571428571428,0.0
3,1845,6,False,0,2025-02-25,1,0.0,0.05,0.06,1,25,0,0,1,1.1428571428571428,0.0
3,1865,6,False,0,2025-02-25,0,0.0,0.12,0.16,1,25,0,0,1,1.0,0.0
3,2131,6,False,0,2025-02-25,2,0.0,0.1,0.15,1,25,0,0,1,0.8571428571428571,0.0
3,2216,6,False,0,2025-02-25,1,0.0,0.06,0.09,1,25,0,0,1,1.0,0.0
3,2240,6,False,0,2025-02-25,1,0.0,0.13,0.18,1,25,0,0,1,1.0,0.0
3,2291,6,False,0,2025-02-25,0,0.0,0.15,0.21,1,25,0,0,1,1.0,0.0
3,2352,6,False,0,2025-02-25,1,0.0,0.11,0.15,1,25,0,0,1,0.8571428571428571,0.0
3,2515,6,False,0,2025-02-25,0,0.0,0.16,0.2,1,25,0,0,1,0.8571428571428571,0.0
3,2617,6,False,0,2025-02-25,1,0.0,0.13,0.19,1,25,0,0,1,0.7142857142857143,0.0
3,2799,6,False,0,2025-02-25,1,0.0,0.06,0.08,1,25,0,0,1,0.8571428571428571,0.0
3,2934,6,False,0,2025-02-25,1,0.0,0.07,0.1,1,25,0,0,1,0.7142857142857143,0.0
3,3090,6,False,0,2025-02-25,1,0.0,0.15,0.2,1,25,0,0,1,0.7142857142857143,0.0
3,3380,6,False,0,2025-02-25,2,0.0,0.06,0.09,1,25,0,0,1,0.7142857142857143,0.0
3,3637,6,False,0,2025-02-25,1,0.0,0.07,0.09,1,25,0,0,1,1.0,0.0
3,3793,6,False,0,2025-02-25,1,0.0,0.03,0.04,1,25,0,0,1,1.0,0.0
3,3937,6,False,0,2025-02-25,1,0.0,0.14,0.18,1,25,0,0,1,1.1428571428571428,0.0
3,4074,6,False,0,2025-02-25,1,0.0,0.16,0.24,1,25,0,0,1,1.1428571428571428,0.0
3,4196,6,False,0,2025-02-25,1,0.0,0.06,0.08,1,25,0,0,1,1.1428571428571428,0.0
3,4356,6,False,0,2025-02-25,1,0.0,0.09,0.13,1,25,0,0,1,1.1428571428571428,0.0
3,4398,6,False,0,2025-02-25,0,0.0,0.09,0.1,1,25,0,0,1,1.1428571428571428,0.0
3,4430,6,False,0,2025-02-25,1,0.0,0.08,0.12,1,25,0,0,1,0.8571428571428571,0.0
3,4730,6,False,0,2025-02-25,1,0.0,0.13,0.19,1,25,0,0,1,0.8571428571428571,0.0
3,4736,6,False,0,2025-02-25,1,0.0,0.07,0.09,1,25,0,0,1,0.8571428571428571,0.0
3,4849,6,False,0,2025-02-25,2,0.0,0.13,0.25,1,25,0,0,1,0.8571428571428571,0.0
3,4887,6,False,0,2025-02-25,2,0.0,0.13,0.15,1,25,0,0,1,1.0,0.0
3,5023,6,False,0,2025-02-25,1,0.0,0.13,0.18,1,25,0,0,1,1.1428571428571428,0.0
3,411,7,False,0,2025-02-25,7,0.0,0.0,0.01,1,25,0,0,1,1.1428571428571428,0.0
3,461,7,False,0,2025-02-25,7,5.0,0.0,0.01,1,25,0,0,1,2.142857142857143,0.0
3,551,7,False,0,2025-02-25,8,0.0,0.01,0.01,1,25,0,0,1,3.0,0.0
3,559,7,False,0,2025-02-25,20,0.0,0.01,0.01,1,25,0,0,1,4.0,0.0
3,848,7,False,0,2025-02-25,3,0.0,0.04,0.05,1,25,0,0,1,6.714285714285714,0.0
3,861,7,False,0,2025-02-25,7,0.0,0.01,0.02,1,25,0,0,1,6.857142857142857,0.0
3,1115,7,False,0,2025-02-25,0,0.0,0.0,0.0,1,25,0,0,1,7.571428571428571,0.0
3,1288,7,False,0,2025-02-25,2,0.0,0.01,0.02,1,25,0,0,1,7.428571428571429,0.0
3,1787,7,False,0,2025-02-25,0,0.0,0.02,0.02,1,25,0,0,1,6.714285714285714,0.0
3,2175,7,False,0,2025-02-25,5,0.0,0.03,0.03,1,25,0,0,1,5.714285714285714,0.0
3,2227,7,False,0,2025-02-25,4,1.0,0.02,0.03,1,25,0,0,1,5.285714285714286,0.0
3,2499,7,False,0,2025-02-25,3,0.0,0.0,0.01,1,25,0,0,1,3.0,0.0
3,2887,7,False,0,2025-02-25,20,0.0,0.02,0.03,1,25,0,0,1,3.0,0.0
3,3023,7,False,0,2025-02-25,20,0.0,0.01,0.01,1,25,0,0,1,4.857142857142857,0.0
3,3040,7,False,0,2025-02-25,11,1.0,0.0,0.0,1,25,0,0,1,7.714285714285714,0.0
3,3105,7,False,0,2025-02-25,9,0.0,0.0,0.01,1,25,0,0,1,9.0,0.0
3,3272,7,False,0,2025-02-25,6,0.0,0.01,0.02,1,25,0,0,1,10.285714285714286,0.0
3,3314,7,False,0,2025-02-25,13,0.0,0.0,0.01,1,25,0,0,1,10.428571428571429,0.0
3,3401,7,False,0,2025-02-25,6,0.0,0.0,0.01,1,25,0,0,1,11.714285714285714,0.0
3,4026,7,False,0,2025-02-25,6,0.0,0.12,0.16,1,25,0,0,1,12.142857142857142,0.0
3,4093,7,False,0,2025-02-25,5,1.0,0.01,0.01,1,25,0,0,1,10.142857142857142,0.0
3,4298,7,False,0,2025-02-25,8,0.0,0.01,0.01,1,25,0,0,1,8.0,0.0
3,4351,7,False,0,2025-02-25,5,0.0,0.01,0.03,1,25,0,0,1,7.571428571428571,0.0
3,4411,7,False,0,2025-02-25,15,0.0,0.02,0.03,1,25,0,0,1,7.0,0.0
3,4585,7,False,0,2025-02-25,6,0.0,0.02,0.04,1,25,0,0,1,8.285714285714286,0.0
3,4688,7,False,0,2025-02-25,6,7.0,0.0,0.03,1,25,0,0,1,7.285714285714286,0.0
3,4867,7,False,0,2025-02-25,11,0.0,0.03,0.04,1,25,0,0,1,7.285714285714286,0.0
3,199,8,False,0,2025-02-25,10,1.0,0.01,0.02,1,25,0,0,1,8.0,0.0
3,269,8,False,0,2025-02-25,45,0.0,0.0,0.01,1,25,0,0,1,8.714285714285714,0.0
3,805,8,False,0,2025-02-25,10,0.0,0.0,0.01,1,25,0,0,1,14.0,0.0
3,828,8,False,0,2025-02-25,37,0.0,0.01,0.01,1,25,0,0,1,14.714285714285714,0.0
3,932,8,False,0,2025-02-25,6,0.0,0.01,0.02,1,25,0,0,1,17.857142857142858,0.0
3,1010,8,False,0,2025-02-25,8,0.0,0.01,0.02,1,25,0,0,1,17.857142857142858,0.0
3,1073,8,False,0,2025-02-25,18,0.0,0.01,0.02,1,25,0,0,1,18.142857142857142,0.0
3,1308,8,False,0,2025-02-25,25,1.0,0.02,0.03,1,25,0,0,1,19.142857142857142,0.0
3,2253,8,False,0,2025-02-25,7,0.0,0.0,0.01,1,25,0,0,1,21.285714285714285,0.0
3,2420,8,False,0,2025-02-25,19,0.0,0.0,0.01,1,25,0,0,1,15.857142857142858,0.0
3,2659,8,False,0,2025-02-25,20,0.0,0.01,0.01,1,25,0,0,1,17.142857142857142,0.0
3,2985,8,False,0,2025-02-25,18,0.0,0.02,0.02,1,25,0,0,1,14.714285714285714,0.0
3,3015,8,False,0,2025-02-25,11,1.0,0.01,0.02,1,25,0,0,1,16.428571428571427,0.0
3,3331,8,False,0,2025-02-25,34,0.0,0.01,0.02,1,25,0,0,1,16.857142857142858,0.0
3,3430,8,False,0,2025-02-25,14,0.0,0.01,0.02,1,25,0,0,1,19.142857142857142,0.0
3,3545,8,False,0,2025-02-25,12,0.0,0.02,0.03,1,25,0,0,1,17.571428571428573,0.0
3,3594,8,False,0,2025-02-25,5,2.0,0.01,0.01,1,25,0,0,1,18.285714285714285,0.0
3,3605,8,False,0,2025-02-25,18,1.0,0.01,0.01,1,25,0,0,1,16.285714285714285,0.0
3,4513,8,False,0,2025-02-25,12,0.0,0.01,0.02,1,25,0,0,1,16.0,0.0
3,4560,8,False,0,2025-02-25,18,0.0,0.01,0.02,1,25,0,0,1,15.142857142857142,0.0
3,5038,8,False,0,2025-02-25,4,0.0,0.02,0.02,1,25,0,0,1,16.142857142857142,0.0
3,5075,8,False,0,2025-02-25,13,0.0,0.01,0.02,1,25,0,0,1,11.857142857142858,0.0
3,5178,8,False,0,2025-02-25,10,2.0,0.01,0.02,1,25,0,0,1,11.714285714285714,0.0
3,10,9,True,0,2025-02-25,3,0.0,0.04,0.13,1,25,0,0,1,11.428571428571429,0.0
3,45,9,True,0,2025-02-25,11,1.0,0.02,0.05,1,25,0,0,1,11.142857142857142,0.0
3,141,9,True,0,2025-02-25,12,0.0,0.03,0.09,1,25,0,0,1,10.142857142857142,0.0
3,187,9,True,0,2025-02-25,12,0.0,0.01,0.03,1,25,0,0,1,10.142857142857142,0.0
3,270,9,True,0,2025-02-25,5,0.0,0.02,0.11,1,25,0,0,1,9.285714285714286,0.0
3,275,9,True,0,2025-02-25,11,0.0,0.04,0.06,1,25,0,0,1,9.428571428571429,0.0
3,278,9,True,0,2025-02-25,7,1.0,0.05,0.1,1,25,0,0,1,9.142857142857142,0.0
3,317,9,True,0,2025-02-25,9,0.0,0.01,0.01,1,25,0,0,1,8.714285714285714,0.0
3,352,9,True,0,2025-02-25,7,0.0,0.02,0.08,1,25,0,0,1,9.571428571428571,0.0
3,473,9,True,0,2025-02-25,22,0.0,0.01,0.02,1,25,0,0,1,9.0,0.0
3,496,9,True,0,2025-02-25,25,0.0,0.01,0.02,1,25,0,0,1,10.428571428571429,0.0
3,615,9,True,0,2025-02-25,9,0.0,0.02,0.04,1,25,0,0,1,12.285714285714286,0.0
3,678,9,True,0,2025-02-25,20,0.0,0.01,0.06,1,25,0,0,1,12.857142857142858,0.0
3,696,9,True,0,2025-02-25,4,0.0,0.01,0.05,1,25,0,0,1,14.142857142857142,0.0
3,747,9,True,0,2025-02-25,3,1.0,0.01,0.03,1,25,0,0,1,13.714285714285714,0.0
3,802,9,True,0,2025-02-25,8,2.0,0.06,0.1,1,25,0,0,1,12.857142857142858,0.0
3,813,9,True,0,2025-02-25,10,0.0,0.02,0.02,1,25,0,0,1,13.0,0.0
3,958,9,True,0,2025-02-25,9,0.0,0.01,0.03,1,25,0,0,1,11.285714285714286,0.0
3,976,9,True,0,2025-02-25,4,0.0,0.01,0.03,1,25,0,0,1,9.0,0.0
3,1112,9,True,0,2025-02-25,6,1.0,0.02,0.06,1,25,0,0,1,8.285714285714286,0.0
3,1148,9,True,0,2025-02-25,11,0.0,0.02,0.06,1,25,0,0,1,6.285714285714286,0.0
3,1172,9,True,0,2025-02-25,8,0.0,0.01,0.04,1,25,0,0,1,7.285714285714286,0.0
3,1178,9,True,0,2025-02-25,3,0.0,0.02,0.06,1,25,0,0,1,8.0,0.0
3,1287,9,True,0,2025-02-25,10,0.0,0.01,0.03,1,25,0,0,1,7.285714285714286,0.0
3,1323,9,True,0,2025-02-25,7,0.0,0.02,0.06,1,25,0,0,1,7.285714285714286,0.0
3,1409,9,True,0,2025-02-25,6,1.0,0.02,0.05,1,25,0,0,1,7.0,0.0
3,1510,9,True,0,2025-02-25,0,0.0,0.03,0.09,1,25,0,0,1,7.285714285714286,0.0
3,1661,9,True,0,2025-02-25,5,1.0,0.01,0.06,1,25,0,0,1,6.428571428571429,0.0
3,1696,9,True,0,2025-02-25,26,2.0,0.01,0.03,1,25,0,0,1,5.571428571428571,0.0
3,1705,9,True,0,2025-02-25,9,0.0,0.04,0.1,1,25,0,0,1,8.142857142857142,0.0
3,1896,9,True,0,2025-02-25,20,0.0,0.03,0.07,1,25,0,0,1,9.0,0.0
3,1906,9,True,0,2025-02-25,4,0.0,0.04,0.16,1,25,0,0,1,10.428571428571429,0.0
3,1951,9,True,0,2025-02-25,1,0.0,0.02,0.07,1,25,0,0,1,10.0,0.0
3,2010,9,True,0,2025-02-25,4,0.0,0.03,0.17,1,25,0,0,1,9.285714285714286,0.0
3,2011,9,True,0,2025-02-25,2,0.0,0.01,0.04,1,25,0,0,1,9.857142857142858,0.0
3,2056,9,True,0,2025-02-25,14,0.0,0.01,0.02,1,25,0,0,1,9.428571428571429,0.0
3,2256,9,True,0,2025-02-25,5,0.0,0.02,0.04,1,25,0,0,1,7.714285714285714,0.0
3,2284,9,True,0,2025-02-25,17,2.0,0.01,0.03,1,25,0,0,1,7.142857142857143,0.0
3,2307,9,True,0,2025-02-25,3,0.0,0.02,0.07,1,25,0,0,1,6.714285714285714,0.0
3,2357,9,True,0,2025-02-25,5,0.0,0.09,0.2,1,25,0,0,1,6.571428571428571,0.0
3,2360,9,True,0,2025-02-25,23,1.0,0.01,0.03,1,25,0,0,1,7.142857142857143,0.0
3,2399,9,True,0,2025-02-25,9,0.0,0.03,0.12,1,25,0,0,1,9.857142857142858,0.0
3,2401,9,True,0,2025-02-25,8,0.0,0.01,0.05,1,25,0,0,1,10.857142857142858,0.0
3,2419,9,True,0,2025-02-25,15,0.0,0.02,0.03,1,25,0,0,1,10.0,0.0
3,2474,9,True,0,2025-02-25,7,0.0,0.04,0.09,1,25,0,0,1,11.428571428571429,0.0
3,2486,9,True,0,2025-02-25,18,1.0,0.02,0.06,1,25,0,0,1,10.0,0.0
3,2543,9,True,0,2025-02-25,17,0.0,0.0,0.02,1,25,0,0,1,12.142857142857142,0.0
3,2615,9,True,0,2025-02-25,5,0.0,0.02,0.06,1,25,0,0,1,13.857142857142858,0.0
3,2795,9,True,0,2025-02-25,14,2.0,0.02,0.07,1,25,0,0,1,11.285714285714286,0.0
3,2812,9,True,0,2025-02-25,2,0.0,0.02,0.1,1,25,0,0,1,12.0,0.0
3,2841,9,True,0,2025-02-25,12,1.0,0.01,0.06,1,25,0,0,1,11.142857142857142,0.0
3,2857,9,True,0,2025-02-25,15,1.0,0.01,0.02,1,25,0,0,1,10.714285714285714,0.0
3,3008,9,True,0,2025-02-25,15,0.0,0.01,0.09,1,25,0,0,1,11.857142857142858,0.0
3,3226,9,True,0,2025-02-25,18,0.0,0.02,0.04,1,25,0,0,1,11.428571428571429,0.0
3,3241,9,True,0,2025-02-25,7,1.0,0.01,0.06,1,25,0,0,1,11.571428571428571,0.0
3,3244,9,True,0,2025-02-25,8,0.0,0.01,0.03,1,25,0,0,1,11.857142857142858,0.0
3,3356,9,True,0,2025-02-25,7,0.0,0.01,0.03,1,25,0,0,1,11.0,0.0
3,3540,9,True,0,2025-02-25,9,1.0,0.03,0.07,1,25,0,0,1,11.714285714285714,0.0
3,3735,9,True,0,2025-02-25,2,0.0,0.02,0.08,1,25,0,0,1,11.285714285714286,0.0
3,3751,9,True,0,2025-02-25,5,0.0,0.04,0.11,1,25,0,0,1,9.428571428571429,0.0
3,3789,9,True,0,2025-02-25,2,0.0,0.01,0.03,1,25,0,0,1,8.0,0.0
3,3905,9,True,0,2025-02-25,1,0.0,0.01,0.07,1,25,0,0,1,5.714285714285714,0.0
3,4012,9,True,0,2025-02-25,11,0.0,0.01,0.05,1,25,0,0,1,4.857142857142857,0.0
3,4106,9,True,0,2025-02-25,1,1.0,0.02,0.1,1,25,0,0,1,5.285714285714286,0.0
3,4141,9,True,0,2025-02-25,9,0.0,0.05,0.09,1,25,0,0,1,4.428571428571429,0.0
3,4153,9,True,0,2025-02-25,9,0.0,0.01,0.02,1,25,0,0,1,4.428571428571429,0.0
3,4154,9,True,0,2025-02-25,21,0.0,0.0,0.01,1,25,0,0,1,5.428571428571429,0.0
3,4197,9,True,0,2025-02-25,6,0.0,0.01,0.02,1,25,0,0,1,7.714285714285714,0.0
3,4348,9,True,0,2025-02-25,9,3.0,0.01,0.03,1,25,0,0,1,8.285714285714286,0.0
3,4350,9,True,0,2025-02-25,6,0.0,0.03,0.07,1,25,0,0,1,9.428571428571429,0.0
3,4367,9,True,0,2025-02-25,4,0.0,0.03,0.09,1,25,0,0,1,8.714285714285714,0.0
3,4466,9,True,0,2025-02-25,5,0.0,0.02,0.09,1,25,0,0,1,9.142857142857142,0.0
3,4493,9,True,0,2025-02-25,7,0.0,0.01,0.09,1,25,0,0,1,8.571428571428571,0.0
3,4530,9,True,0,2025-02-25,6,0.0,0.01,0.02,1,25,0,0,1,8.285714285714286,0.0
3,4594,9,True,0,2025-02-25,0,0.0,0.01,0.08,1,25,0,0,1,6.142857142857143,0.0
3,4637,9,True,0,2025-02-25,26,0.0,0.01,0.03,1,25,0,0,1,5.285714285714286,0.0
3,4645,9,True,0,2025-02-25,11,1.0,0.01,0.02,1,25,0,0,1,7.714285714285714,0.0
3,4655,9,True,0,2025-02-25,4,0.0,0.06,0.09,1,25,0,0,1,8.428571428571429,0.0
3,4679,9,True,0,2025-02-25,9,1.0,0.01,0.04,1,25,0,0,1,8.428571428571429,0.0
3,4845,9,True,0,2025-02-25,6,0.0,0.01,0.03,1,25,0,0,1,9.0,0.0
3,4906,9,True,0,2025-02-25,12,0.0,0.01,0.04,1,25,0,0,1,8.857142857142858,0.0
3,4996,9,True,0,2025-02-25,4,0.0,0.0,0.02,1,25,0,0,1,9.714285714285714,0.0
3,5079,9,True,0,2025-02-25,12,1.0,0.01,0.03,1,25,0,0,1,10.285714285714286,0.0
3,5087,9,True,0,2025-02-25,12,0.0,0.03,0.07,1,25,0,0,1,8.285714285714286,0.0
3,5093,9,True,0,2025-02-25,20,0.0,0.02,0.07,1,25,0,0,1,8.428571428571429,0.0
3,5122,9,True,0,2025-02-25,9,0.0,0.01,0.03,1,25,0,0,1,10.714285714285714,0.0
3,5135,9,True,0,2025-02-25,8,0.0,0.02,0.06,1,25,0,0,1,10.714285714285714,0.0
3,5175,9,True,0,2025-02-25,11,2.0,0.01,0.04,1,25,0,0,1,11.0,0.0
3,5212,9,True,0,2025-02-25,2,0.0,0.01,0.05,1,25,0,0,1,10.857142857142858,0.0
3,5272,9,True,0,2025-02-25,16,1.0,0.01,0.02,1,25,0,0,1,10.571428571428571,1.668042202177483
3,147,10,False,0,2025-02-25,28,1.0,0.03,0.11,1,25,0,0,1,11.142857142857142,0.0
3,1782,10,False,0,2025-02-25,24,0.0,0.04,0.09,1,25,0,0,1,13.428571428571429,0.0
3,2377,10,False,0,2025-02-25,31,0.0,0.0,0.01,1,25,0,0,1,14.0,0.0
3,3203,10,False,0,2025-02-25,29,1.0,0.03,0.13,1,25,0,0,1,17.142857142857142,0.0
3,5018,10,False,0,2025-02-25,24,0.0,0.02,0.13,1,25,0,0,1,20.142857142857142,0.0
3,2058,11,False,0,2025-02-25,0,0.0,0.22,0.22,1,25,0,0,1,22.0,1.864587641886731
3,2882,11,False,0,2025-02-25,19,1.0,0.23,0.22,1,25,0,0,1,21.714285714285715,0.0
3,3107,11,False,0,2025-02-25,3,0.0,0.12,0.15,1,25,0,0,1,22.142857142857142,0.0
3,3123,11,False,0,2025-02-25,21,3.0,0.23,0.22,1,25,0,0,1,18.571428571428573,0.0
3,3499,11,False,0,2025-02-25,22,0.0,0.09,0.08,1,25,0,0,1,18.142857142857142,2.8172741532751018
3,3870,11,False,0,2025-02-25,3,0.0,0.15,0.18,1,25,0,0,1,16.857142857142858,0.0
3,4160,11,False,0,2025-02-25,9,0.0,0.16,0.19,1,25,0,0,1,13.142857142857142,0.0
3,5085,11,False,0,2025-02-25,20,0.0,0.23,0.22,1,25,0,0,1,11.0,0.0
3,488,1,False,0,2025-02-23,18,3.0,0.14,0.16,6,23,0,1,0,13.857142857142858,1.6710529734369874
3,1985,1,False,0,2025-02-23,10,0.0,0.14,0.16,6,23,0,1,0,13.714285714285714,0.0
3,2735,1,False,0,2025-02-23,11,3.0,0.14,0.17,6,23,0,1,0,14.714285714285714,1.6133794965827863
3,3664,1,False,0,2025-02-23,16,3.0,0.14,0.17,6,23,0,1,0,13.285714285714286,1.6324557705470926
3,4052,1,False,0,2025-02-23,21,0.0,0.15,0.17,6,23,0,1,0,12.428571428571429,1.6202665397854825
3,48,3,True,0,2025-02-23,3,0.0,0.12,0.17,6,23,0,1,0,15.0,0.0
3,59,3,True,0,2025-02-23,10,0.0,0.02,0.02,6,23,0,1,0,14.142857142857142,0.0
3,82,3,True,0,2025-02-23,5,0.0,0.06,0.07,6,23,0,1,0,12.714285714285714,0.0
3,86,3,True,0,2025-02-23,2,0.0,0.12,0.15,6,23,0,1,0,10.857142857142858,0.0
3,87,3,True,0,2025-02-23,6,0.0,0.03,0.05,6,23,0,1,0,9.714285714285714,0.0
3,94,3,True,0,2025-02-23,2,0.0,0.08,0.14,6,23,0,1,0,9.0,0.0
3,103,3,True,0,2025-02-23,3,1.0,0.06,0.09,6,23,0,1,0,7.0,0.0
3,106,3,True,0,2025-02-23,5,0.0,0.04,0.06,6,23,0,1,0,4.428571428571429,0.0
3,167,3,True,0,2025-02-23,2,0.0,0.09,0.16,6,23,0,1,0,4.714285714285714,0.0
3,212,3,True,0,2025-02-23,2,0.0,0.05,0.07,6,23,0,1,0,3.5714285714285716,0.0
3,234,3,True,0,2025-02-23,1,0.0,0.08,0.11,6,23,0,1,0,3.142857142857143,0.0
3,281,3,True,0,2025-02-23,0,1.0,0.07,0.1,6,23,0,1,0,3.0,0.0
3,381,3,True,0,2025-02-23,4,0.0,0.04,0.05,6,23,0,1,0,2.142857142857143,0.0
3,415,3,True,0,2025-02-23,1,0.0,0.07,0.1,6,23,0,1,0,2.4285714285714284,0.0
3,440,3,True,0,2025-02-23,6,0.0,0.05,0.07,6,23,0,1,0,2.142857142857143,0.0
3,470,3,True,0,2025-02-23,3,0.0,0.07,0.09,6,23,0,1,0,2.2857142857142856,0.0
3,493,3,True,0,2025-02-23,4,1.0,0.11,0.12,6,23,0,1,0,2.4285714285714284,0.0
3,516,3,True,0,2025-02-23,18,0.0,0.02,0.02,6,23,0,1,0,2.7142857142857144,0.0
3,605,3,True,0,2025-02-23,5,0.0,0.05,0.07,6,23,0,1,0,5.142857142857143,0.0
3,612,3,True,0,2025-02-23,5,1.0,0.03,0.03,6,23,0,1,0,5.857142857142857,0.0
3,620,3,True,0,2025-02-23,4,0.0,0.02,0.03,6,23,0,1,0,6.0,0.0
3,650,3,True,0,2025-02-23,2,0.0,0.08,0.11,6,23,0,1,0,6.428571428571429,0.0
3,686,3,True,0,2025-02-23,1,0.0,0.03,0.04,6,23,0,1,0,5.857142857142857,0.0
3,703,3,True,0,2025-02-23,17,1.0,0.02,0.02,6,23,0,1,0,5.571428571428571,0.0
3,742,3,True,0,2025-02-23,4,1.0,0.04,0.05,6,23,0,1,0,7.428571428571429,0.0
3,855,3,True,0,2025-02-23,1,0.0,0.02,0.03,6,23,0,1,0,5.428571428571429,0.0
3,947,3,True,0,2025-02-23,42,0.0,0.01,0.01,6,23,0,1,0,4.857142857142857,0.0
3,1052,3,True,0,2025-02-23,6,0.0,0.02,0.03,6,23,0,1,0,10.142857142857142,0.0
3,1071,3,True,0,2025-02-23,1,0.0,0.02,0.05,6,23,0,1,0,10.428571428571429,0.0
3,1103,3,True,0,2025-02-23,4,0.0,0.1,0.13,6,23,0,1,0,10.285714285714286,0.0
3,1105,3,True,0,2025-02-23,6,1.0,0.05,0.07,6,23,0,1,0,10.714285714285714,0.0
3,1120,3,True,0,2025-02-23,7,0.0,0.06,0.08,6,23,0,1,0,9.142857142857142,0.0
3,1175,3,True,0,2025-02-23,5,0.0,0.01,0.03,6,23,0,1,0,9.571428571428571,0.0
3,1190,3,True,0,2025-02-23,6,0.0,0.04,0.05,6,23,0,1,0,10.142857142857142,0.0
3,1223,3,True,0,2025-02-23,1,1.0,0.03,0.05,6,23,0,1,0,5.0,0.0
3,1235,3,True,0,2025-02-23,1,0.0,0.06,0.08,6,23,0,1,0,4.285714285714286,0.0
3,1261,3,True,0,2025-02-23,1,1.0,0.07,0.09,6,23,0,1,0,4.285714285714286,0.0
3,1291,3,True,0,2025-02-23,6,0.0,0.04,0.06,6,23,0,1,0,3.857142857142857,0.0
3,1382,3,True,0,2025-02-23,2,0.0,0.05,0.07,6,23,0,1,0,3.857142857142857,0.0
3,1384,3,True,0,2025-02-23,3,0.0,0.08,0.1,6,23,0,1,0,3.142857142857143,0.0
3,1390,3,True,0,2025-02-23,4,0.0,0.04,0.06,6,23,0,1,0,2.857142857142857,0.0
3,1447,3,True,0,2025-02-23,4,0.0,0.08,0.12,6,23,0,1,0,2.5714285714285716,0.0
3,1470,3,True,0,2025-02-23,4,1.0,0.06,0.08,6,23,0,1,0,3.0,0.0
3,1503,3,True,0,2025-02-23,2,0.0,0.17,0.23,6,23,0,1,0,3.4285714285714284,0.0
3,1505,3,True,0,2025-02-23,9,0.0,0.01,0.02,6,23,0,1,0,3.5714285714285716,0.0
3,1531,3,True,0,2025-02-23,23,0.0,0.05,0.08,6,23,0,1,0,4.0,0.0
3,1576,3,True,0,2025-02-23,1,0.0,0.13,0.17,6,23,0,1,0,7.0,0.0
3,1610,3,True,0,2025-02-23,32,2.0,0.01,0.01,6,23,0,1,0,6.714285714285714,0.0
3,1642,3,True,0,2025-02-23,2,0.0,0.09,0.11,6,23,0,1,0,10.714285714285714,0.0
3,1771,3,True,0,2025-02-23,3,0.0,0.17,0.24,6,23,0,1,0,10.428571428571429,0.0
3,1822,3,True,0,2025-02-23,3,0.0,0.08,0.11,6,23,0,1,0,10.285714285714286,0.0
3,1849,3,True,0,2025-02-23,2,0.0,0.05,0.06,6,23,0,1,0,10.428571428571429,0.0
3,1902,3,True,0,2025-02-23,4,0.0,0.03,0.04,6,23,0,1,0,9.428571428571429,0.0
3,1940,3,True,0,2025-02-23,3,0.0,0.04,0.06,6,23,0,1,0,6.714285714285714,0.0
3,1949,3,True,0,2025-02-23,1,0.0,0.04,0.05,6,23,0,1,0,7.0,0.0
3,1969,3,True,0,2025-02-23,2,0.0,0.13,0.15,6,23,0,1,0,2.5714285714285716,0.0
3,1988,3,True,0,2025-02-23,1,0.0,0.12,0.16,6,23,0,1,0,2.5714285714285716,0.0
3,1997,3,True,0,2025-02-23,10,0.0,0.01,0.02,6,23,0,1,0,2.2857142857142856,0.0
3,2039,3,True,0,2025-02-23,29,0.0,0.01,0.02,6,23,0,1,0,3.2857142857142856,0.0
3,2040,3,True,0,2025-02-23,2,0.0,0.08,0.11,6,23,0,1,0,7.142857142857143,0.0
3,2048,3,True,0,2025-02-23,2,0.0,0.04,0.06,6,23,0,1,0,6.857142857142857,0.0
3,2062,3,True,0,2025-02-23,3,0.0,0.11,0.15,6,23,0,1,0,6.714285714285714,0.0
3,2110,3,True,0,2025-02-23,4,0.0,0.06,0.08,6,23,0,1,0,7.0,0.0
3,2127,3,True,0,2025-02-23,54,0.0,0.03,0.04,6,23,0,1,0,7.285714285714286,0.0
3,2151,3,True,0,2025-02-23,0,0.0,0.0,0.01,6,23,0,1,0,14.857142857142858,0.0
3,2185,3,True,0,2025-02-23,8,2.0,0.04,0.05,6,23,0,1,0,13.428571428571429,0.0
3,2236,3,True,0,2025-02-23,6,0.0,0.07,0.09,6,23,0,1,0,10.428571428571429,0.0
3,2331,3,True,0,2025-02-23,1,0.0,0.51,0.59,6,23,0,1,0,11.0,0.0
3,2432,3,True,0,2025-02-23,3,0.0,0.03,0.04,6,23,0,1,0,10.857142857142858,0.0
3,2491,3,True,0,2025-02-23,2,0.0,0.03,0.05,6,23,0,1,0,10.857142857142858,0.0
3,2551,3,True,0,2025-02-23,11,0.0,0.02,0.02,6,23,0,1,0,10.571428571428571,0.0
3,2558,3,True,0,2025-02-23,3,0.0,0.08,0.11,6,23,0,1,0,4.428571428571429,0.0
3,2585,3,True,0,2025-02-23,3,0.0,0.03,0.03,6,23,0,1,0,4.857142857142857,0.0
3,2595,3,True,0,2025-02-23,33,1.0,0.0,0.01,6,23,0,1,0,4.142857142857143,0.0
3,2700,3,True,0,2025-02-23,30,0.0,0.01,0.01,6,23,0,1,0,8.0,0.0
3,2805,3,True,0,2025-02-23,0,0.0,0.08,0.11,6,23,0,1,0,12.142857142857142,0.0
3,2816,3,True,0,2025-02-23,3,0.0,0.06,0.08,6,23,0,1,0,11.714285714285714,0.0
3,2840,3,True,0,2025-02-23,4,0.0,0.17,0.21,6,23,0,1,0,11.857142857142858,0.0
3,2852,3,True,0,2025-02-23,1,0.0,0.07,0.1,6,23,0,1,0,10.857142857142858,0.0
3,2884,3,True,0,2025-02-23,1,0.0,0.23,0.28,6,23,0,1,0,10.571428571428571,0.0
3,2889,3,True,0,2025-02-23,5,1.0,0.03,0.04,6,23,0,1,0,10.285714285714286,0.0
3,3190,3,True,0,2025-02-23,25,1.0,0.02,0.02,6,23,0,1,0,6.285714285714286,0.0
3,3239,3,True,0,2025-02-23,3,0.0,0.06,0.07,6,23,0,1,0,5.571428571428571,0.0
3,3279,3,True,0,2025-02-23,2,0.0,0.02,0.02,6,23,0,1,0,6.0,0.0
3,3283,3,True,0,2025-02-23,2,0.0,0.1,0.13,6,23,0,1,0,5.857142857142857,0.0
3,3339,3,True,0,2025-02-23,39,0.0,0.01,0.01,6,23,0,1,0,5.571428571428571,0.0
3,3349,3,True,0,2025-02-23,1,0.0,0.27,0.34,6,23,0,1,0,11.0,0.0
3,3360,3,True,0,2025-02-23,1,0.0,0.02,0.04,6,23,0,1,0,11.0,0.0
3,3556,3,True,0,2025-02-23,1,0.0,0.26,0.35,6,23,0,1,0,10.428571428571429,0.0
3,3693,3,True,0,2025-02-23,24,1.0,0.01,0.01,6,23,0,1,0,7.0,0.0
3,3768,3,True,0,2025-02-23,1,0.0,0.02,0.02,6,23,0,1,0,10.0,0.0
3,3786,3,True,0,2025-02-23,0,0.0,0.05,0.15,6,23,0,1,0,9.857142857142858,0.0
3,3862,3,True,0,2025-02-23,2,1.0,0.07,0.09,6,23,0,1,0,9.571428571428571,0.0
3,3931,3,True,0,2025-02-23,11,0.0,0.01,0.02,6,23,0,1,0,4.285714285714286,0.0
3,3985,3,True,0,2025-02-23,3,1.0,0.12,0.15,6,23,0,1,0,5.714285714285714,0.0
3,4059,3,True,0,2025-02-23,1,0.0,0.33,0.42,6,23,0,1,0,6.0,0.0
3,4101,3,True,0,2025-02-23,5,0.0,0.13,0.15,6,23,0,1,0,6.0,0.0
3,4144,3,True,0,2025-02-23,26,0.0,0.02,0.03,6,23,0,1,0,3.2857142857142856,0.0
3,4176,3,True,0,2025-02-23,4,1.0,0.03,0.05,6,23,0,1,0,6.857142857142857,0.0
3,4204,3,True,0,2025-02-23,1,0.0,0.14,0.17,6,23,0,1,0,7.428571428571429,0.0
3,4205,3,True,0,2025-02-23,34,1.0,0.02,0.02,6,23,0,1,0,7.285714285714286,0.0
3,4215,3,True,0,2025-02-23,2,0.0,0.03,0.07,6,23,0,1,0,10.571428571428571,0.0
3,4252,3,True,0,2025-02-23,5,1.0,0.02,0.03,6,23,0,1,0,10.428571428571429,0.0
3,4321,3,True,0,2025-02-23,1,0.0,0.1,0.12,6,23,0,1,0,11.0,0.0
3,4333,3,True,0,2025-02-23,1,0.0,0.21,0.26,6,23,0,1,0,10.428571428571429,0.0
3,4426,3,True,0,2025-02-23,6,1.0,0.03,0.04,6,23,0,1,0,6.857142857142857,0.0
3,4433,3,True,0,2025-02-23,1,0.0,0.05,0.09,6,23,0,1,0,7.142857142857143,0.0
3,4439,3,True,0,2025-02-23,22,0.0,0.02,0.02,6,23,0,1,0,7.142857142857143,0.0
3,4447,3,True,0,2025-02-23,5,0.0,0.02,0.04,6,23,0,1,0,5.428571428571429,0.0
3,4461,3,True,0,2025-02-23,10,0.0,0.03,0.03,6,23,0,1,0,5.857142857142857,0.0
3,4470,3,True,0,2025-02-23,1,0.0,0.07,0.09,6,23,0,1,0,6.571428571428571,0.0
3,4488,3,True,0,2025-02-23,15,0.0,0.01,0.03,6,23,0,1,0,6.571428571428571,0.0
3,4504,3,True,0,2025-02-23,3,0.0,0.03,0.04,6,23,0,1,0,8.571428571428571,0.0
3,4523,3,True,0,2025-02-23,5,1.0,0.06,0.08,6,23,0,1,0,8.142857142857142,0.0
3,4596,3,True,0,2025-02-23,4,1.0,0.07,0.08,6,23,0,1,0,8.714285714285714,0.0
3,4633,3,True,0,2025-02-23,4,0.0,0.04,0.06,6,23,0,1,0,6.142857142857143,0.0
3,4713,3,True,0,2025-02-23,4,0.0,0.04,0.05,6,23,0,1,0,6.0,0.0
3,4722,3,True,0,2025-02-23,4,0.0,0.04,0.06,6,23,0,1,0,5.142857142857143,0.0
3,4766,3,True,0,2025-02-23,16,0.0,0.03,0.04,6,23,0,1,0,5.571428571428571,0.0
3,4786,3,True,0,2025-02-23,5,0.0,0.03,0.04,6,23,0,1,0,5.714285714285714,0.0
3,4800,3,True,0,2025-02-23,4,0.0,0.08,0.11,6,23,0,1,0,6.0,0.0
3,4809,3,True,0,2025-02-23,3,0.0,0.1,0.17,6,23,0,1,0,5.857142857142857,0.0
3,4810,3,True,0,2025-02-23,4,0.0,0.03,0.04,6,23,0,1,0,5.714285714285714,0.0
3,4818,3,True,0,2025-02-23,7,0.0,0.04,0.07,6,23,0,1,0,5.714285714285714,0.0
3,4826,3,True,0,2025-02-23,1,0.0,0.12,0.16,6,23,0,1,0,6.142857142857143,0.0
3,4847,3,True,0,2025-02-23,4,0.0,0.1,0.13,6,23,0,1,0,5.714285714285714,0.0
3,4889,3,True,0,2025-02-23,2,0.0,0.03,0.04,6,23,0,1,0,4.0,0.0
3,4952,3,True,0,2025-02-23,2,0.0,0.24,0.27,6,23,0,1,0,3.5714285714285716,0.0
3,4960,3,True,0,2025-02-23,3,0.0,0.02,0.03,6,23,0,1,0,3.2857142857142856,0.0
3,5029,3,True,0,2025-02-23,4,0.0,0.06,0.08,6,23,0,1,0,3.2857142857142856,0.0
3,5057,3,True,0,2025-02-23,1,0.0,0.06,0.09,6,23,0,1,0,3.2857142857142856,0.0
3,5060,3,True,0,2025-02-23,5,1.0,0.06,0.08,6,23,0,1,0,2.4285714285714284,0.0
3,5082,3,True,0,2025-02-23,2,0.0,0.04,0.05,6,23,0,1,0,3.0,0.0
3,5090,3,True,0,2025-02-23,2,0.0,0.05,0.06,6,23,0,1,0,2.7142857142857144,0.0
3,5153,3,True,0,2025-02-23,1,0.0,0.09,0.11,6,23,0,1,0,2.7142857142857144,0.0
3,5167,3,True,0,2025-02-23,8,0.0,0.05,0.06,6,23,0,1,0,2.5714285714285716,0.0
3,5176,3,True,0,2025-02-23,3,0.0,0.23,0.31,6,23,0,1,0,3.2857142857142856,0.0
3,5183,3,True,0,2025-02-23,1,0.0,0.03,0.04,6,23,0,1,0,3.142857142857143,0.0
3,5259,3,True,0,2025-02-23,3,0.0,0.06,0.08,6,23,0,1,0,3.142857142857143,0.0
3,4,4,False,0,2025-02-23,4,0.0,0.12,0.16,6,23,0,1,0,2.857142857142857,0.0
3,19,4,False,0,2025-02-23,1,2.0,0.01,0.03,6,23,0,1,0,3.142857142857143,0.0
3,31,4,False,0,2025-02-23,2,0.0,0.02,0.03,6,23,0,1,0,3.0,0.0
3,34,4,False,0,2025-02-23,3,0.0,0.01,0.01,6,23,0,1,0,3.142857142857143,0.0
3,47,4,False,0,2025-02-23,5,0.0,0.01,0.02,6,23,0,1,0,2.4285714285714284,0.0
3,61,4,False,0,2025-02-23,4,0.0,0.01,0.02,6,23,0,1,0,2.7142857142857144,0.0
3,70,4,False,0,2025-02-23,4,0.0,0.03,0.06,6,23,0,1,0,3.142857142857143,0.0
3,91,4,False,0,2025-02-23,4,0.0,0.03,0.03,6,23,0,1,0,3.2857142857142856,0.0
3,107,4,False,0,2025-02-23,3,0.0,0.03,0.04,6,23,0,1,0,3.2857142857142856,0.0
3,122,4,False,0,2025-02-23,1,0.0,0.03,0.04,6,23,0,1,0,3.5714285714285716,0.0
3,155,4,False,0,2025-02-23,3,0.0,0.04,0.06,6,23,0,1,0,3.4285714285714284,0.0
3,200,4,False,0,2025-02-23,2,0.0,0.04,0.05,6,23,0,1,0,3.4285714285714284,0.0
3,248,4,False,0,2025-02-23,3,0.0,0.05,0.07,6,23,0,1,0,3.0,0.0
3,249,4,False,0,2025-02-23,2,0.0,0.13,0.17,6,23,0,1,0,2.857142857142857,0.0
3,283,4,False,0,2025-02-23,2,1.0,0.03,0.05,6,23,0,1,0,2.5714285714285716,0.0
3,355,4,False,0,2025-02-23,2,0.0,0.02,0.03,6,23,0,1,0,2.2857142857142856,0.0
3,363,4,False,0,2025-02-23,0,0.0,0.01,0.01,6,23,0,1,0,2.142857142857143,0.0
3,371,4,False,0,2025-02-23,3,0.0,0.01,0.01,6,23,0,1,0,2.0,0.0
3,393,4,False,0,2025-02-23,4,0.0,0.02,0.03,6,23,0,1,0,2.0,0.0
3,442,4,False,0,2025-02-23,2,0.0,0.05,0.08,6,23,0,1,0,2.2857142857142856,0.0
3,495,4,False,0,2025-02-23,3,0.0,0.02,0.03,6,23,0,1,0,2.142857142857143,0.0
3,523,4,False,0,2025-02-23,3,0.0,0.03,0.05,6,23,0,1,0,2.2857142857142856,0.0
3,538,4,False,0,2025-02-23,2,0.0,0.02,0.04,6,23,0,1,0,2.4285714285714284,0.0
3,542,4,False,0,2025-02-23,2,0.0,0.04,0.05,6,23,0,1,0,2.4285714285714284,0.0
3,544,4,False,0,2025-02-23,3,0.0,0.02,0.04,6,23,0,1,0,2.7142857142857144,0.0
3,564,4,False,0,2025-02-23,2,1.0,0.02,0.03,6,23,0,1,0,2.7142857142857144,0.0
3,610,4,False,0,2025-02-23,4,0.0,0.04,0.06,6,23,0,1,0,2.4285714285714284,0.0
3,619,4,False,0,2025-02-23,0,0.0,0.04,0.05,6,23,0,1,0,2.7142857142857144,0.0
3,636,4,False,0,2025-02-23,2,1.0,0.02,0.03,6,23,0,1,0,2.2857142857142856,0.0
3,645,4,False,0,2025-02-23,3,0.0,0.01,0.02,6,23,0,1,0,2.142857142857143,0.0
3,653,4,False,0,2025-02-23,2,0.0,0.02,0.03,6,23,0,1,0,2.2857142857142856,0.0
3,668,4,False,0,2025-02-23,2,1.0,0.03,0.04,6,23,0,1,0,2.2857142857142856,0.0
3,701,4,False,0,2025-02-23,4,0.0,0.02,0.04,6,23,0,1,0,2.142857142857143,0.0
3,717,4,False,0,2025-02-23,2,0.0,0.05,0.07,6,23,0,1,0,2.4285714285714284,0.0
3,768,4,False,0,2025-02-23,1,0.0,0.03,0.04,6,23,0,1,0,2.142857142857143,0.0
3,769,4,False,0,2025-02-23,5,0.0,0.01,0.01,6,23,0,1,0,2.2857142857142856,0.0
3,780,4,False,0,2025-02-23,7,0.0,0.03,0.04,6,23,0,1,0,2.7142857142857144,0.0
3,794,4,False,0,2025-02-23,0,0.0,0.03,0.05,6,23,0,1,0,3.2857142857142856,0.0
3,854,4,False,0,2025-02-23,1,0.0,0.05,0.06,6,23,0,1,0,3.0,0.0
3,858,4,False,0,2025-02-23,2,0.0,0.04,0.06,6,23,0,1,0,2.857142857142857,0.0
3,864,4,False,0,2025-02-23,3,1.0,0.02,0.03,6,23,0,1,0,2.5714285714285716,0.0
3,875,4,False,0,2025-02-23,3,0.0,0.02,0.03,6,23,0,1,0,2.7142857142857144,0.0
3,891,4,False,0,2025-02-23,3,1.0,0.03,0.04,6,23,0,1,0,3.0,0.0
3,961,4,False,0,2025-02-23,2,0.0,0.05,0.06,6,23,0,1,0,2.7142857142857144,0.0
3,979,4,False,0,2025-02-23,4,0.0,0.06,0.07,6,23,0,1,0,2.0,0.0
3,1017,4,False,0,2025-02-23,3,0.0,0.03,0.04,6,23,0,1,0,2.5714285714285716,0.0
3,1047,4,False,0,2025-02-23,4,0.0,0.09,0.14,6,23,0,1,0,2.857142857142857,0.0
3,1057,4,False,0,2025-02-23,4,0.0,0.04,0.06,6,23,0,1,0,3.142857142857143,0.0
3,1095,4,False,0,2025-02-23,3,0.0,0.03,0.05,6,23,0,1,0,3.2857142857142856,0.0
3,1107,4,False,0,2025-02-23,2,0.0,0.02,0.03,6,23,0,1,0,3.2857142857142856,0.0
3,1161,4,False,0,2025-02-23,1,1.0,0.02,0.03,6,23,0,1,0,3.142857142857143,0.0
3,1177,4,False,0,2025-02-23,4,0.0,0.1,0.15,6,23,0,1,0,3.0,0.0
3,1189,4,False,0,2025-02-23,2,0.0,0.02,0.04,6,23,0,1,0,3.0,0.0
3,1193,4,False,0,2025-02-23,2,0.0,0.02,0.03,6,23,0,1,0,2.857142857142857,0.0
3,1202,4,False,0,2025-02-23,2,0.0,0.02,0.04,6,23,0,1,0,2.5714285714285716,0.0
3,1215,4,False,0,2025-02-23,2,0.0,0.01,0.02,6,23,0,1,0,2.2857142857142856,0.0
3,1224,4,False,0,2025-02-23,5,0.0,0.04,0.04,6,23,0,1,0,2.142857142857143,0.0
3,1267,4,False,0,2025-02-23,1,0.0,0.07,0.09,6,23,0,1,0,2.5714285714285716,0.0
3,1293,4,False,0,2025-02-23,6,0.0,0.03,0.04,6,23,0,1,0,2.5714285714285716,0.0
3,1303,4,False,0,2025-02-23,4,0.0,0.06,0.08,6,23,0,1,0,2.857142857142857,0.0
3,1338,4,False,0,2025-02-23,2,0.0,0.06,0.09,6,23,0,1,0,3.142857142857143,0.0
3,1344,4,False,0,2025-02-23,3,0.0,0.06,0.09,6,23,0,1,0,3.142857142857143,0.0
3,1350,4,False,0,2025-02-23,0,0.0,0.03,0.06,6,23,0,1,0,3.2857142857142856,0.0
3,1367,4,False,0,2025-02-23,3,0.0,0.02,0.03,6,23,0,1,0,3.0,0.0
3,1404,4,False,0,2025-02-23,3,1.0,0.02,0.04,6,23,0,1,0,2.7142857142857144,0.0
3,1421,4,False,0,2025-02-23,4,0.0,0.02,0.03,6,23,0,1,0,3.0,0.0
3,1448,4,False,0,2025-02-23,2,0.0,0.06,0.07,6,23,0,1,0,2.7142857142857144,0.0
3,1466,4,False,0,2025-02-23,0,0.0,0.02,0.04,6,23,0,1,0,2.4285714285714284,0.0
3,1479,4,False,0,2025-02-23,2,0.0,0.05,0.06,6,23,0,1,0,2.142857142857143,0.0
3,1483,4,False,0,2025-02-23,4,0.0,0.02,0.03,6,23,0,1,0,2.0,0.0
3,1498,4,False,0,2025-02-23,6,0.0,0.12,0.17,6,23,0,1,0,2.5714285714285716,0.0
3,1517,4,False,0,2025-02-23,2,0.0,0.02,0.02,6,23,0,1,0,3.0,0.0
3,1533,4,False,0,2025-02-23,3,0.0,0.05,0.07,6,23,0,1,0,2.857142857142857,0.0
3,1606,4,False,0,2025-02-23,1,0.0,0.04,0.05,6,23,0,1,0,2.7142857142857144,0.0
3,1622,4,False,0,2025-02-23,3,0.0,0.07,0.09,6,23,0,1,0,2.5714285714285716,0.0
3,1624,4,False,0,2025-02-23,3,0.0,0.04,0.03,6,23,0,1,0,3.0,0.0
3,1625,4,False,0,2025-02-23,2,0.0,0.03,0.04,6,23,0,1,0,3.142857142857143,0.0
3,1634,4,False,0,2025-02-23,2,0.0,0.05,0.07,6,23,0,1,0,2.857142857142857,0.0
3,1648,4,False,0,2025-02-23,4,0.0,0.03,0.04,6,23,0,1,0,2.2857142857142856,0.0
3,1654,4,False,0,2025-02-23,4,0.0,0.01,0.02,6,23,0,1,0,2.5714285714285716,0.0
3,1672,4,False,0,2025-02-23,3,0.0,0.02,0.02,6,23,0,1,0,2.7142857142857144,0.0
3,1693,4,False,0,2025-02-23,4,0.0,0.02,0.04,6,23,0,1,0,3.0,0.0
3,1805,4,False,0,2025-02-23,3,0.0,0.04,0.06,6,23,0,1,0,3.142857142857143,0.0
3,1806,4,False,0,2025-02-23,3,0.0,0.08,0.12,6,23,0,1,0,3.142857142857143,0.0
3,1824,4,False,0,2025-02-23,3,0.0,0.01,0.01,6,23,0,1,0,3.2857142857142856,0.0
3,1836,4,False,0,2025-02-23,4,0.0,0.04,0.04,6,23,0,1,0,3.4285714285714284,0.0
3,1838,4,False,0,2025-02-23,3,0.0,0.01,0.01,6,23,0,1,0,3.4285714285714284,0.0
3,1842,4,False,0,2025-02-23,3,0.0,0.01,0.01,6,23,0,1,0,3.2857142857142856,0.0
3,1856,4,False,0,2025-02-23,2,0.0,0.02,0.04,6,23,0,1,0,3.2857142857142856,0.0
3,1861,4,False,0,2025-02-23,1,0.0,0.02,0.03,6,23,0,1,0,3.0,0.0
3,1869,4,False,0,2025-02-23,3,0.0,0.01,0.01,6,23,0,1,0,2.7142857142857144,0.0
3,1870,4,False,0,2025-02-23,2,0.0,0.04,0.06,6,23,0,1,0,2.7142857142857144,0.0
3,1894,4,False,0,2025-02-23,2,0.0,0.03,0.04,6,23,0,1,0,2.5714285714285716,0.0
3,1928,4,False,0,2025-02-23,2,0.0,0.01,0.01,6,23,0,1,0,2.2857142857142856,0.0
3,1942,4,False,0,2025-02-23,4,0.0,0.01,0.02,6,23,0,1,0,2.142857142857143,0.0
3,1958,4,False,0,2025-02-23,2,0.0,0.04,0.06,6,23,0,1,0,2.2857142857142856,0.0
3,1959,4,False,0,2025-02-23,2,0.0,0.05,0.08,6,23,0,1,0,2.2857142857142856,0.0
3,1968,4,False,0,2025-02-23,5,0.0,0.03,0.05,6,23,0,1,0,2.4285714285714284,0.0
3,1996,4,False,0,2025-02-23,4,0.0,0.01,0.02,6,23,0,1,0,2.7142857142857144,0.0
3,1999,4,False,0,2025-02-23,0,0.0,0.01,0.01,6,23,0,1,0,3.0,0.0
3,2022,4,False,0,2025-02-23,3,0.0,0.03,0.04,6,23,0,1,0,2.7142857142857144,0.0
3,2024,4,False,0,2025-02-23,2,0.0,0.02,0.04,6,23,0,1,0,2.857142857142857,0.0
3,2064,4,False,0,2025-02-23,1,0.0,0.02,0.03,6,23,0,1,0,2.5714285714285716,0.0
3,2092,4,False,0,2025-02-23,3,0.0,0.04,0.06,6,23,0,1,0,2.4285714285714284,0.0
3,2097,4,False,0,2025-02-23,1,0.0,0.03,0.04,6,23,0,1,0,2.5714285714285716,0.0
3,2103,4,False,0,2025-02-23,1,0.0,0.01,0.02,6,23,0,1,0,2.0,0.0
3,2137,4,False,0,2025-02-23,2,0.0,0.04,0.06,6,23,0,1,0,1.5714285714285714,0.0
3,2150,4,False,0,2025-02-23,1,1.0,0.01,0.02,6,23,0,1,0,1.8571428571428572,0.0
3,2180,4,False,0,2025-02-23,3,0.0,0.05,0.08,6,23,0,1,0,1.5714285714285714,0.0
3,2239,4,False,0,2025-02-23,3,0.0,0.03,0.04,6,23,0,1,0,1.7142857142857142,0.0
3,2252,4,False,0,2025-02-23,1,0.0,0.02,0.03,6,23,0,1,0,2.0,0.0
3,2297,4,False,0,2025-02-23,3,0.0,0.14,0.15,6,23,0,1,0,1.7142857142857142,0.0
3,2312,4,False,0,2025-02-23,2,0.0,0.05,0.08,6,23,0,1,0,2.0,0.0
3,2320,4,False,0,2025-02-23,2,0.0,0.03,0.04,6,23,0,1,0,2.142857142857143,0.0
3,2355,4,False,0,2025-02-23,2,0.0,0.05,0.09,6,23,0,1,0,2.142857142857143,0.0
3,2369,4,False,0,2025-02-23,4,0.0,0.03,0.05,6,23,0,1,0,2.2857142857142856,0.0
3,2423,4,False,0,2025-02-23,2,0.0,0.02,0.03,6,23,0,1,0,2.4285714285714284,0.0
3,2456,4,False,0,2025-02-23,2,0.0,0.02,0.03,6,23,0,1,0,2.2857142857142856,0.0
3,2495,4,False,0,2025-02-23,2,0.0,0.05,0.08,6,23,0,1,0,2.4285714285714284,0.0
3,2517,4,False,0,2025-02-23,2,0.0,0.05,0.08,6,23,0,1,0,2.2857142857142856,0.0
3,2550,4,False,0,2025-02-23,3,0.0,0.03,0.05,6,23,0,1,0,2.2857142857142856,0.0
3,2569,4,False,0,2025-02-23,1,0.0,0.01,0.02,6,23,0,1,0,2.4285714285714284,0.0
3,2586,4,False,0,2025-02-23,2,0.0,0.04,0.06,6,23,0,1,0,2.2857142857142856,0.0
3,2644,4,False,0,2025-02-23,2,0.0,0.05,0.08,6,23,0,1,0,2.0,0.0
3,2711,4,False,0,2025-02-23,2,0.0,0.04,0.06,6,23,0,1,0,2.0,0.0
3,2750,4,False,0,2025-02-23,3,0.0,0.01,0.01,6,23,0,1,0,2.0,0.0
3,2773,4,False,0,2025-02-23,4,0.0,0.02,0.04,6,23,0,1,0,2.142857142857143,0.0
3,2800,4,False,0,2025-02-23,2,0.0,0.03,0.04,6,23,0,1,0,2.4285714285714284,0.0
3,2908,4,False,0,2025-02-23,6,0.0,0.03,0.04,6,23,0,1,0,2.2857142857142856,0.0
3,2943,4,False,0,2025-02-23,5,0.0,0.02,0.03,6,23,0,1,0,3.0,0.0
3,2955,4,False,0,2025-02-23,1,0.0,0.01,0.02,6,23,0,1,0,3.4285714285714284,0.0
3,2973,4,False,0,2025-02-23,4,0.0,0.04,0.05,6,23,0,1,0,3.2857142857142856,0.0
3,2988,4,False,0,2025-02-23,2,0.0,0.02,0.03,6,23,0,1,0,3.5714285714285716,0.0
3,2995,4,False,0,2025-02-23,8,0.0,0.05,0.07,6,23,0,1,0,3.4285714285714284,0.0
3,3003,4,False,0,2025-02-23,2,1.0,0.02,0.04,6,23,0,1,0,4.0,0.0
3,3029,4,False,0,2025-02-23,3,0.0,0.09,0.12,6,23,0,1,0,4.0,0.0
3,3127,4,False,0,2025-02-23,4,0.0,0.12,0.08,6,23,0,1,0,3.5714285714285716,0.0
3,3130,4,False,0,2025-02-23,5,0.0,0.14,0.22,6,23,0,1,0,3.4285714285714284,0.0
3,3166,4,False,0,2025-02-23,3,0.0,0.01,0.01,6,23,0,1,0,4.0,0.0
3,3169,4,False,0,2025-02-23,2,0.0,0.02,0.03,6,23,0,1,0,3.857142857142857,0.0
3,3174,4,False,0,2025-02-23,4,0.0,0.01,0.01,6,23,0,1,0,3.857142857142857,0.0
3,3222,4,False,0,2025-02-23,2,0.0,0.02,0.04,6,23,0,1,0,3.2857142857142856,0.0
3,3281,4,False,0,2025-02-23,1,0.0,0.06,0.08,6,23,0,1,0,3.2857142857142856,0.0
3,3344,4,False,0,2025-02-23,3,0.0,0.04,0.05,6,23,0,1,0,3.0,0.0
3,3374,4,False,0,2025-02-23,2,0.0,0.06,0.09,6,23,0,1,0,2.857142857142857,0.0
3,3376,4,False,0,2025-02-23,2,0.0,0.03,0.05,6,23,0,1,0,2.4285714285714284,0.0
3,3400,4,False,0,2025-02-23,5,0.0,0.01,0.01,6,23,0,1,0,2.2857142857142856,0.0
3,3425,4,False,0,2025-02-23,0,0.0,0.01,0.02,6,23,0,1,0,2.7142857142857144,0.0
3,3428,4,False,0,2025-02-23,2,0.0,0.04,0.06,6,23,0,1,0,2.142857142857143,0.0
3,3442,4,False,0,2025-02-23,7,0.0,0.07,0.11,6,23,0,1,0,2.142857142857143,0.0
3,3459,4,False,0,2025-02-23,3,0.0,0.04,0.06,6,23,0,1,0,3.0,0.0
3,3460,4,False,0,2025-02-23,0,1.0,0.02,0.03,6,23,0,1,0,3.0,0.0
3,3462,4,False,0,2025-02-23,7,0.0,0.03,0.05,6,23,0,1,0,2.7142857142857144,0.0
3,3471,4,False,0,2025-02-23,3,0.0,0.03,0.04,6,23,0,1,0,3.4285714285714284,0.0
3,3497,4,False,0,2025-02-23,2,0.0,0.04,0.06,6,23,0,1,0,3.142857142857143,0.0
3,3511,4,False,0,2025-02-23,4,0.0,0.04,0.07,6,23,0,1,0,3.4285714285714284,0.0
3,3603,4,False,0,2025-02-23,2,0.0,0.04,0.06,6,23,0,1,0,3.7142857142857144,0.0
3,3618,4,False,0,2025-02-23,5,0.0,0.12,0.17,6,23,0,1,0,3.0,0.0
3,3669,4,False,0,2025-02-23,3,0.0,0.01,0.01,6,23,0,1,0,3.2857142857142856,0.0
3,3670,4,False,0,2025-02-23,4,0.0,0.03,0.05,6,23,0,1,0,3.7142857142857144,0.0
3,3671,4,False,0,2025-02-23,1,0.0,0.04,0.07,6,23,0,1,0,3.2857142857142856,0.0
3,3678,4,False,0,2025-02-23,1,1.0,0.03,0.05,6,23,0,1,0,3.0,0.0
3,3685,4,False,0,2025-02-23,0,0.0,0.03,0.05,6,23,0,1,0,2.857142857142857,0.0
3,3720,4,False,0,2025-02-23,0,0.0,0.05,0.08,6,23,0,1,0,2.2857142857142856,0.0
3,3738,4,False,0,2025-02-23,3,0.0,0.01,0.01,6,23,0,1,0,2.0,0.0
3,3744,4,False,0,2025-02-23,4,0.0,0.04,0.05,6,23,0,1,0,1.7142857142857142,0.0
3,3797,4,False,0,2025-02-23,9,0.0,0.03,0.04,6,23,0,1,0,1.8571428571428572,0.0
3,3799,4,False,0,2025-02-23,2,0.0,0.03,0.05,6,23,0,1,0,2.5714285714285716,0.0
3,3820,4,False,0,2025-02-23,2,0.0,0.02,0.04,6,23,0,1,0,2.7142857142857144,0.0
3,3821,4,False,0,2025-02-23,1,0.0,0.04,0.06,6,23,0,1,0,2.857142857142857,0.0
3,3826,4,False,0,2025-02-23,2,2.0,0.02,0.04,6,23,0,1,0,3.0,0.0
3,3831,4,False,0,2025-02-23,3,0.0,0.01,0.02,6,23,0,1,0,3.2857142857142856,0.0
3,3858,4,False,0,2025-02-23,2,0.0,0.06,0.08,6,23,0,1,0,3.2857142857142856,0.0
3,3894,4,False,0,2025-02-23,4,0.0,0.02,0.03,6,23,0,1,0,3.0,0.0
3,3898,4,False,0,2025-02-23,2,0.0,0.06,0.1,6,23,0,1,0,2.2857142857142856,0.0
3,3913,4,False,0,2025-02-23,4,0.0,0.03,0.05,6,23,0,1,0,2.2857142857142856,0.0
3,3917,4,False,0,2025-02-23,4,0.0,0.01,0.01,6,23,0,1,0,2.5714285714285716,0.0
3,3925,4,False,0,2025-02-23,0,0.0,0.03,0.04,6,23,0,1,0,3.0,0.0
3,3940,4,False,0,2025-02-23,2,0.0,0.05,0.06,6,23,0,1,0,2.7142857142857144,0.0
3,3954,4,False,0,2025-02-23,0,0.0,0.02,0.03,6,23,0,1,0,2.5714285714285716,0.0
3,3966,4,False,0,2025-02-23,1,0.0,0.02,0.04,6,23,0,1,0,2.2857142857142856,0.0
3,3969,4,False,0,2025-02-23,2,0.0,0.01,0.03,6,23,0,1,0,1.8571428571428572,0.0
3,3977,4,False,0,2025-02-23,4,0.0,0.06,0.08,6,23,0,1,0,1.8571428571428572,0.0
3,4001,4,False,0,2025-02-23,2,0.0,0.04,0.05,6,23,0,1,0,1.8571428571428572,0.0
3,4034,4,False,0,2025-02-23,3,0.0,0.08,0.11,6,23,0,1,0,1.5714285714285714,0.0
3,4054,4,False,0,2025-02-23,2,0.0,0.02,0.04,6,23,0,1,0,2.0,0.0
3,4061,4,False,0,2025-02-23,2,0.0,0.05,0.07,6,23,0,1,0,2.0,0.0
3,4086,4,False,0,2025-02-23,3,0.0,0.01,0.02,6,23,0,1,0,2.2857142857142856,0.0
3,4096,4,False,0,2025-02-23,2,0.0,0.05,0.07,6,23,0,1,0,2.5714285714285716,0.0
3,4142,4,False,0,2025-02-23,4,0.0,0.02,0.03,6,23,0,1,0,2.5714285714285716,0.0
3,4156,4,False,0,2025-02-23,4,0.0,0.03,0.05,6,23,0,1,0,2.5714285714285716,0.0
3,4229,4,False,0,2025-02-23,1,0.0,0.02,0.04,6,23,0,1,0,2.857142857142857,0.0
3,4244,4,False,0,2025-02-23,0,0.0,0.03,0.04,6,23,0,1,0,2.5714285714285716,0.0
3,4264,4,False,0,2025-02-23,2,0.0,0.05,0.07,6,23,0,1,0,2.2857142857142856,0.0
3,4331,4,False,0,2025-02-23,5,0.0,0.01,0.02,6,23,0,1,0,2.2857142857142856,0.0
3,4365,4,False,0,2025-02-23,3,0.0,0.04,0.06,6,23,0,1,0,2.5714285714285716,0.0
3,4366,4,False,0,2025-02-23,3,0.0,0.05,0.06,6,23,0,1,0,2.7142857142857144,0.0
3,4420,4,False,0,2025-02-23,3,0.0,0.02,0.02,6,23,0,1,0,2.5714285714285716,0.0
3,4436,4,False,0,2025-02-23,2,0.0,0.02,0.03,6,23,0,1,0,2.4285714285714284,0.0
3,4444,4,False,0,2025-02-23,2,0.0,0.07,0.1,6,23,0,1,0,2.5714285714285716,0.0
3,4450,4,False,0,2025-02-23,4,0.0,0.02,0.03,6,23,0,1,0,2.857142857142857,0.0
3,4458,4,False,0,2025-02-23,11,0.0,0.03,0.04,6,23,0,1,0,3.142857142857143,0.0
3,4465,4,False,0,2025-02-23,4,0.0,0.02,0.04,6,23,0,1,0,4.0,0.0
3,4472,4,False,0,2025-02-23,5,0.0,0.01,0.01,6,23,0,1,0,4.142857142857143,0.0
3,4507,4,False,0,2025-02-23,3,0.0,0.03,0.04,6,23,0,1,0,4.428571428571429,0.0
3,4525,4,False,0,2025-02-23,3,0.0,0.01,0.03,6,23,0,1,0,4.428571428571429,0.0
3,4536,4,False,0,2025-02-23,2,1.0,0.01,0.01,6,23,0,1,0,4.571428571428571,0.0
3,4564,4,False,0,2025-02-23,3,0.0,0.02,0.04,6,23,0,1,0,4.571428571428571,0.0
3,4568,4,False,0,2025-02-23,5,0.0,0.01,0.01,6,23,0,1,0,4.428571428571429,0.0
3,4604,4,False,0,2025-02-23,3,0.0,0.02,0.03,6,23,0,1,0,3.5714285714285716,0.0
3,4610,4,False,0,2025-02-23,0,0.0,0.06,0.09,6,23,0,1,0,3.4285714285714284,0.0
3,4620,4,False,0,2025-02-23,4,0.0,0.02,0.04,6,23,0,1,0,2.7142857142857144,0.0
3,4648,4,False,0,2025-02-23,2,0.0,0.05,0.07,6,23,0,1,0,2.857142857142857,0.0
3,4700,4,False,0,2025-02-23,2,0.0,0.02,0.03,6,23,0,1,0,2.7142857142857144,0.0
3,4741,4,False,0,2025-02-23,4,2.0,0.02,0.05,6,23,0,1,0,2.7142857142857144,0.0
3,4759,4,False,0,2025-02-23,4,0.0,0.03,0.04,6,23,0,1,0,2.857142857142857,0.0
3,4770,4,False,0,2025-02-23,2,0.0,0.03,0.03,6,23,0,1,0,2.7142857142857144,0.0
3,4774,4,False,0,2025-02-23,4,0.0,0.03,0.04,6,23,0,1,0,2.5714285714285716,0.0
3,4903,4,False,0,2025-02-23,3,1.0,0.01,0.01,6,23,0,1,0,3.142857142857143,0.0
3,4915,4,False,0,2025-02-23,5,0.0,0.01,0.02,6,23,0,1,0,3.0,0.0
3,4929,4,False,0,2025-02-23,2,1.0,0.03,0.04,6,23,0,1,0,3.4285714285714284,0.0
3,4961,4,False,0,2025-02-23,7,0.0,0.03,0.06,6,23,0,1,0,3.4285714285714284,0.0
3,4987,4,False,0,2025-02-23,2,0.0,0.02,0.03,6,23,0,1,0,3.857142857142857,0.0
3,4992,4,False,0,2025-02-23,2,0.0,0.04,0.05,6,23,0,1,0,3.5714285714285716,0.0
3,4997,4,False,0,2025-02-23,2,0.0,0.07,0.1,6,23,0,1,0,3.5714285714285716,0.0
3,4998,4,False,0,2025-02-23,3,0.0,0.01,0.01,6,23,0,1,0,3.2857142857142856,0.0
3,5008,4,False,0,2025-02-23,2,0.0,0.02,0.03,6,23,0,1,0,3.2857142857142856,0.0
3,5048,4,False,0,2025-02-23,1,0.0,0.01,0.02,6,23,0,1,0,2.857142857142857,0.0
3,5091,4,False,0,2025-02-23,3,0.0,0.06,0.08,6,23,0,1,0,2.7142857142857144,0.0
3,5100,4,False,0,2025-02-23,3,0.0,0.02,0.03,6,23,0,1,0,2.142857142857143,0.0
3,5112,4,False,0,2025-02-23,1,0.0,0.02,0.04,6,23,0,1,0,2.2857142857142856,0.0
3,5118,4,False,0,2025-02-23,2,0.0,0.05,0.08,6,23,0,1,0,2.142857142857143,0.0
3,5120,4,False,0,2025-02-23,0,0.0,0.02,0.03,6,23,0,1,0,2.142857142857143,0.0
3,5123,4,False,0,2025-02-23,2,0.0,0.02,0.04,6,23,0,1,0,1.7142857142857142,0.0
3,5130,4,False,0,2025-02-23,2,1.0,0.02,0.03,6,23,0,1,0,1.7142857142857142,0.0
3,5149,4,False,0,2025-02-23,2,0.0,0.12,0.14,6,23,0,1,0,1.8571428571428572,0.0
3,5163,4,False,0,2025-02-23,1,0.0,0.05,0.09,6,23,0,1,0,1.7142857142857142,0.0
3,5169,4,False,0,2025-02-23,3,0.0,0.06,0.08,6,23,0,1,0,1.4285714285714286,0.0
3,5172,4,False,0,2025-02-23,2,0.0,0.04,0.06,6,23,0,1,0,1.7142857142857142,0.0
3,5177,4,False,0,2025-02-23,3,0.0,0.01,0.01,6,23,0,1,0,1.7142857142857142,0.0
3,5199,4,False,0,2025-02-23,1,0.0,0.02,0.02,6,23,0,1,0,2.142857142857143,0.0
3,5234,4,False,0,2025-02-23,2,0.0,0.02,0.03,6,23,0,1,0,2.0,0.0
3,5241,4,False,0,2025-02-23,3,0.0,0.01,0.01,6,23,0,1,0,2.0,0.0
3,5247,4,False,0,2025-02-23,0,0.0,0.02,0.02,6,23,0,1,0,2.142857142857143,0.0
3,5267,4,False,0,2025-02-23,1,0.0,0.02,0.03,6,23,0,1,0,2.0,0.0
3,5269,4,False,0,2025-02-23,2,0.0,0.01,0.02,6,23,0,1,0,1.7142857142857142,0.0
3,5275,4,False,0,2025-02-23,4,0.0,0.02,0.05,6,23,0,1,0,1.7142857142857142,0.0
3,5283,4,False,0,2025-02-23,3,0.0,0.03,0.04,6,23,0,1,0,1.8571428571428572,0.0
3,172,5,True,0,2025-02-23,195,1.0,0.01,0.01,6,23,0,1,0,2.142857142857143,0.0
3,327,5,True,0,2025-02-23,8,1.0,0.01,0.03,6,23,0,1,0,29.714285714285715,0.0
3,697,5,True,0,2025-02-23,9,0.0,0.04,0.15,6,23,0,1,0,30.428571428571427,0.0
3,1278,5,True,0,2025-02-23,5,0.0,0.02,0.05,6,23,0,1,0,31.714285714285715,0.0
3,1463,5,True,0,2025-02-23,7,0.0,0.01,0.04,6,23,0,1,0,32.285714285714285,0.0
3,1471,5,True,0,2025-02-23,7,0.0,0.02,0.05,6,23,0,1,0,33.0,0.0
3,1580,5,True,0,2025-02-23,7,0.0,0.02,0.04,6,23,0,1,0,33.42857142857143,0.0
3,1795,5,True,0,2025-02-23,2,1.0,0.02,0.04,6,23,0,1,0,34.0,0.0
3,1860,5,True,0,2025-02-23,11,0.0,0.03,0.04,6,23,0,1,0,6.428571428571429,0.0
3,2169,5,True,0,2025-02-23,11,0.0,0.01,0.02,6,23,0,1,0,6.857142857142857,0.0
3,2338,5,True,0,2025-02-23,57,1.0,0.01,0.04,6,23,0,1,0,7.142857142857143,0.0
3,2381,5,True,0,2025-02-23,63,4.0,0.04,0.06,6,23,0,1,0,14.571428571428571,1.837201280581804
3,2518,5,True,0,2025-02-23,15,1.0,0.02,0.07,6,23,0,1,0,22.571428571428573,0.0
3,2560,5,True,0,2025-02-23,10,0.0,0.03,0.04,6,23,0,1,0,23.714285714285715,0.0
3,2647,5,True,0,2025-02-23,6,0.0,0.03,0.05,6,23,0,1,0,24.142857142857142,0.0
3,2661,5,True,0,2025-02-23,29,1.0,0.0,0.01,6,23,0,1,0,24.714285714285715,0.0
3,2926,5,True,0,2025-02-23,2,0.0,0.03,0.05,6,23,0,1,0,27.285714285714285,0.0
3,3002,5,True,0,2025-02-23,10,0.0,0.04,0.07,6,23,0,1,0,26.0,0.0
3,3175,5,True,0,2025-02-23,1,0.0,0.04,0.1,6,23,0,1,0,19.285714285714285,0.0
3,3612,5,True,0,2025-02-23,23,0.0,0.05,0.08,6,23,0,1,0,10.428571428571429,0.0
3,3734,5,True,0,2025-02-23,6,0.0,0.05,0.11,6,23,0,1,0,11.571428571428571,0.0
3,3819,5,True,0,2025-02-23,15,0.0,0.02,0.05,6,23,0,1,0,11.0,0.0
3,4150,5,True,0,2025-02-23,35,1.0,0.02,0.04,6,23,0,1,0,12.285714285714286,0.0
3,4200,5,True,0,2025-02-23,8,0.0,0.06,0.12,6,23,0,1,0,13.142857142857142,0.0
3,5036,5,True,0,2025-02-23,11,0.0,0.03,0.05,6,23,0,1,0,14.0,0.0
3,5260,5,True,0,2025-02-23,13,1.0,0.02,0.06,6,23,0,1,0,14.142857142857142,0.0
3,138,6,False,0,2025-02-23,0,0.0,0.16,0.23,6,23,0,1,0,15.857142857142858,0.0
3,177,6,False,0,2025-02-23,1,0.0,0.08,0.1,6,23,0,1,0,12.571428571428571,0.0
3,207,6,False,0,2025-02-23,1,0.0,0.22,0.31,6,23,0,1,0,11.857142857142858,0.0
3,316,6,False,0,2025-02-23,2,0.0,0.08,0.12,6,23,0,1,0,9.857142857142858,0.0
3,647,6,False,0,2025-02-23,1,0.0,0.07,0.09,6,23,0,1,0,5.142857142857143,0.0
3,975,6,False,0,2025-02-23,1,0.0,0.08,0.08,6,23,0,1,0,4.142857142857143,0.0
3,1265,6,False,0,2025-02-23,0,1.0,0.14,0.2,6,23,0,1,0,2.7142857142857144,0.0
3,1509,6,False,0,2025-02-23,1,0.0,0.22,0.27,6,23,0,1,0,0.8571428571428571,0.0
3,1740,6,False,0,2025-02-23,1,0.0,0.08,0.11,6,23,0,1,0,1.0,0.0
3,1827,6,False,0,2025-02-23,1,0.0,0.1,0.15,6,23,0,1,0,1.0,0.0
3,1845,6,False,0,2025-02-23,1,0.0,0.05,0.06,6,23,0,1,0,1.0,0.0
3,1865,6,False,0,2025-02-23,0,0.0,0.12,0.16,6,23,0,1,0,0.8571428571428571,0.0
3,2131,6,False,0,2025-02-23,2,0.0,0.1,0.15,6,23,0,1,0,0.7142857142857143,0.0
3,2216,6,False,0,2025-02-23,1,0.0,0.06,0.09,6,23,0,1,0,0.8571428571428571,0.0
3,2240,6,False,0,2025-02-23,1,0.0,0.13,0.18,6,23,0,1,0,1.0,0.0
3,2291,6,False,0,2025-02-23,0,0.0,0.15,0.21,6,23,0,1,0,1.0,0.0
3,2352,6,False,0,2025-02-23,1,0.0,0.11,0.15,6,23,0,1,0,0.8571428571428571,0.0
3,2515,6,False,0,2025-02-23,0,0.0,0.16,0.19,6,23,0,1,0,0.8571428571428571,0.0
3,2617,6,False,0,2025-02-23,1,0.0,0.13,0.19,6,23,0,1,0,0.7142857142857143,0.0
3,2799,6,False,0,2025-02-23,1,0.0,0.06,0.08,6,23,0,1,0,0.8571428571428571,0.0
3,2934,6,False,0,2025-02-23,0,0.0,0.07,0.1,6,23,0,1,0,0.7142857142857143,0.0
3,3090,6,False,0,2025-02-23,1,0.0,0.15,0.2,6,23,0,1,0,0.5714285714285714,0.0
3,3380,6,False,0,2025-02-23,2,0.0,0.06,0.09,6,23,0,1,0,0.5714285714285714,0.0
3,3637,6,False,0,2025-02-23,1,0.0,0.07,0.09,6,23,0,1,0,0.8571428571428571,0.0
3,3793,6,False,0,2025-02-23,1,0.0,0.03,0.04,6,23,0,1,0,0.8571428571428571,0.0
3,3937,6,False,0,2025-02-23,1,0.0,0.14,0.18,6,23,0,1,0,1.0,0.0
3,4074,6,False,0,2025-02-23,1,0.0,0.16,0.24,6,23,0,1,0,1.0,0.0
3,4196,6,False,0,2025-02-23,1,0.0,0.06,0.08,6,23,0,1,0,1.0,0.0
3,4356,6,False,0,2025-02-23,1,0.0,0.09,0.13,6,23,0,1,0,1.1428571428571428,0.0
3,4398,6,False,0,2025-02-23,0,0.0,0.09,0.1,6,23,0,1,0,1.1428571428571428,0.0
3,4430,6,False,0,2025-02-23,2,0.0,0.08,0.11,6,23,0,1,0,0.8571428571428571,0.0
3,4730,6,False,0,2025-02-23,1,0.0,0.13,0.19,6,23,0,1,0,1.0,0.0
3,4736,6,False,0,2025-02-23,1,0.0,0.07,0.09,6,23,0,1,0,1.0,0.0
3,4849,6,False,0,2025-02-23,2,0.0,0.13,0.25,6,23,0,1,0,1.0,0.0
3,4887,6,False,0,2025-02-23,1,0.0,0.13,0.15,6,23,0,1,0,1.1428571428571428,0.0
3,5023,6,False,0,2025-02-23,1,0.0,0.13,0.18,6,23,0,1,0,1.1428571428571428,0.0
3,411,7,False,0,2025-02-23,5,1.0,0.0,0.01,6,23,0,1,0,1.1428571428571428,0.0
3,461,7,False,0,2025-02-23,13,1.0,0.0,0.01,6,23,0,1,0,1.8571428571428572,0.0
3,551,7,False,0,2025-02-23,8,0.0,0.01,0.01,6,23,0,1,0,3.4285714285714284,0.0
3,559,7,False,0,2025-02-23,20,0.0,0.01,0.01,6,23,0,1,0,4.428571428571429,0.0
3,848,7,False,0,2025-02-23,3,1.0,0.04,0.05,6,23,0,1,0,7.142857142857143,0.0
3,861,7,False,0,2025-02-23,7,0.0,0.01,0.02,6,23,0,1,0,7.285714285714286,0.0
3,1115,7,False,0,2025-02-23,0,0.0,0.0,0.0,6,23,0,1,0,8.142857142857142,0.0
3,1288,7,False,0,2025-02-23,2,0.0,0.01,0.02,6,23,0,1,0,8.0,0.0
3,1787,7,False,0,2025-02-23,0,0.0,0.02,0.02,6,23,0,1,0,7.571428571428571,0.0
3,2175,7,False,0,2025-02-23,3,0.0,0.03,0.03,6,23,0,1,0,5.714285714285714,0.0
3,2227,7,False,0,2025-02-23,5,0.0,0.02,0.03,6,23,0,1,0,5.0,0.0
3,2499,7,False,0,2025-02-23,3,0.0,0.0,0.01,6,23,0,1,0,2.857142857142857,0.0
3,2887,7,False,0,2025-02-23,18,1.0,0.02,0.03,6,23,0,1,0,2.857142857142857,0.0
3,3023,7,False,0,2025-02-23,20,0.0,0.01,0.01,6,23,0,1,0,4.428571428571429,0.0
3,3040,7,False,0,2025-02-23,14,2.0,0.0,0.0,6,23,0,1,0,7.285714285714286,0.0
3,3105,7,False,0,2025-02-23,9,0.0,0.0,0.01,6,23,0,1,0,9.0,0.0
3,3272,7,False,0,2025-02-23,6,0.0,0.01,0.02,6,23,0,1,0,10.285714285714286,0.0
3,3314,7,False,0,2025-02-23,13,0.0,0.0,0.01,6,23,0,1,0,10.714285714285714,0.0
3,3401,7,False,0,2025-02-23,6,0.0,0.0,0.01,6,23,0,1,0,11.857142857142858,0.0
3,4026,7,False,0,2025-02-23,6,0.0,0.12,0.16,6,23,0,1,0,12.285714285714286,0.0
3,4093,7,False,0,2025-02-23,5,1.0,0.01,0.01,6,23,0,1,0,10.571428571428571,0.0
3,4298,7,False,0,2025-02-23,8,0.0,0.01,0.01,6,23,0,1,0,8.428571428571429,0.0
3,4351,7,False,0,2025-02-23,3,0.0,0.01,0.03,6,23,0,1,0,7.571428571428571,0.0
3,4411,7,False,0,2025-02-23,15,0.0,0.02,0.03,6,23,0,1,0,6.714285714285714,0.0
3,4585,7,False,0,2025-02-23,6,0.0,0.02,0.04,6,23,0,1,0,8.0,0.0
3,4688,7,False,0,2025-02-23,14,1.0,0.0,0.03,6,23,0,1,0,7.0,0.0
3,4867,7,False,0,2025-02-23,12,2.0,0.03,0.04,6,23,0,1,0,8.142857142857142,0.0
3,199,8,False,0,2025-02-23,11,0.0,0.01,0.02,6,23,0,1,0,9.0,0.0
3,269,8,False,0,2025-02-23,46,0.0,0.0,0.01,6,23,0,1,0,9.857142857142858,0.0
3,805,8,False,0,2025-02-23,10,0.0,0.0,0.01,6,23,0,1,0,15.285714285714286,0.0
3,828,8,False,0,2025-02-23,37,2.0,0.01,0.01,6,23,0,1,0,16.285714285714285,0.0
3,932,8,False,0,2025-02-23,6,0.0,0.01,0.02,6,23,0,1,0,19.428571428571427,0.0
3,1010,8,False,0,2025-02-23,9,1.0,0.01,0.02,6,23,0,1,0,19.428571428571427,0.0
3,1073,8,False,0,2025-02-23,19,0.0,0.01,0.02,6,23,0,1,0,18.714285714285715,0.0
3,1308,8,False,0,2025-02-23,27,1.0,0.02,0.03,6,23,0,1,0,19.714285714285715,0.0
3,2253,8,False,0,2025-02-23,7,0.0,0.0,0.01,6,23,0,1,0,22.0,0.0
3,2420,8,False,0,2025-02-23,19,0.0,0.0,0.01,6,23,0,1,0,16.428571428571427,0.0
3,2659,8,False,0,2025-02-23,21,0.0,0.01,0.01,6,23,0,1,0,17.714285714285715,0.0
3,2985,8,False,0,2025-02-23,20,0.0,0.02,0.02,6,23,0,1,0,15.428571428571429,0.0
3,3015,8,False,0,2025-02-23,12,0.0,0.01,0.02,6,23,0,1,0,17.428571428571427,0.0
3,3331,8,False,0,2025-02-23,34,0.0,0.01,0.02,6,23,0,1,0,17.857142857142858,0.0
3,3430,8,False,0,2025-02-23,14,0.0,0.01,0.02,6,23,0,1,0,20.0,0.0
3,3545,8,False,0,2025-02-23,8,4.0,0.02,0.03,6,23,0,1,0,18.142857142857142,0.0
3,3594,8,False,0,2025-02-23,5,0.0,0.01,0.01,6,23,0,1,0,18.285714285714285,0.0
3,3605,8,False,0,2025-02-23,19,0.0,0.01,0.01,6,23,0,1,0,16.285714285714285,0.0
3,4513,8,False,0,2025-02-23,12,0.0,0.01,0.02,6,23,0,1,0,16.0,0.0
3,4560,8,False,0,2025-02-23,18,0.0,0.01,0.02,6,23,0,1,0,14.857142857142858,0.0
3,5038,8,False,0,2025-02-23,1,0.0,0.02,0.02,6,23,0,1,0,15.714285714285714,0.0
3,5075,8,False,0,2025-02-23,14,0.0,0.01,0.02,6,23,0,1,0,11.0,0.0
3,5178,8,False,0,2025-02-23,10,0.0,0.01,0.02,6,23,0,1,0,11.0,0.0
3,10,9,True,0,2025-02-23,3,0.0,0.04,0.13,6,23,0,1,0,11.285714285714286,0.0
3,45,9,True,0,2025-02-23,11,1.0,0.02,0.05,6,23,0,1,0,11.0,0.0
3,141,9,True,0,2025-02-23,7,2.0,0.03,0.08,6,23,0,1,0,9.857142857142858,0.0
3,187,9,True,0,2025-02-23,12,0.0,0.01,0.03,6,23,0,1,0,9.142857142857142,0.0
3,270,9,True,0,2025-02-23,5,0.0,0.02,0.11,6,23,0,1,0,8.285714285714286,0.0
3,275,9,True,0,2025-02-23,11,0.0,0.04,0.06,6,23,0,1,0,8.857142857142858,0.0
3,278,9,True,0,2025-02-23,7,0.0,0.05,0.1,6,23,0,1,0,8.428571428571429,0.0
3,317,9,True,0,2025-02-23,9,0.0,0.01,0.01,6,23,0,1,0,8.0,0.0
3,352,9,True,0,2025-02-23,7,0.0,0.02,0.08,6,23,0,1,0,8.857142857142858,0.0
3,473,9,True,0,2025-02-23,14,4.0,0.01,0.02,6,23,0,1,0,8.285714285714286,0.0
3,496,9,True,0,2025-02-23,19,0.0,0.01,0.02,6,23,0,1,0,9.285714285714286,0.0
3,615,9,True,0,2025-02-23,9,0.0,0.02,0.04,6,23,0,1,0,10.285714285714286,0.0
3,678,9,True,0,2025-02-23,21,1.0,0.01,0.05,6,23,0,1,0,10.857142857142858,0.0
3,696,9,True,0,2025-02-23,3,0.0,0.01,0.05,6,23,0,1,0,12.285714285714286,0.0
3,747,9,True,0,2025-02-23,4,1.0,0.01,0.03,6,23,0,1,0,11.714285714285714,0.0
3,802,9,True,0,2025-02-23,11,0.0,0.06,0.1,6,23,0,1,0,11.0,0.0
3,813,9,True,0,2025-02-23,10,1.0,0.02,0.02,6,23,0,1,0,11.571428571428571,0.0
3,958,9,True,0,2025-02-23,9,0.0,0.01,0.03,6,23,0,1,0,11.0,0.0
3,976,9,True,0,2025-02-23,4,0.0,0.01,0.03,6,23,0,1,0,9.571428571428571,0.0
3,1112,9,True,0,2025-02-23,6,1.0,0.02,0.05,6,23,0,1,0,8.857142857142858,0.0
3,1148,9,True,0,2025-02-23,11,0.0,0.02,0.06,6,23,0,1,0,6.714285714285714,0.0
3,1172,9,True,0,2025-02-23,6,2.0,0.01,0.04,6,23,0,1,0,7.857142857142857,0.0
3,1178,9,True,0,2025-02-23,3,0.0,0.02,0.06,6,23,0,1,0,8.142857142857142,0.0
3,1287,9,True,0,2025-02-23,10,0.0,0.01,0.03,6,23,0,1,0,7.0,0.0
3,1323,9,True,0,2025-02-23,5,0.0,0.02,0.06,6,23,0,1,0,7.0,0.0
3,1409,9,True,0,2025-02-23,7,0.0,0.02,0.05,6,23,0,1,0,6.428571428571429,0.0
3,1510,9,True,0,2025-02-23,0,0.0,0.03,0.09,6,23,0,1,0,6.857142857142857,0.0
3,1661,9,True,0,2025-02-23,6,0.0,0.01,0.05,6,23,0,1,0,6.0,0.0
3,1696,9,True,0,2025-02-23,28,1.0,0.01,0.03,6,23,0,1,0,5.285714285714286,0.0
3,1705,9,True,0,2025-02-23,6,0.0,0.04,0.09,6,23,0,1,0,8.428571428571429,0.0
3,1896,9,True,0,2025-02-23,16,0.0,0.03,0.07,6,23,0,1,0,8.857142857142858,0.0
3,1906,9,True,0,2025-02-23,4,0.0,0.04,0.16,6,23,0,1,0,9.714285714285714,0.0
3,1951,9,True,0,2025-02-23,1,0.0,0.02,0.07,6,23,0,1,0,9.571428571428571,0.0
3,2010,9,True,0,2025-02-23,4,0.0,0.03,0.17,6,23,0,1,0,8.714285714285714,0.0
3,2011,9,True,0,2025-02-23,2,0.0,0.01,0.04,6,23,0,1,0,9.285714285714286,0.0
3,2056,9,True,0,2025-02-23,7,5.0,0.01,0.02,6,23,0,1,0,8.714285714285714,0.0
3,2256,9,True,0,2025-02-23,5,0.0,0.02,0.04,6,23,0,1,0,5.714285714285714,0.0
3,2284,9,True,0,2025-02-23,19,0.0,0.01,0.03,6,23,0,1,0,5.571428571428571,0.0
3,2307,9,True,0,2025-02-23,3,0.0,0.02,0.07,6,23,0,1,0,6.0,0.0
3,2357,9,True,0,2025-02-23,5,0.0,0.09,0.2,6,23,0,1,0,5.857142857142857,0.0
3,2360,9,True,0,2025-02-23,19,3.0,0.01,0.04,6,23,0,1,0,6.428571428571429,0.0
3,2399,9,True,0,2025-02-23,9,0.0,0.03,0.12,6,23,0,1,0,8.571428571428571,0.0
3,2401,9,True,0,2025-02-23,8,0.0,0.01,0.05,6,23,0,1,0,9.571428571428571,0.0
3,2419,9,True,0,2025-02-23,13,2.0,0.02,0.03,6,23,0,1,0,9.714285714285714,0.0
3,2474,9,True,0,2025-02-23,7,1.0,0.04,0.07,6,23,0,1,0,10.857142857142858,0.0
3,2486,9,True,0,2025-02-23,20,1.0,0.02,0.07,6,23,0,1,0,9.142857142857142,0.0
3,2543,9,True,0,2025-02-23,19,0.0,0.0,0.02,6,23,0,1,0,11.571428571428571,0.0
3,2615,9,True,0,2025-02-23,3,0.0,0.02,0.06,6,23,0,1,0,13.571428571428571,0.0
3,2795,9,True,0,2025-02-23,15,2.0,0.02,0.06,6,23,0,1,0,11.285714285714286,0.0
3,2812,9,True,0,2025-02-23,2,0.0,0.02,0.1,6,23,0,1,0,12.142857142857142,0.0
3,2841,9,True,0,2025-02-23,13,0.0,0.01,0.06,6,23,0,1,0,11.285714285714286,0.0
3,2857,9,True,0,2025-02-23,8,2.0,0.01,0.02,6,23,0,1,0,11.285714285714286,0.0
3,3008,9,True,0,2025-02-23,15,0.0,0.01,0.09,6,23,0,1,0,11.428571428571429,0.0
3,3226,9,True,0,2025-02-23,20,0.0,0.02,0.05,6,23,0,1,0,10.714285714285714,0.0
3,3241,9,True,0,2025-02-23,7,0.0,0.01,0.06,6,23,0,1,0,10.857142857142858,0.0
3,3244,9,True,0,2025-02-23,9,1.0,0.01,0.05,6,23,0,1,0,11.428571428571429,0.0
3,3356,9,True,0,2025-02-23,7,0.0,0.01,0.03,6,23,0,1,0,10.571428571428571,0.0
3,3540,9,True,0,2025-02-23,10,0.0,0.03,0.07,6,23,0,1,0,11.285714285714286,0.0
3,3735,9,True,0,2025-02-23,3,0.0,0.02,0.08,6,23,0,1,0,10.857142857142858,0.0
3,3751,9,True,0,2025-02-23,5,0.0,0.04,0.11,6,23,0,1,0,10.142857142857142,0.0
3,3789,9,True,0,2025-02-23,2,0.0,0.01,0.03,6,23,0,1,0,8.714285714285714,0.0
3,3905,9,True,0,2025-02-23,1,0.0,0.01,0.06,6,23,0,1,0,6.142857142857143,0.0
3,4012,9,True,0,2025-02-23,11,0.0,0.01,0.05,6,23,0,1,0,5.285714285714286,0.0
3,4106,9,True,0,2025-02-23,2,0.0,0.02,0.1,6,23,0,1,0,5.571428571428571,0.0
3,4141,9,True,0,2025-02-23,8,0.0,0.05,0.09,6,23,0,1,0,4.857142857142857,0.0
3,4153,9,True,0,2025-02-23,9,0.0,0.01,0.02,6,23,0,1,0,4.571428571428571,0.0
3,4154,9,True,0,2025-02-23,17,3.0,0.0,0.01,6,23,0,1,0,5.428571428571429,0.0
3,4197,9,True,0,2025-02-23,6,0.0,0.01,0.02,6,23,0,1,0,7.142857142857143,0.0
3,4348,9,True,0,2025-02-23,12,0.0,0.01,0.03,6,23,0,1,0,7.714285714285714,0.0
3,4350,9,True,0,2025-02-23,6,0.0,0.03,0.07,6,23,0,1,0,9.285714285714286,0.0
3,4367,9,True,0,2025-02-23,4,0.0,0.03,0.09,6,23,0,1,0,8.571428571428571,0.0
3,4466,9,True,0,2025-02-23,5,0.0,0.02,0.09,6,23,0,1,0,8.857142857142858,0.0
3,4493,9,True,0,2025-02-23,7,0.0,0.01,0.09,6,23,0,1,0,8.428571428571429,0.0
3,4530,9,True,0,2025-02-23,5,0.0,0.01,0.02,6,23,0,1,0,8.142857142857142,0.0
3,4594,9,True,0,2025-02-23,0,0.0,0.01,0.08,6,23,0,1,0,6.428571428571429,0.0
3,4637,9,True,0,2025-02-23,20,2.0,0.01,0.03,6,23,0,1,0,5.571428571428571,0.0
3,4645,9,True,0,2025-02-23,11,0.0,0.01,0.02,6,23,0,1,0,6.714285714285714,0.0
3,4655,9,True,0,2025-02-23,3,1.0,0.06,0.09,6,23,0,1,0,7.428571428571429,0.0
3,4679,9,True,0,2025-02-23,10,0.0,0.01,0.03,6,23,0,1,0,7.285714285714286,0.0
3,4845,9,True,0,2025-02-23,6,0.0,0.01,0.03,6,23,0,1,0,8.0,0.0
3,4906,9,True,0,2025-02-23,13,0.0,0.01,0.04,6,23,0,1,0,7.857142857142857,0.0
3,4996,9,True,0,2025-02-23,4,0.0,0.0,0.02,6,23,0,1,0,9.0,0.0
3,5079,9,True,0,2025-02-23,10,0.0,0.01,0.03,6,23,0,1,0,9.571428571428571,0.0
3,5087,9,True,0,2025-02-23,10,0.0,0.03,0.07,6,23,0,1,0,8.142857142857142,0.0
3,5093,9,True,0,2025-02-23,20,0.0,0.02,0.07,6,23,0,1,0,8.0,0.0
3,5122,9,True,0,2025-02-23,9,0.0,0.01,0.03,6,23,0,1,0,10.428571428571429,0.0
3,5135,9,True,0,2025-02-23,9,0.0,0.02,0.06,6,23,0,1,0,10.285714285714286,0.0
3,5175,9,True,0,2025-02-23,13,0.0,0.01,0.04,6,23,0,1,0,10.714285714285714,0.0
3,5212,9,True,0,2025-02-23,2,0.0,0.01,0.05,6,23,0,1,0,10.714285714285714,0.0
3,5272,9,True,0,2025-02-23,13,3.0,0.01,0.02,6,23,0,1,0,10.428571428571429,1.6691230550328073
3,147,10,False,0,2025-02-23,30,0.0,0.03,0.1,6,23,0,1,0,10.857142857142858,0.0
3,1782,10,False,0,2025-02-23,24,0.0,0.04,0.09,6,23,0,1,0,13.714285714285714,0.0
3,2377,10,False,0,2025-02-23,31,1.0,0.0,0.01,6,23,0,1,0,14.285714285714286,2.9328023780551344
3,3203,10,False,0,2025-02-23,29,1.0,0.03,0.13,6,23,0,1,0,17.428571428571427,0.0
3,5018,10,False,0,2025-02-23,22,2.0,0.02,0.13,6,23,0,1,0,20.285714285714285,0.0
3,2058,11,False,0,2025-02-23,0,0.0,0.22,0.22,6,23,0,1,0,21.571428571428573,1.8331267913221603
3,2882,11,False,0,2025-02-23,16,0.0,0.23,0.23,6,23,0,1,0,21.285714285714285,0.0
3,3107,11,False,0,2025-02-23,3,0.0,0.12,0.15,6,23,0,1,0,21.714285714285715,0.0
3,3123,11,False,0,2025-02-23,21,0.0,0.23,0.22,6,23,0,1,0,17.857142857142858,0.0
3,3499,11,False,0,2025-02-23,20,3.0,0.09,0.08,6,23,0,1,0,17.428571428571427,2.845090490888476
3,3870,11,False,0,2025-02-23,3,0.0,0.15,0.18,6,23,0,1,0,15.857142857142858,0.0
3,4160,11,False,0,2025-02-23,7,2.0,0.16,0.19,6,23,0,1,0,12.142857142857142,0.0
3,5085,11,False,0,2025-02-23,20,0.0,0.23,0.22,6,23,0,1,0,10.0,0.0
3,488,1,False,0,2025-02-26,29,0.0,0.14,0.16,2,26,0,0,1,12.857142857142858,1.6599240733597882
3,1985,1,False,0,2025-02-26,10,0.0,0.14,0.15,2,26,0,0,1,14.714285714285714,0.0
3,2735,1,False,0,2025-02-26,15,0.0,0.14,0.16,2,26,0,0,1,15.714285714285714,1.6551524555615378
3,3664,1,False,0,2025-02-26,19,0.0,0.14,0.17,2,26,0,0,1,14.857142857142858,1.628032586249946
3,4052,1,False,0,2025-02-26,16,3.0,0.15,0.17,2,26,0,0,1,14.714285714285714,1.6158638364455862
3,48,3,True,0,2025-02-26,4,0.0,0.12,0.17,2,26,0,0,1,16.571428571428573,0.0
3,59,3,True,0,2025-02-26,10,0.0,0.02,0.02,2,26,0,0,1,16.142857142857142,0.0
3,82,3,True,0,2025-02-26,5,0.0,0.06,0.07,2,26,0,0,1,14.714285714285714,0.0
3,86,3,True,0,2025-02-26,2,0.0,0.12,0.15,2,26,0,0,1,11.285714285714286,0.0
3,87,3,True,0,2025-02-26,6,0.0,0.03,0.05,2,26,0,0,1,10.142857142857142,0.0
3,94,3,True,0,2025-02-26,2,0.0,0.08,0.14,2,26,0,0,1,8.857142857142858,0.0
3,103,3,True,0,2025-02-26,4,0.0,0.06,0.09,2,26,0,0,1,6.428571428571429,0.0
3,106,3,True,0,2025-02-26,5,0.0,0.04,0.06,2,26,0,0,1,4.714285714285714,0.0
3,167,3,True,0,2025-02-26,2,0.0,0.09,0.16,2,26,0,0,1,4.857142857142857,0.0
3,212,3,True,0,2025-02-26,2,0.0,0.05,0.07,2,26,0,0,1,3.7142857142857144,0.0
3,234,3,True,0,2025-02-26,1,0.0,0.08,0.11,2,26,0,0,1,3.2857142857142856,0.0
3,281,3,True,0,2025-02-26,1,0.0,0.07,0.1,2,26,0,0,1,3.142857142857143,0.0
3,381,3,True,0,2025-02-26,3,1.0,0.04,0.05,2,26,0,0,1,2.4285714285714284,0.0
3,415,3,True,0,2025-02-26,1,0.0,0.07,0.1,2,26,0,0,1,2.5714285714285716,0.0
3,440,3,True,0,2025-02-26,5,0.0,0.05,0.07,2,26,0,0,1,2.142857142857143,0.0
3,470,3,True,0,2025-02-26,3,0.0,0.07,0.09,2,26,0,0,1,2.142857142857143,0.0
3,493,3,True,0,2025-02-26,5,0.0,0.11,0.12,2,26,0,0,1,2.2857142857142856,0.0
3,516,3,True,0,2025-02-26,18,0.0,0.02,0.02,2,26,0,0,1,2.7142857142857144,0.0
3,605,3,True,0,2025-02-26,5,0.0,0.05,0.07,2,26,0,0,1,5.142857142857143,0.0
3,612,3,True,0,2025-02-26,7,1.0,0.03,0.03,2,26,0,0,1,5.714285714285714,0.0
3,620,3,True,0,2025-02-26,5,0.0,0.02,0.03,2,26,0,0,1,6.285714285714286,0.0
3,650,3,True,0,2025-02-26,2,0.0,0.08,0.11,2,26,0,0,1,6.857142857142857,0.0
3,686,3,True,0,2025-02-26,1,0.0,0.03,0.04,2,26,0,0,1,6.428571428571429,0.0
3,703,3,True,0,2025-02-26,17,0.0,0.02,0.02,2,26,0,0,1,6.142857142857143,0.0
3,742,3,True,0,2025-02-26,5,0.0,0.04,0.05,2,26,0,0,1,7.857142857142857,0.0
3,855,3,True,0,2025-02-26,1,0.0,0.02,0.03,2,26,0,0,1,6.0,0.0
3,947,3,True,0,2025-02-26,42,0.0,0.01,0.01,2,26,0,0,1,5.428571428571429,0.0
3,1052,3,True,0,2025-02-26,6,0.0,0.02,0.03,2,26,0,0,1,10.428571428571429,0.0
3,1071,3,True,0,2025-02-26,2,0.0,0.02,0.05,2,26,0,0,1,10.571428571428571,0.0
3,1103,3,True,0,2025-02-26,4,0.0,0.1,0.13,2,26,0,0,1,10.571428571428571,0.0
3,1105,3,True,0,2025-02-26,7,0.0,0.05,0.07,2,26,0,0,1,11.0,0.0
3,1120,3,True,0,2025-02-26,5,0.0,0.06,0.08,2,26,0,0,1,9.571428571428571,0.0
3,1175,3,True,0,2025-02-26,5,0.0,0.01,0.03,2,26,0,0,1,9.571428571428571,0.0
3,1190,3,True,0,2025-02-26,6,0.0,0.04,0.05,2,26,0,0,1,10.142857142857142,0.0
3,1223,3,True,0,2025-02-26,2,0.0,0.03,0.05,2,26,0,0,1,5.0,0.0
3,1235,3,True,0,2025-02-26,1,0.0,0.06,0.08,2,26,0,0,1,4.428571428571429,0.0
3,1261,3,True,0,2025-02-26,2,0.0,0.07,0.09,2,26,0,0,1,4.285714285714286,0.0
3,1291,3,True,0,2025-02-26,7,0.0,0.04,0.06,2,26,0,0,1,4.0,0.0
3,1382,3,True,0,2025-02-26,2,0.0,0.05,0.07,2,26,0,0,1,4.0,0.0
3,1384,3,True,0,2025-02-26,3,0.0,0.08,0.1,2,26,0,0,1,3.5714285714285716,0.0
3,1390,3,True,0,2025-02-26,4,0.0,0.04,0.06,2,26,0,0,1,3.2857142857142856,0.0
3,1447,3,True,0,2025-02-26,3,1.0,0.08,0.12,2,26,0,0,1,3.0,0.0
3,1470,3,True,0,2025-02-26,6,0.0,0.06,0.08,2,26,0,0,1,3.142857142857143,0.0
3,1503,3,True,0,2025-02-26,1,1.0,0.17,0.24,2,26,0,0,1,3.857142857142857,0.0
3,1505,3,True,0,2025-02-26,9,0.0,0.01,0.02,2,26,0,0,1,3.7142857142857144,0.0
3,1531,3,True,0,2025-02-26,23,0.0,0.05,0.08,2,26,0,0,1,4.0,0.0
3,1576,3,True,0,2025-02-26,2,0.0,0.13,0.17,2,26,0,0,1,7.0,0.0
3,1610,3,True,0,2025-02-26,31,0.0,0.01,0.01,2,26,0,0,1,6.857142857142857,0.0
3,1642,3,True,0,2025-02-26,1,1.0,0.09,0.11,2,26,0,0,1,10.714285714285714,0.0
3,1771,3,True,0,2025-02-26,2,0.0,0.17,0.26,2,26,0,0,1,10.428571428571429,0.0
3,1822,3,True,0,2025-02-26,3,0.0,0.08,0.11,2,26,0,0,1,9.857142857142858,0.0
3,1849,3,True,0,2025-02-26,0,2.0,0.05,0.06,2,26,0,0,1,10.142857142857142,0.0
3,1902,3,True,0,2025-02-26,3,0.0,0.03,0.04,2,26,0,0,1,8.857142857142858,0.0
3,1940,3,True,0,2025-02-26,3,0.0,0.04,0.06,2,26,0,0,1,6.0,0.0
3,1949,3,True,0,2025-02-26,1,0.0,0.04,0.05,2,26,0,0,1,6.142857142857143,0.0
3,1969,3,True,0,2025-02-26,2,0.0,0.13,0.15,2,26,0,0,1,1.8571428571428572,0.0
3,1988,3,True,0,2025-02-26,1,0.0,0.12,0.16,2,26,0,0,1,2.0,0.0
3,1997,3,True,0,2025-02-26,10,0.0,0.01,0.02,2,26,0,0,1,1.8571428571428572,0.0
3,2039,3,True,0,2025-02-26,29,0.0,0.01,0.02,2,26,0,0,1,2.857142857142857,0.0
3,2040,3,True,0,2025-02-26,3,0.0,0.08,0.11,2,26,0,0,1,7.0,0.0
3,2048,3,True,0,2025-02-26,2,0.0,0.04,0.06,2,26,0,0,1,7.0,0.0
3,2062,3,True,0,2025-02-26,2,0.0,0.11,0.14,2,26,0,0,1,6.857142857142857,0.0
3,2110,3,True,0,2025-02-26,4,0.0,0.06,0.08,2,26,0,0,1,7.0,0.0
3,2127,3,True,0,2025-02-26,54,0.0,0.03,0.04,2,26,0,0,1,7.285714285714286,0.0
3,2151,3,True,0,2025-02-26,0,0.0,0.0,0.01,2,26,0,0,1,14.857142857142858,0.0
3,2185,3,True,0,2025-02-26,11,0.0,0.04,0.05,2,26,0,0,1,13.428571428571429,0.0
3,2236,3,True,0,2025-02-26,6,0.0,0.07,0.09,2,26,0,0,1,10.857142857142858,0.0
3,2331,3,True,0,2025-02-26,1,0.0,0.52,0.59,2,26,0,0,1,11.285714285714286,0.0
3,2432,3,True,0,2025-02-26,2,0.0,0.03,0.04,2,26,0,0,1,11.142857142857142,0.0
3,2491,3,True,0,2025-02-26,2,0.0,0.03,0.05,2,26,0,0,1,11.142857142857142,0.0
3,2551,3,True,0,2025-02-26,11,0.0,0.02,0.02,2,26,0,0,1,10.857142857142858,0.0
3,2558,3,True,0,2025-02-26,3,0.0,0.08,0.11,2,26,0,0,1,4.714285714285714,0.0
3,2585,3,True,0,2025-02-26,2,0.0,0.03,0.03,2,26,0,0,1,5.142857142857143,0.0
3,2595,3,True,0,2025-02-26,31,0.0,0.0,0.01,2,26,0,0,1,3.857142857142857,0.0
3,2700,3,True,0,2025-02-26,26,1.0,0.01,0.01,2,26,0,0,1,7.428571428571429,0.0
3,2805,3,True,0,2025-02-26,1,0.0,0.08,0.11,2,26,0,0,1,11.0,0.0
3,2816,3,True,0,2025-02-26,3,0.0,0.06,0.08,2,26,0,0,1,10.857142857142858,0.0
3,2840,3,True,0,2025-02-26,5,0.0,0.17,0.21,2,26,0,0,1,11.0,0.0
3,2852,3,True,0,2025-02-26,1,0.0,0.07,0.1,2,26,0,0,1,10.142857142857142,0.0
3,2884,3,True,0,2025-02-26,1,0.0,0.23,0.28,2,26,0,0,1,9.857142857142858,0.0
3,2889,3,True,0,2025-02-26,7,1.0,0.03,0.04,2,26,0,0,1,9.714285714285714,0.0
3,3190,3,True,0,2025-02-26,24,1.0,0.02,0.02,2,26,0,0,1,6.285714285714286,0.0
3,3239,3,True,0,2025-02-26,4,0.0,0.06,0.07,2,26,0,0,1,6.0,0.0
3,3279,3,True,0,2025-02-26,1,1.0,0.02,0.03,2,26,0,0,1,6.428571428571429,0.0
3,3283,3,True,0,2025-02-26,2,0.0,0.1,0.13,2,26,0,0,1,6.142857142857143,0.0
3,3339,3,True,0,2025-02-26,39,0.0,0.01,0.01,2,26,0,0,1,5.714285714285714,0.0
3,3349,3,True,0,2025-02-26,1,0.0,0.27,0.34,2,26,0,0,1,11.142857142857142,0.0
3,3360,3,True,0,2025-02-26,1,0.0,0.02,0.04,2,26,0,0,1,11.142857142857142,0.0
3,3556,3,True,0,2025-02-26,1,0.0,0.26,0.35,2,26,0,0,1,10.285714285714286,0.0
3,3693,3,True,0,2025-02-26,22,0.0,0.01,0.01,2,26,0,0,1,7.0,0.0
3,3768,3,True,0,2025-02-26,1,0.0,0.02,0.02,2,26,0,0,1,9.571428571428571,0.0
3,3786,3,True,0,2025-02-26,0,0.0,0.05,0.15,2,26,0,0,1,9.571428571428571,0.0
3,3862,3,True,0,2025-02-26,3,0.0,0.07,0.09,2,26,0,0,1,9.285714285714286,0.0
3,3931,3,True,0,2025-02-26,11,0.0,0.01,0.02,2,26,0,0,1,4.142857142857143,0.0
3,3985,3,True,0,2025-02-26,4,0.0,0.12,0.15,2,26,0,0,1,5.571428571428571,0.0
3,4059,3,True,0,2025-02-26,1,0.0,0.33,0.42,2,26,0,0,1,6.0,0.0
3,4101,3,True,0,2025-02-26,5,0.0,0.13,0.15,2,26,0,0,1,6.0,0.0
3,4144,3,True,0,2025-02-26,26,0.0,0.02,0.03,2,26,0,0,1,3.5714285714285716,0.0
3,4176,3,True,0,2025-02-26,4,1.0,0.03,0.05,2,26,0,0,1,7.142857142857143,0.0
3,4204,3,True,0,2025-02-26,1,0.0,0.14,0.17,2,26,0,0,1,7.714285714285714,0.0
3,4205,3,True,0,2025-02-26,30,0.0,0.02,0.02,2,26,0,0,1,7.428571428571429,0.0
3,4215,3,True,0,2025-02-26,2,0.0,0.03,0.07,2,26,0,0,1,10.142857142857142,0.0
3,4252,3,True,0,2025-02-26,8,1.0,0.02,0.03,2,26,0,0,1,9.857142857142858,0.0
3,4321,3,True,0,2025-02-26,1,0.0,0.1,0.12,2,26,0,0,1,10.857142857142858,0.0
3,4333,3,True,0,2025-02-26,1,0.0,0.21,0.26,2,26,0,0,1,10.285714285714286,0.0
3,4426,3,True,0,2025-02-26,7,0.0,0.03,0.05,2,26,0,0,1,6.714285714285714,0.0
3,4433,3,True,0,2025-02-26,0,1.0,0.05,0.07,2,26,0,0,1,7.142857142857143,0.0
3,4439,3,True,0,2025-02-26,17,3.0,0.02,0.02,2,26,0,0,1,7.0,0.0
3,4447,3,True,0,2025-02-26,3,1.0,0.02,0.03,2,26,0,0,1,5.142857142857143,0.0
3,4461,3,True,0,2025-02-26,10,0.0,0.03,0.03,2,26,0,0,1,5.285714285714286,0.0
3,4470,3,True,0,2025-02-26,1,0.0,0.07,0.09,2,26,0,0,1,5.571428571428571,0.0
3,4488,3,True,0,2025-02-26,15,0.0,0.01,0.03,2,26,0,0,1,5.571428571428571,0.0
3,4504,3,True,0,2025-02-26,3,0.0,0.03,0.04,2,26,0,0,1,7.571428571428571,0.0
3,4523,3,True,0,2025-02-26,5,1.0,0.06,0.09,2,26,0,0,1,7.0,0.0
3,4596,3,True,0,2025-02-26,7,0.0,0.07,0.08,2,26,0,0,1,7.714285714285714,0.0
3,4633,3,True,0,2025-02-26,4,0.0,0.04,0.06,2,26,0,0,1,6.285714285714286,0.0
3,4713,3,True,0,2025-02-26,4,0.0,0.04,0.05,2,26,0,0,1,6.428571428571429,0.0
3,4722,3,True,0,2025-02-26,3,1.0,0.04,0.06,2,26,0,0,1,5.571428571428571,0.0
3,4766,3,True,0,2025-02-26,15,0.0,0.03,0.04,2,26,0,0,1,5.857142857142857,0.0
3,4786,3,True,0,2025-02-26,5,0.0,0.03,0.04,2,26,0,0,1,5.857142857142857,0.0
3,4800,3,True,0,2025-02-26,6,0.0,0.08,0.11,2,26,0,0,1,6.142857142857143,0.0
3,4809,3,True,0,2025-02-26,3,0.0,0.1,0.17,2,26,0,0,1,6.285714285714286,0.0
3,4810,3,True,0,2025-02-26,4,0.0,0.03,0.04,2,26,0,0,1,5.714285714285714,0.0
3,4818,3,True,0,2025-02-26,7,0.0,0.04,0.07,2,26,0,0,1,5.714285714285714,0.0
3,4826,3,True,0,2025-02-26,1,0.0,0.12,0.16,2,26,0,0,1,6.142857142857143,0.0
3,4847,3,True,0,2025-02-26,3,0.0,0.1,0.13,2,26,0,0,1,5.857142857142857,0.0
3,4889,3,True,0,2025-02-26,2,0.0,0.03,0.04,2,26,0,0,1,4.142857142857143,0.0
3,4952,3,True,0,2025-02-26,2,0.0,0.24,0.27,2,26,0,0,1,3.7142857142857144,0.0
3,4960,3,True,0,2025-02-26,3,0.0,0.02,0.03,2,26,0,0,1,3.142857142857143,0.0
3,5029,3,True,0,2025-02-26,4,0.0,0.06,0.08,2,26,0,0,1,3.142857142857143,0.0
3,5057,3,True,0,2025-02-26,1,0.0,0.06,0.09,2,26,0,0,1,3.142857142857143,0.0
3,5060,3,True,0,2025-02-26,4,2.0,0.06,0.07,2,26,0,0,1,2.2857142857142856,0.0
3,5082,3,True,0,2025-02-26,2,0.0,0.04,0.06,2,26,0,0,1,2.7142857142857144,0.0
3,5090,3,True,0,2025-02-26,2,0.0,0.05,0.06,2,26,0,0,1,2.5714285714285716,0.0
3,5153,3,True,0,2025-02-26,1,0.0,0.09,0.11,2,26,0,0,1,2.5714285714285716,0.0
3,5167,3,True,0,2025-02-26,8,0.0,0.05,0.06,2,26,0,0,1,2.4285714285714284,0.0
3,5176,3,True,0,2025-02-26,2,0.0,0.24,0.31,2,26,0,0,1,3.142857142857143,0.0
3,5183,3,True,0,2025-02-26,2,0.0,0.03,0.04,2,26,0,0,1,2.857142857142857,0.0
3,5259,3,True,0,2025-02-26,3,0.0,0.06,0.08,2,26,0,0,1,3.0,0.0
3,4,4,False,0,2025-02-26,4,0.0,0.12,0.16,2,26,0,0,1,2.857142857142857,0.0
3,19,4,False,0,2025-02-26,0,0.0,0.01,0.02,2,26,0,0,1,3.142857142857143,0.0
3,31,4,False,0,2025-02-26,2,0.0,0.02,0.03,2,26,0,0,1,2.857142857142857,0.0
3,34,4,False,0,2025-02-26,3,0.0,0.01,0.01,2,26,0,0,1,3.0,0.0
3,47,4,False,0,2025-02-26,5,0.0,0.01,0.02,2,26,0,0,1,2.2857142857142856,0.0
3,61,4,False,0,2025-02-26,4,0.0,0.01,0.02,2,26,0,0,1,2.7142857142857144,0.0
3,70,4,False,0,2025-02-26,3,0.0,0.03,0.06,2,26,0,0,1,3.0,0.0
3,91,4,False,0,2025-02-26,4,0.0,0.03,0.03,2,26,0,0,1,3.0,0.0
3,107,4,False,0,2025-02-26,3,0.0,0.03,0.04,2,26,0,0,1,3.0,0.0
3,122,4,False,0,2025-02-26,1,0.0,0.03,0.04,2,26,0,0,1,3.4285714285714284,0.0
3,155,4,False,0,2025-02-26,3,0.0,0.04,0.06,2,26,0,0,1,3.2857142857142856,0.0
3,200,4,False,0,2025-02-26,2,0.0,0.04,0.05,2,26,0,0,1,3.2857142857142856,0.0
3,248,4,False,0,2025-02-26,3,0.0,0.05,0.07,2,26,0,0,1,2.857142857142857,0.0
3,249,4,False,0,2025-02-26,2,0.0,0.13,0.17,2,26,0,0,1,2.7142857142857144,0.0
3,283,4,False,0,2025-02-26,3,0.0,0.03,0.05,2,26,0,0,1,2.5714285714285716,0.0
3,355,4,False,0,2025-02-26,2,0.0,0.02,0.03,2,26,0,0,1,2.4285714285714284,0.0
3,363,4,False,0,2025-02-26,2,1.0,0.01,0.01,2,26,0,0,1,2.2857142857142856,0.0
3,371,4,False,0,2025-02-26,3,0.0,0.01,0.01,2,26,0,0,1,2.4285714285714284,0.0
3,393,4,False,0,2025-02-26,4,0.0,0.02,0.03,2,26,0,0,1,2.4285714285714284,0.0
3,442,4,False,0,2025-02-26,2,0.0,0.05,0.08,2,26,0,0,1,2.7142857142857144,0.0
3,495,4,False,0,2025-02-26,3,0.0,0.02,0.03,2,26,0,0,1,2.5714285714285716,0.0
3,523,4,False,0,2025-02-26,3,0.0,0.03,0.05,2,26,0,0,1,2.7142857142857144,0.0
3,538,4,False,0,2025-02-26,2,0.0,0.02,0.04,2,26,0,0,1,2.7142857142857144,0.0
3,542,4,False,0,2025-02-26,2,0.0,0.04,0.05,2,26,0,0,1,2.7142857142857144,0.0
3,544,4,False,0,2025-02-26,4,0.0,0.02,0.04,2,26,0,0,1,2.7142857142857144,0.0
3,564,4,False,0,2025-02-26,3,0.0,0.02,0.03,2,26,0,0,1,2.857142857142857,0.0
3,610,4,False,0,2025-02-26,4,0.0,0.04,0.06,2,26,0,0,1,2.7142857142857144,0.0
3,619,4,False,0,2025-02-26,2,0.0,0.04,0.05,2,26,0,0,1,3.0,0.0
3,636,4,False,0,2025-02-26,2,0.0,0.02,0.03,2,26,0,0,1,2.857142857142857,0.0
3,645,4,False,0,2025-02-26,3,0.0,0.01,0.02,2,26,0,0,1,2.7142857142857144,0.0
3,653,4,False,0,2025-02-26,2,0.0,0.02,0.03,2,26,0,0,1,2.857142857142857,0.0
3,668,4,False,0,2025-02-26,1,1.0,0.03,0.04,2,26,0,0,1,2.857142857142857,0.0
3,701,4,False,0,2025-02-26,4,0.0,0.02,0.04,2,26,0,0,1,2.4285714285714284,0.0
3,717,4,False,0,2025-02-26,2,0.0,0.05,0.07,2,26,0,0,1,2.5714285714285716,0.0
3,768,4,False,0,2025-02-26,1,0.0,0.03,0.04,2,26,0,0,1,2.2857142857142856,0.0
3,769,4,False,0,2025-02-26,5,0.0,0.01,0.01,2,26,0,0,1,2.142857142857143,0.0
3,780,4,False,0,2025-02-26,8,0.0,0.03,0.04,2,26,0,0,1,2.5714285714285716,0.0
3,794,4,False,0,2025-02-26,0,0.0,0.03,0.05,2,26,0,0,1,3.2857142857142856,0.0
3,854,4,False,0,2025-02-26,1,0.0,0.05,0.06,2,26,0,0,1,3.0,0.0
3,858,4,False,0,2025-02-26,2,0.0,0.04,0.06,2,26,0,0,1,3.0,0.0
3,864,4,False,0,2025-02-26,4,0.0,0.02,0.03,2,26,0,0,1,2.7142857142857144,0.0
3,875,4,False,0,2025-02-26,3,0.0,0.02,0.03,2,26,0,0,1,3.0,0.0
3,891,4,False,0,2025-02-26,4,0.0,0.03,0.04,2,26,0,0,1,3.2857142857142856,0.0
3,961,4,False,0,2025-02-26,2,0.0,0.05,0.06,2,26,0,0,1,3.142857142857143,0.0
3,979,4,False,0,2025-02-26,4,0.0,0.06,0.07,2,26,0,0,1,2.2857142857142856,0.0
3,1017,4,False,0,2025-02-26,3,0.0,0.03,0.04,2,26,0,0,1,2.857142857142857,0.0
3,1047,4,False,0,2025-02-26,4,0.0,0.09,0.14,2,26,0,0,1,3.142857142857143,0.0
3,1057,4,False,0,2025-02-26,3,0.0,0.04,0.06,2,26,0,0,1,3.4285714285714284,0.0
3,1095,4,False,0,2025-02-26,3,0.0,0.03,0.05,2,26,0,0,1,3.2857142857142856,0.0
3,1107,4,False,0,2025-02-26,2,0.0,0.02,0.03,2,26,0,0,1,3.2857142857142856,0.0
3,1161,4,False,0,2025-02-26,2,0.0,0.02,0.03,2,26,0,0,1,3.0,0.0
3,1177,4,False,0,2025-02-26,4,0.0,0.1,0.15,2,26,0,0,1,3.0,0.0
3,1189,4,False,0,2025-02-26,2,0.0,0.02,0.04,2,26,0,0,1,3.0,0.0
3,1193,4,False,0,2025-02-26,2,0.0,0.02,0.03,2,26,0,0,1,2.857142857142857,0.0
3,1202,4,False,0,2025-02-26,2,0.0,0.02,0.04,2,26,0,0,1,2.5714285714285716,0.0
3,1215,4,False,0,2025-02-26,2,0.0,0.01,0.02,2,26,0,0,1,2.4285714285714284,0.0
3,1224,4,False,0,2025-02-26,5,0.0,0.04,0.04,2,26,0,0,1,2.2857142857142856,0.0
3,1267,4,False,0,2025-02-26,1,0.0,0.07,0.09,2,26,0,0,1,2.7142857142857144,0.0
3,1293,4,False,0,2025-02-26,6,0.0,0.03,0.04,2,26,0,0,1,2.5714285714285716,0.0
3,1303,4,False,0,2025-02-26,4,0.0,0.06,0.08,2,26,0,0,1,2.857142857142857,0.0
3,1338,4,False,0,2025-02-26,2,0.0,0.06,0.09,2,26,0,0,1,3.142857142857143,0.0
3,1344,4,False,0,2025-02-26,3,0.0,0.06,0.09,2,26,0,0,1,3.142857142857143,0.0
3,1350,4,False,0,2025-02-26,0,0.0,0.03,0.06,2,26,0,0,1,3.2857142857142856,0.0
3,1367,4,False,0,2025-02-26,2,1.0,0.02,0.03,2,26,0,0,1,3.0,0.0
3,1404,4,False,0,2025-02-26,3,1.0,0.02,0.03,2,26,0,0,1,2.5714285714285716,0.0
3,1421,4,False,0,2025-02-26,3,0.0,0.02,0.03,2,26,0,0,1,2.857142857142857,0.0
3,1448,4,False,0,2025-02-26,2,0.0,0.06,0.07,2,26,0,0,1,2.4285714285714284,0.0
3,1466,4,False,0,2025-02-26,0,0.0,0.02,0.04,2,26,0,0,1,2.142857142857143,0.0
3,1479,4,False,0,2025-02-26,2,0.0,0.05,0.06,2,26,0,0,1,1.8571428571428572,0.0
3,1483,4,False,0,2025-02-26,4,0.0,0.02,0.03,2,26,0,0,1,1.7142857142857142,0.0
3,1498,4,False,0,2025-02-26,5,1.0,0.12,0.17,2,26,0,0,1,2.2857142857142856,0.0
3,1517,4,False,0,2025-02-26,2,0.0,0.02,0.02,2,26,0,0,1,2.7142857142857144,0.0
3,1533,4,False,0,2025-02-26,3,0.0,0.05,0.07,2,26,0,0,1,2.5714285714285716,0.0
3,1606,4,False,0,2025-02-26,1,0.0,0.04,0.05,2,26,0,0,1,2.5714285714285716,0.0
3,1622,4,False,0,2025-02-26,3,0.0,0.07,0.09,2,26,0,0,1,2.4285714285714284,0.0
3,1624,4,False,0,2025-02-26,3,0.0,0.04,0.03,2,26,0,0,1,2.857142857142857,0.0
3,1625,4,False,0,2025-02-26,2,0.0,0.03,0.04,2,26,0,0,1,3.0,0.0
3,1634,4,False,0,2025-02-26,3,0.0,0.05,0.07,2,26,0,0,1,2.7142857142857144,0.0
3,1648,4,False,0,2025-02-26,4,0.0,0.03,0.04,2,26,0,0,1,2.4285714285714284,0.0
3,1654,4,False,0,2025-02-26,4,0.0,0.01,0.02,2,26,0,0,1,2.7142857142857144,0.0
3,1672,4,False,0,2025-02-26,3,0.0,0.02,0.02,2,26,0,0,1,2.857142857142857,0.0
3,1693,4,False,0,2025-02-26,4,0.0,0.02,0.04,2,26,0,0,1,3.142857142857143,0.0
3,1805,4,False,0,2025-02-26,3,0.0,0.04,0.06,2,26,0,0,1,3.2857142857142856,0.0
3,1806,4,False,0,2025-02-26,3,0.0,0.08,0.12,2,26,0,0,1,3.2857142857142856,0.0
3,1824,4,False,0,2025-02-26,3,0.0,0.01,0.01,2,26,0,0,1,3.4285714285714284,0.0
3,1836,4,False,0,2025-02-26,4,0.0,0.04,0.04,2,26,0,0,1,3.4285714285714284,0.0
3,1838,4,False,0,2025-02-26,2,0.0,0.01,0.01,2,26,0,0,1,3.4285714285714284,0.0
3,1842,4,False,0,2025-02-26,3,0.0,0.01,0.01,2,26,0,0,1,3.142857142857143,0.0
3,1856,4,False,0,2025-02-26,2,0.0,0.02,0.04,2,26,0,0,1,3.142857142857143,0.0
3,1861,4,False,0,2025-02-26,1,0.0,0.02,0.03,2,26,0,0,1,2.857142857142857,0.0
3,1869,4,False,0,2025-02-26,2,0.0,0.01,0.01,2,26,0,0,1,2.5714285714285716,0.0
3,1870,4,False,0,2025-02-26,2,0.0,0.04,0.06,2,26,0,0,1,2.4285714285714284,0.0
3,1894,4,False,0,2025-02-26,2,0.0,0.03,0.04,2,26,0,0,1,2.2857142857142856,0.0
3,1928,4,False,0,2025-02-26,2,0.0,0.01,0.01,2,26,0,0,1,2.0,0.0
3,1942,4,False,0,2025-02-26,4,0.0,0.01,0.02,2,26,0,0,1,2.0,0.0
3,1958,4,False,0,2025-02-26,2,0.0,0.04,0.06,2,26,0,0,1,2.142857142857143,0.0
3,1959,4,False,0,2025-02-26,2,0.0,0.05,0.08,2,26,0,0,1,2.142857142857143,0.0
3,1968,4,False,0,2025-02-26,5,0.0,0.03,0.05,2,26,0,0,1,2.2857142857142856,0.0
3,1996,4,False,0,2025-02-26,4,0.0,0.01,0.02,2,26,0,0,1,2.7142857142857144,0.0
3,1999,4,False,0,2025-02-26,0,0.0,0.01,0.01,2,26,0,0,1,3.0,0.0
3,2022,4,False,0,2025-02-26,3,0.0,0.03,0.04,2,26,0,0,1,2.7142857142857144,0.0
3,2024,4,False,0,2025-02-26,2,0.0,0.02,0.04,2,26,0,0,1,2.857142857142857,0.0
3,2064,4,False,0,2025-02-26,2,0.0,0.02,0.02,2,26,0,0,1,2.5714285714285716,0.0
3,2092,4,False,0,2025-02-26,3,0.0,0.04,0.06,2,26,0,0,1,2.5714285714285716,0.0
3,2097,4,False,0,2025-02-26,1,0.0,0.03,0.04,2,26,0,0,1,2.7142857142857144,0.0
3,2103,4,False,0,2025-02-26,1,0.0,0.01,0.02,2,26,0,0,1,2.142857142857143,0.0
3,2137,4,False,0,2025-02-26,2,0.0,0.04,0.06,2,26,0,0,1,1.7142857142857142,0.0
3,2150,4,False,0,2025-02-26,2,0.0,0.01,0.02,2,26,0,0,1,2.0,0.0
3,2180,4,False,0,2025-02-26,3,0.0,0.05,0.08,2,26,0,0,1,1.8571428571428572,0.0
3,2239,4,False,0,2025-02-26,2,0.0,0.03,0.04,2,26,0,0,1,2.0,0.0
3,2252,4,False,0,2025-02-26,1,0.0,0.02,0.03,2,26,0,0,1,2.0,0.0
3,2297,4,False,0,2025-02-26,3,0.0,0.14,0.15,2,26,0,0,1,1.7142857142857142,0.0
3,2312,4,False,0,2025-02-26,2,0.0,0.05,0.08,2,26,0,0,1,2.0,0.0
3,2320,4,False,0,2025-02-26,2,0.0,0.03,0.04,2,26,0,0,1,2.142857142857143,0.0
3,2355,4,False,0,2025-02-26,2,0.0,0.05,0.09,2,26,0,0,1,2.142857142857143,0.0
3,2369,4,False,0,2025-02-26,4,0.0,0.03,0.05,2,26,0,0,1,2.142857142857143,0.0
3,2423,4,False,0,2025-02-26,4,0.0,0.02,0.03,2,26,0,0,1,2.2857142857142856,0.0
3,2456,4,False,0,2025-02-26,2,0.0,0.02,0.03,2,26,0,0,1,2.5714285714285716,0.0
3,2495,4,False,0,2025-02-26,2,0.0,0.05,0.08,2,26,0,0,1,2.7142857142857144,0.0
3,2517,4,False,0,2025-02-26,1,0.0,0.05,0.07,2,26,0,0,1,2.5714285714285716,0.0
3,2550,4,False,0,2025-02-26,3,0.0,0.03,0.05,2,26,0,0,1,2.4285714285714284,0.0
3,2569,4,False,0,2025-02-26,1,0.0,0.01,0.02,2,26,0,0,1,2.5714285714285716,0.0
3,2586,4,False,0,2025-02-26,2,0.0,0.04,0.06,2,26,0,0,1,2.4285714285714284,0.0
3,2644,4,False,0,2025-02-26,2,0.0,0.05,0.08,2,26,0,0,1,2.142857142857143,0.0
3,2711,4,False,0,2025-02-26,2,0.0,0.04,0.06,2,26,0,0,1,1.8571428571428572,0.0
3,2750,4,False,0,2025-02-26,3,0.0,0.01,0.01,2,26,0,0,1,1.8571428571428572,0.0
3,2773,4,False,0,2025-02-26,4,0.0,0.02,0.04,2,26,0,0,1,2.0,0.0
3,2800,4,False,0,2025-02-26,2,0.0,0.02,0.04,2,26,0,0,1,2.4285714285714284,0.0
3,2908,4,False,0,2025-02-26,6,0.0,0.03,0.04,2,26,0,0,1,2.2857142857142856,0.0
3,2943,4,False,0,2025-02-26,6,0.0,0.02,0.02,2,26,0,0,1,3.0,0.0
3,2955,4,False,0,2025-02-26,1,0.0,0.01,0.02,2,26,0,0,1,3.5714285714285716,0.0
3,2973,4,False,0,2025-02-26,4,0.0,0.04,0.05,2,26,0,0,1,3.4285714285714284,0.0
3,2988,4,False,0,2025-02-26,2,0.0,0.02,0.03,2,26,0,0,1,3.7142857142857144,0.0
3,2995,4,False,0,2025-02-26,8,0.0,0.05,0.07,2,26,0,0,1,3.5714285714285716,0.0
3,3003,4,False,0,2025-02-26,3,0.0,0.02,0.04,2,26,0,0,1,4.142857142857143,0.0
3,3029,4,False,0,2025-02-26,3,0.0,0.09,0.12,2,26,0,0,1,4.285714285714286,0.0
3,3127,4,False,0,2025-02-26,3,1.0,0.12,0.16,2,26,0,0,1,3.857142857142857,0.0
3,3130,4,False,0,2025-02-26,5,0.0,0.14,0.22,2,26,0,0,1,3.4285714285714284,0.0
3,3166,4,False,0,2025-02-26,3,0.0,0.01,0.01,2,26,0,0,1,4.0,0.0
3,3169,4,False,0,2025-02-26,3,0.0,0.02,0.03,2,26,0,0,1,3.857142857142857,0.0
3,3174,4,False,0,2025-02-26,4,0.0,0.01,0.01,2,26,0,0,1,4.0,0.0
3,3222,4,False,0,2025-02-26,2,0.0,0.02,0.04,2,26,0,0,1,3.4285714285714284,0.0
3,3281,4,False,0,2025-02-26,1,0.0,0.06,0.08,2,26,0,0,1,3.2857142857142856,0.0
3,3344,4,False,0,2025-02-26,3,0.0,0.04,0.05,2,26,0,0,1,3.0,0.0
3,3374,4,False,0,2025-02-26,2,0.0,0.06,0.09,2,26,0,0,1,3.0,0.0
3,3376,4,False,0,2025-02-26,2,0.0,0.03,0.05,2,26,0,0,1,2.5714285714285716,0.0
3,3400,4,False,0,2025-02-26,5,0.0,0.01,0.01,2,26,0,0,1,2.4285714285714284,0.0
3,3425,4,False,0,2025-02-26,0,0.0,0.01,0.02,2,26,0,0,1,2.7142857142857144,0.0
3,3428,4,False,0,2025-02-26,2,0.0,0.04,0.06,2,26,0,0,1,2.142857142857143,0.0
3,3442,4,False,0,2025-02-26,7,1.0,0.07,0.1,2,26,0,0,1,2.142857142857143,0.0
3,3459,4,False,0,2025-02-26,3,0.0,0.04,0.06,2,26,0,0,1,3.0,0.0
3,3460,4,False,0,2025-02-26,1,1.0,0.02,0.03,2,26,0,0,1,3.0,0.0
3,3462,4,False,0,2025-02-26,7,0.0,0.03,0.05,2,26,0,0,1,2.857142857142857,0.0
3,3471,4,False,0,2025-02-26,3,0.0,0.03,0.04,2,26,0,0,1,3.5714285714285716,0.0
3,3497,4,False,0,2025-02-26,2,0.0,0.04,0.06,2,26,0,0,1,3.2857142857142856,0.0
3,3511,4,False,0,2025-02-26,4,0.0,0.04,0.07,2,26,0,0,1,3.5714285714285716,0.0
3,3603,4,False,0,2025-02-26,2,0.0,0.04,0.06,2,26,0,0,1,3.857142857142857,0.0
3,3618,4,False,0,2025-02-26,5,0.0,0.12,0.17,2,26,0,0,1,3.142857142857143,0.0
3,3669,4,False,0,2025-02-26,3,0.0,0.01,0.01,2,26,0,0,1,3.4285714285714284,0.0
3,3670,4,False,0,2025-02-26,4,0.0,0.03,0.05,2,26,0,0,1,3.7142857142857144,0.0
3,3671,4,False,0,2025-02-26,1,0.0,0.04,0.07,2,26,0,0,1,3.2857142857142856,0.0
3,3678,4,False,0,2025-02-26,2,0.0,0.03,0.05,2,26,0,0,1,3.0,0.0
3,3685,4,False,0,2025-02-26,0,0.0,0.03,0.05,2,26,0,0,1,3.0,0.0
3,3720,4,False,0,2025-02-26,1,0.0,0.05,0.08,2,26,0,0,1,2.4285714285714284,0.0
3,3738,4,False,0,2025-02-26,3,0.0,0.01,0.01,2,26,0,0,1,2.2857142857142856,0.0
3,3744,4,False,0,2025-02-26,4,0.0,0.04,0.05,2,26,0,0,1,2.0,0.0
3,3797,4,False,0,2025-02-26,9,0.0,0.03,0.04,2,26,0,0,1,2.142857142857143,0.0
3,3799,4,False,0,2025-02-26,2,0.0,0.03,0.05,2,26,0,0,1,2.857142857142857,0.0
3,3820,4,False,0,2025-02-26,2,0.0,0.02,0.04,2,26,0,0,1,3.0,0.0
3,3821,4,False,0,2025-02-26,2,0.0,0.04,0.06,2,26,0,0,1,3.0,0.0
3,3826,4,False,0,2025-02-26,2,1.0,0.03,0.04,2,26,0,0,1,3.2857142857142856,0.0
3,3831,4,False,0,2025-02-26,3,0.0,0.01,0.02,2,26,0,0,1,3.4285714285714284,0.0
3,3858,4,False,0,2025-02-26,2,0.0,0.06,0.08,2,26,0,0,1,3.4285714285714284,0.0
3,3894,4,False,0,2025-02-26,4,0.0,0.02,0.03,2,26,0,0,1,3.142857142857143,0.0
3,3898,4,False,0,2025-02-26,2,0.0,0.06,0.1,2,26,0,0,1,2.4285714285714284,0.0
3,3913,4,False,0,2025-02-26,4,0.0,0.03,0.05,2,26,0,0,1,2.4285714285714284,0.0
3,3917,4,False,0,2025-02-26,4,0.0,0.01,0.01,2,26,0,0,1,2.7142857142857144,0.0
3,3925,4,False,0,2025-02-26,0,0.0,0.03,0.04,2,26,0,0,1,3.0,0.0
3,3940,4,False,0,2025-02-26,2,0.0,0.05,0.06,2,26,0,0,1,2.7142857142857144,0.0
3,3954,4,False,0,2025-02-26,0,0.0,0.02,0.03,2,26,0,0,1,2.5714285714285716,0.0
3,3966,4,False,0,2025-02-26,1,0.0,0.02,0.04,2,26,0,0,1,2.2857142857142856,0.0
3,3969,4,False,0,2025-02-26,2,0.0,0.01,0.03,2,26,0,0,1,1.8571428571428572,0.0
3,3977,4,False,0,2025-02-26,4,0.0,0.06,0.08,2,26,0,0,1,1.8571428571428572,0.0
3,4001,4,False,0,2025-02-26,2,0.0,0.04,0.05,2,26,0,0,1,1.8571428571428572,0.0
3,4034,4,False,0,2025-02-26,3,0.0,0.08,0.11,2,26,0,0,1,1.5714285714285714,0.0
3,4054,4,False,0,2025-02-26,2,0.0,0.02,0.04,2,26,0,0,1,2.0,0.0
3,4061,4,False,0,2025-02-26,2,0.0,0.05,0.07,2,26,0,0,1,2.0,0.0
3,4086,4,False,0,2025-02-26,4,0.0,0.02,0.02,2,26,0,0,1,2.2857142857142856,0.0
3,4096,4,False,0,2025-02-26,2,0.0,0.05,0.07,2,26,0,0,1,2.7142857142857144,0.0
3,4142,4,False,0,2025-02-26,4,0.0,0.02,0.03,2,26,0,0,1,2.7142857142857144,0.0
3,4156,4,False,0,2025-02-26,4,0.0,0.03,0.05,2,26,0,0,1,2.7142857142857144,0.0
3,4229,4,False,0,2025-02-26,2,0.0,0.02,0.04,2,26,0,0,1,3.0,0.0
3,4244,4,False,0,2025-02-26,2,0.0,0.02,0.04,2,26,0,0,1,2.857142857142857,0.0
3,4264,4,False,0,2025-02-26,2,0.0,0.05,0.07,2,26,0,0,1,2.857142857142857,0.0
3,4331,4,False,0,2025-02-26,5,0.0,0.01,0.02,2,26,0,0,1,2.857142857142857,0.0
3,4365,4,False,0,2025-02-26,2,0.0,0.04,0.06,2,26,0,0,1,3.0,0.0
3,4366,4,False,0,2025-02-26,3,0.0,0.05,0.06,2,26,0,0,1,3.0,0.0
3,4420,4,False,0,2025-02-26,3,0.0,0.02,0.02,2,26,0,0,1,2.857142857142857,0.0
3,4436,4,False,0,2025-02-26,2,0.0,0.02,0.03,2,26,0,0,1,2.7142857142857144,0.0
3,4444,4,False,0,2025-02-26,2,0.0,0.07,0.1,2,26,0,0,1,2.7142857142857144,0.0
3,4450,4,False,0,2025-02-26,4,0.0,0.02,0.03,2,26,0,0,1,2.7142857142857144,0.0
3,4458,4,False,0,2025-02-26,10,0.0,0.03,0.05,2,26,0,0,1,3.0,0.0
3,4465,4,False,0,2025-02-26,4,0.0,0.02,0.04,2,26,0,0,1,3.7142857142857144,0.0
3,4472,4,False,0,2025-02-26,5,0.0,0.01,0.01,2,26,0,0,1,4.0,0.0
3,4507,4,False,0,2025-02-26,3,0.0,0.03,0.04,2,26,0,0,1,4.285714285714286,0.0
3,4525,4,False,0,2025-02-26,3,0.0,0.01,0.03,2,26,0,0,1,4.285714285714286,0.0
3,4536,4,False,0,2025-02-26,3,0.0,0.01,0.01,2,26,0,0,1,4.428571428571429,0.0
3,4564,4,False,0,2025-02-26,3,0.0,0.02,0.04,2,26,0,0,1,4.571428571428571,0.0
3,4568,4,False,0,2025-02-26,5,0.0,0.01,0.01,2,26,0,0,1,4.428571428571429,0.0
3,4604,4,False,0,2025-02-26,2,1.0,0.02,0.03,2,26,0,0,1,3.7142857142857144,0.0
3,4610,4,False,0,2025-02-26,2,0.0,0.06,0.09,2,26,0,0,1,3.4285714285714284,0.0
3,4620,4,False,0,2025-02-26,1,0.0,0.02,0.04,2,26,0,0,1,3.0,0.0
3,4648,4,False,0,2025-02-26,2,0.0,0.05,0.07,2,26,0,0,1,2.7142857142857144,0.0
3,4700,4,False,0,2025-02-26,2,0.0,0.02,0.03,2,26,0,0,1,2.5714285714285716,0.0
3,4741,4,False,0,2025-02-26,6,0.0,0.02,0.05,2,26,0,0,1,2.4285714285714284,0.0
3,4759,4,False,0,2025-02-26,4,0.0,0.04,0.04,2,26,0,0,1,2.857142857142857,0.0
3,4770,4,False,0,2025-02-26,2,0.0,0.03,0.03,2,26,0,0,1,2.7142857142857144,0.0
3,4774,4,False,0,2025-02-26,3,0.0,0.03,0.04,2,26,0,0,1,2.7142857142857144,0.0
3,4903,4,False,0,2025-02-26,4,0.0,0.01,0.01,2,26,0,0,1,2.857142857142857,0.0
3,4915,4,False,0,2025-02-26,5,0.0,0.01,0.02,2,26,0,0,1,3.2857142857142856,0.0
3,4929,4,False,0,2025-02-26,2,0.0,0.03,0.04,2,26,0,0,1,3.7142857142857144,0.0
3,4961,4,False,0,2025-02-26,7,0.0,0.03,0.06,2,26,0,0,1,3.7142857142857144,0.0
3,4987,4,False,0,2025-02-26,2,0.0,0.02,0.03,2,26,0,0,1,3.857142857142857,0.0
3,4992,4,False,0,2025-02-26,2,0.0,0.04,0.05,2,26,0,0,1,3.5714285714285716,0.0
3,4997,4,False,0,2025-02-26,2,0.0,0.07,0.1,2,26,0,0,1,3.5714285714285716,0.0
3,4998,4,False,0,2025-02-26,3,0.0,0.01,0.01,2,26,0,0,1,3.4285714285714284,0.0
3,5008,4,False,0,2025-02-26,2,0.0,0.02,0.03,2,26,0,0,1,3.2857142857142856,0.0
3,5048,4,False,0,2025-02-26,1,0.0,0.01,0.02,2,26,0,0,1,2.857142857142857,0.0
3,5091,4,False,0,2025-02-26,3,0.0,0.06,0.08,2,26,0,0,1,2.7142857142857144,0.0
3,5100,4,False,0,2025-02-26,3,0.0,0.02,0.03,2,26,0,0,1,2.142857142857143,0.0
3,5112,4,False,0,2025-02-26,1,0.0,0.02,0.04,2,26,0,0,1,2.2857142857142856,0.0
3,5118,4,False,0,2025-02-26,2,0.0,0.05,0.08,2,26,0,0,1,2.142857142857143,0.0
3,5120,4,False,0,2025-02-26,0,0.0,0.02,0.03,2,26,0,0,1,2.142857142857143,0.0
3,5123,4,False,0,2025-02-26,2,0.0,0.02,0.04,2,26,0,0,1,1.7142857142857142,0.0
3,5130,4,False,0,2025-02-26,3,0.0,0.02,0.03,2,26,0,0,1,1.7142857142857142,0.0
3,5149,4,False,0,2025-02-26,2,0.0,0.12,0.14,2,26,0,0,1,2.0,0.0
3,5163,4,False,0,2025-02-26,1,0.0,0.05,0.09,2,26,0,0,1,1.8571428571428572,0.0
3,5169,4,False,0,2025-02-26,3,0.0,0.06,0.08,2,26,0,0,1,1.5714285714285714,0.0
3,5172,4,False,0,2025-02-26,2,0.0,0.04,0.06,2,26,0,0,1,1.8571428571428572,0.0
3,5177,4,False,0,2025-02-26,3,0.0,0.01,0.01,2,26,0,0,1,1.8571428571428572,0.0
3,5199,4,False,0,2025-02-26,2,0.0,0.02,0.02,2,26,0,0,1,2.2857142857142856,0.0
3,5234,4,False,0,2025-02-26,2,0.0,0.02,0.03,2,26,0,0,1,2.2857142857142856,0.0
3,5241,4,False,0,2025-02-26,3,0.0,0.01,0.01,2,26,0,0,1,2.142857142857143,0.0
3,5247,4,False,0,2025-02-26,0,0.0,0.02,0.02,2,26,0,0,1,2.2857142857142856,0.0
3,5267,4,False,0,2025-02-26,1,0.0,0.02,0.03,2,26,0,0,1,2.142857142857143,0.0
3,5269,4,False,0,2025-02-26,2,0.0,0.01,0.02,2,26,0,0,1,1.8571428571428572,0.0
3,5275,4,False,0,2025-02-26,4,0.0,0.02,0.05,2,26,0,0,1,1.8571428571428572,0.0
3,5283,4,False,0,2025-02-26,3,0.0,0.03,0.04,2,26,0,0,1,2.0,0.0
3,172,5,True,0,2025-02-26,191,0.0,0.01,0.01,2,26,0,0,1,2.142857142857143,0.0
3,327,5,True,0,2025-02-26,7,0.0,0.01,0.03,2,26,0,0,1,29.142857142857142,0.0
3,697,5,True,0,2025-02-26,9,0.0,0.04,0.16,2,26,0,0,1,29.714285714285715,0.0
3,1278,5,True,0,2025-02-26,5,0.0,0.02,0.05,2,26,0,0,1,31.0,0.0
3,1463,5,True,0,2025-02-26,7,0.0,0.01,0.04,2,26,0,0,1,31.571428571428573,0.0
3,1471,5,True,0,2025-02-26,9,0.0,0.02,0.05,2,26,0,0,1,32.285714285714285,0.0
3,1580,5,True,0,2025-02-26,8,0.0,0.02,0.04,2,26,0,0,1,33.0,0.0
3,1795,5,True,0,2025-02-26,3,0.0,0.02,0.04,2,26,0,0,1,33.714285714285715,0.0
3,1860,5,True,0,2025-02-26,10,2.0,0.03,0.04,2,26,0,0,1,6.857142857142857,0.0
3,2169,5,True,0,2025-02-26,9,1.0,0.01,0.02,2,26,0,0,1,7.285714285714286,0.0
3,2338,5,True,0,2025-02-26,58,0.0,0.01,0.04,2,26,0,0,1,7.285714285714286,0.0
3,2381,5,True,0,2025-02-26,62,2.0,0.04,0.06,2,26,0,0,1,14.857142857142858,1.9032862363050798
3,2518,5,True,0,2025-02-26,10,4.0,0.02,0.07,2,26,0,0,1,22.714285714285715,0.0
3,2560,5,True,0,2025-02-26,10,0.0,0.03,0.04,2,26,0,0,1,22.857142857142858,0.0
3,2647,5,True,0,2025-02-26,6,0.0,0.03,0.05,2,26,0,0,1,23.142857142857142,0.0
3,2661,5,True,0,2025-02-26,29,0.0,0.0,0.01,2,26,0,0,1,23.571428571428573,0.0
3,2926,5,True,0,2025-02-26,2,0.0,0.03,0.05,2,26,0,0,1,26.285714285714285,0.0
3,3002,5,True,0,2025-02-26,11,0.0,0.04,0.07,2,26,0,0,1,25.285714285714285,0.0
3,3175,5,True,0,2025-02-26,2,0.0,0.04,0.1,2,26,0,0,1,18.571428571428573,0.0
3,3612,5,True,0,2025-02-26,22,0.0,0.05,0.08,2,26,0,0,1,10.0,0.0
3,3734,5,True,0,2025-02-26,6,0.0,0.05,0.11,2,26,0,0,1,11.714285714285714,0.0
3,3819,5,True,0,2025-02-26,15,0.0,0.02,0.05,2,26,0,0,1,11.142857142857142,0.0
3,4150,5,True,0,2025-02-26,38,1.0,0.02,0.04,2,26,0,0,1,12.428571428571429,0.0
3,4200,5,True,0,2025-02-26,10,1.0,0.06,0.12,2,26,0,0,1,13.714285714285714,0.0
3,5036,5,True,0,2025-02-26,11,0.0,0.03,0.05,2,26,0,0,1,14.857142857142858,0.0
3,5260,5,True,0,2025-02-26,14,0.0,0.02,0.05,2,26,0,0,1,14.857142857142858,0.0
3,138,6,False,0,2025-02-26,0,0.0,0.16,0.23,2,26,0,0,1,16.571428571428573,0.0
3,177,6,False,0,2025-02-26,1,0.0,0.08,0.1,2,26,0,0,1,13.428571428571429,0.0
3,207,6,False,0,2025-02-26,1,0.0,0.23,0.31,2,26,0,0,1,12.714285714285714,0.0
3,316,6,False,0,2025-02-26,2,0.0,0.08,0.12,2,26,0,0,1,10.714285714285714,0.0
3,647,6,False,0,2025-02-26,1,0.0,0.07,0.09,2,26,0,0,1,5.571428571428571,0.0
3,975,6,False,0,2025-02-26,1,0.0,0.08,0.08,2,26,0,0,1,4.285714285714286,0.0
3,1265,6,False,0,2025-02-26,1,0.0,0.14,0.2,2,26,0,0,1,2.857142857142857,0.0
3,1509,6,False,0,2025-02-26,1,0.0,0.22,0.27,2,26,0,0,1,1.0,0.0
3,1740,6,False,0,2025-02-26,1,0.0,0.08,0.11,2,26,0,0,1,1.1428571428571428,0.0
3,1827,6,False,0,2025-02-26,1,0.0,0.1,0.15,2,26,0,0,1,1.1428571428571428,0.0
3,1845,6,False,0,2025-02-26,1,0.0,0.05,0.06,2,26,0,0,1,1.1428571428571428,0.0
3,1865,6,False,0,2025-02-26,0,0.0,0.12,0.16,2,26,0,0,1,1.0,0.0
3,2131,6,False,0,2025-02-26,2,0.0,0.1,0.15,2,26,0,0,1,0.8571428571428571,0.0
3,2216,6,False,0,2025-02-26,1,0.0,0.06,0.09,2,26,0,0,1,1.0,0.0
3,2240,6,False,0,2025-02-26,1,0.0,0.13,0.18,2,26,0,0,1,1.0,0.0
3,2291,6,False,0,2025-02-26,0,0.0,0.15,0.21,2,26,0,0,1,1.0,0.0
3,2352,6,False,0,2025-02-26,1,0.0,0.11,0.15,2,26,0,0,1,0.8571428571428571,0.0
3,2515,6,False,0,2025-02-26,0,0.0,0.16,0.2,2,26,0,0,1,0.8571428571428571,0.0
3,2617,6,False,0,2025-02-26,1,0.0,0.13,0.19,2,26,0,0,1,0.7142857142857143,0.0
3,2799,6,False,0,2025-02-26,1,0.0,0.06,0.08,2,26,0,0,1,0.8571428571428571,0.0
3,2934,6,False,0,2025-02-26,1,0.0,0.07,0.1,2,26,0,0,1,0.7142857142857143,0.0
3,3090,6,False,0,2025-02-26,1,0.0,0.15,0.2,2,26,0,0,1,0.7142857142857143,0.0
3,3380,6,False,0,2025-02-26,2,0.0,0.06,0.09,2,26,0,0,1,0.7142857142857143,0.0
3,3637,6,False,0,2025-02-26,1,0.0,0.07,0.09,2,26,0,0,1,1.0,0.0
3,3793,6,False,0,2025-02-26,1,0.0,0.03,0.04,2,26,0,0,1,1.0,0.0
3,3937,6,False,0,2025-02-26,1,0.0,0.14,0.18,2,26,0,0,1,1.1428571428571428,0.0
3,4074,6,False,0,2025-02-26,1,0.0,0.16,0.24,2,26,0,0,1,1.1428571428571428,0.0
3,4196,6,False,0,2025-02-26,1,0.0,0.06,0.08,2,26,0,0,1,1.1428571428571428,0.0
3,4356,6,False,0,2025-02-26,1,0.0,0.09,0.13,2,26,0,0,1,1.1428571428571428,0.0
3,4398,6,False,0,2025-02-26,0,0.0,0.09,0.1,2,26,0,0,1,1.1428571428571428,0.0
3,4430,6,False,0,2025-02-26,1,0.0,0.08,0.12,2,26,0,0,1,0.8571428571428571,0.0
3,4730,6,False,0,2025-02-26,1,0.0,0.13,0.19,2,26,0,0,1,0.8571428571428571,0.0
3,4736,6,False,0,2025-02-26,1,0.0,0.07,0.09,2,26,0,0,1,0.8571428571428571,0.0
3,4849,6,False,0,2025-02-26,2,0.0,0.13,0.25,2,26,0,0,1,0.8571428571428571,0.0
3,4887,6,False,0,2025-02-26,2,0.0,0.13,0.15,2,26,0,0,1,1.0,0.0
3,5023,6,False,0,2025-02-26,1,0.0,0.13,0.18,2,26,0,0,1,1.1428571428571428,0.0
3,411,7,False,0,2025-02-26,5,3.0,0.0,0.01,2,26,0,0,1,1.1428571428571428,0.0
3,461,7,False,0,2025-02-26,14,0.0,0.0,0.01,2,26,0,0,1,1.8571428571428572,0.0
3,551,7,False,0,2025-02-26,7,1.0,0.01,0.01,2,26,0,0,1,3.7142857142857144,0.0
3,559,7,False,0,2025-02-26,20,0.0,0.01,0.01,2,26,0,0,1,4.571428571428571,0.0
3,848,7,False,0,2025-02-26,7,0.0,0.04,0.05,2,26,0,0,1,7.285714285714286,0.0
3,861,7,False,0,2025-02-26,5,2.0,0.01,0.02,2,26,0,0,1,8.0,0.0
3,1115,7,False,0,2025-02-26,0,0.0,0.0,0.0,2,26,0,0,1,8.428571428571429,0.0
3,1288,7,False,0,2025-02-26,2,0.0,0.01,0.02,2,26,0,0,1,8.285714285714286,0.0
3,1787,7,False,0,2025-02-26,0,0.0,0.02,0.02,2,26,0,0,1,7.857142857142857,0.0
3,2175,7,False,0,2025-02-26,4,1.0,0.03,0.04,2,26,0,0,1,5.857142857142857,0.0
3,2227,7,False,0,2025-02-26,4,0.0,0.02,0.03,2,26,0,0,1,5.428571428571429,0.0
3,2499,7,False,0,2025-02-26,3,0.0,0.0,0.01,2,26,0,0,1,3.142857142857143,0.0
3,2887,7,False,0,2025-02-26,17,3.0,0.02,0.03,2,26,0,0,1,2.5714285714285716,0.0
3,3023,7,False,0,2025-02-26,20,0.0,0.01,0.01,2,26,0,0,1,4.285714285714286,0.0
3,3040,7,False,0,2025-02-26,11,0.0,0.0,0.0,2,26,0,0,1,7.142857142857143,0.0
3,3105,7,False,0,2025-02-26,9,0.0,0.0,0.01,2,26,0,0,1,8.428571428571429,0.0
3,3272,7,False,0,2025-02-26,6,0.0,0.01,0.02,2,26,0,0,1,9.714285714285714,0.0
3,3314,7,False,0,2025-02-26,11,2.0,0.0,0.01,2,26,0,0,1,10.0,0.0
3,3401,7,False,0,2025-02-26,6,0.0,0.0,0.01,2,26,0,0,1,11.0,0.0
3,4026,7,False,0,2025-02-26,6,0.0,0.12,0.16,2,26,0,0,1,11.428571428571429,0.0
3,4093,7,False,0,2025-02-26,6,0.0,0.01,0.01,2,26,0,0,1,9.857142857142858,0.0
3,4298,7,False,0,2025-02-26,8,0.0,0.01,0.01,2,26,0,0,1,7.857142857142857,0.0
3,4351,7,False,0,2025-02-26,5,0.0,0.01,0.03,2,26,0,0,1,7.428571428571429,0.0
3,4411,7,False,0,2025-02-26,10,5.0,0.02,0.04,2,26,0,0,1,6.857142857142857,0.0
3,4585,7,False,0,2025-02-26,4,2.0,0.02,0.04,2,26,0,0,1,7.428571428571429,0.0
3,4688,7,False,0,2025-02-26,14,0.0,0.0,0.03,2,26,0,0,1,6.428571428571429,0.0
3,4867,7,False,0,2025-02-26,9,2.0,0.03,0.04,2,26,0,0,1,7.571428571428571,0.0
3,199,8,False,0,2025-02-26,10,0.0,0.01,0.02,2,26,0,0,1,8.0,0.0
3,269,8,False,0,2025-02-26,45,0.0,0.0,0.01,2,26,0,0,1,8.571428571428571,0.0
3,805,8,False,0,2025-02-26,10,0.0,0.0,0.01,2,26,0,0,1,13.857142857142858,0.0
3,828,8,False,0,2025-02-26,36,1.0,0.01,0.01,2,26,0,0,1,14.571428571428571,0.0
3,932,8,False,0,2025-02-26,6,0.0,0.01,0.02,2,26,0,0,1,18.285714285714285,0.0
3,1010,8,False,0,2025-02-26,8,0.0,0.01,0.02,2,26,0,0,1,18.571428571428573,0.0
3,1073,8,False,0,2025-02-26,17,1.0,0.01,0.02,2,26,0,0,1,17.714285714285715,0.0
3,1308,8,False,0,2025-02-26,22,3.0,0.02,0.02,2,26,0,0,1,18.857142857142858,0.0
3,2253,8,False,0,2025-02-26,7,0.0,0.0,0.01,2,26,0,0,1,20.571428571428573,0.0
3,2420,8,False,0,2025-02-26,19,0.0,0.0,0.01,2,26,0,0,1,15.142857142857142,0.0
3,2659,8,False,0,2025-02-26,20,0.0,0.01,0.01,2,26,0,0,1,16.428571428571427,0.0
3,2985,8,False,0,2025-02-26,18,0.0,0.02,0.02,2,26,0,0,1,14.142857142857142,0.0
3,3015,8,False,0,2025-02-26,11,0.0,0.01,0.02,2,26,0,0,1,15.857142857142858,0.0
3,3331,8,False,0,2025-02-26,34,0.0,0.01,0.02,2,26,0,0,1,16.285714285714285,0.0
3,3430,8,False,0,2025-02-26,14,0.0,0.01,0.02,2,26,0,0,1,18.714285714285715,0.0
3,3545,8,False,0,2025-02-26,12,0.0,0.02,0.03,2,26,0,0,1,17.571428571428573,0.0
3,3594,8,False,0,2025-02-26,7,0.0,0.01,0.01,2,26,0,0,1,18.285714285714285,0.0
3,3605,8,False,0,2025-02-26,15,3.0,0.01,0.01,2,26,0,0,1,16.571428571428573,0.0
3,4513,8,False,0,2025-02-26,12,0.0,0.01,0.02,2,26,0,0,1,15.857142857142858,0.0
3,4560,8,False,0,2025-02-26,18,0.0,0.01,0.02,2,26,0,0,1,15.0,0.0
3,5038,8,False,0,2025-02-26,4,0.0,0.02,0.02,2,26,0,0,1,16.0,0.0
3,5075,8,False,0,2025-02-26,13,0.0,0.01,0.02,2,26,0,0,1,11.714285714285714,0.0
3,5178,8,False,0,2025-02-26,12,0.0,0.01,0.02,2,26,0,0,1,11.571428571428571,0.0
3,10,9,True,0,2025-02-26,3,0.0,0.04,0.13,2,26,0,0,1,11.571428571428571,0.0
3,45,9,True,0,2025-02-26,14,0.0,0.02,0.05,2,26,0,0,1,11.0,0.0
3,141,9,True,0,2025-02-26,12,1.0,0.03,0.08,2,26,0,0,1,10.857142857142858,0.0
3,187,9,True,0,2025-02-26,11,1.0,0.01,0.03,2,26,0,0,1,10.857142857142858,0.0
3,270,9,True,0,2025-02-26,5,0.0,0.02,0.11,2,26,0,0,1,9.857142857142858,0.0
3,275,9,True,0,2025-02-26,8,3.0,0.04,0.07,2,26,0,0,1,10.0,0.0
3,278,9,True,0,2025-02-26,8,0.0,0.05,0.1,2,26,0,0,1,9.285714285714286,0.0
3,317,9,True,0,2025-02-26,9,0.0,0.01,0.01,2,26,0,0,1,8.714285714285714,0.0
3,352,9,True,0,2025-02-26,7,0.0,0.02,0.08,2,26,0,0,1,9.571428571428571,0.0
3,473,9,True,0,2025-02-26,22,0.0,0.01,0.02,2,26,0,0,1,8.571428571428571,0.0
3,496,9,True,0,2025-02-26,23,2.0,0.01,0.02,2,26,0,0,1,10.0,0.0
3,615,9,True,0,2025-02-26,9,0.0,0.02,0.04,2,26,0,0,1,11.714285714285714,0.0
3,678,9,True,0,2025-02-26,20,0.0,0.01,0.06,2,26,0,0,1,12.285714285714286,0.0
3,696,9,True,0,2025-02-26,4,0.0,0.01,0.05,2,26,0,0,1,14.0,0.0
3,747,9,True,0,2025-02-26,3,0.0,0.01,0.03,2,26,0,0,1,13.428571428571429,0.0
3,802,9,True,0,2025-02-26,9,1.0,0.06,0.1,2,26,0,0,1,12.571428571428571,0.0
3,813,9,True,0,2025-02-26,10,0.0,0.02,0.02,2,26,0,0,1,12.857142857142858,0.0
3,958,9,True,0,2025-02-26,9,0.0,0.01,0.03,2,26,0,0,1,11.142857142857142,0.0
3,976,9,True,0,2025-02-26,4,0.0,0.01,0.03,2,26,0,0,1,9.142857142857142,0.0
3,1112,9,True,0,2025-02-26,5,2.0,0.02,0.05,2,26,0,0,1,8.428571428571429,0.0
3,1148,9,True,0,2025-02-26,11,0.0,0.02,0.06,2,26,0,0,1,6.285714285714286,0.0
3,1172,9,True,0,2025-02-26,8,0.0,0.01,0.04,2,26,0,0,1,7.285714285714286,0.0
3,1178,9,True,0,2025-02-26,3,0.0,0.02,0.06,2,26,0,0,1,8.0,0.0
3,1287,9,True,0,2025-02-26,10,0.0,0.01,0.03,2,26,0,0,1,7.142857142857143,0.0
3,1323,9,True,0,2025-02-26,7,0.0,0.02,0.06,2,26,0,0,1,7.142857142857143,0.0
3,1409,9,True,0,2025-02-26,6,1.0,0.02,0.04,2,26,0,0,1,6.857142857142857,0.0
3,1510,9,True,0,2025-02-26,0,0.0,0.03,0.09,2,26,0,0,1,7.142857142857143,0.0
3,1661,9,True,0,2025-02-26,5,0.0,0.01,0.06,2,26,0,0,1,6.428571428571429,0.0
3,1696,9,True,0,2025-02-26,24,6.0,0.01,0.03,2,26,0,0,1,5.571428571428571,0.0
3,1705,9,True,0,2025-02-26,7,2.0,0.04,0.1,2,26,0,0,1,7.857142857142857,0.0
3,1896,9,True,0,2025-02-26,20,0.0,0.03,0.07,2,26,0,0,1,8.428571428571429,0.0
3,1906,9,True,0,2025-02-26,4,0.0,0.04,0.16,2,26,0,0,1,9.857142857142858,0.0
3,1951,9,True,0,2025-02-26,1,0.0,0.02,0.07,2,26,0,0,1,9.428571428571429,0.0
3,2010,9,True,0,2025-02-26,4,0.0,0.03,0.17,2,26,0,0,1,8.714285714285714,0.0
3,2011,9,True,0,2025-02-26,2,0.0,0.01,0.04,2,26,0,0,1,9.285714285714286,0.0
3,2056,9,True,0,2025-02-26,14,0.0,0.01,0.02,2,26,0,0,1,8.857142857142858,0.0
3,2256,9,True,0,2025-02-26,5,0.0,0.02,0.04,2,26,0,0,1,7.428571428571429,0.0
3,2284,9,True,0,2025-02-26,17,0.0,0.01,0.03,2,26,0,0,1,7.142857142857143,0.0
3,2307,9,True,0,2025-02-26,3,0.0,0.02,0.07,2,26,0,0,1,6.714285714285714,0.0
3,2357,9,True,0,2025-02-26,5,0.0,0.09,0.2,2,26,0,0,1,6.571428571428571,0.0
3,2360,9,True,0,2025-02-26,22,1.0,0.01,0.04,2,26,0,0,1,7.142857142857143,0.0
3,2399,9,True,0,2025-02-26,9,0.0,0.03,0.12,2,26,0,0,1,9.714285714285714,0.0
3,2401,9,True,0,2025-02-26,8,0.0,0.01,0.05,2,26,0,0,1,10.714285714285714,0.0
3,2419,9,True,0,2025-02-26,13,2.0,0.02,0.03,2,26,0,0,1,9.857142857142858,0.0
3,2474,9,True,0,2025-02-26,7,1.0,0.04,0.1,2,26,0,0,1,11.0,0.0
3,2486,9,True,0,2025-02-26,21,0.0,0.02,0.07,2,26,0,0,1,9.571428571428571,0.0
3,2543,9,True,0,2025-02-26,20,0.0,0.0,0.02,2,26,0,0,1,12.142857142857142,0.0
3,2615,9,True,0,2025-02-26,5,0.0,0.02,0.06,2,26,0,0,1,14.285714285714286,0.0
3,2795,9,True,0,2025-02-26,15,1.0,0.02,0.07,2,26,0,0,1,11.857142857142858,0.0
3,2812,9,True,0,2025-02-26,2,0.0,0.02,0.1,2,26,0,0,1,12.714285714285714,0.0
3,2841,9,True,0,2025-02-26,12,0.0,0.01,0.05,2,26,0,0,1,11.857142857142858,0.0
3,2857,9,True,0,2025-02-26,14,1.0,0.01,0.02,2,26,0,0,1,11.714285714285714,0.0
3,3008,9,True,0,2025-02-26,15,0.0,0.01,0.09,2,26,0,0,1,12.714285714285714,0.0
3,3226,9,True,0,2025-02-26,21,0.0,0.02,0.04,2,26,0,0,1,11.857142857142858,0.0
3,3241,9,True,0,2025-02-26,8,0.0,0.01,0.06,2,26,0,0,1,12.0,0.0
3,3244,9,True,0,2025-02-26,8,0.0,0.01,0.03,2,26,0,0,1,12.428571428571429,0.0
3,3356,9,True,0,2025-02-26,7,0.0,0.01,0.03,2,26,0,0,1,11.428571428571429,0.0
3,3540,9,True,0,2025-02-26,9,0.0,0.03,0.07,2,26,0,0,1,12.142857142857142,0.0
3,3735,9,True,0,2025-02-26,2,1.0,0.02,0.08,2,26,0,0,1,11.714285714285714,0.0
3,3751,9,True,0,2025-02-26,5,0.0,0.04,0.11,2,26,0,0,1,10.0,0.0
3,3789,9,True,0,2025-02-26,2,0.0,0.01,0.03,2,26,0,0,1,8.571428571428571,0.0
3,3905,9,True,0,2025-02-26,1,0.0,0.01,0.07,2,26,0,0,1,5.857142857142857,0.0
3,4012,9,True,0,2025-02-26,11,0.0,0.01,0.05,2,26,0,0,1,4.857142857142857,0.0
3,4106,9,True,0,2025-02-26,1,0.0,0.02,0.1,2,26,0,0,1,5.285714285714286,0.0
3,4141,9,True,0,2025-02-26,9,0.0,0.05,0.09,2,26,0,0,1,4.428571428571429,0.0
3,4153,9,True,0,2025-02-26,9,2.0,0.01,0.06,2,26,0,0,1,4.428571428571429,0.0
3,4154,9,True,0,2025-02-26,21,0.0,0.0,0.01,2,26,0,0,1,5.428571428571429,0.0
3,4197,9,True,0,2025-02-26,6,0.0,0.01,0.02,2,26,0,0,1,7.714285714285714,0.0
3,4348,9,True,0,2025-02-26,13,0.0,0.01,0.03,2,26,0,0,1,8.285714285714286,0.0
3,4350,9,True,0,2025-02-26,6,0.0,0.03,0.07,2,26,0,0,1,10.0,0.0
3,4367,9,True,0,2025-02-26,4,0.0,0.03,0.09,2,26,0,0,1,9.285714285714286,0.0
3,4466,9,True,0,2025-02-26,5,0.0,0.02,0.09,2,26,0,0,1,9.714285714285714,0.0
3,4493,9,True,0,2025-02-26,7,0.0,0.01,0.09,2,26,0,0,1,9.142857142857142,0.0
3,4530,9,True,0,2025-02-26,6,0.0,0.01,0.02,2,26,0,0,1,8.857142857142858,0.0
3,4594,9,True,0,2025-02-26,2,0.0,0.01,0.08,2,26,0,0,1,6.714285714285714,0.0
3,4637,9,True,0,2025-02-26,25,1.0,0.01,0.03,2,26,0,0,1,6.142857142857143,0.0
3,4645,9,True,0,2025-02-26,12,0.0,0.01,0.02,2,26,0,0,1,7.857142857142857,0.0
3,4655,9,True,0,2025-02-26,5,0.0,0.06,0.09,2,26,0,0,1,8.714285714285714,0.0
3,4679,9,True,0,2025-02-26,7,2.0,0.01,0.04,2,26,0,0,1,8.857142857142858,0.0
3,4845,9,True,0,2025-02-26,6,0.0,0.01,0.03,2,26,0,0,1,9.142857142857142,0.0
3,4906,9,True,0,2025-02-26,12,1.0,0.01,0.04,2,26,0,0,1,9.0,0.0
3,4996,9,True,0,2025-02-26,4,0.0,0.0,0.02,2,26,0,0,1,9.857142857142858,0.0
3,5079,9,True,0,2025-02-26,12,0.0,0.01,0.03,2,26,0,0,1,10.142857142857142,0.0
3,5087,9,True,0,2025-02-26,12,0.0,0.03,0.07,2,26,0,0,1,8.285714285714286,0.0
3,5093,9,True,0,2025-02-26,20,0.0,0.02,0.07,2,26,0,0,1,8.285714285714286,0.0
3,5122,9,True,0,2025-02-26,9,0.0,0.01,0.03,2,26,0,0,1,10.428571428571429,0.0
3,5135,9,True,0,2025-02-26,8,0.0,0.02,0.06,2,26,0,0,1,10.714285714285714,0.0
3,5175,9,True,0,2025-02-26,11,1.0,0.01,0.04,2,26,0,0,1,11.0,0.0
3,5212,9,True,0,2025-02-26,2,0.0,0.01,0.05,2,26,0,0,1,10.857142857142858,0.0
3,5272,9,True,0,2025-02-26,13,3.0,0.01,0.02,2,26,0,0,1,10.571428571428571,1.668042202177483
3,147,10,False,0,2025-02-26,30,0.0,0.03,0.11,2,26,0,0,1,10.714285714285714,0.0
3,1782,10,False,0,2025-02-26,22,2.0,0.04,0.09,2,26,0,0,1,13.285714285714286,0.0
3,2377,10,False,0,2025-02-26,31,0.0,0.0,0.01,2,26,0,0,1,13.571428571428571,0.0
3,3203,10,False,0,2025-02-26,30,0.0,0.03,0.13,2,26,0,0,1,16.714285714285715,0.0
3,5018,10,False,0,2025-02-26,23,1.0,0.02,0.13,2,26,0,0,1,19.857142857142858,0.0
3,2058,11,False,0,2025-02-26,0,0.0,0.22,0.22,2,26,0,0,1,21.571428571428573,1.864587641886731
3,2882,11,False,0,2025-02-26,19,0.0,0.23,0.21,2,26,0,0,1,21.285714285714285,0.0
3,3107,11,False,0,2025-02-26,3,0.0,0.12,0.15,2,26,0,0,1,22.142857142857142,0.0
3,3123,11,False,0,2025-02-26,22,3.0,0.23,0.22,2,26,0,0,1,18.285714285714285,0.0
3,3499,11,False,0,2025-02-26,18,4.0,0.09,0.08,2,26,0,0,1,18.285714285714285,2.8172741532751018
3,3870,11,False,0,2025-02-26,3,0.0,0.15,0.18,2,26,0,0,1,16.428571428571427,0.0
3,4160,11,False,0,2025-02-26,9,0.0,0.16,0.19,2,26,0,0,1,12.571428571428571,0.0
3,5085,11,False,0,2025-02-26,20,0.0,0.23,0.22,2,26,0,0,1,10.571428571428571,0.0
3,488,1,False,0,2025-02-24,23,3.0,0.14,0.16,0,24,0,0,0,13.428571428571429,1.6710529734369874
3,1985,1,False,0,2025-02-24,9,1.0,0.14,0.15,0,24,0,0,0,14.0,0.0
3,2735,1,False,0,2025-02-24,15,1.0,0.14,0.16,0,24,0,0,0,14.857142857142858,1.6585337165402034
3,3664,1,False,0,2025-02-24,15,1.0,0.14,0.17,0,24,0,0,0,13.857142857142858,1.6324557705470926
3,4052,1,False,0,2025-02-24,19,2.0,0.15,0.17,0,24,0,0,0,13.428571428571429,1.6202665397854825
3,48,3,True,0,2025-02-24,3,0.0,0.12,0.17,0,24,0,0,0,15.714285714285714,0.0
3,59,3,True,0,2025-02-24,10,0.0,0.02,0.02,0,24,0,0,0,14.857142857142858,0.0
3,82,3,True,0,2025-02-24,5,0.0,0.06,0.07,0,24,0,0,0,13.428571428571429,0.0
3,86,3,True,0,2025-02-24,2,0.0,0.12,0.15,0,24,0,0,0,10.857142857142858,0.0
3,87,3,True,0,2025-02-24,6,0.0,0.03,0.05,0,24,0,0,0,9.857142857142858,0.0
3,94,3,True,0,2025-02-24,2,0.0,0.08,0.14,0,24,0,0,0,8.571428571428571,0.0
3,103,3,True,0,2025-02-24,3,0.0,0.06,0.09,0,24,0,0,0,6.714285714285714,0.0
3,106,3,True,0,2025-02-24,5,0.0,0.04,0.06,0,24,0,0,0,4.428571428571429,0.0
3,167,3,True,0,2025-02-24,2,0.0,0.09,0.16,0,24,0,0,0,4.714285714285714,0.0
3,212,3,True,0,2025-02-24,2,0.0,0.05,0.07,0,24,0,0,0,3.5714285714285716,0.0
3,234,3,True,0,2025-02-24,1,0.0,0.08,0.11,0,24,0,0,0,3.142857142857143,0.0
3,281,3,True,0,2025-02-24,1,0.0,0.07,0.1,0,24,0,0,0,3.0,0.0
3,381,3,True,0,2025-02-24,4,0.0,0.04,0.05,0,24,0,0,0,2.2857142857142856,0.0
3,415,3,True,0,2025-02-24,1,0.0,0.07,0.1,0,24,0,0,0,2.5714285714285716,0.0
3,440,3,True,0,2025-02-24,6,0.0,0.05,0.07,0,24,0,0,0,2.2857142857142856,0.0
3,470,3,True,0,2025-02-24,3,0.0,0.07,0.09,0,24,0,0,0,2.4285714285714284,0.0
3,493,3,True,0,2025-02-24,5,0.0,0.11,0.12,0,24,0,0,0,2.5714285714285716,0.0
3,516,3,True,0,2025-02-24,18,0.0,0.02,0.02,0,24,0,0,0,3.0,0.0
3,605,3,True,0,2025-02-24,5,0.0,0.05,0.07,0,24,0,0,0,5.428571428571429,0.0
3,612,3,True,0,2025-02-24,6,0.0,0.03,0.03,0,24,0,0,0,6.0,0.0
3,620,3,True,0,2025-02-24,5,0.0,0.02,0.03,0,24,0,0,0,6.285714285714286,0.0
3,650,3,True,0,2025-02-24,2,0.0,0.08,0.11,0,24,0,0,0,6.857142857142857,0.0
3,686,3,True,0,2025-02-24,1,0.0,0.03,0.04,0,24,0,0,0,6.285714285714286,0.0
3,703,3,True,0,2025-02-24,17,0.0,0.02,0.02,0,24,0,0,0,6.0,0.0
3,742,3,True,0,2025-02-24,5,0.0,0.04,0.05,0,24,0,0,0,7.714285714285714,0.0
3,855,3,True,0,2025-02-24,1,0.0,0.02,0.03,0,24,0,0,0,5.857142857142857,0.0
3,947,3,True,0,2025-02-24,42,0.0,0.01,0.01,0,24,0,0,0,5.285714285714286,0.0
3,1052,3,True,0,2025-02-24,6,0.0,0.02,0.03,0,24,0,0,0,10.428571428571429,0.0
3,1071,3,True,0,2025-02-24,2,0.0,0.02,0.05,0,24,0,0,0,10.571428571428571,0.0
3,1103,3,True,0,2025-02-24,4,0.0,0.1,0.13,0,24,0,0,0,10.571428571428571,0.0
3,1105,3,True,0,2025-02-24,6,0.0,0.05,0.07,0,24,0,0,0,11.0,0.0
3,1120,3,True,0,2025-02-24,7,0.0,0.06,0.08,0,24,0,0,0,9.428571428571429,0.0
3,1175,3,True,0,2025-02-24,5,0.0,0.01,0.03,0,24,0,0,0,9.714285714285714,0.0
3,1190,3,True,0,2025-02-24,6,0.0,0.04,0.05,0,24,0,0,0,10.285714285714286,0.0
3,1223,3,True,0,2025-02-24,1,0.0,0.03,0.05,0,24,0,0,0,5.142857142857143,0.0
3,1235,3,True,0,2025-02-24,1,0.0,0.06,0.08,0,24,0,0,0,4.428571428571429,0.0
3,1261,3,True,0,2025-02-24,1,0.0,0.07,0.09,0,24,0,0,0,4.285714285714286,0.0
3,1291,3,True,0,2025-02-24,5,1.0,0.04,0.06,0,24,0,0,0,3.857142857142857,0.0
3,1382,3,True,0,2025-02-24,2,0.0,0.05,0.07,0,24,0,0,0,3.7142857142857144,0.0
3,1384,3,True,0,2025-02-24,3,0.0,0.08,0.1,0,24,0,0,0,3.0,0.0
3,1390,3,True,0,2025-02-24,3,1.0,0.04,0.06,0,24,0,0,0,2.7142857142857144,0.0
3,1447,3,True,0,2025-02-24,4,0.0,0.08,0.12,0,24,0,0,0,2.2857142857142856,0.0
3,1470,3,True,0,2025-02-24,5,0.0,0.06,0.08,0,24,0,0,0,2.7142857142857144,0.0
3,1503,3,True,0,2025-02-24,2,0.0,0.17,0.23,0,24,0,0,0,3.2857142857142856,0.0
3,1505,3,True,0,2025-02-24,9,0.0,0.01,0.02,0,24,0,0,0,3.4285714285714284,0.0
3,1531,3,True,0,2025-02-24,23,0.0,0.05,0.08,0,24,0,0,0,4.0,0.0
3,1576,3,True,0,2025-02-24,2,0.0,0.13,0.17,0,24,0,0,0,7.0,0.0
3,1610,3,True,0,2025-02-24,31,1.0,0.01,0.01,0,24,0,0,0,6.857142857142857,0.0
3,1642,3,True,0,2025-02-24,2,0.0,0.09,0.11,0,24,0,0,0,10.857142857142858,0.0
3,1771,3,True,0,2025-02-24,2,1.0,0.17,0.26,0,24,0,0,0,10.571428571428571,0.0
3,1822,3,True,0,2025-02-24,3,0.0,0.08,0.11,0,24,0,0,0,10.142857142857142,0.0
3,1849,3,True,0,2025-02-24,1,1.0,0.05,0.06,0,24,0,0,0,10.285714285714286,0.0
3,1902,3,True,0,2025-02-24,3,1.0,0.03,0.04,0,24,0,0,0,9.142857142857142,0.0
3,1940,3,True,0,2025-02-24,3,0.0,0.04,0.06,0,24,0,0,0,6.285714285714286,0.0
3,1949,3,True,0,2025-02-24,1,0.0,0.04,0.05,0,24,0,0,0,6.428571428571429,0.0
3,1969,3,True,0,2025-02-24,2,0.0,0.13,0.15,0,24,0,0,0,2.142857142857143,0.0
3,1988,3,True,0,2025-02-24,1,0.0,0.12,0.16,0,24,0,0,0,2.142857142857143,0.0
3,1997,3,True,0,2025-02-24,10,0.0,0.01,0.02,0,24,0,0,0,2.0,0.0
3,2039,3,True,0,2025-02-24,29,0.0,0.01,0.02,0,24,0,0,0,3.0,0.0
3,2040,3,True,0,2025-02-24,3,0.0,0.08,0.11,0,24,0,0,0,7.0,0.0
3,2048,3,True,0,2025-02-24,2,0.0,0.04,0.06,0,24,0,0,0,7.0,0.0
3,2062,3,True,0,2025-02-24,3,0.0,0.11,0.15,0,24,0,0,0,6.857142857142857,0.0
3,2110,3,True,0,2025-02-24,4,0.0,0.06,0.08,0,24,0,0,0,7.142857142857143,0.0
3,2127,3,True,0,2025-02-24,54,0.0,0.03,0.04,0,24,0,0,0,7.428571428571429,0.0
3,2151,3,True,0,2025-02-24,0,0.0,0.0,0.01,0,24,0,0,0,15.0,0.0
3,2185,3,True,0,2025-02-24,10,0.0,0.04,0.05,0,24,0,0,0,13.571428571428571,0.0
3,2236,3,True,0,2025-02-24,6,0.0,0.07,0.09,0,24,0,0,0,10.857142857142858,0.0
3,2331,3,True,0,2025-02-24,1,0.0,0.51,0.59,0,24,0,0,0,11.285714285714286,0.0
3,2432,3,True,0,2025-02-24,3,0.0,0.03,0.04,0,24,0,0,0,11.142857142857142,0.0
3,2491,3,True,0,2025-02-24,2,0.0,0.03,0.05,0,24,0,0,0,11.142857142857142,0.0
3,2551,3,True,0,2025-02-24,11,0.0,0.02,0.02,0,24,0,0,0,10.857142857142858,0.0
3,2558,3,True,0,2025-02-24,3,0.0,0.08,0.11,0,24,0,0,0,4.714285714285714,0.0
3,2585,3,True,0,2025-02-24,2,1.0,0.03,0.03,0,24,0,0,0,5.142857142857143,0.0
3,2595,3,True,0,2025-02-24,33,0.0,0.0,0.01,0,24,0,0,0,4.0,0.0
3,2700,3,True,0,2025-02-24,29,1.0,0.01,0.01,0,24,0,0,0,7.857142857142857,0.0
3,2805,3,True,0,2025-02-24,1,0.0,0.08,0.11,0,24,0,0,0,11.857142857142858,0.0
3,2816,3,True,0,2025-02-24,3,0.0,0.06,0.08,0,24,0,0,0,11.571428571428571,0.0
3,2840,3,True,0,2025-02-24,4,0.0,0.17,0.21,0,24,0,0,0,11.714285714285714,0.0
3,2852,3,True,0,2025-02-24,1,0.0,0.07,0.1,0,24,0,0,0,10.714285714285714,0.0
3,2884,3,True,0,2025-02-24,1,0.0,0.23,0.28,0,24,0,0,0,10.428571428571429,0.0
3,2889,3,True,0,2025-02-24,7,0.0,0.03,0.04,0,24,0,0,0,10.285714285714286,0.0
3,3190,3,True,0,2025-02-24,25,0.0,0.02,0.02,0,24,0,0,0,6.571428571428571,0.0
3,3239,3,True,0,2025-02-24,4,0.0,0.06,0.07,0,24,0,0,0,6.0,0.0
3,3279,3,True,0,2025-02-24,2,0.0,0.02,0.02,0,24,0,0,0,6.428571428571429,0.0
3,3283,3,True,0,2025-02-24,2,0.0,0.1,0.13,0,24,0,0,0,6.285714285714286,0.0
3,3339,3,True,0,2025-02-24,39,0.0,0.01,0.01,0,24,0,0,0,6.0,0.0
3,3349,3,True,0,2025-02-24,1,0.0,0.27,0.34,0,24,0,0,0,11.428571428571429,0.0
3,3360,3,True,0,2025-02-24,1,0.0,0.02,0.04,0,24,0,0,0,11.428571428571429,0.0
3,3556,3,True,0,2025-02-24,1,0.0,0.26,0.35,0,24,0,0,0,10.571428571428571,0.0
3,3693,3,True,0,2025-02-24,24,0.0,0.01,0.01,0,24,0,0,0,7.142857142857143,0.0
3,3768,3,True,0,2025-02-24,1,0.0,0.02,0.02,0,24,0,0,0,10.0,0.0
3,3786,3,True,0,2025-02-24,0,0.0,0.05,0.15,0,24,0,0,0,9.857142857142858,0.0
3,3862,3,True,0,2025-02-24,3,0.0,0.07,0.09,0,24,0,0,0,9.571428571428571,0.0
3,3931,3,True,0,2025-02-24,11,0.0,0.01,0.02,0,24,0,0,0,4.428571428571429,0.0
3,3985,3,True,0,2025-02-24,3,0.0,0.12,0.15,0,24,0,0,0,5.857142857142857,0.0
3,4059,3,True,0,2025-02-24,1,0.0,0.33,0.42,0,24,0,0,0,6.142857142857143,0.0
3,4101,3,True,0,2025-02-24,5,0.0,0.13,0.15,0,24,0,0,0,6.142857142857143,0.0
3,4144,3,True,0,2025-02-24,26,0.0,0.02,0.03,0,24,0,0,0,3.4285714285714284,0.0
3,4176,3,True,0,2025-02-24,3,1.0,0.03,0.05,0,24,0,0,0,7.0,0.0
3,4204,3,True,0,2025-02-24,1,0.0,0.14,0.17,0,24,0,0,0,7.428571428571429,0.0
3,4205,3,True,0,2025-02-24,33,1.0,0.02,0.02,0,24,0,0,0,7.142857142857143,0.0
3,4215,3,True,0,2025-02-24,2,0.0,0.03,0.07,0,24,0,0,0,10.285714285714286,0.0
3,4252,3,True,0,2025-02-24,6,2.0,0.02,0.03,0,24,0,0,0,10.142857142857142,0.0
3,4321,3,True,0,2025-02-24,1,0.0,0.1,0.12,0,24,0,0,0,10.857142857142858,0.0
3,4333,3,True,0,2025-02-24,1,0.0,0.21,0.26,0,24,0,0,0,10.285714285714286,0.0
3,4426,3,True,0,2025-02-24,8,0.0,0.03,0.05,0,24,0,0,0,6.714285714285714,0.0
3,4433,3,True,0,2025-02-24,1,0.0,0.05,0.09,0,24,0,0,0,7.428571428571429,0.0
3,4439,3,True,0,2025-02-24,20,2.0,0.02,0.02,0,24,0,0,0,7.428571428571429,0.0
3,4447,3,True,0,2025-02-24,4,1.0,0.02,0.04,0,24,0,0,0,5.571428571428571,0.0
3,4461,3,True,0,2025-02-24,10,0.0,0.03,0.03,0,24,0,0,0,5.857142857142857,0.0
3,4470,3,True,0,2025-02-24,1,0.0,0.07,0.09,0,24,0,0,0,6.428571428571429,0.0
3,4488,3,True,0,2025-02-24,15,0.0,0.01,0.03,0,24,0,0,0,6.428571428571429,0.0
3,4504,3,True,0,2025-02-24,2,1.0,0.03,0.04,0,24,0,0,0,8.428571428571429,0.0
3,4523,3,True,0,2025-02-24,5,0.0,0.06,0.08,0,24,0,0,0,7.571428571428571,0.0
3,4596,3,True,0,2025-02-24,6,0.0,0.07,0.08,0,24,0,0,0,8.142857142857142,0.0
3,4633,3,True,0,2025-02-24,4,0.0,0.04,0.06,0,24,0,0,0,6.142857142857143,0.0
3,4713,3,True,0,2025-02-24,4,0.0,0.04,0.05,0,24,0,0,0,6.142857142857143,0.0
3,4722,3,True,0,2025-02-24,4,0.0,0.04,0.06,0,24,0,0,0,5.285714285714286,0.0
3,4766,3,True,0,2025-02-24,16,0.0,0.03,0.04,0,24,0,0,0,5.714285714285714,0.0
3,4786,3,True,0,2025-02-24,5,0.0,0.03,0.04,0,24,0,0,0,5.857142857142857,0.0
3,4800,3,True,0,2025-02-24,6,0.0,0.08,0.11,0,24,0,0,0,6.285714285714286,0.0
3,4809,3,True,0,2025-02-24,3,0.0,0.1,0.17,0,24,0,0,0,6.428571428571429,0.0
3,4810,3,True,0,2025-02-24,4,0.0,0.03,0.04,0,24,0,0,0,6.0,0.0
3,4818,3,True,0,2025-02-24,7,0.0,0.04,0.07,0,24,0,0,0,6.0,0.0
3,4826,3,True,0,2025-02-24,1,0.0,0.12,0.16,0,24,0,0,0,6.428571428571429,0.0
3,4847,3,True,0,2025-02-24,4,0.0,0.1,0.13,0,24,0,0,0,6.0,0.0
3,4889,3,True,0,2025-02-24,2,0.0,0.03,0.04,0,24,0,0,0,4.285714285714286,0.0
3,4952,3,True,0,2025-02-24,2,0.0,0.24,0.27,0,24,0,0,0,3.857142857142857,0.0
3,4960,3,True,0,2025-02-24,3,0.0,0.02,0.03,0,24,0,0,0,3.2857142857142856,0.0
3,5029,3,True,0,2025-02-24,4,0.0,0.06,0.08,0,24,0,0,0,3.2857142857142856,0.0
3,5057,3,True,0,2025-02-24,1,0.0,0.06,0.09,0,24,0,0,0,3.2857142857142856,0.0
3,5060,3,True,0,2025-02-24,6,0.0,0.06,0.08,0,24,0,0,0,2.4285714285714284,0.0
3,5082,3,True,0,2025-02-24,2,0.0,0.04,0.05,0,24,0,0,0,3.142857142857143,0.0
3,5090,3,True,0,2025-02-24,2,0.0,0.05,0.06,0,24,0,0,0,2.857142857142857,0.0
3,5153,3,True,0,2025-02-24,1,0.0,0.09,0.11,0,24,0,0,0,2.857142857142857,0.0
3,5167,3,True,0,2025-02-24,8,0.0,0.05,0.06,0,24,0,0,0,2.7142857142857144,0.0
3,5176,3,True,0,2025-02-24,1,2.0,0.23,0.31,0,24,0,0,0,3.4285714285714284,0.0
3,5183,3,True,0,2025-02-24,2,0.0,0.03,0.04,0,24,0,0,0,3.0,0.0
3,5259,3,True,0,2025-02-24,3,0.0,0.06,0.08,0,24,0,0,0,3.142857142857143,0.0
3,4,4,False,0,2025-02-24,4,0.0,0.12,0.16,0,24,0,0,0,2.7142857142857144,0.0
3,19,4,False,0,2025-02-24,2,0.0,0.01,0.03,0,24,0,0,0,3.0,0.0
3,31,4,False,0,2025-02-24,2,0.0,0.02,0.03,0,24,0,0,0,3.0,0.0
3,34,4,False,0,2025-02-24,3,0.0,0.01,0.01,0,24,0,0,0,3.142857142857143,0.0
3,47,4,False,0,2025-02-24,5,0.0,0.01,0.02,0,24,0,0,0,2.4285714285714284,0.0
3,61,4,False,0,2025-02-24,4,0.0,0.01,0.02,0,24,0,0,0,3.0,0.0
3,70,4,False,0,2025-02-24,4,0.0,0.03,0.06,0,24,0,0,0,3.2857142857142856,0.0
3,91,4,False,0,2025-02-24,4,0.0,0.03,0.03,0,24,0,0,0,3.4285714285714284,0.0
3,107,4,False,0,2025-02-24,3,0.0,0.03,0.04,0,24,0,0,0,3.4285714285714284,0.0
3,122,4,False,0,2025-02-24,1,0.0,0.03,0.04,0,24,0,0,0,3.5714285714285716,0.0
3,155,4,False,0,2025-02-24,3,0.0,0.04,0.06,0,24,0,0,0,3.4285714285714284,0.0
3,200,4,False,0,2025-02-24,2,0.0,0.04,0.05,0,24,0,0,0,3.4285714285714284,0.0
3,248,4,False,0,2025-02-24,3,0.0,0.05,0.07,0,24,0,0,0,3.0,0.0
3,249,4,False,0,2025-02-24,2,0.0,0.13,0.17,0,24,0,0,0,2.857142857142857,0.0
3,283,4,False,0,2025-02-24,2,1.0,0.03,0.05,0,24,0,0,0,2.5714285714285716,0.0
3,355,4,False,0,2025-02-24,1,1.0,0.02,0.03,0,24,0,0,0,2.2857142857142856,0.0
3,363,4,False,0,2025-02-24,0,0.0,0.01,0.01,0,24,0,0,0,2.0,0.0
3,371,4,False,0,2025-02-24,3,0.0,0.01,0.01,0,24,0,0,0,1.8571428571428572,0.0
3,393,4,False,0,2025-02-24,4,0.0,0.02,0.03,0,24,0,0,0,1.8571428571428572,0.0
3,442,4,False,0,2025-02-24,2,0.0,0.05,0.08,0,24,0,0,0,2.142857142857143,0.0
3,495,4,False,0,2025-02-24,3,0.0,0.02,0.03,0,24,0,0,0,2.0,0.0
3,523,4,False,0,2025-02-24,2,1.0,0.03,0.05,0,24,0,0,0,2.142857142857143,0.0
3,538,4,False,0,2025-02-24,2,0.0,0.02,0.04,0,24,0,0,0,2.142857142857143,0.0
3,542,4,False,0,2025-02-24,2,0.0,0.04,0.05,0,24,0,0,0,2.2857142857142856,0.0
3,544,4,False,0,2025-02-24,4,0.0,0.02,0.04,0,24,0,0,0,2.5714285714285716,0.0
3,564,4,False,0,2025-02-24,2,1.0,0.02,0.03,0,24,0,0,0,2.7142857142857144,0.0
3,610,4,False,0,2025-02-24,4,0.0,0.04,0.06,0,24,0,0,0,2.4285714285714284,0.0
3,619,4,False,0,2025-02-24,2,0.0,0.04,0.05,0,24,0,0,0,2.7142857142857144,0.0
3,636,4,False,0,2025-02-24,2,0.0,0.02,0.03,0,24,0,0,0,2.5714285714285716,0.0
3,645,4,False,0,2025-02-24,3,0.0,0.01,0.02,0,24,0,0,0,2.5714285714285716,0.0
3,653,4,False,0,2025-02-24,2,0.0,0.02,0.03,0,24,0,0,0,2.7142857142857144,0.0
3,668,4,False,0,2025-02-24,1,1.0,0.03,0.04,0,24,0,0,0,2.7142857142857144,0.0
3,701,4,False,0,2025-02-24,3,1.0,0.02,0.04,0,24,0,0,0,2.2857142857142856,0.0
3,717,4,False,0,2025-02-24,2,0.0,0.05,0.07,0,24,0,0,0,2.4285714285714284,0.0
3,768,4,False,0,2025-02-24,1,0.0,0.03,0.04,0,24,0,0,0,2.142857142857143,0.0
3,769,4,False,0,2025-02-24,5,0.0,0.01,0.01,0,24,0,0,0,2.0,0.0
3,780,4,False,0,2025-02-24,8,0.0,0.03,0.04,0,24,0,0,0,2.4285714285714284,0.0
3,794,4,False,0,2025-02-24,0,0.0,0.03,0.05,0,24,0,0,0,3.142857142857143,0.0
3,854,4,False,0,2025-02-24,1,0.0,0.05,0.06,0,24,0,0,0,2.857142857142857,0.0
3,858,4,False,0,2025-02-24,2,0.0,0.04,0.06,0,24,0,0,0,2.857142857142857,0.0
3,864,4,False,0,2025-02-24,3,0.0,0.02,0.03,0,24,0,0,0,2.7142857142857144,0.0
3,875,4,False,0,2025-02-24,3,0.0,0.02,0.03,0,24,0,0,0,2.857142857142857,0.0
3,891,4,False,0,2025-02-24,4,0.0,0.03,0.04,0,24,0,0,0,3.142857142857143,0.0
3,961,4,False,0,2025-02-24,2,0.0,0.05,0.06,0,24,0,0,0,3.0,0.0
3,979,4,False,0,2025-02-24,4,0.0,0.06,0.07,0,24,0,0,0,2.142857142857143,0.0
3,1017,4,False,0,2025-02-24,3,0.0,0.03,0.04,0,24,0,0,0,2.7142857142857144,0.0
3,1047,4,False,0,2025-02-24,4,0.0,0.09,0.14,0,24,0,0,0,3.0,0.0
3,1057,4,False,0,2025-02-24,3,1.0,0.04,0.06,0,24,0,0,0,3.2857142857142856,0.0
3,1095,4,False,0,2025-02-24,3,0.0,0.03,0.05,0,24,0,0,0,3.2857142857142856,0.0
3,1107,4,False,0,2025-02-24,2,0.0,0.02,0.03,0,24,0,0,0,3.2857142857142856,0.0
3,1161,4,False,0,2025-02-24,2,0.0,0.02,0.03,0,24,0,0,0,3.0,0.0
3,1177,4,False,0,2025-02-24,4,0.0,0.1,0.15,0,24,0,0,0,3.0,0.0
3,1189,4,False,0,2025-02-24,2,0.0,0.02,0.04,0,24,0,0,0,3.0,0.0
3,1193,4,False,0,2025-02-24,2,0.0,0.02,0.03,0,24,0,0,0,2.857142857142857,0.0
3,1202,4,False,0,2025-02-24,2,0.0,0.02,0.04,0,24,0,0,0,2.5714285714285716,0.0
3,1215,4,False,0,2025-02-24,2,0.0,0.01,0.02,0,24,0,0,0,2.4285714285714284,0.0
3,1224,4,False,0,2025-02-24,5,0.0,0.04,0.04,0,24,0,0,0,2.2857142857142856,0.0
3,1267,4,False,0,2025-02-24,1,0.0,0.07,0.09,0,24,0,0,0,2.7142857142857144,0.0
3,1293,4,False,0,2025-02-24,6,0.0,0.03,0.04,0,24,0,0,0,2.5714285714285716,0.0
3,1303,4,False,0,2025-02-24,4,0.0,0.06,0.08,0,24,0,0,0,2.857142857142857,0.0
3,1338,4,False,0,2025-02-24,2,0.0,0.06,0.09,0,24,0,0,0,3.142857142857143,0.0
3,1344,4,False,0,2025-02-24,3,0.0,0.06,0.09,0,24,0,0,0,3.142857142857143,0.0
3,1350,4,False,0,2025-02-24,0,0.0,0.03,0.06,0,24,0,0,0,3.2857142857142856,0.0
3,1367,4,False,0,2025-02-24,3,0.0,0.02,0.03,0,24,0,0,0,3.0,0.0
3,1404,4,False,0,2025-02-24,4,0.0,0.02,0.04,0,24,0,0,0,2.7142857142857144,0.0
3,1421,4,False,0,2025-02-24,4,0.0,0.02,0.03,0,24,0,0,0,3.142857142857143,0.0
3,1448,4,False,0,2025-02-24,2,0.0,0.06,0.07,0,24,0,0,0,2.857142857142857,0.0
3,1466,4,False,0,2025-02-24,0,0.0,0.02,0.04,0,24,0,0,0,2.5714285714285716,0.0
3,1479,4,False,0,2025-02-24,2,0.0,0.05,0.06,0,24,0,0,0,2.2857142857142856,0.0
3,1483,4,False,0,2025-02-24,4,0.0,0.02,0.03,0,24,0,0,0,2.142857142857143,0.0
3,1498,4,False,0,2025-02-24,6,0.0,0.12,0.17,0,24,0,0,0,2.7142857142857144,0.0
3,1517,4,False,0,2025-02-24,2,0.0,0.02,0.02,0,24,0,0,0,3.142857142857143,0.0
3,1533,4,False,0,2025-02-24,3,0.0,0.05,0.07,0,24,0,0,0,2.857142857142857,0.0
3,1606,4,False,0,2025-02-24,1,0.0,0.04,0.05,0,24,0,0,0,2.7142857142857144,0.0
3,1622,4,False,0,2025-02-24,3,0.0,0.07,0.09,0,24,0,0,0,2.5714285714285716,0.0
3,1624,4,False,0,2025-02-24,3,0.0,0.04,0.03,0,24,0,0,0,3.0,0.0
3,1625,4,False,0,2025-02-24,2,0.0,0.03,0.04,0,24,0,0,0,3.142857142857143,0.0
3,1634,4,False,0,2025-02-24,3,0.0,0.05,0.07,0,24,0,0,0,2.857142857142857,0.0
3,1648,4,False,0,2025-02-24,4,0.0,0.03,0.04,0,24,0,0,0,2.4285714285714284,0.0
3,1654,4,False,0,2025-02-24,4,0.0,0.01,0.02,0,24,0,0,0,2.7142857142857144,0.0
3,1672,4,False,0,2025-02-24,3,0.0,0.02,0.02,0,24,0,0,0,2.857142857142857,0.0
3,1693,4,False,0,2025-02-24,4,0.0,0.02,0.04,0,24,0,0,0,3.142857142857143,0.0
3,1805,4,False,0,2025-02-24,3,0.0,0.04,0.06,0,24,0,0,0,3.2857142857142856,0.0
3,1806,4,False,0,2025-02-24,3,0.0,0.08,0.12,0,24,0,0,0,3.2857142857142856,0.0
3,1824,4,False,0,2025-02-24,3,0.0,0.01,0.01,0,24,0,0,0,3.4285714285714284,0.0
3,1836,4,False,0,2025-02-24,4,0.0,0.04,0.04,0,24,0,0,0,3.4285714285714284,0.0
3,1838,4,False,0,2025-02-24,3,0.0,0.01,0.01,0,24,0,0,0,3.4285714285714284,0.0
3,1842,4,False,0,2025-02-24,3,0.0,0.01,0.01,0,24,0,0,0,3.2857142857142856,0.0
3,1856,4,False,0,2025-02-24,2,0.0,0.02,0.04,0,24,0,0,0,3.2857142857142856,0.0
3,1861,4,False,0,2025-02-24,1,0.0,0.02,0.03,0,24,0,0,0,3.0,0.0
3,1869,4,False,0,2025-02-24,3,0.0,0.01,0.01,0,24,0,0,0,2.7142857142857144,0.0
3,1870,4,False,0,2025-02-24,2,0.0,0.04,0.06,0,24,0,0,0,2.7142857142857144,0.0
3,1894,4,False,0,2025-02-24,2,0.0,0.03,0.04,0,24,0,0,0,2.5714285714285716,0.0
3,1928,4,False,0,2025-02-24,2,0.0,0.01,0.01,0,24,0,0,0,2.2857142857142856,0.0
3,1942,4,False,0,2025-02-24,4,0.0,0.01,0.02,0,24,0,0,0,2.142857142857143,0.0
3,1958,4,False,0,2025-02-24,2,0.0,0.04,0.06,0,24,0,0,0,2.2857142857142856,0.0
3,1959,4,False,0,2025-02-24,2,0.0,0.05,0.08,0,24,0,0,0,2.2857142857142856,0.0
3,1968,4,False,0,2025-02-24,5,0.0,0.03,0.05,0,24,0,0,0,2.4285714285714284,0.0
3,1996,4,False,0,2025-02-24,4,0.0,0.01,0.02,0,24,0,0,0,2.7142857142857144,0.0
3,1999,4,False,0,2025-02-24,0,0.0,0.01,0.01,0,24,0,0,0,3.0,0.0
3,2022,4,False,0,2025-02-24,3,0.0,0.03,0.04,0,24,0,0,0,2.7142857142857144,0.0
3,2024,4,False,0,2025-02-24,2,0.0,0.02,0.04,0,24,0,0,0,2.857142857142857,0.0
3,2064,4,False,0,2025-02-24,0,1.0,0.02,0.02,0,24,0,0,0,2.5714285714285716,0.0
3,2092,4,False,0,2025-02-24,3,0.0,0.04,0.06,0,24,0,0,0,2.2857142857142856,0.0
3,2097,4,False,0,2025-02-24,1,0.0,0.03,0.04,0,24,0,0,0,2.4285714285714284,0.0
3,2103,4,False,0,2025-02-24,1,0.0,0.01,0.02,0,24,0,0,0,1.8571428571428572,0.0
3,2137,4,False,0,2025-02-24,2,0.0,0.04,0.06,0,24,0,0,0,1.4285714285714286,0.0
3,2150,4,False,0,2025-02-24,2,0.0,0.01,0.02,0,24,0,0,0,1.7142857142857142,0.0
3,2180,4,False,0,2025-02-24,3,0.0,0.05,0.08,0,24,0,0,0,1.5714285714285714,0.0
3,2239,4,False,0,2025-02-24,2,1.0,0.03,0.04,0,24,0,0,0,1.7142857142857142,0.0
3,2252,4,False,0,2025-02-24,1,0.0,0.02,0.03,0,24,0,0,0,2.0,0.0
3,2297,4,False,0,2025-02-24,3,0.0,0.14,0.15,0,24,0,0,0,1.7142857142857142,0.0
3,2312,4,False,0,2025-02-24,2,0.0,0.05,0.08,0,24,0,0,0,2.0,0.0
3,2320,4,False,0,2025-02-24,2,0.0,0.03,0.04,0,24,0,0,0,2.142857142857143,0.0
3,2355,4,False,0,2025-02-24,2,0.0,0.05,0.09,0,24,0,0,0,2.142857142857143,0.0
3,2369,4,False,0,2025-02-24,4,0.0,0.03,0.05,0,24,0,0,0,2.142857142857143,0.0
3,2423,4,False,0,2025-02-24,4,0.0,0.02,0.03,0,24,0,0,0,2.2857142857142856,0.0
3,2456,4,False,0,2025-02-24,2,0.0,0.02,0.03,0,24,0,0,0,2.5714285714285716,0.0
3,2495,4,False,0,2025-02-24,2,0.0,0.05,0.08,0,24,0,0,0,2.7142857142857144,0.0
3,2517,4,False,0,2025-02-24,2,0.0,0.05,0.08,0,24,0,0,0,2.5714285714285716,0.0
3,2550,4,False,0,2025-02-24,3,0.0,0.03,0.05,0,24,0,0,0,2.5714285714285716,0.0
3,2569,4,False,0,2025-02-24,1,0.0,0.01,0.02,0,24,0,0,0,2.7142857142857144,0.0
3,2586,4,False,0,2025-02-24,2,0.0,0.04,0.06,0,24,0,0,0,2.5714285714285716,0.0
3,2644,4,False,0,2025-02-24,2,0.0,0.05,0.08,0,24,0,0,0,2.2857142857142856,0.0
3,2711,4,False,0,2025-02-24,2,0.0,0.04,0.06,0,24,0,0,0,2.0,0.0
3,2750,4,False,0,2025-02-24,3,0.0,0.01,0.01,0,24,0,0,0,2.0,0.0
3,2773,4,False,0,2025-02-24,4,0.0,0.02,0.04,0,24,0,0,0,2.142857142857143,0.0
3,2800,4,False,0,2025-02-24,2,0.0,0.03,0.04,0,24,0,0,0,2.4285714285714284,0.0
3,2908,4,False,0,2025-02-24,6,0.0,0.03,0.04,0,24,0,0,0,2.2857142857142856,0.0
3,2943,4,False,0,2025-02-24,4,1.0,0.02,0.02,0,24,0,0,0,3.0,0.0
3,2955,4,False,0,2025-02-24,1,0.0,0.01,0.02,0,24,0,0,0,3.2857142857142856,0.0
3,2973,4,False,0,2025-02-24,4,0.0,0.04,0.05,0,24,0,0,0,3.142857142857143,0.0
3,2988,4,False,0,2025-02-24,2,0.0,0.02,0.03,0,24,0,0,0,3.4285714285714284,0.0
3,2995,4,False,0,2025-02-24,8,0.0,0.05,0.07,0,24,0,0,0,3.2857142857142856,0.0
3,3003,4,False,0,2025-02-24,3,0.0,0.02,0.04,0,24,0,0,0,3.857142857142857,0.0
3,3029,4,False,0,2025-02-24,3,0.0,0.09,0.12,0,24,0,0,0,4.0,0.0
3,3127,4,False,0,2025-02-24,4,0.0,0.12,0.08,0,24,0,0,0,3.5714285714285716,0.0
3,3130,4,False,0,2025-02-24,5,0.0,0.14,0.22,0,24,0,0,0,3.5714285714285716,0.0
3,3166,4,False,0,2025-02-24,3,0.0,0.01,0.01,0,24,0,0,0,4.142857142857143,0.0
3,3169,4,False,0,2025-02-24,3,0.0,0.02,0.03,0,24,0,0,0,4.0,0.0
3,3174,4,False,0,2025-02-24,4,0.0,0.01,0.01,0,24,0,0,0,4.142857142857143,0.0
3,3222,4,False,0,2025-02-24,2,0.0,0.02,0.04,0,24,0,0,0,3.5714285714285716,0.0
3,3281,4,False,0,2025-02-24,1,0.0,0.06,0.08,0,24,0,0,0,3.4285714285714284,0.0
3,3344,4,False,0,2025-02-24,3,0.0,0.04,0.05,0,24,0,0,0,3.142857142857143,0.0
3,3374,4,False,0,2025-02-24,2,0.0,0.06,0.09,0,24,0,0,0,3.0,0.0
3,3376,4,False,0,2025-02-24,2,0.0,0.03,0.05,0,24,0,0,0,2.5714285714285716,0.0
3,3400,4,False,0,2025-02-24,5,0.0,0.01,0.01,0,24,0,0,0,2.4285714285714284,0.0
3,3425,4,False,0,2025-02-24,0,0.0,0.01,0.02,0,24,0,0,0,2.7142857142857144,0.0
3,3428,4,False,0,2025-02-24,2,0.0,0.04,0.06,0,24,0,0,0,2.142857142857143,0.0
3,3442,4,False,0,2025-02-24,7,1.0,0.07,0.1,0,24,0,0,0,2.142857142857143,0.0
3,3459,4,False,0,2025-02-24,3,0.0,0.04,0.06,0,24,0,0,0,3.0,0.0
3,3460,4,False,0,2025-02-24,1,0.0,0.02,0.03,0,24,0,0,0,3.0,0.0
3,3462,4,False,0,2025-02-24,7,0.0,0.03,0.05,0,24,0,0,0,2.857142857142857,0.0
3,3471,4,False,0,2025-02-24,3,0.0,0.03,0.04,0,24,0,0,0,3.5714285714285716,0.0
3,3497,4,False,0,2025-02-24,2,0.0,0.04,0.06,0,24,0,0,0,3.2857142857142856,0.0
3,3511,4,False,0,2025-02-24,4,0.0,0.04,0.07,0,24,0,0,0,3.5714285714285716,0.0
3,3603,4,False,0,2025-02-24,2,0.0,0.04,0.06,0,24,0,0,0,3.857142857142857,0.0
3,3618,4,False,0,2025-02-24,5,0.0,0.12,0.17,0,24,0,0,0,3.142857142857143,0.0
3,3669,4,False,0,2025-02-24,3,0.0,0.01,0.01,0,24,0,0,0,3.4285714285714284,0.0
3,3670,4,False,0,2025-02-24,4,0.0,0.03,0.05,0,24,0,0,0,3.7142857142857144,0.0
3,3671,4,False,0,2025-02-24,1,0.0,0.04,0.07,0,24,0,0,0,3.2857142857142856,0.0
3,3678,4,False,0,2025-02-24,2,0.0,0.03,0.05,0,24,0,0,0,3.0,0.0
3,3685,4,False,0,2025-02-24,0,0.0,0.03,0.05,0,24,0,0,0,3.0,0.0
3,3720,4,False,0,2025-02-24,0,0.0,0.05,0.08,0,24,0,0,0,2.4285714285714284,0.0
3,3738,4,False,0,2025-02-24,3,0.0,0.01,0.01,0,24,0,0,0,2.142857142857143,0.0
3,3744,4,False,0,2025-02-24,4,0.0,0.04,0.05,0,24,0,0,0,1.8571428571428572,0.0
3,3797,4,False,0,2025-02-24,9,0.0,0.03,0.04,0,24,0,0,0,2.0,0.0
3,3799,4,False,0,2025-02-24,2,0.0,0.03,0.05,0,24,0,0,0,2.7142857142857144,0.0
3,3820,4,False,0,2025-02-24,2,0.0,0.02,0.04,0,24,0,0,0,2.857142857142857,0.0
3,3821,4,False,0,2025-02-24,2,0.0,0.04,0.06,0,24,0,0,0,2.857142857142857,0.0
3,3826,4,False,0,2025-02-24,4,0.0,0.02,0.04,0,24,0,0,0,3.142857142857143,0.0
3,3831,4,False,0,2025-02-24,3,0.0,0.01,0.02,0,24,0,0,0,3.7142857142857144,0.0
3,3858,4,False,0,2025-02-24,2,0.0,0.06,0.08,0,24,0,0,0,3.7142857142857144,0.0
3,3894,4,False,0,2025-02-24,3,1.0,0.02,0.03,0,24,0,0,0,3.4285714285714284,0.0
3,3898,4,False,0,2025-02-24,2,0.0,0.06,0.1,0,24,0,0,0,2.5714285714285716,0.0
3,3913,4,False,0,2025-02-24,4,0.0,0.03,0.05,0,24,0,0,0,2.5714285714285716,0.0
3,3917,4,False,0,2025-02-24,4,0.0,0.01,0.01,0,24,0,0,0,2.857142857142857,0.0
3,3925,4,False,0,2025-02-24,0,0.0,0.03,0.04,0,24,0,0,0,3.142857142857143,0.0
3,3940,4,False,0,2025-02-24,2,0.0,0.05,0.06,0,24,0,0,0,2.5714285714285716,0.0
3,3954,4,False,0,2025-02-24,0,1.0,0.02,0.03,0,24,0,0,0,2.4285714285714284,0.0
3,3966,4,False,0,2025-02-24,1,0.0,0.02,0.04,0,24,0,0,0,2.142857142857143,0.0
3,3969,4,False,0,2025-02-24,2,0.0,0.01,0.03,0,24,0,0,0,1.8571428571428572,0.0
3,3977,4,False,0,2025-02-24,4,0.0,0.06,0.08,0,24,0,0,0,1.8571428571428572,0.0
3,4001,4,False,0,2025-02-24,2,0.0,0.04,0.05,0,24,0,0,0,1.8571428571428572,0.0
3,4034,4,False,0,2025-02-24,3,0.0,0.08,0.11,0,24,0,0,0,1.5714285714285714,0.0
3,4054,4,False,0,2025-02-24,2,0.0,0.02,0.04,0,24,0,0,0,2.0,0.0
3,4061,4,False,0,2025-02-24,2,0.0,0.05,0.07,0,24,0,0,0,2.0,0.0
3,4086,4,False,0,2025-02-24,2,1.0,0.01,0.02,0,24,0,0,0,2.2857142857142856,0.0
3,4096,4,False,0,2025-02-24,2,0.0,0.05,0.07,0,24,0,0,0,2.4285714285714284,0.0
3,4142,4,False,0,2025-02-24,4,0.0,0.02,0.03,0,24,0,0,0,2.4285714285714284,0.0
3,4156,4,False,0,2025-02-24,4,0.0,0.03,0.05,0,24,0,0,0,2.4285714285714284,0.0
3,4229,4,False,0,2025-02-24,2,0.0,0.02,0.04,0,24,0,0,0,2.7142857142857144,0.0
3,4244,4,False,0,2025-02-24,0,0.0,0.03,0.04,0,24,0,0,0,2.5714285714285716,0.0
3,4264,4,False,0,2025-02-24,2,0.0,0.05,0.07,0,24,0,0,0,2.2857142857142856,0.0
3,4331,4,False,0,2025-02-24,5,0.0,0.01,0.02,0,24,0,0,0,2.2857142857142856,0.0
3,4365,4,False,0,2025-02-24,2,1.0,0.04,0.06,0,24,0,0,0,2.7142857142857144,0.0
3,4366,4,False,0,2025-02-24,3,0.0,0.05,0.06,0,24,0,0,0,2.7142857142857144,0.0
3,4420,4,False,0,2025-02-24,3,0.0,0.02,0.02,0,24,0,0,0,2.5714285714285716,0.0
3,4436,4,False,0,2025-02-24,2,0.0,0.02,0.03,0,24,0,0,0,2.4285714285714284,0.0
3,4444,4,False,0,2025-02-24,2,0.0,0.07,0.1,0,24,0,0,0,2.4285714285714284,0.0
3,4450,4,False,0,2025-02-24,4,0.0,0.02,0.03,0,24,0,0,0,2.7142857142857144,0.0
3,4458,4,False,0,2025-02-24,8,3.0,0.03,0.04,0,24,0,0,0,3.0,0.0
3,4465,4,False,0,2025-02-24,4,0.0,0.02,0.04,0,24,0,0,0,3.4285714285714284,0.0
3,4472,4,False,0,2025-02-24,5,0.0,0.01,0.01,0,24,0,0,0,3.7142857142857144,0.0
3,4507,4,False,0,2025-02-24,3,0.0,0.03,0.04,0,24,0,0,0,4.0,0.0
3,4525,4,False,0,2025-02-24,3,0.0,0.01,0.03,0,24,0,0,0,4.0,0.0
3,4536,4,False,0,2025-02-24,3,0.0,0.01,0.01,0,24,0,0,0,4.142857142857143,0.0
3,4564,4,False,0,2025-02-24,3,0.0,0.02,0.04,0,24,0,0,0,4.285714285714286,0.0
3,4568,4,False,0,2025-02-24,5,0.0,0.01,0.01,0,24,0,0,0,4.142857142857143,0.0
3,4604,4,False,0,2025-02-24,3,0.0,0.02,0.03,0,24,0,0,0,3.7142857142857144,0.0
3,4610,4,False,0,2025-02-24,0,0.0,0.06,0.09,0,24,0,0,0,3.5714285714285716,0.0
3,4620,4,False,0,2025-02-24,1,3.0,0.02,0.04,0,24,0,0,0,2.857142857142857,0.0
3,4648,4,False,0,2025-02-24,2,0.0,0.05,0.07,0,24,0,0,0,2.5714285714285716,0.0
3,4700,4,False,0,2025-02-24,2,0.0,0.02,0.03,0,24,0,0,0,2.4285714285714284,0.0
3,4741,4,False,0,2025-02-24,6,0.0,0.02,0.05,0,24,0,0,0,2.2857142857142856,0.0
3,4759,4,False,0,2025-02-24,4,0.0,0.03,0.04,0,24,0,0,0,2.7142857142857144,0.0
3,4770,4,False,0,2025-02-24,2,0.0,0.03,0.03,0,24,0,0,0,2.5714285714285716,0.0
3,4774,4,False,0,2025-02-24,4,0.0,0.03,0.04,0,24,0,0,0,2.4285714285714284,0.0
3,4903,4,False,0,2025-02-24,4,0.0,0.01,0.01,0,24,0,0,0,3.0,0.0
3,4915,4,False,0,2025-02-24,5,0.0,0.01,0.02,0,24,0,0,0,3.4285714285714284,0.0
3,4929,4,False,0,2025-02-24,2,0.0,0.03,0.04,0,24,0,0,0,3.857142857142857,0.0
3,4961,4,False,0,2025-02-24,7,0.0,0.03,0.06,0,24,0,0,0,3.857142857142857,0.0
3,4987,4,False,0,2025-02-24,2,0.0,0.02,0.03,0,24,0,0,0,4.0,0.0
3,4992,4,False,0,2025-02-24,2,0.0,0.04,0.05,0,24,0,0,0,3.7142857142857144,0.0
3,4997,4,False,0,2025-02-24,2,0.0,0.07,0.1,0,24,0,0,0,3.7142857142857144,0.0
3,4998,4,False,0,2025-02-24,3,0.0,0.01,0.01,0,24,0,0,0,3.4285714285714284,0.0
3,5008,4,False,0,2025-02-24,2,0.0,0.02,0.03,0,24,0,0,0,3.2857142857142856,0.0
3,5048,4,False,0,2025-02-24,1,0.0,0.01,0.02,0,24,0,0,0,2.857142857142857,0.0
3,5091,4,False,0,2025-02-24,3,0.0,0.06,0.08,0,24,0,0,0,2.7142857142857144,0.0
3,5100,4,False,0,2025-02-24,3,0.0,0.02,0.03,0,24,0,0,0,2.142857142857143,0.0
3,5112,4,False,0,2025-02-24,1,0.0,0.02,0.04,0,24,0,0,0,2.2857142857142856,0.0
3,5118,4,False,0,2025-02-24,2,0.0,0.05,0.08,0,24,0,0,0,2.142857142857143,0.0
3,5120,4,False,0,2025-02-24,0,0.0,0.02,0.03,0,24,0,0,0,2.142857142857143,0.0
3,5123,4,False,0,2025-02-24,2,0.0,0.02,0.04,0,24,0,0,0,1.7142857142857142,0.0
3,5130,4,False,0,2025-02-24,1,1.0,0.02,0.03,0,24,0,0,0,1.7142857142857142,0.0
3,5149,4,False,0,2025-02-24,2,0.0,0.12,0.14,0,24,0,0,0,1.7142857142857142,0.0
3,5163,4,False,0,2025-02-24,1,0.0,0.05,0.09,0,24,0,0,0,1.5714285714285714,0.0
3,5169,4,False,0,2025-02-24,3,0.0,0.06,0.08,0,24,0,0,0,1.2857142857142858,0.0
3,5172,4,False,0,2025-02-24,2,0.0,0.04,0.06,0,24,0,0,0,1.5714285714285714,0.0
3,5177,4,False,0,2025-02-24,3,0.0,0.01,0.01,0,24,0,0,0,1.5714285714285714,0.0
3,5199,4,False,0,2025-02-24,2,0.0,0.02,0.02,0,24,0,0,0,2.0,0.0
3,5234,4,False,0,2025-02-24,2,0.0,0.02,0.03,0,24,0,0,0,2.0,0.0
3,5241,4,False,0,2025-02-24,3,0.0,0.01,0.01,0,24,0,0,0,2.142857142857143,0.0
3,5247,4,False,0,2025-02-24,0,0.0,0.02,0.02,0,24,0,0,0,2.2857142857142856,0.0
3,5267,4,False,0,2025-02-24,1,0.0,0.02,0.03,0,24,0,0,0,2.142857142857143,0.0
3,5269,4,False,0,2025-02-24,2,0.0,0.01,0.02,0,24,0,0,0,1.8571428571428572,0.0
3,5275,4,False,0,2025-02-24,4,0.0,0.02,0.05,0,24,0,0,0,1.8571428571428572,0.0
3,5283,4,False,0,2025-02-24,3,0.0,0.03,0.04,0,24,0,0,0,2.0,0.0
3,172,5,True,0,2025-02-24,193,2.0,0.01,0.01,0,24,0,0,0,2.142857142857143,0.0
3,327,5,True,0,2025-02-24,7,1.0,0.01,0.03,0,24,0,0,0,29.428571428571427,0.0
3,697,5,True,0,2025-02-24,9,0.0,0.04,0.15,0,24,0,0,0,30.0,0.0
3,1278,5,True,0,2025-02-24,5,0.0,0.02,0.05,0,24,0,0,0,31.285714285714285,0.0
3,1463,5,True,0,2025-02-24,7,0.0,0.01,0.04,0,24,0,0,0,31.857142857142858,0.0
3,1471,5,True,0,2025-02-24,7,1.0,0.02,0.05,0,24,0,0,0,32.57142857142857,0.0
3,1580,5,True,0,2025-02-24,8,0.0,0.02,0.04,0,24,0,0,0,33.0,0.0
3,1795,5,True,0,2025-02-24,2,0.0,0.02,0.04,0,24,0,0,0,33.714285714285715,0.0
3,1860,5,True,0,2025-02-24,11,0.0,0.03,0.04,0,24,0,0,0,6.428571428571429,0.0
3,2169,5,True,0,2025-02-24,11,0.0,0.01,0.02,0,24,0,0,0,7.0,0.0
3,2338,5,True,0,2025-02-24,55,2.0,0.01,0.05,0,24,0,0,0,7.285714285714286,0.0
3,2381,5,True,0,2025-02-24,62,1.0,0.04,0.06,0,24,0,0,0,14.428571428571429,1.837201280581804
3,2518,5,True,0,2025-02-24,15,0.0,0.02,0.06,0,24,0,0,0,22.285714285714285,0.0
3,2560,5,True,0,2025-02-24,10,0.0,0.03,0.04,0,24,0,0,0,23.428571428571427,0.0
3,2647,5,True,0,2025-02-24,6,0.0,0.03,0.05,0,24,0,0,0,23.714285714285715,0.0
3,2661,5,True,0,2025-02-24,29,0.0,0.0,0.01,0,24,0,0,0,24.285714285714285,0.0
3,2926,5,True,0,2025-02-24,2,0.0,0.03,0.05,0,24,0,0,0,26.857142857142858,0.0
3,3002,5,True,0,2025-02-24,11,0.0,0.04,0.07,0,24,0,0,0,25.571428571428573,0.0
3,3175,5,True,0,2025-02-24,2,0.0,0.04,0.1,0,24,0,0,0,19.285714285714285,0.0
3,3612,5,True,0,2025-02-24,22,1.0,0.05,0.08,0,24,0,0,0,10.714285714285714,0.0
3,3734,5,True,0,2025-02-24,6,0.0,0.05,0.11,0,24,0,0,0,11.714285714285714,0.0
3,3819,5,True,0,2025-02-24,15,0.0,0.02,0.05,0,24,0,0,0,11.142857142857142,0.0
3,4150,5,True,0,2025-02-24,40,0.0,0.02,0.04,0,24,0,0,0,12.428571428571429,0.0
3,4200,5,True,0,2025-02-24,11,0.0,0.06,0.12,0,24,0,0,0,14.0,0.0
3,5036,5,True,0,2025-02-24,11,0.0,0.03,0.05,0,24,0,0,0,15.285714285714286,0.0
3,5260,5,True,0,2025-02-24,12,1.0,0.02,0.05,0,24,0,0,0,15.285714285714286,0.0
3,138,6,False,0,2025-02-24,0,0.0,0.16,0.23,0,24,0,0,0,16.714285714285715,0.0
3,177,6,False,0,2025-02-24,1,0.0,0.08,0.1,0,24,0,0,0,13.571428571428571,0.0
3,207,6,False,0,2025-02-24,1,0.0,0.22,0.31,0,24,0,0,0,12.857142857142858,0.0
3,316,6,False,0,2025-02-24,2,0.0,0.08,0.12,0,24,0,0,0,10.857142857142858,0.0
3,647,6,False,0,2025-02-24,1,0.0,0.07,0.09,0,24,0,0,0,5.428571428571429,0.0
3,975,6,False,0,2025-02-24,1,0.0,0.08,0.08,0,24,0,0,0,4.0,0.0
3,1265,6,False,0,2025-02-24,1,0.0,0.14,0.2,0,24,0,0,0,2.5714285714285716,0.0
3,1509,6,False,0,2025-02-24,1,0.0,0.22,0.27,0,24,0,0,0,1.0,0.0
3,1740,6,False,0,2025-02-24,1,0.0,0.08,0.11,0,24,0,0,0,1.1428571428571428,0.0
3,1827,6,False,0,2025-02-24,1,0.0,0.1,0.15,0,24,0,0,0,1.1428571428571428,0.0
3,1845,6,False,0,2025-02-24,1,0.0,0.05,0.06,0,24,0,0,0,1.1428571428571428,0.0
3,1865,6,False,0,2025-02-24,0,0.0,0.12,0.16,0,24,0,0,0,1.0,0.0
3,2131,6,False,0,2025-02-24,2,0.0,0.1,0.15,0,24,0,0,0,0.8571428571428571,0.0
3,2216,6,False,0,2025-02-24,1,0.0,0.06,0.09,0,24,0,0,0,1.0,0.0
3,2240,6,False,0,2025-02-24,1,0.0,0.13,0.18,0,24,0,0,0,1.0,0.0
3,2291,6,False,0,2025-02-24,0,0.0,0.15,0.21,0,24,0,0,0,1.0,0.0
3,2352,6,False,0,2025-02-24,1,0.0,0.11,0.15,0,24,0,0,0,0.8571428571428571,0.0
3,2515,6,False,0,2025-02-24,0,0.0,0.16,0.19,0,24,0,0,0,0.8571428571428571,0.0
3,2617,6,False,0,2025-02-24,1,0.0,0.13,0.19,0,24,0,0,0,0.7142857142857143,0.0
3,2799,6,False,0,2025-02-24,1,0.0,0.06,0.08,0,24,0,0,0,0.8571428571428571,0.0
3,2934,6,False,0,2025-02-24,1,0.0,0.07,0.1,0,24,0,0,0,0.7142857142857143,0.0
3,3090,6,False,0,2025-02-24,1,0.0,0.15,0.2,0,24,0,0,0,0.7142857142857143,0.0
3,3380,6,False,0,2025-02-24,2,0.0,0.06,0.09,0,24,0,0,0,0.7142857142857143,0.0
3,3637,6,False,0,2025-02-24,1,0.0,0.07,0.09,0,24,0,0,0,1.0,0.0
3,3793,6,False,0,2025-02-24,1,0.0,0.03,0.04,0,24,0,0,0,1.0,0.0
3,3937,6,False,0,2025-02-24,1,0.0,0.14,0.18,0,24,0,0,0,1.1428571428571428,0.0
3,4074,6,False,0,2025-02-24,1,0.0,0.16,0.24,0,24,0,0,0,1.1428571428571428,0.0
3,4196,6,False,0,2025-02-24,1,0.0,0.06,0.08,0,24,0,0,0,1.1428571428571428,0.0
3,4356,6,False,0,2025-02-24,1,0.0,0.09,0.13,0,24,0,0,0,1.1428571428571428,0.0
3,4398,6,False,0,2025-02-24,0,0.0,0.09,0.1,0,24,0,0,0,1.1428571428571428,0.0
3,4430,6,False,0,2025-02-24,1,1.0,0.08,0.12,0,24,0,0,0,0.8571428571428571,0.0
3,4730,6,False,0,2025-02-24,1,0.0,0.13,0.19,0,24,0,0,0,0.8571428571428571,0.0
3,4736,6,False,0,2025-02-24,1,0.0,0.07,0.09,0,24,0,0,0,0.8571428571428571,0.0
3,4849,6,False,0,2025-02-24,2,0.0,0.13,0.25,0,24,0,0,0,0.8571428571428571,0.0
3,4887,6,False,0,2025-02-24,2,0.0,0.13,0.15,0,24,0,0,0,1.0,0.0
3,5023,6,False,0,2025-02-24,1,0.0,0.13,0.18,0,24,0,0,0,1.1428571428571428,0.0
3,411,7,False,0,2025-02-24,7,0.0,0.0,0.01,0,24,0,0,0,1.1428571428571428,0.0
3,461,7,False,0,2025-02-24,10,3.0,0.0,0.01,0,24,0,0,0,2.142857142857143,0.0
3,551,7,False,0,2025-02-24,8,0.0,0.01,0.01,0,24,0,0,0,3.4285714285714284,0.0
3,559,7,False,0,2025-02-24,20,0.0,0.01,0.01,0,24,0,0,0,4.428571428571429,0.0
3,848,7,False,0,2025-02-24,2,3.0,0.04,0.05,0,24,0,0,0,7.142857142857143,0.0
3,861,7,False,0,2025-02-24,7,0.0,0.01,0.02,0,24,0,0,0,7.142857142857143,0.0
3,1115,7,False,0,2025-02-24,0,0.0,0.0,0.0,0,24,0,0,0,7.857142857142857,0.0
3,1288,7,False,0,2025-02-24,2,0.0,0.01,0.02,0,24,0,0,0,7.714285714285714,0.0
3,1787,7,False,0,2025-02-24,0,0.0,0.02,0.02,0,24,0,0,0,7.0,0.0
3,2175,7,False,0,2025-02-24,5,0.0,0.03,0.03,0,24,0,0,0,5.571428571428571,0.0
3,2227,7,False,0,2025-02-24,4,1.0,0.02,0.03,0,24,0,0,0,5.142857142857143,0.0
3,2499,7,False,0,2025-02-24,3,0.0,0.0,0.01,0,24,0,0,0,2.857142857142857,0.0
3,2887,7,False,0,2025-02-24,19,1.0,0.02,0.03,0,24,0,0,0,3.0,0.0
3,3023,7,False,0,2025-02-24,20,0.0,0.01,0.01,0,24,0,0,0,4.714285714285714,0.0
3,3040,7,False,0,2025-02-24,12,2.0,0.0,0.0,0,24,0,0,0,7.571428571428571,0.0
3,3105,7,False,0,2025-02-24,9,0.0,0.0,0.01,0,24,0,0,0,9.0,0.0
3,3272,7,False,0,2025-02-24,6,0.0,0.01,0.02,0,24,0,0,0,10.285714285714286,0.0
3,3314,7,False,0,2025-02-24,13,0.0,0.0,0.01,0,24,0,0,0,10.428571428571429,0.0
3,3401,7,False,0,2025-02-24,6,0.0,0.0,0.01,0,24,0,0,0,11.714285714285714,0.0
3,4026,7,False,0,2025-02-24,6,0.0,0.12,0.16,0,24,0,0,0,12.142857142857142,0.0
3,4093,7,False,0,2025-02-24,4,1.0,0.01,0.01,0,24,0,0,0,10.285714285714286,0.0
3,4298,7,False,0,2025-02-24,7,1.0,0.01,0.01,0,24,0,0,0,8.0,0.0
3,4351,7,False,0,2025-02-24,5,0.0,0.01,0.03,0,24,0,0,0,7.285714285714286,0.0
3,4411,7,False,0,2025-02-24,15,0.0,0.02,0.03,0,24,0,0,0,6.714285714285714,0.0
3,4585,7,False,0,2025-02-24,6,0.0,0.02,0.04,0,24,0,0,0,8.0,0.0
3,4688,7,False,0,2025-02-24,13,1.0,0.0,0.03,0,24,0,0,0,7.0,0.0
3,4867,7,False,0,2025-02-24,11,1.0,0.03,0.04,0,24,0,0,0,8.0,0.0
3,199,8,False,0,2025-02-24,11,0.0,0.01,0.02,0,24,0,0,0,8.714285714285714,0.0
3,269,8,False,0,2025-02-24,45,1.0,0.0,0.01,0,24,0,0,0,9.714285714285714,0.0
3,805,8,False,0,2025-02-24,10,0.0,0.0,0.01,0,24,0,0,0,15.142857142857142,0.0
3,828,8,False,0,2025-02-24,37,0.0,0.01,0.01,0,24,0,0,0,15.857142857142858,0.0
3,932,8,False,0,2025-02-24,6,0.0,0.01,0.02,0,24,0,0,0,19.0,0.0
3,1010,8,False,0,2025-02-24,8,1.0,0.01,0.02,0,24,0,0,0,19.0,0.0
3,1073,8,False,0,2025-02-24,18,1.0,0.01,0.02,0,24,0,0,0,18.285714285714285,0.0
3,1308,8,False,0,2025-02-24,26,1.0,0.02,0.03,0,24,0,0,0,19.285714285714285,0.0
3,2253,8,False,0,2025-02-24,7,0.0,0.0,0.01,0,24,0,0,0,21.428571428571427,0.0
3,2420,8,False,0,2025-02-24,19,0.0,0.0,0.01,0,24,0,0,0,16.0,0.0
3,2659,8,False,0,2025-02-24,20,1.0,0.01,0.01,0,24,0,0,0,17.285714285714285,0.0
3,2985,8,False,0,2025-02-24,18,2.0,0.02,0.02,0,24,0,0,0,14.857142857142858,0.0
3,3015,8,False,0,2025-02-24,12,0.0,0.01,0.02,0,24,0,0,0,16.571428571428573,0.0
3,3331,8,False,0,2025-02-24,34,0.0,0.01,0.02,0,24,0,0,0,17.142857142857142,0.0
3,3430,8,False,0,2025-02-24,14,0.0,0.01,0.02,0,24,0,0,0,19.428571428571427,0.0
3,3545,8,False,0,2025-02-24,10,0.0,0.02,0.03,0,24,0,0,0,17.714285714285715,0.0
3,3594,8,False,0,2025-02-24,6,1.0,0.01,0.01,0,24,0,0,0,18.142857142857142,0.0
3,3605,8,False,0,2025-02-24,19,0.0,0.01,0.01,0,24,0,0,0,16.285714285714285,0.0
3,4513,8,False,0,2025-02-24,12,0.0,0.01,0.02,0,24,0,0,0,16.142857142857142,0.0
3,4560,8,False,0,2025-02-24,18,0.0,0.01,0.02,0,24,0,0,0,15.285714285714286,0.0
3,5038,8,False,0,2025-02-24,4,0.0,0.02,0.02,0,24,0,0,0,16.142857142857142,0.0
3,5075,8,False,0,2025-02-24,13,1.0,0.01,0.02,0,24,0,0,0,11.857142857142858,0.0
3,5178,8,False,0,2025-02-24,12,0.0,0.01,0.02,0,24,0,0,0,11.714285714285714,0.0
3,10,9,True,0,2025-02-24,3,0.0,0.04,0.13,0,24,0,0,0,12.0,0.0
3,45,9,True,0,2025-02-24,12,1.0,0.02,0.05,0,24,0,0,0,11.571428571428571,0.0
3,141,9,True,0,2025-02-24,10,1.0,0.03,0.09,0,24,0,0,0,10.571428571428571,0.0
3,187,9,True,0,2025-02-24,12,0.0,0.01,0.03,0,24,0,0,0,10.285714285714286,0.0
3,270,9,True,0,2025-02-24,5,0.0,0.02,0.11,0,24,0,0,0,9.428571428571429,0.0
3,275,9,True,0,2025-02-24,11,0.0,0.04,0.06,0,24,0,0,0,9.571428571428571,0.0
3,278,9,True,0,2025-02-24,8,0.0,0.05,0.1,0,24,0,0,0,9.285714285714286,0.0
3,317,9,True,0,2025-02-24,9,0.0,0.01,0.01,0,24,0,0,0,8.714285714285714,0.0
3,352,9,True,0,2025-02-24,7,0.0,0.02,0.08,0,24,0,0,0,9.571428571428571,0.0
3,473,9,True,0,2025-02-24,22,0.0,0.01,0.02,0,24,0,0,0,8.857142857142858,0.0
3,496,9,True,0,2025-02-24,17,7.0,0.01,0.02,0,24,0,0,0,10.571428571428571,0.0
3,615,9,True,0,2025-02-24,9,0.0,0.02,0.04,0,24,0,0,0,11.285714285714286,0.0
3,678,9,True,0,2025-02-24,20,1.0,0.01,0.06,0,24,0,0,0,11.857142857142858,0.0
3,696,9,True,0,2025-02-24,4,0.0,0.01,0.05,0,24,0,0,0,13.142857142857142,0.0
3,747,9,True,0,2025-02-24,4,0.0,0.01,0.03,0,24,0,0,0,12.571428571428571,0.0
3,802,9,True,0,2025-02-24,10,1.0,0.06,0.1,0,24,0,0,0,11.857142857142858,0.0
3,813,9,True,0,2025-02-24,10,0.0,0.02,0.02,0,24,0,0,0,12.285714285714286,0.0
3,958,9,True,0,2025-02-24,9,0.0,0.01,0.03,0,24,0,0,0,10.571428571428571,0.0
3,976,9,True,0,2025-02-24,4,0.0,0.01,0.03,0,24,0,0,0,9.428571428571429,0.0
3,1112,9,True,0,2025-02-24,6,0.0,0.02,0.06,0,24,0,0,0,8.714285714285714,0.0
3,1148,9,True,0,2025-02-24,11,0.0,0.02,0.06,0,24,0,0,0,6.714285714285714,0.0
3,1172,9,True,0,2025-02-24,7,0.0,0.01,0.04,0,24,0,0,0,7.714285714285714,0.0
3,1178,9,True,0,2025-02-24,3,0.0,0.02,0.06,0,24,0,0,0,8.142857142857142,0.0
3,1287,9,True,0,2025-02-24,10,0.0,0.01,0.03,0,24,0,0,0,7.142857142857143,0.0
3,1323,9,True,0,2025-02-24,7,0.0,0.02,0.06,0,24,0,0,0,7.142857142857143,0.0
3,1409,9,True,0,2025-02-24,7,0.0,0.02,0.05,0,24,0,0,0,6.857142857142857,0.0
3,1510,9,True,0,2025-02-24,0,0.0,0.03,0.09,0,24,0,0,0,7.285714285714286,0.0
3,1661,9,True,0,2025-02-24,6,0.0,0.01,0.05,0,24,0,0,0,6.428571428571429,0.0
3,1696,9,True,0,2025-02-24,28,0.0,0.01,0.03,0,24,0,0,0,5.714285714285714,0.0
3,1705,9,True,0,2025-02-24,7,1.0,0.04,0.1,0,24,0,0,0,8.714285714285714,0.0
3,1896,9,True,0,2025-02-24,20,0.0,0.03,0.07,0,24,0,0,0,9.285714285714286,0.0
3,1906,9,True,0,2025-02-24,4,0.0,0.04,0.16,0,24,0,0,0,10.714285714285714,0.0
3,1951,9,True,0,2025-02-24,1,0.0,0.02,0.07,0,24,0,0,0,10.285714285714286,0.0
3,2010,9,True,0,2025-02-24,4,0.0,0.03,0.17,0,24,0,0,0,9.428571428571429,0.0
3,2011,9,True,0,2025-02-24,2,0.0,0.01,0.04,0,24,0,0,0,10.0,0.0
3,2056,9,True,0,2025-02-24,6,1.0,0.01,0.02,0,24,0,0,0,9.428571428571429,0.0
3,2256,9,True,0,2025-02-24,5,0.0,0.02,0.04,0,24,0,0,0,6.285714285714286,0.0
3,2284,9,True,0,2025-02-24,19,0.0,0.01,0.03,0,24,0,0,0,6.0,0.0
3,2307,9,True,0,2025-02-24,3,0.0,0.02,0.07,0,24,0,0,0,5.857142857142857,0.0
3,2357,9,True,0,2025-02-24,5,0.0,0.09,0.2,0,24,0,0,0,5.714285714285714,0.0
3,2360,9,True,0,2025-02-24,21,0.0,0.01,0.04,0,24,0,0,0,6.285714285714286,0.0
3,2399,9,True,0,2025-02-24,9,0.0,0.03,0.12,0,24,0,0,0,8.714285714285714,0.0
3,2401,9,True,0,2025-02-24,8,0.0,0.01,0.05,0,24,0,0,0,9.714285714285714,0.0
3,2419,9,True,0,2025-02-24,15,0.0,0.02,0.03,0,24,0,0,0,10.0,0.0
3,2474,9,True,0,2025-02-24,5,2.0,0.04,0.09,0,24,0,0,0,11.428571428571429,0.0
3,2486,9,True,0,2025-02-24,19,1.0,0.02,0.07,0,24,0,0,0,9.428571428571429,0.0
3,2543,9,True,0,2025-02-24,17,2.0,0.0,0.02,0,24,0,0,0,11.714285714285714,0.0
3,2615,9,True,0,2025-02-24,5,0.0,0.02,0.06,0,24,0,0,0,13.428571428571429,0.0
3,2795,9,True,0,2025-02-24,14,1.0,0.02,0.07,0,24,0,0,0,11.142857142857142,0.0
3,2812,9,True,0,2025-02-24,2,0.0,0.02,0.1,0,24,0,0,0,11.857142857142858,0.0
3,2841,9,True,0,2025-02-24,13,0.0,0.01,0.06,0,24,0,0,0,11.0,0.0
3,2857,9,True,0,2025-02-24,14,1.0,0.01,0.02,0,24,0,0,0,10.714285714285714,0.0
3,3008,9,True,0,2025-02-24,15,0.0,0.01,0.09,0,24,0,0,0,12.0,0.0
3,3226,9,True,0,2025-02-24,18,2.0,0.02,0.04,0,24,0,0,0,11.428571428571429,0.0
3,3241,9,True,0,2025-02-24,7,0.0,0.01,0.06,0,24,0,0,0,11.571428571428571,0.0
3,3244,9,True,0,2025-02-24,5,4.0,0.01,0.03,0,24,0,0,0,11.857142857142858,0.0
3,3356,9,True,0,2025-02-24,7,0.0,0.01,0.03,0,24,0,0,0,10.571428571428571,0.0
3,3540,9,True,0,2025-02-24,10,0.0,0.03,0.07,0,24,0,0,0,11.285714285714286,0.0
3,3735,9,True,0,2025-02-24,2,1.0,0.02,0.07,0,24,0,0,0,10.857142857142858,0.0
3,3751,9,True,0,2025-02-24,5,0.0,0.04,0.11,0,24,0,0,0,9.142857142857142,0.0
3,3789,9,True,0,2025-02-24,2,0.0,0.01,0.03,0,24,0,0,0,7.714285714285714,0.0
3,3905,9,True,0,2025-02-24,0,1.0,0.01,0.07,0,24,0,0,0,5.428571428571429,0.0
3,4012,9,True,0,2025-02-24,11,0.0,0.01,0.05,0,24,0,0,0,4.428571428571429,0.0
3,4106,9,True,0,2025-02-24,2,0.0,0.02,0.1,0,24,0,0,0,5.285714285714286,0.0
3,4141,9,True,0,2025-02-24,8,0.0,0.05,0.09,0,24,0,0,0,4.571428571428571,0.0
3,4153,9,True,0,2025-02-24,9,0.0,0.01,0.02,0,24,0,0,0,4.285714285714286,0.0
3,4154,9,True,0,2025-02-24,17,0.0,0.0,0.01,0,24,0,0,0,5.285714285714286,0.0
3,4197,9,True,0,2025-02-24,6,0.0,0.01,0.02,0,24,0,0,0,7.0,0.0
3,4348,9,True,0,2025-02-24,11,1.0,0.01,0.03,0,24,0,0,0,7.571428571428571,0.0
3,4350,9,True,0,2025-02-24,6,0.0,0.03,0.07,0,24,0,0,0,9.142857142857142,0.0
3,4367,9,True,0,2025-02-24,4,0.0,0.03,0.09,0,24,0,0,0,8.428571428571429,0.0
3,4466,9,True,0,2025-02-24,5,0.0,0.02,0.09,0,24,0,0,0,8.714285714285714,0.0
3,4493,9,True,0,2025-02-24,7,0.0,0.01,0.09,0,24,0,0,0,8.285714285714286,0.0
3,4530,9,True,0,2025-02-24,6,0.0,0.01,0.02,0,24,0,0,0,8.0,0.0
3,4594,9,True,0,2025-02-24,0,0.0,0.01,0.08,0,24,0,0,0,6.428571428571429,0.0
3,4637,9,True,0,2025-02-24,26,1.0,0.01,0.03,0,24,0,0,0,5.571428571428571,0.0
3,4645,9,True,0,2025-02-24,12,0.0,0.01,0.02,0,24,0,0,0,7.714285714285714,0.0
3,4655,9,True,0,2025-02-24,3,1.0,0.06,0.09,0,24,0,0,0,8.571428571428571,0.0
3,4679,9,True,0,2025-02-24,10,0.0,0.01,0.03,0,24,0,0,0,8.428571428571429,0.0
3,4845,9,True,0,2025-02-24,6,0.0,0.01,0.03,0,24,0,0,0,9.142857142857142,0.0
3,4906,9,True,0,2025-02-24,11,2.0,0.01,0.04,0,24,0,0,0,9.0,0.0
3,4996,9,True,0,2025-02-24,4,0.0,0.0,0.02,0,24,0,0,0,9.714285714285714,0.0
3,5079,9,True,0,2025-02-24,10,2.0,0.01,0.03,0,24,0,0,0,10.285714285714286,0.0
3,5087,9,True,0,2025-02-24,12,0.0,0.03,0.07,0,24,0,0,0,8.0,0.0
3,5093,9,True,0,2025-02-24,20,0.0,0.02,0.07,0,24,0,0,0,8.0,0.0
3,5122,9,True,0,2025-02-24,9,0.0,0.01,0.03,0,24,0,0,0,10.428571428571429,0.0
3,5135,9,True,0,2025-02-24,8,1.0,0.02,0.06,0,24,0,0,0,10.285714285714286,0.0
3,5175,9,True,0,2025-02-24,13,0.0,0.01,0.04,0,24,0,0,0,10.571428571428571,0.0
3,5212,9,True,0,2025-02-24,2,0.0,0.01,0.05,0,24,0,0,0,10.857142857142858,0.0
3,5272,9,True,0,2025-02-24,17,3.0,0.01,0.02,0,24,0,0,0,10.571428571428571,1.6499885754013786
3,147,10,False,0,2025-02-24,29,1.0,0.03,0.1,0,24,0,0,0,11.571428571428571,0.0
3,1782,10,False,0,2025-02-24,24,0.0,0.04,0.09,0,24,0,0,0,14.0,0.0
3,2377,10,False,0,2025-02-24,31,0.0,0.0,0.01,0,24,0,0,0,14.571428571428571,2.953562138986731
3,3203,10,False,0,2025-02-24,30,0.0,0.03,0.13,0,24,0,0,0,17.714285714285715,0.0
3,5018,10,False,0,2025-02-24,23,0.0,0.02,0.13,0,24,0,0,0,20.857142857142858,0.0
3,2058,11,False,0,2025-02-24,0,0.0,0.22,0.22,0,24,0,0,0,22.285714285714285,1.9481875888367715
3,2882,11,False,0,2025-02-24,20,0.0,0.23,0.23,0,24,0,0,0,22.0,0.0
3,3107,11,False,0,2025-02-24,3,0.0,0.12,0.15,0,24,0,0,0,22.428571428571427,0.0
3,3123,11,False,0,2025-02-24,24,1.0,0.23,0.22,0,24,0,0,0,18.714285714285715,0.0
3,3499,11,False,0,2025-02-24,15,5.0,0.09,0.08,0,24,0,0,0,18.714285714285715,2.845090490888476
3,3870,11,False,0,2025-02-24,3,0.0,0.15,0.18,0,24,0,0,0,16.428571428571427,0.0
3,4160,11,False,0,2025-02-24,6,1.0,0.16,0.19,0,24,0,0,0,12.571428571428571,0.0
3,5085,11,False,0,2025-02-24,20,0.0,0.23,0.22,0,24,0,0,0,10.142857142857142,0.0
3,488,1,False,0,2025-02-28,20,8.0,0.14,0.16,4,28,0,0,1,13.0,1.6599240733597882
3,1985,1,False,0,2025-02-28,10,0.0,0.14,0.15,4,28,0,0,1,13.0,0.0
3,2735,1,False,0,2025-02-28,18,0.0,0.14,0.16,4,28,0,0,1,14.0,1.6551524555615378
3,3664,1,False,0,2025-02-28,22,0.0,0.14,0.17,4,28,0,0,1,13.142857142857142,1.628032586249946
3,4052,1,False,0,2025-02-28,21,1.0,0.15,0.17,4,28,0,0,1,14.142857142857142,1.6158638364455862
3,48,3,True,0,2025-02-28,4,0.0,0.12,0.17,4,28,0,0,1,16.714285714285715,0.0
3,59,3,True,0,2025-02-28,10,0.0,0.02,0.02,4,28,0,0,1,16.428571428571427,0.0
3,82,3,True,0,2025-02-28,4,1.0,0.06,0.07,4,28,0,0,1,15.0,0.0
3,86,3,True,0,2025-02-28,2,0.0,0.12,0.15,4,28,0,0,1,12.714285714285714,0.0
3,87,3,True,0,2025-02-28,6,0.0,0.03,0.05,4,28,0,0,1,11.571428571428571,0.0
3,94,3,True,0,2025-02-28,2,0.0,0.08,0.14,4,28,0,0,1,9.857142857142858,0.0
3,103,3,True,0,2025-02-28,4,0.0,0.06,0.09,4,28,0,0,1,7.0,0.0
3,106,3,True,0,2025-02-28,5,0.0,0.04,0.06,4,28,0,0,1,4.571428571428571,0.0
3,167,3,True,0,2025-02-28,3,0.0,0.09,0.16,4,28,0,0,1,4.714285714285714,0.0
3,212,3,True,0,2025-02-28,2,0.0,0.05,0.07,4,28,0,0,1,3.7142857142857144,0.0
3,234,3,True,0,2025-02-28,1,0.0,0.08,0.11,4,28,0,0,1,3.4285714285714284,0.0
3,281,3,True,0,2025-02-28,1,0.0,0.07,0.1,4,28,0,0,1,3.2857142857142856,0.0
3,381,3,True,0,2025-02-28,4,0.0,0.04,0.05,4,28,0,0,1,2.5714285714285716,0.0
3,415,3,True,0,2025-02-28,0,1.0,0.07,0.1,4,28,0,0,1,2.857142857142857,0.0
3,440,3,True,0,2025-02-28,3,3.0,0.05,0.07,4,28,0,0,1,2.2857142857142856,0.0
3,470,3,True,0,2025-02-28,2,1.0,0.07,0.09,4,28,0,0,1,2.0,0.0
3,493,3,True,0,2025-02-28,5,0.0,0.11,0.12,4,28,0,0,1,1.8571428571428572,0.0
3,516,3,True,0,2025-02-28,18,0.0,0.02,0.02,4,28,0,0,1,2.2857142857142856,0.0
3,605,3,True,0,2025-02-28,4,0.0,0.05,0.07,4,28,0,0,1,4.714285714285714,0.0
3,612,3,True,0,2025-02-28,7,1.0,0.03,0.03,4,28,0,0,1,5.142857142857143,0.0
3,620,3,True,0,2025-02-28,5,0.0,0.02,0.03,4,28,0,0,1,5.571428571428571,0.0
3,650,3,True,0,2025-02-28,1,0.0,0.08,0.11,4,28,0,0,1,6.285714285714286,0.0
3,686,3,True,0,2025-02-28,2,0.0,0.03,0.04,4,28,0,0,1,6.0,0.0
3,703,3,True,0,2025-02-28,16,1.0,0.02,0.02,4,28,0,0,1,6.0,0.0
3,742,3,True,0,2025-02-28,5,0.0,0.04,0.05,4,28,0,0,1,7.571428571428571,0.0
3,855,3,True,0,2025-02-28,1,0.0,0.02,0.03,4,28,0,0,1,5.714285714285714,0.0
3,947,3,True,0,2025-02-28,42,0.0,0.01,0.01,4,28,0,0,1,5.285714285714286,0.0
3,1052,3,True,0,2025-02-28,6,1.0,0.02,0.03,4,28,0,0,1,10.285714285714286,0.0
3,1071,3,True,0,2025-02-28,2,0.0,0.02,0.05,4,28,0,0,1,10.428571428571429,0.0
3,1103,3,True,0,2025-02-28,4,0.0,0.1,0.13,4,28,0,0,1,10.571428571428571,0.0
3,1105,3,True,0,2025-02-28,7,0.0,0.05,0.07,4,28,0,0,1,10.857142857142858,0.0
3,1120,3,True,0,2025-02-28,5,1.0,0.06,0.09,4,28,0,0,1,9.571428571428571,0.0
3,1175,3,True,0,2025-02-28,5,0.0,0.01,0.03,4,28,0,0,1,9.571428571428571,0.0
3,1190,3,True,0,2025-02-28,5,1.0,0.04,0.05,4,28,0,0,1,10.142857142857142,0.0
3,1223,3,True,0,2025-02-28,2,0.0,0.03,0.05,4,28,0,0,1,4.857142857142857,0.0
3,1235,3,True,0,2025-02-28,2,0.0,0.06,0.08,4,28,0,0,1,4.285714285714286,0.0
3,1261,3,True,0,2025-02-28,2,0.0,0.07,0.09,4,28,0,0,1,4.285714285714286,0.0
3,1291,3,True,0,2025-02-28,6,1.0,0.04,0.05,4,28,0,0,1,4.0,0.0
3,1382,3,True,0,2025-02-28,2,0.0,0.05,0.07,4,28,0,0,1,3.857142857142857,0.0
3,1384,3,True,0,2025-02-28,3,0.0,0.08,0.1,4,28,0,0,1,3.4285714285714284,0.0
3,1390,3,True,0,2025-02-28,4,0.0,0.04,0.06,4,28,0,0,1,3.142857142857143,0.0
3,1447,3,True,0,2025-02-28,3,0.0,0.08,0.12,4,28,0,0,1,3.0,0.0
3,1470,3,True,0,2025-02-28,5,1.0,0.06,0.08,4,28,0,0,1,3.142857142857143,0.0
3,1503,3,True,0,2025-02-28,1,0.0,0.17,0.24,4,28,0,0,1,3.5714285714285716,0.0
3,1505,3,True,0,2025-02-28,8,1.0,0.01,0.02,4,28,0,0,1,3.4285714285714284,0.0
3,1531,3,True,0,2025-02-28,22,1.0,0.05,0.08,4,28,0,0,1,3.7142857142857144,0.0
3,1576,3,True,0,2025-02-28,2,0.0,0.13,0.17,4,28,0,0,1,6.571428571428571,0.0
3,1610,3,True,0,2025-02-28,29,0.0,0.01,0.01,4,28,0,0,1,6.428571428571429,0.0
3,1642,3,True,0,2025-02-28,1,0.0,0.09,0.11,4,28,0,0,1,10.0,0.0
3,1771,3,True,0,2025-02-28,2,0.0,0.17,0.26,4,28,0,0,1,9.714285714285714,0.0
3,1822,3,True,0,2025-02-28,4,0.0,0.08,0.11,4,28,0,0,1,9.285714285714286,0.0
3,1849,3,True,0,2025-02-28,3,0.0,0.05,0.06,4,28,0,0,1,9.714285714285714,0.0
3,1902,3,True,0,2025-02-28,4,0.0,0.03,0.04,4,28,0,0,1,9.0,0.0
3,1940,3,True,0,2025-02-28,3,0.0,0.04,0.06,4,28,0,0,1,6.428571428571429,0.0
3,1949,3,True,0,2025-02-28,1,0.0,0.04,0.05,4,28,0,0,1,6.571428571428571,0.0
3,1969,3,True,0,2025-02-28,2,0.0,0.13,0.15,4,28,0,0,1,2.5714285714285716,0.0
3,1988,3,True,0,2025-02-28,1,0.0,0.12,0.16,4,28,0,0,1,2.7142857142857144,0.0
3,1997,3,True,0,2025-02-28,10,0.0,0.01,0.02,4,28,0,0,1,2.5714285714285716,0.0
3,2039,3,True,0,2025-02-28,29,0.0,0.01,0.02,4,28,0,0,1,3.4285714285714284,0.0
3,2040,3,True,0,2025-02-28,3,0.0,0.08,0.11,4,28,0,0,1,7.142857142857143,0.0
3,2048,3,True,0,2025-02-28,2,0.0,0.04,0.06,4,28,0,0,1,7.0,0.0
3,2062,3,True,0,2025-02-28,3,0.0,0.11,0.14,4,28,0,0,1,6.857142857142857,0.0
3,2110,3,True,0,2025-02-28,4,0.0,0.06,0.08,4,28,0,0,1,7.142857142857143,0.0
3,2127,3,True,0,2025-02-28,54,0.0,0.03,0.04,4,28,0,0,1,7.428571428571429,0.0
3,2151,3,True,0,2025-02-28,0,0.0,0.0,0.01,4,28,0,0,1,15.0,0.0
3,2185,3,True,0,2025-02-28,10,1.0,0.04,0.05,4,28,0,0,1,13.571428571428571,0.0
3,2236,3,True,0,2025-02-28,6,0.0,0.07,0.09,4,28,0,0,1,10.857142857142858,0.0
3,2331,3,True,0,2025-02-28,1,0.0,0.52,0.59,4,28,0,0,1,11.285714285714286,0.0
3,2432,3,True,0,2025-02-28,2,0.0,0.03,0.04,4,28,0,0,1,11.142857142857142,0.0
3,2491,3,True,0,2025-02-28,2,0.0,0.03,0.05,4,28,0,0,1,11.0,0.0
3,2551,3,True,0,2025-02-28,11,0.0,0.02,0.02,4,28,0,0,1,10.714285714285714,0.0
3,2558,3,True,0,2025-02-28,3,0.0,0.08,0.11,4,28,0,0,1,4.571428571428571,0.0
3,2585,3,True,0,2025-02-28,2,0.0,0.03,0.03,4,28,0,0,1,5.0,0.0
3,2595,3,True,0,2025-02-28,31,0.0,0.0,0.01,4,28,0,0,1,3.857142857142857,0.0
3,2700,3,True,0,2025-02-28,24,0.0,0.01,0.01,4,28,0,0,1,7.428571428571429,0.0
3,2805,3,True,0,2025-02-28,1,0.0,0.08,0.11,4,28,0,0,1,10.714285714285714,0.0
3,2816,3,True,0,2025-02-28,3,0.0,0.06,0.08,4,28,0,0,1,10.571428571428571,0.0
3,2840,3,True,0,2025-02-28,5,0.0,0.17,0.21,4,28,0,0,1,10.714285714285714,0.0
3,2852,3,True,0,2025-02-28,1,0.0,0.07,0.1,4,28,0,0,1,9.857142857142858,0.0
3,2884,3,True,0,2025-02-28,1,0.0,0.23,0.28,4,28,0,0,1,9.571428571428571,0.0
3,2889,3,True,0,2025-02-28,8,0.0,0.03,0.04,4,28,0,0,1,9.428571428571429,0.0
3,3190,3,True,0,2025-02-28,24,0.0,0.02,0.02,4,28,0,0,1,6.142857142857143,0.0
3,3239,3,True,0,2025-02-28,4,0.0,0.06,0.07,4,28,0,0,1,6.142857142857143,0.0
3,3279,3,True,0,2025-02-28,2,0.0,0.02,0.03,4,28,0,0,1,6.571428571428571,0.0
3,3283,3,True,0,2025-02-28,2,0.0,0.1,0.13,4,28,0,0,1,6.428571428571429,0.0
3,3339,3,True,0,2025-02-28,39,0.0,0.01,0.01,4,28,0,0,1,6.0,0.0
3,3349,3,True,0,2025-02-28,2,0.0,0.27,0.32,4,28,0,0,1,11.428571428571429,0.0
3,3360,3,True,0,2025-02-28,1,0.0,0.02,0.04,4,28,0,0,1,11.571428571428571,0.0
3,3556,3,True,0,2025-02-28,1,0.0,0.26,0.35,4,28,0,0,1,10.571428571428571,0.0
3,3693,3,True,0,2025-02-28,21,0.0,0.01,0.01,4,28,0,0,1,7.285714285714286,0.0
3,3768,3,True,0,2025-02-28,1,0.0,0.02,0.02,4,28,0,0,1,9.714285714285714,0.0
3,3786,3,True,0,2025-02-28,0,0.0,0.05,0.15,4,28,0,0,1,9.571428571428571,0.0
3,3862,3,True,0,2025-02-28,3,0.0,0.07,0.09,4,28,0,0,1,9.285714285714286,0.0
3,3931,3,True,0,2025-02-28,11,0.0,0.01,0.02,4,28,0,0,1,4.142857142857143,0.0
3,3985,3,True,0,2025-02-28,4,0.0,0.12,0.15,4,28,0,0,1,5.428571428571429,0.0
3,4059,3,True,0,2025-02-28,1,0.0,0.33,0.42,4,28,0,0,1,5.857142857142857,0.0
3,4101,3,True,0,2025-02-28,5,0.0,0.13,0.15,4,28,0,0,1,5.857142857142857,0.0
3,4144,3,True,0,2025-02-28,26,0.0,0.02,0.03,4,28,0,0,1,3.5714285714285716,0.0
3,4176,3,True,0,2025-02-28,4,1.0,0.03,0.05,4,28,0,0,1,7.142857142857143,0.0
3,4204,3,True,0,2025-02-28,1,0.0,0.14,0.17,4,28,0,0,1,7.714285714285714,0.0
3,4205,3,True,0,2025-02-28,27,2.0,0.02,0.02,4,28,0,0,1,7.428571428571429,0.0
3,4215,3,True,0,2025-02-28,2,0.0,0.03,0.07,4,28,0,0,1,9.714285714285714,0.0
3,4252,3,True,0,2025-02-28,6,2.0,0.02,0.03,4,28,0,0,1,9.428571428571429,0.0
3,4321,3,True,0,2025-02-28,1,0.0,0.1,0.12,4,28,0,0,1,10.142857142857142,0.0
3,4333,3,True,0,2025-02-28,0,0.0,0.21,0.26,4,28,0,0,1,9.571428571428571,0.0
3,4426,3,True,0,2025-02-28,9,0.0,0.03,0.04,4,28,0,0,1,5.857142857142857,0.0
3,4433,3,True,0,2025-02-28,1,0.0,0.05,0.07,4,28,0,0,1,6.571428571428571,0.0
3,4439,3,True,0,2025-02-28,17,0.0,0.02,0.02,4,28,0,0,1,6.571428571428571,0.0
3,4447,3,True,0,2025-02-28,5,0.0,0.02,0.03,4,28,0,0,1,5.142857142857143,0.0
3,4461,3,True,0,2025-02-28,10,0.0,0.03,0.03,4,28,0,0,1,5.571428571428571,0.0
3,4470,3,True,0,2025-02-28,1,0.0,0.07,0.09,4,28,0,0,1,6.142857142857143,0.0
3,4488,3,True,0,2025-02-28,14,1.0,0.01,0.03,4,28,0,0,1,6.142857142857143,0.0
3,4504,3,True,0,2025-02-28,3,0.0,0.03,0.04,4,28,0,0,1,8.142857142857142,0.0
3,4523,3,True,0,2025-02-28,7,0.0,0.06,0.09,4,28,0,0,1,7.285714285714286,0.0
3,4596,3,True,0,2025-02-28,6,1.0,0.07,0.08,4,28,0,0,1,8.142857142857142,0.0
3,4633,3,True,0,2025-02-28,4,0.0,0.04,0.06,4,28,0,0,1,6.571428571428571,0.0
3,4713,3,True,0,2025-02-28,4,0.0,0.04,0.05,4,28,0,0,1,6.428571428571429,0.0
3,4722,3,True,0,2025-02-28,4,1.0,0.04,0.06,4,28,0,0,1,5.571428571428571,0.0
3,4766,3,True,0,2025-02-28,16,1.0,0.03,0.04,4,28,0,0,1,6.0,0.0
3,4786,3,True,0,2025-02-28,5,0.0,0.03,0.04,4,28,0,0,1,6.285714285714286,0.0
3,4800,3,True,0,2025-02-28,7,0.0,0.08,0.11,4,28,0,0,1,6.571428571428571,0.0
3,4809,3,True,0,2025-02-28,3,0.0,0.1,0.17,4,28,0,0,1,6.571428571428571,0.0
3,4810,3,True,0,2025-02-28,4,0.0,0.03,0.04,4,28,0,0,1,6.142857142857143,0.0
3,4818,3,True,0,2025-02-28,7,0.0,0.04,0.07,4,28,0,0,1,6.142857142857143,0.0
3,4826,3,True,0,2025-02-28,1,0.0,0.12,0.16,4,28,0,0,1,6.571428571428571,0.0
3,4847,3,True,0,2025-02-28,3,0.0,0.1,0.13,4,28,0,0,1,6.142857142857143,0.0
3,4889,3,True,0,2025-02-28,3,0.0,0.03,0.04,4,28,0,0,1,4.285714285714286,0.0
3,4952,3,True,0,2025-02-28,2,0.0,0.24,0.27,4,28,0,0,1,4.0,0.0
3,4960,3,True,0,2025-02-28,3,0.0,0.02,0.03,4,28,0,0,1,3.2857142857142856,0.0
3,5029,3,True,0,2025-02-28,3,1.0,0.06,0.08,4,28,0,0,1,3.2857142857142856,0.0
3,5057,3,True,0,2025-02-28,2,0.0,0.06,0.09,4,28,0,0,1,3.142857142857143,0.0
3,5060,3,True,0,2025-02-28,7,0.0,0.06,0.07,4,28,0,0,1,2.4285714285714284,0.0
3,5082,3,True,0,2025-02-28,3,0.0,0.04,0.06,4,28,0,0,1,3.2857142857142856,0.0
3,5090,3,True,0,2025-02-28,2,0.0,0.05,0.06,4,28,0,0,1,3.2857142857142856,0.0
3,5153,3,True,0,2025-02-28,1,0.0,0.09,0.11,4,28,0,0,1,3.142857142857143,0.0
3,5167,3,True,0,2025-02-28,8,0.0,0.05,0.06,4,28,0,0,1,3.0,0.0
3,5176,3,True,0,2025-02-28,2,0.0,0.24,0.31,4,28,0,0,1,3.7142857142857144,0.0
3,5183,3,True,0,2025-02-28,2,0.0,0.03,0.04,4,28,0,0,1,3.5714285714285716,0.0
3,5259,3,True,0,2025-02-28,3,0.0,0.06,0.08,4,28,0,0,1,3.5714285714285716,0.0
3,4,4,False,0,2025-02-28,4,0.0,0.12,0.16,4,28,0,0,1,3.0,0.0
3,19,4,False,0,2025-02-28,0,0.0,0.01,0.02,4,28,0,0,1,3.142857142857143,0.0
3,31,4,False,0,2025-02-28,1,1.0,0.02,0.03,4,28,0,0,1,2.857142857142857,0.0
3,34,4,False,0,2025-02-28,3,0.0,0.01,0.01,4,28,0,0,1,2.857142857142857,0.0
3,47,4,False,0,2025-02-28,5,0.0,0.01,0.02,4,28,0,0,1,2.142857142857143,0.0
3,61,4,False,0,2025-02-28,4,0.0,0.01,0.02,4,28,0,0,1,2.5714285714285716,0.0
3,70,4,False,0,2025-02-28,3,0.0,0.03,0.06,4,28,0,0,1,2.857142857142857,0.0
3,91,4,False,0,2025-02-28,4,0.0,0.03,0.03,4,28,0,0,1,2.857142857142857,0.0
3,107,4,False,0,2025-02-28,3,0.0,0.03,0.04,4,28,0,0,1,2.857142857142857,0.0
3,122,4,False,0,2025-02-28,1,0.0,0.03,0.04,4,28,0,0,1,3.2857142857142856,0.0
3,155,4,False,0,2025-02-28,3,0.0,0.04,0.06,4,28,0,0,1,3.2857142857142856,0.0
3,200,4,False,0,2025-02-28,2,0.0,0.04,0.05,4,28,0,0,1,3.2857142857142856,0.0
3,248,4,False,0,2025-02-28,2,1.0,0.05,0.07,4,28,0,0,1,2.857142857142857,0.0
3,249,4,False,0,2025-02-28,2,0.0,0.13,0.17,4,28,0,0,1,2.5714285714285716,0.0
3,283,4,False,0,2025-02-28,3,0.0,0.03,0.05,4,28,0,0,1,2.4285714285714284,0.0
3,355,4,False,0,2025-02-28,2,0.0,0.02,0.03,4,28,0,0,1,2.2857142857142856,0.0
3,363,4,False,0,2025-02-28,3,0.0,0.01,0.01,4,28,0,0,1,2.142857142857143,0.0
3,371,4,False,0,2025-02-28,3,0.0,0.01,0.01,4,28,0,0,1,2.4285714285714284,0.0
3,393,4,False,0,2025-02-28,3,0.0,0.02,0.03,4,28,0,0,1,2.4285714285714284,0.0
3,442,4,False,0,2025-02-28,2,0.0,0.05,0.08,4,28,0,0,1,2.5714285714285716,0.0
3,495,4,False,0,2025-02-28,3,0.0,0.02,0.03,4,28,0,0,1,2.5714285714285716,0.0
3,523,4,False,0,2025-02-28,3,0.0,0.03,0.05,4,28,0,0,1,2.7142857142857144,0.0
3,538,4,False,0,2025-02-28,2,0.0,0.02,0.04,4,28,0,0,1,2.7142857142857144,0.0
3,542,4,False,0,2025-02-28,2,0.0,0.04,0.05,4,28,0,0,1,2.7142857142857144,0.0
3,544,4,False,0,2025-02-28,4,0.0,0.02,0.04,4,28,0,0,1,2.5714285714285716,0.0
3,564,4,False,0,2025-02-28,4,0.0,0.02,0.03,4,28,0,0,1,2.7142857142857144,0.0
3,610,4,False,0,2025-02-28,4,0.0,0.04,0.06,4,28,0,0,1,2.857142857142857,0.0
3,619,4,False,0,2025-02-28,2,0.0,0.04,0.05,4,28,0,0,1,3.142857142857143,0.0
3,636,4,False,0,2025-02-28,3,0.0,0.02,0.03,4,28,0,0,1,3.0,0.0
3,645,4,False,0,2025-02-28,3,0.0,0.01,0.02,4,28,0,0,1,3.0,0.0
3,653,4,False,0,2025-02-28,2,0.0,0.02,0.03,4,28,0,0,1,3.142857142857143,0.0
3,668,4,False,0,2025-02-28,3,0.0,0.03,0.04,4,28,0,0,1,3.142857142857143,0.0
3,701,4,False,0,2025-02-28,4,0.0,0.02,0.04,4,28,0,0,1,3.0,0.0
3,717,4,False,0,2025-02-28,2,0.0,0.05,0.07,4,28,0,0,1,3.0,0.0
3,768,4,False,0,2025-02-28,1,0.0,0.03,0.04,4,28,0,0,1,2.7142857142857144,0.0
3,769,4,False,0,2025-02-28,5,0.0,0.01,0.01,4,28,0,0,1,2.5714285714285716,0.0
3,780,4,False,0,2025-02-28,8,0.0,0.03,0.05,4,28,0,0,1,2.857142857142857,0.0
3,794,4,False,0,2025-02-28,0,0.0,0.04,0.05,4,28,0,0,1,3.5714285714285716,0.0
3,854,4,False,0,2025-02-28,1,0.0,0.05,0.06,4,28,0,0,1,3.2857142857142856,0.0
3,858,4,False,0,2025-02-28,2,0.0,0.04,0.06,4,28,0,0,1,3.0,0.0
3,864,4,False,0,2025-02-28,4,0.0,0.02,0.03,4,28,0,0,1,2.7142857142857144,0.0
3,875,4,False,0,2025-02-28,3,0.0,0.02,0.03,4,28,0,0,1,3.0,0.0
3,891,4,False,0,2025-02-28,4,0.0,0.03,0.04,4,28,0,0,1,3.2857142857142856,0.0
3,961,4,False,0,2025-02-28,2,0.0,0.05,0.06,4,28,0,0,1,3.142857142857143,0.0
3,979,4,False,0,2025-02-28,4,0.0,0.06,0.07,4,28,0,0,1,2.2857142857142856,0.0
3,1017,4,False,0,2025-02-28,3,0.0,0.03,0.04,4,28,0,0,1,2.857142857142857,0.0
3,1047,4,False,0,2025-02-28,4,0.0,0.09,0.14,4,28,0,0,1,3.142857142857143,0.0
3,1057,4,False,0,2025-02-28,3,0.0,0.04,0.06,4,28,0,0,1,3.4285714285714284,0.0
3,1095,4,False,0,2025-02-28,3,0.0,0.03,0.05,4,28,0,0,1,3.2857142857142856,0.0
3,1107,4,False,0,2025-02-28,2,0.0,0.02,0.03,4,28,0,0,1,3.2857142857142856,0.0
3,1161,4,False,0,2025-02-28,2,0.0,0.02,0.03,4,28,0,0,1,3.0,0.0
3,1177,4,False,0,2025-02-28,4,0.0,0.1,0.15,4,28,0,0,1,3.0,0.0
3,1189,4,False,0,2025-02-28,2,0.0,0.02,0.04,4,28,0,0,1,3.0,0.0
3,1193,4,False,0,2025-02-28,2,0.0,0.02,0.03,4,28,0,0,1,2.857142857142857,0.0
3,1202,4,False,0,2025-02-28,2,0.0,0.02,0.04,4,28,0,0,1,2.5714285714285716,0.0
3,1215,4,False,0,2025-02-28,2,0.0,0.01,0.02,4,28,0,0,1,2.4285714285714284,0.0
3,1224,4,False,0,2025-02-28,5,0.0,0.04,0.04,4,28,0,0,1,2.2857142857142856,0.0
3,1267,4,False,0,2025-02-28,1,0.0,0.07,0.09,4,28,0,0,1,2.7142857142857144,0.0
3,1293,4,False,0,2025-02-28,6,0.0,0.03,0.04,4,28,0,0,1,2.5714285714285716,0.0
3,1303,4,False,0,2025-02-28,4,0.0,0.06,0.08,4,28,0,0,1,2.857142857142857,0.0
3,1338,4,False,0,2025-02-28,2,0.0,0.06,0.09,4,28,0,0,1,3.142857142857143,0.0
3,1344,4,False,0,2025-02-28,3,0.0,0.06,0.09,4,28,0,0,1,3.142857142857143,0.0
3,1350,4,False,0,2025-02-28,0,0.0,0.03,0.06,4,28,0,0,1,3.2857142857142856,0.0
3,1367,4,False,0,2025-02-28,2,0.0,0.02,0.03,4,28,0,0,1,3.0,0.0
3,1404,4,False,0,2025-02-28,2,2.0,0.02,0.04,4,28,0,0,1,2.5714285714285716,0.0
3,1421,4,False,0,2025-02-28,3,0.0,0.02,0.03,4,28,0,0,1,2.7142857142857144,0.0
3,1448,4,False,0,2025-02-28,2,0.0,0.06,0.07,4,28,0,0,1,2.2857142857142856,0.0
3,1466,4,False,0,2025-02-28,0,0.0,0.02,0.04,4,28,0,0,1,2.0,0.0
3,1479,4,False,0,2025-02-28,2,0.0,0.04,0.06,4,28,0,0,1,1.7142857142857142,0.0
3,1483,4,False,0,2025-02-28,4,0.0,0.02,0.03,4,28,0,0,1,1.5714285714285714,0.0
3,1498,4,False,0,2025-02-28,4,0.0,0.12,0.17,4,28,0,0,1,2.142857142857143,0.0
3,1517,4,False,0,2025-02-28,2,0.0,0.02,0.02,4,28,0,0,1,2.4285714285714284,0.0
3,1533,4,False,0,2025-02-28,3,0.0,0.05,0.07,4,28,0,0,1,2.4285714285714284,0.0
3,1606,4,False,0,2025-02-28,1,0.0,0.04,0.05,4,28,0,0,1,2.4285714285714284,0.0
3,1622,4,False,0,2025-02-28,3,0.0,0.07,0.09,4,28,0,0,1,2.2857142857142856,0.0
3,1624,4,False,0,2025-02-28,3,0.0,0.04,0.03,4,28,0,0,1,2.7142857142857144,0.0
3,1625,4,False,0,2025-02-28,2,0.0,0.03,0.04,4,28,0,0,1,2.857142857142857,0.0
3,1634,4,False,0,2025-02-28,3,0.0,0.05,0.07,4,28,0,0,1,2.5714285714285716,0.0
3,1648,4,False,0,2025-02-28,4,0.0,0.03,0.04,4,28,0,0,1,2.4285714285714284,0.0
3,1654,4,False,0,2025-02-28,4,0.0,0.01,0.02,4,28,0,0,1,2.7142857142857144,0.0
3,1672,4,False,0,2025-02-28,3,0.0,0.02,0.02,4,28,0,0,1,2.857142857142857,0.0
3,1693,4,False,0,2025-02-28,4,0.0,0.02,0.04,4,28,0,0,1,3.142857142857143,0.0
3,1805,4,False,0,2025-02-28,3,0.0,0.04,0.06,4,28,0,0,1,3.2857142857142856,0.0
3,1806,4,False,0,2025-02-28,3,0.0,0.08,0.12,4,28,0,0,1,3.2857142857142856,0.0
3,1824,4,False,0,2025-02-28,3,0.0,0.01,0.01,4,28,0,0,1,3.4285714285714284,0.0
3,1836,4,False,0,2025-02-28,4,0.0,0.04,0.04,4,28,0,0,1,3.4285714285714284,0.0
3,1838,4,False,0,2025-02-28,3,0.0,0.01,0.01,4,28,0,0,1,3.4285714285714284,0.0
3,1842,4,False,0,2025-02-28,3,0.0,0.01,0.01,4,28,0,0,1,3.2857142857142856,0.0
3,1856,4,False,0,2025-02-28,2,0.0,0.02,0.04,4,28,0,0,1,3.2857142857142856,0.0
3,1861,4,False,0,2025-02-28,1,0.0,0.02,0.03,4,28,0,0,1,3.0,0.0
3,1869,4,False,0,2025-02-28,3,0.0,0.01,0.01,4,28,0,0,1,2.7142857142857144,0.0
3,1870,4,False,0,2025-02-28,2,0.0,0.04,0.06,4,28,0,0,1,2.7142857142857144,0.0
3,1894,4,False,0,2025-02-28,2,0.0,0.03,0.04,4,28,0,0,1,2.5714285714285716,0.0
3,1928,4,False,0,2025-02-28,2,0.0,0.01,0.01,4,28,0,0,1,2.2857142857142856,0.0
3,1942,4,False,0,2025-02-28,4,0.0,0.01,0.02,4,28,0,0,1,2.142857142857143,0.0
3,1958,4,False,0,2025-02-28,2,0.0,0.04,0.06,4,28,0,0,1,2.2857142857142856,0.0
3,1959,4,False,0,2025-02-28,2,0.0,0.05,0.08,4,28,0,0,1,2.2857142857142856,0.0
3,1968,4,False,0,2025-02-28,5,0.0,0.03,0.05,4,28,0,0,1,2.4285714285714284,0.0
3,1996,4,False,0,2025-02-28,4,0.0,0.01,0.02,4,28,0,0,1,2.7142857142857144,0.0
3,1999,4,False,0,2025-02-28,0,0.0,0.01,0.01,4,28,0,0,1,3.0,0.0
3,2022,4,False,0,2025-02-28,3,0.0,0.03,0.04,4,28,0,0,1,2.7142857142857144,0.0
3,2024,4,False,0,2025-02-28,2,0.0,0.02,0.04,4,28,0,0,1,2.857142857142857,0.0
3,2064,4,False,0,2025-02-28,2,0.0,0.02,0.02,4,28,0,0,1,2.5714285714285716,0.0
3,2092,4,False,0,2025-02-28,3,0.0,0.04,0.06,4,28,0,0,1,2.5714285714285716,0.0
3,2097,4,False,0,2025-02-28,1,0.0,0.03,0.04,4,28,0,0,1,2.7142857142857144,0.0
3,2103,4,False,0,2025-02-28,1,0.0,0.01,0.02,4,28,0,0,1,2.142857142857143,0.0
3,2137,4,False,0,2025-02-28,2,0.0,0.04,0.06,4,28,0,0,1,1.7142857142857142,0.0
3,2150,4,False,0,2025-02-28,2,0.0,0.01,0.02,4,28,0,0,1,2.0,0.0
3,2180,4,False,0,2025-02-28,3,0.0,0.05,0.08,4,28,0,0,1,1.8571428571428572,0.0
3,2239,4,False,0,2025-02-28,2,0.0,0.03,0.04,4,28,0,0,1,2.0,0.0
3,2252,4,False,0,2025-02-28,1,0.0,0.02,0.03,4,28,0,0,1,2.0,0.0
3,2297,4,False,0,2025-02-28,3,0.0,0.14,0.15,4,28,0,0,1,1.7142857142857142,0.0
3,2312,4,False,0,2025-02-28,2,0.0,0.05,0.08,4,28,0,0,1,2.0,0.0
3,2320,4,False,0,2025-02-28,2,0.0,0.03,0.04,4,28,0,0,1,2.142857142857143,0.0
3,2355,4,False,0,2025-02-28,2,0.0,0.05,0.09,4,28,0,0,1,2.142857142857143,0.0
3,2369,4,False,0,2025-02-28,4,0.0,0.03,0.05,4,28,0,0,1,2.142857142857143,0.0
3,2423,4,False,0,2025-02-28,4,0.0,0.02,0.03,4,28,0,0,1,2.2857142857142856,0.0
3,2456,4,False,0,2025-02-28,2,0.0,0.02,0.03,4,28,0,0,1,2.5714285714285716,0.0
3,2495,4,False,0,2025-02-28,2,0.0,0.05,0.08,4,28,0,0,1,2.7142857142857144,0.0
3,2517,4,False,0,2025-02-28,1,0.0,0.05,0.07,4,28,0,0,1,2.5714285714285716,0.0
3,2550,4,False,0,2025-02-28,3,0.0,0.03,0.05,4,28,0,0,1,2.4285714285714284,0.0
3,2569,4,False,0,2025-02-28,1,0.0,0.01,0.02,4,28,0,0,1,2.5714285714285716,0.0
3,2586,4,False,0,2025-02-28,2,0.0,0.04,0.06,4,28,0,0,1,2.4285714285714284,0.0
3,2644,4,False,0,2025-02-28,2,0.0,0.05,0.08,4,28,0,0,1,2.142857142857143,0.0
3,2711,4,False,0,2025-02-28,2,0.0,0.04,0.06,4,28,0,0,1,1.8571428571428572,0.0
3,2750,4,False,0,2025-02-28,3,0.0,0.01,0.01,4,28,0,0,1,1.8571428571428572,0.0
3,2773,4,False,0,2025-02-28,4,0.0,0.02,0.04,4,28,0,0,1,2.0,0.0
3,2800,4,False,0,2025-02-28,2,0.0,0.02,0.04,4,28,0,0,1,2.4285714285714284,0.0
3,2908,4,False,0,2025-02-28,6,0.0,0.03,0.04,4,28,0,0,1,2.2857142857142856,0.0
3,2943,4,False,0,2025-02-28,6,0.0,0.02,0.02,4,28,0,0,1,3.0,0.0
3,2955,4,False,0,2025-02-28,1,0.0,0.01,0.02,4,28,0,0,1,3.5714285714285716,0.0
3,2973,4,False,0,2025-02-28,4,0.0,0.04,0.05,4,28,0,0,1,3.4285714285714284,0.0
3,2988,4,False,0,2025-02-28,2,0.0,0.02,0.03,4,28,0,0,1,3.7142857142857144,0.0
3,2995,4,False,0,2025-02-28,8,0.0,0.05,0.07,4,28,0,0,1,3.5714285714285716,0.0
3,3003,4,False,0,2025-02-28,3,0.0,0.02,0.04,4,28,0,0,1,4.142857142857143,0.0
3,3029,4,False,0,2025-02-28,3,0.0,0.09,0.12,4,28,0,0,1,4.285714285714286,0.0
3,3127,4,False,0,2025-02-28,3,0.0,0.12,0.16,4,28,0,0,1,3.857142857142857,0.0
3,3130,4,False,0,2025-02-28,5,0.0,0.14,0.22,4,28,0,0,1,3.4285714285714284,0.0
3,3166,4,False,0,2025-02-28,3,0.0,0.01,0.01,4,28,0,0,1,4.0,0.0
3,3169,4,False,0,2025-02-28,3,0.0,0.02,0.03,4,28,0,0,1,3.857142857142857,0.0
3,3174,4,False,0,2025-02-28,4,0.0,0.01,0.01,4,28,0,0,1,4.0,0.0
3,3222,4,False,0,2025-02-28,2,0.0,0.02,0.04,4,28,0,0,1,3.4285714285714284,0.0
3,3281,4,False,0,2025-02-28,1,0.0,0.06,0.08,4,28,0,0,1,3.2857142857142856,0.0
3,3344,4,False,0,2025-02-28,3,0.0,0.04,0.05,4,28,0,0,1,3.0,0.0
3,3374,4,False,0,2025-02-28,2,0.0,0.06,0.09,4,28,0,0,1,3.0,0.0
3,3376,4,False,0,2025-02-28,2,0.0,0.03,0.05,4,28,0,0,1,2.5714285714285716,0.0
3,3400,4,False,0,2025-02-28,5,0.0,0.01,0.01,4,28,0,0,1,2.4285714285714284,0.0
3,3425,4,False,0,2025-02-28,0,0.0,0.01,0.02,4,28,0,0,1,2.7142857142857144,0.0
3,3428,4,False,0,2025-02-28,2,0.0,0.04,0.06,4,28,0,0,1,2.142857142857143,0.0
3,3442,4,False,0,2025-02-28,8,0.0,0.07,0.1,4,28,0,0,1,2.142857142857143,0.0
3,3459,4,False,0,2025-02-28,3,0.0,0.04,0.06,4,28,0,0,1,3.142857142857143,0.0
3,3460,4,False,0,2025-02-28,2,0.0,0.02,0.03,4,28,0,0,1,3.142857142857143,0.0
3,3462,4,False,0,2025-02-28,6,0.0,0.03,0.05,4,28,0,0,1,3.142857142857143,0.0
3,3471,4,False,0,2025-02-28,3,0.0,0.03,0.04,4,28,0,0,1,3.7142857142857144,0.0
3,3497,4,False,0,2025-02-28,2,0.0,0.04,0.06,4,28,0,0,1,3.4285714285714284,0.0
3,3511,4,False,0,2025-02-28,4,0.0,0.04,0.07,4,28,0,0,1,3.7142857142857144,0.0
3,3603,4,False,0,2025-02-28,2,0.0,0.04,0.06,4,28,0,0,1,4.0,0.0
3,3618,4,False,0,2025-02-28,5,0.0,0.12,0.17,4,28,0,0,1,3.142857142857143,0.0
3,3669,4,False,0,2025-02-28,3,0.0,0.01,0.01,4,28,0,0,1,3.4285714285714284,0.0
3,3670,4,False,0,2025-02-28,4,0.0,0.03,0.05,4,28,0,0,1,3.5714285714285716,0.0
3,3671,4,False,0,2025-02-28,2,0.0,0.04,0.07,4,28,0,0,1,3.2857142857142856,0.0
3,3678,4,False,0,2025-02-28,2,0.0,0.03,0.05,4,28,0,0,1,3.142857142857143,0.0
3,3685,4,False,0,2025-02-28,0,0.0,0.03,0.05,4,28,0,0,1,3.142857142857143,0.0
3,3720,4,False,0,2025-02-28,1,0.0,0.05,0.08,4,28,0,0,1,2.5714285714285716,0.0
3,3738,4,False,0,2025-02-28,3,0.0,0.01,0.01,4,28,0,0,1,2.4285714285714284,0.0
3,3744,4,False,0,2025-02-28,4,0.0,0.04,0.05,4,28,0,0,1,2.142857142857143,0.0
3,3797,4,False,0,2025-02-28,9,0.0,0.03,0.04,4,28,0,0,1,2.2857142857142856,0.0
3,3799,4,False,0,2025-02-28,2,0.0,0.03,0.05,4,28,0,0,1,3.0,0.0
3,3820,4,False,0,2025-02-28,2,0.0,0.02,0.04,4,28,0,0,1,3.0,0.0
3,3821,4,False,0,2025-02-28,2,0.0,0.04,0.06,4,28,0,0,1,3.0,0.0
3,3826,4,False,0,2025-02-28,4,0.0,0.03,0.04,4,28,0,0,1,3.2857142857142856,0.0
3,3831,4,False,0,2025-02-28,3,0.0,0.01,0.02,4,28,0,0,1,3.7142857142857144,0.0
3,3858,4,False,0,2025-02-28,2,0.0,0.06,0.08,4,28,0,0,1,3.7142857142857144,0.0
3,3894,4,False,0,2025-02-28,3,1.0,0.02,0.03,4,28,0,0,1,3.4285714285714284,0.0
3,3898,4,False,0,2025-02-28,2,0.0,0.06,0.1,4,28,0,0,1,2.5714285714285716,0.0
3,3913,4,False,0,2025-02-28,4,0.0,0.03,0.05,4,28,0,0,1,2.5714285714285716,0.0
3,3917,4,False,0,2025-02-28,4,0.0,0.01,0.01,4,28,0,0,1,2.857142857142857,0.0
3,3925,4,False,0,2025-02-28,0,0.0,0.03,0.04,4,28,0,0,1,3.142857142857143,0.0
3,3940,4,False,0,2025-02-28,2,0.0,0.05,0.06,4,28,0,0,1,2.5714285714285716,0.0
3,3954,4,False,0,2025-02-28,0,0.0,0.02,0.03,4,28,0,0,1,2.4285714285714284,0.0
3,3966,4,False,0,2025-02-28,1,0.0,0.02,0.04,4,28,0,0,1,2.142857142857143,0.0
3,3969,4,False,0,2025-02-28,1,0.0,0.01,0.03,4,28,0,0,1,1.8571428571428572,0.0
3,3977,4,False,0,2025-02-28,4,0.0,0.06,0.08,4,28,0,0,1,1.7142857142857142,0.0
3,4001,4,False,0,2025-02-28,2,0.0,0.04,0.05,4,28,0,0,1,1.7142857142857142,0.0
3,4034,4,False,0,2025-02-28,3,0.0,0.08,0.11,4,28,0,0,1,1.4285714285714286,0.0
3,4054,4,False,0,2025-02-28,1,1.0,0.02,0.04,4,28,0,0,1,1.8571428571428572,0.0
3,4061,4,False,0,2025-02-28,2,0.0,0.05,0.07,4,28,0,0,1,1.7142857142857142,0.0
3,4086,4,False,0,2025-02-28,4,0.0,0.02,0.02,4,28,0,0,1,2.0,0.0
3,4096,4,False,0,2025-02-28,1,1.0,0.05,0.07,4,28,0,0,1,2.4285714285714284,0.0
3,4142,4,False,0,2025-02-28,4,0.0,0.02,0.03,4,28,0,0,1,2.4285714285714284,0.0
3,4156,4,False,0,2025-02-28,4,0.0,0.03,0.05,4,28,0,0,1,2.4285714285714284,0.0
3,4229,4,False,0,2025-02-28,2,0.0,0.02,0.04,4,28,0,0,1,2.7142857142857144,0.0
3,4244,4,False,0,2025-02-28,2,0.0,0.02,0.04,4,28,0,0,1,2.5714285714285716,0.0
3,4264,4,False,0,2025-02-28,2,0.0,0.05,0.07,4,28,0,0,1,2.7142857142857144,0.0
3,4331,4,False,0,2025-02-28,5,0.0,0.01,0.02,4,28,0,0,1,2.7142857142857144,0.0
3,4365,4,False,0,2025-02-28,2,0.0,0.04,0.06,4,28,0,0,1,2.857142857142857,0.0
3,4366,4,False,0,2025-02-28,3,0.0,0.05,0.06,4,28,0,0,1,3.0,0.0
3,4420,4,False,0,2025-02-28,3,0.0,0.02,0.02,4,28,0,0,1,2.857142857142857,0.0
3,4436,4,False,0,2025-02-28,2,0.0,0.02,0.03,4,28,0,0,1,2.7142857142857144,0.0
3,4444,4,False,0,2025-02-28,2,0.0,0.07,0.1,4,28,0,0,1,2.7142857142857144,0.0
3,4450,4,False,0,2025-02-28,4,0.0,0.02,0.03,4,28,0,0,1,2.7142857142857144,0.0
3,4458,4,False,0,2025-02-28,10,0.0,0.03,0.05,4,28,0,0,1,3.0,0.0
3,4465,4,False,0,2025-02-28,4,0.0,0.02,0.04,4,28,0,0,1,3.7142857142857144,0.0
3,4472,4,False,0,2025-02-28,5,0.0,0.01,0.01,4,28,0,0,1,4.0,0.0
3,4507,4,False,0,2025-02-28,3,0.0,0.03,0.04,4,28,0,0,1,4.285714285714286,0.0
3,4525,4,False,0,2025-02-28,3,0.0,0.01,0.03,4,28,0,0,1,4.285714285714286,0.0
3,4536,4,False,0,2025-02-28,2,1.0,0.01,0.01,4,28,0,0,1,4.428571428571429,0.0
3,4564,4,False,0,2025-02-28,3,0.0,0.02,0.04,4,28,0,0,1,4.428571428571429,0.0
3,4568,4,False,0,2025-02-28,5,0.0,0.01,0.01,4,28,0,0,1,4.285714285714286,0.0
3,4604,4,False,0,2025-02-28,2,0.0,0.02,0.03,4,28,0,0,1,3.5714285714285716,0.0
3,4610,4,False,0,2025-02-28,0,2.0,0.06,0.09,4,28,0,0,1,3.2857142857142856,0.0
3,4620,4,False,0,2025-02-28,1,0.0,0.02,0.04,4,28,0,0,1,2.5714285714285716,0.0
3,4648,4,False,0,2025-02-28,2,0.0,0.05,0.07,4,28,0,0,1,2.2857142857142856,0.0
3,4700,4,False,0,2025-02-28,1,1.0,0.02,0.03,4,28,0,0,1,2.142857142857143,0.0
3,4741,4,False,0,2025-02-28,6,0.0,0.02,0.05,4,28,0,0,1,2.0,0.0
3,4759,4,False,0,2025-02-28,4,0.0,0.04,0.04,4,28,0,0,1,2.4285714285714284,0.0
3,4770,4,False,0,2025-02-28,2,0.0,0.03,0.03,4,28,0,0,1,2.2857142857142856,0.0
3,4774,4,False,0,2025-02-28,4,0.0,0.03,0.04,4,28,0,0,1,2.2857142857142856,0.0
3,4903,4,False,0,2025-02-28,4,0.0,0.01,0.02,4,28,0,0,1,2.857142857142857,0.0
3,4915,4,False,0,2025-02-28,5,0.0,0.01,0.02,4,28,0,0,1,3.2857142857142856,0.0
3,4929,4,False,0,2025-02-28,3,0.0,0.03,0.04,4,28,0,0,1,3.7142857142857144,0.0
3,4961,4,False,0,2025-02-28,7,0.0,0.03,0.06,4,28,0,0,1,4.0,0.0
3,4987,4,False,0,2025-02-28,2,0.0,0.02,0.03,4,28,0,0,1,4.142857142857143,0.0
3,4992,4,False,0,2025-02-28,1,1.0,0.04,0.05,4,28,0,0,1,3.857142857142857,0.0
3,4997,4,False,0,2025-02-28,2,0.0,0.07,0.1,4,28,0,0,1,3.7142857142857144,0.0
3,4998,4,False,0,2025-02-28,3,0.0,0.01,0.01,4,28,0,0,1,3.4285714285714284,0.0
3,5008,4,False,0,2025-02-28,2,0.0,0.02,0.03,4,28,0,0,1,3.2857142857142856,0.0
3,5048,4,False,0,2025-02-28,1,0.0,0.01,0.02,4,28,0,0,1,2.857142857142857,0.0
3,5091,4,False,0,2025-02-28,3,0.0,0.06,0.08,4,28,0,0,1,2.5714285714285716,0.0
3,5100,4,False,0,2025-02-28,3,0.0,0.02,0.03,4,28,0,0,1,2.0,0.0
3,5112,4,False,0,2025-02-28,1,0.0,0.02,0.04,4,28,0,0,1,2.142857142857143,0.0
3,5118,4,False,0,2025-02-28,2,0.0,0.05,0.08,4,28,0,0,1,2.142857142857143,0.0
3,5120,4,False,0,2025-02-28,0,0.0,0.02,0.03,4,28,0,0,1,2.142857142857143,0.0
3,5123,4,False,0,2025-02-28,2,0.0,0.02,0.04,4,28,0,0,1,1.7142857142857142,0.0
3,5130,4,False,0,2025-02-28,3,0.0,0.02,0.03,4,28,0,0,1,1.7142857142857142,0.0
3,5149,4,False,0,2025-02-28,2,0.0,0.12,0.14,4,28,0,0,1,2.0,0.0
3,5163,4,False,0,2025-02-28,1,0.0,0.05,0.09,4,28,0,0,1,1.8571428571428572,0.0
3,5169,4,False,0,2025-02-28,3,0.0,0.06,0.08,4,28,0,0,1,1.5714285714285714,0.0
3,5172,4,False,0,2025-02-28,2,0.0,0.04,0.06,4,28,0,0,1,1.8571428571428572,0.0
3,5177,4,False,0,2025-02-28,3,0.0,0.01,0.01,4,28,0,0,1,1.8571428571428572,0.0
3,5199,4,False,0,2025-02-28,2,0.0,0.02,0.02,4,28,0,0,1,2.2857142857142856,0.0
3,5234,4,False,0,2025-02-28,2,0.0,0.02,0.03,4,28,0,0,1,2.2857142857142856,0.0
3,5241,4,False,0,2025-02-28,3,0.0,0.01,0.01,4,28,0,0,1,2.142857142857143,0.0
3,5247,4,False,0,2025-02-28,0,0.0,0.02,0.02,4,28,0,0,1,2.2857142857142856,0.0
3,5267,4,False,0,2025-02-28,3,0.0,0.02,0.03,4,28,0,0,1,2.142857142857143,0.0
3,5269,4,False,0,2025-02-28,2,0.0,0.01,0.02,4,28,0,0,1,2.142857142857143,0.0
3,5275,4,False,0,2025-02-28,4,0.0,0.02,0.05,4,28,0,0,1,2.142857142857143,0.0
3,5283,4,False,0,2025-02-28,3,0.0,0.03,0.04,4,28,0,0,1,2.2857142857142856,0.0
3,172,5,True,0,2025-02-28,190,1.0,0.01,0.01,4,28,0,0,1,2.4285714285714284,0.0
3,327,5,True,0,2025-02-28,9,0.0,0.01,0.03,4,28,0,0,1,29.285714285714285,0.0
3,697,5,True,0,2025-02-28,9,0.0,0.04,0.16,4,28,0,0,1,30.142857142857142,0.0
3,1278,5,True,0,2025-02-28,4,1.0,0.02,0.05,4,28,0,0,1,31.428571428571427,0.0
3,1463,5,True,0,2025-02-28,7,0.0,0.01,0.04,4,28,0,0,1,31.571428571428573,0.0
3,1471,5,True,0,2025-02-28,9,0.0,0.02,0.05,4,28,0,0,1,32.285714285714285,0.0
3,1580,5,True,0,2025-02-28,8,0.0,0.02,0.04,4,28,0,0,1,33.0,0.0
3,1795,5,True,0,2025-02-28,4,0.0,0.02,0.04,4,28,0,0,1,33.714285714285715,0.0
3,1860,5,True,0,2025-02-28,12,0.0,0.03,0.04,4,28,0,0,1,7.142857142857143,0.0
3,2169,5,True,0,2025-02-28,12,0.0,0.01,0.02,4,28,0,0,1,7.571428571428571,0.0
3,2338,5,True,0,2025-02-28,57,1.0,0.01,0.04,4,28,0,0,1,8.0,0.0
3,2381,5,True,0,2025-02-28,72,3.0,0.04,0.07,4,28,0,0,1,15.571428571428571,1.8886000938198908
3,2518,5,True,0,2025-02-28,17,1.0,0.02,0.04,4,28,0,0,1,24.857142857142858,0.0
3,2560,5,True,0,2025-02-28,10,0.0,0.03,0.04,4,28,0,0,1,26.0,0.0
3,2647,5,True,0,2025-02-28,6,0.0,0.03,0.05,4,28,0,0,1,26.285714285714285,0.0
3,2661,5,True,0,2025-02-28,29,0.0,0.0,0.01,4,28,0,0,1,26.571428571428573,0.0
3,2926,5,True,0,2025-02-28,5,0.0,0.03,0.05,4,28,0,0,1,29.0,0.0
3,3002,5,True,0,2025-02-28,11,0.0,0.04,0.07,4,28,0,0,1,28.0,0.0
3,3175,5,True,0,2025-02-28,2,0.0,0.04,0.1,4,28,0,0,1,21.428571428571427,0.0
3,3612,5,True,0,2025-02-28,25,1.0,0.05,0.08,4,28,0,0,1,11.428571428571429,0.0
3,3734,5,True,0,2025-02-28,7,0.0,0.05,0.11,4,28,0,0,1,12.571428571428571,0.0
3,3819,5,True,0,2025-02-28,13,2.0,0.02,0.07,4,28,0,0,1,12.142857142857142,0.0
3,4150,5,True,0,2025-02-28,40,0.0,0.02,0.04,4,28,0,0,1,13.142857142857142,0.0
3,4200,5,True,0,2025-02-28,9,2.0,0.06,0.09,4,28,0,0,1,14.714285714285714,0.0
3,5036,5,True,0,2025-02-28,10,0.0,0.03,0.05,4,28,0,0,1,15.285714285714286,0.0
3,5260,5,True,0,2025-02-28,13,1.0,0.02,0.06,4,28,0,0,1,15.142857142857142,0.0
3,138,6,False,0,2025-02-28,0,0.0,0.16,0.23,4,28,0,0,1,16.714285714285715,0.0
3,177,6,False,0,2025-02-28,1,0.0,0.08,0.1,4,28,0,0,1,13.142857142857142,0.0
3,207,6,False,0,2025-02-28,1,0.0,0.23,0.31,4,28,0,0,1,12.285714285714286,0.0
3,316,6,False,0,2025-02-28,2,0.0,0.08,0.12,4,28,0,0,1,10.571428571428571,0.0
3,647,6,False,0,2025-02-28,1,0.0,0.07,0.09,4,28,0,0,1,5.142857142857143,0.0
3,975,6,False,0,2025-02-28,1,0.0,0.08,0.08,4,28,0,0,1,4.0,0.0
3,1265,6,False,0,2025-02-28,1,0.0,0.14,0.2,4,28,0,0,1,2.7142857142857144,0.0
3,1509,6,False,0,2025-02-28,1,0.0,0.22,0.27,4,28,0,0,1,1.0,0.0
3,1740,6,False,0,2025-02-28,1,0.0,0.08,0.11,4,28,0,0,1,1.1428571428571428,0.0
3,1827,6,False,0,2025-02-28,1,0.0,0.1,0.15,4,28,0,0,1,1.1428571428571428,0.0
3,1845,6,False,0,2025-02-28,1,0.0,0.05,0.06,4,28,0,0,1,1.1428571428571428,0.0
3,1865,6,False,0,2025-02-28,0,0.0,0.12,0.16,4,28,0,0,1,1.0,0.0
3,2131,6,False,0,2025-02-28,2,0.0,0.1,0.15,4,28,0,0,1,0.8571428571428571,0.0
3,2216,6,False,0,2025-02-28,1,0.0,0.06,0.09,4,28,0,0,1,1.0,0.0
3,2240,6,False,0,2025-02-28,0,1.0,0.13,0.17,4,28,0,0,1,1.0,0.0
3,2291,6,False,0,2025-02-28,2,0.0,0.15,0.21,4,28,0,0,1,0.8571428571428571,0.0
3,2352,6,False,0,2025-02-28,1,0.0,0.11,0.15,4,28,0,0,1,1.0,0.0
3,2515,6,False,0,2025-02-28,0,0.0,0.16,0.2,4,28,0,0,1,1.0,0.0
3,2617,6,False,0,2025-02-28,1,0.0,0.13,0.19,4,28,0,0,1,0.8571428571428571,0.0
3,2799,6,False,0,2025-02-28,1,0.0,0.06,0.08,4,28,0,0,1,1.0,0.0
3,2934,6,False,0,2025-02-28,1,0.0,0.07,0.1,4,28,0,0,1,0.8571428571428571,0.0
3,3090,6,False,0,2025-02-28,1,0.0,0.15,0.2,4,28,0,0,1,0.8571428571428571,0.0
3,3380,6,False,0,2025-02-28,2,0.0,0.06,0.09,4,28,0,0,1,1.0,0.0
3,3637,6,False,0,2025-02-28,1,0.0,0.07,0.09,4,28,0,0,1,1.0,0.0
3,3793,6,False,0,2025-02-28,1,0.0,0.03,0.04,4,28,0,0,1,1.0,0.0
3,3937,6,False,0,2025-02-28,1,0.0,0.14,0.18,4,28,0,0,1,1.1428571428571428,0.0
3,4074,6,False,0,2025-02-28,1,0.0,0.16,0.24,4,28,0,0,1,1.1428571428571428,0.0
3,4196,6,False,0,2025-02-28,1,0.0,0.06,0.08,4,28,0,0,1,1.1428571428571428,0.0
3,4356,6,False,0,2025-02-28,1,0.0,0.09,0.13,4,28,0,0,1,1.1428571428571428,0.0
3,4398,6,False,0,2025-02-28,0,0.0,0.09,0.1,4,28,0,0,1,1.1428571428571428,0.0
3,4430,6,False,0,2025-02-28,1,0.0,0.08,0.12,4,28,0,0,1,0.8571428571428571,0.0
3,4730,6,False,0,2025-02-28,1,0.0,0.13,0.19,4,28,0,0,1,0.8571428571428571,0.0
3,4736,6,False,0,2025-02-28,1,0.0,0.07,0.09,4,28,0,0,1,0.8571428571428571,0.0
3,4849,6,False,0,2025-02-28,2,0.0,0.13,0.25,4,28,0,0,1,0.8571428571428571,0.0
3,4887,6,False,0,2025-02-28,2,0.0,0.13,0.15,4,28,0,0,1,1.0,0.0
3,5023,6,False,0,2025-02-28,1,0.0,0.13,0.18,4,28,0,0,1,1.1428571428571428,0.0
3,411,7,False,0,2025-02-28,9,1.0,0.0,0.01,4,28,0,0,1,1.1428571428571428,0.0
3,461,7,False,0,2025-02-28,13,0.0,0.0,0.01,4,28,0,0,1,2.4285714285714284,0.0
3,551,7,False,0,2025-02-28,8,0.0,0.01,0.01,4,28,0,0,1,4.142857142857143,0.0
3,559,7,False,0,2025-02-28,20,0.0,0.01,0.01,4,28,0,0,1,5.142857142857143,0.0
3,848,7,False,0,2025-02-28,7,0.0,0.04,0.05,4,28,0,0,1,7.857142857142857,0.0
3,861,7,False,0,2025-02-28,6,1.0,0.01,0.02,4,28,0,0,1,8.571428571428571,0.0
3,1115,7,False,0,2025-02-28,0,0.0,0.0,0.0,4,28,0,0,1,9.142857142857142,0.0
3,1288,7,False,0,2025-02-28,2,0.0,0.01,0.02,4,28,0,0,1,9.0,0.0
3,1787,7,False,0,2025-02-28,0,0.0,0.02,0.02,4,28,0,0,1,8.0,0.0
3,2175,7,False,0,2025-02-28,4,0.0,0.03,0.04,4,28,0,0,1,6.142857142857143,0.0
3,2227,7,False,0,2025-02-28,5,1.0,0.02,0.03,4,28,0,0,1,5.571428571428571,0.0
3,2499,7,False,0,2025-02-28,6,0.0,0.0,0.01,4,28,0,0,1,3.4285714285714284,0.0
3,2887,7,False,0,2025-02-28,20,0.0,0.02,0.03,4,28,0,0,1,3.2857142857142856,0.0
3,3023,7,False,0,2025-02-28,20,0.0,0.01,0.01,4,28,0,0,1,5.285714285714286,0.0
3,3040,7,False,0,2025-02-28,7,2.0,0.0,0.0,4,28,0,0,1,8.142857142857142,0.0
3,3105,7,False,0,2025-02-28,9,0.0,0.0,0.01,4,28,0,0,1,8.857142857142858,0.0
3,3272,7,False,0,2025-02-28,6,0.0,0.01,0.02,4,28,0,0,1,10.142857142857142,0.0
3,3314,7,False,0,2025-02-28,16,0.0,0.0,0.01,4,28,0,0,1,10.428571428571429,0.0
3,3401,7,False,0,2025-02-28,5,0.0,0.0,0.01,4,28,0,0,1,12.0,0.0
3,4026,7,False,0,2025-02-28,4,1.0,0.12,0.18,4,28,0,0,1,11.857142857142858,0.0
3,4093,7,False,0,2025-02-28,7,0.0,0.01,0.01,4,28,0,0,1,9.571428571428571,0.0
3,4298,7,False,0,2025-02-28,8,0.0,0.01,0.01,4,28,0,0,1,7.714285714285714,0.0
3,4351,7,False,0,2025-02-28,5,0.0,0.01,0.03,4,28,0,0,1,7.857142857142857,0.0
3,4411,7,False,0,2025-02-28,15,0.0,0.02,0.04,4,28,0,0,1,7.285714285714286,0.0
3,4585,7,False,0,2025-02-28,4,0.0,0.02,0.04,4,28,0,0,1,8.571428571428571,0.0
3,4688,7,False,0,2025-02-28,10,2.0,0.0,0.03,4,28,0,0,1,6.857142857142857,0.0
3,4867,7,False,0,2025-02-28,6,2.0,0.03,0.04,4,28,0,0,1,7.571428571428571,0.0
3,199,8,False,0,2025-02-28,10,0.0,0.01,0.02,4,28,0,0,1,7.857142857142857,0.0
3,269,8,False,0,2025-02-28,44,0.0,0.0,0.01,4,28,0,0,1,8.285714285714286,0.0
3,805,8,False,0,2025-02-28,10,0.0,0.0,0.01,4,28,0,0,1,13.428571428571429,0.0
3,828,8,False,0,2025-02-28,36,0.0,0.01,0.01,4,28,0,0,1,14.142857142857142,0.0
3,932,8,False,0,2025-02-28,6,0.0,0.01,0.02,4,28,0,0,1,17.142857142857142,0.0
3,1010,8,False,0,2025-02-28,8,0.0,0.01,0.02,4,28,0,0,1,17.428571428571427,0.0
3,1073,8,False,0,2025-02-28,16,1.0,0.01,0.02,4,28,0,0,1,17.142857142857142,0.0
3,1308,8,False,0,2025-02-28,20,2.0,0.02,0.03,4,28,0,0,1,18.571428571428573,0.0
3,2253,8,False,0,2025-02-28,7,0.0,0.0,0.01,4,28,0,0,1,20.0,0.0
3,2420,8,False,0,2025-02-28,19,0.0,0.0,0.01,4,28,0,0,1,14.714285714285714,0.0
3,2659,8,False,0,2025-02-28,18,1.0,0.01,0.01,4,28,0,0,1,16.0,0.0
3,2985,8,False,0,2025-02-28,17,0.0,0.02,0.02,4,28,0,0,1,13.428571428571429,0.0
3,3015,8,False,0,2025-02-28,11,0.0,0.01,0.02,4,28,0,0,1,15.0,0.0
3,3331,8,False,0,2025-02-28,34,0.0,0.01,0.02,4,28,0,0,1,15.428571428571429,0.0
3,3430,8,False,0,2025-02-28,14,0.0,0.01,0.02,4,28,0,0,1,18.0,0.0
3,3545,8,False,0,2025-02-28,11,1.0,0.02,0.03,4,28,0,0,1,17.142857142857142,0.0
3,3594,8,False,0,2025-02-28,6,1.0,0.01,0.01,4,28,0,0,1,17.714285714285715,0.0
3,3605,8,False,0,2025-02-28,14,0.0,0.01,0.01,4,28,0,0,1,15.857142857142858,0.0
3,4513,8,False,0,2025-02-28,12,0.0,0.01,0.02,4,28,0,0,1,15.285714285714286,0.0
3,4560,8,False,0,2025-02-28,18,0.0,0.01,0.02,4,28,0,0,1,14.571428571428571,0.0
3,5038,8,False,0,2025-02-28,4,0.0,0.02,0.02,4,28,0,0,1,15.571428571428571,0.0
3,5075,8,False,0,2025-02-28,13,0.0,0.01,0.02,4,28,0,0,1,11.285714285714286,0.0
3,5178,8,False,0,2025-02-28,10,2.0,0.01,0.02,4,28,0,0,1,11.142857142857142,0.0
3,10,9,True,0,2025-02-28,3,0.0,0.04,0.13,4,28,0,0,1,11.0,0.0
3,45,9,True,0,2025-02-28,15,0.0,0.02,0.05,4,28,0,0,1,10.571428571428571,0.0
3,141,9,True,0,2025-02-28,12,2.0,0.03,0.08,4,28,0,0,1,10.714285714285714,0.0
3,187,9,True,0,2025-02-28,9,2.0,0.01,0.03,4,28,0,0,1,10.714285714285714,0.0
3,270,9,True,0,2025-02-28,6,0.0,0.02,0.11,4,28,0,0,1,9.428571428571429,0.0
3,275,9,True,0,2025-02-28,13,0.0,0.04,0.07,4,28,0,0,1,9.714285714285714,0.0
3,278,9,True,0,2025-02-28,9,0.0,0.05,0.1,4,28,0,0,1,9.714285714285714,0.0
3,317,9,True,0,2025-02-28,9,0.0,0.01,0.01,4,28,0,0,1,9.571428571428571,0.0
3,352,9,True,0,2025-02-28,6,0.0,0.02,0.11,4,28,0,0,1,10.428571428571429,0.0
3,473,9,True,0,2025-02-28,24,0.0,0.01,0.02,4,28,0,0,1,9.142857142857142,0.0
3,496,9,True,0,2025-02-28,28,0.0,0.01,0.02,4,28,0,0,1,10.857142857142858,0.0
3,615,9,True,0,2025-02-28,9,0.0,0.02,0.04,4,28,0,0,1,13.571428571428571,0.0
3,678,9,True,0,2025-02-28,20,0.0,0.01,0.06,4,28,0,0,1,14.0,0.0
3,696,9,True,0,2025-02-28,3,1.0,0.01,0.06,4,28,0,0,1,15.0,0.0
3,747,9,True,0,2025-02-28,3,0.0,0.01,0.03,4,28,0,0,1,14.142857142857142,0.0
3,802,9,True,0,2025-02-28,9,0.0,0.06,0.08,4,28,0,0,1,13.285714285714286,0.0
3,813,9,True,0,2025-02-28,10,0.0,0.02,0.02,4,28,0,0,1,13.714285714285714,0.0
3,958,9,True,0,2025-02-28,8,1.0,0.01,0.04,4,28,0,0,1,11.714285714285714,0.0
3,976,9,True,0,2025-02-28,4,0.0,0.01,0.03,4,28,0,0,1,8.857142857142858,0.0
3,1112,9,True,0,2025-02-28,8,0.0,0.02,0.06,4,28,0,0,1,8.142857142857142,0.0
3,1148,9,True,0,2025-02-28,9,0.0,0.02,0.06,4,28,0,0,1,6.428571428571429,0.0
3,1172,9,True,0,2025-02-28,8,0.0,0.01,0.04,4,28,0,0,1,7.285714285714286,0.0
3,1178,9,True,0,2025-02-28,3,0.0,0.02,0.06,4,28,0,0,1,8.0,0.0
3,1287,9,True,0,2025-02-28,8,2.0,0.01,0.04,4,28,0,0,1,7.142857142857143,0.0
3,1323,9,True,0,2025-02-28,7,0.0,0.02,0.06,4,28,0,0,1,6.857142857142857,0.0
3,1409,9,True,0,2025-02-28,8,0.0,0.02,0.04,4,28,0,0,1,6.714285714285714,0.0
3,1510,9,True,0,2025-02-28,0,0.0,0.03,0.09,4,28,0,0,1,7.285714285714286,0.0
3,1661,9,True,0,2025-02-28,5,0.0,0.01,0.06,4,28,0,0,1,6.142857142857143,0.0
3,1696,9,True,0,2025-02-28,32,0.0,0.01,0.03,4,28,0,0,1,5.571428571428571,0.0
3,1705,9,True,0,2025-02-28,10,0.0,0.04,0.1,4,28,0,0,1,9.0,0.0
3,1896,9,True,0,2025-02-28,20,1.0,0.03,0.09,4,28,0,0,1,10.0,0.0
3,1906,9,True,0,2025-02-28,3,1.0,0.04,0.15,4,28,0,0,1,11.714285714285714,0.0
3,1951,9,True,0,2025-02-28,1,0.0,0.02,0.07,4,28,0,0,1,11.142857142857142,0.0
3,2010,9,True,0,2025-02-28,5,0.0,0.03,0.17,4,28,0,0,1,10.142857142857142,0.0
3,2011,9,True,0,2025-02-28,2,0.0,0.01,0.04,4,28,0,0,1,10.857142857142858,0.0
3,2056,9,True,0,2025-02-28,15,0.0,0.01,0.02,4,28,0,0,1,10.428571428571429,0.0
3,2256,9,True,0,2025-02-28,6,0.0,0.02,0.04,4,28,0,0,1,8.0,0.0
3,2284,9,True,0,2025-02-28,17,0.0,0.01,0.03,4,28,0,0,1,7.428571428571429,0.0
3,2307,9,True,0,2025-02-28,3,0.0,0.02,0.07,4,28,0,0,1,7.0,0.0
3,2357,9,True,0,2025-02-28,4,1.0,0.09,0.21,4,28,0,0,1,7.0,0.0
3,2360,9,True,0,2025-02-28,21,0.0,0.01,0.03,4,28,0,0,1,7.428571428571429,0.0
3,2399,9,True,0,2025-02-28,9,0.0,0.03,0.12,4,28,0,0,1,9.714285714285714,0.0
3,2401,9,True,0,2025-02-28,8,0.0,0.01,0.05,4,28,0,0,1,10.714285714285714,0.0
3,2419,9,True,0,2025-02-28,14,1.0,0.02,0.03,4,28,0,0,1,9.714285714285714,0.0
3,2474,9,True,0,2025-02-28,9,0.0,0.04,0.1,4,28,0,0,1,10.857142857142858,0.0
3,2486,9,True,0,2025-02-28,22,1.0,0.02,0.07,4,28,0,0,1,9.714285714285714,0.0
3,2543,9,True,0,2025-02-28,20,0.0,0.0,0.02,4,28,0,0,1,12.428571428571429,0.0
3,2615,9,True,0,2025-02-28,5,0.0,0.02,0.06,4,28,0,0,1,14.714285714285714,0.0
3,2795,9,True,0,2025-02-28,18,1.0,0.02,0.07,4,28,0,0,1,12.428571428571429,0.0
3,2812,9,True,0,2025-02-28,2,0.0,0.02,0.1,4,28,0,0,1,13.714285714285714,0.0
3,2841,9,True,0,2025-02-28,11,1.0,0.01,0.06,4,28,0,0,1,12.857142857142858,0.0
3,2857,9,True,0,2025-02-28,17,1.0,0.01,0.02,4,28,0,0,1,12.428571428571429,0.0
3,3008,9,True,0,2025-02-28,12,0.0,0.01,0.09,4,28,0,0,1,13.571428571428571,0.0
3,3226,9,True,0,2025-02-28,21,0.0,0.02,0.04,4,28,0,0,1,12.142857142857142,0.0
3,3241,9,True,0,2025-02-28,9,0.0,0.01,0.06,4,28,0,0,1,12.285714285714286,0.0
3,3244,9,True,0,2025-02-28,9,0.0,0.01,0.03,4,28,0,0,1,12.857142857142858,0.0
3,3356,9,True,0,2025-02-28,7,0.0,0.01,0.03,4,28,0,0,1,11.571428571428571,0.0
3,3540,9,True,0,2025-02-28,10,0.0,0.03,0.07,4,28,0,0,1,12.285714285714286,0.0
3,3735,9,True,0,2025-02-28,3,0.0,0.02,0.06,4,28,0,0,1,12.142857142857142,0.0
3,3751,9,True,0,2025-02-28,5,0.0,0.04,0.11,4,28,0,0,1,10.142857142857142,0.0
3,3789,9,True,0,2025-02-28,2,0.0,0.01,0.03,4,28,0,0,1,9.142857142857142,0.0
3,3905,9,True,0,2025-02-28,1,0.0,0.01,0.07,4,28,0,0,1,6.428571428571429,0.0
3,4012,9,True,0,2025-02-28,11,0.0,0.01,0.05,4,28,0,0,1,5.285714285714286,0.0
3,4106,9,True,0,2025-02-28,1,0.0,0.02,0.1,4,28,0,0,1,5.571428571428571,0.0
3,4141,9,True,0,2025-02-28,8,1.0,0.05,0.1,4,28,0,0,1,4.714285714285714,0.0
3,4153,9,True,0,2025-02-28,9,0.0,0.01,0.06,4,28,0,0,1,4.428571428571429,0.0
3,4154,9,True,0,2025-02-28,20,0.0,0.0,0.01,4,28,0,0,1,5.285714285714286,0.0
3,4197,9,True,0,2025-02-28,6,0.0,0.01,0.02,4,28,0,0,1,7.428571428571429,0.0
3,4348,9,True,0,2025-02-28,12,2.0,0.01,0.03,4,28,0,0,1,8.0,0.0
3,4350,9,True,0,2025-02-28,6,0.0,0.03,0.07,4,28,0,0,1,9.571428571428571,0.0
3,4367,9,True,0,2025-02-28,3,0.0,0.03,0.09,4,28,0,0,1,8.857142857142858,0.0
3,4466,9,True,0,2025-02-28,5,0.0,0.02,0.09,4,28,0,0,1,9.142857142857142,0.0
3,4493,9,True,0,2025-02-28,7,0.0,0.01,0.09,4,28,0,0,1,8.714285714285714,0.0
3,4530,9,True,0,2025-02-28,5,0.0,0.01,0.02,4,28,0,0,1,8.428571428571429,0.0
3,4594,9,True,0,2025-02-28,2,0.0,0.01,0.08,4,28,0,0,1,6.285714285714286,0.0
3,4637,9,True,0,2025-02-28,26,0.0,0.01,0.03,4,28,0,0,1,5.714285714285714,0.0
3,4645,9,True,0,2025-02-28,12,0.0,0.01,0.02,4,28,0,0,1,7.714285714285714,0.0
3,4655,9,True,0,2025-02-28,5,0.0,0.06,0.09,4,28,0,0,1,8.571428571428571,0.0
3,4679,9,True,0,2025-02-28,11,0.0,0.01,0.04,4,28,0,0,1,8.857142857142858,0.0
3,4845,9,True,0,2025-02-28,6,0.0,0.01,0.03,4,28,0,0,1,9.714285714285714,0.0
3,4906,9,True,0,2025-02-28,14,0.0,0.01,0.04,4,28,0,0,1,9.571428571428571,0.0
3,4996,9,True,0,2025-02-28,4,0.0,0.0,0.02,4,28,0,0,1,10.857142857142858,0.0
3,5079,9,True,0,2025-02-28,10,1.0,0.01,0.03,4,28,0,0,1,11.142857142857142,0.0
3,5087,9,True,0,2025-02-28,12,0.0,0.03,0.07,4,28,0,0,1,8.857142857142858,0.0
3,5093,9,True,0,2025-02-28,20,0.0,0.02,0.07,4,28,0,0,1,8.857142857142858,0.0
3,5122,9,True,0,2025-02-28,9,0.0,0.01,0.03,4,28,0,0,1,11.0,0.0
3,5135,9,True,0,2025-02-28,8,0.0,0.02,0.06,4,28,0,0,1,10.714285714285714,0.0
3,5175,9,True,0,2025-02-28,13,0.0,0.01,0.04,4,28,0,0,1,11.0,0.0
3,5212,9,True,0,2025-02-28,2,0.0,0.01,0.05,4,28,0,0,1,10.857142857142858,0.0
3,5272,9,True,0,2025-02-28,9,3.0,0.01,0.02,4,28,0,0,1,10.571428571428571,1.668042202177483
3,147,10,False,0,2025-02-28,30,0.0,0.03,0.11,4,28,0,0,1,10.428571428571429,0.0
3,1782,10,False,0,2025-02-28,23,1.0,0.04,0.09,4,28,0,0,1,13.0,0.0
3,2377,10,False,0,2025-02-28,31,0.0,0.0,0.01,4,28,0,0,1,13.428571428571429,0.0
3,3203,10,False,0,2025-02-28,28,2.0,0.03,0.13,4,28,0,0,1,16.571428571428573,0.0
3,5018,10,False,0,2025-02-28,24,0.0,0.02,0.13,4,28,0,0,1,19.428571428571427,0.0
3,2058,11,False,0,2025-02-28,0,0.0,0.22,0.22,4,28,0,0,1,21.0,1.7690934317559963
3,2882,11,False,0,2025-02-28,18,2.0,0.23,0.2,4,28,0,0,1,20.714285714285715,0.0
3,3107,11,False,0,2025-02-28,3,0.0,0.12,0.15,4,28,0,0,1,22.0,0.0
3,3123,11,False,0,2025-02-28,22,3.0,0.23,0.2,4,28,0,0,1,18.142857142857142,0.0
3,3499,11,False,0,2025-02-28,24,4.0,0.09,0.08,4,28,0,0,1,18.0,2.8172741532751018
3,3870,11,False,0,2025-02-28,3,0.0,0.15,0.18,4,28,0,0,1,17.0,0.0
3,4160,11,False,0,2025-02-28,11,0.0,0.16,0.19,4,28,0,0,1,13.428571428571429,0.0
3,5085,11,False,0,2025-02-28,19,1.0,0.23,0.2,4,28,0,0,1,11.571428571428571,0.0
