loja_id,produto_id,categoria_id,is_medicamento,curva,data,estoque,venda,custo,preco,dia_semana_abrev,dia_do_mes,abreviacao_mes,fim_de_semana,inicio_fim_mes,media_leg7_estoque,pred_venda
1,488,1,False,0,2025-02-22,6,0.0,0.14,0.16,5,22,0,1,0,,0.0
1,1985,1,False,0,2025-02-22,5,0.0,0.14,0.15,5,22,0,1,0,6.0,0.0
1,2735,1,False,0,2025-02-22,6,0.0,0.14,0.17,5,22,0,1,0,5.5,0.0
1,3664,1,False,0,2025-02-22,4,0.0,0.14,0.16,5,22,0,1,0,5.666666666666667,0.0
1,4052,1,False,0,2025-02-22,10,0.0,0.15,0.17,5,22,0,1,0,5.25,0.0
1,48,3,True,0,2025-02-22,5,0.0,0.12,0.17,5,22,0,1,0,6.2,0.0
1,59,3,True,0,2025-02-22,16,0.0,0.02,0.02,5,22,0,1,0,6.0,1.6231434572225314
1,82,3,True,0,2025-02-22,1,2.0,0.06,0.07,5,22,0,1,0,7.428571428571429,0.0
1,86,3,True,0,2025-02-22,2,0.0,0.12,0.15,5,22,0,1,0,6.714285714285714,0.0
1,87,3,True,0,2025-02-22,13,1.0,0.03,0.04,5,22,0,1,0,6.285714285714286,1.4017995188417942
1,94,3,True,0,2025-02-22,3,0.0,0.08,0.15,5,22,0,1,0,7.285714285714286,0.0
1,103,3,True,0,2025-02-22,5,1.0,0.06,0.09,5,22,0,1,0,7.142857142857143,0.0
1,106,3,True,0,2025-02-22,12,3.0,0.04,0.06,5,22,0,1,0,6.428571428571429,0.0
1,167,3,True,0,2025-02-22,4,1.0,0.09,0.15,5,22,0,1,0,7.428571428571429,0.0
1,212,3,True,0,2025-02-22,5,1.0,0.05,0.07,5,22,0,1,0,5.714285714285714,0.0
1,234,3,True,0,2025-02-22,4,0.0,0.08,0.11,5,22,0,1,0,6.285714285714286,0.0
1,281,3,True,0,2025-02-22,10,0.0,0.07,0.09,5,22,0,1,0,6.571428571428571,0.0
1,381,3,True,0,2025-02-22,3,1.0,0.04,0.05,5,22,0,1,0,6.142857142857143,0.0
1,415,3,True,0,2025-02-22,2,0.0,0.07,0.1,5,22,0,1,0,6.142857142857143,0.0
1,440,3,True,0,2025-02-22,4,0.0,0.05,0.07,5,22,0,1,0,5.714285714285714,0.0
1,470,3,True,0,2025-02-22,3,0.0,0.07,0.1,5,22,0,1,0,4.571428571428571,0.0
1,493,3,True,0,2025-02-22,2,0.0,0.11,0.13,5,22,0,1,0,4.428571428571429,0.0
1,516,3,True,0,2025-02-22,0,0.0,0.02,0.02,5,22,0,1,0,4.0,0.0
1,605,3,True,0,2025-02-22,3,1.0,0.05,0.06,5,22,0,1,0,3.4285714285714284,0.0
1,612,3,True,0,2025-02-22,10,1.0,0.03,0.03,5,22,0,1,0,2.4285714285714284,0.0
1,620,3,True,0,2025-02-22,6,0.0,0.02,0.03,5,22,0,1,0,3.4285714285714284,0.0
1,650,3,True,0,2025-02-22,2,1.0,0.08,0.1,5,22,0,1,0,4.0,0.0
1,686,3,True,0,2025-02-22,4,1.0,0.03,0.05,5,22,0,1,0,3.7142857142857144,0.0
1,703,3,True,0,2025-02-22,5,4.0,0.02,0.02,5,22,0,1,0,3.857142857142857,0.0
1,742,3,True,0,2025-02-22,5,0.0,0.04,0.06,5,22,0,1,0,4.285714285714286,0.0
1,855,3,True,0,2025-02-22,16,2.0,0.02,0.03,5,22,0,1,0,5.0,0.0
1,947,3,True,0,2025-02-22,29,0.0,0.01,0.01,5,22,0,1,0,6.857142857142857,0.0
1,1052,3,True,0,2025-02-22,3,0.0,0.02,0.03,5,22,0,1,0,9.571428571428571,0.0
1,1071,3,True,0,2025-02-22,2,0.0,0.02,0.05,5,22,0,1,0,9.142857142857142,0.0
1,1103,3,True,0,2025-02-22,12,0.0,0.1,0.14,5,22,0,1,0,9.142857142857142,0.0
1,1105,3,True,0,2025-02-22,8,1.0,0.05,0.07,5,22,0,1,0,10.285714285714286,0.0
1,1120,3,True,0,2025-02-22,4,0.0,0.06,0.08,5,22,0,1,0,10.714285714285714,0.0
1,1175,3,True,0,2025-02-22,10,0.0,0.01,0.03,5,22,0,1,0,10.571428571428571,0.0
1,1190,3,True,0,2025-02-22,6,0.0,0.04,0.05,5,22,0,1,0,9.714285714285714,0.0
1,1223,3,True,0,2025-02-22,10,0.0,0.03,0.05,5,22,0,1,0,6.428571428571429,0.0
1,1235,3,True,0,2025-02-22,5,2.0,0.06,0.08,5,22,0,1,0,7.428571428571429,0.0
1,1261,3,True,0,2025-02-22,3,0.0,0.07,0.09,5,22,0,1,0,7.857142857142857,0.0
1,1291,3,True,0,2025-02-22,3,1.0,0.04,0.06,5,22,0,1,0,6.571428571428571,0.0
1,1382,3,True,0,2025-02-22,5,1.0,0.05,0.07,5,22,0,1,0,5.857142857142857,0.0
1,1384,3,True,0,2025-02-22,10,0.0,0.08,0.1,5,22,0,1,0,6.0,0.0
1,1390,3,True,0,2025-02-22,8,1.0,0.04,0.06,5,22,0,1,0,6.0,0.0
1,1447,3,True,0,2025-02-22,9,0.0,0.08,0.12,5,22,0,1,0,6.285714285714286,0.0
1,1470,3,True,0,2025-02-22,8,1.0,0.06,0.08,5,22,0,1,0,6.142857142857143,0.0
1,1503,3,True,0,2025-02-22,3,0.0,0.17,0.19,5,22,0,1,0,6.571428571428571,0.0
1,1505,3,True,0,2025-02-22,26,3.0,0.01,0.02,5,22,0,1,0,6.571428571428571,2.0848055202280267
1,1531,3,True,0,2025-02-22,46,0.0,0.05,0.07,5,22,0,1,0,9.857142857142858,0.0
1,1576,3,True,0,2025-02-22,4,0.0,0.13,0.17,5,22,0,1,0,15.714285714285714,0.0
1,1610,3,True,0,2025-02-22,27,1.0,0.01,0.01,5,22,0,1,0,14.857142857142858,2.6763556330669798
1,1642,3,True,0,2025-02-22,0,0.0,0.09,0.12,5,22,0,1,0,17.571428571428573,0.0
1,1771,3,True,0,2025-02-22,4,0.0,0.17,0.22,5,22,0,1,0,16.285714285714285,0.0
1,1822,3,True,0,2025-02-22,2,0.0,0.08,0.09,5,22,0,1,0,15.714285714285714,0.0
1,1849,3,True,0,2025-02-22,8,0.0,0.05,0.06,5,22,0,1,0,15.571428571428571,0.0
1,1902,3,True,0,2025-02-22,7,1.0,0.03,0.04,5,22,0,1,0,13.0,0.0
1,1940,3,True,0,2025-02-22,4,0.0,0.04,0.05,5,22,0,1,0,7.428571428571429,0.0
1,1949,3,True,0,2025-02-22,6,1.0,0.04,0.05,5,22,0,1,0,7.428571428571429,0.0
1,1969,3,True,0,2025-02-22,2,0.0,0.13,0.16,5,22,0,1,0,4.428571428571429,0.0
1,1988,3,True,0,2025-02-22,2,0.0,0.12,0.17,5,22,0,1,0,4.714285714285714,0.0
1,1997,3,True,0,2025-02-22,15,0.0,0.01,0.02,5,22,0,1,0,4.428571428571429,0.0
1,2039,3,True,0,2025-02-22,0,0.0,0.01,0.02,5,22,0,1,0,6.285714285714286,0.0
1,2040,3,True,0,2025-02-22,2,0.0,0.08,0.11,5,22,0,1,0,5.142857142857143,0.0
1,2048,3,True,0,2025-02-22,3,0.0,0.04,0.06,5,22,0,1,0,4.428571428571429,0.0
1,2062,3,True,0,2025-02-22,7,0.0,0.11,0.14,5,22,0,1,0,4.285714285714286,0.0
1,2110,3,True,0,2025-02-22,1,0.0,0.06,0.08,5,22,0,1,0,4.428571428571429,0.0
1,2127,3,True,0,2025-02-22,12,1.0,0.03,0.04,5,22,0,1,0,4.285714285714286,0.0
1,2151,3,True,0,2025-02-22,0,1.0,0.0,0.01,5,22,0,1,0,5.714285714285714,0.0
1,2185,3,True,0,2025-02-22,13,1.0,0.04,0.05,5,22,0,1,0,3.5714285714285716,0.0
1,2236,3,True,0,2025-02-22,9,0.0,0.07,0.09,5,22,0,1,0,5.428571428571429,0.0
1,2331,3,True,0,2025-02-22,6,0.0,0.51,0.59,5,22,0,1,0,6.428571428571429,0.0
1,2432,3,True,0,2025-02-22,14,1.0,0.03,0.04,5,22,0,1,0,6.857142857142857,0.0
1,2491,3,True,0,2025-02-22,4,0.0,0.03,0.05,5,22,0,1,0,7.857142857142857,0.0
1,2551,3,True,0,2025-02-22,4,0.0,0.02,0.02,5,22,0,1,0,8.285714285714286,0.0
1,2558,3,True,0,2025-02-22,3,0.0,0.08,0.11,5,22,0,1,0,7.142857142857143,0.0
1,2585,3,True,0,2025-02-22,2,0.0,0.03,0.04,5,22,0,1,0,7.571428571428571,0.0
1,2595,3,True,0,2025-02-22,28,1.0,0.0,0.01,5,22,0,1,0,6.0,0.0
1,2700,3,True,0,2025-02-22,34,2.0,0.01,0.01,5,22,0,1,0,8.714285714285714,0.0
1,2805,3,True,0,2025-02-22,2,0.0,0.08,0.11,5,22,0,1,0,12.714285714285714,0.0
1,2816,3,True,0,2025-02-22,2,0.0,0.06,0.08,5,22,0,1,0,11.0,0.0
1,2840,3,True,0,2025-02-22,6,0.0,0.17,0.21,5,22,0,1,0,10.714285714285714,0.0
1,2852,3,True,0,2025-02-22,5,1.0,0.07,0.1,5,22,0,1,0,11.0,0.0
1,2884,3,True,0,2025-02-22,3,0.0,0.23,0.29,5,22,0,1,0,11.285714285714286,0.0
1,2889,3,True,0,2025-02-22,13,0.0,0.03,0.04,5,22,0,1,0,11.428571428571429,0.0
1,3190,3,True,0,2025-02-22,20,0.0,0.02,0.02,5,22,0,1,0,9.285714285714286,0.0
1,3239,3,True,0,2025-02-22,2,0.0,0.06,0.07,5,22,0,1,0,7.285714285714286,0.0
1,3279,3,True,0,2025-02-22,11,0.0,0.02,0.03,5,22,0,1,0,7.285714285714286,0.0
1,3283,3,True,0,2025-02-22,7,1.0,0.1,0.13,5,22,0,1,0,8.571428571428571,0.0
1,3339,3,True,0,2025-02-22,53,6.0,0.01,0.01,5,22,0,1,0,8.714285714285714,0.0
1,3349,3,True,0,2025-02-22,6,0.0,0.27,0.35,5,22,0,1,0,15.571428571428571,0.0
1,3360,3,True,0,2025-02-22,4,0.0,0.02,0.04,5,22,0,1,0,16.0,0.0
1,3556,3,True,0,2025-02-22,2,0.0,0.26,0.33,5,22,0,1,0,14.714285714285714,0.0
1,3693,3,True,0,2025-02-22,25,2.0,0.01,0.01,5,22,0,1,0,12.142857142857142,2.542883461931981
1,3717,3,True,0,2025-02-22,1,0.0,0.05,0.07,5,22,0,1,0,15.428571428571429,0.0
1,3768,3,True,0,2025-02-22,5,1.0,0.02,0.02,5,22,0,1,0,14.0,0.0
1,3786,3,True,0,2025-02-22,0,0.0,0.05,0.12,5,22,0,1,0,13.714285714285714,0.0
1,3862,3,True,0,2025-02-22,4,0.0,0.07,0.09,5,22,0,1,0,6.142857142857143,0.0
1,3931,3,True,0,2025-02-22,32,0.0,0.01,0.02,5,22,0,1,0,5.857142857142857,0.0
1,3985,3,True,0,2025-02-22,4,1.0,0.12,0.14,5,22,0,1,0,9.857142857142858,0.0
1,4059,3,True,0,2025-02-22,3,0.0,0.33,0.49,5,22,0,1,0,10.142857142857142,0.0
1,4101,3,True,0,2025-02-22,13,0.0,0.13,0.15,5,22,0,1,0,7.0,1.3488312580443331
1,4144,3,True,0,2025-02-22,19,0.0,0.02,0.02,5,22,0,1,0,8.714285714285714,0.0
1,4176,3,True,0,2025-02-22,10,0.0,0.03,0.05,5,22,0,1,0,10.714285714285714,0.0
1,4204,3,True,0,2025-02-22,4,0.0,0.14,0.17,5,22,0,1,0,12.142857142857142,0.0
1,4205,3,True,0,2025-02-22,13,0.0,0.02,0.02,5,22,0,1,0,12.142857142857142,1.8256926811448668
1,4215,3,True,0,2025-02-22,8,1.0,0.03,0.07,5,22,0,1,0,9.428571428571429,0.0
1,4252,3,True,0,2025-02-22,9,0.0,0.02,0.03,5,22,0,1,0,10.0,0.0
1,4321,3,True,0,2025-02-22,4,0.0,0.1,0.12,5,22,0,1,0,10.857142857142858,0.0
1,4333,3,True,0,2025-02-22,4,1.0,0.21,0.26,5,22,0,1,0,9.571428571428571,0.0
1,4426,3,True,0,2025-02-22,60,0.0,0.03,0.05,5,22,0,1,0,7.428571428571429,0.0
1,4433,3,True,0,2025-02-22,9,0.0,0.05,0.11,5,22,0,1,0,14.571428571428571,0.0
1,4439,3,True,0,2025-02-22,42,1.0,0.02,0.02,5,22,0,1,0,15.285714285714286,2.3679004349594717
1,4447,3,True,0,2025-02-22,17,0.0,0.02,0.03,5,22,0,1,0,19.428571428571427,0.0
1,4461,3,True,0,2025-02-22,12,1.0,0.03,0.04,5,22,0,1,0,20.714285714285715,0.0
1,4470,3,True,0,2025-02-22,5,0.0,0.07,0.09,5,22,0,1,0,21.142857142857142,0.0
1,4488,3,True,0,2025-02-22,12,1.0,0.01,0.03,5,22,0,1,0,21.285714285714285,0.0
1,4504,3,True,0,2025-02-22,7,1.0,0.03,0.04,5,22,0,1,0,22.428571428571427,0.0
1,4523,3,True,0,2025-02-22,3,1.0,0.06,0.09,5,22,0,1,0,14.857142857142858,0.0
1,4596,3,True,0,2025-02-22,12,0.0,0.07,0.08,5,22,0,1,0,14.0,0.0
1,4633,3,True,0,2025-02-22,5,0.0,0.04,0.06,5,22,0,1,0,9.714285714285714,1.2943244605152953
1,4713,3,True,0,2025-02-22,6,0.0,0.04,0.05,5,22,0,1,0,8.0,0.0
1,4722,3,True,0,2025-02-22,22,0.0,0.04,0.06,5,22,0,1,0,7.142857142857143,1.3901855532060643
1,4766,3,True,0,2025-02-22,8,1.0,0.03,0.04,5,22,0,1,0,9.571428571428571,0.0
1,4786,3,True,0,2025-02-22,21,1.0,0.03,0.04,5,22,0,1,0,9.0,0.0
1,4800,3,True,0,2025-02-22,4,0.0,0.08,0.11,5,22,0,1,0,11.0,0.0
1,4809,3,True,0,2025-02-22,5,0.0,0.1,0.16,5,22,0,1,0,11.142857142857142,0.0
1,4810,3,True,0,2025-02-22,14,0.0,0.03,0.04,5,22,0,1,0,10.142857142857142,0.0
1,4818,3,True,0,2025-02-22,13,3.0,0.04,0.07,5,22,0,1,0,11.428571428571429,0.0
1,4826,3,True,0,2025-02-22,2,0.0,0.12,0.17,5,22,0,1,0,12.428571428571429,0.0
1,4847,3,True,0,2025-02-22,2,0.0,0.1,0.14,5,22,0,1,0,9.571428571428571,0.0
1,4889,3,True,0,2025-02-22,5,0.0,0.03,0.04,5,22,0,1,0,8.714285714285714,0.0
1,4952,3,True,0,2025-02-22,4,0.0,0.24,0.27,5,22,0,1,0,6.428571428571429,0.0
1,4960,3,True,0,2025-02-22,12,0.0,0.02,0.03,5,22,0,1,0,6.428571428571429,0.0
1,5029,3,True,0,2025-02-22,1,1.0,0.06,0.09,5,22,0,1,0,7.428571428571429,0.0
1,5057,3,True,0,2025-02-22,3,0.0,0.06,0.09,5,22,0,1,0,5.571428571428571,0.0
1,5060,3,True,0,2025-02-22,4,0.0,0.06,0.08,5,22,0,1,0,4.142857142857143,0.0
1,5082,3,True,0,2025-02-22,5,4.0,0.04,0.05,5,22,0,1,0,4.428571428571429,0.0
1,5090,3,True,0,2025-02-22,5,0.0,0.05,0.06,5,22,0,1,0,4.857142857142857,0.0
1,5153,3,True,0,2025-02-22,4,0.0,0.09,0.12,5,22,0,1,0,4.857142857142857,0.0
1,5167,3,True,0,2025-02-22,5,1.0,0.05,0.06,5,22,0,1,0,4.857142857142857,0.0
1,5176,3,True,0,2025-02-22,3,0.0,0.23,0.32,5,22,0,1,0,3.857142857142857,0.0
1,5183,3,True,0,2025-02-22,11,2.0,0.03,0.04,5,22,0,1,0,4.142857142857143,0.0
1,5259,3,True,0,2025-02-22,16,2.0,0.06,0.08,5,22,0,1,0,5.285714285714286,1.5911246030826756
1,4,4,False,0,2025-02-22,2,0.0,0.12,0.16,5,22,0,1,0,7.0,0.0
1,19,4,False,0,2025-02-22,4,0.0,0.01,0.03,5,22,0,1,0,6.571428571428571,0.0
1,34,4,False,0,2025-02-22,3,0.0,0.01,0.01,5,22,0,1,0,6.428571428571429,0.0
1,47,4,False,0,2025-02-22,5,0.0,0.01,0.02,5,22,0,1,0,6.285714285714286,0.0
1,61,4,False,0,2025-02-22,4,0.0,0.01,0.02,5,22,0,1,0,6.285714285714286,0.0
1,70,4,False,0,2025-02-22,3,0.0,0.03,0.06,5,22,0,1,0,6.428571428571429,0.0
1,91,4,False,0,2025-02-22,4,0.0,0.03,0.03,5,22,0,1,0,5.285714285714286,0.0
1,107,4,False,0,2025-02-22,3,0.0,0.03,0.04,5,22,0,1,0,3.5714285714285716,0.0
1,122,4,False,0,2025-02-22,1,0.0,0.03,0.04,5,22,0,1,0,3.7142857142857144,0.0
1,155,4,False,0,2025-02-22,5,0.0,0.04,0.06,5,22,0,1,0,3.2857142857142856,0.0
1,200,4,False,0,2025-02-22,4,0.0,0.04,0.05,5,22,0,1,0,3.5714285714285716,0.0
1,248,4,False,0,2025-02-22,3,0.0,0.05,0.07,5,22,0,1,0,3.4285714285714284,0.0
1,249,4,False,0,2025-02-22,8,0.0,0.13,0.17,5,22,0,1,0,3.2857142857142856,0.0
1,283,4,False,0,2025-02-22,1,2.0,0.03,0.05,5,22,0,1,0,4.0,0.0
1,355,4,False,0,2025-02-22,3,0.0,0.02,0.03,5,22,0,1,0,3.5714285714285716,0.0
1,363,4,False,0,2025-02-22,0,0.0,0.01,0.01,5,22,0,1,0,3.5714285714285716,0.0
1,371,4,False,0,2025-02-22,3,0.0,0.01,0.01,5,22,0,1,0,3.4285714285714284,0.0
1,393,4,False,0,2025-02-22,1,1.0,0.02,0.03,5,22,0,1,0,3.142857142857143,0.0
1,442,4,False,0,2025-02-22,4,0.0,0.05,0.08,5,22,0,1,0,2.7142857142857144,0.0
1,495,4,False,0,2025-02-22,6,0.0,0.02,0.03,5,22,0,1,0,2.857142857142857,0.0
1,523,4,False,0,2025-02-22,3,0.0,0.03,0.05,5,22,0,1,0,2.5714285714285716,0.0
1,538,4,False,0,2025-02-22,2,1.0,0.02,0.04,5,22,0,1,0,2.857142857142857,0.0
1,542,4,False,0,2025-02-22,3,0.0,0.04,0.05,5,22,0,1,0,2.7142857142857144,0.0
1,544,4,False,0,2025-02-22,4,0.0,0.02,0.04,5,22,0,1,0,3.142857142857143,0.0
1,564,4,False,0,2025-02-22,3,0.0,0.02,0.03,5,22,0,1,0,3.2857142857142856,0.0
1,610,4,False,0,2025-02-22,1,0.0,0.04,0.06,5,22,0,1,0,3.5714285714285716,0.0
1,619,4,False,0,2025-02-22,1,0.0,0.04,0.05,5,22,0,1,0,3.142857142857143,0.0
1,636,4,False,0,2025-02-22,2,0.0,0.02,0.03,5,22,0,1,0,2.4285714285714284,0.0
1,645,4,False,0,2025-02-22,1,0.0,0.01,0.02,5,22,0,1,0,2.2857142857142856,0.0
1,653,4,False,0,2025-02-22,3,0.0,0.02,0.03,5,22,0,1,0,2.142857142857143,0.0
1,668,4,False,0,2025-02-22,4,1.0,0.03,0.04,5,22,0,1,0,2.142857142857143,0.0
1,701,4,False,0,2025-02-22,4,0.0,0.02,0.03,5,22,0,1,0,2.142857142857143,0.0
1,717,4,False,0,2025-02-22,3,0.0,0.05,0.07,5,22,0,1,0,2.2857142857142856,0.0
1,768,4,False,0,2025-02-22,2,1.0,0.03,0.04,5,22,0,1,0,2.5714285714285716,0.0
1,769,4,False,0,2025-02-22,5,0.0,0.01,0.01,5,22,0,1,0,2.7142857142857144,0.0
1,780,4,False,0,2025-02-22,4,0.0,0.03,0.04,5,22,0,1,0,3.142857142857143,0.0
1,794,4,False,0,2025-02-22,1,0.0,0.03,0.05,5,22,0,1,0,3.5714285714285716,0.0
1,854,4,False,0,2025-02-22,3,0.0,0.05,0.06,5,22,0,1,0,3.2857142857142856,0.0
1,858,4,False,0,2025-02-22,2,0.0,0.04,0.06,5,22,0,1,0,3.142857142857143,0.0
1,864,4,False,0,2025-02-22,3,0.0,0.02,0.03,5,22,0,1,0,2.857142857142857,0.0
1,875,4,False,0,2025-02-22,6,0.0,0.02,0.03,5,22,0,1,0,2.857142857142857,0.0
1,891,4,False,0,2025-02-22,4,0.0,0.03,0.04,5,22,0,1,0,3.4285714285714284,0.0
1,961,4,False,0,2025-02-22,3,0.0,0.05,0.05,5,22,0,1,0,3.2857142857142856,0.0
1,979,4,False,0,2025-02-22,4,0.0,0.06,0.07,5,22,0,1,0,3.142857142857143,0.0
1,1017,4,False,0,2025-02-22,3,0.0,0.03,0.04,5,22,0,1,0,3.5714285714285716,0.0
1,1047,4,False,0,2025-02-22,4,0.0,0.09,0.14,5,22,0,1,0,3.5714285714285716,0.0
1,1057,4,False,0,2025-02-22,2,0.0,0.04,0.07,5,22,0,1,0,3.857142857142857,0.0
1,1095,4,False,0,2025-02-22,3,0.0,0.03,0.05,5,22,0,1,0,3.7142857142857144,0.0
1,1107,4,False,0,2025-02-22,2,0.0,0.02,0.03,5,22,0,1,0,3.2857142857142856,0.0
1,1161,4,False,0,2025-02-22,2,0.0,0.02,0.04,5,22,0,1,0,3.0,0.0
1,1177,4,False,0,2025-02-22,3,0.0,0.1,0.15,5,22,0,1,0,2.857142857142857,0.0
1,1189,4,False,0,2025-02-22,5,0.0,0.02,0.04,5,22,0,1,0,2.7142857142857144,0.0
1,1193,4,False,0,2025-02-22,3,0.0,0.02,0.03,5,22,0,1,0,3.0,0.0
1,1202,4,False,0,2025-02-22,2,0.0,0.02,0.04,5,22,0,1,0,2.857142857142857,0.0
1,1215,4,False,0,2025-02-22,3,0.0,0.01,0.02,5,22,0,1,0,2.857142857142857,0.0
1,1224,4,False,0,2025-02-22,1,0.0,0.04,0.05,5,22,0,1,0,2.857142857142857,0.0
1,1267,4,False,0,2025-02-22,3,0.0,0.07,0.09,5,22,0,1,0,2.7142857142857144,0.0
1,1293,4,False,0,2025-02-22,7,0.0,0.03,0.04,5,22,0,1,0,2.857142857142857,0.0
1,1303,4,False,0,2025-02-22,4,0.0,0.06,0.08,5,22,0,1,0,3.4285714285714284,0.0
1,1338,4,False,0,2025-02-22,2,0.0,0.06,0.09,5,22,0,1,0,3.2857142857142856,0.0
1,1344,4,False,0,2025-02-22,1,1.0,0.06,0.09,5,22,0,1,0,3.142857142857143,0.0
1,1350,4,False,0,2025-02-22,2,0.0,0.03,0.05,5,22,0,1,0,3.0,0.0
1,1367,4,False,0,2025-02-22,4,0.0,0.02,0.03,5,22,0,1,0,2.857142857142857,0.0
1,1404,4,False,0,2025-02-22,3,0.0,0.02,0.04,5,22,0,1,0,3.2857142857142856,0.0
1,1421,4,False,0,2025-02-22,3,0.0,0.02,0.03,5,22,0,1,0,3.2857142857142856,0.0
1,1448,4,False,0,2025-02-22,2,0.0,0.06,0.08,5,22,0,1,0,2.7142857142857144,0.0
1,1466,4,False,0,2025-02-22,0,0.0,0.02,0.03,5,22,0,1,0,2.4285714285714284,0.0
1,1479,4,False,0,2025-02-22,3,0.0,0.05,0.06,5,22,0,1,0,2.142857142857143,0.0
1,1483,4,False,0,2025-02-22,3,0.0,0.02,0.04,5,22,0,1,0,2.4285714285714284,0.0
1,1498,4,False,0,2025-02-22,8,1.0,0.12,0.16,5,22,0,1,0,2.5714285714285716,0.0
1,1517,4,False,0,2025-02-22,1,0.0,0.02,0.03,5,22,0,1,0,3.142857142857143,0.0
1,1533,4,False,0,2025-02-22,5,0.0,0.05,0.07,5,22,0,1,0,2.857142857142857,0.0
1,1606,4,False,0,2025-02-22,5,0.0,0.04,0.05,5,22,0,1,0,3.142857142857143,0.0
1,1622,4,False,0,2025-02-22,3,0.0,0.07,0.09,5,22,0,1,0,3.5714285714285716,0.0
1,1624,4,False,0,2025-02-22,4,0.0,0.04,0.06,5,22,0,1,0,4.0,0.0
1,1625,4,False,0,2025-02-22,3,0.0,0.03,0.04,5,22,0,1,0,4.142857142857143,0.0
1,1634,4,False,0,2025-02-22,2,0.0,0.05,0.06,5,22,0,1,0,4.142857142857143,0.0
1,1648,4,False,0,2025-02-22,4,0.0,0.03,0.04,5,22,0,1,0,3.2857142857142856,0.0
1,1654,4,False,0,2025-02-22,3,0.0,0.01,0.02,5,22,0,1,0,3.7142857142857144,0.0
1,1672,4,False,0,2025-02-22,3,0.0,0.02,0.02,5,22,0,1,0,3.4285714285714284,0.0
1,1693,4,False,0,2025-02-22,3,0.0,0.02,0.04,5,22,0,1,0,3.142857142857143,0.0
1,1805,4,False,0,2025-02-22,3,0.0,0.04,0.06,5,22,0,1,0,3.142857142857143,0.0
1,1806,4,False,0,2025-02-22,3,0.0,0.08,0.12,5,22,0,1,0,3.0,0.0
1,1824,4,False,0,2025-02-22,3,0.0,0.01,0.01,5,22,0,1,0,3.0,0.0
1,1836,4,False,0,2025-02-22,6,0.0,0.04,0.06,5,22,0,1,0,3.142857142857143,0.0
1,1838,4,False,0,2025-02-22,3,0.0,0.01,0.01,5,22,0,1,0,3.4285714285714284,0.0
1,1842,4,False,0,2025-02-22,2,1.0,0.01,0.01,5,22,0,1,0,3.4285714285714284,0.0
1,1856,4,False,0,2025-02-22,2,0.0,0.02,0.04,5,22,0,1,0,3.2857142857142856,0.0
1,1861,4,False,0,2025-02-22,0,0.0,0.02,0.03,5,22,0,1,0,3.142857142857143,0.0
1,1869,4,False,0,2025-02-22,4,0.0,0.01,0.01,5,22,0,1,0,2.7142857142857144,0.0
1,1870,4,False,0,2025-02-22,2,0.0,0.04,0.06,5,22,0,1,0,2.857142857142857,0.0
1,1894,4,False,0,2025-02-22,3,0.0,0.03,0.04,5,22,0,1,0,2.7142857142857144,0.0
1,1928,4,False,0,2025-02-22,5,0.0,0.01,0.01,5,22,0,1,0,2.2857142857142856,0.0
1,1942,4,False,0,2025-02-22,2,1.0,0.01,0.02,5,22,0,1,0,2.5714285714285716,0.0
1,1958,4,False,0,2025-02-22,1,0.0,0.04,0.06,5,22,0,1,0,2.5714285714285716,0.0
1,1959,4,False,0,2025-02-22,3,0.0,0.05,0.08,5,22,0,1,0,2.4285714285714284,0.0
1,1968,4,False,0,2025-02-22,5,0.0,0.03,0.05,5,22,0,1,0,2.857142857142857,0.0
1,1996,4,False,0,2025-02-22,3,1.0,0.01,0.02,5,22,0,1,0,3.0,0.0
1,1999,4,False,0,2025-02-22,3,0.0,0.01,0.01,5,22,0,1,0,3.142857142857143,0.0
1,2022,4,False,0,2025-02-22,4,0.0,0.03,0.05,5,22,0,1,0,3.142857142857143,0.0
1,2024,4,False,0,2025-02-22,3,0.0,0.02,0.04,5,22,0,1,0,3.0,0.0
1,2064,4,False,0,2025-02-22,3,0.0,0.02,0.03,5,22,0,1,0,3.142857142857143,0.0
1,2092,4,False,0,2025-02-22,3,0.0,0.04,0.06,5,22,0,1,0,3.4285714285714284,0.0
1,2097,4,False,0,2025-02-22,3,0.0,0.03,0.06,5,22,0,1,0,3.4285714285714284,0.0
1,2103,4,False,0,2025-02-22,0,0.0,0.01,0.02,5,22,0,1,0,3.142857142857143,0.0
1,2137,4,False,0,2025-02-22,4,0.0,0.04,0.06,5,22,0,1,0,2.7142857142857144,0.0
1,2150,4,False,0,2025-02-22,5,0.0,0.01,0.02,5,22,0,1,0,2.857142857142857,0.0
1,2180,4,False,0,2025-02-22,4,0.0,0.05,0.08,5,22,0,1,0,3.0,0.0
1,2239,4,False,0,2025-02-22,2,0.0,0.03,0.04,5,22,0,1,0,3.142857142857143,0.0
1,2252,4,False,0,2025-02-22,2,0.0,0.02,0.03,5,22,0,1,0,3.0,0.0
1,2297,4,False,0,2025-02-22,9,0.0,0.14,0.18,5,22,0,1,0,2.857142857142857,0.0
1,2312,4,False,0,2025-02-22,2,0.0,0.05,0.08,5,22,0,1,0,3.7142857142857144,0.0
1,2320,4,False,0,2025-02-22,2,0.0,0.03,0.04,5,22,0,1,0,4.0,0.0
1,2355,4,False,0,2025-02-22,2,0.0,0.05,0.09,5,22,0,1,0,3.7142857142857144,0.0
1,2369,4,False,0,2025-02-22,3,0.0,0.03,0.05,5,22,0,1,0,3.2857142857142856,0.0
1,2423,4,False,0,2025-02-22,4,0.0,0.02,0.03,5,22,0,1,0,3.142857142857143,0.0
1,2456,4,False,0,2025-02-22,3,0.0,0.02,0.03,5,22,0,1,0,3.4285714285714284,0.0
1,2495,4,False,0,2025-02-22,3,0.0,0.05,0.08,5,22,0,1,0,3.5714285714285716,0.0
1,2517,4,False,0,2025-02-22,5,0.0,0.05,0.09,5,22,0,1,0,2.7142857142857144,0.0
1,2550,4,False,0,2025-02-22,3,0.0,0.03,0.05,5,22,0,1,0,3.142857142857143,0.0
1,2569,4,False,0,2025-02-22,1,0.0,0.01,0.02,5,22,0,1,0,3.2857142857142856,0.0
1,2586,4,False,0,2025-02-22,2,0.0,0.04,0.06,5,22,0,1,0,3.142857142857143,0.0
1,2644,4,False,0,2025-02-22,1,2.0,0.05,0.08,5,22,0,1,0,3.0,0.0
1,2711,4,False,0,2025-02-22,4,0.0,0.04,0.06,5,22,0,1,0,2.5714285714285716,0.0
1,2750,4,False,0,2025-02-22,4,0.0,0.01,0.01,5,22,0,1,0,2.7142857142857144,0.0
1,2773,4,False,0,2025-02-22,3,0.0,0.02,0.04,5,22,0,1,0,2.857142857142857,0.0
1,2800,4,False,0,2025-02-22,6,0.0,0.03,0.04,5,22,0,1,0,2.5714285714285716,0.0
1,2908,4,False,0,2025-02-22,1,1.0,0.03,0.04,5,22,0,1,0,3.0,0.0
1,2943,4,False,0,2025-02-22,3,0.0,0.02,0.03,5,22,0,1,0,3.0,0.0
1,2955,4,False,0,2025-02-22,3,0.0,0.01,0.02,5,22,0,1,0,3.142857142857143,0.0
1,2973,4,False,0,2025-02-22,5,0.0,0.04,0.05,5,22,0,1,0,3.4285714285714284,0.0
1,2988,4,False,0,2025-02-22,2,0.0,0.02,0.03,5,22,0,1,0,3.5714285714285716,0.0
1,2995,4,False,0,2025-02-22,2,0.0,0.05,0.07,5,22,0,1,0,3.2857142857142856,0.0
1,3003,4,False,0,2025-02-22,6,0.0,0.02,0.04,5,22,0,1,0,3.142857142857143,0.0
1,3029,4,False,0,2025-02-22,3,0.0,0.09,0.11,5,22,0,1,0,3.142857142857143,0.0
1,3127,4,False,0,2025-02-22,4,0.0,0.12,0.14,5,22,0,1,0,3.4285714285714284,0.0
1,3130,4,False,0,2025-02-22,5,0.0,0.14,0.22,5,22,0,1,0,3.5714285714285716,0.0
1,3166,4,False,0,2025-02-22,3,0.0,0.01,0.01,5,22,0,1,0,3.857142857142857,0.0
1,3169,4,False,0,2025-02-22,2,0.0,0.02,0.03,5,22,0,1,0,3.5714285714285716,0.0
1,3174,4,False,0,2025-02-22,3,0.0,0.01,0.01,5,22,0,1,0,3.5714285714285716,0.0
1,3222,4,False,0,2025-02-22,2,0.0,0.02,0.04,5,22,0,1,0,3.7142857142857144,0.0
1,3281,4,False,0,2025-02-22,2,0.0,0.06,0.08,5,22,0,1,0,3.142857142857143,0.0
1,3344,4,False,0,2025-02-22,2,0.0,0.04,0.05,5,22,0,1,0,3.0,0.0
1,3374,4,False,0,2025-02-22,1,0.0,0.06,0.09,5,22,0,1,0,2.7142857142857144,0.0
1,3376,4,False,0,2025-02-22,4,0.0,0.03,0.05,5,22,0,1,0,2.142857142857143,0.0
1,3400,4,False,0,2025-02-22,5,0.0,0.01,0.01,5,22,0,1,0,2.2857142857142856,0.0
1,3425,4,False,0,2025-02-22,0,0.0,0.01,0.01,5,22,0,1,0,2.7142857142857144,0.0
1,3428,4,False,0,2025-02-22,2,0.0,0.04,0.06,5,22,0,1,0,2.2857142857142856,0.0
1,3442,4,False,0,2025-02-22,6,0.0,0.07,0.1,5,22,0,1,0,2.2857142857142856,0.0
1,3459,4,False,0,2025-02-22,3,0.0,0.04,0.06,5,22,0,1,0,2.857142857142857,0.0
1,3460,4,False,0,2025-02-22,5,0.0,0.02,0.03,5,22,0,1,0,3.0,0.0
1,3462,4,False,0,2025-02-22,4,0.0,0.03,0.05,5,22,0,1,0,3.5714285714285716,0.0
1,3471,4,False,0,2025-02-22,3,0.0,0.03,0.04,5,22,0,1,0,3.5714285714285716,0.0
1,3497,4,False,0,2025-02-22,2,0.0,0.04,0.06,5,22,0,1,0,3.2857142857142856,0.0
1,3511,4,False,0,2025-02-22,3,0.0,0.04,0.07,5,22,0,1,0,3.5714285714285716,0.0
1,3603,4,False,0,2025-02-22,2,0.0,0.04,0.06,5,22,0,1,0,3.7142857142857144,0.0
1,3618,4,False,0,2025-02-22,3,0.0,0.12,0.17,5,22,0,1,0,3.142857142857143,0.0
1,3669,4,False,0,2025-02-22,2,0.0,0.01,0.01,5,22,0,1,0,3.142857142857143,0.0
1,3670,4,False,0,2025-02-22,4,0.0,0.03,0.05,5,22,0,1,0,2.7142857142857144,0.0
1,3671,4,False,0,2025-02-22,3,0.0,0.04,0.07,5,22,0,1,0,2.7142857142857144,0.0
1,3678,4,False,0,2025-02-22,3,0.0,0.03,0.05,5,22,0,1,0,2.7142857142857144,0.0
1,3685,4,False,0,2025-02-22,0,0.0,0.03,0.06,5,22,0,1,0,2.857142857142857,0.0
1,3720,4,False,0,2025-02-22,0,0.0,0.05,0.07,5,22,0,1,0,2.4285714285714284,0.0
1,3738,4,False,0,2025-02-22,3,0.0,0.01,0.01,5,22,0,1,0,2.142857142857143,0.0
1,3744,4,False,0,2025-02-22,3,0.0,0.04,0.05,5,22,0,1,0,2.142857142857143,0.0
1,3797,4,False,0,2025-02-22,2,0.0,0.03,0.04,5,22,0,1,0,2.2857142857142856,0.0
1,3799,4,False,0,2025-02-22,2,0.0,0.03,0.05,5,22,0,1,0,2.0,0.0
1,3820,4,False,0,2025-02-22,4,0.0,0.02,0.04,5,22,0,1,0,1.8571428571428572,0.0
1,3821,4,False,0,2025-02-22,3,0.0,0.04,0.06,5,22,0,1,0,2.0,0.0
1,3826,4,False,0,2025-02-22,3,0.0,0.02,0.04,5,22,0,1,0,2.4285714285714284,0.0
1,3831,4,False,0,2025-02-22,3,0.0,0.01,0.02,5,22,0,1,0,2.857142857142857,0.0
1,3858,4,False,0,2025-02-22,3,0.0,0.06,0.08,5,22,0,1,0,2.857142857142857,0.0
1,3894,4,False,0,2025-02-22,1,1.0,0.02,0.03,5,22,0,1,0,2.857142857142857,0.0
1,3898,4,False,0,2025-02-22,4,0.0,0.06,0.1,5,22,0,1,0,2.7142857142857144,0.0
1,3913,4,False,0,2025-02-22,3,0.0,0.03,0.05,5,22,0,1,0,3.0,0.0
1,3917,4,False,0,2025-02-22,3,0.0,0.01,0.01,5,22,0,1,0,2.857142857142857,0.0
1,3925,4,False,0,2025-02-22,0,0.0,0.03,0.04,5,22,0,1,0,2.857142857142857,0.0
1,3940,4,False,0,2025-02-22,3,0.0,0.05,0.06,5,22,0,1,0,2.4285714285714284,0.0
1,3954,4,False,0,2025-02-22,3,0.0,0.02,0.03,5,22,0,1,0,2.4285714285714284,0.0
1,3966,4,False,0,2025-02-22,0,0.0,0.02,0.04,5,22,0,1,0,2.4285714285714284,0.0
1,3969,4,False,0,2025-02-22,1,1.0,0.01,0.03,5,22,0,1,0,2.2857142857142856,0.0
1,3977,4,False,0,2025-02-22,4,0.0,0.06,0.08,5,22,0,1,0,1.8571428571428572,0.0
1,4001,4,False,0,2025-02-22,6,0.0,0.04,0.06,5,22,0,1,0,2.0,0.0
1,4034,4,False,0,2025-02-22,3,0.0,0.08,0.11,5,22,0,1,0,2.4285714285714284,0.0
1,4054,4,False,0,2025-02-22,1,1.0,0.02,0.04,5,22,0,1,0,2.857142857142857,0.0
1,4061,4,False,0,2025-02-22,3,0.0,0.05,0.07,5,22,0,1,0,2.5714285714285716,0.0
1,4086,4,False,0,2025-02-22,3,0.0,0.01,0.02,5,22,0,1,0,2.5714285714285716,0.0
1,4096,4,False,0,2025-02-22,2,0.0,0.05,0.07,5,22,0,1,0,3.0,0.0
1,4142,4,False,0,2025-02-22,4,0.0,0.02,0.03,5,22,0,1,0,3.142857142857143,0.0
1,4156,4,False,0,2025-02-22,3,0.0,0.03,0.04,5,22,0,1,0,3.142857142857143,0.0
1,4229,4,False,0,2025-02-22,3,0.0,0.02,0.04,5,22,0,1,0,2.7142857142857144,0.0
1,4244,4,False,0,2025-02-22,0,0.0,0.03,0.04,5,22,0,1,0,2.7142857142857144,0.0
1,4264,4,False,0,2025-02-22,4,0.0,0.05,0.07,5,22,0,1,0,2.5714285714285716,0.0
1,4331,4,False,0,2025-02-22,5,0.0,0.01,0.02,5,22,0,1,0,2.7142857142857144,0.0
1,4365,4,False,0,2025-02-22,5,0.0,0.04,0.06,5,22,0,1,0,3.0,0.0
1,4366,4,False,0,2025-02-22,6,0.0,0.05,0.06,5,22,0,1,0,3.4285714285714284,0.0
1,4420,4,False,0,2025-02-22,3,0.0,0.02,0.02,5,22,0,1,0,3.7142857142857144,0.0
1,4444,4,False,0,2025-02-22,3,1.0,0.07,0.1,5,22,0,1,0,3.7142857142857144,0.0
1,4450,4,False,0,2025-02-22,4,0.0,0.02,0.03,5,22,0,1,0,3.7142857142857144,0.0
1,4458,4,False,0,2025-02-22,12,0.0,0.03,0.05,5,22,0,1,0,4.285714285714286,0.0
1,4465,4,False,0,2025-02-22,3,0.0,0.02,0.04,5,22,0,1,0,5.428571428571429,0.0
1,4472,4,False,0,2025-02-22,5,0.0,0.01,0.01,5,22,0,1,0,5.142857142857143,0.0
1,4507,4,False,0,2025-02-22,3,0.0,0.03,0.04,5,22,0,1,0,5.142857142857143,0.0
1,4525,4,False,0,2025-02-22,3,0.0,0.01,0.03,5,22,0,1,0,4.714285714285714,0.0
1,4536,4,False,0,2025-02-22,4,0.0,0.01,0.01,5,22,0,1,0,4.714285714285714,0.0
1,4564,4,False,0,2025-02-22,2,1.0,0.02,0.04,5,22,0,1,0,4.857142857142857,0.0
1,4568,4,False,0,2025-02-22,5,0.0,0.01,0.01,5,22,0,1,0,4.571428571428571,0.0
1,4604,4,False,0,2025-02-22,5,0.0,0.02,0.03,5,22,0,1,0,3.5714285714285716,0.0
1,4610,4,False,0,2025-02-22,3,0.0,0.06,0.09,5,22,0,1,0,3.857142857142857,0.0
1,4620,4,False,0,2025-02-22,4,0.0,0.02,0.04,5,22,0,1,0,3.5714285714285716,0.0
1,4648,4,False,0,2025-02-22,2,0.0,0.05,0.07,5,22,0,1,0,3.7142857142857144,0.0
1,4700,4,False,0,2025-02-22,3,0.0,0.02,0.03,5,22,0,1,0,3.5714285714285716,0.0
1,4741,4,False,0,2025-02-22,3,0.0,0.02,0.05,5,22,0,1,0,3.4285714285714284,0.0
1,4759,4,False,0,2025-02-22,3,0.0,0.03,0.04,5,22,0,1,0,3.5714285714285716,0.0
1,4770,4,False,0,2025-02-22,2,0.0,0.03,0.05,5,22,0,1,0,3.2857142857142856,0.0
1,4774,4,False,0,2025-02-22,3,0.0,0.03,0.04,5,22,0,1,0,2.857142857142857,0.0
1,4903,4,False,0,2025-02-22,3,1.0,0.01,0.01,5,22,0,1,0,2.857142857142857,0.0
1,4915,4,False,0,2025-02-22,5,0.0,0.01,0.02,5,22,0,1,0,2.7142857142857144,0.0
1,4929,4,False,0,2025-02-22,1,0.0,0.03,0.04,5,22,0,1,0,3.142857142857143,0.0
1,4961,4,False,0,2025-02-22,4,0.0,0.03,0.06,5,22,0,1,0,2.857142857142857,0.0
1,4987,4,False,0,2025-02-22,2,0.0,0.02,0.03,5,22,0,1,0,3.0,0.0
1,4992,4,False,0,2025-02-22,2,0.0,0.04,0.05,5,22,0,1,0,2.857142857142857,0.0
1,4997,4,False,0,2025-02-22,2,0.0,0.07,0.1,5,22,0,1,0,2.857142857142857,0.0
1,4998,4,False,0,2025-02-22,3,0.0,0.01,0.01,5,22,0,1,0,2.7142857142857144,0.0
1,5008,4,False,0,2025-02-22,2,0.0,0.02,0.03,5,22,0,1,0,2.7142857142857144,0.0
1,5048,4,False,0,2025-02-22,2,0.0,0.01,0.02,5,22,0,1,0,2.2857142857142856,0.0
1,5091,4,False,0,2025-02-22,3,0.0,0.06,0.08,5,22,0,1,0,2.4285714285714284,0.0
1,5100,4,False,0,2025-02-22,3,0.0,0.02,0.03,5,22,0,1,0,2.2857142857142856,0.0
1,5112,4,False,0,2025-02-22,6,1.0,0.02,0.04,5,22,0,1,0,2.4285714285714284,0.0
1,5118,4,False,0,2025-02-22,2,1.0,0.05,0.08,5,22,0,1,0,3.0,0.0
1,5120,4,False,0,2025-02-22,0,0.0,0.02,0.03,5,22,0,1,0,3.0,0.0
1,5123,4,False,0,2025-02-22,3,0.0,0.02,0.04,5,22,0,1,0,2.5714285714285716,0.0
1,5130,4,False,0,2025-02-22,2,0.0,0.02,0.03,5,22,0,1,0,2.7142857142857144,0.0
1,5149,4,False,0,2025-02-22,4,0.0,0.12,0.14,5,22,0,1,0,2.7142857142857144,0.0
1,5163,4,False,0,2025-02-22,1,0.0,0.05,0.09,5,22,0,1,0,2.857142857142857,0.0
1,5169,4,False,0,2025-02-22,2,0.0,0.06,0.08,5,22,0,1,0,2.5714285714285716,0.0
1,5172,4,False,0,2025-02-22,3,0.0,0.04,0.06,5,22,0,1,0,2.0,0.0
1,5177,4,False,0,2025-02-22,3,0.0,0.01,0.01,5,22,0,1,0,2.142857142857143,0.0
1,5199,4,False,0,2025-02-22,2,0.0,0.02,0.02,5,22,0,1,0,2.5714285714285716,0.0
1,5234,4,False,0,2025-02-22,2,0.0,0.02,0.03,5,22,0,1,0,2.4285714285714284,0.0
1,5241,4,False,0,2025-02-22,2,0.0,0.01,0.01,5,22,0,1,0,2.4285714285714284,0.0
1,5247,4,False,0,2025-02-22,3,1.0,0.02,0.02,5,22,0,1,0,2.142857142857143,0.0
1,5267,4,False,0,2025-02-22,2,0.0,0.02,0.03,5,22,0,1,0,2.4285714285714284,0.0
1,5269,4,False,0,2025-02-22,0,0.0,0.01,0.02,5,22,0,1,0,2.4285714285714284,0.0
1,5275,4,False,0,2025-02-22,3,1.0,0.02,0.05,5,22,0,1,0,2.0,0.0
1,5283,4,False,0,2025-02-22,3,0.0,0.03,0.04,5,22,0,1,0,2.0,0.0
1,172,5,True,0,2025-02-22,30,0.0,0.01,0.01,5,22,0,1,0,2.142857142857143,0.0
1,327,5,True,0,2025-02-22,13,2.0,0.01,0.03,5,22,0,1,0,6.142857142857143,0.0
1,697,5,True,0,2025-02-22,33,0.0,0.04,0.13,5,22,0,1,0,7.714285714285714,0.0
1,1278,5,True,0,2025-02-22,54,3.0,0.02,0.05,5,22,0,1,0,12.0,0.0
1,1463,5,True,0,2025-02-22,21,0.0,0.01,0.05,5,22,0,1,0,19.428571428571427,0.0
1,1471,5,True,0,2025-02-22,8,0.0,0.02,0.05,5,22,0,1,0,22.428571428571427,0.0
1,1580,5,True,0,2025-02-22,7,0.0,0.02,0.04,5,22,0,1,0,23.142857142857142,0.0
1,1795,5,True,0,2025-02-22,8,2.0,0.02,0.04,5,22,0,1,0,23.714285714285715,0.0
1,1860,5,True,0,2025-02-22,14,0.0,0.03,0.04,5,22,0,1,0,20.571428571428573,0.0
1,2169,5,True,0,2025-02-22,3,1.0,0.01,0.02,5,22,0,1,0,20.714285714285715,0.0
1,2338,5,True,0,2025-02-22,11,1.0,0.01,0.05,5,22,0,1,0,16.428571428571427,0.0
1,2381,5,True,0,2025-02-22,9,0.0,0.04,0.06,5,22,0,1,0,10.285714285714286,0.0
1,2518,5,True,0,2025-02-22,8,0.0,0.02,0.09,5,22,0,1,0,8.571428571428571,0.0
1,2560,5,True,0,2025-02-22,11,0.0,0.03,0.04,5,22,0,1,0,8.571428571428571,0.0
1,2647,5,True,0,2025-02-22,18,4.0,0.03,0.05,5,22,0,1,0,9.142857142857142,0.0
1,2661,5,True,0,2025-02-22,37,0.0,0.0,0.01,5,22,0,1,0,10.571428571428571,0.0
1,2926,5,True,0,2025-02-22,3,0.0,0.03,0.05,5,22,0,1,0,13.857142857142858,0.0
1,3002,5,True,0,2025-02-22,10,0.0,0.04,0.09,5,22,0,1,0,13.857142857142858,0.0
1,3175,5,True,0,2025-02-22,20,0.0,0.04,0.1,5,22,0,1,0,13.714285714285714,0.0
1,3612,5,True,0,2025-02-22,34,1.0,0.05,0.08,5,22,0,1,0,15.285714285714286,1.5562887931460305
1,3734,5,True,0,2025-02-22,10,0.0,0.05,0.09,5,22,0,1,0,19.0,0.0
1,3819,5,True,0,2025-02-22,5,0.0,0.02,0.07,5,22,0,1,0,18.857142857142858,0.0
1,4150,5,True,0,2025-02-22,50,0.0,0.02,0.04,5,22,0,1,0,17.0,0.0
1,4200,5,True,0,2025-02-22,45,3.0,0.06,0.12,5,22,0,1,0,18.857142857142858,1.5026662078692234
1,5036,5,True,0,2025-02-22,19,1.0,0.03,0.05,5,22,0,1,0,24.857142857142858,0.0
1,5260,5,True,0,2025-02-22,31,2.0,0.02,0.06,5,22,0,1,0,26.142857142857142,0.0
1,138,6,False,0,2025-02-22,2,0.0,0.16,0.23,5,22,0,1,0,27.714285714285715,0.0
1,177,6,False,0,2025-02-22,1,0.0,0.08,0.1,5,22,0,1,0,23.142857142857142,0.0
1,207,6,False,0,2025-02-22,1,0.0,0.22,0.31,5,22,0,1,0,21.857142857142858,0.0
1,316,6,False,0,2025-02-22,0,0.0,0.08,0.12,5,22,0,1,0,21.285714285714285,0.0
1,647,6,False,0,2025-02-22,2,0.0,0.07,0.09,5,22,0,1,0,14.142857142857142,0.0
1,755,6,False,0,2025-02-22,1,0.0,0.15,0.21,5,22,0,1,0,8.0,0.0
1,975,6,False,0,2025-02-22,1,0.0,0.08,0.1,5,22,0,1,0,5.428571428571429,0.0
1,1265,6,False,0,2025-02-22,4,0.0,0.14,0.2,5,22,0,1,0,1.1428571428571428,0.0
1,1309,6,False,0,2025-02-22,2,0.0,0.24,0.32,5,22,0,1,0,1.4285714285714286,0.0
1,1509,6,False,0,2025-02-22,0,0.0,0.22,0.25,5,22,0,1,0,1.5714285714285714,0.0
1,1740,6,False,0,2025-02-22,1,0.0,0.08,0.12,5,22,0,1,0,1.4285714285714286,0.0
1,1827,6,False,0,2025-02-22,1,0.0,0.1,0.15,5,22,0,1,0,1.5714285714285714,0.0
1,1845,6,False,0,2025-02-22,2,0.0,0.05,0.06,5,22,0,1,0,1.4285714285714286,0.0
1,1865,6,False,0,2025-02-22,2,0.0,0.12,0.16,5,22,0,1,0,1.5714285714285714,0.0
1,2131,6,False,0,2025-02-22,3,0.0,0.1,0.15,5,22,0,1,0,1.7142857142857142,0.0
1,2216,6,False,0,2025-02-22,1,0.0,0.06,0.09,5,22,0,1,0,1.5714285714285714,0.0
1,2240,6,False,0,2025-02-22,3,0.0,0.13,0.17,5,22,0,1,0,1.4285714285714286,0.0
1,2291,6,False,0,2025-02-22,1,0.0,0.15,0.21,5,22,0,1,0,1.8571428571428572,0.0
1,2352,6,False,0,2025-02-22,5,0.0,0.11,0.15,5,22,0,1,0,1.8571428571428572,0.0
1,2515,6,False,0,2025-02-22,2,0.0,0.16,0.19,5,22,0,1,0,2.4285714285714284,0.0
1,2617,6,False,0,2025-02-22,2,0.0,0.13,0.19,5,22,0,1,0,2.4285714285714284,0.0
1,2799,6,False,0,2025-02-22,1,0.0,0.06,0.08,5,22,0,1,0,2.4285714285714284,0.0
1,2934,6,False,0,2025-02-22,1,0.0,0.07,0.1,5,22,0,1,0,2.142857142857143,0.0
1,3090,6,False,0,2025-02-22,1,1.0,0.15,0.2,5,22,0,1,0,2.142857142857143,0.0
1,3380,6,False,0,2025-02-22,3,0.0,0.06,0.09,5,22,0,1,0,1.8571428571428572,0.0
1,3637,6,False,0,2025-02-22,1,0.0,0.07,0.09,5,22,0,1,0,2.142857142857143,0.0
1,3793,6,False,0,2025-02-22,2,0.0,0.03,0.04,5,22,0,1,0,1.5714285714285714,0.0
1,3937,6,False,0,2025-02-22,0,1.0,0.14,0.18,5,22,0,1,0,1.5714285714285714,0.0
1,4074,6,False,0,2025-02-22,1,0.0,0.16,0.22,5,22,0,1,0,1.2857142857142858,0.0
1,4196,6,False,0,2025-02-22,2,0.0,0.06,0.08,5,22,0,1,0,1.2857142857142858,0.0
1,4228,6,False,0,2025-02-22,3,1.0,0.16,0.2,5,22,0,1,0,1.4285714285714286,0.0
1,4356,6,False,0,2025-02-22,2,0.0,0.09,0.14,5,22,0,1,0,1.7142857142857142,0.0
1,4398,6,False,0,2025-02-22,0,0.0,0.09,0.17,5,22,0,1,0,1.5714285714285714,0.0
1,4430,6,False,0,2025-02-22,1,0.0,0.08,0.12,5,22,0,1,0,1.4285714285714286,0.0
1,4730,6,False,0,2025-02-22,1,0.0,0.13,0.15,5,22,0,1,0,1.2857142857142858,0.0
1,4736,6,False,0,2025-02-22,1,0.0,0.07,0.09,5,22,0,1,0,1.4285714285714286,0.0
1,4849,6,False,0,2025-02-22,2,0.0,0.13,0.22,5,22,0,1,0,1.4285714285714286,0.0
1,4887,6,False,0,2025-02-22,4,0.0,0.13,0.16,5,22,0,1,0,1.4285714285714286,0.0
1,5023,6,False,0,2025-02-22,2,0.0,0.13,0.18,5,22,0,1,0,1.5714285714285714,0.0
1,411,7,False,0,2025-02-22,11,1.0,0.0,0.01,5,22,0,1,0,1.5714285714285714,0.0
1,461,7,False,0,2025-02-22,17,2.0,0.0,0.01,5,22,0,1,0,3.142857142857143,0.0
1,551,7,False,0,2025-02-22,8,0.0,0.01,0.01,5,22,0,1,0,5.428571428571429,0.0
1,559,7,False,0,2025-02-22,30,0.0,0.01,0.01,5,22,0,1,0,6.428571428571429,0.0
1,848,7,False,0,2025-02-22,4,0.0,0.04,0.05,5,22,0,1,0,10.571428571428571,0.0
1,861,7,False,0,2025-02-22,28,0.0,0.01,0.02,5,22,0,1,0,10.857142857142858,0.0
1,1115,7,False,0,2025-02-22,86,0.0,0.0,0.0,5,22,0,1,0,14.285714285714286,0.0
1,1288,7,False,0,2025-02-22,14,0.0,0.01,0.02,5,22,0,1,0,26.285714285714285,1.6057544810718725
1,1787,7,False,0,2025-02-22,0,0.0,0.02,0.02,5,22,0,1,0,26.714285714285715,2.308222862021761
1,2175,7,False,0,2025-02-22,10,0.0,0.03,0.04,5,22,0,1,0,24.285714285714285,0.0
1,2227,7,False,0,2025-02-22,11,0.0,0.02,0.03,5,22,0,1,0,24.571428571428573,0.0
1,2499,7,False,0,2025-02-22,13,0.0,0.0,0.01,5,22,0,1,0,21.857142857142858,0.0
1,2887,7,False,0,2025-02-22,19,1.0,0.02,0.03,5,22,0,1,0,23.142857142857142,0.0
1,3023,7,False,0,2025-02-22,19,1.0,0.01,0.01,5,22,0,1,0,21.857142857142858,0.0
1,3040,7,False,0,2025-02-22,5,0.0,0.0,0.0,5,22,0,1,0,12.285714285714286,0.0
1,3105,7,False,0,2025-02-22,4,5.0,0.0,0.01,5,22,0,1,0,11.0,0.0
1,3272,7,False,0,2025-02-22,12,0.0,0.01,0.02,5,22,0,1,0,11.571428571428571,1.5539661459950194
1,3314,7,False,0,2025-02-22,21,1.0,0.0,0.01,5,22,0,1,0,11.857142857142858,0.0
1,3401,7,False,0,2025-02-22,12,0.0,0.0,0.01,5,22,0,1,0,13.285714285714286,0.0
1,4026,7,False,0,2025-02-22,5,0.0,0.12,0.17,5,22,0,1,0,13.142857142857142,0.0
1,4093,7,False,0,2025-02-22,11,1.0,0.01,0.01,5,22,0,1,0,11.142857142857142,1.7077873675556552
1,4298,7,False,0,2025-02-22,18,5.0,0.01,0.01,5,22,0,1,0,10.0,1.8149392630802448
1,4351,7,False,0,2025-02-22,15,1.0,0.01,0.03,5,22,0,1,0,11.857142857142858,0.0
1,4411,7,False,0,2025-02-22,15,0.0,0.02,0.04,5,22,0,1,0,13.428571428571429,0.0
1,4585,7,False,0,2025-02-22,26,1.0,0.02,0.04,5,22,0,1,0,13.857142857142858,1.643491120061618
1,4688,7,False,0,2025-02-22,13,0.0,0.0,0.03,5,22,0,1,0,14.571428571428571,0.0
1,4867,7,False,0,2025-02-22,1,0.0,0.03,0.05,5,22,0,1,0,14.714285714285714,0.0
1,199,8,False,0,2025-02-22,11,4.0,0.01,0.02,5,22,0,1,0,14.142857142857142,0.0
1,269,8,False,0,2025-02-22,45,3.0,0.0,0.01,5,22,0,1,0,14.142857142857142,2.0740333805513695
1,805,8,False,0,2025-02-22,17,0.0,0.0,0.01,5,22,0,1,0,18.0,0.0
1,828,8,False,0,2025-02-22,10,0.0,0.01,0.01,5,22,0,1,0,18.285714285714285,0.0
1,932,8,False,0,2025-02-22,12,0.0,0.01,0.02,5,22,0,1,0,17.571428571428573,0.0
1,1010,8,False,0,2025-02-22,9,1.0,0.01,0.02,5,22,0,1,0,15.571428571428571,0.0
1,1073,8,False,0,2025-02-22,20,0.0,0.01,0.02,5,22,0,1,0,15.0,0.0
1,1308,8,False,0,2025-02-22,41,0.0,0.02,0.02,5,22,0,1,0,17.714285714285715,2.0914630488388446
1,2253,8,False,0,2025-02-22,17,1.0,0.0,0.01,5,22,0,1,0,22.0,0.0
1,2420,8,False,0,2025-02-22,16,0.0,0.0,0.01,5,22,0,1,0,18.0,0.0
1,2659,8,False,0,2025-02-22,7,0.0,0.01,0.01,5,22,0,1,0,17.857142857142858,0.0
1,2985,8,False,0,2025-02-22,23,0.0,0.02,0.02,5,22,0,1,0,17.428571428571427,2.05852665415612
1,3015,8,False,0,2025-02-22,12,1.0,0.01,0.02,5,22,0,1,0,19.0,0.0
1,3331,8,False,0,2025-02-22,35,1.0,0.01,0.02,5,22,0,1,0,19.428571428571427,0.0
1,3430,8,False,0,2025-02-22,17,0.0,0.01,0.02,5,22,0,1,0,21.571428571428573,0.0
1,3545,8,False,0,2025-02-22,12,0.0,0.02,0.03,5,22,0,1,0,18.142857142857142,0.0
1,3594,8,False,0,2025-02-22,6,0.0,0.01,0.01,5,22,0,1,0,17.428571428571427,0.0
1,3605,8,False,0,2025-02-22,10,1.0,0.01,0.01,5,22,0,1,0,16.0,0.0
1,4513,8,False,0,2025-02-22,11,1.0,0.01,0.02,5,22,0,1,0,16.428571428571427,0.0
1,4560,8,False,0,2025-02-22,14,1.0,0.01,0.02,5,22,0,1,0,14.714285714285714,0.0
1,5038,8,False,0,2025-02-22,3,0.0,0.02,0.03,5,22,0,1,0,15.0,0.0
1,5075,8,False,0,2025-02-22,12,0.0,0.01,0.02,5,22,0,1,0,10.428571428571429,0.0
1,5178,8,False,0,2025-02-22,12,0.0,0.01,0.02,5,22,0,1,0,9.714285714285714,0.0
1,10,9,True,0,2025-02-22,8,0.0,0.04,0.05,5,22,0,1,0,9.714285714285714,0.0
1,45,9,True,0,2025-02-22,19,1.0,0.02,0.05,5,22,0,1,0,10.0,1.6706179096622935
1,141,9,True,0,2025-02-22,8,0.0,0.03,0.09,5,22,0,1,0,11.285714285714286,0.0
1,187,9,True,0,2025-02-22,10,2.0,0.01,0.04,5,22,0,1,0,10.857142857142858,0.0
1,270,9,True,0,2025-02-22,27,0.0,0.02,0.07,5,22,0,1,0,10.285714285714286,0.0
1,275,9,True,0,2025-02-22,9,0.0,0.04,0.06,5,22,0,1,0,13.714285714285714,0.0
1,278,9,True,0,2025-02-22,17,1.0,0.05,0.1,5,22,0,1,0,13.285714285714286,0.0
1,317,9,True,0,2025-02-22,10,4.0,0.01,0.02,5,22,0,1,0,14.0,0.0
1,352,9,True,0,2025-02-22,25,0.0,0.02,0.1,5,22,0,1,0,14.285714285714286,0.0
1,473,9,True,0,2025-02-22,11,0.0,0.01,0.02,5,22,0,1,0,15.142857142857142,0.0
1,496,9,True,0,2025-02-22,8,0.0,0.01,0.02,5,22,0,1,0,15.571428571428571,0.0
1,615,9,True,0,2025-02-22,3,0.0,0.02,0.04,5,22,0,1,0,15.285714285714286,0.0
1,678,9,True,0,2025-02-22,22,0.0,0.01,0.05,5,22,0,1,0,11.857142857142858,0.0
1,696,9,True,0,2025-02-22,8,6.0,0.01,0.01,5,22,0,1,0,13.714285714285714,0.0
1,747,9,True,0,2025-02-22,3,0.0,0.01,0.03,5,22,0,1,0,12.428571428571429,0.0
1,802,9,True,0,2025-02-22,17,1.0,0.06,0.1,5,22,0,1,0,11.428571428571429,0.0
1,813,9,True,0,2025-02-22,31,0.0,0.02,0.03,5,22,0,1,0,10.285714285714286,0.0
1,958,9,True,0,2025-02-22,19,0.0,0.01,0.02,5,22,0,1,0,13.142857142857142,2.4742630289618956
1,976,9,True,0,2025-02-22,15,0.0,0.01,0.04,5,22,0,1,0,14.714285714285714,0.0
1,1112,9,True,0,2025-02-22,23,1.0,0.02,0.05,5,22,0,1,0,16.428571428571427,0.0
1,1148,9,True,0,2025-02-22,2,0.0,0.02,0.06,5,22,0,1,0,16.571428571428573,0.0
1,1172,9,True,0,2025-02-22,15,0.0,0.01,0.04,5,22,0,1,0,15.714285714285714,0.0
1,1178,9,True,0,2025-02-22,12,1.0,0.02,0.07,5,22,0,1,0,17.428571428571427,0.0
1,1287,9,True,0,2025-02-22,13,0.0,0.01,0.04,5,22,0,1,0,16.714285714285715,0.0
1,1323,9,True,0,2025-02-22,13,1.0,0.02,0.06,5,22,0,1,0,14.142857142857142,0.0
1,1409,9,True,0,2025-02-22,24,0.0,0.02,0.06,5,22,0,1,0,13.285714285714286,0.0
1,1510,9,True,0,2025-02-22,9,0.0,0.03,0.1,5,22,0,1,0,14.571428571428571,0.0
1,1661,9,True,0,2025-02-22,13,1.0,0.01,0.05,5,22,0,1,0,12.571428571428571,0.0
1,1696,9,True,0,2025-02-22,20,2.0,0.01,0.02,5,22,0,1,0,14.142857142857142,2.18403597784308
1,1705,9,True,0,2025-02-22,10,1.0,0.04,0.11,5,22,0,1,0,14.857142857142858,0.0
1,1896,9,True,0,2025-02-22,4,0.0,0.03,0.11,5,22,0,1,0,14.571428571428571,0.0
1,1906,9,True,0,2025-02-22,9,1.0,0.04,0.17,5,22,0,1,0,13.285714285714286,0.0
1,1951,9,True,0,2025-02-22,31,4.0,0.02,0.05,5,22,0,1,0,12.714285714285714,0.0
1,2010,9,True,0,2025-02-22,21,0.0,0.03,0.1,5,22,0,1,0,13.714285714285714,0.0
1,2011,9,True,0,2025-02-22,9,0.0,0.01,0.03,5,22,0,1,0,15.428571428571429,0.0
1,2056,9,True,0,2025-02-22,11,0.0,0.01,0.02,5,22,0,1,0,14.857142857142858,0.0
1,2256,9,True,0,2025-02-22,24,0.0,0.02,0.04,5,22,0,1,0,13.571428571428571,0.0
1,2284,9,True,0,2025-02-22,7,0.0,0.01,0.03,5,22,0,1,0,15.571428571428571,0.0
1,2307,9,True,0,2025-02-22,51,3.0,0.02,0.07,5,22,0,1,0,16.0,0.0
1,2357,9,True,0,2025-02-22,17,0.0,0.09,0.18,5,22,0,1,0,22.0,0.0
1,2360,9,True,0,2025-02-22,6,0.0,0.01,0.04,5,22,0,1,0,20.0,0.0
1,2399,9,True,0,2025-02-22,24,0.0,0.03,0.09,5,22,0,1,0,17.857142857142858,0.0
1,2401,9,True,0,2025-02-22,19,0.0,0.01,0.02,5,22,0,1,0,20.0,0.0
1,2419,9,True,0,2025-02-22,9,1.0,0.02,0.03,5,22,0,1,0,21.142857142857142,0.0
1,2474,9,True,0,2025-02-22,11,0.0,0.04,0.11,5,22,0,1,0,19.0,0.0
1,2486,9,True,0,2025-02-22,6,0.0,0.02,0.07,5,22,0,1,0,19.571428571428573,0.0
1,2543,9,True,0,2025-02-22,3,0.0,0.0,0.02,5,22,0,1,0,13.142857142857142,0.0
1,2615,9,True,0,2025-02-22,15,0.0,0.02,0.06,5,22,0,1,0,11.142857142857142,0.0
1,2795,9,True,0,2025-02-22,8,0.0,0.02,0.07,5,22,0,1,0,12.428571428571429,0.0
1,2812,9,True,0,2025-02-22,28,0.0,0.02,0.07,5,22,0,1,0,10.142857142857142,0.0
1,2841,9,True,0,2025-02-22,22,1.0,0.01,0.07,5,22,0,1,0,11.428571428571429,0.0
1,2857,9,True,0,2025-02-22,48,4.0,0.01,0.02,5,22,0,1,0,13.285714285714286,0.0
1,3008,9,True,0,2025-02-22,41,2.0,0.01,0.06,5,22,0,1,0,18.571428571428573,0.0
1,3226,9,True,0,2025-02-22,3,3.0,0.02,0.04,5,22,0,1,0,23.571428571428573,0.0
1,3241,9,True,0,2025-02-22,12,0.0,0.01,0.05,5,22,0,1,0,23.571428571428573,0.0
1,3244,9,True,0,2025-02-22,15,0.0,0.01,0.04,5,22,0,1,0,23.142857142857142,0.0
1,3356,9,True,0,2025-02-22,7,0.0,0.01,0.03,5,22,0,1,0,24.142857142857142,0.0
1,3540,9,True,0,2025-02-22,10,0.0,0.03,0.07,5,22,0,1,0,21.142857142857142,0.0
1,3735,9,True,0,2025-02-22,10,0.0,0.02,0.06,5,22,0,1,0,19.428571428571427,0.0
1,3751,9,True,0,2025-02-22,4,0.0,0.04,0.07,5,22,0,1,0,14.0,0.0
1,3789,9,True,0,2025-02-22,5,2.0,0.01,0.03,5,22,0,1,0,8.714285714285714,0.0
1,3905,9,True,0,2025-02-22,28,2.0,0.01,0.07,5,22,0,1,0,9.0,0.0
1,4012,9,True,0,2025-02-22,38,1.0,0.01,0.06,5,22,0,1,0,11.285714285714286,0.0
1,4106,9,True,0,2025-02-22,23,0.0,0.02,0.07,5,22,0,1,0,14.571428571428571,0.0
1,4141,9,True,0,2025-02-22,12,0.0,0.05,0.1,5,22,0,1,0,16.857142857142858,0.0
1,4153,9,True,0,2025-02-22,34,1.0,0.01,0.02,5,22,0,1,0,17.142857142857142,2.277981844699452
1,4154,9,True,0,2025-02-22,7,0.0,0.0,0.01,5,22,0,1,0,20.571428571428573,0.0
1,4197,9,True,0,2025-02-22,1,0.0,0.01,0.04,5,22,0,1,0,21.0,0.0
1,4348,9,True,0,2025-02-22,11,0.0,0.01,0.03,5,22,0,1,0,20.428571428571427,0.0
1,4350,9,True,0,2025-02-22,18,0.0,0.03,0.06,5,22,0,1,0,18.0,0.0
1,4367,9,True,0,2025-02-22,8,0.0,0.03,0.08,5,22,0,1,0,15.142857142857142,0.0
1,4466,9,True,0,2025-02-22,19,0.0,0.02,0.06,5,22,0,1,0,13.0,0.0
1,4493,9,True,0,2025-02-22,42,0.0,0.01,0.07,5,22,0,1,0,14.0,0.0
1,4530,9,True,0,2025-02-22,15,0.0,0.01,0.02,5,22,0,1,0,15.142857142857142,1.9205011949302184
1,4594,9,True,0,2025-02-22,7,0.0,0.01,0.08,5,22,0,1,0,16.285714285714285,0.0
1,4637,9,True,0,2025-02-22,12,0.0,0.01,0.03,5,22,0,1,0,17.142857142857142,0.0
1,4645,9,True,0,2025-02-22,24,3.0,0.01,0.02,5,22,0,1,0,17.285714285714285,2.2190973172184716
1,4655,9,True,0,2025-02-22,9,0.0,0.06,0.08,5,22,0,1,0,18.142857142857142,0.0
1,4679,9,True,0,2025-02-22,55,0.0,0.01,0.03,5,22,0,1,0,18.285714285714285,0.0
1,4845,9,True,0,2025-02-22,22,0.0,0.01,0.03,5,22,0,1,0,23.428571428571427,0.0
1,4906,9,True,0,2025-02-22,18,1.0,0.01,0.04,5,22,0,1,0,20.571428571428573,0.0
1,4996,9,True,0,2025-02-22,12,0.0,0.0,0.02,5,22,0,1,0,21.0,0.0
1,5079,9,True,0,2025-02-22,5,0.0,0.01,0.03,5,22,0,1,0,21.714285714285715,0.0
1,5087,9,True,0,2025-02-22,12,1.0,0.03,0.07,5,22,0,1,0,20.714285714285715,0.0
1,5093,9,True,0,2025-02-22,6,0.0,0.02,0.06,5,22,0,1,0,19.0,0.0
1,5122,9,True,0,2025-02-22,9,1.0,0.01,0.03,5,22,0,1,0,18.571428571428573,0.0
1,5135,9,True,0,2025-02-22,6,0.0,0.02,0.05,5,22,0,1,0,12.0,0.0
1,5175,9,True,0,2025-02-22,10,0.0,0.01,0.03,5,22,0,1,0,9.714285714285714,0.0
1,5212,9,True,0,2025-02-22,10,0.0,0.01,0.04,5,22,0,1,0,8.571428571428571,0.0
1,5272,9,True,0,2025-02-22,60,0.0,0.01,0.02,5,22,0,1,0,8.285714285714286,0.0
1,147,10,False,0,2025-02-22,30,0.0,0.03,0.09,5,22,0,1,0,16.142857142857142,0.0
1,1782,10,False,0,2025-02-22,31,1.0,0.04,0.09,5,22,0,1,0,18.714285714285715,1.6163465193369877
1,2377,10,False,0,2025-02-22,56,4.0,0.0,0.01,5,22,0,1,0,22.285714285714285,4.09141892120568
1,3203,10,False,0,2025-02-22,29,1.0,0.03,0.13,5,22,0,1,0,29.0,0.0
1,5018,10,False,0,2025-02-22,24,0.0,0.02,0.1,5,22,0,1,0,32.285714285714285,0.0
1,2058,11,False,0,2025-02-22,0,0.0,0.22,0.22,5,22,0,1,0,34.285714285714285,1.887410667981562
1,2882,11,False,0,2025-02-22,9,0.0,0.23,0.22,5,22,0,1,0,32.857142857142854,0.0
1,3107,11,False,0,2025-02-22,2,1.0,0.12,0.15,5,22,0,1,0,25.571428571428573,0.0
1,3123,11,False,0,2025-02-22,13,0.0,0.23,0.23,5,22,0,1,0,21.571428571428573,1.5686287964487224
1,3499,11,False,0,2025-02-22,8,0.0,0.09,0.09,5,22,0,1,0,19.0,0.0
1,3870,11,False,0,2025-02-22,3,0.0,0.15,0.17,5,22,0,1,0,12.142857142857142,0.0
1,4160,11,False,0,2025-02-22,0,1.0,0.16,0.19,5,22,0,1,0,8.428571428571429,0.0
1,5085,11,False,0,2025-02-22,24,4.0,0.23,0.23,5,22,0,1,0,5.0,1.20876385436295
1,488,1,False,0,2025-02-27,5,1.0,0.14,0.16,3,27,0,0,1,8.428571428571429,0.0
1,1985,1,False,0,2025-02-27,6,0.0,0.14,0.15,3,27,0,0,1,7.857142857142857,0.0
1,2735,1,False,0,2025-02-27,6,0.0,0.14,0.17,3,27,0,0,1,8.428571428571429,0.0
1,3664,1,False,0,2025-02-27,3,0.0,0.14,0.17,3,27,0,0,1,7.428571428571429,0.0
1,4052,1,False,0,2025-02-27,11,1.0,0.15,0.17,3,27,0,0,1,6.714285714285714,0.0
1,48,3,True,0,2025-02-27,4,1.0,0.12,0.17,3,27,0,0,1,7.857142857142857,0.0
1,59,3,True,0,2025-02-27,16,0.0,0.02,0.02,3,27,0,0,1,8.428571428571429,0.0
1,82,3,True,0,2025-02-27,4,0.0,0.06,0.07,3,27,0,0,1,7.285714285714286,0.0
1,86,3,True,0,2025-02-27,3,0.0,0.12,0.15,3,27,0,0,1,7.142857142857143,0.0
1,87,3,True,0,2025-02-27,13,2.0,0.03,0.04,3,27,0,0,1,6.714285714285714,0.0
1,94,3,True,0,2025-02-27,3,0.0,0.08,0.12,3,27,0,0,1,7.714285714285714,0.0
1,103,3,True,0,2025-02-27,6,0.0,0.06,0.09,3,27,0,0,1,7.714285714285714,0.0
1,106,3,True,0,2025-02-27,14,0.0,0.04,0.06,3,27,0,0,1,7.0,0.0
1,167,3,True,0,2025-02-27,5,0.0,0.09,0.16,3,27,0,0,1,8.428571428571429,0.0
1,212,3,True,0,2025-02-27,4,0.0,0.05,0.07,3,27,0,0,1,6.857142857142857,0.0
1,234,3,True,0,2025-02-27,2,3.0,0.08,0.12,3,27,0,0,1,6.857142857142857,0.0
1,281,3,True,0,2025-02-27,10,0.0,0.07,0.1,3,27,0,0,1,6.714285714285714,0.0
1,381,3,True,0,2025-02-27,5,0.0,0.04,0.05,3,27,0,0,1,6.285714285714286,0.0
1,415,3,True,0,2025-02-27,3,0.0,0.07,0.1,3,27,0,0,1,6.571428571428571,0.0
1,440,3,True,0,2025-02-27,4,0.0,0.05,0.07,3,27,0,0,1,6.142857142857143,0.0
1,470,3,True,0,2025-02-27,3,0.0,0.07,0.1,3,27,0,0,1,4.714285714285714,0.0
1,493,3,True,0,2025-02-27,3,0.0,0.11,0.13,3,27,0,0,1,4.428571428571429,0.0
1,516,3,True,0,2025-02-27,0,0.0,0.02,0.02,3,27,0,0,1,4.285714285714286,0.0
1,605,3,True,0,2025-02-27,4,0.0,0.05,0.07,3,27,0,0,1,4.0,0.0
1,612,3,True,0,2025-02-27,11,0.0,0.03,0.03,3,27,0,0,1,3.142857142857143,0.0
1,620,3,True,0,2025-02-27,6,0.0,0.02,0.03,3,27,0,0,1,4.0,0.0
1,650,3,True,0,2025-02-27,4,0.0,0.08,0.11,3,27,0,0,1,4.428571428571429,0.0
1,686,3,True,0,2025-02-27,5,0.0,0.03,0.05,3,27,0,0,1,4.428571428571429,0.0
1,703,3,True,0,2025-02-27,8,0.0,0.02,0.02,3,27,0,0,1,4.714285714285714,0.0
1,742,3,True,0,2025-02-27,6,0.0,0.04,0.06,3,27,0,0,1,5.428571428571429,0.0
1,855,3,True,0,2025-02-27,13,0.0,0.02,0.03,3,27,0,0,1,6.285714285714286,0.0
1,947,3,True,0,2025-02-27,28,0.0,0.01,0.01,3,27,0,0,1,7.571428571428571,0.0
1,1052,3,True,0,2025-02-27,3,0.0,0.02,0.03,3,27,0,0,1,10.0,0.0
1,1071,3,True,0,2025-02-27,4,0.0,0.02,0.05,3,27,0,0,1,9.571428571428571,0.0
1,1103,3,True,0,2025-02-27,11,0.0,0.1,0.13,3,27,0,0,1,9.571428571428571,0.0
1,1105,3,True,0,2025-02-27,8,0.0,0.05,0.07,3,27,0,0,1,10.428571428571429,0.0
1,1120,3,True,0,2025-02-27,4,0.0,0.06,0.09,3,27,0,0,1,10.428571428571429,0.0
1,1175,3,True,0,2025-02-27,10,0.0,0.01,0.03,3,27,0,0,1,10.142857142857142,0.0
1,1190,3,True,0,2025-02-27,7,0.0,0.04,0.05,3,27,0,0,1,9.714285714285714,0.0
1,1223,3,True,0,2025-02-27,11,0.0,0.03,0.05,3,27,0,0,1,6.714285714285714,0.0
1,1235,3,True,0,2025-02-27,8,1.0,0.06,0.08,3,27,0,0,1,7.857142857142857,0.0
1,1261,3,True,0,2025-02-27,3,0.0,0.07,0.09,3,27,0,0,1,8.428571428571429,0.0
1,1291,3,True,0,2025-02-27,5,0.0,0.04,0.05,3,27,0,0,1,7.285714285714286,0.0
1,1382,3,True,0,2025-02-27,6,0.0,0.05,0.07,3,27,0,0,1,6.857142857142857,0.0
1,1384,3,True,0,2025-02-27,9,0.0,0.08,0.1,3,27,0,0,1,7.142857142857143,0.0
1,1390,3,True,0,2025-02-27,9,0.0,0.04,0.06,3,27,0,0,1,7.0,0.0
1,1447,3,True,0,2025-02-27,8,0.0,0.08,0.12,3,27,0,0,1,7.285714285714286,0.0
1,1470,3,True,0,2025-02-27,9,0.0,0.06,0.08,3,27,0,0,1,6.857142857142857,0.0
1,1503,3,True,0,2025-02-27,3,0.0,0.17,0.19,3,27,0,0,1,7.0,0.0
1,1505,3,True,0,2025-02-27,38,0.0,0.01,0.02,3,27,0,0,1,7.0,0.0
1,1531,3,True,0,2025-02-27,42,1.0,0.05,0.07,3,27,0,0,1,11.714285714285714,0.0
1,1576,3,True,0,2025-02-27,4,0.0,0.13,0.17,3,27,0,0,1,16.857142857142858,0.0
1,1610,3,True,0,2025-02-27,24,0.0,0.01,0.01,3,27,0,0,1,16.142857142857142,0.0
1,1642,3,True,0,2025-02-27,0,0.0,0.09,0.12,3,27,0,0,1,18.285714285714285,0.0
1,1771,3,True,0,2025-02-27,4,0.0,0.17,0.22,3,27,0,0,1,17.142857142857142,0.0
1,1822,3,True,0,2025-02-27,1,1.0,0.08,0.11,3,27,0,0,1,16.428571428571427,0.0
1,1849,3,True,0,2025-02-27,9,0.0,0.05,0.06,3,27,0,0,1,16.142857142857142,0.0
1,1902,3,True,0,2025-02-27,7,1.0,0.03,0.04,3,27,0,0,1,12.0,0.0
1,1940,3,True,0,2025-02-27,4,0.0,0.04,0.05,3,27,0,0,1,7.0,0.0
1,1949,3,True,0,2025-02-27,7,0.0,0.04,0.05,3,27,0,0,1,7.0,0.0
1,1969,3,True,0,2025-02-27,3,0.0,0.13,0.16,3,27,0,0,1,4.571428571428571,0.0
1,1988,3,True,0,2025-02-27,0,0.0,0.12,0.17,3,27,0,0,1,5.0,0.0
1,1997,3,True,0,2025-02-27,11,0.0,0.01,0.02,3,27,0,0,1,4.428571428571429,0.0
1,2039,3,True,0,2025-02-27,0,0.0,0.01,0.02,3,27,0,0,1,5.857142857142857,0.0
1,2040,3,True,0,2025-02-27,2,0.0,0.08,0.11,3,27,0,0,1,4.571428571428571,0.0
1,2048,3,True,0,2025-02-27,4,0.0,0.04,0.06,3,27,0,0,1,3.857142857142857,0.0
1,2062,3,True,0,2025-02-27,7,0.0,0.11,0.14,3,27,0,0,1,3.857142857142857,0.0
1,2110,3,True,0,2025-02-27,1,0.0,0.06,0.08,3,27,0,0,1,3.857142857142857,0.0
1,2127,3,True,0,2025-02-27,31,1.0,0.03,0.04,3,27,0,0,1,3.5714285714285716,0.0
1,2151,3,True,0,2025-02-27,0,0.0,0.0,0.01,3,27,0,0,1,8.0,0.0
1,2185,3,True,0,2025-02-27,14,1.0,0.04,0.05,3,27,0,0,1,6.428571428571429,0.0
1,2236,3,True,0,2025-02-27,11,0.0,0.07,0.09,3,27,0,0,1,8.428571428571429,0.0
1,2331,3,True,0,2025-02-27,3,3.0,0.52,0.59,3,27,0,0,1,9.714285714285714,0.0
1,2432,3,True,0,2025-02-27,14,2.0,0.03,0.04,3,27,0,0,1,9.571428571428571,0.0
1,2491,3,True,0,2025-02-27,7,0.0,0.03,0.05,3,27,0,0,1,10.571428571428571,0.0
1,2551,3,True,0,2025-02-27,4,0.0,0.02,0.02,3,27,0,0,1,11.428571428571429,0.0
1,2558,3,True,0,2025-02-27,3,0.0,0.08,0.11,3,27,0,0,1,7.571428571428571,0.0
1,2585,3,True,0,2025-02-27,1,0.0,0.03,0.04,3,27,0,0,1,8.0,0.0
1,2595,3,True,0,2025-02-27,28,0.0,0.0,0.01,3,27,0,0,1,6.142857142857143,0.0
1,2700,3,True,0,2025-02-27,20,4.0,0.01,0.01,3,27,0,0,1,8.571428571428571,0.0
1,2805,3,True,0,2025-02-27,2,0.0,0.08,0.11,3,27,0,0,1,11.0,0.0
1,2816,3,True,0,2025-02-27,3,0.0,0.06,0.08,3,27,0,0,1,9.285714285714286,0.0
1,2840,3,True,0,2025-02-27,7,0.0,0.17,0.21,3,27,0,0,1,8.714285714285714,0.0
1,2852,3,True,0,2025-02-27,6,0.0,0.07,0.1,3,27,0,0,1,9.142857142857142,0.0
1,2884,3,True,0,2025-02-27,3,0.0,0.23,0.29,3,27,0,0,1,9.571428571428571,0.0
1,2889,3,True,0,2025-02-27,11,2.0,0.03,0.04,3,27,0,0,1,9.857142857142858,0.0
1,3190,3,True,0,2025-02-27,20,0.0,0.02,0.02,3,27,0,0,1,7.428571428571429,0.0
1,3239,3,True,0,2025-02-27,2,0.0,0.06,0.07,3,27,0,0,1,7.428571428571429,0.0
1,3279,3,True,0,2025-02-27,12,0.0,0.02,0.03,3,27,0,0,1,7.428571428571429,0.0
1,3283,3,True,0,2025-02-27,7,1.0,0.1,0.13,3,27,0,0,1,8.714285714285714,0.0
1,3339,3,True,0,2025-02-27,82,1.0,0.01,0.01,3,27,0,0,1,8.714285714285714,0.0
1,3349,3,True,0,2025-02-27,6,0.0,0.27,0.35,3,27,0,0,1,19.571428571428573,0.0
1,3360,3,True,0,2025-02-27,5,0.0,0.02,0.04,3,27,0,0,1,20.0,0.0
1,3556,3,True,0,2025-02-27,3,0.0,0.26,0.35,3,27,0,0,1,19.142857142857142,0.0
1,3693,3,True,0,2025-02-27,19,2.0,0.01,0.01,3,27,0,0,1,16.714285714285715,0.0
1,3717,3,True,0,2025-02-27,1,0.0,0.05,0.07,3,27,0,0,1,19.142857142857142,0.0
1,3768,3,True,0,2025-02-27,5,0.0,0.02,0.02,3,27,0,0,1,17.571428571428573,0.0
1,3786,3,True,0,2025-02-27,0,0.0,0.05,0.12,3,27,0,0,1,17.285714285714285,0.0
1,3862,3,True,0,2025-02-27,5,0.0,0.07,0.09,3,27,0,0,1,5.571428571428571,0.0
1,3931,3,True,0,2025-02-27,32,0.0,0.01,0.02,3,27,0,0,1,5.428571428571429,0.0
1,3985,3,True,0,2025-02-27,7,0.0,0.12,0.17,3,27,0,0,1,9.285714285714286,0.0
1,4059,3,True,0,2025-02-27,3,0.0,0.33,0.49,3,27,0,0,1,9.857142857142858,0.0
1,4101,3,True,0,2025-02-27,10,0.0,0.13,0.15,3,27,0,0,1,7.571428571428571,0.0
1,4144,3,True,0,2025-02-27,19,0.0,0.02,0.02,3,27,0,0,1,8.857142857142858,0.0
1,4176,3,True,0,2025-02-27,9,1.0,0.03,0.05,3,27,0,0,1,10.857142857142858,0.0
1,4204,3,True,0,2025-02-27,3,0.0,0.14,0.17,3,27,0,0,1,12.142857142857142,0.0
1,4205,3,True,0,2025-02-27,32,0.0,0.02,0.02,3,27,0,0,1,11.857142857142858,1.7417303416269607
1,4215,3,True,0,2025-02-27,8,0.0,0.03,0.07,3,27,0,0,1,11.857142857142858,0.0
1,4252,3,True,0,2025-02-27,5,0.0,0.02,0.03,3,27,0,0,1,12.0,0.0
1,4321,3,True,0,2025-02-27,3,0.0,0.1,0.13,3,27,0,0,1,12.285714285714286,0.0
1,4333,3,True,0,2025-02-27,5,0.0,0.21,0.26,3,27,0,0,1,11.285714285714286,0.0
1,4426,3,True,0,2025-02-27,59,1.0,0.03,0.04,3,27,0,0,1,9.285714285714286,1.588328881062878
1,4433,3,True,0,2025-02-27,8,0.0,0.05,0.11,3,27,0,0,1,16.428571428571427,0.0
1,4439,3,True,0,2025-02-27,49,0.0,0.02,0.02,3,27,0,0,1,17.142857142857142,2.0978404931962475
1,4447,3,True,0,2025-02-27,13,3.0,0.02,0.03,3,27,0,0,1,19.571428571428573,0.0
1,4461,3,True,0,2025-02-27,10,1.0,0.03,0.04,3,27,0,0,1,20.285714285714285,0.0
1,4470,3,True,0,2025-02-27,5,0.0,0.07,0.09,3,27,0,0,1,21.0,0.0
1,4488,3,True,0,2025-02-27,13,0.0,0.01,0.03,3,27,0,0,1,21.285714285714285,0.0
1,4504,3,True,0,2025-02-27,7,1.0,0.03,0.04,3,27,0,0,1,22.428571428571427,0.0
1,4523,3,True,0,2025-02-27,3,1.0,0.06,0.09,3,27,0,0,1,15.0,0.0
1,4596,3,True,0,2025-02-27,11,1.0,0.07,0.08,3,27,0,0,1,14.285714285714286,0.0
1,4633,3,True,0,2025-02-27,5,0.0,0.04,0.06,3,27,0,0,1,8.857142857142858,0.0
1,4713,3,True,0,2025-02-27,5,1.0,0.04,0.05,3,27,0,0,1,7.714285714285714,0.0
1,4722,3,True,0,2025-02-27,19,1.0,0.04,0.06,3,27,0,0,1,7.0,0.0
1,4766,3,True,0,2025-02-27,13,0.0,0.03,0.04,3,27,0,0,1,9.0,0.0
1,4786,3,True,0,2025-02-27,18,2.0,0.03,0.04,3,27,0,0,1,9.0,0.0
1,4800,3,True,0,2025-02-27,3,1.0,0.08,0.11,3,27,0,0,1,10.571428571428571,0.0
1,4809,3,True,0,2025-02-27,5,0.0,0.1,0.15,3,27,0,0,1,10.571428571428571,0.0
1,4810,3,True,0,2025-02-27,14,0.0,0.03,0.04,3,27,0,0,1,9.714285714285714,0.0
1,4818,3,True,0,2025-02-27,15,1.0,0.04,0.07,3,27,0,0,1,11.0,0.0
1,4826,3,True,0,2025-02-27,1,0.0,0.12,0.17,3,27,0,0,1,12.428571428571429,0.0
1,4847,3,True,0,2025-02-27,1,1.0,0.1,0.14,3,27,0,0,1,9.857142857142858,0.0
1,4889,3,True,0,2025-02-27,5,0.0,0.03,0.04,3,27,0,0,1,8.142857142857142,0.0
1,4952,3,True,0,2025-02-27,3,1.0,0.24,0.27,3,27,0,0,1,6.285714285714286,0.0
1,4960,3,True,0,2025-02-27,11,0.0,0.02,0.03,3,27,0,0,1,6.285714285714286,0.0
1,5029,3,True,0,2025-02-27,2,0.0,0.06,0.08,3,27,0,0,1,7.142857142857143,0.0
1,5057,3,True,0,2025-02-27,3,0.0,0.06,0.09,3,27,0,0,1,5.428571428571429,0.0
1,5060,3,True,0,2025-02-27,4,0.0,0.06,0.08,3,27,0,0,1,3.7142857142857144,0.0
1,5082,3,True,0,2025-02-27,8,0.0,0.04,0.05,3,27,0,0,1,4.142857142857143,0.0
1,5090,3,True,0,2025-02-27,5,0.0,0.05,0.06,3,27,0,0,1,5.142857142857143,0.0
1,5153,3,True,0,2025-02-27,5,0.0,0.09,0.12,3,27,0,0,1,5.142857142857143,0.0
1,5167,3,True,0,2025-02-27,6,0.0,0.05,0.06,3,27,0,0,1,5.428571428571429,0.0
1,5176,3,True,0,2025-02-27,3,0.0,0.24,0.32,3,27,0,0,1,4.714285714285714,0.0
1,5183,3,True,0,2025-02-27,18,0.0,0.03,0.04,3,27,0,0,1,4.857142857142857,0.0
1,5259,3,True,0,2025-02-27,17,2.0,0.06,0.08,3,27,0,0,1,7.0,1.4595775901481054
1,4,4,False,0,2025-02-27,2,0.0,0.12,0.16,3,27,0,0,1,8.857142857142858,0.0
1,19,4,False,0,2025-02-27,2,1.0,0.01,0.03,3,27,0,0,1,8.0,0.0
1,34,4,False,0,2025-02-27,3,0.0,0.01,0.01,3,27,0,0,1,7.571428571428571,0.0
1,47,4,False,0,2025-02-27,3,0.0,0.01,0.02,3,27,0,0,1,7.285714285714286,0.0
1,61,4,False,0,2025-02-27,4,0.0,0.01,0.02,3,27,0,0,1,6.857142857142857,0.0
1,70,4,False,0,2025-02-27,2,0.0,0.03,0.06,3,27,0,0,1,7.0,0.0
1,91,4,False,0,2025-02-27,4,0.0,0.03,0.03,3,27,0,0,1,4.714285714285714,0.0
1,107,4,False,0,2025-02-27,3,0.0,0.03,0.04,3,27,0,0,1,2.857142857142857,0.0
1,122,4,False,0,2025-02-27,1,0.0,0.03,0.04,3,27,0,0,1,3.0,0.0
1,155,4,False,0,2025-02-27,5,0.0,0.04,0.06,3,27,0,0,1,2.857142857142857,0.0
1,200,4,False,0,2025-02-27,4,0.0,0.04,0.05,3,27,0,0,1,3.142857142857143,0.0
1,248,4,False,0,2025-02-27,3,0.0,0.05,0.07,3,27,0,0,1,3.2857142857142856,0.0
1,249,4,False,0,2025-02-27,8,0.0,0.13,0.17,3,27,0,0,1,3.142857142857143,0.0
1,283,4,False,0,2025-02-27,3,0.0,0.03,0.05,3,27,0,0,1,4.0,0.0
1,355,4,False,0,2025-02-27,3,0.0,0.02,0.03,3,27,0,0,1,3.857142857142857,0.0
1,363,4,False,0,2025-02-27,3,0.0,0.01,0.01,3,27,0,0,1,3.857142857142857,0.0
1,371,4,False,0,2025-02-27,3,0.0,0.01,0.01,3,27,0,0,1,4.142857142857143,0.0
1,393,4,False,0,2025-02-27,3,0.0,0.02,0.03,3,27,0,0,1,3.857142857142857,0.0
1,442,4,False,0,2025-02-27,2,1.0,0.05,0.07,3,27,0,0,1,3.7142857142857144,0.0
1,495,4,False,0,2025-02-27,6,0.0,0.02,0.03,3,27,0,0,1,3.5714285714285716,0.0
1,523,4,False,0,2025-02-27,3,0.0,0.03,0.05,3,27,0,0,1,3.2857142857142856,0.0
1,538,4,False,0,2025-02-27,3,0.0,0.02,0.04,3,27,0,0,1,3.2857142857142856,0.0
1,542,4,False,0,2025-02-27,3,0.0,0.04,0.05,3,27,0,0,1,3.2857142857142856,0.0
1,544,4,False,0,2025-02-27,4,0.0,0.02,0.04,3,27,0,0,1,3.2857142857142856,0.0
1,564,4,False,0,2025-02-27,2,0.0,0.02,0.03,3,27,0,0,1,3.4285714285714284,0.0
1,610,4,False,0,2025-02-27,3,0.0,0.04,0.06,3,27,0,0,1,3.2857142857142856,0.0
1,619,4,False,0,2025-02-27,2,0.0,0.04,0.05,3,27,0,0,1,3.4285714285714284,0.0
1,636,4,False,0,2025-02-27,2,0.0,0.02,0.03,3,27,0,0,1,2.857142857142857,0.0
1,645,4,False,0,2025-02-27,1,0.0,0.01,0.02,3,27,0,0,1,2.7142857142857144,0.0
1,653,4,False,0,2025-02-27,3,0.0,0.02,0.03,3,27,0,0,1,2.4285714285714284,0.0
1,668,4,False,0,2025-02-27,4,0.0,0.03,0.04,3,27,0,0,1,2.4285714285714284,0.0
1,701,4,False,0,2025-02-27,4,0.0,0.02,0.03,3,27,0,0,1,2.4285714285714284,0.0
1,717,4,False,0,2025-02-27,2,0.0,0.05,0.07,3,27,0,0,1,2.7142857142857144,0.0
1,768,4,False,0,2025-02-27,3,0.0,0.03,0.04,3,27,0,0,1,2.5714285714285716,0.0
1,769,4,False,0,2025-02-27,5,0.0,0.01,0.01,3,27,0,0,1,2.7142857142857144,0.0
1,780,4,False,0,2025-02-27,3,0.0,0.03,0.05,3,27,0,0,1,3.142857142857143,0.0
1,794,4,False,0,2025-02-27,1,0.0,0.04,0.05,3,27,0,0,1,3.4285714285714284,0.0
1,854,4,False,0,2025-02-27,3,0.0,0.05,0.06,3,27,0,0,1,3.142857142857143,0.0
1,858,4,False,0,2025-02-27,2,0.0,0.04,0.06,3,27,0,0,1,3.0,0.0
1,864,4,False,0,2025-02-27,3,0.0,0.02,0.03,3,27,0,0,1,2.7142857142857144,0.0
1,875,4,False,0,2025-02-27,6,0.0,0.02,0.03,3,27,0,0,1,2.857142857142857,0.0
1,891,4,False,0,2025-02-27,4,0.0,0.03,0.04,3,27,0,0,1,3.2857142857142856,0.0
1,961,4,False,0,2025-02-27,2,1.0,0.05,0.05,3,27,0,0,1,3.142857142857143,0.0
1,979,4,False,0,2025-02-27,4,0.0,0.06,0.07,3,27,0,0,1,3.0,0.0
1,1017,4,False,0,2025-02-27,3,0.0,0.03,0.04,3,27,0,0,1,3.4285714285714284,0.0
1,1047,4,False,0,2025-02-27,4,0.0,0.09,0.14,3,27,0,0,1,3.4285714285714284,0.0
1,1057,4,False,0,2025-02-27,2,0.0,0.04,0.07,3,27,0,0,1,3.7142857142857144,0.0
1,1095,4,False,0,2025-02-27,3,0.0,0.03,0.05,3,27,0,0,1,3.5714285714285716,0.0
1,1107,4,False,0,2025-02-27,2,0.0,0.02,0.03,3,27,0,0,1,3.142857142857143,0.0
1,1161,4,False,0,2025-02-27,2,0.0,0.02,0.04,3,27,0,0,1,2.857142857142857,0.0
1,1177,4,False,0,2025-02-27,2,1.0,0.1,0.15,3,27,0,0,1,2.857142857142857,0.0
1,1189,4,False,0,2025-02-27,5,0.0,0.02,0.04,3,27,0,0,1,2.5714285714285716,0.0
1,1193,4,False,0,2025-02-27,3,0.0,0.02,0.03,3,27,0,0,1,2.857142857142857,0.0
1,1202,4,False,0,2025-02-27,2,0.0,0.02,0.04,3,27,0,0,1,2.7142857142857144,0.0
1,1215,4,False,0,2025-02-27,3,0.0,0.01,0.02,3,27,0,0,1,2.7142857142857144,0.0
1,1224,4,False,0,2025-02-27,1,0.0,0.04,0.05,3,27,0,0,1,2.7142857142857144,0.0
1,1267,4,False,0,2025-02-27,3,0.0,0.07,0.09,3,27,0,0,1,2.5714285714285716,0.0
1,1293,4,False,0,2025-02-27,6,1.0,0.03,0.04,3,27,0,0,1,2.7142857142857144,0.0
1,1303,4,False,0,2025-02-27,4,0.0,0.06,0.08,3,27,0,0,1,3.2857142857142856,0.0
1,1338,4,False,0,2025-02-27,2,0.0,0.06,0.09,3,27,0,0,1,3.142857142857143,0.0
1,1344,4,False,0,2025-02-27,2,1.0,0.06,0.09,3,27,0,0,1,3.0,0.0
1,1350,4,False,0,2025-02-27,2,0.0,0.03,0.05,3,27,0,0,1,3.0,0.0
1,1367,4,False,0,2025-02-27,1,1.0,0.02,0.03,3,27,0,0,1,2.857142857142857,0.0
1,1404,4,False,0,2025-02-27,3,0.0,0.02,0.04,3,27,0,0,1,2.857142857142857,0.0
1,1421,4,False,0,2025-02-27,3,0.0,0.02,0.03,3,27,0,0,1,2.857142857142857,0.0
1,1448,4,False,0,2025-02-27,2,0.0,0.06,0.08,3,27,0,0,1,2.4285714285714284,0.0
1,1466,4,False,0,2025-02-27,0,0.0,0.02,0.03,3,27,0,0,1,2.142857142857143,0.0
1,1479,4,False,0,2025-02-27,3,0.0,0.05,0.06,3,27,0,0,1,1.8571428571428572,0.0
1,1483,4,False,0,2025-02-27,3,0.0,0.02,0.04,3,27,0,0,1,2.0,0.0
1,1498,4,False,0,2025-02-27,9,0.0,0.12,0.16,3,27,0,0,1,2.142857142857143,0.0
1,1517,4,False,0,2025-02-27,1,0.0,0.02,0.03,3,27,0,0,1,3.2857142857142856,0.0
1,1533,4,False,0,2025-02-27,6,0.0,0.05,0.07,3,27,0,0,1,3.0,0.0
1,1606,4,False,0,2025-02-27,5,0.0,0.04,0.05,3,27,0,0,1,3.4285714285714284,0.0
1,1622,4,False,0,2025-02-27,3,0.0,0.07,0.09,3,27,0,0,1,3.857142857142857,0.0
1,1624,4,False,0,2025-02-27,3,0.0,0.04,0.06,3,27,0,0,1,4.285714285714286,0.0
1,1625,4,False,0,2025-02-27,3,0.0,0.03,0.04,3,27,0,0,1,4.285714285714286,0.0
1,1634,4,False,0,2025-02-27,2,0.0,0.05,0.06,3,27,0,0,1,4.285714285714286,0.0
1,1648,4,False,0,2025-02-27,4,0.0,0.03,0.04,3,27,0,0,1,3.2857142857142856,0.0
1,1654,4,False,0,2025-02-27,2,0.0,0.01,0.02,3,27,0,0,1,3.7142857142857144,0.0
1,1672,4,False,0,2025-02-27,3,0.0,0.02,0.02,3,27,0,0,1,3.142857142857143,0.0
1,1693,4,False,0,2025-02-27,2,0.0,0.02,0.04,3,27,0,0,1,2.857142857142857,0.0
1,1805,4,False,0,2025-02-27,3,0.0,0.04,0.06,3,27,0,0,1,2.7142857142857144,0.0
1,1806,4,False,0,2025-02-27,2,0.0,0.08,0.12,3,27,0,0,1,2.7142857142857144,0.0
1,1824,4,False,0,2025-02-27,3,0.0,0.01,0.01,3,27,0,0,1,2.5714285714285716,0.0
1,1836,4,False,0,2025-02-27,6,0.0,0.04,0.06,3,27,0,0,1,2.7142857142857144,0.0
1,1838,4,False,0,2025-02-27,3,0.0,0.01,0.01,3,27,0,0,1,3.0,0.0
1,1842,4,False,0,2025-02-27,3,0.0,0.01,0.01,3,27,0,0,1,3.142857142857143,0.0
1,1856,4,False,0,2025-02-27,2,0.0,0.02,0.04,3,27,0,0,1,3.142857142857143,0.0
1,1861,4,False,0,2025-02-27,0,0.0,0.02,0.03,3,27,0,0,1,3.142857142857143,0.0
1,1869,4,False,0,2025-02-27,4,0.0,0.01,0.01,3,27,0,0,1,2.7142857142857144,0.0
1,1870,4,False,0,2025-02-27,2,0.0,0.04,0.06,3,27,0,0,1,3.0,0.0
1,1894,4,False,0,2025-02-27,2,1.0,0.03,0.04,3,27,0,0,1,2.857142857142857,0.0
1,1928,4,False,0,2025-02-27,5,0.0,0.01,0.01,3,27,0,0,1,2.2857142857142856,0.0
1,1942,4,False,0,2025-02-27,2,1.0,0.01,0.02,3,27,0,0,1,2.5714285714285716,0.0
1,1958,4,False,0,2025-02-27,1,0.0,0.04,0.06,3,27,0,0,1,2.4285714285714284,0.0
1,1959,4,False,0,2025-02-27,3,0.0,0.05,0.08,3,27,0,0,1,2.2857142857142856,0.0
1,1968,4,False,0,2025-02-27,5,0.0,0.03,0.05,3,27,0,0,1,2.7142857142857144,0.0
1,1996,4,False,0,2025-02-27,4,0.0,0.01,0.02,3,27,0,0,1,2.857142857142857,0.0
1,1999,4,False,0,2025-02-27,3,0.0,0.01,0.01,3,27,0,0,1,3.142857142857143,0.0
1,2022,4,False,0,2025-02-27,2,0.0,0.03,0.05,3,27,0,0,1,3.2857142857142856,0.0
1,2024,4,False,0,2025-02-27,2,0.0,0.02,0.04,3,27,0,0,1,2.857142857142857,0.0
1,2064,4,False,0,2025-02-27,3,0.0,0.02,0.03,3,27,0,0,1,2.857142857142857,0.0
1,2092,4,False,0,2025-02-27,2,0.0,0.04,0.06,3,27,0,0,1,3.142857142857143,0.0
1,2097,4,False,0,2025-02-27,3,0.0,0.03,0.06,3,27,0,0,1,3.0,0.0
1,2103,4,False,0,2025-02-27,0,0.0,0.01,0.02,3,27,0,0,1,2.7142857142857144,0.0
1,2137,4,False,0,2025-02-27,4,0.0,0.04,0.06,3,27,0,0,1,2.142857142857143,0.0
1,2150,4,False,0,2025-02-27,4,0.0,0.01,0.02,3,27,0,0,1,2.2857142857142856,0.0
1,2180,4,False,0,2025-02-27,4,0.0,0.05,0.08,3,27,0,0,1,2.5714285714285716,0.0
1,2239,4,False,0,2025-02-27,2,0.0,0.03,0.04,3,27,0,0,1,2.857142857142857,0.0
1,2252,4,False,0,2025-02-27,2,0.0,0.02,0.03,3,27,0,0,1,2.7142857142857144,0.0
1,2297,4,False,0,2025-02-27,9,0.0,0.14,0.18,3,27,0,0,1,2.7142857142857144,0.0
1,2312,4,False,0,2025-02-27,3,0.0,0.05,0.08,3,27,0,0,1,3.5714285714285716,0.0
1,2320,4,False,0,2025-02-27,2,0.0,0.03,0.05,3,27,0,0,1,4.0,0.0
1,2355,4,False,0,2025-02-27,1,1.0,0.05,0.09,3,27,0,0,1,3.7142857142857144,0.0
1,2369,4,False,0,2025-02-27,3,0.0,0.03,0.05,3,27,0,0,1,3.2857142857142856,0.0
1,2423,4,False,0,2025-02-27,4,0.0,0.02,0.03,3,27,0,0,1,3.142857142857143,0.0
1,2456,4,False,0,2025-02-27,3,0.0,0.02,0.03,3,27,0,0,1,3.4285714285714284,0.0
1,2495,4,False,0,2025-02-27,4,0.0,0.05,0.08,3,27,0,0,1,3.5714285714285716,0.0
1,2517,4,False,0,2025-02-27,5,0.0,0.05,0.09,3,27,0,0,1,2.857142857142857,0.0
1,2550,4,False,0,2025-02-27,2,1.0,0.03,0.05,3,27,0,0,1,3.142857142857143,0.0
1,2569,4,False,0,2025-02-27,1,0.0,0.01,0.02,3,27,0,0,1,3.142857142857143,0.0
1,2586,4,False,0,2025-02-27,2,0.0,0.04,0.06,3,27,0,0,1,3.142857142857143,0.0
1,2644,4,False,0,2025-02-27,3,1.0,0.05,0.08,3,27,0,0,1,3.0,0.0
1,2711,4,False,0,2025-02-27,4,0.0,0.04,0.06,3,27,0,0,1,2.857142857142857,0.0
1,2750,4,False,0,2025-02-27,4,0.0,0.01,0.01,3,27,0,0,1,3.0,0.0
1,2773,4,False,0,2025-02-27,3,0.0,0.02,0.04,3,27,0,0,1,3.0,0.0
1,2800,4,False,0,2025-02-27,5,0.0,0.02,0.04,3,27,0,0,1,2.7142857142857144,0.0
1,2908,4,False,0,2025-02-27,2,0.0,0.03,0.04,3,27,0,0,1,3.142857142857143,0.0
1,2943,4,False,0,2025-02-27,3,0.0,0.02,0.03,3,27,0,0,1,3.2857142857142856,0.0
1,2955,4,False,0,2025-02-27,3,0.0,0.01,0.02,3,27,0,0,1,3.4285714285714284,0.0
1,2973,4,False,0,2025-02-27,4,0.0,0.04,0.05,3,27,0,0,1,3.4285714285714284,0.0
1,2988,4,False,0,2025-02-27,2,0.0,0.02,0.03,3,27,0,0,1,3.4285714285714284,0.0
1,2995,4,False,0,2025-02-27,2,0.0,0.05,0.07,3,27,0,0,1,3.142857142857143,0.0
1,3003,4,False,0,2025-02-27,5,0.0,0.02,0.04,3,27,0,0,1,3.0,0.0
1,3029,4,False,0,2025-02-27,3,0.0,0.09,0.11,3,27,0,0,1,3.0,0.0
1,3127,4,False,0,2025-02-27,4,0.0,0.12,0.14,3,27,0,0,1,3.142857142857143,0.0
1,3130,4,False,0,2025-02-27,3,0.0,0.14,0.22,3,27,0,0,1,3.2857142857142856,0.0
1,3166,4,False,0,2025-02-27,3,0.0,0.01,0.01,3,27,0,0,1,3.2857142857142856,0.0
1,3169,4,False,0,2025-02-27,2,0.0,0.02,0.03,3,27,0,0,1,3.142857142857143,0.0
1,3174,4,False,0,2025-02-27,3,0.0,0.01,0.01,3,27,0,0,1,3.142857142857143,0.0
1,3222,4,False,0,2025-02-27,2,0.0,0.02,0.04,3,27,0,0,1,3.2857142857142856,0.0
1,3281,4,False,0,2025-02-27,2,0.0,0.06,0.08,3,27,0,0,1,2.857142857142857,0.0
1,3344,4,False,0,2025-02-27,2,0.0,0.04,0.05,3,27,0,0,1,2.7142857142857144,0.0
1,3374,4,False,0,2025-02-27,3,0.0,0.06,0.09,3,27,0,0,1,2.4285714285714284,0.0
1,3376,4,False,0,2025-02-27,4,0.0,0.03,0.05,3,27,0,0,1,2.4285714285714284,0.0
1,3400,4,False,0,2025-02-27,5,0.0,0.01,0.01,3,27,0,0,1,2.5714285714285716,0.0
1,3425,4,False,0,2025-02-27,0,0.0,0.01,0.01,3,27,0,0,1,3.0,0.0
1,3428,4,False,0,2025-02-27,2,0.0,0.04,0.06,3,27,0,0,1,2.5714285714285716,0.0
1,3442,4,False,0,2025-02-27,6,0.0,0.07,0.1,3,27,0,0,1,2.5714285714285716,0.0
1,3459,4,False,0,2025-02-27,1,0.0,0.04,0.06,3,27,0,0,1,3.142857142857143,0.0
1,3460,4,False,0,2025-02-27,5,0.0,0.02,0.03,3,27,0,0,1,3.0,0.0
1,3462,4,False,0,2025-02-27,4,0.0,0.03,0.05,3,27,0,0,1,3.2857142857142856,0.0
1,3471,4,False,0,2025-02-27,3,0.0,0.03,0.04,3,27,0,0,1,3.2857142857142856,0.0
1,3497,4,False,0,2025-02-27,2,0.0,0.04,0.06,3,27,0,0,1,3.0,0.0
1,3511,4,False,0,2025-02-27,3,0.0,0.04,0.07,3,27,0,0,1,3.2857142857142856,0.0
1,3603,4,False,0,2025-02-27,2,0.0,0.04,0.06,3,27,0,0,1,3.4285714285714284,0.0
1,3618,4,False,0,2025-02-27,3,0.0,0.12,0.17,3,27,0,0,1,2.857142857142857,0.0
1,3669,4,False,0,2025-02-27,1,0.0,0.01,0.01,3,27,0,0,1,3.142857142857143,0.0
1,3670,4,False,0,2025-02-27,4,0.0,0.03,0.05,3,27,0,0,1,2.5714285714285716,0.0
1,3671,4,False,0,2025-02-27,3,0.0,0.04,0.07,3,27,0,0,1,2.5714285714285716,0.0
1,3678,4,False,0,2025-02-27,1,2.0,0.03,0.05,3,27,0,0,1,2.5714285714285716,0.0
1,3685,4,False,0,2025-02-27,0,0.0,0.03,0.06,3,27,0,0,1,2.4285714285714284,0.0
1,3720,4,False,0,2025-02-27,3,1.0,0.05,0.08,3,27,0,0,1,2.0,0.0
1,3738,4,False,0,2025-02-27,3,0.0,0.01,0.01,3,27,0,0,1,2.142857142857143,0.0
1,3744,4,False,0,2025-02-27,3,0.0,0.04,0.05,3,27,0,0,1,2.142857142857143,0.0
1,3797,4,False,0,2025-02-27,2,1.0,0.03,0.04,3,27,0,0,1,2.4285714285714284,0.0
1,3799,4,False,0,2025-02-27,3,0.0,0.03,0.05,3,27,0,0,1,2.142857142857143,0.0
1,3820,4,False,0,2025-02-27,4,0.0,0.02,0.04,3,27,0,0,1,2.142857142857143,0.0
1,3821,4,False,0,2025-02-27,2,0.0,0.04,0.06,3,27,0,0,1,2.5714285714285716,0.0
1,3826,4,False,0,2025-02-27,3,0.0,0.03,0.04,3,27,0,0,1,2.857142857142857,0.0
1,3831,4,False,0,2025-02-27,3,0.0,0.01,0.02,3,27,0,0,1,2.857142857142857,0.0
1,3858,4,False,0,2025-02-27,3,0.0,0.06,0.08,3,27,0,0,1,2.857142857142857,0.0
1,3894,4,False,0,2025-02-27,4,0.0,0.02,0.03,3,27,0,0,1,2.857142857142857,0.0
1,3898,4,False,0,2025-02-27,2,1.0,0.06,0.1,3,27,0,0,1,3.142857142857143,0.0
1,3913,4,False,0,2025-02-27,3,0.0,0.03,0.05,3,27,0,0,1,3.0,0.0
1,3917,4,False,0,2025-02-27,3,0.0,0.01,0.01,3,27,0,0,1,2.857142857142857,0.0
1,3925,4,False,0,2025-02-27,0,0.0,0.03,0.04,3,27,0,0,1,3.0,0.0
1,3940,4,False,0,2025-02-27,3,0.0,0.05,0.06,3,27,0,0,1,2.5714285714285716,0.0
1,3954,4,False,0,2025-02-27,3,0.0,0.02,0.03,3,27,0,0,1,2.5714285714285716,0.0
1,3966,4,False,0,2025-02-27,0,0.0,0.02,0.04,3,27,0,0,1,2.5714285714285716,0.0
1,3969,4,False,0,2025-02-27,1,1.0,0.01,0.03,3,27,0,0,1,2.0,0.0
1,3977,4,False,0,2025-02-27,4,0.0,0.06,0.08,3,27,0,0,1,1.8571428571428572,0.0
1,4001,4,False,0,2025-02-27,7,0.0,0.04,0.06,3,27,0,0,1,2.0,0.0
1,4034,4,False,0,2025-02-27,3,0.0,0.08,0.11,3,27,0,0,1,2.5714285714285716,0.0
1,4054,4,False,0,2025-02-27,2,1.0,0.02,0.04,3,27,0,0,1,3.0,0.0
1,4061,4,False,0,2025-02-27,4,0.0,0.05,0.07,3,27,0,0,1,2.857142857142857,0.0
1,4086,4,False,0,2025-02-27,3,0.0,0.02,0.02,3,27,0,0,1,3.0,0.0
1,4096,4,False,0,2025-02-27,2,0.0,0.05,0.07,3,27,0,0,1,3.4285714285714284,0.0
1,4142,4,False,0,2025-02-27,4,0.0,0.02,0.03,3,27,0,0,1,3.5714285714285716,0.0
1,4156,4,False,0,2025-02-27,3,0.0,0.03,0.04,3,27,0,0,1,3.5714285714285716,0.0
1,4229,4,False,0,2025-02-27,3,0.0,0.02,0.04,3,27,0,0,1,3.0,0.0
1,4244,4,False,0,2025-02-27,2,0.0,0.02,0.04,3,27,0,0,1,3.0,0.0
1,4264,4,False,0,2025-02-27,5,0.0,0.05,0.07,3,27,0,0,1,3.0,0.0
1,4331,4,False,0,2025-02-27,5,0.0,0.01,0.02,3,27,0,0,1,3.142857142857143,0.0
1,4365,4,False,0,2025-02-27,4,1.0,0.04,0.06,3,27,0,0,1,3.4285714285714284,0.0
1,4366,4,False,0,2025-02-27,6,0.0,0.05,0.06,3,27,0,0,1,3.7142857142857144,0.0
1,4420,4,False,0,2025-02-27,3,0.0,0.02,0.02,3,27,0,0,1,4.0,0.0
1,4444,4,False,0,2025-02-27,5,0.0,0.07,0.1,3,27,0,0,1,4.0,0.0
1,4450,4,False,0,2025-02-27,4,0.0,0.02,0.03,3,27,0,0,1,4.285714285714286,0.0
1,4458,4,False,0,2025-02-27,12,0.0,0.03,0.05,3,27,0,0,1,4.571428571428571,0.0
1,4465,4,False,0,2025-02-27,3,0.0,0.02,0.04,3,27,0,0,1,5.571428571428571,0.0
1,4472,4,False,0,2025-02-27,5,0.0,0.01,0.01,3,27,0,0,1,5.285714285714286,0.0
1,4507,4,False,0,2025-02-27,3,0.0,0.03,0.04,3,27,0,0,1,5.428571428571429,0.0
1,4525,4,False,0,2025-02-27,3,0.0,0.01,0.03,3,27,0,0,1,5.0,0.0
1,4536,4,False,0,2025-02-27,4,0.0,0.01,0.01,3,27,0,0,1,5.0,0.0
1,4564,4,False,0,2025-02-27,3,0.0,0.02,0.04,3,27,0,0,1,4.857142857142857,0.0
1,4568,4,False,0,2025-02-27,5,0.0,0.01,0.01,3,27,0,0,1,4.714285714285714,0.0
1,4604,4,False,0,2025-02-27,5,0.0,0.02,0.03,3,27,0,0,1,3.7142857142857144,0.0
1,4610,4,False,0,2025-02-27,3,0.0,0.06,0.09,3,27,0,0,1,4.0,0.0
1,4620,4,False,0,2025-02-27,3,0.0,0.02,0.04,3,27,0,0,1,3.7142857142857144,0.0
1,4648,4,False,0,2025-02-27,2,0.0,0.05,0.07,3,27,0,0,1,3.7142857142857144,0.0
1,4700,4,False,0,2025-02-27,3,0.0,0.02,0.03,3,27,0,0,1,3.5714285714285716,0.0
1,4741,4,False,0,2025-02-27,3,0.0,0.02,0.05,3,27,0,0,1,3.4285714285714284,0.0
1,4759,4,False,0,2025-02-27,3,0.0,0.04,0.04,3,27,0,0,1,3.4285714285714284,0.0
1,4770,4,False,0,2025-02-27,2,0.0,0.03,0.05,3,27,0,0,1,3.142857142857143,0.0
1,4774,4,False,0,2025-02-27,4,0.0,0.03,0.04,3,27,0,0,1,2.7142857142857144,0.0
1,4903,4,False,0,2025-02-27,4,0.0,0.01,0.01,3,27,0,0,1,2.857142857142857,0.0
1,4915,4,False,0,2025-02-27,5,0.0,0.01,0.02,3,27,0,0,1,3.0,0.0
1,4929,4,False,0,2025-02-27,1,0.0,0.03,0.04,3,27,0,0,1,3.4285714285714284,0.0
1,4961,4,False,0,2025-02-27,4,0.0,0.03,0.06,3,27,0,0,1,3.142857142857143,0.0
1,4987,4,False,0,2025-02-27,2,0.0,0.02,0.03,3,27,0,0,1,3.2857142857142856,0.0
1,4992,4,False,0,2025-02-27,2,0.0,0.04,0.05,3,27,0,0,1,3.142857142857143,0.0
1,4997,4,False,0,2025-02-27,1,1.0,0.07,0.1,3,27,0,0,1,3.142857142857143,0.0
1,4998,4,False,0,2025-02-27,3,0.0,0.01,0.01,3,27,0,0,1,2.7142857142857144,0.0
1,5008,4,False,0,2025-02-27,2,0.0,0.02,0.03,3,27,0,0,1,2.5714285714285716,0.0
1,5048,4,False,0,2025-02-27,2,0.0,0.01,0.02,3,27,0,0,1,2.142857142857143,0.0
1,5091,4,False,0,2025-02-27,3,0.0,0.06,0.08,3,27,0,0,1,2.2857142857142856,0.0
1,5100,4,False,0,2025-02-27,3,0.0,0.02,0.03,3,27,0,0,1,2.142857142857143,0.0
1,5112,4,False,0,2025-02-27,6,0.0,0.02,0.04,3,27,0,0,1,2.2857142857142856,0.0
1,5118,4,False,0,2025-02-27,3,0.0,0.05,0.08,3,27,0,0,1,2.857142857142857,0.0
1,5120,4,False,0,2025-02-27,0,0.0,0.02,0.03,3,27,0,0,1,3.142857142857143,0.0
1,5123,4,False,0,2025-02-27,3,0.0,0.02,0.04,3,27,0,0,1,2.7142857142857144,0.0
1,5130,4,False,0,2025-02-27,2,0.0,0.02,0.03,3,27,0,0,1,2.857142857142857,0.0
1,5149,4,False,0,2025-02-27,4,0.0,0.12,0.14,3,27,0,0,1,2.857142857142857,0.0
1,5163,4,False,0,2025-02-27,1,0.0,0.05,0.09,3,27,0,0,1,3.0,0.0
1,5169,4,False,0,2025-02-27,2,0.0,0.06,0.08,3,27,0,0,1,2.7142857142857144,0.0
1,5172,4,False,0,2025-02-27,3,0.0,0.04,0.06,3,27,0,0,1,2.142857142857143,0.0
1,5177,4,False,0,2025-02-27,3,0.0,0.01,0.01,3,27,0,0,1,2.142857142857143,0.0
1,5199,4,False,0,2025-02-27,2,0.0,0.02,0.02,3,27,0,0,1,2.5714285714285716,0.0
1,5234,4,False,0,2025-02-27,2,0.0,0.02,0.03,3,27,0,0,1,2.4285714285714284,0.0
1,5241,4,False,0,2025-02-27,2,0.0,0.01,0.01,3,27,0,0,1,2.4285714285714284,0.0
1,5247,4,False,0,2025-02-27,6,0.0,0.02,0.02,3,27,0,0,1,2.142857142857143,0.0
1,5267,4,False,0,2025-02-27,2,0.0,0.02,0.03,3,27,0,0,1,2.857142857142857,0.0
1,5269,4,False,0,2025-02-27,0,0.0,0.01,0.02,3,27,0,0,1,2.857142857142857,0.0
1,5275,4,False,0,2025-02-27,4,0.0,0.02,0.05,3,27,0,0,1,2.4285714285714284,0.0
1,5283,4,False,0,2025-02-27,3,0.0,0.03,0.04,3,27,0,0,1,2.5714285714285716,0.0
1,172,5,True,0,2025-02-27,23,3.0,0.01,0.01,3,27,0,0,1,2.7142857142857144,0.0
1,327,5,True,0,2025-02-27,15,0.0,0.01,0.03,3,27,0,0,1,5.714285714285714,0.0
1,697,5,True,0,2025-02-27,29,0.0,0.04,0.15,3,27,0,0,1,7.571428571428571,0.0
1,1278,5,True,0,2025-02-27,60,0.0,0.02,0.05,3,27,0,0,1,10.857142857142858,0.0
1,1463,5,True,0,2025-02-27,20,1.0,0.01,0.04,3,27,0,0,1,19.142857142857142,0.0
1,1471,5,True,0,2025-02-27,5,0.0,0.02,0.05,3,27,0,0,1,22.0,0.0
1,1580,5,True,0,2025-02-27,7,0.0,0.02,0.04,3,27,0,0,1,22.142857142857142,0.0
1,1795,5,True,0,2025-02-27,10,0.0,0.02,0.04,3,27,0,0,1,22.714285714285715,0.0
1,1860,5,True,0,2025-02-27,15,0.0,0.03,0.04,3,27,0,0,1,20.857142857142858,0.0
1,2169,5,True,0,2025-02-27,6,0.0,0.01,0.02,3,27,0,0,1,20.857142857142858,0.0
1,2338,5,True,0,2025-02-27,10,0.0,0.01,0.05,3,27,0,0,1,17.571428571428573,0.0
1,2381,5,True,0,2025-02-27,8,0.0,0.04,0.06,3,27,0,0,1,10.428571428571429,0.0
1,2518,5,True,0,2025-02-27,8,0.0,0.02,0.09,3,27,0,0,1,8.714285714285714,0.0
1,2560,5,True,0,2025-02-27,11,0.0,0.03,0.04,3,27,0,0,1,9.142857142857142,0.0
1,2647,5,True,0,2025-02-27,28,2.0,0.03,0.05,3,27,0,0,1,9.714285714285714,0.0
1,2661,5,True,0,2025-02-27,31,0.0,0.0,0.01,3,27,0,0,1,12.285714285714286,0.0
1,2926,5,True,0,2025-02-27,3,0.0,0.03,0.05,3,27,0,0,1,14.571428571428571,0.0
1,3002,5,True,0,2025-02-27,10,1.0,0.04,0.09,3,27,0,0,1,14.142857142857142,0.0
1,3175,5,True,0,2025-02-27,22,0.0,0.04,0.1,3,27,0,0,1,14.142857142857142,0.0
1,3612,5,True,0,2025-02-27,34,0.0,0.05,0.08,3,27,0,0,1,16.142857142857142,0.0
1,3734,5,True,0,2025-02-27,10,0.0,0.05,0.09,3,27,0,0,1,19.857142857142858,0.0
1,3819,5,True,0,2025-02-27,4,0.0,0.02,0.07,3,27,0,0,1,19.714285714285715,0.0
1,4150,5,True,0,2025-02-27,47,1.0,0.02,0.04,3,27,0,0,1,16.285714285714285,0.0
1,4200,5,True,0,2025-02-27,49,2.0,0.06,0.12,3,27,0,0,1,18.571428571428573,1.440073499012529
1,5036,5,True,0,2025-02-27,21,0.0,0.03,0.05,3,27,0,0,1,25.142857142857142,0.0
1,5260,5,True,0,2025-02-27,27,3.0,0.02,0.06,3,27,0,0,1,26.714285714285715,0.0
1,138,6,False,0,2025-02-27,2,0.0,0.16,0.23,3,27,0,0,1,27.428571428571427,0.0
1,177,6,False,0,2025-02-27,1,0.0,0.08,0.1,3,27,0,0,1,22.857142857142858,0.0
1,207,6,False,0,2025-02-27,2,0.0,0.23,0.31,3,27,0,0,1,21.571428571428573,0.0
1,316,6,False,0,2025-02-27,0,0.0,0.08,0.12,3,27,0,0,1,21.285714285714285,0.0
1,647,6,False,0,2025-02-27,1,1.0,0.07,0.09,3,27,0,0,1,14.571428571428571,0.0
1,755,6,False,0,2025-02-27,1,0.0,0.15,0.21,3,27,0,0,1,7.714285714285714,0.0
1,975,6,False,0,2025-02-27,1,0.0,0.08,0.1,3,27,0,0,1,4.857142857142857,0.0
1,1265,6,False,0,2025-02-27,4,0.0,0.14,0.2,3,27,0,0,1,1.1428571428571428,0.0
1,1309,6,False,0,2025-02-27,1,0.0,0.24,0.32,3,27,0,0,1,1.4285714285714286,0.0
1,1509,6,False,0,2025-02-27,0,0.0,0.22,0.25,3,27,0,0,1,1.4285714285714286,0.0
1,1740,6,False,0,2025-02-27,1,0.0,0.08,0.12,3,27,0,0,1,1.1428571428571428,0.0
1,1827,6,False,0,2025-02-27,1,0.0,0.1,0.15,3,27,0,0,1,1.2857142857142858,0.0
1,1845,6,False,0,2025-02-27,2,0.0,0.05,0.06,3,27,0,0,1,1.2857142857142858,0.0
1,1865,6,False,0,2025-02-27,2,0.0,0.12,0.16,3,27,0,0,1,1.4285714285714286,0.0
1,2131,6,False,0,2025-02-27,3,0.0,0.1,0.15,3,27,0,0,1,1.5714285714285714,0.0
1,2216,6,False,0,2025-02-27,1,0.0,0.06,0.09,3,27,0,0,1,1.4285714285714286,0.0
1,2240,6,False,0,2025-02-27,3,0.0,0.13,0.17,3,27,0,0,1,1.4285714285714286,0.0
1,2291,6,False,0,2025-02-27,1,0.0,0.15,0.21,3,27,0,0,1,1.8571428571428572,0.0
1,2352,6,False,0,2025-02-27,5,0.0,0.11,0.15,3,27,0,0,1,1.8571428571428572,0.0
1,2515,6,False,0,2025-02-27,2,0.0,0.16,0.19,3,27,0,0,1,2.4285714285714284,0.0
1,2617,6,False,0,2025-02-27,1,0.0,0.13,0.19,3,27,0,0,1,2.4285714285714284,0.0
1,2799,6,False,0,2025-02-27,1,0.0,0.06,0.08,3,27,0,0,1,2.2857142857142856,0.0
1,2934,6,False,0,2025-02-27,1,0.0,0.07,0.1,3,27,0,0,1,2.0,0.0
1,3090,6,False,0,2025-02-27,1,0.0,0.15,0.2,3,27,0,0,1,2.0,0.0
1,3380,6,False,0,2025-02-27,2,0.0,0.06,0.09,3,27,0,0,1,1.7142857142857142,0.0
1,3637,6,False,0,2025-02-27,0,1.0,0.07,0.09,3,27,0,0,1,1.8571428571428572,0.0
1,3793,6,False,0,2025-02-27,2,0.0,0.03,0.04,3,27,0,0,1,1.1428571428571428,0.0
1,3937,6,False,0,2025-02-27,0,0.0,0.14,0.18,3,27,0,0,1,1.1428571428571428,0.0
1,4074,6,False,0,2025-02-27,1,0.0,0.16,0.22,3,27,0,0,1,1.0,0.0
1,4196,6,False,0,2025-02-27,2,0.0,0.06,0.08,3,27,0,0,1,1.0,0.0
1,4228,6,False,0,2025-02-27,3,0.0,0.16,0.2,3,27,0,0,1,1.1428571428571428,0.0
1,4356,6,False,0,2025-02-27,1,0.0,0.09,0.14,3,27,0,0,1,1.4285714285714286,0.0
1,4398,6,False,0,2025-02-27,0,0.0,0.09,0.17,3,27,0,0,1,1.2857142857142858,0.0
1,4430,6,False,0,2025-02-27,1,0.0,0.08,0.12,3,27,0,0,1,1.2857142857142858,0.0
1,4730,6,False,0,2025-02-27,1,0.0,0.13,0.15,3,27,0,0,1,1.1428571428571428,0.0
1,4736,6,False,0,2025-02-27,1,0.0,0.07,0.09,3,27,0,0,1,1.2857142857142858,0.0
1,4849,6,False,0,2025-02-27,2,0.0,0.13,0.22,3,27,0,0,1,1.2857142857142858,0.0
1,4887,6,False,0,2025-02-27,4,0.0,0.13,0.16,3,27,0,0,1,1.2857142857142858,0.0
1,5023,6,False,0,2025-02-27,2,0.0,0.13,0.18,3,27,0,0,1,1.4285714285714286,0.0
1,411,7,False,0,2025-02-27,14,0.0,0.0,0.01,3,27,0,0,1,1.5714285714285714,0.0
1,461,7,False,0,2025-02-27,10,1.0,0.0,0.01,3,27,0,0,1,3.5714285714285716,0.0
1,551,7,False,0,2025-02-27,9,0.0,0.01,0.01,3,27,0,0,1,4.857142857142857,0.0
1,559,7,False,0,2025-02-27,13,5.0,0.01,0.01,3,27,0,0,1,6.0,0.0
1,848,7,False,0,2025-02-27,4,0.0,0.04,0.05,3,27,0,0,1,7.714285714285714,0.0
1,861,7,False,0,2025-02-27,28,0.0,0.01,0.02,3,27,0,0,1,8.0,0.0
1,1115,7,False,0,2025-02-27,86,0.0,0.0,0.0,3,27,0,0,1,11.428571428571429,0.0
1,1288,7,False,0,2025-02-27,14,0.0,0.01,0.02,3,27,0,0,1,23.428571428571427,0.0
1,1787,7,False,0,2025-02-27,0,0.0,0.02,0.02,3,27,0,0,1,23.428571428571427,2.1056704171481115
1,2175,7,False,0,2025-02-27,10,0.0,0.03,0.04,3,27,0,0,1,22.0,0.0
1,2227,7,False,0,2025-02-27,10,0.0,0.02,0.03,3,27,0,0,1,22.142857142857142,0.0
1,2499,7,False,0,2025-02-27,13,0.0,0.0,0.01,3,27,0,0,1,21.714285714285715,0.0
1,2887,7,False,0,2025-02-27,19,1.0,0.02,0.03,3,27,0,0,1,23.0,0.0
1,3023,7,False,0,2025-02-27,20,0.0,0.01,0.01,3,27,0,0,1,21.714285714285715,0.0
1,3040,7,False,0,2025-02-27,4,1.0,0.0,0.0,3,27,0,0,1,12.285714285714286,0.0
1,3105,7,False,0,2025-02-27,7,3.0,0.0,0.01,3,27,0,0,1,10.857142857142858,0.0
1,3272,7,False,0,2025-02-27,14,0.0,0.01,0.02,3,27,0,0,1,11.857142857142858,0.0
1,3314,7,False,0,2025-02-27,20,3.0,0.0,0.01,3,27,0,0,1,12.428571428571429,0.0
1,3401,7,False,0,2025-02-27,12,0.0,0.0,0.01,3,27,0,0,1,13.857142857142858,0.0
1,4026,7,False,0,2025-02-27,5,0.0,0.12,0.17,3,27,0,0,1,13.714285714285714,0.0
1,4093,7,False,0,2025-02-27,12,0.0,0.01,0.01,3,27,0,0,1,11.714285714285714,0.0
1,4298,7,False,0,2025-02-27,25,2.0,0.01,0.01,3,27,0,0,1,10.571428571428571,0.0
1,4351,7,False,0,2025-02-27,15,0.0,0.01,0.03,3,27,0,0,1,13.571428571428571,0.0
1,4411,7,False,0,2025-02-27,15,0.0,0.02,0.04,3,27,0,0,1,14.714285714285714,0.0
1,4585,7,False,0,2025-02-27,25,0.0,0.02,0.04,3,27,0,0,1,14.857142857142858,0.0
1,4688,7,False,0,2025-02-27,10,2.0,0.0,0.03,3,27,0,0,1,15.571428571428571,0.0
1,4867,7,False,0,2025-02-27,1,0.0,0.03,0.05,3,27,0,0,1,15.285714285714286,0.0
1,199,8,False,0,2025-02-27,11,0.0,0.01,0.02,3,27,0,0,1,14.714285714285714,0.0
1,269,8,False,0,2025-02-27,43,0.0,0.0,0.01,3,27,0,0,1,14.571428571428571,1.95752754148754
1,805,8,False,0,2025-02-27,17,0.0,0.0,0.01,3,27,0,0,1,17.142857142857142,0.0
1,828,8,False,0,2025-02-27,8,0.0,0.01,0.01,3,27,0,0,1,17.428571428571427,0.0
1,932,8,False,0,2025-02-27,12,0.0,0.01,0.02,3,27,0,0,1,16.428571428571427,0.0
1,1010,8,False,0,2025-02-27,9,0.0,0.01,0.02,3,27,0,0,1,14.571428571428571,0.0
1,1073,8,False,0,2025-02-27,19,0.0,0.01,0.02,3,27,0,0,1,14.428571428571429,0.0
1,1308,8,False,0,2025-02-27,38,2.0,0.02,0.03,3,27,0,0,1,17.0,0.0
1,2253,8,False,0,2025-02-27,16,1.0,0.0,0.01,3,27,0,0,1,20.857142857142858,0.0
1,2420,8,False,0,2025-02-27,14,1.0,0.0,0.01,3,27,0,0,1,17.0,0.0
1,2659,8,False,0,2025-02-27,17,0.0,0.01,0.01,3,27,0,0,1,16.571428571428573,0.0
1,2985,8,False,0,2025-02-27,23,0.0,0.02,0.02,3,27,0,0,1,17.857142857142858,0.0
1,3015,8,False,0,2025-02-27,12,0.0,0.01,0.02,3,27,0,0,1,19.428571428571427,0.0
1,3331,8,False,0,2025-02-27,33,0.0,0.01,0.02,3,27,0,0,1,19.857142857142858,0.0
1,3430,8,False,0,2025-02-27,13,0.0,0.01,0.01,3,27,0,0,1,21.857142857142858,0.0
1,3545,8,False,0,2025-02-27,12,0.0,0.02,0.03,3,27,0,0,1,18.285714285714285,0.0
1,3594,8,False,0,2025-02-27,5,1.0,0.01,0.01,3,27,0,0,1,17.714285714285715,0.0
1,3605,8,False,0,2025-02-27,30,0.0,0.01,0.01,3,27,0,0,1,16.428571428571427,0.0
1,4513,8,False,0,2025-02-27,12,0.0,0.01,0.02,3,27,0,0,1,18.285714285714285,0.0
1,4560,8,False,0,2025-02-27,13,1.0,0.01,0.02,3,27,0,0,1,16.714285714285715,0.0
1,5038,8,False,0,2025-02-27,3,0.0,0.02,0.03,3,27,0,0,1,16.857142857142858,0.0
1,5075,8,False,0,2025-02-27,12,0.0,0.01,0.02,3,27,0,0,1,12.571428571428571,0.0
1,5178,8,False,0,2025-02-27,12,0.0,0.01,0.02,3,27,0,0,1,12.428571428571429,0.0
1,10,9,True,0,2025-02-27,8,0.0,0.04,0.05,3,27,0,0,1,12.428571428571429,0.0
1,45,9,True,0,2025-02-27,20,1.0,0.02,0.05,3,27,0,0,1,12.857142857142858,0.0
1,141,9,True,0,2025-02-27,8,0.0,0.03,0.09,3,27,0,0,1,11.428571428571429,0.0
1,187,9,True,0,2025-02-27,14,0.0,0.01,0.04,3,27,0,0,1,10.857142857142858,0.0
1,270,9,True,0,2025-02-27,33,4.0,0.02,0.1,3,27,0,0,1,11.0,0.0
1,275,9,True,0,2025-02-27,10,1.0,0.04,0.06,3,27,0,0,1,15.285714285714286,0.0
1,278,9,True,0,2025-02-27,19,0.0,0.05,0.1,3,27,0,0,1,15.0,0.0
1,317,9,True,0,2025-02-27,22,0.0,0.01,0.02,3,27,0,0,1,16.0,0.0
1,352,9,True,0,2025-02-27,41,0.0,0.02,0.11,3,27,0,0,1,18.0,0.0
1,473,9,True,0,2025-02-27,9,0.0,0.01,0.02,3,27,0,0,1,21.0,0.0
1,496,9,True,0,2025-02-27,8,0.0,0.01,0.02,3,27,0,0,1,21.142857142857142,0.0
1,615,9,True,0,2025-02-27,3,0.0,0.02,0.04,3,27,0,0,1,20.285714285714285,0.0
1,678,9,True,0,2025-02-27,27,0.0,0.01,0.05,3,27,0,0,1,16.0,0.0
1,696,9,True,0,2025-02-27,19,2.0,0.01,0.05,3,27,0,0,1,18.428571428571427,0.0
1,747,9,True,0,2025-02-27,2,0.0,0.01,0.02,3,27,0,0,1,18.428571428571427,0.0
1,802,9,True,0,2025-02-27,19,0.0,0.06,0.1,3,27,0,0,1,15.571428571428571,0.0
1,813,9,True,0,2025-02-27,31,1.0,0.02,0.03,3,27,0,0,1,12.428571428571429,0.0
1,958,9,True,0,2025-02-27,19,0.0,0.01,0.02,3,27,0,0,1,15.571428571428571,2.3382003385340417
1,976,9,True,0,2025-02-27,16,0.0,0.01,0.04,3,27,0,0,1,17.142857142857142,0.0
1,1112,9,True,0,2025-02-27,23,1.0,0.02,0.05,3,27,0,0,1,19.0,0.0
1,1148,9,True,0,2025-02-27,2,0.0,0.02,0.06,3,27,0,0,1,18.428571428571427,0.0
1,1172,9,True,0,2025-02-27,15,1.0,0.01,0.04,3,27,0,0,1,16.0,0.0
1,1178,9,True,0,2025-02-27,12,1.0,0.02,0.05,3,27,0,0,1,17.857142857142858,0.0
1,1287,9,True,0,2025-02-27,13,0.0,0.01,0.04,3,27,0,0,1,16.857142857142858,0.0
1,1323,9,True,0,2025-02-27,13,1.0,0.02,0.07,3,27,0,0,1,14.285714285714286,0.0
1,1409,9,True,0,2025-02-27,22,2.0,0.02,0.04,3,27,0,0,1,13.428571428571429,0.0
1,1510,9,True,0,2025-02-27,4,0.0,0.03,0.1,3,27,0,0,1,14.285714285714286,0.0
1,1661,9,True,0,2025-02-27,14,1.0,0.01,0.06,3,27,0,0,1,11.571428571428571,0.0
1,1696,9,True,0,2025-02-27,23,1.0,0.01,0.03,3,27,0,0,1,13.285714285714286,0.0
1,1705,9,True,0,2025-02-27,12,0.0,0.04,0.09,3,27,0,0,1,14.428571428571429,0.0
1,1896,9,True,0,2025-02-27,3,0.0,0.03,0.12,3,27,0,0,1,14.428571428571429,0.0
1,1906,9,True,0,2025-02-27,11,0.0,0.04,0.1,3,27,0,0,1,13.0,0.0
1,1951,9,True,0,2025-02-27,35,4.0,0.02,0.06,3,27,0,0,1,12.714285714285714,0.0
1,2010,9,True,0,2025-02-27,30,0.0,0.03,0.09,3,27,0,0,1,14.571428571428571,0.0
1,2011,9,True,0,2025-02-27,11,0.0,0.01,0.04,3,27,0,0,1,18.285714285714285,0.0
1,2056,9,True,0,2025-02-27,11,1.0,0.01,0.02,3,27,0,0,1,17.857142857142858,0.0
1,2256,9,True,0,2025-02-27,23,0.0,0.02,0.04,3,27,0,0,1,16.142857142857142,0.0
1,2284,9,True,0,2025-02-27,6,0.0,0.01,0.03,3,27,0,0,1,17.714285714285715,0.0
1,2307,9,True,0,2025-02-27,49,2.0,0.02,0.05,3,27,0,0,1,18.142857142857142,0.0
1,2357,9,True,0,2025-02-27,17,1.0,0.09,0.13,3,27,0,0,1,23.571428571428573,0.0
1,2360,9,True,0,2025-02-27,5,0.0,0.01,0.03,3,27,0,0,1,21.0,0.0
1,2399,9,True,0,2025-02-27,22,0.0,0.03,0.1,3,27,0,0,1,17.428571428571427,0.0
1,2401,9,True,0,2025-02-27,19,0.0,0.01,0.02,3,27,0,0,1,19.0,0.0
1,2419,9,True,0,2025-02-27,10,0.0,0.02,0.03,3,27,0,0,1,20.142857142857142,0.0
1,2474,9,True,0,2025-02-27,4,5.0,0.04,0.08,3,27,0,0,1,18.285714285714285,0.0
1,2486,9,True,0,2025-02-27,6,0.0,0.02,0.07,3,27,0,0,1,18.0,0.0
1,2543,9,True,0,2025-02-27,3,0.0,0.0,0.02,3,27,0,0,1,11.857142857142858,0.0
1,2615,9,True,0,2025-02-27,14,0.0,0.02,0.06,3,27,0,0,1,9.857142857142858,0.0
1,2795,9,True,0,2025-02-27,7,0.0,0.02,0.06,3,27,0,0,1,11.142857142857142,0.0
1,2812,9,True,0,2025-02-27,27,1.0,0.02,0.07,3,27,0,0,1,9.0,0.0
1,2841,9,True,0,2025-02-27,24,2.0,0.01,0.05,3,27,0,0,1,10.142857142857142,0.0
1,2857,9,True,0,2025-02-27,55,0.0,0.01,0.02,3,27,0,0,1,12.142857142857142,0.0
1,3008,9,True,0,2025-02-27,40,2.0,0.01,0.06,3,27,0,0,1,19.428571428571427,0.0
1,3226,9,True,0,2025-02-27,7,1.0,0.02,0.05,3,27,0,0,1,24.285714285714285,0.0
1,3241,9,True,0,2025-02-27,11,1.0,0.01,0.06,3,27,0,0,1,24.857142857142858,0.0
1,3244,9,True,0,2025-02-27,16,0.0,0.01,0.04,3,27,0,0,1,24.428571428571427,0.0
1,3356,9,True,0,2025-02-27,7,0.0,0.01,0.03,3,27,0,0,1,25.714285714285715,0.0
1,3540,9,True,0,2025-02-27,15,0.0,0.03,0.08,3,27,0,0,1,22.857142857142858,0.0
1,3735,9,True,0,2025-02-27,11,0.0,0.02,0.06,3,27,0,0,1,21.571428571428573,0.0
1,3751,9,True,0,2025-02-27,3,0.0,0.04,0.04,3,27,0,0,1,15.285714285714286,0.0
1,3789,9,True,0,2025-02-27,8,0.0,0.01,0.03,3,27,0,0,1,10.0,0.0
1,3905,9,True,0,2025-02-27,30,0.0,0.01,0.06,3,27,0,0,1,10.142857142857142,0.0
1,4012,9,True,0,2025-02-27,38,0.0,0.01,0.06,3,27,0,0,1,12.857142857142858,0.0
1,4106,9,True,0,2025-02-27,24,0.0,0.02,0.07,3,27,0,0,1,16.0,0.0
1,4141,9,True,0,2025-02-27,11,0.0,0.05,0.09,3,27,0,0,1,18.428571428571427,0.0
1,4153,9,True,0,2025-02-27,31,2.0,0.01,0.03,3,27,0,0,1,17.857142857142858,0.0
1,4154,9,True,0,2025-02-27,7,0.0,0.0,0.01,3,27,0,0,1,20.714285714285715,0.0
1,4197,9,True,0,2025-02-27,1,0.0,0.01,0.04,3,27,0,0,1,21.285714285714285,0.0
1,4348,9,True,0,2025-02-27,10,1.0,0.01,0.03,3,27,0,0,1,20.285714285714285,0.0
1,4350,9,True,0,2025-02-27,15,5.0,0.03,0.06,3,27,0,0,1,17.428571428571427,0.0
1,4367,9,True,0,2025-02-27,10,0.0,0.03,0.07,3,27,0,0,1,14.142857142857142,0.0
1,4466,9,True,0,2025-02-27,17,1.0,0.02,0.04,3,27,0,0,1,12.142857142857142,0.0
1,4493,9,True,0,2025-02-27,38,0.0,0.01,0.06,3,27,0,0,1,13.0,0.0
1,4530,9,True,0,2025-02-27,14,1.0,0.01,0.02,3,27,0,0,1,14.0,1.8377069700177717
1,4594,9,True,0,2025-02-27,7,0.0,0.01,0.08,3,27,0,0,1,15.0,0.0
1,4637,9,True,0,2025-02-27,12,0.0,0.01,0.03,3,27,0,0,1,15.857142857142858,0.0
1,4645,9,True,0,2025-02-27,30,5.0,0.01,0.02,3,27,0,0,1,16.142857142857142,2.1183296092455826
1,4655,9,True,0,2025-02-27,9,0.0,0.06,0.08,3,27,0,0,1,18.285714285714285,0.0
1,4679,9,True,0,2025-02-27,54,0.0,0.01,0.04,3,27,0,0,1,18.142857142857142,0.0
1,4845,9,True,0,2025-02-27,25,1.0,0.01,0.03,3,27,0,0,1,23.428571428571427,0.0
1,4906,9,True,0,2025-02-27,21,1.0,0.01,0.03,3,27,0,0,1,21.571428571428573,0.0
1,4996,9,True,0,2025-02-27,7,5.0,0.0,0.02,3,27,0,0,1,22.571428571428573,0.0
1,5079,9,True,0,2025-02-27,5,0.0,0.01,0.03,3,27,0,0,1,22.571428571428573,0.0
1,5087,9,True,0,2025-02-27,16,0.0,0.03,0.06,3,27,0,0,1,21.571428571428573,0.0
1,5093,9,True,0,2025-02-27,6,0.0,0.02,0.06,3,27,0,0,1,19.571428571428573,0.0
1,5122,9,True,0,2025-02-27,10,0.0,0.01,0.03,3,27,0,0,1,19.142857142857142,0.0
1,5135,9,True,0,2025-02-27,9,1.0,0.02,0.05,3,27,0,0,1,12.857142857142858,0.0
1,5175,9,True,0,2025-02-27,9,1.0,0.01,0.03,3,27,0,0,1,10.571428571428571,0.0
1,5212,9,True,0,2025-02-27,10,0.0,0.01,0.04,3,27,0,0,1,8.857142857142858,0.0
1,5272,9,True,0,2025-02-27,56,0.0,0.01,0.02,3,27,0,0,1,9.285714285714286,0.0
1,147,10,False,0,2025-02-27,27,3.0,0.03,0.07,3,27,0,0,1,16.571428571428573,0.0
1,1782,10,False,0,2025-02-27,35,0.0,0.04,0.09,3,27,0,0,1,18.142857142857142,0.0
1,2377,10,False,0,2025-02-27,49,1.0,0.0,0.01,3,27,0,0,1,22.285714285714285,3.862341082866307
1,3203,10,False,0,2025-02-27,30,0.0,0.03,0.13,3,27,0,0,1,27.857142857142858,0.0
1,5018,10,False,0,2025-02-27,23,1.0,0.02,0.13,3,27,0,0,1,30.857142857142858,0.0
1,2058,11,False,0,2025-02-27,0,0.0,0.22,0.22,3,27,0,0,1,32.857142857142854,1.8345362551441449
1,2882,11,False,0,2025-02-27,9,1.0,0.23,0.22,3,27,0,0,1,31.428571428571427,0.0
1,3107,11,False,0,2025-02-27,3,0.0,0.12,0.15,3,27,0,0,1,24.714285714285715,0.0
1,3123,11,False,0,2025-02-27,11,1.0,0.23,0.22,3,27,0,0,1,21.285714285714285,1.4933958562412173
1,3499,11,False,0,2025-02-27,7,0.0,0.09,0.08,3,27,0,0,1,17.857142857142858,0.0
1,3870,11,False,0,2025-02-27,3,0.0,0.15,0.18,3,27,0,0,1,11.857142857142858,0.0
1,4160,11,False,0,2025-02-27,1,1.0,0.16,0.19,3,27,0,0,1,8.0,0.0
1,5085,11,False,0,2025-02-27,30,0.0,0.23,0.21,3,27,0,0,1,4.857142857142857,0.0
1,488,1,False,0,2025-02-25,6,0.0,0.14,0.16,1,25,0,0,1,9.142857142857142,0.0
1,1985,1,False,0,2025-02-25,5,0.0,0.14,0.15,1,25,0,0,1,8.714285714285714,0.0
1,2735,1,False,0,2025-02-25,6,0.0,0.14,0.17,1,25,0,0,1,9.0,0.0
1,3664,1,False,0,2025-02-25,4,0.0,0.14,0.16,1,25,0,0,1,8.285714285714286,0.0
1,4052,1,False,0,2025-02-25,8,3.0,0.15,0.17,1,25,0,0,1,7.857142857142857,0.0
1,48,3,True,0,2025-02-25,5,0.0,0.12,0.17,1,25,0,0,1,8.571428571428571,0.0
1,59,3,True,0,2025-02-25,16,0.0,0.02,0.02,1,25,0,0,1,9.142857142857142,1.7108962622104493
1,82,3,True,0,2025-02-25,3,0.0,0.06,0.07,1,25,0,0,1,7.142857142857143,0.0
1,86,3,True,0,2025-02-25,2,0.0,0.12,0.15,1,25,0,0,1,6.714285714285714,0.0
1,87,3,True,0,2025-02-25,15,0.0,0.03,0.04,1,25,0,0,1,6.285714285714286,1.394406328652792
1,94,3,True,0,2025-02-25,3,0.0,0.08,0.15,1,25,0,0,1,7.571428571428571,0.0
1,103,3,True,0,2025-02-25,6,0.0,0.06,0.09,1,25,0,0,1,7.428571428571429,0.0
1,106,3,True,0,2025-02-25,13,1.0,0.04,0.06,1,25,0,0,1,7.142857142857143,0.0
1,167,3,True,0,2025-02-25,5,0.0,0.09,0.16,1,25,0,0,1,8.285714285714286,0.0
1,212,3,True,0,2025-02-25,4,1.0,0.05,0.07,1,25,0,0,1,6.714285714285714,0.0
1,234,3,True,0,2025-02-25,4,0.0,0.08,0.11,1,25,0,0,1,6.857142857142857,0.0
1,281,3,True,0,2025-02-25,9,1.0,0.07,0.1,1,25,0,0,1,7.142857142857143,0.0
1,381,3,True,0,2025-02-25,5,0.0,0.04,0.05,1,25,0,0,1,6.285714285714286,0.0
1,415,3,True,0,2025-02-25,2,0.0,0.07,0.1,1,25,0,0,1,6.571428571428571,0.0
1,440,3,True,0,2025-02-25,4,0.0,0.05,0.07,1,25,0,0,1,6.0,0.0
1,470,3,True,0,2025-02-25,2,1.0,0.07,0.1,1,25,0,0,1,4.714285714285714,0.0
1,493,3,True,0,2025-02-25,2,0.0,0.11,0.13,1,25,0,0,1,4.285714285714286,0.0
1,516,3,True,0,2025-02-25,0,0.0,0.02,0.02,1,25,0,0,1,4.0,0.0
1,605,3,True,0,2025-02-25,3,1.0,0.05,0.07,1,25,0,0,1,3.4285714285714284,0.0
1,612,3,True,0,2025-02-25,11,0.0,0.03,0.03,1,25,0,0,1,2.5714285714285716,0.0
1,620,3,True,0,2025-02-25,6,0.0,0.02,0.03,1,25,0,0,1,3.4285714285714284,0.0
1,650,3,True,0,2025-02-25,4,0.0,0.08,0.11,1,25,0,0,1,4.0,0.0
1,686,3,True,0,2025-02-25,6,0.0,0.03,0.05,1,25,0,0,1,4.0,0.0
1,703,3,True,0,2025-02-25,14,1.0,0.02,0.02,1,25,0,0,1,4.571428571428571,0.0
1,742,3,True,0,2025-02-25,3,2.0,0.04,0.06,1,25,0,0,1,6.285714285714286,0.0
1,855,3,True,0,2025-02-25,14,1.0,0.02,0.03,1,25,0,0,1,6.714285714285714,0.0
1,947,3,True,0,2025-02-25,28,1.0,0.01,0.01,1,25,0,0,1,8.285714285714286,0.0
1,1052,3,True,0,2025-02-25,3,0.0,0.02,0.03,1,25,0,0,1,10.714285714285714,0.0
1,1071,3,True,0,2025-02-25,3,1.0,0.02,0.05,1,25,0,0,1,10.285714285714286,0.0
1,1103,3,True,0,2025-02-25,10,2.0,0.1,0.13,1,25,0,0,1,10.142857142857142,0.0
1,1105,3,True,0,2025-02-25,8,0.0,0.05,0.07,1,25,0,0,1,10.714285714285714,0.0
1,1120,3,True,0,2025-02-25,4,0.0,0.06,0.09,1,25,0,0,1,9.857142857142858,0.0
1,1175,3,True,0,2025-02-25,10,0.0,0.01,0.03,1,25,0,0,1,10.0,0.0
1,1190,3,True,0,2025-02-25,5,1.0,0.04,0.05,1,25,0,0,1,9.428571428571429,0.0
1,1223,3,True,0,2025-02-25,11,0.0,0.03,0.05,1,25,0,0,1,6.142857142857143,0.0
1,1235,3,True,0,2025-02-25,9,0.0,0.06,0.08,1,25,0,0,1,7.285714285714286,0.0
1,1261,3,True,0,2025-02-25,3,0.0,0.07,0.09,1,25,0,0,1,8.142857142857142,0.0
1,1291,3,True,0,2025-02-25,5,0.0,0.04,0.05,1,25,0,0,1,7.142857142857143,0.0
1,1382,3,True,0,2025-02-25,6,0.0,0.05,0.07,1,25,0,0,1,6.714285714285714,0.0
1,1384,3,True,0,2025-02-25,10,0.0,0.08,0.1,1,25,0,0,1,7.0,0.0
1,1390,3,True,0,2025-02-25,8,0.0,0.04,0.06,1,25,0,0,1,7.0,0.0
1,1447,3,True,0,2025-02-25,9,0.0,0.08,0.12,1,25,0,0,1,7.428571428571429,0.0
1,1470,3,True,0,2025-02-25,9,0.0,0.06,0.08,1,25,0,0,1,7.142857142857143,0.0
1,1503,3,True,0,2025-02-25,3,0.0,0.17,0.19,1,25,0,0,1,7.142857142857143,0.0
1,1505,3,True,0,2025-02-25,38,1.0,0.01,0.02,1,25,0,0,1,7.142857142857143,1.9661289775248834
1,1531,3,True,0,2025-02-25,43,0.0,0.05,0.07,1,25,0,0,1,11.857142857142858,0.0
1,1576,3,True,0,2025-02-25,4,0.0,0.13,0.17,1,25,0,0,1,17.142857142857142,0.0
1,1610,3,True,0,2025-02-25,25,0.0,0.01,0.01,1,25,0,0,1,16.285714285714285,0.0
1,1642,3,True,0,2025-02-25,0,0.0,0.09,0.12,1,25,0,0,1,18.714285714285715,0.0
1,1771,3,True,0,2025-02-25,4,0.0,0.17,0.22,1,25,0,0,1,17.428571428571427,0.0
1,1822,3,True,0,2025-02-25,2,0.0,0.08,0.09,1,25,0,0,1,16.714285714285715,0.0
1,1849,3,True,0,2025-02-25,8,0.0,0.05,0.06,1,25,0,0,1,16.571428571428573,0.0
1,1902,3,True,0,2025-02-25,7,0.0,0.03,0.04,1,25,0,0,1,12.285714285714286,0.0
1,1940,3,True,0,2025-02-25,4,0.0,0.04,0.05,1,25,0,0,1,7.142857142857143,0.0
1,1949,3,True,0,2025-02-25,7,0.0,0.04,0.05,1,25,0,0,1,7.142857142857143,0.0
1,1969,3,True,0,2025-02-25,2,0.0,0.13,0.16,1,25,0,0,1,4.571428571428571,0.0
1,1988,3,True,0,2025-02-25,0,0.0,0.12,0.17,1,25,0,0,1,4.857142857142857,0.0
1,1997,3,True,0,2025-02-25,11,0.0,0.01,0.02,1,25,0,0,1,4.285714285714286,0.0
1,2039,3,True,0,2025-02-25,0,0.0,0.01,0.02,1,25,0,0,1,5.571428571428571,0.0
1,2040,3,True,0,2025-02-25,2,0.0,0.08,0.11,1,25,0,0,1,4.428571428571429,0.0
1,2048,3,True,0,2025-02-25,3,0.0,0.04,0.06,1,25,0,0,1,3.7142857142857144,0.0
1,2062,3,True,0,2025-02-25,7,0.0,0.11,0.14,1,25,0,0,1,3.5714285714285716,0.0
1,2110,3,True,0,2025-02-25,1,0.0,0.06,0.08,1,25,0,0,1,3.5714285714285716,0.0
1,2127,3,True,0,2025-02-25,10,0.0,0.03,0.04,1,25,0,0,1,3.4285714285714284,0.0
1,2151,3,True,0,2025-02-25,0,0.0,0.0,0.01,1,25,0,0,1,4.857142857142857,0.0
1,2185,3,True,0,2025-02-25,13,1.0,0.04,0.05,1,25,0,0,1,3.2857142857142856,0.0
1,2236,3,True,0,2025-02-25,8,2.0,0.07,0.09,1,25,0,0,1,5.142857142857143,0.0
1,2331,3,True,0,2025-02-25,5,1.0,0.51,0.59,1,25,0,0,1,6.0,0.0
1,2432,3,True,0,2025-02-25,12,2.0,0.03,0.04,1,25,0,0,1,6.285714285714286,0.0
1,2491,3,True,0,2025-02-25,6,0.0,0.03,0.05,1,25,0,0,1,7.0,0.0
1,2551,3,True,0,2025-02-25,4,0.0,0.02,0.02,1,25,0,0,1,7.714285714285714,0.0
1,2558,3,True,0,2025-02-25,3,0.0,0.08,0.11,1,25,0,0,1,6.857142857142857,0.0
1,2585,3,True,0,2025-02-25,2,0.0,0.03,0.04,1,25,0,0,1,7.285714285714286,0.0
1,2595,3,True,0,2025-02-25,28,0.0,0.0,0.01,1,25,0,0,1,5.714285714285714,0.0
1,2700,3,True,0,2025-02-25,25,1.0,0.01,0.01,1,25,0,0,1,8.571428571428571,0.0
1,2805,3,True,0,2025-02-25,1,1.0,0.08,0.11,1,25,0,0,1,11.428571428571429,0.0
1,2816,3,True,0,2025-02-25,3,0.0,0.06,0.08,1,25,0,0,1,9.857142857142858,0.0
1,2840,3,True,0,2025-02-25,6,0.0,0.17,0.21,1,25,0,0,1,9.428571428571429,0.0
1,2852,3,True,0,2025-02-25,6,0.0,0.07,0.1,1,25,0,0,1,9.714285714285714,0.0
1,2884,3,True,0,2025-02-25,3,0.0,0.23,0.29,1,25,0,0,1,10.142857142857142,0.0
1,2889,3,True,0,2025-02-25,13,0.0,0.03,0.04,1,25,0,0,1,10.285714285714286,0.0
1,3190,3,True,0,2025-02-25,20,0.0,0.02,0.02,1,25,0,0,1,8.142857142857142,0.0
1,3239,3,True,0,2025-02-25,0,2.0,0.06,0.07,1,25,0,0,1,7.428571428571429,0.0
1,3279,3,True,0,2025-02-25,9,2.0,0.02,0.03,1,25,0,0,1,7.285714285714286,0.0
1,3283,3,True,0,2025-02-25,7,1.0,0.1,0.13,1,25,0,0,1,8.142857142857142,0.0
1,3339,3,True,0,2025-02-25,89,0.0,0.01,0.01,1,25,0,0,1,8.285714285714286,0.0
1,3349,3,True,0,2025-02-25,6,0.0,0.27,0.35,1,25,0,0,1,20.142857142857142,0.0
1,3360,3,True,0,2025-02-25,3,1.0,0.02,0.04,1,25,0,0,1,20.571428571428573,0.0
1,3556,3,True,0,2025-02-25,1,1.0,0.26,0.35,1,25,0,0,1,19.142857142857142,0.0
1,3693,3,True,0,2025-02-25,23,1.0,0.01,0.01,1,25,0,0,1,16.428571428571427,2.4295174957577608
1,3717,3,True,0,2025-02-25,1,0.0,0.05,0.07,1,25,0,0,1,19.714285714285715,0.0
1,3768,3,True,0,2025-02-25,5,0.0,0.02,0.02,1,25,0,0,1,18.571428571428573,0.0
1,3786,3,True,0,2025-02-25,0,0.0,0.05,0.12,1,25,0,0,1,18.285714285714285,0.0
1,3862,3,True,0,2025-02-25,5,0.0,0.07,0.09,1,25,0,0,1,5.571428571428571,0.0
1,3931,3,True,0,2025-02-25,32,0.0,0.01,0.02,1,25,0,0,1,5.428571428571429,0.0
1,3985,3,True,0,2025-02-25,6,1.0,0.12,0.17,1,25,0,0,1,9.571428571428571,0.0
1,4059,3,True,0,2025-02-25,3,0.0,0.33,0.49,1,25,0,0,1,10.285714285714286,0.0
1,4101,3,True,0,2025-02-25,12,0.0,0.13,0.15,1,25,0,0,1,7.428571428571429,0.0
1,4144,3,True,0,2025-02-25,19,0.0,0.02,0.02,1,25,0,0,1,9.0,0.0
1,4176,3,True,0,2025-02-25,10,0.0,0.03,0.05,1,25,0,0,1,11.0,0.0
1,4204,3,True,0,2025-02-25,4,0.0,0.14,0.17,1,25,0,0,1,12.428571428571429,0.0
1,4205,3,True,0,2025-02-25,32,2.0,0.02,0.02,1,25,0,0,1,12.285714285714286,1.7544687624847
1,4215,3,True,0,2025-02-25,8,0.0,0.03,0.07,1,25,0,0,1,12.285714285714286,0.0
1,4252,3,True,0,2025-02-25,5,0.0,0.02,0.03,1,25,0,0,1,12.571428571428571,0.0
1,4321,3,True,0,2025-02-25,3,1.0,0.1,0.13,1,25,0,0,1,12.857142857142858,0.0
1,4333,3,True,0,2025-02-25,5,0.0,0.21,0.26,1,25,0,0,1,11.571428571428571,0.0
1,4426,3,True,0,2025-02-25,57,2.0,0.03,0.04,1,25,0,0,1,9.571428571428571,1.6028533355443617
1,4433,3,True,0,2025-02-25,9,0.0,0.05,0.11,1,25,0,0,1,16.285714285714285,0.0
1,4439,3,True,0,2025-02-25,33,4.0,0.02,0.02,1,25,0,0,1,17.0,2.112233446198717
1,4447,3,True,0,2025-02-25,16,0.0,0.02,0.03,1,25,0,0,1,17.142857142857142,0.0
1,4461,3,True,0,2025-02-25,11,0.0,0.03,0.04,1,25,0,0,1,18.285714285714285,0.0
1,4470,3,True,0,2025-02-25,5,0.0,0.07,0.09,1,25,0,0,1,19.142857142857142,0.0
1,4488,3,True,0,2025-02-25,13,0.0,0.01,0.03,1,25,0,0,1,19.428571428571427,0.0
1,4504,3,True,0,2025-02-25,8,0.0,0.03,0.04,1,25,0,0,1,20.571428571428573,0.0
1,4523,3,True,0,2025-02-25,4,0.0,0.06,0.09,1,25,0,0,1,13.571428571428571,0.0
1,4596,3,True,0,2025-02-25,9,2.0,0.07,0.08,1,25,0,0,1,12.857142857142858,0.0
1,4633,3,True,0,2025-02-25,5,0.0,0.04,0.06,1,25,0,0,1,9.428571428571429,0.0
1,4713,3,True,0,2025-02-25,6,0.0,0.04,0.05,1,25,0,0,1,7.857142857142857,0.0
1,4722,3,True,0,2025-02-25,20,1.0,0.04,0.06,1,25,0,0,1,7.142857142857143,1.3646718540830667
1,4766,3,True,0,2025-02-25,7,2.0,0.03,0.04,1,25,0,0,1,9.285714285714286,0.0
1,4786,3,True,0,2025-02-25,20,1.0,0.03,0.04,1,25,0,0,1,8.428571428571429,0.0
1,4800,3,True,0,2025-02-25,3,0.0,0.08,0.11,1,25,0,0,1,10.142857142857142,0.0
1,4809,3,True,0,2025-02-25,5,0.0,0.1,0.16,1,25,0,0,1,10.0,0.0
1,4810,3,True,0,2025-02-25,14,0.0,0.03,0.04,1,25,0,0,1,9.428571428571429,0.0
1,4818,3,True,0,2025-02-25,16,0.0,0.04,0.07,1,25,0,0,1,10.714285714285714,0.0
1,4826,3,True,0,2025-02-25,1,0.0,0.12,0.17,1,25,0,0,1,12.142857142857142,0.0
1,4847,3,True,0,2025-02-25,2,0.0,0.1,0.14,1,25,0,0,1,9.428571428571429,0.0
1,4889,3,True,0,2025-02-25,5,0.0,0.03,0.04,1,25,0,0,1,8.714285714285714,0.0
1,4952,3,True,0,2025-02-25,4,0.0,0.24,0.27,1,25,0,0,1,6.571428571428571,0.0
1,4960,3,True,0,2025-02-25,10,2.0,0.02,0.03,1,25,0,0,1,6.714285714285714,0.0
1,5029,3,True,0,2025-02-25,2,0.0,0.06,0.08,1,25,0,0,1,7.428571428571429,0.0
1,5057,3,True,0,2025-02-25,3,0.0,0.06,0.09,1,25,0,0,1,5.714285714285714,0.0
1,5060,3,True,0,2025-02-25,4,0.0,0.06,0.08,1,25,0,0,1,3.857142857142857,0.0
1,5082,3,True,0,2025-02-25,8,0.0,0.04,0.05,1,25,0,0,1,4.285714285714286,0.0
1,5090,3,True,0,2025-02-25,5,0.0,0.05,0.06,1,25,0,0,1,5.142857142857143,0.0
1,5153,3,True,0,2025-02-25,4,0.0,0.09,0.12,1,25,0,0,1,5.142857142857143,0.0
1,5167,3,True,0,2025-02-25,6,0.0,0.05,0.06,1,25,0,0,1,5.142857142857143,0.0
1,5176,3,True,0,2025-02-25,3,0.0,0.23,0.32,1,25,0,0,1,4.571428571428571,0.0
1,5183,3,True,0,2025-02-25,15,0.0,0.03,0.04,1,25,0,0,1,4.714285714285714,0.0
1,5259,3,True,0,2025-02-25,18,0.0,0.06,0.08,1,25,0,0,1,6.428571428571429,1.5219002091909732
1,4,4,False,0,2025-02-25,2,0.0,0.12,0.16,1,25,0,0,1,8.428571428571429,0.0
1,19,4,False,0,2025-02-25,3,0.0,0.01,0.03,1,25,0,0,1,7.571428571428571,0.0
1,34,4,False,0,2025-02-25,3,0.0,0.01,0.01,1,25,0,0,1,7.285714285714286,0.0
1,47,4,False,0,2025-02-25,5,0.0,0.01,0.02,1,25,0,0,1,7.142857142857143,0.0
1,61,4,False,0,2025-02-25,4,0.0,0.01,0.02,1,25,0,0,1,7.0,0.0
1,70,4,False,0,2025-02-25,2,1.0,0.03,0.06,1,25,0,0,1,7.142857142857143,0.0
1,91,4,False,0,2025-02-25,4,0.0,0.03,0.03,1,25,0,0,1,5.285714285714286,0.0
1,107,4,False,0,2025-02-25,3,0.0,0.03,0.04,1,25,0,0,1,3.2857142857142856,0.0
1,122,4,False,0,2025-02-25,1,0.0,0.03,0.04,1,25,0,0,1,3.4285714285714284,0.0
1,155,4,False,0,2025-02-25,5,0.0,0.04,0.06,1,25,0,0,1,3.142857142857143,0.0
1,200,4,False,0,2025-02-25,4,0.0,0.04,0.05,1,25,0,0,1,3.4285714285714284,0.0
1,248,4,False,0,2025-02-25,3,0.0,0.05,0.07,1,25,0,0,1,3.2857142857142856,0.0
1,249,4,False,0,2025-02-25,8,0.0,0.13,0.17,1,25,0,0,1,3.142857142857143,0.0
1,283,4,False,0,2025-02-25,3,0.0,0.03,0.05,1,25,0,0,1,4.0,0.0
1,355,4,False,0,2025-02-25,3,0.0,0.02,0.03,1,25,0,0,1,3.857142857142857,0.0
1,363,4,False,0,2025-02-25,3,0.0,0.01,0.01,1,25,0,0,1,3.857142857142857,0.0
1,371,4,False,0,2025-02-25,3,0.0,0.01,0.01,1,25,0,0,1,4.142857142857143,0.0
1,393,4,False,0,2025-02-25,3,0.0,0.02,0.03,1,25,0,0,1,3.857142857142857,0.0
1,442,4,False,0,2025-02-25,3,0.0,0.05,0.07,1,25,0,0,1,3.7142857142857144,0.0
1,495,4,False,0,2025-02-25,6,0.0,0.02,0.03,1,25,0,0,1,3.7142857142857144,0.0
1,523,4,False,0,2025-02-25,3,0.0,0.03,0.05,1,25,0,0,1,3.4285714285714284,0.0
1,538,4,False,0,2025-02-25,2,0.0,0.02,0.04,1,25,0,0,1,3.4285714285714284,0.0
1,542,4,False,0,2025-02-25,3,0.0,0.04,0.05,1,25,0,0,1,3.2857142857142856,0.0
1,544,4,False,0,2025-02-25,4,0.0,0.02,0.04,1,25,0,0,1,3.2857142857142856,0.0
1,564,4,False,0,2025-02-25,2,0.0,0.02,0.03,1,25,0,0,1,3.4285714285714284,0.0
1,610,4,False,0,2025-02-25,1,0.0,0.04,0.06,1,25,0,0,1,3.2857142857142856,0.0
1,619,4,False,0,2025-02-25,2,0.0,0.04,0.05,1,25,0,0,1,3.0,0.0
1,636,4,False,0,2025-02-25,2,0.0,0.02,0.03,1,25,0,0,1,2.4285714285714284,0.0
1,645,4,False,0,2025-02-25,1,0.0,0.01,0.02,1,25,0,0,1,2.2857142857142856,0.0
1,653,4,False,0,2025-02-25,2,1.0,0.02,0.03,1,25,0,0,1,2.142857142857143,0.0
1,668,4,False,0,2025-02-25,4,0.0,0.03,0.04,1,25,0,0,1,2.0,0.0
1,701,4,False,0,2025-02-25,4,0.0,0.02,0.03,1,25,0,0,1,2.0,0.0
1,717,4,False,0,2025-02-25,2,1.0,0.05,0.07,1,25,0,0,1,2.2857142857142856,0.0
1,768,4,False,0,2025-02-25,3,0.0,0.03,0.04,1,25,0,0,1,2.4285714285714284,0.0
1,769,4,False,0,2025-02-25,5,0.0,0.01,0.01,1,25,0,0,1,2.5714285714285716,0.0
1,780,4,False,0,2025-02-25,4,0.0,0.03,0.04,1,25,0,0,1,3.0,0.0
1,794,4,False,0,2025-02-25,1,0.0,0.03,0.05,1,25,0,0,1,3.4285714285714284,0.0
1,854,4,False,0,2025-02-25,3,0.0,0.05,0.06,1,25,0,0,1,3.2857142857142856,0.0
1,858,4,False,0,2025-02-25,2,0.0,0.04,0.06,1,25,0,0,1,3.142857142857143,0.0
1,864,4,False,0,2025-02-25,3,0.0,0.02,0.03,1,25,0,0,1,2.857142857142857,0.0
1,875,4,False,0,2025-02-25,6,0.0,0.02,0.03,1,25,0,0,1,3.0,0.0
1,891,4,False,0,2025-02-25,4,0.0,0.03,0.04,1,25,0,0,1,3.4285714285714284,0.0
1,961,4,False,0,2025-02-25,2,0.0,0.05,0.05,1,25,0,0,1,3.2857142857142856,0.0
1,979,4,False,0,2025-02-25,4,0.0,0.06,0.07,1,25,0,0,1,3.0,0.0
1,1017,4,False,0,2025-02-25,3,0.0,0.03,0.04,1,25,0,0,1,3.4285714285714284,0.0
1,1047,4,False,0,2025-02-25,4,0.0,0.09,0.14,1,25,0,0,1,3.4285714285714284,0.0
1,1057,4,False,0,2025-02-25,2,0.0,0.04,0.07,1,25,0,0,1,3.7142857142857144,0.0
1,1095,4,False,0,2025-02-25,3,0.0,0.03,0.05,1,25,0,0,1,3.5714285714285716,0.0
1,1107,4,False,0,2025-02-25,2,0.0,0.02,0.03,1,25,0,0,1,3.142857142857143,0.0
1,1161,4,False,0,2025-02-25,1,1.0,0.02,0.04,1,25,0,0,1,2.857142857142857,0.0
1,1177,4,False,0,2025-02-25,3,0.0,0.1,0.15,1,25,0,0,1,2.7142857142857144,0.0
1,1189,4,False,0,2025-02-25,5,0.0,0.02,0.04,1,25,0,0,1,2.5714285714285716,0.0
1,1193,4,False,0,2025-02-25,3,0.0,0.02,0.03,1,25,0,0,1,2.857142857142857,0.0
1,1202,4,False,0,2025-02-25,1,1.0,0.02,0.04,1,25,0,0,1,2.7142857142857144,0.0
1,1215,4,False,0,2025-02-25,3,0.0,0.01,0.02,1,25,0,0,1,2.5714285714285716,0.0
1,1224,4,False,0,2025-02-25,1,0.0,0.04,0.05,1,25,0,0,1,2.5714285714285716,0.0
1,1267,4,False,0,2025-02-25,3,0.0,0.07,0.09,1,25,0,0,1,2.4285714285714284,0.0
1,1293,4,False,0,2025-02-25,7,0.0,0.03,0.04,1,25,0,0,1,2.7142857142857144,0.0
1,1303,4,False,0,2025-02-25,4,0.0,0.06,0.08,1,25,0,0,1,3.2857142857142856,0.0
1,1338,4,False,0,2025-02-25,2,0.0,0.06,0.09,1,25,0,0,1,3.142857142857143,0.0
1,1344,4,False,0,2025-02-25,1,1.0,0.06,0.09,1,25,0,0,1,3.0,0.0
1,1350,4,False,0,2025-02-25,2,0.0,0.03,0.05,1,25,0,0,1,3.0,0.0
1,1367,4,False,0,2025-02-25,4,0.0,0.02,0.03,1,25,0,0,1,2.857142857142857,0.0
1,1404,4,False,0,2025-02-25,3,0.0,0.02,0.04,1,25,0,0,1,3.2857142857142856,0.0
1,1421,4,False,0,2025-02-25,3,0.0,0.02,0.03,1,25,0,0,1,3.2857142857142856,0.0
1,1448,4,False,0,2025-02-25,2,0.0,0.06,0.08,1,25,0,0,1,2.7142857142857144,0.0
1,1466,4,False,0,2025-02-25,0,0.0,0.02,0.03,1,25,0,0,1,2.4285714285714284,0.0
1,1479,4,False,0,2025-02-25,3,0.0,0.05,0.06,1,25,0,0,1,2.142857142857143,0.0
1,1483,4,False,0,2025-02-25,3,0.0,0.02,0.04,1,25,0,0,1,2.4285714285714284,0.0
1,1498,4,False,0,2025-02-25,9,0.0,0.12,0.16,1,25,0,0,1,2.5714285714285716,0.0
1,1517,4,False,0,2025-02-25,1,0.0,0.02,0.03,1,25,0,0,1,3.2857142857142856,0.0
1,1533,4,False,0,2025-02-25,6,0.0,0.05,0.07,1,25,0,0,1,3.0,0.0
1,1606,4,False,0,2025-02-25,5,0.0,0.04,0.05,1,25,0,0,1,3.4285714285714284,0.0
1,1622,4,False,0,2025-02-25,3,0.0,0.07,0.09,1,25,0,0,1,3.857142857142857,0.0
1,1624,4,False,0,2025-02-25,3,0.0,0.04,0.06,1,25,0,0,1,4.285714285714286,0.0
1,1625,4,False,0,2025-02-25,3,0.0,0.03,0.04,1,25,0,0,1,4.285714285714286,0.0
1,1634,4,False,0,2025-02-25,2,0.0,0.05,0.06,1,25,0,0,1,4.285714285714286,0.0
1,1648,4,False,0,2025-02-25,4,0.0,0.03,0.04,1,25,0,0,1,3.2857142857142856,0.0
1,1654,4,False,0,2025-02-25,2,0.0,0.01,0.02,1,25,0,0,1,3.7142857142857144,0.0
1,1672,4,False,0,2025-02-25,3,0.0,0.02,0.02,1,25,0,0,1,3.142857142857143,0.0
1,1693,4,False,0,2025-02-25,3,0.0,0.02,0.04,1,25,0,0,1,2.857142857142857,0.0
1,1805,4,False,0,2025-02-25,3,0.0,0.04,0.06,1,25,0,0,1,2.857142857142857,0.0
1,1806,4,False,0,2025-02-25,2,0.0,0.08,0.12,1,25,0,0,1,2.857142857142857,0.0
1,1824,4,False,0,2025-02-25,3,0.0,0.01,0.01,1,25,0,0,1,2.7142857142857144,0.0
1,1836,4,False,0,2025-02-25,6,0.0,0.04,0.06,1,25,0,0,1,2.857142857142857,0.0
1,1838,4,False,0,2025-02-25,3,0.0,0.01,0.01,1,25,0,0,1,3.142857142857143,0.0
1,1842,4,False,0,2025-02-25,3,0.0,0.01,0.01,1,25,0,0,1,3.2857142857142856,0.0
1,1856,4,False,0,2025-02-25,2,0.0,0.02,0.04,1,25,0,0,1,3.2857142857142856,0.0
1,1861,4,False,0,2025-02-25,0,0.0,0.02,0.03,1,25,0,0,1,3.142857142857143,0.0
1,1869,4,False,0,2025-02-25,4,0.0,0.01,0.01,1,25,0,0,1,2.7142857142857144,0.0
1,1870,4,False,0,2025-02-25,2,0.0,0.04,0.06,1,25,0,0,1,3.0,0.0
1,1894,4,False,0,2025-02-25,3,0.0,0.03,0.04,1,25,0,0,1,2.857142857142857,0.0
1,1928,4,False,0,2025-02-25,5,0.0,0.01,0.01,1,25,0,0,1,2.4285714285714284,0.0
1,1942,4,False,0,2025-02-25,3,0.0,0.01,0.02,1,25,0,0,1,2.7142857142857144,0.0
1,1958,4,False,0,2025-02-25,1,0.0,0.04,0.06,1,25,0,0,1,2.7142857142857144,0.0
1,1959,4,False,0,2025-02-25,3,0.0,0.05,0.08,1,25,0,0,1,2.5714285714285716,0.0
1,1968,4,False,0,2025-02-25,5,0.0,0.03,0.05,1,25,0,0,1,3.0,0.0
1,1996,4,False,0,2025-02-25,4,0.0,0.01,0.02,1,25,0,0,1,3.142857142857143,0.0
1,1999,4,False,0,2025-02-25,3,0.0,0.01,0.01,1,25,0,0,1,3.4285714285714284,0.0
1,2022,4,False,0,2025-02-25,2,0.0,0.03,0.05,1,25,0,0,1,3.4285714285714284,0.0
1,2024,4,False,0,2025-02-25,2,0.0,0.02,0.04,1,25,0,0,1,3.0,0.0
1,2064,4,False,0,2025-02-25,3,0.0,0.02,0.03,1,25,0,0,1,2.857142857142857,0.0
1,2092,4,False,0,2025-02-25,3,0.0,0.04,0.06,1,25,0,0,1,3.142857142857143,0.0
1,2097,4,False,0,2025-02-25,3,0.0,0.03,0.06,1,25,0,0,1,3.142857142857143,0.0
1,2103,4,False,0,2025-02-25,0,0.0,0.01,0.02,1,25,0,0,1,2.857142857142857,0.0
1,2137,4,False,0,2025-02-25,4,0.0,0.04,0.06,1,25,0,0,1,2.2857142857142856,0.0
1,2150,4,False,0,2025-02-25,4,0.0,0.01,0.02,1,25,0,0,1,2.4285714285714284,0.0
1,2180,4,False,0,2025-02-25,3,0.0,0.05,0.08,1,25,0,0,1,2.7142857142857144,0.0
1,2239,4,False,0,2025-02-25,2,0.0,0.03,0.04,1,25,0,0,1,2.857142857142857,0.0
1,2252,4,False,0,2025-02-25,2,0.0,0.02,0.03,1,25,0,0,1,2.7142857142857144,0.0
1,2297,4,False,0,2025-02-25,9,0.0,0.14,0.18,1,25,0,0,1,2.5714285714285716,0.0
1,2312,4,False,0,2025-02-25,2,0.0,0.05,0.08,1,25,0,0,1,3.4285714285714284,0.0
1,2320,4,False,0,2025-02-25,1,0.0,0.03,0.05,1,25,0,0,1,3.7142857142857144,0.0
1,2355,4,False,0,2025-02-25,2,0.0,0.05,0.09,1,25,0,0,1,3.2857142857142856,0.0
1,2369,4,False,0,2025-02-25,3,0.0,0.03,0.05,1,25,0,0,1,3.0,0.0
1,2423,4,False,0,2025-02-25,4,0.0,0.02,0.03,1,25,0,0,1,3.0,0.0
1,2456,4,False,0,2025-02-25,3,0.0,0.02,0.03,1,25,0,0,1,3.2857142857142856,0.0
1,2495,4,False,0,2025-02-25,4,0.0,0.05,0.08,1,25,0,0,1,3.4285714285714284,0.0
1,2517,4,False,0,2025-02-25,5,0.0,0.05,0.09,1,25,0,0,1,2.7142857142857144,0.0
1,2550,4,False,0,2025-02-25,3,0.0,0.03,0.05,1,25,0,0,1,3.142857142857143,0.0
1,2569,4,False,0,2025-02-25,1,0.0,0.01,0.02,1,25,0,0,1,3.4285714285714284,0.0
1,2586,4,False,0,2025-02-25,2,0.0,0.04,0.06,1,25,0,0,1,3.2857142857142856,0.0
1,2644,4,False,0,2025-02-25,4,0.0,0.05,0.08,1,25,0,0,1,3.142857142857143,0.0
1,2711,4,False,0,2025-02-25,4,0.0,0.04,0.06,1,25,0,0,1,3.142857142857143,0.0
1,2750,4,False,0,2025-02-25,4,0.0,0.01,0.01,1,25,0,0,1,3.2857142857142856,0.0
1,2773,4,False,0,2025-02-25,3,0.0,0.02,0.04,1,25,0,0,1,3.2857142857142856,0.0
1,2800,4,False,0,2025-02-25,5,1.0,0.03,0.04,1,25,0,0,1,3.0,0.0
1,2908,4,False,0,2025-02-25,2,0.0,0.03,0.04,1,25,0,0,1,3.2857142857142856,0.0
1,2943,4,False,0,2025-02-25,3,0.0,0.02,0.03,1,25,0,0,1,3.4285714285714284,0.0
1,2955,4,False,0,2025-02-25,3,0.0,0.01,0.02,1,25,0,0,1,3.5714285714285716,0.0
1,2973,4,False,0,2025-02-25,4,0.0,0.04,0.05,1,25,0,0,1,3.4285714285714284,0.0
1,2988,4,False,0,2025-02-25,2,0.0,0.02,0.03,1,25,0,0,1,3.4285714285714284,0.0
1,2995,4,False,0,2025-02-25,2,0.0,0.05,0.07,1,25,0,0,1,3.142857142857143,0.0
1,3003,4,False,0,2025-02-25,5,1.0,0.02,0.04,1,25,0,0,1,3.0,0.0
1,3029,4,False,0,2025-02-25,3,0.0,0.09,0.11,1,25,0,0,1,3.0,0.0
1,3127,4,False,0,2025-02-25,4,0.0,0.12,0.14,1,25,0,0,1,3.142857142857143,0.0
1,3130,4,False,0,2025-02-25,4,0.0,0.14,0.22,1,25,0,0,1,3.2857142857142856,0.0
1,3166,4,False,0,2025-02-25,3,0.0,0.01,0.01,1,25,0,0,1,3.4285714285714284,0.0
1,3169,4,False,0,2025-02-25,2,0.0,0.02,0.03,1,25,0,0,1,3.2857142857142856,0.0
1,3174,4,False,0,2025-02-25,3,0.0,0.01,0.01,1,25,0,0,1,3.2857142857142856,0.0
1,3222,4,False,0,2025-02-25,2,0.0,0.02,0.04,1,25,0,0,1,3.4285714285714284,0.0
1,3281,4,False,0,2025-02-25,2,0.0,0.06,0.08,1,25,0,0,1,3.0,0.0
1,3344,4,False,0,2025-02-25,2,0.0,0.04,0.05,1,25,0,0,1,2.857142857142857,0.0
1,3374,4,False,0,2025-02-25,1,0.0,0.06,0.09,1,25,0,0,1,2.5714285714285716,0.0
1,3376,4,False,0,2025-02-25,4,0.0,0.03,0.05,1,25,0,0,1,2.142857142857143,0.0
1,3400,4,False,0,2025-02-25,5,0.0,0.01,0.01,1,25,0,0,1,2.2857142857142856,0.0
1,3425,4,False,0,2025-02-25,0,0.0,0.01,0.01,1,25,0,0,1,2.7142857142857144,0.0
1,3428,4,False,0,2025-02-25,2,0.0,0.04,0.06,1,25,0,0,1,2.2857142857142856,0.0
1,3442,4,False,0,2025-02-25,6,0.0,0.07,0.1,1,25,0,0,1,2.2857142857142856,0.0
1,3459,4,False,0,2025-02-25,1,1.0,0.04,0.06,1,25,0,0,1,2.857142857142857,0.0
1,3460,4,False,0,2025-02-25,5,0.0,0.02,0.03,1,25,0,0,1,2.7142857142857144,0.0
1,3462,4,False,0,2025-02-25,4,0.0,0.03,0.05,1,25,0,0,1,3.2857142857142856,0.0
1,3471,4,False,0,2025-02-25,3,0.0,0.03,0.04,1,25,0,0,1,3.2857142857142856,0.0
1,3497,4,False,0,2025-02-25,2,0.0,0.04,0.06,1,25,0,0,1,3.0,0.0
1,3511,4,False,0,2025-02-25,3,0.0,0.04,0.07,1,25,0,0,1,3.2857142857142856,0.0
1,3603,4,False,0,2025-02-25,2,1.0,0.04,0.06,1,25,0,0,1,3.4285714285714284,0.0
1,3618,4,False,0,2025-02-25,3,0.0,0.12,0.17,1,25,0,0,1,2.857142857142857,0.0
1,3669,4,False,0,2025-02-25,2,0.0,0.01,0.01,1,25,0,0,1,3.142857142857143,0.0
1,3670,4,False,0,2025-02-25,4,0.0,0.03,0.05,1,25,0,0,1,2.7142857142857144,0.0
1,3671,4,False,0,2025-02-25,2,0.0,0.04,0.07,1,25,0,0,1,2.7142857142857144,0.0
1,3678,4,False,0,2025-02-25,3,0.0,0.03,0.05,1,25,0,0,1,2.5714285714285716,0.0
1,3685,4,False,0,2025-02-25,0,0.0,0.03,0.06,1,25,0,0,1,2.7142857142857144,0.0
1,3720,4,False,0,2025-02-25,0,0.0,0.05,0.07,1,25,0,0,1,2.2857142857142856,0.0
1,3738,4,False,0,2025-02-25,3,0.0,0.01,0.01,1,25,0,0,1,2.0,0.0
1,3744,4,False,0,2025-02-25,3,0.0,0.04,0.05,1,25,0,0,1,2.0,0.0
1,3797,4,False,0,2025-02-25,3,0.0,0.03,0.04,1,25,0,0,1,2.142857142857143,0.0
1,3799,4,False,0,2025-02-25,3,0.0,0.03,0.05,1,25,0,0,1,2.0,0.0
1,3820,4,False,0,2025-02-25,4,0.0,0.02,0.04,1,25,0,0,1,2.142857142857143,0.0
1,3821,4,False,0,2025-02-25,2,1.0,0.04,0.06,1,25,0,0,1,2.2857142857142856,0.0
1,3826,4,False,0,2025-02-25,3,0.0,0.03,0.04,1,25,0,0,1,2.5714285714285716,0.0
1,3831,4,False,0,2025-02-25,3,0.0,0.01,0.02,1,25,0,0,1,3.0,0.0
1,3858,4,False,0,2025-02-25,3,0.0,0.06,0.08,1,25,0,0,1,3.0,0.0
1,3894,4,False,0,2025-02-25,4,0.0,0.02,0.03,1,25,0,0,1,3.0,0.0
1,3898,4,False,0,2025-02-25,3,1.0,0.06,0.1,1,25,0,0,1,3.142857142857143,0.0
1,3913,4,False,0,2025-02-25,3,0.0,0.03,0.05,1,25,0,0,1,3.142857142857143,0.0
1,3917,4,False,0,2025-02-25,3,0.0,0.01,0.01,1,25,0,0,1,3.0,0.0
1,3925,4,False,0,2025-02-25,0,0.0,0.03,0.04,1,25,0,0,1,3.142857142857143,0.0
1,3940,4,False,0,2025-02-25,3,0.0,0.05,0.06,1,25,0,0,1,2.7142857142857144,0.0
1,3954,4,False,0,2025-02-25,3,0.0,0.02,0.03,1,25,0,0,1,2.7142857142857144,0.0
1,3966,4,False,0,2025-02-25,0,0.0,0.02,0.04,1,25,0,0,1,2.7142857142857144,0.0
1,3969,4,False,0,2025-02-25,3,0.0,0.01,0.03,1,25,0,0,1,2.142857142857143,0.0
1,3977,4,False,0,2025-02-25,4,0.0,0.06,0.08,1,25,0,0,1,2.142857142857143,0.0
1,4001,4,False,0,2025-02-25,5,1.0,0.04,0.06,1,25,0,0,1,2.2857142857142856,0.0
1,4034,4,False,0,2025-02-25,3,0.0,0.08,0.11,1,25,0,0,1,2.5714285714285716,0.0
1,4054,4,False,0,2025-02-25,3,0.0,0.02,0.04,1,25,0,0,1,3.0,0.0
1,4061,4,False,0,2025-02-25,3,1.0,0.05,0.07,1,25,0,0,1,3.0,0.0
1,4086,4,False,0,2025-02-25,3,0.0,0.02,0.02,1,25,0,0,1,3.0,0.0
1,4096,4,False,0,2025-02-25,2,0.0,0.05,0.07,1,25,0,0,1,3.4285714285714284,0.0
1,4142,4,False,0,2025-02-25,4,0.0,0.02,0.03,1,25,0,0,1,3.2857142857142856,0.0
1,4156,4,False,0,2025-02-25,3,0.0,0.03,0.04,1,25,0,0,1,3.2857142857142856,0.0
1,4229,4,False,0,2025-02-25,3,0.0,0.02,0.04,1,25,0,0,1,3.0,0.0
1,4244,4,False,0,2025-02-25,0,0.0,0.03,0.04,1,25,0,0,1,3.0,0.0
1,4264,4,False,0,2025-02-25,4,0.0,0.05,0.07,1,25,0,0,1,2.5714285714285716,0.0
1,4331,4,False,0,2025-02-25,5,0.0,0.01,0.02,1,25,0,0,1,2.7142857142857144,0.0
1,4365,4,False,0,2025-02-25,4,1.0,0.04,0.06,1,25,0,0,1,3.0,0.0
1,4366,4,False,0,2025-02-25,5,0.0,0.05,0.06,1,25,0,0,1,3.2857142857142856,0.0
1,4420,4,False,0,2025-02-25,3,0.0,0.02,0.02,1,25,0,0,1,3.4285714285714284,0.0
1,4444,4,False,0,2025-02-25,4,1.0,0.07,0.1,1,25,0,0,1,3.4285714285714284,0.0
1,4450,4,False,0,2025-02-25,4,0.0,0.02,0.03,1,25,0,0,1,3.5714285714285716,0.0
1,4458,4,False,0,2025-02-25,12,0.0,0.03,0.05,1,25,0,0,1,4.142857142857143,0.0
1,4465,4,False,0,2025-02-25,3,0.0,0.02,0.04,1,25,0,0,1,5.285714285714286,0.0
1,4472,4,False,0,2025-02-25,5,0.0,0.01,0.01,1,25,0,0,1,5.0,0.0
1,4507,4,False,0,2025-02-25,3,0.0,0.03,0.04,1,25,0,0,1,5.142857142857143,0.0
1,4525,4,False,0,2025-02-25,3,0.0,0.01,0.03,1,25,0,0,1,4.857142857142857,0.0
1,4536,4,False,0,2025-02-25,4,0.0,0.01,0.01,1,25,0,0,1,4.857142857142857,0.0
1,4564,4,False,0,2025-02-25,3,0.0,0.02,0.04,1,25,0,0,1,4.857142857142857,0.0
1,4568,4,False,0,2025-02-25,5,0.0,0.01,0.01,1,25,0,0,1,4.714285714285714,0.0
1,4604,4,False,0,2025-02-25,5,0.0,0.02,0.03,1,25,0,0,1,3.7142857142857144,0.0
1,4610,4,False,0,2025-02-25,3,0.0,0.06,0.09,1,25,0,0,1,4.0,0.0
1,4620,4,False,0,2025-02-25,3,1.0,0.02,0.04,1,25,0,0,1,3.7142857142857144,0.0
1,4648,4,False,0,2025-02-25,2,0.0,0.05,0.07,1,25,0,0,1,3.7142857142857144,0.0
1,4700,4,False,0,2025-02-25,3,0.0,0.02,0.03,1,25,0,0,1,3.5714285714285716,0.0
1,4741,4,False,0,2025-02-25,3,0.0,0.02,0.05,1,25,0,0,1,3.4285714285714284,0.0
1,4759,4,False,0,2025-02-25,3,0.0,0.03,0.04,1,25,0,0,1,3.4285714285714284,0.0
1,4770,4,False,0,2025-02-25,2,0.0,0.03,0.05,1,25,0,0,1,3.142857142857143,0.0
1,4774,4,False,0,2025-02-25,4,0.0,0.03,0.04,1,25,0,0,1,2.7142857142857144,0.0
1,4903,4,False,0,2025-02-25,4,0.0,0.01,0.01,1,25,0,0,1,2.857142857142857,0.0
1,4915,4,False,0,2025-02-25,5,0.0,0.01,0.02,1,25,0,0,1,3.0,0.0
1,4929,4,False,0,2025-02-25,1,0.0,0.03,0.04,1,25,0,0,1,3.4285714285714284,0.0
1,4961,4,False,0,2025-02-25,4,0.0,0.03,0.06,1,25,0,0,1,3.142857142857143,0.0
1,4987,4,False,0,2025-02-25,2,0.0,0.02,0.03,1,25,0,0,1,3.2857142857142856,0.0
1,4992,4,False,0,2025-02-25,2,0.0,0.04,0.05,1,25,0,0,1,3.142857142857143,0.0
1,4997,4,False,0,2025-02-25,2,0.0,0.07,0.1,1,25,0,0,1,3.142857142857143,0.0
1,4998,4,False,0,2025-02-25,3,0.0,0.01,0.01,1,25,0,0,1,2.857142857142857,0.0
1,5008,4,False,0,2025-02-25,2,0.0,0.02,0.03,1,25,0,0,1,2.7142857142857144,0.0
1,5048,4,False,0,2025-02-25,2,0.0,0.01,0.02,1,25,0,0,1,2.2857142857142856,0.0
1,5091,4,False,0,2025-02-25,3,0.0,0.06,0.08,1,25,0,0,1,2.4285714285714284,0.0
1,5100,4,False,0,2025-02-25,3,0.0,0.02,0.03,1,25,0,0,1,2.2857142857142856,0.0
1,5112,4,False,0,2025-02-25,6,0.0,0.02,0.04,1,25,0,0,1,2.4285714285714284,0.0
1,5118,4,False,0,2025-02-25,3,0.0,0.05,0.08,1,25,0,0,1,3.0,0.0
1,5120,4,False,0,2025-02-25,0,0.0,0.02,0.03,1,25,0,0,1,3.142857142857143,0.0
1,5123,4,False,0,2025-02-25,3,0.0,0.02,0.04,1,25,0,0,1,2.7142857142857144,0.0
1,5130,4,False,0,2025-02-25,2,0.0,0.02,0.03,1,25,0,0,1,2.857142857142857,0.0
1,5149,4,False,0,2025-02-25,4,0.0,0.12,0.14,1,25,0,0,1,2.857142857142857,0.0
1,5163,4,False,0,2025-02-25,1,0.0,0.05,0.09,1,25,0,0,1,3.0,0.0
1,5169,4,False,0,2025-02-25,2,0.0,0.06,0.08,1,25,0,0,1,2.7142857142857144,0.0
1,5172,4,False,0,2025-02-25,3,0.0,0.04,0.06,1,25,0,0,1,2.142857142857143,0.0
1,5177,4,False,0,2025-02-25,3,0.0,0.01,0.01,1,25,0,0,1,2.142857142857143,0.0
1,5199,4,False,0,2025-02-25,2,0.0,0.02,0.02,1,25,0,0,1,2.5714285714285716,0.0
1,5234,4,False,0,2025-02-25,2,0.0,0.02,0.03,1,25,0,0,1,2.4285714285714284,0.0
1,5241,4,False,0,2025-02-25,2,0.0,0.01,0.01,1,25,0,0,1,2.4285714285714284,0.0
1,5247,4,False,0,2025-02-25,5,0.0,0.02,0.02,1,25,0,0,1,2.142857142857143,0.0
1,5267,4,False,0,2025-02-25,2,0.0,0.02,0.03,1,25,0,0,1,2.7142857142857144,0.0
1,5269,4,False,0,2025-02-25,0,0.0,0.01,0.02,1,25,0,0,1,2.7142857142857144,0.0
1,5275,4,False,0,2025-02-25,4,0.0,0.02,0.05,1,25,0,0,1,2.2857142857142856,0.0
1,5283,4,False,0,2025-02-25,3,0.0,0.03,0.04,1,25,0,0,1,2.4285714285714284,0.0
1,172,5,True,0,2025-02-25,26,0.0,0.01,0.01,1,25,0,0,1,2.5714285714285716,0.0
1,327,5,True,0,2025-02-25,15,0.0,0.01,0.03,1,25,0,0,1,6.0,0.0
1,697,5,True,0,2025-02-25,31,2.0,0.04,0.13,1,25,0,0,1,7.857142857142857,0.0
1,1278,5,True,0,2025-02-25,56,2.0,0.02,0.05,1,25,0,0,1,11.571428571428571,0.0
1,1463,5,True,0,2025-02-25,21,0.0,0.01,0.05,1,25,0,0,1,19.285714285714285,0.0
1,1471,5,True,0,2025-02-25,7,1.0,0.02,0.05,1,25,0,0,1,22.285714285714285,0.0
1,1580,5,True,0,2025-02-25,7,0.0,0.02,0.04,1,25,0,0,1,22.714285714285715,0.0
1,1795,5,True,0,2025-02-25,10,0.0,0.02,0.04,1,25,0,0,1,23.285714285714285,0.0
1,1860,5,True,0,2025-02-25,15,0.0,0.03,0.04,1,25,0,0,1,21.0,0.0
1,2169,5,True,0,2025-02-25,2,2.0,0.01,0.02,1,25,0,0,1,21.0,0.0
1,2338,5,True,0,2025-02-25,10,0.0,0.01,0.05,1,25,0,0,1,16.857142857142858,0.0
1,2381,5,True,0,2025-02-25,8,0.0,0.04,0.06,1,25,0,0,1,10.285714285714286,0.0
1,2518,5,True,0,2025-02-25,8,0.0,0.02,0.09,1,25,0,0,1,8.428571428571429,0.0
1,2560,5,True,0,2025-02-25,11,0.0,0.03,0.04,1,25,0,0,1,8.571428571428571,0.0
1,2647,5,True,0,2025-02-25,26,1.0,0.03,0.05,1,25,0,0,1,9.142857142857142,0.0
1,2661,5,True,0,2025-02-25,31,0.0,0.0,0.01,1,25,0,0,1,11.428571428571429,0.0
1,2926,5,True,0,2025-02-25,3,0.0,0.03,0.05,1,25,0,0,1,13.714285714285714,0.0
1,3002,5,True,0,2025-02-25,9,0.0,0.04,0.09,1,25,0,0,1,13.857142857142858,0.0
1,3175,5,True,0,2025-02-25,20,0.0,0.04,0.1,1,25,0,0,1,13.714285714285714,0.0
1,3612,5,True,0,2025-02-25,30,2.0,0.05,0.08,1,25,0,0,1,15.428571428571429,0.0
1,3734,5,True,0,2025-02-25,10,0.0,0.05,0.09,1,25,0,0,1,18.571428571428573,0.0
1,3819,5,True,0,2025-02-25,4,0.0,0.02,0.07,1,25,0,0,1,18.428571428571427,0.0
1,4150,5,True,0,2025-02-25,48,1.0,0.02,0.04,1,25,0,0,1,15.285714285714286,0.0
1,4200,5,True,0,2025-02-25,45,3.0,0.06,0.11,1,25,0,0,1,17.714285714285715,0.0
1,5036,5,True,0,2025-02-25,22,0.0,0.03,0.05,1,25,0,0,1,23.714285714285715,0.0
1,5260,5,True,0,2025-02-25,30,0.0,0.02,0.06,1,25,0,0,1,25.571428571428573,0.0
1,138,6,False,0,2025-02-25,2,0.0,0.16,0.23,1,25,0,0,1,27.0,0.0
1,177,6,False,0,2025-02-25,1,0.0,0.08,0.1,1,25,0,0,1,23.0,0.0
1,207,6,False,0,2025-02-25,0,1.0,0.23,0.31,1,25,0,0,1,21.714285714285715,0.0
1,316,6,False,0,2025-02-25,0,0.0,0.08,0.12,1,25,0,0,1,21.142857142857142,0.0
1,647,6,False,0,2025-02-25,2,0.0,0.07,0.09,1,25,0,0,1,14.285714285714286,0.0
1,755,6,False,0,2025-02-25,1,0.0,0.15,0.21,1,25,0,0,1,8.142857142857142,0.0
1,975,6,False,0,2025-02-25,1,0.0,0.08,0.1,1,25,0,0,1,5.142857142857143,0.0
1,1265,6,False,0,2025-02-25,4,0.0,0.14,0.2,1,25,0,0,1,1.0,0.0
1,1309,6,False,0,2025-02-25,1,0.0,0.24,0.32,1,25,0,0,1,1.2857142857142858,0.0
1,1509,6,False,0,2025-02-25,0,0.0,0.22,0.25,1,25,0,0,1,1.2857142857142858,0.0
1,1740,6,False,0,2025-02-25,1,0.0,0.08,0.12,1,25,0,0,1,1.2857142857142858,0.0
1,1827,6,False,0,2025-02-25,1,0.0,0.1,0.15,1,25,0,0,1,1.4285714285714286,0.0
1,1845,6,False,0,2025-02-25,2,0.0,0.05,0.06,1,25,0,0,1,1.2857142857142858,0.0
1,1865,6,False,0,2025-02-25,2,0.0,0.12,0.16,1,25,0,0,1,1.4285714285714286,0.0
1,2131,6,False,0,2025-02-25,3,0.0,0.1,0.15,1,25,0,0,1,1.5714285714285714,0.0
1,2216,6,False,0,2025-02-25,1,0.0,0.06,0.09,1,25,0,0,1,1.4285714285714286,0.0
1,2240,6,False,0,2025-02-25,3,0.0,0.13,0.17,1,25,0,0,1,1.4285714285714286,0.0
1,2291,6,False,0,2025-02-25,1,0.0,0.15,0.21,1,25,0,0,1,1.8571428571428572,0.0
1,2352,6,False,0,2025-02-25,5,0.0,0.11,0.15,1,25,0,0,1,1.8571428571428572,0.0
1,2515,6,False,0,2025-02-25,2,0.0,0.16,0.19,1,25,0,0,1,2.4285714285714284,0.0
1,2617,6,False,0,2025-02-25,1,0.0,0.13,0.19,1,25,0,0,1,2.4285714285714284,0.0
1,2799,6,False,0,2025-02-25,1,0.0,0.06,0.08,1,25,0,0,1,2.2857142857142856,0.0
1,2934,6,False,0,2025-02-25,1,0.0,0.07,0.1,1,25,0,0,1,2.0,0.0
1,3090,6,False,0,2025-02-25,1,0.0,0.15,0.2,1,25,0,0,1,2.0,0.0
1,3380,6,False,0,2025-02-25,2,1.0,0.06,0.09,1,25,0,0,1,1.7142857142857142,0.0
1,3637,6,False,0,2025-02-25,1,0.0,0.07,0.09,1,25,0,0,1,1.8571428571428572,0.0
1,3793,6,False,0,2025-02-25,2,0.0,0.03,0.04,1,25,0,0,1,1.2857142857142858,0.0
1,3937,6,False,0,2025-02-25,0,0.0,0.14,0.18,1,25,0,0,1,1.2857142857142858,0.0
1,4074,6,False,0,2025-02-25,1,0.0,0.16,0.22,1,25,0,0,1,1.1428571428571428,0.0
1,4196,6,False,0,2025-02-25,2,0.0,0.06,0.08,1,25,0,0,1,1.1428571428571428,0.0
1,4228,6,False,0,2025-02-25,3,0.0,0.16,0.2,1,25,0,0,1,1.2857142857142858,0.0
1,4356,6,False,0,2025-02-25,1,0.0,0.09,0.14,1,25,0,0,1,1.5714285714285714,0.0
1,4398,6,False,0,2025-02-25,0,0.0,0.09,0.17,1,25,0,0,1,1.4285714285714286,0.0
1,4430,6,False,0,2025-02-25,1,0.0,0.08,0.12,1,25,0,0,1,1.2857142857142858,0.0
1,4730,6,False,0,2025-02-25,1,0.0,0.13,0.15,1,25,0,0,1,1.1428571428571428,0.0
1,4736,6,False,0,2025-02-25,1,0.0,0.07,0.09,1,25,0,0,1,1.2857142857142858,0.0
1,4849,6,False,0,2025-02-25,2,0.0,0.13,0.22,1,25,0,0,1,1.2857142857142858,0.0
1,4887,6,False,0,2025-02-25,4,0.0,0.13,0.16,1,25,0,0,1,1.2857142857142858,0.0
1,5023,6,False,0,2025-02-25,2,0.0,0.13,0.18,1,25,0,0,1,1.4285714285714286,0.0
1,411,7,False,0,2025-02-25,11,0.0,0.0,0.01,1,25,0,0,1,1.5714285714285714,0.0
1,461,7,False,0,2025-02-25,22,0.0,0.0,0.01,1,25,0,0,1,3.142857142857143,0.0
1,551,7,False,0,2025-02-25,6,2.0,0.01,0.01,1,25,0,0,1,6.142857142857143,0.0
1,559,7,False,0,2025-02-25,18,0.0,0.01,0.01,1,25,0,0,1,6.857142857142857,0.0
1,848,7,False,0,2025-02-25,4,0.0,0.04,0.05,1,25,0,0,1,9.285714285714286,0.0
1,861,7,False,0,2025-02-25,24,2.0,0.01,0.02,1,25,0,0,1,9.571428571428571,0.0
1,1115,7,False,0,2025-02-25,86,0.0,0.0,0.0,1,25,0,0,1,12.428571428571429,0.0
1,1288,7,False,0,2025-02-25,14,0.0,0.01,0.02,1,25,0,0,1,24.428571428571427,0.0
1,1787,7,False,0,2025-02-25,0,0.0,0.02,0.02,1,25,0,0,1,24.857142857142858,2.188182177798327
1,2175,7,False,0,2025-02-25,10,0.0,0.03,0.04,1,25,0,0,1,21.714285714285715,0.0
1,2227,7,False,0,2025-02-25,11,0.0,0.02,0.03,1,25,0,0,1,22.285714285714285,0.0
1,2499,7,False,0,2025-02-25,13,0.0,0.0,0.01,1,25,0,0,1,21.285714285714285,0.0
1,2887,7,False,0,2025-02-25,20,0.0,0.02,0.03,1,25,0,0,1,22.571428571428573,0.0
1,3023,7,False,0,2025-02-25,20,0.0,0.01,0.01,1,25,0,0,1,22.0,0.0
1,3040,7,False,0,2025-02-25,5,0.0,0.0,0.0,1,25,0,0,1,12.571428571428571,0.0
1,3105,7,False,0,2025-02-25,6,3.0,0.0,0.01,1,25,0,0,1,11.285714285714286,0.0
1,3272,7,False,0,2025-02-25,11,0.0,0.01,0.02,1,25,0,0,1,12.142857142857142,1.5012433673350958
1,3314,7,False,0,2025-02-25,21,0.0,0.0,0.01,1,25,0,0,1,12.285714285714286,0.0
1,3401,7,False,0,2025-02-25,12,0.0,0.0,0.01,1,25,0,0,1,13.714285714285714,0.0
1,4026,7,False,0,2025-02-25,5,0.0,0.12,0.17,1,25,0,0,1,13.571428571428571,0.0
1,4093,7,False,0,2025-02-25,11,0.0,0.01,0.01,1,25,0,0,1,11.428571428571429,0.0
1,4298,7,False,0,2025-02-25,22,1.0,0.01,0.01,1,25,0,0,1,10.142857142857142,0.0
1,4351,7,False,0,2025-02-25,15,0.0,0.01,0.03,1,25,0,0,1,12.571428571428571,0.0
1,4411,7,False,0,2025-02-25,15,0.0,0.02,0.04,1,25,0,0,1,13.857142857142858,0.0
1,4585,7,False,0,2025-02-25,26,0.0,0.02,0.04,1,25,0,0,1,14.428571428571429,0.0
1,4688,7,False,0,2025-02-25,12,0.0,0.0,0.03,1,25,0,0,1,15.142857142857142,0.0
1,4867,7,False,0,2025-02-25,1,0.0,0.03,0.05,1,25,0,0,1,15.142857142857142,0.0
1,199,8,False,0,2025-02-25,11,0.0,0.01,0.02,1,25,0,0,1,14.571428571428571,0.0
1,269,8,False,0,2025-02-25,43,2.0,0.0,0.01,1,25,0,0,1,14.571428571428571,1.963081477487639
1,805,8,False,0,2025-02-25,17,0.0,0.0,0.01,1,25,0,0,1,17.571428571428573,0.0
1,828,8,False,0,2025-02-25,10,0.0,0.01,0.01,1,25,0,0,1,17.857142857142858,0.0
1,932,8,False,0,2025-02-25,12,0.0,0.01,0.02,1,25,0,0,1,17.142857142857142,0.0
1,1010,8,False,0,2025-02-25,9,0.0,0.01,0.02,1,25,0,0,1,15.142857142857142,0.0
1,1073,8,False,0,2025-02-25,19,1.0,0.01,0.02,1,25,0,0,1,14.714285714285714,0.0
1,1308,8,False,0,2025-02-25,40,0.0,0.02,0.03,1,25,0,0,1,17.285714285714285,0.0
1,2253,8,False,0,2025-02-25,17,0.0,0.0,0.01,1,25,0,0,1,21.428571428571427,0.0
1,2420,8,False,0,2025-02-25,15,0.0,0.0,0.01,1,25,0,0,1,17.714285714285715,0.0
1,2659,8,False,0,2025-02-25,20,0.0,0.01,0.01,1,25,0,0,1,17.428571428571427,0.0
1,2985,8,False,0,2025-02-25,23,0.0,0.02,0.02,1,25,0,0,1,18.857142857142858,0.0
1,3015,8,False,0,2025-02-25,12,0.0,0.01,0.02,1,25,0,0,1,20.428571428571427,0.0
1,3331,8,False,0,2025-02-25,35,0.0,0.01,0.02,1,25,0,0,1,20.857142857142858,0.0
1,3430,8,False,0,2025-02-25,13,0.0,0.01,0.01,1,25,0,0,1,23.142857142857142,0.0
1,3545,8,False,0,2025-02-25,12,0.0,0.02,0.03,1,25,0,0,1,19.285714285714285,0.0
1,3594,8,False,0,2025-02-25,5,1.0,0.01,0.01,1,25,0,0,1,18.571428571428573,0.0
1,3605,8,False,0,2025-02-25,30,0.0,0.01,0.01,1,25,0,0,1,17.142857142857142,0.0
1,4513,8,False,0,2025-02-25,12,0.0,0.01,0.02,1,25,0,0,1,18.571428571428573,0.0
1,4560,8,False,0,2025-02-25,14,0.0,0.01,0.02,1,25,0,0,1,17.0,0.0
1,5038,8,False,0,2025-02-25,3,0.0,0.02,0.03,1,25,0,0,1,17.285714285714285,0.0
1,5075,8,False,0,2025-02-25,12,0.0,0.01,0.02,1,25,0,0,1,12.714285714285714,0.0
1,5178,8,False,0,2025-02-25,11,1.0,0.01,0.02,1,25,0,0,1,12.571428571428571,0.0
1,10,9,True,0,2025-02-25,8,0.0,0.04,0.05,1,25,0,0,1,12.428571428571429,0.0
1,45,9,True,0,2025-02-25,20,1.0,0.02,0.05,1,25,0,0,1,12.857142857142858,0.0
1,141,9,True,0,2025-02-25,8,0.0,0.03,0.09,1,25,0,0,1,11.428571428571429,0.0
1,187,9,True,0,2025-02-25,12,0.0,0.01,0.03,1,25,0,0,1,10.857142857142858,0.0
1,270,9,True,0,2025-02-25,22,4.0,0.02,0.07,1,25,0,0,1,10.571428571428571,0.0
1,275,9,True,0,2025-02-25,11,0.0,0.04,0.06,1,25,0,0,1,13.285714285714286,0.0
1,278,9,True,0,2025-02-25,17,1.0,0.05,0.1,1,25,0,0,1,13.142857142857142,0.0
1,317,9,True,0,2025-02-25,13,3.0,0.01,0.02,1,25,0,0,1,14.0,0.0
1,352,9,True,0,2025-02-25,18,2.0,0.02,0.12,1,25,0,0,1,14.714285714285714,0.0
1,473,9,True,0,2025-02-25,11,0.0,0.01,0.02,1,25,0,0,1,14.428571428571429,0.0
1,496,9,True,0,2025-02-25,8,0.0,0.01,0.02,1,25,0,0,1,14.857142857142858,0.0
1,615,9,True,0,2025-02-25,3,0.0,0.02,0.04,1,25,0,0,1,14.285714285714286,0.0
1,678,9,True,0,2025-02-25,27,0.0,0.01,0.05,1,25,0,0,1,11.571428571428571,0.0
1,696,9,True,0,2025-02-25,18,0.0,0.01,0.06,1,25,0,0,1,13.857142857142858,0.0
1,747,9,True,0,2025-02-25,2,1.0,0.01,0.02,1,25,0,0,1,14.0,0.0
1,802,9,True,0,2025-02-25,16,1.0,0.06,0.1,1,25,0,0,1,12.428571428571429,0.0
1,813,9,True,0,2025-02-25,28,2.0,0.02,0.03,1,25,0,0,1,12.142857142857142,0.0
1,958,9,True,0,2025-02-25,19,0.0,0.01,0.02,1,25,0,0,1,14.571428571428571,2.3591462820861016
1,976,9,True,0,2025-02-25,15,0.0,0.01,0.04,1,25,0,0,1,16.142857142857142,0.0
1,1112,9,True,0,2025-02-25,21,1.0,0.02,0.06,1,25,0,0,1,17.857142857142858,0.0
1,1148,9,True,0,2025-02-25,2,0.0,0.02,0.06,1,25,0,0,1,17.0,0.0
1,1172,9,True,0,2025-02-25,13,1.0,0.01,0.04,1,25,0,0,1,14.714285714285714,0.0
1,1178,9,True,0,2025-02-25,13,0.0,0.02,0.07,1,25,0,0,1,16.285714285714285,0.0
1,1287,9,True,0,2025-02-25,13,0.0,0.01,0.04,1,25,0,0,1,15.857142857142858,0.0
1,1323,9,True,0,2025-02-25,14,0.0,0.02,0.07,1,25,0,0,1,13.714285714285714,0.0
1,1409,9,True,0,2025-02-25,23,0.0,0.02,0.05,1,25,0,0,1,13.0,0.0
1,1510,9,True,0,2025-02-25,5,0.0,0.03,0.1,1,25,0,0,1,14.142857142857142,0.0
1,1661,9,True,0,2025-02-25,14,1.0,0.01,0.07,1,25,0,0,1,11.857142857142858,0.0
1,1696,9,True,0,2025-02-25,18,3.0,0.01,0.03,1,25,0,0,1,13.571428571428571,0.0
1,1705,9,True,0,2025-02-25,11,0.0,0.04,0.1,1,25,0,0,1,14.285714285714286,0.0
1,1896,9,True,0,2025-02-25,4,0.0,0.03,0.11,1,25,0,0,1,14.0,0.0
1,1906,9,True,0,2025-02-25,10,0.0,0.04,0.1,1,25,0,0,1,12.714285714285714,0.0
1,1951,9,True,0,2025-02-25,29,6.0,0.02,0.03,1,25,0,0,1,12.142857142857142,0.0
1,2010,9,True,0,2025-02-25,14,7.0,0.03,0.09,1,25,0,0,1,13.0,0.0
1,2011,9,True,0,2025-02-25,4,5.0,0.01,0.03,1,25,0,0,1,14.285714285714286,0.0
1,2056,9,True,0,2025-02-25,8,3.0,0.01,0.02,1,25,0,0,1,12.857142857142858,0.0
1,2256,9,True,0,2025-02-25,22,2.0,0.02,0.04,1,25,0,0,1,11.428571428571429,0.0
1,2284,9,True,0,2025-02-25,7,0.0,0.01,0.03,1,25,0,0,1,13.0,0.0
1,2307,9,True,0,2025-02-25,55,1.0,0.02,0.06,1,25,0,0,1,13.428571428571429,0.0
1,2357,9,True,0,2025-02-25,14,3.0,0.09,0.19,1,25,0,0,1,19.857142857142858,0.0
1,2360,9,True,0,2025-02-25,5,0.0,0.01,0.03,1,25,0,0,1,17.714285714285715,0.0
1,2399,9,True,0,2025-02-25,22,0.0,0.03,0.1,1,25,0,0,1,16.428571428571427,0.0
1,2401,9,True,0,2025-02-25,19,0.0,0.01,0.02,1,25,0,0,1,19.0,0.0
1,2419,9,True,0,2025-02-25,10,0.0,0.02,0.03,1,25,0,0,1,20.571428571428573,0.0
1,2474,9,True,0,2025-02-25,9,1.0,0.04,0.07,1,25,0,0,1,18.857142857142858,0.0
1,2486,9,True,0,2025-02-25,6,0.0,0.02,0.07,1,25,0,0,1,19.142857142857142,0.0
1,2543,9,True,0,2025-02-25,3,0.0,0.0,0.02,1,25,0,0,1,12.142857142857142,0.0
1,2615,9,True,0,2025-02-25,15,0.0,0.02,0.06,1,25,0,0,1,10.571428571428571,0.0
1,2795,9,True,0,2025-02-25,8,0.0,0.02,0.07,1,25,0,0,1,12.0,0.0
1,2812,9,True,0,2025-02-25,28,0.0,0.02,0.07,1,25,0,0,1,10.0,0.0
1,2841,9,True,0,2025-02-25,16,5.0,0.01,0.06,1,25,0,0,1,11.285714285714286,0.0
1,2857,9,True,0,2025-02-25,47,2.0,0.01,0.02,1,25,0,0,1,12.142857142857142,0.0
1,3008,9,True,0,2025-02-25,28,6.0,0.01,0.05,1,25,0,0,1,17.571428571428573,0.0
1,3226,9,True,0,2025-02-25,8,0.0,0.02,0.04,1,25,0,0,1,20.714285714285715,0.0
1,3241,9,True,0,2025-02-25,10,1.0,0.01,0.05,1,25,0,0,1,21.428571428571427,0.0
1,3244,9,True,0,2025-02-25,15,0.0,0.01,0.05,1,25,0,0,1,20.714285714285715,0.0
1,3356,9,True,0,2025-02-25,7,0.0,0.01,0.03,1,25,0,0,1,21.714285714285715,0.0
1,3540,9,True,0,2025-02-25,9,1.0,0.03,0.08,1,25,0,0,1,18.714285714285715,0.0
1,3735,9,True,0,2025-02-25,10,0.0,0.02,0.06,1,25,0,0,1,17.714285714285715,0.0
1,3751,9,True,0,2025-02-25,4,0.0,0.04,0.07,1,25,0,0,1,12.428571428571429,0.0
1,3789,9,True,0,2025-02-25,8,0.0,0.01,0.03,1,25,0,0,1,9.0,0.0
1,3905,9,True,0,2025-02-25,32,0.0,0.01,0.07,1,25,0,0,1,9.0,0.0
1,4012,9,True,0,2025-02-25,38,0.0,0.01,0.06,1,25,0,0,1,12.142857142857142,0.0
1,4106,9,True,0,2025-02-25,25,0.0,0.02,0.07,1,25,0,0,1,15.428571428571429,0.0
1,4141,9,True,0,2025-02-25,11,0.0,0.05,0.09,1,25,0,0,1,18.0,0.0
1,4153,9,True,0,2025-02-25,26,6.0,0.01,0.02,1,25,0,0,1,18.285714285714285,2.152275490557074
1,4154,9,True,0,2025-02-25,7,0.0,0.0,0.01,1,25,0,0,1,20.571428571428573,0.0
1,4197,9,True,0,2025-02-25,1,0.0,0.01,0.04,1,25,0,0,1,21.0,0.0
1,4348,9,True,0,2025-02-25,10,1.0,0.01,0.03,1,25,0,0,1,20.0,0.0
1,4350,9,True,0,2025-02-25,20,0.0,0.03,0.07,1,25,0,0,1,16.857142857142858,0.0
1,4367,9,True,0,2025-02-25,7,1.0,0.03,0.16,1,25,0,0,1,14.285714285714286,0.0
1,4466,9,True,0,2025-02-25,18,0.0,0.02,0.05,1,25,0,0,1,11.714285714285714,0.0
1,4493,9,True,0,2025-02-25,32,10.0,0.01,0.07,1,25,0,0,1,12.714285714285714,0.0
1,4530,9,True,0,2025-02-25,15,0.0,0.01,0.02,1,25,0,0,1,13.571428571428571,1.850891310252186
1,4594,9,True,0,2025-02-25,7,0.0,0.01,0.08,1,25,0,0,1,14.714285714285714,0.0
1,4637,9,True,0,2025-02-25,8,4.0,0.01,0.03,1,25,0,0,1,15.571428571428571,0.0
1,4645,9,True,0,2025-02-25,29,2.0,0.01,0.02,1,25,0,0,1,15.285714285714286,2.145517087423341
1,4655,9,True,0,2025-02-25,9,0.0,0.06,0.08,1,25,0,0,1,16.571428571428573,0.0
1,4679,9,True,0,2025-02-25,55,0.0,0.01,0.03,1,25,0,0,1,16.857142857142858,0.0
1,4845,9,True,0,2025-02-25,22,1.0,0.01,0.03,1,25,0,0,1,22.142857142857142,0.0
1,4906,9,True,0,2025-02-25,19,1.0,0.01,0.04,1,25,0,0,1,20.714285714285715,0.0
1,4996,9,True,0,2025-02-25,12,0.0,0.0,0.02,1,25,0,0,1,21.285714285714285,0.0
1,5079,9,True,0,2025-02-25,5,0.0,0.01,0.03,1,25,0,0,1,22.0,0.0
1,5087,9,True,0,2025-02-25,16,0.0,0.03,0.06,1,25,0,0,1,21.571428571428573,0.0
1,5093,9,True,0,2025-02-25,6,0.0,0.02,0.06,1,25,0,0,1,19.714285714285715,0.0
1,5122,9,True,0,2025-02-25,10,0.0,0.01,0.03,1,25,0,0,1,19.285714285714285,0.0
1,5135,9,True,0,2025-02-25,3,2.0,0.02,0.06,1,25,0,0,1,12.857142857142858,0.0
1,5175,9,True,0,2025-02-25,10,0.0,0.01,0.03,1,25,0,0,1,10.142857142857142,0.0
1,5212,9,True,0,2025-02-25,10,0.0,0.01,0.04,1,25,0,0,1,8.857142857142858,0.0
1,5272,9,True,0,2025-02-25,57,3.0,0.01,0.02,1,25,0,0,1,8.571428571428571,0.0
1,147,10,False,0,2025-02-25,30,0.0,0.03,0.09,1,25,0,0,1,16.0,0.0
1,1782,10,False,0,2025-02-25,31,1.0,0.04,0.09,1,25,0,0,1,18.0,0.0
1,2377,10,False,0,2025-02-25,55,0.0,0.0,0.01,1,25,0,0,1,21.571428571428573,3.884455280960616
1,3203,10,False,0,2025-02-25,30,0.0,0.03,0.13,1,25,0,0,1,28.0,0.0
1,5018,10,False,0,2025-02-25,20,4.0,0.02,0.1,1,25,0,0,1,31.857142857142858,0.0
1,2058,11,False,0,2025-02-25,0,0.0,0.22,0.22,1,25,0,0,1,33.285714285714285,1.849567233777897
1,2882,11,False,0,2025-02-25,8,2.0,0.23,0.22,1,25,0,0,1,31.857142857142858,0.0
1,3107,11,False,0,2025-02-25,3,0.0,0.12,0.15,1,25,0,0,1,24.857142857142858,0.0
1,3123,11,False,0,2025-02-25,12,1.0,0.23,0.22,1,25,0,0,1,21.0,1.506617835594148
1,3499,11,False,0,2025-02-25,7,0.0,0.09,0.08,1,25,0,0,1,18.285714285714285,0.0
1,3870,11,False,0,2025-02-25,3,0.0,0.15,0.18,1,25,0,0,1,11.428571428571429,0.0
1,4160,11,False,0,2025-02-25,2,0.0,0.16,0.19,1,25,0,0,1,7.571428571428571,0.0
1,5085,11,False,0,2025-02-25,30,0.0,0.23,0.21,1,25,0,0,1,5.0,0.0
1,488,1,False,0,2025-02-23,6,0.0,0.14,0.16,6,23,0,1,0,9.285714285714286,0.0
1,1985,1,False,0,2025-02-23,4,1.0,0.14,0.15,6,23,0,1,0,9.0,0.0
1,2735,1,False,0,2025-02-23,6,0.0,0.14,0.17,6,23,0,1,0,9.142857142857142,0.0
1,3664,1,False,0,2025-02-23,4,0.0,0.14,0.16,6,23,0,1,0,8.285714285714286,0.0
1,4052,1,False,0,2025-02-23,10,0.0,0.15,0.17,6,23,0,1,0,7.857142857142857,0.0
1,48,3,True,0,2025-02-23,5,0.0,0.12,0.17,6,23,0,1,0,8.857142857142858,0.0
1,59,3,True,0,2025-02-23,16,0.0,0.02,0.02,6,23,0,1,0,9.285714285714286,0.0
1,82,3,True,0,2025-02-23,1,0.0,0.06,0.07,6,23,0,1,0,7.285714285714286,0.0
1,86,3,True,0,2025-02-23,2,0.0,0.12,0.15,6,23,0,1,0,6.571428571428571,0.0
1,87,3,True,0,2025-02-23,13,0.0,0.03,0.04,6,23,0,1,0,6.285714285714286,0.0
1,94,3,True,0,2025-02-23,1,2.0,0.08,0.15,6,23,0,1,0,7.285714285714286,0.0
1,103,3,True,0,2025-02-23,4,1.0,0.06,0.09,6,23,0,1,0,6.857142857142857,0.0
1,106,3,True,0,2025-02-23,12,0.0,0.04,0.06,6,23,0,1,0,6.0,0.0
1,167,3,True,0,2025-02-23,4,0.0,0.09,0.16,6,23,0,1,0,7.0,0.0
1,212,3,True,0,2025-02-23,5,0.0,0.05,0.07,6,23,0,1,0,5.285714285714286,0.0
1,234,3,True,0,2025-02-23,4,0.0,0.08,0.11,6,23,0,1,0,5.857142857142857,0.0
1,281,3,True,0,2025-02-23,10,0.0,0.07,0.09,6,23,0,1,0,6.142857142857143,0.0
1,381,3,True,0,2025-02-23,3,0.0,0.04,0.05,6,23,0,1,0,5.714285714285714,0.0
1,415,3,True,0,2025-02-23,2,0.0,0.07,0.1,6,23,0,1,0,6.0,0.0
1,440,3,True,0,2025-02-23,4,0.0,0.05,0.07,6,23,0,1,0,5.714285714285714,0.0
1,470,3,True,0,2025-02-23,3,0.0,0.07,0.1,6,23,0,1,0,4.571428571428571,0.0
1,493,3,True,0,2025-02-23,2,0.0,0.11,0.13,6,23,0,1,0,4.428571428571429,0.0
1,516,3,True,0,2025-02-23,0,0.0,0.02,0.02,6,23,0,1,0,4.0,0.0
1,605,3,True,0,2025-02-23,3,0.0,0.05,0.06,6,23,0,1,0,3.4285714285714284,0.0
1,612,3,True,0,2025-02-23,9,1.0,0.03,0.03,6,23,0,1,0,2.4285714285714284,0.0
1,620,3,True,0,2025-02-23,6,0.0,0.02,0.03,6,23,0,1,0,3.2857142857142856,0.0
1,650,3,True,0,2025-02-23,0,2.0,0.08,0.11,6,23,0,1,0,3.857142857142857,0.0
1,686,3,True,0,2025-02-23,4,0.0,0.03,0.05,6,23,0,1,0,3.2857142857142856,0.0
1,703,3,True,0,2025-02-23,4,1.0,0.02,0.02,6,23,0,1,0,3.4285714285714284,0.0
1,742,3,True,0,2025-02-23,5,0.0,0.04,0.06,6,23,0,1,0,3.7142857142857144,0.0
1,855,3,True,0,2025-02-23,15,1.0,0.02,0.03,6,23,0,1,0,4.428571428571429,0.0
1,947,3,True,0,2025-02-23,29,0.0,0.01,0.01,6,23,0,1,0,6.142857142857143,0.0
1,1052,3,True,0,2025-02-23,3,0.0,0.02,0.03,6,23,0,1,0,9.0,0.0
1,1071,3,True,0,2025-02-23,2,0.0,0.02,0.05,6,23,0,1,0,8.571428571428571,0.0
1,1103,3,True,0,2025-02-23,12,0.0,0.1,0.14,6,23,0,1,0,8.857142857142858,0.0
1,1105,3,True,0,2025-02-23,8,0.0,0.05,0.07,6,23,0,1,0,10.0,0.0
1,1120,3,True,0,2025-02-23,3,1.0,0.06,0.09,6,23,0,1,0,10.571428571428571,0.0
1,1175,3,True,0,2025-02-23,9,1.0,0.01,0.03,6,23,0,1,0,10.285714285714286,0.0
1,1190,3,True,0,2025-02-23,6,0.0,0.04,0.05,6,23,0,1,0,9.428571428571429,0.0
1,1223,3,True,0,2025-02-23,9,1.0,0.03,0.05,6,23,0,1,0,6.142857142857143,0.0
1,1235,3,True,0,2025-02-23,5,0.0,0.06,0.08,6,23,0,1,0,7.0,0.0
1,1261,3,True,0,2025-02-23,3,0.0,0.07,0.09,6,23,0,1,0,7.428571428571429,0.0
1,1291,3,True,0,2025-02-23,2,1.0,0.04,0.05,6,23,0,1,0,6.142857142857143,0.0
1,1382,3,True,0,2025-02-23,5,0.0,0.05,0.07,6,23,0,1,0,5.285714285714286,0.0
1,1384,3,True,0,2025-02-23,10,0.0,0.08,0.1,6,23,0,1,0,5.571428571428571,0.0
1,1390,3,True,0,2025-02-23,6,2.0,0.04,0.06,6,23,0,1,0,5.714285714285714,0.0
1,1447,3,True,0,2025-02-23,9,0.0,0.08,0.12,6,23,0,1,0,5.714285714285714,0.0
1,1470,3,True,0,2025-02-23,7,1.0,0.06,0.07,6,23,0,1,0,5.714285714285714,0.0
1,1503,3,True,0,2025-02-23,3,0.0,0.17,0.19,6,23,0,1,0,6.0,0.0
1,1505,3,True,0,2025-02-23,23,3.0,0.01,0.02,6,23,0,1,0,6.0,0.0
1,1531,3,True,0,2025-02-23,45,1.0,0.05,0.07,6,23,0,1,0,9.0,0.0
1,1576,3,True,0,2025-02-23,4,0.0,0.13,0.17,6,23,0,1,0,14.714285714285714,0.0
1,1610,3,True,0,2025-02-23,25,2.0,0.01,0.01,6,23,0,1,0,13.857142857142858,0.0
1,1642,3,True,0,2025-02-23,0,0.0,0.09,0.12,6,23,0,1,0,16.571428571428573,0.0
1,1771,3,True,0,2025-02-23,4,0.0,0.17,0.22,6,23,0,1,0,15.285714285714286,0.0
1,1822,3,True,0,2025-02-23,2,0.0,0.08,0.09,6,23,0,1,0,14.857142857142858,0.0
1,1849,3,True,0,2025-02-23,7,1.0,0.05,0.06,6,23,0,1,0,14.714285714285714,0.0
1,1902,3,True,0,2025-02-23,7,0.0,0.03,0.04,6,23,0,1,0,12.428571428571429,0.0
1,1940,3,True,0,2025-02-23,4,0.0,0.04,0.05,6,23,0,1,0,7.0,0.0
1,1949,3,True,0,2025-02-23,6,0.0,0.04,0.05,6,23,0,1,0,7.0,0.0
1,1969,3,True,0,2025-02-23,2,0.0,0.13,0.16,6,23,0,1,0,4.285714285714286,0.0
1,1988,3,True,0,2025-02-23,2,0.0,0.12,0.17,6,23,0,1,0,4.571428571428571,0.0
1,1997,3,True,0,2025-02-23,12,3.0,0.01,0.02,6,23,0,1,0,4.285714285714286,0.0
1,2039,3,True,0,2025-02-23,0,0.0,0.01,0.02,6,23,0,1,0,5.714285714285714,0.0
1,2040,3,True,0,2025-02-23,2,0.0,0.08,0.11,6,23,0,1,0,4.714285714285714,0.0
1,2048,3,True,0,2025-02-23,3,0.0,0.04,0.06,6,23,0,1,0,4.0,0.0
1,2062,3,True,0,2025-02-23,5,2.0,0.11,0.14,6,23,0,1,0,3.857142857142857,0.0
1,2110,3,True,0,2025-02-23,1,0.0,0.06,0.08,6,23,0,1,0,3.7142857142857144,0.0
1,2127,3,True,0,2025-02-23,11,1.0,0.03,0.04,6,23,0,1,0,3.5714285714285716,0.0
1,2151,3,True,0,2025-02-23,0,0.0,0.0,0.01,6,23,0,1,0,4.857142857142857,0.0
1,2185,3,True,0,2025-02-23,12,1.0,0.04,0.05,6,23,0,1,0,3.142857142857143,0.0
1,2236,3,True,0,2025-02-23,8,1.0,0.07,0.09,6,23,0,1,0,4.857142857142857,0.0
1,2331,3,True,0,2025-02-23,6,0.0,0.51,0.59,6,23,0,1,0,5.714285714285714,0.0
1,2432,3,True,0,2025-02-23,14,0.0,0.03,0.04,6,23,0,1,0,6.142857142857143,0.0
1,2491,3,True,0,2025-02-23,4,0.0,0.03,0.05,6,23,0,1,0,7.428571428571429,0.0
1,2551,3,True,0,2025-02-23,4,0.0,0.02,0.02,6,23,0,1,0,7.857142857142857,0.0
1,2558,3,True,0,2025-02-23,3,0.0,0.08,0.11,6,23,0,1,0,6.857142857142857,0.0
1,2585,3,True,0,2025-02-23,2,0.0,0.03,0.04,6,23,0,1,0,7.285714285714286,0.0
1,2595,3,True,0,2025-02-23,28,0.0,0.0,0.01,6,23,0,1,0,5.857142857142857,0.0
1,2700,3,True,0,2025-02-23,30,4.0,0.01,0.01,6,23,0,1,0,8.714285714285714,0.0
1,2805,3,True,0,2025-02-23,2,0.0,0.08,0.11,6,23,0,1,0,12.142857142857142,0.0
1,2816,3,True,0,2025-02-23,2,0.0,0.06,0.08,6,23,0,1,0,10.428571428571429,0.0
1,2840,3,True,0,2025-02-23,6,0.0,0.17,0.21,6,23,0,1,0,10.142857142857142,0.0
1,2852,3,True,0,2025-02-23,5,0.0,0.07,0.1,6,23,0,1,0,10.428571428571429,0.0
1,2884,3,True,0,2025-02-23,3,0.0,0.23,0.29,6,23,0,1,0,10.714285714285714,0.0
1,2889,3,True,0,2025-02-23,13,0.0,0.03,0.04,6,23,0,1,0,10.857142857142858,0.0
1,3190,3,True,0,2025-02-23,20,0.0,0.02,0.02,6,23,0,1,0,8.714285714285714,0.0
1,3239,3,True,0,2025-02-23,2,0.0,0.06,0.07,6,23,0,1,0,7.285714285714286,0.0
1,3279,3,True,0,2025-02-23,11,0.0,0.02,0.03,6,23,0,1,0,7.285714285714286,0.0
1,3283,3,True,0,2025-02-23,7,0.0,0.1,0.13,6,23,0,1,0,8.571428571428571,0.0
1,3339,3,True,0,2025-02-23,53,0.0,0.01,0.01,6,23,0,1,0,8.714285714285714,0.0
1,3349,3,True,0,2025-02-23,6,0.0,0.27,0.35,6,23,0,1,0,15.571428571428571,0.0
1,3360,3,True,0,2025-02-23,4,0.0,0.02,0.04,6,23,0,1,0,16.0,0.0
1,3556,3,True,0,2025-02-23,2,0.0,0.26,0.33,6,23,0,1,0,14.714285714285714,0.0
1,3693,3,True,0,2025-02-23,24,1.0,0.01,0.01,6,23,0,1,0,12.142857142857142,0.0
1,3717,3,True,0,2025-02-23,1,0.0,0.05,0.07,6,23,0,1,0,15.285714285714286,0.0
1,3768,3,True,0,2025-02-23,5,0.0,0.02,0.02,6,23,0,1,0,13.857142857142858,0.0
1,3786,3,True,0,2025-02-23,0,0.0,0.05,0.12,6,23,0,1,0,13.571428571428571,0.0
1,3862,3,True,0,2025-02-23,2,2.0,0.07,0.09,6,23,0,1,0,6.0,0.0
1,3931,3,True,0,2025-02-23,32,0.0,0.01,0.02,6,23,0,1,0,5.428571428571429,0.0
1,3985,3,True,0,2025-02-23,4,0.0,0.12,0.16,6,23,0,1,0,9.428571428571429,0.0
1,4059,3,True,0,2025-02-23,3,0.0,0.33,0.49,6,23,0,1,0,9.714285714285714,0.0
1,4101,3,True,0,2025-02-23,13,0.0,0.13,0.15,6,23,0,1,0,6.714285714285714,0.0
1,4144,3,True,0,2025-02-23,19,0.0,0.02,0.02,6,23,0,1,0,8.428571428571429,0.0
1,4176,3,True,0,2025-02-23,10,0.0,0.03,0.05,6,23,0,1,0,10.428571428571429,0.0
1,4204,3,True,0,2025-02-23,4,0.0,0.14,0.17,6,23,0,1,0,11.857142857142858,0.0
1,4205,3,True,0,2025-02-23,10,3.0,0.02,0.02,6,23,0,1,0,12.142857142857142,1.6740492060559455
1,4215,3,True,0,2025-02-23,8,0.0,0.03,0.07,6,23,0,1,0,9.0,0.0
1,4252,3,True,0,2025-02-23,6,3.0,0.02,0.03,6,23,0,1,0,9.571428571428571,0.0
1,4321,3,True,0,2025-02-23,4,0.0,0.1,0.12,6,23,0,1,0,10.0,0.0
1,4333,3,True,0,2025-02-23,4,0.0,0.21,0.26,6,23,0,1,0,8.714285714285714,0.0
1,4426,3,True,0,2025-02-23,58,2.0,0.03,0.04,6,23,0,1,0,6.571428571428571,0.0
1,4433,3,True,0,2025-02-23,9,0.0,0.05,0.11,6,23,0,1,0,13.428571428571429,0.0
1,4439,3,True,0,2025-02-23,42,0.0,0.02,0.02,6,23,0,1,0,14.142857142857142,2.070329604354262
1,4447,3,True,0,2025-02-23,16,1.0,0.02,0.03,6,23,0,1,0,18.714285714285715,0.0
1,4461,3,True,0,2025-02-23,11,1.0,0.03,0.04,6,23,0,1,0,19.857142857142858,0.0
1,4470,3,True,0,2025-02-23,4,1.0,0.07,0.09,6,23,0,1,0,20.571428571428573,0.0
1,4488,3,True,0,2025-02-23,11,1.0,0.01,0.03,6,23,0,1,0,20.571428571428573,0.0
1,4504,3,True,0,2025-02-23,7,0.0,0.03,0.04,6,23,0,1,0,21.571428571428573,0.0
1,4523,3,True,0,2025-02-23,3,0.0,0.06,0.09,6,23,0,1,0,14.285714285714286,0.0
1,4596,3,True,0,2025-02-23,11,1.0,0.07,0.08,6,23,0,1,0,13.428571428571429,0.0
1,4633,3,True,0,2025-02-23,5,0.0,0.04,0.06,6,23,0,1,0,9.0,0.0
1,4713,3,True,0,2025-02-23,6,0.0,0.04,0.05,6,23,0,1,0,7.428571428571429,0.0
1,4722,3,True,0,2025-02-23,21,1.0,0.04,0.05,6,23,0,1,0,6.714285714285714,0.0
1,4766,3,True,0,2025-02-23,7,1.0,0.03,0.04,6,23,0,1,0,9.142857142857142,0.0
1,4786,3,True,0,2025-02-23,21,0.0,0.03,0.04,6,23,0,1,0,8.571428571428571,0.0
1,4800,3,True,0,2025-02-23,4,0.0,0.08,0.11,6,23,0,1,0,10.571428571428571,0.0
1,4809,3,True,0,2025-02-23,5,0.0,0.1,0.16,6,23,0,1,0,10.714285714285714,0.0
1,4810,3,True,0,2025-02-23,11,3.0,0.03,0.04,6,23,0,1,0,9.857142857142858,0.0
1,4818,3,True,0,2025-02-23,13,0.0,0.04,0.07,6,23,0,1,0,10.714285714285714,0.0
1,4826,3,True,0,2025-02-23,1,1.0,0.12,0.17,6,23,0,1,0,11.714285714285714,0.0
1,4847,3,True,0,2025-02-23,2,0.0,0.1,0.14,6,23,0,1,0,8.857142857142858,0.0
1,4889,3,True,0,2025-02-23,5,0.0,0.03,0.04,6,23,0,1,0,8.142857142857142,0.0
1,4952,3,True,0,2025-02-23,4,0.0,0.24,0.27,6,23,0,1,0,5.857142857142857,0.0
1,4960,3,True,0,2025-02-23,12,0.0,0.02,0.03,6,23,0,1,0,5.857142857142857,0.0
1,5029,3,True,0,2025-02-23,0,1.0,0.06,0.08,6,23,0,1,0,6.857142857142857,0.0
1,5057,3,True,0,2025-02-23,3,0.0,0.06,0.09,6,23,0,1,0,5.285714285714286,0.0
1,5060,3,True,0,2025-02-23,4,0.0,0.06,0.08,6,23,0,1,0,3.857142857142857,0.0
1,5082,3,True,0,2025-02-23,5,0.0,0.04,0.05,6,23,0,1,0,4.285714285714286,0.0
1,5090,3,True,0,2025-02-23,5,0.0,0.05,0.06,6,23,0,1,0,4.714285714285714,0.0
1,5153,3,True,0,2025-02-23,4,0.0,0.09,0.12,6,23,0,1,0,4.714285714285714,0.0
1,5167,3,True,0,2025-02-23,4,1.0,0.05,0.06,6,23,0,1,0,4.714285714285714,0.0
1,5176,3,True,0,2025-02-23,3,0.0,0.23,0.32,6,23,0,1,0,3.5714285714285716,0.0
1,5183,3,True,0,2025-02-23,10,1.0,0.03,0.04,6,23,0,1,0,4.0,0.0
1,5259,3,True,0,2025-02-23,16,0.0,0.06,0.08,6,23,0,1,0,5.0,1.5568308519060026
1,4,4,False,0,2025-02-23,2,0.0,0.12,0.16,6,23,0,1,0,6.714285714285714,0.0
1,19,4,False,0,2025-02-23,4,0.0,0.01,0.03,6,23,0,1,0,6.285714285714286,0.0
1,34,4,False,0,2025-02-23,3,0.0,0.01,0.01,6,23,0,1,0,6.142857142857143,0.0
1,47,4,False,0,2025-02-23,5,0.0,0.01,0.02,6,23,0,1,0,6.0,0.0
1,61,4,False,0,2025-02-23,4,0.0,0.01,0.02,6,23,0,1,0,6.142857142857143,0.0
1,70,4,False,0,2025-02-23,3,0.0,0.03,0.06,6,23,0,1,0,6.285714285714286,0.0
1,91,4,False,0,2025-02-23,4,0.0,0.03,0.03,6,23,0,1,0,5.285714285714286,0.0
1,107,4,False,0,2025-02-23,3,0.0,0.03,0.04,6,23,0,1,0,3.5714285714285716,0.0
1,122,4,False,0,2025-02-23,1,0.0,0.03,0.04,6,23,0,1,0,3.7142857142857144,0.0
1,155,4,False,0,2025-02-23,5,0.0,0.04,0.06,6,23,0,1,0,3.2857142857142856,0.0
1,200,4,False,0,2025-02-23,4,0.0,0.04,0.05,6,23,0,1,0,3.5714285714285716,0.0
1,248,4,False,0,2025-02-23,3,0.0,0.05,0.07,6,23,0,1,0,3.4285714285714284,0.0
1,249,4,False,0,2025-02-23,8,0.0,0.13,0.17,6,23,0,1,0,3.2857142857142856,0.0
1,283,4,False,0,2025-02-23,1,0.0,0.03,0.05,6,23,0,1,0,4.0,0.0
1,355,4,False,0,2025-02-23,3,0.0,0.02,0.03,6,23,0,1,0,3.5714285714285716,0.0
1,363,4,False,0,2025-02-23,0,0.0,0.01,0.01,6,23,0,1,0,3.5714285714285716,0.0
1,371,4,False,0,2025-02-23,3,0.0,0.01,0.01,6,23,0,1,0,3.4285714285714284,0.0
1,393,4,False,0,2025-02-23,1,0.0,0.02,0.03,6,23,0,1,0,3.142857142857143,0.0
1,442,4,False,0,2025-02-23,4,0.0,0.05,0.08,6,23,0,1,0,2.7142857142857144,0.0
1,495,4,False,0,2025-02-23,6,0.0,0.02,0.03,6,23,0,1,0,2.857142857142857,0.0
1,523,4,False,0,2025-02-23,3,0.0,0.03,0.05,6,23,0,1,0,2.5714285714285716,0.0
1,538,4,False,0,2025-02-23,2,0.0,0.02,0.04,6,23,0,1,0,2.857142857142857,0.0
1,542,4,False,0,2025-02-23,3,0.0,0.04,0.05,6,23,0,1,0,2.7142857142857144,0.0
1,544,4,False,0,2025-02-23,4,0.0,0.02,0.04,6,23,0,1,0,3.142857142857143,0.0
1,564,4,False,0,2025-02-23,2,1.0,0.02,0.03,6,23,0,1,0,3.2857142857142856,0.0
1,610,4,False,0,2025-02-23,1,0.0,0.04,0.06,6,23,0,1,0,3.4285714285714284,0.0
1,619,4,False,0,2025-02-23,1,0.0,0.04,0.05,6,23,0,1,0,3.0,0.0
1,636,4,False,0,2025-02-23,2,0.0,0.02,0.03,6,23,0,1,0,2.2857142857142856,0.0
1,645,4,False,0,2025-02-23,1,0.0,0.01,0.02,6,23,0,1,0,2.142857142857143,0.0
1,653,4,False,0,2025-02-23,2,1.0,0.02,0.03,6,23,0,1,0,2.0,0.0
1,668,4,False,0,2025-02-23,4,0.0,0.03,0.04,6,23,0,1,0,1.8571428571428572,0.0
1,701,4,False,0,2025-02-23,4,0.0,0.02,0.03,6,23,0,1,0,1.8571428571428572,0.0
1,717,4,False,0,2025-02-23,3,0.0,0.05,0.07,6,23,0,1,0,2.142857142857143,0.0
1,768,4,False,0,2025-02-23,2,0.0,0.03,0.04,6,23,0,1,0,2.4285714285714284,0.0
1,769,4,False,0,2025-02-23,5,0.0,0.01,0.01,6,23,0,1,0,2.5714285714285716,0.0
1,780,4,False,0,2025-02-23,4,0.0,0.03,0.04,6,23,0,1,0,3.0,0.0
1,794,4,False,0,2025-02-23,1,0.0,0.03,0.05,6,23,0,1,0,3.4285714285714284,0.0
1,854,4,False,0,2025-02-23,3,0.0,0.05,0.06,6,23,0,1,0,3.2857142857142856,0.0
1,858,4,False,0,2025-02-23,2,0.0,0.04,0.06,6,23,0,1,0,3.142857142857143,0.0
1,864,4,False,0,2025-02-23,3,0.0,0.02,0.03,6,23,0,1,0,2.857142857142857,0.0
1,875,4,False,0,2025-02-23,6,0.0,0.02,0.03,6,23,0,1,0,2.857142857142857,0.0
1,891,4,False,0,2025-02-23,4,0.0,0.03,0.04,6,23,0,1,0,3.4285714285714284,0.0
1,961,4,False,0,2025-02-23,3,0.0,0.05,0.05,6,23,0,1,0,3.2857142857142856,0.0
1,979,4,False,0,2025-02-23,3,1.0,0.06,0.07,6,23,0,1,0,3.142857142857143,0.0
1,1017,4,False,0,2025-02-23,3,0.0,0.03,0.04,6,23,0,1,0,3.4285714285714284,0.0
1,1047,4,False,0,2025-02-23,4,0.0,0.09,0.14,6,23,0,1,0,3.4285714285714284,0.0
1,1057,4,False,0,2025-02-23,2,0.0,0.04,0.07,6,23,0,1,0,3.7142857142857144,0.0
1,1095,4,False,0,2025-02-23,3,0.0,0.03,0.05,6,23,0,1,0,3.5714285714285716,0.0
1,1107,4,False,0,2025-02-23,2,0.0,0.02,0.03,6,23,0,1,0,3.142857142857143,0.0
1,1161,4,False,0,2025-02-23,2,0.0,0.02,0.04,6,23,0,1,0,2.857142857142857,0.0
1,1177,4,False,0,2025-02-23,3,0.0,0.1,0.15,6,23,0,1,0,2.7142857142857144,0.0
1,1189,4,False,0,2025-02-23,5,0.0,0.02,0.04,6,23,0,1,0,2.7142857142857144,0.0
1,1193,4,False,0,2025-02-23,3,0.0,0.02,0.03,6,23,0,1,0,3.0,0.0
1,1202,4,False,0,2025-02-23,2,0.0,0.02,0.04,6,23,0,1,0,2.857142857142857,0.0
1,1215,4,False,0,2025-02-23,3,0.0,0.01,0.02,6,23,0,1,0,2.857142857142857,0.0
1,1224,4,False,0,2025-02-23,1,0.0,0.04,0.05,6,23,0,1,0,2.857142857142857,0.0
1,1267,4,False,0,2025-02-23,3,0.0,0.07,0.09,6,23,0,1,0,2.7142857142857144,0.0
1,1293,4,False,0,2025-02-23,7,0.0,0.03,0.04,6,23,0,1,0,2.857142857142857,0.0
1,1303,4,False,0,2025-02-23,4,0.0,0.06,0.08,6,23,0,1,0,3.4285714285714284,0.0
1,1338,4,False,0,2025-02-23,2,0.0,0.06,0.09,6,23,0,1,0,3.2857142857142856,0.0
1,1344,4,False,0,2025-02-23,0,1.0,0.06,0.09,6,23,0,1,0,3.142857142857143,0.0
1,1350,4,False,0,2025-02-23,2,0.0,0.03,0.05,6,23,0,1,0,2.857142857142857,0.0
1,1367,4,False,0,2025-02-23,4,0.0,0.02,0.03,6,23,0,1,0,2.7142857142857144,0.0
1,1404,4,False,0,2025-02-23,3,0.0,0.02,0.04,6,23,0,1,0,3.142857142857143,0.0
1,1421,4,False,0,2025-02-23,3,0.0,0.02,0.03,6,23,0,1,0,3.142857142857143,0.0
1,1448,4,False,0,2025-02-23,2,0.0,0.06,0.08,6,23,0,1,0,2.5714285714285716,0.0
1,1466,4,False,0,2025-02-23,0,0.0,0.02,0.03,6,23,0,1,0,2.2857142857142856,0.0
1,1479,4,False,0,2025-02-23,3,0.0,0.05,0.06,6,23,0,1,0,2.0,0.0
1,1483,4,False,0,2025-02-23,3,0.0,0.02,0.04,6,23,0,1,0,2.4285714285714284,0.0
1,1498,4,False,0,2025-02-23,8,0.0,0.12,0.16,6,23,0,1,0,2.5714285714285716,0.0
1,1517,4,False,0,2025-02-23,1,0.0,0.02,0.03,6,23,0,1,0,3.142857142857143,0.0
1,1533,4,False,0,2025-02-23,5,0.0,0.05,0.07,6,23,0,1,0,2.857142857142857,0.0
1,1606,4,False,0,2025-02-23,5,0.0,0.04,0.05,6,23,0,1,0,3.142857142857143,0.0
1,1622,4,False,0,2025-02-23,3,0.0,0.07,0.09,6,23,0,1,0,3.5714285714285716,0.0
1,1624,4,False,0,2025-02-23,4,0.0,0.04,0.06,6,23,0,1,0,4.0,0.0
1,1625,4,False,0,2025-02-23,3,0.0,0.03,0.04,6,23,0,1,0,4.142857142857143,0.0
1,1634,4,False,0,2025-02-23,2,0.0,0.05,0.06,6,23,0,1,0,4.142857142857143,0.0
1,1648,4,False,0,2025-02-23,4,0.0,0.03,0.04,6,23,0,1,0,3.2857142857142856,0.0
1,1654,4,False,0,2025-02-23,3,0.0,0.01,0.02,6,23,0,1,0,3.7142857142857144,0.0
1,1672,4,False,0,2025-02-23,3,0.0,0.02,0.02,6,23,0,1,0,3.4285714285714284,0.0
1,1693,4,False,0,2025-02-23,3,0.0,0.02,0.04,6,23,0,1,0,3.142857142857143,0.0
1,1805,4,False,0,2025-02-23,3,0.0,0.04,0.06,6,23,0,1,0,3.142857142857143,0.0
1,1806,4,False,0,2025-02-23,3,0.0,0.08,0.12,6,23,0,1,0,3.0,0.0
1,1824,4,False,0,2025-02-23,3,0.0,0.01,0.01,6,23,0,1,0,3.0,0.0
1,1836,4,False,0,2025-02-23,6,0.0,0.04,0.06,6,23,0,1,0,3.142857142857143,0.0
1,1838,4,False,0,2025-02-23,3,0.0,0.01,0.01,6,23,0,1,0,3.4285714285714284,0.0
1,1842,4,False,0,2025-02-23,2,0.0,0.01,0.01,6,23,0,1,0,3.4285714285714284,0.0
1,1856,4,False,0,2025-02-23,0,2.0,0.02,0.04,6,23,0,1,0,3.2857142857142856,0.0
1,1861,4,False,0,2025-02-23,0,0.0,0.02,0.03,6,23,0,1,0,2.857142857142857,0.0
1,1869,4,False,0,2025-02-23,2,2.0,0.01,0.01,6,23,0,1,0,2.4285714285714284,0.0
1,1870,4,False,0,2025-02-23,2,0.0,0.04,0.06,6,23,0,1,0,2.2857142857142856,0.0
1,1894,4,False,0,2025-02-23,3,0.0,0.03,0.04,6,23,0,1,0,2.142857142857143,0.0
1,1928,4,False,0,2025-02-23,5,0.0,0.01,0.01,6,23,0,1,0,1.7142857142857142,0.0
1,1942,4,False,0,2025-02-23,2,0.0,0.01,0.02,6,23,0,1,0,2.0,0.0
1,1958,4,False,0,2025-02-23,1,0.0,0.04,0.06,6,23,0,1,0,2.0,0.0
1,1959,4,False,0,2025-02-23,3,0.0,0.05,0.08,6,23,0,1,0,2.142857142857143,0.0
1,1968,4,False,0,2025-02-23,5,0.0,0.03,0.05,6,23,0,1,0,2.5714285714285716,0.0
1,1996,4,False,0,2025-02-23,3,0.0,0.01,0.02,6,23,0,1,0,3.0,0.0
1,1999,4,False,0,2025-02-23,3,0.0,0.01,0.01,6,23,0,1,0,3.142857142857143,0.0
1,2022,4,False,0,2025-02-23,2,2.0,0.03,0.05,6,23,0,1,0,3.142857142857143,0.0
1,2024,4,False,0,2025-02-23,3,0.0,0.02,0.04,6,23,0,1,0,2.7142857142857144,0.0
1,2064,4,False,0,2025-02-23,3,0.0,0.02,0.03,6,23,0,1,0,2.857142857142857,0.0
1,2092,4,False,0,2025-02-23,3,0.0,0.04,0.06,6,23,0,1,0,3.142857142857143,0.0
1,2097,4,False,0,2025-02-23,3,0.0,0.03,0.06,6,23,0,1,0,3.142857142857143,0.0
1,2103,4,False,0,2025-02-23,0,0.0,0.01,0.02,6,23,0,1,0,2.857142857142857,0.0
1,2137,4,False,0,2025-02-23,4,0.0,0.04,0.06,6,23,0,1,0,2.4285714285714284,0.0
1,2150,4,False,0,2025-02-23,4,1.0,0.01,0.02,6,23,0,1,0,2.5714285714285716,0.0
1,2180,4,False,0,2025-02-23,4,0.0,0.05,0.08,6,23,0,1,0,2.857142857142857,0.0
1,2239,4,False,0,2025-02-23,2,0.0,0.03,0.04,6,23,0,1,0,3.0,0.0
1,2252,4,False,0,2025-02-23,2,0.0,0.02,0.03,6,23,0,1,0,2.857142857142857,0.0
1,2297,4,False,0,2025-02-23,9,0.0,0.14,0.18,6,23,0,1,0,2.7142857142857144,0.0
1,2312,4,False,0,2025-02-23,1,1.0,0.05,0.08,6,23,0,1,0,3.5714285714285716,0.0
1,2320,4,False,0,2025-02-23,2,0.0,0.03,0.04,6,23,0,1,0,3.7142857142857144,0.0
1,2355,4,False,0,2025-02-23,2,0.0,0.05,0.09,6,23,0,1,0,3.4285714285714284,0.0
1,2369,4,False,0,2025-02-23,3,0.0,0.03,0.05,6,23,0,1,0,3.142857142857143,0.0
1,2423,4,False,0,2025-02-23,4,0.0,0.02,0.03,6,23,0,1,0,3.0,0.0
1,2456,4,False,0,2025-02-23,2,1.0,0.02,0.03,6,23,0,1,0,3.2857142857142856,0.0
1,2495,4,False,0,2025-02-23,3,0.0,0.05,0.08,6,23,0,1,0,3.2857142857142856,0.0
1,2517,4,False,0,2025-02-23,5,0.0,0.05,0.09,6,23,0,1,0,2.4285714285714284,0.0
1,2550,4,False,0,2025-02-23,3,0.0,0.03,0.05,6,23,0,1,0,3.0,0.0
1,2569,4,False,0,2025-02-23,1,0.0,0.01,0.02,6,23,0,1,0,3.142857142857143,0.0
1,2586,4,False,0,2025-02-23,2,0.0,0.04,0.06,6,23,0,1,0,3.0,0.0
1,2644,4,False,0,2025-02-23,1,0.0,0.05,0.08,6,23,0,1,0,2.857142857142857,0.0
1,2711,4,False,0,2025-02-23,4,0.0,0.04,0.06,6,23,0,1,0,2.4285714285714284,0.0
1,2750,4,False,0,2025-02-23,4,0.0,0.01,0.01,6,23,0,1,0,2.7142857142857144,0.0
1,2773,4,False,0,2025-02-23,2,1.0,0.02,0.04,6,23,0,1,0,2.857142857142857,0.0
1,2800,4,False,0,2025-02-23,6,0.0,0.03,0.04,6,23,0,1,0,2.4285714285714284,0.0
1,2908,4,False,0,2025-02-23,1,0.0,0.03,0.04,6,23,0,1,0,2.857142857142857,0.0
1,2943,4,False,0,2025-02-23,3,0.0,0.02,0.03,6,23,0,1,0,2.857142857142857,0.0
1,2955,4,False,0,2025-02-23,3,0.0,0.01,0.02,6,23,0,1,0,3.0,0.0
1,2973,4,False,0,2025-02-23,4,1.0,0.04,0.05,6,23,0,1,0,3.2857142857142856,0.0
1,2988,4,False,0,2025-02-23,2,0.0,0.02,0.03,6,23,0,1,0,3.2857142857142856,0.0
1,2995,4,False,0,2025-02-23,2,0.0,0.05,0.07,6,23,0,1,0,3.0,0.0
1,3003,4,False,0,2025-02-23,6,0.0,0.02,0.04,6,23,0,1,0,3.0,0.0
1,3029,4,False,0,2025-02-23,3,0.0,0.09,0.11,6,23,0,1,0,3.0,0.0
1,3127,4,False,0,2025-02-23,4,0.0,0.12,0.14,6,23,0,1,0,3.2857142857142856,0.0
1,3130,4,False,0,2025-02-23,5,0.0,0.14,0.22,6,23,0,1,0,3.4285714285714284,0.0
1,3166,4,False,0,2025-02-23,3,0.0,0.01,0.01,6,23,0,1,0,3.7142857142857144,0.0
1,3169,4,False,0,2025-02-23,2,0.0,0.02,0.03,6,23,0,1,0,3.5714285714285716,0.0
1,3174,4,False,0,2025-02-23,3,0.0,0.01,0.01,6,23,0,1,0,3.5714285714285716,0.0
1,3222,4,False,0,2025-02-23,2,0.0,0.02,0.04,6,23,0,1,0,3.7142857142857144,0.0
1,3281,4,False,0,2025-02-23,2,0.0,0.06,0.08,6,23,0,1,0,3.142857142857143,0.0
1,3344,4,False,0,2025-02-23,2,0.0,0.04,0.05,6,23,0,1,0,3.0,0.0
1,3374,4,False,0,2025-02-23,1,0.0,0.06,0.09,6,23,0,1,0,2.7142857142857144,0.0
1,3376,4,False,0,2025-02-23,4,0.0,0.03,0.05,6,23,0,1,0,2.142857142857143,0.0
1,3400,4,False,0,2025-02-23,5,0.0,0.01,0.01,6,23,0,1,0,2.2857142857142856,0.0
1,3425,4,False,0,2025-02-23,0,0.0,0.01,0.01,6,23,0,1,0,2.7142857142857144,0.0
1,3428,4,False,0,2025-02-23,2,0.0,0.04,0.06,6,23,0,1,0,2.2857142857142856,0.0
1,3442,4,False,0,2025-02-23,6,0.0,0.07,0.1,6,23,0,1,0,2.2857142857142856,0.0
1,3459,4,False,0,2025-02-23,2,1.0,0.04,0.06,6,23,0,1,0,2.857142857142857,0.0
1,3460,4,False,0,2025-02-23,5,0.0,0.02,0.03,6,23,0,1,0,2.857142857142857,0.0
1,3462,4,False,0,2025-02-23,4,0.0,0.03,0.05,6,23,0,1,0,3.4285714285714284,0.0
1,3471,4,False,0,2025-02-23,3,0.0,0.03,0.04,6,23,0,1,0,3.4285714285714284,0.0
1,3497,4,False,0,2025-02-23,2,0.0,0.04,0.06,6,23,0,1,0,3.142857142857143,0.0
1,3511,4,False,0,2025-02-23,3,0.0,0.04,0.07,6,23,0,1,0,3.4285714285714284,0.0
1,3603,4,False,0,2025-02-23,2,0.0,0.04,0.06,6,23,0,1,0,3.5714285714285716,0.0
1,3618,4,False,0,2025-02-23,3,0.0,0.12,0.17,6,23,0,1,0,3.0,0.0
1,3669,4,False,0,2025-02-23,2,0.0,0.01,0.01,6,23,0,1,0,3.142857142857143,0.0
1,3670,4,False,0,2025-02-23,4,0.0,0.03,0.05,6,23,0,1,0,2.7142857142857144,0.0
1,3671,4,False,0,2025-02-23,3,0.0,0.04,0.07,6,23,0,1,0,2.7142857142857144,0.0
1,3678,4,False,0,2025-02-23,3,0.0,0.03,0.05,6,23,0,1,0,2.7142857142857144,0.0
1,3685,4,False,0,2025-02-23,0,0.0,0.03,0.06,6,23,0,1,0,2.857142857142857,0.0
1,3720,4,False,0,2025-02-23,0,0.0,0.05,0.07,6,23,0,1,0,2.4285714285714284,0.0
1,3738,4,False,0,2025-02-23,3,0.0,0.01,0.01,6,23,0,1,0,2.142857142857143,0.0
1,3744,4,False,0,2025-02-23,3,0.0,0.04,0.05,6,23,0,1,0,2.142857142857143,0.0
1,3797,4,False,0,2025-02-23,2,0.0,0.03,0.04,6,23,0,1,0,2.2857142857142856,0.0
1,3799,4,False,0,2025-02-23,1,1.0,0.03,0.05,6,23,0,1,0,2.0,0.0
1,3820,4,False,0,2025-02-23,4,0.0,0.02,0.04,6,23,0,1,0,1.7142857142857142,0.0
1,3821,4,False,0,2025-02-23,3,0.0,0.04,0.06,6,23,0,1,0,1.8571428571428572,0.0
1,3826,4,False,0,2025-02-23,3,0.0,0.02,0.04,6,23,0,1,0,2.2857142857142856,0.0
1,3831,4,False,0,2025-02-23,2,1.0,0.01,0.02,6,23,0,1,0,2.7142857142857144,0.0
1,3858,4,False,0,2025-02-23,3,0.0,0.06,0.08,6,23,0,1,0,2.5714285714285716,0.0
1,3894,4,False,0,2025-02-23,1,0.0,0.02,0.03,6,23,0,1,0,2.5714285714285716,0.0
1,3898,4,False,0,2025-02-23,4,0.0,0.06,0.1,6,23,0,1,0,2.4285714285714284,0.0
1,3913,4,False,0,2025-02-23,3,0.0,0.03,0.05,6,23,0,1,0,2.857142857142857,0.0
1,3917,4,False,0,2025-02-23,2,1.0,0.01,0.01,6,23,0,1,0,2.7142857142857144,0.0
1,3925,4,False,0,2025-02-23,0,0.0,0.03,0.04,6,23,0,1,0,2.5714285714285716,0.0
1,3940,4,False,0,2025-02-23,2,1.0,0.05,0.06,6,23,0,1,0,2.142857142857143,0.0
1,3954,4,False,0,2025-02-23,3,0.0,0.02,0.03,6,23,0,1,0,2.142857142857143,0.0
1,3966,4,False,0,2025-02-23,0,0.0,0.02,0.04,6,23,0,1,0,2.142857142857143,0.0
1,3969,4,False,0,2025-02-23,1,0.0,0.01,0.03,6,23,0,1,0,2.0,0.0
1,3977,4,False,0,2025-02-23,4,0.0,0.06,0.08,6,23,0,1,0,1.5714285714285714,0.0
1,4001,4,False,0,2025-02-23,5,1.0,0.04,0.06,6,23,0,1,0,1.7142857142857142,0.0
1,4034,4,False,0,2025-02-23,3,0.0,0.08,0.11,6,23,0,1,0,2.142857142857143,0.0
1,4054,4,False,0,2025-02-23,1,0.0,0.02,0.04,6,23,0,1,0,2.5714285714285716,0.0
1,4061,4,False,0,2025-02-23,1,2.0,0.05,0.07,6,23,0,1,0,2.4285714285714284,0.0
1,4086,4,False,0,2025-02-23,3,0.0,0.01,0.02,6,23,0,1,0,2.142857142857143,0.0
1,4096,4,False,0,2025-02-23,2,0.0,0.05,0.07,6,23,0,1,0,2.5714285714285716,0.0
1,4142,4,False,0,2025-02-23,4,0.0,0.02,0.03,6,23,0,1,0,2.7142857142857144,0.0
1,4156,4,False,0,2025-02-23,3,0.0,0.03,0.04,6,23,0,1,0,2.7142857142857144,0.0
1,4229,4,False,0,2025-02-23,3,0.0,0.02,0.04,6,23,0,1,0,2.4285714285714284,0.0
1,4244,4,False,0,2025-02-23,0,0.0,0.03,0.04,6,23,0,1,0,2.4285714285714284,0.0
1,4264,4,False,0,2025-02-23,4,0.0,0.05,0.07,6,23,0,1,0,2.2857142857142856,0.0
1,4331,4,False,0,2025-02-23,5,0.0,0.01,0.02,6,23,0,1,0,2.7142857142857144,0.0
1,4365,4,False,0,2025-02-23,5,0.0,0.04,0.06,6,23,0,1,0,3.0,0.0
1,4366,4,False,0,2025-02-23,6,0.0,0.05,0.06,6,23,0,1,0,3.4285714285714284,0.0
1,4420,4,False,0,2025-02-23,3,0.0,0.02,0.02,6,23,0,1,0,3.7142857142857144,0.0
1,4444,4,False,0,2025-02-23,3,0.0,0.07,0.1,6,23,0,1,0,3.7142857142857144,0.0
1,4450,4,False,0,2025-02-23,4,0.0,0.02,0.03,6,23,0,1,0,3.7142857142857144,0.0
1,4458,4,False,0,2025-02-23,12,0.0,0.03,0.05,6,23,0,1,0,4.285714285714286,0.0
1,4465,4,False,0,2025-02-23,3,0.0,0.02,0.04,6,23,0,1,0,5.428571428571429,0.0
1,4472,4,False,0,2025-02-23,5,0.0,0.01,0.01,6,23,0,1,0,5.142857142857143,0.0
1,4507,4,False,0,2025-02-23,3,0.0,0.03,0.04,6,23,0,1,0,5.142857142857143,0.0
1,4525,4,False,0,2025-02-23,3,0.0,0.01,0.03,6,23,0,1,0,4.714285714285714,0.0
1,4536,4,False,0,2025-02-23,4,0.0,0.01,0.01,6,23,0,1,0,4.714285714285714,0.0
1,4564,4,False,0,2025-02-23,2,0.0,0.02,0.04,6,23,0,1,0,4.857142857142857,0.0
1,4568,4,False,0,2025-02-23,5,0.0,0.01,0.01,6,23,0,1,0,4.571428571428571,0.0
1,4604,4,False,0,2025-02-23,5,0.0,0.02,0.03,6,23,0,1,0,3.5714285714285716,0.0
1,4610,4,False,0,2025-02-23,3,0.0,0.06,0.09,6,23,0,1,0,3.857142857142857,0.0
1,4620,4,False,0,2025-02-23,4,0.0,0.02,0.04,6,23,0,1,0,3.5714285714285716,0.0
1,4648,4,False,0,2025-02-23,2,0.0,0.05,0.07,6,23,0,1,0,3.7142857142857144,0.0
1,4700,4,False,0,2025-02-23,3,0.0,0.02,0.03,6,23,0,1,0,3.5714285714285716,0.0
1,4741,4,False,0,2025-02-23,3,0.0,0.02,0.05,6,23,0,1,0,3.4285714285714284,0.0
1,4759,4,False,0,2025-02-23,3,0.0,0.03,0.04,6,23,0,1,0,3.5714285714285716,0.0
1,4770,4,False,0,2025-02-23,2,0.0,0.03,0.05,6,23,0,1,0,3.2857142857142856,0.0
1,4774,4,False,0,2025-02-23,2,1.0,0.03,0.04,6,23,0,1,0,2.857142857142857,0.0
1,4903,4,False,0,2025-02-23,3,0.0,0.01,0.01,6,23,0,1,0,2.7142857142857144,0.0
1,4915,4,False,0,2025-02-23,5,0.0,0.01,0.02,6,23,0,1,0,2.5714285714285716,0.0
1,4929,4,False,0,2025-02-23,1,0.0,0.03,0.04,6,23,0,1,0,3.0,0.0
1,4961,4,False,0,2025-02-23,4,0.0,0.03,0.06,6,23,0,1,0,2.7142857142857144,0.0
1,4987,4,False,0,2025-02-23,2,0.0,0.02,0.03,6,23,0,1,0,2.857142857142857,0.0
1,4992,4,False,0,2025-02-23,2,0.0,0.04,0.05,6,23,0,1,0,2.7142857142857144,0.0
1,4997,4,False,0,2025-02-23,2,0.0,0.07,0.1,6,23,0,1,0,2.7142857142857144,0.0
1,4998,4,False,0,2025-02-23,3,0.0,0.01,0.01,6,23,0,1,0,2.7142857142857144,0.0
1,5008,4,False,0,2025-02-23,2,0.0,0.02,0.03,6,23,0,1,0,2.7142857142857144,0.0
1,5048,4,False,0,2025-02-23,2,0.0,0.01,0.02,6,23,0,1,0,2.2857142857142856,0.0
1,5091,4,False,0,2025-02-23,3,0.0,0.06,0.08,6,23,0,1,0,2.4285714285714284,0.0
1,5100,4,False,0,2025-02-23,3,0.0,0.02,0.03,6,23,0,1,0,2.2857142857142856,0.0
1,5112,4,False,0,2025-02-23,6,0.0,0.02,0.04,6,23,0,1,0,2.4285714285714284,0.0
1,5118,4,False,0,2025-02-23,2,0.0,0.05,0.08,6,23,0,1,0,3.0,0.0
1,5120,4,False,0,2025-02-23,0,0.0,0.02,0.03,6,23,0,1,0,3.0,0.0
1,5123,4,False,0,2025-02-23,3,0.0,0.02,0.04,6,23,0,1,0,2.5714285714285716,0.0
1,5130,4,False,0,2025-02-23,2,0.0,0.02,0.03,6,23,0,1,0,2.7142857142857144,0.0
1,5149,4,False,0,2025-02-23,4,0.0,0.12,0.14,6,23,0,1,0,2.7142857142857144,0.0
1,5163,4,False,0,2025-02-23,1,0.0,0.05,0.09,6,23,0,1,0,2.857142857142857,0.0
1,5169,4,False,0,2025-02-23,2,0.0,0.06,0.08,6,23,0,1,0,2.5714285714285716,0.0
1,5172,4,False,0,2025-02-23,3,0.0,0.04,0.06,6,23,0,1,0,2.0,0.0
1,5177,4,False,0,2025-02-23,3,0.0,0.01,0.01,6,23,0,1,0,2.142857142857143,0.0
1,5199,4,False,0,2025-02-23,2,0.0,0.02,0.02,6,23,0,1,0,2.5714285714285716,0.0
1,5234,4,False,0,2025-02-23,2,0.0,0.02,0.03,6,23,0,1,0,2.4285714285714284,0.0
1,5241,4,False,0,2025-02-23,2,0.0,0.01,0.01,6,23,0,1,0,2.4285714285714284,0.0
1,5247,4,False,0,2025-02-23,3,0.0,0.02,0.02,6,23,0,1,0,2.142857142857143,0.0
1,5267,4,False,0,2025-02-23,2,0.0,0.02,0.03,6,23,0,1,0,2.4285714285714284,0.0
1,5269,4,False,0,2025-02-23,0,0.0,0.01,0.02,6,23,0,1,0,2.4285714285714284,0.0
1,5275,4,False,0,2025-02-23,3,0.0,0.02,0.05,6,23,0,1,0,2.0,0.0
1,5283,4,False,0,2025-02-23,3,0.0,0.03,0.04,6,23,0,1,0,2.0,0.0
1,172,5,True,0,2025-02-23,26,4.0,0.01,0.02,6,23,0,1,0,2.142857142857143,0.0
1,327,5,True,0,2025-02-23,13,0.0,0.01,0.03,6,23,0,1,0,5.571428571428571,0.0
1,697,5,True,0,2025-02-23,33,0.0,0.04,0.13,6,23,0,1,0,7.142857142857143,0.0
1,1278,5,True,0,2025-02-23,51,3.0,0.02,0.05,6,23,0,1,0,11.428571428571429,0.0
1,1463,5,True,0,2025-02-23,21,0.0,0.01,0.05,6,23,0,1,0,18.428571428571427,0.0
1,1471,5,True,0,2025-02-23,8,0.0,0.02,0.05,6,23,0,1,0,21.428571428571427,0.0
1,1580,5,True,0,2025-02-23,7,0.0,0.02,0.04,6,23,0,1,0,22.142857142857142,0.0
1,1795,5,True,0,2025-02-23,8,0.0,0.02,0.04,6,23,0,1,0,22.714285714285715,0.0
1,1860,5,True,0,2025-02-23,13,1.0,0.03,0.04,6,23,0,1,0,20.142857142857142,0.0
1,2169,5,True,0,2025-02-23,3,0.0,0.01,0.02,6,23,0,1,0,20.142857142857142,0.0
1,2338,5,True,0,2025-02-23,11,0.0,0.01,0.05,6,23,0,1,0,15.857142857142858,0.0
1,2381,5,True,0,2025-02-23,8,1.0,0.04,0.06,6,23,0,1,0,10.142857142857142,0.0
1,2518,5,True,0,2025-02-23,8,0.0,0.02,0.09,6,23,0,1,0,8.285714285714286,0.0
1,2560,5,True,0,2025-02-23,11,0.0,0.03,0.04,6,23,0,1,0,8.285714285714286,0.0
1,2647,5,True,0,2025-02-23,15,3.0,0.03,0.05,6,23,0,1,0,8.857142857142858,0.0
1,2661,5,True,0,2025-02-23,37,0.0,0.0,0.01,6,23,0,1,0,9.857142857142858,0.0
1,2926,5,True,0,2025-02-23,3,0.0,0.03,0.05,6,23,0,1,0,13.285714285714286,0.0
1,3002,5,True,0,2025-02-23,10,0.0,0.04,0.09,6,23,0,1,0,13.285714285714286,0.0
1,3175,5,True,0,2025-02-23,17,3.0,0.04,0.1,6,23,0,1,0,13.142857142857142,0.0
1,3612,5,True,0,2025-02-23,32,2.0,0.05,0.08,6,23,0,1,0,14.428571428571429,0.0
1,3734,5,True,0,2025-02-23,10,0.0,0.05,0.09,6,23,0,1,0,17.857142857142858,0.0
1,3819,5,True,0,2025-02-23,5,0.0,0.02,0.07,6,23,0,1,0,17.714285714285715,0.0
1,4150,5,True,0,2025-02-23,49,1.0,0.02,0.04,6,23,0,1,0,16.285714285714285,0.0
1,4200,5,True,0,2025-02-23,45,0.0,0.06,0.12,6,23,0,1,0,18.0,1.4090508246797253
1,5036,5,True,0,2025-02-23,19,0.0,0.03,0.05,6,23,0,1,0,24.0,0.0
1,5260,5,True,0,2025-02-23,30,1.0,0.02,0.06,6,23,0,1,0,25.285714285714285,0.0
1,138,6,False,0,2025-02-23,2,0.0,0.16,0.23,6,23,0,1,0,27.142857142857142,0.0
1,177,6,False,0,2025-02-23,1,0.0,0.08,0.1,6,23,0,1,0,22.857142857142858,0.0
1,207,6,False,0,2025-02-23,1,0.0,0.22,0.31,6,23,0,1,0,21.571428571428573,0.0
1,316,6,False,0,2025-02-23,0,0.0,0.08,0.12,6,23,0,1,0,21.0,0.0
1,647,6,False,0,2025-02-23,2,0.0,0.07,0.09,6,23,0,1,0,14.0,0.0
1,755,6,False,0,2025-02-23,1,0.0,0.15,0.21,6,23,0,1,0,7.857142857142857,0.0
1,975,6,False,0,2025-02-23,1,0.0,0.08,0.1,6,23,0,1,0,5.285714285714286,0.0
1,1265,6,False,0,2025-02-23,4,0.0,0.14,0.2,6,23,0,1,0,1.1428571428571428,0.0
1,1309,6,False,0,2025-02-23,2,0.0,0.24,0.32,6,23,0,1,0,1.4285714285714286,0.0
1,1509,6,False,0,2025-02-23,0,0.0,0.22,0.25,6,23,0,1,0,1.5714285714285714,0.0
1,1740,6,False,0,2025-02-23,1,0.0,0.08,0.12,6,23,0,1,0,1.4285714285714286,0.0
1,1827,6,False,0,2025-02-23,1,0.0,0.1,0.15,6,23,0,1,0,1.5714285714285714,0.0
1,1845,6,False,0,2025-02-23,2,0.0,0.05,0.06,6,23,0,1,0,1.4285714285714286,0.0
1,1865,6,False,0,2025-02-23,2,0.0,0.12,0.16,6,23,0,1,0,1.5714285714285714,0.0
1,2131,6,False,0,2025-02-23,3,0.0,0.1,0.15,6,23,0,1,0,1.7142857142857142,0.0
1,2216,6,False,0,2025-02-23,1,0.0,0.06,0.09,6,23,0,1,0,1.5714285714285714,0.0
1,2240,6,False,0,2025-02-23,3,0.0,0.13,0.17,6,23,0,1,0,1.4285714285714286,0.0
1,2291,6,False,0,2025-02-23,1,0.0,0.15,0.21,6,23,0,1,0,1.8571428571428572,0.0
1,2352,6,False,0,2025-02-23,4,1.0,0.11,0.15,6,23,0,1,0,1.8571428571428572,0.0
1,2515,6,False,0,2025-02-23,2,0.0,0.16,0.19,6,23,0,1,0,2.2857142857142856,0.0
1,2617,6,False,0,2025-02-23,2,0.0,0.13,0.19,6,23,0,1,0,2.2857142857142856,0.0
1,2799,6,False,0,2025-02-23,1,0.0,0.06,0.08,6,23,0,1,0,2.2857142857142856,0.0
1,2934,6,False,0,2025-02-23,1,0.0,0.07,0.1,6,23,0,1,0,2.0,0.0
1,3090,6,False,0,2025-02-23,1,0.0,0.15,0.2,6,23,0,1,0,2.0,0.0
1,3380,6,False,0,2025-02-23,3,0.0,0.06,0.09,6,23,0,1,0,1.7142857142857142,0.0
1,3637,6,False,0,2025-02-23,1,0.0,0.07,0.09,6,23,0,1,0,2.0,0.0
1,3793,6,False,0,2025-02-23,2,0.0,0.03,0.04,6,23,0,1,0,1.5714285714285714,0.0
1,3937,6,False,0,2025-02-23,0,0.0,0.14,0.18,6,23,0,1,0,1.5714285714285714,0.0
1,4074,6,False,0,2025-02-23,1,0.0,0.16,0.22,6,23,0,1,0,1.2857142857142858,0.0
1,4196,6,False,0,2025-02-23,2,0.0,0.06,0.08,6,23,0,1,0,1.2857142857142858,0.0
1,4228,6,False,0,2025-02-23,3,0.0,0.16,0.2,6,23,0,1,0,1.4285714285714286,0.0
1,4356,6,False,0,2025-02-23,2,0.0,0.09,0.14,6,23,0,1,0,1.7142857142857142,0.0
1,4398,6,False,0,2025-02-23,0,0.0,0.09,0.17,6,23,0,1,0,1.5714285714285714,0.0
1,4430,6,False,0,2025-02-23,1,0.0,0.08,0.12,6,23,0,1,0,1.4285714285714286,0.0
1,4730,6,False,0,2025-02-23,1,0.0,0.13,0.15,6,23,0,1,0,1.2857142857142858,0.0
1,4736,6,False,0,2025-02-23,1,0.0,0.07,0.09,6,23,0,1,0,1.4285714285714286,0.0
1,4849,6,False,0,2025-02-23,2,0.0,0.13,0.22,6,23,0,1,0,1.4285714285714286,0.0
1,4887,6,False,0,2025-02-23,4,0.0,0.13,0.16,6,23,0,1,0,1.4285714285714286,0.0
1,5023,6,False,0,2025-02-23,2,0.0,0.13,0.18,6,23,0,1,0,1.5714285714285714,0.0
1,411,7,False,0,2025-02-23,10,1.0,0.0,0.01,6,23,0,1,0,1.5714285714285714,0.0
1,461,7,False,0,2025-02-23,17,0.0,0.0,0.01,6,23,0,1,0,3.0,0.0
1,551,7,False,0,2025-02-23,7,1.0,0.01,0.01,6,23,0,1,0,5.285714285714286,0.0
1,559,7,False,0,2025-02-23,18,12.0,0.01,0.01,6,23,0,1,0,6.142857142857143,0.0
1,848,7,False,0,2025-02-23,4,0.0,0.04,0.05,6,23,0,1,0,8.571428571428571,0.0
1,861,7,False,0,2025-02-23,26,2.0,0.01,0.02,6,23,0,1,0,8.857142857142858,0.0
1,1115,7,False,0,2025-02-23,86,0.0,0.0,0.0,6,23,0,1,0,12.0,0.0
1,1288,7,False,0,2025-02-23,14,0.0,0.01,0.02,6,23,0,1,0,24.0,0.0
1,1787,7,False,0,2025-02-23,0,0.0,0.02,0.02,6,23,0,1,0,24.571428571428573,2.1403038038657787
1,2175,7,False,0,2025-02-23,10,0.0,0.03,0.04,6,23,0,1,0,22.142857142857142,0.0
1,2227,7,False,0,2025-02-23,11,0.0,0.02,0.03,6,23,0,1,0,22.571428571428573,0.0
1,2499,7,False,0,2025-02-23,13,0.0,0.0,0.01,6,23,0,1,0,21.571428571428573,0.0
1,2887,7,False,0,2025-02-23,19,0.0,0.02,0.03,6,23,0,1,0,22.857142857142858,0.0
1,3023,7,False,0,2025-02-23,19,0.0,0.01,0.01,6,23,0,1,0,21.857142857142858,0.0
1,3040,7,False,0,2025-02-23,5,0.0,0.0,0.0,6,23,0,1,0,12.285714285714286,0.0
1,3105,7,False,0,2025-02-23,4,0.0,0.0,0.01,6,23,0,1,0,11.0,0.0
1,3272,7,False,0,2025-02-23,12,0.0,0.01,0.02,6,23,0,1,0,11.571428571428571,0.0
1,3314,7,False,0,2025-02-23,21,0.0,0.0,0.01,6,23,0,1,0,11.857142857142858,0.0
1,3401,7,False,0,2025-02-23,12,0.0,0.0,0.01,6,23,0,1,0,13.285714285714286,0.0
1,4026,7,False,0,2025-02-23,5,0.0,0.12,0.17,6,23,0,1,0,13.142857142857142,0.0
1,4093,7,False,0,2025-02-23,11,0.0,0.01,0.01,6,23,0,1,0,11.142857142857142,0.0
1,4298,7,False,0,2025-02-23,13,5.0,0.01,0.01,6,23,0,1,0,10.0,0.0
1,4351,7,False,0,2025-02-23,15,0.0,0.01,0.03,6,23,0,1,0,11.142857142857142,0.0
1,4411,7,False,0,2025-02-23,15,0.0,0.02,0.04,6,23,0,1,0,12.714285714285714,0.0
1,4585,7,False,0,2025-02-23,26,0.0,0.02,0.04,6,23,0,1,0,13.142857142857142,0.0
1,4688,7,False,0,2025-02-23,13,0.0,0.0,0.03,6,23,0,1,0,13.857142857142858,0.0
1,4867,7,False,0,2025-02-23,1,0.0,0.03,0.05,6,23,0,1,0,14.0,0.0
1,199,8,False,0,2025-02-23,11,0.0,0.01,0.02,6,23,0,1,0,13.428571428571429,0.0
1,269,8,False,0,2025-02-23,45,0.0,0.0,0.01,6,23,0,1,0,13.428571428571429,1.9967287762637422
1,805,8,False,0,2025-02-23,17,0.0,0.0,0.01,6,23,0,1,0,18.0,0.0
1,828,8,False,0,2025-02-23,10,0.0,0.01,0.01,6,23,0,1,0,18.285714285714285,0.0
1,932,8,False,0,2025-02-23,12,0.0,0.01,0.02,6,23,0,1,0,17.571428571428573,0.0
1,1010,8,False,0,2025-02-23,9,0.0,0.01,0.02,6,23,0,1,0,15.571428571428571,0.0
1,1073,8,False,0,2025-02-23,20,0.0,0.01,0.02,6,23,0,1,0,15.0,0.0
1,1308,8,False,0,2025-02-23,40,1.0,0.02,0.03,6,23,0,1,0,17.714285714285715,0.0
1,2253,8,False,0,2025-02-23,17,0.0,0.0,0.01,6,23,0,1,0,21.857142857142858,0.0
1,2420,8,False,0,2025-02-23,15,1.0,0.0,0.01,6,23,0,1,0,17.857142857142858,0.0
1,2659,8,False,0,2025-02-23,7,0.0,0.01,0.01,6,23,0,1,0,17.571428571428573,0.0
1,2985,8,False,0,2025-02-23,23,0.0,0.02,0.02,6,23,0,1,0,17.142857142857142,0.0
1,3015,8,False,0,2025-02-23,12,0.0,0.01,0.02,6,23,0,1,0,18.714285714285715,0.0
1,3331,8,False,0,2025-02-23,35,0.0,0.01,0.02,6,23,0,1,0,19.142857142857142,0.0
1,3430,8,False,0,2025-02-23,13,4.0,0.01,0.01,6,23,0,1,0,21.285714285714285,0.0
1,3545,8,False,0,2025-02-23,12,0.0,0.02,0.03,6,23,0,1,0,17.428571428571427,0.0
1,3594,8,False,0,2025-02-23,6,0.0,0.01,0.01,6,23,0,1,0,16.714285714285715,0.0
1,3605,8,False,0,2025-02-23,10,0.0,0.01,0.01,6,23,0,1,0,15.428571428571429,0.0
1,4513,8,False,0,2025-02-23,11,0.0,0.01,0.02,6,23,0,1,0,15.857142857142858,0.0
1,4560,8,False,0,2025-02-23,14,0.0,0.01,0.02,6,23,0,1,0,14.142857142857142,0.0
1,5038,8,False,0,2025-02-23,3,0.0,0.02,0.03,6,23,0,1,0,14.428571428571429,0.0
1,5075,8,False,0,2025-02-23,12,0.0,0.01,0.02,6,23,0,1,0,9.857142857142858,0.0
1,5178,8,False,0,2025-02-23,12,0.0,0.01,0.02,6,23,0,1,0,9.714285714285714,0.0
1,10,9,True,0,2025-02-23,8,0.0,0.04,0.05,6,23,0,1,0,9.714285714285714,0.0
1,45,9,True,0,2025-02-23,19,0.0,0.02,0.05,6,23,0,1,0,10.0,0.0
1,141,9,True,0,2025-02-23,8,0.0,0.03,0.09,6,23,0,1,0,11.285714285714286,0.0
1,187,9,True,0,2025-02-23,10,0.0,0.01,0.03,6,23,0,1,0,10.857142857142858,0.0
1,270,9,True,0,2025-02-23,27,0.0,0.02,0.07,6,23,0,1,0,10.285714285714286,0.0
1,275,9,True,0,2025-02-23,9,0.0,0.04,0.06,6,23,0,1,0,13.714285714285714,0.0
1,278,9,True,0,2025-02-23,17,0.0,0.05,0.1,6,23,0,1,0,13.285714285714286,0.0
1,317,9,True,0,2025-02-23,10,0.0,0.01,0.01,6,23,0,1,0,14.0,0.0
1,352,9,True,0,2025-02-23,21,4.0,0.02,0.06,6,23,0,1,0,14.285714285714286,0.0
1,473,9,True,0,2025-02-23,11,0.0,0.01,0.02,6,23,0,1,0,14.571428571428571,0.0
1,496,9,True,0,2025-02-23,8,0.0,0.01,0.02,6,23,0,1,0,15.0,0.0
1,615,9,True,0,2025-02-23,3,0.0,0.02,0.04,6,23,0,1,0,14.714285714285714,0.0
1,678,9,True,0,2025-02-23,22,0.0,0.01,0.05,6,23,0,1,0,11.285714285714286,0.0
1,696,9,True,0,2025-02-23,5,3.0,0.01,0.01,6,23,0,1,0,13.142857142857142,0.0
1,747,9,True,0,2025-02-23,3,0.0,0.01,0.03,6,23,0,1,0,11.428571428571429,0.0
1,802,9,True,0,2025-02-23,17,0.0,0.06,0.1,6,23,0,1,0,10.428571428571429,0.0
1,813,9,True,0,2025-02-23,30,1.0,0.02,0.03,6,23,0,1,0,9.857142857142858,0.0
1,958,9,True,0,2025-02-23,19,0.0,0.01,0.02,6,23,0,1,0,12.571428571428571,0.0
1,976,9,True,0,2025-02-23,15,0.0,0.01,0.04,6,23,0,1,0,14.142857142857142,0.0
1,1112,9,True,0,2025-02-23,23,0.0,0.02,0.05,6,23,0,1,0,15.857142857142858,0.0
1,1148,9,True,0,2025-02-23,2,0.0,0.02,0.06,6,23,0,1,0,16.0,0.0
1,1172,9,True,0,2025-02-23,15,0.0,0.01,0.04,6,23,0,1,0,15.571428571428571,0.0
1,1178,9,True,0,2025-02-23,12,0.0,0.02,0.07,6,23,0,1,0,17.285714285714285,0.0
1,1287,9,True,0,2025-02-23,13,0.0,0.01,0.04,6,23,0,1,0,16.571428571428573,0.0
1,1323,9,True,0,2025-02-23,12,1.0,0.02,0.06,6,23,0,1,0,14.142857142857142,0.0
1,1409,9,True,0,2025-02-23,20,4.0,0.02,0.06,6,23,0,1,0,13.142857142857142,0.0
1,1510,9,True,0,2025-02-23,9,0.0,0.03,0.1,6,23,0,1,0,13.857142857142858,0.0
1,1661,9,True,0,2025-02-23,12,1.0,0.01,0.06,6,23,0,1,0,11.857142857142858,0.0
1,1696,9,True,0,2025-02-23,18,2.0,0.01,0.03,6,23,0,1,0,13.285714285714286,0.0
1,1705,9,True,0,2025-02-23,9,1.0,0.04,0.1,6,23,0,1,0,13.714285714285714,0.0
1,1896,9,True,0,2025-02-23,4,0.0,0.03,0.11,6,23,0,1,0,13.285714285714286,0.0
1,1906,9,True,0,2025-02-23,9,0.0,0.04,0.13,6,23,0,1,0,12.0,0.0
1,1951,9,True,0,2025-02-23,30,1.0,0.02,0.05,6,23,0,1,0,11.571428571428571,0.0
1,2010,9,True,0,2025-02-23,21,0.0,0.03,0.1,6,23,0,1,0,13.0,0.0
1,2011,9,True,0,2025-02-23,9,0.0,0.01,0.03,6,23,0,1,0,14.714285714285714,0.0
1,2056,9,True,0,2025-02-23,11,0.0,0.01,0.02,6,23,0,1,0,14.285714285714286,0.0
1,2256,9,True,0,2025-02-23,24,0.0,0.02,0.04,6,23,0,1,0,13.285714285714286,0.0
1,2284,9,True,0,2025-02-23,7,0.0,0.01,0.03,6,23,0,1,0,15.428571428571429,0.0
1,2307,9,True,0,2025-02-23,48,3.0,0.02,0.06,6,23,0,1,0,15.857142857142858,0.0
1,2357,9,True,0,2025-02-23,17,0.0,0.09,0.18,6,23,0,1,0,21.428571428571427,0.0
1,2360,9,True,0,2025-02-23,6,0.0,0.01,0.04,6,23,0,1,0,19.571428571428573,0.0
1,2399,9,True,0,2025-02-23,22,2.0,0.03,0.1,6,23,0,1,0,17.428571428571427,0.0
1,2401,9,True,0,2025-02-23,19,0.0,0.01,0.02,6,23,0,1,0,19.285714285714285,0.0
1,2419,9,True,0,2025-02-23,9,0.0,0.02,0.03,6,23,0,1,0,20.428571428571427,0.0
1,2474,9,True,0,2025-02-23,11,0.0,0.04,0.11,6,23,0,1,0,18.285714285714285,0.0
1,2486,9,True,0,2025-02-23,6,0.0,0.02,0.07,6,23,0,1,0,18.857142857142858,0.0
1,2543,9,True,0,2025-02-23,3,0.0,0.0,0.02,6,23,0,1,0,12.857142857142858,0.0
1,2615,9,True,0,2025-02-23,15,0.0,0.02,0.06,6,23,0,1,0,10.857142857142858,0.0
1,2795,9,True,0,2025-02-23,8,0.0,0.02,0.07,6,23,0,1,0,12.142857142857142,0.0
1,2812,9,True,0,2025-02-23,28,0.0,0.02,0.07,6,23,0,1,0,10.142857142857142,0.0
1,2841,9,True,0,2025-02-23,22,0.0,0.01,0.08,6,23,0,1,0,11.428571428571429,0.0
1,2857,9,True,0,2025-02-23,43,5.0,0.01,0.02,6,23,0,1,0,13.285714285714286,0.0
1,3008,9,True,0,2025-02-23,36,5.0,0.01,0.04,6,23,0,1,0,17.857142857142858,0.0
1,3226,9,True,0,2025-02-23,3,0.0,0.02,0.04,6,23,0,1,0,22.142857142857142,0.0
1,3241,9,True,0,2025-02-23,11,1.0,0.01,0.05,6,23,0,1,0,22.142857142857142,0.0
1,3244,9,True,0,2025-02-23,15,0.0,0.01,0.04,6,23,0,1,0,21.571428571428573,0.0
1,3356,9,True,0,2025-02-23,7,0.0,0.01,0.03,6,23,0,1,0,22.571428571428573,0.0
1,3540,9,True,0,2025-02-23,9,1.0,0.03,0.07,6,23,0,1,0,19.571428571428573,0.0
1,3735,9,True,0,2025-02-23,10,0.0,0.02,0.06,6,23,0,1,0,17.714285714285715,0.0
1,3751,9,True,0,2025-02-23,4,0.0,0.04,0.07,6,23,0,1,0,13.0,0.0
1,3789,9,True,0,2025-02-23,5,0.0,0.01,0.03,6,23,0,1,0,8.428571428571429,0.0
1,3905,9,True,0,2025-02-23,28,0.0,0.01,0.07,6,23,0,1,0,8.714285714285714,0.0
1,4012,9,True,0,2025-02-23,38,0.0,0.01,0.06,6,23,0,1,0,11.142857142857142,0.0
1,4106,9,True,0,2025-02-23,23,0.0,0.02,0.07,6,23,0,1,0,14.428571428571429,0.0
1,4141,9,True,0,2025-02-23,11,1.0,0.05,0.09,6,23,0,1,0,16.714285714285715,0.0
1,4153,9,True,0,2025-02-23,34,0.0,0.01,0.02,6,23,0,1,0,17.0,0.0
1,4154,9,True,0,2025-02-23,7,0.0,0.0,0.01,6,23,0,1,0,20.428571428571427,0.0
1,4197,9,True,0,2025-02-23,1,0.0,0.01,0.04,6,23,0,1,0,20.857142857142858,0.0
1,4348,9,True,0,2025-02-23,10,1.0,0.01,0.03,6,23,0,1,0,20.285714285714285,0.0
1,4350,9,True,0,2025-02-23,14,4.0,0.03,0.05,6,23,0,1,0,17.714285714285715,0.0
1,4367,9,True,0,2025-02-23,8,0.0,0.03,0.08,6,23,0,1,0,14.285714285714286,0.0
1,4466,9,True,0,2025-02-23,19,0.0,0.02,0.06,6,23,0,1,0,12.142857142857142,0.0
1,4493,9,True,0,2025-02-23,42,0.0,0.01,0.07,6,23,0,1,0,13.285714285714286,0.0
1,4530,9,True,0,2025-02-23,13,2.0,0.01,0.02,6,23,0,1,0,14.428571428571429,0.0
1,4594,9,True,0,2025-02-23,7,0.0,0.01,0.08,6,23,0,1,0,15.285714285714286,0.0
1,4637,9,True,0,2025-02-23,12,0.0,0.01,0.03,6,23,0,1,0,16.142857142857142,0.0
1,4645,9,True,0,2025-02-23,24,0.0,0.01,0.02,6,23,0,1,0,16.428571428571427,1.973574565311183
1,4655,9,True,0,2025-02-23,9,0.0,0.06,0.08,6,23,0,1,0,17.857142857142858,0.0
1,4679,9,True,0,2025-02-23,55,0.0,0.01,0.03,6,23,0,1,0,18.0,0.0
1,4845,9,True,0,2025-02-23,20,2.0,0.01,0.03,6,23,0,1,0,23.142857142857142,0.0
1,4906,9,True,0,2025-02-23,17,1.0,0.01,0.04,6,23,0,1,0,20.0,0.0
1,4996,9,True,0,2025-02-23,12,0.0,0.0,0.02,6,23,0,1,0,20.571428571428573,0.0
1,5079,9,True,0,2025-02-23,5,0.0,0.01,0.03,6,23,0,1,0,21.285714285714285,0.0
1,5087,9,True,0,2025-02-23,11,1.0,0.03,0.06,6,23,0,1,0,20.285714285714285,0.0
1,5093,9,True,0,2025-02-23,6,0.0,0.02,0.06,6,23,0,1,0,18.428571428571427,0.0
1,5122,9,True,0,2025-02-23,8,1.0,0.01,0.03,6,23,0,1,0,18.0,0.0
1,5135,9,True,0,2025-02-23,6,0.0,0.02,0.05,6,23,0,1,0,11.285714285714286,0.0
1,5175,9,True,0,2025-02-23,10,0.0,0.01,0.03,6,23,0,1,0,9.285714285714286,0.0
1,5212,9,True,0,2025-02-23,10,0.0,0.01,0.04,6,23,0,1,0,8.285714285714286,0.0
1,5272,9,True,0,2025-02-23,60,0.0,0.01,0.02,6,23,0,1,0,8.0,0.0
1,147,10,False,0,2025-02-23,29,1.0,0.03,0.11,6,23,0,1,0,15.857142857142858,0.0
1,1782,10,False,0,2025-02-23,29,2.0,0.04,0.09,6,23,0,1,0,18.428571428571427,0.0
1,2377,10,False,0,2025-02-23,56,0.0,0.0,0.01,6,23,0,1,0,21.714285714285715,3.7003443728709784
1,3203,10,False,0,2025-02-23,29,0.0,0.03,0.13,6,23,0,1,0,28.571428571428573,0.0
1,5018,10,False,0,2025-02-23,21,3.0,0.02,0.09,6,23,0,1,0,31.857142857142858,0.0
1,2058,11,False,0,2025-02-23,0,0.0,0.22,0.22,6,23,0,1,0,33.42857142857143,1.9171845116800976
1,2882,11,False,0,2025-02-23,8,1.0,0.23,0.21,6,23,0,1,0,32.0,0.0
1,3107,11,False,0,2025-02-23,2,0.0,0.12,0.15,6,23,0,1,0,24.571428571428573,0.0
1,3123,11,False,0,2025-02-23,13,0.0,0.23,0.23,6,23,0,1,0,20.714285714285715,1.5660453189115735
1,3499,11,False,0,2025-02-23,7,1.0,0.09,0.08,6,23,0,1,0,18.428571428571427,0.0
1,3870,11,False,0,2025-02-23,2,1.0,0.15,0.18,6,23,0,1,0,11.428571428571429,0.0
1,4160,11,False,0,2025-02-23,0,0.0,0.16,0.19,6,23,0,1,0,7.571428571428571,0.0
1,5085,11,False,0,2025-02-23,24,0.0,0.23,0.21,6,23,0,1,0,4.571428571428571,0.0
1,488,1,False,0,2025-02-26,6,0.0,0.14,0.16,2,26,0,0,1,8.0,0.0
1,1985,1,False,0,2025-02-26,6,0.0,0.14,0.15,2,26,0,0,1,7.714285714285714,0.0
1,2735,1,False,0,2025-02-26,6,0.0,0.14,0.17,2,26,0,0,1,8.285714285714286,0.0
1,3664,1,False,0,2025-02-26,3,1.0,0.14,0.17,2,26,0,0,1,7.285714285714286,0.0
1,4052,1,False,0,2025-02-26,8,4.0,0.15,0.15,2,26,0,0,1,6.714285714285714,0.0
1,48,3,True,0,2025-02-26,5,0.0,0.12,0.17,2,26,0,0,1,7.571428571428571,0.0
1,59,3,True,0,2025-02-26,16,0.0,0.02,0.02,2,26,0,0,1,8.285714285714286,1.7106696486416395
1,82,3,True,0,2025-02-26,3,0.0,0.06,0.07,2,26,0,0,1,7.142857142857143,0.0
1,86,3,True,0,2025-02-26,2,0.0,0.12,0.15,2,26,0,0,1,6.714285714285714,0.0
1,87,3,True,0,2025-02-26,15,0.0,0.03,0.04,2,26,0,0,1,6.142857142857143,1.394406328652792
1,94,3,True,0,2025-02-26,2,1.0,0.08,0.16,2,26,0,0,1,7.428571428571429,0.0
1,103,3,True,0,2025-02-26,6,0.0,0.06,0.09,2,26,0,0,1,7.285714285714286,0.0
1,106,3,True,0,2025-02-26,13,0.0,0.04,0.06,2,26,0,0,1,7.0,0.0
1,167,3,True,0,2025-02-26,5,0.0,0.09,0.16,2,26,0,0,1,8.142857142857142,0.0
1,212,3,True,0,2025-02-26,4,0.0,0.05,0.07,2,26,0,0,1,6.571428571428571,0.0
1,234,3,True,0,2025-02-26,4,0.0,0.08,0.11,2,26,0,0,1,6.714285714285714,0.0
1,281,3,True,0,2025-02-26,8,2.0,0.07,0.1,2,26,0,0,1,7.0,0.0
1,381,3,True,0,2025-02-26,5,0.0,0.04,0.05,2,26,0,0,1,6.0,0.0
1,415,3,True,0,2025-02-26,2,0.0,0.07,0.1,2,26,0,0,1,6.428571428571429,0.0
1,440,3,True,0,2025-02-26,4,0.0,0.05,0.07,2,26,0,0,1,5.857142857142857,0.0
1,470,3,True,0,2025-02-26,2,0.0,0.07,0.1,2,26,0,0,1,4.571428571428571,0.0
1,493,3,True,0,2025-02-26,2,0.0,0.11,0.13,2,26,0,0,1,4.142857142857143,0.0
1,516,3,True,0,2025-02-26,0,0.0,0.02,0.02,2,26,0,0,1,3.857142857142857,0.0
1,605,3,True,0,2025-02-26,3,1.0,0.05,0.07,2,26,0,0,1,3.2857142857142856,0.0
1,612,3,True,0,2025-02-26,11,0.0,0.03,0.03,2,26,0,0,1,2.5714285714285716,0.0
1,620,3,True,0,2025-02-26,6,0.0,0.02,0.03,2,26,0,0,1,3.4285714285714284,0.0
1,650,3,True,0,2025-02-26,4,0.0,0.08,0.11,2,26,0,0,1,4.0,0.0
1,686,3,True,0,2025-02-26,5,1.0,0.03,0.05,2,26,0,0,1,4.0,0.0
1,703,3,True,0,2025-02-26,8,6.0,0.02,0.02,2,26,0,0,1,4.428571428571429,0.0
1,742,3,True,0,2025-02-26,4,0.0,0.04,0.06,2,26,0,0,1,5.285714285714286,0.0
1,855,3,True,0,2025-02-26,13,1.0,0.02,0.03,2,26,0,0,1,5.857142857142857,0.0
1,947,3,True,0,2025-02-26,28,0.0,0.01,0.01,2,26,0,0,1,7.285714285714286,0.0
1,1052,3,True,0,2025-02-26,3,0.0,0.02,0.03,2,26,0,0,1,9.714285714285714,0.0
1,1071,3,True,0,2025-02-26,3,1.0,0.02,0.05,2,26,0,0,1,9.285714285714286,0.0
1,1103,3,True,0,2025-02-26,10,0.0,0.1,0.13,2,26,0,0,1,9.142857142857142,0.0
1,1105,3,True,0,2025-02-26,8,0.0,0.05,0.07,2,26,0,0,1,9.857142857142858,0.0
1,1120,3,True,0,2025-02-26,1,3.0,0.06,0.09,2,26,0,0,1,9.857142857142858,0.0
1,1175,3,True,0,2025-02-26,10,0.0,0.01,0.03,2,26,0,0,1,9.428571428571429,0.0
1,1190,3,True,0,2025-02-26,6,0.0,0.04,0.05,2,26,0,0,1,9.0,0.0
1,1223,3,True,0,2025-02-26,11,0.0,0.03,0.05,2,26,0,0,1,5.857142857142857,0.0
1,1235,3,True,0,2025-02-26,9,0.0,0.06,0.08,2,26,0,0,1,7.0,0.0
1,1261,3,True,0,2025-02-26,3,0.0,0.07,0.09,2,26,0,0,1,7.857142857142857,0.0
1,1291,3,True,0,2025-02-26,4,1.0,0.04,0.05,2,26,0,0,1,6.857142857142857,0.0
1,1382,3,True,0,2025-02-26,6,0.0,0.05,0.07,2,26,0,0,1,6.285714285714286,0.0
1,1384,3,True,0,2025-02-26,9,1.0,0.08,0.1,2,26,0,0,1,7.0,0.0
1,1390,3,True,0,2025-02-26,8,0.0,0.04,0.06,2,26,0,0,1,6.857142857142857,0.0
1,1447,3,True,0,2025-02-26,8,1.0,0.08,0.12,2,26,0,0,1,7.142857142857143,0.0
1,1470,3,True,0,2025-02-26,8,1.0,0.06,0.08,2,26,0,0,1,6.714285714285714,0.0
1,1503,3,True,0,2025-02-26,3,0.0,0.17,0.19,2,26,0,0,1,6.571428571428571,0.0
1,1505,3,True,0,2025-02-26,38,0.0,0.01,0.02,2,26,0,0,1,6.571428571428571,1.9453299669640034
1,1531,3,True,0,2025-02-26,43,0.0,0.05,0.07,2,26,0,0,1,11.428571428571429,0.0
1,1576,3,True,0,2025-02-26,4,0.0,0.13,0.17,2,26,0,0,1,16.714285714285715,0.0
1,1610,3,True,0,2025-02-26,24,1.0,0.01,0.01,2,26,0,0,1,16.0,0.0
1,1642,3,True,0,2025-02-26,0,0.0,0.09,0.12,2,26,0,0,1,18.285714285714285,0.0
1,1771,3,True,0,2025-02-26,4,0.0,0.17,0.22,2,26,0,0,1,17.142857142857142,0.0
1,1822,3,True,0,2025-02-26,2,0.0,0.08,0.09,2,26,0,0,1,16.571428571428573,0.0
1,1849,3,True,0,2025-02-26,8,0.0,0.05,0.06,2,26,0,0,1,16.428571428571427,0.0
1,1902,3,True,0,2025-02-26,7,0.0,0.03,0.04,2,26,0,0,1,12.142857142857142,0.0
1,1940,3,True,0,2025-02-26,4,0.0,0.04,0.05,2,26,0,0,1,7.0,0.0
1,1949,3,True,0,2025-02-26,7,0.0,0.04,0.05,2,26,0,0,1,7.0,0.0
1,1969,3,True,0,2025-02-26,1,1.0,0.13,0.16,2,26,0,0,1,4.571428571428571,0.0
1,1988,3,True,0,2025-02-26,0,0.0,0.12,0.17,2,26,0,0,1,4.714285714285714,0.0
1,1997,3,True,0,2025-02-26,11,0.0,0.01,0.02,2,26,0,0,1,4.142857142857143,0.0
1,2039,3,True,0,2025-02-26,0,0.0,0.01,0.02,2,26,0,0,1,5.428571428571429,0.0
1,2040,3,True,0,2025-02-26,1,1.0,0.08,0.11,2,26,0,0,1,4.285714285714286,0.0
1,2048,3,True,0,2025-02-26,3,0.0,0.04,0.06,2,26,0,0,1,3.4285714285714284,0.0
1,2062,3,True,0,2025-02-26,7,0.0,0.11,0.14,2,26,0,0,1,3.2857142857142856,0.0
1,2110,3,True,0,2025-02-26,1,0.0,0.06,0.08,2,26,0,0,1,3.2857142857142856,0.0
1,2127,3,True,0,2025-02-26,8,2.0,0.03,0.04,2,26,0,0,1,3.2857142857142856,0.0
1,2151,3,True,0,2025-02-26,0,0.0,0.0,0.01,2,26,0,0,1,4.428571428571429,0.0
1,2185,3,True,0,2025-02-26,13,0.0,0.04,0.05,2,26,0,0,1,2.857142857142857,0.0
1,2236,3,True,0,2025-02-26,10,0.0,0.07,0.09,2,26,0,0,1,4.714285714285714,0.0
1,2331,3,True,0,2025-02-26,6,0.0,0.52,0.59,2,26,0,0,1,6.0,0.0
1,2432,3,True,0,2025-02-26,14,1.0,0.03,0.04,2,26,0,0,1,6.428571428571429,0.0
1,2491,3,True,0,2025-02-26,6,1.0,0.03,0.05,2,26,0,0,1,7.428571428571429,0.0
1,2551,3,True,0,2025-02-26,4,0.0,0.02,0.02,2,26,0,0,1,8.142857142857142,0.0
1,2558,3,True,0,2025-02-26,3,0.0,0.08,0.11,2,26,0,0,1,7.571428571428571,0.0
1,2585,3,True,0,2025-02-26,1,1.0,0.03,0.04,2,26,0,0,1,8.0,0.0
1,2595,3,True,0,2025-02-26,28,0.0,0.0,0.01,2,26,0,0,1,6.285714285714286,0.0
1,2700,3,True,0,2025-02-26,24,1.0,0.01,0.01,2,26,0,0,1,8.857142857142858,0.0
1,2805,3,True,0,2025-02-26,1,0.0,0.08,0.11,2,26,0,0,1,11.428571428571429,0.0
1,2816,3,True,0,2025-02-26,3,0.0,0.06,0.08,2,26,0,0,1,9.571428571428571,0.0
1,2840,3,True,0,2025-02-26,6,0.0,0.17,0.21,2,26,0,0,1,9.142857142857142,0.0
1,2852,3,True,0,2025-02-26,6,0.0,0.07,0.1,2,26,0,0,1,9.428571428571429,0.0
1,2884,3,True,0,2025-02-26,3,0.0,0.23,0.29,2,26,0,0,1,9.857142857142858,0.0
1,2889,3,True,0,2025-02-26,13,0.0,0.03,0.04,2,26,0,0,1,10.142857142857142,0.0
1,3190,3,True,0,2025-02-26,20,0.0,0.02,0.02,2,26,0,0,1,8.0,0.0
1,3239,3,True,0,2025-02-26,0,0.0,0.06,0.07,2,26,0,0,1,7.428571428571429,0.0
1,3279,3,True,0,2025-02-26,9,1.0,0.02,0.03,2,26,0,0,1,7.285714285714286,0.0
1,3283,3,True,0,2025-02-26,7,0.0,0.1,0.13,2,26,0,0,1,8.142857142857142,0.0
1,3339,3,True,0,2025-02-26,83,6.0,0.01,0.01,2,26,0,0,1,8.285714285714286,0.0
1,3349,3,True,0,2025-02-26,6,0.0,0.27,0.35,2,26,0,0,1,19.285714285714285,0.0
1,3360,3,True,0,2025-02-26,4,0.0,0.02,0.04,2,26,0,0,1,19.714285714285715,0.0
1,3556,3,True,0,2025-02-26,2,0.0,0.26,0.35,2,26,0,0,1,18.428571428571427,0.0
1,3693,3,True,0,2025-02-26,21,2.0,0.01,0.01,2,26,0,0,1,15.857142857142858,2.4295174957577608
1,3717,3,True,0,2025-02-26,1,0.0,0.05,0.07,2,26,0,0,1,18.857142857142858,0.0
1,3768,3,True,0,2025-02-26,5,0.0,0.02,0.02,2,26,0,0,1,17.714285714285715,0.0
1,3786,3,True,0,2025-02-26,0,0.0,0.05,0.12,2,26,0,0,1,17.428571428571427,0.0
1,3862,3,True,0,2025-02-26,5,0.0,0.07,0.09,2,26,0,0,1,5.571428571428571,0.0
1,3931,3,True,0,2025-02-26,32,0.0,0.01,0.02,2,26,0,0,1,5.428571428571429,0.0
1,3985,3,True,0,2025-02-26,6,1.0,0.12,0.17,2,26,0,0,1,9.428571428571429,0.0
1,4059,3,True,0,2025-02-26,3,0.0,0.33,0.49,2,26,0,0,1,10.0,0.0
1,4101,3,True,0,2025-02-26,10,2.0,0.13,0.15,2,26,0,0,1,7.428571428571429,0.0
1,4144,3,True,0,2025-02-26,19,0.0,0.02,0.02,2,26,0,0,1,8.714285714285714,0.0
1,4176,3,True,0,2025-02-26,9,1.0,0.03,0.05,2,26,0,0,1,10.714285714285714,0.0
1,4204,3,True,0,2025-02-26,4,0.0,0.14,0.17,2,26,0,0,1,12.0,0.0
1,4205,3,True,0,2025-02-26,32,0.0,0.02,0.02,2,26,0,0,1,11.857142857142858,1.7544687624847
1,4215,3,True,0,2025-02-26,8,0.0,0.03,0.07,2,26,0,0,1,11.857142857142858,0.0
1,4252,3,True,0,2025-02-26,5,0.0,0.02,0.03,2,26,0,0,1,12.142857142857142,0.0
1,4321,3,True,0,2025-02-26,3,0.0,0.1,0.13,2,26,0,0,1,12.428571428571429,0.0
1,4333,3,True,0,2025-02-26,5,0.0,0.21,0.26,2,26,0,0,1,11.428571428571429,0.0
1,4426,3,True,0,2025-02-26,60,0.0,0.03,0.04,2,26,0,0,1,9.428571428571429,1.6028533355443617
1,4433,3,True,0,2025-02-26,8,1.0,0.05,0.11,2,26,0,0,1,16.714285714285715,0.0
1,4439,3,True,0,2025-02-26,29,4.0,0.02,0.02,2,26,0,0,1,17.285714285714285,2.1217233434681613
1,4447,3,True,0,2025-02-26,16,0.0,0.02,0.03,2,26,0,0,1,16.857142857142858,0.0
1,4461,3,True,0,2025-02-26,11,0.0,0.03,0.04,2,26,0,0,1,18.0,0.0
1,4470,3,True,0,2025-02-26,5,0.0,0.07,0.09,2,26,0,0,1,18.857142857142858,0.0
1,4488,3,True,0,2025-02-26,12,1.0,0.01,0.03,2,26,0,0,1,19.142857142857142,0.0
1,4504,3,True,0,2025-02-26,7,1.0,0.03,0.04,2,26,0,0,1,20.142857142857142,0.0
1,4523,3,True,0,2025-02-26,4,0.0,0.06,0.09,2,26,0,0,1,12.571428571428571,0.0
1,4596,3,True,0,2025-02-26,8,2.0,0.07,0.07,2,26,0,0,1,12.0,0.0
1,4633,3,True,0,2025-02-26,5,0.0,0.04,0.06,2,26,0,0,1,9.0,0.0
1,4713,3,True,0,2025-02-26,6,0.0,0.04,0.05,2,26,0,0,1,7.428571428571429,0.0
1,4722,3,True,0,2025-02-26,20,0.0,0.04,0.06,2,26,0,0,1,6.714285714285714,1.345815542936207
1,4766,3,True,0,2025-02-26,11,0.0,0.03,0.04,2,26,0,0,1,8.857142857142858,0.0
1,4786,3,True,0,2025-02-26,20,0.0,0.03,0.04,2,26,0,0,1,8.714285714285714,0.0
1,4800,3,True,0,2025-02-26,4,0.0,0.08,0.11,2,26,0,0,1,10.571428571428571,0.0
1,4809,3,True,0,2025-02-26,4,1.0,0.1,0.15,2,26,0,0,1,10.571428571428571,0.0
1,4810,3,True,0,2025-02-26,14,0.0,0.03,0.04,2,26,0,0,1,10.0,0.0
1,4818,3,True,0,2025-02-26,15,1.0,0.04,0.07,2,26,0,0,1,11.285714285714286,0.0
1,4826,3,True,0,2025-02-26,1,0.0,0.12,0.17,2,26,0,0,1,12.571428571428571,0.0
1,4847,3,True,0,2025-02-26,2,0.0,0.1,0.14,2,26,0,0,1,9.857142857142858,0.0
1,4889,3,True,0,2025-02-26,5,0.0,0.03,0.04,2,26,0,0,1,8.571428571428571,0.0
1,4952,3,True,0,2025-02-26,4,0.0,0.24,0.27,2,26,0,0,1,6.428571428571429,0.0
1,4960,3,True,0,2025-02-26,11,0.0,0.02,0.03,2,26,0,0,1,6.428571428571429,0.0
1,5029,3,True,0,2025-02-26,2,0.0,0.06,0.08,2,26,0,0,1,7.428571428571429,0.0
1,5057,3,True,0,2025-02-26,3,0.0,0.06,0.09,2,26,0,0,1,5.714285714285714,0.0
1,5060,3,True,0,2025-02-26,4,0.0,0.06,0.08,2,26,0,0,1,4.0,0.0
1,5082,3,True,0,2025-02-26,8,0.0,0.04,0.05,2,26,0,0,1,4.428571428571429,0.0
1,5090,3,True,0,2025-02-26,5,0.0,0.05,0.06,2,26,0,0,1,5.285714285714286,0.0
1,5153,3,True,0,2025-02-26,3,1.0,0.09,0.12,2,26,0,0,1,5.285714285714286,0.0
1,5167,3,True,0,2025-02-26,6,0.0,0.05,0.06,2,26,0,0,1,5.142857142857143,0.0
1,5176,3,True,0,2025-02-26,3,0.0,0.24,0.32,2,26,0,0,1,4.428571428571429,0.0
1,5183,3,True,0,2025-02-26,14,1.0,0.03,0.04,2,26,0,0,1,4.571428571428571,0.0
1,5259,3,True,0,2025-02-26,16,2.0,0.06,0.09,2,26,0,0,1,6.142857142857143,1.4137633969759948
1,4,4,False,0,2025-02-26,2,0.0,0.12,0.16,2,26,0,0,1,7.857142857142857,0.0
1,19,4,False,0,2025-02-26,3,0.0,0.01,0.03,2,26,0,0,1,7.0,0.0
1,34,4,False,0,2025-02-26,3,0.0,0.01,0.01,2,26,0,0,1,6.714285714285714,0.0
1,47,4,False,0,2025-02-26,3,2.0,0.01,0.02,2,26,0,0,1,6.714285714285714,0.0
1,61,4,False,0,2025-02-26,4,0.0,0.01,0.02,2,26,0,0,1,6.285714285714286,0.0
1,70,4,False,0,2025-02-26,2,0.0,0.03,0.06,2,26,0,0,1,6.428571428571429,0.0
1,91,4,False,0,2025-02-26,4,0.0,0.03,0.03,2,26,0,0,1,4.714285714285714,0.0
1,107,4,False,0,2025-02-26,3,0.0,0.03,0.04,2,26,0,0,1,3.0,0.0
1,122,4,False,0,2025-02-26,1,0.0,0.03,0.04,2,26,0,0,1,3.142857142857143,0.0
1,155,4,False,0,2025-02-26,5,0.0,0.04,0.06,2,26,0,0,1,2.857142857142857,0.0
1,200,4,False,0,2025-02-26,4,0.0,0.04,0.05,2,26,0,0,1,3.142857142857143,0.0
1,248,4,False,0,2025-02-26,2,1.0,0.05,0.07,2,26,0,0,1,3.2857142857142856,0.0
1,249,4,False,0,2025-02-26,8,0.0,0.13,0.17,2,26,0,0,1,3.0,0.0
1,283,4,False,0,2025-02-26,3,0.0,0.03,0.05,2,26,0,0,1,3.857142857142857,0.0
1,355,4,False,0,2025-02-26,3,0.0,0.02,0.03,2,26,0,0,1,3.7142857142857144,0.0
1,363,4,False,0,2025-02-26,3,0.0,0.01,0.01,2,26,0,0,1,3.7142857142857144,0.0
1,371,4,False,0,2025-02-26,2,1.0,0.01,0.01,2,26,0,0,1,4.0,0.0
1,393,4,False,0,2025-02-26,3,0.0,0.02,0.03,2,26,0,0,1,3.5714285714285716,0.0
1,442,4,False,0,2025-02-26,2,1.0,0.05,0.07,2,26,0,0,1,3.4285714285714284,0.0
1,495,4,False,0,2025-02-26,6,0.0,0.02,0.03,2,26,0,0,1,3.4285714285714284,0.0
1,523,4,False,0,2025-02-26,3,0.0,0.03,0.05,2,26,0,0,1,3.142857142857143,0.0
1,538,4,False,0,2025-02-26,3,0.0,0.02,0.04,2,26,0,0,1,3.142857142857143,0.0
1,542,4,False,0,2025-02-26,3,0.0,0.04,0.05,2,26,0,0,1,3.142857142857143,0.0
1,544,4,False,0,2025-02-26,4,0.0,0.02,0.04,2,26,0,0,1,3.142857142857143,0.0
1,564,4,False,0,2025-02-26,1,1.0,0.02,0.03,2,26,0,0,1,3.4285714285714284,0.0
1,610,4,False,0,2025-02-26,1,0.0,0.04,0.06,2,26,0,0,1,3.142857142857143,0.0
1,619,4,False,0,2025-02-26,2,0.0,0.04,0.05,2,26,0,0,1,3.0,0.0
1,636,4,False,0,2025-02-26,2,0.0,0.02,0.03,2,26,0,0,1,2.4285714285714284,0.0
1,645,4,False,0,2025-02-26,1,0.0,0.01,0.02,2,26,0,0,1,2.2857142857142856,0.0
1,653,4,False,0,2025-02-26,3,0.0,0.02,0.03,2,26,0,0,1,2.0,0.0
1,668,4,False,0,2025-02-26,4,0.0,0.03,0.04,2,26,0,0,1,2.0,0.0
1,701,4,False,0,2025-02-26,4,0.0,0.02,0.03,2,26,0,0,1,2.0,0.0
1,717,4,False,0,2025-02-26,2,0.0,0.05,0.07,2,26,0,0,1,2.4285714285714284,0.0
1,768,4,False,0,2025-02-26,2,1.0,0.03,0.04,2,26,0,0,1,2.5714285714285716,0.0
1,769,4,False,0,2025-02-26,5,0.0,0.01,0.01,2,26,0,0,1,2.5714285714285716,0.0
1,780,4,False,0,2025-02-26,3,1.0,0.03,0.05,2,26,0,0,1,3.0,0.0
1,794,4,False,0,2025-02-26,1,0.0,0.03,0.05,2,26,0,0,1,3.2857142857142856,0.0
1,854,4,False,0,2025-02-26,3,0.0,0.05,0.06,2,26,0,0,1,3.0,0.0
1,858,4,False,0,2025-02-26,2,0.0,0.04,0.06,2,26,0,0,1,2.857142857142857,0.0
1,864,4,False,0,2025-02-26,3,0.0,0.02,0.03,2,26,0,0,1,2.5714285714285716,0.0
1,875,4,False,0,2025-02-26,6,0.0,0.02,0.03,2,26,0,0,1,2.7142857142857144,0.0
1,891,4,False,0,2025-02-26,4,0.0,0.03,0.04,2,26,0,0,1,3.2857142857142856,0.0
1,961,4,False,0,2025-02-26,3,0.0,0.05,0.05,2,26,0,0,1,3.142857142857143,0.0
1,979,4,False,0,2025-02-26,4,0.0,0.06,0.07,2,26,0,0,1,3.142857142857143,0.0
1,1017,4,False,0,2025-02-26,3,0.0,0.03,0.04,2,26,0,0,1,3.5714285714285716,0.0
1,1047,4,False,0,2025-02-26,4,0.0,0.09,0.14,2,26,0,0,1,3.5714285714285716,0.0
1,1057,4,False,0,2025-02-26,2,0.0,0.04,0.07,2,26,0,0,1,3.857142857142857,0.0
1,1095,4,False,0,2025-02-26,3,0.0,0.03,0.05,2,26,0,0,1,3.7142857142857144,0.0
1,1107,4,False,0,2025-02-26,2,0.0,0.02,0.03,2,26,0,0,1,3.2857142857142856,0.0
1,1161,4,False,0,2025-02-26,2,0.0,0.02,0.04,2,26,0,0,1,3.0,0.0
1,1177,4,False,0,2025-02-26,3,0.0,0.1,0.15,2,26,0,0,1,2.857142857142857,0.0
1,1189,4,False,0,2025-02-26,5,0.0,0.02,0.04,2,26,0,0,1,2.7142857142857144,0.0
1,1193,4,False,0,2025-02-26,3,0.0,0.02,0.03,2,26,0,0,1,3.0,0.0
1,1202,4,False,0,2025-02-26,2,0.0,0.02,0.04,2,26,0,0,1,2.857142857142857,0.0
1,1215,4,False,0,2025-02-26,3,0.0,0.01,0.02,2,26,0,0,1,2.857142857142857,0.0
1,1224,4,False,0,2025-02-26,1,0.0,0.04,0.05,2,26,0,0,1,2.857142857142857,0.0
1,1267,4,False,0,2025-02-26,3,0.0,0.07,0.09,2,26,0,0,1,2.7142857142857144,0.0
1,1293,4,False,0,2025-02-26,7,0.0,0.03,0.04,2,26,0,0,1,2.857142857142857,0.0
1,1303,4,False,0,2025-02-26,4,0.0,0.06,0.08,2,26,0,0,1,3.4285714285714284,0.0
1,1338,4,False,0,2025-02-26,2,0.0,0.06,0.09,2,26,0,0,1,3.2857142857142856,0.0
1,1344,4,False,0,2025-02-26,2,0.0,0.06,0.09,2,26,0,0,1,3.142857142857143,0.0
1,1350,4,False,0,2025-02-26,2,0.0,0.03,0.05,2,26,0,0,1,3.142857142857143,0.0
1,1367,4,False,0,2025-02-26,2,2.0,0.02,0.03,2,26,0,0,1,3.0,0.0
1,1404,4,False,0,2025-02-26,3,0.0,0.02,0.04,2,26,0,0,1,3.142857142857143,0.0
1,1421,4,False,0,2025-02-26,3,0.0,0.02,0.03,2,26,0,0,1,3.142857142857143,0.0
1,1448,4,False,0,2025-02-26,2,0.0,0.06,0.08,2,26,0,0,1,2.5714285714285716,0.0
1,1466,4,False,0,2025-02-26,0,0.0,0.02,0.03,2,26,0,0,1,2.2857142857142856,0.0
1,1479,4,False,0,2025-02-26,3,0.0,0.05,0.06,2,26,0,0,1,2.0,0.0
1,1483,4,False,0,2025-02-26,3,0.0,0.02,0.04,2,26,0,0,1,2.142857142857143,0.0
1,1498,4,False,0,2025-02-26,9,0.0,0.12,0.16,2,26,0,0,1,2.2857142857142856,0.0
1,1517,4,False,0,2025-02-26,1,0.0,0.02,0.03,2,26,0,0,1,3.2857142857142856,0.0
1,1533,4,False,0,2025-02-26,6,0.0,0.05,0.07,2,26,0,0,1,3.0,0.0
1,1606,4,False,0,2025-02-26,4,1.0,0.04,0.05,2,26,0,0,1,3.4285714285714284,0.0
1,1622,4,False,0,2025-02-26,3,0.0,0.07,0.09,2,26,0,0,1,3.7142857142857144,0.0
1,1624,4,False,0,2025-02-26,3,0.0,0.04,0.06,2,26,0,0,1,4.142857142857143,0.0
1,1625,4,False,0,2025-02-26,3,0.0,0.03,0.04,2,26,0,0,1,4.142857142857143,0.0
1,1634,4,False,0,2025-02-26,2,0.0,0.05,0.06,2,26,0,0,1,4.142857142857143,0.0
1,1648,4,False,0,2025-02-26,4,0.0,0.03,0.04,2,26,0,0,1,3.142857142857143,0.0
1,1654,4,False,0,2025-02-26,2,0.0,0.01,0.02,2,26,0,0,1,3.5714285714285716,0.0
1,1672,4,False,0,2025-02-26,3,0.0,0.02,0.02,2,26,0,0,1,3.0,0.0
1,1693,4,False,0,2025-02-26,2,1.0,0.02,0.04,2,26,0,0,1,2.857142857142857,0.0
1,1805,4,False,0,2025-02-26,3,0.0,0.04,0.06,2,26,0,0,1,2.7142857142857144,0.0
1,1806,4,False,0,2025-02-26,2,0.0,0.08,0.12,2,26,0,0,1,2.7142857142857144,0.0
1,1824,4,False,0,2025-02-26,3,0.0,0.01,0.01,2,26,0,0,1,2.5714285714285716,0.0
1,1836,4,False,0,2025-02-26,6,0.0,0.04,0.06,2,26,0,0,1,2.7142857142857144,0.0
1,1838,4,False,0,2025-02-26,3,0.0,0.01,0.01,2,26,0,0,1,3.0,0.0
1,1842,4,False,0,2025-02-26,3,0.0,0.01,0.01,2,26,0,0,1,3.142857142857143,0.0
1,1856,4,False,0,2025-02-26,2,0.0,0.02,0.04,2,26,0,0,1,3.142857142857143,0.0
1,1861,4,False,0,2025-02-26,0,0.0,0.02,0.03,2,26,0,0,1,3.142857142857143,0.0
1,1869,4,False,0,2025-02-26,4,0.0,0.01,0.01,2,26,0,0,1,2.7142857142857144,0.0
1,1870,4,False,0,2025-02-26,1,1.0,0.04,0.06,2,26,0,0,1,3.0,0.0
1,1894,4,False,0,2025-02-26,3,0.0,0.03,0.04,2,26,0,0,1,2.7142857142857144,0.0
1,1928,4,False,0,2025-02-26,5,0.0,0.01,0.01,2,26,0,0,1,2.2857142857142856,0.0
1,1942,4,False,0,2025-02-26,3,0.0,0.01,0.02,2,26,0,0,1,2.5714285714285716,0.0
1,1958,4,False,0,2025-02-26,1,0.0,0.04,0.06,2,26,0,0,1,2.5714285714285716,0.0
1,1959,4,False,0,2025-02-26,3,0.0,0.05,0.08,2,26,0,0,1,2.4285714285714284,0.0
1,1968,4,False,0,2025-02-26,5,0.0,0.03,0.05,2,26,0,0,1,2.857142857142857,0.0
1,1996,4,False,0,2025-02-26,4,0.0,0.01,0.02,2,26,0,0,1,3.0,0.0
1,1999,4,False,0,2025-02-26,3,0.0,0.01,0.01,2,26,0,0,1,3.4285714285714284,0.0
1,2022,4,False,0,2025-02-26,2,0.0,0.03,0.05,2,26,0,0,1,3.4285714285714284,0.0
1,2024,4,False,0,2025-02-26,2,0.0,0.02,0.04,2,26,0,0,1,3.0,0.0
1,2064,4,False,0,2025-02-26,3,0.0,0.02,0.03,2,26,0,0,1,2.857142857142857,0.0
1,2092,4,False,0,2025-02-26,2,1.0,0.04,0.06,2,26,0,0,1,3.142857142857143,0.0
1,2097,4,False,0,2025-02-26,3,0.0,0.03,0.06,2,26,0,0,1,3.0,0.0
1,2103,4,False,0,2025-02-26,0,0.0,0.01,0.02,2,26,0,0,1,2.7142857142857144,0.0
1,2137,4,False,0,2025-02-26,4,0.0,0.04,0.06,2,26,0,0,1,2.142857142857143,0.0
1,2150,4,False,0,2025-02-26,4,0.0,0.01,0.02,2,26,0,0,1,2.2857142857142856,0.0
1,2180,4,False,0,2025-02-26,4,0.0,0.05,0.08,2,26,0,0,1,2.5714285714285716,0.0
1,2239,4,False,0,2025-02-26,2,0.0,0.03,0.04,2,26,0,0,1,2.857142857142857,0.0
1,2252,4,False,0,2025-02-26,2,0.0,0.02,0.03,2,26,0,0,1,2.7142857142857144,0.0
1,2297,4,False,0,2025-02-26,9,0.0,0.14,0.18,2,26,0,0,1,2.7142857142857144,0.0
1,2312,4,False,0,2025-02-26,3,0.0,0.05,0.08,2,26,0,0,1,3.5714285714285716,0.0
1,2320,4,False,0,2025-02-26,2,0.0,0.03,0.05,2,26,0,0,1,4.0,0.0
1,2355,4,False,0,2025-02-26,2,0.0,0.05,0.09,2,26,0,0,1,3.7142857142857144,0.0
1,2369,4,False,0,2025-02-26,2,1.0,0.03,0.05,2,26,0,0,1,3.4285714285714284,0.0
1,2423,4,False,0,2025-02-26,4,0.0,0.02,0.03,2,26,0,0,1,3.142857142857143,0.0
1,2456,4,False,0,2025-02-26,3,0.0,0.02,0.03,2,26,0,0,1,3.4285714285714284,0.0
1,2495,4,False,0,2025-02-26,4,0.0,0.05,0.08,2,26,0,0,1,3.5714285714285716,0.0
1,2517,4,False,0,2025-02-26,5,0.0,0.05,0.09,2,26,0,0,1,2.857142857142857,0.0
1,2550,4,False,0,2025-02-26,3,0.0,0.03,0.05,2,26,0,0,1,3.142857142857143,0.0
1,2569,4,False,0,2025-02-26,1,0.0,0.01,0.02,2,26,0,0,1,3.2857142857142856,0.0
1,2586,4,False,0,2025-02-26,2,0.0,0.04,0.06,2,26,0,0,1,3.142857142857143,0.0
1,2644,4,False,0,2025-02-26,4,0.0,0.05,0.08,2,26,0,0,1,3.142857142857143,0.0
1,2711,4,False,0,2025-02-26,4,0.0,0.04,0.06,2,26,0,0,1,3.142857142857143,0.0
1,2750,4,False,0,2025-02-26,4,0.0,0.01,0.01,2,26,0,0,1,3.2857142857142856,0.0
1,2773,4,False,0,2025-02-26,3,0.0,0.02,0.04,2,26,0,0,1,3.2857142857142856,0.0
1,2800,4,False,0,2025-02-26,5,0.0,0.02,0.04,2,26,0,0,1,3.0,0.0
1,2908,4,False,0,2025-02-26,2,0.0,0.03,0.04,2,26,0,0,1,3.2857142857142856,0.0
1,2943,4,False,0,2025-02-26,3,0.0,0.02,0.03,2,26,0,0,1,3.4285714285714284,0.0
1,2955,4,False,0,2025-02-26,3,0.0,0.01,0.02,2,26,0,0,1,3.5714285714285716,0.0
1,2973,4,False,0,2025-02-26,4,0.0,0.04,0.05,2,26,0,0,1,3.4285714285714284,0.0
1,2988,4,False,0,2025-02-26,2,0.0,0.02,0.03,2,26,0,0,1,3.4285714285714284,0.0
1,2995,4,False,0,2025-02-26,2,0.0,0.05,0.07,2,26,0,0,1,3.142857142857143,0.0
1,3003,4,False,0,2025-02-26,5,0.0,0.02,0.04,2,26,0,0,1,3.0,0.0
1,3029,4,False,0,2025-02-26,3,0.0,0.09,0.11,2,26,0,0,1,3.0,0.0
1,3127,4,False,0,2025-02-26,4,0.0,0.12,0.14,2,26,0,0,1,3.142857142857143,0.0
1,3130,4,False,0,2025-02-26,3,1.0,0.14,0.22,2,26,0,0,1,3.2857142857142856,0.0
1,3166,4,False,0,2025-02-26,3,0.0,0.01,0.01,2,26,0,0,1,3.2857142857142856,0.0
1,3169,4,False,0,2025-02-26,2,0.0,0.02,0.03,2,26,0,0,1,3.142857142857143,0.0
1,3174,4,False,0,2025-02-26,3,0.0,0.01,0.01,2,26,0,0,1,3.142857142857143,0.0
1,3222,4,False,0,2025-02-26,2,0.0,0.02,0.04,2,26,0,0,1,3.2857142857142856,0.0
1,3281,4,False,0,2025-02-26,2,0.0,0.06,0.08,2,26,0,0,1,2.857142857142857,0.0
1,3344,4,False,0,2025-02-26,2,0.0,0.04,0.05,2,26,0,0,1,2.7142857142857144,0.0
1,3374,4,False,0,2025-02-26,0,1.0,0.06,0.09,2,26,0,0,1,2.4285714285714284,0.0
1,3376,4,False,0,2025-02-26,4,0.0,0.03,0.05,2,26,0,0,1,2.0,0.0
1,3400,4,False,0,2025-02-26,5,0.0,0.01,0.01,2,26,0,0,1,2.142857142857143,0.0
1,3425,4,False,0,2025-02-26,0,0.0,0.01,0.01,2,26,0,0,1,2.5714285714285716,0.0
1,3428,4,False,0,2025-02-26,2,0.0,0.04,0.06,2,26,0,0,1,2.142857142857143,0.0
1,3442,4,False,0,2025-02-26,6,0.0,0.07,0.1,2,26,0,0,1,2.142857142857143,0.0
1,3459,4,False,0,2025-02-26,1,0.0,0.04,0.06,2,26,0,0,1,2.7142857142857144,0.0
1,3460,4,False,0,2025-02-26,5,0.0,0.02,0.03,2,26,0,0,1,2.5714285714285716,0.0
1,3462,4,False,0,2025-02-26,4,0.0,0.03,0.05,2,26,0,0,1,3.2857142857142856,0.0
1,3471,4,False,0,2025-02-26,3,0.0,0.03,0.04,2,26,0,0,1,3.2857142857142856,0.0
1,3497,4,False,0,2025-02-26,2,0.0,0.04,0.06,2,26,0,0,1,3.0,0.0
1,3511,4,False,0,2025-02-26,3,0.0,0.04,0.07,2,26,0,0,1,3.2857142857142856,0.0
1,3603,4,False,0,2025-02-26,2,0.0,0.04,0.06,2,26,0,0,1,3.4285714285714284,0.0
1,3618,4,False,0,2025-02-26,3,0.0,0.12,0.17,2,26,0,0,1,2.857142857142857,0.0
1,3669,4,False,0,2025-02-26,1,1.0,0.01,0.01,2,26,0,0,1,3.142857142857143,0.0
1,3670,4,False,0,2025-02-26,3,1.0,0.03,0.05,2,26,0,0,1,2.5714285714285716,0.0
1,3671,4,False,0,2025-02-26,2,0.0,0.04,0.07,2,26,0,0,1,2.4285714285714284,0.0
1,3678,4,False,0,2025-02-26,3,0.0,0.03,0.05,2,26,0,0,1,2.2857142857142856,0.0
1,3685,4,False,0,2025-02-26,0,0.0,0.03,0.06,2,26,0,0,1,2.4285714285714284,0.0
1,3720,4,False,0,2025-02-26,4,0.0,0.05,0.07,2,26,0,0,1,2.0,0.0
1,3738,4,False,0,2025-02-26,3,0.0,0.01,0.01,2,26,0,0,1,2.2857142857142856,0.0
1,3744,4,False,0,2025-02-26,3,0.0,0.04,0.05,2,26,0,0,1,2.2857142857142856,0.0
1,3797,4,False,0,2025-02-26,2,1.0,0.03,0.04,2,26,0,0,1,2.5714285714285716,0.0
1,3799,4,False,0,2025-02-26,3,0.0,0.03,0.05,2,26,0,0,1,2.4285714285714284,0.0
1,3820,4,False,0,2025-02-26,4,0.0,0.02,0.04,2,26,0,0,1,2.5714285714285716,0.0
1,3821,4,False,0,2025-02-26,2,0.0,0.04,0.06,2,26,0,0,1,2.7142857142857144,0.0
1,3826,4,False,0,2025-02-26,3,0.0,0.03,0.04,2,26,0,0,1,3.0,0.0
1,3831,4,False,0,2025-02-26,3,0.0,0.01,0.02,2,26,0,0,1,2.857142857142857,0.0
1,3858,4,False,0,2025-02-26,3,0.0,0.06,0.08,2,26,0,0,1,2.857142857142857,0.0
1,3894,4,False,0,2025-02-26,4,0.0,0.02,0.03,2,26,0,0,1,2.857142857142857,0.0
1,3898,4,False,0,2025-02-26,3,0.0,0.06,0.1,2,26,0,0,1,3.142857142857143,0.0
1,3913,4,False,0,2025-02-26,3,0.0,0.03,0.05,2,26,0,0,1,3.142857142857143,0.0
1,3917,4,False,0,2025-02-26,3,0.0,0.01,0.01,2,26,0,0,1,3.0,0.0
1,3925,4,False,0,2025-02-26,0,0.0,0.03,0.04,2,26,0,0,1,3.142857142857143,0.0
1,3940,4,False,0,2025-02-26,3,0.0,0.05,0.06,2,26,0,0,1,2.7142857142857144,0.0
1,3954,4,False,0,2025-02-26,3,0.0,0.02,0.03,2,26,0,0,1,2.7142857142857144,0.0
1,3966,4,False,0,2025-02-26,0,0.0,0.02,0.04,2,26,0,0,1,2.7142857142857144,0.0
1,3969,4,False,0,2025-02-26,2,1.0,0.01,0.03,2,26,0,0,1,2.142857142857143,0.0
1,3977,4,False,0,2025-02-26,3,1.0,0.06,0.08,2,26,0,0,1,2.0,0.0
1,4001,4,False,0,2025-02-26,6,0.0,0.04,0.06,2,26,0,0,1,2.0,0.0
1,4034,4,False,0,2025-02-26,3,0.0,0.08,0.11,2,26,0,0,1,2.4285714285714284,0.0
1,4054,4,False,0,2025-02-26,3,0.0,0.02,0.04,2,26,0,0,1,2.857142857142857,0.0
1,4061,4,False,0,2025-02-26,4,0.0,0.05,0.07,2,26,0,0,1,2.857142857142857,0.0
1,4086,4,False,0,2025-02-26,3,0.0,0.02,0.02,2,26,0,0,1,3.0,0.0
1,4096,4,False,0,2025-02-26,2,0.0,0.05,0.07,2,26,0,0,1,3.4285714285714284,0.0
1,4142,4,False,0,2025-02-26,4,0.0,0.02,0.03,2,26,0,0,1,3.4285714285714284,0.0
1,4156,4,False,0,2025-02-26,3,0.0,0.03,0.04,2,26,0,0,1,3.5714285714285716,0.0
1,4229,4,False,0,2025-02-26,3,0.0,0.02,0.04,2,26,0,0,1,3.142857142857143,0.0
1,4244,4,False,0,2025-02-26,2,0.0,0.02,0.04,2,26,0,0,1,3.142857142857143,0.0
1,4264,4,False,0,2025-02-26,5,0.0,0.05,0.07,2,26,0,0,1,3.0,0.0
1,4331,4,False,0,2025-02-26,5,0.0,0.01,0.02,2,26,0,0,1,3.142857142857143,0.0
1,4365,4,False,0,2025-02-26,5,0.0,0.04,0.06,2,26,0,0,1,3.4285714285714284,0.0
1,4366,4,False,0,2025-02-26,6,0.0,0.05,0.06,2,26,0,0,1,3.857142857142857,0.0
1,4420,4,False,0,2025-02-26,3,0.0,0.02,0.02,2,26,0,0,1,4.142857142857143,0.0
1,4444,4,False,0,2025-02-26,5,0.0,0.07,0.1,2,26,0,0,1,4.142857142857143,0.0
1,4450,4,False,0,2025-02-26,4,0.0,0.02,0.03,2,26,0,0,1,4.428571428571429,0.0
1,4458,4,False,0,2025-02-26,12,0.0,0.03,0.05,2,26,0,0,1,4.714285714285714,0.0
1,4465,4,False,0,2025-02-26,3,0.0,0.02,0.04,2,26,0,0,1,5.714285714285714,0.0
1,4472,4,False,0,2025-02-26,5,0.0,0.01,0.01,2,26,0,0,1,5.428571428571429,0.0
1,4507,4,False,0,2025-02-26,2,1.0,0.03,0.04,2,26,0,0,1,5.428571428571429,0.0
1,4525,4,False,0,2025-02-26,3,0.0,0.01,0.03,2,26,0,0,1,4.857142857142857,0.0
1,4536,4,False,0,2025-02-26,4,0.0,0.01,0.01,2,26,0,0,1,4.857142857142857,0.0
1,4564,4,False,0,2025-02-26,3,0.0,0.02,0.04,2,26,0,0,1,4.714285714285714,0.0
1,4568,4,False,0,2025-02-26,5,0.0,0.01,0.01,2,26,0,0,1,4.571428571428571,0.0
1,4604,4,False,0,2025-02-26,5,0.0,0.02,0.03,2,26,0,0,1,3.5714285714285716,0.0
1,4610,4,False,0,2025-02-26,3,0.0,0.06,0.09,2,26,0,0,1,3.857142857142857,0.0
1,4620,4,False,0,2025-02-26,3,0.0,0.02,0.04,2,26,0,0,1,3.5714285714285716,0.0
1,4648,4,False,0,2025-02-26,1,1.0,0.05,0.07,2,26,0,0,1,3.7142857142857144,0.0
1,4700,4,False,0,2025-02-26,3,0.0,0.02,0.03,2,26,0,0,1,3.4285714285714284,0.0
1,4741,4,False,0,2025-02-26,2,1.0,0.02,0.05,2,26,0,0,1,3.2857142857142856,0.0
1,4759,4,False,0,2025-02-26,2,1.0,0.04,0.04,2,26,0,0,1,3.142857142857143,0.0
1,4770,4,False,0,2025-02-26,2,0.0,0.03,0.05,2,26,0,0,1,2.7142857142857144,0.0
1,4774,4,False,0,2025-02-26,4,0.0,0.03,0.04,2,26,0,0,1,2.2857142857142856,0.0
1,4903,4,False,0,2025-02-26,4,0.0,0.01,0.01,2,26,0,0,1,2.4285714285714284,0.0
1,4915,4,False,0,2025-02-26,5,0.0,0.01,0.02,2,26,0,0,1,2.5714285714285716,0.0
1,4929,4,False,0,2025-02-26,1,0.0,0.03,0.04,2,26,0,0,1,3.142857142857143,0.0
1,4961,4,False,0,2025-02-26,4,0.0,0.03,0.06,2,26,0,0,1,2.857142857142857,0.0
1,4987,4,False,0,2025-02-26,2,0.0,0.02,0.03,2,26,0,0,1,3.142857142857143,0.0
1,4992,4,False,0,2025-02-26,2,0.0,0.04,0.05,2,26,0,0,1,3.142857142857143,0.0
1,4997,4,False,0,2025-02-26,2,0.0,0.07,0.1,2,26,0,0,1,3.142857142857143,0.0
1,4998,4,False,0,2025-02-26,3,0.0,0.01,0.01,2,26,0,0,1,2.857142857142857,0.0
1,5008,4,False,0,2025-02-26,2,0.0,0.02,0.03,2,26,0,0,1,2.7142857142857144,0.0
1,5048,4,False,0,2025-02-26,2,0.0,0.01,0.02,2,26,0,0,1,2.2857142857142856,0.0
1,5091,4,False,0,2025-02-26,3,0.0,0.06,0.08,2,26,0,0,1,2.4285714285714284,0.0
1,5100,4,False,0,2025-02-26,3,0.0,0.02,0.03,2,26,0,0,1,2.2857142857142856,0.0
1,5112,4,False,0,2025-02-26,6,0.0,0.02,0.04,2,26,0,0,1,2.4285714285714284,0.0
1,5118,4,False,0,2025-02-26,3,0.0,0.05,0.08,2,26,0,0,1,3.0,0.0
1,5120,4,False,0,2025-02-26,0,0.0,0.02,0.03,2,26,0,0,1,3.142857142857143,0.0
1,5123,4,False,0,2025-02-26,2,1.0,0.02,0.04,2,26,0,0,1,2.7142857142857144,0.0
1,5130,4,False,0,2025-02-26,2,0.0,0.02,0.03,2,26,0,0,1,2.7142857142857144,0.0
1,5149,4,False,0,2025-02-26,4,0.0,0.12,0.14,2,26,0,0,1,2.7142857142857144,0.0
1,5163,4,False,0,2025-02-26,1,0.0,0.05,0.09,2,26,0,0,1,2.857142857142857,0.0
1,5169,4,False,0,2025-02-26,2,0.0,0.06,0.08,2,26,0,0,1,2.5714285714285716,0.0
1,5172,4,False,0,2025-02-26,3,0.0,0.04,0.06,2,26,0,0,1,2.0,0.0
1,5177,4,False,0,2025-02-26,2,1.0,0.01,0.01,2,26,0,0,1,2.0,0.0
1,5199,4,False,0,2025-02-26,2,0.0,0.02,0.02,2,26,0,0,1,2.2857142857142856,0.0
1,5234,4,False,0,2025-02-26,2,0.0,0.02,0.03,2,26,0,0,1,2.2857142857142856,0.0
1,5241,4,False,0,2025-02-26,2,0.0,0.01,0.01,2,26,0,0,1,2.2857142857142856,0.0
1,5247,4,False,0,2025-02-26,6,0.0,0.02,0.02,2,26,0,0,1,2.0,0.0
1,5267,4,False,0,2025-02-26,2,0.0,0.02,0.03,2,26,0,0,1,2.7142857142857144,0.0
1,5269,4,False,0,2025-02-26,0,0.0,0.01,0.02,2,26,0,0,1,2.7142857142857144,0.0
1,5275,4,False,0,2025-02-26,3,1.0,0.02,0.05,2,26,0,0,1,2.2857142857142856,0.0
1,5283,4,False,0,2025-02-26,3,0.0,0.03,0.04,2,26,0,0,1,2.4285714285714284,0.0
1,172,5,True,0,2025-02-26,26,0.0,0.01,0.01,2,26,0,0,1,2.5714285714285716,0.0
1,327,5,True,0,2025-02-26,15,0.0,0.01,0.03,2,26,0,0,1,6.0,0.0
1,697,5,True,0,2025-02-26,29,2.0,0.04,0.12,2,26,0,0,1,7.857142857142857,0.0
1,1278,5,True,0,2025-02-26,52,4.0,0.02,0.05,2,26,0,0,1,11.142857142857142,0.0
1,1463,5,True,0,2025-02-26,21,0.0,0.01,0.05,2,26,0,0,1,18.285714285714285,0.0
1,1471,5,True,0,2025-02-26,1,0.0,0.02,0.05,2,26,0,0,1,21.285714285714285,0.0
1,1580,5,True,0,2025-02-26,6,1.0,0.02,0.04,2,26,0,0,1,21.0,0.0
1,1795,5,True,0,2025-02-26,10,0.0,0.02,0.04,2,26,0,0,1,21.428571428571427,0.0
1,1860,5,True,0,2025-02-26,15,0.0,0.03,0.04,2,26,0,0,1,19.142857142857142,0.0
1,2169,5,True,0,2025-02-26,5,0.0,0.01,0.02,2,26,0,0,1,19.142857142857142,0.0
1,2338,5,True,0,2025-02-26,10,0.0,0.01,0.05,2,26,0,0,1,15.714285714285714,0.0
1,2381,5,True,0,2025-02-26,8,0.0,0.04,0.06,2,26,0,0,1,9.714285714285714,0.0
1,2518,5,True,0,2025-02-26,8,0.0,0.02,0.09,2,26,0,0,1,7.857142857142857,0.0
1,2560,5,True,0,2025-02-26,11,0.0,0.03,0.04,2,26,0,0,1,8.857142857142858,0.0
1,2647,5,True,0,2025-02-26,23,3.0,0.03,0.05,2,26,0,0,1,9.571428571428571,0.0
1,2661,5,True,0,2025-02-26,31,0.0,0.0,0.01,2,26,0,0,1,11.428571428571429,0.0
1,2926,5,True,0,2025-02-26,3,0.0,0.03,0.05,2,26,0,0,1,13.714285714285714,0.0
1,3002,5,True,0,2025-02-26,10,1.0,0.04,0.09,2,26,0,0,1,13.428571428571429,0.0
1,3175,5,True,0,2025-02-26,18,2.0,0.04,0.1,2,26,0,0,1,13.428571428571429,0.0
1,3612,5,True,0,2025-02-26,34,1.0,0.05,0.08,2,26,0,0,1,14.857142857142858,0.0
1,3734,5,True,0,2025-02-26,10,0.0,0.05,0.09,2,26,0,0,1,18.571428571428573,0.0
1,3819,5,True,0,2025-02-26,4,0.0,0.02,0.07,2,26,0,0,1,18.428571428571427,0.0
1,4150,5,True,0,2025-02-26,48,0.0,0.02,0.04,2,26,0,0,1,15.714285714285714,0.0
1,4200,5,True,0,2025-02-26,42,3.0,0.06,0.12,2,26,0,0,1,18.142857142857142,1.4323626425637697
1,5036,5,True,0,2025-02-26,21,1.0,0.03,0.05,2,26,0,0,1,23.714285714285715,0.0
1,5260,5,True,0,2025-02-26,30,0.0,0.02,0.06,2,26,0,0,1,25.285714285714285,0.0
1,138,6,False,0,2025-02-26,2,0.0,0.16,0.23,2,26,0,0,1,27.0,0.0
1,177,6,False,0,2025-02-26,1,0.0,0.08,0.1,2,26,0,0,1,22.428571428571427,0.0
1,207,6,False,0,2025-02-26,2,0.0,0.23,0.31,2,26,0,0,1,21.142857142857142,0.0
1,316,6,False,0,2025-02-26,0,0.0,0.08,0.12,2,26,0,0,1,20.857142857142858,0.0
1,647,6,False,0,2025-02-26,2,0.0,0.07,0.09,2,26,0,0,1,14.0,0.0
1,755,6,False,0,2025-02-26,1,0.0,0.15,0.21,2,26,0,0,1,8.285714285714286,0.0
1,975,6,False,0,2025-02-26,1,0.0,0.08,0.1,2,26,0,0,1,5.428571428571429,0.0
1,1265,6,False,0,2025-02-26,4,0.0,0.14,0.2,2,26,0,0,1,1.2857142857142858,0.0
1,1309,6,False,0,2025-02-26,1,0.0,0.24,0.32,2,26,0,0,1,1.5714285714285714,0.0
1,1509,6,False,0,2025-02-26,0,0.0,0.22,0.25,2,26,0,0,1,1.5714285714285714,0.0
1,1740,6,False,0,2025-02-26,1,0.0,0.08,0.12,2,26,0,0,1,1.2857142857142858,0.0
1,1827,6,False,0,2025-02-26,1,0.0,0.1,0.15,2,26,0,0,1,1.4285714285714286,0.0
1,1845,6,False,0,2025-02-26,2,0.0,0.05,0.06,2,26,0,0,1,1.2857142857142858,0.0
1,1865,6,False,0,2025-02-26,2,0.0,0.12,0.16,2,26,0,0,1,1.4285714285714286,0.0
1,2131,6,False,0,2025-02-26,3,0.0,0.1,0.15,2,26,0,0,1,1.5714285714285714,0.0
1,2216,6,False,0,2025-02-26,1,0.0,0.06,0.09,2,26,0,0,1,1.4285714285714286,0.0
1,2240,6,False,0,2025-02-26,3,0.0,0.13,0.17,2,26,0,0,1,1.4285714285714286,0.0
1,2291,6,False,0,2025-02-26,1,0.0,0.15,0.21,2,26,0,0,1,1.8571428571428572,0.0
1,2352,6,False,0,2025-02-26,5,0.0,0.11,0.15,2,26,0,0,1,1.8571428571428572,0.0
1,2515,6,False,0,2025-02-26,2,0.0,0.16,0.19,2,26,0,0,1,2.4285714285714284,0.0
1,2617,6,False,0,2025-02-26,1,0.0,0.13,0.19,2,26,0,0,1,2.4285714285714284,0.0
1,2799,6,False,0,2025-02-26,1,0.0,0.06,0.08,2,26,0,0,1,2.2857142857142856,0.0
1,2934,6,False,0,2025-02-26,1,0.0,0.07,0.1,2,26,0,0,1,2.0,0.0
1,3090,6,False,0,2025-02-26,1,0.0,0.15,0.2,2,26,0,0,1,2.0,0.0
1,3380,6,False,0,2025-02-26,2,0.0,0.06,0.09,2,26,0,0,1,1.7142857142857142,0.0
1,3637,6,False,0,2025-02-26,1,0.0,0.07,0.09,2,26,0,0,1,1.8571428571428572,0.0
1,3793,6,False,0,2025-02-26,2,0.0,0.03,0.04,2,26,0,0,1,1.2857142857142858,0.0
1,3937,6,False,0,2025-02-26,0,0.0,0.14,0.18,2,26,0,0,1,1.2857142857142858,0.0
1,4074,6,False,0,2025-02-26,1,0.0,0.16,0.22,2,26,0,0,1,1.1428571428571428,0.0
1,4196,6,False,0,2025-02-26,2,0.0,0.06,0.08,2,26,0,0,1,1.1428571428571428,0.0
1,4228,6,False,0,2025-02-26,3,0.0,0.16,0.2,2,26,0,0,1,1.2857142857142858,0.0
1,4356,6,False,0,2025-02-26,1,0.0,0.09,0.14,2,26,0,0,1,1.5714285714285714,0.0
1,4398,6,False,0,2025-02-26,0,0.0,0.09,0.17,2,26,0,0,1,1.4285714285714286,0.0
1,4430,6,False,0,2025-02-26,1,0.0,0.08,0.12,2,26,0,0,1,1.2857142857142858,0.0
1,4730,6,False,0,2025-02-26,1,0.0,0.13,0.15,2,26,0,0,1,1.1428571428571428,0.0
1,4736,6,False,0,2025-02-26,1,0.0,0.07,0.09,2,26,0,0,1,1.2857142857142858,0.0
1,4849,6,False,0,2025-02-26,2,0.0,0.13,0.22,2,26,0,0,1,1.2857142857142858,0.0
1,4887,6,False,0,2025-02-26,4,0.0,0.13,0.16,2,26,0,0,1,1.2857142857142858,0.0
1,5023,6,False,0,2025-02-26,2,0.0,0.13,0.18,2,26,0,0,1,1.4285714285714286,0.0
1,411,7,False,0,2025-02-26,14,0.0,0.0,0.01,2,26,0,0,1,1.5714285714285714,0.0
1,461,7,False,0,2025-02-26,11,11.0,0.0,0.01,2,26,0,0,1,3.5714285714285716,0.0
1,551,7,False,0,2025-02-26,9,0.0,0.01,0.01,2,26,0,0,1,5.0,0.0
1,559,7,False,0,2025-02-26,18,0.0,0.01,0.01,2,26,0,0,1,6.142857142857143,0.0
1,848,7,False,0,2025-02-26,4,0.0,0.04,0.05,2,26,0,0,1,8.571428571428571,0.0
1,861,7,False,0,2025-02-26,28,1.0,0.01,0.02,2,26,0,0,1,8.857142857142858,0.0
1,1115,7,False,0,2025-02-26,86,0.0,0.0,0.0,2,26,0,0,1,12.285714285714286,0.0
1,1288,7,False,0,2025-02-26,14,0.0,0.01,0.02,2,26,0,0,1,24.285714285714285,0.0
1,1787,7,False,0,2025-02-26,0,0.0,0.02,0.02,2,26,0,0,1,24.285714285714285,2.1787043495633394
1,2175,7,False,0,2025-02-26,10,0.0,0.03,0.04,2,26,0,0,1,22.714285714285715,0.0
1,2227,7,False,0,2025-02-26,10,1.0,0.02,0.03,2,26,0,0,1,22.857142857142858,0.0
1,2499,7,False,0,2025-02-26,13,0.0,0.0,0.01,2,26,0,0,1,21.714285714285715,0.0
1,2887,7,False,0,2025-02-26,20,0.0,0.02,0.03,2,26,0,0,1,23.0,0.0
1,3023,7,False,0,2025-02-26,20,0.0,0.01,0.01,2,26,0,0,1,21.857142857142858,0.0
1,3040,7,False,0,2025-02-26,5,0.0,0.0,0.0,2,26,0,0,1,12.428571428571429,0.0
1,3105,7,False,0,2025-02-26,8,0.0,0.0,0.01,2,26,0,0,1,11.142857142857142,0.0
1,3272,7,False,0,2025-02-26,14,0.0,0.01,0.02,2,26,0,0,1,12.285714285714286,1.5012433673350958
1,3314,7,False,0,2025-02-26,23,1.0,0.0,0.01,2,26,0,0,1,12.857142857142858,0.0
1,3401,7,False,0,2025-02-26,12,0.0,0.0,0.01,2,26,0,0,1,14.714285714285714,0.0
1,4026,7,False,0,2025-02-26,5,0.0,0.12,0.17,2,26,0,0,1,14.571428571428571,0.0
1,4093,7,False,0,2025-02-26,9,2.0,0.01,0.01,2,26,0,0,1,12.428571428571429,0.0
1,4298,7,False,0,2025-02-26,23,4.0,0.01,0.01,2,26,0,0,1,10.857142857142858,0.0
1,4351,7,False,0,2025-02-26,15,0.0,0.01,0.03,2,26,0,0,1,13.428571428571429,0.0
1,4411,7,False,0,2025-02-26,15,0.0,0.02,0.04,2,26,0,0,1,14.428571428571429,0.0
1,4585,7,False,0,2025-02-26,25,1.0,0.02,0.04,2,26,0,0,1,14.571428571428571,0.0
1,4688,7,False,0,2025-02-26,12,0.0,0.0,0.03,2,26,0,0,1,14.857142857142858,0.0
1,4867,7,False,0,2025-02-26,1,0.0,0.03,0.05,2,26,0,0,1,14.857142857142858,0.0
1,199,8,False,0,2025-02-26,11,0.0,0.01,0.02,2,26,0,0,1,14.285714285714286,0.0
1,269,8,False,0,2025-02-26,43,0.0,0.0,0.01,2,26,0,0,1,14.571428571428571,1.9765241234317936
1,805,8,False,0,2025-02-26,17,0.0,0.0,0.01,2,26,0,0,1,17.428571428571427,0.0
1,828,8,False,0,2025-02-26,8,2.0,0.01,0.01,2,26,0,0,1,17.714285714285715,0.0
1,932,8,False,0,2025-02-26,12,0.0,0.01,0.02,2,26,0,0,1,16.714285714285715,0.0
1,1010,8,False,0,2025-02-26,9,0.0,0.01,0.02,2,26,0,0,1,14.857142857142858,0.0
1,1073,8,False,0,2025-02-26,19,0.0,0.01,0.02,2,26,0,0,1,14.428571428571429,0.0
1,1308,8,False,0,2025-02-26,40,0.0,0.02,0.03,2,26,0,0,1,17.0,0.0
1,2253,8,False,0,2025-02-26,17,0.0,0.0,0.01,2,26,0,0,1,21.142857142857142,0.0
1,2420,8,False,0,2025-02-26,15,0.0,0.0,0.01,2,26,0,0,1,17.428571428571427,0.0
1,2659,8,False,0,2025-02-26,17,3.0,0.01,0.01,2,26,0,0,1,17.142857142857142,0.0
1,2985,8,False,0,2025-02-26,23,0.0,0.02,0.02,2,26,0,0,1,18.428571428571427,0.0
1,3015,8,False,0,2025-02-26,12,0.0,0.01,0.02,2,26,0,0,1,20.0,0.0
1,3331,8,False,0,2025-02-26,33,2.0,0.01,0.02,2,26,0,0,1,20.428571428571427,0.0
1,3430,8,False,0,2025-02-26,13,0.0,0.01,0.01,2,26,0,0,1,22.428571428571427,0.0
1,3545,8,False,0,2025-02-26,11,1.0,0.02,0.03,2,26,0,0,1,18.571428571428573,0.0
1,3594,8,False,0,2025-02-26,6,0.0,0.01,0.01,2,26,0,0,1,17.714285714285715,0.0
1,3605,8,False,0,2025-02-26,30,0.0,0.01,0.01,2,26,0,0,1,16.428571428571427,0.0
1,4513,8,False,0,2025-02-26,11,1.0,0.01,0.02,2,26,0,0,1,18.285714285714285,0.0
1,4560,8,False,0,2025-02-26,14,0.0,0.01,0.02,2,26,0,0,1,16.571428571428573,0.0
1,5038,8,False,0,2025-02-26,3,0.0,0.02,0.03,2,26,0,0,1,16.857142857142858,0.0
1,5075,8,False,0,2025-02-26,12,0.0,0.01,0.02,2,26,0,0,1,12.571428571428571,0.0
1,5178,8,False,0,2025-02-26,10,1.0,0.01,0.02,2,26,0,0,1,12.428571428571429,0.0
1,10,9,True,0,2025-02-26,8,0.0,0.04,0.05,2,26,0,0,1,12.285714285714286,0.0
1,45,9,True,0,2025-02-26,19,2.0,0.02,0.05,2,26,0,0,1,12.571428571428571,0.0
1,141,9,True,0,2025-02-26,8,0.0,0.03,0.09,2,26,0,0,1,11.0,0.0
1,187,9,True,0,2025-02-26,11,3.0,0.01,0.04,2,26,0,0,1,10.571428571428571,0.0
1,270,9,True,0,2025-02-26,28,0.0,0.02,0.09,2,26,0,0,1,10.142857142857142,0.0
1,275,9,True,0,2025-02-26,11,0.0,0.04,0.06,2,26,0,0,1,13.714285714285714,0.0
1,278,9,True,0,2025-02-26,17,1.0,0.05,0.1,2,26,0,0,1,13.571428571428571,0.0
1,317,9,True,0,2025-02-26,20,0.0,0.01,0.02,2,26,0,0,1,14.571428571428571,0.0
1,352,9,True,0,2025-02-26,29,0.0,0.02,0.11,2,26,0,0,1,16.285714285714285,0.0
1,473,9,True,0,2025-02-26,9,2.0,0.01,0.02,2,26,0,0,1,17.714285714285715,0.0
1,496,9,True,0,2025-02-26,8,0.0,0.01,0.02,2,26,0,0,1,17.857142857142858,0.0
1,615,9,True,0,2025-02-26,3,0.0,0.02,0.04,2,26,0,0,1,17.428571428571427,0.0
1,678,9,True,0,2025-02-26,27,0.0,0.01,0.05,2,26,0,0,1,13.857142857142858,0.0
1,696,9,True,0,2025-02-26,19,1.0,0.01,0.06,2,26,0,0,1,16.142857142857142,0.0
1,747,9,True,0,2025-02-26,2,0.0,0.01,0.02,2,26,0,0,1,16.428571428571427,0.0
1,802,9,True,0,2025-02-26,18,0.0,0.06,0.1,2,26,0,0,1,13.857142857142858,0.0
1,813,9,True,0,2025-02-26,28,0.0,0.02,0.03,2,26,0,0,1,12.285714285714286,0.0
1,958,9,True,0,2025-02-26,19,0.0,0.01,0.02,2,26,0,0,1,15.0,2.3591462820861016
1,976,9,True,0,2025-02-26,14,1.0,0.01,0.04,2,26,0,0,1,16.571428571428573,0.0
1,1112,9,True,0,2025-02-26,24,1.0,0.02,0.05,2,26,0,0,1,18.142857142857142,0.0
1,1148,9,True,0,2025-02-26,2,0.0,0.02,0.06,2,26,0,0,1,17.714285714285715,0.0
1,1172,9,True,0,2025-02-26,13,0.0,0.01,0.04,2,26,0,0,1,15.285714285714286,0.0
1,1178,9,True,0,2025-02-26,12,1.0,0.02,0.07,2,26,0,0,1,16.857142857142858,0.0
1,1287,9,True,0,2025-02-26,13,0.0,0.01,0.04,2,26,0,0,1,16.0,0.0
1,1323,9,True,0,2025-02-26,14,0.0,0.02,0.07,2,26,0,0,1,13.857142857142858,0.0
1,1409,9,True,0,2025-02-26,22,1.0,0.02,0.05,2,26,0,0,1,13.142857142857142,0.0
1,1510,9,True,0,2025-02-26,4,1.0,0.03,0.1,2,26,0,0,1,14.285714285714286,0.0
1,1661,9,True,0,2025-02-26,14,0.0,0.01,0.06,2,26,0,0,1,11.428571428571429,0.0
1,1696,9,True,0,2025-02-26,21,1.0,0.01,0.03,2,26,0,0,1,13.142857142857142,0.0
1,1705,9,True,0,2025-02-26,9,2.0,0.04,0.09,2,26,0,0,1,14.285714285714286,0.0
1,1896,9,True,0,2025-02-26,3,1.0,0.03,0.12,2,26,0,0,1,13.857142857142858,0.0
1,1906,9,True,0,2025-02-26,10,0.0,0.04,0.1,2,26,0,0,1,12.428571428571429,0.0
1,1951,9,True,0,2025-02-26,27,8.0,0.02,0.05,2,26,0,0,1,11.857142857142858,0.0
1,2010,9,True,0,2025-02-26,21,0.0,0.03,0.09,2,26,0,0,1,12.571428571428571,0.0
1,2011,9,True,0,2025-02-26,8,0.0,0.01,0.04,2,26,0,0,1,15.0,0.0
1,2056,9,True,0,2025-02-26,8,0.0,0.01,0.02,2,26,0,0,1,14.142857142857142,0.0
1,2256,9,True,0,2025-02-26,22,0.0,0.02,0.04,2,26,0,0,1,12.285714285714286,0.0
1,2284,9,True,0,2025-02-26,6,1.0,0.01,0.03,2,26,0,0,1,14.142857142857142,0.0
1,2307,9,True,0,2025-02-26,51,4.0,0.02,0.06,2,26,0,0,1,14.571428571428571,0.0
1,2357,9,True,0,2025-02-26,17,0.0,0.09,0.16,2,26,0,0,1,20.428571428571427,0.0
1,2360,9,True,0,2025-02-26,5,0.0,0.01,0.03,2,26,0,0,1,19.0,0.0
1,2399,9,True,0,2025-02-26,22,0.0,0.03,0.1,2,26,0,0,1,16.714285714285715,0.0
1,2401,9,True,0,2025-02-26,19,0.0,0.01,0.02,2,26,0,0,1,18.714285714285715,0.0
1,2419,9,True,0,2025-02-26,10,0.0,0.02,0.03,2,26,0,0,1,20.285714285714285,0.0
1,2474,9,True,0,2025-02-26,9,0.0,0.04,0.07,2,26,0,0,1,18.571428571428573,0.0
1,2486,9,True,0,2025-02-26,6,0.0,0.02,0.07,2,26,0,0,1,19.0,0.0
1,2543,9,True,0,2025-02-26,3,0.0,0.0,0.02,2,26,0,0,1,12.571428571428571,0.0
1,2615,9,True,0,2025-02-26,13,2.0,0.02,0.06,2,26,0,0,1,10.571428571428571,0.0
1,2795,9,True,0,2025-02-26,7,1.0,0.02,0.06,2,26,0,0,1,11.714285714285714,0.0
1,2812,9,True,0,2025-02-26,28,0.0,0.02,0.07,2,26,0,0,1,9.571428571428571,0.0
1,2841,9,True,0,2025-02-26,22,1.0,0.01,0.07,2,26,0,0,1,10.857142857142858,0.0
1,2857,9,True,0,2025-02-26,45,2.0,0.01,0.02,2,26,0,0,1,12.571428571428571,0.0
1,3008,9,True,0,2025-02-26,42,3.0,0.01,0.06,2,26,0,0,1,17.714285714285715,0.0
1,3226,9,True,0,2025-02-26,8,0.0,0.02,0.04,2,26,0,0,1,22.857142857142858,0.0
1,3241,9,True,0,2025-02-26,8,2.0,0.01,0.05,2,26,0,0,1,23.571428571428573,0.0
1,3244,9,True,0,2025-02-26,13,2.0,0.01,0.04,2,26,0,0,1,22.857142857142858,0.0
1,3356,9,True,0,2025-02-26,6,1.0,0.01,0.03,2,26,0,0,1,23.714285714285715,0.0
1,3540,9,True,0,2025-02-26,13,0.0,0.03,0.08,2,26,0,0,1,20.571428571428573,0.0
1,3735,9,True,0,2025-02-26,6,4.0,0.02,0.06,2,26,0,0,1,19.285714285714285,0.0
1,3751,9,True,0,2025-02-26,3,1.0,0.04,0.04,2,26,0,0,1,13.714285714285714,0.0
1,3789,9,True,0,2025-02-26,8,0.0,0.01,0.03,2,26,0,0,1,8.142857142857142,0.0
1,3905,9,True,0,2025-02-26,30,2.0,0.01,0.06,2,26,0,0,1,8.142857142857142,0.0
1,4012,9,True,0,2025-02-26,38,0.0,0.01,0.06,2,26,0,0,1,11.285714285714286,0.0
1,4106,9,True,0,2025-02-26,24,1.0,0.02,0.07,2,26,0,0,1,14.857142857142858,0.0
1,4141,9,True,0,2025-02-26,11,0.0,0.05,0.09,2,26,0,0,1,17.428571428571427,0.0
1,4153,9,True,0,2025-02-26,33,0.0,0.01,0.03,2,26,0,0,1,17.142857142857142,0.0
1,4154,9,True,0,2025-02-26,7,0.0,0.0,0.01,2,26,0,0,1,21.0,0.0
1,4197,9,True,0,2025-02-26,1,0.0,0.01,0.04,2,26,0,0,1,21.571428571428573,0.0
1,4348,9,True,0,2025-02-26,10,1.0,0.01,0.03,2,26,0,0,1,20.571428571428573,0.0
1,4350,9,True,0,2025-02-26,19,1.0,0.03,0.1,2,26,0,0,1,17.714285714285715,0.0
1,4367,9,True,0,2025-02-26,8,1.0,0.03,0.07,2,26,0,0,1,15.0,0.0
1,4466,9,True,0,2025-02-26,18,0.0,0.02,0.05,2,26,0,0,1,12.714285714285714,0.0
1,4493,9,True,0,2025-02-26,38,0.0,0.01,0.06,2,26,0,0,1,13.714285714285714,0.0
1,4530,9,True,0,2025-02-26,15,0.0,0.01,0.02,2,26,0,0,1,14.428571428571429,1.850891310252186
1,4594,9,True,0,2025-02-26,7,0.0,0.01,0.08,2,26,0,0,1,15.571428571428571,0.0
1,4637,9,True,0,2025-02-26,10,1.0,0.01,0.03,2,26,0,0,1,16.428571428571427,0.0
1,4645,9,True,0,2025-02-26,24,5.0,0.01,0.02,2,26,0,0,1,16.428571428571427,2.132817757234691
1,4655,9,True,0,2025-02-26,8,1.0,0.06,0.08,2,26,0,0,1,17.142857142857142,0.0
1,4679,9,True,0,2025-02-26,54,1.0,0.01,0.04,2,26,0,0,1,17.142857142857142,0.0
1,4845,9,True,0,2025-02-26,24,0.0,0.01,0.03,2,26,0,0,1,22.285714285714285,0.0
1,4906,9,True,0,2025-02-26,19,0.0,0.01,0.03,2,26,0,0,1,20.285714285714285,0.0
1,4996,9,True,0,2025-02-26,12,0.0,0.0,0.02,2,26,0,0,1,20.857142857142858,0.0
1,5079,9,True,0,2025-02-26,5,0.0,0.01,0.03,2,26,0,0,1,21.571428571428573,0.0
1,5087,9,True,0,2025-02-26,16,0.0,0.03,0.06,2,26,0,0,1,20.857142857142858,0.0
1,5093,9,True,0,2025-02-26,6,0.0,0.02,0.06,2,26,0,0,1,19.714285714285715,0.0
1,5122,9,True,0,2025-02-26,10,0.0,0.01,0.03,2,26,0,0,1,19.428571428571427,0.0
1,5135,9,True,0,2025-02-26,5,0.0,0.02,0.05,2,26,0,0,1,13.142857142857142,0.0
1,5175,9,True,0,2025-02-26,10,0.0,0.01,0.03,2,26,0,0,1,10.428571428571429,0.0
1,5212,9,True,0,2025-02-26,10,0.0,0.01,0.04,2,26,0,0,1,9.142857142857142,0.0
1,5272,9,True,0,2025-02-26,56,1.0,0.01,0.02,2,26,0,0,1,8.857142857142858,0.0
1,147,10,False,0,2025-02-26,29,1.0,0.03,0.11,2,26,0,0,1,16.142857142857142,0.0
1,1782,10,False,0,2025-02-26,30,1.0,0.04,0.09,2,26,0,0,1,18.0,0.0
1,2377,10,False,0,2025-02-26,50,5.0,0.0,0.01,2,26,0,0,1,21.428571428571427,3.884455280960616
1,3203,10,False,0,2025-02-26,29,1.0,0.03,0.13,2,26,0,0,1,27.142857142857142,0.0
1,5018,10,False,0,2025-02-26,24,0.0,0.02,0.12,2,26,0,0,1,30.571428571428573,0.0
1,2058,11,False,0,2025-02-26,0,0.0,0.22,0.22,2,26,0,0,1,32.57142857142857,1.849567233777897
1,2882,11,False,0,2025-02-26,10,0.0,0.23,0.22,2,26,0,0,1,31.142857142857142,0.0
1,3107,11,False,0,2025-02-26,3,0.0,0.12,0.15,2,26,0,0,1,24.571428571428573,0.0
1,3123,11,False,0,2025-02-26,12,0.0,0.23,0.22,2,26,0,0,1,20.857142857142858,1.506617835594148
1,3499,11,False,0,2025-02-26,7,0.0,0.09,0.08,2,26,0,0,1,18.285714285714285,0.0
1,3870,11,False,0,2025-02-26,3,0.0,0.15,0.18,2,26,0,0,1,12.142857142857142,0.0
1,4160,11,False,0,2025-02-26,2,0.0,0.16,0.19,2,26,0,0,1,8.428571428571429,0.0
1,5085,11,False,0,2025-02-26,30,0.0,0.23,0.21,2,26,0,0,1,5.285714285714286,0.0
1,488,1,False,0,2025-02-24,6,0.0,0.14,0.16,0,24,0,0,0,9.571428571428571,0.0
1,1985,1,False,0,2025-02-24,4,0.0,0.14,0.15,0,24,0,0,0,9.0,0.0
1,2735,1,False,0,2025-02-24,6,0.0,0.14,0.17,0,24,0,0,0,9.142857142857142,0.0
1,3664,1,False,0,2025-02-24,4,0.0,0.14,0.16,0,24,0,0,0,8.285714285714286,0.0
1,4052,1,False,0,2025-02-24,10,0.0,0.15,0.17,0,24,0,0,0,7.857142857142857,0.0
1,48,3,True,0,2025-02-24,5,0.0,0.12,0.17,0,24,0,0,0,8.857142857142858,0.0
1,59,3,True,0,2025-02-24,16,0.0,0.02,0.02,0,24,0,0,0,9.285714285714286,0.0
1,82,3,True,0,2025-02-24,1,0.0,0.06,0.07,0,24,0,0,0,7.285714285714286,0.0
1,86,3,True,0,2025-02-24,2,0.0,0.12,0.15,0,24,0,0,0,6.571428571428571,0.0
1,87,3,True,0,2025-02-24,13,0.0,0.03,0.04,0,24,0,0,0,6.285714285714286,0.0
1,94,3,True,0,2025-02-24,3,0.0,0.08,0.15,0,24,0,0,0,7.285714285714286,0.0
1,103,3,True,0,2025-02-24,4,0.0,0.06,0.09,0,24,0,0,0,7.142857142857143,0.0
1,106,3,True,0,2025-02-24,11,1.0,0.04,0.06,0,24,0,0,0,6.285714285714286,0.0
1,167,3,True,0,2025-02-24,3,1.0,0.09,0.16,0,24,0,0,0,7.142857142857143,0.0
1,212,3,True,0,2025-02-24,5,0.0,0.05,0.07,0,24,0,0,0,5.285714285714286,0.0
1,234,3,True,0,2025-02-24,3,1.0,0.08,0.11,0,24,0,0,0,5.857142857142857,0.0
1,281,3,True,0,2025-02-24,10,0.0,0.07,0.09,0,24,0,0,0,6.0,0.0
1,381,3,True,0,2025-02-24,3,0.0,0.04,0.05,0,24,0,0,0,5.571428571428571,0.0
1,415,3,True,0,2025-02-24,2,0.0,0.07,0.1,0,24,0,0,0,5.571428571428571,0.0
1,440,3,True,0,2025-02-24,4,0.0,0.05,0.07,0,24,0,0,0,5.285714285714286,0.0
1,470,3,True,0,2025-02-24,3,0.0,0.07,0.1,0,24,0,0,0,4.285714285714286,0.0
1,493,3,True,0,2025-02-24,2,0.0,0.11,0.13,0,24,0,0,0,4.285714285714286,0.0
1,516,3,True,0,2025-02-24,0,0.0,0.02,0.02,0,24,0,0,0,3.857142857142857,0.0
1,605,3,True,0,2025-02-24,3,0.0,0.05,0.06,0,24,0,0,0,3.4285714285714284,0.0
1,612,3,True,0,2025-02-24,9,0.0,0.03,0.03,0,24,0,0,0,2.4285714285714284,0.0
1,620,3,True,0,2025-02-24,6,0.0,0.02,0.03,0,24,0,0,0,3.2857142857142856,0.0
1,650,3,True,0,2025-02-24,0,0.0,0.08,0.11,0,24,0,0,0,3.857142857142857,0.0
1,686,3,True,0,2025-02-24,3,0.0,0.03,0.05,0,24,0,0,0,3.2857142857142856,0.0
1,703,3,True,0,2025-02-24,3,1.0,0.02,0.02,0,24,0,0,0,3.2857142857142856,0.0
1,742,3,True,0,2025-02-24,5,0.0,0.04,0.06,0,24,0,0,0,3.4285714285714284,0.0
1,855,3,True,0,2025-02-24,15,0.0,0.02,0.03,0,24,0,0,0,4.142857142857143,0.0
1,947,3,True,0,2025-02-24,29,0.0,0.01,0.01,0,24,0,0,0,5.857142857142857,0.0
1,1052,3,True,0,2025-02-24,3,0.0,0.02,0.03,0,24,0,0,0,8.714285714285714,0.0
1,1071,3,True,0,2025-02-24,2,0.0,0.02,0.05,0,24,0,0,0,8.285714285714286,0.0
1,1103,3,True,0,2025-02-24,12,0.0,0.1,0.14,0,24,0,0,0,8.571428571428571,0.0
1,1105,3,True,0,2025-02-24,8,0.0,0.05,0.07,0,24,0,0,0,9.857142857142858,0.0
1,1120,3,True,0,2025-02-24,2,1.0,0.06,0.09,0,24,0,0,0,10.571428571428571,0.0
1,1175,3,True,0,2025-02-24,9,0.0,0.01,0.03,0,24,0,0,0,10.142857142857142,0.0
1,1190,3,True,0,2025-02-24,5,1.0,0.04,0.05,0,24,0,0,0,9.285714285714286,0.0
1,1223,3,True,0,2025-02-24,9,0.0,0.03,0.05,0,24,0,0,0,5.857142857142857,0.0
1,1235,3,True,0,2025-02-24,5,0.0,0.06,0.08,0,24,0,0,0,6.714285714285714,0.0
1,1261,3,True,0,2025-02-24,3,0.0,0.07,0.09,0,24,0,0,0,7.142857142857143,0.0
1,1291,3,True,0,2025-02-24,2,0.0,0.04,0.05,0,24,0,0,0,5.857142857142857,0.0
1,1382,3,True,0,2025-02-24,5,0.0,0.05,0.07,0,24,0,0,0,5.0,0.0
1,1384,3,True,0,2025-02-24,10,0.0,0.08,0.1,0,24,0,0,0,5.428571428571429,0.0
1,1390,3,True,0,2025-02-24,6,0.0,0.04,0.06,0,24,0,0,0,5.571428571428571,0.0
1,1447,3,True,0,2025-02-24,9,0.0,0.08,0.12,0,24,0,0,0,5.714285714285714,0.0
1,1470,3,True,0,2025-02-24,6,1.0,0.06,0.08,0,24,0,0,0,5.714285714285714,0.0
1,1503,3,True,0,2025-02-24,3,0.0,0.17,0.19,0,24,0,0,0,5.857142857142857,0.0
1,1505,3,True,0,2025-02-24,19,4.0,0.01,0.02,0,24,0,0,0,5.857142857142857,0.0
1,1531,3,True,0,2025-02-24,43,2.0,0.05,0.07,0,24,0,0,0,8.285714285714286,0.0
1,1576,3,True,0,2025-02-24,4,0.0,0.13,0.17,0,24,0,0,0,13.714285714285714,0.0
1,1610,3,True,0,2025-02-24,25,0.0,0.01,0.01,0,24,0,0,0,12.857142857142858,0.0
1,1642,3,True,0,2025-02-24,0,0.0,0.09,0.12,0,24,0,0,0,15.571428571428571,0.0
1,1771,3,True,0,2025-02-24,4,0.0,0.17,0.22,0,24,0,0,0,14.285714285714286,0.0
1,1822,3,True,0,2025-02-24,2,0.0,0.08,0.09,0,24,0,0,0,14.0,0.0
1,1849,3,True,0,2025-02-24,7,0.0,0.05,0.06,0,24,0,0,0,13.857142857142858,0.0
1,1902,3,True,0,2025-02-24,7,0.0,0.03,0.04,0,24,0,0,0,12.142857142857142,0.0
1,1940,3,True,0,2025-02-24,4,0.0,0.04,0.05,0,24,0,0,0,7.0,0.0
1,1949,3,True,0,2025-02-24,6,0.0,0.04,0.05,0,24,0,0,0,7.0,0.0
1,1969,3,True,0,2025-02-24,2,0.0,0.13,0.16,0,24,0,0,0,4.285714285714286,0.0
1,1988,3,True,0,2025-02-24,0,2.0,0.12,0.17,0,24,0,0,0,4.571428571428571,0.0
1,1997,3,True,0,2025-02-24,11,1.0,0.01,0.02,0,24,0,0,0,4.0,0.0
1,2039,3,True,0,2025-02-24,0,0.0,0.01,0.02,0,24,0,0,0,5.285714285714286,0.0
1,2040,3,True,0,2025-02-24,2,0.0,0.08,0.11,0,24,0,0,0,4.285714285714286,0.0
1,2048,3,True,0,2025-02-24,2,1.0,0.04,0.06,0,24,0,0,0,3.5714285714285716,0.0
1,2062,3,True,0,2025-02-24,5,0.0,0.11,0.14,0,24,0,0,0,3.2857142857142856,0.0
1,2110,3,True,0,2025-02-24,1,0.0,0.06,0.08,0,24,0,0,0,3.142857142857143,0.0
1,2127,3,True,0,2025-02-24,10,1.0,0.03,0.04,0,24,0,0,0,3.0,0.0
1,2151,3,True,0,2025-02-24,0,0.0,0.0,0.01,0,24,0,0,0,4.428571428571429,0.0
1,2185,3,True,0,2025-02-24,12,0.0,0.04,0.05,0,24,0,0,0,2.857142857142857,0.0
1,2236,3,True,0,2025-02-24,8,0.0,0.07,0.09,0,24,0,0,0,4.571428571428571,0.0
1,2331,3,True,0,2025-02-24,6,0.0,0.51,0.59,0,24,0,0,0,5.428571428571429,0.0
1,2432,3,True,0,2025-02-24,14,0.0,0.03,0.04,0,24,0,0,0,6.0,0.0
1,2491,3,True,0,2025-02-24,3,1.0,0.03,0.04,0,24,0,0,0,7.285714285714286,0.0
1,2551,3,True,0,2025-02-24,4,0.0,0.02,0.02,0,24,0,0,0,7.571428571428571,0.0
1,2558,3,True,0,2025-02-24,3,0.0,0.08,0.11,0,24,0,0,0,6.714285714285714,0.0
1,2585,3,True,0,2025-02-24,2,0.0,0.03,0.04,0,24,0,0,0,7.142857142857143,0.0
1,2595,3,True,0,2025-02-24,28,0.0,0.0,0.01,0,24,0,0,0,5.714285714285714,0.0
1,2700,3,True,0,2025-02-24,26,4.0,0.01,0.01,0,24,0,0,0,8.571428571428571,0.0
1,2805,3,True,0,2025-02-24,2,0.0,0.08,0.11,0,24,0,0,0,11.428571428571429,0.0
1,2816,3,True,0,2025-02-24,2,0.0,0.06,0.08,0,24,0,0,0,9.714285714285714,0.0
1,2840,3,True,0,2025-02-24,5,1.0,0.17,0.21,0,24,0,0,0,9.571428571428571,0.0
1,2852,3,True,0,2025-02-24,4,1.0,0.07,0.1,0,24,0,0,0,9.714285714285714,0.0
1,2884,3,True,0,2025-02-24,3,0.0,0.23,0.29,0,24,0,0,0,9.857142857142858,0.0
1,2889,3,True,0,2025-02-24,13,0.0,0.03,0.04,0,24,0,0,0,10.0,0.0
1,3190,3,True,0,2025-02-24,20,0.0,0.02,0.02,0,24,0,0,0,7.857142857142857,0.0
1,3239,3,True,0,2025-02-24,2,0.0,0.06,0.07,0,24,0,0,0,7.0,0.0
1,3279,3,True,0,2025-02-24,11,0.0,0.02,0.03,0,24,0,0,0,7.0,0.0
1,3283,3,True,0,2025-02-24,7,0.0,0.1,0.13,0,24,0,0,0,8.285714285714286,0.0
1,3339,3,True,0,2025-02-24,53,0.0,0.01,0.01,0,24,0,0,0,8.571428571428571,0.0
1,3349,3,True,0,2025-02-24,6,0.0,0.27,0.35,0,24,0,0,0,15.571428571428571,0.0
1,3360,3,True,0,2025-02-24,4,0.0,0.02,0.04,0,24,0,0,0,16.0,0.0
1,3556,3,True,0,2025-02-24,2,0.0,0.26,0.33,0,24,0,0,0,14.714285714285714,0.0
1,3693,3,True,0,2025-02-24,24,0.0,0.01,0.01,0,24,0,0,0,12.142857142857142,0.0
1,3717,3,True,0,2025-02-24,1,0.0,0.05,0.07,0,24,0,0,0,15.285714285714286,0.0
1,3768,3,True,0,2025-02-24,5,0.0,0.02,0.02,0,24,0,0,0,13.857142857142858,0.0
1,3786,3,True,0,2025-02-24,0,0.0,0.05,0.12,0,24,0,0,0,13.571428571428571,0.0
1,3862,3,True,0,2025-02-24,2,0.0,0.07,0.09,0,24,0,0,0,6.0,0.0
1,3931,3,True,0,2025-02-24,32,0.0,0.01,0.02,0,24,0,0,0,5.428571428571429,0.0
1,3985,3,True,0,2025-02-24,4,0.0,0.12,0.16,0,24,0,0,0,9.428571428571429,0.0
1,4059,3,True,0,2025-02-24,3,0.0,0.33,0.49,0,24,0,0,0,9.714285714285714,0.0
1,4101,3,True,0,2025-02-24,12,1.0,0.13,0.15,0,24,0,0,0,6.714285714285714,0.0
1,4144,3,True,0,2025-02-24,19,0.0,0.02,0.02,0,24,0,0,0,8.285714285714286,0.0
1,4176,3,True,0,2025-02-24,10,0.0,0.03,0.05,0,24,0,0,0,10.285714285714286,0.0
1,4204,3,True,0,2025-02-24,4,0.0,0.14,0.17,0,24,0,0,0,11.714285714285714,0.0
1,4205,3,True,0,2025-02-24,9,1.0,0.02,0.02,0,24,0,0,0,12.0,1.7210122807297124
1,4215,3,True,0,2025-02-24,8,0.0,0.03,0.07,0,24,0,0,0,8.714285714285714,0.0
1,4252,3,True,0,2025-02-24,5,1.0,0.02,0.03,0,24,0,0,0,9.285714285714286,0.0
1,4321,3,True,0,2025-02-24,4,0.0,0.1,0.12,0,24,0,0,0,9.571428571428571,0.0
1,4333,3,True,0,2025-02-24,4,0.0,0.21,0.26,0,24,0,0,0,8.428571428571429,0.0
1,4426,3,True,0,2025-02-24,57,1.0,0.03,0.04,0,24,0,0,0,6.285714285714286,0.0
1,4433,3,True,0,2025-02-24,9,0.0,0.05,0.11,0,24,0,0,0,13.0,0.0
1,4439,3,True,0,2025-02-24,37,5.0,0.02,0.02,0,24,0,0,0,13.714285714285714,2.263448393148549
1,4447,3,True,0,2025-02-24,16,0.0,0.02,0.03,0,24,0,0,0,17.714285714285715,0.0
1,4461,3,True,0,2025-02-24,11,0.0,0.03,0.04,0,24,0,0,0,18.857142857142858,0.0
1,4470,3,True,0,2025-02-24,4,0.0,0.07,0.09,0,24,0,0,0,19.714285714285715,0.0
1,4488,3,True,0,2025-02-24,11,0.0,0.01,0.03,0,24,0,0,0,19.714285714285715,0.0
1,4504,3,True,0,2025-02-24,7,0.0,0.03,0.04,0,24,0,0,0,20.714285714285715,0.0
1,4523,3,True,0,2025-02-24,3,0.0,0.06,0.09,0,24,0,0,0,13.571428571428571,0.0
1,4596,3,True,0,2025-02-24,10,1.0,0.07,0.08,0,24,0,0,0,12.714285714285714,0.0
1,4633,3,True,0,2025-02-24,5,0.0,0.04,0.06,0,24,0,0,0,8.857142857142858,0.0
1,4713,3,True,0,2025-02-24,6,0.0,0.04,0.05,0,24,0,0,0,7.285714285714286,0.0
1,4722,3,True,0,2025-02-24,21,0.0,0.04,0.06,0,24,0,0,0,6.571428571428571,0.0
1,4766,3,True,0,2025-02-24,5,2.0,0.03,0.04,0,24,0,0,0,9.0,0.0
1,4786,3,True,0,2025-02-24,21,0.0,0.03,0.04,0,24,0,0,0,8.142857142857142,0.0
1,4800,3,True,0,2025-02-24,3,1.0,0.08,0.11,0,24,0,0,0,10.142857142857142,0.0
1,4809,3,True,0,2025-02-24,5,0.0,0.1,0.16,0,24,0,0,0,10.142857142857142,0.0
1,4810,3,True,0,2025-02-24,11,0.0,0.03,0.04,0,24,0,0,0,9.428571428571429,0.0
1,4818,3,True,0,2025-02-24,13,0.0,0.04,0.07,0,24,0,0,0,10.285714285714286,0.0
1,4826,3,True,0,2025-02-24,1,0.0,0.12,0.17,0,24,0,0,0,11.285714285714286,0.0
1,4847,3,True,0,2025-02-24,2,0.0,0.1,0.14,0,24,0,0,0,8.428571428571429,0.0
1,4889,3,True,0,2025-02-24,5,0.0,0.03,0.04,0,24,0,0,0,8.0,0.0
1,4952,3,True,0,2025-02-24,4,0.0,0.24,0.27,0,24,0,0,0,5.714285714285714,0.0
1,4960,3,True,0,2025-02-24,12,0.0,0.02,0.03,0,24,0,0,0,5.857142857142857,0.0
1,5029,3,True,0,2025-02-24,0,0.0,0.06,0.08,0,24,0,0,0,6.857142857142857,0.0
1,5057,3,True,0,2025-02-24,3,0.0,0.06,0.09,0,24,0,0,0,5.285714285714286,0.0
1,5060,3,True,0,2025-02-24,4,0.0,0.06,0.08,0,24,0,0,0,3.857142857142857,0.0
1,5082,3,True,0,2025-02-24,5,0.0,0.04,0.05,0,24,0,0,0,4.285714285714286,0.0
1,5090,3,True,0,2025-02-24,2,0.0,0.05,0.06,0,24,0,0,0,4.714285714285714,0.0
1,5153,3,True,0,2025-02-24,4,0.0,0.09,0.12,0,24,0,0,0,4.285714285714286,0.0
1,5167,3,True,0,2025-02-24,4,0.0,0.05,0.06,0,24,0,0,0,4.285714285714286,0.0
1,5176,3,True,0,2025-02-24,3,0.0,0.23,0.32,0,24,0,0,0,3.142857142857143,0.0
1,5183,3,True,0,2025-02-24,10,0.0,0.03,0.04,0,24,0,0,0,3.5714285714285716,0.0
1,5259,3,True,0,2025-02-24,16,0.0,0.06,0.08,0,24,0,0,0,4.571428571428571,1.567771699194437
1,4,4,False,0,2025-02-24,2,0.0,0.12,0.16,0,24,0,0,0,6.285714285714286,0.0
1,19,4,False,0,2025-02-24,3,1.0,0.01,0.03,0,24,0,0,0,5.857142857142857,0.0
1,34,4,False,0,2025-02-24,3,0.0,0.01,0.01,0,24,0,0,0,6.0,0.0
1,47,4,False,0,2025-02-24,5,0.0,0.01,0.02,0,24,0,0,0,5.857142857142857,0.0
1,61,4,False,0,2025-02-24,4,0.0,0.01,0.02,0,24,0,0,0,6.0,0.0
1,70,4,False,0,2025-02-24,3,0.0,0.03,0.06,0,24,0,0,0,6.142857142857143,0.0
1,91,4,False,0,2025-02-24,4,0.0,0.03,0.03,0,24,0,0,0,5.142857142857143,0.0
1,107,4,False,0,2025-02-24,3,0.0,0.03,0.04,0,24,0,0,0,3.4285714285714284,0.0
1,122,4,False,0,2025-02-24,1,0.0,0.03,0.04,0,24,0,0,0,3.5714285714285716,0.0
1,155,4,False,0,2025-02-24,5,0.0,0.04,0.06,0,24,0,0,0,3.2857142857142856,0.0
1,200,4,False,0,2025-02-24,4,0.0,0.04,0.05,0,24,0,0,0,3.5714285714285716,0.0
1,248,4,False,0,2025-02-24,3,0.0,0.05,0.07,0,24,0,0,0,3.4285714285714284,0.0
1,249,4,False,0,2025-02-24,8,0.0,0.13,0.17,0,24,0,0,0,3.2857142857142856,0.0
1,283,4,False,0,2025-02-24,1,0.0,0.03,0.05,0,24,0,0,0,4.0,0.0
1,355,4,False,0,2025-02-24,3,0.0,0.02,0.03,0,24,0,0,0,3.5714285714285716,0.0
1,363,4,False,0,2025-02-24,0,0.0,0.01,0.01,0,24,0,0,0,3.5714285714285716,0.0
1,371,4,False,0,2025-02-24,3,0.0,0.01,0.01,0,24,0,0,0,3.4285714285714284,0.0
1,393,4,False,0,2025-02-24,1,0.0,0.02,0.03,0,24,0,0,0,3.142857142857143,0.0
1,442,4,False,0,2025-02-24,3,1.0,0.05,0.08,0,24,0,0,0,2.7142857142857144,0.0
1,495,4,False,0,2025-02-24,6,0.0,0.02,0.03,0,24,0,0,0,2.7142857142857144,0.0
1,523,4,False,0,2025-02-24,3,0.0,0.03,0.05,0,24,0,0,0,2.4285714285714284,0.0
1,538,4,False,0,2025-02-24,2,0.0,0.02,0.04,0,24,0,0,0,2.7142857142857144,0.0
1,542,4,False,0,2025-02-24,3,0.0,0.04,0.05,0,24,0,0,0,2.5714285714285716,0.0
1,544,4,False,0,2025-02-24,4,0.0,0.02,0.04,0,24,0,0,0,3.0,0.0
1,564,4,False,0,2025-02-24,2,0.0,0.02,0.03,0,24,0,0,0,3.142857142857143,0.0
1,610,4,False,0,2025-02-24,1,0.0,0.04,0.06,0,24,0,0,0,3.2857142857142856,0.0
1,619,4,False,0,2025-02-24,1,0.0,0.04,0.05,0,24,0,0,0,3.0,0.0
1,636,4,False,0,2025-02-24,2,0.0,0.02,0.03,0,24,0,0,0,2.2857142857142856,0.0
1,645,4,False,0,2025-02-24,1,0.0,0.01,0.02,0,24,0,0,0,2.142857142857143,0.0
1,653,4,False,0,2025-02-24,2,0.0,0.02,0.03,0,24,0,0,0,2.0,0.0
1,668,4,False,0,2025-02-24,4,0.0,0.03,0.04,0,24,0,0,0,1.8571428571428572,0.0
1,701,4,False,0,2025-02-24,4,0.0,0.02,0.03,0,24,0,0,0,1.8571428571428572,0.0
1,717,4,False,0,2025-02-24,3,0.0,0.05,0.07,0,24,0,0,0,2.142857142857143,0.0
1,768,4,False,0,2025-02-24,2,0.0,0.03,0.04,0,24,0,0,0,2.4285714285714284,0.0
1,769,4,False,0,2025-02-24,5,0.0,0.01,0.01,0,24,0,0,0,2.5714285714285716,0.0
1,780,4,False,0,2025-02-24,4,0.0,0.03,0.04,0,24,0,0,0,3.0,0.0
1,794,4,False,0,2025-02-24,1,0.0,0.03,0.05,0,24,0,0,0,3.4285714285714284,0.0
1,854,4,False,0,2025-02-24,3,0.0,0.05,0.06,0,24,0,0,0,3.2857142857142856,0.0
1,858,4,False,0,2025-02-24,2,0.0,0.04,0.06,0,24,0,0,0,3.142857142857143,0.0
1,864,4,False,0,2025-02-24,3,0.0,0.02,0.03,0,24,0,0,0,2.857142857142857,0.0
1,875,4,False,0,2025-02-24,6,0.0,0.02,0.03,0,24,0,0,0,2.857142857142857,0.0
1,891,4,False,0,2025-02-24,4,0.0,0.03,0.04,0,24,0,0,0,3.4285714285714284,0.0
1,961,4,False,0,2025-02-24,2,1.0,0.05,0.05,0,24,0,0,0,3.2857142857142856,0.0
1,979,4,False,0,2025-02-24,3,0.0,0.06,0.07,0,24,0,0,0,3.0,0.0
1,1017,4,False,0,2025-02-24,3,0.0,0.03,0.04,0,24,0,0,0,3.2857142857142856,0.0
1,1047,4,False,0,2025-02-24,4,0.0,0.09,0.14,0,24,0,0,0,3.2857142857142856,0.0
1,1057,4,False,0,2025-02-24,2,0.0,0.04,0.07,0,24,0,0,0,3.5714285714285716,0.0
1,1095,4,False,0,2025-02-24,3,0.0,0.03,0.05,0,24,0,0,0,3.4285714285714284,0.0
1,1107,4,False,0,2025-02-24,2,0.0,0.02,0.03,0,24,0,0,0,3.0,0.0
1,1161,4,False,0,2025-02-24,2,0.0,0.02,0.04,0,24,0,0,0,2.7142857142857144,0.0
1,1177,4,False,0,2025-02-24,3,0.0,0.1,0.15,0,24,0,0,0,2.7142857142857144,0.0
1,1189,4,False,0,2025-02-24,5,0.0,0.02,0.04,0,24,0,0,0,2.7142857142857144,0.0
1,1193,4,False,0,2025-02-24,3,0.0,0.02,0.03,0,24,0,0,0,3.0,0.0
1,1202,4,False,0,2025-02-24,2,0.0,0.02,0.04,0,24,0,0,0,2.857142857142857,0.0
1,1215,4,False,0,2025-02-24,3,0.0,0.01,0.02,0,24,0,0,0,2.857142857142857,0.0
1,1224,4,False,0,2025-02-24,1,0.0,0.04,0.05,0,24,0,0,0,2.857142857142857,0.0
1,1267,4,False,0,2025-02-24,3,0.0,0.07,0.09,0,24,0,0,0,2.7142857142857144,0.0
1,1293,4,False,0,2025-02-24,7,0.0,0.03,0.04,0,24,0,0,0,2.857142857142857,0.0
1,1303,4,False,0,2025-02-24,4,0.0,0.06,0.08,0,24,0,0,0,3.4285714285714284,0.0
1,1338,4,False,0,2025-02-24,2,0.0,0.06,0.09,0,24,0,0,0,3.2857142857142856,0.0
1,1344,4,False,0,2025-02-24,0,0.0,0.06,0.09,0,24,0,0,0,3.142857142857143,0.0
1,1350,4,False,0,2025-02-24,2,0.0,0.03,0.05,0,24,0,0,0,2.857142857142857,0.0
1,1367,4,False,0,2025-02-24,4,0.0,0.02,0.03,0,24,0,0,0,2.7142857142857144,0.0
1,1404,4,False,0,2025-02-24,3,0.0,0.02,0.04,0,24,0,0,0,3.142857142857143,0.0
1,1421,4,False,0,2025-02-24,3,0.0,0.02,0.03,0,24,0,0,0,3.142857142857143,0.0
1,1448,4,False,0,2025-02-24,2,0.0,0.06,0.08,0,24,0,0,0,2.5714285714285716,0.0
1,1466,4,False,0,2025-02-24,0,0.0,0.02,0.03,0,24,0,0,0,2.2857142857142856,0.0
1,1479,4,False,0,2025-02-24,3,0.0,0.05,0.06,0,24,0,0,0,2.0,0.0
1,1483,4,False,0,2025-02-24,3,0.0,0.02,0.04,0,24,0,0,0,2.4285714285714284,0.0
1,1498,4,False,0,2025-02-24,8,0.0,0.12,0.16,0,24,0,0,0,2.5714285714285716,0.0
1,1517,4,False,0,2025-02-24,1,0.0,0.02,0.03,0,24,0,0,0,3.142857142857143,0.0
1,1533,4,False,0,2025-02-24,3,2.0,0.05,0.07,0,24,0,0,0,2.857142857142857,0.0
1,1606,4,False,0,2025-02-24,5,0.0,0.04,0.05,0,24,0,0,0,2.857142857142857,0.0
1,1622,4,False,0,2025-02-24,3,0.0,0.07,0.09,0,24,0,0,0,3.2857142857142856,0.0
1,1624,4,False,0,2025-02-24,3,1.0,0.04,0.06,0,24,0,0,0,3.7142857142857144,0.0
1,1625,4,False,0,2025-02-24,3,0.0,0.03,0.04,0,24,0,0,0,3.7142857142857144,0.0
1,1634,4,False,0,2025-02-24,2,0.0,0.05,0.06,0,24,0,0,0,3.7142857142857144,0.0
1,1648,4,False,0,2025-02-24,4,0.0,0.03,0.04,0,24,0,0,0,2.857142857142857,0.0
1,1654,4,False,0,2025-02-24,2,1.0,0.01,0.02,0,24,0,0,0,3.2857142857142856,0.0
1,1672,4,False,0,2025-02-24,3,0.0,0.02,0.02,0,24,0,0,0,3.142857142857143,0.0
1,1693,4,False,0,2025-02-24,3,0.0,0.02,0.04,0,24,0,0,0,2.857142857142857,0.0
1,1805,4,False,0,2025-02-24,3,0.0,0.04,0.06,0,24,0,0,0,2.857142857142857,0.0
1,1806,4,False,0,2025-02-24,2,1.0,0.08,0.12,0,24,0,0,0,2.857142857142857,0.0
1,1824,4,False,0,2025-02-24,3,0.0,0.01,0.01,0,24,0,0,0,2.7142857142857144,0.0
1,1836,4,False,0,2025-02-24,6,0.0,0.04,0.06,0,24,0,0,0,2.857142857142857,0.0
1,1838,4,False,0,2025-02-24,3,0.0,0.01,0.01,0,24,0,0,0,3.142857142857143,0.0
1,1842,4,False,0,2025-02-24,2,0.0,0.01,0.01,0,24,0,0,0,3.2857142857142856,0.0
1,1856,4,False,0,2025-02-24,0,0.0,0.02,0.04,0,24,0,0,0,3.142857142857143,0.0
1,1861,4,False,0,2025-02-24,0,0.0,0.02,0.03,0,24,0,0,0,2.7142857142857144,0.0
1,1869,4,False,0,2025-02-24,2,0.0,0.01,0.01,0,24,0,0,0,2.2857142857142856,0.0
1,1870,4,False,0,2025-02-24,2,0.0,0.04,0.06,0,24,0,0,0,2.2857142857142856,0.0
1,1894,4,False,0,2025-02-24,3,0.0,0.03,0.04,0,24,0,0,0,2.142857142857143,0.0
1,1928,4,False,0,2025-02-24,5,0.0,0.01,0.01,0,24,0,0,0,1.7142857142857142,0.0
1,1942,4,False,0,2025-02-24,2,0.0,0.01,0.02,0,24,0,0,0,2.0,0.0
1,1958,4,False,0,2025-02-24,1,0.0,0.04,0.06,0,24,0,0,0,2.0,0.0
1,1959,4,False,0,2025-02-24,3,0.0,0.05,0.08,0,24,0,0,0,2.142857142857143,0.0
1,1968,4,False,0,2025-02-24,5,0.0,0.03,0.05,0,24,0,0,0,2.5714285714285716,0.0
1,1996,4,False,0,2025-02-24,3,0.0,0.01,0.02,0,24,0,0,0,3.0,0.0
1,1999,4,False,0,2025-02-24,3,0.0,0.01,0.01,0,24,0,0,0,3.142857142857143,0.0
1,2022,4,False,0,2025-02-24,2,0.0,0.03,0.05,0,24,0,0,0,3.142857142857143,0.0
1,2024,4,False,0,2025-02-24,2,1.0,0.02,0.04,0,24,0,0,0,2.7142857142857144,0.0
1,2064,4,False,0,2025-02-24,3,0.0,0.02,0.03,0,24,0,0,0,2.7142857142857144,0.0
1,2092,4,False,0,2025-02-24,2,1.0,0.04,0.06,0,24,0,0,0,3.0,0.0
1,2097,4,False,0,2025-02-24,3,0.0,0.03,0.06,0,24,0,0,0,2.857142857142857,0.0
1,2103,4,False,0,2025-02-24,0,0.0,0.01,0.02,0,24,0,0,0,2.5714285714285716,0.0
1,2137,4,False,0,2025-02-24,4,0.0,0.04,0.06,0,24,0,0,0,2.142857142857143,0.0
1,2150,4,False,0,2025-02-24,4,0.0,0.01,0.02,0,24,0,0,0,2.2857142857142856,0.0
1,2180,4,False,0,2025-02-24,2,2.0,0.05,0.08,0,24,0,0,0,2.5714285714285716,0.0
1,2239,4,False,0,2025-02-24,2,0.0,0.03,0.04,0,24,0,0,0,2.5714285714285716,0.0
1,2252,4,False,0,2025-02-24,2,0.0,0.02,0.03,0,24,0,0,0,2.4285714285714284,0.0
1,2297,4,False,0,2025-02-24,9,0.0,0.14,0.18,0,24,0,0,0,2.4285714285714284,0.0
1,2312,4,False,0,2025-02-24,1,0.0,0.05,0.08,0,24,0,0,0,3.2857142857142856,0.0
1,2320,4,False,0,2025-02-24,1,1.0,0.03,0.04,0,24,0,0,0,3.4285714285714284,0.0
1,2355,4,False,0,2025-02-24,2,0.0,0.05,0.09,0,24,0,0,0,3.0,0.0
1,2369,4,False,0,2025-02-24,3,0.0,0.03,0.05,0,24,0,0,0,2.7142857142857144,0.0
1,2423,4,False,0,2025-02-24,4,0.0,0.02,0.03,0,24,0,0,0,2.857142857142857,0.0
1,2456,4,False,0,2025-02-24,2,0.0,0.02,0.03,0,24,0,0,0,3.142857142857143,0.0
1,2495,4,False,0,2025-02-24,3,0.0,0.05,0.08,0,24,0,0,0,3.142857142857143,0.0
1,2517,4,False,0,2025-02-24,5,0.0,0.05,0.09,0,24,0,0,0,2.2857142857142856,0.0
1,2550,4,False,0,2025-02-24,3,0.0,0.03,0.05,0,24,0,0,0,2.857142857142857,0.0
1,2569,4,False,0,2025-02-24,1,0.0,0.01,0.02,0,24,0,0,0,3.142857142857143,0.0
1,2586,4,False,0,2025-02-24,2,0.0,0.04,0.06,0,24,0,0,0,3.0,0.0
1,2644,4,False,0,2025-02-24,1,0.0,0.05,0.08,0,24,0,0,0,2.857142857142857,0.0
1,2711,4,False,0,2025-02-24,4,0.0,0.04,0.06,0,24,0,0,0,2.4285714285714284,0.0
1,2750,4,False,0,2025-02-24,4,0.0,0.01,0.01,0,24,0,0,0,2.7142857142857144,0.0
1,2773,4,False,0,2025-02-24,2,0.0,0.02,0.04,0,24,0,0,0,2.857142857142857,0.0
1,2800,4,False,0,2025-02-24,6,0.0,0.03,0.04,0,24,0,0,0,2.4285714285714284,0.0
1,2908,4,False,0,2025-02-24,1,0.0,0.03,0.04,0,24,0,0,0,2.857142857142857,0.0
1,2943,4,False,0,2025-02-24,3,0.0,0.02,0.03,0,24,0,0,0,2.857142857142857,0.0
1,2955,4,False,0,2025-02-24,3,0.0,0.01,0.02,0,24,0,0,0,3.0,0.0
1,2973,4,False,0,2025-02-24,4,0.0,0.04,0.05,0,24,0,0,0,3.2857142857142856,0.0
1,2988,4,False,0,2025-02-24,2,0.0,0.02,0.03,0,24,0,0,0,3.2857142857142856,0.0
1,2995,4,False,0,2025-02-24,2,0.0,0.05,0.07,0,24,0,0,0,3.0,0.0
1,3003,4,False,0,2025-02-24,6,0.0,0.02,0.04,0,24,0,0,0,3.0,0.0
1,3029,4,False,0,2025-02-24,3,0.0,0.09,0.11,0,24,0,0,0,3.0,0.0
1,3127,4,False,0,2025-02-24,4,0.0,0.12,0.14,0,24,0,0,0,3.2857142857142856,0.0
1,3130,4,False,0,2025-02-24,4,1.0,0.14,0.22,0,24,0,0,0,3.4285714285714284,0.0
1,3166,4,False,0,2025-02-24,3,0.0,0.01,0.01,0,24,0,0,0,3.5714285714285716,0.0
1,3169,4,False,0,2025-02-24,2,0.0,0.02,0.03,0,24,0,0,0,3.4285714285714284,0.0
1,3174,4,False,0,2025-02-24,3,0.0,0.01,0.01,0,24,0,0,0,3.4285714285714284,0.0
1,3222,4,False,0,2025-02-24,2,0.0,0.02,0.04,0,24,0,0,0,3.5714285714285716,0.0
1,3281,4,False,0,2025-02-24,2,0.0,0.06,0.08,0,24,0,0,0,3.0,0.0
1,3344,4,False,0,2025-02-24,2,0.0,0.04,0.05,0,24,0,0,0,2.857142857142857,0.0
1,3374,4,False,0,2025-02-24,1,0.0,0.06,0.09,0,24,0,0,0,2.5714285714285716,0.0
1,3376,4,False,0,2025-02-24,4,0.0,0.03,0.05,0,24,0,0,0,2.142857142857143,0.0
1,3400,4,False,0,2025-02-24,5,0.0,0.01,0.01,0,24,0,0,0,2.2857142857142856,0.0
1,3425,4,False,0,2025-02-24,0,0.0,0.01,0.01,0,24,0,0,0,2.7142857142857144,0.0
1,3428,4,False,0,2025-02-24,2,0.0,0.04,0.06,0,24,0,0,0,2.2857142857142856,0.0
1,3442,4,False,0,2025-02-24,5,1.0,0.07,0.1,0,24,0,0,0,2.2857142857142856,0.0
1,3459,4,False,0,2025-02-24,2,0.0,0.04,0.06,0,24,0,0,0,2.7142857142857144,0.0
1,3460,4,False,0,2025-02-24,5,0.0,0.02,0.03,0,24,0,0,0,2.7142857142857144,0.0
1,3462,4,False,0,2025-02-24,4,0.0,0.03,0.05,0,24,0,0,0,3.2857142857142856,0.0
1,3471,4,False,0,2025-02-24,3,0.0,0.03,0.04,0,24,0,0,0,3.2857142857142856,0.0
1,3497,4,False,0,2025-02-24,1,1.0,0.04,0.06,0,24,0,0,0,3.0,0.0
1,3511,4,False,0,2025-02-24,3,0.0,0.04,0.07,0,24,0,0,0,3.142857142857143,0.0
1,3603,4,False,0,2025-02-24,2,0.0,0.04,0.06,0,24,0,0,0,3.2857142857142856,0.0
1,3618,4,False,0,2025-02-24,3,0.0,0.12,0.17,0,24,0,0,0,2.857142857142857,0.0
1,3669,4,False,0,2025-02-24,2,0.0,0.01,0.01,0,24,0,0,0,3.0,0.0
1,3670,4,False,0,2025-02-24,4,0.0,0.03,0.05,0,24,0,0,0,2.5714285714285716,0.0
1,3671,4,False,0,2025-02-24,2,1.0,0.04,0.07,0,24,0,0,0,2.5714285714285716,0.0
1,3678,4,False,0,2025-02-24,3,0.0,0.03,0.05,0,24,0,0,0,2.4285714285714284,0.0
1,3685,4,False,0,2025-02-24,0,0.0,0.03,0.06,0,24,0,0,0,2.7142857142857144,0.0
1,3720,4,False,0,2025-02-24,0,0.0,0.05,0.07,0,24,0,0,0,2.2857142857142856,0.0
1,3738,4,False,0,2025-02-24,3,0.0,0.01,0.01,0,24,0,0,0,2.0,0.0
1,3744,4,False,0,2025-02-24,3,0.0,0.04,0.05,0,24,0,0,0,2.0,0.0
1,3797,4,False,0,2025-02-24,2,0.0,0.03,0.04,0,24,0,0,0,2.142857142857143,0.0
1,3799,4,False,0,2025-02-24,1,0.0,0.03,0.05,0,24,0,0,0,1.8571428571428572,0.0
1,3820,4,False,0,2025-02-24,4,0.0,0.02,0.04,0,24,0,0,0,1.7142857142857142,0.0
1,3821,4,False,0,2025-02-24,3,0.0,0.04,0.06,0,24,0,0,0,1.8571428571428572,0.0
1,3826,4,False,0,2025-02-24,3,0.0,0.02,0.04,0,24,0,0,0,2.2857142857142856,0.0
1,3831,4,False,0,2025-02-24,2,0.0,0.01,0.02,0,24,0,0,0,2.7142857142857144,0.0
1,3858,4,False,0,2025-02-24,3,0.0,0.06,0.08,0,24,0,0,0,2.5714285714285716,0.0
1,3894,4,False,0,2025-02-24,1,0.0,0.02,0.03,0,24,0,0,0,2.5714285714285716,0.0
1,3898,4,False,0,2025-02-24,4,0.0,0.06,0.1,0,24,0,0,0,2.4285714285714284,0.0
1,3913,4,False,0,2025-02-24,3,0.0,0.03,0.05,0,24,0,0,0,2.857142857142857,0.0
1,3917,4,False,0,2025-02-24,2,0.0,0.01,0.01,0,24,0,0,0,2.7142857142857144,0.0
1,3925,4,False,0,2025-02-24,0,0.0,0.03,0.04,0,24,0,0,0,2.5714285714285716,0.0
1,3940,4,False,0,2025-02-24,2,0.0,0.05,0.06,0,24,0,0,0,2.142857142857143,0.0
1,3954,4,False,0,2025-02-24,3,0.0,0.02,0.03,0,24,0,0,0,2.142857142857143,0.0
1,3966,4,False,0,2025-02-24,0,0.0,0.02,0.04,0,24,0,0,0,2.142857142857143,0.0
1,3969,4,False,0,2025-02-24,1,0.0,0.01,0.03,0,24,0,0,0,2.0,0.0
1,3977,4,False,0,2025-02-24,4,0.0,0.06,0.08,0,24,0,0,0,1.5714285714285714,0.0
1,4001,4,False,0,2025-02-24,5,0.0,0.04,0.06,0,24,0,0,0,1.7142857142857142,0.0
1,4034,4,False,0,2025-02-24,2,1.0,0.08,0.11,0,24,0,0,0,2.142857142857143,0.0
1,4054,4,False,0,2025-02-24,1,0.0,0.02,0.04,0,24,0,0,0,2.4285714285714284,0.0
1,4061,4,False,0,2025-02-24,1,0.0,0.05,0.07,0,24,0,0,0,2.2857142857142856,0.0
1,4086,4,False,0,2025-02-24,3,0.0,0.01,0.02,0,24,0,0,0,2.0,0.0
1,4096,4,False,0,2025-02-24,2,0.0,0.05,0.07,0,24,0,0,0,2.4285714285714284,0.0
1,4142,4,False,0,2025-02-24,4,0.0,0.02,0.03,0,24,0,0,0,2.5714285714285716,0.0
1,4156,4,False,0,2025-02-24,3,0.0,0.03,0.04,0,24,0,0,0,2.5714285714285716,0.0
1,4229,4,False,0,2025-02-24,3,0.0,0.02,0.04,0,24,0,0,0,2.2857142857142856,0.0
1,4244,4,False,0,2025-02-24,0,0.0,0.03,0.04,0,24,0,0,0,2.4285714285714284,0.0
1,4264,4,False,0,2025-02-24,3,1.0,0.05,0.07,0,24,0,0,0,2.2857142857142856,0.0
1,4331,4,False,0,2025-02-24,5,0.0,0.01,0.02,0,24,0,0,0,2.5714285714285716,0.0
1,4365,4,False,0,2025-02-24,5,0.0,0.04,0.06,0,24,0,0,0,2.857142857142857,0.0
1,4366,4,False,0,2025-02-24,5,1.0,0.05,0.06,0,24,0,0,0,3.2857142857142856,0.0
1,4420,4,False,0,2025-02-24,3,0.0,0.02,0.02,0,24,0,0,0,3.4285714285714284,0.0
1,4444,4,False,0,2025-02-24,2,1.0,0.07,0.1,0,24,0,0,0,3.4285714285714284,0.0
1,4450,4,False,0,2025-02-24,4,0.0,0.02,0.03,0,24,0,0,0,3.2857142857142856,0.0
1,4458,4,False,0,2025-02-24,12,0.0,0.03,0.05,0,24,0,0,0,3.857142857142857,0.0
1,4465,4,False,0,2025-02-24,3,0.0,0.02,0.04,0,24,0,0,0,5.142857142857143,0.0
1,4472,4,False,0,2025-02-24,5,0.0,0.01,0.01,0,24,0,0,0,4.857142857142857,0.0
1,4507,4,False,0,2025-02-24,3,0.0,0.03,0.04,0,24,0,0,0,4.857142857142857,0.0
1,4525,4,False,0,2025-02-24,3,0.0,0.01,0.03,0,24,0,0,0,4.571428571428571,0.0
1,4536,4,False,0,2025-02-24,4,0.0,0.01,0.01,0,24,0,0,0,4.571428571428571,0.0
1,4564,4,False,0,2025-02-24,2,0.0,0.02,0.04,0,24,0,0,0,4.857142857142857,0.0
1,4568,4,False,0,2025-02-24,5,0.0,0.01,0.01,0,24,0,0,0,4.571428571428571,0.0
1,4604,4,False,0,2025-02-24,5,0.0,0.02,0.03,0,24,0,0,0,3.5714285714285716,0.0
1,4610,4,False,0,2025-02-24,3,0.0,0.06,0.09,0,24,0,0,0,3.857142857142857,0.0
1,4620,4,False,0,2025-02-24,4,0.0,0.02,0.04,0,24,0,0,0,3.5714285714285716,0.0
1,4648,4,False,0,2025-02-24,2,0.0,0.05,0.07,0,24,0,0,0,3.7142857142857144,0.0
1,4700,4,False,0,2025-02-24,2,1.0,0.02,0.03,0,24,0,0,0,3.5714285714285716,0.0
1,4741,4,False,0,2025-02-24,3,0.0,0.02,0.05,0,24,0,0,0,3.2857142857142856,0.0
1,4759,4,False,0,2025-02-24,3,0.0,0.03,0.04,0,24,0,0,0,3.4285714285714284,0.0
1,4770,4,False,0,2025-02-24,2,0.0,0.03,0.05,0,24,0,0,0,3.142857142857143,0.0
1,4774,4,False,0,2025-02-24,2,0.0,0.03,0.04,0,24,0,0,0,2.7142857142857144,0.0
1,4903,4,False,0,2025-02-24,3,0.0,0.01,0.01,0,24,0,0,0,2.5714285714285716,0.0
1,4915,4,False,0,2025-02-24,5,0.0,0.01,0.02,0,24,0,0,0,2.4285714285714284,0.0
1,4929,4,False,0,2025-02-24,1,0.0,0.03,0.04,0,24,0,0,0,2.857142857142857,0.0
1,4961,4,False,0,2025-02-24,4,0.0,0.03,0.06,0,24,0,0,0,2.7142857142857144,0.0
1,4987,4,False,0,2025-02-24,2,0.0,0.02,0.03,0,24,0,0,0,2.857142857142857,0.0
1,4992,4,False,0,2025-02-24,2,0.0,0.04,0.05,0,24,0,0,0,2.7142857142857144,0.0
1,4997,4,False,0,2025-02-24,2,0.0,0.07,0.1,0,24,0,0,0,2.7142857142857144,0.0
1,4998,4,False,0,2025-02-24,3,0.0,0.01,0.01,0,24,0,0,0,2.7142857142857144,0.0
1,5008,4,False,0,2025-02-24,2,0.0,0.02,0.03,0,24,0,0,0,2.7142857142857144,0.0
1,5048,4,False,0,2025-02-24,2,0.0,0.01,0.02,0,24,0,0,0,2.2857142857142856,0.0
1,5091,4,False,0,2025-02-24,3,0.0,0.06,0.08,0,24,0,0,0,2.4285714285714284,0.0
1,5100,4,False,0,2025-02-24,3,0.0,0.02,0.03,0,24,0,0,0,2.2857142857142856,0.0
1,5112,4,False,0,2025-02-24,6,0.0,0.02,0.04,0,24,0,0,0,2.4285714285714284,0.0
1,5118,4,False,0,2025-02-24,2,0.0,0.05,0.08,0,24,0,0,0,3.0,0.0
1,5120,4,False,0,2025-02-24,0,0.0,0.02,0.03,0,24,0,0,0,3.0,0.0
1,5123,4,False,0,2025-02-24,3,0.0,0.02,0.04,0,24,0,0,0,2.5714285714285716,0.0
1,5130,4,False,0,2025-02-24,2,0.0,0.02,0.03,0,24,0,0,0,2.7142857142857144,0.0
1,5149,4,False,0,2025-02-24,4,0.0,0.12,0.14,0,24,0,0,0,2.7142857142857144,0.0
1,5163,4,False,0,2025-02-24,1,0.0,0.05,0.09,0,24,0,0,0,2.857142857142857,0.0
1,5169,4,False,0,2025-02-24,2,0.0,0.06,0.08,0,24,0,0,0,2.5714285714285716,0.0
1,5172,4,False,0,2025-02-24,3,0.0,0.04,0.06,0,24,0,0,0,2.0,0.0
1,5177,4,False,0,2025-02-24,3,0.0,0.01,0.01,0,24,0,0,0,2.142857142857143,0.0
1,5199,4,False,0,2025-02-24,2,0.0,0.02,0.02,0,24,0,0,0,2.5714285714285716,0.0
1,5234,4,False,0,2025-02-24,2,0.0,0.02,0.03,0,24,0,0,0,2.4285714285714284,0.0
1,5241,4,False,0,2025-02-24,2,0.0,0.01,0.01,0,24,0,0,0,2.4285714285714284,0.0
1,5247,4,False,0,2025-02-24,2,1.0,0.02,0.02,0,24,0,0,0,2.142857142857143,0.0
1,5267,4,False,0,2025-02-24,2,0.0,0.02,0.03,0,24,0,0,0,2.2857142857142856,0.0
1,5269,4,False,0,2025-02-24,0,0.0,0.01,0.02,0,24,0,0,0,2.2857142857142856,0.0
1,5275,4,False,0,2025-02-24,2,1.0,0.02,0.05,0,24,0,0,0,1.8571428571428572,0.0
1,5283,4,False,0,2025-02-24,3,0.0,0.03,0.04,0,24,0,0,0,1.7142857142857142,0.0
1,172,5,True,0,2025-02-24,26,0.0,0.01,0.01,0,24,0,0,0,1.8571428571428572,0.0
1,327,5,True,0,2025-02-24,13,0.0,0.01,0.03,0,24,0,0,0,5.285714285714286,0.0
1,697,5,True,0,2025-02-24,33,0.0,0.04,0.13,0,24,0,0,0,6.857142857142857,0.0
1,1278,5,True,0,2025-02-24,49,2.0,0.02,0.05,0,24,0,0,0,11.285714285714286,0.0
1,1463,5,True,0,2025-02-24,21,0.0,0.01,0.05,0,24,0,0,0,18.0,0.0
1,1471,5,True,0,2025-02-24,8,0.0,0.02,0.05,0,24,0,0,0,21.0,0.0
1,1580,5,True,0,2025-02-24,7,0.0,0.02,0.04,0,24,0,0,0,21.857142857142858,0.0
1,1795,5,True,0,2025-02-24,8,0.0,0.02,0.04,0,24,0,0,0,22.428571428571427,0.0
1,1860,5,True,0,2025-02-24,13,0.0,0.03,0.04,0,24,0,0,0,19.857142857142858,0.0
1,2169,5,True,0,2025-02-24,2,1.0,0.01,0.02,0,24,0,0,0,19.857142857142858,0.0
1,2338,5,True,0,2025-02-24,10,1.0,0.01,0.05,0,24,0,0,0,15.428571428571429,0.0
1,2381,5,True,0,2025-02-24,8,0.0,0.04,0.06,0,24,0,0,0,9.857142857142858,0.0
1,2518,5,True,0,2025-02-24,8,0.0,0.02,0.09,0,24,0,0,0,8.0,0.0
1,2560,5,True,0,2025-02-24,11,0.0,0.03,0.04,0,24,0,0,0,8.0,0.0
1,2647,5,True,0,2025-02-24,14,1.0,0.03,0.05,0,24,0,0,0,8.571428571428571,0.0
1,2661,5,True,0,2025-02-24,31,6.0,0.0,0.01,0,24,0,0,0,9.428571428571429,0.0
1,2926,5,True,0,2025-02-24,3,0.0,0.03,0.05,0,24,0,0,0,12.0,0.0
1,3002,5,True,0,2025-02-24,9,1.0,0.04,0.09,0,24,0,0,0,12.142857142857142,0.0
1,3175,5,True,0,2025-02-24,17,0.0,0.04,0.1,0,24,0,0,0,12.0,0.0
1,3612,5,True,0,2025-02-24,32,0.0,0.05,0.08,0,24,0,0,0,13.285714285714286,0.0
1,3734,5,True,0,2025-02-24,9,1.0,0.05,0.09,0,24,0,0,0,16.714285714285715,0.0
1,3819,5,True,0,2025-02-24,4,1.0,0.02,0.07,0,24,0,0,0,16.428571428571427,0.0
1,4150,5,True,0,2025-02-24,49,0.0,0.02,0.04,0,24,0,0,0,15.0,0.0
1,4200,5,True,0,2025-02-24,44,1.0,0.06,0.12,0,24,0,0,0,17.571428571428573,1.3944406646071026
1,5036,5,True,0,2025-02-24,19,0.0,0.03,0.05,0,24,0,0,0,23.428571428571427,0.0
1,5260,5,True,0,2025-02-24,30,0.0,0.02,0.06,0,24,0,0,0,24.857142857142858,0.0
1,138,6,False,0,2025-02-24,2,0.0,0.16,0.23,0,24,0,0,0,26.714285714285715,0.0
1,177,6,False,0,2025-02-24,1,0.0,0.08,0.1,0,24,0,0,0,22.428571428571427,0.0
1,207,6,False,0,2025-02-24,1,0.0,0.22,0.31,0,24,0,0,0,21.285714285714285,0.0
1,316,6,False,0,2025-02-24,0,0.0,0.08,0.12,0,24,0,0,0,20.857142857142858,0.0
1,647,6,False,0,2025-02-24,2,0.0,0.07,0.09,0,24,0,0,0,13.857142857142858,0.0
1,755,6,False,0,2025-02-24,1,0.0,0.15,0.21,0,24,0,0,0,7.857142857142857,0.0
1,975,6,False,0,2025-02-24,1,0.0,0.08,0.1,0,24,0,0,0,5.285714285714286,0.0
1,1265,6,False,0,2025-02-24,4,0.0,0.14,0.2,0,24,0,0,0,1.1428571428571428,0.0
1,1309,6,False,0,2025-02-24,1,1.0,0.24,0.32,0,24,0,0,0,1.4285714285714286,0.0
1,1509,6,False,0,2025-02-24,0,0.0,0.22,0.25,0,24,0,0,0,1.4285714285714286,0.0
1,1740,6,False,0,2025-02-24,1,0.0,0.08,0.12,0,24,0,0,0,1.2857142857142858,0.0
1,1827,6,False,0,2025-02-24,0,1.0,0.1,0.15,0,24,0,0,0,1.4285714285714286,0.0
1,1845,6,False,0,2025-02-24,2,0.0,0.05,0.06,0,24,0,0,0,1.1428571428571428,0.0
1,1865,6,False,0,2025-02-24,2,0.0,0.12,0.16,0,24,0,0,0,1.2857142857142858,0.0
1,2131,6,False,0,2025-02-24,3,0.0,0.1,0.15,0,24,0,0,0,1.4285714285714286,0.0
1,2216,6,False,0,2025-02-24,1,0.0,0.06,0.09,0,24,0,0,0,1.2857142857142858,0.0
1,2240,6,False,0,2025-02-24,3,0.0,0.13,0.17,0,24,0,0,0,1.2857142857142858,0.0
1,2291,6,False,0,2025-02-24,1,0.0,0.15,0.21,0,24,0,0,0,1.7142857142857142,0.0
1,2352,6,False,0,2025-02-24,4,0.0,0.11,0.15,0,24,0,0,0,1.7142857142857142,0.0
1,2515,6,False,0,2025-02-24,2,0.0,0.16,0.19,0,24,0,0,0,2.2857142857142856,0.0
1,2617,6,False,0,2025-02-24,1,1.0,0.13,0.19,0,24,0,0,0,2.2857142857142856,0.0
1,2799,6,False,0,2025-02-24,1,0.0,0.06,0.08,0,24,0,0,0,2.142857142857143,0.0
1,2934,6,False,0,2025-02-24,1,0.0,0.07,0.1,0,24,0,0,0,1.8571428571428572,0.0
1,3090,6,False,0,2025-02-24,1,0.0,0.15,0.2,0,24,0,0,0,1.8571428571428572,0.0
1,3380,6,False,0,2025-02-24,3,0.0,0.06,0.09,0,24,0,0,0,1.5714285714285714,0.0
1,3637,6,False,0,2025-02-24,1,0.0,0.07,0.09,0,24,0,0,0,1.8571428571428572,0.0
1,3793,6,False,0,2025-02-24,2,0.0,0.03,0.04,0,24,0,0,0,1.4285714285714286,0.0
1,3937,6,False,0,2025-02-24,0,0.0,0.14,0.18,0,24,0,0,0,1.4285714285714286,0.0
1,4074,6,False,0,2025-02-24,1,0.0,0.16,0.22,0,24,0,0,0,1.2857142857142858,0.0
1,4196,6,False,0,2025-02-24,2,0.0,0.06,0.08,0,24,0,0,0,1.2857142857142858,0.0
1,4228,6,False,0,2025-02-24,3,0.0,0.16,0.2,0,24,0,0,0,1.4285714285714286,0.0
1,4356,6,False,0,2025-02-24,1,1.0,0.09,0.14,0,24,0,0,0,1.7142857142857142,0.0
1,4398,6,False,0,2025-02-24,0,0.0,0.09,0.17,0,24,0,0,0,1.4285714285714286,0.0
1,4430,6,False,0,2025-02-24,1,0.0,0.08,0.12,0,24,0,0,0,1.2857142857142858,0.0
1,4730,6,False,0,2025-02-24,1,0.0,0.13,0.15,0,24,0,0,0,1.1428571428571428,0.0
1,4736,6,False,0,2025-02-24,1,0.0,0.07,0.09,0,24,0,0,0,1.2857142857142858,0.0
1,4849,6,False,0,2025-02-24,2,0.0,0.13,0.22,0,24,0,0,0,1.2857142857142858,0.0
1,4887,6,False,0,2025-02-24,4,0.0,0.13,0.16,0,24,0,0,0,1.2857142857142858,0.0
1,5023,6,False,0,2025-02-24,2,0.0,0.13,0.18,0,24,0,0,0,1.4285714285714286,0.0
1,411,7,False,0,2025-02-24,9,1.0,0.0,0.01,0,24,0,0,0,1.5714285714285714,0.0
1,461,7,False,0,2025-02-24,17,0.0,0.0,0.01,0,24,0,0,0,2.857142857142857,0.0
1,551,7,False,0,2025-02-24,7,0.0,0.01,0.01,0,24,0,0,0,5.142857142857143,0.0
1,559,7,False,0,2025-02-24,18,0.0,0.01,0.01,0,24,0,0,0,6.0,0.0
1,848,7,False,0,2025-02-24,4,0.0,0.04,0.05,0,24,0,0,0,8.428571428571429,0.0
1,861,7,False,0,2025-02-24,26,0.0,0.01,0.02,0,24,0,0,0,8.714285714285714,0.0
1,1115,7,False,0,2025-02-24,86,0.0,0.0,0.0,0,24,0,0,0,11.857142857142858,0.0
1,1288,7,False,0,2025-02-24,14,0.0,0.01,0.02,0,24,0,0,0,23.857142857142858,0.0
1,1787,7,False,0,2025-02-24,0,0.0,0.02,0.02,0,24,0,0,0,24.571428571428573,2.122341823787785
1,2175,7,False,0,2025-02-24,10,0.0,0.03,0.04,0,24,0,0,0,22.142857142857142,0.0
1,2227,7,False,0,2025-02-24,11,0.0,0.02,0.03,0,24,0,0,0,22.571428571428573,0.0
1,2499,7,False,0,2025-02-24,13,0.0,0.0,0.01,0,24,0,0,0,21.571428571428573,0.0
1,2887,7,False,0,2025-02-24,19,0.0,0.02,0.03,0,24,0,0,0,22.857142857142858,0.0
1,3023,7,False,0,2025-02-24,19,0.0,0.01,0.01,0,24,0,0,0,21.857142857142858,0.0
1,3040,7,False,0,2025-02-24,5,0.0,0.0,0.0,0,24,0,0,0,12.285714285714286,0.0
1,3105,7,False,0,2025-02-24,4,0.0,0.0,0.01,0,24,0,0,0,11.0,0.0
1,3272,7,False,0,2025-02-24,11,1.0,0.01,0.02,0,24,0,0,0,11.571428571428571,0.0
1,3314,7,False,0,2025-02-24,15,6.0,0.0,0.01,0,24,0,0,0,11.714285714285714,0.0
1,3401,7,False,0,2025-02-24,12,0.0,0.0,0.01,0,24,0,0,0,12.285714285714286,0.0
1,4026,7,False,0,2025-02-24,5,0.0,0.12,0.17,0,24,0,0,0,12.142857142857142,0.0
1,4093,7,False,0,2025-02-24,11,0.0,0.01,0.01,0,24,0,0,0,10.142857142857142,0.0
1,4298,7,False,0,2025-02-24,11,2.0,0.01,0.01,0,24,0,0,0,9.0,0.0
1,4351,7,False,0,2025-02-24,15,0.0,0.01,0.03,0,24,0,0,0,9.857142857142858,0.0
1,4411,7,False,0,2025-02-24,15,0.0,0.02,0.04,0,24,0,0,0,11.428571428571429,0.0
1,4585,7,False,0,2025-02-24,26,0.0,0.02,0.04,0,24,0,0,0,12.0,0.0
1,4688,7,False,0,2025-02-24,12,1.0,0.0,0.03,0,24,0,0,0,13.571428571428571,0.0
1,4867,7,False,0,2025-02-24,1,0.0,0.03,0.05,0,24,0,0,0,13.571428571428571,0.0
1,199,8,False,0,2025-02-24,11,0.0,0.01,0.02,0,24,0,0,0,13.0,0.0
1,269,8,False,0,2025-02-24,45,0.0,0.0,0.01,0,24,0,0,0,13.0,1.8398033689127749
1,805,8,False,0,2025-02-24,17,0.0,0.0,0.01,0,24,0,0,0,17.857142857142858,0.0
1,828,8,False,0,2025-02-24,10,0.0,0.01,0.01,0,24,0,0,0,18.142857142857142,0.0
1,932,8,False,0,2025-02-24,12,0.0,0.01,0.02,0,24,0,0,0,17.428571428571427,0.0
1,1010,8,False,0,2025-02-24,9,0.0,0.01,0.02,0,24,0,0,0,15.428571428571429,0.0
1,1073,8,False,0,2025-02-24,20,0.0,0.01,0.02,0,24,0,0,0,15.0,0.0
1,1308,8,False,0,2025-02-24,40,0.0,0.02,0.03,0,24,0,0,0,17.714285714285715,0.0
1,2253,8,False,0,2025-02-24,17,0.0,0.0,0.01,0,24,0,0,0,21.857142857142858,0.0
1,2420,8,False,0,2025-02-24,15,0.0,0.0,0.01,0,24,0,0,0,17.857142857142858,0.0
1,2659,8,False,0,2025-02-24,6,1.0,0.01,0.01,0,24,0,0,0,17.571428571428573,0.0
1,2985,8,False,0,2025-02-24,23,0.0,0.02,0.02,0,24,0,0,0,17.0,0.0
1,3015,8,False,0,2025-02-24,12,0.0,0.01,0.02,0,24,0,0,0,18.571428571428573,0.0
1,3331,8,False,0,2025-02-24,35,0.0,0.01,0.02,0,24,0,0,0,19.0,0.0
1,3430,8,False,0,2025-02-24,13,0.0,0.01,0.01,0,24,0,0,0,21.142857142857142,0.0
1,3545,8,False,0,2025-02-24,12,0.0,0.02,0.03,0,24,0,0,0,17.285714285714285,0.0
1,3594,8,False,0,2025-02-24,6,0.0,0.01,0.01,0,24,0,0,0,16.571428571428573,0.0
1,3605,8,False,0,2025-02-24,10,0.0,0.01,0.01,0,24,0,0,0,15.285714285714286,0.0
1,4513,8,False,0,2025-02-24,11,0.0,0.01,0.02,0,24,0,0,0,15.857142857142858,0.0
1,4560,8,False,0,2025-02-24,14,0.0,0.01,0.02,0,24,0,0,0,14.142857142857142,0.0
1,5038,8,False,0,2025-02-24,3,0.0,0.02,0.03,0,24,0,0,0,14.428571428571429,0.0
1,5075,8,False,0,2025-02-24,12,0.0,0.01,0.02,0,24,0,0,0,9.857142857142858,0.0
1,5178,8,False,0,2025-02-24,11,1.0,0.01,0.02,0,24,0,0,0,9.714285714285714,0.0
1,10,9,True,0,2025-02-24,8,0.0,0.04,0.05,0,24,0,0,0,9.571428571428571,0.0
1,45,9,True,0,2025-02-24,18,1.0,0.02,0.05,0,24,0,0,0,9.857142857142858,0.0
1,141,9,True,0,2025-02-24,8,0.0,0.03,0.09,0,24,0,0,0,11.0,0.0
1,187,9,True,0,2025-02-24,7,3.0,0.01,0.03,0,24,0,0,0,10.571428571428571,0.0
1,270,9,True,0,2025-02-24,22,5.0,0.02,0.07,0,24,0,0,0,9.571428571428571,0.0
1,275,9,True,0,2025-02-24,9,0.0,0.04,0.06,0,24,0,0,0,12.285714285714286,0.0
1,278,9,True,0,2025-02-24,17,0.0,0.05,0.1,0,24,0,0,0,11.857142857142858,0.0
1,317,9,True,0,2025-02-24,2,8.0,0.01,0.01,0,24,0,0,0,12.714285714285714,0.0
1,352,9,True,0,2025-02-24,20,1.0,0.02,0.1,0,24,0,0,0,11.857142857142858,0.0
1,473,9,True,0,2025-02-24,11,0.0,0.01,0.02,0,24,0,0,0,12.142857142857142,0.0
1,496,9,True,0,2025-02-24,8,0.0,0.01,0.02,0,24,0,0,0,12.571428571428571,0.0
1,615,9,True,0,2025-02-24,3,0.0,0.02,0.04,0,24,0,0,0,12.714285714285714,0.0
1,678,9,True,0,2025-02-24,22,0.0,0.01,0.05,0,24,0,0,0,10.0,0.0
1,696,9,True,0,2025-02-24,1,4.0,0.01,0.06,0,24,0,0,0,11.857142857142858,0.0
1,747,9,True,0,2025-02-24,3,0.0,0.01,0.03,0,24,0,0,0,9.571428571428571,0.0
1,802,9,True,0,2025-02-24,17,0.0,0.06,0.1,0,24,0,0,0,9.714285714285714,0.0
1,813,9,True,0,2025-02-24,30,0.0,0.02,0.03,0,24,0,0,0,9.285714285714286,0.0
1,958,9,True,0,2025-02-24,19,0.0,0.01,0.02,0,24,0,0,0,12.0,0.0
1,976,9,True,0,2025-02-24,15,0.0,0.01,0.04,0,24,0,0,0,13.571428571428571,0.0
1,1112,9,True,0,2025-02-24,22,1.0,0.02,0.05,0,24,0,0,0,15.285714285714286,0.0
1,1148,9,True,0,2025-02-24,2,0.0,0.02,0.06,0,24,0,0,0,15.285714285714286,0.0
1,1172,9,True,0,2025-02-24,12,3.0,0.01,0.04,0,24,0,0,0,15.428571428571429,0.0
1,1178,9,True,0,2025-02-24,12,0.0,0.02,0.07,0,24,0,0,0,16.714285714285715,0.0
1,1287,9,True,0,2025-02-24,13,0.0,0.01,0.04,0,24,0,0,0,16.0,0.0
1,1323,9,True,0,2025-02-24,12,0.0,0.02,0.07,0,24,0,0,0,13.571428571428571,0.0
1,1409,9,True,0,2025-02-24,18,2.0,0.02,0.05,0,24,0,0,0,12.571428571428571,0.0
1,1510,9,True,0,2025-02-24,5,4.0,0.03,0.1,0,24,0,0,0,13.0,0.0
1,1661,9,True,0,2025-02-24,12,0.0,0.01,0.06,0,24,0,0,0,10.571428571428571,0.0
1,1696,9,True,0,2025-02-24,18,0.0,0.01,0.03,0,24,0,0,0,12.0,0.0
1,1705,9,True,0,2025-02-24,9,0.0,0.04,0.1,0,24,0,0,0,12.857142857142858,0.0
1,1896,9,True,0,2025-02-24,4,0.0,0.03,0.11,0,24,0,0,0,12.428571428571429,0.0
1,1906,9,True,0,2025-02-24,8,1.0,0.04,0.1,0,24,0,0,0,11.142857142857142,0.0
1,1951,9,True,0,2025-02-24,30,0.0,0.02,0.04,0,24,0,0,0,10.571428571428571,0.0
1,2010,9,True,0,2025-02-24,21,0.0,0.03,0.1,0,24,0,0,0,12.285714285714286,0.0
1,2011,9,True,0,2025-02-24,9,0.0,0.01,0.03,0,24,0,0,0,14.571428571428571,0.0
1,2056,9,True,0,2025-02-24,11,0.0,0.01,0.02,0,24,0,0,0,14.142857142857142,0.0
1,2256,9,True,0,2025-02-24,24,0.0,0.02,0.04,0,24,0,0,0,13.142857142857142,0.0
1,2284,9,True,0,2025-02-24,7,0.0,0.01,0.03,0,24,0,0,0,15.285714285714286,0.0
1,2307,9,True,0,2025-02-24,45,3.0,0.02,0.06,0,24,0,0,0,15.714285714285714,0.0
1,2357,9,True,0,2025-02-24,17,0.0,0.09,0.18,0,24,0,0,0,21.0,0.0
1,2360,9,True,0,2025-02-24,5,1.0,0.01,0.03,0,24,0,0,0,19.142857142857142,0.0
1,2399,9,True,0,2025-02-24,22,0.0,0.03,0.1,0,24,0,0,0,16.857142857142858,0.0
1,2401,9,True,0,2025-02-24,19,0.0,0.01,0.02,0,24,0,0,0,18.714285714285715,0.0
1,2419,9,True,0,2025-02-24,9,0.0,0.02,0.03,0,24,0,0,0,19.857142857142858,0.0
1,2474,9,True,0,2025-02-24,10,1.0,0.04,0.09,0,24,0,0,0,17.714285714285715,0.0
1,2486,9,True,0,2025-02-24,6,0.0,0.02,0.07,0,24,0,0,0,18.142857142857142,0.0
1,2543,9,True,0,2025-02-24,3,0.0,0.0,0.02,0,24,0,0,0,12.571428571428571,0.0
1,2615,9,True,0,2025-02-24,15,0.0,0.02,0.06,0,24,0,0,0,10.571428571428571,0.0
1,2795,9,True,0,2025-02-24,8,0.0,0.02,0.07,0,24,0,0,0,12.0,0.0
1,2812,9,True,0,2025-02-24,28,0.0,0.02,0.07,0,24,0,0,0,10.0,0.0
1,2841,9,True,0,2025-02-24,21,1.0,0.01,0.08,0,24,0,0,0,11.285714285714286,0.0
1,2857,9,True,0,2025-02-24,42,1.0,0.01,0.02,0,24,0,0,0,13.0,0.0
1,3008,9,True,0,2025-02-24,34,2.0,0.01,0.03,0,24,0,0,0,17.571428571428573,0.0
1,3226,9,True,0,2025-02-24,3,0.0,0.02,0.04,0,24,0,0,0,21.571428571428573,0.0
1,3241,9,True,0,2025-02-24,11,0.0,0.01,0.05,0,24,0,0,0,21.571428571428573,0.0
1,3244,9,True,0,2025-02-24,13,2.0,0.01,0.05,0,24,0,0,0,21.0,0.0
1,3356,9,True,0,2025-02-24,7,0.0,0.01,0.03,0,24,0,0,0,21.714285714285715,0.0
1,3540,9,True,0,2025-02-24,3,6.0,0.03,0.07,0,24,0,0,0,18.714285714285715,0.0
1,3735,9,True,0,2025-02-24,10,0.0,0.02,0.06,0,24,0,0,0,16.142857142857142,0.0
1,3751,9,True,0,2025-02-24,4,0.0,0.04,0.07,0,24,0,0,0,11.571428571428571,0.0
1,3789,9,True,0,2025-02-24,5,0.0,0.01,0.03,0,24,0,0,0,7.285714285714286,0.0
1,3905,9,True,0,2025-02-24,27,1.0,0.01,0.07,0,24,0,0,0,7.571428571428571,0.0
1,4012,9,True,0,2025-02-24,38,0.0,0.01,0.06,0,24,0,0,0,9.857142857142858,0.0
1,4106,9,True,0,2025-02-24,23,0.0,0.02,0.07,0,24,0,0,0,13.428571428571429,0.0
1,4141,9,True,0,2025-02-24,11,0.0,0.05,0.09,0,24,0,0,0,15.714285714285714,0.0
1,4153,9,True,0,2025-02-24,32,2.0,0.01,0.02,0,24,0,0,0,16.857142857142858,0.0
1,4154,9,True,0,2025-02-24,7,0.0,0.0,0.01,0,24,0,0,0,20.0,0.0
1,4197,9,True,0,2025-02-24,1,0.0,0.01,0.04,0,24,0,0,0,20.428571428571427,0.0
1,4348,9,True,0,2025-02-24,10,0.0,0.01,0.03,0,24,0,0,0,19.857142857142858,0.0
1,4350,9,True,0,2025-02-24,14,0.0,0.03,0.07,0,24,0,0,0,17.428571428571427,0.0
1,4367,9,True,0,2025-02-24,7,1.0,0.03,0.09,0,24,0,0,0,14.0,0.0
1,4466,9,True,0,2025-02-24,16,3.0,0.02,0.07,0,24,0,0,0,11.714285714285714,0.0
1,4493,9,True,0,2025-02-24,42,0.0,0.01,0.07,0,24,0,0,0,12.428571428571429,0.0
1,4530,9,True,0,2025-02-24,13,0.0,0.01,0.02,0,24,0,0,0,13.857142857142858,0.0
1,4594,9,True,0,2025-02-24,7,0.0,0.01,0.08,0,24,0,0,0,14.714285714285714,0.0
1,4637,9,True,0,2025-02-24,12,0.0,0.01,0.03,0,24,0,0,0,15.571428571428571,0.0
1,4645,9,True,0,2025-02-24,18,6.0,0.01,0.02,0,24,0,0,0,15.857142857142858,2.088364530963071
1,4655,9,True,0,2025-02-24,9,0.0,0.06,0.08,0,24,0,0,0,16.428571428571427,0.0
1,4679,9,True,0,2025-02-24,55,0.0,0.01,0.03,0,24,0,0,0,16.714285714285715,0.0
1,4845,9,True,0,2025-02-24,20,0.0,0.01,0.03,0,24,0,0,0,22.285714285714285,0.0
1,4906,9,True,0,2025-02-24,15,2.0,0.01,0.04,0,24,0,0,0,19.142857142857142,0.0
1,4996,9,True,0,2025-02-24,12,0.0,0.0,0.02,0,24,0,0,0,19.428571428571427,0.0
1,5079,9,True,0,2025-02-24,5,0.0,0.01,0.03,0,24,0,0,0,20.142857142857142,0.0
1,5087,9,True,0,2025-02-24,11,0.0,0.03,0.06,0,24,0,0,0,19.142857142857142,0.0
1,5093,9,True,0,2025-02-24,6,0.0,0.02,0.06,0,24,0,0,0,18.142857142857142,0.0
1,5122,9,True,0,2025-02-24,8,0.0,0.01,0.03,0,24,0,0,0,17.714285714285715,0.0
1,5135,9,True,0,2025-02-24,5,1.0,0.02,0.06,0,24,0,0,0,11.0,0.0
1,5175,9,True,0,2025-02-24,10,0.0,0.01,0.03,0,24,0,0,0,8.857142857142858,0.0
1,5212,9,True,0,2025-02-24,10,0.0,0.01,0.04,0,24,0,0,0,8.142857142857142,0.0
1,5272,9,True,0,2025-02-24,60,0.0,0.01,0.02,0,24,0,0,0,7.857142857142857,0.0
1,147,10,False,0,2025-02-24,25,4.0,0.03,0.08,0,24,0,0,0,15.714285714285714,0.0
1,1782,10,False,0,2025-02-24,28,1.0,0.04,0.08,0,24,0,0,0,17.714285714285715,0.0
1,2377,10,False,0,2025-02-24,55,1.0,0.0,0.01,0,24,0,0,0,20.857142857142858,3.9326517792343747
1,3203,10,False,0,2025-02-24,29,0.0,0.03,0.13,0,24,0,0,0,27.571428571428573,0.0
1,5018,10,False,0,2025-02-24,21,0.0,0.02,0.1,0,24,0,0,0,31.0,0.0
1,2058,11,False,0,2025-02-24,0,0.0,0.22,0.22,0,24,0,0,0,32.57142857142857,0.0
1,2882,11,False,0,2025-02-24,10,0.0,0.23,0.21,0,24,0,0,0,31.142857142857142,0.0
1,3107,11,False,0,2025-02-24,3,0.0,0.12,0.15,0,24,0,0,0,24.0,0.0
1,3123,11,False,0,2025-02-24,13,0.0,0.23,0.23,0,24,0,0,0,20.857142857142858,1.4740031781197824
1,3499,11,False,0,2025-02-24,7,0.0,0.09,0.08,0,24,0,0,0,18.714285714285715,0.0
1,3870,11,False,0,2025-02-24,3,0.0,0.15,0.18,0,24,0,0,0,11.857142857142858,0.0
1,4160,11,False,0,2025-02-24,2,0.0,0.16,0.19,0,24,0,0,0,8.142857142857142,0.0
1,5085,11,False,0,2025-02-24,30,0.0,0.23,0.21,0,24,0,0,0,5.428571428571429,0.0
1,488,1,False,0,2025-02-28,6,0.0,0.14,0.16,4,28,0,0,1,9.714285714285714,0.0
1,1985,1,False,0,2025-02-28,6,0.0,0.14,0.15,4,28,0,0,1,9.142857142857142,0.0
1,2735,1,False,0,2025-02-28,5,1.0,0.14,0.16,4,28,0,0,1,9.571428571428571,0.0
1,3664,1,False,0,2025-02-28,3,0.0,0.14,0.17,4,28,0,0,1,8.428571428571429,0.0
1,4052,1,False,0,2025-02-28,13,0.0,0.15,0.17,4,28,0,0,1,7.857142857142857,0.0
1,48,3,True,0,2025-02-28,5,0.0,0.12,0.17,4,28,0,0,1,9.285714285714286,0.0
1,59,3,True,0,2025-02-28,16,0.0,0.02,0.02,4,28,0,0,1,9.714285714285714,0.0
1,82,3,True,0,2025-02-28,4,0.0,0.06,0.07,4,28,0,0,1,7.714285714285714,0.0
1,86,3,True,0,2025-02-28,3,0.0,0.12,0.15,4,28,0,0,1,7.428571428571429,0.0
1,87,3,True,0,2025-02-28,14,1.0,0.03,0.04,4,28,0,0,1,7.0,1.3891136258770056
1,94,3,True,0,2025-02-28,2,5.0,0.08,0.09,4,28,0,0,1,8.285714285714286,0.0
1,103,3,True,0,2025-02-28,5,1.0,0.06,0.09,4,28,0,0,1,8.142857142857142,0.0
1,106,3,True,0,2025-02-28,12,2.0,0.04,0.06,4,28,0,0,1,7.0,0.0
1,167,3,True,0,2025-02-28,4,1.0,0.09,0.16,4,28,0,0,1,8.0,0.0
1,212,3,True,0,2025-02-28,4,0.0,0.05,0.07,4,28,0,0,1,6.285714285714286,0.0
1,234,3,True,0,2025-02-28,3,0.0,0.08,0.12,4,28,0,0,1,6.285714285714286,0.0
1,281,3,True,0,2025-02-28,10,0.0,0.07,0.1,4,28,0,0,1,6.285714285714286,0.0
1,381,3,True,0,2025-02-28,5,0.0,0.04,0.05,4,28,0,0,1,5.714285714285714,0.0
1,415,3,True,0,2025-02-28,2,1.0,0.07,0.1,4,28,0,0,1,6.142857142857143,0.0
1,440,3,True,0,2025-02-28,4,0.0,0.05,0.07,4,28,0,0,1,5.714285714285714,0.0
1,470,3,True,0,2025-02-28,3,0.0,0.07,0.1,4,28,0,0,1,4.571428571428571,0.0
1,493,3,True,0,2025-02-28,3,0.0,0.11,0.13,4,28,0,0,1,4.428571428571429,0.0
1,516,3,True,0,2025-02-28,0,0.0,0.02,0.02,4,28,0,0,1,4.285714285714286,0.0
1,605,3,True,0,2025-02-28,5,0.0,0.05,0.07,4,28,0,0,1,3.857142857142857,0.0
1,612,3,True,0,2025-02-28,11,0.0,0.03,0.03,4,28,0,0,1,3.142857142857143,0.0
1,620,3,True,0,2025-02-28,6,0.0,0.02,0.03,4,28,0,0,1,4.0,0.0
1,650,3,True,0,2025-02-28,4,0.0,0.08,0.11,4,28,0,0,1,4.571428571428571,0.0
1,686,3,True,0,2025-02-28,6,0.0,0.03,0.05,4,28,0,0,1,4.571428571428571,0.0
1,703,3,True,0,2025-02-28,8,0.0,0.02,0.02,4,28,0,0,1,5.0,0.0
1,742,3,True,0,2025-02-28,6,0.0,0.04,0.06,4,28,0,0,1,5.714285714285714,0.0
1,855,3,True,0,2025-02-28,13,0.0,0.02,0.03,4,28,0,0,1,6.571428571428571,0.0
1,947,3,True,0,2025-02-28,28,0.0,0.01,0.01,4,28,0,0,1,7.714285714285714,0.0
1,1052,3,True,0,2025-02-28,1,2.0,0.02,0.03,4,28,0,0,1,10.142857142857142,0.0
1,1071,3,True,0,2025-02-28,5,0.0,0.02,0.05,4,28,0,0,1,9.428571428571429,0.0
1,1103,3,True,0,2025-02-28,12,0.0,0.1,0.13,4,28,0,0,1,9.571428571428571,0.0
1,1105,3,True,0,2025-02-28,8,0.0,0.05,0.07,4,28,0,0,1,10.428571428571429,0.0
1,1120,3,True,0,2025-02-28,7,2.0,0.06,0.09,4,28,0,0,1,10.428571428571429,0.0
1,1175,3,True,0,2025-02-28,10,0.0,0.01,0.03,4,28,0,0,1,10.571428571428571,0.0
1,1190,3,True,0,2025-02-28,6,1.0,0.04,0.05,4,28,0,0,1,10.142857142857142,0.0
1,1223,3,True,0,2025-02-28,8,3.0,0.03,0.05,4,28,0,0,1,7.0,0.0
1,1235,3,True,0,2025-02-28,7,2.0,0.06,0.08,4,28,0,0,1,8.0,0.0
1,1261,3,True,0,2025-02-28,3,0.0,0.07,0.09,4,28,0,0,1,8.285714285714286,0.0
1,1291,3,True,0,2025-02-28,6,0.0,0.04,0.05,4,28,0,0,1,7.0,0.0
1,1382,3,True,0,2025-02-28,6,0.0,0.05,0.07,4,28,0,0,1,6.714285714285714,0.0
1,1384,3,True,0,2025-02-28,7,3.0,0.08,0.1,4,28,0,0,1,6.571428571428571,0.0
1,1390,3,True,0,2025-02-28,9,0.0,0.04,0.06,4,28,0,0,1,6.142857142857143,0.0
1,1447,3,True,0,2025-02-28,7,1.0,0.08,0.12,4,28,0,0,1,6.571428571428571,0.0
1,1470,3,True,0,2025-02-28,9,0.0,0.06,0.08,4,28,0,0,1,6.428571428571429,0.0
1,1503,3,True,0,2025-02-28,3,0.0,0.17,0.19,4,28,0,0,1,6.714285714285714,0.0
1,1505,3,True,0,2025-02-28,34,4.0,0.01,0.02,4,28,0,0,1,6.714285714285714,1.942949286709794
1,1531,3,True,0,2025-02-28,38,4.0,0.05,0.07,4,28,0,0,1,10.714285714285714,0.0
1,1576,3,True,0,2025-02-28,4,0.0,0.13,0.17,4,28,0,0,1,15.285714285714286,0.0
1,1610,3,True,0,2025-02-28,21,3.0,0.01,0.01,4,28,0,0,1,14.857142857142858,0.0
1,1642,3,True,0,2025-02-28,0,0.0,0.09,0.12,4,28,0,0,1,16.571428571428573,0.0
1,1771,3,True,0,2025-02-28,4,0.0,0.17,0.22,4,28,0,0,1,15.571428571428571,0.0
1,1822,3,True,0,2025-02-28,1,1.0,0.08,0.1,4,28,0,0,1,14.857142857142858,0.0
1,1849,3,True,0,2025-02-28,8,1.0,0.05,0.06,4,28,0,0,1,14.571428571428571,0.0
1,1902,3,True,0,2025-02-28,8,0.0,0.03,0.04,4,28,0,0,1,10.857142857142858,0.0
1,1940,3,True,0,2025-02-28,4,0.0,0.04,0.05,4,28,0,0,1,6.571428571428571,0.0
1,1949,3,True,0,2025-02-28,5,2.0,0.04,0.05,4,28,0,0,1,6.571428571428571,0.0
1,1969,3,True,0,2025-02-28,3,0.0,0.13,0.16,4,28,0,0,1,4.285714285714286,0.0
1,1988,3,True,0,2025-02-28,0,0.0,0.12,0.17,4,28,0,0,1,4.714285714285714,0.0
1,1997,3,True,0,2025-02-28,10,1.0,0.01,0.02,4,28,0,0,1,4.142857142857143,0.0
1,2039,3,True,0,2025-02-28,0,0.0,0.01,0.02,4,28,0,0,1,5.428571428571429,0.0
1,2040,3,True,0,2025-02-28,3,0.0,0.08,0.11,4,28,0,0,1,4.285714285714286,0.0
1,2048,3,True,0,2025-02-28,4,0.0,0.04,0.06,4,28,0,0,1,3.5714285714285716,0.0
1,2062,3,True,0,2025-02-28,6,1.0,0.11,0.15,4,28,0,0,1,3.5714285714285716,0.0
1,2110,3,True,0,2025-02-28,1,0.0,0.06,0.08,4,28,0,0,1,3.7142857142857144,0.0
1,2127,3,True,0,2025-02-28,31,0.0,0.03,0.04,4,28,0,0,1,3.4285714285714284,0.0
1,2151,3,True,0,2025-02-28,0,0.0,0.0,0.01,4,28,0,0,1,7.857142857142857,0.0
1,2185,3,True,0,2025-02-28,13,1.0,0.04,0.05,4,28,0,0,1,6.428571428571429,0.0
1,2236,3,True,0,2025-02-28,11,0.0,0.07,0.09,4,28,0,0,1,8.285714285714286,0.0
1,2331,3,True,0,2025-02-28,5,1.0,0.52,0.59,4,28,0,0,1,9.428571428571429,0.0
1,2432,3,True,0,2025-02-28,14,2.0,0.03,0.04,4,28,0,0,1,9.571428571428571,0.0
1,2491,3,True,0,2025-02-28,7,0.0,0.03,0.05,4,28,0,0,1,10.714285714285714,0.0
1,2551,3,True,0,2025-02-28,4,0.0,0.02,0.02,4,28,0,0,1,11.571428571428571,0.0
1,2558,3,True,0,2025-02-28,3,0.0,0.08,0.11,4,28,0,0,1,7.714285714285714,0.0
1,2585,3,True,0,2025-02-28,2,0.0,0.03,0.04,4,28,0,0,1,8.142857142857142,0.0
1,2595,3,True,0,2025-02-28,25,3.0,0.0,0.01,4,28,0,0,1,6.571428571428571,0.0
1,2700,3,True,0,2025-02-28,16,4.0,0.01,0.01,4,28,0,0,1,8.571428571428571,0.0
1,2805,3,True,0,2025-02-28,2,0.0,0.08,0.11,4,28,0,0,1,10.142857142857142,0.0
1,2816,3,True,0,2025-02-28,3,0.0,0.06,0.08,4,28,0,0,1,8.428571428571429,0.0
1,2840,3,True,0,2025-02-28,7,0.0,0.17,0.21,4,28,0,0,1,7.857142857142857,0.0
1,2852,3,True,0,2025-02-28,6,0.0,0.07,0.1,4,28,0,0,1,8.285714285714286,0.0
1,2884,3,True,0,2025-02-28,3,0.0,0.23,0.29,4,28,0,0,1,8.714285714285714,0.0
1,2889,3,True,0,2025-02-28,12,1.0,0.03,0.04,4,28,0,0,1,8.857142857142858,0.0
1,3190,3,True,0,2025-02-28,20,0.0,0.02,0.02,4,28,0,0,1,7.0,0.0
1,3239,3,True,0,2025-02-28,2,0.0,0.06,0.07,4,28,0,0,1,7.571428571428571,0.0
1,3279,3,True,0,2025-02-28,9,4.0,0.02,0.03,4,28,0,0,1,7.571428571428571,0.0
1,3283,3,True,0,2025-02-28,7,0.0,0.1,0.13,4,28,0,0,1,8.428571428571429,0.0
1,3339,3,True,0,2025-02-28,78,4.0,0.01,0.01,4,28,0,0,1,8.428571428571429,0.0
1,3349,3,True,0,2025-02-28,5,1.0,0.27,0.34,4,28,0,0,1,18.714285714285715,0.0
1,3360,3,True,0,2025-02-28,5,0.0,0.02,0.04,4,28,0,0,1,19.0,0.0
1,3556,3,True,0,2025-02-28,1,2.0,0.26,0.34,4,28,0,0,1,18.0,0.0
1,3693,3,True,0,2025-02-28,17,2.0,0.01,0.01,4,28,0,0,1,15.285714285714286,2.5162422205715353
1,3717,3,True,0,2025-02-28,1,0.0,0.05,0.07,4,28,0,0,1,17.428571428571427,0.0
1,3768,3,True,0,2025-02-28,2,3.0,0.02,0.02,4,28,0,0,1,16.285714285714285,0.0
1,3786,3,True,0,2025-02-28,0,0.0,0.05,0.12,4,28,0,0,1,15.571428571428571,0.0
1,3862,3,True,0,2025-02-28,5,0.0,0.07,0.09,4,28,0,0,1,4.428571428571429,0.0
1,3931,3,True,0,2025-02-28,32,0.0,0.01,0.02,4,28,0,0,1,4.428571428571429,0.0
1,3985,3,True,0,2025-02-28,7,1.0,0.12,0.17,4,28,0,0,1,8.285714285714286,0.0
1,4059,3,True,0,2025-02-28,3,0.0,0.33,0.49,4,28,0,0,1,9.142857142857142,0.0
1,4101,3,True,0,2025-02-28,10,0.0,0.13,0.15,4,28,0,0,1,7.142857142857143,0.0
1,4144,3,True,0,2025-02-28,19,0.0,0.02,0.02,4,28,0,0,1,8.428571428571429,0.0
1,4176,3,True,0,2025-02-28,9,0.0,0.03,0.05,4,28,0,0,1,10.857142857142858,0.0
1,4204,3,True,0,2025-02-28,3,0.0,0.14,0.17,4,28,0,0,1,12.142857142857142,0.0
1,4205,3,True,0,2025-02-28,31,1.0,0.02,0.02,4,28,0,0,1,11.857142857142858,1.7605774681783926
1,4215,3,True,0,2025-02-28,7,1.0,0.03,0.07,4,28,0,0,1,11.714285714285714,0.0
1,4252,3,True,0,2025-02-28,5,0.0,0.02,0.03,4,28,0,0,1,11.714285714285714,0.0
1,4321,3,True,0,2025-02-28,3,0.0,0.1,0.13,4,28,0,0,1,12.0,0.0
1,4333,3,True,0,2025-02-28,5,0.0,0.21,0.26,4,28,0,0,1,11.0,0.0
1,4426,3,True,0,2025-02-28,60,0.0,0.03,0.04,4,28,0,0,1,9.0,1.6028558169834526
1,4433,3,True,0,2025-02-28,8,0.0,0.05,0.11,4,28,0,0,1,16.285714285714285,0.0
1,4439,3,True,0,2025-02-28,46,3.0,0.02,0.02,4,28,0,0,1,17.0,2.123497144100627
1,4447,3,True,0,2025-02-28,17,0.0,0.02,0.03,4,28,0,0,1,19.142857142857142,0.0
1,4461,3,True,0,2025-02-28,9,1.0,0.03,0.04,4,28,0,0,1,20.571428571428573,0.0
1,4470,3,True,0,2025-02-28,5,0.0,0.07,0.09,4,28,0,0,1,21.142857142857142,0.0
1,4488,3,True,0,2025-02-28,5,8.0,0.01,0.03,4,28,0,0,1,21.428571428571427,0.0
1,4504,3,True,0,2025-02-28,6,1.0,0.03,0.04,4,28,0,0,1,21.428571428571427,0.0
1,4523,3,True,0,2025-02-28,3,0.0,0.06,0.09,4,28,0,0,1,13.714285714285714,0.0
1,4596,3,True,0,2025-02-28,12,0.0,0.07,0.08,4,28,0,0,1,13.0,0.0
1,4633,3,True,0,2025-02-28,5,0.0,0.04,0.06,4,28,0,0,1,8.142857142857142,0.0
1,4713,3,True,0,2025-02-28,4,1.0,0.04,0.06,4,28,0,0,1,6.428571428571429,0.0
1,4722,3,True,0,2025-02-28,19,0.0,0.04,0.06,4,28,0,0,1,5.714285714285714,0.0
1,4766,3,True,0,2025-02-28,10,3.0,0.03,0.04,4,28,0,0,1,7.714285714285714,0.0
1,4786,3,True,0,2025-02-28,20,0.0,0.03,0.04,4,28,0,0,1,8.428571428571429,0.0
1,4800,3,True,0,2025-02-28,3,1.0,0.08,0.12,4,28,0,0,1,10.428571428571429,0.0
1,4809,3,True,0,2025-02-28,5,0.0,0.1,0.15,4,28,0,0,1,10.428571428571429,0.0
1,4810,3,True,0,2025-02-28,14,0.0,0.03,0.04,4,28,0,0,1,9.428571428571429,0.0
1,4818,3,True,0,2025-02-28,15,1.0,0.04,0.07,4,28,0,0,1,10.714285714285714,0.0
1,4826,3,True,0,2025-02-28,1,0.0,0.12,0.17,4,28,0,0,1,12.285714285714286,0.0
1,4847,3,True,0,2025-02-28,2,0.0,0.1,0.14,4,28,0,0,1,9.714285714285714,0.0
1,4889,3,True,0,2025-02-28,5,0.0,0.03,0.04,4,28,0,0,1,8.571428571428571,0.0
1,4952,3,True,0,2025-02-28,4,0.0,0.24,0.27,4,28,0,0,1,6.428571428571429,0.0
1,4960,3,True,0,2025-02-28,11,0.0,0.02,0.03,4,28,0,0,1,6.571428571428571,0.0
1,5029,3,True,0,2025-02-28,2,0.0,0.06,0.08,4,28,0,0,1,7.428571428571429,0.0
1,5057,3,True,0,2025-02-28,3,0.0,0.06,0.09,4,28,0,0,1,5.714285714285714,0.0
1,5060,3,True,0,2025-02-28,4,0.0,0.06,0.08,4,28,0,0,1,4.0,0.0
1,5082,3,True,0,2025-02-28,8,0.0,0.04,0.05,4,28,0,0,1,4.428571428571429,0.0
1,5090,3,True,0,2025-02-28,5,0.0,0.05,0.06,4,28,0,0,1,5.285714285714286,0.0
1,5153,3,True,0,2025-02-28,5,0.0,0.09,0.12,4,28,0,0,1,5.285714285714286,0.0
1,5167,3,True,0,2025-02-28,6,0.0,0.05,0.06,4,28,0,0,1,5.428571428571429,0.0
1,5176,3,True,0,2025-02-28,2,1.0,0.24,0.29,4,28,0,0,1,4.714285714285714,0.0
1,5183,3,True,0,2025-02-28,18,0.0,0.03,0.04,4,28,0,0,1,4.714285714285714,0.0
1,5259,3,True,0,2025-02-28,20,0.0,0.06,0.08,4,28,0,0,1,6.857142857142857,1.4674196152052486
1,4,4,False,0,2025-02-28,2,0.0,0.12,0.16,4,28,0,0,1,9.142857142857142,0.0
1,19,4,False,0,2025-02-28,2,0.0,0.01,0.03,4,28,0,0,1,8.285714285714286,0.0
1,34,4,False,0,2025-02-28,3,0.0,0.01,0.01,4,28,0,0,1,7.857142857142857,0.0
1,47,4,False,0,2025-02-28,5,0.0,0.01,0.02,4,28,0,0,1,7.571428571428571,0.0
1,61,4,False,0,2025-02-28,4,0.0,0.01,0.02,4,28,0,0,1,7.428571428571429,0.0
1,70,4,False,0,2025-02-28,2,0.0,0.03,0.06,4,28,0,0,1,7.714285714285714,0.0
1,91,4,False,0,2025-02-28,4,0.0,0.03,0.03,4,28,0,0,1,5.428571428571429,0.0
1,107,4,False,0,2025-02-28,3,0.0,0.03,0.04,4,28,0,0,1,3.142857142857143,0.0
1,122,4,False,0,2025-02-28,1,0.0,0.03,0.04,4,28,0,0,1,3.2857142857142856,0.0
1,155,4,False,0,2025-02-28,5,0.0,0.04,0.06,4,28,0,0,1,3.142857142857143,0.0
1,200,4,False,0,2025-02-28,4,0.0,0.04,0.05,4,28,0,0,1,3.4285714285714284,0.0
1,248,4,False,0,2025-02-28,3,0.0,0.05,0.07,4,28,0,0,1,3.2857142857142856,0.0
1,249,4,False,0,2025-02-28,8,0.0,0.13,0.17,4,28,0,0,1,3.142857142857143,0.0
1,283,4,False,0,2025-02-28,3,0.0,0.03,0.05,4,28,0,0,1,4.0,0.0
1,355,4,False,0,2025-02-28,3,0.0,0.02,0.03,4,28,0,0,1,3.857142857142857,0.0
1,363,4,False,0,2025-02-28,3,0.0,0.01,0.01,4,28,0,0,1,3.857142857142857,0.0
1,371,4,False,0,2025-02-28,3,0.0,0.01,0.01,4,28,0,0,1,4.142857142857143,0.0
1,393,4,False,0,2025-02-28,3,0.0,0.02,0.03,4,28,0,0,1,3.857142857142857,0.0
1,442,4,False,0,2025-02-28,2,0.0,0.05,0.07,4,28,0,0,1,3.7142857142857144,0.0
1,495,4,False,0,2025-02-28,6,0.0,0.02,0.03,4,28,0,0,1,3.5714285714285716,0.0
1,523,4,False,0,2025-02-28,2,1.0,0.03,0.05,4,28,0,0,1,3.2857142857142856,0.0
1,538,4,False,0,2025-02-28,3,0.0,0.02,0.04,4,28,0,0,1,3.142857142857143,0.0
1,542,4,False,0,2025-02-28,1,2.0,0.04,0.06,4,28,0,0,1,3.142857142857143,0.0
1,544,4,False,0,2025-02-28,4,0.0,0.02,0.04,4,28,0,0,1,2.857142857142857,0.0
1,564,4,False,0,2025-02-28,1,0.0,0.02,0.03,4,28,0,0,1,3.0,0.0
1,610,4,False,0,2025-02-28,3,0.0,0.04,0.06,4,28,0,0,1,2.7142857142857144,0.0
1,619,4,False,0,2025-02-28,2,0.0,0.04,0.05,4,28,0,0,1,2.857142857142857,0.0
1,636,4,False,0,2025-02-28,2,0.0,0.02,0.03,4,28,0,0,1,2.2857142857142856,0.0
1,645,4,False,0,2025-02-28,1,0.0,0.01,0.02,4,28,0,0,1,2.2857142857142856,0.0
1,653,4,False,0,2025-02-28,3,0.0,0.02,0.03,4,28,0,0,1,2.0,0.0
1,668,4,False,0,2025-02-28,4,0.0,0.03,0.04,4,28,0,0,1,2.2857142857142856,0.0
1,701,4,False,0,2025-02-28,4,0.0,0.02,0.03,4,28,0,0,1,2.2857142857142856,0.0
1,717,4,False,0,2025-02-28,1,1.0,0.05,0.07,4,28,0,0,1,2.7142857142857144,0.0
1,768,4,False,0,2025-02-28,4,0.0,0.03,0.04,4,28,0,0,1,2.4285714285714284,0.0
1,769,4,False,0,2025-02-28,5,0.0,0.01,0.01,4,28,0,0,1,2.7142857142857144,0.0
1,780,4,False,0,2025-02-28,3,0.0,0.03,0.05,4,28,0,0,1,3.142857142857143,0.0
1,794,4,False,0,2025-02-28,1,0.0,0.04,0.05,4,28,0,0,1,3.4285714285714284,0.0
1,854,4,False,0,2025-02-28,3,0.0,0.05,0.06,4,28,0,0,1,3.142857142857143,0.0
1,858,4,False,0,2025-02-28,2,0.0,0.04,0.06,4,28,0,0,1,3.0,0.0
1,864,4,False,0,2025-02-28,3,0.0,0.02,0.03,4,28,0,0,1,2.7142857142857144,0.0
1,875,4,False,0,2025-02-28,6,0.0,0.02,0.03,4,28,0,0,1,3.0,0.0
1,891,4,False,0,2025-02-28,4,0.0,0.03,0.04,4,28,0,0,1,3.2857142857142856,0.0
1,961,4,False,0,2025-02-28,3,0.0,0.05,0.05,4,28,0,0,1,3.142857142857143,0.0
1,979,4,False,0,2025-02-28,4,0.0,0.06,0.07,4,28,0,0,1,3.142857142857143,0.0
1,1017,4,False,0,2025-02-28,3,0.0,0.03,0.04,4,28,0,0,1,3.5714285714285716,0.0
1,1047,4,False,0,2025-02-28,4,0.0,0.09,0.14,4,28,0,0,1,3.5714285714285716,0.0
1,1057,4,False,0,2025-02-28,2,0.0,0.04,0.07,4,28,0,0,1,3.857142857142857,0.0
1,1095,4,False,0,2025-02-28,2,1.0,0.03,0.05,4,28,0,0,1,3.7142857142857144,0.0
1,1107,4,False,0,2025-02-28,2,0.0,0.02,0.03,4,28,0,0,1,3.142857142857143,0.0
1,1161,4,False,0,2025-02-28,2,0.0,0.02,0.04,4,28,0,0,1,2.857142857142857,0.0
1,1177,4,False,0,2025-02-28,3,0.0,0.1,0.15,4,28,0,0,1,2.7142857142857144,0.0
1,1189,4,False,0,2025-02-28,5,0.0,0.02,0.04,4,28,0,0,1,2.5714285714285716,0.0
1,1193,4,False,0,2025-02-28,3,0.0,0.02,0.03,4,28,0,0,1,2.857142857142857,0.0
1,1202,4,False,0,2025-02-28,3,0.0,0.02,0.04,4,28,0,0,1,2.7142857142857144,0.0
1,1215,4,False,0,2025-02-28,3,0.0,0.01,0.02,4,28,0,0,1,2.857142857142857,0.0
1,1224,4,False,0,2025-02-28,1,0.0,0.04,0.05,4,28,0,0,1,3.0,0.0
1,1267,4,False,0,2025-02-28,2,1.0,0.07,0.09,4,28,0,0,1,2.857142857142857,0.0
1,1293,4,False,0,2025-02-28,6,0.0,0.03,0.04,4,28,0,0,1,2.857142857142857,0.0
1,1303,4,False,0,2025-02-28,4,0.0,0.06,0.08,4,28,0,0,1,3.2857142857142856,0.0
1,1338,4,False,0,2025-02-28,3,0.0,0.06,0.09,4,28,0,0,1,3.142857142857143,0.0
1,1344,4,False,0,2025-02-28,2,1.0,0.06,0.09,4,28,0,0,1,3.142857142857143,0.0
1,1350,4,False,0,2025-02-28,2,0.0,0.03,0.05,4,28,0,0,1,3.0,0.0
1,1367,4,False,0,2025-02-28,1,0.0,0.02,0.03,4,28,0,0,1,2.857142857142857,0.0
1,1404,4,False,0,2025-02-28,3,0.0,0.02,0.04,4,28,0,0,1,2.857142857142857,0.0
1,1421,4,False,0,2025-02-28,3,0.0,0.02,0.03,4,28,0,0,1,3.0,0.0
1,1448,4,False,0,2025-02-28,2,0.0,0.06,0.08,4,28,0,0,1,2.5714285714285716,0.0
1,1466,4,False,0,2025-02-28,0,0.0,0.02,0.03,4,28,0,0,1,2.2857142857142856,0.0
1,1479,4,False,0,2025-02-28,3,0.0,0.04,0.06,4,28,0,0,1,1.8571428571428572,0.0
1,1483,4,False,0,2025-02-28,3,0.0,0.02,0.04,4,28,0,0,1,2.0,0.0
1,1498,4,False,0,2025-02-28,9,0.0,0.12,0.16,4,28,0,0,1,2.142857142857143,0.0
1,1517,4,False,0,2025-02-28,1,0.0,0.02,0.03,4,28,0,0,1,3.2857142857142856,0.0
1,1533,4,False,0,2025-02-28,6,0.0,0.05,0.07,4,28,0,0,1,3.0,0.0
1,1606,4,False,0,2025-02-28,5,0.0,0.04,0.05,4,28,0,0,1,3.4285714285714284,0.0
1,1622,4,False,0,2025-02-28,3,0.0,0.07,0.09,4,28,0,0,1,3.857142857142857,0.0
1,1624,4,False,0,2025-02-28,3,0.0,0.04,0.06,4,28,0,0,1,4.285714285714286,0.0
1,1625,4,False,0,2025-02-28,3,0.0,0.03,0.04,4,28,0,0,1,4.285714285714286,0.0
1,1634,4,False,0,2025-02-28,2,0.0,0.05,0.06,4,28,0,0,1,4.285714285714286,0.0
1,1648,4,False,0,2025-02-28,3,1.0,0.03,0.04,4,28,0,0,1,3.2857142857142856,0.0
1,1654,4,False,0,2025-02-28,2,0.0,0.01,0.02,4,28,0,0,1,3.5714285714285716,0.0
1,1672,4,False,0,2025-02-28,3,0.0,0.02,0.02,4,28,0,0,1,3.0,0.0
1,1693,4,False,0,2025-02-28,2,0.0,0.02,0.04,4,28,0,0,1,2.7142857142857144,0.0
1,1805,4,False,0,2025-02-28,3,0.0,0.04,0.06,4,28,0,0,1,2.5714285714285716,0.0
1,1806,4,False,0,2025-02-28,3,0.0,0.08,0.12,4,28,0,0,1,2.5714285714285716,0.0
1,1824,4,False,0,2025-02-28,3,0.0,0.01,0.01,4,28,0,0,1,2.5714285714285716,0.0
1,1836,4,False,0,2025-02-28,5,1.0,0.04,0.06,4,28,0,0,1,2.7142857142857144,0.0
1,1838,4,False,0,2025-02-28,3,0.0,0.01,0.01,4,28,0,0,1,3.0,0.0
1,1842,4,False,0,2025-02-28,3,0.0,0.01,0.01,4,28,0,0,1,3.142857142857143,0.0
1,1856,4,False,0,2025-02-28,3,0.0,0.02,0.04,4,28,0,0,1,3.142857142857143,0.0
1,1861,4,False,0,2025-02-28,0,0.0,0.02,0.03,4,28,0,0,1,3.2857142857142856,0.0
1,1869,4,False,0,2025-02-28,4,0.0,0.01,0.01,4,28,0,0,1,2.857142857142857,0.0
1,1870,4,False,0,2025-02-28,2,0.0,0.04,0.06,4,28,0,0,1,3.0,0.0
1,1894,4,False,0,2025-02-28,3,0.0,0.03,0.04,4,28,0,0,1,2.857142857142857,0.0
1,1928,4,False,0,2025-02-28,5,0.0,0.01,0.01,4,28,0,0,1,2.5714285714285716,0.0
1,1942,4,False,0,2025-02-28,3,0.0,0.01,0.02,4,28,0,0,1,2.857142857142857,0.0
1,1958,4,False,0,2025-02-28,0,1.0,0.04,0.06,4,28,0,0,1,2.857142857142857,0.0
1,1959,4,False,0,2025-02-28,3,0.0,0.05,0.08,4,28,0,0,1,2.4285714285714284,0.0
1,1968,4,False,0,2025-02-28,5,0.0,0.03,0.05,4,28,0,0,1,2.857142857142857,0.0
1,1996,4,False,0,2025-02-28,4,0.0,0.01,0.02,4,28,0,0,1,3.0,0.0
1,1999,4,False,0,2025-02-28,3,0.0,0.01,0.01,4,28,0,0,1,3.2857142857142856,0.0
1,2022,4,False,0,2025-02-28,2,0.0,0.03,0.05,4,28,0,0,1,3.2857142857142856,0.0
1,2024,4,False,0,2025-02-28,2,0.0,0.02,0.04,4,28,0,0,1,2.857142857142857,0.0
1,2064,4,False,0,2025-02-28,3,0.0,0.02,0.03,4,28,0,0,1,2.7142857142857144,0.0
1,2092,4,False,0,2025-02-28,3,0.0,0.04,0.06,4,28,0,0,1,3.142857142857143,0.0
1,2097,4,False,0,2025-02-28,3,0.0,0.03,0.06,4,28,0,0,1,3.142857142857143,0.0
1,2103,4,False,0,2025-02-28,0,0.0,0.01,0.02,4,28,0,0,1,2.857142857142857,0.0
1,2137,4,False,0,2025-02-28,3,1.0,0.04,0.06,4,28,0,0,1,2.2857142857142856,0.0
1,2150,4,False,0,2025-02-28,4,0.0,0.01,0.02,4,28,0,0,1,2.2857142857142856,0.0
1,2180,4,False,0,2025-02-28,4,0.0,0.05,0.08,4,28,0,0,1,2.5714285714285716,0.0
1,2239,4,False,0,2025-02-28,2,0.0,0.03,0.04,4,28,0,0,1,2.857142857142857,0.0
1,2252,4,False,0,2025-02-28,2,0.0,0.02,0.03,4,28,0,0,1,2.7142857142857144,0.0
1,2297,4,False,0,2025-02-28,8,1.0,0.14,0.18,4,28,0,0,1,2.5714285714285716,0.0
1,2312,4,False,0,2025-02-28,3,0.0,0.05,0.08,4,28,0,0,1,3.2857142857142856,0.0
1,2320,4,False,0,2025-02-28,1,1.0,0.03,0.05,4,28,0,0,1,3.7142857142857144,0.0
1,2355,4,False,0,2025-02-28,2,0.0,0.05,0.09,4,28,0,0,1,3.4285714285714284,0.0
1,2369,4,False,0,2025-02-28,3,0.0,0.03,0.05,4,28,0,0,1,3.142857142857143,0.0
1,2423,4,False,0,2025-02-28,4,0.0,0.02,0.03,4,28,0,0,1,3.0,0.0
1,2456,4,False,0,2025-02-28,3,0.0,0.02,0.03,4,28,0,0,1,3.2857142857142856,0.0
1,2495,4,False,0,2025-02-28,4,0.0,0.05,0.08,4,28,0,0,1,3.4285714285714284,0.0
1,2517,4,False,0,2025-02-28,5,0.0,0.05,0.09,4,28,0,0,1,2.857142857142857,0.0
1,2550,4,False,0,2025-02-28,1,1.0,0.03,0.05,4,28,0,0,1,3.142857142857143,0.0
1,2569,4,False,0,2025-02-28,1,0.0,0.01,0.02,4,28,0,0,1,3.142857142857143,0.0
1,2586,4,False,0,2025-02-28,2,0.0,0.04,0.06,4,28,0,0,1,3.0,0.0
1,2644,4,False,0,2025-02-28,4,0.0,0.05,0.08,4,28,0,0,1,2.857142857142857,0.0
1,2711,4,False,0,2025-02-28,4,0.0,0.04,0.06,4,28,0,0,1,2.857142857142857,0.0
1,2750,4,False,0,2025-02-28,4,0.0,0.01,0.01,4,28,0,0,1,3.0,0.0
1,2773,4,False,0,2025-02-28,3,0.0,0.02,0.04,4,28,0,0,1,3.0,0.0
1,2800,4,False,0,2025-02-28,4,1.0,0.02,0.04,4,28,0,0,1,2.7142857142857144,0.0
1,2908,4,False,0,2025-02-28,2,0.0,0.03,0.04,4,28,0,0,1,3.142857142857143,0.0
1,2943,4,False,0,2025-02-28,3,0.0,0.02,0.03,4,28,0,0,1,3.2857142857142856,0.0
1,2955,4,False,0,2025-02-28,3,0.0,0.01,0.02,4,28,0,0,1,3.4285714285714284,0.0
1,2973,4,False,0,2025-02-28,5,0.0,0.04,0.05,4,28,0,0,1,3.2857142857142856,0.0
1,2988,4,False,0,2025-02-28,1,1.0,0.02,0.03,4,28,0,0,1,3.4285714285714284,0.0
1,2995,4,False,0,2025-02-28,2,0.0,0.05,0.07,4,28,0,0,1,3.0,0.0
1,3003,4,False,0,2025-02-28,5,0.0,0.02,0.04,4,28,0,0,1,2.857142857142857,0.0
1,3029,4,False,0,2025-02-28,2,1.0,0.09,0.12,4,28,0,0,1,3.0,0.0
1,3127,4,False,0,2025-02-28,4,0.0,0.12,0.14,4,28,0,0,1,3.0,0.0
1,3130,4,False,0,2025-02-28,3,0.0,0.14,0.22,4,28,0,0,1,3.142857142857143,0.0
1,3166,4,False,0,2025-02-28,3,0.0,0.01,0.01,4,28,0,0,1,3.142857142857143,0.0
1,3169,4,False,0,2025-02-28,2,0.0,0.02,0.03,4,28,0,0,1,2.857142857142857,0.0
1,3174,4,False,0,2025-02-28,3,0.0,0.01,0.01,4,28,0,0,1,3.0,0.0
1,3222,4,False,0,2025-02-28,2,0.0,0.02,0.04,4,28,0,0,1,3.142857142857143,0.0
1,3281,4,False,0,2025-02-28,3,0.0,0.06,0.08,4,28,0,0,1,2.7142857142857144,0.0
1,3344,4,False,0,2025-02-28,2,0.0,0.04,0.05,4,28,0,0,1,2.857142857142857,0.0
1,3374,4,False,0,2025-02-28,4,0.0,0.06,0.09,4,28,0,0,1,2.5714285714285716,0.0
1,3376,4,False,0,2025-02-28,4,0.0,0.03,0.05,4,28,0,0,1,2.7142857142857144,0.0
1,3400,4,False,0,2025-02-28,5,0.0,0.01,0.01,4,28,0,0,1,2.857142857142857,0.0
1,3425,4,False,0,2025-02-28,0,0.0,0.01,0.01,4,28,0,0,1,3.2857142857142856,0.0
1,3428,4,False,0,2025-02-28,2,0.0,0.04,0.06,4,28,0,0,1,2.857142857142857,0.0
1,3442,4,False,0,2025-02-28,5,1.0,0.07,0.1,4,28,0,0,1,2.857142857142857,0.0
1,3459,4,False,0,2025-02-28,1,0.0,0.04,0.06,4,28,0,0,1,3.142857142857143,0.0
1,3460,4,False,0,2025-02-28,5,0.0,0.02,0.03,4,28,0,0,1,3.0,0.0
1,3462,4,False,0,2025-02-28,4,0.0,0.03,0.05,4,28,0,0,1,3.142857142857143,0.0
1,3471,4,False,0,2025-02-28,2,1.0,0.03,0.04,4,28,0,0,1,3.142857142857143,0.0
1,3497,4,False,0,2025-02-28,2,0.0,0.04,0.06,4,28,0,0,1,2.7142857142857144,0.0
1,3511,4,False,0,2025-02-28,3,0.0,0.04,0.07,4,28,0,0,1,3.0,0.0
1,3603,4,False,0,2025-02-28,3,0.0,0.04,0.06,4,28,0,0,1,3.142857142857143,0.0
1,3618,4,False,0,2025-02-28,3,0.0,0.12,0.17,4,28,0,0,1,2.857142857142857,0.0
1,3669,4,False,0,2025-02-28,1,0.0,0.01,0.01,4,28,0,0,1,3.142857142857143,0.0
1,3670,4,False,0,2025-02-28,4,0.0,0.03,0.05,4,28,0,0,1,2.5714285714285716,0.0
1,3671,4,False,0,2025-02-28,3,0.0,0.04,0.07,4,28,0,0,1,2.5714285714285716,0.0
1,3678,4,False,0,2025-02-28,1,0.0,0.03,0.05,4,28,0,0,1,2.7142857142857144,0.0
1,3685,4,False,0,2025-02-28,0,0.0,0.03,0.06,4,28,0,0,1,2.5714285714285716,0.0
1,3720,4,False,0,2025-02-28,3,0.0,0.05,0.08,4,28,0,0,1,2.142857142857143,0.0
1,3738,4,False,0,2025-02-28,3,0.0,0.01,0.01,4,28,0,0,1,2.142857142857143,0.0
1,3744,4,False,0,2025-02-28,3,0.0,0.04,0.05,4,28,0,0,1,2.142857142857143,0.0
1,3797,4,False,0,2025-02-28,3,0.0,0.03,0.04,4,28,0,0,1,2.4285714285714284,0.0
1,3799,4,False,0,2025-02-28,3,0.0,0.03,0.05,4,28,0,0,1,2.2857142857142856,0.0
1,3820,4,False,0,2025-02-28,4,0.0,0.02,0.04,4,28,0,0,1,2.2857142857142856,0.0
1,3821,4,False,0,2025-02-28,3,0.0,0.04,0.06,4,28,0,0,1,2.7142857142857144,0.0
1,3826,4,False,0,2025-02-28,3,0.0,0.03,0.04,4,28,0,0,1,3.142857142857143,0.0
1,3831,4,False,0,2025-02-28,3,0.0,0.01,0.02,4,28,0,0,1,3.142857142857143,0.0
1,3858,4,False,0,2025-02-28,3,0.0,0.06,0.08,4,28,0,0,1,3.142857142857143,0.0
1,3894,4,False,0,2025-02-28,4,0.0,0.02,0.03,4,28,0,0,1,3.142857142857143,0.0
1,3898,4,False,0,2025-02-28,2,0.0,0.06,0.1,4,28,0,0,1,3.2857142857142856,0.0
1,3913,4,False,0,2025-02-28,3,0.0,0.03,0.05,4,28,0,0,1,3.142857142857143,0.0
1,3917,4,False,0,2025-02-28,3,0.0,0.01,0.01,4,28,0,0,1,3.0,0.0
1,3925,4,False,0,2025-02-28,0,0.0,0.03,0.04,4,28,0,0,1,3.0,0.0
1,3940,4,False,0,2025-02-28,4,0.0,0.05,0.06,4,28,0,0,1,2.5714285714285716,0.0
1,3954,4,False,0,2025-02-28,3,0.0,0.02,0.03,4,28,0,0,1,2.7142857142857144,0.0
1,3966,4,False,0,2025-02-28,0,0.0,0.02,0.04,4,28,0,0,1,2.7142857142857144,0.0
1,3969,4,False,0,2025-02-28,3,0.0,0.01,0.03,4,28,0,0,1,2.142857142857143,0.0
1,3977,4,False,0,2025-02-28,4,0.0,0.06,0.08,4,28,0,0,1,2.2857142857142856,0.0
1,4001,4,False,0,2025-02-28,7,0.0,0.04,0.06,4,28,0,0,1,2.4285714285714284,0.0
1,4034,4,False,0,2025-02-28,3,0.0,0.08,0.11,4,28,0,0,1,3.0,0.0
1,4054,4,False,0,2025-02-28,3,0.0,0.02,0.04,4,28,0,0,1,3.4285714285714284,0.0
1,4061,4,False,0,2025-02-28,4,0.0,0.05,0.07,4,28,0,0,1,3.2857142857142856,0.0
1,4086,4,False,0,2025-02-28,3,0.0,0.02,0.02,4,28,0,0,1,3.4285714285714284,0.0
1,4096,4,False,0,2025-02-28,2,0.0,0.05,0.07,4,28,0,0,1,3.857142857142857,0.0
1,4142,4,False,0,2025-02-28,4,0.0,0.02,0.03,4,28,0,0,1,3.7142857142857144,0.0
1,4156,4,False,0,2025-02-28,3,0.0,0.03,0.04,4,28,0,0,1,3.7142857142857144,0.0
1,4229,4,False,0,2025-02-28,3,0.0,0.02,0.04,4,28,0,0,1,3.142857142857143,0.0
1,4244,4,False,0,2025-02-28,2,0.0,0.02,0.04,4,28,0,0,1,3.142857142857143,0.0
1,4264,4,False,0,2025-02-28,5,0.0,0.05,0.07,4,28,0,0,1,3.0,0.0
1,4331,4,False,0,2025-02-28,5,0.0,0.01,0.02,4,28,0,0,1,3.142857142857143,0.0
1,4365,4,False,0,2025-02-28,4,0.0,0.04,0.06,4,28,0,0,1,3.4285714285714284,0.0
1,4366,4,False,0,2025-02-28,6,0.0,0.05,0.06,4,28,0,0,1,3.7142857142857144,0.0
1,4420,4,False,0,2025-02-28,3,0.0,0.02,0.02,4,28,0,0,1,4.0,0.0
1,4444,4,False,0,2025-02-28,5,0.0,0.07,0.1,4,28,0,0,1,4.0,0.0
1,4450,4,False,0,2025-02-28,4,0.0,0.02,0.03,4,28,0,0,1,4.285714285714286,0.0
1,4458,4,False,0,2025-02-28,12,0.0,0.03,0.05,4,28,0,0,1,4.571428571428571,0.0
1,4465,4,False,0,2025-02-28,3,0.0,0.02,0.04,4,28,0,0,1,5.571428571428571,0.0
1,4472,4,False,0,2025-02-28,5,0.0,0.01,0.01,4,28,0,0,1,5.285714285714286,0.0
1,4507,4,False,0,2025-02-28,3,0.0,0.03,0.04,4,28,0,0,1,5.428571428571429,0.0
1,4525,4,False,0,2025-02-28,3,0.0,0.01,0.03,4,28,0,0,1,5.0,0.0
1,4536,4,False,0,2025-02-28,4,0.0,0.01,0.01,4,28,0,0,1,5.0,0.0
1,4564,4,False,0,2025-02-28,3,0.0,0.02,0.04,4,28,0,0,1,4.857142857142857,0.0
1,4568,4,False,0,2025-02-28,5,0.0,0.01,0.01,4,28,0,0,1,4.714285714285714,0.0
1,4604,4,False,0,2025-02-28,5,0.0,0.02,0.03,4,28,0,0,1,3.7142857142857144,0.0
1,4610,4,False,0,2025-02-28,3,0.0,0.06,0.09,4,28,0,0,1,4.0,0.0
1,4620,4,False,0,2025-02-28,3,0.0,0.02,0.04,4,28,0,0,1,3.7142857142857144,0.0
1,4648,4,False,0,2025-02-28,2,0.0,0.05,0.07,4,28,0,0,1,3.7142857142857144,0.0
1,4700,4,False,0,2025-02-28,3,0.0,0.02,0.03,4,28,0,0,1,3.5714285714285716,0.0
1,4741,4,False,0,2025-02-28,1,2.0,0.02,0.05,4,28,0,0,1,3.4285714285714284,0.0
1,4759,4,False,0,2025-02-28,3,0.0,0.04,0.04,4,28,0,0,1,3.142857142857143,0.0
1,4770,4,False,0,2025-02-28,2,0.0,0.03,0.05,4,28,0,0,1,2.857142857142857,0.0
1,4774,4,False,0,2025-02-28,4,0.0,0.03,0.04,4,28,0,0,1,2.4285714285714284,0.0
1,4903,4,False,0,2025-02-28,3,1.0,0.01,0.02,4,28,0,0,1,2.5714285714285716,0.0
1,4915,4,False,0,2025-02-28,5,0.0,0.01,0.02,4,28,0,0,1,2.5714285714285716,0.0
1,4929,4,False,0,2025-02-28,3,0.0,0.03,0.04,4,28,0,0,1,3.0,0.0
1,4961,4,False,0,2025-02-28,4,0.0,0.03,0.06,4,28,0,0,1,3.0,0.0
1,4987,4,False,0,2025-02-28,2,0.0,0.02,0.03,4,28,0,0,1,3.4285714285714284,0.0
1,4992,4,False,0,2025-02-28,4,1.0,0.04,0.05,4,28,0,0,1,3.2857142857142856,0.0
1,4997,4,False,0,2025-02-28,0,1.0,0.07,0.1,4,28,0,0,1,3.5714285714285716,0.0
1,4998,4,False,0,2025-02-28,3,0.0,0.01,0.01,4,28,0,0,1,3.0,0.0
1,5008,4,False,0,2025-02-28,2,0.0,0.02,0.03,4,28,0,0,1,3.0,0.0
1,5048,4,False,0,2025-02-28,2,0.0,0.01,0.02,4,28,0,0,1,2.5714285714285716,0.0
1,5091,4,False,0,2025-02-28,3,0.0,0.06,0.08,4,28,0,0,1,2.4285714285714284,0.0
1,5100,4,False,0,2025-02-28,3,0.0,0.02,0.03,4,28,0,0,1,2.2857142857142856,0.0
1,5112,4,False,0,2025-02-28,6,0.0,0.02,0.04,4,28,0,0,1,2.4285714285714284,0.0
1,5118,4,False,0,2025-02-28,3,0.0,0.05,0.08,4,28,0,0,1,2.7142857142857144,0.0
1,5120,4,False,0,2025-02-28,0,0.0,0.02,0.03,4,28,0,0,1,3.142857142857143,0.0
1,5123,4,False,0,2025-02-28,3,0.0,0.02,0.04,4,28,0,0,1,2.7142857142857144,0.0
1,5130,4,False,0,2025-02-28,2,0.0,0.02,0.03,4,28,0,0,1,2.857142857142857,0.0
1,5149,4,False,0,2025-02-28,3,1.0,0.12,0.15,4,28,0,0,1,2.857142857142857,0.0
1,5163,4,False,0,2025-02-28,1,0.0,0.05,0.09,4,28,0,0,1,2.857142857142857,0.0
1,5169,4,False,0,2025-02-28,2,0.0,0.06,0.08,4,28,0,0,1,2.5714285714285716,0.0
1,5172,4,False,0,2025-02-28,3,0.0,0.04,0.06,4,28,0,0,1,2.0,0.0
1,5177,4,False,0,2025-02-28,3,0.0,0.01,0.01,4,28,0,0,1,2.0,0.0
1,5199,4,False,0,2025-02-28,2,0.0,0.02,0.02,4,28,0,0,1,2.4285714285714284,0.0
1,5234,4,False,0,2025-02-28,2,0.0,0.02,0.03,4,28,0,0,1,2.2857142857142856,0.0
1,5241,4,False,0,2025-02-28,2,0.0,0.01,0.01,4,28,0,0,1,2.2857142857142856,0.0
1,5247,4,False,0,2025-02-28,6,0.0,0.02,0.02,4,28,0,0,1,2.142857142857143,0.0
1,5267,4,False,0,2025-02-28,3,0.0,0.02,0.03,4,28,0,0,1,2.857142857142857,0.0
1,5269,4,False,0,2025-02-28,0,0.0,0.01,0.02,4,28,0,0,1,3.0,0.0
1,5275,4,False,0,2025-02-28,5,0.0,0.02,0.05,4,28,0,0,1,2.5714285714285716,0.0
1,5283,4,False,0,2025-02-28,3,0.0,0.03,0.04,4,28,0,0,1,2.857142857142857,0.0
1,172,5,True,0,2025-02-28,23,0.0,0.01,0.01,4,28,0,0,1,3.0,0.0
1,327,5,True,0,2025-02-28,14,1.0,0.01,0.03,4,28,0,0,1,6.0,0.0
1,697,5,True,0,2025-02-28,28,1.0,0.04,0.17,4,28,0,0,1,7.714285714285714,1.4471000332824198
1,1278,5,True,0,2025-02-28,56,4.0,0.02,0.05,4,28,0,0,1,10.857142857142858,0.0
1,1463,5,True,0,2025-02-28,20,0.0,0.01,0.04,4,28,0,0,1,18.428571428571427,0.0
1,1471,5,True,0,2025-02-28,5,0.0,0.02,0.05,4,28,0,0,1,21.285714285714285,0.0
1,1580,5,True,0,2025-02-28,7,0.0,0.02,0.04,4,28,0,0,1,21.285714285714285,0.0
1,1795,5,True,0,2025-02-28,10,0.0,0.02,0.04,4,28,0,0,1,21.857142857142858,0.0
1,1860,5,True,0,2025-02-28,15,0.0,0.03,0.04,4,28,0,0,1,20.0,0.0
1,2169,5,True,0,2025-02-28,5,1.0,0.01,0.02,4,28,0,0,1,20.142857142857142,0.0
1,2338,5,True,0,2025-02-28,10,0.0,0.01,0.05,4,28,0,0,1,16.857142857142858,0.0
1,2381,5,True,0,2025-02-28,8,0.0,0.04,0.06,4,28,0,0,1,10.285714285714286,0.0
1,2518,5,True,0,2025-02-28,8,0.0,0.02,0.09,4,28,0,0,1,8.571428571428571,0.0
1,2560,5,True,0,2025-02-28,11,0.0,0.03,0.04,4,28,0,0,1,9.0,0.0
1,2647,5,True,0,2025-02-28,27,1.0,0.03,0.05,4,28,0,0,1,9.571428571428571,0.0
1,2661,5,True,0,2025-02-28,31,0.0,0.0,0.01,4,28,0,0,1,12.0,0.0
1,2926,5,True,0,2025-02-28,3,0.0,0.03,0.05,4,28,0,0,1,14.285714285714286,0.0
1,3002,5,True,0,2025-02-28,10,0.0,0.04,0.09,4,28,0,0,1,14.0,0.0
1,3175,5,True,0,2025-02-28,21,1.0,0.04,0.1,4,28,0,0,1,14.0,0.0
1,3612,5,True,0,2025-02-28,33,1.0,0.05,0.08,4,28,0,0,1,15.857142857142858,0.0
1,3734,5,True,0,2025-02-28,10,0.0,0.05,0.09,4,28,0,0,1,19.428571428571427,0.0
1,3819,5,True,0,2025-02-28,4,0.0,0.02,0.07,4,28,0,0,1,19.285714285714285,0.0
1,4150,5,True,0,2025-02-28,46,1.0,0.02,0.04,4,28,0,0,1,16.0,0.0
1,4200,5,True,0,2025-02-28,49,0.0,0.06,0.12,4,28,0,0,1,18.142857142857142,1.4284249473484296
1,5036,5,True,0,2025-02-28,20,1.0,0.03,0.05,4,28,0,0,1,24.714285714285715,0.0
1,5260,5,True,0,2025-02-28,31,0.0,0.02,0.06,4,28,0,0,1,26.142857142857142,0.0
1,138,6,False,0,2025-02-28,2,0.0,0.16,0.23,4,28,0,0,1,27.571428571428573,0.0
1,177,6,False,0,2025-02-28,1,0.0,0.08,0.1,4,28,0,0,1,23.142857142857142,0.0
1,207,6,False,0,2025-02-28,2,0.0,0.23,0.31,4,28,0,0,1,21.857142857142858,0.0
1,316,6,False,0,2025-02-28,3,0.0,0.08,0.12,4,28,0,0,1,21.571428571428573,0.0
1,647,6,False,0,2025-02-28,2,0.0,0.07,0.09,4,28,0,0,1,15.428571428571429,0.0
1,755,6,False,0,2025-02-28,1,0.0,0.15,0.21,4,28,0,0,1,8.714285714285714,0.0
1,975,6,False,0,2025-02-28,0,1.0,0.08,0.1,4,28,0,0,1,6.0,0.0
1,1265,6,False,0,2025-02-28,4,0.0,0.14,0.2,4,28,0,0,1,1.5714285714285714,0.0
1,1309,6,False,0,2025-02-28,1,0.0,0.24,0.32,4,28,0,0,1,1.8571428571428572,0.0
1,1509,6,False,0,2025-02-28,0,0.0,0.22,0.25,4,28,0,0,1,1.8571428571428572,0.0
1,1740,6,False,0,2025-02-28,1,0.0,0.08,0.12,4,28,0,0,1,1.5714285714285714,0.0
1,1827,6,False,0,2025-02-28,1,0.0,0.1,0.15,4,28,0,0,1,1.2857142857142858,0.0
1,1845,6,False,0,2025-02-28,2,0.0,0.05,0.06,4,28,0,0,1,1.1428571428571428,0.0
1,1865,6,False,0,2025-02-28,2,0.0,0.12,0.16,4,28,0,0,1,1.2857142857142858,0.0
1,2131,6,False,0,2025-02-28,2,1.0,0.1,0.15,4,28,0,0,1,1.5714285714285714,0.0
1,2216,6,False,0,2025-02-28,1,0.0,0.06,0.09,4,28,0,0,1,1.2857142857142858,0.0
1,2240,6,False,0,2025-02-28,3,0.0,0.13,0.17,4,28,0,0,1,1.2857142857142858,0.0
1,2291,6,False,0,2025-02-28,1,0.0,0.15,0.21,4,28,0,0,1,1.7142857142857142,0.0
1,2352,6,False,0,2025-02-28,5,0.0,0.11,0.15,4,28,0,0,1,1.7142857142857142,0.0
1,2515,6,False,0,2025-02-28,2,0.0,0.16,0.19,4,28,0,0,1,2.2857142857142856,0.0
1,2617,6,False,0,2025-02-28,1,0.0,0.13,0.19,4,28,0,0,1,2.2857142857142856,0.0
1,2799,6,False,0,2025-02-28,1,0.0,0.06,0.08,4,28,0,0,1,2.142857142857143,0.0
1,2934,6,False,0,2025-02-28,1,0.0,0.07,0.1,4,28,0,0,1,2.0,0.0
1,3090,6,False,0,2025-02-28,1,0.0,0.15,0.2,4,28,0,0,1,2.0,0.0
1,3380,6,False,0,2025-02-28,2,0.0,0.06,0.09,4,28,0,0,1,1.7142857142857142,0.0
1,3637,6,False,0,2025-02-28,0,0.0,0.07,0.09,4,28,0,0,1,1.8571428571428572,0.0
1,3793,6,False,0,2025-02-28,1,1.0,0.03,0.04,4,28,0,0,1,1.1428571428571428,0.0
1,3937,6,False,0,2025-02-28,0,0.0,0.14,0.18,4,28,0,0,1,1.0,0.0
1,4074,6,False,0,2025-02-28,1,0.0,0.16,0.22,4,28,0,0,1,0.8571428571428571,0.0
1,4196,6,False,0,2025-02-28,2,0.0,0.06,0.08,4,28,0,0,1,0.8571428571428571,0.0
1,4228,6,False,0,2025-02-28,3,0.0,0.16,0.2,4,28,0,0,1,1.0,0.0
1,4356,6,False,0,2025-02-28,1,0.0,0.09,0.14,4,28,0,0,1,1.2857142857142858,0.0
1,4398,6,False,0,2025-02-28,0,0.0,0.09,0.17,4,28,0,0,1,1.1428571428571428,0.0
1,4430,6,False,0,2025-02-28,1,0.0,0.08,0.12,4,28,0,0,1,1.1428571428571428,0.0
1,4730,6,False,0,2025-02-28,1,0.0,0.13,0.15,4,28,0,0,1,1.1428571428571428,0.0
1,4736,6,False,0,2025-02-28,1,0.0,0.07,0.09,4,28,0,0,1,1.2857142857142858,0.0
1,4849,6,False,0,2025-02-28,2,0.0,0.13,0.22,4,28,0,0,1,1.2857142857142858,0.0
1,4887,6,False,0,2025-02-28,4,0.0,0.13,0.16,4,28,0,0,1,1.2857142857142858,0.0
1,5023,6,False,0,2025-02-28,2,0.0,0.13,0.18,4,28,0,0,1,1.4285714285714286,0.0
1,411,7,False,0,2025-02-28,12,2.0,0.0,0.01,4,28,0,0,1,1.5714285714285714,0.0
1,461,7,False,0,2025-02-28,10,0.0,0.0,0.01,4,28,0,0,1,3.2857142857142856,0.0
1,551,7,False,0,2025-02-28,5,4.0,0.01,0.01,4,28,0,0,1,4.571428571428571,0.0
1,559,7,False,0,2025-02-28,13,0.0,0.01,0.01,4,28,0,0,1,5.142857142857143,0.0
1,848,7,False,0,2025-02-28,4,0.0,0.04,0.05,4,28,0,0,1,6.857142857142857,0.0
1,861,7,False,0,2025-02-28,27,1.0,0.01,0.02,4,28,0,0,1,7.142857142857143,0.0
1,1115,7,False,0,2025-02-28,86,0.0,0.0,0.0,4,28,0,0,1,10.428571428571429,0.0
1,1288,7,False,0,2025-02-28,13,1.0,0.01,0.02,4,28,0,0,1,22.428571428571427,0.0
1,1787,7,False,0,2025-02-28,0,0.0,0.02,0.02,4,28,0,0,1,22.571428571428573,2.154328320082473
1,2175,7,False,0,2025-02-28,10,0.0,0.03,0.04,4,28,0,0,1,21.142857142857142,0.0
1,2227,7,False,0,2025-02-28,12,0.0,0.02,0.03,4,28,0,0,1,21.857142857142858,0.0
1,2499,7,False,0,2025-02-28,10,3.0,0.0,0.01,4,28,0,0,1,21.714285714285715,0.0
1,2887,7,False,0,2025-02-28,20,0.0,0.02,0.03,4,28,0,0,1,22.571428571428573,0.0
1,3023,7,False,0,2025-02-28,20,0.0,0.01,0.01,4,28,0,0,1,21.571428571428573,0.0
1,3040,7,False,0,2025-02-28,4,0.0,0.0,0.0,4,28,0,0,1,12.142857142857142,0.0
1,3105,7,False,0,2025-02-28,9,2.0,0.0,0.01,4,28,0,0,1,10.857142857142858,0.0
1,3272,7,False,0,2025-02-28,14,0.0,0.01,0.02,4,28,0,0,1,12.142857142857142,1.5076848152735407
1,3314,7,False,0,2025-02-28,19,7.0,0.0,0.01,4,28,0,0,1,12.714285714285714,0.0
1,3401,7,False,0,2025-02-28,12,0.0,0.0,0.01,4,28,0,0,1,13.714285714285714,0.0
1,4026,7,False,0,2025-02-28,5,0.0,0.12,0.17,4,28,0,0,1,14.0,0.0
1,4093,7,False,0,2025-02-28,11,1.0,0.01,0.01,4,28,0,0,1,11.857142857142858,0.0
1,4298,7,False,0,2025-02-28,28,2.0,0.01,0.01,4,28,0,0,1,10.571428571428571,1.7639287454977028
1,4351,7,False,0,2025-02-28,15,0.0,0.01,0.03,4,28,0,0,1,14.0,0.0
1,4411,7,False,0,2025-02-28,15,0.0,0.02,0.04,4,28,0,0,1,14.857142857142858,0.0
1,4585,7,False,0,2025-02-28,24,1.0,0.02,0.04,4,28,0,0,1,15.0,0.0
1,4688,7,False,0,2025-02-28,6,4.0,0.0,0.03,4,28,0,0,1,15.714285714285714,0.0
1,4867,7,False,0,2025-02-28,1,0.0,0.03,0.05,4,28,0,0,1,14.857142857142858,0.0
1,199,8,False,0,2025-02-28,11,0.0,0.01,0.02,4,28,0,0,1,14.285714285714286,0.0
1,269,8,False,0,2025-02-28,43,0.0,0.0,0.01,4,28,0,0,1,14.285714285714286,1.9827947867568227
1,805,8,False,0,2025-02-28,17,0.0,0.0,0.01,4,28,0,0,1,16.428571428571427,0.0
1,828,8,False,0,2025-02-28,4,4.0,0.01,0.01,4,28,0,0,1,16.714285714285715,0.0
1,932,8,False,0,2025-02-28,12,0.0,0.01,0.02,4,28,0,0,1,15.142857142857142,0.0
1,1010,8,False,0,2025-02-28,9,0.0,0.01,0.02,4,28,0,0,1,13.428571428571429,0.0
1,1073,8,False,0,2025-02-28,19,0.0,0.01,0.02,4,28,0,0,1,13.857142857142858,0.0
1,1308,8,False,0,2025-02-28,38,0.0,0.02,0.03,4,28,0,0,1,16.428571428571427,0.0
1,2253,8,False,0,2025-02-28,15,1.0,0.0,0.01,4,28,0,0,1,20.285714285714285,0.0
1,2420,8,False,0,2025-02-28,14,0.0,0.0,0.01,4,28,0,0,1,16.285714285714285,0.0
1,2659,8,False,0,2025-02-28,17,0.0,0.01,0.01,4,28,0,0,1,15.857142857142858,0.0
1,2985,8,False,0,2025-02-28,22,1.0,0.02,0.02,4,28,0,0,1,17.714285714285715,0.0
1,3015,8,False,0,2025-02-28,11,1.0,0.01,0.02,4,28,0,0,1,19.142857142857142,0.0
1,3331,8,False,0,2025-02-28,31,2.0,0.01,0.02,4,28,0,0,1,19.428571428571427,0.0
1,3430,8,False,0,2025-02-28,13,0.0,0.01,0.01,4,28,0,0,1,21.142857142857142,0.0
1,3545,8,False,0,2025-02-28,12,0.0,0.02,0.03,4,28,0,0,1,17.571428571428573,0.0
1,3594,8,False,0,2025-02-28,4,2.0,0.01,0.01,4,28,0,0,1,17.142857142857142,0.0
1,3605,8,False,0,2025-02-28,30,0.0,0.01,0.01,4,28,0,0,1,15.714285714285714,0.0
1,4513,8,False,0,2025-02-28,11,1.0,0.01,0.02,4,28,0,0,1,17.571428571428573,0.0
1,4560,8,False,0,2025-02-28,12,1.0,0.01,0.02,4,28,0,0,1,16.0,0.0
1,5038,8,False,0,2025-02-28,2,1.0,0.02,0.03,4,28,0,0,1,16.142857142857142,0.0
1,5075,8,False,0,2025-02-28,12,0.0,0.01,0.02,4,28,0,0,1,12.0,0.0
1,5178,8,False,0,2025-02-28,12,0.0,0.01,0.02,4,28,0,0,1,11.857142857142858,0.0
1,10,9,True,0,2025-02-28,8,0.0,0.04,0.05,4,28,0,0,1,11.857142857142858,0.0
1,45,9,True,0,2025-02-28,21,1.0,0.02,0.05,4,28,0,0,1,12.428571428571429,0.0
1,141,9,True,0,2025-02-28,8,0.0,0.03,0.09,4,28,0,0,1,11.142857142857142,0.0
1,187,9,True,0,2025-02-28,16,0.0,0.01,0.04,4,28,0,0,1,10.714285714285714,0.0
1,270,9,True,0,2025-02-28,38,2.0,0.02,0.09,4,28,0,0,1,11.285714285714286,0.0
1,275,9,True,0,2025-02-28,9,1.0,0.04,0.06,4,28,0,0,1,16.428571428571427,0.0
1,278,9,True,0,2025-02-28,18,1.0,0.05,0.1,4,28,0,0,1,16.0,0.0
1,317,9,True,0,2025-02-28,22,0.0,0.01,0.02,4,28,0,0,1,16.857142857142858,0.0
1,352,9,True,0,2025-02-28,35,6.0,0.02,0.1,4,28,0,0,1,18.857142857142858,0.0
1,473,9,True,0,2025-02-28,10,0.0,0.01,0.02,4,28,0,0,1,20.857142857142858,0.0
1,496,9,True,0,2025-02-28,7,1.0,0.01,0.02,4,28,0,0,1,21.142857142857142,0.0
1,615,9,True,0,2025-02-28,3,0.0,0.02,0.04,4,28,0,0,1,19.857142857142858,0.0
1,678,9,True,0,2025-02-28,27,0.0,0.01,0.05,4,28,0,0,1,14.857142857142858,0.0
1,696,9,True,0,2025-02-28,20,1.0,0.01,0.06,4,28,0,0,1,17.428571428571427,0.0
1,747,9,True,0,2025-02-28,0,2.0,0.01,0.02,4,28,0,0,1,17.714285714285715,0.0
1,802,9,True,0,2025-02-28,18,1.0,0.06,0.1,4,28,0,0,1,14.571428571428571,0.0
1,813,9,True,0,2025-02-28,31,0.0,0.02,0.03,4,28,0,0,1,12.142857142857142,0.0
1,958,9,True,0,2025-02-28,19,0.0,0.01,0.02,4,28,0,0,1,15.142857142857142,2.366719811481813
1,976,9,True,0,2025-02-28,16,0.0,0.01,0.04,4,28,0,0,1,16.857142857142858,0.0
1,1112,9,True,0,2025-02-28,21,2.0,0.02,0.05,4,28,0,0,1,18.714285714285715,0.0
1,1148,9,True,0,2025-02-28,2,0.0,0.02,0.06,4,28,0,0,1,17.857142857142858,0.0
1,1172,9,True,0,2025-02-28,14,1.0,0.01,0.04,4,28,0,0,1,15.285714285714286,0.0
1,1178,9,True,0,2025-02-28,15,0.0,0.02,0.05,4,28,0,0,1,17.285714285714285,0.0
1,1287,9,True,0,2025-02-28,13,0.0,0.01,0.04,4,28,0,0,1,16.857142857142858,0.0
1,1323,9,True,0,2025-02-28,14,0.0,0.02,0.07,4,28,0,0,1,14.285714285714286,0.0
1,1409,9,True,0,2025-02-28,24,1.0,0.02,0.05,4,28,0,0,1,13.571428571428571,0.0
1,1510,9,True,0,2025-02-28,4,0.0,0.03,0.1,4,28,0,0,1,14.714285714285714,0.0
1,1661,9,True,0,2025-02-28,14,1.0,0.01,0.06,4,28,0,0,1,12.285714285714286,0.0
1,1696,9,True,0,2025-02-28,19,4.0,0.01,0.03,4,28,0,0,1,14.0,0.0
1,1705,9,True,0,2025-02-28,11,1.0,0.04,0.1,4,28,0,0,1,14.714285714285714,0.0
1,1896,9,True,0,2025-02-28,4,0.0,0.03,0.12,4,28,0,0,1,14.142857142857142,0.0
1,1906,9,True,0,2025-02-28,11,0.0,0.04,0.1,4,28,0,0,1,12.857142857142858,0.0
1,1951,9,True,0,2025-02-28,35,0.0,0.02,0.06,4,28,0,0,1,12.428571428571429,0.0
1,2010,9,True,0,2025-02-28,32,0.0,0.03,0.09,4,28,0,0,1,14.0,0.0
1,2011,9,True,0,2025-02-28,10,1.0,0.01,0.06,4,28,0,0,1,18.0,0.0
1,2056,9,True,0,2025-02-28,12,0.0,0.01,0.02,4,28,0,0,1,17.428571428571427,0.0
1,2256,9,True,0,2025-02-28,22,1.0,0.02,0.04,4,28,0,0,1,16.428571428571427,0.0
1,2284,9,True,0,2025-02-28,6,0.0,0.01,0.03,4,28,0,0,1,18.0,0.0
1,2307,9,True,0,2025-02-28,55,3.0,0.02,0.06,4,28,0,0,1,18.285714285714285,0.0
1,2357,9,True,0,2025-02-28,18,0.0,0.09,0.13,4,28,0,0,1,24.571428571428573,0.0
1,2360,9,True,0,2025-02-28,5,0.0,0.01,0.03,4,28,0,0,1,22.142857142857142,0.0
1,2399,9,True,0,2025-02-28,22,0.0,0.03,0.1,4,28,0,0,1,18.285714285714285,0.0
1,2401,9,True,0,2025-02-28,19,0.0,0.01,0.02,4,28,0,0,1,20.0,0.0
1,2419,9,True,0,2025-02-28,10,0.0,0.02,0.03,4,28,0,0,1,21.0,0.0
1,2474,9,True,0,2025-02-28,8,0.0,0.04,0.08,4,28,0,0,1,19.285714285714285,0.0
1,2486,9,True,0,2025-02-28,6,0.0,0.02,0.07,4,28,0,0,1,19.571428571428573,0.0
1,2543,9,True,0,2025-02-28,3,0.0,0.0,0.02,4,28,0,0,1,12.571428571428571,0.0
1,2615,9,True,0,2025-02-28,14,1.0,0.02,0.06,4,28,0,0,1,10.428571428571429,0.0
1,2795,9,True,0,2025-02-28,7,0.0,0.02,0.06,4,28,0,0,1,11.714285714285714,0.0
1,2812,9,True,0,2025-02-28,22,5.0,0.02,0.05,4,28,0,0,1,9.571428571428571,0.0
1,2841,9,True,0,2025-02-28,21,6.0,0.01,0.06,4,28,0,0,1,10.0,0.0
1,2857,9,True,0,2025-02-28,54,1.0,0.01,0.02,4,28,0,0,1,11.571428571428571,0.0
1,3008,9,True,0,2025-02-28,47,1.0,0.01,0.06,4,28,0,0,1,18.142857142857142,0.0
1,3226,9,True,0,2025-02-28,7,0.0,0.02,0.05,4,28,0,0,1,24.0,0.0
1,3241,9,True,0,2025-02-28,12,0.0,0.01,0.06,4,28,0,0,1,24.571428571428573,0.0
1,3244,9,True,0,2025-02-28,14,2.0,0.01,0.04,4,28,0,0,1,24.285714285714285,0.0
1,3356,9,True,0,2025-02-28,7,0.0,0.01,0.03,4,28,0,0,1,25.285714285714285,0.0
1,3540,9,True,0,2025-02-28,15,0.0,0.03,0.08,4,28,0,0,1,23.142857142857142,0.0
1,3735,9,True,0,2025-02-28,13,0.0,0.02,0.06,4,28,0,0,1,22.285714285714285,0.0
1,3751,9,True,0,2025-02-28,4,0.0,0.04,0.04,4,28,0,0,1,16.428571428571427,0.0
1,3789,9,True,0,2025-02-28,8,0.0,0.01,0.03,4,28,0,0,1,10.285714285714286,0.0
1,3905,9,True,0,2025-02-28,30,0.0,0.01,0.06,4,28,0,0,1,10.428571428571429,0.0
1,4012,9,True,0,2025-02-28,34,4.0,0.01,0.06,4,28,0,0,1,13.0,0.0
1,4106,9,True,0,2025-02-28,24,0.0,0.02,0.07,4,28,0,0,1,15.857142857142858,0.0
1,4141,9,True,0,2025-02-28,11,0.0,0.05,0.09,4,28,0,0,1,18.285714285714285,0.0
1,4153,9,True,0,2025-02-28,29,6.0,0.01,0.02,4,28,0,0,1,17.714285714285715,2.1593826091777877
1,4154,9,True,0,2025-02-28,7,0.0,0.0,0.01,4,28,0,0,1,20.0,0.0
1,4197,9,True,0,2025-02-28,1,0.0,0.01,0.04,4,28,0,0,1,20.428571428571427,0.0
1,4348,9,True,0,2025-02-28,12,0.0,0.01,0.03,4,28,0,0,1,19.428571428571427,0.0
1,4350,9,True,0,2025-02-28,20,1.0,0.03,0.06,4,28,0,0,1,16.857142857142858,0.0
1,4367,9,True,0,2025-02-28,10,0.0,0.03,0.07,4,28,0,0,1,14.857142857142858,0.0
1,4466,9,True,0,2025-02-28,17,0.0,0.02,0.04,4,28,0,0,1,12.857142857142858,0.0
1,4493,9,True,0,2025-02-28,33,5.0,0.01,0.06,4,28,0,0,1,13.714285714285714,0.0
1,4530,9,True,0,2025-02-28,14,0.0,0.01,0.02,4,28,0,0,1,14.285714285714286,1.8573189282625469
1,4594,9,True,0,2025-02-28,5,2.0,0.01,0.09,4,28,0,0,1,15.285714285714286,0.0
1,4637,9,True,0,2025-02-28,11,1.0,0.01,0.03,4,28,0,0,1,15.857142857142858,0.0
1,4645,9,True,0,2025-02-28,36,2.0,0.01,0.02,4,28,0,0,1,15.714285714285714,2.1398810064603513
1,4655,9,True,0,2025-02-28,9,0.0,0.06,0.08,4,28,0,0,1,18.0,0.0
1,4679,9,True,0,2025-02-28,54,0.0,0.01,0.04,4,28,0,0,1,17.857142857142858,0.0
1,4845,9,True,0,2025-02-28,23,2.0,0.01,0.02,4,28,0,0,1,23.142857142857142,2.259722729356172
1,4906,9,True,0,2025-02-28,20,1.0,0.01,0.04,4,28,0,0,1,21.714285714285715,0.0
1,4996,9,True,0,2025-02-28,11,0.0,0.0,0.02,4,28,0,0,1,22.571428571428573,0.0
1,5079,9,True,0,2025-02-28,4,1.0,0.01,0.03,4,28,0,0,1,23.428571428571427,0.0
1,5087,9,True,0,2025-02-28,15,1.0,0.03,0.06,4,28,0,0,1,22.428571428571427,0.0
1,5093,9,True,0,2025-02-28,6,0.0,0.02,0.06,4,28,0,0,1,19.428571428571427,0.0
1,5122,9,True,0,2025-02-28,6,4.0,0.01,0.02,4,28,0,0,1,19.0,0.0
1,5135,9,True,0,2025-02-28,13,0.0,0.02,0.05,4,28,0,0,1,12.142857142857142,0.0
1,5175,9,True,0,2025-02-28,9,0.0,0.01,0.03,4,28,0,0,1,10.714285714285714,0.0
1,5212,9,True,0,2025-02-28,9,1.0,0.01,0.05,4,28,0,0,1,9.142857142857142,0.0
1,5272,9,True,0,2025-02-28,56,0.0,0.01,0.02,4,28,0,0,1,8.857142857142858,0.0
1,147,10,False,0,2025-02-28,29,1.0,0.03,0.11,4,28,0,0,1,16.285714285714285,0.0
1,1782,10,False,0,2025-02-28,32,3.0,0.04,0.09,4,28,0,0,1,18.285714285714285,0.0
1,2377,10,False,0,2025-02-28,48,1.0,0.0,0.01,4,28,0,0,1,22.0,3.9038818506191917
1,3203,10,False,0,2025-02-28,30,0.0,0.03,0.13,4,28,0,0,1,28.0,0.0
1,5018,10,False,0,2025-02-28,24,0.0,0.02,0.13,4,28,0,0,1,30.428571428571427,0.0
1,2058,11,False,0,2025-02-28,0,0.0,0.22,0.22,4,28,0,0,1,32.57142857142857,1.8551704905301782
1,2882,11,False,0,2025-02-28,9,1.0,0.23,0.2,4,28,0,0,1,31.285714285714285,0.0
1,3107,11,False,0,2025-02-28,3,0.0,0.12,0.15,4,28,0,0,1,24.571428571428573,0.0
1,3123,11,False,0,2025-02-28,7,4.0,0.23,0.2,4,28,0,0,1,20.857142857142858,0.0
1,3499,11,False,0,2025-02-28,7,0.0,0.09,0.08,4,28,0,0,1,17.285714285714285,0.0
1,3870,11,False,0,2025-02-28,3,0.0,0.15,0.18,4,28,0,0,1,11.428571428571429,0.0
1,4160,11,False,0,2025-02-28,2,0.0,0.16,0.19,4,28,0,0,1,7.571428571428571,0.0
1,5085,11,False,0,2025-02-28,29,1.0,0.23,0.2,4,28,0,0,1,4.428571428571429,0.0
