loja_id,produto_id,categoria_id,is_medicamento,curva,data,estoque,venda,custo,preco,dia_semana_abrev,dia_do_mes,abreviacao_mes,fim_de_semana,inicio_fim_mes,media_leg7_estoque,pred_venda
2,27,1,False,0,2025-02-22,5,0.0,0.07,0.08,5,22,0,1,0,,0.0
2,982,1,False,0,2025-02-22,3,1.0,0.2,0.24,5,22,0,1,0,5.0,0.0
2,1030,1,False,0,2025-02-22,6,0.0,0.29,0.37,5,22,0,1,0,4.0,0.0
2,1304,1,False,0,2025-02-22,3,0.0,0.04,0.06,5,22,0,1,0,4.666666666666667,0.0
2,1590,1,False,0,2025-02-22,4,0.0,0.06,0.09,5,22,0,1,0,4.25,0.0
2,1752,1,False,0,2025-02-22,6,0.0,0.16,0.22,5,22,0,1,0,4.2,0.0
2,1840,1,False,0,2025-02-22,4,0.0,0.13,0.17,5,22,0,1,0,4.5,0.0
2,1853,1,False,0,2025-02-22,0,0.0,0.18,0.21,5,22,0,1,0,4.428571428571429,0.0
2,1874,1,False,0,2025-02-22,6,0.0,0.03,0.03,5,22,0,1,0,3.7142857142857144,0.0
2,2850,1,False,0,2025-02-22,4,0.0,0.18,0.22,5,22,0,1,0,4.142857142857143,0.0
2,3058,1,False,0,2025-02-22,5,1.0,0.16,0.19,5,22,0,1,0,3.857142857142857,0.0
2,3120,1,False,0,2025-02-22,4,0.0,0.16,0.17,5,22,0,1,0,4.142857142857143,0.0
2,3621,1,False,0,2025-02-22,2,0.0,0.03,0.04,5,22,0,1,0,4.142857142857143,0.0
2,3625,1,False,0,2025-02-22,5,0.0,0.16,0.18,5,22,0,1,0,3.5714285714285716,0.0
2,4088,1,False,0,2025-02-22,2,0.0,0.33,0.4,5,22,0,1,0,3.7142857142857144,0.0
2,4089,1,False,0,2025-02-22,1,1.0,0.16,0.23,5,22,0,1,0,4.0,0.0
2,4206,1,False,0,2025-02-22,3,0.0,0.5,0.6,5,22,0,1,0,3.2857142857142856,0.0
2,4693,1,False,0,2025-02-22,3,0.0,0.09,0.11,5,22,0,1,0,3.142857142857143,0.0
2,5035,1,False,0,2025-02-22,3,0.0,0.13,0.15,5,22,0,1,0,2.857142857142857,0.0
2,9,3,True,0,2025-02-22,1,0.0,0.11,0.15,5,22,0,1,0,2.7142857142857144,0.0
2,42,3,True,0,2025-02-22,1,0.0,0.05,0.06,5,22,0,1,0,2.5714285714285716,0.0
2,54,3,True,0,2025-02-22,1,0.0,0.18,0.21,5,22,0,1,0,2.0,0.0
2,63,3,True,0,2025-02-22,2,0.0,0.14,0.17,5,22,0,1,0,1.8571428571428572,0.0
2,71,3,True,0,2025-02-22,4,0.0,0.03,0.03,5,22,0,1,0,2.0,0.0
2,73,3,True,0,2025-02-22,3,0.0,0.15,0.19,5,22,0,1,0,2.142857142857143,0.0
2,118,3,True,0,2025-02-22,2,0.0,0.05,0.08,5,22,0,1,0,2.142857142857143,0.0
2,151,3,True,0,2025-02-22,1,0.0,0.21,0.27,5,22,0,1,0,2.0,0.0
2,154,3,True,0,2025-02-22,2,0.0,0.18,0.22,5,22,0,1,0,2.0,0.0
2,156,3,True,0,2025-02-22,2,0.0,0.04,0.05,5,22,0,1,0,2.142857142857143,0.0
2,224,3,True,0,2025-02-22,2,0.0,0.06,0.08,5,22,0,1,0,2.2857142857142856,0.0
2,230,3,True,0,2025-02-22,2,0.0,0.03,0.04,5,22,0,1,0,2.2857142857142856,0.0
2,258,3,True,0,2025-02-22,1,0.0,0.03,0.04,5,22,0,1,0,2.0,0.0
2,304,3,True,0,2025-02-22,2,1.0,0.1,0.12,5,22,0,1,0,1.7142857142857142,0.0
2,307,3,True,0,2025-02-22,3,0.0,0.16,0.21,5,22,0,1,0,1.7142857142857142,0.0
2,319,3,True,0,2025-02-22,1,1.0,0.35,0.42,5,22,0,1,0,2.0,0.0
2,323,3,True,0,2025-02-22,1,1.0,0.28,0.33,5,22,0,1,0,1.8571428571428572,0.0
2,347,3,True,0,2025-02-22,2,0.0,0.06,0.07,5,22,0,1,0,1.7142857142857142,0.0
2,377,3,True,0,2025-02-22,4,0.0,0.14,0.17,5,22,0,1,0,1.7142857142857142,0.0
2,384,3,True,0,2025-02-22,0,0.0,0.04,0.06,5,22,0,1,0,2.0,0.0
2,396,3,True,0,2025-02-22,3,0.0,0.22,0.25,5,22,0,1,0,1.8571428571428572,0.0
2,400,3,True,0,2025-02-22,1,0.0,0.19,0.23,5,22,0,1,0,2.0,0.0
2,409,3,True,0,2025-02-22,1,0.0,0.1,0.11,5,22,0,1,0,1.7142857142857142,0.0
2,414,3,True,0,2025-02-22,1,0.0,0.08,0.09,5,22,0,1,0,1.7142857142857142,0.0
2,424,3,True,0,2025-02-22,4,0.0,0.09,0.12,5,22,0,1,0,1.7142857142857142,0.0
2,430,3,True,0,2025-02-22,1,0.0,0.13,0.22,5,22,0,1,0,2.0,0.0
2,452,3,True,0,2025-02-22,2,0.0,0.07,0.09,5,22,0,1,0,1.5714285714285714,0.0
2,514,3,True,0,2025-02-22,4,0.0,0.16,0.2,5,22,0,1,0,1.8571428571428572,0.0
2,541,3,True,0,2025-02-22,4,0.0,0.07,0.1,5,22,0,1,0,2.0,0.0
2,550,3,True,0,2025-02-22,1,0.0,0.13,0.17,5,22,0,1,0,2.4285714285714284,0.0
2,570,3,True,0,2025-02-22,2,0.0,0.15,0.18,5,22,0,1,0,2.4285714285714284,0.0
2,571,3,True,0,2025-02-22,2,0.0,0.11,0.15,5,22,0,1,0,2.5714285714285716,0.0
2,604,3,True,0,2025-02-22,1,0.0,0.3,0.37,5,22,0,1,0,2.2857142857142856,0.0
2,618,3,True,0,2025-02-22,2,0.0,0.13,0.16,5,22,0,1,0,2.2857142857142856,0.0
2,630,3,True,0,2025-02-22,0,0.0,0.06,0.07,5,22,0,1,0,2.2857142857142856,0.0
2,642,3,True,0,2025-02-22,1,0.0,0.07,0.11,5,22,0,1,0,1.7142857142857142,0.0
2,643,3,True,0,2025-02-22,1,0.0,0.06,0.07,5,22,0,1,0,1.2857142857142858,0.0
2,664,3,True,0,2025-02-22,1,0.0,0.14,0.19,5,22,0,1,0,1.2857142857142858,0.0
2,674,3,True,0,2025-02-22,1,0.0,0.15,0.18,5,22,0,1,0,1.1428571428571428,0.0
2,679,3,True,0,2025-02-22,1,1.0,0.06,0.07,5,22,0,1,0,1.0,0.0
2,713,3,True,0,2025-02-22,3,0.0,0.06,0.07,5,22,0,1,0,1.0,0.0
2,725,3,True,0,2025-02-22,3,0.0,0.18,0.21,5,22,0,1,0,1.1428571428571428,0.0
2,766,3,True,0,2025-02-22,5,0.0,0.06,0.09,5,22,0,1,0,1.5714285714285714,0.0
2,767,3,True,0,2025-02-22,2,0.0,0.17,0.22,5,22,0,1,0,2.142857142857143,0.0
2,775,3,True,0,2025-02-22,2,0.0,0.12,0.15,5,22,0,1,0,2.2857142857142856,0.0
2,800,3,True,0,2025-02-22,3,0.0,0.26,0.37,5,22,0,1,0,2.4285714285714284,0.0
2,804,3,True,0,2025-02-22,5,0.0,0.1,0.14,5,22,0,1,0,2.7142857142857144,0.0
2,806,3,True,0,2025-02-22,1,0.0,0.08,0.1,5,22,0,1,0,3.2857142857142856,0.0
2,807,3,True,0,2025-02-22,4,0.0,0.13,0.16,5,22,0,1,0,3.0,0.0
2,808,3,True,0,2025-02-22,1,0.0,0.06,0.07,5,22,0,1,0,3.142857142857143,0.0
2,832,3,True,0,2025-02-22,1,0.0,0.12,0.16,5,22,0,1,0,2.5714285714285716,0.0
2,836,3,True,0,2025-02-22,2,0.0,0.07,0.09,5,22,0,1,0,2.4285714285714284,0.0
2,841,3,True,0,2025-02-22,4,0.0,0.13,0.17,5,22,0,1,0,2.4285714285714284,0.0
2,847,3,True,0,2025-02-22,2,0.0,0.08,0.11,5,22,0,1,0,2.5714285714285716,0.0
2,850,3,True,0,2025-02-22,2,0.0,0.49,0.61,5,22,0,1,0,2.142857142857143,0.0
2,874,3,True,0,2025-02-22,2,0.0,0.03,0.04,5,22,0,1,0,2.2857142857142856,0.0
2,897,3,True,0,2025-02-22,7,0.0,0.05,0.05,5,22,0,1,0,2.0,0.0
2,903,3,True,0,2025-02-22,3,0.0,0.05,0.08,5,22,0,1,0,2.857142857142857,0.0
2,905,3,True,0,2025-02-22,1,0.0,0.12,0.16,5,22,0,1,0,3.142857142857143,0.0
2,921,3,True,0,2025-02-22,1,0.0,0.09,0.12,5,22,0,1,0,3.0,0.0
2,922,3,True,0,2025-02-22,4,0.0,0.07,0.09,5,22,0,1,0,2.5714285714285716,0.0
2,937,3,True,0,2025-02-22,0,0.0,0.03,0.05,5,22,0,1,0,2.857142857142857,0.0
2,940,3,True,0,2025-02-22,4,0.0,0.2,0.25,5,22,0,1,0,2.5714285714285716,0.0
2,965,3,True,0,2025-02-22,1,0.0,0.36,0.43,5,22,0,1,0,2.857142857142857,0.0
2,971,3,True,0,2025-02-22,4,0.0,0.08,0.1,5,22,0,1,0,2.0,0.0
2,978,3,True,0,2025-02-22,1,0.0,0.11,0.13,5,22,0,1,0,2.142857142857143,0.0
2,983,3,True,0,2025-02-22,3,0.0,0.11,0.13,5,22,0,1,0,2.142857142857143,0.0
2,1005,3,True,0,2025-02-22,7,0.0,0.07,0.09,5,22,0,1,0,2.4285714285714284,0.0
2,1006,3,True,0,2025-02-22,0,0.0,0.03,0.04,5,22,0,1,0,2.857142857142857,0.0
2,1022,3,True,0,2025-02-22,1,0.0,0.09,0.12,5,22,0,1,0,2.857142857142857,0.0
2,1046,3,True,0,2025-02-22,3,0.0,0.06,0.1,5,22,0,1,0,2.4285714285714284,0.0
2,1074,3,True,0,2025-02-22,1,0.0,0.11,0.1,5,22,0,1,0,2.7142857142857144,0.0
2,1080,3,True,0,2025-02-22,2,0.0,0.15,0.2,5,22,0,1,0,2.2857142857142856,0.0
2,1089,3,True,0,2025-02-22,2,0.0,0.11,0.14,5,22,0,1,0,2.4285714285714284,0.0
2,1094,3,True,0,2025-02-22,1,0.0,0.18,0.2,5,22,0,1,0,2.2857142857142856,0.0
2,1106,3,True,0,2025-02-22,5,0.0,0.08,0.11,5,22,0,1,0,1.4285714285714286,0.0
2,1141,3,True,0,2025-02-22,1,0.0,0.09,0.13,5,22,0,1,0,2.142857142857143,0.0
2,1142,3,True,0,2025-02-22,2,1.0,0.28,0.36,5,22,0,1,0,2.142857142857143,0.0
2,1150,3,True,0,2025-02-22,3,0.0,0.04,0.05,5,22,0,1,0,2.0,0.0
2,1153,3,True,0,2025-02-22,0,1.0,0.07,0.09,5,22,0,1,0,2.2857142857142856,0.0
2,1173,3,True,0,2025-02-22,1,0.0,0.05,0.07,5,22,0,1,0,2.0,0.0
2,1208,3,True,0,2025-02-22,4,0.0,0.1,0.12,5,22,0,1,0,1.8571428571428572,0.0
2,1246,3,True,0,2025-02-22,1,0.0,0.04,0.08,5,22,0,1,0,2.2857142857142856,0.0
2,1254,3,True,0,2025-02-22,2,0.0,0.23,0.29,5,22,0,1,0,1.7142857142857142,0.0
2,1280,3,True,0,2025-02-22,1,0.0,0.14,0.16,5,22,0,1,0,1.8571428571428572,0.0
2,1315,3,True,0,2025-02-22,3,0.0,0.14,0.2,5,22,0,1,0,1.7142857142857142,0.0
2,1322,3,True,0,2025-02-22,2,0.0,0.25,0.28,5,22,0,1,0,1.7142857142857142,0.0
2,1337,3,True,0,2025-02-22,2,0.0,0.04,0.06,5,22,0,1,0,2.0,0.0
2,1348,3,True,0,2025-02-22,3,0.0,0.14,0.19,5,22,0,1,0,2.142857142857143,0.0
2,1353,3,True,0,2025-02-22,1,0.0,0.12,0.16,5,22,0,1,0,2.0,0.0
2,1387,3,True,0,2025-02-22,0,0.0,0.04,0.05,5,22,0,1,0,2.0,0.0
2,1413,3,True,0,2025-02-22,1,0.0,0.51,0.57,5,22,0,1,0,1.7142857142857142,0.0
2,1446,3,True,0,2025-02-22,9,0.0,0.01,0.01,5,22,0,1,0,1.7142857142857142,0.0
2,1450,3,True,0,2025-02-22,3,0.0,0.05,0.06,5,22,0,1,0,2.5714285714285716,0.0
2,1458,3,True,0,2025-02-22,1,0.0,0.05,0.06,5,22,0,1,0,2.7142857142857144,0.0
2,1460,3,True,0,2025-02-22,3,0.0,0.05,0.06,5,22,0,1,0,2.5714285714285716,0.0
2,1486,3,True,0,2025-02-22,2,1.0,0.07,0.08,5,22,0,1,0,2.5714285714285716,0.0
2,1514,3,True,0,2025-02-22,1,0.0,0.19,0.2,5,22,0,1,0,2.7142857142857144,0.0
2,1518,3,True,0,2025-02-22,1,0.0,0.17,0.2,5,22,0,1,0,2.857142857142857,0.0
2,1520,3,True,0,2025-02-22,2,0.0,0.05,0.06,5,22,0,1,0,2.857142857142857,0.0
2,1577,3,True,0,2025-02-22,2,0.0,0.07,0.09,5,22,0,1,0,1.8571428571428572,0.0
2,1604,3,True,0,2025-02-22,1,0.0,0.36,0.41,5,22,0,1,0,1.7142857142857142,0.0
2,1651,3,True,0,2025-02-22,1,0.0,0.22,0.27,5,22,0,1,0,1.7142857142857142,0.0
2,1660,3,True,0,2025-02-22,1,0.0,0.1,0.12,5,22,0,1,0,1.4285714285714286,0.0
2,1667,3,True,0,2025-02-22,1,0.0,0.07,0.08,5,22,0,1,0,1.2857142857142858,0.0
2,1689,3,True,0,2025-02-22,3,0.0,0.05,0.06,5,22,0,1,0,1.2857142857142858,0.0
2,1691,3,True,0,2025-02-22,2,0.0,0.03,0.05,5,22,0,1,0,1.5714285714285714,0.0
2,1717,3,True,0,2025-02-22,1,0.0,0.27,0.32,5,22,0,1,0,1.5714285714285714,0.0
2,1736,3,True,0,2025-02-22,1,0.0,0.06,0.09,5,22,0,1,0,1.4285714285714286,0.0
2,1781,3,True,0,2025-02-22,1,0.0,0.04,0.04,5,22,0,1,0,1.4285714285714286,0.0
2,1791,3,True,0,2025-02-22,1,0.0,0.3,0.44,5,22,0,1,0,1.4285714285714286,0.0
2,1798,3,True,0,2025-02-22,2,0.0,0.22,0.28,5,22,0,1,0,1.4285714285714286,0.0
2,1800,3,True,0,2025-02-22,0,0.0,0.24,0.32,5,22,0,1,0,1.5714285714285714,0.0
2,1803,3,True,0,2025-02-22,1,0.0,0.07,0.15,5,22,0,1,0,1.1428571428571428,0.0
2,1804,3,True,0,2025-02-22,3,0.0,0.09,0.12,5,22,0,1,0,1.0,0.0
2,1843,3,True,0,2025-02-22,1,0.0,0.04,0.06,5,22,0,1,0,1.2857142857142858,0.0
2,1852,3,True,0,2025-02-22,3,0.0,0.05,0.06,5,22,0,1,0,1.2857142857142858,0.0
2,1871,3,True,0,2025-02-22,2,0.0,0.17,0.2,5,22,0,1,0,1.5714285714285714,0.0
2,1876,3,True,0,2025-02-22,3,0.0,0.07,0.1,5,22,0,1,0,1.7142857142857142,0.0
2,1881,3,True,0,2025-02-22,2,0.0,0.18,0.24,5,22,0,1,0,1.8571428571428572,0.0
2,1903,3,True,0,2025-02-22,1,0.0,0.05,0.07,5,22,0,1,0,2.142857142857143,0.0
2,1908,3,True,0,2025-02-22,2,0.0,0.03,0.06,5,22,0,1,0,2.142857142857143,0.0
2,1918,3,True,0,2025-02-22,1,0.0,0.03,0.04,5,22,0,1,0,2.0,0.0
2,1932,3,True,0,2025-02-22,0,0.0,0.1,0.14,5,22,0,1,0,2.0,0.0
2,1936,3,True,0,2025-02-22,0,0.0,0.43,0.46,5,22,0,1,0,1.5714285714285714,0.0
2,1947,3,True,0,2025-02-22,19,1.0,0.09,0.14,5,22,0,1,0,1.2857142857142858,0.0
2,1962,3,True,0,2025-02-22,1,0.0,0.06,0.09,5,22,0,1,0,3.5714285714285716,0.0
2,1965,3,True,0,2025-02-22,5,0.0,0.24,0.27,5,22,0,1,0,3.4285714285714284,0.0
2,1992,3,True,0,2025-02-22,2,0.0,0.08,0.11,5,22,0,1,0,4.0,0.0
2,1994,3,True,0,2025-02-22,1,0.0,0.03,0.03,5,22,0,1,0,4.0,0.0
2,2017,3,True,0,2025-02-22,3,0.0,0.11,0.15,5,22,0,1,0,4.0,0.0
2,2019,3,True,0,2025-02-22,1,0.0,0.15,0.17,5,22,0,1,0,4.428571428571429,0.0
2,2041,3,True,0,2025-02-22,0,0.0,0.06,0.08,5,22,0,1,0,4.571428571428571,0.0
2,2043,3,True,0,2025-02-22,4,0.0,0.07,0.09,5,22,0,1,0,1.8571428571428572,0.0
2,2047,3,True,0,2025-02-22,1,0.0,0.12,0.14,5,22,0,1,0,2.2857142857142856,0.0
2,2055,3,True,0,2025-02-22,2,0.0,0.1,0.11,5,22,0,1,0,1.7142857142857142,0.0
2,2084,3,True,0,2025-02-22,3,0.0,0.05,0.05,5,22,0,1,0,1.7142857142857142,0.0
2,2111,3,True,0,2025-02-22,3,0.0,0.29,0.36,5,22,0,1,0,2.0,0.0
2,2114,3,True,0,2025-02-22,1,0.0,0.06,0.08,5,22,0,1,0,2.0,0.0
2,2115,3,True,0,2025-02-22,6,0.0,0.49,0.47,5,22,0,1,0,2.0,0.0
2,2117,3,True,0,2025-02-22,2,0.0,0.14,0.17,5,22,0,1,0,2.857142857142857,0.0
2,2136,3,True,0,2025-02-22,2,0.0,0.28,0.31,5,22,0,1,0,2.5714285714285716,0.0
2,2146,3,True,0,2025-02-22,3,0.0,0.2,0.26,5,22,0,1,0,2.7142857142857144,0.0
2,2173,3,True,0,2025-02-22,4,0.0,0.04,0.04,5,22,0,1,0,2.857142857142857,0.0
2,2186,3,True,0,2025-02-22,1,0.0,0.25,0.27,5,22,0,1,0,3.0,0.0
2,2192,3,True,0,2025-02-22,0,0.0,0.07,0.1,5,22,0,1,0,2.7142857142857144,0.0
2,2201,3,True,0,2025-02-22,1,0.0,0.12,0.15,5,22,0,1,0,2.5714285714285716,0.0
2,2203,3,True,0,2025-02-22,1,0.0,0.15,0.2,5,22,0,1,0,1.8571428571428572,0.0
2,2206,3,True,0,2025-02-22,21,0.0,0.02,0.03,5,22,0,1,0,1.7142857142857142,0.0
2,2228,3,True,0,2025-02-22,0,0.0,0.16,0.21,5,22,0,1,0,4.428571428571429,0.0
2,2245,3,True,0,2025-02-22,1,0.0,0.2,0.22,5,22,0,1,0,4.0,0.0
2,2249,3,True,0,2025-02-22,2,0.0,0.06,0.07,5,22,0,1,0,3.5714285714285716,0.0
2,2265,3,True,0,2025-02-22,1,0.0,0.03,0.04,5,22,0,1,0,3.7142857142857144,0.0
2,2268,3,True,0,2025-02-22,3,0.0,0.14,0.18,5,22,0,1,0,3.857142857142857,0.0
2,2282,3,True,0,2025-02-22,2,0.0,0.08,0.11,5,22,0,1,0,4.142857142857143,0.0
2,2289,3,True,0,2025-02-22,3,0.0,0.08,0.1,5,22,0,1,0,4.285714285714286,0.0
2,2300,3,True,0,2025-02-22,0,0.0,0.23,0.28,5,22,0,1,0,1.7142857142857142,0.0
2,2314,3,True,0,2025-02-22,2,1.0,0.06,0.08,5,22,0,1,0,1.7142857142857142,0.0
2,2316,3,True,0,2025-02-22,1,0.0,0.08,0.09,5,22,0,1,0,1.8571428571428572,0.0
2,2347,3,True,0,2025-02-22,2,2.0,0.16,0.2,5,22,0,1,0,1.7142857142857142,0.0
2,2350,3,True,0,2025-02-22,1,0.0,0.04,0.05,5,22,0,1,0,1.8571428571428572,0.0
2,2385,3,True,0,2025-02-22,7,1.0,0.02,0.03,5,22,0,1,0,1.5714285714285714,0.0
2,2387,3,True,0,2025-02-22,0,0.0,0.1,0.16,5,22,0,1,0,2.2857142857142856,0.0
2,2394,3,True,0,2025-02-22,0,0.0,0.12,0.16,5,22,0,1,0,1.8571428571428572,0.0
2,2402,3,True,0,2025-02-22,2,1.0,0.07,0.1,5,22,0,1,0,1.8571428571428572,0.0
2,2406,3,True,0,2025-02-22,2,0.0,0.29,0.43,5,22,0,1,0,1.8571428571428572,0.0
2,2411,3,True,0,2025-02-22,3,0.0,0.16,0.2,5,22,0,1,0,2.0,0.0
2,2422,3,True,0,2025-02-22,1,0.0,0.27,0.31,5,22,0,1,0,2.142857142857143,0.0
2,2426,3,True,0,2025-02-22,0,0.0,0.15,0.16,5,22,0,1,0,2.142857142857143,0.0
2,2472,3,True,0,2025-02-22,1,0.0,0.09,0.12,5,22,0,1,0,1.1428571428571428,0.0
2,2496,3,True,0,2025-02-22,2,0.0,0.22,0.32,5,22,0,1,0,1.2857142857142858,0.0
2,2501,3,True,0,2025-02-22,1,0.0,0.09,0.11,5,22,0,1,0,1.5714285714285714,0.0
2,2505,3,True,0,2025-02-22,1,0.0,0.09,0.11,5,22,0,1,0,1.4285714285714286,0.0
2,2521,3,True,0,2025-02-22,1,0.0,0.43,0.51,5,22,0,1,0,1.2857142857142858,0.0
2,2524,3,True,0,2025-02-22,1,0.0,0.29,0.37,5,22,0,1,0,1.0,0.0
2,2532,3,True,0,2025-02-22,0,0.0,0.12,0.11,5,22,0,1,0,1.0,0.0
2,2533,3,True,0,2025-02-22,2,0.0,0.34,0.36,5,22,0,1,0,1.0,0.0
2,2555,3,True,0,2025-02-22,1,0.0,0.03,0.04,5,22,0,1,0,1.1428571428571428,0.0
2,2572,3,True,0,2025-02-22,0,0.0,0.34,0.45,5,22,0,1,0,1.0,0.0
2,2573,3,True,0,2025-02-22,2,0.0,0.23,0.31,5,22,0,1,0,0.8571428571428571,0.0
2,2575,3,True,0,2025-02-22,3,0.0,0.02,0.03,5,22,0,1,0,1.0,0.0
2,2578,3,True,0,2025-02-22,3,0.0,0.04,0.06,5,22,0,1,0,1.2857142857142858,0.0
2,2593,3,True,0,2025-02-22,3,0.0,0.01,0.02,5,22,0,1,0,1.5714285714285714,0.0
2,2594,3,True,0,2025-02-22,1,0.0,0.24,0.27,5,22,0,1,0,2.0,0.0
2,2596,3,True,0,2025-02-22,0,3.0,0.22,0.19,5,22,0,1,0,1.8571428571428572,0.0
2,2626,3,True,0,2025-02-22,1,0.0,0.25,0.37,5,22,0,1,0,1.7142857142857142,0.0
2,2637,3,True,0,2025-02-22,2,0.0,0.15,0.18,5,22,0,1,0,1.8571428571428572,0.0
2,2650,3,True,0,2025-02-22,1,0.0,0.07,0.09,5,22,0,1,0,1.8571428571428572,0.0
2,2663,3,True,0,2025-02-22,1,0.0,0.54,0.64,5,22,0,1,0,1.5714285714285714,0.0
2,2664,3,True,0,2025-02-22,3,0.0,0.19,0.24,5,22,0,1,0,1.2857142857142858,0.0
2,2668,3,True,0,2025-02-22,5,0.0,0.22,0.28,5,22,0,1,0,1.2857142857142858,0.0
2,2710,3,True,0,2025-02-22,2,0.0,0.06,0.09,5,22,0,1,0,1.8571428571428572,0.0
2,2715,3,True,0,2025-02-22,0,0.0,0.04,0.05,5,22,0,1,0,2.142857142857143,0.0
2,2741,3,True,0,2025-02-22,2,0.0,0.17,0.2,5,22,0,1,0,2.0,0.0
2,2746,3,True,0,2025-02-22,0,0.0,0.15,0.2,5,22,0,1,0,2.0,0.0
2,2768,3,True,0,2025-02-22,3,0.0,0.08,0.12,5,22,0,1,0,1.8571428571428572,0.0
2,2814,3,True,0,2025-02-22,2,0.0,0.1,0.14,5,22,0,1,0,2.142857142857143,0.0
2,2826,3,True,0,2025-02-22,2,0.0,0.06,0.1,5,22,0,1,0,2.0,0.0
2,2827,3,True,0,2025-02-22,1,0.0,0.34,0.37,5,22,0,1,0,1.5714285714285714,0.0
2,2861,3,True,0,2025-02-22,1,0.0,0.09,0.11,5,22,0,1,0,1.4285714285714286,0.0
2,2862,3,True,0,2025-02-22,1,0.0,0.32,0.38,5,22,0,1,0,1.5714285714285714,0.0
2,2864,3,True,0,2025-02-22,19,0.0,0.06,0.07,5,22,0,1,0,1.4285714285714286,0.0
2,2866,3,True,0,2025-02-22,2,0.0,0.25,0.29,5,22,0,1,0,4.142857142857143,0.0
2,2902,3,True,0,2025-02-22,3,0.0,0.04,0.05,5,22,0,1,0,4.0,0.0
2,2910,3,True,0,2025-02-22,0,0.0,0.25,0.32,5,22,0,1,0,4.142857142857143,0.0
2,2911,3,True,0,2025-02-22,2,0.0,0.27,0.36,5,22,0,1,0,3.857142857142857,0.0
2,2951,3,True,0,2025-02-22,2,0.0,0.07,0.09,5,22,0,1,0,4.0,0.0
2,2954,3,True,0,2025-02-22,6,0.0,0.05,0.07,5,22,0,1,0,4.142857142857143,0.0
2,2958,3,True,0,2025-02-22,0,0.0,0.04,0.05,5,22,0,1,0,4.857142857142857,0.0
2,2974,3,True,0,2025-02-22,4,0.0,0.12,0.15,5,22,0,1,0,2.142857142857143,0.0
2,2975,3,True,0,2025-02-22,2,0.0,0.14,0.14,5,22,0,1,0,2.4285714285714284,0.0
2,2980,3,True,0,2025-02-22,4,0.0,0.06,0.08,5,22,0,1,0,2.2857142857142856,0.0
2,3022,3,True,0,2025-02-22,3,0.0,0.2,0.23,5,22,0,1,0,2.857142857142857,0.0
2,3052,3,True,0,2025-02-22,1,0.0,0.16,0.22,5,22,0,1,0,3.0,0.0
2,3061,3,True,0,2025-02-22,3,0.0,0.03,0.05,5,22,0,1,0,2.857142857142857,0.0
2,3069,3,True,0,2025-02-22,2,0.0,0.14,0.18,5,22,0,1,0,2.4285714285714284,0.0
2,3074,3,True,0,2025-02-22,0,0.0,0.12,0.16,5,22,0,1,0,2.7142857142857144,0.0
2,3077,3,True,0,2025-02-22,3,0.0,0.44,0.68,5,22,0,1,0,2.142857142857143,0.0
2,3079,3,True,0,2025-02-22,1,0.0,0.1,0.11,5,22,0,1,0,2.2857142857142856,0.0
2,3083,3,True,0,2025-02-22,2,0.0,0.06,0.08,5,22,0,1,0,1.8571428571428572,0.0
2,3104,3,True,0,2025-02-22,5,0.0,0.24,0.24,5,22,0,1,0,1.7142857142857142,0.0
2,3116,3,True,0,2025-02-22,3,0.0,0.09,0.13,5,22,0,1,0,2.2857142857142856,0.0
2,3117,3,True,0,2025-02-22,2,0.0,0.05,0.06,5,22,0,1,0,2.2857142857142856,0.0
2,3119,3,True,0,2025-02-22,2,0.0,0.09,0.12,5,22,0,1,0,2.2857142857142856,0.0
2,3165,3,True,0,2025-02-22,1,0.0,0.07,0.09,5,22,0,1,0,2.5714285714285716,0.0
2,3208,3,True,0,2025-02-22,2,0.0,0.07,0.1,5,22,0,1,0,2.2857142857142856,0.0
2,3212,3,True,0,2025-02-22,0,0.0,0.08,0.1,5,22,0,1,0,2.4285714285714284,0.0
2,3219,3,True,0,2025-02-22,4,0.0,0.08,0.11,5,22,0,1,0,2.142857142857143,0.0
2,3234,3,True,0,2025-02-22,6,0.0,0.13,0.17,5,22,0,1,0,2.0,0.0
2,3242,3,True,0,2025-02-22,2,0.0,0.05,0.07,5,22,0,1,0,2.4285714285714284,0.0
2,3263,3,True,0,2025-02-22,1,0.0,0.31,0.39,5,22,0,1,0,2.4285714285714284,0.0
2,3266,3,True,0,2025-02-22,3,0.0,0.08,0.12,5,22,0,1,0,2.2857142857142856,0.0
2,3276,3,True,0,2025-02-22,4,0.0,0.1,0.12,5,22,0,1,0,2.5714285714285716,0.0
2,3286,3,True,0,2025-02-22,2,1.0,0.22,0.29,5,22,0,1,0,2.857142857142857,0.0
2,3347,3,True,0,2025-02-22,2,0.0,0.1,0.12,5,22,0,1,0,3.142857142857143,0.0
2,3358,3,True,0,2025-02-22,2,0.0,0.17,0.29,5,22,0,1,0,2.857142857142857,0.0
2,3363,3,True,0,2025-02-22,1,0.0,0.18,0.22,5,22,0,1,0,2.2857142857142856,0.0
2,3369,3,True,0,2025-02-22,2,0.0,0.06,0.08,5,22,0,1,0,2.142857142857143,0.0
2,3393,3,True,0,2025-02-22,1,0.0,0.07,0.08,5,22,0,1,0,2.2857142857142856,0.0
2,3452,3,True,0,2025-02-22,2,0.0,0.14,0.13,5,22,0,1,0,2.0,0.0
2,3495,3,True,0,2025-02-22,4,0.0,0.08,0.12,5,22,0,1,0,1.7142857142857142,0.0
2,3502,3,True,0,2025-02-22,1,0.0,0.08,0.11,5,22,0,1,0,2.0,0.0
2,3523,3,True,0,2025-02-22,1,0.0,0.17,0.22,5,22,0,1,0,1.8571428571428572,0.0
2,3527,3,True,0,2025-02-22,3,0.0,0.15,0.19,5,22,0,1,0,1.7142857142857142,0.0
2,3538,3,True,0,2025-02-22,2,0.0,0.02,0.05,5,22,0,1,0,2.0,0.0
2,3546,3,True,0,2025-02-22,1,0.0,0.12,0.16,5,22,0,1,0,2.0,0.0
2,3549,3,True,0,2025-02-22,3,0.0,0.15,0.19,5,22,0,1,0,2.0,0.0
2,3560,3,True,0,2025-02-22,1,0.0,0.2,0.24,5,22,0,1,0,2.142857142857143,0.0
2,3589,3,True,0,2025-02-22,1,0.0,0.09,0.11,5,22,0,1,0,1.7142857142857142,0.0
2,3609,3,True,0,2025-02-22,3,0.0,0.04,0.05,5,22,0,1,0,1.7142857142857142,0.0
2,3641,3,True,0,2025-02-22,1,0.0,0.07,0.09,5,22,0,1,0,2.0,0.0
2,3642,3,True,0,2025-02-22,1,0.0,0.42,0.44,5,22,0,1,0,1.7142857142857142,0.0
2,3653,3,True,0,2025-02-22,1,1.0,0.25,0.34,5,22,0,1,0,1.5714285714285714,0.0
2,3701,3,True,0,2025-02-22,4,0.0,0.23,0.26,5,22,0,1,0,1.5714285714285714,0.0
2,3708,3,True,0,2025-02-22,3,0.0,0.02,0.03,5,22,0,1,0,1.7142857142857142,0.0
2,3726,3,True,0,2025-02-22,0,0.0,0.1,0.13,5,22,0,1,0,2.0,0.0
2,3746,3,True,0,2025-02-22,2,0.0,0.06,0.08,5,22,0,1,0,1.8571428571428572,0.0
2,3749,3,True,0,2025-02-22,2,0.0,0.08,0.11,5,22,0,1,0,1.7142857142857142,0.0
2,3769,3,True,0,2025-02-22,3,0.0,0.27,0.32,5,22,0,1,0,1.8571428571428572,0.0
2,3798,3,True,0,2025-02-22,1,0.0,0.04,0.05,5,22,0,1,0,2.142857142857143,0.0
2,3803,3,True,0,2025-02-22,1,1.0,0.14,0.17,5,22,0,1,0,2.142857142857143,0.0
2,3834,3,True,0,2025-02-22,2,0.0,0.04,0.06,5,22,0,1,0,1.7142857142857142,0.0
2,3839,3,True,0,2025-02-22,1,0.0,0.05,0.09,5,22,0,1,0,1.5714285714285714,0.0
2,3852,3,True,0,2025-02-22,1,0.0,0.24,0.31,5,22,0,1,0,1.7142857142857142,0.0
2,3864,3,True,0,2025-02-22,2,0.0,0.05,0.08,5,22,0,1,0,1.5714285714285714,0.0
2,3877,3,True,0,2025-02-22,20,0.0,0.01,0.02,5,22,0,1,0,1.5714285714285714,0.0
2,3891,3,True,0,2025-02-22,2,0.0,0.17,0.17,5,22,0,1,0,4.0,0.0
2,3893,3,True,0,2025-02-22,0,0.0,0.08,0.1,5,22,0,1,0,4.142857142857143,0.0
2,3909,3,True,0,2025-02-22,2,0.0,0.08,0.1,5,22,0,1,0,4.0,0.0
2,3911,3,True,0,2025-02-22,1,0.0,0.08,0.1,5,22,0,1,0,4.0,0.0
2,3915,3,True,0,2025-02-22,2,0.0,0.1,0.13,5,22,0,1,0,4.0,0.0
2,3922,3,True,0,2025-02-22,1,0.0,0.03,0.04,5,22,0,1,0,4.142857142857143,0.0
2,3934,3,True,0,2025-02-22,3,0.0,0.38,0.43,5,22,0,1,0,4.0,0.0
2,3951,3,True,0,2025-02-22,1,0.0,0.4,0.33,5,22,0,1,0,1.5714285714285714,0.0
2,3982,3,True,0,2025-02-22,2,0.0,0.17,0.19,5,22,0,1,0,1.4285714285714286,0.0
2,4002,3,True,0,2025-02-22,5,0.0,0.05,0.08,5,22,0,1,0,1.7142857142857142,0.0
2,4011,3,True,0,2025-02-22,1,0.0,0.07,0.11,5,22,0,1,0,2.142857142857143,0.0
2,4033,3,True,0,2025-02-22,1,0.0,0.11,0.14,5,22,0,1,0,2.142857142857143,0.0
2,4041,3,True,0,2025-02-22,3,0.0,0.04,0.05,5,22,0,1,0,2.0,0.0
2,4062,3,True,0,2025-02-22,2,0.0,0.12,0.19,5,22,0,1,0,2.2857142857142856,0.0
2,4097,3,True,0,2025-02-22,10,0.0,0.03,0.04,5,22,0,1,0,2.142857142857143,0.0
2,4119,3,True,0,2025-02-22,1,0.0,0.16,0.15,5,22,0,1,0,3.4285714285714284,0.0
2,4120,3,True,0,2025-02-22,5,0.0,0.16,0.17,5,22,0,1,0,3.2857142857142856,0.0
2,4167,3,True,0,2025-02-22,2,0.0,0.33,0.37,5,22,0,1,0,3.2857142857142856,0.0
2,4179,3,True,0,2025-02-22,0,0.0,0.12,0.17,5,22,0,1,0,3.4285714285714284,0.0
2,4191,3,True,0,2025-02-22,1,0.0,0.12,0.17,5,22,0,1,0,3.2857142857142856,0.0
2,4192,3,True,0,2025-02-22,2,0.0,0.18,0.18,5,22,0,1,0,3.0,0.0
2,4203,3,True,0,2025-02-22,1,0.0,0.04,0.06,5,22,0,1,0,3.0,0.0
2,4207,3,True,0,2025-02-22,3,0.0,0.11,0.14,5,22,0,1,0,1.7142857142857142,0.0
2,4210,3,True,0,2025-02-22,2,0.0,0.28,0.34,5,22,0,1,0,2.0,0.0
2,4230,3,True,0,2025-02-22,1,0.0,0.13,0.16,5,22,0,1,0,1.5714285714285714,0.0
2,4239,3,True,0,2025-02-22,0,0.0,0.05,0.11,5,22,0,1,0,1.4285714285714286,0.0
2,4242,3,True,0,2025-02-22,2,0.0,0.32,0.39,5,22,0,1,0,1.4285714285714286,0.0
2,4246,3,True,0,2025-02-22,1,0.0,0.26,0.33,5,22,0,1,0,1.5714285714285714,0.0
2,4248,3,True,0,2025-02-22,1,0.0,0.24,0.33,5,22,0,1,0,1.4285714285714286,0.0
2,4260,3,True,0,2025-02-22,5,0.0,0.06,0.07,5,22,0,1,0,1.4285714285714286,0.0
2,4269,3,True,0,2025-02-22,1,0.0,0.08,0.1,5,22,0,1,0,1.7142857142857142,0.0
2,4277,3,True,0,2025-02-22,0,0.0,0.04,0.04,5,22,0,1,0,1.5714285714285714,0.0
2,4302,3,True,0,2025-02-22,1,0.0,0.57,0.64,5,22,0,1,0,1.4285714285714286,0.0
2,4315,3,True,0,2025-02-22,2,0.0,0.12,0.17,5,22,0,1,0,1.5714285714285714,0.0
2,4339,3,True,0,2025-02-22,3,0.0,0.23,0.32,5,22,0,1,0,1.5714285714285714,0.0
2,4357,3,True,0,2025-02-22,0,0.0,0.07,0.1,5,22,0,1,0,1.8571428571428572,0.0
2,4369,3,True,0,2025-02-22,1,0.0,0.38,0.53,5,22,0,1,0,1.7142857142857142,0.0
2,4381,3,True,0,2025-02-22,1,0.0,0.14,0.2,5,22,0,1,0,1.1428571428571428,0.0
2,4397,3,True,0,2025-02-22,2,0.0,0.09,0.16,5,22,0,1,0,1.1428571428571428,0.0
2,4409,3,True,0,2025-02-22,0,0.0,0.09,0.12,5,22,0,1,0,1.4285714285714286,0.0
2,4469,3,True,0,2025-02-22,1,0.0,0.25,0.32,5,22,0,1,0,1.2857142857142858,0.0
2,4475,3,True,0,2025-02-22,1,0.0,0.06,0.08,5,22,0,1,0,1.1428571428571428,0.0
2,4517,3,True,0,2025-02-22,3,0.0,0.29,0.29,5,22,0,1,0,0.8571428571428571,0.0
2,4521,3,True,0,2025-02-22,4,0.0,0.22,0.29,5,22,0,1,0,1.2857142857142858,0.0
2,4524,3,True,0,2025-02-22,2,0.0,0.17,0.2,5,22,0,1,0,1.7142857142857142,0.0
2,4527,3,True,0,2025-02-22,1,0.0,0.1,0.12,5,22,0,1,0,1.8571428571428572,0.0
2,4540,3,True,0,2025-02-22,2,0.0,0.04,0.06,5,22,0,1,0,1.7142857142857142,0.0
2,4546,3,True,0,2025-02-22,2,0.0,0.1,0.15,5,22,0,1,0,2.0,0.0
2,4563,3,True,0,2025-02-22,1,0.0,0.15,0.18,5,22,0,1,0,2.142857142857143,0.0
2,4572,3,True,0,2025-02-22,3,0.0,0.09,0.12,5,22,0,1,0,2.142857142857143,0.0
2,4582,3,True,0,2025-02-22,2,0.0,0.4,0.49,5,22,0,1,0,2.142857142857143,0.0
2,4640,3,True,0,2025-02-22,1,1.0,0.25,0.32,5,22,0,1,0,1.8571428571428572,0.0
2,4675,3,True,0,2025-02-22,2,0.0,0.12,0.16,5,22,0,1,0,1.7142857142857142,0.0
2,4683,3,True,0,2025-02-22,3,0.0,0.03,0.05,5,22,0,1,0,1.8571428571428572,0.0
2,4689,3,True,0,2025-02-22,0,0.0,0.11,0.12,5,22,0,1,0,2.0,0.0
2,4699,3,True,0,2025-02-22,3,0.0,0.07,0.1,5,22,0,1,0,1.7142857142857142,0.0
2,4704,3,True,0,2025-02-22,2,0.0,0.24,0.36,5,22,0,1,0,2.0,0.0
2,4725,3,True,0,2025-02-22,2,0.0,0.09,0.11,5,22,0,1,0,1.8571428571428572,0.0
2,4744,3,True,0,2025-02-22,12,0.0,0.04,0.04,5,22,0,1,0,1.8571428571428572,0.0
2,4757,3,True,0,2025-02-22,2,0.0,0.16,0.19,5,22,0,1,0,3.4285714285714284,0.0
2,4765,3,True,0,2025-02-22,5,0.0,0.12,0.17,5,22,0,1,0,3.4285714285714284,0.0
2,4769,3,True,0,2025-02-22,0,0.0,0.5,0.64,5,22,0,1,0,3.7142857142857144,0.0
2,4782,3,True,0,2025-02-22,0,0.0,0.14,0.17,5,22,0,1,0,3.7142857142857144,0.0
2,4783,3,True,0,2025-02-22,2,0.0,0.27,0.37,5,22,0,1,0,3.2857142857142856,0.0
2,4790,3,True,0,2025-02-22,2,0.0,0.09,0.11,5,22,0,1,0,3.2857142857142856,0.0
2,4794,3,True,0,2025-02-22,1,0.0,0.06,0.08,5,22,0,1,0,3.2857142857142856,0.0
2,4802,3,True,0,2025-02-22,4,0.0,0.16,0.17,5,22,0,1,0,1.7142857142857142,0.0
2,4803,3,True,0,2025-02-22,0,0.0,0.65,0.62,5,22,0,1,0,2.0,0.0
2,4816,3,True,0,2025-02-22,14,1.0,0.11,0.16,5,22,0,1,0,1.2857142857142858,0.0
2,4820,3,True,0,2025-02-22,3,0.0,0.06,0.07,5,22,0,1,0,3.2857142857142856,0.0
2,4833,3,True,0,2025-02-22,1,0.0,0.22,0.28,5,22,0,1,0,3.7142857142857144,0.0
2,4848,3,True,0,2025-02-22,2,0.0,0.07,0.08,5,22,0,1,0,3.5714285714285716,0.0
2,4852,3,True,0,2025-02-22,1,0.0,0.2,0.21,5,22,0,1,0,3.5714285714285716,0.0
2,4859,3,True,0,2025-02-22,1,0.0,0.05,0.06,5,22,0,1,0,3.5714285714285716,0.0
2,4870,3,True,0,2025-02-22,3,0.0,0.1,0.13,5,22,0,1,0,3.142857142857143,0.0
2,4878,3,True,0,2025-02-22,3,0.0,0.1,0.14,5,22,0,1,0,3.5714285714285716,0.0
2,4883,3,True,0,2025-02-22,2,0.0,0.12,0.14,5,22,0,1,0,2.0,0.0
2,4885,3,True,0,2025-02-22,3,1.0,0.06,0.08,5,22,0,1,0,1.8571428571428572,0.0
2,4886,3,True,0,2025-02-22,1,0.0,0.16,0.23,5,22,0,1,0,2.142857142857143,0.0
2,4888,3,True,0,2025-02-22,2,0.0,0.17,0.18,5,22,0,1,0,2.0,0.0
2,4908,3,True,0,2025-02-22,1,0.0,0.16,0.19,5,22,0,1,0,2.142857142857143,0.0
2,4934,3,True,0,2025-02-22,6,0.0,0.07,0.09,5,22,0,1,0,2.142857142857143,0.0
2,4938,3,True,0,2025-02-22,1,0.0,0.54,0.59,5,22,0,1,0,2.5714285714285716,0.0
2,4948,3,True,0,2025-02-22,2,0.0,0.12,0.18,5,22,0,1,0,2.2857142857142856,0.0
2,4957,3,True,0,2025-02-22,0,0.0,0.11,0.13,5,22,0,1,0,2.2857142857142856,0.0
2,4971,3,True,0,2025-02-22,1,0.0,0.29,0.36,5,22,0,1,0,1.8571428571428572,0.0
2,4976,3,True,0,2025-02-22,4,0.0,0.04,0.06,5,22,0,1,0,1.8571428571428572,0.0
2,4981,3,True,0,2025-02-22,1,0.0,0.15,0.18,5,22,0,1,0,2.142857142857143,0.0
2,4984,3,True,0,2025-02-22,1,0.0,0.06,0.08,5,22,0,1,0,2.142857142857143,0.0
2,4986,3,True,0,2025-02-22,1,0.0,0.05,0.06,5,22,0,1,0,1.4285714285714286,0.0
2,5004,3,True,0,2025-02-22,2,0.0,0.05,0.06,5,22,0,1,0,1.4285714285714286,0.0
2,5024,3,True,0,2025-02-22,1,0.0,0.1,0.12,5,22,0,1,0,1.4285714285714286,0.0
2,5074,3,True,0,2025-02-22,0,0.0,0.23,0.29,5,22,0,1,0,1.5714285714285714,0.0
2,5094,3,True,0,2025-02-22,2,0.0,0.05,0.08,5,22,0,1,0,1.4285714285714286,0.0
2,5095,3,True,0,2025-02-22,1,0.0,0.03,0.04,5,22,0,1,0,1.1428571428571428,0.0
2,5101,3,True,0,2025-02-22,3,0.0,0.01,0.02,5,22,0,1,0,1.1428571428571428,0.0
2,5105,3,True,0,2025-02-22,2,0.0,0.15,0.17,5,22,0,1,0,1.4285714285714286,0.0
2,5119,3,True,0,2025-02-22,0,0.0,0.06,0.09,5,22,0,1,0,1.5714285714285714,0.0
2,5125,3,True,0,2025-02-22,1,2.0,0.06,0.08,5,22,0,1,0,1.2857142857142858,0.0
2,5139,3,True,0,2025-02-22,1,0.0,0.2,0.27,5,22,0,1,0,1.2857142857142858,0.0
2,5209,3,True,0,2025-02-22,1,0.0,0.35,0.43,5,22,0,1,0,1.4285714285714286,0.0
2,5221,3,True,0,2025-02-22,2,0.0,0.05,0.06,5,22,0,1,0,1.2857142857142858,0.0
2,5261,3,True,0,2025-02-22,0,0.0,0.15,0.19,5,22,0,1,0,1.4285714285714286,0.0
2,5262,3,True,0,2025-02-22,2,0.0,0.04,0.06,5,22,0,1,0,1.0,0.0
2,5280,3,True,0,2025-02-22,1,0.0,0.09,0.12,5,22,0,1,0,1.0,0.0
2,5281,3,True,0,2025-02-22,2,0.0,0.27,0.28,5,22,0,1,0,1.1428571428571428,0.0
2,2,4,False,0,2025-02-22,2,0.0,0.02,0.04,5,22,0,1,0,1.2857142857142858,0.0
2,17,4,False,0,2025-02-22,2,0.0,0.06,0.09,5,22,0,1,0,1.4285714285714286,0.0
2,26,4,False,0,2025-02-22,6,0.0,0.04,0.06,5,22,0,1,0,1.5714285714285714,0.0
2,38,4,False,0,2025-02-22,1,0.0,0.12,0.17,5,22,0,1,0,2.142857142857143,0.0
2,64,4,False,0,2025-02-22,3,0.0,0.01,0.02,5,22,0,1,0,2.2857142857142856,0.0
2,88,4,False,0,2025-02-22,0,0.0,0.02,0.03,5,22,0,1,0,2.4285714285714284,0.0
2,99,4,False,0,2025-02-22,2,0.0,0.02,0.05,5,22,0,1,0,2.2857142857142856,0.0
2,100,4,False,0,2025-02-22,2,0.0,0.04,0.05,5,22,0,1,0,2.2857142857142856,0.0
2,145,4,False,0,2025-02-22,3,0.0,0.06,0.1,5,22,0,1,0,2.2857142857142856,0.0
2,168,4,False,0,2025-02-22,3,0.0,0.04,0.06,5,22,0,1,0,2.4285714285714284,0.0
2,175,4,False,0,2025-02-22,2,0.0,0.03,0.06,5,22,0,1,0,2.0,0.0
2,178,4,False,0,2025-02-22,0,0.0,0.0,0.0,5,22,0,1,0,2.142857142857143,0.0
2,182,4,False,0,2025-02-22,1,0.0,0.03,0.05,5,22,0,1,0,1.7142857142857142,0.0
2,185,4,False,0,2025-02-22,3,0.0,0.02,0.03,5,22,0,1,0,1.8571428571428572,0.0
2,205,4,False,0,2025-02-22,4,0.0,0.1,0.14,5,22,0,1,0,2.0,0.0
2,235,4,False,0,2025-02-22,2,0.0,0.06,0.08,5,22,0,1,0,2.2857142857142856,0.0
2,255,4,False,0,2025-02-22,0,1.0,0.03,0.03,5,22,0,1,0,2.142857142857143,0.0
2,272,4,False,0,2025-02-22,2,0.0,0.03,0.05,5,22,0,1,0,1.7142857142857142,0.0
2,290,4,False,0,2025-02-22,3,0.0,0.06,0.08,5,22,0,1,0,1.7142857142857142,0.0
2,292,4,False,0,2025-02-22,3,0.0,0.04,0.05,5,22,0,1,0,2.142857142857143,0.0
2,306,4,False,0,2025-02-22,2,0.0,0.04,0.06,5,22,0,1,0,2.4285714285714284,0.0
2,314,4,False,0,2025-02-22,1,0.0,0.03,0.05,5,22,0,1,0,2.2857142857142856,0.0
2,328,4,False,0,2025-02-22,1,0.0,0.07,0.09,5,22,0,1,0,1.8571428571428572,0.0
2,338,4,False,0,2025-02-22,3,0.0,0.05,0.07,5,22,0,1,0,1.7142857142857142,0.0
2,350,4,False,0,2025-02-22,4,0.0,0.03,0.05,5,22,0,1,0,2.142857142857143,0.0
2,362,4,False,0,2025-02-22,2,0.0,0.02,0.03,5,22,0,1,0,2.4285714285714284,0.0
2,370,4,False,0,2025-02-22,2,0.0,0.03,0.05,5,22,0,1,0,2.2857142857142856,0.0
2,372,4,False,0,2025-02-22,0,0.0,0.02,0.04,5,22,0,1,0,2.142857142857143,0.0
2,447,4,False,0,2025-02-22,2,0.0,0.06,0.08,5,22,0,1,0,1.8571428571428572,0.0
2,464,4,False,0,2025-02-22,1,0.0,0.02,0.03,5,22,0,1,0,2.0,0.0
2,482,4,False,0,2025-02-22,1,0.0,0.02,0.04,5,22,0,1,0,2.0,0.0
2,524,4,False,0,2025-02-22,4,0.0,0.02,0.03,5,22,0,1,0,1.7142857142857142,0.0
2,552,4,False,0,2025-02-22,3,0.0,0.07,0.1,5,22,0,1,0,1.7142857142857142,0.0
2,560,4,False,0,2025-02-22,1,0.0,0.02,0.03,5,22,0,1,0,1.8571428571428572,0.0
2,584,4,False,0,2025-02-22,1,0.0,0.05,0.08,5,22,0,1,0,1.7142857142857142,0.0
2,595,4,False,0,2025-02-22,4,0.0,0.07,0.13,5,22,0,1,0,1.8571428571428572,0.0
2,613,4,False,0,2025-02-22,2,0.0,0.02,0.04,5,22,0,1,0,2.142857142857143,0.0
2,621,4,False,0,2025-02-22,2,0.0,0.05,0.1,5,22,0,1,0,2.2857142857142856,0.0
2,622,4,False,0,2025-02-22,3,0.0,0.02,0.04,5,22,0,1,0,2.4285714285714284,0.0
2,676,4,False,0,2025-02-22,3,0.0,0.08,0.12,5,22,0,1,0,2.2857142857142856,0.0
2,700,4,False,0,2025-02-22,3,0.0,0.03,0.05,5,22,0,1,0,2.2857142857142856,0.0
2,723,4,False,0,2025-02-22,1,0.0,0.03,0.04,5,22,0,1,0,2.5714285714285716,0.0
2,726,4,False,0,2025-02-22,3,0.0,0.04,0.05,5,22,0,1,0,2.5714285714285716,0.0
2,731,4,False,0,2025-02-22,1,0.0,0.19,0.18,5,22,0,1,0,2.4285714285714284,0.0
2,736,4,False,0,2025-02-22,8,0.0,0.04,0.06,5,22,0,1,0,2.2857142857142856,0.0
2,749,4,False,0,2025-02-22,2,0.0,0.08,0.14,5,22,0,1,0,3.142857142857143,0.0
2,761,4,False,0,2025-02-22,1,0.0,0.02,0.02,5,22,0,1,0,3.0,0.0
2,824,4,False,0,2025-02-22,8,0.0,0.01,0.01,5,22,0,1,0,2.7142857142857144,0.0
2,826,4,False,0,2025-02-22,2,0.0,0.05,0.06,5,22,0,1,0,3.4285714285714284,0.0
2,845,4,False,0,2025-02-22,3,0.0,0.07,0.1,5,22,0,1,0,3.5714285714285716,0.0
2,849,4,False,0,2025-02-22,1,0.0,0.04,0.07,5,22,0,1,0,3.5714285714285716,0.0
2,852,4,False,0,2025-02-22,0,0.0,0.02,0.04,5,22,0,1,0,3.5714285714285716,0.0
2,871,4,False,0,2025-02-22,1,1.0,0.05,0.07,5,22,0,1,0,2.4285714285714284,0.0
2,880,4,False,0,2025-02-22,7,0.0,0.04,0.07,5,22,0,1,0,2.2857142857142856,0.0
2,883,4,False,0,2025-02-22,3,0.0,0.02,0.05,5,22,0,1,0,3.142857142857143,0.0
2,892,4,False,0,2025-02-22,3,0.0,0.02,0.03,5,22,0,1,0,2.4285714285714284,0.0
2,953,4,False,0,2025-02-22,3,0.0,0.01,0.02,5,22,0,1,0,2.5714285714285716,0.0
2,989,4,False,0,2025-02-22,0,0.0,0.02,0.03,5,22,0,1,0,2.5714285714285716,0.0
2,1003,4,False,0,2025-02-22,2,0.0,0.02,0.03,5,22,0,1,0,2.4285714285714284,0.0
2,1009,4,False,0,2025-02-22,3,0.0,0.21,0.26,5,22,0,1,0,2.7142857142857144,0.0
2,1013,4,False,0,2025-02-22,3,0.0,0.08,0.11,5,22,0,1,0,3.0,0.0
2,1040,4,False,0,2025-02-22,6,0.0,0.03,0.04,5,22,0,1,0,2.4285714285714284,0.0
2,1041,4,False,0,2025-02-22,2,0.0,0.05,0.07,5,22,0,1,0,2.857142857142857,0.0
2,1066,4,False,0,2025-02-22,3,0.0,0.01,0.02,5,22,0,1,0,2.7142857142857144,0.0
2,1069,4,False,0,2025-02-22,1,0.0,0.07,0.09,5,22,0,1,0,2.7142857142857144,0.0
2,1077,4,False,0,2025-02-22,1,0.0,0.06,0.09,5,22,0,1,0,2.857142857142857,0.0
2,1090,4,False,0,2025-02-22,0,0.0,0.04,0.05,5,22,0,1,0,2.7142857142857144,0.0
2,1092,4,False,0,2025-02-22,2,0.0,0.02,0.03,5,22,0,1,0,2.2857142857142856,0.0
2,1111,4,False,0,2025-02-22,0,0.0,0.06,0.07,5,22,0,1,0,2.142857142857143,0.0
2,1119,4,False,0,2025-02-22,2,0.0,0.04,0.09,5,22,0,1,0,1.2857142857142858,0.0
2,1123,4,False,0,2025-02-22,3,0.0,0.0,0.01,5,22,0,1,0,1.2857142857142858,0.0
2,1137,4,False,0,2025-02-22,2,0.0,0.03,0.04,5,22,0,1,0,1.2857142857142858,0.0
2,1182,4,False,0,2025-02-22,3,0.0,0.02,0.02,5,22,0,1,0,1.4285714285714286,0.0
2,1245,4,False,0,2025-02-22,3,0.0,0.04,0.05,5,22,0,1,0,1.7142857142857142,0.0
2,1248,4,False,0,2025-02-22,6,0.0,0.01,0.01,5,22,0,1,0,2.142857142857143,0.0
2,1257,4,False,0,2025-02-22,1,0.0,0.1,0.15,5,22,0,1,0,2.7142857142857144,0.0
2,1268,4,False,0,2025-02-22,2,0.0,0.06,0.08,5,22,0,1,0,2.857142857142857,0.0
2,1316,4,False,0,2025-02-22,4,0.0,0.03,0.05,5,22,0,1,0,2.857142857142857,0.0
2,1321,4,False,0,2025-02-22,2,0.0,0.03,0.04,5,22,0,1,0,3.0,0.0
2,1329,4,False,0,2025-02-22,4,0.0,0.01,0.02,5,22,0,1,0,3.0,0.0
2,1369,4,False,0,2025-02-22,2,0.0,0.02,0.03,5,22,0,1,0,3.142857142857143,0.0
2,1373,4,False,0,2025-02-22,3,0.0,0.05,0.06,5,22,0,1,0,3.0,0.0
2,1394,4,False,0,2025-02-22,4,0.0,0.02,0.02,5,22,0,1,0,2.5714285714285716,0.0
2,1402,4,False,0,2025-02-22,3,0.0,0.03,0.05,5,22,0,1,0,3.0,0.0
2,1417,4,False,0,2025-02-22,2,0.0,0.06,0.08,5,22,0,1,0,3.142857142857143,0.0
2,1420,4,False,0,2025-02-22,1,0.0,0.04,0.06,5,22,0,1,0,2.857142857142857,0.0
2,1428,4,False,0,2025-02-22,0,0.0,0.03,0.04,5,22,0,1,0,2.7142857142857144,0.0
2,1436,4,False,0,2025-02-22,1,0.0,0.05,0.06,5,22,0,1,0,2.142857142857143,0.0
2,1473,4,False,0,2025-02-22,2,0.0,0.06,0.09,5,22,0,1,0,2.0,0.0
2,1481,4,False,0,2025-02-22,1,0.0,0.04,0.07,5,22,0,1,0,1.8571428571428572,0.0
2,1493,4,False,0,2025-02-22,2,0.0,0.06,0.07,5,22,0,1,0,1.4285714285714286,0.0
2,1497,4,False,0,2025-02-22,2,0.0,0.05,0.08,5,22,0,1,0,1.2857142857142858,0.0
2,1506,4,False,0,2025-02-22,3,0.0,0.02,0.04,5,22,0,1,0,1.2857142857142858,0.0
2,1519,4,False,0,2025-02-22,3,0.0,0.05,0.07,5,22,0,1,0,1.5714285714285714,0.0
2,1539,4,False,0,2025-02-22,0,0.0,0.02,0.03,5,22,0,1,0,2.0,0.0
2,1546,4,False,0,2025-02-22,2,0.0,0.03,0.04,5,22,0,1,0,1.8571428571428572,0.0
2,1563,4,False,0,2025-02-22,2,0.0,0.04,0.04,5,22,0,1,0,1.8571428571428572,0.0
2,1570,4,False,0,2025-02-22,1,0.0,0.02,0.03,5,22,0,1,0,2.0,0.0
2,1573,4,False,0,2025-02-22,2,0.0,0.07,0.11,5,22,0,1,0,1.8571428571428572,0.0
2,1574,4,False,0,2025-02-22,2,0.0,0.07,0.11,5,22,0,1,0,1.8571428571428572,0.0
2,1594,4,False,0,2025-02-22,3,0.0,0.02,0.03,5,22,0,1,0,1.7142857142857142,0.0
2,1607,4,False,0,2025-02-22,4,0.0,0.07,0.12,5,22,0,1,0,1.7142857142857142,0.0
2,1626,4,False,0,2025-02-22,3,0.0,0.06,0.07,5,22,0,1,0,2.2857142857142856,0.0
2,1644,4,False,0,2025-02-22,2,0.0,0.07,0.11,5,22,0,1,0,2.4285714285714284,0.0
2,1652,4,False,0,2025-02-22,2,0.0,0.05,0.08,5,22,0,1,0,2.4285714285714284,0.0
2,1673,4,False,0,2025-02-22,3,0.0,0.06,0.08,5,22,0,1,0,2.5714285714285716,0.0
2,1675,4,False,0,2025-02-22,2,0.0,0.05,0.08,5,22,0,1,0,2.7142857142857144,0.0
2,1686,4,False,0,2025-02-22,1,0.0,0.07,0.09,5,22,0,1,0,2.7142857142857144,0.0
2,1706,4,False,0,2025-02-22,2,0.0,0.01,0.03,5,22,0,1,0,2.4285714285714284,0.0
2,1716,4,False,0,2025-02-22,2,0.0,0.03,0.05,5,22,0,1,0,2.142857142857143,0.0
2,1732,4,False,0,2025-02-22,1,0.0,0.08,0.12,5,22,0,1,0,2.0,0.0
2,1738,4,False,0,2025-02-22,2,0.0,0.02,0.04,5,22,0,1,0,1.8571428571428572,0.0
2,1745,4,False,0,2025-02-22,2,0.0,0.05,0.08,5,22,0,1,0,1.8571428571428572,0.0
2,1759,4,False,0,2025-02-22,0,0.0,0.03,0.04,5,22,0,1,0,1.7142857142857142,0.0
2,1776,4,False,0,2025-02-22,1,0.0,0.14,0.19,5,22,0,1,0,1.4285714285714286,0.0
2,1790,4,False,0,2025-02-22,2,0.0,0.04,0.07,5,22,0,1,0,1.4285714285714286,0.0
2,1826,4,False,0,2025-02-22,3,0.0,0.07,0.08,5,22,0,1,0,1.4285714285714286,0.0
2,1830,4,False,0,2025-02-22,4,0.0,0.15,0.2,5,22,0,1,0,1.5714285714285714,0.0
2,1863,4,False,0,2025-02-22,3,0.0,0.04,0.07,5,22,0,1,0,2.0,0.0
2,1866,4,False,0,2025-02-22,0,0.0,0.02,0.03,5,22,0,1,0,2.142857142857143,0.0
2,1922,4,False,0,2025-02-22,3,0.0,0.02,0.04,5,22,0,1,0,1.8571428571428572,0.0
2,1934,4,False,0,2025-02-22,1,0.0,0.02,0.04,5,22,0,1,0,2.2857142857142856,0.0
2,1975,4,False,0,2025-02-22,0,0.0,0.03,0.05,5,22,0,1,0,2.2857142857142856,0.0
2,1984,4,False,0,2025-02-22,2,0.0,0.06,0.08,5,22,0,1,0,2.0,0.0
2,2005,4,False,0,2025-02-22,2,0.0,0.16,0.25,5,22,0,1,0,1.8571428571428572,0.0
2,2013,4,False,0,2025-02-22,4,0.0,0.03,0.04,5,22,0,1,0,1.5714285714285714,0.0
2,2025,4,False,0,2025-02-22,1,0.0,0.03,0.05,5,22,0,1,0,1.7142857142857142,0.0
2,2028,4,False,0,2025-02-22,1,0.0,0.03,0.05,5,22,0,1,0,1.8571428571428572,0.0
2,2033,4,False,0,2025-02-22,0,0.0,0.11,0.15,5,22,0,1,0,1.5714285714285714,0.0
2,2035,4,False,0,2025-02-22,1,0.0,0.02,0.03,5,22,0,1,0,1.4285714285714286,0.0
2,2042,4,False,0,2025-02-22,2,0.0,0.03,0.06,5,22,0,1,0,1.5714285714285714,0.0
2,2051,4,False,0,2025-02-22,1,1.0,0.03,0.04,5,22,0,1,0,1.5714285714285714,0.0
2,2061,4,False,0,2025-02-22,3,0.0,0.02,0.04,5,22,0,1,0,1.4285714285714286,0.0
2,2069,4,False,0,2025-02-22,1,0.0,0.07,0.1,5,22,0,1,0,1.2857142857142858,0.0
2,2083,4,False,0,2025-02-22,2,0.0,0.06,0.09,5,22,0,1,0,1.2857142857142858,0.0
2,2088,4,False,0,2025-02-22,1,0.0,0.03,0.04,5,22,0,1,0,1.4285714285714286,0.0
2,2129,4,False,0,2025-02-22,3,0.0,0.03,0.04,5,22,0,1,0,1.5714285714285714,0.0
2,2144,4,False,0,2025-02-22,2,0.0,0.03,0.06,5,22,0,1,0,1.8571428571428572,0.0
2,2149,4,False,0,2025-02-22,2,0.0,0.04,0.06,5,22,0,1,0,1.8571428571428572,0.0
2,2167,4,False,0,2025-02-22,3,0.0,0.05,0.07,5,22,0,1,0,2.0,0.0
2,2193,4,False,0,2025-02-22,3,0.0,0.08,0.08,5,22,0,1,0,2.0,0.0
2,2230,4,False,0,2025-02-22,1,0.0,0.02,0.04,5,22,0,1,0,2.2857142857142856,0.0
2,2233,4,False,0,2025-02-22,1,0.0,0.06,0.06,5,22,0,1,0,2.142857142857143,0.0
2,2238,4,False,0,2025-02-22,2,0.0,0.04,0.06,5,22,0,1,0,2.142857142857143,0.0
2,2257,4,False,0,2025-02-22,0,0.0,0.04,0.06,5,22,0,1,0,2.0,0.0
2,2279,4,False,0,2025-02-22,3,0.0,0.11,0.15,5,22,0,1,0,1.7142857142857142,0.0
2,2283,4,False,0,2025-02-22,7,0.0,0.04,0.06,5,22,0,1,0,1.8571428571428572,0.0
2,2286,4,False,0,2025-02-22,2,0.0,0.11,0.14,5,22,0,1,0,2.4285714285714284,0.0
2,2306,4,False,0,2025-02-22,2,0.0,0.04,0.06,5,22,0,1,0,2.2857142857142856,0.0
2,2315,4,False,0,2025-02-22,2,0.0,0.07,0.1,5,22,0,1,0,2.4285714285714284,0.0
2,2392,4,False,0,2025-02-22,2,0.0,0.04,0.06,5,22,0,1,0,2.5714285714285716,0.0
2,2397,4,False,0,2025-02-22,1,0.0,0.02,0.03,5,22,0,1,0,2.5714285714285716,0.0
2,2398,4,False,0,2025-02-22,3,0.0,0.12,0.17,5,22,0,1,0,2.7142857142857144,0.0
2,2438,4,False,0,2025-02-22,0,0.0,0.02,0.04,5,22,0,1,0,2.7142857142857144,0.0
2,2443,4,False,0,2025-02-22,2,0.0,0.05,0.07,5,22,0,1,0,1.7142857142857142,0.0
2,2448,4,False,0,2025-02-22,3,0.0,0.04,0.05,5,22,0,1,0,1.7142857142857142,0.0
2,2469,4,False,0,2025-02-22,2,0.0,0.07,0.09,5,22,0,1,0,1.8571428571428572,0.0
2,2473,4,False,0,2025-02-22,3,0.0,0.04,0.06,5,22,0,1,0,1.8571428571428572,0.0
2,2478,4,False,0,2025-02-22,2,0.0,0.02,0.03,5,22,0,1,0,2.0,0.0
2,2487,4,False,0,2025-02-22,2,0.0,0.02,0.04,5,22,0,1,0,2.142857142857143,0.0
2,2497,4,False,0,2025-02-22,2,0.0,0.03,0.04,5,22,0,1,0,2.0,0.0
2,2506,4,False,0,2025-02-22,3,0.0,0.03,0.04,5,22,0,1,0,2.2857142857142856,0.0
2,2522,4,False,0,2025-02-22,3,0.0,0.11,0.16,5,22,0,1,0,2.4285714285714284,0.0
2,2567,4,False,0,2025-02-22,2,0.0,0.04,0.06,5,22,0,1,0,2.4285714285714284,0.0
2,2581,4,False,0,2025-02-22,2,0.0,0.06,0.06,5,22,0,1,0,2.4285714285714284,0.0
2,2624,4,False,0,2025-02-22,3,0.0,0.06,0.08,5,22,0,1,0,2.2857142857142856,0.0
2,2630,4,False,0,2025-02-22,3,0.0,0.03,0.04,5,22,0,1,0,2.4285714285714284,0.0
2,2631,4,False,0,2025-02-22,3,0.0,0.02,0.03,5,22,0,1,0,2.5714285714285716,0.0
2,2642,4,False,0,2025-02-22,3,0.0,0.03,0.05,5,22,0,1,0,2.7142857142857144,0.0
2,2658,4,False,0,2025-02-22,1,0.0,0.02,0.04,5,22,0,1,0,2.7142857142857144,0.0
2,2672,4,False,0,2025-02-22,2,0.0,0.02,0.03,5,22,0,1,0,2.4285714285714284,0.0
2,2688,4,False,0,2025-02-22,3,0.0,0.03,0.04,5,22,0,1,0,2.4285714285714284,0.0
2,2725,4,False,0,2025-02-22,0,0.0,0.08,0.08,5,22,0,1,0,2.5714285714285716,0.0
2,2744,4,False,0,2025-02-22,3,0.0,0.06,0.08,5,22,0,1,0,2.142857142857143,0.0
2,2788,4,False,0,2025-02-22,3,0.0,0.02,0.03,5,22,0,1,0,2.142857142857143,0.0
2,2801,4,False,0,2025-02-22,1,0.0,0.06,0.09,5,22,0,1,0,2.142857142857143,0.0
2,2804,4,False,0,2025-02-22,2,0.0,0.06,0.07,5,22,0,1,0,1.8571428571428572,0.0
2,2818,4,False,0,2025-02-22,2,0.0,0.02,0.03,5,22,0,1,0,2.0,0.0
2,2825,4,False,0,2025-02-22,1,0.0,0.18,0.23,5,22,0,1,0,2.0,0.0
2,2830,4,False,0,2025-02-22,2,0.0,0.04,0.06,5,22,0,1,0,1.7142857142857142,0.0
2,2832,4,False,0,2025-02-22,3,0.0,0.01,0.03,5,22,0,1,0,2.0,0.0
2,2838,4,False,0,2025-02-22,3,0.0,0.02,0.03,5,22,0,1,0,2.0,0.0
2,2844,4,False,0,2025-02-22,2,0.0,0.03,0.05,5,22,0,1,0,2.0,0.0
2,2860,4,False,0,2025-02-22,3,0.0,0.07,0.1,5,22,0,1,0,2.142857142857143,0.0
2,2870,4,False,0,2025-02-22,1,1.0,0.06,0.09,5,22,0,1,0,2.2857142857142856,0.0
2,2871,4,False,0,2025-02-22,2,0.0,0.04,0.05,5,22,0,1,0,2.142857142857143,0.0
2,2892,4,False,0,2025-02-22,1,2.0,0.09,0.13,5,22,0,1,0,2.2857142857142856,0.0
2,2894,4,False,0,2025-02-22,1,0.0,0.04,0.06,5,22,0,1,0,2.142857142857143,0.0
2,2957,4,False,0,2025-02-22,2,0.0,0.02,0.04,5,22,0,1,0,1.8571428571428572,0.0
2,2961,4,False,0,2025-02-22,2,0.0,0.05,0.07,5,22,0,1,0,1.7142857142857142,0.0
2,2963,4,False,0,2025-02-22,3,0.0,0.06,0.07,5,22,0,1,0,1.7142857142857142,0.0
2,2970,4,False,0,2025-02-22,2,0.0,0.03,0.05,5,22,0,1,0,1.7142857142857142,0.0
2,2979,4,False,0,2025-02-22,1,0.0,0.06,0.08,5,22,0,1,0,1.8571428571428572,0.0
2,2992,4,False,0,2025-02-22,2,0.0,0.05,0.07,5,22,0,1,0,1.7142857142857142,0.0
2,3000,4,False,0,2025-02-22,1,0.0,0.1,0.14,5,22,0,1,0,1.8571428571428572,0.0
2,3012,4,False,0,2025-02-22,3,0.0,0.02,0.03,5,22,0,1,0,1.8571428571428572,0.0
2,3044,4,False,0,2025-02-22,2,0.0,0.02,0.02,5,22,0,1,0,2.0,0.0
2,3086,4,False,0,2025-02-22,3,0.0,0.04,0.07,5,22,0,1,0,2.0,0.0
2,3145,4,False,0,2025-02-22,2,0.0,0.04,0.05,5,22,0,1,0,2.0,0.0
2,3146,4,False,0,2025-02-22,4,0.0,0.01,0.01,5,22,0,1,0,2.0,0.0
2,3162,4,False,0,2025-02-22,4,0.0,0.01,0.02,5,22,0,1,0,2.4285714285714284,0.0
2,3178,4,False,0,2025-02-22,1,0.0,0.12,0.18,5,22,0,1,0,2.7142857142857144,0.0
2,3185,4,False,0,2025-02-22,3,0.0,0.04,0.06,5,22,0,1,0,2.7142857142857144,0.0
2,3196,4,False,0,2025-02-22,2,1.0,0.02,0.03,5,22,0,1,0,2.7142857142857144,0.0
2,3209,4,False,0,2025-02-22,1,0.0,0.02,0.04,5,22,0,1,0,2.7142857142857144,0.0
2,3224,4,False,0,2025-02-22,3,0.0,0.04,0.05,5,22,0,1,0,2.4285714285714284,0.0
2,3262,4,False,0,2025-02-22,2,0.0,0.09,0.13,5,22,0,1,0,2.5714285714285716,0.0
2,3267,4,False,0,2025-02-22,3,0.0,0.01,0.01,5,22,0,1,0,2.2857142857142856,0.0
2,3293,4,False,0,2025-02-22,4,0.0,0.0,0.01,5,22,0,1,0,2.142857142857143,0.0
2,3312,4,False,0,2025-02-22,3,0.0,0.01,0.02,5,22,0,1,0,2.5714285714285716,0.0
2,3317,4,False,0,2025-02-22,3,0.0,0.01,0.02,5,22,0,1,0,2.5714285714285716,0.0
2,3327,4,False,0,2025-02-22,3,0.0,0.01,0.02,5,22,0,1,0,2.7142857142857144,0.0
2,3377,4,False,0,2025-02-22,3,0.0,0.02,0.05,5,22,0,1,0,3.0,0.0
2,3420,4,False,0,2025-02-22,3,0.0,0.07,0.09,5,22,0,1,0,3.0,0.0
2,3453,4,False,0,2025-02-22,2,0.0,0.02,0.04,5,22,0,1,0,3.142857142857143,0.0
2,3455,4,False,0,2025-02-22,0,0.0,0.02,0.03,5,22,0,1,0,3.0,0.0
2,3465,4,False,0,2025-02-22,1,0.0,0.06,0.07,5,22,0,1,0,2.4285714285714284,0.0
2,3466,4,False,0,2025-02-22,3,0.0,0.03,0.04,5,22,0,1,0,2.142857142857143,0.0
2,3472,4,False,0,2025-02-22,0,0.0,0.04,0.06,5,22,0,1,0,2.142857142857143,0.0
2,3473,4,False,0,2025-02-22,1,0.0,0.01,0.03,5,22,0,1,0,1.7142857142857142,0.0
2,3493,4,False,0,2025-02-22,3,0.0,0.04,0.07,5,22,0,1,0,1.4285714285714286,0.0
2,3552,4,False,0,2025-02-22,3,0.0,0.03,0.04,5,22,0,1,0,1.4285714285714286,0.0
2,3562,4,False,0,2025-02-22,2,0.0,0.05,0.07,5,22,0,1,0,1.5714285714285714,0.0
2,3569,4,False,0,2025-02-22,3,1.0,0.03,0.06,5,22,0,1,0,1.8571428571428572,0.0
2,3577,4,False,0,2025-02-22,2,0.0,0.04,0.06,5,22,0,1,0,2.142857142857143,0.0
2,3590,4,False,0,2025-02-22,3,0.0,0.02,0.03,5,22,0,1,0,2.0,0.0
2,3620,4,False,0,2025-02-22,1,0.0,0.02,0.04,5,22,0,1,0,2.4285714285714284,0.0
2,3627,4,False,0,2025-02-22,1,0.0,0.06,0.1,5,22,0,1,0,2.4285714285714284,0.0
2,3628,4,False,0,2025-02-22,1,0.0,0.06,0.09,5,22,0,1,0,2.142857142857143,0.0
2,3633,4,False,0,2025-02-22,3,0.0,0.07,0.1,5,22,0,1,0,1.8571428571428572,0.0
2,3645,4,False,0,2025-02-22,2,0.0,0.07,0.07,5,22,0,1,0,2.0,0.0
2,3651,4,False,0,2025-02-22,3,0.0,0.04,0.07,5,22,0,1,0,1.8571428571428572,0.0
2,3692,4,False,0,2025-02-22,2,0.0,0.1,0.11,5,22,0,1,0,2.0,0.0
2,3698,4,False,0,2025-02-22,3,0.0,0.05,0.06,5,22,0,1,0,1.8571428571428572,0.0
2,3700,4,False,0,2025-02-22,3,0.0,0.02,0.03,5,22,0,1,0,2.142857142857143,0.0
2,3721,4,False,0,2025-02-22,1,0.0,0.03,0.04,5,22,0,1,0,2.4285714285714284,0.0
2,3728,4,False,0,2025-02-22,2,0.0,0.03,0.05,5,22,0,1,0,2.4285714285714284,0.0
2,3733,4,False,0,2025-02-22,3,0.0,0.01,0.02,5,22,0,1,0,2.2857142857142856,0.0
2,3753,4,False,0,2025-02-22,3,0.0,0.04,0.07,5,22,0,1,0,2.4285714285714284,0.0
2,3772,4,False,0,2025-02-22,2,1.0,0.03,0.06,5,22,0,1,0,2.4285714285714284,0.0
2,3818,4,False,0,2025-02-22,3,0.0,0.06,0.09,5,22,0,1,0,2.4285714285714284,0.0
2,3843,4,False,0,2025-02-22,3,0.0,0.02,0.04,5,22,0,1,0,2.4285714285714284,0.0
2,3847,4,False,0,2025-02-22,1,0.0,0.01,0.03,5,22,0,1,0,2.4285714285714284,0.0
2,3850,4,False,0,2025-02-22,2,0.0,0.07,0.11,5,22,0,1,0,2.4285714285714284,0.0
2,3853,4,False,0,2025-02-22,2,0.0,0.1,0.17,5,22,0,1,0,2.4285714285714284,0.0
2,3879,4,False,0,2025-02-22,2,0.0,0.05,0.08,5,22,0,1,0,2.2857142857142856,0.0
2,3888,4,False,0,2025-02-22,6,0.0,0.01,0.01,5,22,0,1,0,2.142857142857143,0.0
2,3903,4,False,0,2025-02-22,2,0.0,0.04,0.06,5,22,0,1,0,2.7142857142857144,0.0
2,3906,4,False,0,2025-02-22,1,0.0,0.11,0.16,5,22,0,1,0,2.5714285714285716,0.0
2,3939,4,False,0,2025-02-22,0,0.0,0.04,0.06,5,22,0,1,0,2.2857142857142856,0.0
2,3968,4,False,0,2025-02-22,2,0.0,0.01,0.02,5,22,0,1,0,2.142857142857143,0.0
2,3971,4,False,0,2025-02-22,2,0.0,0.08,0.1,5,22,0,1,0,2.142857142857143,0.0
2,3974,4,False,0,2025-02-22,2,0.0,0.09,0.13,5,22,0,1,0,2.142857142857143,0.0
2,3987,4,False,0,2025-02-22,2,0.0,0.03,0.05,5,22,0,1,0,2.142857142857143,0.0
2,4019,4,False,0,2025-02-22,3,0.0,0.04,0.04,5,22,0,1,0,1.5714285714285714,0.0
2,4028,4,False,0,2025-02-22,3,0.0,0.02,0.03,5,22,0,1,0,1.7142857142857142,0.0
2,4071,4,False,0,2025-02-22,1,0.0,0.05,0.06,5,22,0,1,0,2.0,0.0
2,4108,4,False,0,2025-02-22,2,0.0,0.02,0.03,5,22,0,1,0,2.142857142857143,0.0
2,4133,4,False,0,2025-02-22,2,0.0,0.08,0.14,5,22,0,1,0,2.142857142857143,0.0
2,4135,4,False,0,2025-02-22,3,0.0,0.03,0.04,5,22,0,1,0,2.142857142857143,0.0
2,4170,4,False,0,2025-02-22,1,0.0,0.02,0.03,5,22,0,1,0,2.2857142857142856,0.0
2,4184,4,False,0,2025-02-22,2,0.0,0.06,0.09,5,22,0,1,0,2.142857142857143,0.0
2,4186,4,False,0,2025-02-22,0,0.0,0.03,0.04,5,22,0,1,0,2.0,0.0
2,4212,4,False,0,2025-02-22,3,0.0,0.06,0.08,5,22,0,1,0,1.5714285714285714,0.0
2,4243,4,False,0,2025-02-22,2,0.0,0.09,0.11,5,22,0,1,0,1.8571428571428572,0.0
2,4268,4,False,0,2025-02-22,2,0.0,0.02,0.03,5,22,0,1,0,1.8571428571428572,0.0
2,4275,4,False,0,2025-02-22,2,0.0,0.01,0.02,5,22,0,1,0,1.8571428571428572,0.0
2,4281,4,False,0,2025-02-22,0,0.0,0.02,0.04,5,22,0,1,0,1.7142857142857142,0.0
2,4293,4,False,0,2025-02-22,0,0.0,0.12,0.17,5,22,0,1,0,1.5714285714285714,0.0
2,4305,4,False,0,2025-02-22,1,0.0,0.07,0.07,5,22,0,1,0,1.2857142857142858,0.0
2,4335,4,False,0,2025-02-22,2,0.0,0.04,0.07,5,22,0,1,0,1.4285714285714286,0.0
2,4342,4,False,0,2025-02-22,1,0.0,0.02,0.04,5,22,0,1,0,1.2857142857142858,0.0
2,4373,4,False,0,2025-02-22,2,0.0,0.07,0.11,5,22,0,1,0,1.1428571428571428,0.0
2,4392,4,False,0,2025-02-22,1,0.0,0.09,0.12,5,22,0,1,0,1.1428571428571428,0.0
2,4395,4,False,0,2025-02-22,2,0.0,0.05,0.08,5,22,0,1,0,1.0,0.0
2,4422,4,False,0,2025-02-22,2,0.0,0.01,0.02,5,22,0,1,0,1.2857142857142858,0.0
2,4438,4,False,0,2025-02-22,5,0.0,0.01,0.02,5,22,0,1,0,1.5714285714285714,0.0
2,4451,4,False,0,2025-02-22,2,0.0,0.04,0.06,5,22,0,1,0,2.142857142857143,0.0
2,4456,4,False,0,2025-02-22,2,0.0,0.02,0.03,5,22,0,1,0,2.142857142857143,0.0
2,4480,4,False,0,2025-02-22,2,0.0,0.06,0.1,5,22,0,1,0,2.2857142857142856,0.0
2,4520,4,False,0,2025-02-22,2,0.0,0.1,0.16,5,22,0,1,0,2.2857142857142856,0.0
2,4522,4,False,0,2025-02-22,0,0.0,0.02,0.03,5,22,0,1,0,2.4285714285714284,0.0
2,4550,4,False,0,2025-02-22,2,0.0,0.13,0.15,5,22,0,1,0,2.142857142857143,0.0
2,4571,4,False,0,2025-02-22,1,1.0,0.03,0.06,5,22,0,1,0,2.142857142857143,0.0
2,4577,4,False,0,2025-02-22,3,0.0,0.04,0.06,5,22,0,1,0,1.5714285714285714,0.0
2,4598,4,False,0,2025-02-22,4,0.0,0.07,0.1,5,22,0,1,0,1.7142857142857142,0.0
2,4621,4,False,0,2025-02-22,4,0.0,0.01,0.01,5,22,0,1,0,2.0,0.0
2,4662,4,False,0,2025-02-22,0,0.0,0.02,0.03,5,22,0,1,0,2.2857142857142856,0.0
2,4663,4,False,0,2025-02-22,2,0.0,0.04,0.07,5,22,0,1,0,2.0,0.0
2,4672,4,False,0,2025-02-22,3,0.0,0.03,0.04,5,22,0,1,0,2.2857142857142856,0.0
2,4715,4,False,0,2025-02-22,2,0.0,0.05,0.06,5,22,0,1,0,2.4285714285714284,0.0
2,4778,4,False,0,2025-02-22,2,0.0,0.04,0.07,5,22,0,1,0,2.5714285714285716,0.0
2,4785,4,False,0,2025-02-22,3,0.0,0.06,0.07,5,22,0,1,0,2.4285714285714284,0.0
2,4806,4,False,0,2025-02-22,3,0.0,0.02,0.03,5,22,0,1,0,2.2857142857142856,0.0
2,4808,4,False,0,2025-02-22,2,0.0,0.03,0.05,5,22,0,1,0,2.142857142857143,0.0
2,4823,4,False,0,2025-02-22,3,0.0,0.01,0.01,5,22,0,1,0,2.4285714285714284,0.0
2,4842,4,False,0,2025-02-22,2,0.0,0.03,0.05,5,22,0,1,0,2.5714285714285716,0.0
2,4851,4,False,0,2025-02-22,0,0.0,0.06,0.06,5,22,0,1,0,2.4285714285714284,0.0
2,4855,4,False,0,2025-02-22,3,0.0,0.02,0.02,5,22,0,1,0,2.142857142857143,0.0
2,4895,4,False,0,2025-02-22,1,0.0,0.04,0.06,5,22,0,1,0,2.2857142857142856,0.0
2,4898,4,False,0,2025-02-22,0,0.0,0.03,0.04,5,22,0,1,0,2.0,0.0
2,4928,4,False,0,2025-02-22,3,0.0,0.03,0.06,5,22,0,1,0,1.5714285714285714,0.0
2,4955,4,False,0,2025-02-22,1,0.0,0.03,0.05,5,22,0,1,0,1.7142857142857142,0.0
2,4958,4,False,0,2025-02-22,0,0.0,0.05,0.07,5,22,0,1,0,1.4285714285714286,0.0
2,4967,4,False,0,2025-02-22,2,0.0,0.05,0.08,5,22,0,1,0,1.1428571428571428,0.0
2,4978,4,False,0,2025-02-22,6,0.0,0.04,0.03,5,22,0,1,0,1.4285714285714286,0.0
2,5005,4,False,0,2025-02-22,3,0.0,0.04,0.06,5,22,0,1,0,1.8571428571428572,0.0
2,5063,4,False,0,2025-02-22,3,0.0,0.01,0.01,5,22,0,1,0,2.142857142857143,0.0
2,5088,4,False,0,2025-02-22,3,0.0,0.01,0.02,5,22,0,1,0,2.5714285714285716,0.0
2,5113,4,False,0,2025-02-22,1,0.0,0.03,0.05,5,22,0,1,0,2.5714285714285716,0.0
2,5146,4,False,0,2025-02-22,2,0.0,0.03,0.05,5,22,0,1,0,2.5714285714285716,0.0
2,5154,4,False,0,2025-02-22,1,0.0,0.04,0.06,5,22,0,1,0,2.857142857142857,0.0
2,5162,4,False,0,2025-02-22,1,0.0,0.09,0.09,5,22,0,1,0,2.7142857142857144,0.0
2,5186,4,False,0,2025-02-22,0,0.0,0.02,0.04,5,22,0,1,0,2.0,0.0
2,5191,4,False,0,2025-02-22,2,0.0,0.02,0.03,5,22,0,1,0,1.5714285714285714,0.0
2,5202,4,False,0,2025-02-22,2,0.0,0.09,0.13,5,22,0,1,0,1.4285714285714286,0.0
2,5208,4,False,0,2025-02-22,2,0.0,0.02,0.04,5,22,0,1,0,1.2857142857142858,0.0
2,5228,4,False,0,2025-02-22,0,0.0,0.01,0.02,5,22,0,1,0,1.4285714285714286,0.0
2,5229,4,False,0,2025-02-22,2,0.0,0.03,0.05,5,22,0,1,0,1.1428571428571428,0.0
2,5263,4,False,0,2025-02-22,3,0.0,0.02,0.04,5,22,0,1,0,1.2857142857142858,0.0
2,5266,4,False,0,2025-02-22,1,0.0,0.06,0.1,5,22,0,1,0,1.5714285714285714,0.0
2,5286,4,False,0,2025-02-22,2,0.0,0.05,0.06,5,22,0,1,0,1.7142857142857142,0.0
2,74,5,True,0,2025-02-22,1,0.0,0.02,0.04,5,22,0,1,0,1.7142857142857142,0.0
2,213,5,True,0,2025-02-22,3,0.0,0.01,0.03,5,22,0,1,0,1.5714285714285714,0.0
2,284,5,True,0,2025-02-22,5,0.0,0.05,0.08,5,22,0,1,0,1.7142857142857142,0.0
2,567,5,True,0,2025-02-22,5,0.0,0.01,0.04,5,22,0,1,0,2.4285714285714284,0.0
2,783,5,True,0,2025-02-22,2,0.0,0.03,0.06,5,22,0,1,0,2.857142857142857,0.0
2,821,5,True,0,2025-02-22,6,0.0,0.03,0.05,5,22,0,1,0,2.7142857142857144,0.0
2,873,5,True,0,2025-02-22,5,1.0,0.03,0.05,5,22,0,1,0,3.4285714285714284,0.0
2,929,5,True,0,2025-02-22,15,0.0,0.07,0.22,5,22,0,1,0,3.857142857142857,0.0
2,1037,5,True,0,2025-02-22,3,0.0,0.01,0.02,5,22,0,1,0,5.857142857142857,0.0
2,1163,5,True,0,2025-02-22,10,0.0,0.08,0.21,5,22,0,1,0,5.857142857142857,0.0
2,1247,5,True,0,2025-02-22,5,0.0,0.04,0.06,5,22,0,1,0,6.571428571428571,0.0
2,1333,5,True,0,2025-02-22,9,0.0,0.02,0.04,5,22,0,1,0,6.571428571428571,0.0
2,1339,5,True,0,2025-02-22,7,0.0,0.02,0.03,5,22,0,1,0,7.571428571428571,0.0
2,1427,5,True,0,2025-02-22,8,2.0,0.01,0.05,5,22,0,1,0,7.714285714285714,0.0
2,1746,5,True,0,2025-02-22,3,0.0,0.02,0.07,5,22,0,1,0,8.142857142857142,0.0
2,1882,5,True,0,2025-02-22,6,0.0,0.17,0.25,5,22,0,1,0,6.428571428571429,0.0
2,2066,5,True,0,2025-02-22,7,0.0,0.1,0.14,5,22,0,1,0,6.857142857142857,0.0
2,2104,5,True,0,2025-02-22,8,0.0,0.03,0.04,5,22,0,1,0,6.428571428571429,0.0
2,2120,5,True,0,2025-02-22,2,0.0,0.03,0.07,5,22,0,1,0,6.857142857142857,0.0
2,2132,5,True,0,2025-02-22,3,0.0,0.01,0.04,5,22,0,1,0,5.857142857142857,0.0
2,2141,5,True,0,2025-02-22,7,0.0,0.01,0.03,5,22,0,1,0,5.285714285714286,0.0
2,2219,5,True,0,2025-02-22,7,0.0,0.11,0.2,5,22,0,1,0,5.142857142857143,0.0
2,2224,5,True,0,2025-02-22,3,0.0,0.03,0.04,5,22,0,1,0,5.714285714285714,0.0
2,2325,5,True,0,2025-02-22,2,0.0,0.03,0.06,5,22,0,1,0,5.285714285714286,0.0
2,2418,5,True,0,2025-02-22,5,0.0,0.03,0.06,5,22,0,1,0,4.571428571428571,0.0
2,2880,5,True,0,2025-02-22,5,0.0,0.02,0.04,5,22,0,1,0,4.142857142857143,0.0
2,3085,5,True,0,2025-02-22,3,0.0,0.02,0.04,5,22,0,1,0,4.571428571428571,0.0
2,3087,5,True,0,2025-02-22,6,0.0,0.04,0.09,5,22,0,1,0,4.571428571428571,0.0
2,3164,5,True,0,2025-02-22,4,0.0,0.05,0.12,5,22,0,1,0,4.428571428571429,0.0
2,3218,5,True,0,2025-02-22,5,0.0,0.02,0.06,5,22,0,1,0,4.0,0.0
2,3229,5,True,0,2025-02-22,4,0.0,0.04,0.11,5,22,0,1,0,4.285714285714286,0.0
2,3292,5,True,0,2025-02-22,1,0.0,0.03,0.05,5,22,0,1,0,4.571428571428571,0.0
2,3330,5,True,0,2025-02-22,4,0.0,0.06,0.11,5,22,0,1,0,4.0,0.0
2,3424,5,True,0,2025-02-22,1,0.0,0.01,0.02,5,22,0,1,0,3.857142857142857,0.0
2,3439,5,True,0,2025-02-22,2,0.0,0.02,0.02,5,22,0,1,0,3.5714285714285716,0.0
2,3463,5,True,0,2025-02-22,4,1.0,0.03,0.05,5,22,0,1,0,3.0,0.0
2,3558,5,True,0,2025-02-22,2,1.0,0.03,0.06,5,22,0,1,0,3.0,0.0
2,3624,5,True,0,2025-02-22,6,0.0,0.06,0.11,5,22,0,1,0,2.5714285714285716,0.0
2,3807,5,True,0,2025-02-22,0,0.0,0.08,0.09,5,22,0,1,0,2.857142857142857,0.0
2,3984,5,True,0,2025-02-22,13,0.0,0.02,0.04,5,22,0,1,0,2.7142857142857144,0.0
2,3996,5,True,0,2025-02-22,11,0.0,0.03,0.07,5,22,0,1,0,4.0,0.0
2,4036,5,True,0,2025-02-22,4,0.0,0.01,0.02,5,22,0,1,0,5.428571428571429,0.0
2,4081,5,True,0,2025-02-22,3,0.0,0.03,0.06,5,22,0,1,0,5.714285714285714,0.0
2,4175,5,True,0,2025-02-22,9,0.0,0.03,0.06,5,22,0,1,0,5.571428571428571,0.0
2,4544,5,True,0,2025-02-22,5,1.0,0.04,0.06,5,22,0,1,0,6.571428571428571,0.0
2,4565,5,True,0,2025-02-22,4,0.0,0.01,0.05,5,22,0,1,0,6.428571428571429,0.0
2,4749,5,True,0,2025-02-22,3,0.0,0.01,0.02,5,22,0,1,0,7.0,0.0
2,4789,5,True,0,2025-02-22,7,1.0,0.02,0.06,5,22,0,1,0,5.571428571428571,0.0
2,4939,5,True,0,2025-02-22,8,0.0,0.02,0.06,5,22,0,1,0,5.0,0.0
2,5006,5,True,0,2025-02-22,6,0.0,0.03,0.04,5,22,0,1,0,5.571428571428571,0.0
2,5049,5,True,0,2025-02-22,11,1.0,0.02,0.07,5,22,0,1,0,6.0,0.0
2,5098,5,True,0,2025-02-22,2,0.0,0.02,0.05,5,22,0,1,0,6.285714285714286,0.0
2,5217,5,True,0,2025-02-22,8,0.0,0.02,0.04,5,22,0,1,0,5.857142857142857,0.0
2,139,6,False,0,2025-02-22,1,0.0,0.17,0.24,5,22,0,1,0,6.428571428571429,0.0
2,173,6,False,0,2025-02-22,1,0.0,0.09,0.12,5,22,0,1,0,6.142857142857143,0.0
2,337,6,False,0,2025-02-22,3,0.0,0.12,0.17,5,22,0,1,0,5.285714285714286,0.0
2,366,6,False,0,2025-02-22,0,0.0,0.08,0.1,5,22,0,1,0,4.571428571428571,0.0
2,386,6,False,0,2025-02-22,0,0.0,0.17,0.26,5,22,0,1,0,3.7142857142857144,0.0
2,594,6,False,0,2025-02-22,0,0.0,0.19,0.2,5,22,0,1,0,2.142857142857143,0.0
2,988,6,False,0,2025-02-22,2,0.0,0.16,0.24,5,22,0,1,0,1.8571428571428572,0.0
2,1031,6,False,0,2025-02-22,0,0.0,0.1,0.14,5,22,0,1,0,1.0,0.0
2,1124,6,False,0,2025-02-22,2,0.0,0.12,0.22,5,22,0,1,0,0.8571428571428571,0.0
2,1276,6,False,0,2025-02-22,1,0.0,0.13,0.17,5,22,0,1,0,1.0,0.0
2,1340,6,False,0,2025-02-22,2,0.0,0.17,0.22,5,22,0,1,0,0.7142857142857143,0.0
2,1429,6,False,0,2025-02-22,1,0.0,0.08,0.08,5,22,0,1,0,1.0,0.0
2,1534,6,False,0,2025-02-22,2,0.0,0.15,0.21,5,22,0,1,0,1.1428571428571428,0.0
2,1544,6,False,0,2025-02-22,2,0.0,0.08,0.11,5,22,0,1,0,1.4285714285714286,0.0
2,1611,6,False,0,2025-02-22,2,0.0,0.11,0.15,5,22,0,1,0,1.4285714285714286,0.0
2,1650,6,False,0,2025-02-22,1,0.0,0.24,0.3,5,22,0,1,0,1.7142857142857142,0.0
2,1702,6,False,0,2025-02-22,0,0.0,0.31,0.29,5,22,0,1,0,1.5714285714285714,0.0
2,1767,6,False,0,2025-02-22,1,0.0,0.12,0.17,5,22,0,1,0,1.4285714285714286,0.0
2,1807,6,False,0,2025-02-22,1,0.0,0.12,0.15,5,22,0,1,0,1.2857142857142858,0.0
2,1811,6,False,0,2025-02-22,0,0.0,0.04,0.06,5,22,0,1,0,1.2857142857142858,0.0
2,1828,6,False,0,2025-02-22,0,1.0,0.26,0.36,5,22,0,1,0,1.0,0.0
2,1868,6,False,0,2025-02-22,0,0.0,0.12,0.15,5,22,0,1,0,0.7142857142857143,0.0
2,1901,6,False,0,2025-02-22,2,0.0,0.16,0.25,5,22,0,1,0,0.42857142857142855,0.0
2,1924,6,False,0,2025-02-22,0,0.0,0.07,0.08,5,22,0,1,0,0.5714285714285714,0.0
2,2712,6,False,0,2025-02-22,0,0.0,0.12,0.16,5,22,0,1,0,0.5714285714285714,0.0
2,2912,6,False,0,2025-02-22,1,0.0,0.12,0.18,5,22,0,1,0,0.42857142857142855,0.0
2,3034,6,False,0,2025-02-22,1,0.0,0.11,0.16,5,22,0,1,0,0.42857142857142855,0.0
2,3088,6,False,0,2025-02-22,0,0.0,0.06,0.08,5,22,0,1,0,0.5714285714285714,0.0
2,3187,6,False,0,2025-02-22,0,0.0,0.26,0.27,5,22,0,1,0,0.5714285714285714,0.0
2,3202,6,False,0,2025-02-22,1,0.0,0.14,0.21,5,22,0,1,0,0.5714285714285714,0.0
2,3604,6,False,0,2025-02-22,1,0.0,0.32,0.36,5,22,0,1,0,0.42857142857142855,0.0
2,3648,6,False,0,2025-02-22,1,0.0,0.2,0.29,5,22,0,1,0,0.5714285714285714,0.0
2,3687,6,False,0,2025-02-22,2,0.0,0.14,0.19,5,22,0,1,0,0.7142857142857143,0.0
2,3842,6,False,0,2025-02-22,2,0.0,0.39,0.46,5,22,0,1,0,0.8571428571428571,0.0
2,3902,6,False,0,2025-02-22,1,0.0,0.17,0.22,5,22,0,1,0,1.0,0.0
2,3912,6,False,0,2025-02-22,1,0.0,0.06,0.09,5,22,0,1,0,1.1428571428571428,0.0
2,4177,6,False,0,2025-02-22,1,0.0,0.06,0.08,5,22,0,1,0,1.2857142857142858,0.0
2,4234,6,False,0,2025-02-22,1,0.0,0.12,0.16,5,22,0,1,0,1.2857142857142858,0.0
2,4288,6,False,0,2025-02-22,1,0.0,0.13,0.22,5,22,0,1,0,1.2857142857142858,0.0
2,4376,6,False,0,2025-02-22,1,0.0,0.08,0.09,5,22,0,1,0,1.2857142857142858,0.0
2,4386,6,False,0,2025-02-22,1,0.0,0.09,0.12,5,22,0,1,0,1.1428571428571428,0.0
2,4390,6,False,0,2025-02-22,4,0.0,0.13,0.2,5,22,0,1,0,1.0,0.0
2,4468,6,False,0,2025-02-22,0,0.0,0.34,0.43,5,22,0,1,0,1.4285714285714286,0.0
2,4892,6,False,0,2025-02-22,0,0.0,0.2,0.23,5,22,0,1,0,1.2857142857142858,0.0
2,4899,6,False,0,2025-02-22,2,0.0,0.06,0.1,5,22,0,1,0,1.1428571428571428,0.0
2,4917,6,False,0,2025-02-22,9,0.0,0.15,0.22,5,22,0,1,0,1.2857142857142858,0.0
2,188,7,False,0,2025-02-22,2,0.0,0.03,0.04,5,22,0,1,0,2.4285714285714284,0.0
2,348,7,False,0,2025-02-22,4,0.0,0.02,0.03,5,22,0,1,0,2.5714285714285716,0.0
2,392,7,False,0,2025-02-22,6,0.0,0.01,0.01,5,22,0,1,0,3.0,0.0
2,503,7,False,0,2025-02-22,31,0.0,0.01,0.01,5,22,0,1,0,3.2857142857142856,0.0
2,680,7,False,0,2025-02-22,20,0.0,0.01,0.01,5,22,0,1,0,7.714285714285714,0.0
2,743,7,False,0,2025-02-22,4,0.0,0.02,0.04,5,22,0,1,0,10.571428571428571,0.0
2,840,7,False,0,2025-02-22,4,0.0,0.02,0.03,5,22,0,1,0,10.857142857142858,0.0
2,966,7,False,0,2025-02-22,2,0.0,0.03,0.04,5,22,0,1,0,10.142857142857142,0.0
2,1084,7,False,0,2025-02-22,1,0.0,0.01,0.01,5,22,0,1,0,10.142857142857142,0.0
2,1108,7,False,0,2025-02-22,4,0.0,0.05,0.08,5,22,0,1,0,9.714285714285714,0.0
2,1128,7,False,0,2025-02-22,5,0.0,0.02,0.02,5,22,0,1,0,9.428571428571429,0.0
2,1253,7,False,0,2025-02-22,2,0.0,0.01,0.02,5,22,0,1,0,5.714285714285714,0.0
2,1445,7,False,0,2025-02-22,4,0.0,0.04,0.05,5,22,0,1,0,3.142857142857143,0.0
2,1488,7,False,0,2025-02-22,1,0.0,0.01,0.01,5,22,0,1,0,3.142857142857143,0.0
2,1556,7,False,0,2025-02-22,4,0.0,0.02,0.03,5,22,0,1,0,2.7142857142857144,0.0
2,1591,7,False,0,2025-02-22,1,0.0,0.05,0.08,5,22,0,1,0,3.0,0.0
2,1677,7,False,0,2025-02-22,1,0.0,0.02,0.03,5,22,0,1,0,3.0,0.0
2,1697,7,False,0,2025-02-22,6,0.0,0.05,0.08,5,22,0,1,0,2.5714285714285716,0.0
2,1895,7,False,0,2025-02-22,0,0.0,0.02,0.02,5,22,0,1,0,2.7142857142857144,0.0
2,1905,7,False,0,2025-02-22,3,0.0,0.02,0.02,5,22,0,1,0,2.4285714285714284,0.0
2,1981,7,False,0,2025-02-22,2,0.0,0.01,0.01,5,22,0,1,0,2.2857142857142856,0.0
2,2105,7,False,0,2025-02-22,2,0.0,0.02,0.03,5,22,0,1,0,2.4285714285714284,0.0
2,2182,7,False,0,2025-02-22,3,0.0,0.2,0.22,5,22,0,1,0,2.142857142857143,0.0
2,2202,7,False,0,2025-02-22,6,0.0,0.11,0.14,5,22,0,1,0,2.4285714285714284,0.0
2,2232,7,False,0,2025-02-22,5,0.0,0.04,0.08,5,22,0,1,0,3.142857142857143,0.0
2,2340,7,False,0,2025-02-22,4,0.0,0.02,0.02,5,22,0,1,0,3.0,0.0
2,2380,7,False,0,2025-02-22,5,1.0,0.03,0.05,5,22,0,1,0,3.5714285714285716,0.0
2,2439,7,False,0,2025-02-22,3,1.0,0.03,0.04,5,22,0,1,0,3.857142857142857,0.0
2,2645,7,False,0,2025-02-22,4,0.0,0.03,0.04,5,22,0,1,0,4.0,0.0
2,2792,7,False,0,2025-02-22,2,0.0,0.02,0.04,5,22,0,1,0,4.285714285714286,0.0
2,2989,7,False,0,2025-02-22,0,0.0,0.0,0.0,5,22,0,1,0,4.142857142857143,0.0
2,3025,7,False,0,2025-02-22,6,0.0,0.01,0.01,5,22,0,1,0,3.2857142857142856,0.0
2,3078,7,False,0,2025-02-22,1,0.0,0.07,0.1,5,22,0,1,0,3.4285714285714284,0.0
2,3111,7,False,0,2025-02-22,1,0.0,0.03,0.04,5,22,0,1,0,3.0,0.0
2,3125,7,False,0,2025-02-22,1,1.0,0.02,0.03,5,22,0,1,0,2.4285714285714284,0.0
2,4069,7,False,0,2025-02-22,3,0.0,0.02,0.02,5,22,0,1,0,2.142857142857143,0.0
2,4233,7,False,0,2025-02-22,3,0.0,0.06,0.09,5,22,0,1,0,2.0,0.0
2,4424,7,False,0,2025-02-22,2,0.0,0.02,0.05,5,22,0,1,0,2.142857142857143,0.0
2,4454,7,False,0,2025-02-22,1,1.0,0.01,0.02,5,22,0,1,0,2.4285714285714284,0.0
2,4484,7,False,0,2025-02-22,19,0.0,0.02,0.05,5,22,0,1,0,1.7142857142857142,0.0
2,4599,7,False,0,2025-02-22,4,0.0,0.01,0.02,5,22,0,1,0,4.285714285714286,0.0
2,4624,7,False,0,2025-02-22,0,0.0,0.03,0.05,5,22,0,1,0,4.714285714285714,0.0
2,4763,7,False,0,2025-02-22,0,0.0,0.01,0.02,5,22,0,1,0,4.571428571428571,0.0
2,4788,7,False,0,2025-02-22,2,0.0,0.02,0.04,5,22,0,1,0,4.142857142857143,0.0
2,4841,7,False,0,2025-02-22,3,0.0,0.01,0.02,5,22,0,1,0,4.0,0.0
2,4910,7,False,0,2025-02-22,5,0.0,0.2,0.11,5,22,0,1,0,4.142857142857143,0.0
2,5031,7,False,0,2025-02-22,2,0.0,0.3,0.46,5,22,0,1,0,4.714285714285714,0.0
2,5141,7,False,0,2025-02-22,4,0.0,0.02,0.03,5,22,0,1,0,2.2857142857142856,0.0
2,55,8,False,0,2025-02-22,18,0.0,0.04,0.08,5,22,0,1,0,2.2857142857142856,0.0
2,494,8,False,0,2025-02-22,14,0.0,0.01,0.03,5,22,0,1,0,4.857142857142857,0.0
2,566,8,False,0,2025-02-22,42,1.0,0.01,0.01,5,22,0,1,0,6.857142857142857,0.0
2,658,8,False,0,2025-02-22,2,0.0,0.1,0.16,5,22,0,1,0,12.571428571428571,0.0
2,675,8,False,0,2025-02-22,1,0.0,0.01,0.02,5,22,0,1,0,12.428571428571429,0.0
2,790,8,False,0,2025-02-22,3,0.0,0.01,0.02,5,22,0,1,0,11.857142857142858,0.0
2,868,8,False,0,2025-02-22,3,0.0,0.14,0.2,5,22,0,1,0,12.0,0.0
2,870,8,False,0,2025-02-22,5,0.0,0.01,0.02,5,22,0,1,0,11.857142857142858,0.0
2,1004,8,False,0,2025-02-22,5,0.0,0.02,0.06,5,22,0,1,0,10.0,0.0
2,1076,8,False,0,2025-02-22,5,0.0,0.01,0.02,5,22,0,1,0,8.714285714285714,0.0
2,1116,8,False,0,2025-02-22,11,0.0,0.02,0.02,5,22,0,1,0,3.4285714285714284,0.0
2,1134,8,False,0,2025-02-22,12,1.0,0.0,0.01,5,22,0,1,0,4.714285714285714,0.0
2,1229,8,False,0,2025-02-22,0,0.0,0.01,0.02,5,22,0,1,0,6.285714285714286,0.0
2,1285,8,False,0,2025-02-22,5,0.0,0.03,0.05,5,22,0,1,0,5.857142857142857,0.0
2,1541,8,False,0,2025-02-22,8,0.0,0.02,0.04,5,22,0,1,0,6.142857142857143,0.0
2,1748,8,False,0,2025-02-22,7,0.0,0.03,0.04,5,22,0,1,0,6.571428571428571,0.0
2,1819,8,False,0,2025-02-22,16,0.0,0.01,0.02,5,22,0,1,0,6.857142857142857,0.0
2,1923,8,False,0,2025-02-22,1,0.0,0.01,0.02,5,22,0,1,0,8.428571428571429,0.0
2,1930,8,False,0,2025-02-22,1,2.0,0.03,0.05,5,22,0,1,0,7.0,0.0
2,2029,8,False,0,2025-02-22,2,0.0,0.04,0.07,5,22,0,1,0,5.428571428571429,0.0
2,2288,8,False,0,2025-02-22,9,0.0,0.01,0.02,5,22,0,1,0,5.714285714285714,0.0
2,3028,8,False,0,2025-02-22,3,0.0,0.01,0.02,5,22,0,1,0,6.285714285714286,0.0
2,3180,8,False,0,2025-02-22,5,0.0,0.01,0.03,5,22,0,1,0,5.571428571428571,0.0
2,3450,8,False,0,2025-02-22,10,0.0,0.02,0.04,5,22,0,1,0,5.285714285714286,0.0
2,3476,8,False,0,2025-02-22,4,0.0,0.07,0.1,5,22,0,1,0,4.428571428571429,0.0
2,3574,8,False,0,2025-02-22,7,0.0,0.02,0.03,5,22,0,1,0,4.857142857142857,0.0
2,3592,8,False,0,2025-02-22,5,0.0,0.02,0.04,5,22,0,1,0,5.714285714285714,0.0
2,3750,8,False,0,2025-02-22,16,0.0,0.01,0.02,5,22,0,1,0,6.142857142857143,0.0
2,3770,8,False,0,2025-02-22,7,0.0,0.01,0.02,5,22,0,1,0,7.142857142857143,0.0
2,3963,8,False,0,2025-02-22,5,0.0,0.01,0.01,5,22,0,1,0,7.714285714285714,0.0
2,4115,8,False,0,2025-02-22,4,1.0,0.02,0.04,5,22,0,1,0,7.714285714285714,0.0
2,4538,8,False,0,2025-02-22,10,1.0,0.02,0.03,5,22,0,1,0,6.857142857142857,0.0
2,4609,8,False,0,2025-02-22,4,0.0,0.05,0.08,5,22,0,1,0,7.714285714285714,0.0
2,4666,8,False,0,2025-02-22,16,0.0,0.01,0.02,5,22,0,1,0,7.285714285714286,0.0
2,4668,8,False,0,2025-02-22,4,0.0,0.01,0.02,5,22,0,1,0,8.857142857142858,0.0
2,4676,8,False,0,2025-02-22,25,0.0,0.01,0.01,5,22,0,1,0,7.142857142857143,0.0
2,4751,8,False,0,2025-02-22,1,0.0,0.02,0.02,5,22,0,1,0,9.714285714285714,0.0
2,4807,8,False,0,2025-02-22,10,0.0,0.01,0.01,5,22,0,1,0,9.142857142857142,0.0
2,4862,8,False,0,2025-02-22,3,0.0,0.18,0.27,5,22,0,1,0,10.0,0.0
2,5001,8,False,0,2025-02-22,5,0.0,0.01,0.03,5,22,0,1,0,9.0,0.0
2,5203,8,False,0,2025-02-22,12,0.0,0.01,0.03,5,22,0,1,0,9.142857142857142,0.0
2,3,9,True,0,2025-02-22,3,0.0,0.02,0.04,5,22,0,1,0,8.571428571428571,0.0
2,29,9,True,0,2025-02-22,1,0.0,0.05,0.09,5,22,0,1,0,8.428571428571429,0.0
2,67,9,True,0,2025-02-22,3,0.0,0.01,0.04,5,22,0,1,0,5.0,0.0
2,68,9,True,0,2025-02-22,15,0.0,0.02,0.08,5,22,0,1,0,5.285714285714286,0.0
2,75,9,True,0,2025-02-22,8,1.0,0.03,0.05,5,22,0,1,0,6.0,0.0
2,162,9,True,0,2025-02-22,11,1.0,0.03,0.1,5,22,0,1,0,6.714285714285714,0.0
2,176,9,True,0,2025-02-22,2,0.0,0.02,0.03,5,22,0,1,0,7.571428571428571,0.0
2,266,9,True,0,2025-02-22,8,0.0,0.03,0.1,5,22,0,1,0,6.142857142857143,0.0
2,322,9,True,0,2025-02-22,4,0.0,0.05,0.09,5,22,0,1,0,6.857142857142857,0.0
2,335,9,True,0,2025-02-22,9,0.0,0.02,0.07,5,22,0,1,0,7.285714285714286,0.0
2,342,9,True,0,2025-02-22,1,2.0,0.02,0.1,5,22,0,1,0,8.142857142857142,0.0
2,379,9,True,0,2025-02-22,5,0.0,0.06,0.07,5,22,0,1,0,6.142857142857143,0.0
2,426,9,True,0,2025-02-22,2,0.0,0.05,0.12,5,22,0,1,0,5.714285714285714,0.0
2,469,9,True,0,2025-02-22,8,0.0,0.02,0.02,5,22,0,1,0,4.428571428571429,0.0
2,487,9,True,0,2025-02-22,2,0.0,0.03,0.09,5,22,0,1,0,5.285714285714286,0.0
2,500,9,True,0,2025-02-22,12,0.0,0.01,0.04,5,22,0,1,0,4.428571428571429,0.0
2,520,9,True,0,2025-02-22,3,0.0,0.04,0.12,5,22,0,1,0,5.571428571428571,0.0
2,546,9,True,0,2025-02-22,8,1.0,0.02,0.05,5,22,0,1,0,4.714285714285714,0.0
2,562,9,True,0,2025-02-22,6,1.0,0.03,0.05,5,22,0,1,0,5.714285714285714,0.0
2,589,9,True,0,2025-02-22,3,0.0,0.03,0.1,5,22,0,1,0,5.857142857142857,0.0
2,591,9,True,0,2025-02-22,6,0.0,0.04,0.11,5,22,0,1,0,6.0,0.0
2,654,9,True,0,2025-02-22,3,0.0,0.03,0.09,5,22,0,1,0,5.714285714285714,0.0
2,673,9,True,0,2025-02-22,0,0.0,0.02,0.05,5,22,0,1,0,5.857142857142857,0.0
2,687,9,True,0,2025-02-22,1,0.0,0.04,0.11,5,22,0,1,0,4.142857142857143,0.0
2,698,9,True,0,2025-02-22,10,0.0,0.04,0.12,5,22,0,1,0,3.857142857142857,0.0
2,708,9,True,0,2025-02-22,5,0.0,0.04,0.1,5,22,0,1,0,4.142857142857143,0.0
2,715,9,True,0,2025-02-22,2,0.0,0.02,0.04,5,22,0,1,0,4.0,0.0
2,738,9,True,0,2025-02-22,1,0.0,0.03,0.13,5,22,0,1,0,3.857142857142857,0.0
2,856,9,True,0,2025-02-22,7,0.0,0.01,0.02,5,22,0,1,0,3.142857142857143,0.0
2,884,9,True,0,2025-02-22,3,0.0,0.05,0.12,5,22,0,1,0,3.7142857142857144,0.0
2,893,9,True,0,2025-02-22,12,0.0,0.02,0.05,5,22,0,1,0,4.142857142857143,0.0
2,908,9,True,0,2025-02-22,2,0.0,0.05,0.09,5,22,0,1,0,5.714285714285714,0.0
2,920,9,True,0,2025-02-22,4,2.0,0.04,0.04,5,22,0,1,0,4.571428571428571,0.0
2,942,9,True,0,2025-02-22,3,0.0,0.01,0.05,5,22,0,1,0,4.428571428571429,0.0
2,955,9,True,0,2025-02-22,4,0.0,0.06,0.13,5,22,0,1,0,4.571428571428571,0.0
2,957,9,True,0,2025-02-22,4,0.0,0.05,0.15,5,22,0,1,0,5.0,0.0
2,977,9,True,0,2025-02-22,2,0.0,0.1,0.15,5,22,0,1,0,4.571428571428571,0.0
2,1016,9,True,0,2025-02-22,7,0.0,0.02,0.07,5,22,0,1,0,4.428571428571429,0.0
2,1039,9,True,0,2025-02-22,3,0.0,0.01,0.04,5,22,0,1,0,3.7142857142857144,0.0
2,1050,9,True,0,2025-02-22,6,0.0,0.07,0.12,5,22,0,1,0,3.857142857142857,0.0
2,1075,9,True,0,2025-02-22,20,0.0,0.03,0.05,5,22,0,1,0,4.142857142857143,0.0
2,1081,9,True,0,2025-02-22,2,0.0,0.02,0.05,5,22,0,1,0,6.571428571428571,0.0
2,1157,9,True,0,2025-02-22,3,0.0,0.04,0.15,5,22,0,1,0,6.285714285714286,0.0
2,1168,9,True,0,2025-02-22,2,0.0,0.09,0.16,5,22,0,1,0,6.142857142857143,0.0
2,1241,9,True,0,2025-02-22,6,0.0,0.05,0.1,5,22,0,1,0,6.142857142857143,0.0
2,1243,9,True,0,2025-02-22,17,0.0,0.04,0.15,5,22,0,1,0,6.0,0.0
2,1281,9,True,0,2025-02-22,3,0.0,0.02,0.03,5,22,0,1,0,8.0,0.0
2,1334,9,True,0,2025-02-22,12,0.0,0.02,0.04,5,22,0,1,0,7.571428571428571,0.0
2,1364,9,True,0,2025-02-22,5,1.0,0.03,0.15,5,22,0,1,0,6.428571428571429,0.0
2,1453,9,True,0,2025-02-22,13,1.0,0.04,0.07,5,22,0,1,0,6.857142857142857,0.0
2,1504,9,True,0,2025-02-22,1,0.0,0.1,0.19,5,22,0,1,0,8.285714285714286,0.0
2,1615,9,True,0,2025-02-22,10,0.0,0.02,0.04,5,22,0,1,0,8.142857142857142,0.0
2,1699,9,True,0,2025-02-22,5,0.0,0.04,0.08,5,22,0,1,0,8.714285714285714,0.0
2,1701,9,True,0,2025-02-22,2,0.0,0.03,0.05,5,22,0,1,0,7.0,0.0
2,1713,9,True,0,2025-02-22,5,0.0,0.01,0.02,5,22,0,1,0,6.857142857142857,0.0
2,1728,9,True,0,2025-02-22,2,0.0,0.02,0.05,5,22,0,1,0,5.857142857142857,0.0
2,1774,9,True,0,2025-02-22,2,0.0,0.04,0.05,5,22,0,1,0,5.428571428571429,0.0
2,1872,9,True,0,2025-02-22,2,0.0,0.04,0.09,5,22,0,1,0,3.857142857142857,0.0
2,1885,9,True,0,2025-02-22,15,0.0,0.01,0.02,5,22,0,1,0,4.0,0.0
2,1890,9,True,0,2025-02-22,0,0.0,0.02,0.06,5,22,0,1,0,4.714285714285714,0.0
2,2007,9,True,0,2025-02-22,13,0.0,0.02,0.09,5,22,0,1,0,4.0,0.0
2,2009,9,True,0,2025-02-22,6,0.0,0.01,0.04,5,22,0,1,0,5.571428571428571,0.0
2,2067,9,True,0,2025-02-22,8,0.0,0.04,0.1,5,22,0,1,0,5.714285714285714,0.0
2,2068,9,True,0,2025-02-22,2,0.0,0.02,0.05,5,22,0,1,0,6.571428571428571,0.0
2,2073,9,True,0,2025-02-22,12,0.0,0.01,0.03,5,22,0,1,0,6.571428571428571,0.0
2,2076,9,True,0,2025-02-22,7,0.0,0.04,0.07,5,22,0,1,0,8.0,0.0
2,2121,9,True,0,2025-02-22,1,0.0,0.02,0.09,5,22,0,1,0,6.857142857142857,0.0
2,2138,9,True,0,2025-02-22,15,0.0,0.05,0.09,5,22,0,1,0,7.0,0.0
2,2184,9,True,0,2025-02-22,7,0.0,0.02,0.12,5,22,0,1,0,7.285714285714286,0.0
2,2220,9,True,0,2025-02-22,1,0.0,0.01,0.04,5,22,0,1,0,7.428571428571429,0.0
2,2225,9,True,0,2025-02-22,5,4.0,0.03,0.12,5,22,0,1,0,6.428571428571429,0.0
2,2299,9,True,0,2025-02-22,0,0.0,0.02,0.05,5,22,0,1,0,6.857142857142857,0.0
2,2353,9,True,0,2025-02-22,1,0.0,0.01,0.01,5,22,0,1,0,5.142857142857143,0.0
2,2356,9,True,0,2025-02-22,0,0.0,0.01,0.02,5,22,0,1,0,4.285714285714286,0.0
2,2388,9,True,0,2025-02-22,10,0.0,0.03,0.07,5,22,0,1,0,4.142857142857143,0.0
2,2409,9,True,0,2025-02-22,4,0.0,0.05,0.09,5,22,0,1,0,3.4285714285714284,0.0
2,2427,9,True,0,2025-02-22,4,0.0,0.01,0.03,5,22,0,1,0,3.0,0.0
2,2449,9,True,0,2025-02-22,11,1.0,0.05,0.06,5,22,0,1,0,3.4285714285714284,0.0
2,2493,9,True,0,2025-02-22,11,0.0,0.02,0.05,5,22,0,1,0,4.285714285714286,0.0
2,2540,9,True,0,2025-02-22,2,2.0,0.05,0.15,5,22,0,1,0,5.857142857142857,0.0
2,2552,9,True,0,2025-02-22,8,0.0,0.04,0.1,5,22,0,1,0,6.0,0.0
2,2597,9,True,0,2025-02-22,3,0.0,0.01,0.03,5,22,0,1,0,7.142857142857143,0.0
2,2608,9,True,0,2025-02-22,6,0.0,0.04,0.1,5,22,0,1,0,6.142857142857143,0.0
2,2629,9,True,0,2025-02-22,2,0.0,0.02,0.09,5,22,0,1,0,6.428571428571429,0.0
2,2633,9,True,0,2025-02-22,5,0.0,0.01,0.01,5,22,0,1,0,6.142857142857143,0.0
2,2684,9,True,0,2025-02-22,8,0.0,0.04,0.03,5,22,0,1,0,5.285714285714286,0.0
2,2694,9,True,0,2025-02-22,12,0.0,0.04,0.09,5,22,0,1,0,4.857142857142857,0.0
2,2724,9,True,0,2025-02-22,17,0.0,0.01,0.03,5,22,0,1,0,6.285714285714286,0.0
2,2791,9,True,0,2025-02-22,0,0.0,0.1,0.16,5,22,0,1,0,7.571428571428571,0.0
2,2796,9,True,0,2025-02-22,2,0.0,0.03,0.09,5,22,0,1,0,7.142857142857143,0.0
2,2828,9,True,0,2025-02-22,4,0.0,0.02,0.05,5,22,0,1,0,6.571428571428571,0.0
2,2868,9,True,0,2025-02-22,15,0.0,0.03,0.04,5,22,0,1,0,6.857142857142857,0.0
2,2869,9,True,0,2025-02-22,5,0.0,0.05,0.1,5,22,0,1,0,8.285714285714286,0.0
2,2877,9,True,0,2025-02-22,3,0.0,0.1,0.16,5,22,0,1,0,7.857142857142857,0.0
2,2895,9,True,0,2025-02-22,8,0.0,0.06,0.08,5,22,0,1,0,6.571428571428571,0.0
2,2896,9,True,0,2025-02-22,4,0.0,0.04,0.1,5,22,0,1,0,5.285714285714286,0.0
2,2921,9,True,0,2025-02-22,4,0.0,0.07,0.19,5,22,0,1,0,5.857142857142857,0.0
2,2937,9,True,0,2025-02-22,2,0.0,0.03,0.11,5,22,0,1,0,6.142857142857143,0.0
2,2945,9,True,0,2025-02-22,4,0.0,0.06,0.09,5,22,0,1,0,5.857142857142857,0.0
2,2967,9,True,0,2025-02-22,6,0.0,0.13,0.08,5,22,0,1,0,4.285714285714286,0.0
2,2986,9,True,0,2025-02-22,8,1.0,0.03,0.05,5,22,0,1,0,4.428571428571429,0.0
2,2998,9,True,0,2025-02-22,3,0.0,0.01,0.06,5,22,0,1,0,5.142857142857143,0.0
2,3036,9,True,0,2025-02-22,2,0.0,0.03,0.05,5,22,0,1,0,4.428571428571429,0.0
2,3059,9,True,0,2025-02-22,1,0.0,0.06,0.1,5,22,0,1,0,4.142857142857143,0.0
2,3160,9,True,0,2025-02-22,9,0.0,0.01,0.02,5,22,0,1,0,3.7142857142857144,0.0
2,3191,9,True,0,2025-02-22,9,0.0,0.06,0.13,5,22,0,1,0,4.714285714285714,0.0
2,3291,9,True,0,2025-02-22,6,0.0,0.05,0.09,5,22,0,1,0,5.428571428571429,0.0
2,3332,9,True,0,2025-02-22,4,1.0,0.02,0.12,5,22,0,1,0,5.428571428571429,0.0
2,3367,9,True,0,2025-02-22,4,0.0,0.06,0.18,5,22,0,1,0,4.857142857142857,0.0
2,3405,9,True,0,2025-02-22,9,1.0,0.01,0.05,5,22,0,1,0,5.0,0.0
2,3412,9,True,0,2025-02-22,36,0.0,0.01,0.02,5,22,0,1,0,6.0,0.0
2,3477,9,True,0,2025-02-22,6,0.0,0.03,0.05,5,22,0,1,0,11.0,0.0
2,3491,9,True,0,2025-02-22,5,0.0,0.03,0.1,5,22,0,1,0,10.571428571428571,0.0
2,3503,9,True,0,2025-02-22,12,1.0,0.01,0.04,5,22,0,1,0,10.0,0.0
2,3505,9,True,0,2025-02-22,8,0.0,0.04,0.12,5,22,0,1,0,10.857142857142858,0.0
2,3531,9,True,0,2025-02-22,5,0.0,0.02,0.07,5,22,0,1,0,11.428571428571429,0.0
2,3584,9,True,0,2025-02-22,4,0.0,0.02,0.09,5,22,0,1,0,11.571428571428571,0.0
2,3699,9,True,0,2025-02-22,4,0.0,0.01,0.03,5,22,0,1,0,10.857142857142858,0.0
2,3702,9,True,0,2025-02-22,0,0.0,0.02,0.02,5,22,0,1,0,6.285714285714286,0.0
2,3794,9,True,0,2025-02-22,2,0.0,0.03,0.07,5,22,0,1,0,5.428571428571429,0.0
2,3836,9,True,0,2025-02-22,9,0.0,0.05,0.07,5,22,0,1,0,5.0,0.0
2,3872,9,True,0,2025-02-22,12,0.0,0.04,0.07,5,22,0,1,0,4.571428571428571,0.0
2,3884,9,True,0,2025-02-22,6,0.0,0.01,0.03,5,22,0,1,0,5.142857142857143,0.0
2,3962,9,True,0,2025-02-22,3,0.0,0.05,0.19,5,22,0,1,0,5.285714285714286,0.0
2,3998,9,True,0,2025-02-22,6,0.0,0.04,0.1,5,22,0,1,0,5.142857142857143,0.0
2,4008,9,True,0,2025-02-22,3,0.0,0.04,0.29,5,22,0,1,0,5.428571428571429,0.0
2,4056,9,True,0,2025-02-22,4,0.0,0.02,0.06,5,22,0,1,0,5.857142857142857,0.0
2,4075,9,True,0,2025-02-22,7,0.0,0.06,0.16,5,22,0,1,0,6.142857142857143,0.0
2,4083,9,True,0,2025-02-22,6,0.0,0.09,0.15,5,22,0,1,0,5.857142857142857,0.0
2,4232,9,True,0,2025-02-22,11,1.0,0.13,0.2,5,22,0,1,0,5.0,0.0
2,4259,9,True,0,2025-02-22,4,0.0,0.26,0.44,5,22,0,1,0,5.714285714285714,0.0
2,4262,9,True,0,2025-02-22,11,0.0,0.02,0.06,5,22,0,1,0,5.857142857142857,0.0
2,4279,9,True,0,2025-02-22,2,0.0,0.05,0.15,5,22,0,1,0,6.571428571428571,0.0
2,4296,9,True,0,2025-02-22,2,0.0,0.04,0.09,5,22,0,1,0,6.428571428571429,0.0
2,4332,9,True,0,2025-02-22,8,0.0,0.04,0.14,5,22,0,1,0,6.142857142857143,0.0
2,4353,9,True,0,2025-02-22,13,0.0,0.01,0.06,5,22,0,1,0,6.285714285714286,0.0
2,4363,9,True,0,2025-02-22,3,0.0,0.05,0.13,5,22,0,1,0,7.285714285714286,0.0
2,4393,9,True,0,2025-02-22,0,0.0,0.09,0.17,5,22,0,1,0,6.142857142857143,0.0
2,4406,9,True,0,2025-02-22,4,0.0,0.02,0.06,5,22,0,1,0,5.571428571428571,0.0
2,4459,9,True,0,2025-02-22,19,0.0,0.02,0.05,5,22,0,1,0,4.571428571428571,0.0
2,4477,9,True,0,2025-02-22,7,0.0,0.03,0.05,5,22,0,1,0,7.0,0.0
2,4532,9,True,0,2025-02-22,5,0.0,0.02,0.04,5,22,0,1,0,7.714285714285714,0.0
2,4574,9,True,0,2025-02-22,3,0.0,0.01,0.07,5,22,0,1,0,7.285714285714286,0.0
2,4623,9,True,0,2025-02-22,8,0.0,0.03,0.08,5,22,0,1,0,5.857142857142857,0.0
2,4677,9,True,0,2025-02-22,8,1.0,0.12,0.23,5,22,0,1,0,6.571428571428571,0.0
2,4695,9,True,0,2025-02-22,10,0.0,0.04,0.12,5,22,0,1,0,7.714285714285714,0.0
2,4709,9,True,0,2025-02-22,7,0.0,0.08,0.12,5,22,0,1,0,8.571428571428571,0.0
2,4728,9,True,0,2025-02-22,9,1.0,0.02,0.03,5,22,0,1,0,6.857142857142857,0.0
2,4737,9,True,0,2025-02-22,0,0.0,0.01,0.03,5,22,0,1,0,7.142857142857143,0.0
2,4775,9,True,0,2025-02-22,4,0.0,0.04,0.1,5,22,0,1,0,6.428571428571429,0.0
2,4784,9,True,0,2025-02-22,3,0.0,0.01,0.05,5,22,0,1,0,6.571428571428571,0.0
2,4858,9,True,0,2025-02-22,5,0.0,0.15,0.29,5,22,0,1,0,5.857142857142857,0.0
2,4863,9,True,0,2025-02-22,5,1.0,0.02,0.05,5,22,0,1,0,5.428571428571429,0.0
2,4927,9,True,0,2025-02-22,2,0.0,0.06,0.03,5,22,0,1,0,4.714285714285714,0.0
2,4974,9,True,0,2025-02-22,2,0.0,0.02,0.07,5,22,0,1,0,4.0,0.0
2,5011,9,True,0,2025-02-22,12,0.0,0.06,0.12,5,22,0,1,0,3.0,0.0
2,5012,9,True,0,2025-02-22,6,0.0,0.01,0.04,5,22,0,1,0,4.714285714285714,0.0
2,5070,9,True,0,2025-02-22,13,0.0,0.05,0.12,5,22,0,1,0,5.0,0.0
2,5226,9,True,0,2025-02-22,6,1.0,0.05,0.1,5,22,0,1,0,6.428571428571429,0.0
2,5242,9,True,0,2025-02-22,5,0.0,0.04,0.2,5,22,0,1,0,6.571428571428571,0.0
2,15,10,False,0,2025-02-22,12,0.0,0.03,0.13,5,22,0,1,0,6.571428571428571,0.0
2,149,10,False,0,2025-02-22,15,0.0,0.02,0.05,5,22,0,1,0,8.0,0.0
2,2636,10,False,0,2025-02-22,12,0.0,0.09,0.21,5,22,0,1,0,9.857142857142858,0.0
2,3122,10,False,0,2025-02-22,11,0.0,0.01,0.04,5,22,0,1,0,9.857142857142858,0.0
2,3904,10,False,0,2025-02-22,1,0.0,0.03,0.04,5,22,0,1,0,10.571428571428571,0.0
2,4959,10,False,0,2025-02-22,22,0.0,0.01,0.02,5,22,0,1,0,8.857142857142858,0.0
2,518,11,False,0,2025-02-22,2,0.0,0.16,0.15,5,22,0,1,0,11.142857142857142,0.0
2,810,11,False,0,2025-02-22,0,0.0,0.1,0.12,5,22,0,1,0,10.714285714285714,0.0
2,926,11,False,0,2025-02-22,3,0.0,0.14,0.18,5,22,0,1,0,9.0,0.0
2,1341,11,False,0,2025-02-22,10,0.0,0.16,0.18,5,22,0,1,0,7.285714285714286,0.0
2,1346,11,False,0,2025-02-22,0,0.0,0.07,0.07,5,22,0,1,0,7.0,0.0
2,1797,11,False,0,2025-02-22,2,0.0,0.07,0.11,5,22,0,1,0,5.428571428571429,0.0
2,1879,11,False,0,2025-02-22,3,0.0,0.1,0.12,5,22,0,1,0,5.571428571428571,0.0
2,3084,11,False,0,2025-02-22,6,0.0,0.12,0.15,5,22,0,1,0,2.857142857142857,0.0
2,3414,11,False,0,2025-02-22,0,0.0,0.1,0.12,5,22,0,1,0,3.4285714285714284,0.0
2,3602,11,False,0,2025-02-22,2,0.0,0.12,0.15,5,22,0,1,0,3.4285714285714284,0.0
2,3829,11,False,0,2025-02-22,6,0.0,0.1,0.15,5,22,0,1,0,3.2857142857142856,0.0
2,3961,11,False,0,2025-02-22,3,3.0,0.09,0.11,5,22,0,1,0,2.7142857142857144,0.0
2,4171,11,False,0,2025-02-22,4,0.0,0.14,0.21,5,22,0,1,0,3.142857142857143,0.0
2,4182,11,False,0,2025-02-22,2,0.0,0.07,0.07,5,22,0,1,0,3.4285714285714284,0.0
2,4322,11,False,0,2025-02-22,0,0.0,0.1,0.12,5,22,0,1,0,3.2857142857142856,0.0
2,4930,11,False,0,2025-02-22,3,0.0,0.09,0.12,5,22,0,1,0,2.4285714285714284,0.0
2,27,1,False,0,2025-02-27,3,1.0,0.07,0.08,3,27,0,0,1,2.857142857142857,0.0
2,982,1,False,0,2025-02-27,5,0.0,0.2,0.24,3,27,0,0,1,3.0,0.0
2,1030,1,False,0,2025-02-27,6,0.0,0.29,0.37,3,27,0,0,1,2.857142857142857,0.0
2,1304,1,False,0,2025-02-27,2,1.0,0.04,0.06,3,27,0,0,1,3.2857142857142856,0.0
2,1590,1,False,0,2025-02-27,3,0.0,0.06,0.09,3,27,0,0,1,3.0,0.0
2,1752,1,False,0,2025-02-27,6,0.0,0.16,0.22,3,27,0,0,1,3.142857142857143,0.0
2,1840,1,False,0,2025-02-27,4,0.0,0.13,0.17,3,27,0,0,1,4.0,0.0
2,1853,1,False,0,2025-02-27,0,0.0,0.18,0.21,3,27,0,0,1,4.142857142857143,0.0
2,1874,1,False,0,2025-02-27,6,0.0,0.03,0.03,3,27,0,0,1,3.7142857142857144,0.0
2,2850,1,False,0,2025-02-27,4,0.0,0.18,0.22,3,27,0,0,1,3.857142857142857,0.0
2,3058,1,False,0,2025-02-27,6,0.0,0.16,0.19,3,27,0,0,1,3.5714285714285716,0.0
2,3120,1,False,0,2025-02-27,6,0.0,0.16,0.18,3,27,0,0,1,4.142857142857143,0.0
2,3621,1,False,0,2025-02-27,2,0.0,0.03,0.04,3,27,0,0,1,4.571428571428571,0.0
2,3625,1,False,0,2025-02-27,4,0.0,0.16,0.19,3,27,0,0,1,4.0,0.0
2,4088,1,False,0,2025-02-27,1,1.0,0.33,0.38,3,27,0,0,1,4.0,0.0
2,4089,1,False,0,2025-02-27,3,0.0,0.16,0.23,3,27,0,0,1,4.142857142857143,0.0
2,4206,1,False,0,2025-02-27,4,0.0,0.5,0.61,3,27,0,0,1,3.7142857142857144,0.0
2,4693,1,False,0,2025-02-27,3,0.0,0.09,0.11,3,27,0,0,1,3.7142857142857144,0.0
2,5035,1,False,0,2025-02-27,2,0.0,0.13,0.15,3,27,0,0,1,3.2857142857142856,0.0
2,9,3,True,0,2025-02-27,1,0.0,0.11,0.15,3,27,0,0,1,2.7142857142857144,0.0
2,42,3,True,0,2025-02-27,1,0.0,0.05,0.06,3,27,0,0,1,2.5714285714285716,0.0
2,54,3,True,0,2025-02-27,1,0.0,0.18,0.21,3,27,0,0,1,2.142857142857143,0.0
2,63,3,True,0,2025-02-27,4,0.0,0.14,0.17,3,27,0,0,1,2.142857142857143,0.0
2,71,3,True,0,2025-02-27,4,0.0,0.03,0.03,3,27,0,0,1,2.2857142857142856,0.0
2,73,3,True,0,2025-02-27,3,0.0,0.15,0.19,3,27,0,0,1,2.2857142857142856,0.0
2,118,3,True,0,2025-02-27,2,0.0,0.05,0.08,3,27,0,0,1,2.2857142857142856,0.0
2,151,3,True,0,2025-02-27,0,0.0,0.21,0.29,3,27,0,0,1,2.2857142857142856,0.0
2,154,3,True,0,2025-02-27,2,0.0,0.18,0.22,3,27,0,0,1,2.142857142857143,0.0
2,156,3,True,0,2025-02-27,2,0.0,0.04,0.05,3,27,0,0,1,2.2857142857142856,0.0
2,224,3,True,0,2025-02-27,1,0.0,0.06,0.08,3,27,0,0,1,2.4285714285714284,0.0
2,230,3,True,0,2025-02-27,2,0.0,0.03,0.04,3,27,0,0,1,2.0,0.0
2,258,3,True,0,2025-02-27,2,0.0,0.03,0.04,3,27,0,0,1,1.7142857142857142,0.0
2,304,3,True,0,2025-02-27,2,0.0,0.1,0.12,3,27,0,0,1,1.5714285714285714,0.0
2,307,3,True,0,2025-02-27,3,0.0,0.16,0.21,3,27,0,0,1,1.5714285714285714,0.0
2,319,3,True,0,2025-02-27,1,0.0,0.35,0.42,3,27,0,0,1,2.0,0.0
2,323,3,True,0,2025-02-27,1,0.0,0.28,0.33,3,27,0,0,1,1.8571428571428572,0.0
2,347,3,True,0,2025-02-27,2,0.0,0.06,0.07,3,27,0,0,1,1.7142857142857142,0.0
2,377,3,True,0,2025-02-27,4,0.0,0.12,0.17,3,27,0,0,1,1.8571428571428572,0.0
2,384,3,True,0,2025-02-27,0,0.0,0.04,0.06,3,27,0,0,1,2.142857142857143,0.0
2,396,3,True,0,2025-02-27,3,0.0,0.22,0.25,3,27,0,0,1,1.8571428571428572,0.0
2,400,3,True,0,2025-02-27,0,1.0,0.19,0.22,3,27,0,0,1,2.0,0.0
2,409,3,True,0,2025-02-27,1,0.0,0.1,0.11,3,27,0,0,1,1.5714285714285714,0.0
2,414,3,True,0,2025-02-27,1,0.0,0.08,0.09,3,27,0,0,1,1.5714285714285714,0.0
2,424,3,True,0,2025-02-27,4,0.0,0.09,0.12,3,27,0,0,1,1.5714285714285714,0.0
2,430,3,True,0,2025-02-27,1,0.0,0.13,0.22,3,27,0,0,1,1.8571428571428572,0.0
2,452,3,True,0,2025-02-27,2,0.0,0.07,0.09,3,27,0,0,1,1.4285714285714286,0.0
2,514,3,True,0,2025-02-27,0,4.0,0.16,0.18,3,27,0,0,1,1.7142857142857142,0.0
2,541,3,True,0,2025-02-27,4,0.0,0.07,0.1,3,27,0,0,1,1.2857142857142858,0.0
2,550,3,True,0,2025-02-27,0,0.0,0.13,0.18,3,27,0,0,1,1.8571428571428572,0.0
2,570,3,True,0,2025-02-27,2,0.0,0.15,0.18,3,27,0,0,1,1.7142857142857142,0.0
2,571,3,True,0,2025-02-27,2,0.0,0.11,0.15,3,27,0,0,1,1.8571428571428572,0.0
2,604,3,True,0,2025-02-27,1,0.0,0.3,0.37,3,27,0,0,1,1.5714285714285714,0.0
2,618,3,True,0,2025-02-27,2,0.0,0.13,0.16,3,27,0,0,1,1.5714285714285714,0.0
2,630,3,True,0,2025-02-27,0,0.0,0.06,0.07,3,27,0,0,1,1.5714285714285714,0.0
2,642,3,True,0,2025-02-27,1,0.0,0.07,0.11,3,27,0,0,1,1.5714285714285714,0.0
2,643,3,True,0,2025-02-27,1,0.0,0.06,0.07,3,27,0,0,1,1.1428571428571428,0.0
2,664,3,True,0,2025-02-27,1,0.0,0.14,0.19,3,27,0,0,1,1.2857142857142858,0.0
2,674,3,True,0,2025-02-27,1,0.0,0.15,0.18,3,27,0,0,1,1.1428571428571428,0.0
2,679,3,True,0,2025-02-27,1,0.0,0.06,0.07,3,27,0,0,1,1.0,0.0
2,713,3,True,0,2025-02-27,3,0.0,0.06,0.07,3,27,0,0,1,1.0,0.0
2,725,3,True,0,2025-02-27,2,0.0,0.18,0.23,3,27,0,0,1,1.1428571428571428,0.0
2,766,3,True,0,2025-02-27,5,0.0,0.06,0.09,3,27,0,0,1,1.4285714285714286,0.0
2,767,3,True,0,2025-02-27,2,0.0,0.17,0.22,3,27,0,0,1,2.0,0.0
2,775,3,True,0,2025-02-27,2,0.0,0.12,0.15,3,27,0,0,1,2.142857142857143,0.0
2,800,3,True,0,2025-02-27,3,0.0,0.26,0.37,3,27,0,0,1,2.2857142857142856,0.0
2,804,3,True,0,2025-02-27,5,0.0,0.1,0.14,3,27,0,0,1,2.5714285714285716,0.0
2,806,3,True,0,2025-02-27,1,0.0,0.08,0.1,3,27,0,0,1,3.142857142857143,0.0
2,807,3,True,0,2025-02-27,5,0.0,0.13,0.16,3,27,0,0,1,2.857142857142857,0.0
2,808,3,True,0,2025-02-27,1,0.0,0.06,0.07,3,27,0,0,1,3.2857142857142856,0.0
2,832,3,True,0,2025-02-27,1,0.0,0.12,0.16,3,27,0,0,1,2.7142857142857144,0.0
2,836,3,True,0,2025-02-27,2,0.0,0.07,0.09,3,27,0,0,1,2.5714285714285716,0.0
2,841,3,True,0,2025-02-27,4,0.0,0.13,0.17,3,27,0,0,1,2.5714285714285716,0.0
2,847,3,True,0,2025-02-27,2,0.0,0.08,0.11,3,27,0,0,1,2.7142857142857144,0.0
2,850,3,True,0,2025-02-27,2,0.0,0.49,0.61,3,27,0,0,1,2.2857142857142856,0.0
2,874,3,True,0,2025-02-27,2,0.0,0.03,0.04,3,27,0,0,1,2.4285714285714284,0.0
2,897,3,True,0,2025-02-27,7,0.0,0.05,0.05,3,27,0,0,1,2.0,0.0
2,903,3,True,0,2025-02-27,3,0.0,0.05,0.08,3,27,0,0,1,2.857142857142857,0.0
2,905,3,True,0,2025-02-27,1,0.0,0.11,0.16,3,27,0,0,1,3.142857142857143,0.0
2,921,3,True,0,2025-02-27,3,0.0,0.09,0.12,3,27,0,0,1,3.0,0.0
2,922,3,True,0,2025-02-27,3,0.0,0.07,0.09,3,27,0,0,1,2.857142857142857,0.0
2,937,3,True,0,2025-02-27,0,0.0,0.03,0.05,3,27,0,0,1,3.0,0.0
2,940,3,True,0,2025-02-27,4,0.0,0.2,0.25,3,27,0,0,1,2.7142857142857144,0.0
2,965,3,True,0,2025-02-27,1,0.0,0.36,0.43,3,27,0,0,1,3.0,0.0
2,971,3,True,0,2025-02-27,4,0.0,0.08,0.1,3,27,0,0,1,2.142857142857143,0.0
2,978,3,True,0,2025-02-27,1,0.0,0.11,0.13,3,27,0,0,1,2.2857142857142856,0.0
2,983,3,True,0,2025-02-27,3,0.0,0.11,0.13,3,27,0,0,1,2.2857142857142856,0.0
2,1005,3,True,0,2025-02-27,6,1.0,0.07,0.09,3,27,0,0,1,2.2857142857142856,0.0
2,1006,3,True,0,2025-02-27,0,0.0,0.03,0.04,3,27,0,0,1,2.7142857142857144,0.0
2,1022,3,True,0,2025-02-27,1,0.0,0.09,0.12,3,27,0,0,1,2.7142857142857144,0.0
2,1046,3,True,0,2025-02-27,3,0.0,0.06,0.1,3,27,0,0,1,2.2857142857142856,0.0
2,1074,3,True,0,2025-02-27,1,0.0,0.11,0.1,3,27,0,0,1,2.5714285714285716,0.0
2,1080,3,True,0,2025-02-27,2,0.0,0.15,0.2,3,27,0,0,1,2.142857142857143,0.0
2,1089,3,True,0,2025-02-27,1,1.0,0.11,0.14,3,27,0,0,1,2.2857142857142856,0.0
2,1094,3,True,0,2025-02-27,0,0.0,0.18,0.2,3,27,0,0,1,2.0,0.0
2,1106,3,True,0,2025-02-27,5,0.0,0.08,0.11,3,27,0,0,1,1.1428571428571428,0.0
2,1141,3,True,0,2025-02-27,1,0.0,0.09,0.13,3,27,0,0,1,1.8571428571428572,0.0
2,1142,3,True,0,2025-02-27,3,0.0,0.28,0.34,3,27,0,0,1,1.8571428571428572,0.0
2,1150,3,True,0,2025-02-27,3,0.0,0.04,0.05,3,27,0,0,1,1.8571428571428572,0.0
2,1153,3,True,0,2025-02-27,0,0.0,0.07,0.09,3,27,0,0,1,2.142857142857143,0.0
2,1173,3,True,0,2025-02-27,2,0.0,0.05,0.07,3,27,0,0,1,1.8571428571428572,0.0
2,1208,3,True,0,2025-02-27,4,0.0,0.1,0.12,3,27,0,0,1,2.0,0.0
2,1246,3,True,0,2025-02-27,0,1.0,0.04,0.08,3,27,0,0,1,2.5714285714285716,0.0
2,1254,3,True,0,2025-02-27,2,0.0,0.23,0.29,3,27,0,0,1,1.8571428571428572,0.0
2,1280,3,True,0,2025-02-27,1,0.0,0.14,0.16,3,27,0,0,1,2.0,0.0
2,1315,3,True,0,2025-02-27,3,0.0,0.14,0.2,3,27,0,0,1,1.7142857142857142,0.0
2,1322,3,True,0,2025-02-27,2,0.0,0.25,0.28,3,27,0,0,1,1.7142857142857142,0.0
2,1337,3,True,0,2025-02-27,2,0.0,0.04,0.06,3,27,0,0,1,2.0,0.0
2,1348,3,True,0,2025-02-27,3,0.0,0.14,0.19,3,27,0,0,1,2.0,0.0
2,1353,3,True,0,2025-02-27,1,0.0,0.12,0.16,3,27,0,0,1,1.8571428571428572,0.0
2,1387,3,True,0,2025-02-27,0,0.0,0.04,0.05,3,27,0,0,1,2.0,0.0
2,1413,3,True,0,2025-02-27,1,0.0,0.51,0.57,3,27,0,0,1,1.7142857142857142,0.0
2,1446,3,True,0,2025-02-27,9,0.0,0.01,0.01,3,27,0,0,1,1.7142857142857142,0.0
2,1450,3,True,0,2025-02-27,3,0.0,0.05,0.06,3,27,0,0,1,2.5714285714285716,0.0
2,1458,3,True,0,2025-02-27,3,0.0,0.05,0.06,3,27,0,0,1,2.7142857142857144,0.0
2,1460,3,True,0,2025-02-27,3,0.0,0.05,0.06,3,27,0,0,1,2.857142857142857,0.0
2,1486,3,True,0,2025-02-27,4,0.0,0.07,0.09,3,27,0,0,1,2.857142857142857,0.0
2,1514,3,True,0,2025-02-27,1,0.0,0.19,0.2,3,27,0,0,1,3.2857142857142856,0.0
2,1518,3,True,0,2025-02-27,1,0.0,0.17,0.2,3,27,0,0,1,3.4285714285714284,0.0
2,1520,3,True,0,2025-02-27,2,0.0,0.05,0.06,3,27,0,0,1,3.4285714285714284,0.0
2,1577,3,True,0,2025-02-27,2,0.0,0.07,0.09,3,27,0,0,1,2.4285714285714284,0.0
2,1604,3,True,0,2025-02-27,1,0.0,0.36,0.41,3,27,0,0,1,2.2857142857142856,0.0
2,1651,3,True,0,2025-02-27,1,0.0,0.22,0.27,3,27,0,0,1,2.0,0.0
2,1660,3,True,0,2025-02-27,1,0.0,0.1,0.12,3,27,0,0,1,1.7142857142857142,0.0
2,1667,3,True,0,2025-02-27,1,0.0,0.07,0.08,3,27,0,0,1,1.2857142857142858,0.0
2,1689,3,True,0,2025-02-27,3,0.0,0.05,0.06,3,27,0,0,1,1.2857142857142858,0.0
2,1691,3,True,0,2025-02-27,2,0.0,0.03,0.05,3,27,0,0,1,1.5714285714285714,0.0
2,1717,3,True,0,2025-02-27,1,0.0,0.27,0.32,3,27,0,0,1,1.5714285714285714,0.0
2,1736,3,True,0,2025-02-27,0,1.0,0.06,0.09,3,27,0,0,1,1.4285714285714286,0.0
2,1781,3,True,0,2025-02-27,1,0.0,0.04,0.04,3,27,0,0,1,1.2857142857142858,0.0
2,1791,3,True,0,2025-02-27,1,0.0,0.3,0.44,3,27,0,0,1,1.2857142857142858,0.0
2,1798,3,True,0,2025-02-27,2,0.0,0.22,0.28,3,27,0,0,1,1.2857142857142858,0.0
2,1800,3,True,0,2025-02-27,0,0.0,0.24,0.31,3,27,0,0,1,1.4285714285714286,0.0
2,1803,3,True,0,2025-02-27,2,0.0,0.07,0.15,3,27,0,0,1,1.0,0.0
2,1804,3,True,0,2025-02-27,3,0.0,0.09,0.11,3,27,0,0,1,1.0,0.0
2,1843,3,True,0,2025-02-27,1,0.0,0.04,0.06,3,27,0,0,1,1.2857142857142858,0.0
2,1852,3,True,0,2025-02-27,3,0.0,0.05,0.06,3,27,0,0,1,1.4285714285714286,0.0
2,1871,3,True,0,2025-02-27,2,0.0,0.17,0.2,3,27,0,0,1,1.7142857142857142,0.0
2,1876,3,True,0,2025-02-27,3,0.0,0.07,0.1,3,27,0,0,1,1.8571428571428572,0.0
2,1881,3,True,0,2025-02-27,2,0.0,0.18,0.24,3,27,0,0,1,2.0,0.0
2,1903,3,True,0,2025-02-27,1,0.0,0.05,0.07,3,27,0,0,1,2.2857142857142856,0.0
2,1908,3,True,0,2025-02-27,2,0.0,0.03,0.06,3,27,0,0,1,2.142857142857143,0.0
2,1918,3,True,0,2025-02-27,1,0.0,0.03,0.04,3,27,0,0,1,2.0,0.0
2,1932,3,True,0,2025-02-27,0,0.0,0.1,0.14,3,27,0,0,1,2.0,0.0
2,1936,3,True,0,2025-02-27,0,0.0,0.43,0.46,3,27,0,0,1,1.5714285714285714,0.0
2,1947,3,True,0,2025-02-27,15,0.0,0.09,0.13,3,27,0,0,1,1.2857142857142858,0.0
2,1962,3,True,0,2025-02-27,1,0.0,0.06,0.09,3,27,0,0,1,3.0,0.0
2,1965,3,True,0,2025-02-27,5,0.0,0.24,0.27,3,27,0,0,1,2.857142857142857,0.0
2,1992,3,True,0,2025-02-27,2,0.0,0.08,0.11,3,27,0,0,1,3.4285714285714284,0.0
2,1994,3,True,0,2025-02-27,0,0.0,0.03,0.03,3,27,0,0,1,3.4285714285714284,0.0
2,2017,3,True,0,2025-02-27,3,0.0,0.11,0.15,3,27,0,0,1,3.2857142857142856,0.0
2,2019,3,True,0,2025-02-27,1,0.0,0.15,0.17,3,27,0,0,1,3.7142857142857144,0.0
2,2041,3,True,0,2025-02-27,0,0.0,0.06,0.08,3,27,0,0,1,3.857142857142857,0.0
2,2043,3,True,0,2025-02-27,3,1.0,0.06,0.09,3,27,0,0,1,1.7142857142857142,0.0
2,2047,3,True,0,2025-02-27,1,0.0,0.12,0.14,3,27,0,0,1,2.0,0.0
2,2055,3,True,0,2025-02-27,2,0.0,0.1,0.11,3,27,0,0,1,1.4285714285714286,0.0
2,2084,3,True,0,2025-02-27,3,0.0,0.05,0.05,3,27,0,0,1,1.4285714285714286,0.0
2,2111,3,True,0,2025-02-27,3,0.0,0.29,0.36,3,27,0,0,1,1.8571428571428572,0.0
2,2114,3,True,0,2025-02-27,1,0.0,0.06,0.08,3,27,0,0,1,1.8571428571428572,0.0
2,2115,3,True,0,2025-02-27,6,0.0,0.49,0.47,3,27,0,0,1,1.8571428571428572,0.0
2,2117,3,True,0,2025-02-27,2,0.0,0.14,0.17,3,27,0,0,1,2.7142857142857144,0.0
2,2136,3,True,0,2025-02-27,2,0.0,0.27,0.31,3,27,0,0,1,2.5714285714285716,0.0
2,2146,3,True,0,2025-02-27,3,0.0,0.2,0.26,3,27,0,0,1,2.7142857142857144,0.0
2,2173,3,True,0,2025-02-27,4,0.0,0.03,0.04,3,27,0,0,1,2.857142857142857,0.0
2,2186,3,True,0,2025-02-27,1,0.0,0.25,0.27,3,27,0,0,1,3.0,0.0
2,2192,3,True,0,2025-02-27,0,0.0,0.07,0.1,3,27,0,0,1,2.7142857142857144,0.0
2,2201,3,True,0,2025-02-27,1,0.0,0.12,0.15,3,27,0,0,1,2.5714285714285716,0.0
2,2203,3,True,0,2025-02-27,1,0.0,0.15,0.2,3,27,0,0,1,1.8571428571428572,0.0
2,2206,3,True,0,2025-02-27,21,0.0,0.02,0.03,3,27,0,0,1,1.7142857142857142,0.0
2,2228,3,True,0,2025-02-27,0,0.0,0.16,0.21,3,27,0,0,1,4.428571428571429,0.0
2,2245,3,True,0,2025-02-27,1,0.0,0.2,0.22,3,27,0,0,1,4.0,0.0
2,2249,3,True,0,2025-02-27,2,0.0,0.06,0.07,3,27,0,0,1,3.5714285714285716,0.0
2,2265,3,True,0,2025-02-27,1,0.0,0.03,0.04,3,27,0,0,1,3.7142857142857144,0.0
2,2268,3,True,0,2025-02-27,2,0.0,0.14,0.2,3,27,0,0,1,3.857142857142857,0.0
2,2282,3,True,0,2025-02-27,1,0.0,0.08,0.11,3,27,0,0,1,4.0,0.0
2,2289,3,True,0,2025-02-27,3,0.0,0.08,0.1,3,27,0,0,1,4.0,0.0
2,2300,3,True,0,2025-02-27,0,0.0,0.23,0.28,3,27,0,0,1,1.4285714285714286,0.0
2,2314,3,True,0,2025-02-27,1,0.0,0.06,0.08,3,27,0,0,1,1.4285714285714286,0.0
2,2316,3,True,0,2025-02-27,1,0.0,0.08,0.09,3,27,0,0,1,1.4285714285714286,0.0
2,2347,3,True,0,2025-02-27,3,0.0,0.16,0.2,3,27,0,0,1,1.2857142857142858,0.0
2,2350,3,True,0,2025-02-27,1,0.0,0.04,0.05,3,27,0,0,1,1.5714285714285714,0.0
2,2385,3,True,0,2025-02-27,7,0.0,0.02,0.03,3,27,0,0,1,1.4285714285714286,0.0
2,2387,3,True,0,2025-02-27,0,0.0,0.1,0.16,3,27,0,0,1,2.2857142857142856,0.0
2,2394,3,True,0,2025-02-27,1,0.0,0.12,0.16,3,27,0,0,1,1.8571428571428572,0.0
2,2402,3,True,0,2025-02-27,2,0.0,0.07,0.1,3,27,0,0,1,2.0,0.0
2,2406,3,True,0,2025-02-27,2,0.0,0.29,0.43,3,27,0,0,1,2.142857142857143,0.0
2,2411,3,True,0,2025-02-27,2,1.0,0.16,0.21,3,27,0,0,1,2.2857142857142856,0.0
2,2422,3,True,0,2025-02-27,1,0.0,0.28,0.31,3,27,0,0,1,2.142857142857143,0.0
2,2426,3,True,0,2025-02-27,0,0.0,0.15,0.16,3,27,0,0,1,2.142857142857143,0.0
2,2472,3,True,0,2025-02-27,1,0.0,0.09,0.12,3,27,0,0,1,1.1428571428571428,0.0
2,2496,3,True,0,2025-02-27,2,0.0,0.22,0.32,3,27,0,0,1,1.2857142857142858,0.0
2,2501,3,True,0,2025-02-27,1,0.0,0.09,0.11,3,27,0,0,1,1.4285714285714286,0.0
2,2505,3,True,0,2025-02-27,3,0.0,0.09,0.11,3,27,0,0,1,1.2857142857142858,0.0
2,2521,3,True,0,2025-02-27,1,0.0,0.43,0.51,3,27,0,0,1,1.4285714285714286,0.0
2,2524,3,True,0,2025-02-27,1,0.0,0.29,0.37,3,27,0,0,1,1.2857142857142858,0.0
2,2532,3,True,0,2025-02-27,1,0.0,0.12,0.11,3,27,0,0,1,1.2857142857142858,0.0
2,2533,3,True,0,2025-02-27,2,0.0,0.34,0.36,3,27,0,0,1,1.4285714285714286,0.0
2,2555,3,True,0,2025-02-27,1,3.0,0.03,0.04,3,27,0,0,1,1.5714285714285714,0.0
2,2572,3,True,0,2025-02-27,0,0.0,0.34,0.45,3,27,0,0,1,1.4285714285714286,0.0
2,2573,3,True,0,2025-02-27,2,0.0,0.23,0.31,3,27,0,0,1,1.2857142857142858,0.0
2,2575,3,True,0,2025-02-27,3,0.0,0.02,0.03,3,27,0,0,1,1.1428571428571428,0.0
2,2578,3,True,0,2025-02-27,3,0.0,0.04,0.06,3,27,0,0,1,1.4285714285714286,0.0
2,2593,3,True,0,2025-02-27,3,0.0,0.01,0.02,3,27,0,0,1,1.7142857142857142,0.0
2,2594,3,True,0,2025-02-27,1,0.0,0.24,0.27,3,27,0,0,1,2.0,0.0
2,2596,3,True,0,2025-02-27,0,0.0,0.22,0.19,3,27,0,0,1,1.8571428571428572,0.0
2,2626,3,True,0,2025-02-27,1,0.0,0.25,0.37,3,27,0,0,1,1.7142857142857142,0.0
2,2637,3,True,0,2025-02-27,2,0.0,0.15,0.18,3,27,0,0,1,1.8571428571428572,0.0
2,2650,3,True,0,2025-02-27,1,0.0,0.07,0.09,3,27,0,0,1,1.8571428571428572,0.0
2,2663,3,True,0,2025-02-27,1,0.0,0.54,0.64,3,27,0,0,1,1.5714285714285714,0.0
2,2664,3,True,0,2025-02-27,3,0.0,0.19,0.24,3,27,0,0,1,1.2857142857142858,0.0
2,2668,3,True,0,2025-02-27,5,0.0,0.22,0.28,3,27,0,0,1,1.2857142857142858,0.0
2,2710,3,True,0,2025-02-27,2,0.0,0.06,0.09,3,27,0,0,1,1.8571428571428572,0.0
2,2715,3,True,0,2025-02-27,0,0.0,0.04,0.05,3,27,0,0,1,2.142857142857143,0.0
2,2741,3,True,0,2025-02-27,2,0.0,0.17,0.2,3,27,0,0,1,2.0,0.0
2,2746,3,True,0,2025-02-27,2,0.0,0.15,0.2,3,27,0,0,1,2.0,0.0
2,2768,3,True,0,2025-02-27,3,0.0,0.08,0.12,3,27,0,0,1,2.142857142857143,0.0
2,2814,3,True,0,2025-02-27,1,0.0,0.1,0.14,3,27,0,0,1,2.4285714285714284,0.0
2,2826,3,True,0,2025-02-27,2,0.0,0.06,0.1,3,27,0,0,1,2.142857142857143,0.0
2,2827,3,True,0,2025-02-27,1,0.0,0.34,0.37,3,27,0,0,1,1.7142857142857142,0.0
2,2861,3,True,0,2025-02-27,1,0.0,0.09,0.11,3,27,0,0,1,1.5714285714285714,0.0
2,2862,3,True,0,2025-02-27,0,1.0,0.32,0.39,3,27,0,0,1,1.7142857142857142,0.0
2,2864,3,True,0,2025-02-27,19,0.0,0.06,0.07,3,27,0,0,1,1.4285714285714286,0.0
2,2866,3,True,0,2025-02-27,2,0.0,0.25,0.29,3,27,0,0,1,3.857142857142857,0.0
2,2902,3,True,0,2025-02-27,3,0.0,0.04,0.05,3,27,0,0,1,3.7142857142857144,0.0
2,2910,3,True,0,2025-02-27,0,0.0,0.25,0.32,3,27,0,0,1,4.0,0.0
2,2911,3,True,0,2025-02-27,2,0.0,0.27,0.36,3,27,0,0,1,3.7142857142857144,0.0
2,2951,3,True,0,2025-02-27,3,0.0,0.07,0.09,3,27,0,0,1,3.857142857142857,0.0
2,2954,3,True,0,2025-02-27,5,0.0,0.05,0.07,3,27,0,0,1,4.142857142857143,0.0
2,2958,3,True,0,2025-02-27,0,0.0,0.04,0.05,3,27,0,0,1,4.857142857142857,0.0
2,2974,3,True,0,2025-02-27,4,0.0,0.12,0.15,3,27,0,0,1,2.142857142857143,0.0
2,2975,3,True,0,2025-02-27,2,0.0,0.14,0.14,3,27,0,0,1,2.4285714285714284,0.0
2,2980,3,True,0,2025-02-27,3,0.0,0.06,0.07,3,27,0,0,1,2.2857142857142856,0.0
2,3022,3,True,0,2025-02-27,3,0.0,0.2,0.23,3,27,0,0,1,2.7142857142857144,0.0
2,3052,3,True,0,2025-02-27,1,0.0,0.16,0.22,3,27,0,0,1,2.857142857142857,0.0
2,3061,3,True,0,2025-02-27,3,0.0,0.03,0.05,3,27,0,0,1,2.5714285714285716,0.0
2,3069,3,True,0,2025-02-27,2,0.0,0.14,0.18,3,27,0,0,1,2.2857142857142856,0.0
2,3074,3,True,0,2025-02-27,0,0.0,0.12,0.16,3,27,0,0,1,2.5714285714285716,0.0
2,3077,3,True,0,2025-02-27,3,0.0,0.44,0.68,3,27,0,0,1,2.0,0.0
2,3079,3,True,0,2025-02-27,1,0.0,0.1,0.11,3,27,0,0,1,2.142857142857143,0.0
2,3083,3,True,0,2025-02-27,2,0.0,0.06,0.08,3,27,0,0,1,1.8571428571428572,0.0
2,3104,3,True,0,2025-02-27,5,0.0,0.24,0.24,3,27,0,0,1,1.7142857142857142,0.0
2,3116,3,True,0,2025-02-27,3,0.0,0.09,0.13,3,27,0,0,1,2.2857142857142856,0.0
2,3117,3,True,0,2025-02-27,2,0.0,0.05,0.06,3,27,0,0,1,2.2857142857142856,0.0
2,3119,3,True,0,2025-02-27,2,0.0,0.09,0.12,3,27,0,0,1,2.2857142857142856,0.0
2,3165,3,True,0,2025-02-27,1,0.0,0.07,0.1,3,27,0,0,1,2.5714285714285716,0.0
2,3208,3,True,0,2025-02-27,1,1.0,0.07,0.12,3,27,0,0,1,2.2857142857142856,0.0
2,3212,3,True,0,2025-02-27,0,0.0,0.08,0.1,3,27,0,0,1,2.2857142857142856,0.0
2,3219,3,True,0,2025-02-27,4,0.0,0.08,0.11,3,27,0,0,1,2.0,0.0
2,3234,3,True,0,2025-02-27,5,0.0,0.13,0.17,3,27,0,0,1,1.8571428571428572,0.0
2,3242,3,True,0,2025-02-27,2,0.0,0.05,0.07,3,27,0,0,1,2.142857142857143,0.0
2,3263,3,True,0,2025-02-27,1,0.0,0.3,0.39,3,27,0,0,1,2.142857142857143,0.0
2,3266,3,True,0,2025-02-27,3,0.0,0.08,0.12,3,27,0,0,1,2.0,0.0
2,3276,3,True,0,2025-02-27,4,0.0,0.1,0.12,3,27,0,0,1,2.2857142857142856,0.0
2,3286,3,True,0,2025-02-27,2,0.0,0.22,0.29,3,27,0,0,1,2.7142857142857144,0.0
2,3347,3,True,0,2025-02-27,2,0.0,0.1,0.12,3,27,0,0,1,3.0,0.0
2,3358,3,True,0,2025-02-27,2,0.0,0.17,0.29,3,27,0,0,1,2.7142857142857144,0.0
2,3363,3,True,0,2025-02-27,1,0.0,0.18,0.22,3,27,0,0,1,2.2857142857142856,0.0
2,3369,3,True,0,2025-02-27,2,0.0,0.06,0.08,3,27,0,0,1,2.142857142857143,0.0
2,3393,3,True,0,2025-02-27,1,0.0,0.07,0.08,3,27,0,0,1,2.2857142857142856,0.0
2,3452,3,True,0,2025-02-27,2,0.0,0.14,0.13,3,27,0,0,1,2.0,0.0
2,3495,3,True,0,2025-02-27,4,0.0,0.08,0.12,3,27,0,0,1,1.7142857142857142,0.0
2,3502,3,True,0,2025-02-27,0,0.0,0.08,0.11,3,27,0,0,1,2.0,0.0
2,3523,3,True,0,2025-02-27,1,0.0,0.17,0.22,3,27,0,0,1,1.7142857142857142,0.0
2,3527,3,True,0,2025-02-27,3,0.0,0.15,0.19,3,27,0,0,1,1.5714285714285714,0.0
2,3538,3,True,0,2025-02-27,2,0.0,0.02,0.05,3,27,0,0,1,1.8571428571428572,0.0
2,3546,3,True,0,2025-02-27,0,1.0,0.12,0.16,3,27,0,0,1,1.8571428571428572,0.0
2,3549,3,True,0,2025-02-27,3,0.0,0.15,0.19,3,27,0,0,1,1.7142857142857142,0.0
2,3560,3,True,0,2025-02-27,2,0.0,0.2,0.24,3,27,0,0,1,1.8571428571428572,0.0
2,3589,3,True,0,2025-02-27,1,0.0,0.09,0.11,3,27,0,0,1,1.5714285714285714,0.0
2,3609,3,True,0,2025-02-27,2,0.0,0.04,0.05,3,27,0,0,1,1.7142857142857142,0.0
2,3641,3,True,0,2025-02-27,1,0.0,0.07,0.09,3,27,0,0,1,1.8571428571428572,0.0
2,3642,3,True,0,2025-02-27,1,0.0,0.42,0.44,3,27,0,0,1,1.5714285714285714,0.0
2,3653,3,True,0,2025-02-27,2,0.0,0.25,0.34,3,27,0,0,1,1.4285714285714286,0.0
2,3701,3,True,0,2025-02-27,3,0.0,0.23,0.26,3,27,0,0,1,1.7142857142857142,0.0
2,3708,3,True,0,2025-02-27,3,0.0,0.02,0.03,3,27,0,0,1,1.7142857142857142,0.0
2,3726,3,True,0,2025-02-27,0,0.0,0.1,0.13,3,27,0,0,1,1.8571428571428572,0.0
2,3746,3,True,0,2025-02-27,2,0.0,0.06,0.08,3,27,0,0,1,1.7142857142857142,0.0
2,3749,3,True,0,2025-02-27,2,0.0,0.08,0.11,3,27,0,0,1,1.7142857142857142,0.0
2,3769,3,True,0,2025-02-27,3,0.0,0.27,0.32,3,27,0,0,1,1.8571428571428572,0.0
2,3798,3,True,0,2025-02-27,1,0.0,0.04,0.05,3,27,0,0,1,2.142857142857143,0.0
2,3803,3,True,0,2025-02-27,1,0.0,0.14,0.17,3,27,0,0,1,2.0,0.0
2,3834,3,True,0,2025-02-27,2,0.0,0.04,0.06,3,27,0,0,1,1.7142857142857142,0.0
2,3839,3,True,0,2025-02-27,0,0.0,0.05,0.09,3,27,0,0,1,1.5714285714285714,0.0
2,3852,3,True,0,2025-02-27,1,0.0,0.24,0.31,3,27,0,0,1,1.5714285714285714,0.0
2,3864,3,True,0,2025-02-27,2,0.0,0.06,0.08,3,27,0,0,1,1.4285714285714286,0.0
2,3877,3,True,0,2025-02-27,20,0.0,0.01,0.02,3,27,0,0,1,1.4285714285714286,0.0
2,3891,3,True,0,2025-02-27,2,0.0,0.17,0.17,3,27,0,0,1,3.857142857142857,0.0
2,3893,3,True,0,2025-02-27,0,0.0,0.08,0.1,3,27,0,0,1,4.0,0.0
2,3909,3,True,0,2025-02-27,2,0.0,0.08,0.1,3,27,0,0,1,3.857142857142857,0.0
2,3911,3,True,0,2025-02-27,1,0.0,0.08,0.11,3,27,0,0,1,3.857142857142857,0.0
2,3915,3,True,0,2025-02-27,2,0.0,0.1,0.13,3,27,0,0,1,4.0,0.0
2,3922,3,True,0,2025-02-27,1,0.0,0.03,0.04,3,27,0,0,1,4.142857142857143,0.0
2,3934,3,True,0,2025-02-27,3,0.0,0.38,0.43,3,27,0,0,1,4.0,0.0
2,3951,3,True,0,2025-02-27,1,0.0,0.39,0.33,3,27,0,0,1,1.5714285714285714,0.0
2,3982,3,True,0,2025-02-27,2,0.0,0.17,0.19,3,27,0,0,1,1.4285714285714286,0.0
2,4002,3,True,0,2025-02-27,5,0.0,0.05,0.08,3,27,0,0,1,1.7142857142857142,0.0
2,4011,3,True,0,2025-02-27,1,0.0,0.07,0.11,3,27,0,0,1,2.142857142857143,0.0
2,4033,3,True,0,2025-02-27,1,0.0,0.11,0.14,3,27,0,0,1,2.142857142857143,0.0
2,4041,3,True,0,2025-02-27,3,0.0,0.04,0.05,3,27,0,0,1,2.0,0.0
2,4062,3,True,0,2025-02-27,2,0.0,0.12,0.19,3,27,0,0,1,2.2857142857142856,0.0
2,4097,3,True,0,2025-02-27,10,0.0,0.03,0.04,3,27,0,0,1,2.142857142857143,0.0
2,4119,3,True,0,2025-02-27,1,0.0,0.16,0.15,3,27,0,0,1,3.4285714285714284,0.0
2,4120,3,True,0,2025-02-27,5,0.0,0.16,0.17,3,27,0,0,1,3.2857142857142856,0.0
2,4167,3,True,0,2025-02-27,2,0.0,0.33,0.37,3,27,0,0,1,3.2857142857142856,0.0
2,4179,3,True,0,2025-02-27,0,0.0,0.12,0.17,3,27,0,0,1,3.4285714285714284,0.0
2,4191,3,True,0,2025-02-27,1,0.0,0.12,0.17,3,27,0,0,1,3.2857142857142856,0.0
2,4192,3,True,0,2025-02-27,2,0.0,0.18,0.19,3,27,0,0,1,3.0,0.0
2,4203,3,True,0,2025-02-27,1,0.0,0.04,0.06,3,27,0,0,1,3.0,0.0
2,4207,3,True,0,2025-02-27,2,0.0,0.11,0.14,3,27,0,0,1,1.7142857142857142,0.0
2,4210,3,True,0,2025-02-27,2,0.0,0.28,0.34,3,27,0,0,1,1.8571428571428572,0.0
2,4230,3,True,0,2025-02-27,2,0.0,0.13,0.16,3,27,0,0,1,1.4285714285714286,0.0
2,4239,3,True,0,2025-02-27,0,0.0,0.05,0.11,3,27,0,0,1,1.4285714285714286,0.0
2,4242,3,True,0,2025-02-27,2,0.0,0.32,0.39,3,27,0,0,1,1.4285714285714286,0.0
2,4246,3,True,0,2025-02-27,1,0.0,0.26,0.33,3,27,0,0,1,1.5714285714285714,0.0
2,4248,3,True,0,2025-02-27,1,0.0,0.24,0.33,3,27,0,0,1,1.4285714285714286,0.0
2,4260,3,True,0,2025-02-27,5,0.0,0.06,0.07,3,27,0,0,1,1.4285714285714286,0.0
2,4269,3,True,0,2025-02-27,0,1.0,0.08,0.1,3,27,0,0,1,1.8571428571428572,0.0
2,4277,3,True,0,2025-02-27,0,0.0,0.04,0.04,3,27,0,0,1,1.5714285714285714,0.0
2,4302,3,True,0,2025-02-27,1,0.0,0.57,0.64,3,27,0,0,1,1.2857142857142858,0.0
2,4315,3,True,0,2025-02-27,3,0.0,0.12,0.17,3,27,0,0,1,1.4285714285714286,0.0
2,4339,3,True,0,2025-02-27,3,0.0,0.23,0.32,3,27,0,0,1,1.5714285714285714,0.0
2,4357,3,True,0,2025-02-27,0,0.0,0.07,0.09,3,27,0,0,1,1.8571428571428572,0.0
2,4369,3,True,0,2025-02-27,1,0.0,0.38,0.53,3,27,0,0,1,1.7142857142857142,0.0
2,4381,3,True,0,2025-02-27,1,0.0,0.14,0.19,3,27,0,0,1,1.1428571428571428,0.0
2,4397,3,True,0,2025-02-27,2,0.0,0.09,0.16,3,27,0,0,1,1.2857142857142858,0.0
2,4409,3,True,0,2025-02-27,1,0.0,0.09,0.12,3,27,0,0,1,1.5714285714285714,0.0
2,4469,3,True,0,2025-02-27,2,0.0,0.26,0.32,3,27,0,0,1,1.5714285714285714,0.0
2,4475,3,True,0,2025-02-27,0,1.0,0.06,0.09,3,27,0,0,1,1.4285714285714286,0.0
2,4517,3,True,0,2025-02-27,4,0.0,0.29,0.29,3,27,0,0,1,1.0,0.0
2,4521,3,True,0,2025-02-27,4,0.0,0.22,0.29,3,27,0,0,1,1.5714285714285714,0.0
2,4524,3,True,0,2025-02-27,2,0.0,0.17,0.2,3,27,0,0,1,2.0,0.0
2,4527,3,True,0,2025-02-27,1,0.0,0.1,0.12,3,27,0,0,1,2.142857142857143,0.0
2,4540,3,True,0,2025-02-27,2,0.0,0.04,0.06,3,27,0,0,1,2.0,0.0
2,4546,3,True,0,2025-02-27,2,0.0,0.1,0.15,3,27,0,0,1,2.142857142857143,0.0
2,4563,3,True,0,2025-02-27,1,0.0,0.15,0.18,3,27,0,0,1,2.142857142857143,0.0
2,4572,3,True,0,2025-02-27,3,0.0,0.09,0.12,3,27,0,0,1,2.2857142857142856,0.0
2,4582,3,True,0,2025-02-27,2,0.0,0.4,0.49,3,27,0,0,1,2.142857142857143,0.0
2,4640,3,True,0,2025-02-27,2,0.0,0.25,0.33,3,27,0,0,1,1.8571428571428572,0.0
2,4675,3,True,0,2025-02-27,2,0.0,0.1,0.16,3,27,0,0,1,1.8571428571428572,0.0
2,4683,3,True,0,2025-02-27,3,0.0,0.03,0.05,3,27,0,0,1,2.0,0.0
2,4689,3,True,0,2025-02-27,0,0.0,0.11,0.12,3,27,0,0,1,2.142857142857143,0.0
2,4699,3,True,0,2025-02-27,3,0.0,0.07,0.1,3,27,0,0,1,1.8571428571428572,0.0
2,4704,3,True,0,2025-02-27,1,0.0,0.24,0.36,3,27,0,0,1,2.142857142857143,0.0
2,4725,3,True,0,2025-02-27,2,0.0,0.09,0.11,3,27,0,0,1,1.8571428571428572,0.0
2,4744,3,True,0,2025-02-27,9,4.0,0.04,0.04,3,27,0,0,1,1.8571428571428572,0.0
2,4757,3,True,0,2025-02-27,2,0.0,0.16,0.19,3,27,0,0,1,2.857142857142857,0.0
2,4765,3,True,0,2025-02-27,5,0.0,0.12,0.17,3,27,0,0,1,2.857142857142857,0.0
2,4769,3,True,0,2025-02-27,2,0.0,0.5,0.64,3,27,0,0,1,3.142857142857143,0.0
2,4782,3,True,0,2025-02-27,0,0.0,0.14,0.17,3,27,0,0,1,3.4285714285714284,0.0
2,4783,3,True,0,2025-02-27,2,0.0,0.27,0.37,3,27,0,0,1,3.0,0.0
2,4790,3,True,0,2025-02-27,2,0.0,0.09,0.11,3,27,0,0,1,3.142857142857143,0.0
2,4794,3,True,0,2025-02-27,1,0.0,0.06,0.08,3,27,0,0,1,3.142857142857143,0.0
2,4802,3,True,0,2025-02-27,4,0.0,0.16,0.17,3,27,0,0,1,2.0,0.0
2,4803,3,True,0,2025-02-27,0,0.0,0.66,0.62,3,27,0,0,1,2.2857142857142856,0.0
2,4816,3,True,0,2025-02-27,13,0.0,0.11,0.14,3,27,0,0,1,1.5714285714285714,0.0
2,4820,3,True,0,2025-02-27,3,0.0,0.06,0.07,3,27,0,0,1,3.142857142857143,0.0
2,4833,3,True,0,2025-02-27,1,0.0,0.22,0.28,3,27,0,0,1,3.5714285714285716,0.0
2,4848,3,True,0,2025-02-27,2,0.0,0.07,0.08,3,27,0,0,1,3.4285714285714284,0.0
2,4852,3,True,0,2025-02-27,1,0.0,0.2,0.21,3,27,0,0,1,3.4285714285714284,0.0
2,4859,3,True,0,2025-02-27,1,0.0,0.05,0.06,3,27,0,0,1,3.4285714285714284,0.0
2,4870,3,True,0,2025-02-27,1,0.0,0.1,0.13,3,27,0,0,1,3.0,0.0
2,4878,3,True,0,2025-02-27,2,0.0,0.1,0.13,3,27,0,0,1,3.142857142857143,0.0
2,4883,3,True,0,2025-02-27,1,0.0,0.12,0.13,3,27,0,0,1,1.5714285714285714,0.0
2,4885,3,True,0,2025-02-27,3,0.0,0.06,0.08,3,27,0,0,1,1.2857142857142858,0.0
2,4886,3,True,0,2025-02-27,1,0.0,0.16,0.23,3,27,0,0,1,1.5714285714285714,0.0
2,4888,3,True,0,2025-02-27,3,0.0,0.17,0.18,3,27,0,0,1,1.4285714285714286,0.0
2,4908,3,True,0,2025-02-27,2,0.0,0.16,0.19,3,27,0,0,1,1.7142857142857142,0.0
2,4934,3,True,0,2025-02-27,6,0.0,0.07,0.09,3,27,0,0,1,1.8571428571428572,0.0
2,4938,3,True,0,2025-02-27,1,0.0,0.54,0.59,3,27,0,0,1,2.5714285714285716,0.0
2,4948,3,True,0,2025-02-27,2,0.0,0.12,0.18,3,27,0,0,1,2.4285714285714284,0.0
2,4957,3,True,0,2025-02-27,0,0.0,0.11,0.13,3,27,0,0,1,2.5714285714285716,0.0
2,4971,3,True,0,2025-02-27,1,0.0,0.29,0.36,3,27,0,0,1,2.142857142857143,0.0
2,4976,3,True,0,2025-02-27,4,0.0,0.04,0.06,3,27,0,0,1,2.142857142857143,0.0
2,4981,3,True,0,2025-02-27,1,0.0,0.15,0.18,3,27,0,0,1,2.2857142857142856,0.0
2,4984,3,True,0,2025-02-27,1,0.0,0.06,0.08,3,27,0,0,1,2.142857142857143,0.0
2,4986,3,True,0,2025-02-27,1,0.0,0.05,0.06,3,27,0,0,1,1.4285714285714286,0.0
2,5004,3,True,0,2025-02-27,2,0.0,0.05,0.06,3,27,0,0,1,1.4285714285714286,0.0
2,5024,3,True,0,2025-02-27,1,0.0,0.1,0.12,3,27,0,0,1,1.4285714285714286,0.0
2,5074,3,True,0,2025-02-27,2,0.0,0.23,0.29,3,27,0,0,1,1.5714285714285714,0.0
2,5094,3,True,0,2025-02-27,3,0.0,0.05,0.08,3,27,0,0,1,1.7142857142857142,0.0
2,5095,3,True,0,2025-02-27,1,0.0,0.03,0.04,3,27,0,0,1,1.5714285714285714,0.0
2,5101,3,True,0,2025-02-27,3,0.0,0.01,0.02,3,27,0,0,1,1.5714285714285714,0.0
2,5105,3,True,0,2025-02-27,2,0.0,0.15,0.17,3,27,0,0,1,1.8571428571428572,0.0
2,5119,3,True,0,2025-02-27,0,0.0,0.06,0.09,3,27,0,0,1,2.0,0.0
2,5125,3,True,0,2025-02-27,6,0.0,0.06,0.07,3,27,0,0,1,1.7142857142857142,0.0
2,5139,3,True,0,2025-02-27,1,0.0,0.2,0.26,3,27,0,0,1,2.4285714285714284,0.0
2,5209,3,True,0,2025-02-27,2,0.0,0.35,0.43,3,27,0,0,1,2.2857142857142856,0.0
2,5221,3,True,0,2025-02-27,2,0.0,0.05,0.06,3,27,0,0,1,2.142857142857143,0.0
2,5261,3,True,0,2025-02-27,1,0.0,0.15,0.19,3,27,0,0,1,2.2857142857142856,0.0
2,5262,3,True,0,2025-02-27,2,0.0,0.04,0.06,3,27,0,0,1,2.0,0.0
2,5280,3,True,0,2025-02-27,1,0.0,0.09,0.12,3,27,0,0,1,2.0,0.0
2,5281,3,True,0,2025-02-27,1,0.0,0.27,0.28,3,27,0,0,1,2.142857142857143,0.0
2,2,4,False,0,2025-02-27,2,0.0,0.02,0.04,3,27,0,0,1,1.4285714285714286,0.0
2,17,4,False,0,2025-02-27,2,0.0,0.06,0.09,3,27,0,0,1,1.5714285714285714,0.0
2,26,4,False,0,2025-02-27,6,0.0,0.04,0.06,3,27,0,0,1,1.5714285714285714,0.0
2,38,4,False,0,2025-02-27,1,0.0,0.12,0.17,3,27,0,0,1,2.142857142857143,0.0
2,64,4,False,0,2025-02-27,3,0.0,0.01,0.02,3,27,0,0,1,2.142857142857143,0.0
2,88,4,False,0,2025-02-27,0,0.0,0.02,0.03,3,27,0,0,1,2.2857142857142856,0.0
2,99,4,False,0,2025-02-27,2,0.0,0.02,0.05,3,27,0,0,1,2.142857142857143,0.0
2,100,4,False,0,2025-02-27,2,0.0,0.04,0.05,3,27,0,0,1,2.2857142857142856,0.0
2,145,4,False,0,2025-02-27,3,0.0,0.06,0.1,3,27,0,0,1,2.2857142857142856,0.0
2,168,4,False,0,2025-02-27,3,0.0,0.04,0.06,3,27,0,0,1,2.4285714285714284,0.0
2,175,4,False,0,2025-02-27,1,0.0,0.03,0.06,3,27,0,0,1,2.0,0.0
2,178,4,False,0,2025-02-27,0,0.0,0.0,0.0,3,27,0,0,1,2.0,0.0
2,182,4,False,0,2025-02-27,1,0.0,0.03,0.05,3,27,0,0,1,1.5714285714285714,0.0
2,185,4,False,0,2025-02-27,3,0.0,0.02,0.03,3,27,0,0,1,1.7142857142857142,0.0
2,205,4,False,0,2025-02-27,5,0.0,0.1,0.14,3,27,0,0,1,1.8571428571428572,0.0
2,235,4,False,0,2025-02-27,2,0.0,0.06,0.08,3,27,0,0,1,2.2857142857142856,0.0
2,255,4,False,0,2025-02-27,0,0.0,0.03,0.03,3,27,0,0,1,2.142857142857143,0.0
2,272,4,False,0,2025-02-27,2,0.0,0.03,0.05,3,27,0,0,1,1.7142857142857142,0.0
2,290,4,False,0,2025-02-27,3,0.0,0.06,0.08,3,27,0,0,1,1.8571428571428572,0.0
2,292,4,False,0,2025-02-27,3,0.0,0.04,0.05,3,27,0,0,1,2.2857142857142856,0.0
2,306,4,False,0,2025-02-27,2,0.0,0.04,0.06,3,27,0,0,1,2.5714285714285716,0.0
2,314,4,False,0,2025-02-27,0,0.0,0.03,0.05,3,27,0,0,1,2.4285714285714284,0.0
2,328,4,False,0,2025-02-27,1,0.0,0.07,0.09,3,27,0,0,1,1.7142857142857142,0.0
2,338,4,False,0,2025-02-27,2,1.0,0.05,0.07,3,27,0,0,1,1.5714285714285714,0.0
2,350,4,False,0,2025-02-27,4,0.0,0.03,0.05,3,27,0,0,1,1.8571428571428572,0.0
2,362,4,False,0,2025-02-27,1,0.0,0.02,0.03,3,27,0,0,1,2.142857142857143,0.0
2,370,4,False,0,2025-02-27,2,0.0,0.03,0.05,3,27,0,0,1,1.8571428571428572,0.0
2,372,4,False,0,2025-02-27,0,0.0,0.02,0.04,3,27,0,0,1,1.7142857142857142,0.0
2,447,4,False,0,2025-02-27,2,0.0,0.06,0.08,3,27,0,0,1,1.4285714285714286,0.0
2,464,4,False,0,2025-02-27,1,0.0,0.02,0.03,3,27,0,0,1,1.7142857142857142,0.0
2,482,4,False,0,2025-02-27,1,0.0,0.02,0.04,3,27,0,0,1,1.7142857142857142,0.0
2,524,4,False,0,2025-02-27,4,0.0,0.02,0.03,3,27,0,0,1,1.5714285714285714,0.0
2,552,4,False,0,2025-02-27,3,0.0,0.07,0.1,3,27,0,0,1,1.5714285714285714,0.0
2,560,4,False,0,2025-02-27,1,0.0,0.02,0.03,3,27,0,0,1,1.8571428571428572,0.0
2,584,4,False,0,2025-02-27,1,0.0,0.05,0.08,3,27,0,0,1,1.7142857142857142,0.0
2,595,4,False,0,2025-02-27,4,0.0,0.07,0.13,3,27,0,0,1,1.8571428571428572,0.0
2,613,4,False,0,2025-02-27,2,0.0,0.02,0.04,3,27,0,0,1,2.142857142857143,0.0
2,621,4,False,0,2025-02-27,2,0.0,0.05,0.1,3,27,0,0,1,2.2857142857142856,0.0
2,622,4,False,0,2025-02-27,3,0.0,0.02,0.04,3,27,0,0,1,2.4285714285714284,0.0
2,676,4,False,0,2025-02-27,3,0.0,0.08,0.12,3,27,0,0,1,2.2857142857142856,0.0
2,700,4,False,0,2025-02-27,3,0.0,0.03,0.05,3,27,0,0,1,2.2857142857142856,0.0
2,723,4,False,0,2025-02-27,1,0.0,0.03,0.04,3,27,0,0,1,2.5714285714285716,0.0
2,726,4,False,0,2025-02-27,3,0.0,0.04,0.05,3,27,0,0,1,2.5714285714285716,0.0
2,731,4,False,0,2025-02-27,1,0.0,0.19,0.18,3,27,0,0,1,2.4285714285714284,0.0
2,736,4,False,0,2025-02-27,8,0.0,0.04,0.06,3,27,0,0,1,2.2857142857142856,0.0
2,749,4,False,0,2025-02-27,2,0.0,0.08,0.14,3,27,0,0,1,3.142857142857143,0.0
2,761,4,False,0,2025-02-27,1,0.0,0.02,0.02,3,27,0,0,1,3.0,0.0
2,824,4,False,0,2025-02-27,8,0.0,0.01,0.01,3,27,0,0,1,2.7142857142857144,0.0
2,826,4,False,0,2025-02-27,2,0.0,0.05,0.06,3,27,0,0,1,3.4285714285714284,0.0
2,845,4,False,0,2025-02-27,3,0.0,0.07,0.1,3,27,0,0,1,3.5714285714285716,0.0
2,849,4,False,0,2025-02-27,1,0.0,0.04,0.07,3,27,0,0,1,3.5714285714285716,0.0
2,852,4,False,0,2025-02-27,0,0.0,0.02,0.04,3,27,0,0,1,3.5714285714285716,0.0
2,871,4,False,0,2025-02-27,3,0.0,0.05,0.07,3,27,0,0,1,2.4285714285714284,0.0
2,880,4,False,0,2025-02-27,7,0.0,0.04,0.07,3,27,0,0,1,2.5714285714285716,0.0
2,883,4,False,0,2025-02-27,3,0.0,0.02,0.05,3,27,0,0,1,3.4285714285714284,0.0
2,892,4,False,0,2025-02-27,3,0.0,0.02,0.03,3,27,0,0,1,2.7142857142857144,0.0
2,953,4,False,0,2025-02-27,2,0.0,0.01,0.02,3,27,0,0,1,2.857142857142857,0.0
2,989,4,False,0,2025-02-27,0,0.0,0.02,0.03,3,27,0,0,1,2.7142857142857144,0.0
2,1003,4,False,0,2025-02-27,1,0.0,0.02,0.03,3,27,0,0,1,2.5714285714285716,0.0
2,1009,4,False,0,2025-02-27,2,1.0,0.21,0.27,3,27,0,0,1,2.7142857142857144,0.0
2,1013,4,False,0,2025-02-27,3,0.0,0.08,0.11,3,27,0,0,1,2.5714285714285716,0.0
2,1040,4,False,0,2025-02-27,6,0.0,0.03,0.04,3,27,0,0,1,2.0,0.0
2,1041,4,False,0,2025-02-27,2,0.0,0.05,0.07,3,27,0,0,1,2.4285714285714284,0.0
2,1066,4,False,0,2025-02-27,2,0.0,0.01,0.02,3,27,0,0,1,2.2857142857142856,0.0
2,1069,4,False,0,2025-02-27,1,0.0,0.07,0.09,3,27,0,0,1,2.2857142857142856,0.0
2,1077,4,False,0,2025-02-27,1,0.0,0.06,0.09,3,27,0,0,1,2.4285714285714284,0.0
2,1090,4,False,0,2025-02-27,1,0.0,0.04,0.05,3,27,0,0,1,2.4285714285714284,0.0
2,1092,4,False,0,2025-02-27,2,0.0,0.02,0.03,3,27,0,0,1,2.2857142857142856,0.0
2,1111,4,False,0,2025-02-27,0,0.0,0.06,0.07,3,27,0,0,1,2.142857142857143,0.0
2,1119,4,False,0,2025-02-27,2,0.0,0.04,0.09,3,27,0,0,1,1.2857142857142858,0.0
2,1123,4,False,0,2025-02-27,2,0.0,0.0,0.01,3,27,0,0,1,1.2857142857142858,0.0
2,1137,4,False,0,2025-02-27,2,0.0,0.03,0.04,3,27,0,0,1,1.2857142857142858,0.0
2,1182,4,False,0,2025-02-27,3,0.0,0.02,0.02,3,27,0,0,1,1.4285714285714286,0.0
2,1245,4,False,0,2025-02-27,3,0.0,0.04,0.05,3,27,0,0,1,1.7142857142857142,0.0
2,1248,4,False,0,2025-02-27,6,0.0,0.01,0.01,3,27,0,0,1,2.0,0.0
2,1257,4,False,0,2025-02-27,1,0.0,0.1,0.15,3,27,0,0,1,2.5714285714285716,0.0
2,1268,4,False,0,2025-02-27,2,0.0,0.06,0.08,3,27,0,0,1,2.7142857142857144,0.0
2,1316,4,False,0,2025-02-27,4,0.0,0.03,0.05,3,27,0,0,1,2.7142857142857144,0.0
2,1321,4,False,0,2025-02-27,2,0.0,0.03,0.04,3,27,0,0,1,3.0,0.0
2,1329,4,False,0,2025-02-27,4,0.0,0.01,0.02,3,27,0,0,1,3.0,0.0
2,1369,4,False,0,2025-02-27,2,0.0,0.02,0.03,3,27,0,0,1,3.142857142857143,0.0
2,1373,4,False,0,2025-02-27,3,0.0,0.05,0.06,3,27,0,0,1,3.0,0.0
2,1394,4,False,0,2025-02-27,4,0.0,0.02,0.02,3,27,0,0,1,2.5714285714285716,0.0
2,1402,4,False,0,2025-02-27,3,0.0,0.03,0.05,3,27,0,0,1,3.0,0.0
2,1417,4,False,0,2025-02-27,1,1.0,0.06,0.08,3,27,0,0,1,3.142857142857143,0.0
2,1420,4,False,0,2025-02-27,1,0.0,0.04,0.06,3,27,0,0,1,2.7142857142857144,0.0
2,1428,4,False,0,2025-02-27,0,0.0,0.03,0.04,3,27,0,0,1,2.5714285714285716,0.0
2,1436,4,False,0,2025-02-27,1,0.0,0.05,0.07,3,27,0,0,1,2.0,0.0
2,1473,4,False,0,2025-02-27,2,0.0,0.06,0.09,3,27,0,0,1,1.8571428571428572,0.0
2,1481,4,False,0,2025-02-27,1,0.0,0.04,0.07,3,27,0,0,1,1.7142857142857142,0.0
2,1493,4,False,0,2025-02-27,2,0.0,0.06,0.07,3,27,0,0,1,1.2857142857142858,0.0
2,1497,4,False,0,2025-02-27,2,0.0,0.05,0.08,3,27,0,0,1,1.1428571428571428,0.0
2,1506,4,False,0,2025-02-27,3,0.0,0.02,0.04,3,27,0,0,1,1.2857142857142858,0.0
2,1519,4,False,0,2025-02-27,3,0.0,0.05,0.07,3,27,0,0,1,1.5714285714285714,0.0
2,1539,4,False,0,2025-02-27,0,0.0,0.02,0.03,3,27,0,0,1,2.0,0.0
2,1546,4,False,0,2025-02-27,2,0.0,0.03,0.04,3,27,0,0,1,1.8571428571428572,0.0
2,1563,4,False,0,2025-02-27,2,0.0,0.04,0.04,3,27,0,0,1,1.8571428571428572,0.0
2,1570,4,False,0,2025-02-27,1,0.0,0.02,0.03,3,27,0,0,1,2.0,0.0
2,1573,4,False,0,2025-02-27,2,0.0,0.07,0.11,3,27,0,0,1,1.8571428571428572,0.0
2,1574,4,False,0,2025-02-27,2,0.0,0.07,0.11,3,27,0,0,1,1.8571428571428572,0.0
2,1594,4,False,0,2025-02-27,3,0.0,0.02,0.03,3,27,0,0,1,1.7142857142857142,0.0
2,1607,4,False,0,2025-02-27,4,0.0,0.07,0.12,3,27,0,0,1,1.7142857142857142,0.0
2,1626,4,False,0,2025-02-27,3,0.0,0.06,0.07,3,27,0,0,1,2.2857142857142856,0.0
2,1644,4,False,0,2025-02-27,2,0.0,0.07,0.11,3,27,0,0,1,2.4285714285714284,0.0
2,1652,4,False,0,2025-02-27,2,0.0,0.05,0.08,3,27,0,0,1,2.4285714285714284,0.0
2,1673,4,False,0,2025-02-27,3,0.0,0.06,0.08,3,27,0,0,1,2.5714285714285716,0.0
2,1675,4,False,0,2025-02-27,2,0.0,0.05,0.08,3,27,0,0,1,2.7142857142857144,0.0
2,1686,4,False,0,2025-02-27,1,0.0,0.07,0.09,3,27,0,0,1,2.7142857142857144,0.0
2,1706,4,False,0,2025-02-27,2,0.0,0.01,0.03,3,27,0,0,1,2.4285714285714284,0.0
2,1716,4,False,0,2025-02-27,0,0.0,0.03,0.05,3,27,0,0,1,2.142857142857143,0.0
2,1732,4,False,0,2025-02-27,1,0.0,0.08,0.12,3,27,0,0,1,1.7142857142857142,0.0
2,1738,4,False,0,2025-02-27,2,0.0,0.02,0.04,3,27,0,0,1,1.5714285714285714,0.0
2,1745,4,False,0,2025-02-27,2,0.0,0.05,0.08,3,27,0,0,1,1.5714285714285714,0.0
2,1759,4,False,0,2025-02-27,0,0.0,0.03,0.04,3,27,0,0,1,1.4285714285714286,0.0
2,1776,4,False,0,2025-02-27,1,0.0,0.14,0.19,3,27,0,0,1,1.1428571428571428,0.0
2,1790,4,False,0,2025-02-27,1,0.0,0.04,0.06,3,27,0,0,1,1.1428571428571428,0.0
2,1826,4,False,0,2025-02-27,3,0.0,0.07,0.08,3,27,0,0,1,1.0,0.0
2,1830,4,False,0,2025-02-27,4,0.0,0.15,0.2,3,27,0,0,1,1.4285714285714286,0.0
2,1863,4,False,0,2025-02-27,3,0.0,0.04,0.07,3,27,0,0,1,1.8571428571428572,0.0
2,1866,4,False,0,2025-02-27,0,0.0,0.02,0.03,3,27,0,0,1,2.0,0.0
2,1922,4,False,0,2025-02-27,3,0.0,0.02,0.04,3,27,0,0,1,1.7142857142857142,0.0
2,1934,4,False,0,2025-02-27,1,0.0,0.02,0.04,3,27,0,0,1,2.142857142857143,0.0
2,1975,4,False,0,2025-02-27,0,0.0,0.03,0.05,3,27,0,0,1,2.142857142857143,0.0
2,1984,4,False,0,2025-02-27,2,0.0,0.06,0.08,3,27,0,0,1,2.0,0.0
2,2005,4,False,0,2025-02-27,2,0.0,0.16,0.25,3,27,0,0,1,1.8571428571428572,0.0
2,2013,4,False,0,2025-02-27,4,0.0,0.03,0.04,3,27,0,0,1,1.5714285714285714,0.0
2,2025,4,False,0,2025-02-27,1,0.0,0.03,0.05,3,27,0,0,1,1.7142857142857142,0.0
2,2028,4,False,0,2025-02-27,1,0.0,0.03,0.05,3,27,0,0,1,1.8571428571428572,0.0
2,2033,4,False,0,2025-02-27,1,0.0,0.11,0.15,3,27,0,0,1,1.5714285714285714,0.0
2,2035,4,False,0,2025-02-27,1,0.0,0.02,0.03,3,27,0,0,1,1.5714285714285714,0.0
2,2042,4,False,0,2025-02-27,5,1.0,0.03,0.06,3,27,0,0,1,1.7142857142857142,0.0
2,2051,4,False,0,2025-02-27,3,0.0,0.03,0.04,3,27,0,0,1,2.142857142857143,0.0
2,2061,4,False,0,2025-02-27,3,0.0,0.02,0.04,3,27,0,0,1,2.2857142857142856,0.0
2,2069,4,False,0,2025-02-27,0,1.0,0.07,0.1,3,27,0,0,1,2.142857142857143,0.0
2,2083,4,False,0,2025-02-27,2,0.0,0.06,0.09,3,27,0,0,1,2.0,0.0
2,2088,4,False,0,2025-02-27,0,0.0,0.03,0.04,3,27,0,0,1,2.142857142857143,0.0
2,2129,4,False,0,2025-02-27,2,0.0,0.03,0.04,3,27,0,0,1,2.0,0.0
2,2144,4,False,0,2025-02-27,2,0.0,0.03,0.06,3,27,0,0,1,2.142857142857143,0.0
2,2149,4,False,0,2025-02-27,2,0.0,0.04,0.06,3,27,0,0,1,1.7142857142857142,0.0
2,2167,4,False,0,2025-02-27,3,0.0,0.05,0.07,3,27,0,0,1,1.5714285714285714,0.0
2,2193,4,False,0,2025-02-27,3,0.0,0.08,0.08,3,27,0,0,1,1.5714285714285714,0.0
2,2230,4,False,0,2025-02-27,1,0.0,0.02,0.04,3,27,0,0,1,2.0,0.0
2,2233,4,False,0,2025-02-27,1,0.0,0.06,0.06,3,27,0,0,1,1.8571428571428572,0.0
2,2238,4,False,0,2025-02-27,2,0.0,0.04,0.06,3,27,0,0,1,2.0,0.0
2,2257,4,False,0,2025-02-27,0,0.0,0.04,0.06,3,27,0,0,1,2.0,0.0
2,2279,4,False,0,2025-02-27,3,0.0,0.11,0.15,3,27,0,0,1,1.7142857142857142,0.0
2,2283,4,False,0,2025-02-27,7,0.0,0.04,0.06,3,27,0,0,1,1.8571428571428572,0.0
2,2286,4,False,0,2025-02-27,2,0.0,0.11,0.14,3,27,0,0,1,2.4285714285714284,0.0
2,2306,4,False,0,2025-02-27,2,0.0,0.04,0.06,3,27,0,0,1,2.2857142857142856,0.0
2,2315,4,False,0,2025-02-27,2,0.0,0.06,0.1,3,27,0,0,1,2.4285714285714284,0.0
2,2392,4,False,0,2025-02-27,1,1.0,0.04,0.06,3,27,0,0,1,2.5714285714285716,0.0
2,2397,4,False,0,2025-02-27,1,0.0,0.02,0.03,3,27,0,0,1,2.4285714285714284,0.0
2,2398,4,False,0,2025-02-27,3,0.0,0.12,0.17,3,27,0,0,1,2.5714285714285716,0.0
2,2438,4,False,0,2025-02-27,0,0.0,0.02,0.04,3,27,0,0,1,2.5714285714285716,0.0
2,2443,4,False,0,2025-02-27,1,0.0,0.05,0.06,3,27,0,0,1,1.5714285714285714,0.0
2,2448,4,False,0,2025-02-27,3,0.0,0.04,0.05,3,27,0,0,1,1.4285714285714286,0.0
2,2469,4,False,0,2025-02-27,2,0.0,0.07,0.09,3,27,0,0,1,1.5714285714285714,0.0
2,2473,4,False,0,2025-02-27,3,0.0,0.04,0.06,3,27,0,0,1,1.5714285714285714,0.0
2,2478,4,False,0,2025-02-27,2,0.0,0.02,0.03,3,27,0,0,1,1.8571428571428572,0.0
2,2487,4,False,0,2025-02-27,2,0.0,0.02,0.04,3,27,0,0,1,2.0,0.0
2,2497,4,False,0,2025-02-27,2,0.0,0.03,0.04,3,27,0,0,1,1.8571428571428572,0.0
2,2506,4,False,0,2025-02-27,3,0.0,0.03,0.04,3,27,0,0,1,2.142857142857143,0.0
2,2522,4,False,0,2025-02-27,3,0.0,0.11,0.16,3,27,0,0,1,2.4285714285714284,0.0
2,2567,4,False,0,2025-02-27,2,0.0,0.04,0.06,3,27,0,0,1,2.4285714285714284,0.0
2,2581,4,False,0,2025-02-27,2,0.0,0.06,0.06,3,27,0,0,1,2.4285714285714284,0.0
2,2624,4,False,0,2025-02-27,3,0.0,0.06,0.08,3,27,0,0,1,2.2857142857142856,0.0
2,2630,4,False,0,2025-02-27,3,0.0,0.03,0.04,3,27,0,0,1,2.4285714285714284,0.0
2,2631,4,False,0,2025-02-27,3,0.0,0.02,0.03,3,27,0,0,1,2.5714285714285716,0.0
2,2642,4,False,0,2025-02-27,3,0.0,0.03,0.05,3,27,0,0,1,2.7142857142857144,0.0
2,2658,4,False,0,2025-02-27,1,0.0,0.02,0.04,3,27,0,0,1,2.7142857142857144,0.0
2,2672,4,False,0,2025-02-27,2,0.0,0.02,0.03,3,27,0,0,1,2.4285714285714284,0.0
2,2688,4,False,0,2025-02-27,3,0.0,0.03,0.04,3,27,0,0,1,2.4285714285714284,0.0
2,2725,4,False,0,2025-02-27,0,0.0,0.08,0.08,3,27,0,0,1,2.5714285714285716,0.0
2,2744,4,False,0,2025-02-27,3,0.0,0.06,0.08,3,27,0,0,1,2.142857142857143,0.0
2,2788,4,False,0,2025-02-27,3,0.0,0.02,0.03,3,27,0,0,1,2.142857142857143,0.0
2,2801,4,False,0,2025-02-27,1,0.0,0.06,0.09,3,27,0,0,1,2.142857142857143,0.0
2,2804,4,False,0,2025-02-27,2,0.0,0.06,0.07,3,27,0,0,1,1.8571428571428572,0.0
2,2818,4,False,0,2025-02-27,2,0.0,0.02,0.03,3,27,0,0,1,2.0,0.0
2,2825,4,False,0,2025-02-27,1,0.0,0.18,0.23,3,27,0,0,1,2.0,0.0
2,2830,4,False,0,2025-02-27,2,0.0,0.04,0.06,3,27,0,0,1,1.7142857142857142,0.0
2,2832,4,False,0,2025-02-27,3,0.0,0.01,0.03,3,27,0,0,1,2.0,0.0
2,2838,4,False,0,2025-02-27,3,0.0,0.02,0.03,3,27,0,0,1,2.0,0.0
2,2844,4,False,0,2025-02-27,2,0.0,0.03,0.05,3,27,0,0,1,2.0,0.0
2,2860,4,False,0,2025-02-27,3,0.0,0.07,0.1,3,27,0,0,1,2.142857142857143,0.0
2,2870,4,False,0,2025-02-27,3,0.0,0.06,0.08,3,27,0,0,1,2.2857142857142856,0.0
2,2871,4,False,0,2025-02-27,2,0.0,0.04,0.05,3,27,0,0,1,2.4285714285714284,0.0
2,2892,4,False,0,2025-02-27,1,0.0,0.1,0.13,3,27,0,0,1,2.5714285714285716,0.0
2,2894,4,False,0,2025-02-27,1,0.0,0.04,0.06,3,27,0,0,1,2.4285714285714284,0.0
2,2957,4,False,0,2025-02-27,2,0.0,0.02,0.04,3,27,0,0,1,2.142857142857143,0.0
2,2961,4,False,0,2025-02-27,2,0.0,0.05,0.07,3,27,0,0,1,2.0,0.0
2,2963,4,False,0,2025-02-27,3,0.0,0.06,0.08,3,27,0,0,1,2.0,0.0
2,2970,4,False,0,2025-02-27,2,0.0,0.03,0.05,3,27,0,0,1,2.0,0.0
2,2979,4,False,0,2025-02-27,1,0.0,0.06,0.08,3,27,0,0,1,1.8571428571428572,0.0
2,2992,4,False,0,2025-02-27,2,0.0,0.05,0.07,3,27,0,0,1,1.7142857142857142,0.0
2,3000,4,False,0,2025-02-27,1,0.0,0.1,0.14,3,27,0,0,1,1.8571428571428572,0.0
2,3012,4,False,0,2025-02-27,3,0.0,0.02,0.03,3,27,0,0,1,1.8571428571428572,0.0
2,3044,4,False,0,2025-02-27,2,0.0,0.02,0.02,3,27,0,0,1,2.0,0.0
2,3086,4,False,0,2025-02-27,3,0.0,0.04,0.07,3,27,0,0,1,2.0,0.0
2,3145,4,False,0,2025-02-27,2,0.0,0.04,0.05,3,27,0,0,1,2.0,0.0
2,3146,4,False,0,2025-02-27,4,0.0,0.01,0.01,3,27,0,0,1,2.0,0.0
2,3162,4,False,0,2025-02-27,4,0.0,0.01,0.02,3,27,0,0,1,2.4285714285714284,0.0
2,3178,4,False,0,2025-02-27,1,0.0,0.12,0.18,3,27,0,0,1,2.7142857142857144,0.0
2,3185,4,False,0,2025-02-27,3,0.0,0.04,0.06,3,27,0,0,1,2.7142857142857144,0.0
2,3196,4,False,0,2025-02-27,4,0.0,0.02,0.03,3,27,0,0,1,2.7142857142857144,0.0
2,3209,4,False,0,2025-02-27,1,0.0,0.02,0.04,3,27,0,0,1,3.0,0.0
2,3224,4,False,0,2025-02-27,3,0.0,0.04,0.05,3,27,0,0,1,2.7142857142857144,0.0
2,3262,4,False,0,2025-02-27,2,0.0,0.09,0.13,3,27,0,0,1,2.857142857142857,0.0
2,3267,4,False,0,2025-02-27,3,0.0,0.01,0.01,3,27,0,0,1,2.5714285714285716,0.0
2,3293,4,False,0,2025-02-27,4,0.0,0.0,0.01,3,27,0,0,1,2.4285714285714284,0.0
2,3312,4,False,0,2025-02-27,2,1.0,0.01,0.02,3,27,0,0,1,2.857142857142857,0.0
2,3317,4,False,0,2025-02-27,3,0.0,0.01,0.02,3,27,0,0,1,2.7142857142857144,0.0
2,3327,4,False,0,2025-02-27,3,0.0,0.01,0.02,3,27,0,0,1,2.5714285714285716,0.0
2,3377,4,False,0,2025-02-27,3,0.0,0.02,0.05,3,27,0,0,1,2.857142857142857,0.0
2,3420,4,False,0,2025-02-27,3,0.0,0.07,0.09,3,27,0,0,1,2.857142857142857,0.0
2,3453,4,False,0,2025-02-27,1,1.0,0.02,0.04,3,27,0,0,1,3.0,0.0
2,3455,4,False,0,2025-02-27,0,0.0,0.02,0.03,3,27,0,0,1,2.7142857142857144,0.0
2,3465,4,False,0,2025-02-27,1,0.0,0.06,0.07,3,27,0,0,1,2.142857142857143,0.0
2,3466,4,False,0,2025-02-27,3,0.0,0.03,0.04,3,27,0,0,1,2.0,0.0
2,3472,4,False,0,2025-02-27,0,0.0,0.04,0.06,3,27,0,0,1,2.0,0.0
2,3473,4,False,0,2025-02-27,1,0.0,0.01,0.03,3,27,0,0,1,1.5714285714285714,0.0
2,3493,4,False,0,2025-02-27,3,0.0,0.04,0.07,3,27,0,0,1,1.2857142857142858,0.0
2,3552,4,False,0,2025-02-27,1,0.0,0.03,0.05,3,27,0,0,1,1.2857142857142858,0.0
2,3562,4,False,0,2025-02-27,2,0.0,0.05,0.07,3,27,0,0,1,1.2857142857142858,0.0
2,3569,4,False,0,2025-02-27,3,0.0,0.03,0.06,3,27,0,0,1,1.5714285714285714,0.0
2,3577,4,False,0,2025-02-27,2,0.0,0.04,0.06,3,27,0,0,1,1.8571428571428572,0.0
2,3590,4,False,0,2025-02-27,3,0.0,0.02,0.03,3,27,0,0,1,1.7142857142857142,0.0
2,3620,4,False,0,2025-02-27,1,0.0,0.02,0.04,3,27,0,0,1,2.142857142857143,0.0
2,3627,4,False,0,2025-02-27,0,0.0,0.06,0.1,3,27,0,0,1,2.142857142857143,0.0
2,3628,4,False,0,2025-02-27,1,0.0,0.06,0.09,3,27,0,0,1,1.7142857142857142,0.0
2,3633,4,False,0,2025-02-27,3,0.0,0.07,0.1,3,27,0,0,1,1.7142857142857142,0.0
2,3645,4,False,0,2025-02-27,2,0.0,0.07,0.07,3,27,0,0,1,1.8571428571428572,0.0
2,3651,4,False,0,2025-02-27,3,0.0,0.04,0.07,3,27,0,0,1,1.7142857142857142,0.0
2,3692,4,False,0,2025-02-27,2,0.0,0.1,0.11,3,27,0,0,1,1.8571428571428572,0.0
2,3698,4,False,0,2025-02-27,3,0.0,0.05,0.06,3,27,0,0,1,1.7142857142857142,0.0
2,3700,4,False,0,2025-02-27,3,0.0,0.02,0.03,3,27,0,0,1,2.0,0.0
2,3721,4,False,0,2025-02-27,1,0.0,0.03,0.04,3,27,0,0,1,2.4285714285714284,0.0
2,3728,4,False,0,2025-02-27,2,0.0,0.03,0.05,3,27,0,0,1,2.4285714285714284,0.0
2,3733,4,False,0,2025-02-27,3,0.0,0.01,0.02,3,27,0,0,1,2.2857142857142856,0.0
2,3753,4,False,0,2025-02-27,3,0.0,0.04,0.07,3,27,0,0,1,2.4285714285714284,0.0
2,3772,4,False,0,2025-02-27,2,0.0,0.03,0.06,3,27,0,0,1,2.4285714285714284,0.0
2,3818,4,False,0,2025-02-27,3,0.0,0.06,0.09,3,27,0,0,1,2.4285714285714284,0.0
2,3843,4,False,0,2025-02-27,3,0.0,0.02,0.04,3,27,0,0,1,2.4285714285714284,0.0
2,3847,4,False,0,2025-02-27,1,0.0,0.01,0.03,3,27,0,0,1,2.4285714285714284,0.0
2,3850,4,False,0,2025-02-27,2,0.0,0.07,0.11,3,27,0,0,1,2.4285714285714284,0.0
2,3853,4,False,0,2025-02-27,1,0.0,0.1,0.17,3,27,0,0,1,2.4285714285714284,0.0
2,3879,4,False,0,2025-02-27,2,0.0,0.05,0.08,3,27,0,0,1,2.142857142857143,0.0
2,3888,4,False,0,2025-02-27,6,0.0,0.01,0.01,3,27,0,0,1,2.0,0.0
2,3903,4,False,0,2025-02-27,2,0.0,0.04,0.06,3,27,0,0,1,2.5714285714285716,0.0
2,3906,4,False,0,2025-02-27,1,0.0,0.11,0.16,3,27,0,0,1,2.4285714285714284,0.0
2,3939,4,False,0,2025-02-27,0,0.0,0.04,0.06,3,27,0,0,1,2.142857142857143,0.0
2,3968,4,False,0,2025-02-27,2,0.0,0.01,0.02,3,27,0,0,1,2.0,0.0
2,3971,4,False,0,2025-02-27,1,1.0,0.08,0.12,3,27,0,0,1,2.0,0.0
2,3974,4,False,0,2025-02-27,2,0.0,0.09,0.13,3,27,0,0,1,2.0,0.0
2,3987,4,False,0,2025-02-27,1,0.0,0.03,0.05,3,27,0,0,1,2.0,0.0
2,4019,4,False,0,2025-02-27,3,0.0,0.04,0.04,3,27,0,0,1,1.2857142857142858,0.0
2,4028,4,False,0,2025-02-27,1,1.0,0.02,0.03,3,27,0,0,1,1.4285714285714286,0.0
2,4071,4,False,0,2025-02-27,1,0.0,0.04,0.06,3,27,0,0,1,1.4285714285714286,0.0
2,4108,4,False,0,2025-02-27,3,0.0,0.02,0.03,3,27,0,0,1,1.5714285714285714,0.0
2,4133,4,False,0,2025-02-27,2,0.0,0.08,0.14,3,27,0,0,1,1.7142857142857142,0.0
2,4135,4,False,0,2025-02-27,3,0.0,0.03,0.04,3,27,0,0,1,1.8571428571428572,0.0
2,4170,4,False,0,2025-02-27,1,0.0,0.02,0.03,3,27,0,0,1,2.0,0.0
2,4184,4,False,0,2025-02-27,2,0.0,0.06,0.09,3,27,0,0,1,2.0,0.0
2,4186,4,False,0,2025-02-27,0,0.0,0.03,0.04,3,27,0,0,1,1.8571428571428572,0.0
2,4212,4,False,0,2025-02-27,3,0.0,0.06,0.08,3,27,0,0,1,1.7142857142857142,0.0
2,4243,4,False,0,2025-02-27,2,0.0,0.09,0.11,3,27,0,0,1,2.0,0.0
2,4268,4,False,0,2025-02-27,2,0.0,0.02,0.03,3,27,0,0,1,1.8571428571428572,0.0
2,4275,4,False,0,2025-02-27,2,0.0,0.01,0.02,3,27,0,0,1,1.8571428571428572,0.0
2,4281,4,False,0,2025-02-27,0,0.0,0.02,0.04,3,27,0,0,1,1.7142857142857142,0.0
2,4293,4,False,0,2025-02-27,1,0.0,0.12,0.17,3,27,0,0,1,1.5714285714285714,0.0
2,4305,4,False,0,2025-02-27,1,0.0,0.07,0.07,3,27,0,0,1,1.4285714285714286,0.0
2,4335,4,False,0,2025-02-27,2,0.0,0.04,0.07,3,27,0,0,1,1.5714285714285714,0.0
2,4342,4,False,0,2025-02-27,1,0.0,0.02,0.04,3,27,0,0,1,1.4285714285714286,0.0
2,4373,4,False,0,2025-02-27,2,0.0,0.07,0.11,3,27,0,0,1,1.2857142857142858,0.0
2,4392,4,False,0,2025-02-27,1,0.0,0.09,0.12,3,27,0,0,1,1.2857142857142858,0.0
2,4395,4,False,0,2025-02-27,2,0.0,0.05,0.08,3,27,0,0,1,1.1428571428571428,0.0
2,4422,4,False,0,2025-02-27,1,0.0,0.01,0.02,3,27,0,0,1,1.4285714285714286,0.0
2,4438,4,False,0,2025-02-27,5,0.0,0.01,0.02,3,27,0,0,1,1.4285714285714286,0.0
2,4451,4,False,0,2025-02-27,2,0.0,0.04,0.06,3,27,0,0,1,2.0,0.0
2,4456,4,False,0,2025-02-27,2,0.0,0.02,0.03,3,27,0,0,1,2.0,0.0
2,4480,4,False,0,2025-02-27,2,0.0,0.06,0.1,3,27,0,0,1,2.142857142857143,0.0
2,4520,4,False,0,2025-02-27,2,0.0,0.1,0.16,3,27,0,0,1,2.142857142857143,0.0
2,4522,4,False,0,2025-02-27,0,0.0,0.02,0.03,3,27,0,0,1,2.2857142857142856,0.0
2,4550,4,False,0,2025-02-27,2,0.0,0.13,0.15,3,27,0,0,1,2.0,0.0
2,4571,4,False,0,2025-02-27,3,0.0,0.03,0.06,3,27,0,0,1,2.142857142857143,0.0
2,4577,4,False,0,2025-02-27,3,0.0,0.04,0.06,3,27,0,0,1,1.8571428571428572,0.0
2,4598,4,False,0,2025-02-27,4,0.0,0.07,0.1,3,27,0,0,1,2.0,0.0
2,4621,4,False,0,2025-02-27,4,0.0,0.01,0.01,3,27,0,0,1,2.2857142857142856,0.0
2,4662,4,False,0,2025-02-27,0,0.0,0.02,0.03,3,27,0,0,1,2.5714285714285716,0.0
2,4663,4,False,0,2025-02-27,2,0.0,0.04,0.07,3,27,0,0,1,2.2857142857142856,0.0
2,4672,4,False,0,2025-02-27,3,0.0,0.03,0.04,3,27,0,0,1,2.5714285714285716,0.0
2,4715,4,False,0,2025-02-27,2,0.0,0.05,0.06,3,27,0,0,1,2.7142857142857144,0.0
2,4778,4,False,0,2025-02-27,2,0.0,0.04,0.07,3,27,0,0,1,2.5714285714285716,0.0
2,4785,4,False,0,2025-02-27,3,0.0,0.06,0.07,3,27,0,0,1,2.4285714285714284,0.0
2,4806,4,False,0,2025-02-27,3,0.0,0.02,0.03,3,27,0,0,1,2.2857142857142856,0.0
2,4808,4,False,0,2025-02-27,2,0.0,0.03,0.05,3,27,0,0,1,2.142857142857143,0.0
2,4823,4,False,0,2025-02-27,3,0.0,0.01,0.01,3,27,0,0,1,2.4285714285714284,0.0
2,4842,4,False,0,2025-02-27,2,0.0,0.03,0.05,3,27,0,0,1,2.5714285714285716,0.0
2,4851,4,False,0,2025-02-27,0,0.0,0.06,0.06,3,27,0,0,1,2.4285714285714284,0.0
2,4855,4,False,0,2025-02-27,3,0.0,0.02,0.02,3,27,0,0,1,2.142857142857143,0.0
2,4895,4,False,0,2025-02-27,1,0.0,0.04,0.06,3,27,0,0,1,2.2857142857142856,0.0
2,4898,4,False,0,2025-02-27,0,0.0,0.03,0.04,3,27,0,0,1,2.0,0.0
2,4928,4,False,0,2025-02-27,3,0.0,0.03,0.06,3,27,0,0,1,1.5714285714285714,0.0
2,4955,4,False,0,2025-02-27,1,0.0,0.03,0.05,3,27,0,0,1,1.7142857142857142,0.0
2,4958,4,False,0,2025-02-27,1,0.0,0.05,0.07,3,27,0,0,1,1.4285714285714286,0.0
2,4967,4,False,0,2025-02-27,2,0.0,0.05,0.08,3,27,0,0,1,1.2857142857142858,0.0
2,4978,4,False,0,2025-02-27,6,0.0,0.04,0.03,3,27,0,0,1,1.5714285714285714,0.0
2,5005,4,False,0,2025-02-27,3,0.0,0.04,0.06,3,27,0,0,1,2.0,0.0
2,5063,4,False,0,2025-02-27,3,0.0,0.01,0.01,3,27,0,0,1,2.2857142857142856,0.0
2,5088,4,False,0,2025-02-27,3,0.0,0.01,0.02,3,27,0,0,1,2.7142857142857144,0.0
2,5113,4,False,0,2025-02-27,1,0.0,0.03,0.05,3,27,0,0,1,2.7142857142857144,0.0
2,5146,4,False,0,2025-02-27,2,0.0,0.03,0.05,3,27,0,0,1,2.7142857142857144,0.0
2,5154,4,False,0,2025-02-27,1,0.0,0.04,0.06,3,27,0,0,1,2.857142857142857,0.0
2,5162,4,False,0,2025-02-27,1,0.0,0.09,0.09,3,27,0,0,1,2.7142857142857144,0.0
2,5186,4,False,0,2025-02-27,1,0.0,0.02,0.04,3,27,0,0,1,2.0,0.0
2,5191,4,False,0,2025-02-27,2,0.0,0.02,0.03,3,27,0,0,1,1.7142857142857142,0.0
2,5202,4,False,0,2025-02-27,2,0.0,0.09,0.13,3,27,0,0,1,1.5714285714285714,0.0
2,5208,4,False,0,2025-02-27,2,0.0,0.02,0.04,3,27,0,0,1,1.4285714285714286,0.0
2,5228,4,False,0,2025-02-27,0,0.0,0.01,0.02,3,27,0,0,1,1.5714285714285714,0.0
2,5229,4,False,0,2025-02-27,2,0.0,0.03,0.05,3,27,0,0,1,1.2857142857142858,0.0
2,5263,4,False,0,2025-02-27,3,0.0,0.02,0.04,3,27,0,0,1,1.4285714285714286,0.0
2,5266,4,False,0,2025-02-27,1,0.0,0.06,0.1,3,27,0,0,1,1.7142857142857142,0.0
2,5286,4,False,0,2025-02-27,2,0.0,0.05,0.06,3,27,0,0,1,1.7142857142857142,0.0
2,74,5,True,0,2025-02-27,2,0.0,0.02,0.04,3,27,0,0,1,1.7142857142857142,0.0
2,213,5,True,0,2025-02-27,4,0.0,0.01,0.03,3,27,0,0,1,1.7142857142857142,0.0
2,284,5,True,0,2025-02-27,6,0.0,0.05,0.08,3,27,0,0,1,2.0,0.0
2,567,5,True,0,2025-02-27,6,0.0,0.01,0.04,3,27,0,0,1,2.857142857142857,0.0
2,783,5,True,0,2025-02-27,4,0.0,0.03,0.06,3,27,0,0,1,3.4285714285714284,0.0
2,821,5,True,0,2025-02-27,3,1.0,0.03,0.06,3,27,0,0,1,3.5714285714285716,0.0
2,873,5,True,0,2025-02-27,7,0.0,0.03,0.05,3,27,0,0,1,3.857142857142857,0.0
2,929,5,True,0,2025-02-27,15,0.0,0.07,0.22,3,27,0,0,1,4.571428571428571,0.0
2,1037,5,True,0,2025-02-27,3,0.0,0.01,0.02,3,27,0,0,1,6.428571428571429,0.0
2,1163,5,True,0,2025-02-27,10,0.0,0.08,0.21,3,27,0,0,1,6.285714285714286,0.0
2,1247,5,True,0,2025-02-27,7,0.0,0.04,0.06,3,27,0,0,1,6.857142857142857,0.0
2,1333,5,True,0,2025-02-27,9,0.0,0.02,0.04,3,27,0,0,1,7.0,0.0
2,1339,5,True,0,2025-02-27,6,1.0,0.02,0.03,3,27,0,0,1,7.714285714285714,0.0
2,1427,5,True,0,2025-02-27,12,0.0,0.01,0.03,3,27,0,0,1,8.142857142857142,0.0
2,1746,5,True,0,2025-02-27,10,0.0,0.02,0.08,3,27,0,0,1,8.857142857142858,1.3501972769921362
2,1882,5,True,0,2025-02-27,7,1.0,0.17,0.41,3,27,0,0,1,8.142857142857142,0.0
2,2066,5,True,0,2025-02-27,4,4.0,0.1,0.12,3,27,0,0,1,8.714285714285714,0.0
2,2104,5,True,0,2025-02-27,10,0.0,0.03,0.04,3,27,0,0,1,7.857142857142857,0.0
2,2120,5,True,0,2025-02-27,2,0.0,0.03,0.08,3,27,0,0,1,8.285714285714286,0.0
2,2132,5,True,0,2025-02-27,2,1.0,0.01,0.04,3,27,0,0,1,7.285714285714286,0.0
2,2141,5,True,0,2025-02-27,6,0.0,0.01,0.04,3,27,0,0,1,6.714285714285714,0.0
2,2219,5,True,0,2025-02-27,7,0.0,0.11,0.22,3,27,0,0,1,5.857142857142857,0.0
2,2224,5,True,0,2025-02-27,3,0.0,0.03,0.04,3,27,0,0,1,5.428571428571429,0.0
2,2325,5,True,0,2025-02-27,2,0.0,0.03,0.06,3,27,0,0,1,4.857142857142857,0.0
2,2418,5,True,0,2025-02-27,3,0.0,0.03,0.07,3,27,0,0,1,4.571428571428571,0.0
2,2880,5,True,0,2025-02-27,4,1.0,0.02,0.04,3,27,0,0,1,3.5714285714285716,0.0
2,3085,5,True,0,2025-02-27,3,0.0,0.02,0.04,3,27,0,0,1,3.857142857142857,0.0
2,3087,5,True,0,2025-02-27,9,0.0,0.04,0.09,3,27,0,0,1,4.0,0.0
2,3164,5,True,0,2025-02-27,4,0.0,0.06,0.12,3,27,0,0,1,4.428571428571429,0.0
2,3218,5,True,0,2025-02-27,5,0.0,0.02,0.05,3,27,0,0,1,4.0,0.0
2,3229,5,True,0,2025-02-27,4,0.0,0.04,0.11,3,27,0,0,1,4.285714285714286,0.0
2,3292,5,True,0,2025-02-27,1,0.0,0.03,0.05,3,27,0,0,1,4.571428571428571,0.0
2,3330,5,True,0,2025-02-27,4,0.0,0.06,0.11,3,27,0,0,1,4.285714285714286,0.0
2,3424,5,True,0,2025-02-27,2,0.0,0.01,0.02,3,27,0,0,1,4.285714285714286,0.0
2,3439,5,True,0,2025-02-27,2,0.0,0.02,0.02,3,27,0,0,1,4.142857142857143,0.0
2,3463,5,True,0,2025-02-27,7,0.0,0.03,0.05,3,27,0,0,1,3.142857142857143,0.0
2,3558,5,True,0,2025-02-27,4,0.0,0.03,0.06,3,27,0,0,1,3.5714285714285716,0.0
2,3624,5,True,0,2025-02-27,6,0.0,0.06,0.11,3,27,0,0,1,3.4285714285714284,0.0
2,3807,5,True,0,2025-02-27,0,0.0,0.08,0.09,3,27,0,0,1,3.7142857142857144,0.0
2,3984,5,True,0,2025-02-27,11,1.0,0.02,0.04,3,27,0,0,1,3.5714285714285716,0.0
2,3996,5,True,0,2025-02-27,9,0.0,0.03,0.07,3,27,0,0,1,4.571428571428571,0.0
2,4036,5,True,0,2025-02-27,4,0.0,0.01,0.02,3,27,0,0,1,5.571428571428571,0.0
2,4081,5,True,0,2025-02-27,3,0.0,0.03,0.06,3,27,0,0,1,5.857142857142857,0.0
2,4175,5,True,0,2025-02-27,9,0.0,0.03,0.06,3,27,0,0,1,5.285714285714286,0.0
2,4544,5,True,0,2025-02-27,9,0.0,0.04,0.07,3,27,0,0,1,6.0,0.0
2,4565,5,True,0,2025-02-27,4,0.0,0.01,0.05,3,27,0,0,1,6.428571428571429,0.0
2,4749,5,True,0,2025-02-27,2,1.0,0.01,0.02,3,27,0,0,1,7.0,0.0
2,4789,5,True,0,2025-02-27,10,0.0,0.02,0.06,3,27,0,0,1,5.714285714285714,0.0
2,4939,5,True,0,2025-02-27,8,0.0,0.02,0.06,3,27,0,0,1,5.857142857142857,0.0
2,5006,5,True,0,2025-02-27,4,1.0,0.03,0.04,3,27,0,0,1,6.428571428571429,0.0
2,5049,5,True,0,2025-02-27,11,1.0,0.02,0.05,3,27,0,0,1,6.571428571428571,0.0
2,5098,5,True,0,2025-02-27,2,0.0,0.02,0.05,3,27,0,0,1,6.857142857142857,0.0
2,5217,5,True,0,2025-02-27,7,0.0,0.02,0.04,3,27,0,0,1,5.857142857142857,0.0
2,139,6,False,0,2025-02-27,1,0.0,0.17,0.24,3,27,0,0,1,6.285714285714286,0.0
2,173,6,False,0,2025-02-27,1,0.0,0.09,0.12,3,27,0,0,1,6.142857142857143,0.0
2,337,6,False,0,2025-02-27,3,0.0,0.12,0.17,3,27,0,0,1,4.857142857142857,0.0
2,366,6,False,0,2025-02-27,0,0.0,0.08,0.1,3,27,0,0,1,4.142857142857143,0.0
2,386,6,False,0,2025-02-27,0,0.0,0.17,0.25,3,27,0,0,1,3.5714285714285716,0.0
2,594,6,False,0,2025-02-27,0,0.0,0.19,0.2,3,27,0,0,1,2.0,0.0
2,988,6,False,0,2025-02-27,2,0.0,0.16,0.24,3,27,0,0,1,1.7142857142857142,0.0
2,1031,6,False,0,2025-02-27,0,0.0,0.1,0.14,3,27,0,0,1,1.0,0.0
2,1124,6,False,0,2025-02-27,2,0.0,0.12,0.22,3,27,0,0,1,0.8571428571428571,0.0
2,1276,6,False,0,2025-02-27,1,0.0,0.13,0.17,3,27,0,0,1,1.0,0.0
2,1340,6,False,0,2025-02-27,2,0.0,0.17,0.22,3,27,0,0,1,0.7142857142857143,0.0
2,1429,6,False,0,2025-02-27,1,0.0,0.08,0.08,3,27,0,0,1,1.0,0.0
2,1534,6,False,0,2025-02-27,2,0.0,0.15,0.21,3,27,0,0,1,1.1428571428571428,0.0
2,1544,6,False,0,2025-02-27,2,0.0,0.08,0.11,3,27,0,0,1,1.4285714285714286,0.0
2,1611,6,False,0,2025-02-27,2,0.0,0.11,0.15,3,27,0,0,1,1.4285714285714286,0.0
2,1650,6,False,0,2025-02-27,1,0.0,0.24,0.3,3,27,0,0,1,1.7142857142857142,0.0
2,1702,6,False,0,2025-02-27,0,0.0,0.31,0.29,3,27,0,0,1,1.5714285714285714,0.0
2,1767,6,False,0,2025-02-27,1,0.0,0.12,0.17,3,27,0,0,1,1.4285714285714286,0.0
2,1807,6,False,0,2025-02-27,1,0.0,0.12,0.15,3,27,0,0,1,1.2857142857142858,0.0
2,1811,6,False,0,2025-02-27,0,0.0,0.04,0.06,3,27,0,0,1,1.2857142857142858,0.0
2,1828,6,False,0,2025-02-27,0,0.0,0.26,0.36,3,27,0,0,1,1.0,0.0
2,1868,6,False,0,2025-02-27,0,0.0,0.12,0.15,3,27,0,0,1,0.7142857142857143,0.0
2,1901,6,False,0,2025-02-27,2,0.0,0.16,0.25,3,27,0,0,1,0.42857142857142855,0.0
2,1924,6,False,0,2025-02-27,0,0.0,0.07,0.08,3,27,0,0,1,0.5714285714285714,0.0
2,2712,6,False,0,2025-02-27,0,0.0,0.12,0.16,3,27,0,0,1,0.5714285714285714,0.0
2,2912,6,False,0,2025-02-27,1,0.0,0.12,0.18,3,27,0,0,1,0.42857142857142855,0.0
2,3034,6,False,0,2025-02-27,1,0.0,0.11,0.16,3,27,0,0,1,0.42857142857142855,0.0
2,3088,6,False,0,2025-02-27,0,0.0,0.06,0.08,3,27,0,0,1,0.5714285714285714,0.0
2,3187,6,False,0,2025-02-27,0,0.0,0.26,0.27,3,27,0,0,1,0.5714285714285714,0.0
2,3202,6,False,0,2025-02-27,1,0.0,0.14,0.21,3,27,0,0,1,0.5714285714285714,0.0
2,3604,6,False,0,2025-02-27,1,0.0,0.32,0.36,3,27,0,0,1,0.42857142857142855,0.0
2,3648,6,False,0,2025-02-27,1,0.0,0.2,0.29,3,27,0,0,1,0.5714285714285714,0.0
2,3687,6,False,0,2025-02-27,2,0.0,0.14,0.19,3,27,0,0,1,0.7142857142857143,0.0
2,3842,6,False,0,2025-02-27,2,0.0,0.39,0.46,3,27,0,0,1,0.8571428571428571,0.0
2,3902,6,False,0,2025-02-27,1,0.0,0.17,0.22,3,27,0,0,1,1.0,0.0
2,3912,6,False,0,2025-02-27,1,0.0,0.06,0.09,3,27,0,0,1,1.1428571428571428,0.0
2,4177,6,False,0,2025-02-27,1,0.0,0.06,0.08,3,27,0,0,1,1.2857142857142858,0.0
2,4234,6,False,0,2025-02-27,1,0.0,0.12,0.16,3,27,0,0,1,1.2857142857142858,0.0
2,4288,6,False,0,2025-02-27,1,0.0,0.13,0.22,3,27,0,0,1,1.2857142857142858,0.0
2,4376,6,False,0,2025-02-27,1,0.0,0.08,0.09,3,27,0,0,1,1.2857142857142858,0.0
2,4386,6,False,0,2025-02-27,1,0.0,0.09,0.12,3,27,0,0,1,1.1428571428571428,0.0
2,4390,6,False,0,2025-02-27,4,0.0,0.13,0.2,3,27,0,0,1,1.0,0.0
2,4468,6,False,0,2025-02-27,0,0.0,0.34,0.43,3,27,0,0,1,1.4285714285714286,0.0
2,4892,6,False,0,2025-02-27,0,0.0,0.2,0.23,3,27,0,0,1,1.2857142857142858,0.0
2,4899,6,False,0,2025-02-27,2,0.0,0.06,0.1,3,27,0,0,1,1.1428571428571428,0.0
2,4917,6,False,0,2025-02-27,9,0.0,0.15,0.22,3,27,0,0,1,1.2857142857142858,0.0
2,188,7,False,0,2025-02-27,2,0.0,0.03,0.04,3,27,0,0,1,2.4285714285714284,0.0
2,348,7,False,0,2025-02-27,4,0.0,0.02,0.03,3,27,0,0,1,2.5714285714285716,0.0
2,392,7,False,0,2025-02-27,6,0.0,0.01,0.01,3,27,0,0,1,3.0,0.0
2,503,7,False,0,2025-02-27,30,0.0,0.01,0.01,3,27,0,0,1,3.2857142857142856,0.0
2,680,7,False,0,2025-02-27,20,0.0,0.01,0.01,3,27,0,0,1,7.571428571428571,0.0
2,743,7,False,0,2025-02-27,4,1.0,0.02,0.04,3,27,0,0,1,10.428571428571429,0.0
2,840,7,False,0,2025-02-27,4,0.0,0.02,0.03,3,27,0,0,1,10.714285714285714,0.0
2,966,7,False,0,2025-02-27,2,0.0,0.03,0.04,3,27,0,0,1,10.0,0.0
2,1084,7,False,0,2025-02-27,1,0.0,0.01,0.01,3,27,0,0,1,10.0,0.0
2,1108,7,False,0,2025-02-27,4,0.0,0.05,0.08,3,27,0,0,1,9.571428571428571,0.0
2,1128,7,False,0,2025-02-27,5,0.0,0.02,0.02,3,27,0,0,1,9.285714285714286,0.0
2,1253,7,False,0,2025-02-27,2,0.0,0.01,0.02,3,27,0,0,1,5.714285714285714,0.0
2,1445,7,False,0,2025-02-27,4,0.0,0.04,0.05,3,27,0,0,1,3.142857142857143,0.0
2,1488,7,False,0,2025-02-27,1,0.0,0.01,0.01,3,27,0,0,1,3.142857142857143,0.0
2,1556,7,False,0,2025-02-27,4,1.0,0.02,0.03,3,27,0,0,1,2.7142857142857144,0.0
2,1591,7,False,0,2025-02-27,3,0.0,0.05,0.08,3,27,0,0,1,3.0,0.0
2,1677,7,False,0,2025-02-27,1,0.0,0.02,0.03,3,27,0,0,1,3.2857142857142856,0.0
2,1697,7,False,0,2025-02-27,5,0.0,0.05,0.09,3,27,0,0,1,2.857142857142857,0.0
2,1895,7,False,0,2025-02-27,0,0.0,0.02,0.02,3,27,0,0,1,2.857142857142857,0.0
2,1905,7,False,0,2025-02-27,3,0.0,0.02,0.03,3,27,0,0,1,2.5714285714285716,0.0
2,1981,7,False,0,2025-02-27,2,0.0,0.01,0.01,3,27,0,0,1,2.4285714285714284,0.0
2,2105,7,False,0,2025-02-27,2,0.0,0.02,0.03,3,27,0,0,1,2.5714285714285716,0.0
2,2182,7,False,0,2025-02-27,3,1.0,0.2,0.22,3,27,0,0,1,2.2857142857142856,0.0
2,2202,7,False,0,2025-02-27,6,0.0,0.11,0.14,3,27,0,0,1,2.2857142857142856,0.0
2,2232,7,False,0,2025-02-27,4,1.0,0.04,0.08,3,27,0,0,1,3.0,0.0
2,2340,7,False,0,2025-02-27,4,0.0,0.02,0.02,3,27,0,0,1,2.857142857142857,0.0
2,2380,7,False,0,2025-02-27,6,1.0,0.03,0.05,3,27,0,0,1,3.4285714285714284,0.0
2,2439,7,False,0,2025-02-27,1,0.0,0.03,0.04,3,27,0,0,1,3.857142857142857,0.0
2,2645,7,False,0,2025-02-27,4,0.0,0.03,0.04,3,27,0,0,1,3.7142857142857144,0.0
2,2792,7,False,0,2025-02-27,2,0.0,0.02,0.04,3,27,0,0,1,4.0,0.0
2,2989,7,False,0,2025-02-27,0,0.0,0.0,0.0,3,27,0,0,1,3.857142857142857,0.0
2,3025,7,False,0,2025-02-27,5,0.0,0.01,0.01,3,27,0,0,1,3.0,0.0
2,3078,7,False,0,2025-02-27,1,0.0,0.07,0.1,3,27,0,0,1,3.142857142857143,0.0
2,3111,7,False,0,2025-02-27,0,0.0,0.03,0.04,3,27,0,0,1,2.7142857142857144,0.0
2,3125,7,False,0,2025-02-27,1,0.0,0.02,0.03,3,27,0,0,1,1.8571428571428572,0.0
2,4069,7,False,0,2025-02-27,3,0.0,0.02,0.02,3,27,0,0,1,1.8571428571428572,0.0
2,4233,7,False,0,2025-02-27,2,0.0,0.06,0.09,3,27,0,0,1,1.7142857142857142,0.0
2,4424,7,False,0,2025-02-27,1,1.0,0.02,0.05,3,27,0,0,1,1.7142857142857142,0.0
2,4454,7,False,0,2025-02-27,5,0.0,0.01,0.02,3,27,0,0,1,1.8571428571428572,0.0
2,4484,7,False,0,2025-02-27,20,0.0,0.02,0.05,3,27,0,0,1,1.8571428571428572,0.0
2,4599,7,False,0,2025-02-27,4,0.0,0.01,0.02,3,27,0,0,1,4.571428571428571,0.0
2,4624,7,False,0,2025-02-27,0,0.0,0.03,0.05,3,27,0,0,1,5.142857142857143,0.0
2,4763,7,False,0,2025-02-27,0,0.0,0.01,0.02,3,27,0,0,1,5.0,0.0
2,4788,7,False,0,2025-02-27,2,0.0,0.02,0.04,3,27,0,0,1,4.571428571428571,0.0
2,4841,7,False,0,2025-02-27,4,0.0,0.01,0.02,3,27,0,0,1,4.571428571428571,0.0
2,4910,7,False,0,2025-02-27,5,2.0,0.2,0.22,3,27,0,0,1,5.0,0.0
2,5031,7,False,0,2025-02-27,2,0.0,0.3,0.46,3,27,0,0,1,5.0,0.0
2,5141,7,False,0,2025-02-27,4,0.0,0.02,0.03,3,27,0,0,1,2.4285714285714284,0.0
2,55,8,False,0,2025-02-27,18,0.0,0.04,0.08,3,27,0,0,1,2.4285714285714284,0.0
2,494,8,False,0,2025-02-27,14,0.0,0.01,0.03,3,27,0,0,1,5.0,0.0
2,566,8,False,0,2025-02-27,42,0.0,0.01,0.01,3,27,0,0,1,7.0,0.0
2,658,8,False,0,2025-02-27,3,0.0,0.1,0.15,3,27,0,0,1,12.714285714285714,0.0
2,675,8,False,0,2025-02-27,1,0.0,0.01,0.02,3,27,0,0,1,12.571428571428571,0.0
2,790,8,False,0,2025-02-27,3,0.0,0.01,0.02,3,27,0,0,1,12.0,0.0
2,868,8,False,0,2025-02-27,3,0.0,0.14,0.2,3,27,0,0,1,12.142857142857142,0.0
2,870,8,False,0,2025-02-27,5,0.0,0.01,0.02,3,27,0,0,1,12.0,0.0
2,1004,8,False,0,2025-02-27,4,0.0,0.02,0.06,3,27,0,0,1,10.142857142857142,0.0
2,1076,8,False,0,2025-02-27,5,0.0,0.01,0.02,3,27,0,0,1,8.714285714285714,0.0
2,1116,8,False,0,2025-02-27,12,0.0,0.02,0.02,3,27,0,0,1,3.4285714285714284,0.0
2,1134,8,False,0,2025-02-27,11,1.0,0.0,0.01,3,27,0,0,1,4.714285714285714,0.0
2,1229,8,False,0,2025-02-27,0,0.0,0.01,0.02,3,27,0,0,1,6.142857142857143,0.0
2,1285,8,False,0,2025-02-27,5,0.0,0.03,0.05,3,27,0,0,1,5.714285714285714,0.0
2,1541,8,False,0,2025-02-27,5,1.0,0.02,0.04,3,27,0,0,1,6.0,0.0
2,1748,8,False,0,2025-02-27,7,0.0,0.03,0.04,3,27,0,0,1,6.0,0.0
2,1819,8,False,0,2025-02-27,13,1.0,0.01,0.02,3,27,0,0,1,6.428571428571429,0.0
2,1923,8,False,0,2025-02-27,1,0.0,0.01,0.02,3,27,0,0,1,7.571428571428571,0.0
2,1930,8,False,0,2025-02-27,3,0.0,0.03,0.05,3,27,0,0,1,6.0,0.0
2,2029,8,False,0,2025-02-27,2,0.0,0.04,0.07,3,27,0,0,1,4.857142857142857,0.0
2,2288,8,False,0,2025-02-27,6,1.0,0.01,0.02,3,27,0,0,1,5.142857142857143,0.0
2,3028,8,False,0,2025-02-27,3,0.0,0.01,0.02,3,27,0,0,1,5.285714285714286,0.0
2,3180,8,False,0,2025-02-27,5,0.0,0.01,0.03,3,27,0,0,1,5.0,0.0
2,3450,8,False,0,2025-02-27,10,0.0,0.02,0.04,3,27,0,0,1,4.714285714285714,0.0
2,3476,8,False,0,2025-02-27,4,0.0,0.07,0.1,3,27,0,0,1,4.285714285714286,0.0
2,3574,8,False,0,2025-02-27,7,0.0,0.02,0.03,3,27,0,0,1,4.714285714285714,0.0
2,3592,8,False,0,2025-02-27,5,0.0,0.02,0.04,3,27,0,0,1,5.285714285714286,0.0
2,3750,8,False,0,2025-02-27,15,0.0,0.01,0.02,3,27,0,0,1,5.714285714285714,0.0
2,3770,8,False,0,2025-02-27,7,0.0,0.01,0.02,3,27,0,0,1,7.0,0.0
2,3963,8,False,0,2025-02-27,6,0.0,0.01,0.01,3,27,0,0,1,7.571428571428571,0.0
2,4115,8,False,0,2025-02-27,4,0.0,0.02,0.04,3,27,0,0,1,7.714285714285714,0.0
2,4538,8,False,0,2025-02-27,10,0.0,0.02,0.03,3,27,0,0,1,6.857142857142857,0.0
2,4609,8,False,0,2025-02-27,4,0.0,0.05,0.08,3,27,0,0,1,7.714285714285714,0.0
2,4666,8,False,0,2025-02-27,11,1.0,0.01,0.02,3,27,0,0,1,7.285714285714286,0.0
2,4668,8,False,0,2025-02-27,4,0.0,0.01,0.02,3,27,0,0,1,8.142857142857142,0.0
2,4676,8,False,0,2025-02-27,24,0.0,0.01,0.01,3,27,0,0,1,6.571428571428571,0.0
2,4751,8,False,0,2025-02-27,0,0.0,0.02,0.03,3,27,0,0,1,9.0,0.0
2,4807,8,False,0,2025-02-27,10,0.0,0.01,0.01,3,27,0,0,1,8.142857142857142,0.0
2,4862,8,False,0,2025-02-27,3,0.0,0.18,0.27,3,27,0,0,1,9.0,0.0
2,5001,8,False,0,2025-02-27,5,0.0,0.01,0.03,3,27,0,0,1,8.0,0.0
2,5203,8,False,0,2025-02-27,12,0.0,0.01,0.03,3,27,0,0,1,8.142857142857142,0.0
2,3,9,True,0,2025-02-27,2,1.0,0.02,0.04,3,27,0,0,1,8.285714285714286,0.0
2,29,9,True,0,2025-02-27,1,0.0,0.05,0.09,3,27,0,0,1,8.0,0.0
2,67,9,True,0,2025-02-27,5,0.0,0.01,0.04,3,27,0,0,1,4.714285714285714,0.0
2,68,9,True,0,2025-02-27,17,0.0,0.02,0.08,3,27,0,0,1,5.428571428571429,0.0
2,75,9,True,0,2025-02-27,10,0.0,0.03,0.04,3,27,0,0,1,6.428571428571429,0.0
2,162,9,True,0,2025-02-27,15,1.0,0.03,0.07,3,27,0,0,1,7.428571428571429,0.0
2,176,9,True,0,2025-02-27,2,0.0,0.02,0.03,3,27,0,0,1,8.857142857142858,0.0
2,266,9,True,0,2025-02-27,8,0.0,0.03,0.1,3,27,0,0,1,7.428571428571429,0.0
2,322,9,True,0,2025-02-27,6,0.0,0.05,0.08,3,27,0,0,1,8.285714285714286,0.0
2,335,9,True,0,2025-02-27,9,0.0,0.02,0.07,3,27,0,0,1,9.0,0.0
2,342,9,True,0,2025-02-27,9,0.0,0.02,0.1,3,27,0,0,1,9.571428571428571,0.0
2,379,9,True,0,2025-02-27,4,0.0,0.06,0.07,3,27,0,0,1,8.428571428571429,0.0
2,426,9,True,0,2025-02-27,2,0.0,0.05,0.12,3,27,0,0,1,7.571428571428571,0.0
2,469,9,True,0,2025-02-27,8,0.0,0.02,0.02,3,27,0,0,1,5.714285714285714,0.0
2,487,9,True,0,2025-02-27,2,0.0,0.03,0.09,3,27,0,0,1,6.571428571428571,0.0
2,500,9,True,0,2025-02-27,12,0.0,0.01,0.04,3,27,0,0,1,5.714285714285714,0.0
2,520,9,True,0,2025-02-27,3,0.0,0.04,0.12,3,27,0,0,1,6.571428571428571,0.0
2,546,9,True,0,2025-02-27,14,0.0,0.02,0.05,3,27,0,0,1,5.714285714285714,0.0
2,562,9,True,0,2025-02-27,6,0.0,0.03,0.05,3,27,0,0,1,6.428571428571429,0.0
2,589,9,True,0,2025-02-27,3,0.0,0.03,0.1,3,27,0,0,1,6.714285714285714,0.0
2,591,9,True,0,2025-02-27,6,0.0,0.04,0.11,3,27,0,0,1,6.857142857142857,0.0
2,654,9,True,0,2025-02-27,3,0.0,0.03,0.09,3,27,0,0,1,6.571428571428571,0.0
2,673,9,True,0,2025-02-27,5,0.0,0.02,0.05,3,27,0,0,1,6.714285714285714,0.0
2,687,9,True,0,2025-02-27,1,0.0,0.04,0.11,3,27,0,0,1,5.714285714285714,0.0
2,698,9,True,0,2025-02-27,13,2.0,0.04,0.15,3,27,0,0,1,5.428571428571429,0.0
2,708,9,True,0,2025-02-27,4,0.0,0.04,0.11,3,27,0,0,1,5.285714285714286,0.0
2,715,9,True,0,2025-02-27,2,0.0,0.02,0.04,3,27,0,0,1,5.0,0.0
2,738,9,True,0,2025-02-27,1,0.0,0.03,0.13,3,27,0,0,1,4.857142857142857,0.0
2,856,9,True,0,2025-02-27,7,0.0,0.01,0.02,3,27,0,0,1,4.142857142857143,0.0
2,884,9,True,0,2025-02-27,3,0.0,0.05,0.12,3,27,0,0,1,4.714285714285714,0.0
2,893,9,True,0,2025-02-27,10,0.0,0.02,0.05,3,27,0,0,1,4.428571428571429,0.0
2,908,9,True,0,2025-02-27,2,0.0,0.05,0.09,3,27,0,0,1,5.714285714285714,0.0
2,920,9,True,0,2025-02-27,11,0.0,0.04,0.04,3,27,0,0,1,4.142857142857143,0.0
2,942,9,True,0,2025-02-27,3,0.0,0.01,0.05,3,27,0,0,1,5.142857142857143,0.0
2,955,9,True,0,2025-02-27,3,0.0,0.06,0.11,3,27,0,0,1,5.285714285714286,0.0
2,957,9,True,0,2025-02-27,6,0.0,0.05,0.15,3,27,0,0,1,5.571428571428571,0.0
2,977,9,True,0,2025-02-27,3,0.0,0.1,0.17,3,27,0,0,1,5.428571428571429,0.0
2,1016,9,True,0,2025-02-27,8,0.0,0.02,0.05,3,27,0,0,1,5.428571428571429,0.0
2,1039,9,True,0,2025-02-27,4,0.0,0.01,0.04,3,27,0,0,1,5.142857142857143,0.0
2,1050,9,True,0,2025-02-27,8,0.0,0.07,0.12,3,27,0,0,1,5.428571428571429,0.0
2,1075,9,True,0,2025-02-27,20,0.0,0.03,0.05,3,27,0,0,1,5.0,0.0
2,1081,9,True,0,2025-02-27,2,0.0,0.02,0.05,3,27,0,0,1,7.428571428571429,0.0
2,1157,9,True,0,2025-02-27,3,0.0,0.04,0.15,3,27,0,0,1,7.285714285714286,0.0
2,1168,9,True,0,2025-02-27,2,0.0,0.09,0.16,3,27,0,0,1,6.857142857142857,0.0
2,1241,9,True,0,2025-02-27,6,0.0,0.05,0.1,3,27,0,0,1,6.714285714285714,0.0
2,1243,9,True,0,2025-02-27,13,1.0,0.04,0.15,3,27,0,0,1,6.428571428571429,0.0
2,1281,9,True,0,2025-02-27,3,0.0,0.02,0.03,3,27,0,0,1,7.714285714285714,0.0
2,1334,9,True,0,2025-02-27,12,0.0,0.02,0.04,3,27,0,0,1,7.0,0.0
2,1364,9,True,0,2025-02-27,6,0.0,0.03,0.12,3,27,0,0,1,5.857142857142857,0.0
2,1453,9,True,0,2025-02-27,12,0.0,0.04,0.07,3,27,0,0,1,6.428571428571429,0.0
2,1504,9,True,0,2025-02-27,2,0.0,0.1,0.2,3,27,0,0,1,7.714285714285714,0.0
2,1615,9,True,0,2025-02-27,10,0.0,0.02,0.04,3,27,0,0,1,7.714285714285714,0.0
2,1699,9,True,0,2025-02-27,3,2.0,0.04,0.1,3,27,0,0,1,8.285714285714286,0.0
2,1701,9,True,0,2025-02-27,2,0.0,0.03,0.05,3,27,0,0,1,6.857142857142857,0.0
2,1713,9,True,0,2025-02-27,5,0.0,0.01,0.02,3,27,0,0,1,6.714285714285714,0.0
2,1728,9,True,0,2025-02-27,2,0.0,0.02,0.02,3,27,0,0,1,5.714285714285714,0.0
2,1774,9,True,0,2025-02-27,2,0.0,0.04,0.05,3,27,0,0,1,5.142857142857143,0.0
2,1872,9,True,0,2025-02-27,6,0.0,0.03,0.09,3,27,0,0,1,3.7142857142857144,0.0
2,1885,9,True,0,2025-02-27,14,1.0,0.01,0.02,3,27,0,0,1,4.285714285714286,0.0
2,1890,9,True,0,2025-02-27,0,0.0,0.02,0.06,3,27,0,0,1,4.857142857142857,0.0
2,2007,9,True,0,2025-02-27,13,0.0,0.02,0.09,3,27,0,0,1,4.428571428571429,0.0
2,2009,9,True,0,2025-02-27,5,0.0,0.01,0.04,3,27,0,0,1,6.0,0.0
2,2067,9,True,0,2025-02-27,7,0.0,0.04,0.09,3,27,0,0,1,6.0,0.0
2,2068,9,True,0,2025-02-27,2,0.0,0.02,0.05,3,27,0,0,1,6.714285714285714,0.0
2,2073,9,True,0,2025-02-27,10,0.0,0.01,0.03,3,27,0,0,1,6.714285714285714,0.0
2,2076,9,True,0,2025-02-27,6,0.0,0.04,0.07,3,27,0,0,1,7.285714285714286,0.0
2,2121,9,True,0,2025-02-27,1,0.0,0.02,0.09,3,27,0,0,1,6.142857142857143,0.0
2,2138,9,True,0,2025-02-27,15,0.0,0.05,0.09,3,27,0,0,1,6.285714285714286,0.0
2,2184,9,True,0,2025-02-27,7,0.0,0.02,0.12,3,27,0,0,1,6.571428571428571,0.0
2,2220,9,True,0,2025-02-27,2,0.0,0.01,0.03,3,27,0,0,1,6.857142857142857,0.0
2,2225,9,True,0,2025-02-27,14,0.0,0.03,0.06,3,27,0,0,1,6.142857142857143,0.0
2,2299,9,True,0,2025-02-27,0,0.0,0.02,0.05,3,27,0,0,1,7.857142857142857,0.0
2,2353,9,True,0,2025-02-27,1,0.0,0.01,0.01,3,27,0,0,1,6.428571428571429,0.0
2,2356,9,True,0,2025-02-27,0,0.0,0.01,0.02,3,27,0,0,1,5.714285714285714,0.0
2,2388,9,True,0,2025-02-27,10,0.0,0.03,0.07,3,27,0,0,1,5.571428571428571,0.0
2,2409,9,True,0,2025-02-27,3,0.0,0.05,0.09,3,27,0,0,1,4.857142857142857,0.0
2,2427,9,True,0,2025-02-27,6,0.0,0.01,0.02,3,27,0,0,1,4.285714285714286,0.0
2,2449,9,True,0,2025-02-27,13,1.0,0.05,0.08,3,27,0,0,1,4.857142857142857,0.0
2,2493,9,True,0,2025-02-27,13,0.0,0.02,0.05,3,27,0,0,1,4.714285714285714,0.0
2,2540,9,True,0,2025-02-27,0,2.0,0.05,0.12,3,27,0,0,1,6.571428571428571,0.0
2,2552,9,True,0,2025-02-27,8,1.0,0.04,0.1,3,27,0,0,1,6.428571428571429,0.0
2,2597,9,True,0,2025-02-27,3,0.0,0.01,0.03,3,27,0,0,1,7.571428571428571,0.0
2,2608,9,True,0,2025-02-27,9,0.0,0.04,0.1,3,27,0,0,1,6.571428571428571,0.0
2,2629,9,True,0,2025-02-27,2,0.0,0.02,0.09,3,27,0,0,1,7.428571428571429,0.0
2,2633,9,True,0,2025-02-27,5,0.0,0.01,0.01,3,27,0,0,1,6.857142857142857,0.0
2,2684,9,True,0,2025-02-27,8,0.0,0.04,0.03,3,27,0,0,1,5.714285714285714,0.0
2,2694,9,True,0,2025-02-27,16,0.0,0.04,0.09,3,27,0,0,1,5.0,0.0
2,2724,9,True,0,2025-02-27,17,2.0,0.01,0.03,3,27,0,0,1,7.285714285714286,0.0
2,2791,9,True,0,2025-02-27,0,0.0,0.1,0.16,3,27,0,0,1,8.571428571428571,0.0
2,2796,9,True,0,2025-02-27,2,0.0,0.03,0.09,3,27,0,0,1,8.142857142857142,0.0
2,2828,9,True,0,2025-02-27,4,0.0,0.02,0.05,3,27,0,0,1,7.142857142857143,0.0
2,2868,9,True,0,2025-02-27,15,0.0,0.03,0.04,3,27,0,0,1,7.428571428571429,0.0
2,2869,9,True,0,2025-02-27,6,0.0,0.05,0.12,3,27,0,0,1,8.857142857142858,0.0
2,2877,9,True,0,2025-02-27,3,0.0,0.1,0.16,3,27,0,0,1,8.571428571428571,0.0
2,2895,9,True,0,2025-02-27,10,2.0,0.06,0.06,3,27,0,0,1,6.714285714285714,0.0
2,2896,9,True,0,2025-02-27,4,0.0,0.04,0.1,3,27,0,0,1,5.714285714285714,0.0
2,2921,9,True,0,2025-02-27,5,0.0,0.07,0.19,3,27,0,0,1,6.285714285714286,0.0
2,2937,9,True,0,2025-02-27,2,0.0,0.03,0.11,3,27,0,0,1,6.714285714285714,0.0
2,2945,9,True,0,2025-02-27,5,1.0,0.06,0.09,3,27,0,0,1,6.428571428571429,0.0
2,2967,9,True,0,2025-02-27,7,0.0,0.13,0.08,3,27,0,0,1,5.0,0.0
2,2986,9,True,0,2025-02-27,8,0.0,0.03,0.05,3,27,0,0,1,5.142857142857143,0.0
2,2998,9,True,0,2025-02-27,3,0.0,0.01,0.06,3,27,0,0,1,5.857142857142857,0.0
2,3036,9,True,0,2025-02-27,2,0.0,0.03,0.05,3,27,0,0,1,4.857142857142857,0.0
2,3059,9,True,0,2025-02-27,1,0.0,0.06,0.1,3,27,0,0,1,4.571428571428571,0.0
2,3160,9,True,0,2025-02-27,9,0.0,0.01,0.02,3,27,0,0,1,4.0,0.0
2,3191,9,True,0,2025-02-27,7,0.0,0.06,0.11,3,27,0,0,1,5.0,0.0
2,3291,9,True,0,2025-02-27,6,0.0,0.05,0.09,3,27,0,0,1,5.285714285714286,0.0
2,3332,9,True,0,2025-02-27,6,0.0,0.02,0.1,3,27,0,0,1,5.142857142857143,0.0
2,3367,9,True,0,2025-02-27,4,0.0,0.06,0.18,3,27,0,0,1,4.857142857142857,0.0
2,3405,9,True,0,2025-02-27,11,2.0,0.01,0.05,3,27,0,0,1,5.0,0.0
2,3412,9,True,0,2025-02-27,36,0.0,0.01,0.02,3,27,0,0,1,6.285714285714286,0.0
2,3477,9,True,0,2025-02-27,6,0.0,0.03,0.05,3,27,0,0,1,11.285714285714286,0.0
2,3491,9,True,0,2025-02-27,5,0.0,0.03,0.1,3,27,0,0,1,10.857142857142858,0.0
2,3503,9,True,0,2025-02-27,10,0.0,0.01,0.04,3,27,0,0,1,10.571428571428571,0.0
2,3505,9,True,0,2025-02-27,5,2.0,0.04,0.2,3,27,0,0,1,11.142857142857142,0.0
2,3531,9,True,0,2025-02-27,11,0.0,0.02,0.05,3,27,0,0,1,11.0,0.0
2,3584,9,True,0,2025-02-27,4,0.0,0.02,0.09,3,27,0,0,1,12.0,0.0
2,3699,9,True,0,2025-02-27,9,0.0,0.01,0.04,3,27,0,0,1,11.0,0.0
2,3702,9,True,0,2025-02-27,8,0.0,0.02,0.02,3,27,0,0,1,7.142857142857143,0.0
2,3794,9,True,0,2025-02-27,2,0.0,0.03,0.06,3,27,0,0,1,7.428571428571429,0.0
2,3836,9,True,0,2025-02-27,10,0.0,0.05,0.1,3,27,0,0,1,7.0,0.0
2,3872,9,True,0,2025-02-27,11,0.0,0.04,0.07,3,27,0,0,1,7.0,0.0
2,3884,9,True,0,2025-02-27,6,0.0,0.01,0.03,3,27,0,0,1,7.857142857142857,0.0
2,3962,9,True,0,2025-02-27,3,0.0,0.05,0.19,3,27,0,0,1,7.142857142857143,0.0
2,3998,9,True,0,2025-02-27,7,0.0,0.04,0.09,3,27,0,0,1,7.0,0.0
2,4008,9,True,0,2025-02-27,4,0.0,0.04,0.29,3,27,0,0,1,6.714285714285714,0.0
2,4056,9,True,0,2025-02-27,4,0.0,0.02,0.06,3,27,0,0,1,6.142857142857143,0.0
2,4075,9,True,0,2025-02-27,6,0.0,0.06,0.22,3,27,0,0,1,6.428571428571429,0.0
2,4083,9,True,0,2025-02-27,7,0.0,0.09,0.15,3,27,0,0,1,5.857142857142857,0.0
2,4232,9,True,0,2025-02-27,10,1.0,0.13,0.17,3,27,0,0,1,5.285714285714286,0.0
2,4259,9,True,0,2025-02-27,4,0.0,0.26,0.44,3,27,0,0,1,5.857142857142857,0.0
2,4262,9,True,0,2025-02-27,10,0.0,0.02,0.05,3,27,0,0,1,6.0,0.0
2,4279,9,True,0,2025-02-27,2,0.0,0.05,0.15,3,27,0,0,1,6.428571428571429,0.0
2,4296,9,True,0,2025-02-27,2,0.0,0.04,0.1,3,27,0,0,1,6.142857142857143,0.0
2,4332,9,True,0,2025-02-27,8,0.0,0.04,0.14,3,27,0,0,1,5.857142857142857,0.0
2,4353,9,True,0,2025-02-27,15,0.0,0.01,0.05,3,27,0,0,1,6.142857142857143,0.0
2,4363,9,True,0,2025-02-27,6,0.0,0.05,0.09,3,27,0,0,1,7.285714285714286,0.0
2,4393,9,True,0,2025-02-27,6,0.0,0.11,0.17,3,27,0,0,1,6.714285714285714,0.0
2,4406,9,True,0,2025-02-27,3,1.0,0.02,0.07,3,27,0,0,1,7.0,0.0
2,4459,9,True,0,2025-02-27,19,0.0,0.02,0.05,3,27,0,0,1,6.0,0.0
2,4477,9,True,0,2025-02-27,4,1.0,0.03,0.06,3,27,0,0,1,8.428571428571429,0.0
2,4532,9,True,0,2025-02-27,9,0.0,0.02,0.04,3,27,0,0,1,8.714285714285714,0.0
2,4574,9,True,0,2025-02-27,3,0.0,0.01,0.07,3,27,0,0,1,8.857142857142858,0.0
2,4623,9,True,0,2025-02-27,8,0.0,0.03,0.08,3,27,0,0,1,7.142857142857143,0.0
2,4677,9,True,0,2025-02-27,9,0.0,0.12,0.23,3,27,0,0,1,7.428571428571429,0.0
2,4695,9,True,0,2025-02-27,6,0.0,0.04,0.1,3,27,0,0,1,7.857142857142857,0.0
2,4709,9,True,0,2025-02-27,8,0.0,0.08,0.12,3,27,0,0,1,8.285714285714286,0.0
2,4728,9,True,0,2025-02-27,5,2.0,0.02,0.04,3,27,0,0,1,6.714285714285714,0.0
2,4737,9,True,0,2025-02-27,0,0.0,0.01,0.03,3,27,0,0,1,6.857142857142857,0.0
2,4775,9,True,0,2025-02-27,8,0.0,0.04,0.04,3,27,0,0,1,5.571428571428571,0.0
2,4784,9,True,0,2025-02-27,3,0.0,0.01,0.05,3,27,0,0,1,6.285714285714286,0.0
2,4858,9,True,0,2025-02-27,5,0.0,0.15,0.29,3,27,0,0,1,5.571428571428571,0.0
2,4863,9,True,0,2025-02-27,9,1.0,0.02,0.05,3,27,0,0,1,5.0,0.0
2,4927,9,True,0,2025-02-27,2,0.0,0.06,0.03,3,27,0,0,1,5.428571428571429,0.0
2,4974,9,True,0,2025-02-27,5,0.0,0.02,0.06,3,27,0,0,1,4.571428571428571,0.0
2,5011,9,True,0,2025-02-27,12,0.0,0.06,0.12,3,27,0,0,1,4.571428571428571,0.0
2,5012,9,True,0,2025-02-27,4,0.0,0.01,0.04,3,27,0,0,1,6.285714285714286,0.0
2,5070,9,True,0,2025-02-27,11,0.0,0.05,0.15,3,27,0,0,1,5.714285714285714,0.0
2,5226,9,True,0,2025-02-27,7,1.0,0.05,0.19,3,27,0,0,1,6.857142857142857,0.0
2,5242,9,True,0,2025-02-27,5,0.0,0.04,0.2,3,27,0,0,1,7.142857142857143,0.0
2,15,10,False,0,2025-02-27,12,0.0,0.03,0.13,3,27,0,0,1,6.571428571428571,0.0
2,149,10,False,0,2025-02-27,15,0.0,0.02,0.05,3,27,0,0,1,8.0,0.0
2,2636,10,False,0,2025-02-27,12,1.0,0.09,0.22,3,27,0,0,1,9.428571428571429,0.0
2,3122,10,False,0,2025-02-27,10,0.0,0.01,0.04,3,27,0,0,1,9.428571428571429,0.0
2,3904,10,False,0,2025-02-27,1,0.0,0.03,0.04,3,27,0,0,1,10.285714285714286,0.0
2,4959,10,False,0,2025-02-27,22,0.0,0.01,0.02,3,27,0,0,1,8.857142857142858,0.0
2,518,11,False,0,2025-02-27,1,0.0,0.16,0.15,3,27,0,0,1,11.0,0.0
2,810,11,False,0,2025-02-27,0,0.0,0.1,0.12,3,27,0,0,1,10.428571428571429,0.0
2,926,11,False,0,2025-02-27,3,0.0,0.14,0.18,3,27,0,0,1,8.714285714285714,0.0
2,1341,11,False,0,2025-02-27,9,1.0,0.16,0.19,3,27,0,0,1,7.0,0.0
2,1346,11,False,0,2025-02-27,0,0.0,0.07,0.07,3,27,0,0,1,6.571428571428571,0.0
2,1797,11,False,0,2025-02-27,2,0.0,0.07,0.11,3,27,0,0,1,5.142857142857143,0.0
2,1879,11,False,0,2025-02-27,4,0.0,0.1,0.12,3,27,0,0,1,5.285714285714286,0.0
2,3084,11,False,0,2025-02-27,6,0.0,0.12,0.15,3,27,0,0,1,2.7142857142857144,0.0
2,3414,11,False,0,2025-02-27,0,0.0,0.1,0.12,3,27,0,0,1,3.4285714285714284,0.0
2,3602,11,False,0,2025-02-27,3,0.0,0.12,0.15,3,27,0,0,1,3.4285714285714284,0.0
2,3829,11,False,0,2025-02-27,5,1.0,0.1,0.15,3,27,0,0,1,3.4285714285714284,0.0
2,3961,11,False,0,2025-02-27,3,0.0,0.09,0.11,3,27,0,0,1,2.857142857142857,0.0
2,4171,11,False,0,2025-02-27,4,0.0,0.14,0.21,3,27,0,0,1,3.2857142857142856,0.0
2,4182,11,False,0,2025-02-27,2,0.0,0.07,0.07,3,27,0,0,1,3.5714285714285716,0.0
2,4322,11,False,0,2025-02-27,0,0.0,0.1,0.12,3,27,0,0,1,3.2857142857142856,0.0
2,4930,11,False,0,2025-02-27,3,0.0,0.09,0.12,3,27,0,0,1,2.4285714285714284,0.0
2,27,1,False,0,2025-02-25,4,0.0,0.07,0.08,1,25,0,0,1,2.857142857142857,0.0
2,982,1,False,0,2025-02-25,5,0.0,0.2,0.24,1,25,0,0,1,3.0,0.0
2,1030,1,False,0,2025-02-25,6,0.0,0.29,0.37,1,25,0,0,1,3.0,0.0
2,1304,1,False,0,2025-02-25,3,0.0,0.04,0.06,1,25,0,0,1,3.4285714285714284,0.0
2,1590,1,False,0,2025-02-25,3,1.0,0.06,0.09,1,25,0,0,1,3.2857142857142856,0.0
2,1752,1,False,0,2025-02-25,5,1.0,0.16,0.22,1,25,0,0,1,3.4285714285714284,0.0
2,1840,1,False,0,2025-02-25,4,0.0,0.13,0.17,1,25,0,0,1,4.142857142857143,0.0
2,1853,1,False,0,2025-02-25,0,0.0,0.18,0.21,1,25,0,0,1,4.285714285714286,0.0
2,1874,1,False,0,2025-02-25,6,0.0,0.03,0.03,1,25,0,0,1,3.7142857142857144,0.0
2,2850,1,False,0,2025-02-25,4,0.0,0.18,0.22,1,25,0,0,1,3.857142857142857,0.0
2,3058,1,False,0,2025-02-25,6,0.0,0.16,0.19,1,25,0,0,1,3.5714285714285716,0.0
2,3120,1,False,0,2025-02-25,6,0.0,0.16,0.18,1,25,0,0,1,4.0,0.0
2,3621,1,False,0,2025-02-25,2,0.0,0.03,0.04,1,25,0,0,1,4.428571428571429,0.0
2,3625,1,False,0,2025-02-25,4,1.0,0.16,0.19,1,25,0,0,1,4.0,0.0
2,4088,1,False,0,2025-02-25,2,0.0,0.33,0.4,1,25,0,0,1,4.0,0.0
2,4089,1,False,0,2025-02-25,3,0.0,0.16,0.23,1,25,0,0,1,4.285714285714286,0.0
2,4206,1,False,0,2025-02-25,4,0.0,0.5,0.6,1,25,0,0,1,3.857142857142857,0.0
2,4693,1,False,0,2025-02-25,3,0.0,0.09,0.11,1,25,0,0,1,3.857142857142857,0.0
2,5035,1,False,0,2025-02-25,3,0.0,0.13,0.15,1,25,0,0,1,3.4285714285714284,0.0
2,9,3,True,0,2025-02-25,1,0.0,0.11,0.15,1,25,0,0,1,3.0,0.0
2,42,3,True,0,2025-02-25,1,0.0,0.05,0.06,1,25,0,0,1,2.857142857142857,0.0
2,54,3,True,0,2025-02-25,1,0.0,0.18,0.21,1,25,0,0,1,2.4285714285714284,0.0
2,63,3,True,0,2025-02-25,3,0.0,0.14,0.17,1,25,0,0,1,2.2857142857142856,0.0
2,71,3,True,0,2025-02-25,4,0.0,0.03,0.03,1,25,0,0,1,2.2857142857142856,0.0
2,73,3,True,0,2025-02-25,3,0.0,0.15,0.19,1,25,0,0,1,2.2857142857142856,0.0
2,118,3,True,0,2025-02-25,2,0.0,0.05,0.08,1,25,0,0,1,2.2857142857142856,0.0
2,151,3,True,0,2025-02-25,0,0.0,0.21,0.29,1,25,0,0,1,2.142857142857143,0.0
2,154,3,True,0,2025-02-25,2,0.0,0.18,0.22,1,25,0,0,1,2.0,0.0
2,156,3,True,0,2025-02-25,2,0.0,0.04,0.05,1,25,0,0,1,2.142857142857143,0.0
2,224,3,True,0,2025-02-25,1,0.0,0.06,0.08,1,25,0,0,1,2.2857142857142856,0.0
2,230,3,True,0,2025-02-25,2,0.0,0.03,0.04,1,25,0,0,1,2.0,0.0
2,258,3,True,0,2025-02-25,1,0.0,0.03,0.04,1,25,0,0,1,1.7142857142857142,0.0
2,304,3,True,0,2025-02-25,2,0.0,0.1,0.12,1,25,0,0,1,1.4285714285714286,0.0
2,307,3,True,0,2025-02-25,3,0.0,0.16,0.21,1,25,0,0,1,1.4285714285714286,0.0
2,319,3,True,0,2025-02-25,1,0.0,0.35,0.42,1,25,0,0,1,1.8571428571428572,0.0
2,323,3,True,0,2025-02-25,1,0.0,0.28,0.33,1,25,0,0,1,1.7142857142857142,0.0
2,347,3,True,0,2025-02-25,1,1.0,0.06,0.07,1,25,0,0,1,1.5714285714285714,0.0
2,377,3,True,0,2025-02-25,4,0.0,0.12,0.17,1,25,0,0,1,1.5714285714285714,0.0
2,384,3,True,0,2025-02-25,0,1.0,0.04,0.06,1,25,0,0,1,1.8571428571428572,0.0
2,396,3,True,0,2025-02-25,3,0.0,0.22,0.25,1,25,0,0,1,1.7142857142857142,0.0
2,400,3,True,0,2025-02-25,1,0.0,0.19,0.23,1,25,0,0,1,1.8571428571428572,0.0
2,409,3,True,0,2025-02-25,1,0.0,0.1,0.11,1,25,0,0,1,1.5714285714285714,0.0
2,414,3,True,0,2025-02-25,1,0.0,0.08,0.09,1,25,0,0,1,1.5714285714285714,0.0
2,424,3,True,0,2025-02-25,4,0.0,0.09,0.12,1,25,0,0,1,1.5714285714285714,0.0
2,430,3,True,0,2025-02-25,1,0.0,0.13,0.22,1,25,0,0,1,2.0,0.0
2,452,3,True,0,2025-02-25,2,0.0,0.07,0.09,1,25,0,0,1,1.5714285714285714,0.0
2,514,3,True,0,2025-02-25,4,0.0,0.16,0.2,1,25,0,0,1,1.8571428571428572,0.0
2,541,3,True,0,2025-02-25,4,0.0,0.07,0.1,1,25,0,0,1,2.0,0.0
2,550,3,True,0,2025-02-25,0,0.0,0.13,0.18,1,25,0,0,1,2.4285714285714284,0.0
2,570,3,True,0,2025-02-25,2,0.0,0.15,0.18,1,25,0,0,1,2.2857142857142856,0.0
2,571,3,True,0,2025-02-25,2,0.0,0.11,0.15,1,25,0,0,1,2.4285714285714284,0.0
2,604,3,True,0,2025-02-25,1,0.0,0.3,0.37,1,25,0,0,1,2.142857142857143,0.0
2,618,3,True,0,2025-02-25,2,0.0,0.13,0.16,1,25,0,0,1,2.142857142857143,0.0
2,630,3,True,0,2025-02-25,0,0.0,0.06,0.07,1,25,0,0,1,2.142857142857143,0.0
2,642,3,True,0,2025-02-25,1,0.0,0.07,0.11,1,25,0,0,1,1.5714285714285714,0.0
2,643,3,True,0,2025-02-25,1,0.0,0.06,0.07,1,25,0,0,1,1.1428571428571428,0.0
2,664,3,True,0,2025-02-25,1,0.0,0.14,0.19,1,25,0,0,1,1.2857142857142858,0.0
2,674,3,True,0,2025-02-25,1,0.0,0.15,0.18,1,25,0,0,1,1.1428571428571428,0.0
2,679,3,True,0,2025-02-25,1,0.0,0.06,0.07,1,25,0,0,1,1.0,0.0
2,713,3,True,0,2025-02-25,3,0.0,0.06,0.07,1,25,0,0,1,1.0,0.0
2,725,3,True,0,2025-02-25,2,0.0,0.18,0.23,1,25,0,0,1,1.1428571428571428,0.0
2,766,3,True,0,2025-02-25,5,0.0,0.06,0.09,1,25,0,0,1,1.4285714285714286,0.0
2,767,3,True,0,2025-02-25,2,0.0,0.17,0.22,1,25,0,0,1,2.0,0.0
2,775,3,True,0,2025-02-25,2,0.0,0.12,0.15,1,25,0,0,1,2.142857142857143,0.0
2,800,3,True,0,2025-02-25,3,0.0,0.26,0.37,1,25,0,0,1,2.2857142857142856,0.0
2,804,3,True,0,2025-02-25,5,0.0,0.1,0.14,1,25,0,0,1,2.5714285714285716,0.0
2,806,3,True,0,2025-02-25,1,0.0,0.08,0.1,1,25,0,0,1,3.142857142857143,0.0
2,807,3,True,0,2025-02-25,5,0.0,0.13,0.16,1,25,0,0,1,2.857142857142857,0.0
2,808,3,True,0,2025-02-25,1,0.0,0.06,0.07,1,25,0,0,1,3.2857142857142856,0.0
2,832,3,True,0,2025-02-25,1,0.0,0.12,0.16,1,25,0,0,1,2.7142857142857144,0.0
2,836,3,True,0,2025-02-25,2,0.0,0.07,0.09,1,25,0,0,1,2.5714285714285716,0.0
2,841,3,True,0,2025-02-25,4,0.0,0.13,0.17,1,25,0,0,1,2.5714285714285716,0.0
2,847,3,True,0,2025-02-25,2,0.0,0.08,0.11,1,25,0,0,1,2.7142857142857144,0.0
2,850,3,True,0,2025-02-25,2,0.0,0.49,0.61,1,25,0,0,1,2.2857142857142856,0.0
2,874,3,True,0,2025-02-25,2,0.0,0.03,0.04,1,25,0,0,1,2.4285714285714284,0.0
2,897,3,True,0,2025-02-25,7,0.0,0.05,0.05,1,25,0,0,1,2.0,0.0
2,903,3,True,0,2025-02-25,3,0.0,0.05,0.08,1,25,0,0,1,2.857142857142857,0.0
2,905,3,True,0,2025-02-25,1,0.0,0.12,0.16,1,25,0,0,1,3.142857142857143,0.0
2,921,3,True,0,2025-02-25,2,1.0,0.09,0.12,1,25,0,0,1,3.0,0.0
2,922,3,True,0,2025-02-25,4,0.0,0.07,0.09,1,25,0,0,1,2.7142857142857144,0.0
2,937,3,True,0,2025-02-25,0,0.0,0.03,0.05,1,25,0,0,1,3.0,0.0
2,940,3,True,0,2025-02-25,4,0.0,0.2,0.25,1,25,0,0,1,2.7142857142857144,0.0
2,965,3,True,0,2025-02-25,1,0.0,0.36,0.43,1,25,0,0,1,3.0,0.0
2,971,3,True,0,2025-02-25,4,0.0,0.08,0.1,1,25,0,0,1,2.142857142857143,0.0
2,978,3,True,0,2025-02-25,1,0.0,0.11,0.13,1,25,0,0,1,2.2857142857142856,0.0
2,983,3,True,0,2025-02-25,3,0.0,0.11,0.13,1,25,0,0,1,2.2857142857142856,0.0
2,1005,3,True,0,2025-02-25,7,0.0,0.07,0.09,1,25,0,0,1,2.4285714285714284,0.0
2,1006,3,True,0,2025-02-25,0,0.0,0.03,0.04,1,25,0,0,1,2.857142857142857,0.0
2,1022,3,True,0,2025-02-25,1,0.0,0.09,0.12,1,25,0,0,1,2.857142857142857,0.0
2,1046,3,True,0,2025-02-25,3,0.0,0.06,0.1,1,25,0,0,1,2.4285714285714284,0.0
2,1074,3,True,0,2025-02-25,1,0.0,0.11,0.1,1,25,0,0,1,2.7142857142857144,0.0
2,1080,3,True,0,2025-02-25,2,0.0,0.15,0.2,1,25,0,0,1,2.2857142857142856,0.0
2,1089,3,True,0,2025-02-25,2,0.0,0.11,0.14,1,25,0,0,1,2.4285714285714284,0.0
2,1094,3,True,0,2025-02-25,0,0.0,0.18,0.2,1,25,0,0,1,2.2857142857142856,0.0
2,1106,3,True,0,2025-02-25,5,0.0,0.08,0.11,1,25,0,0,1,1.2857142857142858,0.0
2,1141,3,True,0,2025-02-25,1,0.0,0.09,0.13,1,25,0,0,1,2.0,0.0
2,1142,3,True,0,2025-02-25,2,0.0,0.28,0.34,1,25,0,0,1,2.0,0.0
2,1150,3,True,0,2025-02-25,3,0.0,0.04,0.05,1,25,0,0,1,1.8571428571428572,0.0
2,1153,3,True,0,2025-02-25,0,0.0,0.07,0.09,1,25,0,0,1,2.142857142857143,0.0
2,1173,3,True,0,2025-02-25,1,0.0,0.05,0.07,1,25,0,0,1,1.8571428571428572,0.0
2,1208,3,True,0,2025-02-25,4,0.0,0.1,0.12,1,25,0,0,1,1.7142857142857142,0.0
2,1246,3,True,0,2025-02-25,1,0.0,0.04,0.08,1,25,0,0,1,2.2857142857142856,0.0
2,1254,3,True,0,2025-02-25,2,0.0,0.23,0.29,1,25,0,0,1,1.7142857142857142,0.0
2,1280,3,True,0,2025-02-25,1,0.0,0.14,0.16,1,25,0,0,1,1.8571428571428572,0.0
2,1315,3,True,0,2025-02-25,3,0.0,0.14,0.2,1,25,0,0,1,1.7142857142857142,0.0
2,1322,3,True,0,2025-02-25,2,0.0,0.25,0.28,1,25,0,0,1,1.7142857142857142,0.0
2,1337,3,True,0,2025-02-25,2,0.0,0.04,0.06,1,25,0,0,1,2.0,0.0
2,1348,3,True,0,2025-02-25,3,0.0,0.14,0.19,1,25,0,0,1,2.142857142857143,0.0
2,1353,3,True,0,2025-02-25,1,0.0,0.12,0.16,1,25,0,0,1,2.0,0.0
2,1387,3,True,0,2025-02-25,0,0.0,0.04,0.05,1,25,0,0,1,2.0,0.0
2,1413,3,True,0,2025-02-25,1,0.0,0.51,0.57,1,25,0,0,1,1.7142857142857142,0.0
2,1446,3,True,0,2025-02-25,9,0.0,0.01,0.01,1,25,0,0,1,1.7142857142857142,0.0
2,1450,3,True,0,2025-02-25,3,0.0,0.05,0.06,1,25,0,0,1,2.5714285714285716,0.0
2,1458,3,True,0,2025-02-25,0,1.0,0.05,0.06,1,25,0,0,1,2.7142857142857144,0.0
2,1460,3,True,0,2025-02-25,3,0.0,0.05,0.06,1,25,0,0,1,2.4285714285714284,0.0
2,1486,3,True,0,2025-02-25,4,0.0,0.07,0.09,1,25,0,0,1,2.4285714285714284,0.0
2,1514,3,True,0,2025-02-25,1,0.0,0.19,0.2,1,25,0,0,1,2.857142857142857,0.0
2,1518,3,True,0,2025-02-25,1,0.0,0.17,0.2,1,25,0,0,1,3.0,0.0
2,1520,3,True,0,2025-02-25,2,0.0,0.05,0.06,1,25,0,0,1,3.0,0.0
2,1577,3,True,0,2025-02-25,1,1.0,0.07,0.09,1,25,0,0,1,2.0,0.0
2,1604,3,True,0,2025-02-25,1,0.0,0.36,0.41,1,25,0,0,1,1.7142857142857142,0.0
2,1651,3,True,0,2025-02-25,1,0.0,0.22,0.27,1,25,0,0,1,1.8571428571428572,0.0
2,1660,3,True,0,2025-02-25,1,0.0,0.1,0.12,1,25,0,0,1,1.5714285714285714,0.0
2,1667,3,True,0,2025-02-25,1,0.0,0.07,0.08,1,25,0,0,1,1.1428571428571428,0.0
2,1689,3,True,0,2025-02-25,3,0.0,0.05,0.06,1,25,0,0,1,1.1428571428571428,0.0
2,1691,3,True,0,2025-02-25,2,0.0,0.03,0.05,1,25,0,0,1,1.4285714285714286,0.0
2,1717,3,True,0,2025-02-25,1,0.0,0.27,0.32,1,25,0,0,1,1.4285714285714286,0.0
2,1736,3,True,0,2025-02-25,1,0.0,0.06,0.09,1,25,0,0,1,1.4285714285714286,0.0
2,1781,3,True,0,2025-02-25,1,0.0,0.04,0.04,1,25,0,0,1,1.4285714285714286,0.0
2,1791,3,True,0,2025-02-25,1,0.0,0.3,0.44,1,25,0,0,1,1.4285714285714286,0.0
2,1798,3,True,0,2025-02-25,2,0.0,0.22,0.28,1,25,0,0,1,1.4285714285714286,0.0
2,1800,3,True,0,2025-02-25,0,0.0,0.24,0.31,1,25,0,0,1,1.5714285714285714,0.0
2,1803,3,True,0,2025-02-25,1,0.0,0.07,0.15,1,25,0,0,1,1.1428571428571428,0.0
2,1804,3,True,0,2025-02-25,3,0.0,0.09,0.11,1,25,0,0,1,1.0,0.0
2,1843,3,True,0,2025-02-25,1,0.0,0.04,0.06,1,25,0,0,1,1.2857142857142858,0.0
2,1852,3,True,0,2025-02-25,3,0.0,0.05,0.06,1,25,0,0,1,1.2857142857142858,0.0
2,1871,3,True,0,2025-02-25,2,0.0,0.17,0.2,1,25,0,0,1,1.5714285714285714,0.0
2,1876,3,True,0,2025-02-25,3,0.0,0.07,0.1,1,25,0,0,1,1.7142857142857142,0.0
2,1881,3,True,0,2025-02-25,2,0.0,0.18,0.24,1,25,0,0,1,1.8571428571428572,0.0
2,1903,3,True,0,2025-02-25,1,0.0,0.05,0.07,1,25,0,0,1,2.142857142857143,0.0
2,1908,3,True,0,2025-02-25,2,0.0,0.03,0.06,1,25,0,0,1,2.142857142857143,0.0
2,1918,3,True,0,2025-02-25,1,0.0,0.03,0.04,1,25,0,0,1,2.0,0.0
2,1932,3,True,0,2025-02-25,0,0.0,0.1,0.14,1,25,0,0,1,2.0,0.0
2,1936,3,True,0,2025-02-25,0,0.0,0.43,0.46,1,25,0,0,1,1.5714285714285714,0.0
2,1947,3,True,0,2025-02-25,16,0.0,0.09,0.13,1,25,0,0,1,1.2857142857142858,0.0
2,1962,3,True,0,2025-02-25,1,0.0,0.06,0.09,1,25,0,0,1,3.142857142857143,0.0
2,1965,3,True,0,2025-02-25,5,0.0,0.24,0.27,1,25,0,0,1,3.0,0.0
2,1992,3,True,0,2025-02-25,1,0.0,0.08,0.11,1,25,0,0,1,3.5714285714285716,0.0
2,1994,3,True,0,2025-02-25,1,0.0,0.03,0.03,1,25,0,0,1,3.4285714285714284,0.0
2,2017,3,True,0,2025-02-25,3,0.0,0.11,0.15,1,25,0,0,1,3.4285714285714284,0.0
2,2019,3,True,0,2025-02-25,1,0.0,0.15,0.17,1,25,0,0,1,3.857142857142857,0.0
2,2041,3,True,0,2025-02-25,0,0.0,0.06,0.08,1,25,0,0,1,4.0,0.0
2,2043,3,True,0,2025-02-25,4,0.0,0.06,0.09,1,25,0,0,1,1.7142857142857142,0.0
2,2047,3,True,0,2025-02-25,1,0.0,0.12,0.14,1,25,0,0,1,2.142857142857143,0.0
2,2055,3,True,0,2025-02-25,2,0.0,0.1,0.11,1,25,0,0,1,1.5714285714285714,0.0
2,2084,3,True,0,2025-02-25,3,0.0,0.05,0.05,1,25,0,0,1,1.7142857142857142,0.0
2,2111,3,True,0,2025-02-25,3,0.0,0.29,0.36,1,25,0,0,1,2.0,0.0
2,2114,3,True,0,2025-02-25,1,0.0,0.06,0.08,1,25,0,0,1,2.0,0.0
2,2115,3,True,0,2025-02-25,6,0.0,0.49,0.47,1,25,0,0,1,2.0,0.0
2,2117,3,True,0,2025-02-25,2,0.0,0.14,0.17,1,25,0,0,1,2.857142857142857,0.0
2,2136,3,True,0,2025-02-25,2,0.0,0.28,0.31,1,25,0,0,1,2.5714285714285716,0.0
2,2146,3,True,0,2025-02-25,3,0.0,0.2,0.26,1,25,0,0,1,2.7142857142857144,0.0
2,2173,3,True,0,2025-02-25,4,0.0,0.03,0.04,1,25,0,0,1,2.857142857142857,0.0
2,2186,3,True,0,2025-02-25,1,0.0,0.25,0.27,1,25,0,0,1,3.0,0.0
2,2192,3,True,0,2025-02-25,0,0.0,0.07,0.1,1,25,0,0,1,2.7142857142857144,0.0
2,2201,3,True,0,2025-02-25,1,0.0,0.12,0.15,1,25,0,0,1,2.5714285714285716,0.0
2,2203,3,True,0,2025-02-25,1,0.0,0.15,0.2,1,25,0,0,1,1.8571428571428572,0.0
2,2206,3,True,0,2025-02-25,21,0.0,0.02,0.03,1,25,0,0,1,1.7142857142857142,0.0
2,2228,3,True,0,2025-02-25,0,0.0,0.16,0.21,1,25,0,0,1,4.428571428571429,0.0
2,2245,3,True,0,2025-02-25,1,0.0,0.2,0.22,1,25,0,0,1,4.0,0.0
2,2249,3,True,0,2025-02-25,2,0.0,0.06,0.07,1,25,0,0,1,3.5714285714285716,0.0
2,2265,3,True,0,2025-02-25,1,0.0,0.03,0.04,1,25,0,0,1,3.7142857142857144,0.0
2,2268,3,True,0,2025-02-25,3,0.0,0.14,0.18,1,25,0,0,1,3.857142857142857,0.0
2,2282,3,True,0,2025-02-25,1,1.0,0.08,0.11,1,25,0,0,1,4.142857142857143,0.0
2,2289,3,True,0,2025-02-25,3,0.0,0.08,0.1,1,25,0,0,1,4.142857142857143,0.0
2,2300,3,True,0,2025-02-25,0,0.0,0.23,0.28,1,25,0,0,1,1.5714285714285714,0.0
2,2314,3,True,0,2025-02-25,1,0.0,0.06,0.08,1,25,0,0,1,1.5714285714285714,0.0
2,2316,3,True,0,2025-02-25,1,0.0,0.08,0.09,1,25,0,0,1,1.5714285714285714,0.0
2,2347,3,True,0,2025-02-25,2,0.0,0.16,0.2,1,25,0,0,1,1.4285714285714286,0.0
2,2350,3,True,0,2025-02-25,1,0.0,0.04,0.05,1,25,0,0,1,1.5714285714285714,0.0
2,2385,3,True,0,2025-02-25,7,0.0,0.02,0.03,1,25,0,0,1,1.2857142857142858,0.0
2,2387,3,True,0,2025-02-25,0,0.0,0.1,0.16,1,25,0,0,1,2.142857142857143,0.0
2,2394,3,True,0,2025-02-25,0,0.0,0.12,0.16,1,25,0,0,1,1.7142857142857142,0.0
2,2402,3,True,0,2025-02-25,2,0.0,0.07,0.1,1,25,0,0,1,1.7142857142857142,0.0
2,2406,3,True,0,2025-02-25,2,0.0,0.29,0.43,1,25,0,0,1,1.8571428571428572,0.0
2,2411,3,True,0,2025-02-25,3,0.0,0.16,0.2,1,25,0,0,1,2.0,0.0
2,2422,3,True,0,2025-02-25,1,0.0,0.27,0.31,1,25,0,0,1,2.142857142857143,0.0
2,2426,3,True,0,2025-02-25,0,0.0,0.15,0.16,1,25,0,0,1,2.142857142857143,0.0
2,2472,3,True,0,2025-02-25,1,0.0,0.09,0.12,1,25,0,0,1,1.1428571428571428,0.0
2,2496,3,True,0,2025-02-25,2,0.0,0.22,0.32,1,25,0,0,1,1.2857142857142858,0.0
2,2501,3,True,0,2025-02-25,1,0.0,0.09,0.11,1,25,0,0,1,1.5714285714285714,0.0
2,2505,3,True,0,2025-02-25,2,0.0,0.09,0.11,1,25,0,0,1,1.4285714285714286,0.0
2,2521,3,True,0,2025-02-25,1,0.0,0.43,0.51,1,25,0,0,1,1.4285714285714286,0.0
2,2524,3,True,0,2025-02-25,1,0.0,0.29,0.37,1,25,0,0,1,1.1428571428571428,0.0
2,2532,3,True,0,2025-02-25,1,0.0,0.12,0.11,1,25,0,0,1,1.1428571428571428,0.0
2,2533,3,True,0,2025-02-25,2,0.0,0.34,0.36,1,25,0,0,1,1.2857142857142858,0.0
2,2555,3,True,0,2025-02-25,1,0.0,0.03,0.04,1,25,0,0,1,1.4285714285714286,0.0
2,2572,3,True,0,2025-02-25,0,0.0,0.34,0.45,1,25,0,0,1,1.2857142857142858,0.0
2,2573,3,True,0,2025-02-25,2,0.0,0.23,0.31,1,25,0,0,1,1.1428571428571428,0.0
2,2575,3,True,0,2025-02-25,3,0.0,0.02,0.03,1,25,0,0,1,1.1428571428571428,0.0
2,2578,3,True,0,2025-02-25,3,0.0,0.04,0.06,1,25,0,0,1,1.4285714285714286,0.0
2,2593,3,True,0,2025-02-25,3,0.0,0.01,0.02,1,25,0,0,1,1.7142857142857142,0.0
2,2594,3,True,0,2025-02-25,1,0.0,0.24,0.27,1,25,0,0,1,2.0,0.0
2,2596,3,True,0,2025-02-25,0,0.0,0.22,0.19,1,25,0,0,1,1.8571428571428572,0.0
2,2626,3,True,0,2025-02-25,1,0.0,0.25,0.37,1,25,0,0,1,1.7142857142857142,0.0
2,2637,3,True,0,2025-02-25,2,0.0,0.15,0.18,1,25,0,0,1,1.8571428571428572,0.0
2,2650,3,True,0,2025-02-25,1,0.0,0.07,0.09,1,25,0,0,1,1.8571428571428572,0.0
2,2663,3,True,0,2025-02-25,1,0.0,0.54,0.64,1,25,0,0,1,1.5714285714285714,0.0
2,2664,3,True,0,2025-02-25,3,0.0,0.19,0.24,1,25,0,0,1,1.2857142857142858,0.0
2,2668,3,True,0,2025-02-25,5,0.0,0.22,0.28,1,25,0,0,1,1.2857142857142858,0.0
2,2710,3,True,0,2025-02-25,2,0.0,0.06,0.09,1,25,0,0,1,1.8571428571428572,0.0
2,2715,3,True,0,2025-02-25,0,0.0,0.04,0.05,1,25,0,0,1,2.142857142857143,0.0
2,2741,3,True,0,2025-02-25,2,0.0,0.17,0.2,1,25,0,0,1,2.0,0.0
2,2746,3,True,0,2025-02-25,2,0.0,0.15,0.2,1,25,0,0,1,2.0,0.0
2,2768,3,True,0,2025-02-25,3,0.0,0.08,0.12,1,25,0,0,1,2.142857142857143,0.0
2,2814,3,True,0,2025-02-25,1,0.0,0.1,0.14,1,25,0,0,1,2.4285714285714284,0.0
2,2826,3,True,0,2025-02-25,2,0.0,0.06,0.1,1,25,0,0,1,2.142857142857143,0.0
2,2827,3,True,0,2025-02-25,1,0.0,0.34,0.37,1,25,0,0,1,1.7142857142857142,0.0
2,2861,3,True,0,2025-02-25,1,0.0,0.09,0.11,1,25,0,0,1,1.5714285714285714,0.0
2,2862,3,True,0,2025-02-25,1,0.0,0.32,0.38,1,25,0,0,1,1.7142857142857142,0.0
2,2864,3,True,0,2025-02-25,19,0.0,0.06,0.07,1,25,0,0,1,1.5714285714285714,0.0
2,2866,3,True,0,2025-02-25,2,0.0,0.25,0.29,1,25,0,0,1,4.0,0.0
2,2902,3,True,0,2025-02-25,3,0.0,0.04,0.05,1,25,0,0,1,3.857142857142857,0.0
2,2910,3,True,0,2025-02-25,0,0.0,0.25,0.32,1,25,0,0,1,4.142857142857143,0.0
2,2911,3,True,0,2025-02-25,2,0.0,0.27,0.36,1,25,0,0,1,3.857142857142857,0.0
2,2951,3,True,0,2025-02-25,2,0.0,0.07,0.09,1,25,0,0,1,4.0,0.0
2,2954,3,True,0,2025-02-25,5,0.0,0.05,0.07,1,25,0,0,1,4.142857142857143,0.0
2,2958,3,True,0,2025-02-25,0,0.0,0.04,0.05,1,25,0,0,1,4.714285714285714,0.0
2,2974,3,True,0,2025-02-25,4,0.0,0.12,0.15,1,25,0,0,1,2.0,0.0
2,2975,3,True,0,2025-02-25,2,0.0,0.14,0.14,1,25,0,0,1,2.2857142857142856,0.0
2,2980,3,True,0,2025-02-25,3,1.0,0.06,0.07,1,25,0,0,1,2.142857142857143,0.0
2,3022,3,True,0,2025-02-25,3,0.0,0.2,0.23,1,25,0,0,1,2.5714285714285716,0.0
2,3052,3,True,0,2025-02-25,1,0.0,0.16,0.22,1,25,0,0,1,2.7142857142857144,0.0
2,3061,3,True,0,2025-02-25,3,0.0,0.03,0.05,1,25,0,0,1,2.5714285714285716,0.0
2,3069,3,True,0,2025-02-25,2,0.0,0.14,0.18,1,25,0,0,1,2.2857142857142856,0.0
2,3074,3,True,0,2025-02-25,0,0.0,0.12,0.16,1,25,0,0,1,2.5714285714285716,0.0
2,3077,3,True,0,2025-02-25,3,0.0,0.44,0.68,1,25,0,0,1,2.0,0.0
2,3079,3,True,0,2025-02-25,1,0.0,0.1,0.11,1,25,0,0,1,2.142857142857143,0.0
2,3083,3,True,0,2025-02-25,2,0.0,0.06,0.08,1,25,0,0,1,1.8571428571428572,0.0
2,3104,3,True,0,2025-02-25,5,0.0,0.24,0.24,1,25,0,0,1,1.7142857142857142,0.0
2,3116,3,True,0,2025-02-25,3,0.0,0.09,0.13,1,25,0,0,1,2.2857142857142856,0.0
2,3117,3,True,0,2025-02-25,2,0.0,0.05,0.06,1,25,0,0,1,2.2857142857142856,0.0
2,3119,3,True,0,2025-02-25,2,0.0,0.09,0.12,1,25,0,0,1,2.2857142857142856,0.0
2,3165,3,True,0,2025-02-25,1,0.0,0.07,0.09,1,25,0,0,1,2.5714285714285716,0.0
2,3208,3,True,0,2025-02-25,2,0.0,0.07,0.1,1,25,0,0,1,2.2857142857142856,0.0
2,3212,3,True,0,2025-02-25,0,0.0,0.08,0.1,1,25,0,0,1,2.4285714285714284,0.0
2,3219,3,True,0,2025-02-25,4,0.0,0.08,0.11,1,25,0,0,1,2.142857142857143,0.0
2,3234,3,True,0,2025-02-25,5,1.0,0.13,0.17,1,25,0,0,1,2.0,0.0
2,3242,3,True,0,2025-02-25,2,0.0,0.05,0.07,1,25,0,0,1,2.2857142857142856,0.0
2,3263,3,True,0,2025-02-25,1,0.0,0.3,0.39,1,25,0,0,1,2.2857142857142856,0.0
2,3266,3,True,0,2025-02-25,3,0.0,0.08,0.12,1,25,0,0,1,2.142857142857143,0.0
2,3276,3,True,0,2025-02-25,4,0.0,0.1,0.12,1,25,0,0,1,2.4285714285714284,0.0
2,3286,3,True,0,2025-02-25,2,0.0,0.22,0.29,1,25,0,0,1,2.7142857142857144,0.0
2,3347,3,True,0,2025-02-25,2,0.0,0.1,0.12,1,25,0,0,1,3.0,0.0
2,3358,3,True,0,2025-02-25,2,0.0,0.17,0.29,1,25,0,0,1,2.7142857142857144,0.0
2,3363,3,True,0,2025-02-25,1,0.0,0.18,0.22,1,25,0,0,1,2.2857142857142856,0.0
2,3369,3,True,0,2025-02-25,2,0.0,0.06,0.08,1,25,0,0,1,2.142857142857143,0.0
2,3393,3,True,0,2025-02-25,1,0.0,0.07,0.08,1,25,0,0,1,2.2857142857142856,0.0
2,3452,3,True,0,2025-02-25,2,0.0,0.14,0.13,1,25,0,0,1,2.0,0.0
2,3495,3,True,0,2025-02-25,4,0.0,0.08,0.12,1,25,0,0,1,1.7142857142857142,0.0
2,3502,3,True,0,2025-02-25,0,0.0,0.08,0.11,1,25,0,0,1,2.0,0.0
2,3523,3,True,0,2025-02-25,1,0.0,0.17,0.22,1,25,0,0,1,1.7142857142857142,0.0
2,3527,3,True,0,2025-02-25,3,0.0,0.15,0.19,1,25,0,0,1,1.5714285714285714,0.0
2,3538,3,True,0,2025-02-25,2,0.0,0.02,0.05,1,25,0,0,1,1.8571428571428572,0.0
2,3546,3,True,0,2025-02-25,1,0.0,0.12,0.16,1,25,0,0,1,1.8571428571428572,0.0
2,3549,3,True,0,2025-02-25,3,0.0,0.15,0.19,1,25,0,0,1,1.8571428571428572,0.0
2,3560,3,True,0,2025-02-25,1,0.0,0.2,0.24,1,25,0,0,1,2.0,0.0
2,3589,3,True,0,2025-02-25,1,0.0,0.09,0.11,1,25,0,0,1,1.5714285714285714,0.0
2,3609,3,True,0,2025-02-25,2,0.0,0.04,0.05,1,25,0,0,1,1.7142857142857142,0.0
2,3641,3,True,0,2025-02-25,1,0.0,0.07,0.09,1,25,0,0,1,1.8571428571428572,0.0
2,3642,3,True,0,2025-02-25,1,0.0,0.42,0.44,1,25,0,0,1,1.5714285714285714,0.0
2,3653,3,True,0,2025-02-25,1,0.0,0.25,0.34,1,25,0,0,1,1.4285714285714286,0.0
2,3701,3,True,0,2025-02-25,3,0.0,0.23,0.26,1,25,0,0,1,1.4285714285714286,0.0
2,3708,3,True,0,2025-02-25,3,0.0,0.02,0.03,1,25,0,0,1,1.4285714285714286,0.0
2,3726,3,True,0,2025-02-25,0,0.0,0.1,0.13,1,25,0,0,1,1.7142857142857142,0.0
2,3746,3,True,0,2025-02-25,2,0.0,0.06,0.08,1,25,0,0,1,1.5714285714285714,0.0
2,3749,3,True,0,2025-02-25,2,0.0,0.08,0.11,1,25,0,0,1,1.5714285714285714,0.0
2,3769,3,True,0,2025-02-25,3,0.0,0.27,0.32,1,25,0,0,1,1.7142857142857142,0.0
2,3798,3,True,0,2025-02-25,1,0.0,0.04,0.05,1,25,0,0,1,2.0,0.0
2,3803,3,True,0,2025-02-25,1,0.0,0.14,0.17,1,25,0,0,1,2.0,0.0
2,3834,3,True,0,2025-02-25,2,0.0,0.04,0.06,1,25,0,0,1,1.7142857142857142,0.0
2,3839,3,True,0,2025-02-25,1,0.0,0.05,0.09,1,25,0,0,1,1.5714285714285714,0.0
2,3852,3,True,0,2025-02-25,1,0.0,0.24,0.31,1,25,0,0,1,1.7142857142857142,0.0
2,3864,3,True,0,2025-02-25,2,0.0,0.05,0.08,1,25,0,0,1,1.5714285714285714,0.0
2,3877,3,True,0,2025-02-25,20,0.0,0.01,0.02,1,25,0,0,1,1.5714285714285714,0.0
2,3891,3,True,0,2025-02-25,2,0.0,0.17,0.17,1,25,0,0,1,4.0,0.0
2,3893,3,True,0,2025-02-25,0,0.0,0.08,0.1,1,25,0,0,1,4.142857142857143,0.0
2,3909,3,True,0,2025-02-25,2,0.0,0.08,0.1,1,25,0,0,1,4.0,0.0
2,3911,3,True,0,2025-02-25,0,1.0,0.08,0.11,1,25,0,0,1,4.0,0.0
2,3915,3,True,0,2025-02-25,2,0.0,0.1,0.13,1,25,0,0,1,3.857142857142857,0.0
2,3922,3,True,0,2025-02-25,1,0.0,0.03,0.04,1,25,0,0,1,4.0,0.0
2,3934,3,True,0,2025-02-25,3,0.0,0.38,0.43,1,25,0,0,1,3.857142857142857,0.0
2,3951,3,True,0,2025-02-25,1,0.0,0.39,0.33,1,25,0,0,1,1.4285714285714286,0.0
2,3982,3,True,0,2025-02-25,2,0.0,0.17,0.19,1,25,0,0,1,1.2857142857142858,0.0
2,4002,3,True,0,2025-02-25,5,0.0,0.05,0.08,1,25,0,0,1,1.5714285714285714,0.0
2,4011,3,True,0,2025-02-25,1,0.0,0.07,0.11,1,25,0,0,1,2.0,0.0
2,4033,3,True,0,2025-02-25,1,0.0,0.11,0.14,1,25,0,0,1,2.142857142857143,0.0
2,4041,3,True,0,2025-02-25,3,0.0,0.04,0.05,1,25,0,0,1,2.0,0.0
2,4062,3,True,0,2025-02-25,2,0.0,0.12,0.19,1,25,0,0,1,2.2857142857142856,0.0
2,4097,3,True,0,2025-02-25,10,0.0,0.03,0.04,1,25,0,0,1,2.142857142857143,0.0
2,4119,3,True,0,2025-02-25,1,0.0,0.16,0.15,1,25,0,0,1,3.4285714285714284,0.0
2,4120,3,True,0,2025-02-25,5,0.0,0.16,0.17,1,25,0,0,1,3.2857142857142856,0.0
2,4167,3,True,0,2025-02-25,2,0.0,0.32,0.37,1,25,0,0,1,3.2857142857142856,0.0
2,4179,3,True,0,2025-02-25,0,0.0,0.12,0.17,1,25,0,0,1,3.4285714285714284,0.0
2,4191,3,True,0,2025-02-25,1,0.0,0.12,0.17,1,25,0,0,1,3.2857142857142856,0.0
2,4192,3,True,0,2025-02-25,2,0.0,0.18,0.19,1,25,0,0,1,3.0,0.0
2,4203,3,True,0,2025-02-25,1,0.0,0.04,0.06,1,25,0,0,1,3.0,0.0
2,4207,3,True,0,2025-02-25,2,0.0,0.11,0.14,1,25,0,0,1,1.7142857142857142,0.0
2,4210,3,True,0,2025-02-25,2,0.0,0.28,0.34,1,25,0,0,1,1.8571428571428572,0.0
2,4230,3,True,0,2025-02-25,1,0.0,0.13,0.16,1,25,0,0,1,1.4285714285714286,0.0
2,4239,3,True,0,2025-02-25,0,0.0,0.05,0.11,1,25,0,0,1,1.2857142857142858,0.0
2,4242,3,True,0,2025-02-25,2,0.0,0.32,0.39,1,25,0,0,1,1.2857142857142858,0.0
2,4246,3,True,0,2025-02-25,1,0.0,0.26,0.33,1,25,0,0,1,1.4285714285714286,0.0
2,4248,3,True,0,2025-02-25,1,0.0,0.24,0.33,1,25,0,0,1,1.2857142857142858,0.0
2,4260,3,True,0,2025-02-25,5,0.0,0.06,0.07,1,25,0,0,1,1.2857142857142858,0.0
2,4269,3,True,0,2025-02-25,1,0.0,0.08,0.1,1,25,0,0,1,1.7142857142857142,0.0
2,4277,3,True,0,2025-02-25,0,0.0,0.04,0.04,1,25,0,0,1,1.5714285714285714,0.0
2,4302,3,True,0,2025-02-25,1,0.0,0.57,0.64,1,25,0,0,1,1.4285714285714286,0.0
2,4315,3,True,0,2025-02-25,2,0.0,0.12,0.17,1,25,0,0,1,1.5714285714285714,0.0
2,4339,3,True,0,2025-02-25,3,0.0,0.23,0.32,1,25,0,0,1,1.5714285714285714,0.0
2,4357,3,True,0,2025-02-25,0,1.0,0.07,0.09,1,25,0,0,1,1.8571428571428572,0.0
2,4369,3,True,0,2025-02-25,1,0.0,0.38,0.53,1,25,0,0,1,1.7142857142857142,0.0
2,4381,3,True,0,2025-02-25,1,0.0,0.14,0.19,1,25,0,0,1,1.1428571428571428,0.0
2,4397,3,True,0,2025-02-25,2,0.0,0.09,0.16,1,25,0,0,1,1.1428571428571428,0.0
2,4409,3,True,0,2025-02-25,0,0.0,0.09,0.12,1,25,0,0,1,1.4285714285714286,0.0
2,4469,3,True,0,2025-02-25,1,0.0,0.25,0.32,1,25,0,0,1,1.2857142857142858,0.0
2,4475,3,True,0,2025-02-25,1,0.0,0.06,0.08,1,25,0,0,1,1.1428571428571428,0.0
2,4517,3,True,0,2025-02-25,3,0.0,0.29,0.29,1,25,0,0,1,0.8571428571428571,0.0
2,4521,3,True,0,2025-02-25,4,0.0,0.22,0.29,1,25,0,0,1,1.2857142857142858,0.0
2,4524,3,True,0,2025-02-25,2,0.0,0.17,0.2,1,25,0,0,1,1.7142857142857142,0.0
2,4527,3,True,0,2025-02-25,1,0.0,0.1,0.12,1,25,0,0,1,1.8571428571428572,0.0
2,4540,3,True,0,2025-02-25,2,0.0,0.04,0.06,1,25,0,0,1,1.7142857142857142,0.0
2,4546,3,True,0,2025-02-25,2,0.0,0.1,0.15,1,25,0,0,1,2.0,0.0
2,4563,3,True,0,2025-02-25,1,0.0,0.15,0.18,1,25,0,0,1,2.142857142857143,0.0
2,4572,3,True,0,2025-02-25,3,0.0,0.09,0.12,1,25,0,0,1,2.142857142857143,0.0
2,4582,3,True,0,2025-02-25,2,0.0,0.4,0.49,1,25,0,0,1,2.142857142857143,0.0
2,4640,3,True,0,2025-02-25,3,0.0,0.25,0.33,1,25,0,0,1,1.8571428571428572,0.0
2,4675,3,True,0,2025-02-25,2,0.0,0.1,0.16,1,25,0,0,1,2.0,0.0
2,4683,3,True,0,2025-02-25,3,0.0,0.03,0.05,1,25,0,0,1,2.142857142857143,0.0
2,4689,3,True,0,2025-02-25,0,0.0,0.11,0.12,1,25,0,0,1,2.2857142857142856,0.0
2,4699,3,True,0,2025-02-25,2,0.0,0.07,0.1,1,25,0,0,1,2.0,0.0
2,4704,3,True,0,2025-02-25,0,0.0,0.24,0.36,1,25,0,0,1,2.142857142857143,0.0
2,4725,3,True,0,2025-02-25,2,0.0,0.09,0.11,1,25,0,0,1,1.7142857142857142,0.0
2,4744,3,True,0,2025-02-25,10,1.0,0.04,0.05,1,25,0,0,1,1.7142857142857142,0.0
2,4757,3,True,0,2025-02-25,2,0.0,0.16,0.19,1,25,0,0,1,2.7142857142857144,0.0
2,4765,3,True,0,2025-02-25,5,0.0,0.12,0.17,1,25,0,0,1,2.7142857142857144,0.0
2,4769,3,True,0,2025-02-25,0,0.0,0.5,0.64,1,25,0,0,1,3.0,0.0
2,4782,3,True,0,2025-02-25,0,0.0,0.14,0.17,1,25,0,0,1,3.0,0.0
2,4783,3,True,0,2025-02-25,2,0.0,0.27,0.37,1,25,0,0,1,2.7142857142857144,0.0
2,4790,3,True,0,2025-02-25,2,0.0,0.09,0.11,1,25,0,0,1,3.0,0.0
2,4794,3,True,0,2025-02-25,1,0.0,0.06,0.08,1,25,0,0,1,3.0,0.0
2,4802,3,True,0,2025-02-25,4,0.0,0.17,0.17,1,25,0,0,1,1.7142857142857142,0.0
2,4803,3,True,0,2025-02-25,0,0.0,0.65,0.62,1,25,0,0,1,2.0,0.0
2,4816,3,True,0,2025-02-25,13,0.0,0.11,0.14,1,25,0,0,1,1.2857142857142858,0.0
2,4820,3,True,0,2025-02-25,3,0.0,0.06,0.07,1,25,0,0,1,3.142857142857143,0.0
2,4833,3,True,0,2025-02-25,1,0.0,0.22,0.28,1,25,0,0,1,3.5714285714285716,0.0
2,4848,3,True,0,2025-02-25,2,0.0,0.07,0.08,1,25,0,0,1,3.4285714285714284,0.0
2,4852,3,True,0,2025-02-25,1,0.0,0.2,0.21,1,25,0,0,1,3.4285714285714284,0.0
2,4859,3,True,0,2025-02-25,1,0.0,0.05,0.06,1,25,0,0,1,3.4285714285714284,0.0
2,4870,3,True,0,2025-02-25,3,0.0,0.1,0.13,1,25,0,0,1,3.0,0.0
2,4878,3,True,0,2025-02-25,2,1.0,0.1,0.14,1,25,0,0,1,3.4285714285714284,0.0
2,4883,3,True,0,2025-02-25,1,0.0,0.12,0.13,1,25,0,0,1,1.8571428571428572,0.0
2,4885,3,True,0,2025-02-25,3,0.0,0.06,0.08,1,25,0,0,1,1.5714285714285714,0.0
2,4886,3,True,0,2025-02-25,1,0.0,0.16,0.23,1,25,0,0,1,1.8571428571428572,0.0
2,4888,3,True,0,2025-02-25,2,0.0,0.17,0.18,1,25,0,0,1,1.7142857142857142,0.0
2,4908,3,True,0,2025-02-25,1,0.0,0.16,0.19,1,25,0,0,1,1.8571428571428572,0.0
2,4934,3,True,0,2025-02-25,6,0.0,0.07,0.09,1,25,0,0,1,1.8571428571428572,0.0
2,4938,3,True,0,2025-02-25,1,0.0,0.54,0.59,1,25,0,0,1,2.2857142857142856,0.0
2,4948,3,True,0,2025-02-25,2,0.0,0.12,0.18,1,25,0,0,1,2.142857142857143,0.0
2,4957,3,True,0,2025-02-25,0,0.0,0.11,0.13,1,25,0,0,1,2.2857142857142856,0.0
2,4971,3,True,0,2025-02-25,1,0.0,0.29,0.36,1,25,0,0,1,1.8571428571428572,0.0
2,4976,3,True,0,2025-02-25,4,0.0,0.04,0.06,1,25,0,0,1,1.8571428571428572,0.0
2,4981,3,True,0,2025-02-25,1,0.0,0.15,0.18,1,25,0,0,1,2.142857142857143,0.0
2,4984,3,True,0,2025-02-25,1,0.0,0.06,0.08,1,25,0,0,1,2.142857142857143,0.0
2,4986,3,True,0,2025-02-25,1,0.0,0.05,0.06,1,25,0,0,1,1.4285714285714286,0.0
2,5004,3,True,0,2025-02-25,2,0.0,0.05,0.06,1,25,0,0,1,1.4285714285714286,0.0
2,5024,3,True,0,2025-02-25,1,0.0,0.1,0.12,1,25,0,0,1,1.4285714285714286,0.0
2,5074,3,True,0,2025-02-25,0,0.0,0.23,0.29,1,25,0,0,1,1.5714285714285714,0.0
2,5094,3,True,0,2025-02-25,2,0.0,0.05,0.08,1,25,0,0,1,1.4285714285714286,0.0
2,5095,3,True,0,2025-02-25,1,0.0,0.03,0.04,1,25,0,0,1,1.1428571428571428,0.0
2,5101,3,True,0,2025-02-25,3,0.0,0.01,0.02,1,25,0,0,1,1.1428571428571428,0.0
2,5105,3,True,0,2025-02-25,1,0.0,0.15,0.17,1,25,0,0,1,1.4285714285714286,0.0
2,5119,3,True,0,2025-02-25,0,0.0,0.06,0.09,1,25,0,0,1,1.4285714285714286,0.0
2,5125,3,True,0,2025-02-25,3,0.0,0.06,0.07,1,25,0,0,1,1.1428571428571428,0.0
2,5139,3,True,0,2025-02-25,0,1.0,0.2,0.26,1,25,0,0,1,1.4285714285714286,0.0
2,5209,3,True,0,2025-02-25,1,0.0,0.35,0.43,1,25,0,0,1,1.4285714285714286,0.0
2,5221,3,True,0,2025-02-25,2,0.0,0.05,0.06,1,25,0,0,1,1.2857142857142858,0.0
2,5261,3,True,0,2025-02-25,0,0.0,0.15,0.19,1,25,0,0,1,1.4285714285714286,0.0
2,5262,3,True,0,2025-02-25,2,0.0,0.04,0.06,1,25,0,0,1,1.0,0.0
2,5280,3,True,0,2025-02-25,1,0.0,0.09,0.12,1,25,0,0,1,1.1428571428571428,0.0
2,5281,3,True,0,2025-02-25,2,0.0,0.27,0.28,1,25,0,0,1,1.2857142857142858,0.0
2,2,4,False,0,2025-02-25,2,0.0,0.02,0.04,1,25,0,0,1,1.1428571428571428,0.0
2,17,4,False,0,2025-02-25,2,0.0,0.06,0.09,1,25,0,0,1,1.4285714285714286,0.0
2,26,4,False,0,2025-02-25,6,0.0,0.04,0.06,1,25,0,0,1,1.5714285714285714,0.0
2,38,4,False,0,2025-02-25,1,0.0,0.12,0.17,1,25,0,0,1,2.142857142857143,0.0
2,64,4,False,0,2025-02-25,3,0.0,0.01,0.02,1,25,0,0,1,2.2857142857142856,0.0
2,88,4,False,0,2025-02-25,0,0.0,0.02,0.03,1,25,0,0,1,2.4285714285714284,0.0
2,99,4,False,0,2025-02-25,2,0.0,0.02,0.05,1,25,0,0,1,2.2857142857142856,0.0
2,100,4,False,0,2025-02-25,2,0.0,0.04,0.05,1,25,0,0,1,2.2857142857142856,0.0
2,145,4,False,0,2025-02-25,3,0.0,0.06,0.1,1,25,0,0,1,2.2857142857142856,0.0
2,168,4,False,0,2025-02-25,3,0.0,0.04,0.06,1,25,0,0,1,2.4285714285714284,0.0
2,175,4,False,0,2025-02-25,2,0.0,0.03,0.06,1,25,0,0,1,2.0,0.0
2,178,4,False,0,2025-02-25,0,0.0,0.0,0.0,1,25,0,0,1,2.142857142857143,0.0
2,182,4,False,0,2025-02-25,1,0.0,0.03,0.05,1,25,0,0,1,1.7142857142857142,0.0
2,185,4,False,0,2025-02-25,3,0.0,0.02,0.03,1,25,0,0,1,1.8571428571428572,0.0
2,205,4,False,0,2025-02-25,5,0.0,0.1,0.14,1,25,0,0,1,2.0,0.0
2,235,4,False,0,2025-02-25,2,0.0,0.06,0.08,1,25,0,0,1,2.4285714285714284,0.0
2,255,4,False,0,2025-02-25,0,0.0,0.03,0.03,1,25,0,0,1,2.2857142857142856,0.0
2,272,4,False,0,2025-02-25,2,0.0,0.03,0.05,1,25,0,0,1,1.8571428571428572,0.0
2,290,4,False,0,2025-02-25,3,0.0,0.06,0.08,1,25,0,0,1,1.8571428571428572,0.0
2,292,4,False,0,2025-02-25,3,0.0,0.04,0.05,1,25,0,0,1,2.2857142857142856,0.0
2,306,4,False,0,2025-02-25,2,0.0,0.04,0.06,1,25,0,0,1,2.5714285714285716,0.0
2,314,4,False,0,2025-02-25,0,0.0,0.03,0.05,1,25,0,0,1,2.4285714285714284,0.0
2,328,4,False,0,2025-02-25,1,0.0,0.07,0.09,1,25,0,0,1,1.7142857142857142,0.0
2,338,4,False,0,2025-02-25,3,0.0,0.05,0.07,1,25,0,0,1,1.5714285714285714,0.0
2,350,4,False,0,2025-02-25,4,0.0,0.03,0.05,1,25,0,0,1,2.0,0.0
2,362,4,False,0,2025-02-25,1,0.0,0.02,0.03,1,25,0,0,1,2.2857142857142856,0.0
2,370,4,False,0,2025-02-25,2,0.0,0.03,0.05,1,25,0,0,1,2.0,0.0
2,372,4,False,0,2025-02-25,0,0.0,0.02,0.04,1,25,0,0,1,1.8571428571428572,0.0
2,447,4,False,0,2025-02-25,2,0.0,0.06,0.08,1,25,0,0,1,1.5714285714285714,0.0
2,464,4,False,0,2025-02-25,1,0.0,0.02,0.03,1,25,0,0,1,1.8571428571428572,0.0
2,482,4,False,0,2025-02-25,1,0.0,0.02,0.04,1,25,0,0,1,1.8571428571428572,0.0
2,524,4,False,0,2025-02-25,4,0.0,0.02,0.03,1,25,0,0,1,1.5714285714285714,0.0
2,552,4,False,0,2025-02-25,3,0.0,0.07,0.1,1,25,0,0,1,1.5714285714285714,0.0
2,560,4,False,0,2025-02-25,1,0.0,0.02,0.03,1,25,0,0,1,1.8571428571428572,0.0
2,584,4,False,0,2025-02-25,1,0.0,0.05,0.08,1,25,0,0,1,1.7142857142857142,0.0
2,595,4,False,0,2025-02-25,4,0.0,0.07,0.13,1,25,0,0,1,1.8571428571428572,0.0
2,613,4,False,0,2025-02-25,2,0.0,0.02,0.04,1,25,0,0,1,2.142857142857143,0.0
2,621,4,False,0,2025-02-25,2,0.0,0.05,0.1,1,25,0,0,1,2.2857142857142856,0.0
2,622,4,False,0,2025-02-25,3,0.0,0.02,0.04,1,25,0,0,1,2.4285714285714284,0.0
2,676,4,False,0,2025-02-25,3,0.0,0.08,0.12,1,25,0,0,1,2.2857142857142856,0.0
2,700,4,False,0,2025-02-25,3,0.0,0.03,0.05,1,25,0,0,1,2.2857142857142856,0.0
2,723,4,False,0,2025-02-25,1,0.0,0.03,0.04,1,25,0,0,1,2.5714285714285716,0.0
2,726,4,False,0,2025-02-25,3,0.0,0.04,0.05,1,25,0,0,1,2.5714285714285716,0.0
2,731,4,False,0,2025-02-25,1,0.0,0.19,0.18,1,25,0,0,1,2.4285714285714284,0.0
2,736,4,False,0,2025-02-25,8,0.0,0.04,0.06,1,25,0,0,1,2.2857142857142856,0.0
2,749,4,False,0,2025-02-25,2,0.0,0.08,0.14,1,25,0,0,1,3.142857142857143,0.0
2,761,4,False,0,2025-02-25,1,0.0,0.02,0.02,1,25,0,0,1,3.0,0.0
2,824,4,False,0,2025-02-25,8,0.0,0.01,0.01,1,25,0,0,1,2.7142857142857144,0.0
2,826,4,False,0,2025-02-25,2,0.0,0.05,0.06,1,25,0,0,1,3.4285714285714284,0.0
2,845,4,False,0,2025-02-25,2,1.0,0.07,0.1,1,25,0,0,1,3.5714285714285716,0.0
2,849,4,False,0,2025-02-25,1,0.0,0.04,0.07,1,25,0,0,1,3.4285714285714284,0.0
2,852,4,False,0,2025-02-25,0,0.0,0.02,0.04,1,25,0,0,1,3.4285714285714284,0.0
2,871,4,False,0,2025-02-25,3,0.0,0.05,0.07,1,25,0,0,1,2.2857142857142856,0.0
2,880,4,False,0,2025-02-25,7,0.0,0.04,0.07,1,25,0,0,1,2.4285714285714284,0.0
2,883,4,False,0,2025-02-25,3,0.0,0.02,0.05,1,25,0,0,1,3.2857142857142856,0.0
2,892,4,False,0,2025-02-25,3,0.0,0.02,0.03,1,25,0,0,1,2.5714285714285716,0.0
2,953,4,False,0,2025-02-25,2,0.0,0.01,0.02,1,25,0,0,1,2.7142857142857144,0.0
2,989,4,False,0,2025-02-25,0,0.0,0.02,0.03,1,25,0,0,1,2.7142857142857144,0.0
2,1003,4,False,0,2025-02-25,2,0.0,0.02,0.03,1,25,0,0,1,2.5714285714285716,0.0
2,1009,4,False,0,2025-02-25,3,0.0,0.21,0.26,1,25,0,0,1,2.857142857142857,0.0
2,1013,4,False,0,2025-02-25,3,0.0,0.08,0.11,1,25,0,0,1,2.857142857142857,0.0
2,1040,4,False,0,2025-02-25,6,0.0,0.03,0.04,1,25,0,0,1,2.2857142857142856,0.0
2,1041,4,False,0,2025-02-25,2,0.0,0.05,0.07,1,25,0,0,1,2.7142857142857144,0.0
2,1066,4,False,0,2025-02-25,2,1.0,0.01,0.02,1,25,0,0,1,2.5714285714285716,0.0
2,1069,4,False,0,2025-02-25,1,0.0,0.07,0.09,1,25,0,0,1,2.5714285714285716,0.0
2,1077,4,False,0,2025-02-25,1,0.0,0.06,0.09,1,25,0,0,1,2.7142857142857144,0.0
2,1090,4,False,0,2025-02-25,1,0.0,0.04,0.05,1,25,0,0,1,2.5714285714285716,0.0
2,1092,4,False,0,2025-02-25,2,0.0,0.02,0.03,1,25,0,0,1,2.2857142857142856,0.0
2,1111,4,False,0,2025-02-25,0,0.0,0.06,0.07,1,25,0,0,1,2.142857142857143,0.0
2,1119,4,False,0,2025-02-25,2,0.0,0.04,0.09,1,25,0,0,1,1.2857142857142858,0.0
2,1123,4,False,0,2025-02-25,3,0.0,0.0,0.01,1,25,0,0,1,1.2857142857142858,0.0
2,1137,4,False,0,2025-02-25,2,0.0,0.03,0.04,1,25,0,0,1,1.4285714285714286,0.0
2,1182,4,False,0,2025-02-25,3,0.0,0.02,0.02,1,25,0,0,1,1.5714285714285714,0.0
2,1245,4,False,0,2025-02-25,3,0.0,0.04,0.05,1,25,0,0,1,1.8571428571428572,0.0
2,1248,4,False,0,2025-02-25,6,0.0,0.01,0.01,1,25,0,0,1,2.142857142857143,0.0
2,1257,4,False,0,2025-02-25,1,0.0,0.1,0.15,1,25,0,0,1,2.7142857142857144,0.0
2,1268,4,False,0,2025-02-25,2,0.0,0.06,0.08,1,25,0,0,1,2.857142857142857,0.0
2,1316,4,False,0,2025-02-25,4,0.0,0.03,0.05,1,25,0,0,1,2.857142857142857,0.0
2,1321,4,False,0,2025-02-25,2,0.0,0.03,0.04,1,25,0,0,1,3.0,0.0
2,1329,4,False,0,2025-02-25,4,0.0,0.01,0.02,1,25,0,0,1,3.0,0.0
2,1369,4,False,0,2025-02-25,2,0.0,0.02,0.03,1,25,0,0,1,3.142857142857143,0.0
2,1373,4,False,0,2025-02-25,3,0.0,0.05,0.06,1,25,0,0,1,3.0,0.0
2,1394,4,False,0,2025-02-25,4,0.0,0.02,0.02,1,25,0,0,1,2.5714285714285716,0.0
2,1402,4,False,0,2025-02-25,3,0.0,0.03,0.05,1,25,0,0,1,3.0,0.0
2,1417,4,False,0,2025-02-25,2,0.0,0.06,0.08,1,25,0,0,1,3.142857142857143,0.0
2,1420,4,False,0,2025-02-25,1,0.0,0.04,0.06,1,25,0,0,1,2.857142857142857,0.0
2,1428,4,False,0,2025-02-25,0,0.0,0.03,0.04,1,25,0,0,1,2.7142857142857144,0.0
2,1436,4,False,0,2025-02-25,0,0.0,0.05,0.07,1,25,0,0,1,2.142857142857143,0.0
2,1473,4,False,0,2025-02-25,2,0.0,0.06,0.09,1,25,0,0,1,1.8571428571428572,0.0
2,1481,4,False,0,2025-02-25,1,0.0,0.04,0.07,1,25,0,0,1,1.7142857142857142,0.0
2,1493,4,False,0,2025-02-25,2,0.0,0.06,0.07,1,25,0,0,1,1.2857142857142858,0.0
2,1497,4,False,0,2025-02-25,2,0.0,0.05,0.08,1,25,0,0,1,1.1428571428571428,0.0
2,1506,4,False,0,2025-02-25,3,0.0,0.02,0.04,1,25,0,0,1,1.1428571428571428,0.0
2,1519,4,False,0,2025-02-25,3,0.0,0.05,0.07,1,25,0,0,1,1.4285714285714286,0.0
2,1539,4,False,0,2025-02-25,0,0.0,0.02,0.03,1,25,0,0,1,1.8571428571428572,0.0
2,1546,4,False,0,2025-02-25,2,0.0,0.03,0.04,1,25,0,0,1,1.8571428571428572,0.0
2,1563,4,False,0,2025-02-25,2,0.0,0.04,0.04,1,25,0,0,1,1.8571428571428572,0.0
2,1570,4,False,0,2025-02-25,1,0.0,0.02,0.03,1,25,0,0,1,2.0,0.0
2,1573,4,False,0,2025-02-25,2,0.0,0.07,0.11,1,25,0,0,1,1.8571428571428572,0.0
2,1574,4,False,0,2025-02-25,2,0.0,0.07,0.11,1,25,0,0,1,1.8571428571428572,0.0
2,1594,4,False,0,2025-02-25,3,0.0,0.02,0.03,1,25,0,0,1,1.7142857142857142,0.0
2,1607,4,False,0,2025-02-25,4,0.0,0.07,0.12,1,25,0,0,1,1.7142857142857142,0.0
2,1626,4,False,0,2025-02-25,3,0.0,0.06,0.07,1,25,0,0,1,2.2857142857142856,0.0
2,1644,4,False,0,2025-02-25,2,0.0,0.07,0.11,1,25,0,0,1,2.4285714285714284,0.0
2,1652,4,False,0,2025-02-25,2,0.0,0.05,0.08,1,25,0,0,1,2.4285714285714284,0.0
2,1673,4,False,0,2025-02-25,3,0.0,0.06,0.08,1,25,0,0,1,2.5714285714285716,0.0
2,1675,4,False,0,2025-02-25,2,0.0,0.05,0.08,1,25,0,0,1,2.7142857142857144,0.0
2,1686,4,False,0,2025-02-25,1,0.0,0.07,0.09,1,25,0,0,1,2.7142857142857144,0.0
2,1706,4,False,0,2025-02-25,2,0.0,0.01,0.03,1,25,0,0,1,2.4285714285714284,0.0
2,1716,4,False,0,2025-02-25,1,0.0,0.03,0.05,1,25,0,0,1,2.142857142857143,0.0
2,1732,4,False,0,2025-02-25,1,0.0,0.08,0.12,1,25,0,0,1,1.8571428571428572,0.0
2,1738,4,False,0,2025-02-25,2,0.0,0.02,0.04,1,25,0,0,1,1.7142857142857142,0.0
2,1745,4,False,0,2025-02-25,2,0.0,0.05,0.08,1,25,0,0,1,1.7142857142857142,0.0
2,1759,4,False,0,2025-02-25,0,0.0,0.03,0.04,1,25,0,0,1,1.5714285714285714,0.0
2,1776,4,False,0,2025-02-25,1,0.0,0.14,0.19,1,25,0,0,1,1.2857142857142858,0.0
2,1790,4,False,0,2025-02-25,1,1.0,0.04,0.06,1,25,0,0,1,1.2857142857142858,0.0
2,1826,4,False,0,2025-02-25,3,0.0,0.07,0.08,1,25,0,0,1,1.1428571428571428,0.0
2,1830,4,False,0,2025-02-25,4,0.0,0.15,0.2,1,25,0,0,1,1.4285714285714286,0.0
2,1863,4,False,0,2025-02-25,3,0.0,0.04,0.07,1,25,0,0,1,1.8571428571428572,0.0
2,1866,4,False,0,2025-02-25,0,0.0,0.02,0.03,1,25,0,0,1,2.0,0.0
2,1922,4,False,0,2025-02-25,3,0.0,0.02,0.04,1,25,0,0,1,1.7142857142857142,0.0
2,1934,4,False,0,2025-02-25,1,0.0,0.02,0.04,1,25,0,0,1,2.142857142857143,0.0
2,1975,4,False,0,2025-02-25,0,0.0,0.03,0.05,1,25,0,0,1,2.142857142857143,0.0
2,1984,4,False,0,2025-02-25,2,0.0,0.06,0.08,1,25,0,0,1,2.0,0.0
2,2005,4,False,0,2025-02-25,2,0.0,0.16,0.25,1,25,0,0,1,1.8571428571428572,0.0
2,2013,4,False,0,2025-02-25,4,0.0,0.03,0.04,1,25,0,0,1,1.5714285714285714,0.0
2,2025,4,False,0,2025-02-25,1,0.0,0.03,0.05,1,25,0,0,1,1.7142857142857142,0.0
2,2028,4,False,0,2025-02-25,1,0.0,0.03,0.05,1,25,0,0,1,1.8571428571428572,0.0
2,2033,4,False,0,2025-02-25,1,0.0,0.11,0.15,1,25,0,0,1,1.5714285714285714,0.0
2,2035,4,False,0,2025-02-25,1,0.0,0.02,0.03,1,25,0,0,1,1.5714285714285714,0.0
2,2042,4,False,0,2025-02-25,6,0.0,0.03,0.06,1,25,0,0,1,1.7142857142857142,0.0
2,2051,4,False,0,2025-02-25,3,0.0,0.03,0.04,1,25,0,0,1,2.2857142857142856,0.0
2,2061,4,False,0,2025-02-25,3,0.0,0.02,0.04,1,25,0,0,1,2.4285714285714284,0.0
2,2069,4,False,0,2025-02-25,1,0.0,0.07,0.1,1,25,0,0,1,2.2857142857142856,0.0
2,2083,4,False,0,2025-02-25,2,0.0,0.06,0.09,1,25,0,0,1,2.2857142857142856,0.0
2,2088,4,False,0,2025-02-25,0,1.0,0.03,0.04,1,25,0,0,1,2.4285714285714284,0.0
2,2129,4,False,0,2025-02-25,3,0.0,0.03,0.04,1,25,0,0,1,2.2857142857142856,0.0
2,2144,4,False,0,2025-02-25,2,0.0,0.03,0.06,1,25,0,0,1,2.5714285714285716,0.0
2,2149,4,False,0,2025-02-25,2,0.0,0.04,0.06,1,25,0,0,1,2.0,0.0
2,2167,4,False,0,2025-02-25,3,0.0,0.05,0.07,1,25,0,0,1,1.8571428571428572,0.0
2,2193,4,False,0,2025-02-25,3,0.0,0.08,0.08,1,25,0,0,1,1.8571428571428572,0.0
2,2230,4,False,0,2025-02-25,1,0.0,0.02,0.04,1,25,0,0,1,2.142857142857143,0.0
2,2233,4,False,0,2025-02-25,1,0.0,0.06,0.06,1,25,0,0,1,2.0,0.0
2,2238,4,False,0,2025-02-25,2,0.0,0.04,0.06,1,25,0,0,1,2.142857142857143,0.0
2,2257,4,False,0,2025-02-25,0,0.0,0.04,0.06,1,25,0,0,1,2.0,0.0
2,2279,4,False,0,2025-02-25,3,0.0,0.11,0.15,1,25,0,0,1,1.7142857142857142,0.0
2,2283,4,False,0,2025-02-25,7,0.0,0.04,0.06,1,25,0,0,1,1.8571428571428572,0.0
2,2286,4,False,0,2025-02-25,2,0.0,0.11,0.14,1,25,0,0,1,2.4285714285714284,0.0
2,2306,4,False,0,2025-02-25,2,0.0,0.04,0.06,1,25,0,0,1,2.2857142857142856,0.0
2,2315,4,False,0,2025-02-25,2,0.0,0.07,0.1,1,25,0,0,1,2.4285714285714284,0.0
2,2392,4,False,0,2025-02-25,2,0.0,0.04,0.06,1,25,0,0,1,2.5714285714285716,0.0
2,2397,4,False,0,2025-02-25,1,0.0,0.02,0.03,1,25,0,0,1,2.5714285714285716,0.0
2,2398,4,False,0,2025-02-25,3,0.0,0.12,0.17,1,25,0,0,1,2.7142857142857144,0.0
2,2438,4,False,0,2025-02-25,0,0.0,0.02,0.04,1,25,0,0,1,2.7142857142857144,0.0
2,2443,4,False,0,2025-02-25,2,0.0,0.05,0.07,1,25,0,0,1,1.7142857142857142,0.0
2,2448,4,False,0,2025-02-25,3,0.0,0.04,0.05,1,25,0,0,1,1.7142857142857142,0.0
2,2469,4,False,0,2025-02-25,2,0.0,0.07,0.09,1,25,0,0,1,1.8571428571428572,0.0
2,2473,4,False,0,2025-02-25,3,0.0,0.04,0.06,1,25,0,0,1,1.8571428571428572,0.0
2,2478,4,False,0,2025-02-25,2,0.0,0.02,0.03,1,25,0,0,1,2.0,0.0
2,2487,4,False,0,2025-02-25,2,0.0,0.02,0.04,1,25,0,0,1,2.142857142857143,0.0
2,2497,4,False,0,2025-02-25,2,0.0,0.03,0.04,1,25,0,0,1,2.0,0.0
2,2506,4,False,0,2025-02-25,3,0.0,0.03,0.04,1,25,0,0,1,2.2857142857142856,0.0
2,2522,4,False,0,2025-02-25,3,0.0,0.11,0.16,1,25,0,0,1,2.4285714285714284,0.0
2,2567,4,False,0,2025-02-25,2,0.0,0.04,0.06,1,25,0,0,1,2.4285714285714284,0.0
2,2581,4,False,0,2025-02-25,2,0.0,0.06,0.06,1,25,0,0,1,2.4285714285714284,0.0
2,2624,4,False,0,2025-02-25,3,0.0,0.06,0.08,1,25,0,0,1,2.2857142857142856,0.0
2,2630,4,False,0,2025-02-25,3,0.0,0.03,0.04,1,25,0,0,1,2.4285714285714284,0.0
2,2631,4,False,0,2025-02-25,3,0.0,0.02,0.03,1,25,0,0,1,2.5714285714285716,0.0
2,2642,4,False,0,2025-02-25,3,0.0,0.03,0.05,1,25,0,0,1,2.7142857142857144,0.0
2,2658,4,False,0,2025-02-25,1,0.0,0.02,0.04,1,25,0,0,1,2.7142857142857144,0.0
2,2672,4,False,0,2025-02-25,2,0.0,0.02,0.03,1,25,0,0,1,2.4285714285714284,0.0
2,2688,4,False,0,2025-02-25,3,0.0,0.03,0.04,1,25,0,0,1,2.4285714285714284,0.0
2,2725,4,False,0,2025-02-25,0,0.0,0.08,0.08,1,25,0,0,1,2.5714285714285716,0.0
2,2744,4,False,0,2025-02-25,3,0.0,0.06,0.08,1,25,0,0,1,2.142857142857143,0.0
2,2788,4,False,0,2025-02-25,2,0.0,0.02,0.03,1,25,0,0,1,2.142857142857143,0.0
2,2801,4,False,0,2025-02-25,1,0.0,0.06,0.09,1,25,0,0,1,2.0,0.0
2,2804,4,False,0,2025-02-25,2,0.0,0.06,0.07,1,25,0,0,1,1.7142857142857142,0.0
2,2818,4,False,0,2025-02-25,2,0.0,0.02,0.03,1,25,0,0,1,1.8571428571428572,0.0
2,2825,4,False,0,2025-02-25,1,0.0,0.18,0.23,1,25,0,0,1,1.8571428571428572,0.0
2,2830,4,False,0,2025-02-25,2,0.0,0.04,0.06,1,25,0,0,1,1.5714285714285714,0.0
2,2832,4,False,0,2025-02-25,3,0.0,0.01,0.03,1,25,0,0,1,1.8571428571428572,0.0
2,2838,4,False,0,2025-02-25,3,0.0,0.02,0.03,1,25,0,0,1,1.8571428571428572,0.0
2,2844,4,False,0,2025-02-25,2,0.0,0.03,0.05,1,25,0,0,1,2.0,0.0
2,2860,4,False,0,2025-02-25,3,0.0,0.07,0.1,1,25,0,0,1,2.142857142857143,0.0
2,2870,4,False,0,2025-02-25,3,0.0,0.06,0.08,1,25,0,0,1,2.2857142857142856,0.0
2,2871,4,False,0,2025-02-25,2,0.0,0.04,0.05,1,25,0,0,1,2.4285714285714284,0.0
2,2892,4,False,0,2025-02-25,1,0.0,0.09,0.13,1,25,0,0,1,2.5714285714285716,0.0
2,2894,4,False,0,2025-02-25,1,0.0,0.04,0.06,1,25,0,0,1,2.4285714285714284,0.0
2,2957,4,False,0,2025-02-25,2,0.0,0.02,0.04,1,25,0,0,1,2.142857142857143,0.0
2,2961,4,False,0,2025-02-25,2,0.0,0.05,0.07,1,25,0,0,1,2.0,0.0
2,2963,4,False,0,2025-02-25,2,1.0,0.06,0.08,1,25,0,0,1,2.0,0.0
2,2970,4,False,0,2025-02-25,2,0.0,0.03,0.05,1,25,0,0,1,1.8571428571428572,0.0
2,2979,4,False,0,2025-02-25,1,0.0,0.06,0.08,1,25,0,0,1,1.7142857142857142,0.0
2,2992,4,False,0,2025-02-25,2,0.0,0.05,0.07,1,25,0,0,1,1.5714285714285714,0.0
2,3000,4,False,0,2025-02-25,1,0.0,0.1,0.14,1,25,0,0,1,1.7142857142857142,0.0
2,3012,4,False,0,2025-02-25,3,0.0,0.02,0.03,1,25,0,0,1,1.7142857142857142,0.0
2,3044,4,False,0,2025-02-25,2,0.0,0.02,0.02,1,25,0,0,1,1.8571428571428572,0.0
2,3086,4,False,0,2025-02-25,3,0.0,0.04,0.07,1,25,0,0,1,1.8571428571428572,0.0
2,3145,4,False,0,2025-02-25,2,0.0,0.04,0.05,1,25,0,0,1,2.0,0.0
2,3146,4,False,0,2025-02-25,4,0.0,0.01,0.01,1,25,0,0,1,2.0,0.0
2,3162,4,False,0,2025-02-25,4,0.0,0.01,0.02,1,25,0,0,1,2.4285714285714284,0.0
2,3178,4,False,0,2025-02-25,1,0.0,0.12,0.18,1,25,0,0,1,2.7142857142857144,0.0
2,3185,4,False,0,2025-02-25,3,0.0,0.04,0.06,1,25,0,0,1,2.7142857142857144,0.0
2,3196,4,False,0,2025-02-25,4,0.0,0.02,0.03,1,25,0,0,1,2.7142857142857144,0.0
2,3209,4,False,0,2025-02-25,1,0.0,0.02,0.04,1,25,0,0,1,3.0,0.0
2,3224,4,False,0,2025-02-25,3,0.0,0.04,0.05,1,25,0,0,1,2.7142857142857144,0.0
2,3262,4,False,0,2025-02-25,2,0.0,0.09,0.13,1,25,0,0,1,2.857142857142857,0.0
2,3267,4,False,0,2025-02-25,3,0.0,0.01,0.01,1,25,0,0,1,2.5714285714285716,0.0
2,3293,4,False,0,2025-02-25,4,0.0,0.0,0.01,1,25,0,0,1,2.4285714285714284,0.0
2,3312,4,False,0,2025-02-25,3,0.0,0.01,0.02,1,25,0,0,1,2.857142857142857,0.0
2,3317,4,False,0,2025-02-25,3,0.0,0.01,0.02,1,25,0,0,1,2.857142857142857,0.0
2,3327,4,False,0,2025-02-25,3,0.0,0.01,0.02,1,25,0,0,1,2.7142857142857144,0.0
2,3377,4,False,0,2025-02-25,3,0.0,0.02,0.05,1,25,0,0,1,3.0,0.0
2,3420,4,False,0,2025-02-25,3,0.0,0.07,0.09,1,25,0,0,1,3.0,0.0
2,3453,4,False,0,2025-02-25,2,0.0,0.02,0.04,1,25,0,0,1,3.142857142857143,0.0
2,3455,4,False,0,2025-02-25,0,0.0,0.02,0.03,1,25,0,0,1,3.0,0.0
2,3465,4,False,0,2025-02-25,1,0.0,0.06,0.07,1,25,0,0,1,2.4285714285714284,0.0
2,3466,4,False,0,2025-02-25,3,0.0,0.03,0.04,1,25,0,0,1,2.142857142857143,0.0
2,3472,4,False,0,2025-02-25,0,0.0,0.04,0.06,1,25,0,0,1,2.142857142857143,0.0
2,3473,4,False,0,2025-02-25,1,0.0,0.01,0.03,1,25,0,0,1,1.7142857142857142,0.0
2,3493,4,False,0,2025-02-25,3,0.0,0.04,0.07,1,25,0,0,1,1.4285714285714286,0.0
2,3552,4,False,0,2025-02-25,1,1.0,0.03,0.05,1,25,0,0,1,1.4285714285714286,0.0
2,3562,4,False,0,2025-02-25,2,0.0,0.05,0.07,1,25,0,0,1,1.2857142857142858,0.0
2,3569,4,False,0,2025-02-25,3,0.0,0.03,0.06,1,25,0,0,1,1.5714285714285714,0.0
2,3577,4,False,0,2025-02-25,2,0.0,0.04,0.06,1,25,0,0,1,1.8571428571428572,0.0
2,3590,4,False,0,2025-02-25,3,0.0,0.02,0.03,1,25,0,0,1,1.7142857142857142,0.0
2,3620,4,False,0,2025-02-25,1,0.0,0.02,0.04,1,25,0,0,1,2.142857142857143,0.0
2,3627,4,False,0,2025-02-25,0,0.0,0.06,0.1,1,25,0,0,1,2.142857142857143,0.0
2,3628,4,False,0,2025-02-25,1,0.0,0.06,0.09,1,25,0,0,1,1.7142857142857142,0.0
2,3633,4,False,0,2025-02-25,3,0.0,0.07,0.1,1,25,0,0,1,1.7142857142857142,0.0
2,3645,4,False,0,2025-02-25,2,0.0,0.07,0.07,1,25,0,0,1,1.8571428571428572,0.0
2,3651,4,False,0,2025-02-25,3,0.0,0.04,0.07,1,25,0,0,1,1.7142857142857142,0.0
2,3692,4,False,0,2025-02-25,2,0.0,0.1,0.11,1,25,0,0,1,1.8571428571428572,0.0
2,3698,4,False,0,2025-02-25,3,0.0,0.05,0.06,1,25,0,0,1,1.7142857142857142,0.0
2,3700,4,False,0,2025-02-25,3,0.0,0.02,0.03,1,25,0,0,1,2.0,0.0
2,3721,4,False,0,2025-02-25,1,0.0,0.03,0.04,1,25,0,0,1,2.4285714285714284,0.0
2,3728,4,False,0,2025-02-25,2,0.0,0.03,0.05,1,25,0,0,1,2.4285714285714284,0.0
2,3733,4,False,0,2025-02-25,3,0.0,0.01,0.02,1,25,0,0,1,2.2857142857142856,0.0
2,3753,4,False,0,2025-02-25,3,0.0,0.04,0.07,1,25,0,0,1,2.4285714285714284,0.0
2,3772,4,False,0,2025-02-25,2,0.0,0.03,0.06,1,25,0,0,1,2.4285714285714284,0.0
2,3818,4,False,0,2025-02-25,3,0.0,0.06,0.09,1,25,0,0,1,2.4285714285714284,0.0
2,3843,4,False,0,2025-02-25,3,0.0,0.02,0.04,1,25,0,0,1,2.4285714285714284,0.0
2,3847,4,False,0,2025-02-25,1,0.0,0.01,0.03,1,25,0,0,1,2.4285714285714284,0.0
2,3850,4,False,0,2025-02-25,2,0.0,0.07,0.11,1,25,0,0,1,2.4285714285714284,0.0
2,3853,4,False,0,2025-02-25,1,0.0,0.1,0.17,1,25,0,0,1,2.4285714285714284,0.0
2,3879,4,False,0,2025-02-25,2,0.0,0.05,0.08,1,25,0,0,1,2.142857142857143,0.0
2,3888,4,False,0,2025-02-25,6,0.0,0.01,0.01,1,25,0,0,1,2.0,0.0
2,3903,4,False,0,2025-02-25,2,0.0,0.04,0.06,1,25,0,0,1,2.5714285714285716,0.0
2,3906,4,False,0,2025-02-25,1,0.0,0.11,0.16,1,25,0,0,1,2.4285714285714284,0.0
2,3939,4,False,0,2025-02-25,0,0.0,0.04,0.06,1,25,0,0,1,2.142857142857143,0.0
2,3968,4,False,0,2025-02-25,2,0.0,0.01,0.02,1,25,0,0,1,2.0,0.0
2,3971,4,False,0,2025-02-25,2,0.0,0.08,0.1,1,25,0,0,1,2.0,0.0
2,3974,4,False,0,2025-02-25,2,0.0,0.09,0.13,1,25,0,0,1,2.142857142857143,0.0
2,3987,4,False,0,2025-02-25,1,1.0,0.03,0.05,1,25,0,0,1,2.142857142857143,0.0
2,4019,4,False,0,2025-02-25,3,0.0,0.04,0.04,1,25,0,0,1,1.4285714285714286,0.0
2,4028,4,False,0,2025-02-25,2,0.0,0.02,0.03,1,25,0,0,1,1.5714285714285714,0.0
2,4071,4,False,0,2025-02-25,1,0.0,0.05,0.06,1,25,0,0,1,1.7142857142857142,0.0
2,4108,4,False,0,2025-02-25,3,0.0,0.02,0.03,1,25,0,0,1,1.8571428571428572,0.0
2,4133,4,False,0,2025-02-25,2,0.0,0.08,0.14,1,25,0,0,1,2.0,0.0
2,4135,4,False,0,2025-02-25,3,0.0,0.03,0.04,1,25,0,0,1,2.0,0.0
2,4170,4,False,0,2025-02-25,1,0.0,0.02,0.03,1,25,0,0,1,2.142857142857143,0.0
2,4184,4,False,0,2025-02-25,2,0.0,0.06,0.09,1,25,0,0,1,2.142857142857143,0.0
2,4186,4,False,0,2025-02-25,0,0.0,0.03,0.04,1,25,0,0,1,2.0,0.0
2,4212,4,False,0,2025-02-25,3,0.0,0.06,0.08,1,25,0,0,1,1.7142857142857142,0.0
2,4243,4,False,0,2025-02-25,2,0.0,0.09,0.11,1,25,0,0,1,2.0,0.0
2,4268,4,False,0,2025-02-25,2,0.0,0.02,0.03,1,25,0,0,1,1.8571428571428572,0.0
2,4275,4,False,0,2025-02-25,2,0.0,0.01,0.02,1,25,0,0,1,1.8571428571428572,0.0
2,4281,4,False,0,2025-02-25,0,0.0,0.02,0.04,1,25,0,0,1,1.7142857142857142,0.0
2,4293,4,False,0,2025-02-25,0,0.0,0.12,0.17,1,25,0,0,1,1.5714285714285714,0.0
2,4305,4,False,0,2025-02-25,1,0.0,0.07,0.07,1,25,0,0,1,1.2857142857142858,0.0
2,4335,4,False,0,2025-02-25,2,0.0,0.04,0.07,1,25,0,0,1,1.4285714285714286,0.0
2,4342,4,False,0,2025-02-25,1,0.0,0.02,0.04,1,25,0,0,1,1.2857142857142858,0.0
2,4373,4,False,0,2025-02-25,2,0.0,0.07,0.11,1,25,0,0,1,1.1428571428571428,0.0
2,4392,4,False,0,2025-02-25,1,0.0,0.09,0.12,1,25,0,0,1,1.1428571428571428,0.0
2,4395,4,False,0,2025-02-25,2,0.0,0.05,0.08,1,25,0,0,1,1.0,0.0
2,4422,4,False,0,2025-02-25,2,0.0,0.01,0.02,1,25,0,0,1,1.2857142857142858,0.0
2,4438,4,False,0,2025-02-25,5,0.0,0.01,0.02,1,25,0,0,1,1.5714285714285714,0.0
2,4451,4,False,0,2025-02-25,2,0.0,0.04,0.06,1,25,0,0,1,2.142857142857143,0.0
2,4456,4,False,0,2025-02-25,2,0.0,0.02,0.03,1,25,0,0,1,2.142857142857143,0.0
2,4480,4,False,0,2025-02-25,2,0.0,0.06,0.1,1,25,0,0,1,2.2857142857142856,0.0
2,4520,4,False,0,2025-02-25,2,0.0,0.1,0.16,1,25,0,0,1,2.2857142857142856,0.0
2,4522,4,False,0,2025-02-25,0,0.0,0.02,0.03,1,25,0,0,1,2.4285714285714284,0.0
2,4550,4,False,0,2025-02-25,2,0.0,0.13,0.15,1,25,0,0,1,2.142857142857143,0.0
2,4571,4,False,0,2025-02-25,3,0.0,0.03,0.06,1,25,0,0,1,2.142857142857143,0.0
2,4577,4,False,0,2025-02-25,3,0.0,0.04,0.06,1,25,0,0,1,1.8571428571428572,0.0
2,4598,4,False,0,2025-02-25,4,0.0,0.07,0.1,1,25,0,0,1,2.0,0.0
2,4621,4,False,0,2025-02-25,4,0.0,0.01,0.01,1,25,0,0,1,2.2857142857142856,0.0
2,4662,4,False,0,2025-02-25,0,0.0,0.02,0.03,1,25,0,0,1,2.5714285714285716,0.0
2,4663,4,False,0,2025-02-25,2,0.0,0.04,0.07,1,25,0,0,1,2.2857142857142856,0.0
2,4672,4,False,0,2025-02-25,3,0.0,0.03,0.04,1,25,0,0,1,2.5714285714285716,0.0
2,4715,4,False,0,2025-02-25,2,0.0,0.05,0.06,1,25,0,0,1,2.7142857142857144,0.0
2,4778,4,False,0,2025-02-25,2,0.0,0.04,0.07,1,25,0,0,1,2.5714285714285716,0.0
2,4785,4,False,0,2025-02-25,3,0.0,0.06,0.07,1,25,0,0,1,2.4285714285714284,0.0
2,4806,4,False,0,2025-02-25,3,0.0,0.02,0.03,1,25,0,0,1,2.2857142857142856,0.0
2,4808,4,False,0,2025-02-25,2,0.0,0.03,0.05,1,25,0,0,1,2.142857142857143,0.0
2,4823,4,False,0,2025-02-25,3,0.0,0.01,0.01,1,25,0,0,1,2.4285714285714284,0.0
2,4842,4,False,0,2025-02-25,2,0.0,0.03,0.05,1,25,0,0,1,2.5714285714285716,0.0
2,4851,4,False,0,2025-02-25,0,0.0,0.06,0.06,1,25,0,0,1,2.4285714285714284,0.0
2,4855,4,False,0,2025-02-25,3,0.0,0.02,0.02,1,25,0,0,1,2.142857142857143,0.0
2,4895,4,False,0,2025-02-25,1,0.0,0.04,0.06,1,25,0,0,1,2.2857142857142856,0.0
2,4898,4,False,0,2025-02-25,0,0.0,0.03,0.04,1,25,0,0,1,2.0,0.0
2,4928,4,False,0,2025-02-25,3,0.0,0.03,0.06,1,25,0,0,1,1.5714285714285714,0.0
2,4955,4,False,0,2025-02-25,1,0.0,0.03,0.05,1,25,0,0,1,1.7142857142857142,0.0
2,4958,4,False,0,2025-02-25,0,0.0,0.05,0.07,1,25,0,0,1,1.4285714285714286,0.0
2,4967,4,False,0,2025-02-25,2,0.0,0.05,0.08,1,25,0,0,1,1.1428571428571428,0.0
2,4978,4,False,0,2025-02-25,6,0.0,0.04,0.03,1,25,0,0,1,1.4285714285714286,0.0
2,5005,4,False,0,2025-02-25,3,0.0,0.04,0.06,1,25,0,0,1,1.8571428571428572,0.0
2,5063,4,False,0,2025-02-25,3,0.0,0.01,0.01,1,25,0,0,1,2.142857142857143,0.0
2,5088,4,False,0,2025-02-25,3,0.0,0.01,0.02,1,25,0,0,1,2.5714285714285716,0.0
2,5113,4,False,0,2025-02-25,1,0.0,0.03,0.05,1,25,0,0,1,2.5714285714285716,0.0
2,5146,4,False,0,2025-02-25,2,0.0,0.03,0.05,1,25,0,0,1,2.5714285714285716,0.0
2,5154,4,False,0,2025-02-25,1,0.0,0.04,0.06,1,25,0,0,1,2.857142857142857,0.0
2,5162,4,False,0,2025-02-25,1,0.0,0.09,0.09,1,25,0,0,1,2.7142857142857144,0.0
2,5186,4,False,0,2025-02-25,0,0.0,0.02,0.04,1,25,0,0,1,2.0,0.0
2,5191,4,False,0,2025-02-25,2,0.0,0.02,0.03,1,25,0,0,1,1.5714285714285714,0.0
2,5202,4,False,0,2025-02-25,2,0.0,0.09,0.13,1,25,0,0,1,1.4285714285714286,0.0
2,5208,4,False,0,2025-02-25,2,0.0,0.02,0.04,1,25,0,0,1,1.2857142857142858,0.0
2,5228,4,False,0,2025-02-25,0,0.0,0.01,0.02,1,25,0,0,1,1.4285714285714286,0.0
2,5229,4,False,0,2025-02-25,2,0.0,0.03,0.05,1,25,0,0,1,1.1428571428571428,0.0
2,5263,4,False,0,2025-02-25,3,0.0,0.02,0.04,1,25,0,0,1,1.2857142857142858,0.0
2,5266,4,False,0,2025-02-25,1,0.0,0.06,0.1,1,25,0,0,1,1.5714285714285714,0.0
2,5286,4,False,0,2025-02-25,2,0.0,0.05,0.06,1,25,0,0,1,1.7142857142857142,0.0
2,74,5,True,0,2025-02-25,1,0.0,0.02,0.04,1,25,0,0,1,1.7142857142857142,0.0
2,213,5,True,0,2025-02-25,2,1.0,0.01,0.03,1,25,0,0,1,1.5714285714285714,0.0
2,284,5,True,0,2025-02-25,4,1.0,0.05,0.08,1,25,0,0,1,1.5714285714285714,0.0
2,567,5,True,0,2025-02-25,6,0.0,0.01,0.04,1,25,0,0,1,2.142857142857143,0.0
2,783,5,True,0,2025-02-25,3,0.0,0.03,0.06,1,25,0,0,1,2.7142857142857144,0.0
2,821,5,True,0,2025-02-25,4,0.0,0.03,0.05,1,25,0,0,1,2.7142857142857144,0.0
2,873,5,True,0,2025-02-25,7,0.0,0.03,0.05,1,25,0,0,1,3.142857142857143,0.0
2,929,5,True,0,2025-02-25,15,0.0,0.07,0.22,1,25,0,0,1,3.857142857142857,0.0
2,1037,5,True,0,2025-02-25,3,0.0,0.01,0.02,1,25,0,0,1,5.857142857142857,0.0
2,1163,5,True,0,2025-02-25,10,0.0,0.08,0.21,1,25,0,0,1,6.0,0.0
2,1247,5,True,0,2025-02-25,7,0.0,0.04,0.06,1,25,0,0,1,6.857142857142857,0.0
2,1333,5,True,0,2025-02-25,9,0.0,0.02,0.04,1,25,0,0,1,7.0,0.0
2,1339,5,True,0,2025-02-25,7,0.0,0.02,0.03,1,25,0,0,1,7.857142857142857,0.0
2,1427,5,True,0,2025-02-25,12,0.0,0.01,0.03,1,25,0,0,1,8.285714285714286,0.0
2,1746,5,True,0,2025-02-25,5,1.0,0.02,0.07,1,25,0,0,1,9.0,0.0
2,1882,5,True,0,2025-02-25,5,0.0,0.17,0.31,1,25,0,0,1,7.571428571428571,0.0
2,2066,5,True,0,2025-02-25,8,0.0,0.1,0.14,1,25,0,0,1,7.857142857142857,0.0
2,2104,5,True,0,2025-02-25,9,0.0,0.03,0.04,1,25,0,0,1,7.571428571428571,0.0
2,2120,5,True,0,2025-02-25,2,0.0,0.03,0.07,1,25,0,0,1,7.857142857142857,0.0
2,2132,5,True,0,2025-02-25,3,0.0,0.01,0.04,1,25,0,0,1,6.857142857142857,0.0
2,2141,5,True,0,2025-02-25,6,0.0,0.01,0.04,1,25,0,0,1,6.285714285714286,0.0
2,2219,5,True,0,2025-02-25,7,0.0,0.11,0.22,1,25,0,0,1,5.428571428571429,0.0
2,2224,5,True,0,2025-02-25,3,0.0,0.03,0.04,1,25,0,0,1,5.714285714285714,0.0
2,2325,5,True,0,2025-02-25,2,0.0,0.03,0.06,1,25,0,0,1,5.428571428571429,0.0
2,2418,5,True,0,2025-02-25,3,1.0,0.03,0.07,1,25,0,0,1,4.571428571428571,0.0
2,2880,5,True,0,2025-02-25,5,0.0,0.02,0.04,1,25,0,0,1,3.7142857142857144,0.0
2,3085,5,True,0,2025-02-25,3,0.0,0.02,0.04,1,25,0,0,1,4.142857142857143,0.0
2,3087,5,True,0,2025-02-25,8,0.0,0.04,0.09,1,25,0,0,1,4.142857142857143,0.0
2,3164,5,True,0,2025-02-25,4,0.0,0.05,0.12,1,25,0,0,1,4.428571428571429,0.0
2,3218,5,True,0,2025-02-25,4,0.0,0.02,0.05,1,25,0,0,1,4.0,0.0
2,3229,5,True,0,2025-02-25,4,0.0,0.04,0.11,1,25,0,0,1,4.142857142857143,0.0
2,3292,5,True,0,2025-02-25,1,0.0,0.03,0.05,1,25,0,0,1,4.428571428571429,0.0
2,3330,5,True,0,2025-02-25,4,0.0,0.06,0.11,1,25,0,0,1,4.142857142857143,0.0
2,3424,5,True,0,2025-02-25,2,0.0,0.01,0.02,1,25,0,0,1,4.0,0.0
2,3439,5,True,0,2025-02-25,2,0.0,0.02,0.02,1,25,0,0,1,3.857142857142857,0.0
2,3463,5,True,0,2025-02-25,5,1.0,0.03,0.05,1,25,0,0,1,3.0,0.0
2,3558,5,True,0,2025-02-25,4,0.0,0.03,0.06,1,25,0,0,1,3.142857142857143,0.0
2,3624,5,True,0,2025-02-25,6,0.0,0.06,0.11,1,25,0,0,1,3.142857142857143,0.0
2,3807,5,True,0,2025-02-25,0,0.0,0.08,0.09,1,25,0,0,1,3.4285714285714284,0.0
2,3984,5,True,0,2025-02-25,12,0.0,0.02,0.04,1,25,0,0,1,3.2857142857142856,0.0
2,3996,5,True,0,2025-02-25,9,1.0,0.03,0.07,1,25,0,0,1,4.428571428571429,0.0
2,4036,5,True,0,2025-02-25,4,0.0,0.01,0.02,1,25,0,0,1,5.428571428571429,0.0
2,4081,5,True,0,2025-02-25,3,0.0,0.03,0.06,1,25,0,0,1,5.714285714285714,0.0
2,4175,5,True,0,2025-02-25,8,1.0,0.03,0.06,1,25,0,0,1,5.428571428571429,0.0
2,4544,5,True,0,2025-02-25,8,0.0,0.04,0.07,1,25,0,0,1,6.0,0.0
2,4565,5,True,0,2025-02-25,4,0.0,0.01,0.05,1,25,0,0,1,6.285714285714286,0.0
2,4749,5,True,0,2025-02-25,3,0.0,0.01,0.02,1,25,0,0,1,6.857142857142857,0.0
2,4789,5,True,0,2025-02-25,8,0.0,0.02,0.06,1,25,0,0,1,5.571428571428571,0.0
2,4939,5,True,0,2025-02-25,8,0.0,0.02,0.06,1,25,0,0,1,5.428571428571429,0.0
2,5006,5,True,0,2025-02-25,6,0.0,0.03,0.04,1,25,0,0,1,6.0,0.0
2,5049,5,True,0,2025-02-25,12,0.0,0.02,0.06,1,25,0,0,1,6.428571428571429,0.0
2,5098,5,True,0,2025-02-25,2,0.0,0.02,0.05,1,25,0,0,1,7.0,0.0
2,5217,5,True,0,2025-02-25,8,0.0,0.02,0.04,1,25,0,0,1,6.142857142857143,0.0
2,139,6,False,0,2025-02-25,1,0.0,0.17,0.24,1,25,0,0,1,6.714285714285714,0.0
2,173,6,False,0,2025-02-25,1,0.0,0.09,0.12,1,25,0,0,1,6.428571428571429,0.0
2,337,6,False,0,2025-02-25,3,0.0,0.12,0.17,1,25,0,0,1,5.428571428571429,0.0
2,366,6,False,0,2025-02-25,0,0.0,0.08,0.1,1,25,0,0,1,4.714285714285714,0.0
2,386,6,False,0,2025-02-25,0,0.0,0.17,0.26,1,25,0,0,1,3.857142857142857,0.0
2,594,6,False,0,2025-02-25,0,0.0,0.19,0.2,1,25,0,0,1,2.142857142857143,0.0
2,988,6,False,0,2025-02-25,2,0.0,0.16,0.24,1,25,0,0,1,1.8571428571428572,0.0
2,1031,6,False,0,2025-02-25,0,0.0,0.1,0.14,1,25,0,0,1,1.0,0.0
2,1124,6,False,0,2025-02-25,2,0.0,0.12,0.22,1,25,0,0,1,0.8571428571428571,0.0
2,1276,6,False,0,2025-02-25,1,0.0,0.13,0.17,1,25,0,0,1,1.0,0.0
2,1340,6,False,0,2025-02-25,2,0.0,0.17,0.22,1,25,0,0,1,0.7142857142857143,0.0
2,1429,6,False,0,2025-02-25,1,0.0,0.08,0.08,1,25,0,0,1,1.0,0.0
2,1534,6,False,0,2025-02-25,2,0.0,0.15,0.21,1,25,0,0,1,1.1428571428571428,0.0
2,1544,6,False,0,2025-02-25,2,0.0,0.08,0.11,1,25,0,0,1,1.4285714285714286,0.0
2,1611,6,False,0,2025-02-25,2,0.0,0.11,0.15,1,25,0,0,1,1.4285714285714286,0.0
2,1650,6,False,0,2025-02-25,1,0.0,0.24,0.3,1,25,0,0,1,1.7142857142857142,0.0
2,1702,6,False,0,2025-02-25,0,0.0,0.31,0.29,1,25,0,0,1,1.5714285714285714,0.0
2,1767,6,False,0,2025-02-25,1,0.0,0.12,0.17,1,25,0,0,1,1.4285714285714286,0.0
2,1807,6,False,0,2025-02-25,1,0.0,0.12,0.15,1,25,0,0,1,1.2857142857142858,0.0
2,1811,6,False,0,2025-02-25,0,0.0,0.04,0.06,1,25,0,0,1,1.2857142857142858,0.0
2,1828,6,False,0,2025-02-25,0,0.0,0.26,0.36,1,25,0,0,1,1.0,0.0
2,1868,6,False,0,2025-02-25,0,0.0,0.12,0.15,1,25,0,0,1,0.7142857142857143,0.0
2,1901,6,False,0,2025-02-25,2,0.0,0.16,0.25,1,25,0,0,1,0.42857142857142855,0.0
2,1924,6,False,0,2025-02-25,0,0.0,0.07,0.08,1,25,0,0,1,0.5714285714285714,0.0
2,2712,6,False,0,2025-02-25,0,0.0,0.12,0.16,1,25,0,0,1,0.5714285714285714,0.0
2,2912,6,False,0,2025-02-25,1,0.0,0.12,0.18,1,25,0,0,1,0.42857142857142855,0.0
2,3034,6,False,0,2025-02-25,1,0.0,0.11,0.16,1,25,0,0,1,0.42857142857142855,0.0
2,3088,6,False,0,2025-02-25,0,0.0,0.06,0.08,1,25,0,0,1,0.5714285714285714,0.0
2,3187,6,False,0,2025-02-25,0,0.0,0.26,0.27,1,25,0,0,1,0.5714285714285714,0.0
2,3202,6,False,0,2025-02-25,1,0.0,0.14,0.21,1,25,0,0,1,0.5714285714285714,0.0
2,3604,6,False,0,2025-02-25,1,0.0,0.32,0.36,1,25,0,0,1,0.42857142857142855,0.0
2,3648,6,False,0,2025-02-25,1,0.0,0.2,0.29,1,25,0,0,1,0.5714285714285714,0.0
2,3687,6,False,0,2025-02-25,2,0.0,0.14,0.19,1,25,0,0,1,0.7142857142857143,0.0
2,3842,6,False,0,2025-02-25,2,0.0,0.39,0.46,1,25,0,0,1,0.8571428571428571,0.0
2,3902,6,False,0,2025-02-25,1,0.0,0.17,0.22,1,25,0,0,1,1.0,0.0
2,3912,6,False,0,2025-02-25,1,0.0,0.06,0.09,1,25,0,0,1,1.1428571428571428,0.0
2,4177,6,False,0,2025-02-25,1,0.0,0.06,0.08,1,25,0,0,1,1.2857142857142858,0.0
2,4234,6,False,0,2025-02-25,1,0.0,0.12,0.16,1,25,0,0,1,1.2857142857142858,0.0
2,4288,6,False,0,2025-02-25,1,0.0,0.13,0.22,1,25,0,0,1,1.2857142857142858,0.0
2,4376,6,False,0,2025-02-25,1,0.0,0.08,0.09,1,25,0,0,1,1.2857142857142858,0.0
2,4386,6,False,0,2025-02-25,1,0.0,0.09,0.12,1,25,0,0,1,1.1428571428571428,0.0
2,4390,6,False,0,2025-02-25,4,0.0,0.13,0.2,1,25,0,0,1,1.0,0.0
2,4468,6,False,0,2025-02-25,0,0.0,0.34,0.43,1,25,0,0,1,1.4285714285714286,0.0
2,4892,6,False,0,2025-02-25,0,0.0,0.2,0.23,1,25,0,0,1,1.2857142857142858,0.0
2,4899,6,False,0,2025-02-25,2,0.0,0.06,0.1,1,25,0,0,1,1.1428571428571428,0.0
2,4917,6,False,0,2025-02-25,9,0.0,0.15,0.22,1,25,0,0,1,1.2857142857142858,0.0
2,188,7,False,0,2025-02-25,2,0.0,0.03,0.04,1,25,0,0,1,2.4285714285714284,0.0
2,348,7,False,0,2025-02-25,3,0.0,0.02,0.03,1,25,0,0,1,2.5714285714285716,0.0
2,392,7,False,0,2025-02-25,6,0.0,0.01,0.01,1,25,0,0,1,2.857142857142857,0.0
2,503,7,False,0,2025-02-25,30,1.0,0.01,0.01,1,25,0,0,1,3.142857142857143,0.0
2,680,7,False,0,2025-02-25,20,0.0,0.01,0.01,1,25,0,0,1,7.428571428571429,0.0
2,743,7,False,0,2025-02-25,5,0.0,0.02,0.04,1,25,0,0,1,10.285714285714286,0.0
2,840,7,False,0,2025-02-25,4,0.0,0.02,0.03,1,25,0,0,1,10.714285714285714,0.0
2,966,7,False,0,2025-02-25,2,0.0,0.03,0.04,1,25,0,0,1,10.0,0.0
2,1084,7,False,0,2025-02-25,1,0.0,0.01,0.01,1,25,0,0,1,10.0,0.0
2,1108,7,False,0,2025-02-25,4,0.0,0.05,0.08,1,25,0,0,1,9.714285714285714,0.0
2,1128,7,False,0,2025-02-25,5,0.0,0.02,0.02,1,25,0,0,1,9.428571428571429,0.0
2,1253,7,False,0,2025-02-25,2,0.0,0.01,0.02,1,25,0,0,1,5.857142857142857,0.0
2,1445,7,False,0,2025-02-25,4,0.0,0.04,0.05,1,25,0,0,1,3.2857142857142856,0.0
2,1488,7,False,0,2025-02-25,1,0.0,0.01,0.01,1,25,0,0,1,3.142857142857143,0.0
2,1556,7,False,0,2025-02-25,5,0.0,0.02,0.03,1,25,0,0,1,2.7142857142857144,0.0
2,1591,7,False,0,2025-02-25,3,0.0,0.05,0.08,1,25,0,0,1,3.142857142857143,0.0
2,1677,7,False,0,2025-02-25,1,0.0,0.02,0.03,1,25,0,0,1,3.4285714285714284,0.0
2,1697,7,False,0,2025-02-25,5,1.0,0.05,0.08,1,25,0,0,1,3.0,0.0
2,1895,7,False,0,2025-02-25,0,0.0,0.02,0.02,1,25,0,0,1,3.0,0.0
2,1905,7,False,0,2025-02-25,3,0.0,0.02,0.03,1,25,0,0,1,2.7142857142857144,0.0
2,1981,7,False,0,2025-02-25,2,0.0,0.01,0.01,1,25,0,0,1,2.5714285714285716,0.0
2,2105,7,False,0,2025-02-25,2,0.0,0.02,0.03,1,25,0,0,1,2.7142857142857144,0.0
2,2182,7,False,0,2025-02-25,5,0.0,0.2,0.22,1,25,0,0,1,2.2857142857142856,0.0
2,2202,7,False,0,2025-02-25,6,0.0,0.11,0.14,1,25,0,0,1,2.5714285714285716,0.0
2,2232,7,False,0,2025-02-25,5,0.0,0.04,0.08,1,25,0,0,1,3.2857142857142856,0.0
2,2340,7,False,0,2025-02-25,4,0.0,0.02,0.02,1,25,0,0,1,3.2857142857142856,0.0
2,2380,7,False,0,2025-02-25,7,0.0,0.03,0.05,1,25,0,0,1,3.857142857142857,0.0
2,2439,7,False,0,2025-02-25,1,0.0,0.03,0.04,1,25,0,0,1,4.428571428571429,0.0
2,2645,7,False,0,2025-02-25,4,0.0,0.03,0.04,1,25,0,0,1,4.285714285714286,0.0
2,2792,7,False,0,2025-02-25,2,0.0,0.02,0.04,1,25,0,0,1,4.571428571428571,0.0
2,2989,7,False,0,2025-02-25,0,0.0,0.0,0.0,1,25,0,0,1,4.142857142857143,0.0
2,3025,7,False,0,2025-02-25,5,0.0,0.01,0.01,1,25,0,0,1,3.2857142857142856,0.0
2,3078,7,False,0,2025-02-25,1,0.0,0.07,0.1,1,25,0,0,1,3.2857142857142856,0.0
2,3111,7,False,0,2025-02-25,0,1.0,0.03,0.04,1,25,0,0,1,2.857142857142857,0.0
2,3125,7,False,0,2025-02-25,2,0.0,0.02,0.03,1,25,0,0,1,1.8571428571428572,0.0
2,4069,7,False,0,2025-02-25,3,0.0,0.02,0.02,1,25,0,0,1,2.0,0.0
2,4233,7,False,0,2025-02-25,2,0.0,0.06,0.09,1,25,0,0,1,1.8571428571428572,0.0
2,4424,7,False,0,2025-02-25,2,0.0,0.02,0.05,1,25,0,0,1,1.8571428571428572,0.0
2,4454,7,False,0,2025-02-25,5,0.0,0.01,0.02,1,25,0,0,1,2.142857142857143,0.0
2,4484,7,False,0,2025-02-25,20,0.0,0.02,0.05,1,25,0,0,1,2.142857142857143,0.0
2,4599,7,False,0,2025-02-25,4,0.0,0.01,0.02,1,25,0,0,1,4.857142857142857,0.0
2,4624,7,False,0,2025-02-25,0,0.0,0.03,0.05,1,25,0,0,1,5.428571428571429,0.0
2,4763,7,False,0,2025-02-25,0,0.0,0.01,0.02,1,25,0,0,1,5.142857142857143,0.0
2,4788,7,False,0,2025-02-25,2,0.0,0.02,0.04,1,25,0,0,1,4.714285714285714,0.0
2,4841,7,False,0,2025-02-25,4,0.0,0.01,0.02,1,25,0,0,1,4.714285714285714,0.0
2,4910,7,False,0,2025-02-25,5,0.0,0.2,0.11,1,25,0,0,1,5.0,0.0
2,5031,7,False,0,2025-02-25,2,0.0,0.3,0.46,1,25,0,0,1,5.0,0.0
2,5141,7,False,0,2025-02-25,4,0.0,0.02,0.03,1,25,0,0,1,2.4285714285714284,0.0
2,55,8,False,0,2025-02-25,18,0.0,0.04,0.08,1,25,0,0,1,2.4285714285714284,0.0
2,494,8,False,0,2025-02-25,14,0.0,0.01,0.03,1,25,0,0,1,5.0,0.0
2,566,8,False,0,2025-02-25,42,0.0,0.01,0.01,1,25,0,0,1,7.0,0.0
2,658,8,False,0,2025-02-25,2,1.0,0.1,0.15,1,25,0,0,1,12.714285714285714,0.0
2,675,8,False,0,2025-02-25,1,0.0,0.01,0.02,1,25,0,0,1,12.428571428571429,0.0
2,790,8,False,0,2025-02-25,3,0.0,0.01,0.02,1,25,0,0,1,11.857142857142858,0.0
2,868,8,False,0,2025-02-25,3,0.0,0.14,0.2,1,25,0,0,1,12.0,0.0
2,870,8,False,0,2025-02-25,5,0.0,0.01,0.02,1,25,0,0,1,11.857142857142858,0.0
2,1004,8,False,0,2025-02-25,5,0.0,0.02,0.06,1,25,0,0,1,10.0,0.0
2,1076,8,False,0,2025-02-25,5,0.0,0.01,0.02,1,25,0,0,1,8.714285714285714,0.0
2,1116,8,False,0,2025-02-25,13,0.0,0.02,0.02,1,25,0,0,1,3.4285714285714284,0.0
2,1134,8,False,0,2025-02-25,12,0.0,0.0,0.01,1,25,0,0,1,5.0,0.0
2,1229,8,False,0,2025-02-25,0,0.0,0.01,0.02,1,25,0,0,1,6.571428571428571,0.0
2,1285,8,False,0,2025-02-25,5,0.0,0.03,0.05,1,25,0,0,1,6.142857142857143,0.0
2,1541,8,False,0,2025-02-25,6,0.0,0.02,0.04,1,25,0,0,1,6.428571428571429,0.0
2,1748,8,False,0,2025-02-25,7,0.0,0.03,0.04,1,25,0,0,1,6.571428571428571,0.0
2,1819,8,False,0,2025-02-25,16,0.0,0.01,0.02,1,25,0,0,1,6.857142857142857,0.0
2,1923,8,False,0,2025-02-25,1,0.0,0.01,0.02,1,25,0,0,1,8.428571428571429,0.0
2,1930,8,False,0,2025-02-25,3,0.0,0.03,0.05,1,25,0,0,1,6.714285714285714,0.0
2,2029,8,False,0,2025-02-25,2,0.0,0.04,0.07,1,25,0,0,1,5.428571428571429,0.0
2,2288,8,False,0,2025-02-25,7,0.0,0.01,0.02,1,25,0,0,1,5.714285714285714,0.0
2,3028,8,False,0,2025-02-25,3,0.0,0.01,0.02,1,25,0,0,1,6.0,0.0
2,3180,8,False,0,2025-02-25,5,0.0,0.01,0.03,1,25,0,0,1,5.571428571428571,0.0
2,3450,8,False,0,2025-02-25,10,0.0,0.02,0.04,1,25,0,0,1,5.285714285714286,0.0
2,3476,8,False,0,2025-02-25,4,0.0,0.07,0.1,1,25,0,0,1,4.428571428571429,0.0
2,3574,8,False,0,2025-02-25,7,0.0,0.02,0.03,1,25,0,0,1,4.857142857142857,0.0
2,3592,8,False,0,2025-02-25,5,0.0,0.02,0.04,1,25,0,0,1,5.428571428571429,0.0
2,3750,8,False,0,2025-02-25,15,0.0,0.01,0.02,1,25,0,0,1,5.857142857142857,0.0
2,3770,8,False,0,2025-02-25,7,0.0,0.01,0.02,1,25,0,0,1,7.0,0.0
2,3963,8,False,0,2025-02-25,6,0.0,0.01,0.01,1,25,0,0,1,7.571428571428571,0.0
2,4115,8,False,0,2025-02-25,4,0.0,0.02,0.04,1,25,0,0,1,7.714285714285714,0.0
2,4538,8,False,0,2025-02-25,10,0.0,0.02,0.03,1,25,0,0,1,6.857142857142857,0.0
2,4609,8,False,0,2025-02-25,4,0.0,0.05,0.08,1,25,0,0,1,7.714285714285714,0.0
2,4666,8,False,0,2025-02-25,12,1.0,0.01,0.02,1,25,0,0,1,7.285714285714286,0.0
2,4668,8,False,0,2025-02-25,4,0.0,0.01,0.02,1,25,0,0,1,8.285714285714286,0.0
2,4676,8,False,0,2025-02-25,24,0.0,0.01,0.01,1,25,0,0,1,6.714285714285714,0.0
2,4751,8,False,0,2025-02-25,0,1.0,0.02,0.03,1,25,0,0,1,9.142857142857142,0.0
2,4807,8,False,0,2025-02-25,10,0.0,0.01,0.01,1,25,0,0,1,8.285714285714286,0.0
2,4862,8,False,0,2025-02-25,3,0.0,0.18,0.27,1,25,0,0,1,9.142857142857142,0.0
2,5001,8,False,0,2025-02-25,5,0.0,0.01,0.03,1,25,0,0,1,8.142857142857142,0.0
2,5203,8,False,0,2025-02-25,12,0.0,0.01,0.03,1,25,0,0,1,8.285714285714286,0.0
2,3,9,True,0,2025-02-25,3,0.0,0.02,0.04,1,25,0,0,1,8.285714285714286,0.0
2,29,9,True,0,2025-02-25,1,0.0,0.05,0.09,1,25,0,0,1,8.142857142857142,0.0
2,67,9,True,0,2025-02-25,3,0.0,0.01,0.04,1,25,0,0,1,4.857142857142857,0.0
2,68,9,True,0,2025-02-25,16,0.0,0.02,0.08,1,25,0,0,1,5.285714285714286,0.0
2,75,9,True,0,2025-02-25,10,0.0,0.03,0.04,1,25,0,0,1,6.142857142857143,0.0
2,162,9,True,0,2025-02-25,12,0.0,0.03,0.09,1,25,0,0,1,7.142857142857143,0.0
2,176,9,True,0,2025-02-25,2,0.0,0.02,0.03,1,25,0,0,1,8.142857142857142,0.0
2,266,9,True,0,2025-02-25,8,0.0,0.03,0.1,1,25,0,0,1,6.714285714285714,0.0
2,322,9,True,0,2025-02-25,5,0.0,0.05,0.08,1,25,0,0,1,7.428571428571429,0.0
2,335,9,True,0,2025-02-25,8,0.0,0.02,0.07,1,25,0,0,1,8.0,0.0
2,342,9,True,0,2025-02-25,1,0.0,0.02,0.1,1,25,0,0,1,8.714285714285714,0.0
2,379,9,True,0,2025-02-25,4,0.0,0.06,0.07,1,25,0,0,1,6.571428571428571,0.0
2,426,9,True,0,2025-02-25,2,0.0,0.05,0.12,1,25,0,0,1,5.714285714285714,0.0
2,469,9,True,0,2025-02-25,8,0.0,0.02,0.02,1,25,0,0,1,4.285714285714286,0.0
2,487,9,True,0,2025-02-25,2,0.0,0.03,0.09,1,25,0,0,1,5.142857142857143,0.0
2,500,9,True,0,2025-02-25,12,0.0,0.01,0.04,1,25,0,0,1,4.285714285714286,0.0
2,520,9,True,0,2025-02-25,3,0.0,0.04,0.12,1,25,0,0,1,5.285714285714286,0.0
2,546,9,True,0,2025-02-25,11,1.0,0.02,0.05,1,25,0,0,1,4.571428571428571,0.0
2,562,9,True,0,2025-02-25,6,0.0,0.03,0.05,1,25,0,0,1,6.0,0.0
2,589,9,True,0,2025-02-25,3,0.0,0.03,0.1,1,25,0,0,1,6.285714285714286,0.0
2,591,9,True,0,2025-02-25,6,0.0,0.04,0.11,1,25,0,0,1,6.428571428571429,0.0
2,654,9,True,0,2025-02-25,3,0.0,0.03,0.09,1,25,0,0,1,6.142857142857143,0.0
2,673,9,True,0,2025-02-25,5,0.0,0.02,0.05,1,25,0,0,1,6.285714285714286,0.0
2,687,9,True,0,2025-02-25,1,0.0,0.04,0.11,1,25,0,0,1,5.285714285714286,0.0
2,698,9,True,0,2025-02-25,12,3.0,0.04,0.12,1,25,0,0,1,5.0,0.0
2,708,9,True,0,2025-02-25,5,0.0,0.04,0.1,1,25,0,0,1,5.142857142857143,0.0
2,715,9,True,0,2025-02-25,0,2.0,0.02,0.04,1,25,0,0,1,5.0,0.0
2,738,9,True,0,2025-02-25,1,0.0,0.03,0.13,1,25,0,0,1,4.571428571428571,0.0
2,856,9,True,0,2025-02-25,7,0.0,0.01,0.02,1,25,0,0,1,3.857142857142857,0.0
2,884,9,True,0,2025-02-25,3,0.0,0.05,0.12,1,25,0,0,1,4.428571428571429,0.0
2,893,9,True,0,2025-02-25,12,0.0,0.02,0.05,1,25,0,0,1,4.142857142857143,0.0
2,908,9,True,0,2025-02-25,2,0.0,0.05,0.09,1,25,0,0,1,5.714285714285714,0.0
2,920,9,True,0,2025-02-25,7,0.0,0.04,0.04,1,25,0,0,1,4.285714285714286,0.0
2,942,9,True,0,2025-02-25,3,0.0,0.01,0.05,1,25,0,0,1,4.571428571428571,0.0
2,955,9,True,0,2025-02-25,3,0.0,0.06,0.11,1,25,0,0,1,5.0,0.0
2,957,9,True,0,2025-02-25,6,0.0,0.05,0.15,1,25,0,0,1,5.285714285714286,0.0
2,977,9,True,0,2025-02-25,0,2.0,0.1,0.17,1,25,0,0,1,5.142857142857143,0.0
2,1016,9,True,0,2025-02-25,8,0.0,0.02,0.05,1,25,0,0,1,4.714285714285714,0.0
2,1039,9,True,0,2025-02-25,4,0.0,0.01,0.04,1,25,0,0,1,4.142857142857143,0.0
2,1050,9,True,0,2025-02-25,4,2.0,0.07,0.12,1,25,0,0,1,4.428571428571429,0.0
2,1075,9,True,0,2025-02-25,20,0.0,0.03,0.05,1,25,0,0,1,4.0,0.0
2,1081,9,True,0,2025-02-25,2,0.0,0.02,0.05,1,25,0,0,1,6.428571428571429,0.0
2,1157,9,True,0,2025-02-25,3,0.0,0.04,0.15,1,25,0,0,1,6.285714285714286,0.0
2,1168,9,True,0,2025-02-25,2,0.0,0.09,0.16,1,25,0,0,1,5.857142857142857,0.0
2,1241,9,True,0,2025-02-25,6,0.0,0.05,0.1,1,25,0,0,1,6.142857142857143,0.0
2,1243,9,True,0,2025-02-25,15,1.0,0.04,0.1,1,25,0,0,1,5.857142857142857,0.0
2,1281,9,True,0,2025-02-25,3,0.0,0.02,0.03,1,25,0,0,1,7.428571428571429,0.0
2,1334,9,True,0,2025-02-25,12,0.0,0.02,0.04,1,25,0,0,1,7.285714285714286,0.0
2,1364,9,True,0,2025-02-25,5,0.0,0.03,0.12,1,25,0,0,1,6.142857142857143,0.0
2,1453,9,True,0,2025-02-25,12,0.0,0.04,0.07,1,25,0,0,1,6.571428571428571,0.0
2,1504,9,True,0,2025-02-25,2,0.0,0.1,0.2,1,25,0,0,1,7.857142857142857,0.0
2,1615,9,True,0,2025-02-25,10,0.0,0.02,0.04,1,25,0,0,1,7.857142857142857,0.0
2,1699,9,True,0,2025-02-25,5,0.0,0.04,0.08,1,25,0,0,1,8.428571428571429,0.0
2,1701,9,True,0,2025-02-25,2,0.0,0.03,0.05,1,25,0,0,1,7.0,0.0
2,1713,9,True,0,2025-02-25,5,0.0,0.01,0.02,1,25,0,0,1,6.857142857142857,0.0
2,1728,9,True,0,2025-02-25,1,1.0,0.02,0.02,1,25,0,0,1,5.857142857142857,0.0
2,1774,9,True,0,2025-02-25,2,0.0,0.04,0.05,1,25,0,0,1,5.285714285714286,0.0
2,1872,9,True,0,2025-02-25,2,0.0,0.03,0.09,1,25,0,0,1,3.857142857142857,0.0
2,1885,9,True,0,2025-02-25,15,0.0,0.01,0.02,1,25,0,0,1,3.857142857142857,0.0
2,1890,9,True,0,2025-02-25,0,0.0,0.02,0.06,1,25,0,0,1,4.571428571428571,0.0
2,2007,9,True,0,2025-02-25,13,0.0,0.02,0.09,1,25,0,0,1,3.857142857142857,0.0
2,2009,9,True,0,2025-02-25,5,1.0,0.01,0.04,1,25,0,0,1,5.428571428571429,0.0
2,2067,9,True,0,2025-02-25,7,1.0,0.04,0.09,1,25,0,0,1,5.428571428571429,0.0
2,2068,9,True,0,2025-02-25,2,0.0,0.02,0.05,1,25,0,0,1,6.285714285714286,0.0
2,2073,9,True,0,2025-02-25,12,0.0,0.01,0.03,1,25,0,0,1,6.285714285714286,0.0
2,2076,9,True,0,2025-02-25,7,0.0,0.04,0.07,1,25,0,0,1,7.714285714285714,0.0
2,2121,9,True,0,2025-02-25,1,0.0,0.02,0.09,1,25,0,0,1,6.571428571428571,0.0
2,2138,9,True,0,2025-02-25,15,0.0,0.05,0.09,1,25,0,0,1,6.714285714285714,0.0
2,2184,9,True,0,2025-02-25,7,0.0,0.02,0.12,1,25,0,0,1,7.0,0.0
2,2220,9,True,0,2025-02-25,1,0.0,0.01,0.03,1,25,0,0,1,7.285714285714286,0.0
2,2225,9,True,0,2025-02-25,11,1.0,0.03,0.06,1,25,0,0,1,6.428571428571429,0.0
2,2299,9,True,0,2025-02-25,0,0.0,0.02,0.05,1,25,0,0,1,7.714285714285714,0.0
2,2353,9,True,0,2025-02-25,1,0.0,0.01,0.01,1,25,0,0,1,6.0,0.0
2,2356,9,True,0,2025-02-25,0,0.0,0.01,0.02,1,25,0,0,1,5.142857142857143,0.0
2,2388,9,True,0,2025-02-25,10,0.0,0.03,0.07,1,25,0,0,1,5.0,0.0
2,2409,9,True,0,2025-02-25,3,0.0,0.05,0.09,1,25,0,0,1,4.285714285714286,0.0
2,2427,9,True,0,2025-02-25,4,1.0,0.01,0.02,1,25,0,0,1,3.7142857142857144,0.0
2,2449,9,True,0,2025-02-25,9,2.0,0.05,0.07,1,25,0,0,1,4.142857142857143,0.0
2,2493,9,True,0,2025-02-25,11,0.0,0.02,0.05,1,25,0,0,1,3.857142857142857,0.0
2,2540,9,True,0,2025-02-25,2,0.0,0.05,0.13,1,25,0,0,1,5.428571428571429,0.0
2,2552,9,True,0,2025-02-25,9,1.0,0.04,0.1,1,25,0,0,1,5.571428571428571,0.0
2,2597,9,True,0,2025-02-25,3,0.0,0.01,0.03,1,25,0,0,1,6.857142857142857,0.0
2,2608,9,True,0,2025-02-25,3,3.0,0.04,0.09,1,25,0,0,1,5.857142857142857,0.0
2,2629,9,True,0,2025-02-25,2,0.0,0.02,0.09,1,25,0,0,1,5.857142857142857,0.0
2,2633,9,True,0,2025-02-25,5,0.0,0.01,0.01,1,25,0,0,1,5.571428571428571,0.0
2,2684,9,True,0,2025-02-25,8,0.0,0.04,0.03,1,25,0,0,1,5.0,0.0
2,2694,9,True,0,2025-02-25,12,0.0,0.04,0.09,1,25,0,0,1,4.571428571428571,0.0
2,2724,9,True,0,2025-02-25,16,1.0,0.01,0.03,1,25,0,0,1,6.0,0.0
2,2791,9,True,0,2025-02-25,0,0.0,0.1,0.16,1,25,0,0,1,7.0,0.0
2,2796,9,True,0,2025-02-25,2,0.0,0.03,0.09,1,25,0,0,1,6.571428571428571,0.0
2,2828,9,True,0,2025-02-25,4,0.0,0.02,0.05,1,25,0,0,1,6.428571428571429,0.0
2,2868,9,True,0,2025-02-25,15,0.0,0.03,0.04,1,25,0,0,1,6.714285714285714,0.0
2,2869,9,True,0,2025-02-25,4,0.0,0.05,0.12,1,25,0,0,1,8.142857142857142,0.0
2,2877,9,True,0,2025-02-25,3,0.0,0.1,0.16,1,25,0,0,1,7.571428571428571,0.0
2,2895,9,True,0,2025-02-25,8,0.0,0.06,0.07,1,25,0,0,1,6.285714285714286,0.0
2,2896,9,True,0,2025-02-25,4,0.0,0.04,0.1,1,25,0,0,1,5.142857142857143,0.0
2,2921,9,True,0,2025-02-25,4,0.0,0.07,0.19,1,25,0,0,1,5.714285714285714,0.0
2,2937,9,True,0,2025-02-25,2,0.0,0.03,0.11,1,25,0,0,1,6.0,0.0
2,2945,9,True,0,2025-02-25,5,0.0,0.06,0.09,1,25,0,0,1,5.714285714285714,0.0
2,2967,9,True,0,2025-02-25,7,0.0,0.13,0.08,1,25,0,0,1,4.285714285714286,0.0
2,2986,9,True,0,2025-02-25,8,0.0,0.03,0.05,1,25,0,0,1,4.714285714285714,0.0
2,2998,9,True,0,2025-02-25,3,0.0,0.01,0.06,1,25,0,0,1,5.428571428571429,0.0
2,3036,9,True,0,2025-02-25,2,0.0,0.03,0.05,1,25,0,0,1,4.714285714285714,0.0
2,3059,9,True,0,2025-02-25,1,0.0,0.06,0.1,1,25,0,0,1,4.428571428571429,0.0
2,3160,9,True,0,2025-02-25,9,0.0,0.01,0.02,1,25,0,0,1,4.0,0.0
2,3191,9,True,0,2025-02-25,7,2.0,0.06,0.11,1,25,0,0,1,5.0,0.0
2,3291,9,True,0,2025-02-25,6,0.0,0.05,0.09,1,25,0,0,1,5.285714285714286,0.0
2,3332,9,True,0,2025-02-25,5,0.0,0.02,0.1,1,25,0,0,1,5.142857142857143,0.0
2,3367,9,True,0,2025-02-25,4,0.0,0.06,0.18,1,25,0,0,1,4.714285714285714,0.0
2,3405,9,True,0,2025-02-25,9,0.0,0.01,0.04,1,25,0,0,1,4.857142857142857,0.0
2,3412,9,True,0,2025-02-25,36,0.0,0.01,0.02,1,25,0,0,1,5.857142857142857,0.0
2,3477,9,True,0,2025-02-25,6,0.0,0.03,0.05,1,25,0,0,1,10.857142857142858,0.0
2,3491,9,True,0,2025-02-25,5,0.0,0.03,0.1,1,25,0,0,1,10.428571428571429,0.0
2,3503,9,True,0,2025-02-25,10,1.0,0.01,0.03,1,25,0,0,1,10.142857142857142,0.0
2,3505,9,True,0,2025-02-25,6,2.0,0.04,0.1,1,25,0,0,1,10.714285714285714,0.0
2,3531,9,True,0,2025-02-25,7,1.0,0.02,0.07,1,25,0,0,1,10.857142857142858,0.0
2,3584,9,True,0,2025-02-25,4,0.0,0.02,0.09,1,25,0,0,1,11.285714285714286,0.0
2,3699,9,True,0,2025-02-25,9,0.0,0.01,0.03,1,25,0,0,1,10.571428571428571,0.0
2,3702,9,True,0,2025-02-25,1,0.0,0.02,0.02,1,25,0,0,1,6.714285714285714,0.0
2,3794,9,True,0,2025-02-25,2,0.0,0.03,0.06,1,25,0,0,1,6.0,0.0
2,3836,9,True,0,2025-02-25,8,1.0,0.05,0.06,1,25,0,0,1,5.571428571428571,0.0
2,3872,9,True,0,2025-02-25,12,0.0,0.04,0.07,1,25,0,0,1,5.285714285714286,0.0
2,3884,9,True,0,2025-02-25,6,0.0,0.01,0.03,1,25,0,0,1,6.142857142857143,0.0
2,3962,9,True,0,2025-02-25,3,0.0,0.05,0.19,1,25,0,0,1,6.0,0.0
2,3998,9,True,0,2025-02-25,7,0.0,0.04,0.09,1,25,0,0,1,5.857142857142857,0.0
2,4008,9,True,0,2025-02-25,4,0.0,0.04,0.29,1,25,0,0,1,5.571428571428571,0.0
2,4056,9,True,0,2025-02-25,4,0.0,0.02,0.06,1,25,0,0,1,6.0,0.0
2,4075,9,True,0,2025-02-25,6,1.0,0.06,0.22,1,25,0,0,1,6.285714285714286,0.0
2,4083,9,True,0,2025-02-25,7,0.0,0.09,0.15,1,25,0,0,1,6.0,0.0
2,4232,9,True,0,2025-02-25,11,0.0,0.13,0.18,1,25,0,0,1,5.285714285714286,0.0
2,4259,9,True,0,2025-02-25,4,0.0,0.26,0.44,1,25,0,0,1,6.0,0.0
2,4262,9,True,0,2025-02-25,11,0.0,0.02,0.06,1,25,0,0,1,6.142857142857143,0.0
2,4279,9,True,0,2025-02-25,2,0.0,0.05,0.15,1,25,0,0,1,6.714285714285714,0.0
2,4296,9,True,0,2025-02-25,1,1.0,0.04,0.1,1,25,0,0,1,6.428571428571429,0.0
2,4332,9,True,0,2025-02-25,8,0.0,0.04,0.14,1,25,0,0,1,6.0,0.0
2,4353,9,True,0,2025-02-25,12,2.0,0.01,0.06,1,25,0,0,1,6.285714285714286,0.0
2,4363,9,True,0,2025-02-25,2,2.0,0.05,0.09,1,25,0,0,1,7.0,0.0
2,4393,9,True,0,2025-02-25,0,0.0,0.09,0.17,1,25,0,0,1,5.714285714285714,0.0
2,4406,9,True,0,2025-02-25,4,0.0,0.02,0.06,1,25,0,0,1,5.142857142857143,0.0
2,4459,9,True,0,2025-02-25,19,0.0,0.02,0.05,1,25,0,0,1,4.142857142857143,0.0
2,4477,9,True,0,2025-02-25,5,1.0,0.03,0.07,1,25,0,0,1,6.571428571428571,0.0
2,4532,9,True,0,2025-02-25,6,0.0,0.02,0.04,1,25,0,0,1,7.142857142857143,0.0
2,4574,9,True,0,2025-02-25,3,0.0,0.01,0.07,1,25,0,0,1,6.857142857142857,0.0
2,4623,9,True,0,2025-02-25,8,0.0,0.03,0.08,1,25,0,0,1,5.571428571428571,0.0
2,4677,9,True,0,2025-02-25,9,0.0,0.12,0.23,1,25,0,0,1,6.428571428571429,0.0
2,4695,9,True,0,2025-02-25,8,0.0,0.04,0.08,1,25,0,0,1,7.714285714285714,0.0
2,4709,9,True,0,2025-02-25,8,0.0,0.08,0.12,1,25,0,0,1,8.285714285714286,0.0
2,4728,9,True,0,2025-02-25,7,2.0,0.02,0.04,1,25,0,0,1,6.714285714285714,0.0
2,4737,9,True,0,2025-02-25,0,0.0,0.01,0.03,1,25,0,0,1,7.0,0.0
2,4775,9,True,0,2025-02-25,8,0.0,0.04,0.09,1,25,0,0,1,6.142857142857143,0.0
2,4784,9,True,0,2025-02-25,3,0.0,0.01,0.05,1,25,0,0,1,6.857142857142857,0.0
2,4858,9,True,0,2025-02-25,5,0.0,0.15,0.29,1,25,0,0,1,6.142857142857143,0.0
2,4863,9,True,0,2025-02-25,4,1.0,0.02,0.05,1,25,0,0,1,5.571428571428571,0.0
2,4927,9,True,0,2025-02-25,2,0.0,0.06,0.03,1,25,0,0,1,5.0,0.0
2,4974,9,True,0,2025-02-25,3,0.0,0.02,0.06,1,25,0,0,1,4.142857142857143,0.0
2,5011,9,True,0,2025-02-25,12,0.0,0.06,0.12,1,25,0,0,1,3.5714285714285716,0.0
2,5012,9,True,0,2025-02-25,4,0.0,0.01,0.04,1,25,0,0,1,5.285714285714286,0.0
2,5070,9,True,0,2025-02-25,13,0.0,0.05,0.12,1,25,0,0,1,4.714285714285714,0.0
2,5226,9,True,0,2025-02-25,8,0.0,0.05,0.16,1,25,0,0,1,6.142857142857143,0.0
2,5242,9,True,0,2025-02-25,5,0.0,0.04,0.2,1,25,0,0,1,6.571428571428571,0.0
2,15,10,False,0,2025-02-25,12,0.0,0.03,0.13,1,25,0,0,1,6.714285714285714,0.0
2,149,10,False,0,2025-02-25,15,0.0,0.02,0.05,1,25,0,0,1,8.142857142857142,0.0
2,2636,10,False,0,2025-02-25,13,0.0,0.09,0.21,1,25,0,0,1,9.857142857142858,0.0
2,3122,10,False,0,2025-02-25,11,0.0,0.01,0.04,1,25,0,0,1,10.0,0.0
2,3904,10,False,0,2025-02-25,1,0.0,0.03,0.04,1,25,0,0,1,11.0,0.0
2,4959,10,False,0,2025-02-25,22,0.0,0.01,0.02,1,25,0,0,1,9.285714285714286,0.0
2,518,11,False,0,2025-02-25,1,0.0,0.16,0.15,1,25,0,0,1,11.285714285714286,0.0
2,810,11,False,0,2025-02-25,0,0.0,0.1,0.12,1,25,0,0,1,10.714285714285714,0.0
2,926,11,False,0,2025-02-25,3,0.0,0.14,0.18,1,25,0,0,1,9.0,0.0
2,1341,11,False,0,2025-02-25,9,1.0,0.16,0.19,1,25,0,0,1,7.285714285714286,0.0
2,1346,11,False,0,2025-02-25,0,0.0,0.07,0.07,1,25,0,0,1,6.714285714285714,0.0
2,1797,11,False,0,2025-02-25,2,0.0,0.07,0.11,1,25,0,0,1,5.142857142857143,0.0
2,1879,11,False,0,2025-02-25,4,0.0,0.1,0.12,1,25,0,0,1,5.285714285714286,0.0
2,3084,11,False,0,2025-02-25,6,0.0,0.12,0.15,1,25,0,0,1,2.7142857142857144,0.0
2,3414,11,False,0,2025-02-25,0,0.0,0.1,0.12,1,25,0,0,1,3.4285714285714284,0.0
2,3602,11,False,0,2025-02-25,2,1.0,0.12,0.15,1,25,0,0,1,3.4285714285714284,0.0
2,3829,11,False,0,2025-02-25,6,0.0,0.1,0.15,1,25,0,0,1,3.2857142857142856,0.0
2,3961,11,False,0,2025-02-25,3,0.0,0.09,0.11,1,25,0,0,1,2.857142857142857,0.0
2,4171,11,False,0,2025-02-25,4,0.0,0.14,0.21,1,25,0,0,1,3.2857142857142856,0.0
2,4182,11,False,0,2025-02-25,2,0.0,0.07,0.07,1,25,0,0,1,3.5714285714285716,0.0
2,4322,11,False,0,2025-02-25,0,0.0,0.1,0.12,1,25,0,0,1,3.2857142857142856,0.0
2,4930,11,False,0,2025-02-25,3,0.0,0.09,0.12,1,25,0,0,1,2.4285714285714284,0.0
2,27,1,False,0,2025-02-23,4,1.0,0.07,0.08,6,23,0,1,0,2.857142857142857,0.0
2,982,1,False,0,2025-02-23,3,0.0,0.2,0.24,6,23,0,1,0,3.142857142857143,0.0
2,1030,1,False,0,2025-02-23,6,0.0,0.29,0.37,6,23,0,1,0,2.7142857142857144,0.0
2,1304,1,False,0,2025-02-23,3,0.0,0.04,0.06,6,23,0,1,0,3.142857142857143,0.0
2,1590,1,False,0,2025-02-23,4,0.0,0.06,0.09,6,23,0,1,0,3.0,0.0
2,1752,1,False,0,2025-02-23,6,0.0,0.16,0.22,6,23,0,1,0,3.2857142857142856,0.0
2,1840,1,False,0,2025-02-23,4,0.0,0.13,0.17,6,23,0,1,0,4.142857142857143,0.0
2,1853,1,False,0,2025-02-23,0,0.0,0.18,0.21,6,23,0,1,0,4.285714285714286,0.0
2,1874,1,False,0,2025-02-23,6,0.0,0.03,0.03,6,23,0,1,0,3.7142857142857144,0.0
2,2850,1,False,0,2025-02-23,4,0.0,0.18,0.22,6,23,0,1,0,4.142857142857143,0.0
2,3058,1,False,0,2025-02-23,5,0.0,0.16,0.19,6,23,0,1,0,3.857142857142857,0.0
2,3120,1,False,0,2025-02-23,4,0.0,0.16,0.17,6,23,0,1,0,4.142857142857143,0.0
2,3621,1,False,0,2025-02-23,2,0.0,0.03,0.04,6,23,0,1,0,4.142857142857143,0.0
2,3625,1,False,0,2025-02-23,5,0.0,0.16,0.18,6,23,0,1,0,3.5714285714285716,0.0
2,4088,1,False,0,2025-02-23,2,0.0,0.33,0.4,6,23,0,1,0,3.7142857142857144,0.0
2,4089,1,False,0,2025-02-23,1,0.0,0.16,0.23,6,23,0,1,0,4.0,0.0
2,4206,1,False,0,2025-02-23,3,0.0,0.5,0.6,6,23,0,1,0,3.2857142857142856,0.0
2,4693,1,False,0,2025-02-23,3,0.0,0.09,0.11,6,23,0,1,0,3.142857142857143,0.0
2,5035,1,False,0,2025-02-23,3,0.0,0.13,0.15,6,23,0,1,0,2.857142857142857,0.0
2,9,3,True,0,2025-02-23,1,0.0,0.11,0.15,6,23,0,1,0,2.7142857142857144,0.0
2,42,3,True,0,2025-02-23,1,0.0,0.05,0.06,6,23,0,1,0,2.5714285714285716,0.0
2,54,3,True,0,2025-02-23,1,0.0,0.18,0.21,6,23,0,1,0,2.0,0.0
2,63,3,True,0,2025-02-23,2,0.0,0.14,0.17,6,23,0,1,0,1.8571428571428572,0.0
2,71,3,True,0,2025-02-23,4,0.0,0.03,0.03,6,23,0,1,0,2.0,0.0
2,73,3,True,0,2025-02-23,3,0.0,0.15,0.19,6,23,0,1,0,2.142857142857143,0.0
2,118,3,True,0,2025-02-23,2,0.0,0.05,0.08,6,23,0,1,0,2.142857142857143,0.0
2,151,3,True,0,2025-02-23,1,0.0,0.21,0.27,6,23,0,1,0,2.0,0.0
2,154,3,True,0,2025-02-23,2,0.0,0.18,0.22,6,23,0,1,0,2.0,0.0
2,156,3,True,0,2025-02-23,2,0.0,0.04,0.05,6,23,0,1,0,2.142857142857143,0.0
2,224,3,True,0,2025-02-23,1,1.0,0.06,0.08,6,23,0,1,0,2.2857142857142856,0.0
2,230,3,True,0,2025-02-23,2,0.0,0.03,0.04,6,23,0,1,0,2.142857142857143,0.0
2,258,3,True,0,2025-02-23,1,0.0,0.03,0.04,6,23,0,1,0,1.8571428571428572,0.0
2,304,3,True,0,2025-02-23,2,0.0,0.1,0.12,6,23,0,1,0,1.5714285714285714,0.0
2,307,3,True,0,2025-02-23,3,0.0,0.16,0.21,6,23,0,1,0,1.5714285714285714,0.0
2,319,3,True,0,2025-02-23,1,0.0,0.35,0.42,6,23,0,1,0,1.8571428571428572,0.0
2,323,3,True,0,2025-02-23,1,0.0,0.28,0.33,6,23,0,1,0,1.7142857142857142,0.0
2,347,3,True,0,2025-02-23,2,0.0,0.06,0.07,6,23,0,1,0,1.5714285714285714,0.0
2,377,3,True,0,2025-02-23,4,0.0,0.14,0.17,6,23,0,1,0,1.7142857142857142,0.0
2,384,3,True,0,2025-02-23,0,0.0,0.04,0.06,6,23,0,1,0,2.0,0.0
2,396,3,True,0,2025-02-23,3,0.0,0.22,0.25,6,23,0,1,0,1.8571428571428572,0.0
2,400,3,True,0,2025-02-23,1,0.0,0.19,0.23,6,23,0,1,0,2.0,0.0
2,409,3,True,0,2025-02-23,1,0.0,0.1,0.11,6,23,0,1,0,1.7142857142857142,0.0
2,414,3,True,0,2025-02-23,1,0.0,0.08,0.09,6,23,0,1,0,1.7142857142857142,0.0
2,424,3,True,0,2025-02-23,4,0.0,0.09,0.12,6,23,0,1,0,1.7142857142857142,0.0
2,430,3,True,0,2025-02-23,1,0.0,0.13,0.22,6,23,0,1,0,2.0,0.0
2,452,3,True,0,2025-02-23,2,0.0,0.07,0.09,6,23,0,1,0,1.5714285714285714,0.0
2,514,3,True,0,2025-02-23,4,0.0,0.16,0.2,6,23,0,1,0,1.8571428571428572,0.0
2,541,3,True,0,2025-02-23,4,0.0,0.07,0.1,6,23,0,1,0,2.0,0.0
2,550,3,True,0,2025-02-23,0,1.0,0.13,0.18,6,23,0,1,0,2.4285714285714284,0.0
2,570,3,True,0,2025-02-23,2,0.0,0.15,0.18,6,23,0,1,0,2.2857142857142856,0.0
2,571,3,True,0,2025-02-23,2,0.0,0.11,0.15,6,23,0,1,0,2.4285714285714284,0.0
2,604,3,True,0,2025-02-23,1,0.0,0.3,0.37,6,23,0,1,0,2.142857142857143,0.0
2,618,3,True,0,2025-02-23,2,0.0,0.13,0.16,6,23,0,1,0,2.142857142857143,0.0
2,630,3,True,0,2025-02-23,0,0.0,0.06,0.07,6,23,0,1,0,2.142857142857143,0.0
2,642,3,True,0,2025-02-23,1,0.0,0.07,0.11,6,23,0,1,0,1.5714285714285714,0.0
2,643,3,True,0,2025-02-23,1,0.0,0.06,0.07,6,23,0,1,0,1.1428571428571428,0.0
2,664,3,True,0,2025-02-23,1,0.0,0.14,0.19,6,23,0,1,0,1.2857142857142858,0.0
2,674,3,True,0,2025-02-23,1,0.0,0.15,0.18,6,23,0,1,0,1.1428571428571428,0.0
2,679,3,True,0,2025-02-23,1,0.0,0.06,0.07,6,23,0,1,0,1.0,0.0
2,713,3,True,0,2025-02-23,3,0.0,0.06,0.07,6,23,0,1,0,1.0,0.0
2,725,3,True,0,2025-02-23,2,1.0,0.18,0.23,6,23,0,1,0,1.1428571428571428,0.0
2,766,3,True,0,2025-02-23,5,0.0,0.06,0.09,6,23,0,1,0,1.4285714285714286,0.0
2,767,3,True,0,2025-02-23,2,0.0,0.17,0.22,6,23,0,1,0,2.0,0.0
2,775,3,True,0,2025-02-23,2,0.0,0.12,0.15,6,23,0,1,0,2.142857142857143,0.0
2,800,3,True,0,2025-02-23,3,0.0,0.26,0.37,6,23,0,1,0,2.2857142857142856,0.0
2,804,3,True,0,2025-02-23,5,0.0,0.1,0.14,6,23,0,1,0,2.5714285714285716,0.0
2,806,3,True,0,2025-02-23,1,0.0,0.08,0.1,6,23,0,1,0,3.142857142857143,0.0
2,807,3,True,0,2025-02-23,4,0.0,0.13,0.16,6,23,0,1,0,2.857142857142857,0.0
2,808,3,True,0,2025-02-23,1,0.0,0.06,0.07,6,23,0,1,0,3.142857142857143,0.0
2,832,3,True,0,2025-02-23,1,0.0,0.12,0.16,6,23,0,1,0,2.5714285714285716,0.0
2,836,3,True,0,2025-02-23,2,0.0,0.07,0.09,6,23,0,1,0,2.4285714285714284,0.0
2,841,3,True,0,2025-02-23,4,0.0,0.13,0.17,6,23,0,1,0,2.4285714285714284,0.0
2,847,3,True,0,2025-02-23,2,0.0,0.08,0.11,6,23,0,1,0,2.5714285714285716,0.0
2,850,3,True,0,2025-02-23,2,0.0,0.49,0.61,6,23,0,1,0,2.142857142857143,0.0
2,874,3,True,0,2025-02-23,2,0.0,0.03,0.04,6,23,0,1,0,2.2857142857142856,0.0
2,897,3,True,0,2025-02-23,7,0.0,0.05,0.05,6,23,0,1,0,2.0,0.0
2,903,3,True,0,2025-02-23,3,0.0,0.05,0.08,6,23,0,1,0,2.857142857142857,0.0
2,905,3,True,0,2025-02-23,1,0.0,0.12,0.16,6,23,0,1,0,3.142857142857143,0.0
2,921,3,True,0,2025-02-23,1,0.0,0.09,0.12,6,23,0,1,0,3.0,0.0
2,922,3,True,0,2025-02-23,4,0.0,0.07,0.09,6,23,0,1,0,2.5714285714285716,0.0
2,937,3,True,0,2025-02-23,0,0.0,0.03,0.05,6,23,0,1,0,2.857142857142857,0.0
2,940,3,True,0,2025-02-23,4,0.0,0.2,0.25,6,23,0,1,0,2.5714285714285716,0.0
2,965,3,True,0,2025-02-23,1,0.0,0.36,0.43,6,23,0,1,0,2.857142857142857,0.0
2,971,3,True,0,2025-02-23,4,0.0,0.08,0.1,6,23,0,1,0,2.0,0.0
2,978,3,True,0,2025-02-23,1,0.0,0.11,0.13,6,23,0,1,0,2.142857142857143,0.0
2,983,3,True,0,2025-02-23,3,0.0,0.11,0.13,6,23,0,1,0,2.142857142857143,0.0
2,1005,3,True,0,2025-02-23,7,0.0,0.07,0.09,6,23,0,1,0,2.4285714285714284,0.0
2,1006,3,True,0,2025-02-23,0,0.0,0.03,0.04,6,23,0,1,0,2.857142857142857,0.0
2,1022,3,True,0,2025-02-23,1,0.0,0.09,0.12,6,23,0,1,0,2.857142857142857,0.0
2,1046,3,True,0,2025-02-23,3,0.0,0.06,0.1,6,23,0,1,0,2.4285714285714284,0.0
2,1074,3,True,0,2025-02-23,1,0.0,0.11,0.1,6,23,0,1,0,2.7142857142857144,0.0
2,1080,3,True,0,2025-02-23,2,0.0,0.15,0.2,6,23,0,1,0,2.2857142857142856,0.0
2,1089,3,True,0,2025-02-23,2,0.0,0.11,0.14,6,23,0,1,0,2.4285714285714284,0.0
2,1094,3,True,0,2025-02-23,0,1.0,0.18,0.2,6,23,0,1,0,2.2857142857142856,0.0
2,1106,3,True,0,2025-02-23,5,0.0,0.08,0.11,6,23,0,1,0,1.2857142857142858,0.0
2,1141,3,True,0,2025-02-23,1,0.0,0.09,0.13,6,23,0,1,0,2.0,0.0
2,1142,3,True,0,2025-02-23,2,0.0,0.28,0.35,6,23,0,1,0,2.0,0.0
2,1150,3,True,0,2025-02-23,3,0.0,0.04,0.05,6,23,0,1,0,1.8571428571428572,0.0
2,1153,3,True,0,2025-02-23,0,0.0,0.07,0.09,6,23,0,1,0,2.142857142857143,0.0
2,1173,3,True,0,2025-02-23,1,0.0,0.05,0.07,6,23,0,1,0,1.8571428571428572,0.0
2,1208,3,True,0,2025-02-23,4,0.0,0.1,0.12,6,23,0,1,0,1.7142857142857142,0.0
2,1246,3,True,0,2025-02-23,1,0.0,0.04,0.08,6,23,0,1,0,2.2857142857142856,0.0
2,1254,3,True,0,2025-02-23,2,0.0,0.23,0.29,6,23,0,1,0,1.7142857142857142,0.0
2,1280,3,True,0,2025-02-23,1,0.0,0.14,0.16,6,23,0,1,0,1.8571428571428572,0.0
2,1315,3,True,0,2025-02-23,3,0.0,0.14,0.2,6,23,0,1,0,1.7142857142857142,0.0
2,1322,3,True,0,2025-02-23,2,0.0,0.25,0.28,6,23,0,1,0,1.7142857142857142,0.0
2,1337,3,True,0,2025-02-23,2,0.0,0.04,0.06,6,23,0,1,0,2.0,0.0
2,1348,3,True,0,2025-02-23,3,0.0,0.14,0.19,6,23,0,1,0,2.142857142857143,0.0
2,1353,3,True,0,2025-02-23,1,0.0,0.12,0.16,6,23,0,1,0,2.0,0.0
2,1387,3,True,0,2025-02-23,0,0.0,0.04,0.05,6,23,0,1,0,2.0,0.0
2,1413,3,True,0,2025-02-23,1,0.0,0.51,0.57,6,23,0,1,0,1.7142857142857142,0.0
2,1446,3,True,0,2025-02-23,9,0.0,0.01,0.01,6,23,0,1,0,1.7142857142857142,0.0
2,1450,3,True,0,2025-02-23,3,0.0,0.05,0.06,6,23,0,1,0,2.5714285714285716,0.0
2,1458,3,True,0,2025-02-23,1,0.0,0.05,0.06,6,23,0,1,0,2.7142857142857144,0.0
2,1460,3,True,0,2025-02-23,3,0.0,0.05,0.06,6,23,0,1,0,2.5714285714285716,0.0
2,1486,3,True,0,2025-02-23,2,0.0,0.07,0.09,6,23,0,1,0,2.5714285714285716,0.0
2,1514,3,True,0,2025-02-23,1,0.0,0.19,0.2,6,23,0,1,0,2.7142857142857144,0.0
2,1518,3,True,0,2025-02-23,1,0.0,0.17,0.2,6,23,0,1,0,2.857142857142857,0.0
2,1520,3,True,0,2025-02-23,2,0.0,0.05,0.06,6,23,0,1,0,2.857142857142857,0.0
2,1577,3,True,0,2025-02-23,2,0.0,0.07,0.09,6,23,0,1,0,1.8571428571428572,0.0
2,1604,3,True,0,2025-02-23,1,0.0,0.36,0.41,6,23,0,1,0,1.7142857142857142,0.0
2,1651,3,True,0,2025-02-23,1,0.0,0.22,0.27,6,23,0,1,0,1.7142857142857142,0.0
2,1660,3,True,0,2025-02-23,1,0.0,0.1,0.12,6,23,0,1,0,1.4285714285714286,0.0
2,1667,3,True,0,2025-02-23,1,0.0,0.07,0.08,6,23,0,1,0,1.2857142857142858,0.0
2,1689,3,True,0,2025-02-23,3,0.0,0.05,0.06,6,23,0,1,0,1.2857142857142858,0.0
2,1691,3,True,0,2025-02-23,2,0.0,0.03,0.05,6,23,0,1,0,1.5714285714285714,0.0
2,1717,3,True,0,2025-02-23,1,0.0,0.27,0.32,6,23,0,1,0,1.5714285714285714,0.0
2,1736,3,True,0,2025-02-23,1,0.0,0.06,0.09,6,23,0,1,0,1.4285714285714286,0.0
2,1781,3,True,0,2025-02-23,1,0.0,0.04,0.04,6,23,0,1,0,1.4285714285714286,0.0
2,1791,3,True,0,2025-02-23,1,0.0,0.3,0.44,6,23,0,1,0,1.4285714285714286,0.0
2,1798,3,True,0,2025-02-23,2,0.0,0.22,0.28,6,23,0,1,0,1.4285714285714286,0.0
2,1800,3,True,0,2025-02-23,0,0.0,0.24,0.32,6,23,0,1,0,1.5714285714285714,0.0
2,1803,3,True,0,2025-02-23,1,0.0,0.07,0.15,6,23,0,1,0,1.1428571428571428,0.0
2,1804,3,True,0,2025-02-23,3,0.0,0.09,0.12,6,23,0,1,0,1.0,0.0
2,1843,3,True,0,2025-02-23,1,0.0,0.04,0.06,6,23,0,1,0,1.2857142857142858,0.0
2,1852,3,True,0,2025-02-23,3,0.0,0.05,0.06,6,23,0,1,0,1.2857142857142858,0.0
2,1871,3,True,0,2025-02-23,2,0.0,0.17,0.2,6,23,0,1,0,1.5714285714285714,0.0
2,1876,3,True,0,2025-02-23,3,0.0,0.07,0.1,6,23,0,1,0,1.7142857142857142,0.0
2,1881,3,True,0,2025-02-23,2,0.0,0.18,0.24,6,23,0,1,0,1.8571428571428572,0.0
2,1903,3,True,0,2025-02-23,1,0.0,0.05,0.07,6,23,0,1,0,2.142857142857143,0.0
2,1908,3,True,0,2025-02-23,2,0.0,0.03,0.06,6,23,0,1,0,2.142857142857143,0.0
2,1918,3,True,0,2025-02-23,1,0.0,0.03,0.04,6,23,0,1,0,2.0,0.0
2,1932,3,True,0,2025-02-23,0,0.0,0.1,0.14,6,23,0,1,0,2.0,0.0
2,1936,3,True,0,2025-02-23,0,0.0,0.43,0.46,6,23,0,1,0,1.5714285714285714,0.0
2,1947,3,True,0,2025-02-23,18,1.0,0.09,0.13,6,23,0,1,0,1.2857142857142858,0.0
2,1962,3,True,0,2025-02-23,1,0.0,0.06,0.09,6,23,0,1,0,3.4285714285714284,0.0
2,1965,3,True,0,2025-02-23,5,0.0,0.24,0.27,6,23,0,1,0,3.2857142857142856,0.0
2,1992,3,True,0,2025-02-23,1,1.0,0.08,0.11,6,23,0,1,0,3.857142857142857,0.0
2,1994,3,True,0,2025-02-23,1,0.0,0.03,0.03,6,23,0,1,0,3.7142857142857144,0.0
2,2017,3,True,0,2025-02-23,3,0.0,0.11,0.15,6,23,0,1,0,3.7142857142857144,0.0
2,2019,3,True,0,2025-02-23,1,0.0,0.15,0.17,6,23,0,1,0,4.142857142857143,0.0
2,2041,3,True,0,2025-02-23,0,0.0,0.06,0.08,6,23,0,1,0,4.285714285714286,0.0
2,2043,3,True,0,2025-02-23,4,0.0,0.07,0.09,6,23,0,1,0,1.7142857142857142,0.0
2,2047,3,True,0,2025-02-23,1,0.0,0.12,0.14,6,23,0,1,0,2.142857142857143,0.0
2,2055,3,True,0,2025-02-23,2,0.0,0.1,0.11,6,23,0,1,0,1.5714285714285714,0.0
2,2084,3,True,0,2025-02-23,3,0.0,0.05,0.05,6,23,0,1,0,1.7142857142857142,0.0
2,2111,3,True,0,2025-02-23,3,0.0,0.29,0.36,6,23,0,1,0,2.0,0.0
2,2114,3,True,0,2025-02-23,1,0.0,0.06,0.08,6,23,0,1,0,2.0,0.0
2,2115,3,True,0,2025-02-23,6,0.0,0.49,0.47,6,23,0,1,0,2.0,0.0
2,2117,3,True,0,2025-02-23,2,0.0,0.14,0.17,6,23,0,1,0,2.857142857142857,0.0
2,2136,3,True,0,2025-02-23,2,0.0,0.28,0.31,6,23,0,1,0,2.5714285714285716,0.0
2,2146,3,True,0,2025-02-23,3,0.0,0.2,0.26,6,23,0,1,0,2.7142857142857144,0.0
2,2173,3,True,0,2025-02-23,4,0.0,0.04,0.04,6,23,0,1,0,2.857142857142857,0.0
2,2186,3,True,0,2025-02-23,1,0.0,0.25,0.27,6,23,0,1,0,3.0,0.0
2,2192,3,True,0,2025-02-23,0,0.0,0.07,0.1,6,23,0,1,0,2.7142857142857144,0.0
2,2201,3,True,0,2025-02-23,1,0.0,0.12,0.15,6,23,0,1,0,2.5714285714285716,0.0
2,2203,3,True,0,2025-02-23,1,0.0,0.15,0.2,6,23,0,1,0,1.8571428571428572,0.0
2,2206,3,True,0,2025-02-23,21,0.0,0.02,0.03,6,23,0,1,0,1.7142857142857142,0.0
2,2228,3,True,0,2025-02-23,0,0.0,0.16,0.21,6,23,0,1,0,4.428571428571429,0.0
2,2245,3,True,0,2025-02-23,1,0.0,0.2,0.22,6,23,0,1,0,4.0,0.0
2,2249,3,True,0,2025-02-23,2,0.0,0.06,0.07,6,23,0,1,0,3.5714285714285716,0.0
2,2265,3,True,0,2025-02-23,1,0.0,0.03,0.04,6,23,0,1,0,3.7142857142857144,0.0
2,2268,3,True,0,2025-02-23,3,0.0,0.14,0.18,6,23,0,1,0,3.857142857142857,0.0
2,2282,3,True,0,2025-02-23,2,0.0,0.08,0.11,6,23,0,1,0,4.142857142857143,0.0
2,2289,3,True,0,2025-02-23,3,0.0,0.08,0.1,6,23,0,1,0,4.285714285714286,0.0
2,2300,3,True,0,2025-02-23,0,0.0,0.23,0.28,6,23,0,1,0,1.7142857142857142,0.0
2,2314,3,True,0,2025-02-23,1,1.0,0.06,0.08,6,23,0,1,0,1.7142857142857142,0.0
2,2316,3,True,0,2025-02-23,1,0.0,0.08,0.09,6,23,0,1,0,1.7142857142857142,0.0
2,2347,3,True,0,2025-02-23,2,0.0,0.16,0.2,6,23,0,1,0,1.5714285714285714,0.0
2,2350,3,True,0,2025-02-23,1,0.0,0.04,0.05,6,23,0,1,0,1.7142857142857142,0.0
2,2385,3,True,0,2025-02-23,7,0.0,0.02,0.03,6,23,0,1,0,1.4285714285714286,0.0
2,2387,3,True,0,2025-02-23,0,0.0,0.1,0.16,6,23,0,1,0,2.142857142857143,0.0
2,2394,3,True,0,2025-02-23,0,0.0,0.12,0.16,6,23,0,1,0,1.7142857142857142,0.0
2,2402,3,True,0,2025-02-23,2,0.0,0.07,0.1,6,23,0,1,0,1.7142857142857142,0.0
2,2406,3,True,0,2025-02-23,2,0.0,0.29,0.43,6,23,0,1,0,1.8571428571428572,0.0
2,2411,3,True,0,2025-02-23,3,0.0,0.16,0.2,6,23,0,1,0,2.0,0.0
2,2422,3,True,0,2025-02-23,1,0.0,0.27,0.31,6,23,0,1,0,2.142857142857143,0.0
2,2426,3,True,0,2025-02-23,0,0.0,0.15,0.16,6,23,0,1,0,2.142857142857143,0.0
2,2472,3,True,0,2025-02-23,1,0.0,0.09,0.12,6,23,0,1,0,1.1428571428571428,0.0
2,2496,3,True,0,2025-02-23,2,0.0,0.22,0.32,6,23,0,1,0,1.2857142857142858,0.0
2,2501,3,True,0,2025-02-23,1,0.0,0.09,0.11,6,23,0,1,0,1.5714285714285714,0.0
2,2505,3,True,0,2025-02-23,1,0.0,0.09,0.11,6,23,0,1,0,1.4285714285714286,0.0
2,2521,3,True,0,2025-02-23,1,0.0,0.43,0.51,6,23,0,1,0,1.2857142857142858,0.0
2,2524,3,True,0,2025-02-23,1,0.0,0.29,0.37,6,23,0,1,0,1.0,0.0
2,2532,3,True,0,2025-02-23,1,0.0,0.12,0.11,6,23,0,1,0,1.0,0.0
2,2533,3,True,0,2025-02-23,2,0.0,0.34,0.36,6,23,0,1,0,1.1428571428571428,0.0
2,2555,3,True,0,2025-02-23,1,0.0,0.03,0.04,6,23,0,1,0,1.2857142857142858,0.0
2,2572,3,True,0,2025-02-23,0,0.0,0.34,0.45,6,23,0,1,0,1.1428571428571428,0.0
2,2573,3,True,0,2025-02-23,2,0.0,0.23,0.31,6,23,0,1,0,1.0,0.0
2,2575,3,True,0,2025-02-23,3,0.0,0.02,0.03,6,23,0,1,0,1.1428571428571428,0.0
2,2578,3,True,0,2025-02-23,3,0.0,0.04,0.06,6,23,0,1,0,1.4285714285714286,0.0
2,2593,3,True,0,2025-02-23,3,0.0,0.01,0.02,6,23,0,1,0,1.7142857142857142,0.0
2,2594,3,True,0,2025-02-23,1,0.0,0.24,0.27,6,23,0,1,0,2.0,0.0
2,2596,3,True,0,2025-02-23,0,0.0,0.22,0.19,6,23,0,1,0,1.8571428571428572,0.0
2,2626,3,True,0,2025-02-23,1,0.0,0.25,0.37,6,23,0,1,0,1.7142857142857142,0.0
2,2637,3,True,0,2025-02-23,2,0.0,0.15,0.18,6,23,0,1,0,1.8571428571428572,0.0
2,2650,3,True,0,2025-02-23,1,0.0,0.07,0.09,6,23,0,1,0,1.8571428571428572,0.0
2,2663,3,True,0,2025-02-23,1,0.0,0.54,0.64,6,23,0,1,0,1.5714285714285714,0.0
2,2664,3,True,0,2025-02-23,3,0.0,0.19,0.24,6,23,0,1,0,1.2857142857142858,0.0
2,2668,3,True,0,2025-02-23,5,0.0,0.22,0.28,6,23,0,1,0,1.2857142857142858,0.0
2,2710,3,True,0,2025-02-23,2,0.0,0.06,0.09,6,23,0,1,0,1.8571428571428572,0.0
2,2715,3,True,0,2025-02-23,0,0.0,0.04,0.05,6,23,0,1,0,2.142857142857143,0.0
2,2741,3,True,0,2025-02-23,2,0.0,0.17,0.2,6,23,0,1,0,2.0,0.0
2,2746,3,True,0,2025-02-23,1,0.0,0.15,0.2,6,23,0,1,0,2.0,0.0
2,2768,3,True,0,2025-02-23,3,0.0,0.08,0.12,6,23,0,1,0,2.0,0.0
2,2814,3,True,0,2025-02-23,1,1.0,0.1,0.14,6,23,0,1,0,2.2857142857142856,0.0
2,2826,3,True,0,2025-02-23,2,0.0,0.06,0.1,6,23,0,1,0,2.0,0.0
2,2827,3,True,0,2025-02-23,1,0.0,0.34,0.37,6,23,0,1,0,1.5714285714285714,0.0
2,2861,3,True,0,2025-02-23,1,0.0,0.09,0.11,6,23,0,1,0,1.4285714285714286,0.0
2,2862,3,True,0,2025-02-23,1,0.0,0.32,0.38,6,23,0,1,0,1.5714285714285714,0.0
2,2864,3,True,0,2025-02-23,19,0.0,0.06,0.07,6,23,0,1,0,1.4285714285714286,0.0
2,2866,3,True,0,2025-02-23,2,0.0,0.25,0.29,6,23,0,1,0,4.0,0.0
2,2902,3,True,0,2025-02-23,3,0.0,0.04,0.05,6,23,0,1,0,3.857142857142857,0.0
2,2910,3,True,0,2025-02-23,0,0.0,0.25,0.32,6,23,0,1,0,4.142857142857143,0.0
2,2911,3,True,0,2025-02-23,2,0.0,0.27,0.36,6,23,0,1,0,3.857142857142857,0.0
2,2951,3,True,0,2025-02-23,2,0.0,0.07,0.09,6,23,0,1,0,4.0,0.0
2,2954,3,True,0,2025-02-23,5,1.0,0.05,0.07,6,23,0,1,0,4.142857142857143,0.0
2,2958,3,True,0,2025-02-23,0,0.0,0.04,0.05,6,23,0,1,0,4.714285714285714,0.0
2,2974,3,True,0,2025-02-23,4,0.0,0.12,0.15,6,23,0,1,0,2.0,0.0
2,2975,3,True,0,2025-02-23,2,0.0,0.14,0.14,6,23,0,1,0,2.2857142857142856,0.0
2,2980,3,True,0,2025-02-23,4,0.0,0.06,0.08,6,23,0,1,0,2.142857142857143,0.0
2,3022,3,True,0,2025-02-23,3,0.0,0.2,0.23,6,23,0,1,0,2.7142857142857144,0.0
2,3052,3,True,0,2025-02-23,1,0.0,0.16,0.22,6,23,0,1,0,2.857142857142857,0.0
2,3061,3,True,0,2025-02-23,3,0.0,0.03,0.05,6,23,0,1,0,2.7142857142857144,0.0
2,3069,3,True,0,2025-02-23,2,0.0,0.14,0.18,6,23,0,1,0,2.4285714285714284,0.0
2,3074,3,True,0,2025-02-23,0,0.0,0.12,0.16,6,23,0,1,0,2.7142857142857144,0.0
2,3077,3,True,0,2025-02-23,3,0.0,0.44,0.68,6,23,0,1,0,2.142857142857143,0.0
2,3079,3,True,0,2025-02-23,1,0.0,0.1,0.11,6,23,0,1,0,2.2857142857142856,0.0
2,3083,3,True,0,2025-02-23,2,0.0,0.06,0.08,6,23,0,1,0,1.8571428571428572,0.0
2,3104,3,True,0,2025-02-23,5,0.0,0.24,0.24,6,23,0,1,0,1.7142857142857142,0.0
2,3116,3,True,0,2025-02-23,3,0.0,0.09,0.13,6,23,0,1,0,2.2857142857142856,0.0
2,3117,3,True,0,2025-02-23,2,0.0,0.05,0.06,6,23,0,1,0,2.2857142857142856,0.0
2,3119,3,True,0,2025-02-23,2,0.0,0.09,0.12,6,23,0,1,0,2.2857142857142856,0.0
2,3165,3,True,0,2025-02-23,1,0.0,0.07,0.09,6,23,0,1,0,2.5714285714285716,0.0
2,3208,3,True,0,2025-02-23,2,0.0,0.07,0.1,6,23,0,1,0,2.2857142857142856,0.0
2,3212,3,True,0,2025-02-23,0,0.0,0.08,0.1,6,23,0,1,0,2.4285714285714284,0.0
2,3219,3,True,0,2025-02-23,4,0.0,0.08,0.11,6,23,0,1,0,2.142857142857143,0.0
2,3234,3,True,0,2025-02-23,6,0.0,0.13,0.17,6,23,0,1,0,2.0,0.0
2,3242,3,True,0,2025-02-23,1,1.0,0.05,0.07,6,23,0,1,0,2.4285714285714284,0.0
2,3263,3,True,0,2025-02-23,1,0.0,0.31,0.39,6,23,0,1,0,2.2857142857142856,0.0
2,3266,3,True,0,2025-02-23,3,0.0,0.08,0.12,6,23,0,1,0,2.142857142857143,0.0
2,3276,3,True,0,2025-02-23,4,0.0,0.1,0.12,6,23,0,1,0,2.4285714285714284,0.0
2,3286,3,True,0,2025-02-23,2,0.0,0.22,0.29,6,23,0,1,0,2.7142857142857144,0.0
2,3347,3,True,0,2025-02-23,2,0.0,0.1,0.12,6,23,0,1,0,3.0,0.0
2,3358,3,True,0,2025-02-23,2,0.0,0.17,0.29,6,23,0,1,0,2.7142857142857144,0.0
2,3363,3,True,0,2025-02-23,1,0.0,0.18,0.22,6,23,0,1,0,2.142857142857143,0.0
2,3369,3,True,0,2025-02-23,2,0.0,0.06,0.08,6,23,0,1,0,2.142857142857143,0.0
2,3393,3,True,0,2025-02-23,1,0.0,0.07,0.08,6,23,0,1,0,2.2857142857142856,0.0
2,3452,3,True,0,2025-02-23,2,0.0,0.14,0.13,6,23,0,1,0,2.0,0.0
2,3495,3,True,0,2025-02-23,4,0.0,0.08,0.12,6,23,0,1,0,1.7142857142857142,0.0
2,3502,3,True,0,2025-02-23,0,1.0,0.08,0.11,6,23,0,1,0,2.0,0.0
2,3523,3,True,0,2025-02-23,1,0.0,0.17,0.22,6,23,0,1,0,1.7142857142857142,0.0
2,3527,3,True,0,2025-02-23,3,0.0,0.15,0.19,6,23,0,1,0,1.5714285714285714,0.0
2,3538,3,True,0,2025-02-23,2,0.0,0.02,0.05,6,23,0,1,0,1.8571428571428572,0.0
2,3546,3,True,0,2025-02-23,1,0.0,0.12,0.16,6,23,0,1,0,1.8571428571428572,0.0
2,3549,3,True,0,2025-02-23,3,0.0,0.15,0.19,6,23,0,1,0,1.8571428571428572,0.0
2,3560,3,True,0,2025-02-23,1,0.0,0.2,0.24,6,23,0,1,0,2.0,0.0
2,3589,3,True,0,2025-02-23,1,0.0,0.09,0.11,6,23,0,1,0,1.5714285714285714,0.0
2,3609,3,True,0,2025-02-23,3,0.0,0.04,0.05,6,23,0,1,0,1.7142857142857142,0.0
2,3641,3,True,0,2025-02-23,1,0.0,0.07,0.09,6,23,0,1,0,2.0,0.0
2,3642,3,True,0,2025-02-23,1,0.0,0.42,0.44,6,23,0,1,0,1.7142857142857142,0.0
2,3653,3,True,0,2025-02-23,1,0.0,0.25,0.34,6,23,0,1,0,1.5714285714285714,0.0
2,3701,3,True,0,2025-02-23,4,0.0,0.23,0.26,6,23,0,1,0,1.5714285714285714,0.0
2,3708,3,True,0,2025-02-23,3,0.0,0.02,0.03,6,23,0,1,0,1.7142857142857142,0.0
2,3726,3,True,0,2025-02-23,0,0.0,0.1,0.13,6,23,0,1,0,2.0,0.0
2,3746,3,True,0,2025-02-23,2,0.0,0.06,0.08,6,23,0,1,0,1.8571428571428572,0.0
2,3749,3,True,0,2025-02-23,2,0.0,0.08,0.11,6,23,0,1,0,1.7142857142857142,0.0
2,3769,3,True,0,2025-02-23,3,0.0,0.27,0.32,6,23,0,1,0,1.8571428571428572,0.0
2,3798,3,True,0,2025-02-23,1,0.0,0.04,0.05,6,23,0,1,0,2.142857142857143,0.0
2,3803,3,True,0,2025-02-23,1,0.0,0.14,0.17,6,23,0,1,0,2.142857142857143,0.0
2,3834,3,True,0,2025-02-23,1,1.0,0.04,0.06,6,23,0,1,0,1.7142857142857142,0.0
2,3839,3,True,0,2025-02-23,1,0.0,0.05,0.09,6,23,0,1,0,1.4285714285714286,0.0
2,3852,3,True,0,2025-02-23,1,0.0,0.24,0.31,6,23,0,1,0,1.5714285714285714,0.0
2,3864,3,True,0,2025-02-23,2,0.0,0.05,0.08,6,23,0,1,0,1.4285714285714286,0.0
2,3877,3,True,0,2025-02-23,20,0.0,0.01,0.02,6,23,0,1,0,1.4285714285714286,0.0
2,3891,3,True,0,2025-02-23,2,0.0,0.17,0.17,6,23,0,1,0,3.857142857142857,0.0
2,3893,3,True,0,2025-02-23,0,0.0,0.08,0.1,6,23,0,1,0,4.0,0.0
2,3909,3,True,0,2025-02-23,2,0.0,0.08,0.1,6,23,0,1,0,3.857142857142857,0.0
2,3911,3,True,0,2025-02-23,1,0.0,0.08,0.1,6,23,0,1,0,4.0,0.0
2,3915,3,True,0,2025-02-23,2,0.0,0.1,0.13,6,23,0,1,0,4.0,0.0
2,3922,3,True,0,2025-02-23,1,0.0,0.03,0.04,6,23,0,1,0,4.142857142857143,0.0
2,3934,3,True,0,2025-02-23,3,0.0,0.38,0.43,6,23,0,1,0,4.0,0.0
2,3951,3,True,0,2025-02-23,1,0.0,0.4,0.33,6,23,0,1,0,1.5714285714285714,0.0
2,3982,3,True,0,2025-02-23,2,0.0,0.17,0.19,6,23,0,1,0,1.4285714285714286,0.0
2,4002,3,True,0,2025-02-23,5,0.0,0.05,0.08,6,23,0,1,0,1.7142857142857142,0.0
2,4011,3,True,0,2025-02-23,1,0.0,0.07,0.11,6,23,0,1,0,2.142857142857143,0.0
2,4033,3,True,0,2025-02-23,1,0.0,0.11,0.14,6,23,0,1,0,2.142857142857143,0.0
2,4041,3,True,0,2025-02-23,3,0.0,0.04,0.05,6,23,0,1,0,2.0,0.0
2,4062,3,True,0,2025-02-23,2,0.0,0.12,0.19,6,23,0,1,0,2.2857142857142856,0.0
2,4097,3,True,0,2025-02-23,9,1.0,0.03,0.04,6,23,0,1,0,2.142857142857143,0.0
2,4119,3,True,0,2025-02-23,1,0.0,0.16,0.15,6,23,0,1,0,3.2857142857142856,0.0
2,4120,3,True,0,2025-02-23,5,0.0,0.16,0.17,6,23,0,1,0,3.142857142857143,0.0
2,4167,3,True,0,2025-02-23,2,0.0,0.33,0.37,6,23,0,1,0,3.142857142857143,0.0
2,4179,3,True,0,2025-02-23,0,0.0,0.12,0.17,6,23,0,1,0,3.2857142857142856,0.0
2,4191,3,True,0,2025-02-23,1,0.0,0.12,0.17,6,23,0,1,0,3.142857142857143,0.0
2,4192,3,True,0,2025-02-23,1,1.0,0.18,0.19,6,23,0,1,0,2.857142857142857,0.0
2,4203,3,True,0,2025-02-23,1,0.0,0.04,0.06,6,23,0,1,0,2.7142857142857144,0.0
2,4207,3,True,0,2025-02-23,2,1.0,0.11,0.14,6,23,0,1,0,1.5714285714285714,0.0
2,4210,3,True,0,2025-02-23,2,0.0,0.28,0.34,6,23,0,1,0,1.7142857142857142,0.0
2,4230,3,True,0,2025-02-23,1,0.0,0.13,0.16,6,23,0,1,0,1.2857142857142858,0.0
2,4239,3,True,0,2025-02-23,0,0.0,0.05,0.11,6,23,0,1,0,1.1428571428571428,0.0
2,4242,3,True,0,2025-02-23,2,0.0,0.32,0.39,6,23,0,1,0,1.1428571428571428,0.0
2,4246,3,True,0,2025-02-23,1,0.0,0.26,0.33,6,23,0,1,0,1.2857142857142858,0.0
2,4248,3,True,0,2025-02-23,1,0.0,0.24,0.33,6,23,0,1,0,1.2857142857142858,0.0
2,4260,3,True,0,2025-02-23,5,0.0,0.06,0.07,6,23,0,1,0,1.2857142857142858,0.0
2,4269,3,True,0,2025-02-23,1,0.0,0.08,0.1,6,23,0,1,0,1.7142857142857142,0.0
2,4277,3,True,0,2025-02-23,0,0.0,0.04,0.04,6,23,0,1,0,1.5714285714285714,0.0
2,4302,3,True,0,2025-02-23,1,0.0,0.57,0.64,6,23,0,1,0,1.4285714285714286,0.0
2,4315,3,True,0,2025-02-23,2,0.0,0.12,0.17,6,23,0,1,0,1.5714285714285714,0.0
2,4339,3,True,0,2025-02-23,3,0.0,0.23,0.32,6,23,0,1,0,1.5714285714285714,0.0
2,4357,3,True,0,2025-02-23,0,0.0,0.07,0.1,6,23,0,1,0,1.8571428571428572,0.0
2,4369,3,True,0,2025-02-23,1,0.0,0.38,0.53,6,23,0,1,0,1.7142857142857142,0.0
2,4381,3,True,0,2025-02-23,1,0.0,0.14,0.2,6,23,0,1,0,1.1428571428571428,0.0
2,4397,3,True,0,2025-02-23,2,0.0,0.09,0.16,6,23,0,1,0,1.1428571428571428,0.0
2,4409,3,True,0,2025-02-23,0,0.0,0.09,0.12,6,23,0,1,0,1.4285714285714286,0.0
2,4469,3,True,0,2025-02-23,1,0.0,0.25,0.32,6,23,0,1,0,1.2857142857142858,0.0
2,4475,3,True,0,2025-02-23,1,0.0,0.06,0.08,6,23,0,1,0,1.1428571428571428,0.0
2,4517,3,True,0,2025-02-23,3,0.0,0.29,0.29,6,23,0,1,0,0.8571428571428571,0.0
2,4521,3,True,0,2025-02-23,4,0.0,0.22,0.29,6,23,0,1,0,1.2857142857142858,0.0
2,4524,3,True,0,2025-02-23,2,0.0,0.17,0.2,6,23,0,1,0,1.7142857142857142,0.0
2,4527,3,True,0,2025-02-23,1,0.0,0.1,0.12,6,23,0,1,0,1.8571428571428572,0.0
2,4540,3,True,0,2025-02-23,2,0.0,0.04,0.06,6,23,0,1,0,1.7142857142857142,0.0
2,4546,3,True,0,2025-02-23,2,0.0,0.1,0.15,6,23,0,1,0,2.0,0.0
2,4563,3,True,0,2025-02-23,1,0.0,0.15,0.18,6,23,0,1,0,2.142857142857143,0.0
2,4572,3,True,0,2025-02-23,3,0.0,0.09,0.12,6,23,0,1,0,2.142857142857143,0.0
2,4582,3,True,0,2025-02-23,2,0.0,0.4,0.49,6,23,0,1,0,2.142857142857143,0.0
2,4640,3,True,0,2025-02-23,1,0.0,0.25,0.33,6,23,0,1,0,1.8571428571428572,0.0
2,4675,3,True,0,2025-02-23,2,0.0,0.12,0.16,6,23,0,1,0,1.7142857142857142,0.0
2,4683,3,True,0,2025-02-23,3,0.0,0.03,0.05,6,23,0,1,0,1.8571428571428572,0.0
2,4689,3,True,0,2025-02-23,0,0.0,0.11,0.12,6,23,0,1,0,2.0,0.0
2,4699,3,True,0,2025-02-23,2,1.0,0.07,0.1,6,23,0,1,0,1.7142857142857142,0.0
2,4704,3,True,0,2025-02-23,2,0.0,0.24,0.36,6,23,0,1,0,1.8571428571428572,0.0
2,4725,3,True,0,2025-02-23,2,0.0,0.09,0.11,6,23,0,1,0,1.7142857142857142,0.0
2,4744,3,True,0,2025-02-23,12,0.0,0.04,0.04,6,23,0,1,0,1.7142857142857142,0.0
2,4757,3,True,0,2025-02-23,2,0.0,0.16,0.19,6,23,0,1,0,3.2857142857142856,0.0
2,4765,3,True,0,2025-02-23,5,0.0,0.12,0.17,6,23,0,1,0,3.2857142857142856,0.0
2,4769,3,True,0,2025-02-23,0,0.0,0.5,0.64,6,23,0,1,0,3.5714285714285716,0.0
2,4782,3,True,0,2025-02-23,0,0.0,0.14,0.17,6,23,0,1,0,3.5714285714285716,0.0
2,4783,3,True,0,2025-02-23,2,0.0,0.27,0.37,6,23,0,1,0,3.2857142857142856,0.0
2,4790,3,True,0,2025-02-23,2,0.0,0.09,0.11,6,23,0,1,0,3.2857142857142856,0.0
2,4794,3,True,0,2025-02-23,1,0.0,0.06,0.08,6,23,0,1,0,3.2857142857142856,0.0
2,4802,3,True,0,2025-02-23,4,0.0,0.16,0.17,6,23,0,1,0,1.7142857142857142,0.0
2,4803,3,True,0,2025-02-23,0,0.0,0.65,0.62,6,23,0,1,0,2.0,0.0
2,4816,3,True,0,2025-02-23,14,0.0,0.11,0.15,6,23,0,1,0,1.2857142857142858,0.0
2,4820,3,True,0,2025-02-23,3,0.0,0.06,0.07,6,23,0,1,0,3.2857142857142856,0.0
2,4833,3,True,0,2025-02-23,1,0.0,0.22,0.28,6,23,0,1,0,3.7142857142857144,0.0
2,4848,3,True,0,2025-02-23,2,0.0,0.07,0.08,6,23,0,1,0,3.5714285714285716,0.0
2,4852,3,True,0,2025-02-23,1,0.0,0.2,0.21,6,23,0,1,0,3.5714285714285716,0.0
2,4859,3,True,0,2025-02-23,1,0.0,0.05,0.06,6,23,0,1,0,3.5714285714285716,0.0
2,4870,3,True,0,2025-02-23,3,0.0,0.1,0.13,6,23,0,1,0,3.142857142857143,0.0
2,4878,3,True,0,2025-02-23,3,0.0,0.1,0.14,6,23,0,1,0,3.5714285714285716,0.0
2,4883,3,True,0,2025-02-23,1,1.0,0.12,0.13,6,23,0,1,0,2.0,0.0
2,4885,3,True,0,2025-02-23,3,0.0,0.06,0.08,6,23,0,1,0,1.7142857142857142,0.0
2,4886,3,True,0,2025-02-23,1,0.0,0.16,0.23,6,23,0,1,0,2.0,0.0
2,4888,3,True,0,2025-02-23,2,0.0,0.17,0.18,6,23,0,1,0,1.8571428571428572,0.0
2,4908,3,True,0,2025-02-23,1,0.0,0.16,0.19,6,23,0,1,0,2.0,0.0
2,4934,3,True,0,2025-02-23,6,0.0,0.07,0.09,6,23,0,1,0,2.0,0.0
2,4938,3,True,0,2025-02-23,1,0.0,0.54,0.59,6,23,0,1,0,2.4285714285714284,0.0
2,4948,3,True,0,2025-02-23,2,0.0,0.12,0.18,6,23,0,1,0,2.142857142857143,0.0
2,4957,3,True,0,2025-02-23,0,0.0,0.11,0.13,6,23,0,1,0,2.2857142857142856,0.0
2,4971,3,True,0,2025-02-23,1,0.0,0.29,0.36,6,23,0,1,0,1.8571428571428572,0.0
2,4976,3,True,0,2025-02-23,4,0.0,0.04,0.06,6,23,0,1,0,1.8571428571428572,0.0
2,4981,3,True,0,2025-02-23,1,0.0,0.15,0.18,6,23,0,1,0,2.142857142857143,0.0
2,4984,3,True,0,2025-02-23,1,0.0,0.06,0.08,6,23,0,1,0,2.142857142857143,0.0
2,4986,3,True,0,2025-02-23,1,0.0,0.05,0.06,6,23,0,1,0,1.4285714285714286,0.0
2,5004,3,True,0,2025-02-23,2,0.0,0.05,0.06,6,23,0,1,0,1.4285714285714286,0.0
2,5024,3,True,0,2025-02-23,1,0.0,0.1,0.12,6,23,0,1,0,1.4285714285714286,0.0
2,5074,3,True,0,2025-02-23,0,0.0,0.23,0.29,6,23,0,1,0,1.5714285714285714,0.0
2,5094,3,True,0,2025-02-23,2,0.0,0.05,0.08,6,23,0,1,0,1.4285714285714286,0.0
2,5095,3,True,0,2025-02-23,1,0.0,0.03,0.04,6,23,0,1,0,1.1428571428571428,0.0
2,5101,3,True,0,2025-02-23,3,0.0,0.01,0.02,6,23,0,1,0,1.1428571428571428,0.0
2,5105,3,True,0,2025-02-23,2,0.0,0.15,0.17,6,23,0,1,0,1.4285714285714286,0.0
2,5119,3,True,0,2025-02-23,0,0.0,0.06,0.09,6,23,0,1,0,1.5714285714285714,0.0
2,5125,3,True,0,2025-02-23,0,4.0,0.06,0.07,6,23,0,1,0,1.2857142857142858,0.0
2,5139,3,True,0,2025-02-23,1,0.0,0.2,0.27,6,23,0,1,0,1.1428571428571428,0.0
2,5209,3,True,0,2025-02-23,1,0.0,0.35,0.43,6,23,0,1,0,1.2857142857142858,0.0
2,5221,3,True,0,2025-02-23,2,0.0,0.05,0.06,6,23,0,1,0,1.1428571428571428,0.0
2,5261,3,True,0,2025-02-23,0,0.0,0.15,0.19,6,23,0,1,0,1.2857142857142858,0.0
2,5262,3,True,0,2025-02-23,2,0.0,0.04,0.06,6,23,0,1,0,0.8571428571428571,0.0
2,5280,3,True,0,2025-02-23,1,0.0,0.09,0.12,6,23,0,1,0,0.8571428571428571,0.0
2,5281,3,True,0,2025-02-23,2,0.0,0.27,0.28,6,23,0,1,0,1.0,0.0
2,2,4,False,0,2025-02-23,2,0.0,0.02,0.04,6,23,0,1,0,1.2857142857142858,0.0
2,17,4,False,0,2025-02-23,2,0.0,0.06,0.09,6,23,0,1,0,1.4285714285714286,0.0
2,26,4,False,0,2025-02-23,6,0.0,0.04,0.06,6,23,0,1,0,1.5714285714285714,0.0
2,38,4,False,0,2025-02-23,1,0.0,0.12,0.17,6,23,0,1,0,2.142857142857143,0.0
2,64,4,False,0,2025-02-23,3,0.0,0.01,0.02,6,23,0,1,0,2.2857142857142856,0.0
2,88,4,False,0,2025-02-23,0,0.0,0.02,0.03,6,23,0,1,0,2.4285714285714284,0.0
2,99,4,False,0,2025-02-23,2,0.0,0.02,0.05,6,23,0,1,0,2.2857142857142856,0.0
2,100,4,False,0,2025-02-23,2,0.0,0.04,0.05,6,23,0,1,0,2.2857142857142856,0.0
2,145,4,False,0,2025-02-23,3,0.0,0.06,0.1,6,23,0,1,0,2.2857142857142856,0.0
2,168,4,False,0,2025-02-23,3,0.0,0.04,0.06,6,23,0,1,0,2.4285714285714284,0.0
2,175,4,False,0,2025-02-23,2,0.0,0.03,0.06,6,23,0,1,0,2.0,0.0
2,178,4,False,0,2025-02-23,0,0.0,0.0,0.0,6,23,0,1,0,2.142857142857143,0.0
2,182,4,False,0,2025-02-23,1,0.0,0.03,0.05,6,23,0,1,0,1.7142857142857142,0.0
2,185,4,False,0,2025-02-23,3,0.0,0.02,0.03,6,23,0,1,0,1.8571428571428572,0.0
2,205,4,False,0,2025-02-23,3,1.0,0.1,0.14,6,23,0,1,0,2.0,0.0
2,235,4,False,0,2025-02-23,2,0.0,0.06,0.08,6,23,0,1,0,2.142857142857143,0.0
2,255,4,False,0,2025-02-23,0,0.0,0.03,0.03,6,23,0,1,0,2.0,0.0
2,272,4,False,0,2025-02-23,2,0.0,0.03,0.05,6,23,0,1,0,1.5714285714285714,0.0
2,290,4,False,0,2025-02-23,3,0.0,0.06,0.08,6,23,0,1,0,1.5714285714285714,0.0
2,292,4,False,0,2025-02-23,3,0.0,0.04,0.05,6,23,0,1,0,2.0,0.0
2,306,4,False,0,2025-02-23,2,0.0,0.04,0.06,6,23,0,1,0,2.2857142857142856,0.0
2,314,4,False,0,2025-02-23,0,1.0,0.03,0.05,6,23,0,1,0,2.142857142857143,0.0
2,328,4,False,0,2025-02-23,1,0.0,0.07,0.09,6,23,0,1,0,1.7142857142857142,0.0
2,338,4,False,0,2025-02-23,3,0.0,0.05,0.07,6,23,0,1,0,1.5714285714285714,0.0
2,350,4,False,0,2025-02-23,4,0.0,0.03,0.05,6,23,0,1,0,2.0,0.0
2,362,4,False,0,2025-02-23,2,0.0,0.02,0.03,6,23,0,1,0,2.2857142857142856,0.0
2,370,4,False,0,2025-02-23,2,0.0,0.03,0.05,6,23,0,1,0,2.142857142857143,0.0
2,372,4,False,0,2025-02-23,0,0.0,0.02,0.04,6,23,0,1,0,2.0,0.0
2,447,4,False,0,2025-02-23,2,0.0,0.06,0.08,6,23,0,1,0,1.7142857142857142,0.0
2,464,4,False,0,2025-02-23,1,0.0,0.02,0.03,6,23,0,1,0,2.0,0.0
2,482,4,False,0,2025-02-23,1,0.0,0.02,0.04,6,23,0,1,0,2.0,0.0
2,524,4,False,0,2025-02-23,4,0.0,0.02,0.03,6,23,0,1,0,1.7142857142857142,0.0
2,552,4,False,0,2025-02-23,3,0.0,0.07,0.1,6,23,0,1,0,1.7142857142857142,0.0
2,560,4,False,0,2025-02-23,1,0.0,0.02,0.03,6,23,0,1,0,1.8571428571428572,0.0
2,584,4,False,0,2025-02-23,1,0.0,0.05,0.08,6,23,0,1,0,1.7142857142857142,0.0
2,595,4,False,0,2025-02-23,4,0.0,0.07,0.13,6,23,0,1,0,1.8571428571428572,0.0
2,613,4,False,0,2025-02-23,2,0.0,0.02,0.04,6,23,0,1,0,2.142857142857143,0.0
2,621,4,False,0,2025-02-23,2,0.0,0.05,0.1,6,23,0,1,0,2.2857142857142856,0.0
2,622,4,False,0,2025-02-23,3,0.0,0.02,0.04,6,23,0,1,0,2.4285714285714284,0.0
2,676,4,False,0,2025-02-23,3,0.0,0.08,0.12,6,23,0,1,0,2.2857142857142856,0.0
2,700,4,False,0,2025-02-23,3,0.0,0.03,0.05,6,23,0,1,0,2.2857142857142856,0.0
2,723,4,False,0,2025-02-23,1,0.0,0.03,0.04,6,23,0,1,0,2.5714285714285716,0.0
2,726,4,False,0,2025-02-23,3,0.0,0.04,0.05,6,23,0,1,0,2.5714285714285716,0.0
2,731,4,False,0,2025-02-23,1,0.0,0.19,0.18,6,23,0,1,0,2.4285714285714284,0.0
2,736,4,False,0,2025-02-23,8,0.0,0.04,0.06,6,23,0,1,0,2.2857142857142856,0.0
2,749,4,False,0,2025-02-23,2,0.0,0.08,0.14,6,23,0,1,0,3.142857142857143,0.0
2,761,4,False,0,2025-02-23,1,0.0,0.02,0.02,6,23,0,1,0,3.0,0.0
2,824,4,False,0,2025-02-23,8,0.0,0.01,0.01,6,23,0,1,0,2.7142857142857144,0.0
2,826,4,False,0,2025-02-23,2,0.0,0.05,0.06,6,23,0,1,0,3.4285714285714284,0.0
2,845,4,False,0,2025-02-23,3,0.0,0.07,0.1,6,23,0,1,0,3.5714285714285716,0.0
2,849,4,False,0,2025-02-23,1,0.0,0.04,0.07,6,23,0,1,0,3.5714285714285716,0.0
2,852,4,False,0,2025-02-23,0,0.0,0.02,0.04,6,23,0,1,0,3.5714285714285716,0.0
2,871,4,False,0,2025-02-23,1,0.0,0.05,0.07,6,23,0,1,0,2.4285714285714284,0.0
2,880,4,False,0,2025-02-23,7,0.0,0.04,0.07,6,23,0,1,0,2.2857142857142856,0.0
2,883,4,False,0,2025-02-23,3,0.0,0.02,0.05,6,23,0,1,0,3.142857142857143,0.0
2,892,4,False,0,2025-02-23,3,0.0,0.02,0.03,6,23,0,1,0,2.4285714285714284,0.0
2,953,4,False,0,2025-02-23,2,1.0,0.01,0.02,6,23,0,1,0,2.5714285714285716,0.0
2,989,4,False,0,2025-02-23,0,0.0,0.02,0.03,6,23,0,1,0,2.4285714285714284,0.0
2,1003,4,False,0,2025-02-23,2,0.0,0.02,0.03,6,23,0,1,0,2.2857142857142856,0.0
2,1009,4,False,0,2025-02-23,3,0.0,0.21,0.26,6,23,0,1,0,2.5714285714285716,0.0
2,1013,4,False,0,2025-02-23,3,0.0,0.08,0.11,6,23,0,1,0,2.857142857142857,0.0
2,1040,4,False,0,2025-02-23,6,0.0,0.03,0.04,6,23,0,1,0,2.2857142857142856,0.0
2,1041,4,False,0,2025-02-23,2,0.0,0.05,0.07,6,23,0,1,0,2.7142857142857144,0.0
2,1066,4,False,0,2025-02-23,3,0.0,0.01,0.02,6,23,0,1,0,2.5714285714285716,0.0
2,1069,4,False,0,2025-02-23,1,0.0,0.07,0.09,6,23,0,1,0,2.7142857142857144,0.0
2,1077,4,False,0,2025-02-23,1,0.0,0.06,0.09,6,23,0,1,0,2.857142857142857,0.0
2,1090,4,False,0,2025-02-23,0,0.0,0.04,0.05,6,23,0,1,0,2.7142857142857144,0.0
2,1092,4,False,0,2025-02-23,2,0.0,0.02,0.03,6,23,0,1,0,2.2857142857142856,0.0
2,1111,4,False,0,2025-02-23,0,0.0,0.06,0.07,6,23,0,1,0,2.142857142857143,0.0
2,1119,4,False,0,2025-02-23,2,0.0,0.04,0.09,6,23,0,1,0,1.2857142857142858,0.0
2,1123,4,False,0,2025-02-23,3,0.0,0.0,0.01,6,23,0,1,0,1.2857142857142858,0.0
2,1137,4,False,0,2025-02-23,2,0.0,0.03,0.04,6,23,0,1,0,1.2857142857142858,0.0
2,1182,4,False,0,2025-02-23,3,0.0,0.02,0.02,6,23,0,1,0,1.4285714285714286,0.0
2,1245,4,False,0,2025-02-23,3,0.0,0.04,0.05,6,23,0,1,0,1.7142857142857142,0.0
2,1248,4,False,0,2025-02-23,6,0.0,0.01,0.01,6,23,0,1,0,2.142857142857143,0.0
2,1257,4,False,0,2025-02-23,1,0.0,0.1,0.15,6,23,0,1,0,2.7142857142857144,0.0
2,1268,4,False,0,2025-02-23,2,0.0,0.06,0.08,6,23,0,1,0,2.857142857142857,0.0
2,1316,4,False,0,2025-02-23,4,0.0,0.03,0.05,6,23,0,1,0,2.857142857142857,0.0
2,1321,4,False,0,2025-02-23,2,0.0,0.03,0.04,6,23,0,1,0,3.0,0.0
2,1329,4,False,0,2025-02-23,4,0.0,0.01,0.02,6,23,0,1,0,3.0,0.0
2,1369,4,False,0,2025-02-23,2,0.0,0.02,0.03,6,23,0,1,0,3.142857142857143,0.0
2,1373,4,False,0,2025-02-23,3,0.0,0.05,0.06,6,23,0,1,0,3.0,0.0
2,1394,4,False,0,2025-02-23,4,0.0,0.02,0.02,6,23,0,1,0,2.5714285714285716,0.0
2,1402,4,False,0,2025-02-23,3,0.0,0.03,0.05,6,23,0,1,0,3.0,0.0
2,1417,4,False,0,2025-02-23,2,0.0,0.06,0.08,6,23,0,1,0,3.142857142857143,0.0
2,1420,4,False,0,2025-02-23,1,0.0,0.04,0.06,6,23,0,1,0,2.857142857142857,0.0
2,1428,4,False,0,2025-02-23,0,0.0,0.03,0.04,6,23,0,1,0,2.7142857142857144,0.0
2,1436,4,False,0,2025-02-23,1,0.0,0.05,0.06,6,23,0,1,0,2.142857142857143,0.0
2,1473,4,False,0,2025-02-23,2,0.0,0.06,0.09,6,23,0,1,0,2.0,0.0
2,1481,4,False,0,2025-02-23,1,0.0,0.04,0.07,6,23,0,1,0,1.8571428571428572,0.0
2,1493,4,False,0,2025-02-23,2,0.0,0.06,0.07,6,23,0,1,0,1.4285714285714286,0.0
2,1497,4,False,0,2025-02-23,2,0.0,0.05,0.08,6,23,0,1,0,1.2857142857142858,0.0
2,1506,4,False,0,2025-02-23,3,0.0,0.02,0.04,6,23,0,1,0,1.2857142857142858,0.0
2,1519,4,False,0,2025-02-23,3,0.0,0.05,0.07,6,23,0,1,0,1.5714285714285714,0.0
2,1539,4,False,0,2025-02-23,0,0.0,0.02,0.03,6,23,0,1,0,2.0,0.0
2,1546,4,False,0,2025-02-23,2,0.0,0.03,0.04,6,23,0,1,0,1.8571428571428572,0.0
2,1563,4,False,0,2025-02-23,2,0.0,0.04,0.04,6,23,0,1,0,1.8571428571428572,0.0
2,1570,4,False,0,2025-02-23,1,0.0,0.02,0.03,6,23,0,1,0,2.0,0.0
2,1573,4,False,0,2025-02-23,2,0.0,0.07,0.11,6,23,0,1,0,1.8571428571428572,0.0
2,1574,4,False,0,2025-02-23,2,0.0,0.07,0.11,6,23,0,1,0,1.8571428571428572,0.0
2,1594,4,False,0,2025-02-23,3,0.0,0.02,0.03,6,23,0,1,0,1.7142857142857142,0.0
2,1607,4,False,0,2025-02-23,4,0.0,0.07,0.12,6,23,0,1,0,1.7142857142857142,0.0
2,1626,4,False,0,2025-02-23,3,0.0,0.06,0.07,6,23,0,1,0,2.2857142857142856,0.0
2,1644,4,False,0,2025-02-23,2,0.0,0.07,0.11,6,23,0,1,0,2.4285714285714284,0.0
2,1652,4,False,0,2025-02-23,2,0.0,0.05,0.08,6,23,0,1,0,2.4285714285714284,0.0
2,1673,4,False,0,2025-02-23,3,0.0,0.06,0.08,6,23,0,1,0,2.5714285714285716,0.0
2,1675,4,False,0,2025-02-23,2,0.0,0.05,0.08,6,23,0,1,0,2.7142857142857144,0.0
2,1686,4,False,0,2025-02-23,1,0.0,0.07,0.09,6,23,0,1,0,2.7142857142857144,0.0
2,1706,4,False,0,2025-02-23,2,0.0,0.01,0.03,6,23,0,1,0,2.4285714285714284,0.0
2,1716,4,False,0,2025-02-23,1,1.0,0.03,0.05,6,23,0,1,0,2.142857142857143,0.0
2,1732,4,False,0,2025-02-23,1,0.0,0.08,0.12,6,23,0,1,0,1.8571428571428572,0.0
2,1738,4,False,0,2025-02-23,2,0.0,0.02,0.04,6,23,0,1,0,1.7142857142857142,0.0
2,1745,4,False,0,2025-02-23,2,0.0,0.05,0.08,6,23,0,1,0,1.7142857142857142,0.0
2,1759,4,False,0,2025-02-23,0,0.0,0.03,0.04,6,23,0,1,0,1.5714285714285714,0.0
2,1776,4,False,0,2025-02-23,1,0.0,0.14,0.19,6,23,0,1,0,1.2857142857142858,0.0
2,1790,4,False,0,2025-02-23,2,0.0,0.04,0.07,6,23,0,1,0,1.2857142857142858,0.0
2,1826,4,False,0,2025-02-23,3,0.0,0.07,0.08,6,23,0,1,0,1.2857142857142858,0.0
2,1830,4,False,0,2025-02-23,4,0.0,0.15,0.2,6,23,0,1,0,1.5714285714285714,0.0
2,1863,4,False,0,2025-02-23,3,0.0,0.04,0.07,6,23,0,1,0,2.0,0.0
2,1866,4,False,0,2025-02-23,0,0.0,0.02,0.03,6,23,0,1,0,2.142857142857143,0.0
2,1922,4,False,0,2025-02-23,3,0.0,0.02,0.04,6,23,0,1,0,1.8571428571428572,0.0
2,1934,4,False,0,2025-02-23,1,0.0,0.02,0.04,6,23,0,1,0,2.2857142857142856,0.0
2,1975,4,False,0,2025-02-23,0,0.0,0.03,0.05,6,23,0,1,0,2.2857142857142856,0.0
2,1984,4,False,0,2025-02-23,2,0.0,0.06,0.08,6,23,0,1,0,2.0,0.0
2,2005,4,False,0,2025-02-23,2,0.0,0.16,0.25,6,23,0,1,0,1.8571428571428572,0.0
2,2013,4,False,0,2025-02-23,4,0.0,0.03,0.04,6,23,0,1,0,1.5714285714285714,0.0
2,2025,4,False,0,2025-02-23,1,0.0,0.03,0.05,6,23,0,1,0,1.7142857142857142,0.0
2,2028,4,False,0,2025-02-23,1,0.0,0.03,0.05,6,23,0,1,0,1.8571428571428572,0.0
2,2033,4,False,0,2025-02-23,0,0.0,0.11,0.15,6,23,0,1,0,1.5714285714285714,0.0
2,2035,4,False,0,2025-02-23,1,0.0,0.02,0.03,6,23,0,1,0,1.4285714285714286,0.0
2,2042,4,False,0,2025-02-23,2,0.0,0.03,0.06,6,23,0,1,0,1.5714285714285714,0.0
2,2051,4,False,0,2025-02-23,1,0.0,0.03,0.04,6,23,0,1,0,1.5714285714285714,0.0
2,2061,4,False,0,2025-02-23,3,0.0,0.02,0.04,6,23,0,1,0,1.4285714285714286,0.0
2,2069,4,False,0,2025-02-23,1,0.0,0.07,0.1,6,23,0,1,0,1.2857142857142858,0.0
2,2083,4,False,0,2025-02-23,2,0.0,0.06,0.09,6,23,0,1,0,1.2857142857142858,0.0
2,2088,4,False,0,2025-02-23,1,0.0,0.03,0.04,6,23,0,1,0,1.4285714285714286,0.0
2,2129,4,False,0,2025-02-23,3,0.0,0.03,0.04,6,23,0,1,0,1.5714285714285714,0.0
2,2144,4,False,0,2025-02-23,2,0.0,0.03,0.06,6,23,0,1,0,1.8571428571428572,0.0
2,2149,4,False,0,2025-02-23,2,0.0,0.04,0.06,6,23,0,1,0,1.8571428571428572,0.0
2,2167,4,False,0,2025-02-23,3,0.0,0.05,0.07,6,23,0,1,0,2.0,0.0
2,2193,4,False,0,2025-02-23,3,0.0,0.08,0.08,6,23,0,1,0,2.0,0.0
2,2230,4,False,0,2025-02-23,1,0.0,0.02,0.04,6,23,0,1,0,2.2857142857142856,0.0
2,2233,4,False,0,2025-02-23,1,0.0,0.06,0.06,6,23,0,1,0,2.142857142857143,0.0
2,2238,4,False,0,2025-02-23,2,0.0,0.04,0.06,6,23,0,1,0,2.142857142857143,0.0
2,2257,4,False,0,2025-02-23,0,0.0,0.04,0.06,6,23,0,1,0,2.0,0.0
2,2279,4,False,0,2025-02-23,3,0.0,0.11,0.15,6,23,0,1,0,1.7142857142857142,0.0
2,2283,4,False,0,2025-02-23,7,0.0,0.04,0.06,6,23,0,1,0,1.8571428571428572,0.0
2,2286,4,False,0,2025-02-23,2,0.0,0.11,0.14,6,23,0,1,0,2.4285714285714284,0.0
2,2306,4,False,0,2025-02-23,2,0.0,0.04,0.06,6,23,0,1,0,2.2857142857142856,0.0
2,2315,4,False,0,2025-02-23,2,0.0,0.07,0.1,6,23,0,1,0,2.4285714285714284,0.0
2,2392,4,False,0,2025-02-23,2,0.0,0.04,0.06,6,23,0,1,0,2.5714285714285716,0.0
2,2397,4,False,0,2025-02-23,1,0.0,0.02,0.03,6,23,0,1,0,2.5714285714285716,0.0
2,2398,4,False,0,2025-02-23,3,0.0,0.12,0.17,6,23,0,1,0,2.7142857142857144,0.0
2,2438,4,False,0,2025-02-23,0,0.0,0.02,0.04,6,23,0,1,0,2.7142857142857144,0.0
2,2443,4,False,0,2025-02-23,2,0.0,0.05,0.07,6,23,0,1,0,1.7142857142857142,0.0
2,2448,4,False,0,2025-02-23,3,0.0,0.04,0.05,6,23,0,1,0,1.7142857142857142,0.0
2,2469,4,False,0,2025-02-23,2,0.0,0.07,0.09,6,23,0,1,0,1.8571428571428572,0.0
2,2473,4,False,0,2025-02-23,3,0.0,0.04,0.06,6,23,0,1,0,1.8571428571428572,0.0
2,2478,4,False,0,2025-02-23,2,0.0,0.02,0.03,6,23,0,1,0,2.0,0.0
2,2487,4,False,0,2025-02-23,2,0.0,0.02,0.04,6,23,0,1,0,2.142857142857143,0.0
2,2497,4,False,0,2025-02-23,2,0.0,0.03,0.04,6,23,0,1,0,2.0,0.0
2,2506,4,False,0,2025-02-23,3,0.0,0.03,0.04,6,23,0,1,0,2.2857142857142856,0.0
2,2522,4,False,0,2025-02-23,3,0.0,0.11,0.16,6,23,0,1,0,2.4285714285714284,0.0
2,2567,4,False,0,2025-02-23,2,0.0,0.04,0.06,6,23,0,1,0,2.4285714285714284,0.0
2,2581,4,False,0,2025-02-23,2,0.0,0.06,0.06,6,23,0,1,0,2.4285714285714284,0.0
2,2624,4,False,0,2025-02-23,3,0.0,0.06,0.08,6,23,0,1,0,2.2857142857142856,0.0
2,2630,4,False,0,2025-02-23,3,0.0,0.03,0.04,6,23,0,1,0,2.4285714285714284,0.0
2,2631,4,False,0,2025-02-23,3,0.0,0.02,0.03,6,23,0,1,0,2.5714285714285716,0.0
2,2642,4,False,0,2025-02-23,3,0.0,0.03,0.05,6,23,0,1,0,2.7142857142857144,0.0
2,2658,4,False,0,2025-02-23,1,0.0,0.02,0.04,6,23,0,1,0,2.7142857142857144,0.0
2,2672,4,False,0,2025-02-23,2,0.0,0.02,0.03,6,23,0,1,0,2.4285714285714284,0.0
2,2688,4,False,0,2025-02-23,3,0.0,0.03,0.04,6,23,0,1,0,2.4285714285714284,0.0
2,2725,4,False,0,2025-02-23,0,0.0,0.08,0.08,6,23,0,1,0,2.5714285714285716,0.0
2,2744,4,False,0,2025-02-23,3,0.0,0.06,0.08,6,23,0,1,0,2.142857142857143,0.0
2,2788,4,False,0,2025-02-23,3,0.0,0.02,0.03,6,23,0,1,0,2.142857142857143,0.0
2,2801,4,False,0,2025-02-23,1,0.0,0.06,0.09,6,23,0,1,0,2.142857142857143,0.0
2,2804,4,False,0,2025-02-23,2,0.0,0.06,0.07,6,23,0,1,0,1.8571428571428572,0.0
2,2818,4,False,0,2025-02-23,2,0.0,0.02,0.03,6,23,0,1,0,2.0,0.0
2,2825,4,False,0,2025-02-23,1,0.0,0.18,0.23,6,23,0,1,0,2.0,0.0
2,2830,4,False,0,2025-02-23,2,0.0,0.04,0.06,6,23,0,1,0,1.7142857142857142,0.0
2,2832,4,False,0,2025-02-23,3,0.0,0.01,0.03,6,23,0,1,0,2.0,0.0
2,2838,4,False,0,2025-02-23,3,0.0,0.02,0.03,6,23,0,1,0,2.0,0.0
2,2844,4,False,0,2025-02-23,2,0.0,0.03,0.05,6,23,0,1,0,2.0,0.0
2,2860,4,False,0,2025-02-23,3,0.0,0.07,0.1,6,23,0,1,0,2.142857142857143,0.0
2,2870,4,False,0,2025-02-23,0,1.0,0.06,0.08,6,23,0,1,0,2.2857142857142856,0.0
2,2871,4,False,0,2025-02-23,2,0.0,0.04,0.05,6,23,0,1,0,2.0,0.0
2,2892,4,False,0,2025-02-23,1,0.0,0.09,0.13,6,23,0,1,0,2.142857142857143,0.0
2,2894,4,False,0,2025-02-23,1,0.0,0.04,0.06,6,23,0,1,0,2.0,0.0
2,2957,4,False,0,2025-02-23,2,0.0,0.02,0.04,6,23,0,1,0,1.7142857142857142,0.0
2,2961,4,False,0,2025-02-23,2,0.0,0.05,0.07,6,23,0,1,0,1.5714285714285714,0.0
2,2963,4,False,0,2025-02-23,3,0.0,0.06,0.07,6,23,0,1,0,1.5714285714285714,0.0
2,2970,4,False,0,2025-02-23,2,0.0,0.03,0.05,6,23,0,1,0,1.5714285714285714,0.0
2,2979,4,False,0,2025-02-23,1,0.0,0.06,0.08,6,23,0,1,0,1.8571428571428572,0.0
2,2992,4,False,0,2025-02-23,2,0.0,0.05,0.07,6,23,0,1,0,1.7142857142857142,0.0
2,3000,4,False,0,2025-02-23,1,0.0,0.1,0.14,6,23,0,1,0,1.8571428571428572,0.0
2,3012,4,False,0,2025-02-23,3,0.0,0.02,0.03,6,23,0,1,0,1.8571428571428572,0.0
2,3044,4,False,0,2025-02-23,2,0.0,0.02,0.02,6,23,0,1,0,2.0,0.0
2,3086,4,False,0,2025-02-23,3,0.0,0.04,0.07,6,23,0,1,0,2.0,0.0
2,3145,4,False,0,2025-02-23,2,0.0,0.04,0.05,6,23,0,1,0,2.0,0.0
2,3146,4,False,0,2025-02-23,4,0.0,0.01,0.01,6,23,0,1,0,2.0,0.0
2,3162,4,False,0,2025-02-23,4,0.0,0.01,0.02,6,23,0,1,0,2.4285714285714284,0.0
2,3178,4,False,0,2025-02-23,1,0.0,0.12,0.18,6,23,0,1,0,2.7142857142857144,0.0
2,3185,4,False,0,2025-02-23,3,0.0,0.04,0.06,6,23,0,1,0,2.7142857142857144,0.0
2,3196,4,False,0,2025-02-23,2,0.0,0.02,0.03,6,23,0,1,0,2.7142857142857144,0.0
2,3209,4,False,0,2025-02-23,1,0.0,0.02,0.04,6,23,0,1,0,2.7142857142857144,0.0
2,3224,4,False,0,2025-02-23,3,0.0,0.04,0.05,6,23,0,1,0,2.4285714285714284,0.0
2,3262,4,False,0,2025-02-23,2,0.0,0.09,0.13,6,23,0,1,0,2.5714285714285716,0.0
2,3267,4,False,0,2025-02-23,3,0.0,0.01,0.01,6,23,0,1,0,2.2857142857142856,0.0
2,3293,4,False,0,2025-02-23,4,0.0,0.0,0.01,6,23,0,1,0,2.142857142857143,0.0
2,3312,4,False,0,2025-02-23,3,0.0,0.01,0.02,6,23,0,1,0,2.5714285714285716,0.0
2,3317,4,False,0,2025-02-23,3,0.0,0.01,0.02,6,23,0,1,0,2.5714285714285716,0.0
2,3327,4,False,0,2025-02-23,3,0.0,0.01,0.02,6,23,0,1,0,2.7142857142857144,0.0
2,3377,4,False,0,2025-02-23,3,0.0,0.02,0.05,6,23,0,1,0,3.0,0.0
2,3420,4,False,0,2025-02-23,3,0.0,0.07,0.09,6,23,0,1,0,3.0,0.0
2,3453,4,False,0,2025-02-23,2,0.0,0.02,0.04,6,23,0,1,0,3.142857142857143,0.0
2,3455,4,False,0,2025-02-23,0,0.0,0.02,0.03,6,23,0,1,0,3.0,0.0
2,3465,4,False,0,2025-02-23,1,0.0,0.06,0.07,6,23,0,1,0,2.4285714285714284,0.0
2,3466,4,False,0,2025-02-23,3,0.0,0.03,0.04,6,23,0,1,0,2.142857142857143,0.0
2,3472,4,False,0,2025-02-23,0,0.0,0.04,0.06,6,23,0,1,0,2.142857142857143,0.0
2,3473,4,False,0,2025-02-23,1,0.0,0.01,0.03,6,23,0,1,0,1.7142857142857142,0.0
2,3493,4,False,0,2025-02-23,3,0.0,0.04,0.07,6,23,0,1,0,1.4285714285714286,0.0
2,3552,4,False,0,2025-02-23,3,0.0,0.03,0.04,6,23,0,1,0,1.4285714285714286,0.0
2,3562,4,False,0,2025-02-23,2,0.0,0.05,0.07,6,23,0,1,0,1.5714285714285714,0.0
2,3569,4,False,0,2025-02-23,3,0.0,0.03,0.06,6,23,0,1,0,1.8571428571428572,0.0
2,3577,4,False,0,2025-02-23,2,0.0,0.04,0.06,6,23,0,1,0,2.142857142857143,0.0
2,3590,4,False,0,2025-02-23,3,0.0,0.02,0.03,6,23,0,1,0,2.0,0.0
2,3620,4,False,0,2025-02-23,1,0.0,0.02,0.04,6,23,0,1,0,2.4285714285714284,0.0
2,3627,4,False,0,2025-02-23,0,1.0,0.06,0.1,6,23,0,1,0,2.4285714285714284,0.0
2,3628,4,False,0,2025-02-23,1,0.0,0.06,0.09,6,23,0,1,0,2.0,0.0
2,3633,4,False,0,2025-02-23,3,0.0,0.07,0.1,6,23,0,1,0,1.7142857142857142,0.0
2,3645,4,False,0,2025-02-23,2,0.0,0.07,0.07,6,23,0,1,0,1.8571428571428572,0.0
2,3651,4,False,0,2025-02-23,3,0.0,0.04,0.07,6,23,0,1,0,1.7142857142857142,0.0
2,3692,4,False,0,2025-02-23,2,0.0,0.1,0.11,6,23,0,1,0,1.8571428571428572,0.0
2,3698,4,False,0,2025-02-23,3,0.0,0.05,0.06,6,23,0,1,0,1.7142857142857142,0.0
2,3700,4,False,0,2025-02-23,3,0.0,0.02,0.03,6,23,0,1,0,2.0,0.0
2,3721,4,False,0,2025-02-23,1,0.0,0.03,0.04,6,23,0,1,0,2.4285714285714284,0.0
2,3728,4,False,0,2025-02-23,2,0.0,0.03,0.05,6,23,0,1,0,2.4285714285714284,0.0
2,3733,4,False,0,2025-02-23,3,0.0,0.01,0.02,6,23,0,1,0,2.2857142857142856,0.0
2,3753,4,False,0,2025-02-23,3,0.0,0.04,0.07,6,23,0,1,0,2.4285714285714284,0.0
2,3772,4,False,0,2025-02-23,2,0.0,0.03,0.06,6,23,0,1,0,2.4285714285714284,0.0
2,3818,4,False,0,2025-02-23,3,0.0,0.06,0.09,6,23,0,1,0,2.4285714285714284,0.0
2,3843,4,False,0,2025-02-23,3,0.0,0.02,0.04,6,23,0,1,0,2.4285714285714284,0.0
2,3847,4,False,0,2025-02-23,1,0.0,0.01,0.03,6,23,0,1,0,2.4285714285714284,0.0
2,3850,4,False,0,2025-02-23,2,0.0,0.07,0.11,6,23,0,1,0,2.4285714285714284,0.0
2,3853,4,False,0,2025-02-23,1,1.0,0.1,0.17,6,23,0,1,0,2.4285714285714284,0.0
2,3879,4,False,0,2025-02-23,2,0.0,0.05,0.08,6,23,0,1,0,2.142857142857143,0.0
2,3888,4,False,0,2025-02-23,6,0.0,0.01,0.01,6,23,0,1,0,2.0,0.0
2,3903,4,False,0,2025-02-23,2,0.0,0.04,0.06,6,23,0,1,0,2.5714285714285716,0.0
2,3906,4,False,0,2025-02-23,1,0.0,0.11,0.16,6,23,0,1,0,2.4285714285714284,0.0
2,3939,4,False,0,2025-02-23,0,0.0,0.04,0.06,6,23,0,1,0,2.142857142857143,0.0
2,3968,4,False,0,2025-02-23,2,0.0,0.01,0.02,6,23,0,1,0,2.0,0.0
2,3971,4,False,0,2025-02-23,2,0.0,0.08,0.1,6,23,0,1,0,2.0,0.0
2,3974,4,False,0,2025-02-23,2,0.0,0.09,0.13,6,23,0,1,0,2.142857142857143,0.0
2,3987,4,False,0,2025-02-23,2,0.0,0.03,0.05,6,23,0,1,0,2.142857142857143,0.0
2,4019,4,False,0,2025-02-23,3,0.0,0.04,0.04,6,23,0,1,0,1.5714285714285714,0.0
2,4028,4,False,0,2025-02-23,1,2.0,0.02,0.03,6,23,0,1,0,1.7142857142857142,0.0
2,4071,4,False,0,2025-02-23,1,0.0,0.05,0.06,6,23,0,1,0,1.7142857142857142,0.0
2,4108,4,False,0,2025-02-23,1,1.0,0.02,0.03,6,23,0,1,0,1.8571428571428572,0.0
2,4133,4,False,0,2025-02-23,2,0.0,0.08,0.14,6,23,0,1,0,1.7142857142857142,0.0
2,4135,4,False,0,2025-02-23,3,0.0,0.03,0.04,6,23,0,1,0,1.7142857142857142,0.0
2,4170,4,False,0,2025-02-23,1,0.0,0.02,0.03,6,23,0,1,0,1.8571428571428572,0.0
2,4184,4,False,0,2025-02-23,2,0.0,0.06,0.09,6,23,0,1,0,1.7142857142857142,0.0
2,4186,4,False,0,2025-02-23,0,0.0,0.03,0.04,6,23,0,1,0,1.5714285714285714,0.0
2,4212,4,False,0,2025-02-23,3,0.0,0.06,0.08,6,23,0,1,0,1.4285714285714286,0.0
2,4243,4,False,0,2025-02-23,2,0.0,0.09,0.11,6,23,0,1,0,1.7142857142857142,0.0
2,4268,4,False,0,2025-02-23,2,0.0,0.02,0.03,6,23,0,1,0,1.8571428571428572,0.0
2,4275,4,False,0,2025-02-23,2,0.0,0.01,0.02,6,23,0,1,0,1.8571428571428572,0.0
2,4281,4,False,0,2025-02-23,0,0.0,0.02,0.04,6,23,0,1,0,1.7142857142857142,0.0
2,4293,4,False,0,2025-02-23,0,0.0,0.12,0.17,6,23,0,1,0,1.5714285714285714,0.0
2,4305,4,False,0,2025-02-23,1,0.0,0.07,0.07,6,23,0,1,0,1.2857142857142858,0.0
2,4335,4,False,0,2025-02-23,2,0.0,0.04,0.07,6,23,0,1,0,1.4285714285714286,0.0
2,4342,4,False,0,2025-02-23,1,0.0,0.02,0.04,6,23,0,1,0,1.2857142857142858,0.0
2,4373,4,False,0,2025-02-23,2,0.0,0.07,0.11,6,23,0,1,0,1.1428571428571428,0.0
2,4392,4,False,0,2025-02-23,1,0.0,0.09,0.12,6,23,0,1,0,1.1428571428571428,0.0
2,4395,4,False,0,2025-02-23,2,0.0,0.05,0.08,6,23,0,1,0,1.0,0.0
2,4422,4,False,0,2025-02-23,2,0.0,0.01,0.02,6,23,0,1,0,1.2857142857142858,0.0
2,4438,4,False,0,2025-02-23,5,0.0,0.01,0.02,6,23,0,1,0,1.5714285714285714,0.0
2,4451,4,False,0,2025-02-23,2,0.0,0.04,0.06,6,23,0,1,0,2.142857142857143,0.0
2,4456,4,False,0,2025-02-23,2,0.0,0.02,0.03,6,23,0,1,0,2.142857142857143,0.0
2,4480,4,False,0,2025-02-23,2,0.0,0.06,0.1,6,23,0,1,0,2.2857142857142856,0.0
2,4520,4,False,0,2025-02-23,2,0.0,0.1,0.16,6,23,0,1,0,2.2857142857142856,0.0
2,4522,4,False,0,2025-02-23,0,0.0,0.02,0.03,6,23,0,1,0,2.4285714285714284,0.0
2,4550,4,False,0,2025-02-23,2,0.0,0.13,0.15,6,23,0,1,0,2.142857142857143,0.0
2,4571,4,False,0,2025-02-23,1,0.0,0.03,0.06,6,23,0,1,0,2.142857142857143,0.0
2,4577,4,False,0,2025-02-23,3,0.0,0.04,0.06,6,23,0,1,0,1.5714285714285714,0.0
2,4598,4,False,0,2025-02-23,4,0.0,0.07,0.1,6,23,0,1,0,1.7142857142857142,0.0
2,4621,4,False,0,2025-02-23,4,0.0,0.01,0.01,6,23,0,1,0,2.0,0.0
2,4662,4,False,0,2025-02-23,0,0.0,0.02,0.03,6,23,0,1,0,2.2857142857142856,0.0
2,4663,4,False,0,2025-02-23,2,0.0,0.04,0.07,6,23,0,1,0,2.0,0.0
2,4672,4,False,0,2025-02-23,3,0.0,0.03,0.04,6,23,0,1,0,2.2857142857142856,0.0
2,4715,4,False,0,2025-02-23,2,0.0,0.05,0.06,6,23,0,1,0,2.4285714285714284,0.0
2,4778,4,False,0,2025-02-23,2,0.0,0.04,0.07,6,23,0,1,0,2.5714285714285716,0.0
2,4785,4,False,0,2025-02-23,3,0.0,0.06,0.07,6,23,0,1,0,2.4285714285714284,0.0
2,4806,4,False,0,2025-02-23,3,0.0,0.02,0.03,6,23,0,1,0,2.2857142857142856,0.0
2,4808,4,False,0,2025-02-23,2,0.0,0.03,0.05,6,23,0,1,0,2.142857142857143,0.0
2,4823,4,False,0,2025-02-23,3,0.0,0.01,0.01,6,23,0,1,0,2.4285714285714284,0.0
2,4842,4,False,0,2025-02-23,2,0.0,0.03,0.05,6,23,0,1,0,2.5714285714285716,0.0
2,4851,4,False,0,2025-02-23,0,0.0,0.06,0.06,6,23,0,1,0,2.4285714285714284,0.0
2,4855,4,False,0,2025-02-23,3,0.0,0.02,0.02,6,23,0,1,0,2.142857142857143,0.0
2,4895,4,False,0,2025-02-23,1,0.0,0.04,0.06,6,23,0,1,0,2.2857142857142856,0.0
2,4898,4,False,0,2025-02-23,0,0.0,0.03,0.04,6,23,0,1,0,2.0,0.0
2,4928,4,False,0,2025-02-23,3,0.0,0.03,0.06,6,23,0,1,0,1.5714285714285714,0.0
2,4955,4,False,0,2025-02-23,1,0.0,0.03,0.05,6,23,0,1,0,1.7142857142857142,0.0
2,4958,4,False,0,2025-02-23,0,0.0,0.05,0.07,6,23,0,1,0,1.4285714285714286,0.0
2,4967,4,False,0,2025-02-23,2,0.0,0.05,0.08,6,23,0,1,0,1.1428571428571428,0.0
2,4978,4,False,0,2025-02-23,6,0.0,0.04,0.03,6,23,0,1,0,1.4285714285714286,0.0
2,5005,4,False,0,2025-02-23,3,0.0,0.04,0.06,6,23,0,1,0,1.8571428571428572,0.0
2,5063,4,False,0,2025-02-23,2,1.0,0.01,0.01,6,23,0,1,0,2.142857142857143,0.0
2,5088,4,False,0,2025-02-23,3,0.0,0.01,0.02,6,23,0,1,0,2.4285714285714284,0.0
2,5113,4,False,0,2025-02-23,1,0.0,0.03,0.05,6,23,0,1,0,2.4285714285714284,0.0
2,5146,4,False,0,2025-02-23,2,0.0,0.03,0.05,6,23,0,1,0,2.4285714285714284,0.0
2,5154,4,False,0,2025-02-23,1,0.0,0.04,0.06,6,23,0,1,0,2.7142857142857144,0.0
2,5162,4,False,0,2025-02-23,1,0.0,0.09,0.09,6,23,0,1,0,2.5714285714285716,0.0
2,5186,4,False,0,2025-02-23,0,0.0,0.02,0.04,6,23,0,1,0,1.8571428571428572,0.0
2,5191,4,False,0,2025-02-23,2,0.0,0.02,0.03,6,23,0,1,0,1.4285714285714286,0.0
2,5202,4,False,0,2025-02-23,2,0.0,0.09,0.13,6,23,0,1,0,1.4285714285714286,0.0
2,5208,4,False,0,2025-02-23,2,0.0,0.02,0.04,6,23,0,1,0,1.2857142857142858,0.0
2,5228,4,False,0,2025-02-23,0,0.0,0.01,0.02,6,23,0,1,0,1.4285714285714286,0.0
2,5229,4,False,0,2025-02-23,2,0.0,0.03,0.05,6,23,0,1,0,1.1428571428571428,0.0
2,5263,4,False,0,2025-02-23,3,0.0,0.02,0.04,6,23,0,1,0,1.2857142857142858,0.0
2,5266,4,False,0,2025-02-23,1,0.0,0.06,0.1,6,23,0,1,0,1.5714285714285714,0.0
2,5286,4,False,0,2025-02-23,2,0.0,0.05,0.06,6,23,0,1,0,1.7142857142857142,0.0
2,74,5,True,0,2025-02-23,1,0.0,0.02,0.04,6,23,0,1,0,1.7142857142857142,0.0
2,213,5,True,0,2025-02-23,3,0.0,0.01,0.03,6,23,0,1,0,1.5714285714285714,0.0
2,284,5,True,0,2025-02-23,5,0.0,0.05,0.08,6,23,0,1,0,1.7142857142857142,0.0
2,567,5,True,0,2025-02-23,5,0.0,0.01,0.04,6,23,0,1,0,2.4285714285714284,0.0
2,783,5,True,0,2025-02-23,1,1.0,0.03,0.06,6,23,0,1,0,2.857142857142857,0.0
2,821,5,True,0,2025-02-23,6,0.0,0.03,0.05,6,23,0,1,0,2.5714285714285716,0.0
2,873,5,True,0,2025-02-23,5,0.0,0.03,0.05,6,23,0,1,0,3.2857142857142856,0.0
2,929,5,True,0,2025-02-23,15,0.0,0.07,0.22,6,23,0,1,0,3.7142857142857144,0.0
2,1037,5,True,0,2025-02-23,3,0.0,0.01,0.02,6,23,0,1,0,5.714285714285714,0.0
2,1163,5,True,0,2025-02-23,10,0.0,0.08,0.21,6,23,0,1,0,5.714285714285714,0.0
2,1247,5,True,0,2025-02-23,5,0.0,0.04,0.06,6,23,0,1,0,6.428571428571429,0.0
2,1333,5,True,0,2025-02-23,9,0.0,0.02,0.04,6,23,0,1,0,6.428571428571429,0.0
2,1339,5,True,0,2025-02-23,7,0.0,0.02,0.03,6,23,0,1,0,7.571428571428571,0.0
2,1427,5,True,0,2025-02-23,6,2.0,0.01,0.03,6,23,0,1,0,7.714285714285714,0.0
2,1746,5,True,0,2025-02-23,3,0.0,0.02,0.07,6,23,0,1,0,7.857142857142857,0.0
2,1882,5,True,0,2025-02-23,6,0.0,0.17,0.25,6,23,0,1,0,6.142857142857143,0.0
2,2066,5,True,0,2025-02-23,7,0.0,0.1,0.14,6,23,0,1,0,6.571428571428571,0.0
2,2104,5,True,0,2025-02-23,8,0.0,0.03,0.04,6,23,0,1,0,6.142857142857143,0.0
2,2120,5,True,0,2025-02-23,2,0.0,0.03,0.07,6,23,0,1,0,6.571428571428571,0.0
2,2132,5,True,0,2025-02-23,3,0.0,0.01,0.04,6,23,0,1,0,5.571428571428571,0.0
2,2141,5,True,0,2025-02-23,7,0.0,0.01,0.03,6,23,0,1,0,5.0,0.0
2,2219,5,True,0,2025-02-23,5,2.0,0.11,0.22,6,23,0,1,0,5.142857142857143,0.0
2,2224,5,True,0,2025-02-23,3,0.0,0.03,0.04,6,23,0,1,0,5.428571428571429,0.0
2,2325,5,True,0,2025-02-23,2,0.0,0.03,0.06,6,23,0,1,0,5.0,0.0
2,2418,5,True,0,2025-02-23,4,1.0,0.03,0.06,6,23,0,1,0,4.285714285714286,0.0
2,2880,5,True,0,2025-02-23,5,0.0,0.02,0.04,6,23,0,1,0,3.7142857142857144,0.0
2,3085,5,True,0,2025-02-23,3,0.0,0.02,0.04,6,23,0,1,0,4.142857142857143,0.0
2,3087,5,True,0,2025-02-23,6,0.0,0.04,0.09,6,23,0,1,0,4.142857142857143,0.0
2,3164,5,True,0,2025-02-23,4,0.0,0.05,0.12,6,23,0,1,0,4.0,0.0
2,3218,5,True,0,2025-02-23,5,0.0,0.02,0.06,6,23,0,1,0,3.857142857142857,0.0
2,3229,5,True,0,2025-02-23,4,0.0,0.04,0.11,6,23,0,1,0,4.142857142857143,0.0
2,3292,5,True,0,2025-02-23,1,0.0,0.03,0.05,6,23,0,1,0,4.428571428571429,0.0
2,3330,5,True,0,2025-02-23,4,0.0,0.06,0.11,6,23,0,1,0,4.0,0.0
2,3424,5,True,0,2025-02-23,0,1.0,0.01,0.02,6,23,0,1,0,3.857142857142857,0.0
2,3439,5,True,0,2025-02-23,2,0.0,0.02,0.02,6,23,0,1,0,3.4285714285714284,0.0
2,3463,5,True,0,2025-02-23,4,0.0,0.03,0.05,6,23,0,1,0,2.857142857142857,0.0
2,3558,5,True,0,2025-02-23,2,0.0,0.03,0.06,6,23,0,1,0,2.857142857142857,0.0
2,3624,5,True,0,2025-02-23,6,0.0,0.06,0.11,6,23,0,1,0,2.4285714285714284,0.0
2,3807,5,True,0,2025-02-23,0,0.0,0.08,0.09,6,23,0,1,0,2.7142857142857144,0.0
2,3984,5,True,0,2025-02-23,13,0.0,0.02,0.04,6,23,0,1,0,2.5714285714285716,0.0
2,3996,5,True,0,2025-02-23,11,0.0,0.03,0.07,6,23,0,1,0,3.857142857142857,0.0
2,4036,5,True,0,2025-02-23,4,0.0,0.01,0.02,6,23,0,1,0,5.428571428571429,0.0
2,4081,5,True,0,2025-02-23,3,0.0,0.03,0.06,6,23,0,1,0,5.714285714285714,0.0
2,4175,5,True,0,2025-02-23,9,0.0,0.03,0.06,6,23,0,1,0,5.571428571428571,0.0
2,4544,5,True,0,2025-02-23,5,0.0,0.04,0.07,6,23,0,1,0,6.571428571428571,0.0
2,4565,5,True,0,2025-02-23,4,0.0,0.01,0.05,6,23,0,1,0,6.428571428571429,0.0
2,4749,5,True,0,2025-02-23,3,0.0,0.01,0.02,6,23,0,1,0,7.0,0.0
2,4789,5,True,0,2025-02-23,7,0.0,0.02,0.06,6,23,0,1,0,5.571428571428571,0.0
2,4939,5,True,0,2025-02-23,8,0.0,0.02,0.06,6,23,0,1,0,5.0,0.0
2,5006,5,True,0,2025-02-23,6,0.0,0.03,0.04,6,23,0,1,0,5.571428571428571,0.0
2,5049,5,True,0,2025-02-23,10,1.0,0.02,0.06,6,23,0,1,0,6.0,0.0
2,5098,5,True,0,2025-02-23,2,0.0,0.02,0.05,6,23,0,1,0,6.142857142857143,0.0
2,5217,5,True,0,2025-02-23,8,0.0,0.02,0.04,6,23,0,1,0,5.714285714285714,0.0
2,139,6,False,0,2025-02-23,1,0.0,0.17,0.24,6,23,0,1,0,6.285714285714286,0.0
2,173,6,False,0,2025-02-23,1,0.0,0.09,0.12,6,23,0,1,0,6.0,0.0
2,337,6,False,0,2025-02-23,3,0.0,0.12,0.17,6,23,0,1,0,5.142857142857143,0.0
2,366,6,False,0,2025-02-23,0,0.0,0.08,0.1,6,23,0,1,0,4.428571428571429,0.0
2,386,6,False,0,2025-02-23,0,0.0,0.17,0.26,6,23,0,1,0,3.5714285714285716,0.0
2,594,6,False,0,2025-02-23,0,0.0,0.19,0.2,6,23,0,1,0,2.142857142857143,0.0
2,988,6,False,0,2025-02-23,2,0.0,0.16,0.24,6,23,0,1,0,1.8571428571428572,0.0
2,1031,6,False,0,2025-02-23,0,0.0,0.1,0.14,6,23,0,1,0,1.0,0.0
2,1124,6,False,0,2025-02-23,2,0.0,0.12,0.22,6,23,0,1,0,0.8571428571428571,0.0
2,1276,6,False,0,2025-02-23,1,0.0,0.13,0.17,6,23,0,1,0,1.0,0.0
2,1340,6,False,0,2025-02-23,2,0.0,0.17,0.22,6,23,0,1,0,0.7142857142857143,0.0
2,1429,6,False,0,2025-02-23,1,0.0,0.08,0.08,6,23,0,1,0,1.0,0.0
2,1534,6,False,0,2025-02-23,2,0.0,0.15,0.21,6,23,0,1,0,1.1428571428571428,0.0
2,1544,6,False,0,2025-02-23,2,0.0,0.08,0.11,6,23,0,1,0,1.4285714285714286,0.0
2,1611,6,False,0,2025-02-23,2,0.0,0.11,0.15,6,23,0,1,0,1.4285714285714286,0.0
2,1650,6,False,0,2025-02-23,1,0.0,0.24,0.3,6,23,0,1,0,1.7142857142857142,0.0
2,1702,6,False,0,2025-02-23,0,0.0,0.31,0.29,6,23,0,1,0,1.5714285714285714,0.0
2,1767,6,False,0,2025-02-23,1,0.0,0.12,0.17,6,23,0,1,0,1.4285714285714286,0.0
2,1807,6,False,0,2025-02-23,1,0.0,0.12,0.15,6,23,0,1,0,1.2857142857142858,0.0
2,1811,6,False,0,2025-02-23,0,0.0,0.04,0.06,6,23,0,1,0,1.2857142857142858,0.0
2,1828,6,False,0,2025-02-23,0,0.0,0.26,0.36,6,23,0,1,0,1.0,0.0
2,1868,6,False,0,2025-02-23,0,0.0,0.12,0.15,6,23,0,1,0,0.7142857142857143,0.0
2,1901,6,False,0,2025-02-23,2,0.0,0.16,0.25,6,23,0,1,0,0.42857142857142855,0.0
2,1924,6,False,0,2025-02-23,0,0.0,0.07,0.08,6,23,0,1,0,0.5714285714285714,0.0
2,2712,6,False,0,2025-02-23,0,0.0,0.12,0.16,6,23,0,1,0,0.5714285714285714,0.0
2,2912,6,False,0,2025-02-23,1,0.0,0.12,0.18,6,23,0,1,0,0.42857142857142855,0.0
2,3034,6,False,0,2025-02-23,1,0.0,0.11,0.16,6,23,0,1,0,0.42857142857142855,0.0
2,3088,6,False,0,2025-02-23,0,0.0,0.06,0.08,6,23,0,1,0,0.5714285714285714,0.0
2,3187,6,False,0,2025-02-23,0,0.0,0.26,0.27,6,23,0,1,0,0.5714285714285714,0.0
2,3202,6,False,0,2025-02-23,1,0.0,0.14,0.21,6,23,0,1,0,0.5714285714285714,0.0
2,3604,6,False,0,2025-02-23,1,0.0,0.32,0.36,6,23,0,1,0,0.42857142857142855,0.0
2,3648,6,False,0,2025-02-23,1,0.0,0.2,0.29,6,23,0,1,0,0.5714285714285714,0.0
2,3687,6,False,0,2025-02-23,2,0.0,0.14,0.19,6,23,0,1,0,0.7142857142857143,0.0
2,3842,6,False,0,2025-02-23,2,0.0,0.39,0.46,6,23,0,1,0,0.8571428571428571,0.0
2,3902,6,False,0,2025-02-23,1,0.0,0.17,0.22,6,23,0,1,0,1.0,0.0
2,3912,6,False,0,2025-02-23,1,0.0,0.06,0.09,6,23,0,1,0,1.1428571428571428,0.0
2,4177,6,False,0,2025-02-23,1,0.0,0.06,0.08,6,23,0,1,0,1.2857142857142858,0.0
2,4234,6,False,0,2025-02-23,1,0.0,0.12,0.16,6,23,0,1,0,1.2857142857142858,0.0
2,4288,6,False,0,2025-02-23,1,0.0,0.13,0.22,6,23,0,1,0,1.2857142857142858,0.0
2,4376,6,False,0,2025-02-23,1,0.0,0.08,0.09,6,23,0,1,0,1.2857142857142858,0.0
2,4386,6,False,0,2025-02-23,1,0.0,0.09,0.12,6,23,0,1,0,1.1428571428571428,0.0
2,4390,6,False,0,2025-02-23,4,0.0,0.13,0.2,6,23,0,1,0,1.0,0.0
2,4468,6,False,0,2025-02-23,0,0.0,0.34,0.43,6,23,0,1,0,1.4285714285714286,0.0
2,4892,6,False,0,2025-02-23,0,0.0,0.2,0.23,6,23,0,1,0,1.2857142857142858,0.0
2,4899,6,False,0,2025-02-23,2,0.0,0.06,0.1,6,23,0,1,0,1.1428571428571428,0.0
2,4917,6,False,0,2025-02-23,9,0.0,0.15,0.22,6,23,0,1,0,1.2857142857142858,0.0
2,188,7,False,0,2025-02-23,2,0.0,0.03,0.04,6,23,0,1,0,2.4285714285714284,0.0
2,348,7,False,0,2025-02-23,4,0.0,0.02,0.03,6,23,0,1,0,2.5714285714285716,0.0
2,392,7,False,0,2025-02-23,6,0.0,0.01,0.01,6,23,0,1,0,3.0,0.0
2,503,7,False,0,2025-02-23,31,0.0,0.01,0.01,6,23,0,1,0,3.2857142857142856,0.0
2,680,7,False,0,2025-02-23,20,0.0,0.01,0.01,6,23,0,1,0,7.714285714285714,0.0
2,743,7,False,0,2025-02-23,3,1.0,0.02,0.04,6,23,0,1,0,10.571428571428571,0.0
2,840,7,False,0,2025-02-23,4,0.0,0.02,0.03,6,23,0,1,0,10.714285714285714,0.0
2,966,7,False,0,2025-02-23,2,0.0,0.03,0.04,6,23,0,1,0,10.0,0.0
2,1084,7,False,0,2025-02-23,1,0.0,0.01,0.01,6,23,0,1,0,10.0,0.0
2,1108,7,False,0,2025-02-23,4,0.0,0.05,0.08,6,23,0,1,0,9.571428571428571,0.0
2,1128,7,False,0,2025-02-23,5,0.0,0.02,0.02,6,23,0,1,0,9.285714285714286,0.0
2,1253,7,False,0,2025-02-23,2,0.0,0.01,0.02,6,23,0,1,0,5.571428571428571,0.0
2,1445,7,False,0,2025-02-23,3,1.0,0.04,0.05,6,23,0,1,0,3.0,0.0
2,1488,7,False,0,2025-02-23,1,0.0,0.01,0.01,6,23,0,1,0,3.0,0.0
2,1556,7,False,0,2025-02-23,3,1.0,0.02,0.03,6,23,0,1,0,2.5714285714285716,0.0
2,1591,7,False,0,2025-02-23,1,0.0,0.05,0.08,6,23,0,1,0,2.7142857142857144,0.0
2,1677,7,False,0,2025-02-23,1,0.0,0.02,0.03,6,23,0,1,0,2.7142857142857144,0.0
2,1697,7,False,0,2025-02-23,6,0.0,0.05,0.08,6,23,0,1,0,2.2857142857142856,0.0
2,1895,7,False,0,2025-02-23,0,0.0,0.02,0.02,6,23,0,1,0,2.4285714285714284,0.0
2,1905,7,False,0,2025-02-23,3,0.0,0.02,0.02,6,23,0,1,0,2.142857142857143,0.0
2,1981,7,False,0,2025-02-23,2,0.0,0.01,0.01,6,23,0,1,0,2.142857142857143,0.0
2,2105,7,False,0,2025-02-23,2,0.0,0.02,0.03,6,23,0,1,0,2.2857142857142856,0.0
2,2182,7,False,0,2025-02-23,3,0.0,0.2,0.22,6,23,0,1,0,2.142857142857143,0.0
2,2202,7,False,0,2025-02-23,6,0.0,0.11,0.14,6,23,0,1,0,2.4285714285714284,0.0
2,2232,7,False,0,2025-02-23,5,0.0,0.04,0.08,6,23,0,1,0,3.142857142857143,0.0
2,2340,7,False,0,2025-02-23,4,0.0,0.02,0.02,6,23,0,1,0,3.0,0.0
2,2380,7,False,0,2025-02-23,5,0.0,0.03,0.05,6,23,0,1,0,3.5714285714285716,0.0
2,2439,7,False,0,2025-02-23,2,1.0,0.03,0.04,6,23,0,1,0,3.857142857142857,0.0
2,2645,7,False,0,2025-02-23,4,0.0,0.03,0.04,6,23,0,1,0,3.857142857142857,0.0
2,2792,7,False,0,2025-02-23,2,0.0,0.02,0.04,6,23,0,1,0,4.142857142857143,0.0
2,2989,7,False,0,2025-02-23,0,0.0,0.0,0.0,6,23,0,1,0,4.0,0.0
2,3025,7,False,0,2025-02-23,5,1.0,0.01,0.01,6,23,0,1,0,3.142857142857143,0.0
2,3078,7,False,0,2025-02-23,1,0.0,0.07,0.1,6,23,0,1,0,3.142857142857143,0.0
2,3111,7,False,0,2025-02-23,1,0.0,0.03,0.04,6,23,0,1,0,2.7142857142857144,0.0
2,3125,7,False,0,2025-02-23,1,0.0,0.02,0.03,6,23,0,1,0,2.142857142857143,0.0
2,4069,7,False,0,2025-02-23,3,0.0,0.02,0.02,6,23,0,1,0,2.0,0.0
2,4233,7,False,0,2025-02-23,3,0.0,0.06,0.09,6,23,0,1,0,1.8571428571428572,0.0
2,4424,7,False,0,2025-02-23,2,0.0,0.02,0.05,6,23,0,1,0,2.0,0.0
2,4454,7,False,0,2025-02-23,1,0.0,0.01,0.02,6,23,0,1,0,2.2857142857142856,0.0
2,4484,7,False,0,2025-02-23,19,0.0,0.02,0.05,6,23,0,1,0,1.7142857142857142,0.0
2,4599,7,False,0,2025-02-23,4,0.0,0.01,0.02,6,23,0,1,0,4.285714285714286,0.0
2,4624,7,False,0,2025-02-23,0,0.0,0.03,0.05,6,23,0,1,0,4.714285714285714,0.0
2,4763,7,False,0,2025-02-23,0,0.0,0.01,0.02,6,23,0,1,0,4.571428571428571,0.0
2,4788,7,False,0,2025-02-23,2,0.0,0.02,0.04,6,23,0,1,0,4.142857142857143,0.0
2,4841,7,False,0,2025-02-23,2,1.0,0.01,0.02,6,23,0,1,0,4.0,0.0
2,4910,7,False,0,2025-02-23,5,0.0,0.2,0.11,6,23,0,1,0,4.0,0.0
2,5031,7,False,0,2025-02-23,2,0.0,0.3,0.46,6,23,0,1,0,4.571428571428571,0.0
2,5141,7,False,0,2025-02-23,4,0.0,0.02,0.03,6,23,0,1,0,2.142857142857143,0.0
2,55,8,False,0,2025-02-23,18,0.0,0.04,0.08,6,23,0,1,0,2.142857142857143,0.0
2,494,8,False,0,2025-02-23,14,0.0,0.01,0.03,6,23,0,1,0,4.714285714285714,0.0
2,566,8,False,0,2025-02-23,42,0.0,0.01,0.01,6,23,0,1,0,6.714285714285714,0.0
2,658,8,False,0,2025-02-23,1,1.0,0.1,0.15,6,23,0,1,0,12.428571428571429,0.0
2,675,8,False,0,2025-02-23,1,0.0,0.01,0.02,6,23,0,1,0,12.285714285714286,0.0
2,790,8,False,0,2025-02-23,3,0.0,0.01,0.02,6,23,0,1,0,11.714285714285714,0.0
2,868,8,False,0,2025-02-23,3,0.0,0.14,0.2,6,23,0,1,0,11.857142857142858,0.0
2,870,8,False,0,2025-02-23,5,0.0,0.01,0.02,6,23,0,1,0,11.714285714285714,0.0
2,1004,8,False,0,2025-02-23,5,0.0,0.02,0.06,6,23,0,1,0,9.857142857142858,0.0
2,1076,8,False,0,2025-02-23,5,0.0,0.01,0.02,6,23,0,1,0,8.571428571428571,0.0
2,1116,8,False,0,2025-02-23,10,1.0,0.02,0.02,6,23,0,1,0,3.2857142857142856,0.0
2,1134,8,False,0,2025-02-23,12,0.0,0.0,0.01,6,23,0,1,0,4.571428571428571,0.0
2,1229,8,False,0,2025-02-23,0,0.0,0.01,0.02,6,23,0,1,0,6.142857142857143,0.0
2,1285,8,False,0,2025-02-23,5,0.0,0.03,0.05,6,23,0,1,0,5.714285714285714,0.0
2,1541,8,False,0,2025-02-23,7,1.0,0.02,0.04,6,23,0,1,0,6.0,0.0
2,1748,8,False,0,2025-02-23,7,0.0,0.03,0.04,6,23,0,1,0,6.285714285714286,0.0
2,1819,8,False,0,2025-02-23,16,0.0,0.01,0.02,6,23,0,1,0,6.571428571428571,0.0
2,1923,8,False,0,2025-02-23,1,0.0,0.01,0.02,6,23,0,1,0,8.142857142857142,0.0
2,1930,8,False,0,2025-02-23,1,0.0,0.03,0.05,6,23,0,1,0,6.857142857142857,0.0
2,2029,8,False,0,2025-02-23,2,0.0,0.04,0.07,6,23,0,1,0,5.285714285714286,0.0
2,2288,8,False,0,2025-02-23,8,1.0,0.01,0.02,6,23,0,1,0,5.571428571428571,0.0
2,3028,8,False,0,2025-02-23,3,0.0,0.01,0.02,6,23,0,1,0,6.0,0.0
2,3180,8,False,0,2025-02-23,5,0.0,0.01,0.03,6,23,0,1,0,5.428571428571429,0.0
2,3450,8,False,0,2025-02-23,10,0.0,0.02,0.04,6,23,0,1,0,5.142857142857143,0.0
2,3476,8,False,0,2025-02-23,4,0.0,0.07,0.1,6,23,0,1,0,4.285714285714286,0.0
2,3574,8,False,0,2025-02-23,7,0.0,0.02,0.03,6,23,0,1,0,4.714285714285714,0.0
2,3592,8,False,0,2025-02-23,5,0.0,0.02,0.04,6,23,0,1,0,5.571428571428571,0.0
2,3750,8,False,0,2025-02-23,15,1.0,0.01,0.02,6,23,0,1,0,6.0,0.0
2,3770,8,False,0,2025-02-23,7,0.0,0.01,0.02,6,23,0,1,0,7.0,0.0
2,3963,8,False,0,2025-02-23,5,0.0,0.01,0.01,6,23,0,1,0,7.571428571428571,0.0
2,4115,8,False,0,2025-02-23,4,0.0,0.02,0.04,6,23,0,1,0,7.571428571428571,0.0
2,4538,8,False,0,2025-02-23,10,0.0,0.02,0.03,6,23,0,1,0,6.714285714285714,0.0
2,4609,8,False,0,2025-02-23,4,0.0,0.05,0.08,6,23,0,1,0,7.571428571428571,0.0
2,4666,8,False,0,2025-02-23,15,1.0,0.01,0.02,6,23,0,1,0,7.142857142857143,0.0
2,4668,8,False,0,2025-02-23,4,0.0,0.01,0.02,6,23,0,1,0,8.571428571428571,0.0
2,4676,8,False,0,2025-02-23,25,0.0,0.01,0.01,6,23,0,1,0,7.0,0.0
2,4751,8,False,0,2025-02-23,1,0.0,0.02,0.02,6,23,0,1,0,9.571428571428571,0.0
2,4807,8,False,0,2025-02-23,10,0.0,0.01,0.01,6,23,0,1,0,9.0,0.0
2,4862,8,False,0,2025-02-23,3,0.0,0.18,0.27,6,23,0,1,0,9.857142857142858,0.0
2,5001,8,False,0,2025-02-23,5,0.0,0.01,0.03,6,23,0,1,0,8.857142857142858,0.0
2,5203,8,False,0,2025-02-23,12,0.0,0.01,0.03,6,23,0,1,0,9.0,0.0
2,3,9,True,0,2025-02-23,3,0.0,0.02,0.04,6,23,0,1,0,8.571428571428571,0.0
2,29,9,True,0,2025-02-23,1,0.0,0.05,0.09,6,23,0,1,0,8.428571428571429,0.0
2,67,9,True,0,2025-02-23,3,0.0,0.01,0.04,6,23,0,1,0,5.0,0.0
2,68,9,True,0,2025-02-23,15,0.0,0.02,0.08,6,23,0,1,0,5.285714285714286,0.0
2,75,9,True,0,2025-02-23,8,0.0,0.03,0.04,6,23,0,1,0,6.0,0.0
2,162,9,True,0,2025-02-23,10,1.0,0.03,0.07,6,23,0,1,0,6.714285714285714,0.0
2,176,9,True,0,2025-02-23,2,0.0,0.02,0.03,6,23,0,1,0,7.428571428571429,0.0
2,266,9,True,0,2025-02-23,8,0.0,0.03,0.1,6,23,0,1,0,6.0,0.0
2,322,9,True,0,2025-02-23,3,1.0,0.05,0.09,6,23,0,1,0,6.714285714285714,0.0
2,335,9,True,0,2025-02-23,9,0.0,0.02,0.07,6,23,0,1,0,7.0,0.0
2,342,9,True,0,2025-02-23,1,0.0,0.02,0.1,6,23,0,1,0,7.857142857142857,0.0
2,379,9,True,0,2025-02-23,5,0.0,0.06,0.07,6,23,0,1,0,5.857142857142857,0.0
2,426,9,True,0,2025-02-23,2,0.0,0.05,0.12,6,23,0,1,0,5.428571428571429,0.0
2,469,9,True,0,2025-02-23,8,0.0,0.02,0.02,6,23,0,1,0,4.285714285714286,0.0
2,487,9,True,0,2025-02-23,2,0.0,0.03,0.09,6,23,0,1,0,5.142857142857143,0.0
2,500,9,True,0,2025-02-23,12,0.0,0.01,0.04,6,23,0,1,0,4.285714285714286,0.0
2,520,9,True,0,2025-02-23,3,0.0,0.04,0.12,6,23,0,1,0,5.571428571428571,0.0
2,546,9,True,0,2025-02-23,7,1.0,0.02,0.06,6,23,0,1,0,4.714285714285714,0.0
2,562,9,True,0,2025-02-23,6,0.0,0.03,0.05,6,23,0,1,0,5.571428571428571,0.0
2,589,9,True,0,2025-02-23,3,0.0,0.03,0.1,6,23,0,1,0,5.714285714285714,0.0
2,591,9,True,0,2025-02-23,6,0.0,0.04,0.11,6,23,0,1,0,5.857142857142857,0.0
2,654,9,True,0,2025-02-23,3,0.0,0.03,0.09,6,23,0,1,0,5.571428571428571,0.0
2,673,9,True,0,2025-02-23,5,0.0,0.02,0.05,6,23,0,1,0,5.714285714285714,0.0
2,687,9,True,0,2025-02-23,1,0.0,0.04,0.11,6,23,0,1,0,4.714285714285714,0.0
2,698,9,True,0,2025-02-23,10,0.0,0.04,0.12,6,23,0,1,0,4.428571428571429,0.0
2,708,9,True,0,2025-02-23,5,0.0,0.04,0.1,6,23,0,1,0,4.857142857142857,0.0
2,715,9,True,0,2025-02-23,2,0.0,0.02,0.04,6,23,0,1,0,4.714285714285714,0.0
2,738,9,True,0,2025-02-23,1,0.0,0.03,0.13,6,23,0,1,0,4.571428571428571,0.0
2,856,9,True,0,2025-02-23,7,0.0,0.01,0.02,6,23,0,1,0,3.857142857142857,0.0
2,884,9,True,0,2025-02-23,3,0.0,0.05,0.12,6,23,0,1,0,4.428571428571429,0.0
2,893,9,True,0,2025-02-23,12,0.0,0.02,0.05,6,23,0,1,0,4.142857142857143,0.0
2,908,9,True,0,2025-02-23,2,0.0,0.05,0.09,6,23,0,1,0,5.714285714285714,0.0
2,920,9,True,0,2025-02-23,4,0.0,0.04,0.04,6,23,0,1,0,4.571428571428571,0.0
2,942,9,True,0,2025-02-23,3,0.0,0.01,0.05,6,23,0,1,0,4.428571428571429,0.0
2,955,9,True,0,2025-02-23,3,1.0,0.06,0.11,6,23,0,1,0,4.571428571428571,0.0
2,957,9,True,0,2025-02-23,4,0.0,0.05,0.15,6,23,0,1,0,4.857142857142857,0.0
2,977,9,True,0,2025-02-23,2,0.0,0.1,0.15,6,23,0,1,0,4.428571428571429,0.0
2,1016,9,True,0,2025-02-23,3,4.0,0.02,0.05,6,23,0,1,0,4.285714285714286,0.0
2,1039,9,True,0,2025-02-23,3,0.0,0.01,0.04,6,23,0,1,0,3.0,0.0
2,1050,9,True,0,2025-02-23,6,0.0,0.07,0.12,6,23,0,1,0,3.142857142857143,0.0
2,1075,9,True,0,2025-02-23,20,0.0,0.03,0.05,6,23,0,1,0,3.4285714285714284,0.0
2,1081,9,True,0,2025-02-23,2,0.0,0.02,0.05,6,23,0,1,0,5.857142857142857,0.0
2,1157,9,True,0,2025-02-23,3,0.0,0.04,0.15,6,23,0,1,0,5.714285714285714,0.0
2,1168,9,True,0,2025-02-23,2,0.0,0.09,0.16,6,23,0,1,0,5.571428571428571,0.0
2,1241,9,True,0,2025-02-23,6,0.0,0.05,0.1,6,23,0,1,0,5.571428571428571,0.0
2,1243,9,True,0,2025-02-23,17,0.0,0.04,0.15,6,23,0,1,0,6.0,0.0
2,1281,9,True,0,2025-02-23,3,0.0,0.02,0.03,6,23,0,1,0,8.0,0.0
2,1334,9,True,0,2025-02-23,12,0.0,0.02,0.04,6,23,0,1,0,7.571428571428571,0.0
2,1364,9,True,0,2025-02-23,5,0.0,0.03,0.13,6,23,0,1,0,6.428571428571429,0.0
2,1453,9,True,0,2025-02-23,13,0.0,0.04,0.07,6,23,0,1,0,6.857142857142857,0.0
2,1504,9,True,0,2025-02-23,1,0.0,0.1,0.19,6,23,0,1,0,8.285714285714286,0.0
2,1615,9,True,0,2025-02-23,10,0.0,0.02,0.04,6,23,0,1,0,8.142857142857142,0.0
2,1699,9,True,0,2025-02-23,5,0.0,0.04,0.08,6,23,0,1,0,8.714285714285714,0.0
2,1701,9,True,0,2025-02-23,2,0.0,0.03,0.05,6,23,0,1,0,7.0,0.0
2,1713,9,True,0,2025-02-23,5,0.0,0.01,0.02,6,23,0,1,0,6.857142857142857,0.0
2,1728,9,True,0,2025-02-23,2,0.0,0.02,0.05,6,23,0,1,0,5.857142857142857,0.0
2,1774,9,True,0,2025-02-23,2,0.0,0.04,0.05,6,23,0,1,0,5.428571428571429,0.0
2,1872,9,True,0,2025-02-23,2,0.0,0.04,0.09,6,23,0,1,0,3.857142857142857,0.0
2,1885,9,True,0,2025-02-23,15,0.0,0.01,0.02,6,23,0,1,0,4.0,0.0
2,1890,9,True,0,2025-02-23,0,0.0,0.02,0.06,6,23,0,1,0,4.714285714285714,0.0
2,2007,9,True,0,2025-02-23,13,0.0,0.02,0.09,6,23,0,1,0,4.0,0.0
2,2009,9,True,0,2025-02-23,6,0.0,0.01,0.04,6,23,0,1,0,5.571428571428571,0.0
2,2067,9,True,0,2025-02-23,8,0.0,0.04,0.1,6,23,0,1,0,5.714285714285714,0.0
2,2068,9,True,0,2025-02-23,2,0.0,0.02,0.05,6,23,0,1,0,6.571428571428571,0.0
2,2073,9,True,0,2025-02-23,12,0.0,0.01,0.03,6,23,0,1,0,6.571428571428571,0.0
2,2076,9,True,0,2025-02-23,7,0.0,0.04,0.07,6,23,0,1,0,8.0,0.0
2,2121,9,True,0,2025-02-23,1,0.0,0.02,0.09,6,23,0,1,0,6.857142857142857,0.0
2,2138,9,True,0,2025-02-23,15,0.0,0.05,0.09,6,23,0,1,0,7.0,0.0
2,2184,9,True,0,2025-02-23,7,0.0,0.02,0.12,6,23,0,1,0,7.285714285714286,0.0
2,2220,9,True,0,2025-02-23,1,0.0,0.01,0.04,6,23,0,1,0,7.428571428571429,0.0
2,2225,9,True,0,2025-02-23,7,0.0,0.03,0.09,6,23,0,1,0,6.428571428571429,0.0
2,2299,9,True,0,2025-02-23,0,0.0,0.02,0.05,6,23,0,1,0,7.142857142857143,0.0
2,2353,9,True,0,2025-02-23,1,0.0,0.01,0.01,6,23,0,1,0,5.428571428571429,0.0
2,2356,9,True,0,2025-02-23,0,0.0,0.01,0.02,6,23,0,1,0,4.571428571428571,0.0
2,2388,9,True,0,2025-02-23,10,0.0,0.03,0.07,6,23,0,1,0,4.428571428571429,0.0
2,2409,9,True,0,2025-02-23,3,1.0,0.05,0.09,6,23,0,1,0,3.7142857142857144,0.0
2,2427,9,True,0,2025-02-23,4,0.0,0.01,0.03,6,23,0,1,0,3.142857142857143,0.0
2,2449,9,True,0,2025-02-23,10,1.0,0.05,0.11,6,23,0,1,0,3.5714285714285716,0.0
2,2493,9,True,0,2025-02-23,11,0.0,0.02,0.05,6,23,0,1,0,4.0,0.0
2,2540,9,True,0,2025-02-23,2,0.0,0.05,0.13,6,23,0,1,0,5.571428571428571,0.0
2,2552,9,True,0,2025-02-23,8,0.0,0.04,0.1,6,23,0,1,0,5.714285714285714,0.0
2,2597,9,True,0,2025-02-23,3,0.0,0.01,0.03,6,23,0,1,0,6.857142857142857,0.0
2,2608,9,True,0,2025-02-23,6,0.0,0.04,0.1,6,23,0,1,0,5.857142857142857,0.0
2,2629,9,True,0,2025-02-23,2,0.0,0.02,0.09,6,23,0,1,0,6.285714285714286,0.0
2,2633,9,True,0,2025-02-23,5,0.0,0.01,0.01,6,23,0,1,0,6.0,0.0
2,2684,9,True,0,2025-02-23,8,0.0,0.04,0.03,6,23,0,1,0,5.285714285714286,0.0
2,2694,9,True,0,2025-02-23,11,1.0,0.04,0.1,6,23,0,1,0,4.857142857142857,0.0
2,2724,9,True,0,2025-02-23,17,0.0,0.01,0.03,6,23,0,1,0,6.142857142857143,0.0
2,2791,9,True,0,2025-02-23,0,0.0,0.1,0.16,6,23,0,1,0,7.428571428571429,0.0
2,2796,9,True,0,2025-02-23,1,1.0,0.03,0.09,6,23,0,1,0,7.0,0.0
2,2828,9,True,0,2025-02-23,4,0.0,0.02,0.05,6,23,0,1,0,6.285714285714286,0.0
2,2868,9,True,0,2025-02-23,15,0.0,0.03,0.04,6,23,0,1,0,6.571428571428571,0.0
2,2869,9,True,0,2025-02-23,5,0.0,0.05,0.1,6,23,0,1,0,8.0,0.0
2,2877,9,True,0,2025-02-23,3,0.0,0.1,0.16,6,23,0,1,0,7.571428571428571,0.0
2,2895,9,True,0,2025-02-23,8,0.0,0.06,0.08,6,23,0,1,0,6.428571428571429,0.0
2,2896,9,True,0,2025-02-23,4,0.0,0.04,0.1,6,23,0,1,0,5.142857142857143,0.0
2,2921,9,True,0,2025-02-23,4,0.0,0.07,0.19,6,23,0,1,0,5.714285714285714,0.0
2,2937,9,True,0,2025-02-23,2,0.0,0.03,0.11,6,23,0,1,0,6.142857142857143,0.0
2,2945,9,True,0,2025-02-23,4,0.0,0.06,0.09,6,23,0,1,0,5.857142857142857,0.0
2,2967,9,True,0,2025-02-23,6,0.0,0.13,0.08,6,23,0,1,0,4.285714285714286,0.0
2,2986,9,True,0,2025-02-23,8,0.0,0.03,0.05,6,23,0,1,0,4.428571428571429,0.0
2,2998,9,True,0,2025-02-23,3,0.0,0.01,0.06,6,23,0,1,0,5.142857142857143,0.0
2,3036,9,True,0,2025-02-23,2,0.0,0.03,0.05,6,23,0,1,0,4.428571428571429,0.0
2,3059,9,True,0,2025-02-23,1,0.0,0.06,0.1,6,23,0,1,0,4.142857142857143,0.0
2,3160,9,True,0,2025-02-23,9,0.0,0.01,0.02,6,23,0,1,0,3.7142857142857144,0.0
2,3191,9,True,0,2025-02-23,9,0.0,0.06,0.13,6,23,0,1,0,4.714285714285714,0.0
2,3291,9,True,0,2025-02-23,6,0.0,0.05,0.09,6,23,0,1,0,5.428571428571429,0.0
2,3332,9,True,0,2025-02-23,4,0.0,0.02,0.11,6,23,0,1,0,5.428571428571429,0.0
2,3367,9,True,0,2025-02-23,4,0.0,0.06,0.18,6,23,0,1,0,4.857142857142857,0.0
2,3405,9,True,0,2025-02-23,9,0.0,0.01,0.05,6,23,0,1,0,5.0,0.0
2,3412,9,True,0,2025-02-23,36,0.0,0.01,0.02,6,23,0,1,0,6.0,0.0
2,3477,9,True,0,2025-02-23,6,0.0,0.03,0.05,6,23,0,1,0,11.0,0.0
2,3491,9,True,0,2025-02-23,5,0.0,0.03,0.1,6,23,0,1,0,10.571428571428571,0.0
2,3503,9,True,0,2025-02-23,11,1.0,0.01,0.03,6,23,0,1,0,10.0,0.0
2,3505,9,True,0,2025-02-23,8,0.0,0.04,0.12,6,23,0,1,0,10.714285714285714,0.0
2,3531,9,True,0,2025-02-23,5,0.0,0.02,0.07,6,23,0,1,0,11.285714285714286,0.0
2,3584,9,True,0,2025-02-23,4,0.0,0.02,0.09,6,23,0,1,0,11.428571428571429,0.0
2,3699,9,True,0,2025-02-23,4,0.0,0.01,0.03,6,23,0,1,0,10.714285714285714,0.0
2,3702,9,True,0,2025-02-23,0,0.0,0.02,0.02,6,23,0,1,0,6.142857142857143,0.0
2,3794,9,True,0,2025-02-23,2,0.0,0.03,0.07,6,23,0,1,0,5.285714285714286,0.0
2,3836,9,True,0,2025-02-23,9,0.0,0.05,0.07,6,23,0,1,0,4.857142857142857,0.0
2,3872,9,True,0,2025-02-23,12,0.0,0.04,0.07,6,23,0,1,0,4.571428571428571,0.0
2,3884,9,True,0,2025-02-23,6,0.0,0.01,0.03,6,23,0,1,0,5.142857142857143,0.0
2,3962,9,True,0,2025-02-23,3,0.0,0.05,0.19,6,23,0,1,0,5.285714285714286,0.0
2,3998,9,True,0,2025-02-23,5,1.0,0.04,0.11,6,23,0,1,0,5.142857142857143,0.0
2,4008,9,True,0,2025-02-23,3,0.0,0.04,0.29,6,23,0,1,0,5.285714285714286,0.0
2,4056,9,True,0,2025-02-23,4,0.0,0.02,0.06,6,23,0,1,0,5.714285714285714,0.0
2,4075,9,True,0,2025-02-23,7,0.0,0.06,0.16,6,23,0,1,0,6.0,0.0
2,4083,9,True,0,2025-02-23,7,0.0,0.09,0.15,6,23,0,1,0,5.714285714285714,0.0
2,4232,9,True,0,2025-02-23,11,0.0,0.13,0.18,6,23,0,1,0,5.0,0.0
2,4259,9,True,0,2025-02-23,4,0.0,0.26,0.44,6,23,0,1,0,5.714285714285714,0.0
2,4262,9,True,0,2025-02-23,11,0.0,0.02,0.06,6,23,0,1,0,5.857142857142857,0.0
2,4279,9,True,0,2025-02-23,2,0.0,0.05,0.15,6,23,0,1,0,6.714285714285714,0.0
2,4296,9,True,0,2025-02-23,2,0.0,0.04,0.09,6,23,0,1,0,6.571428571428571,0.0
2,4332,9,True,0,2025-02-23,8,0.0,0.04,0.14,6,23,0,1,0,6.285714285714286,0.0
2,4353,9,True,0,2025-02-23,13,0.0,0.01,0.06,6,23,0,1,0,6.428571428571429,0.0
2,4363,9,True,0,2025-02-23,4,0.0,0.05,0.13,6,23,0,1,0,7.285714285714286,0.0
2,4393,9,True,0,2025-02-23,0,0.0,0.09,0.17,6,23,0,1,0,6.285714285714286,0.0
2,4406,9,True,0,2025-02-23,4,0.0,0.02,0.06,6,23,0,1,0,5.714285714285714,0.0
2,4459,9,True,0,2025-02-23,19,0.0,0.02,0.05,6,23,0,1,0,4.714285714285714,0.0
2,4477,9,True,0,2025-02-23,6,1.0,0.03,0.05,6,23,0,1,0,7.142857142857143,0.0
2,4532,9,True,0,2025-02-23,5,0.0,0.02,0.04,6,23,0,1,0,7.714285714285714,0.0
2,4574,9,True,0,2025-02-23,3,0.0,0.01,0.07,6,23,0,1,0,7.285714285714286,0.0
2,4623,9,True,0,2025-02-23,8,0.0,0.03,0.08,6,23,0,1,0,5.857142857142857,0.0
2,4677,9,True,0,2025-02-23,8,0.0,0.12,0.23,6,23,0,1,0,6.428571428571429,0.0
2,4695,9,True,0,2025-02-23,8,2.0,0.04,0.07,6,23,0,1,0,7.571428571428571,0.0
2,4709,9,True,0,2025-02-23,7,0.0,0.08,0.12,6,23,0,1,0,8.142857142857142,0.0
2,4728,9,True,0,2025-02-23,9,0.0,0.02,0.04,6,23,0,1,0,6.428571428571429,0.0
2,4737,9,True,0,2025-02-23,0,0.0,0.01,0.03,6,23,0,1,0,6.857142857142857,0.0
2,4775,9,True,0,2025-02-23,2,2.0,0.04,0.14,6,23,0,1,0,6.142857142857143,0.0
2,4784,9,True,0,2025-02-23,3,0.0,0.01,0.05,6,23,0,1,0,6.0,0.0
2,4858,9,True,0,2025-02-23,5,0.0,0.15,0.29,6,23,0,1,0,5.285714285714286,0.0
2,4863,9,True,0,2025-02-23,5,0.0,0.02,0.05,6,23,0,1,0,4.857142857142857,0.0
2,4927,9,True,0,2025-02-23,2,0.0,0.06,0.03,6,23,0,1,0,4.428571428571429,0.0
2,4974,9,True,0,2025-02-23,0,4.0,0.02,0.06,6,23,0,1,0,3.7142857142857144,0.0
2,5011,9,True,0,2025-02-23,12,0.0,0.06,0.12,6,23,0,1,0,2.4285714285714284,0.0
2,5012,9,True,0,2025-02-23,6,0.0,0.01,0.04,6,23,0,1,0,4.142857142857143,0.0
2,5070,9,True,0,2025-02-23,13,0.0,0.05,0.12,6,23,0,1,0,4.714285714285714,0.0
2,5226,9,True,0,2025-02-23,5,1.0,0.05,0.13,6,23,0,1,0,6.142857142857143,0.0
2,5242,9,True,0,2025-02-23,5,0.0,0.04,0.2,6,23,0,1,0,6.142857142857143,0.0
2,15,10,False,0,2025-02-23,12,0.0,0.03,0.13,6,23,0,1,0,6.142857142857143,0.0
2,149,10,False,0,2025-02-23,15,0.0,0.02,0.05,6,23,0,1,0,7.571428571428571,0.0
2,2636,10,False,0,2025-02-23,12,0.0,0.09,0.21,6,23,0,1,0,9.714285714285714,0.0
2,3122,10,False,0,2025-02-23,11,0.0,0.01,0.04,6,23,0,1,0,9.714285714285714,0.0
2,3904,10,False,0,2025-02-23,1,0.0,0.03,0.04,6,23,0,1,0,10.428571428571429,0.0
2,4959,10,False,0,2025-02-23,22,0.0,0.01,0.02,6,23,0,1,0,8.714285714285714,0.0
2,518,11,False,0,2025-02-23,1,1.0,0.16,0.15,6,23,0,1,0,11.142857142857142,0.0
2,810,11,False,0,2025-02-23,0,0.0,0.1,0.12,6,23,0,1,0,10.571428571428571,0.0
2,926,11,False,0,2025-02-23,3,0.0,0.14,0.18,6,23,0,1,0,8.857142857142858,0.0
2,1341,11,False,0,2025-02-23,10,0.0,0.16,0.18,6,23,0,1,0,7.142857142857143,0.0
2,1346,11,False,0,2025-02-23,0,0.0,0.07,0.07,6,23,0,1,0,6.857142857142857,0.0
2,1797,11,False,0,2025-02-23,2,0.0,0.07,0.11,6,23,0,1,0,5.285714285714286,0.0
2,1879,11,False,0,2025-02-23,3,0.0,0.1,0.12,6,23,0,1,0,5.428571428571429,0.0
2,3084,11,False,0,2025-02-23,6,0.0,0.12,0.15,6,23,0,1,0,2.7142857142857144,0.0
2,3414,11,False,0,2025-02-23,0,0.0,0.1,0.12,6,23,0,1,0,3.4285714285714284,0.0
2,3602,11,False,0,2025-02-23,2,0.0,0.12,0.15,6,23,0,1,0,3.4285714285714284,0.0
2,3829,11,False,0,2025-02-23,6,0.0,0.1,0.15,6,23,0,1,0,3.2857142857142856,0.0
2,3961,11,False,0,2025-02-23,3,0.0,0.09,0.11,6,23,0,1,0,2.7142857142857144,0.0
2,4171,11,False,0,2025-02-23,4,0.0,0.14,0.21,6,23,0,1,0,3.142857142857143,0.0
2,4182,11,False,0,2025-02-23,2,0.0,0.07,0.07,6,23,0,1,0,3.4285714285714284,0.0
2,4322,11,False,0,2025-02-23,0,0.0,0.1,0.12,6,23,0,1,0,3.2857142857142856,0.0
2,4930,11,False,0,2025-02-23,3,0.0,0.09,0.12,6,23,0,1,0,2.4285714285714284,0.0
2,27,1,False,0,2025-02-26,4,0.0,0.07,0.08,2,26,0,0,1,2.857142857142857,0.0
2,982,1,False,0,2025-02-26,5,0.0,0.2,0.24,2,26,0,0,1,3.142857142857143,0.0
2,1030,1,False,0,2025-02-26,6,0.0,0.29,0.37,2,26,0,0,1,3.0,0.0
2,1304,1,False,0,2025-02-26,3,0.0,0.04,0.06,2,26,0,0,1,3.4285714285714284,0.0
2,1590,1,False,0,2025-02-26,3,0.0,0.06,0.09,2,26,0,0,1,3.2857142857142856,0.0
2,1752,1,False,0,2025-02-26,6,0.0,0.16,0.22,2,26,0,0,1,3.4285714285714284,0.0
2,1840,1,False,0,2025-02-26,4,0.0,0.13,0.17,2,26,0,0,1,4.285714285714286,0.0
2,1853,1,False,0,2025-02-26,0,0.0,0.18,0.21,2,26,0,0,1,4.428571428571429,0.0
2,1874,1,False,0,2025-02-26,6,0.0,0.03,0.03,2,26,0,0,1,3.857142857142857,0.0
2,2850,1,False,0,2025-02-26,4,0.0,0.18,0.22,2,26,0,0,1,4.0,0.0
2,3058,1,False,0,2025-02-26,6,0.0,0.16,0.19,2,26,0,0,1,3.7142857142857144,0.0
2,3120,1,False,0,2025-02-26,6,0.0,0.16,0.18,2,26,0,0,1,4.142857142857143,0.0
2,3621,1,False,0,2025-02-26,2,0.0,0.03,0.04,2,26,0,0,1,4.571428571428571,0.0
2,3625,1,False,0,2025-02-26,4,0.0,0.16,0.19,2,26,0,0,1,4.0,0.0
2,4088,1,False,0,2025-02-26,2,0.0,0.33,0.4,2,26,0,0,1,4.0,0.0
2,4089,1,False,0,2025-02-26,3,0.0,0.16,0.23,2,26,0,0,1,4.285714285714286,0.0
2,4206,1,False,0,2025-02-26,3,1.0,0.5,0.61,2,26,0,0,1,3.857142857142857,0.0
2,4693,1,False,0,2025-02-26,3,0.0,0.09,0.11,2,26,0,0,1,3.7142857142857144,0.0
2,5035,1,False,0,2025-02-26,2,1.0,0.13,0.15,2,26,0,0,1,3.2857142857142856,0.0
2,9,3,True,0,2025-02-26,1,0.0,0.11,0.15,2,26,0,0,1,2.7142857142857144,0.0
2,42,3,True,0,2025-02-26,1,0.0,0.05,0.06,2,26,0,0,1,2.5714285714285716,0.0
2,54,3,True,0,2025-02-26,1,0.0,0.18,0.21,2,26,0,0,1,2.142857142857143,0.0
2,63,3,True,0,2025-02-26,3,0.0,0.14,0.17,2,26,0,0,1,2.0,0.0
2,71,3,True,0,2025-02-26,4,0.0,0.03,0.03,2,26,0,0,1,2.0,0.0
2,73,3,True,0,2025-02-26,3,0.0,0.15,0.19,2,26,0,0,1,2.142857142857143,0.0
2,118,3,True,0,2025-02-26,2,0.0,0.05,0.08,2,26,0,0,1,2.142857142857143,0.0
2,151,3,True,0,2025-02-26,0,0.0,0.21,0.29,2,26,0,0,1,2.142857142857143,0.0
2,154,3,True,0,2025-02-26,2,0.0,0.18,0.22,2,26,0,0,1,2.0,0.0
2,156,3,True,0,2025-02-26,2,0.0,0.04,0.05,2,26,0,0,1,2.142857142857143,0.0
2,224,3,True,0,2025-02-26,1,0.0,0.06,0.08,2,26,0,0,1,2.2857142857142856,0.0
2,230,3,True,0,2025-02-26,2,0.0,0.03,0.04,2,26,0,0,1,2.0,0.0
2,258,3,True,0,2025-02-26,1,0.0,0.03,0.04,2,26,0,0,1,1.7142857142857142,0.0
2,304,3,True,0,2025-02-26,2,0.0,0.1,0.12,2,26,0,0,1,1.4285714285714286,0.0
2,307,3,True,0,2025-02-26,3,0.0,0.16,0.21,2,26,0,0,1,1.4285714285714286,0.0
2,319,3,True,0,2025-02-26,1,0.0,0.35,0.42,2,26,0,0,1,1.8571428571428572,0.0
2,323,3,True,0,2025-02-26,1,0.0,0.28,0.33,2,26,0,0,1,1.7142857142857142,0.0
2,347,3,True,0,2025-02-26,1,0.0,0.06,0.07,2,26,0,0,1,1.5714285714285714,0.0
2,377,3,True,0,2025-02-26,4,0.0,0.12,0.17,2,26,0,0,1,1.5714285714285714,0.0
2,384,3,True,0,2025-02-26,0,0.0,0.04,0.06,2,26,0,0,1,1.8571428571428572,0.0
2,396,3,True,0,2025-02-26,3,0.0,0.22,0.25,2,26,0,0,1,1.7142857142857142,0.0
2,400,3,True,0,2025-02-26,1,0.0,0.19,0.23,2,26,0,0,1,1.8571428571428572,0.0
2,409,3,True,0,2025-02-26,1,0.0,0.1,0.11,2,26,0,0,1,1.5714285714285714,0.0
2,414,3,True,0,2025-02-26,1,0.0,0.08,0.09,2,26,0,0,1,1.5714285714285714,0.0
2,424,3,True,0,2025-02-26,4,0.0,0.09,0.12,2,26,0,0,1,1.5714285714285714,0.0
2,430,3,True,0,2025-02-26,1,0.0,0.13,0.22,2,26,0,0,1,2.0,0.0
2,452,3,True,0,2025-02-26,2,0.0,0.07,0.09,2,26,0,0,1,1.5714285714285714,0.0
2,514,3,True,0,2025-02-26,4,0.0,0.16,0.2,2,26,0,0,1,1.8571428571428572,0.0
2,541,3,True,0,2025-02-26,4,0.0,0.07,0.1,2,26,0,0,1,2.0,0.0
2,550,3,True,0,2025-02-26,0,0.0,0.13,0.18,2,26,0,0,1,2.4285714285714284,0.0
2,570,3,True,0,2025-02-26,2,0.0,0.15,0.18,2,26,0,0,1,2.2857142857142856,0.0
2,571,3,True,0,2025-02-26,2,0.0,0.11,0.15,2,26,0,0,1,2.4285714285714284,0.0
2,604,3,True,0,2025-02-26,1,0.0,0.3,0.37,2,26,0,0,1,2.142857142857143,0.0
2,618,3,True,0,2025-02-26,2,0.0,0.13,0.16,2,26,0,0,1,2.142857142857143,0.0
2,630,3,True,0,2025-02-26,0,0.0,0.06,0.07,2,26,0,0,1,2.142857142857143,0.0
2,642,3,True,0,2025-02-26,1,0.0,0.07,0.11,2,26,0,0,1,1.5714285714285714,0.0
2,643,3,True,0,2025-02-26,1,0.0,0.06,0.07,2,26,0,0,1,1.1428571428571428,0.0
2,664,3,True,0,2025-02-26,1,0.0,0.14,0.19,2,26,0,0,1,1.2857142857142858,0.0
2,674,3,True,0,2025-02-26,1,0.0,0.15,0.18,2,26,0,0,1,1.1428571428571428,0.0
2,679,3,True,0,2025-02-26,1,0.0,0.06,0.07,2,26,0,0,1,1.0,0.0
2,713,3,True,0,2025-02-26,3,0.0,0.06,0.07,2,26,0,0,1,1.0,0.0
2,725,3,True,0,2025-02-26,2,0.0,0.18,0.23,2,26,0,0,1,1.1428571428571428,0.0
2,766,3,True,0,2025-02-26,5,0.0,0.06,0.09,2,26,0,0,1,1.4285714285714286,0.0
2,767,3,True,0,2025-02-26,2,0.0,0.17,0.22,2,26,0,0,1,2.0,0.0
2,775,3,True,0,2025-02-26,2,0.0,0.12,0.15,2,26,0,0,1,2.142857142857143,0.0
2,800,3,True,0,2025-02-26,3,0.0,0.26,0.37,2,26,0,0,1,2.2857142857142856,0.0
2,804,3,True,0,2025-02-26,5,0.0,0.1,0.14,2,26,0,0,1,2.5714285714285716,0.0
2,806,3,True,0,2025-02-26,1,0.0,0.08,0.1,2,26,0,0,1,3.142857142857143,0.0
2,807,3,True,0,2025-02-26,5,0.0,0.13,0.16,2,26,0,0,1,2.857142857142857,0.0
2,808,3,True,0,2025-02-26,1,0.0,0.06,0.07,2,26,0,0,1,3.2857142857142856,0.0
2,832,3,True,0,2025-02-26,1,0.0,0.12,0.16,2,26,0,0,1,2.7142857142857144,0.0
2,836,3,True,0,2025-02-26,2,0.0,0.07,0.09,2,26,0,0,1,2.5714285714285716,0.0
2,841,3,True,0,2025-02-26,4,0.0,0.13,0.17,2,26,0,0,1,2.5714285714285716,0.0
2,847,3,True,0,2025-02-26,2,0.0,0.08,0.11,2,26,0,0,1,2.7142857142857144,0.0
2,850,3,True,0,2025-02-26,2,0.0,0.49,0.61,2,26,0,0,1,2.2857142857142856,0.0
2,874,3,True,0,2025-02-26,2,0.0,0.03,0.04,2,26,0,0,1,2.4285714285714284,0.0
2,897,3,True,0,2025-02-26,7,0.0,0.05,0.05,2,26,0,0,1,2.0,0.0
2,903,3,True,0,2025-02-26,3,0.0,0.05,0.08,2,26,0,0,1,2.857142857142857,0.0
2,905,3,True,0,2025-02-26,1,0.0,0.1,0.16,2,26,0,0,1,3.142857142857143,0.0
2,921,3,True,0,2025-02-26,2,0.0,0.09,0.12,2,26,0,0,1,3.0,0.0
2,922,3,True,0,2025-02-26,3,1.0,0.07,0.09,2,26,0,0,1,2.7142857142857144,0.0
2,937,3,True,0,2025-02-26,0,0.0,0.03,0.05,2,26,0,0,1,2.857142857142857,0.0
2,940,3,True,0,2025-02-26,4,0.0,0.2,0.25,2,26,0,0,1,2.5714285714285716,0.0
2,965,3,True,0,2025-02-26,1,0.0,0.36,0.43,2,26,0,0,1,2.857142857142857,0.0
2,971,3,True,0,2025-02-26,4,0.0,0.08,0.1,2,26,0,0,1,2.0,0.0
2,978,3,True,0,2025-02-26,1,0.0,0.11,0.13,2,26,0,0,1,2.142857142857143,0.0
2,983,3,True,0,2025-02-26,3,0.0,0.11,0.13,2,26,0,0,1,2.142857142857143,0.0
2,1005,3,True,0,2025-02-26,7,0.0,0.07,0.09,2,26,0,0,1,2.2857142857142856,0.0
2,1006,3,True,0,2025-02-26,0,0.0,0.03,0.04,2,26,0,0,1,2.857142857142857,0.0
2,1022,3,True,0,2025-02-26,0,1.0,0.09,0.12,2,26,0,0,1,2.857142857142857,0.0
2,1046,3,True,0,2025-02-26,3,0.0,0.06,0.1,2,26,0,0,1,2.2857142857142856,0.0
2,1074,3,True,0,2025-02-26,1,0.0,0.11,0.1,2,26,0,0,1,2.5714285714285716,0.0
2,1080,3,True,0,2025-02-26,2,0.0,0.15,0.2,2,26,0,0,1,2.142857142857143,0.0
2,1089,3,True,0,2025-02-26,1,1.0,0.11,0.14,2,26,0,0,1,2.2857142857142856,0.0
2,1094,3,True,0,2025-02-26,0,0.0,0.18,0.2,2,26,0,0,1,2.0,0.0
2,1106,3,True,0,2025-02-26,5,0.0,0.08,0.11,2,26,0,0,1,1.0,0.0
2,1141,3,True,0,2025-02-26,1,0.0,0.09,0.13,2,26,0,0,1,1.7142857142857142,0.0
2,1142,3,True,0,2025-02-26,2,0.0,0.28,0.34,2,26,0,0,1,1.8571428571428572,0.0
2,1150,3,True,0,2025-02-26,3,0.0,0.04,0.05,2,26,0,0,1,1.7142857142857142,0.0
2,1153,3,True,0,2025-02-26,0,0.0,0.07,0.09,2,26,0,0,1,2.0,0.0
2,1173,3,True,0,2025-02-26,1,0.0,0.05,0.07,2,26,0,0,1,1.7142857142857142,0.0
2,1208,3,True,0,2025-02-26,4,0.0,0.1,0.12,2,26,0,0,1,1.7142857142857142,0.0
2,1246,3,True,0,2025-02-26,1,0.0,0.04,0.08,2,26,0,0,1,2.2857142857142856,0.0
2,1254,3,True,0,2025-02-26,2,0.0,0.23,0.29,2,26,0,0,1,1.7142857142857142,0.0
2,1280,3,True,0,2025-02-26,1,0.0,0.14,0.16,2,26,0,0,1,1.8571428571428572,0.0
2,1315,3,True,0,2025-02-26,3,0.0,0.14,0.2,2,26,0,0,1,1.7142857142857142,0.0
2,1322,3,True,0,2025-02-26,2,0.0,0.25,0.28,2,26,0,0,1,1.7142857142857142,0.0
2,1337,3,True,0,2025-02-26,2,0.0,0.04,0.06,2,26,0,0,1,2.0,0.0
2,1348,3,True,0,2025-02-26,3,0.0,0.14,0.19,2,26,0,0,1,2.142857142857143,0.0
2,1353,3,True,0,2025-02-26,1,0.0,0.12,0.16,2,26,0,0,1,2.0,0.0
2,1387,3,True,0,2025-02-26,0,0.0,0.04,0.05,2,26,0,0,1,2.0,0.0
2,1413,3,True,0,2025-02-26,1,0.0,0.51,0.57,2,26,0,0,1,1.7142857142857142,0.0
2,1446,3,True,0,2025-02-26,9,0.0,0.01,0.01,2,26,0,0,1,1.7142857142857142,0.0
2,1450,3,True,0,2025-02-26,3,0.0,0.05,0.06,2,26,0,0,1,2.5714285714285716,0.0
2,1458,3,True,0,2025-02-26,2,0.0,0.05,0.06,2,26,0,0,1,2.7142857142857144,0.0
2,1460,3,True,0,2025-02-26,3,0.0,0.05,0.06,2,26,0,0,1,2.7142857142857144,0.0
2,1486,3,True,0,2025-02-26,4,0.0,0.07,0.09,2,26,0,0,1,2.7142857142857144,0.0
2,1514,3,True,0,2025-02-26,1,0.0,0.19,0.2,2,26,0,0,1,3.142857142857143,0.0
2,1518,3,True,0,2025-02-26,1,0.0,0.17,0.2,2,26,0,0,1,3.2857142857142856,0.0
2,1520,3,True,0,2025-02-26,2,0.0,0.05,0.06,2,26,0,0,1,3.2857142857142856,0.0
2,1577,3,True,0,2025-02-26,0,1.0,0.07,0.09,2,26,0,0,1,2.2857142857142856,0.0
2,1604,3,True,0,2025-02-26,1,0.0,0.36,0.41,2,26,0,0,1,1.8571428571428572,0.0
2,1651,3,True,0,2025-02-26,1,0.0,0.22,0.27,2,26,0,0,1,1.7142857142857142,0.0
2,1660,3,True,0,2025-02-26,1,0.0,0.1,0.12,2,26,0,0,1,1.4285714285714286,0.0
2,1667,3,True,0,2025-02-26,1,0.0,0.07,0.08,2,26,0,0,1,1.0,0.0
2,1689,3,True,0,2025-02-26,3,0.0,0.05,0.06,2,26,0,0,1,1.0,0.0
2,1691,3,True,0,2025-02-26,2,0.0,0.03,0.05,2,26,0,0,1,1.2857142857142858,0.0
2,1717,3,True,0,2025-02-26,1,0.0,0.27,0.32,2,26,0,0,1,1.2857142857142858,0.0
2,1736,3,True,0,2025-02-26,1,0.0,0.06,0.09,2,26,0,0,1,1.4285714285714286,0.0
2,1781,3,True,0,2025-02-26,1,0.0,0.04,0.04,2,26,0,0,1,1.4285714285714286,0.0
2,1791,3,True,0,2025-02-26,1,0.0,0.3,0.44,2,26,0,0,1,1.4285714285714286,0.0
2,1798,3,True,0,2025-02-26,2,0.0,0.22,0.28,2,26,0,0,1,1.4285714285714286,0.0
2,1800,3,True,0,2025-02-26,0,0.0,0.24,0.31,2,26,0,0,1,1.5714285714285714,0.0
2,1803,3,True,0,2025-02-26,1,0.0,0.07,0.15,2,26,0,0,1,1.1428571428571428,0.0
2,1804,3,True,0,2025-02-26,3,0.0,0.09,0.11,2,26,0,0,1,1.0,0.0
2,1843,3,True,0,2025-02-26,1,0.0,0.04,0.06,2,26,0,0,1,1.2857142857142858,0.0
2,1852,3,True,0,2025-02-26,3,0.0,0.05,0.06,2,26,0,0,1,1.2857142857142858,0.0
2,1871,3,True,0,2025-02-26,2,0.0,0.17,0.2,2,26,0,0,1,1.5714285714285714,0.0
2,1876,3,True,0,2025-02-26,3,0.0,0.07,0.1,2,26,0,0,1,1.7142857142857142,0.0
2,1881,3,True,0,2025-02-26,2,0.0,0.18,0.24,2,26,0,0,1,1.8571428571428572,0.0
2,1903,3,True,0,2025-02-26,1,0.0,0.05,0.07,2,26,0,0,1,2.142857142857143,0.0
2,1908,3,True,0,2025-02-26,2,0.0,0.03,0.06,2,26,0,0,1,2.142857142857143,0.0
2,1918,3,True,0,2025-02-26,1,0.0,0.03,0.04,2,26,0,0,1,2.0,0.0
2,1932,3,True,0,2025-02-26,0,0.0,0.1,0.14,2,26,0,0,1,2.0,0.0
2,1936,3,True,0,2025-02-26,0,0.0,0.43,0.46,2,26,0,0,1,1.5714285714285714,0.0
2,1947,3,True,0,2025-02-26,15,1.0,0.09,0.13,2,26,0,0,1,1.2857142857142858,0.0
2,1962,3,True,0,2025-02-26,1,0.0,0.06,0.09,2,26,0,0,1,3.0,0.0
2,1965,3,True,0,2025-02-26,5,0.0,0.24,0.27,2,26,0,0,1,2.857142857142857,0.0
2,1992,3,True,0,2025-02-26,1,0.0,0.08,0.11,2,26,0,0,1,3.4285714285714284,0.0
2,1994,3,True,0,2025-02-26,0,2.0,0.03,0.03,2,26,0,0,1,3.2857142857142856,0.0
2,2017,3,True,0,2025-02-26,3,0.0,0.11,0.15,2,26,0,0,1,3.142857142857143,0.0
2,2019,3,True,0,2025-02-26,1,0.0,0.15,0.17,2,26,0,0,1,3.5714285714285716,0.0
2,2041,3,True,0,2025-02-26,0,0.0,0.06,0.08,2,26,0,0,1,3.7142857142857144,0.0
2,2043,3,True,0,2025-02-26,4,0.0,0.06,0.09,2,26,0,0,1,1.5714285714285714,0.0
2,2047,3,True,0,2025-02-26,1,0.0,0.12,0.14,2,26,0,0,1,2.0,0.0
2,2055,3,True,0,2025-02-26,2,0.0,0.1,0.11,2,26,0,0,1,1.4285714285714286,0.0
2,2084,3,True,0,2025-02-26,3,0.0,0.05,0.05,2,26,0,0,1,1.5714285714285714,0.0
2,2111,3,True,0,2025-02-26,3,0.0,0.29,0.36,2,26,0,0,1,2.0,0.0
2,2114,3,True,0,2025-02-26,1,0.0,0.06,0.08,2,26,0,0,1,2.0,0.0
2,2115,3,True,0,2025-02-26,6,0.0,0.49,0.47,2,26,0,0,1,2.0,0.0
2,2117,3,True,0,2025-02-26,2,0.0,0.14,0.17,2,26,0,0,1,2.857142857142857,0.0
2,2136,3,True,0,2025-02-26,2,0.0,0.27,0.31,2,26,0,0,1,2.5714285714285716,0.0
2,2146,3,True,0,2025-02-26,3,0.0,0.2,0.26,2,26,0,0,1,2.7142857142857144,0.0
2,2173,3,True,0,2025-02-26,4,0.0,0.03,0.04,2,26,0,0,1,2.857142857142857,0.0
2,2186,3,True,0,2025-02-26,1,0.0,0.25,0.27,2,26,0,0,1,3.0,0.0
2,2192,3,True,0,2025-02-26,0,0.0,0.07,0.1,2,26,0,0,1,2.7142857142857144,0.0
2,2201,3,True,0,2025-02-26,1,0.0,0.12,0.15,2,26,0,0,1,2.5714285714285716,0.0
2,2203,3,True,0,2025-02-26,1,0.0,0.15,0.2,2,26,0,0,1,1.8571428571428572,0.0
2,2206,3,True,0,2025-02-26,21,0.0,0.02,0.03,2,26,0,0,1,1.7142857142857142,0.0
2,2228,3,True,0,2025-02-26,0,0.0,0.16,0.21,2,26,0,0,1,4.428571428571429,0.0
2,2245,3,True,0,2025-02-26,1,0.0,0.2,0.22,2,26,0,0,1,4.0,0.0
2,2249,3,True,0,2025-02-26,2,0.0,0.06,0.07,2,26,0,0,1,3.5714285714285716,0.0
2,2265,3,True,0,2025-02-26,1,0.0,0.03,0.04,2,26,0,0,1,3.7142857142857144,0.0
2,2268,3,True,0,2025-02-26,2,1.0,0.14,0.2,2,26,0,0,1,3.857142857142857,0.0
2,2282,3,True,0,2025-02-26,1,0.0,0.08,0.11,2,26,0,0,1,4.0,0.0
2,2289,3,True,0,2025-02-26,3,0.0,0.08,0.1,2,26,0,0,1,4.0,0.0
2,2300,3,True,0,2025-02-26,0,0.0,0.23,0.28,2,26,0,0,1,1.4285714285714286,0.0
2,2314,3,True,0,2025-02-26,1,0.0,0.06,0.08,2,26,0,0,1,1.4285714285714286,0.0
2,2316,3,True,0,2025-02-26,1,0.0,0.08,0.09,2,26,0,0,1,1.4285714285714286,0.0
2,2347,3,True,0,2025-02-26,2,0.0,0.16,0.2,2,26,0,0,1,1.2857142857142858,0.0
2,2350,3,True,0,2025-02-26,1,0.0,0.04,0.05,2,26,0,0,1,1.4285714285714286,0.0
2,2385,3,True,0,2025-02-26,7,0.0,0.02,0.03,2,26,0,0,1,1.2857142857142858,0.0
2,2387,3,True,0,2025-02-26,0,0.0,0.1,0.16,2,26,0,0,1,2.142857142857143,0.0
2,2394,3,True,0,2025-02-26,1,0.0,0.12,0.16,2,26,0,0,1,1.7142857142857142,0.0
2,2402,3,True,0,2025-02-26,2,0.0,0.07,0.1,2,26,0,0,1,1.8571428571428572,0.0
2,2406,3,True,0,2025-02-26,2,0.0,0.29,0.43,2,26,0,0,1,2.0,0.0
2,2411,3,True,0,2025-02-26,3,0.0,0.16,0.2,2,26,0,0,1,2.142857142857143,0.0
2,2422,3,True,0,2025-02-26,1,0.0,0.28,0.31,2,26,0,0,1,2.2857142857142856,0.0
2,2426,3,True,0,2025-02-26,0,0.0,0.15,0.16,2,26,0,0,1,2.2857142857142856,0.0
2,2472,3,True,0,2025-02-26,1,0.0,0.09,0.12,2,26,0,0,1,1.2857142857142858,0.0
2,2496,3,True,0,2025-02-26,2,0.0,0.22,0.32,2,26,0,0,1,1.4285714285714286,0.0
2,2501,3,True,0,2025-02-26,1,0.0,0.09,0.11,2,26,0,0,1,1.5714285714285714,0.0
2,2505,3,True,0,2025-02-26,2,0.0,0.09,0.11,2,26,0,0,1,1.4285714285714286,0.0
2,2521,3,True,0,2025-02-26,1,0.0,0.43,0.51,2,26,0,0,1,1.4285714285714286,0.0
2,2524,3,True,0,2025-02-26,1,0.0,0.29,0.37,2,26,0,0,1,1.1428571428571428,0.0
2,2532,3,True,0,2025-02-26,1,0.0,0.12,0.11,2,26,0,0,1,1.1428571428571428,0.0
2,2533,3,True,0,2025-02-26,2,0.0,0.34,0.36,2,26,0,0,1,1.2857142857142858,0.0
2,2555,3,True,0,2025-02-26,1,0.0,0.03,0.04,2,26,0,0,1,1.4285714285714286,0.0
2,2572,3,True,0,2025-02-26,0,0.0,0.34,0.45,2,26,0,0,1,1.2857142857142858,0.0
2,2573,3,True,0,2025-02-26,2,0.0,0.23,0.31,2,26,0,0,1,1.1428571428571428,0.0
2,2575,3,True,0,2025-02-26,3,0.0,0.02,0.03,2,26,0,0,1,1.1428571428571428,0.0
2,2578,3,True,0,2025-02-26,3,0.0,0.04,0.06,2,26,0,0,1,1.4285714285714286,0.0
2,2593,3,True,0,2025-02-26,3,0.0,0.01,0.02,2,26,0,0,1,1.7142857142857142,0.0
2,2594,3,True,0,2025-02-26,1,0.0,0.24,0.27,2,26,0,0,1,2.0,0.0
2,2596,3,True,0,2025-02-26,0,0.0,0.22,0.19,2,26,0,0,1,1.8571428571428572,0.0
2,2626,3,True,0,2025-02-26,1,0.0,0.25,0.37,2,26,0,0,1,1.7142857142857142,0.0
2,2637,3,True,0,2025-02-26,2,0.0,0.15,0.18,2,26,0,0,1,1.8571428571428572,0.0
2,2650,3,True,0,2025-02-26,1,0.0,0.07,0.09,2,26,0,0,1,1.8571428571428572,0.0
2,2663,3,True,0,2025-02-26,1,0.0,0.54,0.64,2,26,0,0,1,1.5714285714285714,0.0
2,2664,3,True,0,2025-02-26,3,0.0,0.19,0.24,2,26,0,0,1,1.2857142857142858,0.0
2,2668,3,True,0,2025-02-26,5,0.0,0.22,0.28,2,26,0,0,1,1.2857142857142858,0.0
2,2710,3,True,0,2025-02-26,2,0.0,0.06,0.09,2,26,0,0,1,1.8571428571428572,0.0
2,2715,3,True,0,2025-02-26,0,0.0,0.04,0.05,2,26,0,0,1,2.142857142857143,0.0
2,2741,3,True,0,2025-02-26,2,0.0,0.17,0.2,2,26,0,0,1,2.0,0.0
2,2746,3,True,0,2025-02-26,2,0.0,0.15,0.2,2,26,0,0,1,2.0,0.0
2,2768,3,True,0,2025-02-26,3,0.0,0.08,0.12,2,26,0,0,1,2.142857142857143,0.0
2,2814,3,True,0,2025-02-26,1,0.0,0.1,0.14,2,26,0,0,1,2.4285714285714284,0.0
2,2826,3,True,0,2025-02-26,2,0.0,0.06,0.1,2,26,0,0,1,2.142857142857143,0.0
2,2827,3,True,0,2025-02-26,1,0.0,0.34,0.37,2,26,0,0,1,1.7142857142857142,0.0
2,2861,3,True,0,2025-02-26,1,0.0,0.09,0.11,2,26,0,0,1,1.5714285714285714,0.0
2,2862,3,True,0,2025-02-26,1,0.0,0.32,0.38,2,26,0,0,1,1.7142857142857142,0.0
2,2864,3,True,0,2025-02-26,19,0.0,0.06,0.07,2,26,0,0,1,1.5714285714285714,0.0
2,2866,3,True,0,2025-02-26,2,0.0,0.25,0.29,2,26,0,0,1,4.0,0.0
2,2902,3,True,0,2025-02-26,3,0.0,0.04,0.05,2,26,0,0,1,3.857142857142857,0.0
2,2910,3,True,0,2025-02-26,0,0.0,0.25,0.32,2,26,0,0,1,4.142857142857143,0.0
2,2911,3,True,0,2025-02-26,2,0.0,0.27,0.36,2,26,0,0,1,3.857142857142857,0.0
2,2951,3,True,0,2025-02-26,3,0.0,0.07,0.09,2,26,0,0,1,4.0,0.0
2,2954,3,True,0,2025-02-26,5,0.0,0.05,0.07,2,26,0,0,1,4.285714285714286,0.0
2,2958,3,True,0,2025-02-26,0,0.0,0.04,0.05,2,26,0,0,1,4.857142857142857,0.0
2,2974,3,True,0,2025-02-26,4,0.0,0.12,0.15,2,26,0,0,1,2.142857142857143,0.0
2,2975,3,True,0,2025-02-26,2,0.0,0.14,0.14,2,26,0,0,1,2.4285714285714284,0.0
2,2980,3,True,0,2025-02-26,3,0.0,0.06,0.07,2,26,0,0,1,2.2857142857142856,0.0
2,3022,3,True,0,2025-02-26,3,0.0,0.2,0.23,2,26,0,0,1,2.7142857142857144,0.0
2,3052,3,True,0,2025-02-26,1,0.0,0.16,0.22,2,26,0,0,1,2.857142857142857,0.0
2,3061,3,True,0,2025-02-26,3,0.0,0.03,0.05,2,26,0,0,1,2.5714285714285716,0.0
2,3069,3,True,0,2025-02-26,2,0.0,0.14,0.18,2,26,0,0,1,2.2857142857142856,0.0
2,3074,3,True,0,2025-02-26,0,0.0,0.12,0.16,2,26,0,0,1,2.5714285714285716,0.0
2,3077,3,True,0,2025-02-26,3,0.0,0.44,0.68,2,26,0,0,1,2.0,0.0
2,3079,3,True,0,2025-02-26,1,0.0,0.1,0.11,2,26,0,0,1,2.142857142857143,0.0
2,3083,3,True,0,2025-02-26,2,0.0,0.06,0.08,2,26,0,0,1,1.8571428571428572,0.0
2,3104,3,True,0,2025-02-26,5,0.0,0.24,0.24,2,26,0,0,1,1.7142857142857142,0.0
2,3116,3,True,0,2025-02-26,3,0.0,0.09,0.13,2,26,0,0,1,2.2857142857142856,0.0
2,3117,3,True,0,2025-02-26,2,0.0,0.05,0.06,2,26,0,0,1,2.2857142857142856,0.0
2,3119,3,True,0,2025-02-26,2,0.0,0.09,0.12,2,26,0,0,1,2.2857142857142856,0.0
2,3165,3,True,0,2025-02-26,0,1.0,0.07,0.1,2,26,0,0,1,2.5714285714285716,0.0
2,3208,3,True,0,2025-02-26,2,0.0,0.07,0.1,2,26,0,0,1,2.142857142857143,0.0
2,3212,3,True,0,2025-02-26,0,0.0,0.08,0.1,2,26,0,0,1,2.2857142857142856,0.0
2,3219,3,True,0,2025-02-26,4,0.0,0.08,0.11,2,26,0,0,1,2.0,0.0
2,3234,3,True,0,2025-02-26,5,0.0,0.13,0.17,2,26,0,0,1,1.8571428571428572,0.0
2,3242,3,True,0,2025-02-26,2,0.0,0.05,0.07,2,26,0,0,1,2.142857142857143,0.0
2,3263,3,True,0,2025-02-26,1,0.0,0.3,0.39,2,26,0,0,1,2.142857142857143,0.0
2,3266,3,True,0,2025-02-26,3,0.0,0.08,0.12,2,26,0,0,1,2.0,0.0
2,3276,3,True,0,2025-02-26,4,0.0,0.1,0.12,2,26,0,0,1,2.4285714285714284,0.0
2,3286,3,True,0,2025-02-26,2,0.0,0.22,0.29,2,26,0,0,1,2.7142857142857144,0.0
2,3347,3,True,0,2025-02-26,2,0.0,0.1,0.12,2,26,0,0,1,3.0,0.0
2,3358,3,True,0,2025-02-26,2,0.0,0.17,0.29,2,26,0,0,1,2.7142857142857144,0.0
2,3363,3,True,0,2025-02-26,1,0.0,0.18,0.22,2,26,0,0,1,2.2857142857142856,0.0
2,3369,3,True,0,2025-02-26,2,0.0,0.06,0.08,2,26,0,0,1,2.142857142857143,0.0
2,3393,3,True,0,2025-02-26,1,0.0,0.07,0.08,2,26,0,0,1,2.2857142857142856,0.0
2,3452,3,True,0,2025-02-26,2,0.0,0.14,0.13,2,26,0,0,1,2.0,0.0
2,3495,3,True,0,2025-02-26,4,0.0,0.08,0.12,2,26,0,0,1,1.7142857142857142,0.0
2,3502,3,True,0,2025-02-26,0,0.0,0.08,0.11,2,26,0,0,1,2.0,0.0
2,3523,3,True,0,2025-02-26,1,0.0,0.17,0.22,2,26,0,0,1,1.7142857142857142,0.0
2,3527,3,True,0,2025-02-26,3,0.0,0.15,0.19,2,26,0,0,1,1.5714285714285714,0.0
2,3538,3,True,0,2025-02-26,2,0.0,0.02,0.05,2,26,0,0,1,1.8571428571428572,0.0
2,3546,3,True,0,2025-02-26,1,0.0,0.12,0.16,2,26,0,0,1,1.8571428571428572,0.0
2,3549,3,True,0,2025-02-26,3,0.0,0.15,0.19,2,26,0,0,1,1.8571428571428572,0.0
2,3560,3,True,0,2025-02-26,1,0.0,0.2,0.24,2,26,0,0,1,2.0,0.0
2,3589,3,True,0,2025-02-26,1,0.0,0.09,0.11,2,26,0,0,1,1.5714285714285714,0.0
2,3609,3,True,0,2025-02-26,2,0.0,0.04,0.05,2,26,0,0,1,1.7142857142857142,0.0
2,3641,3,True,0,2025-02-26,1,0.0,0.07,0.09,2,26,0,0,1,1.8571428571428572,0.0
2,3642,3,True,0,2025-02-26,1,0.0,0.42,0.44,2,26,0,0,1,1.5714285714285714,0.0
2,3653,3,True,0,2025-02-26,1,0.0,0.25,0.34,2,26,0,0,1,1.4285714285714286,0.0
2,3701,3,True,0,2025-02-26,3,0.0,0.23,0.26,2,26,0,0,1,1.4285714285714286,0.0
2,3708,3,True,0,2025-02-26,3,0.0,0.02,0.03,2,26,0,0,1,1.4285714285714286,0.0
2,3726,3,True,0,2025-02-26,0,0.0,0.1,0.13,2,26,0,0,1,1.7142857142857142,0.0
2,3746,3,True,0,2025-02-26,2,0.0,0.06,0.08,2,26,0,0,1,1.5714285714285714,0.0
2,3749,3,True,0,2025-02-26,1,1.0,0.08,0.11,2,26,0,0,1,1.5714285714285714,0.0
2,3769,3,True,0,2025-02-26,3,0.0,0.27,0.32,2,26,0,0,1,1.5714285714285714,0.0
2,3798,3,True,0,2025-02-26,1,0.0,0.04,0.05,2,26,0,0,1,1.8571428571428572,0.0
2,3803,3,True,0,2025-02-26,1,0.0,0.14,0.17,2,26,0,0,1,1.8571428571428572,0.0
2,3834,3,True,0,2025-02-26,2,0.0,0.04,0.06,2,26,0,0,1,1.5714285714285714,0.0
2,3839,3,True,0,2025-02-26,0,1.0,0.05,0.09,2,26,0,0,1,1.4285714285714286,0.0
2,3852,3,True,0,2025-02-26,1,0.0,0.24,0.31,2,26,0,0,1,1.4285714285714286,0.0
2,3864,3,True,0,2025-02-26,2,0.0,0.06,0.08,2,26,0,0,1,1.2857142857142858,0.0
2,3877,3,True,0,2025-02-26,20,0.0,0.01,0.02,2,26,0,0,1,1.4285714285714286,0.0
2,3891,3,True,0,2025-02-26,2,0.0,0.17,0.17,2,26,0,0,1,3.857142857142857,0.0
2,3893,3,True,0,2025-02-26,0,0.0,0.08,0.1,2,26,0,0,1,4.0,0.0
2,3909,3,True,0,2025-02-26,2,0.0,0.08,0.1,2,26,0,0,1,3.857142857142857,0.0
2,3911,3,True,0,2025-02-26,1,0.0,0.08,0.11,2,26,0,0,1,3.857142857142857,0.0
2,3915,3,True,0,2025-02-26,2,0.0,0.1,0.13,2,26,0,0,1,4.0,0.0
2,3922,3,True,0,2025-02-26,1,0.0,0.03,0.04,2,26,0,0,1,4.142857142857143,0.0
2,3934,3,True,0,2025-02-26,3,0.0,0.38,0.43,2,26,0,0,1,4.0,0.0
2,3951,3,True,0,2025-02-26,1,0.0,0.39,0.33,2,26,0,0,1,1.5714285714285714,0.0
2,3982,3,True,0,2025-02-26,2,0.0,0.17,0.19,2,26,0,0,1,1.4285714285714286,0.0
2,4002,3,True,0,2025-02-26,5,0.0,0.05,0.08,2,26,0,0,1,1.7142857142857142,0.0
2,4011,3,True,0,2025-02-26,1,0.0,0.07,0.11,2,26,0,0,1,2.142857142857143,0.0
2,4033,3,True,0,2025-02-26,1,0.0,0.11,0.14,2,26,0,0,1,2.142857142857143,0.0
2,4041,3,True,0,2025-02-26,3,0.0,0.04,0.05,2,26,0,0,1,2.0,0.0
2,4062,3,True,0,2025-02-26,2,0.0,0.12,0.19,2,26,0,0,1,2.2857142857142856,0.0
2,4097,3,True,0,2025-02-26,10,0.0,0.03,0.04,2,26,0,0,1,2.142857142857143,0.0
2,4119,3,True,0,2025-02-26,1,0.0,0.16,0.15,2,26,0,0,1,3.4285714285714284,0.0
2,4120,3,True,0,2025-02-26,5,0.0,0.16,0.17,2,26,0,0,1,3.2857142857142856,0.0
2,4167,3,True,0,2025-02-26,2,0.0,0.33,0.37,2,26,0,0,1,3.2857142857142856,0.0
2,4179,3,True,0,2025-02-26,0,0.0,0.12,0.17,2,26,0,0,1,3.4285714285714284,0.0
2,4191,3,True,0,2025-02-26,1,0.0,0.12,0.17,2,26,0,0,1,3.2857142857142856,0.0
2,4192,3,True,0,2025-02-26,2,0.0,0.18,0.19,2,26,0,0,1,3.0,0.0
2,4203,3,True,0,2025-02-26,1,0.0,0.04,0.06,2,26,0,0,1,3.0,0.0
2,4207,3,True,0,2025-02-26,2,0.0,0.11,0.14,2,26,0,0,1,1.7142857142857142,0.0
2,4210,3,True,0,2025-02-26,2,0.0,0.28,0.34,2,26,0,0,1,1.8571428571428572,0.0
2,4230,3,True,0,2025-02-26,2,0.0,0.13,0.16,2,26,0,0,1,1.4285714285714286,0.0
2,4239,3,True,0,2025-02-26,0,0.0,0.05,0.11,2,26,0,0,1,1.4285714285714286,0.0
2,4242,3,True,0,2025-02-26,2,0.0,0.32,0.39,2,26,0,0,1,1.4285714285714286,0.0
2,4246,3,True,0,2025-02-26,1,0.0,0.26,0.33,2,26,0,0,1,1.5714285714285714,0.0
2,4248,3,True,0,2025-02-26,1,0.0,0.24,0.33,2,26,0,0,1,1.4285714285714286,0.0
2,4260,3,True,0,2025-02-26,5,0.0,0.06,0.07,2,26,0,0,1,1.4285714285714286,0.0
2,4269,3,True,0,2025-02-26,1,0.0,0.08,0.1,2,26,0,0,1,1.8571428571428572,0.0
2,4277,3,True,0,2025-02-26,0,0.0,0.04,0.04,2,26,0,0,1,1.7142857142857142,0.0
2,4302,3,True,0,2025-02-26,1,0.0,0.57,0.64,2,26,0,0,1,1.4285714285714286,0.0
2,4315,3,True,0,2025-02-26,2,0.0,0.12,0.17,2,26,0,0,1,1.5714285714285714,0.0
2,4339,3,True,0,2025-02-26,3,0.0,0.23,0.32,2,26,0,0,1,1.5714285714285714,0.0
2,4357,3,True,0,2025-02-26,0,0.0,0.07,0.09,2,26,0,0,1,1.8571428571428572,0.0
2,4369,3,True,0,2025-02-26,1,0.0,0.38,0.53,2,26,0,0,1,1.7142857142857142,0.0
2,4381,3,True,0,2025-02-26,1,0.0,0.14,0.19,2,26,0,0,1,1.1428571428571428,0.0
2,4397,3,True,0,2025-02-26,2,0.0,0.09,0.16,2,26,0,0,1,1.1428571428571428,0.0
2,4409,3,True,0,2025-02-26,1,0.0,0.09,0.12,2,26,0,0,1,1.4285714285714286,0.0
2,4469,3,True,0,2025-02-26,1,0.0,0.26,0.32,2,26,0,0,1,1.4285714285714286,0.0
2,4475,3,True,0,2025-02-26,1,0.0,0.06,0.08,2,26,0,0,1,1.2857142857142858,0.0
2,4517,3,True,0,2025-02-26,3,0.0,0.29,0.29,2,26,0,0,1,1.0,0.0
2,4521,3,True,0,2025-02-26,4,0.0,0.22,0.29,2,26,0,0,1,1.4285714285714286,0.0
2,4524,3,True,0,2025-02-26,2,0.0,0.17,0.2,2,26,0,0,1,1.8571428571428572,0.0
2,4527,3,True,0,2025-02-26,1,0.0,0.1,0.12,2,26,0,0,1,2.0,0.0
2,4540,3,True,0,2025-02-26,2,0.0,0.04,0.06,2,26,0,0,1,1.8571428571428572,0.0
2,4546,3,True,0,2025-02-26,2,0.0,0.1,0.15,2,26,0,0,1,2.0,0.0
2,4563,3,True,0,2025-02-26,1,0.0,0.15,0.18,2,26,0,0,1,2.142857142857143,0.0
2,4572,3,True,0,2025-02-26,3,0.0,0.09,0.12,2,26,0,0,1,2.142857142857143,0.0
2,4582,3,True,0,2025-02-26,2,0.0,0.4,0.49,2,26,0,0,1,2.142857142857143,0.0
2,4640,3,True,0,2025-02-26,2,1.0,0.25,0.33,2,26,0,0,1,1.8571428571428572,0.0
2,4675,3,True,0,2025-02-26,2,0.0,0.1,0.16,2,26,0,0,1,1.8571428571428572,0.0
2,4683,3,True,0,2025-02-26,3,0.0,0.03,0.05,2,26,0,0,1,2.0,0.0
2,4689,3,True,0,2025-02-26,0,0.0,0.11,0.12,2,26,0,0,1,2.142857142857143,0.0
2,4699,3,True,0,2025-02-26,3,0.0,0.07,0.1,2,26,0,0,1,1.8571428571428572,0.0
2,4704,3,True,0,2025-02-26,0,0.0,0.24,0.36,2,26,0,0,1,2.142857142857143,0.0
2,4725,3,True,0,2025-02-26,2,0.0,0.09,0.11,2,26,0,0,1,1.7142857142857142,0.0
2,4744,3,True,0,2025-02-26,13,0.0,0.04,0.05,2,26,0,0,1,1.7142857142857142,0.0
2,4757,3,True,0,2025-02-26,2,0.0,0.16,0.19,2,26,0,0,1,3.2857142857142856,0.0
2,4765,3,True,0,2025-02-26,5,0.0,0.12,0.17,2,26,0,0,1,3.2857142857142856,0.0
2,4769,3,True,0,2025-02-26,1,0.0,0.5,0.64,2,26,0,0,1,3.5714285714285716,0.0
2,4782,3,True,0,2025-02-26,0,0.0,0.14,0.17,2,26,0,0,1,3.7142857142857144,0.0
2,4783,3,True,0,2025-02-26,2,0.0,0.27,0.37,2,26,0,0,1,3.2857142857142856,0.0
2,4790,3,True,0,2025-02-26,2,0.0,0.09,0.11,2,26,0,0,1,3.5714285714285716,0.0
2,4794,3,True,0,2025-02-26,1,0.0,0.06,0.08,2,26,0,0,1,3.5714285714285716,0.0
2,4802,3,True,0,2025-02-26,4,0.0,0.16,0.17,2,26,0,0,1,1.8571428571428572,0.0
2,4803,3,True,0,2025-02-26,0,0.0,0.66,0.62,2,26,0,0,1,2.142857142857143,0.0
2,4816,3,True,0,2025-02-26,13,0.0,0.11,0.14,2,26,0,0,1,1.4285714285714286,0.0
2,4820,3,True,0,2025-02-26,3,0.0,0.06,0.07,2,26,0,0,1,3.142857142857143,0.0
2,4833,3,True,0,2025-02-26,1,0.0,0.22,0.28,2,26,0,0,1,3.5714285714285716,0.0
2,4848,3,True,0,2025-02-26,2,0.0,0.07,0.08,2,26,0,0,1,3.4285714285714284,0.0
2,4852,3,True,0,2025-02-26,1,0.0,0.2,0.21,2,26,0,0,1,3.4285714285714284,0.0
2,4859,3,True,0,2025-02-26,1,0.0,0.05,0.06,2,26,0,0,1,3.4285714285714284,0.0
2,4870,3,True,0,2025-02-26,1,2.0,0.1,0.13,2,26,0,0,1,3.0,0.0
2,4878,3,True,0,2025-02-26,2,1.0,0.1,0.13,2,26,0,0,1,3.142857142857143,0.0
2,4883,3,True,0,2025-02-26,1,0.0,0.12,0.13,2,26,0,0,1,1.5714285714285714,0.0
2,4885,3,True,0,2025-02-26,3,0.0,0.06,0.08,2,26,0,0,1,1.2857142857142858,0.0
2,4886,3,True,0,2025-02-26,1,0.0,0.16,0.23,2,26,0,0,1,1.5714285714285714,0.0
2,4888,3,True,0,2025-02-26,2,0.0,0.17,0.18,2,26,0,0,1,1.4285714285714286,0.0
2,4908,3,True,0,2025-02-26,2,0.0,0.16,0.19,2,26,0,0,1,1.5714285714285714,0.0
2,4934,3,True,0,2025-02-26,6,0.0,0.07,0.09,2,26,0,0,1,1.7142857142857142,0.0
2,4938,3,True,0,2025-02-26,1,0.0,0.54,0.59,2,26,0,0,1,2.4285714285714284,0.0
2,4948,3,True,0,2025-02-26,2,0.0,0.12,0.18,2,26,0,0,1,2.2857142857142856,0.0
2,4957,3,True,0,2025-02-26,0,0.0,0.11,0.13,2,26,0,0,1,2.4285714285714284,0.0
2,4971,3,True,0,2025-02-26,1,0.0,0.29,0.36,2,26,0,0,1,2.0,0.0
2,4976,3,True,0,2025-02-26,4,0.0,0.04,0.06,2,26,0,0,1,2.0,0.0
2,4981,3,True,0,2025-02-26,1,0.0,0.15,0.18,2,26,0,0,1,2.2857142857142856,0.0
2,4984,3,True,0,2025-02-26,1,0.0,0.06,0.08,2,26,0,0,1,2.142857142857143,0.0
2,4986,3,True,0,2025-02-26,1,0.0,0.05,0.06,2,26,0,0,1,1.4285714285714286,0.0
2,5004,3,True,0,2025-02-26,2,0.0,0.05,0.06,2,26,0,0,1,1.4285714285714286,0.0
2,5024,3,True,0,2025-02-26,1,0.0,0.1,0.12,2,26,0,0,1,1.4285714285714286,0.0
2,5074,3,True,0,2025-02-26,1,0.0,0.23,0.29,2,26,0,0,1,1.5714285714285714,0.0
2,5094,3,True,0,2025-02-26,2,0.0,0.05,0.08,2,26,0,0,1,1.5714285714285714,0.0
2,5095,3,True,0,2025-02-26,1,0.0,0.03,0.04,2,26,0,0,1,1.2857142857142858,0.0
2,5101,3,True,0,2025-02-26,3,0.0,0.01,0.02,2,26,0,0,1,1.2857142857142858,0.0
2,5105,3,True,0,2025-02-26,1,0.0,0.15,0.17,2,26,0,0,1,1.5714285714285714,0.0
2,5119,3,True,0,2025-02-26,0,0.0,0.06,0.09,2,26,0,0,1,1.5714285714285714,0.0
2,5125,3,True,0,2025-02-26,6,0.0,0.06,0.07,2,26,0,0,1,1.2857142857142858,0.0
2,5139,3,True,0,2025-02-26,1,0.0,0.2,0.26,2,26,0,0,1,2.0,0.0
2,5209,3,True,0,2025-02-26,1,0.0,0.35,0.43,2,26,0,0,1,2.0,0.0
2,5221,3,True,0,2025-02-26,2,0.0,0.05,0.06,2,26,0,0,1,1.8571428571428572,0.0
2,5261,3,True,0,2025-02-26,1,0.0,0.15,0.19,2,26,0,0,1,2.0,0.0
2,5262,3,True,0,2025-02-26,2,0.0,0.04,0.06,2,26,0,0,1,1.7142857142857142,0.0
2,5280,3,True,0,2025-02-26,1,0.0,0.09,0.12,2,26,0,0,1,1.8571428571428572,0.0
2,5281,3,True,0,2025-02-26,1,1.0,0.27,0.28,2,26,0,0,1,2.0,0.0
2,2,4,False,0,2025-02-26,2,0.0,0.02,0.04,2,26,0,0,1,1.2857142857142858,0.0
2,17,4,False,0,2025-02-26,2,0.0,0.06,0.09,2,26,0,0,1,1.4285714285714286,0.0
2,26,4,False,0,2025-02-26,6,0.0,0.04,0.06,2,26,0,0,1,1.5714285714285714,0.0
2,38,4,False,0,2025-02-26,1,0.0,0.12,0.17,2,26,0,0,1,2.142857142857143,0.0
2,64,4,False,0,2025-02-26,3,0.0,0.01,0.02,2,26,0,0,1,2.142857142857143,0.0
2,88,4,False,0,2025-02-26,0,0.0,0.02,0.03,2,26,0,0,1,2.2857142857142856,0.0
2,99,4,False,0,2025-02-26,2,0.0,0.02,0.05,2,26,0,0,1,2.142857142857143,0.0
2,100,4,False,0,2025-02-26,2,0.0,0.04,0.05,2,26,0,0,1,2.2857142857142856,0.0
2,145,4,False,0,2025-02-26,3,0.0,0.06,0.1,2,26,0,0,1,2.2857142857142856,0.0
2,168,4,False,0,2025-02-26,3,0.0,0.04,0.06,2,26,0,0,1,2.4285714285714284,0.0
2,175,4,False,0,2025-02-26,1,1.0,0.03,0.06,2,26,0,0,1,2.0,0.0
2,178,4,False,0,2025-02-26,0,0.0,0.0,0.0,2,26,0,0,1,2.0,0.0
2,182,4,False,0,2025-02-26,1,0.0,0.03,0.05,2,26,0,0,1,1.5714285714285714,0.0
2,185,4,False,0,2025-02-26,3,0.0,0.02,0.03,2,26,0,0,1,1.7142857142857142,0.0
2,205,4,False,0,2025-02-26,5,0.0,0.1,0.14,2,26,0,0,1,1.8571428571428572,0.0
2,235,4,False,0,2025-02-26,2,0.0,0.06,0.08,2,26,0,0,1,2.2857142857142856,0.0
2,255,4,False,0,2025-02-26,0,0.0,0.03,0.03,2,26,0,0,1,2.142857142857143,0.0
2,272,4,False,0,2025-02-26,2,0.0,0.03,0.05,2,26,0,0,1,1.7142857142857142,0.0
2,290,4,False,0,2025-02-26,3,0.0,0.06,0.08,2,26,0,0,1,1.8571428571428572,0.0
2,292,4,False,0,2025-02-26,3,0.0,0.04,0.05,2,26,0,0,1,2.2857142857142856,0.0
2,306,4,False,0,2025-02-26,2,0.0,0.04,0.06,2,26,0,0,1,2.5714285714285716,0.0
2,314,4,False,0,2025-02-26,0,0.0,0.03,0.05,2,26,0,0,1,2.4285714285714284,0.0
2,328,4,False,0,2025-02-26,1,0.0,0.07,0.09,2,26,0,0,1,1.7142857142857142,0.0
2,338,4,False,0,2025-02-26,3,0.0,0.05,0.07,2,26,0,0,1,1.5714285714285714,0.0
2,350,4,False,0,2025-02-26,4,0.0,0.03,0.05,2,26,0,0,1,2.0,0.0
2,362,4,False,0,2025-02-26,1,0.0,0.02,0.03,2,26,0,0,1,2.2857142857142856,0.0
2,370,4,False,0,2025-02-26,2,0.0,0.03,0.05,2,26,0,0,1,2.0,0.0
2,372,4,False,0,2025-02-26,0,0.0,0.02,0.04,2,26,0,0,1,1.8571428571428572,0.0
2,447,4,False,0,2025-02-26,2,0.0,0.06,0.08,2,26,0,0,1,1.5714285714285714,0.0
2,464,4,False,0,2025-02-26,1,0.0,0.02,0.03,2,26,0,0,1,1.8571428571428572,0.0
2,482,4,False,0,2025-02-26,1,0.0,0.02,0.04,2,26,0,0,1,1.8571428571428572,0.0
2,524,4,False,0,2025-02-26,4,0.0,0.02,0.03,2,26,0,0,1,1.5714285714285714,0.0
2,552,4,False,0,2025-02-26,3,0.0,0.07,0.1,2,26,0,0,1,1.5714285714285714,0.0
2,560,4,False,0,2025-02-26,0,1.0,0.02,0.03,2,26,0,0,1,1.8571428571428572,0.0
2,584,4,False,0,2025-02-26,1,0.0,0.05,0.08,2,26,0,0,1,1.5714285714285714,0.0
2,595,4,False,0,2025-02-26,4,0.0,0.07,0.13,2,26,0,0,1,1.7142857142857142,0.0
2,613,4,False,0,2025-02-26,2,0.0,0.02,0.04,2,26,0,0,1,2.0,0.0
2,621,4,False,0,2025-02-26,2,0.0,0.05,0.1,2,26,0,0,1,2.142857142857143,0.0
2,622,4,False,0,2025-02-26,3,0.0,0.02,0.04,2,26,0,0,1,2.2857142857142856,0.0
2,676,4,False,0,2025-02-26,3,0.0,0.08,0.12,2,26,0,0,1,2.142857142857143,0.0
2,700,4,False,0,2025-02-26,3,0.0,0.03,0.05,2,26,0,0,1,2.142857142857143,0.0
2,723,4,False,0,2025-02-26,1,0.0,0.03,0.04,2,26,0,0,1,2.5714285714285716,0.0
2,726,4,False,0,2025-02-26,3,0.0,0.04,0.05,2,26,0,0,1,2.5714285714285716,0.0
2,731,4,False,0,2025-02-26,1,0.0,0.19,0.18,2,26,0,0,1,2.4285714285714284,0.0
2,736,4,False,0,2025-02-26,8,0.0,0.04,0.06,2,26,0,0,1,2.2857142857142856,0.0
2,749,4,False,0,2025-02-26,2,0.0,0.08,0.14,2,26,0,0,1,3.142857142857143,0.0
2,761,4,False,0,2025-02-26,1,0.0,0.02,0.02,2,26,0,0,1,3.0,0.0
2,824,4,False,0,2025-02-26,8,0.0,0.01,0.01,2,26,0,0,1,2.7142857142857144,0.0
2,826,4,False,0,2025-02-26,2,0.0,0.05,0.06,2,26,0,0,1,3.4285714285714284,0.0
2,845,4,False,0,2025-02-26,3,0.0,0.07,0.1,2,26,0,0,1,3.5714285714285716,0.0
2,849,4,False,0,2025-02-26,1,0.0,0.04,0.07,2,26,0,0,1,3.5714285714285716,0.0
2,852,4,False,0,2025-02-26,0,0.0,0.02,0.04,2,26,0,0,1,3.5714285714285716,0.0
2,871,4,False,0,2025-02-26,3,0.0,0.05,0.07,2,26,0,0,1,2.4285714285714284,0.0
2,880,4,False,0,2025-02-26,7,0.0,0.04,0.07,2,26,0,0,1,2.5714285714285716,0.0
2,883,4,False,0,2025-02-26,3,0.0,0.02,0.05,2,26,0,0,1,3.4285714285714284,0.0
2,892,4,False,0,2025-02-26,3,0.0,0.02,0.03,2,26,0,0,1,2.7142857142857144,0.0
2,953,4,False,0,2025-02-26,2,0.0,0.01,0.02,2,26,0,0,1,2.857142857142857,0.0
2,989,4,False,0,2025-02-26,0,0.0,0.02,0.03,2,26,0,0,1,2.7142857142857144,0.0
2,1003,4,False,0,2025-02-26,1,1.0,0.02,0.03,2,26,0,0,1,2.5714285714285716,0.0
2,1009,4,False,0,2025-02-26,3,0.0,0.21,0.26,2,26,0,0,1,2.7142857142857144,0.0
2,1013,4,False,0,2025-02-26,3,0.0,0.08,0.11,2,26,0,0,1,2.7142857142857144,0.0
2,1040,4,False,0,2025-02-26,6,0.0,0.03,0.04,2,26,0,0,1,2.142857142857143,0.0
2,1041,4,False,0,2025-02-26,2,0.0,0.05,0.07,2,26,0,0,1,2.5714285714285716,0.0
2,1066,4,False,0,2025-02-26,2,0.0,0.01,0.02,2,26,0,0,1,2.4285714285714284,0.0
2,1069,4,False,0,2025-02-26,1,0.0,0.07,0.09,2,26,0,0,1,2.4285714285714284,0.0
2,1077,4,False,0,2025-02-26,1,0.0,0.06,0.09,2,26,0,0,1,2.5714285714285716,0.0
2,1090,4,False,0,2025-02-26,1,0.0,0.04,0.05,2,26,0,0,1,2.5714285714285716,0.0
2,1092,4,False,0,2025-02-26,2,0.0,0.02,0.03,2,26,0,0,1,2.2857142857142856,0.0
2,1111,4,False,0,2025-02-26,0,0.0,0.06,0.07,2,26,0,0,1,2.142857142857143,0.0
2,1119,4,False,0,2025-02-26,2,0.0,0.04,0.09,2,26,0,0,1,1.2857142857142858,0.0
2,1123,4,False,0,2025-02-26,2,1.0,0.0,0.01,2,26,0,0,1,1.2857142857142858,0.0
2,1137,4,False,0,2025-02-26,2,0.0,0.03,0.04,2,26,0,0,1,1.2857142857142858,0.0
2,1182,4,False,0,2025-02-26,3,0.0,0.02,0.02,2,26,0,0,1,1.4285714285714286,0.0
2,1245,4,False,0,2025-02-26,3,0.0,0.04,0.05,2,26,0,0,1,1.7142857142857142,0.0
2,1248,4,False,0,2025-02-26,6,0.0,0.01,0.01,2,26,0,0,1,2.0,0.0
2,1257,4,False,0,2025-02-26,1,0.0,0.1,0.15,2,26,0,0,1,2.5714285714285716,0.0
2,1268,4,False,0,2025-02-26,2,0.0,0.06,0.08,2,26,0,0,1,2.7142857142857144,0.0
2,1316,4,False,0,2025-02-26,4,0.0,0.03,0.05,2,26,0,0,1,2.7142857142857144,0.0
2,1321,4,False,0,2025-02-26,2,0.0,0.03,0.04,2,26,0,0,1,3.0,0.0
2,1329,4,False,0,2025-02-26,4,0.0,0.01,0.02,2,26,0,0,1,3.0,0.0
2,1369,4,False,0,2025-02-26,2,0.0,0.02,0.03,2,26,0,0,1,3.142857142857143,0.0
2,1373,4,False,0,2025-02-26,3,0.0,0.05,0.06,2,26,0,0,1,3.0,0.0
2,1394,4,False,0,2025-02-26,4,0.0,0.02,0.02,2,26,0,0,1,2.5714285714285716,0.0
2,1402,4,False,0,2025-02-26,3,0.0,0.03,0.05,2,26,0,0,1,3.0,0.0
2,1417,4,False,0,2025-02-26,2,0.0,0.06,0.08,2,26,0,0,1,3.142857142857143,0.0
2,1420,4,False,0,2025-02-26,1,0.0,0.04,0.06,2,26,0,0,1,2.857142857142857,0.0
2,1428,4,False,0,2025-02-26,0,0.0,0.03,0.04,2,26,0,0,1,2.7142857142857144,0.0
2,1436,4,False,0,2025-02-26,1,0.0,0.05,0.07,2,26,0,0,1,2.142857142857143,0.0
2,1473,4,False,0,2025-02-26,2,0.0,0.06,0.09,2,26,0,0,1,2.0,0.0
2,1481,4,False,0,2025-02-26,1,0.0,0.04,0.07,2,26,0,0,1,1.8571428571428572,0.0
2,1493,4,False,0,2025-02-26,2,0.0,0.06,0.07,2,26,0,0,1,1.4285714285714286,0.0
2,1497,4,False,0,2025-02-26,2,0.0,0.05,0.08,2,26,0,0,1,1.2857142857142858,0.0
2,1506,4,False,0,2025-02-26,3,0.0,0.02,0.04,2,26,0,0,1,1.2857142857142858,0.0
2,1519,4,False,0,2025-02-26,3,0.0,0.05,0.07,2,26,0,0,1,1.5714285714285714,0.0
2,1539,4,False,0,2025-02-26,0,0.0,0.02,0.03,2,26,0,0,1,2.0,0.0
2,1546,4,False,0,2025-02-26,2,0.0,0.03,0.04,2,26,0,0,1,1.8571428571428572,0.0
2,1563,4,False,0,2025-02-26,2,0.0,0.04,0.04,2,26,0,0,1,1.8571428571428572,0.0
2,1570,4,False,0,2025-02-26,1,0.0,0.02,0.03,2,26,0,0,1,2.0,0.0
2,1573,4,False,0,2025-02-26,2,0.0,0.07,0.11,2,26,0,0,1,1.8571428571428572,0.0
2,1574,4,False,0,2025-02-26,2,0.0,0.07,0.11,2,26,0,0,1,1.8571428571428572,0.0
2,1594,4,False,0,2025-02-26,3,0.0,0.02,0.03,2,26,0,0,1,1.7142857142857142,0.0
2,1607,4,False,0,2025-02-26,4,0.0,0.07,0.12,2,26,0,0,1,1.7142857142857142,0.0
2,1626,4,False,0,2025-02-26,3,0.0,0.06,0.07,2,26,0,0,1,2.2857142857142856,0.0
2,1644,4,False,0,2025-02-26,2,0.0,0.07,0.11,2,26,0,0,1,2.4285714285714284,0.0
2,1652,4,False,0,2025-02-26,2,0.0,0.05,0.08,2,26,0,0,1,2.4285714285714284,0.0
2,1673,4,False,0,2025-02-26,3,0.0,0.06,0.08,2,26,0,0,1,2.5714285714285716,0.0
2,1675,4,False,0,2025-02-26,2,0.0,0.05,0.08,2,26,0,0,1,2.7142857142857144,0.0
2,1686,4,False,0,2025-02-26,1,0.0,0.07,0.09,2,26,0,0,1,2.7142857142857144,0.0
2,1706,4,False,0,2025-02-26,2,0.0,0.01,0.03,2,26,0,0,1,2.4285714285714284,0.0
2,1716,4,False,0,2025-02-26,0,1.0,0.03,0.05,2,26,0,0,1,2.142857142857143,0.0
2,1732,4,False,0,2025-02-26,1,0.0,0.08,0.12,2,26,0,0,1,1.7142857142857142,0.0
2,1738,4,False,0,2025-02-26,2,0.0,0.02,0.04,2,26,0,0,1,1.5714285714285714,0.0
2,1745,4,False,0,2025-02-26,2,0.0,0.05,0.08,2,26,0,0,1,1.5714285714285714,0.0
2,1759,4,False,0,2025-02-26,0,0.0,0.03,0.04,2,26,0,0,1,1.4285714285714286,0.0
2,1776,4,False,0,2025-02-26,1,0.0,0.14,0.19,2,26,0,0,1,1.1428571428571428,0.0
2,1790,4,False,0,2025-02-26,1,0.0,0.04,0.06,2,26,0,0,1,1.1428571428571428,0.0
2,1826,4,False,0,2025-02-26,3,0.0,0.07,0.08,2,26,0,0,1,1.0,0.0
2,1830,4,False,0,2025-02-26,4,0.0,0.15,0.2,2,26,0,0,1,1.4285714285714286,0.0
2,1863,4,False,0,2025-02-26,3,0.0,0.04,0.07,2,26,0,0,1,1.8571428571428572,0.0
2,1866,4,False,0,2025-02-26,0,0.0,0.02,0.03,2,26,0,0,1,2.0,0.0
2,1922,4,False,0,2025-02-26,3,0.0,0.02,0.04,2,26,0,0,1,1.7142857142857142,0.0
2,1934,4,False,0,2025-02-26,1,0.0,0.02,0.04,2,26,0,0,1,2.142857142857143,0.0
2,1975,4,False,0,2025-02-26,0,0.0,0.03,0.05,2,26,0,0,1,2.142857142857143,0.0
2,1984,4,False,0,2025-02-26,2,0.0,0.06,0.08,2,26,0,0,1,2.0,0.0
2,2005,4,False,0,2025-02-26,2,0.0,0.16,0.25,2,26,0,0,1,1.8571428571428572,0.0
2,2013,4,False,0,2025-02-26,4,0.0,0.03,0.04,2,26,0,0,1,1.5714285714285714,0.0
2,2025,4,False,0,2025-02-26,1,0.0,0.03,0.05,2,26,0,0,1,1.7142857142857142,0.0
2,2028,4,False,0,2025-02-26,1,0.0,0.03,0.05,2,26,0,0,1,1.8571428571428572,0.0
2,2033,4,False,0,2025-02-26,1,0.0,0.11,0.15,2,26,0,0,1,1.5714285714285714,0.0
2,2035,4,False,0,2025-02-26,1,0.0,0.02,0.03,2,26,0,0,1,1.5714285714285714,0.0
2,2042,4,False,0,2025-02-26,6,0.0,0.03,0.06,2,26,0,0,1,1.7142857142857142,0.0
2,2051,4,False,0,2025-02-26,3,0.0,0.03,0.04,2,26,0,0,1,2.2857142857142856,0.0
2,2061,4,False,0,2025-02-26,3,0.0,0.02,0.04,2,26,0,0,1,2.4285714285714284,0.0
2,2069,4,False,0,2025-02-26,1,0.0,0.07,0.1,2,26,0,0,1,2.2857142857142856,0.0
2,2083,4,False,0,2025-02-26,2,0.0,0.06,0.09,2,26,0,0,1,2.2857142857142856,0.0
2,2088,4,False,0,2025-02-26,0,0.0,0.03,0.04,2,26,0,0,1,2.4285714285714284,0.0
2,2129,4,False,0,2025-02-26,2,1.0,0.03,0.04,2,26,0,0,1,2.2857142857142856,0.0
2,2144,4,False,0,2025-02-26,2,0.0,0.03,0.06,2,26,0,0,1,2.4285714285714284,0.0
2,2149,4,False,0,2025-02-26,2,0.0,0.04,0.06,2,26,0,0,1,1.8571428571428572,0.0
2,2167,4,False,0,2025-02-26,3,0.0,0.05,0.07,2,26,0,0,1,1.7142857142857142,0.0
2,2193,4,False,0,2025-02-26,3,0.0,0.08,0.08,2,26,0,0,1,1.7142857142857142,0.0
2,2230,4,False,0,2025-02-26,1,0.0,0.02,0.04,2,26,0,0,1,2.0,0.0
2,2233,4,False,0,2025-02-26,1,0.0,0.06,0.06,2,26,0,0,1,1.8571428571428572,0.0
2,2238,4,False,0,2025-02-26,2,0.0,0.04,0.06,2,26,0,0,1,2.0,0.0
2,2257,4,False,0,2025-02-26,0,0.0,0.04,0.06,2,26,0,0,1,2.0,0.0
2,2279,4,False,0,2025-02-26,3,0.0,0.11,0.15,2,26,0,0,1,1.7142857142857142,0.0
2,2283,4,False,0,2025-02-26,7,0.0,0.04,0.06,2,26,0,0,1,1.8571428571428572,0.0
2,2286,4,False,0,2025-02-26,2,0.0,0.11,0.14,2,26,0,0,1,2.4285714285714284,0.0
2,2306,4,False,0,2025-02-26,2,0.0,0.04,0.06,2,26,0,0,1,2.2857142857142856,0.0
2,2315,4,False,0,2025-02-26,2,0.0,0.06,0.1,2,26,0,0,1,2.4285714285714284,0.0
2,2392,4,False,0,2025-02-26,2,0.0,0.04,0.06,2,26,0,0,1,2.5714285714285716,0.0
2,2397,4,False,0,2025-02-26,1,0.0,0.02,0.03,2,26,0,0,1,2.5714285714285716,0.0
2,2398,4,False,0,2025-02-26,3,0.0,0.12,0.17,2,26,0,0,1,2.7142857142857144,0.0
2,2438,4,False,0,2025-02-26,0,0.0,0.02,0.04,2,26,0,0,1,2.7142857142857144,0.0
2,2443,4,False,0,2025-02-26,1,1.0,0.05,0.06,2,26,0,0,1,1.7142857142857142,0.0
2,2448,4,False,0,2025-02-26,3,0.0,0.04,0.05,2,26,0,0,1,1.5714285714285714,0.0
2,2469,4,False,0,2025-02-26,2,0.0,0.07,0.09,2,26,0,0,1,1.7142857142857142,0.0
2,2473,4,False,0,2025-02-26,3,0.0,0.04,0.06,2,26,0,0,1,1.7142857142857142,0.0
2,2478,4,False,0,2025-02-26,2,0.0,0.02,0.03,2,26,0,0,1,1.8571428571428572,0.0
2,2487,4,False,0,2025-02-26,2,0.0,0.02,0.04,2,26,0,0,1,2.0,0.0
2,2497,4,False,0,2025-02-26,2,0.0,0.03,0.04,2,26,0,0,1,1.8571428571428572,0.0
2,2506,4,False,0,2025-02-26,3,0.0,0.03,0.04,2,26,0,0,1,2.142857142857143,0.0
2,2522,4,False,0,2025-02-26,3,0.0,0.11,0.16,2,26,0,0,1,2.4285714285714284,0.0
2,2567,4,False,0,2025-02-26,2,0.0,0.04,0.06,2,26,0,0,1,2.4285714285714284,0.0
2,2581,4,False,0,2025-02-26,2,0.0,0.06,0.06,2,26,0,0,1,2.4285714285714284,0.0
2,2624,4,False,0,2025-02-26,3,0.0,0.06,0.08,2,26,0,0,1,2.2857142857142856,0.0
2,2630,4,False,0,2025-02-26,3,0.0,0.03,0.04,2,26,0,0,1,2.4285714285714284,0.0
2,2631,4,False,0,2025-02-26,3,0.0,0.02,0.03,2,26,0,0,1,2.5714285714285716,0.0
2,2642,4,False,0,2025-02-26,3,0.0,0.03,0.05,2,26,0,0,1,2.7142857142857144,0.0
2,2658,4,False,0,2025-02-26,1,0.0,0.02,0.04,2,26,0,0,1,2.7142857142857144,0.0
2,2672,4,False,0,2025-02-26,2,0.0,0.02,0.03,2,26,0,0,1,2.4285714285714284,0.0
2,2688,4,False,0,2025-02-26,3,0.0,0.03,0.04,2,26,0,0,1,2.4285714285714284,0.0
2,2725,4,False,0,2025-02-26,0,0.0,0.08,0.08,2,26,0,0,1,2.5714285714285716,0.0
2,2744,4,False,0,2025-02-26,3,0.0,0.06,0.08,2,26,0,0,1,2.142857142857143,0.0
2,2788,4,False,0,2025-02-26,3,0.0,0.02,0.03,2,26,0,0,1,2.142857142857143,0.0
2,2801,4,False,0,2025-02-26,1,0.0,0.06,0.09,2,26,0,0,1,2.142857142857143,0.0
2,2804,4,False,0,2025-02-26,2,0.0,0.06,0.07,2,26,0,0,1,1.8571428571428572,0.0
2,2818,4,False,0,2025-02-26,2,0.0,0.02,0.03,2,26,0,0,1,2.0,0.0
2,2825,4,False,0,2025-02-26,1,0.0,0.18,0.23,2,26,0,0,1,2.0,0.0
2,2830,4,False,0,2025-02-26,2,0.0,0.04,0.06,2,26,0,0,1,1.7142857142857142,0.0
2,2832,4,False,0,2025-02-26,3,0.0,0.01,0.03,2,26,0,0,1,2.0,0.0
2,2838,4,False,0,2025-02-26,3,0.0,0.02,0.03,2,26,0,0,1,2.0,0.0
2,2844,4,False,0,2025-02-26,2,0.0,0.03,0.05,2,26,0,0,1,2.0,0.0
2,2860,4,False,0,2025-02-26,3,0.0,0.07,0.1,2,26,0,0,1,2.142857142857143,0.0
2,2870,4,False,0,2025-02-26,3,0.0,0.06,0.08,2,26,0,0,1,2.2857142857142856,0.0
2,2871,4,False,0,2025-02-26,2,0.0,0.04,0.05,2,26,0,0,1,2.4285714285714284,0.0
2,2892,4,False,0,2025-02-26,1,0.0,0.1,0.13,2,26,0,0,1,2.5714285714285716,0.0
2,2894,4,False,0,2025-02-26,1,0.0,0.04,0.06,2,26,0,0,1,2.4285714285714284,0.0
2,2957,4,False,0,2025-02-26,2,0.0,0.02,0.04,2,26,0,0,1,2.142857142857143,0.0
2,2961,4,False,0,2025-02-26,2,0.0,0.05,0.07,2,26,0,0,1,2.0,0.0
2,2963,4,False,0,2025-02-26,3,0.0,0.06,0.08,2,26,0,0,1,2.0,0.0
2,2970,4,False,0,2025-02-26,2,0.0,0.03,0.05,2,26,0,0,1,2.0,0.0
2,2979,4,False,0,2025-02-26,1,0.0,0.06,0.08,2,26,0,0,1,1.8571428571428572,0.0
2,2992,4,False,0,2025-02-26,2,0.0,0.05,0.07,2,26,0,0,1,1.7142857142857142,0.0
2,3000,4,False,0,2025-02-26,1,0.0,0.1,0.14,2,26,0,0,1,1.8571428571428572,0.0
2,3012,4,False,0,2025-02-26,3,0.0,0.02,0.03,2,26,0,0,1,1.8571428571428572,0.0
2,3044,4,False,0,2025-02-26,2,0.0,0.02,0.02,2,26,0,0,1,2.0,0.0
2,3086,4,False,0,2025-02-26,3,0.0,0.04,0.07,2,26,0,0,1,2.0,0.0
2,3145,4,False,0,2025-02-26,2,0.0,0.04,0.05,2,26,0,0,1,2.0,0.0
2,3146,4,False,0,2025-02-26,4,0.0,0.01,0.01,2,26,0,0,1,2.0,0.0
2,3162,4,False,0,2025-02-26,4,0.0,0.01,0.02,2,26,0,0,1,2.4285714285714284,0.0
2,3178,4,False,0,2025-02-26,1,0.0,0.12,0.18,2,26,0,0,1,2.7142857142857144,0.0
2,3185,4,False,0,2025-02-26,3,0.0,0.04,0.06,2,26,0,0,1,2.7142857142857144,0.0
2,3196,4,False,0,2025-02-26,4,0.0,0.02,0.03,2,26,0,0,1,2.7142857142857144,0.0
2,3209,4,False,0,2025-02-26,1,0.0,0.02,0.04,2,26,0,0,1,3.0,0.0
2,3224,4,False,0,2025-02-26,3,0.0,0.04,0.05,2,26,0,0,1,2.7142857142857144,0.0
2,3262,4,False,0,2025-02-26,2,0.0,0.09,0.13,2,26,0,0,1,2.857142857142857,0.0
2,3267,4,False,0,2025-02-26,3,0.0,0.01,0.01,2,26,0,0,1,2.5714285714285716,0.0
2,3293,4,False,0,2025-02-26,4,0.0,0.0,0.01,2,26,0,0,1,2.4285714285714284,0.0
2,3312,4,False,0,2025-02-26,3,0.0,0.01,0.02,2,26,0,0,1,2.857142857142857,0.0
2,3317,4,False,0,2025-02-26,3,0.0,0.01,0.02,2,26,0,0,1,2.857142857142857,0.0
2,3327,4,False,0,2025-02-26,3,0.0,0.01,0.02,2,26,0,0,1,2.7142857142857144,0.0
2,3377,4,False,0,2025-02-26,3,0.0,0.02,0.05,2,26,0,0,1,3.0,0.0
2,3420,4,False,0,2025-02-26,3,0.0,0.07,0.09,2,26,0,0,1,3.0,0.0
2,3453,4,False,0,2025-02-26,2,0.0,0.02,0.04,2,26,0,0,1,3.142857142857143,0.0
2,3455,4,False,0,2025-02-26,0,0.0,0.02,0.03,2,26,0,0,1,3.0,0.0
2,3465,4,False,0,2025-02-26,1,0.0,0.06,0.07,2,26,0,0,1,2.4285714285714284,0.0
2,3466,4,False,0,2025-02-26,3,0.0,0.03,0.04,2,26,0,0,1,2.142857142857143,0.0
2,3472,4,False,0,2025-02-26,0,0.0,0.04,0.06,2,26,0,0,1,2.142857142857143,0.0
2,3473,4,False,0,2025-02-26,1,0.0,0.01,0.03,2,26,0,0,1,1.7142857142857142,0.0
2,3493,4,False,0,2025-02-26,3,0.0,0.04,0.07,2,26,0,0,1,1.4285714285714286,0.0
2,3552,4,False,0,2025-02-26,1,0.0,0.03,0.05,2,26,0,0,1,1.4285714285714286,0.0
2,3562,4,False,0,2025-02-26,2,0.0,0.05,0.07,2,26,0,0,1,1.2857142857142858,0.0
2,3569,4,False,0,2025-02-26,3,0.0,0.03,0.06,2,26,0,0,1,1.5714285714285714,0.0
2,3577,4,False,0,2025-02-26,2,0.0,0.04,0.06,2,26,0,0,1,1.8571428571428572,0.0
2,3590,4,False,0,2025-02-26,3,0.0,0.02,0.03,2,26,0,0,1,1.7142857142857142,0.0
2,3620,4,False,0,2025-02-26,1,0.0,0.02,0.04,2,26,0,0,1,2.142857142857143,0.0
2,3627,4,False,0,2025-02-26,0,0.0,0.06,0.1,2,26,0,0,1,2.142857142857143,0.0
2,3628,4,False,0,2025-02-26,1,0.0,0.06,0.09,2,26,0,0,1,1.7142857142857142,0.0
2,3633,4,False,0,2025-02-26,3,0.0,0.07,0.1,2,26,0,0,1,1.7142857142857142,0.0
2,3645,4,False,0,2025-02-26,2,0.0,0.07,0.07,2,26,0,0,1,1.8571428571428572,0.0
2,3651,4,False,0,2025-02-26,3,0.0,0.04,0.07,2,26,0,0,1,1.7142857142857142,0.0
2,3692,4,False,0,2025-02-26,2,0.0,0.1,0.11,2,26,0,0,1,1.8571428571428572,0.0
2,3698,4,False,0,2025-02-26,3,0.0,0.05,0.06,2,26,0,0,1,1.7142857142857142,0.0
2,3700,4,False,0,2025-02-26,3,0.0,0.02,0.03,2,26,0,0,1,2.0,0.0
2,3721,4,False,0,2025-02-26,1,0.0,0.03,0.04,2,26,0,0,1,2.4285714285714284,0.0
2,3728,4,False,0,2025-02-26,2,0.0,0.03,0.05,2,26,0,0,1,2.4285714285714284,0.0
2,3733,4,False,0,2025-02-26,3,0.0,0.01,0.02,2,26,0,0,1,2.2857142857142856,0.0
2,3753,4,False,0,2025-02-26,3,0.0,0.04,0.07,2,26,0,0,1,2.4285714285714284,0.0
2,3772,4,False,0,2025-02-26,2,0.0,0.03,0.06,2,26,0,0,1,2.4285714285714284,0.0
2,3818,4,False,0,2025-02-26,3,0.0,0.06,0.09,2,26,0,0,1,2.4285714285714284,0.0
2,3843,4,False,0,2025-02-26,3,0.0,0.02,0.04,2,26,0,0,1,2.4285714285714284,0.0
2,3847,4,False,0,2025-02-26,1,0.0,0.01,0.03,2,26,0,0,1,2.4285714285714284,0.0
2,3850,4,False,0,2025-02-26,2,0.0,0.07,0.11,2,26,0,0,1,2.4285714285714284,0.0
2,3853,4,False,0,2025-02-26,1,0.0,0.1,0.17,2,26,0,0,1,2.4285714285714284,0.0
2,3879,4,False,0,2025-02-26,2,0.0,0.05,0.08,2,26,0,0,1,2.142857142857143,0.0
2,3888,4,False,0,2025-02-26,6,0.0,0.01,0.01,2,26,0,0,1,2.0,0.0
2,3903,4,False,0,2025-02-26,2,0.0,0.04,0.06,2,26,0,0,1,2.5714285714285716,0.0
2,3906,4,False,0,2025-02-26,1,0.0,0.11,0.16,2,26,0,0,1,2.4285714285714284,0.0
2,3939,4,False,0,2025-02-26,0,0.0,0.04,0.06,2,26,0,0,1,2.142857142857143,0.0
2,3968,4,False,0,2025-02-26,2,0.0,0.01,0.02,2,26,0,0,1,2.0,0.0
2,3971,4,False,0,2025-02-26,2,0.0,0.08,0.1,2,26,0,0,1,2.0,0.0
2,3974,4,False,0,2025-02-26,2,0.0,0.09,0.13,2,26,0,0,1,2.142857142857143,0.0
2,3987,4,False,0,2025-02-26,1,0.0,0.03,0.05,2,26,0,0,1,2.142857142857143,0.0
2,4019,4,False,0,2025-02-26,3,0.0,0.04,0.04,2,26,0,0,1,1.4285714285714286,0.0
2,4028,4,False,0,2025-02-26,2,0.0,0.02,0.03,2,26,0,0,1,1.5714285714285714,0.0
2,4071,4,False,0,2025-02-26,1,0.0,0.04,0.06,2,26,0,0,1,1.7142857142857142,0.0
2,4108,4,False,0,2025-02-26,3,0.0,0.02,0.03,2,26,0,0,1,1.8571428571428572,0.0
2,4133,4,False,0,2025-02-26,2,0.0,0.08,0.14,2,26,0,0,1,2.0,0.0
2,4135,4,False,0,2025-02-26,3,0.0,0.03,0.04,2,26,0,0,1,2.0,0.0
2,4170,4,False,0,2025-02-26,1,0.0,0.02,0.03,2,26,0,0,1,2.142857142857143,0.0
2,4184,4,False,0,2025-02-26,2,0.0,0.06,0.09,2,26,0,0,1,2.142857142857143,0.0
2,4186,4,False,0,2025-02-26,0,0.0,0.03,0.04,2,26,0,0,1,2.0,0.0
2,4212,4,False,0,2025-02-26,3,0.0,0.06,0.08,2,26,0,0,1,1.7142857142857142,0.0
2,4243,4,False,0,2025-02-26,2,0.0,0.09,0.11,2,26,0,0,1,2.0,0.0
2,4268,4,False,0,2025-02-26,2,0.0,0.02,0.03,2,26,0,0,1,1.8571428571428572,0.0
2,4275,4,False,0,2025-02-26,2,0.0,0.01,0.02,2,26,0,0,1,1.8571428571428572,0.0
2,4281,4,False,0,2025-02-26,0,0.0,0.02,0.04,2,26,0,0,1,1.7142857142857142,0.0
2,4293,4,False,0,2025-02-26,0,0.0,0.12,0.17,2,26,0,0,1,1.5714285714285714,0.0
2,4305,4,False,0,2025-02-26,1,0.0,0.07,0.07,2,26,0,0,1,1.2857142857142858,0.0
2,4335,4,False,0,2025-02-26,2,0.0,0.04,0.07,2,26,0,0,1,1.4285714285714286,0.0
2,4342,4,False,0,2025-02-26,1,0.0,0.02,0.04,2,26,0,0,1,1.2857142857142858,0.0
2,4373,4,False,0,2025-02-26,2,0.0,0.07,0.11,2,26,0,0,1,1.1428571428571428,0.0
2,4392,4,False,0,2025-02-26,1,0.0,0.09,0.12,2,26,0,0,1,1.1428571428571428,0.0
2,4395,4,False,0,2025-02-26,2,0.0,0.05,0.08,2,26,0,0,1,1.0,0.0
2,4422,4,False,0,2025-02-26,1,1.0,0.01,0.02,2,26,0,0,1,1.2857142857142858,0.0
2,4438,4,False,0,2025-02-26,5,0.0,0.01,0.02,2,26,0,0,1,1.4285714285714286,0.0
2,4451,4,False,0,2025-02-26,2,0.0,0.04,0.06,2,26,0,0,1,2.0,0.0
2,4456,4,False,0,2025-02-26,2,0.0,0.02,0.03,2,26,0,0,1,2.0,0.0
2,4480,4,False,0,2025-02-26,2,0.0,0.06,0.1,2,26,0,0,1,2.142857142857143,0.0
2,4520,4,False,0,2025-02-26,2,0.0,0.1,0.16,2,26,0,0,1,2.142857142857143,0.0
2,4522,4,False,0,2025-02-26,0,0.0,0.02,0.03,2,26,0,0,1,2.2857142857142856,0.0
2,4550,4,False,0,2025-02-26,2,0.0,0.13,0.15,2,26,0,0,1,2.0,0.0
2,4571,4,False,0,2025-02-26,3,0.0,0.03,0.06,2,26,0,0,1,2.142857142857143,0.0
2,4577,4,False,0,2025-02-26,3,0.0,0.04,0.06,2,26,0,0,1,1.8571428571428572,0.0
2,4598,4,False,0,2025-02-26,4,0.0,0.07,0.1,2,26,0,0,1,2.0,0.0
2,4621,4,False,0,2025-02-26,4,0.0,0.01,0.01,2,26,0,0,1,2.2857142857142856,0.0
2,4662,4,False,0,2025-02-26,0,0.0,0.02,0.03,2,26,0,0,1,2.5714285714285716,0.0
2,4663,4,False,0,2025-02-26,2,0.0,0.04,0.07,2,26,0,0,1,2.2857142857142856,0.0
2,4672,4,False,0,2025-02-26,3,0.0,0.03,0.04,2,26,0,0,1,2.5714285714285716,0.0
2,4715,4,False,0,2025-02-26,2,0.0,0.05,0.06,2,26,0,0,1,2.7142857142857144,0.0
2,4778,4,False,0,2025-02-26,2,0.0,0.04,0.07,2,26,0,0,1,2.5714285714285716,0.0
2,4785,4,False,0,2025-02-26,3,0.0,0.06,0.07,2,26,0,0,1,2.4285714285714284,0.0
2,4806,4,False,0,2025-02-26,3,0.0,0.02,0.03,2,26,0,0,1,2.2857142857142856,0.0
2,4808,4,False,0,2025-02-26,2,0.0,0.03,0.05,2,26,0,0,1,2.142857142857143,0.0
2,4823,4,False,0,2025-02-26,3,0.0,0.01,0.01,2,26,0,0,1,2.4285714285714284,0.0
2,4842,4,False,0,2025-02-26,2,0.0,0.03,0.05,2,26,0,0,1,2.5714285714285716,0.0
2,4851,4,False,0,2025-02-26,0,0.0,0.06,0.06,2,26,0,0,1,2.4285714285714284,0.0
2,4855,4,False,0,2025-02-26,3,0.0,0.02,0.02,2,26,0,0,1,2.142857142857143,0.0
2,4895,4,False,0,2025-02-26,1,0.0,0.04,0.06,2,26,0,0,1,2.2857142857142856,0.0
2,4898,4,False,0,2025-02-26,0,0.0,0.03,0.04,2,26,0,0,1,2.0,0.0
2,4928,4,False,0,2025-02-26,3,0.0,0.03,0.06,2,26,0,0,1,1.5714285714285714,0.0
2,4955,4,False,0,2025-02-26,1,0.0,0.03,0.05,2,26,0,0,1,1.7142857142857142,0.0
2,4958,4,False,0,2025-02-26,0,0.0,0.05,0.07,2,26,0,0,1,1.4285714285714286,0.0
2,4967,4,False,0,2025-02-26,2,0.0,0.05,0.08,2,26,0,0,1,1.1428571428571428,0.0
2,4978,4,False,0,2025-02-26,6,0.0,0.04,0.03,2,26,0,0,1,1.4285714285714286,0.0
2,5005,4,False,0,2025-02-26,3,0.0,0.04,0.06,2,26,0,0,1,1.8571428571428572,0.0
2,5063,4,False,0,2025-02-26,3,0.0,0.01,0.01,2,26,0,0,1,2.142857142857143,0.0
2,5088,4,False,0,2025-02-26,3,0.0,0.01,0.02,2,26,0,0,1,2.5714285714285716,0.0
2,5113,4,False,0,2025-02-26,1,0.0,0.03,0.05,2,26,0,0,1,2.5714285714285716,0.0
2,5146,4,False,0,2025-02-26,2,0.0,0.03,0.05,2,26,0,0,1,2.5714285714285716,0.0
2,5154,4,False,0,2025-02-26,1,0.0,0.04,0.06,2,26,0,0,1,2.857142857142857,0.0
2,5162,4,False,0,2025-02-26,1,0.0,0.09,0.09,2,26,0,0,1,2.7142857142857144,0.0
2,5186,4,False,0,2025-02-26,0,0.0,0.02,0.04,2,26,0,0,1,2.0,0.0
2,5191,4,False,0,2025-02-26,2,0.0,0.02,0.03,2,26,0,0,1,1.5714285714285714,0.0
2,5202,4,False,0,2025-02-26,2,0.0,0.09,0.13,2,26,0,0,1,1.4285714285714286,0.0
2,5208,4,False,0,2025-02-26,2,0.0,0.02,0.04,2,26,0,0,1,1.2857142857142858,0.0
2,5228,4,False,0,2025-02-26,0,0.0,0.01,0.02,2,26,0,0,1,1.4285714285714286,0.0
2,5229,4,False,0,2025-02-26,2,0.0,0.03,0.05,2,26,0,0,1,1.1428571428571428,0.0
2,5263,4,False,0,2025-02-26,3,0.0,0.02,0.04,2,26,0,0,1,1.2857142857142858,0.0
2,5266,4,False,0,2025-02-26,1,0.0,0.06,0.1,2,26,0,0,1,1.5714285714285714,0.0
2,5286,4,False,0,2025-02-26,2,0.0,0.05,0.06,2,26,0,0,1,1.7142857142857142,0.0
2,74,5,True,0,2025-02-26,1,0.0,0.02,0.04,2,26,0,0,1,1.7142857142857142,0.0
2,213,5,True,0,2025-02-26,2,0.0,0.01,0.03,2,26,0,0,1,1.5714285714285714,0.0
2,284,5,True,0,2025-02-26,4,0.0,0.05,0.08,2,26,0,0,1,1.5714285714285714,0.0
2,567,5,True,0,2025-02-26,6,0.0,0.01,0.04,2,26,0,0,1,2.142857142857143,0.0
2,783,5,True,0,2025-02-26,3,0.0,0.03,0.06,2,26,0,0,1,2.7142857142857144,0.0
2,821,5,True,0,2025-02-26,4,0.0,0.03,0.05,2,26,0,0,1,2.7142857142857144,0.0
2,873,5,True,0,2025-02-26,7,0.0,0.03,0.05,2,26,0,0,1,3.142857142857143,0.0
2,929,5,True,0,2025-02-26,15,0.0,0.07,0.22,2,26,0,0,1,3.857142857142857,0.0
2,1037,5,True,0,2025-02-26,3,0.0,0.01,0.02,2,26,0,0,1,5.857142857142857,0.0
2,1163,5,True,0,2025-02-26,10,0.0,0.08,0.21,2,26,0,0,1,6.0,0.0
2,1247,5,True,0,2025-02-26,7,0.0,0.04,0.06,2,26,0,0,1,6.857142857142857,0.0
2,1333,5,True,0,2025-02-26,9,0.0,0.02,0.04,2,26,0,0,1,7.0,0.0
2,1339,5,True,0,2025-02-26,7,0.0,0.02,0.03,2,26,0,0,1,7.857142857142857,0.0
2,1427,5,True,0,2025-02-26,12,0.0,0.01,0.03,2,26,0,0,1,8.285714285714286,0.0
2,1746,5,True,0,2025-02-26,5,0.0,0.02,0.08,2,26,0,0,1,9.0,1.3398015810018007
2,1882,5,True,0,2025-02-26,5,0.0,0.17,0.31,2,26,0,0,1,7.571428571428571,0.0
2,2066,5,True,0,2025-02-26,8,0.0,0.1,0.14,2,26,0,0,1,7.857142857142857,0.0
2,2104,5,True,0,2025-02-26,9,0.0,0.03,0.04,2,26,0,0,1,7.571428571428571,0.0
2,2120,5,True,0,2025-02-26,1,1.0,0.03,0.08,2,26,0,0,1,7.857142857142857,0.0
2,2132,5,True,0,2025-02-26,3,0.0,0.01,0.04,2,26,0,0,1,6.714285714285714,0.0
2,2141,5,True,0,2025-02-26,6,0.0,0.01,0.04,2,26,0,0,1,6.142857142857143,0.0
2,2219,5,True,0,2025-02-26,7,0.0,0.11,0.22,2,26,0,0,1,5.285714285714286,0.0
2,2224,5,True,0,2025-02-26,3,0.0,0.03,0.04,2,26,0,0,1,5.571428571428571,0.0
2,2325,5,True,0,2025-02-26,2,0.0,0.03,0.06,2,26,0,0,1,5.285714285714286,0.0
2,2418,5,True,0,2025-02-26,3,0.0,0.03,0.07,2,26,0,0,1,4.428571428571429,0.0
2,2880,5,True,0,2025-02-26,5,0.0,0.02,0.04,2,26,0,0,1,3.5714285714285716,0.0
2,3085,5,True,0,2025-02-26,3,0.0,0.02,0.04,2,26,0,0,1,4.142857142857143,0.0
2,3087,5,True,0,2025-02-26,8,0.0,0.04,0.09,2,26,0,0,1,4.142857142857143,0.0
2,3164,5,True,0,2025-02-26,4,0.0,0.05,0.12,2,26,0,0,1,4.428571428571429,0.0
2,3218,5,True,0,2025-02-26,4,0.0,0.02,0.05,2,26,0,0,1,4.0,0.0
2,3229,5,True,0,2025-02-26,4,0.0,0.04,0.11,2,26,0,0,1,4.142857142857143,0.0
2,3292,5,True,0,2025-02-26,1,0.0,0.03,0.05,2,26,0,0,1,4.428571428571429,0.0
2,3330,5,True,0,2025-02-26,4,0.0,0.06,0.11,2,26,0,0,1,4.142857142857143,0.0
2,3424,5,True,0,2025-02-26,2,0.0,0.01,0.02,2,26,0,0,1,4.0,0.0
2,3439,5,True,0,2025-02-26,2,0.0,0.02,0.02,2,26,0,0,1,3.857142857142857,0.0
2,3463,5,True,0,2025-02-26,5,0.0,0.03,0.05,2,26,0,0,1,3.0,0.0
2,3558,5,True,0,2025-02-26,4,0.0,0.03,0.06,2,26,0,0,1,3.142857142857143,0.0
2,3624,5,True,0,2025-02-26,6,0.0,0.06,0.11,2,26,0,0,1,3.142857142857143,0.0
2,3807,5,True,0,2025-02-26,0,0.0,0.08,0.09,2,26,0,0,1,3.4285714285714284,0.0
2,3984,5,True,0,2025-02-26,12,0.0,0.02,0.04,2,26,0,0,1,3.2857142857142856,0.0
2,3996,5,True,0,2025-02-26,9,0.0,0.03,0.07,2,26,0,0,1,4.428571428571429,0.0
2,4036,5,True,0,2025-02-26,4,0.0,0.01,0.02,2,26,0,0,1,5.428571428571429,0.0
2,4081,5,True,0,2025-02-26,3,0.0,0.03,0.06,2,26,0,0,1,5.714285714285714,0.0
2,4175,5,True,0,2025-02-26,8,0.0,0.03,0.06,2,26,0,0,1,5.428571428571429,0.0
2,4544,5,True,0,2025-02-26,8,0.0,0.04,0.07,2,26,0,0,1,6.0,0.0
2,4565,5,True,0,2025-02-26,4,0.0,0.01,0.05,2,26,0,0,1,6.285714285714286,0.0
2,4749,5,True,0,2025-02-26,3,0.0,0.01,0.02,2,26,0,0,1,6.857142857142857,0.0
2,4789,5,True,0,2025-02-26,8,0.0,0.02,0.06,2,26,0,0,1,5.571428571428571,0.0
2,4939,5,True,0,2025-02-26,8,0.0,0.02,0.06,2,26,0,0,1,5.428571428571429,0.0
2,5006,5,True,0,2025-02-26,5,1.0,0.03,0.04,2,26,0,0,1,6.0,0.0
2,5049,5,True,0,2025-02-26,11,1.0,0.02,0.06,2,26,0,0,1,6.285714285714286,0.0
2,5098,5,True,0,2025-02-26,2,0.0,0.02,0.05,2,26,0,0,1,6.714285714285714,0.0
2,5217,5,True,0,2025-02-26,7,1.0,0.02,0.04,2,26,0,0,1,5.857142857142857,0.0
2,139,6,False,0,2025-02-26,1,0.0,0.17,0.24,2,26,0,0,1,6.285714285714286,0.0
2,173,6,False,0,2025-02-26,1,0.0,0.09,0.12,2,26,0,0,1,6.0,0.0
2,337,6,False,0,2025-02-26,3,0.0,0.12,0.17,2,26,0,0,1,5.0,0.0
2,366,6,False,0,2025-02-26,0,0.0,0.08,0.1,2,26,0,0,1,4.285714285714286,0.0
2,386,6,False,0,2025-02-26,0,0.0,0.17,0.26,2,26,0,0,1,3.5714285714285716,0.0
2,594,6,False,0,2025-02-26,0,0.0,0.19,0.2,2,26,0,0,1,2.0,0.0
2,988,6,False,0,2025-02-26,2,0.0,0.16,0.24,2,26,0,0,1,1.7142857142857142,0.0
2,1031,6,False,0,2025-02-26,0,0.0,0.1,0.14,2,26,0,0,1,1.0,0.0
2,1124,6,False,0,2025-02-26,2,0.0,0.12,0.22,2,26,0,0,1,0.8571428571428571,0.0
2,1276,6,False,0,2025-02-26,1,0.0,0.13,0.17,2,26,0,0,1,1.0,0.0
2,1340,6,False,0,2025-02-26,2,0.0,0.17,0.22,2,26,0,0,1,0.7142857142857143,0.0
2,1429,6,False,0,2025-02-26,1,0.0,0.08,0.08,2,26,0,0,1,1.0,0.0
2,1534,6,False,0,2025-02-26,2,0.0,0.15,0.21,2,26,0,0,1,1.1428571428571428,0.0
2,1544,6,False,0,2025-02-26,2,0.0,0.08,0.11,2,26,0,0,1,1.4285714285714286,0.0
2,1611,6,False,0,2025-02-26,2,0.0,0.11,0.15,2,26,0,0,1,1.4285714285714286,0.0
2,1650,6,False,0,2025-02-26,1,0.0,0.24,0.3,2,26,0,0,1,1.7142857142857142,0.0
2,1702,6,False,0,2025-02-26,0,0.0,0.31,0.29,2,26,0,0,1,1.5714285714285714,0.0
2,1767,6,False,0,2025-02-26,1,0.0,0.12,0.17,2,26,0,0,1,1.4285714285714286,0.0
2,1807,6,False,0,2025-02-26,1,0.0,0.12,0.15,2,26,0,0,1,1.2857142857142858,0.0
2,1811,6,False,0,2025-02-26,0,0.0,0.04,0.06,2,26,0,0,1,1.2857142857142858,0.0
2,1828,6,False,0,2025-02-26,0,0.0,0.26,0.36,2,26,0,0,1,1.0,0.0
2,1868,6,False,0,2025-02-26,0,0.0,0.12,0.15,2,26,0,0,1,0.7142857142857143,0.0
2,1901,6,False,0,2025-02-26,2,0.0,0.16,0.25,2,26,0,0,1,0.42857142857142855,0.0
2,1924,6,False,0,2025-02-26,0,0.0,0.07,0.08,2,26,0,0,1,0.5714285714285714,0.0
2,2712,6,False,0,2025-02-26,0,0.0,0.12,0.16,2,26,0,0,1,0.5714285714285714,0.0
2,2912,6,False,0,2025-02-26,1,0.0,0.12,0.18,2,26,0,0,1,0.42857142857142855,0.0
2,3034,6,False,0,2025-02-26,1,0.0,0.11,0.16,2,26,0,0,1,0.42857142857142855,0.0
2,3088,6,False,0,2025-02-26,0,0.0,0.06,0.08,2,26,0,0,1,0.5714285714285714,0.0
2,3187,6,False,0,2025-02-26,0,0.0,0.26,0.27,2,26,0,0,1,0.5714285714285714,0.0
2,3202,6,False,0,2025-02-26,1,0.0,0.14,0.21,2,26,0,0,1,0.5714285714285714,0.0
2,3604,6,False,0,2025-02-26,1,0.0,0.32,0.36,2,26,0,0,1,0.42857142857142855,0.0
2,3648,6,False,0,2025-02-26,1,0.0,0.2,0.29,2,26,0,0,1,0.5714285714285714,0.0
2,3687,6,False,0,2025-02-26,2,0.0,0.14,0.19,2,26,0,0,1,0.7142857142857143,0.0
2,3842,6,False,0,2025-02-26,2,0.0,0.39,0.46,2,26,0,0,1,0.8571428571428571,0.0
2,3902,6,False,0,2025-02-26,1,0.0,0.17,0.22,2,26,0,0,1,1.0,0.0
2,3912,6,False,0,2025-02-26,1,0.0,0.06,0.09,2,26,0,0,1,1.1428571428571428,0.0
2,4177,6,False,0,2025-02-26,1,0.0,0.06,0.08,2,26,0,0,1,1.2857142857142858,0.0
2,4234,6,False,0,2025-02-26,1,0.0,0.12,0.16,2,26,0,0,1,1.2857142857142858,0.0
2,4288,6,False,0,2025-02-26,1,0.0,0.13,0.22,2,26,0,0,1,1.2857142857142858,0.0
2,4376,6,False,0,2025-02-26,1,0.0,0.08,0.09,2,26,0,0,1,1.2857142857142858,0.0
2,4386,6,False,0,2025-02-26,1,0.0,0.09,0.12,2,26,0,0,1,1.1428571428571428,0.0
2,4390,6,False,0,2025-02-26,4,0.0,0.13,0.2,2,26,0,0,1,1.0,0.0
2,4468,6,False,0,2025-02-26,0,0.0,0.34,0.43,2,26,0,0,1,1.4285714285714286,0.0
2,4892,6,False,0,2025-02-26,0,0.0,0.2,0.23,2,26,0,0,1,1.2857142857142858,0.0
2,4899,6,False,0,2025-02-26,2,0.0,0.06,0.1,2,26,0,0,1,1.1428571428571428,0.0
2,4917,6,False,0,2025-02-26,9,0.0,0.15,0.22,2,26,0,0,1,1.2857142857142858,0.0
2,188,7,False,0,2025-02-26,2,0.0,0.03,0.04,2,26,0,0,1,2.4285714285714284,0.0
2,348,7,False,0,2025-02-26,4,0.0,0.02,0.03,2,26,0,0,1,2.5714285714285716,0.0
2,392,7,False,0,2025-02-26,6,0.0,0.01,0.01,2,26,0,0,1,3.0,0.0
2,503,7,False,0,2025-02-26,30,0.0,0.01,0.01,2,26,0,0,1,3.2857142857142856,0.0
2,680,7,False,0,2025-02-26,20,0.0,0.01,0.01,2,26,0,0,1,7.571428571428571,0.0
2,743,7,False,0,2025-02-26,5,0.0,0.02,0.04,2,26,0,0,1,10.428571428571429,0.0
2,840,7,False,0,2025-02-26,4,0.0,0.02,0.03,2,26,0,0,1,10.857142857142858,0.0
2,966,7,False,0,2025-02-26,2,0.0,0.03,0.04,2,26,0,0,1,10.142857142857142,0.0
2,1084,7,False,0,2025-02-26,1,0.0,0.01,0.01,2,26,0,0,1,10.142857142857142,0.0
2,1108,7,False,0,2025-02-26,4,0.0,0.05,0.08,2,26,0,0,1,9.714285714285714,0.0
2,1128,7,False,0,2025-02-26,5,0.0,0.02,0.02,2,26,0,0,1,9.428571428571429,0.0
2,1253,7,False,0,2025-02-26,2,0.0,0.01,0.02,2,26,0,0,1,5.857142857142857,0.0
2,1445,7,False,0,2025-02-26,4,0.0,0.04,0.05,2,26,0,0,1,3.2857142857142856,0.0
2,1488,7,False,0,2025-02-26,1,0.0,0.01,0.01,2,26,0,0,1,3.142857142857143,0.0
2,1556,7,False,0,2025-02-26,5,0.0,0.02,0.03,2,26,0,0,1,2.7142857142857144,0.0
2,1591,7,False,0,2025-02-26,3,0.0,0.05,0.08,2,26,0,0,1,3.142857142857143,0.0
2,1677,7,False,0,2025-02-26,1,0.0,0.02,0.03,2,26,0,0,1,3.4285714285714284,0.0
2,1697,7,False,0,2025-02-26,4,1.0,0.05,0.09,2,26,0,0,1,3.0,0.0
2,1895,7,False,0,2025-02-26,0,0.0,0.02,0.02,2,26,0,0,1,2.857142857142857,0.0
2,1905,7,False,0,2025-02-26,3,0.0,0.02,0.03,2,26,0,0,1,2.5714285714285716,0.0
2,1981,7,False,0,2025-02-26,2,0.0,0.01,0.01,2,26,0,0,1,2.4285714285714284,0.0
2,2105,7,False,0,2025-02-26,2,0.0,0.02,0.03,2,26,0,0,1,2.5714285714285716,0.0
2,2182,7,False,0,2025-02-26,4,1.0,0.2,0.22,2,26,0,0,1,2.142857142857143,0.0
2,2202,7,False,0,2025-02-26,6,0.0,0.11,0.14,2,26,0,0,1,2.2857142857142856,0.0
2,2232,7,False,0,2025-02-26,5,0.0,0.04,0.08,2,26,0,0,1,3.0,0.0
2,2340,7,False,0,2025-02-26,4,0.0,0.02,0.02,2,26,0,0,1,3.142857142857143,0.0
2,2380,7,False,0,2025-02-26,7,0.0,0.03,0.05,2,26,0,0,1,3.7142857142857144,0.0
2,2439,7,False,0,2025-02-26,1,0.0,0.03,0.04,2,26,0,0,1,4.285714285714286,0.0
2,2645,7,False,0,2025-02-26,4,0.0,0.03,0.04,2,26,0,0,1,4.142857142857143,0.0
2,2792,7,False,0,2025-02-26,2,0.0,0.02,0.04,2,26,0,0,1,4.428571428571429,0.0
2,2989,7,False,0,2025-02-26,0,0.0,0.0,0.0,2,26,0,0,1,4.142857142857143,0.0
2,3025,7,False,0,2025-02-26,5,0.0,0.01,0.01,2,26,0,0,1,3.2857142857142856,0.0
2,3078,7,False,0,2025-02-26,1,0.0,0.07,0.1,2,26,0,0,1,3.2857142857142856,0.0
2,3111,7,False,0,2025-02-26,0,0.0,0.03,0.04,2,26,0,0,1,2.857142857142857,0.0
2,3125,7,False,0,2025-02-26,1,1.0,0.02,0.03,2,26,0,0,1,1.8571428571428572,0.0
2,4069,7,False,0,2025-02-26,3,0.0,0.02,0.02,2,26,0,0,1,1.8571428571428572,0.0
2,4233,7,False,0,2025-02-26,2,0.0,0.06,0.09,2,26,0,0,1,1.7142857142857142,0.0
2,4424,7,False,0,2025-02-26,2,0.0,0.02,0.05,2,26,0,0,1,1.7142857142857142,0.0
2,4454,7,False,0,2025-02-26,5,0.0,0.01,0.02,2,26,0,0,1,2.0,0.0
2,4484,7,False,0,2025-02-26,19,1.0,0.02,0.05,2,26,0,0,1,2.0,0.0
2,4599,7,False,0,2025-02-26,4,0.0,0.01,0.02,2,26,0,0,1,4.571428571428571,0.0
2,4624,7,False,0,2025-02-26,0,0.0,0.03,0.05,2,26,0,0,1,5.142857142857143,0.0
2,4763,7,False,0,2025-02-26,0,0.0,0.01,0.02,2,26,0,0,1,5.0,0.0
2,4788,7,False,0,2025-02-26,2,0.0,0.02,0.04,2,26,0,0,1,4.571428571428571,0.0
2,4841,7,False,0,2025-02-26,4,0.0,0.01,0.02,2,26,0,0,1,4.571428571428571,0.0
2,4910,7,False,0,2025-02-26,5,0.0,0.2,0.11,2,26,0,0,1,4.857142857142857,0.0
2,5031,7,False,0,2025-02-26,2,0.0,0.3,0.46,2,26,0,0,1,4.857142857142857,0.0
2,5141,7,False,0,2025-02-26,4,0.0,0.02,0.03,2,26,0,0,1,2.4285714285714284,0.0
2,55,8,False,0,2025-02-26,18,0.0,0.04,0.08,2,26,0,0,1,2.4285714285714284,0.0
2,494,8,False,0,2025-02-26,14,0.0,0.01,0.03,2,26,0,0,1,5.0,0.0
2,566,8,False,0,2025-02-26,42,0.0,0.01,0.01,2,26,0,0,1,7.0,0.0
2,658,8,False,0,2025-02-26,3,0.0,0.1,0.15,2,26,0,0,1,12.714285714285714,0.0
2,675,8,False,0,2025-02-26,1,0.0,0.01,0.02,2,26,0,0,1,12.571428571428571,0.0
2,790,8,False,0,2025-02-26,3,0.0,0.01,0.02,2,26,0,0,1,12.0,0.0
2,868,8,False,0,2025-02-26,3,0.0,0.14,0.2,2,26,0,0,1,12.142857142857142,0.0
2,870,8,False,0,2025-02-26,5,0.0,0.01,0.02,2,26,0,0,1,12.0,0.0
2,1004,8,False,0,2025-02-26,4,1.0,0.02,0.06,2,26,0,0,1,10.142857142857142,0.0
2,1076,8,False,0,2025-02-26,5,0.0,0.01,0.02,2,26,0,0,1,8.714285714285714,0.0
2,1116,8,False,0,2025-02-26,12,1.0,0.02,0.02,2,26,0,0,1,3.4285714285714284,0.0
2,1134,8,False,0,2025-02-26,12,0.0,0.0,0.01,2,26,0,0,1,4.714285714285714,0.0
2,1229,8,False,0,2025-02-26,0,0.0,0.01,0.02,2,26,0,0,1,6.285714285714286,0.0
2,1285,8,False,0,2025-02-26,5,0.0,0.03,0.05,2,26,0,0,1,5.857142857142857,0.0
2,1541,8,False,0,2025-02-26,6,0.0,0.02,0.04,2,26,0,0,1,6.142857142857143,0.0
2,1748,8,False,0,2025-02-26,7,0.0,0.03,0.04,2,26,0,0,1,6.285714285714286,0.0
2,1819,8,False,0,2025-02-26,14,2.0,0.01,0.02,2,26,0,0,1,6.714285714285714,0.0
2,1923,8,False,0,2025-02-26,1,0.0,0.01,0.02,2,26,0,0,1,8.0,0.0
2,1930,8,False,0,2025-02-26,3,0.0,0.03,0.05,2,26,0,0,1,6.428571428571429,0.0
2,2029,8,False,0,2025-02-26,2,0.0,0.04,0.07,2,26,0,0,1,5.142857142857143,0.0
2,2288,8,False,0,2025-02-26,7,0.0,0.01,0.02,2,26,0,0,1,5.428571428571429,0.0
2,3028,8,False,0,2025-02-26,2,1.0,0.01,0.02,2,26,0,0,1,5.714285714285714,0.0
2,3180,8,False,0,2025-02-26,5,0.0,0.01,0.03,2,26,0,0,1,5.142857142857143,0.0
2,3450,8,False,0,2025-02-26,10,0.0,0.02,0.04,2,26,0,0,1,4.857142857142857,0.0
2,3476,8,False,0,2025-02-26,4,0.0,0.07,0.1,2,26,0,0,1,4.285714285714286,0.0
2,3574,8,False,0,2025-02-26,7,0.0,0.02,0.03,2,26,0,0,1,4.714285714285714,0.0
2,3592,8,False,0,2025-02-26,5,0.0,0.02,0.04,2,26,0,0,1,5.285714285714286,0.0
2,3750,8,False,0,2025-02-26,15,0.0,0.01,0.02,2,26,0,0,1,5.714285714285714,0.0
2,3770,8,False,0,2025-02-26,7,0.0,0.01,0.02,2,26,0,0,1,6.857142857142857,0.0
2,3963,8,False,0,2025-02-26,6,0.0,0.01,0.01,2,26,0,0,1,7.571428571428571,0.0
2,4115,8,False,0,2025-02-26,4,0.0,0.02,0.04,2,26,0,0,1,7.714285714285714,0.0
2,4538,8,False,0,2025-02-26,10,0.0,0.02,0.03,2,26,0,0,1,6.857142857142857,0.0
2,4609,8,False,0,2025-02-26,4,0.0,0.05,0.08,2,26,0,0,1,7.714285714285714,0.0
2,4666,8,False,0,2025-02-26,12,0.0,0.01,0.02,2,26,0,0,1,7.285714285714286,0.0
2,4668,8,False,0,2025-02-26,4,0.0,0.01,0.02,2,26,0,0,1,8.285714285714286,0.0
2,4676,8,False,0,2025-02-26,24,0.0,0.01,0.01,2,26,0,0,1,6.714285714285714,0.0
2,4751,8,False,0,2025-02-26,0,0.0,0.02,0.03,2,26,0,0,1,9.142857142857142,0.0
2,4807,8,False,0,2025-02-26,10,0.0,0.01,0.01,2,26,0,0,1,8.285714285714286,0.0
2,4862,8,False,0,2025-02-26,3,0.0,0.18,0.27,2,26,0,0,1,9.142857142857142,0.0
2,5001,8,False,0,2025-02-26,5,0.0,0.01,0.03,2,26,0,0,1,8.142857142857142,0.0
2,5203,8,False,0,2025-02-26,12,0.0,0.01,0.03,2,26,0,0,1,8.285714285714286,0.0
2,3,9,True,0,2025-02-26,3,0.0,0.02,0.04,2,26,0,0,1,8.285714285714286,0.0
2,29,9,True,0,2025-02-26,1,0.0,0.05,0.09,2,26,0,0,1,8.142857142857142,0.0
2,67,9,True,0,2025-02-26,3,0.0,0.01,0.04,2,26,0,0,1,4.857142857142857,0.0
2,68,9,True,0,2025-02-26,16,0.0,0.02,0.08,2,26,0,0,1,5.285714285714286,0.0
2,75,9,True,0,2025-02-26,10,0.0,0.03,0.04,2,26,0,0,1,6.142857142857143,0.0
2,162,9,True,0,2025-02-26,12,0.0,0.03,0.09,2,26,0,0,1,7.142857142857143,0.0
2,176,9,True,0,2025-02-26,2,0.0,0.02,0.03,2,26,0,0,1,8.142857142857142,0.0
2,266,9,True,0,2025-02-26,8,0.0,0.03,0.1,2,26,0,0,1,6.714285714285714,0.0
2,322,9,True,0,2025-02-26,5,0.0,0.05,0.08,2,26,0,0,1,7.428571428571429,0.0
2,335,9,True,0,2025-02-26,7,1.0,0.02,0.07,2,26,0,0,1,8.0,0.0
2,342,9,True,0,2025-02-26,9,0.0,0.02,0.1,2,26,0,0,1,8.571428571428571,0.0
2,379,9,True,0,2025-02-26,4,0.0,0.06,0.07,2,26,0,0,1,7.571428571428571,0.0
2,426,9,True,0,2025-02-26,2,0.0,0.05,0.12,2,26,0,0,1,6.714285714285714,0.0
2,469,9,True,0,2025-02-26,8,0.0,0.02,0.02,2,26,0,0,1,5.285714285714286,0.0
2,487,9,True,0,2025-02-26,2,0.0,0.03,0.09,2,26,0,0,1,6.142857142857143,0.0
2,500,9,True,0,2025-02-26,12,0.0,0.01,0.04,2,26,0,0,1,5.285714285714286,0.0
2,520,9,True,0,2025-02-26,3,0.0,0.04,0.12,2,26,0,0,1,6.285714285714286,0.0
2,546,9,True,0,2025-02-26,11,0.0,0.02,0.05,2,26,0,0,1,5.714285714285714,0.0
2,562,9,True,0,2025-02-26,6,0.0,0.03,0.05,2,26,0,0,1,6.0,0.0
2,589,9,True,0,2025-02-26,3,0.0,0.03,0.1,2,26,0,0,1,6.285714285714286,0.0
2,591,9,True,0,2025-02-26,6,0.0,0.04,0.11,2,26,0,0,1,6.428571428571429,0.0
2,654,9,True,0,2025-02-26,3,0.0,0.03,0.09,2,26,0,0,1,6.142857142857143,0.0
2,673,9,True,0,2025-02-26,5,0.0,0.02,0.05,2,26,0,0,1,6.285714285714286,0.0
2,687,9,True,0,2025-02-26,1,0.0,0.04,0.11,2,26,0,0,1,5.285714285714286,0.0
2,698,9,True,0,2025-02-26,12,0.0,0.04,0.13,2,26,0,0,1,5.0,0.0
2,708,9,True,0,2025-02-26,4,1.0,0.04,0.11,2,26,0,0,1,5.142857142857143,0.0
2,715,9,True,0,2025-02-26,1,1.0,0.02,0.04,2,26,0,0,1,4.857142857142857,0.0
2,738,9,True,0,2025-02-26,1,0.0,0.03,0.13,2,26,0,0,1,4.571428571428571,0.0
2,856,9,True,0,2025-02-26,7,0.0,0.01,0.02,2,26,0,0,1,3.857142857142857,0.0
2,884,9,True,0,2025-02-26,3,0.0,0.05,0.12,2,26,0,0,1,4.428571428571429,0.0
2,893,9,True,0,2025-02-26,10,2.0,0.02,0.05,2,26,0,0,1,4.142857142857143,0.0
2,908,9,True,0,2025-02-26,2,0.0,0.05,0.09,2,26,0,0,1,5.428571428571429,0.0
2,920,9,True,0,2025-02-26,7,0.0,0.04,0.04,2,26,0,0,1,4.0,0.0
2,942,9,True,0,2025-02-26,3,0.0,0.01,0.05,2,26,0,0,1,4.428571428571429,0.0
2,955,9,True,0,2025-02-26,3,0.0,0.06,0.11,2,26,0,0,1,4.714285714285714,0.0
2,957,9,True,0,2025-02-26,6,0.0,0.05,0.15,2,26,0,0,1,5.0,0.0
2,977,9,True,0,2025-02-26,2,0.0,0.1,0.17,2,26,0,0,1,4.857142857142857,0.0
2,1016,9,True,0,2025-02-26,8,0.0,0.02,0.05,2,26,0,0,1,4.714285714285714,0.0
2,1039,9,True,0,2025-02-26,4,0.0,0.01,0.04,2,26,0,0,1,4.428571428571429,0.0
2,1050,9,True,0,2025-02-26,6,0.0,0.07,0.12,2,26,0,0,1,4.714285714285714,0.0
2,1075,9,True,0,2025-02-26,20,0.0,0.03,0.05,2,26,0,0,1,4.571428571428571,0.0
2,1081,9,True,0,2025-02-26,2,0.0,0.02,0.05,2,26,0,0,1,7.0,0.0
2,1157,9,True,0,2025-02-26,3,0.0,0.04,0.15,2,26,0,0,1,6.857142857142857,0.0
2,1168,9,True,0,2025-02-26,2,0.0,0.09,0.16,2,26,0,0,1,6.428571428571429,0.0
2,1241,9,True,0,2025-02-26,6,0.0,0.05,0.1,2,26,0,0,1,6.428571428571429,0.0
2,1243,9,True,0,2025-02-26,14,1.0,0.04,0.17,2,26,0,0,1,6.142857142857143,0.0
2,1281,9,True,0,2025-02-26,3,0.0,0.02,0.03,2,26,0,0,1,7.571428571428571,0.0
2,1334,9,True,0,2025-02-26,12,0.0,0.02,0.04,2,26,0,0,1,7.142857142857143,0.0
2,1364,9,True,0,2025-02-26,6,0.0,0.03,0.12,2,26,0,0,1,6.0,0.0
2,1453,9,True,0,2025-02-26,12,0.0,0.04,0.07,2,26,0,0,1,6.571428571428571,0.0
2,1504,9,True,0,2025-02-26,2,0.0,0.1,0.2,2,26,0,0,1,7.857142857142857,0.0
2,1615,9,True,0,2025-02-26,10,0.0,0.02,0.04,2,26,0,0,1,7.857142857142857,0.0
2,1699,9,True,0,2025-02-26,5,0.0,0.04,0.08,2,26,0,0,1,8.428571428571429,0.0
2,1701,9,True,0,2025-02-26,2,0.0,0.03,0.05,2,26,0,0,1,7.142857142857143,0.0
2,1713,9,True,0,2025-02-26,5,0.0,0.01,0.02,2,26,0,0,1,7.0,0.0
2,1728,9,True,0,2025-02-26,1,0.0,0.02,0.02,2,26,0,0,1,6.0,0.0
2,1774,9,True,0,2025-02-26,2,0.0,0.04,0.05,2,26,0,0,1,5.285714285714286,0.0
2,1872,9,True,0,2025-02-26,6,0.0,0.03,0.09,2,26,0,0,1,3.857142857142857,0.0
2,1885,9,True,0,2025-02-26,15,0.0,0.01,0.02,2,26,0,0,1,4.428571428571429,0.0
2,1890,9,True,0,2025-02-26,0,0.0,0.02,0.06,2,26,0,0,1,5.142857142857143,0.0
2,2007,9,True,0,2025-02-26,13,0.0,0.02,0.09,2,26,0,0,1,4.428571428571429,0.0
2,2009,9,True,0,2025-02-26,5,0.0,0.01,0.04,2,26,0,0,1,6.0,0.0
2,2067,9,True,0,2025-02-26,7,0.0,0.04,0.09,2,26,0,0,1,6.0,0.0
2,2068,9,True,0,2025-02-26,2,0.0,0.02,0.05,2,26,0,0,1,6.857142857142857,0.0
2,2073,9,True,0,2025-02-26,10,2.0,0.01,0.03,2,26,0,0,1,6.857142857142857,0.0
2,2076,9,True,0,2025-02-26,6,1.0,0.04,0.07,2,26,0,0,1,7.428571428571429,0.0
2,2121,9,True,0,2025-02-26,1,0.0,0.02,0.09,2,26,0,0,1,6.142857142857143,0.0
2,2138,9,True,0,2025-02-26,15,0.0,0.05,0.09,2,26,0,0,1,6.285714285714286,0.0
2,2184,9,True,0,2025-02-26,7,0.0,0.02,0.12,2,26,0,0,1,6.571428571428571,0.0
2,2220,9,True,0,2025-02-26,1,0.0,0.01,0.03,2,26,0,0,1,6.857142857142857,0.0
2,2225,9,True,0,2025-02-26,11,0.0,0.03,0.06,2,26,0,0,1,6.0,0.0
2,2299,9,True,0,2025-02-26,0,0.0,0.02,0.05,2,26,0,0,1,7.285714285714286,0.0
2,2353,9,True,0,2025-02-26,1,0.0,0.01,0.01,2,26,0,0,1,5.857142857142857,0.0
2,2356,9,True,0,2025-02-26,0,0.0,0.01,0.02,2,26,0,0,1,5.142857142857143,0.0
2,2388,9,True,0,2025-02-26,10,0.0,0.03,0.07,2,26,0,0,1,5.0,0.0
2,2409,9,True,0,2025-02-26,3,0.0,0.05,0.09,2,26,0,0,1,4.285714285714286,0.0
2,2427,9,True,0,2025-02-26,4,0.0,0.01,0.02,2,26,0,0,1,3.7142857142857144,0.0
2,2449,9,True,0,2025-02-26,8,1.0,0.05,0.1,2,26,0,0,1,4.142857142857143,0.0
2,2493,9,True,0,2025-02-26,11,0.0,0.02,0.05,2,26,0,0,1,3.7142857142857144,0.0
2,2540,9,True,0,2025-02-26,2,0.0,0.05,0.13,2,26,0,0,1,5.285714285714286,0.0
2,2552,9,True,0,2025-02-26,9,0.0,0.04,0.1,2,26,0,0,1,5.428571428571429,0.0
2,2597,9,True,0,2025-02-26,3,0.0,0.01,0.03,2,26,0,0,1,6.714285714285714,0.0
2,2608,9,True,0,2025-02-26,1,2.0,0.04,0.1,2,26,0,0,1,5.714285714285714,0.0
2,2629,9,True,0,2025-02-26,2,0.0,0.02,0.09,2,26,0,0,1,5.428571428571429,0.0
2,2633,9,True,0,2025-02-26,5,0.0,0.01,0.01,2,26,0,0,1,5.142857142857143,0.0
2,2684,9,True,0,2025-02-26,8,0.0,0.04,0.03,2,26,0,0,1,4.714285714285714,0.0
2,2694,9,True,0,2025-02-26,12,0.0,0.04,0.09,2,26,0,0,1,4.285714285714286,0.0
2,2724,9,True,0,2025-02-26,16,0.0,0.01,0.03,2,26,0,0,1,5.714285714285714,0.0
2,2791,9,True,0,2025-02-26,0,0.0,0.1,0.16,2,26,0,0,1,6.714285714285714,0.0
2,2796,9,True,0,2025-02-26,2,0.0,0.03,0.09,2,26,0,0,1,6.285714285714286,0.0
2,2828,9,True,0,2025-02-26,4,0.0,0.02,0.05,2,26,0,0,1,6.428571428571429,0.0
2,2868,9,True,0,2025-02-26,15,0.0,0.03,0.04,2,26,0,0,1,6.714285714285714,0.0
2,2869,9,True,0,2025-02-26,4,0.0,0.05,0.12,2,26,0,0,1,8.142857142857142,0.0
2,2877,9,True,0,2025-02-26,3,0.0,0.1,0.16,2,26,0,0,1,7.571428571428571,0.0
2,2895,9,True,0,2025-02-26,8,0.0,0.06,0.07,2,26,0,0,1,6.285714285714286,0.0
2,2896,9,True,0,2025-02-26,4,0.0,0.04,0.1,2,26,0,0,1,5.142857142857143,0.0
2,2921,9,True,0,2025-02-26,4,0.0,0.07,0.19,2,26,0,0,1,5.714285714285714,0.0
2,2937,9,True,0,2025-02-26,2,0.0,0.03,0.11,2,26,0,0,1,6.0,0.0
2,2945,9,True,0,2025-02-26,5,0.0,0.06,0.09,2,26,0,0,1,5.714285714285714,0.0
2,2967,9,True,0,2025-02-26,7,0.0,0.13,0.08,2,26,0,0,1,4.285714285714286,0.0
2,2986,9,True,0,2025-02-26,8,0.0,0.03,0.05,2,26,0,0,1,4.714285714285714,0.0
2,2998,9,True,0,2025-02-26,3,0.0,0.01,0.06,2,26,0,0,1,5.428571428571429,0.0
2,3036,9,True,0,2025-02-26,2,0.0,0.03,0.05,2,26,0,0,1,4.714285714285714,0.0
2,3059,9,True,0,2025-02-26,1,0.0,0.06,0.1,2,26,0,0,1,4.428571428571429,0.0
2,3160,9,True,0,2025-02-26,9,0.0,0.01,0.02,2,26,0,0,1,4.0,0.0
2,3191,9,True,0,2025-02-26,7,0.0,0.06,0.11,2,26,0,0,1,5.0,0.0
2,3291,9,True,0,2025-02-26,6,0.0,0.05,0.09,2,26,0,0,1,5.285714285714286,0.0
2,3332,9,True,0,2025-02-26,5,0.0,0.02,0.1,2,26,0,0,1,5.142857142857143,0.0
2,3367,9,True,0,2025-02-26,4,0.0,0.06,0.18,2,26,0,0,1,4.714285714285714,0.0
2,3405,9,True,0,2025-02-26,8,1.0,0.01,0.04,2,26,0,0,1,4.857142857142857,0.0
2,3412,9,True,0,2025-02-26,36,0.0,0.01,0.02,2,26,0,0,1,5.714285714285714,0.0
2,3477,9,True,0,2025-02-26,6,0.0,0.03,0.05,2,26,0,0,1,10.714285714285714,0.0
2,3491,9,True,0,2025-02-26,5,0.0,0.03,0.1,2,26,0,0,1,10.285714285714286,0.0
2,3503,9,True,0,2025-02-26,10,0.0,0.01,0.04,2,26,0,0,1,10.0,0.0
2,3505,9,True,0,2025-02-26,6,0.0,0.04,0.15,2,26,0,0,1,10.571428571428571,0.0
2,3531,9,True,0,2025-02-26,6,1.0,0.02,0.05,2,26,0,0,1,10.714285714285714,0.0
2,3584,9,True,0,2025-02-26,4,0.0,0.02,0.09,2,26,0,0,1,11.0,0.0
2,3699,9,True,0,2025-02-26,5,4.0,0.01,0.04,2,26,0,0,1,10.428571428571429,0.0
2,3702,9,True,0,2025-02-26,8,0.0,0.02,0.02,2,26,0,0,1,6.0,0.0
2,3794,9,True,0,2025-02-26,2,0.0,0.03,0.06,2,26,0,0,1,6.285714285714286,0.0
2,3836,9,True,0,2025-02-26,7,1.0,0.05,0.1,2,26,0,0,1,5.857142857142857,0.0
2,3872,9,True,0,2025-02-26,11,1.0,0.04,0.07,2,26,0,0,1,5.428571428571429,0.0
2,3884,9,True,0,2025-02-26,6,0.0,0.01,0.03,2,26,0,0,1,6.142857142857143,0.0
2,3962,9,True,0,2025-02-26,3,0.0,0.05,0.19,2,26,0,0,1,6.142857142857143,0.0
2,3998,9,True,0,2025-02-26,7,0.0,0.04,0.09,2,26,0,0,1,6.0,0.0
2,4008,9,True,0,2025-02-26,4,0.0,0.04,0.29,2,26,0,0,1,6.285714285714286,0.0
2,4056,9,True,0,2025-02-26,4,0.0,0.02,0.06,2,26,0,0,1,5.714285714285714,0.0
2,4075,9,True,0,2025-02-26,6,0.0,0.06,0.22,2,26,0,0,1,6.0,0.0
2,4083,9,True,0,2025-02-26,7,0.0,0.09,0.15,2,26,0,0,1,5.857142857142857,0.0
2,4232,9,True,0,2025-02-26,11,0.0,0.13,0.18,2,26,0,0,1,5.285714285714286,0.0
2,4259,9,True,0,2025-02-26,4,0.0,0.26,0.44,2,26,0,0,1,6.0,0.0
2,4262,9,True,0,2025-02-26,10,1.0,0.02,0.05,2,26,0,0,1,6.142857142857143,0.0
2,4279,9,True,0,2025-02-26,2,0.0,0.05,0.15,2,26,0,0,1,6.571428571428571,0.0
2,4296,9,True,0,2025-02-26,1,0.0,0.04,0.1,2,26,0,0,1,6.285714285714286,0.0
2,4332,9,True,0,2025-02-26,8,0.0,0.04,0.14,2,26,0,0,1,5.857142857142857,0.0
2,4353,9,True,0,2025-02-26,12,0.0,0.01,0.05,2,26,0,0,1,6.142857142857143,0.0
2,4363,9,True,0,2025-02-26,4,0.0,0.05,0.09,2,26,0,0,1,6.857142857142857,0.0
2,4393,9,True,0,2025-02-26,0,0.0,0.11,0.17,2,26,0,0,1,5.857142857142857,0.0
2,4406,9,True,0,2025-02-26,4,0.0,0.02,0.06,2,26,0,0,1,5.285714285714286,0.0
2,4459,9,True,0,2025-02-26,19,0.0,0.02,0.05,2,26,0,0,1,4.428571428571429,0.0
2,4477,9,True,0,2025-02-26,5,0.0,0.03,0.06,2,26,0,0,1,6.857142857142857,0.0
2,4532,9,True,0,2025-02-26,6,0.0,0.02,0.04,2,26,0,0,1,7.428571428571429,0.0
2,4574,9,True,0,2025-02-26,3,0.0,0.01,0.07,2,26,0,0,1,7.142857142857143,0.0
2,4623,9,True,0,2025-02-26,8,0.0,0.03,0.08,2,26,0,0,1,5.857142857142857,0.0
2,4677,9,True,0,2025-02-26,9,0.0,0.12,0.23,2,26,0,0,1,6.428571428571429,0.0
2,4695,9,True,0,2025-02-26,6,2.0,0.04,0.1,2,26,0,0,1,7.714285714285714,0.0
2,4709,9,True,0,2025-02-26,8,0.0,0.08,0.12,2,26,0,0,1,8.0,0.0
2,4728,9,True,0,2025-02-26,7,0.0,0.02,0.04,2,26,0,0,1,6.428571428571429,0.0
2,4737,9,True,0,2025-02-26,0,0.0,0.01,0.03,2,26,0,0,1,6.714285714285714,0.0
2,4775,9,True,0,2025-02-26,6,2.0,0.04,0.04,2,26,0,0,1,5.857142857142857,0.0
2,4784,9,True,0,2025-02-26,3,0.0,0.01,0.05,2,26,0,0,1,6.285714285714286,0.0
2,4858,9,True,0,2025-02-26,5,0.0,0.15,0.29,2,26,0,0,1,5.571428571428571,0.0
2,4863,9,True,0,2025-02-26,4,0.0,0.02,0.05,2,26,0,0,1,5.0,0.0
2,4927,9,True,0,2025-02-26,2,0.0,0.06,0.03,2,26,0,0,1,4.714285714285714,0.0
2,4974,9,True,0,2025-02-26,3,0.0,0.02,0.06,2,26,0,0,1,3.857142857142857,0.0
2,5011,9,True,0,2025-02-26,12,0.0,0.06,0.12,2,26,0,0,1,3.2857142857142856,0.0
2,5012,9,True,0,2025-02-26,3,1.0,0.01,0.04,2,26,0,0,1,5.0,0.0
2,5070,9,True,0,2025-02-26,11,2.0,0.05,0.15,2,26,0,0,1,4.571428571428571,0.0
2,5226,9,True,0,2025-02-26,8,0.0,0.05,0.16,2,26,0,0,1,5.714285714285714,0.0
2,5242,9,True,0,2025-02-26,5,0.0,0.04,0.2,2,26,0,0,1,6.142857142857143,0.0
2,15,10,False,0,2025-02-26,12,0.0,0.03,0.13,2,26,0,0,1,6.285714285714286,0.0
2,149,10,False,0,2025-02-26,15,0.0,0.02,0.05,2,26,0,0,1,7.714285714285714,0.0
2,2636,10,False,0,2025-02-26,13,0.0,0.09,0.21,2,26,0,0,1,9.428571428571429,0.0
2,3122,10,False,0,2025-02-26,10,1.0,0.01,0.04,2,26,0,0,1,9.571428571428571,0.0
2,3904,10,False,0,2025-02-26,1,0.0,0.03,0.04,2,26,0,0,1,10.571428571428571,0.0
2,4959,10,False,0,2025-02-26,22,0.0,0.01,0.02,2,26,0,0,1,9.142857142857142,0.0
2,518,11,False,0,2025-02-26,1,0.0,0.16,0.15,2,26,0,0,1,11.142857142857142,0.0
2,810,11,False,0,2025-02-26,0,0.0,0.1,0.12,2,26,0,0,1,10.571428571428571,0.0
2,926,11,False,0,2025-02-26,2,1.0,0.14,0.18,2,26,0,0,1,8.857142857142858,0.0
2,1341,11,False,0,2025-02-26,9,1.0,0.16,0.19,2,26,0,0,1,7.0,0.0
2,1346,11,False,0,2025-02-26,0,0.0,0.07,0.07,2,26,0,0,1,6.428571428571429,0.0
2,1797,11,False,0,2025-02-26,2,0.0,0.07,0.11,2,26,0,0,1,5.0,0.0
2,1879,11,False,0,2025-02-26,4,0.0,0.1,0.12,2,26,0,0,1,5.142857142857143,0.0
2,3084,11,False,0,2025-02-26,6,0.0,0.12,0.15,2,26,0,0,1,2.5714285714285716,0.0
2,3414,11,False,0,2025-02-26,0,0.0,0.1,0.12,2,26,0,0,1,3.2857142857142856,0.0
2,3602,11,False,0,2025-02-26,3,0.0,0.12,0.15,2,26,0,0,1,3.2857142857142856,0.0
2,3829,11,False,0,2025-02-26,6,0.0,0.1,0.15,2,26,0,0,1,3.4285714285714284,0.0
2,3961,11,False,0,2025-02-26,3,0.0,0.09,0.11,2,26,0,0,1,3.0,0.0
2,4171,11,False,0,2025-02-26,4,0.0,0.14,0.21,2,26,0,0,1,3.4285714285714284,0.0
2,4182,11,False,0,2025-02-26,2,0.0,0.07,0.07,2,26,0,0,1,3.7142857142857144,0.0
2,4322,11,False,0,2025-02-26,0,0.0,0.1,0.12,2,26,0,0,1,3.4285714285714284,0.0
2,4930,11,False,0,2025-02-26,3,0.0,0.09,0.12,2,26,0,0,1,2.5714285714285716,0.0
2,27,1,False,0,2025-02-24,4,0.0,0.07,0.08,0,24,0,0,0,3.0,0.0
2,982,1,False,0,2025-02-24,4,0.0,0.2,0.24,0,24,0,0,0,3.142857142857143,0.0
2,1030,1,False,0,2025-02-24,6,0.0,0.29,0.37,0,24,0,0,0,2.857142857142857,0.0
2,1304,1,False,0,2025-02-24,3,0.0,0.04,0.06,0,24,0,0,0,3.2857142857142856,0.0
2,1590,1,False,0,2025-02-24,4,0.0,0.06,0.09,0,24,0,0,0,3.142857142857143,0.0
2,1752,1,False,0,2025-02-24,6,0.0,0.16,0.22,0,24,0,0,0,3.4285714285714284,0.0
2,1840,1,False,0,2025-02-24,4,0.0,0.13,0.17,0,24,0,0,0,4.285714285714286,0.0
2,1853,1,False,0,2025-02-24,0,0.0,0.18,0.21,0,24,0,0,0,4.428571428571429,0.0
2,1874,1,False,0,2025-02-24,6,0.0,0.03,0.03,0,24,0,0,0,3.857142857142857,0.0
2,2850,1,False,0,2025-02-24,4,0.0,0.18,0.22,0,24,0,0,0,4.142857142857143,0.0
2,3058,1,False,0,2025-02-24,6,0.0,0.16,0.19,0,24,0,0,0,3.857142857142857,0.0
2,3120,1,False,0,2025-02-24,1,4.0,0.16,0.18,0,24,0,0,0,4.285714285714286,0.0
2,3621,1,False,0,2025-02-24,2,0.0,0.03,0.04,0,24,0,0,0,3.857142857142857,0.0
2,3625,1,False,0,2025-02-24,5,0.0,0.16,0.18,0,24,0,0,0,3.2857142857142856,0.0
2,4088,1,False,0,2025-02-24,2,0.0,0.33,0.4,0,24,0,0,0,3.4285714285714284,0.0
2,4089,1,False,0,2025-02-24,2,0.0,0.16,0.23,0,24,0,0,0,3.7142857142857144,0.0
2,4206,1,False,0,2025-02-24,3,0.0,0.5,0.6,0,24,0,0,0,3.142857142857143,0.0
2,4693,1,False,0,2025-02-24,3,0.0,0.09,0.11,0,24,0,0,0,3.0,0.0
2,5035,1,False,0,2025-02-24,3,0.0,0.13,0.15,0,24,0,0,0,2.5714285714285716,0.0
2,9,3,True,0,2025-02-24,1,0.0,0.11,0.15,0,24,0,0,0,2.857142857142857,0.0
2,42,3,True,0,2025-02-24,1,0.0,0.05,0.06,0,24,0,0,0,2.7142857142857144,0.0
2,54,3,True,0,2025-02-24,1,0.0,0.18,0.21,0,24,0,0,0,2.142857142857143,0.0
2,63,3,True,0,2025-02-24,3,0.0,0.14,0.17,0,24,0,0,0,2.0,0.0
2,71,3,True,0,2025-02-24,4,0.0,0.03,0.03,0,24,0,0,0,2.142857142857143,0.0
2,73,3,True,0,2025-02-24,3,0.0,0.15,0.19,0,24,0,0,0,2.2857142857142856,0.0
2,118,3,True,0,2025-02-24,2,0.0,0.05,0.08,0,24,0,0,0,2.2857142857142856,0.0
2,151,3,True,0,2025-02-24,0,1.0,0.21,0.29,0,24,0,0,0,2.142857142857143,0.0
2,154,3,True,0,2025-02-24,2,0.0,0.18,0.22,0,24,0,0,0,2.0,0.0
2,156,3,True,0,2025-02-24,2,0.0,0.04,0.05,0,24,0,0,0,2.142857142857143,0.0
2,224,3,True,0,2025-02-24,1,0.0,0.06,0.08,0,24,0,0,0,2.2857142857142856,0.0
2,230,3,True,0,2025-02-24,2,0.0,0.03,0.04,0,24,0,0,0,2.0,0.0
2,258,3,True,0,2025-02-24,0,1.0,0.03,0.04,0,24,0,0,0,1.7142857142857142,0.0
2,304,3,True,0,2025-02-24,2,0.0,0.1,0.12,0,24,0,0,0,1.2857142857142858,0.0
2,307,3,True,0,2025-02-24,3,0.0,0.16,0.21,0,24,0,0,0,1.2857142857142858,0.0
2,319,3,True,0,2025-02-24,1,0.0,0.35,0.42,0,24,0,0,0,1.7142857142857142,0.0
2,323,3,True,0,2025-02-24,1,0.0,0.28,0.33,0,24,0,0,0,1.5714285714285714,0.0
2,347,3,True,0,2025-02-24,2,0.0,0.06,0.07,0,24,0,0,0,1.4285714285714286,0.0
2,377,3,True,0,2025-02-24,4,0.0,0.14,0.17,0,24,0,0,0,1.5714285714285714,0.0
2,384,3,True,0,2025-02-24,0,0.0,0.04,0.06,0,24,0,0,0,1.8571428571428572,0.0
2,396,3,True,0,2025-02-24,3,0.0,0.22,0.25,0,24,0,0,0,1.8571428571428572,0.0
2,400,3,True,0,2025-02-24,1,0.0,0.19,0.23,0,24,0,0,0,2.0,0.0
2,409,3,True,0,2025-02-24,1,0.0,0.1,0.11,0,24,0,0,0,1.7142857142857142,0.0
2,414,3,True,0,2025-02-24,1,0.0,0.08,0.09,0,24,0,0,0,1.7142857142857142,0.0
2,424,3,True,0,2025-02-24,4,0.0,0.09,0.12,0,24,0,0,0,1.7142857142857142,0.0
2,430,3,True,0,2025-02-24,1,0.0,0.13,0.22,0,24,0,0,0,2.0,0.0
2,452,3,True,0,2025-02-24,2,0.0,0.07,0.09,0,24,0,0,0,1.5714285714285714,0.0
2,514,3,True,0,2025-02-24,4,0.0,0.16,0.2,0,24,0,0,0,1.8571428571428572,0.0
2,541,3,True,0,2025-02-24,4,0.0,0.07,0.1,0,24,0,0,0,2.0,0.0
2,550,3,True,0,2025-02-24,0,0.0,0.13,0.18,0,24,0,0,0,2.4285714285714284,0.0
2,570,3,True,0,2025-02-24,2,0.0,0.15,0.18,0,24,0,0,0,2.2857142857142856,0.0
2,571,3,True,0,2025-02-24,2,0.0,0.11,0.15,0,24,0,0,0,2.4285714285714284,0.0
2,604,3,True,0,2025-02-24,1,0.0,0.3,0.37,0,24,0,0,0,2.142857142857143,0.0
2,618,3,True,0,2025-02-24,2,0.0,0.13,0.16,0,24,0,0,0,2.142857142857143,0.0
2,630,3,True,0,2025-02-24,0,0.0,0.06,0.07,0,24,0,0,0,2.142857142857143,0.0
2,642,3,True,0,2025-02-24,1,0.0,0.07,0.11,0,24,0,0,0,1.5714285714285714,0.0
2,643,3,True,0,2025-02-24,1,0.0,0.06,0.07,0,24,0,0,0,1.1428571428571428,0.0
2,664,3,True,0,2025-02-24,1,0.0,0.14,0.19,0,24,0,0,0,1.2857142857142858,0.0
2,674,3,True,0,2025-02-24,1,0.0,0.15,0.18,0,24,0,0,0,1.1428571428571428,0.0
2,679,3,True,0,2025-02-24,1,0.0,0.06,0.07,0,24,0,0,0,1.0,0.0
2,713,3,True,0,2025-02-24,3,0.0,0.06,0.07,0,24,0,0,0,1.0,0.0
2,725,3,True,0,2025-02-24,2,0.0,0.18,0.23,0,24,0,0,0,1.1428571428571428,0.0
2,766,3,True,0,2025-02-24,5,0.0,0.06,0.09,0,24,0,0,0,1.4285714285714286,0.0
2,767,3,True,0,2025-02-24,2,0.0,0.17,0.22,0,24,0,0,0,2.0,0.0
2,775,3,True,0,2025-02-24,2,0.0,0.12,0.15,0,24,0,0,0,2.142857142857143,0.0
2,800,3,True,0,2025-02-24,3,0.0,0.26,0.37,0,24,0,0,0,2.2857142857142856,0.0
2,804,3,True,0,2025-02-24,5,0.0,0.1,0.14,0,24,0,0,0,2.5714285714285716,0.0
2,806,3,True,0,2025-02-24,1,0.0,0.08,0.1,0,24,0,0,0,3.142857142857143,0.0
2,807,3,True,0,2025-02-24,4,0.0,0.13,0.16,0,24,0,0,0,2.857142857142857,0.0
2,808,3,True,0,2025-02-24,1,0.0,0.06,0.07,0,24,0,0,0,3.142857142857143,0.0
2,832,3,True,0,2025-02-24,1,0.0,0.12,0.16,0,24,0,0,0,2.5714285714285716,0.0
2,836,3,True,0,2025-02-24,2,0.0,0.07,0.09,0,24,0,0,0,2.4285714285714284,0.0
2,841,3,True,0,2025-02-24,4,0.0,0.13,0.17,0,24,0,0,0,2.4285714285714284,0.0
2,847,3,True,0,2025-02-24,2,0.0,0.08,0.11,0,24,0,0,0,2.5714285714285716,0.0
2,850,3,True,0,2025-02-24,2,0.0,0.49,0.61,0,24,0,0,0,2.142857142857143,0.0
2,874,3,True,0,2025-02-24,2,0.0,0.03,0.04,0,24,0,0,0,2.2857142857142856,0.0
2,897,3,True,0,2025-02-24,7,0.0,0.05,0.05,0,24,0,0,0,2.0,0.0
2,903,3,True,0,2025-02-24,3,0.0,0.05,0.08,0,24,0,0,0,2.857142857142857,0.0
2,905,3,True,0,2025-02-24,1,0.0,0.12,0.16,0,24,0,0,0,3.142857142857143,0.0
2,921,3,True,0,2025-02-24,3,0.0,0.09,0.12,0,24,0,0,0,3.0,0.0
2,922,3,True,0,2025-02-24,4,0.0,0.07,0.09,0,24,0,0,0,2.857142857142857,0.0
2,937,3,True,0,2025-02-24,0,0.0,0.03,0.05,0,24,0,0,0,3.142857142857143,0.0
2,940,3,True,0,2025-02-24,4,0.0,0.2,0.25,0,24,0,0,0,2.857142857142857,0.0
2,965,3,True,0,2025-02-24,1,0.0,0.36,0.43,0,24,0,0,0,3.142857142857143,0.0
2,971,3,True,0,2025-02-24,4,0.0,0.08,0.1,0,24,0,0,0,2.2857142857142856,0.0
2,978,3,True,0,2025-02-24,1,0.0,0.11,0.13,0,24,0,0,0,2.4285714285714284,0.0
2,983,3,True,0,2025-02-24,3,0.0,0.11,0.13,0,24,0,0,0,2.4285714285714284,0.0
2,1005,3,True,0,2025-02-24,7,0.0,0.07,0.09,0,24,0,0,0,2.4285714285714284,0.0
2,1006,3,True,0,2025-02-24,0,0.0,0.03,0.04,0,24,0,0,0,2.857142857142857,0.0
2,1022,3,True,0,2025-02-24,1,0.0,0.09,0.12,0,24,0,0,0,2.857142857142857,0.0
2,1046,3,True,0,2025-02-24,3,0.0,0.06,0.1,0,24,0,0,0,2.4285714285714284,0.0
2,1074,3,True,0,2025-02-24,1,0.0,0.11,0.1,0,24,0,0,0,2.7142857142857144,0.0
2,1080,3,True,0,2025-02-24,2,0.0,0.15,0.2,0,24,0,0,0,2.2857142857142856,0.0
2,1089,3,True,0,2025-02-24,2,0.0,0.11,0.14,0,24,0,0,0,2.4285714285714284,0.0
2,1094,3,True,0,2025-02-24,0,0.0,0.18,0.2,0,24,0,0,0,2.2857142857142856,0.0
2,1106,3,True,0,2025-02-24,5,0.0,0.08,0.11,0,24,0,0,0,1.2857142857142858,0.0
2,1141,3,True,0,2025-02-24,1,0.0,0.09,0.13,0,24,0,0,0,2.0,0.0
2,1142,3,True,0,2025-02-24,0,2.0,0.28,0.34,0,24,0,0,0,2.0,0.0
2,1150,3,True,0,2025-02-24,3,0.0,0.04,0.05,0,24,0,0,0,1.5714285714285714,0.0
2,1153,3,True,0,2025-02-24,0,0.0,0.07,0.09,0,24,0,0,0,1.8571428571428572,0.0
2,1173,3,True,0,2025-02-24,1,0.0,0.05,0.07,0,24,0,0,0,1.5714285714285714,0.0
2,1208,3,True,0,2025-02-24,4,0.0,0.1,0.12,0,24,0,0,0,1.4285714285714286,0.0
2,1246,3,True,0,2025-02-24,1,0.0,0.04,0.08,0,24,0,0,0,2.0,0.0
2,1254,3,True,0,2025-02-24,2,0.0,0.23,0.29,0,24,0,0,0,1.4285714285714286,0.0
2,1280,3,True,0,2025-02-24,1,0.0,0.14,0.16,0,24,0,0,0,1.5714285714285714,0.0
2,1315,3,True,0,2025-02-24,3,0.0,0.14,0.2,0,24,0,0,0,1.7142857142857142,0.0
2,1322,3,True,0,2025-02-24,2,0.0,0.25,0.28,0,24,0,0,0,1.7142857142857142,0.0
2,1337,3,True,0,2025-02-24,2,0.0,0.04,0.06,0,24,0,0,0,2.0,0.0
2,1348,3,True,0,2025-02-24,3,0.0,0.14,0.19,0,24,0,0,0,2.142857142857143,0.0
2,1353,3,True,0,2025-02-24,1,0.0,0.12,0.16,0,24,0,0,0,2.0,0.0
2,1387,3,True,0,2025-02-24,0,0.0,0.04,0.05,0,24,0,0,0,2.0,0.0
2,1413,3,True,0,2025-02-24,1,0.0,0.51,0.57,0,24,0,0,0,1.7142857142857142,0.0
2,1446,3,True,0,2025-02-24,9,0.0,0.01,0.01,0,24,0,0,0,1.7142857142857142,0.0
2,1450,3,True,0,2025-02-24,3,0.0,0.05,0.06,0,24,0,0,0,2.5714285714285716,0.0
2,1458,3,True,0,2025-02-24,1,0.0,0.05,0.06,0,24,0,0,0,2.7142857142857144,0.0
2,1460,3,True,0,2025-02-24,3,0.0,0.05,0.06,0,24,0,0,0,2.5714285714285716,0.0
2,1486,3,True,0,2025-02-24,2,1.0,0.07,0.09,0,24,0,0,0,2.5714285714285716,0.0
2,1514,3,True,0,2025-02-24,1,0.0,0.19,0.2,0,24,0,0,0,2.7142857142857144,0.0
2,1518,3,True,0,2025-02-24,1,0.0,0.17,0.2,0,24,0,0,0,2.857142857142857,0.0
2,1520,3,True,0,2025-02-24,2,0.0,0.05,0.06,0,24,0,0,0,2.857142857142857,0.0
2,1577,3,True,0,2025-02-24,2,0.0,0.07,0.09,0,24,0,0,0,1.8571428571428572,0.0
2,1604,3,True,0,2025-02-24,1,0.0,0.36,0.41,0,24,0,0,0,1.7142857142857142,0.0
2,1651,3,True,0,2025-02-24,1,0.0,0.22,0.27,0,24,0,0,0,1.7142857142857142,0.0
2,1660,3,True,0,2025-02-24,1,0.0,0.1,0.12,0,24,0,0,0,1.4285714285714286,0.0
2,1667,3,True,0,2025-02-24,1,0.0,0.07,0.08,0,24,0,0,0,1.2857142857142858,0.0
2,1689,3,True,0,2025-02-24,3,0.0,0.05,0.06,0,24,0,0,0,1.2857142857142858,0.0
2,1691,3,True,0,2025-02-24,2,0.0,0.03,0.05,0,24,0,0,0,1.5714285714285714,0.0
2,1717,3,True,0,2025-02-24,1,0.0,0.27,0.32,0,24,0,0,0,1.5714285714285714,0.0
2,1736,3,True,0,2025-02-24,1,0.0,0.06,0.09,0,24,0,0,0,1.4285714285714286,0.0
2,1781,3,True,0,2025-02-24,1,0.0,0.04,0.04,0,24,0,0,0,1.4285714285714286,0.0
2,1791,3,True,0,2025-02-24,1,0.0,0.3,0.44,0,24,0,0,0,1.4285714285714286,0.0
2,1798,3,True,0,2025-02-24,2,0.0,0.22,0.28,0,24,0,0,0,1.4285714285714286,0.0
2,1800,3,True,0,2025-02-24,0,0.0,0.24,0.32,0,24,0,0,0,1.5714285714285714,0.0
2,1803,3,True,0,2025-02-24,1,0.0,0.07,0.15,0,24,0,0,0,1.1428571428571428,0.0
2,1804,3,True,0,2025-02-24,2,1.0,0.09,0.11,0,24,0,0,0,1.0,0.0
2,1843,3,True,0,2025-02-24,1,0.0,0.04,0.06,0,24,0,0,0,1.1428571428571428,0.0
2,1852,3,True,0,2025-02-24,3,0.0,0.05,0.06,0,24,0,0,0,1.1428571428571428,0.0
2,1871,3,True,0,2025-02-24,2,0.0,0.17,0.2,0,24,0,0,0,1.4285714285714286,0.0
2,1876,3,True,0,2025-02-24,3,0.0,0.07,0.1,0,24,0,0,0,1.5714285714285714,0.0
2,1881,3,True,0,2025-02-24,2,0.0,0.18,0.24,0,24,0,0,0,1.7142857142857142,0.0
2,1903,3,True,0,2025-02-24,1,0.0,0.05,0.07,0,24,0,0,0,2.0,0.0
2,1908,3,True,0,2025-02-24,2,0.0,0.03,0.06,0,24,0,0,0,2.0,0.0
2,1918,3,True,0,2025-02-24,1,0.0,0.03,0.04,0,24,0,0,0,2.0,0.0
2,1932,3,True,0,2025-02-24,0,0.0,0.1,0.14,0,24,0,0,0,2.0,0.0
2,1936,3,True,0,2025-02-24,0,0.0,0.43,0.46,0,24,0,0,0,1.5714285714285714,0.0
2,1947,3,True,0,2025-02-24,16,2.0,0.09,0.13,0,24,0,0,0,1.2857142857142858,0.0
2,1962,3,True,0,2025-02-24,1,0.0,0.06,0.09,0,24,0,0,0,3.142857142857143,0.0
2,1965,3,True,0,2025-02-24,5,0.0,0.24,0.27,0,24,0,0,0,3.0,0.0
2,1992,3,True,0,2025-02-24,1,0.0,0.08,0.11,0,24,0,0,0,3.5714285714285716,0.0
2,1994,3,True,0,2025-02-24,1,0.0,0.03,0.03,0,24,0,0,0,3.4285714285714284,0.0
2,2017,3,True,0,2025-02-24,3,0.0,0.11,0.15,0,24,0,0,0,3.4285714285714284,0.0
2,2019,3,True,0,2025-02-24,1,0.0,0.15,0.17,0,24,0,0,0,3.857142857142857,0.0
2,2041,3,True,0,2025-02-24,0,0.0,0.06,0.08,0,24,0,0,0,4.0,0.0
2,2043,3,True,0,2025-02-24,4,0.0,0.07,0.09,0,24,0,0,0,1.7142857142857142,0.0
2,2047,3,True,0,2025-02-24,1,0.0,0.12,0.14,0,24,0,0,0,2.142857142857143,0.0
2,2055,3,True,0,2025-02-24,2,0.0,0.1,0.11,0,24,0,0,0,1.5714285714285714,0.0
2,2084,3,True,0,2025-02-24,3,0.0,0.05,0.05,0,24,0,0,0,1.7142857142857142,0.0
2,2111,3,True,0,2025-02-24,3,0.0,0.29,0.36,0,24,0,0,0,2.0,0.0
2,2114,3,True,0,2025-02-24,1,0.0,0.06,0.08,0,24,0,0,0,2.0,0.0
2,2115,3,True,0,2025-02-24,6,0.0,0.49,0.47,0,24,0,0,0,2.0,0.0
2,2117,3,True,0,2025-02-24,2,0.0,0.14,0.17,0,24,0,0,0,2.857142857142857,0.0
2,2136,3,True,0,2025-02-24,2,0.0,0.28,0.31,0,24,0,0,0,2.5714285714285716,0.0
2,2146,3,True,0,2025-02-24,3,0.0,0.2,0.26,0,24,0,0,0,2.7142857142857144,0.0
2,2173,3,True,0,2025-02-24,4,0.0,0.04,0.04,0,24,0,0,0,2.857142857142857,0.0
2,2186,3,True,0,2025-02-24,1,0.0,0.25,0.27,0,24,0,0,0,3.0,0.0
2,2192,3,True,0,2025-02-24,0,0.0,0.07,0.1,0,24,0,0,0,2.7142857142857144,0.0
2,2201,3,True,0,2025-02-24,1,0.0,0.12,0.15,0,24,0,0,0,2.5714285714285716,0.0
2,2203,3,True,0,2025-02-24,1,0.0,0.15,0.2,0,24,0,0,0,1.8571428571428572,0.0
2,2206,3,True,0,2025-02-24,21,0.0,0.02,0.03,0,24,0,0,0,1.7142857142857142,0.0
2,2228,3,True,0,2025-02-24,0,0.0,0.16,0.21,0,24,0,0,0,4.428571428571429,0.0
2,2245,3,True,0,2025-02-24,1,0.0,0.2,0.22,0,24,0,0,0,4.0,0.0
2,2249,3,True,0,2025-02-24,2,0.0,0.06,0.07,0,24,0,0,0,3.5714285714285716,0.0
2,2265,3,True,0,2025-02-24,1,0.0,0.03,0.04,0,24,0,0,0,3.7142857142857144,0.0
2,2268,3,True,0,2025-02-24,3,0.0,0.14,0.18,0,24,0,0,0,3.857142857142857,0.0
2,2282,3,True,0,2025-02-24,2,0.0,0.08,0.11,0,24,0,0,0,4.142857142857143,0.0
2,2289,3,True,0,2025-02-24,3,0.0,0.08,0.1,0,24,0,0,0,4.285714285714286,0.0
2,2300,3,True,0,2025-02-24,0,0.0,0.23,0.28,0,24,0,0,0,1.7142857142857142,0.0
2,2314,3,True,0,2025-02-24,1,0.0,0.06,0.08,0,24,0,0,0,1.7142857142857142,0.0
2,2316,3,True,0,2025-02-24,1,0.0,0.08,0.09,0,24,0,0,0,1.7142857142857142,0.0
2,2347,3,True,0,2025-02-24,2,0.0,0.16,0.2,0,24,0,0,0,1.5714285714285714,0.0
2,2350,3,True,0,2025-02-24,1,0.0,0.04,0.05,0,24,0,0,0,1.7142857142857142,0.0
2,2385,3,True,0,2025-02-24,7,0.0,0.02,0.03,0,24,0,0,0,1.4285714285714286,0.0
2,2387,3,True,0,2025-02-24,0,0.0,0.1,0.16,0,24,0,0,0,2.142857142857143,0.0
2,2394,3,True,0,2025-02-24,0,0.0,0.12,0.16,0,24,0,0,0,1.7142857142857142,0.0
2,2402,3,True,0,2025-02-24,2,0.0,0.07,0.1,0,24,0,0,0,1.7142857142857142,0.0
2,2406,3,True,0,2025-02-24,2,0.0,0.29,0.43,0,24,0,0,0,1.8571428571428572,0.0
2,2411,3,True,0,2025-02-24,3,0.0,0.16,0.2,0,24,0,0,0,2.0,0.0
2,2422,3,True,0,2025-02-24,1,0.0,0.27,0.31,0,24,0,0,0,2.142857142857143,0.0
2,2426,3,True,0,2025-02-24,0,0.0,0.15,0.16,0,24,0,0,0,2.142857142857143,0.0
2,2472,3,True,0,2025-02-24,1,0.0,0.09,0.12,0,24,0,0,0,1.1428571428571428,0.0
2,2496,3,True,0,2025-02-24,2,0.0,0.22,0.32,0,24,0,0,0,1.2857142857142858,0.0
2,2501,3,True,0,2025-02-24,1,0.0,0.09,0.11,0,24,0,0,0,1.5714285714285714,0.0
2,2505,3,True,0,2025-02-24,0,1.0,0.09,0.11,0,24,0,0,0,1.4285714285714286,0.0
2,2521,3,True,0,2025-02-24,1,0.0,0.43,0.51,0,24,0,0,0,1.1428571428571428,0.0
2,2524,3,True,0,2025-02-24,1,0.0,0.29,0.37,0,24,0,0,0,0.8571428571428571,0.0
2,2532,3,True,0,2025-02-24,1,0.0,0.12,0.11,0,24,0,0,0,0.8571428571428571,0.0
2,2533,3,True,0,2025-02-24,2,0.0,0.34,0.36,0,24,0,0,0,1.0,0.0
2,2555,3,True,0,2025-02-24,1,0.0,0.03,0.04,0,24,0,0,0,1.1428571428571428,0.0
2,2572,3,True,0,2025-02-24,0,0.0,0.34,0.45,0,24,0,0,0,1.0,0.0
2,2573,3,True,0,2025-02-24,2,0.0,0.23,0.31,0,24,0,0,0,0.8571428571428571,0.0
2,2575,3,True,0,2025-02-24,3,0.0,0.02,0.03,0,24,0,0,0,1.1428571428571428,0.0
2,2578,3,True,0,2025-02-24,3,0.0,0.04,0.06,0,24,0,0,0,1.4285714285714286,0.0
2,2593,3,True,0,2025-02-24,3,0.0,0.01,0.02,0,24,0,0,0,1.7142857142857142,0.0
2,2594,3,True,0,2025-02-24,1,0.0,0.24,0.27,0,24,0,0,0,2.0,0.0
2,2596,3,True,0,2025-02-24,0,0.0,0.22,0.19,0,24,0,0,0,1.8571428571428572,0.0
2,2626,3,True,0,2025-02-24,1,0.0,0.25,0.37,0,24,0,0,0,1.7142857142857142,0.0
2,2637,3,True,0,2025-02-24,2,0.0,0.15,0.18,0,24,0,0,0,1.8571428571428572,0.0
2,2650,3,True,0,2025-02-24,1,0.0,0.07,0.09,0,24,0,0,0,1.8571428571428572,0.0
2,2663,3,True,0,2025-02-24,1,0.0,0.54,0.64,0,24,0,0,0,1.5714285714285714,0.0
2,2664,3,True,0,2025-02-24,3,0.0,0.19,0.24,0,24,0,0,0,1.2857142857142858,0.0
2,2668,3,True,0,2025-02-24,5,0.0,0.22,0.28,0,24,0,0,0,1.2857142857142858,0.0
2,2710,3,True,0,2025-02-24,2,0.0,0.06,0.09,0,24,0,0,0,1.8571428571428572,0.0
2,2715,3,True,0,2025-02-24,0,0.0,0.04,0.05,0,24,0,0,0,2.142857142857143,0.0
2,2741,3,True,0,2025-02-24,2,0.0,0.17,0.2,0,24,0,0,0,2.0,0.0
2,2746,3,True,0,2025-02-24,2,0.0,0.15,0.2,0,24,0,0,0,2.0,0.0
2,2768,3,True,0,2025-02-24,3,0.0,0.08,0.12,0,24,0,0,0,2.142857142857143,0.0
2,2814,3,True,0,2025-02-24,1,0.0,0.1,0.14,0,24,0,0,0,2.4285714285714284,0.0
2,2826,3,True,0,2025-02-24,2,0.0,0.06,0.1,0,24,0,0,0,2.142857142857143,0.0
2,2827,3,True,0,2025-02-24,1,0.0,0.34,0.37,0,24,0,0,0,1.7142857142857142,0.0
2,2861,3,True,0,2025-02-24,1,0.0,0.09,0.11,0,24,0,0,0,1.5714285714285714,0.0
2,2862,3,True,0,2025-02-24,1,0.0,0.32,0.38,0,24,0,0,0,1.7142857142857142,0.0
2,2864,3,True,0,2025-02-24,19,0.0,0.06,0.07,0,24,0,0,0,1.5714285714285714,0.0
2,2866,3,True,0,2025-02-24,2,0.0,0.25,0.29,0,24,0,0,0,4.0,0.0
2,2902,3,True,0,2025-02-24,3,0.0,0.04,0.05,0,24,0,0,0,3.857142857142857,0.0
2,2910,3,True,0,2025-02-24,0,0.0,0.25,0.32,0,24,0,0,0,4.142857142857143,0.0
2,2911,3,True,0,2025-02-24,2,0.0,0.27,0.36,0,24,0,0,0,3.857142857142857,0.0
2,2951,3,True,0,2025-02-24,2,0.0,0.07,0.09,0,24,0,0,0,4.0,0.0
2,2954,3,True,0,2025-02-24,5,0.0,0.05,0.07,0,24,0,0,0,4.142857142857143,0.0
2,2958,3,True,0,2025-02-24,0,0.0,0.04,0.05,0,24,0,0,0,4.714285714285714,0.0
2,2974,3,True,0,2025-02-24,4,0.0,0.12,0.15,0,24,0,0,0,2.0,0.0
2,2975,3,True,0,2025-02-24,2,0.0,0.14,0.14,0,24,0,0,0,2.2857142857142856,0.0
2,2980,3,True,0,2025-02-24,4,0.0,0.06,0.08,0,24,0,0,0,2.142857142857143,0.0
2,3022,3,True,0,2025-02-24,3,0.0,0.2,0.23,0,24,0,0,0,2.7142857142857144,0.0
2,3052,3,True,0,2025-02-24,1,0.0,0.16,0.22,0,24,0,0,0,2.857142857142857,0.0
2,3061,3,True,0,2025-02-24,3,0.0,0.03,0.05,0,24,0,0,0,2.7142857142857144,0.0
2,3069,3,True,0,2025-02-24,2,0.0,0.14,0.18,0,24,0,0,0,2.4285714285714284,0.0
2,3074,3,True,0,2025-02-24,0,0.0,0.12,0.16,0,24,0,0,0,2.7142857142857144,0.0
2,3077,3,True,0,2025-02-24,3,0.0,0.44,0.68,0,24,0,0,0,2.142857142857143,0.0
2,3079,3,True,0,2025-02-24,1,0.0,0.1,0.11,0,24,0,0,0,2.2857142857142856,0.0
2,3083,3,True,0,2025-02-24,2,0.0,0.06,0.08,0,24,0,0,0,1.8571428571428572,0.0
2,3104,3,True,0,2025-02-24,5,0.0,0.24,0.24,0,24,0,0,0,1.7142857142857142,0.0
2,3116,3,True,0,2025-02-24,3,0.0,0.09,0.13,0,24,0,0,0,2.2857142857142856,0.0
2,3117,3,True,0,2025-02-24,2,0.0,0.05,0.06,0,24,0,0,0,2.2857142857142856,0.0
2,3119,3,True,0,2025-02-24,2,0.0,0.09,0.12,0,24,0,0,0,2.2857142857142856,0.0
2,3165,3,True,0,2025-02-24,1,0.0,0.07,0.09,0,24,0,0,0,2.5714285714285716,0.0
2,3208,3,True,0,2025-02-24,2,0.0,0.07,0.1,0,24,0,0,0,2.2857142857142856,0.0
2,3212,3,True,0,2025-02-24,0,0.0,0.08,0.1,0,24,0,0,0,2.4285714285714284,0.0
2,3219,3,True,0,2025-02-24,4,0.0,0.08,0.11,0,24,0,0,0,2.142857142857143,0.0
2,3234,3,True,0,2025-02-24,6,0.0,0.13,0.17,0,24,0,0,0,2.0,0.0
2,3242,3,True,0,2025-02-24,1,0.0,0.05,0.07,0,24,0,0,0,2.4285714285714284,0.0
2,3263,3,True,0,2025-02-24,1,0.0,0.31,0.39,0,24,0,0,0,2.2857142857142856,0.0
2,3266,3,True,0,2025-02-24,3,0.0,0.08,0.12,0,24,0,0,0,2.142857142857143,0.0
2,3276,3,True,0,2025-02-24,4,0.0,0.1,0.12,0,24,0,0,0,2.4285714285714284,0.0
2,3286,3,True,0,2025-02-24,2,0.0,0.22,0.29,0,24,0,0,0,2.7142857142857144,0.0
2,3347,3,True,0,2025-02-24,2,0.0,0.1,0.12,0,24,0,0,0,3.0,0.0
2,3358,3,True,0,2025-02-24,2,0.0,0.17,0.29,0,24,0,0,0,2.7142857142857144,0.0
2,3363,3,True,0,2025-02-24,1,0.0,0.18,0.22,0,24,0,0,0,2.142857142857143,0.0
2,3369,3,True,0,2025-02-24,2,0.0,0.06,0.08,0,24,0,0,0,2.142857142857143,0.0
2,3393,3,True,0,2025-02-24,1,0.0,0.07,0.08,0,24,0,0,0,2.2857142857142856,0.0
2,3452,3,True,0,2025-02-24,2,0.0,0.14,0.13,0,24,0,0,0,2.0,0.0
2,3495,3,True,0,2025-02-24,4,0.0,0.08,0.12,0,24,0,0,0,1.7142857142857142,0.0
2,3502,3,True,0,2025-02-24,0,0.0,0.08,0.11,0,24,0,0,0,2.0,0.0
2,3523,3,True,0,2025-02-24,1,0.0,0.17,0.22,0,24,0,0,0,1.7142857142857142,0.0
2,3527,3,True,0,2025-02-24,3,0.0,0.15,0.19,0,24,0,0,0,1.5714285714285714,0.0
2,3538,3,True,0,2025-02-24,2,0.0,0.02,0.05,0,24,0,0,0,1.8571428571428572,0.0
2,3546,3,True,0,2025-02-24,1,0.0,0.12,0.16,0,24,0,0,0,1.8571428571428572,0.0
2,3549,3,True,0,2025-02-24,3,0.0,0.15,0.19,0,24,0,0,0,1.8571428571428572,0.0
2,3560,3,True,0,2025-02-24,1,0.0,0.2,0.24,0,24,0,0,0,2.0,0.0
2,3589,3,True,0,2025-02-24,1,0.0,0.09,0.11,0,24,0,0,0,1.5714285714285714,0.0
2,3609,3,True,0,2025-02-24,2,1.0,0.04,0.05,0,24,0,0,0,1.7142857142857142,0.0
2,3641,3,True,0,2025-02-24,1,0.0,0.07,0.09,0,24,0,0,0,1.8571428571428572,0.0
2,3642,3,True,0,2025-02-24,1,0.0,0.42,0.44,0,24,0,0,0,1.5714285714285714,0.0
2,3653,3,True,0,2025-02-24,1,0.0,0.25,0.34,0,24,0,0,0,1.4285714285714286,0.0
2,3701,3,True,0,2025-02-24,4,0.0,0.23,0.26,0,24,0,0,0,1.4285714285714286,0.0
2,3708,3,True,0,2025-02-24,3,0.0,0.02,0.03,0,24,0,0,0,1.5714285714285714,0.0
2,3726,3,True,0,2025-02-24,0,0.0,0.1,0.13,0,24,0,0,0,1.8571428571428572,0.0
2,3746,3,True,0,2025-02-24,2,0.0,0.06,0.08,0,24,0,0,0,1.7142857142857142,0.0
2,3749,3,True,0,2025-02-24,2,0.0,0.08,0.11,0,24,0,0,0,1.7142857142857142,0.0
2,3769,3,True,0,2025-02-24,3,0.0,0.27,0.32,0,24,0,0,0,1.8571428571428572,0.0
2,3798,3,True,0,2025-02-24,1,0.0,0.04,0.05,0,24,0,0,0,2.142857142857143,0.0
2,3803,3,True,0,2025-02-24,1,0.0,0.14,0.17,0,24,0,0,0,2.142857142857143,0.0
2,3834,3,True,0,2025-02-24,2,0.0,0.04,0.06,0,24,0,0,0,1.7142857142857142,0.0
2,3839,3,True,0,2025-02-24,1,0.0,0.05,0.09,0,24,0,0,0,1.5714285714285714,0.0
2,3852,3,True,0,2025-02-24,1,0.0,0.24,0.31,0,24,0,0,0,1.7142857142857142,0.0
2,3864,3,True,0,2025-02-24,2,0.0,0.05,0.08,0,24,0,0,0,1.5714285714285714,0.0
2,3877,3,True,0,2025-02-24,20,0.0,0.01,0.02,0,24,0,0,0,1.5714285714285714,0.0
2,3891,3,True,0,2025-02-24,2,0.0,0.17,0.17,0,24,0,0,0,4.0,0.0
2,3893,3,True,0,2025-02-24,0,0.0,0.08,0.1,0,24,0,0,0,4.142857142857143,0.0
2,3909,3,True,0,2025-02-24,2,0.0,0.08,0.1,0,24,0,0,0,4.0,0.0
2,3911,3,True,0,2025-02-24,1,0.0,0.08,0.1,0,24,0,0,0,4.0,0.0
2,3915,3,True,0,2025-02-24,2,0.0,0.1,0.13,0,24,0,0,0,4.0,0.0
2,3922,3,True,0,2025-02-24,1,0.0,0.03,0.04,0,24,0,0,0,4.142857142857143,0.0
2,3934,3,True,0,2025-02-24,3,0.0,0.38,0.43,0,24,0,0,0,4.0,0.0
2,3951,3,True,0,2025-02-24,1,0.0,0.4,0.33,0,24,0,0,0,1.5714285714285714,0.0
2,3982,3,True,0,2025-02-24,2,0.0,0.17,0.19,0,24,0,0,0,1.4285714285714286,0.0
2,4002,3,True,0,2025-02-24,5,0.0,0.05,0.08,0,24,0,0,0,1.7142857142857142,0.0
2,4011,3,True,0,2025-02-24,1,0.0,0.07,0.11,0,24,0,0,0,2.142857142857143,0.0
2,4033,3,True,0,2025-02-24,1,0.0,0.11,0.14,0,24,0,0,0,2.142857142857143,0.0
2,4041,3,True,0,2025-02-24,3,0.0,0.04,0.05,0,24,0,0,0,2.0,0.0
2,4062,3,True,0,2025-02-24,2,0.0,0.12,0.19,0,24,0,0,0,2.2857142857142856,0.0
2,4097,3,True,0,2025-02-24,9,1.0,0.03,0.04,0,24,0,0,0,2.142857142857143,0.0
2,4119,3,True,0,2025-02-24,1,0.0,0.16,0.15,0,24,0,0,0,3.2857142857142856,0.0
2,4120,3,True,0,2025-02-24,5,0.0,0.16,0.17,0,24,0,0,0,3.142857142857143,0.0
2,4167,3,True,0,2025-02-24,2,0.0,0.33,0.37,0,24,0,0,0,3.142857142857143,0.0
2,4179,3,True,0,2025-02-24,0,0.0,0.12,0.17,0,24,0,0,0,3.2857142857142856,0.0
2,4191,3,True,0,2025-02-24,1,0.0,0.12,0.17,0,24,0,0,0,3.142857142857143,0.0
2,4192,3,True,0,2025-02-24,1,0.0,0.18,0.19,0,24,0,0,0,2.857142857142857,0.0
2,4203,3,True,0,2025-02-24,1,0.0,0.04,0.06,0,24,0,0,0,2.7142857142857144,0.0
2,4207,3,True,0,2025-02-24,2,0.0,0.11,0.14,0,24,0,0,0,1.5714285714285714,0.0
2,4210,3,True,0,2025-02-24,2,0.0,0.28,0.34,0,24,0,0,0,1.7142857142857142,0.0
2,4230,3,True,0,2025-02-24,1,0.0,0.13,0.16,0,24,0,0,0,1.2857142857142858,0.0
2,4239,3,True,0,2025-02-24,0,0.0,0.05,0.11,0,24,0,0,0,1.1428571428571428,0.0
2,4242,3,True,0,2025-02-24,2,0.0,0.32,0.39,0,24,0,0,0,1.1428571428571428,0.0
2,4246,3,True,0,2025-02-24,1,0.0,0.26,0.33,0,24,0,0,0,1.2857142857142858,0.0
2,4248,3,True,0,2025-02-24,1,0.0,0.24,0.33,0,24,0,0,0,1.2857142857142858,0.0
2,4260,3,True,0,2025-02-24,5,0.0,0.06,0.07,0,24,0,0,0,1.2857142857142858,0.0
2,4269,3,True,0,2025-02-24,1,0.0,0.08,0.1,0,24,0,0,0,1.7142857142857142,0.0
2,4277,3,True,0,2025-02-24,0,0.0,0.04,0.04,0,24,0,0,0,1.5714285714285714,0.0
2,4302,3,True,0,2025-02-24,1,0.0,0.57,0.64,0,24,0,0,0,1.4285714285714286,0.0
2,4315,3,True,0,2025-02-24,2,0.0,0.12,0.17,0,24,0,0,0,1.5714285714285714,0.0
2,4339,3,True,0,2025-02-24,3,0.0,0.23,0.32,0,24,0,0,0,1.5714285714285714,0.0
2,4357,3,True,0,2025-02-24,0,0.0,0.07,0.1,0,24,0,0,0,1.8571428571428572,0.0
2,4369,3,True,0,2025-02-24,1,0.0,0.38,0.53,0,24,0,0,0,1.7142857142857142,0.0
2,4381,3,True,0,2025-02-24,1,0.0,0.14,0.2,0,24,0,0,0,1.1428571428571428,0.0
2,4397,3,True,0,2025-02-24,2,0.0,0.09,0.16,0,24,0,0,0,1.1428571428571428,0.0
2,4409,3,True,0,2025-02-24,0,0.0,0.09,0.12,0,24,0,0,0,1.4285714285714286,0.0
2,4469,3,True,0,2025-02-24,1,0.0,0.25,0.32,0,24,0,0,0,1.2857142857142858,0.0
2,4475,3,True,0,2025-02-24,1,0.0,0.06,0.08,0,24,0,0,0,1.1428571428571428,0.0
2,4517,3,True,0,2025-02-24,3,0.0,0.29,0.29,0,24,0,0,0,0.8571428571428571,0.0
2,4521,3,True,0,2025-02-24,4,0.0,0.22,0.29,0,24,0,0,0,1.2857142857142858,0.0
2,4524,3,True,0,2025-02-24,2,0.0,0.17,0.2,0,24,0,0,0,1.7142857142857142,0.0
2,4527,3,True,0,2025-02-24,1,0.0,0.1,0.12,0,24,0,0,0,1.8571428571428572,0.0
2,4540,3,True,0,2025-02-24,2,0.0,0.04,0.06,0,24,0,0,0,1.7142857142857142,0.0
2,4546,3,True,0,2025-02-24,2,0.0,0.1,0.15,0,24,0,0,0,2.0,0.0
2,4563,3,True,0,2025-02-24,1,0.0,0.15,0.18,0,24,0,0,0,2.142857142857143,0.0
2,4572,3,True,0,2025-02-24,3,0.0,0.09,0.12,0,24,0,0,0,2.142857142857143,0.0
2,4582,3,True,0,2025-02-24,2,0.0,0.4,0.49,0,24,0,0,0,2.142857142857143,0.0
2,4640,3,True,0,2025-02-24,2,0.0,0.25,0.33,0,24,0,0,0,1.8571428571428572,0.0
2,4675,3,True,0,2025-02-24,2,0.0,0.12,0.16,0,24,0,0,0,1.8571428571428572,0.0
2,4683,3,True,0,2025-02-24,3,0.0,0.03,0.05,0,24,0,0,0,2.0,0.0
2,4689,3,True,0,2025-02-24,0,0.0,0.11,0.12,0,24,0,0,0,2.142857142857143,0.0
2,4699,3,True,0,2025-02-24,2,0.0,0.07,0.1,0,24,0,0,0,1.8571428571428572,0.0
2,4704,3,True,0,2025-02-24,2,0.0,0.24,0.36,0,24,0,0,0,2.0,0.0
2,4725,3,True,0,2025-02-24,2,0.0,0.09,0.11,0,24,0,0,0,1.8571428571428572,0.0
2,4744,3,True,0,2025-02-24,8,4.0,0.04,0.04,0,24,0,0,0,1.8571428571428572,0.0
2,4757,3,True,0,2025-02-24,2,0.0,0.16,0.19,0,24,0,0,0,2.7142857142857144,0.0
2,4765,3,True,0,2025-02-24,5,0.0,0.12,0.17,0,24,0,0,0,2.7142857142857144,0.0
2,4769,3,True,0,2025-02-24,0,0.0,0.5,0.64,0,24,0,0,0,3.0,0.0
2,4782,3,True,0,2025-02-24,0,0.0,0.14,0.17,0,24,0,0,0,3.0,0.0
2,4783,3,True,0,2025-02-24,2,0.0,0.27,0.37,0,24,0,0,0,2.7142857142857144,0.0
2,4790,3,True,0,2025-02-24,2,0.0,0.09,0.11,0,24,0,0,0,2.7142857142857144,0.0
2,4794,3,True,0,2025-02-24,1,0.0,0.06,0.08,0,24,0,0,0,2.7142857142857144,0.0
2,4802,3,True,0,2025-02-24,4,0.0,0.16,0.17,0,24,0,0,0,1.7142857142857142,0.0
2,4803,3,True,0,2025-02-24,0,0.0,0.65,0.62,0,24,0,0,0,2.0,0.0
2,4816,3,True,0,2025-02-24,13,1.0,0.11,0.14,0,24,0,0,0,1.2857142857142858,0.0
2,4820,3,True,0,2025-02-24,3,0.0,0.06,0.07,0,24,0,0,0,3.142857142857143,0.0
2,4833,3,True,0,2025-02-24,1,0.0,0.22,0.28,0,24,0,0,0,3.5714285714285716,0.0
2,4848,3,True,0,2025-02-24,2,0.0,0.07,0.08,0,24,0,0,0,3.4285714285714284,0.0
2,4852,3,True,0,2025-02-24,1,0.0,0.2,0.21,0,24,0,0,0,3.4285714285714284,0.0
2,4859,3,True,0,2025-02-24,1,0.0,0.05,0.06,0,24,0,0,0,3.4285714285714284,0.0
2,4870,3,True,0,2025-02-24,3,0.0,0.1,0.13,0,24,0,0,0,3.0,0.0
2,4878,3,True,0,2025-02-24,3,0.0,0.1,0.14,0,24,0,0,0,3.4285714285714284,0.0
2,4883,3,True,0,2025-02-24,1,0.0,0.12,0.13,0,24,0,0,0,2.0,0.0
2,4885,3,True,0,2025-02-24,3,0.0,0.06,0.08,0,24,0,0,0,1.7142857142857142,0.0
2,4886,3,True,0,2025-02-24,1,0.0,0.16,0.23,0,24,0,0,0,2.0,0.0
2,4888,3,True,0,2025-02-24,2,0.0,0.17,0.18,0,24,0,0,0,1.8571428571428572,0.0
2,4908,3,True,0,2025-02-24,1,0.0,0.16,0.19,0,24,0,0,0,2.0,0.0
2,4934,3,True,0,2025-02-24,6,0.0,0.07,0.09,0,24,0,0,0,2.0,0.0
2,4938,3,True,0,2025-02-24,1,0.0,0.54,0.59,0,24,0,0,0,2.4285714285714284,0.0
2,4948,3,True,0,2025-02-24,2,0.0,0.12,0.18,0,24,0,0,0,2.142857142857143,0.0
2,4957,3,True,0,2025-02-24,0,0.0,0.11,0.13,0,24,0,0,0,2.2857142857142856,0.0
2,4971,3,True,0,2025-02-24,1,0.0,0.29,0.36,0,24,0,0,0,1.8571428571428572,0.0
2,4976,3,True,0,2025-02-24,4,0.0,0.04,0.06,0,24,0,0,0,1.8571428571428572,0.0
2,4981,3,True,0,2025-02-24,1,0.0,0.15,0.18,0,24,0,0,0,2.142857142857143,0.0
2,4984,3,True,0,2025-02-24,1,0.0,0.06,0.08,0,24,0,0,0,2.142857142857143,0.0
2,4986,3,True,0,2025-02-24,1,0.0,0.05,0.06,0,24,0,0,0,1.4285714285714286,0.0
2,5004,3,True,0,2025-02-24,2,0.0,0.05,0.06,0,24,0,0,0,1.4285714285714286,0.0
2,5024,3,True,0,2025-02-24,1,0.0,0.1,0.12,0,24,0,0,0,1.4285714285714286,0.0
2,5074,3,True,0,2025-02-24,0,0.0,0.23,0.29,0,24,0,0,0,1.5714285714285714,0.0
2,5094,3,True,0,2025-02-24,2,0.0,0.05,0.08,0,24,0,0,0,1.4285714285714286,0.0
2,5095,3,True,0,2025-02-24,1,0.0,0.03,0.04,0,24,0,0,0,1.1428571428571428,0.0
2,5101,3,True,0,2025-02-24,3,0.0,0.01,0.02,0,24,0,0,0,1.1428571428571428,0.0
2,5105,3,True,0,2025-02-24,0,2.0,0.15,0.17,0,24,0,0,0,1.4285714285714286,0.0
2,5119,3,True,0,2025-02-24,0,0.0,0.06,0.09,0,24,0,0,0,1.2857142857142858,0.0
2,5125,3,True,0,2025-02-24,1,0.0,0.06,0.07,0,24,0,0,0,1.0,0.0
2,5139,3,True,0,2025-02-24,1,0.0,0.2,0.27,0,24,0,0,0,1.0,0.0
2,5209,3,True,0,2025-02-24,0,1.0,0.35,0.43,0,24,0,0,0,1.1428571428571428,0.0
2,5221,3,True,0,2025-02-24,2,0.0,0.05,0.06,0,24,0,0,0,0.8571428571428571,0.0
2,5261,3,True,0,2025-02-24,0,0.0,0.15,0.19,0,24,0,0,0,1.0,0.0
2,5262,3,True,0,2025-02-24,2,0.0,0.04,0.06,0,24,0,0,0,0.5714285714285714,0.0
2,5280,3,True,0,2025-02-24,1,0.0,0.09,0.12,0,24,0,0,0,0.8571428571428571,0.0
2,5281,3,True,0,2025-02-24,2,0.0,0.27,0.28,0,24,0,0,0,1.0,0.0
2,2,4,False,0,2025-02-24,2,0.0,0.02,0.04,0,24,0,0,0,1.1428571428571428,0.0
2,17,4,False,0,2025-02-24,2,0.0,0.06,0.09,0,24,0,0,0,1.2857142857142858,0.0
2,26,4,False,0,2025-02-24,6,0.0,0.04,0.06,0,24,0,0,0,1.5714285714285714,0.0
2,38,4,False,0,2025-02-24,1,0.0,0.12,0.17,0,24,0,0,0,2.142857142857143,0.0
2,64,4,False,0,2025-02-24,3,0.0,0.01,0.02,0,24,0,0,0,2.2857142857142856,0.0
2,88,4,False,0,2025-02-24,0,0.0,0.02,0.03,0,24,0,0,0,2.4285714285714284,0.0
2,99,4,False,0,2025-02-24,2,0.0,0.02,0.05,0,24,0,0,0,2.2857142857142856,0.0
2,100,4,False,0,2025-02-24,2,0.0,0.04,0.05,0,24,0,0,0,2.2857142857142856,0.0
2,145,4,False,0,2025-02-24,3,0.0,0.06,0.1,0,24,0,0,0,2.2857142857142856,0.0
2,168,4,False,0,2025-02-24,3,0.0,0.04,0.06,0,24,0,0,0,2.4285714285714284,0.0
2,175,4,False,0,2025-02-24,2,0.0,0.03,0.06,0,24,0,0,0,2.0,0.0
2,178,4,False,0,2025-02-24,0,0.0,0.0,0.0,0,24,0,0,0,2.142857142857143,0.0
2,182,4,False,0,2025-02-24,1,0.0,0.03,0.05,0,24,0,0,0,1.7142857142857142,0.0
2,185,4,False,0,2025-02-24,3,0.0,0.02,0.03,0,24,0,0,0,1.8571428571428572,0.0
2,205,4,False,0,2025-02-24,5,0.0,0.1,0.14,0,24,0,0,0,2.0,0.0
2,235,4,False,0,2025-02-24,2,0.0,0.06,0.08,0,24,0,0,0,2.4285714285714284,0.0
2,255,4,False,0,2025-02-24,0,0.0,0.03,0.03,0,24,0,0,0,2.2857142857142856,0.0
2,272,4,False,0,2025-02-24,2,0.0,0.03,0.05,0,24,0,0,0,1.8571428571428572,0.0
2,290,4,False,0,2025-02-24,3,0.0,0.06,0.08,0,24,0,0,0,1.8571428571428572,0.0
2,292,4,False,0,2025-02-24,3,0.0,0.04,0.05,0,24,0,0,0,2.2857142857142856,0.0
2,306,4,False,0,2025-02-24,2,0.0,0.04,0.06,0,24,0,0,0,2.5714285714285716,0.0
2,314,4,False,0,2025-02-24,0,0.0,0.03,0.05,0,24,0,0,0,2.4285714285714284,0.0
2,328,4,False,0,2025-02-24,1,0.0,0.07,0.09,0,24,0,0,0,1.7142857142857142,0.0
2,338,4,False,0,2025-02-24,3,0.0,0.05,0.07,0,24,0,0,0,1.5714285714285714,0.0
2,350,4,False,0,2025-02-24,4,0.0,0.03,0.05,0,24,0,0,0,2.0,0.0
2,362,4,False,0,2025-02-24,1,1.0,0.02,0.03,0,24,0,0,0,2.2857142857142856,0.0
2,370,4,False,0,2025-02-24,2,0.0,0.03,0.05,0,24,0,0,0,2.0,0.0
2,372,4,False,0,2025-02-24,0,0.0,0.02,0.04,0,24,0,0,0,1.8571428571428572,0.0
2,447,4,False,0,2025-02-24,2,0.0,0.06,0.08,0,24,0,0,0,1.5714285714285714,0.0
2,464,4,False,0,2025-02-24,1,0.0,0.02,0.03,0,24,0,0,0,1.8571428571428572,0.0
2,482,4,False,0,2025-02-24,1,0.0,0.02,0.04,0,24,0,0,0,1.8571428571428572,0.0
2,524,4,False,0,2025-02-24,4,0.0,0.02,0.03,0,24,0,0,0,1.5714285714285714,0.0
2,552,4,False,0,2025-02-24,3,0.0,0.07,0.1,0,24,0,0,0,1.5714285714285714,0.0
2,560,4,False,0,2025-02-24,1,0.0,0.02,0.03,0,24,0,0,0,1.8571428571428572,0.0
2,584,4,False,0,2025-02-24,1,0.0,0.05,0.08,0,24,0,0,0,1.7142857142857142,0.0
2,595,4,False,0,2025-02-24,4,0.0,0.07,0.13,0,24,0,0,0,1.8571428571428572,0.0
2,613,4,False,0,2025-02-24,2,0.0,0.02,0.04,0,24,0,0,0,2.142857142857143,0.0
2,621,4,False,0,2025-02-24,2,0.0,0.05,0.1,0,24,0,0,0,2.2857142857142856,0.0
2,622,4,False,0,2025-02-24,3,0.0,0.02,0.04,0,24,0,0,0,2.4285714285714284,0.0
2,676,4,False,0,2025-02-24,3,0.0,0.08,0.12,0,24,0,0,0,2.2857142857142856,0.0
2,700,4,False,0,2025-02-24,3,0.0,0.03,0.05,0,24,0,0,0,2.2857142857142856,0.0
2,723,4,False,0,2025-02-24,1,0.0,0.03,0.04,0,24,0,0,0,2.5714285714285716,0.0
2,726,4,False,0,2025-02-24,3,0.0,0.04,0.05,0,24,0,0,0,2.5714285714285716,0.0
2,731,4,False,0,2025-02-24,1,0.0,0.19,0.18,0,24,0,0,0,2.4285714285714284,0.0
2,736,4,False,0,2025-02-24,8,0.0,0.04,0.06,0,24,0,0,0,2.2857142857142856,0.0
2,749,4,False,0,2025-02-24,2,0.0,0.08,0.14,0,24,0,0,0,3.142857142857143,0.0
2,761,4,False,0,2025-02-24,1,0.0,0.02,0.02,0,24,0,0,0,3.0,0.0
2,824,4,False,0,2025-02-24,8,0.0,0.01,0.01,0,24,0,0,0,2.7142857142857144,0.0
2,826,4,False,0,2025-02-24,2,0.0,0.05,0.06,0,24,0,0,0,3.4285714285714284,0.0
2,845,4,False,0,2025-02-24,2,1.0,0.07,0.1,0,24,0,0,0,3.5714285714285716,0.0
2,849,4,False,0,2025-02-24,1,0.0,0.04,0.07,0,24,0,0,0,3.4285714285714284,0.0
2,852,4,False,0,2025-02-24,0,0.0,0.02,0.04,0,24,0,0,0,3.4285714285714284,0.0
2,871,4,False,0,2025-02-24,2,0.0,0.05,0.07,0,24,0,0,0,2.2857142857142856,0.0
2,880,4,False,0,2025-02-24,7,0.0,0.04,0.07,0,24,0,0,0,2.2857142857142856,0.0
2,883,4,False,0,2025-02-24,3,0.0,0.02,0.05,0,24,0,0,0,3.142857142857143,0.0
2,892,4,False,0,2025-02-24,3,0.0,0.02,0.03,0,24,0,0,0,2.4285714285714284,0.0
2,953,4,False,0,2025-02-24,2,0.0,0.01,0.02,0,24,0,0,0,2.5714285714285716,0.0
2,989,4,False,0,2025-02-24,0,0.0,0.02,0.03,0,24,0,0,0,2.5714285714285716,0.0
2,1003,4,False,0,2025-02-24,2,0.0,0.02,0.03,0,24,0,0,0,2.4285714285714284,0.0
2,1009,4,False,0,2025-02-24,3,0.0,0.21,0.26,0,24,0,0,0,2.7142857142857144,0.0
2,1013,4,False,0,2025-02-24,3,0.0,0.08,0.11,0,24,0,0,0,2.857142857142857,0.0
2,1040,4,False,0,2025-02-24,6,0.0,0.03,0.04,0,24,0,0,0,2.2857142857142856,0.0
2,1041,4,False,0,2025-02-24,2,0.0,0.05,0.07,0,24,0,0,0,2.7142857142857144,0.0
2,1066,4,False,0,2025-02-24,3,0.0,0.01,0.02,0,24,0,0,0,2.5714285714285716,0.0
2,1069,4,False,0,2025-02-24,1,0.0,0.07,0.09,0,24,0,0,0,2.7142857142857144,0.0
2,1077,4,False,0,2025-02-24,1,0.0,0.06,0.09,0,24,0,0,0,2.857142857142857,0.0
2,1090,4,False,0,2025-02-24,0,0.0,0.04,0.05,0,24,0,0,0,2.7142857142857144,0.0
2,1092,4,False,0,2025-02-24,2,0.0,0.02,0.03,0,24,0,0,0,2.2857142857142856,0.0
2,1111,4,False,0,2025-02-24,0,0.0,0.06,0.07,0,24,0,0,0,2.142857142857143,0.0
2,1119,4,False,0,2025-02-24,2,0.0,0.04,0.09,0,24,0,0,0,1.2857142857142858,0.0
2,1123,4,False,0,2025-02-24,3,0.0,0.0,0.01,0,24,0,0,0,1.2857142857142858,0.0
2,1137,4,False,0,2025-02-24,2,0.0,0.03,0.04,0,24,0,0,0,1.2857142857142858,0.0
2,1182,4,False,0,2025-02-24,3,0.0,0.02,0.02,0,24,0,0,0,1.4285714285714286,0.0
2,1245,4,False,0,2025-02-24,3,0.0,0.04,0.05,0,24,0,0,0,1.7142857142857142,0.0
2,1248,4,False,0,2025-02-24,6,0.0,0.01,0.01,0,24,0,0,0,2.142857142857143,0.0
2,1257,4,False,0,2025-02-24,1,0.0,0.1,0.15,0,24,0,0,0,2.7142857142857144,0.0
2,1268,4,False,0,2025-02-24,2,0.0,0.06,0.08,0,24,0,0,0,2.857142857142857,0.0
2,1316,4,False,0,2025-02-24,4,0.0,0.03,0.05,0,24,0,0,0,2.857142857142857,0.0
2,1321,4,False,0,2025-02-24,2,0.0,0.03,0.04,0,24,0,0,0,3.0,0.0
2,1329,4,False,0,2025-02-24,4,0.0,0.01,0.02,0,24,0,0,0,3.0,0.0
2,1369,4,False,0,2025-02-24,2,0.0,0.02,0.03,0,24,0,0,0,3.142857142857143,0.0
2,1373,4,False,0,2025-02-24,3,0.0,0.05,0.06,0,24,0,0,0,3.0,0.0
2,1394,4,False,0,2025-02-24,4,0.0,0.02,0.02,0,24,0,0,0,2.5714285714285716,0.0
2,1402,4,False,0,2025-02-24,3,0.0,0.03,0.05,0,24,0,0,0,3.0,0.0
2,1417,4,False,0,2025-02-24,2,0.0,0.06,0.08,0,24,0,0,0,3.142857142857143,0.0
2,1420,4,False,0,2025-02-24,1,0.0,0.04,0.06,0,24,0,0,0,2.857142857142857,0.0
2,1428,4,False,0,2025-02-24,0,0.0,0.03,0.04,0,24,0,0,0,2.7142857142857144,0.0
2,1436,4,False,0,2025-02-24,0,1.0,0.05,0.07,0,24,0,0,0,2.142857142857143,0.0
2,1473,4,False,0,2025-02-24,2,0.0,0.06,0.09,0,24,0,0,0,1.8571428571428572,0.0
2,1481,4,False,0,2025-02-24,1,0.0,0.04,0.07,0,24,0,0,0,1.7142857142857142,0.0
2,1493,4,False,0,2025-02-24,2,0.0,0.06,0.07,0,24,0,0,0,1.2857142857142858,0.0
2,1497,4,False,0,2025-02-24,2,0.0,0.05,0.08,0,24,0,0,0,1.1428571428571428,0.0
2,1506,4,False,0,2025-02-24,3,0.0,0.02,0.04,0,24,0,0,0,1.1428571428571428,0.0
2,1519,4,False,0,2025-02-24,3,0.0,0.05,0.07,0,24,0,0,0,1.4285714285714286,0.0
2,1539,4,False,0,2025-02-24,0,0.0,0.02,0.03,0,24,0,0,0,1.8571428571428572,0.0
2,1546,4,False,0,2025-02-24,2,0.0,0.03,0.04,0,24,0,0,0,1.8571428571428572,0.0
2,1563,4,False,0,2025-02-24,2,0.0,0.04,0.04,0,24,0,0,0,1.8571428571428572,0.0
2,1570,4,False,0,2025-02-24,1,0.0,0.02,0.03,0,24,0,0,0,2.0,0.0
2,1573,4,False,0,2025-02-24,2,0.0,0.07,0.11,0,24,0,0,0,1.8571428571428572,0.0
2,1574,4,False,0,2025-02-24,2,0.0,0.07,0.11,0,24,0,0,0,1.8571428571428572,0.0
2,1594,4,False,0,2025-02-24,3,0.0,0.02,0.03,0,24,0,0,0,1.7142857142857142,0.0
2,1607,4,False,0,2025-02-24,4,0.0,0.07,0.12,0,24,0,0,0,1.7142857142857142,0.0
2,1626,4,False,0,2025-02-24,3,0.0,0.06,0.07,0,24,0,0,0,2.2857142857142856,0.0
2,1644,4,False,0,2025-02-24,2,0.0,0.07,0.11,0,24,0,0,0,2.4285714285714284,0.0
2,1652,4,False,0,2025-02-24,2,0.0,0.05,0.08,0,24,0,0,0,2.4285714285714284,0.0
2,1673,4,False,0,2025-02-24,3,0.0,0.06,0.08,0,24,0,0,0,2.5714285714285716,0.0
2,1675,4,False,0,2025-02-24,2,0.0,0.05,0.08,0,24,0,0,0,2.7142857142857144,0.0
2,1686,4,False,0,2025-02-24,1,0.0,0.07,0.09,0,24,0,0,0,2.7142857142857144,0.0
2,1706,4,False,0,2025-02-24,2,0.0,0.01,0.03,0,24,0,0,0,2.4285714285714284,0.0
2,1716,4,False,0,2025-02-24,1,0.0,0.03,0.05,0,24,0,0,0,2.142857142857143,0.0
2,1732,4,False,0,2025-02-24,1,0.0,0.08,0.12,0,24,0,0,0,1.8571428571428572,0.0
2,1738,4,False,0,2025-02-24,2,0.0,0.02,0.04,0,24,0,0,0,1.7142857142857142,0.0
2,1745,4,False,0,2025-02-24,2,0.0,0.05,0.08,0,24,0,0,0,1.7142857142857142,0.0
2,1759,4,False,0,2025-02-24,0,0.0,0.03,0.04,0,24,0,0,0,1.5714285714285714,0.0
2,1776,4,False,0,2025-02-24,1,0.0,0.14,0.19,0,24,0,0,0,1.2857142857142858,0.0
2,1790,4,False,0,2025-02-24,2,0.0,0.04,0.07,0,24,0,0,0,1.2857142857142858,0.0
2,1826,4,False,0,2025-02-24,3,0.0,0.07,0.08,0,24,0,0,0,1.2857142857142858,0.0
2,1830,4,False,0,2025-02-24,4,0.0,0.15,0.2,0,24,0,0,0,1.5714285714285714,0.0
2,1863,4,False,0,2025-02-24,3,0.0,0.04,0.07,0,24,0,0,0,2.0,0.0
2,1866,4,False,0,2025-02-24,0,0.0,0.02,0.03,0,24,0,0,0,2.142857142857143,0.0
2,1922,4,False,0,2025-02-24,3,0.0,0.02,0.04,0,24,0,0,0,1.8571428571428572,0.0
2,1934,4,False,0,2025-02-24,1,0.0,0.02,0.04,0,24,0,0,0,2.2857142857142856,0.0
2,1975,4,False,0,2025-02-24,0,0.0,0.03,0.05,0,24,0,0,0,2.2857142857142856,0.0
2,1984,4,False,0,2025-02-24,2,0.0,0.06,0.08,0,24,0,0,0,2.0,0.0
2,2005,4,False,0,2025-02-24,2,0.0,0.16,0.25,0,24,0,0,0,1.8571428571428572,0.0
2,2013,4,False,0,2025-02-24,4,0.0,0.03,0.04,0,24,0,0,0,1.5714285714285714,0.0
2,2025,4,False,0,2025-02-24,1,0.0,0.03,0.05,0,24,0,0,0,1.7142857142857142,0.0
2,2028,4,False,0,2025-02-24,1,0.0,0.03,0.05,0,24,0,0,0,1.8571428571428572,0.0
2,2033,4,False,0,2025-02-24,0,0.0,0.11,0.15,0,24,0,0,0,1.5714285714285714,0.0
2,2035,4,False,0,2025-02-24,1,0.0,0.02,0.03,0,24,0,0,0,1.4285714285714286,0.0
2,2042,4,False,0,2025-02-24,2,0.0,0.03,0.06,0,24,0,0,0,1.5714285714285714,0.0
2,2051,4,False,0,2025-02-24,2,0.0,0.03,0.04,0,24,0,0,0,1.5714285714285714,0.0
2,2061,4,False,0,2025-02-24,3,0.0,0.02,0.04,0,24,0,0,0,1.5714285714285714,0.0
2,2069,4,False,0,2025-02-24,1,0.0,0.07,0.1,0,24,0,0,0,1.4285714285714286,0.0
2,2083,4,False,0,2025-02-24,2,0.0,0.06,0.09,0,24,0,0,0,1.4285714285714286,0.0
2,2088,4,False,0,2025-02-24,1,0.0,0.03,0.04,0,24,0,0,0,1.5714285714285714,0.0
2,2129,4,False,0,2025-02-24,3,0.0,0.03,0.04,0,24,0,0,0,1.7142857142857142,0.0
2,2144,4,False,0,2025-02-24,2,0.0,0.03,0.06,0,24,0,0,0,2.0,0.0
2,2149,4,False,0,2025-02-24,2,0.0,0.04,0.06,0,24,0,0,0,2.0,0.0
2,2167,4,False,0,2025-02-24,3,0.0,0.05,0.07,0,24,0,0,0,2.0,0.0
2,2193,4,False,0,2025-02-24,3,0.0,0.08,0.08,0,24,0,0,0,2.0,0.0
2,2230,4,False,0,2025-02-24,1,0.0,0.02,0.04,0,24,0,0,0,2.2857142857142856,0.0
2,2233,4,False,0,2025-02-24,1,0.0,0.06,0.06,0,24,0,0,0,2.142857142857143,0.0
2,2238,4,False,0,2025-02-24,2,0.0,0.04,0.06,0,24,0,0,0,2.142857142857143,0.0
2,2257,4,False,0,2025-02-24,0,0.0,0.04,0.06,0,24,0,0,0,2.0,0.0
2,2279,4,False,0,2025-02-24,3,0.0,0.11,0.15,0,24,0,0,0,1.7142857142857142,0.0
2,2283,4,False,0,2025-02-24,7,0.0,0.04,0.06,0,24,0,0,0,1.8571428571428572,0.0
2,2286,4,False,0,2025-02-24,2,0.0,0.11,0.14,0,24,0,0,0,2.4285714285714284,0.0
2,2306,4,False,0,2025-02-24,2,0.0,0.04,0.06,0,24,0,0,0,2.2857142857142856,0.0
2,2315,4,False,0,2025-02-24,2,0.0,0.07,0.1,0,24,0,0,0,2.4285714285714284,0.0
2,2392,4,False,0,2025-02-24,2,0.0,0.04,0.06,0,24,0,0,0,2.5714285714285716,0.0
2,2397,4,False,0,2025-02-24,1,0.0,0.02,0.03,0,24,0,0,0,2.5714285714285716,0.0
2,2398,4,False,0,2025-02-24,3,0.0,0.12,0.17,0,24,0,0,0,2.7142857142857144,0.0
2,2438,4,False,0,2025-02-24,0,0.0,0.02,0.04,0,24,0,0,0,2.7142857142857144,0.0
2,2443,4,False,0,2025-02-24,2,0.0,0.05,0.07,0,24,0,0,0,1.7142857142857142,0.0
2,2448,4,False,0,2025-02-24,3,0.0,0.04,0.05,0,24,0,0,0,1.7142857142857142,0.0
2,2469,4,False,0,2025-02-24,2,0.0,0.07,0.09,0,24,0,0,0,1.8571428571428572,0.0
2,2473,4,False,0,2025-02-24,3,0.0,0.04,0.06,0,24,0,0,0,1.8571428571428572,0.0
2,2478,4,False,0,2025-02-24,2,0.0,0.02,0.03,0,24,0,0,0,2.0,0.0
2,2487,4,False,0,2025-02-24,2,0.0,0.02,0.04,0,24,0,0,0,2.142857142857143,0.0
2,2497,4,False,0,2025-02-24,2,0.0,0.03,0.04,0,24,0,0,0,2.0,0.0
2,2506,4,False,0,2025-02-24,3,0.0,0.03,0.04,0,24,0,0,0,2.2857142857142856,0.0
2,2522,4,False,0,2025-02-24,3,0.0,0.11,0.16,0,24,0,0,0,2.4285714285714284,0.0
2,2567,4,False,0,2025-02-24,2,0.0,0.04,0.06,0,24,0,0,0,2.4285714285714284,0.0
2,2581,4,False,0,2025-02-24,2,0.0,0.06,0.06,0,24,0,0,0,2.4285714285714284,0.0
2,2624,4,False,0,2025-02-24,3,0.0,0.06,0.08,0,24,0,0,0,2.2857142857142856,0.0
2,2630,4,False,0,2025-02-24,3,0.0,0.03,0.04,0,24,0,0,0,2.4285714285714284,0.0
2,2631,4,False,0,2025-02-24,3,0.0,0.02,0.03,0,24,0,0,0,2.5714285714285716,0.0
2,2642,4,False,0,2025-02-24,3,0.0,0.03,0.05,0,24,0,0,0,2.7142857142857144,0.0
2,2658,4,False,0,2025-02-24,1,0.0,0.02,0.04,0,24,0,0,0,2.7142857142857144,0.0
2,2672,4,False,0,2025-02-24,2,0.0,0.02,0.03,0,24,0,0,0,2.4285714285714284,0.0
2,2688,4,False,0,2025-02-24,3,0.0,0.03,0.04,0,24,0,0,0,2.4285714285714284,0.0
2,2725,4,False,0,2025-02-24,0,0.0,0.08,0.08,0,24,0,0,0,2.5714285714285716,0.0
2,2744,4,False,0,2025-02-24,3,0.0,0.06,0.08,0,24,0,0,0,2.142857142857143,0.0
2,2788,4,False,0,2025-02-24,2,1.0,0.02,0.03,0,24,0,0,0,2.142857142857143,0.0
2,2801,4,False,0,2025-02-24,1,0.0,0.06,0.09,0,24,0,0,0,2.0,0.0
2,2804,4,False,0,2025-02-24,2,0.0,0.06,0.07,0,24,0,0,0,1.7142857142857142,0.0
2,2818,4,False,0,2025-02-24,2,0.0,0.02,0.03,0,24,0,0,0,1.8571428571428572,0.0
2,2825,4,False,0,2025-02-24,1,0.0,0.18,0.23,0,24,0,0,0,1.8571428571428572,0.0
2,2830,4,False,0,2025-02-24,2,0.0,0.04,0.06,0,24,0,0,0,1.5714285714285714,0.0
2,2832,4,False,0,2025-02-24,3,0.0,0.01,0.03,0,24,0,0,0,1.8571428571428572,0.0
2,2838,4,False,0,2025-02-24,3,0.0,0.02,0.03,0,24,0,0,0,1.8571428571428572,0.0
2,2844,4,False,0,2025-02-24,2,0.0,0.03,0.05,0,24,0,0,0,2.0,0.0
2,2860,4,False,0,2025-02-24,3,0.0,0.07,0.1,0,24,0,0,0,2.142857142857143,0.0
2,2870,4,False,0,2025-02-24,1,0.0,0.06,0.08,0,24,0,0,0,2.2857142857142856,0.0
2,2871,4,False,0,2025-02-24,2,0.0,0.04,0.05,0,24,0,0,0,2.142857142857143,0.0
2,2892,4,False,0,2025-02-24,1,0.0,0.09,0.13,0,24,0,0,0,2.2857142857142856,0.0
2,2894,4,False,0,2025-02-24,1,0.0,0.04,0.06,0,24,0,0,0,2.142857142857143,0.0
2,2957,4,False,0,2025-02-24,2,0.0,0.02,0.04,0,24,0,0,0,1.8571428571428572,0.0
2,2961,4,False,0,2025-02-24,2,0.0,0.05,0.07,0,24,0,0,0,1.7142857142857142,0.0
2,2963,4,False,0,2025-02-24,3,0.0,0.06,0.07,0,24,0,0,0,1.7142857142857142,0.0
2,2970,4,False,0,2025-02-24,2,0.0,0.03,0.05,0,24,0,0,0,1.7142857142857142,0.0
2,2979,4,False,0,2025-02-24,1,0.0,0.06,0.08,0,24,0,0,0,1.8571428571428572,0.0
2,2992,4,False,0,2025-02-24,1,1.0,0.05,0.07,0,24,0,0,0,1.7142857142857142,0.0
2,3000,4,False,0,2025-02-24,1,0.0,0.1,0.14,0,24,0,0,0,1.7142857142857142,0.0
2,3012,4,False,0,2025-02-24,3,0.0,0.02,0.03,0,24,0,0,0,1.7142857142857142,0.0
2,3044,4,False,0,2025-02-24,2,0.0,0.02,0.02,0,24,0,0,0,1.8571428571428572,0.0
2,3086,4,False,0,2025-02-24,3,0.0,0.04,0.07,0,24,0,0,0,1.8571428571428572,0.0
2,3145,4,False,0,2025-02-24,2,0.0,0.04,0.05,0,24,0,0,0,1.8571428571428572,0.0
2,3146,4,False,0,2025-02-24,4,0.0,0.01,0.01,0,24,0,0,0,1.8571428571428572,0.0
2,3162,4,False,0,2025-02-24,4,0.0,0.01,0.02,0,24,0,0,0,2.2857142857142856,0.0
2,3178,4,False,0,2025-02-24,1,0.0,0.12,0.18,0,24,0,0,0,2.7142857142857144,0.0
2,3185,4,False,0,2025-02-24,3,0.0,0.04,0.06,0,24,0,0,0,2.7142857142857144,0.0
2,3196,4,False,0,2025-02-24,3,0.0,0.02,0.03,0,24,0,0,0,2.7142857142857144,0.0
2,3209,4,False,0,2025-02-24,1,0.0,0.02,0.04,0,24,0,0,0,2.857142857142857,0.0
2,3224,4,False,0,2025-02-24,3,0.0,0.04,0.05,0,24,0,0,0,2.5714285714285716,0.0
2,3262,4,False,0,2025-02-24,2,0.0,0.09,0.13,0,24,0,0,0,2.7142857142857144,0.0
2,3267,4,False,0,2025-02-24,3,0.0,0.01,0.01,0,24,0,0,0,2.4285714285714284,0.0
2,3293,4,False,0,2025-02-24,4,0.0,0.0,0.01,0,24,0,0,0,2.2857142857142856,0.0
2,3312,4,False,0,2025-02-24,3,0.0,0.01,0.02,0,24,0,0,0,2.7142857142857144,0.0
2,3317,4,False,0,2025-02-24,3,0.0,0.01,0.02,0,24,0,0,0,2.7142857142857144,0.0
2,3327,4,False,0,2025-02-24,3,0.0,0.01,0.02,0,24,0,0,0,2.7142857142857144,0.0
2,3377,4,False,0,2025-02-24,3,0.0,0.02,0.05,0,24,0,0,0,3.0,0.0
2,3420,4,False,0,2025-02-24,3,0.0,0.07,0.09,0,24,0,0,0,3.0,0.0
2,3453,4,False,0,2025-02-24,2,0.0,0.02,0.04,0,24,0,0,0,3.142857142857143,0.0
2,3455,4,False,0,2025-02-24,0,0.0,0.02,0.03,0,24,0,0,0,3.0,0.0
2,3465,4,False,0,2025-02-24,1,0.0,0.06,0.07,0,24,0,0,0,2.4285714285714284,0.0
2,3466,4,False,0,2025-02-24,3,0.0,0.03,0.04,0,24,0,0,0,2.142857142857143,0.0
2,3472,4,False,0,2025-02-24,0,0.0,0.04,0.06,0,24,0,0,0,2.142857142857143,0.0
2,3473,4,False,0,2025-02-24,1,0.0,0.01,0.03,0,24,0,0,0,1.7142857142857142,0.0
2,3493,4,False,0,2025-02-24,3,0.0,0.04,0.07,0,24,0,0,0,1.4285714285714286,0.0
2,3552,4,False,0,2025-02-24,2,1.0,0.03,0.05,0,24,0,0,0,1.4285714285714286,0.0
2,3562,4,False,0,2025-02-24,2,0.0,0.05,0.07,0,24,0,0,0,1.4285714285714286,0.0
2,3569,4,False,0,2025-02-24,3,0.0,0.03,0.06,0,24,0,0,0,1.7142857142857142,0.0
2,3577,4,False,0,2025-02-24,2,0.0,0.04,0.06,0,24,0,0,0,2.0,0.0
2,3590,4,False,0,2025-02-24,3,0.0,0.02,0.03,0,24,0,0,0,1.8571428571428572,0.0
2,3620,4,False,0,2025-02-24,1,0.0,0.02,0.04,0,24,0,0,0,2.2857142857142856,0.0
2,3627,4,False,0,2025-02-24,0,0.0,0.06,0.1,0,24,0,0,0,2.2857142857142856,0.0
2,3628,4,False,0,2025-02-24,1,0.0,0.06,0.09,0,24,0,0,0,1.8571428571428572,0.0
2,3633,4,False,0,2025-02-24,3,0.0,0.07,0.1,0,24,0,0,0,1.7142857142857142,0.0
2,3645,4,False,0,2025-02-24,2,0.0,0.07,0.07,0,24,0,0,0,1.8571428571428572,0.0
2,3651,4,False,0,2025-02-24,3,0.0,0.04,0.07,0,24,0,0,0,1.7142857142857142,0.0
2,3692,4,False,0,2025-02-24,2,0.0,0.1,0.11,0,24,0,0,0,1.8571428571428572,0.0
2,3698,4,False,0,2025-02-24,3,0.0,0.05,0.06,0,24,0,0,0,1.7142857142857142,0.0
2,3700,4,False,0,2025-02-24,3,0.0,0.02,0.03,0,24,0,0,0,2.0,0.0
2,3721,4,False,0,2025-02-24,1,0.0,0.03,0.04,0,24,0,0,0,2.4285714285714284,0.0
2,3728,4,False,0,2025-02-24,2,0.0,0.03,0.05,0,24,0,0,0,2.4285714285714284,0.0
2,3733,4,False,0,2025-02-24,3,0.0,0.01,0.02,0,24,0,0,0,2.2857142857142856,0.0
2,3753,4,False,0,2025-02-24,3,0.0,0.04,0.07,0,24,0,0,0,2.4285714285714284,0.0
2,3772,4,False,0,2025-02-24,2,0.0,0.03,0.06,0,24,0,0,0,2.4285714285714284,0.0
2,3818,4,False,0,2025-02-24,3,0.0,0.06,0.09,0,24,0,0,0,2.4285714285714284,0.0
2,3843,4,False,0,2025-02-24,3,0.0,0.02,0.04,0,24,0,0,0,2.4285714285714284,0.0
2,3847,4,False,0,2025-02-24,1,0.0,0.01,0.03,0,24,0,0,0,2.4285714285714284,0.0
2,3850,4,False,0,2025-02-24,2,0.0,0.07,0.11,0,24,0,0,0,2.4285714285714284,0.0
2,3853,4,False,0,2025-02-24,1,0.0,0.1,0.17,0,24,0,0,0,2.4285714285714284,0.0
2,3879,4,False,0,2025-02-24,2,0.0,0.05,0.08,0,24,0,0,0,2.142857142857143,0.0
2,3888,4,False,0,2025-02-24,6,0.0,0.01,0.01,0,24,0,0,0,2.0,0.0
2,3903,4,False,0,2025-02-24,2,0.0,0.04,0.06,0,24,0,0,0,2.5714285714285716,0.0
2,3906,4,False,0,2025-02-24,1,0.0,0.11,0.16,0,24,0,0,0,2.4285714285714284,0.0
2,3939,4,False,0,2025-02-24,0,0.0,0.04,0.06,0,24,0,0,0,2.142857142857143,0.0
2,3968,4,False,0,2025-02-24,2,0.0,0.01,0.02,0,24,0,0,0,2.0,0.0
2,3971,4,False,0,2025-02-24,2,0.0,0.08,0.1,0,24,0,0,0,2.0,0.0
2,3974,4,False,0,2025-02-24,2,0.0,0.09,0.13,0,24,0,0,0,2.142857142857143,0.0
2,3987,4,False,0,2025-02-24,2,0.0,0.03,0.05,0,24,0,0,0,2.142857142857143,0.0
2,4019,4,False,0,2025-02-24,3,0.0,0.04,0.04,0,24,0,0,0,1.5714285714285714,0.0
2,4028,4,False,0,2025-02-24,0,1.0,0.02,0.03,0,24,0,0,0,1.7142857142857142,0.0
2,4071,4,False,0,2025-02-24,1,0.0,0.05,0.06,0,24,0,0,0,1.5714285714285714,0.0
2,4108,4,False,0,2025-02-24,2,0.0,0.02,0.03,0,24,0,0,0,1.7142857142857142,0.0
2,4133,4,False,0,2025-02-24,2,0.0,0.08,0.14,0,24,0,0,0,1.7142857142857142,0.0
2,4135,4,False,0,2025-02-24,3,0.0,0.03,0.04,0,24,0,0,0,1.7142857142857142,0.0
2,4170,4,False,0,2025-02-24,1,0.0,0.02,0.03,0,24,0,0,0,1.8571428571428572,0.0
2,4184,4,False,0,2025-02-24,2,0.0,0.06,0.09,0,24,0,0,0,1.7142857142857142,0.0
2,4186,4,False,0,2025-02-24,0,0.0,0.03,0.04,0,24,0,0,0,1.5714285714285714,0.0
2,4212,4,False,0,2025-02-24,3,0.0,0.06,0.08,0,24,0,0,0,1.5714285714285714,0.0
2,4243,4,False,0,2025-02-24,2,0.0,0.09,0.11,0,24,0,0,0,1.8571428571428572,0.0
2,4268,4,False,0,2025-02-24,2,0.0,0.02,0.03,0,24,0,0,0,1.8571428571428572,0.0
2,4275,4,False,0,2025-02-24,2,0.0,0.01,0.02,0,24,0,0,0,1.8571428571428572,0.0
2,4281,4,False,0,2025-02-24,0,0.0,0.02,0.04,0,24,0,0,0,1.7142857142857142,0.0
2,4293,4,False,0,2025-02-24,0,0.0,0.12,0.17,0,24,0,0,0,1.5714285714285714,0.0
2,4305,4,False,0,2025-02-24,1,0.0,0.07,0.07,0,24,0,0,0,1.2857142857142858,0.0
2,4335,4,False,0,2025-02-24,2,0.0,0.04,0.07,0,24,0,0,0,1.4285714285714286,0.0
2,4342,4,False,0,2025-02-24,1,0.0,0.02,0.04,0,24,0,0,0,1.2857142857142858,0.0
2,4373,4,False,0,2025-02-24,2,0.0,0.07,0.11,0,24,0,0,0,1.1428571428571428,0.0
2,4392,4,False,0,2025-02-24,1,0.0,0.09,0.12,0,24,0,0,0,1.1428571428571428,0.0
2,4395,4,False,0,2025-02-24,2,0.0,0.05,0.08,0,24,0,0,0,1.0,0.0
2,4422,4,False,0,2025-02-24,2,0.0,0.01,0.02,0,24,0,0,0,1.2857142857142858,0.0
2,4438,4,False,0,2025-02-24,5,0.0,0.01,0.02,0,24,0,0,0,1.5714285714285714,0.0
2,4451,4,False,0,2025-02-24,2,0.0,0.04,0.06,0,24,0,0,0,2.142857142857143,0.0
2,4456,4,False,0,2025-02-24,2,0.0,0.02,0.03,0,24,0,0,0,2.142857142857143,0.0
2,4480,4,False,0,2025-02-24,2,0.0,0.06,0.1,0,24,0,0,0,2.2857142857142856,0.0
2,4520,4,False,0,2025-02-24,2,0.0,0.1,0.16,0,24,0,0,0,2.2857142857142856,0.0
2,4522,4,False,0,2025-02-24,0,0.0,0.02,0.03,0,24,0,0,0,2.4285714285714284,0.0
2,4550,4,False,0,2025-02-24,2,0.0,0.13,0.15,0,24,0,0,0,2.142857142857143,0.0
2,4571,4,False,0,2025-02-24,2,0.0,0.03,0.06,0,24,0,0,0,2.142857142857143,0.0
2,4577,4,False,0,2025-02-24,3,0.0,0.04,0.06,0,24,0,0,0,1.7142857142857142,0.0
2,4598,4,False,0,2025-02-24,4,0.0,0.07,0.1,0,24,0,0,0,1.8571428571428572,0.0
2,4621,4,False,0,2025-02-24,4,0.0,0.01,0.01,0,24,0,0,0,2.142857142857143,0.0
2,4662,4,False,0,2025-02-24,0,0.0,0.02,0.03,0,24,0,0,0,2.4285714285714284,0.0
2,4663,4,False,0,2025-02-24,2,0.0,0.04,0.07,0,24,0,0,0,2.142857142857143,0.0
2,4672,4,False,0,2025-02-24,3,0.0,0.03,0.04,0,24,0,0,0,2.4285714285714284,0.0
2,4715,4,False,0,2025-02-24,2,0.0,0.05,0.06,0,24,0,0,0,2.5714285714285716,0.0
2,4778,4,False,0,2025-02-24,2,0.0,0.04,0.07,0,24,0,0,0,2.5714285714285716,0.0
2,4785,4,False,0,2025-02-24,3,0.0,0.06,0.07,0,24,0,0,0,2.4285714285714284,0.0
2,4806,4,False,0,2025-02-24,3,0.0,0.02,0.03,0,24,0,0,0,2.2857142857142856,0.0
2,4808,4,False,0,2025-02-24,2,0.0,0.03,0.05,0,24,0,0,0,2.142857142857143,0.0
2,4823,4,False,0,2025-02-24,3,0.0,0.01,0.01,0,24,0,0,0,2.4285714285714284,0.0
2,4842,4,False,0,2025-02-24,2,0.0,0.03,0.05,0,24,0,0,0,2.5714285714285716,0.0
2,4851,4,False,0,2025-02-24,0,0.0,0.06,0.06,0,24,0,0,0,2.4285714285714284,0.0
2,4855,4,False,0,2025-02-24,3,0.0,0.02,0.02,0,24,0,0,0,2.142857142857143,0.0
2,4895,4,False,0,2025-02-24,1,0.0,0.04,0.06,0,24,0,0,0,2.2857142857142856,0.0
2,4898,4,False,0,2025-02-24,0,0.0,0.03,0.04,0,24,0,0,0,2.0,0.0
2,4928,4,False,0,2025-02-24,3,0.0,0.03,0.06,0,24,0,0,0,1.5714285714285714,0.0
2,4955,4,False,0,2025-02-24,1,0.0,0.03,0.05,0,24,0,0,0,1.7142857142857142,0.0
2,4958,4,False,0,2025-02-24,0,0.0,0.05,0.07,0,24,0,0,0,1.4285714285714286,0.0
2,4967,4,False,0,2025-02-24,2,0.0,0.05,0.08,0,24,0,0,0,1.1428571428571428,0.0
2,4978,4,False,0,2025-02-24,6,0.0,0.04,0.03,0,24,0,0,0,1.4285714285714286,0.0
2,5005,4,False,0,2025-02-24,3,0.0,0.04,0.06,0,24,0,0,0,1.8571428571428572,0.0
2,5063,4,False,0,2025-02-24,3,0.0,0.01,0.01,0,24,0,0,0,2.142857142857143,0.0
2,5088,4,False,0,2025-02-24,3,0.0,0.01,0.02,0,24,0,0,0,2.5714285714285716,0.0
2,5113,4,False,0,2025-02-24,1,0.0,0.03,0.05,0,24,0,0,0,2.5714285714285716,0.0
2,5146,4,False,0,2025-02-24,2,0.0,0.03,0.05,0,24,0,0,0,2.5714285714285716,0.0
2,5154,4,False,0,2025-02-24,1,0.0,0.04,0.06,0,24,0,0,0,2.857142857142857,0.0
2,5162,4,False,0,2025-02-24,1,0.0,0.09,0.09,0,24,0,0,0,2.7142857142857144,0.0
2,5186,4,False,0,2025-02-24,0,0.0,0.02,0.04,0,24,0,0,0,2.0,0.0
2,5191,4,False,0,2025-02-24,2,0.0,0.02,0.03,0,24,0,0,0,1.5714285714285714,0.0
2,5202,4,False,0,2025-02-24,2,0.0,0.09,0.13,0,24,0,0,0,1.4285714285714286,0.0
2,5208,4,False,0,2025-02-24,2,0.0,0.02,0.04,0,24,0,0,0,1.2857142857142858,0.0
2,5228,4,False,0,2025-02-24,0,0.0,0.01,0.02,0,24,0,0,0,1.4285714285714286,0.0
2,5229,4,False,0,2025-02-24,2,0.0,0.03,0.05,0,24,0,0,0,1.1428571428571428,0.0
2,5263,4,False,0,2025-02-24,3,0.0,0.02,0.04,0,24,0,0,0,1.2857142857142858,0.0
2,5266,4,False,0,2025-02-24,1,0.0,0.06,0.1,0,24,0,0,0,1.5714285714285714,0.0
2,5286,4,False,0,2025-02-24,2,0.0,0.05,0.06,0,24,0,0,0,1.7142857142857142,0.0
2,74,5,True,0,2025-02-24,1,0.0,0.02,0.04,0,24,0,0,0,1.7142857142857142,0.0
2,213,5,True,0,2025-02-24,3,0.0,0.01,0.03,0,24,0,0,0,1.5714285714285714,0.0
2,284,5,True,0,2025-02-24,5,0.0,0.05,0.08,0,24,0,0,0,1.7142857142857142,0.0
2,567,5,True,0,2025-02-24,6,0.0,0.01,0.04,0,24,0,0,0,2.4285714285714284,0.0
2,783,5,True,0,2025-02-24,2,0.0,0.03,0.06,0,24,0,0,0,3.0,0.0
2,821,5,True,0,2025-02-24,4,2.0,0.03,0.05,0,24,0,0,0,2.857142857142857,0.0
2,873,5,True,0,2025-02-24,7,0.0,0.03,0.05,0,24,0,0,0,3.2857142857142856,0.0
2,929,5,True,0,2025-02-24,15,0.0,0.07,0.22,0,24,0,0,0,4.0,0.0
2,1037,5,True,0,2025-02-24,3,0.0,0.01,0.02,0,24,0,0,0,6.0,0.0
2,1163,5,True,0,2025-02-24,10,0.0,0.08,0.21,0,24,0,0,0,6.0,0.0
2,1247,5,True,0,2025-02-24,7,0.0,0.04,0.06,0,24,0,0,0,6.714285714285714,0.0
2,1333,5,True,0,2025-02-24,9,0.0,0.02,0.04,0,24,0,0,0,6.857142857142857,0.0
2,1339,5,True,0,2025-02-24,7,0.0,0.02,0.03,0,24,0,0,0,7.857142857142857,0.0
2,1427,5,True,0,2025-02-24,12,0.0,0.01,0.03,0,24,0,0,0,8.285714285714286,0.0
2,1746,5,True,0,2025-02-24,5,1.0,0.02,0.07,0,24,0,0,0,9.0,0.0
2,1882,5,True,0,2025-02-24,5,1.0,0.17,0.2,0,24,0,0,0,7.571428571428571,0.0
2,2066,5,True,0,2025-02-24,7,0.0,0.1,0.14,0,24,0,0,0,7.857142857142857,0.0
2,2104,5,True,0,2025-02-24,7,1.0,0.03,0.04,0,24,0,0,0,7.428571428571429,0.0
2,2120,5,True,0,2025-02-24,2,0.0,0.03,0.07,0,24,0,0,0,7.428571428571429,0.0
2,2132,5,True,0,2025-02-24,3,0.0,0.01,0.04,0,24,0,0,0,6.428571428571429,0.0
2,2141,5,True,0,2025-02-24,6,1.0,0.01,0.03,0,24,0,0,0,5.857142857142857,0.0
2,2219,5,True,0,2025-02-24,6,0.0,0.11,0.22,0,24,0,0,0,5.0,0.0
2,2224,5,True,0,2025-02-24,3,0.0,0.03,0.04,0,24,0,0,0,5.142857142857143,0.0
2,2325,5,True,0,2025-02-24,2,0.0,0.03,0.06,0,24,0,0,0,4.857142857142857,0.0
2,2418,5,True,0,2025-02-24,4,0.0,0.03,0.06,0,24,0,0,0,4.142857142857143,0.0
2,2880,5,True,0,2025-02-24,5,0.0,0.02,0.04,0,24,0,0,0,3.7142857142857144,0.0
2,3085,5,True,0,2025-02-24,3,0.0,0.02,0.04,0,24,0,0,0,4.142857142857143,0.0
2,3087,5,True,0,2025-02-24,6,0.0,0.04,0.09,0,24,0,0,0,4.142857142857143,0.0
2,3164,5,True,0,2025-02-24,4,0.0,0.05,0.12,0,24,0,0,0,4.142857142857143,0.0
2,3218,5,True,0,2025-02-24,3,2.0,0.02,0.05,0,24,0,0,0,3.857142857142857,0.0
2,3229,5,True,0,2025-02-24,4,0.0,0.04,0.11,0,24,0,0,0,3.857142857142857,0.0
2,3292,5,True,0,2025-02-24,1,0.0,0.03,0.05,0,24,0,0,0,4.142857142857143,0.0
2,3330,5,True,0,2025-02-24,4,0.0,0.06,0.11,0,24,0,0,0,3.7142857142857144,0.0
2,3424,5,True,0,2025-02-24,1,0.0,0.01,0.02,0,24,0,0,0,3.5714285714285716,0.0
2,3439,5,True,0,2025-02-24,2,0.0,0.02,0.02,0,24,0,0,0,3.2857142857142856,0.0
2,3463,5,True,0,2025-02-24,6,0.0,0.03,0.05,0,24,0,0,0,2.7142857142857144,0.0
2,3558,5,True,0,2025-02-24,4,0.0,0.03,0.06,0,24,0,0,0,3.0,0.0
2,3624,5,True,0,2025-02-24,6,0.0,0.06,0.11,0,24,0,0,0,3.142857142857143,0.0
2,3807,5,True,0,2025-02-24,0,0.0,0.08,0.09,0,24,0,0,0,3.4285714285714284,0.0
2,3984,5,True,0,2025-02-24,12,1.0,0.02,0.04,0,24,0,0,0,3.2857142857142856,0.0
2,3996,5,True,0,2025-02-24,10,1.0,0.03,0.07,0,24,0,0,0,4.428571428571429,0.0
2,4036,5,True,0,2025-02-24,3,1.0,0.01,0.02,0,24,0,0,0,5.714285714285714,0.0
2,4081,5,True,0,2025-02-24,3,0.0,0.03,0.06,0,24,0,0,0,5.857142857142857,0.0
2,4175,5,True,0,2025-02-24,9,0.0,0.03,0.06,0,24,0,0,0,5.428571428571429,0.0
2,4544,5,True,0,2025-02-24,7,1.0,0.04,0.07,0,24,0,0,0,6.142857142857143,0.0
2,4565,5,True,0,2025-02-24,4,0.0,0.01,0.05,0,24,0,0,0,6.285714285714286,0.0
2,4749,5,True,0,2025-02-24,3,0.0,0.01,0.02,0,24,0,0,0,6.857142857142857,0.0
2,4789,5,True,0,2025-02-24,8,0.0,0.02,0.06,0,24,0,0,0,5.571428571428571,0.0
2,4939,5,True,0,2025-02-24,8,0.0,0.02,0.06,0,24,0,0,0,5.285714285714286,0.0
2,5006,5,True,0,2025-02-24,6,0.0,0.03,0.04,0,24,0,0,0,6.0,0.0
2,5049,5,True,0,2025-02-24,12,0.0,0.02,0.06,0,24,0,0,0,6.428571428571429,0.0
2,5098,5,True,0,2025-02-24,2,0.0,0.02,0.05,0,24,0,0,0,6.857142857142857,0.0
2,5217,5,True,0,2025-02-24,8,0.0,0.02,0.04,0,24,0,0,0,6.142857142857143,0.0
2,139,6,False,0,2025-02-24,1,0.0,0.17,0.24,0,24,0,0,0,6.714285714285714,0.0
2,173,6,False,0,2025-02-24,1,0.0,0.09,0.12,0,24,0,0,0,6.428571428571429,0.0
2,337,6,False,0,2025-02-24,3,0.0,0.12,0.17,0,24,0,0,0,5.428571428571429,0.0
2,366,6,False,0,2025-02-24,0,0.0,0.08,0.1,0,24,0,0,0,4.714285714285714,0.0
2,386,6,False,0,2025-02-24,0,0.0,0.17,0.26,0,24,0,0,0,3.857142857142857,0.0
2,594,6,False,0,2025-02-24,0,0.0,0.19,0.2,0,24,0,0,0,2.142857142857143,0.0
2,988,6,False,0,2025-02-24,2,0.0,0.16,0.24,0,24,0,0,0,1.8571428571428572,0.0
2,1031,6,False,0,2025-02-24,0,0.0,0.1,0.14,0,24,0,0,0,1.0,0.0
2,1124,6,False,0,2025-02-24,2,0.0,0.12,0.22,0,24,0,0,0,0.8571428571428571,0.0
2,1276,6,False,0,2025-02-24,1,0.0,0.13,0.17,0,24,0,0,0,1.0,0.0
2,1340,6,False,0,2025-02-24,2,0.0,0.17,0.22,0,24,0,0,0,0.7142857142857143,0.0
2,1429,6,False,0,2025-02-24,1,0.0,0.08,0.08,0,24,0,0,0,1.0,0.0
2,1534,6,False,0,2025-02-24,2,0.0,0.15,0.21,0,24,0,0,0,1.1428571428571428,0.0
2,1544,6,False,0,2025-02-24,2,0.0,0.08,0.11,0,24,0,0,0,1.4285714285714286,0.0
2,1611,6,False,0,2025-02-24,2,0.0,0.11,0.15,0,24,0,0,0,1.4285714285714286,0.0
2,1650,6,False,0,2025-02-24,1,0.0,0.24,0.3,0,24,0,0,0,1.7142857142857142,0.0
2,1702,6,False,0,2025-02-24,0,0.0,0.31,0.29,0,24,0,0,0,1.5714285714285714,0.0
2,1767,6,False,0,2025-02-24,1,0.0,0.12,0.17,0,24,0,0,0,1.4285714285714286,0.0
2,1807,6,False,0,2025-02-24,1,0.0,0.12,0.15,0,24,0,0,0,1.2857142857142858,0.0
2,1811,6,False,0,2025-02-24,0,0.0,0.04,0.06,0,24,0,0,0,1.2857142857142858,0.0
2,1828,6,False,0,2025-02-24,0,0.0,0.26,0.36,0,24,0,0,0,1.0,0.0
2,1868,6,False,0,2025-02-24,0,0.0,0.12,0.15,0,24,0,0,0,0.7142857142857143,0.0
2,1901,6,False,0,2025-02-24,2,0.0,0.16,0.25,0,24,0,0,0,0.42857142857142855,0.0
2,1924,6,False,0,2025-02-24,0,0.0,0.07,0.08,0,24,0,0,0,0.5714285714285714,0.0
2,2712,6,False,0,2025-02-24,0,0.0,0.12,0.16,0,24,0,0,0,0.5714285714285714,0.0
2,2912,6,False,0,2025-02-24,1,0.0,0.12,0.18,0,24,0,0,0,0.42857142857142855,0.0
2,3034,6,False,0,2025-02-24,1,0.0,0.11,0.16,0,24,0,0,0,0.42857142857142855,0.0
2,3088,6,False,0,2025-02-24,0,0.0,0.06,0.08,0,24,0,0,0,0.5714285714285714,0.0
2,3187,6,False,0,2025-02-24,0,0.0,0.26,0.27,0,24,0,0,0,0.5714285714285714,0.0
2,3202,6,False,0,2025-02-24,1,0.0,0.14,0.21,0,24,0,0,0,0.5714285714285714,0.0
2,3604,6,False,0,2025-02-24,1,0.0,0.32,0.36,0,24,0,0,0,0.42857142857142855,0.0
2,3648,6,False,0,2025-02-24,1,0.0,0.2,0.29,0,24,0,0,0,0.5714285714285714,0.0
2,3687,6,False,0,2025-02-24,2,0.0,0.14,0.19,0,24,0,0,0,0.7142857142857143,0.0
2,3842,6,False,0,2025-02-24,2,0.0,0.39,0.46,0,24,0,0,0,0.8571428571428571,0.0
2,3902,6,False,0,2025-02-24,1,0.0,0.17,0.22,0,24,0,0,0,1.0,0.0
2,3912,6,False,0,2025-02-24,1,0.0,0.06,0.09,0,24,0,0,0,1.1428571428571428,0.0
2,4177,6,False,0,2025-02-24,1,0.0,0.06,0.08,0,24,0,0,0,1.2857142857142858,0.0
2,4234,6,False,0,2025-02-24,1,0.0,0.12,0.16,0,24,0,0,0,1.2857142857142858,0.0
2,4288,6,False,0,2025-02-24,1,0.0,0.13,0.22,0,24,0,0,0,1.2857142857142858,0.0
2,4376,6,False,0,2025-02-24,1,0.0,0.08,0.09,0,24,0,0,0,1.2857142857142858,0.0
2,4386,6,False,0,2025-02-24,1,0.0,0.09,0.12,0,24,0,0,0,1.1428571428571428,0.0
2,4390,6,False,0,2025-02-24,4,0.0,0.13,0.2,0,24,0,0,0,1.0,0.0
2,4468,6,False,0,2025-02-24,0,0.0,0.34,0.43,0,24,0,0,0,1.4285714285714286,0.0
2,4892,6,False,0,2025-02-24,0,0.0,0.2,0.23,0,24,0,0,0,1.2857142857142858,0.0
2,4899,6,False,0,2025-02-24,2,0.0,0.06,0.1,0,24,0,0,0,1.1428571428571428,0.0
2,4917,6,False,0,2025-02-24,9,0.0,0.15,0.22,0,24,0,0,0,1.2857142857142858,0.0
2,188,7,False,0,2025-02-24,2,0.0,0.03,0.04,0,24,0,0,0,2.4285714285714284,0.0
2,348,7,False,0,2025-02-24,1,3.0,0.02,0.03,0,24,0,0,0,2.5714285714285716,0.0
2,392,7,False,0,2025-02-24,6,0.0,0.01,0.01,0,24,0,0,0,2.5714285714285716,0.0
2,503,7,False,0,2025-02-24,31,0.0,0.01,0.01,0,24,0,0,0,2.857142857142857,0.0
2,680,7,False,0,2025-02-24,18,2.0,0.01,0.01,0,24,0,0,0,7.285714285714286,0.0
2,743,7,False,0,2025-02-24,4,0.0,0.02,0.04,0,24,0,0,0,9.857142857142858,0.0
2,840,7,False,0,2025-02-24,4,0.0,0.02,0.03,0,24,0,0,0,10.142857142857142,0.0
2,966,7,False,0,2025-02-24,2,0.0,0.03,0.04,0,24,0,0,0,9.428571428571429,0.0
2,1084,7,False,0,2025-02-24,0,1.0,0.01,0.01,0,24,0,0,0,9.428571428571429,0.0
2,1108,7,False,0,2025-02-24,4,0.0,0.05,0.08,0,24,0,0,0,9.285714285714286,0.0
2,1128,7,False,0,2025-02-24,5,0.0,0.02,0.02,0,24,0,0,0,9.0,0.0
2,1253,7,False,0,2025-02-24,2,0.0,0.01,0.02,0,24,0,0,0,5.285714285714286,0.0
2,1445,7,False,0,2025-02-24,4,0.0,0.04,0.05,0,24,0,0,0,3.0,0.0
2,1488,7,False,0,2025-02-24,1,0.0,0.01,0.01,0,24,0,0,0,3.0,0.0
2,1556,7,False,0,2025-02-24,4,0.0,0.02,0.03,0,24,0,0,0,2.5714285714285716,0.0
2,1591,7,False,0,2025-02-24,2,0.0,0.05,0.08,0,24,0,0,0,2.857142857142857,0.0
2,1677,7,False,0,2025-02-24,1,0.0,0.02,0.03,0,24,0,0,0,3.142857142857143,0.0
2,1697,7,False,0,2025-02-24,6,0.0,0.05,0.08,0,24,0,0,0,2.7142857142857144,0.0
2,1895,7,False,0,2025-02-24,0,0.0,0.02,0.02,0,24,0,0,0,2.857142857142857,0.0
2,1905,7,False,0,2025-02-24,2,1.0,0.02,0.02,0,24,0,0,0,2.5714285714285716,0.0
2,1981,7,False,0,2025-02-24,2,0.0,0.01,0.01,0,24,0,0,0,2.2857142857142856,0.0
2,2105,7,False,0,2025-02-24,2,0.0,0.02,0.03,0,24,0,0,0,2.4285714285714284,0.0
2,2182,7,False,0,2025-02-24,4,0.0,0.2,0.22,0,24,0,0,0,2.142857142857143,0.0
2,2202,7,False,0,2025-02-24,6,0.0,0.11,0.14,0,24,0,0,0,2.4285714285714284,0.0
2,2232,7,False,0,2025-02-24,5,0.0,0.04,0.08,0,24,0,0,0,3.142857142857143,0.0
2,2340,7,False,0,2025-02-24,4,0.0,0.02,0.02,0,24,0,0,0,3.0,0.0
2,2380,7,False,0,2025-02-24,5,0.0,0.03,0.05,0,24,0,0,0,3.5714285714285716,0.0
2,2439,7,False,0,2025-02-24,1,1.0,0.03,0.04,0,24,0,0,0,4.0,0.0
2,2645,7,False,0,2025-02-24,4,0.0,0.03,0.04,0,24,0,0,0,3.857142857142857,0.0
2,2792,7,False,0,2025-02-24,2,0.0,0.02,0.04,0,24,0,0,0,4.142857142857143,0.0
2,2989,7,False,0,2025-02-24,0,0.0,0.0,0.0,0,24,0,0,0,3.857142857142857,0.0
2,3025,7,False,0,2025-02-24,5,0.0,0.01,0.01,0,24,0,0,0,3.0,0.0
2,3078,7,False,0,2025-02-24,1,0.0,0.07,0.1,0,24,0,0,0,3.0,0.0
2,3111,7,False,0,2025-02-24,1,0.0,0.03,0.04,0,24,0,0,0,2.5714285714285716,0.0
2,3125,7,False,0,2025-02-24,2,0.0,0.02,0.03,0,24,0,0,0,2.0,0.0
2,4069,7,False,0,2025-02-24,3,0.0,0.02,0.02,0,24,0,0,0,2.142857142857143,0.0
2,4233,7,False,0,2025-02-24,2,1.0,0.06,0.09,0,24,0,0,0,2.0,0.0
2,4424,7,False,0,2025-02-24,2,0.0,0.02,0.05,0,24,0,0,0,2.0,0.0
2,4454,7,False,0,2025-02-24,3,0.0,0.01,0.02,0,24,0,0,0,2.2857142857142856,0.0
2,4484,7,False,0,2025-02-24,19,0.0,0.02,0.05,0,24,0,0,0,2.0,0.0
2,4599,7,False,0,2025-02-24,4,0.0,0.01,0.02,0,24,0,0,0,4.571428571428571,0.0
2,4624,7,False,0,2025-02-24,0,0.0,0.03,0.05,0,24,0,0,0,5.0,0.0
2,4763,7,False,0,2025-02-24,0,0.0,0.01,0.02,0,24,0,0,0,4.714285714285714,0.0
2,4788,7,False,0,2025-02-24,2,0.0,0.02,0.04,0,24,0,0,0,4.285714285714286,0.0
2,4841,7,False,0,2025-02-24,2,1.0,0.01,0.02,0,24,0,0,0,4.285714285714286,0.0
2,4910,7,False,0,2025-02-24,5,0.0,0.2,0.11,0,24,0,0,0,4.285714285714286,0.0
2,5031,7,False,0,2025-02-24,2,0.0,0.3,0.46,0,24,0,0,0,4.571428571428571,0.0
2,5141,7,False,0,2025-02-24,4,0.0,0.02,0.03,0,24,0,0,0,2.142857142857143,0.0
2,55,8,False,0,2025-02-24,18,0.0,0.04,0.08,0,24,0,0,0,2.142857142857143,0.0
2,494,8,False,0,2025-02-24,14,0.0,0.01,0.03,0,24,0,0,0,4.714285714285714,0.0
2,566,8,False,0,2025-02-24,42,0.0,0.01,0.01,0,24,0,0,0,6.714285714285714,0.0
2,658,8,False,0,2025-02-24,1,0.0,0.1,0.15,0,24,0,0,0,12.428571428571429,0.0
2,675,8,False,0,2025-02-24,1,0.0,0.01,0.02,0,24,0,0,0,12.285714285714286,0.0
2,790,8,False,0,2025-02-24,3,0.0,0.01,0.02,0,24,0,0,0,11.714285714285714,0.0
2,868,8,False,0,2025-02-24,3,0.0,0.14,0.2,0,24,0,0,0,11.857142857142858,0.0
2,870,8,False,0,2025-02-24,5,0.0,0.01,0.02,0,24,0,0,0,11.714285714285714,0.0
2,1004,8,False,0,2025-02-24,5,0.0,0.02,0.06,0,24,0,0,0,9.857142857142858,0.0
2,1076,8,False,0,2025-02-24,5,0.0,0.01,0.02,0,24,0,0,0,8.571428571428571,0.0
2,1116,8,False,0,2025-02-24,10,1.0,0.02,0.02,0,24,0,0,0,3.2857142857142856,0.0
2,1134,8,False,0,2025-02-24,12,0.0,0.0,0.01,0,24,0,0,0,4.571428571428571,0.0
2,1229,8,False,0,2025-02-24,0,0.0,0.01,0.02,0,24,0,0,0,6.142857142857143,0.0
2,1285,8,False,0,2025-02-24,5,0.0,0.03,0.05,0,24,0,0,0,5.714285714285714,0.0
2,1541,8,False,0,2025-02-24,6,1.0,0.02,0.04,0,24,0,0,0,6.0,0.0
2,1748,8,False,0,2025-02-24,7,0.0,0.03,0.04,0,24,0,0,0,6.142857142857143,0.0
2,1819,8,False,0,2025-02-24,16,0.0,0.01,0.02,0,24,0,0,0,6.428571428571429,0.0
2,1923,8,False,0,2025-02-24,1,0.0,0.01,0.02,0,24,0,0,0,8.0,0.0
2,1930,8,False,0,2025-02-24,2,0.0,0.03,0.05,0,24,0,0,0,6.714285714285714,0.0
2,2029,8,False,0,2025-02-24,2,0.0,0.04,0.07,0,24,0,0,0,5.285714285714286,0.0
2,2288,8,False,0,2025-02-24,7,1.0,0.01,0.02,0,24,0,0,0,5.571428571428571,0.0
2,3028,8,False,0,2025-02-24,3,0.0,0.01,0.02,0,24,0,0,0,5.857142857142857,0.0
2,3180,8,False,0,2025-02-24,5,0.0,0.01,0.03,0,24,0,0,0,5.428571428571429,0.0
2,3450,8,False,0,2025-02-24,10,0.0,0.02,0.04,0,24,0,0,0,5.142857142857143,0.0
2,3476,8,False,0,2025-02-24,4,0.0,0.07,0.1,0,24,0,0,0,4.285714285714286,0.0
2,3574,8,False,0,2025-02-24,7,0.0,0.02,0.03,0,24,0,0,0,4.714285714285714,0.0
2,3592,8,False,0,2025-02-24,5,0.0,0.02,0.04,0,24,0,0,0,5.428571428571429,0.0
2,3750,8,False,0,2025-02-24,15,0.0,0.01,0.02,0,24,0,0,0,5.857142857142857,0.0
2,3770,8,False,0,2025-02-24,7,0.0,0.01,0.02,0,24,0,0,0,7.0,0.0
2,3963,8,False,0,2025-02-24,5,0.0,0.01,0.01,0,24,0,0,0,7.571428571428571,0.0
2,4115,8,False,0,2025-02-24,4,0.0,0.02,0.04,0,24,0,0,0,7.571428571428571,0.0
2,4538,8,False,0,2025-02-24,10,0.0,0.02,0.03,0,24,0,0,0,6.714285714285714,0.0
2,4609,8,False,0,2025-02-24,4,0.0,0.05,0.08,0,24,0,0,0,7.571428571428571,0.0
2,4666,8,False,0,2025-02-24,13,2.0,0.01,0.02,0,24,0,0,0,7.142857142857143,0.0
2,4668,8,False,0,2025-02-24,4,0.0,0.01,0.02,0,24,0,0,0,8.285714285714286,0.0
2,4676,8,False,0,2025-02-24,24,1.0,0.01,0.01,0,24,0,0,0,6.714285714285714,0.0
2,4751,8,False,0,2025-02-24,1,0.0,0.02,0.02,0,24,0,0,0,9.142857142857142,0.0
2,4807,8,False,0,2025-02-24,10,0.0,0.01,0.01,0,24,0,0,0,8.571428571428571,0.0
2,4862,8,False,0,2025-02-24,3,0.0,0.18,0.27,0,24,0,0,0,9.428571428571429,0.0
2,5001,8,False,0,2025-02-24,5,0.0,0.01,0.03,0,24,0,0,0,8.428571428571429,0.0
2,5203,8,False,0,2025-02-24,12,0.0,0.01,0.03,0,24,0,0,0,8.571428571428571,0.0
2,3,9,True,0,2025-02-24,3,0.0,0.02,0.04,0,24,0,0,0,8.428571428571429,0.0
2,29,9,True,0,2025-02-24,1,0.0,0.05,0.09,0,24,0,0,0,8.285714285714286,0.0
2,67,9,True,0,2025-02-24,2,2.0,0.01,0.04,0,24,0,0,0,5.0,0.0
2,68,9,True,0,2025-02-24,16,0.0,0.02,0.08,0,24,0,0,0,5.142857142857143,0.0
2,75,9,True,0,2025-02-24,8,1.0,0.03,0.04,0,24,0,0,0,6.0,0.0
2,162,9,True,0,2025-02-24,10,1.0,0.03,0.1,0,24,0,0,0,6.714285714285714,0.0
2,176,9,True,0,2025-02-24,2,0.0,0.02,0.03,0,24,0,0,0,7.428571428571429,0.0
2,266,9,True,0,2025-02-24,8,0.0,0.03,0.1,0,24,0,0,0,6.0,0.0
2,322,9,True,0,2025-02-24,4,0.0,0.05,0.08,0,24,0,0,0,6.714285714285714,0.0
2,335,9,True,0,2025-02-24,8,1.0,0.02,0.07,0,24,0,0,0,7.142857142857143,0.0
2,342,9,True,0,2025-02-24,1,0.0,0.02,0.1,0,24,0,0,0,8.0,0.0
2,379,9,True,0,2025-02-24,4,1.0,0.06,0.07,0,24,0,0,0,5.857142857142857,0.0
2,426,9,True,0,2025-02-24,2,0.0,0.05,0.12,0,24,0,0,0,5.285714285714286,0.0
2,469,9,True,0,2025-02-24,8,0.0,0.02,0.02,0,24,0,0,0,4.142857142857143,0.0
2,487,9,True,0,2025-02-24,2,0.0,0.03,0.09,0,24,0,0,0,5.0,0.0
2,500,9,True,0,2025-02-24,12,0.0,0.01,0.04,0,24,0,0,0,4.142857142857143,0.0
2,520,9,True,0,2025-02-24,3,0.0,0.04,0.12,0,24,0,0,0,5.285714285714286,0.0
2,546,9,True,0,2025-02-24,12,0.0,0.02,0.05,0,24,0,0,0,4.571428571428571,0.0
2,562,9,True,0,2025-02-24,6,0.0,0.03,0.05,0,24,0,0,0,6.142857142857143,0.0
2,589,9,True,0,2025-02-24,3,0.0,0.03,0.1,0,24,0,0,0,6.428571428571429,0.0
2,591,9,True,0,2025-02-24,6,0.0,0.04,0.11,0,24,0,0,0,6.571428571428571,0.0
2,654,9,True,0,2025-02-24,3,0.0,0.03,0.09,0,24,0,0,0,6.285714285714286,0.0
2,673,9,True,0,2025-02-24,5,0.0,0.02,0.05,0,24,0,0,0,6.428571428571429,0.0
2,687,9,True,0,2025-02-24,1,0.0,0.04,0.11,0,24,0,0,0,5.428571428571429,0.0
2,698,9,True,0,2025-02-24,15,0.0,0.04,0.12,0,24,0,0,0,5.142857142857143,0.0
2,708,9,True,0,2025-02-24,5,0.0,0.04,0.1,0,24,0,0,0,5.571428571428571,0.0
2,715,9,True,0,2025-02-24,2,0.0,0.02,0.04,0,24,0,0,0,5.428571428571429,0.0
2,738,9,True,0,2025-02-24,1,0.0,0.03,0.13,0,24,0,0,0,5.285714285714286,0.0
2,856,9,True,0,2025-02-24,7,0.0,0.01,0.02,0,24,0,0,0,4.571428571428571,0.0
2,884,9,True,0,2025-02-24,3,0.0,0.05,0.12,0,24,0,0,0,5.142857142857143,0.0
2,893,9,True,0,2025-02-24,12,0.0,0.02,0.05,0,24,0,0,0,4.857142857142857,0.0
2,908,9,True,0,2025-02-24,2,0.0,0.05,0.09,0,24,0,0,0,6.428571428571429,0.0
2,920,9,True,0,2025-02-24,5,3.0,0.04,0.04,0,24,0,0,0,4.571428571428571,0.0
2,942,9,True,0,2025-02-24,3,0.0,0.01,0.05,0,24,0,0,0,4.571428571428571,0.0
2,955,9,True,0,2025-02-24,3,0.0,0.06,0.11,0,24,0,0,0,4.714285714285714,0.0
2,957,9,True,0,2025-02-24,4,0.0,0.05,0.15,0,24,0,0,0,5.0,0.0
2,977,9,True,0,2025-02-24,2,0.0,0.1,0.15,0,24,0,0,0,4.571428571428571,0.0
2,1016,9,True,0,2025-02-24,6,0.0,0.02,0.05,0,24,0,0,0,4.428571428571429,0.0
2,1039,9,True,0,2025-02-24,4,0.0,0.01,0.04,0,24,0,0,0,3.5714285714285716,0.0
2,1050,9,True,0,2025-02-24,6,0.0,0.07,0.12,0,24,0,0,0,3.857142857142857,0.0
2,1075,9,True,0,2025-02-24,20,0.0,0.03,0.05,0,24,0,0,0,4.0,0.0
2,1081,9,True,0,2025-02-24,2,0.0,0.02,0.05,0,24,0,0,0,6.428571428571429,0.0
2,1157,9,True,0,2025-02-24,3,0.0,0.04,0.15,0,24,0,0,0,6.285714285714286,0.0
2,1168,9,True,0,2025-02-24,2,0.0,0.09,0.16,0,24,0,0,0,6.142857142857143,0.0
2,1241,9,True,0,2025-02-24,6,0.0,0.05,0.1,0,24,0,0,0,6.142857142857143,0.0
2,1243,9,True,0,2025-02-24,16,1.0,0.04,0.17,0,24,0,0,0,6.142857142857143,0.0
2,1281,9,True,0,2025-02-24,3,0.0,0.02,0.03,0,24,0,0,0,7.857142857142857,0.0
2,1334,9,True,0,2025-02-24,12,0.0,0.02,0.04,0,24,0,0,0,7.428571428571429,0.0
2,1364,9,True,0,2025-02-24,4,1.0,0.03,0.12,0,24,0,0,0,6.285714285714286,0.0
2,1453,9,True,0,2025-02-24,12,1.0,0.04,0.07,0,24,0,0,0,6.571428571428571,0.0
2,1504,9,True,0,2025-02-24,2,1.0,0.1,0.2,0,24,0,0,0,7.857142857142857,0.0
2,1615,9,True,0,2025-02-24,10,0.0,0.02,0.04,0,24,0,0,0,7.857142857142857,0.0
2,1699,9,True,0,2025-02-24,5,0.0,0.04,0.08,0,24,0,0,0,8.428571428571429,0.0
2,1701,9,True,0,2025-02-24,2,0.0,0.03,0.05,0,24,0,0,0,6.857142857142857,0.0
2,1713,9,True,0,2025-02-24,5,0.0,0.01,0.02,0,24,0,0,0,6.714285714285714,0.0
2,1728,9,True,0,2025-02-24,2,0.0,0.02,0.05,0,24,0,0,0,5.714285714285714,0.0
2,1774,9,True,0,2025-02-24,2,0.0,0.04,0.05,0,24,0,0,0,5.428571428571429,0.0
2,1872,9,True,0,2025-02-24,2,0.0,0.04,0.09,0,24,0,0,0,4.0,0.0
2,1885,9,True,0,2025-02-24,15,0.0,0.01,0.02,0,24,0,0,0,4.0,0.0
2,1890,9,True,0,2025-02-24,0,0.0,0.02,0.06,0,24,0,0,0,4.714285714285714,0.0
2,2007,9,True,0,2025-02-24,13,0.0,0.02,0.09,0,24,0,0,0,4.0,0.0
2,2009,9,True,0,2025-02-24,6,0.0,0.01,0.04,0,24,0,0,0,5.571428571428571,0.0
2,2067,9,True,0,2025-02-24,8,0.0,0.04,0.1,0,24,0,0,0,5.714285714285714,0.0
2,2068,9,True,0,2025-02-24,2,0.0,0.02,0.05,0,24,0,0,0,6.571428571428571,0.0
2,2073,9,True,0,2025-02-24,12,0.0,0.01,0.03,0,24,0,0,0,6.571428571428571,0.0
2,2076,9,True,0,2025-02-24,7,0.0,0.04,0.07,0,24,0,0,0,8.0,0.0
2,2121,9,True,0,2025-02-24,1,0.0,0.02,0.09,0,24,0,0,0,6.857142857142857,0.0
2,2138,9,True,0,2025-02-24,15,0.0,0.05,0.09,0,24,0,0,0,7.0,0.0
2,2184,9,True,0,2025-02-24,7,0.0,0.02,0.12,0,24,0,0,0,7.285714285714286,0.0
2,2220,9,True,0,2025-02-24,0,1.0,0.01,0.03,0,24,0,0,0,7.428571428571429,0.0
2,2225,9,True,0,2025-02-24,12,0.0,0.03,0.09,0,24,0,0,0,6.285714285714286,0.0
2,2299,9,True,0,2025-02-24,0,0.0,0.02,0.05,0,24,0,0,0,7.714285714285714,0.0
2,2353,9,True,0,2025-02-24,1,0.0,0.01,0.01,0,24,0,0,0,6.0,0.0
2,2356,9,True,0,2025-02-24,0,0.0,0.01,0.02,0,24,0,0,0,5.142857142857143,0.0
2,2388,9,True,0,2025-02-24,10,0.0,0.03,0.07,0,24,0,0,0,5.0,0.0
2,2409,9,True,0,2025-02-24,3,0.0,0.05,0.09,0,24,0,0,0,4.285714285714286,0.0
2,2427,9,True,0,2025-02-24,5,0.0,0.01,0.03,0,24,0,0,0,3.7142857142857144,0.0
2,2449,9,True,0,2025-02-24,11,1.0,0.05,0.1,0,24,0,0,0,4.428571428571429,0.0
2,2493,9,True,0,2025-02-24,11,0.0,0.02,0.05,0,24,0,0,0,4.285714285714286,0.0
2,2540,9,True,0,2025-02-24,2,0.0,0.05,0.13,0,24,0,0,0,5.857142857142857,0.0
2,2552,9,True,0,2025-02-24,10,0.0,0.04,0.1,0,24,0,0,0,6.0,0.0
2,2597,9,True,0,2025-02-24,3,0.0,0.01,0.03,0,24,0,0,0,7.428571428571429,0.0
2,2608,9,True,0,2025-02-24,6,0.0,0.04,0.1,0,24,0,0,0,6.428571428571429,0.0
2,2629,9,True,0,2025-02-24,2,0.0,0.02,0.09,0,24,0,0,0,6.857142857142857,0.0
2,2633,9,True,0,2025-02-24,5,0.0,0.01,0.01,0,24,0,0,0,6.428571428571429,0.0
2,2684,9,True,0,2025-02-24,8,0.0,0.04,0.03,0,24,0,0,0,5.571428571428571,0.0
2,2694,9,True,0,2025-02-24,11,0.0,0.04,0.09,0,24,0,0,0,5.142857142857143,0.0
2,2724,9,True,0,2025-02-24,17,0.0,0.01,0.03,0,24,0,0,0,6.428571428571429,0.0
2,2791,9,True,0,2025-02-24,0,0.0,0.1,0.16,0,24,0,0,0,7.428571428571429,0.0
2,2796,9,True,0,2025-02-24,2,0.0,0.03,0.09,0,24,0,0,0,7.0,0.0
2,2828,9,True,0,2025-02-24,4,0.0,0.02,0.05,0,24,0,0,0,6.428571428571429,0.0
2,2868,9,True,0,2025-02-24,15,0.0,0.03,0.04,0,24,0,0,0,6.714285714285714,0.0
2,2869,9,True,0,2025-02-24,4,1.0,0.05,0.12,0,24,0,0,0,8.142857142857142,0.0
2,2877,9,True,0,2025-02-24,3,0.0,0.1,0.16,0,24,0,0,0,7.571428571428571,0.0
2,2895,9,True,0,2025-02-24,6,2.0,0.06,0.08,0,24,0,0,0,6.428571428571429,0.0
2,2896,9,True,0,2025-02-24,4,0.0,0.04,0.1,0,24,0,0,0,4.857142857142857,0.0
2,2921,9,True,0,2025-02-24,4,0.0,0.07,0.19,0,24,0,0,0,5.428571428571429,0.0
2,2937,9,True,0,2025-02-24,2,0.0,0.03,0.11,0,24,0,0,0,5.714285714285714,0.0
2,2945,9,True,0,2025-02-24,5,0.0,0.06,0.09,0,24,0,0,0,5.428571428571429,0.0
2,2967,9,True,0,2025-02-24,7,0.0,0.13,0.08,0,24,0,0,0,4.0,0.0
2,2986,9,True,0,2025-02-24,8,0.0,0.03,0.05,0,24,0,0,0,4.428571428571429,0.0
2,2998,9,True,0,2025-02-24,3,0.0,0.01,0.06,0,24,0,0,0,5.142857142857143,0.0
2,3036,9,True,0,2025-02-24,2,0.0,0.03,0.05,0,24,0,0,0,4.714285714285714,0.0
2,3059,9,True,0,2025-02-24,1,0.0,0.06,0.1,0,24,0,0,0,4.428571428571429,0.0
2,3160,9,True,0,2025-02-24,9,0.0,0.01,0.02,0,24,0,0,0,4.0,0.0
2,3191,9,True,0,2025-02-24,9,0.0,0.06,0.13,0,24,0,0,0,5.0,0.0
2,3291,9,True,0,2025-02-24,6,0.0,0.05,0.09,0,24,0,0,0,5.571428571428571,0.0
2,3332,9,True,0,2025-02-24,5,1.0,0.02,0.1,0,24,0,0,0,5.428571428571429,0.0
2,3367,9,True,0,2025-02-24,4,0.0,0.06,0.18,0,24,0,0,0,5.0,0.0
2,3405,9,True,0,2025-02-24,9,3.0,0.01,0.05,0,24,0,0,0,5.142857142857143,0.0
2,3412,9,True,0,2025-02-24,36,0.0,0.01,0.02,0,24,0,0,0,6.142857142857143,0.0
2,3477,9,True,0,2025-02-24,6,0.0,0.03,0.05,0,24,0,0,0,11.142857142857142,0.0
2,3491,9,True,0,2025-02-24,5,0.0,0.03,0.1,0,24,0,0,0,10.714285714285714,0.0
2,3503,9,True,0,2025-02-24,11,0.0,0.01,0.03,0,24,0,0,0,10.142857142857142,0.0
2,3505,9,True,0,2025-02-24,8,0.0,0.04,0.12,0,24,0,0,0,10.857142857142858,0.0
2,3531,9,True,0,2025-02-24,8,0.0,0.02,0.07,0,24,0,0,0,11.285714285714286,0.0
2,3584,9,True,0,2025-02-24,4,0.0,0.02,0.09,0,24,0,0,0,11.857142857142858,0.0
2,3699,9,True,0,2025-02-24,9,0.0,0.01,0.03,0,24,0,0,0,11.142857142857142,0.0
2,3702,9,True,0,2025-02-24,0,0.0,0.02,0.02,0,24,0,0,0,7.285714285714286,0.0
2,3794,9,True,0,2025-02-24,1,1.0,0.03,0.06,0,24,0,0,0,6.428571428571429,0.0
2,3836,9,True,0,2025-02-24,9,0.0,0.05,0.07,0,24,0,0,0,5.857142857142857,0.0
2,3872,9,True,0,2025-02-24,12,0.0,0.04,0.07,0,24,0,0,0,5.571428571428571,0.0
2,3884,9,True,0,2025-02-24,6,0.0,0.01,0.03,0,24,0,0,0,6.142857142857143,0.0
2,3962,9,True,0,2025-02-24,3,0.0,0.05,0.19,0,24,0,0,0,5.857142857142857,0.0
2,3998,9,True,0,2025-02-24,4,2.0,0.04,0.09,0,24,0,0,0,5.714285714285714,0.0
2,4008,9,True,0,2025-02-24,4,0.0,0.04,0.29,0,24,0,0,0,5.0,0.0
2,4056,9,True,0,2025-02-24,4,0.0,0.02,0.06,0,24,0,0,0,5.571428571428571,0.0
2,4075,9,True,0,2025-02-24,7,0.0,0.06,0.16,0,24,0,0,0,6.0,0.0
2,4083,9,True,0,2025-02-24,7,0.0,0.09,0.15,0,24,0,0,0,5.714285714285714,0.0
2,4232,9,True,0,2025-02-24,11,0.0,0.13,0.18,0,24,0,0,0,5.0,0.0
2,4259,9,True,0,2025-02-24,4,0.0,0.26,0.44,0,24,0,0,0,5.714285714285714,0.0
2,4262,9,True,0,2025-02-24,11,0.0,0.02,0.06,0,24,0,0,0,5.857142857142857,0.0
2,4279,9,True,0,2025-02-24,2,0.0,0.05,0.15,0,24,0,0,0,6.857142857142857,0.0
2,4296,9,True,0,2025-02-24,2,0.0,0.04,0.09,0,24,0,0,0,6.571428571428571,0.0
2,4332,9,True,0,2025-02-24,8,0.0,0.04,0.14,0,24,0,0,0,6.285714285714286,0.0
2,4353,9,True,0,2025-02-24,13,0.0,0.01,0.06,0,24,0,0,0,6.428571428571429,0.0
2,4363,9,True,0,2025-02-24,4,0.0,0.05,0.13,0,24,0,0,0,7.285714285714286,0.0
2,4393,9,True,0,2025-02-24,0,0.0,0.09,0.17,0,24,0,0,0,6.285714285714286,0.0
2,4406,9,True,0,2025-02-24,4,0.0,0.02,0.06,0,24,0,0,0,5.714285714285714,0.0
2,4459,9,True,0,2025-02-24,19,0.0,0.02,0.05,0,24,0,0,0,4.714285714285714,0.0
2,4477,9,True,0,2025-02-24,6,0.0,0.03,0.06,0,24,0,0,0,7.142857142857143,0.0
2,4532,9,True,0,2025-02-24,6,1.0,0.02,0.04,0,24,0,0,0,7.714285714285714,0.0
2,4574,9,True,0,2025-02-24,3,0.0,0.01,0.07,0,24,0,0,0,7.428571428571429,0.0
2,4623,9,True,0,2025-02-24,8,0.0,0.03,0.08,0,24,0,0,0,6.0,0.0
2,4677,9,True,0,2025-02-24,9,0.0,0.12,0.23,0,24,0,0,0,6.571428571428571,0.0
2,4695,9,True,0,2025-02-24,8,0.0,0.04,0.08,0,24,0,0,0,7.857142857142857,0.0
2,4709,9,True,0,2025-02-24,7,0.0,0.08,0.12,0,24,0,0,0,8.428571428571429,0.0
2,4728,9,True,0,2025-02-24,9,0.0,0.02,0.04,0,24,0,0,0,6.714285714285714,0.0
2,4737,9,True,0,2025-02-24,0,0.0,0.01,0.03,0,24,0,0,0,7.142857142857143,0.0
2,4775,9,True,0,2025-02-24,7,0.0,0.04,0.09,0,24,0,0,0,6.285714285714286,0.0
2,4784,9,True,0,2025-02-24,3,0.0,0.01,0.05,0,24,0,0,0,6.857142857142857,0.0
2,4858,9,True,0,2025-02-24,5,0.0,0.15,0.29,0,24,0,0,0,6.142857142857143,0.0
2,4863,9,True,0,2025-02-24,5,1.0,0.02,0.05,0,24,0,0,0,5.571428571428571,0.0
2,4927,9,True,0,2025-02-24,2,0.0,0.06,0.03,0,24,0,0,0,5.142857142857143,0.0
2,4974,9,True,0,2025-02-24,0,0.0,0.02,0.06,0,24,0,0,0,4.428571428571429,0.0
2,5011,9,True,0,2025-02-24,12,0.0,0.06,0.12,0,24,0,0,0,3.142857142857143,0.0
2,5012,9,True,0,2025-02-24,4,2.0,0.01,0.04,0,24,0,0,0,4.857142857142857,0.0
2,5070,9,True,0,2025-02-24,13,0.0,0.05,0.12,0,24,0,0,0,4.428571428571429,0.0
2,5226,9,True,0,2025-02-24,7,0.0,0.05,0.16,0,24,0,0,0,5.857142857142857,0.0
2,5242,9,True,0,2025-02-24,5,0.0,0.04,0.2,0,24,0,0,0,6.142857142857143,0.0
2,15,10,False,0,2025-02-24,12,0.0,0.03,0.13,0,24,0,0,0,6.142857142857143,0.0
2,149,10,False,0,2025-02-24,15,0.0,0.02,0.05,0,24,0,0,0,7.571428571428571,0.0
2,2636,10,False,0,2025-02-24,12,0.0,0.09,0.21,0,24,0,0,0,9.714285714285714,0.0
2,3122,10,False,0,2025-02-24,11,0.0,0.01,0.04,0,24,0,0,0,9.714285714285714,0.0
2,3904,10,False,0,2025-02-24,1,0.0,0.03,0.04,0,24,0,0,0,10.714285714285714,0.0
2,4959,10,False,0,2025-02-24,22,0.0,0.01,0.02,0,24,0,0,0,9.0,0.0
2,518,11,False,0,2025-02-24,1,0.0,0.16,0.15,0,24,0,0,0,11.142857142857142,0.0
2,810,11,False,0,2025-02-24,0,0.0,0.1,0.12,0,24,0,0,0,10.571428571428571,0.0
2,926,11,False,0,2025-02-24,3,0.0,0.14,0.18,0,24,0,0,0,8.857142857142858,0.0
2,1341,11,False,0,2025-02-24,10,0.0,0.16,0.18,0,24,0,0,0,7.142857142857143,0.0
2,1346,11,False,0,2025-02-24,0,0.0,0.07,0.07,0,24,0,0,0,6.857142857142857,0.0
2,1797,11,False,0,2025-02-24,2,0.0,0.07,0.11,0,24,0,0,0,5.285714285714286,0.0
2,1879,11,False,0,2025-02-24,3,0.0,0.1,0.12,0,24,0,0,0,5.428571428571429,0.0
2,3084,11,False,0,2025-02-24,6,0.0,0.12,0.15,0,24,0,0,0,2.7142857142857144,0.0
2,3414,11,False,0,2025-02-24,0,0.0,0.1,0.12,0,24,0,0,0,3.4285714285714284,0.0
2,3602,11,False,0,2025-02-24,2,0.0,0.12,0.15,0,24,0,0,0,3.4285714285714284,0.0
2,3829,11,False,0,2025-02-24,6,0.0,0.1,0.15,0,24,0,0,0,3.2857142857142856,0.0
2,3961,11,False,0,2025-02-24,3,0.0,0.09,0.11,0,24,0,0,0,2.7142857142857144,0.0
2,4171,11,False,0,2025-02-24,4,0.0,0.14,0.21,0,24,0,0,0,3.142857142857143,0.0
2,4182,11,False,0,2025-02-24,2,0.0,0.07,0.07,0,24,0,0,0,3.4285714285714284,0.0
2,4322,11,False,0,2025-02-24,0,0.0,0.1,0.12,0,24,0,0,0,3.2857142857142856,0.0
2,4930,11,False,0,2025-02-24,3,0.0,0.09,0.12,0,24,0,0,0,2.4285714285714284,0.0
2,27,1,False,0,2025-02-28,4,0.0,0.07,0.08,4,28,0,0,1,2.857142857142857,0.0
2,982,1,False,0,2025-02-28,5,0.0,0.2,0.24,4,28,0,0,1,3.142857142857143,0.0
2,1030,1,False,0,2025-02-28,6,0.0,0.29,0.37,4,28,0,0,1,3.0,0.0
2,1304,1,False,0,2025-02-28,2,0.0,0.04,0.06,4,28,0,0,1,3.4285714285714284,0.0
2,1590,1,False,0,2025-02-28,3,0.0,0.06,0.09,4,28,0,0,1,3.142857142857143,0.0
2,1752,1,False,0,2025-02-28,6,0.0,0.16,0.22,4,28,0,0,1,3.2857142857142856,0.0
2,1840,1,False,0,2025-02-28,4,0.0,0.13,0.17,4,28,0,0,1,4.142857142857143,0.0
2,1853,1,False,0,2025-02-28,0,0.0,0.18,0.21,4,28,0,0,1,4.285714285714286,0.0
2,1874,1,False,0,2025-02-28,6,0.0,0.03,0.03,4,28,0,0,1,3.7142857142857144,0.0
2,2850,1,False,0,2025-02-28,4,0.0,0.18,0.22,4,28,0,0,1,3.857142857142857,0.0
2,3058,1,False,0,2025-02-28,6,0.0,0.16,0.19,4,28,0,0,1,3.5714285714285716,0.0
2,3120,1,False,0,2025-02-28,6,0.0,0.16,0.18,4,28,0,0,1,4.142857142857143,0.0
2,3621,1,False,0,2025-02-28,2,0.0,0.03,0.04,4,28,0,0,1,4.571428571428571,0.0
2,3625,1,False,0,2025-02-28,4,0.0,0.16,0.19,4,28,0,0,1,4.0,0.0
2,4088,1,False,0,2025-02-28,2,0.0,0.33,0.38,4,28,0,0,1,4.0,0.0
2,4089,1,False,0,2025-02-28,3,0.0,0.16,0.23,4,28,0,0,1,4.285714285714286,0.0
2,4206,1,False,0,2025-02-28,4,0.0,0.5,0.61,4,28,0,0,1,3.857142857142857,0.0
2,4693,1,False,0,2025-02-28,3,0.0,0.09,0.11,4,28,0,0,1,3.857142857142857,0.0
2,5035,1,False,0,2025-02-28,4,0.0,0.13,0.15,4,28,0,0,1,3.4285714285714284,0.0
2,9,3,True,0,2025-02-28,1,0.0,0.11,0.15,4,28,0,0,1,3.142857142857143,0.0
2,42,3,True,0,2025-02-28,1,0.0,0.05,0.06,4,28,0,0,1,3.0,0.0
2,54,3,True,0,2025-02-28,1,0.0,0.18,0.21,4,28,0,0,1,2.5714285714285716,0.0
2,63,3,True,0,2025-02-28,4,0.0,0.14,0.17,4,28,0,0,1,2.4285714285714284,0.0
2,71,3,True,0,2025-02-28,4,0.0,0.03,0.03,4,28,0,0,1,2.5714285714285716,0.0
2,73,3,True,0,2025-02-28,2,1.0,0.15,0.2,4,28,0,0,1,2.5714285714285716,0.0
2,118,3,True,0,2025-02-28,2,0.0,0.05,0.08,4,28,0,0,1,2.4285714285714284,0.0
2,151,3,True,0,2025-02-28,0,0.0,0.21,0.29,4,28,0,0,1,2.142857142857143,0.0
2,154,3,True,0,2025-02-28,2,0.0,0.18,0.22,4,28,0,0,1,2.0,0.0
2,156,3,True,0,2025-02-28,2,0.0,0.04,0.05,4,28,0,0,1,2.142857142857143,0.0
2,224,3,True,0,2025-02-28,1,0.0,0.06,0.08,4,28,0,0,1,2.2857142857142856,0.0
2,230,3,True,0,2025-02-28,2,0.0,0.03,0.04,4,28,0,0,1,1.8571428571428572,0.0
2,258,3,True,0,2025-02-28,2,0.0,0.03,0.04,4,28,0,0,1,1.5714285714285714,0.0
2,304,3,True,0,2025-02-28,2,0.0,0.1,0.12,4,28,0,0,1,1.5714285714285714,0.0
2,307,3,True,0,2025-02-28,3,0.0,0.16,0.21,4,28,0,0,1,1.5714285714285714,0.0
2,319,3,True,0,2025-02-28,1,0.0,0.35,0.42,4,28,0,0,1,2.0,0.0
2,323,3,True,0,2025-02-28,1,0.0,0.28,0.33,4,28,0,0,1,1.8571428571428572,0.0
2,347,3,True,0,2025-02-28,2,0.0,0.06,0.07,4,28,0,0,1,1.7142857142857142,0.0
2,377,3,True,0,2025-02-28,4,0.0,0.12,0.17,4,28,0,0,1,1.8571428571428572,0.0
2,384,3,True,0,2025-02-28,0,0.0,0.04,0.06,4,28,0,0,1,2.142857142857143,0.0
2,396,3,True,0,2025-02-28,3,0.0,0.22,0.25,4,28,0,0,1,1.8571428571428572,0.0
2,400,3,True,0,2025-02-28,1,0.0,0.19,0.22,4,28,0,0,1,2.0,0.0
2,409,3,True,0,2025-02-28,1,0.0,0.1,0.11,4,28,0,0,1,1.7142857142857142,0.0
2,414,3,True,0,2025-02-28,1,0.0,0.08,0.09,4,28,0,0,1,1.7142857142857142,0.0
2,424,3,True,0,2025-02-28,4,0.0,0.09,0.12,4,28,0,0,1,1.7142857142857142,0.0
2,430,3,True,0,2025-02-28,1,0.0,0.13,0.22,4,28,0,0,1,2.0,0.0
2,452,3,True,0,2025-02-28,2,0.0,0.07,0.09,4,28,0,0,1,1.5714285714285714,0.0
2,514,3,True,0,2025-02-28,3,1.0,0.16,0.21,4,28,0,0,1,1.8571428571428572,0.0
2,541,3,True,0,2025-02-28,4,0.0,0.07,0.1,4,28,0,0,1,1.8571428571428572,0.0
2,550,3,True,0,2025-02-28,0,0.0,0.13,0.18,4,28,0,0,1,2.2857142857142856,0.0
2,570,3,True,0,2025-02-28,2,0.0,0.15,0.18,4,28,0,0,1,2.142857142857143,0.0
2,571,3,True,0,2025-02-28,2,0.0,0.11,0.15,4,28,0,0,1,2.2857142857142856,0.0
2,604,3,True,0,2025-02-28,1,0.0,0.3,0.37,4,28,0,0,1,2.0,0.0
2,618,3,True,0,2025-02-28,1,1.0,0.13,0.18,4,28,0,0,1,2.0,0.0
2,630,3,True,0,2025-02-28,0,0.0,0.06,0.07,4,28,0,0,1,1.8571428571428572,0.0
2,642,3,True,0,2025-02-28,1,0.0,0.07,0.11,4,28,0,0,1,1.4285714285714286,0.0
2,643,3,True,0,2025-02-28,1,0.0,0.06,0.07,4,28,0,0,1,1.0,0.0
2,664,3,True,0,2025-02-28,1,0.0,0.14,0.19,4,28,0,0,1,1.1428571428571428,0.0
2,674,3,True,0,2025-02-28,1,0.0,0.15,0.18,4,28,0,0,1,1.0,0.0
2,679,3,True,0,2025-02-28,1,0.0,0.06,0.07,4,28,0,0,1,0.8571428571428571,0.0
2,713,3,True,0,2025-02-28,3,0.0,0.06,0.07,4,28,0,0,1,0.8571428571428571,0.0
2,725,3,True,0,2025-02-28,2,0.0,0.18,0.23,4,28,0,0,1,1.1428571428571428,0.0
2,766,3,True,0,2025-02-28,5,0.0,0.06,0.09,4,28,0,0,1,1.4285714285714286,0.0
2,767,3,True,0,2025-02-28,2,0.0,0.17,0.22,4,28,0,0,1,2.0,0.0
2,775,3,True,0,2025-02-28,2,0.0,0.12,0.15,4,28,0,0,1,2.142857142857143,0.0
2,800,3,True,0,2025-02-28,3,0.0,0.26,0.37,4,28,0,0,1,2.2857142857142856,0.0
2,804,3,True,0,2025-02-28,5,0.0,0.1,0.14,4,28,0,0,1,2.5714285714285716,0.0
2,806,3,True,0,2025-02-28,1,0.0,0.08,0.1,4,28,0,0,1,3.142857142857143,0.0
2,807,3,True,0,2025-02-28,5,0.0,0.13,0.16,4,28,0,0,1,2.857142857142857,0.0
2,808,3,True,0,2025-02-28,1,0.0,0.06,0.07,4,28,0,0,1,3.2857142857142856,0.0
2,832,3,True,0,2025-02-28,1,0.0,0.12,0.16,4,28,0,0,1,2.7142857142857144,0.0
2,836,3,True,0,2025-02-28,2,0.0,0.07,0.09,4,28,0,0,1,2.5714285714285716,0.0
2,841,3,True,0,2025-02-28,4,0.0,0.13,0.17,4,28,0,0,1,2.5714285714285716,0.0
2,847,3,True,0,2025-02-28,2,0.0,0.08,0.11,4,28,0,0,1,2.7142857142857144,0.0
2,850,3,True,0,2025-02-28,2,0.0,0.49,0.61,4,28,0,0,1,2.2857142857142856,0.0
2,874,3,True,0,2025-02-28,2,0.0,0.03,0.04,4,28,0,0,1,2.4285714285714284,0.0
2,897,3,True,0,2025-02-28,7,0.0,0.05,0.05,4,28,0,0,1,2.0,0.0
2,903,3,True,0,2025-02-28,2,1.0,0.05,0.07,4,28,0,0,1,2.857142857142857,0.0
2,905,3,True,0,2025-02-28,1,0.0,0.11,0.16,4,28,0,0,1,3.0,0.0
2,921,3,True,0,2025-02-28,0,3.0,0.09,0.12,4,28,0,0,1,2.857142857142857,0.0
2,922,3,True,0,2025-02-28,3,0.0,0.07,0.09,4,28,0,0,1,2.2857142857142856,0.0
2,937,3,True,0,2025-02-28,0,0.0,0.03,0.05,4,28,0,0,1,2.4285714285714284,0.0
2,940,3,True,0,2025-02-28,4,0.0,0.2,0.25,4,28,0,0,1,2.142857142857143,0.0
2,965,3,True,0,2025-02-28,1,0.0,0.36,0.43,4,28,0,0,1,2.4285714285714284,0.0
2,971,3,True,0,2025-02-28,4,0.0,0.08,0.1,4,28,0,0,1,1.5714285714285714,0.0
2,978,3,True,0,2025-02-28,1,0.0,0.11,0.13,4,28,0,0,1,1.8571428571428572,0.0
2,983,3,True,0,2025-02-28,3,0.0,0.11,0.13,4,28,0,0,1,1.8571428571428572,0.0
2,1005,3,True,0,2025-02-28,6,0.0,0.07,0.09,4,28,0,0,1,2.2857142857142856,0.0
2,1006,3,True,0,2025-02-28,0,0.0,0.03,0.04,4,28,0,0,1,2.7142857142857144,0.0
2,1022,3,True,0,2025-02-28,1,0.0,0.09,0.12,4,28,0,0,1,2.7142857142857144,0.0
2,1046,3,True,0,2025-02-28,3,0.0,0.06,0.1,4,28,0,0,1,2.2857142857142856,0.0
2,1074,3,True,0,2025-02-28,1,0.0,0.11,0.1,4,28,0,0,1,2.5714285714285716,0.0
2,1080,3,True,0,2025-02-28,2,0.0,0.15,0.2,4,28,0,0,1,2.142857142857143,0.0
2,1089,3,True,0,2025-02-28,1,1.0,0.11,0.13,4,28,0,0,1,2.2857142857142856,0.0
2,1094,3,True,0,2025-02-28,0,1.0,0.18,0.2,4,28,0,0,1,2.0,0.0
2,1106,3,True,0,2025-02-28,5,0.0,0.08,0.11,4,28,0,0,1,1.1428571428571428,0.0
2,1141,3,True,0,2025-02-28,1,0.0,0.09,0.13,4,28,0,0,1,1.8571428571428572,0.0
2,1142,3,True,0,2025-02-28,4,0.0,0.28,0.34,4,28,0,0,1,1.8571428571428572,0.0
2,1150,3,True,0,2025-02-28,3,0.0,0.04,0.05,4,28,0,0,1,2.0,0.0
2,1153,3,True,0,2025-02-28,0,0.0,0.07,0.09,4,28,0,0,1,2.2857142857142856,0.0
2,1173,3,True,0,2025-02-28,2,0.0,0.05,0.07,4,28,0,0,1,2.0,0.0
2,1208,3,True,0,2025-02-28,4,0.0,0.1,0.12,4,28,0,0,1,2.142857142857143,0.0
2,1246,3,True,0,2025-02-28,1,0.0,0.04,0.08,4,28,0,0,1,2.7142857142857144,0.0
2,1254,3,True,0,2025-02-28,2,0.0,0.23,0.29,4,28,0,0,1,2.142857142857143,0.0
2,1280,3,True,0,2025-02-28,1,0.0,0.14,0.16,4,28,0,0,1,2.2857142857142856,0.0
2,1315,3,True,0,2025-02-28,3,0.0,0.14,0.2,4,28,0,0,1,1.8571428571428572,0.0
2,1322,3,True,0,2025-02-28,2,0.0,0.25,0.28,4,28,0,0,1,1.8571428571428572,0.0
2,1337,3,True,0,2025-02-28,2,0.0,0.04,0.06,4,28,0,0,1,2.142857142857143,0.0
2,1348,3,True,0,2025-02-28,3,0.0,0.14,0.19,4,28,0,0,1,2.142857142857143,0.0
2,1353,3,True,0,2025-02-28,1,1.0,0.12,0.16,4,28,0,0,1,2.0,0.0
2,1387,3,True,0,2025-02-28,0,0.0,0.04,0.05,4,28,0,0,1,2.0,0.0
2,1413,3,True,0,2025-02-28,1,0.0,0.51,0.57,4,28,0,0,1,1.7142857142857142,0.0
2,1446,3,True,0,2025-02-28,8,1.0,0.01,0.01,4,28,0,0,1,1.7142857142857142,0.0
2,1450,3,True,0,2025-02-28,3,0.0,0.05,0.06,4,28,0,0,1,2.4285714285714284,0.0
2,1458,3,True,0,2025-02-28,3,0.0,0.05,0.06,4,28,0,0,1,2.5714285714285716,0.0
2,1460,3,True,0,2025-02-28,3,0.0,0.05,0.06,4,28,0,0,1,2.7142857142857144,0.0
2,1486,3,True,0,2025-02-28,4,0.0,0.07,0.09,4,28,0,0,1,2.7142857142857144,0.0
2,1514,3,True,0,2025-02-28,1,0.0,0.19,0.2,4,28,0,0,1,3.142857142857143,0.0
2,1518,3,True,0,2025-02-28,1,0.0,0.17,0.2,4,28,0,0,1,3.2857142857142856,0.0
2,1520,3,True,0,2025-02-28,2,0.0,0.05,0.06,4,28,0,0,1,3.2857142857142856,0.0
2,1577,3,True,0,2025-02-28,2,0.0,0.07,0.09,4,28,0,0,1,2.4285714285714284,0.0
2,1604,3,True,0,2025-02-28,1,0.0,0.36,0.41,4,28,0,0,1,2.2857142857142856,0.0
2,1651,3,True,0,2025-02-28,1,0.0,0.22,0.27,4,28,0,0,1,2.0,0.0
2,1660,3,True,0,2025-02-28,1,0.0,0.1,0.12,4,28,0,0,1,1.7142857142857142,0.0
2,1667,3,True,0,2025-02-28,1,0.0,0.07,0.08,4,28,0,0,1,1.2857142857142858,0.0
2,1689,3,True,0,2025-02-28,3,0.0,0.05,0.06,4,28,0,0,1,1.2857142857142858,0.0
2,1691,3,True,0,2025-02-28,2,0.0,0.03,0.05,4,28,0,0,1,1.5714285714285714,0.0
2,1717,3,True,0,2025-02-28,1,0.0,0.27,0.32,4,28,0,0,1,1.5714285714285714,0.0
2,1736,3,True,0,2025-02-28,1,0.0,0.06,0.09,4,28,0,0,1,1.4285714285714286,0.0
2,1781,3,True,0,2025-02-28,1,0.0,0.04,0.04,4,28,0,0,1,1.4285714285714286,0.0
2,1791,3,True,0,2025-02-28,1,0.0,0.3,0.44,4,28,0,0,1,1.4285714285714286,0.0
2,1798,3,True,0,2025-02-28,2,0.0,0.22,0.28,4,28,0,0,1,1.4285714285714286,0.0
2,1800,3,True,0,2025-02-28,0,0.0,0.24,0.31,4,28,0,0,1,1.5714285714285714,0.0
2,1803,3,True,0,2025-02-28,2,0.0,0.07,0.15,4,28,0,0,1,1.1428571428571428,0.0
2,1804,3,True,0,2025-02-28,3,0.0,0.09,0.11,4,28,0,0,1,1.1428571428571428,0.0
2,1843,3,True,0,2025-02-28,1,0.0,0.04,0.06,4,28,0,0,1,1.4285714285714286,0.0
2,1852,3,True,0,2025-02-28,3,0.0,0.05,0.06,4,28,0,0,1,1.4285714285714286,0.0
2,1871,3,True,0,2025-02-28,2,0.0,0.17,0.2,4,28,0,0,1,1.7142857142857142,0.0
2,1876,3,True,0,2025-02-28,3,0.0,0.07,0.1,4,28,0,0,1,1.8571428571428572,0.0
2,1881,3,True,0,2025-02-28,2,0.0,0.18,0.24,4,28,0,0,1,2.0,0.0
2,1903,3,True,0,2025-02-28,1,0.0,0.05,0.07,4,28,0,0,1,2.2857142857142856,0.0
2,1908,3,True,0,2025-02-28,2,0.0,0.03,0.06,4,28,0,0,1,2.142857142857143,0.0
2,1918,3,True,0,2025-02-28,1,0.0,0.03,0.04,4,28,0,0,1,2.0,0.0
2,1932,3,True,0,2025-02-28,0,0.0,0.1,0.14,4,28,0,0,1,2.0,0.0
2,1936,3,True,0,2025-02-28,0,0.0,0.43,0.46,4,28,0,0,1,1.5714285714285714,0.0
2,1947,3,True,0,2025-02-28,15,0.0,0.09,0.13,4,28,0,0,1,1.2857142857142858,0.0
2,1962,3,True,0,2025-02-28,1,0.0,0.06,0.09,4,28,0,0,1,3.0,0.0
2,1965,3,True,0,2025-02-28,5,0.0,0.24,0.27,4,28,0,0,1,2.857142857142857,0.0
2,1992,3,True,0,2025-02-28,2,0.0,0.08,0.11,4,28,0,0,1,3.4285714285714284,0.0
2,1994,3,True,0,2025-02-28,1,0.0,0.03,0.03,4,28,0,0,1,3.4285714285714284,0.0
2,2017,3,True,0,2025-02-28,3,0.0,0.11,0.15,4,28,0,0,1,3.4285714285714284,0.0
2,2019,3,True,0,2025-02-28,1,0.0,0.15,0.17,4,28,0,0,1,3.857142857142857,0.0
2,2041,3,True,0,2025-02-28,0,0.0,0.06,0.08,4,28,0,0,1,4.0,0.0
2,2043,3,True,0,2025-02-28,3,0.0,0.06,0.09,4,28,0,0,1,1.8571428571428572,0.0
2,2047,3,True,0,2025-02-28,1,0.0,0.12,0.14,4,28,0,0,1,2.142857142857143,0.0
2,2055,3,True,0,2025-02-28,2,0.0,0.1,0.11,4,28,0,0,1,1.5714285714285714,0.0
2,2084,3,True,0,2025-02-28,3,0.0,0.05,0.05,4,28,0,0,1,1.5714285714285714,0.0
2,2111,3,True,0,2025-02-28,3,0.0,0.29,0.36,4,28,0,0,1,1.8571428571428572,0.0
2,2114,3,True,0,2025-02-28,0,1.0,0.06,0.09,4,28,0,0,1,1.8571428571428572,0.0
2,2115,3,True,0,2025-02-28,6,0.0,0.49,0.47,4,28,0,0,1,1.7142857142857142,0.0
2,2117,3,True,0,2025-02-28,2,0.0,0.14,0.17,4,28,0,0,1,2.5714285714285716,0.0
2,2136,3,True,0,2025-02-28,2,0.0,0.27,0.31,4,28,0,0,1,2.4285714285714284,0.0
2,2146,3,True,0,2025-02-28,3,0.0,0.2,0.26,4,28,0,0,1,2.5714285714285716,0.0
2,2173,3,True,0,2025-02-28,4,0.0,0.03,0.04,4,28,0,0,1,2.7142857142857144,0.0
2,2186,3,True,0,2025-02-28,1,0.0,0.25,0.27,4,28,0,0,1,2.857142857142857,0.0
2,2192,3,True,0,2025-02-28,0,0.0,0.07,0.1,4,28,0,0,1,2.5714285714285716,0.0
2,2201,3,True,0,2025-02-28,1,0.0,0.12,0.15,4,28,0,0,1,2.5714285714285716,0.0
2,2203,3,True,0,2025-02-28,1,0.0,0.15,0.2,4,28,0,0,1,1.8571428571428572,0.0
2,2206,3,True,0,2025-02-28,21,0.0,0.02,0.03,4,28,0,0,1,1.7142857142857142,0.0
2,2228,3,True,0,2025-02-28,0,0.0,0.16,0.21,4,28,0,0,1,4.428571428571429,0.0
2,2245,3,True,0,2025-02-28,1,0.0,0.2,0.22,4,28,0,0,1,4.0,0.0
2,2249,3,True,0,2025-02-28,2,0.0,0.06,0.07,4,28,0,0,1,3.5714285714285716,0.0
2,2265,3,True,0,2025-02-28,1,0.0,0.03,0.04,4,28,0,0,1,3.7142857142857144,0.0
2,2268,3,True,0,2025-02-28,2,0.0,0.14,0.2,4,28,0,0,1,3.857142857142857,0.0
2,2282,3,True,0,2025-02-28,2,0.0,0.08,0.11,4,28,0,0,1,4.0,0.0
2,2289,3,True,0,2025-02-28,3,0.0,0.08,0.1,4,28,0,0,1,4.142857142857143,0.0
2,2300,3,True,0,2025-02-28,0,0.0,0.23,0.28,4,28,0,0,1,1.5714285714285714,0.0
2,2314,3,True,0,2025-02-28,1,0.0,0.06,0.08,4,28,0,0,1,1.5714285714285714,0.0
2,2316,3,True,0,2025-02-28,1,0.0,0.08,0.09,4,28,0,0,1,1.5714285714285714,0.0
2,2347,3,True,0,2025-02-28,3,0.0,0.16,0.2,4,28,0,0,1,1.4285714285714286,0.0
2,2350,3,True,0,2025-02-28,1,0.0,0.04,0.05,4,28,0,0,1,1.7142857142857142,0.0
2,2385,3,True,0,2025-02-28,7,0.0,0.02,0.03,4,28,0,0,1,1.5714285714285714,0.0
2,2387,3,True,0,2025-02-28,0,0.0,0.1,0.16,4,28,0,0,1,2.2857142857142856,0.0
2,2394,3,True,0,2025-02-28,0,1.0,0.12,0.16,4,28,0,0,1,1.8571428571428572,0.0
2,2402,3,True,0,2025-02-28,2,0.0,0.07,0.1,4,28,0,0,1,1.8571428571428572,0.0
2,2406,3,True,0,2025-02-28,2,0.0,0.29,0.43,4,28,0,0,1,2.0,0.0
2,2411,3,True,0,2025-02-28,2,0.0,0.16,0.21,4,28,0,0,1,2.142857142857143,0.0
2,2422,3,True,0,2025-02-28,1,0.0,0.28,0.31,4,28,0,0,1,2.0,0.0
2,2426,3,True,0,2025-02-28,0,0.0,0.15,0.16,4,28,0,0,1,2.0,0.0
2,2472,3,True,0,2025-02-28,1,0.0,0.09,0.12,4,28,0,0,1,1.0,0.0
2,2496,3,True,0,2025-02-28,2,0.0,0.22,0.32,4,28,0,0,1,1.1428571428571428,0.0
2,2501,3,True,0,2025-02-28,1,0.0,0.09,0.11,4,28,0,0,1,1.4285714285714286,0.0
2,2505,3,True,0,2025-02-28,3,0.0,0.09,0.11,4,28,0,0,1,1.2857142857142858,0.0
2,2521,3,True,0,2025-02-28,1,0.0,0.43,0.51,4,28,0,0,1,1.4285714285714286,0.0
2,2524,3,True,0,2025-02-28,1,0.0,0.29,0.37,4,28,0,0,1,1.2857142857142858,0.0
2,2532,3,True,0,2025-02-28,1,0.0,0.12,0.11,4,28,0,0,1,1.2857142857142858,0.0
2,2533,3,True,0,2025-02-28,2,0.0,0.34,0.36,4,28,0,0,1,1.4285714285714286,0.0
2,2555,3,True,0,2025-02-28,1,0.0,0.03,0.04,4,28,0,0,1,1.5714285714285714,0.0
2,2572,3,True,0,2025-02-28,0,0.0,0.34,0.45,4,28,0,0,1,1.4285714285714286,0.0
2,2573,3,True,0,2025-02-28,2,0.0,0.23,0.31,4,28,0,0,1,1.2857142857142858,0.0
2,2575,3,True,0,2025-02-28,3,0.0,0.02,0.03,4,28,0,0,1,1.1428571428571428,0.0
2,2578,3,True,0,2025-02-28,3,0.0,0.04,0.06,4,28,0,0,1,1.4285714285714286,0.0
2,2593,3,True,0,2025-02-28,3,0.0,0.01,0.02,4,28,0,0,1,1.7142857142857142,0.0
2,2594,3,True,0,2025-02-28,1,0.0,0.24,0.27,4,28,0,0,1,2.0,0.0
2,2596,3,True,0,2025-02-28,0,0.0,0.22,0.19,4,28,0,0,1,1.8571428571428572,0.0
2,2626,3,True,0,2025-02-28,1,0.0,0.25,0.37,4,28,0,0,1,1.7142857142857142,0.0
2,2637,3,True,0,2025-02-28,2,0.0,0.15,0.18,4,28,0,0,1,1.8571428571428572,0.0
2,2650,3,True,0,2025-02-28,1,0.0,0.07,0.09,4,28,0,0,1,1.8571428571428572,0.0
2,2663,3,True,0,2025-02-28,1,0.0,0.54,0.64,4,28,0,0,1,1.5714285714285714,0.0
2,2664,3,True,0,2025-02-28,3,0.0,0.19,0.24,4,28,0,0,1,1.2857142857142858,0.0
2,2668,3,True,0,2025-02-28,5,0.0,0.22,0.28,4,28,0,0,1,1.2857142857142858,0.0
2,2710,3,True,0,2025-02-28,2,0.0,0.06,0.09,4,28,0,0,1,1.8571428571428572,0.0
2,2715,3,True,0,2025-02-28,0,0.0,0.04,0.05,4,28,0,0,1,2.142857142857143,0.0
2,2741,3,True,0,2025-02-28,2,0.0,0.17,0.2,4,28,0,0,1,2.0,0.0
2,2746,3,True,0,2025-02-28,2,0.0,0.15,0.2,4,28,0,0,1,2.0,0.0
2,2768,3,True,0,2025-02-28,3,0.0,0.08,0.12,4,28,0,0,1,2.142857142857143,0.0
2,2814,3,True,0,2025-02-28,1,0.0,0.1,0.14,4,28,0,0,1,2.4285714285714284,0.0
2,2826,3,True,0,2025-02-28,2,0.0,0.06,0.1,4,28,0,0,1,2.142857142857143,0.0
2,2827,3,True,0,2025-02-28,1,0.0,0.34,0.37,4,28,0,0,1,1.7142857142857142,0.0
2,2861,3,True,0,2025-02-28,1,0.0,0.09,0.11,4,28,0,0,1,1.5714285714285714,0.0
2,2862,3,True,0,2025-02-28,0,0.0,0.32,0.39,4,28,0,0,1,1.7142857142857142,0.0
2,2864,3,True,0,2025-02-28,19,0.0,0.06,0.07,4,28,0,0,1,1.4285714285714286,0.0
2,2866,3,True,0,2025-02-28,2,0.0,0.25,0.29,4,28,0,0,1,3.857142857142857,0.0
2,2902,3,True,0,2025-02-28,3,0.0,0.04,0.05,4,28,0,0,1,3.7142857142857144,0.0
2,2910,3,True,0,2025-02-28,0,0.0,0.25,0.32,4,28,0,0,1,4.0,0.0
2,2911,3,True,0,2025-02-28,2,0.0,0.27,0.36,4,28,0,0,1,3.7142857142857144,0.0
2,2951,3,True,0,2025-02-28,3,0.0,0.07,0.09,4,28,0,0,1,3.857142857142857,0.0
2,2954,3,True,0,2025-02-28,5,0.0,0.05,0.07,4,28,0,0,1,4.142857142857143,0.0
2,2958,3,True,0,2025-02-28,0,0.0,0.04,0.05,4,28,0,0,1,4.857142857142857,0.0
2,2974,3,True,0,2025-02-28,4,0.0,0.12,0.15,4,28,0,0,1,2.142857142857143,0.0
2,2975,3,True,0,2025-02-28,2,0.0,0.14,0.14,4,28,0,0,1,2.4285714285714284,0.0
2,2980,3,True,0,2025-02-28,4,0.0,0.06,0.07,4,28,0,0,1,2.2857142857142856,0.0
2,3022,3,True,0,2025-02-28,3,0.0,0.2,0.23,4,28,0,0,1,2.857142857142857,0.0
2,3052,3,True,0,2025-02-28,1,0.0,0.16,0.22,4,28,0,0,1,3.0,0.0
2,3061,3,True,0,2025-02-28,3,0.0,0.03,0.05,4,28,0,0,1,2.7142857142857144,0.0
2,3069,3,True,0,2025-02-28,2,0.0,0.14,0.18,4,28,0,0,1,2.4285714285714284,0.0
2,3074,3,True,0,2025-02-28,0,0.0,0.12,0.16,4,28,0,0,1,2.7142857142857144,0.0
2,3077,3,True,0,2025-02-28,2,1.0,0.44,0.73,4,28,0,0,1,2.142857142857143,0.0
2,3079,3,True,0,2025-02-28,1,0.0,0.1,0.11,4,28,0,0,1,2.142857142857143,0.0
2,3083,3,True,0,2025-02-28,2,0.0,0.06,0.08,4,28,0,0,1,1.7142857142857142,0.0
2,3104,3,True,0,2025-02-28,5,0.0,0.24,0.24,4,28,0,0,1,1.5714285714285714,0.0
2,3116,3,True,0,2025-02-28,3,0.0,0.09,0.13,4,28,0,0,1,2.142857142857143,0.0
2,3117,3,True,0,2025-02-28,2,0.0,0.05,0.06,4,28,0,0,1,2.142857142857143,0.0
2,3119,3,True,0,2025-02-28,2,0.0,0.09,0.12,4,28,0,0,1,2.142857142857143,0.0
2,3165,3,True,0,2025-02-28,1,0.0,0.07,0.1,4,28,0,0,1,2.4285714285714284,0.0
2,3208,3,True,0,2025-02-28,0,1.0,0.07,0.08,4,28,0,0,1,2.2857142857142856,0.0
2,3212,3,True,0,2025-02-28,0,0.0,0.08,0.1,4,28,0,0,1,2.142857142857143,0.0
2,3219,3,True,0,2025-02-28,4,0.0,0.08,0.11,4,28,0,0,1,1.8571428571428572,0.0
2,3234,3,True,0,2025-02-28,5,0.0,0.13,0.17,4,28,0,0,1,1.7142857142857142,0.0
2,3242,3,True,0,2025-02-28,2,0.0,0.05,0.07,4,28,0,0,1,2.0,0.0
2,3263,3,True,0,2025-02-28,1,0.0,0.3,0.39,4,28,0,0,1,2.0,0.0
2,3266,3,True,0,2025-02-28,3,0.0,0.08,0.12,4,28,0,0,1,1.8571428571428572,0.0
2,3276,3,True,0,2025-02-28,4,0.0,0.1,0.12,4,28,0,0,1,2.142857142857143,0.0
2,3286,3,True,0,2025-02-28,2,0.0,0.22,0.29,4,28,0,0,1,2.7142857142857144,0.0
2,3347,3,True,0,2025-02-28,2,0.0,0.1,0.12,4,28,0,0,1,3.0,0.0
2,3358,3,True,0,2025-02-28,2,0.0,0.17,0.29,4,28,0,0,1,2.7142857142857144,0.0
2,3363,3,True,0,2025-02-28,1,0.0,0.18,0.22,4,28,0,0,1,2.2857142857142856,0.0
2,3369,3,True,0,2025-02-28,2,0.0,0.06,0.08,4,28,0,0,1,2.142857142857143,0.0
2,3393,3,True,0,2025-02-28,1,0.0,0.07,0.08,4,28,0,0,1,2.2857142857142856,0.0
2,3452,3,True,0,2025-02-28,2,0.0,0.14,0.13,4,28,0,0,1,2.0,0.0
2,3495,3,True,0,2025-02-28,4,0.0,0.08,0.12,4,28,0,0,1,1.7142857142857142,0.0
2,3502,3,True,0,2025-02-28,0,0.0,0.08,0.11,4,28,0,0,1,2.0,0.0
2,3523,3,True,0,2025-02-28,1,0.0,0.17,0.22,4,28,0,0,1,1.7142857142857142,0.0
2,3527,3,True,0,2025-02-28,3,0.0,0.15,0.19,4,28,0,0,1,1.5714285714285714,0.0
2,3538,3,True,0,2025-02-28,2,0.0,0.02,0.05,4,28,0,0,1,1.8571428571428572,0.0
2,3546,3,True,0,2025-02-28,1,0.0,0.12,0.16,4,28,0,0,1,1.8571428571428572,0.0
2,3549,3,True,0,2025-02-28,3,0.0,0.15,0.19,4,28,0,0,1,1.8571428571428572,0.0
2,3560,3,True,0,2025-02-28,2,0.0,0.2,0.24,4,28,0,0,1,2.0,0.0
2,3589,3,True,0,2025-02-28,1,0.0,0.09,0.11,4,28,0,0,1,1.7142857142857142,0.0
2,3609,3,True,0,2025-02-28,2,0.0,0.04,0.05,4,28,0,0,1,1.8571428571428572,0.0
2,3641,3,True,0,2025-02-28,1,0.0,0.07,0.09,4,28,0,0,1,2.0,0.0
2,3642,3,True,0,2025-02-28,1,0.0,0.42,0.44,4,28,0,0,1,1.7142857142857142,0.0
2,3653,3,True,0,2025-02-28,2,0.0,0.25,0.34,4,28,0,0,1,1.5714285714285714,0.0
2,3701,3,True,0,2025-02-28,3,0.0,0.23,0.26,4,28,0,0,1,1.7142857142857142,0.0
2,3708,3,True,0,2025-02-28,3,0.0,0.02,0.03,4,28,0,0,1,1.7142857142857142,0.0
2,3726,3,True,0,2025-02-28,0,0.0,0.1,0.13,4,28,0,0,1,1.8571428571428572,0.0
2,3746,3,True,0,2025-02-28,2,0.0,0.06,0.08,4,28,0,0,1,1.7142857142857142,0.0
2,3749,3,True,0,2025-02-28,1,2.0,0.08,0.11,4,28,0,0,1,1.7142857142857142,0.0
2,3769,3,True,0,2025-02-28,3,0.0,0.27,0.32,4,28,0,0,1,1.7142857142857142,0.0
2,3798,3,True,0,2025-02-28,1,0.0,0.04,0.05,4,28,0,0,1,2.0,0.0
2,3803,3,True,0,2025-02-28,1,0.0,0.14,0.17,4,28,0,0,1,1.8571428571428572,0.0
2,3834,3,True,0,2025-02-28,2,0.0,0.04,0.06,4,28,0,0,1,1.5714285714285714,0.0
2,3839,3,True,0,2025-02-28,0,0.0,0.05,0.09,4,28,0,0,1,1.4285714285714286,0.0
2,3852,3,True,0,2025-02-28,1,0.0,0.24,0.31,4,28,0,0,1,1.4285714285714286,0.0
2,3864,3,True,0,2025-02-28,2,0.0,0.06,0.08,4,28,0,0,1,1.2857142857142858,0.0
2,3877,3,True,0,2025-02-28,20,0.0,0.01,0.02,4,28,0,0,1,1.4285714285714286,0.0
2,3891,3,True,0,2025-02-28,2,0.0,0.17,0.17,4,28,0,0,1,3.857142857142857,0.0
2,3893,3,True,0,2025-02-28,0,0.0,0.08,0.1,4,28,0,0,1,4.0,0.0
2,3909,3,True,0,2025-02-28,1,1.0,0.08,0.1,4,28,0,0,1,3.857142857142857,0.0
2,3911,3,True,0,2025-02-28,1,0.0,0.08,0.11,4,28,0,0,1,3.7142857142857144,0.0
2,3915,3,True,0,2025-02-28,2,0.0,0.1,0.13,4,28,0,0,1,3.857142857142857,0.0
2,3922,3,True,0,2025-02-28,1,0.0,0.03,0.04,4,28,0,0,1,4.0,0.0
2,3934,3,True,0,2025-02-28,3,0.0,0.38,0.43,4,28,0,0,1,3.857142857142857,0.0
2,3951,3,True,0,2025-02-28,1,0.0,0.39,0.33,4,28,0,0,1,1.4285714285714286,0.0
2,3982,3,True,0,2025-02-28,2,0.0,0.17,0.19,4,28,0,0,1,1.2857142857142858,0.0
2,4002,3,True,0,2025-02-28,5,0.0,0.05,0.08,4,28,0,0,1,1.5714285714285714,0.0
2,4011,3,True,0,2025-02-28,1,0.0,0.07,0.11,4,28,0,0,1,2.142857142857143,0.0
2,4033,3,True,0,2025-02-28,1,0.0,0.11,0.14,4,28,0,0,1,2.142857142857143,0.0
2,4041,3,True,0,2025-02-28,3,0.0,0.04,0.05,4,28,0,0,1,2.0,0.0
2,4062,3,True,0,2025-02-28,2,0.0,0.12,0.19,4,28,0,0,1,2.2857142857142856,0.0
2,4097,3,True,0,2025-02-28,10,0.0,0.03,0.04,4,28,0,0,1,2.142857142857143,0.0
2,4119,3,True,0,2025-02-28,1,0.0,0.16,0.15,4,28,0,0,1,3.4285714285714284,0.0
2,4120,3,True,0,2025-02-28,5,0.0,0.16,0.17,4,28,0,0,1,3.2857142857142856,0.0
2,4167,3,True,0,2025-02-28,2,0.0,0.33,0.37,4,28,0,0,1,3.2857142857142856,0.0
2,4179,3,True,0,2025-02-28,0,0.0,0.12,0.17,4,28,0,0,1,3.4285714285714284,0.0
2,4191,3,True,0,2025-02-28,1,0.0,0.12,0.17,4,28,0,0,1,3.2857142857142856,0.0
2,4192,3,True,0,2025-02-28,2,0.0,0.18,0.19,4,28,0,0,1,3.0,0.0
2,4203,3,True,0,2025-02-28,1,0.0,0.04,0.06,4,28,0,0,1,3.0,0.0
2,4207,3,True,0,2025-02-28,2,0.0,0.11,0.14,4,28,0,0,1,1.7142857142857142,0.0
2,4210,3,True,0,2025-02-28,2,0.0,0.28,0.34,4,28,0,0,1,1.8571428571428572,0.0
2,4230,3,True,0,2025-02-28,2,0.0,0.13,0.16,4,28,0,0,1,1.4285714285714286,0.0
2,4239,3,True,0,2025-02-28,0,0.0,0.05,0.11,4,28,0,0,1,1.4285714285714286,0.0
2,4242,3,True,0,2025-02-28,2,0.0,0.32,0.39,4,28,0,0,1,1.4285714285714286,0.0
2,4246,3,True,0,2025-02-28,1,0.0,0.26,0.33,4,28,0,0,1,1.5714285714285714,0.0
2,4248,3,True,0,2025-02-28,1,0.0,0.24,0.33,4,28,0,0,1,1.4285714285714286,0.0
2,4260,3,True,0,2025-02-28,4,1.0,0.06,0.07,4,28,0,0,1,1.4285714285714286,0.0
2,4269,3,True,0,2025-02-28,1,0.0,0.08,0.1,4,28,0,0,1,1.7142857142857142,0.0
2,4277,3,True,0,2025-02-28,0,0.0,0.04,0.04,4,28,0,0,1,1.5714285714285714,0.0
2,4302,3,True,0,2025-02-28,1,0.0,0.56,0.64,4,28,0,0,1,1.2857142857142858,0.0
2,4315,3,True,0,2025-02-28,3,0.0,0.12,0.17,4,28,0,0,1,1.4285714285714286,0.0
2,4339,3,True,0,2025-02-28,3,0.0,0.23,0.32,4,28,0,0,1,1.5714285714285714,0.0
2,4357,3,True,0,2025-02-28,0,0.0,0.07,0.09,4,28,0,0,1,1.8571428571428572,0.0
2,4369,3,True,0,2025-02-28,1,0.0,0.38,0.53,4,28,0,0,1,1.7142857142857142,0.0
2,4381,3,True,0,2025-02-28,1,0.0,0.14,0.19,4,28,0,0,1,1.2857142857142858,0.0
2,4397,3,True,0,2025-02-28,2,0.0,0.1,0.16,4,28,0,0,1,1.2857142857142858,0.0
2,4409,3,True,0,2025-02-28,1,0.0,0.09,0.12,4,28,0,0,1,1.5714285714285714,0.0
2,4469,3,True,0,2025-02-28,2,0.0,0.26,0.32,4,28,0,0,1,1.5714285714285714,0.0
2,4475,3,True,0,2025-02-28,0,0.0,0.06,0.09,4,28,0,0,1,1.4285714285714286,0.0
2,4517,3,True,0,2025-02-28,4,0.0,0.29,0.29,4,28,0,0,1,1.0,0.0
2,4521,3,True,0,2025-02-28,4,0.0,0.22,0.29,4,28,0,0,1,1.5714285714285714,0.0
2,4524,3,True,0,2025-02-28,2,0.0,0.17,0.2,4,28,0,0,1,2.0,0.0
2,4527,3,True,0,2025-02-28,1,0.0,0.1,0.12,4,28,0,0,1,2.142857142857143,0.0
2,4540,3,True,0,2025-02-28,2,0.0,0.04,0.06,4,28,0,0,1,2.0,0.0
2,4546,3,True,0,2025-02-28,2,0.0,0.1,0.15,4,28,0,0,1,2.142857142857143,0.0
2,4563,3,True,0,2025-02-28,1,0.0,0.15,0.18,4,28,0,0,1,2.142857142857143,0.0
2,4572,3,True,0,2025-02-28,3,0.0,0.09,0.12,4,28,0,0,1,2.2857142857142856,0.0
2,4582,3,True,0,2025-02-28,2,0.0,0.4,0.49,4,28,0,0,1,2.142857142857143,0.0
2,4640,3,True,0,2025-02-28,2,0.0,0.25,0.33,4,28,0,0,1,1.8571428571428572,0.0
2,4675,3,True,0,2025-02-28,2,0.0,0.1,0.16,4,28,0,0,1,1.8571428571428572,0.0
2,4683,3,True,0,2025-02-28,3,0.0,0.03,0.05,4,28,0,0,1,2.0,0.0
2,4689,3,True,0,2025-02-28,0,0.0,0.11,0.12,4,28,0,0,1,2.142857142857143,0.0
2,4699,3,True,0,2025-02-28,3,0.0,0.07,0.1,4,28,0,0,1,1.8571428571428572,0.0
2,4704,3,True,0,2025-02-28,2,0.0,0.24,0.36,4,28,0,0,1,2.142857142857143,0.0
2,4725,3,True,0,2025-02-28,2,0.0,0.09,0.11,4,28,0,0,1,2.0,0.0
2,4744,3,True,0,2025-02-28,12,0.0,0.04,0.04,4,28,0,0,1,2.0,0.0
2,4757,3,True,0,2025-02-28,2,0.0,0.16,0.19,4,28,0,0,1,3.4285714285714284,0.0
2,4765,3,True,0,2025-02-28,5,0.0,0.12,0.17,4,28,0,0,1,3.4285714285714284,0.0
2,4769,3,True,0,2025-02-28,2,0.0,0.5,0.64,4,28,0,0,1,3.7142857142857144,0.0
2,4782,3,True,0,2025-02-28,0,0.0,0.14,0.17,4,28,0,0,1,4.0,0.0
2,4783,3,True,0,2025-02-28,2,0.0,0.27,0.37,4,28,0,0,1,3.5714285714285716,0.0
2,4790,3,True,0,2025-02-28,2,0.0,0.09,0.11,4,28,0,0,1,3.5714285714285716,0.0
2,4794,3,True,0,2025-02-28,1,0.0,0.06,0.08,4,28,0,0,1,3.5714285714285716,0.0
2,4802,3,True,0,2025-02-28,4,0.0,0.16,0.17,4,28,0,0,1,2.0,0.0
2,4803,3,True,0,2025-02-28,0,0.0,0.66,0.62,4,28,0,0,1,2.2857142857142856,0.0
2,4816,3,True,0,2025-02-28,13,0.0,0.11,0.14,4,28,0,0,1,1.5714285714285714,0.0
2,4820,3,True,0,2025-02-28,3,0.0,0.06,0.07,4,28,0,0,1,3.142857142857143,0.0
2,4833,3,True,0,2025-02-28,1,0.0,0.22,0.28,4,28,0,0,1,3.5714285714285716,0.0
2,4848,3,True,0,2025-02-28,2,0.0,0.07,0.08,4,28,0,0,1,3.4285714285714284,0.0
2,4852,3,True,0,2025-02-28,1,0.0,0.2,0.21,4,28,0,0,1,3.4285714285714284,0.0
2,4859,3,True,0,2025-02-28,1,0.0,0.05,0.06,4,28,0,0,1,3.4285714285714284,0.0
2,4870,3,True,0,2025-02-28,4,0.0,0.1,0.13,4,28,0,0,1,3.0,0.0
2,4878,3,True,0,2025-02-28,3,0.0,0.1,0.13,4,28,0,0,1,3.5714285714285716,0.0
2,4883,3,True,0,2025-02-28,1,0.0,0.11,0.13,4,28,0,0,1,2.142857142857143,0.0
2,4885,3,True,0,2025-02-28,3,0.0,0.06,0.08,4,28,0,0,1,1.8571428571428572,0.0
2,4886,3,True,0,2025-02-28,1,0.0,0.16,0.23,4,28,0,0,1,2.142857142857143,0.0
2,4888,3,True,0,2025-02-28,3,0.0,0.17,0.18,4,28,0,0,1,2.0,0.0
2,4908,3,True,0,2025-02-28,1,1.0,0.16,0.22,4,28,0,0,1,2.2857142857142856,0.0
2,4934,3,True,0,2025-02-28,6,0.0,0.07,0.09,4,28,0,0,1,2.2857142857142856,0.0
2,4938,3,True,0,2025-02-28,1,0.0,0.54,0.59,4,28,0,0,1,2.5714285714285716,0.0
2,4948,3,True,0,2025-02-28,2,0.0,0.12,0.18,4,28,0,0,1,2.2857142857142856,0.0
2,4957,3,True,0,2025-02-28,0,0.0,0.11,0.13,4,28,0,0,1,2.4285714285714284,0.0
2,4971,3,True,0,2025-02-28,1,0.0,0.29,0.36,4,28,0,0,1,2.0,0.0
2,4976,3,True,0,2025-02-28,4,0.0,0.04,0.06,4,28,0,0,1,2.0,0.0
2,4981,3,True,0,2025-02-28,1,0.0,0.15,0.18,4,28,0,0,1,2.142857142857143,0.0
2,4984,3,True,0,2025-02-28,0,1.0,0.06,0.08,4,28,0,0,1,2.142857142857143,0.0
2,4986,3,True,0,2025-02-28,1,0.0,0.05,0.06,4,28,0,0,1,1.2857142857142858,0.0
2,5004,3,True,0,2025-02-28,2,0.0,0.05,0.06,4,28,0,0,1,1.2857142857142858,0.0
2,5024,3,True,0,2025-02-28,1,0.0,0.1,0.12,4,28,0,0,1,1.2857142857142858,0.0
2,5074,3,True,0,2025-02-28,2,0.0,0.23,0.29,4,28,0,0,1,1.4285714285714286,0.0
2,5094,3,True,0,2025-02-28,3,0.0,0.05,0.08,4,28,0,0,1,1.5714285714285714,0.0
2,5095,3,True,0,2025-02-28,1,0.0,0.03,0.04,4,28,0,0,1,1.4285714285714286,0.0
2,5101,3,True,0,2025-02-28,3,0.0,0.01,0.02,4,28,0,0,1,1.4285714285714286,0.0
2,5105,3,True,0,2025-02-28,2,0.0,0.15,0.17,4,28,0,0,1,1.8571428571428572,0.0
2,5119,3,True,0,2025-02-28,0,0.0,0.06,0.09,4,28,0,0,1,2.0,0.0
2,5125,3,True,0,2025-02-28,6,0.0,0.06,0.07,4,28,0,0,1,1.7142857142857142,0.0
2,5139,3,True,0,2025-02-28,1,0.0,0.2,0.26,4,28,0,0,1,2.4285714285714284,0.0
2,5209,3,True,0,2025-02-28,2,0.0,0.35,0.43,4,28,0,0,1,2.2857142857142856,0.0
2,5221,3,True,0,2025-02-28,2,0.0,0.05,0.06,4,28,0,0,1,2.142857142857143,0.0
2,5261,3,True,0,2025-02-28,1,0.0,0.15,0.19,4,28,0,0,1,2.2857142857142856,0.0
2,5262,3,True,0,2025-02-28,2,0.0,0.04,0.06,4,28,0,0,1,2.0,0.0
2,5280,3,True,0,2025-02-28,1,0.0,0.09,0.12,4,28,0,0,1,2.0,0.0
2,5281,3,True,0,2025-02-28,2,0.0,0.27,0.28,4,28,0,0,1,2.142857142857143,0.0
2,2,4,False,0,2025-02-28,2,0.0,0.02,0.04,4,28,0,0,1,1.5714285714285714,0.0
2,17,4,False,0,2025-02-28,2,0.0,0.06,0.09,4,28,0,0,1,1.7142857142857142,0.0
2,26,4,False,0,2025-02-28,6,0.0,0.04,0.06,4,28,0,0,1,1.7142857142857142,0.0
2,38,4,False,0,2025-02-28,0,1.0,0.12,0.17,4,28,0,0,1,2.2857142857142856,0.0
2,64,4,False,0,2025-02-28,3,0.0,0.01,0.02,4,28,0,0,1,2.142857142857143,0.0
2,88,4,False,0,2025-02-28,0,0.0,0.02,0.03,4,28,0,0,1,2.2857142857142856,0.0
2,99,4,False,0,2025-02-28,2,0.0,0.02,0.05,4,28,0,0,1,2.142857142857143,0.0
2,100,4,False,0,2025-02-28,2,0.0,0.04,0.05,4,28,0,0,1,2.142857142857143,0.0
2,145,4,False,0,2025-02-28,3,0.0,0.06,0.1,4,28,0,0,1,2.142857142857143,0.0
2,168,4,False,0,2025-02-28,3,0.0,0.04,0.06,4,28,0,0,1,2.2857142857142856,0.0
2,175,4,False,0,2025-02-28,2,0.0,0.03,0.06,4,28,0,0,1,1.8571428571428572,0.0
2,178,4,False,0,2025-02-28,0,0.0,0.0,0.0,4,28,0,0,1,2.142857142857143,0.0
2,182,4,False,0,2025-02-28,1,0.0,0.03,0.05,4,28,0,0,1,1.7142857142857142,0.0
2,185,4,False,0,2025-02-28,3,0.0,0.02,0.03,4,28,0,0,1,1.8571428571428572,0.0
2,205,4,False,0,2025-02-28,5,0.0,0.1,0.14,4,28,0,0,1,2.0,0.0
2,235,4,False,0,2025-02-28,2,0.0,0.06,0.08,4,28,0,0,1,2.4285714285714284,0.0
2,255,4,False,0,2025-02-28,0,0.0,0.03,0.03,4,28,0,0,1,2.2857142857142856,0.0
2,272,4,False,0,2025-02-28,2,0.0,0.03,0.05,4,28,0,0,1,1.8571428571428572,0.0
2,290,4,False,0,2025-02-28,3,0.0,0.06,0.08,4,28,0,0,1,1.8571428571428572,0.0
2,292,4,False,0,2025-02-28,3,0.0,0.04,0.05,4,28,0,0,1,2.2857142857142856,0.0
2,306,4,False,0,2025-02-28,2,0.0,0.04,0.06,4,28,0,0,1,2.5714285714285716,0.0
2,314,4,False,0,2025-02-28,0,0.0,0.03,0.05,4,28,0,0,1,2.4285714285714284,0.0
2,328,4,False,0,2025-02-28,1,0.0,0.07,0.09,4,28,0,0,1,1.7142857142857142,0.0
2,338,4,False,0,2025-02-28,2,0.0,0.05,0.07,4,28,0,0,1,1.5714285714285714,0.0
2,350,4,False,0,2025-02-28,4,0.0,0.03,0.05,4,28,0,0,1,1.8571428571428572,0.0
2,362,4,False,0,2025-02-28,1,0.0,0.02,0.03,4,28,0,0,1,2.142857142857143,0.0
2,370,4,False,0,2025-02-28,2,0.0,0.03,0.05,4,28,0,0,1,1.8571428571428572,0.0
2,372,4,False,0,2025-02-28,0,0.0,0.02,0.04,4,28,0,0,1,1.7142857142857142,0.0
2,447,4,False,0,2025-02-28,2,0.0,0.06,0.08,4,28,0,0,1,1.4285714285714286,0.0
2,464,4,False,0,2025-02-28,1,0.0,0.02,0.03,4,28,0,0,1,1.7142857142857142,0.0
2,482,4,False,0,2025-02-28,1,0.0,0.02,0.04,4,28,0,0,1,1.7142857142857142,0.0
2,524,4,False,0,2025-02-28,4,0.0,0.02,0.03,4,28,0,0,1,1.5714285714285714,0.0
2,552,4,False,0,2025-02-28,3,0.0,0.07,0.1,4,28,0,0,1,1.5714285714285714,0.0
2,560,4,False,0,2025-02-28,1,0.0,0.02,0.03,4,28,0,0,1,1.8571428571428572,0.0
2,584,4,False,0,2025-02-28,1,0.0,0.05,0.08,4,28,0,0,1,1.7142857142857142,0.0
2,595,4,False,0,2025-02-28,4,0.0,0.07,0.13,4,28,0,0,1,1.8571428571428572,0.0
2,613,4,False,0,2025-02-28,2,0.0,0.02,0.04,4,28,0,0,1,2.142857142857143,0.0
2,621,4,False,0,2025-02-28,2,0.0,0.05,0.1,4,28,0,0,1,2.2857142857142856,0.0
2,622,4,False,0,2025-02-28,3,0.0,0.02,0.04,4,28,0,0,1,2.4285714285714284,0.0
2,676,4,False,0,2025-02-28,3,0.0,0.08,0.12,4,28,0,0,1,2.2857142857142856,0.0
2,700,4,False,0,2025-02-28,3,0.0,0.03,0.05,4,28,0,0,1,2.2857142857142856,0.0
2,723,4,False,0,2025-02-28,1,0.0,0.03,0.04,4,28,0,0,1,2.5714285714285716,0.0
2,726,4,False,0,2025-02-28,3,0.0,0.04,0.05,4,28,0,0,1,2.5714285714285716,0.0
2,731,4,False,0,2025-02-28,1,0.0,0.19,0.18,4,28,0,0,1,2.4285714285714284,0.0
2,736,4,False,0,2025-02-28,8,0.0,0.04,0.06,4,28,0,0,1,2.2857142857142856,0.0
2,749,4,False,0,2025-02-28,2,0.0,0.08,0.14,4,28,0,0,1,3.142857142857143,0.0
2,761,4,False,0,2025-02-28,1,0.0,0.02,0.02,4,28,0,0,1,3.0,0.0
2,824,4,False,0,2025-02-28,8,0.0,0.01,0.01,4,28,0,0,1,2.7142857142857144,0.0
2,826,4,False,0,2025-02-28,2,0.0,0.05,0.06,4,28,0,0,1,3.4285714285714284,0.0
2,845,4,False,0,2025-02-28,3,0.0,0.07,0.1,4,28,0,0,1,3.5714285714285716,0.0
2,849,4,False,0,2025-02-28,1,0.0,0.04,0.07,4,28,0,0,1,3.5714285714285716,0.0
2,852,4,False,0,2025-02-28,0,0.0,0.02,0.04,4,28,0,0,1,3.5714285714285716,0.0
2,871,4,False,0,2025-02-28,3,0.0,0.05,0.07,4,28,0,0,1,2.4285714285714284,0.0
2,880,4,False,0,2025-02-28,7,0.0,0.04,0.07,4,28,0,0,1,2.5714285714285716,0.0
2,883,4,False,0,2025-02-28,3,0.0,0.02,0.05,4,28,0,0,1,3.4285714285714284,0.0
2,892,4,False,0,2025-02-28,3,0.0,0.02,0.03,4,28,0,0,1,2.7142857142857144,0.0
2,953,4,False,0,2025-02-28,2,0.0,0.01,0.02,4,28,0,0,1,2.857142857142857,0.0
2,989,4,False,0,2025-02-28,0,0.0,0.02,0.03,4,28,0,0,1,2.7142857142857144,0.0
2,1003,4,False,0,2025-02-28,1,0.0,0.02,0.03,4,28,0,0,1,2.5714285714285716,0.0
2,1009,4,False,0,2025-02-28,2,0.0,0.21,0.27,4,28,0,0,1,2.7142857142857144,0.0
2,1013,4,False,0,2025-02-28,3,0.0,0.08,0.11,4,28,0,0,1,2.5714285714285716,0.0
2,1040,4,False,0,2025-02-28,6,0.0,0.03,0.04,4,28,0,0,1,2.0,0.0
2,1041,4,False,0,2025-02-28,2,0.0,0.05,0.07,4,28,0,0,1,2.4285714285714284,0.0
2,1066,4,False,0,2025-02-28,2,0.0,0.01,0.02,4,28,0,0,1,2.2857142857142856,0.0
2,1069,4,False,0,2025-02-28,1,0.0,0.07,0.09,4,28,0,0,1,2.2857142857142856,0.0
2,1077,4,False,0,2025-02-28,1,0.0,0.06,0.09,4,28,0,0,1,2.4285714285714284,0.0
2,1090,4,False,0,2025-02-28,1,0.0,0.04,0.05,4,28,0,0,1,2.4285714285714284,0.0
2,1092,4,False,0,2025-02-28,2,0.0,0.02,0.03,4,28,0,0,1,2.2857142857142856,0.0
2,1111,4,False,0,2025-02-28,0,0.0,0.06,0.07,4,28,0,0,1,2.142857142857143,0.0
2,1119,4,False,0,2025-02-28,2,0.0,0.04,0.09,4,28,0,0,1,1.2857142857142858,0.0
2,1123,4,False,0,2025-02-28,2,0.0,0.0,0.01,4,28,0,0,1,1.2857142857142858,0.0
2,1137,4,False,0,2025-02-28,2,0.0,0.03,0.04,4,28,0,0,1,1.2857142857142858,0.0
2,1182,4,False,0,2025-02-28,3,0.0,0.02,0.02,4,28,0,0,1,1.4285714285714286,0.0
2,1245,4,False,0,2025-02-28,3,0.0,0.04,0.05,4,28,0,0,1,1.7142857142857142,0.0
2,1248,4,False,0,2025-02-28,6,0.0,0.01,0.01,4,28,0,0,1,2.0,0.0
2,1257,4,False,0,2025-02-28,1,0.0,0.1,0.15,4,28,0,0,1,2.5714285714285716,0.0
2,1268,4,False,0,2025-02-28,2,0.0,0.06,0.08,4,28,0,0,1,2.7142857142857144,0.0
2,1316,4,False,0,2025-02-28,4,0.0,0.03,0.05,4,28,0,0,1,2.7142857142857144,0.0
2,1321,4,False,0,2025-02-28,2,0.0,0.03,0.04,4,28,0,0,1,3.0,0.0
2,1329,4,False,0,2025-02-28,4,0.0,0.01,0.02,4,28,0,0,1,3.0,0.0
2,1369,4,False,0,2025-02-28,2,0.0,0.02,0.03,4,28,0,0,1,3.142857142857143,0.0
2,1373,4,False,0,2025-02-28,3,0.0,0.05,0.06,4,28,0,0,1,3.0,0.0
2,1394,4,False,0,2025-02-28,4,0.0,0.02,0.02,4,28,0,0,1,2.5714285714285716,0.0
2,1402,4,False,0,2025-02-28,3,0.0,0.03,0.05,4,28,0,0,1,3.0,0.0
2,1417,4,False,0,2025-02-28,1,0.0,0.06,0.08,4,28,0,0,1,3.142857142857143,0.0
2,1420,4,False,0,2025-02-28,1,0.0,0.04,0.06,4,28,0,0,1,2.7142857142857144,0.0
2,1428,4,False,0,2025-02-28,0,0.0,0.03,0.04,4,28,0,0,1,2.5714285714285716,0.0
2,1436,4,False,0,2025-02-28,1,0.0,0.05,0.07,4,28,0,0,1,2.0,0.0
2,1473,4,False,0,2025-02-28,2,0.0,0.06,0.09,4,28,0,0,1,1.8571428571428572,0.0
2,1481,4,False,0,2025-02-28,1,0.0,0.04,0.07,4,28,0,0,1,1.7142857142857142,0.0
2,1493,4,False,0,2025-02-28,1,1.0,0.06,0.07,4,28,0,0,1,1.2857142857142858,0.0
2,1497,4,False,0,2025-02-28,2,0.0,0.05,0.08,4,28,0,0,1,1.0,0.0
2,1506,4,False,0,2025-02-28,3,0.0,0.02,0.04,4,28,0,0,1,1.1428571428571428,0.0
2,1519,4,False,0,2025-02-28,3,0.0,0.05,0.07,4,28,0,0,1,1.4285714285714286,0.0
2,1539,4,False,0,2025-02-28,0,0.0,0.02,0.03,4,28,0,0,1,1.8571428571428572,0.0
2,1546,4,False,0,2025-02-28,2,0.0,0.03,0.04,4,28,0,0,1,1.7142857142857142,0.0
2,1563,4,False,0,2025-02-28,2,0.0,0.04,0.04,4,28,0,0,1,1.7142857142857142,0.0
2,1570,4,False,0,2025-02-28,1,0.0,0.02,0.03,4,28,0,0,1,1.8571428571428572,0.0
2,1573,4,False,0,2025-02-28,2,0.0,0.07,0.11,4,28,0,0,1,1.8571428571428572,0.0
2,1574,4,False,0,2025-02-28,2,0.0,0.07,0.11,4,28,0,0,1,1.8571428571428572,0.0
2,1594,4,False,0,2025-02-28,3,0.0,0.02,0.03,4,28,0,0,1,1.7142857142857142,0.0
2,1607,4,False,0,2025-02-28,4,0.0,0.07,0.12,4,28,0,0,1,1.7142857142857142,0.0
2,1626,4,False,0,2025-02-28,3,0.0,0.06,0.07,4,28,0,0,1,2.2857142857142856,0.0
2,1644,4,False,0,2025-02-28,2,0.0,0.07,0.11,4,28,0,0,1,2.4285714285714284,0.0
2,1652,4,False,0,2025-02-28,2,0.0,0.05,0.08,4,28,0,0,1,2.4285714285714284,0.0
2,1673,4,False,0,2025-02-28,3,0.0,0.06,0.08,4,28,0,0,1,2.5714285714285716,0.0
2,1675,4,False,0,2025-02-28,2,0.0,0.05,0.08,4,28,0,0,1,2.7142857142857144,0.0
2,1686,4,False,0,2025-02-28,1,0.0,0.07,0.09,4,28,0,0,1,2.7142857142857144,0.0
2,1706,4,False,0,2025-02-28,2,0.0,0.01,0.03,4,28,0,0,1,2.4285714285714284,0.0
2,1716,4,False,0,2025-02-28,0,0.0,0.03,0.05,4,28,0,0,1,2.142857142857143,0.0
2,1732,4,False,0,2025-02-28,1,0.0,0.08,0.12,4,28,0,0,1,1.7142857142857142,0.0
2,1738,4,False,0,2025-02-28,2,0.0,0.02,0.04,4,28,0,0,1,1.5714285714285714,0.0
2,1745,4,False,0,2025-02-28,2,0.0,0.05,0.08,4,28,0,0,1,1.5714285714285714,0.0
2,1759,4,False,0,2025-02-28,0,0.0,0.03,0.04,4,28,0,0,1,1.4285714285714286,0.0
2,1776,4,False,0,2025-02-28,1,0.0,0.14,0.19,4,28,0,0,1,1.1428571428571428,0.0
2,1790,4,False,0,2025-02-28,1,0.0,0.04,0.06,4,28,0,0,1,1.1428571428571428,0.0
2,1826,4,False,0,2025-02-28,3,0.0,0.07,0.08,4,28,0,0,1,1.0,0.0
2,1830,4,False,0,2025-02-28,4,0.0,0.15,0.2,4,28,0,0,1,1.4285714285714286,0.0
2,1863,4,False,0,2025-02-28,3,0.0,0.04,0.07,4,28,0,0,1,1.8571428571428572,0.0
2,1866,4,False,0,2025-02-28,0,0.0,0.02,0.03,4,28,0,0,1,2.0,0.0
2,1922,4,False,0,2025-02-28,3,0.0,0.02,0.04,4,28,0,0,1,1.7142857142857142,0.0
2,1934,4,False,0,2025-02-28,1,0.0,0.02,0.04,4,28,0,0,1,2.142857142857143,0.0
2,1975,4,False,0,2025-02-28,0,0.0,0.03,0.05,4,28,0,0,1,2.142857142857143,0.0
2,1984,4,False,0,2025-02-28,2,0.0,0.06,0.08,4,28,0,0,1,2.0,0.0
2,2005,4,False,0,2025-02-28,2,0.0,0.16,0.25,4,28,0,0,1,1.8571428571428572,0.0
2,2013,4,False,0,2025-02-28,4,0.0,0.03,0.04,4,28,0,0,1,1.5714285714285714,0.0
2,2025,4,False,0,2025-02-28,1,0.0,0.03,0.05,4,28,0,0,1,1.7142857142857142,0.0
2,2028,4,False,0,2025-02-28,1,0.0,0.03,0.05,4,28,0,0,1,1.8571428571428572,0.0
2,2033,4,False,0,2025-02-28,1,0.0,0.11,0.15,4,28,0,0,1,1.5714285714285714,0.0
2,2035,4,False,0,2025-02-28,1,0.0,0.02,0.03,4,28,0,0,1,1.5714285714285714,0.0
2,2042,4,False,0,2025-02-28,5,0.0,0.03,0.06,4,28,0,0,1,1.7142857142857142,0.0
2,2051,4,False,0,2025-02-28,3,0.0,0.03,0.04,4,28,0,0,1,2.142857142857143,0.0
2,2061,4,False,0,2025-02-28,3,0.0,0.02,0.04,4,28,0,0,1,2.2857142857142856,0.0
2,2069,4,False,0,2025-02-28,0,0.0,0.07,0.1,4,28,0,0,1,2.142857142857143,0.0
2,2083,4,False,0,2025-02-28,2,0.0,0.06,0.09,4,28,0,0,1,2.0,0.0
2,2088,4,False,0,2025-02-28,0,0.0,0.03,0.04,4,28,0,0,1,2.142857142857143,0.0
2,2129,4,False,0,2025-02-28,2,0.0,0.03,0.04,4,28,0,0,1,2.0,0.0
2,2144,4,False,0,2025-02-28,2,0.0,0.03,0.06,4,28,0,0,1,2.142857142857143,0.0
2,2149,4,False,0,2025-02-28,2,0.0,0.04,0.06,4,28,0,0,1,1.7142857142857142,0.0
2,2167,4,False,0,2025-02-28,3,0.0,0.05,0.07,4,28,0,0,1,1.5714285714285714,0.0
2,2193,4,False,0,2025-02-28,3,0.0,0.08,0.08,4,28,0,0,1,1.5714285714285714,0.0
2,2230,4,False,0,2025-02-28,1,0.0,0.02,0.04,4,28,0,0,1,2.0,0.0
2,2233,4,False,0,2025-02-28,1,0.0,0.06,0.06,4,28,0,0,1,1.8571428571428572,0.0
2,2238,4,False,0,2025-02-28,2,0.0,0.04,0.06,4,28,0,0,1,2.0,0.0
2,2257,4,False,0,2025-02-28,0,0.0,0.04,0.06,4,28,0,0,1,2.0,0.0
2,2279,4,False,0,2025-02-28,3,0.0,0.11,0.15,4,28,0,0,1,1.7142857142857142,0.0
2,2283,4,False,0,2025-02-28,7,0.0,0.04,0.06,4,28,0,0,1,1.8571428571428572,0.0
2,2286,4,False,0,2025-02-28,1,1.0,0.11,0.15,4,28,0,0,1,2.4285714285714284,0.0
2,2306,4,False,0,2025-02-28,1,1.0,0.04,0.07,4,28,0,0,1,2.142857142857143,0.0
2,2315,4,False,0,2025-02-28,2,0.0,0.06,0.1,4,28,0,0,1,2.142857142857143,0.0
2,2392,4,False,0,2025-02-28,1,0.0,0.04,0.06,4,28,0,0,1,2.2857142857142856,0.0
2,2397,4,False,0,2025-02-28,1,0.0,0.02,0.03,4,28,0,0,1,2.142857142857143,0.0
2,2398,4,False,0,2025-02-28,3,0.0,0.11,0.17,4,28,0,0,1,2.2857142857142856,0.0
2,2438,4,False,0,2025-02-28,0,0.0,0.02,0.04,4,28,0,0,1,2.2857142857142856,0.0
2,2443,4,False,0,2025-02-28,1,0.0,0.05,0.06,4,28,0,0,1,1.2857142857142858,0.0
2,2448,4,False,0,2025-02-28,3,0.0,0.04,0.05,4,28,0,0,1,1.2857142857142858,0.0
2,2469,4,False,0,2025-02-28,2,0.0,0.07,0.09,4,28,0,0,1,1.5714285714285714,0.0
2,2473,4,False,0,2025-02-28,3,0.0,0.04,0.06,4,28,0,0,1,1.5714285714285714,0.0
2,2478,4,False,0,2025-02-28,2,0.0,0.02,0.03,4,28,0,0,1,1.8571428571428572,0.0
2,2487,4,False,0,2025-02-28,2,0.0,0.02,0.04,4,28,0,0,1,2.0,0.0
2,2497,4,False,0,2025-02-28,2,0.0,0.03,0.04,4,28,0,0,1,1.8571428571428572,0.0
2,2506,4,False,0,2025-02-28,3,0.0,0.03,0.04,4,28,0,0,1,2.142857142857143,0.0
2,2522,4,False,0,2025-02-28,3,0.0,0.11,0.16,4,28,0,0,1,2.4285714285714284,0.0
2,2567,4,False,0,2025-02-28,2,0.0,0.04,0.06,4,28,0,0,1,2.4285714285714284,0.0
2,2581,4,False,0,2025-02-28,2,0.0,0.06,0.06,4,28,0,0,1,2.4285714285714284,0.0
2,2624,4,False,0,2025-02-28,3,0.0,0.06,0.08,4,28,0,0,1,2.2857142857142856,0.0
2,2630,4,False,0,2025-02-28,3,0.0,0.03,0.04,4,28,0,0,1,2.4285714285714284,0.0
2,2631,4,False,0,2025-02-28,3,0.0,0.02,0.03,4,28,0,0,1,2.5714285714285716,0.0
2,2642,4,False,0,2025-02-28,3,0.0,0.03,0.05,4,28,0,0,1,2.7142857142857144,0.0
2,2658,4,False,0,2025-02-28,1,0.0,0.02,0.04,4,28,0,0,1,2.7142857142857144,0.0
2,2672,4,False,0,2025-02-28,2,0.0,0.02,0.03,4,28,0,0,1,2.4285714285714284,0.0
2,2688,4,False,0,2025-02-28,3,0.0,0.03,0.04,4,28,0,0,1,2.4285714285714284,0.0
2,2725,4,False,0,2025-02-28,0,0.0,0.08,0.08,4,28,0,0,1,2.5714285714285716,0.0
2,2744,4,False,0,2025-02-28,3,0.0,0.06,0.08,4,28,0,0,1,2.142857142857143,0.0
2,2788,4,False,0,2025-02-28,3,0.0,0.02,0.03,4,28,0,0,1,2.142857142857143,0.0
2,2801,4,False,0,2025-02-28,1,0.0,0.06,0.09,4,28,0,0,1,2.142857142857143,0.0
2,2804,4,False,0,2025-02-28,2,0.0,0.06,0.07,4,28,0,0,1,1.8571428571428572,0.0
2,2818,4,False,0,2025-02-28,2,0.0,0.02,0.03,4,28,0,0,1,2.0,0.0
2,2825,4,False,0,2025-02-28,1,0.0,0.18,0.23,4,28,0,0,1,2.0,0.0
2,2830,4,False,0,2025-02-28,2,0.0,0.04,0.06,4,28,0,0,1,1.7142857142857142,0.0
2,2832,4,False,0,2025-02-28,3,0.0,0.01,0.03,4,28,0,0,1,2.0,0.0
2,2838,4,False,0,2025-02-28,3,0.0,0.02,0.03,4,28,0,0,1,2.0,0.0
2,2844,4,False,0,2025-02-28,2,0.0,0.03,0.05,4,28,0,0,1,2.0,0.0
2,2860,4,False,0,2025-02-28,3,0.0,0.07,0.1,4,28,0,0,1,2.142857142857143,0.0
2,2870,4,False,0,2025-02-28,3,0.0,0.06,0.08,4,28,0,0,1,2.2857142857142856,0.0
2,2871,4,False,0,2025-02-28,2,0.0,0.04,0.05,4,28,0,0,1,2.4285714285714284,0.0
2,2892,4,False,0,2025-02-28,1,0.0,0.1,0.13,4,28,0,0,1,2.5714285714285716,0.0
2,2894,4,False,0,2025-02-28,1,0.0,0.04,0.06,4,28,0,0,1,2.4285714285714284,0.0
2,2957,4,False,0,2025-02-28,2,0.0,0.02,0.04,4,28,0,0,1,2.142857142857143,0.0
2,2961,4,False,0,2025-02-28,2,0.0,0.05,0.07,4,28,0,0,1,2.0,0.0
2,2963,4,False,0,2025-02-28,3,0.0,0.06,0.08,4,28,0,0,1,2.0,0.0
2,2970,4,False,0,2025-02-28,2,0.0,0.03,0.05,4,28,0,0,1,2.0,0.0
2,2979,4,False,0,2025-02-28,1,0.0,0.06,0.08,4,28,0,0,1,1.8571428571428572,0.0
2,2992,4,False,0,2025-02-28,2,0.0,0.05,0.07,4,28,0,0,1,1.7142857142857142,0.0
2,3000,4,False,0,2025-02-28,1,0.0,0.1,0.14,4,28,0,0,1,1.8571428571428572,0.0
2,3012,4,False,0,2025-02-28,3,0.0,0.02,0.03,4,28,0,0,1,1.8571428571428572,0.0
2,3044,4,False,0,2025-02-28,2,0.0,0.02,0.02,4,28,0,0,1,2.0,0.0
2,3086,4,False,0,2025-02-28,3,0.0,0.04,0.07,4,28,0,0,1,2.0,0.0
2,3145,4,False,0,2025-02-28,2,0.0,0.04,0.05,4,28,0,0,1,2.0,0.0
2,3146,4,False,0,2025-02-28,4,0.0,0.01,0.01,4,28,0,0,1,2.0,0.0
2,3162,4,False,0,2025-02-28,4,0.0,0.01,0.02,4,28,0,0,1,2.4285714285714284,0.0
2,3178,4,False,0,2025-02-28,1,0.0,0.12,0.18,4,28,0,0,1,2.7142857142857144,0.0
2,3185,4,False,0,2025-02-28,3,0.0,0.04,0.06,4,28,0,0,1,2.7142857142857144,0.0
2,3196,4,False,0,2025-02-28,4,0.0,0.02,0.03,4,28,0,0,1,2.7142857142857144,0.0
2,3209,4,False,0,2025-02-28,1,0.0,0.02,0.04,4,28,0,0,1,3.0,0.0
2,3224,4,False,0,2025-02-28,3,0.0,0.04,0.05,4,28,0,0,1,2.7142857142857144,0.0
2,3262,4,False,0,2025-02-28,2,0.0,0.09,0.13,4,28,0,0,1,2.857142857142857,0.0
2,3267,4,False,0,2025-02-28,3,0.0,0.01,0.01,4,28,0,0,1,2.5714285714285716,0.0
2,3293,4,False,0,2025-02-28,4,0.0,0.0,0.01,4,28,0,0,1,2.4285714285714284,0.0
2,3312,4,False,0,2025-02-28,2,0.0,0.01,0.02,4,28,0,0,1,2.857142857142857,0.0
2,3317,4,False,0,2025-02-28,3,0.0,0.01,0.02,4,28,0,0,1,2.7142857142857144,0.0
2,3327,4,False,0,2025-02-28,3,0.0,0.01,0.02,4,28,0,0,1,2.5714285714285716,0.0
2,3377,4,False,0,2025-02-28,3,0.0,0.02,0.05,4,28,0,0,1,2.857142857142857,0.0
2,3420,4,False,0,2025-02-28,3,0.0,0.07,0.09,4,28,0,0,1,2.857142857142857,0.0
2,3453,4,False,0,2025-02-28,2,0.0,0.02,0.04,4,28,0,0,1,3.0,0.0
2,3455,4,False,0,2025-02-28,0,0.0,0.02,0.03,4,28,0,0,1,2.857142857142857,0.0
2,3465,4,False,0,2025-02-28,1,0.0,0.06,0.07,4,28,0,0,1,2.2857142857142856,0.0
2,3466,4,False,0,2025-02-28,3,0.0,0.03,0.04,4,28,0,0,1,2.142857142857143,0.0
2,3472,4,False,0,2025-02-28,0,0.0,0.04,0.06,4,28,0,0,1,2.142857142857143,0.0
2,3473,4,False,0,2025-02-28,1,0.0,0.01,0.03,4,28,0,0,1,1.7142857142857142,0.0
2,3493,4,False,0,2025-02-28,3,0.0,0.04,0.07,4,28,0,0,1,1.4285714285714286,0.0
2,3552,4,False,0,2025-02-28,1,0.0,0.03,0.05,4,28,0,0,1,1.4285714285714286,0.0
2,3562,4,False,0,2025-02-28,2,0.0,0.05,0.07,4,28,0,0,1,1.2857142857142858,0.0
2,3569,4,False,0,2025-02-28,3,0.0,0.03,0.06,4,28,0,0,1,1.5714285714285714,0.0
2,3577,4,False,0,2025-02-28,2,0.0,0.04,0.06,4,28,0,0,1,1.8571428571428572,0.0
2,3590,4,False,0,2025-02-28,3,0.0,0.02,0.03,4,28,0,0,1,1.7142857142857142,0.0
2,3620,4,False,0,2025-02-28,1,0.0,0.02,0.04,4,28,0,0,1,2.142857142857143,0.0
2,3627,4,False,0,2025-02-28,0,0.0,0.06,0.1,4,28,0,0,1,2.142857142857143,0.0
2,3628,4,False,0,2025-02-28,1,0.0,0.06,0.09,4,28,0,0,1,1.7142857142857142,0.0
2,3633,4,False,0,2025-02-28,3,0.0,0.07,0.1,4,28,0,0,1,1.7142857142857142,0.0
2,3645,4,False,0,2025-02-28,2,0.0,0.07,0.07,4,28,0,0,1,1.8571428571428572,0.0
2,3651,4,False,0,2025-02-28,3,0.0,0.04,0.07,4,28,0,0,1,1.7142857142857142,0.0
2,3692,4,False,0,2025-02-28,2,0.0,0.1,0.11,4,28,0,0,1,1.8571428571428572,0.0
2,3698,4,False,0,2025-02-28,3,0.0,0.05,0.06,4,28,0,0,1,1.7142857142857142,0.0
2,3700,4,False,0,2025-02-28,3,0.0,0.02,0.03,4,28,0,0,1,2.0,0.0
2,3721,4,False,0,2025-02-28,1,0.0,0.03,0.04,4,28,0,0,1,2.4285714285714284,0.0
2,3728,4,False,0,2025-02-28,2,0.0,0.03,0.05,4,28,0,0,1,2.4285714285714284,0.0
2,3733,4,False,0,2025-02-28,3,0.0,0.01,0.02,4,28,0,0,1,2.2857142857142856,0.0
2,3753,4,False,0,2025-02-28,3,0.0,0.04,0.07,4,28,0,0,1,2.4285714285714284,0.0
2,3772,4,False,0,2025-02-28,3,0.0,0.03,0.06,4,28,0,0,1,2.4285714285714284,0.0
2,3818,4,False,0,2025-02-28,3,0.0,0.06,0.09,4,28,0,0,1,2.5714285714285716,0.0
2,3843,4,False,0,2025-02-28,3,0.0,0.02,0.04,4,28,0,0,1,2.5714285714285716,0.0
2,3847,4,False,0,2025-02-28,1,0.0,0.01,0.03,4,28,0,0,1,2.5714285714285716,0.0
2,3850,4,False,0,2025-02-28,2,0.0,0.07,0.11,4,28,0,0,1,2.5714285714285716,0.0
2,3853,4,False,0,2025-02-28,1,0.0,0.1,0.17,4,28,0,0,1,2.5714285714285716,0.0
2,3879,4,False,0,2025-02-28,2,0.0,0.05,0.08,4,28,0,0,1,2.2857142857142856,0.0
2,3888,4,False,0,2025-02-28,6,0.0,0.01,0.01,4,28,0,0,1,2.142857142857143,0.0
2,3903,4,False,0,2025-02-28,2,0.0,0.04,0.06,4,28,0,0,1,2.5714285714285716,0.0
2,3906,4,False,0,2025-02-28,1,0.0,0.11,0.16,4,28,0,0,1,2.4285714285714284,0.0
2,3939,4,False,0,2025-02-28,0,0.0,0.04,0.06,4,28,0,0,1,2.142857142857143,0.0
2,3968,4,False,0,2025-02-28,2,0.0,0.01,0.02,4,28,0,0,1,2.0,0.0
2,3971,4,False,0,2025-02-28,1,0.0,0.08,0.12,4,28,0,0,1,2.0,0.0
2,3974,4,False,0,2025-02-28,2,0.0,0.09,0.13,4,28,0,0,1,2.0,0.0
2,3987,4,False,0,2025-02-28,1,0.0,0.03,0.05,4,28,0,0,1,2.0,0.0
2,4019,4,False,0,2025-02-28,3,0.0,0.04,0.04,4,28,0,0,1,1.2857142857142858,0.0
2,4028,4,False,0,2025-02-28,2,0.0,0.02,0.03,4,28,0,0,1,1.4285714285714286,0.0
2,4071,4,False,0,2025-02-28,1,0.0,0.04,0.06,4,28,0,0,1,1.5714285714285714,0.0
2,4108,4,False,0,2025-02-28,3,0.0,0.02,0.03,4,28,0,0,1,1.7142857142857142,0.0
2,4133,4,False,0,2025-02-28,2,0.0,0.08,0.14,4,28,0,0,1,1.8571428571428572,0.0
2,4135,4,False,0,2025-02-28,3,0.0,0.03,0.04,4,28,0,0,1,2.0,0.0
2,4170,4,False,0,2025-02-28,1,0.0,0.02,0.03,4,28,0,0,1,2.142857142857143,0.0
2,4184,4,False,0,2025-02-28,1,1.0,0.06,0.09,4,28,0,0,1,2.142857142857143,0.0
2,4186,4,False,0,2025-02-28,0,0.0,0.03,0.04,4,28,0,0,1,1.8571428571428572,0.0
2,4212,4,False,0,2025-02-28,3,0.0,0.06,0.08,4,28,0,0,1,1.5714285714285714,0.0
2,4243,4,False,0,2025-02-28,2,0.0,0.09,0.11,4,28,0,0,1,1.8571428571428572,0.0
2,4268,4,False,0,2025-02-28,2,0.0,0.02,0.03,4,28,0,0,1,1.7142857142857142,0.0
2,4275,4,False,0,2025-02-28,2,0.0,0.01,0.02,4,28,0,0,1,1.7142857142857142,0.0
2,4281,4,False,0,2025-02-28,0,0.0,0.02,0.04,4,28,0,0,1,1.5714285714285714,0.0
2,4293,4,False,0,2025-02-28,1,0.0,0.12,0.17,4,28,0,0,1,1.4285714285714286,0.0
2,4305,4,False,0,2025-02-28,1,0.0,0.07,0.07,4,28,0,0,1,1.4285714285714286,0.0
2,4335,4,False,0,2025-02-28,2,0.0,0.04,0.07,4,28,0,0,1,1.5714285714285714,0.0
2,4342,4,False,0,2025-02-28,1,0.0,0.02,0.04,4,28,0,0,1,1.4285714285714286,0.0
2,4373,4,False,0,2025-02-28,2,0.0,0.07,0.11,4,28,0,0,1,1.2857142857142858,0.0
2,4392,4,False,0,2025-02-28,1,0.0,0.09,0.12,4,28,0,0,1,1.2857142857142858,0.0
2,4395,4,False,0,2025-02-28,2,0.0,0.05,0.08,4,28,0,0,1,1.1428571428571428,0.0
2,4422,4,False,0,2025-02-28,2,0.0,0.01,0.02,4,28,0,0,1,1.4285714285714286,0.0
2,4438,4,False,0,2025-02-28,5,0.0,0.01,0.02,4,28,0,0,1,1.5714285714285714,0.0
2,4451,4,False,0,2025-02-28,2,0.0,0.04,0.06,4,28,0,0,1,2.142857142857143,0.0
2,4456,4,False,0,2025-02-28,2,0.0,0.02,0.03,4,28,0,0,1,2.142857142857143,0.0
2,4480,4,False,0,2025-02-28,2,0.0,0.06,0.1,4,28,0,0,1,2.2857142857142856,0.0
2,4520,4,False,0,2025-02-28,2,0.0,0.1,0.16,4,28,0,0,1,2.2857142857142856,0.0
2,4522,4,False,0,2025-02-28,0,0.0,0.02,0.03,4,28,0,0,1,2.4285714285714284,0.0
2,4550,4,False,0,2025-02-28,2,0.0,0.13,0.15,4,28,0,0,1,2.142857142857143,0.0
2,4571,4,False,0,2025-02-28,3,0.0,0.03,0.06,4,28,0,0,1,2.142857142857143,0.0
2,4577,4,False,0,2025-02-28,3,0.0,0.04,0.06,4,28,0,0,1,1.8571428571428572,0.0
2,4598,4,False,0,2025-02-28,4,0.0,0.07,0.1,4,28,0,0,1,2.0,0.0
2,4621,4,False,0,2025-02-28,4,0.0,0.01,0.01,4,28,0,0,1,2.2857142857142856,0.0
2,4662,4,False,0,2025-02-28,0,0.0,0.02,0.03,4,28,0,0,1,2.5714285714285716,0.0
2,4663,4,False,0,2025-02-28,2,0.0,0.04,0.07,4,28,0,0,1,2.2857142857142856,0.0
2,4672,4,False,0,2025-02-28,3,0.0,0.03,0.04,4,28,0,0,1,2.5714285714285716,0.0
2,4715,4,False,0,2025-02-28,2,0.0,0.05,0.06,4,28,0,0,1,2.7142857142857144,0.0
2,4778,4,False,0,2025-02-28,1,1.0,0.04,0.07,4,28,0,0,1,2.5714285714285716,0.0
2,4785,4,False,0,2025-02-28,3,0.0,0.06,0.07,4,28,0,0,1,2.2857142857142856,0.0
2,4806,4,False,0,2025-02-28,3,0.0,0.02,0.03,4,28,0,0,1,2.142857142857143,0.0
2,4808,4,False,0,2025-02-28,2,0.0,0.03,0.05,4,28,0,0,1,2.0,0.0
2,4823,4,False,0,2025-02-28,3,0.0,0.01,0.01,4,28,0,0,1,2.2857142857142856,0.0
2,4842,4,False,0,2025-02-28,2,0.0,0.03,0.05,4,28,0,0,1,2.4285714285714284,0.0
2,4851,4,False,0,2025-02-28,0,0.0,0.06,0.06,4,28,0,0,1,2.2857142857142856,0.0
2,4855,4,False,0,2025-02-28,3,0.0,0.02,0.02,4,28,0,0,1,2.0,0.0
2,4895,4,False,0,2025-02-28,1,0.0,0.04,0.06,4,28,0,0,1,2.2857142857142856,0.0
2,4898,4,False,0,2025-02-28,0,0.0,0.03,0.04,4,28,0,0,1,2.0,0.0
2,4928,4,False,0,2025-02-28,3,0.0,0.03,0.06,4,28,0,0,1,1.5714285714285714,0.0
2,4955,4,False,0,2025-02-28,1,0.0,0.03,0.05,4,28,0,0,1,1.7142857142857142,0.0
2,4958,4,False,0,2025-02-28,1,0.0,0.05,0.07,4,28,0,0,1,1.4285714285714286,0.0
2,4967,4,False,0,2025-02-28,2,0.0,0.05,0.08,4,28,0,0,1,1.2857142857142858,0.0
2,4978,4,False,0,2025-02-28,6,0.0,0.04,0.03,4,28,0,0,1,1.5714285714285714,0.0
2,5005,4,False,0,2025-02-28,3,0.0,0.04,0.06,4,28,0,0,1,2.0,0.0
2,5063,4,False,0,2025-02-28,3,0.0,0.01,0.01,4,28,0,0,1,2.2857142857142856,0.0
2,5088,4,False,0,2025-02-28,3,0.0,0.01,0.02,4,28,0,0,1,2.7142857142857144,0.0
2,5113,4,False,0,2025-02-28,1,0.0,0.03,0.05,4,28,0,0,1,2.7142857142857144,0.0
2,5146,4,False,0,2025-02-28,2,0.0,0.03,0.05,4,28,0,0,1,2.7142857142857144,0.0
2,5154,4,False,0,2025-02-28,1,0.0,0.04,0.06,4,28,0,0,1,2.857142857142857,0.0
2,5162,4,False,0,2025-02-28,1,0.0,0.09,0.09,4,28,0,0,1,2.7142857142857144,0.0
2,5186,4,False,0,2025-02-28,1,0.0,0.02,0.04,4,28,0,0,1,2.0,0.0
2,5191,4,False,0,2025-02-28,2,0.0,0.02,0.03,4,28,0,0,1,1.7142857142857142,0.0
2,5202,4,False,0,2025-02-28,2,0.0,0.09,0.13,4,28,0,0,1,1.5714285714285714,0.0
2,5208,4,False,0,2025-02-28,2,0.0,0.02,0.04,4,28,0,0,1,1.4285714285714286,0.0
2,5228,4,False,0,2025-02-28,0,0.0,0.01,0.02,4,28,0,0,1,1.5714285714285714,0.0
2,5229,4,False,0,2025-02-28,2,0.0,0.03,0.05,4,28,0,0,1,1.2857142857142858,0.0
2,5263,4,False,0,2025-02-28,3,0.0,0.02,0.04,4,28,0,0,1,1.4285714285714286,0.0
2,5266,4,False,0,2025-02-28,1,0.0,0.06,0.1,4,28,0,0,1,1.7142857142857142,0.0
2,5286,4,False,0,2025-02-28,2,0.0,0.05,0.06,4,28,0,0,1,1.7142857142857142,0.0
2,74,5,True,0,2025-02-28,3,0.0,0.02,0.04,4,28,0,0,1,1.7142857142857142,0.0
2,213,5,True,0,2025-02-28,5,0.0,0.01,0.03,4,28,0,0,1,1.8571428571428572,0.0
2,284,5,True,0,2025-02-28,6,0.0,0.05,0.08,4,28,0,0,1,2.2857142857142856,0.0
2,567,5,True,0,2025-02-28,6,0.0,0.01,0.04,4,28,0,0,1,3.142857142857143,0.0
2,783,5,True,0,2025-02-28,5,0.0,0.03,0.06,4,28,0,0,1,3.7142857142857144,0.0
2,821,5,True,0,2025-02-28,3,0.0,0.03,0.06,4,28,0,0,1,4.0,0.0
2,873,5,True,0,2025-02-28,7,0.0,0.03,0.05,4,28,0,0,1,4.285714285714286,0.0
2,929,5,True,0,2025-02-28,15,0.0,0.07,0.22,4,28,0,0,1,5.0,0.0
2,1037,5,True,0,2025-02-28,3,0.0,0.01,0.02,4,28,0,0,1,6.714285714285714,0.0
2,1163,5,True,0,2025-02-28,10,0.0,0.08,0.21,4,28,0,0,1,6.428571428571429,0.0
2,1247,5,True,0,2025-02-28,5,2.0,0.04,0.07,4,28,0,0,1,7.0,0.0
2,1333,5,True,0,2025-02-28,9,0.0,0.02,0.04,4,28,0,0,1,6.857142857142857,0.0
2,1339,5,True,0,2025-02-28,6,0.0,0.02,0.03,4,28,0,0,1,7.428571428571429,0.0
2,1427,5,True,0,2025-02-28,12,0.0,0.01,0.03,4,28,0,0,1,7.857142857142857,0.0
2,1746,5,True,0,2025-02-28,12,2.0,0.02,0.08,4,28,0,0,1,8.571428571428571,1.3399742828789216
2,1882,5,True,0,2025-02-28,10,0.0,0.17,0.41,4,28,0,0,1,8.142857142857142,0.0
2,2066,5,True,0,2025-02-28,7,1.0,0.1,0.13,4,28,0,0,1,9.142857142857142,0.0
2,2104,5,True,0,2025-02-28,12,0.0,0.03,0.04,4,28,0,0,1,8.714285714285714,0.0
2,2120,5,True,0,2025-02-28,2,0.0,0.03,0.08,4,28,0,0,1,9.714285714285714,0.0
2,2132,5,True,0,2025-02-28,2,0.0,0.01,0.04,4,28,0,0,1,8.714285714285714,0.0
2,2141,5,True,0,2025-02-28,5,1.0,0.01,0.06,4,28,0,0,1,8.142857142857142,0.0
2,2219,5,True,0,2025-02-28,7,0.0,0.11,0.22,4,28,0,0,1,7.142857142857143,0.0
2,2224,5,True,0,2025-02-28,3,0.0,0.03,0.04,4,28,0,0,1,6.428571428571429,0.0
2,2325,5,True,0,2025-02-28,1,1.0,0.03,0.05,4,28,0,0,1,5.428571428571429,0.0
2,2418,5,True,0,2025-02-28,3,0.0,0.03,0.07,4,28,0,0,1,4.571428571428571,0.0
2,2880,5,True,0,2025-02-28,4,0.0,0.02,0.04,4,28,0,0,1,3.2857142857142856,0.0
2,3085,5,True,0,2025-02-28,3,0.0,0.02,0.04,4,28,0,0,1,3.5714285714285716,0.0
2,3087,5,True,0,2025-02-28,11,0.0,0.04,0.09,4,28,0,0,1,3.7142857142857144,0.0
2,3164,5,True,0,2025-02-28,4,0.0,0.06,0.12,4,28,0,0,1,4.571428571428571,0.0
2,3218,5,True,0,2025-02-28,6,0.0,0.02,0.05,4,28,0,0,1,4.142857142857143,0.0
2,3229,5,True,0,2025-02-28,4,0.0,0.04,0.11,4,28,0,0,1,4.571428571428571,0.0
2,3292,5,True,0,2025-02-28,1,0.0,0.03,0.05,4,28,0,0,1,5.0,0.0
2,3330,5,True,0,2025-02-28,4,0.0,0.06,0.11,4,28,0,0,1,4.714285714285714,0.0
2,3424,5,True,0,2025-02-28,1,1.0,0.01,0.02,4,28,0,0,1,4.714285714285714,0.0
2,3439,5,True,0,2025-02-28,2,0.0,0.02,0.02,4,28,0,0,1,4.428571428571429,0.0
2,3463,5,True,0,2025-02-28,7,1.0,0.03,0.05,4,28,0,0,1,3.142857142857143,0.0
2,3558,5,True,0,2025-02-28,4,0.0,0.03,0.06,4,28,0,0,1,3.5714285714285716,0.0
2,3624,5,True,0,2025-02-28,6,0.0,0.06,0.11,4,28,0,0,1,3.2857142857142856,0.0
2,3807,5,True,0,2025-02-28,0,0.0,0.08,0.09,4,28,0,0,1,3.5714285714285716,0.0
2,3984,5,True,0,2025-02-28,12,0.0,0.02,0.04,4,28,0,0,1,3.4285714285714284,0.0
2,3996,5,True,0,2025-02-28,9,0.0,0.03,0.07,4,28,0,0,1,4.571428571428571,0.0
2,4036,5,True,0,2025-02-28,4,0.0,0.01,0.02,4,28,0,0,1,5.714285714285714,0.0
2,4081,5,True,0,2025-02-28,3,0.0,0.03,0.06,4,28,0,0,1,6.0,0.0
2,4175,5,True,0,2025-02-28,8,1.0,0.03,0.06,4,28,0,0,1,5.428571428571429,0.0
2,4544,5,True,0,2025-02-28,9,0.0,0.04,0.07,4,28,0,0,1,6.0,0.0
2,4565,5,True,0,2025-02-28,4,0.0,0.01,0.05,4,28,0,0,1,6.428571428571429,0.0
2,4749,5,True,0,2025-02-28,3,0.0,0.01,0.02,4,28,0,0,1,7.0,0.0
2,4789,5,True,0,2025-02-28,11,0.0,0.02,0.06,4,28,0,0,1,5.714285714285714,0.0
2,4939,5,True,0,2025-02-28,8,0.0,0.02,0.06,4,28,0,0,1,6.0,0.0
2,5006,5,True,0,2025-02-28,5,0.0,0.03,0.04,4,28,0,0,1,6.571428571428571,0.0
2,5049,5,True,0,2025-02-28,11,0.0,0.02,0.05,4,28,0,0,1,6.857142857142857,0.0
2,5098,5,True,0,2025-02-28,2,0.0,0.02,0.05,4,28,0,0,1,7.285714285714286,0.0
2,5217,5,True,0,2025-02-28,7,0.0,0.02,0.04,4,28,0,0,1,6.285714285714286,0.0
2,139,6,False,0,2025-02-28,1,0.0,0.17,0.24,4,28,0,0,1,6.714285714285714,0.0
2,173,6,False,0,2025-02-28,1,0.0,0.09,0.12,4,28,0,0,1,6.428571428571429,0.0
2,337,6,False,0,2025-02-28,3,0.0,0.12,0.17,4,28,0,0,1,5.0,0.0
2,366,6,False,0,2025-02-28,0,0.0,0.08,0.1,4,28,0,0,1,4.285714285714286,0.0
2,386,6,False,0,2025-02-28,0,0.0,0.17,0.25,4,28,0,0,1,3.5714285714285716,0.0
2,594,6,False,0,2025-02-28,0,0.0,0.19,0.2,4,28,0,0,1,2.0,0.0
2,988,6,False,0,2025-02-28,2,0.0,0.16,0.24,4,28,0,0,1,1.7142857142857142,0.0
2,1031,6,False,0,2025-02-28,0,0.0,0.1,0.14,4,28,0,0,1,1.0,0.0
2,1124,6,False,0,2025-02-28,2,0.0,0.12,0.22,4,28,0,0,1,0.8571428571428571,0.0
2,1276,6,False,0,2025-02-28,1,0.0,0.13,0.17,4,28,0,0,1,1.0,0.0
2,1340,6,False,0,2025-02-28,2,0.0,0.17,0.22,4,28,0,0,1,0.7142857142857143,0.0
2,1429,6,False,0,2025-02-28,1,0.0,0.08,0.08,4,28,0,0,1,1.0,0.0
2,1534,6,False,0,2025-02-28,2,0.0,0.15,0.17,4,28,0,0,1,1.1428571428571428,0.0
2,1544,6,False,0,2025-02-28,2,0.0,0.08,0.11,4,28,0,0,1,1.4285714285714286,0.0
2,1611,6,False,0,2025-02-28,2,0.0,0.12,0.15,4,28,0,0,1,1.4285714285714286,0.0
2,1650,6,False,0,2025-02-28,1,0.0,0.24,0.3,4,28,0,0,1,1.7142857142857142,0.0
2,1702,6,False,0,2025-02-28,0,0.0,0.31,0.29,4,28,0,0,1,1.5714285714285714,0.0
2,1767,6,False,0,2025-02-28,1,0.0,0.12,0.17,4,28,0,0,1,1.4285714285714286,0.0
2,1807,6,False,0,2025-02-28,1,0.0,0.12,0.15,4,28,0,0,1,1.2857142857142858,0.0
2,1811,6,False,0,2025-02-28,0,0.0,0.04,0.06,4,28,0,0,1,1.2857142857142858,0.0
2,1828,6,False,0,2025-02-28,0,0.0,0.26,0.36,4,28,0,0,1,1.0,0.0
2,1868,6,False,0,2025-02-28,0,0.0,0.12,0.15,4,28,0,0,1,0.7142857142857143,0.0
2,1901,6,False,0,2025-02-28,2,0.0,0.16,0.25,4,28,0,0,1,0.42857142857142855,0.0
2,1924,6,False,0,2025-02-28,0,0.0,0.07,0.08,4,28,0,0,1,0.5714285714285714,0.0
2,2712,6,False,0,2025-02-28,0,0.0,0.12,0.16,4,28,0,0,1,0.5714285714285714,0.0
2,2912,6,False,0,2025-02-28,1,0.0,0.12,0.18,4,28,0,0,1,0.42857142857142855,0.0
2,3034,6,False,0,2025-02-28,1,0.0,0.11,0.16,4,28,0,0,1,0.42857142857142855,0.0
2,3088,6,False,0,2025-02-28,0,0.0,0.06,0.08,4,28,0,0,1,0.5714285714285714,0.0
2,3187,6,False,0,2025-02-28,0,0.0,0.26,0.27,4,28,0,0,1,0.5714285714285714,0.0
2,3202,6,False,0,2025-02-28,1,0.0,0.14,0.21,4,28,0,0,1,0.5714285714285714,0.0
2,3604,6,False,0,2025-02-28,1,0.0,0.32,0.36,4,28,0,0,1,0.42857142857142855,0.0
2,3648,6,False,0,2025-02-28,1,0.0,0.2,0.29,4,28,0,0,1,0.5714285714285714,0.0
2,3687,6,False,0,2025-02-28,2,0.0,0.14,0.19,4,28,0,0,1,0.7142857142857143,0.0
2,3842,6,False,0,2025-02-28,2,0.0,0.39,0.46,4,28,0,0,1,0.8571428571428571,0.0
2,3902,6,False,0,2025-02-28,1,0.0,0.17,0.22,4,28,0,0,1,1.0,0.0
2,3912,6,False,0,2025-02-28,1,0.0,0.06,0.09,4,28,0,0,1,1.1428571428571428,0.0
2,4177,6,False,0,2025-02-28,1,0.0,0.06,0.08,4,28,0,0,1,1.2857142857142858,0.0
2,4234,6,False,0,2025-02-28,1,0.0,0.12,0.16,4,28,0,0,1,1.2857142857142858,0.0
2,4288,6,False,0,2025-02-28,1,0.0,0.13,0.22,4,28,0,0,1,1.2857142857142858,0.0
2,4376,6,False,0,2025-02-28,1,0.0,0.08,0.09,4,28,0,0,1,1.2857142857142858,0.0
2,4386,6,False,0,2025-02-28,1,0.0,0.09,0.12,4,28,0,0,1,1.1428571428571428,0.0
2,4390,6,False,0,2025-02-28,4,0.0,0.13,0.2,4,28,0,0,1,1.0,0.0
2,4468,6,False,0,2025-02-28,0,0.0,0.34,0.43,4,28,0,0,1,1.4285714285714286,0.0
2,4892,6,False,0,2025-02-28,0,0.0,0.2,0.23,4,28,0,0,1,1.2857142857142858,0.0
2,4899,6,False,0,2025-02-28,2,0.0,0.06,0.1,4,28,0,0,1,1.1428571428571428,0.0
2,4917,6,False,0,2025-02-28,9,0.0,0.15,0.22,4,28,0,0,1,1.2857142857142858,0.0
2,188,7,False,0,2025-02-28,2,0.0,0.03,0.04,4,28,0,0,1,2.4285714285714284,0.0
2,348,7,False,0,2025-02-28,5,0.0,0.02,0.03,4,28,0,0,1,2.5714285714285716,0.0
2,392,7,False,0,2025-02-28,6,0.0,0.01,0.01,4,28,0,0,1,3.142857142857143,0.0
2,503,7,False,0,2025-02-28,30,0.0,0.01,0.01,4,28,0,0,1,3.4285714285714284,0.0
2,680,7,False,0,2025-02-28,20,0.0,0.01,0.01,4,28,0,0,1,7.714285714285714,0.0
2,743,7,False,0,2025-02-28,4,0.0,0.02,0.04,4,28,0,0,1,10.571428571428571,0.0
2,840,7,False,0,2025-02-28,4,0.0,0.02,0.03,4,28,0,0,1,10.857142857142858,0.0
2,966,7,False,0,2025-02-28,2,0.0,0.03,0.04,4,28,0,0,1,10.142857142857142,0.0
2,1084,7,False,0,2025-02-28,1,0.0,0.01,0.01,4,28,0,0,1,10.142857142857142,0.0
2,1108,7,False,0,2025-02-28,4,0.0,0.05,0.08,4,28,0,0,1,9.571428571428571,0.0
2,1128,7,False,0,2025-02-28,5,0.0,0.02,0.02,4,28,0,0,1,9.285714285714286,0.0
2,1253,7,False,0,2025-02-28,2,0.0,0.01,0.02,4,28,0,0,1,5.714285714285714,0.0
2,1445,7,False,0,2025-02-28,4,0.0,0.04,0.05,4,28,0,0,1,3.142857142857143,0.0
2,1488,7,False,0,2025-02-28,1,0.0,0.01,0.01,4,28,0,0,1,3.142857142857143,0.0
2,1556,7,False,0,2025-02-28,4,0.0,0.02,0.03,4,28,0,0,1,2.7142857142857144,0.0
2,1591,7,False,0,2025-02-28,3,0.0,0.05,0.08,4,28,0,0,1,3.0,0.0
2,1677,7,False,0,2025-02-28,1,0.0,0.02,0.03,4,28,0,0,1,3.2857142857142856,0.0
2,1697,7,False,0,2025-02-28,7,0.0,0.05,0.09,4,28,0,0,1,2.857142857142857,0.0
2,1895,7,False,0,2025-02-28,0,0.0,0.02,0.02,4,28,0,0,1,3.142857142857143,0.0
2,1905,7,False,0,2025-02-28,1,2.0,0.02,0.03,4,28,0,0,1,2.857142857142857,0.0
2,1981,7,False,0,2025-02-28,2,0.0,0.01,0.01,4,28,0,0,1,2.4285714285714284,0.0
2,2105,7,False,0,2025-02-28,2,0.0,0.02,0.03,4,28,0,0,1,2.5714285714285716,0.0
2,2182,7,False,0,2025-02-28,3,1.0,0.2,0.2,4,28,0,0,1,2.2857142857142856,0.0
2,2202,7,False,0,2025-02-28,6,0.0,0.11,0.14,4,28,0,0,1,2.2857142857142856,0.0
2,2232,7,False,0,2025-02-28,5,0.0,0.04,0.08,4,28,0,0,1,3.0,0.0
2,2340,7,False,0,2025-02-28,4,0.0,0.02,0.02,4,28,0,0,1,2.7142857142857144,0.0
2,2380,7,False,0,2025-02-28,4,2.0,0.03,0.05,4,28,0,0,1,3.2857142857142856,0.0
2,2439,7,False,0,2025-02-28,1,0.0,0.03,0.04,4,28,0,0,1,3.7142857142857144,0.0
2,2645,7,False,0,2025-02-28,4,0.0,0.03,0.04,4,28,0,0,1,3.5714285714285716,0.0
2,2792,7,False,0,2025-02-28,2,0.0,0.02,0.04,4,28,0,0,1,3.857142857142857,0.0
2,2989,7,False,0,2025-02-28,0,0.0,0.0,0.0,4,28,0,0,1,3.7142857142857144,0.0
2,3025,7,False,0,2025-02-28,5,0.0,0.01,0.01,4,28,0,0,1,2.857142857142857,0.0
2,3078,7,False,0,2025-02-28,1,0.0,0.07,0.1,4,28,0,0,1,2.857142857142857,0.0
2,3111,7,False,0,2025-02-28,0,0.0,0.03,0.04,4,28,0,0,1,2.4285714285714284,0.0
2,3125,7,False,0,2025-02-28,1,0.0,0.02,0.03,4,28,0,0,1,1.8571428571428572,0.0
2,4069,7,False,0,2025-02-28,3,0.0,0.02,0.02,4,28,0,0,1,1.8571428571428572,0.0
2,4233,7,False,0,2025-02-28,2,0.0,0.06,0.09,4,28,0,0,1,1.7142857142857142,0.0
2,4424,7,False,0,2025-02-28,2,0.0,0.02,0.05,4,28,0,0,1,1.7142857142857142,0.0
2,4454,7,False,0,2025-02-28,5,0.0,0.01,0.02,4,28,0,0,1,2.0,0.0
2,4484,7,False,0,2025-02-28,20,0.0,0.02,0.05,4,28,0,0,1,2.0,0.0
2,4599,7,False,0,2025-02-28,4,0.0,0.01,0.02,4,28,0,0,1,4.714285714285714,0.0
2,4624,7,False,0,2025-02-28,0,0.0,0.03,0.05,4,28,0,0,1,5.285714285714286,0.0
2,4763,7,False,0,2025-02-28,0,0.0,0.01,0.02,4,28,0,0,1,5.142857142857143,0.0
2,4788,7,False,0,2025-02-28,2,0.0,0.02,0.04,4,28,0,0,1,4.714285714285714,0.0
2,4841,7,False,0,2025-02-28,4,0.0,0.01,0.02,4,28,0,0,1,4.714285714285714,0.0
2,4910,7,False,0,2025-02-28,5,0.0,0.2,0.25,4,28,0,0,1,5.0,0.0
2,5031,7,False,0,2025-02-28,2,0.0,0.3,0.46,4,28,0,0,1,5.0,0.0
2,5141,7,False,0,2025-02-28,4,0.0,0.02,0.03,4,28,0,0,1,2.4285714285714284,0.0
2,55,8,False,0,2025-02-28,18,0.0,0.04,0.08,4,28,0,0,1,2.4285714285714284,0.0
2,494,8,False,0,2025-02-28,14,0.0,0.01,0.03,4,28,0,0,1,5.0,0.0
2,566,8,False,0,2025-02-28,42,0.0,0.01,0.01,4,28,0,0,1,7.0,0.0
2,658,8,False,0,2025-02-28,3,0.0,0.1,0.15,4,28,0,0,1,12.714285714285714,0.0
2,675,8,False,0,2025-02-28,1,0.0,0.01,0.02,4,28,0,0,1,12.571428571428571,0.0
2,790,8,False,0,2025-02-28,2,1.0,0.01,0.02,4,28,0,0,1,12.0,0.0
2,868,8,False,0,2025-02-28,3,0.0,0.14,0.2,4,28,0,0,1,12.0,0.0
2,870,8,False,0,2025-02-28,5,0.0,0.01,0.02,4,28,0,0,1,11.857142857142858,0.0
2,1004,8,False,0,2025-02-28,3,1.0,0.02,0.06,4,28,0,0,1,10.0,0.0
2,1076,8,False,0,2025-02-28,5,0.0,0.01,0.02,4,28,0,0,1,8.428571428571429,0.0
2,1116,8,False,0,2025-02-28,12,0.0,0.02,0.02,4,28,0,0,1,3.142857142857143,0.0
2,1134,8,False,0,2025-02-28,11,0.0,0.0,0.01,4,28,0,0,1,4.428571428571429,0.0
2,1229,8,False,0,2025-02-28,0,0.0,0.01,0.02,4,28,0,0,1,5.857142857142857,0.0
2,1285,8,False,0,2025-02-28,5,0.0,0.03,0.05,4,28,0,0,1,5.571428571428571,0.0
2,1541,8,False,0,2025-02-28,5,0.0,0.02,0.04,4,28,0,0,1,5.857142857142857,0.0
2,1748,8,False,0,2025-02-28,6,1.0,0.03,0.04,4,28,0,0,1,5.857142857142857,0.0
2,1819,8,False,0,2025-02-28,13,0.0,0.01,0.02,4,28,0,0,1,6.285714285714286,0.0
2,1923,8,False,0,2025-02-28,1,0.0,0.01,0.02,4,28,0,0,1,7.428571428571429,0.0
2,1930,8,False,0,2025-02-28,3,0.0,0.03,0.05,4,28,0,0,1,5.857142857142857,0.0
2,2029,8,False,0,2025-02-28,2,0.0,0.04,0.07,4,28,0,0,1,4.714285714285714,0.0
2,2288,8,False,0,2025-02-28,3,3.0,0.01,0.02,4,28,0,0,1,5.0,0.0
2,3028,8,False,0,2025-02-28,3,0.0,0.01,0.02,4,28,0,0,1,4.714285714285714,0.0
2,3180,8,False,0,2025-02-28,5,0.0,0.01,0.03,4,28,0,0,1,4.428571428571429,0.0
2,3450,8,False,0,2025-02-28,10,0.0,0.02,0.04,4,28,0,0,1,4.285714285714286,0.0
2,3476,8,False,0,2025-02-28,4,0.0,0.07,0.1,4,28,0,0,1,3.857142857142857,0.0
2,3574,8,False,0,2025-02-28,6,1.0,0.02,0.03,4,28,0,0,1,4.285714285714286,0.0
2,3592,8,False,0,2025-02-28,5,0.0,0.02,0.04,4,28,0,0,1,4.714285714285714,0.0
2,3750,8,False,0,2025-02-28,15,0.0,0.01,0.02,4,28,0,0,1,5.142857142857143,0.0
2,3770,8,False,0,2025-02-28,7,0.0,0.01,0.02,4,28,0,0,1,6.857142857142857,0.0
2,3963,8,False,0,2025-02-28,6,0.0,0.01,0.01,4,28,0,0,1,7.428571428571429,0.0
2,4115,8,False,0,2025-02-28,4,0.0,0.02,0.04,4,28,0,0,1,7.571428571428571,0.0
2,4538,8,False,0,2025-02-28,10,0.0,0.02,0.03,4,28,0,0,1,6.714285714285714,0.0
2,4609,8,False,0,2025-02-28,4,0.0,0.05,0.08,4,28,0,0,1,7.571428571428571,0.0
2,4666,8,False,0,2025-02-28,11,0.0,0.01,0.02,4,28,0,0,1,7.285714285714286,0.0
2,4668,8,False,0,2025-02-28,4,0.0,0.01,0.02,4,28,0,0,1,8.142857142857142,0.0
2,4676,8,False,0,2025-02-28,24,0.0,0.01,0.01,4,28,0,0,1,6.571428571428571,0.0
2,4751,8,False,0,2025-02-28,0,0.0,0.02,0.03,4,28,0,0,1,9.0,0.0
2,4807,8,False,0,2025-02-28,10,0.0,0.01,0.01,4,28,0,0,1,8.142857142857142,0.0
2,4862,8,False,0,2025-02-28,3,0.0,0.18,0.27,4,28,0,0,1,9.0,0.0
2,5001,8,False,0,2025-02-28,5,0.0,0.01,0.03,4,28,0,0,1,8.0,0.0
2,5203,8,False,0,2025-02-28,12,0.0,0.01,0.03,4,28,0,0,1,8.142857142857142,0.0
2,3,9,True,0,2025-02-28,2,0.0,0.02,0.04,4,28,0,0,1,8.285714285714286,0.0
2,29,9,True,0,2025-02-28,1,0.0,0.05,0.09,4,28,0,0,1,8.0,0.0
2,67,9,True,0,2025-02-28,7,0.0,0.01,0.04,4,28,0,0,1,4.714285714285714,0.0
2,68,9,True,0,2025-02-28,15,2.0,0.02,0.06,4,28,0,0,1,5.714285714285714,0.0
2,75,9,True,0,2025-02-28,7,3.0,0.03,0.04,4,28,0,0,1,6.428571428571429,0.0
2,162,9,True,0,2025-02-28,19,0.0,0.03,0.07,4,28,0,0,1,7.0,0.0
2,176,9,True,0,2025-02-28,2,0.0,0.02,0.03,4,28,0,0,1,9.0,0.0
2,266,9,True,0,2025-02-28,8,0.0,0.03,0.1,4,28,0,0,1,7.571428571428571,0.0
2,322,9,True,0,2025-02-28,2,4.0,0.05,0.07,4,28,0,0,1,8.428571428571429,0.0
2,335,9,True,0,2025-02-28,9,0.0,0.02,0.07,4,28,0,0,1,8.571428571428571,0.0
2,342,9,True,0,2025-02-28,9,0.0,0.02,0.1,4,28,0,0,1,8.857142857142858,0.0
2,379,9,True,0,2025-02-28,4,0.0,0.06,0.07,4,28,0,0,1,8.0,0.0
2,426,9,True,0,2025-02-28,2,0.0,0.05,0.12,4,28,0,0,1,7.571428571428571,0.0
2,469,9,True,0,2025-02-28,7,1.0,0.02,0.03,4,28,0,0,1,5.142857142857143,0.0
2,487,9,True,0,2025-02-28,2,0.0,0.03,0.09,4,28,0,0,1,5.857142857142857,0.0
2,500,9,True,0,2025-02-28,12,0.0,0.01,0.04,4,28,0,0,1,5.0,0.0
2,520,9,True,0,2025-02-28,3,0.0,0.04,0.12,4,28,0,0,1,6.428571428571429,0.0
2,546,9,True,0,2025-02-28,14,0.0,0.02,0.05,4,28,0,0,1,5.571428571428571,0.0
2,562,9,True,0,2025-02-28,3,3.0,0.03,0.05,4,28,0,0,1,6.285714285714286,0.0
2,589,9,True,0,2025-02-28,3,0.0,0.03,0.1,4,28,0,0,1,6.142857142857143,0.0
2,591,9,True,0,2025-02-28,6,0.0,0.04,0.11,4,28,0,0,1,6.285714285714286,0.0
2,654,9,True,0,2025-02-28,3,0.0,0.03,0.09,4,28,0,0,1,6.142857142857143,0.0
2,673,9,True,0,2025-02-28,5,0.0,0.02,0.05,4,28,0,0,1,6.285714285714286,0.0
2,687,9,True,0,2025-02-28,1,0.0,0.04,0.11,4,28,0,0,1,5.285714285714286,0.0
2,698,9,True,0,2025-02-28,20,0.0,0.04,0.15,4,28,0,0,1,5.0,0.0
2,708,9,True,0,2025-02-28,4,0.0,0.04,0.11,4,28,0,0,1,5.857142857142857,0.0
2,715,9,True,0,2025-02-28,4,0.0,0.02,0.04,4,28,0,0,1,6.0,0.0
2,738,9,True,0,2025-02-28,1,0.0,0.03,0.13,4,28,0,0,1,6.142857142857143,0.0
2,856,9,True,0,2025-02-28,7,0.0,0.01,0.02,4,28,0,0,1,5.428571428571429,0.0
2,884,9,True,0,2025-02-28,3,0.0,0.05,0.12,4,28,0,0,1,6.0,0.0
2,893,9,True,0,2025-02-28,10,0.0,0.02,0.05,4,28,0,0,1,5.714285714285714,0.0
2,908,9,True,0,2025-02-28,2,0.0,0.05,0.09,4,28,0,0,1,7.0,0.0
2,920,9,True,0,2025-02-28,15,0.0,0.04,0.04,4,28,0,0,1,4.428571428571429,0.0
2,942,9,True,0,2025-02-28,3,0.0,0.01,0.05,4,28,0,0,1,6.0,0.0
2,955,9,True,0,2025-02-28,3,0.0,0.06,0.11,4,28,0,0,1,5.857142857142857,0.0
2,957,9,True,0,2025-02-28,6,0.0,0.05,0.15,4,28,0,0,1,6.142857142857143,0.0
2,977,9,True,0,2025-02-28,3,0.0,0.1,0.17,4,28,0,0,1,6.0,0.0
2,1016,9,True,0,2025-02-28,8,0.0,0.02,0.05,4,28,0,0,1,6.0,0.0
2,1039,9,True,0,2025-02-28,4,0.0,0.01,0.04,4,28,0,0,1,5.714285714285714,0.0
2,1050,9,True,0,2025-02-28,8,0.0,0.07,0.12,4,28,0,0,1,6.0,0.0
2,1075,9,True,0,2025-02-28,20,0.0,0.03,0.05,4,28,0,0,1,5.0,0.0
2,1081,9,True,0,2025-02-28,2,0.0,0.02,0.05,4,28,0,0,1,7.428571428571429,0.0
2,1157,9,True,0,2025-02-28,3,0.0,0.04,0.15,4,28,0,0,1,7.285714285714286,0.0
2,1168,9,True,0,2025-02-28,2,0.0,0.09,0.16,4,28,0,0,1,6.857142857142857,0.0
2,1241,9,True,0,2025-02-28,6,0.0,0.05,0.1,4,28,0,0,1,6.714285714285714,0.0
2,1243,9,True,0,2025-02-28,12,1.0,0.04,0.06,4,28,0,0,1,6.428571428571429,0.0
2,1281,9,True,0,2025-02-28,3,0.0,0.02,0.03,4,28,0,0,1,7.571428571428571,0.0
2,1334,9,True,0,2025-02-28,12,0.0,0.02,0.04,4,28,0,0,1,6.857142857142857,0.0
2,1364,9,True,0,2025-02-28,6,0.0,0.03,0.12,4,28,0,0,1,5.714285714285714,0.0
2,1453,9,True,0,2025-02-28,12,0.0,0.04,0.07,4,28,0,0,1,6.285714285714286,0.0
2,1504,9,True,0,2025-02-28,3,0.0,0.1,0.2,4,28,0,0,1,7.571428571428571,0.0
2,1615,9,True,0,2025-02-28,10,0.0,0.02,0.04,4,28,0,0,1,7.714285714285714,0.0
2,1699,9,True,0,2025-02-28,3,0.0,0.04,0.1,4,28,0,0,1,8.285714285714286,0.0
2,1701,9,True,0,2025-02-28,2,0.0,0.03,0.05,4,28,0,0,1,7.0,0.0
2,1713,9,True,0,2025-02-28,5,0.0,0.01,0.02,4,28,0,0,1,6.857142857142857,0.0
2,1728,9,True,0,2025-02-28,2,0.0,0.02,0.02,4,28,0,0,1,5.857142857142857,0.0
2,1774,9,True,0,2025-02-28,2,0.0,0.04,0.05,4,28,0,0,1,5.285714285714286,0.0
2,1872,9,True,0,2025-02-28,6,0.0,0.03,0.09,4,28,0,0,1,3.857142857142857,0.0
2,1885,9,True,0,2025-02-28,14,0.0,0.01,0.02,4,28,0,0,1,4.285714285714286,0.0
2,1890,9,True,0,2025-02-28,0,0.0,0.02,0.06,4,28,0,0,1,4.857142857142857,0.0
2,2007,9,True,0,2025-02-28,11,2.0,0.02,0.08,4,28,0,0,1,4.428571428571429,0.0
2,2009,9,True,0,2025-02-28,5,0.0,0.01,0.04,4,28,0,0,1,5.714285714285714,0.0
2,2067,9,True,0,2025-02-28,7,0.0,0.04,0.09,4,28,0,0,1,5.714285714285714,0.0
2,2068,9,True,0,2025-02-28,2,0.0,0.02,0.05,4,28,0,0,1,6.428571428571429,0.0
2,2073,9,True,0,2025-02-28,10,0.0,0.01,0.03,4,28,0,0,1,6.428571428571429,0.0
2,2076,9,True,0,2025-02-28,8,0.0,0.04,0.07,4,28,0,0,1,7.0,0.0
2,2121,9,True,0,2025-02-28,1,0.0,0.02,0.09,4,28,0,0,1,6.142857142857143,0.0
2,2138,9,True,0,2025-02-28,15,0.0,0.05,0.09,4,28,0,0,1,6.285714285714286,0.0
2,2184,9,True,0,2025-02-28,7,0.0,0.02,0.12,4,28,0,0,1,6.857142857142857,0.0
2,2220,9,True,0,2025-02-28,3,0.0,0.01,0.03,4,28,0,0,1,7.142857142857143,0.0
2,2225,9,True,0,2025-02-28,14,0.0,0.03,0.06,4,28,0,0,1,6.571428571428571,0.0
2,2299,9,True,0,2025-02-28,0,0.0,0.02,0.05,4,28,0,0,1,8.285714285714286,0.0
2,2353,9,True,0,2025-02-28,1,0.0,0.01,0.01,4,28,0,0,1,6.857142857142857,0.0
2,2356,9,True,0,2025-02-28,0,0.0,0.01,0.02,4,28,0,0,1,5.857142857142857,0.0
2,2388,9,True,0,2025-02-28,10,0.0,0.03,0.07,4,28,0,0,1,5.714285714285714,0.0
2,2409,9,True,0,2025-02-28,3,0.0,0.05,0.09,4,28,0,0,1,5.0,0.0
2,2427,9,True,0,2025-02-28,7,0.0,0.01,0.02,4,28,0,0,1,4.428571428571429,0.0
2,2449,9,True,0,2025-02-28,18,0.0,0.05,0.08,4,28,0,0,1,5.0,0.0
2,2493,9,True,0,2025-02-28,13,0.0,0.02,0.05,4,28,0,0,1,5.571428571428571,0.0
2,2540,9,True,0,2025-02-28,0,0.0,0.05,0.12,4,28,0,0,1,7.428571428571429,0.0
2,2552,9,True,0,2025-02-28,10,0.0,0.04,0.1,4,28,0,0,1,7.285714285714286,0.0
2,2597,9,True,0,2025-02-28,3,0.0,0.01,0.03,4,28,0,0,1,8.714285714285714,0.0
2,2608,9,True,0,2025-02-28,13,0.0,0.04,0.1,4,28,0,0,1,7.714285714285714,0.0
2,2629,9,True,0,2025-02-28,2,0.0,0.02,0.09,4,28,0,0,1,9.142857142857142,0.0
2,2633,9,True,0,2025-02-28,5,0.0,0.01,0.01,4,28,0,0,1,8.428571428571429,0.0
2,2684,9,True,0,2025-02-28,8,0.0,0.04,0.03,4,28,0,0,1,6.571428571428571,0.0
2,2694,9,True,0,2025-02-28,13,3.0,0.04,0.09,4,28,0,0,1,5.857142857142857,0.0
2,2724,9,True,0,2025-02-28,22,0.0,0.01,0.03,4,28,0,0,1,7.714285714285714,0.0
2,2791,9,True,0,2025-02-28,0,0.0,0.1,0.16,4,28,0,0,1,9.428571428571429,0.0
2,2796,9,True,0,2025-02-28,2,0.0,0.03,0.09,4,28,0,0,1,9.0,0.0
2,2828,9,True,0,2025-02-28,4,0.0,0.02,0.05,4,28,0,0,1,7.428571428571429,0.0
2,2868,9,True,0,2025-02-28,15,0.0,0.03,0.04,4,28,0,0,1,7.714285714285714,0.0
2,2869,9,True,0,2025-02-28,7,0.0,0.05,0.12,4,28,0,0,1,9.142857142857142,0.0
2,2877,9,True,0,2025-02-28,5,0.0,0.1,0.16,4,28,0,0,1,9.0,0.0
2,2895,9,True,0,2025-02-28,14,1.0,0.06,0.07,4,28,0,0,1,7.857142857142857,0.0
2,2896,9,True,0,2025-02-28,4,0.0,0.04,0.1,4,28,0,0,1,6.714285714285714,0.0
2,2921,9,True,0,2025-02-28,5,0.0,0.07,0.19,4,28,0,0,1,7.285714285714286,0.0
2,2937,9,True,0,2025-02-28,2,0.0,0.03,0.11,4,28,0,0,1,7.714285714285714,0.0
2,2945,9,True,0,2025-02-28,6,0.0,0.06,0.09,4,28,0,0,1,7.428571428571429,0.0
2,2967,9,True,0,2025-02-28,7,0.0,0.13,0.08,4,28,0,0,1,6.142857142857143,0.0
2,2986,9,True,0,2025-02-28,8,0.0,0.03,0.05,4,28,0,0,1,6.142857142857143,0.0
2,2998,9,True,0,2025-02-28,3,0.0,0.01,0.06,4,28,0,0,1,6.571428571428571,0.0
2,3036,9,True,0,2025-02-28,2,0.0,0.03,0.05,4,28,0,0,1,5.0,0.0
2,3059,9,True,0,2025-02-28,1,0.0,0.06,0.1,4,28,0,0,1,4.714285714285714,0.0
2,3160,9,True,0,2025-02-28,9,0.0,0.01,0.02,4,28,0,0,1,4.142857142857143,0.0
2,3191,9,True,0,2025-02-28,7,0.0,0.06,0.11,4,28,0,0,1,5.142857142857143,0.0
2,3291,9,True,0,2025-02-28,6,0.0,0.05,0.09,4,28,0,0,1,5.285714285714286,0.0
2,3332,9,True,0,2025-02-28,8,0.0,0.02,0.1,4,28,0,0,1,5.142857142857143,0.0
2,3367,9,True,0,2025-02-28,3,1.0,0.06,0.18,4,28,0,0,1,5.142857142857143,0.0
2,3405,9,True,0,2025-02-28,20,0.0,0.01,0.05,4,28,0,0,1,5.142857142857143,0.0
2,3412,9,True,0,2025-02-28,35,1.0,0.01,0.02,4,28,0,0,1,7.714285714285714,0.0
2,3477,9,True,0,2025-02-28,5,1.0,0.03,0.05,4,28,0,0,1,12.571428571428571,0.0
2,3491,9,True,0,2025-02-28,5,0.0,0.03,0.1,4,28,0,0,1,12.0,0.0
2,3503,9,True,0,2025-02-28,9,1.0,0.01,0.04,4,28,0,0,1,11.714285714285714,0.0
2,3505,9,True,0,2025-02-28,6,1.0,0.04,0.21,4,28,0,0,1,12.142857142857142,0.0
2,3531,9,True,0,2025-02-28,15,0.0,0.02,0.05,4,28,0,0,1,11.857142857142858,0.0
2,3584,9,True,0,2025-02-28,4,0.0,0.02,0.09,4,28,0,0,1,13.571428571428571,0.0
2,3699,9,True,0,2025-02-28,11,0.0,0.01,0.04,4,28,0,0,1,11.285714285714286,0.0
2,3702,9,True,0,2025-02-28,8,0.0,0.02,0.02,4,28,0,0,1,7.857142857142857,0.0
2,3794,9,True,0,2025-02-28,2,0.0,0.03,0.06,4,28,0,0,1,8.285714285714286,0.0
2,3836,9,True,0,2025-02-28,10,0.0,0.05,0.1,4,28,0,0,1,7.857142857142857,0.0
2,3872,9,True,0,2025-02-28,11,0.0,0.04,0.07,4,28,0,0,1,8.0,0.0
2,3884,9,True,0,2025-02-28,6,0.0,0.01,0.03,4,28,0,0,1,8.714285714285714,0.0
2,3962,9,True,0,2025-02-28,3,0.0,0.05,0.19,4,28,0,0,1,7.428571428571429,0.0
2,3998,9,True,0,2025-02-28,7,0.0,0.04,0.09,4,28,0,0,1,7.285714285714286,0.0
2,4008,9,True,0,2025-02-28,4,0.0,0.04,0.29,4,28,0,0,1,6.714285714285714,0.0
2,4056,9,True,0,2025-02-28,4,0.0,0.02,0.06,4,28,0,0,1,6.142857142857143,0.0
2,4075,9,True,0,2025-02-28,6,0.0,0.06,0.22,4,28,0,0,1,6.428571428571429,0.0
2,4083,9,True,0,2025-02-28,7,0.0,0.09,0.15,4,28,0,0,1,5.857142857142857,0.0
2,4232,9,True,0,2025-02-28,10,0.0,0.13,0.17,4,28,0,0,1,5.285714285714286,0.0
2,4259,9,True,0,2025-02-28,4,0.0,0.26,0.44,4,28,0,0,1,5.857142857142857,0.0
2,4262,9,True,0,2025-02-28,10,0.0,0.02,0.05,4,28,0,0,1,6.0,0.0
2,4279,9,True,0,2025-02-28,2,0.0,0.05,0.15,4,28,0,0,1,6.428571428571429,0.0
2,4296,9,True,0,2025-02-28,2,0.0,0.04,0.1,4,28,0,0,1,6.142857142857143,0.0
2,4332,9,True,0,2025-02-28,8,0.0,0.04,0.14,4,28,0,0,1,5.857142857142857,0.0
2,4353,9,True,0,2025-02-28,15,1.0,0.01,0.05,4,28,0,0,1,6.142857142857143,0.0
2,4363,9,True,0,2025-02-28,6,0.0,0.05,0.09,4,28,0,0,1,7.285714285714286,0.0
2,4393,9,True,0,2025-02-28,6,0.0,0.11,0.17,4,28,0,0,1,6.714285714285714,0.0
2,4406,9,True,0,2025-02-28,3,0.0,0.02,0.07,4,28,0,0,1,7.0,0.0
2,4459,9,True,0,2025-02-28,19,0.0,0.02,0.05,4,28,0,0,1,6.0,0.0
2,4477,9,True,0,2025-02-28,4,0.0,0.03,0.06,4,28,0,0,1,8.428571428571429,0.0
2,4532,9,True,0,2025-02-28,10,2.0,0.02,0.04,4,28,0,0,1,8.714285714285714,0.0
2,4574,9,True,0,2025-02-28,3,0.0,0.01,0.07,4,28,0,0,1,9.0,0.0
2,4623,9,True,0,2025-02-28,8,0.0,0.03,0.08,4,28,0,0,1,7.285714285714286,0.0
2,4677,9,True,0,2025-02-28,7,2.0,0.12,0.23,4,28,0,0,1,7.571428571428571,0.0
2,4695,9,True,0,2025-02-28,6,1.0,0.04,0.11,4,28,0,0,1,7.714285714285714,0.0
2,4709,9,True,0,2025-02-28,8,0.0,0.08,0.12,4,28,0,0,1,8.142857142857142,0.0
2,4728,9,True,0,2025-02-28,9,1.0,0.02,0.04,4,28,0,0,1,6.571428571428571,0.0
2,4737,9,True,0,2025-02-28,0,0.0,0.01,0.03,4,28,0,0,1,7.285714285714286,0.0
2,4775,9,True,0,2025-02-28,9,0.0,0.04,0.04,4,28,0,0,1,5.857142857142857,0.0
2,4784,9,True,0,2025-02-28,3,0.0,0.01,0.05,4,28,0,0,1,6.714285714285714,0.0
2,4858,9,True,0,2025-02-28,5,0.0,0.15,0.29,4,28,0,0,1,6.0,0.0
2,4863,9,True,0,2025-02-28,13,0.0,0.02,0.05,4,28,0,0,1,5.714285714285714,0.0
2,4927,9,True,0,2025-02-28,2,0.0,0.06,0.03,4,28,0,0,1,6.714285714285714,0.0
2,4974,9,True,0,2025-02-28,7,0.0,0.02,0.06,4,28,0,0,1,5.857142857142857,0.0
2,5011,9,True,0,2025-02-28,12,0.0,0.06,0.12,4,28,0,0,1,5.571428571428571,0.0
2,5012,9,True,0,2025-02-28,5,0.0,0.01,0.04,4,28,0,0,1,7.285714285714286,0.0
2,5070,9,True,0,2025-02-28,11,0.0,0.05,0.15,4,28,0,0,1,6.714285714285714,0.0
2,5226,9,True,0,2025-02-28,8,1.0,0.05,0.18,4,28,0,0,1,7.857142857142857,0.0
2,5242,9,True,0,2025-02-28,5,0.0,0.04,0.2,4,28,0,0,1,8.285714285714286,0.0
2,15,10,False,0,2025-02-28,12,0.0,0.03,0.13,4,28,0,0,1,7.142857142857143,0.0
2,149,10,False,0,2025-02-28,15,0.0,0.02,0.05,4,28,0,0,1,8.571428571428571,0.0
2,2636,10,False,0,2025-02-28,12,1.0,0.09,0.22,4,28,0,0,1,9.714285714285714,0.0
2,3122,10,False,0,2025-02-28,10,0.0,0.01,0.04,4,28,0,0,1,9.714285714285714,0.0
2,3904,10,False,0,2025-02-28,1,0.0,0.03,0.04,4,28,0,0,1,10.428571428571429,0.0
2,4959,10,False,0,2025-02-28,22,0.0,0.01,0.02,4,28,0,0,1,9.0,0.0
2,518,11,False,0,2025-02-28,1,0.0,0.16,0.15,4,28,0,0,1,11.0,0.0
2,810,11,False,0,2025-02-28,0,0.0,0.1,0.12,4,28,0,0,1,10.428571428571429,0.0
2,926,11,False,0,2025-02-28,3,0.0,0.14,0.18,4,28,0,0,1,8.714285714285714,0.0
2,1341,11,False,0,2025-02-28,9,0.0,0.16,0.19,4,28,0,0,1,7.0,0.0
2,1346,11,False,0,2025-02-28,0,0.0,0.07,0.07,4,28,0,0,1,6.571428571428571,0.0
2,1797,11,False,0,2025-02-28,2,0.0,0.07,0.11,4,28,0,0,1,5.142857142857143,0.0
2,1879,11,False,0,2025-02-28,4,0.0,0.1,0.12,4,28,0,0,1,5.285714285714286,0.0
2,3084,11,False,0,2025-02-28,6,0.0,0.12,0.15,4,28,0,0,1,2.7142857142857144,0.0
2,3414,11,False,0,2025-02-28,0,0.0,0.1,0.12,4,28,0,0,1,3.4285714285714284,0.0
2,3602,11,False,0,2025-02-28,3,0.0,0.12,0.15,4,28,0,0,1,3.4285714285714284,0.0
2,3829,11,False,0,2025-02-28,5,1.0,0.1,0.15,4,28,0,0,1,3.4285714285714284,0.0
2,3961,11,False,0,2025-02-28,3,0.0,0.09,0.11,4,28,0,0,1,2.857142857142857,0.0
2,4171,11,False,0,2025-02-28,4,0.0,0.15,0.21,4,28,0,0,1,3.2857142857142856,0.0
2,4182,11,False,0,2025-02-28,1,1.0,0.07,0.07,4,28,0,0,1,3.5714285714285716,0.0
2,4322,11,False,0,2025-02-28,0,0.0,0.1,0.12,4,28,0,0,1,3.142857142857143,0.0
2,4930,11,False,0,2025-02-28,3,0.0,0.09,0.12,4,28,0,0,1,2.2857142857142856,0.0
